date,time,temp_c,dewpoint_c,rh_pct,wind_dir_txt,wind_kmh,gust_kmh,press_hpa,rain_acc_mm,rain_rate_mmph,uv,solar_wm2,key,value
2021-08-01,00:00,29.2,17.2,50,SE,24.1,38.6,1012.06,0,0,0,0,,
2021-08-01,00:15,28.6,18.3,54,SE,29,40.2,1010.94,0,0,0,0,,
2021-08-01,00:30,28.1,18.9,57,ESE,22.5,46.7,1011.62,0,0,0,0,,
2021-08-01,00:45,27.7,18.9,59,ESE,29,35.4,1011.89,0,0,0,0,,
2021-08-01,01:00,27.4,19.4,62,SE,16.1,33.8,1012.12,0,0,0,0,,
2021-08-01,01:15,27.2,19.4,64,SE,6.4,20.9,1012.19,0,0,0,0,,
2021-08-01,01:30,27.3,20,64,ESE,16.1,19.3,1012.33,0,0,0,0,,
2021-08-01,01:45,27.4,19.4,63,SE,11.3,22.5,1012.12,0,0,0,0,,
2021-08-01,02:00,27.8,18.3,57,ESE,4.8,20.9,1011.82,0,0,0,0,,
2021-08-01,02:15,27.8,18.3,57,ESE,3.2,14.5,1011.58,0,0,0,0,,
2021-08-01,02:30,27.9,17.8,55,SE,12.9,17.7,1011.38,0,0,0,0,,
2021-08-01,02:45,28.6,16.7,48,SE,11.3,19.3,1010.9,0,0,0,0,,
2021-08-01,03:00,28.4,16.7,50,ESE,3.2,20.9,1011.07,0,0,0,0,,
2021-08-01,03:15,28.3,17.8,53,SE,8,17.7,1011.28,0,0,0,0,,
2021-08-01,03:30,27.9,18.3,56,WEST,16.1,17.7,1011.82,0,0,0,0,,
2021-08-01,03:45,26.6,17.8,60,WNW,8,11.3,1012.23,0,0,0,0,,
2021-08-01,04:00,26.6,19.4,67,WEST,9.7,30.6,1012.06,0,0,0,0,,
2021-08-01,04:15,26.3,19.4,67,WEST,3.2,9.7,1011.65,0,0,0,0,,
2021-08-01,04:30,26,19.4,67,NORTH,0,3.2,1011.62,0,0,0,0,,
2021-08-01,04:45,26.2,17.8,61,WEST,9.7,19.3,1011.41,0,0,0,0,,
2021-08-01,05:00,26.6,18.3,61,WEST,11.3,16.1,1011.41,0,0,0,0,,
2021-08-01,05:15,26.1,18.9,65,WEST,17.7,22.5,1011.55,0,0,0,0,,
2021-08-01,05:30,25.5,19.4,70,WEST,14.5,30.6,1011.68,0,0,0,0,,
2021-08-01,05:45,25,20,74,WNW,12.9,17.7,1011.75,0,0,0,0,,
2021-08-01,06:00,24.7,20,76,WNW,6.4,16.1,1011.99,0,0,0,0,,
2021-08-01,06:15,24.4,20,78,NORTH,0,14.5,1011.75,0,0,0,0,,
2021-08-01,06:30,23.8,20,81,NORTH,0,1.6,1011.68,0,0,0,0,,
2021-08-01,06:45,23.5,20,81,NORTH,0,1.6,1011.85,0,0,0,14,,
2021-08-01,07:00,23.2,20,84,WNW,1.6,3.2,1011.72,0,0,0,35,,
2021-08-01,07:15,23.4,20.6,84,NORTH,0,3.2,1011.55,0,0,0,63,,
2021-08-01,07:30,24.1,20.6,80,SSE,6.4,8,1011.55,0,0,0,98,,
2021-08-01,07:45,24.5,20.6,79,SSE,6.4,8,1011.65,0,0,0,142,,
2021-08-01,08:00,24.9,20.6,77,NORTH,0,8,1012.19,0,0,0,186,,
2021-08-01,08:15,25.7,20,72,WEST,4.8,9.7,1012.29,0,0,0,218,,
2021-08-01,08:30,25.4,20,73,WNW,8,16.1,1012.53,0,0,1,262,,
2021-08-01,08:45,25.4,20,74,WNW,1.6,16.1,1012.77,0,0,1,227,,
2021-08-01,09:00,26.2,20,70,WEST,4.8,14.5,1012.73,0,0,1,376,,
2021-08-01,09:15,26.1,20,71,WNW,11.3,17.7,1012.73,0,0,1,158,,
2021-08-01,09:30,26.4,20.6,71,WNW,12.9,19.3,1012.97,0,0,2,461,,
2021-08-01,09:45,26.3,20.6,72,WEST,14.5,19.3,1012.9,0,0,2,439,,
2021-08-01,10:00,27,21.1,71,WEST,17.7,30.6,1013,0,0,2,615,,
2021-08-01,10:15,26.8,21.7,74,WEST,29,37,1013.07,0,0,2,274,,
2021-08-01,10:30,26.8,21.7,74,WEST,27.4,43.5,1013.28,0,0,3,715,,
2021-08-01,10:45,27.1,21.1,71,WNW,25.7,38.6,1013.48,0,0,2,367,,
2021-08-01,11:00,27.1,21.1,71,NW,17.7,37,1013.85,0,0,3,795,,
2021-08-01,11:15,27.1,21.1,71,WNW,27.4,40.2,1013.82,0,0,3,643,,
2021-08-01,11:30,26.9,20,66,WEST,6.4,37,1013.85,0,0,4,838,,
2021-08-01,11:45,27.1,20,66,SE,24.1,35.4,1013.95,0,0,4,512,,
2021-08-01,12:00,27.4,20,65,WNW,24.1,40.2,1013.99,0,0,5,849,,
2021-08-01,12:15,27.2,20,65,WNW,17.7,43.5,1014.16,0,0,5,828,,
2021-08-01,12:30,27.5,20,64,WEST,25.7,35.4,1014.39,0,0,5,865,,
2021-08-01,12:45,27.3,20,65,WEST,20.9,37,1014.46,0,0,5,851,,
2021-08-01,13:00,27.3,19.4,63,WEST,17.7,41.8,1014.43,0,0,5,837,,
2021-08-01,13:15,27.3,18.9,61,WEST,22.5,43.5,1014.73,0,0,6,879,,
2021-08-01,13:30,27.6,19.4,61,WEST,19.3,33.8,1014.8,0,0,6,886,,
2021-08-01,13:45,27.2,19.4,63,WEST,25.7,43.5,1014.83,0,0,6,918,,
2021-08-01,14:00,26.9,19.4,64,WEST,22.5,46.7,1015.14,0,0,6,756,,
2021-08-01,14:15,26.7,19.4,64,WNW,22.5,40.2,1015.41,0,0,5,800,,
2021-08-01,14:30,26.4,18.9,64,WEST,17.7,38.6,1015.27,0,0,5,879,,
2021-08-01,14:45,26.3,18.9,65,WEST,19.3,41.8,1015.17,0,0,5,587,,
2021-08-01,15:00,25.7,18.3,65,WNW,33.8,53.1,1015.41,0,0,4,605,,
2021-08-01,15:15,25.9,17.8,62,WEST,20.9,48.3,1015.65,0,0,4,722,,
2021-08-01,15:30,25.4,18.3,65,NW,29,51.5,1015.21,0,0,3,399,,
2021-08-01,15:45,25.2,17.8,63,WNW,38.6,51.5,1014.87,0,0,3,656,,
2021-08-01,16:00,25.7,18.3,64,WEST,20.9,48.3,1014.87,0,0,3,466,,
2021-08-01,16:15,25.6,17.2,61,NW,29,51.5,1015.41,0,0,3,629,,
2021-08-01,16:30,25.8,18.3,65,WNW,16.1,49.9,1015.98,0,0,1,225,,
2021-08-01,16:45,24.6,18.3,68,WNW,20.9,48.3,1015.75,0,0,0,104,,
2021-08-01,17:00,24.1,17.8,69,WEST,29,43.5,1014.87,0,0,1,207,,
2021-08-01,17:15,24,17.2,67,WNW,16.1,46.7,1015.07,0,0,1,295,,
2021-08-01,17:30,24.2,17.2,65,WNW,17.7,35.4,1014.6,0,0,1,197,,
2021-08-01,17:45,24.7,17.2,63,WEST,20.9,37,1014.56,0,0,1,207,,
2021-08-01,18:00,24.6,17.2,64,WNW,16.1,30.6,1015.31,0,0,1,185,,
2021-08-01,18:15,24.5,16.7,62,WNW,22.5,32.2,1015.07,0,0,1,174,,
2021-08-01,18:30,23.8,16.7,64,WEST,17.7,41.8,1014.97,0,0,0,118,,
2021-08-01,18:45,23.8,16.7,66,WEST,14.5,32.2,1014.93,0,0,0,125,,
2021-08-01,19:00,23.8,16.7,66,WNW,19.3,32.2,1015.37,0,0,0,91,,
2021-08-01,19:15,23.5,16.7,66,WEST,22.5,32.2,1015.37,0,0,0,148,,
2021-08-01,19:30,23.4,16.1,64,WNW,8,32.2,1015.65,0,0,0,95,,
2021-08-01,19:45,22.9,16.7,68,WEST,24.1,33.8,1015.61,0,0,0,69,,
2021-08-01,20:00,22.5,16.1,68,WNW,11.3,30.6,1015.48,0,0,0,46,,
2021-08-01,20:15,22.2,16.1,69,WEST,27.4,30.6,1015.34,0,0,0,33,,
2021-08-01,20:30,21.9,16.1,70,WEST,17.7,32.2,1015.31,0,0,0,21,,
2021-08-01,20:45,21.7,16.1,71,WEST,19.3,30.6,1015.34,0,0,0,0,,
2021-08-01,21:00,21.5,16.1,72,WSW,20.9,27.4,1016.32,0,0,0,0,,
2021-08-01,21:15,21.3,16.1,72,WEST,27.4,30.6,1016.53,0,0,0,0,,
2021-08-01,21:30,21.2,16.1,73,NW,24.1,30.6,1016.63,0,0,0,0,,
2021-08-01,21:45,20.9,16.1,74,WNW,11.3,32.2,1016.9,0,0,0,0,,
2021-08-01,22:00,20.6,16.1,75,WNW,8,19.3,1017,0,0,0,0,,
2021-08-01,22:15,20.4,16.1,76,NNW,9.7,14.5,1017.27,0,0,0,0,,
2021-08-01,22:30,20.3,16.1,76,WEST,12.9,22.5,1017.37,0,0,0,0,,
2021-08-01,22:45,20.4,16.1,76,WNW,12.9,27.4,1017.58,0,0,0,0,,
2021-08-01,23:00,20.2,16.1,77,NW,12.9,24.1,1017.68,0,0,0,0,,
2021-08-01,23:15,20.1,16.1,78,WEST,17.7,24.1,1017.54,0,0,0,0,,
2021-08-01,23:30,20.2,16.1,77,NNE,24.1,33.8,1017.37,0,0,0,0,,
2021-08-01,23:45,20.1,15.6,77,WNW,17.7,33.8,1017.31,0,0,0,0,,
2021-08-01,OVR,,,,,,,,,,,,gustmax,54.7
2021-08-01,OVR,,,,,,,,,,,,rainrate_max,0
2021-08-01,OVR,,,,,,,,,,,,rain_total_mm,0
2021-08-01,OVR,,,,,,,,,,,,tmax,29.2
2021-08-01,OVR,,,,,,,,,,,,tmin,19.8
2021-08-01,OVR,,,,,,,,,,,,wind_dir_mean_deg,281.6
2021-08-02,00:00,19.8,15.6,78,NW,12.9,22.5,1017.17,0,0,0,0,,
2021-08-02,00:15,19.4,15.6,79,WNW,8,14.5,1017.1,0,0,0,0,,
2021-08-02,00:30,19.6,15.6,79,NW,6.4,14.5,1017.07,0,0,0,0,,
2021-08-02,00:45,19.4,15.6,80,WNW,11.3,12.9,1017.03,0,0,0,0,,
2021-08-02,01:00,19.5,15.6,79,NW,3.2,14.5,1017.17,0,0,0,0,,
2021-08-02,01:15,19.7,15.6,78,WNW,9.7,16.1,1017.17,0,0,0,0,,
2021-08-02,01:30,19.7,15.6,78,NW,6.4,14.5,1017.34,0,0,0,0,,
2021-08-02,01:45,19.2,15.6,79,NW,3.2,6.4,1017.27,0,0,0,0,,
2021-08-02,02:00,19,15,80,NW,1.6,8,1017.2,0,0,0,0,,
2021-08-02,02:15,18.3,15,82,NORTH,0,1.6,1017.2,0,0,0,0,,
2021-08-02,02:30,18.7,15,81,NW,4.8,4.8,1017.03,0,0,0,0,,
2021-08-02,02:45,18,14.4,81,NORTH,0,4.8,1017.14,0,0,0,0,,
2021-08-02,03:00,18.2,15,81,NORTH,0,6.4,1017.17,0,0,0,0,,
2021-08-02,03:15,18.7,15,81,NW,8,6.4,1017.1,0,0,0,0,,
2021-08-02,03:30,18.7,15,81,NW,1.6,8,1017.07,0,0,0,0,,
2021-08-02,03:45,18.3,15,82,NW,3.2,6.4,1016.83,0,0,0,0,,
2021-08-02,04:00,18.2,15,81,NW,8,8,1016.7,0,0,0,0,,
2021-08-02,04:15,17.9,14.4,82,NW,11.3,12.9,1016.59,0,0,0,0,,
2021-08-02,04:30,17.5,14.4,83,NW,6.4,12.9,1016.53,0,0,0,0,,
2021-08-02,04:45,17.4,14.4,83,NW,11.3,12.9,1016.42,0,0,0,0,,
2021-08-02,05:00,17.2,14.4,83,NW,8,12.9,1016.36,0,0,0,0,,
2021-08-02,05:15,17,13.9,83,NW,4.8,12.9,1016.53,0,0,0,0,,
2021-08-02,05:30,17,13.9,82,WNW,11.3,12.9,1016.76,0,0,0,0,,
2021-08-02,05:45,17.1,13.9,82,NW,4.8,11.3,1016.76,0,0,0,0,,
2021-08-02,06:00,17.6,13.9,79,NNW,6.4,8,1017,0,0,0,0,,
2021-08-02,06:15,17.8,13.3,77,NNW,4.8,9.7,1017.07,0,0,0,0,,
2021-08-02,06:30,18,13.9,77,NNW,3.2,8,1017.34,0,0,0,7,,
2021-08-02,06:45,18,13.9,77,NW,1.6,8,1018.05,0,0,0,16,,
2021-08-02,07:00,17.8,13.3,77,NW,1.6,4.8,1018.46,0,0,0,28,,
2021-08-02,07:15,17.4,13.3,78,NORTH,0,3.2,1018.29,0,0,0,51,,
2021-08-02,07:30,17.7,13.9,79,NNW,3.2,4.8,1017.31,0,0,0,128,,
2021-08-02,07:45,19,14.4,75,NNW,1.6,12.9,1017.34,0,0,0,81,,
2021-08-02,08:00,19.6,14.4,73,NNW,4.8,9.7,1017.54,0,0,0,171,,
2021-08-02,08:15,20.3,14.4,71,NNW,3.2,6.4,1017.71,0,0,0,230,,
2021-08-02,08:30,20.3,14.4,70,WNW,9.7,12.9,1017.81,0,0,1,357,,
2021-08-02,08:45,20.9,15,69,NW,9.7,16.1,1018.22,0,0,1,260,,
2021-08-02,09:00,20.6,14.4,70,NNW,8,17.7,1018.25,0,0,1,206,,
2021-08-02,09:15,20.8,15,70,NNW,9.7,16.1,1017.91,0,0,1,272,,
2021-08-02,09:30,21.2,15,68,NW,6.4,14.5,1018.22,0,0,2,475,,
2021-08-02,09:45,22,15,65,NW,8,17.7,1017.81,0,0,2,418,,
2021-08-02,10:00,22.3,15,63,NNW,9.7,22.5,1018.12,0,0,2,471,,
2021-08-02,10:15,22.6,15,63,NW,8,19.3,1018.63,0,0,2,218,,
2021-08-02,10:30,22.8,15,62,NW,6.4,19.3,1017.75,0,0,3,803,,
2021-08-02,10:45,23.6,15.6,62,WEST,16.1,20.9,1018.32,0,0,3,422,,
2021-08-02,11:00,23.5,15,59,NNW,8,14.5,1017.71,0,0,3,601,,
2021-08-02,11:15,24.3,15,56,WNW,6.4,22.5,1017.81,0,0,4,719,,
2021-08-02,11:30,24.3,14.4,55,WNW,12.9,16.1,1017.75,0,0,3,392,,
2021-08-02,11:45,24.4,14.4,55,WNW,8,22.5,1017.78,0,0,3,408,,
2021-08-02,12:00,24.6,14.4,54,WNW,22.5,29,1017.78,0,0,3,461,,
2021-08-02,12:15,25.9,15.6,53,WNW,20.9,27.4,1018.19,0,0,5,893,,
2021-08-02,12:30,25.8,15,52,WEST,16.1,30.6,1018.66,0,0,3,656,,
2021-08-02,12:45,26.3,15,51,WEST,16.1,32.2,1018.02,0,0,6,940,,
2021-08-02,13:00,26.4,15,50,WNW,24.1,33.8,1018.39,0,0,5,881,,
2021-08-02,13:15,25.7,15.6,54,NNW,27.4,33.8,1017.78,0,0,4,726,,
2021-08-02,13:30,25.9,16.1,55,WEST,11.3,30.6,1017.61,0,0,4,691,,
2021-08-02,13:45,26.7,16.1,52,WNW,11.3,29,1017.68,0,0,5,889,,
2021-08-02,14:00,27,16.1,51,WNW,14.5,30.6,1018.02,0,0,4,545,,
2021-08-02,14:15,26.8,15.6,51,WEST,29,32.2,1018.12,0,0,4,661,,
2021-08-02,14:30,26.6,16.1,53,WNW,11.3,37,1018.02,0,0,3,475,,
2021-08-02,14:45,26.4,16.1,54,WEST,17.7,32.2,1017.98,0,0,3,564,,
2021-08-02,15:00,26.7,16.7,54,WEST,1.6,29,1017.58,0,0,3,575,,
2021-08-02,15:15,26.9,16.7,53,WEST,19.3,20.9,1017.07,0,0,4,540,,
2021-08-02,15:30,27.3,16.1,52,WEST,16.1,25.7,1017.03,0,0,4,666,,
2021-08-02,15:45,26.8,16.1,53,WEST,22.5,46.7,1017.2,0,0,4,816,,
2021-08-02,16:00,26.8,16.1,53,WEST,20.9,43.5,1017.03,0,0,3,485,,
2021-08-02,16:15,26.8,16.1,53,WNW,20.9,41.8,1016.86,0,0,3,592,,
2021-08-02,16:30,27.3,16.7,53,WEST,14.5,45.1,1016.9,0,0,3,738,,
2021-08-02,16:45,26.8,16.7,54,WNW,14.5,38.6,1017.31,0,0,2,738,,
2021-08-02,17:00,26.3,16.1,54,WEST,25.7,37,1017.31,0,0,2,343,,
2021-08-02,17:15,26.2,16.1,55,WEST,9.7,30.6,1017.1,0,0,1,236,,
2021-08-02,17:30,25.6,16.1,56,WNW,6.4,29,1016.46,0,0,1,211,,
2021-08-02,17:45,25.9,16.1,55,WEST,14.5,22.5,1017,0,0,1,399,,
2021-08-02,18:00,26.3,16.1,54,WEST,12.9,25.7,1017.14,0,0,1,120,,
2021-08-02,18:15,25.8,16.1,55,WEST,9.7,20.9,1016.59,0,0,1,199,,
2021-08-02,18:30,25.9,16.1,56,WNW,11.3,24.1,1016.66,0,0,1,279,,
2021-08-02,18:45,25.8,16.1,55,SSW,1.6,17.7,1016.32,0,0,0,199,,
2021-08-02,19:00,25.9,16.1,55,WEST,9.7,16.1,1016.59,0,0,0,107,,
2021-08-02,19:15,25.2,16.1,58,WNW,3.2,14.5,1016.36,0,0,0,46,,
2021-08-02,19:30,24.6,16.7,61,WNW,11.3,11.3,1016.66,0,0,0,47,,
2021-08-02,19:45,24.1,16.7,64,WEST,6.4,12.9,1016.42,0,0,0,21,,
2021-08-02,20:00,23.6,16.7,65,WEST,1.6,19.3,1016.49,0,0,0,18,,
2021-08-02,20:15,23.2,16.1,66,NORTH,0,11.3,1017.27,0,0,0,7,,
2021-08-02,20:30,23,16.1,66,SSW,1.6,6.4,1016.63,0,0,0,0,,
2021-08-02,20:45,22.9,16.1,66,ESE,3.2,6.4,1017.2,0,0,0,0,,
2021-08-02,21:00,22.6,16.1,68,SE,8,11.3,1017.2,0,0,0,0,,
2021-08-02,21:15,22.3,16.7,70,SSE,3.2,11.3,1017.75,0,0,0,0,,
2021-08-02,21:30,22.2,16.7,70,SE,4.8,8,1017.44,0,0,0,0,,
2021-08-02,21:45,22.6,16.7,70,SSE,4.8,11.3,1017.68,0,0,0,0,,
2021-08-02,22:00,22.4,16.7,71,SE,6.4,9.7,1017.64,0,0,0,0,,
2021-08-02,22:15,22.4,17.8,75,SE,8,12.9,1017.64,0,0,0,0,,
2021-08-02,22:30,22.5,18.3,78,SSE,3.2,12.9,1018.32,0,0,0,0,,
2021-08-02,22:45,22.4,18.9,80,SSE,4.8,8,1018.25,0,0,0,0,,
2021-08-02,23:00,22.4,18.9,82,ESE,3.2,14.5,1017.54,0,0,0,0,,
2021-08-02,23:15,22.3,18.9,82,SSE,1.6,11.3,1018.86,0,0,0,0,,
2021-08-02,23:30,22.3,18.9,83,SSE,3.2,8,1018.73,0,0,0,0,,
2021-08-02,23:45,22.1,18.9,83,ESE,4.8,11.3,1018.59,0,0,0,0,,
2021-08-02,OVR,,,,,,,,,,,,gustmax,46.7
2021-08-02,OVR,,,,,,,,,,,,rainrate_max,0
2021-08-02,OVR,,,,,,,,,,,,rain_total_mm,0
2021-08-02,OVR,,,,,,,,,,,,tmax,27.4
2021-08-02,OVR,,,,,,,,,,,,tmin,16.9
2021-08-02,OVR,,,,,,,,,,,,wind_dir_mean_deg,299
2021-08-03,00:00,22,18.9,84,ESE,4.8,11.3,1018.19,0,0,0,0,,
2021-08-03,00:15,21.8,18.9,84,ESE,1.6,6.4,1017.95,0,0,0,0,,
2021-08-03,00:30,21.4,18.3,84,ENE,3.2,8,1017.51,0,0,0,0,,
2021-08-03,00:45,21.3,18.9,86,ESE,3.2,9.7,1017.41,0,0,0,0,,
2021-08-03,01:00,21.4,18.9,85,NORTH,0,1.6,1017.88,0,0,0,0,,
2021-08-03,01:15,21.4,18.9,86,ESE,3.2,4.8,1017.98,0,0,0,0,,
2021-08-03,01:30,21.6,18.9,85,ESE,4.8,12.9,1017.37,0,0,0,0,,
2021-08-03,01:45,21.6,18.3,84,NNW,1.6,14.5,1016.39,0,0,0,0,,
2021-08-03,02:00,21.7,18.3,84,WEST,11.3,16.1,1017.78,0,0,0,0,,
2021-08-03,02:15,21.8,18.9,84,SOUTH,3.2,9.7,1020.45,0,0,0,0,,
2021-08-03,02:30,21.3,18.3,85,NORTH,0,11.3,1019.78,1.27,1.27,0,0,,
2021-08-03,02:45,20.8,18.9,89,EAST,6.4,19.3,1016.39,1.27,1.27,0,0,,
2021-08-03,03:00,20.7,18.9,89,ENE,20.9,32.2,1015.54,1.52,1.52,0,0,,
2021-08-03,03:15,20.8,18.9,89,ENE,19.3,32.2,1016.09,1.52,1.52,0,0,,
2021-08-03,03:30,20.7,18.9,89,WEST,3.2,30.6,1017.88,1.52,0.25,0,0,,
2021-08-03,03:45,20.4,18.9,91,EAST,6.4,9.7,1017.44,1.52,0.25,0,0,,
2021-08-03,04:00,20.5,18.9,90,SSE,1.6,9.7,1018.19,1.52,0,0,0,,
2021-08-03,04:15,20.7,18.3,88,WEST,11.3,25.7,1019,1.52,0,0,0,,
2021-08-03,04:30,20.8,18.3,87,SSW,1.6,12.9,1019.47,1.52,0,0,0,,
2021-08-03,04:45,20.3,18.3,88,NNW,14.5,14.5,1016.15,1.52,0,0,0,,
2021-08-03,05:00,20.3,18.3,89,NORTH,3.2,16.1,1016.12,1.52,0,0,0,,
2021-08-03,05:15,20.7,17.8,84,SE,19.3,24.1,1015.31,1.52,0,0,0,,
2021-08-03,05:30,20.8,17.8,85,NNW,6.4,11.3,1016.05,1.52,0,0,0,,
2021-08-03,05:45,20.3,17.8,86,SE,4.8,19.3,1016.83,1.52,0,0,0,,
2021-08-03,06:00,20.1,17.8,88,ENE,12.9,22.5,1014.49,1.52,0,0,0,,
2021-08-03,06:15,20.4,17.8,86,EAST,3.2,40.2,1015.37,1.52,0,0,0,,
2021-08-03,06:30,20.3,17.8,87,SE,4.8,12.9,1015.61,1.52,0,0,0,,
2021-08-03,06:45,20.4,17.8,86,WNW,11.3,16.1,1016.39,1.52,0,0,0,,
2021-08-03,07:00,20.3,18.3,88,NORTH,0,17.7,1018.49,1.52,0,0,0,,
2021-08-03,07:15,20.1,17.8,89,SE,3.2,6.4,1018.15,1.52,0,0,0,,
2021-08-03,07:30,20.1,18.3,90,SSE,1.6,12.9,1018.35,1.52,0.25,0,0,,
2021-08-03,07:45,20.1,17.8,86,EAST,20.9,25.7,1014.49,1.78,0.51,0,16,,
2021-08-03,08:00,20.6,17.8,84,NNW,6.4,29,1016.73,1.78,0.51,0,9,,
2021-08-03,08:15,20.4,17.8,84,SE,6.4,8,1019.17,1.78,0.51,0,0,,
2021-08-03,08:30,20.2,17.2,85,EAST,1.6,12.9,1017.95,1.78,0.25,0,11,,
2021-08-03,08:45,20.5,17.2,81,,4.8,17.7,1015.98,1.78,0,0,18,,
2021-08-03,09:00,21.2,17.2,78,ENE,19.3,30.6,1015.85,2.03,0.25,0,23,,
2021-08-03,09:15,21.3,17.2,78,SSE,11.3,25.7,1019.13,2.03,0.25,0,21,,
2021-08-03,09:30,20.8,17.2,82,SE,14.5,19.3,1017.64,2.03,0.25,0,9,,
2021-08-03,09:45,20.6,17.8,84,SSE,11.3,19.3,1018.52,2.29,0.51,0,16,,
2021-08-03,10:00,20.8,17.8,85,NORTH,0,22.5,1019.4,2.29,0.25,0,18,,
2021-08-03,10:15,20.3,17.8,87,ESE,11.3,20.9,1018.12,2.29,0.25,0,30,,
2021-08-03,10:30,20.9,18.3,85,SSE,3.2,17.7,1020.96,2.29,0.25,0,33,,
2021-08-03,10:45,20.8,18.3,87,SSE,9.7,20.9,1020.83,2.29,0,0,9,,
2021-08-03,11:00,20.4,18.3,88,SSE,1.6,20.9,1018.19,2.29,0.25,0,12,,
2021-08-03,11:15,20.6,18.3,88,NNE,12.9,20.9,1017.68,2.54,0.51,0,39,,
2021-08-03,11:30,20.3,18.3,89,NE,14.5,24.1,1017.41,2.54,0.51,0,76,,
2021-08-03,11:45,20.6,18.3,87,ESE,12.9,25.7,1018.19,2.54,0.51,0,65,,
2021-08-03,12:00,21.7,17.2,77,SOUTH,1.6,22.5,1018.29,2.54,0.25,0,53,,
2021-08-03,12:15,21.4,17.2,79,NORTH,0,14.5,1017.81,2.54,0,0,90,,
2021-08-03,12:30,22.7,18.9,80,SE,1.6,9.7,1018.76,2.54,0,4,759,,
2021-08-03,12:45,22.8,18.9,80,SOUTH,1.6,11.3,1019.3,2.54,0,1,125,,
2021-08-03,13:00,22.9,18.9,80,ESE,3.2,19.3,1018.86,2.54,0,5,554,,
2021-08-03,13:15,24.6,19.4,74,ESE,4.8,19.3,1018.25,2.54,0,5,886,,
2021-08-03,13:30,25.8,18.9,66,SE,3.2,20.9,1017.31,2.54,0,6,592,,
2021-08-03,13:45,26.3,18.3,61,SE,6.4,17.7,1017.71,2.54,0,5,879,,
2021-08-03,14:00,26.6,17.2,58,ESE,9.7,17.7,1017.44,2.54,0,3,462,,
2021-08-03,14:15,26.9,16.1,51,SSE,6.4,12.9,1017.61,2.54,0,2,322,,
2021-08-03,14:30,27.1,16.1,51,NORTH,0,4.8,1017.61,2.54,0,2,309,,
2021-08-03,14:45,28.2,15.6,47,SSE,8,6.4,1017.03,2.54,0,5,907,,
2021-08-03,15:00,28.7,14.4,42,SSE,11.3,17.7,1017.37,2.54,0,4,585,,
2021-08-03,15:15,28.8,14.4,43,ESE,6.4,11.3,1017,2.54,0,4,756,,
2021-08-03,15:30,29.2,15.6,44,SOUTH,4.8,16.1,1017.31,2.54,0,4,742,,
2021-08-03,15:45,29.1,15.6,45,NNE,3.2,17.7,1017.24,2.54,0,4,700,,
2021-08-03,16:00,29.8,15.6,42,WSW,1.6,12.9,1017.2,2.54,0,3,677,,
2021-08-03,16:15,29.7,15.6,42,SE,1.6,17.7,1017.24,2.54,0,3,642,,
2021-08-03,16:30,30.3,15.6,41,NORTH,0,8,1016.9,2.54,0,3,608,,
2021-08-03,16:45,29.9,14.4,39,SE,3.2,12.9,1016.83,2.54,0,2,241,,
2021-08-03,17:00,30.4,14.4,38,ESE,3.2,12.9,1016.73,2.54,0,2,510,,
2021-08-03,17:15,30.3,14.4,38,SSE,8,16.1,1016.7,2.54,0,2,468,,
2021-08-03,17:30,30.1,14.4,39,WNW,3.2,17.7,1016.63,2.54,0,2,432,,
2021-08-03,17:45,30.4,15,40,SOUTH,4.8,16.1,1016.46,2.54,0,1,390,,
2021-08-03,18:00,30.3,14.4,39,WNW,6.4,16.1,1016.19,2.54,0,1,345,,
2021-08-03,18:15,30.3,15,39,SSE,4.8,8,1015.95,2.54,0,1,308,,
2021-08-03,18:30,30,14.4,40,SSE,6.4,9.7,1015.95,2.54,0,1,229,,
2021-08-03,18:45,30.1,15,40,SOUTH,1.6,8,1015.82,2.54,0,0,216,,
2021-08-03,19:00,29.7,15,41,SSE,4.8,9.7,1015.75,2.54,0,0,142,,
2021-08-03,19:15,29.6,15.6,43,NORTH,0,8,1015.58,2.54,0,0,118,,
2021-08-03,19:30,29.3,15.6,44,SSE,1.6,4.8,1015.61,2.54,0,0,79,,
2021-08-03,19:45,28.9,16.1,46,SSE,6.4,8,1015.92,2.54,0,0,67,,
2021-08-03,20:00,28.3,16.7,50,SSE,3.2,3.2,1016.02,2.54,0,0,32,,
2021-08-03,20:15,27.3,17.2,54,SSE,3.2,6.4,1015.92,2.54,0,0,16,,
2021-08-03,20:30,26.6,16.7,56,SSE,3.2,6.4,1015.92,2.54,0,0,0,,
2021-08-03,20:45,26.4,16.7,55,SSE,1.6,6.4,1016.15,2.54,0,0,0,,
2021-08-03,21:00,25.5,16.7,58,NORTH,0,3.2,1016.19,2.54,0,0,0,,
2021-08-03,21:15,24.6,16.1,60,SSE,1.6,3.2,1016.22,2.54,0,0,0,,
2021-08-03,21:30,25.4,16.7,58,EAST,3.2,6.4,1016.19,2.54,0,0,0,,
2021-08-03,21:45,26.6,16.7,54,EAST,3.2,6.4,1016.36,2.54,0,0,0,,
2021-08-03,22:00,26.8,16.1,53,ENE,9.7,12.9,1016.12,2.54,0,0,0,,
2021-08-03,22:15,26.8,16.1,52,ENE,8,16.1,1016.12,2.54,0,0,0,,
2021-08-03,22:30,26.8,15.6,50,ENE,12.9,20.9,1016.12,2.54,0,0,0,,
2021-08-03,22:45,26.4,15.6,52,EAST,11.3,19.3,1015.78,2.54,0,0,0,,
2021-08-03,23:00,26.3,15.6,53,ENE,16.1,19.3,1015.68,2.54,0,0,0,,
2021-08-03,23:15,26.3,16.1,53,ENE,19.3,25.7,1015.41,2.54,0,0,0,,
2021-08-03,23:30,26.1,16.1,55,ENE,19.3,24.1,1015.48,2.54,0,0,0,,
2021-08-03,23:45,26.2,16.1,55,ENE,14.5,24.1,1015.31,2.54,0,0,0,,
2021-08-03,OVR,,,,,,,,,,,,gustmax,40.2
2021-08-03,OVR,,,,,,,,,,,,rainrate_max,30.4
2021-08-03,OVR,,,,,,,,,,,,rain_total_mm,2.6
2021-08-03,OVR,,,,,,,,,,,,tmax,30.6
2021-08-03,OVR,,,,,,,,,,,,tmin,19.9
2021-08-03,OVR,,,,,,,,,,,,wind_dir_mean_deg,113.7
2021-08-04,00:00,26,16.1,55,ENE,16.1,24.1,1015.17,0,0,0,0,,
2021-08-04,00:15,25.6,16.1,57,EAST,11.3,19.3,1015.14,0,0,0,0,,
2021-08-04,00:30,25.6,16.1,57,EAST,8,17.7,1014.93,0,0,0,0,,
2021-08-04,00:45,25.5,16.1,58,EAST,6.4,19.3,1014.77,0,0,0,0,,
2021-08-04,01:00,25.4,16.1,58,ENE,11.3,17.7,1014.66,0,0,0,0,,
2021-08-04,01:15,25.3,16.1,58,ENE,14.5,20.9,1014.36,0,0,0,0,,
2021-08-04,01:30,25.4,16.1,57,EAST,6.4,24.1,1014.33,0,0,0,0,,
2021-08-04,01:45,25.6,15.6,54,EAST,11.3,25.7,1014.12,0,0,0,0,,
2021-08-04,02:00,25.5,15.6,55,ESE,11.3,20.9,1013.95,0,0,0,0,,
2021-08-04,02:15,25.4,15.6,55,EAST,14.5,22.5,1013.99,0,0,0,0,,
2021-08-04,02:30,25.4,15.6,55,ESE,11.3,22.5,1013.72,0,0,0,0,,
2021-08-04,02:45,25.5,15,53,EAST,14.5,20.9,1013.92,0,0,0,0,,
2021-08-04,03:00,25.6,15,53,EAST,17.7,20.9,1013.61,0,0,0,0,,
2021-08-04,03:15,25.7,15,52,EAST,11.3,24.1,1013.31,0,0,0,0,,
2021-08-04,03:30,25.6,14.4,51,EAST,16.1,27.4,1013.51,0,0,0,0,,
2021-08-04,03:45,25.6,14.4,51,EAST,16.1,20.9,1013.58,0,0,0,0,,
2021-08-04,04:00,25.5,14.4,51,EAST,8,24.1,1013.41,0,0,0,0,,
2021-08-04,04:15,25.3,14.4,51,EAST,12.9,25.7,1013.51,0,0,0,0,,
2021-08-04,04:30,25.1,14.4,52,EAST,9.7,22.5,1013.55,0,0,0,0,,
2021-08-04,04:45,24.8,14.4,53,ENE,14.5,19.3,1013.51,0,0,0,0,,
2021-08-04,05:00,24.5,14.4,54,ESE,4.8,19.3,1013.07,0,0,0,0,,
2021-08-04,05:15,24.6,14.4,54,ENE,8,16.1,1013.51,0,0,0,0,,
2021-08-04,05:30,24.4,15,55,EAST,12.9,16.1,1013.61,0,0,0,0,,
2021-08-04,05:45,24.2,15,57,ESE,14.5,20.9,1013.41,0,0,0,0,,
2021-08-04,06:00,24.1,15,58,NE,6.4,17.7,1013.48,0,0,0,0,,
2021-08-04,06:15,24,15,58,EAST,14.5,17.7,1013.44,0,0,0,0,,
2021-08-04,06:30,24.4,15,56,ENE,17.7,24.1,1013.28,0,0,0,0,,
2021-08-04,06:45,24.2,14.4,55,EAST,9.7,22.5,1013.24,0,0,0,12,,
2021-08-04,07:00,24,14.4,56,ESE,9.7,17.7,1013.28,0,0,0,30,,
2021-08-04,07:15,23.8,14.4,56,EAST,11.3,17.7,1013.21,0,0,0,44,,
2021-08-04,07:30,23.8,14.4,57,ESE,8,19.3,1013.48,0,0,0,93,,
2021-08-04,07:45,24.1,15,57,ENE,8,19.3,1013.34,0,0,0,90,,
2021-08-04,08:00,24.4,15.6,59,EAST,9.7,12.9,1013.41,0,0,0,167,,
2021-08-04,08:15,24.8,16.7,61,EAST,6.4,14.5,1013.61,0,0,0,185,,
2021-08-04,08:30,25.3,17.2,61,NE,8,17.7,1013.82,0,0,1,285,,
2021-08-04,08:45,26,17.2,60,EAST,4.8,16.1,1013.88,0,0,1,339,,
2021-08-04,09:00,26.3,17.8,60,NE,11.3,16.1,1013.95,0,0,1,392,,
2021-08-04,09:15,26.4,17.8,60,ESE,8,12.9,1013.99,0,0,1,227,,
2021-08-04,09:30,26.9,18.3,60,ENE,4.8,11.3,1014.12,0,0,2,411,,
2021-08-04,09:45,27.1,17.8,57,NORTH,0,6.4,1014.19,0,0,1,306,,
2021-08-04,10:00,27.3,17.8,58,EAST,1.6,4.8,1014.33,0,0,2,571,,
2021-08-04,10:15,27.9,17.8,54,ENE,1.6,6.4,1014.33,0,0,3,610,,
2021-08-04,10:30,28.5,17.2,51,WNW,6.4,14.5,1014.46,0,0,3,645,,
2021-08-04,10:45,29.1,16.1,46,SOUTH,1.6,19.3,1014.29,0,0,3,708,,
2021-08-04,11:00,29.2,16.7,47,WNW,4.8,20.9,1014.29,0,0,3,636,,
2021-08-04,11:15,29.2,16.7,47,WNW,8,24.1,1014.12,0,0,4,708,,
2021-08-04,11:30,28.9,16.7,48,WSW,3.2,25.7,1014.26,0,0,2,353,,
2021-08-04,11:45,29.7,17.2,47,WEST,17.7,25.7,1014.26,0,0,4,798,,
2021-08-04,12:00,29.2,18.3,53,WEST,32.2,38.6,1014.26,0,0,5,809,,
2021-08-04,12:15,28.8,19.4,57,WEST,20.9,38.6,1014.29,0,0,5,812,,
2021-08-04,12:30,28.5,20.6,62,WEST,25.7,45.1,1014.26,0,0,5,742,,
2021-08-04,12:45,28.8,20.6,63,NE,24.1,40.2,1014.19,0,0,5,833,,
2021-08-04,13:00,28.8,21.1,64,WNW,20.9,41.8,1014.19,0,0,5,833,,
2021-08-04,13:15,28.7,21.1,65,WNW,12.9,38.6,1014.16,0,0,5,840,,
2021-08-04,13:30,28.9,21.1,63,WNW,12.9,37,1014.33,0,0,5,840,,
2021-08-04,13:45,28.8,20.6,62,WNW,14.5,37,1013.95,0,0,5,831,,
2021-08-04,14:00,29.1,21.7,64,NW,25.7,35.4,1013.88,0,0,5,823,,
2021-08-04,14:15,29.6,21.1,62,WNW,16.1,38.6,1013.68,0,0,5,814,,
2021-08-04,14:30,29.4,21.7,63,WEST,25.7,37,1013.95,0,0,5,793,,
2021-08-04,14:45,29,21.7,65,NW,32.2,41.8,1013.82,0,0,5,788,,
2021-08-04,15:00,29.1,22.2,66,WEST,30.6,40.2,1013.75,0,0,4,759,,
2021-08-04,15:15,28.7,22.2,68,WNW,33.8,43.5,1013.85,0,0,4,738,,
2021-08-04,15:30,28.6,22.2,68,WNW,27.4,45.1,1013.68,0,0,4,710,,
2021-08-04,15:45,28.7,22.2,68,WNW,20.9,41.8,1013.68,0,0,4,689,,
2021-08-04,16:00,29,21.7,66,WNW,16.1,48.3,1013.82,0,0,3,664,,
2021-08-04,16:15,28.7,21.7,67,WEST,22.5,41.8,1013.99,0,0,3,640,,
2021-08-04,16:30,28.1,21.7,68,WEST,33.8,40.2,1014.09,0,0,2,204,,
2021-08-04,16:45,27.1,21.1,71,WEST,22.5,40.2,1014.09,0,0,1,185,,
2021-08-04,17:00,27.4,21.1,69,WEST,24.1,35.4,1013.85,0,0,2,541,,
2021-08-04,17:15,27.8,21.1,67,SSW,14.5,29,1013.68,0,0,2,476,,
2021-08-04,17:30,27.4,21.1,68,WNW,12.9,37,1013.68,0,0,2,422,,
2021-08-04,17:45,27.3,21.1,69,NW,27.4,43.5,1013.68,0,0,1,388,,
2021-08-04,18:00,26.6,20.6,71,WNW,24.1,35.4,1013.65,0,0,1,83,,
2021-08-04,18:15,25.9,21.1,75,WEST,22.5,38.6,1013.44,0,0,1,165,,
2021-08-04,18:30,25.8,20.6,75,WNW,19.3,40.2,1013.48,0,0,1,185,,
2021-08-04,18:45,25.6,20,72,WEST,24.1,32.2,1013.41,0,0,0,190,,
2021-08-04,19:00,25.3,19.4,70,WEST,17.7,38.6,1013.72,0,0,0,139,,
2021-08-04,19:15,25.3,18.9,68,WNW,19.3,32.2,1013.85,0,0,0,81,,
2021-08-04,19:30,25.1,19.4,72,WEST,19.3,37,1014.16,0,0,0,33,,
2021-08-04,19:45,24.5,20,77,WEST,14.5,33.8,1014.22,0,0,0,25,,
2021-08-04,20:00,23.8,20.6,82,WEST,24.1,27.4,1014.43,0,0,0,14,,
2021-08-04,20:15,23.3,20.6,86,WNW,20.9,33.8,1014.66,0,0,0,12,,
2021-08-04,20:30,23.1,20.6,87,NW,14.5,22.5,1014.8,0,0,0,7,,
2021-08-04,20:45,22.9,20.6,88,WNW,12.9,24.1,1014.9,0,0,0,0,,
2021-08-04,21:00,22.9,21.1,90,WEST,17.7,27.4,1015.04,0,0,0,0,,
2021-08-04,21:15,22.8,21.1,91,WEST,17.7,40.2,1015.24,0,0,0,0,,
2021-08-04,21:30,22.8,21.1,91,WEST,17.7,37,1015.41,0,0,0,0,,
2021-08-04,21:45,22.7,21.1,92,WNW,17.7,27.4,1015.61,0,0,0,0,,
2021-08-04,22:00,22.7,21.1,92,WEST,12.9,25.7,1015.82,0,0,0,0,,
2021-08-04,22:15,22.6,21.1,92,WNW,16.1,29,1016.02,0,0,0,0,,
2021-08-04,22:30,22.4,21.1,92,WEST,16.1,40.2,1016.29,0,0,0,0,,
2021-08-04,22:45,22.1,20.6,92,WEST,17.7,38.6,1016.12,0,0,0,0,,
2021-08-04,23:00,21.8,20,91,WNW,24.1,30.6,1016.12,0,0,0,0,,
2021-08-04,23:15,21.8,20,90,WEST,24.1,37,1016.49,0,0,0,0,,
2021-08-04,23:30,21.6,19.4,90,WEST,12.9,27.4,1016.56,0,0,0,0,,
2021-08-04,23:45,21.4,19.4,89,WNW,11.3,22.5,1016.73,0,0,0,0,,
2021-08-04,OVR,,,,,,,,,,,,gustmax,48.3
2021-08-04,OVR,,,,,,,,,,,,rainrate_max,0
2021-08-04,OVR,,,,,,,,,,,,rain_total_mm,0
2021-08-04,OVR,,,,,,,,,,,,tmax,29.9
2021-08-04,OVR,,,,,,,,,,,,tmin,21.3
2021-08-04,OVR,,,,,,,,,,,,wind_dir_mean_deg,326.8
2021-08-05,00:00,21.4,19.4,89,WNW,9.7,17.7,1016.59,0,0,0,0,,
2021-08-05,00:15,21.2,18.9,88,WNW,6.4,17.7,1016.46,0,0,0,0,,
2021-08-05,00:30,20.8,18.3,88,WNW,3.2,3.2,1016.46,0,0,0,0,,
2021-08-05,00:45,20.5,18.3,87,WNW,1.6,9.7,1016.39,0,0,0,0,,
2021-08-05,01:00,20.4,18.3,88,NORTH,0,4.8,1016.32,0,0,0,0,,
2021-08-05,01:15,20.5,18.3,87,SW,3.2,6.4,1016.22,0,0,0,0,,
2021-08-05,01:30,20.4,17.8,86,NORTH,0,9.7,1016.32,0,0,0,0,,
2021-08-05,01:45,20.6,17.8,86,WSW,3.2,6.4,1016.32,0,0,0,0,,
2021-08-05,02:00,20.6,17.8,86,NORTH,0,9.7,1016.56,0,0,0,0,,
2021-08-05,02:15,20.3,17.8,86,NORTH,0,4.8,1016.59,0,0,0,0,,
2021-08-05,02:30,20.4,17.8,86,NORTH,0,6.4,1016.53,0,0,0,0,,
2021-08-05,02:45,20.3,17.8,87,WEST,6.4,14.5,1016.39,0,0,0,0,,
2021-08-05,03:00,20.2,17.8,86,WSW,6.4,12.9,1016.49,0,0,0,0,,
2021-08-05,03:15,20.1,17.8,87,WEST,6.4,11.3,1016.49,0,0,0,0,,
2021-08-05,03:30,19.9,17.8,88,WEST,4.8,11.3,1016.56,0,0,0,0,,
2021-08-05,03:45,20.1,17.2,84,WEST,14.5,25.7,1016.53,0,0,0,0,,
2021-08-05,04:00,20.6,16.7,80,WEST,24.1,30.6,1016.63,0,0,0,0,,
2021-08-05,04:15,20.8,17.2,80,WEST,14.5,25.7,1016.8,0,0,0,0,,
2021-08-05,04:30,20.8,17.2,81,WNW,8,24.1,1016.73,0,0,0,0,,
2021-08-05,04:45,20.8,17.2,81,WNW,11.3,19.3,1016.59,0,0,0,0,,
2021-08-05,05:00,20.8,17.8,83,WNW,19.3,24.1,1016.46,0,0,0,0,,
2021-08-05,05:15,20.5,17.8,85,WEST,1.6,14.5,1016.15,0,0,0,0,,
2021-08-05,05:30,20.1,17.2,86,WNW,6.4,11.3,1016.49,0,0,0,0,,
2021-08-05,05:45,20.2,17.8,87,WNW,4.8,11.3,1016.53,0,0,0,0,,
2021-08-05,06:00,20.3,17.8,88,WNW,4.8,9.7,1016.7,0,0,0,0,,
2021-08-05,06:15,20.1,17.8,89,WEST,4.8,11.3,1016.63,0,0,0,0,,
2021-08-05,06:30,20.2,18.3,90,WEST,9.7,12.9,1016.76,0,0,0,0,,
2021-08-05,06:45,20.4,18.9,91,WEST,11.3,17.7,1016.59,0,0,0,7,,
2021-08-05,07:00,20.5,18.9,92,WEST,14.5,20.9,1016.7,0,0,0,14,,
2021-08-05,07:15,20.6,18.9,92,WNW,11.3,22.5,1016.7,0,0,0,16,,
2021-08-05,07:30,20.6,18.9,93,WEST,12.9,17.7,1016.73,0,0,0,127,,
2021-08-05,07:45,20.8,19.4,93,WEST,9.7,16.1,1016.7,0,0,0,165,,
2021-08-05,08:00,20.9,19.4,91,WEST,6.4,16.1,1016.56,0,0,0,46,,
2021-08-05,08:15,21.2,19.4,89,WEST,14.5,20.9,1016.7,0,0,1,274,,
2021-08-05,08:30,21.7,19.4,88,WEST,19.3,24.1,1016.63,0,0,1,334,,
2021-08-05,08:45,22,19.4,86,WEST,14.5,27.4,1016.73,0,0,1,403,,
2021-08-05,09:00,22.2,18.9,84,WNW,17.7,27.4,1016.9,0,0,1,239,,
2021-08-05,09:15,22.3,18.9,82,WEST,12.9,27.4,1016.9,0,0,1,127,,
2021-08-05,09:30,22.9,18.9,79,WEST,17.7,32.2,1017,0,0,2,408,,
2021-08-05,09:45,23.4,18.3,74,WNW,14.5,35.4,1016.93,0,0,2,450,,
2021-08-05,10:00,24,18.3,71,WEST,16.1,27.4,1016.93,0,0,2,541,,
2021-08-05,10:15,24.3,18.3,69,NW,14.5,33.8,1017.1,0,0,3,598,,
2021-08-05,10:30,24.3,16.7,63,WNW,22.5,43.5,1017.07,0,0,3,643,,
2021-08-05,10:45,24.8,16.7,61,WEST,16.1,33.8,1017.27,0,0,3,714,,
2021-08-05,11:00,25,15.6,56,WNW,11.3,38.6,1017.31,0,0,4,747,,
2021-08-05,11:15,25.4,15.6,55,WNW,22.5,27.4,1017.31,0,0,4,775,,
2021-08-05,11:30,25.8,15,51,WNW,24.1,29,1017.41,0,0,4,807,,
2021-08-05,11:45,25.7,15,52,WEST,20.9,29,1017.27,0,0,5,826,,
2021-08-05,12:00,26.8,15.6,51,WNW,8,29,1017.2,0,0,5,851,,
2021-08-05,12:15,26.3,14.4,49,WEST,20.9,29,1017.2,0,0,5,863,,
2021-08-05,12:30,26.4,15,49,WEST,29,37,1017.41,0,0,5,879,,
2021-08-05,12:45,27.1,14.4,45,WNW,6.4,33.8,1017.07,0,0,6,891,,
2021-08-05,13:00,27.3,13.3,42,NW,22.5,30.6,1017.17,0,0,6,900,,
2021-08-05,13:15,27.4,13.9,44,SOUTH,9.7,38.6,1017.03,0,0,6,904,,
2021-08-05,13:30,27.5,13.9,44,NW,17.7,32.2,1017.03,0,0,6,902,,
2021-08-05,13:45,28.1,13.9,42,WNW,24.1,32.2,1016.8,0,0,6,898,,
2021-08-05,14:00,27.9,14.4,44,WNW,19.3,37,1016.86,0,0,6,888,,
2021-08-05,14:15,27.4,15.6,48,WNW,14.5,45.1,1016.66,0,0,6,872,,
2021-08-05,14:30,27.7,15,46,NE,22.5,40.2,1016.63,0,0,5,861,,
2021-08-05,14:45,27.7,13.9,44,WNW,17.7,35.4,1016.63,0,0,5,840,,
2021-08-05,15:00,27.4,15,47,NNE,20.9,37,1016.56,0,0,5,819,,
2021-08-05,15:15,27.6,15,47,WEST,27.4,38.6,1016.63,0,0,5,800,,
2021-08-05,15:30,26.9,14.4,47,WEST,24.1,45.1,1016.7,0,0,4,770,,
2021-08-05,15:45,27.3,15,48,WSW,27.4,46.7,1016.59,0,0,4,700,,
2021-08-05,16:00,26.8,15.6,50,WNW,19.3,41.8,1016.39,0,0,4,677,,
2021-08-05,16:15,26.9,15.6,49,WNW,25.7,45.1,1016.19,0,0,3,673,,
2021-08-05,16:30,27.1,15.6,49,WEST,30.6,48.3,1016.19,0,0,3,647,,
2021-08-05,16:45,26.9,15,49,WEST,24.1,41.8,1016.15,0,0,3,478,,
2021-08-05,17:00,26.8,15,49,WNW,25.7,48.3,1016.46,0,0,2,468,,
2021-08-05,17:15,26.6,14.4,49,WNW,22.5,46.7,1016.32,0,0,2,527,,
2021-08-05,17:30,26.3,15,50,WNW,33.8,43.5,1016.29,0,0,2,468,,
2021-08-05,17:45,26.2,15,50,WEST,33.8,45.1,1016.02,0,0,2,420,,
2021-08-05,18:00,26.1,15.6,52,WNW,30.6,38.6,1015.85,0,0,1,371,,
2021-08-05,18:15,25.9,15,51,NE,14.5,41.8,1015.71,0,0,1,318,,
2021-08-05,18:30,25.9,15,51,WNW,19.3,43.5,1015.58,0,0,1,271,,
2021-08-05,18:45,25.8,15,52,WEST,24.1,33.8,1015.58,0,0,1,223,,
2021-08-05,19:00,25.6,14.4,51,WEST,19.3,37,1015.44,0,0,0,174,,
2021-08-05,19:15,25.4,14.4,51,WEST,32.2,40.2,1015.48,0,0,0,125,,
2021-08-05,19:30,25.1,13.9,50,WNW,16.1,32.2,1015.44,0,0,0,54,,
2021-08-05,19:45,24.8,13.3,50,WNW,14.5,29,1015.41,0,0,0,46,,
2021-08-05,20:00,24.6,13.9,51,WEST,20.9,27.4,1015.37,0,0,0,18,,
2021-08-05,20:15,24.3,12.8,50,WEST,12.9,22.5,1015.44,0,0,0,14,,
2021-08-05,20:30,23.9,12.2,49,WNW,4.8,17.7,1015.24,0,0,0,0,,
2021-08-05,20:45,23.6,12.2,50,WEST,9.7,19.3,1015.31,0,0,0,0,,
2021-08-05,21:00,23.2,13.3,55,WEST,11.3,17.7,1015.27,0,0,0,0,,
2021-08-05,21:15,22.7,13.9,58,WEST,4.8,16.1,1015.34,0,0,0,0,,
2021-08-05,21:30,22.3,14.4,62,WEST,9.7,16.1,1015.31,0,0,0,0,,
2021-08-05,21:45,22.2,15.6,67,WNW,6.4,12.9,1015.41,0,0,0,0,,
2021-08-05,22:00,22.1,16.7,71,WNW,6.4,14.5,1015.68,0,0,0,0,,
2021-08-05,22:15,21.9,16.7,73,WEST,4.8,12.9,1015.65,0,0,0,0,,
2021-08-05,22:30,21.7,16.7,74,WNW,3.2,9.7,1015.78,0,0,0,0,,
2021-08-05,22:45,21.6,16.1,73,WNW,1.6,6.4,1015.58,0,0,0,0,,
2021-08-05,23:00,20.7,15.6,74,NORTH,0,3.2,1015.65,0,0,0,0,,
2021-08-05,23:15,21,15.6,71,NORTH,0,4.8,1015.58,0,0,0,0,,
2021-08-05,23:30,20.4,15,72,NORTH,0,1.6,1015.54,0,0,0,0,,
2021-08-05,23:45,20.2,15,72,NORTH,0,1.6,1015.51,0,0,0,0,,
2021-08-05,OVR,,,,,,,,,,,,gustmax,48.3
2021-08-05,OVR,,,,,,,,,,,,rainrate_max,0
2021-08-05,OVR,,,,,,,,,,,,rain_total_mm,0
2021-08-05,OVR,,,,,,,,,,,,tmax,28.1
2021-08-05,OVR,,,,,,,,,,,,tmin,19.8
2021-08-05,OVR,,,,,,,,,,,,wind_dir_mean_deg,287.8
2021-08-06,00:00,20,13.9,69,NORTH,0,1.6,1015.71,0,0,0,0,,
2021-08-06,00:15,20.1,13.3,67,NORTH,0,3.2,1015.68,0,0,0,0,,
2021-08-06,00:30,19.7,13.3,67,WNW,1.6,3.2,1015.65,0,0,0,0,,
2021-08-06,00:45,19.9,13.3,67,WNW,1.6,1.6,1015.48,0,0,0,0,,
2021-08-06,01:00,19.6,13.9,70,WNW,1.6,3.2,1015.24,0,0,0,0,,
2021-08-06,01:15,20.3,15,72,WNW,3.2,4.8,1015.07,0,0,0,0,,
2021-08-06,01:30,20.2,15,74,WNW,1.6,4.8,1014.87,0,0,0,0,,
2021-08-06,01:45,20.4,15.6,74,WNW,1.6,3.2,1014.7,0,0,0,0,,
2021-08-06,02:00,20.3,15.6,75,NORTH,0,4.8,1014.7,0,0,0,0,,
2021-08-06,02:15,20.1,15.6,75,NORTH,0,3.2,1014.6,0,0,0,0,,
2021-08-06,02:30,19.8,15,75,WNW,1.6,4.8,1014.49,0,0,0,0,,
2021-08-06,02:45,19.7,15,75,NNW,1.6,6.4,1014.53,0,0,0,0,,
2021-08-06,03:00,19.8,15,75,NORTH,0,3.2,1014.05,0,0,0,0,,
2021-08-06,03:15,19.7,15,75,NORTH,0,1.6,1014.16,0,0,0,0,,
2021-08-06,03:30,19.3,15,76,NNW,1.6,3.2,1013.95,0,0,0,0,,
2021-08-06,03:45,19.1,15,78,NORTH,0,1.6,1013.82,0,0,0,0,,
2021-08-06,04:00,19.4,15,77,NORTH,0,1.6,1013.95,0,0,0,0,,
2021-08-06,04:15,19.3,15,77,NNW,1.6,3.2,1013.88,0,0,0,0,,
2021-08-06,04:30,19.1,15,77,NNW,1.6,3.2,1013.68,0,0,0,0,,
2021-08-06,04:45,18.7,14.4,78,,1.6,3.2,1013.55,0,0,0,0,,
2021-08-06,05:00,18.6,15,79,,3.2,3.2,1013.51,0,0,0,0,,
2021-08-06,05:15,18.2,14.4,79,,1.6,3.2,1013.65,0,0,0,0,,
2021-08-06,05:30,18.8,13.9,74,,1.6,3.2,1013.65,0,0,0,0,,
2021-08-06,05:45,18.7,13.9,74,NORTH,0,1.6,1013.75,0,0,0,0,,
2021-08-06,06:00,18.8,13.9,73,,1.6,3.2,1013.99,0,0,0,0,,
2021-08-06,06:15,18.4,13.9,77,,3.2,4.8,1013.92,0,0,0,0,,
2021-08-06,06:30,19.1,15,77,NORTH,0,3.2,1013.88,0,0,0,0,,
2021-08-06,06:45,19.1,15,78,,1.6,3.2,1013.99,0,0,0,11,,
2021-08-06,07:00,18.9,15,78,,1.6,3.2,1014.05,0,0,0,21,,
2021-08-06,07:15,19.6,15,75,NORTH,0,1.6,1013.92,0,0,0,81,,
2021-08-06,07:30,20.1,15.6,75,NORTH,0,1.6,1013.92,0,0,0,130,,
2021-08-06,07:45,20.4,16.1,77,NORTH,0,1.6,1013.68,0,0,0,176,,
2021-08-06,08:00,21.5,16.7,75,,1.6,3.2,1014.16,0,0,0,195,,
2021-08-06,08:15,21.6,17.2,76,NORTH,0,6.4,1013.99,0,0,1,272,,
2021-08-06,08:30,22,17.2,75,NW,6.4,6.4,1014.16,0,0,1,320,,
2021-08-06,08:45,21.7,17.2,76,NNW,4.8,9.7,1014.33,0,0,1,364,,
2021-08-06,09:00,22.3,17.2,75,NW,8,11.3,1014.29,0,0,1,360,,
2021-08-06,09:15,22.7,17.8,74,NNW,6.4,16.1,1014.33,0,0,2,387,,
2021-08-06,09:30,23.3,17.8,72,WNW,12.9,16.1,1014.49,0,0,2,394,,
2021-08-06,09:45,24.1,18.3,71,NW,6.4,16.1,1014.49,0,0,2,446,,
2021-08-06,10:00,24.5,18.3,69,NW,4.8,17.7,1014.46,0,0,3,538,,
2021-08-06,10:15,25,17.8,65,NNW,8,17.7,1014.7,0,0,3,568,,
2021-08-06,10:30,25.3,17.8,64,NW,6.4,16.1,1014.56,0,0,3,610,,
2021-08-06,10:45,26.3,17.8,61,WNW,8,14.5,1014.63,0,0,4,701,,
2021-08-06,11:00,26.9,17.2,56,WNW,11.3,19.3,1014.63,0,0,4,733,,
2021-08-06,11:15,27.1,17.8,57,SSW,1.6,14.5,1014.53,0,0,4,765,,
2021-08-06,11:30,27.8,17.2,53,WNW,11.3,20.9,1014.6,0,0,5,795,,
2021-08-06,11:45,28.4,16.7,49,SW,3.2,19.3,1014.43,0,0,5,819,,
2021-08-06,12:00,28.7,16.1,47,WEST,4.8,19.3,1014.36,0,0,5,838,,
2021-08-06,12:15,28.6,15,44,NW,1.6,24.1,1014.26,0,0,5,856,,
2021-08-06,12:30,29.1,14.4,40,WEST,4.8,19.3,1014.05,0,0,6,870,,
2021-08-06,12:45,29.8,15,41,WEST,4.8,24.1,1013.92,0,0,6,882,,
2021-08-06,13:00,30.3,14.4,38,WEST,17.7,20.9,1013.88,0,0,6,889,,
2021-08-06,13:15,30.7,15,39,WEST,9.7,20.9,1013.65,0,0,6,893,,
2021-08-06,13:30,31.1,14.4,36,WEST,1.6,25.7,1013.48,0,0,6,895,,
2021-08-06,13:45,31.3,15,38,WEST,17.7,29,1013.55,0,0,6,886,,
2021-08-06,14:00,31.6,15.6,38,WEST,20.9,29,1013.55,0,0,6,879,,
2021-08-06,14:15,31.3,15.6,38,WNW,12.9,33.8,1013.21,0,0,6,872,,
2021-08-06,14:30,31.9,15,36,WEST,19.3,32.2,1013.07,0,0,6,856,,
2021-08-06,14:45,32.3,14.4,34,WNW,20.9,35.4,1012.97,0,0,5,842,,
2021-08-06,15:00,32.1,14.4,34,WNW,19.3,30.6,1013.21,0,0,5,817,,
2021-08-06,15:15,32,14.4,34,WEST,14.5,33.8,1012.94,0,0,5,795,,
2021-08-06,15:30,32.1,15,35,NW,20.9,30.6,1012.87,0,0,4,766,,
2021-08-06,15:45,32.3,15,36,WEST,11.3,37,1012.73,0,0,4,742,,
2021-08-06,16:00,32,15,35,WEST,19.3,33.8,1012.7,0,0,4,710,,
2021-08-06,16:15,32,15,36,WEST,19.3,32.2,1012.73,0,0,3,679,,
2021-08-06,16:30,31.9,13.9,34,WEST,25.7,33.8,1012.43,0,0,3,642,,
2021-08-06,16:45,31.8,13.3,33,WNW,12.9,38.6,1012.46,0,0,3,606,,
2021-08-06,17:00,32.1,12.8,31,WEST,20.9,38.6,1012.46,0,0,3,566,,
2021-08-06,17:15,31.4,13.3,33,WNW,22.5,37,1012.53,0,0,2,522,,
2021-08-06,17:30,31.7,13.9,34,WEST,16.1,35.4,1012.36,0,0,2,478,,
2021-08-06,17:45,31.2,13.9,35,WNW,25.7,32.2,1012.46,0,0,2,427,,
2021-08-06,18:00,30.9,13.9,36,WEST,16.1,32.2,1012.46,0,0,1,380,,
2021-08-06,18:15,30.9,14.4,37,WEST,17.7,25.7,1012.33,0,0,1,330,,
2021-08-06,18:30,30.6,13.9,37,WNW,12.9,27.4,1012.16,0,0,1,283,,
2021-08-06,18:45,30.6,15,39,WEST,9.7,20.9,1012.23,0,0,1,232,,
2021-08-06,19:00,30.2,14.4,39,WEST,22.5,22.5,1012.12,0,0,0,181,,
2021-08-06,19:15,29.9,15.6,42,NW,8,19.3,1011.99,0,0,0,128,,
2021-08-06,19:30,29.7,16.1,44,WNW,9.7,17.7,1011.79,0,0,0,81,,
2021-08-06,19:45,29.4,16.1,45,WEST,17.7,20.9,1011.68,0,0,0,44,,
2021-08-06,20:00,28.9,16.1,46,WEST,14.5,20.9,1011.85,0,0,0,18,,
2021-08-06,20:15,28.2,16.1,49,WEST,6.4,24.1,1011.85,0,0,0,11,,
2021-08-06,20:30,27.4,16.7,52,WNW,3.2,16.1,1011.89,0,0,0,0,,
2021-08-06,20:45,26.8,16.1,52,NORTH,0,9.7,1011.99,0,0,0,0,,
2021-08-06,21:00,26.8,16.1,52,WNW,6.4,16.1,1012.12,0,0,0,0,,
2021-08-06,21:15,26.4,15.6,52,WSW,1.6,12.9,1012.09,0,0,0,0,,
2021-08-06,21:30,25.3,15.6,55,NW,1.6,4.8,1012.29,0,0,0,0,,
2021-08-06,21:45,25.4,15.6,54,NORTH,0,3.2,1012.39,0,0,0,0,,
2021-08-06,22:00,24.6,15,56,NW,1.6,4.8,1012.46,0,0,0,0,,
2021-08-06,22:15,24.3,15,56,NNE,1.6,3.2,1012.39,0,0,0,0,,
2021-08-06,22:30,24.6,13.9,53,NNE,1.6,3.2,1012.53,0,0,0,0,,
2021-08-06,22:45,25.1,13.9,51,NNE,1.6,3.2,1012.43,0,0,0,0,,
2021-08-06,23:00,26.1,13.9,47,NNE,1.6,3.2,1012.43,0,0,0,0,,
2021-08-06,23:15,25.1,11.7,43,NNE,1.6,3.2,1012.6,0,0,0,0,,
2021-08-06,23:30,24.7,10.6,41,NNE,1.6,3.2,1012.6,0,0,0,0,,
2021-08-06,23:45,24.5,10,40,NNE,1.6,3.2,1012.46,0,0,0,0,,
2021-08-06,OVR,,,,,,,,,,,,gustmax,38.6
2021-08-06,OVR,,,,,,,,,,,,rainrate_max,0
2021-08-06,OVR,,,,,,,,,,,,rain_total_mm,0
2021-08-06,OVR,,,,,,,,,,,,tmax,32.7
2021-08-06,OVR,,,,,,,,,,,,tmin,18
2021-08-06,OVR,,,,,,,,,,,,wind_dir_mean_deg,309.2
2021-08-07,00:00,25.3,8.9,36,EAST,3.2,6.4,1012.39,0,0,0,0,,
2021-08-07,00:15,25.2,9.4,38,ESE,4.8,9.7,1012.36,0,0,0,0,,
2021-08-07,00:30,25.1,11.1,42,ESE,4.8,9.7,1012.39,0,0,0,0,,
2021-08-07,00:45,25.6,12.8,46,ESE,3.2,6.4,1012.36,0,0,0,0,,
2021-08-07,01:00,25.2,13.3,48,ESE,4.8,6.4,1012.26,0,0,0,0,,
2021-08-07,01:15,24.8,12.8,48,ESE,3.2,4.8,1012.26,0,0,0,0,,
2021-08-07,01:30,24.4,12.8,48,ESE,3.2,6.4,1012.06,0,0,0,0,,
2021-08-07,01:45,24.1,12.2,47,NORTH,0,6.4,1012.02,0,0,0,0,,
2021-08-07,02:00,24.8,12.8,47,ESE,3.2,4.8,1011.99,0,0,0,0,,
2021-08-07,02:15,25.9,13.3,46,SE,6.4,14.5,1011.75,0,0,0,0,,
2021-08-07,02:30,24.4,13.9,52,NORTH,0,4.8,1011.58,0,0,0,0,,
2021-08-07,02:45,23.9,18.3,73,SE,12.9,20.9,1011.62,0,0,0,0,,
2021-08-07,03:00,23.4,19.4,79,ESE,11.3,22.5,1011.45,0,0,0,0,,
2021-08-07,03:15,23.3,19.4,80,ESE,20.9,20.9,1011.45,0,0,0,0,,
2021-08-07,03:30,23.4,19.4,81,SE,14.5,22.5,1011.38,0,0,0,0,,
2021-08-07,03:45,23.5,18.9,75,ESE,17.7,20.9,1011.21,0,0,0,0,,
2021-08-07,04:00,24.1,17.8,68,ESE,19.3,27.4,1011.07,0,0,0,0,,
2021-08-07,04:15,24.3,17.8,67,ESE,12.9,22.5,1011.01,0,0,0,0,,
2021-08-07,04:30,24,17.8,69,SE,9.7,20.9,1010.9,0,0,0,0,,
2021-08-07,04:45,24.1,16.7,64,SE,12.9,22.5,1010.9,0,0,0,0,,
2021-08-07,05:00,24.1,16.7,64,ESE,17.7,22.5,1010.77,0,0,0,0,,
2021-08-07,05:15,24.1,16.7,63,SE,12.9,19.3,1010.7,0,0,0,0,,
2021-08-07,05:30,24.5,15.6,58,ESE,17.7,19.3,1010.57,0,0,0,0,,
2021-08-07,05:45,24.8,13.9,51,EAST,11.3,20.9,1010.4,0,0,0,0,,
2021-08-07,06:00,24.9,14.4,53,ESE,6.4,16.1,1010.46,0,0,0,0,,
2021-08-07,06:15,23.9,14.4,56,EAST,6.4,11.3,1010.5,0,0,0,0,,
2021-08-07,06:30,23.2,13.9,57,ESE,6.4,12.9,1010.4,0,0,0,0,,
2021-08-07,06:45,22.8,13.3,55,ESE,9.7,12.9,1010.43,0,0,0,11,,
2021-08-07,07:00,23.4,12.2,49,ESE,9.7,11.3,1010.5,0,0,0,18,,
2021-08-07,07:15,23.8,12.8,50,ESE,6.4,16.1,1010.4,0,0,0,81,,
2021-08-07,07:30,24.5,12.8,48,EAST,9.7,14.5,1010.57,0,0,0,127,,
2021-08-07,07:45,25.9,11.7,42,ESE,11.3,19.3,1010.67,0,0,0,169,,
2021-08-07,08:00,26.9,11.7,39,SE,8,19.3,1010.74,0,0,0,207,,
2021-08-07,08:15,27.2,11.7,38,ESE,6.4,22.5,1010.67,0,0,1,278,,
2021-08-07,08:30,27.8,12.2,38,ESE,6.4,14.5,1010.57,0,0,1,327,,
2021-08-07,08:45,27.9,11.7,37,EAST,4.8,14.5,1010.4,0,0,1,371,,
2021-08-07,09:00,28.1,12.2,38,EAST,4.8,19.3,1010.46,0,0,1,346,,
2021-08-07,09:15,28.4,11.7,36,ENE,4.8,16.1,1010.5,0,0,2,392,,
2021-08-07,09:30,29.2,11.7,35,ESE,9.7,17.7,1010.4,0,0,2,399,,
2021-08-07,09:45,30,11.7,33,ENE,9.7,16.1,1010.43,0,0,2,461,,
2021-08-07,10:00,30.9,11.7,31,ESE,4.8,12.9,1010.26,0,0,3,554,,
2021-08-07,10:15,31.1,11.7,30,SE,17.7,20.9,1010.13,0,0,3,566,,
2021-08-07,10:30,31.5,12.8,32,SSE,12.9,24.1,1010.19,0,0,3,619,,
2021-08-07,10:45,30.7,13.9,36,ESE,12.9,20.9,1010.23,0,0,4,712,,
2021-08-07,11:00,31.3,15,37,SSE,14.5,20.9,1010.43,0,0,4,744,,
2021-08-07,11:15,32,15.6,37,ESE,9.7,24.1,1010.43,0,0,4,773,,
2021-08-07,11:30,31.8,16.1,39,SSE,19.3,27.4,1010.4,0,0,4,798,,
2021-08-07,11:45,32.4,15.6,37,EAST,17.7,32.2,1010.36,0,0,5,823,,
2021-08-07,12:00,33.3,16.7,37,SE,12.9,29,1010.4,0,0,5,844,,
2021-08-07,12:15,33.4,15.6,35,SE,17.7,29,1009.92,0,0,5,861,,
2021-08-07,12:30,33.8,16.1,35,ESE,20.9,35.4,1009.99,0,0,5,874,,
2021-08-07,12:45,33.5,16.1,36,SE,16.1,30.6,1009.92,0,0,6,886,,
2021-08-07,13:00,34.2,14.4,31,ESE,16.1,33.8,1009.75,0,0,6,891,,
2021-08-07,13:15,34.3,14.4,31,SE,11.3,33.8,1009.69,0,0,6,895,,
2021-08-07,13:30,34.5,15,31,SSE,22.5,35.4,1009.69,0,0,6,893,,
2021-08-07,13:45,33.9,14.4,31,SE,12.9,40.2,1009.75,0,0,6,891,,
2021-08-07,14:00,34.1,14.4,31,EAST,19.3,35.4,1009.72,0,0,6,881,,
2021-08-07,14:15,34,13.9,30,SE,19.3,33.8,1009.62,0,0,6,867,,
2021-08-07,14:30,34.3,14.4,31,SE,30.6,37,1009.65,0,0,5,854,,
2021-08-07,14:45,34.1,13.9,30,SSE,16.1,32.2,1009.58,0,0,5,833,,
2021-08-07,15:00,33.8,15,32,SE,16.1,35.4,1009.55,0,0,5,812,,
2021-08-07,15:15,33.9,15,33,SE,16.1,35.4,1009.62,0,0,5,788,,
2021-08-07,15:30,34,14.4,31,SE,17.7,30.6,1009.35,0,0,4,763,,
2021-08-07,15:45,34.1,15.6,33,SSE,20.9,35.4,1009.04,0,0,4,735,,
2021-08-07,16:00,33.9,15.6,34,SE,30.6,33.8,1009.11,0,0,4,698,,
2021-08-07,16:15,34.1,16.7,35,SE,11.3,32.2,1009.04,0,0,3,668,,
2021-08-07,16:30,34.1,17.2,36,SSE,16.1,27.4,1008.74,0,0,3,629,,
2021-08-07,16:45,33.7,17.2,37,SE,20.9,30.6,1008.64,0,0,3,587,,
2021-08-07,17:00,33.8,17.2,37,SE,25.7,30.6,1008.91,0,0,2,541,,
2021-08-07,17:15,33.5,18.9,42,SE,22.5,27.4,1008.94,0,0,2,501,,
2021-08-07,17:30,32.9,18.9,44,SE,12.9,30.6,1009.01,0,0,2,454,,
2021-08-07,17:45,32.7,18.9,45,SE,17.7,27.4,1009.18,0,0,1,406,,
2021-08-07,18:00,32.4,19.4,46,SE,20.9,25.7,1009.21,0,0,1,360,,
2021-08-07,18:15,32.1,19.4,48,SSE,11.3,27.4,1009.28,0,0,1,311,,
2021-08-07,18:30,31.7,19.4,49,SE,19.3,24.1,1009.31,0,0,1,262,,
2021-08-07,18:45,31.5,19.4,49,SE,17.7,24.1,1009.31,0,0,0,213,,
2021-08-07,19:00,31.2,18.9,49,SE,19.3,22.5,1009.31,0,0,0,167,,
2021-08-07,19:15,30.9,18.3,48,ESE,9.7,19.3,1009.48,0,0,0,118,,
2021-08-07,19:30,30.7,18.3,48,SSE,9.7,19.3,1009.72,0,0,0,76,,
2021-08-07,19:45,30.1,19.4,53,SSE,8,16.1,1009.96,0,0,0,26,,
2021-08-07,20:00,29.3,19.4,57,SSE,9.7,14.5,1010.13,0,0,0,14,,
2021-08-07,20:15,28.6,20,60,SSE,3.2,11.3,1010.06,0,0,0,9,,
2021-08-07,20:30,27.9,20.6,64,SSE,1.6,8,1010.46,0,0,0,0,,
2021-08-07,20:45,27.3,20,66,SSE,1.6,6.4,1010.6,0,0,0,0,,
2021-08-07,21:00,26.6,20.6,70,SSE,6.4,8,1010.7,0,0,0,0,,
2021-08-07,21:15,26.3,20.6,72,SE,4.8,6.4,1011.04,0,0,0,0,,
2021-08-07,21:30,26,20.6,73,SE,3.2,8,1011.28,0,0,0,0,,
2021-08-07,21:45,26.3,21.1,73,NORTH,0,8,1011.41,0,0,0,0,,
2021-08-07,22:00,25.6,20.6,74,ESE,1.6,4.8,1011.21,0,0,0,0,,
2021-08-07,22:15,25.6,21.1,76,SE,1.6,4.8,1011.89,0,0,0,0,,
2021-08-07,22:30,25.5,21.1,76,ESE,6.4,8,1011.51,0,0,0,0,,
2021-08-07,22:45,25.4,20.6,76,SSE,1.6,8,1012.19,0,0,0,0,,
2021-08-07,23:00,24.8,20.6,79,NORTH,0,6.4,1011.58,0,0,0,0,,
2021-08-07,23:15,24.4,20.6,80,SSE,3.2,6.4,1012.26,0,0,0,0,,
2021-08-07,23:30,24.3,20.6,80,NORTH,0,4.8,1012.02,0,0,0,0,,
2021-08-07,23:45,24.1,20.6,81,ESE,4.8,4.8,1012.09,0,0,0,0,,
2021-08-07,OVR,,,,,,,,,,,,gustmax,40.2
2021-08-07,OVR,,,,,,,,,,,,rainrate_max,0
2021-08-07,OVR,,,,,,,,,,,,rain_total_mm,0
2021-08-07,OVR,,,,,,,,,,,,tmax,34.8
2021-08-07,OVR,,,,,,,,,,,,tmin,22.8
2021-08-07,OVR,,,,,,,,,,,,wind_dir_mean_deg,123.2
2021-08-08,00:00,23.7,20,82,ESE,1.6,4.8,1012.02,0,0,0,0,,
2021-08-08,00:15,23.9,20,80,SE,3.2,8,1012.33,0,0,0,0,,
2021-08-08,00:30,23.8,20,81,SE,6.4,6.4,1012.33,0,0,0,0,,
2021-08-08,00:45,23.7,20.6,83,SE,3.2,6.4,1012.39,0,0,0,0,,
2021-08-08,01:00,23.5,20.6,85,SE,3.2,4.8,1012.29,0,0,0,0,,
2021-08-08,01:15,23.4,20.6,85,SE,1.6,3.2,1012.26,0,0,0,0,,
2021-08-08,01:30,23.4,20.6,84,NORTH,0,3.2,1012.73,0,0,0,0,,
2021-08-08,01:45,22.9,20,85,SE,3.2,4.8,1012.77,0,0,0,0,,
2021-08-08,02:00,23.1,20,82,NORTH,0,1.6,1012.8,0,0,0,0,,
2021-08-08,02:15,23.1,20.6,85,WEST,3.2,9.7,1012.9,0,0,0,0,,
2021-08-08,02:30,23.6,21.1,87,WEST,16.1,16.1,1012.97,0,0,0,0,,
2021-08-08,02:45,23.6,21.7,89,NORTH,11.3,17.7,1012.77,0,0,0,0,,
2021-08-08,03:00,23.4,21.7,90,NW,12.9,17.7,1012.73,0,0,0,0,,
2021-08-08,03:15,23,21.1,91,WNW,11.3,14.5,1012.63,0,0,0,0,,
2021-08-08,03:30,22.9,21.1,91,NW,8,11.3,1012.36,0,0,0,0,,
2021-08-08,03:45,22.8,21.1,90,NW,1.6,8,1012.43,0,0,0,0,,
2021-08-08,04:00,22.2,20.6,90,NNW,3.2,3.2,1012.29,0,0,0,0,,
2021-08-08,04:15,21.9,20,89,NW,3.2,6.4,1012.26,0,0,0,0,,
2021-08-08,04:30,21.7,19.4,88,NW,8,16.1,1012.09,0,0,0,0,,
2021-08-08,04:45,21.5,19.4,88,NW,4.8,14.5,1012.12,0,0,0,0,,
2021-08-08,05:00,21.6,19.4,89,NNW,4.8,9.7,1012.29,0,0,0,0,,
2021-08-08,05:15,21.4,19.4,90,NNW,3.2,6.4,1012.26,0,0,0,0,,
2021-08-08,05:30,21.2,19.4,91,NNW,6.4,6.4,1012.29,0,0,0,0,,
2021-08-08,05:45,21.4,19.4,91,NW,3.2,6.4,1012.5,0,0,0,0,,
2021-08-08,06:00,21.4,20,91,NW,3.2,8,1012.39,0,0,0,0,,
2021-08-08,06:15,21.3,19.4,91,NW,3.2,6.4,1012.53,0,0,0,0,,
2021-08-08,06:30,21.4,19.4,91,NW,4.8,4.8,1012.53,0,0,0,0,,
2021-08-08,06:45,21.9,20,91,NW,4.8,6.4,1012.77,0,0,0,12,,
2021-08-08,07:00,21.9,20,91,NW,3.2,12.9,1012.73,0,0,0,25,,
2021-08-08,07:15,21.7,20,91,NW,1.6,3.2,1012.77,0,0,0,65,,
2021-08-08,07:30,21.8,20,92,NW,1.6,4.8,1012.87,0,0,0,107,,
2021-08-08,07:45,22.1,20.6,91,NW,1.6,4.8,1013.28,0,0,0,144,,
2021-08-08,08:00,22.4,20.6,89,NW,4.8,6.4,1013.17,0,0,0,190,,
2021-08-08,08:15,23.3,20.6,87,NW,4.8,6.4,1013.44,0,0,0,253,,
2021-08-08,08:30,23.6,20.6,85,WEST,6.4,11.3,1013.61,0,0,1,299,,
2021-08-08,08:45,24,21.1,85,NW,4.8,11.3,1013.85,0,0,1,338,,
2021-08-08,09:00,24.1,21.1,85,WNW,4.8,14.5,1013.61,0,0,1,311,,
2021-08-08,09:15,24.8,21.7,82,WNW,8,14.5,1013.61,0,0,1,364,,
2021-08-08,09:30,25,21.7,82,WEST,6.4,17.7,1013.99,0,0,2,385,,
2021-08-08,09:45,25.9,21.7,78,WNW,6.4,14.5,1014.43,0,0,2,432,,
2021-08-08,10:00,26.3,21.7,75,WEST,12.9,17.7,1014.73,0,0,2,526,,
2021-08-08,10:15,26.9,21.1,71,WEST,3.2,16.1,1014.9,0,0,3,561,,
2021-08-08,10:30,27.1,20.6,68,WEST,6.4,20.9,1015.21,0,0,2,598,,
2021-08-08,10:45,27.9,21.1,67,WNW,11.3,22.5,1015.37,0,0,4,752,,
2021-08-08,11:00,28.4,21.7,68,WNW,11.3,19.3,1015.17,0,0,4,714,,
2021-08-08,11:15,28.9,21.7,65,WSW,4.8,16.1,1015.24,0,0,4,733,,
2021-08-08,11:30,29.5,20.6,60,WNW,9.7,20.9,1015.1,0,0,4,761,,
2021-08-08,11:45,30.4,20.6,56,NW,3.2,16.1,1014.83,0,0,5,788,,
2021-08-08,12:00,31.1,21.1,55,SSW,3.2,12.9,1014.8,0,0,5,814,,
2021-08-08,12:15,31.2,21.1,55,WEST,16.1,22.5,1014.8,0,0,5,844,,
2021-08-08,12:30,31.2,20.6,54,WNW,8,16.1,1014.83,0,0,3,461,,
2021-08-08,12:45,31.3,20.6,54,WEST,4.8,24.1,1014.87,0,0,3,262,,
2021-08-08,13:00,31.9,20,49,WNW,11.3,17.7,1015.04,0,0,6,904,,
2021-08-08,13:15,31.9,18.9,46,WNW,6.4,20.9,1015.17,0,0,3,387,,
2021-08-08,13:30,31.4,20.6,52,WEST,16.1,27.4,1015.31,0,0,2,311,,
2021-08-08,13:45,31,20.6,55,WNW,11.3,17.7,1014.9,0,0,1,127,,
2021-08-08,14:00,30.3,21.7,60,WEST,6.4,22.5,1014.87,0,0,1,197,,
2021-08-08,14:15,30.4,21.7,60,WEST,12.9,17.7,1017.41,0,0,1,174,,
2021-08-08,14:30,28.7,21.7,67,,8,16.1,1015.78,0,0,1,176,,
2021-08-08,14:45,29.1,21.1,62,EAST,6.4,17.7,1013.95,0,0,2,272,,
2021-08-08,15:00,32.9,15,34,ESE,4.8,11.3,1014.39,0,0,2,339,,
2021-08-08,15:15,34.5,20,43,,19.3,32.2,1015.27,0,0,5,847,,
2021-08-08,15:30,30.1,21.7,62,SW,9.7,25.7,1014.87,0,0,4,694,,
2021-08-08,15:45,30.9,21.1,56,SE,6.4,16.1,1014.77,0,0,2,297,,
2021-08-08,16:00,32.1,20.6,51,SE,4.8,12.9,1015.51,0,0,4,780,,
2021-08-08,16:15,31.9,20.6,52,SE,12.9,16.1,1014.9,0,0,3,345,,
2021-08-08,16:30,32.3,21.1,52,SOUTH,1.6,17.7,1015.34,0,0,3,343,,
2021-08-08,16:45,30.3,21.1,59,WNW,11.3,27.4,1015.75,0,0,2,540,,
2021-08-08,17:00,29.8,21.1,60,WNW,17.7,30.6,1016.29,0,0,2,315,,
2021-08-08,17:15,28.8,21.1,63,WSW,11.3,25.7,1016.42,0,0,1,264,,
2021-08-08,17:30,28.8,20.6,62,WEST,4.8,19.3,1015.98,0,0,1,313,,
2021-08-08,17:45,28.7,20,59,WEST,12.9,22.5,1016.36,0,0,1,287,,
2021-08-08,18:00,28,20.6,65,WEST,6.4,16.1,1015.85,0,0,1,199,,
2021-08-08,18:15,27.7,21.1,69,WNW,6.4,19.3,1016.29,0,0,0,135,,
2021-08-08,18:30,26.8,21.7,74,WEST,3.2,25.7,1015.95,0,0,0,158,,
2021-08-08,18:45,27,21.7,73,WNW,3.2,12.9,1016.12,0,0,0,81,,
2021-08-08,19:00,27.2,21.1,70,WNW,1.6,11.3,1015.98,0,0,0,72,,
2021-08-08,19:15,27.4,20.6,67,NORTH,0,6.4,1016.22,0,0,0,79,,
2021-08-08,19:30,28.2,20.6,63,NW,3.2,6.4,1016.19,0,0,0,37,,
2021-08-08,19:45,27.6,20,65,NW,3.2,4.8,1016.15,0,0,0,28,,
2021-08-08,20:00,27.3,19.4,62,SOUTH,4.8,6.4,1016.63,0,0,0,21,,
2021-08-08,20:15,27.6,20,63,SOUTH,4.8,4.8,1016.39,0,0,0,9,,
2021-08-08,20:30,27,19.4,64,SSE,4.8,6.4,1016.53,0,0,0,0,,
2021-08-08,20:45,26.3,19.4,66,NORTH,0,4.8,1016.7,0,0,0,0,,
2021-08-08,21:00,26.9,19.4,65,ESE,12.9,16.1,1015.95,0,0,0,0,,
2021-08-08,21:15,27.3,20,65,ESE,16.1,24.1,1016.02,0,0,0,0,,
2021-08-08,21:30,26.6,20.6,69,SSE,1.6,8,1017.51,0,0,0,0,,
2021-08-08,21:45,26,20,71,SOUTH,1.6,4.8,1017.58,0,0,0,0,,
2021-08-08,22:00,25.3,20,74,SOUTH,1.6,4.8,1017.78,0,0,0,0,,
2021-08-08,22:15,24.7,20,76,SOUTH,3.2,4.8,1017.68,0,0,0,0,,
2021-08-08,22:30,25.1,20,73,SSE,3.2,6.4,1017.71,0,0,0,0,,
2021-08-08,22:45,24.7,19.4,73,SSE,1.6,3.2,1017.68,0,0,0,0,,
2021-08-08,23:00,26.3,19.4,67,SSE,4.8,19.3,1018.22,0,0,0,0,,
2021-08-08,23:15,26.2,20,68,NNW,3.2,12.9,1018.19,0,0,0,0,,
2021-08-08,23:30,25.4,19.4,70,,6.4,12.9,1017.85,0,0,0,0,,
2021-08-08,23:45,24.9,19.4,72,ESE,3.2,6.4,1017.64,0,0,0,0,,
2021-08-08,OVR,,,,,,,,,,,,gustmax,37
2021-08-08,OVR,,,,,,,,,,,,rainrate_max,0
2021-08-08,OVR,,,,,,,,,,,,rain_total_mm,0
2021-08-08,OVR,,,,,,,,,,,,tmax,34.7
2021-08-08,OVR,,,,,,,,,,,,tmin,21.1
2021-08-08,OVR,,,,,,,,,,,,wind_dir_mean_deg,284.3
2021-08-09,00:00,25.3,20,73,EAST,9.7,12.9,1017.51,0,0,0,0,,
2021-08-09,00:15,25.2,20,73,EAST,4.8,11.3,1017.68,0,0,0,0,,
2021-08-09,00:30,25.5,20,71,ESE,11.3,14.5,1017.31,0,0,0,0,,
2021-08-09,00:45,25.8,19.4,69,ESE,16.1,20.9,1016.56,0,0,0,0,,
2021-08-09,01:00,26.3,18.9,65,ENE,6.4,22.5,1016.8,0,0,0,0,,
2021-08-09,01:15,25.9,19.4,67,NNE,1.6,8,1017.44,0,0,0,0,,
2021-08-09,01:30,26.4,18.3,62,SSE,6.4,14.5,1017.61,0,0,0,0,,
2021-08-09,01:45,26,18.3,64,SSE,3.2,9.7,1017.78,0,0,0,0,,
2021-08-09,02:00,26.1,17.2,59,ESE,9.7,11.3,1016.42,0,0,0,0,,
2021-08-09,02:15,26.7,17.2,57,ESE,4.8,14.5,1017.03,0,0,0,0,,
2021-08-09,02:30,25.6,18.3,64,NW,3.2,12.9,1017.2,0,0,0,0,,
2021-08-09,02:45,24.9,17.8,66,EAST,4.8,6.4,1016.73,0,0,0,0,,
2021-08-09,03:00,25,17.8,65,ESE,1.6,6.4,1017.68,0,0,0,0,,
2021-08-09,03:15,24,17.8,69,NORTH,0,6.4,1017.27,0,0,0,0,,
2021-08-09,03:30,23.7,17.8,71,EAST,4.8,6.4,1016.9,0,0,0,0,,
2021-08-09,03:45,24.7,18.3,68,ENE,1.6,8,1016.83,0,0,0,0,,
2021-08-09,04:00,24.3,17.8,68,EAST,4.8,6.4,1017.54,0,0,0,0,,
2021-08-09,04:15,23.7,17.2,68,EAST,4.8,4.8,1016.46,0,0,0,0,,
2021-08-09,04:30,24.8,17.2,64,NE,4.8,12.9,1016.76,0,0,0,0,,
2021-08-09,04:45,24.1,17.2,66,ENE,3.2,4.8,1016.86,0,0,0,0,,
2021-08-09,05:00,23.9,17.2,67,ENE,3.2,4.8,1016.97,0,0,0,0,,
2021-08-09,05:15,23.5,16.7,67,EAST,3.2,6.4,1016.56,0,0,0,0,,
2021-08-09,05:30,24.8,16.7,61,ENE,1.6,14.5,1016.76,0,0,0,0,,
2021-08-09,05:45,24.6,16.1,60,ENE,3.2,3.2,1016.86,0,0,0,0,,
2021-08-09,06:00,25.2,16.1,57,ESE,1.6,9.7,1017.17,0,0,0,0,,
2021-08-09,06:15,24.7,16.1,59,ESE,3.2,6.4,1017.2,0,0,0,0,,
2021-08-09,06:30,24.9,15.6,56,ESE,4.8,12.9,1017.07,0,0,0,0,,
2021-08-09,06:45,24.9,15.6,57,ENE,6.4,16.1,1016.97,0,0,0,12,,
2021-08-09,07:00,24.6,16.1,59,EAST,4.8,14.5,1017.2,0,0,0,30,,
2021-08-09,07:15,25.1,16.7,59,ESE,3.2,16.1,1017.34,0,0,0,58,,
2021-08-09,07:30,25.2,16.7,60,EAST,3.2,12.9,1017.54,0,0,0,93,,
2021-08-09,07:45,25.7,16.7,58,NORTH,0,9.7,1017.51,0,0,0,79,,
2021-08-09,08:00,26.2,16.1,55,EAST,6.4,12.9,1016.8,0,0,0,155,,
2021-08-09,08:15,26.9,16.1,53,EAST,9.7,11.3,1016.7,0,0,0,185,,
2021-08-09,08:30,26.7,16.1,53,EAST,3.2,11.3,1017.07,0,0,1,243,,
2021-08-09,08:45,27.8,16.1,49,EAST,1.6,4.8,1017.51,0,0,1,336,,
2021-08-09,09:00,28.2,15.6,47,EAST,1.6,4.8,1017.58,0,0,1,223,,
2021-08-09,09:15,29.1,16.1,46,NW,3.2,6.4,1017.91,0,0,1,367,,
2021-08-09,09:30,28.5,17.2,52,SSE,6.4,11.3,1017.58,0,0,2,376,,
2021-08-09,09:45,29.3,17.2,49,NW,14.5,19.3,1017.98,0,0,2,427,,
2021-08-09,10:00,28.4,17.8,53,NW,4.8,20.9,1018.46,0,0,2,503,,
2021-08-09,10:15,29.1,17.8,50,NW,4.8,14.5,1018.76,0,0,2,501,,
2021-08-09,10:30,29.7,16.7,47,WNW,8,14.5,1018.8,0,0,3,561,,
2021-08-09,10:45,30.8,17.2,44,NW,1.6,8,1018.9,0,0,3,645,,
2021-08-09,11:00,31.8,16.1,39,NNE,4.8,11.3,1018.56,0,0,3,684,,
2021-08-09,11:15,32.6,16.7,38,NORTH,4.8,11.3,1018.49,0,0,4,694,,
2021-08-09,11:30,33.3,15.6,35,EAST,3.2,8,1018.35,0,0,4,708,,
2021-08-09,11:45,33.3,15.6,35,SSE,4.8,12.9,1018.19,0,0,4,765,,
2021-08-09,12:00,34.3,15.6,33,SSE,6.4,12.9,1018.19,0,0,5,770,,
2021-08-09,12:15,34,15,32,NORTH,0,19.3,1018.73,0,0,5,793,,
2021-08-09,12:30,34.3,15.6,33,SSE,4.8,14.5,1018.76,0,0,5,807,,
2021-08-09,12:45,34.8,16.7,34,ESE,11.3,16.1,1018.76,0,0,5,817,,
2021-08-09,13:00,34.4,16.1,34,ESE,4.8,16.1,1018.83,0,0,5,824,,
2021-08-09,13:15,34.3,16.7,35,SSW,1.6,16.1,1018.66,0,0,5,830,,
2021-08-09,13:30,35.3,17.2,35,NORTH,0,17.7,1018.46,0,0,5,830,,
2021-08-09,13:45,35.8,18.3,36,EAST,6.4,17.7,1018.52,0,0,5,824,,
2021-08-09,14:00,35.8,17.8,35,ESE,4.8,11.3,1018.46,0,0,5,817,,
2021-08-09,14:15,36,18.3,35,SE,11.3,17.7,1018.59,0,0,5,807,,
2021-08-09,14:30,35.9,18.3,36,ESE,6.4,16.1,1018.29,0,0,5,793,,
2021-08-09,14:45,35.7,18.9,37,SSE,9.7,19.3,1018.19,0,0,5,779,,
2021-08-09,15:00,36.2,18.9,37,SE,17.7,17.7,1018.08,0,0,4,758,,
2021-08-09,15:15,36.4,18.9,36,WNW,6.4,17.7,1018.39,0,0,4,731,,
2021-08-09,15:30,36.4,18.9,35,SSE,8,16.1,1018.15,0,0,4,710,,
2021-08-09,15:45,36.9,18.3,34,SE,4.8,16.1,1018.02,0,0,4,680,,
2021-08-09,16:00,36.9,18.3,34,SE,3.2,12.9,1018.02,0,0,3,656,,
2021-08-09,16:15,36.2,18.9,37,WNW,11.3,17.7,1017.81,0,0,3,621,,
2021-08-09,16:30,35.9,18.9,37,WEST,4.8,20.9,1018.05,0,0,3,589,,
2021-08-09,16:45,35.3,18.3,37,WEST,12.9,20.9,1018.05,0,0,2,550,,
2021-08-09,17:00,35,17.8,37,WNW,12.9,20.9,1018.02,0,0,2,508,,
2021-08-09,17:15,34.5,17.8,37,WNW,6.4,14.5,1018.15,0,0,2,466,,
2021-08-09,17:30,34.4,17.2,37,WNW,8,19.3,1017.85,0,0,2,422,,
2021-08-09,17:45,34.9,17.8,37,WEST,4.8,17.7,1017.98,0,0,1,374,,
2021-08-09,18:00,34.7,17.2,36,SOUTH,1.6,11.3,1017.91,0,0,1,325,,
2021-08-09,18:15,34.3,17.8,38,SSE,3.2,12.9,1017.78,0,0,1,278,,
2021-08-09,18:30,34.4,17.8,37,SSE,19.3,17.7,1017.71,0,0,1,230,,
2021-08-09,18:45,32.8,22.2,55,SE,8,20.9,1017.34,0,0,0,186,,
2021-08-09,19:00,31.8,23.3,60,SSE,16.1,25.7,1017.44,0,0,0,142,,
2021-08-09,19:15,31.4,22.8,61,SE,16.1,24.1,1017.51,0,0,0,100,,
2021-08-09,19:30,30.4,22.8,64,SE,14.5,32.2,1017.44,0,0,0,69,,
2021-08-09,19:45,29.8,23.3,68,ESE,17.7,25.7,1017.75,0,0,0,42,,
2021-08-09,20:00,29.3,23.3,70,ESE,17.7,24.1,1017.88,0,0,0,25,,
2021-08-09,20:15,28.9,22.8,71,SSE,14.5,22.5,1017.85,0,0,0,11,,
2021-08-09,20:30,28.5,22.8,72,ESE,24.1,27.4,1017.88,0,0,0,0,,
2021-08-09,20:45,28.3,22.2,71,SE,12.9,25.7,1018.05,0,0,0,0,,
2021-08-09,21:00,28,22.8,73,SE,16.1,24.1,1018.02,0,0,0,0,,
2021-08-09,21:15,27.8,22.2,74,ESE,12.9,22.5,1018.22,0,0,0,0,,
2021-08-09,21:30,27.7,22.8,75,EAST,17.7,27.4,1018.52,0,0,0,0,,
2021-08-09,21:45,27.7,22.8,75,SE,16.1,29,1018.93,0,0,0,0,,
2021-08-09,22:00,27.3,23.3,79,ESE,25.7,41.8,1019.27,0,0,0,0,,
2021-08-09,22:15,26.5,23.3,84,ESE,38.6,33.8,1019.3,0,0,0,0,,
2021-08-09,22:30,26.1,23.3,86,ESE,22.5,46.7,1019.64,0,0,0,0,,
2021-08-09,22:45,25.5,23.3,88,ESE,20.9,43.5,1019.3,0,0,0,0,,
2021-08-09,23:00,25.2,23.3,90,SE,16.1,38.6,1019.44,0,0,0,0,,
2021-08-09,23:15,24.9,23.3,91,SE,16.1,30.6,1019.3,0,0,0,0,,
2021-08-09,23:30,24.9,23.3,92,ESE,12.9,22.5,1019.07,0,0,0,0,,
2021-08-09,23:45,24.9,23.3,92,EAST,11.3,25.7,1018.96,0,0,0,0,,
2021-08-09,OVR,,,,,,,,,,,,gustmax,46.7
2021-08-09,OVR,,,,,,,,,,,,rainrate_max,0
2021-08-09,OVR,,,,,,,,,,,,rain_total_mm,0
2021-08-09,OVR,,,,,,,,,,,,tmax,37.4
2021-08-09,OVR,,,,,,,,,,,,tmin,23.3
2021-08-09,OVR,,,,,,,,,,,,wind_dir_mean_deg,105.9
2021-08-10,00:00,25.1,23.3,91,EAST,16.1,25.7,1018.52,0,0,0,0,,
2021-08-10,00:15,25.1,23.3,89,EAST,6.4,17.7,1018.86,0,0,0,0,,
2021-08-10,00:30,25.3,22.8,86,ENE,8,19.3,1018.63,0,0,0,0,,
2021-08-10,00:45,25.5,22.2,83,ESE,11.3,17.7,1018.42,0,0,0,0,,
2021-08-10,01:00,25.7,21.7,79,ESE,16.1,19.3,1018.46,0,0,0,0,,
2021-08-10,01:15,27.2,21.1,69,SE,3.2,17.7,1018.66,0,0,0,0,,
2021-08-10,01:30,28.2,20,63,EAST,4.8,19.3,1018.52,0,0,0,0,,
2021-08-10,01:45,28.2,20,62,ESE,6.4,19.3,1018.35,0,0,0,0,,
2021-08-10,02:00,27.6,20.6,67,EAST,11.3,16.1,1018.29,0,0,0,0,,
2021-08-10,02:15,26.6,21.1,73,ESE,14.5,16.1,1018.05,0,0,0,0,,
2021-08-10,02:30,26.3,21.1,73,EAST,9.7,16.1,1017.78,0,0,0,0,,
2021-08-10,02:45,27.2,20,64,EAST,6.4,16.1,1017.68,0,0,0,0,,
2021-08-10,03:00,27.9,18.9,59,ESE,4.8,17.7,1017.54,0,0,0,0,,
2021-08-10,03:15,29.2,18.3,52,SE,4.8,16.1,1017.37,0,0,0,0,,
2021-08-10,03:30,30.4,18.9,50,ESE,27.4,27.4,1017.2,0,0,0,0,,
2021-08-10,03:45,30.2,18.9,51,SE,14.5,24.1,1017.14,0,0,0,0,,
2021-08-10,04:00,29.8,18.3,51,SE,8,22.5,1017.27,0,0,0,0,,
2021-08-10,04:15,29.6,18.3,51,ESE,6.4,12.9,1017.27,0,0,0,0,,
2021-08-10,04:30,28.7,18.3,53,ESE,9.7,16.1,1016.93,0,0,0,0,,
2021-08-10,04:45,28.8,18.3,54,ESE,11.3,16.1,1017.17,0,0,0,0,,
2021-08-10,05:00,28.8,18.3,54,ESE,9.7,16.1,1016.97,0,0,0,0,,
2021-08-10,05:15,28.2,18.3,55,ESE,6.4,16.1,1016.8,0,0,0,0,,
2021-08-10,05:30,28.9,17.8,51,ESE,8,12.9,1016.93,0,0,0,0,,
2021-08-10,05:45,28.8,17.2,51,ESE,12.9,17.7,1016.63,0,0,0,0,,
2021-08-10,06:00,28.8,17.2,50,ESE,9.7,16.1,1016.63,0,0,0,0,,
2021-08-10,06:15,28.5,17.2,52,ESE,9.7,12.9,1016.86,0,0,0,0,,
2021-08-10,06:30,28.5,17.2,52,SE,8,17.7,1017.1,0,0,0,0,,
2021-08-10,06:45,28.9,17.8,51,NORTH,3.2,14.5,1017.24,0,0,0,9,,
2021-08-10,07:00,28.8,17.8,52,ESE,9.7,12.9,1017.03,0,0,0,19,,
2021-08-10,07:15,29.7,17.8,49,ESE,11.3,19.3,1017.03,0,0,0,37,,
2021-08-10,07:30,29.1,17.2,50,ESE,14.5,20.9,1016.93,0,0,0,74,,
2021-08-10,07:45,30.1,17.2,47,ESE,12.9,19.3,1017.07,0,0,0,111,,
2021-08-10,08:00,30.8,17.8,46,ESE,6.4,14.5,1017.03,0,0,0,142,,
2021-08-10,08:15,31.2,17.8,45,SE,12.9,17.7,1017.24,0,0,0,169,,
2021-08-10,08:30,31.3,18.3,47,SE,12.9,24.1,1017.2,0,0,0,181,,
2021-08-10,08:45,31.4,18.9,47,EAST,16.1,37,1016.86,0,0,0,149,,
2021-08-10,09:00,31.7,18.9,47,ESE,27.4,25.7,1017.17,0,0,1,172,,
2021-08-10,09:15,32.2,18.9,46,ESE,24.1,27.4,1017.27,0,0,1,341,,
2021-08-10,09:30,32.8,19.4,45,ESE,11.3,25.7,1017.44,0,0,1,381,,
2021-08-10,09:45,32.7,19.4,45,ESE,17.7,22.5,1017.34,0,0,1,309,,
2021-08-10,10:00,33.3,19.4,45,SE,16.1,27.4,1017.24,0,0,1,478,,
2021-08-10,10:15,33.2,19.4,45,SE,14.5,29,1017.51,0,0,1,304,,
2021-08-10,10:30,33.9,20,44,SE,20.9,24.1,1017.75,0,0,2,548,,
2021-08-10,10:45,34.5,19.4,41,SE,14.5,24.1,1017.64,0,0,2,591,,
2021-08-10,11:00,34.3,20.6,44,EAST,16.1,27.4,1017.71,0,0,2,599,,
2021-08-10,11:15,35.1,20.6,44,SE,12.9,22.5,1017.68,0,0,2,606,,
2021-08-10,11:30,35.5,20.6,42,EAST,11.3,29,1017.68,0,0,2,649,,
2021-08-10,11:45,35.8,21.1,42,ESE,12.9,24.1,1017.75,0,0,2,668,,
2021-08-10,12:00,36.7,20,38,ESE,14.5,27.4,1017.68,0,0,3,744,,
2021-08-10,12:15,36.4,19.4,37,SE,17.7,24.1,1017.58,0,0,3,455,,
2021-08-10,12:30,37.3,19.4,36,SE,14.5,24.1,1017.37,0,0,2,742,,
2021-08-10,12:45,37.4,20,36,SSE,11.3,22.5,1017.31,0,0,1,422,,
2021-08-10,13:00,36.9,19.4,36,SE,11.3,22.5,1017.24,0,0,2,404,,
2021-08-10,13:15,36.9,20,37,SE,14.5,19.3,1017.24,0,0,2,693,,
2021-08-10,13:30,37.6,19.4,35,SE,17.7,20.9,1017.41,0,0,2,696,,
2021-08-10,13:45,37.7,20,35,SE,14.5,22.5,1017.2,0,0,1,373,,
2021-08-10,14:00,37.7,20.6,37,ESE,8,20.9,1017.37,0,0,2,700,,
2021-08-10,14:15,37.3,20,36,SSE,14.5,19.3,1017.34,0,0,2,434,,
2021-08-10,14:30,37.4,20,37,SE,14.5,16.1,1017.1,0,0,2,675,,
2021-08-10,14:45,37.8,20.6,37,ESE,17.7,19.3,1017.1,0,0,2,721,,
2021-08-10,15:00,38.1,18.9,33,SE,4.8,16.1,1016.93,0,0,2,606,,
2021-08-10,15:15,38.6,18.9,32,SSE,3.2,16.1,1016.86,0,0,1,587,,
2021-08-10,15:30,38.7,19.4,33,SSE,6.4,16.1,1016.9,0,0,2,494,,
2021-08-10,15:45,39.4,18.3,30,SOUTH,3.2,17.7,1016.8,0,0,1,336,,
2021-08-10,16:00,40.1,17.2,26,WNW,8,12.9,1016.93,0,0,2,701,,
2021-08-10,16:15,40.7,18.3,28,SOUTH,6.4,20.9,1016.8,0,0,2,638,,
2021-08-10,16:30,40.4,16.1,24,WEST,4.8,14.5,1016.66,0,0,1,541,,
2021-08-10,16:45,40.4,15,23,SOUTH,1.6,20.9,1016.73,0,0,2,510,,
2021-08-10,17:00,40.1,15,23,WEST,14.5,24.1,1016.66,0,0,1,446,,
2021-08-10,17:15,39.6,15,24,WEST,16.1,22.5,1016.66,0,0,1,410,,
2021-08-10,17:30,39,15.6,25,WEST,12.9,32.2,1016.73,0,0,1,353,,
2021-08-10,17:45,38.3,15,25,WEST,16.1,24.1,1016.42,0,0,1,308,,
2021-08-10,18:00,37.7,15.6,27,WNW,12.9,24.1,1016.53,0,0,1,278,,
2021-08-10,18:15,37.4,15.6,27,WEST,12.9,25.7,1016.53,0,0,0,234,,
2021-08-10,18:30,37.2,15,27,WEST,12.9,14.5,1016.32,0,0,0,202,,
2021-08-10,18:45,36.8,15.6,29,WEST,14.5,22.5,1016.42,0,0,0,137,,
2021-08-10,19:00,36.7,15.6,28,WEST,17.7,22.5,1016.42,0,0,0,123,,
2021-08-10,19:15,36.4,15.6,29,WNW,6.4,16.1,1016.32,0,0,0,86,,
2021-08-10,19:30,35.2,16.7,33,WEST,12.9,20.9,1016.7,0,0,0,60,,
2021-08-10,19:45,34.4,16.7,35,WNW,1.6,12.9,1016.93,0,0,0,39,,
2021-08-10,20:00,33.6,16.7,37,WNW,1.6,17.7,1016.93,0,0,0,21,,
2021-08-10,20:15,32.5,16.7,39,WNW,1.6,3.2,1016.8,0,0,0,0,,
2021-08-10,20:30,32.2,16.1,39,NORTH,0,4.8,1016.8,0,0,0,0,,
2021-08-10,20:45,31.6,15.6,38,WNW,1.6,4.8,1016.93,0,0,0,0,,
2021-08-10,21:00,31.3,15,37,NORTH,0,3.2,1017.03,0,0,0,0,,
2021-08-10,21:15,31.9,14.4,34,EAST,3.2,6.4,1017.07,0,0,0,0,,
2021-08-10,21:30,32.1,13.9,33,EAST,3.2,3.2,1017.31,0,0,0,0,,
2021-08-10,21:45,31.3,14.4,36,EAST,1.6,3.2,1017.71,0,0,0,0,,
2021-08-10,22:00,31.1,15,38,EAST,1.6,3.2,1017.95,0,0,0,0,,
2021-08-10,22:15,30.4,16.1,42,WSW,6.4,16.1,1018.46,0,0,0,0,,
2021-08-10,22:30,29.7,18.9,53,WNW,17.7,33.8,1018.39,0,0,0,0,,
2021-08-10,22:45,28.8,20,60,NE,22.5,49.9,1018.76,0,0,0,0,,
2021-08-10,23:00,28.5,20,61,WNW,17.7,30.6,1018.66,0,0,0,0,,
2021-08-10,23:15,28.4,20.6,62,WEST,12.9,24.1,1018.66,0,0,0,0,,
2021-08-10,23:30,28.1,20.6,64,NW,4.8,20.9,1018.59,0,0,0,0,,
2021-08-10,23:45,27.7,20,64,NNE,1.6,11.3,1018.59,0,0,0,0,,
2021-08-10,OVR,,,,,,,,,,,,gustmax,49.9
2021-08-10,OVR,,,,,,,,,,,,rainrate_max,0
2021-08-10,OVR,,,,,,,,,,,,rain_total_mm,0
2021-08-10,OVR,,,,,,,,,,,,tmax,41
2021-08-10,OVR,,,,,,,,,,,,tmin,25
2021-08-10,OVR,,,,,,,,,,,,wind_dir_mean_deg,122.6
2021-08-11,00:00,27.9,19.4,61,NORTH,0,9.7,1018.32,0,0,0,0,,
2021-08-11,00:15,28.3,18.9,57,ESE,1.6,6.4,1018.29,0,0,0,0,,
2021-08-11,00:30,27.3,18.9,60,ESE,3.2,3.2,1018.29,0,0,0,0,,
2021-08-11,00:45,28.8,17.2,50,NNE,4.8,4.8,1017.98,0,0,0,0,,
2021-08-11,01:00,30.3,16.7,44,EAST,4.8,9.7,1017.78,0,0,0,0,,
2021-08-11,01:15,30.7,16.1,42,EAST,3.2,6.4,1017.68,0,0,0,0,,
2021-08-11,01:30,30,15.6,42,EAST,3.2,4.8,1017.41,0,0,0,0,,
2021-08-11,01:45,29.3,16.1,45,ESE,4.8,4.8,1017.37,0,0,0,0,,
2021-08-11,02:00,29.8,16.1,44,ESE,1.6,4.8,1017.27,0,0,0,0,,
2021-08-11,02:15,29.2,15.6,44,ESE,3.2,4.8,1016.97,0,0,0,0,,
2021-08-11,02:30,29.1,15,42,ESE,4.8,4.8,1017.03,0,0,0,0,,
2021-08-11,02:45,30.3,14.4,38,ESE,6.4,9.7,1016.73,0,0,0,0,,
2021-08-11,03:00,31.4,13.3,34,NORTH,0,3.2,1016.7,0,0,0,0,,
2021-08-11,03:15,30.2,15.6,41,WEST,4.8,11.3,1016.83,0,0,0,0,,
2021-08-11,03:30,30.2,15,39,NORTH,0,8,1016.73,0,0,0,0,,
2021-08-11,03:45,30.4,13.9,36,SSE,1.6,3.2,1016.73,0,0,0,0,,
2021-08-11,04:00,30.3,13.3,35,ESE,4.8,6.4,1016.49,0,0,0,0,,
2021-08-11,04:15,32.2,13.3,32,ESE,12.9,16.1,1016.42,0,0,0,0,,
2021-08-11,04:30,31.7,14.4,36,SE,3.2,16.1,1016.53,0,0,0,0,,
2021-08-11,04:45,31.4,15,37,ESE,11.3,14.5,1016.7,0,0,0,0,,
2021-08-11,05:00,30.9,15,38,NNW,3.2,11.3,1016.53,0,0,0,0,,
2021-08-11,05:15,29.8,15,41,NW,3.2,8,1016.73,0,0,0,0,,
2021-08-11,05:30,29.3,15,42,SE,1.6,8,1016.93,0,0,0,0,,
2021-08-11,05:45,29.6,15,41,SSW,3.2,3.2,1017.14,0,0,0,0,,
2021-08-11,06:00,29.1,14.4,41,SE,6.4,8,1016.93,0,0,0,0,,
2021-08-11,06:15,29.1,15.6,44,WNW,17.7,20.9,1018.59,0,0,0,0,,
2021-08-11,06:30,27.1,17.2,55,WEST,4.8,22.5,1018.49,0,0,0,0,,
2021-08-11,06:45,27.1,17.8,58,WEST,11.3,19.3,1018.59,0,0,0,0,,
2021-08-11,07:00,27.7,17.8,55,NORTH,0,14.5,1018.42,0,0,0,18,,
2021-08-11,07:15,28,17.2,53,WEST,1.6,4.8,1018.35,0,0,0,37,,
2021-08-11,07:30,28.9,16.1,47,SSE,1.6,8,1018.12,0,0,0,39,,
2021-08-11,07:45,28.8,16.1,47,SSE,1.6,4.8,1018.15,0,0,0,77,,
2021-08-11,08:00,29.4,16.1,44,SE,1.6,4.8,1018.15,0,0,0,86,,
2021-08-11,08:15,29.6,16.1,45,ESE,3.2,6.4,1018.19,0,0,0,146,,
2021-08-11,08:30,30.3,16.1,43,ESE,1.6,8,1018.46,0,0,0,179,,
2021-08-11,08:45,31.2,17.2,43,EAST,3.2,4.8,1018.66,0,0,0,218,,
2021-08-11,09:00,30.9,17.2,44,EAST,9.7,6.4,1018.76,0,0,0,192,,
2021-08-11,09:15,29.4,17.2,49,NW,4.8,17.7,1019.13,0,0,1,232,,
2021-08-11,09:30,29.8,17.2,47,WNW,8,6.4,1019.1,0,0,1,257,,
2021-08-11,09:45,30.3,17.2,45,NW,1.6,9.7,1019.03,0,0,1,251,,
2021-08-11,10:00,31.5,16.7,41,WEST,12.9,24.1,1019.03,0,0,1,483,,
2021-08-11,10:15,32.3,17.2,41,NW,4.8,16.1,1019.07,0,0,2,489,,
2021-08-11,10:30,33.3,17.2,38,WEST,16.1,14.5,1019,0,0,2,503,,
2021-08-11,10:45,33.4,16.1,35,NORTH,0,12.9,1018.8,0,0,2,561,,
2021-08-11,11:00,34.1,16.1,34,NORTH,0,11.3,1018.66,0,0,2,652,,
2021-08-11,11:15,34.3,16.1,34,WNW,3.2,14.5,1018.86,0,0,2,446,,
2021-08-11,11:30,35.5,16.1,32,WEST,12.9,14.5,1018.9,0,0,3,714,,
2021-08-11,11:45,35.8,16.1,32,WNW,14.5,16.1,1018.96,0,0,3,705,,
2021-08-11,12:00,36.2,17.2,33,WEST,4.8,19.3,1018.86,0,0,4,717,,
2021-08-11,12:15,36.8,17.2,32,NW,3.2,11.3,1018.73,0,0,4,751,,
2021-08-11,12:30,37.7,17.2,30,WNW,11.3,19.3,1018.66,0,0,4,663,,
2021-08-11,12:45,38.2,14.4,25,WEST,16.1,20.9,1018.66,0,0,4,789,,
2021-08-11,13:00,38.6,12.8,22,SSW,11.3,27.4,1018.73,0,0,4,777,,
2021-08-11,13:15,38.7,12.2,20,WEST,16.1,24.1,1018.66,0,0,4,768,,
2021-08-11,13:30,39.1,13.3,22,NNW,8,27.4,1018.49,0,0,4,773,,
2021-08-11,13:45,39.3,14.4,23,WEST,27.4,22.5,1018.56,0,0,4,773,,
2021-08-11,14:00,38.8,15.6,26,WEST,19.3,35.4,1018.63,0,0,4,761,,
2021-08-11,14:15,39.2,13.9,22,WEST,9.7,29,1018.56,0,0,4,754,,
2021-08-11,14:30,39.4,11.7,19,ENE,27.4,32.2,1018.66,0,0,4,761,,
2021-08-11,14:45,39.4,12.2,20,WEST,17.7,33.8,1018.52,0,0,4,701,,
2021-08-11,15:00,38.8,14.4,24,WNW,12.9,30.6,1018.59,0,0,4,733,,
2021-08-11,15:15,38.8,16.1,26,WNW,14.5,27.4,1018.46,0,0,4,707,,
2021-08-11,15:30,38.7,15.6,26,WEST,4.8,27.4,1018.39,0,0,3,689,,
2021-08-11,15:45,38.9,16.1,26,NW,17.7,27.4,1018.56,0,0,3,638,,
2021-08-11,16:00,38.8,15.6,26,WEST,11.3,25.7,1018.46,0,0,3,596,,
2021-08-11,16:15,38.8,15.6,25,WEST,25.7,29,1018.29,0,0,3,564,,
2021-08-11,16:30,38.7,16.1,27,WNW,14.5,24.1,1018.22,0,0,2,526,,
2021-08-11,16:45,38.8,16.1,27,WEST,14.5,20.9,1018.22,0,0,2,487,,
2021-08-11,17:00,38.6,17.2,29,WNW,14.5,24.1,1018.19,0,0,2,448,,
2021-08-11,17:15,38,17.2,30,WEST,4.8,24.1,1018.32,0,0,1,404,,
2021-08-11,17:30,38.2,17.8,30,WEST,12.9,17.7,1018.22,0,0,1,362,,
2021-08-11,17:45,38,18.3,32,WEST,4.8,17.7,1018.08,0,0,1,315,,
2021-08-11,18:00,37.2,18.3,33,WEST,16.1,17.7,1017.98,0,0,1,260,,
2021-08-11,18:15,37.1,18.3,33,WEST,12.9,11.3,1018.02,0,0,0,202,,
2021-08-11,18:30,36.8,18.3,34,WEST,4.8,19.3,1017.95,0,0,0,172,,
2021-08-11,18:45,36.6,18.3,34,WEST,4.8,11.3,1017.85,0,0,0,146,,
2021-08-11,19:00,36.1,18.3,35,WSW,1.6,9.7,1017.81,0,0,0,114,,
2021-08-11,19:15,36.3,16.1,30,NW,3.2,6.4,1017.98,0,0,0,84,,
2021-08-11,19:30,35.7,16.7,33,WSW,3.2,4.8,1017.98,0,0,0,56,,
2021-08-11,22:15,27.6,22.2,73,ESE,4.8,17.7,1019.03,0,0,0,0,,
2021-08-11,23:45,26.8,22.8,79,ENE,3.2,6.4,1018.76,0,0,0,0,,
2021-08-11,OVR,,,,,,,,,,,,gustmax,37
2021-08-11,OVR,,,,,,,,,,,,rainrate_max,0
2021-08-11,OVR,,,,,,,,,,,,rain_total_mm,0
2021-08-11,OVR,,,,,,,,,,,,tmax,39.5
2021-08-11,OVR,,,,,,,,,,,,tmin,26.6
2021-08-11,OVR,,,,,,,,,,,,wind_dir_mean_deg,284.4
2021-08-12,00:00,26.7,21.7,76,ESE,3.2,4.8,1018.76,0,0,0,0,,
2021-08-12,00:15,25.9,21.7,78,ESE,1.6,3.2,1018.86,0,0,0,0,,
2021-08-12,00:30,25.6,21.1,77,ESE,3.2,4.8,1018.76,0,0,0,0,,
2021-08-12,00:45,25.8,20.6,74,ESE,1.6,4.8,1018.76,0,0,0,0,,
2021-08-12,01:00,26.6,20.6,70,ESE,3.2,9.7,1018.59,0,0,0,0,,
2021-08-12,01:15,26.1,18.9,65,ESE,1.6,4.8,1018.59,0,0,0,0,,
2021-08-12,01:30,26.9,17.8,59,ESE,1.6,4.8,1018.76,0,0,0,0,,
2021-08-12,01:45,27.9,18.3,57,NORTH,0,4.8,1018.63,0,0,0,0,,
2021-08-12,02:00,26.7,18.9,63,ESE,3.2,4.8,1018.8,0,0,0,0,,
2021-08-12,02:15,27.3,19.4,63,ESE,1.6,6.4,1018.86,0,0,0,0,,
2021-08-12,02:30,26.3,19.4,66,ESE,4.8,4.8,1018.9,0,0,0,0,,
2021-08-12,02:45,26.3,20,70,ESE,1.6,4.8,1019.13,0,0,0,0,,
2021-08-12,03:00,25.7,20.6,73,ESE,3.2,9.7,1018.9,0,0,0,0,,
2021-08-12,03:15,25.6,20,73,ESE,3.2,6.4,1019.1,0,0,0,0,,
2021-08-12,03:30,25.8,21.1,75,NORTH,0,4.8,1019.13,0,0,0,0,,
2021-08-12,03:45,25.1,21.1,79,ESE,1.6,4.8,1019,0,0,0,0,,
2021-08-12,04:00,24.9,20,76,NORTH,0,4.8,1018.93,0,0,0,0,,
2021-08-12,04:15,24.1,20,80,ESE,1.6,3.2,1019.03,0,0,0,0,,
2021-08-12,04:30,24.4,21.1,82,ESE,1.6,4.8,1018.96,0,0,0,0,,
2021-08-12,04:45,24.6,20.6,80,NORTH,0,4.8,1018.86,0,0,0,0,,
2021-08-12,05:00,24.8,20,75,NORTH,0,4.8,1018.96,0,0,0,0,,
2021-08-12,05:15,24.6,19.4,74,NORTH,0,4.8,1018.96,0,0,0,0,,
2021-08-12,05:30,24.9,19.4,72,ESE,3.2,4.8,1018.63,0,0,0,0,,
2021-08-12,05:45,25.3,18.9,68,ESE,1.6,6.4,1018.76,0,0,0,0,,
2021-08-12,06:00,25.3,18.3,66,ESE,4.8,6.4,1018.66,0,0,0,0,,
2021-08-12,06:15,25.5,20,73,EAST,1.6,6.4,1018.73,0,0,0,0,,
2021-08-12,06:30,25.6,21.7,80,ENE,4.8,9.7,1018.73,0,0,0,0,,
2021-08-12,06:45,25.2,21.7,82,EAST,1.6,11.3,1018.96,0,0,0,9,,
2021-08-12,07:00,25.8,20.6,73,NORTH,1.6,3.2,1018.93,0,0,0,25,,
2021-08-12,07:15,26.3,18.9,65,ESE,1.6,6.4,1019.2,0,0,0,46,,
2021-08-12,07:30,26.9,19.4,65,NORTH,0,4.8,1019.3,0,0,0,76,,
2021-08-12,07:45,27.1,20,65,EAST,1.6,6.4,1019.3,0,0,0,105,,
2021-08-12,08:00,27.2,20,66,EAST,1.6,4.8,1019.37,0,0,0,186,,
2021-08-12,08:15,27.9,19.4,61,EAST,3.2,11.3,1019.3,0,0,0,100,,
2021-08-12,08:30,27.9,18.9,58,ESE,3.2,12.9,1019.68,0,0,0,211,,
2021-08-12,08:45,28.6,18.9,55,ESE,4.8,11.3,1019.57,0,0,1,294,,
2021-08-12,09:00,29.3,18.9,53,ESE,6.4,9.7,1019.61,0,0,1,158,,
2021-08-12,09:15,29.6,20.6,59,NORTH,0,6.4,1019.81,0,0,1,315,,
2021-08-12,09:30,30,18.9,51,EAST,1.6,3.2,1019.88,0,0,1,353,,
2021-08-12,09:45,31.1,18.9,48,NORTH,0,3.2,1019.88,0,0,2,406,,
2021-08-12,10:00,31.1,21.7,57,NW,3.2,8,1020.12,0,0,2,473,,
2021-08-12,10:15,31.9,19.4,48,SE,1.6,6.4,1020.01,0,0,2,468,,
2021-08-12,10:30,33.1,18.3,42,ENE,1.6,6.4,1020.15,0,0,3,571,,
2021-08-12,10:45,33.3,19.4,44,SOUTH,1.6,6.4,1020.39,0,0,2,302,,
2021-08-12,11:00,33.6,19.4,44,NORTH,0,6.4,1020.49,0,0,2,297,,
2021-08-12,11:15,34.2,19.4,42,SE,6.4,11.3,1020.15,0,0,3,515,,
2021-08-12,11:30,33.9,18.9,42,SSE,14.5,17.7,1019.81,0,0,2,237,,
2021-08-12,11:45,34.4,18.9,40,SE,14.5,14.5,1020.35,0,0,4,865,,
2021-08-12,12:00,34.3,18.9,41,SE,6.4,16.1,1020.15,0,0,4,805,,
2021-08-12,12:15,34.7,18.3,38,SSE,12.9,19.3,1019.57,0,0,2,325,,
2021-08-12,12:30,34.7,18.9,39,SSE,8,17.7,1019.57,0,0,2,281,,
2021-08-12,12:45,35.3,19.4,39,ESE,6.4,17.7,1019.81,0,0,5,796,,
2021-08-12,13:00,36.3,17.8,34,SE,6.4,17.7,1019.68,0,0,5,807,,
2021-08-12,13:15,36.9,16.7,31,SOUTH,6.4,17.7,1019.78,0,0,5,816,,
2021-08-12,13:30,37.4,16.7,29,SSE,9.7,17.7,1019.47,0,0,5,814,,
2021-08-12,13:45,37.8,16.7,29,SSE,6.4,17.7,1019.4,0,0,5,803,,
2021-08-12,14:00,38.3,16.7,28,SE,17.7,16.1,1019.44,0,0,5,795,,
2021-08-12,14:15,37.7,17.8,31,SSE,11.3,24.1,1019.54,0,0,4,788,,
2021-08-12,14:30,37.3,18.3,33,ESE,6.4,22.5,1019.47,0,0,5,768,,
2021-08-12,14:45,37.2,17.8,33,SE,20.9,25.7,1019.44,0,0,4,749,,
2021-08-12,15:00,37.3,17.8,32,SE,14.5,24.1,1019.3,0,0,4,728,,
2021-08-12,15:15,36.7,18.9,35,SE,16.1,29,1019.44,0,0,4,701,,
2021-08-12,15:30,37.1,18.3,33,SE,12.9,22.5,1019.51,0,0,4,675,,
2021-08-12,15:45,37,17.8,32,ESE,11.3,22.5,1019.3,0,0,3,647,,
2021-08-12,16:00,37.2,18.9,35,SE,14.5,22.5,1019.54,0,0,3,617,,
2021-08-12,16:15,36.2,18.9,36,SE,14.5,24.1,1019.51,0,0,3,585,,
2021-08-12,16:30,35.9,18.3,35,SSE,11.3,19.3,1019.54,0,0,2,543,,
2021-08-12,16:45,35.6,17.8,35,SOUTH,9.7,24.1,1019.61,0,0,2,501,,
2021-08-12,17:00,35.5,17.8,35,SE,8,19.3,1019.68,0,0,2,462,,
2021-08-12,17:15,35.2,17.8,35,SSE,11.3,20.9,1019.78,0,0,2,417,,
2021-08-12,17:30,35.2,17.8,36,SOUTH,4.8,20.9,1019.88,0,0,1,373,,
2021-08-12,17:45,34.5,17.2,37,SSE,9.7,20.9,1019.78,0,0,1,330,,
2021-08-12,18:00,33.8,16.7,36,SSE,8,20.9,1020.05,0,0,1,287,,
2021-08-12,18:15,33.6,16.7,37,SSE,9.7,17.7,1020.12,0,0,1,239,,
2021-08-12,18:30,33.4,18.3,41,WEST,11.3,17.7,1020.15,0,0,0,195,,
2021-08-12,18:45,33.2,16.7,38,WNW,9.7,19.3,1020.29,0,0,0,158,,
2021-08-12,19:00,32.6,17.8,42,WEST,1.6,22.5,1020.32,0,0,0,118,,
2021-08-12,19:15,32,20,50,WNW,1.6,12.9,1020.35,0,0,0,86,,
2021-08-12,19:30,30.8,21.1,57,NORTH,0,9.7,1020.45,0,0,0,58,,
2021-08-12,19:45,29.9,22.2,63,SSE,1.6,11.3,1020.49,0,0,0,37,,
2021-08-12,20:00,29.2,22.2,68,SSE,8,11.3,1020.76,0,0,0,19,,
2021-08-12,20:15,28.4,22.8,71,SSE,1.6,9.7,1020.83,0,0,0,7,,
2021-08-12,20:30,27.8,22.2,72,SOUTH,1.6,9.7,1020.89,0,0,0,0,,
2021-08-12,20:45,27.3,22.2,74,SOUTH,1.6,6.4,1021.03,0,0,0,0,,
2021-08-12,21:00,26.8,21.7,75,SOUTH,1.6,4.8,1021.1,0,0,0,0,,
2021-08-12,21:15,27.1,21.7,74,WEST,1.6,12.9,1021.44,0,0,0,0,,
2021-08-12,21:30,26.6,21.7,75,NORTH,0,6.4,1021.54,0,0,0,0,,
2021-08-12,21:45,26.6,21.7,75,WSW,3.2,4.8,1021.64,0,0,0,0,,
2021-08-12,22:00,26.1,21.1,76,SSW,1.6,3.2,1021.84,0,0,0,0,,
2021-08-12,22:15,25.8,21.1,76,NORTH,0,4.8,1021.64,0,0,0,0,,
2021-08-12,22:30,25.7,21.1,77,NORTH,0,4.8,1021.67,0,0,0,0,,
2021-08-12,22:45,25.6,21.1,76,ESE,3.2,4.8,1021.44,0,0,0,0,,
2021-08-12,23:00,25.9,21.1,74,NORTH,0,4.8,1021.33,0,0,0,0,,
2021-08-12,23:15,25.9,21.1,75,ESE,1.6,1.6,1021.33,0,0,0,0,,
2021-08-12,23:30,26.3,20.6,72,ESE,1.6,4.8,1021.23,0,0,0,0,,
2021-08-12,23:45,26.2,20.6,72,ESE,1.6,4.8,1021.61,0,0,0,0,,
2021-08-12,OVR,,,,,,,,,,,,gustmax,29
2021-08-12,OVR,,,,,,,,,,,,rainrate_max,0
2021-08-12,OVR,,,,,,,,,,,,rain_total_mm,0
2021-08-12,OVR,,,,,,,,,,,,tmax,38.4
2021-08-12,OVR,,,,,,,,,,,,tmin,23.9
2021-08-12,OVR,,,,,,,,,,,,wind_dir_mean_deg,118.7
2021-08-13,00:00,25.8,19.4,68,ESE,3.2,4.8,1021.5,0,0,0,0,,
2021-08-13,00:15,25.9,18.3,63,ESE,1.6,4.8,1021.4,0,0,0,0,,
2021-08-13,00:30,26.1,17.2,58,ESE,4.8,4.8,1021.47,0,0,0,0,,
2021-08-13,00:45,26.8,15.6,51,ESE,3.2,4.8,1021.5,0,0,0,0,,
2021-08-13,01:00,26.5,15,50,ESE,3.2,4.8,1021.54,0,0,0,0,,
2021-08-13,01:15,26.9,15.6,50,SE,1.6,6.4,1021.44,0,0,0,0,,
2021-08-13,01:30,26.8,15.6,51,SE,4.8,4.8,1021.27,0,0,0,0,,
2021-08-13,01:45,27,16.1,51,SE,1.6,4.8,1021.2,0,0,0,0,,
2021-08-13,02:00,27.2,16.1,51,NORTH,0,3.2,1021.33,0,0,0,0,,
2021-08-13,02:15,26.7,15,50,SE,1.6,3.2,1021.1,0,0,0,0,,
2021-08-13,02:30,26.8,15.6,50,SE,3.2,3.2,1021,0,0,0,0,,
2021-08-13,02:45,26.4,16.1,54,SE,3.2,3.2,1021,0,0,0,0,,
2021-08-13,03:00,26.4,15,49,SE,3.2,4.8,1020.89,0,0,0,0,,
2021-08-13,03:15,26.8,15,49,SE,1.6,4.8,1021,0,0,0,0,,
2021-08-13,03:30,26.3,14.4,49,SE,3.2,3.2,1021.06,0,0,0,0,,
2021-08-13,03:45,26.3,15,50,NORTH,0,3.2,1021,0,0,0,0,,
2021-08-13,04:00,26.9,17.8,59,NORTH,0,3.2,1021.06,0,0,0,0,,
2021-08-13,04:15,26.7,17.2,57,SE,1.6,3.2,1020.96,0,0,0,0,,
2021-08-13,04:30,26.5,15,50,ENE,8,14.5,1020.42,0,0,0,0,,
2021-08-13,04:45,28.3,15,45,ESE,1.6,9.7,1020.93,0,0,0,0,,
2021-08-13,05:00,27.7,15,47,ESE,4.8,11.3,1020.52,0,0,0,0,,
2021-08-13,05:15,27.8,15,45,ESE,16.1,20.9,1019.1,0,0,0,0,,
2021-08-13,05:30,29.4,15.6,43,NW,8,22.5,1019.54,0,0,0,0,,
2021-08-13,05:45,28.3,15.6,47,EAST,4.8,11.3,1019.81,0,0,0,0,,
2021-08-13,06:00,27,16.7,54,NORTH,0,6.4,1020.01,0,0,0,0,,
2021-08-13,06:15,26.8,16.7,54,WNW,4.8,12.9,1020.52,0,0,0,0,,
2021-08-13,06:30,26.4,16.7,55,NORTH,0,4.8,1020.73,0,0,0,0,,
2021-08-13,06:45,25,16.1,58,SE,6.4,6.4,1021.03,0,0,0,7,,
2021-08-13,07:00,25.6,15.6,54,ESE,1.6,6.4,1021.27,0,0,0,21,,
2021-08-13,07:15,25.7,15.6,54,ESE,1.6,4.8,1021.47,0,0,0,39,,
2021-08-13,07:30,26.3,16.1,53,ESE,1.6,4.8,1021.64,0,0,0,62,,
2021-08-13,07:45,26.9,16.1,52,ESE,1.6,3.2,1021.81,0,0,0,95,,
2021-08-13,08:00,27.1,17.2,55,ESE,3.2,3.2,1021.74,0,0,0,144,,
2021-08-13,08:15,27.9,17.2,52,NORTH,0,3.2,1021.81,0,0,0,186,,
2021-08-13,08:30,29,17.8,51,NORTH,0,12.9,1021.84,0,0,0,232,,
2021-08-13,08:45,29.3,17.2,49,NW,4.8,16.1,1021.98,0,0,1,264,,
2021-08-13,09:00,29.4,16.7,47,NW,3.2,12.9,1022.01,0,0,1,274,,
2021-08-13,09:15,29.3,16.1,46,,3.2,11.3,1022.05,0,0,1,350,,
2021-08-13,09:30,29.9,16.7,45,NNW,3.2,6.4,1022.25,0,0,1,114,,
2021-08-13,09:45,29.9,16.7,45,NNW,4.8,8,1022.38,0,0,2,308,,
2021-08-13,10:00,31.1,17.2,43,NNW,3.2,6.4,1022.11,0,0,2,478,,
2021-08-13,10:15,32.3,17.2,40,NNE,1.6,9.7,1022.28,0,0,2,471,,
2021-08-13,10:30,33.1,16.1,36,EAST,1.6,9.7,1022.25,0,0,3,566,,
2021-08-13,10:45,33.6,16.1,35,EAST,6.4,9.7,1022.28,0,0,3,626,,
2021-08-13,11:00,34.1,16.1,35,SSE,1.6,9.7,1022.45,0,0,3,666,,
2021-08-13,11:15,34.7,17.2,36,SSE,4.8,8,1022.22,0,0,4,698,,
2021-08-13,11:30,35.4,17.2,35,SE,4.8,9.7,1022.32,0,0,4,728,,
2021-08-13,11:45,36.2,17.2,33,ENE,1.6,9.7,1022.05,0,0,4,754,,
2021-08-13,12:00,36.1,17.2,34,WNW,9.7,11.3,1021.98,0,0,4,775,,
2021-08-13,12:15,36.4,17.2,33,NW,4.8,14.5,1021.91,0,0,5,788,,
2021-08-13,12:30,36.9,17.2,32,WNW,11.3,12.9,1022.08,0,0,5,800,,
2021-08-13,12:45,37.2,17.8,32,WNW,11.3,17.7,1022.08,0,0,5,812,,
2021-08-13,13:00,36.9,17.2,31,WNW,4.8,12.9,1021.67,0,0,5,831,,
2021-08-13,13:15,37.4,16.7,30,SSE,1.6,14.5,1021.57,0,0,5,868,,
2021-08-13,13:30,37.9,17.8,31,NW,3.2,16.1,1021.37,0,0,5,909,,
2021-08-13,13:45,38.1,15.6,26,SE,6.4,16.1,1021.23,0,0,5,844,,
2021-08-13,14:00,39.1,16.7,27,EAST,1.6,19.3,1021.2,0,0,5,932,,
2021-08-13,14:15,38.9,16.1,26,WNW,8,11.3,1021.3,0,0,5,810,,
2021-08-13,14:30,39.4,15,24,WEST,4.8,25.7,1021.23,0,0,5,868,,
2021-08-13,14:45,38.1,17.2,30,WEST,33.8,40.2,1021.33,0,0,4,606,,
2021-08-13,15:00,37.2,15.6,28,WEST,22.5,43.5,1021.47,0,0,4,756,,
2021-08-13,15:15,37.2,13.9,25,WNW,20.9,46.7,1021.37,0,0,4,729,,
2021-08-13,15:30,36.8,13.9,25,WEST,22.5,35.4,1021.57,0,0,4,701,,
2021-08-13,15:45,36.8,14.4,27,WEST,24.1,30.6,1021.33,0,0,3,670,,
2021-08-13,16:00,36.8,15,28,WEST,14.5,37,1021.27,0,0,3,640,,
2021-08-13,16:15,36.9,15.6,28,WNW,9.7,27.4,1021.13,0,0,3,610,,
2021-08-13,16:30,36.8,15,28,WEST,20.9,32.2,1020.89,0,0,2,550,,
2021-08-13,16:45,35.7,15.6,30,NW,22.5,40.2,1020.93,0,0,2,533,,
2021-08-13,17:00,35.6,14.4,29,WEST,25.7,41.8,1020.73,0,0,1,190,,
2021-08-13,17:15,34.8,15.6,32,WEST,20.9,37,1020.73,0,0,1,385,,
2021-08-13,17:30,33.7,16.7,37,WEST,14.5,43.5,1020.89,0,0,1,417,,
2021-08-13,17:45,33.3,16.1,36,WNW,24.1,45.1,1020.86,0,0,1,366,,
2021-08-13,18:00,32.7,16.7,38,WEST,17.7,38.6,1021,0,0,1,137,,
2021-08-13,18:15,32,17.2,42,WEST,20.9,32.2,1020.96,0,0,1,257,,
2021-08-13,18:30,31.6,18.9,48,WEST,11.3,33.8,1020.93,0,0,1,223,,
2021-08-13,18:45,30.6,18.9,50,NW,14.5,30.6,1021.06,0,0,0,171,,
2021-08-13,19:00,29.9,18.9,52,WEST,14.5,30.6,1021.23,0,0,0,123,,
2021-08-13,19:15,29.6,18.3,52,WNW,16.1,27.4,1021.4,0,0,0,88,,
2021-08-13,19:30,29.4,18.9,54,WEST,12.9,19.3,1021.44,0,0,0,58,,
2021-08-13,19:45,28.8,18.9,55,WNW,12.9,25.7,1021.44,0,0,0,37,,
2021-08-13,20:00,28.5,18.9,56,WNW,17.7,22.5,1021.61,0,0,0,21,,
2021-08-13,20:15,28.1,18.3,56,SSE,6.4,9.7,1021.61,0,0,0,9,,
2021-08-13,20:30,27.9,17.8,55,SSE,1.6,4.8,1021.81,0,0,0,0,,
2021-08-13,20:45,26.9,17.8,57,SE,3.2,6.4,1021.74,0,0,0,0,,
2021-08-13,21:00,27.1,17.2,56,SE,1.6,4.8,1021.94,0,0,0,0,,
2021-08-13,21:15,27,17.2,56,NORTH,0,9.7,1021.94,0,0,0,0,,
2021-08-13,21:30,26,18.9,66,SE,3.2,4.8,1022.01,0,0,0,0,,
2021-08-13,21:45,26.2,18.9,65,SE,3.2,3.2,1022.05,0,0,0,0,,
2021-08-13,22:00,25.7,17.2,59,SE,3.2,4.8,1022.08,0,0,0,0,,
2021-08-13,22:15,26.1,16.1,55,NORTH,0,3.2,1022.11,0,0,0,0,,
2021-08-13,22:30,26.6,16.1,54,NORTH,0,3.2,1022.22,0,0,0,0,,
2021-08-13,22:45,25.7,16.1,56,SE,3.2,4.8,1021.91,0,0,0,0,,
2021-08-13,23:00,25.4,16.1,58,SE,3.2,4.8,1021.84,0,0,0,0,,
2021-08-13,23:15,25.9,16.1,56,SE,1.6,6.4,1021.78,0,0,0,0,,
2021-08-13,23:30,26.1,16.1,54,SE,3.2,4.8,1021.67,0,0,0,0,,
2021-08-13,23:45,26.6,15.6,51,SE,1.6,4.8,1021.67,0,0,0,0,,
2021-08-13,OVR,,,,,,,,,,,,gustmax,46.7
2021-08-13,OVR,,,,,,,,,,,,rainrate_max,0
2021-08-13,OVR,,,,,,,,,,,,rain_total_mm,0
2021-08-13,OVR,,,,,,,,,,,,tmax,39.6
2021-08-13,OVR,,,,,,,,,,,,tmin,24.9
2021-08-13,OVR,,,,,,,,,,,,wind_dir_mean_deg,113.7
2021-08-14,00:00,25.8,15.6,54,SE,1.6,3.2,1021.81,0,0,0,0,,
2021-08-14,00:15,25.5,15.6,55,SE,3.2,3.2,1021.71,0,0,0,0,,
2021-08-14,00:30,25.7,15.6,55,NORTH,0,3.2,1021.64,0,0,0,0,,
2021-08-14,00:45,25.3,15.6,56,SE,1.6,3.2,1021.67,0,0,0,0,,
2021-08-14,01:00,25,16.1,58,SE,3.2,4.8,1021.64,0,0,0,0,,
2021-08-14,01:15,25.2,16.1,58,SE,3.2,3.2,1021.57,0,0,0,0,,
2021-08-14,01:30,24.2,16.1,62,SE,3.2,3.2,1021.57,0,0,0,0,,
2021-08-14,01:45,24.9,16.1,59,SE,1.6,3.2,1021.37,0,0,0,0,,
2021-08-14,02:00,24.4,16.1,60,SE,1.6,3.2,1021.3,0,0,0,0,,
2021-08-14,02:15,24.5,16.1,60,SE,1.6,4.8,1021.2,0,0,0,0,,
2021-08-14,02:30,24.4,16.7,62,SE,1.6,4.8,1020.89,0,0,0,0,,
2021-08-14,02:45,24.6,17.2,63,WEST,1.6,9.7,1020.86,0,0,0,0,,
2021-08-14,03:00,23.7,17.2,67,NORTH,0,1.6,1020.96,0,0,0,0,,
2021-08-14,03:15,23.4,17.8,70,WEST,1.6,3.2,1020.76,0,0,0,0,,
2021-08-14,03:30,23.4,17.8,71,WEST,1.6,3.2,1020.79,0,0,0,0,,
2021-08-14,03:45,23.8,17.2,68,WEST,3.2,4.8,1020.62,0,0,0,0,,
2021-08-14,04:00,24.2,17.2,67,WEST,3.2,4.8,1020.66,0,0,0,0,,
2021-08-14,04:15,24.4,16.7,63,WEST,3.2,4.8,1020.59,0,0,0,0,,
2021-08-14,04:30,24.9,16.7,60,WEST,3.2,4.8,1020.62,0,0,0,0,,
2021-08-14,04:45,25.1,16.1,58,WEST,3.2,4.8,1020.62,0,0,0,0,,
2021-08-14,05:00,25.3,16.1,57,WEST,3.2,4.8,1020.56,0,0,0,0,,
2021-08-14,05:15,24.6,16.1,60,WEST,1.6,4.8,1020.49,0,0,0,0,,
2021-08-14,05:30,25.1,16.1,57,ESE,3.2,6.4,1020.62,0,0,0,0,,
2021-08-14,05:45,25.1,16.1,57,NORTH,0,4.8,1020.66,0,0,0,0,,
2021-08-14,06:00,24.6,16.1,59,ESE,1.6,1.6,1020.66,0,0,0,0,,
2021-08-14,06:15,24.2,15.6,60,ESE,1.6,3.2,1020.96,0,0,0,0,,
2021-08-14,06:30,23.7,15.6,61,ESE,1.6,3.2,1020.89,0,0,0,0,,
2021-08-14,06:45,23.7,15.6,61,ESE,3.2,4.8,1020.89,0,0,0,7,,
2021-08-14,07:00,24.2,15.6,59,ESE,1.6,6.4,1020.76,0,0,0,21,,
2021-08-14,07:15,25.1,15,55,NORTH,0,6.4,1020.89,0,0,0,42,,
2021-08-14,07:30,25.1,15,55,ESE,4.8,9.7,1020.73,0,0,0,74,,
2021-08-14,07:45,25.6,15.6,55,EAST,4.8,9.7,1020.79,0,0,0,104,,
2021-08-14,08:00,26.5,15.6,52,EAST,3.2,11.3,1020.83,0,0,0,155,,
2021-08-14,08:15,26.9,16.1,51,ENE,1.6,8,1020.86,0,0,0,197,,
2021-08-14,08:30,26.9,15.6,51,EAST,3.2,9.7,1021.06,0,0,1,244,,
2021-08-14,08:45,27.5,15.6,49,EAST,4.8,11.3,1021.44,0,0,1,265,,
2021-08-14,09:00,28,15.6,47,EAST,4.8,12.9,1021.47,0,0,1,278,,
2021-08-14,09:15,29.1,16.1,46,EAST,4.8,12.9,1021.37,0,0,1,329,,
2021-08-14,09:30,29.7,16.1,45,SE,6.4,11.3,1021.5,0,0,2,362,,
2021-08-14,09:45,29.8,16.1,44,SSE,4.8,11.3,1021.47,0,0,2,434,,
2021-08-14,10:00,30.4,16.7,44,ESE,3.2,12.9,1021.54,0,0,2,485,,
2021-08-14,10:15,30.6,16.7,44,SOUTH,9.7,16.1,1021.57,0,0,2,469,,
2021-08-14,10:30,31.4,17.2,42,SSE,11.3,14.5,1021.5,0,0,3,568,,
2021-08-14,10:45,31.7,17.2,42,SE,4.8,14.5,1021.61,0,0,3,635,,
2021-08-14,11:00,32.7,17.2,41,SSE,3.2,17.7,1021.67,0,0,3,670,,
2021-08-14,11:15,32.9,17.2,39,SSE,6.4,14.5,1021.67,0,0,4,698,,
2021-08-14,11:30,33.1,16.7,38,SE,8,16.1,1021.61,0,0,4,729,,
2021-08-14,11:45,33.2,15.6,35,SOUTH,3.2,14.5,1021.54,0,0,4,754,,
2021-08-14,12:00,33.5,15.6,35,SSE,9.7,16.1,1021.54,0,0,5,779,,
2021-08-14,12:15,34.1,16.1,34,SSE,1.6,16.1,1021.4,0,0,5,798,,
2021-08-14,12:30,34.3,16.1,34,SSE,1.6,14.5,1021.2,0,0,5,810,,
2021-08-14,12:45,34.9,16.7,33,SSE,3.2,17.7,1020.89,0,0,5,823,,
2021-08-14,13:00,35.3,16.1,32,SSE,1.6,14.5,1020.89,0,0,5,833,,
2021-08-14,13:15,35.7,16.7,32,SE,12.9,11.3,1020.79,0,0,5,835,,
2021-08-14,13:30,35.8,16.1,32,SSW,1.6,14.5,1020.79,0,0,5,837,,
2021-08-14,13:45,35.6,16.1,31,EAST,3.2,19.3,1020.45,0,0,5,831,,
2021-08-14,14:00,35.9,16.1,31,SE,4.8,20.9,1020.32,0,0,5,828,,
2021-08-14,14:15,36.3,16.1,30,ESE,1.6,17.7,1020.32,0,0,5,814,,
2021-08-14,14:30,36.3,16.7,32,WNW,11.3,20.9,1020.15,0,0,5,796,,
2021-08-14,14:45,36.4,17.8,33,SSW,1.6,16.1,1020.15,0,0,5,780,,
2021-08-14,15:00,36.7,18.3,34,WEST,3.2,20.9,1020.05,0,0,5,759,,
2021-08-14,15:15,37.1,17.8,32,SE,12.9,20.9,1019.91,0,0,4,738,,
2021-08-14,15:30,36.5,17.8,33,SSE,4.8,20.9,1019.84,0,0,4,712,,
2021-08-14,15:45,36.1,17.2,33,SE,19.3,24.1,1019.81,0,0,4,686,,
2021-08-14,16:00,36.2,17.8,34,SE,11.3,24.1,1019.61,0,0,3,656,,
2021-08-14,16:15,36,17.2,33,SE,12.9,22.5,1019.98,0,0,3,619,,
2021-08-14,16:30,35.4,16.1,32,SE,17.7,24.1,1020.12,0,0,3,582,,
2021-08-14,16:45,35.2,19.4,40,WNW,24.1,14.5,1020.22,0,0,2,541,,
2021-08-14,17:00,32.5,21.7,54,WNW,22.5,32.2,1020.25,0,0,2,494,,
2021-08-14,17:15,31.6,21.7,56,WNW,11.3,25.7,1020.25,0,0,2,455,,
2021-08-14,17:30,31.2,22.2,59,WNW,12.9,27.4,1020.35,0,0,1,408,,
2021-08-14,17:45,31.1,22.2,59,WEST,14.5,17.7,1020.32,0,0,1,355,,
2021-08-14,18:00,30.3,22.2,63,WNW,14.5,29,1020.42,0,0,1,304,,
2021-08-14,18:15,30.6,21.7,60,WNW,4.8,20.9,1020.42,0,0,1,260,,
2021-08-14,18:30,30.9,21.1,56,WEST,11.3,22.5,1020.22,0,0,1,214,,
2021-08-14,18:45,31.2,20.6,54,WEST,9.7,25.7,1020.25,0,0,0,167,,
2021-08-14,19:00,31.4,18.9,48,WEST,6.4,22.5,1020.22,0,0,0,123,,
2021-08-14,19:15,31.2,18.3,46,WNW,12.9,22.5,1020.22,0,0,0,84,,
2021-08-14,19:30,31.2,18.3,47,WNW,3.2,14.5,1020.29,0,0,0,54,,
2021-08-14,19:45,31.1,17.8,45,WEST,1.6,11.3,1020.45,0,0,0,32,,
2021-08-14,20:00,30.7,17.2,44,WEST,3.2,9.7,1020.22,0,0,0,18,,
2021-08-14,20:15,30.1,16.7,46,WEST,1.6,3.2,1020.29,0,0,0,0,,
2021-08-14,20:30,29.2,16.7,47,SSW,1.6,4.8,1020.22,0,0,0,0,,
2021-08-14,20:45,29.3,16.7,46,NORTH,0,4.8,1020.29,0,0,0,0,,
2021-08-14,21:00,28.9,16.7,48,SW,1.6,3.2,1020.39,0,0,0,0,,
2021-08-14,21:15,28.4,17.8,53,NORTH,0,8,1020.59,0,0,0,0,,
2021-08-14,21:30,27.4,17.8,57,WEST,3.2,3.2,1020.83,0,0,0,0,,
2021-08-14,21:45,27.3,18.3,59,WEST,1.6,3.2,1020.89,0,0,0,0,,
2021-08-14,22:00,27.1,18.3,60,WEST,1.6,3.2,1021.1,0,0,0,0,,
2021-08-14,22:15,27.2,17.8,57,NORTH,0,3.2,1021.03,0,0,0,0,,
2021-08-14,22:30,26.6,17.8,59,NORTH,0,1.6,1020.93,0,0,0,0,,
2021-08-14,22:45,26.4,18.3,62,NORTH,0,1.6,1021,0,0,0,0,,
2021-08-14,23:00,26.3,18.9,65,NORTH,0,3.2,1021.06,0,0,0,0,,
2021-08-14,23:15,26,18.3,63,WEST,1.6,1.6,1020.83,0,0,0,0,,
2021-08-14,23:30,25.4,17.2,61,NORTH,0,1.6,1020.89,0,0,0,0,,
2021-08-14,23:45,25.5,17.8,62,NORTH,0,4.8,1020.83,0,0,0,0,,
2021-08-14,OVR,,,,,,,,,,,,gustmax,32.2
2021-08-14,OVR,,,,,,,,,,,,rainrate_max,0
2021-08-14,OVR,,,,,,,,,,,,rain_total_mm,0
2021-08-14,OVR,,,,,,,,,,,,tmax,37.3
2021-08-14,OVR,,,,,,,,,,,,tmin,23.2
2021-08-14,OVR,,,,,,,,,,,,wind_dir_mean_deg,173
2021-08-15,00:00,25.1,18.3,66,NORTH,0,1.6,1020.66,0,0,0,0,,
2021-08-15,00:15,25.3,18.9,69,WEST,1.6,3.2,1020.73,0,0,0,0,,
2021-08-15,00:30,25.4,18.9,69,WEST,1.6,3.2,1020.56,0,0,0,0,,
2021-08-15,00:45,25.3,19.4,70,WEST,1.6,1.6,1020.52,0,0,0,0,,
2021-08-15,01:00,25.5,19.4,69,WEST,1.6,3.2,1020.56,0,0,0,0,,
2021-08-15,01:15,25.1,18.9,68,WEST,1.6,4.8,1020.45,0,0,0,0,,
2021-08-15,01:30,24.9,18.3,68,WEST,1.6,3.2,1020.22,0,0,0,0,,
2021-08-15,01:45,24.4,18.3,69,WEST,3.2,4.8,1020.18,0,0,0,0,,
2021-08-15,02:00,24.2,17.8,69,WEST,3.2,4.8,1020.08,0,0,0,0,,
2021-08-15,02:15,24.1,17.2,67,WEST,3.2,3.2,1019.98,0,0,0,0,,
2021-08-15,02:30,24.5,17.2,64,WEST,1.6,4.8,1019.81,0,0,0,0,,
2021-08-15,02:45,24.2,16.7,63,WEST,1.6,3.2,1019.64,0,0,0,0,,
2021-08-15,03:00,24.3,16.1,62,NORTH,0,3.2,1019.57,0,0,0,0,,
2021-08-15,03:15,23.7,16.1,64,WEST,3.2,4.8,1019.51,0,0,0,0,,
2021-08-15,03:30,23.4,16.1,65,WEST,1.6,3.2,1019.3,0,0,0,0,,
2021-08-15,03:45,23.9,16.1,63,WEST,1.6,3.2,1019.1,0,0,0,0,,
2021-08-15,04:00,24.2,16.1,62,WEST,1.6,4.8,1019.13,0,0,0,0,,
2021-08-15,04:15,24.1,16.1,63,WEST,1.6,3.2,1019.07,0,0,0,0,,
2021-08-15,04:30,23.9,16.1,63,WEST,3.2,3.2,1018.86,0,0,0,0,,
2021-08-15,04:45,24.2,16.7,63,WEST,3.2,4.8,1018.93,0,0,0,0,,
2021-08-15,05:00,24.2,16.1,62,WEST,1.6,4.8,1018.73,0,0,0,0,,
2021-08-15,05:15,25.2,16.1,57,WEST,1.6,3.2,1018.56,0,0,0,0,,
2021-08-15,05:30,24.6,16.1,60,NORTH,0,3.2,1018.56,0,0,0,0,,
2021-08-15,05:45,24.6,15.6,58,WEST,1.6,3.2,1018.66,0,0,0,0,,
2021-08-15,06:00,24.2,15.6,59,NORTH,0,4.8,1018.73,0,0,0,0,,
2021-08-15,06:15,23.9,15.6,59,NORTH,0,3.2,1018.76,0,0,0,0,,
2021-08-15,06:30,24.1,15.6,59,WEST,1.6,3.2,1018.76,0,0,0,0,,
2021-08-15,06:45,24.2,15.6,59,WEST,1.6,3.2,1019.03,0,0,0,9,,
2021-08-15,07:00,24.2,15.6,58,WEST,3.2,4.8,1019.2,0,0,0,23,,
2021-08-15,07:15,25.1,15.6,56,WEST,1.6,4.8,1019.34,0,0,0,49,,
2021-08-15,07:30,25.8,15.6,54,WEST,1.6,4.8,1019.34,0,0,0,81,,
2021-08-15,07:45,26.7,15,49,WEST,1.6,3.2,1019.3,0,0,0,116,,
2021-08-15,08:00,26.8,15.6,50,NORTH,0,3.2,1019.47,0,0,0,171,,
2021-08-15,08:15,26.2,16.7,56,NORTH,0,4.8,1019.47,0,0,0,214,,
2021-08-15,08:30,27.7,16.1,50,WEST,1.6,4.8,1019.3,0,0,1,260,,
2021-08-15,08:45,28.6,15.6,45,WEST,1.6,3.2,1019.37,0,0,1,262,,
2021-08-15,09:00,29.2,15,42,NW,3.2,6.4,1019.24,0,0,1,294,,
2021-08-15,09:15,29.7,15.6,42,NW,1.6,3.2,1019.17,0,0,1,332,,
2021-08-15,09:30,30.2,15.6,41,SSW,1.6,3.2,1019.1,0,0,2,357,,
2021-08-15,09:45,30.3,16.1,42,WSW,3.2,6.4,1019.03,0,0,2,439,,
2021-08-15,10:00,30.8,15.6,41,WSW,4.8,6.4,1019.2,0,0,2,478,,
2021-08-15,10:15,31.3,16.1,40,WNW,3.2,9.7,1019.07,0,0,3,478,,
2021-08-15,10:30,31.2,16.1,40,NORTH,0,11.3,1019.03,0,0,3,598,,
2021-08-15,10:45,31.9,16.7,41,WEST,3.2,14.5,1019.24,0,0,3,652,,
2021-08-15,11:00,31.8,17.2,42,WNW,8,20.9,1019.1,0,0,3,682,,
2021-08-15,11:15,32.2,16.7,40,WNW,1.6,19.3,1018.93,0,0,4,717,,
2021-08-15,11:30,32.8,16.7,39,NW,6.4,11.3,1018.86,0,0,4,745,,
2021-08-15,11:45,33.3,17.2,38,SSW,4.8,14.5,1018.86,0,0,4,768,,
2021-08-15,12:00,33.9,16.7,36,WEST,6.4,14.5,1019.03,0,0,5,791,,
2021-08-15,12:15,34.6,16.7,34,SE,8,19.3,1018.66,0,0,5,809,,
2021-08-15,12:30,34.8,16.1,33,SSW,3.2,11.3,1018.73,0,0,5,826,,
2021-08-15,12:45,34.9,15.6,32,SSE,11.3,16.1,1018.59,0,0,5,842,,
2021-08-15,13:00,34.8,15.6,32,ESE,3.2,16.1,1018.29,0,0,5,847,,
2021-08-15,13:15,35.2,15.6,31,SOUTH,8,17.7,1018.29,0,0,5,849,,
2021-08-15,13:30,35.9,15.6,30,SSE,8,14.5,1018.25,0,0,5,847,,
2021-08-15,13:45,36.1,16.1,31,SW,1.6,25.7,1018.25,0,0,5,840,,
2021-08-15,14:00,35.7,17.8,35,WNW,6.4,27.4,1018.25,0,0,5,838,,
2021-08-15,14:15,36,18.3,35,WEST,12.9,22.5,1018.12,0,0,5,826,,
2021-08-15,14:30,35.8,17.8,35,WNW,9.7,20.9,1018.08,0,0,5,814,,
2021-08-15,14:45,35.7,16.1,31,WNW,12.9,25.7,1018.02,0,0,5,798,,
2021-08-15,15:00,35.8,16.1,31,WEST,11.3,37,1017.85,0,0,5,773,,
2021-08-15,15:15,35.6,17.8,35,WEST,24.1,30.6,1017.98,0,0,4,749,,
2021-08-15,15:30,33.9,17.8,39,,33.8,41.8,1018.05,0,0,4,721,,
2021-08-15,15:45,33.1,16.7,37,WEST,35.4,46.7,1017.98,0,0,4,691,,
2021-08-15,16:00,32.5,20,48,WEST,19.3,38.6,1018.12,0,0,3,661,,
2021-08-15,16:15,31.9,21.1,53,NW,12.9,40.2,1018.12,0,0,3,624,,
2021-08-15,16:30,31.8,20,51,WEST,16.1,35.4,1017.91,0,0,3,587,,
2021-08-15,16:45,31.9,18.9,47,WEST,12.9,27.4,1017.91,0,0,2,548,,
2021-08-15,17:00,31.9,18.9,46,WEST,22.5,27.4,1017.85,0,0,2,504,,
2021-08-15,17:15,31.7,18.9,46,WEST,6.4,30.6,1017.58,0,0,2,462,,
2021-08-15,17:30,31.1,16.7,43,WEST,17.7,32.2,1017.71,0,0,2,413,,
2021-08-15,17:45,30.9,16.7,42,WEST,16.1,35.4,1017.78,0,0,1,364,,
2021-08-15,18:00,30.7,17.2,45,WEST,17.7,25.7,1017.85,0,0,1,309,,
2021-08-15,18:15,30.6,16.1,41,WEST,17.7,25.7,1017.98,0,0,1,264,,
2021-08-15,18:30,30.7,16.7,42,WNW,6.4,22.5,1017.68,0,0,1,216,,
2021-08-15,18:45,30.8,15,39,WEST,12.9,20.9,1017.81,0,0,0,169,,
2021-08-15,19:00,30.9,15,38,WNW,6.4,20.9,1017.75,0,0,0,125,,
2021-08-15,19:15,31,14.4,36,WNW,6.4,12.9,1017.75,0,0,0,86,,
2021-08-15,19:30,30.8,13.9,36,SSW,1.6,11.3,1017.61,0,0,0,54,,
2021-08-15,19:45,30.6,12.8,34,WEST,3.2,8,1017.58,0,0,0,32,,
2021-08-15,20:00,30.3,12.8,34,WEST,6.4,17.7,1017.68,0,0,0,18,,
2021-08-15,20:15,29.9,13.3,37,WNW,11.3,12.9,1017.61,0,0,0,0,,
2021-08-15,20:30,29.3,14.4,40,WEST,1.6,12.9,1017.68,0,0,0,0,,
2021-08-15,20:45,28.1,13.9,43,WEST,1.6,4.8,1017.78,0,0,0,0,,
2021-08-15,21:00,27.1,12.8,42,NORTH,0,4.8,1017.85,0,0,0,0,,
2021-08-15,21:15,26.8,11.7,39,EAST,1.6,6.4,1018.02,0,0,0,0,,
2021-08-15,21:30,26.9,10.6,37,NORTH,0,6.4,1017.95,0,0,0,0,,
2021-08-15,21:45,26.4,10.6,37,WNW,1.6,3.2,1017.95,0,0,0,0,,
2021-08-15,22:00,26.6,10,36,NORTH,0,3.2,1017.95,0,0,0,0,,
2021-08-15,22:15,26.7,10.6,36,WNW,1.6,3.2,1017.98,0,0,0,0,,
2021-08-15,22:30,26.8,10.6,37,WNW,1.6,3.2,1017.88,0,0,0,0,,
2021-08-15,22:45,26.6,10.6,37,WNW,1.6,3.2,1017.78,0,0,0,0,,
2021-08-15,23:00,25.9,10,37,WNW,1.6,4.8,1017.61,0,0,0,0,,
2021-08-15,23:15,26.7,10,35,SE,3.2,6.4,1017.64,0,0,0,0,,
2021-08-15,23:30,27,10,35,SE,3.2,3.2,1017.81,0,0,0,0,,
2021-08-15,23:45,26.7,10,35,SE,1.6,3.2,1017.95,0,0,0,0,,
2021-08-15,OVR,,,,,,,,,,,,gustmax,48.3
2021-08-15,OVR,,,,,,,,,,,,rainrate_max,0
2021-08-15,OVR,,,,,,,,,,,,rain_total_mm,0
2021-08-15,OVR,,,,,,,,,,,,tmax,36.3
2021-08-15,OVR,,,,,,,,,,,,tmin,23.3
2021-08-15,OVR,,,,,,,,,,,,wind_dir_mean_deg,277.4
2021-08-16,00:00,26.2,10,36,SE,1.6,3.2,1017.88,0,0,0,0,,
2021-08-16,00:15,26.8,10,35,NORTH,0,3.2,1017.95,0,0,0,0,,
2021-08-16,00:30,27.3,10,34,SE,3.2,4.8,1017.64,0,0,0,0,,
2021-08-16,00:45,26.1,10,37,SE,1.6,4.8,1017.88,0,0,0,0,,
2021-08-16,01:00,26.1,10.6,38,SE,1.6,3.2,1017.78,0,0,0,0,,
2021-08-16,01:15,25.8,11.1,39,SE,3.2,6.4,1017.71,0,0,0,0,,
2021-08-16,01:30,25.3,11.1,41,SE,1.6,3.2,1017.68,0,0,0,0,,
2021-08-16,01:45,24.7,11.1,42,SE,1.6,3.2,1017.27,0,0,0,0,,
2021-08-16,02:00,26.7,10.6,37,SE,1.6,4.8,1017.24,0,0,0,0,,
2021-08-16,02:15,26.6,10.6,37,SE,1.6,3.2,1017.14,0,0,0,0,,
2021-08-16,02:30,27,10.6,35,SE,1.6,3.2,1016.97,0,0,0,0,,
2021-08-16,02:45,26.6,10,36,SE,4.8,4.8,1016.9,0,0,0,0,,
2021-08-16,03:00,26.1,10,37,NORTH,0,3.2,1016.93,0,0,0,0,,
2021-08-16,03:15,24.9,10.6,40,SE,3.2,4.8,1016.8,0,0,0,0,,
2021-08-16,03:30,25.9,10.6,38,SE,3.2,4.8,1016.86,0,0,0,0,,
2021-08-16,03:45,25,10.6,40,SE,3.2,3.2,1017,0,0,0,0,,
2021-08-16,04:00,25.5,10.6,39,SE,3.2,4.8,1016.93,0,0,0,0,,
2021-08-16,04:15,25,10,40,SE,1.6,3.2,1017,0,0,0,0,,
2021-08-16,04:30,25.4,10.6,39,SE,1.6,3.2,1017.07,0,0,0,0,,
2021-08-16,04:45,25.1,10.6,40,SE,3.2,4.8,1016.73,0,0,0,0,,
2021-08-16,05:00,24.8,10.6,41,NORTH,0,3.2,1016.73,0,0,0,0,,
2021-08-16,05:15,25,11.1,41,NORTH,0,3.2,1016.73,0,0,0,0,,
2021-08-16,05:30,24.9,11.1,42,SE,3.2,3.2,1016.76,0,0,0,0,,
2021-08-16,05:45,24.6,10.6,42,SE,1.6,3.2,1016.59,0,0,0,0,,
2021-08-16,06:00,24.4,11.1,43,SE,1.6,3.2,1016.63,0,0,0,0,,
2021-08-16,06:15,24.5,10.6,42,NORTH,0,3.2,1016.66,0,0,0,0,,
2021-08-16,06:30,24.9,10.6,41,NORTH,0,3.2,1016.66,0,0,0,0,,
2021-08-16,06:45,25.2,10.6,40,SE,1.6,3.2,1016.56,0,0,0,7,,
2021-08-16,07:00,25.1,10.6,41,SE,1.6,3.2,1016.73,0,0,0,28,,
2021-08-16,07:15,25.4,11.1,41,SE,1.6,3.2,1016.59,0,0,0,56,,
2021-08-16,07:30,24.8,11.7,44,SE,1.6,3.2,1016.46,0,0,0,56,,
2021-08-16,07:45,25.4,12.2,44,NORTH,0,3.2,1016.59,0,0,0,102,,
2021-08-16,08:00,26.3,12.2,42,NORTH,0,1.6,1016.8,0,0,0,202,,
2021-08-16,08:15,26.9,12.8,42,NW,1.6,3.2,1017.03,0,0,0,239,,
2021-08-16,08:30,27.3,12.2,40,NORTH,0,4.8,1016.86,0,0,0,308,,
2021-08-16,08:45,28.4,11.1,34,NNW,4.8,6.4,1016.97,0,0,1,309,,
2021-08-16,09:00,29,11.1,34,NW,4.8,8,1016.97,0,0,1,223,,
2021-08-16,09:15,28.7,11.1,34,NORTH,0,6.4,1016.83,0,0,1,359,,
2021-08-16,09:30,29.4,11.1,33,NW,3.2,6.4,1016.8,0,0,1,410,,
2021-08-16,09:45,29.8,11.7,33,NW,1.6,8,1016.93,0,0,2,541,,
2021-08-16,10:00,29.9,11.7,33,NORTH,0,11.3,1016.9,0,0,1,241,,
2021-08-16,10:15,29.9,12.2,34,WNW,4.8,11.3,1017.1,0,0,1,169,,
2021-08-16,10:30,29.3,11.7,34,WNW,8,11.3,1017.2,0,0,2,330,,
2021-08-16,10:45,29.6,12.2,34,NW,6.4,11.3,1017.24,0,0,2,169,,
2021-08-16,11:00,30.3,12.8,34,WEST,11.3,12.9,1017.27,0,0,3,649,,
2021-08-16,11:15,30.4,15,39,WNW,12.9,19.3,1017.41,0,0,3,700,,
2021-08-16,11:30,30.4,16.1,42,WEST,11.3,25.7,1017.27,0,0,3,789,,
2021-08-16,11:45,30.8,15,39,WEST,16.1,27.4,1017.2,0,0,4,796,,
2021-08-16,12:00,31.4,14.4,36,WEST,25.7,29,1017.37,0,0,4,782,,
2021-08-16,12:15,31.6,16.7,41,WNW,11.3,27.4,1017.2,0,0,4,796,,
2021-08-16,12:30,31.4,17.8,44,WNW,12.9,30.6,1017.24,0,0,4,812,,
2021-08-16,12:45,31.8,17.2,42,WEST,11.3,29,1017.07,0,0,4,807,,
2021-08-16,13:00,32.3,16.7,39,NW,12.9,22.5,1016.93,0,0,4,789,,
2021-08-16,13:15,32,18.3,44,WEST,16.1,25.7,1016.7,0,0,4,800,,
2021-08-16,13:30,31.9,19.4,48,WNW,22.5,37,1016.83,0,0,5,902,,
2021-08-16,13:45,30.2,20.6,58,WEST,20.9,38.6,1017,0,0,4,823,,
2021-08-16,14:00,29,19.4,56,WEST,24.1,33.8,1016.93,0,0,4,457,,
2021-08-16,14:15,29.9,20,56,WEST,19.3,30.6,1016.76,0,0,4,828,,
2021-08-16,14:30,31.1,18.9,49,ESE,24.1,30.6,1016.63,0,0,4,772,,
2021-08-16,14:45,31.7,19.4,48,WNW,24.1,29,1016.7,0,0,4,763,,
2021-08-16,15:00,31.3,20,52,WNW,25.7,41.8,1016.7,0,0,4,738,,
2021-08-16,15:15,31.4,19.4,49,WNW,17.7,41.8,1016.42,0,0,4,717,,
2021-08-16,15:30,31.2,19.4,50,WNW,29,41.8,1016.36,0,0,4,691,,
2021-08-16,15:45,31.2,18.9,48,WEST,22.5,38.6,1016.32,0,0,3,663,,
2021-08-16,16:00,30.9,18.3,48,WEST,35.4,41.8,1016.39,0,0,3,626,,
2021-08-16,16:15,31.1,16.1,41,WEST,32.2,43.5,1016.15,0,0,3,578,,
2021-08-16,16:30,31.5,16.1,40,WNW,16.1,38.6,1016.05,0,0,2,540,,
2021-08-16,16:45,31.1,16.1,41,WNW,25.7,40.2,1015.98,0,0,2,490,,
2021-08-16,17:00,30.8,17.8,46,WEST,24.1,41.8,1016.19,0,0,2,464,,
2021-08-16,17:15,30.8,17.8,45,WNW,25.7,43.5,1016.05,0,0,1,232,,
2021-08-16,17:30,30.6,15.6,41,ESE,19.3,45.1,1016.02,0,0,1,301,,
2021-08-16,17:45,30.1,18.9,52,WEST,16.1,32.2,1015.95,0,0,1,309,,
2021-08-16,18:00,29.7,18.3,51,WNW,8,40.2,1015.95,0,0,1,253,,
2021-08-16,18:15,29.8,18.9,52,WEST,11.3,22.5,1015.82,0,0,1,232,,
2021-08-16,18:30,29.1,20.6,61,WEST,30.6,29,1015.68,0,0,0,200,,
2021-08-16,18:45,27.9,21.7,70,WEST,29,33.8,1015.58,0,0,0,148,,
2021-08-16,19:00,27.2,21.7,73,WNW,14.5,32.2,1015.37,0,0,0,104,,
2021-08-16,19:15,26.3,22.2,78,NW,20.9,32.2,1015.21,0,0,0,76,,
2021-08-16,19:30,25.8,21.7,78,WEST,14.5,32.2,1015.21,0,0,0,51,,
2021-08-16,19:45,25.5,21.7,79,WNW,19.3,30.6,1015.24,0,0,0,32,,
2021-08-16,20:00,25.3,21.7,81,NW,17.7,25.7,1015.48,0,0,0,16,,
2021-08-16,20:15,25,21.7,82,WEST,20.9,27.4,1015.37,0,0,0,0,,
2021-08-16,20:30,24.7,21.7,83,WEST,16.1,25.7,1015.58,0,0,0,0,,
2021-08-16,20:45,24.4,21.1,82,,19.3,27.4,1015.48,0,0,0,0,,
2021-08-16,21:00,24.2,20.6,82,WNW,12.9,25.7,1015.54,0,0,0,0,,
2021-08-16,21:15,24,20.6,81,WEST,19.3,32.2,1015.95,0,0,0,0,,
2021-08-16,21:30,23.9,20.6,82,WEST,14.5,32.2,1016.05,0,0,0,0,,
2021-08-16,21:45,23.7,20.6,84,WEST,19.3,29,1016.19,0,0,0,0,,
2021-08-16,22:00,23.5,20.6,85,WEST,16.1,27.4,1016.19,0,0,0,0,,
2021-08-16,22:15,23.3,20.6,86,WEST,9.7,17.7,1016.05,0,0,0,0,,
2021-08-16,22:30,23.2,20.6,87,WNW,16.1,24.1,1016.42,0,0,0,0,,
2021-08-16,22:45,22.9,20.6,87,WNW,1.6,17.7,1016.19,0,0,0,0,,
2021-08-16,23:00,22.7,20.6,88,WNW,3.2,24.1,1016.02,0,0,0,0,,
2021-08-16,23:15,22.7,20.6,88,WNW,17.7,22.5,1015.98,0,0,0,0,,
2021-08-16,23:30,22.6,20,88,WNW,12.9,27.4,1015.95,0,0,0,0,,
2021-08-16,23:45,22.4,20,87,WNW,14.5,24.1,1015.85,0,0,0,0,,
2021-08-16,OVR,,,,,,,,,,,,gustmax,45.1
2021-08-16,OVR,,,,,,,,,,,,rainrate_max,0
2021-08-16,OVR,,,,,,,,,,,,rain_total_mm,0
2021-08-16,OVR,,,,,,,,,,,,tmax,32.3
2021-08-16,OVR,,,,,,,,,,,,tmin,22.4
2021-08-16,OVR,,,,,,,,,,,,wind_dir_mean_deg,283.6
2021-08-17,00:00,22.4,20,88,NW,6.4,19.3,1016.05,0,0,0,0,,
2021-08-17,00:15,22.2,20,89,NNW,3.2,22.5,1015.98,0,0,0,0,,
2021-08-17,00:30,22,20,89,NW,1.6,9.7,1016.39,0,0,0,0,,
2021-08-17,00:45,21.8,20,90,NW,4.8,11.3,1016.32,0,0,0,0,,
2021-08-17,01:00,21.8,20,90,WEST,11.3,22.5,1016.39,0,0,0,0,,
2021-08-17,01:15,21.8,20,89,WEST,24.1,35.4,1016.36,0,0,0,0,,
2021-08-17,01:30,21.7,19.4,88,WNW,17.7,30.6,1016.42,0,0,0,0,,
2021-08-17,01:45,21.6,19.4,88,WEST,20.9,33.8,1016.19,0,0,0,0,,
2021-08-17,02:00,21.6,19.4,88,,16.1,33.8,1016.42,0,0,0,0,,
2021-08-17,02:15,21.4,19.4,88,WNW,17.7,27.4,1016.32,0,0,0,0,,
2021-08-17,02:30,21.3,19.4,89,WEST,12.9,22.5,1016.32,0,0,0,0,,
2021-08-17,02:45,21.3,18.9,88,WNW,16.1,35.4,1016.15,0,0,0,0,,
2021-08-17,03:00,21.2,18.9,88,WNW,22.5,30.6,1016.02,0,0,0,0,,
2021-08-17,03:15,21.3,18.9,87,WNW,25.7,37,1015.82,0,0,0,0,,
2021-08-17,03:30,21.5,18.9,85,WEST,24.1,35.4,1015.98,0,0,0,0,,
2021-08-17,03:45,21.7,18.3,83,WEST,20.9,38.6,1015.82,0,0,0,0,,
2021-08-17,04:00,21.7,18.3,82,WEST,32.2,40.2,1015.85,0,0,0,0,,
2021-08-17,04:15,21.6,18.3,82,WEST,17.7,38.6,1015.88,0,0,0,0,,
2021-08-17,04:30,21.4,18.3,83,WEST,16.1,32.2,1015.71,0,0,0,0,,
2021-08-17,04:45,21.3,18.3,83,WEST,19.3,35.4,1015.54,0,0,0,0,,
2021-08-17,05:00,21.3,17.8,82,WNW,22.5,41.8,1015.48,0,0,0,0,,
2021-08-17,05:15,21.3,17.8,82,WEST,19.3,37,1015.44,0,0,0,0,,
2021-08-17,05:30,21.3,17.8,81,WEST,20.9,40.2,1015.34,0,0,0,0,,
2021-08-17,05:45,21.2,17.8,80,ENE,22.5,37,1015.48,0,0,0,0,,
2021-08-17,06:00,21.2,17.2,79,WEST,27.4,37,1015.21,0,0,0,0,,
2021-08-17,06:15,21.2,17.2,78,NW,17.7,40.2,1015.48,0,0,0,0,,
2021-08-17,06:30,21.2,16.7,77,WEST,24.1,41.8,1015.48,0,0,0,0,,
2021-08-17,06:45,21.2,16.7,78,WNW,22.5,35.4,1015.58,0,0,0,9,,
2021-08-17,07:00,21.1,16.7,78,WEST,27.4,37,1015.61,0,0,0,21,,
2021-08-17,07:15,21.1,17.2,78,NW,25.7,37,1015.88,0,0,0,51,,
2021-08-17,07:30,21.1,17.2,79,WEST,25.7,46.7,1015.68,0,0,0,84,,
2021-08-17,07:45,21.2,17.2,78,WNW,25.7,48.3,1015.88,0,0,0,127,,
2021-08-17,08:00,21.4,17.2,77,WEST,25.7,46.7,1015.71,0,0,0,183,,
2021-08-17,08:15,21.7,17.2,76,WNW,22.5,43.5,1015.92,0,0,0,232,,
2021-08-17,08:30,21.8,17.2,76,WEST,30.6,37,1015.98,0,0,1,274,,
2021-08-17,08:45,22.3,17.2,74,WEST,29,49.9,1015.95,0,0,1,251,,
2021-08-17,09:15,22.9,17.2,71,WNW,37,51.5,1016.09,0,0,1,362,,
2021-08-17,09:30,22.8,17.2,71,WNW,29,53.1,1015.98,0,0,2,345,,
2021-08-17,09:45,22.9,17.2,72,WSW,29,54.7,1016.12,0,0,2,480,,
2021-08-17,10:00,23.2,17.2,71,WNW,38.6,56.3,1016.42,0,0,2,480,,
2021-08-17,10:15,23.3,17.2,70,WNW,40.2,56.3,1015.95,0,0,2,499,,
2021-08-17,10:30,23.7,17.2,67,NNW,25.7,53.1,1016.29,0,0,3,642,,
2021-08-17,10:45,24,17.2,66,WEST,32.2,54.7,1016.42,0,0,3,679,,
2021-08-17,11:00,24.2,17.2,67,WEST,29,54.7,1016.49,0,0,3,800,,
2021-08-17,11:15,24.3,17.2,66,WEST,43.5,53.1,1016.32,0,0,4,744,,
2021-08-17,11:30,24.3,17.8,66,WEST,25.7,53.1,1016.46,0,0,4,772,,
2021-08-17,11:45,24.6,17.2,65,WEST,33.8,51.5,1016.32,0,0,4,793,,
2021-08-17,12:00,24.8,17.2,64,WNW,49.9,51.5,1016.36,0,0,4,816,,
2021-08-17,12:15,24.8,17.8,64,WEST,45.1,53.1,1016.42,0,0,5,833,,
2021-08-17,12:30,24.8,17.8,65,WEST,29,54.7,1016.29,0,0,5,847,,
2021-08-17,12:45,24.8,17.8,65,WEST,22.5,54.7,1016.39,0,0,5,858,,
2021-08-17,13:00,24.7,17.2,64,WSW,61.2,57.9,1016.56,0,0,5,863,,
2021-08-17,13:15,24.9,17.8,64,EAST,30.6,57.9,1016.42,0,0,5,881,,
2021-08-17,13:30,24.8,17.2,64,WEST,22.5,61.2,1016.42,0,0,5,868,,
2021-08-17,13:45,25,17.2,62,WEST,25.7,46.7,1016.46,0,0,5,863,,
2021-08-17,14:00,25.3,17.2,62,WNW,38.6,53.1,1016.29,0,0,5,863,,
2021-08-17,14:15,24.5,17.2,64,WEST,40.2,57.9,1016.12,0,0,5,840,,
2021-08-17,14:30,24.8,17.2,63,WEST,38.6,57.9,1016.22,0,0,5,830,,
2021-08-17,14:45,25.2,17.2,62,WEST,41.8,56.3,1015.98,0,0,5,812,,
2021-08-17,15:00,24.6,16.7,62,WEST,25.7,59.5,1016.19,0,0,4,793,,
2021-08-17,15:15,24.9,17.2,63,WEST,16.1,51.5,1015.88,0,0,4,766,,
2021-08-17,15:30,25,17.8,64,EAST,33.8,51.5,1015.75,0,0,4,737,,
2021-08-17,15:45,24.9,17.2,63,WEST,29,53.1,1015.95,0,0,4,703,,
2021-08-17,16:00,24.8,17.8,66,WNW,33.8,54.7,1015.82,0,0,3,680,,
2021-08-17,16:15,24.5,17.8,66,WEST,24.1,51.5,1016.05,0,0,3,654,,
2021-08-17,16:30,24.4,17.2,66,WEST,46.7,57.9,1016.29,0,0,3,605,,
2021-08-17,16:45,24.2,17.2,66,WEST,17.7,54.7,1016.36,0,0,2,573,,
2021-08-17,17:00,24.1,17.2,67,WEST,27.4,45.1,1016.09,0,0,2,529,,
2021-08-17,17:15,23.8,17.2,68,WEST,25.7,56.3,1016.15,0,0,2,480,,
2021-08-17,17:30,23.6,17.2,67,WNW,29,49.9,1016.05,0,0,1,434,,
2021-08-17,17:45,23.6,17.2,68,WNW,25.7,43.5,1016.22,0,0,1,392,,
2021-08-17,18:00,23.3,17.2,68,WEST,45.1,41.8,1016.19,0,0,1,378,,
2021-08-17,18:15,23,17.2,70,WEST,20.9,49.9,1016.29,0,0,1,302,,
2021-08-17,18:30,23.1,17.2,69,WEST,45.1,51.5,1016.12,0,0,0,276,,
2021-08-17,18:45,22.7,17.2,71,WEST,40.2,57.9,1016.12,0,0,0,190,,
2021-08-17,19:00,22.4,16.7,72,WEST,14.5,49.9,1015.82,0,0,0,144,,
2021-08-17,19:15,22.2,16.7,73,WEST,30.6,53.1,1015.61,0,0,0,104,,
2021-08-17,19:30,22,16.7,73,WEST,37,48.3,1015.51,0,0,0,40,,
2021-08-17,19:45,21.8,16.7,74,WEST,27.4,48.3,1015.44,0,0,0,25,,
2021-08-17,20:00,21.7,16.7,74,WEST,22.5,48.3,1015.75,0,0,0,12,,
2021-08-17,20:15,21.4,16.7,75,WEST,19.3,48.3,1016.02,0,0,0,0,,
2021-08-17,20:30,21.2,16.7,76,WNW,24.1,46.7,1015.95,0,0,0,0,,
2021-08-17,20:45,21.1,16.7,76,WEST,29,38.6,1016.12,0,0,0,0,,
2021-08-17,21:00,21,16.7,76,WEST,19.3,37,1016.15,0,0,0,0,,
2021-08-17,21:15,20.8,16.1,76,WNW,16.1,37,1016.53,0,0,0,0,,
2021-08-17,21:30,20.8,16.1,77,WNW,17.7,32.2,1016.56,0,0,0,0,,
2021-08-17,21:45,20.7,16.1,77,WNW,19.3,29,1016.66,0,0,0,0,,
2021-08-17,22:00,20.6,16.1,77,WNW,20.9,25.7,1017.03,0,0,0,0,,
2021-08-17,22:15,20.6,16.1,77,WEST,16.1,25.7,1016.93,0,0,0,0,,
2021-08-17,22:30,20.4,16.1,78,WNW,17.7,29,1016.9,0,0,0,0,,
2021-08-17,22:45,20.4,16.1,78,WEST,17.7,27.4,1016.9,0,0,0,0,,
2021-08-17,23:00,20.3,16.1,78,WNW,16.1,30.6,1017.14,0,0,0,0,,
2021-08-17,23:15,20.3,16.1,78,WEST,14.5,37,1017,0,0,0,0,,
2021-08-17,23:30,20.3,16.1,78,WEST,22.5,27.4,1017.14,0,0,0,0,,
2021-08-17,23:45,20.1,16.1,80,WNW,14.5,27.4,1017,0,0,0,0,,
2021-08-17,OVR,,,,,,,,,,,,gustmax,66
2021-08-17,OVR,,,,,,,,,,,,rainrate_max,0
2021-08-17,OVR,,,,,,,,,,,,rain_total_mm,0
2021-08-17,OVR,,,,,,,,,,,,tmax,25.4
2021-08-17,OVR,,,,,,,,,,,,tmin,19.9
2021-08-17,OVR,,,,,,,,,,,,wind_dir_mean_deg,280.2
2021-08-18,00:00,20,16.7,81,WNW,16.1,24.1,1017.07,0,0,0,0,,
2021-08-18,00:15,20,16.1,81,WEST,22.5,27.4,1017.03,0,0,0,0,,
2021-08-18,00:30,20.2,16.7,80,WEST,16.1,32.2,1017.14,0,0,0,0,,
2021-08-18,00:45,20.2,16.1,79,WEST,25.7,25.7,1016.97,0,0,0,0,,
2021-08-18,01:00,20.1,16.1,80,WEST,16.1,22.5,1017.24,0,0,0,0,,
2021-08-18,01:15,20.1,16.7,81,WEST,14.5,24.1,1017.14,0,0,0,0,,
2021-08-18,01:30,20.2,16.7,80,NW,17.7,29,1016.83,0,0,0,0,,
2021-08-18,01:45,20.2,16.7,80,WNW,14.5,27.4,1016.9,0,0,0,0,,
2021-08-18,02:00,20.1,16.7,81,WEST,22.5,27.4,1016.76,0,0,0,0,,
2021-08-18,02:15,20.1,16.7,81,WEST,16.1,19.3,1016.83,0,0,0,0,,
2021-08-18,02:30,20.2,16.7,80,WNW,14.5,24.1,1016.76,0,0,0,0,,
2021-08-18,02:45,20.2,16.7,80,WEST,16.1,25.7,1016.7,0,0,0,0,,
2021-08-18,03:00,20.2,16.7,80,WEST,16.1,29,1016.63,0,0,0,0,,
2021-08-18,03:15,20.2,16.1,80,WNW,19.3,24.1,1016.7,0,0,0,0,,
2021-08-18,03:30,20.2,16.1,79,WNW,14.5,27.4,1016.66,0,0,0,0,,
2021-08-18,03:45,20.2,16.1,79,WEST,17.7,27.4,1016.53,0,0,0,0,,
2021-08-18,04:00,20.3,16.7,79,WEST,22.5,30.6,1016.19,0,0,0,0,,
2021-08-18,04:15,20.3,16.7,79,WNW,19.3,25.7,1016.19,0,0,0,0,,
2021-08-18,04:30,20.3,16.7,80,WEST,17.7,30.6,1016.19,0,0,0,0,,
2021-08-18,04:45,20.3,16.7,81,WNW,12.9,29,1015.98,0,0,0,0,,
2021-08-18,05:00,20.3,16.7,81,WEST,14.5,25.7,1015.85,0,0,0,0,,
2021-08-18,05:15,20.3,16.7,81,WNW,16.1,32.2,1015.98,0,0,0,0,,
2021-08-18,05:30,20.4,17.2,81,WNW,12.9,29,1015.85,0,0,0,0,,
2021-08-18,05:45,20.4,16.7,81,WEST,24.1,29,1015.98,0,0,0,0,,
2021-08-18,06:00,20.6,16.7,80,WEST,14.5,27.4,1016.02,0,0,0,0,,
2021-08-18,06:15,20.6,16.7,79,WEST,24.1,27.4,1015.85,0,0,0,0,,
2021-08-18,06:30,20.5,16.7,79,WEST,19.3,27.4,1015.88,0,0,0,0,,
2021-08-18,06:45,20.6,16.7,79,NE,22.5,27.4,1016.22,0,0,0,7,,
2021-08-18,07:00,20.6,16.7,80,WEST,14.5,24.1,1016.22,0,0,0,33,,
2021-08-18,07:15,20.6,16.7,80,WNW,29,27.4,1016.42,0,0,0,72,,
2021-08-18,07:30,20.7,16.7,80,WNW,19.3,32.2,1016.36,0,0,0,134,,
2021-08-18,07:45,20.9,17.2,79,WEST,20.9,27.4,1016.22,0,0,0,158,,
2021-08-18,08:00,21.2,17.2,78,WNW,22.5,33.8,1016.09,0,0,0,193,,
2021-08-18,08:15,21.2,17.2,78,WEST,17.7,38.6,1016.32,0,0,0,241,,
2021-08-18,08:30,21.4,17.2,76,SOUTH,25.7,33.8,1016.46,0,0,1,279,,
2021-08-18,08:45,21.8,17.2,75,WEST,25.7,37,1016.53,0,0,1,248,,
2021-08-18,09:00,22.1,16.7,73,WEST,29,41.8,1016.7,0,0,1,325,,
2021-08-18,09:15,22.4,16.7,72,WNW,22.5,37,1016.59,0,0,1,352,,
2021-08-18,09:30,22.6,16.7,71,WNW,32.2,43.5,1016.73,0,0,1,137,,
2021-08-18,09:45,22.8,16.7,69,WNW,22.5,48.3,1016.8,0,0,2,536,,
2021-08-18,10:00,22.9,16.7,68,WNW,22.5,46.7,1016.7,0,0,2,545,,
2021-08-18,10:15,23.2,16.1,66,WNW,17.7,51.5,1016.93,0,0,3,548,,
2021-08-18,10:30,23.2,16.1,65,WEST,20.9,46.7,1017.03,0,0,3,654,,
2021-08-18,10:45,23.2,16.7,67,WNW,48.3,49.9,1016.83,0,0,3,682,,
2021-08-18,11:00,23.5,16.1,63,ESE,27.4,56.3,1016.93,0,0,3,714,,
2021-08-18,11:15,23.8,16.7,65,WNW,22.5,46.7,1017.03,0,0,4,754,,
2021-08-18,11:30,23.8,16.1,64,WEST,38.6,48.3,1017.07,0,0,4,780,,
2021-08-18,11:45,24.2,16.7,63,WEST,22.5,49.9,1017.1,0,0,4,793,,
2021-08-18,12:00,24,16.7,64,WEST,32.2,49.9,1017.2,0,0,5,816,,
2021-08-18,12:15,24.3,16.1,61,WEST,20.9,54.7,1017.14,0,0,5,849,,
2021-08-18,12:30,24.3,16.1,62,WEST,32.2,51.5,1017.07,0,0,5,853,,
2021-08-18,12:45,24.4,16.1,60,WNW,30.6,48.3,1017.2,0,0,5,853,,
2021-08-18,13:00,24.4,16.7,62,WEST,32.2,49.9,1017.14,0,0,5,867,,
2021-08-18,13:15,24.2,16.7,63,WEST,24.1,51.5,1017.03,0,0,5,882,,
2021-08-18,13:30,24.6,16.7,61,WNW,25.7,48.3,1017.2,0,0,5,863,,
2021-08-18,13:45,24.1,16.1,62,WNW,24.1,56.3,1017.34,0,0,5,861,,
2021-08-18,14:00,24.5,16.1,61,WNW,27.4,45.1,1017.27,0,0,5,858,,
2021-08-18,14:15,24.3,16.1,61,WEST,40.2,53.1,1017.34,0,0,5,844,,
2021-08-18,14:30,24.3,16.1,61,WNW,24.1,49.9,1017.2,0,0,5,828,,
2021-08-18,14:45,24.6,16.1,60,WNW,20.9,56.3,1017.07,0,0,5,800,,
2021-08-18,15:00,24.9,16.1,58,SSW,25.7,45.1,1016.7,0,0,4,768,,
2021-08-18,15:15,24.4,15,57,WEST,29,53.1,1016.66,0,0,4,758,,
2021-08-18,15:30,24.6,15.6,58,WEST,32.2,53.1,1016.56,0,0,4,726,,
2021-08-18,15:45,24.6,15.6,58,WEST,32.2,57.9,1016.46,0,0,4,707,,
2021-08-18,16:00,24.3,15.6,59,WEST,25.7,54.7,1016.53,0,0,3,668,,
2021-08-18,16:15,24.2,16.1,61,WEST,41.8,66,1016.56,0,0,3,636,,
2021-08-18,16:30,24.2,16.1,61,WNW,45.1,56.3,1016.49,0,0,3,608,,
2021-08-18,16:45,23.9,16.1,62,EAST,29,53.1,1016.73,0,0,2,564,,
2021-08-18,17:00,23.7,16.1,62,EAST,33.8,56.3,1016.7,0,0,2,520,,
2021-08-18,17:15,23.6,16.1,63,WEST,16.1,49.9,1016.73,0,0,2,469,,
2021-08-18,17:30,23.4,16.7,66,WNW,25.7,48.3,1016.76,0,0,2,420,,
2021-08-18,17:45,23.1,16.1,65,WEST,32.2,51.5,1016.7,0,0,1,373,,
2021-08-18,18:00,23,16.1,66,WNW,24.1,62.8,1016.49,0,0,1,327,,
2021-08-18,18:15,22.8,16.1,67,WNW,33.8,59.5,1016.49,0,0,1,276,,
2021-08-18,18:30,22.7,16.1,68,WEST,41.8,53.1,1016.32,0,0,1,229,,
2021-08-18,18:45,22.3,16.7,70,WEST,24.1,53.1,1016.29,0,0,0,172,,
2021-08-18,19:00,22.2,16.7,70,WNW,33.8,49.9,1016.15,0,0,0,118,,
2021-08-18,19:15,22,16.7,71,WNW,30.6,45.1,1016.29,0,0,0,79,,
2021-08-18,19:30,21.7,16.1,72,WEST,30.6,51.5,1016.29,0,0,0,46,,
2021-08-18,19:45,21.4,16.1,73,WEST,40.2,45.1,1016.19,0,0,0,25,,
2021-08-18,20:00,21.1,16.1,74,WEST,22.5,43.5,1016.53,0,0,0,12,,
2021-08-18,20:15,20.8,16.1,75,WEST,25.7,33.8,1016.39,0,0,0,0,,
2021-08-18,20:30,20.6,16.1,76,WNW,22.5,40.2,1016.42,0,0,0,0,,
2021-08-18,20:45,20.4,16.1,77,WEST,14.5,33.8,1016.53,0,0,0,0,,
2021-08-18,21:00,20.3,16.1,78,WNW,22.5,27.4,1016.49,0,0,0,0,,
2021-08-18,21:15,20.2,16.1,78,WNW,14.5,32.2,1016.73,0,0,0,0,,
2021-08-18,21:30,20.1,16.1,78,WEST,20.9,24.1,1016.83,0,0,0,0,,
2021-08-18,21:45,19.9,16.1,79,NW,16.1,30.6,1017,0,0,0,0,,
2021-08-18,22:00,19.9,16.1,80,WNW,8,24.1,1016.97,0,0,0,0,,
2021-08-18,22:15,19.8,16.1,80,NW,8,20.9,1016.86,0,0,0,0,,
2021-08-18,22:30,19.7,16.1,80,WNW,6.4,17.7,1017.03,0,0,0,0,,
2021-08-18,22:45,19.6,16.1,81,NNW,3.2,16.1,1016.86,0,0,0,0,,
2021-08-18,23:00,19.4,16.1,81,WNW,3.2,14.5,1016.93,0,0,0,0,,
2021-08-18,23:15,19.6,16.1,81,WNW,8,17.7,1016.7,0,0,0,0,,
2021-08-18,23:30,19.4,16.1,81,WNW,4.8,8,1016.83,0,0,0,0,,
2021-08-18,23:45,19.3,16.1,82,WEST,11.3,12.9,1016.83,0,0,0,0,,
2021-08-18,OVR,,,,,,,,,,,,gustmax,66
2021-08-18,OVR,,,,,,,,,,,,rainrate_max,0
2021-08-18,OVR,,,,,,,,,,,,rain_total_mm,0
2021-08-18,OVR,,,,,,,,,,,,tmax,24.9
2021-08-18,OVR,,,,,,,,,,,,tmin,19.2
2021-08-18,OVR,,,,,,,,,,,,wind_dir_mean_deg,281.3
2021-08-19,00:00,19.2,16.1,82,WNW,4.8,8,1016.86,0,0,0,0,,
2021-08-19,00:15,19.3,16.1,82,NNW,4.8,14.5,1016.73,0,0,0,0,,
2021-08-19,00:30,18.9,15.6,82,NORTH,0,4.8,1016.9,0,0,0,0,,
2021-08-19,00:45,18.7,15.6,83,NORTH,0,1.6,1017.03,0,0,0,0,,
2021-08-19,01:00,18.9,15.6,83,NORTH,0,4.8,1017.14,0,0,0,0,,
2021-08-19,01:15,18.9,15.6,83,NORTH,0,4.8,1017.14,0,0,0,0,,
2021-08-19,01:30,18.8,15.6,82,NORTH,0,4.8,1017.07,0,0,0,0,,
2021-08-19,01:45,18.6,15.6,84,NORTH,0,6.4,1017.07,0,0,0,0,,
2021-08-19,02:00,18.2,15.6,85,NORTH,0,6.4,1017.07,0,0,0,0,,
2021-08-19,02:15,18.2,15.6,85,WNW,4.8,4.8,1016.93,0,0,0,0,,
2021-08-19,02:30,19.1,16.1,84,WNW,11.3,17.7,1017,0,0,0,0,,
2021-08-19,02:45,19.2,16.1,83,WNW,9.7,14.5,1016.8,0,0,0,0,,
2021-08-19,03:00,19,16.1,83,WEST,12.9,14.5,1016.86,0,0,0,0,,
2021-08-19,03:15,19,16.1,83,WEST,4.8,12.9,1016.76,0,0,0,0,,
2021-08-19,03:30,18.9,16.1,84,WEST,1.6,11.3,1016.56,0,0,0,0,,
2021-08-19,03:45,18.7,15.6,83,WEST,1.6,6.4,1016.56,0,0,0,0,,
2021-08-19,04:00,18.9,16.1,84,WNW,3.2,9.7,1016.22,0,0,0,0,,
2021-08-19,04:15,19.4,16.1,82,WNW,12.9,17.7,1016.32,0,0,0,0,,
2021-08-19,04:30,19.3,16.1,82,WNW,11.3,19.3,1015.92,0,0,0,0,,
2021-08-19,04:45,18.9,15.6,83,NW,4.8,12.9,1015.95,0,0,0,0,,
2021-08-19,05:00,18.3,15.6,85,NNW,1.6,6.4,1015.88,0,0,0,0,,
2021-08-19,05:15,18.2,15.6,85,NNW,1.6,4.8,1015.68,0,0,0,0,,
2021-08-19,05:30,18.3,15.6,84,NW,4.8,8,1015.71,0,0,0,0,,
2021-08-19,05:45,18.2,15.6,85,NNW,4.8,3.2,1015.68,0,0,0,0,,
2021-08-19,06:00,18.6,15.6,84,NNW,4.8,8,1015.61,0,0,0,0,,
2021-08-19,06:15,18.8,15.6,83,,3.2,8,1015.48,0,0,0,0,,
2021-08-19,06:30,18.8,15.6,83,NNW,1.6,9.7,1015.78,0,0,0,0,,
2021-08-19,06:45,18.7,15.6,83,NNW,1.6,4.8,1015.71,0,0,0,0,,
2021-08-19,07:00,18.8,15.6,83,,1.6,6.4,1015.98,0,0,0,21,,
2021-08-19,07:15,19,16.1,83,NORTH,0,3.2,1016.05,0,0,0,19,,
2021-08-19,07:30,19.4,16.1,82,NNW,4.8,6.4,1015.82,0,0,0,40,,
2021-08-19,07:45,19.6,16.1,81,NNW,1.6,6.4,1015.85,0,0,0,70,,
2021-08-19,08:00,19.6,16.1,81,NW,3.2,6.4,1015.85,0,0,0,76,,
2021-08-19,08:15,19.7,16.1,81,NW,1.6,6.4,1015.85,0,0,0,178,,
2021-08-19,08:30,20.2,16.7,80,WNW,6.4,8,1015.95,0,0,1,265,,
2021-08-19,08:45,21.2,17.2,78,NNW,4.8,12.9,1015.92,0,0,1,234,,
2021-08-19,09:00,21.7,17.2,76,NW,8,9.7,1016.02,0,0,1,304,,
2021-08-19,09:15,22,17.2,76,NW,11.3,11.3,1015.82,0,0,1,336,,
2021-08-19,09:30,22.4,17.8,75,WEST,4.8,27.4,1015.95,0,0,2,332,,
2021-08-19,09:45,22.7,17.8,74,WNW,14.5,24.1,1015.75,0,0,2,482,,
2021-08-19,10:00,22.8,17.8,73,NW,19.3,27.4,1015.92,0,0,2,471,,
2021-08-19,10:15,23.3,17.2,71,WEST,19.3,25.7,1015.92,0,0,2,519,,
2021-08-19,10:30,23.6,17.8,70,WEST,14.5,29,1016.05,0,0,3,629,,
2021-08-19,10:45,24.2,17.8,69,NW,19.3,27.4,1016.09,0,0,3,668,,
2021-08-19,11:00,24.4,17.8,67,WEST,24.1,25.7,1015.92,0,0,3,701,,
2021-08-19,11:15,24.8,17.8,66,WNW,9.7,27.4,1015.82,0,0,4,731,,
2021-08-19,11:30,25.3,17.8,64,WEST,11.3,29,1015.78,0,0,4,761,,
2021-08-19,11:45,25.4,17.8,63,WSW,4.8,32.2,1015.82,0,0,4,788,,
2021-08-19,12:00,25.9,17.8,62,SSW,3.2,30.6,1015.88,0,0,5,807,,
2021-08-19,12:15,26.1,17.8,60,WEST,19.3,37,1015.85,0,0,5,828,,
2021-08-19,12:30,26.4,17.8,59,WEST,12.9,27.4,1015.98,0,0,5,840,,
2021-08-19,12:45,26.7,17.8,59,SW,4.8,37,1015.61,0,0,5,849,,
2021-08-19,13:00,26.7,17.8,58,WEST,19.3,37,1015.65,0,0,5,856,,
2021-08-19,13:15,26.7,17.8,58,WNW,19.3,38.6,1015.58,0,0,5,860,,
2021-08-19,13:30,26.8,16.7,55,WEST,37,43.5,1015.54,0,0,5,860,,
2021-08-19,13:45,26.9,17.2,56,WEST,14.5,38.6,1015.82,0,0,5,858,,
2021-08-19,14:00,27,17.8,58,WEST,22.5,33.8,1015.78,0,0,5,849,,
2021-08-19,14:15,26.9,17.8,58,WNW,14.5,33.8,1015.51,0,0,5,835,,
2021-08-19,14:30,27.2,17.8,57,WEST,12.9,35.4,1015.54,0,0,5,821,,
2021-08-19,14:45,27,17.8,57,WEST,24.1,35.4,1015.44,0,0,5,805,,
2021-08-19,15:00,26.9,17.8,57,WEST,25.7,43.5,1015.48,0,0,5,780,,
2021-08-19,15:15,27,17.8,58,WEST,22.5,40.2,1015.61,0,0,4,752,,
2021-08-19,15:30,26.7,17.2,57,WNW,16.1,41.8,1015.48,0,0,4,728,,
2021-08-19,15:45,26.7,16.7,56,WNW,14.5,43.5,1015.44,0,0,4,701,,
2021-08-19,16:00,26.3,16.7,56,WEST,16.1,45.1,1015.68,0,0,3,670,,
2021-08-19,16:15,26.6,15,50,WNW,20.9,38.6,1015.68,0,0,3,643,,
2021-08-19,16:30,26.3,16.1,55,WNW,11.3,37,1015.51,0,0,3,605,,
2021-08-19,16:45,26.3,17.2,59,WNW,20.9,40.2,1015.1,0,0,2,563,,
2021-08-19,17:00,26,17.2,59,ENE,19.3,40.2,1015.14,0,0,2,522,,
2021-08-19,17:15,26.2,17.2,58,WEST,22.5,32.2,1015.04,0,0,2,478,,
2021-08-19,17:30,25.8,17.2,60,WNW,16.1,41.8,1015.24,0,0,2,431,,
2021-08-19,17:45,25.6,17.8,63,WNW,17.7,37,1015.21,0,0,1,380,,
2021-08-19,18:00,25.3,18.3,66,WEST,25.7,37,1015.04,0,0,1,330,,
2021-08-19,18:15,24.9,18.3,67,WNW,17.7,41.8,1015.07,0,0,1,278,,
2021-08-19,18:30,24.6,18.3,70,WEST,33.8,32.2,1014.93,0,0,1,230,,
2021-08-19,18:45,24.3,18.9,72,WEST,19.3,29,1014.83,0,0,0,174,,
2021-08-19,19:00,24,18.9,73,WEST,32.2,40.2,1014.9,0,0,0,121,,
2021-08-19,19:15,23.7,18.9,74,,14.5,29,1014.87,0,0,0,79,,
2021-08-19,19:30,23.4,18.9,76,WNW,12.9,29,1014.87,0,0,0,44,,
2021-08-19,19:45,23.2,18.9,77,WEST,14.5,22.5,1014.97,0,0,0,21,,
2021-08-19,20:00,22.8,18.9,79,WEST,16.1,22.5,1015.1,0,0,0,12,,
2021-08-19,20:15,22.4,18.9,81,WNW,11.3,24.1,1015.14,0,0,0,0,,
2021-08-19,20:30,22.1,18.9,82,WNW,8,17.7,1015.1,0,0,0,0,,
2021-08-19,20:45,21.8,18.9,83,WEST,4.8,16.1,1015.34,0,0,0,0,,
2021-08-19,21:00,21.7,18.9,84,WEST,4.8,16.1,1015.68,0,0,0,0,,
2021-08-19,21:15,21.6,18.9,85,WEST,1.6,16.1,1015.71,0,0,0,0,,
2021-08-19,21:30,21.5,18.9,85,SSW,3.2,9.7,1016.02,0,0,0,0,,
2021-08-19,21:45,21.4,18.9,85,WEST,3.2,11.3,1016.32,0,0,0,0,,
2021-08-19,22:00,21.3,18.3,85,WNW,3.2,11.3,1016.39,0,0,0,0,,
2021-08-19,22:15,21.3,18.3,85,WNW,4.8,14.5,1016.7,0,0,0,0,,
2021-08-19,22:30,21.2,18.3,85,WNW,1.6,12.9,1016.63,0,0,0,0,,
2021-08-19,22:45,21,18.3,85,WNW,4.8,14.5,1016.53,0,0,0,0,,
2021-08-19,23:00,20.8,18.3,85,WEST,6.4,11.3,1016.42,0,0,0,0,,
2021-08-19,23:15,20.6,17.8,84,WNW,1.6,6.4,1016.42,0,0,0,0,,
2021-08-19,23:30,20.1,17.8,87,NORTH,0,3.2,1016.39,0,0,0,0,,
2021-08-19,23:45,19.9,17.8,87,NORTH,0,3.2,1016.63,0,0,0,0,,
2021-08-19,OVR,,,,,,,,,,,,gustmax,46.7
2021-08-19,OVR,,,,,,,,,,,,rainrate_max,0
2021-08-19,OVR,,,,,,,,,,,,rain_total_mm,0
2021-08-19,OVR,,,,,,,,,,,,tmax,27.3
2021-08-19,OVR,,,,,,,,,,,,tmin,18
2021-08-19,OVR,,,,,,,,,,,,wind_dir_mean_deg,295.7
2021-08-20,00:00,19.8,17.8,88,NORTH,0,3.2,1016.73,0,0,0,0,,
2021-08-20,00:15,19.7,17.2,88,WNW,1.6,3.2,1016.83,0,0,0,0,,
2021-08-20,00:30,19.4,17.2,88,WNW,1.6,4.8,1016.7,0,0,0,0,,
2021-08-20,00:45,19.6,17.8,89,WNW,1.6,3.2,1016.42,0,0,0,0,,
2021-08-20,01:00,19.4,17.2,89,WNW,1.6,3.2,1016.46,0,0,0,0,,
2021-08-20,01:15,19.3,17.2,89,WNW,1.6,3.2,1016.42,0,0,0,0,,
2021-08-20,01:30,19.2,17.2,91,WNW,1.6,3.2,1016.42,0,0,0,0,,
2021-08-20,01:45,19.3,17.2,90,WNW,1.6,3.2,1016.42,0,0,0,0,,
2021-08-20,02:00,19.3,17.8,91,EAST,4.8,6.4,1016.09,0,0,0,0,,
2021-08-20,02:15,19.5,17.8,91,EAST,3.2,3.2,1015.85,0,0,0,0,,
2021-08-20,02:30,19.3,17.2,88,EAST,3.2,6.4,1015.85,0,0,0,0,,
2021-08-20,02:45,19.6,17.2,88,EAST,1.6,3.2,1015.88,0,0,0,0,,
2021-08-20,03:00,19.1,16.7,87,EAST,1.6,3.2,1015.71,0,0,0,0,,
2021-08-20,03:15,19.3,16.7,85,EAST,1.6,4.8,1015.61,0,0,0,0,,
2021-08-20,03:30,19.8,16.7,83,EAST,3.2,6.4,1015.51,0,0,0,0,,
2021-08-20,03:45,19.7,16.1,82,ESE,1.6,6.4,1015.31,0,0,0,0,,
2021-08-20,04:00,19.6,16.1,82,NORTH,0,3.2,1015.44,0,0,0,0,,
2021-08-20,04:15,18.9,16.1,84,ESE,1.6,4.8,1015.27,0,0,0,0,,
2021-08-20,04:30,19.3,16.1,84,ESE,1.6,4.8,1015.07,0,0,0,0,,
2021-08-20,04:45,20,16.7,82,EAST,4.8,6.4,1014.9,0,0,0,0,,
2021-08-20,05:00,20.2,16.1,79,ESE,3.2,6.4,1015.24,0,0,0,0,,
2021-08-20,05:15,19.8,16.1,79,ESE,3.2,4.8,1015.21,0,0,0,0,,
2021-08-20,05:30,19.3,15.6,81,ESE,1.6,3.2,1015.34,0,0,0,0,,
2021-08-20,05:45,19.2,15.6,81,ESE,3.2,4.8,1015.1,0,0,0,0,,
2021-08-20,06:00,19.1,16.1,83,NORTH,0,3.2,1015.41,0,0,0,0,,
2021-08-20,06:15,19.1,16.1,83,ESE,1.6,6.4,1015.41,0,0,0,0,,
2021-08-20,06:30,18.8,16.1,85,ESE,3.2,4.8,1015.27,0,0,0,0,,
2021-08-20,06:45,19.3,15.6,80,ESE,1.6,3.2,1015.58,0,0,0,7,,
2021-08-20,07:00,19.8,16.1,81,ESE,4.8,4.8,1015.31,0,0,0,18,,
2021-08-20,07:15,20.8,16.7,77,ESE,3.2,8,1015.34,0,0,0,44,,
2021-08-20,07:30,21.2,16.7,77,EAST,1.6,3.2,1015.37,0,0,0,70,,
2021-08-20,07:45,21.1,16.7,77,EAST,3.2,3.2,1015.68,0,0,0,123,,
2021-08-20,08:00,21,16.7,78,NORTH,0,4.8,1015.78,0,0,0,171,,
2021-08-20,08:15,20.9,17.2,79,NORTH,0,4.8,1015.92,0,0,0,214,,
2021-08-20,08:30,21.8,17.2,77,NORTH,0,0,1015.98,0,0,1,248,,
2021-08-20,08:45,22.9,17.2,72,SE,3.2,6.4,1015.95,0,0,1,229,,
2021-08-20,09:00,23.4,17.2,70,SSE,1.6,11.3,1016.32,0,0,1,301,,
2021-08-20,09:15,23.8,17.2,68,ESE,4.8,8,1016.42,0,0,1,327,,
2021-08-20,09:30,24.3,16.7,63,SOUTH,1.6,4.8,1016.63,0,0,1,311,,
2021-08-20,09:45,24.9,17.8,64,NW,6.4,12.9,1016.83,0,0,2,450,,
2021-08-20,10:00,24.8,17.8,65,WNW,3.2,11.3,1016.86,0,0,2,427,,
2021-08-20,10:15,25.6,17.8,63,NW,4.8,8,1016.97,0,0,2,515,,
2021-08-20,10:30,26.4,16.7,56,SSE,8,11.3,1017.14,0,0,3,610,,
2021-08-20,10:45,27.2,17.2,56,SSE,1.6,11.3,1017.17,0,0,3,645,,
2021-08-20,11:00,26.9,17.2,55,SSE,8,14.5,1017.34,0,0,3,682,,
2021-08-20,11:15,27.3,16.1,51,SSE,12.9,14.5,1017.51,0,0,4,708,,
2021-08-20,11:30,27.8,17.2,52,SSE,1.6,11.3,1017.44,0,0,4,742,,
2021-08-20,11:45,28.4,17.2,51,SE,3.2,14.5,1017.51,0,0,4,761,,
2021-08-20,12:00,28.9,17.2,49,SOUTH,1.6,19.3,1017.51,0,0,4,786,,
2021-08-20,12:15,29,15.6,44,NORTH,0,20.9,1017.34,0,0,5,807,,
2021-08-20,12:30,29.2,15.6,44,SSE,1.6,9.7,1017.27,0,0,5,823,,
2021-08-20,12:45,29,16.1,47,SSE,1.6,19.3,1017.27,0,0,5,833,,
2021-08-20,13:00,29.5,16.1,45,WNW,17.7,24.1,1017.27,0,0,5,840,,
2021-08-20,13:15,29.3,16.7,47,WNW,11.3,24.1,1017.41,0,0,5,838,,
2021-08-20,13:30,29.2,16.1,46,WEST,17.7,27.4,1017.51,0,0,5,835,,
2021-08-20,13:45,29.2,16.1,46,WNW,17.7,27.4,1017.61,0,0,5,858,,
2021-08-20,14:00,29.1,15.6,44,WNW,6.4,29,1017.44,0,0,5,826,,
2021-08-20,14:15,29.6,15,41,ESE,33.8,30.6,1017.41,0,0,5,819,,
2021-08-20,14:30,29.4,13.9,39,WNW,14.5,30.6,1017.27,0,0,5,803,,
2021-08-20,14:45,29.3,13.9,39,WEST,6.4,33.8,1017.2,0,0,5,782,,
2021-08-20,15:00,29.4,13.9,39,WSW,22.5,32.2,1017.07,0,0,4,765,,
2021-08-20,15:15,28.9,13.9,41,WEST,14.5,32.2,1017.1,0,0,4,738,,
2021-08-20,15:30,29,13.9,40,WNW,16.1,29,1017.2,0,0,4,710,,
2021-08-20,15:45,28.7,13.9,41,WEST,29,33.8,1017.2,0,0,3,684,,
2021-08-20,16:00,28.4,15,44,WNW,16.1,38.6,1016.86,0,0,3,652,,
2021-08-20,16:15,28.3,15,45,WEST,16.1,35.4,1017,0,0,3,617,,
2021-08-20,16:30,28.1,15.6,47,WEST,16.1,33.8,1017.03,0,0,3,580,,
2021-08-20,16:45,27.6,16.1,49,NW,14.5,37,1017.03,0,0,2,541,,
2021-08-20,17:00,27.4,16.1,51,WNW,19.3,37,1017.27,0,0,2,499,,
2021-08-20,17:15,27.2,16.7,53,WNW,8,37,1017.37,0,0,2,464,,
2021-08-20,17:30,26.9,16.7,53,WEST,17.7,37,1017.27,0,0,1,413,,
2021-08-20,17:45,26.9,16.1,53,WNW,19.3,32.2,1017.14,0,0,1,364,,
2021-08-20,18:00,26.5,16.7,55,WNW,16.1,35.4,1017.41,0,0,1,313,,
2021-08-20,18:15,26.2,17.2,58,WEST,22.5,35.4,1017.24,0,0,1,258,,
2021-08-20,18:30,25.9,17.2,59,NW,27.4,32.2,1017.51,0,0,0,214,,
2021-08-20,18:45,25.7,17.8,61,WNW,24.1,40.2,1017.37,0,0,0,163,,
2021-08-20,19:00,25.2,17.8,63,WNW,19.3,30.6,1017.17,0,0,0,118,,
2021-08-20,19:15,25.2,17.8,64,NW,22.5,35.4,1017.07,0,0,0,79,,
2021-08-20,19:30,24.7,17.8,66,WEST,11.3,32.2,1017.24,0,0,0,42,,
2021-08-20,19:45,24.2,17.8,68,WNW,17.7,32.2,1017.34,0,0,0,23,,
2021-08-20,20:00,23.8,17.8,70,WNW,12.9,27.4,1017.44,0,0,0,12,,
2021-08-20,20:15,23.2,17.8,73,WNW,12.9,27.4,1017.64,0,0,0,0,,
2021-08-20,20:30,22.8,18.3,75,NW,11.3,22.5,1017.75,0,0,0,0,,
2021-08-20,20:45,22.6,18.3,78,WEST,16.1,27.4,1017.85,0,0,0,0,,
2021-08-20,21:00,22.3,18.3,79,WNW,19.3,29,1018.12,0,0,0,0,,
2021-08-20,21:15,22.1,18.3,80,WEST,12.9,25.7,1018.12,0,0,0,0,,
2021-08-20,21:30,21.8,18.3,82,WEST,6.4,20.9,1018.35,0,0,0,0,,
2021-08-20,21:45,21.7,18.3,83,WEST,24.1,22.5,1018.39,0,0,0,0,,
2021-08-20,22:00,21.6,18.3,84,WNW,14.5,25.7,1018.63,0,0,0,0,,
2021-08-20,22:15,21.4,18.3,84,WNW,11.3,29,1018.76,0,0,0,0,,
2021-08-20,22:30,21.3,18.3,84,WNW,4.8,16.1,1018.73,0,0,0,0,,
2021-08-20,22:45,21.3,18.3,84,SW,4.8,17.7,1018.76,0,0,0,0,,
2021-08-20,23:00,20.8,18.3,85,WSW,1.6,6.4,1018.76,0,0,0,0,,
2021-08-20,23:15,20.5,17.8,86,NORTH,0,4.8,1018.66,0,0,0,0,,
2021-08-20,23:30,19.9,17.8,88,NORTH,0,1.6,1018.8,0,0,0,0,,
2021-08-20,23:45,19.9,17.8,87,NORTH,0,1.6,1018.86,0,0,0,0,,
2021-08-20,OVR,,,,,,,,,,,,gustmax,46.7
2021-08-20,OVR,,,,,,,,,,,,rainrate_max,0
2021-08-20,OVR,,,,,,,,,,,,rain_total_mm,0
2021-08-20,OVR,,,,,,,,,,,,tmax,29.9
2021-08-20,OVR,,,,,,,,,,,,tmin,18.5
2021-08-20,OVR,,,,,,,,,,,,wind_dir_mean_deg,291.9
2021-08-21,00:00,19.7,17.2,87,SOUTH,1.6,4.8,1018.96,0,0,0,0,,
2021-08-21,00:15,19.9,17.8,89,NORTH,0,4.8,1019.13,0,0,0,0,,
2021-08-21,00:30,20.3,18.3,90,NORTH,0,4.8,1018.96,0,0,0,0,,
2021-08-21,00:45,19.7,17.8,90,ESE,1.6,1.6,1019,0,0,0,0,,
2021-08-21,01:00,19.6,17.8,92,ESE,3.2,3.2,1018.8,0,0,0,0,,
2021-08-21,01:15,20.2,18.9,92,ESE,1.6,3.2,1018.96,0,0,0,0,,
2021-08-21,01:30,20.1,18.3,92,NNW,1.6,3.2,1018.93,0,0,0,0,,
2021-08-21,01:45,20.1,18.3,92,NE,3.2,4.8,1018.76,0,0,0,0,,
2021-08-21,02:00,20.2,18.9,92,NE,1.6,3.2,1018.8,0,0,0,0,,
2021-08-21,02:15,19.4,17.2,90,ESE,1.6,4.8,1018.66,0,0,0,0,,
2021-08-21,02:30,18.4,15.6,85,ESE,1.6,3.2,1018.56,0,0,0,0,,
2021-08-21,02:45,18,15,84,ESE,1.6,3.2,1018.52,0,0,0,0,,
2021-08-21,03:00,18.8,15.6,81,NORTH,0,3.2,1018.35,0,0,0,0,,
2021-08-21,03:15,19,15,78,ESE,3.2,4.8,1018.32,0,0,0,0,,
2021-08-21,03:30,20.2,15.6,74,ENE,4.8,6.4,1018.35,0,0,0,0,,
2021-08-21,03:45,20.4,16.1,77,EAST,9.7,12.9,1018.25,0,0,0,0,,
2021-08-21,04:00,20.9,16.7,77,EAST,6.4,12.9,1018.35,0,0,0,0,,
2021-08-21,04:15,20.6,16.7,79,EAST,1.6,8,1018.12,0,0,0,0,,
2021-08-21,04:30,20.6,16.7,79,NORTH,0,4.8,1018.25,0,0,0,0,,
2021-08-21,04:45,20.4,17.2,82,WNW,1.6,3.2,1018.15,0,0,0,0,,
2021-08-21,05:00,20.6,17.2,82,ENE,3.2,6.4,1018.08,0,0,0,0,,
2021-08-21,05:15,21,17.8,84,EAST,4.8,9.7,1018.02,0,0,0,0,,
2021-08-21,05:30,21.2,18.3,85,EAST,6.4,11.3,1018.12,0,0,0,0,,
2021-08-21,05:45,20.8,17.8,83,EAST,6.4,9.7,1018.12,0,0,0,0,,
2021-08-21,06:00,20.8,17.8,83,ENE,4.8,8,1018.29,0,0,0,0,,
2021-08-21,06:15,20.6,17.8,84,EAST,3.2,6.4,1018.39,0,0,0,0,,
2021-08-21,06:30,20.5,17.2,84,EAST,6.4,11.3,1018.42,0,0,0,0,,
2021-08-21,06:45,20.6,17.2,83,ESE,6.4,9.7,1018.66,0,0,0,0,,
2021-08-21,07:00,20.6,17.8,84,EAST,4.8,11.3,1018.83,0,0,0,12,,
2021-08-21,07:15,20.8,17.8,84,EAST,6.4,11.3,1018.73,0,0,0,44,,
2021-08-21,07:30,21.1,17.8,83,EAST,8,14.5,1018.93,0,0,0,76,,
2021-08-21,07:45,21.5,18.3,82,EAST,4.8,11.3,1019.1,0,0,0,135,,
2021-08-21,08:00,22.2,18.9,81,EAST,6.4,11.3,1019.17,0,0,0,190,,
2021-08-21,08:15,22.7,18.9,79,EAST,4.8,12.9,1019.27,0,0,0,234,,
2021-08-21,08:30,23.3,18.9,77,ENE,3.2,12.9,1019.4,0,0,1,251,,
2021-08-21,08:45,23.8,18.9,74,NE,8,11.3,1019.51,0,0,1,244,,
2021-08-21,09:00,24.2,18.9,73,ENE,3.2,11.3,1019.71,0,0,1,306,,
2021-08-21,09:15,24.8,19.4,72,ESE,4.8,12.9,1019.71,0,0,1,336,,
2021-08-21,09:30,25,18.9,71,ESE,4.8,12.9,1019.78,0,0,2,315,,
2021-08-21,09:45,25.7,18.9,67,ENE,8,12.9,1019.81,0,0,2,469,,
2021-08-21,10:00,26.1,18.9,66,EAST,3.2,11.3,1019.81,0,0,2,443,,
2021-08-21,10:15,27.1,18.9,61,EAST,6.4,12.9,1019.91,0,0,3,557,,
2021-08-21,10:30,27.3,17.2,55,EAST,6.4,9.7,1019.88,0,0,3,643,,
2021-08-21,10:45,27.7,17.2,54,WNW,6.4,12.9,1020.05,0,0,3,679,,
2021-08-21,11:00,27.8,17.8,55,SE,3.2,16.1,1020.12,0,0,3,701,,
2021-08-21,11:15,27.6,17.8,55,ESE,1.6,16.1,1020.25,0,0,4,740,,
2021-08-21,11:30,28.6,17.8,53,SE,11.3,11.3,1020.29,0,0,4,766,,
2021-08-21,11:45,29,18.3,52,NORTH,0,11.3,1020.22,0,0,4,793,,
2021-08-21,12:00,29.2,17.8,50,NW,3.2,11.3,1020.18,0,0,5,807,,
2021-08-21,12:15,29.7,17.2,48,SSE,8,16.1,1020.12,0,0,5,830,,
2021-08-21,12:30,29.7,16.7,45,SE,4.8,16.1,1020.12,0,0,5,840,,
2021-08-21,12:45,30.7,16.7,43,NW,4.8,25.7,1020.18,0,0,5,846,,
2021-08-21,13:00,30.6,16.1,42,NNW,3.2,11.3,1020.12,0,0,5,860,,
2021-08-21,13:15,30.8,15.6,39,NNW,4.8,25.7,1020.12,0,0,5,861,,
2021-08-21,13:30,31.3,15.6,38,WEST,17.7,22.5,1020.22,0,0,5,863,,
2021-08-21,13:45,31.2,17.2,44,WEST,27.4,30.6,1020.35,0,0,5,856,,
2021-08-21,14:00,31.1,17.8,45,WNW,11.3,30.6,1020.25,0,0,5,844,,
2021-08-21,14:15,30.6,17.2,44,WSW,6.4,32.2,1020.39,0,0,5,833,,
2021-08-21,14:30,30.3,17.2,45,WEST,24.1,32.2,1020.29,0,0,5,821,,
2021-08-21,14:45,30.1,17.2,46,WEST,22.5,41.8,1020.22,0,0,5,800,,
2021-08-21,15:00,30.3,16.1,42,WEST,24.1,38.6,1020.12,0,0,5,780,,
2021-08-21,15:15,30.3,16.1,43,WNW,12.9,32.2,1020.08,0,0,4,756,,
2021-08-21,15:30,30.3,15.6,41,WEST,12.9,38.6,1020.08,0,0,4,731,,
2021-08-21,15:45,30.1,14.4,39,WEST,17.7,41.8,1020.01,0,0,4,705,,
2021-08-21,16:00,29.9,14.4,39,WNW,20.9,32.2,1020.08,0,0,3,673,,
2021-08-21,16:15,29.5,12.8,36,WEST,19.3,43.5,1020.08,0,0,3,640,,
2021-08-21,16:30,29.6,12.2,34,WNW,24.1,37,1019.61,0,0,3,606,,
2021-08-21,16:45,29.4,13.3,38,WEST,19.3,30.6,1019.78,0,0,2,564,,
2021-08-21,17:00,29.3,12.8,37,WNW,16.1,37,1019.74,0,0,2,522,,
2021-08-21,17:15,29,11.7,35,WEST,12.9,45.1,1019.88,0,0,2,478,,
2021-08-21,17:30,28.6,12.8,38,WNW,22.5,40.2,1020.01,0,0,2,431,,
2021-08-21,17:45,28.6,13.9,41,WNW,12.9,38.6,1019.91,0,0,1,378,,
2021-08-21,18:00,28.1,12.8,39,WEST,20.9,33.8,1019.81,0,0,1,329,,
2021-08-21,18:15,27.9,10.6,35,WEST,17.7,33.8,1019.78,0,0,1,278,,
2021-08-21,18:30,27.4,13.3,42,WNW,9.7,32.2,1019.81,0,0,1,229,,
2021-08-21,18:45,26.8,14.4,48,WNW,11.3,24.1,1019.61,0,0,0,171,,
2021-08-21,19:00,26.3,15,51,WEST,16.1,22.5,1019.57,0,0,0,121,,
2021-08-21,19:15,26,15.6,54,WEST,3.2,24.1,1019.68,0,0,0,74,,
2021-08-21,19:30,25.4,15,54,SOUTH,3.2,14.5,1019.84,0,0,0,39,,
2021-08-21,19:45,25,15,55,NORTH,0,12.9,1019.98,0,0,0,18,,
2021-08-21,20:00,24.4,16.1,61,SSE,6.4,9.7,1020.12,0,0,0,9,,
2021-08-21,20:15,23.9,15.6,61,SSE,1.6,9.7,1020.32,0,0,0,0,,
2021-08-21,20:30,24.9,13.9,50,SE,1.6,9.7,1020.32,0,0,0,0,,
2021-08-21,20:45,24,15,58,NORTH,0,11.3,1020.69,0,0,0,0,,
2021-08-21,21:00,23.6,15.6,61,WNW,4.8,6.4,1020.93,0,0,0,0,,
2021-08-21,21:15,23.1,16.1,65,WEST,1.6,3.2,1020.96,0,0,0,0,,
2021-08-21,21:30,22.1,15.6,67,WEST,1.6,4.8,1020.96,0,0,0,0,,
2021-08-21,21:45,21.7,16.1,71,SOUTH,1.6,4.8,1021.06,0,0,0,0,,
2021-08-21,22:00,21.6,16.7,74,SE,3.2,6.4,1021.1,0,0,0,0,,
2021-08-21,22:15,21.3,15.6,72,SE,3.2,4.8,1021.2,0,0,0,0,,
2021-08-21,22:30,21.2,16.1,74,SE,3.2,6.4,1021.13,0,0,0,0,,
2021-08-21,22:45,22.4,15.6,66,SSE,1.6,8,1021.03,0,0,0,0,,
2021-08-21,23:00,22.2,15,63,SSE,3.2,3.2,1021.2,0,0,0,0,,
2021-08-21,23:15,21.5,14.4,64,NORTH,0,3.2,1021.33,0,0,0,0,,
2021-08-21,23:30,21.1,15,68,NORTH,0,3.2,1021.5,0,0,0,0,,
2021-08-21,23:45,20.8,15.6,72,SSE,3.2,3.2,1021.33,0,0,0,0,,
2021-08-21,OVR,,,,,,,,,,,,gustmax,45.1
2021-08-21,OVR,,,,,,,,,,,,rainrate_max,0
2021-08-21,OVR,,,,,,,,,,,,rain_total_mm,0
2021-08-21,OVR,,,,,,,,,,,,tmax,31.6
2021-08-21,OVR,,,,,,,,,,,,tmin,17.9
2021-08-21,OVR,,,,,,,,,,,,wind_dir_mean_deg,70.3
2021-08-22,00:00,20.3,15,72,SSE,1.6,3.2,1021.67,0,0,0,0,,
2021-08-22,00:15,20.6,14.4,69,SSE,1.6,4.8,1021.5,0,0,0,0,,
2021-08-22,00:30,20.6,15,72,SSE,1.6,3.2,1021.23,0,0,0,0,,
2021-08-22,00:45,21.2,16.7,76,NORTH,0,3.2,1021.23,0,0,0,0,,
2021-08-22,01:00,21.1,17.8,81,NORTH,0,3.2,1021.3,0,0,0,0,,
2021-08-22,01:15,21.1,17.8,83,SSE,1.6,3.2,1020.89,0,0,0,0,,
2021-08-22,01:30,21.2,17.8,83,SSE,3.2,4.8,1020.79,0,0,0,0,,
2021-08-22,01:45,20.9,17.2,81,SE,1.6,4.8,1020.73,0,0,0,0,,
2021-08-22,02:00,20.8,17.2,81,SE,3.2,4.8,1020.66,0,0,0,0,,
2021-08-22,02:15,20.9,17.2,81,SE,1.6,4.8,1020.62,0,0,0,0,,
2021-08-22,02:30,20.6,17.2,83,SE,1.6,3.2,1020.59,0,0,0,0,,
2021-08-22,02:45,20.5,17.2,83,SE,1.6,3.2,1020.66,0,0,0,0,,
2021-08-22,03:00,20.3,17.2,83,SE,1.6,4.8,1020.56,0,0,0,0,,
2021-08-22,03:15,20.6,16.7,80,SE,1.6,4.8,1020.59,0,0,0,0,,
2021-08-22,03:30,19.9,16.7,82,NORTH,0,3.2,1020.49,0,0,0,0,,
2021-08-22,03:45,19.8,16.7,82,NORTH,0,1.6,1020.52,0,0,0,0,,
2021-08-22,04:00,19.6,16.1,82,SE,1.6,1.6,1020.39,0,0,0,0,,
2021-08-22,04:15,19.8,16.7,82,SE,1.6,3.2,1020.25,0,0,0,0,,
2021-08-22,04:30,20,16.1,80,SE,1.6,3.2,1020.25,0,0,0,0,,
2021-08-22,04:45,19.8,16.1,80,NORTH,0,4.8,1020.22,0,0,0,0,,
2021-08-22,05:00,20.1,15.6,77,SE,1.6,4.8,1020.01,0,0,0,0,,
2021-08-22,05:15,20.6,16.1,76,SE,3.2,4.8,1020.18,0,0,0,0,,
2021-08-22,05:30,20.8,16.1,75,NORTH,0,4.8,1020.12,0,0,0,0,,
2021-08-22,05:45,20.4,16.1,77,SE,1.6,3.2,1019.98,0,0,0,0,,
2021-08-22,06:00,20.6,16.1,76,SE,3.2,4.8,1020.08,0,0,0,0,,
2021-08-22,06:15,20.3,16.1,77,SE,1.6,3.2,1020.01,0,0,0,0,,
2021-08-22,06:30,20.8,16.1,74,SE,3.2,4.8,1020.15,0,0,0,0,,
2021-08-22,06:45,20.4,15,72,SE,1.6,3.2,1020.22,0,0,0,0,,
2021-08-22,07:00,20.2,15.6,75,NORTH,0,3.2,1020.39,0,0,0,14,,
2021-08-22,07:15,20.1,15.6,76,SE,1.6,3.2,1020.35,0,0,0,37,,
2021-08-22,07:30,20.7,16.1,75,NORTH,0,1.6,1020.56,0,0,0,69,,
2021-08-22,07:45,21.1,16.7,76,NORTH,0,0,1020.62,0,0,0,127,,
2021-08-22,08:00,22.2,17.2,73,NORTH,0,3.2,1020.73,0,0,0,174,,
2021-08-22,08:15,22.8,17.2,71,NORTH,0,1.6,1020.86,0,0,0,214,,
2021-08-22,08:30,23.3,17.2,70,NORTH,0,3.2,1020.89,0,0,1,214,,
2021-08-22,08:45,23.8,17.8,69,SE,1.6,3.2,1020.73,0,0,1,241,,
2021-08-22,09:00,24.5,17.8,66,SE,3.2,4.8,1020.83,0,0,1,290,,
2021-08-22,09:15,25.2,16.7,61,SE,1.6,4.8,1020.86,0,0,1,318,,
2021-08-22,09:30,25.4,16.7,59,NW,4.8,6.4,1020.93,0,0,2,325,,
2021-08-22,09:45,25.9,15.6,54,NW,4.8,6.4,1021.13,0,0,2,450,,
2021-08-22,10:00,26.6,15.6,51,NW,3.2,4.8,1021.23,0,0,2,431,,
2021-08-22,10:15,27.3,16.1,50,NW,3.2,6.4,1020.96,0,0,2,564,,
2021-08-22,10:30,27.8,15.6,48,WNW,6.4,8,1021.06,0,0,3,622,,
2021-08-22,10:45,28.4,16.1,47,NW,8,11.3,1021.2,0,0,3,661,,
2021-08-22,11:00,28.6,16.1,47,WNW,6.4,12.9,1021.27,0,0,3,691,,
2021-08-22,11:15,29.1,16.7,47,WEST,6.4,16.1,1021.33,0,0,4,726,,
2021-08-22,11:30,29.5,17.2,47,NW,4.8,16.1,1021.06,0,0,4,749,,
2021-08-22,11:45,29.3,16.7,47,WEST,9.7,17.7,1021.23,0,0,4,777,,
2021-08-22,12:00,29.6,16.7,45,NW,1.6,17.7,1021.1,0,0,5,803,,
2021-08-22,12:15,30.2,15,40,NNW,1.6,19.3,1021.2,0,0,5,823,,
2021-08-22,12:30,30.8,13.3,35,SOUTH,3.2,24.1,1021.13,0,0,5,842,,
2021-08-22,12:45,30.8,12.2,32,WNW,19.3,25.7,1021.06,0,0,5,851,,
2021-08-22,13:00,31.1,12.8,33,WNW,14.5,25.7,1020.89,0,0,5,854,,
2021-08-22,13:15,31.2,13.9,35,WNW,6.4,27.4,1020.96,0,0,5,856,,
2021-08-22,13:30,31.4,14.4,36,WNW,20.9,24.1,1020.96,0,0,5,856,,
2021-08-22,13:45,31.8,13.9,33,WNW,14.5,22.5,1020.83,0,0,5,856,,
2021-08-22,14:00,31.8,13.3,33,WNW,12.9,25.7,1020.66,0,0,5,847,,
2021-08-22,14:15,31.8,13.3,33,WNW,6.4,24.1,1020.52,0,0,5,831,,
2021-08-22,14:30,32.1,13.9,33,WEST,12.9,27.4,1020.56,0,0,5,816,,
2021-08-22,14:45,31.9,13.9,34,WEST,14.5,29,1020.45,0,0,5,798,,
2021-08-22,15:00,31.5,13.9,34,WNW,14.5,35.4,1020.35,0,0,4,775,,
2021-08-22,15:15,31.6,13.3,33,NNE,27.4,33.8,1020.15,0,0,4,752,,
2021-08-22,15:30,31.6,12.8,32,WNW,12.9,33.8,1020.25,0,0,4,724,,
2021-08-22,15:45,31.3,13.3,34,WNW,24.1,41.8,1019.91,0,0,4,694,,
2021-08-22,16:00,30.9,13.3,35,WEST,20.9,43.5,1019.78,0,0,3,663,,
2021-08-22,16:15,30.6,13.3,35,WEST,20.9,48.3,1019.74,0,0,3,626,,
2021-08-22,16:30,30.4,13.9,37,,32.2,29,1019.91,0,0,3,584,,
2021-08-22,16:45,30.4,13.9,37,WEST,24.1,40.2,1019.84,0,0,2,547,,
2021-08-22,17:00,30.1,14.4,38,WEST,20.9,29,1020.01,0,0,2,501,,
2021-08-22,17:15,29.4,15,42,NNW,16.1,32.2,1019.68,0,0,2,457,,
2021-08-22,17:30,29.2,16.1,46,WNW,12.9,37,1019.71,0,0,1,406,,
2021-08-22,17:45,28.9,17.2,50,WEST,17.7,30.6,1019.71,0,0,1,357,,
2021-08-22,18:00,28.5,17.8,52,WEST,25.7,40.2,1019.81,0,0,1,302,,
2021-08-22,18:15,28.2,17.2,52,WNW,17.7,43.5,1019.81,0,0,1,255,,
2021-08-22,18:30,27.9,17.8,55,WEST,27.4,38.6,1019.91,0,0,0,206,,
2021-08-22,18:45,27.3,18.3,59,WEST,27.4,37,1019.81,0,0,0,153,,
2021-08-22,19:00,26.5,18.9,63,WEST,20.9,38.6,1019.78,0,0,0,107,,
2021-08-22,19:15,26,19.4,69,SSW,4.8,27.4,1019.64,0,0,0,69,,
2021-08-22,19:30,25.5,20,72,WEST,12.9,27.4,1019.78,0,0,0,35,,
2021-08-22,19:45,25,20,75,WEST,17.7,25.7,1019.81,0,0,0,19,,
2021-08-22,20:00,24.6,20,77,WEST,6.4,22.5,1019.98,0,0,0,9,,
2021-08-22,20:15,24.1,20.6,81,WNW,9.7,24.1,1020.32,0,0,0,0,,
2021-08-22,20:30,23.6,20.6,84,WNW,9.7,17.7,1020.39,0,0,0,0,,
2021-08-22,20:45,23.4,20.6,86,WEST,6.4,16.1,1020.42,0,0,0,0,,
2021-08-22,21:00,23.2,20.6,87,WEST,1.6,16.1,1020.45,0,0,0,0,,
2021-08-22,21:15,23,21.1,89,WNW,3.2,19.3,1020.59,0,0,0,0,,
2021-08-22,21:30,22.8,20.6,89,WEST,4.8,16.1,1020.66,0,0,0,0,,
2021-08-22,21:45,22.7,21.1,90,WNW,6.4,11.3,1020.83,0,0,0,0,,
2021-08-22,22:00,22.7,21.1,91,WNW,8,16.1,1020.79,0,0,0,0,,
2021-08-22,22:15,22.6,21.1,92,WEST,6.4,17.7,1020.96,0,0,0,0,,
2021-08-22,22:30,22.4,21.1,92,WEST,11.3,14.5,1020.86,0,0,0,0,,
2021-08-22,22:45,22.3,21.1,92,WEST,6.4,19.3,1020.96,0,0,0,0,,
2021-08-22,23:00,22.2,20.6,92,WNW,3.2,16.1,1020.79,0,0,0,0,,
2021-08-22,23:15,22.3,21.1,93,WEST,6.4,19.3,1020.73,0,0,0,0,,
2021-08-22,23:30,22.3,21.1,93,NNW,3.2,11.3,1020.66,0,0,0,0,,
2021-08-22,23:45,21.8,20.6,93,NORTH,0,6.4,1020.56,0,0,0,0,,
2021-08-22,OVR,,,,,,,,,,,,gustmax,48.3
2021-08-22,OVR,,,,,,,,,,,,rainrate_max,0
2021-08-22,OVR,,,,,,,,,,,,rain_total_mm,0
2021-08-22,OVR,,,,,,,,,,,,tmax,32.2
2021-08-22,OVR,,,,,,,,,,,,tmin,19.6
2021-08-22,OVR,,,,,,,,,,,,wind_dir_mean_deg,284.4
2021-08-23,00:00,21.6,20.6,94,NORTH,0,3.2,1020.59,0,0,0,0,,
2021-08-23,00:15,21.4,20,93,NORTH,0,4.8,1020.42,0,0,0,0,,
2021-08-23,00:30,21.2,20,94,NORTH,0,3.2,1020.35,0,0,0,0,,
2021-08-23,00:45,21.6,20.6,94,WEST,3.2,12.9,1020.29,0,0,0,0,,
2021-08-23,01:00,21.8,20.6,93,NNW,1.6,11.3,1020.39,0,0,0,0,,
2021-08-23,01:15,21.9,20.6,94,WNW,1.6,11.3,1020.39,0,0,0,0,,
2021-08-23,01:30,21.9,21.1,95,WNW,3.2,11.3,1020.25,0,0,0,0,,
2021-08-23,01:45,21.7,20.6,95,WNW,4.8,8,1020.18,0,0,0,0,,
2021-08-23,02:00,21.7,20.6,95,NORTH,0,11.3,1020.12,0,0,0,0,,
2021-08-23,02:15,21.6,20.6,95,NORTH,0,8,1019.88,0,0,0,0,,
2021-08-23,02:30,21.4,20.6,95,NW,1.6,4.8,1019.68,0,0,0,0,,
2021-08-23,02:45,21,20,94,NORTH,0,4.8,1019.54,0,0,0,0,,
2021-08-23,03:00,20.9,20,95,NORTH,0,3.2,1019.34,0,0,0,0,,
2021-08-23,03:15,20.9,20,95,WNW,4.8,8,1019.37,0,0,0,0,,
2021-08-23,03:30,21.1,20,95,WEST,6.4,14.5,1019.13,0,0,0,0,,
2021-08-23,03:45,21.1,20,94,WEST,9.7,16.1,1019.37,0,0,0,0,,
2021-08-23,04:00,21.1,20,94,WEST,4.8,12.9,1019.13,0,0,0,0,,
2021-08-23,04:15,21,19.4,93,WEST,6.4,17.7,1019,0,0,0,0,,
2021-08-23,04:30,20.7,19.4,93,NORTH,0,6.4,1018.96,0,0,0,0,,
2021-08-23,04:45,20.5,18.9,93,WNW,3.2,6.4,1018.83,0,0,0,0,,
2021-08-23,05:00,20.4,18.9,93,WEST,4.8,11.3,1018.76,0,0,0,0,,
2021-08-23,05:15,20.5,18.9,91,WNW,3.2,11.3,1018.39,0,0,0,0,,
2021-08-23,05:30,20.6,18.3,89,WNW,11.3,9.7,1018.35,0,0,0,0,,
2021-08-23,05:45,20.5,18.3,88,WNW,3.2,12.9,1018.35,0,0,0,0,,
2021-08-23,06:00,19.6,17.8,90,WNW,3.2,3.2,1018.12,0,0,0,0,,
2021-08-23,06:15,19.6,17.8,89,NORTH,0,3.2,1018.12,0,0,0,0,,
2021-08-23,06:30,19.3,17.2,90,NORTH,0,1.6,1018.19,0,0,0,0,,
2021-08-23,06:45,19.3,17.2,89,ESE,1.6,3.2,1018.25,0,0,0,0,,
2021-08-23,07:00,19.1,17.2,90,NORTH,0,3.2,1018.39,0,0,0,14,,
2021-08-23,07:15,18.9,16.7,89,NORTH,0,3.2,1018.46,0,0,0,37,,
2021-08-23,07:30,19.4,17.2,88,NORTH,0,3.2,1018.46,0,0,0,65,,
2021-08-23,07:45,20.7,17.8,86,NW,1.6,12.9,1018.56,0,0,0,120,,
2021-08-23,08:00,21.1,18.3,86,WEST,11.3,12.9,1018.56,0,0,0,165,,
2021-08-23,08:15,21.3,18.9,86,WNW,9.7,12.9,1018.73,0,0,0,211,,
2021-08-23,08:30,21.6,18.9,87,WEST,4.8,14.5,1018.52,0,0,0,209,,
2021-08-23,08:45,21.8,19.4,87,WNW,3.2,14.5,1018.66,0,0,1,251,,
2021-08-23,09:00,22.3,19.4,86,WNW,4.8,11.3,1018.76,0,0,1,288,,
2021-08-23,09:15,22.6,20,85,WNW,3.2,14.5,1018.56,0,0,1,309,,
2021-08-23,09:30,23.5,19.4,80,WNW,11.3,16.1,1018.46,0,0,1,332,,
2021-08-23,09:45,24.1,20,77,WNW,4.8,12.9,1018.32,0,0,2,436,,
2021-08-23,10:00,24.8,18.9,71,NW,8,8,1018.46,0,0,2,431,,
2021-08-23,10:15,25.3,18.9,68,NW,1.6,11.3,1018.46,0,0,2,557,,
2021-08-23,10:30,25.7,18.9,67,WEST,4.8,16.1,1018.39,0,0,3,613,,
2021-08-23,10:45,26.3,19.4,66,WNW,14.5,20.9,1018.42,0,0,3,649,,
2021-08-23,11:00,26.6,20,67,WEST,12.9,22.5,1018.56,0,0,3,684,,
2021-08-23,11:15,27.4,18.9,61,WEST,4.8,29,1018.25,0,0,4,715,,
2021-08-23,11:30,27.7,18.9,59,WEST,14.5,30.6,1018.08,0,0,4,740,,
2021-08-23,11:45,27.9,18.9,58,NW,9.7,40.2,1018.32,0,0,4,761,,
2021-08-23,12:00,28.8,18.9,55,WEST,16.1,32.2,1018.22,0,0,4,786,,
2021-08-23,12:15,28.3,18.9,57,WEST,29,37,1018.05,0,0,5,803,,
2021-08-23,12:30,28.4,17.8,53,WEST,22.5,40.2,1018.08,0,0,5,816,,
2021-08-23,12:45,28.2,19.4,59,NW,24.1,40.2,1017.85,0,0,5,821,,
2021-08-23,13:00,28.1,19.4,59,WEST,37,48.3,1017.88,0,0,5,826,,
2021-08-23,13:15,27.9,18.3,57,WEST,29,48.3,1017.64,0,0,5,833,,
2021-08-23,13:30,28.2,19.4,59,WNW,20.9,38.6,1017.61,0,0,5,833,,
2021-08-23,13:45,28.6,19.4,58,WEST,17.7,45.1,1017.58,0,0,5,923,,
2021-08-23,14:00,28.4,19.4,59,WNW,25.7,46.7,1017.31,0,0,5,998,,
2021-08-23,14:15,28.2,20,62,WEST,19.3,41.8,1017.17,0,0,3,689,,
2021-08-23,14:30,28.6,20,61,WEST,14.5,38.6,1017.17,0,0,5,819,,
2021-08-23,14:45,28.5,20,62,WEST,17.7,43.5,1016.97,0,0,4,782,,
2021-08-23,15:00,28.6,20,60,WEST,30.6,45.1,1017.1,0,0,4,759,,
2021-08-23,15:15,28.8,20,60,WEST,16.1,45.1,1016.63,0,0,4,721,,
2021-08-23,15:30,28.3,20,60,WEST,29,48.3,1016.59,0,0,4,700,,
2021-08-23,15:45,28.5,20,60,WNW,24.1,43.5,1016.73,0,0,3,673,,
2021-08-23,16:00,27.8,20,63,,29,45.1,1016.66,0,0,3,438,,
2021-08-23,16:15,28.2,19.4,60,WNW,24.1,48.3,1016.56,0,0,2,635,,
2021-08-23,16:30,27.7,19.4,61,WEST,24.1,46.7,1016.42,0,0,3,454,,
2021-08-23,16:45,27.7,20,63,WNW,24.1,46.7,1016.42,0,0,2,527,,
2021-08-23,17:00,27.2,19.4,63,WNW,24.1,38.6,1016.59,0,0,2,469,,
2021-08-23,17:15,26.8,19.4,64,NW,22.5,40.2,1016.59,0,0,2,425,,
2021-08-23,17:30,26.4,19.4,65,WNW,24.1,41.8,1016.53,0,0,1,378,,
2021-08-23,17:45,26.1,19.4,67,WNW,24.1,45.1,1016.59,0,0,1,332,,
2021-08-23,18:00,26.1,17.8,62,WEST,19.3,41.8,1016.59,0,0,1,285,,
2021-08-23,18:15,26,17.8,61,WNW,25.7,37,1016.76,0,0,1,243,,
2021-08-23,18:30,25.7,17.2,61,WEST,16.1,43.5,1016.66,0,0,0,192,,
2021-08-23,18:45,25.3,17.2,61,WEST,17.7,46.7,1016.7,0,0,0,144,,
2021-08-23,19:00,25,16.7,61,WNW,27.4,40.2,1016.53,0,0,0,100,,
2021-08-23,19:15,24.6,16.1,61,NW,32.2,45.1,1016.46,0,0,0,63,,
2021-08-23,19:30,24.1,16.7,63,WEST,22.5,40.2,1016.42,0,0,0,35,,
2021-08-23,19:45,23.8,16.7,65,ENE,27.4,33.8,1016.22,0,0,0,19,,
2021-08-23,20:00,23.3,16.7,66,WEST,19.3,32.2,1016.32,0,0,0,9,,
2021-08-23,20:30,22.5,16.1,69,WEST,12.9,20.9,1016.36,0,0,0,0,,
2021-08-23,20:45,22.2,16.7,71,WEST,6.4,19.3,1016.32,0,0,0,0,,
2021-08-23,21:00,21.8,16.1,72,WEST,6.4,20.9,1016.32,0,0,0,0,,
2021-08-23,21:15,21.6,16.7,73,WEST,4.8,20.9,1016.59,0,0,0,0,,
2021-08-23,21:30,21.4,16.1,73,WEST,9.7,17.7,1016.73,0,0,0,0,,
2021-08-23,21:45,21.3,16.7,74,NW,11.3,16.1,1016.7,0,0,0,0,,
2021-08-23,22:00,21.1,16.7,76,WNW,4.8,14.5,1016.8,0,0,0,0,,
2021-08-23,22:15,20.9,16.1,76,WEST,9.7,14.5,1016.73,0,0,0,0,,
2021-08-23,22:30,20.8,16.7,77,WNW,9.7,16.1,1016.7,0,0,0,0,,
2021-08-23,22:45,20.8,16.1,77,WEST,4.8,16.1,1016.42,0,0,0,0,,
2021-08-23,23:00,20.7,16.1,76,WNW,1.6,11.3,1016.36,0,0,0,0,,
2021-08-23,23:15,20.6,16.1,75,WNW,4.8,11.3,1016.29,0,0,0,0,,
2021-08-23,23:30,20.1,15.6,76,NORTH,0,8,1016.39,0,0,0,0,,
2021-08-23,23:45,19.6,15.6,78,WNW,1.6,3.2,1016.29,0,0,0,0,,
2021-08-23,OVR,,,,,,,,,,,,gustmax,49.9
2021-08-23,OVR,,,,,,,,,,,,rainrate_max,0
2021-08-23,OVR,,,,,,,,,,,,rain_total_mm,0
2021-08-23,OVR,,,,,,,,,,,,tmax,28.9
2021-08-23,OVR,,,,,,,,,,,,tmin,18.8
2021-08-23,OVR,,,,,,,,,,,,wind_dir_mean_deg,295.2
2021-08-24,00:00,19.7,15.6,79,WNW,1.6,4.8,1016.12,0,0,0,0,,
2021-08-24,00:15,20.1,16.1,79,WEST,3.2,14.5,1016.36,0,0,0,0,,
2021-08-24,00:30,20.3,16.1,78,NORTH,0,12.9,1016.02,0,0,0,0,,
2021-08-24,00:45,20.3,16.1,78,WNW,11.3,12.9,1016.12,0,0,0,0,,
2021-08-24,01:00,20.2,16.1,78,WEST,14.5,16.1,1015.92,0,0,0,0,,
2021-08-24,01:15,20.2,16.1,79,NW,12.9,20.9,1015.75,0,0,0,0,,
2021-08-24,01:30,20.2,16.1,78,WNW,12.9,24.1,1015.65,0,0,0,0,,
2021-08-24,01:45,20.2,16.1,78,WEST,14.5,25.7,1015.85,0,0,0,0,,
2021-08-24,02:00,20,15.6,77,WNW,11.3,19.3,1015.34,0,0,0,0,,
2021-08-24,02:15,19.9,15.6,76,WNW,6.4,16.1,1015.98,0,0,0,0,,
2021-08-24,02:30,19.9,15,75,WNW,9.7,16.1,1015.75,0,0,0,0,,
2021-08-24,02:45,20.4,15,73,WEST,16.1,19.3,1015.61,0,0,0,0,,
2021-08-24,03:00,20.4,16.1,76,WEST,16.1,24.1,1015.61,0,0,0,0,,
2021-08-24,03:15,20.2,16.1,78,WEST,12.9,17.7,1015.37,0,0,0,0,,
2021-08-24,03:30,20,16.1,79,NW,14.5,20.9,1015.34,0,0,0,0,,
2021-08-24,03:45,19.9,16.1,79,WEST,17.7,20.9,1015.14,0,0,0,0,,
2021-08-24,04:00,19.8,15.6,78,WEST,11.3,20.9,1014.9,0,0,0,0,,
2021-08-24,04:15,19.4,15.6,79,NNW,1.6,12.9,1014.7,0,0,0,0,,
2021-08-24,04:30,18.7,15,81,NORTH,0,4.8,1014.46,0,0,0,0,,
2021-08-24,04:45,18.7,15,80,NW,3.2,3.2,1014.53,0,0,0,0,,
2021-08-24,05:00,18.5,14.4,79,WNW,6.4,3.2,1014.43,0,0,0,0,,
2021-08-24,05:15,18.6,14.4,78,WNW,1.6,1.6,1014.36,0,0,0,0,,
2021-08-24,05:30,18.9,14.4,76,NW,1.6,8,1014.26,0,0,0,0,,
2021-08-24,05:45,18.9,14.4,78,NW,1.6,14.5,1014.63,0,0,0,0,,
2021-08-24,06:00,18.7,14.4,78,EAST,1.6,6.4,1014.6,0,0,0,0,,
2021-08-24,06:15,18.8,15,79,NORTH,0,4.8,1014.83,0,0,0,0,,
2021-08-24,06:30,18.4,14.4,79,NW,3.2,4.8,1014.9,0,0,0,0,,
2021-08-24,06:45,18.2,15,82,NW,1.6,3.2,1014.77,0,0,0,0,,
2021-08-24,07:00,18.1,15,82,NW,3.2,3.2,1015.04,0,0,0,14,,
2021-08-24,07:15,18.3,15,82,ENE,3.2,4.8,1014.7,0,0,0,33,,
2021-08-24,07:30,19.2,15,78,NORTH,0,3.2,1014.87,0,0,0,65,,
2021-08-24,07:45,19.5,15,76,NORTH,0,1.6,1015.07,0,0,0,113,,
2021-08-24,08:00,19.9,15,74,NORTH,0,1.6,1015.24,0,0,0,158,,
2021-08-24,08:15,20.4,15,71,NNW,1.6,4.8,1014.97,0,0,0,206,,
2021-08-24,08:30,21.2,15,68,NW,3.2,4.8,1015.04,0,0,0,200,,
2021-08-24,08:45,22,15,65,NW,1.6,3.2,1014.9,0,0,1,260,,
2021-08-24,09:00,22.6,15,64,NW,6.4,11.3,1015.1,0,0,1,299,,
2021-08-24,09:15,23,15.6,64,WNW,3.2,14.5,1015.17,0,0,1,308,,
2021-08-24,09:30,23.4,16.1,64,WNW,6.4,19.3,1015.31,0,0,2,366,,
2021-08-24,09:45,23.1,15.6,64,WEST,14.5,20.9,1015.37,0,0,2,406,,
2021-08-24,10:00,23.5,16.1,63,NW,17.7,27.4,1015.37,0,0,2,438,,
2021-08-24,10:15,24.1,16.1,63,WEST,14.5,27.4,1015.17,0,0,2,555,,
2021-08-24,10:30,24.7,16.7,63,NW,8,30.6,1015.14,0,0,3,684,,
2021-08-24,10:45,24.6,16.7,61,WNW,11.3,17.7,1014.8,0,0,3,213,,
2021-08-24,11:00,25.8,16.1,56,NNE,4.8,11.3,1014.87,0,0,3,471,,
2021-08-24,11:15,26.7,14.4,47,SSW,1.6,25.7,1014.63,0,0,3,450,,
2021-08-24,11:30,27,14.4,47,NW,9.7,16.1,1014.36,0,0,2,341,,
2021-08-24,11:45,27.7,14.4,45,WNW,6.4,8,1014.43,0,0,1,218,,
2021-08-24,12:00,27.5,14.4,46,WNW,3.2,11.3,1014.73,0,0,2,322,,
2021-08-24,12:15,28.3,14.4,44,WNW,4.8,12.9,1014.7,0,0,4,545,,
2021-08-24,12:30,28.5,13.9,42,WNW,6.4,11.3,1014.33,0,0,3,462,,
2021-08-24,12:45,29,15,43,SE,6.4,8,1014.19,0,0,3,357,,
2021-08-24,13:00,29.2,15.6,43,WSW,3.2,11.3,1014.26,0,0,5,452,,
2021-08-24,13:15,29.8,13.9,37,WEST,4.8,24.1,1014.26,0,0,5,844,,
2021-08-24,13:30,30.3,15,40,NW,4.8,25.7,1014.29,0,0,5,837,,
2021-08-24,13:45,30.3,13.9,36,WNW,8,20.9,1014.33,0,0,5,828,,
2021-08-24,14:00,30.6,15.6,40,WNW,16.1,25.7,1014.26,0,0,5,819,,
2021-08-24,14:15,30.4,16.7,43,WEST,9.7,37,1014.26,0,0,5,809,,
2021-08-24,14:30,29.7,17.2,47,WNW,20.9,41.8,1014.43,0,0,5,789,,
2021-08-24,14:45,28.9,17.8,51,WNW,11.3,45.1,1014.53,0,0,4,772,,
2021-08-24,15:00,28.2,17.8,53,WEST,20.9,51.5,1014.29,0,0,4,742,,
2021-08-24,15:15,28.1,17.2,52,WEST,37,45.1,1014.39,0,0,4,708,,
2021-08-24,15:30,27.6,17.8,55,WNW,20.9,49.9,1014.19,0,0,4,689,,
2021-08-24,15:45,27.4,17.8,55,WEST,17.7,46.7,1014.22,0,0,3,661,,
2021-08-24,16:00,27.3,16.7,53,WEST,40.2,41.8,1014.05,0,0,3,640,,
2021-08-24,16:15,27.7,16.7,51,WNW,22.5,46.7,1014.05,0,0,3,599,,
2021-08-24,16:30,27.3,15.6,50,WEST,29,41.8,1013.99,0,0,2,570,,
2021-08-24,16:45,27.6,16.1,49,NNE,20.9,37,1013.95,0,0,2,522,,
2021-08-24,17:00,27.4,16.1,51,WEST,22.5,41.8,1014.05,0,0,2,475,,
2021-08-24,17:15,27.3,16.1,51,WNW,17.7,40.2,1014.05,0,0,2,425,,
2021-08-24,17:30,27.1,15.6,50,WEST,14.5,32.2,1013.99,0,0,1,380,,
2021-08-24,17:45,27.2,15,47,WNW,24.1,30.6,1013.92,0,0,1,332,,
2021-08-24,18:00,27.3,15.6,49,WEST,11.3,22.5,1013.85,0,0,1,281,,
2021-08-24,18:15,26.9,16.1,51,WNW,8,27.4,1013.68,0,0,1,239,,
2021-08-24,18:30,26.7,15.6,51,WEST,16.1,25.7,1013.51,0,0,0,144,,
2021-08-24,18:45,26.7,16.1,52,WEST,14.5,24.1,1013.65,0,0,0,137,,
2021-08-24,19:00,25.9,16.1,55,WEST,22.5,40.2,1013.75,0,0,0,98,,
2021-08-24,19:15,25.4,15.6,56,WEST,16.1,37,1014.09,0,0,0,47,,
2021-08-24,19:30,24.9,15.6,57,WEST,14.5,32.2,1014.12,0,0,0,32,,
2021-08-24,19:45,24.5,14.4,54,WNW,9.7,29,1014.12,0,0,0,16,,
2021-08-24,20:00,24,16.7,64,WEST,17.7,22.5,1014.22,0,0,0,7,,
2021-08-24,20:15,23.3,17.2,69,WEST,17.7,22.5,1014.22,0,0,0,0,,
2021-08-24,20:30,23,17.2,72,NW,8,16.1,1014.33,0,0,0,0,,
2021-08-24,20:45,22.7,17.8,75,WEST,6.4,20.9,1014.29,0,0,0,0,,
2021-08-24,21:00,22.4,18.9,81,WNW,9.7,24.1,1014.39,0,0,0,0,,
2021-08-24,21:15,22.2,19.4,84,WNW,8,24.1,1014.63,0,0,0,0,,
2021-08-24,21:30,21.9,19.4,86,WNW,8,22.5,1014.77,0,0,0,0,,
2021-08-24,21:45,21.8,19.4,88,WEST,17.7,29,1014.97,0,0,0,0,,
2021-08-24,22:00,21.7,19.4,89,WEST,19.3,25.7,1015.04,0,0,0,0,,
2021-08-24,22:15,21.6,19.4,89,WEST,6.4,20.9,1014.77,0,0,0,0,,
2021-08-24,22:30,21.2,19.4,90,NORTH,0,6.4,1014.77,0,0,0,0,,
2021-08-24,22:45,21.2,19.4,91,WEST,4.8,9.7,1014.56,0,0,0,0,,
2021-08-24,23:00,21.1,19.4,91,NORTH,0,6.4,1014.7,0,0,0,0,,
2021-08-24,23:15,21.1,19.4,91,WNW,3.2,8,1014.53,0,0,0,0,,
2021-08-24,23:30,20.8,18.9,91,NORTH,0,3.2,1014.66,0,0,0,0,,
2021-08-24,23:45,20.5,18.9,92,NORTH,0,4.8,1014.8,0,0,0,0,,
2021-08-24,OVR,,,,,,,,,,,,gustmax,51.5
2021-08-24,OVR,,,,,,,,,,,,rainrate_max,0
2021-08-24,OVR,,,,,,,,,,,,rain_total_mm,0
2021-08-24,OVR,,,,,,,,,,,,tmax,30.8
2021-08-24,OVR,,,,,,,,,,,,tmin,17.8
2021-08-24,OVR,,,,,,,,,,,,wind_dir_mean_deg,296.6
2021-08-25,00:00,20.3,18.9,92,SOUTH,1.6,3.2,1014.6,0,0,0,0,,
2021-08-25,00:15,20.1,18.3,92,NORTH,0,3.2,1014.63,0,0,0,0,,
2021-08-25,00:30,20,18.3,92,NW,1.6,1.6,1014.63,0,0,0,0,,
2021-08-25,00:45,20.3,18.9,92,WNW,4.8,11.3,1014.73,0,0,0,0,,
2021-08-25,01:00,20.3,18.9,91,NW,1.6,6.4,1014.73,0,0,0,0,,
2021-08-25,01:15,20.4,18.3,90,WEST,4.8,9.7,1014.66,0,0,0,0,,
2021-08-25,01:30,20.2,18.3,89,NORTH,0,4.8,1014.49,0,0,0,0,,
2021-08-25,01:45,19.8,17.8,90,NORTH,0,1.6,1014.39,0,0,0,0,,
2021-08-25,02:00,19.7,17.8,91,WNW,1.6,3.2,1014.02,0,0,0,0,,
2021-08-25,02:15,19.7,17.8,89,NORTH,0,3.2,1013.99,0,0,0,0,,
2021-08-25,02:30,19.4,17.2,90,ENE,1.6,4.8,1013.82,0,0,0,0,,
2021-08-25,02:45,19.7,17.8,90,NW,3.2,6.4,1014.12,0,0,0,0,,
2021-08-25,03:00,19.7,17.8,90,NNW,3.2,8,1014.02,0,0,0,0,,
2021-08-25,03:15,19.6,17.8,91,NNW,4.8,6.4,1014.05,0,0,0,0,,
2021-08-25,03:30,19,17.8,92,NNW,1.6,3.2,1014.05,0,0,0,0,,
2021-08-25,03:45,18.9,17.2,92,NORTH,0,3.2,1013.75,0,0,0,0,,
2021-08-25,04:00,19.1,17.8,93,NORTH,0,3.2,1013.65,0,0,0,0,,
2021-08-25,04:15,19.5,18.3,94,NORTH,0,3.2,1013.55,0,0,0,0,,
2021-08-25,04:30,19.4,18.3,94,NORTH,0,1.6,1013.48,0,0,0,0,,
2021-08-25,04:45,19.3,18.3,94,NORTH,0,1.6,1013.48,0,0,0,0,,
2021-08-25,05:00,18.9,17.8,94,NORTH,0,1.6,1013.51,0,0,0,0,,
2021-08-25,05:15,19.1,17.8,94,NW,1.6,4.8,1013.51,0,0,0,0,,
2021-08-25,05:30,19.2,17.8,93,NORTH,0,3.2,1013.28,0,0,0,0,,
2021-08-25,05:45,19.2,17.8,93,NNW,1.6,6.4,1013.31,0,0,0,0,,
2021-08-25,06:00,18.9,17.2,93,NNW,3.2,3.2,1013.04,0,0,0,0,,
2021-08-25,06:15,18.6,16.7,91,NNE,1.6,4.8,1013.07,0,0,0,0,,
2021-08-25,06:30,18.4,16.7,89,NORTH,0,4.8,1013,0,0,0,0,,
2021-08-25,06:45,18.2,16.1,89,NORTH,0,4.8,1013.11,0,0,0,0,,
2021-08-25,07:00,17.6,15.6,90,NORTH,0,3.2,1013.14,0,0,0,12,,
2021-08-25,07:15,18.8,16.7,88,NORTH,0,3.2,1013.21,0,0,0,32,,
2021-08-25,07:30,18.8,16.7,88,NORTH,0,1.6,1013.44,0,0,0,65,,
2021-08-25,07:45,19.2,16.7,87,NORTH,0,3.2,1013.72,0,0,0,102,,
2021-08-25,08:00,19.4,16.7,86,NORTH,0,3.2,1013.88,0,0,0,146,,
2021-08-25,08:15,20.4,16.7,81,EAST,1.6,3.2,1013.58,0,0,0,195,,
2021-08-25,08:30,21.9,16.1,71,NNW,3.2,6.4,1013.65,0,0,0,195,,
2021-08-25,08:45,21.8,16.1,71,NNW,1.6,4.8,1013.72,0,0,1,287,,
2021-08-25,09:00,23.6,13.9,54,NORTH,0,4.8,1013.51,0,0,1,325,,
2021-08-25,09:15,24.6,12.8,48,EAST,4.8,9.7,1013.34,0,0,1,360,,
2021-08-25,09:30,24.7,14.4,53,ESE,3.2,14.5,1013.11,0,0,1,220,,
2021-08-25,09:45,25.1,14.4,52,EAST,12.9,12.9,1013.34,0,0,2,510,,
2021-08-25,10:00,26.3,15,49,EAST,1.6,12.9,1013.34,0,0,1,239,,
2021-08-25,10:15,26.8,15.6,50,ESE,9.7,14.5,1013.65,0,0,2,555,,
2021-08-25,10:30,28,14.4,43,ESE,8,12.9,1013.68,0,0,3,591,,
2021-08-25,10:45,28.1,11.7,36,ESE,16.1,17.7,1013.82,0,0,3,628,,
2021-08-25,11:00,27.9,15,46,SSE,11.3,16.1,1014.02,0,0,3,661,,
2021-08-25,11:15,27.6,15,46,SOUTH,6.4,17.7,1014.02,0,0,3,693,,
2021-08-25,11:30,27.9,13.3,40,SOUTH,11.3,17.7,1014.26,0,0,4,719,,
2021-08-25,11:45,28.6,12.8,37,SSE,4.8,19.3,1014.33,0,0,3,522,,
2021-08-25,12:00,28.6,11.7,35,SSE,12.9,20.9,1014.26,0,0,4,768,,
2021-08-25,12:15,29.2,13.3,37,ESE,9.7,17.7,1014.43,0,0,4,775,,
2021-08-25,12:30,29.8,13.9,37,SE,16.1,19.3,1014.19,0,0,5,788,,
2021-08-25,12:45,30.1,13.9,37,ESE,4.8,17.7,1014.09,0,0,5,800,,
2021-08-25,13:00,30.4,13.3,35,SSE,4.8,14.5,1014.02,0,0,5,805,,
2021-08-25,13:15,30.5,12.2,33,SE,8,11.3,1013.72,0,0,5,809,,
2021-08-25,13:30,30.7,10.6,29,SOUTH,3.2,17.7,1013.99,0,0,5,809,,
2021-08-25,13:45,30.8,11.1,30,SE,3.2,17.7,1013.41,0,0,5,803,,
2021-08-25,14:00,30.9,11.1,30,ENE,8,17.7,1013.14,0,0,5,796,,
2021-08-25,14:15,31.7,13.3,33,SSE,6.4,16.1,1013.24,0,0,4,768,,
2021-08-25,14:30,31.3,12.2,31,SE,8,17.7,1013.31,0,0,4,777,,
2021-08-25,14:45,31.2,13.3,34,SE,14.5,19.3,1013.07,0,0,4,585,,
2021-08-25,15:00,31.1,14.4,36,SSE,9.7,20.9,1013.11,0,0,4,703,,
2021-08-25,15:15,30.7,15.6,40,SSE,3.2,22.5,1013.38,0,0,2,388,,
2021-08-25,15:30,30.7,16.7,43,SSE,19.3,20.9,1013.31,0,0,3,415,,
2021-08-25,15:45,30.5,16.1,43,WEST,30.6,27.4,1013.85,0,0,2,373,,
2021-08-25,16:00,29.7,15.6,43,WEST,25.7,38.6,1014.05,0,0,2,401,,
2021-08-25,16:15,28.7,16.1,47,WEST,24.1,46.7,1014.49,0,0,2,410,,
2021-08-25,16:30,26.6,17.8,59,WNW,32.2,61.2,1015.41,0,0,1,206,,
2021-08-25,16:45,25.4,17.2,61,WNW,35.4,53.1,1014.87,0,0,2,422,,
2021-08-25,17:00,26.1,16.1,55,WEST,20.9,43.5,1014.6,0,0,1,362,,
2021-08-25,17:15,26.1,15.6,52,WNW,12.9,25.7,1014.09,0,0,1,220,,
2021-08-25,17:30,26.6,15,49,SSW,3.2,6.4,1013.85,0,0,1,149,,
2021-08-25,17:45,26.6,16.1,52,SOUTH,1.6,9.7,1013.44,0,0,0,97,,
2021-08-25,18:00,26.6,15.6,52,SSW,1.6,6.4,1013.44,0,0,0,90,,
2021-08-25,18:15,26.1,16.1,55,WNW,11.3,19.3,1013.82,0,0,0,77,,
2021-08-25,18:30,25.2,15.6,56,WNW,8,20.9,1013.31,0,0,0,63,,
2021-08-25,18:45,24.9,15.6,57,NW,11.3,17.7,1013.07,0,0,0,56,,
2021-08-25,19:00,25,15,54,WNW,4.8,12.9,1013.21,0,0,0,56,,
2021-08-25,19:15,25.3,15.6,55,WEST,4.8,11.3,1013.38,0,0,0,56,,
2021-08-25,19:30,25.2,14.4,51,WSW,1.6,12.9,1013.11,0,0,0,40,,
2021-08-25,19:45,24.9,15.6,56,NW,8,14.5,1012.73,0,0,0,42,,
2021-08-25,20:00,24.6,15.6,58,WEST,1.6,12.9,1012.67,0,0,0,14,,
2021-08-25,20:15,24.4,16.7,62,WEST,3.2,6.4,1012.67,0,0,0,0,,
2021-08-25,20:30,23.9,16.7,65,WEST,3.2,4.8,1012.7,0,0,0,0,,
2021-08-25,20:45,23.6,17.2,69,WEST,1.6,3.2,1013.11,0,0,0,0,,
2021-08-25,21:00,23.4,18.3,74,WEST,9.7,9.7,1013.17,0,0,0,0,,
2021-08-25,21:15,23.1,18.3,76,NORTH,0,4.8,1012.97,0,0,0,0,,
2021-08-25,21:30,22.3,17.8,77,NORTH,0,1.6,1013.28,0,0,0,0,,
2021-08-25,21:45,22,17.8,78,NORTH,0,3.2,1013.58,0,0,0,0,,
2021-08-25,22:00,21.9,18.3,81,WEST,1.6,3.2,1013.88,0,0,0,0,,
2021-08-25,22:15,21.9,18.9,83,WEST,1.6,3.2,1014.02,0,0,0,0,,
2021-08-25,22:30,21.5,18.3,83,NORTH,0,1.6,1014.16,0,0,0,0,,
2021-08-25,22:45,21.2,18.3,83,NORTH,0,3.2,1014.16,0,0,0,0,,
2021-08-25,23:00,21.3,17.8,81,WEST,1.6,3.2,1013.95,0,0,0,0,,
2021-08-25,23:15,21.3,16.7,76,NORTH,0,3.2,1014.19,0,0,0,0,,
2021-08-25,23:30,21.3,16.1,73,NORTH,0,3.2,1014.49,0,0,0,0,,
2021-08-25,23:45,21.6,16.7,75,NORTH,0,1.6,1014.8,0,0,0,0,,
2021-08-25,OVR,,,,,,,,,,,,gustmax,61.2
2021-08-25,OVR,,,,,,,,,,,,rainrate_max,0
2021-08-25,OVR,,,,,,,,,,,,rain_total_mm,0
2021-08-25,OVR,,,,,,,,,,,,tmax,32
2021-08-25,OVR,,,,,,,,,,,,tmin,17.4
2021-08-25,OVR,,,,,,,,,,,,wind_dir_mean_deg,332.1
2021-08-26,00:00,21.5,17.8,81,NORTH,0,1.6,1014.73,0,0,0,0,,
2021-08-26,00:15,21.4,18.9,86,NORTH,0,0,1014.87,0,0,0,0,,
2021-08-26,00:30,21.2,18.9,87,NORTH,0,1.6,1014.97,0,0,0,0,,
2021-08-26,00:45,21.4,19.4,89,WEST,1.6,3.2,1014.9,0,0,0,0,,
2021-08-26,01:00,21.5,19.4,89,NORTH,0,1.6,1014.7,0,0,0,0,,
2021-08-26,01:15,21.7,18.9,84,SSE,4.8,8,1014.49,0,0,0,0,,
2021-08-26,01:30,22.6,18.9,80,SE,3.2,9.7,1014.56,0,0,0,0,,
2021-08-26,01:45,22.8,18.9,79,SE,4.8,11.3,1014.43,0,0,0,0,,
2021-08-26,02:00,22.6,18.9,79,SE,1.6,4.8,1014.43,0,0,0,0,,
2021-08-26,02:15,22.6,18.9,79,NORTH,0,6.4,1014.36,0,0,0,0,,
2021-08-26,02:30,22.6,18.3,79,SE,1.6,3.2,1014.26,0,0,0,0,,
2021-08-26,02:45,21.8,18.3,81,NORTH,0,4.8,1013.99,0,0,0,0,,
2021-08-26,03:00,21.1,17.8,82,SE,1.6,3.2,1013.82,0,0,0,0,,
2021-08-26,03:15,21.4,18.3,83,NORTH,0,4.8,1013.75,0,0,0,0,,
2021-08-26,03:30,22,17.8,78,NORTH,0,4.8,1013.65,0,0,0,0,,
2021-08-26,03:45,22.2,17.8,77,NORTH,0,3.2,1013.44,0,0,0,0,,
2021-08-26,04:00,21.8,17.8,79,NORTH,0,4.8,1013.17,0,0,0,0,,
2021-08-26,04:15,21.4,17.8,80,WEST,1.6,4.8,1013.34,0,0,0,0,,
2021-08-26,04:30,20.6,17.2,83,NORTH,0,1.6,1013.38,0,0,0,0,,
2021-08-26,04:45,20.7,17.2,82,WEST,19.3,25.7,1013.24,0,0,0,0,,
2021-08-26,05:00,21.2,18.3,85,WNW,19.3,27.4,1013.17,0,0,0,0,,
2021-08-26,05:15,21.2,18.9,88,WEST,16.1,25.7,1013.07,0,0,0,0,,
2021-08-26,05:30,21.3,19.4,90,WEST,14.5,22.5,1013.07,0,0,0,0,,
2021-08-26,05:45,21.4,20,92,WNW,17.7,24.1,1013.31,0,0,0,0,,
2021-08-26,06:00,21.3,20,92,WEST,11.3,20.9,1013.14,0,0,0,0,,
2021-08-26,06:15,21.3,20,92,WNW,4.8,20.9,1013.28,0,0,0,0,,
2021-08-26,06:30,21.2,19.4,92,NW,3.2,8,1013.44,0,0,0,0,,
2021-08-26,06:45,21.3,20,92,WNW,14.5,19.3,1013.51,0,0,0,0,,
2021-08-26,07:00,21.4,20,92,WEST,16.1,22.5,1013.65,0,0,0,7,,
2021-08-26,07:15,21.3,20,92,WEST,19.3,22.5,1013.99,0,0,0,23,,
2021-08-26,07:30,21.1,19.4,93,WNW,12.9,22.5,1013.61,0,0,0,62,,
2021-08-26,07:45,21.1,19.4,93,WNW,8,17.7,1013.68,0,0,0,100,,
2021-08-26,08:00,20.4,18.9,93,NW,3.2,14.5,1013.68,0,0,0,98,,
2021-08-26,08:15,20.7,19.4,93,WNW,11.3,12.9,1013.92,0,0,0,207,,
2021-08-26,08:30,21.4,19.4,89,WNW,8,17.7,1013.75,0,0,0,190,,
2021-08-26,08:45,22.3,19.4,84,WEST,6.4,19.3,1013.85,0,0,1,255,,
2021-08-26,09:00,22.4,18.9,83,WEST,12.9,22.5,1013.95,0,0,1,283,,
2021-08-26,09:15,22.9,19.4,82,WNW,14.5,22.5,1014.09,0,0,1,278,,
2021-08-26,09:30,23.4,20,81,WNW,9.7,24.1,1014.02,0,0,1,378,,
2021-08-26,09:45,23.7,18.9,76,WNW,8,29,1014.09,0,0,2,406,,
2021-08-26,10:00,24.2,18.3,71,WEST,29,37,1014.19,0,0,2,450,,
2021-08-26,10:15,24.6,18.9,70,WEST,32.2,41.8,1014.33,0,0,2,577,,
2021-08-26,10:30,24.7,17.8,67,WEST,27.4,45.1,1014.43,0,0,3,631,,
2021-08-26,10:45,25.2,18.3,66,WEST,16.1,32.2,1014.53,0,0,3,659,,
2021-08-26,11:00,25.6,18.3,64,WEST,30.6,37,1014.56,0,0,3,744,,
2021-08-26,11:15,25.5,17.2,62,NNE,20.9,41.8,1014.7,0,0,4,719,,
2021-08-26,11:30,26,17.2,60,WNW,14.5,32.2,1014.8,0,0,4,726,,
2021-08-26,11:45,26,17.8,62,WNW,12.9,35.4,1014.73,0,0,4,784,,
2021-08-26,12:00,25.8,18.3,64,WEST,17.7,37,1014.66,0,0,4,816,,
2021-08-26,12:15,25.8,17.8,61,WSW,6.4,40.2,1014.77,0,0,5,810,,
2021-08-26,12:30,26.3,18.9,63,WNW,20.9,45.1,1014.7,0,0,5,846,,
2021-08-26,12:45,25.8,18.3,64,WNW,37,43.5,1014.83,0,0,5,846,,
2021-08-26,13:00,26.3,18.3,63,WNW,22.5,38.6,1014.87,0,0,5,837,,
2021-08-26,13:15,26.3,17.8,61,WNW,4.8,38.6,1015.14,0,0,5,838,,
2021-08-26,13:30,26.3,17.8,60,WEST,27.4,38.6,1015.04,0,0,5,844,,
2021-08-26,13:45,26.6,17.2,57,WEST,12.9,30.6,1014.93,0,0,5,817,,
2021-08-26,14:00,26.7,16.1,54,WEST,19.3,41.8,1015.07,0,0,5,844,,
2021-08-26,14:15,26.7,17.2,57,WSW,1.6,29,1015.04,0,0,5,824,,
2021-08-26,14:30,26.6,17.2,58,WNW,29,32.2,1015.24,0,0,5,821,,
2021-08-26,14:45,26.9,17.2,56,WEST,22.5,38.6,1015.27,0,0,4,793,,
2021-08-26,15:00,26.4,17.8,59,WNW,32.2,41.8,1014.97,0,0,4,793,,
2021-08-26,15:15,26.3,18.3,62,WNW,38.6,45.1,1014.83,0,0,4,728,,
2021-08-26,15:30,26.6,18.3,60,WEST,19.3,35.4,1014.87,0,0,4,724,,
2021-08-26,15:45,26,18.3,63,WEST,27.4,35.4,1014.87,0,0,3,691,,
2021-08-26,16:00,26.1,18.9,64,WNW,22.5,38.6,1015.04,0,0,3,622,,
2021-08-26,16:15,25.4,18.9,67,WNW,17.7,38.6,1014.77,0,0,2,710,,
2021-08-26,16:30,25.7,18.9,67,WEST,25.7,40.2,1014.56,0,0,2,274,,
2021-08-26,16:45,25.4,18.9,67,WNW,22.5,38.6,1014.6,0,0,2,271,,
2021-08-26,17:00,25.2,18.9,69,WNW,11.3,41.8,1014.66,0,0,2,561,,
2021-08-26,17:15,25.2,18.9,69,WNW,16.1,40.2,1014.56,0,0,2,478,,
2021-08-26,17:30,24.8,18.3,69,WNW,20.9,38.6,1014.36,0,0,1,269,,
2021-08-26,17:45,24.2,18.3,69,WNW,25.7,48.3,1014.39,0,0,1,357,,
2021-08-26,18:00,24.2,18.3,71,WEST,25.7,46.7,1014.19,0,0,1,306,,
2021-08-26,18:15,24,18.3,71,WNW,24.1,51.5,1014.33,0,0,1,209,,
2021-08-26,18:30,23.7,18.3,72,WNW,19.3,49.9,1014.26,0,0,0,200,,
2021-08-26,18:45,23.6,18.3,73,WNW,17.7,49.9,1014.39,0,0,0,149,,
2021-08-26,19:00,23.3,18.9,76,WEST,24.1,43.5,1014.43,0,0,0,98,,
2021-08-26,19:15,23.2,18.9,78,WNW,16.1,35.4,1014.19,0,0,0,84,,
2021-08-26,19:30,22.8,18.9,79,WEST,24.1,40.2,1014.19,0,0,0,25,,
2021-08-26,19:45,22.4,18.9,80,WEST,22.5,35.4,1014.22,0,0,0,14,,
2021-08-26,20:00,22.2,18.9,81,WNW,11.3,27.4,1014.6,0,0,0,0,,
2021-08-26,20:15,21.9,18.9,83,WNW,8,27.4,1014.73,0,0,0,0,,
2021-08-26,20:30,21.8,18.9,84,WEST,16.1,27.4,1014.66,0,0,0,0,,
2021-08-26,20:45,21.7,18.9,84,WNW,12.9,30.6,1014.83,0,0,0,0,,
2021-08-26,21:00,21.7,18.9,84,WNW,11.3,27.4,1015.04,0,0,0,0,,
2021-08-26,21:15,21.5,18.9,85,WEST,12.9,19.3,1015.07,0,0,0,0,,
2021-08-26,21:30,21.4,18.9,85,WEST,17.7,29,1015.31,0,0,0,0,,
2021-08-26,21:45,21.3,18.9,86,WNW,16.1,27.4,1015.07,0,0,0,0,,
2021-08-26,22:00,21.2,18.9,86,WEST,16.1,27.4,1015.24,0,0,0,0,,
2021-08-26,22:15,21.1,18.3,87,WEST,16.1,27.4,1015.41,0,0,0,0,,
2021-08-26,22:30,21,18.9,87,NW,14.5,30.6,1015.41,0,0,0,0,,
2021-08-26,22:45,20.9,18.3,87,WNW,22.5,24.1,1015.48,0,0,0,0,,
2021-08-26,23:00,20.9,18.3,85,WEST,11.3,17.7,1015.27,0,0,0,0,,
2021-08-26,23:15,20.9,17.8,84,WNW,4.8,17.7,1015.31,0,0,0,0,,
2021-08-26,23:30,20.6,17.8,84,NORTH,0,8,1015.31,0,0,0,0,,
2021-08-26,23:45,20.6,17.8,86,WNW,4.8,8,1015.41,0,0,0,0,,
2021-08-26,OVR,,,,,,,,,,,,gustmax,51.5
2021-08-26,OVR,,,,,,,,,,,,rainrate_max,0
2021-08-26,OVR,,,,,,,,,,,,rain_total_mm,0
2021-08-26,OVR,,,,,,,,,,,,tmax,27.2
2021-08-26,OVR,,,,,,,,,,,,tmin,20.4
2021-08-26,OVR,,,,,,,,,,,,wind_dir_mean_deg,289.8
2021-08-27,00:00,20.7,17.8,86,WNW,3.2,12.9,1015.21,0,0,0,0,,
2021-08-27,00:15,20.8,18.3,86,WNW,11.3,12.9,1015.14,0,0,0,0,,
2021-08-27,00:30,20.7,17.8,86,WNW,1.6,11.3,1015.1,0,0,0,0,,
2021-08-27,00:45,20,17.8,87,WNW,1.6,3.2,1015.07,0,0,0,0,,
2021-08-27,01:00,20.1,17.8,88,NW,1.6,3.2,1015.24,0,0,0,0,,
2021-08-27,01:15,20.4,17.8,86,NORTH,0,1.6,1015.24,0,0,0,0,,
2021-08-27,01:30,20.3,17.8,87,NORTH,0,1.6,1015.21,0,0,0,0,,
2021-08-27,01:45,20.2,17.8,88,NORTH,0,4.8,1015.07,0,0,0,0,,
2021-08-27,02:00,20.2,17.8,88,NW,3.2,11.3,1014.9,0,0,0,0,,
2021-08-27,02:15,20.1,17.8,88,NW,3.2,6.4,1014.77,0,0,0,0,,
2021-08-27,02:30,20.2,17.8,88,WNW,6.4,11.3,1014.6,0,0,0,0,,
2021-08-27,02:45,20.3,18.3,88,WEST,3.2,12.9,1014.6,0,0,0,0,,
2021-08-27,03:00,20.3,18.3,88,WEST,4.8,9.7,1014.53,0,0,0,0,,
2021-08-27,03:15,20.3,18.3,88,WNW,6.4,11.3,1014.49,0,0,0,0,,
2021-08-27,03:30,20.3,18.3,89,WNW,6.4,14.5,1014.39,0,0,0,0,,
2021-08-27,03:45,20.3,18.3,89,WNW,1.6,11.3,1014.29,0,0,0,0,,
2021-08-27,04:00,19.9,17.8,89,NORTH,0,4.8,1014.36,0,0,0,0,,
2021-08-27,04:15,19.6,17.8,90,NORTH,0,3.2,1014.22,0,0,0,0,,
2021-08-27,04:30,19.3,17.8,91,NORTH,0,0,1014.26,0,0,0,0,,
2021-08-27,04:45,19.4,17.8,91,NORTH,0,4.8,1014.19,0,0,0,0,,
2021-08-27,05:00,19.1,17.8,92,NORTH,0,1.6,1014.09,0,0,0,0,,
2021-08-27,05:15,19.4,17.8,92,WNW,3.2,6.4,1014.02,0,0,0,0,,
2021-08-27,05:30,19.1,17.8,92,NORTH,0,4.8,1014.02,0,0,0,0,,
2021-08-27,05:45,19.3,17.8,92,NW,1.6,4.8,1013.88,0,0,0,0,,
2021-08-27,06:00,19.4,17.8,93,NW,4.8,4.8,1013.82,0,0,0,0,,
2021-08-27,06:15,19.5,17.8,92,NW,1.6,4.8,1013.88,0,0,0,0,,
2021-08-27,06:30,19.6,18.3,93,NW,3.2,4.8,1013.95,0,0,0,0,,
2021-08-27,06:45,19.8,18.3,93,NW,3.2,4.8,1014.22,0,0,0,0,,
2021-08-27,07:00,20.1,18.9,92,NW,3.2,6.4,1014.33,0,0,0,11,,
2021-08-27,07:15,20.2,18.9,92,NW,4.8,8,1013.95,0,0,0,23,,
2021-08-27,07:30,20.3,18.9,92,WEST,9.7,11.3,1014.16,0,0,0,30,,
2021-08-27,07:45,20.6,18.9,91,WNW,6.4,12.9,1014.43,0,0,0,54,,
2021-08-27,08:00,20.7,18.9,91,NORTH,0,6.4,1014.43,0,0,0,67,,
2021-08-27,08:15,21.1,19.4,90,NORTH,0,1.6,1014.33,0,0,0,199,,
2021-08-27,08:30,21.7,19.4,88,NW,6.4,8,1014.36,0,0,0,197,,
2021-08-27,08:45,21.8,19.4,87,WNW,12.9,20.9,1014.63,0,0,0,116,,
2021-08-27,09:00,22.1,19.4,87,WEST,6.4,14.5,1014.33,0,0,1,292,,
2021-08-27,09:15,22.7,20,85,WEST,22.5,20.9,1014.53,0,0,1,139,,
2021-08-27,09:30,23.4,20,82,WNW,12.9,30.6,1014.46,0,0,1,418,,
2021-08-27,09:45,23.9,20,80,WNW,11.3,29,1014.6,0,0,1,439,,
2021-08-27,10:00,24.1,20,79,WNW,17.7,29,1014.7,0,0,0,107,,
2021-08-27,10:15,23.7,20.6,83,WNW,30.6,43.5,1014.87,0,0,1,165,,
2021-08-27,10:30,24.4,20.6,80,WEST,19.3,32.2,1014.6,0,0,2,221,,
2021-08-27,10:45,24.2,20,79,WNW,17.7,46.7,1014.83,0,0,3,670,,
2021-08-27,11:00,25,19.4,72,NW,19.3,37,1014.9,0,0,3,742,,
2021-08-27,11:15,24.9,20,74,WEST,22.5,40.2,1014.93,0,0,3,779,,
2021-08-27,11:30,25.3,19.4,72,SW,17.7,46.7,1014.9,0,0,4,819,,
2021-08-27,11:45,25.4,19.4,71,WEST,19.3,35.4,1014.83,0,0,4,172,,
2021-08-27,12:00,25.6,18.9,68,WNW,24.1,33.8,1015.17,0,0,4,879,,
2021-08-27,12:15,25.6,19.4,70,WEST,25.7,45.1,1014.97,0,0,2,174,,
2021-08-27,12:30,26,19.4,68,WEST,19.3,40.2,1014.87,0,0,5,199,,
2021-08-27,12:45,26.7,19.4,64,WNW,20.9,43.5,1014.77,0,0,5,1002,,
2021-08-27,13:00,26.8,19.4,63,WEST,27.4,41.8,1014.7,0,0,4,192,,
2021-08-27,13:15,26.9,18.9,61,ENE,24.1,43.5,1014.77,0,0,4,1035,,
2021-08-27,13:30,27.3,18.9,62,WEST,17.7,43.5,1014.6,0,0,5,909,,
2021-08-27,13:45,27.1,17.8,56,WNW,30.6,43.5,1014.77,0,0,5,900,,
2021-08-27,14:00,27.3,18.3,59,,22.5,43.5,1014.63,0,0,2,267,,
2021-08-27,14:15,26.8,18.3,61,WNW,19.3,43.5,1014.66,0,0,5,970,,
2021-08-27,14:30,26.6,18.9,64,WNW,35.4,45.1,1014.83,0,0,2,246,,
2021-08-27,14:45,26.5,18.9,63,WEST,19.3,49.9,1014.7,0,0,4,229,,
2021-08-27,15:00,26.7,18.3,61,WEST,17.7,43.5,1014.7,0,0,4,543,,
2021-08-27,15:15,26.6,17.8,58,WNW,27.4,45.1,1014.56,0,0,4,791,,
2021-08-27,15:30,26.7,18.3,61,WNW,19.3,41.8,1014.49,0,0,3,332,,
2021-08-27,15:45,26.4,18.3,61,WNW,32.2,46.7,1014.56,0,0,3,749,,
2021-08-27,16:00,27.3,15,48,WEST,35.4,46.7,1014.6,0,0,3,654,,
2021-08-27,16:15,27.3,15.6,48,WNW,27.4,37,1014.33,0,0,3,613,,
2021-08-27,16:30,27.2,14.4,47,WNW,30.6,48.3,1014.43,0,0,2,568,,
2021-08-27,16:45,26.7,15,50,WEST,6.4,41.8,1014.22,0,0,2,524,,
2021-08-27,17:00,26.8,14.4,48,WEST,20.9,41.8,1014.36,0,0,2,471,,
2021-08-27,17:15,26.7,13.9,45,NNE,22.5,43.5,1014.36,0,0,1,431,,
2021-08-27,17:30,26.6,13.9,46,WNW,22.5,43.5,1014.46,0,0,1,380,,
2021-08-27,17:45,26.4,14.4,48,WNW,29,40.2,1014.6,0,0,1,332,,
2021-08-27,18:00,26,13.9,48,WNW,20.9,41.8,1014.6,0,0,1,287,,
2021-08-27,18:15,25.8,13.9,48,WEST,24.1,38.6,1014.56,0,0,1,234,,
2021-08-27,18:30,25.4,13.9,50,WNW,14.5,43.5,1014.43,0,0,0,186,,
2021-08-27,18:45,25.3,14.4,51,WNW,24.1,40.2,1014.46,0,0,0,135,,
2021-08-27,19:00,25.1,14.4,53,WNW,20.9,38.6,1014.43,0,0,0,88,,
2021-08-27,19:15,24.6,14.4,54,NW,24.1,48.3,1014.56,0,0,0,53,,
2021-08-27,19:30,24.4,14.4,54,WEST,19.3,30.6,1014.73,0,0,0,23,,
2021-08-27,19:45,24.2,15,57,WEST,14.5,32.2,1014.66,0,0,0,16,,
2021-08-27,20:00,23.8,14.4,55,WNW,12.9,38.6,1014.66,0,0,0,0,,
2021-08-27,20:30,23.3,15.6,61,NW,14.5,25.7,1014.8,0,0,0,0,,
2021-08-27,20:45,23.1,16.1,64,WEST,14.5,25.7,1014.87,0,0,0,0,,
2021-08-27,21:00,22.9,15.6,64,WEST,16.1,20.9,1014.87,0,0,0,0,,
2021-08-27,21:15,22.8,15.6,65,WEST,12.9,20.9,1015.04,0,0,0,0,,
2021-08-27,21:30,22.7,16.1,67,WEST,14.5,19.3,1015.14,0,0,0,0,,
2021-08-27,21:45,22.7,16.7,70,WEST,12.9,16.1,1015.07,0,0,0,0,,
2021-08-27,22:00,22.6,17.2,73,WEST,17.7,17.7,1014.97,0,0,0,0,,
2021-08-27,22:15,22.4,17.2,74,WNW,11.3,17.7,1014.93,0,0,0,0,,
2021-08-27,22:30,22.3,17.8,76,WEST,6.4,14.5,1014.97,0,0,0,0,,
2021-08-27,22:45,21.9,17.8,79,WEST,3.2,12.9,1014.97,0,0,0,0,,
2021-08-27,23:00,21.6,18.3,82,WNW,4.8,9.7,1014.97,0,0,0,0,,
2021-08-27,23:15,21.7,17.8,79,WNW,3.2,11.3,1014.93,0,0,0,0,,
2021-08-27,23:30,21.7,17.8,78,WNW,3.2,9.7,1014.83,0,0,0,0,,
2021-08-27,23:45,21.7,17.2,77,WEST,3.2,9.7,1014.93,0,0,0,0,,
2021-08-27,OVR,,,,,,,,,,,,gustmax,49.9
2021-08-27,OVR,,,,,,,,,,,,rainrate_max,0
2021-08-27,OVR,,,,,,,,,,,,rain_total_mm,0
2021-08-27,OVR,,,,,,,,,,,,tmax,27.7
2021-08-27,OVR,,,,,,,,,,,,tmin,18.9
2021-08-27,OVR,,,,,,,,,,,,wind_dir_mean_deg,296.2
2021-08-28,00:00,21.5,17.2,78,WEST,3.2,4.8,1015.37,0,0,0,0,,
2021-08-28,00:15,21.2,17.2,80,WEST,1.6,9.7,1015.34,0,0,0,0,,
2021-08-28,00:30,21.1,17.8,83,WEST,4.8,6.4,1015.37,0,0,0,0,,
2021-08-28,00:45,20.9,17.8,84,WEST,4.8,9.7,1015.14,0,0,0,0,,
2021-08-28,01:00,21.3,17.2,79,WNW,11.3,19.3,1014.97,0,0,0,0,,
2021-08-28,01:15,21.4,17.2,78,WNW,12.9,14.5,1014.97,0,0,0,0,,
2021-08-28,01:30,21.3,17.2,79,NW,4.8,12.9,1014.8,0,0,0,0,,
2021-08-28,01:45,20.9,17.2,80,NW,1.6,6.4,1014.63,0,0,0,0,,
2021-08-28,02:00,20.6,17.2,80,NW,1.6,4.8,1014.66,0,0,0,0,,
2021-08-28,02:15,20.5,17.2,83,NW,4.8,8,1014.53,0,0,0,0,,
2021-08-28,02:30,20.7,17.2,82,NW,4.8,11.3,1014.46,0,0,0,0,,
2021-08-28,02:45,21,17.8,83,WEST,6.4,14.5,1014.33,0,0,0,0,,
2021-08-28,03:00,21.1,17.8,83,WEST,3.2,6.4,1014.33,0,0,0,0,,
2021-08-28,03:15,20.8,17.8,83,NORTH,0,6.4,1014.19,0,0,0,0,,
2021-08-28,03:30,20.4,17.2,84,NORTH,0,4.8,1014.22,0,0,0,0,,
2021-08-28,03:45,20.3,17.8,85,WNW,4.8,6.4,1014.33,0,0,0,0,,
2021-08-28,04:00,20.7,17.8,85,WNW,3.2,11.3,1014.16,0,0,0,0,,
2021-08-28,04:15,20.9,18.3,85,NW,1.6,8,1014.05,0,0,0,0,,
2021-08-28,04:30,20.6,18.3,86,NORTH,0,3.2,1013.99,0,0,0,0,,
2021-08-28,04:45,20.8,18.3,88,NW,3.2,6.4,1013.88,0,0,0,0,,
2021-08-28,05:00,21,18.9,89,WNW,4.8,11.3,1013.82,0,0,0,0,,
2021-08-28,05:15,21.1,18.9,89,NORTH,0,9.7,1013.72,0,0,0,0,,
2021-08-28,05:30,20.9,18.9,89,WNW,1.6,3.2,1013.58,0,0,0,0,,
2021-08-28,05:45,20.8,18.9,90,NORTH,0,4.8,1013.48,0,0,0,0,,
2021-08-28,06:00,20.7,18.9,91,NORTH,0,1.6,1013.38,0,0,0,0,,
2021-08-28,06:15,20.6,18.9,92,NORTH,0,1.6,1013.41,0,0,0,0,,
2021-08-28,06:30,20.6,18.9,92,NORTH,0,1.6,1013.31,0,0,0,0,,
2021-08-28,06:45,20.4,18.9,91,NORTH,0,4.8,1013.44,0,0,0,0,,
2021-08-28,07:00,20.2,18.9,92,NORTH,0,1.6,1013.48,0,0,0,0,,
2021-08-28,07:15,20.3,18.9,92,NORTH,0,3.2,1013.51,0,0,0,11,,
2021-08-28,07:30,20.5,18.9,93,SW,1.6,3.2,1013.58,0,0,0,32,,
2021-08-28,07:45,20.8,19.4,93,NORTH,0,3.2,1013.82,0,0,0,88,,
2021-08-28,08:00,21.2,19.4,91,SW,3.2,3.2,1013.65,0,0,0,163,,
2021-08-28,08:15,21.8,20,90,NNW,3.2,4.8,1013.72,0,0,0,109,,
2021-08-28,08:30,22.4,20,88,WNW,3.2,12.9,1013.82,0,0,0,160,,
2021-08-28,08:45,22.5,20,86,WNW,11.3,16.1,1013.95,0,0,0,83,,
2021-08-28,09:00,22.4,20,87,WNW,4.8,16.1,1013.65,0,0,1,274,,
2021-08-28,09:15,23.1,20,85,WEST,11.3,14.5,1013.82,0,0,1,388,,
2021-08-28,09:30,23.5,20.6,83,WEST,14.5,20.9,1013.75,0,0,1,225,,
2021-08-28,09:45,23.3,20,83,WEST,6.4,22.5,1013.58,0,0,2,410,,
2021-08-28,10:00,24.2,20,78,WEST,1.6,20.9,1013.48,0,0,2,548,,
2021-08-28,10:15,23.8,19.4,77,WNW,16.1,25.7,1013.51,0,0,1,239,,
2021-08-28,10:30,23.8,20,79,WEST,12.9,24.1,1013.38,0,0,1,171,,
2021-08-28,10:45,23.8,20,80,WNW,14.5,20.9,1013.44,0,0,1,162,,
2021-08-28,11:00,24.2,20,77,WNW,20.9,30.6,1013.38,0,0,2,381,,
2021-08-28,11:15,24.6,20,76,WEST,17.7,29,1013.34,0,0,1,243,,
2021-08-28,11:30,24.8,19.4,73,WNW,19.3,30.6,1013.41,0,0,2,316,,
2021-08-28,12:00,25.2,18.3,67,ENE,24.1,46.7,1013.68,0,0,3,315,,
2021-08-28,12:15,25.7,17.8,63,WEST,30.6,40.2,1013.65,0,0,4,886,,
2021-08-28,12:30,26,16.1,54,WEST,20.9,43.5,1013.72,0,0,5,904,,
2021-08-28,12:45,26.1,16.7,56,SSW,12.9,48.3,1013.65,0,0,5,826,,
2021-08-28,13:00,26.1,15.6,52,WNW,30.6,41.8,1013.51,0,0,5,824,,
2021-08-28,13:15,26.1,16.1,54,WNW,24.1,46.7,1013.65,0,0,5,849,,
2021-08-28,13:30,26.1,15,51,WEST,17.7,40.2,1013.58,0,0,5,928,,
2021-08-28,13:45,26.2,16.1,55,WEST,19.3,41.8,1013.31,0,0,4,381,,
2021-08-28,14:00,25.9,15.6,54,WNW,16.1,46.7,1013.31,0,0,5,819,,
2021-08-28,14:15,26.6,12.8,43,WEST,24.1,46.7,1012.97,0,0,5,800,,
2021-08-28,14:30,26.8,12.8,42,WNW,27.4,48.3,1013.07,0,0,4,780,,
2021-08-28,14:45,26.9,12.2,40,WEST,20.9,51.5,1012.97,0,0,4,765,,
2021-08-28,15:00,26.7,12.8,42,WNW,22.5,41.8,1012.97,0,0,4,737,,
2021-08-28,15:15,26.9,12.8,41,WNW,25.7,48.3,1012.9,0,0,4,712,,
2021-08-28,15:30,26.8,12.8,42,WEST,41.8,51.5,1012.87,0,0,3,682,,
2021-08-28,15:45,26.6,13.3,45,SW,6.4,41.8,1012.73,0,0,3,656,,
2021-08-28,16:00,26.1,13.9,47,WEST,41.8,43.5,1012.5,0,0,3,626,,
2021-08-28,16:15,26.2,14.4,48,WNW,27.4,40.2,1012.53,0,0,3,594,,
2021-08-28,16:30,25.9,15,52,WNW,24.1,48.3,1012.73,0,0,2,568,,
2021-08-28,16:45,25.6,15,52,WNW,29,41.8,1012.5,0,0,2,513,,
2021-08-28,17:00,25.3,15,54,WNW,27.4,40.2,1012.73,0,0,1,320,,
2021-08-28,17:15,25.2,13.9,50,NW,22.5,41.8,1012.73,0,0,1,418,,
2021-08-28,17:30,24.5,14.4,55,WEST,22.5,38.6,1012.43,0,0,1,193,,
2021-08-28,17:45,24.4,15,56,WEST,22.5,41.8,1012.43,0,0,1,316,,
2021-08-28,18:00,24.3,15.6,58,WEST,20.9,40.2,1012.43,0,0,1,288,,
2021-08-28,18:15,23.9,15,58,WNW,17.7,37,1012.5,0,0,1,241,,
2021-08-28,18:30,23.7,15,59,NW,19.3,37,1012.63,0,0,0,190,,
2021-08-28,18:45,23.3,14.4,58,NW,19.3,37,1012.43,0,0,0,135,,
2021-08-28,19:00,23,14.4,60,WEST,12.9,27.4,1012.46,0,0,0,90,,
2021-08-28,19:15,22.6,15,63,WEST,19.3,29,1012.43,0,0,0,51,,
2021-08-28,19:30,22.2,15.6,66,WEST,22.5,30.6,1012.5,0,0,0,21,,
2021-08-28,19:45,21.7,15,67,WNW,25.7,33.8,1012.46,0,0,0,12,,
2021-08-28,20:00,21.3,15,69,WEST,20.9,38.6,1012.73,0,0,0,0,,
2021-08-28,20:15,20.9,15,70,WEST,30.6,32.2,1012.84,0,0,0,0,,
2021-08-28,20:30,20.7,15,71,WEST,19.3,37,1012.84,0,0,0,0,,
2021-08-28,20:45,20.4,15,71,WNW,20.9,27.4,1013.17,0,0,0,0,,
2021-08-28,21:00,20.3,15,73,WNW,12.9,24.1,1013.11,0,0,0,0,,
2021-08-28,21:15,20.2,15,74,WNW,11.3,25.7,1013.21,0,0,0,0,,
2021-08-28,21:30,19.9,15,75,WEST,12.9,24.1,1013.24,0,0,0,0,,
2021-08-28,21:45,19.8,15,75,WNW,14.5,20.9,1013.24,0,0,0,0,,
2021-08-28,22:00,19.8,15,76,WNW,14.5,20.9,1013.38,0,0,0,0,,
2021-08-28,22:15,19.7,15,76,WNW,14.5,17.7,1013.44,0,0,0,0,,
2021-08-28,22:30,19.6,15,77,WEST,12.9,17.7,1013.28,0,0,0,0,,
2021-08-28,22:45,19.5,15,77,WNW,11.3,19.3,1013.11,0,0,0,0,,
2021-08-28,23:00,19.2,15,78,NW,8,17.7,1013.31,0,0,0,0,,
2021-08-28,23:15,19,15,79,WNW,11.3,16.1,1013.17,0,0,0,0,,
2021-08-28,23:30,18.9,15,79,NW,6.4,14.5,1013.28,0,0,0,0,,
2021-08-28,23:45,18.7,15,80,WNW,4.8,16.1,1013.41,0,0,0,0,,
2021-08-28,OVR,,,,,,,,,,,,gustmax,51.5
2021-08-28,OVR,,,,,,,,,,,,rainrate_max,0
2021-08-28,OVR,,,,,,,,,,,,rain_total_mm,0
2021-08-28,OVR,,,,,,,,,,,,tmax,27.2
2021-08-28,OVR,,,,,,,,,,,,tmin,18.6
2021-08-28,OVR,,,,,,,,,,,,wind_dir_mean_deg,293.6
2021-08-29,00:00,18.6,15,80,WNW,6.4,11.3,1013.61,0,0,0,0,,
2021-08-29,00:15,18.8,15,80,WEST,11.3,17.7,1013.48,0,0,0,0,,
2021-08-29,00:30,19,15.6,80,WNW,8,17.7,1013.34,0,0,0,0,,
2021-08-29,00:45,19,15.6,80,WNW,12.9,20.9,1013.17,0,0,0,0,,
2021-08-29,01:00,18.9,15.6,81,WNW,4.8,17.7,1013.34,0,0,0,0,,
2021-08-29,01:15,18.8,15.6,81,WEST,12.9,16.1,1013.38,0,0,0,0,,
2021-08-29,01:30,18.8,15.6,82,WNW,9.7,16.1,1013.38,0,0,0,0,,
2021-08-29,01:45,18.2,15,82,WNW,3.2,12.9,1013.31,0,0,0,0,,
2021-08-29,02:00,16.9,13.9,83,NORTH,0,4.8,1013.31,0,0,0,0,,
2021-08-29,02:15,16.8,14.4,86,EAST,1.6,4.8,1013.28,0,0,0,0,,
2021-08-29,02:30,17.2,14.4,86,NORTH,0,3.2,1013.14,0,0,0,0,,
2021-08-29,02:45,17.1,14.4,86,NORTH,0,1.6,1013.11,0,0,0,0,,
2021-08-29,03:00,17.1,14.4,87,EAST,1.6,1.6,1012.94,0,0,0,0,,
2021-08-29,03:15,16.9,14.4,86,NORTH,0,3.2,1012.8,0,0,0,0,,
2021-08-29,03:30,16.8,14.4,87,NORTH,0,1.6,1012.94,0,0,0,0,,
2021-08-29,03:45,16.7,14.4,88,NORTH,0,1.6,1012.9,0,0,0,0,,
2021-08-29,04:00,16.8,14.4,87,ENE,1.6,3.2,1012.94,0,0,0,0,,
2021-08-29,04:15,16.9,14.4,87,NORTH,0,3.2,1013.07,0,0,0,0,,
2021-08-29,04:30,17,14.4,87,ENE,1.6,4.8,1013,0,0,0,0,,
2021-08-29,04:45,16.8,14.4,87,ENE,1.6,4.8,1012.97,0,0,0,0,,
2021-08-29,05:00,16.4,14.4,89,NORTH,0,3.2,1013.07,0,0,0,0,,
2021-08-29,05:15,16.8,14.4,87,NE,1.6,4.8,1013.07,0,0,0,0,,
2021-08-29,05:30,16.7,14.4,87,NNE,1.6,4.8,1013.17,0,0,0,0,,
2021-08-29,05:45,17.2,15,87,WEST,3.2,12.9,1013.14,0,0,0,0,,
2021-08-29,06:00,16.9,14.4,86,NORTH,0,6.4,1013.17,0,0,0,0,,
2021-08-29,06:15,16.6,14.4,87,NORTH,0,1.6,1013.24,0,0,0,0,,
2021-08-29,06:30,16.2,14.4,89,NORTH,0,1.6,1013.34,0,0,0,0,,
2021-08-29,06:45,16.3,14.4,88,NORTH,0,3.2,1013.38,0,0,0,0,,
2021-08-29,07:00,15.9,13.9,89,WNW,1.6,3.2,1013.31,0,0,0,11,,
2021-08-29,07:15,16.2,14.4,89,NNW,1.6,4.8,1013.51,0,0,0,21,,
2021-08-29,07:30,16.4,14.4,88,NORTH,0,3.2,1013.44,0,0,0,69,,
2021-08-29,07:45,17.1,14.4,87,NORTH,0,3.2,1013.68,0,0,0,107,,
2021-08-29,08:00,17.6,15,85,NORTH,0,4.8,1013.65,0,0,0,46,,
2021-08-29,08:15,17.8,15,83,NNW,3.2,4.8,1013.61,0,0,0,151,,
2021-08-29,08:30,18.1,15,83,NW,3.2,6.4,1013.72,0,0,0,225,,
2021-08-29,08:45,18.8,15,80,WNW,4.8,8,1013.82,0,0,1,262,,
2021-08-29,09:00,19.7,15,75,WNW,8,12.9,1013.75,0,0,1,278,,
2021-08-29,09:15,20.3,15,73,NW,9.7,14.5,1013.85,0,0,1,274,,
2021-08-29,09:30,20.7,15,71,NW,11.3,16.1,1013.75,0,0,1,406,,
2021-08-29,09:45,21.2,14.4,67,NW,12.9,17.7,1013.68,0,0,2,392,,
2021-08-29,10:00,21.4,14.4,66,NW,12.9,17.7,1013.88,0,0,2,504,,
2021-08-29,10:15,21.7,15,66,NW,8,27.4,1013.88,0,0,2,584,,
2021-08-29,10:30,22.3,15,64,WNW,4.8,20.9,1013.75,0,0,3,622,,
2021-08-29,10:45,22.6,15,63,WNW,6.4,22.5,1013.92,0,0,3,657,,
2021-08-29,11:00,23.5,15,59,ESE,4.8,16.1,1013.85,0,0,3,696,,
2021-08-29,11:15,23.6,15,58,NNW,4.8,20.9,1013.88,0,0,3,731,,
2021-08-29,11:30,24.1,15,58,WNW,11.3,25.7,1013.95,0,0,4,752,,
2021-08-29,11:45,24.2,15.6,58,WEST,16.1,20.9,1013.88,0,0,4,782,,
2021-08-29,12:00,25,15.6,56,WNW,6.4,17.7,1013.82,0,0,4,800,,
2021-08-29,12:15,25.3,15.6,54,WEST,27.4,25.7,1013.82,0,0,5,819,,
2021-08-29,12:30,25.2,15.6,55,WNW,3.2,24.1,1013.82,0,0,5,830,,
2021-08-29,12:45,25.6,15.6,54,WEST,19.3,25.7,1013.68,0,0,5,840,,
2021-08-29,13:00,26.1,15.6,52,WEST,6.4,22.5,1013.75,0,0,4,788,,
2021-08-29,13:15,26,15.6,53,SW,1.6,19.3,1013.82,0,0,5,863,,
2021-08-29,13:30,26.1,15.6,53,WNW,14.5,38.6,1013.75,0,0,5,853,,
2021-08-29,13:45,26.2,15.6,52,NW,12.9,33.8,1013.88,0,0,5,842,,
2021-08-29,14:00,26.4,15.6,51,WNW,11.3,35.4,1013.95,0,0,5,835,,
2021-08-29,14:15,26.2,15,51,WEST,16.1,38.6,1013.88,0,0,5,826,,
2021-08-29,14:30,26.3,15.6,53,WNW,11.3,40.2,1013.72,0,0,5,812,,
2021-08-29,14:45,25.9,14.4,50,WNW,24.1,40.2,1013.65,0,0,4,795,,
2021-08-29,15:00,25.9,15,52,WNW,29,40.2,1013.58,0,0,4,765,,
2021-08-29,15:15,26.1,15.6,52,WEST,35.4,46.7,1013.44,0,0,4,740,,
2021-08-29,15:30,25.8,15.6,53,WNW,16.1,45.1,1013.48,0,0,4,708,,
2021-08-29,15:45,25.8,15,52,WNW,29,43.5,1013.31,0,0,3,687,,
2021-08-29,16:00,25.6,15.6,54,WNW,16.1,40.2,1013.48,0,0,3,652,,
2021-08-29,16:15,25.8,16.1,55,WEST,40.2,43.5,1013.55,0,0,3,615,,
2021-08-29,16:30,25.2,16.7,61,WEST,22.5,40.2,1013.17,0,0,2,575,,
2021-08-29,16:45,24.9,17.2,64,WEST,24.1,49.9,1013.21,0,0,2,538,,
2021-08-29,17:00,24.4,17.2,66,WNW,29,48.3,1013.28,0,0,2,490,,
2021-08-29,17:15,24.2,17.2,65,WNW,25.7,49.9,1013.21,0,0,2,450,,
2021-08-29,17:30,24.2,17.8,67,WNW,24.1,45.1,1013.55,0,0,1,399,,
2021-08-29,17:45,23.8,17.2,69,WNW,30.6,46.7,1013.55,0,0,1,350,,
2021-08-29,18:00,23.4,17.8,70,WEST,32.2,46.7,1013.75,0,0,1,304,,
2021-08-29,18:15,23.3,17.8,72,WEST,14.5,41.8,1013.88,0,0,0,192,,
2021-08-29,18:30,23,17.8,72,WNW,24.1,40.2,1013.75,0,0,0,130,,
2021-08-29,18:45,22.6,17.2,73,WEST,20.9,38.6,1013.75,0,0,0,63,,
2021-08-29,19:00,22.3,16.7,72,WEST,22.5,40.2,1013.65,0,0,0,98,,
2021-08-29,19:15,22.2,16.7,71,NW,20.9,38.6,1013.72,0,0,0,35,,
2021-08-29,19:30,21.9,16.7,72,WEST,19.3,41.8,1013.65,0,0,0,30,,
2021-08-29,19:45,21.7,16.7,73,WNW,17.7,33.8,1013.85,0,0,0,18,,
2021-08-29,20:00,21.5,16.7,74,WEST,19.3,29,1014.09,0,0,0,0,,
2021-08-29,20:15,21.2,16.1,74,WEST,14.5,29,1014.02,0,0,0,0,,
2021-08-29,20:30,21,16.1,74,WEST,16.1,24.1,1013.99,0,0,0,0,,
2021-08-29,20:45,20.7,15.6,73,WNW,6.4,20.9,1014.19,0,0,0,0,,
2021-08-29,21:00,20.4,15.6,73,WNW,12.9,16.1,1014.43,0,0,0,0,,
2021-08-29,21:15,20.4,15.6,74,WEST,16.1,19.3,1014.33,0,0,0,0,,
2021-08-29,21:30,20.3,15.6,74,WEST,17.7,17.7,1014.46,0,0,0,0,,
2021-08-29,21:45,20.2,15.6,74,WNW,9.7,17.7,1014.6,0,0,0,0,,
2021-08-29,22:00,20.1,15.6,75,WEST,4.8,11.3,1014.63,0,0,0,0,,
2021-08-29,22:15,20.1,15.6,75,WNW,4.8,16.1,1014.7,0,0,0,0,,
2021-08-29,22:30,19.9,15.6,76,NORTH,0,12.9,1014.7,0,0,0,0,,
2021-08-29,22:45,18.7,15,79,NORTH,0,1.6,1015.07,0,0,0,0,,
2021-08-29,23:00,18.6,15,80,NORTH,0,3.2,1014.97,0,0,0,0,,
2021-08-29,23:15,18.2,15,82,NORTH,0,3.2,1015.04,0,0,0,0,,
2021-08-29,23:30,17.7,14.4,83,SW,1.6,4.8,1014.9,0,0,0,0,,
2021-08-29,23:45,17.2,14.4,84,NORTH,0,3.2,1014.87,0,0,0,0,,
2021-08-29,OVR,,,,,,,,,,,,gustmax,49.9
2021-08-29,OVR,,,,,,,,,,,,rainrate_max,0
2021-08-29,OVR,,,,,,,,,,,,rain_total_mm,0
2021-08-29,OVR,,,,,,,,,,,,tmax,26.6
2021-08-29,OVR,,,,,,,,,,,,tmin,15.9
2021-08-29,OVR,,,,,,,,,,,,wind_dir_mean_deg,307.6
2021-08-30,00:00,17.4,14.4,84,NORTH,0,3.2,1014.66,0,0,0,0,,
2021-08-30,00:15,17.2,15,86,SSW,1.6,3.2,1014.43,0,0,0,0,,
2021-08-30,00:30,17.1,14.4,85,NORTH,0,3.2,1014.6,0,0,0,0,,
2021-08-30,00:45,16.8,14.4,86,SOUTH,1.6,3.2,1014.53,0,0,0,0,,
2021-08-30,01:00,17.1,14.4,86,SOUTH,1.6,3.2,1014.46,0,0,0,0,,
2021-08-30,01:15,17.3,15,87,SSE,3.2,4.8,1014.56,0,0,0,0,,
2021-08-30,01:30,17.4,15,85,SSE,1.6,3.2,1014.7,0,0,0,0,,
2021-08-30,01:45,17.1,15,88,SSE,1.6,3.2,1014.46,0,0,0,0,,
2021-08-30,02:00,16.7,14.4,88,SSE,3.2,3.2,1014.26,0,0,0,0,,
2021-08-30,02:15,17.1,14.4,87,ESE,1.6,4.8,1014.22,0,0,0,0,,
2021-08-30,02:30,16.9,15,88,ESE,1.6,3.2,1014.26,0,0,0,0,,
2021-08-30,02:45,16.9,15,88,ESE,1.6,3.2,1014.19,0,0,0,0,,
2021-08-30,03:00,16.5,14.4,89,ESE,3.2,3.2,1014.12,0,0,0,0,,
2021-08-30,03:15,16.3,14.4,89,ESE,1.6,3.2,1014.36,0,0,0,0,,
2021-08-30,03:30,16.4,14.4,89,ESE,1.6,3.2,1014.16,0,0,0,0,,
2021-08-30,03:45,16.6,14.4,89,ESE,1.6,3.2,1014.12,0,0,0,0,,
2021-08-30,04:00,17.1,15,88,ESE,1.6,3.2,1014.19,0,0,0,0,,
2021-08-30,04:15,17.4,15,87,ESE,1.6,4.8,1014.09,0,0,0,0,,
2021-08-30,04:30,17.2,15,87,ESE,1.6,3.2,1013.88,0,0,0,0,,
2021-08-30,04:45,17.1,15,88,ESE,1.6,4.8,1014.09,0,0,0,0,,
2021-08-30,05:00,17.2,15,87,ESE,3.2,3.2,1013.88,0,0,0,0,,
2021-08-30,05:15,17,14.4,87,NORTH,0,4.8,1013.85,0,0,0,0,,
2021-08-30,05:30,16.7,14.4,88,ESE,1.6,3.2,1013.95,0,0,0,0,,
2021-08-30,05:45,16.4,14.4,88,ESE,1.6,3.2,1013.99,0,0,0,0,,
2021-08-30,06:00,16.1,13.9,89,SE,1.6,3.2,1014.05,0,0,0,0,,
2021-08-30,06:15,16.1,14.4,90,NORTH,0,3.2,1014.09,0,0,0,0,,
2021-08-30,06:30,16.2,14.4,90,SE,1.6,3.2,1014.26,0,0,0,0,,
2021-08-30,06:45,16.4,14.4,90,SE,1.6,3.2,1014.36,0,0,0,0,,
2021-08-30,07:00,16.8,15,90,SE,4.8,4.8,1014.36,0,0,0,7,,
2021-08-30,07:15,17.2,15,87,ESE,1.6,4.8,1014.39,0,0,0,19,,
2021-08-30,07:30,16.9,15,88,ESE,3.2,3.2,1014.39,0,0,0,46,,
2021-08-30,07:45,17.8,15,86,ESE,3.2,3.2,1014.66,0,0,0,83,,
2021-08-30,08:00,18.3,15.6,84,NORTH,0,3.2,1014.77,0,0,0,49,,
2021-08-30,08:15,18.4,15.6,84,ESE,3.2,3.2,1014.77,0,0,0,123,,
2021-08-30,08:30,19.1,15.6,82,EAST,3.2,4.8,1014.8,0,0,0,111,,
2021-08-30,08:45,19.3,16.1,83,EAST,1.6,3.2,1014.9,0,0,1,274,,
2021-08-30,09:00,20.2,16.1,77,NNW,4.8,4.8,1015.04,0,0,1,276,,
2021-08-30,09:15,20.8,16.1,74,NORTH,0,6.4,1015.07,0,0,1,320,,
2021-08-30,09:30,20.4,15.6,75,WNW,6.4,14.5,1015.27,0,0,1,418,,
2021-08-30,09:45,21.4,16.1,72,WNW,4.8,9.7,1015.27,0,0,2,448,,
2021-08-30,10:00,21.2,15.6,72,WNW,3.2,12.9,1015.37,0,0,2,135,,
2021-08-30,10:15,21.6,15.6,69,WNW,6.4,19.3,1015.44,0,0,1,322,,
2021-08-30,10:30,22.1,15.6,66,WEST,16.1,11.3,1015.51,0,0,2,155,,
2021-08-30,10:45,22.2,15.6,67,NORTH,0,17.7,1015.58,0,0,3,668,,
2021-08-30,11:00,22.3,15,65,WEST,6.4,17.7,1015.61,0,0,3,744,,
2021-08-30,11:15,23.2,15,62,NORTH,0,17.7,1015.75,0,0,4,733,,
2021-08-30,11:30,23.3,15.6,61,WNW,12.9,20.9,1015.65,0,0,4,759,,
2021-08-30,11:45,23.6,15.6,60,WEST,24.1,24.1,1015.61,0,0,4,784,,
2021-08-30,12:00,23.7,15,59,WNW,6.4,24.1,1015.61,0,0,4,805,,
2021-08-30,12:15,24.6,15,56,WNW,9.7,17.7,1015.51,0,0,5,830,,
2021-08-30,12:30,24.2,15,56,WNW,19.3,25.7,1015.44,0,0,5,802,,
2021-08-30,12:45,25.1,15,54,WEST,16.1,32.2,1015.61,0,0,5,844,,
2021-08-30,13:00,25.4,15,53,SSE,8,29,1015.65,0,0,5,849,,
2021-08-30,13:15,25.3,15,53,SW,3.2,38.6,1015.61,0,0,5,856,,
2021-08-30,13:30,25.6,15.6,54,NW,16.1,32.2,1015.48,0,0,5,847,,
2021-08-30,13:45,25.6,15.6,55,WNW,20.9,33.8,1015.65,0,0,5,849,,
2021-08-30,14:00,25.2,15.6,55,NW,17.7,37,1015.51,0,0,5,856,,
2021-08-30,14:15,25,15,53,NW,19.3,38.6,1015.41,0,0,5,867,,
2021-08-30,14:30,25.3,15,52,WEST,12.9,37,1015.75,0,0,5,882,,
2021-08-30,14:45,25,15,53,WEST,33.8,41.8,1015.54,0,0,3,643,,
2021-08-30,15:00,24.7,16.7,61,WEST,22.5,48.3,1015.65,0,0,4,798,,
2021-08-30,15:15,24.5,16.1,61,WEST,20.9,41.8,1015.44,0,0,4,740,,
2021-08-30,15:30,24.1,15,58,WEST,33.8,40.2,1015.31,0,0,3,439,,
2021-08-30,15:45,24.2,14.4,55,WNW,32.2,40.2,1015.24,0,0,3,309,,
2021-08-30,16:00,24.1,13.9,54,WEST,24.1,32.2,1015.21,0,0,3,751,,
2021-08-30,16:15,24.1,14.4,55,WNW,12.9,41.8,1014.97,0,0,3,526,,
2021-08-30,16:30,24.4,14.4,53,WNW,16.1,30.6,1015.07,0,0,2,499,,
2021-08-30,16:45,24.5,14.4,54,WEST,27.4,27.4,1014.93,0,0,2,466,,
2021-08-30,17:00,24.1,13.9,53,WEST,12.9,33.8,1015.17,0,0,2,399,,
2021-08-30,17:15,23.8,14.4,57,NNW,16.1,40.2,1015.24,0,0,1,376,,
2021-08-30,17:30,23.4,13.9,55,WNW,24.1,41.8,1014.97,0,0,1,290,,
2021-08-30,17:45,23.2,14.4,59,NW,19.3,40.2,1014.87,0,0,1,269,,
2021-08-30,18:00,23.3,14.4,59,SW,16.1,32.2,1014.97,0,0,1,276,,
2021-08-30,18:15,23.2,15,61,WEST,19.3,33.8,1014.83,0,0,0,171,,
2021-08-30,18:30,23.1,15.6,63,WNW,11.3,27.4,1014.77,0,0,0,244,,
2021-08-30,18:45,22.9,15.6,65,WEST,24.1,32.2,1015.31,0,0,0,51,,
2021-08-30,19:00,22.2,15.6,68,WEST,19.3,33.8,1015.24,0,0,0,28,,
2021-08-30,19:15,22.2,15,65,WEST,16.1,30.6,1015.58,0,0,0,54,,
2021-08-30,19:30,22.2,15.6,66,WNW,14.5,27.4,1015.65,0,0,0,25,,
2021-08-30,19:45,21.9,15.6,69,WEST,6.4,27.4,1015.31,0,0,0,16,,
2021-08-30,20:00,21.6,15.6,70,WEST,11.3,25.7,1015.58,0,0,0,0,,
2021-08-30,20:15,21.3,16.1,72,WNW,17.7,29,1015.95,0,0,0,0,,
2021-08-30,20:30,21.1,16.1,73,WNW,19.3,30.6,1015.82,0,0,0,0,,
2021-08-30,20:45,20.8,16.1,74,WEST,6.4,20.9,1015.92,0,0,0,0,,
2021-08-30,21:00,20.6,16.1,76,WNW,6.4,19.3,1016.46,0,0,0,0,,
2021-08-30,21:15,20.4,16.1,76,WNW,14.5,27.4,1016.39,0,0,0,0,,
2021-08-30,21:30,20.4,16.1,77,WEST,16.1,20.9,1016.56,0,0,0,0,,
2021-08-30,21:45,20.3,16.1,77,WNW,14.5,22.5,1016.7,0,0,0,0,,
2021-08-30,22:00,20.2,15.6,76,WEST,9.7,24.1,1016.7,0,0,0,0,,
2021-08-30,22:15,20.3,15.6,74,WEST,6.4,14.5,1016.8,0,0,0,0,,
2021-08-30,22:30,19.6,15.6,79,SW,1.6,4.8,1016.93,0,0,0,0,,
2021-08-30,22:45,19.4,16.1,81,NORTH,0,11.3,1016.83,0,0,0,0,,
2021-08-30,23:00,19.3,16.1,82,NORTH,0,6.4,1016.93,0,0,0,0,,
2021-08-30,23:15,18.8,15.6,83,NORTH,0,1.6,1017.03,0,0,0,0,,
2021-08-30,23:30,18.7,16.1,84,NORTH,0,1.6,1017.07,0,0,0,0,,
2021-08-30,23:45,18.7,16.1,85,NORTH,0,3.2,1017.14,0,0,0,0,,
2021-08-30,OVR,,,,,,,,,,,,gustmax,48.3
2021-08-30,OVR,,,,,,,,,,,,rainrate_max,0
2021-08-30,OVR,,,,,,,,,,,,rain_total_mm,0
2021-08-30,OVR,,,,,,,,,,,,tmax,25.7
2021-08-30,OVR,,,,,,,,,,,,tmin,15.9
2021-08-30,OVR,,,,,,,,,,,,wind_dir_mean_deg,284.4
2021-08-31,00:00,19,16.1,85,SOUTH,1.6,4.8,1017.51,0,0,0,0,,
2021-08-31,00:15,18.9,16.1,85,NORTH,0,3.2,1017.51,0,0,0,0,,
2021-08-31,00:30,19.1,16.7,87,WSW,1.6,6.4,1017.58,0,0,0,0,,
2021-08-31,00:45,18.7,16.7,88,NORTH,0,6.4,1017.61,0,0,0,0,,
2021-08-31,01:00,18.6,16.7,89,NORTH,0,1.6,1017.68,0,0,0,0,,
2021-08-31,01:15,18.7,16.7,89,NORTH,0,3.2,1017.68,0,0,0,0,,
2021-08-31,01:30,18.7,16.7,89,SOUTH,1.6,1.6,1017.51,0,0,0,0,,
2021-08-31,01:45,18.9,16.7,89,NORTH,0,3.2,1017.27,0,0,0,0,,
2021-08-31,02:00,19.2,17.2,89,NORTH,0,3.2,1017.41,0,0,0,0,,
2021-08-31,02:15,19.1,17.2,89,NW,1.6,3.2,1017.34,0,0,0,0,,
2021-08-31,02:30,19.1,16.7,88,NORTH,0,1.6,1017.24,0,0,0,0,,
2021-08-31,02:45,18.8,16.7,89,NW,1.6,3.2,1017.14,0,0,0,0,,
2021-08-31,03:00,18.9,16.7,87,NW,1.6,3.2,1017.17,0,0,0,0,,
2021-08-31,03:15,18.7,16.1,85,NORTH,0,3.2,1017.2,0,0,0,0,,
2021-08-31,03:30,19.1,15.6,81,NW,1.6,3.2,1017.17,0,0,0,0,,
2021-08-31,03:45,19.3,15.6,79,NORTH,0,3.2,1017.17,0,0,0,0,,
2021-08-31,04:00,19.4,15,77,NW,1.6,3.2,1017.24,0,0,0,0,,
2021-08-31,04:15,19.3,15.6,79,NORTH,0,3.2,1017.14,0,0,0,0,,
2021-08-31,04:30,19.3,15.6,79,NW,1.6,1.6,1017.17,0,0,0,0,,
2021-08-31,04:45,19.1,15.6,80,NORTH,0,1.6,1016.93,0,0,0,0,,
2021-08-31,05:00,19.1,15,79,NORTH,0,3.2,1016.93,0,0,0,0,,
2021-08-31,05:15,18.9,15,78,NORTH,0,3.2,1016.9,0,0,0,0,,
2021-08-31,05:30,18.8,14.4,77,NW,1.6,3.2,1016.9,0,0,0,0,,
2021-08-31,05:45,18.8,13.9,75,NORTH,0,3.2,1017.03,0,0,0,0,,
2021-08-31,06:00,19.3,13.9,72,NORTH,0,3.2,1016.76,0,0,0,0,,
2021-08-31,06:15,19.4,13.9,71,NW,1.6,4.8,1016.8,0,0,0,0,,
2021-08-31,06:30,19.2,13.9,72,NNW,4.8,4.8,1016.7,0,0,0,0,,
2021-08-31,06:45,19.2,13.9,71,NNW,1.6,4.8,1016.83,0,0,0,0,,
2021-08-31,07:00,18.6,13.3,72,NORTH,0,3.2,1016.86,0,0,0,0,,
2021-08-31,07:15,18.6,13.3,71,NORTH,0,4.8,1016.93,0,0,0,14,,
2021-08-31,07:30,18.9,13.3,70,NE,1.6,3.2,1017.03,0,0,0,49,,
2021-08-31,07:45,19.4,13.3,69,NORTH,0,1.6,1017.2,0,0,0,111,,
2021-08-31,08:00,20.3,13.9,67,NNW,1.6,4.8,1017.37,0,0,0,156,,
2021-08-31,08:15,20.6,13.9,66,NW,3.2,6.4,1017.41,0,0,0,155,,
2021-08-31,08:30,21.1,13.9,64,NNW,3.2,6.4,1017.41,0,0,0,211,,
2021-08-31,08:45,21.9,12.8,58,NNW,4.8,8,1017.34,0,0,1,241,,
2021-08-31,09:00,21.9,12.8,57,NW,11.3,12.9,1017.64,0,0,1,253,,
2021-08-31,09:15,22.3,12.8,54,NW,6.4,14.5,1017.64,0,0,1,288,,
2021-08-31,09:30,22.8,12.2,52,NW,8,14.5,1017.61,0,0,1,378,,
2021-08-31,09:45,23.7,11.7,48,WNW,4.8,12.9,1017.71,0,0,2,383,,
2021-08-31,10:00,24.4,11.7,45,WNW,1.6,11.3,1017.71,0,0,2,510,,
2021-08-31,10:15,25.2,12.2,44,WNW,4.8,11.3,1017.78,0,0,2,563,,
2021-08-31,10:30,25.7,12.8,46,WNW,6.4,14.5,1018.05,0,0,3,601,,
2021-08-31,10:45,26,13.3,45,WEST,9.7,17.7,1017.95,0,0,3,636,,
2021-08-31,11:00,25.9,12.8,45,WNW,11.3,17.7,1017.98,0,0,3,671,,
2021-08-31,11:15,26.4,13.3,44,NW,8,17.7,1017.98,0,0,4,701,,
2021-08-31,11:30,26.6,13.3,45,SSE,3.2,14.5,1018.08,0,0,4,729,,
2021-08-31,11:45,27.1,13.9,44,WNW,4.8,16.1,1018.12,0,0,4,752,,
2021-08-31,12:00,27.5,13.9,44,WNW,4.8,16.1,1018.22,0,0,4,773,,
2021-08-31,12:15,27.7,13.9,43,WEST,12.9,22.5,1018.22,0,0,5,793,,
2021-08-31,12:30,27.8,13.9,43,NW,12.9,20.9,1018.05,0,0,5,809,,
2021-08-31,12:45,28,13.9,43,WEST,16.1,24.1,1018.05,0,0,5,817,,
2021-08-31,13:00,28.4,14.4,43,WNW,6.4,20.9,1017.98,0,0,5,817,,
2021-08-31,13:15,28.5,14.4,43,WEST,9.7,19.3,1017.91,0,0,5,824,,
2021-08-31,13:30,28.8,14.4,41,WNW,6.4,20.9,1018.05,0,0,5,821,,
2021-08-31,13:45,28.6,15,43,WNW,17.7,27.4,1017.98,0,0,5,816,,
2021-08-31,14:00,28.8,14.4,42,WEST,22.5,24.1,1017.78,0,0,5,587,,
2021-08-31,14:15,29.1,14.4,41,WEST,22.5,35.4,1017.98,0,0,5,803,,
2021-08-31,14:30,29.2,13.9,40,WEST,9.7,27.4,1017.98,0,0,5,782,,
2021-08-31,14:45,28.8,13.9,41,WNW,14.5,27.4,1017.81,0,0,4,759,,
2021-08-31,15:00,29,15,42,WNW,12.9,32.2,1017.64,0,0,4,737,,
2021-08-31,15:15,28.8,15,43,WNW,17.7,43.5,1017.34,0,0,4,714,,
2021-08-31,15:30,28.6,15,45,WNW,11.3,38.6,1017.37,0,0,4,686,,
2021-08-31,15:45,28.6,15,44,WEST,16.1,40.2,1017.54,0,0,3,656,,
2021-08-31,16:00,28.4,15,45,WNW,27.4,40.2,1017.54,0,0,3,628,,
2021-08-31,16:15,28.5,15.6,45,WEST,19.3,37,1017.44,0,0,3,592,,
2021-08-31,16:30,27.6,15.6,48,WEST,22.5,37,1017.61,0,0,2,555,,
2021-08-31,16:45,27.7,15.6,48,WNW,33.8,35.4,1017.85,0,0,2,512,,
2021-08-31,17:00,27.2,15.6,49,WEST,29,37,1017.85,0,0,2,469,,
2021-08-31,17:15,26.6,16.1,53,WNW,12.9,40.2,1017.61,0,0,2,424,,
2021-08-31,17:30,26.4,15.6,51,WNW,19.3,38.6,1017.61,0,0,1,374,,
2021-08-31,17:45,26.3,15,51,WEST,16.1,40.2,1017.88,0,0,1,327,,
2021-08-31,18:00,25.8,15.6,54,WEST,19.3,41.8,1017.75,0,0,1,278,,
2021-08-31,18:15,25.8,16.1,56,WNW,12.9,27.4,1017.91,0,0,1,232,,
2021-08-31,18:30,25.3,15.6,56,WEST,27.4,38.6,1017.91,0,0,0,174,,
2021-08-31,18:45,24.9,15.6,56,WNW,14.5,38.6,1017.91,0,0,0,114,,
2021-08-31,19:00,24.7,15.6,56,WNW,27.4,35.4,1017.98,0,0,0,72,,
2021-08-31,19:15,24.3,15,57,WEST,17.7,37,1017.88,0,0,0,39,,
2021-08-31,19:30,23.8,15.6,60,WNW,12.9,30.6,1017.81,0,0,0,16,,
2021-08-31,19:45,23.4,15,60,WEST,12.9,24.1,1017.91,0,0,0,9,,
2021-08-31,20:00,23.1,15,61,WEST,9.7,17.7,1017.85,0,0,0,0,,
2021-08-31,20:15,22.6,15,64,WSW,17.7,22.5,1017.31,0,0,0,0,,
2021-08-31,20:30,22.3,15.6,66,WEST,20.9,29,1017.44,0,0,0,0,,
2021-08-31,20:45,22.1,15.6,67,NW,6.4,17.7,1017.75,0,0,0,0,,
2021-08-31,21:00,21.6,15.6,69,WEST,1.6,6.4,1017.81,0,0,0,0,,
2021-08-31,21:15,21.3,15.6,71,WEST,1.6,4.8,1018.02,0,0,0,0,,
2021-08-31,21:30,20.8,15.6,73,WEST,1.6,3.2,1018.05,0,0,0,0,,
2021-08-31,21:45,20.6,15.6,75,NORTH,0,3.2,1018.22,0,0,0,0,,
2021-08-31,22:00,20.2,15.6,77,NORTH,0,3.2,1018.76,0,0,0,0,,
2021-08-31,22:15,19.8,15.6,78,WEST,1.6,3.2,1019.03,0,0,0,0,,
2021-08-31,22:30,19.9,16.1,79,NORTH,0,3.2,1019.03,0,0,0,0,,
2021-08-31,22:45,19.6,16.1,80,SSW,3.2,4.8,1019,0,0,0,0,,
2021-08-31,23:00,19.7,16.1,81,SOUTH,1.6,3.2,1019.03,0,0,0,0,,
2021-08-31,23:15,19.2,16.1,83,SOUTH,1.6,1.6,1018.96,0,0,0,0,,
2021-08-31,23:30,19.4,16.7,85,NORTH,0,3.2,1019.37,0,0,0,0,,
2021-08-31,23:45,18.9,16.7,87,NORTH,0,3.2,1019.34,0,0,0,0,,
2021-08-31,OVR,,,,,,,,,,,,gustmax,43.5
2021-08-31,OVR,,,,,,,,,,,,rainrate_max,0
2021-08-31,OVR,,,,,,,,,,,,rain_total_mm,0
2021-08-31,OVR,,,,,,,,,,,,tmax,29.3
2021-08-31,OVR,,,,,,,,,,,,tmin,18.4
2021-08-31,OVR,,,,,,,,,,,,wind_dir_mean_deg,306
