date,time,temp_c,dewpoint_c,rh_pct,wind_dir_txt,wind_kmh,gust_kmh,press_hpa,rain_acc_mm,rain_rate_mmph,uv,solar_wm2,key,value
2021-04-01,00:00,11.8,7.2,75,ESE,1.6,4.8,1023.91,0,0,0,0,,
2021-04-01,00:15,11.9,6.7,71,ESE,3.2,4.8,1024.01,0,0,0,0,,
2021-04-01,00:30,11.9,6.1,68,ESE,3.2,4.8,1023.77,0,0,0,0,,
2021-04-01,00:45,12.1,5.6,64,ESE,3.2,4.8,1023.81,0,0,0,0,,
2021-04-01,01:00,12.7,5.6,61,ESE,3.2,4.8,1023.77,0,0,0,0,,
2021-04-01,01:15,12.5,5,61,ESE,4.8,4.8,1023.6,0,0,0,0,,
2021-04-01,01:30,12.4,5.6,63,ESE,1.6,4.8,1023.81,0,0,0,0,,
2021-04-01,01:45,12.4,5.6,63,ESE,3.2,4.8,1023.54,0,0,0,0,,
2021-04-01,02:00,12.4,5.6,62,ESE,3.2,4.8,1023.5,0,0,0,0,,
2021-04-01,02:15,11.9,5,64,ESE,1.6,4.8,1023.4,0,0,0,0,,
2021-04-01,02:30,12.3,5.6,63,ESE,1.6,3.2,1023.13,0,0,0,0,,
2021-04-01,02:45,11.8,5,65,ESE,1.6,4.8,1023.1,0,0,0,0,,
2021-04-01,03:00,11.7,5,65,ESE,3.2,3.2,1022.86,0,0,0,0,,
2021-04-01,03:15,11.4,5,66,ESE,1.6,4.8,1022.66,0,0,0,0,,
2021-04-01,03:30,12.2,5.6,63,ESE,3.2,4.8,1022.69,0,0,0,0,,
2021-04-01,03:45,12,5,62,ESE,3.2,4.8,1022.55,0,0,0,0,,
2021-04-01,04:00,11.8,4.4,62,ESE,3.2,4.8,1022.32,0,0,0,0,,
2021-04-01,04:15,11.6,5,63,ESE,3.2,4.8,1022.15,0,0,0,0,,
2021-04-01,04:30,11.7,4.4,62,ESE,4.8,4.8,1022.01,0,0,0,0,,
2021-04-01,04:45,12.1,5,63,ESE,3.2,6.4,1021.91,0,0,0,0,,
2021-04-01,05:00,12.4,5,60,ESE,3.2,6.4,1021.88,0,0,0,0,,
2021-04-01,05:15,12.4,5,61,ESE,1.6,3.2,1021.88,0,0,0,0,,
2021-04-01,05:30,12.8,5,60,ESE,3.2,3.2,1022.01,0,0,0,0,,
2021-04-01,05:45,11.6,5,64,ESE,1.6,3.2,1021.94,0,0,0,0,,
2021-04-01,06:00,12,5,62,ESE,3.2,4.8,1021.91,0,0,0,0,,
2021-04-01,06:15,12.4,4.4,60,ESE,3.2,4.8,1021.98,0,0,0,0,,
2021-04-01,06:30,11.9,5,62,ESE,3.2,3.2,1021.84,0,0,0,0,,
2021-04-01,06:45,12.2,5,61,ESE,3.2,3.2,1021.98,0,0,0,0,,
2021-04-01,07:00,12.6,5,60,ESE,1.6,3.2,1022.18,0,0,0,0,,
2021-04-01,07:15,12.2,5,61,ESE,1.6,3.2,1022.08,0,0,0,7,,
2021-04-01,07:30,12.2,5,62,ESE,1.6,3.2,1022.18,0,0,0,18,,
2021-04-01,07:45,12.1,5,63,ESE,1.6,4.8,1022.32,0,0,0,58,,
2021-04-01,08:00,13.1,5.6,60,ESE,1.6,3.2,1022.28,0,0,0,86,,
2021-04-01,08:15,13.3,5.6,60,NORTH,0,3.2,1022.45,0,0,0,132,,
2021-04-01,08:30,13.4,6.7,64,NORTH,0,3.2,1022.32,0,0,0,178,,
2021-04-01,08:45,14.4,6.1,59,ESE,3.2,3.2,1022.25,0,0,1,204,,
2021-04-01,09:00,15,6.7,58,NORTH,0,1.6,1022.18,0,0,1,223,,
2021-04-01,09:15,15.9,5.6,51,NORTH,0,1.6,1022.18,0,0,1,323,,
2021-04-01,09:30,16.3,6.1,51,NORTH,0,3.2,1022.35,0,0,1,336,,
2021-04-01,09:45,16.7,6.1,49,ESE,1.6,3.2,1022.28,0,0,2,446,,
2021-04-01,10:00,17.2,6.1,48,NORTH,0,3.2,1022.28,0,0,2,515,,
2021-04-01,10:15,17.7,6.7,48,NORTH,0,3.2,1022.28,0,0,2,561,,
2021-04-01,10:30,17.9,7.8,53,SW,3.2,6.4,1022.32,0,0,3,603,,
2021-04-01,10:45,18,7.8,52,WNW,1.6,6.4,1022.28,0,0,3,642,,
2021-04-01,11:00,18.5,7.2,47,WNW,1.6,4.8,1022.18,0,0,3,680,,
2021-04-01,11:15,19,6.7,45,WNW,1.6,4.8,1022.28,0,0,4,714,,
2021-04-01,11:30,19.4,7.2,46,NW,4.8,11.3,1022.18,0,0,4,742,,
2021-04-01,11:45,19.5,8.3,48,WSW,1.6,8,1022.08,0,0,4,766,,
2021-04-01,12:00,20,8.9,49,SE,6.4,11.3,1022.01,0,0,5,789,,
2021-04-01,12:15,20.1,9.4,51,WSW,1.6,14.5,1022.05,0,0,5,809,,
2021-04-01,12:30,20.5,9.4,50,SOUTH,4.8,8,1021.91,0,0,5,826,,
2021-04-01,12:45,20.5,8.9,48,NORTH,0,9.7,1021.57,0,0,5,837,,
2021-04-01,13:00,21.1,9.4,48,ESE,3.2,11.3,1021.47,0,0,5,847,,
2021-04-01,13:15,21.2,9.4,48,SE,4.8,12.9,1021.1,0,0,6,854,,
2021-04-01,13:30,20.9,8.9,47,SSE,4.8,12.9,1020.89,0,0,6,851,,
2021-04-01,13:45,21.4,8.3,43,NORTH,0,17.7,1020.83,0,0,6,847,,
2021-04-01,14:00,21.4,8.3,43,SSE,4.8,16.1,1020.66,0,0,6,838,,
2021-04-01,14:15,21.7,7.8,40,SSE,6.4,14.5,1020.45,0,0,5,831,,
2021-04-01,14:30,21.9,7.8,40,SSE,14.5,17.7,1020.22,0,0,5,817,,
2021-04-01,14:45,21.9,8.3,42,SE,4.8,14.5,1020.12,0,0,5,798,,
2021-04-01,15:00,21.8,8.3,42,SE,4.8,17.7,1020.12,0,0,5,775,,
2021-04-01,15:15,21.8,7.8,41,ESE,4.8,16.1,1020.22,0,0,4,747,,
2021-04-01,15:30,22.2,8.9,42,SSE,9.7,19.3,1020.22,0,0,4,714,,
2021-04-01,15:45,22.4,8.9,43,SSE,6.4,12.9,1020.15,0,0,4,682,,
2021-04-01,16:00,22.4,8.9,42,WNW,12.9,16.1,1020.18,0,0,3,643,,
2021-04-01,16:15,21,8.3,44,WNW,19.3,40.2,1020.15,0,0,3,615,,
2021-04-01,16:30,20.6,7.2,43,WNW,19.3,37,1020.15,0,0,3,577,,
2021-04-01,16:45,20.2,7.8,46,WNW,12.9,32.2,1020.08,0,0,2,531,,
2021-04-01,17:00,19.7,7.2,44,SW,8,25.7,1019.78,0,0,2,489,,
2021-04-01,17:15,19.7,6.1,42,WNW,16.1,25.7,1019.71,0,0,2,434,,
2021-04-01,17:30,19.6,6.7,43,WNW,11.3,27.4,1019.78,0,0,1,381,,
2021-04-01,17:45,19.3,6.7,44,WNW,11.3,25.7,1019.74,0,0,1,332,,
2021-04-01,18:00,19.2,6.1,43,WNW,14.5,24.1,1019.51,0,0,1,179,,
2021-04-01,18:15,19.1,6.7,44,WEST,4.8,14.5,1019.57,0,0,0,74,,
2021-04-01,18:30,18.7,6.7,46,WSW,1.6,11.3,1019.51,0,0,0,149,,
2021-04-01,18:45,18.4,6.1,44,WEST,3.2,11.3,1019.34,0,0,0,35,,
2021-04-01,19:00,18.1,5.6,44,WEST,1.6,12.9,1019.34,0,0,0,28,,
2021-04-01,19:15,17.9,6.1,46,NORTH,0,3.2,1019.4,0,0,0,23,,
2021-04-01,19:30,17.1,5.6,48,SSW,3.2,4.8,1019.57,0,0,0,14,,
2021-04-01,19:45,16.4,5.6,49,SOUTH,3.2,4.8,1019.47,0,0,0,0,,
2021-04-01,20:00,15.8,6.1,52,SSE,4.8,8,1019.47,0,0,0,0,,
2021-04-01,20:15,15.3,6.1,54,SSE,3.2,11.3,1019.34,0,0,0,0,,
2021-04-01,20:30,14.9,5,53,SE,6.4,8,1019.47,0,0,0,0,,
2021-04-01,20:45,15.1,4.4,50,SE,4.8,11.3,1019.57,0,0,0,0,,
2021-04-01,21:00,15,5.6,54,SE,3.2,6.4,1019.68,0,0,0,0,,
2021-04-01,21:15,15,5,52,ESE,4.8,9.7,1019.71,0,0,0,0,,
2021-04-01,21:30,15.5,5,50,ESE,8,12.9,1019.71,0,0,0,0,,
2021-04-01,21:45,15.4,5,50,SE,6.4,12.9,1019.84,0,0,0,0,,
2021-04-01,22:00,15.4,5,50,SE,6.4,12.9,1019.74,0,0,0,0,,
2021-04-01,22:15,14.6,5,53,SE,4.8,8,1020.05,0,0,0,0,,
2021-04-01,22:30,13.7,4.4,55,SE,6.4,8,1020.08,0,0,0,0,,
2021-04-01,22:45,13.9,4.4,54,SE,6.4,8,1020.01,0,0,0,0,,
2021-04-01,23:00,14.7,4.4,50,SE,11.3,12.9,1019.91,0,0,0,0,,
2021-04-01,23:15,14.9,4.4,49,SE,11.3,14.5,1019.81,0,0,0,0,,
2021-04-01,23:30,14.8,4.4,50,ESE,9.7,14.5,1019.71,0,0,0,0,,
2021-04-01,23:45,14.5,4.4,52,ESE,8,16.1,1019.47,0,0,0,0,,
2021-04-01,OVR,,,,,,,,,,,,gustmax,40.2
2021-04-01,OVR,,,,,,,,,,,,rainrate_max,0
2021-04-01,OVR,,,,,,,,,,,,rain_total_mm,0
2021-04-01,OVR,,,,,,,,,,,,tmax,22.7
2021-04-01,OVR,,,,,,,,,,,,tmin,10.8
2021-04-01,OVR,,,,,,,,,,,,wind_dir_mean_deg,131.7
2021-04-02,00:00,14.6,4.4,51,ESE,11.3,14.5,1019.61,0,0,0,0,,
2021-04-02,00:15,14.3,4.4,52,ESE,11.3,12.9,1019.61,0,0,0,0,,
2021-04-02,00:30,14.2,4.4,53,ESE,9.7,14.5,1019.61,0,0,0,0,,
2021-04-02,00:45,13.9,4.4,54,ESE,6.4,11.3,1019.44,0,0,0,0,,
2021-04-02,01:00,13.9,4.4,53,ESE,6.4,11.3,1019.2,0,0,0,0,,
2021-04-02,01:15,14,4.4,53,ESE,6.4,11.3,1019.07,0,0,0,0,,
2021-04-02,01:30,13.9,4.4,53,ESE,6.4,12.9,1018.93,0,0,0,0,,
2021-04-02,01:45,13.6,4.4,54,ESE,6.4,11.3,1018.83,0,0,0,0,,
2021-04-02,02:00,14,4.4,53,ESE,6.4,11.3,1018.66,0,0,0,0,,
2021-04-02,02:15,13.7,4.4,54,ESE,4.8,11.3,1018.73,0,0,0,0,,
2021-04-02,02:30,13.4,4.4,55,EAST,6.4,6.4,1018.63,0,0,0,0,,
2021-04-02,02:45,13.6,4.4,55,ESE,9.7,11.3,1018.56,0,0,0,0,,
2021-04-02,03:00,13.4,4.4,56,ESE,6.4,9.7,1018.29,0,0,0,0,,
2021-04-02,03:15,13.9,4.4,54,ESE,6.4,11.3,1018.08,0,0,0,0,,
2021-04-02,03:30,13.7,5,55,ESE,8,12.9,1017.95,0,0,0,0,,
2021-04-02,03:45,13.4,5,57,ESE,9.7,11.3,1017.98,0,0,0,0,,
2021-04-02,04:00,13.2,4.4,57,ESE,6.4,11.3,1017.81,0,0,0,0,,
2021-04-02,04:15,12.9,5,59,ESE,6.4,11.3,1017.78,0,0,0,0,,
2021-04-02,04:30,12.7,5,61,ESE,4.8,11.3,1017.61,0,0,0,0,,
2021-04-02,04:45,12.6,5.6,63,ESE,6.4,9.7,1017.34,0,0,0,0,,
2021-04-02,05:00,13,5.6,62,ESE,6.4,12.9,1017.31,0,0,0,0,,
2021-04-02,05:15,13.2,5.6,60,ESE,9.7,11.3,1017.24,0,0,0,0,,
2021-04-02,05:30,13.8,5.6,57,ESE,9.7,11.3,1017.17,0,0,0,0,,
2021-04-02,05:45,14.4,5,54,ESE,6.4,11.3,1016.9,0,0,0,0,,
2021-04-02,06:00,14.3,5.6,56,ESE,11.3,12.9,1016.83,0,0,0,0,,
2021-04-02,06:15,14.3,5.6,56,ESE,4.8,11.3,1016.9,0,0,0,0,,
2021-04-02,06:30,14.3,5.6,56,ESE,9.7,11.3,1016.76,0,0,0,0,,
2021-04-02,06:45,14.4,5.6,55,SE,6.4,17.7,1016.73,0,0,0,0,,
2021-04-02,07:00,13.9,5.6,59,SE,8,12.9,1016.7,0,0,0,0,,
2021-04-02,07:30,13,6.1,65,SE,6.4,11.3,1016.66,0,0,0,26,,
2021-04-02,08:15,14.3,6.7,60,ESE,11.3,16.1,1016.66,0,0,0,141,,
2021-04-02,08:45,14.9,7.2,60,ESE,4.8,16.1,1016.76,0,0,1,211,,
2021-04-02,09:00,15.1,7.2,61,EAST,4.8,9.7,1016.7,0,0,1,221,,
2021-04-02,09:15,15.2,7.2,60,EAST,6.4,12.9,1016.83,0,0,1,308,,
2021-04-02,09:30,15.7,7.2,58,ENE,8,14.5,1016.73,0,0,1,334,,
2021-04-02,09:45,16.4,7.8,58,EAST,3.2,14.5,1016.7,0,0,1,420,,
2021-04-02,10:00,16.8,7.8,55,EAST,4.8,14.5,1016.97,0,0,2,489,,
2021-04-02,10:15,17.2,8.3,56,ENE,8,12.9,1017,0,0,2,531,,
2021-04-02,10:30,17.5,7.8,54,EAST,11.3,12.9,1017.03,0,0,2,566,,
2021-04-02,10:45,17.8,7.8,52,EAST,9.7,16.1,1016.8,0,0,3,606,,
2021-04-02,11:00,18.5,8.3,53,ESE,9.7,14.5,1017,0,0,3,645,,
2021-04-02,11:15,18.8,9.4,55,SE,11.3,14.5,1017,0,0,3,680,,
2021-04-02,11:30,18.1,8.3,54,ESE,6.4,16.1,1016.83,0,0,4,712,,
2021-04-02,11:45,18.5,8.9,55,SSE,12.9,17.7,1016.93,0,0,4,744,,
2021-04-02,12:00,18.2,10,60,ESE,12.9,19.3,1016.73,0,0,4,765,,
2021-04-02,12:15,18.5,9.4,56,SSE,14.5,19.3,1016.73,0,0,4,800,,
2021-04-02,12:30,19.1,10,55,SSE,9.7,20.9,1016.59,0,0,5,814,,
2021-04-02,12:45,19.1,8.9,53,SSE,16.1,22.5,1016.49,0,0,5,814,,
2021-04-02,13:00,19.8,9.4,53,SE,6.4,25.7,1016.42,0,0,5,821,,
2021-04-02,13:15,19.6,10,54,SE,22.5,25.7,1016.32,0,0,5,826,,
2021-04-02,13:30,20,11.1,56,SE,16.1,22.5,1016.12,0,0,5,826,,
2021-04-02,13:45,20,11.1,58,ESE,14.5,25.7,1015.95,0,0,5,823,,
2021-04-02,14:00,19.7,11.7,60,SE,19.3,25.7,1016.02,0,0,5,810,,
2021-04-02,14:15,19.6,11.7,61,SE,6.4,27.4,1015.82,0,0,5,796,,
2021-04-02,14:30,20.1,11.7,59,SSE,17.7,24.1,1015.75,0,0,5,789,,
2021-04-02,14:45,19.9,12.2,62,SE,16.1,22.5,1015.65,0,0,5,761,,
2021-04-02,15:00,19.9,12.8,63,SE,8,25.7,1015.51,0,0,4,742,,
2021-04-02,15:15,20.1,12.8,64,SE,17.7,27.4,1015.44,0,0,4,712,,
2021-04-02,15:30,20,12.2,60,SE,11.3,25.7,1015.04,0,0,4,682,,
2021-04-02,15:45,20.4,12.2,61,SSE,4.8,25.7,1014.93,0,0,3,650,,
2021-04-02,16:00,20.2,12.2,61,ESE,16.1,24.1,1014.9,0,0,3,626,,
2021-04-02,16:15,20.4,11.7,58,SE,14.5,22.5,1014.39,0,0,3,580,,
2021-04-02,16:30,20.1,11.7,59,SE,17.7,24.1,1014.39,0,0,2,536,,
2021-04-02,16:45,20.2,11.1,56,ESE,19.3,24.1,1014.39,0,0,2,494,,
2021-04-02,17:00,20,11.1,57,ESE,14.5,25.7,1014.12,0,0,2,279,,
2021-04-02,17:15,19.8,11.7,59,SSE,8,20.9,1014.12,0,0,1,346,,
2021-04-02,17:30,20,12.8,63,SE,6.4,20.9,1014.09,0,0,1,325,,
2021-04-02,17:45,19.2,12.8,67,SSE,9.7,17.7,1013.99,0,0,1,216,,
2021-04-02,18:00,18.2,12.2,70,SE,16.1,22.5,1014.12,0,0,0,163,,
2021-04-02,18:15,17.9,12.8,72,SSE,11.3,25.7,1014.19,0,0,0,125,,
2021-04-02,18:30,17.2,12.8,76,ESE,19.3,22.5,1014.16,0,0,0,109,,
2021-04-02,18:45,16.7,12.8,78,SSE,16.1,24.1,1014.16,0,0,0,65,,
2021-04-02,19:00,15.8,11.7,77,SE,17.7,25.7,1013.99,0,0,0,40,,
2021-04-02,19:15,15.3,11.7,80,SE,16.1,27.4,1014.16,0,0,0,30,,
2021-04-02,19:30,14.7,11.7,84,SE,16.1,30.6,1014.19,0,0,0,9,,
2021-04-02,19:45,14.3,11.7,86,SE,14.5,30.6,1014.16,0,0,0,0,,
2021-04-02,20:00,14.2,11.7,87,ESE,12.9,25.7,1013.55,0,0,0,0,,
2021-04-02,20:15,14.3,11.7,86,SE,16.1,25.7,1013.31,0,0,0,0,,
2021-04-02,20:30,14.1,11.7,87,SE,12.9,19.3,1013.99,0,0,0,0,,
2021-04-02,20:45,13.7,11.7,88,ESE,17.7,27.4,1013.68,0,0,0,0,,
2021-04-02,21:00,13.5,11.7,90,ESE,14.5,30.6,1014.33,0,0,0,0,,
2021-04-02,21:15,13.3,11.7,91,SE,17.7,29,1014.26,0,0,0,0,,
2021-04-02,21:30,13.3,11.7,92,SSE,24.1,27.4,1014.6,0,0,0,0,,
2021-04-02,21:45,13.3,11.7,92,SE,16.1,30.6,1014.33,0,0,0,0,,
2021-04-02,22:00,13.3,11.7,92,SE,8,25.7,1014.83,0,0,0,0,,
2021-04-02,22:15,13.3,11.7,92,SE,14.5,22.5,1014.8,0,0,0,0,,
2021-04-02,22:30,13.3,11.7,92,ESE,19.3,20.9,1014.77,0,0,0,0,,
2021-04-02,22:45,13.3,11.7,93,SE,11.3,25.7,1014.43,0,0,0,0,,
2021-04-02,23:00,13.3,11.7,92,ESE,6.4,19.3,1014.6,0,0,0,0,,
2021-04-02,23:15,13.2,11.7,93,ESE,11.3,14.5,1014.16,0,0,0,0,,
2021-04-02,23:30,13.2,11.7,93,ENE,12.9,14.5,1013.92,0,0,0,0,,
2021-04-02,23:45,13.2,11.7,93,ESE,4.8,22.5,1013.88,0,0,0,0,,
2021-04-02,OVR,,,,,,,,,,,,gustmax,30.6
2021-04-02,OVR,,,,,,,,,,,,rainrate_max,0
2021-04-02,OVR,,,,,,,,,,,,rain_total_mm,0
2021-04-02,OVR,,,,,,,,,,,,tmax,20.6
2021-04-02,OVR,,,,,,,,,,,,tmin,12.6
2021-04-02,OVR,,,,,,,,,,,,wind_dir_mean_deg,124.2
2021-04-03,00:00,13.4,12.2,93,SE,8,16.1,1014.66,0,0,0,0,,
2021-04-03,00:15,13.2,11.7,93,NORTH,0,9.7,1014.12,0,0,0,0,,
2021-04-03,00:30,13.2,11.7,93,SE,4.8,9.7,1014.33,0,0,0,0,,
2021-04-03,00:45,13.2,11.7,93,ESE,1.6,4.8,1014.29,0,0,0,0,,
2021-04-03,01:00,13.2,11.7,93,NORTH,0,4.8,1014.43,0,0,0,0,,
2021-04-03,01:15,13.2,11.7,93,NORTH,0,3.2,1014.36,0,0,0,0,,
2021-04-03,01:30,13.3,12.2,93,NORTH,0,1.6,1014.29,0,0,0,0,,
2021-04-03,01:45,13.3,12.2,93,NORTH,0,6.4,1014.12,0,0,0,0,,
2021-04-03,02:00,13.3,12.2,93,SSE,3.2,6.4,1013.95,0,0,0,0,,
2021-04-03,02:15,13.3,12.2,93,ESE,4.8,9.7,1013.61,0,0,0,0,,
2021-04-03,02:30,13.2,12.2,93,EAST,3.2,11.3,1013.11,0,0,0,0,,
2021-04-03,02:45,13.2,11.7,93,ENE,6.4,17.7,1012.6,0,0,0,0,,
2021-04-03,03:00,13.2,12.2,94,,4.8,12.9,1012.67,0,0,0,0,,
2021-04-03,03:15,13.2,12.2,94,ESE,3.2,6.4,1012.63,0,0,0,0,,
2021-04-03,03:30,13.2,12.2,94,NNE,3.2,4.8,1012.53,0,0,0,0,,
2021-04-03,03:45,13.2,12.2,94,NE,4.8,8,1011.89,0,0,0,0,,
2021-04-03,04:00,13.2,12.2,94,SE,4.8,12.9,1012.63,0,0,0,0,,
2021-04-03,04:15,13.2,12.2,94,EAST,3.2,14.5,1011.75,0,0,0,0,,
2021-04-03,04:30,13.1,12.2,94,NNW,4.8,14.5,1011.41,0,0,0,0,,
2021-04-03,04:45,13,12.2,95,,4.8,14.5,1011.14,0,0,0,0,,
2021-04-03,05:00,12.9,11.7,95,NW,1.6,8,1011.58,0,0,0,0,,
2021-04-03,05:15,12.9,11.7,95,NW,1.6,3.2,1011.48,0,0,0,0,,
2021-04-03,05:30,12.9,11.7,95,NW,1.6,3.2,1011.21,0,0,0,0,,
2021-04-03,05:45,12.8,11.7,94,NW,1.6,4.8,1010.97,0,0,0,0,,
2021-04-03,06:00,12.6,11.7,95,NORTH,0,6.4,1010.9,0,0,0,0,,
2021-04-03,06:15,12.4,11.7,95,NW,3.2,1.6,1011.04,0,0,0,0,,
2021-04-03,06:30,11.9,11.1,95,NORTH,0,4.8,1011.01,0,0,0,0,,
2021-04-03,06:45,12.3,11.7,96,SOUTH,3.2,3.2,1011.07,0,0,0,0,,
2021-04-03,07:00,12.3,11.7,96,SSW,1.6,1.6,1011.24,0,0,0,0,,
2021-04-03,07:15,12.3,11.7,96,WSW,8,6.4,1011.18,0,0,0,0,,
2021-04-03,07:30,12.3,11.7,96,WSW,3.2,3.2,1011.28,0,0,0,21,,
2021-04-03,07:45,12.2,11.7,96,NORTH,0,3.2,1011.45,0,0,0,60,,
2021-04-03,08:00,12.4,11.7,96,NORTH,0,4.8,1011.41,0,0,0,62,,
2021-04-03,08:15,12.4,11.7,96,WSW,4.8,4.8,1011.24,0,0,0,125,,
2021-04-03,08:30,12.6,11.7,95,NW,3.2,8,1011.45,0,0,0,190,,
2021-04-03,08:45,13,11.7,92,NW,1.6,8,1011.24,0,0,1,218,,
2021-04-03,09:00,13.2,11.7,91,NNW,4.8,8,1011.41,0,0,1,127,,
2021-04-03,09:15,13.8,10.6,83,NW,4.8,14.5,1011.24,0,0,1,341,,
2021-04-03,09:30,14.2,10.6,80,WEST,6.4,14.5,1011.18,0,0,1,359,,
2021-04-03,09:45,14.4,10.6,77,WEST,12.9,17.7,1011.01,0,0,1,128,,
2021-04-03,10:00,14.5,10.6,78,WNW,8,20.9,1011.04,0,0,1,204,,
2021-04-03,10:15,14.8,10.6,75,WNW,17.7,22.5,1010.9,0,0,1,234,,
2021-04-03,10:30,14.6,10.6,76,NORTH,0,16.1,1011.01,0,0,3,656,,
2021-04-03,10:45,15.2,10.6,75,WNW,12.9,12.9,1010.87,0,0,2,272,,
2021-04-03,11:00,15,10.6,74,WNW,14.5,17.7,1010.84,0,0,2,214,,
2021-04-03,11:15,15.1,10.6,74,WNW,4.8,14.5,1010.77,0,0,2,359,,
2021-04-03,11:30,15.3,10.6,73,WSW,1.6,14.5,1010.94,0,0,2,255,,
2021-04-03,11:45,15.3,10.6,75,WEST,1.6,17.7,1010.8,0,0,2,243,,
2021-04-03,12:00,15.4,11.1,75,WEST,17.7,14.5,1010.84,0,0,2,366,,
2021-04-03,12:15,15.1,11.1,77,WNW,6.4,24.1,1010.8,0,0,2,239,,
2021-04-03,12:30,15.4,11.1,77,WNW,11.3,17.7,1010.8,0,0,2,269,,
2021-04-03,12:45,15.7,11.1,76,NW,3.2,24.1,1010.67,0,0,5,385,,
2021-04-03,13:00,15.9,11.7,76,WEST,4.8,14.5,1010.5,0,0,3,294,,
2021-04-03,13:15,16.6,11.1,71,SW,3.2,16.1,1010.3,0,0,6,1079,,
2021-04-03,13:30,16.7,11.1,69,WEST,14.5,19.3,1009.99,0,0,3,422,,
2021-04-03,13:45,17.2,11.1,68,NW,3.2,16.1,1009.89,0,0,6,1028,,
2021-04-03,14:00,18,10.6,63,WEST,6.4,22.5,1009.96,0,0,6,979,,
2021-04-03,14:15,17.6,10.6,63,WEST,11.3,16.1,1009.85,0,0,5,898,,
2021-04-03,14:30,17.4,10.6,63,WNW,14.5,25.7,1009.79,0,0,3,939,,
2021-04-03,14:45,17.9,10.6,64,WNW,12.9,32.2,1009.62,0,0,5,807,,
2021-04-03,15:00,17.9,10.6,62,WNW,12.9,24.1,1009.21,0,0,5,802,,
2021-04-03,15:15,18.3,11.7,65,WEST,11.3,29,1008.94,0,0,4,751,,
2021-04-03,15:30,18,11.1,64,NW,4.8,20.9,1008.94,0,0,4,759,,
2021-04-03,15:45,17.5,11.1,67,WNW,11.3,38.6,1008.67,0,0,4,795,,
2021-04-03,16:00,17.1,11.1,68,WEST,17.7,27.4,1008.74,0,0,2,285,,
2021-04-03,16:15,17.2,11.1,67,NW,16.1,27.4,1008.91,0,0,2,193,,
2021-04-03,16:30,17.2,11.1,67,WEST,17.7,27.4,1008.64,0,0,3,626,,
2021-04-03,16:45,17.3,11.7,69,WNW,16.1,29,1008.53,0,0,2,439,,
2021-04-03,17:00,16.4,11.1,72,WEST,11.3,30.6,1008.6,0,0,2,624,,
2021-04-03,17:15,16.2,11.1,73,WEST,19.3,32.2,1008.53,0,0,1,258,,
2021-04-03,17:30,15.9,11.1,74,WEST,12.9,22.5,1008.47,0,0,1,229,,
2021-04-03,17:45,15.7,11.7,77,WEST,16.1,30.6,1008.47,0,0,1,241,,
2021-04-03,18:00,15.6,11.7,78,WNW,14.5,27.4,1008.57,0,0,0,162,,
2021-04-03,18:15,15.4,11.7,78,WNW,12.9,17.7,1008.6,0,0,0,114,,
2021-04-03,18:30,15,11.1,78,WEST,11.3,20.9,1008.67,0,0,0,81,,
2021-04-03,18:45,14.9,11.1,79,WSW,4.8,16.1,1008.64,0,0,0,65,,
2021-04-03,19:00,14.9,11.1,79,WNW,8,16.1,1008.81,0,0,0,39,,
2021-04-03,19:15,14.7,11.1,80,WNW,4.8,14.5,1008.84,0,0,0,25,,
2021-04-03,19:30,14.6,11.1,81,NW,6.4,8,1008.91,0,0,0,11,,
2021-04-03,19:45,14.3,11.1,82,NW,3.2,11.3,1008.91,0,0,0,0,,
2021-04-03,20:00,14.3,11.1,81,WNW,3.2,8,1008.84,0,0,0,0,,
2021-04-03,20:15,14.3,11.1,81,NW,3.2,6.4,1009.04,0,0,0,0,,
2021-04-03,20:30,14.3,11.1,82,NORTH,0,3.2,1009.18,0,0,0,0,,
2021-04-03,20:45,14.3,11.1,81,NORTH,0,3.2,1009.28,0,0,0,0,,
2021-04-03,21:00,14.2,11.1,82,NW,3.2,4.8,1009.58,0,0,0,0,,
2021-04-03,21:15,14.2,11.1,83,NW,1.6,4.8,1009.48,0,0,0,0,,
2021-04-03,21:30,14.1,11.1,82,NW,6.4,9.7,1009.72,0,0,0,0,,
2021-04-03,21:45,14.1,11.1,83,NNW,3.2,6.4,1009.75,0,0,0,0,,
2021-04-03,22:00,13.9,10.6,82,NW,6.4,9.7,1009.85,0,0,0,0,,
2021-04-03,22:15,13.7,10.6,83,NNW,6.4,9.7,1009.65,0,0,0,0,,
2021-04-03,22:30,12.9,10,84,NORTH,0,4.8,1009.72,0,0,0,0,,
2021-04-03,22:45,13,10.6,85,EAST,3.2,8,1009.89,0,0,0,0,,
2021-04-03,23:00,13.2,10.6,84,NNW,3.2,8,1009.92,0,0,0,0,,
2021-04-03,23:15,12.4,10,86,NORTH,0,4.8,1009.99,0,0,0,0,,
2021-04-03,23:30,11.7,9.4,88,NORTH,1.6,1.6,1010.26,0,0,0,0,,
2021-04-03,23:45,11.3,8.9,88,NORTH,1.6,1.6,1010.46,0,0,0,0,,
2021-04-03,OVR,,,,,,,,,,,,gustmax,38.6
2021-04-03,OVR,,,,,,,,,,,,rainrate_max,0
2021-04-03,OVR,,,,,,,,,,,,rain_total_mm,0
2021-04-03,OVR,,,,,,,,,,,,tmax,18.3
2021-04-03,OVR,,,,,,,,,,,,tmin,11.2
2021-04-03,OVR,,,,,,,,,,,,wind_dir_mean_deg,302.6
2021-04-04,00:00,11.9,10,89,NORTH,1.6,3.2,1010.4,0,0,0,0,,
2021-04-04,00:15,11.9,10,90,NORTH,0,3.2,1010.5,0,0,0,0,,
2021-04-04,00:30,11.7,9.4,89,NORTH,1.6,3.2,1010.4,0,0,0,0,,
2021-04-04,00:45,11.5,9.4,90,NORTH,1.6,3.2,1010.23,0,0,0,0,,
2021-04-04,01:00,11.6,9.4,89,NORTH,3.2,3.2,1010.23,0,0,0,0,,
2021-04-04,01:15,11.4,9.4,90,NORTH,1.6,3.2,1010.23,0,0,0,0,,
2021-04-04,01:30,11.3,9.4,91,NORTH,1.6,3.2,1010.26,0,0,0,0,,
2021-04-04,01:45,11.8,10,91,NORTH,1.6,3.2,1010.19,0,0,0,0,,
2021-04-04,02:00,12.1,10,89,NORTH,0,1.6,1010.02,0,0,0,0,,
2021-04-04,02:15,11.4,10,90,NORTH,1.6,3.2,1009.82,0,0,0,0,,
2021-04-04,02:30,11.1,9.4,91,NORTH,3.2,4.8,1009.58,0,0,0,0,,
2021-04-04,02:45,11.3,9.4,90,NORTH,1.6,3.2,1009.82,0,0,0,0,,
2021-04-04,03:00,11.1,9.4,91,ENE,1.6,4.8,1009.89,0,0,0,0,,
2021-04-04,03:15,11.6,10,91,NORTH,0,3.2,1009.82,0,0,0,0,,
2021-04-04,03:30,11.9,10,91,NORTH,0,1.6,1009.72,0,0,0,0,,
2021-04-04,03:45,11.9,10,89,NORTH,0,3.2,1009.79,0,0,0,0,,
2021-04-04,04:00,11.7,10,91,NORTH,0,1.6,1009.82,0,0,0,0,,
2021-04-04,04:15,11.8,10,91,NORTH,0,3.2,1009.89,0,0,0,0,,
2021-04-04,04:30,12.1,10.6,90,NORTH,0,1.6,1009.96,0,0,0,0,,
2021-04-04,04:45,12.4,10.6,89,ENE,1.6,4.8,1009.82,0,0,0,0,,
2021-04-04,05:00,12.8,10.6,88,EAST,1.6,4.8,1009.65,0,0,0,0,,
2021-04-04,05:15,12.7,10.6,88,NNE,3.2,8,1009.92,0,0,0,0,,
2021-04-04,05:30,12.4,10.6,89,ESE,4.8,11.3,1010.06,0,0,0,0,,
2021-04-04,05:45,12.6,10.6,89,ESE,1.6,4.8,1009.96,0,0,0,0,,
2021-04-04,06:00,12.4,10.6,89,ESE,1.6,1.6,1010.16,0,0,0,0,,
2021-04-04,06:15,12.3,10.6,90,NORTH,0,1.6,1010.16,0,0,0,0,,
2021-04-04,06:30,11.8,10,90,ENE,1.6,3.2,1010.13,0,0,0,0,,
2021-04-04,06:45,11.7,10,91,NORTH,0,1.6,1010.19,0,0,0,0,,
2021-04-04,07:00,11.1,9.4,92,ENE,1.6,3.2,1010.33,0,0,0,0,,
2021-04-04,07:15,10.9,9.4,92,ENE,1.6,3.2,1010.4,0,0,0,11,,
2021-04-04,07:30,11.3,10,93,EAST,4.8,6.4,1010.53,0,0,0,28,,
2021-04-04,07:45,12.6,10.6,90,ESE,6.4,8,1010.8,0,0,0,62,,
2021-04-04,08:00,12.8,10.6,88,ESE,1.6,6.4,1011.01,0,0,0,93,,
2021-04-04,08:15,12.3,10.6,89,ESE,3.2,4.8,1011.14,0,0,0,130,,
2021-04-04,08:30,12.6,10.6,90,NORTH,0,1.6,1010.94,0,0,0,178,,
2021-04-04,08:45,13.2,11.1,88,,1.6,6.4,1011.28,0,0,1,218,,
2021-04-04,09:00,13.7,11.1,85,NORTH,3.2,6.4,1011.45,0,0,1,251,,
2021-04-04,09:15,14.5,11.1,82,ESE,11.3,9.7,1011.45,0,0,1,330,,
2021-04-04,09:30,15.1,11.1,77,ESE,6.4,16.1,1011.48,0,0,1,378,,
2021-04-04,09:45,15.5,11.1,77,EAST,9.7,19.3,1011.55,0,0,1,410,,
2021-04-04,10:00,15.5,11.1,75,ESE,6.4,16.1,1011.68,0,0,1,253,,
2021-04-04,10:15,15.5,11.1,76,SE,6.4,14.5,1011.72,0,0,2,548,,
2021-04-04,10:30,16.4,11.1,70,EAST,9.7,11.3,1011.99,0,0,2,584,,
2021-04-04,10:45,16.6,10.6,69,SE,3.2,9.7,1012.09,0,0,2,594,,
2021-04-04,11:00,16.8,10,66,ESE,3.2,16.1,1012.12,0,0,3,731,,
2021-04-04,11:15,16.8,10,65,NE,1.6,12.9,1012.16,0,0,3,559,,
2021-04-04,11:30,17.3,10.6,66,SSE,3.2,12.9,1012.39,0,0,3,366,,
2021-04-04,11:45,16.9,10.6,68,NE,3.2,12.9,1012.46,0,0,2,281,,
2021-04-04,12:00,17.2,11.1,67,SE,3.2,12.9,1012.43,0,0,2,253,,
2021-04-04,12:15,16.9,10.6,66,SE,4.8,20.9,1012.43,0,0,2,214,,
2021-04-04,12:30,16.8,10.6,66,EAST,11.3,17.7,1012.33,0,0,2,163,,
2021-04-04,12:45,16.8,10,65,ESE,12.9,20.9,1012.09,0,0,3,366,,
2021-04-04,13:00,17.4,10.6,64,SE,16.1,20.9,1012.12,0,0,3,406,,
2021-04-04,13:15,17.8,10.6,63,EAST,4.8,17.7,1011.85,0,0,3,765,,
2021-04-04,13:30,15.8,11.1,74,NNW,12.9,27.4,1012.43,0,0,1,142,,
2021-04-04,13:45,13.4,7.8,68,NE,6.4,38.6,1012.67,2.29,2.29,0,53,,
2021-04-04,14:00,11.6,8.9,85,SE,8,9.7,1012.23,6.6,6.6,0,35,,
2021-04-04,14:15,12.1,10,89,ESE,1.6,9.7,1012.43,7.87,7.87,0,19,,
2021-04-04,14:30,12.2,10,89,ESE,6.4,8,1012.6,8.13,8.13,0,16,,
2021-04-04,14:45,11.9,10,90,SE,8,16.1,1012.77,11.94,9.4,0,9,,
2021-04-04,15:00,11.8,10,88,ESE,4.8,16.1,1012.77,16,9.14,0,18,,
2021-04-04,15:15,11.9,10,89,ESE,1.6,16.1,1012.9,20.57,12.7,0,18,,
2021-04-04,15:30,11.6,10,90,SE,11.3,12.9,1012.53,22.61,14.48,0,19,,
2021-04-04,15:45,12.1,10.6,92,ESE,8,12.9,1012.94,23.11,10.92,0,25,,
2021-04-04,16:00,12.2,11.1,93,SE,4.8,14.5,1012.77,23.62,7.37,0,32,,
2021-04-04,16:15,11.6,10,92,SSE,3.2,8,1013.07,23.88,3.3,0,42,,
2021-04-04,16:30,11.9,10.6,92,ESE,6.4,11.3,1012.94,23.88,1.52,0,60,,
2021-04-04,16:45,12.5,10.6,89,ESE,1.6,11.3,1013.14,24.38,1.52,0,74,,
2021-04-04,17:00,12.2,10,88,ESE,8,14.5,1013.17,24.64,1.02,0,54,,
2021-04-04,17:15,12.1,10,89,ESE,4.8,12.9,1013.34,24.89,1.02,0,26,,
2021-04-04,17:30,12,9.4,86,SE,3.2,12.9,1013.51,24.89,1.02,0,23,,
2021-04-04,17:45,11.8,9.4,86,ESE,6.4,16.1,1013.44,25.65,1.27,0,35,,
2021-04-04,18:00,11.7,9.4,86,EAST,3.2,12.9,1013.24,25.91,1.27,0,47,,
2021-04-04,18:15,12,9.4,86,NORTH,0,4.8,1013.48,25.91,1.27,0,46,,
2021-04-04,18:30,11.8,9.4,87,ESE,6.4,12.9,1013.41,25.91,1.02,0,35,,
2021-04-04,18:45,11.8,9.4,87,ESE,9.7,16.1,1013.21,25.91,0.51,0,23,,
2021-04-04,19:00,11.8,9.4,88,EAST,1.6,11.3,1013.44,25.91,0.25,0,14,,
2021-04-04,19:15,11.8,10,91,NNW,3.2,6.4,1013.41,25.91,0,0,14,,
2021-04-04,19:30,11.7,10,92,NNW,1.6,4.8,1013.58,25.91,0,0,9,,
2021-04-04,19:45,11.2,10,93,NORTH,0,3.2,1013.72,25.91,0,0,0,,
2021-04-04,20:00,11,10,93,NORTH,0,1.6,1013.82,25.91,0,0,0,,
2021-04-04,20:15,10.9,10,94,NNW,1.6,3.2,1013.85,25.91,0,0,0,,
2021-04-04,20:30,10.7,9.4,94,NORTH,0,4.8,1014.16,25.91,0,0,0,,
2021-04-04,20:45,10.9,9.4,93,NE,3.2,3.2,1014.26,25.91,0,0,0,,
2021-04-04,21:00,10.7,9.4,93,NE,1.6,4.8,1014.43,25.91,0,0,0,,
2021-04-04,21:15,10.5,9.4,93,NE,1.6,3.2,1014.53,25.91,0,0,0,,
2021-04-04,21:30,10.4,8.9,93,ESE,3.2,4.8,1014.66,25.91,0,0,0,,
2021-04-04,21:45,9.9,8.9,93,ESE,3.2,4.8,1014.87,25.91,0,0,0,,
2021-04-04,22:00,9.8,8.3,93,ESE,3.2,3.2,1015.14,25.91,0,0,0,,
2021-04-04,22:15,9.8,8.9,94,ESE,1.6,4.8,1015.27,25.91,0,0,0,,
2021-04-04,22:30,10.1,8.9,94,ESE,3.2,3.2,1015.34,25.91,0,0,0,,
2021-04-04,22:45,9.9,8.9,93,ESE,3.2,3.2,1015.48,25.91,0,0,0,,
2021-04-04,23:00,9.8,8.3,93,ESE,1.6,3.2,1015.58,25.91,0,0,0,,
2021-04-04,23:15,9.8,8.9,94,ESE,1.6,3.2,1015.68,25.91,0,0,0,,
2021-04-04,23:30,10.1,8.9,94,ESE,1.6,3.2,1015.61,25.91,0,0,0,,
2021-04-04,23:45,9.8,8.9,94,ESE,1.6,3.2,1015.71,25.91,0,0,0,,
2021-04-04,OVR,,,,,,,,,,,,gustmax,38.6
2021-04-04,OVR,,,,,,,,,,,,rainrate_max,80
2021-04-04,OVR,,,,,,,,,,,,rain_total_mm,26
2021-04-04,OVR,,,,,,,,,,,,tmax,17.8
2021-04-04,OVR,,,,,,,,,,,,tmin,9.6
2021-04-04,OVR,,,,,,,,,,,,wind_dir_mean_deg,103.2
2021-04-05,00:00,9.9,8.9,94,ESE,4.8,4.8,1015.75,0,0,0,0,,
2021-04-05,00:15,9.8,8.9,94,EAST,3.2,6.4,1015.71,0,0,0,0,,
2021-04-05,00:30,9.9,8.9,94,EAST,3.2,8,1015.68,0,0,0,0,,
2021-04-05,00:45,9.8,8.9,94,EAST,3.2,6.4,1015.68,0,0,0,0,,
2021-04-05,01:00,9.6,8.3,93,EAST,3.2,4.8,1015.68,0,0,0,0,,
2021-04-05,01:15,9.6,8.3,93,EAST,1.6,6.4,1015.65,0,0,0,0,,
2021-04-05,01:30,9.4,8.3,93,EAST,3.2,6.4,1015.51,0,0,0,0,,
2021-04-05,01:45,9.5,7.8,92,ESE,3.2,11.3,1015.41,0,0,0,0,,
2021-04-05,02:00,9.5,7.8,91,ESE,4.8,11.3,1015.27,0,0,0,0,,
2021-04-05,02:15,9.6,7.8,90,ESE,4.8,11.3,1015.17,0,0,0,0,,
2021-04-05,02:30,9.7,7.8,89,ESE,4.8,11.3,1014.97,0,0,0,0,,
2021-04-05,02:45,9.6,7.8,88,SE,3.2,9.7,1014.77,0,0,0,0,,
2021-04-05,03:00,9.6,7.2,87,ESE,1.6,6.4,1014.73,0,0,0,0,,
2021-04-05,03:15,8.8,6.7,89,NORTH,0,4.8,1014.77,0,0,0,0,,
2021-04-05,03:30,8.5,6.7,90,NORTH,0,4.8,1014.63,0,0,0,0,,
2021-04-05,03:45,8.1,6.7,92,ESE,1.6,3.2,1014.63,0,0,0,0,,
2021-04-05,04:00,7.9,6.7,92,ESE,3.2,3.2,1014.49,0,0,0,0,,
2021-04-05,04:15,8.2,6.7,93,ESE,1.6,4.8,1014.53,0,0,0,0,,
2021-04-05,04:30,8.2,6.7,92,ESE,1.6,4.8,1014.53,0,0,0,0,,
2021-04-05,04:45,8.4,7.2,92,NORTH,0,3.2,1014.56,0,0,0,0,,
2021-04-05,05:00,8.3,6.7,91,NORTH,0,1.6,1014.53,0,0,0,0,,
2021-04-05,05:15,8.1,6.7,92,ESE,3.2,4.8,1014.36,0,0,0,0,,
2021-04-05,05:30,8.8,7.8,94,ESE,3.2,3.2,1014.36,0,0,0,0,,
2021-04-05,05:45,8.7,7.2,91,ESE,3.2,4.8,1014.19,0,0,0,0,,
2021-04-05,06:00,8.3,6.7,91,ESE,3.2,6.4,1014.22,0,0,0,0,,
2021-04-05,06:15,8.6,7.2,91,ESE,3.2,4.8,1014.43,0,0,0,0,,
2021-04-05,06:30,7.9,6.1,90,ESE,3.2,4.8,1014.39,0,0,0,0,,
2021-04-05,06:45,8,6.7,91,EAST,4.8,6.4,1014.46,0,0,0,0,,
2021-04-05,07:00,8.2,6.7,90,ESE,3.2,9.7,1014.53,0,0,0,0,,
2021-04-05,07:15,8.1,6.1,89,ESE,3.2,6.4,1014.63,0,0,0,11,,
2021-04-05,07:30,8.3,6.1,88,ESE,6.4,6.4,1014.53,0,0,0,37,,
2021-04-05,07:45,8.8,6.7,87,ESE,3.2,6.4,1014.73,0,0,0,76,,
2021-04-05,08:00,9,7.2,89,ESE,4.8,4.8,1014.8,0,0,0,111,,
2021-04-05,08:15,9.8,7.2,85,ESE,3.2,4.8,1015.14,0,0,0,132,,
2021-04-05,08:30,10.4,7.8,84,NORTH,0,3.2,1015.27,0,0,0,181,,
2021-04-05,08:45,10.6,7.8,85,EAST,3.2,4.8,1015.31,0,0,1,290,,
2021-04-05,09:00,10.6,8.3,86,NORTH,0,4.8,1015.41,0,0,1,220,,
2021-04-05,09:15,10.7,8.3,86,NORTH,0,4.8,1015.48,0,0,1,163,,
2021-04-05,09:30,11.6,8.3,82,NNE,1.6,3.2,1015.54,0,0,1,188,,
2021-04-05,09:45,12.3,6.1,67,ESE,1.6,6.4,1015.78,0,0,2,547,,
2021-04-05,10:00,12.5,5.6,63,SE,4.8,4.8,1015.85,0,0,2,281,,
2021-04-05,10:15,12.8,6.1,64,SE,3.2,6.4,1015.82,0,0,2,728,,
2021-04-05,10:30,13.4,7.2,66,SSE,3.2,11.3,1015.85,0,0,3,788,,
2021-04-05,10:45,13.4,6.1,63,SSE,1.6,8,1015.88,0,0,3,698,,
2021-04-05,11:00,13.7,7.2,65,WNW,8,9.7,1015.82,0,0,3,721,,
2021-04-05,11:15,13.8,7.2,64,ESE,1.6,8,1015.85,0,0,4,795,,
2021-04-05,11:30,14.5,7.8,64,WNW,8,11.3,1015.85,0,0,4,969,,
2021-04-05,11:45,14.1,8.3,68,WEST,6.4,19.3,1015.88,0,0,2,285,,
2021-04-05,12:00,13.7,8.3,70,WNW,4.8,14.5,1015.75,0,0,2,241,,
2021-04-05,12:15,14.1,8.3,68,NORTH,0,12.9,1015.68,0,0,2,214,,
2021-04-05,12:30,13.8,8.9,72,WNW,12.9,20.9,1015.48,0,0,5,214,,
2021-04-05,12:45,14.1,8.3,69,WNW,6.4,17.7,1015.27,0,0,2,190,,
2021-04-05,13:00,14.4,8.9,70,WSW,1.6,20.9,1015.24,0,0,3,207,,
2021-04-05,13:15,14.4,7.8,66,WNW,12.9,22.5,1015.24,0,0,5,949,,
2021-04-05,13:30,14.7,8.3,66,WEST,11.3,20.9,1015.27,0,0,6,925,,
2021-04-05,13:45,14.6,7.8,63,WNW,8,20.9,1015.24,0,0,5,889,,
2021-04-05,14:00,14.8,7.8,62,WEST,20.9,24.1,1015.14,0,0,5,882,,
2021-04-05,14:15,15.1,7.2,59,WNW,11.3,25.7,1014.97,0,0,5,863,,
2021-04-05,14:30,15,6.7,58,WNW,20.9,22.5,1014.7,0,0,5,844,,
2021-04-05,14:45,15.1,7.2,59,WNW,8,25.7,1014.56,0,0,5,826,,
2021-04-05,15:00,15,6.1,57,WNW,12.9,32.2,1014.53,0,0,4,800,,
2021-04-05,15:15,15.2,5.6,53,WEST,24.1,25.7,1014.49,0,0,4,773,,
2021-04-05,15:30,15,5,52,WNW,17.7,29,1014.43,0,0,4,749,,
2021-04-05,15:45,15,5.6,54,WEST,12.9,32.2,1014.33,0,0,4,715,,
2021-04-05,16:00,14.9,7.2,60,WNW,24.1,33.8,1014.02,0,0,3,684,,
2021-04-05,16:15,14.9,6.1,56,WEST,19.3,30.6,1014.05,0,0,3,650,,
2021-04-05,16:30,14.5,6.1,57,NNE,14.5,38.6,1014.05,0,0,3,612,,
2021-04-05,16:45,14.6,7.2,61,WEST,22.5,32.2,1014.02,0,0,2,564,,
2021-04-05,17:00,14.2,6.7,60,WNW,22.5,32.2,1013.95,0,0,2,517,,
2021-04-05,17:15,14.3,6.7,60,WNW,20.9,32.2,1014.12,0,0,2,464,,
2021-04-05,17:30,14.2,6.1,59,WNW,24.1,40.2,1014.09,0,0,1,410,,
2021-04-05,17:45,14,7.2,65,WEST,22.5,29,1014.02,0,0,1,374,,
2021-04-05,18:00,13.8,7.8,67,,14.5,43.5,1014.05,0,0,1,98,,
2021-04-05,18:15,13.6,7.8,68,WEST,19.3,37,1014.02,0,0,0,197,,
2021-04-05,18:30,13.4,7.8,70,WEST,27.4,32.2,1014.09,0,0,0,178,,
2021-04-05,18:45,13.2,8.3,72,WEST,17.7,30.6,1014.12,0,0,0,83,,
2021-04-05,19:00,13.1,8.3,74,WEST,3.2,25.7,1014.26,0,0,0,40,,
2021-04-05,19:15,12.8,8.3,75,WNW,11.3,24.1,1014.26,0,0,0,26,,
2021-04-05,19:30,12.5,8.3,78,WNW,12.9,29,1014.22,0,0,0,16,,
2021-04-05,19:45,12.2,8.3,79,WNW,12.9,22.5,1014.26,0,0,0,7,,
2021-04-05,20:00,11.9,8.3,80,WEST,16.1,22.5,1014.16,0,0,0,0,,
2021-04-05,20:15,11.6,8.3,80,WEST,16.1,19.3,1014.29,0,0,0,0,,
2021-04-05,20:30,11.5,7.8,79,WNW,6.4,22.5,1014.33,0,0,0,0,,
2021-04-05,20:45,11.3,7.8,80,WNW,6.4,22.5,1014.29,0,0,0,0,,
2021-04-05,21:00,11.2,7.8,81,WNW,12.9,22.5,1014.26,0,0,0,0,,
2021-04-05,21:15,11,7.8,82,WNW,14.5,22.5,1014.16,0,0,0,0,,
2021-04-05,21:30,10.7,7.8,83,WEST,17.7,25.7,1014.29,0,0,0,0,,
2021-04-05,21:45,10.9,8.3,84,WEST,11.3,24.1,1014.33,0,0,0,0,,
2021-04-05,22:00,11.3,8.3,83,WNW,9.7,24.1,1014.39,0,0,0,0,,
2021-04-05,22:15,10.7,7.8,84,WNW,11.3,17.7,1014.49,0,0,0,0,,
2021-04-05,22:30,10.9,8.3,86,WEST,9.7,19.3,1014.39,0,0,0,0,,
2021-04-05,22:45,10.9,8.3,84,WEST,14.5,24.1,1014.33,0,0,0,0,,
2021-04-05,23:00,10.9,8.3,84,WNW,9.7,17.7,1014.46,0,0,0,0,,
2021-04-05,23:15,10.8,8.3,85,WEST,11.3,19.3,1014.39,0,0,0,0,,
2021-04-05,23:30,10.6,7.8,85,WNW,14.5,16.1,1014.26,0,0,0,0,,
2021-04-05,23:45,10.5,7.8,85,WEST,9.7,17.7,1014.16,0,0,0,0,,
2021-04-05,OVR,,,,,,,,,,,,gustmax,45.1
2021-04-05,OVR,,,,,,,,,,,,rainrate_max,0
2021-04-05,OVR,,,,,,,,,,,,rain_total_mm,0
2021-04-05,OVR,,,,,,,,,,,,tmax,15.3
2021-04-05,OVR,,,,,,,,,,,,tmin,7.6
2021-04-05,OVR,,,,,,,,,,,,wind_dir_mean_deg,181.8
2021-04-06,00:00,10.8,7.8,83,WNW,25.7,29,1014.19,0,0,0,0,,
2021-04-06,00:15,10.8,7.8,82,WNW,17.7,24.1,1014.26,0,0,0,0,,
2021-04-06,00:30,10.7,7.8,82,WNW,14.5,29,1013.95,0,0,0,0,,
2021-04-06,01:00,10.8,7.8,82,WEST,14.5,29,1013.82,0,0,0,0,,
2021-04-06,01:15,10.9,7.8,83,WEST,14.5,27.4,1013.65,0,0,0,0,,
2021-04-06,01:30,10.9,7.8,83,WEST,14.5,25.7,1013.72,0,0,0,0,,
2021-04-06,01:45,11.1,7.8,82,WNW,11.3,29,1013.61,0,0,0,0,,
2021-04-06,02:00,10.9,7.8,82,WEST,20.9,20.9,1013.58,0,0,0,0,,
2021-04-06,02:15,10.6,7.8,83,WNW,6.4,16.1,1013.55,0,0,0,0,,
2021-04-06,02:30,10.3,7.8,84,WNW,12.9,19.3,1013.34,0,0,0,0,,
2021-04-06,02:45,9.9,7.2,85,WEST,9.7,16.1,1013.24,0,0,0,0,,
2021-04-06,03:00,10.1,7.8,85,WEST,6.4,19.3,1012.9,0,0,0,0,,
2021-04-06,03:15,9.9,7.8,87,WEST,3.2,12.9,1012.8,0,0,0,0,,
2021-04-06,03:30,10.3,8.3,87,WNW,6.4,12.9,1012.53,0,0,0,0,,
2021-04-06,03:45,10.2,8.3,88,WNW,6.4,14.5,1012.43,0,0,0,0,,
2021-04-06,04:00,10.3,8.3,87,WNW,9.7,19.3,1012.06,0,0,0,0,,
2021-04-06,04:15,10.7,7.8,83,WEST,16.1,27.4,1011.92,0,0,0,0,,
2021-04-06,04:30,10.8,7.8,84,WEST,14.5,24.1,1011.68,0,0,0,0,,
2021-04-06,04:45,10.6,7.8,85,WNW,9.7,22.5,1011.34,0,0,0,0,,
2021-04-06,05:00,10.8,8.3,86,WNW,19.3,24.1,1011.34,0,0,0,0,,
2021-04-06,05:15,10.6,8.3,88,WEST,16.1,19.3,1011.24,0,0,0,0,,
2021-04-06,05:30,10.7,8.9,89,WNW,12.9,16.1,1011.01,0,0,0,0,,
2021-04-06,05:45,11,8.9,89,WNW,4.8,17.7,1010.94,0,0,0,0,,
2021-04-06,06:00,11,8.9,89,WEST,14.5,25.7,1010.77,0,0,0,0,,
2021-04-06,06:15,10.8,8.9,91,WEST,12.9,22.5,1010.74,0,0,0,0,,
2021-04-06,06:30,11,9.4,91,WNW,22.5,25.7,1010.63,0,0,0,0,,
2021-04-06,06:45,11.3,10,92,WEST,16.1,29,1010.46,0,0,0,0,,
2021-04-06,07:00,11.4,10,92,WNW,20.9,41.8,1010.63,0,0,0,0,,
2021-04-06,07:15,11.6,10,92,WNW,22.5,32.2,1010.53,0,0,0,7,,
2021-04-06,07:30,11.7,10.6,93,WEST,14.5,24.1,1010.5,0,0,0,0,,
2021-04-06,07:45,11.9,10.6,93,WEST,17.7,33.8,1010.5,0,0,0,0,,
2021-04-06,08:00,11.9,10.6,94,WNW,20.9,35.4,1010.4,0,0,0,18,,
2021-04-06,08:15,11.8,10.6,94,WEST,16.1,25.7,1010.57,0,0,0,16,,
2021-04-06,08:30,11.8,10.6,94,WNW,17.7,27.4,1010.4,0,0,0,49,,
2021-04-06,08:45,12.1,11.1,95,WNW,17.7,27.4,1010.3,0,0,0,51,,
2021-04-06,09:00,12.3,11.1,94,WEST,11.3,30.6,1010.33,0,0,0,67,,
2021-04-06,09:15,12.4,11.1,94,EAST,25.7,37,1010.33,0,0,0,74,,
2021-04-06,09:30,12.7,11.1,92,WEST,24.1,41.8,1010.4,0,0,0,79,,
2021-04-06,09:45,12.9,10.6,88,WEST,27.4,45.1,1010.4,0,0,1,102,,
2021-04-06,10:00,13.1,10.6,85,NNW,27.4,53.1,1010.43,0,0,1,155,,
2021-04-06,10:15,13.6,10.6,81,WSW,38.6,59.5,1010.4,0,0,2,738,,
2021-04-06,10:30,13.8,10,80,WEST,30.6,53.1,1010.4,0,0,2,318,,
2021-04-06,10:45,13.9,10,79,ENE,30.6,56.3,1010.4,0,0,3,211,,
2021-04-06,11:00,14.2,10,76,WEST,25.7,59.5,1010.5,0,0,3,798,,
2021-04-06,11:15,14.4,8.9,71,WNW,24.1,57.9,1010.43,0,0,3,865,,
2021-04-06,11:30,14.7,8.9,69,WNW,20.9,51.5,1010.43,0,0,4,840,,
2021-04-06,11:45,14.4,8.3,68,WNW,37,62.8,1010.57,0,0,2,366,,
2021-04-06,12:00,14.2,8.3,68,WNW,41.8,53.1,1010.57,0,0,3,267,,
2021-04-06,12:15,14.4,8.3,68,ENE,48.3,56.3,1010.6,0,0,5,933,,
2021-04-06,12:30,14.3,7.8,66,WEST,30.6,53.1,1010.43,0,0,5,360,,
2021-04-06,12:45,14.1,7.8,67,WEST,51.5,64.4,1010.3,0,0,6,239,,
2021-04-06,13:00,14.1,8.3,69,EAST,27.4,59.5,1010.46,0,0,5,1014,,
2021-04-06,13:15,14.3,8.3,67,WEST,25.7,57.9,1010.06,0,0,6,974,,
2021-04-06,13:30,14.6,8.3,66,WEST,43.5,62.8,1010.16,0,0,6,1030,,
2021-04-06,13:45,14,8.3,70,ESE,29,54.7,1009.75,0,0,4,446,,
2021-04-06,14:00,13.6,8.3,73,WNW,40.2,54.7,1009.99,0,0,3,387,,
2021-04-06,14:15,13.4,8.9,75,WNW,33.8,49.9,1009.82,0,0,2,267,,
2021-04-06,14:30,13.3,8.9,77,WEST,16.1,46.7,1009.62,0,0,3,443,,
2021-04-06,14:45,13.3,8.9,74,WEST,30.6,45.1,1009.38,0,0,4,334,,
2021-04-06,15:00,13.7,8.9,72,WEST,24.1,53.1,1009.28,0,0,2,304,,
2021-04-06,15:15,13.2,8.3,74,WEST,43.5,57.9,1008.97,0,0,2,329,,
2021-04-06,15:30,12.9,8.3,74,WNW,29,57.9,1008.97,0,0,2,288,,
2021-04-06,15:45,12.7,7.8,72,WEST,48.3,56.3,1008.84,0,0,2,267,,
2021-04-06,16:00,12.4,7.8,74,WEST,25.7,56.3,1009.01,0,0,2,290,,
2021-04-06,16:15,12.4,8.3,76,NW,41.8,62.8,1009.01,0,0,2,348,,
2021-04-06,16:30,12.4,8.3,76,WEST,48.3,51.5,1009.14,0,0,2,418,,
2021-04-06,16:45,12.1,7.2,74,WNW,41.8,57.9,1008.91,0,0,1,255,,
2021-04-06,17:00,12.3,7.8,74,WEST,22.5,53.1,1009.11,0,0,1,239,,
2021-04-06,17:15,12,7.2,73,EAST,37,51.5,1009.18,0,0,1,213,,
2021-04-06,17:30,11.7,6.7,72,SOUTH,32.2,51.5,1009.14,0,0,1,146,,
2021-04-06,17:45,11.6,6.7,73,WEST,35.4,49.9,1009.04,0,0,1,155,,
2021-04-06,18:00,11.3,7.2,76,WNW,20.9,49.9,1008.84,0,0,1,156,,
2021-04-06,18:15,11.3,7.2,77,WNW,25.7,48.3,1009.11,0,0,0,118,,
2021-04-06,18:30,11.1,6.7,75,WNW,19.3,45.1,1009.38,0,0,0,97,,
2021-04-06,18:45,11,6.7,75,NW,33.8,51.5,1009.28,0,0,0,72,,
2021-04-06,19:00,10.7,6.7,76,WNW,29,51.5,1009.35,0,0,0,46,,
2021-04-06,19:15,10.6,6.1,76,WNW,22.5,46.7,1009.48,0,0,0,30,,
2021-04-06,19:30,10.3,5.6,74,WEST,30.6,49.9,1009.35,0,0,0,16,,
2021-04-06,19:45,10.2,5.6,74,WNW,20.9,43.5,1009.25,0,0,0,7,,
2021-04-06,20:00,10,5.6,76,WNW,17.7,40.2,1009.45,0,0,0,0,,
2021-04-06,20:15,9.8,6.1,78,WEST,20.9,29,1009.31,0,0,0,0,,
2021-04-06,20:30,9.7,6.1,79,WEST,19.3,27.4,1009.52,0,0,0,0,,
2021-04-06,20:45,9.6,6.1,80,WEST,29,32.2,1009.58,0,0,0,0,,
2021-04-06,21:00,9.4,6.1,81,WEST,14.5,29,1009.72,0,0,0,0,,
2021-04-06,21:15,9.3,6.1,80,WNW,17.7,27.4,1009.72,0,0,0,0,,
2021-04-06,21:30,9.3,5.6,80,WEST,6.4,19.3,1009.75,0,0,0,0,,
2021-04-06,21:45,9.2,5.6,80,NW,6.4,19.3,1009.75,0,0,0,0,,
2021-04-06,22:00,9.2,5.6,80,WEST,14.5,22.5,1009.89,0,0,0,0,,
2021-04-06,22:15,9.4,5.6,78,WNW,8,24.1,1010.19,0,0,0,0,,
2021-04-06,22:30,9.5,5.6,77,WEST,12.9,27.4,1010.19,0,0,0,0,,
2021-04-06,22:45,9.6,5.6,76,WNW,8,27.4,1010.33,0,0,0,0,,
2021-04-06,23:00,9.5,5,74,NW,16.1,27.4,1010.02,0,0,0,0,,
2021-04-06,23:15,9.4,5,74,WEST,22.5,29,1010.23,0,0,0,0,,
2021-04-06,23:30,9.3,4.4,73,WNW,16.1,30.6,1010.3,0,0,0,0,,
2021-04-06,23:45,9.2,4.4,72,,24.1,30.6,1010.46,0,0,0,0,,
2021-04-06,OVR,,,,,,,,,,,,gustmax,64.4
2021-04-06,OVR,,,,,,,,,,,,rainrate_max,0
2021-04-06,OVR,,,,,,,,,,,,rain_total_mm,0
2021-04-06,OVR,,,,,,,,,,,,tmax,14.7
2021-04-06,OVR,,,,,,,,,,,,tmin,9.2
2021-04-06,OVR,,,,,,,,,,,,wind_dir_mean_deg,296.6
2021-04-07,00:00,9.2,3.9,71,WNW,19.3,38.6,1010.53,0,0,0,0,,
2021-04-07,00:15,9.4,3.3,68,WEST,29,43.5,1010.8,0,0,0,0,,
2021-04-07,00:30,9.4,3.3,66,WNW,25.7,46.7,1010.9,0,0,0,0,,
2021-04-07,00:45,9.3,3.3,66,WNW,19.3,37,1010.84,0,0,0,0,,
2021-04-07,01:00,9.2,2.8,66,WSW,9.7,33.8,1011.01,0,0,0,0,,
2021-04-07,01:15,9.1,3.3,67,WNW,17.7,37,1011.11,0,0,0,0,,
2021-04-07,01:30,9.1,3.3,67,WNW,19.3,38.6,1011.11,0,0,0,0,,
2021-04-07,01:45,9.1,3.3,67,WNW,30.6,38.6,1011.14,0,0,0,0,,
2021-04-07,02:00,9,3.3,67,NW,25.7,33.8,1011.21,0,0,0,0,,
2021-04-07,02:15,9,2.8,66,WNW,32.2,45.1,1011.18,0,0,0,0,,
2021-04-07,02:30,8.9,2.8,66,NORTH,25.7,40.2,1011.01,0,0,0,0,,
2021-04-07,02:45,9,2.8,65,WNW,38.6,40.2,1011.21,0,0,0,0,,
2021-04-07,03:00,8.8,2.2,65,WEST,17.7,32.2,1011.21,0,0,0,0,,
2021-04-07,03:15,8.9,2.2,64,WEST,16.1,35.4,1011.14,0,0,0,0,,
2021-04-07,03:30,8.9,2.2,64,WEST,19.3,40.2,1011.07,0,0,0,0,,
2021-04-07,03:45,8.9,2.2,64,WNW,29,40.2,1011.11,0,0,0,0,,
2021-04-07,04:00,9.1,2.2,62,WEST,19.3,48.3,1011.18,0,0,0,0,,
2021-04-07,04:15,9.1,2.2,62,WEST,17.7,41.8,1011.38,0,0,0,0,,
2021-04-07,04:30,9.1,1.7,61,WNW,29,48.3,1011.24,0,0,0,0,,
2021-04-07,04:45,8.9,1.7,61,WEST,20.9,43.5,1011.45,0,0,0,0,,
2021-04-07,05:00,8.8,1.7,62,WNW,20.9,40.2,1011.24,0,0,0,0,,
2021-04-07,05:15,8.6,1.7,63,WEST,24.1,33.8,1011.24,0,0,0,0,,
2021-04-07,05:30,8.4,1.7,62,WEST,24.1,38.6,1011.14,0,0,0,0,,
2021-04-07,05:45,8.3,1.1,61,WNW,19.3,38.6,1011.38,0,0,0,0,,
2021-04-07,06:00,8.1,1.1,63,NW,25.7,38.6,1011.41,0,0,0,0,,
2021-04-07,06:15,8.1,1.1,63,WEST,19.3,40.2,1011.48,0,0,0,0,,
2021-04-07,06:30,7.9,1.7,64,WNW,22.5,41.8,1011.28,0,0,0,0,,
2021-04-07,06:45,7.8,1.1,65,WEST,29,32.2,1011.51,0,0,0,0,,
2021-04-07,07:00,7.7,1.7,65,WEST,19.3,29,1011.28,0,0,0,0,,
2021-04-07,07:15,7.6,1.1,65,WNW,27.4,32.2,1011.58,0,0,0,16,,
2021-04-07,07:30,7.6,1.1,65,WEST,27.4,29,1011.72,0,0,0,49,,
2021-04-07,07:45,7.8,1.1,64,NW,20.9,29,1011.75,0,0,0,91,,
2021-04-07,08:00,8.1,1.1,63,WNW,19.3,38.6,1011.99,0,0,0,139,,
2021-04-07,08:15,8.3,1.7,63,EAST,24.1,33.8,1012.36,0,0,0,160,,
2021-04-07,08:30,8.4,1.7,64,WNW,20.9,35.4,1012.46,0,0,0,223,,
2021-04-07,08:45,8.7,2.2,64,WEST,24.1,40.2,1012.87,0,0,1,251,,
2021-04-07,09:00,9,2.8,66,WEST,27.4,40.2,1013.11,0,0,1,253,,
2021-04-07,09:15,9.3,2.2,63,WEST,41.8,49.9,1013.24,0,0,1,392,,
2021-04-07,09:30,9.4,2.2,62,WNW,20.9,43.5,1013.24,0,0,2,390,,
2021-04-07,09:45,9.6,2.8,64,NW,29,56.3,1013.68,0,0,2,158,,
2021-04-07,10:00,9.6,2.2,62,WNW,22.5,53.1,1014.02,0,0,1,580,,
2021-04-07,10:15,9.8,2.2,60,WEST,25.7,46.7,1014.09,0,0,3,250,,
2021-04-07,10:30,10.1,2.8,61,WNW,29,51.5,1014.46,0,0,2,320,,
2021-04-07,10:45,9.8,2.8,62,WEST,33.8,49.9,1014.63,0,0,2,309,,
2021-04-07,11:00,9.5,2.8,64,WEST,56.3,56.3,1014.83,0,0,3,575,,
2021-04-07,11:15,9.5,2.8,64,WNW,35.4,57.9,1015.14,0,0,3,418,,
2021-04-07,11:30,9.9,3.3,64,WEST,37,57.9,1015.41,0,0,2,1013,,
2021-04-07,11:45,9.9,2.8,61,WEST,27.4,61.2,1015.34,0,0,5,522,,
2021-04-07,12:00,9.2,2.8,64,NW,32.2,59.5,1015.34,0,0,2,294,,
2021-04-07,12:15,9.1,2.2,64,WNW,27.4,57.9,1015.71,0,0,3,461,,
2021-04-07,12:30,9.3,2.8,64,NNW,46.7,61.2,1015.61,0,0,2,294,,
2021-04-07,12:45,9.3,2.8,64,WNW,43.5,53.1,1015.75,0,0,3,381,,
2021-04-07,13:00,9.1,2.2,63,WEST,37,69.2,1015.68,0,0,3,338,,
2021-04-07,13:15,8.8,2.2,63,NW,30.6,56.3,1015.82,0,0,2,253,,
2021-04-07,13:30,9.2,2.8,64,WNW,33.8,54.7,1015.85,0,0,2,301,,
2021-04-07,13:45,9.2,2.2,63,WNW,33.8,69.2,1015.95,0,0,2,234,,
2021-04-07,14:00,9.3,2.2,63,WNW,38.6,66,1015.85,0,0,4,308,,
2021-04-07,14:15,9.2,1.7,60,WNW,33.8,61.2,1016.22,0,0,3,348,,
2021-04-07,14:30,9.1,1.1,58,WNW,38.6,61.2,1015.95,0,0,6,983,,
2021-04-07,14:45,9.2,1.7,60,WNW,49.9,72.4,1015.85,0,0,5,979,,
2021-04-07,15:15,8.5,1.1,60,WNW,40.2,57.9,1016.15,0,0,2,264,,
2021-04-07,15:30,8.7,1.1,60,WNW,35.4,54.7,1015.98,0,0,2,258,,
2021-04-07,15:45,8.5,0.6,57,WEST,32.2,64.4,1016.09,0,0,4,786,,
2021-04-07,16:00,8.4,0.6,59,WEST,22.5,54.7,1015.78,0,0,2,348,,
2021-04-07,16:15,8.7,1.1,59,WEST,20.9,57.9,1015.82,0,0,3,759,,
2021-04-07,16:45,8.4,0,57,WEST,24.1,51.5,1015.88,0,0,2,650,,
2021-04-07,17:00,8.4,0,56,WEST,32.2,56.3,1016.09,0,0,2,494,,
2021-04-07,17:15,8.6,0,55,WEST,49.9,53.1,1015.98,0,0,1,153,,
2021-04-07,17:45,8.6,0.6,58,WEST,30.6,49.9,1016.42,0,0,1,420,,
2021-04-07,18:15,8,2.8,71,WNW,16.1,48.3,1016.9,0,0,0,95,,
2021-04-07,18:30,7.5,3.9,78,WNW,12.9,29,1017.07,0,0,0,121,,
2021-04-07,18:45,7.7,3.9,78,WNW,22.5,30.6,1017.37,0,0,0,123,,
2021-04-07,19:00,8.1,3.9,76,NW,14.5,27.4,1017.64,0,0,0,62,,
2021-04-07,19:15,8.2,3.9,75,WNW,8,22.5,1017.91,0,0,0,60,,
2021-04-07,19:30,8,3.9,75,NW,1.6,14.5,1018.02,0,0,0,35,,
2021-04-07,19:45,8,3.3,73,WNW,11.3,22.5,1018.22,0,0,0,12,,
2021-04-07,20:00,8.1,2.8,70,WEST,14.5,25.7,1018.39,0,0,0,0,,
2021-04-07,20:15,8.1,2.8,70,WNW,6.4,20.9,1018.86,0,0,0,0,,
2021-04-07,20:30,7.8,2.8,71,WNW,9.7,16.1,1019.1,0,0,0,0,,
2021-04-07,20:45,7.3,2.8,73,WNW,1.6,16.1,1019.74,0,0,0,0,,
2021-04-07,21:00,7,2.8,74,NW,6.4,11.3,1020.22,0,0,0,0,,
2021-04-07,21:15,6.4,2.2,75,NNW,4.8,8,1020.56,0,0,0,0,,
2021-04-07,21:30,6.4,2.2,75,NW,3.2,11.3,1020.89,0,0,0,0,,
2021-04-07,21:45,5.8,1.7,76,NNW,1.6,6.4,1021.3,0,0,0,0,,
2021-04-07,22:00,5.3,1.7,78,NORTH,0,3.2,1021.64,0,0,0,0,,
2021-04-07,22:15,5.3,1.7,77,NW,4.8,12.9,1022.01,0,0,0,0,,
2021-04-07,22:45,5.2,1.1,75,NW,8,17.7,1022.38,0,0,0,0,,
2021-04-07,23:00,5.3,0,71,NW,14.5,19.3,1022.89,0,0,0,0,,
2021-04-07,23:15,5,0,71,EAST,1.6,11.3,1023.23,0,0,0,0,,
2021-04-07,23:30,4.7,-0.6,70,NORTH,4.8,6.4,1023.4,0,0,0,0,,
2021-04-07,OVR,,,,,,,,,,,,gustmax,72.4
2021-04-07,OVR,,,,,,,,,,,,rainrate_max,0
2021-04-07,OVR,,,,,,,,,,,,rain_total_mm,0
2021-04-07,OVR,,,,,,,,,,,,tmax,10.2
2021-04-07,OVR,,,,,,,,,,,,tmin,3.7
2021-04-07,OVR,,,,,,,,,,,,wind_dir_mean_deg,299.4
2021-04-08,00:00,3.7,-1.1,72,NNE,1.6,1.6,1023.81,0,0,0,0,,
2021-04-08,00:15,3.6,-1.1,72,NNE,3.2,4.8,1024.15,0,0,0,0,,
2021-04-08,00:30,4.3,-1.1,69,NORTH,3.2,6.4,1024.25,0,0,0,0,,
2021-04-08,00:45,4.3,-1.7,67,NORTH,0,6.4,1024.45,0,0,0,0,,
2021-04-08,01:00,4,-1.7,68,,1.6,6.4,1024.42,0,0,0,0,,
2021-04-08,01:15,3.8,-1.7,69,ENE,6.4,6.4,1024.42,0,0,0,0,,
2021-04-08,01:30,3.8,-1.7,68,EAST,4.8,6.4,1024.45,0,0,0,0,,
2021-04-08,02:00,3.6,-2.2,68,EAST,4.8,6.4,1024.42,0,0,0,0,,
2021-04-08,02:15,3.8,-2.2,66,EAST,1.6,4.8,1024.76,0,0,0,0,,
2021-04-08,02:30,3.7,-2.2,66,EAST,1.6,4.8,1024.59,0,0,0,0,,
2021-04-08,02:45,3.2,-2.8,67,EAST,1.6,3.2,1024.69,0,0,0,0,,
2021-04-08,03:15,3.7,-2.8,64,EAST,1.6,3.2,1024.62,0,0,0,0,,
2021-04-08,03:30,3.8,-2.8,64,EAST,1.6,4.8,1024.65,0,0,0,0,,
2021-04-08,03:45,2.7,-2.8,69,NORTH,0,4.8,1024.59,0,0,0,0,,
2021-04-08,04:00,3.4,-2.8,65,NE,3.2,6.4,1024.59,0,0,0,0,,
2021-04-08,04:15,2.7,-2.8,68,EAST,1.6,8,1024.79,0,0,0,0,,
2021-04-08,04:30,3.6,-2.8,63,ENE,1.6,3.2,1024.89,0,0,0,0,,
2021-04-08,04:45,3.3,-2.8,64,EAST,3.2,4.8,1024.65,0,0,0,0,,
2021-04-08,05:15,3.6,-3.3,62,EAST,1.6,3.2,1025.23,0,0,0,0,,
2021-04-08,05:45,3.3,-3.3,63,NORTH,0,3.2,1025.33,0,0,0,0,,
2021-04-08,06:00,2.8,-3.3,64,EAST,1.6,4.8,1025.53,0,0,0,0,,
2021-04-08,06:15,2.2,-3.3,67,EAST,4.8,4.8,1025.5,0,0,0,0,,
2021-04-08,06:30,3.1,-3.3,63,EAST,1.6,6.4,1025.5,0,0,0,0,,
2021-04-08,06:45,2.8,-3.3,64,EAST,1.6,3.2,1025.64,0,0,0,0,,
2021-04-08,07:00,3.8,-3.3,60,EAST,3.2,4.8,1025.84,0,0,0,0,,
2021-04-08,07:15,3.3,-3.3,63,ESE,6.4,6.4,1025.57,0,0,0,12,,
2021-04-08,07:30,4.7,-3.3,57,ESE,3.2,6.4,1025.87,0,0,0,58,,
2021-04-08,07:45,4.6,-2.8,59,ESE,1.6,6.4,1026.21,0,0,0,105,,
2021-04-08,08:00,5.9,-2.8,54,ESE,9.7,14.5,1025.67,0,0,0,163,,
2021-04-08,08:30,7.1,-1.7,55,EAST,3.2,9.7,1026.21,0,0,0,237,,
2021-04-08,08:45,7.2,-1.1,57,SE,4.8,11.3,1026.38,0,0,1,267,,
2021-04-08,09:00,7.1,-0.6,58,SE,8,11.3,1026.69,0,0,1,269,,
2021-04-08,09:15,7.8,-0.6,56,WNW,4.8,9.7,1026.85,0,0,1,348,,
2021-04-08,09:30,8.6,-1.7,49,ESE,4.8,12.9,1026.85,0,0,2,410,,
2021-04-08,09:45,9.2,-1.7,46,ENE,4.8,14.5,1026.79,0,0,2,436,,
2021-04-08,10:00,9.8,-1.1,47,SE,17.7,20.9,1026.92,0,0,2,578,,
2021-04-08,10:15,9.9,-1.1,46,SE,22.5,20.9,1027.02,0,0,3,633,,
2021-04-08,10:30,10.1,-1.7,44,EAST,12.9,19.3,1027.23,0,0,3,673,,
2021-04-08,10:45,10.1,-1.7,44,ESE,11.3,20.9,1027.36,0,0,3,714,,
2021-04-08,11:00,10.6,-2.2,41,ESE,14.5,19.3,1027.43,0,0,4,749,,
2021-04-08,11:15,10.8,-1.1,44,EAST,16.1,20.9,1027.46,0,0,4,780,,
2021-04-08,11:30,11.1,-1.1,43,EAST,12.9,20.9,1027.36,0,0,4,809,,
2021-04-08,11:45,11.3,-1.1,42,SSE,6.4,19.3,1027.36,0,0,5,833,,
2021-04-08,12:00,11.3,-1.7,41,ESE,4.8,19.3,1027.43,0,0,5,858,,
2021-04-08,12:15,11.6,-1.7,41,SE,11.3,14.5,1027.36,0,0,5,877,,
2021-04-08,12:30,12.1,-1.7,38,SE,11.3,19.3,1027.43,0,0,5,886,,
2021-04-08,12:45,12.4,0.6,44,SE,8,20.9,1027.43,0,0,5,893,,
2021-04-08,13:00,12.1,0,44,SOUTH,1.6,16.1,1027.36,0,0,6,902,,
2021-04-08,13:15,12.4,-0.6,41,SE,11.3,19.3,1027.13,0,0,6,905,,
2021-04-08,13:30,12.6,0.6,44,SSW,3.2,11.3,1026.96,0,0,6,914,,
2021-04-08,13:45,12.9,0,42,ESE,4.8,17.7,1026.85,0,0,6,902,,
2021-04-08,14:15,12.9,0.6,43,SSE,6.4,19.3,1026.72,0,0,5,874,,
2021-04-08,14:30,13.4,1.1,43,SSW,3.2,17.7,1026.65,0,0,5,860,,
2021-04-08,14:45,13.6,0,39,SE,3.2,11.3,1026.55,0,0,5,840,,
2021-04-08,15:00,13.6,0,39,ESE,11.3,16.1,1026.52,0,0,5,812,,
2021-04-08,15:15,13.4,0,40,SSW,4.8,16.1,1026.58,0,0,4,788,,
2021-04-08,15:30,13.6,-0.6,38,SOUTH,8,16.1,1026.38,0,0,4,756,,
2021-04-08,15:45,13.7,0,39,WNW,3.2,17.7,1026.35,0,0,4,726,,
2021-04-08,16:00,13.4,2.2,47,WNW,1.6,27.4,1026.18,0,0,4,714,,
2021-04-08,16:15,13.4,1.1,44,WEST,20.9,29,1026.01,0,0,3,663,,
2021-04-08,16:30,13.2,1.7,45,WEST,19.3,27.4,1026.01,0,0,3,619,,
2021-04-08,16:45,13.1,1.1,44,WNW,14.5,19.3,1026.08,0,0,2,573,,
2021-04-08,17:00,12.9,1.1,46,WEST,1.6,19.3,1026.25,0,0,2,526,,
2021-04-08,17:15,13.1,1.7,47,WEST,17.7,24.1,1026.14,0,0,2,471,,
2021-04-08,17:30,12.7,1.7,47,WEST,11.3,22.5,1026.21,0,0,1,420,,
2021-04-08,17:45,12.3,1.1,47,WNW,11.3,19.3,1026.28,0,0,1,376,,
2021-04-08,18:15,12.2,1.7,50,WEST,20.9,19.3,1026.52,0,0,1,246,,
2021-04-08,18:30,11.8,1.7,50,WNW,11.3,20.9,1026.35,0,0,0,188,,
2021-04-08,18:45,11.7,1.7,50,WNW,8,16.1,1026.35,0,0,0,121,,
2021-04-08,19:15,11.2,1.7,53,SW,1.6,11.3,1026.35,0,0,0,39,,
2021-04-08,19:30,10.7,2.2,55,SOUTH,4.8,3.2,1026.38,0,0,0,18,,
2021-04-08,19:45,9.8,1.1,55,SSE,8,11.3,1026.45,0,0,0,11,,
2021-04-08,20:00,8.9,1.1,58,SE,6.4,16.1,1026.45,0,0,0,0,,
2021-04-08,20:15,8.4,0.6,58,SE,3.2,12.9,1026.45,0,0,0,0,,
2021-04-08,20:30,8.5,0,57,SE,11.3,14.5,1026.65,0,0,0,0,,
2021-04-08,20:45,8.4,0,56,SE,8,16.1,1026.69,0,0,0,0,,
2021-04-08,21:00,8.5,0,56,ESE,9.7,20.9,1026.79,0,0,0,0,,
2021-04-08,21:45,8.3,0,57,ESE,9.7,17.7,1027.06,0,0,0,0,,
2021-04-08,22:00,8.2,0.6,58,ESE,12.9,17.7,1027.13,0,0,0,0,,
2021-04-08,22:15,7.2,0,62,ESE,6.4,11.3,1027.09,0,0,0,0,,
2021-04-08,23:00,6.6,-1.1,60,ESE,11.3,12.9,1027.13,0,0,0,0,,
2021-04-08,23:15,6.6,-1.1,58,EAST,8,16.1,1026.85,0,0,0,0,,
2021-04-08,23:30,6.7,-1.1,58,EAST,12.9,16.1,1026.79,0,0,0,0,,
2021-04-08,23:45,6.8,-1.1,58,ESE,9.7,17.7,1026.79,0,0,0,0,,
2021-04-08,OVR,,,,,,,,,,,,gustmax,30.6
2021-04-08,OVR,,,,,,,,,,,,rainrate_max,0
2021-04-08,OVR,,,,,,,,,,,,rain_total_mm,0
2021-04-08,OVR,,,,,,,,,,,,tmax,14.2
2021-04-08,OVR,,,,,,,,,,,,tmin,2.1
2021-04-08,OVR,,,,,,,,,,,,wind_dir_mean_deg,125.8
2021-04-09,00:00,6.3,-1.1,59,EAST,9.7,12.9,1026.85,0,0,0,0,,
2021-04-09,00:15,5.9,-1.1,61,EAST,4.8,11.3,1026.82,0,0,0,0,,
2021-04-09,00:30,5.6,-1.1,63,EAST,3.2,11.3,1026.65,0,0,0,0,,
2021-04-09,00:45,5.5,-1.1,63,ESE,6.4,12.9,1026.82,0,0,0,0,,
2021-04-09,01:00,5.7,-1.1,62,EAST,4.8,11.3,1026.89,0,0,0,0,,
2021-04-09,01:15,5.6,-1.1,63,EAST,4.8,12.9,1027.06,0,0,0,0,,
2021-04-09,01:30,5.8,-1.1,63,EAST,6.4,11.3,1026.99,0,0,0,0,,
2021-04-09,01:45,5.3,-1.1,65,EAST,4.8,11.3,1026.89,0,0,0,0,,
2021-04-09,02:00,5.8,-1.1,63,ESE,11.3,17.7,1026.92,0,0,0,0,,
2021-04-09,02:15,6,-1.1,62,EAST,12.9,17.7,1026.82,0,0,0,0,,
2021-04-09,02:30,6.3,-1.1,61,ESE,11.3,16.1,1026.79,0,0,0,0,,
2021-04-09,02:45,5.9,-1.1,62,EAST,6.4,12.9,1026.58,0,0,0,0,,
2021-04-09,03:00,5.6,-1.1,63,EAST,6.4,12.9,1026.52,0,0,0,0,,
2021-04-09,03:15,5.1,-1.1,65,ENE,9.7,14.5,1026.41,0,0,0,0,,
2021-04-09,03:30,5.1,-1.1,66,EAST,11.3,16.1,1026.14,0,0,0,0,,
2021-04-09,03:45,5.6,-1.1,64,ENE,12.9,16.1,1026.04,0,0,0,0,,
2021-04-09,04:00,5.9,-0.6,63,EAST,19.3,20.9,1025.97,0,0,0,0,,
2021-04-09,04:15,6,-0.6,63,ESE,6.4,20.9,1025.91,0,0,0,0,,
2021-04-09,04:30,6.1,-0.6,63,ESE,14.5,19.3,1025.97,0,0,0,0,,
2021-04-09,04:45,6.1,-0.6,63,EAST,12.9,16.1,1025.94,0,0,0,0,,
2021-04-09,05:00,5.5,-0.6,66,EAST,6.4,14.5,1025.6,0,0,0,0,,
2021-04-09,05:15,5.6,-0.6,67,EAST,4.8,19.3,1025.43,0,0,0,0,,
2021-04-09,05:30,5.6,0,67,ESE,14.5,17.7,1025.7,0,0,0,0,,
2021-04-09,05:45,5.5,0,69,EAST,6.4,19.3,1025.6,0,0,0,0,,
2021-04-09,06:00,5.6,0,69,ESE,12.9,16.1,1025.47,0,0,0,0,,
2021-04-09,06:15,5.3,0.6,71,ESE,9.7,22.5,1025.3,0,0,0,0,,
2021-04-09,06:30,5.3,0.6,71,EAST,11.3,20.9,1025.6,0,0,0,0,,
2021-04-09,06:45,5.6,0.6,72,ESE,12.9,17.7,1025.5,0,0,0,0,,
2021-04-09,07:00,5.5,0.6,73,ESE,9.7,20.9,1025.53,0,0,0,0,,
2021-04-09,07:15,5.7,1.1,74,ESE,9.7,17.7,1025.8,0,0,0,14,,
2021-04-09,07:30,5.9,1.7,74,EAST,6.4,20.9,1025.84,0,0,0,62,,
2021-04-09,07:45,6.2,1.7,74,ESE,9.7,19.3,1025.77,0,0,0,107,,
2021-04-09,08:00,6.6,1.7,73,ENE,16.1,20.9,1025.91,0,0,0,163,,
2021-04-09,08:15,7.1,2.2,72,EAST,14.5,20.9,1025.87,0,0,0,165,,
2021-04-09,08:30,7.6,2.8,72,ENE,9.7,24.1,1025.94,0,0,1,232,,
2021-04-09,08:45,8.1,3.3,71,ESE,14.5,19.3,1026.04,0,0,1,260,,
2021-04-09,09:00,8.9,3.3,70,ENE,22.5,22.5,1025.77,0,0,1,269,,
2021-04-09,09:15,9.3,3.3,68,ESE,6.4,33.8,1025.8,0,0,1,339,,
2021-04-09,09:30,9.7,3.3,66,ESE,17.7,30.6,1025.94,0,0,2,410,,
2021-04-09,09:45,10.3,3.9,64,ENE,6.4,30.6,1025.84,0,0,2,434,,
2021-04-09,10:00,10.8,3.3,62,EAST,19.3,27.4,1025.91,0,0,2,575,,
2021-04-09,10:15,11.2,3.9,62,ENE,8,30.6,1025.8,0,0,3,633,,
2021-04-09,10:30,11.6,3.9,60,ESE,16.1,30.6,1025.87,0,0,3,677,,
2021-04-09,10:45,12.2,3.9,58,SE,16.1,29,1025.94,0,0,3,701,,
2021-04-09,11:00,12.8,5,59,SE,3.2,29,1025.87,0,0,4,698,,
2021-04-09,11:15,12.7,4.4,57,SE,20.9,29,1025.97,0,0,4,768,,
2021-04-09,11:30,13.4,4.4,55,EAST,4.8,33.8,1025.94,0,0,4,758,,
2021-04-09,11:45,13.6,4.4,54,ESE,16.1,27.4,1025.7,0,0,5,821,,
2021-04-09,12:00,13.9,4.4,52,ESE,14.5,29,1025.53,0,0,5,823,,
2021-04-09,12:15,14.4,4.4,52,SE,16.1,32.2,1025.26,0,0,5,798,,
2021-04-09,12:30,14.2,4.4,52,NE,17.7,27.4,1025.4,0,0,5,747,,
2021-04-09,12:45,15,4.4,49,ESE,19.3,27.4,1025.4,0,0,6,877,,
2021-04-09,13:00,14.9,3.9,49,NE,20.9,32.2,1025.13,0,0,6,909,,
2021-04-09,13:15,15.1,3.9,48,SE,17.7,32.2,1024.89,0,0,6,933,,
2021-04-09,13:30,15.1,4.4,50,ESE,11.3,33.8,1024.82,0,0,5,810,,
2021-04-09,13:45,15.3,3.9,48,NE,14.5,32.2,1024.92,0,0,6,932,,
2021-04-09,14:00,15.8,4.4,47,ENE,4.8,29,1024.48,0,0,6,958,,
2021-04-09,14:15,15.4,3.3,45,ESE,17.7,38.6,1024.25,0,0,5,854,,
2021-04-09,14:45,16.3,5,47,ESE,20.9,37,1023.84,0,0,5,856,,
2021-04-09,15:00,16.1,5,48,ESE,12.9,32.2,1024.04,0,0,5,821,,
2021-04-09,15:15,16.4,5,47,SE,16.1,35.4,1023.91,0,0,5,773,,
2021-04-09,15:30,16.1,6.7,55,SE,8,32.2,1023.98,0,0,4,759,,
2021-04-09,15:45,15.6,7.2,57,ESE,29,41.8,1023.91,0,0,4,710,,
2021-04-09,16:15,15.3,7.2,58,ESE,12.9,46.7,1023.3,0,0,3,666,,
2021-04-09,16:30,15.2,6.1,56,SE,20.9,41.8,1022.89,0,0,3,635,,
2021-04-09,16:45,14.5,6.1,58,ESE,22.5,40.2,1022.93,0,0,2,475,,
2021-04-09,17:00,14.6,6.1,57,SE,20.9,41.8,1022.82,0,0,2,520,,
2021-04-09,17:15,14.2,6.1,59,ESE,32.2,41.8,1022.76,0,0,2,461,,
2021-04-09,17:30,14.4,6.1,59,SE,27.4,40.2,1022.62,0,0,1,436,,
2021-04-09,17:45,14.1,6.1,60,SE,32.2,41.8,1022.76,0,0,1,146,,
2021-04-09,18:00,14.1,6.1,60,ESE,25.7,37,1022.66,0,0,1,176,,
2021-04-09,18:15,14.5,6.7,59,ESE,17.7,32.2,1022.93,0,0,1,200,,
2021-04-09,18:30,14.1,5.6,58,EAST,14.5,32.2,1022.82,0,0,0,183,,
2021-04-09,18:45,13.5,6.1,61,ESE,22.5,33.8,1022.66,0,0,0,95,,
2021-04-09,19:00,13.2,6.1,64,ESE,14.5,24.1,1022.93,0,0,0,84,,
2021-04-09,19:30,12.4,6.7,68,ESE,12.9,22.5,1023.03,0,0,0,28,,
2021-04-09,19:45,12.2,6.7,69,SSE,6.4,22.5,1022.93,0,0,0,14,,
2021-04-09,20:00,11.9,6.7,71,ESE,11.3,19.3,1023.03,0,0,0,0,,
2021-04-09,20:15,11.8,6.7,72,ESE,11.3,22.5,1022.72,0,0,0,0,,
2021-04-09,20:30,11.7,6.7,73,EAST,4.8,22.5,1022.96,0,0,0,0,,
2021-04-09,20:45,11.6,6.7,74,SE,12.9,17.7,1023.1,0,0,0,0,,
2021-04-09,21:00,11.1,6.7,76,ENE,9.7,16.1,1023.03,0,0,0,0,,
2021-04-09,21:15,11,6.7,77,ESE,9.7,19.3,1023.37,0,0,0,0,,
2021-04-09,21:30,10.9,6.7,77,ESE,6.4,11.3,1023.57,0,0,0,0,,
2021-04-09,21:45,10.9,7.2,77,SE,11.3,17.7,1023.57,0,0,0,0,,
2021-04-09,22:00,11.1,7.2,77,SE,12.9,24.1,1023.6,0,0,0,0,,
2021-04-09,22:15,11.1,7.2,78,ESE,14.5,22.5,1023.71,0,0,0,0,,
2021-04-09,22:45,11.2,7.2,78,SE,14.5,27.4,1023.33,0,0,0,0,,
2021-04-09,23:00,11.1,7.2,79,SE,16.1,22.5,1023.5,0,0,0,0,,
2021-04-09,23:15,10.9,7.2,79,ESE,11.3,17.7,1023.37,0,0,0,0,,
2021-04-09,23:45,10.9,7.2,80,SE,8,16.1,1023.27,0,0,0,0,,
2021-04-09,OVR,,,,,,,,,,,,gustmax,46.7
2021-04-09,OVR,,,,,,,,,,,,rainrate_max,0
2021-04-09,OVR,,,,,,,,,,,,rain_total_mm,0
2021-04-09,OVR,,,,,,,,,,,,tmax,17
2021-04-09,OVR,,,,,,,,,,,,tmin,5
2021-04-09,OVR,,,,,,,,,,,,wind_dir_mean_deg,110.7
2021-04-10,00:00,11.3,7.8,79,ESE,4.8,20.9,1023.16,0,0,0,0,,
2021-04-10,00:15,11.4,7.8,78,ESE,9.7,20.9,1022.89,0,0,0,0,,
2021-04-10,00:30,11.4,7.8,78,ESE,9.7,20.9,1022.72,0,0,0,0,,
2021-04-10,00:45,11.4,7.8,78,EAST,16.1,19.3,1022.55,0,0,0,0,,
2021-04-10,01:15,11.3,7.8,79,ESE,11.3,20.9,1022.25,0,0,0,0,,
2021-04-10,01:30,11.2,7.8,79,EAST,4.8,20.9,1022.38,0,0,0,0,,
2021-04-10,01:45,11.2,7.8,80,ESE,4.8,19.3,1022.01,0,0,0,0,,
2021-04-10,02:00,11.3,7.8,81,ESE,6.4,24.1,1021.94,0,0,0,0,,
2021-04-10,02:15,11.4,8.3,81,ESE,9.7,24.1,1021.64,0,0,0,0,,
2021-04-10,02:30,11.5,8.3,81,ESE,14.5,24.1,1021.47,0,0,0,0,,
2021-04-10,02:45,11.7,8.3,80,EAST,14.5,29,1021.37,0,0,0,0,,
2021-04-10,03:30,11.3,7.8,81,ESE,6.4,20.9,1021.03,0,0,0,0,,
2021-04-10,03:45,11.3,8.3,81,ESE,12.9,22.5,1020.83,0,0,0,0,,
2021-04-10,04:15,11.2,7.8,82,ESE,6.4,24.1,1020.39,0,0,0,0,,
2021-04-10,04:30,11.1,7.8,82,ESE,16.1,22.5,1020.35,0,0,0,0,,
2021-04-10,04:45,11.1,7.8,83,EAST,11.3,19.3,1020.15,0,0,0,0,,
2021-04-10,05:15,11.1,8.3,83,ESE,14.5,19.3,1019.91,0,0,0,0,,
2021-04-10,05:30,11.3,8.3,82,ESE,12.9,22.5,1019.81,0,0,0,0,,
2021-04-10,05:45,11.3,8.3,82,ESE,12.9,22.5,1019.57,0,0,0,0,,
2021-04-10,06:00,11.3,8.3,82,ESE,14.5,17.7,1019.74,0,0,0,0,,
2021-04-10,06:15,11.4,8.3,82,EAST,14.5,29,1019.81,0,0,0,0,,
2021-04-10,06:30,11.4,8.3,82,ESE,16.1,25.7,1019.71,0,0,0,0,,
2021-04-10,06:45,11.6,8.3,81,ESE,14.5,29,1019.81,0,0,0,0,,
2021-04-10,07:00,11.7,8.3,81,SE,12.9,24.1,1019.91,0,0,0,0,,
2021-04-10,07:15,11.8,8.3,81,ESE,16.1,25.7,1020.01,0,0,0,12,,
2021-04-10,07:30,11.7,8.3,81,ESE,12.9,30.6,1020.01,0,0,0,30,,
2021-04-10,07:45,11.8,8.3,81,EAST,12.9,27.4,1020.01,0,0,0,63,,
2021-04-10,08:00,11.9,8.9,81,SE,20.9,25.7,1019.98,0,0,0,74,,
2021-04-10,08:15,11.8,8.9,82,ESE,9.7,24.1,1020.29,0,0,0,120,,
2021-04-10,08:30,11.9,8.9,82,EAST,12.9,22.5,1020.59,0,0,0,183,,
2021-04-10,08:45,12.2,8.9,82,ESE,22.5,24.1,1020.32,0,0,1,176,,
2021-04-10,09:00,12.4,9.4,82,EAST,16.1,22.5,1020.32,0,0,1,163,,
2021-04-10,09:15,12.7,8.9,80,SE,20.9,32.2,1020.15,0,0,1,195,,
2021-04-10,09:30,12.9,9.4,79,ESE,16.1,25.7,1020.25,0,0,1,227,,
2021-04-10,09:45,13.1,9.4,79,EAST,9.7,29,1020.29,0,0,1,186,,
2021-04-10,10:00,13.4,9.4,78,ESE,16.1,27.4,1020.25,0,0,1,211,,
2021-04-10,10:15,13.5,9.4,78,SE,12.9,27.4,1020.52,0,0,1,209,,
2021-04-10,10:30,13.8,9.4,76,SE,22.5,30.6,1020.39,0,0,2,264,,
2021-04-10,10:45,14.3,9.4,75,ESE,29,35.4,1020.35,0,0,3,408,,
2021-04-10,11:00,14.6,10,74,SSE,17.7,37,1020.18,0,0,3,417,,
2021-04-10,11:15,14.6,9.4,73,ESE,22.5,37,1019.88,0,0,3,378,,
2021-04-10,11:30,15.4,10,72,SE,24.1,41.8,1020.15,0,0,4,795,,
2021-04-10,11:45,15.7,10.6,72,ESE,25.7,38.6,1020.01,0,0,4,749,,
2021-04-10,12:00,15.6,10,70,ESE,24.1,41.8,1019.47,0,0,4,703,,
2021-04-10,12:15,15.9,10.6,71,ESE,14.5,37,1019.81,0,0,5,888,,
2021-04-10,12:30,15.6,10,71,SE,22.5,45.1,1019.61,0,0,4,589,,
2021-04-10,12:45,15.6,10,71,SE,27.4,38.6,1019.44,0,0,4,568,,
2021-04-10,13:00,15.9,10,70,SE,33.8,45.1,1019,0,0,3,459,,
2021-04-10,13:15,16.2,10.6,69,ESE,27.4,41.8,1019,0,0,5,900,,
2021-04-10,13:30,16.2,10.6,70,SE,19.3,38.6,1018.9,0,0,5,921,,
2021-04-10,13:45,15.9,10.6,70,SE,17.7,38.6,1018.52,0,0,5,793,,
2021-04-10,14:00,16.2,10,69,SOUTH,19.3,41.8,1018.52,0,0,4,809,,
2021-04-10,14:15,16.3,10.6,70,SSE,9.7,38.6,1018.86,0,0,5,803,,
2021-04-10,14:30,16.2,10.6,71,ESE,17.7,35.4,1018.76,0,0,3,826,,
2021-04-10,14:45,15.7,10.6,72,SE,22.5,37,1018.49,0,0,2,364,,
2021-04-10,15:00,15.7,10.6,72,SE,19.3,40.2,1018.19,0,0,3,367,,
2021-04-10,15:15,15.3,10.6,73,SSE,22.5,43.5,1018.22,0,0,2,301,,
2021-04-10,15:30,15.1,10,72,ESE,24.1,48.3,1018.08,0,0,2,385,,
2021-04-10,15:45,15.4,10,71,SE,20.9,45.1,1018.12,0,0,2,394,,
2021-04-10,16:00,15.9,10.6,71,EAST,20.9,45.1,1018.12,0,0,3,483,,
2021-04-10,16:15,16.1,10.6,71,SE,20.9,37,1018.08,0,0,2,348,,
2021-04-10,16:30,16.1,10.6,71,ESE,17.7,32.2,1017.95,0,0,3,831,,
2021-04-10,16:45,15.2,10.6,73,ESE,4.8,37,1018.15,0,0,1,318,,
2021-04-10,17:00,14.9,10,73,EAST,14.5,29,1017.95,0,0,1,206,,
2021-04-10,17:15,14.9,10,74,EAST,16.1,29,1018.05,0,0,1,193,,
2021-04-10,17:30,15.1,10.6,74,SE,14.5,27.4,1017.91,0,0,1,385,,
2021-04-10,17:45,14.9,10,74,ESE,9.7,32.2,1017.68,0,0,1,241,,
2021-04-10,18:00,14.8,10,75,ESE,19.3,25.7,1017.75,0,0,1,139,,
2021-04-10,18:45,14,10,78,SSE,19.3,24.1,1017.51,0,0,0,49,,
2021-04-10,19:00,13.7,10,79,EAST,16.1,30.6,1017.64,0,0,0,28,,
2021-04-10,19:15,13.6,10,80,ESE,6.4,24.1,1017.71,0,0,0,18,,
2021-04-10,19:30,13.4,10,80,ESE,22.5,24.1,1017.58,0,0,0,12,,
2021-04-10,19:45,13.3,10,81,EAST,19.3,25.7,1017.34,0,0,0,9,,
2021-04-10,20:00,13.1,10,81,SE,6.4,24.1,1017.85,0,0,0,0,,
2021-04-10,20:15,12.9,10,82,ENE,11.3,25.7,1017.88,0,0,0,0,,
2021-04-10,20:30,12.8,10,83,EAST,12.9,25.7,1018.12,0,0,0,0,,
2021-04-10,21:00,12.8,10,83,EAST,9.7,24.1,1018.29,0,0,0,0,,
2021-04-10,21:15,12.7,10,83,EAST,16.1,22.5,1018.59,0,0,0,0,,
2021-04-10,21:30,12.8,10,83,ENE,12.9,22.5,1019.1,0,0,0,0,,
2021-04-10,22:00,12.9,10,83,ESE,9.7,20.9,1019.03,0,0,0,0,,
2021-04-10,22:30,12.9,10,83,ESE,17.7,27.4,1018.93,0,0,0,0,,
2021-04-10,22:45,13,10,83,SE,19.3,33.8,1018.96,0,0,0,0,,
2021-04-10,23:00,13.1,10,82,ESE,25.7,35.4,1018.9,0,0,0,0,,
2021-04-10,23:15,13.2,10,83,ESE,25.7,33.8,1018.96,0,0,0,0,,
2021-04-10,23:30,13.2,10,83,ESE,19.3,37,1018.86,0,0,0,0,,
2021-04-10,23:45,13.2,10,83,SE,22.5,38.6,1018.59,0,0,0,0,,
2021-04-10,OVR,,,,,,,,,,,,gustmax,48.3
2021-04-10,OVR,,,,,,,,,,,,rainrate_max,0
2021-04-10,OVR,,,,,,,,,,,,rain_total_mm,0
2021-04-10,OVR,,,,,,,,,,,,tmax,16.9
2021-04-10,OVR,,,,,,,,,,,,tmin,11
2021-04-10,OVR,,,,,,,,,,,,wind_dir_mean_deg,120.1
2021-04-11,00:15,13.1,10,83,SE,27.4,27.4,1018.73,0,0,0,0,,
2021-04-11,00:30,13.1,10,84,ESE,24.1,29,1018.56,0,0,0,0,,
2021-04-11,00:45,13.1,10.6,84,ESE,20.9,32.2,1018.39,0,0,0,0,,
2021-04-11,01:00,13,10.6,85,ESE,16.1,32.2,1017.64,0,0,0,0,,
2021-04-11,01:15,13,10.6,85,ESE,24.1,33.8,1017.98,0,0,0,0,,
2021-04-11,01:30,13,10.6,85,ESE,16.1,24.1,1018.08,0,0,0,0,,
2021-04-11,01:45,13,10.6,85,ESE,19.3,30.6,1017.68,0,0,0,0,,
2021-04-11,02:00,13,10.6,85,ESE,11.3,30.6,1017.31,0,0,0,0,,
2021-04-11,02:15,13,10.6,85,ESE,14.5,30.6,1017.37,0,0,0,0,,
2021-04-11,02:30,13.1,10.6,85,ESE,29,37,1016.97,0,0,0,0,,
2021-04-11,02:45,12.9,10.6,85,SE,20.9,32.2,1016.66,0,0,0,0,,
2021-04-11,03:15,12.8,10.6,87,EAST,17.7,29,1016.66,0,0,0,0,,
2021-04-11,03:30,12.8,10.6,87,ESE,19.3,30.6,1016.42,0,0,0,0,,
2021-04-11,03:45,12.8,10.6,87,ESE,27.4,35.4,1016.42,0,0,0,0,,
2021-04-11,04:00,12.8,10.6,88,SE,25.7,40.2,1016.32,0,0,0,0,,
2021-04-11,04:15,12.8,10.6,88,ESE,29,35.4,1016.39,0,0,0,0,,
2021-04-11,04:30,12.6,10.6,89,SE,22.5,38.6,1016.22,0,0,0,0,,
2021-04-11,04:45,12.6,11.1,90,ESE,19.3,37,1016.05,0,0,0,0,,
2021-04-11,05:00,12.6,11.1,91,SE,29,35.4,1015.98,0,0,0,0,,
2021-04-11,05:15,12.6,11.1,91,ESE,22.5,37,1016.12,0,0,0,0,,
2021-04-11,05:30,12.5,11.1,91,SE,24.1,37,1016.19,0,0,0,0,,
2021-04-11,05:45,12.6,11.1,91,SE,22.5,41.8,1016.05,0,0,0,0,,
2021-04-11,06:00,12.6,11.1,91,SE,25.7,38.6,1015.54,0,0,0,0,,
2021-04-11,06:15,12.6,11.1,90,EAST,17.7,30.6,1015.31,0,0,0,0,,
2021-04-11,06:30,12.4,10.6,90,ESE,11.3,30.6,1015.51,0,0,0,0,,
2021-04-11,06:45,12.3,10.6,91,EAST,11.3,17.7,1016.22,0,0,0,0,,
2021-04-11,07:00,12.3,10.6,90,ESE,14.5,20.9,1016.39,0,0,0,0,,
2021-04-11,07:15,12.6,11.1,91,SE,12.9,24.1,1016.22,0,0,0,14,,
2021-04-11,07:30,12.6,11.1,91,ESE,25.7,35.4,1016.22,0,0,0,21,,
2021-04-11,07:45,12.7,11.1,91,ESE,22.5,32.2,1016.59,0,0,0,23,,
2021-04-11,08:00,12.7,11.1,91,SE,22.5,29,1016.7,0,0,0,21,,
2021-04-11,08:30,12.8,11.1,92,SE,19.3,30.6,1016.93,0,0,0,60,,
2021-04-11,08:45,12.8,11.1,92,SE,19.3,37,1017.07,0,0,0,60,,
2021-04-11,09:00,13,11.7,91,ESE,27.4,32.2,1017.2,0,0,0,86,,
2021-04-11,09:15,13.2,11.7,90,SE,19.3,32.2,1017.37,0,0,1,181,,
2021-04-11,09:30,13.5,11.7,88,SE,24.1,37,1017.58,0,0,1,153,,
2021-04-11,09:45,13.8,11.7,87,ESE,24.1,35.4,1017.54,0,0,1,197,,
2021-04-11,10:00,14,11.7,86,SE,22.5,32.2,1017.81,0,0,1,281,,
2021-04-11,10:15,14.2,11.7,85,SE,22.5,33.8,1017.95,0,0,2,264,,
2021-04-11,10:30,14.9,12.2,84,ESE,12.9,25.7,1017.91,0,0,2,345,,
2021-04-11,10:45,14.8,11.7,81,SE,17.7,24.1,1018.02,0,0,1,251,,
2021-04-11,11:00,14.8,11.7,82,SSE,14.5,29,1018.29,0,0,3,362,,
2021-04-11,11:15,14.9,11.7,80,ESE,22.5,30.6,1018.05,0,0,3,582,,
2021-04-11,11:30,15.4,11.7,79,SE,25.7,38.6,1018.39,0,0,3,759,,
2021-04-11,11:45,15.9,11.7,76,ESE,11.3,37,1018.46,0,0,4,717,,
2021-04-11,12:00,16.2,11.7,75,SE,24.1,38.6,1018.12,0,0,5,837,,
2021-04-11,12:15,16.6,12.2,75,SE,27.4,32.2,1018.22,0,0,5,874,,
2021-04-11,12:30,16.4,11.7,74,ESE,30.6,35.4,1018.29,0,0,5,809,,
2021-04-11,12:45,17.1,12.2,73,ESE,16.1,35.4,1018.15,0,0,5,840,,
2021-04-11,13:00,17,11.7,73,SE,27.4,32.2,1017.88,0,0,5,846,,
2021-04-11,13:15,17.2,11.7,72,SE,20.9,32.2,1017.64,0,0,5,889,,
2021-04-11,13:30,17.8,12.8,73,SE,16.1,35.4,1017.85,0,0,6,919,,
2021-04-11,13:45,17.1,12.2,75,SE,11.3,32.2,1017.91,0,0,5,638,,
2021-04-11,14:00,17.6,12.2,71,SE,19.3,35.4,1017.68,0,0,5,947,,
2021-04-11,14:15,17.7,12.2,71,SE,22.5,35.4,1017.31,0,0,5,663,,
2021-04-11,14:30,17.2,11.7,72,ESE,22.5,32.2,1017.75,0,0,3,489,,
2021-04-11,14:45,16.9,11.7,73,SE,14.5,30.6,1017.85,0,0,3,394,,
2021-04-11,15:00,17.7,12.2,70,ESE,16.1,30.6,1017.71,0,0,4,793,,
2021-04-11,15:15,17.4,12.2,72,ESE,20.9,30.6,1017.1,0,0,3,612,,
2021-04-11,15:30,17.4,12.2,73,SSE,20.9,33.8,1017.37,0,0,3,452,,
2021-04-11,15:45,17.1,12.2,74,SE,11.3,32.2,1017.37,0,0,3,454,,
2021-04-11,16:00,17.2,12.2,74,SSE,17.7,37,1017.31,0,0,3,606,,
2021-04-11,16:15,17.6,12.8,73,ESE,14.5,30.6,1017.03,0,0,2,591,,
2021-04-11,16:30,17.2,12.8,75,SE,17.7,29,1016.86,0,0,2,371,,
2021-04-11,16:45,16.8,12.2,76,SE,20.9,27.4,1017.03,0,0,1,258,,
2021-04-11,17:00,16.7,12.2,76,SE,19.3,29,1016.93,0,0,1,415,,
2021-04-11,17:15,16.4,12.2,77,ESE,25.7,27.4,1017,0,0,1,253,,
2021-04-11,17:30,16,11.7,77,SE,12.9,25.7,1017.14,0,0,1,200,,
2021-04-11,17:45,15.8,12.2,79,ESE,20.9,24.1,1017.14,0,0,1,218,,
2021-04-11,18:00,15.6,11.7,79,ESE,20.9,25.7,1017.1,0,0,1,158,,
2021-04-11,18:15,15.3,11.7,81,SE,19.3,25.7,1016.93,0,0,0,132,,
2021-04-11,18:30,15.3,11.7,81,ESE,14.5,30.6,1016.86,0,0,0,155,,
2021-04-11,18:45,15,11.7,81,SE,24.1,30.6,1016.83,0,0,0,79,,
2021-04-11,19:00,14.8,11.7,82,ESE,19.3,30.6,1016.83,0,0,0,65,,
2021-04-11,19:15,14.6,11.7,83,SSE,11.3,29,1017.17,0,0,0,25,,
2021-04-11,19:30,14.3,11.7,84,ESE,12.9,27.4,1017.24,0,0,0,16,,
2021-04-11,19:45,14.2,11.1,84,ESE,17.7,32.2,1017.03,0,0,0,11,,
2021-04-11,20:00,14,11.1,84,SE,22.5,37,1017.03,0,0,0,0,,
2021-04-11,20:15,13.9,11.1,84,ESE,17.7,32.2,1017.17,0,0,0,0,,
2021-04-11,20:30,13.7,11.1,85,ESE,22.5,33.8,1017.31,0,0,0,0,,
2021-04-11,20:45,13.5,11.1,86,ESE,19.3,33.8,1017.61,0,0,0,0,,
2021-04-11,21:00,13.4,11.1,87,SE,19.3,27.4,1017.95,0,0,0,0,,
2021-04-11,21:15,13.3,11.1,87,ESE,9.7,27.4,1018.12,0,0,0,0,,
2021-04-11,21:30,13.3,11.1,87,SE,12.9,16.1,1018.52,0,0,0,0,,
2021-04-11,21:45,13.3,11.1,87,SE,4.8,19.3,1018.86,0,0,0,0,,
2021-04-11,22:00,13.3,11.1,87,ESE,22.5,27.4,1018.9,0,0,0,0,,
2021-04-11,22:15,13.2,11.1,88,SE,6.4,19.3,1018.73,0,0,0,0,,
2021-04-11,22:30,13.1,11.1,89,SSE,1.6,20.9,1019.03,0,0,0,0,,
2021-04-11,22:45,13,11.1,90,SSE,9.7,14.5,1019.88,0,0,0,0,,
2021-04-11,23:00,12.9,11.1,91,SE,1.6,9.7,1019.98,0,0,0,0,,
2021-04-11,23:15,12.9,11.7,91,SE,3.2,9.7,1020.29,0,0,0,0,,
2021-04-11,23:30,12.9,11.7,92,SE,3.2,8,1020.12,0,0,0,0,,
2021-04-11,23:45,12.8,11.7,92,SE,3.2,8,1020.39,0,0,0,0,,
2021-04-11,OVR,,,,,,,,,,,,gustmax,41.8
2021-04-11,OVR,,,,,,,,,,,,rainrate_max,0
2021-04-11,OVR,,,,,,,,,,,,rain_total_mm,0
2021-04-11,OVR,,,,,,,,,,,,tmax,18.2
2021-04-11,OVR,,,,,,,,,,,,tmin,12.3
2021-04-11,OVR,,,,,,,,,,,,wind_dir_mean_deg,126.2
2021-04-12,00:00,12.8,11.7,93,SE,8,12.9,1020.39,0,0,0,0,,
2021-04-12,00:15,12.8,11.7,93,SE,6.4,14.5,1020.42,0.25,0.25,0,0,,
2021-04-12,00:30,12.9,11.7,93,SE,4.8,16.1,1020.35,0.25,0.25,0,0,,
2021-04-12,00:45,12.9,11.7,92,ESE,6.4,19.3,1020.45,0.25,0.25,0,0,,
2021-04-12,01:00,12.9,11.7,93,ESE,12.9,14.5,1020.22,0.25,0.25,0,0,,
2021-04-12,01:30,12.8,11.7,93,EAST,6.4,12.9,1019.68,0.25,0,0,0,,
2021-04-12,01:45,12.7,11.7,93,EAST,6.4,17.7,1019.13,0.25,0,0,0,,
2021-04-12,02:00,12.6,11.7,93,ENE,6.4,16.1,1018.93,0.25,0,0,0,,
2021-04-12,02:15,12.6,11.1,93,SE,6.4,12.9,1018.56,0.25,0,0,0,,
2021-04-12,02:30,12.6,11.1,94,EAST,3.2,16.1,1018.59,0.25,0,0,0,,
2021-04-12,02:45,12.6,11.1,93,EAST,3.2,17.7,1018.25,0.25,0,0,0,,
2021-04-12,03:00,12.7,11.1,93,EAST,3.2,12.9,1018.22,0.25,0,0,0,,
2021-04-12,03:15,12.7,11.1,92,ESE,1.6,6.4,1018.8,0.25,0,0,0,,
2021-04-12,03:30,12.8,11.1,92,NORTH,0,3.2,1019.54,0.25,0,0,0,,
2021-04-12,03:45,12.7,11.1,92,ESE,3.2,11.3,1019.57,0.25,0,0,0,,
2021-04-12,04:00,12.7,11.1,92,ESE,3.2,8,1019.2,0.25,0,0,0,,
2021-04-12,04:15,12.7,11.1,92,NORTH,0,9.7,1018.9,0.25,0,0,0,,
2021-04-12,04:30,12.7,11.1,92,ENE,14.5,16.1,1018.29,0.25,0,0,0,,
2021-04-12,04:45,12.6,11.1,93,EAST,14.5,22.5,1017.71,0.51,0.25,0,0,,
2021-04-12,05:00,12.4,11.1,93,EAST,12.9,20.9,1017.44,0.51,0.25,0,0,,
2021-04-12,05:15,12.3,11.1,93,NE,11.3,24.1,1017.24,0.51,0.25,0,0,,
2021-04-12,05:30,12.3,11.1,93,ESE,6.4,20.9,1017.64,0.51,0.25,0,0,,
2021-04-12,05:45,12.3,11.1,93,EAST,9.7,14.5,1017.27,0.51,0,0,0,,
2021-04-12,06:00,12.3,11.1,92,ESE,4.8,14.5,1017.31,0.51,0,0,0,,
2021-04-12,06:15,12.4,10.6,91,SE,6.4,11.3,1017.37,0.51,0,0,0,,
2021-04-12,06:30,12.6,10.6,90,ESE,6.4,9.7,1017.27,0.51,0,0,0,,
2021-04-12,06:45,12.7,10.6,89,ESE,6.4,12.9,1017.41,0.51,0,0,0,,
2021-04-12,07:00,12.8,10.6,89,EAST,9.7,14.5,1017.58,0.51,0,0,0,,
2021-04-12,07:15,12.5,10.6,90,EAST,4.8,12.9,1017.54,0.51,0,0,14,,
2021-04-12,07:30,12.3,10.6,91,EAST,4.8,11.3,1017.81,0.51,0,0,62,,
2021-04-12,07:45,12.6,11.1,91,EAST,1.6,6.4,1017.85,0.51,0,0,116,,
2021-04-12,08:00,13.1,11.1,91,EAST,3.2,6.4,1017.85,0.51,0,0,176,,
2021-04-12,08:15,13.6,11.7,89,ESE,3.2,11.3,1018.15,0.51,0,0,216,,
2021-04-12,08:30,13.6,11.7,88,ESE,11.3,11.3,1018.08,0.51,0,0,84,,
2021-04-12,08:45,13.9,11.7,87,ESE,6.4,12.9,1018.12,0.51,0,1,116,,
2021-04-12,09:00,14.3,12.2,87,SE,4.8,14.5,1018.39,0.51,0,1,401,,
2021-04-12,09:15,14.3,12.2,88,SE,4.8,19.3,1018.15,0.51,0,0,120,,
2021-04-12,09:30,13.9,12.2,91,SE,12.9,17.7,1018.49,0.51,0.25,1,455,,
2021-04-12,09:45,14.2,12.2,90,SE,6.4,19.3,1018.73,0.51,0.25,2,418,,
2021-04-12,10:00,14.4,12.8,90,SE,8,16.1,1019.03,0.51,0.25,1,255,,
2021-04-12,10:15,14.4,12.8,90,SSE,6.4,12.9,1019.03,0.51,0.25,1,251,,
2021-04-12,10:30,15,12.8,89,ESE,9.7,14.5,1019.1,0.51,0,1,274,,
2021-04-12,10:45,15.1,12.8,88,SE,4.8,19.3,1019.13,0.51,0,2,308,,
2021-04-12,11:00,15.6,12.8,86,SSE,6.4,17.7,1019.24,0.51,0,2,260,,
2021-04-12,11:15,15.2,12.8,86,ESE,4.8,16.1,1019.17,0.51,0,1,93,,
2021-04-12,11:30,15.9,13.3,86,SW,4.8,11.3,1019.3,0.51,0,1,163,,
2021-04-12,11:45,15.7,12.8,84,WEST,6.4,25.7,1019.34,0.51,0,2,359,,
2021-04-12,12:00,16.6,12.8,78,NNW,20.9,27.4,1019.17,0.51,0,2,316,,
2021-04-12,12:15,15.8,12.2,81,WEST,22.5,32.2,1019.3,0.51,0,2,264,,
2021-04-12,12:30,15.2,12.2,85,WNW,17.7,32.2,1019.24,0.51,0,1,207,,
2021-04-12,12:45,14.1,12.2,89,WEST,17.7,40.2,1019.2,0.51,0,1,185,,
2021-04-12,13:00,14.5,12.2,88,WNW,22.5,27.4,1019.24,0.51,0,1,220,,
2021-04-12,13:15,13.6,11.7,88,WNW,12.9,38.6,1019.3,0.51,0,3,519,,
2021-04-12,13:30,13.8,11.1,86,WEST,17.7,30.6,1019.47,0.51,0,3,311,,
2021-04-12,13:45,13.7,11.1,86,WNW,20.9,40.2,1019.37,0.51,0,4,483,,
2021-04-12,14:00,13.3,10.6,85,WNW,25.7,46.7,1019.4,0.51,0,6,724,,
2021-04-12,14:15,13.2,10.6,85,WEST,22.5,45.1,1019.71,0.51,0,2,297,,
2021-04-12,14:30,12.2,9.4,85,WEST,20.9,38.6,1019.64,0.51,0,3,454,,
2021-04-12,14:45,12.7,10,84,WNW,19.3,43.5,1019.84,0.51,0,2,378,,
2021-04-12,15:00,12.2,9.4,85,ESE,20.9,41.8,1020.05,0.51,0,4,406,,
2021-04-12,15:15,12.7,9.4,81,WEST,25.7,46.7,1019.78,0.51,0,2,376,,
2021-04-12,15:30,12.5,8.3,76,WEST,19.3,46.7,1019.74,0.51,0,3,561,,
2021-04-12,15:45,12.5,8.3,76,WEST,16.1,43.5,1019.74,0.51,0,4,784,,
2021-04-12,16:00,12.3,7.8,76,NNW,22.5,46.7,1019.88,0.51,0,2,350,,
2021-04-12,16:15,11.9,7.8,76,WNW,24.1,45.1,1020.01,0.51,0,2,410,,
2021-04-12,16:30,12.3,7.8,75,WEST,25.7,43.5,1020.01,0.51,0,2,381,,
2021-04-12,16:45,11.8,7.8,76,WNW,24.1,49.9,1020.01,0.51,0,2,728,,
2021-04-12,17:00,11.8,7.2,75,WEST,24.1,48.3,1019.98,0.51,0,1,638,,
2021-04-12,17:15,12.1,6.7,70,NNE,27.4,53.1,1019.98,0.51,0,2,480,,
2021-04-12,17:30,12.2,6.1,67,WNW,25.7,48.3,1020.12,0.51,0,1,424,,
2021-04-12,17:45,12.2,6.1,67,WNW,43.5,49.9,1020.22,0.51,0,1,366,,
2021-04-12,18:00,11.9,6.1,69,WNW,32.2,43.5,1020.29,0.51,0,1,306,,
2021-04-12,18:15,11.6,6.1,69,WEST,32.2,49.9,1020.42,0.51,0,1,251,,
2021-04-12,18:45,11.1,6.1,72,WEST,33.8,48.3,1020.69,0.51,0,0,135,,
2021-04-12,19:00,11,6.1,74,WNW,25.7,37,1020.66,0.51,0,0,88,,
2021-04-12,19:15,10.6,5.6,73,WEST,27.4,46.7,1020.66,0.51,0,0,47,,
2021-04-12,19:30,10.2,5.6,74,WNW,20.9,40.2,1020.69,0.51,0,0,21,,
2021-04-12,19:45,9.8,5.6,76,WNW,25.7,33.8,1020.83,0.51,0,0,9,,
2021-04-12,20:00,9.6,5.6,77,WEST,24.1,38.6,1020.96,0.51,0,0,0,,
2021-04-12,20:15,9.4,5.6,78,WNW,24.1,33.8,1020.96,0.51,0,0,0,,
2021-04-12,20:30,9.2,5.6,78,WEST,20.9,37,1021.23,0.51,0,0,0,,
2021-04-12,20:45,9.2,5,77,WNW,14.5,38.6,1021.27,0.51,0,0,0,,
2021-04-12,21:00,9,5,78,WNW,24.1,32.2,1021.27,0.51,0,0,0,,
2021-04-12,21:15,8.9,5,78,WEST,27.4,37,1021.5,0.51,0,0,0,,
2021-04-12,21:30,8.8,5,78,WEST,22.5,37,1021.74,0.51,0,0,0,,
2021-04-12,21:45,8.7,4.4,77,WNW,30.6,30.6,1021.74,0.51,0,0,0,,
2021-04-12,22:00,8.7,4.4,76,NW,20.9,41.8,1021.78,0.51,0,0,0,,
2021-04-12,22:15,8.7,4.4,76,WEST,29,41.8,1021.88,0.51,0,0,0,,
2021-04-12,22:30,8.6,3.9,75,WNW,17.7,43.5,1021.88,0.51,0,0,0,,
2021-04-12,22:45,8.6,4.4,75,WNW,24.1,45.1,1021.94,0.51,0,0,0,,
2021-04-12,23:00,8.3,3.9,76,WEST,17.7,40.2,1021.94,0.51,0,0,0,,
2021-04-12,23:15,8.3,3.9,75,WNW,25.7,37,1022.05,0.51,0,0,0,,
2021-04-12,23:30,8.4,3.3,72,WEST,24.1,40.2,1022.01,0.51,0,0,0,,
2021-04-12,23:45,8.6,3.3,71,WEST,25.7,32.2,1021.81,0.51,0,0,0,,
2021-04-12,OVR,,,,,,,,,,,,gustmax,53.1
2021-04-12,OVR,,,,,,,,,,,,rainrate_max,0.2
2021-04-12,OVR,,,,,,,,,,,,rain_total_mm,0.6
2021-04-12,OVR,,,,,,,,,,,,tmax,16.6
2021-04-12,OVR,,,,,,,,,,,,tmin,8.2
2021-04-12,OVR,,,,,,,,,,,,wind_dir_mean_deg,129.4
2021-04-13,00:00,8.8,3.3,71,WNW,32.2,41.8,1021.78,0,0,0,0,,
2021-04-13,00:15,8.9,3.9,71,WNW,22.5,38.6,1021.67,0,0,0,0,,
2021-04-13,00:30,9.2,3.9,71,WNW,29,40.2,1021.74,0,0,0,0,,
2021-04-13,00:45,9.4,3.9,69,WEST,35.4,40.2,1021.78,0,0,0,0,,
2021-04-13,01:00,9.5,3.9,68,WNW,20.9,45.1,1021.81,0,0,0,0,,
2021-04-13,01:15,9.5,3.9,69,WEST,24.1,37,1021.71,0,0,0,0,,
2021-04-13,01:30,9.5,3.9,69,WNW,24.1,41.8,1021.71,0,0,0,0,,
2021-04-13,01:45,9.6,3.9,68,WNW,19.3,43.5,1021.61,0,0,0,0,,
2021-04-13,02:00,9.8,3.9,69,WNW,25.7,46.7,1021.37,0,0,0,0,,
2021-04-13,02:15,9.8,3.9,68,WNW,19.3,45.1,1021.54,0,0,0,0,,
2021-04-13,02:30,9.8,3.3,64,WEST,27.4,43.5,1021.33,0,0,0,0,,
2021-04-13,02:45,9.6,2.8,64,WEST,35.4,45.1,1021.2,0,0,0,0,,
2021-04-13,03:00,9.6,2.8,63,NW,27.4,48.3,1021.06,0,0,0,0,,
2021-04-13,03:15,9.6,3.3,65,WEST,20.9,43.5,1020.93,0,0,0,0,,
2021-04-13,03:30,9.7,3.3,64,WNW,20.9,53.1,1020.83,0,0,0,0,,
2021-04-13,03:45,9.7,2.8,63,WNW,19.3,49.9,1020.93,0,0,0,0,,
2021-04-13,04:00,9.7,2.8,63,WNW,30.6,41.8,1020.79,0,0,0,0,,
2021-04-13,04:15,9.6,2.8,64,WNW,32.2,45.1,1020.83,0,0,0,0,,
2021-04-13,04:30,9.4,2.8,64,WEST,14.5,49.9,1020.59,0,0,0,0,,
2021-04-13,04:45,9.4,2.8,65,WEST,22.5,41.8,1020.45,0,0,0,0,,
2021-04-13,05:00,9.2,3.3,66,WEST,27.4,40.2,1020.39,0,0,0,0,,
2021-04-13,05:15,9.3,2.8,66,WEST,37,51.5,1020.52,0,0,0,0,,
2021-04-13,05:30,9.2,2.8,66,WEST,32.2,46.7,1020.39,0,0,0,0,,
2021-04-13,05:45,9,2.8,67,WNW,17.7,40.2,1020.39,0,0,0,0,,
2021-04-13,06:00,8.9,3.3,69,ENE,19.3,43.5,1020.39,0,0,0,0,,
2021-04-13,06:15,8.9,3.9,71,WNW,22.5,37,1020.39,0,0,0,0,,
2021-04-13,06:30,8.7,3.3,71,WEST,24.1,41.8,1020.32,0,0,0,0,,
2021-04-13,06:45,8.7,3.3,71,WNW,24.1,40.2,1020.45,0,0,0,0,,
2021-04-13,07:00,8.3,3.3,72,ESE,33.8,40.2,1020.29,0,0,0,9,,
2021-04-13,07:15,8.4,3.3,72,WEST,25.7,45.1,1020.42,0,0,0,21,,
2021-04-13,07:30,8.3,3.3,72,WEST,29,38.6,1020.66,0,0,0,19,,
2021-04-13,07:45,8.4,3.3,72,WNW,33.8,41.8,1020.62,0,0,0,81,,
2021-04-13,08:00,8.9,3.9,71,WEST,27.4,45.1,1020.79,0,0,0,195,,
2021-04-13,08:15,9.2,3.9,71,WEST,35.4,51.5,1020.89,0,0,0,207,,
2021-04-13,08:30,9.3,4.4,72,WEST,24.1,46.7,1020.96,0,0,1,232,,
2021-04-13,08:45,9.5,4.4,73,WEST,22.5,45.1,1021.1,0,0,1,283,,
2021-04-13,09:00,9.9,5,72,WEST,27.4,48.3,1021.23,0,0,1,318,,
2021-04-13,09:15,10.2,5,71,WEST,27.4,51.5,1021.54,0,0,1,359,,
2021-04-13,09:30,10.3,5,70,WNW,24.1,45.1,1021.64,0,0,2,482,,
2021-04-13,09:45,10.4,5,69,WEST,30.6,49.9,1021.78,0,0,2,459,,
2021-04-13,10:00,11,5,68,WNW,30.6,57.9,1022.08,0,0,1,585,,
2021-04-13,10:15,10.5,5,69,WNW,41.8,49.9,1022.25,0,0,3,684,,
2021-04-13,10:30,10.7,4.4,67,ENE,33.8,43.5,1022.25,0,0,2,733,,
2021-04-13,10:45,11.2,5,67,WEST,20.9,45.1,1022.45,0,0,2,350,,
2021-04-13,11:00,11.4,4.4,64,WEST,37,46.7,1022.59,0,0,4,840,,
2021-04-13,11:15,11.6,5,65,WEST,17.7,46.7,1022.82,0,0,3,983,,
2021-04-13,11:30,11.4,5,66,WNW,22.5,46.7,1022.62,0,0,4,835,,
2021-04-13,11:45,11.8,5,64,WNW,25.7,46.7,1022.62,0,0,5,895,,
2021-04-13,12:00,12,5,62,WNW,25.7,46.7,1022.45,0,0,5,930,,
2021-04-13,12:15,12.1,5.6,64,WEST,29,49.9,1022.32,0,0,3,916,,
2021-04-13,12:30,12.1,5,63,WNW,16.1,54.7,1022.35,0,0,5,445,,
2021-04-13,12:45,12.3,5,62,WEST,27.4,40.2,1022.08,0,0,6,1032,,
2021-04-13,13:00,12.3,5,62,EAST,33.8,53.1,1021.98,0,0,6,993,,
2021-04-13,13:15,12.5,5,61,WEST,51.5,51.5,1022.25,0,0,6,984,,
2021-04-13,13:30,12.6,5,61,ENE,25.7,51.5,1021.91,0,0,6,1005,,
2021-04-13,13:45,12.7,5,61,WEST,30.6,51.5,1022.11,0,0,6,944,,
2021-04-13,14:00,12.4,5,62,WNW,29,48.3,1021.84,0,0,4,1011,,
2021-04-13,14:15,12.6,5,60,EAST,33.8,56.3,1022.05,0,0,5,954,,
2021-04-13,14:30,13.2,6.1,62,WNW,25.7,40.2,1021.94,0,0,5,1035,,
2021-04-13,14:45,13.1,6.1,63,WEST,20.9,53.1,1021.71,0,0,5,935,,
2021-04-13,15:00,12.2,5.6,64,WNW,25.7,59.5,1021.84,0,0,5,294,,
2021-04-13,15:15,12.4,5,61,WEST,35.4,48.3,1021.5,0,0,4,858,,
2021-04-13,15:30,12.5,5.6,63,WNW,25.7,53.1,1021.54,0,0,3,367,,
2021-04-13,15:45,12.2,5.6,65,WEST,25.7,66,1021.64,0,0,3,800,,
2021-04-13,16:00,12.3,5.6,63,WEST,38.6,53.1,1021.5,0,0,2,740,,
2021-04-13,16:15,12.4,5.6,63,WEST,29,51.5,1021.47,0,0,3,675,,
2021-04-13,16:30,12.2,5.6,64,WNW,33.8,49.9,1021.4,0,0,2,680,,
2021-04-13,16:45,12.2,5,63,WNW,43.5,51.5,1021.27,0,0,2,708,,
2021-04-13,17:00,12.2,5.6,64,WEST,29,49.9,1021.33,0,0,1,585,,
2021-04-13,17:15,12,5.6,65,WNW,37,54.7,1021.3,0,0,2,508,,
2021-04-13,17:30,11.8,5,63,WNW,30.6,51.5,1021.27,0,0,1,448,,
2021-04-13,17:45,11.8,5,65,WEST,43.5,57.9,1021.64,0,0,1,114,,
2021-04-13,18:00,11.2,5,66,WNW,27.4,57.9,1021.33,0,0,1,197,,
2021-04-13,18:15,11.2,5,67,WEST,32.2,51.5,1021.4,0,0,0,109,,
2021-04-13,18:30,11,5,68,WEST,30.6,48.3,1021.2,0,0,0,192,,
2021-04-13,18:45,10.8,5,69,WEST,29,49.9,1021.1,0,0,0,155,,
2021-04-13,19:00,10.6,5,69,WEST,25.7,45.1,1021.23,0,0,0,51,,
2021-04-13,19:15,10.3,5,70,WEST,22.5,53.1,1021.03,0,0,0,35,,
2021-04-13,19:30,10.2,5,71,WNW,20.9,46.7,1021.27,0,0,0,23,,
2021-04-13,19:45,10.1,5,71,WNW,24.1,41.8,1021.06,0,0,0,12,,
2021-04-13,20:00,9.8,5,73,WEST,22.5,37,1021.06,0,0,0,0,,
2021-04-13,20:15,9.6,5,74,WEST,17.7,40.2,1021.1,0,0,0,0,,
2021-04-13,20:30,9.3,5,75,WEST,22.5,25.7,1021.2,0,0,0,0,,
2021-04-13,20:45,9,5,76,WNW,12.9,22.5,1021.4,0,0,0,0,,
2021-04-13,21:00,9.1,5,76,NNW,9.7,9.7,1021.74,0,0,0,0,,
2021-04-13,21:15,9.1,5,76,NW,8,17.7,1021.54,0,0,0,0,,
2021-04-13,21:30,9.1,5,76,NNW,3.2,6.4,1021.78,0,0,0,0,,
2021-04-13,21:45,9.1,5,76,NORTH,0,12.9,1021.88,0,0,0,0,,
2021-04-13,22:00,9.2,5,75,NW,1.6,6.4,1021.74,0,0,0,0,,
2021-04-13,22:15,9.3,5,75,WNW,6.4,14.5,1021.98,0,0,0,0,,
2021-04-13,22:30,9.2,5,75,NW,4.8,12.9,1021.88,0,0,0,0,,
2021-04-13,22:45,9.3,5,74,NW,4.8,17.7,1021.81,0,0,0,0,,
2021-04-13,23:00,9.4,4.4,73,WEST,16.1,22.5,1022.01,0,0,0,0,,
2021-04-13,23:15,9.2,4.4,74,WNW,6.4,9.7,1021.91,0,0,0,0,,
2021-04-13,23:30,9.2,4.4,74,WNW,6.4,14.5,1022.18,0,0,0,0,,
2021-04-13,23:45,9.1,4.4,74,WEST,9.7,16.1,1021.88,0,0,0,0,,
2021-04-13,OVR,,,,,,,,,,,,gustmax,66
2021-04-13,OVR,,,,,,,,,,,,rainrate_max,0
2021-04-13,OVR,,,,,,,,,,,,rain_total_mm,0
2021-04-13,OVR,,,,,,,,,,,,tmax,13.3
2021-04-13,OVR,,,,,,,,,,,,tmin,8.3
2021-04-13,OVR,,,,,,,,,,,,wind_dir_mean_deg,300.1
2021-04-14,00:00,8.9,4.4,75,WNW,6.4,16.1,1021.61,0,0,0,0,,
2021-04-14,00:15,8.5,4.4,77,WEST,9.7,16.1,1021.64,0,0,0,0,,
2021-04-14,00:30,8.6,4.4,76,WNW,4.8,14.5,1021.47,0,0,0,0,,
2021-04-14,00:45,8.4,4.4,78,WNW,6.4,12.9,1021.54,0,0,0,0,,
2021-04-14,01:00,8.1,3.9,77,NORTH,0,12.9,1021.27,0,0,0,0,,
2021-04-14,01:15,7.4,3.9,79,NORTH,0,3.2,1021.2,0,0,0,0,,
2021-04-14,01:30,6.9,3.9,81,WNW,1.6,3.2,1021,0,0,0,0,,
2021-04-14,01:45,7.1,3.9,82,NORTH,0,3.2,1021.06,0,0,0,0,,
2021-04-14,02:00,7.1,3.9,81,NORTH,0,1.6,1020.83,0,0,0,0,,
2021-04-14,02:15,7.1,3.9,81,EAST,3.2,4.8,1020.76,0,0,0,0,,
2021-04-14,02:30,7,3.9,81,EAST,1.6,4.8,1020.39,0,0,0,0,,
2021-04-14,02:45,7.2,3.9,80,ENE,1.6,6.4,1020.42,0,0,0,0,,
2021-04-14,03:00,7.6,3.9,78,NNE,4.8,6.4,1020.32,0,0,0,0,,
2021-04-14,03:15,7.4,3.9,79,NE,3.2,6.4,1020.42,0,0,0,0,,
2021-04-14,03:30,7.2,3.9,79,NNE,1.6,4.8,1020.45,0,0,0,0,,
2021-04-14,03:45,6.9,3.9,81,NE,1.6,4.8,1020.42,0,0,0,0,,
2021-04-14,04:00,7.3,3.9,81,NE,1.6,6.4,1020.22,0,0,0,0,,
2021-04-14,04:15,7.4,3.9,80,NE,1.6,4.8,1020.29,0,0,0,0,,
2021-04-14,04:30,7.8,3.9,79,NE,3.2,6.4,1020.18,0,0,0,0,,
2021-04-14,04:45,7.7,3.9,79,NE,3.2,4.8,1020.35,0,0,0,0,,
2021-04-14,05:00,7.4,3.9,79,ENE,6.4,11.3,1020.25,0,0,0,0,,
2021-04-14,05:15,7.3,3.9,79,EAST,8,11.3,1020.22,0,0,0,0,,
2021-04-14,05:30,7.2,3.3,79,EAST,4.8,12.9,1020.05,0,0,0,0,,
2021-04-14,05:45,7.3,3.3,78,EAST,1.6,8,1020.01,0,0,0,0,,
2021-04-14,06:00,7.1,3.3,79,EAST,3.2,6.4,1020.01,0,0,0,0,,
2021-04-14,06:15,7.2,3.9,79,EAST,1.6,6.4,1019.91,0,0,0,0,,
2021-04-14,06:30,7.1,3.3,79,EAST,4.8,6.4,1019.98,0,0,0,0,,
2021-04-14,06:45,6.8,3.3,79,EAST,6.4,11.3,1019.98,0,0,0,0,,
2021-04-14,07:00,6.7,3.3,80,EAST,1.6,12.9,1020.25,0,0,0,12,,
2021-04-14,07:15,6.9,3.3,78,EAST,1.6,3.2,1020.12,0,0,0,25,,
2021-04-14,07:30,7.2,3.3,78,NORTH,0,4.8,1020.45,0,0,0,21,,
2021-04-14,07:45,6.7,3.3,80,NORTH,0,3.2,1020.69,0,0,0,125,,
2021-04-14,08:00,7.5,3.9,78,EAST,3.2,4.8,1020.66,0,0,0,202,,
2021-04-14,08:15,8.8,4.4,75,NORTH,0,4.8,1020.79,0,0,0,269,,
2021-04-14,08:30,9,4.4,75,EAST,1.6,3.2,1020.73,0,0,1,218,,
2021-04-14,08:45,10.2,5,72,EAST,3.2,6.4,1020.76,0,0,1,279,,
2021-04-14,09:00,10.4,5,70,EAST,4.8,9.7,1020.59,0,0,1,309,,
2021-04-14,09:15,10.6,5,69,ENE,4.8,9.7,1020.73,0,0,1,302,,
2021-04-14,09:30,11.3,5,66,EAST,6.4,12.9,1020.83,0,0,2,455,,
2021-04-14,09:45,11.6,5.6,67,ESE,6.4,14.5,1020.83,0,0,2,432,,
2021-04-14,10:00,11.8,5.6,65,SE,11.3,16.1,1020.73,0,0,2,531,,
2021-04-14,10:15,12.2,5.6,64,ESE,9.7,22.5,1020.69,0,0,3,633,,
2021-04-14,10:30,12.3,5.6,65,ESE,9.7,16.1,1020.73,0,0,3,675,,
2021-04-14,10:45,12.4,5.6,63,SE,6.4,22.5,1020.59,0,0,3,717,,
2021-04-14,11:00,12.9,5,60,SE,6.4,20.9,1020.59,0,0,4,752,,
2021-04-14,11:15,13.8,5.6,58,ESE,8,22.5,1020.45,0,0,4,775,,
2021-04-14,11:30,13.9,5.6,57,EAST,16.1,22.5,1020.49,0,0,4,795,,
2021-04-14,11:45,13.9,5,56,ESE,3.2,25.7,1020.49,0,0,4,838,,
2021-04-14,12:00,14.4,4.4,52,NNE,9.7,16.1,1020.56,0,0,5,858,,
2021-04-14,12:15,14.6,4.4,51,NNE,4.8,17.7,1020.39,0,0,5,895,,
2021-04-14,12:30,14.7,6.1,56,SE,6.4,22.5,1020.18,0,0,5,884,,
2021-04-14,12:45,14.4,6.1,58,SSE,8,24.1,1020.18,0,0,4,935,,
2021-04-14,13:00,14.7,6.1,56,SOUTH,8,22.5,1019.91,0,0,5,911,,
2021-04-14,13:15,15.6,7.2,58,SSE,12.9,22.5,1019.71,0,0,6,930,,
2021-04-14,13:30,14.6,6.1,57,SSE,8,19.3,1019.44,0,0,6,944,,
2021-04-14,13:45,15.2,6.1,55,SE,16.1,17.7,1019.4,0,0,5,891,,
2021-04-14,14:00,15.1,5.6,53,ESE,8,22.5,1019.51,0,0,5,898,,
2021-04-14,14:15,15.9,4.4,46,SE,12.9,19.3,1019.51,0,0,5,881,,
2021-04-14,14:30,15.9,4.4,48,WSW,3.2,17.7,1019.24,0,0,5,865,,
2021-04-14,14:45,16.2,4.4,46,WSW,1.6,14.5,1019.27,0,0,5,837,,
2021-04-14,15:00,16.7,4.4,45,SOUTH,1.6,16.1,1019.2,0,0,5,853,,
2021-04-14,15:15,16.2,3.3,43,WNW,8,16.1,1019.17,0,0,5,819,,
2021-04-14,15:30,16.2,4.4,47,SOUTH,6.4,14.5,1019.1,0,0,4,773,,
2021-04-14,15:45,16.3,4.4,46,SE,8,17.7,1019.13,0,0,3,362,,
2021-04-14,16:00,16.1,5,48,SE,3.2,19.3,1018.76,0,0,2,327,,
2021-04-14,16:15,15.4,5.6,53,WEST,11.3,16.1,1018.83,0,0,1,197,,
2021-04-14,16:30,14.9,7.8,63,WEST,9.7,17.7,1018.46,0,0,2,262,,
2021-04-14,16:45,14.7,7.8,64,WNW,11.3,22.5,1018.56,0,0,2,197,,
2021-04-14,17:00,14.9,7.8,64,WEST,9.7,20.9,1018.63,0,0,1,171,,
2021-04-14,17:15,14.8,8.3,66,WEST,9.7,24.1,1018.49,0,0,2,443,,
2021-04-14,17:30,14.8,8.3,65,WNW,17.7,19.3,1018.56,0,0,1,446,,
2021-04-14,17:45,14.1,7.8,67,WEST,4.8,30.6,1018.66,0,0,1,343,,
2021-04-14,18:00,13.8,7.8,68,SW,3.2,29,1018.66,0,0,1,304,,
2021-04-14,18:15,13.4,7.8,69,WEST,17.7,29,1018.96,0,0,1,227,,
2021-04-14,18:30,13.1,7.8,70,WEST,22.5,25.7,1019.07,0,0,0,109,,
2021-04-14,18:45,12.6,7.8,73,WEST,9.7,24.1,1019.03,0,0,0,76,,
2021-04-14,19:00,12.4,7.8,73,WNW,16.1,22.5,1019.13,0,0,0,107,,
2021-04-14,19:15,12.3,7.8,74,WEST,12.9,24.1,1019.17,0,0,0,32,,
2021-04-14,19:30,11.9,7.2,75,WNW,12.9,25.7,1019.34,0,0,0,25,,
2021-04-14,19:45,11.8,7.2,75,WNW,16.1,19.3,1019.34,0,0,0,9,,
2021-04-14,20:00,11.7,7.2,76,WNW,9.7,20.9,1019.37,0,0,0,0,,
2021-04-14,20:15,11.5,7.2,76,WEST,9.7,19.3,1019.47,0,0,0,0,,
2021-04-14,20:30,11.5,7.2,76,WNW,11.3,17.7,1019.74,0,0,0,0,,
2021-04-14,20:45,11.4,7.2,76,WNW,8,16.1,1019.71,0,0,0,0,,
2021-04-14,21:00,11.3,7.2,77,WNW,4.8,17.7,1020.05,0,0,0,0,,
2021-04-14,21:15,10.9,7.2,78,NORTH,0,3.2,1020.15,0,0,0,0,,
2021-04-14,21:30,10.2,6.7,80,WNW,1.6,4.8,1020.29,0,0,0,0,,
2021-04-14,21:45,9.5,6.7,82,WNW,1.6,1.6,1020.29,0,0,0,0,,
2021-04-14,22:00,8.8,6.1,84,WNW,3.2,3.2,1020.35,0,0,0,0,,
2021-04-14,22:15,8.9,6.7,86,WNW,1.6,3.2,1020.39,0,0,0,0,,
2021-04-14,22:30,8.6,6.1,86,NORTH,0,4.8,1020.29,0,0,0,0,,
2021-04-14,22:45,8.6,6.1,86,SW,1.6,3.2,1020.35,0,0,0,0,,
2021-04-14,23:00,8.3,6.1,87,SW,1.6,3.2,1020.22,0,0,0,0,,
2021-04-14,23:15,8.5,6.1,87,NORTH,0,3.2,1020.22,0,0,0,0,,
2021-04-14,23:30,8.7,6.7,87,SW,3.2,3.2,1020.25,0,0,0,0,,
2021-04-14,23:45,8.9,6.7,87,SOUTH,3.2,3.2,1020.22,0,0,0,0,,
2021-04-14,OVR,,,,,,,,,,,,gustmax,30.6
2021-04-14,OVR,,,,,,,,,,,,rainrate_max,0
2021-04-14,OVR,,,,,,,,,,,,rain_total_mm,0
2021-04-14,OVR,,,,,,,,,,,,tmax,16.9
2021-04-14,OVR,,,,,,,,,,,,tmin,6.4
2021-04-14,OVR,,,,,,,,,,,,wind_dir_mean_deg,346
2021-04-15,00:00,9.3,7.2,87,SOUTH,1.6,3.2,1020.08,0,0,0,0,,
2021-04-15,00:15,9.3,6.7,86,SOUTH,1.6,3.2,1020.05,0,0,0,0,,
2021-04-15,00:30,9.7,7.2,84,ESE,3.2,4.8,1020.12,0,0,0,0,,
2021-04-15,00:45,9.6,6.7,84,ESE,1.6,4.8,1020.29,0,0,0,0,,
2021-04-15,01:00,9.5,6.7,83,ESE,1.6,3.2,1020.05,0,0,0,0,,
2021-04-15,01:15,9.3,6.1,83,ESE,3.2,4.8,1019.98,0,0,0,0,,
2021-04-15,01:30,9.2,6.1,82,ESE,4.8,6.4,1019.88,0,0,0,0,,
2021-04-15,01:45,9.2,6.1,82,ESE,3.2,6.4,1019.81,0,0,0,0,,
2021-04-15,02:00,8.9,5.6,82,ESE,1.6,4.8,1019.61,0,0,0,0,,
2021-04-15,02:15,9,5.6,81,ESE,3.2,4.8,1019.54,0,0,0,0,,
2021-04-15,02:30,8.8,5.6,81,ESE,4.8,4.8,1019.2,0,0,0,0,,
2021-04-15,02:45,8.9,5.6,82,ESE,3.2,4.8,1018.86,0,0,0,0,,
2021-04-15,03:00,9.2,6.1,81,ESE,1.6,4.8,1018.8,0,0,0,0,,
2021-04-15,03:15,9.3,6.1,82,ESE,1.6,4.8,1018.63,0,0,0,0,,
2021-04-15,03:30,9.2,6.1,82,ESE,1.6,3.2,1018.9,0,0,0,0,,
2021-04-15,03:45,8.9,5.6,82,ESE,3.2,4.8,1018.73,0,0,0,0,,
2021-04-15,04:00,8.7,5.6,82,ESE,3.2,4.8,1018.8,0,0,0,0,,
2021-04-15,04:15,8.7,5.6,83,ESE,1.6,4.8,1018.63,0,0,0,0,,
2021-04-15,04:30,8.6,5.6,83,ESE,1.6,3.2,1018.46,0,0,0,0,,
2021-04-15,04:45,8.2,5,83,ESE,1.6,3.2,1018.42,0,0,0,0,,
2021-04-15,05:00,8,5,83,ESE,1.6,6.4,1018.35,0,0,0,0,,
2021-04-15,05:15,8.6,5.6,82,ESE,3.2,4.8,1018.19,0,0,0,0,,
2021-04-15,05:30,8.4,5.6,83,ESE,1.6,4.8,1018.15,0,0,0,0,,
2021-04-15,05:45,8.3,5.6,85,ESE,3.2,4.8,1018.19,0,0,0,0,,
2021-04-15,06:00,8.6,5.6,82,NORTH,0,4.8,1018.08,0,0,0,0,,
2021-04-15,06:15,8.1,5.6,84,ESE,1.6,4.8,1017.95,0,0,0,0,,
2021-04-15,06:30,8.1,5.6,85,ESE,4.8,4.8,1017.88,0,0,0,0,,
2021-04-15,06:45,8.6,5.6,84,ESE,3.2,4.8,1017.95,0,0,0,0,,
2021-04-15,07:00,8,5.6,85,EAST,3.2,6.4,1017.98,0,0,0,19,,
2021-04-15,07:15,8.7,5.6,82,ESE,4.8,9.7,1017.91,0,0,0,32,,
2021-04-15,07:30,9.4,5.6,79,ESE,4.8,9.7,1017.98,0,0,0,44,,
2021-04-15,07:45,9.8,6.1,78,SE,4.8,11.3,1018.05,0,0,0,120,,
2021-04-15,08:00,10.4,6.1,76,ESE,4.8,12.9,1018.08,0,0,0,137,,
2021-04-15,08:15,10.2,6.1,77,ESE,3.2,6.4,1018.12,0,0,0,98,,
2021-04-15,08:30,10,6.1,78,ESE,4.8,9.7,1018.29,0,0,1,236,,
2021-04-15,08:45,10.3,6.1,77,ESE,3.2,9.7,1018.29,0,0,1,267,,
2021-04-15,09:00,10.5,6.1,76,ENE,6.4,11.3,1018.19,0,0,1,316,,
2021-04-15,09:15,10.8,6.1,73,ENE,6.4,14.5,1018.19,0,0,1,294,,
2021-04-15,09:30,11.2,5.6,69,ESE,9.7,14.5,1018.25,0,0,2,450,,
2021-04-15,09:45,11.6,5.6,67,EAST,11.3,14.5,1018.39,0,0,2,441,,
2021-04-15,10:00,11.9,5.6,66,EAST,9.7,16.1,1018.42,0,0,2,526,,
2021-04-15,10:15,12.3,5.6,65,EAST,11.3,14.5,1018.39,0,0,3,631,,
2021-04-15,10:30,12.8,6.1,64,EAST,1.6,12.9,1018.46,0,0,3,682,,
2021-04-15,10:45,13.1,6.1,64,ESE,4.8,11.3,1018.63,0,0,3,710,,
2021-04-15,11:00,13.7,6.7,63,NE,8,11.3,1018.83,0,0,4,828,,
2021-04-15,11:15,14.1,6.7,61,EAST,4.8,11.3,1018.63,0,0,4,705,,
2021-04-15,11:30,13.6,6.1,61,EAST,9.7,14.5,1018.49,0,0,3,415,,
2021-04-15,11:45,14.7,6.7,58,NNE,6.4,12.9,1018.46,0,0,5,930,,
2021-04-15,12:00,13.8,5.6,58,SE,4.8,14.5,1018.39,0,0,3,278,,
2021-04-15,12:15,14.3,6.1,58,EAST,6.4,11.3,1018.56,0,0,3,267,,
2021-04-15,12:30,15.1,6.7,58,,9.7,14.5,1018.42,0,0,5,1071,,
2021-04-15,12:45,14.6,5.6,54,WNW,12.9,12.9,1018.19,0,0,3,316,,
2021-04-15,13:00,14.9,5.6,54,NNE,4.8,8,1017.95,0,0,3,290,,
2021-04-15,13:15,14.8,5.6,55,ENE,3.2,4.8,1017.71,0,0,4,703,,
2021-04-15,13:30,14.9,5.6,54,EAST,6.4,9.7,1017.71,0,0,2,308,,
2021-04-15,13:45,14.9,5,53,ESE,3.2,12.9,1017.58,0,0,5,854,,
2021-04-15,14:00,15.6,6.1,53,SE,3.2,16.1,1017.51,0,0,5,981,,
2021-04-15,14:15,16.2,6.1,52,ESE,11.3,14.5,1017.27,0,0,6,1004,,
2021-04-15,14:30,16.8,5,45,ESE,6.4,11.3,1017.1,0,0,3,977,,
2021-04-15,14:45,16.7,5.6,48,SE,4.8,12.9,1016.97,0,0,4,633,,
2021-04-15,15:00,16.1,4.4,47,SE,1.6,16.1,1016.76,0,0,5,661,,
2021-04-15,15:15,16.7,5,47,SSE,9.7,19.3,1016.63,0,0,4,795,,
2021-04-15,15:30,16.7,5,47,SSE,14.5,20.9,1016.12,0,0,4,814,,
2021-04-15,15:45,17.1,5.6,48,SE,16.1,20.9,1015.82,0,0,3,564,,
2021-04-15,16:00,16.4,6.1,52,SE,8,19.3,1015.68,0,0,3,731,,
2021-04-15,16:15,16.2,5,48,SE,14.5,27.4,1015.65,0,0,2,425,,
2021-04-15,16:30,16.3,6.1,50,SE,6.4,24.1,1015.68,0,0,3,626,,
2021-04-15,16:45,15.9,6.7,55,SSE,17.7,25.7,1015.54,0,0,2,274,,
2021-04-15,17:00,15.8,7.2,56,SE,11.3,27.4,1015.51,0,0,2,425,,
2021-04-15,17:15,15.7,6.7,56,ESE,12.9,20.9,1015.41,0,0,1,285,,
2021-04-15,17:30,15.1,7.2,60,ESE,12.9,20.9,1015.51,0,0,1,236,,
2021-04-15,17:45,14.6,7.2,62,SOUTH,9.7,27.4,1015.58,0,0,1,278,,
2021-04-15,18:00,14.1,7.2,65,SE,14.5,24.1,1015.48,0,0,0,158,,
2021-04-15,18:15,13.6,7.2,66,SOUTH,14.5,24.1,1015.61,0,0,0,102,,
2021-04-15,18:30,13.1,7.2,68,SE,6.4,22.5,1015.54,0,0,0,69,,
2021-04-15,18:45,12.7,6.7,68,SE,14.5,20.9,1015.41,0,0,0,39,,
2021-04-15,19:00,12.6,6.7,69,SSE,8,20.9,1015.54,0,0,0,30,,
2021-04-15,19:15,12.3,6.7,70,SE,4.8,14.5,1015.61,0,0,0,25,,
2021-04-15,19:30,12.1,6.7,70,SSE,4.8,17.7,1015.85,0,0,0,9,,
2021-04-15,19:45,11.9,6.7,70,SSE,11.3,16.1,1015.78,0,0,0,9,,
2021-04-15,20:00,11.7,6.7,72,ESE,6.4,11.3,1015.92,0,0,0,0,,
2021-04-15,20:15,11.6,6.7,73,SE,8,16.1,1016.05,0,0,0,0,,
2021-04-15,20:30,11.4,6.7,75,SE,4.8,11.3,1016.02,0,0,0,0,,
2021-04-15,20:45,11.6,7.2,75,SSE,4.8,11.3,1016.39,0,0,0,0,,
2021-04-15,21:00,11.4,7.2,76,ESE,4.8,11.3,1016.22,0,0,0,0,,
2021-04-15,21:15,11.3,7.2,77,ESE,4.8,11.3,1016.53,0,0,0,0,,
2021-04-15,21:30,11.2,5,67,EAST,3.2,11.3,1016.63,0,0,0,0,,
2021-04-15,21:45,10.9,4.4,65,ESE,3.2,14.5,1016.32,0,0,0,0,,
2021-04-15,22:00,10.9,5,67,ESE,4.8,19.3,1016.46,0,0,0,0,,
2021-04-15,22:15,10.8,5,68,ENE,6.4,14.5,1016.22,0,0,0,0,,
2021-04-15,22:30,10.6,5,69,ESE,4.8,16.1,1016.63,0,0,0,0,,
2021-04-15,22:45,10.6,5,69,EAST,4.8,14.5,1016.22,0,0,0,0,,
2021-04-15,23:00,10.6,5.6,71,ENE,8,14.5,1016.15,0,0,0,0,,
2021-04-15,23:15,10.5,5.6,72,EAST,6.4,14.5,1015.88,0,0,0,0,,
2021-04-15,23:30,10.4,5.6,73,NE,11.3,12.9,1015.95,0,0,0,0,,
2021-04-15,23:45,10.4,5.6,72,ENE,6.4,16.1,1015.95,0,0,0,0,,
2021-04-15,OVR,,,,,,,,,,,,gustmax,27.4
2021-04-15,OVR,,,,,,,,,,,,rainrate_max,0
2021-04-15,OVR,,,,,,,,,,,,rain_total_mm,0
2021-04-15,OVR,,,,,,,,,,,,tmax,17.1
2021-04-15,OVR,,,,,,,,,,,,tmin,7.9
2021-04-15,OVR,,,,,,,,,,,,wind_dir_mean_deg,115
2021-04-16,00:00,10.3,5.6,73,ENE,9.7,12.9,1015.78,0,0,0,0,,
2021-04-16,00:15,10.3,5.6,72,ENE,6.4,16.1,1015.48,0,0,0,0,,
2021-04-16,00:30,10.3,5.6,72,ENE,11.3,17.7,1015.75,0,0,0,0,,
2021-04-16,00:45,10.3,5.6,73,NNE,6.4,17.7,1015.61,0,0,0,0,,
2021-04-16,01:00,10.3,5.6,72,ENE,11.3,17.7,1015.48,0,0,0,0,,
2021-04-16,01:15,10.4,5.6,73,NE,9.7,17.7,1015.34,0,0,0,0,,
2021-04-16,01:30,10.4,5.6,73,ENE,12.9,17.7,1015.41,0,0,0,0,,
2021-04-16,01:45,10.3,5.6,74,ENE,12.9,14.5,1015.04,0,0,0,0,,
2021-04-16,02:00,10.4,5.6,73,ESE,9.7,17.7,1015.04,0,0,0,0,,
2021-04-16,02:15,10.6,5.6,72,EAST,6.4,16.1,1014.83,0,0,0,0,,
2021-04-16,02:30,10.6,5.6,72,EAST,6.4,16.1,1014.53,0,0,0,0,,
2021-04-16,02:45,10.4,5.6,73,EAST,6.4,12.9,1014.43,0,0,0,0,,
2021-04-16,03:00,10.4,6.1,74,EAST,4.8,12.9,1014.09,0,0,0,0,,
2021-04-16,03:15,10.5,6.1,74,ENE,8,12.9,1013.72,0,0,0,0,,
2021-04-16,03:30,10.6,6.1,74,ENE,3.2,17.7,1013.51,0,0,0,0,,
2021-04-16,03:45,10.5,6.1,74,ENE,8,14.5,1013.41,0,0,0,0,,
2021-04-16,04:00,10.6,6.1,75,EAST,6.4,11.3,1013.51,0,0,0,0,,
2021-04-16,04:15,10.6,6.1,75,ENE,6.4,9.7,1013.55,0,0,0,0,,
2021-04-16,04:30,10.7,6.1,75,EAST,6.4,12.9,1013.68,0,0,0,0,,
2021-04-16,04:45,10.6,6.1,76,EAST,4.8,12.9,1013.58,0,0,0,0,,
2021-04-16,05:00,10.8,6.7,75,ENE,6.4,14.5,1013.41,0,0,0,0,,
2021-04-16,05:15,10.7,6.7,76,ESE,6.4,12.9,1013.21,0,0,0,0,,
2021-04-16,05:30,10.4,6.7,77,EAST,6.4,12.9,1012.73,0,0,0,0,,
2021-04-16,05:45,10.2,6.7,79,ENE,6.4,11.3,1012.6,0,0,0,0,,
2021-04-16,06:00,10.1,6.7,79,ENE,4.8,12.9,1012.6,0,0,0,0,,
2021-04-16,06:15,9.6,6.1,79,NNE,1.6,6.4,1012.67,0,0,0,0,,
2021-04-16,06:30,9.8,6.1,79,ENE,6.4,8,1012.67,0,0,0,0,,
2021-04-16,06:45,10.3,6.7,79,ENE,8,11.3,1012.8,0,0,0,0,,
2021-04-16,07:00,10.4,6.7,79,EAST,11.3,11.3,1012.8,0,0,0,0,,
2021-04-16,07:15,10.5,6.7,78,EAST,6.4,11.3,1013,0,0,0,0,,
2021-04-16,07:30,10.6,6.7,78,EAST,8,11.3,1013.24,0,0,0,0,,
2021-04-16,07:45,10.2,7.2,82,ESE,1.6,11.3,1013.38,0,0,0,7,,
2021-04-16,08:00,9.8,7.2,85,ESE,3.2,4.8,1013.51,0,0,0,7,,
2021-04-16,08:15,9.7,7.8,88,ESE,1.6,4.8,1013.68,0.25,0.25,0,7,,
2021-04-16,08:30,9.4,7.8,89,SE,3.2,6.4,1013.48,0.51,0.51,0,19,,
2021-04-16,08:45,9.5,7.8,89,SE,3.2,8,1013.55,0.51,0.51,0,33,,
2021-04-16,09:00,9.6,7.8,90,SE,3.2,6.4,1013.41,0.51,0.51,0,35,,
2021-04-16,09:15,9.5,7.8,91,ESE,6.4,8,1013.58,0.51,0.51,0,42,,
2021-04-16,09:30,9.4,7.8,92,SE,3.2,8,1013.34,1.02,0.51,0,67,,
2021-04-16,09:45,9.4,8.3,93,SSE,4.8,9.7,1013.44,1.52,1.02,0,81,,
2021-04-16,10:00,9.3,8.3,93,SSE,1.6,11.3,1013.55,1.78,1.52,0,74,,
2021-04-16,10:15,9.3,8.3,93,SE,6.4,12.9,1013.51,2.03,1.52,0,98,,
2021-04-16,10:30,9.3,8.3,93,ESE,14.5,17.7,1013.38,2.03,1.02,0,102,,
2021-04-16,10:45,9.3,8.3,93,SE,11.3,20.9,1013.48,2.29,0.76,1,116,,
2021-04-16,11:00,9.4,8.3,93,ESE,6.4,22.5,1013.44,2.54,0.76,1,104,,
2021-04-16,11:15,9.4,7.8,91,ESE,4.8,14.5,1013.34,2.79,0.76,1,107,,
2021-04-16,11:30,9.6,7.8,91,ENE,3.2,9.7,1013.44,3.3,1.27,1,153,,
2021-04-16,11:45,9.7,7.8,91,ESE,3.2,12.9,1013.41,3.3,1.27,1,165,,
2021-04-16,12:00,10.1,8.3,92,EAST,3.2,9.7,1013.48,3.56,1.02,2,243,,
2021-04-16,12:15,10.2,8.9,92,ESE,3.2,8,1013.17,4.06,1.27,2,281,,
2021-04-16,12:30,10.4,8.9,91,ESE,6.4,6.4,1013.11,4.06,0.76,2,258,,
2021-04-16,12:45,10.7,9.4,92,NORTH,0,4.8,1013.14,4.32,1.02,1,100,,
2021-04-16,13:00,10.3,8.9,92,NORTH,0,8,1013.11,5.08,1.52,1,121,,
2021-04-16,13:15,10.6,8.9,91,,1.6,6.4,1013,6.1,2.03,2,274,,
2021-04-16,13:30,10.6,8.9,92,,3.2,8,1012.94,6.1,2.29,1,149,,
2021-04-16,13:45,10.8,9.4,91,NNW,4.8,6.4,1012.8,6.6,2.29,2,271,,
2021-04-16,14:00,10.8,8.9,90,NNW,9.7,14.5,1012.9,6.86,1.52,1,134,,
2021-04-16,14:15,10.7,8.9,90,EAST,9.7,16.1,1012.9,7.11,1.02,2,251,,
2021-04-16,14:30,10.7,8.9,90,EAST,3.2,19.3,1013,7.11,0.76,2,267,,
2021-04-16,14:45,10.6,8.9,90,ENE,8,17.7,1012.84,7.11,0.51,1,225,,
2021-04-16,15:00,10.7,8.9,89,ENE,11.3,16.1,1012.97,7.62,0.76,1,197,,
2021-04-16,15:15,10.4,8.3,89,ENE,12.9,17.7,1013.04,7.87,0.76,1,155,,
2021-04-16,15:30,10.3,8.3,88,ENE,14.5,19.3,1012.87,7.87,1.02,0,88,,
2021-04-16,15:45,10.1,8.3,89,EAST,9.7,17.7,1012.84,8.13,1.02,1,171,,
2021-04-16,16:00,10,7.8,88,ENE,12.9,20.9,1012.77,8.38,0.76,1,116,,
2021-04-16,16:15,9.9,8.3,89,ENE,8,17.7,1012.77,8.64,0.76,0,86,,
2021-04-16,16:30,9.8,8.3,90,EAST,3.2,14.5,1012.73,8.64,0.51,0,88,,
2021-04-16,16:45,9.7,7.8,88,ENE,12.9,20.9,1012.5,8.89,0.51,0,86,,
2021-04-16,17:00,9.7,7.8,88,EAST,6.4,19.3,1012.77,8.89,0.51,0,67,,
2021-04-16,17:15,9.6,7.2,86,ENE,8,19.3,1012.84,9.4,0.76,0,65,,
2021-04-16,17:30,9.6,7.2,86,EAST,11.3,17.7,1012.73,9.65,1.02,0,63,,
2021-04-16,17:45,9.4,7.2,86,NE,3.2,16.1,1012.84,9.65,0.76,0,58,,
2021-04-16,18:00,9.3,6.7,84,EAST,11.3,19.3,1012.9,9.91,0.76,0,44,,
2021-04-16,18:15,9.2,6.7,84,NE,8,17.7,1012.94,9.91,0.51,0,54,,
2021-04-16,18:30,9,6.7,85,ENE,12.9,19.3,1013.04,9.91,0.51,0,58,,
2021-04-16,18:45,8.9,6.7,86,EAST,3.2,14.5,1013,10.16,0.51,0,53,,
2021-04-16,19:00,8.8,6.7,87,NORTH,3.2,12.9,1013.04,10.16,0.51,0,47,,
2021-04-16,19:15,8.8,6.7,89,NNW,1.6,6.4,1013.07,10.41,0.51,0,19,,
2021-04-16,19:30,8.8,7.2,90,,8,8,1013.21,10.67,0.51,0,11,,
2021-04-16,19:45,8.7,6.7,90,NORTH,4.8,12.9,1013.07,10.67,0.51,0,7,,
2021-04-16,20:00,8.6,6.7,89,NNE,3.2,11.3,1013.14,10.92,0.51,0,0,,
2021-04-16,20:15,8.5,6.1,88,NNW,6.4,12.9,1013.21,10.92,0.51,0,0,,
2021-04-16,20:30,8.5,6.1,87,,1.6,8,1013.38,10.92,0.51,0,0,,
2021-04-16,20:45,8.4,6.1,87,NORTH,1.6,8,1013.44,10.92,0.51,0,0,,
2021-04-16,21:00,8.4,6.1,88,NORTH,1.6,4.8,1013.68,11.18,0.51,0,0,,
2021-04-16,21:15,8.3,6.1,88,NORTH,0,3.2,1013.95,11.43,0.51,0,0,,
2021-04-16,21:30,8.4,6.7,90,NORTH,0,1.6,1014.22,11.68,0.51,0,0,,
2021-04-16,21:45,7.9,6.1,91,NORTH,0,3.2,1014.16,11.68,0.51,0,0,,
2021-04-16,22:00,8.1,6.7,92,NORTH,0,3.2,1014.29,11.68,0.51,0,0,,
2021-04-16,22:15,8,6.7,93,NORTH,0,1.6,1014.33,11.94,0.51,0,0,,
2021-04-16,22:30,7.9,6.7,93,NORTH,0,1.6,1014.46,12.19,0.51,0,0,,
2021-04-16,22:45,7.9,6.7,93,NNE,1.6,1.6,1014.53,12.45,0.76,0,0,,
2021-04-16,23:00,8.1,6.7,93,NORTH,0,0,1014.46,12.7,0.76,0,0,,
2021-04-16,23:15,7.9,6.7,94,NORTH,0,1.6,1014.29,12.7,0.76,0,0,,
2021-04-16,23:30,7.9,6.7,94,NORTH,0,1.6,1014.33,12.95,0.76,0,0,,
2021-04-16,23:45,8,6.7,94,NORTH,0,1.6,1014.16,13.21,0.76,0,0,,
2021-04-16,OVR,,,,,,,,,,,,gustmax,22.5
2021-04-16,OVR,,,,,,,,,,,,rainrate_max,8.6
2021-04-16,OVR,,,,,,,,,,,,rain_total_mm,13.4
2021-04-16,OVR,,,,,,,,,,,,tmax,11
2021-04-16,OVR,,,,,,,,,,,,tmin,7.8
2021-04-16,OVR,,,,,,,,,,,,wind_dir_mean_deg,78.5
2021-04-17,00:00,8.1,7.2,94,NORTH,0,1.6,1014.26,0,0.76,0,0,,
2021-04-17,00:15,8,7.2,94,NNE,1.6,3.2,1014.19,0.25,0.76,0,0,,
2021-04-17,00:30,8.1,7.2,94,NORTH,0,4.8,1014.09,0.51,0.76,0,0,,
2021-04-17,00:45,7.9,6.7,94,NNW,1.6,6.4,1013.99,0.51,0.76,0,0,,
2021-04-17,01:00,7.9,6.7,94,NNW,4.8,6.4,1013.68,0.51,0.51,0,0,,
2021-04-17,01:15,7.9,7.2,95,NW,1.6,12.9,1013.55,0.76,0.51,0,0,,
2021-04-17,01:30,7.9,7.2,95,NORTH,0,3.2,1013.51,0.76,0.51,0,0,,
2021-04-17,01:45,7.9,7.2,95,NW,1.6,3.2,1013.41,1.02,0.51,0,0,,
2021-04-17,02:00,8,7.2,95,NORTH,0,1.6,1013.31,1.02,0.51,0,0,,
2021-04-17,02:15,8,7.2,95,NORTH,0,3.2,1013.24,1.27,0.51,0,0,,
2021-04-17,02:30,8.2,7.2,95,NORTH,0,3.2,1013.04,1.27,0.51,0,0,,
2021-04-17,02:45,8.2,7.2,95,NORTH,0,3.2,1013.07,1.52,0.51,0,0,,
2021-04-17,03:00,8.1,7.2,95,NW,4.8,6.4,1012.87,1.52,0.51,0,0,,
2021-04-17,03:15,7.9,7.2,95,NW,1.6,6.4,1012.8,1.52,0.51,0,0,,
2021-04-17,03:30,7.8,6.7,95,NW,4.8,8,1012.67,1.78,0.51,0,0,,
2021-04-17,03:45,7.8,7.2,95,NW,4.8,6.4,1012.7,2.03,0.51,0,0,,
2021-04-17,04:00,7.8,7.2,95,NW,4.8,6.4,1012.63,2.29,0.76,0,0,,
2021-04-17,04:15,7.9,7.2,96,NORTH,0,4.8,1012.53,2.29,0.51,0,0,,
2021-04-17,04:30,8,7.2,96,NORTH,0,3.2,1012.26,2.29,0.51,0,0,,
2021-04-17,04:45,7.8,7.2,95,NORTH,0,1.6,1012.26,2.29,0.25,0,0,,
2021-04-17,05:00,7.8,7.2,95,NORTH,0,3.2,1012.12,2.29,0.25,0,0,,
2021-04-17,05:15,7.9,7.2,95,NW,1.6,4.8,1012.09,2.29,0.25,0,0,,
2021-04-17,05:30,7.8,7.2,95,NORTH,0,3.2,1012.06,2.29,0.25,0,0,,
2021-04-17,05:45,7.8,7.2,95,NORTH,0,1.6,1011.92,2.29,0.25,0,0,,
2021-04-17,06:00,7.9,7.2,95,NW,1.6,4.8,1011.99,2.54,0.25,0,0,,
2021-04-17,06:15,7.9,7.2,95,NORTH,0,1.6,1012.12,2.54,0.25,0,0,,
2021-04-17,06:30,7.8,7.2,95,NW,1.6,1.6,1012.12,2.54,0.25,0,0,,
2021-04-17,06:45,7.7,6.7,95,NORTH,0,4.8,1012.09,2.54,0.25,0,0,,
2021-04-17,07:00,7.7,6.7,95,NE,1.6,3.2,1012.26,2.54,0,0,0,,
2021-04-17,07:15,7.8,6.7,94,NE,1.6,3.2,1012.23,2.54,0,0,11,,
2021-04-17,07:30,7.8,6.7,93,NORTH,0,3.2,1012.36,2.79,0.25,0,11,,
2021-04-17,07:45,7.9,6.7,92,NE,3.2,3.2,1012.43,2.79,0.25,0,39,,
2021-04-17,08:00,8.2,6.7,92,NORTH,0,3.2,1012.6,2.79,0.25,0,62,,
2021-04-17,08:15,8.5,7.2,92,NE,1.6,1.6,1012.73,2.79,0.25,0,90,,
2021-04-17,08:30,8.8,7.2,89,NORTH,0,1.6,1012.97,2.79,0,0,32,,
2021-04-17,08:45,8.9,6.7,87,NORTH,0,3.2,1013.07,2.79,0,0,37,,
2021-04-17,09:00,8.8,7.2,91,NORTH,0,1.6,1012.97,2.79,0,0,65,,
2021-04-17,09:15,8.7,7.2,93,NW,4.8,6.4,1013.14,2.79,0,0,109,,
2021-04-17,09:30,8.3,7.2,94,WNW,4.8,12.9,1013.11,2.79,0,0,97,,
2021-04-17,09:45,8.5,7.2,93,WNW,1.6,3.2,1013.04,2.79,0,1,192,,
2021-04-17,10:00,9.4,7.8,91,WNW,3.2,4.8,1013.11,2.79,0,2,287,,
2021-04-17,10:15,9.9,7.8,89,WNW,3.2,12.9,1013.28,2.79,0,2,468,,
2021-04-17,10:30,10.2,7.8,87,WEST,3.2,14.5,1013.31,2.79,0,2,422,,
2021-04-17,10:45,10.5,7.8,86,WEST,6.4,12.9,1013.28,2.79,0,2,527,,
2021-04-17,11:00,10.6,7.8,83,WEST,4.8,17.7,1013.34,2.79,0,2,316,,
2021-04-17,11:15,10.7,7.8,83,WNW,9.7,14.5,1013.28,2.79,0,2,434,,
2021-04-17,11:30,11,7.8,83,WEST,1.6,12.9,1013.44,2.79,0,2,302,,
2021-04-17,11:45,11.4,7.8,80,SSW,1.6,9.7,1013.44,2.79,0,3,413,,
2021-04-17,12:00,11.3,7.8,79,SSW,1.6,11.3,1013.28,2.79,0,2,251,,
2021-04-17,12:15,11.2,7.8,79,WEST,6.4,6.4,1013.24,2.79,0,1,137,,
2021-04-17,12:30,11.2,7.8,80,WNW,11.3,11.3,1013.21,2.79,0,1,241,,
2021-04-17,12:45,11.2,7.2,76,WNW,6.4,12.9,1013.17,2.79,0,2,325,,
2021-04-17,13:00,11.6,7.8,77,SSW,3.2,12.9,1012.9,2.79,0,2,318,,
2021-04-17,13:15,11.3,7.8,81,WNW,17.7,20.9,1013.17,2.79,0,1,207,,
2021-04-17,13:30,10.7,7.8,83,WNW,19.3,30.6,1013.21,2.79,0,1,160,,
2021-04-17,13:45,10.9,7.8,81,WEST,19.3,22.5,1013,2.79,0,1,202,,
2021-04-17,14:00,11.3,7.2,77,WEST,14.5,29,1013,2.79,0,2,283,,
2021-04-17,14:15,11.4,7.2,77,WEST,9.7,25.7,1013,2.79,0,3,547,,
2021-04-17,14:30,11.8,7.2,75,WNW,17.7,32.2,1012.9,2.79,0,4,654,,
2021-04-17,14:45,12.4,7.2,71,WEST,16.1,32.2,1013,2.79,0,4,496,,
2021-04-17,15:00,12.5,7.2,71,WNW,16.1,30.6,1012.73,2.79,0,3,357,,
2021-04-17,15:15,13.1,7.2,68,SW,9.7,30.6,1012.94,2.79,0,4,949,,
2021-04-17,15:30,12.8,7.8,73,WEST,24.1,38.6,1012.9,2.79,0,4,963,,
2021-04-17,15:45,12.9,7.8,71,WEST,19.3,33.8,1012.67,2.79,0,4,812,,
2021-04-17,16:00,12.8,7.2,69,WEST,20.9,41.8,1012.6,2.79,0,3,765,,
2021-04-17,16:15,12.6,7.2,70,WNW,16.1,37,1012.63,2.79,0,3,749,,
2021-04-17,16:30,12.4,6.7,69,WNW,24.1,48.3,1012.53,2.79,0,3,680,,
2021-04-17,16:45,12.4,7.2,70,WEST,19.3,48.3,1012.8,2.79,0,2,533,,
2021-04-17,17:00,11.9,6.1,68,WNW,16.1,45.1,1013.04,2.79,0,2,587,,
2021-04-17,17:15,11.8,6.1,70,WEST,29,45.1,1012.94,2.79,0,2,534,,
2021-04-17,17:30,11.7,6.1,69,WNW,29,43.5,1013.11,2.79,0,1,455,,
2021-04-17,17:45,11.4,6.1,69,WEST,25.7,48.3,1013,2.79,0,1,411,,
2021-04-17,18:00,11.4,5,65,WEST,29,41.8,1013.17,2.79,0,1,388,,
2021-04-17,18:15,11.2,6.1,72,WEST,17.7,41.8,1013.31,2.79,0,1,299,,
2021-04-17,18:30,11.2,6.1,71,NW,22.5,38.6,1013.51,2.79,0,0,221,,
2021-04-17,18:45,11.1,6.1,73,NW,16.1,29,1013.44,2.79,0,0,193,,
2021-04-17,19:00,10.7,6.1,73,WEST,17.7,40.2,1013.51,2.79,0,0,102,,
2021-04-17,19:15,10.3,5.6,73,WEST,17.7,32.2,1013.75,2.79,0,0,23,,
2021-04-17,19:30,9.9,5.6,75,WNW,20.9,22.5,1013.75,2.79,0,0,25,,
2021-04-17,19:45,9.8,5.6,74,WNW,22.5,25.7,1014.02,2.79,0,0,16,,
2021-04-17,20:00,9.5,5,75,WEST,14.5,25.7,1014.02,2.79,0,0,0,,
2021-04-17,20:15,9.3,5,75,WNW,16.1,22.5,1014.26,2.79,0,0,0,,
2021-04-17,20:30,9.2,5,76,WEST,19.3,27.4,1014.36,2.79,0,0,0,,
2021-04-17,20:45,9.1,5,77,WEST,14.5,27.4,1014.56,2.79,0,0,0,,
2021-04-17,21:00,8.8,5,80,WEST,11.3,20.9,1014.83,2.79,0,0,0,,
2021-04-17,21:15,8.5,5,81,WNW,14.5,17.7,1015.07,2.79,0,0,0,,
2021-04-17,21:30,8.4,5,79,WEST,14.5,24.1,1015.14,2.79,0,0,0,,
2021-04-17,21:45,8.3,4.4,78,WNW,8,24.1,1015.14,2.79,0,0,0,,
2021-04-17,22:00,8.2,3.9,77,WNW,3.2,17.7,1015.17,2.79,0,0,0,,
2021-04-17,22:15,7.8,3.9,77,WNW,4.8,14.5,1015.21,2.79,0,0,0,,
2021-04-17,22:30,7.4,3.9,79,NORTH,0,8,1015.48,2.79,0,0,0,,
2021-04-17,22:45,7.9,3.9,77,WNW,6.4,16.1,1015.48,2.79,0,0,0,,
2021-04-17,23:00,7.8,3.9,78,WNW,11.3,14.5,1015.41,2.79,0,0,0,,
2021-04-17,23:15,7.6,3.9,78,NORTH,0,11.3,1015.37,2.79,0,0,0,,
2021-04-17,23:30,6.6,3.3,81,WNW,1.6,3.2,1015.41,2.79,0,0,0,,
2021-04-17,23:45,6.6,3.3,82,NORTH,0,3.2,1015.51,2.79,0,0,0,,
2021-04-17,OVR,,,,,,,,,,,,gustmax,48.3
2021-04-17,OVR,,,,,,,,,,,,rainrate_max,0.8
2021-04-17,OVR,,,,,,,,,,,,rain_total_mm,2.8
2021-04-17,OVR,,,,,,,,,,,,tmax,13.2
2021-04-17,OVR,,,,,,,,,,,,tmin,6.4
2021-04-17,OVR,,,,,,,,,,,,wind_dir_mean_deg,303.4
2021-04-18,00:00,6.4,3.3,82,WNW,1.6,1.6,1015.21,0,0,0,0,,
2021-04-18,00:15,6.2,3.3,83,WNW,1.6,3.2,1015.31,0,0,0,0,,
2021-04-18,00:30,5.7,3.3,84,WNW,1.6,3.2,1015.21,0,0,0,0,,
2021-04-18,00:45,6.1,3.3,84,WNW,3.2,3.2,1015.21,0,0,0,0,,
2021-04-18,01:00,6.2,3.3,83,WNW,1.6,3.2,1015.21,0,0,0,0,,
2021-04-18,01:15,6.6,3.9,82,NORTH,0,3.2,1015.17,0,0,0,0,,
2021-04-18,01:30,7.1,3.9,81,WNW,1.6,1.6,1015.21,0,0,0,0,,
2021-04-18,01:45,7.4,4.4,81,NORTH,0,3.2,1015.14,0,0,0,0,,
2021-04-18,02:00,6.9,4.4,86,WSW,1.6,4.8,1014.87,0,0,0,0,,
2021-04-18,02:15,6.7,4.4,87,WSW,1.6,3.2,1014.73,0,0,0,0,,
2021-04-18,02:30,6.5,4.4,88,SOUTH,1.6,3.2,1014.56,0,0,0,0,,
2021-04-18,02:45,6.4,4.4,89,SOUTH,3.2,3.2,1014.46,0,0,0,0,,
2021-04-18,03:00,6.1,3.9,87,NORTH,0,4.8,1014.36,0,0,0,0,,
2021-04-18,03:15,5.6,3.9,89,SOUTH,1.6,3.2,1014.26,0,0,0,0,,
2021-04-18,03:30,5.8,3.9,89,SOUTH,3.2,3.2,1014.19,0,0,0,0,,
2021-04-18,03:45,5.8,3.9,88,NORTH,0,3.2,1013.95,0,0,0,0,,
2021-04-18,04:00,5.2,3.3,89,SOUTH,3.2,3.2,1013.85,0,0,0,0,,
2021-04-18,04:15,5.2,3.3,90,SOUTH,1.6,4.8,1013.88,0,0,0,0,,
2021-04-18,04:30,5.5,3.3,88,SOUTH,3.2,4.8,1013.88,0,0,0,0,,
2021-04-18,04:45,5.6,3.9,89,SOUTH,6.4,4.8,1013.72,0,0,0,0,,
2021-04-18,05:00,6.2,3.9,87,SE,6.4,11.3,1013.68,0,0,0,0,,
2021-04-18,05:15,6.1,3.9,85,SE,4.8,6.4,1013.55,0,0,0,0,,
2021-04-18,05:30,5.9,3.3,86,SE,4.8,6.4,1013.44,0,0,0,0,,
2021-04-18,05:45,5.9,3.3,85,SE,4.8,6.4,1013.58,0,0,0,0,,
2021-04-18,06:00,5.7,3.3,85,SSE,3.2,6.4,1013.34,0,0,0,0,,
2021-04-18,06:15,5.1,2.8,87,SSE,1.6,3.2,1013.51,0,0,0,0,,
2021-04-18,06:30,5.1,3.3,88,ESE,4.8,9.7,1013.41,0,0,0,0,,
2021-04-18,06:45,6.4,3.9,85,ESE,1.6,6.4,1013.51,0,0,0,0,,
2021-04-18,07:00,5.5,3.9,89,SOUTH,1.6,8,1013.82,0,0,0,9,,
2021-04-18,07:15,5.4,3.9,91,ESE,3.2,6.4,1013.72,0.51,0.51,0,30,,
2021-04-18,07:30,6,4.4,91,ESE,6.4,11.3,1013.51,0.51,0.51,0,98,,
2021-04-18,07:45,6.4,5,90,ESE,6.4,12.9,1013.68,0.51,0.51,0,49,,
2021-04-18,08:00,6.1,4.4,91,ESE,4.8,9.7,1013.68,0.51,0.51,0,93,,
2021-04-18,08:15,6.3,5,91,ESE,4.8,11.3,1013.72,0.51,0.25,0,97,,
2021-04-18,08:30,6.4,5,91,ESE,1.6,6.4,1013.85,0.51,0.25,0,32,,
2021-04-18,08:45,6.2,4.4,91,ESE,4.8,9.7,1013.92,1.27,0.76,0,105,,
2021-04-18,09:00,6.2,4.4,91,SE,4.8,11.3,1013.65,1.52,0.76,0,91,,
2021-04-18,09:15,6.4,5,92,ESE,6.4,11.3,1013.61,1.52,0.76,0,139,,
2021-04-18,09:30,6.9,5,90,ESE,4.8,14.5,1013.75,1.52,1.02,0,127,,
2021-04-18,09:45,6.8,5,90,ESE,6.4,9.7,1013.85,1.78,0.51,0,98,,
2021-04-18,10:00,6.9,5.6,91,ESE,11.3,16.1,1013.88,1.78,0.51,1,221,,
2021-04-18,10:15,7.1,5.6,91,ESE,9.7,12.9,1013.85,1.78,0.51,1,227,,
2021-04-18,10:30,7.6,6.1,90,EAST,4.8,12.9,1014.02,1.78,0.25,2,336,,
2021-04-18,10:45,8.5,6.1,87,ESE,9.7,12.9,1013.75,1.78,0,3,835,,
2021-04-18,11:00,9.3,6.7,86,EAST,1.6,11.3,1013.68,1.78,0,3,886,,
2021-04-18,11:15,9.2,6.7,84,NNW,9.7,16.1,1013.58,1.78,0,3,1048,,
2021-04-18,11:30,9.2,5.6,80,NORTH,1.6,9.7,1013.61,1.78,0,1,204,,
2021-04-18,11:45,8.4,5,80,NW,8,9.7,1013.99,2.03,0.25,0,42,,
2021-04-18,12:00,8.2,6.1,86,WNW,1.6,12.9,1014.09,2.29,0.51,0,26,,
2021-04-18,12:15,6.8,4.4,87,SSE,9.7,17.7,1014.16,3.3,1.52,0,35,,
2021-04-18,12:30,5.9,4.4,91,SE,11.3,16.1,1014.29,4.06,2.29,0,42,,
2021-04-18,12:45,5.8,4.4,90,SE,4.8,12.9,1014.12,4.32,2.29,0,67,,
2021-04-18,13:00,6.6,5,91,ESE,4.8,6.4,1013.95,4.32,2.29,1,216,,
2021-04-18,13:15,6.9,4.4,86,EAST,12.9,16.1,1013.65,4.32,1.02,2,346,,
2021-04-18,13:30,8.2,5,82,ENE,11.3,12.9,1013.68,4.32,0.51,3,563,,
2021-04-18,13:45,8.9,5,76,,8,11.3,1013.75,4.32,0.25,4,861,,
2021-04-18,14:00,8.9,5,76,NNE,4.8,9.7,1013.65,4.32,0,3,457,,
2021-04-18,14:15,9.1,5.6,79,NNW,1.6,14.5,1013.95,4.32,0,5,1032,,
2021-04-18,14:30,9.3,5,75,WNW,14.5,19.3,1013.95,4.32,0,1,218,,
2021-04-18,14:45,7.7,4.4,81,WNW,19.3,30.6,1014.29,4.57,0.25,0,72,,
2021-04-18,15:00,7.4,5,84,WEST,9.7,16.1,1014.36,5.08,0.76,1,139,,
2021-04-18,15:15,7.3,5.6,89,WEST,9.7,25.7,1014.56,5.59,1.27,0,84,,
2021-04-18,15:30,7.2,5.6,91,SOUTH,3.2,6.4,1014.36,5.59,1.27,1,156,,
2021-04-18,15:45,7.7,5.6,88,WNW,11.3,17.7,1014.36,5.59,1.02,2,519,,
2021-04-18,16:00,8.7,6.1,86,WEST,14.5,19.3,1014.22,5.59,0.51,2,404,,
2021-04-18,16:15,7.5,4.4,84,WNW,14.5,49.9,1014.73,6.1,0.51,0,14,,
2021-04-18,16:30,7,5,89,WNW,11.3,16.1,1014.56,6.86,1.27,0,28,,
2021-04-18,16:45,6.4,4.4,89,NW,12.9,33.8,1014.87,7.87,2.29,0,16,,
2021-04-18,17:00,6.6,4.4,89,WNW,16.1,29,1014.7,7.87,2.29,0,81,,
2021-04-18,17:15,6.8,5,88,WNW,11.3,16.1,1014.66,7.87,1.52,0,130,,
2021-04-18,17:30,7.4,5,87,WNW,12.9,19.3,1014.49,7.87,1.27,1,220,,
2021-04-18,17:45,7.9,5.6,85,WNW,17.7,25.7,1014.8,7.87,0.25,1,113,,
2021-04-18,18:00,8.2,5.6,84,WNW,20.9,35.4,1014.87,7.87,0.25,0,104,,
2021-04-18,18:15,8.6,5.6,82,WNW,32.2,37,1015.17,7.87,0,0,118,,
2021-04-18,18:30,9.1,6.7,85,WEST,16.1,24.1,1015.21,7.87,0,0,70,,
2021-04-18,18:45,9.1,5.6,81,WEST,19.3,38.6,1015.48,7.87,0,0,105,,
2021-04-18,19:00,9.2,6.1,84,NW,12.9,22.5,1015.68,7.87,0,0,91,,
2021-04-18,19:15,8.7,6.1,85,NW,9.7,25.7,1015.82,7.87,0,0,42,,
2021-04-18,19:30,8.4,5.6,84,WNW,11.3,24.1,1015.92,7.87,0,0,16,,
2021-04-18,19:45,8.1,5,82,WNW,19.3,25.7,1016.15,7.87,0,0,14,,
2021-04-18,20:00,7.6,5,83,NW,9.7,29,1016.39,7.87,0,0,7,,
2021-04-18,20:15,7.3,5,85,WNW,6.4,20.9,1016.32,7.87,0,0,0,,
2021-04-18,20:30,7.2,5,86,WNW,11.3,19.3,1016.76,7.87,0,0,0,,
2021-04-18,20:45,7.1,5,86,NW,6.4,12.9,1016.86,7.87,0,0,0,,
2021-04-18,21:00,6.9,4.4,87,NW,6.4,12.9,1016.86,7.87,0,0,0,,
2021-04-18,21:15,6.8,4.4,86,NNW,4.8,4.8,1017.14,7.87,0,0,0,,
2021-04-18,21:30,6.6,4.4,88,WNW,4.8,8,1017.34,7.87,0,0,0,,
2021-04-18,21:45,6.3,4.4,88,NW,6.4,11.3,1017.37,7.87,0,0,0,,
2021-04-18,22:00,6.4,4.4,89,WNW,6.4,12.9,1017.37,7.87,0,0,0,,
2021-04-18,22:15,6.9,4.4,86,NW,3.2,17.7,1017.41,7.87,0,0,0,,
2021-04-18,22:30,7.1,5,87,WNW,12.9,22.5,1017.37,7.87,0,0,0,,
2021-04-18,22:45,6.6,4.4,87,,8,16.1,1017.64,7.87,0,0,0,,
2021-04-18,23:00,6.7,4.4,88,WNW,14.5,14.5,1017.54,7.87,0,0,0,,
2021-04-18,23:15,7.3,5,86,WNW,6.4,19.3,1017.78,7.87,0,0,0,,
2021-04-18,23:30,7.1,5,86,NW,6.4,12.9,1017.81,7.87,0,0,0,,
2021-04-18,23:45,7.4,5,85,NW,12.9,19.3,1018.05,7.87,0,0,0,,
2021-04-18,OVR,,,,,,,,,,,,gustmax,49.9
2021-04-18,OVR,,,,,,,,,,,,rainrate_max,11
2021-04-18,OVR,,,,,,,,,,,,rain_total_mm,8
2021-04-18,OVR,,,,,,,,,,,,tmax,9.7
2021-04-18,OVR,,,,,,,,,,,,tmin,5
2021-04-18,OVR,,,,,,,,,,,,wind_dir_mean_deg,299.3
2021-04-19,00:00,7.6,5,85,NW,3.2,20.9,1017.88,0,0,0,0,,
2021-04-19,00:15,7.2,5,87,NW,6.4,14.5,1017.98,0,0,0,0,,
2021-04-19,00:30,6.8,4.4,86,NW,4.8,11.3,1018.02,0,0,0,0,,
2021-04-19,00:45,6.5,4.4,87,NNW,3.2,4.8,1018.02,0,0,0,0,,
2021-04-19,01:00,6.6,4.4,87,NNW,1.6,6.4,1018.05,0,0,0,0,,
2021-04-19,01:15,6.1,3.9,87,NNW,1.6,3.2,1017.71,0,0,0,0,,
2021-04-19,01:30,6.4,4.4,87,NORTH,0,6.4,1017.75,0,0,0,0,,
2021-04-19,01:45,5.9,3.9,88,NW,1.6,4.8,1017.88,0,0,0,0,,
2021-04-19,02:00,5.8,3.9,89,NORTH,0,3.2,1017.75,0,0,0,0,,
2021-04-19,02:15,6.9,5,89,WEST,6.4,11.3,1017.71,0,0,0,0,,
2021-04-19,02:30,7.3,5.6,88,WNW,3.2,8,1017.34,0,0,0,0,,
2021-04-19,02:45,6.6,5,89,WNW,1.6,3.2,1017.34,0,0,0,0,,
2021-04-19,03:00,6.4,5,90,NORTH,0,3.2,1017.2,0,0,0,0,,
2021-04-19,03:15,6.9,5.6,91,WNW,9.7,11.3,1017.31,0,0,0,0,,
2021-04-19,03:30,7.3,5,88,NNW,4.8,20.9,1017.17,0,0,0,0,,
2021-04-19,03:45,6.9,4.4,85,NW,14.5,20.9,1017.37,0,0,0,0,,
2021-04-19,04:00,7.4,3.9,80,NW,8,14.5,1017.2,0,0,0,0,,
2021-04-19,04:15,7.4,3.9,80,WNW,6.4,8,1017.07,0,0,0,0,,
2021-04-19,04:30,8.2,5,81,WNW,4.8,17.7,1017.14,0,0,0,0,,
2021-04-19,04:45,8.2,5,83,WNW,8,14.5,1017.03,0,0,0,0,,
2021-04-19,05:00,7.5,4.4,83,NORTH,0,6.4,1017.1,0,0,0,0,,
2021-04-19,05:15,7.7,5,86,NORTH,0,9.7,1016.93,0,0,0,0,,
2021-04-19,05:30,7.3,5,86,NORTH,0,6.4,1017,0,0,0,0,,
2021-04-19,05:45,6.8,4.4,86,WSW,4.8,1.6,1017.24,0,0,0,0,,
2021-04-19,06:00,7.7,5.6,86,WNW,4.8,12.9,1016.9,0,0,0,0,,
2021-04-19,06:15,7.7,5,85,WNW,3.2,6.4,1016.83,0,0,0,0,,
2021-04-19,06:30,7.2,5,86,NORTH,0,3.2,1017.03,0,0,0,0,,
2021-04-19,06:45,7.1,5,86,WNW,1.6,1.6,1017.37,0,0,0,12,,
2021-04-19,07:00,7.9,5,83,WNW,9.7,12.9,1017.91,0,0,0,9,,
2021-04-19,07:15,7.2,4.4,85,WEST,27.4,48.3,1018.39,0,0,0,0,,
2021-04-19,07:30,6.3,4.4,89,,6.4,20.9,1018.19,1.52,1.52,0,0,,
2021-04-19,07:45,6.2,4.4,89,NORTH,3.2,12.9,1018.12,2.54,2.54,0,12,,
2021-04-19,08:00,6.3,4.4,88,ENE,6.4,9.7,1018.05,3.3,3.3,0,35,,
2021-04-19,08:15,7.2,5,86,NNE,1.6,8,1017.58,3.56,3.56,0,195,,
2021-04-19,08:30,6.8,5,89,SSW,1.6,3.2,1018.39,3.56,2.03,0,18,,
2021-04-19,08:45,6.3,4.4,91,SSE,3.2,8,1018.05,5.33,2.79,0,23,,
2021-04-19,09:00,6.6,5,90,SOUTH,1.6,6.4,1018.15,5.59,2.29,0,19,,
2021-04-19,09:15,6.8,5,91,NORTH,0,6.4,1017.58,6.1,2.54,1,156,,
2021-04-19,09:30,7.7,6.1,91,NORTH,0,1.6,1017.85,6.1,2.54,0,116,,
2021-04-19,09:45,7.6,6.1,91,NORTH,0,4.8,1018.02,6.35,1.02,1,237,,
2021-04-19,10:00,7.2,5.6,92,SSE,3.2,9.7,1018.15,6.35,0.76,0,35,,
2021-04-19,10:15,7.2,6.1,93,NORTH,0,3.2,1018.63,7.87,1.52,0,44,,
2021-04-19,10:30,6.5,5.6,93,SE,3.2,11.3,1018.52,8.89,2.54,1,181,,
2021-04-19,10:45,7.1,6.1,94,ESE,1.6,12.9,1018.25,8.89,2.54,2,285,,
2021-04-19,11:00,7.7,6.1,91,NNE,6.4,8,1018.46,8.89,2.54,1,195,,
2021-04-19,11:15,8,6.1,90,NE,3.2,12.9,1018.42,9.14,1.52,2,320,,
2021-04-19,11:30,8.3,6.1,88,NW,4.8,9.7,1018.8,9.14,0.51,1,120,,
2021-04-19,11:45,7.8,6.1,91,SSE,9.7,12.9,1018.49,10.92,2.03,1,171,,
2021-04-19,12:00,8.3,6.7,92,SSE,9.7,16.1,1018.49,10.92,2.03,2,236,,
2021-04-19,12:15,8.8,7.8,93,SE,4.8,8,1018.73,10.92,1.78,5,1013,,
2021-04-19,12:30,9.4,7.2,88,NORTH,0,9.7,1018.35,10.92,1.78,3,647,,
2021-04-19,12:45,9.7,7.2,86,SSE,3.2,12.9,1018.46,10.92,0,2,343,,
2021-04-19,13:00,9.5,7.8,90,SE,9.7,14.5,1018.42,10.92,0,1,148,,
2021-04-19,13:15,9.1,7.2,90,,9.7,12.9,1018.73,11.94,1.02,0,51,,
2021-04-19,13:30,8.9,7.2,90,NORTH,0,19.3,1018.56,12.7,1.52,3,373,,
2021-04-19,13:45,9.3,7.8,89,NORTH,0,9.7,1018.32,12.7,1.52,2,156,,
2021-04-19,14:00,9.3,7.2,90,SSE,8,16.1,1018.46,12.7,1.52,1,113,,
2021-04-19,14:15,8.9,7.2,90,SSW,1.6,19.3,1018.59,12.7,0.51,1,86,,
2021-04-19,14:30,9.8,8.3,91,WEST,4.8,14.5,1018.39,12.7,0,4,828,,
2021-04-19,14:45,10.8,8.3,87,WSW,8,20.9,1018.35,12.7,0,4,891,,
2021-04-19,15:00,11,7.8,83,WEST,9.7,20.9,1018.19,12.7,0,4,401,,
2021-04-19,15:15,11.1,8.3,84,SSW,4.8,17.7,1018.02,12.7,0,1,151,,
2021-04-19,15:30,12,8.9,83,WEST,16.1,30.6,1018.02,12.7,0,1,183,,
2021-04-19,15:45,11.7,8.3,80,WNW,30.6,48.3,1017.85,12.7,0,1,156,,
2021-04-19,16:00,12.2,8.3,79,WEST,29,41.8,1017.64,12.7,0,2,287,,
2021-04-19,16:15,12.4,8.9,78,WEST,17.7,48.3,1017.54,12.7,0,2,821,,
2021-04-19,16:30,12.6,8.3,76,WEST,38.6,69.2,1017.51,12.7,0,1,288,,
2021-04-19,16:45,13.1,8.3,74,WNW,37,53.1,1017.68,12.7,0,1,744,,
2021-04-19,17:00,12.5,7.2,72,WEST,45.1,59.5,1017.14,12.7,0,2,608,,
2021-04-19,17:15,12.3,7.2,71,WEST,22.5,53.1,1017.34,12.7,0,0,44,,
2021-04-19,17:30,10.8,7.2,80,WEST,11.3,40.2,1017.88,12.7,0,0,26,,
2021-04-19,17:45,10,7.2,85,WEST,29,45.1,1017.75,13.46,0.76,0,33,,
2021-04-19,18:00,9.9,7.8,87,WNW,19.3,38.6,1017.81,13.72,1.02,0,53,,
2021-04-19,18:15,10.2,7.8,87,WNW,22.5,49.9,1017.61,13.72,1.02,0,193,,
2021-04-19,18:30,10.7,8.3,86,WNW,22.5,29,1017.85,13.72,1.02,0,123,,
2021-04-19,18:45,11.3,8.3,84,WNW,17.7,33.8,1017.91,13.72,0.25,0,144,,
2021-04-19,19:00,11.3,8.3,83,WEST,17.7,30.6,1017.81,13.72,0,0,69,,
2021-04-19,19:15,11.1,8.3,84,WNW,11.3,37,1017.88,13.72,0,0,88,,
2021-04-19,19:30,10.9,8.3,85,WEST,20.9,25.7,1017.98,13.72,0,0,39,,
2021-04-19,19:45,10.7,8.3,86,WNW,8,24.1,1017.85,13.72,0,0,16,,
2021-04-19,20:00,10.5,8.3,87,WEST,11.3,17.7,1017.98,13.72,0,0,7,,
2021-04-19,20:15,10.2,8.3,88,WEST,9.7,16.1,1018.02,13.72,0,0,0,,
2021-04-19,20:30,10,7.8,88,WEST,4.8,17.7,1018.25,13.72,0,0,0,,
2021-04-19,20:45,9.8,7.8,89,WNW,4.8,11.3,1018.29,13.72,0,0,0,,
2021-04-19,21:00,9.6,7.8,90,WNW,6.4,6.4,1018.39,13.72,0,0,0,,
2021-04-19,21:15,8.9,7.2,90,NORTH,0,3.2,1018.35,13.72,0,0,0,,
2021-04-19,21:30,8.9,7.2,91,NORTH,0,6.4,1018.52,13.72,0,0,0,,
2021-04-19,21:45,9,7.2,91,WNW,1.6,1.6,1018.8,13.72,0,0,0,,
2021-04-19,22:00,9.2,7.8,92,WNW,1.6,1.6,1018.66,13.72,0,0,0,,
2021-04-19,22:15,8.9,7.2,92,NORTH,0,3.2,1018.52,13.72,0,0,0,,
2021-04-19,22:30,9.1,7.8,92,WNW,1.6,4.8,1018.56,13.97,0.51,0,0,,
2021-04-19,22:45,9.6,7.8,90,NW,3.2,12.9,1018.56,14.22,0.51,0,0,,
2021-04-19,23:00,9.2,7.8,90,NORTH,0,3.2,1018.59,14.22,0.51,0,0,,
2021-04-19,23:15,8.7,7.2,92,SSW,1.6,4.8,1018.59,14.22,0.51,0,0,,
2021-04-19,23:30,9,7.8,92,SSE,4.8,17.7,1018.63,14.22,0.25,0,0,,
2021-04-19,23:45,8.7,7.2,92,SE,3.2,4.8,1018.73,14.22,0,0,0,,
2021-04-19,OVR,,,,,,,,,,,,gustmax,69.2
2021-04-19,OVR,,,,,,,,,,,,rainrate_max,16.2
2021-04-19,OVR,,,,,,,,,,,,rain_total_mm,14.2
2021-04-19,OVR,,,,,,,,,,,,tmax,13.1
2021-04-19,OVR,,,,,,,,,,,,tmin,5.7
2021-04-19,OVR,,,,,,,,,,,,wind_dir_mean_deg,286.8
2021-04-20,00:00,8.6,7.2,93,ESE,3.2,4.8,1018.56,0,0,0,0,,
2021-04-20,00:15,8.7,7.2,93,ESE,3.2,4.8,1018.96,0,0,0,0,,
2021-04-20,00:30,8.7,7.2,92,SE,3.2,6.4,1018.59,0,0,0,0,,
2021-04-20,00:45,8.4,7.2,92,SE,4.8,4.8,1018.56,0,0,0,0,,
2021-04-20,01:00,8.7,7.2,92,SE,3.2,3.2,1018.63,0,0,0,0,,
2021-04-20,01:15,9.2,7.8,91,SSE,1.6,8,1018.66,0,0,0,0,,
2021-04-20,01:30,9.3,7.8,91,SSE,6.4,8,1018.35,0,0,0,0,,
2021-04-20,01:45,9.2,7.8,92,SSE,1.6,6.4,1018.25,0,0,0,0,,
2021-04-20,02:00,8.7,7.2,92,SSE,1.6,3.2,1018.25,0,0,0,0,,
2021-04-20,02:15,8.7,7.2,93,SSE,3.2,3.2,1018.15,0,0,0,0,,
2021-04-20,02:30,8.6,7.2,93,SSE,1.6,6.4,1018.05,0,0,0,0,,
2021-04-20,02:45,8.4,7.2,93,SSE,1.6,3.2,1017.81,0,0,0,0,,
2021-04-20,03:00,8.2,7.2,93,NORTH,0,3.2,1017.78,0,0,0,0,,
2021-04-20,03:15,8.3,7.2,94,NORTH,0,3.2,1017.78,0,0,0,0,,
2021-04-20,03:30,8.6,7.2,94,ESE,3.2,4.8,1017.54,0,0,0,0,,
2021-04-20,03:45,8,6.7,93,ESE,1.6,4.8,1017.51,0,0,0,0,,
2021-04-20,04:00,7.8,6.7,93,ESE,1.6,4.8,1017.41,0,0,0,0,,
2021-04-20,04:15,7.7,6.7,94,ESE,1.6,4.8,1017.54,0,0,0,0,,
2021-04-20,04:30,8.1,6.7,93,SE,3.2,6.4,1017.51,0,0,0,0,,
2021-04-20,04:45,7.9,6.7,93,SE,3.2,4.8,1017.34,0,0,0,0,,
2021-04-20,05:00,7.8,6.7,94,SSE,3.2,4.8,1017.31,0,0,0,0,,
2021-04-20,05:15,8,6.7,94,SSE,3.2,4.8,1017.31,0,0,0,0,,
2021-04-20,05:30,8.1,6.7,93,SSE,3.2,3.2,1017.24,0,0,0,0,,
2021-04-20,05:45,7.8,6.7,93,SSE,3.2,3.2,1017.27,0,0,0,0,,
2021-04-20,06:00,7.5,6.1,93,SSE,3.2,4.8,1017.03,0,0,0,0,,
2021-04-20,06:15,7.7,6.7,94,WSW,4.8,3.2,1017.07,0,0,0,0,,
2021-04-20,06:30,7.2,6.1,94,ESE,3.2,4.8,1016.97,0,0,0,0,,
2021-04-20,06:45,7.2,6.1,94,ESE,1.6,3.2,1017.34,0,0,0,7,,
2021-04-20,07:00,7.8,6.7,94,ESE,1.6,4.8,1017.24,0,0,0,18,,
2021-04-20,07:15,7.9,6.7,94,ESE,1.6,4.8,1017.37,0,0,0,58,,
2021-04-20,07:30,8.8,7.8,94,ESE,1.6,3.2,1017.24,0,0,0,70,,
2021-04-20,07:45,8.7,7.2,93,ESE,3.2,4.8,1017.34,0,0,0,174,,
2021-04-20,08:00,9.2,7.8,93,ESE,3.2,3.2,1017.27,0,0,0,204,,
2021-04-20,08:15,9.8,8.3,92,ESE,1.6,3.2,1017.34,0,0,0,287,,
2021-04-20,08:30,10.3,8.9,91,ESE,3.2,4.8,1017.34,0,0,1,135,,
2021-04-20,08:45,9.7,7.8,90,NORTH,0,6.4,1017.85,0,0,1,323,,
2021-04-20,09:00,10.7,8.9,89,NORTH,0,4.8,1017.78,0,0,1,401,,
2021-04-20,09:15,10.8,8.9,89,SOUTH,1.6,4.8,1017.81,0,0,1,214,,
2021-04-20,09:30,10.7,8.9,88,NORTH,0,4.8,1017.75,0,0,1,95,,
2021-04-20,09:45,10.8,8.9,88,WEST,3.2,6.4,1017.95,0,0,1,179,,
2021-04-20,10:00,11.1,8.9,86,WEST,1.6,3.2,1017.81,0,0,1,232,,
2021-04-20,10:15,11.4,8.3,83,WEST,1.6,4.8,1017.81,0,0,1,232,,
2021-04-20,10:30,11.7,8.3,81,NORTH,0,3.2,1017.78,0,0,2,237,,
2021-04-20,10:45,11.7,8.9,83,WEST,1.6,3.2,1017.95,0,0,2,165,,
2021-04-20,11:00,11.9,8.9,82,WEST,1.6,6.4,1017.95,0,0,2,225,,
2021-04-20,11:15,12.2,8.9,80,NNW,1.6,4.8,1017.91,0,0,3,343,,
2021-04-20,11:30,12.2,8.3,79,NORTH,0,4.8,1017.95,0,0,3,241,,
2021-04-20,11:45,12.4,8.3,77,NORTH,0,4.8,1017.85,0,0,3,281,,
2021-04-20,12:00,13,8.3,75,NNW,4.8,6.4,1017.81,0,0,2,181,,
2021-04-20,12:15,12.8,8.9,77,NORTH,0,6.4,1017.71,0,0,2,185,,
2021-04-20,12:30,13,8.3,75,NORTH,0,4.8,1017.54,0,0,3,225,,
2021-04-20,12:45,13.9,7.8,68,NORTH,0,6.4,1017.27,0,0,6,963,,
2021-04-20,13:00,14.1,8.3,68,ESE,6.4,9.7,1017.31,0,0,3,253,,
2021-04-20,13:15,15.2,8.3,64,SE,3.2,12.9,1017.17,0,0,7,1097,,
2021-04-20,13:30,14.8,8.3,65,NW,8,11.3,1017.14,0,0,3,301,,
2021-04-20,13:45,14.5,7.8,65,NNW,3.2,16.1,1017.03,0,0,3,207,,
2021-04-20,14:00,15.2,7.8,62,,1.6,9.7,1016.86,0,0,3,274,,
2021-04-20,14:15,14.9,7.2,61,NORTH,4.8,4.8,1016.9,0,0,2,186,,
2021-04-20,14:30,14.8,6.7,58,SE,4.8,9.7,1016.83,0,0,3,227,,
2021-04-20,14:45,15.4,7.2,59,NNW,1.6,6.4,1016.59,0,0,3,287,,
2021-04-20,15:00,15.3,7.2,58,,1.6,4.8,1016.42,0,0,2,271,,
2021-04-20,15:15,16.4,6.7,53,SSE,1.6,12.9,1016.36,0,0,5,965,,
2021-04-20,15:30,16.1,7.2,55,SSE,6.4,12.9,1016.32,0,0,4,367,,
2021-04-20,15:45,15.7,6.7,55,SSE,6.4,12.9,1016.02,0,0,2,192,,
2021-04-20,16:00,15.3,6.7,57,ESE,6.4,9.7,1015.98,0,0,2,193,,
2021-04-20,16:15,15.6,7.2,58,NORTH,0,8,1015.88,0,0,1,195,,
2021-04-20,16:30,15.6,7.8,60,WEST,14.5,20.9,1015.85,0,0,3,373,,
2021-04-20,16:45,15.7,8.9,64,WEST,11.3,29,1015.95,0,0,2,513,,
2021-04-20,17:00,15.3,8.3,64,SSW,3.2,19.3,1016.05,0,0,1,113,,
2021-04-20,17:15,14.6,7.8,65,SE,4.8,14.5,1016.32,0,0,0,72,,
2021-04-20,17:30,14.4,7.2,63,SE,4.8,14.5,1016.15,0,0,0,100,,
2021-04-20,17:45,14.7,7.8,65,SOUTH,3.2,16.1,1016.05,0,0,1,185,,
2021-04-20,18:00,15.3,7.8,62,WEST,9.7,12.9,1016.19,0,0,1,334,,
2021-04-20,20:45,10.2,7.2,82,SSE,3.2,8,1017.27,0,0,0,0,,
2021-04-20,21:00,10.4,7.2,83,SE,3.2,6.4,1017.34,0,0,0,0,,
2021-04-20,21:15,10.9,7.8,82,SE,6.4,14.5,1017.58,0,0,0,0,,
2021-04-20,21:30,11,7.8,83,SE,6.4,14.5,1017.68,0,0,0,0,,
2021-04-20,21:45,10.9,7.8,83,SE,8,11.3,1017.81,0,0,0,0,,
2021-04-20,22:00,10.9,8.3,84,ESE,6.4,12.9,1017.85,0,0,0,0,,
2021-04-20,22:15,10.9,8.3,83,ESE,8,12.9,1017.78,0,0,0,0,,
2021-04-20,22:30,10.8,7.8,84,ESE,6.4,11.3,1017.81,0,0,0,0,,
2021-04-20,22:45,10.6,7.8,84,ESE,6.4,9.7,1017.91,0,0,0,0,,
2021-04-20,23:00,10.1,7.8,85,ESE,4.8,9.7,1017.61,0,0,0,0,,
2021-04-20,23:15,10.3,7.8,86,ESE,6.4,9.7,1017.68,0,0,0,0,,
2021-04-20,23:30,10.3,7.8,86,ESE,6.4,9.7,1017.68,0,0,0,0,,
2021-04-20,23:45,10.2,7.8,86,ESE,4.8,6.4,1017.75,0,0,0,0,,
2021-04-20,OVR,,,,,,,,,,,,gustmax,29
2021-04-20,OVR,,,,,,,,,,,,rainrate_max,0
2021-04-20,OVR,,,,,,,,,,,,rain_total_mm,0
2021-04-20,OVR,,,,,,,,,,,,tmax,16.7
2021-04-20,OVR,,,,,,,,,,,,tmin,6.8
2021-04-20,OVR,,,,,,,,,,,,wind_dir_mean_deg,131.1
2021-04-21,00:00,10.3,7.8,86,ESE,6.4,11.3,1017.78,0,0,0,0,,
2021-04-21,00:15,10.3,8.3,87,ESE,6.4,9.7,1017.64,0,0,0,0,,
2021-04-21,00:30,10.3,8.3,87,ESE,3.2,8,1017.78,0,0,0,0,,
2021-04-21,00:45,10.4,8.3,87,ESE,6.4,9.7,1017.71,0,0,0,0,,
2021-04-21,01:00,10.3,7.8,86,ESE,4.8,9.7,1017.54,0,0,0,0,,
2021-04-21,01:15,10.1,7.8,87,ESE,4.8,11.3,1017.54,0,0,0,0,,
2021-04-21,01:30,9.3,7.2,87,ESE,4.8,6.4,1017.27,0,0,0,0,,
2021-04-21,01:45,9.1,7.2,88,ESE,6.4,6.4,1017.51,0,0,0,0,,
2021-04-21,02:00,9.2,7.2,88,ESE,4.8,9.7,1017.64,0,0,0,0,,
2021-04-21,02:15,8.8,6.7,87,ESE,4.8,6.4,1017.37,0,0,0,0,,
2021-04-21,02:30,8.5,6.7,88,EAST,3.2,6.4,1017,0,0,0,0,,
2021-04-21,02:45,8.7,6.7,89,ENE,8,14.5,1016.8,0,0,0,0,,
2021-04-21,03:00,8.9,6.7,88,ESE,11.3,16.1,1016.8,0,0,0,0,,
2021-04-21,03:15,8.9,6.7,87,EAST,9.7,11.3,1016.93,0,0,0,0,,
2021-04-21,03:30,9.1,6.7,87,EAST,9.7,14.5,1017.1,0,0,0,0,,
2021-04-21,03:45,9.1,6.7,87,EAST,9.7,14.5,1017.24,0,0,0,0,,
2021-04-21,04:00,9.4,7.2,88,ENE,8,16.1,1017.27,0,0,0,0,,
2021-04-21,04:15,9.6,7.2,87,NE,14.5,19.3,1017.03,0,0,0,0,,
2021-04-21,04:30,9.7,7.2,86,EAST,11.3,29,1016.09,0,0,0,0,,
2021-04-21,04:45,9.4,7.2,88,ESE,16.1,19.3,1016.32,0,0,0,0,,
2021-04-21,05:00,9.4,7.2,89,ESE,11.3,17.7,1016.66,0,0,0,0,,
2021-04-21,05:15,9.6,7.8,89,ENE,6.4,19.3,1016.73,0,0,0,0,,
2021-04-21,05:30,9.6,7.8,89,EAST,11.3,17.7,1016.56,0,0,0,0,,
2021-04-21,05:45,9.9,7.8,89,EAST,8,24.1,1016.15,0,0,0,0,,
2021-04-21,06:00,10.1,7.8,88,EAST,11.3,17.7,1016.29,0,0,0,0,,
2021-04-21,06:15,10.1,7.8,88,SE,14.5,30.6,1015.51,0,0,0,0,,
2021-04-21,06:30,10.3,8.3,87,ESE,11.3,24.1,1015.88,0,0,0,0,,
2021-04-21,06:45,10.2,7.8,88,EAST,17.7,22.5,1015.75,0,0,0,11,,
2021-04-21,07:00,9.9,7.8,89,ESE,11.3,19.3,1015.61,0,0,0,30,,
2021-04-21,07:15,10.1,8.3,89,EAST,6.4,20.9,1015.58,0,0,0,42,,
2021-04-21,07:30,10.2,8.3,89,ENE,12.9,19.3,1015.58,0,0,0,54,,
2021-04-21,07:45,10.3,8.3,89,ENE,9.7,17.7,1015.71,0,0,0,86,,
2021-04-21,08:00,10.6,8.3,88,ESE,9.7,19.3,1015.85,0,0,0,91,,
2021-04-21,08:15,11.1,8.9,88,EAST,9.7,19.3,1016.15,0,0,0,113,,
2021-04-21,08:30,11.4,9.4,87,EAST,14.5,22.5,1016.42,0,0,0,95,,
2021-04-21,08:45,11.5,9.4,87,EAST,9.7,20.9,1016.53,0,0,0,116,,
2021-04-21,09:00,11.5,9.4,87,ENE,8,20.9,1016.29,0,0,0,109,,
2021-04-21,09:15,11.7,9.4,87,EAST,9.7,14.5,1016.46,0,0,1,181,,
2021-04-21,09:30,12.2,9.4,86,SE,6.4,22.5,1016.53,0,0,1,195,,
2021-04-21,09:45,12.4,10,85,SE,9.7,20.9,1016.8,0,0,1,352,,
2021-04-21,10:00,13.2,9.4,80,ESE,11.3,19.3,1016.42,0,0,2,468,,
2021-04-21,15:15,15.6,10,70,EAST,11.3,25.7,1014.97,0,0,3,439,,
2021-04-21,15:30,15.6,10,71,ENE,20.9,27.4,1014.63,0,0,2,366,,
2021-04-21,15:45,15.4,10,70,EAST,19.3,32.2,1014.66,0,0,2,325,,
2021-04-21,16:00,15.6,10,70,EAST,14.5,25.7,1014.39,0,0,2,329,,
2021-04-21,16:15,15.6,10,71,ENE,9.7,29,1014.26,0,0,2,306,,
2021-04-21,16:30,15.4,10,71,EAST,9.7,24.1,1014.43,0,0,2,281,,
2021-04-21,16:45,15.3,10,71,ENE,14.5,29,1013.92,0,0,2,292,,
2021-04-21,17:00,15.1,10,72,ENE,12.9,25.7,1013.92,0,0,1,274,,
2021-04-21,17:15,14.9,10,72,EAST,14.5,29,1014.02,0,0,1,260,,
2021-04-21,17:30,14.8,9.4,72,ENE,8,25.7,1014.22,0,0,1,262,,
2021-04-21,17:45,14.3,9.4,74,ENE,16.1,29,1014.33,0,0,1,162,,
2021-04-21,18:00,14.1,9.4,76,EAST,16.1,27.4,1014.46,0,0,0,114,,
2021-04-21,18:15,14.2,10,76,ENE,22.5,24.1,1014.49,0,0,0,188,,
2021-04-21,18:30,14.2,10,75,ESE,11.3,29,1014.43,0,0,0,153,,
2021-04-21,18:45,13.9,10,77,ESE,14.5,25.7,1014.46,0,0,0,70,,
2021-04-21,19:00,13.7,10,78,EAST,6.4,17.7,1014.46,0,0,0,65,,
2021-04-21,19:15,13.6,10,79,ENE,6.4,20.9,1014.56,0,0,0,47,,
2021-04-21,19:30,13.3,10,80,EAST,14.5,24.1,1014.53,0,0,0,28,,
2021-04-21,19:45,13.1,10,82,EAST,4.8,20.9,1014.53,0,0,0,21,,
2021-04-21,20:00,12.9,10,83,EAST,16.1,27.4,1014.43,0,0,0,0,,
2021-04-21,20:15,12.8,10,84,SE,12.9,30.6,1014.46,0,0,0,0,,
2021-04-21,20:30,12.6,10,85,ENE,19.3,27.4,1014.63,0,0,0,0,,
2021-04-21,20:45,12.6,10,86,EAST,17.7,29,1014.8,0,0,0,0,,
2021-04-21,21:00,12.4,10,87,NE,16.1,25.7,1014.83,0,0,0,0,,
2021-04-21,21:30,12.3,10,88,ENE,19.3,27.4,1015.07,0,0,0,0,,
2021-04-21,21:45,12.3,10,88,NE,19.3,27.4,1014.87,0,0,0,0,,
2021-04-21,22:00,12.2,10,88,ESE,16.1,35.4,1015.04,0,0,0,0,,
2021-04-21,22:15,12.1,10,89,ENE,22.5,33.8,1014.46,0,0,0,0,,
2021-04-21,22:30,11.9,10,90,EAST,11.3,37,1014.63,0,0,0,0,,
2021-04-21,22:45,12,10,90,ESE,17.7,32.2,1014.63,0,0,0,0,,
2021-04-21,23:00,12,10,90,ESE,11.3,29,1014.63,0,0,0,0,,
2021-04-21,23:15,12.1,10.6,90,ESE,20.9,29,1014.56,0,0,0,0,,
2021-04-21,23:30,12.2,10.6,90,ESE,14.5,24.1,1014.93,0,0,0,0,,
2021-04-21,23:45,12.2,10.6,90,EAST,27.4,27.4,1014.97,0.25,0.25,0,0,,
2021-04-21,OVR,,,,,,,,,,,,gustmax,41.8
2021-04-21,OVR,,,,,,,,,,,,rainrate_max,0.2
2021-04-21,OVR,,,,,,,,,,,,rain_total_mm,0.2
2021-04-21,OVR,,,,,,,,,,,,tmax,15.9
2021-04-21,OVR,,,,,,,,,,,,tmin,8.5
2021-04-21,OVR,,,,,,,,,,,,wind_dir_mean_deg,94.5
2021-04-22,00:00,12.1,10.6,90,ESE,16.1,22.5,1014.6,0,0.25,0,0,,
2021-04-22,00:15,11.9,10,90,ENE,19.3,30.6,1014.22,0,0.25,0,0,,
2021-04-22,00:30,12,10,90,ENE,12.9,24.1,1014.56,0,0.25,0,0,,
2021-04-22,00:45,12,10,90,EAST,4.8,24.1,1014.43,0,0,0,0,,
2021-04-22,01:00,12.1,10,90,EAST,6.4,19.3,1014.6,0,0,0,0,,
2021-04-22,01:15,11.9,10,90,EAST,4.8,12.9,1014.66,0,0,0,0,,
2021-04-22,01:30,12.1,10.6,90,ENE,12.9,22.5,1014.36,0,0,0,0,,
2021-04-22,01:45,12.2,10,89,NE,6.4,19.3,1014.53,0,0,0,0,,
2021-04-22,02:00,12.1,10,89,NNE,3.2,16.1,1014.73,0,0,0,0,,
2021-04-22,02:15,11.9,10,90,ENE,8,14.5,1014.46,0,0,0,0,,
2021-04-22,02:30,11.9,10,90,ENE,14.5,19.3,1014.33,0,0,0,0,,
2021-04-22,02:45,11.9,10,90,ENE,16.1,19.3,1014.29,0,0,0,0,,
2021-04-22,03:00,12,10,90,NE,9.7,20.9,1014.09,0,0,0,0,,
2021-04-22,03:15,12.1,10.6,90,EAST,9.7,16.1,1014.16,0,0,0,0,,
2021-04-22,03:30,12,10,90,ENE,12.9,17.7,1014.22,0,0,0,0,,
2021-04-22,03:45,11.9,10,90,EAST,9.7,14.5,1013.85,0,0,0,0,,
2021-04-22,04:00,12.1,10.6,90,NE,9.7,19.3,1013.58,0,0,0,0,,
2021-04-22,04:15,12.2,10.6,90,EAST,6.4,17.7,1013.48,0,0,0,0,,
2021-04-22,04:30,12.1,10.6,90,EAST,8,16.1,1013.51,0,0,0,0,,
2021-04-22,04:45,12,10.6,90,ENE,8,16.1,1013.41,0,0,0,0,,
2021-04-22,05:00,12.1,10.6,90,ENE,6.4,19.3,1013.31,0,0,0,0,,
2021-04-22,05:15,12.1,10.6,90,EAST,14.5,14.5,1013.24,0,0,0,0,,
2021-04-22,05:30,12.3,10.6,89,ESE,3.2,17.7,1013.44,0,0,0,0,,
2021-04-22,05:45,12.5,10.6,88,EAST,3.2,9.7,1013.92,0,0,0,0,,
2021-04-22,06:00,12.4,10.6,88,ESE,3.2,9.7,1013.68,0,0,0,0,,
2021-04-22,06:15,12.9,10.6,87,ESE,3.2,12.9,1014.19,0,0,0,0,,
2021-04-22,06:30,12.8,10.6,88,ESE,3.2,8,1014.09,0,0,0,0,,
2021-04-22,06:45,13.1,11.1,88,ESE,1.6,14.5,1014.56,0,0,0,0,,
2021-04-22,07:00,12.9,11.1,88,ESE,3.2,6.4,1014.63,0,0,0,0,,
2021-04-22,07:15,12.7,10.6,89,EAST,1.6,6.4,1014.8,0,0,0,14,,
2021-04-22,07:30,12.6,10.6,89,EAST,4.8,9.7,1014.7,0,0,0,32,,
2021-04-22,07:45,12.6,10.6,89,EAST,6.4,9.7,1014.7,0,0,0,58,,
2021-04-22,08:00,12.8,11.1,89,EAST,6.4,12.9,1014.73,0,0,0,76,,
2021-04-22,08:15,13.1,11.1,89,EAST,3.2,12.9,1014.87,0,0,0,141,,
2021-04-22,08:30,13.6,11.1,88,EAST,3.2,12.9,1014.87,0,0,0,149,,
2021-04-22,08:45,13.8,11.7,87,ENE,6.4,12.9,1015.07,0,0,1,179,,
2021-04-22,09:00,14,11.7,87,ENE,6.4,14.5,1014.97,0,0,1,204,,
2021-04-22,09:15,14.2,11.7,86,ENE,12.9,16.1,1015.17,0,0,1,128,,
2021-04-22,09:30,14.7,11.7,84,ESE,4.8,17.7,1015.21,0,0,1,248,,
2021-04-22,09:45,15.1,12.2,85,ENE,6.4,19.3,1015.04,0,0,2,436,,
2021-04-22,10:00,15.9,12.8,83,SE,3.2,17.7,1014.9,0,0,3,490,,
2021-04-22,10:15,16,12.2,79,ENE,20.9,19.3,1014.97,0,0,3,622,,
2021-04-22,10:30,16.5,12.2,78,EAST,3.2,16.1,1015.1,0,0,2,738,,
2021-04-22,10:45,16.4,12.2,77,ESE,17.7,17.7,1015.27,0,0,3,712,,
2021-04-22,11:00,17.1,12.2,74,ESE,16.1,30.6,1015.24,0,0,4,810,,
2021-04-22,11:15,16.6,12.2,75,SE,14.5,22.5,1015.41,0,0,2,290,,
2021-04-22,11:30,16.5,12.8,78,EAST,11.3,19.3,1015.24,0,0,4,1025,,
2021-04-22,11:45,17.2,12.8,76,ESE,11.3,17.7,1015.31,0,0,4,459,,
2021-04-22,12:00,16.9,12.2,76,ESE,9.7,17.7,1015.44,0,0,3,399,,
2021-04-22,12:15,17.2,12.8,75,ESE,11.3,17.7,1015.41,0,0,2,345,,
2021-04-22,12:30,16.9,12.2,75,SSE,4.8,17.7,1015.34,0,0,2,271,,
2021-04-22,12:45,17.6,12.8,74,ESE,14.5,19.3,1015.17,0,0,5,478,,
2021-04-22,13:00,18.3,13.3,73,EAST,6.4,24.1,1014.93,0,0,4,1151,,
2021-04-22,13:15,18.3,12.8,71,SOUTH,14.5,19.3,1014.77,0,0,6,1041,,
2021-04-22,13:30,18.8,12.8,69,SE,3.2,20.9,1014.8,0,0,3,473,,
2021-04-22,13:45,18.7,13.3,72,ENE,8,14.5,1014.73,0,0,3,420,,
2021-04-22,14:00,18.1,12.2,69,ESE,9.7,16.1,1014.87,0,0,4,364,,
2021-04-22,14:15,17.9,12.2,69,SSE,17.7,17.7,1014.66,0,0,4,503,,
2021-04-22,14:30,18.1,12.2,68,EAST,12.9,19.3,1014.56,0,0,2,237,,
2021-04-22,14:45,17.9,12.2,70,EAST,9.7,16.1,1014.63,0,0,2,299,,
2021-04-22,15:00,17.9,12.2,69,ESE,12.9,19.3,1014.63,0,0,2,236,,
2021-04-22,15:15,17.6,11.7,70,SE,17.7,19.3,1014.53,0,0,1,163,,
2021-04-22,15:30,17.9,13.3,76,SE,14.5,24.1,1014.53,0,0,2,306,,
2021-04-22,15:45,17.2,12.8,77,ESE,19.3,33.8,1014.29,0,0,3,547,,
2021-04-22,16:00,17.4,13.3,76,SE,20.9,33.8,1014.16,0,0,4,566,,
2021-04-22,16:15,17.2,12.8,76,SE,19.3,29,1014.12,0,0,3,541,,
2021-04-22,16:30,16.5,12.8,78,ESE,11.3,25.7,1014.46,0,0,1,257,,
2021-04-22,16:45,15.2,10.6,74,NNW,8,22.5,1015.04,0,0,0,11,,
2021-04-22,17:00,13.7,10.6,84,NW,14.5,17.7,1015.14,0.76,0.76,0,21,,
2021-04-22,17:15,13.1,11.1,89,NNW,8,24.1,1015.51,6.6,6.6,0,32,,
2021-04-22,17:30,13,11.1,91,EAST,9.7,19.3,1015.37,12.7,12.7,0,97,,
2021-04-22,17:45,12.9,11.1,91,,8,24.1,1015.48,13.21,13.21,0,93,,
2021-04-22,18:00,12.9,11.7,92,EAST,14.5,19.3,1015.44,13.21,12.19,0,69,,
2021-04-22,18:15,13.1,11.7,91,EAST,12.9,20.9,1015.75,13.72,6.6,0,127,,
2021-04-22,18:30,13.2,11.7,91,ENE,17.7,24.1,1015.75,13.72,1.27,0,107,,
2021-04-22,18:45,12.8,11.1,90,ENE,17.7,20.9,1015.75,13.72,0.51,0,37,,
2021-04-22,19:00,12.8,11.1,90,ENE,12.9,17.7,1015.75,13.72,0.51,0,28,,
2021-04-22,19:15,12.8,11.1,90,ESE,11.3,16.1,1015.98,13.72,0.25,0,12,,
2021-04-22,19:30,12.7,11.1,91,ENE,6.4,17.7,1015.78,13.72,0,0,14,,
2021-04-22,19:45,12.7,11.1,91,EAST,11.3,14.5,1016.12,13.72,0,0,0,,
2021-04-22,20:00,12.5,11.1,91,EAST,9.7,17.7,1016.12,14.22,0.51,0,0,,
2021-04-22,20:15,12.4,11.1,92,ENE,6.4,16.1,1016.15,14.22,0.51,0,0,,
2021-04-22,20:30,12.3,10.6,92,ENE,12.9,17.7,1016.32,14.22,0.51,0,0,,
2021-04-22,20:45,12.2,10.6,92,ENE,14.5,16.1,1016.32,14.22,0.51,0,0,,
2021-04-22,21:00,12.2,10.6,92,ENE,11.3,16.1,1016.49,14.22,0,0,0,,
2021-04-22,21:15,12.1,10.6,91,EAST,11.3,19.3,1016.53,14.22,0,0,0,,
2021-04-22,21:30,11.9,10.6,91,EAST,12.9,17.7,1016.66,14.22,0,0,0,,
2021-04-22,21:45,11.9,10,91,ENE,9.7,20.9,1016.8,14.22,0,0,0,,
2021-04-22,22:00,11.7,10,91,ENE,14.5,16.1,1017.14,14.22,0,0,0,,
2021-04-22,22:15,11.8,10,91,NE,14.5,16.1,1017.03,14.22,0,0,0,,
2021-04-22,22:30,11.8,10,91,ENE,9.7,16.1,1017.37,14.22,0,0,0,,
2021-04-22,22:45,11.8,10,91,ENE,8,16.1,1017.27,14.22,0,0,0,,
2021-04-22,23:00,11.8,10,91,EAST,12.9,19.3,1017.27,14.22,0,0,0,,
2021-04-22,23:15,11.8,10,91,NE,9.7,19.3,1017.2,14.22,0,0,0,,
2021-04-22,23:30,11.8,10,91,ENE,9.7,17.7,1017.14,14.22,0,0,0,,
2021-04-22,23:45,11.8,10,91,ENE,14.5,17.7,1017.34,14.22,0,0,0,,
2021-04-22,OVR,,,,,,,,,,,,gustmax,33.8
2021-04-22,OVR,,,,,,,,,,,,rainrate_max,57
2021-04-22,OVR,,,,,,,,,,,,rain_total_mm,14.2
2021-04-22,OVR,,,,,,,,,,,,tmax,19.1
2021-04-22,OVR,,,,,,,,,,,,tmin,11.7
2021-04-22,OVR,,,,,,,,,,,,wind_dir_mean_deg,85.6
2021-04-23,00:00,11.9,10.6,91,ENE,14.5,17.7,1017.24,0,0,0,0,,
2021-04-23,00:15,11.9,10.6,91,ENE,12.9,17.7,1017.37,0,0,0,0,,
2021-04-23,00:30,11.9,10.6,91,EAST,4.8,14.5,1017.54,0,0,0,0,,
2021-04-23,00:45,11.9,10.6,92,ENE,14.5,17.7,1017.31,0,0,0,0,,
2021-04-23,01:00,12,10.6,91,ENE,12.9,17.7,1017.54,0,0,0,0,,
2021-04-23,01:15,12,10.6,91,EAST,6.4,16.1,1017.34,0,0,0,0,,
2021-04-23,01:30,11.9,10.6,91,ESE,4.8,12.9,1017.31,0,0,0,0,,
2021-04-23,01:45,11.9,10.6,92,NE,8,17.7,1017.24,0,0,0,0,,
2021-04-23,02:00,11.9,10.6,91,ENE,12.9,17.7,1017.03,0,0,0,0,,
2021-04-23,02:15,11.8,10,91,EAST,6.4,16.1,1016.76,0,0,0,0,,
2021-04-23,02:30,11.7,10,92,EAST,11.3,12.9,1016.83,0,0,0,0,,
2021-04-23,02:45,11.6,10,92,ESE,9.7,14.5,1016.66,0,0,0,0,,
2021-04-23,03:00,11.6,10,92,EAST,8,14.5,1016.86,0,0,0,0,,
2021-04-23,03:15,11.7,10.6,92,EAST,8,14.5,1016.76,0,0,0,0,,
2021-04-23,03:30,11.7,10.6,92,EAST,6.4,14.5,1016.86,0,0,0,0,,
2021-04-23,03:45,11.8,10.6,92,ESE,11.3,14.5,1016.9,0,0,0,0,,
2021-04-23,04:00,11.9,10.6,91,ESE,9.7,14.5,1016.97,0,0,0,0,,
2021-04-23,04:15,11.9,10.6,91,ESE,3.2,12.9,1017.03,0,0,0,0,,
2021-04-23,04:30,11.9,10,91,EAST,4.8,14.5,1017,0,0,0,0,,
2021-04-23,04:45,11.8,10,91,EAST,9.7,14.5,1017.03,0,0,0,0,,
2021-04-23,05:00,11.6,10,92,EAST,8,12.9,1016.86,0,0,0,0,,
2021-04-23,05:15,11.5,10,92,EAST,3.2,11.3,1017.07,0,0,0,0,,
2021-04-23,05:30,11.5,10,92,ESE,3.2,12.9,1017.1,0,0,0,0,,
2021-04-23,05:45,11.6,10,92,EAST,3.2,6.4,1017.14,0,0,0,0,,
2021-04-23,06:00,11.6,10,92,ENE,8,12.9,1016.86,0,0,0,0,,
2021-04-23,06:15,11.6,10,92,NE,14.5,17.7,1016.86,0,0,0,0,,
2021-04-23,06:30,11.7,10,92,ENE,9.7,16.1,1017,0,0,0,0,,
2021-04-23,06:45,11.6,10,92,NE,11.3,17.7,1017.1,0,0,0,0,,
2021-04-23,07:00,11.6,10,91,ENE,12.9,17.7,1017.27,0,0,0,11,,
2021-04-23,07:15,11.8,10,91,EAST,9.7,19.3,1017.37,0,0,0,18,,
2021-04-23,07:30,11.9,10,90,ESE,6.4,19.3,1017.54,0,0,0,40,,
2021-04-23,07:45,12,10,90,ESE,11.3,17.7,1017.61,0,0,0,72,,
2021-04-23,08:00,12.2,10.6,89,ENE,16.1,17.7,1017.71,0,0,0,91,,
2021-04-23,08:15,12.3,10.6,89,ENE,9.7,19.3,1017.78,0,0,0,125,,
2021-04-23,08:30,12.5,10.6,88,EAST,12.9,20.9,1018.08,0,0,0,123,,
2021-04-23,08:45,12.8,10.6,87,ENE,14.5,19.3,1018.15,0,0,1,350,,
2021-04-23,09:00,13,10.6,87,EAST,9.7,19.3,1018.42,0,0,0,132,,
2021-04-23,09:15,13,10.6,87,ENE,4.8,12.9,1018.76,0,0,0,76,,
2021-04-23,09:30,13.2,10.6,86,EAST,3.2,16.1,1018.66,0,0,1,204,,
2021-04-23,09:45,14.1,11.1,83,ENE,14.5,19.3,1018.52,0,0,2,438,,
2021-04-23,10:00,14.5,11.1,82,NE,11.3,17.7,1018.56,0,0,3,512,,
2021-04-23,10:15,14.2,11.1,82,ENE,4.8,16.1,1018.73,0,0,3,417,,
2021-04-23,10:30,14.9,11.1,79,ENE,12.9,19.3,1018.76,0,0,3,703,,
2021-04-23,10:45,15.3,11.7,80,ESE,9.7,16.1,1018.9,0,0,4,847,,
2021-04-23,11:00,15.7,11.1,75,NE,3.2,14.5,1018.93,0,0,5,872,,
2021-04-23,11:15,15.7,11.7,78,ENE,8,14.5,1018.9,0,0,5,846,,
2021-04-23,11:30,16.3,12.2,78,SSE,4.8,11.3,1018.83,0,0,6,919,,
2021-04-23,11:45,16.4,11.7,75,EAST,9.7,11.3,1018.8,0,0,6,997,,
2021-04-23,12:00,16.5,11.7,73,NNE,4.8,12.9,1018.46,0,0,6,979,,
2021-04-23,12:15,16.8,11.7,73,ESE,1.6,11.3,1018.46,0,0,7,1069,,
2021-04-23,12:30,16.5,11.1,71,NORTH,3.2,11.3,1018.46,0,0,4,376,,
2021-04-23,12:45,16.7,11.1,71,NW,4.8,6.4,1018.63,0,0,3,295,,
2021-04-23,13:00,16.6,11.7,75,WNW,3.2,12.9,1018.66,0,0,1,171,,
2021-04-23,13:15,16.4,11.7,74,NW,1.6,16.1,1018.66,0,0,1,137,,
2021-04-23,13:30,16.5,11.1,72,WNW,3.2,8,1018.83,0,0,2,144,,
2021-04-23,13:45,16.6,11.7,73,WSW,3.2,4.8,1018.42,0,0,2,213,,
2021-04-23,14:00,16.8,11.7,72,EAST,3.2,4.8,1018.49,0,0,2,193,,
2021-04-23,14:15,16.1,11.7,75,NE,3.2,6.4,1018.66,2.29,2.29,1,176,,
2021-04-23,14:30,15,12.2,83,EAST,3.2,6.4,1018.66,8.89,8.89,1,179,,
2021-04-23,14:45,14.9,12.2,86,ESE,6.4,6.4,1018.63,9.4,9.4,2,195,,
2021-04-23,15:00,15.6,12.8,84,ESE,3.2,6.4,1018.63,9.4,9.4,2,257,,
2021-04-23,15:15,15.5,12.8,83,ENE,4.8,14.5,1018.73,9.65,6.86,1,148,,
2021-04-23,15:30,15.6,12.8,85,NNE,4.8,8,1018.56,10.16,1.27,1,178,,
2021-04-23,15:45,15.1,12.8,86,ENE,9.7,19.3,1018.9,10.41,1.02,1,137,,
2021-04-23,16:00,13.3,11.1,87,EAST,11.3,22.5,1018.73,12.45,3.05,1,192,,
2021-04-23,16:15,13.3,10.6,86,EAST,14.5,24.1,1018.46,12.7,3.05,2,341,,
2021-04-23,16:30,13.7,10.6,82,EAST,14.5,20.9,1018.59,12.7,2.29,1,244,,
2021-04-23,16:45,13.8,10.6,81,ENE,8,16.1,1018.96,12.7,2.29,1,156,,
2021-04-23,17:00,13.6,11.1,87,SE,6.4,9.7,1019.03,12.95,0.51,1,183,,
2021-04-23,17:15,13.3,11.7,90,SE,4.8,14.5,1019.1,12.95,0.51,1,127,,
2021-04-23,17:30,12.8,11.1,90,SOUTH,19.3,19.3,1019.37,12.95,0.51,0,90,,
2021-04-23,17:45,12.4,11.1,91,SOUTH,9.7,12.9,1019.64,13.21,0.51,0,84,,
2021-04-23,18:00,12.2,10.6,91,SE,3.2,11.3,1019.54,13.21,0.25,0,65,,
2021-04-23,18:15,12.3,10.6,92,SE,8,14.5,1019.34,13.72,0.51,0,32,,
2021-04-23,18:30,12.1,10.6,92,SSE,6.4,12.9,1019.74,13.97,1.02,0,25,,
2021-04-23,18:45,11.9,10.6,93,SE,1.6,12.9,1019.91,14.22,1.02,0,32,,
2021-04-23,19:00,11.7,10.6,93,SE,6.4,11.3,1019.91,14.22,1.02,0,40,,
2021-04-23,19:15,11.6,10.6,94,ESE,6.4,14.5,1019.61,14.22,0.51,0,26,,
2021-04-23,19:30,11.5,10.6,94,SE,4.8,9.7,1019.91,14.22,0.25,0,76,,
2021-04-23,19:45,11.6,10.6,93,SE,8,12.9,1019.84,14.48,0.25,0,56,,
2021-04-23,20:00,11.7,10,92,ESE,4.8,11.3,1019.91,14.48,0.25,0,19,,
2021-04-23,20:15,11.5,10,92,ESE,1.6,4.8,1020.18,14.48,0.25,0,0,,
2021-04-23,20:30,11.2,10,92,NORTH,0,4.8,1020.39,14.48,0.25,0,0,,
2021-04-23,20:45,11.1,10,93,ESE,3.2,4.8,1020.49,14.48,0,0,0,,
2021-04-23,21:00,10.9,9.4,93,ESE,4.8,6.4,1020.59,14.48,0,0,0,,
2021-04-23,21:15,10.8,9.4,93,EAST,3.2,6.4,1020.79,14.48,0,0,0,,
2021-04-23,21:30,10.9,10,94,EAST,1.6,4.8,1020.96,14.48,0,0,0,,
2021-04-23,21:45,10.4,8.9,93,EAST,1.6,3.2,1021.06,14.48,0,0,0,,
2021-04-23,22:00,10.1,8.9,93,EAST,3.2,4.8,1021.2,14.48,0,0,0,,
2021-04-23,22:15,10.5,9.4,94,ESE,4.8,4.8,1021.3,14.48,0,0,0,,
2021-04-23,22:30,10.5,8.9,92,ESE,1.6,4.8,1021.2,14.48,0,0,0,,
2021-04-23,22:45,10.3,8.9,93,ESE,3.2,3.2,1021.33,14.48,0,0,0,,
2021-04-23,23:00,10.7,9.4,92,ESE,3.2,9.7,1021.1,14.48,0,0,0,,
2021-04-23,23:15,10.7,9.4,93,ESE,3.2,9.7,1021.13,14.48,0,0,0,,
2021-04-23,23:30,10.2,8.9,92,ESE,3.2,4.8,1021.13,14.48,0,0,0,,
2021-04-23,23:45,10.3,8.9,93,ESE,3.2,6.4,1021.1,14.48,0,0,0,,
2021-04-23,OVR,,,,,,,,,,,,gustmax,24.1
2021-04-23,OVR,,,,,,,,,,,,rainrate_max,99.4
2021-04-23,OVR,,,,,,,,,,,,rain_total_mm,14.4
2021-04-23,OVR,,,,,,,,,,,,tmax,17.2
2021-04-23,OVR,,,,,,,,,,,,tmin,9.9
2021-04-23,OVR,,,,,,,,,,,,wind_dir_mean_deg,91.9
2021-04-24,00:00,10.1,8.9,93,ESE,3.2,3.2,1021.2,0,0,0,0,,
2021-04-24,00:15,10.1,8.9,92,NORTH,0,4.8,1021.3,0,0,0,0,,
2021-04-24,00:30,9.9,8.9,93,ESE,1.6,3.2,1021.4,0,0,0,0,,
2021-04-24,00:45,9.9,8.3,93,ESE,1.6,3.2,1021.4,0,0,0,0,,
2021-04-24,01:00,10.2,8.9,94,NORTH,0,4.8,1021.57,0,0,0,0,,
2021-04-24,01:30,9.8,8.9,94,ESE,1.6,3.2,1021.54,0,0,0,0,,
2021-04-24,04:30,10.4,8.9,92,NW,4.8,6.4,1020.62,0,0,0,0,,
2021-04-24,04:45,9.5,8.3,94,NNW,1.6,4.8,1020.52,0,0,0,0,,
2021-04-24,05:45,10,8.9,94,NORTH,0,1.6,1020.49,0,0,0,0,,
2021-04-24,06:00,9.8,8.9,95,NNW,1.6,3.2,1020.45,0,0,0,0,,
2021-04-24,06:30,10.2,8.9,94,NNW,1.6,1.6,1020.45,0,0,0,0,,
2021-04-24,06:45,10.4,9.4,94,NNW,1.6,3.2,1020.35,0,0,0,7,,
2021-04-24,07:00,10.3,9.4,94,NORTH,0,3.2,1020.49,0,0,0,14,,
2021-04-24,07:15,10.1,8.9,93,NORTH,0,1.6,1020.73,0,0,0,72,,
2021-04-24,07:30,10.8,9.4,94,NNE,3.2,4.8,1020.66,0,0,0,98,,
2021-04-24,07:45,11.6,10,92,NNE,3.2,3.2,1020.69,0,0,0,171,,
2021-04-24,08:00,12.3,10.6,91,NORTH,0,4.8,1020.79,0,0,0,220,,
2021-04-24,08:15,12.6,10.6,90,NNE,1.6,3.2,1021.03,0,0,1,267,,
2021-04-24,08:30,12.3,10.6,90,,1.6,4.8,1021.06,0,0,1,288,,
2021-04-24,08:45,12.7,11.1,91,,1.6,3.2,1021,0,0,1,257,,
2021-04-24,09:00,12.9,11.1,88,,3.2,4.8,1020.93,0,0,2,332,,
2021-04-24,09:15,13.3,10.6,86,NW,6.4,6.4,1021.1,0,0,2,367,,
2021-04-24,09:30,13.4,11.1,87,NW,4.8,8,1021.27,0,0,2,346,,
2021-04-24,09:45,13.3,11.1,87,NW,8,12.9,1021.37,0,0,3,529,,
2021-04-24,10:00,13.8,11.1,85,NW,6.4,12.9,1021.54,0,0,3,489,,
2021-04-24,10:15,14.1,11.1,83,NW,3.2,11.3,1021.47,0,0,3,603,,
2021-04-24,10:30,14.8,11.7,81,WNW,6.4,6.4,1021.37,0,0,4,714,,
2021-04-24,10:45,15.6,12.2,80,NW,1.6,8,1021.61,0,0,4,752,,
2021-04-24,11:00,16.3,11.7,75,WNW,6.4,9.7,1021.81,0,0,5,784,,
2021-04-24,11:15,16.8,11.1,69,WEST,4.8,6.4,1021.47,0,0,5,821,,
2021-04-24,11:30,17.2,10.6,67,NORTH,0,6.4,1021.57,0,0,6,849,,
2021-04-24,11:45,17.6,11.1,67,WEST,1.6,9.7,1021.44,0,0,6,874,,
2021-04-24,12:00,17.8,9.4,59,NORTH,0,9.7,1021.61,0,0,7,896,,
2021-04-24,12:15,18.1,9.4,59,WEST,12.9,6.4,1021.23,0,0,7,909,,
2021-04-24,12:30,18.3,10.6,62,WNW,8,16.1,1021.23,0,0,7,933,,
2021-04-24,12:45,18.6,10.6,61,NORTH,0,16.1,1021.1,0,0,7,937,,
2021-04-24,13:00,18.9,10,57,NORTH,0,17.7,1021.03,0,0,7,958,,
2021-04-24,13:15,19.4,10,54,WEST,20.9,17.7,1021,0,0,8,981,,
2021-04-24,13:30,19.3,11.1,60,SOUTH,3.2,11.3,1020.69,0,0,8,1002,,
2021-04-24,13:45,19.2,9.4,54,NNW,6.4,20.9,1020.42,0,0,7,953,,
2021-04-24,14:00,19.3,10,55,WNW,3.2,17.7,1020.45,0,0,7,958,,
2021-04-24,14:15,19.8,11.1,59,WEST,12.9,14.5,1020.45,0,0,7,937,,
2021-04-24,14:30,19.5,11.1,58,NORTH,0,17.7,1020.39,0,0,7,930,,
2021-04-24,14:45,19.7,11.1,58,WEST,9.7,24.1,1020.35,0,0,7,896,,
2021-04-24,15:00,19.9,10,53,WEST,6.4,17.7,1020.29,0,0,6,946,,
2021-04-24,15:15,19.9,11.1,58,WSW,16.1,25.7,1020.22,0,0,6,891,,
2021-04-24,15:30,19.3,11.1,59,WNW,17.7,32.2,1020.22,0,0,5,788,,
2021-04-24,15:45,19,10,57,WEST,17.7,35.4,1020.18,0,0,5,759,,
2021-04-24,16:00,18.4,11.1,62,WNW,17.7,40.2,1020.29,0,0,4,729,,
2021-04-24,16:15,18.6,11.1,63,NNW,14.5,32.2,1020.12,0,0,4,698,,
2021-04-24,16:30,18.4,10.6,60,WEST,19.3,32.2,1020.05,0,0,4,657,,
2021-04-24,16:45,18.6,11.1,63,WEST,17.7,30.6,1019.91,0,0,3,615,,
2021-04-24,17:00,17.9,11.1,65,WNW,17.7,32.2,1019.84,0,0,3,578,,
2021-04-24,17:15,17.8,11.7,67,WNW,11.3,30.6,1020.08,0,0,2,513,,
2021-04-24,17:30,17.6,11.1,67,WEST,14.5,30.6,1020.08,0,0,2,485,,
2021-04-24,17:45,17.2,11.1,68,WNW,16.1,30.6,1020.18,0,0,2,427,,
2021-04-24,18:00,16.8,11.7,71,WNW,17.7,32.2,1020.22,0,0,1,378,,
2021-04-24,18:15,16.6,11.7,74,WEST,9.7,30.6,1020.22,0,0,1,230,,
2021-04-24,18:30,16.5,11.1,72,WEST,11.3,22.5,1020.45,0,0,1,306,,
2021-04-24,18:45,16.1,11.1,74,WNW,9.7,24.1,1020.39,0,0,0,227,,
2021-04-24,19:00,15.7,11.1,74,WEST,14.5,25.7,1020.35,0,0,0,167,,
2021-04-24,19:15,15.4,10.6,73,WEST,16.1,29,1020.49,0,0,0,102,,
2021-04-24,19:30,15.3,10,70,WNW,16.1,25.7,1020.59,0,0,0,42,,
2021-04-24,19:45,15.1,10,74,WEST,1.6,19.3,1020.62,0,0,0,19,,
2021-04-24,20:00,14.3,10,77,WEST,1.6,9.7,1020.73,0,0,0,11,,
2021-04-24,20:15,13.9,10,77,SOUTH,3.2,4.8,1020.76,0,0,0,0,,
2021-04-24,20:30,13.7,9.4,75,NORTH,0,6.4,1020.86,0,0,0,0,,
2021-04-24,20:45,12.9,8.9,77,WSW,1.6,6.4,1020.93,0,0,0,0,,
2021-04-24,21:00,12.8,8.9,77,SOUTH,3.2,8,1021.06,0,0,0,0,,
2021-04-24,21:15,12.9,8.9,76,SSE,1.6,11.3,1021.3,0,0,0,0,,
2021-04-24,21:30,13,8.9,76,SSE,3.2,6.4,1021.33,0,0,0,0,,
2021-04-24,21:45,11.8,8.9,82,SSE,3.2,6.4,1021.33,0,0,0,0,,
2021-04-24,22:00,11.7,8.3,81,SE,3.2,6.4,1021.64,0,0,0,0,,
2021-04-24,22:15,12.1,8.9,81,SE,4.8,8,1021.64,0,0,0,0,,
2021-04-24,22:30,11.9,8.9,83,SE,4.8,6.4,1021.54,0,0,0,0,,
2021-04-24,22:45,11.6,8.9,85,SE,4.8,4.8,1021.5,0,0,0,0,,
2021-04-24,23:00,12.1,8.9,81,SE,4.8,6.4,1021.37,0,0,0,0,,
2021-04-24,23:15,13.3,8.3,72,ESE,9.7,12.9,1021.4,0,0,0,0,,
2021-04-24,23:30,13.3,7.8,70,ESE,11.3,16.1,1021.23,0,0,0,0,,
2021-04-24,23:45,13.3,7.8,71,ESE,8,16.1,1021.13,0,0,0,0,,
2021-04-24,OVR,,,,,,,,,,,,gustmax,40.2
2021-04-24,OVR,,,,,,,,,,,,rainrate_max,0
2021-04-24,OVR,,,,,,,,,,,,rain_total_mm,0
2021-04-24,OVR,,,,,,,,,,,,tmax,20
2021-04-24,OVR,,,,,,,,,,,,tmin,9.4
2021-04-24,OVR,,,,,,,,,,,,wind_dir_mean_deg,315.8
2021-04-25,00:00,13.2,7.8,72,SE,8,14.5,1021,0,0,0,0,,
2021-04-25,00:15,13.1,8.3,74,SE,8,12.9,1021.03,0,0,0,0,,
2021-04-25,00:30,12.9,8.3,75,ESE,11.3,12.9,1020.83,0,0,0,0,,
2021-04-25,00:45,12.6,8.9,79,ESE,6.4,12.9,1020.79,0,0,0,0,,
2021-04-25,01:00,12.3,8.9,80,ESE,4.8,12.9,1020.76,0,0,0,0,,
2021-04-25,01:15,12.2,8.3,79,ESE,3.2,6.4,1020.59,0,0,0,0,,
2021-04-25,01:30,11.6,8.9,84,ESE,4.8,9.7,1020.39,0,0,0,0,,
2021-04-25,01:45,11.4,8.9,86,ESE,3.2,9.7,1020.29,0,0,0,0,,
2021-04-25,02:00,11.3,8.9,86,EAST,4.8,9.7,1020.12,0,0,0,0,,
2021-04-25,02:15,11.1,8.9,87,EAST,6.4,11.3,1019.74,0,0,0,0,,
2021-04-25,02:30,11.1,8.9,87,ESE,4.8,12.9,1019.68,0,0,0,0,,
2021-04-25,02:45,11.1,8.9,86,EAST,6.4,11.3,1019.44,0,0,0,0,,
2021-04-25,03:00,11.6,8.9,84,NORTH,0,4.8,1019.47,0,0,0,0,,
2021-04-25,03:15,10.8,8.3,86,ESE,1.6,3.2,1019.34,0,0,0,0,,
2021-04-25,03:30,10.8,8.3,86,EAST,3.2,6.4,1019.3,0,0,0,0,,
2021-04-25,03:45,10.9,8.3,84,EAST,3.2,6.4,1019.34,0,0,0,0,,
2021-04-25,04:00,10.8,8.3,85,EAST,3.2,4.8,1019.34,0,0,0,0,,
2021-04-25,04:15,11,8.3,84,ESE,4.8,6.4,1019.13,0,0,0,0,,
2021-04-25,04:30,11.8,8.3,80,ESE,4.8,4.8,1018.93,0,0,0,0,,
2021-04-25,04:45,11.1,7.8,83,EAST,6.4,11.3,1019.03,0,0,0,0,,
2021-04-25,05:00,11.1,8.3,83,ESE,3.2,6.4,1018.59,0,0,0,0,,
2021-04-25,05:15,10.3,7.8,84,NORTH,0,6.4,1018.52,0,0,0,0,,
2021-04-25,05:30,10.3,7.8,85,EAST,4.8,3.2,1018.52,0,0,0,0,,
2021-04-25,05:45,10.1,7.8,86,EAST,1.6,4.8,1018.39,0,0,0,0,,
2021-04-25,06:00,10.6,8.3,86,SE,11.3,12.9,1018.19,0,0,0,0,,
2021-04-25,06:15,10.4,7.8,85,ESE,6.4,12.9,1018.02,0,0,0,0,,
2021-04-25,06:30,10.4,7.8,86,ESE,6.4,16.1,1017.91,0,0,0,0,,
2021-04-25,06:45,10.6,8.3,85,SE,8,12.9,1018.08,0,0,0,9,,
2021-04-25,07:00,11.4,8.9,85,ESE,4.8,14.5,1018.25,0,0,0,18,,
2021-04-25,07:15,12.3,9.4,83,SE,6.4,9.7,1018.29,0,0,0,74,,
2021-04-25,07:30,12.3,8.9,82,ESE,9.7,9.7,1018.32,0,0,0,104,,
2021-04-25,07:45,12.4,8.9,81,ESE,11.3,12.9,1018.39,0,0,0,181,,
2021-04-25,08:00,12.4,9.4,82,ESE,4.8,12.9,1018.22,0,0,0,236,,
2021-04-25,08:15,13.2,9.4,79,ESE,9.7,14.5,1018.29,0,0,1,288,,
2021-04-25,08:30,14.2,10,76,ESE,3.2,12.9,1018.49,0,0,1,330,,
2021-04-25,08:45,14.6,10,74,SE,8,12.9,1018.22,0,0,1,272,,
2021-04-25,09:00,14.8,10,73,SE,3.2,17.7,1018.22,0,0,2,362,,
2021-04-25,09:15,14.9,9.4,71,ESE,4.8,14.5,1018.52,0,0,2,388,,
2021-04-25,09:30,15.5,8.9,66,ESE,12.9,19.3,1018.49,0,0,2,371,,
2021-04-25,09:45,16.1,9.4,66,EAST,11.3,17.7,1018.29,0,0,3,554,,
2021-04-25,10:00,16.5,10,65,ESE,11.3,16.1,1018.32,0,0,3,504,,
2021-04-25,10:15,16.4,10,66,SE,12.9,19.3,1018.52,0,0,3,587,,
2021-04-25,10:30,16.8,10,65,SE,12.9,19.3,1018.8,0,0,4,715,,
2021-04-25,10:45,17.2,11.1,68,SE,6.4,17.7,1018.9,0,0,4,747,,
2021-04-25,11:00,17.2,10,64,SE,14.5,17.7,1019,0,0,5,784,,
2021-04-25,11:15,17.2,10,63,SE,12.9,19.3,1019.03,0,0,5,816,,
2021-04-25,11:30,17.5,10,62,SSE,14.5,19.3,1018.83,0,0,6,838,,
2021-04-25,11:45,17.7,10,61,SE,24.1,29,1018.73,0,0,6,863,,
2021-04-25,12:00,17.8,8.9,57,SSE,11.3,29,1018.8,0,0,6,884,,
2021-04-25,12:15,18.2,8.9,55,SE,12.9,22.5,1018.63,0,0,7,904,,
2021-04-25,12:30,18.4,8.3,53,SE,19.3,24.1,1018.35,0,0,7,919,,
2021-04-25,12:45,18.5,8.9,54,ESE,9.7,25.7,1018.05,0,0,7,930,,
2021-04-25,13:00,18.5,9.4,57,SSE,12.9,25.7,1018.05,0,0,7,914,,
2021-04-25,13:15,18.3,10,60,SE,17.7,29,1017.98,0,0,7,937,,
2021-04-25,13:30,18.3,10.6,60,SOUTH,17.7,27.4,1018.02,0,0,7,912,,
2021-04-25,13:45,18,9.4,58,SSE,8,27.4,1018.15,0,0,6,759,,
2021-04-25,14:00,18.3,10,59,ESE,14.5,24.1,1018.15,0,0,7,933,,
2021-04-25,14:15,18.1,8.9,56,SE,6.4,32.2,1017.95,0,0,5,649,,
2021-04-25,14:30,18.7,9.4,55,SE,25.7,30.6,1017.71,0,0,7,918,,
2021-04-25,14:45,18.3,8.9,54,SE,12.9,29,1017.51,0,0,6,884,,
2021-04-25,15:00,18.4,9.4,56,SE,17.7,29,1017.44,0,0,6,838,,
2021-04-25,15:15,18.7,10.6,60,SE,16.1,29,1017.41,0,0,5,772,,
2021-04-25,15:30,18.1,8.9,55,ESE,19.3,29,1017.14,0,0,5,777,,
2021-04-25,15:45,18.3,9.4,56,SE,16.1,25.7,1017.17,0,0,5,744,,
2021-04-25,16:00,18.2,8.9,56,ESE,19.3,25.7,1017.07,0,0,4,715,,
2021-04-25,16:15,18.1,8.3,54,SE,22.5,27.4,1017.17,0,0,4,675,,
2021-04-25,16:30,18,8.3,54,SE,17.7,25.7,1016.97,0,0,3,638,,
2021-04-25,16:45,18.3,8.9,55,SE,12.9,25.7,1017.14,0,0,3,596,,
2021-04-25,17:00,18.4,8.3,52,SE,11.3,19.3,1016.83,0,0,3,547,,
2021-04-25,17:15,18.1,8.3,54,SE,8,20.9,1016.66,0,0,2,499,,
2021-04-25,17:30,17.9,8.3,54,SSE,19.3,27.4,1016.32,0,0,2,445,,
2021-04-25,17:45,17.6,7.8,52,ESE,16.1,25.7,1016.32,0,0,2,396,,
2021-04-25,18:00,17.4,8.3,55,SSE,14.5,25.7,1016.59,0,0,1,332,,
2021-04-25,18:15,17.2,7.2,52,SE,14.5,24.1,1016.56,0,0,1,281,,
2021-04-25,18:30,16.8,7.8,56,SE,16.1,27.4,1016.49,0,0,1,223,,
2021-04-25,18:45,16.4,7.8,57,EAST,14.5,29,1016.49,0,0,0,171,,
2021-04-25,19:00,16.2,8.3,60,SE,11.3,25.7,1016.36,0,0,0,118,,
2021-04-25,19:15,15.6,8.3,62,SE,12.9,25.7,1016.22,0,0,0,72,,
2021-04-25,19:30,15.2,8.3,65,SE,16.1,24.1,1015.92,0,0,0,37,,
2021-04-25,19:45,14.8,8.3,66,ESE,14.5,24.1,1015.98,0,0,0,18,,
2021-04-25,20:00,14.3,8.9,70,SE,17.7,24.1,1016.12,0,0,0,7,,
2021-04-25,20:15,13.9,8.9,72,SE,11.3,30.6,1016.42,0,0,0,0,,
2021-04-25,20:30,13.6,8.9,73,SE,14.5,25.7,1016.32,0,0,0,0,,
2021-04-25,20:45,13.4,8.9,75,SE,12.9,22.5,1016.32,0,0,0,0,,
2021-04-25,21:00,13.3,8.9,76,SE,24.1,27.4,1016.42,0,0,0,0,,
2021-04-25,21:15,13.1,8.9,78,SE,14.5,25.7,1016.7,0,0,0,0,,
2021-04-25,21:30,13.1,9.4,78,ESE,12.9,22.5,1016.59,0,0,0,0,,
2021-04-25,21:45,13.3,8.3,73,ESE,12.9,22.5,1016.53,0,0,0,0,,
2021-04-25,22:00,13.4,8.3,72,EAST,14.5,19.3,1016.19,0,0,0,0,,
2021-04-25,22:15,13.2,7.2,68,ESE,9.7,17.7,1015.71,0,0,0,0,,
2021-04-25,22:30,13,7.2,68,EAST,6.4,19.3,1015.48,0,0,0,0,,
2021-04-25,22:45,12.9,6.7,68,ENE,12.9,17.7,1015.34,0,0,0,0,,
2021-04-25,23:00,12.9,6.7,66,EAST,11.3,24.1,1015.37,0,0,0,0,,
2021-04-25,23:15,12.9,6.7,67,ESE,6.4,22.5,1015.37,0,0,0,0,,
2021-04-25,23:30,12.7,6.7,67,EAST,16.1,20.9,1014.9,0,0,0,0,,
2021-04-25,23:45,12.5,6.7,68,ESE,9.7,27.4,1014.9,0,0,0,0,,
2021-04-25,OVR,,,,,,,,,,,,gustmax,32.2
2021-04-25,OVR,,,,,,,,,,,,rainrate_max,0
2021-04-25,OVR,,,,,,,,,,,,rain_total_mm,0
2021-04-25,OVR,,,,,,,,,,,,tmax,18.8
2021-04-25,OVR,,,,,,,,,,,,tmin,9.8
2021-04-25,OVR,,,,,,,,,,,,wind_dir_mean_deg,126.4
2021-04-26,00:00,12.7,6.7,67,SE,19.3,24.1,1014.66,0,0,0,0,,
2021-04-26,00:15,12.7,6.7,67,EAST,12.9,22.5,1014.46,0,0,0,0,,
2021-04-26,00:30,12.7,6.7,68,ESE,16.1,29,1014.43,0,0,0,0,,
2021-04-26,00:45,12.3,7.2,71,ESE,12.9,24.1,1014.12,0,0,0,0,,
2021-04-26,01:00,12.1,7.8,75,EAST,17.7,24.1,1014.09,0,0,0,0,,
2021-04-26,01:15,12.2,7.8,76,ESE,19.3,27.4,1013.99,0,0,0,0,,
2021-04-26,01:30,12.2,7.8,75,ESE,11.3,25.7,1013.75,0,0,0,0,,
2021-04-26,01:45,11.9,7.8,77,EAST,12.9,22.5,1013.38,0,0,0,0,,
2021-04-26,02:00,11.8,7.8,78,ESE,11.3,27.4,1013.38,0,0,0,0,,
2021-04-26,02:15,11.8,8.3,80,EAST,16.1,29,1013.04,0,0,0,0,,
2021-04-26,02:30,11.6,8.3,82,ESE,14.5,24.1,1012.9,0,0,0,0,,
2021-04-26,02:45,11.5,8.3,83,EAST,6.4,22.5,1012.73,0,0,0,0,,
2021-04-26,03:00,11.4,8.9,84,ENE,20.9,27.4,1012.46,0,0,0,0,,
2021-04-26,03:15,11.3,8.9,85,EAST,11.3,24.1,1012.29,0,0,0,0,,
2021-04-26,03:30,11.5,8.9,85,EAST,12.9,24.1,1012.36,0,0,0,0,,
2021-04-26,03:45,11.5,8.9,85,ESE,12.9,25.7,1012.16,0,0,0,0,,
2021-04-26,04:00,11.4,8.9,85,SE,12.9,30.6,1012.33,0,0,0,0,,
2021-04-26,04:15,11.3,8.9,86,ENE,16.1,20.9,1012.39,0,0,0,0,,
2021-04-26,04:30,11.4,8.9,85,EAST,16.1,24.1,1012.23,0,0,0,0,,
2021-04-26,04:45,11.3,8.9,85,ENE,12.9,25.7,1012.06,0,0,0,0,,
2021-04-26,05:00,11.4,8.9,84,ENE,14.5,25.7,1011.82,0,0,0,0,,
2021-04-26,05:15,11.5,8.9,85,ENE,14.5,25.7,1012.19,0,0,0,0,,
2021-04-26,05:30,11.5,8.9,84,ENE,16.1,24.1,1012.09,0,0,0,0,,
2021-04-26,05:45,11.4,8.9,85,EAST,19.3,22.5,1011.82,0,0,0,0,,
2021-04-26,06:00,11.3,8.9,85,ESE,12.9,24.1,1011.48,0,0,0,0,,
2021-04-26,06:15,11.4,8.9,85,ESE,24.1,30.6,1011.18,0,0,0,0,,
2021-04-26,06:30,11.7,8.9,85,ENE,17.7,33.8,1011.41,0,0,0,0,,
2021-04-26,06:45,11.6,8.9,86,EAST,9.7,29,1011.18,0,0,0,12,,
2021-04-26,07:00,11.5,9.4,87,EAST,12.9,27.4,1010.84,0,0,0,44,,
2021-04-26,07:15,11.8,9.4,87,EAST,16.1,30.6,1010.9,0,0,0,76,,
2021-04-26,07:30,12.2,9.4,86,EAST,11.3,24.1,1011.01,0,0,0,88,,
2021-04-26,07:45,12.4,10,85,EAST,22.5,24.1,1010.87,0,0,0,76,,
2021-04-26,08:00,12.8,10,85,NE,14.5,22.5,1010.74,0,0,0,144,,
2021-04-26,08:15,13.2,10.6,84,EAST,6.4,30.6,1010.36,0,0,0,113,,
2021-04-26,08:30,13.6,10.6,82,ENE,22.5,30.6,1010.4,0,0,1,123,,
2021-04-26,08:45,13.8,10.6,82,ESE,12.9,25.7,1010.16,0,0,1,199,,
2021-04-26,09:00,14.1,10.6,81,ESE,11.3,30.6,1010.8,0,0,1,202,,
2021-04-26,09:15,14.4,10.6,80,EAST,16.1,32.2,1010.43,0,0,1,172,,
2021-04-26,09:30,14.6,11.1,80,ESE,24.1,25.7,1010.63,0,0,1,221,,
2021-04-26,09:45,15.1,11.1,79,ESE,24.1,32.2,1010.5,0,0,1,227,,
2021-04-26,10:00,15.6,11.7,77,EAST,19.3,30.6,1010.7,0,0,3,606,,
2021-04-26,10:15,15.9,11.1,74,ESE,16.1,27.4,1010.8,0,0,2,320,,
2021-04-26,10:30,16.4,12.2,76,ESE,17.7,30.6,1010.46,0,0,3,496,,
2021-04-26,10:45,16.8,12.2,74,ENE,11.3,27.4,1010.13,0,0,2,327,,
2021-04-26,11:00,17.4,12.8,74,SE,12.9,25.7,1009.99,0,0,4,675,,
2021-04-26,11:15,17.7,12.2,71,ESE,22.5,37,1009.25,0,0,5,420,,
2021-04-26,11:30,18,12.2,71,ESE,11.3,27.4,1009.48,0,0,5,909,,
2021-04-26,11:45,18.5,13.3,72,EAST,19.3,24.1,1009.41,0,0,5,809,,
2021-04-26,12:00,18.8,13.3,71,ESE,29,33.8,1009.21,0,0,6,833,,
2021-04-26,12:15,18.5,13.3,73,ESE,16.1,27.4,1009.38,0,0,4,501,,
2021-04-26,12:30,18,13.3,75,ESE,24.1,35.4,1009.04,0,0,3,371,,
2021-04-26,12:45,18.2,13.9,77,SE,30.6,30.6,1008.67,0,0,3,381,,
2021-04-26,13:00,18,13.9,77,SE,24.1,37,1008.64,0,0,3,371,,
2021-04-26,13:15,18.1,13.3,76,ESE,16.1,35.4,1008.64,0,0,3,316,,
2021-04-26,13:30,17.9,13.9,77,EAST,11.3,33.8,1008.4,0,0,6,482,,
2021-04-26,13:45,18,13.3,76,SE,16.1,33.8,1007.99,0,0,6,865,,
2021-04-26,14:00,18.6,13.9,76,ENE,22.5,37,1007.82,0,0,6,879,,
2021-04-26,14:15,18.4,13.9,76,EAST,17.7,33.8,1007.76,0,0,6,877,,
2021-04-26,14:30,18.8,13.9,74,ESE,12.9,30.6,1007.76,0,0,6,823,,
2021-04-26,14:45,18.7,13.9,75,SE,20.9,38.6,1007.48,0,0,4,675,,
2021-04-26,15:00,18.6,13.9,75,EAST,19.3,27.4,1007.35,0,0,5,715,,
2021-04-26,15:15,18.6,13.9,75,ENE,20.9,32.2,1007.35,0,0,4,816,,
2021-04-26,15:30,18.6,13.9,75,ENE,24.1,33.8,1007.11,0,0,5,751,,
2021-04-26,15:45,19,13.9,73,ENE,16.1,35.4,1006.71,0,0,4,671,,
2021-04-26,16:00,19.1,13.9,73,EAST,20.9,27.4,1006.77,0,0,4,719,,
2021-04-26,16:15,18.9,13.9,74,NE,14.5,35.4,1006.64,0,0,4,635,,
2021-04-26,16:30,19,13.9,74,SE,16.1,30.6,1006.5,0,0,3,629,,
2021-04-26,16:45,19.1,13.9,74,ESE,6.4,29,1006.3,0,0,3,570,,
2021-04-26,17:00,18.4,13.9,74,EAST,4.8,24.1,1006.87,0,0,2,545,,
2021-04-26,17:15,18.8,13.9,73,EAST,12.9,25.7,1006.71,0,0,2,520,,
2021-04-26,17:30,19.2,13.9,72,ESE,16.1,25.7,1006.5,0,0,2,485,,
2021-04-26,17:45,18.6,13.9,73,ESE,16.1,29,1005.99,0,0,1,394,,
2021-04-26,18:00,18.3,13.3,74,ESE,24.1,32.2,1005.69,0,0,1,329,,
2021-04-26,18:15,18.2,13.9,76,SE,11.3,29,1005.79,0,0,1,271,,
2021-04-26,18:30,17.8,13.9,78,ESE,16.1,30.6,1005.79,0,0,1,236,,
2021-04-26,18:45,17.3,13.3,80,EAST,12.9,25.7,1006.03,0,0,0,167,,
2021-04-26,19:00,17.1,13.3,81,ESE,4.8,24.1,1005.96,0,0,0,127,,
2021-04-26,19:15,16.8,13.3,82,ESE,16.1,22.5,1006.03,0,0,0,118,,
2021-04-26,19:30,16.5,13.3,82,SE,17.7,20.9,1006.27,0,0,0,88,,
2021-04-26,19:45,16.1,13.3,84,ESE,12.9,20.9,1006.23,0,0,0,37,,
2021-04-26,20:00,15.8,13.3,85,ESE,19.3,25.7,1006.2,0,0,0,18,,
2021-04-26,20:15,15.6,12.8,86,ESE,12.9,24.1,1006.33,0,0,0,0,,
2021-04-26,20:30,15.3,12.8,87,SE,17.7,24.1,1006.6,0,0,0,0,,
2021-04-26,20:45,15.1,12.8,88,SE,8,19.3,1006.77,0,0,0,0,,
2021-04-26,21:00,14.8,12.8,89,ESE,6.4,17.7,1006.91,0,0,0,0,,
2021-04-26,21:15,14.8,12.8,89,ESE,11.3,22.5,1007.32,0,0,0,0,,
2021-04-26,21:30,14.8,12.8,90,ESE,20.9,25.7,1007.38,0,0,0,0,,
2021-04-26,21:45,14.7,12.8,90,SE,19.3,24.1,1007.32,0,0,0,0,,
2021-04-26,22:00,14.6,12.8,91,ESE,12.9,22.5,1007.55,0,0,0,0,,
2021-04-26,22:15,14.4,12.8,91,ESE,19.3,22.5,1007.48,0,0,0,0,,
2021-04-26,22:30,14.4,12.8,91,ESE,14.5,20.9,1007.28,0,0,0,0,,
2021-04-26,22:45,14.3,12.8,92,ESE,6.4,17.7,1007.55,0,0,0,0,,
2021-04-26,23:00,14.3,12.8,92,SE,3.2,12.9,1007.82,0,0,0,0,,
2021-04-26,23:15,14.2,12.8,92,SE,4.8,11.3,1007.96,0,0,0,0,,
2021-04-26,23:30,14.2,12.8,93,SE,11.3,16.1,1007.82,0,0,0,0,,
2021-04-26,23:45,14.2,12.8,93,SE,6.4,14.5,1007.96,0,0,0,0,,
2021-04-26,OVR,,,,,,,,,,,,gustmax,38.6
2021-04-26,OVR,,,,,,,,,,,,rainrate_max,0
2021-04-26,OVR,,,,,,,,,,,,rain_total_mm,0
2021-04-26,OVR,,,,,,,,,,,,tmax,19.3
2021-04-26,OVR,,,,,,,,,,,,tmin,11.3
2021-04-26,OVR,,,,,,,,,,,,wind_dir_mean_deg,108.5
2021-04-27,00:00,14.3,12.8,93,ESE,4.8,12.9,1007.96,0,0,0,0,,
2021-04-27,00:15,14.4,13.3,93,SSE,3.2,11.3,1008.06,0,0,0,0,,
2021-04-27,00:30,14.3,12.8,93,NORTH,0,8,1007.96,0,0,0,0,,
2021-04-27,00:45,14.4,13.3,93,SE,1.6,4.8,1007.86,0,0,0,0,,
2021-04-27,01:00,14.6,13.3,92,SE,1.6,4.8,1007.76,0,0,0,0,,
2021-04-27,01:15,14.7,13.3,91,NORTH,0,0,1007.45,0,0,0,0,,
2021-04-27,01:30,14.7,13.3,91,NORTH,0,1.6,1007.32,0,0,0,0,,
2021-04-27,01:45,14.6,12.8,91,NORTH,0,1.6,1007.21,0,0,0,0,,
2021-04-27,02:00,14.3,12.8,91,NORTH,0,1.6,1007.04,0,0,0,0,,
2021-04-27,02:15,13.6,12.2,92,NORTH,0,3.2,1007.11,0,0,0,0,,
2021-04-27,02:30,13.2,11.7,93,NORTH,0,3.2,1006.87,0,0,0,0,,
2021-04-27,02:45,13.3,12.2,94,SE,1.6,3.2,1006.77,0,0,0,0,,
2021-04-27,03:00,13.3,12.2,94,NORTH,0,3.2,1006.57,0,0,0,0,,
2021-04-27,03:15,13.4,12.2,94,NORTH,0,1.6,1006.47,0,0,0,0,,
2021-04-27,03:30,13.6,12.8,94,NORTH,0,3.2,1006.57,0,0,0,0,,
2021-04-27,03:45,13.6,12.2,94,NORTH,0,1.6,1006.43,0,0,0,0,,
2021-04-27,04:00,12.9,11.7,94,NORTH,0,3.2,1006.67,0,0,0,0,,
2021-04-27,04:15,13.2,12.2,95,SE,1.6,1.6,1006.5,0,0,0,0,,
2021-04-27,04:30,13.3,12.2,94,NORTH,0,4.8,1006.6,0,0,0,0,,
2021-04-27,04:45,13.4,12.2,94,WSW,3.2,6.4,1006.5,0,0,0,0,,
2021-04-27,05:00,13.2,12.2,94,NORTH,0,1.6,1006.5,0,0,0,0,,
2021-04-27,05:15,13.2,12.2,94,NORTH,0,1.6,1006.47,0,0,0,0,,
2021-04-27,05:30,13.1,12.2,94,WSW,1.6,1.6,1006.5,0,0,0,0,,
2021-04-27,05:45,13.3,12.2,95,SSE,1.6,8,1006.64,0,0,0,0,,
2021-04-27,06:00,13.4,12.2,94,NORTH,0,3.2,1006.43,0,0,0,0,,
2021-04-27,06:15,13.4,12.2,93,SSE,1.6,8,1006.57,0,0,0,0,,
2021-04-27,06:30,13.5,12.2,93,SSE,6.4,11.3,1006.54,0,0,0,0,,
2021-04-27,06:45,13.3,12.2,93,SE,3.2,9.7,1006.94,0,0,0,9,,
2021-04-27,07:00,13.1,11.7,94,SE,4.8,6.4,1006.81,0,0,0,32,,
2021-04-27,07:15,13.1,12.2,94,SE,3.2,8,1006.94,0,0,0,102,,
2021-04-27,07:30,13.5,12.2,93,SSE,3.2,8,1007.04,0,0,0,98,,
2021-04-27,07:45,13.8,12.2,92,SSE,3.2,12.9,1007.21,0,0,0,86,,
2021-04-27,08:00,14,12.2,91,SSE,6.4,12.9,1007.18,0,0,0,104,,
2021-04-27,08:15,14.1,12.2,89,SOUTH,1.6,12.9,1007.42,0,0,0,47,,
2021-04-27,08:30,14.1,12.2,90,SOUTH,1.6,8,1007.35,0,0,0,62,,
2021-04-27,08:45,14.2,12.2,90,SSW,1.6,8,1007.55,0,0,0,107,,
2021-04-27,09:00,15,12.8,88,WEST,4.8,8,1007.52,0,0,1,255,,
2021-04-27,09:15,15.1,12.8,87,SOUTH,1.6,8,1007.55,0,0,2,272,,
2021-04-27,09:30,15.4,12.8,85,SOUTH,1.6,11.3,1007.76,0,0,1,311,,
2021-04-27,09:45,15.6,12.8,84,WEST,4.8,14.5,1007.69,0,0,1,236,,
2021-04-27,10:00,15.4,12.8,84,SW,1.6,12.9,1007.59,0,0,1,213,,
2021-04-27,10:15,15.8,12.8,82,WEST,3.2,17.7,1007.82,0,0,4,311,,
2021-04-27,10:30,16.1,13.3,83,SW,1.6,16.1,1007.89,0,0,3,431,,
2021-04-27,10:45,15.7,12.2,82,WEST,1.6,16.1,1008.2,0,0,1,127,,
2021-04-27,11:00,15.7,12.8,83,WNW,8,11.3,1008.16,0,0,2,248,,
2021-04-27,11:15,15.6,12.2,82,WSW,6.4,14.5,1008.23,0,0,1,155,,
2021-04-27,11:30,15.6,12.2,83,WNW,3.2,11.3,1008.13,0,0,1,165,,
2021-04-27,11:45,16.1,12.8,81,SOUTH,1.6,20.9,1008.23,0,0,1,137,,
2021-04-27,12:00,15.8,12.2,82,WEST,1.6,17.7,1008.23,0,0,1,162,,
2021-04-27,12:15,15.8,12.2,81,WEST,6.4,27.4,1008.23,0,0,1,149,,
2021-04-27,12:30,15.7,12.2,82,WEST,1.6,24.1,1008.23,0,0,2,241,,
2021-04-27,12:45,15.7,12.2,82,WEST,17.7,22.5,1008.13,0,0,2,269,,
2021-04-27,13:00,16.5,12.8,79,WEST,9.7,20.9,1008.06,0,0,4,540,,
2021-04-27,13:15,16.5,12.2,78,WNW,14.5,22.5,1008.13,0,0,1,158,,
2021-04-27,13:30,16.7,12.8,78,WSW,3.2,20.9,1007.99,0,0,3,422,,
2021-04-27,13:45,16.8,12.8,77,WNW,14.5,19.3,1007.99,0,0,4,536,,
2021-04-27,14:00,17.1,12.2,74,WEST,4.8,22.5,1007.82,0,0,5,503,,
2021-04-27,14:15,17.1,12.2,74,WEST,9.7,11.3,1007.86,0,0,2,257,,
2021-04-27,14:30,17.1,12.2,75,WEST,6.4,19.3,1007.86,0,0,3,392,,
2021-04-27,14:45,17.3,12.2,73,WNW,8,22.5,1007.86,0,0,3,346,,
2021-04-27,15:00,16.9,12.2,75,WNW,6.4,20.9,1007.99,0,0,1,179,,
2021-04-27,15:15,17.2,12.8,75,NW,6.4,16.1,1006.74,0,0,2,352,,
2021-04-27,15:30,16.9,12.2,76,NW,8,14.5,1007.28,0,0,1,165,,
2021-04-27,15:45,16.2,12.8,81,WEST,11.3,27.4,1007.38,0,0,1,199,,
2021-04-27,16:00,15.4,12.2,83,NW,8,16.1,1007.01,0,0,1,179,,
2021-04-27,16:15,15.6,12.8,86,WNW,6.4,11.3,1006.71,0,0,3,684,,
2021-04-27,16:30,15.6,12.8,85,WNW,14.5,19.3,1006.94,0,0,2,336,,
2021-04-27,16:45,16.2,13.3,84,WNW,6.4,17.7,1006.71,0,0,3,752,,
2021-04-27,17:00,16.4,12.8,81,WNW,9.7,17.7,1006.77,0,0,2,619,,
2021-04-27,17:15,16.9,12.8,76,WNW,19.3,22.5,1006.71,0,0,2,705,,
2021-04-27,17:30,17.2,12.8,75,WEST,3.2,29,1006.77,0,0,2,555,,
2021-04-27,17:45,17,12.8,76,WEST,6.4,20.9,1006.74,0,0,2,466,,
2021-04-27,18:00,17,12.2,75,WSW,16.1,22.5,1006.57,0,0,1,70,,
2021-04-27,18:15,16.4,12.2,78,WNW,16.1,27.4,1006.57,0,0,1,127,,
2021-04-27,18:30,16.3,12.2,77,WEST,12.9,29,1006.81,0,0,0,134,,
2021-04-27,18:45,16.3,12.2,77,SSE,16.1,30.6,1006.94,0,0,0,127,,
2021-04-27,19:00,16,12.2,78,WEST,17.7,27.4,1006.98,0,0,0,62,,
2021-04-27,19:15,15.6,11.7,79,WEST,12.9,32.2,1006.87,0,0,0,107,,
2021-04-27,19:30,15.4,11.7,80,WNW,11.3,25.7,1007.21,0,0,0,42,,
2021-04-27,19:45,15,11.7,81,WEST,11.3,17.7,1007.25,0,0,0,18,,
2021-04-27,20:00,14.8,11.7,82,WNW,6.4,19.3,1007.42,0,0,0,7,,
2021-04-27,20:15,14.3,11.7,84,WNW,3.2,11.3,1007.42,0,0,0,0,,
2021-04-27,20:30,13.7,11.1,86,NORTH,0,8,1007.62,0,0,0,0,,
2021-04-27,20:45,13.6,11.1,87,WNW,3.2,4.8,1007.55,0,0,0,0,,
2021-04-27,21:00,13.3,11.1,88,WNW,6.4,11.3,1007.89,0,0,0,0,,
2021-04-27,21:15,13.6,11.1,87,WNW,4.8,11.3,1007.86,0,0,0,0,,
2021-04-27,21:30,12.7,10.6,88,ENE,1.6,4.8,1007.99,0,0,0,0,,
2021-04-27,21:45,12.6,10.6,90,NORTH,0,3.2,1008.13,0,0,0,0,,
2021-04-27,22:00,12.6,11.1,91,NNE,1.6,3.2,1008.33,0,0,0,0,,
2021-04-27,22:15,12.3,10.6,91,NNE,1.6,3.2,1008.33,0,0,0,0,,
2021-04-27,22:30,12.2,10.6,92,NNE,1.6,3.2,1008.43,0,0,0,0,,
2021-04-27,22:45,12,10.6,92,NORTH,0,3.2,1008.7,0,0,0,0,,
2021-04-27,23:00,11.9,10.6,93,NNE,1.6,3.2,1008.94,0,0,0,0,,
2021-04-27,23:15,12.1,10.6,93,NNE,1.6,3.2,1008.74,0,0,0,0,,
2021-04-27,23:30,12.1,10.6,93,NORTH,0,1.6,1008.81,0,0,0,0,,
2021-04-27,23:45,12,10.6,94,NORTH,0,1.6,1008.84,0,0,0,0,,
2021-04-27,OVR,,,,,,,,,,,,gustmax,32.2
2021-04-27,OVR,,,,,,,,,,,,rainrate_max,0
2021-04-27,OVR,,,,,,,,,,,,rain_total_mm,0
2021-04-27,OVR,,,,,,,,,,,,tmax,17.4
2021-04-27,OVR,,,,,,,,,,,,tmin,11.7
2021-04-27,OVR,,,,,,,,,,,,wind_dir_mean_deg,257.5
2021-04-28,00:00,12.1,11.1,94,NNE,1.6,3.2,1008.94,0,0,0,0,,
2021-04-28,00:15,12,10.6,94,NORTH,0,3.2,1008.97,0,0,0,0,,
2021-04-28,00:30,11.8,10.6,94,NNE,1.6,3.2,1008.91,0,0,0,0,,
2021-04-28,00:45,12.2,11.1,94,NNE,1.6,3.2,1009.01,0,0,0,0,,
2021-04-28,01:00,12.7,11.7,94,NNE,1.6,3.2,1008.77,0,0,0,0,,
2021-04-28,01:15,12.7,11.7,94,NORTH,0,3.2,1008.84,0,0,0,0,,
2021-04-28,01:30,12.7,11.7,94,NORTH,0,3.2,1008.81,0,0,0,0,,
2021-04-28,01:45,12.7,11.7,94,NORTH,0,3.2,1008.7,0,0,0,0,,
2021-04-28,02:00,12.9,11.7,94,NORTH,0,3.2,1008.64,0,0,0,0,,
2021-04-28,02:15,13,11.7,93,NORTH,0,3.2,1008.5,0,0,0,0,,
2021-04-28,02:30,13,11.7,93,NORTH,0,3.2,1008.43,0,0,0,0,,
2021-04-28,02:45,12.9,11.7,93,NNE,1.6,3.2,1008.47,0,0,0,0,,
2021-04-28,03:00,12.9,11.7,93,ENE,1.6,3.2,1008.43,0,0,0,0,,
2021-04-28,03:15,12.9,11.7,93,ENE,4.8,4.8,1008.47,0,0,0,0,,
2021-04-28,03:30,12.9,11.7,93,SE,3.2,9.7,1008.3,0,0,0,0,,
2021-04-28,03:45,12.6,11.1,93,ESE,6.4,11.3,1008.23,0,0,0,0,,
2021-04-28,04:00,12.7,11.7,93,SE,6.4,11.3,1008.3,0,0,0,0,,
2021-04-28,04:15,12.6,11.1,93,SE,3.2,8,1008.4,0,0,0,0,,
2021-04-28,04:30,12.5,11.1,93,SE,3.2,9.7,1008.4,0,0,0,0,,
2021-04-28,04:45,12.4,11.1,93,SE,4.8,11.3,1008.33,0,0,0,0,,
2021-04-28,05:00,12.6,11.1,93,SSE,4.8,12.9,1008.5,0,0,0,0,,
2021-04-28,05:15,12.7,11.7,93,WNW,6.4,11.3,1008.47,0,0,0,0,,
2021-04-28,05:30,12.8,11.7,93,WNW,1.6,9.7,1008.74,0,0,0,0,,
2021-04-28,05:45,12.6,11.1,93,NORTH,0,4.8,1008.57,0,0,0,0,,
2021-04-28,06:00,12.7,11.1,93,NORTH,0,4.8,1008.64,0,0,0,0,,
2021-04-28,06:15,12.8,11.7,92,NORTH,0,1.6,1008.94,0,0,0,0,,
2021-04-28,06:30,12.8,11.7,92,NORTH,0,1.6,1009.11,0,0,0,0,,
2021-04-28,06:45,12.9,11.7,92,NORTH,0,1.6,1009.04,0,0,0,0,,
2021-04-28,07:00,12.8,11.7,93,NORTH,0,1.6,1009.08,0,0,0,14,,
2021-04-28,07:15,12.9,11.7,93,NORTH,0,1.6,1009.14,0,0,0,23,,
2021-04-28,07:30,13.1,11.7,93,SSE,1.6,3.2,1009.35,0,0,0,37,,
2021-04-28,07:45,13.1,11.7,92,SSE,1.6,3.2,1009.21,0,0,0,58,,
2021-04-28,08:00,13.3,11.7,91,SSE,1.6,4.8,1009.28,0,0,0,54,,
2021-04-28,08:15,13.5,11.7,91,SSE,3.2,3.2,1009.41,0,0,0,74,,
2021-04-28,08:30,13.6,11.7,91,SW,1.6,3.2,1009.41,0,0,0,123,,
2021-04-28,08:45,13.7,12.2,91,NORTH,0,6.4,1009.62,0,0,1,148,,
2021-04-28,09:00,13.8,12.2,90,WNW,1.6,4.8,1009.65,0,0,1,204,,
2021-04-28,09:15,14.1,12.2,90,WNW,1.6,4.8,1009.52,0,0,1,155,,
2021-04-28,09:30,14.8,12.2,86,WNW,3.2,11.3,1009.72,0,0,2,501,,
2021-04-28,09:45,14.9,12.2,85,NORTH,0,9.7,1009.75,0,0,1,181,,
2021-04-28,10:00,14.9,12.2,85,WNW,4.8,14.5,1010.02,0,0,1,221,,
2021-04-28,10:15,15,12.2,85,NW,8,12.9,1009.99,0,0,3,371,,
2021-04-28,10:30,15.3,12.2,82,WNW,3.2,14.5,1010.16,0,0,4,246,,
2021-04-28,10:45,15.8,12.2,81,NNW,3.2,12.9,1010.13,0,0,5,780,,
2021-04-28,11:00,16.2,12.2,77,WEST,1.6,14.5,1010.19,0,0,4,204,,
2021-04-28,11:15,17.1,12.8,76,,3.2,16.1,1010.13,0,0,6,940,,
2021-04-28,11:30,17.3,12.8,76,WNW,4.8,19.3,1010.3,0,0,4,283,,
2021-04-28,11:45,17.8,12.8,74,WEST,12.9,16.1,1010.26,0,0,6,1013,,
2021-04-28,12:00,17.7,12.8,74,NW,11.3,19.3,1010.26,0,0,3,1060,,
2021-04-28,12:15,17.6,12.8,74,WNW,1.6,16.1,1010.5,0,0,7,1095,,
2021-04-28,12:30,18.1,12.8,72,WNW,11.3,24.1,1010.53,0,0,7,984,,
2021-04-28,12:45,18.6,13.3,72,SOUTH,1.6,17.7,1010.74,0,0,8,1025,,
2021-04-28,13:00,18.3,12.8,72,WNW,6.4,22.5,1010.57,0,0,8,229,,
2021-04-28,13:15,19.3,13.9,71,SOUTH,6.4,14.5,1010.77,0,0,4,248,,
2021-04-28,13:30,18.6,13.3,72,NORTH,0,24.1,1010.84,0,0,4,243,,
2021-04-28,13:45,18.8,13.9,73,WEST,22.5,24.1,1010.53,0,0,7,939,,
2021-04-28,14:00,18.9,13.9,73,WNW,11.3,24.1,1010.57,0,0,7,914,,
2021-04-28,14:15,19.2,13.3,71,WNW,11.3,25.7,1010.43,0,0,7,875,,
2021-04-28,14:30,19.1,13.9,72,WNW,11.3,25.7,1010.57,0,0,7,900,,
2021-04-28,14:45,19.4,13.9,70,SSW,3.2,24.1,1010.3,0,0,7,865,,
2021-04-28,15:00,19.4,13.3,67,WNW,11.3,22.5,1010.33,0,0,6,833,,
2021-04-28,15:15,20,13.3,65,WNW,6.4,19.3,1010.23,0,0,6,812,,
2021-04-28,15:30,20.2,13.3,65,WNW,17.7,24.1,1010.19,0,0,5,784,,
2021-04-28,15:45,20.3,13.3,65,WNW,20.9,19.3,1010.13,0,0,4,127,,
2021-04-28,16:00,20.2,12.8,64,WEST,4.8,20.9,1010.19,0,0,5,721,,
2021-04-28,16:15,20.3,12.8,64,WEST,11.3,25.7,1010.16,0,0,4,564,,
2021-04-28,16:30,20.3,12.8,62,WEST,6.4,25.7,1009.99,0,0,3,591,,
2021-04-28,16:45,20.3,12.8,61,WEST,20.9,24.1,1009.92,0,0,3,656,,
2021-04-28,17:00,20.4,12.2,61,WEST,6.4,22.5,1009.96,0,0,3,589,,
2021-04-28,17:15,20,12.2,63,WEST,14.5,29,1010.19,0,0,2,520,,
2021-04-28,17:30,19.9,12.8,64,WEST,9.7,24.1,1010.26,0,0,2,355,,
2021-04-28,17:45,19.7,12.8,64,WNW,6.4,25.7,1010.23,0,0,2,418,,
2021-04-28,18:00,19.6,12.2,63,WNW,11.3,25.7,1010.33,0,0,1,353,,
2021-04-28,18:15,19.6,12.8,64,WNW,6.4,24.1,1010.13,0,0,1,285,,
2021-04-28,18:30,19.4,11.7,62,NW,8,16.1,1009.92,0,0,1,229,,
2021-04-28,18:45,19.3,11.1,60,WEST,14.5,19.3,1010.19,0,0,0,111,,
2021-04-28,19:00,19.3,11.7,61,WNW,8,20.9,1009.99,0,0,0,148,,
2021-04-28,19:15,19.1,11.1,60,WEST,12.9,17.7,1009.89,0,0,0,102,,
2021-04-28,19:30,18.8,11.1,61,WNW,12.9,19.3,1010.06,0,0,0,46,,
2021-04-28,19:45,18.3,11.7,66,WNW,4.8,11.3,1010.06,0,0,0,30,,
2021-04-28,20:00,17.9,11.7,68,WNW,3.2,11.3,1010.13,0,0,0,14,,
2021-04-28,20:15,16.7,11.7,73,WNW,1.6,4.8,1009.99,0,0,0,0,,
2021-04-28,20:30,15.6,11.1,76,WNW,1.6,3.2,1009.89,0,0,0,0,,
2021-04-28,20:45,14.7,10.6,78,WNW,1.6,3.2,1009.89,0,0,0,0,,
2021-04-28,21:00,14.6,10.6,77,WNW,1.6,3.2,1010.02,0,0,0,0,,
2021-04-28,21:15,14.3,10,76,WNW,1.6,3.2,1010.16,0,0,0,0,,
2021-04-28,21:30,14.8,10,74,WNW,3.2,3.2,1010.5,0,0,0,0,,
2021-04-28,21:45,14.6,10,74,WNW,3.2,3.2,1010.63,0,0,0,0,,
2021-04-28,22:00,14.5,10,74,WSW,1.6,3.2,1010.67,0,0,0,0,,
2021-04-28,22:15,14.4,9.4,74,WSW,1.6,3.2,1010.9,0,0,0,0,,
2021-04-28,22:30,14,10,76,WSW,1.6,3.2,1011.07,0,0,0,0,,
2021-04-28,22:45,14.8,10,73,SSW,3.2,4.8,1011.07,0,0,0,0,,
2021-04-28,23:00,14.5,10,74,SSE,3.2,6.4,1011.04,0,0,0,0,,
2021-04-28,23:15,14.9,10,74,ESE,3.2,6.4,1011.07,0,0,0,0,,
2021-04-28,23:30,14.9,10.6,75,ESE,4.8,6.4,1011.11,0,0,0,0,,
2021-04-28,23:45,15.6,11.1,75,ESE,4.8,14.5,1011.14,0,0,0,0,,
2021-04-28,OVR,,,,,,,,,,,,gustmax,29
2021-04-28,OVR,,,,,,,,,,,,rainrate_max,0
2021-04-28,OVR,,,,,,,,,,,,rain_total_mm,0
2021-04-28,OVR,,,,,,,,,,,,tmax,20.8
2021-04-28,OVR,,,,,,,,,,,,tmin,11.6
2021-04-28,OVR,,,,,,,,,,,,wind_dir_mean_deg,285.4
2021-04-29,OVR,,,,,,,,,,,,gustmax,32.2
2021-04-29,OVR,,,,,,,,,,,,rainrate_max,24.8
2021-04-29,OVR,,,,,,,,,,,,rain_total_mm,6.8
2021-04-29,OVR,,,,,,,,,,,,tmax,22.2
2021-04-29,OVR,,,,,,,,,,,,tmin,13.1
2021-04-29,OVR,,,,,,,,,,,,wind_dir_mean_deg,292.5
2021-04-30,00:00,14.4,11.1,81,NNE,3.2,4.8,1013.24,0,0,0,0,,
2021-04-30,00:15,13.8,10.6,82,NE,3.2,4.8,1013.28,0,0,0,0,,
2021-04-30,00:30,14.1,10.6,81,NE,3.2,6.4,1013.14,0,0,0,0,,
2021-04-30,00:45,14.2,10.6,80,NE,3.2,4.8,1013.07,0,0,0,0,,
2021-04-30,01:00,13.7,10.6,82,EAST,1.6,4.8,1013.07,0,0,0,0,,
2021-04-30,01:15,13.7,10.6,83,ESE,4.8,9.7,1012.84,0,0,0,0,,
2021-04-30,01:30,13.8,11.1,84,ESE,3.2,9.7,1012.73,0,0,0,0,,
2021-04-30,01:45,14.8,11.1,81,ESE,9.7,12.9,1012.94,0,0,0,0,,
2021-04-30,02:00,14.6,10.6,79,ESE,4.8,12.9,1012.63,0,0,0,0,,
2021-04-30,02:15,13.7,10.6,83,ESE,6.4,9.7,1012.6,0,0,0,0,,
2021-04-30,16:45,22.8,15,63,SSE,1.6,9.7,1009.21,0,0,2,374,,
2021-04-30,17:00,22.6,15.6,64,SOUTH,3.2,14.5,1009.28,0,0,2,309,,
2021-04-30,17:15,22.5,15.6,66,SOUTH,3.2,9.7,1009.08,0,0,2,299,,
2021-04-30,17:30,22.2,15,65,SOUTH,3.2,8,1009.28,0,0,2,380,,
2021-04-30,17:45,22.6,14.4,61,WNW,6.4,12.9,1009.31,0,0,2,373,,
2021-04-30,18:00,22.4,14.4,60,SOUTH,1.6,9.7,1009.79,0,0,1,360,,
2021-04-30,18:15,22.3,12.8,56,WSW,1.6,14.5,1009.96,0,0,1,243,,
2021-04-30,18:30,22,13.3,59,WEST,4.8,11.3,1009.82,0,0,1,199,,
2021-04-30,18:45,21.8,13.9,61,NORTH,0,9.7,1009.72,0,0,0,200,,
2021-04-30,19:00,21.7,13.9,62,SSW,1.6,4.8,1009.21,0,0,0,109,,
2021-04-30,19:15,21.3,14.4,65,SSE,4.8,8,1009.41,0,0,0,62,,
2021-04-30,19:30,20.5,14.4,69,NORTH,0,8,1009.35,0,0,0,18,,
2021-04-30,19:45,18.3,13.3,73,SOUTH,3.2,4.8,1009.28,0,0,0,14,,
2021-04-30,20:00,17.6,13.3,76,NORTH,0,4.8,1009.38,0,0,0,9,,
2021-04-30,20:15,17.1,12.8,78,NORTH,0,4.8,1009.31,0,0,0,0,,
2021-04-30,20:30,16.8,13.3,79,NORTH,0,4.8,1009.62,0,0,0,0,,
2021-04-30,20:45,16.6,12.2,77,SW,1.6,8,1009.79,0,0,0,0,,
2021-04-30,21:00,16.4,11.7,75,NORTH,0,12.9,1009.92,0,0,0,0,,
2021-04-30,21:15,16.1,12.2,80,NORTH,0,6.4,1010.19,0,0,0,0,,
2021-04-30,21:30,15.8,12.2,81,WEST,1.6,4.8,1010.16,0,0,0,0,,
2021-04-30,21:45,15.4,12.2,83,NORTH,0,3.2,1010.7,0,0,0,0,,
2021-04-30,22:00,15.1,12.2,83,WEST,3.2,3.2,1010.8,0,0,0,0,,
2021-04-30,22:15,15.2,11.7,81,SSW,3.2,4.8,1010.5,0,0,0,0,,
2021-04-30,22:30,15.9,11.7,76,ESE,4.8,9.7,1010.8,0,0,0,0,,
2021-04-30,22:45,15.8,11.7,78,EAST,1.6,9.7,1010.74,0,0,0,0,,
2021-04-30,23:00,16.1,12.2,77,ESE,6.4,16.1,1010.7,0,0,0,0,,
2021-04-30,23:15,16.2,12.2,78,ESE,9.7,14.5,1010.4,0,0,0,0,,
2021-04-30,23:30,16.3,12.2,78,SE,3.2,14.5,1010.57,0,0,0,0,,
2021-04-30,23:45,16.4,12.2,78,EAST,6.4,12.9,1010.19,0,0,0,0,,
2021-04-30,OVR,,,,,,,,,,,,gustmax,22.5
2021-04-30,OVR,,,,,,,,,,,,rainrate_max,0
2021-04-30,OVR,,,,,,,,,,,,rain_total_mm,0
2021-04-30,OVR,,,,,,,,,,,,tmax,23.8
2021-04-30,OVR,,,,,,,,,,,,tmin,13.1
2021-04-30,OVR,,,,,,,,,,,,wind_dir_mean_deg,122.5
