date,time,temp_c,dewpoint_c,rh_pct,wind_dir_txt,wind_kmh,gust_kmh,press_hpa,rain_acc_mm,rain_rate_mmph,uv,solar_wm2,key,value
2021-07-01,00:00,19.2,15,79,WSW,3.2,12.9,1019.07,0,0,0,0,,
2021-07-01,00:15,19,15,80,NORTH,0,11.3,1019.13,0,0,0,0,,
2021-07-01,00:30,18.9,15,79,WSW,1.6,11.3,1019.07,0,0,0,0,,
2021-07-01,00:45,18.7,15,80,NORTH,0,6.4,1019.1,0,0,0,0,,
2021-07-01,01:00,18.8,15,81,WEST,6.4,14.5,1018.93,0,0,0,0,,
2021-07-01,01:15,18.7,15,81,WSW,4.8,11.3,1019.03,0,0,0,0,,
2021-07-01,01:30,18.7,15,81,NORTH,0,14.5,1018.83,0,0,0,0,,
2021-07-01,01:45,18.5,15,82,WEST,3.2,12.9,1018.83,0,0,0,0,,
2021-07-01,02:00,18.6,15.6,82,WEST,9.7,16.1,1018.8,0,0,0,0,,
2021-07-01,02:15,18.5,15.6,83,WEST,12.9,17.7,1018.63,0,0,0,0,,
2021-07-01,02:30,18.3,15.6,83,WEST,4.8,14.5,1018.76,0,0,0,0,,
2021-07-01,02:45,18.2,15,84,WNW,4.8,12.9,1018.76,0,0,0,0,,
2021-07-01,03:00,18.2,15.6,84,WEST,6.4,14.5,1018.56,0,0,0,0,,
2021-07-01,03:15,18.1,15,84,WEST,9.7,14.5,1018.73,0,0,0,0,,
2021-07-01,03:30,18,15,85,WNW,11.3,16.1,1018.42,0,0,0,0,,
2021-07-01,03:45,17.9,15.6,86,WEST,6.4,14.5,1018.39,0,0,0,0,,
2021-07-01,04:00,17.7,15.6,87,WNW,12.9,14.5,1018.32,0,0,0,0,,
2021-07-01,04:15,17.6,15,86,WNW,6.4,16.1,1018.22,0,0,0,0,,
2021-07-01,04:30,17.6,15,86,WEST,6.4,14.5,1018.22,0,0,0,0,,
2021-07-01,04:45,17.8,15,84,WNW,8,20.9,1018.02,0,0,0,0,,
2021-07-01,05:00,17.7,14.4,82,WEST,16.1,24.1,1017.95,0,0,0,0,,
2021-07-01,05:15,17.1,13.9,83,WNW,1.6,4.8,1017.88,0,0,0,0,,
2021-07-01,05:30,16.2,13.3,85,WNW,3.2,3.2,1017.88,0,0,0,0,,
2021-07-01,05:45,16.4,13.9,84,WNW,1.6,3.2,1017.78,0,0,0,0,,
2021-07-01,06:00,16.4,13.3,83,NORTH,0,6.4,1017.88,0,0,0,0,,
2021-07-01,06:15,16.5,13.3,83,NW,1.6,3.2,1017.81,0,0,0,9,,
2021-07-01,06:30,16.4,13.3,84,NW,1.6,3.2,1017.85,0,0,0,33,,
2021-07-01,06:45,17.2,14.4,84,NW,1.6,3.2,1018.12,0,0,0,69,,
2021-07-01,07:00,17.7,14.4,82,NORTH,0,0,1018.02,0,0,0,113,,
2021-07-01,07:15,18.2,14.4,81,NORTH,0,0,1018.02,0,0,0,137,,
2021-07-01,07:30,19.1,15,77,NORTH,0,1.6,1018.15,0,0,0,209,,
2021-07-01,07:45,19.9,13.3,67,NW,3.2,6.4,1018.29,0,0,1,257,,
2021-07-01,08:00,20.2,12.8,64,NW,3.2,6.4,1018.29,0,0,1,302,,
2021-07-01,08:15,20.8,12.8,61,NW,3.2,4.8,1018.39,0,0,1,348,,
2021-07-01,08:30,21.6,13.9,61,NW,1.6,6.4,1018.46,0,0,1,396,,
2021-07-01,08:45,22.1,14.4,63,NW,1.6,4.8,1018.56,0,0,2,439,,
2021-07-01,09:00,23,13.3,56,WNW,3.2,6.4,1018.73,0,0,2,487,,
2021-07-01,09:15,23.3,13.9,57,WNW,3.2,11.3,1018.63,0,0,2,534,,
2021-07-01,09:30,23.5,12.2,49,WNW,4.8,11.3,1018.73,0,0,1,561,,
2021-07-01,09:45,23.9,12.8,50,WNW,3.2,12.9,1018.66,0,0,3,552,,
2021-07-01,10:00,24.4,12.2,47,WEST,11.3,12.9,1018.76,0,0,3,522,,
2021-07-01,10:15,24.7,12.2,46,WNW,11.3,16.1,1018.8,0,0,4,541,,
2021-07-01,10:30,25.4,12.8,46,WNW,4.8,16.1,1018.86,0,0,4,633,,
2021-07-01,10:45,25.8,12.2,43,WEST,6.4,14.5,1018.9,0,0,5,758,,
2021-07-01,11:00,26.2,12.2,43,WNW,9.7,14.5,1019,0,0,5,800,,
2021-07-01,11:15,26.2,12.8,43,WNW,11.3,22.5,1018.66,0,0,6,831,,
2021-07-01,11:30,26.7,14.4,48,WNW,6.4,8,1018.59,0,0,6,854,,
2021-07-01,11:45,27,13.3,44,WEST,4.8,20.9,1018.46,0,0,6,879,,
2021-07-01,12:00,27.3,13.9,43,WEST,6.4,22.5,1018.25,0,0,5,824,,
2021-07-01,12:15,27.7,15,46,WEST,12.9,27.4,1018.46,0,0,7,912,,
2021-07-01,12:30,27.8,15.6,48,WEST,16.1,20.9,1018.56,0,0,7,933,,
2021-07-01,12:45,28.2,16.1,49,WNW,11.3,25.7,1018.49,0,0,7,954,,
2021-07-01,13:00,28,16.7,51,WEST,19.3,43.5,1018.56,0,0,7,947,,
2021-07-01,13:15,28,17.2,52,WEST,16.1,41.8,1018.56,0,0,8,988,,
2021-07-01,13:30,27.8,16.7,51,WEST,25.7,43.5,1018.56,0,0,8,970,,
2021-07-01,13:45,28.3,16.1,48,WNW,14.5,38.6,1018.49,0,0,7,886,,
2021-07-01,14:00,27.9,15.6,47,WEST,24.1,45.1,1018.66,0,0,6,812,,
2021-07-01,14:15,28.3,15.6,46,WEST,38.6,43.5,1018.49,0,0,6,891,,
2021-07-01,14:30,28.3,16.1,47,WEST,20.9,40.2,1018.59,0,0,7,939,,
2021-07-01,14:45,29.1,16.1,45,WEST,30.6,40.2,1018.32,0,0,7,898,,
2021-07-01,15:00,28.9,15.6,44,WEST,25.7,40.2,1018.29,0,0,6,867,,
2021-07-01,15:15,28.4,15,44,WNW,27.4,51.5,1018.46,0,0,6,844,,
2021-07-01,15:30,28.7,15.6,45,WNW,16.1,48.3,1018.25,0,0,6,814,,
2021-07-01,15:45,28.8,15.6,45,WEST,20.9,40.2,1018.19,0,0,5,793,,
2021-07-01,16:00,28.2,15.6,46,WNW,19.3,43.5,1018.15,0,0,5,664,,
2021-07-01,16:15,28.6,16.1,48,WNW,16.1,40.2,1018.22,0,0,5,740,,
2021-07-01,16:30,28.8,16.1,47,WEST,25.7,41.8,1018.29,0,0,4,740,,
2021-07-01,16:45,28.1,16.1,49,WNW,25.7,38.6,1018.15,0,0,2,663,,
2021-07-01,17:00,27.2,16.7,53,WEST,32.2,40.2,1018.02,0,0,4,752,,
2021-07-01,17:15,26.6,16.7,55,WNW,19.3,38.6,1018.05,0,0,3,571,,
2021-07-01,17:30,26.6,17.2,57,WNW,16.1,37,1018.05,0,0,2,520,,
2021-07-01,17:45,26.3,17.8,60,WSW,8,27.4,1018.08,0,0,2,471,,
2021-07-01,18:00,25.9,17.8,61,WNW,14.5,32.2,1018.12,0,0,2,425,,
2021-07-01,18:15,25.6,17.2,61,WNW,14.5,30.6,1018.22,0,0,1,374,,
2021-07-01,18:30,25.7,17.8,62,WEST,19.3,32.2,1018.22,0,0,1,327,,
2021-07-01,18:45,25.2,17.8,64,WNW,16.1,27.4,1017.95,0,0,1,279,,
2021-07-01,19:00,25,17.8,65,NW,14.5,27.4,1018.05,0,0,1,236,,
2021-07-01,19:15,24.7,17.8,66,WEST,24.1,27.4,1018.12,0,0,0,185,,
2021-07-01,19:30,24.4,17.8,68,WEST,17.7,25.7,1018.15,0,0,0,135,,
2021-07-01,19:45,24.2,17.8,69,WNW,12.9,20.9,1018.32,0,0,0,91,,
2021-07-01,20:00,23.6,17.8,71,WNW,8,22.5,1018.42,0,0,0,54,,
2021-07-01,20:15,23.4,18.3,73,WEST,9.7,22.5,1018.25,0,0,0,25,,
2021-07-01,20:30,22.9,17.8,75,WEST,6.4,22.5,1018.29,0,0,0,14,,
2021-07-01,20:45,22.2,17.8,78,WEST,12.9,24.1,1018.29,0,0,0,0,,
2021-07-01,21:00,21.7,17.8,80,WEST,14.5,24.1,1018.22,0,0,0,0,,
2021-07-01,21:15,21.4,17.8,82,WEST,11.3,22.5,1018.32,0,0,0,0,,
2021-07-01,21:30,21.1,17.8,83,WEST,17.7,22.5,1018.46,0,0,0,0,,
2021-07-01,21:45,20.9,17.8,84,WNW,8,19.3,1018.49,0,0,0,0,,
2021-07-01,22:00,20.8,17.8,85,WSW,4.8,22.5,1018.66,0,0,0,0,,
2021-07-01,22:15,20.6,17.8,86,WNW,3.2,12.9,1018.8,0,0,0,0,,
2021-07-01,22:30,20.4,17.8,87,WNW,11.3,14.5,1018.83,0,0,0,0,,
2021-07-01,22:45,20.4,17.8,87,WNW,6.4,17.7,1018.66,0,0,0,0,,
2021-07-01,23:00,20.2,17.8,87,NORTH,0,6.4,1018.66,0,0,0,0,,
2021-07-01,23:15,20,17.8,88,NORTH,0,4.8,1019,0,0,0,0,,
2021-07-01,23:30,20.2,17.8,88,WNW,14.5,17.7,1018.8,0,0,0,0,,
2021-07-01,23:45,20.2,17.8,87,WNW,6.4,16.1,1018.93,0,0,0,0,,
2021-07-01,OVR,,,,,,,,,,,,gustmax,51.5
2021-07-01,OVR,,,,,,,,,,,,rainrate_max,0
2021-07-01,OVR,,,,,,,,,,,,rain_total_mm,0
2021-07-01,OVR,,,,,,,,,,,,tmax,29.2
2021-07-01,OVR,,,,,,,,,,,,tmin,16.2
2021-07-01,OVR,,,,,,,,,,,,wind_dir_mean_deg,292.5
2021-07-02,00:00,20,17.8,87,WNW,3.2,8,1018.83,0,0,0,0,,
2021-07-02,00:15,19.2,17.2,88,NORTH,0,3.2,1019.03,0,0,0,0,,
2021-07-02,00:30,18.5,16.7,89,NORTH,0,1.6,1018.96,0,0,0,0,,
2021-07-02,00:45,18.2,16.1,90,NORTH,0,3.2,1018.66,0,0,0,0,,
2021-07-02,01:00,17.8,16.1,90,NORTH,0,3.2,1018.76,0,0,0,0,,
2021-07-02,01:15,17.7,16.1,90,WNW,1.6,1.6,1018.35,0,0,0,0,,
2021-07-02,01:30,18.1,16.1,90,NORTH,0,3.2,1018.46,0,0,0,0,,
2021-07-02,01:45,18.1,15.6,88,NORTH,0,3.2,1018.29,0,0,0,0,,
2021-07-02,02:00,17.9,15.6,88,NORTH,0,3.2,1018.29,0,0,0,0,,
2021-07-02,02:15,17.5,15,88,NORTH,0,1.6,1018.19,0,0,0,0,,
2021-07-02,02:30,17.3,15.6,89,NORTH,0,4.8,1017.95,0,0,0,0,,
2021-07-02,02:45,17.7,16.1,90,WNW,1.6,3.2,1018.12,0,0,0,0,,
2021-07-02,03:00,17.4,15.6,92,NORTH,0,3.2,1017.81,0,0,0,0,,
2021-07-02,03:15,17.2,15.6,91,NORTH,0,3.2,1017.64,0,0,0,0,,
2021-07-02,03:30,17.4,15.6,91,WNW,1.6,1.6,1017.61,0,0,0,0,,
2021-07-02,03:45,17.6,16.1,91,NORTH,0,3.2,1017.61,0,0,0,0,,
2021-07-02,04:00,17.8,16.7,93,WNW,1.6,1.6,1017.68,0,0,0,0,,
2021-07-02,04:15,18,16.7,93,WNW,1.6,4.8,1017.41,0,0,0,0,,
2021-07-02,04:30,17.8,16.7,93,WNW,1.6,3.2,1017.51,0,0,0,0,,
2021-07-02,04:45,17.8,16.7,94,WNW,1.6,1.6,1017.41,0,0,0,0,,
2021-07-02,05:00,17.6,16.1,93,WNW,1.6,3.2,1017.37,0,0,0,0,,
2021-07-02,05:15,17.4,16.1,92,NORTH,0,3.2,1017.41,0,0,0,0,,
2021-07-02,05:30,17.9,15.6,88,NORTH,0,1.6,1017.41,0,0,0,0,,
2021-07-02,05:45,18.1,15.6,85,WNW,1.6,4.8,1017.51,0,0,0,0,,
2021-07-02,06:00,18.3,15.6,84,NORTH,0,1.6,1017.58,0,0,0,0,,
2021-07-02,06:15,18.7,15.6,82,NW,1.6,4.8,1017.41,0,0,0,9,,
2021-07-02,06:30,18.8,15,79,EAST,3.2,4.8,1017.37,0,0,0,26,,
2021-07-02,06:45,19.3,15,77,EAST,1.6,3.2,1017.44,0,0,0,56,,
2021-07-02,07:00,19.7,15,75,NORTH,0,3.2,1017.54,0,0,0,93,,
2021-07-02,07:15,20.2,15.6,74,NNW,1.6,6.4,1017.58,0,0,0,120,,
2021-07-02,07:30,20.2,15.6,74,NORTH,0,6.4,1017.68,0,0,0,178,,
2021-07-02,07:45,20.8,15,70,NW,1.6,4.8,1017.64,0,0,0,241,,
2021-07-02,08:00,21.2,15,69,NW,1.6,6.4,1017.78,0,0,1,290,,
2021-07-02,08:15,21.8,15,65,NW,3.2,8,1017.64,0,0,1,348,,
2021-07-02,08:30,22.2,15,64,WNW,11.3,8,1017.78,0,0,1,364,,
2021-07-02,08:45,22.4,15,62,WNW,1.6,8,1017.91,0,0,1,380,,
2021-07-02,09:00,23.1,15.6,63,NW,3.2,6.4,1018.12,0,0,2,387,,
2021-07-02,09:15,23.8,15.6,61,WNW,12.9,8,1017.98,0,0,2,515,,
2021-07-02,09:30,23.9,15.6,59,WEST,12.9,19.3,1018.12,0,0,3,548,,
2021-07-02,09:45,24.3,16.1,60,WEST,6.4,16.1,1018.25,0,0,3,543,,
2021-07-02,10:00,24.6,16.1,59,WEST,3.2,17.7,1018.12,0,0,3,529,,
2021-07-02,10:15,25.2,16.1,58,WEST,4.8,14.5,1018.15,0,0,4,522,,
2021-07-02,10:30,25.9,16.7,57,WNW,6.4,16.1,1018.02,0,0,4,570,,
2021-07-02,10:45,26.3,16.1,55,WNW,11.3,22.5,1018.25,0,0,4,621,,
2021-07-02,11:00,26.4,16.7,56,WNW,14.5,22.5,1018.25,0,0,4,652,,
2021-07-02,11:15,27.1,16.7,53,WNW,16.1,25.7,1018.35,0,0,4,643,,
2021-07-02,11:30,27.1,16.7,54,WEST,22.5,27.4,1018.32,0,0,5,810,,
2021-07-02,11:45,27.4,17.2,53,WEST,24.1,30.6,1018.52,0,0,6,865,,
2021-07-02,12:00,28,17.2,53,WNW,11.3,25.7,1018.39,0,0,6,747,,
2021-07-02,12:15,28.2,17.8,54,WNW,14.5,27.4,1018.25,0,0,7,902,,
2021-07-02,12:30,28.9,17.8,51,WEST,14.5,24.1,1018.32,0,0,7,916,,
2021-07-02,12:45,29.3,18.3,53,WSW,3.2,32.2,1018.19,0,0,7,933,,
2021-07-02,13:00,29.6,17.8,50,WNW,16.1,32.2,1018.05,0,0,7,926,,
2021-07-02,13:15,29.8,17.8,49,WEST,29,37,1017.98,0,0,7,942,,
2021-07-02,13:30,30.3,18.3,48,WEST,16.1,27.4,1018.19,0,0,7,932,,
2021-07-02,13:45,30.1,17.8,49,WEST,16.1,37,1018.05,0,0,7,926,,
2021-07-02,14:00,30.3,17.2,46,WEST,20.9,38.6,1018.02,0,0,7,925,,
2021-07-02,14:15,30.2,17.8,48,WEST,32.2,35.4,1017.88,0,0,7,905,,
2021-07-02,14:30,30.2,17.8,48,WNW,29,38.6,1017.78,0,0,7,900,,
2021-07-02,14:45,30.2,17.8,48,WEST,16.1,35.4,1017.81,0,0,7,874,,
2021-07-02,15:00,30.3,17.2,46,WEST,32.2,46.7,1017.98,0,0,6,861,,
2021-07-02,15:15,29.9,17.2,46,WSW,19.3,51.5,1018.08,0,0,6,833,,
2021-07-02,15:30,29.3,16.7,47,WNW,25.7,41.8,1018.02,0,0,6,809,,
2021-07-02,15:45,29,18.3,52,WNW,25.7,45.1,1018.22,0,0,5,777,,
2021-07-02,16:00,28.7,17.8,52,WEST,20.9,41.8,1018.29,0,0,5,745,,
2021-07-02,16:15,28.7,17.8,51,WNW,27.4,38.6,1018.49,0,0,4,710,,
2021-07-02,16:30,29.2,17.8,51,WNW,16.1,25.7,1018.29,0,0,4,671,,
2021-07-02,16:45,28.9,17.8,51,WNW,11.3,37,1018.29,0,0,4,633,,
2021-07-02,17:00,28.7,17.2,50,WEST,6.4,29,1018.42,0,0,3,592,,
2021-07-02,17:15,28.4,17.8,53,WEST,9.7,22.5,1018.49,0,0,3,552,,
2021-07-02,17:30,28.1,18.9,58,WEST,16.1,25.7,1018.39,0,0,2,506,,
2021-07-02,17:45,27.6,18.9,60,WNW,6.4,27.4,1018.29,0,0,2,462,,
2021-07-02,18:00,27.4,17.8,57,WNW,29,32.2,1018.08,0,0,2,415,,
2021-07-02,18:15,27.3,18.9,60,WNW,12.9,25.7,1018.15,0,0,1,364,,
2021-07-02,18:30,27.1,18.3,60,WNW,12.9,33.8,1018.05,0,0,1,316,,
2021-07-02,18:45,26.7,18.3,61,WNW,19.3,27.4,1018.12,0,0,1,271,,
2021-07-02,19:00,26.3,18.3,62,WEST,17.7,32.2,1018.12,0,0,1,227,,
2021-07-02,19:15,26.1,18.3,63,WNW,9.7,25.7,1018.05,0,0,0,179,,
2021-07-02,19:30,25.9,18.3,64,WEST,20.9,25.7,1018.02,0,0,0,132,,
2021-07-02,19:45,25.5,18.3,65,WNW,16.1,32.2,1017.85,0,0,0,88,,
2021-07-02,20:00,25.2,18.3,67,WEST,22.5,29,1017.71,0,0,0,53,,
2021-07-02,20:15,24.6,18.3,70,WNW,19.3,33.8,1017.75,0,0,0,25,,
2021-07-02,20:30,24.1,18.3,71,WNW,16.1,33.8,1017.68,0,0,0,14,,
2021-07-02,20:45,23.8,18.3,72,WEST,20.9,35.4,1017.71,0,0,0,7,,
2021-07-02,21:00,23.4,18.3,73,WEST,17.7,25.7,1017.75,0,0,0,0,,
2021-07-02,21:15,22.9,18.3,76,WEST,16.1,19.3,1017.78,0,0,0,0,,
2021-07-02,21:30,22.6,18.3,76,NW,6.4,16.1,1018.02,0,0,0,0,,
2021-07-02,21:45,22.4,17.8,77,WEST,1.6,11.3,1018.05,0,0,0,0,,
2021-07-02,22:00,22.1,18.3,79,WEST,3.2,14.5,1018.15,0,0,0,0,,
2021-07-02,22:15,21.8,18.3,81,WNW,9.7,11.3,1018.39,0,0,0,0,,
2021-07-02,22:30,21.3,18.3,84,WEST,1.6,3.2,1018.46,0,0,0,0,,
2021-07-02,22:45,21.1,18.3,84,NORTH,0,1.6,1018.63,0,0,0,0,,
2021-07-02,23:00,21,18.3,87,NORTH,0,3.2,1018.83,0,0,0,0,,
2021-07-02,23:15,21.1,18.9,88,WEST,9.7,11.3,1018.9,0,0,0,0,,
2021-07-02,23:30,20.9,18.3,86,WNW,3.2,9.7,1018.83,0,0,0,0,,
2021-07-02,23:45,20.8,17.8,84,WNW,4.8,4.8,1018.76,0,0,0,0,,
2021-07-02,OVR,,,,,,,,,,,,gustmax,51.5
2021-07-02,OVR,,,,,,,,,,,,rainrate_max,0
2021-07-02,OVR,,,,,,,,,,,,rain_total_mm,0
2021-07-02,OVR,,,,,,,,,,,,tmax,30.6
2021-07-02,OVR,,,,,,,,,,,,tmin,17.2
2021-07-02,OVR,,,,,,,,,,,,wind_dir_mean_deg,292.5
2021-07-03,00:00,20.6,17.8,84,NORTH,0,3.2,1018.52,0,0,0,0,,
2021-07-03,00:15,20.9,17.8,84,NORTH,0,6.4,1018.35,0,0,0,0,,
2021-07-03,00:30,20.8,17.2,82,NW,4.8,4.8,1018.39,0,0,0,0,,
2021-07-03,00:45,21,17.2,81,NORTH,0,17.7,1018.29,0,0,0,0,,
2021-07-03,01:00,20.2,17.8,86,WNW,3.2,4.8,1018.22,0,0,0,0,,
2021-07-03,01:15,20,17.8,88,NORTH,0,4.8,1018.22,0,0,0,0,,
2021-07-03,01:30,19.9,17.8,89,NORTH,0,1.6,1018.02,0,0,0,0,,
2021-07-03,01:45,19.6,17.2,89,NORTH,0,3.2,1018.12,0,0,0,0,,
2021-07-03,02:00,19.5,17.8,90,NNW,1.6,6.4,1018.15,0,0,0,0,,
2021-07-03,02:15,19.8,18.3,91,NNW,3.2,6.4,1018.12,0,0,0,0,,
2021-07-03,02:30,19.6,18.3,92,NORTH,0,3.2,1017.98,0,0,0,0,,
2021-07-03,02:45,19.2,17.8,93,NORTH,0,3.2,1017.88,0,0,0,0,,
2021-07-03,03:00,18.9,17.8,93,NORTH,0,1.6,1017.95,0,0,0,0,,
2021-07-03,03:15,18.4,17.2,92,NORTH,0,3.2,1017.61,0,0,0,0,,
2021-07-03,03:30,18.2,16.1,90,NNW,1.6,1.6,1017.54,0,0,0,0,,
2021-07-03,03:45,18.2,16.1,89,NNW,1.6,3.2,1017.44,0,0,0,0,,
2021-07-03,04:00,18.6,16.7,88,NNE,3.2,4.8,1017.41,0,0,0,0,,
2021-07-03,04:15,18.9,16.7,88,NNE,3.2,4.8,1017.44,0,0,0,0,,
2021-07-03,04:30,19.6,16.7,86,NNE,3.2,3.2,1017.2,0,0,0,0,,
2021-07-03,04:45,20.3,16.1,76,NNE,1.6,3.2,1017.27,0,0,0,0,,
2021-07-03,05:00,21.1,15,69,NNE,1.6,3.2,1017.24,0,0,0,0,,
2021-07-03,05:15,21.3,14.4,67,NNE,3.2,4.8,1017.07,0,0,0,0,,
2021-07-03,05:30,20.6,14.4,68,NNE,1.6,4.8,1017.14,0,0,0,0,,
2021-07-03,05:45,21,13.9,66,NNE,1.6,3.2,1017.17,0,0,0,0,,
2021-07-03,06:00,20.7,13.9,66,NNE,1.6,1.6,1017.27,0,0,0,0,,
2021-07-03,06:15,20.1,13.9,68,NNE,3.2,3.2,1017.31,0,0,0,9,,
2021-07-03,06:30,20.3,13.9,68,NNE,1.6,4.8,1017.44,0,0,0,28,,
2021-07-03,06:45,20.8,14.4,67,NORTH,0,1.6,1017.61,0,0,0,62,,
2021-07-03,07:00,21.3,15.6,71,NORTH,0,3.2,1017.58,0,0,0,102,,
2021-07-03,07:15,21.6,16.1,71,NORTH,0,1.6,1017.75,0,0,0,130,,
2021-07-03,07:30,22,16.1,70,NE,1.6,4.8,1017.78,0,0,0,193,,
2021-07-03,07:45,22.7,16.1,66,NORTH,0,1.6,1017.95,0,0,0,246,,
2021-07-03,08:00,23.2,15.6,64,NW,3.2,6.4,1018.19,0,0,1,288,,
2021-07-03,08:15,23.2,16.1,66,NW,1.6,6.4,1017.91,0,0,1,336,,
2021-07-03,08:30,23.6,16.7,65,NW,1.6,4.8,1017.98,0,0,1,385,,
2021-07-03,08:45,24.2,16.7,64,NW,3.2,4.8,1017.95,0,0,2,431,,
2021-07-03,09:00,24.9,16.7,60,NW,3.2,6.4,1018.02,0,0,2,478,,
2021-07-03,09:15,25.6,15,52,NW,4.8,8,1017.85,0,0,2,522,,
2021-07-03,09:30,26.7,15,50,NW,4.8,4.8,1017.91,0,0,3,550,,
2021-07-03,09:45,27.7,13.9,43,NW,4.8,8,1017.95,0,0,3,540,,
2021-07-03,10:00,28.3,12.2,37,NW,4.8,11.3,1017.91,0,0,3,519,,
2021-07-03,10:15,29.1,10.6,31,NW,6.4,12.9,1017.78,0,0,4,545,,
2021-07-03,10:30,29.7,10,29,WNW,4.8,14.5,1017.68,0,0,4,643,,
2021-07-03,10:45,30.4,9.4,27,WNW,6.4,14.5,1017.78,0,0,5,759,,
2021-07-03,11:00,30.8,8.9,26,WNW,8,14.5,1017.68,0,0,5,800,,
2021-07-03,11:15,31.4,6.7,21,WNW,6.4,12.9,1017.61,0,0,5,831,,
2021-07-03,11:30,32.1,6.1,19,WNW,11.3,16.1,1017.64,0,0,6,854,,
2021-07-03,11:45,32.5,6.7,20,WEST,3.2,20.9,1017.58,0,0,6,881,,
2021-07-03,12:00,32.8,6.1,19,WNW,4.8,19.3,1017.58,0,0,6,900,,
2021-07-03,12:15,33.2,7.8,21,WEST,17.7,25.7,1017.37,0,0,7,918,,
2021-07-03,12:30,33.5,7.2,19,SOUTH,4.8,16.1,1017.34,0,0,7,932,,
2021-07-03,12:45,34.3,7.2,19,WNW,3.2,16.1,1017.1,0,0,7,942,,
2021-07-03,13:00,34.2,5,16,WEST,9.7,17.7,1016.93,0,0,7,949,,
2021-07-03,13:15,34.8,3.9,14,WEST,9.7,19.3,1016.63,0,0,7,953,,
2021-07-03,13:30,34.7,3.9,15,NW,8,25.7,1016.63,0,0,7,953,,
2021-07-03,13:45,35.3,7.2,17,SW,19.3,25.7,1016.73,0,0,7,944,,
2021-07-03,14:00,35,7.2,18,WNW,4.8,27.4,1016.46,0,0,7,933,,
2021-07-03,14:15,35.6,7.8,18,WEST,12.9,27.4,1016.56,0,0,7,925,,
2021-07-03,14:30,35.2,6.1,17,WNW,16.1,37,1016.42,0,0,7,914,,
2021-07-03,14:45,35,3.9,14,WEST,29,35.4,1016.32,0,0,7,898,,
2021-07-03,15:00,35.1,3.9,14,WNW,27.4,43.5,1016.46,0,0,6,879,,
2021-07-03,15:15,34.8,5.6,16,WEST,24.1,37,1016.63,0,0,6,856,,
2021-07-03,15:30,34.3,3.3,14,WEST,27.4,43.5,1016.7,0,0,6,831,,
2021-07-03,15:45,33.9,3.9,15,WNW,24.1,40.2,1016.56,0,0,5,802,,
2021-07-03,16:00,33.2,7.2,20,WEST,33.8,49.9,1016.97,0,0,5,772,,
2021-07-03,16:15,32.6,6.7,20,WNW,22.5,40.2,1016.8,0,0,4,735,,
2021-07-03,16:30,32.1,8.9,23,SOUTH,20.9,35.4,1016.76,0,0,4,700,,
2021-07-03,16:45,31.6,9.4,25,WEST,30.6,38.6,1016.7,0,0,4,657,,
2021-07-03,17:00,31.1,10,28,NW,14.5,41.8,1016.63,0,0,3,612,,
2021-07-03,17:15,30.8,10,28,WEST,30.6,35.4,1016.76,0,0,3,571,,
2021-07-03,17:30,30.1,8.9,26,WNW,27.4,37,1016.73,0,0,2,526,,
2021-07-03,17:45,30.1,9.4,28,WEST,14.5,29,1016.7,0,0,2,483,,
2021-07-03,18:00,30,10,29,WEST,20.9,35.4,1016.46,0,0,2,434,,
2021-07-03,18:15,29.6,10.6,31,WNW,11.3,29,1016.49,0,0,1,385,,
2021-07-03,18:30,29.7,11.7,34,WEST,11.3,24.1,1016.42,0,0,1,336,,
2021-07-03,18:45,29,11.7,35,WNW,12.9,22.5,1016.42,0,0,1,287,,
2021-07-03,19:00,28.9,12.8,38,NW,14.5,22.5,1016.32,0,0,1,243,,
2021-07-03,19:15,28.7,14.4,42,WEST,19.3,20.9,1016.46,0,0,0,190,,
2021-07-03,19:30,28.4,14.4,43,WNW,11.3,22.5,1016.19,0,0,0,142,,
2021-07-03,19:45,28.3,15.6,46,WEST,14.5,24.1,1016.12,0,0,0,93,,
2021-07-03,20:00,28.2,15.6,47,WEST,14.5,19.3,1016.19,0,0,0,58,,
2021-07-03,20:15,27.7,15.6,48,WEST,11.3,17.7,1016.12,0,0,0,25,,
2021-07-03,20:30,26.8,15.6,50,WEST,3.2,20.9,1016.19,0,0,0,14,,
2021-07-03,20:45,26.2,15.6,52,WEST,4.8,14.5,1016.32,0,0,0,7,,
2021-07-03,21:00,25.5,15,53,NORTH,0,12.9,1016.22,0,0,0,0,,
2021-07-03,21:15,24.3,15,56,NORTH,0,4.8,1016.05,0,0,0,0,,
2021-07-03,21:30,23.4,14.4,57,NORTH,0,3.2,1016.32,0,0,0,0,,
2021-07-03,21:45,23.6,13.9,55,NNE,1.6,3.2,1016.36,0,0,0,0,,
2021-07-03,22:00,23.6,13.9,55,NORTH,0,4.8,1016.53,0,0,0,0,,
2021-07-03,22:15,22.7,13.9,57,NORTH,1.6,3.2,1016.7,0,0,0,0,,
2021-07-03,22:30,22.5,12.8,55,NORTH,1.6,3.2,1016.9,0,0,0,0,,
2021-07-03,22:45,23,12.2,51,NE,1.6,4.8,1016.86,0,0,0,0,,
2021-07-03,23:00,22.7,11.7,51,NE,1.6,3.2,1016.8,0,0,0,0,,
2021-07-03,23:15,22.6,11.7,50,NE,3.2,3.2,1016.63,0,0,0,0,,
2021-07-03,23:30,22.8,10.6,47,NE,1.6,3.2,1016.42,0,0,0,0,,
2021-07-03,23:45,23.4,8.9,40,NE,1.6,3.2,1016.49,0,0,0,0,,
2021-07-03,OVR,,,,,,,,,,,,gustmax,49.9
2021-07-03,OVR,,,,,,,,,,,,rainrate_max,0
2021-07-03,OVR,,,,,,,,,,,,rain_total_mm,0
2021-07-03,OVR,,,,,,,,,,,,tmax,35.7
2021-07-03,OVR,,,,,,,,,,,,tmin,17.9
2021-07-03,OVR,,,,,,,,,,,,wind_dir_mean_deg,292.5
2021-07-04,00:00,23.3,8.9,41,NE,3.2,3.2,1016.39,0,0,0,0,,
2021-07-04,00:15,22.1,9.4,45,NE,1.6,4.8,1016.36,0,0,0,0,,
2021-07-04,00:30,22.6,9.4,43,NE,3.2,4.8,1015.95,0,0,0,0,,
2021-07-04,00:45,22.6,8.3,40,NE,1.6,3.2,1016.05,0,0,0,0,,
2021-07-04,01:00,22.7,8.3,40,NE,3.2,3.2,1015.85,0,0,0,0,,
2021-07-04,01:15,24.3,9.4,39,NE,3.2,3.2,1015.68,0,0,0,0,,
2021-07-04,01:30,23.4,8.3,39,NE,3.2,4.8,1015.68,0,0,0,0,,
2021-07-04,01:45,22.7,7.8,39,NE,1.6,4.8,1015.61,0,0,0,0,,
2021-07-04,02:00,22.1,8.3,41,NE,1.6,3.2,1015.37,0,0,0,0,,
2021-07-04,02:15,21.4,8.3,43,NE,1.6,3.2,1015.31,0,0,0,0,,
2021-07-04,02:30,22.4,7.8,39,NE,1.6,3.2,1015.21,0,0,0,0,,
2021-07-04,02:45,22.2,7.8,40,NE,1.6,3.2,1015.17,0,0,0,0,,
2021-07-04,03:00,21.8,8.3,43,NE,3.2,3.2,1014.93,0,0,0,0,,
2021-07-04,03:15,22.9,8.3,39,NE,3.2,4.8,1014.83,0,0,0,0,,
2021-07-04,03:30,23.4,7.8,37,NE,3.2,3.2,1014.8,0,0,0,0,,
2021-07-04,03:45,22.3,8.3,40,NE,3.2,3.2,1015.07,0,0,0,0,,
2021-07-04,04:00,22.4,8.3,41,NE,1.6,4.8,1015.17,0,0,0,0,,
2021-07-04,04:15,22.2,8.3,42,NORTH,0,1.6,1015.1,0,0,0,0,,
2021-07-04,04:30,21.8,8.9,43,NORTH,0,3.2,1014.9,0,0,0,0,,
2021-07-04,04:45,20.9,8.9,46,NE,3.2,3.2,1014.8,0,0,0,0,,
2021-07-04,05:00,20.7,9.4,49,NE,1.6,4.8,1014.77,0,0,0,0,,
2021-07-04,05:15,20.6,9.4,50,NORTH,0,4.8,1014.66,0,0,0,0,,
2021-07-04,05:30,21.3,8.9,46,NE,3.2,4.8,1014.87,0,0,0,0,,
2021-07-04,05:45,22,7.8,40,NE,3.2,4.8,1014.9,0,0,0,0,,
2021-07-04,06:00,22.4,6.7,37,NE,1.6,4.8,1014.97,0,0,0,0,,
2021-07-04,06:15,21.8,6.7,38,NE,1.6,4.8,1014.53,0,0,0,9,,
2021-07-04,06:30,22.6,6.7,36,ESE,6.4,9.7,1014.29,0,0,0,35,,
2021-07-04,06:45,23.1,7.2,36,ESE,1.6,4.8,1014.26,0,0,0,47,,
2021-07-04,07:00,23.2,7.2,37,NORTH,0,3.2,1014.22,0,0,0,123,,
2021-07-04,07:15,23.4,7.8,37,NORTH,0,1.6,1014.16,0,0,0,104,,
2021-07-04,07:30,24.1,8.3,36,ESE,1.6,1.6,1014.29,0,0,0,213,,
2021-07-04,07:45,24.9,7.8,34,NORTH,0,1.6,1014.19,0,0,0,155,,
2021-07-04,08:00,25.2,10.6,39,NORTH,0,1.6,1014.22,0,0,1,169,,
2021-07-04,08:15,25.9,8.3,33,NORTH,0,1.6,1014.26,0,0,1,229,,
2021-07-04,08:30,25.7,10,37,ESE,4.8,4.8,1014.39,0,0,1,186,,
2021-07-04,08:45,24.1,9.4,40,NW,3.2,16.1,1014.63,0,0,1,334,,
2021-07-04,09:00,24.7,9.4,38,WNW,4.8,9.7,1014.83,0,0,1,257,,
2021-07-04,09:15,24,14.4,55,WEST,11.3,16.1,1015.07,0,0,2,545,,
2021-07-04,09:30,24.9,13.9,50,WNW,1.6,11.3,1014.9,0,0,2,429,,
2021-07-04,09:45,25.5,12.2,45,WEST,12.9,17.7,1014.8,0,0,2,422,,
2021-07-04,10:00,25.6,12.8,45,WEST,12.9,19.3,1015.14,0,0,3,476,,
2021-07-04,10:15,26.3,11.1,39,WNW,6.4,19.3,1015.07,0,0,4,555,,
2021-07-04,10:30,26.9,11.1,37,WNW,6.4,16.1,1014.97,0,0,3,418,,
2021-07-04,10:45,27.8,10,33,WEST,12.9,19.3,1014.73,0,0,5,812,,
2021-07-04,11:00,28.3,8.3,28,WNW,4.8,16.1,1014.8,0,0,5,833,,
2021-07-04,11:15,28.6,9.4,31,WNW,16.1,22.5,1014.77,0,0,5,775,,
2021-07-04,11:30,28.9,7.8,27,WEST,16.1,24.1,1014.9,0,0,6,844,,
2021-07-04,11:45,29.2,9.4,29,WNW,12.9,24.1,1014.49,0,0,6,874,,
2021-07-04,12:00,29.8,10.6,30,WNW,14.5,14.5,1014.36,0,0,6,863,,
2021-07-04,12:15,29.9,10.6,30,WNW,11.3,29,1014.46,0,0,7,881,,
2021-07-04,12:30,30.4,10.6,30,WEST,12.9,22.5,1014.12,0,0,7,884,,
2021-07-04,12:45,30.8,11.1,30,WNW,8,24.1,1014.19,0,0,7,921,,
2021-07-04,13:00,30.7,11.1,30,WEST,3.2,30.6,1014.16,0,0,7,944,,
2021-07-04,13:15,30.8,11.7,31,WNW,17.7,30.6,1014.12,0,0,7,928,,
2021-07-04,13:30,31.1,11.7,31,WEST,17.7,38.6,1014.16,0,0,7,942,,
2021-07-04,13:45,30.9,11.1,29,WEST,29,41.8,1014.05,0,0,7,881,,
2021-07-04,14:00,30.6,12.2,33,WEST,25.7,40.2,1013.88,0,0,7,907,,
2021-07-04,14:15,30.2,12.8,35,WNW,17.7,37,1013.99,0,0,7,912,,
2021-07-04,14:30,30,12.2,34,WNW,19.3,41.8,1014.16,0,0,7,905,,
2021-07-04,14:45,30.1,12.8,35,NW,30.6,37,1014.22,0,0,7,888,,
2021-07-04,15:00,29.9,12.8,35,WEST,12.9,45.1,1014.02,0,0,6,877,,
2021-07-04,15:15,29.8,13.3,36,WNW,19.3,35.4,1014.05,0,0,4,863,,
2021-07-04,15:30,29.5,13.3,38,WEST,17.7,37,1013.92,0,0,4,840,,
2021-07-04,15:45,29.8,13.9,38,WNW,32.2,32.2,1014.02,0,0,5,861,,
2021-07-04,16:00,28.9,14.4,42,WNW,19.3,46.7,1014.26,0,0,4,768,,
2021-07-04,16:15,28.4,15.6,45,WEST,29,41.8,1014.46,0,0,5,378,,
2021-07-04,16:30,27.8,17.2,53,NW,17.7,49.9,1014.39,0,0,4,596,,
2021-07-04,16:45,27.7,17.8,55,WEST,19.3,53.1,1014.09,0,0,3,703,,
2021-07-04,17:00,27.2,16.7,53,WEST,24.1,46.7,1014.16,0,0,3,619,,
2021-07-04,17:15,27.2,17.8,57,WEST,41.8,46.7,1014.05,0,0,3,564,,
2021-07-04,17:30,26.8,17.8,58,WEST,27.4,46.7,1014.09,0,0,2,519,,
2021-07-04,17:45,26.4,18.3,62,WNW,22.5,46.7,1013.95,0,0,2,473,,
2021-07-04,18:00,25.8,19.4,68,WNW,29,53.1,1013.68,0,0,1,232,,
2021-07-04,18:15,26.2,19.4,67,WEST,29,45.1,1013.61,0,0,1,420,,
2021-07-04,18:30,25.7,19.4,70,WEST,20.9,43.5,1013.68,0,0,1,248,,
2021-07-04,18:45,25.3,19.4,70,WNW,29,45.1,1013.58,0,0,1,283,,
2021-07-04,19:00,24.9,18.9,70,WSW,25.7,48.3,1013.88,0,0,1,236,,
2021-07-04,19:15,24.8,18.9,71,WEST,32.2,46.7,1013.75,0,0,0,185,,
2021-07-04,19:30,24.6,19.4,73,WNW,24.1,43.5,1013.95,0,0,0,128,,
2021-07-04,19:45,24.2,19.4,76,WEST,43.5,45.1,1013.99,0,0,0,91,,
2021-07-04,20:00,24,19.4,76,WNW,20.9,40.2,1014.26,0,0,0,62,,
2021-07-04,20:15,23.6,19.4,79,WNW,24.1,43.5,1014.26,0,0,0,23,,
2021-07-04,20:30,23.2,19.4,80,WEST,25.7,46.7,1014.19,0,0,0,16,,
2021-07-04,20:45,22.9,19.4,81,WNW,20.9,30.6,1014.26,0,0,0,0,,
2021-07-04,21:00,22.7,19.4,83,WEST,20.9,30.6,1014.39,0,0,0,0,,
2021-07-04,21:15,22.4,19.4,85,WEST,16.1,29,1014.53,0,0,0,0,,
2021-07-04,21:30,22.3,19.4,85,WNW,16.1,25.7,1014.66,0,0,0,0,,
2021-07-04,21:45,22.2,20,87,WNW,16.1,30.6,1014.93,0,0,0,0,,
2021-07-04,22:00,22.1,20,88,WNW,12.9,25.7,1015.21,0,0,0,0,,
2021-07-04,22:15,22.1,20,89,WEST,17.7,24.1,1015.44,0,0,0,0,,
2021-07-04,22:30,22,20,89,WNW,20.9,25.7,1015.71,0,0,0,0,,
2021-07-04,22:45,22.1,20,90,WEST,14.5,20.9,1015.71,0,0,0,0,,
2021-07-04,23:00,22.1,20,90,WEST,20.9,24.1,1015.85,0,0,0,0,,
2021-07-04,23:15,22.1,20,90,WEST,19.3,24.1,1015.92,0,0,0,0,,
2021-07-04,23:30,22,20,91,WEST,20.9,27.4,1015.88,0,0,0,0,,
2021-07-04,23:45,21.9,20,91,WNW,16.1,29,1015.98,0,0,0,0,,
2021-07-04,OVR,,,,,,,,,,,,gustmax,53.1
2021-07-04,OVR,,,,,,,,,,,,rainrate_max,0
2021-07-04,OVR,,,,,,,,,,,,rain_total_mm,0
2021-07-04,OVR,,,,,,,,,,,,tmax,31.3
2021-07-04,OVR,,,,,,,,,,,,tmin,20.4
2021-07-04,OVR,,,,,,,,,,,,wind_dir_mean_deg,292.5
2021-07-05,00:00,21.9,20.6,91,NW,12.9,29,1015.95,0,0,0,0,,
2021-07-05,00:15,21.8,20,92,WNW,8,25.7,1015.85,0,0,0,0,,
2021-07-05,00:30,21.8,20.6,92,WNW,14.5,24.1,1016.05,0,0,0,0,,
2021-07-05,00:45,21.8,20.6,92,WEST,12.9,24.1,1016.09,0,0,0,0,,
2021-07-05,01:00,21.8,20.6,93,WEST,16.1,20.9,1016.22,0,0,0,0,,
2021-07-05,01:15,21.9,20.6,93,WEST,14.5,20.9,1016.09,0,0,0,0,,
2021-07-05,01:30,21.8,20.6,93,WNW,14.5,24.1,1016.19,0,0,0,0,,
2021-07-05,01:45,21.9,20.6,93,WNW,12.9,24.1,1016.05,0,0,0,0,,
2021-07-05,02:00,21.9,20.6,94,WNW,11.3,22.5,1015.92,0,0,0,0,,
2021-07-05,02:15,21.9,20.6,94,WEST,24.1,24.1,1015.85,0,0,0,0,,
2021-07-05,02:30,21.9,20.6,94,WEST,16.1,27.4,1015.82,0,0,0,0,,
2021-07-05,02:45,21.8,20.6,94,WNW,14.5,24.1,1015.68,0,0,0,0,,
2021-07-05,03:00,21.7,20.6,94,WNW,14.5,29,1015.58,0,0,0,0,,
2021-07-05,03:15,21.7,20.6,94,WEST,17.7,25.7,1015.54,0,0,0,0,,
2021-07-05,03:30,21.6,20.6,95,WEST,11.3,30.6,1015.51,0,0,0,0,,
2021-07-05,03:45,21.4,20.6,94,WEST,12.9,27.4,1015.41,0,0,0,0,,
2021-07-05,04:00,21.2,20,94,WNW,11.3,22.5,1015.24,0,0,0,0,,
2021-07-05,04:15,21,20,95,WEST,19.3,27.4,1015.07,0,0,0,0,,
2021-07-05,04:30,20.8,19.4,94,WEST,12.9,25.7,1015.14,0,0,0,0,,
2021-07-05,04:45,20.8,20,94,WEST,16.1,24.1,1015.34,0,0,0,0,,
2021-07-05,05:00,20.8,19.4,95,WEST,16.1,25.7,1015.41,0,0,0,0,,
2021-07-05,05:15,20.6,19.4,95,WEST,12.9,22.5,1015.17,0,0,0,0,,
2021-07-05,05:30,20.6,19.4,95,NW,12.9,29,1015.27,0,0,0,0,,
2021-07-05,05:45,20.6,19.4,95,WNW,19.3,25.7,1015.31,0,0,0,0,,
2021-07-05,06:00,20.4,19.4,95,WNW,14.5,22.5,1015.48,0,0,0,0,,
2021-07-05,06:15,20.4,19.4,94,WEST,22.5,29,1015.68,0,0,0,9,,
2021-07-05,06:30,20.6,19.4,94,WEST,20.9,35.4,1015.75,0,0,0,23,,
2021-07-05,07:00,21.2,20,92,WEST,16.1,35.4,1015.92,0,0,0,100,,
2021-07-05,07:15,21.4,20,92,WNW,16.1,32.2,1015.88,0,0,0,130,,
2021-07-05,07:30,21.4,20,91,WNW,20.9,33.8,1015.88,0,0,0,190,,
2021-07-05,07:45,21.8,19.4,88,WEST,16.1,37,1015.78,0,0,0,236,,
2021-07-05,08:00,22.3,18.9,81,WEST,25.7,37,1015.95,0,0,1,285,,
2021-07-05,08:15,22.7,19.4,82,WNW,25.7,30.6,1016.29,0,0,1,329,,
2021-07-05,08:30,22.9,20,83,WEST,17.7,37,1016.42,0,0,1,378,,
2021-07-05,08:45,23,18.9,78,WEST,24.1,40.2,1016.19,0,0,1,422,,
2021-07-05,09:00,23.4,18.3,73,WEST,30.6,40.2,1016.39,0,0,2,466,,
2021-07-05,09:15,23.8,19.4,76,WEST,24.1,38.6,1016.29,0,0,2,515,,
2021-07-05,09:30,24.1,18.9,73,WEST,17.7,35.4,1016.59,0,0,2,541,,
2021-07-05,09:45,24.5,19.4,74,WEST,24.1,32.2,1016.59,0,0,3,531,,
2021-07-05,10:00,24.7,18.9,70,WEST,32.2,35.4,1016.7,0,0,3,504,,
2021-07-05,10:15,24.9,18.9,69,WNW,20.9,41.8,1016.66,0,0,4,526,,
2021-07-05,10:30,25.4,18.9,68,WEST,19.3,40.2,1016.63,0,0,4,631,,
2021-07-05,10:45,25.8,18.9,66,NE,29,40.2,1016.59,0,0,4,742,,
2021-07-05,11:00,26.1,18.9,64,WNW,20.9,32.2,1016.53,0,0,5,782,,
2021-07-05,11:15,26.5,18.3,62,WEST,14.5,45.1,1016.49,0,0,5,809,,
2021-07-05,11:30,26.8,18.3,59,WEST,22.5,41.8,1016.66,0,0,6,835,,
2021-07-05,11:45,27.1,18.3,59,WNW,30.6,43.5,1016.63,0,0,6,860,,
2021-07-05,12:00,27.3,17.8,56,WNW,19.3,43.5,1016.59,0,0,6,879,,
2021-07-05,12:15,27.7,17.8,55,NW,32.2,40.2,1016.56,0,0,7,895,,
2021-07-05,12:30,28.2,18.3,56,NW,4.8,37,1016.73,0,0,7,905,,
2021-07-05,12:45,28,18.3,56,WEST,12.9,43.5,1016.59,0,0,7,919,,
2021-07-05,13:00,27.8,18.3,56,WEST,24.1,49.9,1016.59,0,0,7,923,,
2021-07-05,13:15,27.9,17.8,55,WEST,38.6,49.9,1016.53,0,0,7,928,,
2021-07-05,13:30,27.9,17.8,55,WNW,16.1,45.1,1016.42,0,0,7,928,,
2021-07-05,13:45,27.8,17.8,54,WEST,43.5,43.5,1016.39,0,0,7,926,,
2021-07-05,14:00,27.9,17.8,54,WSW,8,62.8,1016.53,0,0,7,921,,
2021-07-05,14:15,27.7,17.8,55,WNW,19.3,43.5,1016.53,0,0,7,907,,
2021-07-05,14:30,27.6,17.8,56,WEST,27.4,49.9,1016.66,0,0,7,893,,
2021-07-05,14:45,27.7,17.8,56,WEST,22.5,48.3,1016.8,0,0,7,877,,
2021-07-05,15:00,27.4,18.3,58,NNW,32.2,43.5,1016.83,0,0,6,856,,
2021-07-05,15:15,27.4,18.3,59,WEST,20.9,45.1,1016.53,0,0,6,837,,
2021-07-05,15:30,27.4,18.9,60,WEST,33.8,49.9,1016.53,0,0,6,807,,
2021-07-05,15:45,27.2,18.3,60,WEST,27.4,46.7,1016.63,0,0,5,777,,
2021-07-05,16:00,27.2,18.9,61,WEST,29,45.1,1016.53,0,0,5,749,,
2021-07-05,16:15,27.5,19.4,62,WEST,14.5,45.1,1016.46,0,0,4,714,,
2021-07-05,16:30,27.8,18.9,59,WEST,24.1,43.5,1016.39,0,0,4,680,,
2021-07-05,16:45,27.7,18.9,59,WEST,30.6,45.1,1016.59,0,0,4,640,,
2021-07-05,17:00,27.5,18.9,59,WEST,32.2,38.6,1016.39,0,0,3,605,,
2021-07-05,17:15,27.5,18.3,59,WNW,24.1,43.5,1016.39,0,0,3,564,,
2021-07-05,17:30,27.6,18.3,58,WEST,38.6,43.5,1016.19,0,0,3,519,,
2021-07-05,17:45,27.7,18.3,58,WEST,25.7,45.1,1015.98,0,0,2,471,,
2021-07-05,18:00,27.6,17.8,55,WEST,25.7,45.1,1015.71,0,0,2,422,,
2021-07-05,18:15,27.8,17.8,54,WEST,27.4,38.6,1015.61,0,0,1,374,,
2021-07-05,18:30,27.9,17.2,53,WEST,24.1,33.8,1015.65,0,0,1,327,,
2021-07-05,18:45,27.6,17.2,54,WEST,20.9,38.6,1015.68,0,0,1,281,,
2021-07-05,19:00,27.5,17.8,56,WEST,19.3,37,1015.85,0,0,1,234,,
2021-07-05,19:15,27,18.9,62,WEST,20.9,27.4,1015.98,0,0,0,186,,
2021-07-05,19:30,26.4,18.9,65,WEST,16.1,30.6,1015.68,0,0,0,134,,
2021-07-05,19:45,25.9,19.4,67,WEST,14.5,29,1015.78,0,0,0,90,,
2021-07-05,20:00,25.6,19.4,69,WNW,11.3,24.1,1015.65,0,0,0,54,,
2021-07-05,20:15,25.1,18.9,70,WNW,4.8,20.9,1015.54,0,0,0,19,,
2021-07-05,20:30,24.8,18.9,71,WEST,11.3,16.1,1015.65,0,0,0,12,,
2021-07-05,20:45,24.4,18.9,71,WEST,1.6,12.9,1015.65,0,0,0,7,,
2021-07-05,21:00,23.9,18.3,72,WNW,1.6,11.3,1015.75,0,0,0,0,,
2021-07-05,21:15,23.7,18.9,74,WNW,3.2,11.3,1015.68,0,0,0,0,,
2021-07-05,21:30,22.9,18.3,76,NORTH,0,3.2,1015.88,0,0,0,0,,
2021-07-05,21:45,22,17.8,79,NORTH,0,3.2,1015.88,0,0,0,0,,
2021-07-05,22:00,21.4,17.8,81,NORTH,0,3.2,1015.88,0,0,0,0,,
2021-07-05,22:15,21.4,17.8,82,NORTH,0,3.2,1015.88,0,0,0,0,,
2021-07-05,22:30,21.4,18.3,82,NORTH,0,3.2,1016.05,0,0,0,0,,
2021-07-05,22:45,21.8,18.3,81,NORTH,0,3.2,1016.12,0,0,0,0,,
2021-07-05,23:00,22.9,17.8,73,WNW,1.6,3.2,1015.98,0,0,0,0,,
2021-07-05,23:15,23.6,17.8,70,WNW,1.6,4.8,1015.98,0,0,0,0,,
2021-07-05,23:30,23.4,17.2,70,NORTH,0,4.8,1015.95,0,0,0,0,,
2021-07-05,23:45,23.4,17.2,70,NORTH,0,3.2,1015.98,0,0,0,0,,
2021-07-05,OVR,,,,,,,,,,,,gustmax,62.8
2021-07-05,OVR,,,,,,,,,,,,rainrate_max,0
2021-07-05,OVR,,,,,,,,,,,,rain_total_mm,0
2021-07-05,OVR,,,,,,,,,,,,tmax,28.3
2021-07-05,OVR,,,,,,,,,,,,tmin,20.3
2021-07-05,OVR,,,,,,,,,,,,wind_dir_mean_deg,292.5
2021-07-06,00:00,23.1,17.8,72,NORTH,0,1.6,1015.88,0,0,0,0,,
2021-07-06,00:15,21.7,17.8,78,WNW,1.6,3.2,1015.68,0,0,0,0,,
2021-07-06,00:30,22.6,16.7,71,ENE,3.2,6.4,1015.54,0,0,0,0,,
2021-07-06,00:45,23.4,16.7,67,ENE,6.4,6.4,1015.41,0,0,0,0,,
2021-07-06,01:00,24.6,16.7,62,ENE,3.2,4.8,1015.34,0,0,0,0,,
2021-07-06,01:15,24.3,16.7,63,ENE,3.2,6.4,1015.44,0,0,0,0,,
2021-07-06,01:30,23.7,16.7,64,ENE,3.2,6.4,1015.37,0,0,0,0,,
2021-07-06,01:45,23.1,16.1,66,ENE,1.6,4.8,1015.31,0,0,0,0,,
2021-07-06,02:00,23.6,16.1,64,ENE,1.6,4.8,1015.27,0,0,0,0,,
2021-07-06,02:15,22.4,15.6,67,ENE,3.2,3.2,1015.04,0,0,0,0,,
2021-07-06,02:30,22.4,16.1,68,NORTH,0,1.6,1014.9,0,0,0,0,,
2021-07-06,02:45,22,16.7,71,NORTH,0,0,1014.8,0,0,0,0,,
2021-07-06,03:00,22.8,16.1,66,NORTH,0,1.6,1014.6,0,0,0,0,,
2021-07-06,03:15,23.9,16.1,63,NORTH,0,1.6,1014.6,0,0,0,0,,
2021-07-06,03:30,24.2,16.1,62,ENE,1.6,4.8,1014.49,0,0,0,0,,
2021-07-06,03:45,23.8,16.1,63,ENE,3.2,8,1014.56,0,0,0,0,,
2021-07-06,04:00,23.9,16.1,62,ENE,3.2,9.7,1014.49,0,0,0,0,,
2021-07-06,04:15,23.4,16.1,63,EAST,1.6,6.4,1014.39,0,0,0,0,,
2021-07-06,04:30,23.3,16.1,64,EAST,4.8,6.4,1014.46,0,0,0,0,,
2021-07-06,04:45,23.2,16.1,64,EAST,1.6,9.7,1014.6,0,0,0,0,,
2021-07-06,05:00,23.2,16.1,64,ESE,9.7,12.9,1014.46,0,0,0,0,,
2021-07-06,05:15,23.2,16.1,65,SE,4.8,12.9,1014.49,0,0,0,0,,
2021-07-06,05:30,23.2,16.1,65,ESE,11.3,12.9,1014.73,0,0,0,0,,
2021-07-06,05:45,23.6,16.1,64,ESE,9.7,12.9,1014.6,0,0,0,0,,
2021-07-06,06:00,23.5,16.1,63,ESE,9.7,14.5,1014.49,0,0,0,0,,
2021-07-06,06:15,23.3,16.1,64,ESE,11.3,16.1,1014.77,0,0,0,11,,
2021-07-06,06:30,23.5,16.1,63,ESE,6.4,14.5,1014.66,0,0,0,26,,
2021-07-06,06:45,24.1,16.1,61,ESE,6.4,14.5,1014.87,0,0,0,53,,
2021-07-06,07:00,24.6,16.1,59,ESE,11.3,12.9,1014.87,0,0,0,95,,
2021-07-06,07:15,25,16.1,57,SE,6.4,16.1,1014.93,0,0,0,118,,
2021-07-06,07:30,25.1,15.6,57,ESE,4.8,12.9,1014.9,0,0,0,181,,
2021-07-06,07:45,25.6,16.1,55,EAST,12.9,12.9,1015.1,0,0,0,225,,
2021-07-06,08:00,26.1,15.6,53,ESE,3.2,16.1,1014.97,0,0,1,271,,
2021-07-06,08:15,26.7,15.6,52,ESE,8,12.9,1015.14,0,0,1,316,,
2021-07-06,08:30,27.3,16.1,51,ENE,4.8,12.9,1015.17,0,0,1,364,,
2021-07-06,08:45,27.8,15.6,48,ENE,8,14.5,1015.31,0,0,1,410,,
2021-07-06,09:00,28.4,15.6,47,EAST,6.4,16.1,1015.17,0,0,2,455,,
2021-07-06,09:15,29.1,16.1,46,ENE,6.4,14.5,1015.1,0,0,2,497,,
2021-07-06,09:30,29.8,15.6,43,SE,6.4,16.1,1015.04,0,0,2,529,,
2021-07-06,09:45,30.2,15.6,41,EAST,9.7,17.7,1014.83,0,0,3,520,,
2021-07-06,10:00,30.6,15.6,41,EAST,16.1,19.3,1015.04,0,0,3,508,,
2021-07-06,10:15,30.8,16.1,42,ESE,1.6,16.1,1014.93,0,0,3,533,,
2021-07-06,10:30,31.4,16.1,40,SSE,11.3,16.1,1014.87,0,0,4,617,,
2021-07-06,10:45,31.7,16.7,40,SE,8,16.1,1014.87,0,0,4,714,,
2021-07-06,11:00,31.8,16.7,41,ESE,12.9,22.5,1014.9,0,0,5,759,,
2021-07-06,11:15,32.1,16.7,39,SE,16.1,24.1,1014.93,0,0,5,791,,
2021-07-06,11:30,32.3,16.1,38,SE,6.4,22.5,1015.21,0,0,5,816,,
2021-07-06,11:45,32.6,16.7,39,SE,8,20.9,1015.17,0,0,6,833,,
2021-07-06,12:00,32.8,16.7,38,SE,14.5,20.9,1015.1,0,0,6,856,,
2021-07-06,12:15,33,16.1,37,SSE,12.9,25.7,1015.17,0,0,6,872,,
2021-07-06,12:30,33.2,17.2,38,SE,11.3,24.1,1015.17,0,0,6,884,,
2021-07-06,12:45,32.6,18.3,43,SSE,8,32.2,1015.07,0,0,7,893,,
2021-07-06,13:00,33.2,17.8,41,SE,19.3,29,1014.8,0,0,7,902,,
2021-07-06,13:15,33.1,17.8,40,SE,12.9,27.4,1014.8,0,0,7,905,,
2021-07-06,13:30,32.9,17.8,40,SSE,14.5,29,1014.8,0,0,7,905,,
2021-07-06,13:45,33.4,17.8,40,SSE,16.1,24.1,1014.66,0,0,7,898,,
2021-07-06,14:00,33.2,17.8,40,SE,17.7,25.7,1014.73,0,0,7,893,,
2021-07-06,14:15,33.3,17.2,38,SE,12.9,30.6,1014.43,0,0,6,881,,
2021-07-06,14:30,33.6,17.2,38,SE,14.5,27.4,1014.46,0,0,6,854,,
2021-07-06,14:45,33.5,16.7,37,SSE,24.1,32.2,1014.36,0,0,6,846,,
2021-07-06,15:00,33.8,16.7,37,SE,24.1,29,1014.49,0,0,5,819,,
2021-07-06,15:15,33.7,16.7,37,SE,22.5,30.6,1014.33,0,0,5,802,,
2021-07-06,15:30,33.2,17.2,38,SSE,19.3,37,1014.19,0,0,5,775,,
2021-07-06,15:45,32.9,16.7,38,SE,22.5,35.4,1014.33,0,0,5,745,,
2021-07-06,16:00,32.8,15.6,35,SSE,12.9,30.6,1014.05,0,0,4,708,,
2021-07-06,16:15,32.6,15,35,SE,22.5,30.6,1014.05,0,0,4,671,,
2021-07-06,16:30,32.5,15,35,SE,14.5,33.8,1014.19,0,0,4,642,,
2021-07-06,16:45,32.6,14.4,34,SE,19.3,33.8,1014.02,0,0,3,603,,
2021-07-06,17:00,32.3,14.4,35,ESE,17.7,35.4,1014.02,0,0,3,557,,
2021-07-06,17:15,31.8,15.6,37,SSE,25.7,33.8,1013.88,0,0,2,494,,
2021-07-06,17:30,31.5,14.4,36,SSE,22.5,33.8,1014.05,0,0,2,466,,
2021-07-06,17:45,31,13.3,34,ESE,16.1,37,1014.12,0,0,2,422,,
2021-07-06,18:00,30.9,13.9,35,ESE,19.3,33.8,1014.09,0,0,1,373,,
2021-07-06,18:15,30.6,14.4,37,SE,22.5,32.2,1014.09,0,0,1,327,,
2021-07-06,18:30,30.3,14.4,38,ESE,22.5,32.2,1014.02,0,0,1,283,,
2021-07-06,18:45,30,14.4,40,SE,16.1,29,1014.12,0,0,1,239,,
2021-07-06,19:00,29.9,15,41,SE,11.3,27.4,1013.99,0,0,0,195,,
2021-07-06,19:15,29.6,15.6,43,SE,19.3,27.4,1013.92,0,0,0,155,,
2021-07-06,19:30,28.8,15.6,45,ESE,19.3,30.6,1014.05,0,0,0,114,,
2021-07-06,19:45,28.4,15,45,SE,12.9,32.2,1014.09,0,0,0,83,,
2021-07-06,20:00,27.9,15,46,SE,19.3,25.7,1014.09,0,0,0,56,,
2021-07-06,20:15,27.6,15,46,ESE,12.9,27.4,1014.09,0,0,0,33,,
2021-07-06,20:30,27.1,14.4,47,ESE,24.1,30.6,1014.19,0,0,0,19,,
2021-07-06,20:45,26.9,14.4,46,ESE,14.5,29,1014.09,0,0,0,0,,
2021-07-06,21:00,26.6,14.4,48,ESE,11.3,24.1,1014.12,0,0,0,0,,
2021-07-06,21:15,26.3,14.4,48,ESE,17.7,25.7,1014.16,0,0,0,0,,
2021-07-06,21:30,26.1,13.9,48,ESE,17.7,27.4,1014.29,0,0,0,0,,
2021-07-06,21:45,25.7,14.4,50,SE,16.1,27.4,1014.49,0,0,0,0,,
2021-07-06,22:00,25.7,13.9,49,ESE,17.7,27.4,1014.56,0,0,0,0,,
2021-07-06,22:15,25.6,13.9,50,ESE,17.7,27.4,1014.56,0,0,0,0,,
2021-07-06,22:30,25.4,14.4,51,SE,14.5,24.1,1014.8,0,0,0,0,,
2021-07-06,22:45,25.3,14.4,52,ESE,22.5,24.1,1014.97,0,0,0,0,,
2021-07-06,23:00,25.1,14.4,53,ESE,19.3,24.1,1015.04,0,0,0,0,,
2021-07-06,23:15,24.8,15,55,ESE,19.3,25.7,1015.17,0,0,0,0,,
2021-07-06,23:30,24.8,15.6,56,ESE,11.3,22.5,1015.24,0,0,0,0,,
2021-07-06,23:45,24.8,15.6,57,SE,11.3,22.5,1015.27,0,0,0,0,,
2021-07-06,OVR,,,,,,,,,,,,gustmax,37
2021-07-06,OVR,,,,,,,,,,,,rainrate_max,0
2021-07-06,OVR,,,,,,,,,,,,rain_total_mm,0
2021-07-06,OVR,,,,,,,,,,,,tmax,33.9
2021-07-06,OVR,,,,,,,,,,,,tmin,21.6
2021-07-06,OVR,,,,,,,,,,,,wind_dir_mean_deg,135
2021-07-07,00:00,24.4,16.1,59,ESE,16.1,25.7,1015.24,0,0,0,0,,
2021-07-07,00:15,24.4,15.6,58,SE,12.9,27.4,1015.17,0,0,0,0,,
2021-07-07,00:30,24.6,15,55,SE,22.5,25.7,1015.14,0,0,0,0,,
2021-07-07,00:45,24.8,14.4,53,SE,17.7,29,1015.07,0,0,0,0,,
2021-07-07,01:00,24.9,14.4,53,ESE,11.3,25.7,1015.34,0,0,0,0,,
2021-07-07,01:15,24.7,14.4,53,ESE,24.1,25.7,1014.93,0,0,0,0,,
2021-07-07,01:30,24.6,14.4,54,SE,12.9,27.4,1014.97,0,0,0,0,,
2021-07-07,01:45,24.6,14.4,54,ESE,22.5,25.7,1014.87,0,0,0,0,,
2021-07-07,02:00,24.6,14.4,54,ESE,16.1,29,1014.77,0,0,0,0,,
2021-07-07,02:15,24.7,14.4,53,ESE,14.5,25.7,1014.8,0,0,0,0,,
2021-07-07,02:30,24.6,14.4,53,SE,14.5,22.5,1014.63,0,0,0,0,,
2021-07-07,02:45,24.6,14.4,53,ESE,17.7,20.9,1014.7,0,0,0,0,,
2021-07-07,03:00,24.7,13.9,51,SE,17.7,24.1,1014.6,0,0,0,0,,
2021-07-07,03:15,24.7,13.3,51,SE,16.1,22.5,1014.36,0,0,0,0,,
2021-07-07,03:30,24.7,13.3,50,ESE,11.3,20.9,1014.36,0,0,0,0,,
2021-07-07,03:45,24.2,13.3,51,ESE,6.4,16.1,1014.33,0,0,0,0,,
2021-07-07,04:00,24.1,13.9,53,ESE,11.3,14.5,1014.16,0,0,0,0,,
2021-07-07,04:15,24.2,13.9,53,SE,8,16.1,1013.95,0,0,0,0,,
2021-07-07,04:30,24.4,13.3,51,ESE,6.4,12.9,1013.95,0,0,0,0,,
2021-07-07,04:45,23.7,13.9,55,ESE,3.2,4.8,1014.22,0,0,0,0,,
2021-07-07,05:00,22.6,13.9,58,ESE,3.2,3.2,1014.22,0,0,0,0,,
2021-07-07,05:15,22.1,13.3,59,ESE,3.2,4.8,1014.16,0,0,0,0,,
2021-07-07,05:30,23.1,14.4,59,ESE,1.6,4.8,1014.26,0,0,0,0,,
2021-07-07,05:45,22.6,14.4,61,ESE,3.2,6.4,1014.16,0,0,0,0,,
2021-07-07,06:00,22.4,14.4,60,ESE,3.2,4.8,1014.49,0,0,0,0,,
2021-07-07,06:15,22.9,13.9,57,SE,4.8,8,1014.56,0,0,0,9,,
2021-07-07,06:30,23.1,13.9,56,NORTH,0,6.4,1014.93,0,0,0,25,,
2021-07-07,06:45,23,13.9,57,ESE,1.6,9.7,1014.8,0,0,0,47,,
2021-07-07,07:00,23.7,14.4,56,SE,16.1,19.3,1014.66,0,0,0,86,,
2021-07-07,07:15,24.4,15,56,ESE,8,17.7,1014.9,0,0,0,123,,
2021-07-07,07:30,24.4,16.1,60,SE,9.7,17.7,1014.77,0,0,0,118,,
2021-07-07,07:45,24.3,15.6,60,ESE,6.4,19.3,1014.53,0,0,0,216,,
2021-07-07,08:00,24.4,15.6,59,ESE,4.8,16.1,1014.7,0,0,0,135,,
2021-07-07,08:15,25.1,14.4,53,SE,6.4,19.3,1014.8,0,0,1,316,,
2021-07-07,08:30,25.8,15.6,53,ESE,11.3,19.3,1014.83,0,0,1,330,,
2021-07-07,08:45,25.7,16.7,57,ESE,12.9,19.3,1015.07,0,0,1,378,,
2021-07-07,09:00,26.1,16.1,56,ESE,9.7,19.3,1015.51,0,0,2,420,,
2021-07-07,09:15,26.6,15,49,SE,3.2,14.5,1015.48,0,0,2,468,,
2021-07-07,09:30,27.6,15,47,ESE,3.2,9.7,1015.48,0,0,2,499,,
2021-07-07,09:45,28.6,13.3,40,SE,6.4,17.7,1014.97,0,0,3,508,,
2021-07-07,10:00,29,13.9,40,SE,8,19.3,1015.17,0,0,3,503,,
2021-07-07,10:15,29.7,13.9,38,EAST,14.5,14.5,1015.24,0,0,3,527,,
2021-07-07,10:30,30,14.4,39,SE,1.6,12.9,1015.37,0,0,4,594,,
2021-07-07,10:45,30.2,15,40,EAST,4.8,16.1,1015.17,0,0,4,693,,
2021-07-07,11:00,31.1,15,38,EAST,4.8,14.5,1015.37,0,0,4,735,,
2021-07-07,11:15,31.3,15,37,ESE,12.9,17.7,1015.34,0,0,5,768,,
2021-07-07,11:30,31.6,15.6,39,SE,12.9,19.3,1015.27,0,0,5,786,,
2021-07-07,11:45,31.7,15.6,38,ESE,9.7,24.1,1015.17,0,0,6,828,,
2021-07-07,12:00,32.2,17.2,41,SOUTH,3.2,20.9,1015.68,0,0,6,854,,
2021-07-07,12:15,32.4,17.2,40,SSE,16.1,17.7,1015.71,0,0,6,865,,
2021-07-07,12:30,32.5,16.7,39,ESE,9.7,19.3,1015.61,0,0,5,807,,
2021-07-07,12:45,33.1,17.2,39,SE,4.8,19.3,1015.41,0,0,7,960,,
2021-07-07,13:00,33.4,16.1,36,EAST,16.1,22.5,1015.07,0,0,4,483,,
2021-07-07,13:15,33.1,16.7,38,ESE,17.7,25.7,1014.63,0,0,3,462,,
2021-07-07,13:30,33.1,17.8,40,SE,6.4,19.3,1014.97,0,0,2,241,,
2021-07-07,13:45,32.7,16.7,39,ESE,25.7,24.1,1014.56,0,0,1,132,,
2021-07-07,14:00,32.6,17.8,42,SSE,8,32.2,1015.24,0,0,6,299,,
2021-07-07,14:15,32.3,19.4,47,SSE,9.7,27.4,1015.58,0,0,3,427,,
2021-07-07,14:30,32.2,20,48,SSE,8,22.5,1015.44,0,0,4,459,,
2021-07-07,14:45,31.4,20,52,SE,12.9,30.6,1015.61,0,0,4,923,,
2021-07-07,15:00,30.9,18.3,47,SE,25.7,25.7,1015.48,0,0,2,223,,
2021-07-07,15:15,31.2,18.9,49,SE,14.5,27.4,1015.34,0,0,4,754,,
2021-07-07,15:30,31.3,16.7,42,SE,6.4,22.5,1015.61,0,0,3,606,,
2021-07-07,15:45,31.2,17.2,44,ESE,16.1,35.4,1015.51,0,0,4,700,,
2021-07-07,16:00,31.1,18.9,48,ESE,4.8,20.9,1015.82,0,0,2,323,,
2021-07-07,16:15,31.4,18.3,47,ESE,14.5,27.4,1015.92,0,0,4,643,,
2021-07-07,16:30,31.6,18.3,45,SSE,11.3,20.9,1015.68,0,0,3,548,,
2021-07-07,16:45,32.5,17.8,42,SSE,9.7,19.3,1015.51,0,0,3,513,,
2021-07-07,17:00,31.6,17.2,42,ESE,6.4,14.5,1015.75,0,0,2,287,,
2021-07-07,17:15,31.5,17.8,44,SE,8,14.5,1015.37,0,0,2,359,,
2021-07-07,17:30,30.1,21.1,58,WNW,14.5,32.2,1016.09,0,0,2,478,,
2021-07-07,17:45,29.6,20,57,WEST,6.4,19.3,1016.32,0,0,2,394,,
2021-07-07,18:00,29.8,20,57,WNW,11.3,19.3,1016.15,0,0,1,345,,
2021-07-07,18:15,29.6,20.6,58,WNW,9.7,16.1,1016.19,0,0,1,295,,
2021-07-07,18:30,29.9,20.6,57,WNW,6.4,11.3,1016.05,0,0,1,260,,
2021-07-07,18:45,29.6,21.1,60,WNW,8,14.5,1016.02,0,0,1,220,,
2021-07-07,19:00,29.7,20.6,59,WNW,1.6,4.8,1015.68,0,0,0,179,,
2021-07-07,19:15,30.2,21.1,59,NW,1.6,6.4,1015.78,0,0,0,151,,
2021-07-07,19:30,30.2,21.1,58,WEST,4.8,11.3,1015.82,0,0,0,111,,
2021-07-07,19:45,28.6,21.7,66,NORTH,0,14.5,1015.82,0,0,0,81,,
2021-07-07,20:00,28.1,21.7,68,WEST,3.2,6.4,1015.78,0,0,0,53,,
2021-07-07,20:15,27.9,21.7,68,NORTH,0,4.8,1015.95,0,0,0,33,,
2021-07-07,20:30,27.7,21.1,68,WNW,1.6,8,1015.95,0,0,0,16,,
2021-07-07,20:45,26.9,21.1,72,NORTH,0,4.8,1016.02,0,0,0,0,,
2021-07-07,21:00,26.2,20.6,72,NORTH,0,4.8,1015.78,0,0,0,0,,
2021-07-07,21:15,26.6,20.6,70,NORTH,0,3.2,1016.02,0,0,0,0,,
2021-07-07,21:30,25.5,20,73,SOUTH,4.8,6.4,1016.29,0,0,0,0,,
2021-07-07,21:45,26.1,20.6,72,SSE,3.2,8,1016.46,0,0,0,0,,
2021-07-07,22:00,26.4,21.1,73,SSE,3.2,9.7,1017.03,0,0,0,0,,
2021-07-07,22:15,25.7,21.1,76,SSE,1.6,6.4,1016.97,0,0,0,0,,
2021-07-07,22:30,25.6,21.1,77,ESE,8,8,1017.03,0,0,0,0,,
2021-07-07,22:45,26.1,21.1,76,ESE,9.7,16.1,1017.2,0,0,0,0,,
2021-07-07,23:00,26.1,21.1,74,SE,11.3,16.1,1016.9,0,0,0,0,,
2021-07-07,23:15,25.6,21.7,80,SE,24.1,30.6,1017.37,0,0,0,0,,
2021-07-07,23:30,24.6,21.1,82,SE,14.5,32.2,1017.14,0,0,0,0,,
2021-07-07,23:45,24.4,21.7,86,SE,20.9,25.7,1017.78,0,0,0,0,,
2021-07-07,OVR,,,,,,,,,,,,gustmax,35.4
2021-07-07,OVR,,,,,,,,,,,,rainrate_max,0
2021-07-07,OVR,,,,,,,,,,,,rain_total_mm,0
2021-07-07,OVR,,,,,,,,,,,,tmax,33.6
2021-07-07,OVR,,,,,,,,,,,,tmin,22
2021-07-07,OVR,,,,,,,,,,,,wind_dir_mean_deg,112.5
2021-07-08,00:00,24,21.7,89,SE,6.4,22.5,1018.22,0,0,0,0,,
2021-07-08,00:15,23.9,22.2,90,ESE,3.2,14.5,1018.35,0,0,0,0,,
2021-07-08,00:30,23.7,21.7,90,ESE,6.4,17.7,1017.88,0,0,0,0,,
2021-07-08,00:45,23.6,21.1,87,NORTH,0,16.1,1017.91,0,0,0,0,,
2021-07-08,01:00,23.7,20.6,84,NE,3.2,3.2,1018.02,0,0,0,0,,
2021-07-08,01:15,23.3,21.1,88,EAST,3.2,9.7,1017.58,0,0,0,0,,
2021-07-08,01:30,23.4,21.7,90,EAST,3.2,6.4,1017.54,0,0,0,0,,
2021-07-08,01:45,23.2,21.1,90,EAST,3.2,4.8,1017.41,0,0,0,0,,
2021-07-08,02:00,23.4,21.7,90,NE,3.2,4.8,1017.78,0,0,0,0,,
2021-07-08,02:15,23,21.1,90,NE,1.6,3.2,1018.12,0,0,0,0,,
2021-07-08,02:30,22.9,21.1,90,NE,3.2,4.8,1017.78,0,0,0,0,,
2021-07-08,02:45,23.1,21.1,90,WEST,11.3,8,1019.17,0,0,0,0,,
2021-07-08,03:00,23.6,21.7,90,WEST,24.1,30.6,1020.45,0,0,0,0,,
2021-07-08,03:15,23.4,21.7,91,WEST,16.1,20.9,1019.78,0,0,0,0,,
2021-07-08,03:30,23.4,21.7,91,NW,16.1,24.1,1018.66,0,0,0,0,,
2021-07-08,03:45,23.2,21.7,92,WSW,3.2,38.6,1020.29,0,0,0,0,,
2021-07-08,04:00,23.2,21.7,92,WEST,30.6,43.5,1020.05,0,0,0,0,,
2021-07-08,04:15,23.2,21.7,93,NW,25.7,37,1017.58,0,0,0,0,,
2021-07-08,04:30,23,21.1,90,WNW,14.5,33.8,1017.41,0,0,0,0,,
2021-07-08,04:45,23.4,21.1,87,WNW,17.7,72.4,1019.17,0,0,0,0,,
2021-07-08,05:00,24.1,18.9,73,WEST,29,30.6,1018.63,0,0,0,0,,
2021-07-08,05:15,25.1,16.1,57,NW,9.7,30.6,1017.78,0,0,0,0,,
2021-07-08,05:30,25.6,16.7,58,NE,11.3,14.5,1017.71,0,0,0,0,,
2021-07-08,05:45,26.5,17.2,57,NNW,4.8,20.9,1017.03,0,0,0,0,,
2021-07-08,06:00,25.9,16.7,57,ESE,1.6,9.7,1016.22,0,0,0,0,,
2021-07-08,06:15,26.3,16.1,55,EAST,4.8,6.4,1015.71,0,0,0,0,,
2021-07-08,06:30,26.5,16.7,55,EAST,4.8,12.9,1016.49,0,0,0,0,,
2021-07-08,06:45,24.3,18.3,71,ESE,4.8,24.1,1017.17,0,0,0,0,,
2021-07-08,07:00,24.2,18.9,73,ESE,19.3,27.4,1016.86,0,0,0,14,,
2021-07-08,07:15,24.3,18.3,71,NORTH,0,11.3,1017.31,0,0,0,39,,
2021-07-08,07:30,25.2,18.3,65,ESE,4.8,12.9,1016.86,0,0,0,65,,
2021-07-08,07:45,26.2,17.8,60,ESE,3.2,9.7,1017.1,0,0,0,118,,
2021-07-08,08:00,26.9,17.2,56,SE,8,20.9,1017.37,0,0,0,90,,
2021-07-08,08:15,25.8,17.8,62,SE,12.9,19.3,1017.85,0,0,0,69,,
2021-07-08,08:30,25.9,18.3,62,SE,11.3,17.7,1017.78,0,0,0,120,,
2021-07-08,08:45,25.8,18.3,64,SE,3.2,14.5,1017.91,0,0,0,109,,
2021-07-08,09:00,26.2,18.3,62,,1.6,9.7,1017.78,0,0,1,146,,
2021-07-08,09:15,26.6,18.3,60,ENE,4.8,6.4,1017.71,0,0,1,167,,
2021-07-08,09:30,27.3,18.3,58,SE,8,14.5,1018.15,0,0,1,250,,
2021-07-08,09:45,26.7,18.3,62,SSE,12.9,16.1,1018.42,0,0,1,285,,
2021-07-08,10:00,26.3,20,69,SE,6.4,24.1,1018.59,0,0,1,248,,
2021-07-08,10:15,25.8,20.6,73,SSE,6.4,17.7,1018.56,0,0,2,309,,
2021-07-08,10:30,26.1,20.6,72,SE,1.6,12.9,1019.03,0,0,2,339,,
2021-07-08,10:45,26.7,20.6,70,WEST,11.3,16.1,1019.68,0,0,1,232,,
2021-07-08,11:00,26.4,20.6,70,WEST,4.8,17.7,1019.88,0,0,1,204,,
2021-07-08,11:15,26.3,21.1,73,WNW,6.4,20.9,1020.15,0,0,2,251,,
2021-07-08,11:30,26.3,21.1,75,NW,11.3,16.1,1019.78,0,0,2,364,,
2021-07-08,11:45,26.3,21.7,76,NW,9.7,17.7,1019.37,0,0,2,306,,
2021-07-08,12:00,26.6,21.7,75,WNW,8,19.3,1019.44,0,0,3,446,,
2021-07-08,12:15,26.8,21.7,74,WNW,12.9,19.3,1019.3,0,0,3,390,,
2021-07-08,12:30,27.3,21.7,71,WNW,12.9,14.5,1019.27,0,0,4,508,,
2021-07-08,12:45,28,21.7,68,WNW,14.5,14.5,1019.13,0,0,6,874,,
2021-07-08,13:00,29.1,21.7,65,WEST,4.8,19.3,1019.51,0,0,5,652,,
2021-07-08,13:15,29.1,21.1,63,WNW,22.5,24.1,1019.61,0,0,5,659,,
2021-07-08,13:30,28.5,21.7,66,WEST,24.1,32.2,1020.05,0,0,6,557,,
2021-07-08,13:45,28.1,22.2,70,WEST,27.4,45.1,1020.01,0,0,3,429,,
2021-07-08,14:00,26.8,21.7,76,WEST,25.7,48.3,1019.78,0,0,2,232,,
2021-07-08,14:15,25.8,21.7,79,WNW,24.1,41.8,1019.71,0,0,2,313,,
2021-07-08,14:30,26.4,21.7,77,WEST,27.4,41.8,1019.81,0,0,4,587,,
2021-07-08,14:45,26.8,21.7,73,WNW,25.7,46.7,1020.05,0,0,6,960,,
2021-07-08,15:00,26.4,21.1,74,WNW,17.7,49.9,1020.12,0,0,5,886,,
2021-07-08,15:15,26.9,21.1,70,WNW,11.3,30.6,1020.25,0,0,2,338,,
2021-07-08,15:30,26.2,20.6,73,WEST,41.8,40.2,1020.15,0,0,2,387,,
2021-07-08,15:45,26.2,20.6,72,WNW,12.9,43.5,1020.12,0,0,3,434,,
2021-07-08,16:00,26.7,21.1,72,WEST,24.1,43.5,1020.45,0,0,4,809,,
2021-07-08,16:15,26.6,20.6,71,WNW,16.1,43.5,1020.32,0,0,3,652,,
2021-07-08,16:30,27.2,20.6,67,WNW,19.3,38.6,1020.69,0,0,3,619,,
2021-07-08,16:45,26.9,20.6,68,WEST,17.7,41.8,1020.76,0,0,3,578,,
2021-07-08,17:00,27,20.6,68,WEST,20.9,32.2,1020.79,0,0,3,563,,
2021-07-08,17:15,27.1,20,66,WEST,11.3,37,1020.59,0,0,2,531,,
2021-07-08,17:30,26.8,18.9,63,WSW,14.5,40.2,1020.45,0,0,2,480,,
2021-07-08,17:45,26.7,18.9,63,NW,16.1,40.2,1020.56,0,0,2,425,,
2021-07-08,18:00,26.9,18.9,62,WNW,29,38.6,1020.29,0,0,1,376,,
2021-07-08,18:15,26.5,18.3,61,WEST,20.9,37,1020.42,0,0,1,330,,
2021-07-08,18:30,26.4,18.3,61,WEST,20.9,40.2,1020.39,0,0,1,294,,
2021-07-08,18:45,26.2,18.9,64,WEST,19.3,38.6,1020.39,0,0,1,255,,
2021-07-08,19:00,25.9,18.3,63,WEST,20.9,29,1020.62,0,0,0,204,,
2021-07-08,19:15,25.6,18.3,65,WNW,14.5,25.7,1020.56,0,0,0,165,,
2021-07-08,19:30,25.1,18.9,70,WEST,20.9,35.4,1020.59,0,0,0,149,,
2021-07-08,19:45,25.1,18.3,68,WNW,14.5,24.1,1020.66,0,0,0,102,,
2021-07-08,20:00,24.7,18.9,70,WEST,9.7,25.7,1020.69,0,0,0,58,,
2021-07-08,20:15,24.3,18.9,73,WNW,11.3,22.5,1020.79,0,0,0,37,,
2021-07-08,20:30,23.7,18.9,76,WEST,17.7,20.9,1020.69,0,0,0,21,,
2021-07-08,20:45,23.3,18.9,78,WNW,12.9,19.3,1020.86,0,0,0,9,,
2021-07-08,21:00,22.8,18.9,78,WNW,11.3,22.5,1020.89,0,0,0,0,,
2021-07-08,21:15,22.7,18.9,80,WNW,4.8,19.3,1021.1,0,0,0,0,,
2021-07-08,21:30,22.4,18.9,82,WEST,4.8,14.5,1021.13,0,0,0,0,,
2021-07-08,21:45,22.2,18.9,83,WNW,12.9,17.7,1021.27,0,0,0,0,,
2021-07-08,22:00,22,18.9,85,WNW,9.7,16.1,1021.47,0,0,0,0,,
2021-07-08,22:15,21.9,18.9,84,WEST,9.7,19.3,1021.61,0,0,0,0,,
2021-07-08,22:30,21.7,18.9,85,NORTH,0,16.1,1021.78,0,0,0,0,,
2021-07-08,22:45,21.7,18.9,84,NORTH,0,4.8,1021.81,0,0,0,0,,
2021-07-08,23:00,21.1,18.3,85,NORTH,0,3.2,1021.94,0,0,0,0,,
2021-07-08,23:15,20.9,18.3,86,NORTH,0,1.6,1022.01,0,0,0,0,,
2021-07-08,23:30,20.8,18.3,87,WNW,1.6,3.2,1022.05,0,0,0,0,,
2021-07-08,23:45,20.7,17.8,85,NORTH,0,4.8,1022.22,0,0,0,0,,
2021-07-08,OVR,,,,,,,,,,,,gustmax,72.4
2021-07-08,OVR,,,,,,,,,,,,rainrate_max,0
2021-07-08,OVR,,,,,,,,,,,,rain_total_mm,0
2021-07-08,OVR,,,,,,,,,,,,tmax,29.5
2021-07-08,OVR,,,,,,,,,,,,tmin,20.5
2021-07-08,OVR,,,,,,,,,,,,wind_dir_mean_deg,292.5
2021-07-09,00:00,20.8,18.3,86,NORTH,0,0,1022.18,0,0,0,0,,
2021-07-09,00:15,21,17.8,84,NORTH,0,1.6,1022.25,0,0,0,0,,
2021-07-09,00:30,21.6,16.7,75,NW,4.8,11.3,1022.15,0,0,0,0,,
2021-07-09,00:45,21.4,16.7,75,NW,1.6,3.2,1022.11,0,0,0,0,,
2021-07-09,01:00,21.2,16.1,74,NW,1.6,6.4,1022.01,0,0,0,0,,
2021-07-09,01:15,21.4,16.1,74,WNW,4.8,6.4,1021.91,0,0,0,0,,
2021-07-09,01:30,20.6,16.1,76,NORTH,0,4.8,1021.88,0,0,0,0,,
2021-07-09,01:45,20.1,15.6,77,NORTH,0,1.6,1021.84,0,0,0,0,,
2021-07-09,02:00,19.9,15.6,77,NORTH,0,3.2,1021.81,0,0,0,0,,
2021-07-09,02:15,19.8,15.6,78,WNW,3.2,3.2,1021.67,0,0,0,0,,
2021-07-09,02:30,20,15.6,77,WNW,1.6,3.2,1021.91,0,0,0,0,,
2021-07-09,02:45,19.8,15.6,78,WNW,1.6,3.2,1021.67,0,0,0,0,,
2021-07-09,03:00,19.7,15.6,78,WEST,1.6,4.8,1021.74,0,0,0,0,,
2021-07-09,03:15,19.6,15,77,WNW,3.2,6.4,1021.64,0,0,0,0,,
2021-07-09,03:30,19.6,15,75,WNW,1.6,9.7,1021.5,0,0,0,0,,
2021-07-09,03:45,19.4,15,76,WEST,4.8,14.5,1021.64,0,0,0,0,,
2021-07-09,04:00,19.3,15,78,WNW,4.8,12.9,1021.61,0,0,0,0,,
2021-07-09,04:15,19.4,15,77,WNW,6.4,17.7,1021.54,0,0,0,0,,
2021-07-09,04:30,19.3,15,78,NORTH,0,11.3,1021.64,0,0,0,0,,
2021-07-09,04:45,19.1,16.1,83,WEST,3.2,6.4,1021.54,0,0,0,0,,
2021-07-09,05:00,18.6,15.6,85,NORTH,0,3.2,1021.57,0,0,0,0,,
2021-07-09,05:15,18.3,15.6,86,NORTH,0,1.6,1021.64,0,0,0,0,,
2021-07-09,05:30,18.4,15.6,85,NORTH,0,8,1021.5,0,0,0,0,,
2021-07-09,05:45,18.4,15.6,86,WNW,6.4,4.8,1021.74,0,0,0,0,,
2021-07-09,06:00,18.1,15.6,87,WEST,1.6,4.8,1021.71,0,0,0,0,,
2021-07-09,06:15,18.1,15.6,87,WEST,1.6,3.2,1021.91,0,0,0,9,,
2021-07-09,06:30,18.3,15.6,86,NORTH,0,4.8,1021.78,0,0,0,21,,
2021-07-09,06:45,18.2,15.6,86,NORTH,0,3.2,1021.78,0,0,0,47,,
2021-07-09,07:00,18.4,15.6,84,NORTH,0,3.2,1021.84,0,0,0,79,,
2021-07-09,07:15,19.1,16.1,83,WNW,6.4,19.3,1021.74,0,0,0,107,,
2021-07-09,07:30,19.3,16.1,83,WNW,6.4,11.3,1021.78,0,0,0,174,,
2021-07-09,07:45,19.4,16.1,81,NW,3.2,14.5,1021.78,0,0,0,223,,
2021-07-09,08:00,19.9,15.6,78,WNW,6.4,9.7,1021.94,0,0,1,269,,
2021-07-09,08:15,20.4,16.1,76,WNW,4.8,8,1021.94,0,0,1,308,,
2021-07-09,08:30,21.1,15.6,72,WNW,3.2,9.7,1021.88,0,0,1,367,,
2021-07-09,08:45,21.6,15.6,69,WEST,9.7,14.5,1021.88,0,0,1,417,,
2021-07-09,09:00,22.1,15,65,WEST,1.6,12.9,1021.94,0,0,2,471,,
2021-07-09,09:15,22.6,14.4,60,WNW,6.4,12.9,1022.01,0,0,2,519,,
2021-07-09,09:30,23.1,14.4,60,WNW,11.3,14.5,1022.18,0,0,2,547,,
2021-07-09,09:45,23.6,13.9,56,WEST,9.7,12.9,1022.15,0,0,3,524,,
2021-07-09,10:00,23.9,13.3,53,WNW,12.9,14.5,1022.08,0,0,3,510,,
2021-07-09,10:15,24.7,13.3,49,WNW,4.8,14.5,1021.91,0,0,3,548,,
2021-07-09,10:30,25.1,12.2,46,WNW,8,25.7,1022.08,0,0,4,663,,
2021-07-09,10:45,25.3,12.8,46,WEST,9.7,24.1,1021.94,0,0,4,765,,
2021-07-09,11:00,26.3,12.2,42,WNW,14.5,20.9,1021.94,0,0,5,800,,
2021-07-09,11:15,27.2,11.7,38,WEST,20.9,22.5,1021.94,0,0,5,831,,
2021-07-09,11:30,27.3,11.1,37,WNW,17.7,27.4,1022.11,0,0,5,860,,
2021-07-09,11:45,28.1,12.2,37,WEST,17.7,24.1,1021.84,0,0,6,882,,
2021-07-09,12:00,27.8,12.8,40,WEST,20.9,35.4,1021.71,0,0,6,902,,
2021-07-09,12:15,27.8,15,45,WNW,9.7,32.2,1021.47,0,0,6,919,,
2021-07-09,12:30,28,14.4,44,WEST,19.3,37,1021.47,0,0,7,930,,
2021-07-09,12:45,28.4,13.3,39,WEST,29,46.7,1021.47,0,0,7,939,,
2021-07-09,13:00,28.3,12.8,38,WNW,20.9,37,1021.4,0,0,7,946,,
2021-07-09,13:15,28.4,12.2,38,WEST,29,40.2,1021.5,0,0,7,954,,
2021-07-09,13:30,28.2,12.8,39,WEST,25.7,45.1,1021.4,0,0,7,953,,
2021-07-09,13:45,28.3,12.8,39,WEST,30.6,43.5,1021.4,0,0,7,954,,
2021-07-09,14:00,28.1,12.8,39,WEST,20.9,43.5,1021.4,0,0,7,946,,
2021-07-09,14:15,27.8,12.2,39,WEST,32.2,48.3,1021.33,0,0,7,935,,
2021-07-09,14:30,28.3,13.3,40,WEST,24.1,43.5,1021.47,0,0,7,918,,
2021-07-09,14:45,27.9,13.3,41,WEST,29,43.5,1021.4,0,0,6,900,,
2021-07-09,15:00,27.7,13.9,43,WEST,32.2,48.3,1021.3,0,0,6,888,,
2021-07-09,15:15,28.2,14.4,43,WEST,19.3,40.2,1021.33,0,0,6,860,,
2021-07-09,15:30,27.9,13.3,40,WNW,27.4,38.6,1021.1,0,0,5,835,,
2021-07-09,15:45,27.7,13.3,41,WNW,17.7,54.7,1021.1,0,0,5,809,,
2021-07-09,16:00,27.7,12.8,40,WEST,27.4,41.8,1021.06,0,0,5,773,,
2021-07-09,16:15,27.8,13.3,41,WEST,19.3,41.8,1021.03,0,0,4,738,,
2021-07-09,16:30,27.7,12.8,40,WEST,16.1,45.1,1020.86,0,0,4,700,,
2021-07-09,16:45,27.9,12.8,39,WEST,14.5,37,1020.79,0,0,3,661,,
2021-07-09,17:00,27.9,11.1,36,NNW,30.6,38.6,1020.86,0,0,3,617,,
2021-07-09,17:15,27.7,11.7,38,WEST,32.2,43.5,1020.56,0,0,3,577,,
2021-07-09,17:30,27.6,10.6,34,WNW,22.5,40.2,1020.39,0,0,2,531,,
2021-07-09,17:45,27.5,10.6,34,WEST,29,49.9,1020.29,0,0,2,482,,
2021-07-09,18:00,27.2,9.4,33,WEST,22.5,45.1,1020.29,0,0,2,431,,
2021-07-09,18:15,26.9,10.6,36,WEST,25.7,45.1,1020.35,0,0,1,381,,
2021-07-09,18:30,26.7,10.6,37,WEST,19.3,46.7,1020.12,0,0,1,334,,
2021-07-09,18:45,26.5,10,36,WNW,32.2,45.1,1020.05,0,0,1,283,,
2021-07-09,19:00,26.3,10.6,37,WEST,29,41.8,1020.01,0,0,1,237,,
2021-07-09,19:15,25.8,10.6,38,WEST,25.7,46.7,1019.91,0,0,0,183,,
2021-07-09,19:30,25.4,10.6,40,WNW,16.1,41.8,1020.01,0,0,0,135,,
2021-07-09,19:45,24.9,10.6,40,WEST,19.3,40.2,1019.81,0,0,0,90,,
2021-07-09,20:00,24.6,10.6,41,NW,20.9,41.8,1019.84,0,0,0,51,,
2021-07-09,20:15,24.2,10,41,WNW,24.1,38.6,1020.01,0,0,0,21,,
2021-07-09,20:30,23.8,10.6,43,WNW,24.1,32.2,1020.29,0,0,0,14,,
2021-07-09,20:45,23.6,10.6,44,WEST,20.9,40.2,1020.25,0,0,0,7,,
2021-07-09,21:00,23.1,10.6,46,WNW,16.1,22.5,1020.29,0,0,0,0,,
2021-07-09,21:15,22.7,10.6,47,WEST,14.5,19.3,1020.25,0,0,0,0,,
2021-07-09,21:30,22.4,10.6,48,WEST,9.7,16.1,1020.22,0,0,0,0,,
2021-07-09,21:45,21.9,11.1,50,WNW,4.8,14.5,1020.42,0,0,0,0,,
2021-07-09,22:00,21.6,11.1,52,NORTH,0,14.5,1020.45,0,0,0,0,,
2021-07-09,22:15,20.9,11.7,56,WNW,11.3,11.3,1020.59,0,0,0,0,,
2021-07-09,22:30,20.8,12.2,58,WEST,11.3,16.1,1020.49,0,0,0,0,,
2021-07-09,22:45,20.4,12.2,61,WEST,4.8,16.1,1020.56,0,0,0,0,,
2021-07-09,23:00,20,12.8,63,WEST,6.4,14.5,1020.66,0,0,0,0,,
2021-07-09,23:15,20,13.3,66,WEST,9.7,14.5,1020.56,0,0,0,0,,
2021-07-09,23:30,19.8,13.3,67,WEST,12.9,19.3,1020.49,0,0,0,0,,
2021-07-09,23:45,19.6,13.3,68,WNW,1.6,14.5,1020.49,0,0,0,0,,
2021-07-09,OVR,,,,,,,,,,,,gustmax,54.7
2021-07-09,OVR,,,,,,,,,,,,rainrate_max,0
2021-07-09,OVR,,,,,,,,,,,,rain_total_mm,0
2021-07-09,OVR,,,,,,,,,,,,tmax,28.6
2021-07-09,OVR,,,,,,,,,,,,tmin,17.9
2021-07-09,OVR,,,,,,,,,,,,wind_dir_mean_deg,292.5
2021-07-10,00:00,18.8,12.8,70,NORTH,0,3.2,1020.32,0,0,0,0,,
2021-07-10,00:15,18.6,13.3,73,WNW,4.8,8,1020.62,0,0,0,0,,
2021-07-10,00:30,18.6,13.3,73,WEST,1.6,9.7,1020.52,0,0,0,0,,
2021-07-10,00:45,17.9,13.9,77,SW,3.2,4.8,1020.42,0,0,0,0,,
2021-07-10,01:00,17.9,14.4,79,SSE,3.2,6.4,1020.29,0,0,0,0,,
2021-07-10,01:15,17.6,13.9,80,SE,1.6,3.2,1020.08,0,0,0,0,,
2021-07-10,01:30,18.2,15,81,NORTH,0,4.8,1020.01,0,0,0,0,,
2021-07-10,01:45,17.9,14.4,81,ENE,4.8,4.8,1019.84,0,0,0,0,,
2021-07-10,02:00,17.4,14.4,83,EAST,3.2,3.2,1019.78,0,0,0,0,,
2021-07-10,02:15,17.1,13.9,83,EAST,1.6,3.2,1019.74,0,0,0,0,,
2021-07-10,02:30,16.9,13.3,81,EAST,1.6,3.2,1019.71,0,0,0,0,,
2021-07-10,02:45,16.9,12.8,76,EAST,1.6,3.2,1019.64,0,0,0,0,,
2021-07-10,03:00,17.2,12.2,73,NORTH,0,3.2,1019.51,0,0,0,0,,
2021-07-10,03:15,17.1,12.2,72,NORTH,0,3.2,1019.4,0,0,0,0,,
2021-07-10,03:30,17.7,12.2,71,ENE,4.8,4.8,1019.44,0,0,0,0,,
2021-07-10,03:45,18.2,12.2,68,NNE,3.2,4.8,1019.34,0,0,0,0,,
2021-07-10,04:00,18.1,12.2,69,NNW,4.8,6.4,1019.1,0,0,0,0,,
2021-07-10,04:15,18.2,12.2,69,NW,1.6,6.4,1019.17,0,0,0,0,,
2021-07-10,04:30,17.8,11.7,69,NW,3.2,4.8,1018.93,0,0,0,0,,
2021-07-10,04:45,17.6,11.7,69,,1.6,4.8,1018.8,0,0,0,0,,
2021-07-10,05:00,16.9,11.7,71,NORTH,0,3.2,1018.83,0,0,0,0,,
2021-07-10,05:15,16.9,11.1,69,NORTH,0,3.2,1018.66,0,0,0,0,,
2021-07-10,05:30,16.7,11.1,71,NORTH,0,3.2,1018.8,0,0,0,0,,
2021-07-10,05:45,16.3,11.1,72,,1.6,1.6,1018.66,0,0,0,0,,
2021-07-10,06:00,16.1,11.1,72,,1.6,3.2,1018.83,0,0,0,0,,
2021-07-10,06:15,15.7,10.6,72,NORTH,0,3.2,1018.66,0,0,0,9,,
2021-07-10,06:30,16.4,11.1,72,,1.6,3.2,1018.66,0,0,0,14,,
2021-07-10,06:45,16.8,11.7,72,NORTH,0,3.2,1018.76,0,0,0,60,,
2021-07-10,07:00,17.4,11.7,71,,1.6,4.8,1018.76,0,0,0,98,,
2021-07-10,07:15,17.8,11.7,68,NORTH,0,4.8,1018.9,0,0,0,121,,
2021-07-10,07:30,18.6,11.1,64,NORTH,0,4.8,1018.86,0,0,0,199,,
2021-07-10,07:45,18.9,10.6,60,NW,4.8,8,1018.73,0,0,0,246,,
2021-07-10,08:00,19.7,9.4,53,WNW,3.2,8,1018.86,0,0,1,294,,
2021-07-10,08:15,20.4,9.4,50,WNW,4.8,6.4,1018.93,0,0,1,325,,
2021-07-10,08:30,21,9.4,48,WNW,11.3,14.5,1018.96,0,0,1,388,,
2021-07-10,08:45,21.1,10.6,52,NW,6.4,16.1,1019,0,0,1,434,,
2021-07-10,09:00,21.4,11.1,53,WNW,8,17.7,1019,0,0,2,485,,
2021-07-10,09:15,21.9,11.7,52,WNW,8,19.3,1018.9,0,0,2,529,,
2021-07-10,09:30,22.1,11.7,52,NW,6.4,14.5,1018.9,0,0,2,545,,
2021-07-10,09:45,23.2,11.7,49,NW,8,16.1,1018.86,0,0,3,534,,
2021-07-10,10:00,23.7,12.2,49,NW,14.5,19.3,1018.93,0,0,3,513,,
2021-07-10,10:15,24.3,12.2,47,WNW,6.4,25.7,1018.76,0,0,3,559,,
2021-07-10,10:30,25.3,11.7,43,WNW,14.5,24.1,1018.56,0,0,4,670,,
2021-07-10,10:45,25.4,11.7,42,WNW,16.1,29,1018.56,0,0,4,772,,
2021-07-10,11:00,25.8,12.2,43,NNW,14.5,30.6,1018.52,0,0,5,805,,
2021-07-10,11:15,26.1,11.7,41,WNW,17.7,27.4,1018.49,0,0,5,838,,
2021-07-10,11:30,26.2,11.7,40,NW,12.9,25.7,1018.29,0,0,6,863,,
2021-07-10,11:45,26.9,11.1,38,WNW,14.5,30.6,1018.42,0,0,6,882,,
2021-07-10,12:00,27.4,13.9,43,WNW,14.5,30.6,1018.42,0,0,6,902,,
2021-07-10,12:15,27.1,15.6,49,WEST,16.1,29,1018.39,0,0,6,912,,
2021-07-10,12:30,27,16.1,51,WNW,16.1,30.6,1018.32,0,0,7,928,,
2021-07-10,12:45,27.4,16.7,52,WNW,24.1,30.6,1018.15,0,0,7,937,,
2021-07-10,13:00,27,16.7,54,WEST,19.3,30.6,1018.22,0,0,7,942,,
2021-07-10,13:15,26.9,16.7,55,WEST,19.3,32.2,1018.39,0,0,7,944,,
2021-07-10,13:30,27.2,17.2,54,WNW,14.5,40.2,1018.12,0,0,7,944,,
2021-07-10,13:45,27.2,17.2,55,NW,30.6,37,1017.95,0,0,7,942,,
2021-07-10,14:00,27.5,17.2,55,WEST,22.5,37,1018.05,0,0,7,937,,
2021-07-10,14:15,27.8,17.8,54,WEST,17.7,35.4,1017.98,0,0,7,923,,
2021-07-10,14:30,27.9,17.2,53,WEST,19.3,35.4,1017.91,0,0,7,909,,
2021-07-10,14:45,27.9,17.2,53,WEST,24.1,33.8,1017.81,0,0,6,889,,
2021-07-10,15:00,27.7,16.7,52,WNW,19.3,37,1017.75,0,0,6,870,,
2021-07-10,15:15,27.8,16.7,51,SOUTH,29,38.6,1017.54,0,0,6,846,,
2021-07-10,15:30,27.7,16.1,50,WNW,17.7,38.6,1017.44,0,0,5,823,,
2021-07-10,15:45,28.8,16.1,47,WNW,20.9,27.4,1017.44,0,0,5,791,,
2021-07-10,16:00,28.1,16.1,48,WEST,20.9,45.1,1017.51,0,0,5,763,,
2021-07-10,16:15,28,17.2,53,WNW,19.3,45.1,1017.61,0,0,4,722,,
2021-07-10,16:30,27.4,17.8,56,WEST,20.9,37,1017.58,0,0,4,684,,
2021-07-10,16:45,27.8,17.8,56,WEST,9.7,37,1017.41,0,0,3,647,,
2021-07-10,17:00,27.5,18.3,57,WNW,17.7,33.8,1017.37,0,0,3,606,,
2021-07-10,17:15,27.5,17.8,56,WEST,20.9,37,1017.2,0,0,3,563,,
2021-07-10,17:30,27.2,17.8,57,NW,24.1,37,1017.41,0,0,2,515,,
2021-07-10,17:45,27,17.8,58,WNW,14.5,33.8,1017.31,0,0,2,471,,
2021-07-10,18:00,26.9,18.3,60,WEST,22.5,30.6,1017.37,0,0,2,418,,
2021-07-10,18:15,26.7,18.3,60,WEST,12.9,30.6,1017.14,0,0,1,371,,
2021-07-10,18:30,26.4,17.8,60,WEST,17.7,32.2,1017.03,0,0,1,322,,
2021-07-10,18:45,26.3,18.3,61,WSW,14.5,32.2,1017.2,0,0,1,276,,
2021-07-10,19:00,25.9,18.3,62,WSW,17.7,32.2,1017.2,0,0,1,230,,
2021-07-10,19:15,25.5,18.3,65,WNW,17.7,30.6,1017.2,0,0,0,181,,
2021-07-10,19:30,24.9,18.3,69,WEST,14.5,30.6,1017.31,0,0,0,132,,
2021-07-10,19:45,24.5,18.9,71,WEST,19.3,27.4,1017.37,0,0,0,90,,
2021-07-10,20:00,24.1,18.3,72,WNW,16.1,29,1017.44,0,0,0,54,,
2021-07-10,20:15,23.8,18.3,72,WEST,11.3,22.5,1017.51,0,0,0,21,,
2021-07-10,20:30,23.5,17.8,72,WNW,16.1,27.4,1017.44,0,0,0,14,,
2021-07-10,20:45,23.1,17.8,74,WEST,6.4,20.9,1017.68,0,0,0,7,,
2021-07-10,21:00,22.7,17.8,75,WEST,11.3,19.3,1017.68,0,0,0,0,,
2021-07-10,21:15,22.3,17.8,77,WEST,4.8,29,1017.71,0,0,0,0,,
2021-07-10,21:30,21.8,17.8,80,WEST,9.7,17.7,1017.75,0,0,0,0,,
2021-07-10,21:45,21.5,18.3,82,WEST,9.7,24.1,1017.88,0,0,0,0,,
2021-07-10,22:00,21.3,18.3,83,WEST,11.3,19.3,1017.98,0,0,0,0,,
2021-07-10,22:15,21.1,18.3,84,WEST,12.9,24.1,1018.15,0,0,0,0,,
2021-07-10,22:30,20.9,18.3,86,WEST,12.9,25.7,1018.29,0,0,0,0,,
2021-07-10,22:45,20.8,18.3,87,WEST,12.9,19.3,1018.15,0,0,0,0,,
2021-07-10,23:00,20.6,18.3,88,WNW,8,22.5,1018.32,0,0,0,0,,
2021-07-10,23:15,20.5,18.3,90,WEST,12.9,17.7,1018.29,0,0,0,0,,
2021-07-10,23:30,20.4,18.9,91,SW,1.6,14.5,1018.12,0,0,0,0,,
2021-07-10,23:45,20.2,18.9,92,WNW,4.8,6.4,1018.19,0,0,0,0,,
2021-07-10,OVR,,,,,,,,,,,,gustmax,45.1
2021-07-10,OVR,,,,,,,,,,,,rainrate_max,0
2021-07-10,OVR,,,,,,,,,,,,rain_total_mm,0
2021-07-10,OVR,,,,,,,,,,,,tmax,29
2021-07-10,OVR,,,,,,,,,,,,tmin,15.6
2021-07-10,OVR,,,,,,,,,,,,wind_dir_mean_deg,270
2021-07-11,00:00,20.1,18.9,93,WSW,1.6,4.8,1018.12,0,0,0,0,,
2021-07-11,00:15,20.1,18.9,93,NORTH,0,9.7,1018.25,0,0,0,0,,
2021-07-11,00:30,20,18.9,93,NORTH,0,6.4,1018.19,0,0,0,0,,
2021-07-11,00:45,20,18.9,94,NORTH,0,3.2,1018.15,0,0,0,0,,
2021-07-11,01:00,19.8,18.3,94,WNW,1.6,3.2,1018.29,0,0,0,0,,
2021-07-11,01:15,19.7,18.3,94,NORTH,0,3.2,1018.05,0,0,0,0,,
2021-07-11,01:30,19.5,18.3,94,NORTH,0,1.6,1018.08,0,0,0,0,,
2021-07-11,01:45,19.2,18.3,94,WNW,4.8,1.6,1017.95,0,0,0,0,,
2021-07-11,02:00,19.3,18.3,94,WNW,6.4,8,1018.12,0,0,0,0,,
2021-07-11,02:15,19.2,17.8,94,NW,4.8,6.4,1018.12,0,0,0,0,,
2021-07-11,02:30,19.1,17.8,94,NORTH,0,4.8,1018.02,0,0,0,0,,
2021-07-11,02:45,19.1,17.8,93,WEST,1.6,9.7,1017.95,0,0,0,0,,
2021-07-11,03:00,18.8,17.8,93,NORTH,0,8,1017.88,0,0,0,0,,
2021-07-11,03:15,18.6,17.2,93,NORTH,0,3.2,1017.81,0,0,0,0,,
2021-07-11,03:30,18.4,17.2,94,NNE,4.8,4.8,1017.85,0,0,0,0,,
2021-07-11,03:45,18.2,16.7,93,NORTH,0,3.2,1017.98,0,0,0,0,,
2021-07-11,04:00,17.6,16.1,92,NNE,1.6,3.2,1017.91,0,0,0,0,,
2021-07-11,04:15,17.9,16.1,92,NNW,1.6,4.8,1017.91,0,0,0,0,,
2021-07-11,04:30,18.3,15.6,84,NORTH,0,4.8,1017.81,0,0,0,0,,
2021-07-11,04:45,18.4,15,82,NORTH,0,6.4,1017.71,0,0,0,0,,
2021-07-11,05:00,17.8,14.4,82,NORTH,0,1.6,1017.75,0,0,0,0,,
2021-07-11,05:15,18.6,15,80,NORTH,0,8,1017.75,0,0,0,0,,
2021-07-11,05:30,18.1,15,82,NORTH,0,4.8,1017.78,0,0,0,0,,
2021-07-11,05:45,17.6,15,84,WNW,1.6,1.6,1017.88,0,0,0,0,,
2021-07-11,06:00,18.1,14.4,79,NORTH,0,4.8,1017.85,0,0,0,0,,
2021-07-11,06:30,18.7,13.3,73,WNW,1.6,4.8,1017.78,0,0,0,18,,
2021-07-11,06:45,19.1,13.3,69,NORTH,0,1.6,1017.85,0,0,0,46,,
2021-07-11,07:00,19.4,13.3,68,NORTH,0,1.6,1017.81,0,0,0,76,,
2021-07-11,07:15,19.9,12.8,65,NORTH,0,4.8,1017.68,0,0,0,104,,
2021-07-11,07:30,20.3,13.3,64,WNW,3.2,6.4,1017.68,0,0,0,178,,
2021-07-11,07:45,20.7,12.8,62,WNW,1.6,4.8,1017.81,0,0,0,225,,
2021-07-11,08:00,21.4,13.3,60,WNW,1.6,3.2,1018.05,0,0,1,271,,
2021-07-11,08:15,21.8,13.3,59,WNW,3.2,11.3,1018.08,0,0,1,301,,
2021-07-11,08:30,22.4,13.9,59,WNW,6.4,16.1,1017.98,0,0,1,362,,
2021-07-11,08:45,22.6,13.9,58,WEST,11.3,22.5,1018.19,0,0,1,408,,
2021-07-11,09:00,23.3,13.9,56,WEST,12.9,19.3,1018.25,0,0,2,464,,
2021-07-11,09:15,23.9,13.9,54,WNW,11.3,24.1,1018.46,0,0,2,506,,
2021-07-11,09:30,24.4,14.4,55,WEST,14.5,17.7,1018.29,0,0,2,522,,
2021-07-11,09:45,24.5,15,56,WEST,12.9,29,1018.46,0,0,3,508,,
2021-07-11,10:00,24.7,15.6,57,WEST,4.8,22.5,1018.42,0,0,3,494,,
2021-07-11,10:15,25,15.6,56,WEST,19.3,40.2,1018.46,0,0,3,538,,
2021-07-11,10:30,25.5,16.1,57,WSW,11.3,32.2,1018.46,0,0,4,652,,
2021-07-11,10:45,25.5,16.7,58,WEST,25.7,40.2,1018.59,0,0,4,737,,
2021-07-11,11:00,25.8,16.7,58,WNW,14.5,29,1018.49,0,0,4,772,,
2021-07-11,11:15,26.4,17.2,57,WEST,24.1,33.8,1018.42,0,0,5,802,,
2021-07-11,11:30,26.9,17.2,56,WEST,22.5,33.8,1018.32,0,0,5,828,,
2021-07-11,11:45,27.1,16.7,54,NORTH,17.7,35.4,1018.29,0,0,6,851,,
2021-07-11,12:00,27.7,17.2,53,WEST,17.7,37,1018.22,0,0,6,870,,
2021-07-11,12:15,28.1,17.8,54,WEST,25.7,35.4,1018.19,0,0,6,891,,
2021-07-11,12:30,28.4,18.3,55,WEST,11.3,35.4,1018.08,0,0,6,902,,
2021-07-11,12:45,28.6,18.3,54,WEST,22.5,35.4,1018.15,0,0,7,914,,
2021-07-11,13:00,28.5,18.3,54,WEST,19.3,33.8,1018.15,0,0,7,923,,
2021-07-11,13:15,28.5,18.9,56,WEST,22.5,37,1018.08,0,0,7,925,,
2021-07-11,13:30,28.5,18.9,56,WNW,14.5,37,1018.39,0,0,7,925,,
2021-07-11,13:45,28.3,18.9,58,WNW,29,37,1018.46,0,0,7,923,,
2021-07-11,14:00,28.2,18.9,57,WEST,17.7,40.2,1018.49,0,0,7,914,,
2021-07-11,14:15,28.3,18.9,56,WNW,30.6,38.6,1018.83,0,0,7,904,,
2021-07-11,14:30,28.3,19.4,59,WNW,14.5,37,1018.52,0,0,6,888,,
2021-07-11,14:45,28.6,19.4,58,SSW,9.7,41.8,1018.42,0,0,6,872,,
2021-07-11,15:00,28.9,18.9,55,WNW,20.9,29,1018.35,0,0,6,856,,
2021-07-11,15:15,28.4,18.9,57,WEST,40.2,41.8,1018.52,0,0,6,833,,
2021-07-11,15:30,28.4,18.3,55,WNW,6.4,45.1,1018.59,0,0,5,809,,
2021-07-11,15:45,28.5,18.9,57,WEST,14.5,38.6,1018.59,0,0,5,777,,
2021-07-11,16:00,28.3,18.9,57,WNW,17.7,40.2,1018.52,0,0,5,747,,
2021-07-11,16:15,28.3,18.3,56,WEST,29,40.2,1018.73,0,0,4,710,,
2021-07-11,16:30,28.2,18.9,58,WEST,30.6,45.1,1018.39,0,0,4,675,,
2021-07-11,16:45,28.2,19.4,59,WNW,20.9,38.6,1018.19,0,0,3,635,,
2021-07-11,17:00,28,18.9,58,WEST,22.5,41.8,1018.25,0,0,3,592,,
2021-07-11,17:15,28.2,19.4,59,WEST,17.7,35.4,1018.22,0,0,3,547,,
2021-07-11,17:30,28.2,18.9,58,WNW,20.9,32.2,1018.25,0,0,2,499,,
2021-07-11,17:45,27.7,18.9,59,WNW,29,37,1018.15,0,0,2,457,,
2021-07-11,18:00,27.6,18.3,58,NW,4.8,27.4,1017.98,0,0,2,404,,
2021-07-11,18:15,27.9,18.9,59,WEST,16.1,22.5,1017.75,0,0,1,355,,
2021-07-11,18:30,27.6,18.9,60,NW,8,19.3,1017.75,0,0,1,302,,
2021-07-11,18:45,27.8,18.9,59,WEST,16.1,19.3,1017.41,0,0,1,258,,
2021-07-11,19:00,27.8,19.4,60,WEST,14.5,19.3,1017.44,0,0,1,211,,
2021-07-11,19:15,27.3,19.4,62,WEST,12.9,20.9,1017.37,0,0,0,162,,
2021-07-11,19:30,27,19.4,63,NW,8,11.3,1017.31,0,0,0,120,,
2021-07-11,19:45,26.9,18.9,62,WEST,6.4,14.5,1017.03,0,0,0,77,,
2021-07-11,20:00,26.8,18.9,63,WEST,4.8,12.9,1017.31,0,0,0,51,,
2021-07-11,20:15,26.1,19.4,67,WEST,6.4,9.7,1017.14,0,0,0,30,,
2021-07-11,20:30,25.5,19.4,70,NORTH,0,6.4,1017.14,0,0,0,18,,
2021-07-11,20:45,24.9,19.4,72,WSW,1.6,4.8,1017.14,0,0,0,0,,
2021-07-11,21:00,24.3,19.4,74,WEST,1.6,6.4,1017,0,0,0,0,,
2021-07-11,21:15,23.4,18.9,76,NORTH,0,3.2,1016.93,0,0,0,0,,
2021-07-11,21:30,23.1,16.7,69,SE,1.6,4.8,1016.97,0,0,0,0,,
2021-07-11,21:45,23.4,16.1,64,SE,1.6,3.2,1017.1,0,0,0,0,,
2021-07-11,22:00,23.4,16.1,64,SE,3.2,4.8,1017.03,0,0,0,0,,
2021-07-11,22:15,23.3,15,60,SE,1.6,3.2,1017.07,0,0,0,0,,
2021-07-11,22:30,23.1,13.3,54,SE,1.6,4.8,1017.07,0,0,0,0,,
2021-07-11,22:45,23.7,12.2,49,SE,1.6,6.4,1017.14,0,0,0,0,,
2021-07-11,23:00,23.4,12.2,49,SE,3.2,3.2,1016.97,0,0,0,0,,
2021-07-11,23:15,23.4,11.7,48,SE,3.2,4.8,1016.93,0,0,0,0,,
2021-07-11,23:30,23.9,11.1,46,SE,3.2,4.8,1017.03,0,0,0,0,,
2021-07-11,23:45,23.9,11.7,46,SE,1.6,4.8,1016.86,0,0,0,0,,
2021-07-11,OVR,,,,,,,,,,,,gustmax,45.1
2021-07-11,OVR,,,,,,,,,,,,rainrate_max,0
2021-07-11,OVR,,,,,,,,,,,,rain_total_mm,0
2021-07-11,OVR,,,,,,,,,,,,tmax,29.1
2021-07-11,OVR,,,,,,,,,,,,tmin,17.4
2021-07-11,OVR,,,,,,,,,,,,wind_dir_mean_deg,292.5
2021-07-12,00:00,24.1,11.7,45,SE,4.8,4.8,1016.76,0,0,0,0,,
2021-07-12,00:15,24.3,12.2,47,SE,1.6,4.8,1016.63,0,0,0,0,,
2021-07-12,00:30,24.5,12.2,46,SE,1.6,4.8,1016.9,0,0,0,0,,
2021-07-12,00:45,24.4,12.2,47,SE,3.2,4.8,1016.73,0,0,0,0,,
2021-07-12,01:00,24.6,12.2,46,SE,3.2,4.8,1016.7,0,0,0,0,,
2021-07-12,01:15,24.2,11.7,46,SE,3.2,4.8,1016.49,0,0,0,0,,
2021-07-12,01:30,23.7,11.7,47,SE,3.2,3.2,1016.32,0,0,0,0,,
2021-07-12,01:45,23.9,11.7,46,SE,3.2,4.8,1016.02,0,0,0,0,,
2021-07-12,02:00,24.1,11.7,47,SE,1.6,6.4,1016.15,0,0,0,0,,
2021-07-12,02:15,23.8,11.7,46,SE,3.2,4.8,1016.02,0,0,0,0,,
2021-07-12,02:30,24,11.1,45,ESE,1.6,8,1015.75,0,0,0,0,,
2021-07-12,02:45,23.8,11.7,47,ESE,1.6,6.4,1015.37,0,0,0,0,,
2021-07-12,03:00,23.7,12.8,50,ESE,3.2,6.4,1015.31,0,0,0,0,,
2021-07-12,03:15,23.7,13.3,53,ESE,3.2,4.8,1015.34,0,0,0,0,,
2021-07-12,03:30,23.3,11.1,47,ESE,1.6,4.8,1015.07,0,0,0,0,,
2021-07-12,03:45,24.8,10.6,41,ESE,1.6,4.8,1014.8,0,0,0,0,,
2021-07-12,04:00,24.4,13.3,50,EAST,1.6,3.2,1015.27,0,0,0,0,,
2021-07-12,04:15,23.7,13.9,54,EAST,3.2,6.4,1015.82,0,0,0,0,,
2021-07-12,04:30,23.4,13.9,56,EAST,3.2,6.4,1015.58,0,0,0,0,,
2021-07-12,04:45,23.9,13.3,51,ESE,4.8,11.3,1015.04,0,0,0,0,,
2021-07-12,05:00,24.1,13.9,52,ENE,4.8,6.4,1015.34,0,0,0,0,,
2021-07-12,05:15,24,13.3,52,NORTH,0,4.8,1015.78,0,0,0,0,,
2021-07-12,05:30,22.8,13.3,56,EAST,1.6,4.8,1015.85,0,0,0,0,,
2021-07-12,05:45,23.6,13.3,53,EAST,3.2,4.8,1015.61,0,0,0,0,,
2021-07-12,06:00,23.7,12.8,52,EAST,4.8,6.4,1015.27,0,0,0,0,,
2021-07-12,06:15,25.6,12.8,46,NORTH,0,9.7,1015.68,0,0,0,0,,
2021-07-12,06:30,24.3,12.8,49,EAST,4.8,6.4,1015.98,0,0,0,21,,
2021-07-12,06:45,22.9,13.3,55,ESE,1.6,9.7,1015.75,0,0,0,35,,
2021-07-12,07:00,23.5,13.3,53,ESE,1.6,6.4,1015.58,0,0,0,51,,
2021-07-12,07:15,25,13.3,49,ESE,6.4,12.9,1014.77,0,0,0,74,,
2021-07-12,07:30,26,13.3,46,ESE,9.7,17.7,1014.83,0,0,0,109,,
2021-07-12,07:45,26,13.3,46,ESE,4.8,12.9,1015.07,0,0,0,146,,
2021-07-12,08:00,26,13.3,46,ESE,6.4,12.9,1014.87,0,0,0,183,,
2021-07-12,08:15,26.4,13.9,46,ESE,3.2,12.9,1014.83,0,0,1,234,,
2021-07-12,08:30,26.8,13.9,45,EAST,9.7,16.1,1014.46,0,0,1,288,,
2021-07-12,08:45,27.3,13.9,44,EAST,9.7,19.3,1014.26,0,0,1,339,,
2021-07-12,09:00,27.6,13.9,43,ESE,11.3,14.5,1014.19,0,0,1,385,,
2021-07-12,09:15,28.3,13.9,42,ESE,16.1,16.1,1013.95,0,0,1,410,,
2021-07-12,09:30,29,13.9,40,ESE,12.9,20.9,1013.61,0,0,2,290,,
2021-07-12,09:45,29.3,14.4,40,EAST,12.9,19.3,1013.95,0,0,2,461,,
2021-07-12,10:00,30.5,14.4,37,ESE,6.4,17.7,1013.85,0,0,2,482,,
2021-07-12,10:15,31.1,13.9,35,EAST,11.3,22.5,1013.58,0,0,3,522,,
2021-07-12,10:30,30.6,15,39,ESE,11.3,20.9,1013.95,0,0,3,599,,
2021-07-12,10:45,30.8,15,38,SE,11.3,22.5,1014.02,0,0,3,664,,
2021-07-12,11:00,31.6,15,37,ESE,12.9,20.9,1013.82,0,0,4,708,,
2021-07-12,11:15,31.9,15.6,37,SE,22.5,22.5,1014.02,0,0,4,737,,
2021-07-12,11:30,31.8,14.4,35,SE,16.1,25.7,1014.12,0,0,4,761,,
2021-07-12,11:45,32.5,14.4,34,SSE,17.7,27.4,1014.05,0,0,5,788,,
2021-07-12,12:00,32.9,12.2,28,ESE,16.1,30.6,1014.36,0,0,5,807,,
2021-07-12,12:15,33.3,10.6,25,SE,14.5,35.4,1014.12,0,0,5,837,,
2021-07-12,12:30,34.1,11.1,24,ESE,22.5,32.2,1014.16,0,0,5,847,,
2021-07-12,12:45,34.6,12.8,26,ESE,22.5,29,1014.05,0,0,6,856,,
2021-07-12,13:00,33.8,13.9,31,SE,19.3,40.2,1013.88,0,0,6,854,,
2021-07-12,13:15,34.3,12.8,27,ESE,16.1,35.4,1013.55,0,0,6,847,,
2021-07-12,13:30,34.6,13.3,28,ESE,20.9,37,1013.34,0,0,5,838,,
2021-07-12,13:45,34.5,13.3,28,SE,20.9,35.4,1013.58,0,0,5,830,,
2021-07-12,14:00,34.2,11.7,25,ESE,24.1,37,1013.65,0,0,5,810,,
2021-07-12,14:15,33.8,11.1,25,ESE,30.6,48.3,1013.48,0,0,5,793,,
2021-07-12,14:30,34.1,10.6,24,ESE,30.6,45.1,1012.87,0,0,5,784,,
2021-07-12,14:45,34.1,10.6,24,SE,16.1,45.1,1013,0,0,5,780,,
2021-07-12,15:00,34.3,10.6,24,ESE,35.4,37,1012.94,0,0,4,696,,
2021-07-12,15:15,33.9,10,23,SE,27.4,46.7,1012.94,0,0,4,673,,
2021-07-12,15:30,33.3,10,24,SE,30.6,45.1,1013.11,0,0,2,381,,
2021-07-12,15:45,33.5,10,24,SE,19.3,40.2,1013.41,0,0,2,515,,
2021-07-12,16:00,34.5,11.1,24,ESE,17.7,35.4,1012.9,0,0,3,710,,
2021-07-12,16:15,34.4,10.6,24,SE,20.9,30.6,1012.77,0,0,3,624,,
2021-07-12,16:30,33.3,10.6,25,SE,14.5,35.4,1012.43,0,0,2,339,,
2021-07-12,16:45,32.9,11.1,26,SE,16.1,32.2,1012.26,0,0,1,334,,
2021-07-12,17:00,33.5,11.1,26,SE,12.9,33.8,1012.39,0,0,2,529,,
2021-07-12,17:15,33.3,12.2,28,SE,11.3,32.2,1012.26,0,0,2,499,,
2021-07-12,17:30,33.2,12.8,29,ESE,20.9,29,1012.26,0,0,2,418,,
2021-07-12,17:45,33,12.8,30,SE,17.7,30.6,1012.29,0,0,1,364,,
2021-07-12,18:00,32.4,13.3,31,SSE,8,30.6,1012.36,0,0,1,320,,
2021-07-12,18:15,32.2,12.8,31,SSE,12.9,33.8,1012.09,0,0,1,265,,
2021-07-12,18:30,31.7,12.8,32,ESE,16.1,30.6,1012.12,0,0,1,220,,
2021-07-12,18:45,31.3,13.3,33,SE,17.7,27.4,1012.12,0,0,0,188,,
2021-07-12,19:00,30.6,13.3,35,ESE,20.9,33.8,1012.16,0,0,0,144,,
2021-07-12,19:15,30.1,15,40,SE,9.7,25.7,1012.29,0,0,0,76,,
2021-07-12,19:30,29.4,15,41,SE,6.4,22.5,1012.23,0,0,0,58,,
2021-07-12,19:45,28.9,15.6,45,SE,8,19.3,1012.6,0,0,0,39,,
2021-07-12,20:00,28.5,16.7,50,ESE,17.7,22.5,1012.7,0,0,0,35,,
2021-07-12,20:15,27.9,17.8,55,SE,8,20.9,1013.17,0,0,0,14,,
2021-07-12,20:30,27.5,17.8,56,SE,19.3,25.7,1012.36,0,0,0,0,,
2021-07-12,20:45,27.3,18.3,58,SE,14.5,22.5,1012.5,0,0,0,0,,
2021-07-12,21:00,27.8,16.7,52,ESE,19.3,25.7,1012.06,0,0,0,0,,
2021-07-12,21:15,27.6,18.3,58,SE,16.1,29,1011.75,0,0,0,0,,
2021-07-12,21:30,27.6,17.2,55,SE,11.3,25.7,1011.99,0,0,0,0,,
2021-07-12,21:45,27.1,17.8,58,ESE,19.3,32.2,1011.79,0,0,0,0,,
2021-07-12,22:00,27.1,17.2,55,SE,17.7,33.8,1011.92,0,0,0,0,,
2021-07-12,22:15,27,17.8,59,SE,14.5,29,1012.33,0,0,0,0,,
2021-07-12,22:30,26.6,18.3,62,ESE,17.7,25.7,1012.23,0,0,0,0,,
2021-07-12,22:45,26.7,17.8,58,EAST,4.8,24.1,1012.12,0,0,0,0,,
2021-07-12,23:00,26.8,17.8,58,ESE,11.3,17.7,1011.72,0,0,0,0,,
2021-07-12,23:15,27.5,18.3,58,WEST,17.7,20.9,1013.34,0,0,0,0,,
2021-07-12,23:30,26.3,19.4,66,SOUTH,3.2,11.3,1013.92,0,0,0,0,,
2021-07-12,OVR,,,,,,,,,,,,gustmax,48.3
2021-07-12,OVR,,,,,,,,,,,,rainrate_max,0
2021-07-12,OVR,,,,,,,,,,,,rain_total_mm,0
2021-07-12,OVR,,,,,,,,,,,,tmax,34.7
2021-07-12,OVR,,,,,,,,,,,,tmin,22.7
2021-07-12,OVR,,,,,,,,,,,,wind_dir_mean_deg,135
2021-07-13,00:00,26.6,18.3,62,SE,14.5,29,1011.38,0,0,0,0,,
2021-07-13,00:15,27.2,20,66,ESE,19.3,33.8,1011.82,0,0,0,0,,
2021-07-13,00:30,25.9,20.6,72,SE,16.1,33.8,1011.72,0,0,0,0,,
2021-07-13,00:45,25.7,20.6,73,EAST,6.4,27.4,1011.14,0,0,0,0,,
2021-07-13,01:00,25.2,20.6,76,EAST,8,20.9,1011.58,0,0,0,0,,
2021-07-13,01:15,25.3,20,74,WNW,8,11.3,1012.43,0,0,0,0,,
2021-07-13,01:30,24.9,20.6,77,NORTH,0,9.7,1012.33,0,0,0,0,,
2021-07-13,01:45,24.3,20.6,79,SSE,4.8,6.4,1011.95,0,0,0,0,,
2021-07-13,02:00,24.4,20.6,80,WEST,3.2,6.4,1011.89,0,0,0,0,,
2021-07-13,02:15,24.3,21.1,82,NNE,3.2,6.4,1011.95,0,0,0,0,,
2021-07-13,02:30,24.3,21.1,82,NW,4.8,12.9,1012.09,0,0,0,0,,
2021-07-13,02:45,23.8,20.6,83,,4.8,6.4,1011.99,0,0,0,0,,
2021-07-13,03:00,23.9,20.6,84,WEST,14.5,14.5,1012.46,0,0,0,0,,
2021-07-13,03:15,24,21.1,86,NW,8,17.7,1012.23,0,0,0,0,,
2021-07-13,03:30,23.8,21.7,87,NNE,4.8,17.7,1011.95,0,0,0,0,,
2021-07-13,03:45,23.6,21.1,87,,3.2,12.9,1011.41,0,0,0,0,,
2021-07-13,04:00,23.7,21.1,86,,4.8,12.9,1011.21,0,0,0,0,,
2021-07-13,04:15,23.8,20.6,84,,6.4,8,1011.21,0,0,0,0,,
2021-07-13,04:30,23.9,20.6,82,NNW,6.4,6.4,1011.45,0,0,0,0,,
2021-07-13,04:45,24.1,20.6,82,WNW,3.2,12.9,1011.48,0,0,0,0,,
2021-07-13,05:00,24.1,20.6,82,WNW,11.3,12.9,1011.18,0,0,0,0,,
2021-07-13,05:15,23.6,20.6,82,WNW,4.8,9.7,1011.18,0,0,0,0,,
2021-07-13,05:30,23.4,20.6,84,NW,3.2,6.4,1011.24,0,0,0,0,,
2021-07-13,05:45,23.6,20.6,85,NW,4.8,11.3,1011.48,0,0,0,0,,
2021-07-13,06:00,23.3,20.6,85,NW,3.2,11.3,1011.34,0,0,0,0,,
2021-07-13,06:15,23.5,21.1,86,WNW,8,17.7,1011.72,0,0,0,0,,
2021-07-13,06:30,23.3,21.1,87,WNW,4.8,14.5,1011.18,0,0,0,16,,
2021-07-13,06:45,23.2,20.6,87,WNW,1.6,8,1011.45,0,0,0,26,,
2021-07-13,07:00,23.3,20.6,87,WEST,1.6,6.4,1011.28,0,0,0,47,,
2021-07-13,07:15,23.4,21.1,87,WEST,3.2,11.3,1011.21,0,0,0,70,,
2021-07-13,07:30,23.5,21.1,86,WEST,3.2,3.2,1011.55,0,0,0,90,,
2021-07-13,07:45,23.9,21.1,86,WNW,6.4,14.5,1011.75,0,0,0,118,,
2021-07-13,08:00,24.1,21.1,85,WNW,4.8,14.5,1011.62,0,0,0,153,,
2021-07-13,08:15,24.2,21.1,85,WEST,9.7,14.5,1011.62,0,0,0,128,,
2021-07-13,08:30,24.2,21.7,85,WNW,6.4,14.5,1011.55,0,0,0,221,,
2021-07-13,08:45,24.4,21.7,85,WNW,14.5,19.3,1011.38,0,0,0,54,,
2021-07-13,09:00,23.5,21.1,88,WEST,20.9,32.2,1011.95,0,0,1,141,,
2021-07-13,09:15,23.3,21.1,88,WEST,20.9,30.6,1012.33,0,0,0,123,,
2021-07-13,09:30,23.2,20.6,87,WNW,20.9,35.4,1012.63,0,0,0,123,,
2021-07-13,09:45,23.4,20.6,85,WEST,20.9,35.4,1012.63,0,0,1,236,,
2021-07-13,10:00,23.4,20.6,84,WEST,25.7,33.8,1012.53,0,0,2,504,,
2021-07-13,10:15,23.8,20.6,82,WEST,29,40.2,1012.67,0,0,1,272,,
2021-07-13,10:30,23.5,20,81,WNW,25.7,33.8,1012.67,0,0,1,227,,
2021-07-13,10:45,23.4,20,81,WNW,25.7,37,1012.63,0,0,2,316,,
2021-07-13,11:00,23.8,20,79,WNW,24.1,38.6,1012.9,0,0,2,362,,
2021-07-13,11:15,24.2,19.4,76,WNW,11.3,40.2,1013.11,0,0,3,469,,
2021-07-13,11:30,24.1,19.4,75,NW,25.7,48.3,1013.17,0,0,5,835,,
2021-07-13,11:45,24.7,19.4,72,WNW,24.1,46.7,1013.34,0,0,5,923,,
2021-07-13,12:00,24.9,18.9,70,WEST,22.5,48.3,1013.38,0,0,5,846,,
2021-07-13,12:15,25.2,18.9,69,WSW,27.4,45.1,1013.44,0,0,6,953,,
2021-07-13,12:30,24.9,18.3,69,WEST,14.5,54.7,1013.68,0,0,6,911,,
2021-07-13,12:45,24.8,18.3,67,WEST,33.8,51.5,1013.61,0,0,5,432,,
2021-07-13,13:00,25.2,17.8,65,WEST,30.6,51.5,1013.51,0,0,6,921,,
2021-07-13,13:15,24.9,17.2,63,WNW,32.2,59.5,1013.48,0,0,6,889,,
2021-07-13,13:30,25.3,17.8,64,WNW,29,61.2,1013.72,0,0,6,895,,
2021-07-13,13:45,24.9,17.2,62,,33.8,53.1,1013.75,0,0,6,896,,
2021-07-13,14:00,25.2,17.2,62,WEST,45.1,59.5,1013.82,0,0,6,889,,
2021-07-13,14:15,25.3,17.2,60,WEST,38.6,61.2,1013.95,0,0,6,888,,
2021-07-13,14:30,25.2,16.1,59,WEST,61.2,62.8,1014.09,0,0,6,881,,
2021-07-13,14:45,25.2,13.3,49,WNW,43.5,70.8,1014.16,0,0,6,872,,
2021-07-13,15:00,25.7,12.8,45,NW,30.6,57.9,1014.33,0,0,6,844,,
2021-07-13,15:15,25.9,11.1,40,WEST,40.2,56.3,1014.29,0,0,5,823,,
2021-07-13,15:30,26.3,11.7,41,WEST,30.6,56.3,1014.56,0,0,5,807,,
2021-07-13,15:45,26.1,11.7,41,WEST,33.8,59.5,1014.63,0,0,5,775,,
2021-07-13,16:00,26.1,12.2,42,NE,38.6,53.1,1014.8,0,0,4,745,,
2021-07-13,16:15,25.8,12.2,44,WEST,32.2,54.7,1014.87,0,0,4,710,,
2021-07-13,16:30,25.4,11.7,43,WNW,45.1,53.1,1014.93,0,0,4,679,,
2021-07-13,16:45,25,11.1,42,NW,27.4,51.5,1015.1,0,0,3,640,,
2021-07-13,17:00,24.7,10.6,41,NW,45.1,54.7,1015.34,0,0,3,599,,
2021-07-13,17:15,24.6,13.9,52,WEST,25.7,53.1,1015.41,0,0,3,555,,
2021-07-13,17:30,24.2,13.3,51,WEST,25.7,59.5,1015.65,0,0,2,512,,
2021-07-13,17:45,23.8,13.3,53,WNW,17.7,51.5,1015.58,0,0,2,469,,
2021-07-13,18:00,23.6,9.4,41,WNW,35.4,54.7,1015.78,0,0,2,413,,
2021-07-13,18:15,23.2,10.6,44,WEST,40.2,62.8,1015.95,0,0,1,367,,
2021-07-13,18:30,23.2,11.1,47,WNW,17.7,41.8,1015.82,0,0,1,323,,
2021-07-13,18:45,22.9,11.7,50,WNW,20.9,46.7,1015.82,0,0,1,274,,
2021-07-13,19:00,22.7,12.2,51,WEST,25.7,38.6,1015.78,0,0,1,229,,
2021-07-13,19:15,22.2,12.2,53,WNW,32.2,53.1,1015.95,0,0,0,176,,
2021-07-13,19:30,21.7,12.2,55,NW,24.1,57.9,1016.05,0,0,0,128,,
2021-07-13,19:45,21.7,12.8,58,WNW,22.5,48.3,1016.22,0,0,0,83,,
2021-07-13,20:00,21.2,12.8,59,WEST,27.4,54.7,1016.36,0,0,0,47,,
2021-07-13,20:15,20.8,13.3,62,WEST,24.1,54.7,1016.42,0,0,0,21,,
2021-07-13,20:30,20.4,13.3,63,WNW,25.7,46.7,1016.46,0,0,0,14,,
2021-07-13,20:45,20.2,12.8,63,WEST,43.5,43.5,1016.42,0,0,0,0,,
2021-07-13,21:00,19.9,12.2,62,WNW,30.6,49.9,1016.46,0,0,0,0,,
2021-07-13,21:15,19.8,11.7,61,WEST,29,49.9,1016.53,0,0,0,0,,
2021-07-13,21:30,19.7,11.7,61,WNW,19.3,48.3,1016.49,0,0,0,0,,
2021-07-13,21:45,19.6,12.2,63,WNW,24.1,53.1,1016.59,0,0,0,0,,
2021-07-13,22:00,19.4,12.8,65,WEST,27.4,45.1,1016.66,0,0,0,0,,
2021-07-13,22:15,19.3,12.8,66,WNW,29,43.5,1017.07,0,0,0,0,,
2021-07-13,22:30,19.3,12.8,67,WEST,33.8,46.7,1017.27,0,0,0,0,,
2021-07-13,22:45,19.2,12.8,67,WEST,22.5,38.6,1017.24,0,0,0,0,,
2021-07-13,23:00,19.1,12.8,67,WNW,12.9,37,1017.24,0,0,0,0,,
2021-07-13,23:15,19.1,12.8,68,NW,19.3,41.8,1017.31,0,0,0,0,,
2021-07-13,23:30,19.1,12.8,67,WNW,19.3,32.2,1017.37,0,0,0,0,,
2021-07-13,23:45,19,12.8,68,WNW,20.9,38.6,1017.68,0,0,0,0,,
2021-07-13,OVR,,,,,,,,,,,,gustmax,70.8
2021-07-13,OVR,,,,,,,,,,,,rainrate_max,0
2021-07-13,OVR,,,,,,,,,,,,rain_total_mm,0
2021-07-13,OVR,,,,,,,,,,,,tmax,28.6
2021-07-13,OVR,,,,,,,,,,,,tmin,18.9
2021-07-13,OVR,,,,,,,,,,,,wind_dir_mean_deg,292.5
2021-07-14,00:00,19,12.8,67,WEST,24.1,38.6,1017.78,0,0,0,0,,
2021-07-14,00:15,19,12.8,68,WEST,25.7,43.5,1017.78,0,0,0,0,,
2021-07-14,00:30,18.9,12.8,68,WEST,16.1,30.6,1017.95,0,0,0,0,,
2021-07-14,00:45,18.9,12.8,69,WNW,19.3,37,1018.08,0,0,0,0,,
2021-07-14,01:00,18.9,12.8,69,WNW,16.1,32.2,1018.05,0,0,0,0,,
2021-07-14,01:15,18.9,13.3,70,WEST,22.5,37,1018.05,0,0,0,0,,
2021-07-14,01:30,18.9,13.3,71,WEST,19.3,27.4,1017.98,0,0,0,0,,
2021-07-14,01:45,18.8,13.3,72,WEST,17.7,27.4,1018.05,0,0,0,0,,
2021-07-14,02:00,18.8,13.3,73,WNW,12.9,25.7,1018.05,0,0,0,0,,
2021-07-14,02:15,18.6,13.9,74,WEST,16.1,22.5,1018.12,0,0,0,0,,
2021-07-14,02:30,18.6,13.9,75,WEST,16.1,27.4,1018.12,0,0,0,0,,
2021-07-14,02:45,18.6,13.9,75,WEST,19.3,27.4,1018.05,0,0,0,0,,
2021-07-14,03:00,18.7,13.9,75,WNW,11.3,25.7,1017.95,0,0,0,0,,
2021-07-14,03:15,18.6,13.9,75,WEST,17.7,27.4,1018.05,0,0,0,0,,
2021-07-14,03:30,18.6,13.9,75,WEST,20.9,33.8,1017.85,0,0,0,0,,
2021-07-14,03:45,18.6,13.9,74,WEST,16.1,32.2,1017.98,0,0,0,0,,
2021-07-14,04:00,18.6,13.9,74,WNW,22.5,33.8,1017.98,0,0,0,0,,
2021-07-14,04:15,18.5,13.3,74,WEST,20.9,30.6,1018.08,0,0,0,0,,
2021-07-14,04:30,18.4,13.3,74,WEST,17.7,29,1017.91,0,0,0,0,,
2021-07-14,04:45,18.4,13.3,73,WNW,12.9,24.1,1017.85,0,0,0,0,,
2021-07-14,05:00,18.4,13.3,73,WNW,22.5,32.2,1017.98,0,0,0,0,,
2021-07-14,05:15,18.7,13.3,71,WNW,19.3,40.2,1018.05,0,0,0,0,,
2021-07-14,05:30,18.7,13.3,71,NW,17.7,41.8,1017.88,0,0,0,0,,
2021-07-14,05:45,18.8,12.8,69,WNW,29,45.1,1017.91,0,0,0,0,,
2021-07-14,06:00,18.7,12.8,70,WNW,14.5,41.8,1017.91,0,0,0,0,,
2021-07-14,06:15,18.4,12.8,71,NW,17.7,25.7,1018.05,0,0,0,0,,
2021-07-14,06:30,18.5,13.3,72,WEST,19.3,29,1018.15,0,0,0,16,,
2021-07-14,06:45,18.6,13.3,73,NW,17.7,27.4,1018.39,0,0,0,35,,
2021-07-14,07:00,18.7,13.9,73,WNW,20.9,25.7,1018.46,0,0,0,79,,
2021-07-14,07:15,19.1,13.9,72,WNW,16.1,45.1,1018.59,0,0,0,109,,
2021-07-14,07:30,19.4,13.9,70,WEST,17.7,38.6,1018.56,0,0,0,183,,
2021-07-14,07:45,19.7,13.3,68,NW,19.3,33.8,1018.56,0,0,0,221,,
2021-07-14,08:00,20,13.3,67,NW,16.1,33.8,1018.56,0,0,1,271,,
2021-07-14,08:15,20.2,13.3,66,WNW,20.9,43.5,1018.66,0,0,1,294,,
2021-07-14,08:30,20.5,13.3,63,NW,17.7,40.2,1018.86,0,0,1,380,,
2021-07-14,08:45,20.8,12.8,61,WEST,30.6,45.1,1019,0,0,1,200,,
2021-07-14,09:00,20.6,12.8,62,WEST,22.5,37,1019.13,0,0,1,276,,
2021-07-14,09:15,20.7,12.8,61,WNW,32.2,38.6,1019.13,0,0,2,316,,
2021-07-14,09:30,21.1,13.3,61,NW,25.7,27.4,1019.2,0,0,2,390,,
2021-07-14,09:45,21.2,13.3,62,WNW,22.5,40.2,1019,0,0,2,207,,
2021-07-14,10:00,21.4,13.9,62,WEST,24.1,27.4,1019.07,0,0,2,269,,
2021-07-14,10:15,21.8,13.9,62,WEST,19.3,32.2,1019.13,0,0,2,253,,
2021-07-14,10:30,21.8,13.9,62,WEST,22.5,30.6,1019.13,0,0,2,244,,
2021-07-14,10:45,21.7,13.9,62,WNW,25.7,33.8,1019.34,0,0,2,192,,
2021-07-14,11:00,21.7,14.4,63,WNW,20.9,35.4,1019.61,0,0,3,431,,
2021-07-14,11:15,21.9,14.4,63,WEST,12.9,43.5,1019.71,0,0,5,949,,
2021-07-14,11:30,22.6,15,62,WEST,4.8,32.2,1019.51,0,0,3,299,,
2021-07-14,11:45,22.7,15,62,WNW,29,27.4,1019.61,0,0,6,932,,
2021-07-14,12:00,23.4,14.4,57,WEST,27.4,43.5,1019.74,0,0,6,814,,
2021-07-14,12:15,23,14.4,59,WEST,20.9,29,1019.81,0,0,3,248,,
2021-07-14,12:30,23.1,13.9,57,NW,20.9,35.4,1019.61,0,0,3,211,,
2021-07-14,12:45,23.7,13.9,54,WNW,22.5,45.1,1019.51,0,0,7,983,,
2021-07-14,13:00,23.6,14.4,57,WEST,24.1,40.2,1019.64,0,0,7,341,,
2021-07-14,13:15,22.4,15,64,WNW,22.5,48.3,1020.05,0,0,3,376,,
2021-07-14,13:30,21.6,15,67,WNW,16.1,32.2,1020.29,0,0,3,422,,
2021-07-14,13:45,21.3,15,68,WEST,17.7,30.6,1020.01,0,0,3,415,,
2021-07-14,14:00,21.9,15,66,NW,22.5,30.6,1020.15,0,0,3,367,,
2021-07-14,14:15,22,15,65,NW,17.7,25.7,1020.08,0,0,3,429,,
2021-07-14,14:30,23.2,15,61,WEST,25.7,30.6,1020.08,0,0,5,478,,
2021-07-14,14:45,22.6,15,63,WEST,25.7,35.4,1020.18,0,0,4,533,,
2021-07-14,15:00,22.7,15,61,WEST,20.9,43.5,1019.84,0,0,3,308,,
2021-07-14,15:15,23.4,15,60,NORTH,29,48.3,1019.84,0,0,3,960,,
2021-07-14,15:30,23.4,15,59,WEST,41.8,43.5,1019.84,0,0,3,267,,
2021-07-14,15:45,22.9,15,61,WEST,22.5,37,1019.84,0,0,5,207,,
2021-07-14,16:00,23.6,15,59,WNW,22.5,45.1,1019.81,0,0,5,856,,
2021-07-14,16:15,23.8,15,59,WEST,20.9,41.8,1019.88,0,0,2,888,,
2021-07-14,16:30,23.8,15,57,WEST,20.9,43.5,1019.91,0,0,3,494,,
2021-07-14,16:45,22.7,14.4,60,WNW,17.7,45.1,1019.84,0,0,3,571,,
2021-07-14,17:00,22.3,14.4,62,WEST,19.3,40.2,1020.15,0,0,1,218,,
2021-07-14,17:15,21.2,15.6,72,NNE,24.1,53.1,1020.35,0,0,1,118,,
2021-07-14,17:30,19.4,15.6,80,WNW,12.9,48.3,1020.76,0,0,0,93,,
2021-07-14,17:45,18.6,15.6,84,NW,16.1,24.1,1020.59,0,0,0,90,,
2021-07-14,18:00,18.9,16.1,84,NW,14.5,22.5,1020.32,0,0,1,155,,
2021-07-14,18:15,19.7,16.1,80,WEST,17.7,30.6,1020.29,0,0,1,216,,
2021-07-14,18:30,20.1,15.6,77,WNW,11.3,22.5,1020.01,0,0,1,98,,
2021-07-14,18:45,20.1,15.6,77,WNW,12.9,27.4,1019.98,0,0,1,118,,
2021-07-14,19:00,20.2,15.6,75,WNW,16.1,25.7,1019.74,0,0,0,239,,
2021-07-14,19:15,20.7,15.6,72,WNW,17.7,25.7,1019.68,0,0,0,83,,
2021-07-14,19:30,20.8,15,70,WNW,17.7,32.2,1019.71,0,0,0,139,,
2021-07-14,19:45,20.6,15,72,WNW,19.3,25.7,1019.74,0,0,0,33,,
2021-07-14,20:00,20.7,15.6,72,WNW,19.3,25.7,1019.88,0,0,0,56,,
2021-07-14,20:15,20.5,15,72,WNW,16.1,32.2,1019.84,0,0,0,23,,
2021-07-14,20:30,20.3,15,73,WNW,14.5,29,1020.01,0,0,0,11,,
2021-07-14,20:45,19.9,15,75,WEST,17.7,25.7,1019.98,0,0,0,0,,
2021-07-14,21:00,19.7,15.6,77,WEST,17.7,27.4,1020.05,0,0,0,0,,
2021-07-14,21:15,19.5,15.6,78,WNW,9.7,24.1,1020.01,0,0,0,0,,
2021-07-14,21:30,19.3,15.6,79,WNW,8,22.5,1020.05,0,0,0,0,,
2021-07-14,21:45,19.2,15.6,79,WEST,16.1,22.5,1020.25,0,0,0,0,,
2021-07-14,22:00,19.2,15.6,80,WEST,11.3,20.9,1020.39,0,0,0,0,,
2021-07-14,22:15,19.2,15.6,80,WEST,16.1,25.7,1020.39,0,0,0,0,,
2021-07-14,22:30,19,15.6,81,WNW,17.7,24.1,1020.22,0,0,0,0,,
2021-07-14,22:45,18.9,15.6,82,WNW,11.3,22.5,1020.32,0,0,0,0,,
2021-07-14,23:00,18.5,15.6,84,NW,8,16.1,1020.25,0,0,0,0,,
2021-07-14,23:15,18.2,15.6,85,NW,8,12.9,1020.15,0,0,0,0,,
2021-07-14,23:30,18.1,15.6,85,WNW,11.3,11.3,1020.25,0,0,0,0,,
2021-07-14,23:45,18.1,15.6,86,WNW,11.3,14.5,1020.35,0,0,0,0,,
2021-07-14,OVR,,,,,,,,,,,,gustmax,53.1
2021-07-14,OVR,,,,,,,,,,,,rainrate_max,0
2021-07-14,OVR,,,,,,,,,,,,rain_total_mm,0
2021-07-14,OVR,,,,,,,,,,,,tmax,23.9
2021-07-14,OVR,,,,,,,,,,,,tmin,18
2021-07-14,OVR,,,,,,,,,,,,wind_dir_mean_deg,292.5
2021-07-15,00:00,18.2,15.6,86,WNW,8,16.1,1020.25,0,0,0,0,,
2021-07-15,00:15,18.2,15.6,85,WNW,12.9,16.1,1020.15,0,0,0,0,,
2021-07-15,00:30,18.3,15,83,WEST,20.9,22.5,1020.15,0,0,0,0,,
2021-07-15,00:45,18.4,15,83,WEST,12.9,20.9,1020.18,0,0,0,0,,
2021-07-15,01:00,18.5,15,82,WEST,17.7,20.9,1020.01,0,0,0,0,,
2021-07-15,01:15,18.4,15,82,WEST,19.3,25.7,1019.81,0,0,0,0,,
2021-07-15,01:30,18.5,15,82,WNW,22.5,27.4,1019.81,0,0,0,0,,
2021-07-15,01:45,18.5,15,82,WNW,20.9,27.4,1019.78,0,0,0,0,,
2021-07-15,02:00,18.4,15,82,WEST,19.3,24.1,1019.81,0,0,0,0,,
2021-07-15,02:15,18.4,15,82,WNW,12.9,24.1,1019.74,0,0,0,0,,
2021-07-15,02:30,18.3,15,82,WNW,17.7,32.2,1019.74,0,0,0,0,,
2021-07-15,02:45,18.3,15,83,WNW,16.1,24.1,1019.57,0,0,0,0,,
2021-07-15,03:00,18.2,15,83,WEST,17.7,20.9,1019.51,0,0,0,0,,
2021-07-15,03:15,18.3,15,83,WEST,14.5,20.9,1019.3,0,0,0,0,,
2021-07-15,03:30,18.4,15.6,83,WNW,16.1,20.9,1019.27,0,0,0,0,,
2021-07-15,03:45,18.3,15,84,WNW,11.3,17.7,1019.2,0,0,0,0,,
2021-07-15,04:00,18.2,15,84,WNW,8,16.1,1018.73,0,0,0,0,,
2021-07-15,04:15,18.1,15,84,WNW,6.4,12.9,1018.86,0,0,0,0,,
2021-07-15,04:30,17.3,14.4,85,WNW,3.2,4.8,1018.83,0,0,0,0,,
2021-07-15,04:45,16.5,14.4,88,NW,1.6,3.2,1018.76,0,0,0,0,,
2021-07-15,05:00,16.2,13.9,88,NORTH,0,3.2,1018.73,0,0,0,0,,
2021-07-15,05:15,16,13.9,89,NW,1.6,1.6,1018.8,0,0,0,0,,
2021-07-15,05:30,16.1,14.4,90,NORTH,0,1.6,1018.9,0,0,0,0,,
2021-07-15,05:45,16.2,14.4,91,NORTH,0,1.6,1018.93,0,0,0,0,,
2021-07-15,06:00,16.2,14.4,90,NORTH,0,3.2,1018.93,0,0,0,0,,
2021-07-15,06:15,16.3,14.4,91,NORTH,0,1.6,1018.93,0,0,0,0,,
2021-07-15,06:30,16.2,14.4,91,NORTH,0,1.6,1018.8,0,0,0,12,,
2021-07-15,06:45,16.3,15,92,NORTH,0,1.6,1019,0,0,0,44,,
2021-07-15,07:00,17,15.6,91,NORTH,0,0,1018.96,0,0,0,79,,
2021-07-15,07:15,17.7,16.1,90,NW,1.6,1.6,1019.1,0,0,0,104,,
2021-07-15,07:30,18.3,16.1,88,NW,1.6,4.8,1019.1,0,0,0,169,,
2021-07-15,07:45,18.7,16.1,87,WNW,3.2,6.4,1019.17,0,0,0,218,,
2021-07-15,08:00,19.1,16.7,86,WNW,3.2,11.3,1019.13,0,0,1,269,,
2021-07-15,08:15,19.4,16.7,84,NW,3.2,8,1019.24,0,0,1,281,,
2021-07-15,08:30,19.9,16.7,82,WEST,6.4,9.7,1019.4,0,0,1,362,,
2021-07-15,08:45,20.2,16.7,81,WEST,1.6,16.1,1019.54,0,0,1,429,,
2021-07-15,09:00,20.6,16.7,79,WEST,4.8,16.1,1019.71,0,0,2,462,,
2021-07-15,09:15,20.9,16.7,77,WEST,12.9,20.9,1019.64,0,0,2,515,,
2021-07-15,09:30,21.6,16.7,75,WNW,11.3,25.7,1019.61,0,0,2,561,,
2021-07-15,09:45,21.8,16.7,74,WEST,19.3,30.6,1019.57,0,0,3,605,,
2021-07-15,10:00,21.8,16.1,70,WEST,19.3,37,1019.54,0,0,3,504,,
2021-07-15,10:15,22.3,15.6,67,WEST,11.3,32.2,1019.44,0,0,3,647,,
2021-07-15,10:30,22.4,15.6,65,WEST,24.1,37,1019.2,0,0,4,675,,
2021-07-15,10:45,22.8,15.6,64,EAST,19.3,43.5,1019.51,0,0,4,788,,
2021-07-15,11:00,22.7,15.6,65,WNW,30.6,37,1019.37,0,0,4,819,,
2021-07-15,11:15,23.4,16.1,65,WNW,37,30.6,1019.27,0,0,5,853,,
2021-07-15,11:30,23.4,16.1,64,NW,27.4,33.8,1019.4,0,0,5,923,,
2021-07-15,11:45,23.3,16.1,64,WNW,25.7,35.4,1019.3,0,0,5,874,,
2021-07-15,12:00,23.7,15.6,61,WEST,30.6,45.1,1019.3,0,0,6,907,,
2021-07-15,12:15,23.7,16.1,62,WNW,22.5,41.8,1019.03,0,0,6,937,,
2021-07-15,12:30,23.7,16.1,62,WNW,25.7,38.6,1019.13,0,0,6,963,,
2021-07-15,12:45,24.3,15.6,59,ENE,12.9,49.9,1019.13,0,0,7,977,,
2021-07-15,13:00,24.1,15.6,60,WNW,30.6,40.2,1019.07,0,0,7,939,,
2021-07-15,13:15,24.2,15.6,59,WEST,17.7,46.7,1019.03,0,0,7,983,,
2021-07-15,13:30,24.3,15.6,59,WEST,24.1,48.3,1018.86,0,0,7,933,,
2021-07-15,13:45,24.7,15.6,58,WNW,19.3,40.2,1018.86,0,0,7,933,,
2021-07-15,14:00,24.4,15.6,58,WEST,29,46.7,1018.86,0,0,7,926,,
2021-07-15,14:15,24.5,15.6,59,WEST,11.3,48.3,1018.8,0,0,7,954,,
2021-07-15,14:30,24.5,15.6,58,WNW,17.7,56.3,1018.73,0,0,6,907,,
2021-07-15,14:45,24.6,16.1,59,WNW,16.1,43.5,1018.66,0,0,6,888,,
2021-07-15,15:00,24.6,16.1,60,WNW,14.5,48.3,1018.86,0,0,6,863,,
2021-07-15,15:15,24.7,16.1,59,WNW,17.7,43.5,1018.76,0,0,6,867,,
2021-07-15,15:30,25,16.7,60,WEST,19.3,38.6,1018.66,0,0,5,809,,
2021-07-15,15:45,25,16.1,59,WEST,19.3,43.5,1018.63,0,0,5,780,,
2021-07-15,16:00,24.7,16.1,59,WEST,24.1,41.8,1018.49,0,0,4,752,,
2021-07-15,16:15,25.2,15.6,57,WNW,22.5,46.7,1018.63,0,0,4,715,,
2021-07-15,16:30,24.9,15.6,56,NW,27.4,46.7,1018.63,0,0,4,677,,
2021-07-15,16:45,24.8,15.6,57,NW,16.1,43.5,1018.35,0,0,3,643,,
2021-07-15,17:00,24.9,15,54,WNW,20.9,41.8,1018.46,0,0,3,601,,
2021-07-15,17:15,24.8,15.6,58,WEST,29,38.6,1018.32,0,0,3,566,,
2021-07-15,17:30,24.6,16.1,60,WEST,17.7,43.5,1018.19,0,0,2,517,,
2021-07-15,17:45,24.6,16.1,61,WSW,14.5,33.8,1018.05,0,0,2,466,,
2021-07-15,18:00,24.3,16.1,61,WEST,30.6,37,1018.19,0,0,2,417,,
2021-07-15,18:15,23.9,16.1,63,WNW,27.4,41.8,1018.15,0,0,1,362,,
2021-07-15,18:30,23.7,16.1,64,WNW,14.5,33.8,1018.08,0,0,1,318,,
2021-07-15,18:45,23.4,16.7,66,WNW,11.3,30.6,1018.02,0,0,1,244,,
2021-07-15,19:00,23.5,17.2,68,WNW,17.7,37,1018.02,0,0,1,232,,
2021-07-15,19:15,22.9,16.7,69,WEST,24.1,37,1018.29,0,0,0,172,,
2021-07-15,19:30,22.5,16.7,71,WEST,29,40.2,1018.32,0,0,0,121,,
2021-07-15,19:45,22.2,16.7,73,EAST,19.3,32.2,1018.25,0,0,0,79,,
2021-07-15,20:00,21.8,16.7,74,WEST,9.7,38.6,1018.19,0,0,0,46,,
2021-07-15,20:15,21.4,16.7,76,WNW,11.3,33.8,1018.12,0,0,0,21,,
2021-07-15,20:30,21.1,16.7,77,WEST,14.5,27.4,1018.35,0,0,0,14,,
2021-07-15,20:45,20.8,17.2,80,WEST,19.3,29,1018.63,0,0,0,0,,
2021-07-15,21:00,20.3,16.7,81,WEST,16.1,27.4,1018.46,0,0,0,0,,
2021-07-15,21:15,20.1,16.7,82,WNW,11.3,29,1018.46,0,0,0,0,,
2021-07-15,21:30,19.9,16.7,83,WEST,12.9,20.9,1018.59,0,0,0,0,,
2021-07-15,21:45,19.7,16.7,84,NW,6.4,20.9,1018.49,0,0,0,0,,
2021-07-15,22:00,19.4,16.7,85,NNW,6.4,12.9,1018.59,0,0,0,0,,
2021-07-15,22:15,19.3,16.7,86,NNW,4.8,14.5,1018.59,0,0,0,0,,
2021-07-15,22:30,19.1,16.7,86,NW,3.2,6.4,1018.52,0,0,0,0,,
2021-07-15,22:45,19.1,16.7,87,NW,6.4,11.3,1018.56,0,0,0,0,,
2021-07-15,23:00,18.9,16.7,88,NW,6.4,12.9,1018.56,0,0,0,0,,
2021-07-15,23:15,18.8,16.7,88,WNW,12.9,14.5,1018.52,0,0,0,0,,
2021-07-15,23:30,18.8,16.7,88,NW,8,17.7,1018.73,0,0,0,0,,
2021-07-15,23:45,18.7,16.7,88,WNW,12.9,14.5,1018.63,0,0,0,0,,
2021-07-15,OVR,,,,,,,,,,,,gustmax,56.3
2021-07-15,OVR,,,,,,,,,,,,rainrate_max,0
2021-07-15,OVR,,,,,,,,,,,,rain_total_mm,0
2021-07-15,OVR,,,,,,,,,,,,tmax,25.3
2021-07-15,OVR,,,,,,,,,,,,tmin,15.9
2021-07-15,OVR,,,,,,,,,,,,wind_dir_mean_deg,292.5
2021-07-16,00:00,18.6,16.1,88,WNW,11.3,17.7,1018.59,0,0,0,0,,
2021-07-16,00:15,18.4,16.1,88,NW,3.2,11.3,1018.42,0,0,0,0,,
2021-07-16,00:30,18.2,16.1,89,NW,3.2,11.3,1018.46,0,0,0,0,,
2021-07-16,00:45,18.2,16.1,89,NW,4.8,11.3,1018.25,0,0,0,0,,
2021-07-16,01:00,18.1,16.1,89,NW,4.8,11.3,1018.15,0,0,0,0,,
2021-07-16,01:15,17.9,16.1,90,NW,4.8,11.3,1018.29,0,0,0,0,,
2021-07-16,01:30,18.2,16.1,90,WNW,9.7,16.1,1018.19,0,0,0,0,,
2021-07-16,01:45,18.3,16.7,89,WNW,8,20.9,1018.12,0,0,0,0,,
2021-07-16,02:00,18.5,16.7,89,WEST,14.5,22.5,1018.05,0,0,0,0,,
2021-07-16,02:15,18.6,16.7,88,WEST,12.9,24.1,1018.05,0,0,0,0,,
2021-07-16,02:30,18.6,16.1,88,WNW,14.5,20.9,1017.98,0,0,0,0,,
2021-07-16,02:45,18.6,16.7,88,WEST,19.3,25.7,1018.02,0,0,0,0,,
2021-07-16,03:00,18.6,16.1,88,WEST,9.7,16.1,1017.95,0,0,0,0,,
2021-07-16,03:15,18.2,16.1,89,WEST,1.6,12.9,1017.68,0,0,0,0,,
2021-07-16,03:30,17.7,15.6,90,NORTH,0,6.4,1017.58,0,0,0,0,,
2021-07-16,03:45,17.7,16.1,91,WEST,3.2,9.7,1017.61,0,0,0,0,,
2021-07-16,04:00,17.8,16.1,92,WEST,3.2,9.7,1017.31,0,0,0,0,,
2021-07-16,04:15,17.9,16.7,92,WNW,4.8,11.3,1017.2,0,0,0,0,,
2021-07-16,04:30,17.8,16.7,92,WNW,3.2,12.9,1017.17,0,0,0,0,,
2021-07-16,04:45,17.6,16.1,93,NORTH,0,4.8,1016.9,0,0,0,0,,
2021-07-16,05:00,17.6,16.1,94,WNW,4.8,9.7,1017,0,0,0,0,,
2021-07-16,05:15,17.2,16.1,93,WNW,1.6,3.2,1017.03,0,0,0,0,,
2021-07-16,05:30,17,15.6,94,WNW,1.6,4.8,1016.76,0,0,0,0,,
2021-07-16,05:45,17.3,16.1,94,WEST,1.6,3.2,1016.76,0,0,0,0,,
2021-07-16,06:00,17.1,15.6,93,WEST,1.6,1.6,1016.93,0,0,0,0,,
2021-07-16,06:15,17.3,16.1,94,WEST,1.6,3.2,1017.03,0,0,0,0,,
2021-07-16,06:30,17.6,16.1,93,NORTH,0,3.2,1016.8,0,0,0,28,,
2021-07-16,06:45,17.9,16.7,93,WEST,1.6,3.2,1016.76,0,0,0,18,,
2021-07-16,07:00,18.2,16.7,92,NORTH,0,4.8,1016.83,0,0,0,28,,
2021-07-16,07:15,18.3,16.7,92,WEST,6.4,6.4,1017,0,0,0,26,,
2021-07-16,07:30,18.4,16.7,91,NORTH,0,6.4,1017.14,0,0,0,76,,
2021-07-16,07:45,18.6,16.7,90,WNW,3.2,8,1017.2,0,0,0,69,,
2021-07-16,08:00,18.8,17.2,90,WEST,6.4,12.9,1017.37,0,0,0,97,,
2021-07-16,08:15,19.2,17.2,90,WEST,11.3,16.1,1017.37,0,0,0,130,,
2021-07-16,08:30,19.6,17.2,88,WEST,14.5,29,1017.27,0,0,1,127,,
2021-07-16,08:45,20.1,17.8,87,WEST,22.5,29,1017.2,0,0,0,148,,
2021-07-16,09:00,20.2,17.8,87,WNW,14.5,33.8,1017.24,0,0,1,457,,
2021-07-16,09:15,20.3,17.8,85,WSW,14.5,30.6,1017.2,0,0,0,47,,
2021-07-16,09:30,20.5,16.7,80,WNW,30.6,45.1,1017.51,0,0,1,134,,
2021-07-16,09:45,21.3,16.7,76,WEST,20.9,45.1,1017.1,0,0,1,278,,
2021-07-16,10:00,21.4,16.1,73,WNW,27.4,45.1,1017.34,0,0,2,274,,
2021-07-16,10:15,21.3,16.1,74,WEST,17.7,41.8,1017.03,0,0,1,91,,
2021-07-16,10:30,21.8,17.2,76,WEST,27.4,41.8,1017.31,0,0,2,714,,
2021-07-16,10:45,22.2,17.2,73,WNW,25.7,54.7,1016.93,0,0,3,308,,
2021-07-16,11:00,22.1,16.7,71,WEST,27.4,57.9,1016.97,0,0,2,374,,
2021-07-16,11:15,21.8,16.7,72,WEST,29,38.6,1016.97,0,0,2,304,,
2021-07-16,11:30,21.6,16.7,74,WEST,20.9,53.1,1017.1,0,0,1,193,,
2021-07-16,11:45,20.3,17.2,83,WEST,29,46.7,1017.2,0,0,5,345,,
2021-07-16,12:00,21.9,16.7,73,WNW,24.1,46.7,1016.93,0,0,3,359,,
2021-07-16,12:15,22.5,16.1,69,WEST,27.4,57.9,1016.83,0,0,6,325,,
2021-07-16,12:30,22.8,16.7,68,WEST,27.4,46.7,1016.83,0,0,3,366,,
2021-07-16,12:45,22.7,16.1,67,WNW,33.8,46.7,1016.86,0,0,3,406,,
2021-07-16,13:00,22.7,16.7,69,WEST,20.9,59.5,1016.73,0,0,7,570,,
2021-07-16,13:15,22.3,16.7,71,WNW,25.7,51.5,1016.83,0,0,5,1100,,
2021-07-16,13:30,23.2,16.7,67,WNW,29,54.7,1016.9,0,0,5,452,,
2021-07-16,13:45,22.7,16.1,68,WEST,46.7,57.9,1016.86,0,0,3,526,,
2021-07-16,14:00,22.9,16.1,67,WNW,25.7,57.9,1016.7,0,0,7,401,,
2021-07-16,14:15,23.3,16.7,66,WNW,27.4,66,1016.83,0,0,6,1002,,
2021-07-16,14:30,23.3,16.7,66,WEST,29,56.3,1016.8,0,0,6,939,,
2021-07-16,14:45,23.6,16.7,65,WNW,25.7,57.9,1016.56,0,0,3,297,,
2021-07-16,15:00,22.7,16.7,69,NW,35.4,53.1,1016.83,0,0,3,239,,
2021-07-16,15:15,22.8,16.1,68,WEST,24.1,64.4,1016.93,0,0,6,946,,
2021-07-16,15:30,22.8,16.1,67,WEST,41.8,62.8,1016.9,0,0,4,967,,
2021-07-16,15:45,22.2,16.7,71,WEST,38.6,69.2,1016.93,0,0,3,309,,
2021-07-16,16:00,22.1,16.1,71,WEST,37,59.5,1016.76,0,0,3,329,,
2021-07-16,16:15,22.1,16.7,72,WEST,35.4,51.5,1016.8,0,0,2,176,,
2021-07-16,16:30,22.1,16.7,72,WEST,20.9,62.8,1016.59,0,0,3,745,,
2021-07-16,16:45,22.3,16.1,70,WNW,40.2,57.9,1016.7,0,0,2,265,,
2021-07-16,17:00,22.1,16.1,71,WNW,24.1,57.9,1016.42,0,0,2,432,,
2021-07-16,17:15,22.1,16.7,72,WNW,32.2,61.2,1016.66,0,0,2,624,,
2021-07-16,17:30,21.6,16.1,73,NW,30.6,56.3,1016.86,0,0,2,107,,
2021-07-16,17:45,21.9,16.7,72,NW,30.6,54.7,1016.8,0,0,2,116,,
2021-07-16,18:00,22.3,15.6,67,WEST,37,57.9,1016.63,0,0,2,417,,
2021-07-16,18:15,22,16.1,69,WEST,41.8,61.2,1016.7,0,0,1,374,,
2021-07-16,18:30,21.7,16.1,71,WNW,25.7,61.2,1016.53,0,0,1,79,,
2021-07-16,18:45,21.4,16.1,72,WNW,32.2,51.5,1016.73,0,0,0,76,,
2021-07-16,19:00,21.4,16.7,74,WNW,20.9,53.1,1016.73,0,0,0,76,,
2021-07-16,19:15,21.3,16.7,74,WNW,45.1,49.9,1016.7,0,0,0,216,,
2021-07-16,19:30,21.2,16.7,75,WEST,43.5,48.3,1016.53,0,0,0,40,,
2021-07-16,19:45,21,16.1,75,WNW,19.3,49.9,1016.49,0,0,0,63,,
2021-07-16,20:00,21,16.7,76,WNW,22.5,46.7,1016.53,0,0,0,77,,
2021-07-16,20:15,20.7,16.7,77,WEST,30.6,40.2,1016.63,0,0,0,21,,
2021-07-16,20:30,20.4,16.1,78,EAST,20.9,43.5,1016.56,0,0,0,16,,
2021-07-16,20:45,20.3,16.7,80,WNW,17.7,38.6,1016.56,0,0,0,0,,
2021-07-16,21:00,20.1,16.7,81,WEST,33.8,38.6,1016.73,0,0,0,0,,
2021-07-16,21:15,19.9,16.7,81,WEST,24.1,30.6,1016.86,0,0,0,0,,
2021-07-16,21:30,19.8,16.7,82,WEST,19.3,40.2,1017.14,0,0,0,0,,
2021-07-16,21:45,19.8,16.7,83,WEST,19.3,29,1017.14,0,0,0,0,,
2021-07-16,22:00,19.7,16.7,84,WEST,16.1,27.4,1017.14,0,0,0,0,,
2021-07-16,22:15,19.6,16.7,85,WEST,14.5,24.1,1017.24,0,0,0,0,,
2021-07-16,22:30,19.6,17.2,86,WEST,17.7,22.5,1017.14,0,0,0,0,,
2021-07-16,22:45,19.4,17.2,87,WEST,19.3,16.1,1017.14,0,0,0,0,,
2021-07-16,23:00,19.4,17.2,88,WEST,12.9,19.3,1017.07,0,0,0,0,,
2021-07-16,23:15,19.4,17.2,88,WEST,4.8,17.7,1017.14,0,0,0,0,,
2021-07-16,23:30,19.3,17.2,89,WEST,9.7,17.7,1017.27,0,0,0,0,,
2021-07-16,23:45,19.3,17.2,90,WNW,4.8,16.1,1017.27,0,0,0,0,,
2021-07-16,OVR,,,,,,,,,,,,gustmax,69.2
2021-07-16,OVR,,,,,,,,,,,,rainrate_max,0
2021-07-16,OVR,,,,,,,,,,,,rain_total_mm,0
2021-07-16,OVR,,,,,,,,,,,,tmax,23.6
2021-07-16,OVR,,,,,,,,,,,,tmin,16.9
2021-07-16,OVR,,,,,,,,,,,,wind_dir_mean_deg,292.5
2021-07-17,00:00,19.2,17.2,90,WNW,1.6,14.5,1017.14,0,0,0,0,,
2021-07-17,00:15,19.2,17.2,91,NW,3.2,8,1017.07,0,0,0,0,,
2021-07-17,00:30,19.3,17.2,90,WNW,1.6,20.9,1017.14,0,0,0,0,,
2021-07-17,00:45,19.3,17.2,89,WNW,8,14.5,1017.1,0,0,0,0,,
2021-07-17,01:00,19.2,17.2,89,WEST,6.4,14.5,1016.93,0,0,0,0,,
2021-07-17,01:15,19.2,17.2,90,WEST,1.6,16.1,1016.97,0,0,0,0,,
2021-07-17,01:30,19.3,17.2,90,NW,4.8,12.9,1016.83,0,0,0,0,,
2021-07-17,01:45,19.4,17.2,90,WNW,6.4,16.1,1016.59,0,0,0,0,,
2021-07-17,02:00,19.3,17.2,90,WNW,1.6,12.9,1016.46,0,0,0,0,,
2021-07-17,02:15,19.3,17.2,90,WNW,1.6,3.2,1016.09,0,0,0,0,,
2021-07-17,02:30,19.1,17.2,91,NORTH,0,8,1016.09,0,0,0,0,,
2021-07-17,02:45,19.2,17.8,91,WNW,6.4,12.9,1015.95,0,0,0,0,,
2021-07-17,03:00,19.3,17.8,92,WNW,6.4,14.5,1015.95,0,0,0,0,,
2021-07-17,03:15,19.3,17.8,92,WNW,1.6,11.3,1015.78,0,0,0,0,,
2021-07-17,03:30,19.3,17.8,92,WEST,11.3,17.7,1015.61,0,0,0,0,,
2021-07-17,03:45,19.4,17.8,92,WNW,6.4,16.1,1015.61,0,0,0,0,,
2021-07-17,04:00,19.4,17.8,92,NORTH,0,6.4,1015.48,0,0,0,0,,
2021-07-17,04:15,19.4,18.3,93,NW,3.2,11.3,1015.21,0,0,0,0,,
2021-07-17,04:30,19.6,18.3,93,WNW,11.3,20.9,1015.07,0,0,0,0,,
2021-07-17,04:45,19.6,18.3,93,WEST,11.3,19.3,1014.77,0,0,0,0,,
2021-07-17,05:00,19.6,18.3,93,WNW,1.6,12.9,1014.66,0,0,0,0,,
2021-07-17,05:15,19.6,18.3,93,WEST,16.1,19.3,1014.46,0,0,0,0,,
2021-07-17,05:30,19.6,18.3,93,WEST,12.9,17.7,1014.29,0,0,0,0,,
2021-07-17,05:45,19.6,18.3,93,WNW,17.7,32.2,1014.33,0,0,0,0,,
2021-07-17,06:00,19.4,18.3,93,WEST,17.7,25.7,1014.22,0,0,0,0,,
2021-07-17,06:15,19.4,18.3,94,WEST,6.4,24.1,1014.19,0,0,0,0,,
2021-07-17,06:30,19.3,18.3,94,WNW,11.3,27.4,1014.22,0,0,0,14,,
2021-07-17,06:45,19.2,17.8,94,WNW,4.8,14.5,1014.12,0,0,0,40,,
2021-07-17,07:00,19.3,17.8,93,WNW,11.3,16.1,1014.26,0,0,0,44,,
2021-07-17,07:15,19.5,18.3,93,WNW,6.4,16.1,1014.19,0,0,0,47,,
2021-07-17,07:30,19.8,18.3,92,WNW,4.8,16.1,1014.36,0,0,0,204,,
2021-07-17,07:45,19.9,18.3,91,WNW,12.9,12.9,1014.33,0,0,0,79,,
2021-07-17,08:00,20.4,18.3,88,WNW,6.4,11.3,1014.26,0,0,1,323,,
2021-07-17,08:15,20.7,17.8,86,WNW,9.7,19.3,1014.19,0,0,1,304,,
2021-07-17,08:30,21.2,18.3,84,WSW,17.7,22.5,1014.16,0,0,1,424,,
2021-07-17,08:45,21.3,17.8,82,WEST,4.8,20.9,1014.26,0,0,1,496,,
2021-07-17,09:00,21.3,17.8,81,WEST,12.9,24.1,1014.43,0,0,1,512,,
2021-07-17,09:15,21.5,17.8,79,WNW,11.3,24.1,1014.49,0,0,2,517,,
2021-07-17,09:30,22.3,17.8,77,WEST,11.3,27.4,1014.56,0,0,1,214,,
2021-07-17,09:45,22,18.3,79,SW,25.7,41.8,1014.49,0,0,2,547,,
2021-07-17,10:00,22.7,17.8,74,SOUTH,22.5,32.2,1014.56,0,0,3,522,,
2021-07-17,10:15,22.9,17.2,72,WNW,27.4,41.8,1014.43,0,0,3,575,,
2021-07-17,10:30,23.2,17.8,72,WEST,20.9,41.8,1014.6,0,0,4,689,,
2021-07-17,10:45,23.5,17.8,70,WEST,25.7,33.8,1014.66,0,0,4,740,,
2021-07-17,11:00,23.3,17.2,70,WEST,33.8,40.2,1014.8,0,0,4,772,,
2021-07-17,11:15,23.4,17.8,70,WEST,22.5,45.1,1014.66,0,0,4,798,,
2021-07-17,11:30,23.8,17.8,69,WEST,22.5,33.8,1014.6,0,0,5,826,,
2021-07-17,11:45,23.8,17.2,68,WEST,22.5,41.8,1014.53,0,0,5,849,,
2021-07-17,12:00,24.3,17.2,64,WEST,24.1,35.4,1014.83,0,0,5,872,,
2021-07-17,12:15,24.3,15.6,59,WEST,19.3,45.1,1014.66,0,0,6,891,,
2021-07-17,12:30,24.7,15.6,57,WEST,27.4,54.7,1014.83,0,0,6,907,,
2021-07-17,12:45,24.6,15.6,58,WNW,25.7,48.3,1014.7,0,0,6,916,,
2021-07-17,13:00,24.8,15.6,56,WSW,25.7,43.5,1014.87,0,0,6,919,,
2021-07-17,13:15,24.9,15.6,57,WEST,27.4,45.1,1014.7,0,0,6,923,,
2021-07-17,13:30,24.8,16.1,59,WNW,19.3,38.6,1014.7,0,0,6,916,,
2021-07-17,13:45,24.3,17.2,64,ENE,22.5,51.5,1014.49,0,0,6,911,,
2021-07-17,14:00,24.6,17.8,66,WEST,25.7,45.1,1014.49,0,0,6,902,,
2021-07-17,14:15,24.8,17.8,67,WNW,24.1,45.1,1014.46,0,0,6,891,,
2021-07-17,14:30,24.7,18.3,68,WEST,24.1,48.3,1014.53,0,0,5,879,,
2021-07-17,14:45,24.6,18.3,68,WNW,19.3,45.1,1014.46,0,0,5,874,,
2021-07-17,15:00,24.7,17.8,67,WEST,27.4,46.7,1014.56,0,0,5,856,,
2021-07-17,15:15,24.6,18.3,68,WNW,30.6,51.5,1014.43,0,0,5,826,,
2021-07-17,15:30,24.7,18.3,67,WEST,19.3,53.1,1014.46,0,0,4,795,,
2021-07-17,15:45,24.5,17.8,67,WEST,30.6,51.5,1014.56,0,0,4,800,,
2021-07-17,16:00,24.8,17.2,64,WEST,37,51.5,1014.36,0,0,4,729,,
2021-07-17,16:15,24.3,17.2,65,WEST,24.1,59.5,1014.29,0,0,4,701,,
2021-07-17,16:30,24.4,17.2,66,WNW,19.3,57.9,1014.16,0,0,3,666,,
2021-07-17,16:45,24.3,17.2,66,WEST,30.6,53.1,1014.39,0,0,3,621,,
2021-07-17,17:00,24.7,17.2,64,SSE,38.6,61.2,1014.26,0,0,3,589,,
2021-07-17,17:15,24.5,17.2,64,WEST,30.6,54.7,1014.26,0,0,2,541,,
2021-07-17,17:30,24.5,17.2,65,WEST,29,57.9,1013.95,0,0,2,520,,
2021-07-17,17:45,24.4,16.7,62,WEST,35.4,64.4,1014.16,0,0,1,253,,
2021-07-17,18:00,24.4,15.6,58,WNW,35.4,53.1,1014.02,0,0,2,436,,
2021-07-17,18:15,24.1,15.6,59,WNW,38.6,46.7,1013.99,0,0,1,221,,
2021-07-17,18:30,23.8,15.6,61,ENE,30.6,53.1,1013.72,0,0,1,248,,
2021-07-17,18:45,23.1,16.7,68,WEST,24.1,51.5,1013.88,0,0,1,218,,
2021-07-17,19:00,22.9,17.2,70,WEST,24.1,45.1,1013.88,0,0,0,116,,
2021-07-17,19:15,22.4,17.8,75,WEST,19.3,48.3,1013.82,0,0,0,93,,
2021-07-17,19:30,22,17.8,79,WNW,24.1,41.8,1013.99,0,0,0,70,,
2021-07-17,19:45,21.7,18.3,81,WNW,14.5,41.8,1013.88,0,0,0,70,,
2021-07-17,20:00,21.8,18.3,80,WNW,32.2,40.2,1013.92,0,0,0,67,,
2021-07-17,20:15,21.6,17.8,80,WEST,20.9,41.8,1013.92,0,0,0,35,,
2021-07-17,20:30,21.3,17.8,81,WNW,17.7,37,1013.85,0,0,0,25,,
2021-07-17,20:45,20.9,17.2,81,WEST,14.5,30.6,1013.99,0,0,0,11,,
2021-07-17,21:00,20.8,17.8,83,WEST,22.5,32.2,1013.92,0,0,0,0,,
2021-07-17,21:15,20.4,17.8,86,WNW,19.3,29,1014.12,0,0,0,0,,
2021-07-17,21:30,20.2,17.8,87,WEST,19.3,22.5,1014.19,0,0,0,0,,
2021-07-17,21:45,19.9,17.8,89,WNW,9.7,22.5,1014.46,0,0,0,0,,
2021-07-17,22:00,19.8,17.8,90,SW,4.8,20.9,1014.6,0,0,0,0,,
2021-07-17,22:15,19.9,18.3,91,WEST,6.4,24.1,1014.66,0,0,0,0,,
2021-07-17,22:30,19.8,18.3,91,WNW,11.3,30.6,1014.8,0,0,0,0,,
2021-07-17,22:45,19.7,18.3,92,WEST,16.1,22.5,1014.77,0,0,0,0,,
2021-07-17,23:00,19.6,18.3,92,WEST,17.7,24.1,1014.77,0,0,0,0,,
2021-07-17,23:15,19.6,18.3,93,WEST,14.5,29,1014.56,0,0,0,0,,
2021-07-17,23:30,19.6,18.3,93,WEST,27.4,27.4,1014.7,0,0,0,0,,
2021-07-17,23:45,19.4,18.3,93,WEST,11.3,25.7,1014.53,0,0,0,0,,
2021-07-17,OVR,,,,,,,,,,,,gustmax,64.4
2021-07-17,OVR,,,,,,,,,,,,rainrate_max,0
2021-07-17,OVR,,,,,,,,,,,,rain_total_mm,0
2021-07-17,OVR,,,,,,,,,,,,tmax,25.1
2021-07-17,OVR,,,,,,,,,,,,tmin,19.1
2021-07-17,OVR,,,,,,,,,,,,wind_dir_mean_deg,292.5
2021-07-18,00:00,19.4,18.3,93,WNW,14.5,27.4,1014.53,0,0,0,0,,
2021-07-18,00:15,19.4,18.3,93,WEST,17.7,30.6,1014.43,0,0,0,0,,
2021-07-18,00:30,19.3,18.3,94,WEST,22.5,29,1014.29,0,0,0,0,,
2021-07-18,00:45,19.3,18.3,94,WNW,16.1,32.2,1014.02,0,0,0,0,,
2021-07-18,01:00,19.3,18.3,94,WEST,16.1,30.6,1013.82,0,0,0,0,,
2021-07-18,01:15,19.3,18.3,94,WEST,19.3,27.4,1014.09,0,0,0,0,,
2021-07-18,01:30,19.4,18.3,94,WEST,12.9,25.7,1014.02,0,0,0,0,,
2021-07-18,01:45,19.4,18.3,94,WEST,25.7,29,1013.95,0,0,0,0,,
2021-07-18,02:00,19.3,18.3,94,WEST,14.5,27.4,1013.95,0,0,0,0,,
2021-07-18,02:15,19.2,17.8,94,WSW,4.8,22.5,1013.61,0,0,0,0,,
2021-07-18,02:30,19.1,17.8,94,WEST,20.9,25.7,1013.34,0,0,0,0,,
2021-07-18,02:45,19,17.8,94,WNW,12.9,27.4,1013.24,0,0,0,0,,
2021-07-18,03:00,18.9,17.8,94,WEST,12.9,22.5,1013.21,0,0,0,0,,
2021-07-18,03:15,18.9,17.8,94,WNW,12.9,22.5,1013.11,0,0,0,0,,
2021-07-18,03:30,18.7,17.8,94,WNW,6.4,22.5,1013,0,0,0,0,,
2021-07-18,03:45,18.6,17.2,94,WEST,6.4,19.3,1012.94,0,0,0,0,,
2021-07-18,04:00,18.6,17.2,94,WNW,6.4,14.5,1013.07,0,0,0,0,,
2021-07-18,04:15,18.8,17.8,93,WNW,12.9,19.3,1013.11,0,0,0,0,,
2021-07-18,04:30,18.9,17.8,94,WEST,16.1,30.6,1013.17,0,0,0,0,,
2021-07-18,04:45,19.1,17.8,94,WEST,9.7,20.9,1013,0,0,0,0,,
2021-07-18,05:00,19.1,17.8,94,WEST,9.7,29,1012.94,0,0,0,0,,
2021-07-18,05:15,19.1,17.8,94,WNW,11.3,27.4,1012.8,0,0,0,0,,
2021-07-18,05:30,19.1,17.8,94,WNW,14.5,27.4,1012.84,0,0,0,0,,
2021-07-18,05:45,19.2,18.3,95,WNW,20.9,32.2,1012.67,0,0,0,0,,
2021-07-18,06:00,19.2,18.3,95,WEST,9.7,24.1,1012.9,0,0,0,0,,
2021-07-18,06:15,19.2,18.3,95,WNW,17.7,24.1,1012.77,0,0,0,0,,
2021-07-18,06:30,19.2,18.3,95,WEST,19.3,27.4,1012.87,0,0,0,0,,
2021-07-18,06:45,19.2,18.3,95,WEST,6.4,25.7,1012.9,0,0,0,21,,
2021-07-18,07:00,19.2,18.3,95,WNW,19.3,20.9,1012.84,0,0,0,40,,
2021-07-18,07:15,19.3,18.3,95,WEST,9.7,22.5,1012.87,0,0,0,56,,
2021-07-18,07:30,19.4,18.3,95,WNW,9.7,24.1,1013.11,0,0,0,120,,
2021-07-18,07:45,19.7,18.9,95,WEST,16.1,22.5,1013,0,0,0,221,,
2021-07-18,08:00,19.9,18.9,94,WEST,19.3,25.7,1013,0,0,0,272,,
2021-07-18,08:15,20.3,18.9,92,WEST,17.7,24.1,1013.07,0,0,1,264,,
2021-07-18,08:30,20.8,18.9,90,WEST,19.3,27.4,1013.11,0,0,1,355,,
2021-07-18,08:45,21.2,18.9,88,WEST,14.5,25.7,1013.07,0,0,1,399,,
2021-07-18,09:00,21.8,18.9,86,WNW,8,22.5,1013.14,0,0,1,446,,
2021-07-18,09:15,22.2,18.9,82,WNW,25.7,24.1,1013.14,0,0,2,487,,
2021-07-18,09:30,22.4,18.9,80,WNW,20.9,38.6,1013.11,0,0,2,494,,
2021-07-18,09:45,23,18.9,77,WEST,19.3,32.2,1012.94,0,0,2,478,,
2021-07-18,10:00,23.1,18.9,78,WEST,17.7,37,1012.87,0,0,3,480,,
2021-07-18,10:15,23.4,18.3,75,WEST,16.1,30.6,1013.04,0,0,3,543,,
2021-07-18,10:30,24,18.9,74,WEST,17.7,30.6,1012.8,0,0,3,654,,
2021-07-18,10:45,24.2,18.9,73,WEST,24.1,33.8,1012.87,0,0,4,726,,
2021-07-18,11:00,24.5,19.4,73,WNW,17.7,33.8,1012.77,0,0,4,758,,
2021-07-18,11:15,24.9,19.4,72,WNW,22.5,40.2,1012.77,0,0,4,789,,
2021-07-18,11:30,25.1,18.9,69,WEST,12.9,37,1012.73,0,0,5,816,,
2021-07-18,11:45,25.4,19.4,69,WNW,17.7,29,1012.77,0,0,5,835,,
2021-07-18,12:00,25.4,18.9,68,WEST,27.4,41.8,1012.53,0,0,5,860,,
2021-07-18,12:15,25.8,18.9,65,WNW,22.5,40.2,1012.39,0,0,6,877,,
2021-07-18,12:30,25.7,18.9,66,WEST,30.6,38.6,1012.63,0,0,6,893,,
2021-07-18,12:45,26.1,18.9,64,WEST,22.5,37,1012.53,0,0,6,900,,
2021-07-18,13:00,25.9,18.3,63,WEST,27.4,41.8,1012.53,0,0,6,909,,
2021-07-18,13:15,25.8,18.3,64,NW,14.5,45.1,1012.46,0,0,6,916,,
2021-07-18,13:30,25.9,18.9,66,WEST,20.9,38.6,1012.33,0,0,6,911,,
2021-07-18,13:45,26.1,18.9,64,EAST,38.6,41.8,1012.29,0,0,6,912,,
2021-07-18,14:00,26,18.3,63,WEST,45.1,43.5,1012.16,0,0,6,905,,
2021-07-18,14:15,25.7,18.3,65,WEST,29,46.7,1012.16,0,0,6,895,,
2021-07-18,14:30,25.5,18.9,68,WEST,27.4,49.9,1011.92,0,0,6,877,,
2021-07-18,14:45,25.4,18.9,68,WEST,27.4,51.5,1011.82,0,0,5,856,,
2021-07-18,15:00,25.3,18.9,68,WSW,32.2,57.9,1011.92,0,0,5,840,,
2021-07-18,15:15,25.3,18.9,68,WNW,25.7,46.7,1011.82,0,0,5,814,,
2021-07-18,15:30,25.2,18.9,69,WEST,22.5,53.1,1011.72,0,0,5,791,,
2021-07-18,15:45,25,18.9,70,WEST,16.1,53.1,1011.65,0,0,4,761,,
2021-07-18,16:00,25.2,18.9,68,WNW,38.6,49.9,1011.55,0,0,4,729,,
2021-07-18,16:15,24.8,18.9,69,WEST,22.5,56.3,1011.68,0,0,4,696,,
2021-07-18,16:30,24.8,18.9,69,WEST,24.1,56.3,1011.72,0,0,3,659,,
2021-07-18,16:45,25,18.9,69,WEST,24.1,41.8,1011.92,0,0,3,624,,
2021-07-18,17:00,24.5,18.9,72,WNW,22.5,43.5,1011.92,0,0,3,577,,
2021-07-18,17:15,24.3,18.9,72,WNW,12.9,38.6,1011.99,0,0,2,534,,
2021-07-18,17:30,24,18.9,73,WEST,14.5,43.5,1012.06,0,0,1,468,,
2021-07-18,17:45,23.8,18.9,74,SSE,24.1,32.2,1011.99,0,0,1,169,,
2021-07-18,18:00,23.5,18.9,75,WEST,9.7,40.2,1011.95,0,0,1,111,,
2021-07-18,18:15,23.2,18.9,77,WEST,17.7,40.2,1011.82,0,0,1,95,,
2021-07-18,18:30,23.2,18.9,77,WNW,29,43.5,1011.68,0,0,1,304,,
2021-07-18,18:45,23.4,18.9,76,WEST,32.2,45.1,1011.58,0,0,1,255,,
2021-07-18,19:00,22.9,18.9,78,WEST,22.5,46.7,1011.65,0,0,0,211,,
2021-07-18,19:15,22.6,18.3,79,WNW,51.5,48.3,1011.51,0,0,0,158,,
2021-07-18,19:30,22.3,18.3,80,WNW,20.9,51.5,1011.48,0,0,0,114,,
2021-07-18,19:45,21.9,18.3,81,WNW,20.9,46.7,1011.55,0,0,0,62,,
2021-07-18,20:00,21.6,18.3,83,WEST,25.7,53.1,1011.85,0,0,0,23,,
2021-07-18,20:15,21.4,18.3,83,WEST,14.5,45.1,1011.65,0,0,0,19,,
2021-07-18,20:30,21.3,18.3,84,WEST,19.3,48.3,1012.02,0,0,0,14,,
2021-07-18,20:45,21.1,18.3,85,WNW,27.4,43.5,1012.19,0,0,0,0,,
2021-07-18,21:00,20.9,18.3,86,WEST,9.7,35.4,1012.26,0,0,0,0,,
2021-07-18,21:15,20.9,18.3,87,WEST,14.5,32.2,1012.39,0,0,0,0,,
2021-07-18,21:30,20.8,18.3,88,WNW,17.7,29,1012.46,0,0,0,0,,
2021-07-18,21:45,20.8,18.9,88,WEST,11.3,32.2,1012.46,0,0,0,0,,
2021-07-18,22:00,20.7,18.3,89,WEST,17.7,30.6,1012.6,0,0,0,0,,
2021-07-18,22:15,20.6,18.3,89,WNW,11.3,17.7,1012.63,0,0,0,0,,
2021-07-18,22:30,20.4,18.3,90,WEST,19.3,27.4,1012.6,0,0,0,0,,
2021-07-18,22:45,20.3,18.3,90,WNW,16.1,29,1012.53,0,0,0,0,,
2021-07-18,23:00,20.3,18.3,90,WEST,14.5,30.6,1012.63,0,0,0,0,,
2021-07-18,23:15,20.3,18.3,91,WNW,8,27.4,1012.43,0,0,0,0,,
2021-07-18,23:30,20.3,18.9,91,WEST,9.7,20.9,1012.53,0,0,0,0,,
2021-07-18,23:45,20.3,18.9,92,ENE,16.1,19.3,1012.73,0,0,0,0,,
2021-07-18,OVR,,,,,,,,,,,,gustmax,57.9
2021-07-18,OVR,,,,,,,,,,,,rainrate_max,0
2021-07-18,OVR,,,,,,,,,,,,rain_total_mm,0
2021-07-18,OVR,,,,,,,,,,,,tmax,26.3
2021-07-18,OVR,,,,,,,,,,,,tmin,18.6
2021-07-18,OVR,,,,,,,,,,,,wind_dir_mean_deg,292.5
2021-07-19,00:00,20.2,18.9,92,WEST,20.9,25.7,1012.97,0,0,0,0,,
2021-07-19,00:15,20.2,18.9,92,WEST,12.9,20.9,1012.9,0,0,0,0,,
2021-07-19,00:30,20.1,18.3,92,WEST,14.5,17.7,1012.77,0,0,0,0,,
2021-07-19,00:45,20.1,18.9,92,WEST,14.5,24.1,1012.7,0,0,0,0,,
2021-07-19,01:00,20.1,18.9,93,WNW,9.7,19.3,1012.6,0,0,0,0,,
2021-07-19,01:15,20.1,18.9,93,WNW,11.3,17.7,1012.43,0,0,0,0,,
2021-07-19,01:30,20,18.9,94,WEST,14.5,25.7,1012.5,0,0,0,0,,
2021-07-19,01:45,19.9,18.9,94,WNW,16.1,24.1,1012.43,0,0,0,0,,
2021-07-19,02:00,19.8,18.9,94,WEST,16.1,19.3,1012.33,0,0,0,0,,
2021-07-19,02:15,19.7,18.3,94,WEST,14.5,20.9,1012.29,0,0,0,0,,
2021-07-19,02:30,19.6,18.3,94,WNW,14.5,17.7,1012.02,0,0,0,0,,
2021-07-19,02:45,19.6,18.3,94,WNW,8,20.9,1012.09,0,0,0,0,,
2021-07-19,03:00,19.6,18.3,94,WNW,11.3,16.1,1012.02,0,0,0,0,,
2021-07-19,03:15,19.6,18.3,94,WNW,9.7,19.3,1012.02,0,0,0,0,,
2021-07-19,03:30,19.7,18.3,94,WEST,20.9,19.3,1012.12,0,0,0,0,,
2021-07-19,03:45,19.8,18.9,94,WEST,12.9,17.7,1012.16,0,0,0,0,,
2021-07-19,04:00,19.7,18.3,94,NW,12.9,19.3,1011.95,0,0,0,0,,
2021-07-19,04:15,19.6,18.3,94,WEST,14.5,17.7,1011.99,0,0,0,0,,
2021-07-19,04:30,19.4,18.3,93,WNW,8,16.1,1011.82,0,0,0,0,,
2021-07-19,04:45,19.3,17.8,93,WNW,11.3,12.9,1011.62,0,0,0,0,,
2021-07-19,05:00,19.2,17.8,92,WNW,6.4,11.3,1011.85,0,0,0,0,,
2021-07-19,05:15,19.5,18.3,93,NW,12.9,14.5,1011.65,0,0,0,0,,
2021-07-19,05:30,19.7,18.3,93,WNW,6.4,20.9,1011.82,0,0,0,0,,
2021-07-19,05:45,19.7,18.3,93,WEST,16.1,17.7,1011.65,0,0,0,0,,
2021-07-19,06:00,19.4,18.3,93,NW,3.2,16.1,1011.79,0,0,0,0,,
2021-07-19,06:15,19.2,17.8,93,NW,1.6,17.7,1011.82,0,0,0,0,,
2021-07-19,06:30,18.8,17.8,93,NW,1.6,4.8,1011.72,0,0,0,12,,
2021-07-19,06:45,18.7,17.2,93,NORTH,0,4.8,1011.85,0,0,0,32,,
2021-07-19,07:00,18.6,17.2,93,NW,4.8,4.8,1012.12,0,0,0,81,,
2021-07-19,07:15,18.8,17.8,93,NW,4.8,6.4,1011.95,0,0,0,97,,
2021-07-19,07:30,19.1,17.8,93,NW,3.2,8,1012.12,0,0,0,105,,
2021-07-19,07:45,19.2,17.8,92,NW,6.4,11.3,1012.33,0,0,0,130,,
2021-07-19,08:00,19.7,18.3,91,NW,4.8,11.3,1012.46,0,0,0,243,,
2021-07-19,08:15,20.3,18.3,90,WEST,11.3,8,1012.43,0,0,1,246,,
2021-07-19,08:30,20.6,18.3,89,WNW,4.8,20.9,1012.26,0,0,1,325,,
2021-07-19,08:45,20.9,18.9,89,WEST,14.5,24.1,1012.33,0,0,1,383,,
2021-07-19,09:00,21.7,19.4,87,WEST,17.7,20.9,1012.29,0,0,1,429,,
2021-07-19,09:15,22.1,19.4,85,WEST,16.1,22.5,1012.63,0,0,2,468,,
2021-07-19,09:30,22.8,19.4,82,WEST,14.5,17.7,1012.46,0,0,2,478,,
2021-07-19,09:45,23.4,20,81,SSW,3.2,16.1,1012.46,0,0,2,473,,
2021-07-19,10:00,24.6,20,77,WNW,9.7,12.9,1012.53,0,0,3,476,,
2021-07-19,10:15,24.8,19.4,73,SW,1.6,16.1,1012.43,0,0,3,536,,
2021-07-19,10:30,25.8,19.4,68,WNW,11.3,16.1,1012.67,0,0,3,657,,
2021-07-19,10:45,26.5,19.4,66,WNW,4.8,19.3,1012.53,0,0,4,719,,
2021-07-19,11:00,26.7,19.4,64,WEST,17.7,24.1,1012.53,0,0,4,751,,
2021-07-19,11:15,27.1,18.9,61,WSW,4.8,19.3,1012.43,0,0,4,780,,
2021-07-19,11:30,27.8,18.9,58,WSW,4.8,20.9,1012.33,0,0,5,810,,
2021-07-19,11:45,28.3,18.9,57,WEST,11.3,22.5,1012.46,0,0,5,830,,
2021-07-19,12:00,28.5,18.9,57,WSW,8,25.7,1012.43,0,0,5,842,,
2021-07-19,12:15,28.6,18.9,55,WEST,14.5,22.5,1012.5,0,0,6,861,,
2021-07-19,12:30,29.1,18.3,53,WEST,16.1,25.7,1012.12,0,0,6,884,,
2021-07-19,12:45,29.3,17.8,50,WEST,17.7,30.6,1012.26,0,0,6,898,,
2021-07-19,13:00,30.1,18.3,50,WNW,16.1,40.2,1012.02,0,0,6,909,,
2021-07-19,13:15,29.7,17.2,48,WEST,24.1,43.5,1012.02,0,0,6,907,,
2021-07-19,13:30,30,18.3,49,NW,8,40.2,1011.99,0,0,6,898,,
2021-07-19,13:45,29.9,16.7,46,WNW,22.5,33.8,1011.92,0,0,6,900,,
2021-07-19,14:00,29.9,16.7,46,WEST,17.7,43.5,1011.92,0,0,6,895,,
2021-07-19,14:15,29.8,17.8,49,WEST,17.7,45.1,1011.99,0,0,6,886,,
2021-07-19,14:30,29.7,17.2,48,WNW,25.7,40.2,1011.89,0,0,6,872,,
2021-07-19,14:45,28.8,17.8,51,WNW,19.3,48.3,1011.79,0,0,6,849,,
2021-07-19,15:00,28.9,18.3,52,WEST,22.5,46.7,1011.95,0,0,5,830,,
2021-07-19,15:15,28.6,16.7,50,WEST,38.6,37,1011.95,0,0,5,793,,
2021-07-19,15:30,28.3,16.7,50,WNW,11.3,40.2,1012.19,0,0,5,810,,
2021-07-19,15:45,28.5,16.7,49,WEST,17.7,43.5,1012.23,0,0,3,322,,
2021-07-19,16:00,27.1,16.7,54,WEST,22.5,37,1011.92,0,0,2,301,,
2021-07-19,16:15,27.6,16.1,51,WEST,16.1,40.2,1012.02,0,0,3,499,,
2021-07-19,16:30,27.8,16.1,49,WEST,19.3,41.8,1011.95,0,0,4,712,,
2021-07-19,16:45,27.8,15,47,WEST,20.9,43.5,1012.02,0,0,3,624,,
2021-07-19,17:00,28,16.7,51,WEST,19.3,35.4,1011.92,0,0,3,573,,
2021-07-19,17:15,27.7,16.7,52,WNW,27.4,41.8,1012.09,0,0,2,533,,
2021-07-19,17:30,27.4,17.2,54,WNW,16.1,38.6,1012.23,0,0,2,496,,
2021-07-19,17:45,27.3,17.8,57,WNW,12.9,37,1012.26,0,0,2,448,,
2021-07-19,18:00,27,17.8,58,WNW,24.1,35.4,1012.26,0,0,1,406,,
2021-07-19,18:15,26.7,18.3,61,WEST,11.3,24.1,1012.46,0,0,1,455,,
2021-07-19,18:30,26.3,18.3,61,WEST,4.8,24.1,1012.84,0,0,1,373,,
2021-07-19,18:45,26.3,17.8,61,WNW,4.8,20.9,1012.84,0,0,1,146,,
2021-07-19,19:00,25.8,17.8,62,SOUTH,3.2,17.7,1012.9,0,0,0,76,,
2021-07-19,19:15,25.6,18.3,65,SOUTH,8,16.1,1013,0,0,0,63,,
2021-07-19,19:30,25.1,18.9,68,WEST,3.2,14.5,1013.34,0,0,0,69,,
2021-07-19,19:45,25.2,18.3,67,SW,1.6,8,1013.17,0,0,0,97,,
2021-07-19,20:00,24.9,18.9,69,SSW,3.2,12.9,1013.17,0,0,0,42,,
2021-07-19,20:15,24.7,18.9,70,SOUTH,3.2,9.7,1013.28,0,0,0,25,,
2021-07-19,20:30,24.4,18.9,71,SOUTH,3.2,8,1013.48,0,0,0,14,,
2021-07-19,20:45,24.1,18.9,72,NORTH,0,3.2,1013.75,0,0,0,0,,
2021-07-19,21:00,23.9,18.9,73,NORTH,0,6.4,1013.82,0,0,0,0,,
2021-07-19,21:15,23.4,18.3,74,NORTH,0,4.8,1013.75,0,0,0,0,,
2021-07-19,21:30,22.9,18.3,75,SW,3.2,3.2,1013.99,0,0,0,0,,
2021-07-19,21:45,22.8,18.3,76,SSW,3.2,4.8,1014.33,0,0,0,0,,
2021-07-19,22:00,22.9,18.3,75,SSW,1.6,4.8,1014.53,0,0,0,0,,
2021-07-19,22:15,22.4,17.8,76,SSW,3.2,4.8,1014.63,0,0,0,0,,
2021-07-19,22:30,22,17.8,77,NORTH,0,4.8,1014.63,0,0,0,0,,
2021-07-19,22:45,21.7,17.2,77,SSW,3.2,4.8,1014.87,0,0,0,0,,
2021-07-19,23:00,21.7,17.8,78,SSW,3.2,4.8,1014.83,0,0,0,0,,
2021-07-19,23:15,22,17.8,77,SOUTH,3.2,4.8,1014.77,0,0,0,0,,
2021-07-19,23:30,21.9,17.8,78,SOUTH,3.2,4.8,1014.77,0,0,0,0,,
2021-07-19,23:45,21.4,17.8,81,SOUTH,3.2,6.4,1014.56,0,0,0,0,,
2021-07-19,OVR,,,,,,,,,,,,gustmax,48.3
2021-07-19,OVR,,,,,,,,,,,,rainrate_max,0
2021-07-19,OVR,,,,,,,,,,,,rain_total_mm,0
2021-07-19,OVR,,,,,,,,,,,,tmax,30.1
2021-07-19,OVR,,,,,,,,,,,,tmin,18.6
2021-07-19,OVR,,,,,,,,,,,,wind_dir_mean_deg,292.5
2021-07-20,00:00,21.6,17.8,81,SOUTH,3.2,4.8,1014.7,0,0,0,0,,
2021-07-20,00:15,21.3,17.8,81,SOUTH,3.2,4.8,1014.83,0,0,0,0,,
2021-07-20,00:30,21.3,17.8,80,SOUTH,3.2,4.8,1014.77,0,0,0,0,,
2021-07-20,00:45,21.4,17.8,80,SOUTH,3.2,4.8,1014.87,0,0,0,0,,
2021-07-20,01:00,20.8,17.2,80,SOUTH,3.2,4.8,1014.9,0,0,0,0,,
2021-07-20,01:15,20.5,17.2,82,SOUTH,3.2,4.8,1014.87,0,0,0,0,,
2021-07-20,01:30,20.7,17.2,82,SOUTH,1.6,3.2,1014.87,0,0,0,0,,
2021-07-20,01:45,20.9,17.8,83,SE,4.8,6.4,1014.77,0,0,0,0,,
2021-07-20,02:00,21.4,18.3,82,SE,3.2,6.4,1014.87,0,0,0,0,,
2021-07-20,02:15,21.6,18.3,82,SE,3.2,6.4,1014.77,0,0,0,0,,
2021-07-20,02:30,20.9,17.8,83,SE,3.2,4.8,1014.7,0,0,0,0,,
2021-07-20,02:45,20.9,18.3,85,SE,1.6,4.8,1014.56,0,0,0,0,,
2021-07-20,03:00,20.9,17.8,83,ESE,4.8,9.7,1014.36,0,0,0,0,,
2021-07-20,03:15,21,17.8,82,NORTH,0,1.6,1014.49,0,0,0,0,,
2021-07-20,03:30,21,17.8,83,ESE,3.2,4.8,1014.46,0,0,0,0,,
2021-07-20,03:45,21.3,17.8,80,ESE,4.8,4.8,1014.63,0,0,0,0,,
2021-07-20,04:00,20.7,17.2,81,ESE,3.2,4.8,1014.46,0,0,0,0,,
2021-07-20,04:15,20.8,17.2,81,ESE,1.6,3.2,1014.49,0,0,0,0,,
2021-07-20,04:30,20.8,17.2,82,ESE,1.6,3.2,1014.46,0,0,0,0,,
2021-07-20,04:45,20.8,17.2,81,ESE,3.2,3.2,1014.36,0,0,0,0,,
2021-07-20,05:00,20.8,17.2,82,NORTH,0,4.8,1014.43,0,0,0,0,,
2021-07-20,05:15,20.1,16.7,83,NORTH,0,1.6,1014.46,0,0,0,0,,
2021-07-20,05:30,20.3,17.2,83,ESE,3.2,4.8,1014.46,0,0,0,0,,
2021-07-20,05:45,20.8,17.2,81,ESE,4.8,4.8,1014.49,0,0,0,0,,
2021-07-20,06:00,20.9,17.2,79,ESE,3.2,6.4,1014.63,0,0,0,0,,
2021-07-20,06:15,20.2,16.7,80,ESE,1.6,3.2,1014.63,0,0,0,0,,
2021-07-20,06:30,21.1,16.7,77,ESE,1.6,3.2,1014.77,0,0,0,12,,
2021-07-20,06:45,21.1,16.7,76,ESE,3.2,3.2,1014.66,0,0,0,37,,
2021-07-20,07:00,21.2,16.7,76,ESE,3.2,3.2,1014.8,0,0,0,69,,
2021-07-20,07:15,22.4,17.2,73,NORTH,0,1.6,1015.07,0,0,0,102,,
2021-07-20,07:30,22.1,17.2,75,ESE,1.6,3.2,1015.17,0,0,0,160,,
2021-07-20,07:45,22.2,17.8,77,ESE,1.6,1.6,1015.34,0,0,0,206,,
2021-07-20,08:00,22.8,17.8,74,ESE,1.6,3.2,1015.61,0,0,0,250,,
2021-07-20,08:15,23.5,17.8,71,ESE,3.2,4.8,1015.75,0,0,1,241,,
2021-07-20,08:30,24.2,17.8,68,ESE,3.2,3.2,1015.92,0,0,1,338,,
2021-07-20,08:45,25,17.8,66,ESE,1.6,4.8,1016.12,0,0,1,390,,
2021-07-20,09:00,25.5,17.8,64,ESE,3.2,6.4,1016.12,0,0,1,434,,
2021-07-20,09:15,25.9,17.8,62,WNW,4.8,6.4,1016.12,0,0,2,473,,
2021-07-20,09:30,26.6,17.8,60,WNW,4.8,8,1016.19,0,0,2,476,,
2021-07-20,09:45,27.3,18.3,59,WNW,3.2,11.3,1016.12,0,0,2,462,,
2021-07-20,10:00,27.8,18.3,57,SSW,1.6,9.7,1016.36,0,0,3,480,,
2021-07-20,10:15,27.6,16.7,53,WNW,1.6,6.4,1016.39,0,0,3,552,,
2021-07-20,10:30,27.8,17.2,52,SSE,1.6,8,1016.39,0,0,3,661,,
2021-07-20,10:45,28.7,17.2,50,SSE,1.6,9.7,1016.49,0,0,4,722,,
2021-07-20,11:00,29.1,16.7,47,SSW,3.2,14.5,1016.49,0,0,4,758,,
2021-07-20,11:15,29,15.6,45,NW,1.6,16.1,1016.49,0,0,5,786,,
2021-07-20,11:30,29.7,16.1,45,WEST,3.2,16.1,1016.53,0,0,5,810,,
2021-07-20,11:45,29.9,16.7,44,WNW,11.3,20.9,1016.53,0,0,5,837,,
2021-07-20,12:00,30.2,16.7,45,SW,4.8,22.5,1016.53,0,0,5,856,,
2021-07-20,12:15,30.5,16.1,43,NORTH,0,20.9,1016.49,0,0,6,874,,
2021-07-20,12:30,30.8,16.7,43,WEST,14.5,20.9,1016.32,0,0,6,891,,
2021-07-20,12:45,30.8,16.7,43,WEST,16.1,27.4,1016.09,0,0,6,900,,
2021-07-20,13:00,31.2,16.1,41,WEST,14.5,24.1,1016.22,0,0,6,907,,
2021-07-20,13:15,31.7,16.1,39,WEST,16.1,24.1,1016.12,0,0,6,911,,
2021-07-20,13:30,31.4,15.6,39,WNW,11.3,30.6,1016.12,0,0,6,911,,
2021-07-20,13:45,31.7,15.6,39,WEST,20.9,38.6,1016.02,0,0,6,909,,
2021-07-20,14:00,30.9,16.1,41,WEST,19.3,43.5,1016.09,0,0,6,904,,
2021-07-20,14:15,31.1,16.1,41,WEST,16.1,40.2,1015.98,0,0,6,895,,
2021-07-20,14:30,30.8,15.6,41,WNW,29,45.1,1015.78,0,0,6,879,,
2021-07-20,14:45,30.9,16.7,43,WEST,20.9,38.6,1015.68,0,0,6,867,,
2021-07-20,15:00,30.6,16.1,42,WEST,19.3,41.8,1015.82,0,0,6,844,,
2021-07-20,15:15,30.3,15.6,42,WEST,32.2,40.2,1016.02,0,0,5,823,,
2021-07-20,15:30,29.9,17.2,47,WEST,14.5,41.8,1016.09,0,0,5,795,,
2021-07-20,15:45,29.1,17.2,48,WEST,12.9,40.2,1016.32,0,0,5,763,,
2021-07-20,16:00,28.8,17.2,50,WEST,25.7,41.8,1016.22,0,0,4,733,,
2021-07-20,16:15,28.6,17.8,53,WEST,16.1,35.4,1016.42,0,0,4,710,,
2021-07-20,16:30,28.1,18.3,57,WEST,17.7,37,1016.19,0,0,3,652,,
2021-07-20,16:45,27.8,18.9,58,WEST,19.3,37,1016.32,0,0,3,622,,
2021-07-20,17:00,27.8,18.3,56,WEST,17.7,38.6,1016.36,0,0,3,582,,
2021-07-20,17:15,28.5,17.8,53,WEST,22.5,27.4,1016.49,0,0,2,541,,
2021-07-20,17:30,28.3,18.3,54,WEST,20.9,27.4,1016.53,0,0,2,494,,
2021-07-20,17:45,28,18.3,56,WEST,20.9,41.8,1016.42,0,0,2,457,,
2021-07-20,18:00,27.7,18.3,58,WNW,24.1,35.4,1016.7,0,0,2,457,,
2021-07-20,18:15,27.3,18.3,59,WEST,19.3,25.7,1016.53,0,0,1,352,,
2021-07-20,18:30,27.2,18.3,59,WEST,20.9,33.8,1016.63,0,0,1,353,,
2021-07-20,18:45,27,18.3,59,WNW,12.9,35.4,1016.93,0,0,1,323,,
2021-07-20,19:00,26.8,17.8,59,WNW,12.9,32.2,1017,0,0,0,297,,
2021-07-20,19:15,26.7,18.3,61,WNW,9.7,30.6,1017.1,0,0,0,223,,
2021-07-20,19:30,26.4,18.9,64,WEST,9.7,27.4,1017.24,0,0,0,167,,
2021-07-20,19:45,25.9,18.9,66,WEST,17.7,19.3,1017.24,0,0,0,93,,
2021-07-20,20:00,25.7,18.3,64,WEST,4.8,20.9,1017.58,0,0,0,46,,
2021-07-20,20:15,25.3,17.8,63,WEST,4.8,19.3,1017.61,0,0,0,25,,
2021-07-20,20:30,24.8,17.8,65,WEST,12.9,19.3,1017.71,0,0,0,14,,
2021-07-20,20:45,24.3,17.8,67,WEST,12.9,17.7,1017.61,0,0,0,0,,
2021-07-20,21:00,23.8,17.2,68,WNW,8,14.5,1018.12,0,0,0,0,,
2021-07-20,21:15,23.4,17.2,70,WNW,11.3,14.5,1017.95,0,0,0,0,,
2021-07-20,21:30,23.4,17.8,70,WEST,11.3,14.5,1018.22,0,0,0,0,,
2021-07-20,21:45,23.1,17.8,73,WEST,6.4,12.9,1018.32,0,0,0,0,,
2021-07-20,22:00,22.7,18.3,78,WEST,1.6,16.1,1018.63,0,0,0,0,,
2021-07-20,22:15,22.4,18.9,81,WEST,4.8,14.5,1018.76,0,0,0,0,,
2021-07-20,22:30,22.1,18.9,83,WEST,9.7,11.3,1018.8,0,0,0,0,,
2021-07-20,22:45,22,18.9,83,NORTH,0,11.3,1019.03,0,0,0,0,,
2021-07-20,23:00,22,18.9,84,WNW,6.4,6.4,1019.03,0,0,0,0,,
2021-07-20,23:15,21.8,18.9,84,WEST,4.8,12.9,1019.13,0,0,0,0,,
2021-07-20,23:30,21.8,18.9,85,NORTH,0,16.1,1019.34,0,0,0,0,,
2021-07-20,23:45,21.7,18.9,86,WEST,11.3,12.9,1019.17,0,0,0,0,,
2021-07-20,OVR,,,,,,,,,,,,gustmax,46.7
2021-07-20,OVR,,,,,,,,,,,,rainrate_max,0
2021-07-20,OVR,,,,,,,,,,,,rain_total_mm,0
2021-07-20,OVR,,,,,,,,,,,,tmax,31.7
2021-07-20,OVR,,,,,,,,,,,,tmin,19.9
2021-07-20,OVR,,,,,,,,,,,,wind_dir_mean_deg,270
2021-07-21,00:00,21.7,19.4,87,WNW,6.4,9.7,1019.17,0,0,0,0,,
2021-07-21,00:15,21.7,19.4,87,WNW,4.8,6.4,1019.37,0,0,0,0,,
2021-07-21,00:30,21.7,19.4,88,WNW,1.6,9.7,1019.3,0,0,0,0,,
2021-07-21,00:45,21.6,19.4,88,WNW,3.2,11.3,1019.2,0,0,0,0,,
2021-07-21,01:00,21.1,18.9,89,NORTH,0,4.8,1019.1,0,0,0,0,,
2021-07-21,01:15,21.4,19.4,89,WNW,1.6,9.7,1019.03,0,0,0,0,,
2021-07-21,01:30,21.3,19.4,90,WNW,4.8,6.4,1019.03,0,0,0,0,,
2021-07-21,01:45,21.1,18.9,89,NORTH,0,9.7,1018.96,0,0,0,0,,
2021-07-21,02:00,21.2,18.9,89,NORTH,0,3.2,1018.8,0,0,0,0,,
2021-07-21,02:15,20.4,18.3,90,WNW,1.6,3.2,1018.76,0,0,0,0,,
2021-07-21,02:30,20.4,18.3,90,WNW,1.6,3.2,1018.49,0,0,0,0,,
2021-07-21,02:45,20.3,18.3,90,WNW,3.2,3.2,1018.42,0,0,0,0,,
2021-07-21,03:00,21,18.3,86,WNW,1.6,3.2,1018.42,0,0,0,0,,
2021-07-21,03:15,21.2,17.8,82,WNW,1.6,3.2,1018.39,0,0,0,0,,
2021-07-21,03:30,21.3,17.8,80,WNW,1.6,3.2,1018.35,0,0,0,0,,
2021-07-21,03:45,20.6,17.2,82,NORTH,0,1.6,1018.35,0,0,0,0,,
2021-07-21,04:00,20.8,18.3,86,WNW,1.6,6.4,1018.39,0,0,0,0,,
2021-07-21,04:15,20.3,17.8,87,NORTH,0,3.2,1018.25,0,0,0,0,,
2021-07-21,04:30,20.7,18.3,89,WNW,1.6,3.2,1018.29,0,0,0,0,,
2021-07-21,04:45,20.6,18.9,90,NORTH,0,1.6,1018.39,0,0,0,0,,
2021-07-21,05:00,20.4,18.9,91,WNW,3.2,3.2,1018.39,0,0,0,0,,
2021-07-21,05:15,20.4,18.3,89,WNW,3.2,4.8,1018.46,0,0,0,0,,
2021-07-21,05:30,21.2,17.8,82,EAST,3.2,8,1018.46,0,0,0,0,,
2021-07-21,05:45,23.3,17.8,72,NORTH,1.6,6.4,1018.56,0,0,0,0,,
2021-07-21,06:00,23.2,17.2,71,NORTH,1.6,6.4,1018.73,0,0,0,0,,
2021-07-21,06:15,22.9,17.8,72,NNE,3.2,6.4,1018.59,0,0,0,0,,
2021-07-21,06:30,22.3,17.2,73,NE,4.8,6.4,1018.63,0,0,0,12,,
2021-07-21,06:45,22.8,17.2,72,NORTH,0,6.4,1018.66,0,0,0,33,,
2021-07-21,07:00,21.9,17.2,75,ESE,1.6,3.2,1018.96,0,0,0,63,,
2021-07-21,07:15,22.4,17.2,74,ESE,4.8,4.8,1019.24,0,0,0,98,,
2021-07-21,07:30,23.5,17.8,71,NORTH,0,6.4,1019.24,0,0,0,155,,
2021-07-21,07:45,24.6,17.2,65,ESE,1.6,4.8,1019.3,0,0,0,200,,
2021-07-21,08:00,24.8,18.3,67,NORTH,0,3.2,1019.37,0,0,0,248,,
2021-07-21,08:15,25.7,16.7,58,ESE,1.6,6.4,1019.57,0,0,1,239,,
2021-07-21,08:30,26.3,17.2,57,NNE,1.6,4.8,1019.81,0,0,1,341,,
2021-07-21,08:45,26.2,17.8,61,NORTH,4.8,6.4,1020.22,0,0,1,383,,
2021-07-21,09:00,26.8,17.8,58,NORTH,1.6,4.8,1020.25,0,0,1,427,,
2021-07-21,09:15,27.4,17.2,55,SE,3.2,11.3,1020.22,0,0,2,471,,
2021-07-21,09:30,27.8,17.2,53,SE,3.2,9.7,1020.25,0,0,2,476,,
2021-07-21,09:45,28.3,17.2,52,SE,3.2,11.3,1020.22,0,0,2,468,,
2021-07-21,10:00,28.8,17.8,51,SE,8,11.3,1020.25,0,0,3,476,,
2021-07-21,10:15,29.4,17.2,49,SSE,4.8,14.5,1020.29,0,0,3,541,,
2021-07-21,10:30,29.6,16.1,44,SSE,3.2,14.5,1020.18,0,0,3,656,,
2021-07-21,10:45,29.8,16.1,44,ESE,4.8,12.9,1020.22,0,0,4,717,,
2021-07-21,11:00,30.1,16.1,43,SSE,6.4,14.5,1020.32,0,0,4,752,,
2021-07-21,11:15,30.2,16.1,43,SSE,6.4,14.5,1020.35,0,0,4,780,,
2021-07-21,11:30,30.9,16.1,42,ESE,9.7,12.9,1020.35,0,0,5,807,,
2021-07-21,11:45,30.7,16.1,42,EAST,6.4,14.5,1020.35,0,0,5,830,,
2021-07-21,12:00,31.3,16.7,41,SE,4.8,14.5,1020.42,0,0,5,849,,
2021-07-21,12:15,31.6,16.7,40,SE,1.6,17.7,1020.25,0,0,5,867,,
2021-07-21,12:30,32.3,16.7,39,SW,3.2,19.3,1020.32,0,0,6,879,,
2021-07-21,12:45,31.8,17.8,43,WNW,20.9,27.4,1020.25,0,0,6,891,,
2021-07-21,13:00,31.3,17.8,45,WNW,25.7,40.2,1020.18,0,0,6,912,,
2021-07-21,13:15,31.5,16.7,42,WEST,24.1,33.8,1020.12,0,0,6,911,,
2021-07-21,13:30,31.4,16.7,42,WEST,12.9,32.2,1020.12,0,0,6,912,,
2021-07-21,13:45,31.2,16.1,41,WEST,30.6,38.6,1020.12,0,0,6,907,,
2021-07-21,14:00,31.3,15,38,WEST,37,30.6,1020.08,0,0,6,900,,
2021-07-21,14:15,31.3,15.6,39,NW,25.7,41.8,1019.91,0,0,6,893,,
2021-07-21,14:30,31.2,15.6,39,WNW,20.9,37,1019.88,0,0,6,886,,
2021-07-21,14:45,31.3,13.9,35,WNW,29,41.8,1020.08,0,0,5,863,,
2021-07-21,15:00,31.2,13.9,35,WEST,22.5,43.5,1019.81,0,0,5,840,,
2021-07-21,15:15,31.3,14.4,36,WEST,25.7,40.2,1019.84,0,0,5,823,,
2021-07-21,15:30,30.9,15.6,40,WEST,25.7,48.3,1019.81,0,0,5,791,,
2021-07-21,15:45,30.6,16.7,44,WEST,38.6,43.5,1019.91,0,0,4,766,,
2021-07-21,16:00,29.8,17.2,47,WNW,38.6,48.3,1019.88,0,0,4,738,,
2021-07-21,16:15,29.9,16.1,44,WEST,29,48.3,1019.81,0,0,4,708,,
2021-07-21,16:30,29.8,15.6,43,WEST,14.5,45.1,1019.64,0,0,3,671,,
2021-07-21,16:45,30.1,16.1,43,WNW,30.6,41.8,1020.15,0,0,3,626,,
2021-07-21,17:00,29.6,16.1,45,WEST,19.3,45.1,1020.18,0,0,3,582,,
2021-07-21,17:15,29.4,16.7,47,WNW,19.3,40.2,1020.01,0,0,2,541,,
2021-07-21,17:30,29.7,17.2,47,WNW,20.9,32.2,1020.22,0,0,2,496,,
2021-07-21,17:45,29.4,16.7,47,WNW,24.1,33.8,1020.15,0,0,2,446,,
2021-07-21,18:00,29.3,17.2,49,WEST,17.7,32.2,1020.12,0,0,1,401,,
2021-07-21,18:15,29.1,17.8,51,WEST,14.5,32.2,1020.05,0,0,1,346,,
2021-07-21,18:30,28.9,17.8,51,WEST,17.7,30.6,1020.29,0,0,1,301,,
2021-07-21,18:45,28.8,16.7,49,WEST,19.3,29,1020.12,0,0,1,257,,
2021-07-21,19:00,28.4,17.2,50,WEST,22.5,32.2,1020.08,0,0,0,207,,
2021-07-21,19:15,27.8,17.8,54,EAST,16.1,30.6,1020.25,0,0,0,158,,
2021-07-21,19:30,27.3,17.8,56,EAST,32.2,30.6,1020.32,0,0,0,111,,
2021-07-21,19:45,26.9,17.8,58,WEST,11.3,29,1020.35,0,0,0,72,,
2021-07-21,20:00,26.6,17.2,57,WEST,16.1,29,1020.42,0,0,0,40,,
2021-07-21,20:15,26.1,17.8,60,WEST,11.3,32.2,1020.69,0,0,0,21,,
2021-07-21,20:30,25.4,17.8,63,SW,1.6,24.1,1020.56,0,0,0,12,,
2021-07-21,20:45,24.8,17.8,65,WNW,6.4,14.5,1020.76,0,0,0,0,,
2021-07-21,21:00,24.4,17.8,68,WEST,6.4,20.9,1020.83,0,0,0,0,,
2021-07-21,21:15,23.9,18.3,71,WNW,3.2,14.5,1020.89,0,0,0,0,,
2021-07-21,21:30,23.4,18.3,74,NORTH,0,6.4,1020.89,0,0,0,0,,
2021-07-21,21:45,23.2,18.9,78,WEST,1.6,9.7,1021.13,0,0,0,0,,
2021-07-21,22:00,22.9,18.9,80,NORTH,0,16.1,1021.1,0,0,0,0,,
2021-07-21,22:15,22.6,19.4,83,WNW,1.6,6.4,1021.1,0,0,0,0,,
2021-07-21,22:30,22.6,20,85,WNW,4.8,12.9,1021.1,0,0,0,0,,
2021-07-21,22:45,22.2,19.4,86,NORTH,0,9.7,1021.06,0,0,0,0,,
2021-07-21,23:00,22.2,20,87,WNW,9.7,12.9,1021.13,0,0,0,0,,
2021-07-21,23:15,22.1,20,88,WNW,3.2,8,1021.23,0,0,0,0,,
2021-07-21,23:30,21.8,19.4,89,WNW,3.2,8,1020.93,0,0,0,0,,
2021-07-21,23:45,21.3,19.4,89,NORTH,0,4.8,1021.2,0,0,0,0,,
2021-07-21,OVR,,,,,,,,,,,,gustmax,53.1
2021-07-21,OVR,,,,,,,,,,,,rainrate_max,0
2021-07-21,OVR,,,,,,,,,,,,rain_total_mm,0
2021-07-21,OVR,,,,,,,,,,,,tmax,32.4
2021-07-21,OVR,,,,,,,,,,,,tmin,20.2
2021-07-21,OVR,,,,,,,,,,,,wind_dir_mean_deg,292.5
2021-07-22,00:00,21.3,19.4,90,WNW,1.6,3.2,1021.06,0,0,0,0,,
2021-07-22,00:15,21.1,19.4,90,NORTH,0,1.6,1021.06,0,0,0,0,,
2021-07-22,00:30,20.8,18.9,90,WNW,1.6,4.8,1020.96,0,0,0,0,,
2021-07-22,00:45,20.9,19.4,91,WNW,1.6,3.2,1020.96,0,0,0,0,,
2021-07-22,01:00,21.1,19.4,90,NORTH,0,3.2,1021.03,0,0,0,0,,
2021-07-22,01:15,20.7,18.9,90,NORTH,0,3.2,1020.76,0,0,0,0,,
2021-07-22,01:30,20.6,18.9,91,WNW,1.6,3.2,1020.62,0,0,0,0,,
2021-07-22,01:45,20.1,18.3,91,WNW,3.2,4.8,1020.39,0,0,0,0,,
2021-07-22,02:00,20.3,18.3,90,NORTH,0,4.8,1020.42,0,0,0,0,,
2021-07-22,02:15,19.8,17.8,89,WNW,1.6,3.2,1020.15,0,0,0,0,,
2021-07-22,02:30,19.7,17.8,89,WNW,1.6,3.2,1020.22,0,0,0,0,,
2021-07-22,02:45,20.7,17.8,85,WNW,3.2,3.2,1020.29,0,0,0,0,,
2021-07-22,03:00,21.6,16.7,76,WNW,1.6,3.2,1020.18,0,0,0,0,,
2021-07-22,03:15,22.3,16.7,71,WNW,1.6,3.2,1020.05,0,0,0,0,,
2021-07-22,03:30,22.1,16.7,72,WNW,1.6,3.2,1019.98,0,0,0,0,,
2021-07-22,03:45,22.6,16.1,67,WNW,1.6,3.2,1019.81,0,0,0,0,,
2021-07-22,04:00,21.3,16.1,73,NORTH,0,1.6,1019.81,0,0,0,0,,
2021-07-22,04:15,20.4,16.1,77,WNW,1.6,3.2,1019.88,0,0,0,0,,
2021-07-22,04:30,20.3,16.1,77,NORTH,0,3.2,1019.71,0,0,0,0,,
2021-07-22,04:45,20.3,16.1,79,NORTH,0,1.6,1019.74,0,0,0,0,,
2021-07-22,05:00,20.3,16.1,78,WNW,1.6,4.8,1019.78,0,0,0,0,,
2021-07-22,05:15,20.5,16.1,76,WNW,1.6,4.8,1019.78,0,0,0,0,,
2021-07-22,05:30,20.4,16.1,77,NORTH,0,3.2,1019.88,0,0,0,0,,
2021-07-22,05:45,20.5,15.6,75,NORTH,0,1.6,1019.74,0,0,0,0,,
2021-07-22,06:00,20.2,15.6,77,WNW,1.6,4.8,1019.88,0,0,0,0,,
2021-07-22,06:15,20.5,16.1,76,WNW,1.6,4.8,1020.08,0,0,0,0,,
2021-07-22,06:30,21,16.1,74,WNW,1.6,3.2,1020.25,0,0,0,11,,
2021-07-22,06:45,21.8,16.1,71,NORTH,0,3.2,1020.29,0,0,0,33,,
2021-07-22,07:00,21.3,16.1,72,NORTH,0,3.2,1020.39,0,0,0,65,,
2021-07-22,07:15,22.1,16.1,69,NORTH,0,3.2,1020.45,0,0,0,104,,
2021-07-22,07:30,21.9,16.1,71,NORTH,0,1.6,1020.59,0,0,0,156,,
2021-07-22,07:45,22,16.7,71,NORTH,0,1.6,1020.59,0,0,0,204,,
2021-07-22,08:00,22.6,16.7,69,WNW,1.6,3.2,1020.62,0,0,0,251,,
2021-07-22,08:15,23.6,16.7,67,NORTH,0,1.6,1020.62,0,0,1,241,,
2021-07-22,08:30,24.5,16.1,61,NORTH,0,1.6,1020.76,0,0,1,346,,
2021-07-22,08:45,25.2,16.7,60,NORTH,0,3.2,1020.66,0,0,1,390,,
2021-07-22,09:00,25.8,17.2,59,WNW,1.6,3.2,1020.73,0,0,1,436,,
2021-07-22,09:15,26.2,16.7,57,WNW,4.8,8,1020.69,0,0,2,468,,
2021-07-22,09:30,26.4,16.7,56,NW,4.8,11.3,1020.52,0,0,2,469,,
2021-07-22,09:45,26.9,16.7,54,NW,4.8,8,1020.52,0,0,2,457,,
2021-07-22,10:00,27.8,15.6,48,WNW,11.3,12.9,1020.56,0,0,3,483,,
2021-07-22,10:15,28.1,16.1,49,WEST,12.9,17.7,1020.56,0,0,3,575,,
2021-07-22,10:30,28.6,16.7,50,WEST,14.5,16.1,1020.45,0,0,3,675,,
2021-07-22,10:45,28.8,16.7,48,WEST,12.9,19.3,1020.52,0,0,4,728,,
2021-07-22,11:00,28.8,17.2,49,WNW,8,22.5,1020.69,0,0,4,761,,
2021-07-22,11:15,28.6,17.2,50,WNW,1.6,25.7,1020.73,0,0,4,789,,
2021-07-22,11:30,29.4,18.3,51,WNW,11.3,20.9,1020.79,0,0,5,816,,
2021-07-22,11:45,29.8,18.3,50,WNW,11.3,24.1,1020.73,0,0,5,842,,
2021-07-22,12:00,30.1,17.8,49,WEST,14.5,25.7,1020.56,0,0,5,861,,
2021-07-22,12:15,30.6,17.2,44,WEST,9.7,24.1,1020.62,0,0,6,877,,
2021-07-22,12:30,30.8,17.2,44,NW,14.5,24.1,1020.49,0,0,6,889,,
2021-07-22,12:45,30.9,15.6,40,WNW,12.9,29,1020.66,0,0,6,900,,
2021-07-22,13:00,30.9,16.1,41,WSW,12.9,32.2,1020.62,0,0,6,909,,
2021-07-22,13:15,31.1,16.1,41,WEST,14.5,30.6,1020.49,0,0,6,909,,
2021-07-22,13:30,31.3,15.6,39,WEST,20.9,30.6,1020.22,0,0,6,912,,
2021-07-22,13:45,31.4,16.1,39,WEST,22.5,37,1020.05,0,0,6,909,,
2021-07-22,14:00,31.5,15.6,39,WEST,19.3,37,1020.01,0,0,6,900,,
2021-07-22,14:15,31.7,15.6,38,WEST,17.7,41.8,1019.91,0,0,6,895,,
2021-07-22,14:30,31.3,15,38,WEST,20.9,41.8,1020.01,0,0,6,882,,
2021-07-22,14:45,31.3,13.9,35,WEST,29,37,1019.88,0,0,6,872,,
2021-07-22,15:00,31.1,14.4,37,WEST,25.7,41.8,1020.05,0,0,5,847,,
2021-07-22,15:15,31,14.4,37,WEST,35.4,41.8,1019.98,0,0,5,824,,
2021-07-22,15:30,30.7,14.4,38,WNW,12.9,41.8,1019.47,0,0,5,796,,
2021-07-22,15:45,30.8,14.4,37,WNW,11.3,37,1019.4,0,0,5,768,,
2021-07-22,16:00,30.9,14.4,37,WEST,25.7,45.1,1019.37,0,0,4,737,,
2021-07-22,16:15,30.8,14.4,38,WNW,33.8,46.7,1019.3,0,0,4,703,,
2021-07-22,16:30,30.2,16.1,43,WEST,43.5,40.2,1019.13,0,0,3,661,,
2021-07-22,16:45,29.7,16.7,46,WEST,30.6,43.5,1019.13,0,0,3,621,,
2021-07-22,17:00,29.4,17.2,48,WNW,8,40.2,1019.13,0,0,3,584,,
2021-07-22,17:15,29.3,17.8,49,WEST,27.4,40.2,1019,0,0,2,540,,
2021-07-22,17:30,29.2,17.2,49,WEST,6.4,37,1019,0,0,2,501,,
2021-07-22,17:45,28.8,17.2,51,WNW,14.5,38.6,1018.96,0,0,2,448,,
2021-07-22,18:00,28.5,17.8,53,WNW,19.3,40.2,1018.86,0,0,2,401,,
2021-07-22,18:15,28,18.3,55,NW,19.3,43.5,1018.8,0,0,1,350,,
2021-07-22,18:30,27.6,18.3,57,WNW,17.7,43.5,1018.76,0,0,1,302,,
2021-07-22,18:45,27.5,18.3,59,SSW,3.2,35.4,1018.8,0,0,1,253,,
2021-07-22,19:00,27.3,18.9,60,WEST,11.3,24.1,1018.66,0,0,0,204,,
2021-07-22,19:15,26.7,18.9,62,WEST,22.5,32.2,1018.66,0,0,0,155,,
2021-07-22,19:30,26.4,18.9,64,WEST,19.3,29,1018.76,0,0,0,107,,
2021-07-22,19:45,26.1,18.9,66,WNW,19.3,30.6,1018.66,0,0,0,69,,
2021-07-22,20:00,25.8,18.9,67,WNW,11.3,25.7,1018.8,0,0,0,39,,
2021-07-22,20:15,25.4,18.9,68,WEST,3.2,24.1,1018.76,0,0,0,19,,
2021-07-22,20:30,24.8,18.9,71,WNW,4.8,19.3,1018.83,0,0,0,11,,
2021-07-22,20:45,24.3,18.9,72,SW,3.2,19.3,1018.76,0,0,0,0,,
2021-07-22,21:00,23.8,18.9,74,WEST,1.6,16.1,1018.8,0,0,0,0,,
2021-07-22,21:15,23.4,18.3,74,NORTH,0,11.3,1019,0,0,0,0,,
2021-07-22,21:30,23.3,18.3,75,WNW,9.7,16.1,1018.93,0,0,0,0,,
2021-07-22,21:45,23.1,18.9,78,WNW,3.2,12.9,1019.1,0,0,0,0,,
2021-07-22,22:00,22.8,19.4,81,WNW,4.8,9.7,1019.13,0,0,0,0,,
2021-07-22,22:15,22.7,19.4,83,WEST,3.2,11.3,1019.24,0,0,0,0,,
2021-07-22,22:30,22.5,19.4,84,WNW,1.6,8,1019.37,0,0,0,0,,
2021-07-22,22:45,22.4,19.4,85,NORTH,0,11.3,1019.2,0,0,0,0,,
2021-07-22,23:00,21.7,18.9,86,NORTH,0,1.6,1019.13,0,0,0,0,,
2021-07-22,23:15,21.6,18.9,87,NORTH,0,3.2,1019.2,0,0,0,0,,
2021-07-22,23:30,21.2,18.9,87,WNW,1.6,1.6,1019.13,0,0,0,0,,
2021-07-22,23:45,20.6,18.3,89,NORTH,0,1.6,1019.17,0,0,0,0,,
2021-07-22,OVR,,,,,,,,,,,,gustmax,53.1
2021-07-22,OVR,,,,,,,,,,,,rainrate_max,0
2021-07-22,OVR,,,,,,,,,,,,rain_total_mm,0
2021-07-22,OVR,,,,,,,,,,,,tmax,31.8
2021-07-22,OVR,,,,,,,,,,,,tmin,19.6
2021-07-22,OVR,,,,,,,,,,,,wind_dir_mean_deg,292.5
2021-07-23,00:00,20.6,18.3,90,WNW,1.6,3.2,1019,0,0,0,0,,
2021-07-23,00:15,20.4,17.8,87,WNW,1.6,3.2,1018.76,0,0,0,0,,
2021-07-23,00:30,22.2,17.2,73,WNW,1.6,3.2,1018.59,0,0,0,0,,
2021-07-23,00:45,23.3,15.6,63,SOUTH,3.2,4.8,1018.76,0,0,0,0,,
2021-07-23,01:00,22.6,15.6,65,SSE,3.2,6.4,1018.63,0,0,0,0,,
2021-07-23,01:15,21.9,15.6,67,SSE,3.2,4.8,1018.63,0,0,0,0,,
2021-07-23,01:30,21.9,15,66,SSE,3.2,3.2,1018.63,0,0,0,0,,
2021-07-23,01:45,22.4,15,64,SSE,1.6,4.8,1018.35,0,0,0,0,,
2021-07-23,02:00,22.6,15.6,64,SSE,3.2,4.8,1018.42,0,0,0,0,,
2021-07-23,02:15,22.9,15.6,63,ESE,4.8,6.4,1018.25,0,0,0,0,,
2021-07-23,02:30,23.1,15,62,ESE,6.4,6.4,1018.22,0,0,0,0,,
2021-07-23,02:45,23.2,15.6,62,ESE,1.6,6.4,1018.05,0,0,0,0,,
2021-07-23,03:00,23.4,15.6,61,ESE,1.6,4.8,1017.95,0,0,0,0,,
2021-07-23,03:15,22.9,15.6,63,ESE,1.6,4.8,1017.85,0,0,0,0,,
2021-07-23,03:30,23,15,62,ESE,3.2,4.8,1017.85,0,0,0,0,,
2021-07-23,03:45,23.3,15,60,ESE,3.2,6.4,1017.75,0,0,0,0,,
2021-07-23,04:00,23.7,15,58,ESE,1.6,4.8,1017.71,0,0,0,0,,
2021-07-23,04:15,24.2,15,56,ESE,1.6,4.8,1017.54,0,0,0,0,,
2021-07-23,04:30,23.7,14.4,57,ESE,1.6,3.2,1017.54,0,0,0,0,,
2021-07-23,04:45,24.2,14.4,56,NORTH,0,3.2,1017.41,0,0,0,0,,
2021-07-23,05:00,24,14.4,56,NORTH,0,4.8,1017.41,0,0,0,0,,
2021-07-23,05:15,24.6,15,55,ESE,4.8,6.4,1017.31,0,0,0,0,,
2021-07-23,05:30,24.3,14.4,56,NORTH,0,4.8,1017.31,0,0,0,0,,
2021-07-23,05:45,23.8,14.4,57,ESE,4.8,6.4,1017.31,0,0,0,0,,
2021-07-23,06:00,24.1,14.4,55,ESE,3.2,9.7,1017.51,0,0,0,0,,
2021-07-23,06:15,24.6,14.4,53,ESE,4.8,11.3,1017.51,0,0,0,0,,
2021-07-23,06:30,24.9,13.9,50,ESE,6.4,11.3,1017.64,0,0,0,11,,
2021-07-23,06:45,24.9,13.3,49,ESE,4.8,6.4,1017.68,0,0,0,26,,
2021-07-23,07:00,25,13.9,50,EAST,3.2,9.7,1017.85,0,0,0,58,,
2021-07-23,07:15,24.9,13.9,50,NORTH,0,3.2,1017.78,0,0,0,100,,
2021-07-23,07:30,24.8,14.4,53,EAST,3.2,4.8,1017.85,0,0,0,153,,
2021-07-23,07:45,25.4,14.4,52,EAST,1.6,3.2,1017.91,0,0,0,200,,
2021-07-23,08:00,25.9,15,52,ESE,1.6,11.3,1017.91,0,0,0,246,,
2021-07-23,08:15,26.3,16.1,54,ESE,4.8,16.1,1017.85,0,0,1,237,,
2021-07-23,08:30,27.1,16.1,51,EAST,6.4,11.3,1018.08,0,0,1,341,,
2021-07-23,08:45,27.3,15.6,49,ESE,4.8,11.3,1018.25,0,0,1,388,,
2021-07-23,09:00,28,16.1,48,ESE,3.2,9.7,1018.25,0,0,1,436,,
2021-07-23,09:15,28.1,15.6,47,SE,8,12.9,1018.25,0,0,2,473,,
2021-07-23,09:30,28,16.1,48,SE,11.3,17.7,1018.22,0,0,2,475,,
2021-07-23,09:45,28.4,15.6,45,SE,8,19.3,1018.25,0,0,2,464,,
2021-07-23,10:00,28.7,15,44,SE,11.3,19.3,1018.05,0,0,3,485,,
2021-07-23,10:15,28.8,15,44,SE,11.3,16.1,1018.12,0,0,3,571,,
2021-07-23,10:30,29.2,15,43,SSE,6.4,17.7,1018.12,0,0,3,671,,
2021-07-23,10:45,29.6,15.6,43,SSE,4.8,14.5,1018.02,0,0,4,728,,
2021-07-23,11:00,30.1,15.6,42,ESE,3.2,14.5,1017.98,0,0,4,759,,
2021-07-23,11:15,30.2,15,40,SSE,6.4,14.5,1018.08,0,0,5,793,,
2021-07-23,11:30,31,14.4,36,SSE,6.4,16.1,1017.98,0,0,5,817,,
2021-07-23,11:45,31.7,14.4,35,SSE,9.7,14.5,1017.85,0,0,5,844,,
2021-07-23,12:00,32.5,12.2,30,WEST,4.8,12.9,1017.68,0,0,5,863,,
2021-07-23,12:15,32.5,12.2,29,WNW,4.8,12.9,1017.71,0,0,6,881,,
2021-07-23,12:30,33.2,12.2,28,WEST,1.6,11.3,1017.81,0,0,6,895,,
2021-07-23,12:45,33.3,11.7,27,NW,3.2,20.9,1017.68,0,0,6,902,,
2021-07-23,13:00,34,12.2,27,SW,1.6,20.9,1017.37,0,0,6,911,,
2021-07-23,13:15,34.6,11.1,24,SSW,3.2,24.1,1017.34,0,0,6,914,,
2021-07-23,13:30,33.7,15,32,WEST,19.3,30.6,1017.31,0,0,6,912,,
2021-07-23,13:45,33.8,13.3,30,WEST,16.1,32.2,1017.31,0,0,6,912,,
2021-07-23,14:00,34.3,12.2,26,WSW,3.2,24.1,1017.14,0,0,6,905,,
2021-07-23,14:15,34.2,12.2,26,WEST,12.9,24.1,1016.97,0,0,6,893,,
2021-07-23,14:30,34.6,11.1,24,WNW,19.3,33.8,1017,0,0,6,872,,
2021-07-23,14:45,34.4,9.4,22,NW,16.1,32.2,1017.1,0,0,6,858,,
2021-07-23,15:00,34.4,11.1,24,WEST,16.1,37,1016.83,0,0,5,838,,
2021-07-23,15:15,34.3,10.6,24,WNW,16.1,29,1016.76,0,0,5,817,,
2021-07-23,15:30,34.4,10,22,NW,16.1,30.6,1016.76,0,0,5,791,,
2021-07-23,15:45,34.6,7.2,18,WEST,6.4,30.6,1016.73,0,0,5,766,,
2021-07-23,16:00,34.6,8.3,20,WEST,16.1,32.2,1016.42,0,0,4,733,,
2021-07-23,16:15,34.3,9.4,21,WSW,12.9,32.2,1016.42,0,0,4,700,,
2021-07-23,16:30,34.4,6.7,18,WEST,3.2,27.4,1016.19,0,0,3,663,,
2021-07-23,16:45,34.3,9.4,22,WNW,24.1,33.8,1016.12,0,0,3,622,,
2021-07-23,17:00,34.1,10.6,24,WEST,19.3,27.4,1016.12,0,0,3,584,,
2021-07-23,17:15,33.3,9.4,23,WNW,20.9,32.2,1016.05,0,0,2,541,,
2021-07-23,17:30,33.2,11.1,26,WEST,16.1,32.2,1016.19,0,0,2,496,,
2021-07-23,17:45,32.4,12.2,29,WEST,27.4,37,1016.15,0,0,2,443,,
2021-07-23,18:00,32.6,11.1,27,WEST,12.9,27.4,1016.09,0,0,1,396,,
2021-07-23,18:15,32.3,11.7,29,WEST,20.9,27.4,1015.95,0,0,1,345,,
2021-07-23,18:30,31.8,12.8,31,WEST,19.3,29,1016.09,0,0,1,297,,
2021-07-23,18:45,31.4,12.2,31,WEST,14.5,29,1015.88,0,0,1,250,,
2021-07-23,19:00,31.2,12.2,32,WNW,14.5,25.7,1015.95,0,0,0,204,,
2021-07-23,19:15,30.9,12.2,32,WNW,6.4,17.7,1015.98,0,0,0,153,,
2021-07-23,19:30,30.9,11.1,30,NORTH,0,14.5,1016.05,0,0,0,105,,
2021-07-23,19:45,30.9,11.1,30,WEST,11.3,16.1,1016.05,0,0,0,69,,
2021-07-23,20:00,30.6,11.1,30,WEST,1.6,14.5,1016.05,0,0,0,37,,
2021-07-23,20:15,29.8,11.7,33,NORTH,0,6.4,1016.05,0,0,0,21,,
2021-07-23,20:30,29.1,11.7,34,SE,3.2,12.9,1016.05,0,0,0,12,,
2021-07-23,20:45,28.3,12.2,38,SSE,1.6,11.3,1016.29,0,0,0,0,,
2021-07-23,21:00,27.3,15,47,SSE,6.4,8,1016.22,0,0,0,0,,
2021-07-23,21:15,26.7,15.6,51,SE,8,16.1,1016.46,0,0,0,0,,
2021-07-23,21:30,26.5,15.6,51,SSE,4.8,19.3,1016.56,0,0,0,0,,
2021-07-23,21:45,26.2,15,51,ESE,8,16.1,1016.73,0,0,0,0,,
2021-07-23,22:00,26.2,14.4,49,ESE,14.5,17.7,1016.66,0,0,0,0,,
2021-07-23,22:15,26.1,13.9,48,SE,12.9,19.3,1016.83,0,0,0,0,,
2021-07-23,22:30,26.3,13.9,47,SSE,12.9,19.3,1016.86,0,0,0,0,,
2021-07-23,22:45,26.2,13.9,46,SE,12.9,17.7,1017,0,0,0,0,,
2021-07-23,23:00,26.1,13.3,45,SE,11.3,17.7,1016.97,0,0,0,0,,
2021-07-23,23:15,26.1,13.3,45,SE,11.3,19.3,1017.1,0,0,0,0,,
2021-07-23,23:30,25.8,13.9,47,SE,12.9,20.9,1016.9,0,0,0,0,,
2021-07-23,23:45,25.2,14.4,52,ESE,11.3,19.3,1017.03,0,0,0,0,,
2021-07-23,OVR,,,,,,,,,,,,gustmax,37
2021-07-23,OVR,,,,,,,,,,,,rainrate_max,0
2021-07-23,OVR,,,,,,,,,,,,rain_total_mm,0
2021-07-23,OVR,,,,,,,,,,,,tmax,34.8
2021-07-23,OVR,,,,,,,,,,,,tmin,20.4
2021-07-23,OVR,,,,,,,,,,,,wind_dir_mean_deg,112.5
2021-07-24,00:00,24.8,15,54,SE,16.1,20.9,1017.14,0,0,0,0,,
2021-07-24,00:15,24.6,15,56,SE,14.5,17.7,1017.14,0,0,0,0,,
2021-07-24,00:30,24.8,14.4,52,SE,14.5,19.3,1016.97,0,0,0,0,,
2021-07-24,00:45,25.1,13.9,49,SE,8,19.3,1017.07,0,0,0,0,,
2021-07-24,01:00,25.7,12.2,43,ESE,4.8,14.5,1017.14,0,0,0,0,,
2021-07-24,01:15,25.5,12.2,45,SE,12.9,16.1,1017.03,0,0,0,0,,
2021-07-24,01:30,25.1,12.2,45,NORTH,0,14.5,1017,0,0,0,0,,
2021-07-24,01:45,23.8,13.3,52,NORTH,0,3.2,1016.93,0,0,0,0,,
2021-07-24,02:00,25,12.2,45,ESE,9.7,12.9,1016.76,0,0,0,0,,
2021-07-24,02:15,23.8,12.8,51,EAST,4.8,9.7,1016.66,0,0,0,0,,
2021-07-24,02:30,23.8,12.8,51,EAST,3.2,6.4,1016.49,0,0,0,0,,
2021-07-24,02:45,24.6,12.2,47,NORTH,0,9.7,1016.49,0,0,0,0,,
2021-07-24,03:00,25.2,11.7,44,SE,3.2,11.3,1016.36,0,0,0,0,,
2021-07-24,03:15,25.2,12.2,45,ESE,3.2,8,1016.22,0,0,0,0,,
2021-07-24,03:30,24.7,12.8,47,ESE,6.4,12.9,1016.05,0,0,0,0,,
2021-07-24,03:45,24.8,13.3,49,SE,6.4,16.1,1015.78,0,0,0,0,,
2021-07-24,04:00,24.7,12.8,49,ESE,11.3,17.7,1015.68,0,0,0,0,,
2021-07-24,04:15,25.1,12.8,46,SE,16.1,20.9,1015.44,0,0,0,0,,
2021-07-24,04:30,25,13.9,50,SE,16.1,24.1,1015.34,0,0,0,0,,
2021-07-24,04:45,24.9,13.3,49,ESE,14.5,20.9,1015.17,0,0,0,0,,
2021-07-24,05:00,24.6,15,55,SE,11.3,20.9,1015.1,0,0,0,0,,
2021-07-24,05:15,24.2,15.6,60,SE,12.9,24.1,1014.93,0,0,0,0,,
2021-07-24,05:30,24,16.1,63,SE,16.1,22.5,1015.07,0,0,0,0,,
2021-07-24,05:45,23.9,16.7,64,SE,14.5,24.1,1015.27,0,0,0,0,,
2021-07-24,06:00,23.9,16.7,63,ESE,8,17.7,1015.41,0,0,0,0,,
2021-07-24,06:15,23.8,16.7,65,ESE,11.3,17.7,1015.34,0,0,0,0,,
2021-07-24,06:30,23.9,16.1,63,SE,8,22.5,1015.17,0,0,0,11,,
2021-07-24,06:45,24.2,15.6,60,ESE,9.7,24.1,1014.93,0,0,0,26,,
2021-07-24,07:00,24.2,15.6,59,SE,11.3,24.1,1014.93,0,0,0,49,,
2021-07-24,07:15,24.3,15.6,58,ESE,9.7,17.7,1015.1,0,0,0,76,,
2021-07-24,07:30,25.1,15,53,ESE,12.9,22.5,1015.04,0,0,0,109,,
2021-07-24,07:45,25.8,13.9,49,SSE,19.3,25.7,1014.97,0,0,0,151,,
2021-07-24,08:00,26.1,13.9,47,ESE,19.3,25.7,1015.1,0,0,0,195,,
2021-07-24,08:15,26.6,13.9,46,SE,14.5,25.7,1015.31,0,0,0,214,,
2021-07-24,08:30,27,13.9,45,ESE,16.1,27.4,1015.51,0,0,1,285,,
2021-07-24,08:45,27.6,13.9,43,ESE,11.3,25.7,1015.61,0,0,1,329,,
2021-07-24,09:00,27.9,13.9,42,ESE,17.7,22.5,1015.82,0,0,1,378,,
2021-07-24,09:15,28.2,13.3,40,SE,8,29,1015.88,0,0,1,415,,
2021-07-24,09:30,28.8,13.9,40,ESE,16.1,22.5,1015.82,0,0,2,432,,
2021-07-24,09:45,29.4,13.9,38,SE,19.3,27.4,1015.82,0,0,2,441,,
2021-07-24,10:00,29.9,13.9,37,ESE,12.9,27.4,1015.75,0,0,2,476,,
2021-07-24,10:15,30.3,13.3,35,ESE,20.9,25.7,1015.75,0,0,3,554,,
2021-07-24,10:30,31.1,12.8,33,SE,17.7,25.7,1015.51,0,0,3,633,,
2021-07-24,10:45,31.3,12.8,32,EAST,24.1,29,1015.65,0,0,3,679,,
2021-07-24,11:00,31.8,12.8,32,ESE,19.3,29,1015.61,0,0,4,714,,
2021-07-24,11:15,32.3,12.8,30,SE,16.1,32.2,1015.41,0,0,4,745,,
2021-07-24,11:30,33.1,12.2,28,ESE,16.1,29,1015.24,0,0,4,777,,
2021-07-24,11:45,33.5,11.7,26,SSE,22.5,33.8,1014.6,0,0,5,800,,
2021-07-24,12:00,33.4,12.2,28,SSE,17.7,33.8,1014.43,0,0,5,821,,
2021-07-24,12:15,33.9,11.7,26,SE,19.3,37,1014.26,0,0,5,840,,
2021-07-24,12:30,33.8,10.6,24,SSE,22.5,43.5,1014.49,0,0,5,851,,
2021-07-24,12:45,34.2,11.1,25,SSE,19.3,35.4,1014.39,0,0,6,867,,
2021-07-24,13:00,34.3,11.7,26,SSW,16.1,43.5,1014.43,0,0,6,872,,
2021-07-24,13:15,34,12.2,26,SE,22.5,40.2,1014.53,0,0,6,875,,
2021-07-24,13:30,34.1,11.7,26,SE,20.9,35.4,1014.49,0,0,6,877,,
2021-07-24,13:45,34.6,12.2,26,ESE,19.3,35.4,1014.53,0,0,6,875,,
2021-07-24,14:00,34.3,10.6,24,SE,22.5,41.8,1014.49,0,0,6,872,,
2021-07-24,14:15,34.2,10.6,24,SE,17.7,45.1,1014.43,0,0,6,863,,
2021-07-24,14:30,34.6,11.1,24,SSE,35.4,45.1,1014.43,0,0,5,853,,
2021-07-24,14:45,34.7,12.8,26,SE,20.9,30.6,1015.04,0,0,5,856,,
2021-07-24,15:00,34.6,12.8,27,SSE,9.7,29,1015.31,0,0,5,814,,
2021-07-24,15:15,34.6,12.2,26,SSE,20.9,32.2,1015.17,0,0,5,789,,
2021-07-24,15:30,34.8,11.7,24,ESE,14.5,32.2,1014.83,0,0,4,763,,
2021-07-24,15:45,34.6,11.1,24,ESE,20.9,43.5,1014.33,0,0,4,726,,
2021-07-24,16:00,34.6,10.6,23,ESE,11.3,45.1,1014.16,0,0,4,707,,
2021-07-24,16:15,35.1,10,22,SE,16.1,35.4,1014.36,0,0,3,689,,
2021-07-24,16:30,34.8,10,22,ESE,33.8,32.2,1014.7,0,0,3,636,,
2021-07-24,16:45,34.6,9.4,22,EAST,17.7,37,1014.6,0,0,3,591,,
2021-07-24,17:00,34.3,10,22,SSE,12.9,29,1014.7,0,0,2,534,,
2021-07-24,17:15,34.1,10,23,SSE,29,35.4,1014.09,0,0,2,487,,
2021-07-24,17:30,34,10.6,24,ESE,27.4,30.6,1014.19,0,0,2,441,,
2021-07-24,17:45,33.6,10.6,24,ESE,32.2,35.4,1013.48,0,0,1,392,,
2021-07-24,18:00,33.2,11.1,26,SSE,20.9,33.8,1013.75,0,0,1,345,,
2021-07-24,18:15,32.9,12.2,28,ESE,17.7,33.8,1013.65,0,0,1,272,,
2021-07-24,18:30,32.4,11.7,28,SE,14.5,32.2,1013.68,0,0,1,251,,
2021-07-24,18:45,31.9,12.2,31,SOUTH,11.3,25.7,1013.51,0,0,0,206,,
2021-07-24,19:00,31.3,13.3,33,SE,20.9,29,1013.34,0,0,0,167,,
2021-07-24,19:15,30.5,13.9,36,ESE,19.3,29,1013.34,0,0,0,125,,
2021-07-24,19:30,30.1,13.3,36,SE,19.3,33.8,1013.34,0,0,0,100,,
2021-07-24,19:45,29.8,12.8,36,SE,16.1,30.6,1013.31,0,0,0,70,,
2021-07-24,20:00,29.5,12.2,35,ESE,17.7,30.6,1013.17,0,0,0,46,,
2021-07-24,20:15,29.2,12.2,35,SE,20.9,30.6,1013.17,0,0,0,26,,
2021-07-24,20:30,28.8,12.2,37,ESE,16.1,32.2,1013.11,0,0,0,11,,
2021-07-24,20:45,28.4,12.8,38,SE,20.9,32.2,1013.24,0,0,0,0,,
2021-07-24,21:00,28,12.8,39,ESE,19.3,29,1013.28,0,0,0,0,,
2021-07-24,21:15,27.3,14.4,46,SE,16.1,40.2,1013.11,0,0,0,0,,
2021-07-24,21:30,26.5,16.1,53,SE,19.3,33.8,1013,0,0,0,0,,
2021-07-24,21:45,26.2,16.1,55,SE,19.3,37,1013.24,0,0,0,0,,
2021-07-24,22:00,26.1,16.1,55,SE,16.1,33.8,1013.38,0,0,0,0,,
2021-07-24,22:15,26.1,16.1,54,ESE,17.7,38.6,1013.04,0,0,0,0,,
2021-07-24,22:30,26.1,16.7,56,SE,20.9,43.5,1013.21,0,0,0,0,,
2021-07-24,22:45,25.9,16.1,56,SSE,25.7,38.6,1013.41,0,0,0,0,,
2021-07-24,23:00,26.1,15.6,53,ESE,22.5,40.2,1013.04,0,0,0,0,,
2021-07-24,23:15,25.9,15.6,53,ESE,11.3,25.7,1013.55,0,0,0,0,,
2021-07-24,23:30,25.8,15,52,ESE,17.7,25.7,1013.07,0,0,0,0,,
2021-07-24,23:45,25.9,15,51,ESE,25.7,33.8,1012.8,0,0,0,0,,
2021-07-24,OVR,,,,,,,,,,,,gustmax,45.1
2021-07-24,OVR,,,,,,,,,,,,rainrate_max,0
2021-07-24,OVR,,,,,,,,,,,,rain_total_mm,0
2021-07-24,OVR,,,,,,,,,,,,tmax,35.4
2021-07-24,OVR,,,,,,,,,,,,tmin,23.6
2021-07-24,OVR,,,,,,,,,,,,wind_dir_mean_deg,135
2021-07-25,00:00,26.1,14.4,49,SE,27.4,37,1013,0,0,0,0,,
2021-07-25,00:15,26.2,13.9,46,SE,17.7,32.2,1012.94,0,0,0,0,,
2021-07-25,00:30,26.4,13.3,45,ESE,19.3,33.8,1012.77,0,0,0,0,,
2021-07-25,00:45,26.6,13.9,46,SE,24.1,35.4,1012.84,0,0,0,0,,
2021-07-25,01:00,26.4,14.4,47,SE,22.5,41.8,1012.29,0,0,0,0,,
2021-07-25,01:15,26.6,14.4,47,SE,22.5,40.2,1012.16,0,0,0,0,,
2021-07-25,01:30,26.4,15,50,SE,22.5,35.4,1012.5,0,0,0,0,,
2021-07-25,01:45,26.4,15,51,EAST,27.4,41.8,1012.09,0,0,0,0,,
2021-07-25,02:00,26.2,15.6,52,ESE,20.9,38.6,1012.26,0,0,0,0,,
2021-07-25,02:15,26.2,15.6,53,SE,25.7,40.2,1012.19,0,0,0,0,,
2021-07-25,02:30,26.1,15.6,53,ESE,17.7,38.6,1012.16,0,0,0,0,,
2021-07-25,02:45,26.4,15.6,52,ESE,20.9,45.1,1011.99,0,0,0,0,,
2021-07-25,03:00,26.8,15.6,51,ESE,29,43.5,1011.65,0,0,0,0,,
2021-07-25,03:15,27.2,15.6,49,ESE,20.9,38.6,1011.51,0,0,0,0,,
2021-07-25,03:30,27.1,15.6,49,ESE,20.9,37,1011.04,0,0,0,0,,
2021-07-25,03:45,27.2,15,48,ESE,22.5,30.6,1011.38,0,0,0,0,,
2021-07-25,04:00,27.2,15,48,SE,19.3,25.7,1011.28,0,0,0,0,,
2021-07-25,04:15,27.3,15,48,ESE,14.5,29,1011.01,0,0,0,0,,
2021-07-25,04:30,27.3,14.4,46,SE,22.5,32.2,1011.18,0,0,0,0,,
2021-07-25,04:45,27.4,14.4,45,SE,8,30.6,1011.28,0,0,0,0,,
2021-07-25,05:00,26.9,14.4,46,ESE,14.5,20.9,1010.87,0,0,0,0,,
2021-07-25,05:15,26.2,13.9,47,SE,12.9,20.9,1010.63,0,0,0,0,,
2021-07-25,05:30,26.2,12.8,44,ESE,17.7,22.5,1010.19,0,0,0,0,,
2021-07-25,05:45,26,12.8,44,SE,8,20.9,1010.53,0,0,0,0,,
2021-07-25,06:00,26.1,13.3,45,EAST,3.2,9.7,1011.04,0,0,0,0,,
2021-07-25,06:15,26.6,15,49,NORTH,4.8,16.1,1011.11,0,0,0,0,,
2021-07-25,06:30,26.3,16.1,54,ESE,6.4,16.1,1011.04,0,0,0,0,,
2021-07-25,06:45,26.8,15.6,50,ESE,20.9,25.7,1010.57,0,0,0,12,,
2021-07-25,07:00,26.8,13.9,46,ESE,12.9,25.7,1009.82,0,0,0,32,,
2021-07-25,07:15,27.3,13.3,42,ESE,6.4,29,1010.16,0,0,0,53,,
2021-07-25,07:30,27.6,13.3,41,NW,1.6,16.1,1011.04,0,0,0,54,,
2021-07-25,07:45,27,14.4,47,SSW,3.2,12.9,1011.41,0,0,0,56,,
2021-07-25,08:00,27,15,48,NORTH,0,6.4,1011.38,0,0,0,98,,
2021-07-25,08:15,27.7,15.6,48,ESE,22.5,19.3,1011.99,0,0,0,49,,
2021-07-25,08:30,26.4,16.7,56,EAST,19.3,27.4,1011.85,0,0,0,23,,
2021-07-25,08:45,26.3,17.8,60,SSE,20.9,27.4,1011.55,0,0,0,120,,
2021-07-25,09:00,29.3,15,42,SE,12.9,25.7,1011.34,0,0,0,86,,
2021-07-25,09:15,33.2,12.2,28,ESE,11.3,22.5,1011.04,0,0,0,67,,
2021-07-25,09:30,34.9,8.3,20,SSE,14.5,46.7,1011.21,0,0,0,39,,
2021-07-25,09:45,31.4,15,38,SSE,12.9,35.4,1011.01,0,0,0,44,,
2021-07-25,10:00,27.9,17.2,53,EAST,27.4,27.4,1011.34,0,0,0,102,,
2021-07-25,10:15,27.4,17.2,54,ESE,16.1,35.4,1010.3,0,0,0,111,,
2021-07-25,10:30,32.8,13.3,31,SSE,6.4,14.5,1010.53,0,0,1,162,,
2021-07-25,10:45,30.3,17.2,45,NW,6.4,35.4,1011.55,0,0,1,223,,
2021-07-25,11:00,31.1,17.2,43,SOUTH,3.2,16.1,1011.07,0,0,1,204,,
2021-07-25,11:15,29.1,18.9,55,SSE,9.7,20.9,1012.26,0,0,1,178,,
2021-07-25,11:30,27.5,17.8,56,SE,16.1,27.4,1012.06,0,0,0,107,,
2021-07-25,11:45,29.3,16.7,47,EAST,3.2,8,1011.55,0,0,1,116,,
2021-07-25,12:00,30.8,16.1,41,ENE,4.8,4.8,1011.11,0,0,1,142,,
2021-07-25,12:15,31.1,16.7,42,ESE,14.5,17.7,1010.87,0,0,1,234,,
2021-07-25,12:30,32.1,18.3,44,SSE,20.9,30.6,1010.9,0,0,2,315,,
2021-07-25,12:45,29.6,20,57,SE,16.1,35.4,1010.87,0,0,3,686,,
2021-07-25,13:00,29.8,19.4,54,ESE,29,33.8,1010.7,0,0,2,336,,
2021-07-25,13:15,30.4,19.4,52,SE,19.3,33.8,1011.07,0,0,2,362,,
2021-07-25,13:30,30.1,19.4,53,SE,25.7,32.2,1011.24,0,0,1,158,,
2021-07-25,13:45,30.5,18.9,51,SE,30.6,35.4,1010.63,0,0,2,294,,
2021-07-25,14:00,31.1,18.9,49,SE,22.5,32.2,1010.8,0,0,2,279,,
2021-07-25,14:15,30.1,18.3,50,SE,17.7,38.6,1011.72,0,0,0,105,,
2021-07-25,14:30,29.8,18.9,53,ESE,19.3,22.5,1010.8,0,0,1,220,,
2021-07-25,14:45,30.3,19.4,52,SSE,12.9,30.6,1011.18,0,0,2,292,,
2021-07-25,15:00,29.9,19.4,54,SW,3.2,22.5,1012.63,0,0,2,294,,
2021-07-25,15:15,29.6,18.9,54,SSE,22.5,25.7,1012.39,0,0,1,237,,
2021-07-25,15:30,31.1,19.4,51,SOUTH,3.2,19.3,1012.33,0,0,3,346,,
2021-07-25,15:45,31.2,18.9,49,NW,6.4,11.3,1012.39,0,0,4,744,,
2021-07-25,16:00,32.4,19.4,46,WEST,4.8,12.9,1012.26,0,0,4,779,,
2021-07-25,16:15,33,17.8,41,WEST,6.4,9.7,1012.5,0,0,2,357,,
2021-07-25,16:30,32.9,17.2,39,SSE,12.9,12.9,1012.7,0,0,1,190,,
2021-07-25,16:45,33.1,17.2,39,ESE,14.5,16.1,1012.33,0,0,1,207,,
2021-07-25,17:00,32.6,17.8,41,SSE,9.7,24.1,1012.09,0,0,1,169,,
2021-07-25,17:15,32.9,17.2,40,SE,11.3,24.1,1012.09,0,0,1,260,,
2021-07-25,17:30,32.8,16.7,38,ESE,8,14.5,1012.26,0,0,1,192,,
2021-07-25,17:45,32.4,17.2,41,EAST,16.1,20.9,1012.02,0,0,1,153,,
2021-07-25,18:00,32.1,17.2,42,ESE,11.3,19.3,1011.65,0,0,1,146,,
2021-07-25,18:15,31.9,17.2,41,EAST,16.1,22.5,1011.01,0,0,1,302,,
2021-07-25,18:30,31.4,17.8,44,EAST,14.5,20.9,1011.34,0,0,0,91,,
2021-07-25,18:45,31.1,18.3,47,ESE,12.9,22.5,1010.97,0,0,0,62,,
2021-07-25,19:00,31,18.9,48,SE,8,27.4,1011.58,0,0,0,93,,
2021-07-25,19:15,31,19.4,51,SSE,6.4,16.1,1011.79,0,0,0,109,,
2021-07-25,19:30,30.5,20,54,SOUTH,1.6,16.1,1012.33,0,0,0,63,,
2021-07-25,19:45,29.6,19.4,56,SW,1.6,9.7,1012.7,0,0,0,46,,
2021-07-25,20:00,28.3,20.6,63,SSW,1.6,29,1012.26,0,0,0,25,,
2021-07-25,20:15,27.9,20.6,64,ENE,6.4,8,1011.55,0,0,0,12,,
2021-07-25,20:30,28.1,20,63,SE,16.1,19.3,1011.99,0,0,0,0,,
2021-07-25,20:45,28.4,20,60,SE,8,19.3,1012.26,0,0,0,0,,
2021-07-25,21:00,28.5,19.4,59,SE,16.1,22.5,1012.16,0,0,0,0,,
2021-07-25,21:15,28.2,18.9,57,ESE,17.7,22.5,1012.6,0,0,0,0,,
2021-07-25,21:30,27.6,19.4,62,SE,22.5,33.8,1012.53,0,0,0,0,,
2021-07-25,21:45,27.2,19.4,63,ESE,17.7,25.7,1012.9,0,0,0,0,,
2021-07-25,22:00,27.8,17.8,56,EAST,16.1,27.4,1013.82,0,0,0,0,,
2021-07-25,22:15,29,16.7,47,WEST,3.2,19.3,1013.51,0,0,0,0,,
2021-07-25,22:30,28.3,16.7,51,ESE,12.9,16.1,1013.99,0,0,0,0,,
2021-07-25,22:45,27.9,17.8,55,ESE,16.1,19.3,1014.53,0,0,0,0,,
2021-07-25,23:00,27.7,16.7,52,SE,12.9,24.1,1013.58,0,0,0,0,,
2021-07-25,23:15,30.1,15,40,SSE,19.3,20.9,1013.58,0,0,0,0,,
2021-07-25,23:30,29.2,17.2,48,SOUTH,1.6,22.5,1013.51,0,0,0,0,,
2021-07-25,23:45,30.9,14.4,37,SE,12.9,24.1,1013,0,0,0,0,,
2021-07-25,OVR,,,,,,,,,,,,gustmax,46.7
2021-07-25,OVR,,,,,,,,,,,,rainrate_max,0
2021-07-25,OVR,,,,,,,,,,,,rain_total_mm,0
2021-07-25,OVR,,,,,,,,,,,,tmax,36.4
2021-07-25,OVR,,,,,,,,,,,,tmin,26
2021-07-25,OVR,,,,,,,,,,,,wind_dir_mean_deg,112.5
2021-07-26,00:00,31.4,12.8,33,SSE,6.4,12.9,1012.8,0,0,0,0,,
2021-07-26,00:15,32.5,12.2,29,SE,11.3,16.1,1012.73,0,0,0,0,,
2021-07-26,00:30,30.5,15.6,41,ESE,11.3,16.1,1012.8,0,0,0,0,,
2021-07-26,00:45,29.3,15,43,SE,8,19.3,1012.46,0,0,0,0,,
2021-07-26,01:00,29.7,14.4,40,SE,16.1,19.3,1012.36,0,0,0,0,,
2021-07-26,01:15,29.7,14.4,40,ESE,8,12.9,1012.26,0,0,0,0,,
2021-07-26,01:30,30,13.9,38,ESE,9.7,14.5,1012.12,0,0,0,0,,
2021-07-26,01:45,30.6,13.9,36,SE,11.3,17.7,1011.95,0,0,0,0,,
2021-07-26,02:00,30.6,13.9,36,SE,6.4,17.7,1012.02,0,0,0,0,,
2021-07-26,02:15,28.9,14.4,41,ESE,1.6,11.3,1012.12,0,0,0,0,,
2021-07-26,02:30,27.8,14.4,45,NORTH,0,6.4,1011.92,0,0,0,0,,
2021-07-26,02:45,27.2,17.8,57,WEST,12.9,24.1,1013.24,0,0,0,0,,
2021-07-26,03:00,25.9,18.3,62,EAST,1.6,12.9,1012.73,0,0,0,0,,
2021-07-26,03:15,26.8,17.8,57,WNW,11.3,12.9,1012.6,0,0,0,0,,
2021-07-26,03:30,27.7,17.2,53,WNW,1.6,12.9,1012.39,0,0,0,0,,
2021-07-26,03:45,26.9,16.7,55,WNW,1.6,4.8,1012.16,0,0,0,0,,
2021-07-26,04:00,28,17.2,52,SSE,3.2,12.9,1012.16,0,0,0,0,,
2021-07-26,04:15,27.7,17.2,53,WEST,1.6,8,1012.33,0,0,0,0,,
2021-07-26,04:30,27.1,16.1,52,EAST,9.7,11.3,1011.89,0,0,0,0,,
2021-07-26,04:45,28.9,15.6,44,SE,4.8,12.9,1012.09,0,0,0,0,,
2021-07-26,05:00,27.7,16.7,51,SE,9.7,16.1,1012.7,0,0,0,0,,
2021-07-26,05:15,26.8,17.2,56,SE,8,22.5,1013.11,0,0,0,0,,
2021-07-26,05:30,26.3,18.3,62,ESE,14.5,20.9,1013.04,0,0,0,0,,
2021-07-26,05:45,26.9,17.8,57,ESE,16.1,17.7,1012.6,0,0,0,0,,
2021-07-26,06:00,26.9,18.9,61,ESE,4.8,16.1,1012.9,0,0,0,0,,
2021-07-26,06:15,26.3,17.8,59,WNW,1.6,45.1,1013.75,0,0,0,0,,
2021-07-26,06:30,26,17.8,61,WNW,1.6,11.3,1013.85,0,0,0,0,,
2021-07-26,06:45,26.1,18.9,64,NW,3.2,14.5,1013.51,0,0,0,7,,
2021-07-26,07:00,25.7,18.3,65,,1.6,6.4,1013.72,0,0,0,11,,
2021-07-26,07:15,26.1,18.9,65,NNW,3.2,8,1013.55,0,0,0,16,,
2021-07-26,07:30,25.9,18.3,64,NNE,1.6,6.4,1013.75,0,0,0,25,,
2021-07-26,07:45,26.1,18.3,63,NNE,4.8,8,1013.85,0,0,0,23,,
2021-07-26,08:00,26.1,18.3,64,NNE,4.8,4.8,1013.75,0,0,0,12,,
2021-07-26,08:15,26.3,17.8,61,NNW,4.8,8,1013.58,0,0,0,33,,
2021-07-26,08:30,26.1,18.3,62,,4.8,6.4,1013.17,0,0,0,51,,
2021-07-26,08:45,27.4,17.8,56,ESE,11.3,16.1,1012.73,0,0,0,149,,
2021-07-26,09:00,27.7,17.8,54,EAST,12.9,17.7,1012.36,0,0,0,91,,
2021-07-26,09:15,27,17.2,55,ESE,16.1,29,1011.99,0,0,0,107,,
2021-07-26,09:30,28,16.7,50,EAST,19.3,24.1,1012.23,0,0,0,121,,
2021-07-26,09:45,28.6,16.1,48,EAST,9.7,17.7,1012.6,0,0,1,134,,
2021-07-26,10:00,29.4,16.1,44,ESE,11.3,14.5,1012.73,0,0,1,183,,
2021-07-26,10:15,29.3,17.2,49,ESE,1.6,16.1,1012.5,0,0,1,153,,
2021-07-26,10:30,30.3,16.1,43,SSE,8,16.1,1012.97,0,0,1,239,,
2021-07-26,10:45,28.6,18.9,55,ESE,3.2,19.3,1012.94,0,0,1,202,,
2021-07-26,11:00,29.7,18.3,52,NNW,3.2,11.3,1013.34,0,0,2,308,,
2021-07-26,11:15,30.3,17.8,48,NW,4.8,11.3,1013.88,0,0,1,160,,
2021-07-26,11:30,30.3,18.3,49,,4.8,6.4,1013.82,0,0,1,186,,
2021-07-26,11:45,30.9,17.8,46,ESE,11.3,17.7,1014.02,0,0,1,118,,
2021-07-26,12:00,31.1,15.6,39,EAST,12.9,14.5,1013.48,0,0,0,91,,
2021-07-26,12:15,31.3,15.6,39,ESE,14.5,22.5,1013.28,0,0,0,83,,
2021-07-26,12:30,31.3,15,38,ESE,12.9,24.1,1012.73,0,0,1,114,,
2021-07-26,12:45,32.1,15.6,37,NE,11.3,24.1,1012.8,0,0,2,264,,
2021-07-26,13:00,33.1,15,34,ESE,9.7,20.9,1013.07,0,0,1,160,,
2021-07-26,13:15,32.2,17.2,42,NORTH,0,19.3,1013.82,0,0,2,287,,
2021-07-26,13:30,32.7,18.9,44,SSE,16.1,9.7,1013.88,0,0,5,877,,
2021-07-26,13:45,30.7,20.6,55,ESE,8,27.4,1014.29,0,0,1,230,,
2021-07-26,14:00,30.3,19.4,53,SSE,16.1,30.6,1014.22,0,0,2,255,,
2021-07-26,14:15,29.5,20,58,SSE,16.1,24.1,1014.46,0,0,2,267,,
2021-07-26,14:30,29.3,21.1,61,SSE,16.1,29,1014.33,0,0,2,343,,
2021-07-26,14:45,29.2,21.1,62,SSE,8,27.4,1014.05,0,0,5,947,,
2021-07-26,15:00,30.2,21.7,60,SE,16.1,29,1014.16,0,0,3,459,,
2021-07-26,15:15,29.9,21.1,59,SSE,16.1,24.1,1014.8,0,0,2,287,,
2021-07-26,15:30,29.7,20.6,59,SE,12.9,22.5,1014.7,0,0,2,330,,
2021-07-26,15:45,30.3,20.6,56,ESE,17.7,24.1,1014.56,0,0,2,264,,
2021-07-26,16:00,30.5,20.6,56,ESE,11.3,19.3,1014.49,0,0,2,248,,
2021-07-26,16:15,31.1,20.6,54,SOUTH,12.9,20.9,1014.33,0,0,2,350,,
2021-07-26,16:30,31.6,20,50,SOUTH,9.7,20.9,1014.43,0,0,3,671,,
2021-07-26,16:45,31.9,20,49,SSE,8,20.9,1014.36,0,0,2,287,,
2021-07-26,17:00,31.6,20,50,SSE,9.7,22.5,1014.46,0,0,2,587,,
2021-07-26,17:15,31.6,20,50,ESE,3.2,19.3,1014.7,0,0,1,276,,
2021-07-26,17:30,31.3,20,52,ESE,12.9,20.9,1014.83,0,0,2,338,,
2021-07-26,17:45,30.9,20,53,SE,3.2,17.7,1014.93,0,0,2,385,,
2021-07-26,18:00,31.4,20.6,52,SSE,6.4,16.1,1015.07,0,0,1,424,,
2021-07-26,18:15,31.2,20.6,53,ESE,8,12.9,1014.77,0,0,1,418,,
2021-07-26,18:30,30.9,20.6,54,SE,11.3,16.1,1014.6,0,0,1,186,,
2021-07-26,18:45,30.6,20.6,55,SE,12.9,22.5,1014.26,0,0,0,142,,
2021-07-26,19:00,30.2,20.6,56,ESE,14.5,16.1,1013.99,0,0,0,105,,
2021-07-26,19:15,30.3,20.6,56,ESE,11.3,19.3,1014.02,0,0,0,125,,
2021-07-26,19:30,29.9,20,57,EAST,4.8,14.5,1013.68,0,0,0,79,,
2021-07-26,19:45,29.7,20.6,58,ENE,12.9,17.7,1013.68,0,0,0,62,,
2021-07-26,20:00,29.1,20.6,60,ESE,4.8,16.1,1013.82,0,0,0,25,,
2021-07-26,20:15,28.9,20,58,EAST,6.4,17.7,1013.55,0,0,0,12,,
2021-07-26,20:30,28.9,19.4,57,SSE,8,12.9,1013.68,0,0,0,0,,
2021-07-26,20:45,29.1,18.3,54,ENE,6.4,14.5,1013.44,0,0,0,0,,
2021-07-26,21:00,29.6,18.3,51,ESE,4.8,12.9,1013.85,0,0,0,0,,
2021-07-26,21:15,27.6,19.4,62,EAST,9.7,20.9,1014.53,0,0,0,0,,
2021-07-26,21:30,27.1,20,65,SE,12.9,20.9,1014.19,0,0,0,0,,
2021-07-26,21:45,27,20.6,68,SE,20.9,30.6,1015.48,0,0,0,0,,
2021-07-26,22:00,26,21.1,76,ESE,11.3,22.5,1015.78,0,0,0,0,,
2021-07-26,22:15,25.4,21.7,81,SE,9.7,35.4,1016.53,0,0,0,0,,
2021-07-26,22:30,25.4,21.1,78,SE,17.7,32.2,1016.66,0,0,0,0,,
2021-07-26,22:45,25.8,20.6,74,ESE,17.7,22.5,1016.73,0,0,0,0,,
2021-07-26,23:00,26.2,20,70,EAST,9.7,19.3,1017.31,0,0,0,0,,
2021-07-26,23:15,26.2,20,70,WEST,4.8,12.9,1017.61,0,0,0,0,,
2021-07-26,23:30,25.6,20,73,ESE,1.6,11.3,1017.61,0,0,0,0,,
2021-07-26,23:45,26,20,71,NNW,4.8,8,1016.63,0,0,0,0,,
2021-07-26,OVR,,,,,,,,,,,,gustmax,45.1
2021-07-26,OVR,,,,,,,,,,,,rainrate_max,0
2021-07-26,OVR,,,,,,,,,,,,rain_total_mm,0
2021-07-26,OVR,,,,,,,,,,,,tmax,33.1
2021-07-26,OVR,,,,,,,,,,,,tmin,25.3
2021-07-26,OVR,,,,,,,,,,,,wind_dir_mean_deg,135
2021-07-27,00:00,25.4,20.6,75,ESE,3.2,11.3,1017.17,0,0,0,0,,
2021-07-27,00:15,25.4,20.6,76,EAST,4.8,12.9,1016.97,0,0,0,0,,
2021-07-27,00:30,25.3,20.6,76,EAST,6.4,17.7,1017.1,0,0,0,0,,
2021-07-27,00:45,25.6,20.6,74,ESE,4.8,6.4,1017.95,0,0,0,0,,
2021-07-27,01:00,25.6,20,73,SE,8,12.9,1017.95,0,0,0,0,,
2021-07-27,01:15,25.5,20,73,SE,4.8,12.9,1018.22,0,0,0,0,,
2021-07-27,01:30,24.9,20,75,ESE,3.2,9.7,1017.85,0,0,0,0,,
2021-07-27,01:45,24.3,19.4,76,ESE,3.2,6.4,1017.95,0,0,0,0,,
2021-07-27,02:00,24.4,20,78,ESE,6.4,11.3,1017.34,0,0,0,0,,
2021-07-27,02:15,24.8,20.6,78,EAST,3.2,9.7,1017.2,0,0,0,0,,
2021-07-27,02:30,24.7,20.6,79,ESE,6.4,12.9,1017.07,0,0,0,0,,
2021-07-27,02:45,25.1,20.6,77,ESE,6.4,11.3,1016.66,0,0,0,0,,
2021-07-27,03:00,24.8,20.6,78,EAST,6.4,11.3,1016.46,0,0,0,0,,
2021-07-27,03:15,25,20,75,ESE,6.4,11.3,1016.59,0,0,0,0,,
2021-07-27,03:30,25.2,19.4,72,ESE,9.7,11.3,1016.59,0,0,0,0,,
2021-07-27,03:45,25.6,19.4,70,ESE,9.7,19.3,1016.7,0,0,0,0,,
2021-07-27,04:00,25.9,18.9,65,ESE,6.4,12.9,1016.73,0,0,0,0,,
2021-07-27,04:15,25.2,18.9,68,ESE,1.6,9.7,1016.59,0,0,0,0,,
2021-07-27,04:30,24.9,18.9,69,NORTH,0,11.3,1016.29,0,0,0,0,,
2021-07-27,04:45,24.9,18.3,68,NORTH,0,6.4,1016.59,0,0,0,0,,
2021-07-27,05:00,24,17.8,69,EAST,4.8,6.4,1016.15,0,0,0,0,,
2021-07-27,05:15,24.2,18.3,69,EAST,6.4,11.3,1016.12,0,0,0,0,,
2021-07-27,05:30,25.3,18.3,66,EAST,12.9,14.5,1015.92,0,0,0,0,,
2021-07-27,05:45,25.4,18.9,67,EAST,12.9,19.3,1015.48,0,0,0,0,,
2021-07-27,06:00,25.2,17.8,65,EAST,14.5,19.3,1015.37,0,0,0,0,,
2021-07-27,06:15,25.5,17.2,61,ENE,8,14.5,1015.51,0,0,0,0,,
2021-07-27,06:30,25.9,16.1,55,ESE,9.7,17.7,1015.58,0,0,0,9,,
2021-07-27,06:45,26.8,15,48,EAST,9.7,17.7,1015.1,0,0,0,26,,
2021-07-27,07:00,27.8,14.4,44,EAST,11.3,16.1,1015.31,0,0,0,42,,
2021-07-27,07:15,28.4,14.4,43,SOUTH,1.6,16.1,1016.05,0,0,0,70,,
2021-07-27,07:30,25.2,18.3,66,SE,12.9,17.7,1016.49,0,0,0,127,,
2021-07-27,07:45,25.3,18.9,69,SE,12.9,17.7,1016.32,0,0,0,105,,
2021-07-27,08:00,25.3,18.9,68,SE,4.8,17.7,1016.76,0,0,0,135,,
2021-07-27,08:15,25.5,19.4,70,SE,4.8,8,1017.1,0,0,0,197,,
2021-07-27,08:30,25.2,21.1,78,SE,6.4,17.7,1017.14,0,0,1,195,,
2021-07-27,08:45,26.3,20.6,71,EAST,1.6,8,1017.27,0,0,1,188,,
2021-07-27,09:00,26.8,20.6,70,WNW,3.2,14.5,1017.68,0,0,1,200,,
2021-07-27,09:15,27.2,20.6,68,NNE,3.2,6.4,1017.37,0,0,2,543,,
2021-07-27,09:30,27.3,21.1,70,ENE,3.2,8,1017.44,0,0,1,218,,
2021-07-27,09:45,27.5,21.1,69,ESE,9.7,11.3,1017.54,0,0,2,517,,
2021-07-27,10:00,27.8,20.6,66,NORTH,0,12.9,1017.71,0,0,2,385,,
2021-07-27,10:15,28.2,20.6,64,EAST,6.4,12.9,1017.68,0,0,2,346,,
2021-07-27,10:30,28.4,20,62,ENE,4.8,12.9,1017.91,0,0,3,666,,
2021-07-27,10:45,29.3,21.1,61,SW,1.6,12.9,1017.85,0,0,3,738,,
2021-07-27,11:00,29.9,21.1,60,SOUTH,8,11.3,1017.71,0,0,3,719,,
2021-07-27,11:15,30.5,20.6,56,EAST,3.2,6.4,1017.71,0,0,4,770,,
2021-07-27,11:30,30.9,20,52,NNW,3.2,8,1017.81,0,0,3,369,,
2021-07-27,11:45,31.5,20.6,53,SSE,4.8,9.7,1017.75,0,0,4,782,,
2021-07-27,12:00,31.3,20,51,SE,1.6,14.5,1017.88,0,0,3,462,,
2021-07-27,12:15,31.6,18.9,48,SE,8,9.7,1017.91,0,0,3,524,,
2021-07-27,12:30,32.4,18.9,45,SSE,1.6,11.3,1017.98,0,0,3,483,,
2021-07-27,12:45,32.3,18.9,45,NORTH,0,16.1,1018.02,0,0,3,1035,,
2021-07-27,13:00,33.1,18.9,43,WNW,11.3,16.1,1018.08,0,0,5,1014,,
2021-07-27,13:15,32.8,21.7,53,WEST,16.1,22.5,1017.78,0,0,3,332,,
2021-07-27,13:30,31.1,22.8,62,WEST,17.7,32.2,1017.75,0,0,4,503,,
2021-07-27,13:45,30.9,21.7,59,WNW,1.6,17.7,1017.41,0,0,2,292,,
2021-07-27,14:00,31.8,22.2,58,WEST,11.3,20.9,1017.51,0,0,3,454,,
2021-07-27,14:15,31.6,22.2,58,WEST,22.5,24.1,1017.27,0,0,5,438,,
2021-07-27,14:30,32.6,21.7,54,WEST,14.5,25.7,1017.41,0,0,4,879,,
2021-07-27,14:45,32.1,22.2,55,WNW,12.9,29,1017.41,0,0,5,967,,
2021-07-27,15:00,31.9,21.1,53,WEST,16.1,32.2,1017.1,0,0,5,944,,
2021-07-27,15:15,32.4,21.1,51,WEST,3.2,24.1,1016.93,0,0,4,853,,
2021-07-27,15:30,32.4,20.6,50,WEST,11.3,22.5,1016.73,0,0,4,469,,
2021-07-27,16:00,33.2,20,46,WSW,1.6,19.3,1016.63,0,0,3,478,,
2021-07-27,16:15,33.2,20,46,WEST,17.7,25.7,1016.63,0,0,4,814,,
2021-07-27,16:30,32.7,20,47,WNW,12.9,27.4,1016.56,0,0,2,427,,
2021-07-27,16:45,32.5,20,49,WEST,11.3,22.5,1016.42,0,0,3,728,,
2021-07-27,17:00,32.4,19.4,47,SW,3.2,20.9,1016.53,0,0,2,554,,
2021-07-27,17:15,32.4,19.4,46,WEST,22.5,25.7,1016.49,0,0,1,178,,
2021-07-27,17:30,32.1,18.9,45,WEST,12.9,22.5,1016.32,0,0,2,506,,
2021-07-27,17:45,31.9,18.9,46,SSW,3.2,17.7,1016.32,0,0,2,431,,
2021-07-27,18:00,32.1,18.9,46,SSE,4.8,14.5,1016.19,0,0,1,369,,
2021-07-27,18:15,32.2,18.9,46,SSW,3.2,9.7,1016.19,0,0,1,316,,
2021-07-27,18:30,32.1,19.4,47,SSE,11.3,14.5,1016.12,0,0,1,269,,
2021-07-27,18:45,30.8,22.2,61,SSE,8,22.5,1016.09,0,0,1,232,,
2021-07-27,19:00,29.9,22.2,64,SSE,9.7,20.9,1016.15,0,0,0,123,,
2021-07-27,19:15,29.6,22.8,66,ESE,12.9,22.5,1016.09,0,0,0,137,,
2021-07-27,19:30,28.9,22.2,69,SSE,9.7,20.9,1016.15,0,0,0,79,,
2021-07-27,19:45,28.4,22.2,69,ESE,16.1,17.7,1016.12,0,0,0,53,,
2021-07-27,20:00,27.8,20.6,64,SE,11.3,22.5,1016.32,0,0,0,32,,
2021-07-27,20:15,27.1,20.6,68,SE,12.9,19.3,1016.15,0,0,0,19,,
2021-07-27,20:30,26.5,20,68,SE,8,19.3,1016.09,0,0,0,9,,
2021-07-27,20:45,26.2,19.4,67,ESE,19.3,24.1,1016.29,0,0,0,0,,
2021-07-27,21:00,25.9,19.4,69,ESE,11.3,24.1,1016.36,0,0,0,0,,
2021-07-27,21:15,25.7,20,71,ESE,14.5,25.7,1016.32,0,0,0,0,,
2021-07-27,21:30,25.3,20,73,SE,19.3,29,1016.42,0,0,0,0,,
2021-07-27,21:45,25.2,20.6,75,SE,27.4,30.6,1016.39,0,0,0,0,,
2021-07-27,22:00,24.9,20.6,78,SE,24.1,29,1016.49,0,0,0,0,,
2021-07-27,22:15,24.8,21.1,81,SE,14.5,29,1016.63,0,0,0,0,,
2021-07-27,22:30,24.6,21.1,82,SE,19.3,27.4,1016.59,0,0,0,0,,
2021-07-27,22:45,24.7,20.6,80,ESE,16.1,27.4,1016.59,0,0,0,0,,
2021-07-27,23:00,24.8,20.6,78,SE,19.3,29,1016.7,0,0,0,0,,
2021-07-27,23:15,24.8,20.6,77,ESE,16.1,29,1016.66,0,0,0,0,,
2021-07-27,23:30,25,20,75,SE,14.5,32.2,1016.56,0,0,0,0,,
2021-07-27,23:45,25.3,20,72,ESE,24.1,35.4,1016.49,0,0,0,0,,
2021-07-27,OVR,,,,,,,,,,,,gustmax,35.4
2021-07-27,OVR,,,,,,,,,,,,rainrate_max,0
2021-07-27,OVR,,,,,,,,,,,,rain_total_mm,0
2021-07-27,OVR,,,,,,,,,,,,tmax,33.7
2021-07-27,OVR,,,,,,,,,,,,tmin,23.5
2021-07-27,OVR,,,,,,,,,,,,wind_dir_mean_deg,135
2021-07-28,00:00,25.3,20,72,SE,14.5,32.2,1016.7,0,0,0,0,,
2021-07-28,00:15,25.4,19.4,71,ESE,25.7,33.8,1016.7,0,0,0,0,,
2021-07-28,00:30,25.4,19.4,70,ESE,24.1,33.8,1016.63,0,0,0,0,,
2021-07-28,00:45,25.3,19.4,70,ESE,24.1,30.6,1016.46,0,0,0,0,,
2021-07-28,01:00,25.3,18.9,69,SE,27.4,30.6,1016.32,0,0,0,0,,
2021-07-28,01:15,25.4,18.9,67,EAST,24.1,29,1016.36,0,0,0,0,,
2021-07-28,01:30,25.3,18.3,66,SE,16.1,27.4,1016.56,0,0,0,0,,
2021-07-28,01:45,25.2,17.8,65,SE,16.1,24.1,1016.39,0,0,0,0,,
2021-07-28,02:00,25.3,17.8,63,SE,17.7,29,1016.02,0,0,0,0,,
2021-07-28,02:15,25.4,17.2,61,ESE,9.7,27.4,1015.92,0,0,0,0,,
2021-07-28,02:30,25.3,17.2,60,SE,11.3,20.9,1016.09,0,0,0,0,,
2021-07-28,02:45,25.2,16.7,61,ESE,9.7,16.1,1015.95,0,0,0,0,,
2021-07-28,03:00,24.9,17.2,62,SE,8,16.1,1015.88,0,0,0,0,,
2021-07-28,03:15,24.8,16.7,62,ESE,14.5,19.3,1015.78,0,0,0,0,,
2021-07-28,03:30,24.8,16.7,61,ESE,9.7,24.1,1015.58,0,0,0,0,,
2021-07-28,03:45,24.8,16.1,60,ESE,12.9,20.9,1015.71,0,0,0,0,,
2021-07-28,04:00,24.7,16.1,59,ESE,6.4,19.3,1015.51,0,0,0,0,,
2021-07-28,04:15,24.5,15.6,58,ESE,6.4,17.7,1015.14,0,0,0,0,,
2021-07-28,04:30,24.4,15.6,57,SE,3.2,19.3,1015.24,0,0,0,0,,
2021-07-28,04:45,24.3,15,57,NORTH,0,9.7,1015.41,0,0,0,0,,
2021-07-28,05:00,24.2,15,58,SSE,3.2,6.4,1015.34,0,0,0,0,,
2021-07-28,05:15,24.1,15.6,59,SE,4.8,6.4,1015.34,0,0,0,0,,
2021-07-28,05:30,23.7,15.6,60,ESE,3.2,6.4,1015.41,0,0,0,0,,
2021-07-28,05:45,23.1,15.6,62,ESE,4.8,6.4,1015.04,0,0,0,0,,
2021-07-28,06:00,23.2,15,62,ESE,6.4,12.9,1015.07,0,0,0,0,,
2021-07-28,06:15,23.4,15,60,ESE,4.8,9.7,1015.04,0,0,0,0,,
2021-07-28,06:30,23.3,15.6,61,ESE,6.4,11.3,1015.1,0,0,0,9,,
2021-07-28,06:45,23.3,15.6,62,SE,8,12.9,1014.8,0,0,0,21,,
2021-07-28,07:15,23.9,16.1,62,ESE,4.8,16.1,1015.1,0,0,0,76,,
2021-07-28,07:30,24.2,16.7,63,ESE,6.4,12.9,1015.17,0,0,0,116,,
2021-07-28,07:45,24.4,17.2,64,SSE,9.7,22.5,1015.48,0,0,0,160,,
2021-07-28,08:00,24.7,17.2,64,ESE,17.7,25.7,1015.27,0,0,0,197,,
2021-07-28,08:15,25.2,17.2,62,SE,12.9,24.1,1015.14,0,0,1,237,,
2021-07-28,08:30,25.6,16.7,59,ESE,14.5,22.5,1015.27,0,0,1,299,,
2021-07-28,08:45,26,16.1,55,ESE,14.5,25.7,1015.34,0,0,1,345,,
2021-07-28,09:00,26.7,16.1,52,SE,17.7,20.9,1015.31,0,0,1,390,,
2021-07-28,09:15,27,15.6,50,SE,14.5,25.7,1015.14,0,0,1,418,,
2021-07-28,09:30,27.7,15.6,48,ESE,16.1,20.9,1015.17,0,0,2,424,,
2021-07-28,09:45,28.3,15.6,47,ESE,17.7,20.9,1015.07,0,0,2,431,,
2021-07-28,10:00,29.1,15.6,44,SE,20.9,29,1014.8,0,0,2,482,,
2021-07-28,10:15,29.7,14.4,40,SE,19.3,33.8,1014.73,0,0,3,568,,
2021-07-28,10:30,30.6,13.9,37,ESE,24.1,32.2,1014.77,0,0,3,645,,
2021-07-28,10:45,31.2,13.9,35,ESE,14.5,33.8,1014.6,0,0,3,686,,
2021-07-28,11:00,31.7,13.9,34,SE,16.1,32.2,1014.66,0,0,4,721,,
2021-07-28,11:15,32.3,12.8,31,ESE,20.9,27.4,1014.83,0,0,4,751,,
2021-07-28,11:30,32.3,11.7,28,SE,17.7,32.2,1014.9,0,0,4,782,,
2021-07-28,11:45,32.9,12.8,29,ESE,14.5,32.2,1014.97,0,0,5,796,,
2021-07-28,12:00,33,12.8,30,ESE,11.3,29,1015.21,0,0,5,823,,
2021-07-28,12:15,33.3,13.3,29,SE,19.3,27.4,1015.17,0,0,5,846,,
2021-07-28,12:30,33.6,11.7,27,ESE,14.5,32.2,1015.07,0,0,5,846,,
2021-07-28,12:45,33.2,12.2,28,SE,20.9,27.4,1014.9,0,0,5,895,,
2021-07-28,13:00,34.3,12.2,26,SE,20.9,25.7,1014.63,0,0,5,842,,
2021-07-28,13:15,34.7,11.1,24,SE,11.3,30.6,1014.8,0,0,6,889,,
2021-07-28,13:30,34.6,11.7,25,ESE,19.3,27.4,1014.83,0,0,6,881,,
2021-07-28,13:45,34.7,11.7,25,SE,9.7,30.6,1014.93,0,0,6,870,,
2021-07-28,14:00,34.7,12.2,25,EAST,16.1,32.2,1015.21,0,0,6,867,,
2021-07-28,14:15,34.4,13.3,28,SSE,16.1,25.7,1015.17,0,0,5,846,,
2021-07-28,14:30,35.2,13.9,28,SSE,19.3,25.7,1015.17,0,0,5,831,,
2021-07-28,14:45,34.4,14.4,30,SSE,8,27.4,1015.27,0,0,5,817,,
2021-07-28,15:00,34.6,14.4,30,SSE,8,24.1,1015.24,0,0,5,793,,
2021-07-28,15:15,34.5,14.4,30,SSE,12.9,24.1,1015.14,0,0,4,770,,
2021-07-28,15:30,34.6,14.4,30,SSE,14.5,20.9,1015.34,0,0,4,747,,
2021-07-28,15:45,34.3,13.9,29,SSE,6.4,22.5,1015.24,0,0,4,722,,
2021-07-28,16:00,34.2,13.3,29,ESE,1.6,16.1,1015.17,0,0,4,689,,
2021-07-28,16:15,34.4,13.9,30,SSE,8,17.7,1014.97,0,0,3,656,,
2021-07-28,16:30,33.8,13.9,30,SE,12.9,19.3,1014.97,0,0,3,622,,
2021-07-28,16:45,33.6,13.9,30,ESE,4.8,17.7,1014.87,0,0,3,577,,
2021-07-28,17:00,33.5,13.9,30,SSE,6.4,20.9,1014.87,0,0,2,536,,
2021-07-28,17:15,34,13.9,30,SE,16.1,17.7,1014.83,0,0,2,492,,
2021-07-28,17:30,33.4,13.9,31,SE,12.9,20.9,1014.63,0,0,2,454,,
2021-07-28,17:45,33.7,13.9,31,SE,8,19.3,1014.73,0,0,2,406,,
2021-07-28,18:00,33.4,13.9,31,SSE,8,19.3,1014.7,0,0,1,360,,
2021-07-28,18:15,33.2,13.9,31,SE,12.9,20.9,1014.43,0,0,1,309,,
2021-07-28,18:30,32.7,13.9,32,ESE,17.7,19.3,1014.49,0,0,1,265,,
2021-07-28,18:45,32.3,13.9,33,SE,6.4,19.3,1014.46,0,0,1,223,,
2021-07-28,19:00,32.2,13.9,33,SE,9.7,19.3,1014.26,0,0,0,178,,
2021-07-28,19:15,31.7,13.9,34,SSE,9.7,22.5,1014.39,0,0,0,134,,
2021-07-28,19:30,31.4,13.3,34,SE,12.9,20.9,1014.46,0,0,0,95,,
2021-07-28,19:45,30.9,13.9,36,EAST,14.5,17.7,1014.53,0,0,0,62,,
2021-07-28,20:00,30.2,13.9,37,SE,9.7,22.5,1014.49,0,0,0,35,,
2021-07-28,20:15,29.6,14.4,39,SE,19.3,22.5,1014.46,0,0,0,21,,
2021-07-28,20:30,29.1,14.4,41,SE,12.9,24.1,1014.43,0,0,0,9,,
2021-07-28,20:45,28.8,13.9,40,SE,11.3,24.1,1014.39,0,0,0,0,,
2021-07-28,21:00,28.4,13.9,41,SE,14.5,22.5,1014.53,0,0,0,0,,
2021-07-28,21:15,28,14.4,45,SE,8,22.5,1014.87,0,0,0,0,,
2021-07-28,21:30,27.3,16.1,50,SSE,1.6,12.9,1015.21,0,0,0,0,,
2021-07-28,21:45,26.4,17.2,58,NORTH,0,6.4,1015.37,0,0,0,0,,
2021-07-28,22:00,25.8,17.2,60,SSE,3.2,4.8,1015.54,0,0,0,0,,
2021-07-28,22:15,25.2,17.2,62,NORTH,0,3.2,1015.41,0,0,0,0,,
2021-07-28,22:30,24.4,17.2,65,SSE,1.6,3.2,1015.41,0,0,0,0,,
2021-07-28,22:45,23.7,17.2,68,NORTH,0,3.2,1015.54,0,0,0,0,,
2021-07-28,23:00,23.4,17.2,70,SSE,3.2,4.8,1015.41,0,0,0,0,,
2021-07-28,23:15,23.5,17.2,69,SSE,1.6,4.8,1015.31,0,0,0,0,,
2021-07-28,23:30,23,16.7,69,SSE,1.6,4.8,1015.14,0,0,0,0,,
2021-07-28,23:45,23,16.7,68,NORTH,0,4.8,1015.1,0,0,0,0,,
2021-07-28,OVR,,,,,,,,,,,,gustmax,37
2021-07-28,OVR,,,,,,,,,,,,rainrate_max,0
2021-07-28,OVR,,,,,,,,,,,,rain_total_mm,0
2021-07-28,OVR,,,,,,,,,,,,tmax,35.3
2021-07-28,OVR,,,,,,,,,,,,tmin,22.8
2021-07-28,OVR,,,,,,,,,,,,wind_dir_mean_deg,112.5
2021-07-29,00:00,23.3,16.7,66,SSE,3.2,4.8,1015.27,0,0,0,0,,
2021-07-29,00:15,23.7,16.1,63,SSE,1.6,3.2,1015.24,0,0,0,0,,
2021-07-29,00:30,23.9,16.1,62,SE,1.6,3.2,1015.21,0,0,0,0,,
2021-07-29,00:45,23.1,15.6,64,SE,3.2,3.2,1015.34,0,0,0,0,,
2021-07-29,01:00,23.6,16.1,63,NORTH,0,3.2,1015.24,0,0,0,0,,
2021-07-29,01:15,23.3,16.1,65,NORTH,0,3.2,1015.21,0,0,0,0,,
2021-07-29,01:30,23,16.1,66,SE,3.2,3.2,1015.24,0,0,0,0,,
2021-07-29,01:45,22.9,16.1,67,SE,1.6,4.8,1015.07,0,0,0,0,,
2021-07-29,02:00,22.9,16.7,68,SE,1.6,3.2,1014.97,0,0,0,0,,
2021-07-29,02:15,23.2,17.2,70,SE,1.6,3.2,1015.1,0,0,0,0,,
2021-07-29,02:30,23.8,17.2,68,SE,1.6,3.2,1015.1,0,0,0,0,,
2021-07-29,02:45,24.1,17.8,68,ESE,1.6,6.4,1014.93,0,0,0,0,,
2021-07-29,03:00,24.1,17.8,68,NORTH,0,3.2,1014.9,0,0,0,0,,
2021-07-29,03:15,24.3,16.7,64,ESE,1.6,4.8,1014.87,0,0,0,0,,
2021-07-29,03:30,24.2,16.7,63,ESE,3.2,4.8,1014.87,0,0,0,0,,
2021-07-29,03:45,23.2,16.1,65,WNW,4.8,6.4,1014.77,0,0,0,0,,
2021-07-29,04:00,22.9,16.1,65,NW,1.6,4.8,1014.8,0,0,0,0,,
2021-07-29,04:15,23,15.6,63,NW,1.6,3.2,1015.07,0,0,0,0,,
2021-07-29,04:30,23.4,15.6,61,NE,1.6,6.4,1014.9,0,0,0,0,,
2021-07-29,04:45,23.9,15.6,59,ENE,3.2,4.8,1014.8,0,0,0,0,,
2021-07-29,05:00,24.4,15,56,ENE,3.2,3.2,1014.73,0,0,0,0,,
2021-07-29,05:15,24.5,14.4,55,NORTH,0,4.8,1014.77,0,0,0,0,,
2021-07-29,05:30,24.3,14.4,54,NORTH,0,4.8,1014.7,0,0,0,0,,
2021-07-29,05:45,22.8,14.4,59,ENE,3.2,3.2,1014.8,0,0,0,0,,
2021-07-29,06:00,23.9,13.9,55,ENE,3.2,4.8,1014.6,0,0,0,0,,
2021-07-29,06:15,23.6,13.9,55,ENE,1.6,4.8,1014.53,0,0,0,0,,
2021-07-29,06:30,24.6,13.9,53,NORTH,0,3.2,1014.7,0,0,0,7,,
2021-07-29,06:45,24.9,13.9,51,NORTH,0,3.2,1014.7,0,0,0,19,,
2021-07-29,07:00,24.3,13.9,53,ENE,1.6,4.8,1014.66,0,0,0,39,,
2021-07-29,07:15,23.8,13.9,55,NORTH,0,4.8,1014.7,0,0,0,63,,
2021-07-29,07:30,24.4,13.9,51,NORTH,0,3.2,1014.63,0,0,0,105,,
2021-07-29,07:45,24.8,13.3,49,ENE,1.6,4.8,1014.7,0,0,0,148,,
2021-07-29,08:00,25.2,13.3,48,NORTH,0,3.2,1014.7,0,0,0,181,,
2021-07-29,08:15,25.9,13.9,48,NORTH,0,3.2,1014.77,0,0,0,220,,
2021-07-29,08:30,26.8,13.3,44,NORTH,0,3.2,1014.77,0,0,1,283,,
2021-07-29,08:45,27.6,13.3,42,ENE,3.2,6.4,1014.87,0,0,1,334,,
2021-07-29,09:00,27.4,13.3,42,NW,3.2,6.4,1014.97,0,0,1,371,,
2021-07-29,09:15,28.2,13.3,40,NW,1.6,6.4,1015.04,0,0,1,397,,
2021-07-29,09:30,29.2,13.3,38,NORTH,0,6.4,1015.17,0,0,2,411,,
2021-07-29,09:45,30.1,13.3,36,NW,1.6,6.4,1015.21,0,0,2,424,,
2021-07-29,10:00,30.8,13.9,36,NW,3.2,4.8,1015.27,0,0,2,480,,
2021-07-29,10:15,31.4,13.9,35,NW,6.4,8,1015.37,0,0,3,566,,
2021-07-29,10:30,31.8,14.4,35,NW,4.8,8,1015.48,0,0,3,626,,
2021-07-29,10:45,32.6,15.6,36,WNW,1.6,11.3,1015.41,0,0,3,673,,
2021-07-29,11:00,32.6,16.1,38,SSE,4.8,8,1015.44,0,0,4,708,,
2021-07-29,11:15,33.1,16.1,36,SSE,1.6,11.3,1015.41,0,0,4,740,,
2021-07-29,11:30,33.2,16.1,36,SOUTH,3.2,9.7,1015.27,0,0,4,765,,
2021-07-29,11:45,33.8,16.1,35,WNW,4.8,16.1,1015.27,0,0,4,789,,
2021-07-29,12:00,34.3,16.1,34,SOUTH,1.6,11.3,1015.44,0,0,5,819,,
2021-07-29,12:15,34.4,15,32,NE,4.8,17.7,1015.31,0,0,5,830,,
2021-07-29,12:30,35,14.4,30,WEST,11.3,17.7,1015.44,0,0,5,842,,
2021-07-29,12:45,34.8,14.4,29,WNW,1.6,19.3,1015.37,0,0,5,856,,
2021-07-29,13:00,35.3,14.4,29,WEST,6.4,20.9,1015.24,0,0,5,861,,
2021-07-29,13:15,35.6,14.4,28,WNW,4.8,19.3,1015.07,0,0,5,868,,
2021-07-29,13:30,35.7,15,29,SSE,1.6,24.1,1015.14,0,0,6,879,,
2021-07-29,13:45,35.6,15,30,WNW,11.3,20.9,1015.04,0,0,5,868,,
2021-07-29,14:00,35.8,13.9,27,WEST,16.1,25.7,1014.93,0,0,5,865,,
2021-07-29,14:15,36.1,15,28,WEST,14.5,25.7,1015.14,0,0,5,847,,
2021-07-29,14:30,35.4,16.1,31,WEST,9.7,32.2,1015.04,0,0,5,842,,
2021-07-29,14:45,35.2,16.7,34,WEST,12.9,29,1015.14,0,0,5,821,,
2021-07-29,15:00,34.9,16.7,34,WEST,12.9,30.6,1015.24,0,0,5,802,,
2021-07-29,15:15,34,16.1,35,WEST,24.1,32.2,1015.14,0,0,4,772,,
2021-07-29,15:30,33.8,17.2,37,WNW,19.3,32.2,1015.04,0,0,4,742,,
2021-07-29,15:45,33.6,16.7,36,WNW,20.9,41.8,1014.97,0,0,4,719,,
2021-07-29,16:00,33.8,17.2,37,WNW,19.3,38.6,1014.9,0,0,4,687,,
2021-07-29,16:15,33.4,16.7,37,WNW,19.3,40.2,1014.87,0,0,3,650,,
2021-07-29,16:30,33.3,17.2,38,WEST,20.9,41.8,1014.83,0,0,3,617,,
2021-07-29,16:45,33.2,16.7,38,NW,19.3,37,1014.77,0,0,3,580,,
2021-07-29,17:00,32.9,16.7,37,WNW,16.1,40.2,1014.73,0,0,2,540,,
2021-07-29,17:15,33.1,16.7,38,WNW,17.7,27.4,1014.53,0,0,2,497,,
2021-07-29,17:30,32.9,16.7,38,WEST,30.6,33.8,1014.63,0,0,2,455,,
2021-07-29,17:45,33.1,16.1,36,WEST,12.9,30.6,1014.43,0,0,1,406,,
2021-07-29,18:00,32.7,13.3,31,WEST,17.7,32.2,1014.46,0,0,1,359,,
2021-07-29,18:15,32.4,15.6,37,WEST,11.3,32.2,1014.53,0,0,1,311,,
2021-07-29,18:30,32.1,17.2,42,WNW,17.7,25.7,1014.53,0,0,1,269,,
2021-07-29,18:45,31.7,17.8,44,WEST,20.9,27.4,1014.39,0,0,1,221,,
2021-07-29,19:00,31.3,17.8,44,WNW,12.9,24.1,1014.36,0,0,0,179,,
2021-07-29,19:15,30.6,18.3,49,WNW,9.7,20.9,1014.46,0,0,0,135,,
2021-07-29,19:30,30,19.4,53,WEST,16.1,22.5,1014.46,0,0,0,95,,
2021-07-29,19:45,29.2,20,57,WNW,6.4,20.9,1014.6,0,0,0,63,,
2021-07-29,20:00,28.6,20,61,WNW,4.8,16.1,1014.6,0,0,0,35,,
2021-07-29,20:15,27.9,20,63,WNW,6.4,12.9,1014.73,0,0,0,21,,
2021-07-29,20:30,27.2,20,65,WEST,1.6,11.3,1014.7,0,0,0,9,,
2021-07-29,20:45,26.6,20,67,SW,1.6,4.8,1014.93,0,0,0,0,,
2021-07-29,21:00,26,19.4,68,SW,1.6,3.2,1015.1,0,0,0,0,,
2021-07-29,21:15,25.5,19.4,69,SW,1.6,3.2,1015.1,0,0,0,0,,
2021-07-29,21:30,26.6,17.8,58,SSE,1.6,12.9,1015.17,0,0,0,0,,
2021-07-29,21:45,27.9,17.2,52,SSE,6.4,11.3,1015.27,0,0,0,0,,
2021-07-29,22:00,26.6,18.3,61,SSE,4.8,9.7,1015.24,0,0,0,0,,
2021-07-29,22:15,25.4,18.9,68,NORTH,0,11.3,1015.44,0,0,0,0,,
2021-07-29,22:30,25.2,18.9,69,SSE,3.2,4.8,1015.41,0,0,0,0,,
2021-07-29,22:45,24.9,19.4,72,NORTH,0,4.8,1015.27,0,0,0,0,,
2021-07-29,23:00,24.7,19.4,73,NORTH,0,1.6,1015.34,0,0,0,0,,
2021-07-29,23:15,24.4,18.9,73,NORTH,0,3.2,1015.27,0,0,0,0,,
2021-07-29,23:30,25.2,18.9,67,NORTH,0,6.4,1015.21,0,0,0,0,,
2021-07-29,23:45,25.7,19.4,69,SE,3.2,6.4,1015.31,0,0,0,0,,
2021-07-29,OVR,,,,,,,,,,,,gustmax,41.8
2021-07-29,OVR,,,,,,,,,,,,rainrate_max,0
2021-07-29,OVR,,,,,,,,,,,,rain_total_mm,0
2021-07-29,OVR,,,,,,,,,,,,tmax,36.2
2021-07-29,OVR,,,,,,,,,,,,tmin,22.6
2021-07-29,OVR,,,,,,,,,,,,wind_dir_mean_deg,270
2021-07-30,00:00,25.3,19.4,70,ESE,4.8,9.7,1015.21,0,0,0,0,,
2021-07-30,00:15,25.6,18.9,67,ESE,3.2,9.7,1015.17,0,0,0,0,,
2021-07-30,00:30,25.7,18.9,66,ESE,4.8,9.7,1015.27,0,0,0,0,,
2021-07-30,00:45,25.3,18.3,66,ESE,4.8,6.4,1015.07,0,0,0,0,,
2021-07-30,01:00,25.4,18.3,65,ESE,3.2,6.4,1015.04,0,0,0,0,,
2021-07-30,01:15,25.8,17.2,60,NORTH,0,4.8,1015.1,0,0,0,0,,
2021-07-30,01:30,25.3,17.2,61,NORTH,0,3.2,1015.04,0,0,0,0,,
2021-07-30,01:45,25.3,17.8,63,NORTH,0,1.6,1015.07,0,0,0,0,,
2021-07-30,02:00,24.9,17.8,65,ESE,1.6,3.2,1014.93,0,0,0,0,,
2021-07-30,02:15,24.1,17.8,68,ESE,3.2,4.8,1014.97,0,0,0,0,,
2021-07-30,02:30,24.2,17.8,67,ESE,1.6,3.2,1014.77,0,0,0,0,,
2021-07-30,02:45,25,17.2,62,ESE,1.6,6.4,1014.6,0,0,0,0,,
2021-07-30,03:00,24.7,17.2,63,ESE,1.6,4.8,1014.63,0,0,0,0,,
2021-07-30,03:15,24.2,17.2,65,ESE,1.6,3.2,1014.6,0,0,0,0,,
2021-07-30,03:30,24.4,17.2,64,NORTH,0,3.2,1014.46,0,0,0,0,,
2021-07-30,03:45,24.1,16.7,64,NORTH,0,3.2,1014.63,0,0,0,0,,
2021-07-30,04:00,24.2,16.7,64,ESE,3.2,4.8,1014.53,0,0,0,0,,
2021-07-30,04:15,24.4,16.7,63,ESE,1.6,6.4,1014.53,0,0,0,0,,
2021-07-30,04:30,24.1,16.7,64,ESE,1.6,3.2,1014.6,0,0,0,0,,
2021-07-30,04:45,24.2,16.7,63,ESE,1.6,4.8,1014.73,0,0,0,0,,
2021-07-30,05:00,24.2,16.7,64,NORTH,0,3.2,1014.46,0,0,0,0,,
2021-07-30,05:15,23.6,16.7,66,ESE,1.6,3.2,1014.7,0,0,0,0,,
2021-07-30,05:30,23.8,16.7,66,ESE,3.2,4.8,1014.6,0,0,0,0,,
2021-07-30,05:45,23.4,16.7,67,ESE,3.2,4.8,1014.7,0,0,0,0,,
2021-07-30,06:00,23.7,16.7,66,ESE,3.2,4.8,1014.6,0,0,0,0,,
2021-07-30,06:15,24.7,16.1,59,ESE,3.2,6.4,1014.66,0,0,0,0,,
2021-07-30,06:30,24.6,16.1,59,ESE,4.8,4.8,1014.83,0,0,0,7,,
2021-07-30,06:45,24.6,16.1,59,ESE,3.2,6.4,1014.6,0,0,0,19,,
2021-07-30,07:00,24.6,16.1,60,ESE,4.8,6.4,1014.63,0,0,0,42,,
2021-07-30,07:15,25.3,16.7,59,ESE,1.6,6.4,1014.8,0,0,0,77,,
2021-07-30,07:30,25.9,17.2,59,NORTH,0,4.8,1014.97,0,0,0,121,,
2021-07-30,07:45,24.7,17.2,63,ESE,3.2,4.8,1014.97,0,0,0,163,,
2021-07-30,08:00,24.9,17.2,64,ESE,1.6,3.2,1015.24,0,0,0,193,,
2021-07-30,08:15,25.6,17.8,62,ESE,3.2,4.8,1015.27,0,0,1,244,,
2021-07-30,08:30,26.4,17.8,59,ESE,3.2,4.8,1015.51,0,0,1,304,,
2021-07-30,08:45,26.6,17.8,58,ESE,4.8,6.4,1015.48,0,0,1,352,,
2021-07-30,09:00,27.7,17.8,55,ESE,3.2,4.8,1015.44,0,0,1,394,,
2021-07-30,09:15,28.3,17.2,52,ESE,4.8,6.4,1015.44,0,0,2,411,,
2021-07-30,09:30,29,17.8,50,NW,4.8,8,1015.44,0,0,2,413,,
2021-07-30,09:45,29.8,16.7,46,WNW,3.2,8,1015.51,0,0,2,429,,
2021-07-30,10:00,30.4,17.2,46,ESE,1.6,8,1015.41,0,0,2,478,,
2021-07-30,10:15,31,17.8,45,ESE,1.6,6.4,1015.37,0,0,3,573,,
2021-07-30,10:30,31.6,17.8,44,SOUTH,1.6,6.4,1015.37,0,0,3,636,,
2021-07-30,10:45,31.7,17.8,43,SW,4.8,8,1015.31,0,0,3,689,,
2021-07-30,11:00,32.4,17.2,41,SW,3.2,6.4,1015.44,0,0,4,722,,
2021-07-30,11:15,32.9,17.2,39,SSW,3.2,9.7,1015.34,0,0,4,756,,
2021-07-30,11:30,33.3,16.1,36,SOUTH,4.8,11.3,1015.24,0,0,4,784,,
2021-07-30,11:45,33.9,16.1,35,SSW,3.2,12.9,1015.1,0,0,5,810,,
2021-07-30,12:00,33.3,16.1,36,SOUTH,3.2,16.1,1015.07,0,0,5,835,,
2021-07-30,12:15,34.2,16.7,35,NW,4.8,12.9,1014.77,0,0,5,851,,
2021-07-30,12:30,34.4,16.7,35,SSE,6.4,14.5,1014.8,0,0,5,865,,
2021-07-30,12:45,34.4,15,32,SOUTH,3.2,16.1,1014.6,0,0,6,875,,
2021-07-30,13:00,35.1,16.7,34,SW,4.8,9.7,1014.66,0,0,6,882,,
2021-07-30,13:15,35.3,15.6,31,SSE,3.2,16.1,1014.66,0,0,6,886,,
2021-07-30,13:30,35.5,15.6,31,EAST,3.2,20.9,1014.73,0,0,6,886,,
2021-07-30,13:45,35.8,17.2,33,WNW,11.3,19.3,1014.53,0,0,6,881,,
2021-07-30,14:00,35.5,18.3,37,SW,3.2,25.7,1014.39,0,0,6,877,,
2021-07-30,14:15,35.2,18.9,39,WEST,6.4,27.4,1014.19,0,0,6,872,,
2021-07-30,14:30,35,18.3,38,WEST,24.1,35.4,1014.16,0,0,5,847,,
2021-07-30,14:45,34.8,17.8,37,WEST,17.7,37,1014.29,0,0,5,833,,
2021-07-30,15:00,34.9,17.8,37,WEST,25.7,29,1014.22,0,0,5,810,,
2021-07-30,15:15,34.8,18.3,38,WNW,17.7,30.6,1014.22,0,0,5,786,,
2021-07-30,15:30,33.8,18.3,40,WNW,9.7,37,1014.26,0,0,4,759,,
2021-07-30,15:45,34.1,18.9,40,WNW,12.9,33.8,1014.26,0,0,4,733,,
2021-07-30,16:00,33.5,18.9,42,WEST,20.9,33.8,1014.36,0,0,4,700,,
2021-07-30,16:15,33.8,19.4,43,SW,1.6,29,1014.12,0,0,3,670,,
2021-07-30,16:30,33.5,18.9,43,WNW,14.5,27.4,1014.05,0,0,3,628,,
2021-07-30,16:45,33.2,19.4,44,WNW,12.9,32.2,1014.22,0,0,3,589,,
2021-07-30,17:00,33.3,19.4,44,WEST,19.3,24.1,1014.19,0,0,2,550,,
2021-07-30,17:15,33.2,19.4,44,WEST,19.3,24.1,1014.16,0,0,2,508,,
2021-07-30,17:30,32.9,19.4,45,WEST,11.3,22.5,1014.29,0,0,2,459,,
2021-07-30,17:45,32.4,19.4,46,WNW,6.4,17.7,1014.12,0,0,2,410,,
2021-07-30,18:00,32.3,19.4,47,WEST,12.9,19.3,1013.95,0,0,1,359,,
2021-07-30,18:15,32.4,19.4,46,SW,3.2,22.5,1013.95,0,0,1,306,,
2021-07-30,18:30,31.9,19.4,48,WNW,4.8,19.3,1013.82,0,0,1,262,,
2021-07-30,18:45,32.1,19.4,48,WEST,6.4,19.3,1013.88,0,0,1,216,,
2021-07-30,19:00,31.7,19.4,48,WEST,4.8,16.1,1013.85,0,0,0,172,,
2021-07-30,19:15,31.5,18.9,48,WEST,9.7,11.3,1013.68,0,0,0,128,,
2021-07-30,19:30,31.1,18.9,49,WNW,6.4,11.3,1013.72,0,0,0,84,,
2021-07-30,19:45,30.6,18.3,49,NORTH,0,9.7,1013.65,0,0,0,51,,
2021-07-30,20:00,30.2,18.3,50,WEST,6.4,9.7,1013.82,0,0,0,33,,
2021-07-30,20:15,29.1,18.3,53,WEST,6.4,11.3,1013.88,0,0,0,19,,
2021-07-30,20:30,28.2,18.3,55,SW,1.6,11.3,1013.88,0,0,0,7,,
2021-07-30,20:45,27.6,17.2,54,NORTH,0,3.2,1014.16,0,0,0,0,,
2021-07-30,21:00,27,16.7,54,SW,1.6,4.8,1014.26,0,0,0,0,,
2021-07-30,21:15,26.4,16.7,55,SW,1.6,4.8,1014.33,0,0,0,0,,
2021-07-30,21:30,25.9,16.7,56,WSW,1.6,4.8,1014.56,0,0,0,0,,
2021-07-30,21:45,25.3,16.7,59,WSW,1.6,4.8,1014.7,0,0,0,0,,
2021-07-30,22:00,25.2,16.1,58,SOUTH,1.6,4.8,1014.43,0,0,0,0,,
2021-07-30,22:15,24.6,16.1,60,SOUTH,1.6,3.2,1014.66,0,0,0,0,,
2021-07-30,22:30,24.5,16.1,61,SOUTH,1.6,4.8,1014.53,0,0,0,0,,
2021-07-30,22:45,25.4,16.1,57,ESE,1.6,8,1014.33,0,0,0,0,,
2021-07-30,23:00,25.9,16.1,56,SE,3.2,8,1014.36,0,0,0,0,,
2021-07-30,23:15,25.7,16.7,58,SE,3.2,11.3,1014.49,0,0,0,0,,
2021-07-30,23:30,25.6,16.7,59,NORTH,0,3.2,1014.49,0,0,0,0,,
2021-07-30,23:45,24.6,16.7,62,SE,1.6,3.2,1014.6,0,0,0,0,,
2021-07-30,OVR,,,,,,,,,,,,gustmax,38.6
2021-07-30,OVR,,,,,,,,,,,,rainrate_max,0
2021-07-30,OVR,,,,,,,,,,,,rain_total_mm,0
2021-07-30,OVR,,,,,,,,,,,,tmax,36.7
2021-07-30,OVR,,,,,,,,,,,,tmin,23.2
2021-07-30,OVR,,,,,,,,,,,,wind_dir_mean_deg,112.5
2021-07-31,00:00,23.4,16.7,66,SE,1.6,3.2,1014.6,0,0,0,0,,
2021-07-31,00:15,23.3,17.2,68,SE,1.6,3.2,1014.7,0,0,0,0,,
2021-07-31,00:30,22.9,17.2,71,SE,1.6,3.2,1014.43,0,0,0,0,,
2021-07-31,00:45,22.9,17.2,72,SE,1.6,3.2,1014.22,0,0,0,0,,
2021-07-31,01:00,22.3,17.2,73,SE,1.6,3.2,1014.02,0,0,0,0,,
2021-07-31,01:15,22.9,17.2,72,NORTH,0,3.2,1014.02,0,0,0,0,,
2021-07-31,01:30,22.7,17.2,72,SE,1.6,4.8,1014.09,0,0,0,0,,
2021-07-31,01:45,23.4,17.2,70,NORTH,0,3.2,1014.19,0,0,0,0,,
2021-07-31,02:00,22.6,17.8,74,SE,1.6,3.2,1014.26,0,0,0,0,,
2021-07-31,02:15,22.4,17.2,74,SE,1.6,3.2,1014.36,0,0,0,0,,
2021-07-31,02:30,22.1,17.8,76,SE,3.2,3.2,1014.19,0,0,0,0,,
2021-07-31,02:45,21.9,17.2,76,NORTH,0,4.8,1014.19,0,0,0,0,,
2021-07-31,03:00,22.3,17.2,75,SE,3.2,3.2,1013.95,0,0,0,0,,
2021-07-31,03:15,22.1,17.2,74,SE,1.6,3.2,1013.92,0,0,0,0,,
2021-07-31,03:30,22.6,17.8,74,SE,4.8,6.4,1013.61,0,0,0,0,,
2021-07-31,03:45,22.5,17.2,74,SE,1.6,3.2,1013.58,0,0,0,0,,
2021-07-31,04:00,22.7,17.2,73,SE,3.2,4.8,1013.44,0,0,0,0,,
2021-07-31,04:15,22.8,17.2,73,SE,1.6,3.2,1013.07,0,0,0,0,,
2021-07-31,04:30,22.8,17.2,72,SE,3.2,3.2,1012.9,0,0,0,0,,
2021-07-31,04:45,22.1,17.8,76,NORTH,0,4.8,1013,0,0,0,0,,
2021-07-31,05:00,21.7,16.7,75,NW,6.4,11.3,1012.8,0,0,0,0,,
2021-07-31,05:15,20.8,16.7,78,NW,3.2,3.2,1012.53,0,0,0,0,,
2021-07-31,05:30,21.2,17.2,78,ENE,1.6,6.4,1012.39,0,0,0,0,,
2021-07-31,05:45,22.1,17.2,74,ENE,1.6,4.8,1012.29,0,0,0,0,,
2021-07-31,06:00,22.3,16.7,72,NORTH,0,3.2,1012.26,0,0,0,0,,
2021-07-31,06:15,22.1,16.7,73,NORTH,0,4.8,1012.36,0,0,0,0,,
2021-07-31,06:30,20.8,16.7,77,ENE,1.6,3.2,1012.39,0,0,0,0,,
2021-07-31,06:45,21.4,16.7,74,NORTH,0,4.8,1012.26,0,0,0,21,,
2021-07-31,07:00,22.1,16.7,73,NORTH,0,3.2,1012.26,0,0,0,42,,
2021-07-31,07:15,22.3,17.2,73,NORTH,0,3.2,1012.7,0,0,0,76,,
2021-07-31,07:30,23.4,17.2,68,ENE,1.6,4.8,1012.43,0,0,0,125,,
2021-07-31,07:45,24.1,16.7,63,ENE,1.6,6.4,1012.29,0,0,0,139,,
2021-07-31,08:00,25.4,16.1,57,ENE,4.8,8,1011.99,0,0,0,179,,
2021-07-31,08:15,26.4,16.1,53,EAST,1.6,8,1011.89,0,0,0,230,,
2021-07-31,08:30,26.9,17.2,56,SSE,3.2,8,1012.19,0,0,1,281,,
2021-07-31,08:45,26.6,17.8,58,SE,3.2,11.3,1012.09,0,0,1,332,,
2021-07-31,09:00,29.1,15.6,44,EAST,3.2,9.7,1012.06,0,0,1,415,,
2021-07-31,09:15,28.4,18.3,55,SE,6.4,8,1012.23,0,0,2,438,,
2021-07-31,09:30,29.9,15.6,43,EAST,4.8,6.4,1012.06,0,0,2,385,,
2021-07-31,09:45,30.7,15.6,40,EAST,3.2,9.7,1012.12,0,0,2,504,,
2021-07-31,10:00,31.1,15.6,39,ENE,9.7,12.9,1012.16,0,0,2,302,,
2021-07-31,10:15,30.9,15,39,EAST,3.2,12.9,1012.16,0,0,1,220,,
2021-07-31,10:30,32,14.4,35,EAST,11.3,14.5,1012.09,0,0,3,425,,
2021-07-31,10:45,32.6,14.4,33,ESE,4.8,16.1,1012.12,0,0,2,376,,
2021-07-31,11:00,32.9,14.4,33,SE,8,17.7,1011.92,0,0,2,496,,
2021-07-31,11:15,32.6,14.4,33,SE,11.3,17.7,1011.99,0,0,2,304,,
2021-07-31,11:30,32.8,15,34,SSE,16.1,30.6,1011.82,0,0,2,251,,
2021-07-31,11:45,33.1,15.6,35,ESE,12.9,29,1011.89,0,0,5,886,,
2021-07-31,12:00,32.9,15.6,36,SSE,11.3,25.7,1012.19,0,0,2,348,,
2021-07-31,12:15,33.6,15.6,34,SSE,11.3,24.1,1012.19,0,0,5,965,,
2021-07-31,12:30,33.8,15.6,34,SE,4.8,25.7,1012.09,0,0,3,279,,
2021-07-31,12:45,34.4,15.6,32,SSE,11.3,24.1,1012.12,0,0,5,840,,
2021-07-31,13:00,34,15.6,33,SSE,8,20.9,1011.89,0,0,3,705,,
2021-07-31,13:15,33.6,16.1,36,ESE,9.7,19.3,1011.92,0,0,2,239,,
2021-07-31,13:30,34.1,17.2,37,SE,8,22.5,1012.06,0,0,6,909,,
2021-07-31,13:45,34.4,17.2,36,SOUTH,8,20.9,1012.02,0,0,6,860,,
2021-07-31,14:00,34.8,17.2,35,SE,6.4,19.3,1011.95,0,0,5,847,,
2021-07-31,14:15,35.3,16.7,34,SSE,11.3,16.1,1011.99,0,0,5,837,,
2021-07-31,14:30,35.4,17.2,34,ESE,16.1,19.3,1011.79,0,0,5,824,,
2021-07-31,14:45,35.8,17.2,33,SE,14.5,19.3,1011.72,0,0,5,803,,
2021-07-31,15:00,35.9,17.2,33,SE,9.7,17.7,1011.72,0,0,5,779,,
2021-07-31,15:15,35.7,17.2,33,SE,6.4,17.7,1011.72,0,0,4,756,,
2021-07-31,15:30,34.6,21.7,48,WNW,17.7,29,1011.68,0,0,4,728,,
2021-07-31,15:45,33.4,21.7,52,WEST,25.7,27.4,1011.51,0,0,4,710,,
2021-07-31,16:00,33,22.2,53,WEST,16.1,29,1011.48,0,0,4,668,,
2021-07-31,16:15,32.1,22.2,57,WNW,19.3,30.6,1011.41,0,0,3,645,,
2021-07-31,16:30,31.5,22.8,60,EAST,20.9,30.6,1011.38,0,0,3,628,,
2021-07-31,16:45,30.7,22.8,64,WEST,19.3,24.1,1011.48,0,0,2,515,,
2021-07-31,17:00,30.3,22.8,65,WEST,17.7,24.1,1011.75,0,0,2,496,,
2021-07-31,17:15,29.2,22.2,68,WEST,14.5,27.4,1011.85,0,0,1,146,,
2021-07-31,17:30,28.4,22.2,69,WNW,17.7,29,1011.92,0,0,1,155,,
2021-07-31,17:45,29.2,22.2,66,WNW,8,19.3,1011.65,0,0,1,202,,
2021-07-31,18:00,29.1,21.7,65,NW,8,20.9,1011.68,0,0,1,183,,
2021-07-31,18:15,29.1,21.7,65,NW,6.4,20.9,1011.65,0,0,0,155,,
2021-07-31,18:30,29.3,21.1,62,WEST,14.5,22.5,1011.55,0,0,0,120,,
2021-07-31,18:45,28.9,21.1,64,WEST,20.9,29,1011.95,0,0,0,51,,
2021-07-31,19:00,28.2,21.1,67,WEST,20.9,32.2,1011.82,0,0,0,56,,
2021-07-31,19:15,28.1,21.1,66,WNW,8,20.9,1012.02,0,0,0,81,,
2021-07-31,19:30,28.1,20.6,64,NNW,4.8,20.9,1011.72,0,0,0,23,,
2021-07-31,19:45,27.9,20,64,WEST,17.7,20.9,1012.23,0,0,0,11,,
2021-07-31,20:00,27.8,19.4,62,NW,1.6,12.9,1011.51,0,0,0,23,,
2021-07-31,20:15,27.7,19.4,61,EAST,3.2,8,1011.21,0,0,0,19,,
2021-07-31,20:30,28,18.3,57,NORTH,0,4.8,1012.19,0,0,0,0,,
2021-07-31,20:45,27.8,18.9,60,SSE,4.8,6.4,1013.07,0,0,0,0,,
2021-07-31,21:00,27.4,19.4,62,SSE,1.6,4.8,1011.85,0,0,0,0,,
2021-07-31,21:15,26.9,18.9,63,EAST,3.2,6.4,1011.68,0,0,0,0,,
2021-07-31,21:30,27.4,17.2,54,SE,3.2,8,1011.82,0,0,0,0,,
2021-07-31,21:45,28.9,17.2,50,SE,6.4,8,1011.95,0,0,0,0,,
2021-07-31,22:00,29.3,18.3,52,SE,12.9,16.1,1012.26,0,0,0,0,,
2021-07-31,22:15,29.1,18.9,56,SSE,6.4,22.5,1013.07,0,0,0,0,,
2021-07-31,22:30,28.6,20,60,ESE,11.3,24.1,1013.58,0,0,0,0,,
2021-07-31,22:45,27.9,20,63,SE,12.9,22.5,1014.83,0,0,0,0,,
2021-07-31,23:00,28.3,18.3,56,SOUTH,4.8,25.7,1014.93,0,0,0,0,,
2021-07-31,23:15,29.4,17.2,48,SSW,3.2,32.2,1014.29,0,0,0,0,,
2021-07-31,23:30,29.9,15.6,42,SE,11.3,16.1,1013.92,0,0,0,0,,
2021-07-31,23:45,30.7,14.4,38,SE,6.4,24.1,1013.85,0,0,0,0,,
2021-07-31,OVR,,,,,,,,,,,,gustmax,38.6
2021-07-31,OVR,,,,,,,,,,,,rainrate_max,0
2021-07-31,OVR,,,,,,,,,,,,rain_total_mm,0
2021-07-31,OVR,,,,,,,,,,,,tmax,36.2
2021-07-31,OVR,,,,,,,,,,,,tmin,20.6
2021-07-31,OVR,,,,,,,,,,,,wind_dir_mean_deg,135
