date,time,temp_c,dewpoint_c,rh_pct,wind_dir_txt,wind_kmh,gust_kmh,press_hpa,rain_acc_mm,rain_rate_mmph,uv,solar_wm2,key,value
2021-05-01,00:00,16.1,12.8,81,SE,8,16.1,1009.89,0,0,0,0,,
2021-05-01,00:15,16.1,12.2,80,ESE,6.4,17.7,1010.02,0,0,0,0,,
2021-05-01,00:30,16.8,12.2,74,SE,11.3,14.5,1010.16,0,0,0,0,,
2021-05-01,00:45,17.3,11.7,71,EAST,3.2,16.1,1010.3,0,0,0,0,,
2021-05-01,01:00,17,11.7,72,ESE,12.9,12.9,1010.23,0,0,0,0,,
2021-05-01,01:15,17.2,11.7,70,ESE,8,14.5,1010.67,0,0,0,0,,
2021-05-01,01:30,16.3,11.7,76,SE,11.3,17.7,1010.57,0,0,0,0,,
2021-05-01,01:45,15.9,12.2,80,ESE,17.7,17.7,1010.46,0,0,0,0,,
2021-05-01,02:00,15.8,12.2,81,ESE,6.4,16.1,1010.13,0,0,0,0,,
2021-05-01,02:15,15.9,12.2,80,ESE,4.8,14.5,1009.58,0,0,0,0,,
2021-05-01,02:30,15.8,12.2,80,NORTH,0,6.4,1009.48,0,0,0,0,,
2021-05-01,02:45,15.1,12.2,85,EAST,3.2,8,1009.58,0,0,0,0,,
2021-05-01,03:00,14.6,12.2,86,EAST,4.8,4.8,1009.48,0,0,0,0,,
2021-05-01,03:15,14.9,11.7,83,EAST,3.2,6.4,1009.38,0,0,0,0,,
2021-05-01,03:30,15.1,11.7,82,NORTH,0,4.8,1009.41,0,0,0,0,,
2021-05-01,03:45,15,12.2,83,NE,1.6,6.4,1008.94,0,0,0,0,,
2021-05-01,04:00,14.9,11.7,83,NE,3.2,4.8,1008.84,0,0,0,0,,
2021-05-01,04:15,14.5,11.7,85,ENE,1.6,4.8,1008.6,0,0,0,0,,
2021-05-01,04:30,14.9,11.7,82,EAST,3.2,4.8,1008.64,0,0,0,0,,
2021-05-01,04:45,14.3,11.7,85,SE,8,16.1,1008.84,0,0,0,0,,
2021-05-01,05:00,14.7,12.2,86,ESE,4.8,12.9,1008.53,0,0,0,0,,
2021-05-01,05:15,15.8,11.1,75,SE,6.4,11.3,1008.64,0,0,0,0,,
2021-05-01,05:30,16,11.7,77,SE,4.8,11.3,1008.81,0,0,0,0,,
2021-05-01,05:45,15.2,12.2,84,SE,11.3,14.5,1008.74,0,0,0,0,,
2021-05-01,06:00,15,12.8,89,SE,14.5,17.7,1009.11,0,0,0,0,,
2021-05-01,06:15,14.8,13.3,90,ESE,6.4,14.5,1009.28,0,0,0,0,,
2021-05-01,06:30,14.7,12.8,90,NORTH,0,6.4,1009.21,0,0,0,0,,
2021-05-01,06:45,14.2,12.2,89,NNW,1.6,6.4,1009.45,0,0,0,9,,
2021-05-01,07:00,14.2,12.2,90,NORTH,0,4.8,1009.52,0,0,0,35,,
2021-05-01,07:15,14.9,12.8,89,ESE,6.4,14.5,1009.92,0,0,0,9,,
2021-05-01,07:30,14.8,12.8,89,SE,8,17.7,1009.41,0,0,0,14,,
2021-05-01,07:45,14.6,12.2,87,EAST,4.8,16.1,1009.89,0,0,0,40,,
2021-05-01,08:00,14.9,12.8,88,SE,1.6,4.8,1010.06,0,0,0,49,,
2021-05-01,08:15,15.1,13.3,91,SE,14.5,12.9,1010.02,0,0,0,54,,
2021-05-01,08:30,14.9,13.3,92,ESE,9.7,12.9,1009.69,0,0,0,83,,
2021-05-01,08:45,14.9,13.3,92,SE,6.4,16.1,1009.72,0,0,0,44,,
2021-05-01,09:00,15,13.3,91,SE,6.4,12.9,1009.99,0,0,0,69,,
2021-05-01,09:15,15,13.3,92,SE,6.4,17.7,1009.89,0,0,0,74,,
2021-05-01,09:30,15.1,13.3,92,EAST,11.3,16.1,1009.65,0,0,0,121,,
2021-05-01,09:45,15.1,13.3,92,SE,12.9,19.3,1010.36,0,0,0,116,,
2021-05-01,10:00,15.2,13.3,91,ESE,12.9,17.7,1010.4,0,0,0,74,,
2021-05-01,10:15,15.3,13.9,92,SE,19.3,25.7,1009.96,0,0,0,125,,
2021-05-01,10:30,15.8,14.4,91,ESE,9.7,25.7,1010.02,0,0,1,176,,
2021-05-01,10:45,16.3,14.4,89,ESE,9.7,33.8,1010.36,0,0,1,274,,
2021-05-01,11:00,17,14.4,87,ESE,20.9,29,1010.33,0,0,1,244,,
2021-05-01,11:15,17.3,14.4,86,SE,22.5,32.2,1010.77,0,0,2,315,,
2021-05-01,11:30,17.1,14.4,86,SSE,17.7,30.6,1010.5,0,0,2,353,,
2021-05-01,11:45,17.2,15,87,SE,12.9,25.7,1010.57,0,0,2,420,,
2021-05-01,12:00,17.4,15,87,SE,14.5,29,1010.57,0,0,2,425,,
2021-05-01,12:15,17.8,15.6,86,SE,20.9,27.4,1010.77,0,0,2,420,,
2021-05-01,12:30,18.3,15.6,85,SSE,14.5,24.1,1010.9,0,0,2,420,,
2021-05-01,12:45,18.3,15.6,83,SE,3.2,33.8,1010.97,0,0,3,494,,
2021-05-01,13:00,18.5,15,82,SSE,16.1,27.4,1010.94,0,0,2,241,,
2021-05-01,13:15,17.9,14.4,82,WNW,11.3,24.1,1011.48,0,0,1,95,,
2021-05-01,13:30,17.2,14.4,83,WEST,29,27.4,1011.51,0,0,2,353,,
2021-05-01,13:45,17.5,13.9,81,WEST,4.8,32.2,1011.58,0,0,3,438,,
2021-05-01,14:00,17.4,13.9,80,NNW,25.7,32.2,1011.62,0,0,2,339,,
2021-05-01,14:15,17.4,13.9,80,WSW,9.7,37,1011.51,0,0,3,360,,
2021-05-01,14:30,17.2,13.3,80,WSW,16.1,30.6,1011.62,0,0,1,229,,
2021-05-01,14:45,17.1,13.3,79,WNW,11.3,16.1,1011.55,0,0,0,69,,
2021-05-01,15:00,16.8,13.3,80,WSW,3.2,16.1,1011.79,0,0,0,54,,
2021-05-01,15:15,16.8,12.2,76,WEST,9.7,24.1,1011.51,0,0,1,162,,
2021-05-01,15:30,16.9,12.8,78,SSE,1.6,14.5,1011.58,0,0,0,98,,
2021-05-01,15:45,16.9,12.8,78,WEST,3.2,27.4,1011.51,0,0,1,171,,
2021-05-01,16:00,17.5,13.3,78,WNW,6.4,12.9,1011.58,0,0,1,211,,
2021-05-01,16:15,17.3,12.8,75,SSW,3.2,40.2,1011.65,0,0,1,243,,
2021-05-01,16:30,16.8,12.2,76,WNW,9.7,27.4,1012.02,0,0,1,105,,
2021-05-01,16:45,16.4,12.8,79,WEST,14.5,19.3,1012.02,0,0,0,91,,
2021-05-01,17:00,16.1,12.8,82,WEST,12.9,29,1012.39,0,0,0,63,,
2021-05-01,17:15,14.9,13.3,90,WEST,14.5,30.6,1012.73,0,0,0,72,,
2021-05-01,17:30,15.1,13.3,91,SSW,3.2,16.1,1012.63,0,0,1,281,,
2021-05-01,17:45,15.6,13.9,90,SW,1.6,20.9,1012.73,0,0,1,206,,
2021-05-01,18:00,15.7,13.3,87,WEST,11.3,24.1,1012.84,0,0,1,190,,
2021-05-01,18:15,16.1,13.3,85,WEST,11.3,25.7,1012.87,0,0,0,237,,
2021-05-01,18:30,16,12.8,83,WNW,14.5,25.7,1013.24,0,0,1,285,,
2021-05-01,18:45,15.7,12.2,82,WNW,16.1,38.6,1013.17,0,0,0,97,,
2021-05-01,19:00,15.3,12.2,82,WNW,19.3,29,1013.34,0,0,0,58,,
2021-05-01,19:15,15.6,11.7,79,NNW,3.2,40.2,1013.82,0,0,0,109,,
2021-05-01,19:30,15.1,11.7,81,WEST,11.3,25.7,1013.85,0,0,0,23,,
2021-05-01,19:45,14.8,11.7,82,WEST,4.8,25.7,1014.19,0,0,0,0,,
2021-05-01,20:00,14.7,12.2,85,WNW,3.2,22.5,1014.33,0,0,0,11,,
2021-05-01,20:15,14.4,11.7,85,WSW,4.8,17.7,1014.66,0,0,0,0,,
2021-05-01,20:30,14.5,11.7,83,WNW,16.1,40.2,1015.07,0,0,0,0,,
2021-05-01,20:45,14.2,11.7,85,WNW,12.9,22.5,1015.54,0,0,0,0,,
2021-05-01,21:00,13.9,11.7,86,SW,12.9,29,1015.68,0,0,0,0,,
2021-05-01,21:15,13.4,11.1,85,WEST,14.5,29,1015.75,0,0,0,0,,
2021-05-01,21:30,13.2,10.6,86,WEST,12.9,30.6,1016.05,0,0,0,0,,
2021-05-01,21:45,13,10,84,WNW,16.1,35.4,1016.32,0,0,0,0,,
2021-05-01,22:00,12.9,10,84,NNW,22.5,41.8,1016.53,0,0,0,0,,
2021-05-01,22:15,12.6,10,86,WEST,16.1,40.2,1016.7,0,0,0,0,,
2021-05-01,22:30,12.5,10,87,WEST,19.3,29,1017.03,0,0,0,0,,
2021-05-01,22:45,12.4,10.6,88,WEST,16.1,33.8,1017.14,0,0,0,0,,
2021-05-01,23:00,12.6,10.6,89,WEST,19.3,37,1016.97,0,0,0,0,,
2021-05-01,23:15,12.4,10.6,90,WEST,19.3,30.6,1017.24,0,0,0,0,,
2021-05-01,23:30,12.4,10.6,89,WNW,30.6,43.5,1017.17,0,0,0,0,,
2021-05-01,23:45,12.4,10.6,89,WEST,24.1,38.6,1017.17,0,0,0,0,,
2021-05-01,OVR,,,,,,,,,,,,gustmax,43.5
2021-05-01,OVR,,,,,,,,,,,,rainrate_max,0
2021-05-01,OVR,,,,,,,,,,,,rain_total_mm,0
2021-05-01,OVR,,,,,,,,,,,,tmax,18.6
2021-05-01,OVR,,,,,,,,,,,,tmin,12.2
2021-05-01,OVR,,,,,,,,,,,,wind_dir_mean_deg,112.5
2021-05-02,00:00,12.2,10,89,WEST,22.5,38.6,1017.37,0,0,0,0,,
2021-05-02,00:15,12.2,10,89,WNW,19.3,40.2,1017.71,0,0,0,0,,
2021-05-02,00:30,12.2,10,89,WEST,24.1,37,1017.68,0,0,0,0,,
2021-05-02,00:45,12.2,10,89,WEST,20.9,27.4,1017.81,0,0,0,0,,
2021-05-02,01:00,11.9,10,89,WNW,16.1,29,1017.68,0,0,0,0,,
2021-05-02,01:15,11.8,10,90,WEST,12.9,30.6,1017.61,0,0,0,0,,
2021-05-02,01:30,11.8,10,90,WEST,11.3,29,1017.68,0,0,0,0,,
2021-05-02,01:45,11.8,10,90,WEST,14.5,25.7,1017.61,0,0,0,0,,
2021-05-02,02:00,11.9,10,91,WEST,20.9,25.7,1017.44,0,0,0,0,,
2021-05-02,02:15,12.1,10.6,90,ENE,19.3,29,1017.75,0,0,0,0,,
2021-05-02,02:30,12.1,10.6,90,WEST,19.3,30.6,1017.61,0,0,0,0,,
2021-05-02,02:45,11.9,10.6,91,WEST,24.1,25.7,1017.91,0,0,0,0,,
2021-05-02,03:00,11.8,10,91,WNW,19.3,35.4,1017.71,0,0,0,0,,
2021-05-02,03:15,11.7,10,90,WNW,17.7,32.2,1017.64,0,0,0,0,,
2021-05-02,03:30,11.7,10,89,WEST,17.7,30.6,1017.31,0,0,0,0,,
2021-05-02,03:45,11.7,9.4,88,WNW,16.1,25.7,1017.54,0,0,0,0,,
2021-05-02,04:00,11.6,9.4,89,WNW,12.9,37,1017.54,0,0,0,0,,
2021-05-02,04:15,11.7,10,89,WEST,20.9,27.4,1017.51,0,0,0,0,,
2021-05-02,04:30,11.6,9.4,89,WEST,22.5,29,1017.68,0,0,0,0,,
2021-05-02,04:45,11.6,9.4,89,WEST,12.9,24.1,1017.64,0,0,0,0,,
2021-05-02,05:00,11.4,9.4,89,WNW,12.9,17.7,1017.75,0,0,0,0,,
2021-05-02,05:15,11.3,9.4,89,WEST,9.7,17.7,1017.71,0,0,0,0,,
2021-05-02,05:30,11.2,9.4,89,WEST,16.1,17.7,1017.54,0,0,0,0,,
2021-05-02,05:45,11.1,8.9,89,WNW,8,16.1,1017.51,0,0,0,0,,
2021-05-02,06:00,11.1,8.9,89,WNW,6.4,16.1,1017.78,0,0,0,0,,
2021-05-02,06:15,11.2,9.4,89,WNW,11.3,20.9,1017.75,0,0,0,0,,
2021-05-02,06:30,11.2,8.9,88,WNW,3.2,17.7,1017.95,0,0,0,0,,
2021-05-02,06:45,11.2,8.9,88,WNW,8,12.9,1017.95,0,0,0,25,,
2021-05-02,07:00,11.4,9.4,87,WNW,11.3,17.7,1018.25,0,0,0,46,,
2021-05-02,07:15,11.5,8.9,87,WNW,8,16.1,1018.22,0,0,0,81,,
2021-05-02,07:30,11.6,9.4,86,WNW,3.2,17.7,1018.63,0,0,0,116,,
2021-05-02,07:45,11.6,9.4,87,WNW,6.4,8,1018.83,0,0,0,135,,
2021-05-02,08:00,12,9.4,85,WNW,12.9,16.1,1018.76,0,0,0,144,,
2021-05-02,08:15,12.1,9.4,85,WEST,16.1,22.5,1018.8,0,0,1,179,,
2021-05-02,08:30,12.3,9.4,84,WNW,4.8,14.5,1018.93,0,0,1,278,,
2021-05-02,08:45,12.6,10,84,WNW,9.7,17.7,1019.2,0,0,1,271,,
2021-05-02,09:00,12.8,10,84,WEST,4.8,11.3,1019.13,0,0,2,378,,
2021-05-02,09:15,13.2,10,81,WEST,1.6,14.5,1019.17,0,0,2,359,,
2021-05-02,09:30,13.8,10,79,SOUTH,1.6,17.7,1019.68,0,0,2,461,,
2021-05-02,09:45,13.8,10,79,SSW,1.6,12.9,1019.91,0,0,2,200,,
2021-05-02,10:00,13.9,9.4,76,WNW,9.7,16.1,1020.01,0,0,2,165,,
2021-05-02,10:15,13.8,10,78,WEST,6.4,14.5,1020.22,0,0,3,629,,
2021-05-02,10:30,13.9,9.4,76,WNW,1.6,12.9,1020.56,0,0,4,758,,
2021-05-02,10:45,14.9,10,74,NORTH,0,4.8,1020.66,0,0,5,835,,
2021-05-02,11:00,15.2,10,71,WNW,6.4,19.3,1020.62,0,0,5,770,,
2021-05-02,11:15,15.3,10,71,WNW,1.6,14.5,1020.45,0,0,5,881,,
2021-05-02,11:30,15.6,9.4,68,WNW,6.4,17.7,1020.69,0,0,5,865,,
2021-05-02,11:45,15.9,9.4,66,SW,3.2,16.1,1020.62,0,0,5,707,,
2021-05-02,12:00,15.9,8.9,64,WEST,4.8,14.5,1020.69,0,0,6,896,,
2021-05-02,12:15,16.6,9.4,64,WNW,12.9,14.5,1020.42,0,0,7,963,,
2021-05-02,12:30,16.9,9.4,61,WNW,4.8,14.5,1020.35,0,0,6,1032,,
2021-05-02,12:45,16.9,8.3,58,WEST,14.5,24.1,1020.12,0,0,7,939,,
2021-05-02,13:00,16.8,8.9,60,NORTH,0,14.5,1020.08,0,0,7,951,,
2021-05-02,13:15,17.1,7.8,55,NW,3.2,20.9,1019.88,0,0,7,942,,
2021-05-02,13:30,17.8,8.3,55,WSW,3.2,17.7,1019.71,0,0,7,935,,
2021-05-02,13:45,17.7,8.3,55,NW,14.5,17.7,1019.74,0,0,7,930,,
2021-05-02,14:00,17.8,8.9,57,,3.2,20.9,1020.05,0,0,7,949,,
2021-05-02,14:15,18.2,8.3,53,WEST,17.7,25.7,1019.74,0,0,6,805,,
2021-05-02,14:30,18.4,8.9,55,WNW,11.3,20.9,1019.78,0,0,6,891,,
2021-05-02,14:45,18.3,8.3,52,WEST,14.5,25.7,1019.54,0,0,6,865,,
2021-05-02,15:00,18.7,8.9,54,WNW,14.5,20.9,1019.68,0,0,6,842,,
2021-05-02,15:15,18.7,8.9,54,WNW,19.3,22.5,1019.4,0,0,5,812,,
2021-05-02,15:30,19.1,8.3,50,WEST,9.7,17.7,1019.51,0,0,5,786,,
2021-05-02,15:45,18.9,7.8,49,NW,6.4,25.7,1019.34,0,0,4,684,,
2021-05-02,16:00,18.7,8.3,52,WNW,12.9,22.5,1019.74,0,0,4,431,,
2021-05-02,16:15,18.8,8.3,51,WEST,20.9,27.4,1019.81,0,0,4,680,,
2021-05-02,16:30,18.3,8.3,52,WEST,25.7,29,1019.54,0,0,3,543,,
2021-05-02,16:45,18.2,7.2,50,WEST,11.3,24.1,1019.57,0,0,3,615,,
2021-05-02,17:00,17.9,7.8,51,WEST,9.7,29,1019.2,0,0,2,257,,
2021-05-02,17:15,18.1,7.8,51,WNW,17.7,32.2,1019.3,0,0,2,547,,
2021-05-02,17:30,18.3,8.3,53,WNW,12.9,27.4,1019.13,0,0,2,462,,
2021-05-02,17:45,18.3,8.9,54,WNW,14.5,22.5,1019.17,0,0,2,410,,
2021-05-02,18:00,18.1,8.9,55,WNW,19.3,22.5,1018.93,0,0,1,353,,
2021-05-02,18:15,17.8,10,60,NORTH,12.9,27.4,1018.86,0,0,1,301,,
2021-05-02,18:30,17.4,9.4,60,WEST,17.7,27.4,1019.03,0,0,1,246,,
2021-05-02,18:45,17.2,8.9,60,WNW,20.9,25.7,1018.86,0,0,0,193,,
2021-05-02,19:00,16.9,8.9,61,ENE,12.9,24.1,1018.73,0,0,0,141,,
2021-05-02,19:15,16.6,9.4,64,WNW,11.3,29,1018.8,0,0,0,91,,
2021-05-02,19:30,16.3,9.4,64,WEST,20.9,22.5,1018.9,0,0,0,58,,
2021-05-02,19:45,15.7,8.9,65,WEST,11.3,19.3,1019.07,0,0,0,25,,
2021-05-02,20:00,15.3,8.9,66,WNW,4.8,17.7,1019.07,0,0,0,16,,
2021-05-02,20:15,14.7,8.9,68,WNW,3.2,11.3,1019.34,0,0,0,9,,
2021-05-02,20:30,14.1,8.9,71,SW,1.6,16.1,1019.17,0,0,0,0,,
2021-05-02,20:45,12.9,8.3,76,SW,1.6,4.8,1019.3,0,0,0,0,,
2021-05-02,21:00,12.7,8.9,77,SW,1.6,4.8,1019.37,0,0,0,0,,
2021-05-02,21:15,12.7,8.9,77,NORTH,0,6.4,1019.61,0,0,0,0,,
2021-05-02,21:30,12.2,8.3,78,EAST,1.6,4.8,1019.81,0,0,0,0,,
2021-05-02,21:45,12.3,8.3,78,NORTH,0,3.2,1019.91,0,0,0,0,,
2021-05-02,22:00,11.6,8.3,80,NNE,1.6,3.2,1020.29,0,0,0,0,,
2021-05-02,22:15,12.4,7.8,75,NNE,1.6,3.2,1020.52,0,0,0,0,,
2021-05-02,22:30,12.6,7.8,72,NORTH,0,1.6,1020.73,0,0,0,0,,
2021-05-02,22:45,13.2,7.8,72,NNE,1.6,3.2,1020.62,0,0,0,0,,
2021-05-02,23:00,13.2,8.3,72,,1.6,3.2,1020.62,0,0,0,0,,
2021-05-02,23:15,12.8,8.3,74,,3.2,6.4,1020.73,0,0,0,0,,
2021-05-02,23:30,12.9,8.3,74,NORTH,0,3.2,1020.83,0,0,0,0,,
2021-05-02,23:45,12.3,8.3,76,,1.6,3.2,1020.96,0,0,0,0,,
2021-05-02,OVR,,,,,,,,,,,,gustmax,40.2
2021-05-02,OVR,,,,,,,,,,,,rainrate_max,0
2021-05-02,OVR,,,,,,,,,,,,rain_total_mm,0
2021-05-02,OVR,,,,,,,,,,,,tmax,19.3
2021-05-02,OVR,,,,,,,,,,,,tmin,11.1
2021-05-02,OVR,,,,,,,,,,,,wind_dir_mean_deg,292.5
2021-05-03,00:00,12.6,8.3,76,NORTH,0,4.8,1020.96,0,0,0,0,,
2021-05-03,00:15,12.3,8.3,77,,1.6,3.2,1021.1,0,0,0,0,,
2021-05-03,00:30,12.8,8.3,75,,1.6,4.8,1020.96,0,0,0,0,,
2021-05-03,00:45,12.7,8.3,75,,1.6,3.2,1020.96,0,0,0,0,,
2021-05-03,01:00,12.3,8.3,76,NORTH,0,3.2,1020.93,0,0,0,0,,
2021-05-03,01:15,11.9,7.8,78,,1.6,1.6,1020.89,0,0,0,0,,
2021-05-03,01:30,11.9,8.3,78,,1.6,3.2,1020.89,0,0,0,0,,
2021-05-03,01:45,12.2,8.3,78,NORTH,0,3.2,1020.89,0,0,0,0,,
2021-05-03,02:00,12.4,8.3,77,,1.6,3.2,1020.59,0,0,0,0,,
2021-05-03,02:15,12.8,8.3,74,,1.6,3.2,1020.59,0,0,0,0,,
2021-05-03,02:30,12.9,7.8,73,,3.2,3.2,1020.59,0,0,0,0,,
2021-05-03,02:45,12.8,8.3,74,NORTH,0,3.2,1020.45,0,0,0,0,,
2021-05-03,03:00,12.7,7.8,74,,1.6,4.8,1020.45,0,0,0,0,,
2021-05-03,03:15,12.2,7.8,77,,1.6,4.8,1020.18,0,0,0,0,,
2021-05-03,03:30,11.7,7.8,78,NORTH,0,1.6,1019.74,0,0,0,0,,
2021-05-03,03:45,11.6,7.8,80,NORTH,0,1.6,1019.68,0,0,0,0,,
2021-05-03,04:00,11.6,7.8,79,,3.2,4.8,1019.81,0,0,0,0,,
2021-05-03,04:15,11.5,7.8,79,NORTH,0,6.4,1020.05,0,0,0,0,,
2021-05-03,04:30,11.7,7.8,78,,4.8,8,1020.01,0,0,0,0,,
2021-05-03,04:45,11.9,7.8,77,NORTH,0,3.2,1020.01,0,0,0,0,,
2021-05-03,05:00,12.1,7.8,76,NORTH,0,3.2,1019.91,0,0,0,0,,
2021-05-03,05:15,12.5,7.8,73,,3.2,3.2,1020.05,0,0,0,0,,
2021-05-03,05:30,12.1,7.8,76,,3.2,6.4,1020.12,0,0,0,0,,
2021-05-03,05:45,12.6,7.8,72,,4.8,9.7,1020.08,0,0,0,0,,
2021-05-03,06:00,12.7,7.2,71,,4.8,16.1,1020.22,0,0,0,0,,
2021-05-03,06:15,12.9,7.2,70,NNW,4.8,9.7,1020.39,0,0,0,0,,
2021-05-03,06:30,13.3,7.2,67,NNW,6.4,16.1,1020.32,0,0,0,0,,
2021-05-03,06:45,13.6,7.2,65,NW,4.8,16.1,1020.49,0,0,0,9,,
2021-05-03,07:00,13.6,7.2,66,NW,1.6,8,1020.66,0,0,0,12,,
2021-05-03,07:15,13.7,7.2,66,NNW,1.6,4.8,1020.79,0,0,0,26,,
2021-05-03,07:30,13.3,7.2,68,NORTH,0,3.2,1021,0,0,0,44,,
2021-05-03,07:45,13.1,7.8,70,NORTH,0,1.6,1021,0,0,0,65,,
2021-05-03,08:00,13.2,7.8,70,NORTH,0,4.8,1021.2,0,0,0,76,,
2021-05-03,08:15,13.4,8.3,73,NORTH,0,3.2,1021.06,0,0,0,95,,
2021-05-03,08:30,13.6,8.3,72,NORTH,0,3.2,1021.06,0,0,0,109,,
2021-05-03,08:45,13.8,8.3,71,,3.2,4.8,1021.1,0,0,0,137,,
2021-05-03,09:00,14.1,8.9,72,NORTH,3.2,6.4,1021.06,0,0,1,192,,
2021-05-03,09:15,14.6,9.4,72,NORTH,1.6,4.8,1021.4,0,0,1,202,,
2021-05-03,09:30,14.8,9.4,70,NNW,3.2,4.8,1021.27,0,0,1,281,,
2021-05-03,09:45,15.6,8.3,62,NORTH,0,6.4,1021.84,0,0,2,406,,
2021-05-03,10:00,16.8,7.8,56,ESE,3.2,6.4,1021.88,0,0,3,664,,
2021-05-03,10:15,16.8,8.9,59,EAST,1.6,6.4,1021.74,0,0,2,345,,
2021-05-03,10:30,16.4,9.4,64,,4.8,8,1021.84,0,0,2,301,,
2021-05-03,10:45,16.3,9.4,65,,4.8,8,1021.81,0,0,2,250,,
2021-05-03,11:00,16.1,10,67,NNE,1.6,8,1021.61,0,0,2,265,,
2021-05-03,11:15,16.3,10,68,NORTH,0,9.7,1021.57,0,0,3,390,,
2021-05-03,11:30,16.5,10,67,ESE,1.6,9.7,1021.61,0,0,3,417,,
2021-05-03,11:45,17.2,10,62,EAST,3.2,9.7,1021.44,0,0,4,531,,
2021-05-03,12:00,17.6,9.4,60,ENE,6.4,14.5,1021.5,0,0,4,501,,
2021-05-03,12:15,18.2,10.6,62,ESE,1.6,14.5,1021.3,0,0,4,520,,
2021-05-03,12:30,18.3,10.6,61,ESE,3.2,12.9,1021.23,0,0,5,689,,
2021-05-03,12:45,19.1,11.1,60,EAST,3.2,16.1,1021.1,0,0,5,671,,
2021-05-03,13:00,18.8,10.6,60,SSE,3.2,11.3,1021.23,0,0,4,573,,
2021-05-03,13:15,18.9,10.6,58,SSE,6.4,12.9,1021,0,0,4,441,,
2021-05-03,13:30,18.9,10,57,EAST,3.2,9.7,1021.03,0,0,4,619,,
2021-05-03,13:45,19.2,7.8,48,NORTH,0,12.9,1021,0,0,4,513,,
2021-05-03,14:00,19.3,10.6,58,SSE,8,19.3,1020.59,0,0,5,631,,
2021-05-03,14:15,20,11.1,57,ENE,4.8,14.5,1020.32,0,0,7,1028,,
2021-05-03,14:45,19.7,10.6,56,SOUTH,3.2,12.9,1020.39,0,0,3,471,,
2021-05-03,15:00,20.2,10,52,SE,3.2,6.4,1020.15,0,0,3,371,,
2021-05-03,15:15,19.7,8.9,50,SE,3.2,12.9,1020.29,0,0,3,396,,
2021-05-03,15:30,20.1,9.4,50,ESE,1.6,8,1020.25,0,0,2,348,,
2021-05-03,15:45,19.8,9.4,52,ESE,4.8,6.4,1020.45,0,0,2,292,,
2021-05-03,16:00,19.7,10,55,SE,4.8,11.3,1020.22,0,0,2,336,,
2021-05-03,16:15,20,11.1,57,ESE,8,12.9,1020.25,0,0,3,436,,
2021-05-03,16:30,19.7,10,54,SSE,9.7,16.1,1020.56,0,0,2,330,,
2021-05-03,16:45,19.7,11.1,59,SE,11.3,20.9,1020.35,0,0,3,457,,
2021-05-03,17:00,19.5,10.6,56,SSE,9.7,17.7,1020.18,0,0,2,650,,
2021-05-03,17:15,19.3,11.1,58,SE,14.5,17.7,1020.22,0,0,2,388,,
2021-05-03,17:30,19.2,12.2,64,SSE,6.4,12.9,1019.84,0,0,1,209,,
2021-05-03,17:45,18.8,12.8,69,SSE,6.4,16.1,1020.22,0,0,1,207,,
2021-05-03,18:00,18.5,12.8,71,SE,11.3,19.3,1020.05,0,0,1,213,,
2021-05-03,18:15,18.3,12.8,71,SE,11.3,20.9,1019.91,0,0,1,216,,
2021-05-03,18:30,18.3,12.8,71,SE,6.4,14.5,1019.64,0,0,1,199,,
2021-05-03,18:45,18.1,13.3,75,SSE,6.4,16.1,1019.81,0,0,0,190,,
2021-05-03,19:00,17.5,12.8,75,SE,6.4,16.1,1019.68,0,0,0,149,,
2021-05-03,19:15,17.1,12.8,76,SE,8,17.7,1020.01,0,0,0,79,,
2021-05-03,19:30,16.6,12.2,75,SE,6.4,17.7,1019.98,0,0,0,30,,
2021-05-03,19:45,16.2,12.2,78,SSE,8,11.3,1020.15,0,0,0,21,,
2021-05-03,20:00,15.7,12.2,80,SE,4.8,11.3,1020.22,0,0,0,11,,
2021-05-03,20:15,15.3,12.2,82,SE,11.3,11.3,1020.39,0,0,0,0,,
2021-05-03,20:30,15.2,12.2,83,SSE,11.3,16.1,1020.29,0,0,0,0,,
2021-05-03,20:45,14.9,12.2,85,SE,12.9,17.7,1020.56,0,0,0,0,,
2021-05-03,21:00,14.6,12.2,88,SE,6.4,20.9,1020.59,0,0,0,0,,
2021-05-03,21:15,14.4,12.8,90,SE,14.5,20.9,1020.86,0,0,0,0,,
2021-05-03,21:30,14.2,12.8,91,SE,12.9,19.3,1020.83,0,0,0,0,,
2021-05-03,21:45,14,12.8,92,ESE,9.7,19.3,1020.83,0,0,0,0,,
2021-05-03,22:00,13.8,12.2,92,ESE,14.5,22.5,1021.2,0,0,0,0,,
2021-05-03,22:15,13.7,12.2,93,ESE,16.1,20.9,1021.47,0,0,0,0,,
2021-05-03,22:30,13.7,12.2,92,SE,12.9,22.5,1021.4,0,0,0,0,,
2021-05-03,22:45,13.5,12.2,92,SE,16.1,22.5,1021.44,0,0,0,0,,
2021-05-03,23:00,13.4,11.7,92,ESE,14.5,20.9,1021.3,0,0,0,0,,
2021-05-03,23:15,13.3,11.7,92,SE,8,16.1,1021.27,0,0,0,0,,
2021-05-03,23:30,13.2,11.7,92,SE,8,17.7,1021.23,0,0,0,0,,
2021-05-03,23:45,13.1,11.7,92,ESE,6.4,16.1,1021,0,0,0,0,,
2021-05-03,OVR,,,,,,,,,,,,gustmax,24.1
2021-05-03,OVR,,,,,,,,,,,,rainrate_max,0
2021-05-03,OVR,,,,,,,,,,,,rain_total_mm,0
2021-05-03,OVR,,,,,,,,,,,,tmax,20.3
2021-05-03,OVR,,,,,,,,,,,,tmin,11.3
2021-05-03,OVR,,,,,,,,,,,,wind_dir_mean_deg,0
2021-05-04,00:00,12.9,11.7,93,ESE,6.4,11.3,1020.96,0,0,0,0,,
2021-05-04,00:15,13.1,11.7,92,SE,8,17.7,1021.03,0,0,0,0,,
2021-05-04,00:30,13,11.7,92,SE,4.8,12.9,1021.1,0,0,0,0,,
2021-05-04,00:45,12.9,11.7,92,SE,4.8,11.3,1021.06,0,0,0,0,,
2021-05-04,01:00,12.9,11.1,91,ESE,4.8,12.9,1021.06,0,0,0,0,,
2021-05-04,01:15,12.8,11.1,91,ESE,4.8,9.7,1020.69,0,0,0,0,,
2021-05-04,01:30,12.9,11.1,89,ESE,9.7,14.5,1020.49,0,0,0,0,,
2021-05-04,01:45,13.1,10.6,86,SE,4.8,16.1,1020.15,0,0,0,0,,
2021-05-04,02:00,13.1,10.6,86,ESE,9.7,16.1,1019.88,0,0,0,0,,
2021-05-04,02:15,13.2,11.1,87,ESE,4.8,14.5,1019.54,0,0,0,0,,
2021-05-04,02:30,13.1,11.1,89,SE,11.3,9.7,1019.47,0,0,0,0,,
2021-05-04,02:45,13.3,11.1,89,SE,4.8,12.9,1019.64,0,0,0,0,,
2021-05-04,03:00,13.2,11.1,89,ESE,4.8,11.3,1019.51,0,0,0,0,,
2021-05-04,03:15,13.1,11.1,89,ESE,1.6,9.7,1019.47,0,0,0,0,,
2021-05-04,03:30,12.6,11.1,90,EAST,3.2,6.4,1019.2,0,0,0,0,,
2021-05-04,03:45,12.4,11.1,92,EAST,1.6,4.8,1019.2,0,0,0,0,,
2021-05-04,04:00,12.4,11.1,93,EAST,3.2,8,1019,0,0,0,0,,
2021-05-04,04:15,12.5,11.1,93,ESE,1.6,4.8,1018.9,0,0,0,0,,
2021-05-04,04:30,12.4,11.1,93,EAST,3.2,9.7,1018.46,0,0,0,0,,
2021-05-04,04:45,12.4,11.1,92,ESE,3.2,9.7,1018.29,0,0,0,0,,
2021-05-04,05:00,12.6,10.6,89,ESE,3.2,9.7,1018.12,0,0,0,0,,
2021-05-04,05:15,12.4,10.6,89,ESE,4.8,6.4,1018.29,0,0,0,0,,
2021-05-04,05:30,12.5,10.6,88,ESE,4.8,6.4,1018.63,0,0,0,0,,
2021-05-04,05:45,12.6,9.4,82,NORTH,0,4.8,1018.59,0,0,0,0,,
2021-05-04,06:00,12.8,9.4,81,ESE,3.2,6.4,1018.32,0,0,0,0,,
2021-05-04,06:15,12.9,9.4,80,ESE,6.4,6.4,1018.73,0,0,0,0,,
2021-05-04,06:30,12.7,9.4,81,ENE,3.2,9.7,1018.29,0,0,0,9,,
2021-05-04,06:45,12.3,9.4,85,SSE,3.2,8,1018.49,0,0,0,40,,
2021-05-04,07:00,12.7,10,83,NORTH,0,6.4,1019.3,0,0,0,62,,
2021-05-04,07:15,12.8,10,84,NORTH,0,1.6,1019.61,0,0,0,32,,
2021-05-04,07:30,12.8,10.6,86,NORTH,0,8,1020.22,0,0,0,35,,
2021-05-04,07:45,12.9,10.6,88,SSE,3.2,8,1020.18,0,0,0,33,,
2021-05-04,08:00,12.9,11.1,89,SSE,1.6,3.2,1020.35,0,0,0,25,,
2021-05-04,08:15,13,11.1,89,NORTH,0,6.4,1020.56,0,0,0,21,,
2021-05-04,08:30,12.9,11.1,91,SSE,6.4,3.2,1020.22,0.51,0.51,0,23,,
2021-05-04,08:45,12.6,11.1,93,NORTH,0,6.4,1020.29,0.76,0.76,0,28,,
2021-05-04,09:00,12.5,11.1,92,,3.2,9.7,1020.35,1.52,1.52,0,62,,
2021-05-04,09:15,12.6,11.1,93,EAST,8,14.5,1020.15,1.52,1.52,0,93,,
2021-05-04,09:30,12.6,11.1,93,ENE,4.8,11.3,1019.81,1.52,1.27,1,121,,
2021-05-04,09:45,12.5,11.1,92,ENE,1.6,8,1019.64,1.52,0.76,1,151,,
2021-05-04,10:00,12.8,11.1,92,ENE,8,17.7,1019.13,1.52,0.25,1,221,,
2021-05-04,10:15,12.8,11.1,92,ENE,3.2,17.7,1018.8,1.52,0,1,163,,
2021-05-04,10:30,12.8,11.1,90,EAST,6.4,16.1,1018.93,1.52,0,1,102,,
2021-05-04,10:45,12.9,11.1,89,ENE,6.4,14.5,1018.93,1.52,0,1,102,,
2021-05-04,11:00,13.3,11.1,87,EAST,3.2,9.7,1019.44,1.78,0.25,1,132,,
2021-05-04,11:15,13.5,11.1,87,NE,6.4,6.4,1018.86,1.78,0.25,2,230,,
2021-05-04,11:30,13.5,10.6,83,ENE,14.5,22.5,1017.95,2.03,0.51,2,243,,
2021-05-04,11:45,13.7,11.1,85,ENE,14.5,22.5,1018.15,2.03,0.51,2,223,,
2021-05-04,12:00,14.2,11.7,86,,3.2,16.1,1018.66,2.03,0.25,3,345,,
2021-05-04,12:15,14.2,11.7,86,NW,1.6,6.4,1019,2.03,0.25,1,100,,
2021-05-04,12:30,14.3,12.2,88,NW,4.8,6.4,1018.66,2.03,0,1,149,,
2021-05-04,12:45,13.9,12.2,90,NW,1.6,6.4,1018.52,2.03,0,1,141,,
2021-05-04,13:00,13.9,12.2,90,,1.6,8,1018.22,2.29,0.25,2,258,,
2021-05-04,13:15,14.4,12.8,90,NE,3.2,11.3,1018.08,2.29,0.25,3,341,,
2021-05-04,13:30,15.3,12.8,86,NNW,4.8,8,1018.19,2.29,0.25,2,192,,
2021-05-04,13:45,15.3,12.8,88,NW,8,11.3,1018.46,2.29,0.25,1,125,,
2021-05-04,14:00,14.2,12.2,89,NW,3.2,12.9,1018.52,2.29,0,2,199,,
2021-05-04,14:15,14.7,12.8,88,WNW,8,9.7,1018.56,2.29,0,2,234,,
2021-05-04,14:30,14.9,12.2,86,WNW,6.4,14.5,1018.39,2.29,0,2,304,,
2021-05-04,14:45,15.2,12.8,87,WEST,9.7,14.5,1018.22,2.29,0,3,399,,
2021-05-04,15:00,15.3,13.3,89,WEST,16.1,16.1,1018.05,2.29,0,3,397,,
2021-05-04,15:15,15,13.3,90,WNW,4.8,16.1,1017.95,2.29,0,4,469,,
2021-05-04,15:30,15.9,13.9,89,NW,3.2,14.5,1017.64,2.29,0,4,475,,
2021-05-04,15:45,16.3,13.9,87,NW,4.8,12.9,1017.41,2.29,0,4,540,,
2021-05-04,16:00,16.2,13.3,86,WNW,6.4,11.3,1017.27,2.29,0,2,279,,
2021-05-04,16:15,16.4,13.3,83,WNW,12.9,16.1,1017,2.29,0,3,366,,
2021-05-04,16:30,16.5,13.3,83,WNW,6.4,19.3,1016.9,2.29,0,2,353,,
2021-05-04,16:45,16.6,13.9,84,WNW,12.9,17.7,1016.93,2.29,0,2,313,,
2021-05-04,17:00,16.4,13.3,82,NW,12.9,20.9,1016.83,2.29,0,2,520,,
2021-05-04,17:15,16.2,12.8,82,WNW,16.1,19.3,1016.76,2.29,0,2,267,,
2021-05-04,17:30,16.5,12.8,81,WEST,12.9,16.1,1016.73,2.29,0,2,506,,
2021-05-04,17:45,16.4,12.2,78,NW,8,17.7,1016.53,2.29,0,1,209,,
2021-05-04,18:00,16.2,12.8,82,WNW,8,14.5,1016.66,2.29,0,1,162,,
2021-05-04,18:15,16.1,12.8,80,WNW,11.3,16.1,1016.59,2.29,0,1,135,,
2021-05-04,18:30,15.9,12.8,81,WNW,6.4,11.3,1016.63,2.29,0,0,109,,
2021-05-04,18:45,15.8,12.8,83,NW,11.3,14.5,1016.42,2.29,0,0,63,,
2021-05-04,19:00,15.8,12.8,84,WNW,4.8,12.9,1016.56,2.29,0,0,70,,
2021-05-04,19:15,15.7,12.8,84,WNW,8,14.5,1016.49,2.29,0,0,37,,
2021-05-04,19:30,15.7,12.8,85,NW,6.4,14.5,1016.29,2.29,0,0,42,,
2021-05-04,19:45,15.6,12.8,85,WNW,11.3,11.3,1016.39,2.29,0,0,21,,
2021-05-04,20:00,15.4,12.8,86,NW,3.2,11.3,1016.46,2.29,0,0,9,,
2021-05-04,20:15,15.3,12.8,87,NNW,1.6,6.4,1016.32,2.29,0,0,0,,
2021-05-04,20:30,15,12.8,88,NNW,1.6,3.2,1016.12,2.29,0,0,0,,
2021-05-04,20:45,14.9,12.8,89,NNW,1.6,3.2,1016.12,2.29,0,0,0,,
2021-05-04,21:00,14.7,12.8,90,NORTH,0,3.2,1016.09,2.29,0,0,0,,
2021-05-04,21:15,14.7,12.8,90,NNW,1.6,4.8,1016.19,2.29,0,0,0,,
2021-05-04,21:30,14.6,12.8,90,NNW,1.6,1.6,1016.15,2.29,0,0,0,,
2021-05-04,21:45,14.4,12.8,91,NORTH,0,1.6,1016.49,2.29,0,0,0,,
2021-05-04,22:00,13.9,12.2,91,NORTH,0,1.6,1016.53,2.29,0,0,0,,
2021-05-04,22:15,14,12.2,92,NORTH,0,3.2,1016.46,2.29,0,0,0,,
2021-05-04,22:30,13.7,12.2,92,NORTH,0,3.2,1016.53,2.29,0,0,0,,
2021-05-04,22:45,13.5,12.2,92,NORTH,0,1.6,1016.36,2.29,0,0,0,,
2021-05-04,23:00,13.6,12.2,93,NNW,3.2,3.2,1016.49,2.29,0,0,0,,
2021-05-04,23:15,13.3,12.2,93,NNW,3.2,3.2,1016.56,2.29,0,0,0,,
2021-05-04,23:30,13.1,11.7,93,NNW,1.6,3.2,1016.32,2.29,0,0,0,,
2021-05-04,23:45,13.2,12.2,93,NORTH,0,1.6,1016.15,2.29,0,0,0,,
2021-05-04,OVR,,,,,,,,,,,,gustmax,22.5
2021-05-04,OVR,,,,,,,,,,,,rainrate_max,3
2021-05-04,OVR,,,,,,,,,,,,rain_total_mm,2.2
2021-05-04,OVR,,,,,,,,,,,,tmax,16.8
2021-05-04,OVR,,,,,,,,,,,,tmin,12.3
2021-05-04,OVR,,,,,,,,,,,,wind_dir_mean_deg,315
2021-05-05,00:00,13.1,11.7,93,NORTH,0,1.6,1016.29,0,0,0,0,,
2021-05-05,00:15,13.3,12.2,94,NORTH,0,3.2,1016.29,0,0,0,0,,
2021-05-05,00:30,13.1,12.2,94,NNE,3.2,4.8,1016.32,0,0,0,0,,
2021-05-05,00:45,13.2,12.2,95,NORTH,0,3.2,1016.12,0,0,0,0,,
2021-05-05,01:00,13.2,12.2,95,NNW,1.6,6.4,1016.05,0,0,0,0,,
2021-05-05,01:15,12.9,11.7,95,NORTH,0,1.6,1016.05,0,0,0,0,,
2021-05-05,01:30,12.6,11.7,94,NNW,3.2,3.2,1015.88,0,0,0,0,,
2021-05-05,01:45,12.8,11.7,95,NORTH,0,1.6,1015.85,0,0,0,0,,
2021-05-05,02:00,12.9,11.7,95,NORTH,0,1.6,1015.44,0,0,0,0,,
2021-05-05,02:15,12.8,11.7,95,NNW,3.2,4.8,1015.54,0,0,0,0,,
2021-05-05,02:30,12.7,11.7,95,NORTH,0,3.2,1015.31,0,0,0,0,,
2021-05-05,02:45,12.4,11.7,95,NORTH,0,4.8,1015.27,0,0,0,0,,
2021-05-05,03:00,12.6,11.7,95,NORTH,0,3.2,1015.1,0,0,0,0,,
2021-05-05,03:15,12.4,11.7,95,NORTH,0,3.2,1015.04,0,0,0,0,,
2021-05-05,03:30,12.3,11.7,95,NNW,1.6,1.6,1014.83,0,0,0,0,,
2021-05-05,03:45,12.4,11.7,95,NORTH,0,1.6,1014.73,0,0,0,0,,
2021-05-05,04:00,12.3,11.7,95,NORTH,0,1.6,1014.8,0,0,0,0,,
2021-05-05,04:15,12.3,11.7,95,NORTH,0,1.6,1014.8,0,0,0,0,,
2021-05-05,04:30,12.3,11.7,95,NORTH,0,0,1014.66,0,0,0,0,,
2021-05-05,04:45,12.3,11.1,95,NORTH,0,0,1014.6,0,0,0,0,,
2021-05-05,05:00,12.1,11.1,95,NORTH,0,1.6,1014.46,0,0,0,0,,
2021-05-05,05:15,11.9,11.1,95,NORTH,0,3.2,1014.49,0,0,0,0,,
2021-05-05,05:30,12.1,11.1,95,NORTH,0,1.6,1014.33,0,0,0,0,,
2021-05-05,05:45,12.1,11.1,95,NNW,1.6,3.2,1014.66,0,0,0,0,,
2021-05-05,06:00,11.6,10.6,95,NORTH,0,3.2,1014.73,0,0,0,0,,
2021-05-05,06:15,11.5,10.6,95,NORTH,0,1.6,1014.77,0,0,0,0,,
2021-05-05,06:30,11.6,10.6,96,NNW,1.6,1.6,1015.07,0,0,0,0,,
2021-05-05,06:45,11.6,10.6,96,NORTH,0,1.6,1015.17,0,0,0,18,,
2021-05-05,07:00,11.6,10.6,95,NORTH,0,1.6,1015.27,0,0,0,35,,
2021-05-05,07:15,11.8,11.1,96,NORTH,0,1.6,1015.21,0,0,0,81,,
2021-05-05,07:30,11.9,11.1,96,NORTH,0,1.6,1015.51,0,0,0,98,,
2021-05-05,07:45,12.2,11.1,95,NNW,3.2,3.2,1015.54,0,0,0,165,,
2021-05-05,08:00,12.6,11.7,95,NNW,1.6,4.8,1015.78,0,0,1,267,,
2021-05-05,08:15,13.1,12.2,94,NNW,1.6,3.2,1015.85,0,0,1,253,,
2021-05-05,08:30,13.6,12.2,93,NNW,1.6,4.8,1015.85,0,0,1,301,,
2021-05-05,08:45,13.9,12.2,91,NNW,4.8,8,1015.95,0,0,1,332,,
2021-05-05,09:00,14.4,12.2,89,NW,6.4,6.4,1016.09,0,0,2,376,,
2021-05-05,09:15,14.8,12.8,88,WNW,6.4,11.3,1016.12,0,0,2,332,,
2021-05-05,09:30,14.8,13.3,90,NW,4.8,11.3,1016.12,0,0,2,413,,
2021-05-05,09:45,15,12.8,86,NW,6.4,11.3,1016.02,0,0,2,439,,
2021-05-05,10:00,15.4,11.7,80,NW,1.6,8,1016.12,0,0,3,619,,
2021-05-05,10:15,16.1,11.7,75,NW,4.8,8,1016.19,0,0,3,577,,
2021-05-05,10:30,16.7,11.1,69,NW,4.8,12.9,1016.22,0,0,4,679,,
2021-05-05,10:45,17.2,11.7,72,WNW,11.3,16.1,1016.36,0,0,4,777,,
2021-05-05,11:00,17.4,12.2,72,WNW,8,14.5,1016.7,0,0,5,800,,
2021-05-05,11:15,17.4,12.2,72,WEST,6.4,17.7,1016.7,0,0,5,828,,
2021-05-05,11:30,17.6,11.7,68,WNW,4.8,17.7,1016.8,0,0,4,904,,
2021-05-05,11:45,18.2,10.6,62,WEST,1.6,19.3,1016.76,0,0,5,904,,
2021-05-05,12:00,18.3,8.9,55,WEST,3.2,24.1,1016.86,0,0,6,842,,
2021-05-05,12:15,19.1,9.4,54,WEST,17.7,19.3,1016.93,0,0,6,919,,
2021-05-05,12:30,19.2,9.4,53,WNW,12.9,27.4,1016.97,0,0,6,930,,
2021-05-05,12:45,19.2,10,55,WEST,16.1,27.4,1016.76,0,0,6,939,,
2021-05-05,13:00,19.3,7.2,46,WNW,17.7,29,1016.73,0,0,6,939,,
2021-05-05,13:15,19.6,7.2,45,WNW,20.9,30.6,1016.59,0,0,6,953,,
2021-05-05,13:30,19.7,7.8,47,WEST,17.7,32.2,1016.53,0,0,6,944,,
2021-05-05,13:45,19.4,6.1,43,WNW,19.3,32.2,1016.46,0,0,7,932,,
2021-05-05,14:00,19.8,6.7,43,WEST,22.5,27.4,1016.59,0,0,7,926,,
2021-05-05,14:15,19.7,8.3,48,WSW,12.9,27.4,1016.53,0,0,7,912,,
2021-05-05,14:30,19.3,8.3,50,WEST,20.9,33.8,1016.66,0,0,6,893,,
2021-05-05,14:45,19.3,7.2,47,WNW,14.5,32.2,1016.83,0,0,6,874,,
2021-05-05,15:00,19.3,7.2,46,WNW,25.7,37,1016.8,0,0,6,854,,
2021-05-05,15:15,18.6,7.8,49,NW,32.2,45.1,1016.83,0,0,6,824,,
2021-05-05,15:30,18.3,9.4,57,NW,29,48.3,1017.1,0,0,5,796,,
2021-05-05,15:45,18,8.9,56,WNW,29,43.5,1017.1,0,0,5,766,,
2021-05-05,16:00,17.6,7.8,53,WNW,32.2,46.7,1017.1,0,0,4,733,,
2021-05-05,16:15,17.8,8.3,53,WNW,19.3,41.8,1016.8,0,0,4,700,,
2021-05-05,16:30,17.4,7.8,54,WEST,33.8,48.3,1017.07,0,0,4,657,,
2021-05-05,16:45,17.5,8.3,55,WNW,19.3,43.5,1017.17,0,0,3,617,,
2021-05-05,17:00,17.4,8.3,56,WEST,16.1,40.2,1017.31,0,0,3,577,,
2021-05-05,17:15,17.5,6.1,48,WNW,33.8,40.2,1017.07,0,0,2,527,,
2021-05-05,17:30,17.6,7.2,51,WEST,9.7,37,1016.93,0,0,2,482,,
2021-05-05,17:45,17.4,7.8,53,WSW,29,32.2,1016.73,0,0,2,424,,
2021-05-05,18:00,17.6,7.8,54,WEST,17.7,33.8,1016.59,0,0,1,371,,
2021-05-05,18:15,17.4,8.3,57,WEST,22.5,37,1016.53,0,0,1,313,,
2021-05-05,18:30,17.4,7.8,54,WNW,25.7,38.6,1016.32,0,0,1,264,,
2021-05-05,18:45,17.2,7.2,53,WNW,20.9,37,1016.29,0,0,1,206,,
2021-05-05,19:00,16.9,8.9,60,WEST,29,40.2,1016.15,0,0,0,151,,
2021-05-05,19:15,16.7,10.6,67,WNW,14.5,30.6,1016.42,0,0,0,98,,
2021-05-05,19:30,16.2,11.7,74,WEST,22.5,30.6,1016.76,0,0,0,54,,
2021-05-05,19:45,15.7,11.7,78,NW,9.7,27.4,1017.17,0,0,0,25,,
2021-05-05,20:15,14.7,11.1,80,NW,14.5,20.9,1016.63,0,0,0,7,,
2021-05-05,20:30,14.3,11.1,82,NW,8,22.5,1016.66,0,0,0,0,,
2021-05-05,20:45,13.9,11.1,85,NNW,1.6,24.1,1017.2,0,0,0,0,,
2021-05-05,OVR,,,,,,,,,,,,gustmax,49.9
2021-05-05,OVR,,,,,,,,,,,,rainrate_max,0
2021-05-05,OVR,,,,,,,,,,,,rain_total_mm,0
2021-05-05,OVR,,,,,,,,,,,,tmax,19.9
2021-05-05,OVR,,,,,,,,,,,,tmin,11.3
2021-05-05,OVR,,,,,,,,,,,,wind_dir_mean_deg,292.5
2021-05-06,OVR,,,,,,,,,,,,gustmax,32.2
2021-05-06,OVR,,,,,,,,,,,,rainrate_max,0
2021-05-06,OVR,,,,,,,,,,,,rain_total_mm,0
2021-05-06,OVR,,,,,,,,,,,,tmax,21.7
2021-05-06,OVR,,,,,,,,,,,,tmin,10.3
2021-05-06,OVR,,,,,,,,,,,,wind_dir_mean_deg,292.5
2021-05-07,17:45,17.8,13.3,77,,20.9,43.5,1018.59,0,0,1,190,,
2021-05-07,18:00,17.3,13.3,78,WEST,20.9,40.2,1018.66,0,0,1,188,,
2021-05-07,18:15,17.1,13.3,80,WNW,27.4,41.8,1018.39,0,0,1,339,,
2021-05-07,18:30,16.8,13.3,80,WEST,22.5,40.2,1018.46,0,0,1,84,,
2021-05-07,18:45,16.5,13.3,82,WEST,19.3,38.6,1018.42,0,0,0,104,,
2021-05-07,19:00,16.3,12.8,82,WNW,14.5,41.8,1018.35,0,0,0,195,,
2021-05-07,19:15,15.9,12.8,83,WNW,17.7,37,1018.29,0,0,0,63,,
2021-05-07,19:30,15.8,12.8,84,WEST,17.7,32.2,1018.39,0,0,0,44,,
2021-05-07,19:45,15.7,12.8,85,WNW,25.7,32.2,1018.19,0,0,0,21,,
2021-05-07,20:00,15.5,12.8,86,WEST,24.1,33.8,1018.35,0,0,0,11,,
2021-05-07,20:15,15.2,12.8,86,WEST,12.9,27.4,1018.25,0,0,0,0,,
2021-05-07,20:30,15,12.8,87,WEST,17.7,27.4,1018.46,0,0,0,0,,
2021-05-07,20:45,14.8,12.8,88,NW,14.5,24.1,1018.76,0,0,0,0,,
2021-05-07,21:00,14.8,12.8,89,NW,11.3,19.3,1019,0,0,0,0,,
2021-05-07,21:15,14.8,12.8,89,WEST,19.3,20.9,1019.03,0,0,0,0,,
2021-05-07,21:30,14.8,12.8,90,WNW,19.3,35.4,1019.3,0,0,0,0,,
2021-05-07,21:45,14.6,12.8,91,WNW,17.7,35.4,1019.47,0,0,0,0,,
2021-05-07,22:00,14.5,12.8,92,WNW,20.9,37,1019.57,0,0,0,0,,
2021-05-07,22:15,14.4,12.8,92,WEST,24.1,30.6,1019.27,0,0,0,0,,
2021-05-07,22:30,14.3,12.8,92,WNW,17.7,40.2,1019.51,0,0,0,0,,
2021-05-07,22:45,14.3,12.8,93,EAST,14.5,29,1019.64,0,0,0,0,,
2021-05-07,23:00,14.4,13.3,93,WEST,19.3,33.8,1019.78,0,0,0,0,,
2021-05-07,23:15,14.4,13.3,94,WNW,14.5,24.1,1019.64,0,0,0,0,,
2021-05-07,23:30,14.4,13.3,94,WNW,17.7,24.1,1019.61,0,0,0,0,,
2021-05-07,23:45,14.4,13.3,94,WNW,14.5,25.7,1019.68,0,0,0,0,,
2021-05-07,OVR,,,,,,,,,,,,gustmax,49.9
2021-05-07,OVR,,,,,,,,,,,,rainrate_max,0
2021-05-07,OVR,,,,,,,,,,,,rain_total_mm,0
2021-05-07,OVR,,,,,,,,,,,,tmax,21.2
2021-05-07,OVR,,,,,,,,,,,,tmin,10.5
2021-05-07,OVR,,,,,,,,,,,,wind_dir_mean_deg,292.5
2021-05-08,00:00,14.3,13.3,94,NW,6.4,19.3,1019.91,0,0,0,0,,
2021-05-08,00:15,14.3,13.3,95,NW,14.5,14.5,1019.71,0,0,0,0,,
2021-05-08,00:30,14.2,13.3,95,NW,4.8,14.5,1019.81,0,0,0,0,,
2021-05-08,00:45,14.2,13.3,95,WEST,16.1,24.1,1019.74,0,0,0,0,,
2021-05-08,01:00,14.2,13.3,95,WNW,11.3,27.4,1019.64,0,0,0,0,,
2021-05-08,01:15,14.3,13.3,95,WNW,16.1,25.7,1019.47,0,0,0,0,,
2021-05-08,01:30,14.3,13.3,95,WSW,3.2,19.3,1019.51,0,0,0,0,,
2021-05-08,01:45,14.2,13.3,95,NNW,12.9,24.1,1019.71,0,0,0,0,,
2021-05-08,02:15,14.2,13.3,94,NW,12.9,24.1,1019.51,0,0,0,0,,
2021-05-08,02:30,14.2,12.8,93,WEST,11.3,17.7,1019.51,0,0,0,0,,
2021-05-08,02:45,14.3,13.3,93,WEST,12.9,19.3,1019.57,0,0,0,0,,
2021-05-08,03:00,14.3,13.3,94,WNW,16.1,25.7,1019.54,0,0,0,0,,
2021-05-08,03:15,14.2,13.3,94,WEST,25.7,27.4,1019.61,0,0,0,0,,
2021-05-08,03:30,14.1,12.8,94,WNW,17.7,29,1019.57,0,0,0,0,,
2021-05-08,03:45,14.1,12.8,94,WNW,14.5,27.4,1019.64,0,0,0,0,,
2021-05-08,04:00,14.2,13.3,94,WNW,19.3,30.6,1019.57,0,0,0,0,,
2021-05-08,04:15,13.9,12.8,95,WEST,16.1,27.4,1019.3,0,0,0,0,,
2021-05-08,04:30,13.9,12.8,95,WEST,16.1,24.1,1019.3,0,0,0,0,,
2021-05-08,04:45,13.9,12.8,95,WEST,17.7,27.4,1019.17,0,0,0,0,,
2021-05-08,05:00,13.8,12.8,95,WEST,19.3,22.5,1019.3,0,0,0,0,,
2021-05-08,05:15,13.8,12.8,95,WEST,14.5,22.5,1019.4,0,0,0,0,,
2021-05-08,05:30,13.8,12.8,96,NW,8,19.3,1019.27,0,0,0,0,,
2021-05-08,05:45,13.8,12.8,96,WNW,12.9,19.3,1019.17,0,0,0,0,,
2021-05-08,06:00,13.7,12.8,95,WNW,9.7,22.5,1019.24,0,0,0,0,,
2021-05-08,06:15,13.7,12.8,96,WNW,11.3,19.3,1019.3,0,0,0,0,,
2021-05-08,06:30,13.8,12.8,96,WNW,6.4,16.1,1019.44,0,0,0,18,,
2021-05-08,06:45,13.8,12.8,95,NW,6.4,12.9,1019.47,0,0,0,32,,
2021-05-08,07:00,14.1,13.3,95,WNW,6.4,8,1019.61,0,0,0,102,,
2021-05-08,07:15,14.2,13.3,95,WNW,11.3,20.9,1019.81,0,0,0,100,,
2021-05-08,07:30,14.3,13.3,95,WEST,11.3,19.3,1020.01,0,0,0,127,,
2021-05-08,07:45,14.6,13.3,94,WNW,6.4,19.3,1020.05,0,0,0,153,,
2021-05-08,08:00,14.7,13.3,94,WEST,6.4,16.1,1020.29,0,0,0,113,,
2021-05-08,08:15,14.7,13.3,93,WEST,17.7,19.3,1020.15,0,0,0,100,,
2021-05-08,08:30,14.9,13.3,93,WEST,12.9,17.7,1020.42,0,0,1,86,,
2021-05-08,08:45,15.3,13.9,93,WNW,12.9,19.3,1020.32,0,0,1,633,,
2021-05-08,09:00,15.2,13.3,90,WNW,11.3,24.1,1020.66,0,0,1,102,,
2021-05-08,09:15,15.8,13.3,86,WEST,9.7,24.1,1020.62,0,0,1,125,,
2021-05-08,09:30,16.2,13.3,84,WEST,17.7,25.7,1020.73,0,0,2,128,,
2021-05-08,09:45,16.6,13.3,82,WNW,11.3,33.8,1020.69,0,0,2,420,,
2021-05-08,10:00,16.7,13.9,84,WEST,6.4,20.9,1020.73,0,0,3,656,,
2021-05-08,10:15,17.3,13.9,81,ENE,16.1,25.7,1020.79,0,0,4,628,,
2021-05-08,10:30,17.8,14.4,81,WEST,14.5,27.4,1020.79,0,0,4,747,,
2021-05-08,10:45,18.1,13.9,77,WNW,16.1,24.1,1021,0,0,5,777,,
2021-05-08,11:00,18.3,12.8,71,WEST,24.1,40.2,1020.76,0,0,5,809,,
2021-05-08,11:15,18.8,12.8,70,WNW,24.1,38.6,1021,0,0,5,837,,
2021-05-08,11:30,19.2,13.3,69,WEST,20.9,43.5,1020.93,0,0,6,867,,
2021-05-08,12:00,19.8,13.3,67,WNW,14.5,37,1020.73,0,0,6,905,,
2021-05-08,12:15,20.1,12.8,64,WNW,22.5,43.5,1020.66,0,0,7,925,,
2021-05-08,12:30,20.4,12.2,59,WEST,22.5,45.1,1020.69,0,0,7,937,,
2021-05-08,12:45,20.8,12.2,59,WNW,20.9,40.2,1020.69,0,0,7,947,,
2021-05-08,13:00,20.8,11.7,56,WNW,25.7,45.1,1020.69,0,0,7,953,,
2021-05-08,13:30,21.2,12.2,57,SSE,29,40.2,1020.86,0,0,7,951,,
2021-05-08,13:45,21,12.2,57,WEST,20.9,41.8,1020.93,0,0,7,940,,
2021-05-08,14:00,21.1,12.2,58,WEST,17.7,48.3,1020.86,0,0,7,933,,
2021-05-08,14:15,21.2,12.8,58,WEST,16.1,33.8,1020.79,0,0,7,919,,
2021-05-08,14:30,21.1,12.8,59,NE,24.1,43.5,1020.96,0,0,7,898,,
2021-05-08,14:45,21.4,12.8,59,SW,11.3,29,1020.76,0,0,6,877,,
2021-05-08,15:15,21.4,12.8,59,WNW,17.7,32.2,1020.59,0,0,6,826,,
2021-05-08,15:30,21.4,13.3,60,WNW,19.3,33.8,1020.56,0,0,5,798,,
2021-05-08,15:45,21.8,12.8,58,WEST,14.5,38.6,1020.12,0,0,5,770,,
2021-05-08,16:00,21.9,13.3,60,WNW,22.5,37,1019.91,0,0,4,737,,
2021-05-08,16:15,22.1,13.9,61,WEST,16.1,32.2,1019.78,0,0,4,700,,
2021-05-08,16:30,22.1,13.9,61,WNW,12.9,38.6,1019.57,0,0,4,663,,
2021-05-08,16:45,21.9,14.4,62,WEST,20.9,29,1019.71,0,0,3,619,,
2021-05-08,17:00,21.7,14.4,63,WNW,12.9,35.4,1019.51,0,0,3,575,,
2021-05-08,17:15,22,15,64,WNW,12.9,27.4,1019.64,0,0,2,531,,
2021-05-08,17:30,21.9,15,65,WEST,11.3,24.1,1019.47,0,0,2,480,,
2021-05-08,17:45,21.7,14.4,65,WEST,22.5,27.4,1019.47,0,0,2,427,,
2021-05-08,18:00,21.2,15,67,WEST,17.7,25.7,1019.37,0,0,1,373,,
2021-05-08,18:15,20.5,14.4,70,WEST,6.4,20.9,1019.47,0,0,1,318,,
2021-05-08,18:30,20.3,14.4,71,NORTH,0,22.5,1019.44,0,0,1,265,,
2021-05-08,18:45,19.7,13.9,70,WEST,14.5,20.9,1019.61,0,0,1,213,,
2021-05-08,19:00,19.4,13.3,70,WNW,11.3,24.1,1019.51,0,0,0,160,,
2021-05-08,19:15,19.2,13.3,70,WEST,4.8,24.1,1019.44,0,0,0,104,,
2021-05-08,19:30,18.7,13.3,73,WNW,6.4,12.9,1019.57,0,0,0,62,,
2021-05-08,19:45,18.1,13.3,73,WEST,6.4,16.1,1019.44,0,0,0,26,,
2021-05-08,20:00,17.7,12.8,74,WEST,12.9,9.7,1019.61,0,0,0,16,,
2021-05-08,20:15,17.2,12.2,74,WNW,3.2,19.3,1019.71,0,0,0,9,,
2021-05-08,20:30,16.8,12.2,76,WNW,11.3,12.9,1019.51,0,0,0,0,,
2021-05-08,20:45,16.4,12.2,78,WNW,3.2,16.1,1019.74,0,0,0,0,,
2021-05-08,21:00,15.9,12.2,80,NORTH,0,6.4,1019.57,0,0,0,0,,
2021-05-08,21:15,15.7,12.2,81,NNW,3.2,8,1019.78,0,0,0,0,,
2021-05-08,21:30,14.9,11.7,82,NORTH,0,4.8,1020.12,0,0,0,0,,
2021-05-08,21:45,14.9,11.7,83,ENE,1.6,4.8,1020.05,0,0,0,0,,
2021-05-08,22:15,14.5,12.2,86,NORTH,0,3.2,1020.15,0,0,0,0,,
2021-05-08,22:30,14.2,12.2,88,NORTH,0,4.8,1020.15,0,0,0,0,,
2021-05-08,22:45,14.1,11.7,87,EAST,1.6,3.2,1020.29,0,0,0,0,,
2021-05-08,23:15,14.5,11.7,85,EAST,3.2,6.4,1020.08,0,0,0,0,,
2021-05-08,23:30,15.6,11.7,78,EAST,3.2,6.4,1020.08,0,0,0,0,,
2021-05-08,23:45,15.9,11.1,75,SE,6.4,14.5,1020.12,0,0,0,0,,
2021-05-08,OVR,,,,,,,,,,,,gustmax,48.3
2021-05-08,OVR,,,,,,,,,,,,rainrate_max,0
2021-05-08,OVR,,,,,,,,,,,,rain_total_mm,0
2021-05-08,OVR,,,,,,,,,,,,tmax,22.3
2021-05-08,OVR,,,,,,,,,,,,tmin,13.6
2021-05-08,OVR,,,,,,,,,,,,wind_dir_mean_deg,292.5
2021-05-09,OVR,,,,,,,,,,,,gustmax,38.6
2021-05-09,OVR,,,,,,,,,,,,rainrate_max,0
2021-05-09,OVR,,,,,,,,,,,,rain_total_mm,0
2021-05-09,OVR,,,,,,,,,,,,tmax,24.1
2021-05-09,OVR,,,,,,,,,,,,tmin,13.7
2021-05-09,OVR,,,,,,,,,,,,wind_dir_mean_deg,112.5
2021-05-10,15:00,23.5,14.4,57,SSE,9.7,32.2,1013.51,0,0,6,858,,
2021-05-10,15:15,23.4,14.4,57,SE,14.5,33.8,1013.28,0,0,6,824,,
2021-05-10,15:30,23.2,14.4,58,SE,20.9,38.6,1012.94,0,0,6,800,,
2021-05-10,15:45,22.8,15,61,SSE,17.7,37,1013.07,0,0,5,773,,
2021-05-10,16:00,22.9,15.6,64,SE,16.1,30.6,1013.34,0,0,5,735,,
2021-05-10,16:15,22.2,15.6,66,SE,19.3,37,1013.34,0,0,4,698,,
2021-05-10,16:30,22.1,15.6,67,SE,16.1,33.8,1013.28,0,0,4,659,,
2021-05-10,16:45,21.9,15.6,69,ESE,19.3,32.2,1013.34,0,0,3,311,,
2021-05-10,17:00,21.9,15.6,68,SE,16.1,32.2,1013,0,0,3,610,,
2021-05-10,17:15,22,15,66,SE,22.5,33.8,1012.94,0,0,2,550,,
2021-05-10,17:30,21.8,15.6,68,SE,22.5,35.4,1012.94,0,0,2,499,,
2021-05-10,17:45,21.4,15.6,69,SSE,17.7,33.8,1013.44,0,0,2,332,,
2021-05-10,18:00,20.4,15,71,ESE,20.9,35.4,1013.44,0,0,1,142,,
2021-05-10,18:15,20.5,15,72,SE,17.7,32.2,1013.07,0,0,1,262,,
2021-05-10,18:30,20.9,15.6,72,SE,24.1,30.6,1013.07,0,0,1,364,,
2021-05-10,18:45,20.5,15,72,SE,24.1,30.6,1013.21,0,0,1,218,,
2021-05-10,19:00,20.2,15,73,ESE,20.9,29,1013.24,0,0,0,186,,
2021-05-10,19:15,19.9,15,74,SE,12.9,29,1013.17,0,0,0,109,,
2021-05-10,19:30,19.8,15,75,SE,12.9,27.4,1013.44,0,0,0,67,,
2021-05-10,19:45,19.4,15,75,SE,12.9,24.1,1014.43,0,0,0,40,,
2021-05-10,20:00,18.9,14.4,77,SE,1.6,16.1,1014.56,0,0,0,21,,
2021-05-10,20:15,18.3,14.4,79,SE,4.8,16.1,1014.29,0,0,0,7,,
2021-05-10,20:30,17.8,13.9,80,SE,6.4,14.5,1014.16,0,0,0,0,,
2021-05-10,20:45,17.3,13.9,81,ESE,12.9,16.1,1013.75,0,0,0,0,,
2021-05-10,21:00,17.2,13.9,82,ESE,4.8,16.1,1013.61,0,0,0,0,,
2021-05-10,21:15,17.4,13.9,80,ESE,12.9,24.1,1013.61,0,0,0,0,,
2021-05-10,21:30,17.3,13.3,80,ESE,19.3,17.7,1013.55,0,0,0,0,,
2021-05-10,21:45,17.4,13.3,78,SE,17.7,25.7,1013.17,0,0,0,0,,
2021-05-10,22:00,18,12.8,73,ESE,12.9,33.8,1012.94,0,0,0,0,,
2021-05-10,22:15,18.2,12.8,72,SE,14.5,24.1,1013.28,0,0,0,0,,
2021-05-10,22:30,18.2,12.8,71,SE,19.3,30.6,1013.04,0,0,0,0,,
2021-05-10,22:45,18,12.8,72,ESE,19.3,30.6,1013.14,0,0,0,0,,
2021-05-10,23:00,17.8,12.8,73,SE,16.1,29,1012.77,0,0,0,0,,
2021-05-10,23:15,17.7,12.8,73,ESE,12.9,32.2,1012.8,0,0,0,0,,
2021-05-10,23:30,17.6,12.2,73,ESE,6.4,20.9,1012.63,0,0,0,0,,
2021-05-10,23:45,17.7,12.2,71,SE,11.3,22.5,1012.46,0,0,0,0,,
2021-05-10,OVR,,,,,,,,,,,,gustmax,41.8
2021-05-10,OVR,,,,,,,,,,,,rainrate_max,0
2021-05-10,OVR,,,,,,,,,,,,rain_total_mm,0
2021-05-10,OVR,,,,,,,,,,,,tmax,24.3
2021-05-10,OVR,,,,,,,,,,,,tmin,14.7
2021-05-10,OVR,,,,,,,,,,,,wind_dir_mean_deg,112.5
2021-05-11,OVR,,,,,,,,,,,,gustmax,41.8
2021-05-11,OVR,,,,,,,,,,,,rainrate_max,1.4
2021-05-11,OVR,,,,,,,,,,,,rain_total_mm,1
2021-05-11,OVR,,,,,,,,,,,,tmax,18.7
2021-05-11,OVR,,,,,,,,,,,,tmin,13.7
2021-05-11,OVR,,,,,,,,,,,,wind_dir_mean_deg,270
2021-05-12,OVR,,,,,,,,,,,,gustmax,57.9
2021-05-12,OVR,,,,,,,,,,,,rainrate_max,0
2021-05-12,OVR,,,,,,,,,,,,rain_total_mm,0
2021-05-12,OVR,,,,,,,,,,,,tmax,18.9
2021-05-12,OVR,,,,,,,,,,,,tmin,12.3
2021-05-12,OVR,,,,,,,,,,,,wind_dir_mean_deg,292.5
2021-05-13,OVR,,,,,,,,,,,,gustmax,48.3
2021-05-13,OVR,,,,,,,,,,,,rainrate_max,0
2021-05-13,OVR,,,,,,,,,,,,rain_total_mm,0
2021-05-13,OVR,,,,,,,,,,,,tmax,19.5
2021-05-13,OVR,,,,,,,,,,,,tmin,10.8
2021-05-13,OVR,,,,,,,,,,,,wind_dir_mean_deg,292.5
2021-05-14,OVR,,,,,,,,,,,,gustmax,48.3
2021-05-14,OVR,,,,,,,,,,,,rainrate_max,10.4
2021-05-14,OVR,,,,,,,,,,,,rain_total_mm,4.8
2021-05-14,OVR,,,,,,,,,,,,tmax,18
2021-05-14,OVR,,,,,,,,,,,,tmin,9.7
2021-05-14,OVR,,,,,,,,,,,,wind_dir_mean_deg,292.5
2021-05-15,OVR,,,,,,,,,,,,gustmax,56.3
2021-05-15,OVR,,,,,,,,,,,,rainrate_max,0
2021-05-15,OVR,,,,,,,,,,,,rain_total_mm,0
2021-05-15,OVR,,,,,,,,,,,,tmax,19.7
2021-05-15,OVR,,,,,,,,,,,,tmin,12.4
2021-05-15,OVR,,,,,,,,,,,,wind_dir_mean_deg,292.5
2021-05-16,OVR,,,,,,,,,,,,gustmax,40.2
2021-05-16,OVR,,,,,,,,,,,,rainrate_max,0
2021-05-16,OVR,,,,,,,,,,,,rain_total_mm,0
2021-05-16,OVR,,,,,,,,,,,,tmax,28.3
2021-05-16,OVR,,,,,,,,,,,,tmin,13.1
2021-05-16,OVR,,,,,,,,,,,,wind_dir_mean_deg,292.5
2021-05-17,OVR,,,,,,,,,,,,gustmax,54.7
2021-05-17,OVR,,,,,,,,,,,,rainrate_max,0
2021-05-17,OVR,,,,,,,,,,,,rain_total_mm,0
2021-05-17,OVR,,,,,,,,,,,,tmax,20.6
2021-05-17,OVR,,,,,,,,,,,,tmin,12.6
2021-05-17,OVR,,,,,,,,,,,,wind_dir_mean_deg,292.5
2021-05-18,OVR,,,,,,,,,,,,gustmax,49.9
2021-05-18,OVR,,,,,,,,,,,,rainrate_max,0
2021-05-18,OVR,,,,,,,,,,,,rain_total_mm,0
2021-05-18,OVR,,,,,,,,,,,,tmax,21.6
2021-05-18,OVR,,,,,,,,,,,,tmin,11.3
2021-05-18,OVR,,,,,,,,,,,,wind_dir_mean_deg,292.5
2021-05-19,OVR,,,,,,,,,,,,gustmax,59.5
2021-05-19,OVR,,,,,,,,,,,,rainrate_max,0
2021-05-19,OVR,,,,,,,,,,,,rain_total_mm,0
2021-05-19,OVR,,,,,,,,,,,,tmax,18.4
2021-05-19,OVR,,,,,,,,,,,,tmin,12.2
2021-05-19,OVR,,,,,,,,,,,,wind_dir_mean_deg,292.5
2021-05-20,07:30,13.3,8.3,73,WEST,22.5,38.6,1020.45,0,0,0,197,,
2021-05-20,07:45,13.6,8.3,72,WNW,17.7,41.8,1020.59,0,0,0,255,,
2021-05-20,08:00,14,8.9,73,WEST,17.7,27.4,1020.62,0,0,1,265,,
2021-05-20,08:15,14.3,8.9,72,WEST,27.4,38.6,1020.83,0,0,1,323,,
2021-05-20,08:30,14.4,9.4,72,WNW,17.7,46.7,1020.52,0,0,1,408,,
2021-05-20,08:45,14.7,8.9,69,WEST,27.4,46.7,1020.76,0,0,1,533,,
2021-05-20,09:00,14.9,8.9,68,WNW,12.9,51.5,1020.83,0,0,1,526,,
2021-05-20,09:15,14.8,8.9,68,WNW,29,51.5,1020.96,0,0,1,132,,
2021-05-20,09:30,15.3,8.9,67,WEST,29,54.7,1021.1,0,0,2,645,,
2021-05-20,09:45,15.1,8.3,65,WEST,24.1,49.9,1021.23,0,0,3,585,,
2021-05-20,10:00,15.7,8.9,63,WNW,32.2,51.5,1021.33,0,0,3,694,,
2021-05-20,10:15,15.4,8.9,66,WEST,25.7,48.3,1021.37,0,0,2,287,,
2021-05-20,10:30,15.8,9.4,66,WEST,27.4,57.9,1021.4,0,0,4,777,,
2021-05-20,10:45,16.1,8.3,60,WEST,43.5,59.5,1021.37,0,0,4,809,,
2021-05-20,11:00,16.3,9.4,64,WNW,30.6,53.1,1021.47,0,0,5,830,,
2021-05-20,11:15,16.4,8.3,60,WNW,27.4,61.2,1021.54,0,0,5,872,,
2021-05-20,11:30,16.4,9.4,64,WNW,35.4,57.9,1021.4,0,0,6,905,,
2021-05-20,11:45,16.5,8.9,62,WEST,53.1,56.3,1021.5,0,0,6,905,,
2021-05-20,12:00,16.6,8.9,61,WNW,48.3,57.9,1021.71,0,0,6,933,,
2021-05-20,12:15,16.8,9.4,61,NW,20.9,51.5,1021.64,0,0,6,958,,
2021-05-20,12:30,16.8,9.4,64,WNW,29,51.5,1021.88,0,0,6,979,,
2021-05-20,12:45,16.7,9.4,64,WNW,19.3,57.9,1021.94,0,0,7,990,,
2021-05-20,13:00,16.8,9.4,62,SSE,37,49.9,1021.81,0,0,7,991,,
2021-05-20,13:15,17.1,9.4,62,EAST,24.1,49.9,1021.88,0,0,7,1005,,
2021-05-20,13:30,16.9,9.4,62,WNW,24.1,48.3,1021.81,0,0,3,290,,
2021-05-20,13:45,16.7,9.4,62,WNW,27.4,43.5,1021.91,0,0,3,243,,
2021-05-20,14:00,16.6,9.4,65,WEST,35.4,48.3,1021.78,0,0,7,480,,
2021-05-20,14:15,16.7,9.4,62,WNW,24.1,48.3,1021.74,0,0,7,1035,,
2021-05-20,14:30,16.6,9.4,64,WNW,19.3,46.7,1021.94,0,0,7,1016,,
2021-05-20,14:45,16.7,9.4,63,WEST,20.9,38.6,1022.08,0,0,3,258,,
2021-05-20,15:00,16.6,9.4,64,WNW,22.5,46.7,1021.98,0,0,3,898,,
2021-05-20,15:15,16.8,9.4,63,WNW,17.7,45.1,1021.81,0,0,5,877,,
2021-05-20,15:30,16.3,9.4,65,WEST,32.2,49.9,1021.88,0,0,5,877,,
2021-05-20,15:45,16.6,9.4,63,WNW,24.1,46.7,1021.98,0,0,5,803,,
2021-05-20,16:00,16.9,9.4,63,WEST,24.1,40.2,1021.88,0,0,4,800,,
2021-05-20,16:15,16.8,9.4,63,WNW,17.7,43.5,1021.98,0,0,4,661,,
2021-05-20,16:30,16.5,9.4,64,WNW,24.1,48.3,1021.84,0,0,4,691,,
2021-05-20,16:45,17.1,10,64,WNW,17.7,40.2,1021.98,0,0,3,575,,
2021-05-20,17:00,16.3,9.4,65,WSW,22.5,38.6,1021.81,0,0,2,478,,
2021-05-20,17:15,16.1,10,67,WEST,25.7,43.5,1022.22,0,0,2,568,,
2021-05-20,17:30,16.2,10,67,WEST,20.9,33.8,1021.94,0,0,2,512,,
2021-05-20,17:45,16.1,9.4,67,ESE,29,46.7,1021.88,0,0,2,462,,
2021-05-20,18:00,15.6,9.4,67,WNW,20.9,43.5,1021.98,0,0,1,403,,
2021-05-20,18:15,15.4,9.4,69,NW,32.2,40.2,1021.98,0,0,1,388,,
2021-05-20,18:30,15.6,10,70,WSW,6.4,38.6,1021.91,0,0,1,308,,
2021-05-20,18:45,15.1,9.4,69,WEST,17.7,43.5,1021.98,0,0,1,250,,
2021-05-20,19:00,15.1,9.4,71,SE,32.2,48.3,1022.01,0,0,0,200,,
2021-05-20,19:15,15.1,9.4,71,WEST,24.1,30.6,1022.18,0,0,0,141,,
2021-05-20,19:30,14.7,9.4,72,WNW,25.7,37,1022.15,0,0,0,90,,
2021-05-20,19:45,14.4,9.4,73,WEST,22.5,38.6,1022.45,0,0,0,53,,
2021-05-20,20:00,14.3,9.4,75,WEST,12.9,41.8,1022.52,0,0,0,23,,
2021-05-20,20:15,13.8,9.4,76,WEST,20.9,30.6,1022.72,0,0,0,14,,
2021-05-20,20:30,13.4,9.4,78,WEST,20.9,30.6,1023.06,0,0,0,0,,
2021-05-20,20:45,13.2,9.4,79,WEST,16.1,25.7,1023.1,0,0,0,0,,
2021-05-20,21:00,13.1,9.4,80,WNW,9.7,22.5,1023.33,0,0,0,0,,
2021-05-20,21:15,12.9,9.4,81,WEST,14.5,24.1,1023.37,0,0,0,0,,
2021-05-20,21:30,12.7,9.4,82,WNW,11.3,19.3,1023.4,0,0,0,0,,
2021-05-20,21:45,12.6,9.4,82,WNW,8,16.1,1023.74,0,0,0,0,,
2021-05-20,22:00,12.7,9.4,82,WNW,19.3,20.9,1023.94,0,0,0,0,,
2021-05-20,22:15,12.7,9.4,82,WEST,16.1,24.1,1024.01,0,0,0,0,,
2021-05-20,22:30,12.7,9.4,82,WNW,4.8,20.9,1024.11,0,0,0,0,,
2021-05-20,22:45,12.6,9.4,82,WEST,19.3,19.3,1023.98,0,0,0,0,,
2021-05-20,23:00,12.6,9.4,82,WEST,17.7,22.5,1024.15,0,0,0,0,,
2021-05-20,23:15,12.6,9.4,82,WNW,12.9,25.7,1023.91,0,0,0,0,,
2021-05-20,23:30,12.6,9.4,82,WNW,14.5,29,1023.91,0,0,0,0,,
2021-05-20,23:45,12.4,9.4,83,WNW,8,19.3,1023.81,0,0,0,0,,
2021-05-20,OVR,,,,,,,,,,,,gustmax,61.2
2021-05-20,OVR,,,,,,,,,,,,rainrate_max,0
2021-05-20,OVR,,,,,,,,,,,,rain_total_mm,0
2021-05-20,OVR,,,,,,,,,,,,tmax,17.3
2021-05-20,OVR,,,,,,,,,,,,tmin,12.3
2021-05-20,OVR,,,,,,,,,,,,wind_dir_mean_deg,292.5
2021-05-21,00:00,12.3,9.4,83,WNW,12.9,20.9,1023.6,0,0,0,0,,
2021-05-21,00:15,12.3,9.4,82,WNW,12.9,22.5,1023.71,0,0,0,0,,
2021-05-21,00:30,12.1,8.9,82,WNW,6.4,19.3,1023.71,0,0,0,0,,
2021-05-21,00:45,11.7,8.9,83,WNW,4.8,11.3,1023.81,0,0,0,0,,
2021-05-21,01:00,11.8,8.9,83,WNW,3.2,14.5,1023.67,0,0,0,0,,
2021-05-21,01:15,11.1,8.3,85,NW,1.6,3.2,1023.71,0,0,0,0,,
2021-05-21,01:30,10.6,8.3,87,NW,1.6,3.2,1023.33,0,0,0,0,,
2021-05-21,01:45,10.8,8.9,88,NW,1.6,1.6,1023.16,0,0,0,0,,
2021-05-21,02:00,10.8,8.3,87,NW,1.6,4.8,1022.99,0,0,0,0,,
2021-05-21,02:15,10.2,7.8,86,NW,3.2,6.4,1022.76,0,0,0,0,,
2021-05-21,02:30,10.2,8.3,88,NW,3.2,4.8,1022.66,0,0,0,0,,
2021-05-21,02:45,10.2,8.3,88,NORTH,0,1.6,1022.66,0,0,0,0,,
2021-05-21,03:00,10.1,8.3,89,NORTH,0,1.6,1022.59,0,0,0,0,,
2021-05-21,03:15,9.8,7.8,88,NORTH,0,1.6,1022.38,0,0,0,0,,
2021-05-21,03:30,9.6,7.8,90,NW,1.6,3.2,1022.52,0,0,0,0,,
2021-05-21,03:45,9.9,8.3,90,NW,1.6,4.8,1022.45,0,0,0,0,,
2021-05-21,04:00,9.7,7.8,90,NW,1.6,3.2,1022.18,0,0,0,0,,
2021-05-21,04:15,10.2,8.9,91,NORTH,3.2,3.2,1022.11,0,0,0,0,,
2021-05-21,04:30,10.5,8.9,90,NE,3.2,4.8,1021.98,0,0,0,0,,
2021-05-21,04:45,10.1,8.3,90,EAST,3.2,6.4,1021.81,0,0,0,0,,
2021-05-21,05:00,10.4,8.3,89,EAST,1.6,3.2,1022.01,0,0,0,0,,
2021-05-21,05:15,10.2,8.3,88,NORTH,0,6.4,1021.91,0,0,0,0,,
2021-05-21,05:30,9.8,7.2,86,EAST,1.6,4.8,1021.81,0,0,0,0,,
2021-05-21,05:45,9.7,6.7,84,EAST,3.2,4.8,1021.84,0,0,0,0,,
2021-05-21,06:00,9.9,7.2,84,EAST,1.6,4.8,1021.67,0,0,0,0,,
2021-05-21,06:15,10.2,7.2,84,ESE,6.4,6.4,1021.78,0,0,0,9,,
2021-05-21,06:30,10.9,8.3,85,ESE,11.3,9.7,1021.74,0,0,0,14,,
2021-05-21,06:45,11.3,8.3,84,EAST,6.4,12.9,1021.57,0,0,0,44,,
2021-05-21,07:00,12.2,8.9,81,EAST,6.4,9.7,1021.64,0,0,0,70,,
2021-05-21,07:15,12.7,8.9,79,EAST,6.4,11.3,1021.64,0,0,0,153,,
2021-05-21,07:30,12.9,9.4,79,ESE,3.2,11.3,1021.61,0,0,0,195,,
2021-05-21,07:45,14.2,8.9,72,ESE,3.2,16.1,1021.67,0,0,0,257,,
2021-05-21,08:00,14.7,8.9,70,SE,14.5,14.5,1021.64,0,0,1,265,,
2021-05-21,08:15,15.2,9.4,69,EAST,11.3,16.1,1021.61,0,0,1,325,,
2021-05-21,08:30,15.4,8.9,67,SE,4.8,16.1,1021.74,0,0,1,410,,
2021-05-21,08:45,15.4,10,72,SE,19.3,22.5,1021.61,0,0,2,461,,
2021-05-21,09:00,15.6,11.1,75,ESE,17.7,19.3,1021.67,0,0,2,478,,
2021-05-21,09:15,16,11.7,76,SE,16.1,22.5,1021.81,0,0,2,504,,
2021-05-21,09:30,16.4,11.1,72,ESE,11.3,27.4,1021.98,0,0,3,508,,
2021-05-21,09:45,16.8,10,66,ESE,14.5,29,1021.91,0,0,3,501,,
2021-05-21,10:00,17.3,10.6,64,SE,20.9,29,1021.98,0,0,3,561,,
2021-05-21,10:15,17.8,10,60,SE,8,24.1,1022.18,0,0,4,673,,
2021-05-21,10:30,18,9.4,59,SE,6.4,24.1,1021.98,0,0,4,763,,
2021-05-21,10:45,18.6,9.4,55,ESE,17.7,29,1022.01,0,0,5,800,,
2021-05-21,11:00,19.2,9.4,54,SE,25.7,27.4,1021.84,0,0,5,830,,
2021-05-21,11:15,19.8,10,54,SE,12.9,22.5,1021.67,0,0,6,860,,
2021-05-21,11:30,20,9.4,51,SE,14.5,29,1021.81,0,0,6,886,,
2021-05-21,11:45,20.2,10,52,SE,16.1,27.4,1021.81,0,0,6,905,,
2021-05-21,12:00,20.8,10.6,53,SE,14.5,25.7,1021.84,0,0,7,928,,
2021-05-21,12:15,20.7,8.3,46,ESE,17.7,29,1021.81,0,0,7,947,,
2021-05-21,12:30,20.8,8.3,45,SE,30.6,32.2,1021.67,0,0,7,960,,
2021-05-21,12:45,21.3,8.3,44,SOUTH,19.3,30.6,1021.5,0,0,7,969,,
2021-05-21,13:00,21.3,8.3,44,SE,14.5,29,1021.06,0,0,8,976,,
2021-05-21,13:15,21.6,9.4,46,SE,16.1,30.6,1020.93,0,0,8,970,,
2021-05-21,13:30,21.6,9.4,46,SE,20.9,35.4,1020.96,0,0,8,972,,
2021-05-21,13:45,21.9,8.9,44,SE,20.9,29,1020.96,0,0,8,965,,
2021-05-21,14:00,21.3,7.8,42,SE,17.7,29,1020.89,0,0,7,958,,
2021-05-21,14:15,21.6,7.2,40,SSE,19.3,30.6,1020.83,0,0,7,947,,
2021-05-21,14:30,22,6.7,38,ESE,17.7,27.4,1020.45,0,0,7,933,,
2021-05-21,14:45,22.1,7.2,38,ESE,12.9,29,1020.56,0,0,7,912,,
2021-05-21,15:00,22.1,6.7,37,ESE,12.9,37,1020.45,0,0,6,891,,
2021-05-21,15:15,21.9,7.8,40,SE,11.3,33.8,1020.12,0,0,6,847,,
2021-05-21,15:30,22.4,7.2,38,ESE,16.1,32.2,1020.01,0,0,6,800,,
2021-05-21,15:45,21.8,7.2,39,SE,22.5,32.2,1019.3,0,0,5,802,,
2021-05-21,16:00,21.9,6.7,38,ESE,19.3,33.8,1019.54,0,0,5,728,,
2021-05-21,16:15,22.4,7.2,37,ESE,11.3,29,1019.3,0,0,4,608,,
2021-05-21,16:30,21.9,5.6,35,SE,20.9,35.4,1019.17,0,0,4,640,,
2021-05-21,16:45,21.8,6.1,36,ESE,17.7,35.4,1019,0,0,3,635,,
2021-05-21,17:00,21.5,6.1,37,SE,22.5,32.2,1018.86,0,0,3,638,,
2021-05-21,17:15,21.1,6.7,39,SE,16.1,38.6,1018.49,0,0,2,494,,
2021-05-21,17:30,20.8,6.1,38,SE,19.3,35.4,1018.49,0,0,2,483,,
2021-05-21,17:45,20.7,6.1,39,ESE,24.1,33.8,1018.19,0,0,2,415,,
2021-05-21,18:00,20.1,5,38,SE,16.1,37,1018.39,0,0,1,332,,
2021-05-21,18:15,19.6,5.6,39,ESE,17.7,33.8,1018.52,0,0,1,269,,
2021-05-21,18:30,19.4,3.3,35,SE,16.1,33.8,1018.19,0,0,1,232,,
2021-05-21,18:45,19.1,3.9,37,ESE,22.5,30.6,1018.08,0,0,1,174,,
2021-05-21,19:00,18.8,5.6,42,ESE,14.5,29,1018.12,0,0,0,135,,
2021-05-21,19:15,18.3,5.6,43,SE,22.5,32.2,1017.91,0,0,0,109,,
2021-05-21,19:30,17.8,6.7,49,ESE,17.7,27.4,1018.12,0,0,0,60,,
2021-05-21,19:45,17.2,6.1,49,SE,8,29,1018.12,0,0,0,56,,
2021-05-21,20:00,16.8,6.7,53,SE,14.5,29,1018.15,0,0,0,39,,
2021-05-21,20:15,16.6,7.2,54,SE,20.9,27.4,1017.95,0,0,0,16,,
2021-05-21,20:30,16.3,7.2,55,ESE,16.1,27.4,1017.61,0,0,0,7,,
2021-05-21,20:45,16.1,7.2,55,ESE,30.6,29,1017.61,0,0,0,0,,
2021-05-21,21:00,15.8,7.2,57,EAST,24.1,30.6,1017.2,0,0,0,0,,
2021-05-21,21:15,15.8,6.1,53,ESE,14.5,33.8,1017.41,0,0,0,0,,
2021-05-21,21:30,15.6,5.6,52,ESE,22.5,40.2,1017.1,0,0,0,0,,
2021-05-21,21:45,15.6,5.6,52,ESE,22.5,37,1017.2,0,0,0,0,,
2021-05-21,22:00,15.3,6.1,56,ESE,20.9,35.4,1017.03,0,0,0,0,,
2021-05-21,22:15,15.1,6.7,58,SE,22.5,32.2,1017.17,0,0,0,0,,
2021-05-21,22:30,15.1,7.2,61,ESE,27.4,35.4,1017.2,0,0,0,0,,
2021-05-21,22:45,14.8,8.3,65,ESE,27.4,32.2,1017.24,0,0,0,0,,
2021-05-21,23:00,15.2,6.1,54,SE,30.6,38.6,1017.27,0,0,0,0,,
2021-05-21,23:15,15.7,5,49,SE,20.9,41.8,1016.83,0,0,0,0,,
2021-05-21,23:30,15.6,5.6,51,SE,22.5,35.4,1016.83,0,0,0,0,,
2021-05-21,23:45,15.7,5.6,51,SE,14.5,33.8,1016.76,0,0,0,0,,
2021-05-21,OVR,,,,,,,,,,,,gustmax,41.8
2021-05-21,OVR,,,,,,,,,,,,rainrate_max,0
2021-05-21,OVR,,,,,,,,,,,,rain_total_mm,0
2021-05-21,OVR,,,,,,,,,,,,tmax,22.7
2021-05-21,OVR,,,,,,,,,,,,tmin,9.4
2021-05-21,OVR,,,,,,,,,,,,wind_dir_mean_deg,135
2021-05-22,00:00,15.7,5.6,51,SE,25.7,38.6,1016.56,0,0,0,0,,
2021-05-22,00:15,15.6,5.6,52,ESE,22.5,35.4,1016.12,0,0,0,0,,
2021-05-22,00:30,15.6,5.6,52,ESE,16.1,32.2,1016.22,0,0,0,0,,
2021-05-22,00:45,15.4,6.1,55,EAST,12.9,33.8,1016.19,0,0,0,0,,
2021-05-22,01:00,15.3,6.1,55,SE,12.9,24.1,1015.75,0,0,0,0,,
2021-05-22,01:15,15.3,6.1,55,SE,11.3,25.7,1015.51,0,0,0,0,,
2021-05-22,01:30,15.2,5.6,53,ESE,14.5,19.3,1015.1,0,0,0,0,,
2021-05-22,01:45,15.2,5,52,ESE,8,20.9,1014.97,0,0,0,0,,
2021-05-22,02:00,15.1,4.4,50,ESE,6.4,22.5,1014.63,0,0,0,0,,
2021-05-22,02:15,15.3,4.4,49,ESE,9.7,17.7,1014.56,0,0,0,0,,
2021-05-22,02:30,15.3,5.6,53,EAST,6.4,17.7,1014.6,0,0,0,0,,
2021-05-22,02:45,15.4,6.1,55,ESE,14.5,22.5,1014.09,0,0,0,0,,
2021-05-22,03:00,15.4,7.8,61,ESE,4.8,24.1,1014.09,0,0,0,0,,
2021-05-22,03:15,15.2,8.3,65,SE,17.7,22.5,1013.82,0,0,0,0,,
2021-05-22,03:30,15.4,10,70,SOUTH,20.9,27.4,1013.61,0,0,0,0,,
2021-05-22,03:45,15.3,10.6,74,ESE,19.3,32.2,1013.44,0,0,0,0,,
2021-05-22,04:00,15.4,10.6,75,SSE,17.7,32.2,1013.41,0,0,0,0,,
2021-05-22,04:15,15.3,11.1,77,ESE,17.7,30.6,1013.44,0,0,0,0,,
2021-05-22,04:30,15.2,11.1,79,ESE,24.1,29,1013.34,0,0,0,0,,
2021-05-22,04:45,15.2,11.7,81,SE,22.5,30.6,1013,0,0,0,0,,
2021-05-22,05:00,15,11.7,82,ESE,19.3,25.7,1013.07,0,0,0,0,,
2021-05-22,05:15,14.8,11.7,83,ESE,17.7,22.5,1012.97,0,0,0,0,,
2021-05-22,05:30,14.7,11.7,84,SE,12.9,20.9,1013.04,0,0,0,0,,
2021-05-22,05:45,14.7,11.7,82,EAST,11.3,22.5,1013.31,0,0,0,0,,
2021-05-22,06:00,14.4,11.1,81,ESE,6.4,16.1,1013.38,0,0,0,0,,
2021-05-22,06:15,14.7,11.1,81,ESE,11.3,16.1,1013.28,0,0,0,9,,
2021-05-22,06:30,14.8,11.7,82,EAST,9.7,16.1,1013.21,0,0,0,19,,
2021-05-22,06:45,14.9,11.7,82,ESE,6.4,16.1,1013.21,0,0,0,53,,
2021-05-22,07:00,15.1,11.1,79,SSW,3.2,12.9,1013.48,0,0,0,83,,
2021-05-22,07:15,14.9,11.1,79,EAST,1.6,6.4,1013.51,0,0,0,141,,
2021-05-22,07:30,15,10,74,EAST,3.2,4.8,1013.95,0,0,0,188,,
2021-05-22,07:45,16.2,11.7,76,NE,4.8,6.4,1014.02,0,0,0,227,,
2021-05-22,08:00,16.7,12.2,75,ESE,1.6,9.7,1014.05,0,0,1,262,,
2021-05-22,08:15,17.4,12.8,75,EAST,6.4,19.3,1014.16,0,0,1,299,,
2021-05-22,08:30,17.8,13.3,77,EAST,6.4,17.7,1014.29,0,0,1,378,,
2021-05-22,08:45,18.5,13.9,75,ESE,6.4,19.3,1014.16,0,0,2,417,,
2021-05-22,09:00,18.8,13.9,73,EAST,6.4,14.5,1014.29,0,0,2,480,,
2021-05-22,09:15,19.4,13.3,69,SE,8,12.9,1014.33,0,0,2,459,,
2021-05-22,09:30,19.7,12.8,66,ESE,6.4,14.5,1014.19,0,0,3,478,,
2021-05-22,09:45,20.3,13.3,65,EAST,1.6,12.9,1014.26,0,0,3,480,,
2021-05-22,10:00,20.8,13.3,62,ESE,9.7,14.5,1014.36,0,0,3,506,,
2021-05-22,10:15,21.6,13.3,61,EAST,6.4,11.3,1014.12,0,0,4,628,,
2021-05-22,10:30,22.4,12.8,55,ENE,6.4,14.5,1014.12,0,0,4,703,,
2021-05-22,10:45,23.3,12.8,53,ESE,1.6,6.4,1014.12,0,0,5,766,,
2021-05-22,11:00,24.2,12.8,50,SE,3.2,12.9,1013.99,0,0,5,759,,
2021-05-22,11:15,24,14.4,55,SE,11.3,14.5,1013.85,0,0,5,807,,
2021-05-22,11:30,24,14.4,55,SE,14.5,17.7,1014.02,0,0,6,819,,
2021-05-22,11:45,24.3,15,56,SE,19.3,22.5,1014.22,0,0,6,868,,
2021-05-22,12:00,24.7,15,55,SE,11.3,19.3,1013.99,0,0,6,842,,
2021-05-22,12:15,25.2,16.1,58,SE,17.7,25.7,1013.68,0,0,7,916,,
2021-05-22,12:30,25.5,15.6,55,SE,17.7,24.1,1014.02,0,0,7,921,,
2021-05-22,12:45,25.8,16.1,56,SSE,22.5,19.3,1013.95,0,0,7,933,,
2021-05-22,13:00,26,16.1,55,SE,9.7,19.3,1013.88,0,0,7,886,,
2021-05-22,13:15,26.3,16.1,54,SE,16.1,20.9,1013.75,0,0,7,928,,
2021-05-22,13:30,26.6,15,50,SSE,9.7,19.3,1013.51,0,0,7,925,,
2021-05-22,13:45,26.9,14.4,47,ESE,8,19.3,1013.48,0,0,6,603,,
2021-05-22,14:00,27.3,15,47,SE,4.8,17.7,1013.65,0,0,5,497,,
2021-05-22,14:15,27.4,13.9,43,SSE,8,14.5,1013.58,0,0,5,721,,
2021-05-22,14:30,27.7,12.8,40,SOUTH,9.7,16.1,1013.44,0,0,5,675,,
2021-05-22,14:45,28,14.4,43,SE,3.2,9.7,1013.58,0,0,5,594,,
2021-05-22,15:00,28.2,12.8,40,SSE,6.4,8,1013.38,0,0,4,471,,
2021-05-22,15:15,28.1,13.3,41,NORTH,0,9.7,1013.38,0,0,4,499,,
2021-05-22,15:30,28.6,13.3,39,WEST,9.7,22.5,1013.41,0,0,6,731,,
2021-05-22,15:45,26.7,12.8,42,WEST,19.3,37,1013.51,0,0,5,816,,
2021-05-22,16:00,25.3,12.8,46,WNW,32.2,45.1,1013.65,0,0,5,754,,
2021-05-22,16:15,24.7,12.8,48,WNW,33.8,41.8,1013.61,0,0,4,708,,
2021-05-22,16:30,24.3,12.2,48,WSW,22.5,43.5,1013.95,0,0,4,671,,
2021-05-22,16:45,24.1,12.8,50,WNW,17.7,35.4,1014.09,0,0,3,635,,
2021-05-22,17:00,24,13.3,51,WEST,20.9,41.8,1014.02,0,0,3,589,,
2021-05-22,17:15,23.9,13.9,54,WNW,32.2,32.2,1013.95,0,0,3,540,,
2021-05-22,17:30,23.9,14.4,55,WEST,27.4,45.1,1014.29,0,0,2,503,,
2021-05-22,17:45,22.8,14.4,61,WNW,32.2,51.5,1014.49,0,0,2,448,,
2021-05-22,18:00,21.6,15,66,WEST,24.1,45.1,1014.43,0,0,2,392,,
2021-05-22,18:15,21.6,15,68,WEST,20.9,41.8,1014.29,0,0,1,316,,
2021-05-22,18:30,21.3,15,69,WEST,25.7,40.2,1014.09,0,0,1,294,,
2021-05-22,18:45,21.2,15.6,70,NNE,24.1,37,1014.22,0,0,1,244,,
2021-05-22,19:00,20.8,15,70,WEST,30.6,43.5,1014.33,0,0,0,176,,
2021-05-22,19:15,20.7,15,70,NNE,20.9,33.8,1014.49,0,0,0,137,,
2021-05-22,19:30,20.8,15,69,WEST,12.9,22.5,1014.63,0,0,0,93,,
2021-05-22,19:45,20.7,14.4,69,WNW,11.3,19.3,1014.77,0,0,0,51,,
2021-05-22,20:00,20.6,13.9,67,WNW,14.5,14.5,1014.87,0,0,0,23,,
2021-05-22,20:15,20.3,14.4,71,WNW,12.9,16.1,1014.73,0,0,0,12,,
2021-05-22,20:30,19.7,14.4,73,NW,6.4,14.5,1014.73,0,0,0,0,,
2021-05-22,20:45,18.6,13.9,76,NW,1.6,1.6,1014.87,0,0,0,0,,
2021-05-22,21:00,17.9,13.9,79,NW,1.6,3.2,1014.9,0,0,0,0,,
2021-05-22,21:15,18.6,13.9,75,NORTH,0,4.8,1015.07,0,0,0,0,,
2021-05-22,21:30,18.3,13.3,75,NORTH,0,1.6,1015.17,0,0,0,0,,
2021-05-22,21:45,18.7,13.9,75,NNE,1.6,3.2,1015.24,0,0,0,0,,
2021-05-22,22:00,18.9,14.4,75,NNE,3.2,3.2,1015.31,0,0,0,0,,
2021-05-22,22:15,18.8,13.9,75,ENE,3.2,4.8,1015.34,0,0,0,0,,
2021-05-22,22:30,18,13.3,76,ENE,3.2,3.2,1015.31,0,0,0,0,,
2021-05-22,22:45,18.5,11.1,63,ENE,1.6,4.8,1015.37,0,0,0,0,,
2021-05-22,23:00,19.2,11.1,59,ENE,3.2,4.8,1015.21,0,0,0,0,,
2021-05-22,23:15,19.3,10.6,56,ENE,1.6,4.8,1015.07,0,0,0,0,,
2021-05-22,23:30,18.8,10,57,EAST,1.6,4.8,1014.97,0,0,0,0,,
2021-05-22,23:45,19,8.9,53,ESE,3.2,6.4,1014.97,0,0,0,0,,
2021-05-22,OVR,,,,,,,,,,,,gustmax,51.5
2021-05-22,OVR,,,,,,,,,,,,rainrate_max,0
2021-05-22,OVR,,,,,,,,,,,,rain_total_mm,0
2021-05-22,OVR,,,,,,,,,,,,tmax,28.8
2021-05-22,OVR,,,,,,,,,,,,tmin,14
2021-05-22,OVR,,,,,,,,,,,,wind_dir_mean_deg,112.5
2021-05-23,00:00,19.1,8.9,52,ESE,3.2,4.8,1014.8,0,0,0,0,,
2021-05-23,00:15,19.3,8.9,50,ESE,1.6,4.8,1015.17,0,0,0,0,,
2021-05-23,00:30,18.8,9.4,56,ESE,3.2,6.4,1015.24,0,0,0,0,,
2021-05-23,00:45,18.6,10.6,61,ESE,1.6,4.8,1015.31,0,0,0,0,,
2021-05-23,01:00,17.7,11.7,69,ESE,3.2,6.4,1015.31,0,0,0,0,,
2021-05-23,01:15,17.8,12.2,70,NORTH,0,3.2,1015.48,0,0,0,0,,
2021-05-23,01:30,18.6,12.2,68,ESE,3.2,4.8,1015.65,0,0,0,0,,
2021-05-23,01:45,18,12.2,70,NORTH,0,4.8,1016.12,0,0,0,0,,
2021-05-23,02:00,16.8,11.7,74,ESE,3.2,4.8,1015.65,0,0,0,0,,
2021-05-23,02:15,16.1,11.7,77,ESE,1.6,3.2,1015.51,0,0,0,0,,
2021-05-23,02:30,15.5,11.7,80,NORTH,0,4.8,1016.09,0,0,0,0,,
2021-05-23,02:45,16,12.2,80,ESE,1.6,3.2,1016.42,0,0,0,0,,
2021-05-23,03:00,16.6,12.8,79,ESE,1.6,6.4,1016.59,0,0,0,0,,
2021-05-23,03:15,16.4,12.2,78,NORTH,0,3.2,1016.22,0,0,0,0,,
2021-05-23,03:30,16.1,12.2,80,ESE,4.8,6.4,1015.78,0,0,0,0,,
2021-05-23,03:45,17.1,12.2,74,ESE,6.4,4.8,1015.75,0,0,0,0,,
2021-05-23,04:00,17.8,11.7,67,EAST,3.2,4.8,1015.68,0,0,0,0,,
2021-05-23,04:15,17.6,11.7,68,SSE,6.4,9.7,1016.19,0,0,0,0,,
2021-05-23,04:30,17.2,11.7,70,NORTH,0,4.8,1015.95,0,0,0,0,,
2021-05-23,04:45,15.7,11.7,78,WNW,3.2,9.7,1016.05,0,0,0,0,,
2021-05-23,05:00,15.6,11.7,78,EAST,1.6,4.8,1015.68,0,0,0,0,,
2021-05-23,05:15,16.3,11.7,74,EAST,3.2,6.4,1015.61,0,0,0,0,,
2021-05-23,05:30,17,11.7,72,NW,1.6,8,1015.68,0,0,0,0,,
2021-05-23,05:45,16.8,11.7,71,NORTH,0,4.8,1015.71,0,0,0,0,,
2021-05-23,06:00,15.9,11.1,75,EAST,3.2,4.8,1015.37,0,0,0,0,,
2021-05-23,06:15,17.7,11.7,68,ENE,3.2,6.4,1015.44,0,0,0,0,,
2021-05-23,06:30,17.9,11.7,68,NORTH,3.2,6.4,1016.09,0,0,0,0,,
2021-05-23,06:45,16.6,11.7,74,EAST,3.2,6.4,1015.65,0,0,0,14,,
2021-05-23,07:00,17.1,11.7,72,NORTH,0,4.8,1016.42,0,0,0,62,,
2021-05-23,07:15,17.4,12.2,71,ESE,4.8,6.4,1015.24,0,0,0,56,,
2021-05-23,07:30,18.8,11.7,64,ESE,6.4,19.3,1014.87,0,0,0,35,,
2021-05-23,07:45,18.3,12.2,67,EAST,1.6,17.7,1015.37,0,0,0,28,,
2021-05-23,08:00,18.7,12.2,66,EAST,9.7,14.5,1015.34,0,0,0,42,,
2021-05-23,08:15,17.8,12.2,71,SE,3.2,25.7,1016.12,0,0,0,70,,
2021-05-23,08:30,17.7,12.8,74,SSE,4.8,11.3,1016.49,0,0,0,88,,
2021-05-23,08:45,17.8,12.8,73,ESE,4.8,9.7,1016.36,0,0,0,83,,
2021-05-23,09:00,19,13.3,70,ESE,1.6,4.8,1016.12,0,0,0,74,,
2021-05-23,09:15,19.3,13.3,69,EAST,3.2,3.2,1016.29,0,0,0,88,,
2021-05-23,09:30,19.1,13.3,70,ESE,3.2,6.4,1016.63,0,0,0,54,,
2021-05-23,09:45,19.2,13.9,72,ESE,1.6,4.8,1016.53,0,0,0,65,,
2021-05-23,10:00,18.6,13.9,76,ESE,9.7,14.5,1016.09,0,0,1,220,,
2021-05-23,10:15,20.3,13.9,66,ESE,3.2,12.9,1016.56,0,0,2,290,,
2021-05-23,10:30,20.7,14.4,67,EAST,6.4,6.4,1016.49,0,0,4,749,,
2021-05-23,10:45,22,13.9,61,WNW,6.4,11.3,1016.83,0,0,5,779,,
2021-05-23,11:00,22.6,14.4,60,NORTH,0,6.4,1016.93,0,0,4,503,,
2021-05-23,11:15,23,15,62,WEST,1.6,8,1017.1,0,0,5,1083,,
2021-05-23,11:30,23,15,62,SOUTH,1.6,14.5,1017.34,0,0,4,446,,
2021-05-23,11:45,23.2,15.6,62,SE,1.6,6.4,1017.41,0,0,5,584,,
2021-05-23,12:00,22.8,15.6,65,NW,6.4,14.5,1017.54,0,0,4,499,,
2021-05-23,12:15,23,15.6,64,NNW,1.6,12.9,1017.58,0,0,3,352,,
2021-05-23,12:30,23.6,16.1,63,NNW,3.2,8,1017.54,0,0,8,1079,,
2021-05-23,12:45,24.2,16.1,62,NW,3.2,8,1016.86,0,0,5,450,,
2021-05-23,13:00,24.8,16.1,60,NW,4.8,14.5,1017.14,0,0,8,939,,
2021-05-23,13:15,25.2,15.6,55,SSW,3.2,12.9,1016.8,0,0,8,629,,
2021-05-23,13:30,25.6,14.4,51,SSE,12.9,16.1,1016.83,0,0,4,473,,
2021-05-23,13:45,25.3,15,53,SSE,8,11.3,1016.73,0,0,3,323,,
2021-05-23,14:00,25.8,14.4,50,NORTH,0,11.3,1016.97,0,0,7,1014,,
2021-05-23,14:15,25.3,15.6,55,SSE,1.6,9.7,1016.93,0,0,2,267,,
2021-05-23,14:30,25.3,15.6,56,NORTH,0,12.9,1016.9,0,0,4,431,,
2021-05-23,14:45,25.7,15.6,54,SSE,4.8,11.3,1016.12,0,0,4,631,,
2021-05-23,15:00,26.5,15,49,SSE,12.9,16.1,1015.58,0,0,6,536,,
2021-05-23,15:15,26.4,14.4,48,SSE,4.8,12.9,1016.29,0,0,3,378,,
2021-05-23,15:30,26.9,12.8,42,ESE,6.4,11.3,1016.32,0,0,6,796,,
2021-05-23,15:45,27.1,14.4,47,SSE,1.6,11.3,1016.32,0,0,5,722,,
2021-05-23,16:00,27.2,15,49,SSE,6.4,12.9,1016.15,0,0,4,680,,
2021-05-23,16:15,26.7,15.6,51,WNW,6.4,17.7,1016.29,0,0,4,645,,
2021-05-23,16:30,26.6,15.6,51,SOUTH,3.2,12.9,1016.29,0,0,3,606,,
2021-05-23,16:45,27,16.1,52,WEST,6.4,17.7,1015.95,0,0,3,559,,
2021-05-23,17:00,27,16.1,51,WEST,11.3,14.5,1016.02,0,0,3,515,,
2021-05-23,17:15,27,16.1,52,WNW,8,12.9,1015.82,0,0,2,476,,
2021-05-23,17:30,27.1,15.6,50,WEST,4.8,8,1015.78,0,0,2,424,,
2021-05-23,17:45,26.1,16.1,55,WNW,17.7,25.7,1015.71,0,0,1,336,,
2021-05-23,18:00,25.2,15.6,56,WNW,11.3,22.5,1015.54,0,0,1,323,,
2021-05-23,18:15,25.2,15.6,56,WEST,9.7,16.1,1015.54,0,0,1,281,,
2021-05-23,18:30,24.9,15,55,WEST,9.7,11.3,1015.54,0,0,1,243,,
2021-05-23,18:45,24.7,15.6,58,WNW,1.6,14.5,1015.41,0,0,1,197,,
2021-05-23,19:00,24.1,15,57,NORTH,0,4.8,1015.27,0,0,0,139,,
2021-05-23,19:15,23.6,14.4,58,SW,1.6,6.4,1015.24,0,0,0,113,,
2021-05-23,19:30,23.4,14.4,57,SW,1.6,3.2,1014.93,0,0,0,81,,
2021-05-23,19:45,23.2,14.4,59,SW,1.6,3.2,1015.21,0,0,0,54,,
2021-05-23,20:00,23.3,15,60,SW,1.6,4.8,1015.24,0,0,0,33,,
2021-05-23,20:15,22.5,15.6,66,SW,1.6,3.2,1015.31,0,0,0,16,,
2021-05-23,20:30,21.7,15.6,68,SE,3.2,4.8,1015.21,0,0,0,0,,
2021-05-23,20:45,21.4,15,67,EAST,4.8,6.4,1014.97,0,0,0,0,,
2021-05-23,21:00,21.7,15,66,ESE,3.2,9.7,1015.07,0,0,0,0,,
2021-05-23,21:15,21.6,15.6,68,ESE,6.4,19.3,1014.87,0,0,0,0,,
2021-05-23,21:30,20.8,14.4,67,ESE,16.1,17.7,1014.97,0,0,0,0,,
2021-05-23,21:45,20.8,13.3,62,EAST,16.1,27.4,1015.24,0,0,0,0,,
2021-05-23,22:00,20.5,12.8,62,EAST,16.1,27.4,1015.24,0,0,0,0,,
2021-05-23,22:15,20.3,12.8,63,ESE,12.9,24.1,1015.71,0,0,0,0,,
2021-05-23,22:30,20,12.8,63,ESE,6.4,19.3,1016.09,0,0,0,0,,
2021-05-23,22:45,19.6,12.2,64,ESE,6.4,24.1,1016.59,0,0,0,0,,
2021-05-23,23:00,19,12.2,65,EAST,11.3,20.9,1016.8,0,0,0,0,,
2021-05-23,23:15,18.8,12.2,66,EAST,16.1,27.4,1016.46,0,0,0,0,,
2021-05-23,23:30,18.6,12.2,66,EAST,12.9,27.4,1016.73,0,0,0,0,,
2021-05-23,23:45,18.3,12.2,68,EAST,14.5,29,1016.12,0,0,0,0,,
2021-05-23,OVR,,,,,,,,,,,,gustmax,29
2021-05-23,OVR,,,,,,,,,,,,rainrate_max,0
2021-05-23,OVR,,,,,,,,,,,,rain_total_mm,0
2021-05-23,OVR,,,,,,,,,,,,tmax,27.5
2021-05-23,OVR,,,,,,,,,,,,tmin,15.1
2021-05-23,OVR,,,,,,,,,,,,wind_dir_mean_deg,112.5
2021-05-24,00:00,18.2,12.2,69,ESE,12.9,25.7,1017.1,0,0,0,0,,
2021-05-24,00:15,17.9,12.2,71,ESE,12.9,27.4,1016.7,0,0,0,0,,
2021-05-24,00:30,17.2,12.8,77,EAST,17.7,35.4,1016.32,0.25,0.25,0,0,,
2021-05-24,00:45,16.3,12.8,81,EAST,22.5,49.9,1013.48,0.25,0.25,0,0,,
2021-05-24,01:00,16.7,13.3,81,ESE,6.4,41.8,1015.85,0.25,0.25,0,0,,
2021-05-24,01:15,17.2,13.3,79,ENE,11.3,24.1,1015.04,0.25,0.25,0,0,,
2021-05-24,01:30,17.2,13.3,79,NNE,6.4,12.9,1015.24,0.25,0,0,0,,
2021-05-24,01:45,17.7,13.3,76,ENE,24.1,30.6,1014.8,0.25,0,0,0,,
2021-05-24,02:00,17.5,13.3,77,ENE,22.5,30.6,1014.16,0.25,0,0,0,,
2021-05-24,02:15,17.6,13.3,78,EAST,20.9,33.8,1013.75,0.25,0,0,0,,
2021-05-24,02:30,17.5,13.9,80,EAST,16.1,24.1,1013.51,0.25,0,0,0,,
2021-05-24,02:45,17.7,13.9,79,ESE,9.7,32.2,1013.24,0.25,0,0,0,,
2021-05-24,03:00,17.7,13.9,79,ESE,17.7,29,1013.51,0.25,0,0,0,,
2021-05-24,03:15,17.4,13.9,80,SE,25.7,29,1013.24,0.25,0,0,0,,
2021-05-24,03:30,17.3,13.9,80,ESE,19.3,29,1012.77,0.25,0,0,0,,
2021-05-24,03:45,17.3,13.9,80,EAST,11.3,27.4,1012.7,0.25,0,0,0,,
2021-05-24,04:00,17.3,13.9,80,EAST,20.9,24.1,1012.7,0.25,0,0,0,,
2021-05-24,04:15,17.4,13.9,79,ESE,11.3,22.5,1013,0.25,0,0,0,,
2021-05-24,04:30,17.6,13.9,78,EAST,20.9,22.5,1013,0.25,0,0,0,,
2021-05-24,04:45,17.7,13.9,79,ESE,9.7,17.7,1013.11,0.51,0.25,0,0,,
2021-05-24,05:00,17.5,13.9,79,EAST,3.2,12.9,1013.82,0.51,0.25,0,0,,
2021-05-24,05:15,17.4,13.9,79,EAST,6.4,9.7,1013.75,0.51,0.25,0,0,,
2021-05-24,05:30,16.9,13.9,82,EAST,3.2,9.7,1013.51,0.51,0.25,0,0,,
2021-05-24,05:45,16.9,13.9,83,EAST,6.4,16.1,1013.17,0.51,0,0,0,,
2021-05-24,06:00,17,13.9,82,ESE,3.2,14.5,1013.65,0.51,0,0,0,,
2021-05-24,06:15,16.8,13.9,83,ESE,1.6,17.7,1014.09,0.51,0,0,0,,
2021-05-24,06:30,16.9,13.9,82,SE,11.3,14.5,1013.31,0.51,0,0,12,,
2021-05-24,06:45,17.2,13.9,81,NNE,6.4,11.3,1013.48,0.51,0,0,28,,
2021-05-24,07:00,16.8,13.9,84,ESE,4.8,11.3,1013.51,0.51,0,0,53,,
2021-05-24,07:15,17.1,13.9,83,EAST,4.8,11.3,1013.44,0.51,0,0,51,,
2021-05-24,07:30,16.8,13.9,85,NORTH,0,4.8,1013.92,0.51,0,0,139,,
2021-05-24,07:45,17.2,14.4,84,NNE,3.2,4.8,1013.92,0.51,0,0,200,,
2021-05-24,08:00,18.2,14.4,80,ESE,4.8,14.5,1013.61,0.51,0,0,171,,
2021-05-24,08:15,18.6,15,79,SE,8,11.3,1014.19,0.51,0,1,285,,
2021-05-24,08:30,18.7,14.4,78,SSE,4.8,11.3,1014.33,0.51,0,1,183,,
2021-05-24,08:45,18.9,15,78,EAST,11.3,17.7,1014.33,0.51,0,1,313,,
2021-05-24,09:00,19.8,15,75,EAST,16.1,19.3,1013.68,0.51,0,1,355,,
2021-05-24,09:15,19.7,15,76,NORTH,0,24.1,1014.26,0.51,0,1,243,,
2021-05-24,09:30,19.6,15.6,77,SOUTH,3.2,19.3,1015.17,0.51,0,2,309,,
2021-05-24,09:45,19.7,15.6,78,SE,6.4,19.3,1014.97,0.51,0,2,322,,
2021-05-24,10:00,19.8,16.1,79,SSE,4.8,12.9,1015.07,0.51,0,2,315,,
2021-05-24,10:15,20.1,15.6,76,SE,6.4,9.7,1015.17,0.51,0,1,207,,
2021-05-24,11:15,19.9,15.6,76,WEST,20.9,29,1015.75,0.51,0,2,315,,
2021-05-24,11:30,19.8,15.6,77,WEST,14.5,27.4,1015.88,0.51,0,3,408,,
2021-05-24,11:45,20,15.6,78,WNW,14.5,25.7,1016.09,0.51,0,2,288,,
2021-05-24,12:00,19.7,16.1,79,WEST,4.8,22.5,1016.05,0.51,0,2,258,,
2021-05-24,12:15,20,16.1,79,WNW,3.2,22.5,1015.95,0.51,0,2,202,,
2021-05-24,12:30,19.7,15.6,79,SSE,8,12.9,1016.66,0.51,0,0,63,,
2021-05-24,12:45,19.4,15.6,79,SW,4.8,17.7,1016.39,0.51,0,1,176,,
2021-05-24,13:00,19.2,15,79,WSW,11.3,25.7,1016.56,0.51,0,1,144,,
2021-05-24,13:15,19.4,15,76,WEST,9.7,32.2,1016.8,0.51,0,2,288,,
2021-05-24,13:30,20.2,15,73,SSE,9.7,32.2,1016.73,0.51,0,5,420,,
2021-05-24,13:45,18.8,14.4,77,WEST,16.1,40.2,1017.31,0.51,0,2,323,,
2021-05-24,14:00,18.8,14.4,77,WEST,16.1,29,1017.24,0.51,0,3,376,,
2021-05-24,14:15,18.1,13.9,78,WEST,24.1,40.2,1017.54,0.51,0,3,378,,
2021-05-24,14:30,19.2,13.9,73,WEST,22.5,40.2,1017.37,0.51,0,2,250,,
2021-05-24,14:45,17.7,13.3,77,WNW,22.5,37,1017.81,0.51,0,1,206,,
2021-05-24,15:00,16.9,13.3,80,WEST,27.4,49.9,1017.95,0.51,0,1,174,,
2021-05-24,15:15,16.6,13.3,81,WEST,25.7,41.8,1018.12,0.51,0,1,192,,
2021-05-24,15:30,16.8,12.8,78,WEST,22.5,51.5,1018.19,0.51,0,2,287,,
2021-05-24,15:45,16.5,12.2,77,WNW,20.9,46.7,1018.15,0.51,0,1,218,,
2021-05-24,16:00,16.4,12.2,77,NNE,30.6,46.7,1018.39,0.51,0,1,167,,
2021-05-24,16:15,16.1,12.2,78,WEST,29,40.2,1018.52,0.51,0,1,116,,
2021-05-24,16:30,15.8,12.2,79,WEST,25.7,43.5,1018.66,0.51,0,0,81,,
2021-05-24,16:45,15.6,12.2,81,WNW,37,48.3,1018.76,0.51,0,1,120,,
2021-05-24,17:00,15.5,12.2,81,WEST,25.7,43.5,1018.86,0.51,0,0,76,,
2021-05-24,17:15,15.4,12.2,82,WNW,29,45.1,1018.93,0.51,0,1,125,,
2021-05-24,17:30,15.3,12.2,81,WEST,24.1,43.5,1018.93,0.51,0,0,88,,
2021-05-24,17:45,15.3,11.7,81,WNW,27.4,46.7,1018.96,0.51,0,0,76,,
2021-05-24,18:00,15.3,12.2,82,NNE,24.1,38.6,1019.2,0.51,0,0,109,,
2021-05-24,18:15,15.3,12.2,82,WNW,25.7,41.8,1019.07,0.51,0,0,91,,
2021-05-24,18:30,15.2,12.2,82,WEST,20.9,49.9,1019.44,0.51,0,0,70,,
2021-05-24,18:45,15,11.7,83,WNW,17.7,49.9,1019.64,0.51,0,0,33,,
2021-05-24,19:00,14.7,11.7,84,WEST,29,41.8,1019.88,0.51,0,0,25,,
2021-05-24,19:15,14.3,11.7,86,WNW,16.1,51.5,1020.18,0.51,0,0,32,,
2021-05-24,19:30,14,11.7,87,WEST,14.5,33.8,1020.29,0.51,0,0,32,,
2021-05-24,19:45,14.2,11.7,87,NNE,16.1,32.2,1020.66,0.51,0,0,9,,
2021-05-24,20:00,14,11.7,88,WNW,11.3,33.8,1020.86,0.51,0,0,11,,
2021-05-24,20:15,13.9,12.2,89,WEST,14.5,25.7,1021,0.51,0,0,0,,
2021-05-24,20:30,13.9,12.2,90,WEST,16.1,24.1,1021.06,0.51,0,0,0,,
2021-05-24,20:45,13.8,12.2,91,WEST,14.5,27.4,1021.2,0.51,0,0,0,,
2021-05-24,21:00,13.7,12.2,91,WEST,14.5,25.7,1021.37,0.51,0,0,0,,
2021-05-24,21:15,13.8,12.2,91,WNW,17.7,22.5,1021.57,0.51,0,0,0,,
2021-05-24,21:30,13.9,12.2,91,WNW,11.3,20.9,1021.91,0.51,0,0,0,,
2021-05-24,21:45,14,12.2,90,WNW,11.3,20.9,1021.94,0.51,0,0,0,,
2021-05-24,22:00,14.1,12.2,89,WNW,12.9,24.1,1022.22,0.51,0,0,0,,
2021-05-24,22:15,14.1,12.2,89,WNW,12.9,25.7,1022.25,0.51,0,0,0,,
2021-05-24,22:30,14,12.2,89,WNW,16.1,38.6,1022.18,0.51,0,0,0,,
2021-05-24,22:45,13.9,11.7,88,WNW,16.1,33.8,1022.35,0.51,0,0,0,,
2021-05-24,23:00,13.8,11.7,87,WEST,24.1,25.7,1022.35,0.51,0,0,0,,
2021-05-24,23:15,13.9,11.7,89,WEST,29,38.6,1022.11,0.51,0,0,0,,
2021-05-24,23:30,13.7,11.7,89,WEST,33.8,38.6,1021.94,0.51,0,0,0,,
2021-05-24,23:45,13.5,11.7,88,WNW,11.3,27.4,1022.45,0.51,0,0,0,,
2021-05-24,OVR,,,,,,,,,,,,gustmax,56.3
2021-05-24,OVR,,,,,,,,,,,,rainrate_max,0.2
2021-05-24,OVR,,,,,,,,,,,,rain_total_mm,0.4
2021-05-24,OVR,,,,,,,,,,,,tmax,20.3
2021-05-24,OVR,,,,,,,,,,,,tmin,13.4
2021-05-24,OVR,,,,,,,,,,,,wind_dir_mean_deg,292.5
2021-05-25,00:00,13.4,11.1,87,WEST,20.9,20.9,1022.55,0,0,0,0,,
2021-05-25,00:15,13.3,11.1,88,WNW,11.3,30.6,1022.55,0,0,0,0,,
2021-05-25,00:30,13.4,11.1,87,WEST,19.3,24.1,1022.66,0,0,0,0,,
2021-05-25,00:45,13.4,11.1,88,NW,11.3,25.7,1022.66,0,0,0,0,,
2021-05-25,01:00,13.6,11.7,88,WNW,19.3,37,1022.86,0,0,0,0,,
2021-05-25,01:15,13.7,11.1,86,WNW,19.3,29,1022.82,0,0,0,0,,
2021-05-25,01:30,13.8,11.1,84,WNW,11.3,32.2,1022.72,0,0,0,0,,
2021-05-25,01:45,13.8,11.1,84,WEST,24.1,29,1023.1,0,0,0,0,,
2021-05-25,02:00,13.7,11.1,84,NW,11.3,22.5,1022.89,0,0,0,0,,
2021-05-25,02:15,13.5,10.6,84,NW,4.8,14.5,1022.93,0,0,0,0,,
2021-05-25,02:30,13.6,10.6,84,WEST,12.9,24.1,1022.86,0,0,0,0,,
2021-05-25,02:45,13.7,10.6,83,NW,6.4,25.7,1022.69,0,0,0,0,,
2021-05-25,03:00,12.6,10,87,NW,6.4,12.9,1022.52,0,0,0,0,,
2021-05-25,03:15,12.4,10.6,89,NW,1.6,12.9,1022.28,0,0,0,0,,
2021-05-25,03:30,12.6,10.6,89,WNW,14.5,17.7,1022.25,0,0,0,0,,
2021-05-25,03:45,12.3,10.6,89,NNW,6.4,11.3,1022.28,0,0,0,0,,
2021-05-25,04:00,12.1,10.6,90,NW,4.8,8,1022.32,0,0,0,0,,
2021-05-25,04:15,11.8,10,90,NNW,3.2,6.4,1022.28,0,0,0,0,,
2021-05-25,04:30,11.9,10,91,WNW,8,12.9,1022.59,0,0,0,0,,
2021-05-25,04:45,12.1,10.6,91,WEST,9.7,19.3,1022.45,0,0,0,0,,
2021-05-25,05:00,12.2,10.6,90,WNW,8,17.7,1022.55,0,0,0,0,,
2021-05-25,05:15,12.2,10.6,89,NW,1.6,8,1022.35,0,0,0,0,,
2021-05-25,05:30,11.8,10,89,NORTH,0,3.2,1022.28,0,0,0,0,,
2021-05-25,05:45,11.9,10,89,NORTH,0,4.8,1022.35,0,0,0,0,,
2021-05-25,06:00,11.6,10,91,NNW,1.6,3.2,1022.28,0,0,0,0,,
2021-05-25,06:15,11.5,10,91,NNE,1.6,3.2,1022.35,0,0,0,11,,
2021-05-25,06:30,11.7,10,91,NNE,1.6,3.2,1022.66,0,0,0,32,,
2021-05-25,06:45,12.1,10,90,NNE,1.6,3.2,1022.72,0,0,0,67,,
2021-05-25,07:00,12.5,10.6,88,NNW,3.2,6.4,1022.62,0,0,0,93,,
2021-05-25,07:15,12.7,10.6,87,NW,3.2,8,1022.93,0,0,0,160,,
2021-05-25,07:30,13.3,10.6,85,NW,3.2,8,1023.13,0,0,0,234,,
2021-05-25,07:45,14.2,11.7,85,WNW,6.4,12.9,1023.4,0,0,0,366,,
2021-05-25,08:00,14.2,11.7,86,WNW,8,24.1,1023.5,0,0,1,374,,
2021-05-25,08:15,14.2,11.7,85,WNW,8,29,1023.81,0,0,1,290,,
2021-05-25,08:30,14.9,12.2,84,WEST,19.3,19.3,1023.94,0,0,1,457,,
2021-05-25,08:45,15.1,12.2,83,WEST,14.5,25.7,1023.98,0,0,1,461,,
2021-05-25,09:00,15.6,12.2,81,WNW,11.3,20.9,1024.18,0,0,2,515,,
2021-05-25,09:15,15.8,12.8,82,WEST,19.3,25.7,1024.18,0,0,2,666,,
2021-05-25,09:30,15.9,12.2,79,WNW,12.9,24.1,1024.42,0,0,2,526,,
2021-05-25,09:45,16.3,12.8,79,WEST,14.5,20.9,1024.45,0,0,2,183,,
2021-05-25,10:00,16.6,12.2,76,WNW,11.3,25.7,1024.55,0,0,3,540,,
2021-05-25,10:15,17.3,12.8,75,WEST,11.3,22.5,1024.69,0,0,4,647,,
2021-05-25,10:30,17.6,12.8,73,WNW,9.7,30.6,1024.55,0,0,4,751,,
2021-05-25,10:45,17.9,12.2,70,WEST,17.7,32.2,1024.38,0,0,4,782,,
2021-05-25,11:00,18.4,11.7,67,WNW,14.5,37,1024.42,0,0,5,812,,
2021-05-25,11:15,18.9,12.2,65,WEST,20.9,35.4,1024.21,0,0,5,842,,
2021-05-25,11:30,19.3,11.7,62,WEST,20.9,41.8,1024.08,0,0,6,872,,
2021-05-25,11:45,19.6,12.2,63,WEST,20.9,38.6,1024.01,0,0,6,895,,
2021-05-25,12:00,19.8,12.2,63,WNW,24.1,45.1,1024.15,0,0,6,916,,
2021-05-25,12:15,20,12.8,63,WNW,32.2,37,1024.25,0,0,6,907,,
2021-05-25,12:30,19.8,12.8,64,WEST,35.4,45.1,1024.25,0,0,7,940,,
2021-05-25,12:45,19.6,12.2,64,WNW,29,41.8,1024.08,0,0,7,947,,
2021-05-25,13:00,19.9,12.8,63,NW,30.6,41.8,1023.98,0,0,7,965,,
2021-05-25,13:15,19.9,12.2,62,WNW,27.4,43.5,1024.08,0,0,7,1018,,
2021-05-25,13:30,20.2,12.2,60,WEST,29,40.2,1023.81,0,0,6,459,,
2021-05-25,13:45,20.4,12.2,60,WNW,35.4,45.1,1023.98,0,0,7,1018,,
2021-05-25,14:00,20.5,11.7,58,WNW,32.2,48.3,1023.74,0,0,6,840,,
2021-05-25,14:15,20.7,11.1,55,WEST,37,45.1,1023.5,0,0,7,942,,
2021-05-25,14:30,21.2,11.1,53,WSW,24.1,38.6,1023.47,0,0,7,895,,
2021-05-25,14:45,21,10.6,52,WNW,29,51.5,1023.43,0,0,6,896,,
2021-05-25,15:00,21.3,10.6,51,WNW,20.9,53.1,1023.37,0,0,6,867,,
2021-05-25,15:15,20.8,9.4,49,WEST,41.8,53.1,1023.54,0,0,6,838,,
2021-05-25,15:30,20.9,8.9,47,WNW,30.6,53.1,1023.37,0,0,5,817,,
2021-05-25,15:45,21.1,9.4,49,WEST,22.5,59.5,1023.27,0,0,5,789,,
2021-05-25,16:00,20.4,10.6,53,WNW,22.5,53.1,1023.3,0,0,4,756,,
2021-05-25,16:15,20.2,10,53,WEST,32.2,46.7,1023.2,0,0,4,719,,
2021-05-25,16:30,20.4,10,51,WNW,25.7,48.3,1023.43,0,0,4,675,,
2021-05-25,16:45,20.5,8.9,48,WEST,29,56.3,1023.2,0,0,3,638,,
2021-05-25,17:00,20.8,8.9,46,ESE,37,49.9,1023.16,0,0,3,596,,
2021-05-25,17:15,21.3,8.3,43,WNW,25.7,38.6,1023.33,0,0,3,554,,
2021-05-25,17:30,20.8,7.2,42,NW,19.3,48.3,1023.33,0,0,2,510,,
2021-05-25,17:45,20.7,6.7,40,NW,24.1,43.5,1023.06,0,0,2,457,,
2021-05-25,18:00,20.6,7.2,42,WEST,19.3,41.8,1022.89,0,0,2,410,,
2021-05-25,18:15,20.6,7.2,42,WNW,17.7,35.4,1022.72,0,0,1,271,,
2021-05-25,18:30,20.3,7.2,43,WNW,22.5,43.5,1022.55,0,0,1,190,,
2021-05-25,18:45,19.8,6.7,43,WNW,14.5,41.8,1022.62,0,0,0,142,,
2021-05-25,19:00,19.3,7.2,45,WNW,22.5,38.6,1022.62,0,0,0,169,,
2021-05-25,19:15,19,7.2,47,WEST,20.9,38.6,1022.66,0,0,0,104,,
2021-05-25,19:30,18.6,7.8,49,WNW,24.1,37,1022.49,0,0,0,69,,
2021-05-25,19:45,17.9,8.3,54,WNW,17.7,35.4,1022.66,0,0,0,53,,
2021-05-25,20:00,17.5,8.9,57,WEST,27.4,35.4,1022.82,0,0,0,33,,
2021-05-25,20:15,17,9.4,62,WEST,19.3,30.6,1022.86,0,0,0,26,,
2021-05-25,20:30,16.4,9.4,65,WEST,22.5,32.2,1022.79,0,0,0,11,,
2021-05-25,20:45,15.9,9.4,67,NNW,16.1,25.7,1022.93,0,0,0,0,,
2021-05-25,21:00,15.3,10,71,WEST,12.9,20.9,1023.16,0,0,0,0,,
2021-05-25,21:15,14.9,10,73,WNW,12.9,20.9,1023.2,0,0,0,0,,
2021-05-25,21:30,14.7,10,74,WEST,9.7,20.9,1023.4,0,0,0,0,,
2021-05-25,21:45,14.5,10,74,WNW,9.7,22.5,1023.5,0,0,0,0,,
2021-05-25,22:00,14.2,10,77,WEST,6.4,24.1,1023.71,0,0,0,0,,
2021-05-25,22:15,13.9,10,79,WEST,17.7,25.7,1023.94,0,0,0,0,,
2021-05-25,22:30,13.4,10.6,82,WSW,3.2,14.5,1024.01,0,0,0,0,,
2021-05-25,22:45,13.2,10.6,84,WSW,4.8,12.9,1023.94,0,0,0,0,,
2021-05-25,23:00,13.3,10.6,85,WEST,9.7,17.7,1023.91,0,0,0,0,,
2021-05-25,23:15,13.1,10.6,85,WNW,6.4,16.1,1023.84,0,0,0,0,,
2021-05-25,23:30,12.7,10,85,NORTH,0,8,1023.81,0,0,0,0,,
2021-05-25,23:45,12.3,10,86,WNW,1.6,3.2,1023.81,0,0,0,0,,
2021-05-25,OVR,,,,,,,,,,,,gustmax,59.5
2021-05-25,OVR,,,,,,,,,,,,rainrate_max,0
2021-05-25,OVR,,,,,,,,,,,,rain_total_mm,0
2021-05-25,OVR,,,,,,,,,,,,tmax,21.6
2021-05-25,OVR,,,,,,,,,,,,tmin,11.3
2021-05-25,OVR,,,,,,,,,,,,wind_dir_mean_deg,292.5
2021-05-26,00:00,12.1,10,88,NORTH,0,4.8,1023.74,0,0,0,0,,
2021-05-26,00:15,11.8,9.4,88,NORTH,0,3.2,1023.77,0,0,0,0,,
2021-05-26,00:30,11.9,10,89,SW,1.6,3.2,1023.6,0,0,0,0,,
2021-05-26,00:45,11.4,9.4,88,SW,1.6,4.8,1023.54,0,0,0,0,,
2021-05-26,01:00,11.4,9.4,89,NORTH,0,4.8,1023.4,0,0,0,0,,
2021-05-26,01:15,12,10,88,WNW,1.6,11.3,1023.3,0,0,0,0,,
2021-05-26,01:30,11.9,10,88,WNW,1.6,6.4,1023.06,0,0,0,0,,
2021-05-26,01:45,11.8,10,89,NORTH,0,6.4,1022.99,0,0,0,0,,
2021-05-26,02:00,11.7,10,90,WNW,1.6,4.8,1022.86,0,0,0,0,,
2021-05-26,02:15,11.8,10,89,SOUTH,1.6,4.8,1022.79,0,0,0,0,,
2021-05-26,02:30,11.6,9.4,89,SOUTH,3.2,4.8,1022.86,0,0,0,0,,
2021-05-26,02:45,11.8,9.4,87,SOUTH,1.6,4.8,1022.69,0,0,0,0,,
2021-05-26,03:00,12.2,8.9,81,WNW,9.7,11.3,1022.62,0,0,0,0,,
2021-05-26,03:15,11.5,8.3,82,WNW,3.2,4.8,1022.32,0,0,0,0,,
2021-05-26,03:30,10.7,7.8,83,WNW,1.6,3.2,1022.25,0,0,0,0,,
2021-05-26,03:45,10.7,6.7,77,NE,3.2,6.4,1021.94,0,0,0,0,,
2021-05-26,04:00,10.2,6.1,77,NE,3.2,4.8,1021.81,0,0,0,0,,
2021-05-26,04:15,11.1,5.6,71,NE,1.6,3.2,1021.81,0,0,0,0,,
2021-05-26,04:30,10.7,5.6,71,NE,1.6,4.8,1021.84,0,0,0,0,,
2021-05-26,04:45,10.5,5.6,71,NORTH,0,3.2,1021.67,0,0,0,0,,
2021-05-26,05:00,10.6,5,70,NE,1.6,4.8,1021.74,0,0,0,0,,
2021-05-26,05:15,10.1,5,73,NE,4.8,3.2,1021.84,0,0,0,0,,
2021-05-26,05:30,9.9,5.6,76,EAST,1.6,3.2,1021.64,0,0,0,0,,
2021-05-26,05:45,10,5.6,73,EAST,1.6,3.2,1021.61,0,0,0,0,,
2021-05-26,06:00,10.6,6.7,78,NORTH,0,3.2,1021.71,0,0,0,0,,
2021-05-26,06:15,10.7,7.8,84,SSW,1.6,3.2,1021.61,0,0,0,11,,
2021-05-26,06:30,10.6,7.8,84,SSW,3.2,3.2,1021.57,0,0,0,32,,
2021-05-26,06:45,11.3,6.7,75,NORTH,0,4.8,1021.91,0,0,0,67,,
2021-05-26,07:00,12.2,7.2,72,NORTH,0,1.6,1021.88,0,0,0,95,,
2021-05-26,07:15,12.6,7.8,73,NORTH,0,3.2,1021.81,0,0,0,156,,
2021-05-26,07:30,13.2,7.2,69,NORTH,0,3.2,1021.67,0,0,0,214,,
2021-05-26,07:45,13.8,8.3,70,NORTH,0,1.6,1021.98,0,0,1,264,,
2021-05-26,08:00,13.8,7.2,66,WNW,3.2,6.4,1022.11,0,0,1,311,,
2021-05-26,08:15,14,6.7,62,WNW,4.8,6.4,1022.25,0,0,1,288,,
2021-05-26,08:30,14.6,6.7,60,WNW,3.2,4.8,1022.15,0,0,1,411,,
2021-05-26,08:45,15.5,5.6,52,NW,3.2,6.4,1022.18,0,0,2,457,,
2021-05-26,09:00,16,4.4,47,WNW,11.3,14.5,1022.22,0,0,2,506,,
2021-05-26,09:15,16.4,5,47,NW,6.4,12.9,1022.11,0,0,2,538,,
2021-05-26,09:30,17.2,3.9,41,NW,6.4,14.5,1022.05,0,0,3,529,,
2021-05-26,09:45,17.4,4.4,42,WNW,11.3,17.7,1021.94,0,0,3,512,,
2021-05-26,10:00,18,4.4,40,NW,12.9,16.1,1021.74,0,0,3,536,,
2021-05-26,10:15,18.4,5.6,43,NW,14.5,17.7,1021.57,0,0,4,638,,
2021-05-26,10:30,18.8,6.1,44,WNW,6.4,16.1,1021.64,0,0,4,744,,
2021-05-26,10:45,18.9,6.1,44,WNW,4.8,19.3,1021.64,0,0,4,791,,
2021-05-26,11:00,19.4,6.7,44,NW,9.7,20.9,1021.71,0,0,5,824,,
2021-05-26,11:15,19.7,7.8,47,WNW,9.7,19.3,1021.74,0,0,5,851,,
2021-05-26,11:30,20.2,8.3,46,NW,3.2,17.7,1021.37,0,0,6,877,,
2021-05-26,11:45,20.6,7.8,43,SOUTH,3.2,11.3,1021.27,0,0,6,900,,
2021-05-26,12:00,21.1,7.8,43,WNW,11.3,19.3,1021.03,0,0,6,921,,
2021-05-26,12:15,21.7,7.8,42,WNW,1.6,20.9,1020.93,0,0,6,932,,
2021-05-26,12:30,21.6,7.2,40,WNW,4.8,24.1,1020.76,0,0,7,946,,
2021-05-26,12:45,21.9,7.2,38,WEST,16.1,24.1,1020.42,0,0,7,956,,
2021-05-26,13:00,22.3,7.2,39,WNW,12.9,22.5,1020.42,0,0,7,963,,
2021-05-26,13:15,22.7,7.8,39,WNW,12.9,17.7,1020.35,0,0,7,946,,
2021-05-26,13:30,22.6,8.9,42,WNW,4.8,24.1,1020.29,0,0,7,944,,
2021-05-26,13:45,22.9,8.9,40,WEST,19.3,25.7,1020.42,0,0,7,933,,
2021-05-26,14:00,23.4,10,43,WEST,9.7,27.4,1020.29,0,0,7,914,,
2021-05-26,14:15,23.5,11.1,46,WSW,1.6,29,1020.25,0,0,6,918,,
2021-05-26,14:30,23.3,10.6,46,WEST,12.9,25.7,1019.88,0,0,6,904,,
2021-05-26,14:45,23.2,10.6,45,WNW,24.1,29,1019.81,0,0,6,881,,
2021-05-26,15:00,23.4,10,43,WNW,24.1,27.4,1019.74,0,0,6,860,,
2021-05-26,15:15,23.4,9.4,42,WNW,24.1,32.2,1019.54,0,0,5,830,,
2021-05-26,15:30,23.3,8.9,40,NW,14.5,30.6,1019.1,0,0,5,807,,
2021-05-26,15:45,23.4,9.4,41,WEST,17.7,32.2,1019,0,0,5,772,,
2021-05-26,16:00,22.9,9.4,42,WEST,16.1,25.7,1019.07,0,0,4,737,,
2021-05-26,16:15,23.2,9.4,42,WEST,17.7,32.2,1018.8,0,0,4,698,,
2021-05-26,16:30,23.2,9.4,42,WEST,17.7,24.1,1018.73,0,0,3,654,,
2021-05-26,16:45,22.6,9.4,44,WEST,20.9,29,1018.46,0,0,3,612,,
2021-05-26,17:00,22.5,9.4,44,WNW,17.7,30.6,1018.19,0,0,3,575,,
2021-05-26,17:15,22.4,9.4,44,WEST,19.3,32.2,1018.05,0,0,2,524,,
2021-05-26,17:30,22.4,9.4,43,WEST,12.9,25.7,1017.91,0,0,2,476,,
2021-05-26,17:45,22.1,8.9,43,WEST,16.1,22.5,1018.02,0,0,2,427,,
2021-05-26,18:00,21.7,8.9,44,WEST,16.1,29,1018.32,0,0,1,380,,
2021-05-26,18:15,21.1,8.9,45,NORTH,12.9,27.4,1018.49,0,0,1,329,,
2021-05-26,18:30,20.7,9.4,49,WEST,16.1,27.4,1018.59,0,0,1,279,,
2021-05-26,18:45,20.5,10,51,WNW,4.8,22.5,1018.39,0,0,1,236,,
2021-05-26,19:00,20.1,8.9,49,WEST,12.9,20.9,1018.32,0,0,0,179,,
2021-05-26,19:15,19.8,9.4,52,WEST,17.7,20.9,1018.15,0,0,0,137,,
2021-05-26,19:30,19.6,9.4,53,WEST,6.4,19.3,1017.95,0,0,0,97,,
2021-05-26,19:45,19.1,10,56,WNW,6.4,16.1,1017.58,0,0,0,63,,
2021-05-26,20:00,18.5,10,59,WNW,8,16.1,1017.27,0,0,0,37,,
2021-05-26,20:15,17.9,10,60,NORTH,0,9.7,1017.85,0,0,0,19,,
2021-05-26,20:30,17.2,10,63,SSE,6.4,8,1018.59,0,0,0,7,,
2021-05-26,20:45,16.4,10,67,NORTH,0,9.7,1018.52,0,0,0,0,,
2021-05-26,21:00,15.8,10,68,SSW,1.6,3.2,1018.39,0,0,0,0,,
2021-05-26,21:15,15.4,9.4,69,SW,3.2,4.8,1018.46,0,0,0,0,,
2021-05-26,21:30,15.6,9.4,68,NORTH,0,11.3,1018.29,0,0,0,0,,
2021-05-26,21:45,15.3,10,71,WSW,1.6,4.8,1018.73,0,0,0,0,,
2021-05-26,22:00,14.7,9.4,72,WEST,1.6,3.2,1018.49,0,0,0,0,,
2021-05-26,22:15,14.9,9.4,71,SE,3.2,6.4,1018.56,0,0,0,0,,
2021-05-26,22:30,14.8,9.4,70,SE,4.8,4.8,1018.66,0,0,0,0,,
2021-05-26,22:45,14.2,8.3,70,NORTH,0,1.6,1018.9,0,0,0,0,,
2021-05-26,23:00,14.3,9.4,74,SE,3.2,3.2,1019.13,0,0,0,0,,
2021-05-26,23:15,14.2,9.4,74,SE,3.2,3.2,1019.03,0,0,0,0,,
2021-05-26,23:30,13.6,8.9,75,SE,1.6,3.2,1019.03,0,0,0,0,,
2021-05-26,23:45,13.8,9.4,76,NORTH,0,3.2,1018.73,0,0,0,0,,
2021-05-26,OVR,,,,,,,,,,,,gustmax,35.4
2021-05-26,OVR,,,,,,,,,,,,rainrate_max,0
2021-05-26,OVR,,,,,,,,,,,,rain_total_mm,0
2021-05-26,OVR,,,,,,,,,,,,tmax,23.7
2021-05-26,OVR,,,,,,,,,,,,tmin,9.7
2021-05-26,OVR,,,,,,,,,,,,wind_dir_mean_deg,292.5
2021-05-27,00:00,13.8,9.4,76,EAST,4.8,6.4,1018.42,0,0,0,0,,
2021-05-27,00:15,14,10,76,EAST,1.6,4.8,1018.46,0,0,0,0,,
2021-05-27,00:30,14.1,10,76,NORTH,0,1.6,1018.46,0,0,0,0,,
2021-05-27,00:45,13.6,10,79,NORTH,0,3.2,1018.63,0,0,0,0,,
2021-05-27,01:00,13.5,9.4,77,EAST,3.2,4.8,1018.59,0,0,0,0,,
2021-05-27,01:15,13.7,9.4,75,EAST,3.2,4.8,1018.56,0,0,0,0,,
2021-05-27,01:30,13.4,8.9,75,EAST,1.6,4.8,1018.32,0,0,0,0,,
2021-05-27,01:45,14.2,8.9,72,EAST,3.2,4.8,1017.95,0,0,0,0,,
2021-05-27,02:00,13.9,8.9,73,NORTH,0,3.2,1017.78,0,0,0,0,,
2021-05-27,02:15,14,8.9,72,NORTH,0,4.8,1017.58,0,0,0,0,,
2021-05-27,02:30,13.7,9.4,76,EAST,1.6,9.7,1017.34,0,0,0,0,,
2021-05-27,02:45,13.4,9.4,76,EAST,3.2,6.4,1017.1,0,0,0,0,,
2021-05-27,03:00,14.3,9.4,73,NORTH,0,4.8,1016.83,0,0,0,0,,
2021-05-27,03:15,14.3,9.4,74,NORTH,0,4.8,1017.14,0,0,0,0,,
2021-05-27,03:30,13.9,9.4,76,NORTH,0,4.8,1017.24,0,0,0,0,,
2021-05-27,03:45,14.2,9.4,75,EAST,1.6,4.8,1017.31,0,0,0,0,,
2021-05-27,04:00,14.7,9.4,71,NORTH,0,4.8,1017.14,0,0,0,0,,
2021-05-27,04:15,14.1,8.9,73,EAST,1.6,4.8,1017,0,0,0,0,,
2021-05-27,04:30,14.4,8.9,71,NORTH,0,1.6,1017.2,0,0,0,0,,
2021-05-27,04:45,13.3,8.3,74,EAST,1.6,3.2,1017.31,0,0,0,0,,
2021-05-27,05:00,13.8,8.9,72,NORTH,0,3.2,1017.37,0,0,0,0,,
2021-05-27,05:15,13.5,8.9,75,EAST,1.6,3.2,1017.2,0,0,0,0,,
2021-05-27,05:30,13.7,8.3,71,EAST,1.6,3.2,1017.07,0,0,0,0,,
2021-05-27,05:45,13.2,8.3,72,EAST,3.2,1.6,1017.07,0,0,0,0,,
2021-05-27,06:00,13.8,8.3,70,EAST,1.6,3.2,1017.27,0,0,0,0,,
2021-05-27,06:15,14.5,8.3,68,NORTH,0,3.2,1017.37,0,0,0,0,,
2021-05-27,06:30,14.3,8.9,71,EAST,1.6,4.8,1017.51,0,0,0,18,,
2021-05-27,06:45,15.1,8.9,67,NORTH,0,1.6,1017.64,0,0,0,44,,
2021-05-27,07:00,14.6,9.4,72,NORTH,0,1.6,1017.68,0,0,0,54,,
2021-05-27,07:15,14.2,10,76,EAST,1.6,3.2,1017.64,0,0,0,69,,
2021-05-27,07:30,14.7,10.6,77,NORTH,0,3.2,1017.61,0,0,0,111,,
2021-05-27,07:45,14.9,10.6,76,NORTH,0,1.6,1017.68,0,0,0,114,,
2021-05-27,08:00,15.5,10.6,74,EAST,1.6,3.2,1017.68,0,0,1,260,,
2021-05-27,08:15,16.1,10.6,71,EAST,1.6,4.8,1017.64,0,0,1,272,,
2021-05-27,08:30,16.4,11.1,71,NNW,1.6,4.8,1017.78,0,0,1,292,,
2021-05-27,08:45,17.2,11.1,69,NNW,1.6,3.2,1018.05,0,0,1,392,,
2021-05-27,09:00,17.4,11.1,68,NNW,4.8,6.4,1018.19,0,0,2,464,,
2021-05-27,09:15,17.9,11.7,69,NW,4.8,8,1018.29,0,0,2,492,,
2021-05-27,09:30,18.3,11.7,67,WNW,6.4,11.3,1018.39,0,0,2,510,,
2021-05-27,09:45,18.1,11.7,66,WNW,6.4,14.5,1018.25,0,0,3,503,,
2021-05-27,10:00,18.4,10.6,61,WEST,9.7,17.7,1018.39,0,0,3,527,,
2021-05-27,10:15,19.2,11.1,61,WEST,3.2,14.5,1018.39,0,0,4,617,,
2021-05-27,10:30,19.5,11.7,61,WEST,11.3,17.7,1018.49,0,0,4,738,,
2021-05-27,10:45,19.8,11.7,60,WEST,1.6,16.1,1018.32,0,0,5,789,,
2021-05-27,11:00,20.7,11.7,56,WEST,4.8,14.5,1018.39,0,0,5,819,,
2021-05-27,11:15,20.5,10.6,53,WEST,12.9,17.7,1018.59,0,0,5,849,,
2021-05-27,11:30,20.8,8.9,47,WEST,4.8,22.5,1018.56,0,0,6,879,,
2021-05-27,11:45,21.1,8.3,45,WNW,11.3,20.9,1018.63,0,0,6,902,,
2021-05-27,12:00,21.8,8.3,43,WSW,6.4,20.9,1018.52,0,0,6,921,,
2021-05-27,12:15,22.1,7.2,39,WNW,14.5,22.5,1018.49,0,0,7,933,,
2021-05-27,12:30,22.3,6.1,35,WEST,3.2,22.5,1018.32,0,0,7,949,,
2021-05-27,12:45,22.6,6.7,36,WEST,19.3,22.5,1018.32,0,0,7,960,,
2021-05-27,13:00,22.3,6.1,35,NW,6.4,22.5,1018.46,0,0,7,963,,
2021-05-27,13:15,22.3,6.1,35,WNW,11.3,27.4,1018.35,0,0,7,967,,
2021-05-27,13:30,22.7,4.4,31,SSE,22.5,30.6,1018.25,0,0,7,965,,
2021-05-27,13:45,22.6,5,32,WEST,19.3,29,1018.22,0,0,7,960,,
2021-05-27,14:00,22.6,5,32,WEST,17.7,38.6,1018.02,0,0,7,954,,
2021-05-27,14:15,22.1,5.6,35,WEST,24.1,35.4,1018.25,0,0,7,940,,
2021-05-27,14:30,21.8,5.6,35,WEST,14.5,33.8,1018.15,0,0,7,925,,
2021-05-27,14:45,21.6,5,35,WNW,20.9,38.6,1018.22,0,0,6,902,,
2021-05-27,15:00,21.7,6.7,38,WEST,25.7,35.4,1018.29,0,0,6,879,,
2021-05-27,15:15,21.6,7.2,39,WEST,22.5,38.6,1018.19,0,0,6,851,,
2021-05-27,15:30,21.5,6.7,39,WEST,19.3,29,1018.12,0,0,5,830,,
2021-05-27,15:45,21.3,6.7,40,WNW,22.5,43.5,1018.05,0,0,5,795,,
2021-05-27,16:00,20.9,4.4,34,WNW,16.1,40.2,1018.02,0,0,5,768,,
2021-05-27,16:15,21.1,6.1,38,NW,20.9,41.8,1017.95,0,0,4,693,,
2021-05-27,16:30,21.1,7.8,42,WEST,16.1,30.6,1017.88,0,0,3,628,,
2021-05-27,16:45,20.6,6.1,39,WEST,24.1,35.4,1017.78,0,0,3,605,,
2021-05-27,17:00,20.6,8.9,47,WNW,19.3,37,1017.91,0,0,3,619,,
2021-05-27,17:15,20.6,8.9,47,WEST,19.3,30.6,1017.85,0,0,3,554,,
2021-05-27,17:30,20.2,8.9,49,WEST,22.5,32.2,1017.81,0,0,2,497,,
2021-05-27,17:45,20,10,54,WNW,8,32.2,1017.85,0,0,2,401,,
2021-05-27,18:00,19.7,10,54,WNW,11.3,30.6,1017.88,0,0,2,438,,
2021-05-27,18:15,19.4,10,56,WEST,27.4,35.4,1017.64,0,0,1,350,,
2021-05-27,18:30,19.2,11.1,59,WEST,20.9,33.8,1017.14,0,0,1,262,,
2021-05-27,18:45,18.7,11.1,63,WEST,17.7,32.2,1017.27,0,0,1,281,,
2021-05-27,19:00,18.7,11.7,65,WEST,14.5,27.4,1017.14,0,0,0,206,,
2021-05-27,19:15,18.2,11.7,66,WEST,6.4,30.6,1017.31,0,0,0,90,,
2021-05-27,19:30,17.6,11.7,70,WEST,20.9,29,1017.34,0,0,0,100,,
2021-05-27,19:45,17.1,11.7,72,WEST,11.3,29,1017.44,0,0,0,53,,
2021-05-27,20:00,16.7,12.2,75,WEST,16.1,24.1,1017.51,0,0,0,40,,
2021-05-27,20:15,16.3,12.2,77,WNW,9.7,16.1,1017.27,0,0,0,28,,
2021-05-27,20:30,16.1,12.2,78,WEST,9.7,16.1,1017.58,0,0,0,7,,
2021-05-27,20:45,15.6,12.2,80,WEST,4.8,16.1,1017.41,0,0,0,0,,
2021-05-27,21:00,15.4,12.2,81,WNW,3.2,9.7,1017.68,0,0,0,0,,
2021-05-27,21:15,15.1,12.2,83,WNW,1.6,6.4,1017.91,0,0,0,0,,
2021-05-27,21:30,15,12.2,84,NORTH,0,12.9,1017.85,0,0,0,0,,
2021-05-27,21:45,14.7,12.2,86,WEST,1.6,6.4,1017.95,0,0,0,0,,
2021-05-27,22:00,14.5,12.2,88,WEST,3.2,6.4,1018.32,0,0,0,0,,
2021-05-27,22:15,14.4,12.2,89,NW,1.6,3.2,1018.35,0,0,0,0,,
2021-05-27,22:30,14.3,12.2,88,NORTH,0,11.3,1018.42,0,0,0,0,,
2021-05-27,22:45,14.1,12.2,89,WNW,1.6,4.8,1018.22,0,0,0,0,,
2021-05-27,23:00,13.7,11.7,90,NW,1.6,4.8,1017.85,0,0,0,0,,
2021-05-27,23:15,13.7,11.1,87,NORTH,0,4.8,1017.78,0,0,0,0,,
2021-05-27,23:30,13.6,10,81,EAST,1.6,3.2,1017.51,0,0,0,0,,
2021-05-27,23:45,14.6,10,75,EAST,3.2,4.8,1017.27,0,0,0,0,,
2021-05-27,OVR,,,,,,,,,,,,gustmax,43.5
2021-05-27,OVR,,,,,,,,,,,,rainrate_max,0
2021-05-27,OVR,,,,,,,,,,,,rain_total_mm,0
2021-05-27,OVR,,,,,,,,,,,,tmax,23.1
2021-05-27,OVR,,,,,,,,,,,,tmin,13.2
2021-05-27,OVR,,,,,,,,,,,,wind_dir_mean_deg,292.5
2021-05-28,00:00,13.7,9.4,78,SE,6.4,8,1017.54,0,0,0,0,,
2021-05-28,00:15,14.3,9.4,74,EAST,4.8,6.4,1017.31,0,0,0,0,,
2021-05-28,00:30,14.8,10,73,NORTH,0,6.4,1017.37,0,0,0,0,,
2021-05-28,00:45,14.2,9.4,73,ESE,3.2,6.4,1017.31,0,0,0,0,,
2021-05-28,01:00,15.4,9.4,68,ESE,1.6,3.2,1017.68,0,0,0,0,,
2021-05-28,01:15,15,9.4,69,ESE,3.2,6.4,1017.81,0,0,0,0,,
2021-05-28,01:30,14.9,8.9,69,NORTH,0,6.4,1017.81,0,0,0,0,,
2021-05-28,01:45,14.2,8.9,71,ESE,1.6,4.8,1018.02,0,0,0,0,,
2021-05-28,02:00,13.9,8.9,72,ESE,1.6,3.2,1017.85,0,0,0,0,,
2021-05-28,02:15,14.6,9.4,72,EAST,3.2,9.7,1017.61,0,0,0,0,,
2021-05-28,02:30,14.3,9.4,75,ESE,9.7,9.7,1017.54,0,0,0,0,,
2021-05-28,02:45,14.7,10,74,EAST,4.8,11.3,1017.44,0,0,0,0,,
2021-05-28,03:00,14.4,10,74,ESE,4.8,6.4,1017.44,0,0,0,0,,
2021-05-28,03:15,15.1,10,71,ESE,1.6,14.5,1017.75,0,0,0,0,,
2021-05-28,03:30,15.1,7.8,63,ESE,1.6,3.2,1017.88,0,0,0,0,,
2021-05-28,03:45,14.2,8.9,71,ESE,1.6,4.8,1018.25,0,0,0,0,,
2021-05-28,04:00,13.9,8.3,70,ESE,1.6,6.4,1018.46,0,0,0,0,,
2021-05-28,04:15,13.4,7.8,71,ESE,1.6,4.8,1018.42,0,0,0,0,,
2021-05-28,04:30,13.9,8.3,69,ESE,3.2,3.2,1018.19,0,0,0,0,,
2021-05-28,04:45,14.2,8.3,69,EAST,1.6,6.4,1018.02,0,0,0,0,,
2021-05-28,05:00,14.2,8.9,71,EAST,4.8,6.4,1017.91,0,0,0,0,,
2021-05-28,05:15,15.2,10,73,EAST,3.2,12.9,1017.98,0,0,0,0,,
2021-05-28,05:30,15.3,10,72,EAST,4.8,6.4,1017.85,0,0,0,0,,
2021-05-28,05:45,14.9,9.4,71,ESE,3.2,9.7,1017.91,0,0,0,0,,
2021-05-28,06:00,15.3,8.9,66,ESE,1.6,6.4,1017.81,0,0,0,0,,
2021-05-28,06:15,15.4,7.8,62,ESE,4.8,6.4,1017.88,0,0,0,11,,
2021-05-28,06:30,16.2,8.3,61,ESE,4.8,6.4,1018.02,0,0,0,39,,
2021-05-28,06:45,16.8,8.3,59,NORTH,0,4.8,1018.29,0,0,0,72,,
2021-05-28,07:00,15.9,9.4,65,ESE,1.6,3.2,1018.46,0,0,0,144,,
2021-05-28,07:15,16.6,9.4,64,ESE,1.6,3.2,1018.19,0,0,0,104,,
2021-05-28,07:30,16.5,10.6,68,NORTH,0,1.6,1018.35,0,0,0,111,,
2021-05-28,07:45,17.3,11.1,68,ESE,3.2,4.8,1018.35,0,0,0,84,,
2021-05-28,08:00,17.6,10.6,65,NORTH,0,6.4,1018.46,0,0,0,116,,
2021-05-28,08:15,17.2,10,63,SSE,6.4,14.5,1018.96,0,0,1,221,,
2021-05-28,08:30,17.8,11.7,68,SE,1.6,6.4,1018.59,0,0,1,209,,
2021-05-28,08:45,18.7,10,58,ESE,1.6,8,1018.83,0,0,1,200,,
2021-05-28,09:00,19.4,10.6,57,SE,4.8,11.3,1018.86,0,0,2,311,,
2021-05-28,09:15,19.1,11.1,62,SOUTH,3.2,16.1,1018.66,0,0,2,357,,
2021-05-28,09:30,18.4,11.1,63,ESE,4.8,16.1,1018.76,0,0,1,264,,
2021-05-28,09:45,19,11.7,63,ENE,8,12.9,1018.39,0,0,2,339,,
2021-05-28,10:00,19.3,11.1,61,ESE,9.7,16.1,1018.49,0,0,2,272,,
2021-05-28,10:15,19.6,11.7,60,ESE,12.9,19.3,1018.32,0,0,3,494,,
2021-05-28,10:30,20.4,11.1,55,SE,12.9,20.9,1018.08,0,0,3,522,,
2021-05-28,10:45,21.2,11.7,54,EAST,6.4,16.1,1018.46,0,0,4,496,,
2021-05-28,11:00,22.1,11.1,50,ESE,9.7,16.1,1018.35,0,0,4,798,,
2021-05-28,11:15,22.4,10,45,SE,6.4,22.5,1018.19,0,0,4,636,,
2021-05-28,11:30,22.9,10.6,46,EAST,9.7,19.3,1018.12,0,0,5,795,,
2021-05-28,11:45,22.9,12.2,52,SSE,9.7,14.5,1018.02,0,0,5,798,,
2021-05-28,12:00,23.7,12.2,49,SSE,8,16.1,1018.15,0,0,6,912,,
2021-05-28,12:15,24.1,11.7,46,ESE,6.4,17.7,1018.12,0,0,7,946,,
2021-05-28,12:30,24,12.8,49,SSE,11.3,19.3,1018.25,0,0,7,912,,
2021-05-28,12:45,24.3,12.2,48,ESE,12.9,19.3,1018.05,0,0,7,942,,
2021-05-28,13:00,24.6,13.9,51,SE,12.9,20.9,1018.19,0,0,7,937,,
2021-05-28,13:15,24.8,12.8,48,SSE,8,20.9,1017.91,0,0,7,928,,
2021-05-28,13:30,24.9,12.8,47,SSE,6.4,20.9,1018.02,0,0,7,921,,
2021-05-28,13:45,24.8,13.3,50,SSE,8,20.9,1017.91,0,0,7,921,,
2021-05-28,14:00,24.8,13.9,50,ESE,8,25.7,1017.85,0,0,7,916,,
2021-05-28,14:15,25.1,12.8,47,EAST,12.9,22.5,1017.78,0,0,7,902,,
2021-05-28,14:30,25.2,13.3,48,SE,12.9,19.3,1017.61,0,0,6,891,,
2021-05-28,14:45,25.7,13.3,46,SSE,11.3,20.9,1017.68,0,0,6,865,,
2021-05-28,15:00,25.8,12.8,44,ESE,9.7,20.9,1017.41,0,0,6,837,,
2021-05-28,15:15,26.3,12.8,44,SSE,12.9,16.1,1017.14,0,0,5,817,,
2021-05-28,15:30,26.5,12.8,42,SSE,16.1,19.3,1017.44,0,0,5,791,,
2021-05-28,15:45,25.3,12.8,47,WNW,12.9,22.5,1017.44,0,0,4,751,,
2021-05-28,16:00,24.9,12.2,46,ESE,1.6,19.3,1017.64,0,0,4,719,,
2021-05-28,16:15,24.8,12.8,47,WNW,16.1,14.5,1017.88,0,0,3,668,,
2021-05-28,16:30,23.9,12.2,48,WEST,12.9,32.2,1017.95,0,0,3,643,,
2021-05-28,16:45,23.3,11.7,49,WEST,17.7,30.6,1018.05,0,0,3,610,,
2021-05-28,17:00,22.9,12.2,51,WEST,17.7,29,1018.08,0,0,3,570,,
2021-05-28,17:15,22.3,11.1,50,WNW,19.3,40.2,1018.35,0,0,2,527,,
2021-05-28,17:30,21.9,11.1,50,WEST,19.3,32.2,1018.42,0,0,2,478,,
2021-05-28,17:45,21.5,11.1,51,WEST,27.4,35.4,1018.35,0,0,2,434,,
2021-05-28,18:00,21.1,11.7,55,NNE,17.7,37,1018.22,0,0,1,183,,
2021-05-28,18:15,20.8,11.1,54,WEST,25.7,32.2,1018.02,0,0,1,297,,
2021-05-28,18:30,20.8,10,51,WEST,24.1,29,1017.98,0,0,1,287,,
2021-05-28,18:45,20.8,10,51,WEST,14.5,25.7,1018.12,0,0,1,241,,
2021-05-28,19:00,20.5,10,52,WEST,17.7,29,1018.59,0,0,0,156,,
2021-05-28,19:15,19.8,10,54,WEST,11.3,33.8,1018.73,0,0,0,84,,
2021-05-28,19:30,19.4,10.6,56,WNW,12.9,22.5,1018.73,0,0,0,63,,
2021-05-28,19:45,19.3,9.4,53,WEST,17.7,29,1018.83,0,0,0,42,,
2021-05-28,20:00,19.2,8.9,51,WNW,12.9,29,1018.8,0,0,0,30,,
2021-05-28,20:15,19.3,8.3,49,WNW,4.8,17.7,1018.56,0,0,0,16,,
2021-05-28,20:30,19.3,7.2,47,WNW,11.3,16.1,1018.49,0,0,0,0,,
2021-05-28,20:45,19.4,7.8,47,NW,1.6,11.3,1018.59,0,0,0,0,,
2021-05-28,21:00,19.1,8.3,50,NORTH,0,6.4,1018.73,0,0,0,0,,
2021-05-28,21:15,18.8,8.3,50,WNW,1.6,8,1018.96,0,0,0,0,,
2021-05-28,21:30,18.3,8.9,55,NORTH,0,4.8,1018.86,0,0,0,0,,
2021-05-28,21:45,18.2,8.9,55,NORTH,1.6,4.8,1018.9,0,0,0,0,,
2021-05-28,22:00,18.6,8.9,53,,3.2,6.4,1019.13,0,0,0,0,,
2021-05-28,22:15,18.8,8.3,50,NORTH,0,6.4,1019.37,0,0,0,0,,
2021-05-28,22:30,18.3,8.3,52,NORTH,1.6,4.8,1019.24,0,0,0,0,,
2021-05-28,22:45,18,7.8,51,ENE,1.6,4.8,1019.34,0,0,0,0,,
2021-05-28,23:00,17.9,7.8,52,EAST,1.6,6.4,1019.13,0,0,0,0,,
2021-05-28,23:15,17.7,7.8,52,WSW,1.6,6.4,1019.13,0,0,0,0,,
2021-05-28,23:30,17.3,7.8,54,SOUTH,3.2,4.8,1019.07,0,0,0,0,,
2021-05-28,23:45,17.7,8.3,54,SSE,1.6,6.4,1019,0,0,0,0,,
2021-05-28,OVR,,,,,,,,,,,,gustmax,40.2
2021-05-28,OVR,,,,,,,,,,,,rainrate_max,0
2021-05-28,OVR,,,,,,,,,,,,rain_total_mm,0
2021-05-28,OVR,,,,,,,,,,,,tmax,26.6
2021-05-28,OVR,,,,,,,,,,,,tmin,13.3
2021-05-28,OVR,,,,,,,,,,,,wind_dir_mean_deg,112.5
2021-05-29,00:00,17.5,9.4,59,ESE,4.8,6.4,1018.59,0,0,0,0,,
2021-05-29,00:15,18.3,10,58,ESE,4.8,12.9,1018.46,0,0,0,0,,
2021-05-29,00:30,18.6,10,58,NORTH,0,6.4,1018.46,0,0,0,0,,
2021-05-29,00:45,17.8,9.4,59,SE,3.2,8,1018.52,0,0,0,0,,
2021-05-29,01:00,18.2,10,59,SE,6.4,9.7,1018.63,0,0,0,0,,
2021-05-29,01:15,18.4,8.9,54,SE,11.3,12.9,1018.76,0,0,0,0,,
2021-05-29,01:30,18.4,8.9,54,SE,6.4,14.5,1018.66,0,0,0,0,,
2021-05-29,01:45,17.7,8.9,57,SE,1.6,3.2,1018.76,0,0,0,0,,
2021-05-29,02:00,16.8,9.4,62,ENE,3.2,4.8,1018.66,0,0,0,0,,
2021-05-29,02:15,16.3,8.9,63,NE,1.6,3.2,1018.66,0,0,0,0,,
2021-05-29,02:30,15.6,8.9,65,ENE,1.6,3.2,1018.42,0,0,0,0,,
2021-05-29,02:45,16.1,8.9,63,EAST,1.6,3.2,1018.39,0,0,0,0,,
2021-05-29,03:00,16.2,8.9,63,EAST,3.2,3.2,1018.29,0,0,0,0,,
2021-05-29,03:15,16.3,8.9,62,NORTH,0,4.8,1018.39,0,0,0,0,,
2021-05-29,03:30,16.7,8.9,61,NE,3.2,3.2,1018.35,0,0,0,0,,
2021-05-29,03:45,15.4,8.9,66,NE,3.2,4.8,1018.15,0,0,0,0,,
2021-05-29,04:00,15,8.9,68,NE,1.6,3.2,1018.12,0,0,0,0,,
2021-05-29,04:15,15.1,9.4,69,NE,1.6,3.2,1018.19,0,0,0,0,,
2021-05-29,04:30,15.7,9.4,67,NE,1.6,3.2,1018.29,0,0,0,0,,
2021-05-29,04:45,15.3,9.4,68,NORTH,0,3.2,1018.15,0,0,0,0,,
2021-05-29,05:00,15.9,8.9,65,NORTH,1.6,4.8,1018.19,0,0,0,0,,
2021-05-29,05:15,15.2,8.9,67,NORTH,1.6,3.2,1018.15,0,0,0,0,,
2021-05-29,05:30,15.4,8.9,66,NNE,3.2,4.8,1018.12,0,0,0,0,,
2021-05-29,05:45,16.3,8.9,62,NE,1.6,3.2,1018.02,0,0,0,0,,
2021-05-29,06:00,15.6,8.9,66,NE,1.6,3.2,1017.95,0,0,0,0,,
2021-05-29,06:15,15.3,8.9,67,NORTH,0,3.2,1018.02,0,0,0,12,,
2021-05-29,06:30,15.6,9.4,67,NORTH,0,1.6,1018.05,0,0,0,30,,
2021-05-29,06:45,15.1,9.4,71,NORTH,0,3.2,1018.15,0,0,0,63,,
2021-05-29,07:00,15.6,10,71,NORTH,0,1.6,1018.19,0,0,0,93,,
2021-05-29,07:15,16.2,10.6,69,NORTH,0,3.2,1018.22,0,0,0,142,,
2021-05-29,07:30,16.7,10.6,67,NE,1.6,1.6,1018.22,0,0,0,199,,
2021-05-29,07:45,17.2,10.6,65,NE,3.2,3.2,1018.32,0,0,1,246,,
2021-05-29,08:00,18.3,11.1,64,NE,1.6,3.2,1018.52,0,0,1,292,,
2021-05-29,08:15,19.4,10.6,58,NE,3.2,3.2,1018.32,0,0,1,288,,
2021-05-29,08:30,19.9,10.6,56,NNW,3.2,4.8,1018.49,0,0,1,392,,
2021-05-29,08:45,20.1,11.1,58,NNW,3.2,6.4,1018.52,0,0,2,446,,
2021-05-29,09:00,20.5,11.7,58,NW,4.8,6.4,1018.49,0,0,2,552,,
2021-05-29,09:15,21.1,11.7,55,NW,1.6,6.4,1018.56,0,0,2,406,,
2021-05-29,09:30,21.4,12.2,56,NW,1.6,6.4,1018.56,0,0,2,429,,
2021-05-29,09:45,21.7,11.7,54,NW,6.4,12.9,1018.76,0,0,2,418,,
2021-05-29,10:00,21.3,11.1,53,WEST,6.4,16.1,1018.56,0,0,3,468,,
2021-05-29,10:15,21.9,10.6,50,WEST,9.7,14.5,1018.46,0,0,3,548,,
2021-05-29,10:30,21.8,11.1,51,WNW,6.4,17.7,1018.46,0,0,4,552,,
2021-05-29,10:45,22.3,12.2,53,SW,3.2,19.3,1018.39,0,0,5,791,,
2021-05-29,11:00,22.8,11.7,50,WEST,11.3,24.1,1018.46,0,0,5,788,,
2021-05-29,11:15,23.4,12.2,49,WEST,11.3,22.5,1018.49,0,0,5,840,,
2021-05-29,11:30,23.6,10.6,44,WNW,12.9,19.3,1018.42,0,0,6,824,,
2021-05-29,11:45,23.4,10.6,44,WNW,8,25.7,1018.59,0,0,6,779,,
2021-05-29,12:00,24.4,10.6,42,WNW,9.7,20.9,1018.42,0,0,6,863,,
2021-05-29,12:15,24.4,8.3,36,WNW,17.7,19.3,1018.42,0,0,7,919,,
2021-05-29,12:30,24.9,8.9,37,WNW,16.1,22.5,1018.32,0,0,7,909,,
2021-05-29,12:45,24.9,9.4,38,WEST,14.5,25.7,1018.25,0,0,7,893,,
2021-05-29,13:00,25.4,9.4,36,WEST,17.7,19.3,1018.39,0,0,7,963,,
2021-05-29,13:15,25.1,10,39,WNW,12.9,27.4,1018.12,0,0,7,898,,
2021-05-29,13:30,24.8,11.7,44,WNW,14.5,27.4,1018.19,0,0,7,953,,
2021-05-29,13:45,25.3,9.4,37,WEST,14.5,25.7,1018.22,0,0,7,946,,
2021-05-29,14:00,25.3,10,39,WEST,16.1,29,1018.02,0,0,7,930,,
2021-05-29,14:15,25.3,9.4,37,WEST,16.1,33.8,1018.02,0,0,7,914,,
2021-05-29,14:30,25.3,8.3,34,WNW,11.3,40.2,1018.05,0,0,7,900,,
2021-05-29,14:45,25.4,8.9,36,WNW,20.9,35.4,1017.75,0,0,6,881,,
2021-05-29,15:00,25.4,8.9,35,WEST,20.9,43.5,1017.98,0,0,6,858,,
2021-05-29,15:15,25.1,9.4,38,WEST,20.9,41.8,1018.02,0,0,6,835,,
2021-05-29,15:30,25.1,9.4,37,WEST,32.2,41.8,1018.08,0,0,5,807,,
2021-05-29,15:45,24.8,8.9,37,WEST,30.6,41.8,1018.05,0,0,5,779,,
2021-05-29,16:00,24.7,10.6,40,WNW,20.9,41.8,1017.85,0,0,5,749,,
2021-05-29,16:15,25,10,39,WEST,33.8,40.2,1017.95,0,0,4,715,,
2021-05-29,16:30,24.6,10.6,42,WEST,20.9,43.5,1017.91,0,0,4,679,,
2021-05-29,16:45,24,12.2,47,WEST,24.1,41.8,1017.88,0,0,3,635,,
2021-05-29,17:00,23.8,12.2,49,WEST,25.7,45.1,1017.95,0,0,3,592,,
2021-05-29,17:15,23.4,12.8,52,WNW,16.1,40.2,1017.95,0,0,3,554,,
2021-05-29,17:30,23.2,13.3,54,WNW,17.7,40.2,1017.91,0,0,2,503,,
2021-05-29,17:45,23.2,13.3,55,WNW,29,37,1017.95,0,0,2,461,,
2021-05-29,18:00,22.9,13.9,56,WEST,22.5,33.8,1017.88,0,0,2,404,,
2021-05-29,18:15,22.4,13.9,59,WNW,16.1,37,1017.88,0,0,1,359,,
2021-05-29,18:30,22.1,13.3,58,WEST,17.7,33.8,1017.98,0,0,1,304,,
2021-05-29,18:45,21.9,12.2,55,WNW,22.5,37,1017.85,0,0,1,258,,
2021-05-29,19:00,21.7,12.2,54,WNW,16.1,32.2,1017.98,0,0,1,206,,
2021-05-29,19:15,21.3,11.7,55,WEST,9.7,40.2,1017.98,0,0,0,153,,
2021-05-29,19:30,21,13.3,62,WEST,25.7,29,1018.19,0,0,0,104,,
2021-05-29,19:45,20.3,13.9,67,WEST,9.7,27.4,1018.15,0,0,0,63,,
2021-05-29,20:00,19.7,13.9,70,WNW,16.1,29,1018.15,0,0,0,32,,
2021-05-29,20:15,19.2,13.9,72,WEST,9.7,24.1,1018.22,0,0,0,16,,
2021-05-29,20:30,18.7,13.9,74,WEST,17.7,25.7,1018.25,0,0,0,11,,
2021-05-29,20:45,18.1,13.9,76,WEST,19.3,25.7,1018.15,0,0,0,0,,
2021-05-29,21:00,17.7,13.9,79,WEST,6.4,24.1,1018.25,0,0,0,0,,
2021-05-29,21:15,17.3,13.9,80,WEST,11.3,25.7,1018.46,0,0,0,0,,
2021-05-29,21:30,17,13.9,82,WEST,14.5,24.1,1018.39,0,0,0,0,,
2021-05-29,21:45,16.6,13.9,84,WEST,6.4,22.5,1018.52,0,0,0,0,,
2021-05-29,22:00,16.4,13.3,85,WEST,12.9,19.3,1018.83,0,0,0,0,,
2021-05-29,22:15,16.3,13.3,84,WEST,9.7,16.1,1018.83,0,0,0,0,,
2021-05-29,22:30,16.2,13.3,85,WEST,6.4,16.1,1019.13,0,0,0,0,,
2021-05-29,22:45,16.2,13.3,85,WNW,1.6,14.5,1018.93,0,0,0,0,,
2021-05-29,23:00,16.1,13.3,85,WEST,1.6,14.5,1019.13,0,0,0,0,,
2021-05-29,23:15,15.8,13.3,86,WEST,3.2,14.5,1019.07,0,0,0,0,,
2021-05-29,23:30,15.6,13.3,87,WNW,1.6,6.4,1019.03,0,0,0,0,,
2021-05-29,23:45,15.6,12.8,86,WNW,1.6,9.7,1018.96,0,0,0,0,,
2021-05-29,OVR,,,,,,,,,,,,gustmax,46.7
2021-05-29,OVR,,,,,,,,,,,,rainrate_max,0
2021-05-29,OVR,,,,,,,,,,,,rain_total_mm,0
2021-05-29,OVR,,,,,,,,,,,,tmax,25.6
2021-05-29,OVR,,,,,,,,,,,,tmin,15
2021-05-29,OVR,,,,,,,,,,,,wind_dir_mean_deg,292.5
2021-05-30,00:00,15.1,12.8,87,SW,1.6,3.2,1019.03,0,0,0,0,,
2021-05-30,00:15,15.4,13.3,88,WNW,6.4,16.1,1019.27,0,0,0,0,,
2021-05-30,00:30,15.4,13.3,88,WNW,3.2,14.5,1019,0,0,0,0,,
2021-05-30,00:45,15.4,13.3,88,WEST,9.7,14.5,1019,0,0,0,0,,
2021-05-30,01:00,15.4,13.3,88,WNW,4.8,16.1,1018.9,0,0,0,0,,
2021-05-30,01:15,15.3,13.3,88,WSW,3.2,17.7,1018.93,0,0,0,0,,
2021-05-30,01:30,15.3,13.3,89,WEST,6.4,17.7,1018.66,0,0,0,0,,
2021-05-30,01:45,15.3,13.3,90,NW,6.4,17.7,1018.56,0,0,0,0,,
2021-05-30,02:00,15.2,13.3,91,NW,6.4,12.9,1018.52,0,0,0,0,,
2021-05-30,02:15,15.2,13.9,92,NW,8,14.5,1018.52,0,0,0,0,,
2021-05-30,02:30,15.2,13.9,92,WNW,11.3,19.3,1018.29,0,0,0,0,,
2021-05-30,02:45,15.3,13.9,93,WEST,6.4,17.7,1018.29,0,0,0,0,,
2021-05-30,03:00,15.1,13.9,93,WEST,14.5,17.7,1017.98,0,0,0,0,,
2021-05-30,03:15,15.1,13.9,94,WNW,8,16.1,1017.78,0,0,0,0,,
2021-05-30,03:30,14.9,13.9,94,WNW,8,16.1,1017.91,0,0,0,0,,
2021-05-30,03:45,14.8,13.9,94,WNW,6.4,20.9,1017.95,0,0,0,0,,
2021-05-30,04:00,14.8,13.9,95,WNW,11.3,19.3,1018.22,0,0,0,0,,
2021-05-30,04:15,14.4,13.3,94,WSW,3.2,19.3,1017.85,0,0,0,0,,
2021-05-30,04:30,14.1,12.8,94,WEST,16.1,16.1,1017.98,0,0,0,0,,
2021-05-30,04:45,14.2,12.2,89,NORTH,0,12.9,1018.02,0,0,0,0,,
2021-05-30,05:00,14,11.7,87,WNW,3.2,4.8,1017.85,0,0,0,0,,
2021-05-30,05:15,14.6,11.7,83,NORTH,0,9.7,1017.88,0,0,0,0,,
2021-05-30,05:30,15.2,11.7,80,WNW,6.4,16.1,1017.85,0,0,0,0,,
2021-05-30,05:45,15.1,11.7,81,NW,1.6,11.3,1017.68,0,0,0,0,,
2021-05-30,06:00,14.7,11.1,81,WNW,1.6,4.8,1017.61,0,0,0,0,,
2021-05-30,06:15,13.8,11.1,84,NORTH,0,3.2,1017.58,0,0,0,9,,
2021-05-30,06:30,13.2,10.6,86,WNW,1.6,4.8,1017.51,0,0,0,26,,
2021-05-30,06:45,13.9,10.6,81,NORTH,0,3.2,1017.85,0,0,0,67,,
2021-05-30,07:00,14.4,10.6,79,WNW,3.2,3.2,1017.78,0,0,0,100,,
2021-05-30,07:15,15.4,11.7,80,WNW,4.8,6.4,1018.08,0,0,0,155,,
2021-05-30,07:30,15.8,12.8,83,WEST,1.6,12.9,1018.25,0,0,0,253,,
2021-05-30,07:45,16.2,13.9,86,WNW,4.8,11.3,1018.25,0,0,0,176,,
2021-05-30,08:00,16.2,13.9,89,WNW,8,12.9,1018.05,0,0,0,135,,
2021-05-30,08:15,16.2,14.4,91,WNW,4.8,12.9,1018.05,0,0,1,223,,
2021-05-30,08:30,16.6,15,90,WNW,6.4,12.9,1018.22,0,0,1,429,,
2021-05-30,08:45,17.1,15,89,NW,3.2,11.3,1018.46,0,0,2,434,,
2021-05-30,09:00,17.7,15,86,WEST,6.4,14.5,1018.52,0,0,2,487,,
2021-05-30,09:15,18.3,15.6,84,WEST,6.4,16.1,1018.66,0,0,2,524,,
2021-05-30,09:30,18.9,15.6,81,NW,4.8,11.3,1018.52,0,0,3,524,,
2021-05-30,09:45,19.4,15.6,79,WEST,3.2,16.1,1018.66,0,0,3,512,,
2021-05-30,10:00,20.2,15,74,WNW,3.2,12.9,1018.46,0,0,3,515,,
2021-05-30,10:15,20.9,14.4,67,WNW,12.9,12.9,1018.59,0,0,4,592,,
2021-05-30,10:30,21.2,13.9,64,WEST,9.7,20.9,1018.52,0,0,4,714,,
2021-05-30,10:45,22.1,13.9,60,WNW,4.8,24.1,1018.12,0,0,5,770,,
2021-05-30,11:00,22.3,13.9,59,WNW,4.8,24.1,1018.05,0,0,5,800,,
2021-05-30,11:15,22.4,13.9,59,WEST,12.9,25.7,1018.05,0,0,5,828,,
2021-05-30,11:30,22.9,13.9,56,WNW,16.1,25.7,1017.85,0,0,6,856,,
2021-05-30,11:45,23.1,13.9,56,WNW,16.1,32.2,1017.91,0,0,6,881,,
2021-05-30,12:00,23.3,13.9,56,WEST,20.9,25.7,1017.85,0,0,6,898,,
2021-05-30,12:15,23.4,13.9,55,WNW,16.1,30.6,1017.78,0,0,7,914,,
2021-05-30,12:30,24.1,13.9,54,WNW,11.3,27.4,1017.68,0,0,7,925,,
2021-05-30,12:45,24.3,13.9,53,WEST,3.2,25.7,1017.61,0,0,7,937,,
2021-05-30,13:00,24.8,14.4,52,WEST,3.2,30.6,1017.71,0,0,7,949,,
2021-05-30,13:15,25.2,14.4,52,WEST,16.1,27.4,1017.61,0,0,7,935,,
2021-05-30,13:30,25.1,13.9,50,WEST,27.4,37,1017.88,0,0,7,853,,
2021-05-30,13:45,24.7,13.9,52,WNW,16.1,33.8,1017.68,0,0,7,896,,
2021-05-30,14:00,24.8,13.9,51,WNW,22.5,32.2,1017.61,0,0,7,918,,
2021-05-30,14:15,25.2,14.4,52,WEST,19.3,37,1017.68,0,0,7,923,,
2021-05-30,14:30,24.9,12.2,45,WNW,16.1,38.6,1017.44,0,0,6,893,,
2021-05-30,14:45,25.4,13.3,47,WNW,12.9,40.2,1017.37,0,0,5,708,,
2021-05-30,15:00,25.2,13.3,48,WEST,24.1,33.8,1017.34,0,0,6,821,,
2021-05-30,15:15,25.3,12.8,46,SW,19.3,38.6,1017.37,0,0,6,810,,
2021-05-30,15:30,25.4,12.8,46,WNW,11.3,30.6,1017.54,0,0,5,793,,
2021-05-30,15:45,25.5,13.3,48,WNW,6.4,33.8,1017.41,0,0,5,761,,
2021-05-30,16:00,25.2,12.8,46,WNW,19.3,40.2,1017.41,0,0,4,700,,
2021-05-30,16:15,25,12.2,46,WEST,20.9,29,1017.37,0,0,3,584,,
2021-05-30,16:30,25,11.7,44,WNW,17.7,29,1017.27,0,0,3,598,,
2021-05-30,16:45,23.9,11.7,47,WNW,27.4,37,1017.51,0,0,2,271,,
2021-05-30,17:00,23.2,11.7,49,WNW,20.9,40.2,1017.51,0,0,3,643,,
2021-05-30,17:15,23.2,11.7,49,WNW,24.1,37,1017.2,0,0,3,570,,
2021-05-30,17:30,23.2,12.8,53,WNW,30.6,35.4,1017.2,0,0,2,504,,
2021-05-30,17:45,22.7,13.3,55,NNE,20.9,41.8,1017.34,0,0,2,455,,
2021-05-30,18:00,22.4,13.9,60,WEST,14.5,32.2,1017.24,0,0,2,396,,
2021-05-30,18:15,21.7,13.9,63,WEST,24.1,41.8,1017,0,0,1,357,,
2021-05-30,18:30,21.6,14.4,64,WEST,20.9,30.6,1016.93,0,0,1,315,,
2021-05-30,18:45,21.3,15,68,WEST,20.9,32.2,1016.9,0,0,1,258,,
2021-05-30,19:00,20.6,15,71,NW,17.7,35.4,1017,0,0,0,195,,
2021-05-30,19:15,20.3,15,72,WEST,17.7,25.7,1017.07,0,0,0,111,,
2021-05-30,19:30,19.9,14.4,72,WNW,19.3,33.8,1017.41,0,0,0,111,,
2021-05-30,19:45,19.3,15,76,WEST,24.1,30.6,1017.44,0,0,0,26,,
2021-05-30,20:00,18.6,15,81,WNW,24.1,27.4,1017.51,0,0,0,23,,
2021-05-30,20:15,18,15,83,WNW,17.7,24.1,1017.78,0,0,0,11,,
2021-05-30,20:30,17.9,15,84,NW,19.3,30.6,1017.95,0,0,0,0,,
2021-05-30,20:45,17.5,15,85,WNW,12.9,27.4,1017.98,0,0,0,0,,
2021-05-30,21:00,17.3,15,86,WNW,24.1,24.1,1017.95,0,0,0,0,,
2021-05-30,21:15,17.1,14.4,87,NW,14.5,32.2,1018.12,0,0,0,0,,
2021-05-30,21:30,16.8,14.4,88,WEST,12.9,20.9,1018.35,0,0,0,0,,
2021-05-30,21:45,16.6,14.4,88,WNW,17.7,24.1,1018.46,0,0,0,0,,
2021-05-30,22:00,16.3,14.4,89,WNW,11.3,29,1018.19,0,0,0,0,,
2021-05-30,22:15,16.1,14.4,90,WEST,11.3,19.3,1018.52,0,0,0,0,,
2021-05-30,22:30,16,14.4,90,WEST,12.9,16.1,1018.73,0,0,0,0,,
2021-05-30,22:45,15.9,14.4,91,WNW,12.9,17.7,1018.93,0,0,0,0,,
2021-05-30,23:00,15.9,14.4,91,WNW,14.5,19.3,1018.66,0,0,0,0,,
2021-05-30,23:15,15.8,14.4,91,WNW,11.3,19.3,1018.52,0,0,0,0,,
2021-05-30,23:30,15.8,14.4,91,WNW,8,14.5,1018.39,0,0,0,0,,
2021-05-30,23:45,15.7,13.9,91,NNW,4.8,8,1018.25,0,0,0,0,,
2021-05-30,OVR,,,,,,,,,,,,gustmax,45.1
2021-05-30,OVR,,,,,,,,,,,,rainrate_max,0
2021-05-30,OVR,,,,,,,,,,,,rain_total_mm,0
2021-05-30,OVR,,,,,,,,,,,,tmax,25.9
2021-05-30,OVR,,,,,,,,,,,,tmin,13.1
2021-05-30,OVR,,,,,,,,,,,,wind_dir_mean_deg,292.5
2021-05-31,OVR,,,,,,,,,,,,gustmax,29
2021-05-31,OVR,,,,,,,,,,,,rainrate_max,0
2021-05-31,OVR,,,,,,,,,,,,rain_total_mm,0
2021-05-31,OVR,,,,,,,,,,,,tmax,24.8
2021-05-31,OVR,,,,,,,,,,,,tmin,14.1
2021-05-31,OVR,,,,,,,,,,,,wind_dir_mean_deg,135
