date,time,temp_c,dewpoint_c,rh_pct,wind_dir_txt,wind_kmh,gust_kmh,press_hpa,rain_acc_mm,rain_rate_mmph,uv,solar_wm2,key,value
2021-03-01,00:00,9.9,7.2,83.0,E,9.7,9.7,1026.01,0.0,0.0,0.0,0.0,,
2021-03-01,00:15,9.8,7.2,84.0,ESE,6.4,12.9,1026.04,0.0,0.0,0.0,0.0,,
2021-03-01,00:30,9.9,7.2,84.0,ESE,4.8,12.9,1025.97,0.0,0.0,0.0,0.0,,
2021-03-01,00:45,9.9,7.2,84.0,ESE,4.8,12.9,1026.01,0.0,0.0,0.0,0.0,,
2021-03-01,01:00,9.9,7.2,84.0,ESE,4.8,9.7,1026.01,0.0,0.0,0.0,0.0,,
2021-03-01,01:15,9.6,7.2,85.0,ESE,6.4,12.9,1025.94,0.0,0.0,0.0,0.0,,
2021-03-01,01:30,9.3,6.7,86.0,E,4.8,11.3,1025.91,0.0,0.0,0.0,0.0,,
2021-03-01,01:45,8.9,6.7,87.0,E,8.0,12.9,1025.8,0.0,0.0,0.0,0.0,,
2021-03-01,02:00,9.0,6.7,87.0,E,6.4,16.1,1025.87,0.0,0.0,0.0,0.0,,
2021-03-01,02:15,9.0,6.7,86.0,E,8.0,14.5,1025.84,0.0,0.0,0.0,0.0,,
2021-03-01,02:30,9.1,6.7,86.0,E,9.7,16.1,1025.64,0.0,0.0,0.0,0.0,,
2021-03-01,02:45,9.0,6.7,85.0,ENE,9.7,14.5,1025.6,0.0,0.0,0.0,0.0,,
2021-03-01,03:00,9.2,6.7,85.0,E,12.9,14.5,1025.5,0.0,0.0,0.0,0.0,,
2021-03-01,03:15,9.2,6.7,84.0,ENE,16.1,17.7,1025.47,0.0,0.0,0.0,0.0,,
2021-03-01,03:30,9.0,6.1,84.0,E,8.0,17.7,1025.47,0.0,0.0,0.0,0.0,,
2021-03-01,03:45,9.1,6.7,84.0,E,4.8,16.1,1025.47,0.0,0.0,0.0,0.0,,
2021-03-01,04:00,9.2,6.7,84.0,E,9.7,16.1,1025.57,0.0,0.0,0.0,0.0,,
2021-03-01,04:15,9.3,6.7,83.0,E,6.4,14.5,1025.4,0.0,0.0,0.0,0.0,,
2021-03-01,04:30,9.0,6.1,83.0,ESE,4.8,12.9,1025.5,0.0,0.0,0.0,0.0,,
2021-03-01,04:45,8.9,6.1,83.0,ESE,6.4,12.9,1025.36,0.0,0.0,0.0,0.0,,
2021-03-01,05:00,8.9,6.1,83.0,ESE,12.9,14.5,1025.26,0.0,0.0,0.0,0.0,,
2021-03-01,05:15,9.2,6.1,82.0,E,11.3,14.5,1025.43,0.0,0.0,0.0,0.0,,
2021-03-01,05:30,9.2,6.1,83.0,ESE,11.3,19.3,1025.57,0.0,0.0,0.0,0.0,,
2021-03-01,05:45,9.0,6.1,84.0,E,9.7,12.9,1025.64,0.0,0.0,0.0,0.0,,
2021-03-01,06:00,9.0,6.1,84.0,ESE,9.7,12.9,1025.6,0.0,0.0,0.0,0.0,,
2021-03-01,06:15,9.1,6.1,84.0,ESE,9.7,14.5,1025.7,0.0,0.0,0.0,0.0,,
2021-03-01,06:30,9.2,6.1,83.0,E,12.9,17.7,1025.7,0.0,0.0,0.0,0.0,,
2021-03-01,06:45,9.2,6.7,84.0,SE,8.0,19.3,1025.74,0.0,0.0,0.0,0.0,,
2021-03-01,07:00,9.2,6.7,84.0,SE,4.8,14.5,1025.74,0.0,0.0,0.0,0.0,,
2021-03-01,07:15,9.3,6.7,84.0,ESE,9.7,14.5,1025.8,0.0,0.0,0.0,18.0,,
2021-03-01,07:30,9.4,6.7,85.0,ESE,9.7,16.1,1026.08,0.0,0.0,0.0,44.0,,
2021-03-01,07:45,9.8,7.2,84.0,ESE,6.4,16.1,1026.18,0.0,0.0,0.0,76.0,,
2021-03-01,08:00,10.1,7.2,83.0,ESE,9.7,17.7,1026.21,0.0,0.0,0.0,127.0,,
2021-03-01,08:15,10.3,7.2,83.0,E,3.2,14.5,1026.31,0.0,0.0,0.0,179.0,,
2021-03-01,08:30,10.6,7.8,82.0,SE,4.8,17.7,1026.45,0.0,0.0,0.0,230.0,,
2021-03-01,08:45,10.8,7.8,82.0,ESE,11.3,17.7,1026.41,0.0,0.0,1.0,281.0,,
2021-03-01,09:00,11.0,7.8,81.0,ESE,8.0,20.9,1026.55,0.0,0.0,1.0,330.0,,
2021-03-01,09:15,11.5,7.8,80.0,ESE,11.3,20.9,1026.52,0.0,0.0,1.0,380.0,,
2021-03-01,09:30,11.8,7.8,79.0,ESE,9.7,20.9,1026.65,0.0,0.0,1.0,422.0,,
2021-03-01,09:45,12.1,7.8,76.0,E,6.4,22.5,1026.79,0.0,0.0,2.0,466.0,,
2021-03-01,10:00,12.6,8.3,76.0,E,14.5,20.9,1026.75,0.0,0.0,2.0,508.0,,
2021-03-01,10:15,12.5,8.3,76.0,E,11.3,22.5,1026.85,0.0,0.0,2.0,550.0,,
2021-03-01,10:30,12.9,8.3,75.0,E,6.4,19.3,1026.65,0.0,0.0,3.0,591.0,,
2021-03-01,10:45,13.2,8.3,72.0,ENE,4.8,20.9,1026.52,0.0,0.0,3.0,605.0,,
2021-03-01,11:00,13.3,7.8,70.0,ESE,9.7,22.5,1026.52,0.0,0.0,3.0,731.0,,
2021-03-01,11:15,13.8,7.8,69.0,ESE,17.7,24.1,1026.58,0.0,0.0,3.0,745.0,,
2021-03-01,11:30,14.1,7.8,68.0,ESE,11.3,17.7,1026.35,0.0,0.0,4.0,779.0,,
2021-03-01,12:00,14.2,7.2,64.0,SE,4.8,22.5,1026.55,0.0,0.0,3.0,271.0,,
2021-03-01,12:15,14.2,7.8,65.0,E,11.3,22.5,1026.58,0.0,0.0,4.0,893.0,,
2021-03-01,12:30,14.3,7.8,64.0,E,11.3,27.4,1026.28,0.0,0.0,4.0,325.0,,
2021-03-01,12:45,14.7,7.2,61.0,ESE,6.4,22.5,1026.21,0.0,0.0,4.0,738.0,,
2021-03-01,13:00,15.1,7.8,64.0,ESE,8.0,25.7,1026.14,0.0,0.0,4.0,717.0,,
2021-03-01,13:15,15.0,7.8,63.0,ESE,17.7,22.5,1025.91,0.0,0.0,4.0,707.0,,
2021-03-01,13:30,15.5,8.3,63.0,SSE,17.7,27.4,1025.6,0.0,0.0,4.0,701.0,,
2021-03-01,13:45,15.2,7.8,62.0,ESE,16.1,20.9,1025.5,0.0,0.0,3.0,694.0,,
2021-03-01,14:00,15.0,7.8,64.0,ESE,4.8,24.1,1025.5,0.0,0.0,2.0,186.0,,
2021-03-01,14:15,14.8,7.8,64.0,E,3.2,19.3,1025.33,0.0,0.0,3.0,675.0,,
2021-03-01,14:30,14.9,7.8,63.0,ESE,9.7,19.3,1025.26,0.0,0.0,2.0,626.0,,
2021-03-01,14:45,15.3,8.9,66.0,ESE,9.7,20.9,1025.36,0.0,0.0,3.0,594.0,,
2021-03-01,15:00,15.7,7.8,59.0,E,9.7,25.7,1025.33,0.0,0.0,2.0,519.0,,
2021-03-01,15:15,15.4,7.8,61.0,ESE,12.9,25.7,1025.3,0.0,0.0,2.0,478.0,,
2021-03-01,15:30,15.4,7.8,61.0,SE,8.0,25.7,1025.26,0.0,0.0,2.0,438.0,,
2021-03-01,16:00,15.3,7.8,61.0,E,19.3,24.1,1025.3,0.0,0.0,1.0,353.0,,
2021-03-01,16:15,15.1,7.8,62.0,SE,16.1,25.7,1025.3,0.0,0.0,1.0,306.0,,
2021-03-01,16:30,14.8,7.8,63.0,SE,6.4,27.4,1025.26,0.0,0.0,1.0,246.0,,
2021-03-01,16:45,14.4,7.8,64.0,ESE,11.3,24.1,1025.36,0.0,0.0,0.0,63.0,,
2021-03-01,17:00,14.1,7.2,65.0,ESE,16.1,25.7,1025.16,0.0,0.0,0.0,51.0,,
2021-03-01,17:15,13.6,7.2,67.0,ESE,12.9,22.5,1025.5,0.0,0.0,0.0,49.0,,
2021-03-01,17:30,13.3,7.2,69.0,ESE,8.0,22.5,1025.6,0.0,0.0,0.0,47.0,,
2021-03-01,17:45,12.9,7.2,70.0,ESE,8.0,20.9,1025.8,0.0,0.0,0.0,37.0,,
2021-03-01,18:00,12.5,6.7,70.0,SE,8.0,24.1,1025.84,0.0,0.0,0.0,23.0,,
2021-03-01,18:15,12.2,7.2,71.0,SE,11.3,20.9,1026.18,0.0,0.0,0.0,0.0,,
2021-03-01,18:30,11.8,6.7,73.0,SE,12.9,22.5,1026.38,0.0,0.0,0.0,0.0,,
2021-03-01,18:45,11.7,7.2,73.0,ESE,14.5,20.9,1026.55,0.0,0.0,0.0,0.0,,
2021-03-01,19:00,11.5,6.7,73.0,SE,3.2,19.3,1026.79,0.0,0.0,0.0,0.0,,
2021-03-01,19:15,11.3,6.7,74.0,ESE,6.4,22.5,1026.85,0.0,0.0,0.0,0.0,,
2021-03-01,19:30,11.2,6.7,75.0,ESE,11.3,19.3,1026.92,0.0,0.0,0.0,0.0,,
2021-03-01,19:45,11.1,6.7,75.0,SE,8.0,27.4,1026.96,0.0,0.0,0.0,0.0,,
2021-03-01,20:00,11.0,6.7,76.0,SE,11.3,25.7,1027.02,0.0,0.0,0.0,0.0,,
2021-03-01,20:15,10.8,6.7,77.0,SE,11.3,24.1,1027.06,0.0,0.0,0.0,0.0,,
2021-03-01,20:30,10.9,6.7,76.0,E,11.3,25.7,1027.06,0.0,0.0,0.0,0.0,,
2021-03-01,20:45,11.0,6.7,75.0,SE,8.0,25.7,1027.06,0.0,0.0,0.0,0.0,,
2021-03-01,21:00,10.8,6.7,76.0,SE,19.3,19.3,1027.02,0.0,0.0,0.0,0.0,,
2021-03-01,21:15,10.7,6.7,77.0,ESE,11.3,19.3,1027.13,0.0,0.0,0.0,0.0,,
2021-03-01,21:30,10.7,6.7,78.0,ESE,11.3,19.3,1027.19,0.0,0.0,0.0,0.0,,
2021-03-01,21:45,10.4,6.7,79.0,ESE,6.4,22.5,1027.36,0.0,0.0,0.0,0.0,,
2021-03-01,22:00,10.4,6.7,79.0,ESE,9.7,24.1,1027.43,0.0,0.0,0.0,0.0,,
2021-03-01,22:15,10.5,6.7,79.0,ESE,11.3,19.3,1027.5,0.0,0.0,0.0,0.0,,
2021-03-01,22:30,10.3,6.7,79.0,E,9.7,19.3,1027.5,0.0,0.0,0.0,0.0,,
2021-03-01,22:45,9.8,6.7,80.0,E,6.4,17.7,1027.43,0.0,0.0,0.0,0.0,,
2021-03-01,23:00,9.8,6.1,80.0,E,12.9,20.9,1027.13,0.0,0.0,0.0,0.0,,
2021-03-01,23:15,9.8,6.1,80.0,E,17.7,19.3,1027.29,0.0,0.0,0.0,0.0,,
2021-03-01,23:30,9.6,6.1,81.0,ESE,6.4,16.1,1027.29,0.0,0.0,0.0,0.0,,
2021-03-01,23:45,9.6,6.1,81.0,ESE,11.3,19.3,1027.46,0.0,0.0,0.0,0.0,,
2021-03-01,OVR,,,,,,,,,,,,gustmax,30.6
2021-03-01,OVR,,,,,,,,,,,,rainrate_max,0
2021-03-01,OVR,,,,,,,,,,,,rain_total_mm,0
2021-03-01,OVR,,,,,,,,,,,,tmax,16
2021-03-01,OVR,,,,,,,,,,,,tmin,8.8
2021-03-01,OVR,,,,,,,,,,,,wind_dir_mean_deg,251
2021-03-02,00:00,9.8,6.1,80.0,E,4.8,20.9,1027.29,0.0,0.0,0.0,0.0,,
2021-03-02,00:15,9.7,6.1,80.0,ESE,9.7,24.1,1027.29,0.0,0.0,0.0,0.0,,
2021-03-02,00:30,9.7,6.1,80.0,ESE,11.3,19.3,1027.29,0.0,0.0,0.0,0.0,,
2021-03-02,00:45,9.6,6.1,81.0,E,16.1,20.9,1027.4,0.0,0.0,0.0,0.0,,
2021-03-02,01:00,9.4,6.7,83.0,ESE,14.5,19.3,1027.36,0.0,0.0,0.0,0.0,,
2021-03-02,01:15,9.4,6.7,83.0,E,11.3,19.3,1027.36,0.0,0.0,0.0,0.0,,
2021-03-02,01:30,9.3,6.7,84.0,E,9.7,22.5,1027.43,0.0,0.0,0.0,0.0,,
2021-03-02,01:45,9.2,6.7,85.0,ESE,14.5,25.7,1027.5,0.0,0.0,0.0,0.0,,
2021-03-02,02:00,9.3,6.7,85.0,E,11.3,22.5,1027.29,0.0,0.0,0.0,0.0,,
2021-03-02,02:15,9.4,7.2,86.0,E,9.7,20.9,1027.29,0.0,0.0,0.0,0.0,,
2021-03-02,02:30,9.3,7.2,86.0,E,14.5,19.3,1027.29,0.0,0.0,0.0,0.0,,
2021-03-02,02:45,9.3,7.2,87.0,ESE,9.7,22.5,1027.02,0.0,0.0,0.0,0.0,,
2021-03-02,03:00,9.2,6.7,87.0,ESE,9.7,22.5,1027.02,0.0,0.0,0.0,0.0,,
2021-03-02,03:15,9.2,7.2,87.0,E,8.0,17.7,1027.16,0.0,0.0,0.0,0.0,,
2021-03-02,03:30,9.2,6.7,87.0,ESE,8.0,20.9,1026.89,0.0,0.0,0.0,0.0,,
2021-03-02,03:45,9.2,6.7,87.0,ESE,11.3,17.7,1026.99,0.0,0.0,0.0,0.0,,
2021-03-02,04:00,9.2,7.2,87.0,E,12.9,17.7,1026.99,0.0,0.0,0.0,0.0,,
2021-03-02,04:15,9.3,7.2,86.0,ESE,9.7,17.7,1027.06,0.0,0.0,0.0,0.0,,
2021-03-02,04:30,9.3,6.7,86.0,E,11.3,17.7,1027.19,0.0,0.0,0.0,0.0,,
2021-03-02,04:45,9.2,6.7,86.0,ESE,6.4,17.7,1027.23,0.0,0.0,0.0,0.0,,
2021-03-02,05:00,9.2,6.7,87.0,E,14.5,17.7,1027.16,0.0,0.0,0.0,0.0,,
2021-03-02,05:15,9.2,6.7,87.0,E,9.7,20.9,1027.13,0.0,0.0,0.0,0.0,,
2021-03-02,05:30,9.2,6.7,87.0,ENE,11.3,20.9,1027.43,0.0,0.0,0.0,0.0,,
2021-03-02,05:45,9.2,6.7,86.0,ESE,11.3,16.1,1027.57,0.0,0.0,0.0,0.0,,
2021-03-02,06:00,9.3,7.2,86.0,ESE,11.3,22.5,1027.6,0.0,0.0,0.0,0.0,,
2021-03-02,06:15,9.2,6.7,86.0,ESE,16.1,20.9,1027.8,0.0,0.0,0.0,0.0,,
2021-03-02,06:30,9.2,6.7,86.0,ENE,11.3,20.9,1027.84,0.0,0.0,0.0,0.0,,
2021-03-02,06:45,9.2,6.7,86.0,SE,8.0,17.7,1027.97,0.0,0.0,0.0,0.0,,
2021-03-02,07:00,9.1,6.7,87.0,ESE,6.4,19.3,1027.87,0.0,0.0,0.0,0.0,,
2021-03-02,07:15,9.2,6.7,86.0,ESE,6.4,19.3,1028.11,0.0,0.0,0.0,18.0,,
2021-03-02,07:30,9.2,6.7,86.0,E,12.9,19.3,1028.24,0.0,0.0,0.0,32.0,,
2021-03-02,07:45,9.6,7.2,85.0,ESE,12.9,20.9,1028.38,0.0,0.0,0.0,76.0,,
2021-03-02,08:00,9.8,7.2,84.0,ESE,12.9,20.9,1028.55,0.0,0.0,0.0,125.0,,
2021-03-02,08:15,10.2,7.2,84.0,SSE,11.3,19.3,1028.89,0.0,0.0,0.0,188.0,,
2021-03-02,08:30,10.4,7.8,83.0,ENE,14.5,20.9,1029.02,0.0,0.0,0.0,199.0,,
2021-03-02,08:45,10.8,7.8,82.0,ESE,6.4,22.5,1029.16,0.0,0.0,1.0,295.0,,
2021-03-02,09:00,11.2,7.8,82.0,E,6.4,22.5,1029.19,0.0,0.0,1.0,343.0,,
2021-03-02,09:15,11.5,8.3,80.0,ESE,11.3,20.9,1029.29,0.0,0.0,1.0,394.0,,
2021-03-02,09:30,12.0,8.3,79.0,ESE,12.9,24.1,1029.43,0.0,0.0,1.0,448.0,,
2021-03-02,09:45,12.1,8.3,79.0,ENE,16.1,27.4,1029.56,0.0,0.0,1.0,388.0,,
2021-03-02,10:00,12.4,8.3,77.0,SE,8.0,25.7,1029.6,0.0,0.0,2.0,482.0,,
2021-03-02,10:15,12.9,8.9,76.0,ESE,6.4,25.7,1029.5,0.0,0.0,2.0,580.0,,
2021-03-02,10:30,13.3,8.9,75.0,ENE,14.5,24.1,1029.53,0.0,0.0,2.0,561.0,,
2021-03-02,10:45,13.6,8.3,72.0,E,12.9,29.0,1029.29,0.0,0.0,3.0,636.0,,
2021-03-02,11:00,13.3,8.3,72.0,E,14.5,30.6,1029.43,0.0,0.0,2.0,279.0,,
2021-03-02,11:15,13.3,8.3,72.0,E,17.7,29.0,1029.7,0.0,0.0,2.0,684.0,,
2021-03-02,11:30,13.8,8.9,73.0,ESE,12.9,27.4,1029.6,0.0,0.0,3.0,360.0,,
2021-03-02,11:45,14.1,8.9,70.0,ESE,12.9,33.8,1029.46,0.0,0.0,3.0,758.0,,
2021-03-02,12:00,14.4,8.9,70.0,ENE,16.1,27.4,1029.6,0.0,0.0,3.0,809.0,,
2021-03-02,12:15,14.2,8.3,68.0,ESE,16.1,32.2,1029.46,0.0,0.0,3.0,445.0,,
2021-03-02,12:30,14.8,8.9,68.0,E,12.9,30.6,1029.46,0.0,0.0,3.0,422.0,,
2021-03-02,12:45,14.8,8.3,67.0,ESE,6.4,32.2,1029.39,0.0,0.0,4.0,798.0,,
2021-03-02,13:00,15.0,8.9,67.0,E,17.7,29.0,1029.23,0.0,0.0,3.0,756.0,,
2021-03-02,13:15,14.9,8.3,67.0,E,24.1,32.2,1029.09,0.0,0.0,4.0,803.0,,
2021-03-02,13:30,14.9,8.9,67.0,ESE,22.5,33.8,1028.99,0.0,0.0,4.0,722.0,,
2021-03-02,13:45,15.1,8.9,67.0,SE,6.4,29.0,1028.89,0.0,0.0,3.0,696.0,,
2021-03-02,14:00,15.4,8.9,66.0,ESE,12.9,27.4,1028.92,0.0,0.0,3.0,691.0,,
2021-03-02,14:15,15.3,8.3,65.0,ENE,16.1,25.7,1029.06,0.0,0.0,3.0,740.0,,
2021-03-02,14:30,15.4,8.9,66.0,ESE,8.0,27.4,1028.85,0.0,0.0,3.0,654.0,,
2021-03-02,14:45,14.8,8.9,68.0,ENE,16.1,27.4,1029.02,0.0,0.0,3.0,656.0,,
2021-03-02,15:00,14.9,8.9,67.0,ENE,17.7,32.2,1028.92,0.0,0.0,2.0,610.0,,
2021-03-02,15:15,14.7,8.3,67.0,ENE,19.3,29.0,1029.09,0.0,0.0,2.0,545.0,,
2021-03-02,15:30,15.0,8.9,67.0,ESE,14.5,27.4,1028.99,0.0,0.0,2.0,501.0,,
2021-03-02,15:45,14.6,8.3,67.0,ENE,20.9,30.6,1028.82,0.0,0.0,1.0,141.0,,
2021-03-02,16:00,14.6,8.3,67.0,ENE,22.5,32.2,1028.95,0.0,0.0,1.0,371.0,,
2021-03-02,16:15,14.6,8.3,67.0,ESE,11.3,30.6,1028.99,0.0,0.0,1.0,309.0,,
2021-03-02,16:30,14.4,8.3,67.0,E,9.7,24.1,1029.26,0.0,0.0,1.0,134.0,,
2021-03-02,17:00,13.8,7.8,68.0,ESE,16.1,24.1,1029.09,0.0,0.0,0.0,62.0,,
2021-03-02,17:15,13.4,7.8,69.0,E,17.7,25.7,1029.33,0.0,0.0,0.0,47.0,,
2021-03-02,17:30,13.2,7.8,71.0,ENE,19.3,24.1,1029.43,0.0,0.0,0.0,37.0,,
2021-03-02,17:45,12.8,7.8,73.0,NE,8.0,19.3,1029.46,0.0,0.0,0.0,25.0,,
2021-03-02,18:00,12.3,7.8,74.0,E,11.3,20.9,1029.83,0.0,0.0,0.0,12.0,,
2021-03-02,18:15,12.1,7.8,75.0,ESE,14.5,22.5,1029.9,0.0,0.0,0.0,0.0,,
2021-03-02,18:30,11.6,7.2,77.0,ESE,16.1,22.5,1030.07,0.0,0.0,0.0,0.0,,
2021-03-02,18:45,11.4,7.2,78.0,ESE,19.3,24.1,1030.11,0.0,0.0,0.0,0.0,,
2021-03-02,19:00,11.2,7.2,78.0,ENE,19.3,24.1,1030.27,0.0,0.0,0.0,0.0,,
2021-03-02,19:15,11.0,7.2,79.0,ESE,11.3,20.9,1030.38,0.0,0.0,0.0,0.0,,
2021-03-02,19:30,10.8,7.2,79.0,E,12.9,24.1,1030.38,0.0,0.0,0.0,0.0,,
2021-03-02,19:45,10.7,7.2,80.0,E,9.7,20.9,1030.44,0.0,0.0,0.0,0.0,,
2021-03-02,20:00,10.6,7.2,80.0,ESE,12.9,17.7,1030.48,0.0,0.0,0.0,0.0,,
2021-03-02,20:15,10.3,7.2,82.0,ENE,17.7,19.3,1030.51,0.0,0.0,0.0,0.0,,
2021-03-02,20:30,10.2,7.2,82.0,E,16.1,17.7,1030.55,0.0,0.0,0.0,0.0,,
2021-03-02,20:45,10.1,6.7,82.0,ENE,11.3,16.1,1030.65,0.0,0.0,0.0,0.0,,
2021-03-02,21:00,9.9,6.7,83.0,ESE,9.7,17.7,1030.58,0.0,0.0,0.0,0.0,,
2021-03-02,21:15,9.9,6.7,81.0,ESE,11.3,19.3,1030.65,0.0,0.0,0.0,0.0,,
2021-03-02,21:30,9.8,6.7,81.0,E,12.9,17.7,1030.72,0.0,0.0,0.0,0.0,,
2021-03-02,21:45,9.9,6.7,80.0,E,14.5,19.3,1030.82,0.0,0.0,0.0,0.0,,
2021-03-02,22:00,10.1,6.7,79.0,E,14.5,20.9,1031.16,0.0,0.0,0.0,0.0,,
2021-03-02,22:15,9.9,6.1,79.0,E,12.9,19.3,1031.09,0.0,0.0,0.0,0.0,,
2021-03-02,22:30,9.8,6.1,80.0,E,11.3,17.7,1031.05,0.0,0.0,0.0,0.0,,
2021-03-02,22:45,9.9,6.7,80.0,ENE,6.4,22.5,1030.82,0.0,0.0,0.0,0.0,,
2021-03-02,23:00,9.8,6.7,81.0,ENE,9.7,19.3,1030.88,0.0,0.0,0.0,0.0,,
2021-03-02,23:30,9.5,6.7,83.0,E,11.3,19.3,1030.68,0.0,0.0,0.0,0.0,,
2021-03-02,23:45,9.4,6.7,84.0,E,11.3,19.3,1030.68,0.0,0.0,0.0,0.0,,
2021-03-02,OVR,,,,,,,,,,,,gustmax,35.4
2021-03-02,OVR,,,,,,,,,,,,rainrate_max,0
2021-03-02,OVR,,,,,,,,,,,,rain_total_mm,0
2021-03-02,OVR,,,,,,,,,,,,tmax,15.5
2021-03-02,OVR,,,,,,,,,,,,tmin,9.1
2021-03-02,OVR,,,,,,,,,,,,wind_dir_mean_deg,266
2021-03-03,00:00,9.5,6.7,84.0,E,11.3,19.3,1030.88,0.0,0.0,0.0,0.0,,
2021-03-03,00:15,9.4,6.7,84.0,ENE,17.7,19.3,1030.99,0.0,0.0,0.0,0.0,,
2021-03-03,00:30,9.3,6.7,84.0,E,11.3,16.1,1030.92,0.0,0.0,0.0,0.0,,
2021-03-03,00:45,9.1,6.7,85.0,E,4.8,16.1,1030.82,0.0,0.0,0.0,0.0,,
2021-03-03,01:00,9.2,6.7,84.0,E,11.3,17.7,1030.78,0.0,0.0,0.0,0.0,,
2021-03-03,01:15,9.2,6.7,84.0,ENE,14.5,17.7,1030.78,0.0,0.0,0.0,0.0,,
2021-03-03,01:30,9.2,6.7,84.0,E,14.5,17.7,1030.99,0.0,0.0,0.0,0.0,,
2021-03-03,01:45,9.0,6.1,83.0,E,14.5,17.7,1030.85,0.0,0.0,0.0,0.0,,
2021-03-03,02:00,8.9,6.1,84.0,E,11.3,16.1,1030.85,0.0,0.0,0.0,0.0,,
2021-03-03,02:15,8.9,6.1,84.0,ENE,12.9,20.9,1030.85,0.0,0.0,0.0,0.0,,
2021-03-03,02:30,8.8,6.1,83.0,E,11.3,16.1,1030.88,0.0,0.0,0.0,0.0,,
2021-03-03,02:45,8.8,6.1,83.0,E,12.9,17.7,1030.72,0.0,0.0,0.0,0.0,,
2021-03-03,03:00,9.0,6.1,83.0,ENE,14.5,19.3,1030.82,0.0,0.0,0.0,0.0,,
2021-03-03,03:15,9.1,6.1,82.0,ENE,11.3,19.3,1030.61,0.0,0.0,0.0,0.0,,
2021-03-03,03:30,9.0,6.1,82.0,ENE,11.3,16.1,1030.48,0.0,0.0,0.0,0.0,,
2021-03-03,03:45,9.1,5.6,81.0,E,8.0,17.7,1030.68,0.0,0.0,0.0,0.0,,
2021-03-03,04:00,8.8,5.6,81.0,ENE,12.9,17.7,1030.51,0.0,0.0,0.0,0.0,,
2021-03-03,04:15,8.9,5.6,81.0,E,6.4,17.7,1030.38,0.0,0.0,0.0,0.0,,
2021-03-03,04:30,8.9,5.6,81.0,ENE,8.0,17.7,1030.41,0.0,0.0,0.0,0.0,,
2021-03-03,04:45,8.8,5.6,80.0,ENE,12.9,16.1,1030.41,0.0,0.0,0.0,0.0,,
2021-03-03,05:00,8.9,5.6,79.0,ENE,6.4,19.3,1030.34,0.0,0.0,0.0,0.0,,
2021-03-03,05:15,8.7,5.0,79.0,E,8.0,17.7,1030.41,0.0,0.0,0.0,0.0,,
2021-03-03,05:30,8.6,5.0,80.0,ENE,16.1,16.1,1030.55,0.0,0.0,0.0,0.0,,
2021-03-03,05:45,8.4,5.0,80.0,ENE,12.9,17.7,1030.72,0.0,0.0,0.0,0.0,,
2021-03-03,06:00,8.6,5.0,79.0,NE,11.3,17.7,1030.75,0.0,0.0,0.0,0.0,,
2021-03-03,06:15,8.6,5.0,79.0,ENE,11.3,16.1,1030.82,0.0,0.0,0.0,0.0,,
2021-03-03,06:30,8.7,5.0,79.0,ENE,11.3,16.1,1030.88,0.0,0.0,0.0,0.0,,
2021-03-03,06:45,8.3,5.0,80.0,ENE,8.0,14.5,1031.09,0.0,0.0,0.0,0.0,,
2021-03-03,07:00,8.3,5.0,80.0,ENE,11.3,16.1,1031.09,0.0,0.0,0.0,7.0,,
2021-03-03,07:15,8.5,5.0,80.0,E,14.5,19.3,1031.26,0.0,0.0,0.0,19.0,,
2021-03-03,07:30,8.6,5.0,80.0,E,16.1,22.5,1031.29,0.0,0.0,0.0,42.0,,
2021-03-03,07:45,8.7,5.6,80.0,ENE,9.7,20.9,1031.32,0.0,0.0,0.0,83.0,,
2021-03-03,08:00,9.0,5.6,80.0,NE,16.1,20.9,1031.39,0.0,0.0,0.0,137.0,,
2021-03-03,08:15,9.3,5.6,79.0,ENE,11.3,20.9,1031.53,0.0,0.0,0.0,202.0,,
2021-03-03,08:30,9.6,6.1,79.0,ENE,14.5,19.3,1031.43,0.0,0.0,1.0,253.0,,
2021-03-03,08:45,9.8,6.1,77.0,ENE,9.7,20.9,1031.56,0.0,0.0,1.0,302.0,,
2021-03-03,09:00,10.1,6.1,77.0,ENE,9.7,19.3,1031.76,0.0,0.0,1.0,353.0,,
2021-03-03,09:15,10.4,6.1,76.0,E,16.1,20.9,1031.46,0.0,0.0,1.0,399.0,,
2021-03-03,09:30,10.8,6.1,74.0,E,17.7,20.9,1031.53,0.0,0.0,2.0,445.0,,
2021-03-03,09:45,11.2,6.1,72.0,NE,17.7,20.9,1031.63,0.0,0.0,2.0,489.0,,
2021-03-03,10:00,11.8,6.7,71.0,E,4.8,19.3,1031.56,0.0,0.0,2.0,531.0,,
2021-03-03,10:15,12.3,7.2,71.0,NE,8.0,14.5,1031.7,0.0,0.0,2.0,566.0,,
2021-03-03,10:30,12.8,7.2,68.0,ENE,6.4,17.7,1031.6,0.0,0.0,3.0,605.0,,
2021-03-03,10:45,13.0,7.2,68.0,E,4.8,16.1,1031.56,0.0,0.0,3.0,635.0,,
2021-03-03,11:00,13.3,7.2,67.0,E,11.3,19.3,1031.66,0.0,0.0,3.0,654.0,,
2021-03-03,11:15,13.4,6.7,64.0,ENE,8.0,19.3,1031.36,0.0,0.0,3.0,371.0,,
2021-03-03,11:30,14.2,7.8,66.0,ENE,9.7,19.3,1031.29,0.0,0.0,4.0,740.0,,
2021-03-03,11:45,14.7,7.8,63.0,ESE,11.3,22.5,1031.22,0.0,0.0,3.0,216.0,,
2021-03-03,12:00,14.3,7.8,65.0,ESE,6.4,17.7,1031.09,0.0,0.0,3.0,777.0,,
2021-03-03,12:15,14.7,7.8,63.0,E,6.4,19.3,1030.85,0.0,0.0,4.0,768.0,,
2021-03-03,12:30,14.9,7.2,61.0,SE,19.3,22.5,1030.58,0.0,0.0,4.0,826.0,,
2021-03-03,12:45,15.4,8.3,62.0,SE,12.9,20.9,1030.48,0.0,0.0,4.0,710.0,,
2021-03-03,13:00,15.4,7.8,60.0,SSE,6.4,12.9,1030.41,0.0,0.0,4.0,775.0,,
2021-03-03,13:15,14.9,7.2,60.0,SE,11.3,19.3,1030.07,0.0,0.0,4.0,754.0,,
2021-03-03,13:30,15.3,7.8,61.0,SE,8.0,19.3,1029.9,0.0,0.0,3.0,642.0,,
2021-03-03,13:45,15.4,7.8,60.0,E,12.9,14.5,1029.73,0.0,0.0,3.0,649.0,,
2021-03-03,14:00,15.4,7.2,58.0,ENE,3.2,17.7,1029.56,0.0,0.0,3.0,659.0,,
2021-03-03,14:15,15.2,7.2,59.0,ESE,4.8,16.1,1029.39,0.0,0.0,2.0,160.0,,
2021-03-03,14:30,15.4,7.2,59.0,SE,8.0,14.5,1029.19,0.0,0.0,3.0,696.0,,
2021-03-03,14:45,15.7,6.7,56.0,SSE,9.7,12.9,1029.29,0.0,0.0,3.0,619.0,,
2021-03-03,15:00,15.6,7.2,58.0,SSE,4.8,16.1,1028.95,0.0,0.0,2.0,406.0,,
2021-03-03,15:15,15.4,6.7,57.0,ESE,11.3,16.1,1029.02,0.0,0.0,2.0,496.0,,
2021-03-03,15:30,15.1,6.1,56.0,S,8.0,17.7,1029.02,0.0,0.0,1.0,480.0,,
2021-03-03,15:45,15.1,6.7,57.0,SSE,3.2,19.3,1028.99,0.0,0.0,1.0,160.0,,
2021-03-03,16:00,14.8,5.6,55.0,SE,6.4,20.9,1028.82,0.0,0.0,1.0,357.0,,
2021-03-03,16:15,14.2,5.0,53.0,SE,12.9,24.1,1028.99,0.0,0.0,1.0,341.0,,
2021-03-03,16:30,13.9,5.0,55.0,ESE,14.5,20.9,1028.78,0.0,0.0,1.0,295.0,,
2021-03-03,16:45,13.7,5.6,58.0,SE,8.0,20.9,1028.82,0.0,0.0,0.0,91.0,,
2021-03-03,17:00,13.6,5.6,58.0,SSE,16.1,24.1,1028.75,0.0,0.0,0.0,69.0,,
2021-03-03,17:15,13.3,5.6,59.0,SSE,11.3,16.1,1028.68,0.0,0.0,0.0,53.0,,
2021-03-03,17:30,12.8,4.4,58.0,SE,4.8,19.3,1028.72,0.0,0.0,0.0,39.0,,
2021-03-03,17:45,12.3,5.0,61.0,SSE,4.8,17.7,1028.78,0.0,0.0,0.0,30.0,,
2021-03-03,18:00,12.1,5.0,64.0,SSE,9.7,12.9,1028.82,0.0,0.0,0.0,14.0,,
2021-03-03,18:15,11.8,5.6,67.0,SSE,9.7,19.3,1028.99,0.0,0.0,0.0,0.0,,
2021-03-03,18:30,11.2,5.6,70.0,SE,6.4,14.5,1029.09,0.0,0.0,0.0,0.0,,
2021-03-03,18:45,10.9,5.6,70.0,SSE,4.8,12.9,1029.12,0.0,0.0,0.0,0.0,,
2021-03-03,19:00,10.9,5.6,70.0,SE,4.8,14.5,1029.23,0.0,0.0,0.0,0.0,,
2021-03-03,19:15,10.9,5.6,71.0,SE,11.3,14.5,1029.23,0.0,0.0,0.0,0.0,,
2021-03-03,19:30,10.7,5.6,72.0,SE,6.4,16.1,1029.23,0.0,0.0,0.0,0.0,,
2021-03-03,19:45,10.7,5.6,72.0,SE,4.8,14.5,1029.39,0.0,0.0,0.0,0.0,,
2021-03-03,20:00,10.6,6.1,74.0,ESE,6.4,12.9,1029.23,0.0,0.0,0.0,0.0,,
2021-03-03,20:15,10.3,6.1,75.0,SE,6.4,11.3,1029.19,0.0,0.0,0.0,0.0,,
2021-03-03,20:30,10.3,6.1,75.0,ESE,4.8,11.3,1029.16,0.0,0.0,0.0,0.0,,
2021-03-03,20:45,9.7,5.6,76.0,ESE,4.8,9.7,1029.12,0.0,0.0,0.0,0.0,,
2021-03-03,21:00,9.2,5.6,79.0,E,4.8,9.7,1029.36,0.0,0.0,0.0,0.0,,
2021-03-03,21:15,8.8,5.0,78.0,ESE,3.2,6.4,1029.19,0.0,0.0,0.0,0.0,,
2021-03-03,21:30,8.3,5.0,79.0,ESE,4.8,4.8,1029.16,0.0,0.0,0.0,0.0,,
2021-03-03,21:45,8.0,4.4,80.0,ESE,6.4,9.7,1029.12,0.0,0.0,0.0,0.0,,
2021-03-03,22:00,7.9,5.0,81.0,ESE,6.4,12.9,1029.06,0.0,0.0,0.0,0.0,,
2021-03-03,22:15,8.3,5.0,81.0,ESE,12.9,12.9,1029.02,0.0,0.0,0.0,0.0,,
2021-03-03,22:30,8.4,5.0,80.0,ESE,6.4,12.9,1028.85,0.0,0.0,0.0,0.0,,
2021-03-03,22:45,8.6,4.4,76.0,ESE,4.8,12.9,1028.82,0.0,0.0,0.0,0.0,,
2021-03-03,23:00,8.8,4.4,76.0,ESE,6.4,14.5,1028.65,0.0,0.0,0.0,0.0,,
2021-03-03,23:15,8.3,5.0,79.0,ESE,4.8,11.3,1028.55,0.0,0.0,0.0,0.0,,
2021-03-03,23:30,8.0,4.4,80.0,ESE,6.4,9.7,1028.51,0.0,0.0,0.0,0.0,,
2021-03-03,23:45,7.9,5.0,81.0,ESE,9.7,9.7,1028.45,0.0,0.0,0.0,0.0,,
2021-03-03,OVR,,,,,,,,,,,,gustmax,25.7
2021-03-03,OVR,,,,,,,,,,,,rainrate_max,0
2021-03-03,OVR,,,,,,,,,,,,rain_total_mm,0
2021-03-03,OVR,,,,,,,,,,,,tmax,16
2021-03-03,OVR,,,,,,,,,,,,tmin,7.8
2021-03-03,OVR,,,,,,,,,,,,wind_dir_mean_deg,264
2021-03-04,00:00,8.0,5.0,81.0,E,9.7,9.7,1028.45,0.0,0.0,0.0,0.0,,
2021-03-04,00:15,8.2,5.0,80.0,ENE,4.8,11.3,1028.51,0.0,0.0,0.0,0.0,,
2021-03-04,00:30,8.1,5.0,80.0,E,4.8,11.3,1028.21,0.0,0.0,0.0,0.0,,
2021-03-04,00:45,7.3,4.4,83.0,E,3.2,6.4,1028.14,0.0,0.0,0.0,0.0,,
2021-03-04,01:00,7.1,4.4,83.0,ESE,3.2,6.4,1028.21,0.0,0.0,0.0,0.0,,
2021-03-04,01:15,7.2,4.4,82.0,ESE,4.8,9.7,1027.84,0.0,0.0,0.0,0.0,,
2021-03-04,01:30,7.2,4.4,82.0,ESE,4.8,9.7,1027.77,0.0,0.0,0.0,0.0,,
2021-03-04,02:00,7.1,4.4,84.0,ESE,3.2,9.7,1027.67,0.0,0.0,0.0,0.0,,
2021-03-04,02:15,6.9,4.4,85.0,ESE,4.8,6.4,1027.46,0.0,0.0,0.0,0.0,,
2021-03-04,02:30,7.2,4.4,85.0,ESE,4.8,6.4,1027.29,0.0,0.0,0.0,0.0,,
2021-03-04,02:45,7.7,5.0,85.0,SE,6.4,11.3,1027.06,0.0,0.0,0.0,0.0,,
2021-03-04,03:00,8.4,5.0,81.0,SE,8.0,14.5,1027.02,0.0,0.0,0.0,0.0,,
2021-03-04,03:15,8.8,5.0,78.0,ESE,9.7,12.9,1026.79,0.0,0.0,0.0,0.0,,
2021-03-04,03:45,8.7,5.0,79.0,ESE,6.4,11.3,1026.62,0.0,0.0,0.0,0.0,,
2021-03-04,04:00,8.6,5.0,80.0,ESE,6.4,11.3,1026.48,0.0,0.0,0.0,0.0,,
2021-03-04,04:15,8.4,5.0,81.0,ESE,4.8,12.9,1026.38,0.0,0.0,0.0,0.0,,
2021-03-04,04:30,7.6,5.0,84.0,E,3.2,6.4,1026.18,0.0,0.0,0.0,0.0,,
2021-03-04,05:00,6.9,4.4,87.0,E,6.4,9.7,1026.04,0.0,0.0,0.0,0.0,,
2021-03-04,05:15,6.9,5.0,88.0,E,9.7,9.7,1026.04,0.0,0.0,0.0,0.0,,
2021-03-04,05:30,6.9,5.0,89.0,E,4.8,9.7,1025.97,0.0,0.0,0.0,0.0,,
2021-03-04,05:45,6.9,5.0,89.0,ESE,3.2,6.4,1025.94,0.0,0.0,0.0,0.0,,
2021-03-04,06:00,6.9,5.0,89.0,SE,3.2,6.4,1026.01,0.0,0.0,0.0,0.0,,
2021-03-04,06:15,6.8,5.0,89.0,SE,4.8,6.4,1026.01,0.0,0.0,0.0,0.0,,
2021-03-04,06:30,7.0,5.0,89.0,ESE,4.8,11.3,1025.74,0.0,0.0,0.0,0.0,,
2021-03-04,06:45,7.4,5.6,88.0,E,9.7,14.5,1025.57,0.0,0.0,0.0,0.0,,
2021-03-04,07:00,7.5,5.6,88.0,ENE,12.9,16.1,1025.43,0.0,0.0,0.0,9.0,,
2021-03-04,07:30,8.1,6.1,88.0,ENE,3.2,16.1,1025.47,0.0,0.0,0.0,35.0,,
2021-03-04,07:45,8.5,6.1,86.0,ENE,8.0,16.1,1025.47,0.0,0.0,0.0,42.0,,
2021-03-04,08:00,8.7,6.1,86.0,ENE,6.4,14.5,1025.47,0.0,0.0,0.0,83.0,,
2021-03-04,08:15,9.0,6.1,85.0,ENE,11.3,16.1,1025.36,0.0,0.0,0.0,142.0,,
2021-03-04,08:30,9.2,6.7,84.0,ENE,12.9,14.5,1025.23,0.0,0.0,0.0,142.0,,
2021-03-04,08:45,9.5,6.7,83.0,NE,11.3,17.7,1025.36,0.0,0.0,1.0,176.0,,
2021-03-04,09:00,9.8,7.2,84.0,ENE,11.3,16.1,1025.33,0.0,0.0,1.0,186.0,,
2021-03-04,09:15,10.1,7.2,83.0,ENE,8.0,16.1,1025.2,0.0,0.0,1.0,181.0,,
2021-03-04,09:30,10.4,7.2,83.0,E,8.0,19.3,1025.13,0.0,0.0,1.0,241.0,,
2021-03-04,09:45,10.9,7.8,82.0,NNE,4.8,19.3,1024.99,0.0,0.0,2.0,295.0,,
2021-03-04,10:00,11.5,7.8,80.0,ENE,6.4,16.1,1024.99,0.0,0.0,1.0,230.0,,
2021-03-04,10:15,11.6,7.8,80.0,E,12.9,19.3,1024.79,0.0,0.0,2.0,357.0,,
2021-03-04,10:30,12.1,8.3,80.0,E,4.8,17.7,1024.92,0.0,0.0,2.0,288.0,,
2021-03-04,10:45,12.1,8.3,77.0,ESE,11.3,17.7,1024.69,0.0,0.0,2.0,355.0,,
2021-03-04,11:00,12.4,8.3,76.0,NE,4.8,17.7,1024.59,0.0,0.0,2.0,246.0,,
2021-03-04,11:15,12.4,8.3,76.0,ENE,8.0,14.5,1024.59,0.0,0.0,1.0,156.0,,
2021-03-04,11:30,12.7,8.3,75.0,E,9.7,19.3,1024.35,0.0,0.0,3.0,737.0,,
2021-03-04,11:45,13.0,8.3,75.0,E,9.7,20.9,1024.38,0.0,0.0,2.0,316.0,,
2021-03-04,12:00,12.7,8.3,77.0,E,6.4,19.3,1024.11,0.0,0.0,1.0,135.0,,
2021-03-04,12:15,12.7,8.3,77.0,NE,8.0,19.3,1024.01,0.0,0.0,2.0,243.0,,
2021-03-04,12:30,12.4,8.3,77.0,ESE,11.3,20.9,1023.6,0.0,0.0,1.0,116.0,,
2021-03-04,12:45,12.3,8.3,78.0,E,11.3,17.7,1023.43,0.0,0.0,1.0,211.0,,
2021-03-04,13:00,12.6,8.3,77.0,ENE,8.0,14.5,1023.27,0.0,0.0,1.0,114.0,,
2021-03-04,13:15,12.6,8.3,77.0,ENE,6.4,14.5,1023.06,0.0,0.0,0.0,86.0,,
2021-03-04,13:30,12.7,8.9,78.0,E,6.4,14.5,1022.79,0.0,0.0,1.0,123.0,,
2021-03-04,13:45,13.0,8.9,77.0,ENE,14.5,14.5,1022.62,0.0,0.0,1.0,146.0,,
2021-03-04,14:00,13.2,8.9,75.0,ESE,8.0,17.7,1022.38,0.0,0.0,1.0,172.0,,
2021-03-04,14:15,12.9,8.3,76.0,SE,3.2,12.9,1022.32,0.0,0.0,0.0,58.0,,
2021-03-04,14:30,12.6,8.9,79.0,SE,4.8,12.9,1022.28,0.0,0.0,0.0,39.0,,
2021-03-04,14:45,12.3,8.3,79.0,ESE,8.0,14.5,1021.91,0.0,0.0,0.0,42.0,,
2021-03-04,15:00,12.8,8.9,78.0,ESE,9.7,12.9,1021.74,0.0,0.0,2.0,424.0,,
2021-03-04,15:15,13.3,8.9,75.0,ESE,6.4,16.1,1021.61,0.0,0.0,1.0,202.0,,
2021-03-04,15:30,13.9,8.3,71.0,SE,16.1,16.1,1021.74,0.0,0.0,1.0,459.0,,
2021-03-04,15:45,13.8,7.8,69.0,SSE,11.3,17.7,1021.57,0.0,0.0,1.0,336.0,,
2021-03-04,16:00,13.8,8.9,72.0,SE,12.9,17.7,1021.37,0.0,0.0,1.0,464.0,,
2021-03-04,16:15,13.9,8.3,71.0,SE,16.1,20.9,1021.2,0.0,0.0,1.0,392.0,,
2021-03-04,16:30,13.9,8.3,71.0,ESE,11.3,17.7,1021.2,0.0,0.0,1.0,204.0,,
2021-03-04,16:45,13.4,8.3,71.0,SE,4.8,20.9,1021.03,0.0,0.0,0.0,95.0,,
2021-03-04,17:00,13.1,7.8,72.0,SE,6.4,14.5,1021.03,0.0,0.0,0.0,76.0,,
2021-03-04,17:15,12.9,7.8,71.0,ESE,12.9,12.9,1020.79,0.0,0.0,0.0,70.0,,
2021-03-04,17:30,12.6,7.8,73.0,SE,11.3,11.3,1020.83,0.0,0.0,0.0,54.0,,
2021-03-04,17:45,12.4,7.8,75.0,ESE,4.8,12.9,1020.89,0.0,0.0,0.0,32.0,,
2021-03-04,18:00,11.9,7.8,78.0,ESE,6.4,6.4,1020.86,0.0,0.0,0.0,16.0,,
2021-03-04,18:15,11.3,8.3,82.0,E,4.8,6.4,1020.66,0.0,0.0,0.0,0.0,,
2021-03-04,18:30,11.1,8.3,84.0,ESE,4.8,11.3,1020.66,0.0,0.0,0.0,0.0,,
2021-03-04,18:45,10.7,7.8,84.0,E,6.4,11.3,1020.62,0.0,0.0,0.0,0.0,,
2021-03-04,19:00,10.4,7.8,85.0,E,4.8,9.7,1020.66,0.0,0.0,0.0,0.0,,
2021-03-04,19:15,10.3,7.8,85.0,ESE,4.8,11.3,1020.59,0.0,0.0,0.0,0.0,,
2021-03-04,19:30,10.7,7.8,84.0,ESE,3.2,16.1,1020.59,0.0,0.0,0.0,0.0,,
2021-03-04,19:45,10.4,7.8,85.0,ESE,4.8,14.5,1020.49,0.0,0.0,0.0,0.0,,
2021-03-04,20:00,10.1,7.8,86.0,E,6.4,11.3,1020.39,0.0,0.0,0.0,0.0,,
2021-03-04,20:15,10.1,7.8,87.0,E,6.4,12.9,1020.45,0.0,0.0,0.0,0.0,,
2021-03-04,20:30,10.3,7.8,86.0,E,12.9,16.1,1020.18,0.0,0.0,0.0,0.0,,
2021-03-04,20:45,10.2,7.8,86.0,E,4.8,16.1,1020.39,0.0,0.0,0.0,0.0,,
2021-03-04,21:00,10.1,7.8,87.0,ENE,9.7,14.5,1020.35,0.0,0.0,0.0,0.0,,
2021-03-04,21:15,9.9,7.8,88.0,E,4.8,12.9,1020.22,0.0,0.0,0.0,0.0,,
2021-03-04,21:30,10.1,7.8,87.0,E,6.4,12.9,1020.22,0.0,0.0,0.0,0.0,,
2021-03-04,21:45,10.1,7.8,87.0,E,4.8,14.5,1020.15,0.0,0.0,0.0,0.0,,
2021-03-04,22:00,9.9,7.8,87.0,E,8.0,17.7,1020.08,0.0,0.0,0.0,0.0,,
2021-03-04,22:15,10.0,7.8,87.0,E,9.7,14.5,1020.01,0.0,0.0,0.0,0.0,,
2021-03-04,22:30,10.1,7.8,87.0,ENE,8.0,12.9,1019.91,0.0,0.0,0.0,0.0,,
2021-03-04,22:45,10.3,7.8,87.0,ESE,9.7,14.5,1020.12,0.0,0.0,0.0,0.0,,
2021-03-04,23:00,10.4,7.8,86.0,E,4.8,14.5,1020.12,0.0,0.0,0.0,0.0,,
2021-03-04,23:15,10.4,7.8,86.0,E,8.0,12.9,1019.88,0.0,0.0,0.0,0.0,,
2021-03-04,23:30,10.3,7.8,86.0,ESE,4.8,12.9,1020.05,0.0,0.0,0.0,0.0,,
2021-03-04,23:45,10.3,7.8,86.0,ESE,3.2,11.3,1019.98,0.0,0.0,0.0,0.0,,
2021-03-04,OVR,,,,,,,,,,,,gustmax,22.5
2021-03-04,OVR,,,,,,,,,,,,rainrate_max,0
2021-03-04,OVR,,,,,,,,,,,,rain_total_mm,0
2021-03-04,OVR,,,,,,,,,,,,tmax,14.2
2021-03-04,OVR,,,,,,,,,,,,tmin,6.8
2021-03-04,OVR,,,,,,,,,,,,wind_dir_mean_deg,263
2021-03-05,00:00,10.2,7.8,87.0,ESE,4.8,6.4,1019.81,0.0,0.0,0.0,0.0,,
2021-03-05,00:15,10.2,7.8,87.0,ESE,3.2,6.4,1019.61,0.0,0.0,0.0,0.0,,
2021-03-05,00:30,10.0,7.8,87.0,ESE,3.2,6.4,1019.68,0.0,0.0,0.0,0.0,,
2021-03-05,00:45,9.8,7.8,88.0,ESE,6.4,6.4,1019.61,0.0,0.0,0.0,0.0,,
2021-03-05,01:00,10.6,8.3,86.0,E,3.2,9.7,1019.4,0.0,0.0,0.0,0.0,,
2021-03-05,01:15,10.4,7.8,86.0,E,4.8,9.7,1019.3,0.0,0.0,0.0,0.0,,
2021-03-05,01:30,10.3,7.8,87.0,ESE,3.2,11.3,1019.13,0.0,0.0,0.0,0.0,,
2021-03-05,01:45,10.6,8.3,86.0,ESE,9.7,12.9,1019.07,0.0,0.0,0.0,0.0,,
2021-03-05,02:00,10.2,8.3,88.0,E,6.4,6.4,1019.0,0.0,0.0,0.0,0.0,,
2021-03-05,02:15,10.1,8.3,89.0,ESE,4.8,9.7,1018.86,0.0,0.0,0.0,0.0,,
2021-03-05,02:30,10.5,8.3,88.0,ESE,3.2,14.5,1018.59,0.0,0.0,0.0,0.0,,
2021-03-05,02:45,10.7,8.3,87.0,ESE,6.4,14.5,1018.46,0.0,0.0,0.0,0.0,,
2021-03-05,03:00,10.6,8.3,88.0,E,6.4,11.3,1018.42,0.0,0.0,0.0,0.0,,
2021-03-05,03:15,10.6,8.3,89.0,SE,4.8,6.4,1018.25,0.0,0.0,0.0,0.0,,
2021-03-05,03:30,10.4,8.3,87.0,ESE,3.2,6.4,1018.05,0.0,0.0,0.0,0.0,,
2021-03-05,03:45,10.2,7.8,87.0,SE,3.2,4.8,1017.95,0.0,0.0,0.0,0.0,,
2021-03-05,04:00,9.9,7.8,87.0,ESE,3.2,4.8,1017.98,0.0,0.0,0.0,0.0,,
2021-03-05,04:15,9.9,7.8,86.0,ESE,3.2,6.4,1017.78,0.0,0.0,0.0,0.0,,
2021-03-05,04:30,9.8,7.8,87.0,ESE,3.2,6.4,1017.71,0.0,0.0,0.0,0.0,,
2021-03-05,04:45,10.1,7.8,86.0,ESE,3.2,8.0,1017.68,0.0,0.0,0.0,0.0,,
2021-03-05,05:00,10.2,7.8,84.0,SE,4.8,9.7,1017.61,0.0,0.0,0.0,0.0,,
2021-03-05,05:15,10.2,7.2,83.0,ESE,6.4,9.7,1017.61,0.0,0.0,0.0,0.0,,
2021-03-05,05:30,10.3,7.2,81.0,ESE,4.8,11.3,1017.68,0.0,0.0,0.0,0.0,,
2021-03-05,05:45,10.3,6.7,81.0,E,3.2,6.4,1017.61,0.0,0.0,0.0,0.0,,
2021-03-05,06:00,10.3,7.2,81.0,SE,4.8,9.7,1017.31,0.0,0.0,0.0,0.0,,
2021-03-05,06:15,10.3,6.7,81.0,ESE,4.8,9.7,1017.51,0.0,0.0,0.0,0.0,,
2021-03-05,06:30,10.3,7.2,81.0,ESE,4.8,9.7,1017.34,0.0,0.0,0.0,0.0,,
2021-03-05,06:45,10.4,7.2,81.0,SE,4.8,6.4,1017.24,0.0,0.0,0.0,0.0,,
2021-03-05,07:00,10.4,7.2,80.0,ESE,6.4,11.3,1017.27,0.0,0.0,0.0,0.0,,
2021-03-05,07:15,10.3,7.2,81.0,ESE,6.4,12.9,1017.27,0.0,0.0,0.0,11.0,,
2021-03-05,07:30,10.1,7.2,83.0,E,4.8,11.3,1017.34,0.0,0.0,0.0,25.0,,
2021-03-05,07:45,10.1,7.2,83.0,ESE,9.7,12.9,1017.27,0.0,0.0,0.0,49.0,,
2021-03-05,08:00,10.1,7.2,83.0,E,6.4,19.3,1017.31,0.0,0.0,0.0,77.0,,
2021-03-05,08:15,10.6,7.2,82.0,ESE,14.5,17.7,1017.54,0.0,0.0,0.0,113.0,,
2021-03-05,08:30,10.8,7.2,81.0,E,11.3,14.5,1017.31,0.0,0.0,0.0,148.0,,
2021-03-05,08:45,11.2,8.3,82.0,ENE,6.4,14.5,1017.37,0.0,0.0,1.0,195.0,,
2021-03-05,09:00,11.4,8.3,81.0,ENE,9.7,14.5,1017.37,0.0,0.0,1.0,199.0,,
2021-03-05,09:15,11.4,7.8,80.0,ENE,12.9,14.5,1017.54,0.0,0.0,1.0,190.0,,
2021-03-05,09:30,11.7,8.3,80.0,ESE,6.4,16.1,1017.68,0.0,0.0,1.0,183.0,,
2021-03-05,09:45,11.9,8.3,80.0,E,4.8,12.9,1017.61,0.0,0.0,1.0,193.0,,
2021-03-05,10:00,12.2,8.9,81.0,ESE,9.7,12.9,1017.68,0.0,0.0,2.0,424.0,,
2021-03-05,10:15,13.2,9.4,79.0,SE,3.2,16.1,1017.51,0.0,0.0,2.0,341.0,,
2021-03-05,10:30,12.8,8.9,79.0,ESE,6.4,17.7,1017.54,0.0,0.0,1.0,248.0,,
2021-03-05,10:45,12.9,9.4,80.0,ESE,6.4,14.5,1017.37,0.0,0.0,1.0,241.0,,
2021-03-05,11:00,13.1,9.4,78.0,SE,4.8,12.9,1017.37,0.0,0.0,2.0,246.0,,
2021-03-05,11:15,13.2,9.4,79.0,ESE,14.5,14.5,1017.37,0.0,0.0,2.0,378.0,,
2021-03-05,11:30,13.8,10.0,79.0,ESE,3.2,14.5,1017.41,0.0,0.0,4.0,805.0,,
2021-03-05,11:45,14.4,10.6,77.0,SSE,6.4,14.5,1017.41,0.0,0.0,3.0,540.0,,
2021-03-05,12:00,14.2,10.0,77.0,SSE,8.0,19.3,1017.34,0.0,0.0,3.0,768.0,,
2021-03-05,12:15,14.9,10.6,76.0,SSE,6.4,14.5,1017.2,0.0,0.0,3.0,531.0,,
2021-03-05,12:30,14.6,10.0,76.0,SE,6.4,16.1,1017.14,0.0,0.0,2.0,272.0,,
2021-03-05,12:45,14.6,10.6,76.0,ESE,11.3,17.7,1017.1,0.0,0.0,3.0,429.0,,
2021-03-05,13:00,14.8,10.0,73.0,ESE,6.4,19.3,1017.1,0.0,0.0,2.0,132.0,,
2021-03-05,13:15,14.6,10.6,79.0,ESE,9.7,17.7,1016.83,0.0,0.0,3.0,795.0,,
2021-03-05,13:30,14.9,10.0,74.0,SE,14.5,20.9,1016.56,0.0,0.0,2.0,345.0,,
2021-03-05,13:45,15.2,10.0,73.0,SSE,9.7,17.7,1016.36,0.0,0.0,2.0,821.0,,
2021-03-05,14:00,14.9,10.0,72.0,ESE,11.3,20.9,1016.02,0.0,0.0,2.0,318.0,,
2021-03-05,14:15,14.9,9.4,71.0,ESE,11.3,20.9,1016.09,0.0,0.0,2.0,299.0,,
2021-03-05,14:30,14.7,10.0,74.0,E,8.0,17.7,1016.05,0.0,0.0,1.0,232.0,,
2021-03-05,14:45,15.0,10.6,75.0,SE,11.3,19.3,1015.92,0.0,0.0,2.0,329.0,,
2021-03-05,15:00,14.8,10.6,77.0,SE,4.8,17.7,1015.58,0.0,0.0,1.0,255.0,,
2021-03-05,15:15,14.9,10.6,75.0,SE,8.0,19.3,1015.95,0.0,0.0,1.0,262.0,,
2021-03-05,15:30,15.1,10.6,76.0,SSE,3.2,19.3,1015.95,0.0,0.0,1.0,461.0,,
2021-03-05,15:45,15.0,10.6,75.0,SE,4.8,14.5,1015.98,0.0,0.0,1.0,239.0,,
2021-03-05,16:00,14.8,10.6,77.0,SSE,3.2,16.1,1016.05,0.0,0.0,1.0,160.0,,
2021-03-05,16:15,14.6,10.6,78.0,SSE,6.4,17.7,1016.32,0.0,0.0,0.0,153.0,,
2021-03-05,16:30,14.3,10.6,80.0,SE,9.7,20.9,1016.32,0.0,0.0,0.0,116.0,,
2021-03-05,16:45,13.6,10.0,81.0,SE,6.4,17.7,1016.46,0.0,0.0,0.0,33.0,,
2021-03-05,17:00,13.4,10.6,84.0,ESE,12.9,16.1,1016.53,0.0,0.0,0.0,21.0,,
2021-03-05,17:15,12.9,10.6,86.0,SSE,8.0,17.7,1016.46,0.0,0.0,0.0,12.0,,
2021-03-05,17:30,12.6,10.6,88.0,SSE,12.9,16.1,1016.83,0.0,0.0,0.0,9.0,,
2021-03-05,17:45,12.2,10.6,91.0,SSE,9.7,16.1,1016.93,0.25,0.25,0.0,0.0,,
2021-03-05,18:00,11.9,10.6,92.0,SE,3.2,12.9,1016.86,0.51,0.51,0.0,0.0,,
2021-03-05,18:15,11.9,10.6,92.0,S,4.8,6.4,1017.0,0.51,0.51,0.0,0.0,,
2021-03-05,18:30,11.8,10.6,93.0,N,0.0,8.0,1017.0,0.51,0.51,0.0,0.0,,
2021-03-05,18:45,11.9,10.6,93.0,W,1.6,3.2,1017.17,0.51,0.51,0.0,0.0,,
2021-03-05,19:00,11.8,10.6,92.0,W,3.2,4.8,1017.51,0.51,0.25,0.0,0.0,,
2021-03-05,19:15,11.7,10.0,92.0,N,0.0,3.2,1017.71,0.51,0.0,0.0,0.0,,
2021-03-05,19:30,11.7,10.0,91.0,WNW,1.6,9.7,1017.85,0.51,0.0,0.0,0.0,,
2021-03-05,19:45,11.6,10.0,91.0,W,1.6,6.4,1017.68,0.51,0.0,0.0,0.0,,
2021-03-05,20:00,11.3,10.0,92.0,NE,3.2,3.2,1017.78,0.51,0.0,0.0,0.0,,
2021-03-05,20:15,11.2,10.0,92.0,SE,1.6,4.8,1018.12,0.51,0.0,0.0,0.0,,
2021-03-05,20:30,10.9,9.4,92.0,N,0.0,3.2,1018.05,0.51,0.0,0.0,0.0,,
2021-03-05,20:45,10.3,8.9,93.0,SE,3.2,4.8,1018.02,0.51,0.0,0.0,0.0,,
2021-03-05,21:00,9.9,8.9,93.0,SE,3.2,4.8,1018.12,0.51,0.0,0.0,0.0,,
2021-03-05,21:15,10.1,8.9,94.0,N,0.0,3.2,1018.42,0.51,0.0,0.0,0.0,,
2021-03-05,21:30,10.0,8.9,94.0,SE,1.6,3.2,1018.59,0.51,0.0,0.0,0.0,,
2021-03-05,21:45,9.6,8.3,94.0,SE,1.6,1.6,1018.63,0.51,0.0,0.0,0.0,,
2021-03-05,22:00,9.5,8.3,94.0,SE,3.2,3.2,1018.83,0.51,0.0,0.0,0.0,,
2021-03-05,22:15,9.9,8.9,94.0,ESE,4.8,4.8,1018.83,0.51,0.0,0.0,0.0,,
2021-03-05,22:30,9.8,8.9,95.0,ESE,1.6,4.8,1018.76,0.51,0.0,0.0,0.0,,
2021-03-05,22:45,10.2,9.4,95.0,ESE,3.2,3.2,1019.0,0.51,0.0,0.0,0.0,,
2021-03-05,23:00,10.1,8.9,95.0,N,0.0,4.8,1018.83,0.51,0.0,0.0,0.0,,
2021-03-05,23:15,10.1,8.9,95.0,ESE,1.6,3.2,1018.96,0.51,0.0,0.0,0.0,,
2021-03-05,23:30,9.8,8.9,94.0,ESE,1.6,3.2,1018.83,0.51,0.0,0.0,0.0,,
2021-03-05,23:45,9.6,8.9,95.0,ESE,1.6,3.2,1018.83,0.51,0.0,0.0,0.0,,
2021-03-05,OVR,,,,,,,,,,,,gustmax,20.9
2021-03-05,OVR,,,,,,,,,,,,rainrate_max,0.2
2021-03-05,OVR,,,,,,,,,,,,rain_total_mm,0.6
2021-03-05,OVR,,,,,,,,,,,,tmax,15.4
2021-03-05,OVR,,,,,,,,,,,,tmin,9.5
2021-03-05,OVR,,,,,,,,,,,,wind_dir_mean_deg,241
2021-03-06,00:00,9.8,8.9,95.0,ESE,1.6,3.2,1018.93,0.0,0.0,0.0,0.0,,
2021-03-06,00:15,10.1,8.9,95.0,ESE,1.6,4.8,1018.9,0.0,0.0,0.0,0.0,,
2021-03-06,00:30,9.8,8.9,95.0,ESE,1.6,3.2,1019.13,0.0,0.0,0.0,0.0,,
2021-03-06,00:45,9.5,8.3,95.0,ESE,3.2,3.2,1019.03,0.0,0.0,0.0,0.0,,
2021-03-06,01:00,9.6,8.9,95.0,ESE,3.2,4.8,1019.17,0.0,0.0,0.0,0.0,,
2021-03-06,01:15,9.5,8.9,96.0,ESE,3.2,4.8,1019.3,0.0,0.0,0.0,0.0,,
2021-03-06,01:30,9.6,8.9,96.0,ESE,1.6,4.8,1019.2,0.0,0.0,0.0,0.0,,
2021-03-06,01:45,9.8,8.9,96.0,N,0.0,3.2,1019.2,0.0,0.0,0.0,0.0,,
2021-03-06,02:00,10.0,9.4,96.0,SE,3.2,4.8,1019.37,0.0,0.0,0.0,0.0,,
2021-03-06,02:15,10.0,8.9,96.0,SE,3.2,6.4,1019.27,0.0,0.0,0.0,0.0,,
2021-03-06,02:30,10.3,9.4,95.0,SE,6.4,8.0,1019.37,0.0,0.0,0.0,0.0,,
2021-03-06,02:45,10.1,8.9,95.0,SE,3.2,4.8,1019.4,0.0,0.0,0.0,0.0,,
2021-03-06,03:00,9.9,8.9,95.0,N,0.0,1.6,1019.3,0.0,0.0,0.0,0.0,,
2021-03-06,03:15,9.8,8.9,95.0,SE,1.6,1.6,1019.17,0.0,0.0,0.0,0.0,,
2021-03-06,03:30,9.8,8.9,95.0,SE,1.6,3.2,1019.1,0.0,0.0,0.0,0.0,,
2021-03-06,03:45,9.7,8.9,95.0,SE,3.2,4.8,1019.17,0.0,0.0,0.0,0.0,,
2021-03-06,04:00,9.4,8.3,95.0,N,0.0,3.2,1019.13,0.0,0.0,0.0,0.0,,
2021-03-06,04:15,9.2,8.3,95.0,SE,1.6,3.2,1019.3,0.0,0.0,0.0,0.0,,
2021-03-06,04:30,8.7,7.8,95.0,ESE,3.2,4.8,1019.2,0.0,0.0,0.0,0.0,,
2021-03-06,04:45,8.9,7.8,96.0,ESE,1.6,4.8,1019.37,0.0,0.0,0.0,0.0,,
2021-03-06,05:00,9.2,8.3,96.0,ESE,1.6,3.2,1019.44,0.0,0.0,0.0,0.0,,
2021-03-06,05:15,9.0,7.8,95.0,ESE,1.6,3.2,1019.4,0.0,0.0,0.0,0.0,,
2021-03-06,05:30,9.0,8.3,96.0,N,0.0,3.2,1019.64,0.0,0.0,0.0,0.0,,
2021-03-06,05:45,9.1,8.3,96.0,N,0.0,4.8,1019.74,0.0,0.0,0.0,0.0,,
2021-03-06,06:00,9.0,8.3,96.0,E,1.6,6.4,1019.91,0.0,0.0,0.0,0.0,,
2021-03-06,06:15,9.2,8.3,96.0,E,3.2,8.0,1020.05,0.0,0.0,0.0,0.0,,
2021-03-06,06:30,9.1,8.3,96.0,E,1.6,8.0,1020.01,0.0,0.0,0.0,0.0,,
2021-03-06,06:45,8.7,7.8,96.0,E,3.2,4.8,1020.12,0.25,0.25,0.0,0.0,,
2021-03-06,07:00,8.6,7.8,96.0,ESE,1.6,6.4,1020.18,0.25,0.25,0.0,9.0,,
2021-03-06,07:15,8.8,7.8,96.0,ESE,1.6,4.8,1020.18,0.25,0.25,0.0,25.0,,
2021-03-06,07:30,9.0,8.3,96.0,ESE,3.2,3.2,1020.42,0.25,0.25,0.0,49.0,,
2021-03-06,07:45,9.1,8.3,96.0,N,0.0,3.2,1020.62,0.25,0.0,0.0,88.0,,
2021-03-06,08:00,9.2,8.3,96.0,N,0.0,4.8,1020.89,0.25,0.0,0.0,86.0,,
2021-03-06,08:15,9.3,8.3,96.0,NE,1.6,3.2,1020.96,0.25,0.0,0.0,135.0,,
2021-03-06,08:30,9.9,9.4,96.0,N,0.0,3.2,1021.4,0.25,0.0,0.0,209.0,,
2021-03-06,08:45,10.3,9.4,96.0,N,0.0,3.2,1021.71,0.25,0.0,1.0,188.0,,
2021-03-06,09:00,10.8,10.0,97.0,N,0.0,3.2,1021.71,0.25,0.0,1.0,179.0,,
2021-03-06,09:15,11.5,10.6,96.0,NW,3.2,6.4,1021.74,0.25,0.0,1.0,343.0,,
2021-03-06,09:30,11.3,10.6,95.0,NW,3.2,6.4,1021.81,0.25,0.0,1.0,153.0,,
2021-03-06,09:45,11.8,11.1,96.0,NW,6.4,6.4,1021.98,0.25,0.0,2.0,520.0,,
2021-03-06,10:00,11.8,10.6,94.0,SSE,3.2,9.7,1022.15,0.25,0.0,1.0,186.0,,
2021-03-06,10:15,11.7,10.6,94.0,N,0.0,8.0,1022.15,0.25,0.0,1.0,239.0,,
2021-03-06,10:30,12.4,11.1,92.0,WNW,1.6,8.0,1022.15,0.25,0.0,2.0,195.0,,
2021-03-06,10:45,12.9,11.1,89.0,WNW,6.4,6.4,1022.01,0.25,0.0,2.0,612.0,,
2021-03-06,11:00,12.6,10.6,88.0,N,0.0,4.8,1022.11,0.25,0.0,1.0,114.0,,
2021-03-06,11:15,12.6,10.6,89.0,N,0.0,3.2,1022.11,0.25,0.0,2.0,155.0,,
2021-03-06,11:30,12.6,11.1,91.0,SSW,3.2,3.2,1022.28,0.25,0.0,2.0,134.0,,
2021-03-06,11:45,13.3,11.1,87.0,WNW,3.2,6.4,1022.25,0.25,0.0,2.0,167.0,,
2021-03-06,12:00,13.3,11.1,87.0,N,0.0,3.2,1022.22,0.25,0.0,2.0,167.0,,
2021-03-06,12:15,13.9,11.1,83.0,NW,4.8,6.4,1022.15,0.25,0.0,2.0,251.0,,
2021-03-06,12:30,14.4,10.0,76.0,NW,3.2,6.4,1021.98,0.25,0.0,4.0,772.0,,
2021-03-06,12:45,14.4,10.0,75.0,SSW,1.6,6.4,1021.84,0.25,0.0,2.0,299.0,,
2021-03-06,13:00,14.7,10.6,78.0,WNW,3.2,12.9,1021.71,0.25,0.0,4.0,842.0,,
2021-03-06,13:15,15.4,10.6,73.0,SSE,6.4,9.7,1021.74,0.25,0.0,4.0,819.0,,
2021-03-06,13:30,15.7,10.0,70.0,SSE,3.2,8.0,1021.61,0.25,0.0,4.0,726.0,,
2021-03-06,13:45,15.8,8.3,62.0,S,1.6,16.1,1021.47,0.25,0.0,4.0,675.0,,
2021-03-06,14:00,16.1,8.9,64.0,N,0.0,9.7,1021.5,0.25,0.0,3.0,635.0,,
2021-03-06,14:15,15.8,8.9,64.0,SSE,1.6,8.0,1021.44,0.25,0.0,3.0,649.0,,
2021-03-06,14:30,15.8,8.9,64.0,SSE,3.2,12.9,1021.3,0.25,0.0,3.0,603.0,,
2021-03-06,14:45,16.0,9.4,65.0,W,3.2,11.3,1021.37,0.25,0.0,2.0,267.0,,
2021-03-06,15:00,16.4,9.4,63.0,WSW,3.2,14.5,1021.23,0.25,0.0,2.0,580.0,,
2021-03-06,15:15,15.5,10.0,69.0,W,17.7,22.5,1021.23,0.25,0.0,2.0,522.0,,
2021-03-06,15:30,15.1,9.4,71.0,W,9.7,22.5,1021.47,0.25,0.0,2.0,301.0,,
2021-03-06,15:45,15.1,9.4,71.0,WNW,11.3,20.9,1021.2,0.25,0.0,1.0,425.0,,
2021-03-06,16:00,14.9,9.4,71.0,W,3.2,19.3,1021.2,0.25,0.0,1.0,288.0,,
2021-03-06,16:15,14.7,9.4,72.0,W,16.1,20.9,1021.33,0.25,0.0,1.0,301.0,,
2021-03-06,16:30,14.6,9.4,72.0,WNW,14.5,24.1,1021.44,0.25,0.0,1.0,181.0,,
2021-03-06,16:45,14.4,8.9,71.0,WNW,6.4,20.9,1021.27,0.25,0.0,0.0,118.0,,
2021-03-06,17:00,14.2,8.9,72.0,W,4.8,14.5,1021.5,0.25,0.0,0.0,139.0,,
2021-03-06,17:15,14.1,8.9,73.0,W,9.7,14.5,1021.61,0.25,0.0,0.0,102.0,,
2021-03-06,17:30,13.9,8.9,72.0,W,1.6,12.9,1021.67,0.25,0.0,0.0,90.0,,
2021-03-06,17:45,13.8,8.9,72.0,SW,1.6,6.4,1021.91,0.25,0.0,0.0,46.0,,
2021-03-06,18:00,13.4,8.3,73.0,SW,1.6,3.2,1021.91,0.25,0.0,0.0,23.0,,
2021-03-06,18:15,12.8,8.3,76.0,SSE,8.0,8.0,1021.98,0.25,0.0,0.0,7.0,,
2021-03-06,18:30,12.2,8.3,77.0,SSE,6.4,9.7,1022.15,0.25,0.0,0.0,0.0,,
2021-03-06,18:45,11.9,7.8,78.0,SE,1.6,6.4,1022.35,0.25,0.0,0.0,0.0,,
2021-03-06,19:00,11.4,7.8,80.0,SE,3.2,4.8,1022.49,0.25,0.0,0.0,0.0,,
2021-03-06,19:15,11.8,8.3,79.0,SE,4.8,6.4,1022.66,0.25,0.0,0.0,0.0,,
2021-03-06,19:30,12.0,8.3,79.0,SE,6.4,8.0,1022.93,0.25,0.0,0.0,0.0,,
2021-03-06,19:45,11.8,9.4,88.0,SE,4.8,12.9,1022.96,0.25,0.0,0.0,0.0,,
2021-03-06,20:00,11.7,10.0,90.0,SE,6.4,14.5,1023.1,0.25,0.0,0.0,0.0,,
2021-03-06,20:15,11.4,10.0,91.0,ESE,9.7,11.3,1023.03,0.25,0.0,0.0,0.0,,
2021-03-06,20:30,11.4,10.0,91.0,SE,16.1,19.3,1023.23,0.25,0.0,0.0,0.0,,
2021-03-06,20:45,11.4,10.0,92.0,SE,8.0,22.5,1023.23,0.25,0.0,0.0,0.0,,
2021-03-06,21:00,11.6,10.0,93.0,ESE,11.3,19.3,1023.16,0.25,0.0,0.0,0.0,,
2021-03-06,21:15,11.6,10.0,93.0,SE,8.0,17.7,1023.16,0.25,0.0,0.0,0.0,,
2021-03-06,21:30,11.7,10.6,93.0,SE,8.0,17.7,1023.37,0.25,0.0,0.0,0.0,,
2021-03-06,21:45,11.6,10.6,93.0,ESE,4.8,12.9,1023.27,0.25,0.0,0.0,0.0,,
2021-03-06,22:00,11.6,10.6,93.0,SE,3.2,14.5,1023.3,0.25,0.0,0.0,0.0,,
2021-03-06,22:15,11.6,10.6,94.0,S,8.0,19.3,1023.27,0.25,0.0,0.0,0.0,,
2021-03-06,22:30,11.6,10.6,93.0,ESE,4.8,17.7,1023.27,0.25,0.0,0.0,0.0,,
2021-03-06,22:45,11.6,10.6,94.0,ESE,4.8,16.1,1023.5,0.25,0.0,0.0,0.0,,
2021-03-06,23:00,11.6,10.6,94.0,SE,8.0,12.9,1023.37,0.25,0.0,0.0,0.0,,
2021-03-06,23:15,11.6,10.6,94.0,ESE,9.7,14.5,1023.57,0.25,0.0,0.0,0.0,,
2021-03-06,23:30,11.6,10.6,93.0,SE,4.8,11.3,1023.6,0.25,0.0,0.0,0.0,,
2021-03-06,23:45,11.5,10.0,93.0,SE,1.6,4.8,1023.47,0.25,0.0,0.0,0.0,,
2021-03-06,OVR,,,,,,,,,,,,gustmax,24.1
2021-03-06,OVR,,,,,,,,,,,,rainrate_max,0.2
2021-03-06,OVR,,,,,,,,,,,,rain_total_mm,0.2
2021-03-06,OVR,,,,,,,,,,,,tmax,16.4
2021-03-06,OVR,,,,,,,,,,,,tmin,8.4
2021-03-06,OVR,,,,,,,,,,,,wind_dir_mean_deg,198
2021-03-07,00:00,11.3,10.0,94.0,ENE,8.0,8.0,1023.47,0.0,0.0,0.0,0.0,,
2021-03-07,00:15,11.2,10.0,94.0,NE,8.0,9.7,1023.37,0.0,0.0,0.0,0.0,,
2021-03-07,00:30,11.1,10.0,94.0,E,3.2,11.3,1023.43,0.0,0.0,0.0,0.0,,
2021-03-07,00:45,11.1,10.0,94.0,ENE,4.8,12.9,1023.27,0.0,0.0,0.0,0.0,,
2021-03-07,01:00,10.7,9.4,94.0,E,4.8,12.9,1023.23,0.0,0.0,0.0,0.0,,
2021-03-07,01:15,10.5,9.4,93.0,ESE,6.4,12.9,1023.2,0.0,0.0,0.0,0.0,,
2021-03-07,01:30,10.8,9.4,91.0,ESE,4.8,9.7,1023.27,0.0,0.0,0.0,0.0,,
2021-03-07,01:45,10.9,8.9,90.0,ESE,4.8,9.7,1023.1,0.0,0.0,0.0,0.0,,
2021-03-07,02:00,10.9,8.9,88.0,ESE,4.8,9.7,1023.06,0.0,0.0,0.0,0.0,,
2021-03-07,02:15,11.1,8.9,87.0,ESE,3.2,6.4,1023.13,0.0,0.0,0.0,0.0,,
2021-03-07,02:30,10.8,8.9,88.0,E,3.2,9.7,1023.06,0.0,0.0,0.0,0.0,,
2021-03-07,02:45,10.9,8.9,88.0,E,4.8,11.3,1022.82,0.0,0.0,0.0,0.0,,
2021-03-07,03:00,10.8,8.9,89.0,E,9.7,11.3,1022.59,0.0,0.0,0.0,0.0,,
2021-03-07,03:15,10.6,8.9,89.0,ESE,6.4,9.7,1022.35,0.0,0.0,0.0,0.0,,
2021-03-07,03:30,10.6,8.9,89.0,ESE,6.4,12.9,1022.11,0.0,0.0,0.0,0.0,,
2021-03-07,03:45,10.4,8.3,89.0,ESE,4.8,9.7,1021.94,0.0,0.0,0.0,0.0,,
2021-03-07,04:00,9.9,8.3,90.0,E,3.2,6.4,1021.88,0.0,0.0,0.0,0.0,,
2021-03-07,04:15,9.9,8.3,90.0,ESE,4.8,11.3,1021.78,0.0,0.0,0.0,0.0,,
2021-03-07,04:30,9.8,8.3,91.0,ESE,6.4,12.9,1021.78,0.0,0.0,0.0,0.0,,
2021-03-07,04:45,10.2,8.3,90.0,ESE,4.8,14.5,1021.81,0.0,0.0,0.0,0.0,,
2021-03-07,05:00,10.1,8.3,90.0,E,6.4,12.9,1021.64,0.0,0.0,0.0,0.0,,
2021-03-07,05:15,10.1,8.3,91.0,ESE,4.8,11.3,1021.64,0.0,0.0,0.0,0.0,,
2021-03-07,05:30,10.0,8.3,91.0,ESE,6.4,12.9,1021.61,0.0,0.0,0.0,0.0,,
2021-03-07,05:45,9.8,8.3,90.0,ESE,6.4,12.9,1021.57,0.0,0.0,0.0,0.0,,
2021-03-07,06:00,9.6,7.8,91.0,ESE,3.2,9.7,1021.81,0.0,0.0,0.0,0.0,,
2021-03-07,06:15,9.6,7.8,91.0,ESE,6.4,11.3,1021.67,0.0,0.0,0.0,0.0,,
2021-03-07,06:30,9.8,8.3,90.0,ESE,6.4,11.3,1021.81,0.0,0.0,0.0,0.0,,
2021-03-07,06:45,10.3,8.3,89.0,ESE,6.4,11.3,1021.84,0.0,0.0,0.0,0.0,,
2021-03-07,07:00,10.2,8.3,89.0,ESE,9.7,14.5,1021.67,0.0,0.0,0.0,14.0,,
2021-03-07,07:15,10.2,8.3,90.0,ESE,12.9,16.1,1021.64,0.0,0.0,0.0,35.0,,
2021-03-07,07:30,10.3,8.3,90.0,E,11.3,16.1,1021.78,0.0,0.0,0.0,63.0,,
2021-03-07,07:45,10.5,8.9,89.0,E,6.4,16.1,1021.84,0.0,0.0,0.0,69.0,,
2021-03-07,08:00,10.7,8.9,89.0,E,9.7,17.7,1021.74,0.0,0.0,0.0,88.0,,
2021-03-07,08:15,11.4,8.9,87.0,E,6.4,17.7,1021.67,0.0,0.0,0.0,267.0,,
2021-03-07,08:30,11.7,9.4,86.0,E,12.9,17.7,1021.81,0.0,0.0,0.0,248.0,,
2021-03-07,08:45,12.0,9.4,85.0,E,14.5,19.3,1021.78,0.0,0.0,1.0,338.0,,
2021-03-07,09:00,12.4,9.4,84.0,E,11.3,17.7,1021.94,0.0,0.0,1.0,188.0,,
2021-03-07,09:15,12.7,9.4,83.0,ENE,9.7,17.7,1021.84,0.0,0.0,1.0,172.0,,
2021-03-07,09:30,12.9,10.0,83.0,ESE,8.0,17.7,1021.78,0.0,0.0,1.0,288.0,,
2021-03-07,09:45,13.5,10.0,82.0,SE,16.1,17.7,1021.81,0.0,0.0,2.0,225.0,,
2021-03-07,10:00,13.4,9.4,79.0,SE,9.7,16.1,1021.91,0.0,0.0,1.0,258.0,,
2021-03-07,10:15,13.8,10.0,78.0,SE,12.9,19.3,1021.64,0.0,0.0,2.0,318.0,,
2021-03-07,10:30,14.3,10.0,77.0,SE,6.4,20.9,1021.47,0.0,0.0,2.0,552.0,,
2021-03-07,10:45,14.6,10.0,75.0,ESE,17.7,20.9,1021.4,0.0,0.0,3.0,612.0,,
2021-03-07,11:00,14.9,10.0,73.0,SSE,19.3,24.1,1021.2,0.0,0.0,3.0,719.0,,
2021-03-07,11:15,14.7,10.6,76.0,SE,16.1,22.5,1021.1,0.0,0.0,3.0,798.0,,
2021-03-07,11:30,14.2,10.0,78.0,E,9.7,29.0,1020.93,0.0,0.0,4.0,612.0,,
2021-03-07,11:45,14.3,10.6,78.0,ESE,12.9,20.9,1020.83,0.0,0.0,1.0,234.0,,
2021-03-07,12:00,14.7,10.6,79.0,SSE,11.3,22.5,1020.73,0.0,0.0,2.0,299.0,,
2021-03-07,12:15,15.3,10.6,74.0,E,11.3,25.7,1020.42,0.0,0.0,2.0,369.0,,
2021-03-07,12:30,15.3,10.6,75.0,SE,17.7,27.4,1020.42,0.0,0.0,3.0,345.0,,
2021-03-07,12:45,15.1,10.6,75.0,ESE,6.4,24.1,1020.05,0.0,0.0,2.0,262.0,,
2021-03-07,13:00,15.4,11.1,76.0,SE,24.1,27.4,1019.64,0.0,0.0,4.0,763.0,,
2021-03-07,13:15,15.9,11.7,76.0,SSE,19.3,27.4,1019.27,0.0,0.0,2.0,221.0,,
2021-03-07,13:30,15.9,11.7,75.0,SSE,16.1,33.8,1019.03,0.0,0.0,3.0,779.0,,
2021-03-07,13:45,15.8,10.6,73.0,SE,22.5,25.7,1018.66,0.0,0.0,3.0,710.0,,
2021-03-07,14:00,16.0,10.6,72.0,E,11.3,27.4,1018.66,0.0,0.0,3.0,679.0,,
2021-03-07,14:15,16.2,10.6,69.0,SE,22.5,29.0,1018.46,0.0,0.0,3.0,714.0,,
2021-03-07,14:30,15.6,10.0,69.0,SSE,12.9,29.0,1018.49,0.0,0.0,2.0,360.0,,
2021-03-07,14:45,15.4,10.0,69.0,SE,16.1,29.0,1018.05,0.0,0.0,2.0,360.0,,
2021-03-07,15:00,14.8,10.0,73.0,SE,12.9,30.6,1017.85,0.0,0.0,1.0,223.0,,
2021-03-07,15:15,14.4,10.0,75.0,SE,12.9,25.7,1017.81,0.0,0.0,1.0,202.0,,
2021-03-07,15:30,14.4,10.0,76.0,SE,16.1,25.7,1017.54,0.0,0.0,1.0,213.0,,
2021-03-07,15:45,14.3,10.0,76.0,SE,16.1,29.0,1017.37,0.0,0.0,1.0,186.0,,
2021-03-07,16:00,14.1,10.0,78.0,SE,12.9,29.0,1017.58,0.0,0.0,1.0,158.0,,
2021-03-07,16:15,13.7,10.0,79.0,ESE,20.9,25.7,1017.54,0.0,0.0,0.0,98.0,,
2021-03-07,16:30,13.3,10.0,81.0,ESE,14.5,27.4,1017.44,0.0,0.0,0.0,132.0,,
2021-03-07,16:45,13.4,10.0,81.0,SE,14.5,24.1,1017.37,0.0,0.0,0.0,72.0,,
2021-03-07,17:00,13.0,10.0,82.0,ESE,17.7,27.4,1017.37,0.0,0.0,0.0,51.0,,
2021-03-07,17:15,12.7,10.0,84.0,SE,20.9,30.6,1017.27,0.0,0.0,0.0,56.0,,
2021-03-07,17:30,12.8,10.0,84.0,SE,6.4,24.1,1017.14,0.0,0.0,0.0,46.0,,
2021-03-07,17:45,12.7,10.0,84.0,ESE,12.9,29.0,1017.1,0.0,0.0,0.0,39.0,,
2021-03-07,18:00,12.7,10.0,84.0,ESE,24.1,33.8,1017.03,0.0,0.0,0.0,12.0,,
2021-03-07,18:15,12.7,9.4,82.0,ESE,17.7,27.4,1017.0,0.0,0.0,0.0,0.0,,
2021-03-07,18:30,12.6,9.4,82.0,SE,12.9,24.1,1017.24,0.0,0.0,0.0,0.0,,
2021-03-07,18:45,12.2,9.4,84.0,E,19.3,27.4,1017.17,0.0,0.0,0.0,0.0,,
2021-03-07,19:00,12.0,9.4,85.0,ESE,14.5,27.4,1016.97,0.0,0.0,0.0,0.0,,
2021-03-07,19:15,11.7,9.4,87.0,ESE,14.5,20.9,1017.24,0.25,0.25,0.0,0.0,,
2021-03-07,19:30,11.7,9.4,88.0,ESE,19.3,22.5,1017.17,0.25,0.25,0.0,0.0,,
2021-03-07,19:45,11.6,9.4,88.0,SE,11.3,24.1,1017.03,0.51,0.51,0.0,0.0,,
2021-03-07,20:00,11.8,9.4,86.0,ESE,9.7,24.1,1017.1,0.51,0.51,0.0,0.0,,
2021-03-07,20:15,11.4,9.4,89.0,ESE,4.8,14.5,1017.1,0.51,0.51,0.0,0.0,,
2021-03-07,20:30,11.2,9.4,91.0,ESE,4.8,11.3,1017.07,0.51,0.25,0.0,0.0,,
2021-03-07,20:45,11.3,10.0,91.0,ESE,4.8,12.9,1017.14,0.51,0.25,0.0,0.0,,
2021-03-07,21:00,11.4,10.0,91.0,ESE,4.8,11.3,1016.97,0.51,0.0,0.0,0.0,,
2021-03-07,21:15,11.5,10.0,90.0,SE,4.8,11.3,1017.03,0.51,0.0,0.0,0.0,,
2021-03-07,21:30,11.6,10.0,90.0,SE,3.2,4.8,1017.37,0.51,0.0,0.0,0.0,,
2021-03-07,21:45,11.7,10.0,90.0,N,0.0,3.2,1017.37,0.51,0.0,0.0,0.0,,
2021-03-07,22:00,11.6,10.0,90.0,E,6.4,11.3,1017.37,0.51,0.0,0.0,0.0,,
2021-03-07,22:15,11.4,10.0,91.0,ESE,6.4,12.9,1017.14,0.51,0.0,0.0,0.0,,
2021-03-07,22:30,11.5,10.0,91.0,ESE,9.7,12.9,1016.83,0.51,0.0,0.0,0.0,,
2021-03-07,22:45,11.4,10.0,91.0,ESE,4.8,16.1,1016.86,0.51,0.0,0.0,0.0,,
2021-03-07,23:00,11.3,10.0,91.0,ESE,6.4,11.3,1016.66,0.51,0.0,0.0,0.0,,
2021-03-07,23:15,11.4,10.0,91.0,ESE,12.9,16.1,1016.22,0.51,0.0,0.0,0.0,,
2021-03-07,23:30,11.6,10.0,90.0,SE,12.9,22.5,1016.32,0.51,0.0,0.0,0.0,,
2021-03-07,23:45,11.7,10.0,90.0,SE,14.5,22.5,1015.92,1.02,0.51,0.0,0.0,,
2021-03-07,OVR,,,,,,,,,,,,gustmax,37
2021-03-07,OVR,,,,,,,,,,,,rainrate_max,4.8
2021-03-07,OVR,,,,,,,,,,,,rain_total_mm,1.4
2021-03-07,OVR,,,,,,,,,,,,tmax,16.6
2021-03-07,OVR,,,,,,,,,,,,tmin,9.6
2021-03-07,OVR,,,,,,,,,,,,wind_dir_mean_deg,241
2021-03-08,00:00,11.8,10.0,89.0,E,19.3,27.4,1015.92,0.0,0.76,0.0,0.0,,
2021-03-08,00:15,11.6,10.0,90.0,ESE,6.4,19.3,1015.95,0.25,1.02,0.0,0.0,,
2021-03-08,00:30,11.5,10.0,91.0,ESE,4.8,11.3,1015.95,0.25,1.02,0.0,0.0,,
2021-03-08,00:45,11.3,10.0,92.0,SE,6.4,9.7,1015.68,0.51,0.76,0.0,0.0,,
2021-03-08,01:00,11.4,10.0,91.0,ESE,6.4,14.5,1015.37,0.76,0.76,0.0,0.0,,
2021-03-08,01:15,11.3,10.0,92.0,ESE,3.2,12.9,1015.37,1.02,0.76,0.0,0.0,,
2021-03-08,01:30,11.3,10.0,93.0,E,4.8,11.3,1015.27,1.02,0.76,0.0,0.0,,
2021-03-08,01:45,11.4,10.0,92.0,E,11.3,12.9,1015.14,1.27,0.76,0.0,0.0,,
2021-03-08,02:00,11.4,10.0,92.0,E,17.7,17.7,1014.87,1.52,0.76,0.0,0.0,,
2021-03-08,02:15,11.4,10.0,92.0,E,4.8,14.5,1014.66,1.52,0.51,0.0,0.0,,
2021-03-08,02:30,11.4,10.0,92.0,E,3.2,12.9,1014.6,1.52,0.51,0.0,0.0,,
2021-03-08,02:45,11.4,10.0,93.0,E,6.4,11.3,1014.43,1.52,0.25,0.0,0.0,,
2021-03-08,03:00,11.4,10.0,92.0,ENE,6.4,11.3,1014.22,1.52,0.0,0.0,0.0,,
2021-03-08,03:15,11.3,10.0,93.0,E,4.8,9.7,1013.99,1.52,0.0,0.0,0.0,,
2021-03-08,03:30,11.3,10.0,93.0,ENE,4.8,11.3,1013.55,1.52,0.0,0.0,0.0,,
2021-03-08,03:45,11.3,10.0,92.0,ESE,4.8,12.9,1013.38,1.52,0.0,0.0,0.0,,
2021-03-08,04:00,11.2,10.0,92.0,E,3.2,12.9,1013.28,1.52,0.0,0.0,0.0,,
2021-03-08,04:15,11.3,10.0,92.0,ENE,8.0,14.5,1012.9,1.52,0.0,0.0,0.0,,
2021-03-08,04:30,11.3,10.0,92.0,ENE,4.8,12.9,1012.97,1.52,0.0,0.0,0.0,,
2021-03-08,04:45,11.3,10.0,93.0,E,4.8,14.5,1013.07,1.52,0.0,0.0,0.0,,
2021-03-08,05:00,11.2,10.0,93.0,ESE,4.8,11.3,1012.94,1.52,0.0,0.0,0.0,,
2021-03-08,05:15,11.3,10.0,93.0,E,8.0,16.1,1012.84,1.52,0.0,0.0,0.0,,
2021-03-08,05:30,11.2,10.0,93.0,ESE,4.8,16.1,1012.73,1.52,0.0,0.0,0.0,,
2021-03-08,05:45,11.2,10.0,93.0,ESE,6.4,17.7,1012.63,1.52,0.0,0.0,0.0,,
2021-03-08,06:00,11.2,10.0,92.0,E,14.5,16.1,1012.36,1.52,0.0,0.0,0.0,,
2021-03-08,06:15,11.3,10.0,92.0,E,9.7,17.7,1012.53,1.52,0.0,0.0,0.0,,
2021-03-08,06:30,11.2,10.0,93.0,SE,11.3,17.7,1012.53,1.52,0.0,0.0,0.0,,
2021-03-08,06:45,11.2,10.0,92.0,ESE,14.5,19.3,1012.43,1.52,0.0,0.0,0.0,,
2021-03-08,07:00,11.3,10.0,92.0,ESE,11.3,17.7,1012.5,1.52,0.0,0.0,11.0,,
2021-03-08,07:15,11.3,10.0,92.0,ESE,3.2,14.5,1012.87,1.52,0.0,0.0,16.0,,
2021-03-08,07:30,11.4,10.0,92.0,ESE,19.3,19.3,1012.6,1.52,0.0,0.0,39.0,,
2021-03-08,07:45,11.5,10.0,91.0,ESE,6.4,17.7,1012.87,1.52,0.0,0.0,62.0,,
2021-03-08,08:00,11.7,10.0,91.0,SE,8.0,12.9,1012.8,1.52,0.0,0.0,77.0,,
2021-03-08,08:15,11.7,10.6,92.0,SE,9.7,17.7,1012.84,1.52,0.0,0.0,70.0,,
2021-03-08,08:30,11.8,10.6,92.0,ESE,12.9,17.7,1012.8,1.52,0.0,0.0,95.0,,
2021-03-08,08:45,12.1,10.6,92.0,SE,14.5,16.1,1012.9,1.52,0.0,0.0,116.0,,
2021-03-08,09:00,12.4,11.1,92.0,SE,11.3,25.7,1012.73,1.52,0.0,1.0,171.0,,
2021-03-08,09:15,12.6,11.1,90.0,ESE,14.5,27.4,1012.87,1.52,0.0,1.0,190.0,,
2021-03-08,09:30,12.8,10.6,88.0,SE,16.1,29.0,1012.8,1.52,0.0,1.0,213.0,,
2021-03-08,09:45,12.8,11.1,89.0,ESE,12.9,25.7,1012.84,1.52,0.0,2.0,211.0,,
2021-03-08,10:00,13.7,11.1,86.0,ESE,12.9,27.4,1012.6,1.52,0.0,2.0,538.0,,
2021-03-08,10:15,13.8,10.6,82.0,ESE,14.5,32.2,1012.67,1.52,0.0,2.0,483.0,,
2021-03-08,10:30,13.9,10.6,82.0,ESE,14.5,30.6,1012.5,1.52,0.0,2.0,571.0,,
2021-03-08,10:45,14.2,11.1,82.0,SE,17.7,33.8,1012.43,1.52,0.0,2.0,624.0,,
2021-03-08,11:00,14.1,10.6,81.0,E,20.9,29.0,1012.36,1.52,0.0,3.0,668.0,,
2021-03-08,11:15,14.2,11.1,82.0,ESE,17.7,32.2,1012.36,1.52,0.0,2.0,250.0,,
2021-03-08,11:30,14.3,11.1,83.0,ESE,14.5,30.6,1012.26,1.52,0.0,3.0,336.0,,
2021-03-08,11:45,14.6,11.7,82.0,SE,14.5,32.2,1012.33,1.52,0.0,2.0,374.0,,
2021-03-08,12:00,14.2,10.6,81.0,ESE,14.5,29.0,1012.33,1.52,0.0,1.0,209.0,,
2021-03-08,12:15,14.5,11.7,83.0,ESE,17.7,27.4,1012.23,1.52,0.0,3.0,475.0,,
2021-03-08,12:30,14.4,11.1,81.0,SE,16.1,27.4,1012.12,1.52,0.0,2.0,345.0,,
2021-03-08,12:45,14.8,11.1,78.0,ESE,17.7,33.8,1012.12,1.52,0.0,4.0,737.0,,
2021-03-08,13:00,14.9,11.1,78.0,SSE,16.1,32.2,1011.95,1.52,0.0,4.0,740.0,,
2021-03-08,13:15,15.2,11.1,78.0,ESE,12.9,29.0,1011.65,1.52,0.0,3.0,413.0,,
2021-03-08,13:30,15.2,10.6,76.0,SE,25.7,32.2,1011.38,1.52,0.0,3.0,557.0,,
2021-03-08,13:45,14.7,11.1,79.0,ESE,12.9,27.4,1011.41,1.52,0.0,1.0,148.0,,
2021-03-08,14:00,14.4,11.1,80.0,S,8.0,24.1,1011.41,1.52,0.0,1.0,113.0,,
2021-03-08,14:15,13.9,10.6,82.0,SE,12.9,27.4,1011.24,1.52,0.0,0.0,58.0,,
2021-03-08,14:30,13.1,11.1,88.0,SE,11.3,24.1,1011.41,2.29,0.76,0.0,23.0,,
2021-03-08,14:45,12.8,11.1,91.0,SE,6.4,19.3,1011.48,3.56,2.03,0.0,44.0,,
2021-03-08,15:00,12.9,11.1,91.0,SSE,17.7,19.3,1011.18,4.32,2.54,0.0,127.0,,
2021-03-08,15:15,13.1,11.7,91.0,SE,11.3,20.9,1011.14,4.32,2.54,0.0,58.0,,
2021-03-08,15:30,13.1,11.7,92.0,SE,8.0,24.1,1011.24,4.57,2.29,0.0,105.0,,
2021-03-08,15:45,13.1,11.7,91.0,ESE,16.1,19.3,1010.97,4.57,1.02,0.0,105.0,,
2021-03-08,16:00,13.1,11.7,91.0,ESE,12.9,20.9,1010.87,4.57,0.51,0.0,77.0,,
2021-03-08,16:15,13.0,11.1,91.0,SE,17.7,20.9,1010.9,4.57,0.25,0.0,62.0,,
2021-03-08,16:30,13.0,11.1,90.0,ESE,6.4,20.9,1010.8,4.57,0.0,0.0,98.0,,
2021-03-08,16:45,13.2,11.7,90.0,N,0.0,11.3,1011.14,4.57,0.0,0.0,30.0,,
2021-03-08,17:00,12.9,11.1,91.0,N,0.0,6.4,1011.11,4.57,0.0,0.0,14.0,,
2021-03-08,17:15,12.8,11.7,92.0,SE,4.8,4.8,1010.87,4.57,0.0,0.0,25.0,,
2021-03-08,17:30,12.9,11.1,91.0,SE,6.4,12.9,1010.94,4.57,0.0,0.0,79.0,,
2021-03-08,17:45,13.1,11.7,91.0,ESE,12.9,16.1,1010.9,4.83,0.25,0.0,33.0,,
2021-03-08,18:00,12.9,11.1,91.0,ESE,17.7,17.7,1011.04,4.83,0.25,0.0,25.0,,
2021-03-08,18:15,12.7,11.1,92.0,SSE,8.0,19.3,1011.24,4.83,0.25,0.0,9.0,,
2021-03-08,18:30,12.4,11.1,93.0,SE,14.5,19.3,1011.11,4.83,0.25,0.0,0.0,,
2021-03-08,18:45,12.2,11.1,93.0,SE,9.7,19.3,1011.28,4.83,0.0,0.0,0.0,,
2021-03-08,19:00,12.2,11.1,93.0,SE,8.0,17.7,1011.51,4.83,0.0,0.0,0.0,,
2021-03-08,19:15,12.2,11.1,94.0,ESE,6.4,16.1,1011.82,4.83,0.0,0.0,0.0,,
2021-03-08,19:30,12.1,11.1,94.0,SSE,6.4,16.1,1012.12,4.83,0.0,0.0,0.0,,
2021-03-08,19:45,12.1,11.1,94.0,ESE,17.7,17.7,1012.16,4.83,0.0,0.0,0.0,,
2021-03-08,20:00,12.0,11.1,94.0,SE,12.9,24.1,1012.23,4.83,0.0,0.0,0.0,,
2021-03-08,20:15,11.9,11.1,95.0,SE,12.9,20.9,1012.19,4.83,0.0,0.0,0.0,,
2021-03-08,20:30,11.9,11.1,95.0,E,11.3,20.9,1012.26,4.83,0.0,0.0,0.0,,
2021-03-08,20:45,11.9,11.1,95.0,SE,6.4,19.3,1012.02,4.83,0.0,0.0,0.0,,
2021-03-08,21:00,12.0,11.1,95.0,SE,1.6,19.3,1012.12,4.83,0.0,0.0,0.0,,
2021-03-08,21:15,12.0,11.1,95.0,SE,8.0,14.5,1012.26,4.83,0.0,0.0,0.0,,
2021-03-08,21:30,12.1,11.1,95.0,SE,6.4,14.5,1012.29,4.83,0.0,0.0,0.0,,
2021-03-08,21:45,12.1,11.1,95.0,SE,11.3,17.7,1012.16,4.83,0.0,0.0,0.0,,
2021-03-08,22:00,11.9,11.1,95.0,ESE,14.5,17.7,1012.26,4.83,0.0,0.0,0.0,,
2021-03-08,22:15,11.9,11.1,95.0,SE,8.0,17.7,1012.26,4.83,0.0,0.0,0.0,,
2021-03-08,22:30,11.9,11.1,95.0,SE,4.8,17.7,1012.39,4.83,0.0,0.0,0.0,,
2021-03-08,22:45,11.8,11.1,95.0,ESE,4.8,14.5,1012.29,4.83,0.0,0.0,0.0,,
2021-03-08,23:00,11.6,10.6,96.0,SE,8.0,19.3,1012.23,4.83,0.0,0.0,0.0,,
2021-03-08,23:15,11.6,10.6,96.0,ESE,8.0,17.7,1012.06,4.83,0.0,0.0,0.0,,
2021-03-08,23:30,11.6,10.6,96.0,SE,11.3,19.3,1012.02,4.83,0.0,0.0,0.0,,
2021-03-08,23:45,11.5,10.6,96.0,SE,14.5,19.3,1011.89,4.83,0.0,0.0,0.0,,
2021-03-08,OVR,,,,,,,,,,,,gustmax,33.8
2021-03-08,OVR,,,,,,,,,,,,rainrate_max,10.2
2021-03-08,OVR,,,,,,,,,,,,rain_total_mm,4.8
2021-03-08,OVR,,,,,,,,,,,,tmax,15.4
2021-03-08,OVR,,,,,,,,,,,,tmin,11.1
2021-03-08,OVR,,,,,,,,,,,,wind_dir_mean_deg,241
2021-03-09,00:00,11.5,10.6,95.0,SE,12.9,16.1,1011.99,0.0,0.0,0.0,0.0,,
2021-03-09,00:15,11.5,10.6,95.0,SE,8.0,12.9,1011.99,0.0,0.0,0.0,0.0,,
2021-03-09,00:30,11.5,10.6,95.0,SE,6.4,16.1,1011.75,0.0,0.0,0.0,0.0,,
2021-03-09,00:45,11.6,10.6,94.0,SE,8.0,14.5,1011.48,0.0,0.0,0.0,0.0,,
2021-03-09,01:00,11.7,10.6,93.0,SE,11.3,16.1,1011.41,0.0,0.0,0.0,0.0,,
2021-03-09,01:15,11.6,10.6,93.0,SE,11.3,17.7,1011.41,0.0,0.0,0.0,0.0,,
2021-03-09,01:30,11.6,10.6,93.0,SE,16.1,17.7,1011.41,0.0,0.0,0.0,0.0,,
2021-03-09,01:45,11.5,10.6,93.0,ESE,6.4,19.3,1011.14,0.0,0.0,0.0,0.0,,
2021-03-09,02:00,11.5,10.6,94.0,SE,11.3,16.1,1011.45,0.0,0.0,0.0,0.0,,
2021-03-09,02:15,11.6,10.6,94.0,ESE,16.1,19.3,1011.21,0.0,0.0,0.0,0.0,,
2021-03-09,02:30,11.5,10.6,95.0,SE,8.0,17.7,1011.21,0.0,0.0,0.0,0.0,,
2021-03-09,02:45,11.4,10.6,95.0,SE,11.3,14.5,1011.04,0.0,0.0,0.0,0.0,,
2021-03-09,03:00,11.4,10.6,95.0,ESE,11.3,16.1,1010.74,0.0,0.0,0.0,0.0,,
2021-03-09,03:15,11.3,10.6,95.0,ESE,9.7,14.5,1010.46,0.0,0.0,0.0,0.0,,
2021-03-09,03:30,11.3,10.0,94.0,SE,6.4,12.9,1010.63,0.0,0.0,0.0,0.0,,
2021-03-09,03:45,11.3,10.6,94.0,SE,6.4,12.9,1010.3,0.0,0.0,0.0,0.0,,
2021-03-09,04:00,11.4,10.6,95.0,SE,6.4,16.1,1009.99,0.0,0.0,0.0,0.0,,
2021-03-09,04:15,11.6,10.6,94.0,ESE,6.4,16.1,1009.96,0.0,0.0,0.0,0.0,,
2021-03-09,04:30,11.6,10.6,94.0,SE,11.3,16.1,1009.96,0.0,0.0,0.0,0.0,,
2021-03-09,04:45,11.6,10.6,94.0,SE,1.6,12.9,1009.96,0.0,0.0,0.0,0.0,,
2021-03-09,05:00,11.4,10.6,95.0,SE,4.8,11.3,1009.92,0.0,0.0,0.0,0.0,,
2021-03-09,05:15,11.0,10.0,94.0,WNW,9.7,38.6,1010.7,0.76,0.76,0.0,0.0,,
2021-03-09,05:30,9.8,8.3,93.0,N,0.0,9.7,1010.43,3.3,3.3,0.0,0.0,,
2021-03-09,05:45,9.9,8.3,92.0,N,0.0,3.2,1010.33,3.56,3.56,0.0,0.0,,
2021-03-09,06:00,9.6,8.3,93.0,N,0.0,3.2,1010.16,3.56,3.56,0.0,0.0,,
2021-03-09,06:15,9.4,8.3,94.0,NW,1.6,3.2,1010.19,3.56,2.79,0.0,0.0,,
2021-03-09,06:30,9.2,8.3,94.0,N,0.0,4.8,1010.16,3.56,0.25,0.0,0.0,,
2021-03-09,06:45,9.3,8.3,94.0,ESE,6.4,6.4,1010.23,3.56,0.0,0.0,0.0,,
2021-03-09,07:00,9.6,8.3,94.0,ESE,3.2,6.4,1010.36,3.56,0.0,0.0,9.0,,
2021-03-09,07:15,9.6,8.3,94.0,ESE,4.8,4.8,1010.43,3.56,0.0,0.0,23.0,,
2021-03-09,07:30,9.6,8.3,95.0,N,0.0,3.2,1010.36,3.56,0.0,0.0,42.0,,
2021-03-09,07:45,10.1,8.9,95.0,N,0.0,3.2,1010.46,3.56,0.0,0.0,88.0,,
2021-03-09,08:00,10.6,9.4,94.0,N,0.0,1.6,1010.74,3.56,0.0,0.0,65.0,,
2021-03-09,08:15,10.9,9.4,93.0,N,0.0,1.6,1010.94,3.56,0.0,0.0,97.0,,
2021-03-09,08:30,11.1,10.0,93.0,N,0.0,3.2,1010.97,3.56,0.0,0.0,114.0,,
2021-03-09,08:45,11.3,10.0,93.0,N,0.0,4.8,1010.97,3.56,0.0,1.0,294.0,,
2021-03-09,09:00,11.3,10.0,94.0,N,0.0,3.2,1011.11,3.56,0.0,0.0,81.0,,
2021-03-09,09:15,11.1,10.0,95.0,N,0.0,14.5,1011.45,3.56,0.0,0.0,67.0,,
2021-03-09,09:30,11.1,10.0,95.0,S,1.6,6.4,1011.41,3.56,0.0,1.0,309.0,,
2021-03-09,09:45,11.5,10.6,95.0,NW,3.2,4.8,1011.28,3.56,0.0,2.0,359.0,,
2021-03-09,10:00,11.9,10.6,93.0,W,6.4,9.7,1011.24,3.56,0.0,2.0,547.0,,
2021-03-09,10:15,12.2,10.6,91.0,W,1.6,22.5,1011.21,3.56,0.0,2.0,390.0,,
2021-03-09,10:30,11.7,10.6,92.0,WNW,12.9,27.4,1011.38,3.56,0.0,1.0,213.0,,
2021-03-09,10:45,11.5,10.6,93.0,WNW,12.9,20.9,1011.48,3.56,0.0,2.0,174.0,,
2021-03-09,11:00,12.4,11.1,93.0,WNW,9.7,19.3,1011.41,3.56,0.0,2.0,881.0,,
2021-03-09,11:15,12.4,11.1,91.0,W,16.1,24.1,1011.65,3.56,0.0,3.0,796.0,,
2021-03-09,11:30,12.3,10.0,87.0,WNW,14.5,27.4,1011.51,3.56,0.0,2.0,332.0,,
2021-03-09,11:45,12.3,10.0,87.0,WNW,12.9,25.7,1011.68,3.56,0.0,2.0,276.0,,
2021-03-09,12:00,12.4,10.0,86.0,W,11.3,29.0,1011.68,3.56,0.0,3.0,503.0,,
2021-03-09,12:15,12.6,10.0,85.0,WNW,8.0,25.7,1011.68,3.56,0.0,2.0,343.0,,
2021-03-09,12:30,12.3,10.0,85.0,WNW,20.9,38.6,1011.72,3.56,0.0,2.0,292.0,,
2021-03-09,12:45,12.4,10.0,86.0,WNW,17.7,29.0,1011.45,3.56,0.0,4.0,371.0,,
2021-03-09,13:00,12.7,9.4,83.0,WNW,17.7,30.6,1011.41,3.56,0.0,4.0,236.0,,
2021-03-09,13:15,12.9,10.0,84.0,W,27.4,30.6,1011.38,3.56,0.0,4.0,1023.0,,
2021-03-09,13:30,12.9,10.0,84.0,W,19.3,33.8,1011.11,3.56,0.0,3.0,413.0,,
2021-03-09,13:45,12.8,9.4,82.0,W,25.7,29.0,1010.94,3.56,0.0,2.0,214.0,,
2021-03-09,14:00,12.8,9.4,82.0,WNW,14.5,35.4,1010.84,3.56,0.0,3.0,381.0,,
2021-03-09,14:15,12.7,9.4,82.0,W,25.7,32.2,1010.87,3.56,0.0,3.0,357.0,,
2021-03-09,14:30,12.1,8.9,82.0,W,32.2,41.8,1010.97,3.56,0.0,1.0,190.0,,
2021-03-09,14:45,12.2,8.9,81.0,W,32.2,38.6,1011.01,3.56,0.0,1.0,167.0,,
2021-03-09,15:00,12.2,8.9,81.0,W,25.7,40.2,1011.18,3.56,0.0,1.0,148.0,,
2021-03-09,15:15,11.9,8.3,81.0,WNW,19.3,40.2,1010.97,3.56,0.0,1.0,104.0,,
2021-03-09,15:30,11.8,8.9,82.0,WNW,17.7,43.5,1011.04,3.56,0.0,1.0,181.0,,
2021-03-09,15:45,11.6,8.9,83.0,NNE,32.2,41.8,1011.04,3.56,0.0,1.0,199.0,,
2021-03-09,16:00,11.6,8.9,85.0,WNW,25.7,41.8,1011.14,3.56,0.0,1.0,193.0,,
2021-03-09,16:15,11.7,8.9,84.0,W,19.3,38.6,1011.14,3.56,0.0,1.0,311.0,,
2021-03-09,16:30,11.8,8.9,84.0,W,24.1,45.1,1011.11,3.56,0.0,0.0,162.0,,
2021-03-09,16:45,11.6,8.9,85.0,WNW,40.2,41.8,1011.14,3.56,0.0,0.0,181.0,,
2021-03-09,17:00,11.6,8.9,85.0,W,20.9,41.8,1011.24,3.56,0.0,0.0,81.0,,
2021-03-09,17:15,11.4,8.9,86.0,W,20.9,41.8,1011.38,3.56,0.0,0.0,63.0,,
2021-03-09,17:30,11.2,8.9,86.0,W,19.3,43.5,1011.34,3.56,0.0,0.0,65.0,,
2021-03-09,17:45,11.1,8.9,87.0,W,12.9,41.8,1011.55,3.56,0.0,0.0,30.0,,
2021-03-09,18:00,11.0,8.3,86.0,W,32.2,41.8,1011.68,3.56,0.0,0.0,26.0,,
2021-03-09,18:15,10.7,8.3,87.0,WNW,33.8,40.2,1011.75,3.56,0.0,0.0,7.0,,
2021-03-09,18:30,10.5,8.3,88.0,WNW,30.6,38.6,1012.06,3.56,0.0,0.0,0.0,,
2021-03-09,18:45,10.2,8.3,88.0,WNW,27.4,37.0,1012.12,3.56,0.0,0.0,0.0,,
2021-03-09,19:00,10.1,8.3,89.0,W,19.3,35.4,1012.43,3.56,0.0,0.0,0.0,,
2021-03-09,19:15,9.9,7.8,89.0,W,14.5,25.7,1012.46,3.56,0.0,0.0,0.0,,
2021-03-09,19:30,9.8,7.8,90.0,W,16.1,25.7,1012.53,3.56,0.0,0.0,0.0,,
2021-03-09,19:45,9.7,8.3,91.0,W,29.0,32.2,1012.77,3.56,0.0,0.0,0.0,,
2021-03-09,20:00,9.7,8.3,91.0,WNW,14.5,29.0,1012.8,3.56,0.0,0.0,0.0,,
2021-03-09,20:15,9.8,8.3,91.0,WNW,29.0,25.7,1012.9,3.56,0.0,0.0,0.0,,
2021-03-09,20:30,9.8,8.3,91.0,WNW,12.9,27.4,1013.24,3.56,0.0,0.0,0.0,,
2021-03-09,20:45,9.8,8.3,91.0,WNW,24.1,22.5,1013.24,3.56,0.0,0.0,0.0,,
2021-03-09,21:00,9.8,8.3,92.0,WNW,11.3,24.1,1013.24,3.56,0.0,0.0,0.0,,
2021-03-09,21:15,9.8,8.3,92.0,WNW,12.9,27.4,1013.38,3.56,0.0,0.0,0.0,,
2021-03-09,21:30,9.8,8.3,91.0,W,24.1,27.4,1013.44,3.56,0.0,0.0,0.0,,
2021-03-09,21:45,9.9,8.3,90.0,WNW,11.3,22.5,1013.55,3.56,0.0,0.0,0.0,,
2021-03-09,22:00,9.9,8.3,90.0,WNW,17.7,29.0,1013.51,3.56,0.0,0.0,0.0,,
2021-03-09,22:15,9.8,8.3,91.0,WNW,17.7,24.1,1013.61,3.56,0.0,0.0,0.0,,
2021-03-09,22:30,9.8,8.3,91.0,W,11.3,20.9,1013.92,3.56,0.0,0.0,0.0,,
2021-03-09,22:45,9.6,7.8,91.0,NW,4.8,17.7,1014.09,3.56,0.0,0.0,0.0,,
2021-03-09,23:00,9.3,7.8,91.0,WNW,4.8,8.0,1013.99,3.56,0.0,0.0,0.0,,
2021-03-09,23:15,9.7,7.8,88.0,WNW,8.0,17.7,1013.99,3.56,0.0,0.0,0.0,,
2021-03-09,23:30,9.7,7.2,86.0,NW,4.8,12.9,1014.02,3.56,0.0,0.0,0.0,,
2021-03-09,23:45,9.2,7.2,88.0,NW,3.2,8.0,1013.99,3.56,0.0,0.0,0.0,,
2021-03-09,OVR,,,,,,,,,,,,gustmax,48.3
2021-03-09,OVR,,,,,,,,,,,,rainrate_max,69.8
2021-03-09,OVR,,,,,,,,,,,,rain_total_mm,3.6
2021-03-09,OVR,,,,,,,,,,,,tmax,13.2
2021-03-09,OVR,,,,,,,,,,,,tmin,9.1
2021-03-09,OVR,,,,,,,,,,,,wind_dir_mean_deg,82
2021-03-10,00:00,9.3,7.2,86.0,NW,3.2,14.5,1013.99,0.0,0.0,0.0,0.0,,
2021-03-10,00:15,9.2,6.7,86.0,WNW,6.4,11.3,1013.99,0.0,0.0,0.0,0.0,,
2021-03-10,00:30,9.0,6.7,86.0,NW,12.9,12.9,1013.88,0.0,0.0,0.0,0.0,,
2021-03-10,00:45,9.3,6.7,84.0,NW,4.8,9.7,1013.88,0.0,0.0,0.0,0.0,,
2021-03-10,01:00,9.1,6.7,85.0,NW,3.2,6.4,1013.85,0.0,0.0,0.0,0.0,,
2021-03-10,01:15,9.4,6.7,83.0,NW,6.4,8.0,1013.88,0.0,0.0,0.0,0.0,,
2021-03-10,01:30,9.3,6.1,82.0,NW,4.8,8.0,1013.88,0.0,0.0,0.0,0.0,,
2021-03-10,01:45,9.0,6.1,83.0,NW,3.2,4.8,1014.09,0.0,0.0,0.0,0.0,,
2021-03-10,02:00,8.6,6.1,85.0,NW,3.2,3.2,1014.33,0.0,0.0,0.0,0.0,,
2021-03-10,02:15,8.3,6.1,87.0,N,0.0,4.8,1014.7,0.0,0.0,0.0,0.0,,
2021-03-10,02:30,8.1,6.7,91.0,N,0.0,1.6,1014.87,0.25,0.25,0.0,0.0,,
2021-03-10,02:45,8.3,7.2,93.0,N,0.0,3.2,1014.6,0.51,0.51,0.0,0.0,,
2021-03-10,03:00,8.3,7.2,93.0,N,0.0,3.2,1014.46,0.51,0.51,0.0,0.0,,
2021-03-10,03:15,8.2,7.2,94.0,N,0.0,4.8,1014.46,0.51,0.51,0.0,0.0,,
2021-03-10,03:30,8.0,6.7,94.0,N,0.0,1.6,1014.36,0.51,0.25,0.0,0.0,,
2021-03-10,03:45,7.8,6.7,94.0,N,0.0,3.2,1014.33,0.51,0.0,0.0,0.0,,
2021-03-10,04:00,7.8,6.7,94.0,N,0.0,4.8,1014.29,0.51,0.0,0.0,0.0,,
2021-03-10,04:15,7.8,6.7,94.0,N,0.0,3.2,1014.43,0.51,0.0,0.0,0.0,,
2021-03-10,04:30,7.9,6.7,95.0,N,0.0,3.2,1014.33,0.51,0.0,0.0,0.0,,
2021-03-10,04:45,7.8,6.7,94.0,N,0.0,6.4,1014.26,0.51,0.0,0.0,0.0,,
2021-03-10,05:00,7.8,6.7,94.0,NE,3.2,1.6,1014.49,0.51,0.0,0.0,0.0,,
2021-03-10,05:15,8.1,6.7,93.0,WNW,6.4,17.7,1014.6,0.51,0.0,0.0,0.0,,
2021-03-10,05:30,8.3,7.2,93.0,WNW,6.4,17.7,1014.7,0.51,0.0,0.0,0.0,,
2021-03-10,05:45,8.6,6.7,90.0,NW,12.9,24.1,1014.83,0.51,0.0,0.0,0.0,,
2021-03-10,06:00,8.8,6.7,86.0,WNW,14.5,27.4,1014.8,0.51,0.0,0.0,0.0,,
2021-03-10,06:15,9.1,6.1,82.0,WNW,12.9,30.6,1014.9,0.51,0.0,0.0,0.0,,
2021-03-10,06:30,9.1,6.1,83.0,W,16.1,29.0,1015.14,0.51,0.0,0.0,0.0,,
2021-03-10,06:45,8.9,6.1,83.0,W,14.5,29.0,1015.14,0.51,0.0,0.0,0.0,,
2021-03-10,07:00,8.8,5.6,82.0,WNW,14.5,32.2,1015.34,0.51,0.0,0.0,21.0,,
2021-03-10,07:15,8.8,5.6,81.0,NW,12.9,29.0,1015.41,0.51,0.0,0.0,44.0,,
2021-03-10,07:30,8.8,5.6,81.0,WNW,16.1,32.2,1015.65,0.51,0.0,0.0,51.0,,
2021-03-10,07:45,8.7,5.0,80.0,WNW,16.1,35.4,1015.71,0.51,0.0,0.0,81.0,,
2021-03-10,08:00,8.7,5.6,80.0,W,9.7,16.1,1015.95,0.51,0.0,0.0,90.0,,
2021-03-10,08:15,8.7,5.6,80.0,WNW,3.2,17.7,1016.12,0.51,0.0,0.0,116.0,,
2021-03-10,08:30,8.8,5.6,80.0,W,11.3,22.5,1016.15,0.51,0.0,1.0,325.0,,
2021-03-10,08:45,9.4,6.1,80.0,WNW,11.3,16.1,1016.46,0.51,0.0,1.0,471.0,,
2021-03-10,09:00,9.7,6.1,78.0,WNW,6.4,14.5,1016.59,0.51,0.0,1.0,429.0,,
2021-03-10,09:15,10.0,6.7,80.0,W,6.4,20.9,1016.73,0.51,0.0,1.0,557.0,,
2021-03-10,09:30,10.3,6.7,80.0,WNW,4.8,17.7,1016.86,0.51,0.0,1.0,216.0,,
2021-03-10,09:45,10.6,7.2,81.0,W,6.4,22.5,1016.86,0.51,0.0,1.0,176.0,,
2021-03-10,10:00,10.7,7.2,79.0,W,16.1,35.4,1017.03,0.51,0.0,1.0,199.0,,
2021-03-10,10:15,10.8,7.2,78.0,WNW,17.7,37.0,1017.14,0.51,0.0,1.0,271.0,,
2021-03-10,10:30,11.2,7.2,78.0,WNW,19.3,38.6,1017.24,0.51,0.0,1.0,132.0,,
2021-03-10,10:45,11.1,7.2,79.0,NNE,14.5,30.6,1017.41,0.51,0.0,2.0,260.0,,
2021-03-10,11:00,11.3,7.2,78.0,W,17.7,33.8,1017.41,0.51,0.0,2.0,251.0,,
2021-03-10,11:15,11.5,7.2,76.0,WNW,20.9,32.2,1017.41,0.51,0.0,3.0,789.0,,
2021-03-10,11:30,11.7,7.2,74.0,WNW,22.5,37.0,1017.51,0.51,0.0,4.0,763.0,,
2021-03-10,11:45,11.5,7.2,76.0,WNW,20.9,40.2,1017.54,0.51,0.0,3.0,248.0,,
2021-03-10,12:00,11.9,7.8,75.0,WNW,20.9,41.8,1017.58,0.51,0.0,2.0,301.0,,
2021-03-10,12:15,12.3,7.8,76.0,W,17.7,38.6,1017.58,0.51,0.0,4.0,782.0,,
2021-03-10,12:30,12.5,7.8,74.0,WNW,33.8,37.0,1017.64,0.51,0.0,4.0,846.0,,
2021-03-10,12:45,12.4,8.3,77.0,WNW,17.7,40.2,1017.54,0.51,0.0,4.0,856.0,,
2021-03-10,13:00,12.7,8.3,75.0,W,17.7,38.6,1017.31,0.51,0.0,4.0,772.0,,
2021-03-10,13:15,13.0,7.8,70.0,W,6.4,38.6,1017.37,0.51,0.0,4.0,768.0,,
2021-03-10,13:30,13.4,7.2,68.0,WNW,17.7,40.2,1017.14,0.51,0.0,4.0,868.0,,
2021-03-10,13:45,12.8,7.2,68.0,WNW,32.2,43.5,1017.51,0.51,0.0,1.0,171.0,,
2021-03-10,14:00,11.7,6.7,71.0,NW,25.7,54.7,1018.05,0.51,0.0,0.0,70.0,,
2021-03-10,14:15,9.9,6.1,79.0,WNW,6.4,30.6,1017.81,0.51,0.0,2.0,297.0,,
2021-03-10,14:30,10.8,7.2,80.0,NNW,3.2,12.9,1017.64,0.51,0.0,2.0,192.0,,
2021-03-10,14:45,11.9,7.8,77.0,W,12.9,22.5,1017.51,0.51,0.0,2.0,728.0,,
2021-03-10,15:00,12.9,7.8,72.0,W,30.6,32.2,1017.44,0.51,0.0,1.0,744.0,,
2021-03-10,15:15,13.3,7.8,70.0,WNW,17.7,25.7,1017.61,0.51,0.0,2.0,703.0,,
2021-03-10,15:30,13.1,7.2,69.0,W,32.2,49.9,1017.68,0.51,0.0,2.0,645.0,,
2021-03-10,15:45,12.9,7.8,71.0,W,22.5,46.7,1017.58,0.51,0.0,1.0,475.0,,
2021-03-10,16:00,12.9,7.2,69.0,WNW,29.0,43.5,1017.68,0.51,0.0,1.0,454.0,,
2021-03-10,16:15,12.8,7.8,72.0,WNW,27.4,51.5,1017.88,0.51,0.0,1.0,220.0,,
2021-03-10,16:30,12.4,7.2,71.0,W,17.7,38.6,1018.02,0.51,0.0,1.0,91.0,,
2021-03-10,16:45,12.2,7.2,71.0,W,29.0,43.5,1018.29,0.51,0.0,0.0,67.0,,
2021-03-10,17:00,12.1,7.2,72.0,WNW,19.3,45.1,1018.42,0.51,0.0,0.0,58.0,,
2021-03-10,17:15,11.9,7.2,74.0,W,27.4,27.4,1018.73,0.51,0.0,0.0,62.0,,
2021-03-10,17:30,11.6,6.7,74.0,N,19.3,35.4,1018.93,0.51,0.0,0.0,39.0,,
2021-03-10,17:45,11.3,6.7,75.0,WNW,16.1,24.1,1018.96,0.51,0.0,0.0,28.0,,
2021-03-10,18:00,11.1,6.7,74.0,WNW,17.7,29.0,1019.1,0.51,0.0,0.0,21.0,,
2021-03-10,18:15,10.7,6.7,76.0,W,14.5,25.7,1019.34,0.51,0.0,0.0,11.0,,
2021-03-10,18:30,10.4,6.1,77.0,W,19.3,25.7,1019.54,0.51,0.0,0.0,0.0,,
2021-03-10,18:45,10.1,6.1,78.0,W,17.7,16.1,1019.88,0.51,0.0,0.0,0.0,,
2021-03-10,19:00,9.8,6.1,79.0,WNW,4.8,17.7,1020.08,0.51,0.0,0.0,0.0,,
2021-03-10,19:15,9.7,6.1,80.0,W,12.9,24.1,1020.42,0.51,0.0,0.0,0.0,,
2021-03-10,19:30,9.7,6.7,81.0,W,11.3,25.7,1020.49,0.51,0.0,0.0,0.0,,
2021-03-10,19:45,9.7,6.7,82.0,W,12.9,27.4,1020.62,0.51,0.0,0.0,0.0,,
2021-03-10,20:00,9.5,6.7,83.0,NW,1.6,19.3,1021.2,0.51,0.0,0.0,0.0,,
2021-03-10,20:15,9.4,6.7,84.0,WNW,11.3,20.9,1021.4,0.51,0.0,0.0,0.0,,
2021-03-10,20:30,9.3,6.7,83.0,WNW,8.0,16.1,1021.54,0.51,0.0,0.0,0.0,,
2021-03-10,20:45,9.4,6.7,83.0,WNW,19.3,24.1,1021.47,0.51,0.0,0.0,0.0,,
2021-03-10,21:00,9.5,6.7,82.0,WNW,12.9,22.5,1021.84,0.51,0.0,0.0,0.0,,
2021-03-10,21:15,9.2,6.1,83.0,WNW,8.0,19.3,1021.94,0.51,0.0,0.0,0.0,,
2021-03-10,21:30,9.2,6.1,83.0,WNW,12.9,19.3,1022.25,0.51,0.0,0.0,0.0,,
2021-03-10,21:45,8.4,6.1,87.0,N,0.0,11.3,1022.45,0.51,0.0,0.0,0.0,,
2021-03-10,22:00,8.8,6.7,87.0,WNW,8.0,17.7,1022.35,0.51,0.0,0.0,0.0,,
2021-03-10,22:15,8.8,6.7,86.0,WNW,6.4,20.9,1022.69,0.51,0.0,0.0,0.0,,
2021-03-10,22:30,8.4,5.6,85.0,N,0.0,11.3,1022.72,0.51,0.0,0.0,0.0,,
2021-03-10,22:45,8.2,5.6,85.0,WNW,3.2,6.4,1022.79,0.51,0.0,0.0,0.0,,
2021-03-10,23:00,7.9,5.0,84.0,N,0.0,6.4,1022.79,0.51,0.0,0.0,0.0,,
2021-03-10,23:15,7.9,5.0,83.0,WNW,8.0,17.7,1022.89,0.51,0.0,0.0,0.0,,
2021-03-10,23:30,8.3,5.0,81.0,WNW,8.0,16.1,1022.96,0.51,0.0,0.0,0.0,,
2021-03-10,23:45,7.4,4.4,82.0,N,0.0,8.0,1022.89,0.51,0.0,0.0,0.0,,
2021-03-10,OVR,,,,,,,,,,,,gustmax,54.7
2021-03-10,OVR,,,,,,,,,,,,rainrate_max,2.6
2021-03-10,OVR,,,,,,,,,,,,rain_total_mm,0.6
2021-03-10,OVR,,,,,,,,,,,,tmax,13.5
2021-03-10,OVR,,,,,,,,,,,,tmin,6.8
2021-03-10,OVR,,,,,,,,,,,,wind_dir_mean_deg,72
2021-03-11,00:00,6.9,4.4,84.0,N,0.0,3.2,1022.96,0.0,0.0,0.0,0.0,,
2021-03-11,00:15,7.2,4.4,84.0,N,0.0,3.2,1022.89,0.0,0.0,0.0,0.0,,
2021-03-11,00:30,6.8,4.4,85.0,N,0.0,4.8,1022.96,0.0,0.0,0.0,0.0,,
2021-03-11,00:45,8.3,4.4,78.0,WNW,11.3,16.1,1023.1,0.0,0.0,0.0,0.0,,
2021-03-11,01:00,8.2,4.4,77.0,WNW,4.8,12.9,1023.23,0.0,0.0,0.0,0.0,,
2021-03-11,01:15,7.8,3.9,79.0,WNW,3.2,8.0,1023.3,0.0,0.0,0.0,0.0,,
2021-03-11,01:30,7.6,3.9,80.0,NW,1.6,6.4,1023.43,0.0,0.0,0.0,0.0,,
2021-03-11,01:45,7.4,4.4,81.0,N,0.0,6.4,1023.4,0.0,0.0,0.0,0.0,,
2021-03-11,02:00,7.0,3.9,82.0,NW,3.2,4.8,1023.47,0.0,0.0,0.0,0.0,,
2021-03-11,02:15,7.1,4.4,83.0,NW,1.6,4.8,1023.57,0.0,0.0,0.0,0.0,,
2021-03-11,02:30,7.7,5.0,83.0,NW,1.6,6.4,1023.6,0.0,0.0,0.0,0.0,,
2021-03-11,02:45,7.4,4.4,83.0,N,0.0,6.4,1023.43,0.0,0.0,0.0,0.0,,
2021-03-11,03:00,7.3,4.4,84.0,NNW,1.6,8.0,1023.3,0.0,0.0,0.0,0.0,,
2021-03-11,03:15,7.4,4.4,84.0,NNW,4.8,4.8,1023.2,0.0,0.0,0.0,0.0,,
2021-03-11,03:30,7.1,4.4,84.0,N,0.0,4.8,1023.06,0.0,0.0,0.0,0.0,,
2021-03-11,03:45,6.7,4.4,85.0,N,0.0,3.2,1023.16,0.0,0.0,0.0,0.0,,
2021-03-11,04:00,6.8,4.4,85.0,NNW,3.2,3.2,1023.06,0.0,0.0,0.0,0.0,,
2021-03-11,04:15,6.6,4.4,86.0,NNW,1.6,4.8,1023.1,0.0,0.0,0.0,0.0,,
2021-03-11,04:30,6.8,4.4,86.0,NNW,1.6,6.4,1023.16,0.0,0.0,0.0,0.0,,
2021-03-11,04:45,6.9,4.4,86.0,NNW,3.2,6.4,1023.2,0.0,0.0,0.0,0.0,,
2021-03-11,05:00,6.6,4.4,86.0,NNW,1.6,4.8,1023.33,0.0,0.0,0.0,0.0,,
2021-03-11,05:15,6.1,3.9,87.0,NNW,1.6,4.8,1023.37,0.0,0.0,0.0,0.0,,
2021-03-11,05:30,6.6,4.4,87.0,N,0.0,6.4,1023.67,0.0,0.0,0.0,0.0,,
2021-03-11,05:45,6.4,3.9,86.0,N,0.0,4.8,1023.71,0.0,0.0,0.0,0.0,,
2021-03-11,06:00,6.2,4.4,88.0,N,0.0,3.2,1023.74,0.0,0.0,0.0,0.0,,
2021-03-11,06:15,6.8,4.4,88.0,WNW,1.6,6.4,1023.91,0.0,0.0,0.0,0.0,,
2021-03-11,06:30,6.5,4.4,87.0,NW,3.2,8.0,1024.08,0.0,0.0,0.0,0.0,,
2021-03-11,06:45,5.7,3.3,87.0,N,0.0,4.8,1024.28,0.0,0.0,0.0,0.0,,
2021-03-11,07:00,6.6,4.4,88.0,WNW,6.4,4.8,1024.45,0.0,0.0,0.0,16.0,,
2021-03-11,07:15,6.6,4.4,88.0,NW,3.2,1.6,1024.52,0.0,0.0,0.0,54.0,,
2021-03-11,07:30,7.2,5.0,86.0,WNW,4.8,8.0,1024.52,0.0,0.0,0.0,63.0,,
2021-03-11,07:45,7.7,5.0,85.0,NW,3.2,8.0,1024.48,0.0,0.0,0.0,135.0,,
2021-03-11,08:00,8.2,5.6,84.0,NW,3.2,6.4,1024.76,0.0,0.0,0.0,178.0,,
2021-03-11,08:15,9.0,5.6,81.0,NW,3.2,6.4,1024.79,0.0,0.0,1.0,237.0,,
2021-03-11,08:30,9.3,6.1,80.0,NW,8.0,8.0,1025.06,0.0,0.0,1.0,316.0,,
2021-03-11,08:45,9.4,5.6,79.0,WNW,4.8,6.4,1025.3,0.0,0.0,1.0,364.0,,
2021-03-11,09:00,9.9,6.1,79.0,NW,4.8,4.8,1025.5,0.0,0.0,1.0,417.0,,
2021-03-11,09:15,10.3,6.1,76.0,NNW,3.2,8.0,1025.77,0.0,0.0,2.0,462.0,,
2021-03-11,09:30,10.7,6.7,76.0,NW,1.6,11.3,1026.04,0.0,0.0,2.0,589.0,,
2021-03-11,09:45,10.8,6.7,75.0,WNW,6.4,17.7,1026.21,0.0,0.0,2.0,190.0,,
2021-03-11,10:00,11.1,6.7,75.0,WNW,8.0,17.7,1026.14,0.0,0.0,2.0,223.0,,
2021-03-11,10:30,11.6,7.2,76.0,WNW,6.4,19.3,1026.35,0.0,0.0,3.0,673.0,,
2021-03-11,10:45,11.9,7.2,75.0,WNW,4.8,24.1,1026.38,0.0,0.0,4.0,856.0,,
2021-03-11,11:00,12.1,7.8,75.0,WNW,6.4,24.1,1026.38,0.0,0.0,2.0,775.0,,
2021-03-11,11:15,12.7,8.3,75.0,W,16.1,32.2,1026.31,0.0,0.0,4.0,793.0,,
2021-03-11,11:30,12.9,7.8,72.0,WNW,12.9,30.6,1026.41,0.0,0.0,2.0,911.0,,
2021-03-11,11:45,13.0,7.2,68.0,W,14.5,40.2,1026.31,0.0,0.0,2.0,165.0,,
2021-03-11,12:00,13.1,6.7,66.0,WNW,22.5,41.8,1026.08,0.0,0.0,4.0,842.0,,
2021-03-11,12:15,13.2,6.1,63.0,W,17.7,33.8,1026.25,0.0,0.0,5.0,823.0,,
2021-03-11,12:30,13.3,6.1,61.0,WNW,19.3,38.6,1026.14,0.0,0.0,5.0,802.0,,
2021-03-11,12:45,12.9,6.1,64.0,W,16.1,37.0,1026.04,0.0,0.0,5.0,879.0,,
2021-03-11,13:00,13.5,6.7,65.0,WNW,14.5,37.0,1025.94,0.0,0.0,3.0,272.0,,
2021-03-11,13:15,13.0,7.2,68.0,W,22.5,35.4,1025.8,0.0,0.0,2.0,148.0,,
2021-03-11,13:30,13.5,7.2,65.0,W,24.1,29.0,1025.64,0.0,0.0,3.0,237.0,,
2021-03-11,13:45,13.1,6.7,66.0,W,19.3,30.6,1025.53,0.0,0.0,4.0,789.0,,
2021-03-11,14:00,13.4,6.7,65.0,NW,20.9,35.4,1025.33,0.0,0.0,4.0,888.0,,
2021-03-11,14:15,13.4,7.2,68.0,WNW,20.9,32.2,1025.33,0.0,0.0,2.0,207.0,,
2021-03-11,14:30,13.1,7.8,71.0,WNW,14.5,29.0,1025.23,0.0,0.0,1.0,216.0,,
2021-03-11,14:45,13.5,8.3,71.0,W,24.1,27.4,1025.03,0.0,0.0,2.0,823.0,,
2021-03-11,15:00,14.1,7.8,66.0,WNW,19.3,29.0,1024.99,0.0,0.0,2.0,751.0,,
2021-03-11,15:15,13.2,7.2,67.0,WNW,20.9,24.1,1024.96,0.0,0.0,2.0,220.0,,
2021-03-11,15:30,13.1,7.8,71.0,WNW,11.3,22.5,1025.16,0.0,0.0,1.0,144.0,,
2021-03-11,15:45,13.3,7.8,70.0,W,19.3,37.0,1025.03,0.0,0.0,1.0,148.0,,
2021-03-11,16:00,13.1,7.8,72.0,W,9.7,24.1,1025.13,0.0,0.0,1.0,155.0,,
2021-03-11,16:15,13.6,7.8,68.0,WNW,12.9,24.1,1025.03,0.0,0.0,1.0,151.0,,
2021-03-11,16:30,13.3,7.8,69.0,WNW,4.8,25.7,1025.03,0.0,0.0,1.0,111.0,,
2021-03-11,16:45,12.9,7.8,71.0,WNW,19.3,37.0,1024.89,0.0,0.0,0.0,118.0,,
2021-03-11,17:00,13.0,7.8,72.0,W,11.3,27.4,1024.92,0.0,0.0,0.0,76.0,,
2021-03-11,17:15,12.7,7.8,73.0,W,16.1,27.4,1024.82,0.0,0.0,0.0,93.0,,
2021-03-11,17:30,12.3,7.8,75.0,WSW,8.0,25.7,1025.13,0.0,0.0,0.0,39.0,,
2021-03-11,17:45,12.1,7.8,76.0,W,19.3,29.0,1024.89,0.0,0.0,0.0,25.0,,
2021-03-11,18:00,11.7,7.8,78.0,W,11.3,16.1,1024.89,0.0,0.0,0.0,16.0,,
2021-03-11,18:15,11.5,7.8,80.0,WNW,6.4,19.3,1024.92,0.0,0.0,0.0,7.0,,
2021-03-11,18:30,11.2,7.8,81.0,WNW,1.6,12.9,1025.06,0.0,0.0,0.0,0.0,,
2021-03-11,18:45,10.3,7.8,84.0,N,0.0,6.4,1024.99,0.0,0.0,0.0,0.0,,
2021-03-11,19:00,10.6,7.8,85.0,WNW,4.8,9.7,1025.16,0.0,0.0,0.0,0.0,,
2021-03-11,19:15,10.4,7.8,85.0,WNW,3.2,11.3,1025.16,0.0,0.0,0.0,0.0,,
2021-03-11,19:30,10.5,7.8,85.0,WNW,4.8,11.3,1025.23,0.0,0.0,0.0,0.0,,
2021-03-11,19:45,10.1,7.8,86.0,N,0.0,9.7,1025.2,0.0,0.0,0.0,0.0,,
2021-03-11,20:00,9.4,7.2,88.0,N,0.0,3.2,1025.26,0.0,0.0,0.0,0.0,,
2021-03-11,20:15,9.8,7.8,89.0,N,0.0,1.6,1025.3,0.0,0.0,0.0,0.0,,
2021-03-11,20:30,10.2,8.3,88.0,N,0.0,0.0,1024.96,0.0,0.0,0.0,0.0,,
2021-03-11,20:45,9.7,7.8,89.0,N,0.0,3.2,1024.79,0.0,0.0,0.0,0.0,,
2021-03-11,21:00,9.6,7.8,90.0,WSW,1.6,3.2,1024.69,0.0,0.0,0.0,0.0,,
2021-03-11,21:15,9.4,7.8,90.0,SSW,3.2,3.2,1024.72,0.0,0.0,0.0,0.0,,
2021-03-11,21:30,9.3,7.8,91.0,N,0.0,3.2,1024.76,0.0,0.0,0.0,0.0,,
2021-03-11,21:45,9.6,7.8,89.0,N,0.0,1.6,1024.79,0.0,0.0,0.0,0.0,,
2021-03-11,22:00,9.4,7.8,90.0,S,1.6,3.2,1024.79,0.0,0.0,0.0,0.0,,
2021-03-11,22:15,9.8,7.8,89.0,N,0.0,1.6,1024.82,0.0,0.0,0.0,0.0,,
2021-03-11,22:30,9.8,7.8,90.0,N,0.0,1.6,1024.89,0.0,0.0,0.0,0.0,,
2021-03-11,22:45,9.8,7.8,90.0,S,1.6,3.2,1024.72,0.0,0.0,0.0,0.0,,
2021-03-11,23:00,10.0,8.3,89.0,N,0.0,3.2,1024.65,0.0,0.0,0.0,0.0,,
2021-03-11,23:15,9.9,7.8,89.0,N,0.0,1.6,1024.55,0.0,0.0,0.0,0.0,,
2021-03-11,23:30,9.9,7.8,89.0,N,0.0,3.2,1024.55,0.0,0.0,0.0,0.0,,
2021-03-11,23:45,9.7,7.8,89.0,N,0.0,1.6,1024.55,0.0,0.0,0.0,0.0,,
2021-03-11,OVR,,,,,,,,,,,,gustmax,41.8
2021-03-11,OVR,,,,,,,,,,,,rainrate_max,0
2021-03-11,OVR,,,,,,,,,,,,rain_total_mm,0
2021-03-11,OVR,,,,,,,,,,,,tmax,14.1
2021-03-11,OVR,,,,,,,,,,,,tmin,5.7
2021-03-11,OVR,,,,,,,,,,,,wind_dir_mean_deg,74
2021-03-12,00:00,9.8,7.8,88.0,N,0.0,1.6,1024.38,0.0,0.0,0.0,0.0,,
2021-03-12,00:15,9.6,7.8,89.0,N,0.0,3.2,1024.25,0.0,0.0,0.0,0.0,,
2021-03-12,00:30,8.8,7.2,90.0,S,1.6,3.2,1024.08,0.0,0.0,0.0,0.0,,
2021-03-12,00:45,9.2,7.8,90.0,N,0.0,3.2,1023.87,0.0,0.0,0.0,0.0,,
2021-03-12,01:00,9.1,7.8,91.0,S,3.2,1.6,1023.71,0.0,0.0,0.0,0.0,,
2021-03-12,01:15,8.8,7.2,91.0,N,0.0,1.6,1023.5,0.0,0.0,0.0,0.0,,
2021-03-12,01:30,8.9,7.8,92.0,N,0.0,1.6,1023.5,0.0,0.0,0.0,0.0,,
2021-03-12,01:45,8.8,7.2,92.0,N,0.0,1.6,1023.33,0.0,0.0,0.0,0.0,,
2021-03-12,02:00,8.6,7.2,92.0,S,1.6,1.6,1023.3,0.0,0.0,0.0,0.0,,
2021-03-12,02:15,8.5,7.2,92.0,S,1.6,3.2,1023.03,0.0,0.0,0.0,0.0,,
2021-03-12,02:30,8.1,6.7,92.0,S,1.6,3.2,1022.96,0.0,0.0,0.0,0.0,,
2021-03-12,02:45,8.3,6.7,92.0,S,1.6,3.2,1022.52,0.0,0.0,0.0,0.0,,
2021-03-12,03:00,8.3,7.2,92.0,S,3.2,3.2,1022.38,0.0,0.0,0.0,0.0,,
2021-03-12,03:15,8.3,7.2,93.0,S,1.6,3.2,1022.28,0.0,0.0,0.0,0.0,,
2021-03-12,03:30,8.6,7.2,92.0,S,3.2,3.2,1022.11,0.0,0.0,0.0,0.0,,
2021-03-12,03:45,9.1,7.2,91.0,N,0.0,4.8,1021.88,0.0,0.0,0.0,0.0,,
2021-03-12,04:00,8.8,7.2,91.0,W,1.6,3.2,1021.67,0.0,0.0,0.0,0.0,,
2021-03-12,04:15,8.2,6.7,92.0,W,1.6,1.6,1021.64,0.0,0.0,0.0,0.0,,
2021-03-12,04:30,8.2,6.7,93.0,N,0.0,3.2,1021.5,0.0,0.0,0.0,0.0,,
2021-03-12,04:45,8.5,7.2,93.0,W,3.2,3.2,1021.47,0.0,0.0,0.0,0.0,,
2021-03-12,05:00,8.8,7.8,93.0,W,3.2,3.2,1021.37,0.0,0.0,0.0,0.0,,
2021-03-12,05:15,9.1,7.8,91.0,SSE,1.6,6.4,1021.23,0.0,0.0,0.0,0.0,,
2021-03-12,05:30,8.7,7.2,91.0,SSE,3.2,6.4,1021.1,0.0,0.0,0.0,0.0,,
2021-03-12,05:45,8.5,7.2,92.0,SSE,1.6,6.4,1021.06,0.0,0.0,0.0,0.0,,
2021-03-12,06:00,8.7,7.2,93.0,SSE,1.6,1.6,1021.2,0.0,0.0,0.0,0.0,,
2021-03-12,06:15,9.0,7.8,91.0,SSE,1.6,1.6,1021.3,0.0,0.0,0.0,0.0,,
2021-03-12,06:30,8.9,7.2,92.0,SSE,1.6,1.6,1021.44,0.0,0.0,0.0,0.0,,
2021-03-12,06:45,9.1,7.8,91.0,SSE,1.6,1.6,1021.2,0.0,0.0,0.0,0.0,,
2021-03-12,07:00,8.7,7.2,92.0,SSE,3.2,3.2,1021.13,0.0,0.0,0.0,16.0,,
2021-03-12,07:15,8.8,7.2,92.0,SSE,3.2,6.4,1021.27,0.0,0.0,0.0,58.0,,
2021-03-12,07:30,9.5,7.8,91.0,SSE,3.2,6.4,1021.06,0.0,0.0,0.0,76.0,,
2021-03-12,07:45,9.9,8.3,90.0,SSE,6.4,8.0,1021.13,0.0,0.0,0.0,88.0,,
2021-03-12,08:00,10.4,8.3,89.0,SSE,1.6,1.6,1021.2,0.0,0.0,0.0,95.0,,
2021-03-12,08:15,10.6,8.9,89.0,SSE,1.6,1.6,1021.3,0.0,0.0,0.0,105.0,,
2021-03-12,08:30,10.7,8.9,88.0,WSW,1.6,6.4,1021.3,0.0,0.0,1.0,151.0,,
2021-03-12,08:45,10.8,8.3,87.0,WSW,1.6,3.2,1021.5,0.0,0.0,1.0,151.0,,
2021-03-12,09:00,11.3,8.9,87.0,N,0.0,3.2,1021.64,0.0,0.0,1.0,165.0,,
2021-03-12,09:15,11.6,9.4,87.0,N,0.0,4.8,1021.71,0.0,0.0,1.0,232.0,,
2021-03-12,09:30,12.1,9.4,85.0,SW,1.6,9.7,1021.61,0.0,0.0,2.0,255.0,,
2021-03-12,09:45,12.2,9.4,84.0,SSW,3.2,8.0,1021.57,0.0,0.0,2.0,276.0,,
2021-03-12,10:00,12.6,9.4,83.0,SSW,1.6,16.1,1021.67,0.0,0.0,2.0,255.0,,
2021-03-12,10:15,13.1,10.0,81.0,N,0.0,9.7,1021.67,0.0,0.0,3.0,346.0,,
2021-03-12,10:30,13.1,10.0,82.0,SSW,4.8,14.5,1021.64,0.0,0.0,4.0,793.0,,
2021-03-12,10:45,13.5,10.0,80.0,N,0.0,9.7,1021.47,0.0,0.0,3.0,401.0,,
2021-03-12,11:00,13.3,10.0,80.0,WNW,8.0,20.9,1021.47,0.0,0.0,2.0,429.0,,
2021-03-12,11:15,13.5,9.4,79.0,W,14.5,22.5,1021.33,0.0,0.0,2.0,181.0,,
2021-03-12,11:30,13.7,9.4,78.0,WNW,11.3,20.9,1021.37,0.0,0.0,3.0,230.0,,
2021-03-12,11:45,13.6,10.0,78.0,SSW,1.6,19.3,1021.2,0.0,0.0,2.0,251.0,,
2021-03-12,12:00,14.2,10.0,78.0,SSW,4.8,14.5,1021.1,0.0,0.0,5.0,831.0,,
2021-03-12,12:15,14.2,10.0,75.0,W,3.2,24.1,1020.69,0.0,0.0,2.0,260.0,,
2021-03-12,12:30,14.3,10.0,76.0,W,17.7,27.4,1020.62,0.0,0.0,5.0,232.0,,
2021-03-12,12:45,14.9,10.6,75.0,W,3.2,27.4,1020.56,0.0,0.0,5.0,1046.0,,
2021-03-12,13:00,15.0,10.0,74.0,W,12.9,29.0,1020.35,0.0,0.0,3.0,970.0,,
2021-03-12,13:15,14.8,10.6,76.0,WNW,12.9,30.6,1019.84,0.0,0.0,5.0,923.0,,
2021-03-12,13:30,14.8,10.0,73.0,WNW,14.5,27.4,1019.57,0.0,0.0,4.0,867.0,,
2021-03-12,13:45,14.9,10.0,73.0,WNW,14.5,24.1,1019.37,0.0,0.0,3.0,315.0,,
2021-03-12,14:00,14.9,10.0,74.0,WNW,14.5,25.7,1019.4,0.0,0.0,2.0,290.0,,
2021-03-12,14:15,15.2,10.0,72.0,W,12.9,35.4,1019.17,0.0,0.0,4.0,766.0,,
2021-03-12,14:30,14.9,9.4,71.0,W,17.7,32.2,1019.07,0.0,0.0,2.0,320.0,,
2021-03-12,14:45,15.1,10.0,73.0,S,3.2,27.4,1018.46,0.0,0.0,3.0,679.0,,
2021-03-12,15:00,14.9,9.4,71.0,WNW,9.7,29.0,1018.42,0.0,0.0,3.0,610.0,,
2021-03-12,15:15,14.9,10.0,73.0,W,12.9,24.1,1018.42,0.0,0.0,3.0,213.0,,
2021-03-12,15:30,15.1,10.0,71.0,NW,9.7,29.0,1018.56,0.0,0.0,2.0,513.0,,
2021-03-12,15:45,14.6,10.0,73.0,W,20.9,25.7,1018.52,0.0,0.0,2.0,178.0,,
2021-03-12,16:00,14.4,9.4,74.0,W,19.3,24.1,1018.63,0.0,0.0,1.0,213.0,,
2021-03-12,16:15,14.4,10.0,74.0,WNW,19.3,35.4,1018.46,0.0,0.0,1.0,209.0,,
2021-03-12,16:30,14.2,10.0,78.0,W,19.3,32.2,1018.39,0.0,0.0,1.0,197.0,,
2021-03-12,16:45,13.9,9.4,76.0,W,19.3,27.4,1018.52,0.0,0.0,0.0,137.0,,
2021-03-12,17:00,13.8,10.0,79.0,W,9.7,22.5,1018.73,0.0,0.0,0.0,120.0,,
2021-03-12,17:15,13.5,10.0,80.0,W,17.7,27.4,1018.63,0.0,0.0,0.0,69.0,,
2021-03-12,17:30,13.2,10.0,82.0,WNW,14.5,29.0,1018.86,0.0,0.0,0.0,49.0,,
2021-03-12,17:45,13.0,10.0,83.0,W,9.7,27.4,1018.66,0.0,0.0,0.0,58.0,,
2021-03-12,18:00,12.9,10.0,84.0,W,1.6,14.5,1018.52,0.0,0.0,0.0,26.0,,
2021-03-12,18:15,12.7,10.0,84.0,WNW,12.9,17.7,1018.73,0.0,0.0,0.0,14.0,,
2021-03-12,18:30,12.3,10.0,86.0,NW,6.4,12.9,1018.76,0.0,0.0,0.0,0.0,,
2021-03-12,18:45,11.9,9.4,86.0,N,0.0,6.4,1018.59,0.0,0.0,0.0,0.0,,
2021-03-12,19:00,11.1,9.4,89.0,NW,1.6,1.6,1018.63,0.0,0.0,0.0,0.0,,
2021-03-12,19:15,10.8,8.9,90.0,NW,1.6,3.2,1018.9,0.0,0.0,0.0,0.0,,
2021-03-12,19:30,11.1,9.4,90.0,N,0.0,1.6,1018.9,0.0,0.0,0.0,0.0,,
2021-03-12,19:45,11.6,10.0,89.0,NW,1.6,4.8,1018.96,0.0,0.0,0.0,0.0,,
2021-03-12,20:00,11.9,10.0,89.0,NW,1.6,8.0,1019.07,0.0,0.0,0.0,0.0,,
2021-03-12,20:15,11.8,10.0,89.0,WNW,3.2,8.0,1019.13,0.0,0.0,0.0,0.0,,
2021-03-12,20:30,11.1,9.4,90.0,N,0.0,1.6,1019.24,0.0,0.0,0.0,0.0,,
2021-03-12,20:45,11.5,10.0,92.0,WNW,4.8,14.5,1018.9,0.0,0.0,0.0,0.0,,
2021-03-12,21:00,11.6,10.0,91.0,N,0.0,11.3,1019.0,0.0,0.0,0.0,0.0,,
2021-03-12,21:15,11.1,9.4,92.0,N,0.0,4.8,1018.83,0.0,0.0,0.0,0.0,,
2021-03-12,21:30,10.9,9.4,93.0,N,0.0,1.6,1019.1,0.0,0.0,0.0,0.0,,
2021-03-12,21:45,10.6,9.4,93.0,N,0.0,3.2,1018.9,0.0,0.0,0.0,0.0,,
2021-03-12,22:00,10.9,9.4,93.0,WNW,3.2,9.7,1019.0,0.0,0.0,0.0,0.0,,
2021-03-12,22:15,11.2,10.0,93.0,N,0.0,12.9,1018.93,0.0,0.0,0.0,0.0,,
2021-03-12,22:30,11.0,10.0,93.0,N,0.0,0.0,1018.86,0.0,0.0,0.0,0.0,,
2021-03-12,22:45,11.2,10.0,94.0,N,0.0,1.6,1018.93,0.0,0.0,0.0,0.0,,
2021-03-12,23:00,11.3,10.0,94.0,WNW,1.6,4.8,1019.03,0.0,0.0,0.0,0.0,,
2021-03-12,23:15,11.4,10.0,93.0,WNW,1.6,6.4,1018.86,0.0,0.0,0.0,0.0,,
2021-03-12,23:30,11.5,10.6,94.0,W,14.5,16.1,1018.83,0.0,0.0,0.0,0.0,,
2021-03-12,23:45,11.5,10.6,94.0,W,16.1,22.5,1018.76,0.0,0.0,0.0,0.0,,
2021-03-12,OVR,,,,,,,,,,,,gustmax,35.4
2021-03-12,OVR,,,,,,,,,,,,rainrate_max,0
2021-03-12,OVR,,,,,,,,,,,,rain_total_mm,0
2021-03-12,OVR,,,,,,,,,,,,tmax,15.3
2021-03-12,OVR,,,,,,,,,,,,tmin,8.1
2021-03-12,OVR,,,,,,,,,,,,wind_dir_mean_deg,90
2021-03-13,00:00,11.3,10.0,94.0,WNW,14.5,24.1,1018.76,0.0,0.0,0.0,0.0,,
2021-03-13,00:15,11.2,10.0,94.0,W,9.7,25.7,1018.56,0.0,0.0,0.0,0.0,,
2021-03-13,00:30,11.2,10.0,93.0,W,14.5,19.3,1018.46,0.0,0.0,0.0,0.0,,
2021-03-13,00:45,11.1,9.4,92.0,W,30.6,30.6,1018.35,0.0,0.0,0.0,0.0,,
2021-03-13,01:00,10.9,9.4,92.0,W,20.9,30.6,1018.52,0.0,0.0,0.0,0.0,,
2021-03-13,01:15,10.9,9.4,92.0,WNW,19.3,30.6,1018.46,0.0,0.0,0.0,0.0,,
2021-03-13,01:30,10.4,8.9,92.0,WNW,17.7,27.4,1018.46,0.0,0.0,0.0,0.0,,
2021-03-13,01:45,10.2,8.9,92.0,NW,12.9,19.3,1018.39,0.0,0.0,0.0,0.0,,
2021-03-13,02:00,9.9,8.3,91.0,NW,20.9,29.0,1018.39,0.0,0.0,0.0,0.0,,
2021-03-13,02:15,9.9,8.3,91.0,WNW,22.5,30.6,1018.22,0.0,0.0,0.0,0.0,,
2021-03-13,02:30,9.9,8.3,91.0,WNW,14.5,27.4,1018.35,0.0,0.0,0.0,0.0,,
2021-03-13,02:45,9.6,8.3,92.0,WNW,8.0,19.3,1018.35,0.0,0.0,0.0,0.0,,
2021-03-13,03:00,9.4,7.8,92.0,WNW,12.9,22.5,1018.02,0.0,0.0,0.0,0.0,,
2021-03-13,03:15,9.6,7.8,90.0,NW,12.9,27.4,1018.15,0.0,0.0,0.0,0.0,,
2021-03-13,03:30,9.3,7.2,89.0,NW,8.0,19.3,1018.05,0.0,0.0,0.0,0.0,,
2021-03-13,03:45,9.4,7.2,88.0,WNW,11.3,19.3,1017.95,0.0,0.0,0.0,0.0,,
2021-03-13,04:00,9.6,7.2,87.0,WNW,12.9,25.7,1018.05,0.0,0.0,0.0,0.0,,
2021-03-13,04:15,9.2,7.2,88.0,NNW,4.8,17.7,1018.15,0.0,0.0,0.0,0.0,,
2021-03-13,04:30,8.9,6.7,88.0,NW,4.8,9.7,1018.32,0.0,0.0,0.0,0.0,,
2021-03-13,04:45,8.8,6.7,88.0,WNW,12.9,14.5,1018.46,0.0,0.0,0.0,0.0,,
2021-03-13,05:00,8.8,6.7,89.0,WNW,4.8,16.1,1018.56,0.0,0.0,0.0,0.0,,
2021-03-13,05:15,8.7,6.7,89.0,NW,3.2,9.7,1018.96,0.0,0.0,0.0,0.0,,
2021-03-13,05:30,8.3,6.7,90.0,N,0.0,6.4,1018.93,0.0,0.0,0.0,0.0,,
2021-03-13,05:45,7.8,6.1,91.0,NW,1.6,1.6,1019.0,0.0,0.0,0.0,0.0,,
2021-03-13,06:00,8.1,6.7,91.0,N,0.0,3.2,1019.24,0.0,0.0,0.0,0.0,,
2021-03-13,06:15,8.2,6.1,89.0,N,0.0,8.0,1019.3,0.0,0.0,0.0,0.0,,
2021-03-13,06:30,8.3,5.6,85.0,WNW,11.3,17.7,1019.03,0.0,0.0,0.0,0.0,,
2021-03-13,06:45,8.9,5.6,80.0,WNW,24.1,30.6,1019.34,0.0,0.0,0.0,7.0,,
2021-03-13,07:00,9.4,5.6,78.0,WNW,6.4,37.0,1019.54,0.0,0.0,0.0,16.0,,
2021-03-13,07:15,9.3,5.6,79.0,WNW,16.1,22.5,1019.61,0.0,0.0,0.0,53.0,,
2021-03-13,07:30,9.5,6.1,79.0,W,17.7,22.5,1019.78,0.0,0.0,0.0,72.0,,
2021-03-13,07:45,9.6,6.1,80.0,W,12.9,25.7,1019.81,0.0,0.0,0.0,44.0,,
2021-03-13,08:00,9.7,6.7,81.0,W,17.7,25.7,1020.05,0.0,0.0,0.0,188.0,,
2021-03-13,08:15,10.1,6.7,81.0,WNW,11.3,22.5,1020.05,0.0,0.0,1.0,262.0,,
2021-03-13,08:30,10.3,7.2,81.0,W,12.9,24.1,1020.45,0.0,0.0,1.0,336.0,,
2021-03-13,08:45,10.6,7.2,80.0,W,20.9,20.9,1020.73,0.0,0.0,1.0,387.0,,
2021-03-13,09:00,10.9,7.2,78.0,W,16.1,29.0,1020.79,0.0,0.0,1.0,432.0,,
2021-03-13,09:15,10.7,7.2,79.0,WNW,16.1,27.4,1020.79,0.0,0.0,1.0,91.0,,
2021-03-13,09:30,11.2,7.2,78.0,WNW,16.1,32.2,1020.83,0.0,0.0,2.0,552.0,,
2021-03-13,09:45,11.4,7.2,76.0,W,12.9,29.0,1020.79,0.0,0.0,2.0,587.0,,
2021-03-13,10:00,11.7,7.2,74.0,W,19.3,30.6,1020.89,0.0,0.0,2.0,612.0,,
2021-03-13,10:15,12.0,7.2,73.0,W,20.9,33.8,1020.96,0.0,0.0,3.0,647.0,,
2021-03-13,10:30,12.2,7.2,73.0,WNW,27.4,35.4,1021.06,0.0,0.0,3.0,682.0,,
2021-03-13,10:45,12.4,7.2,72.0,W,25.7,32.2,1021.23,0.0,0.0,3.0,737.0,,
2021-03-13,11:00,12.6,7.2,70.0,NNE,17.7,35.4,1021.3,0.0,0.0,3.0,752.0,,
2021-03-13,11:15,12.7,7.2,71.0,WNW,17.7,35.4,1021.3,0.0,0.0,3.0,737.0,,
2021-03-13,11:30,12.9,7.8,71.0,WNW,27.4,46.7,1021.47,0.0,0.0,4.0,907.0,,
2021-03-13,11:45,12.9,6.7,67.0,WNW,24.1,41.8,1021.61,0.0,0.0,3.0,740.0,,
2021-03-13,12:00,13.2,6.1,64.0,WNW,24.1,45.1,1021.47,0.0,0.0,4.0,800.0,,
2021-03-13,12:15,13.2,7.2,68.0,WNW,24.1,43.5,1021.57,0.0,0.0,4.0,816.0,,
2021-03-13,12:30,13.1,6.1,63.0,WNW,19.3,41.8,1021.57,0.0,0.0,4.0,826.0,,
2021-03-13,12:45,12.9,6.7,67.0,,30.6,54.7,1021.71,0.0,0.0,4.0,805.0,,
2021-03-13,13:00,13.3,6.7,65.0,W,16.1,40.2,1021.33,0.0,0.0,4.0,795.0,,
2021-03-13,13:15,13.2,6.7,65.0,WNW,22.5,41.8,1021.33,0.0,0.0,4.0,775.0,,
2021-03-13,13:30,13.3,6.7,64.0,WNW,30.6,49.9,1021.03,0.0,0.0,4.0,761.0,,
2021-03-13,13:45,13.2,6.7,65.0,WNW,32.2,46.7,1020.83,0.0,0.0,4.0,742.0,,
2021-03-13,14:00,13.2,6.7,66.0,W,38.6,46.7,1020.76,0.0,0.0,4.0,722.0,,
2021-03-13,14:15,12.9,6.7,67.0,WNW,29.0,56.3,1020.59,0.0,0.0,3.0,689.0,,
2021-03-13,14:30,12.8,6.7,66.0,W,27.4,48.3,1020.22,0.0,0.0,3.0,689.0,,
2021-03-13,14:45,12.8,7.2,70.0,W,37.0,54.7,1020.32,0.0,0.0,3.0,701.0,,
2021-03-13,15:00,12.8,7.2,68.0,WNW,16.1,49.9,1020.32,0.0,0.0,3.0,596.0,,
2021-03-13,15:15,12.7,6.7,68.0,WNW,45.1,57.9,1020.12,0.0,0.0,2.0,563.0,,
2021-03-13,15:30,12.8,6.1,65.0,WNW,29.0,48.3,1020.25,0.0,0.0,2.0,520.0,,
2021-03-13,15:45,12.8,6.7,66.0,W,25.7,51.5,1020.35,0.0,0.0,2.0,473.0,,
2021-03-13,16:00,12.6,6.1,65.0,NW,32.2,53.1,1020.01,0.0,0.0,1.0,418.0,,
2021-03-13,16:15,12.4,5.6,65.0,WNW,25.7,54.7,1020.15,0.0,0.0,0.0,54.0,,
2021-03-13,16:30,12.4,6.1,65.0,NW,25.7,56.3,1019.98,0.0,0.0,0.0,44.0,,
2021-03-13,16:45,12.2,5.6,65.0,WNW,32.2,54.7,1019.78,0.0,0.0,0.0,39.0,,
2021-03-13,17:00,12.1,6.1,67.0,WNW,33.8,51.5,1019.78,0.0,0.0,0.0,37.0,,
2021-03-13,17:15,11.9,6.1,68.0,WNW,25.7,43.5,1020.01,0.0,0.0,0.0,33.0,,
2021-03-13,17:30,11.7,6.1,70.0,W,20.9,43.5,1020.15,0.0,0.0,0.0,30.0,,
2021-03-13,17:45,11.4,6.1,71.0,W,37.0,41.8,1020.08,0.0,0.0,0.0,25.0,,
2021-03-13,18:00,11.2,6.7,73.0,WNW,30.6,38.6,1020.01,0.0,0.0,0.0,19.0,,
2021-03-13,18:15,10.8,6.1,74.0,NNW,17.7,32.2,1020.12,0.0,0.0,0.0,12.0,,
2021-03-13,18:30,10.5,6.1,75.0,WNW,16.1,29.0,1020.12,0.0,0.0,0.0,0.0,,
2021-03-13,18:45,10.2,6.1,76.0,W,19.3,32.2,1020.05,0.0,0.0,0.0,0.0,,
2021-03-13,19:00,10.1,6.1,77.0,WNW,17.7,24.1,1020.18,0.0,0.0,0.0,0.0,,
2021-03-13,19:15,10.1,5.6,75.0,WNW,19.3,30.6,1020.25,0.0,0.0,0.0,0.0,,
2021-03-13,19:30,10.2,5.6,75.0,W,27.4,43.5,1020.39,0.0,0.0,0.0,0.0,,
2021-03-13,19:45,10.1,5.6,75.0,W,22.5,33.8,1020.42,0.0,0.0,0.0,0.0,,
2021-03-13,20:00,10.0,5.6,75.0,W,22.5,30.6,1020.59,0.0,0.0,0.0,0.0,,
2021-03-13,20:15,10.0,5.6,74.0,W,16.1,30.6,1020.62,0.0,0.0,0.0,0.0,,
2021-03-13,20:30,9.9,5.6,74.0,W,16.1,24.1,1020.83,0.0,0.0,0.0,0.0,,
2021-03-13,20:45,9.8,5.0,74.0,WNW,12.9,22.5,1020.69,0.0,0.0,0.0,0.0,,
2021-03-13,21:00,9.8,5.0,74.0,W,14.5,20.9,1020.69,0.0,0.0,0.0,0.0,,
2021-03-13,21:15,9.5,5.0,74.0,WNW,12.9,19.3,1020.69,0.0,0.0,0.0,0.0,,
2021-03-13,21:30,9.4,5.0,74.0,W,12.9,20.9,1020.83,0.0,0.0,0.0,0.0,,
2021-03-13,21:45,9.6,5.0,73.0,W,20.9,25.7,1020.93,0.0,0.0,0.0,0.0,,
2021-03-13,22:00,9.7,5.0,74.0,WNW,16.1,20.9,1020.93,0.0,0.0,0.0,0.0,,
2021-03-13,22:15,9.7,5.0,74.0,WNW,12.9,24.1,1020.89,0.0,0.0,0.0,0.0,,
2021-03-13,22:30,9.7,5.0,74.0,WNW,12.9,17.7,1020.83,0.0,0.0,0.0,0.0,,
2021-03-13,22:45,9.3,5.0,76.0,NW,4.8,12.9,1020.86,0.0,0.0,0.0,0.0,,
2021-03-13,23:00,9.4,5.0,76.0,WNW,4.8,17.7,1020.73,0.0,0.0,0.0,0.0,,
2021-03-13,23:15,9.5,5.6,77.0,WNW,8.0,17.7,1020.79,0.0,0.0,0.0,0.0,,
2021-03-13,23:30,9.5,5.6,78.0,WNW,8.0,17.7,1020.66,0.0,0.0,0.0,0.0,,
2021-03-13,23:45,9.4,6.1,80.0,WNW,6.4,19.3,1020.62,0.0,0.0,0.0,0.0,,
2021-03-13,OVR,,,,,,,,,,,,gustmax,57.9
2021-03-13,OVR,,,,,,,,,,,,rainrate_max,0
2021-03-13,OVR,,,,,,,,,,,,rain_total_mm,0
2021-03-13,OVR,,,,,,,,,,,,tmax,13.4
2021-03-13,OVR,,,,,,,,,,,,tmin,7.8
2021-03-13,OVR,,,,,,,,,,,,wind_dir_mean_deg,73
2021-03-14,00:00,9.6,6.1,80.0,WNW,9.7,14.5,1020.49,0.0,0.0,0.0,0.0,,
2021-03-14,00:15,9.3,5.6,80.0,WNW,4.8,14.5,1020.62,0.0,0.0,0.0,0.0,,
2021-03-14,00:30,9.4,6.1,82.0,WNW,8.0,17.7,1020.56,0.0,0.0,0.0,0.0,,
2021-03-14,00:45,9.6,6.7,82.0,WNW,19.3,20.9,1020.56,0.0,0.0,0.0,0.0,,
2021-03-14,01:00,9.4,6.7,83.0,WNW,16.1,22.5,1020.49,0.0,0.0,0.0,0.0,,
2021-03-14,01:15,9.3,6.1,83.0,WNW,16.1,27.4,1020.45,0.0,0.0,0.0,0.0,,
2021-03-14,01:30,9.1,6.1,83.0,WNW,12.9,17.7,1020.35,0.0,0.0,0.0,0.0,,
2021-03-14,01:45,9.1,6.1,83.0,WNW,11.3,20.9,1020.05,0.0,0.0,0.0,0.0,,
2021-03-14,02:00,9.3,6.7,83.0,W,16.1,29.0,1020.05,0.0,0.0,0.0,0.0,,
2021-03-14,02:15,9.3,6.7,84.0,NW,16.1,20.9,1019.91,0.0,0.0,0.0,0.0,,
2021-03-14,02:30,9.4,6.7,84.0,WNW,8.0,24.1,1019.88,0.0,0.0,0.0,0.0,,
2021-03-14,02:45,9.2,6.7,85.0,WNW,12.9,25.7,1019.74,0.0,0.0,0.0,0.0,,
2021-03-14,03:00,9.2,6.7,85.0,W,20.9,24.1,1019.54,0.0,0.0,0.0,0.0,,
2021-03-14,03:15,9.4,7.2,86.0,WNW,14.5,24.1,1019.2,0.0,0.0,0.0,0.0,,
2021-03-14,03:30,9.6,7.2,85.0,WNW,8.0,16.1,1019.24,0.0,0.0,0.0,0.0,,
2021-03-14,03:45,9.4,7.2,86.0,W,12.9,22.5,1018.96,0.0,0.0,0.0,0.0,,
2021-03-14,04:00,9.2,7.2,87.0,W,16.1,29.0,1018.83,0.0,0.0,0.0,0.0,,
2021-03-14,04:15,9.6,7.2,87.0,W,16.1,27.4,1018.59,0.0,0.0,0.0,0.0,,
2021-03-14,04:30,9.4,7.2,87.0,WNW,6.4,20.9,1018.76,0.0,0.0,0.0,0.0,,
2021-03-14,04:45,9.4,7.2,88.0,WNW,14.5,24.1,1018.86,0.0,0.0,0.0,0.0,,
2021-03-14,05:00,9.7,7.8,88.0,W,19.3,30.6,1018.66,0.0,0.0,0.0,0.0,,
2021-03-14,05:15,9.7,7.8,89.0,W,24.1,38.6,1018.59,0.0,0.0,0.0,0.0,,
2021-03-14,05:30,9.7,7.8,88.0,WNW,22.5,30.6,1018.73,0.0,0.0,0.0,0.0,,
2021-03-14,05:45,9.6,7.8,89.0,WNW,22.5,20.9,1018.59,0.0,0.0,0.0,0.0,,
2021-03-14,06:00,9.6,7.8,89.0,W,6.4,22.5,1018.52,0.0,0.0,0.0,0.0,,
2021-03-14,06:15,9.6,7.8,89.0,W,19.3,22.5,1018.49,0.0,0.0,0.0,0.0,,
2021-03-14,06:30,9.6,7.8,89.0,WNW,16.1,17.7,1018.46,0.0,0.0,0.0,0.0,,
2021-03-14,06:45,9.8,7.8,88.0,W,11.3,25.7,1018.46,0.0,0.0,0.0,0.0,,
2021-03-14,07:00,9.8,7.8,88.0,WNW,6.4,24.1,1018.46,0.0,0.0,0.0,23.0,,
2021-03-14,07:15,9.9,7.8,88.0,W,17.7,20.9,1018.52,0.0,0.0,0.0,63.0,,
2021-03-14,07:30,10.2,8.3,88.0,WNW,9.7,24.1,1018.46,0.0,0.0,0.0,134.0,,
2021-03-14,07:45,10.2,8.3,89.0,WNW,12.9,19.3,1018.56,0.0,0.0,0.0,76.0,,
2021-03-14,08:00,10.4,8.3,88.0,W,19.3,27.4,1018.56,0.0,0.0,0.0,171.0,,
2021-03-14,08:15,10.6,8.3,88.0,W,19.3,25.7,1018.63,0.0,0.0,0.0,67.0,,
2021-03-14,08:30,10.6,8.3,88.0,WNW,16.1,22.5,1018.66,0.0,0.0,0.0,76.0,,
2021-03-14,08:45,10.7,8.9,89.0,WNW,14.5,25.7,1018.8,0.0,0.0,1.0,70.0,,
2021-03-14,09:00,11.4,9.4,88.0,W,17.7,45.1,1018.56,0.0,0.0,1.0,209.0,,
2021-03-14,09:15,11.5,8.9,86.0,W,19.3,37.0,1018.86,0.0,0.0,1.0,116.0,,
2021-03-14,09:30,11.5,8.9,85.0,WNW,29.0,41.8,1018.76,0.0,0.0,1.0,144.0,,
2021-03-14,09:45,11.8,8.3,81.0,W,22.5,49.9,1018.73,0.0,0.0,1.0,100.0,,
2021-03-14,10:00,12.7,8.3,76.0,W,35.4,49.9,1018.42,0.0,0.0,3.0,680.0,,
2021-03-14,10:15,12.7,7.2,71.0,W,38.6,54.7,1018.63,0.0,0.0,2.0,279.0,,
2021-03-14,10:30,12.1,7.8,75.0,WNW,17.7,43.5,1018.66,0.0,0.0,0.0,70.0,,
2021-03-14,10:45,11.7,7.8,77.0,WNW,27.4,49.9,1018.63,0.0,0.0,2.0,271.0,,
2021-03-14,11:00,11.7,7.8,79.0,WNW,38.6,40.2,1019.03,0.0,0.0,2.0,225.0,,
2021-03-14,11:15,12.0,7.2,73.0,WNW,20.9,53.1,1018.8,0.0,0.0,1.0,146.0,,
2021-03-14,11:30,11.5,6.7,72.0,WNW,27.4,53.1,1018.96,0.0,0.0,1.0,120.0,,
2021-03-14,11:45,11.6,7.2,76.0,NW,22.5,41.8,1018.9,0.0,0.0,3.0,420.0,,
2021-03-14,12:00,11.7,7.8,79.0,WNW,14.5,51.5,1018.49,0.0,0.0,1.0,322.0,,
2021-03-14,12:15,11.9,7.8,76.0,NW,24.1,49.9,1018.05,0.0,0.0,1.0,132.0,,
2021-03-14,12:30,12.4,7.8,75.0,WNW,25.7,49.9,1018.08,0.0,0.0,1.0,202.0,,
2021-03-14,12:45,12.7,7.8,74.0,W,29.0,43.5,1018.08,0.0,0.0,2.0,239.0,,
2021-03-14,13:00,12.8,8.3,74.0,NW,37.0,48.3,1017.95,0.0,0.0,2.0,396.0,,
2021-03-14,13:15,11.8,8.3,79.0,W,27.4,48.3,1017.75,0.0,0.0,2.0,244.0,,
2021-03-14,13:30,12.0,8.3,80.0,NE,32.2,51.5,1017.27,0.0,0.0,0.0,76.0,,
2021-03-14,13:45,11.8,8.3,80.0,W,27.4,48.3,1017.24,0.0,0.0,0.0,93.0,,
2021-03-14,14:00,11.3,7.8,79.0,W,25.7,45.1,1017.03,0.0,0.0,0.0,65.0,,
2021-03-14,14:15,11.3,7.8,81.0,WNW,29.0,40.2,1016.76,0.0,0.0,1.0,139.0,,
2021-03-14,14:30,10.9,7.8,82.0,WSW,37.0,49.9,1017.14,0.0,0.0,1.0,130.0,,
2021-03-14,14:45,9.6,7.8,89.0,WNW,22.5,56.3,1016.73,0.0,0.0,1.0,116.0,,
2021-03-14,15:00,9.5,7.8,92.0,W,16.1,38.6,1016.7,0.0,0.0,0.0,83.0,,
2021-03-14,15:15,9.6,8.3,93.0,WNW,22.5,30.6,1016.76,0.0,0.0,0.0,19.0,,
2021-03-14,15:30,9.6,8.3,93.0,WSW,25.7,38.6,1016.83,0.51,0.51,0.0,56.0,,
2021-03-14,15:45,8.1,5.6,86.0,NW,30.6,69.2,1017.31,0.51,0.51,0.0,83.0,,
2021-03-14,16:00,8.4,5.6,84.0,WNW,25.7,45.1,1016.56,0.51,0.51,0.0,113.0,,
2021-03-14,16:15,9.0,6.1,82.0,WNW,19.3,41.8,1016.86,0.51,0.51,0.0,84.0,,
2021-03-14,16:30,9.1,6.1,83.0,W,32.2,46.7,1017.14,0.51,0.0,0.0,33.0,,
2021-03-14,16:45,9.4,5.0,76.0,NE,22.5,59.5,1017.2,0.51,0.0,0.0,37.0,,
2021-03-14,17:00,9.4,3.9,70.0,WNW,24.1,45.1,1016.36,0.51,0.0,0.0,37.0,,
2021-03-14,17:15,9.7,3.9,67.0,W,24.1,32.2,1016.12,0.51,0.0,0.0,44.0,,
2021-03-14,17:30,9.7,4.4,70.0,W,14.5,32.2,1015.92,0.51,0.0,0.0,44.0,,
2021-03-14,17:45,9.4,5.0,74.0,W,17.7,25.7,1016.09,0.51,0.0,0.0,32.0,,
2021-03-14,18:00,9.4,5.0,75.0,NW,20.9,30.6,1016.42,0.51,0.0,0.0,18.0,,
2021-03-14,18:15,9.7,5.0,73.0,WNW,29.0,49.9,1016.66,0.51,0.0,0.0,7.0,,
2021-03-14,18:30,9.5,4.4,73.0,WNW,46.7,46.7,1017.03,0.51,0.0,0.0,0.0,,
2021-03-14,18:45,9.5,5.0,74.0,NW,24.1,57.9,1016.8,0.51,0.0,0.0,0.0,,
2021-03-14,19:00,9.1,4.4,75.0,WNW,32.2,45.1,1017.03,0.51,0.0,0.0,0.0,,
2021-03-14,19:15,8.7,4.4,75.0,WNW,33.8,45.1,1017.24,0.51,0.0,0.0,0.0,,
2021-03-14,19:30,8.4,4.4,76.0,W,22.5,32.2,1017.61,0.51,0.0,0.0,0.0,,
2021-03-14,19:45,8.3,3.9,75.0,WNW,29.0,40.2,1017.98,0.51,0.0,0.0,0.0,,
2021-03-14,20:00,8.4,3.9,75.0,W,20.9,29.0,1018.02,0.51,0.0,0.0,0.0,,
2021-03-14,20:15,8.3,3.9,76.0,W,14.5,24.1,1018.12,0.51,0.0,0.0,0.0,,
2021-03-14,20:30,8.3,4.4,77.0,WNW,12.9,24.1,1018.52,0.51,0.0,0.0,0.0,,
2021-03-14,20:45,8.3,4.4,77.0,WNW,16.1,16.1,1018.66,0.51,0.0,0.0,0.0,,
2021-03-14,21:00,8.6,4.4,75.0,WNW,11.3,29.0,1018.49,0.51,0.0,0.0,0.0,,
2021-03-14,21:15,8.5,3.9,73.0,W,24.1,29.0,1018.42,0.51,0.0,0.0,0.0,,
2021-03-14,21:30,8.4,3.3,72.0,WNW,11.3,27.4,1018.35,0.51,0.0,0.0,0.0,,
2021-03-14,21:45,8.2,3.3,72.0,WNW,19.3,27.4,1018.35,0.51,0.0,0.0,0.0,,
2021-03-14,22:00,8.3,3.3,70.0,WNW,17.7,27.4,1017.98,0.51,0.0,0.0,0.0,,
2021-03-14,22:15,8.4,3.3,70.0,W,20.9,35.4,1018.19,0.51,0.0,0.0,0.0,,
2021-03-14,22:30,8.4,3.3,70.0,W,16.1,35.4,1018.15,0.51,0.0,0.0,0.0,,
2021-03-14,22:45,8.4,3.3,70.0,W,17.7,33.8,1018.05,0.51,0.0,0.0,0.0,,
2021-03-14,23:00,8.5,3.3,70.0,WNW,14.5,30.6,1018.22,0.51,0.0,0.0,0.0,,
2021-03-14,23:15,8.6,2.8,68.0,NW,22.5,27.4,1018.19,0.51,0.0,0.0,0.0,,
2021-03-14,23:30,8.6,2.8,69.0,WNW,12.9,24.1,1018.02,0.51,0.0,0.0,0.0,,
2021-03-14,23:45,8.3,2.8,70.0,WNW,12.9,17.7,1017.81,0.51,0.0,0.0,0.0,,
2021-03-14,OVR,,,,,,,,,,,,gustmax,69.2
2021-03-14,OVR,,,,,,,,,,,,rainrate_max,1.4
2021-03-14,OVR,,,,,,,,,,,,rain_total_mm,0.4
2021-03-14,OVR,,,,,,,,,,,,tmax,13
2021-03-14,OVR,,,,,,,,,,,,tmin,8.1
2021-03-14,OVR,,,,,,,,,,,,wind_dir_mean_deg,73
2021-03-15,00:00,8.4,2.8,69.0,NW,14.5,30.6,1017.75,0.0,0.0,0.0,0.0,,
2021-03-15,00:15,8.7,2.8,66.0,WNW,19.3,46.7,1017.88,0.0,0.0,0.0,0.0,,
2021-03-15,00:30,8.9,2.8,65.0,WNW,22.5,33.8,1017.68,0.0,0.0,0.0,0.0,,
2021-03-15,00:45,8.8,2.2,64.0,WNW,20.9,32.2,1017.95,0.0,0.0,0.0,0.0,,
2021-03-15,01:00,8.9,2.2,62.0,WNW,27.4,32.2,1017.78,0.0,0.0,0.0,0.0,,
2021-03-15,01:15,8.8,1.7,63.0,W,24.1,40.2,1017.51,0.0,0.0,0.0,0.0,,
2021-03-15,01:30,9.1,1.7,61.0,W,24.1,40.2,1017.85,0.0,0.0,0.0,0.0,,
2021-03-15,01:45,9.3,1.7,60.0,W,20.9,43.5,1017.88,0.0,0.0,0.0,0.0,,
2021-03-15,02:00,9.6,1.7,59.0,WNW,33.8,51.5,1017.75,0.0,0.0,0.0,0.0,,
2021-03-15,02:15,9.4,2.2,61.0,W,30.6,43.5,1017.68,0.0,0.0,0.0,0.0,,
2021-03-15,02:30,9.3,2.2,61.0,W,12.9,40.2,1017.68,0.0,0.0,0.0,0.0,,
2021-03-15,02:45,9.1,2.2,62.0,WNW,20.9,40.2,1017.64,0.0,0.0,0.0,0.0,,
2021-03-15,03:00,8.9,2.2,63.0,W,14.5,27.4,1017.58,0.0,0.0,0.0,0.0,,
2021-03-15,03:15,8.9,1.7,62.0,WNW,22.5,27.4,1017.64,0.0,0.0,0.0,0.0,,
2021-03-15,03:30,8.8,1.7,63.0,WNW,8.0,22.5,1017.71,0.0,0.0,0.0,0.0,,
2021-03-15,03:45,8.8,2.2,63.0,W,19.3,27.4,1017.64,0.0,0.0,0.0,0.0,,
2021-03-15,04:00,8.9,2.2,63.0,WNW,14.5,33.8,1017.54,0.0,0.0,0.0,0.0,,
2021-03-15,04:15,8.8,2.2,64.0,WNW,11.3,27.4,1017.58,0.0,0.0,0.0,0.0,,
2021-03-15,04:30,8.6,2.2,65.0,WNW,14.5,25.7,1017.44,0.0,0.0,0.0,0.0,,
2021-03-15,04:45,8.9,2.8,66.0,W,14.5,30.6,1017.75,0.0,0.0,0.0,0.0,,
2021-03-15,05:00,8.9,2.8,67.0,WNW,12.9,45.1,1017.75,0.0,0.0,0.0,0.0,,
2021-03-15,05:15,8.8,2.8,68.0,NW,12.9,30.6,1017.95,0.0,0.0,0.0,0.0,,
2021-03-15,05:30,8.7,3.3,69.0,WNW,16.1,27.4,1018.05,0.0,0.0,0.0,0.0,,
2021-03-15,05:45,8.9,3.3,68.0,NW,6.4,37.0,1018.12,0.0,0.0,0.0,0.0,,
2021-03-15,06:00,8.7,2.8,68.0,W,16.1,29.0,1017.85,0.0,0.0,0.0,0.0,,
2021-03-15,06:15,8.6,3.3,69.0,NW,19.3,27.4,1017.85,0.0,0.0,0.0,0.0,,
2021-03-15,06:30,8.6,3.3,70.0,WNW,14.5,33.8,1018.12,0.0,0.0,0.0,0.0,,
2021-03-15,06:45,8.5,3.3,71.0,WNW,11.3,33.8,1018.22,0.0,0.0,0.0,11.0,,
2021-03-15,07:00,8.3,3.3,71.0,NNW,6.4,27.4,1018.32,0.0,0.0,0.0,26.0,,
2021-03-15,07:15,8.4,3.3,70.0,WNW,6.4,16.1,1018.32,0.0,0.0,0.0,86.0,,
2021-03-15,07:30,8.8,3.3,69.0,W,16.1,30.6,1018.32,0.0,0.0,0.0,97.0,,
2021-03-15,07:45,9.3,3.3,68.0,W,22.5,38.6,1018.49,0.0,0.0,0.0,163.0,,
2021-03-15,08:00,9.3,3.9,69.0,W,19.3,41.8,1018.52,0.0,0.0,0.0,207.0,,
2021-03-15,08:15,9.6,3.9,68.0,NW,14.5,37.0,1018.46,0.0,0.0,1.0,329.0,,
2021-03-15,08:30,10.1,3.9,67.0,NW,24.1,38.6,1018.66,0.0,0.0,1.0,376.0,,
2021-03-15,08:45,10.4,4.4,67.0,NW,19.3,37.0,1018.76,0.0,0.0,1.0,422.0,,
2021-03-15,09:00,10.4,4.4,67.0,NW,25.7,48.3,1018.76,0.0,0.0,1.0,473.0,,
2021-03-15,09:15,10.7,4.4,67.0,W,33.8,38.6,1018.9,0.0,0.0,1.0,663.0,,
2021-03-15,09:30,10.9,4.4,66.0,W,29.0,33.8,1019.2,0.0,0.0,2.0,694.0,,
2021-03-15,09:45,10.7,3.3,62.0,W,24.1,41.8,1019.03,0.0,0.0,2.0,668.0,,
2021-03-15,10:00,11.1,4.4,64.0,WNW,17.7,32.2,1019.07,0.0,0.0,2.0,838.0,,
2021-03-15,10:15,10.9,3.9,62.0,WNW,25.7,46.7,1019.17,0.0,0.0,3.0,759.0,,
2021-03-15,10:30,11.1,4.4,63.0,W,40.2,53.1,1018.9,0.0,0.0,3.0,464.0,,
2021-03-15,10:45,11.3,3.9,60.0,WNW,35.4,61.2,1018.63,0.0,0.0,3.0,809.0,,
2021-03-15,11:00,11.4,3.3,58.0,WNW,46.7,67.6,1018.35,0.0,0.0,4.0,780.0,,
2021-03-15,11:15,11.4,3.9,60.0,WNW,48.3,75.6,1017.68,0.0,0.0,4.0,812.0,,
2021-03-15,11:30,11.1,4.4,64.0,WNW,51.5,88.5,1017.64,0.0,0.0,4.0,805.0,,
2021-03-15,11:45,11.1,4.4,66.0,W,43.5,80.5,1017.37,0.0,0.0,4.0,812.0,,
2021-03-15,12:00,11.3,3.9,60.0,WNW,35.4,86.9,1017.54,0.0,0.0,4.0,853.0,,
2021-03-15,12:15,11.3,5.0,65.0,WNW,35.4,74.0,1017.81,0.0,0.0,3.0,388.0,,
2021-03-15,12:30,11.0,5.0,68.0,WNW,43.5,78.9,1017.61,0.0,0.0,4.0,819.0,,
2021-03-15,12:45,10.9,3.9,63.0,WNW,57.9,72.4,1017.71,0.0,0.0,4.0,411.0,,
2021-03-15,13:00,11.1,3.3,59.0,WNW,48.3,74.0,1017.64,0.0,0.0,4.0,851.0,,
2021-03-15,13:15,11.1,3.3,60.0,W,72.4,75.6,1017.75,0.0,0.0,4.0,830.0,,
2021-03-15,13:30,10.8,3.3,61.0,W,69.2,77.2,1017.34,0.0,0.0,4.0,237.0,,
2021-03-15,13:45,11.2,3.9,62.0,W,66.0,70.8,1017.24,0.0,0.0,3.0,454.0,,
2021-03-15,14:00,10.8,3.9,63.0,W,32.2,80.5,1017.31,0.0,0.0,2.0,271.0,,
2021-03-15,14:15,10.8,3.9,62.0,NW,38.6,74.0,1017.17,0.0,0.0,2.0,334.0,,
2021-03-15,14:30,10.6,3.9,64.0,WSW,40.2,62.8,1017.0,0.0,0.0,2.0,336.0,,
2021-03-15,14:45,10.3,3.9,66.0,WNW,27.4,67.6,1017.14,0.0,0.0,1.0,192.0,,
2021-03-15,15:00,10.1,4.4,68.0,WNW,41.8,62.8,1017.37,0.0,0.0,1.0,105.0,,
2021-03-15,15:15,10.1,4.4,68.0,NNW,45.1,64.4,1017.17,0.0,0.0,1.0,186.0,,
2021-03-15,15:30,10.1,3.9,67.0,WSW,35.4,66.0,1017.07,0.0,0.0,1.0,83.0,,
2021-03-15,15:45,10.2,4.4,68.0,,40.2,64.4,1016.86,0.0,0.0,1.0,155.0,,
2021-03-15,16:00,10.1,5.0,70.0,E,37.0,72.4,1016.8,0.0,0.0,0.0,86.0,,
2021-03-15,16:15,10.0,5.0,73.0,W,29.0,45.1,1016.7,0.0,0.0,0.0,84.0,,
2021-03-15,16:30,9.7,5.6,78.0,W,17.7,61.2,1016.9,0.0,0.0,0.0,63.0,,
2021-03-15,16:45,9.8,6.1,78.0,W,41.8,48.3,1016.76,0.0,0.0,0.0,54.0,,
2021-03-15,17:00,9.9,6.1,78.0,WNW,27.4,49.9,1016.49,0.0,0.0,0.0,25.0,,
2021-03-15,17:15,9.4,6.7,83.0,WNW,22.5,54.7,1016.49,0.0,0.0,0.0,39.0,,
2021-03-15,17:30,9.5,6.7,83.0,WNW,20.9,54.7,1016.66,0.0,0.0,0.0,12.0,,
2021-03-15,17:45,9.6,6.1,81.0,WNW,22.5,57.9,1016.46,0.0,0.0,0.0,14.0,,
2021-03-15,18:00,9.7,6.7,82.0,W,49.9,43.5,1016.36,0.0,0.0,0.0,7.0,,
2021-03-15,18:15,9.9,6.7,81.0,WNW,20.9,45.1,1016.19,0.0,0.0,0.0,0.0,,
2021-03-15,18:30,9.8,6.7,80.0,WNW,22.5,67.6,1016.32,0.0,0.0,0.0,0.0,,
2021-03-15,18:45,9.8,6.7,80.0,WNW,40.2,43.5,1016.29,0.0,0.0,0.0,0.0,,
2021-03-15,19:00,9.8,6.7,82.0,WNW,33.8,57.9,1016.42,0.0,0.0,0.0,0.0,,
2021-03-15,19:15,9.8,6.7,81.0,W,19.3,48.3,1016.19,0.0,0.0,0.0,0.0,,
2021-03-15,19:30,9.9,6.7,82.0,NW,33.8,49.9,1016.42,0.0,0.0,0.0,0.0,,
2021-03-15,19:45,10.0,6.7,81.0,W,29.0,49.9,1016.15,0.0,0.0,0.0,0.0,,
2021-03-15,20:00,9.8,6.7,83.0,WNW,27.4,49.9,1016.12,0.0,0.0,0.0,0.0,,
2021-03-15,20:15,9.5,6.7,85.0,WNW,27.4,53.1,1016.02,0.0,0.0,0.0,0.0,,
2021-03-15,20:30,9.4,7.2,88.0,WNW,25.7,38.6,1016.05,0.0,0.0,0.0,0.0,,
2021-03-15,20:45,9.5,7.2,87.0,WNW,20.9,46.7,1016.22,0.0,0.0,0.0,0.0,,
2021-03-15,21:00,9.8,7.2,84.0,WNW,40.2,59.5,1015.85,0.0,0.0,0.0,0.0,,
2021-03-15,21:15,9.8,7.2,84.0,WNW,25.7,53.1,1016.12,0.0,0.0,0.0,0.0,,
2021-03-15,21:30,9.9,7.2,83.0,W,24.1,57.9,1015.95,0.0,0.0,0.0,0.0,,
2021-03-15,21:45,10.0,7.2,83.0,WNW,25.7,56.3,1015.85,0.0,0.0,0.0,0.0,,
2021-03-15,22:00,10.2,7.2,82.0,W,72.4,59.5,1015.51,0.0,0.0,0.0,0.0,,
2021-03-15,22:15,10.2,7.2,81.0,WNW,40.2,66.0,1015.51,0.0,0.0,0.0,0.0,,
2021-03-15,22:30,10.2,7.2,81.0,NW,27.4,54.7,1015.27,0.0,0.0,0.0,0.0,,
2021-03-15,22:45,10.3,6.7,80.0,WNW,49.9,69.2,1015.41,0.0,0.0,0.0,0.0,,
2021-03-15,23:00,10.3,6.7,81.0,W,45.1,69.2,1014.97,0.0,0.0,0.0,0.0,,
2021-03-15,23:15,10.2,7.2,82.0,WNW,37.0,67.6,1015.04,0.0,0.0,0.0,0.0,,
2021-03-15,23:30,10.2,7.2,83.0,W,35.4,72.4,1015.1,0.0,0.0,0.0,0.0,,
2021-03-15,23:45,10.3,7.2,83.0,WNW,46.7,69.2,1014.87,0.0,0.0,0.0,0.0,,
2021-03-15,OVR,,,,,,,,,,,,gustmax,88.5
2021-03-15,OVR,,,,,,,,,,,,rainrate_max,0
2021-03-15,OVR,,,,,,,,,,,,rain_total_mm,0
2021-03-15,OVR,,,,,,,,,,,,tmax,11.6
2021-03-15,OVR,,,,,,,,,,,,tmin,8.2
2021-03-15,OVR,,,,,,,,,,,,wind_dir_mean_deg,74
2021-03-16,00:00,10.3,7.2,81.0,S,27.4,74.0,1014.8,0.0,0.0,0.0,0.0,,
2021-03-16,00:15,10.4,7.2,82.0,W,29.0,64.4,1014.83,0.0,0.0,0.0,0.0,,
2021-03-16,00:30,10.3,7.2,83.0,WNW,41.8,61.2,1014.9,0.0,0.0,0.0,0.0,,
2021-03-16,00:45,9.8,7.2,86.0,W,51.5,82.1,1015.07,0.51,0.51,0.0,0.0,,
2021-03-16,01:00,9.9,7.8,86.0,NW,19.3,57.9,1014.93,0.51,0.51,0.0,0.0,,
2021-03-16,01:15,10.0,7.8,86.0,NW,30.6,48.3,1014.87,0.51,0.51,0.0,0.0,,
2021-03-16,01:30,10.2,7.8,84.0,NW,32.2,62.8,1014.9,0.51,0.51,0.0,0.0,,
2021-03-16,01:45,10.3,7.2,83.0,WNW,37.0,57.9,1015.04,0.51,0.0,0.0,0.0,,
2021-03-16,02:00,10.3,7.2,83.0,WNW,43.5,61.2,1014.93,0.51,0.0,0.0,0.0,,
2021-03-16,02:15,10.3,7.2,83.0,W,40.2,61.2,1014.46,0.51,0.0,0.0,0.0,,
2021-03-16,02:30,10.3,6.7,80.0,WNW,20.9,62.8,1014.46,0.51,0.0,0.0,0.0,,
2021-03-16,02:45,10.3,6.7,80.0,W,32.2,61.2,1014.16,0.51,0.0,0.0,0.0,,
2021-03-16,03:00,10.2,6.7,81.0,W,33.8,64.4,1014.22,0.51,0.0,0.0,0.0,,
2021-03-16,03:15,10.1,7.2,83.0,W,19.3,56.3,1013.92,0.51,0.0,0.0,0.0,,
2021-03-16,03:30,9.8,6.7,83.0,WNW,24.1,54.7,1013.85,0.51,0.25,0.0,0.0,,
2021-03-16,03:45,9.8,6.1,80.0,WNW,24.1,57.9,1013.75,0.51,0.25,0.0,0.0,,
2021-03-16,04:00,9.8,6.1,79.0,WNW,25.7,72.4,1013.92,0.51,0.25,0.0,0.0,,
2021-03-16,04:15,9.6,6.7,82.0,WNW,25.7,45.1,1013.99,0.51,0.25,0.0,0.0,,
2021-03-16,04:30,9.6,6.1,81.0,WNW,24.1,53.1,1013.95,0.51,0.0,0.0,0.0,,
2021-03-16,04:45,9.4,5.6,78.0,NW,20.9,43.5,1014.16,0.51,0.0,0.0,0.0,,
2021-03-16,05:00,9.4,5.6,77.0,WNW,25.7,40.2,1014.09,0.51,0.0,0.0,0.0,,
2021-03-16,05:15,9.3,5.6,78.0,WNW,35.4,40.2,1014.29,0.51,0.0,0.0,0.0,,
2021-03-16,05:30,9.4,5.6,78.0,WNW,25.7,38.6,1014.19,0.51,0.0,0.0,0.0,,
2021-03-16,05:45,9.3,5.6,77.0,W,17.7,30.6,1014.22,0.51,0.0,0.0,0.0,,
2021-03-16,06:00,9.3,5.6,77.0,W,19.3,29.0,1014.12,0.51,0.0,0.0,0.0,,
2021-03-16,06:15,9.3,5.0,76.0,WNW,29.0,45.1,1013.85,0.51,0.0,0.0,0.0,,
2021-03-16,06:30,9.4,5.6,77.0,W,24.1,51.5,1014.02,0.51,0.0,0.0,0.0,,
2021-03-16,06:45,9.4,5.6,76.0,W,32.2,45.1,1013.99,0.51,0.0,0.0,25.0,,
2021-03-16,07:00,9.5,5.6,77.0,W,35.4,43.5,1014.05,0.51,0.0,0.0,67.0,,
2021-03-16,07:15,9.6,5.6,76.0,W,29.0,46.7,1013.99,0.51,0.0,0.0,118.0,,
2021-03-16,07:30,9.7,5.6,77.0,W,22.5,48.3,1014.36,0.51,0.0,0.0,63.0,,
2021-03-16,07:45,9.5,6.1,79.0,W,20.9,51.5,1014.09,0.51,0.0,0.0,86.0,,
2021-03-16,08:00,9.5,6.1,79.0,W,32.2,49.9,1014.26,0.51,0.0,0.0,86.0,,
2021-03-16,08:15,9.4,6.1,80.0,W,29.0,48.3,1014.46,0.51,0.0,0.0,113.0,,
2021-03-16,08:30,9.8,6.1,79.0,W,24.1,49.9,1014.6,0.51,0.0,1.0,350.0,,
2021-03-16,08:45,9.9,6.1,78.0,W,20.9,46.7,1014.73,0.51,0.0,1.0,162.0,,
2021-03-16,09:00,10.3,6.1,76.0,W,24.1,48.3,1014.87,0.51,0.0,1.0,438.0,,
2021-03-16,09:15,10.4,6.1,77.0,WNW,29.0,46.7,1014.93,0.51,0.0,1.0,216.0,,
2021-03-16,09:30,10.4,6.7,77.0,W,24.1,43.5,1015.07,0.51,0.0,1.0,134.0,,
2021-03-16,09:45,10.4,6.7,77.0,W,25.7,37.0,1015.34,0.51,0.0,1.0,330.0,,
2021-03-16,10:00,10.7,6.1,74.0,WNW,24.1,43.5,1015.41,0.51,0.0,1.0,155.0,,
2021-03-16,10:15,11.2,5.6,70.0,W,25.7,45.1,1015.48,0.51,0.0,1.0,287.0,,
2021-03-16,10:30,11.3,6.1,72.0,WNW,17.7,38.6,1015.54,0.51,0.0,3.0,809.0,,
2021-03-16,10:45,11.4,6.7,73.0,W,24.1,45.1,1015.44,0.51,0.0,3.0,782.0,,
2021-03-16,11:00,11.8,6.7,73.0,WNW,25.7,43.5,1015.37,0.51,0.0,3.0,919.0,,
2021-03-16,11:15,11.4,6.7,74.0,W,29.0,49.9,1015.51,0.51,0.0,2.0,299.0,,
2021-03-16,11:30,12.3,6.7,69.0,WNW,17.7,43.5,1015.48,0.51,0.0,4.0,937.0,,
2021-03-16,11:45,12.4,7.8,73.0,W,20.9,41.8,1015.27,0.51,0.0,3.0,842.0,,
2021-03-16,12:00,11.9,7.8,76.0,WNW,16.1,51.5,1015.48,0.51,0.0,2.0,213.0,,
2021-03-16,12:15,12.0,7.8,76.0,NW,29.0,45.1,1015.51,0.51,0.0,4.0,744.0,,
2021-03-16,12:30,11.3,7.8,79.0,WNW,22.5,46.7,1015.54,0.51,0.0,1.0,220.0,,
2021-03-16,12:45,10.8,7.8,84.0,W,20.9,48.3,1015.54,0.76,0.25,1.0,125.0,,
2021-03-16,13:00,10.6,7.8,85.0,WNW,16.1,37.0,1015.51,0.76,0.25,0.0,97.0,,
2021-03-16,13:15,10.6,8.3,86.0,WNW,12.9,16.1,1015.51,0.76,0.25,3.0,267.0,,
2021-03-16,13:30,12.1,6.1,69.0,WNW,17.7,25.7,1015.24,0.76,0.25,4.0,860.0,,
2021-03-16,13:45,12.7,5.0,59.0,WNW,17.7,30.6,1014.8,0.76,0.0,4.0,844.0,,
2021-03-16,14:00,12.4,6.1,65.0,W,25.7,37.0,1014.83,0.76,0.0,3.0,592.0,,
2021-03-16,14:15,12.1,6.1,66.0,W,20.9,46.7,1014.87,0.76,0.0,3.0,694.0,,
2021-03-16,14:30,12.6,5.6,64.0,NW,19.3,37.0,1015.07,0.76,0.0,3.0,696.0,,
2021-03-16,14:45,12.3,7.2,72.0,WNW,25.7,41.8,1014.97,0.76,0.0,2.0,236.0,,
2021-03-16,15:00,12.9,8.3,74.0,N,22.5,48.3,1014.8,0.76,0.0,1.0,127.0,,
2021-03-16,15:15,11.9,7.8,76.0,NW,16.1,51.5,1015.04,0.76,0.0,1.0,204.0,,
2021-03-16,15:30,12.9,8.3,75.0,WNW,25.7,37.0,1015.04,0.76,0.0,2.0,689.0,,
2021-03-16,15:45,13.3,7.2,67.0,NW,29.0,43.5,1015.07,0.76,0.0,2.0,548.0,,
2021-03-16,16:00,13.3,7.2,67.0,WNW,30.6,46.7,1015.24,0.76,0.0,2.0,496.0,,
2021-03-16,16:15,13.1,7.2,68.0,WNW,20.9,48.3,1015.51,0.76,0.0,1.0,206.0,,
2021-03-16,16:30,10.6,4.4,67.0,NW,20.9,33.8,1016.29,0.76,0.0,0.0,44.0,,
2021-03-16,16:45,9.2,5.0,75.0,N,9.7,20.9,1016.09,1.02,0.25,1.0,95.0,,
2021-03-16,17:00,10.1,5.6,76.0,NW,3.2,6.4,1015.95,1.02,0.25,0.0,49.0,,
2021-03-16,17:15,10.8,5.6,70.0,WNW,6.4,11.3,1016.05,1.02,0.25,0.0,37.0,,
2021-03-16,17:30,10.8,5.0,69.0,WNW,9.7,16.1,1016.15,1.02,0.25,0.0,32.0,,
2021-03-16,17:45,11.3,5.6,67.0,WNW,11.3,19.3,1016.59,1.02,0.0,0.0,26.0,,
2021-03-16,18:00,11.4,5.0,66.0,WNW,6.4,20.9,1016.53,1.02,0.0,0.0,21.0,,
2021-03-16,18:15,11.2,5.0,67.0,NW,1.6,8.0,1016.76,1.02,0.0,0.0,12.0,,
2021-03-16,18:30,10.9,5.0,68.0,NW,3.2,6.4,1016.7,1.02,0.0,0.0,0.0,,
2021-03-16,18:45,10.7,4.4,66.0,NNW,4.8,17.7,1016.97,1.02,0.0,0.0,0.0,,
2021-03-16,19:00,10.8,2.8,58.0,NNW,14.5,25.7,1017.03,1.02,0.0,0.0,0.0,,
2021-03-16,19:15,10.7,1.7,54.0,NNW,24.1,30.6,1017.34,1.02,0.0,0.0,0.0,,
2021-03-16,19:30,10.6,1.7,54.0,NW,20.9,27.4,1017.61,1.02,0.0,0.0,0.0,,
2021-03-16,19:45,10.2,0.6,53.0,NW,14.5,24.1,1017.98,1.02,0.0,0.0,0.0,,
2021-03-16,20:00,10.0,-0.6,48.0,NW,19.3,25.7,1018.08,1.02,0.0,0.0,0.0,,
2021-03-16,20:15,9.9,-1.7,44.0,NW,20.9,30.6,1018.12,1.02,0.0,0.0,0.0,,
2021-03-16,20:30,9.8,-2.2,44.0,NW,17.7,32.2,1018.39,1.02,0.0,0.0,0.0,,
2021-03-16,20:45,9.6,-2.2,44.0,NNW,16.1,29.0,1018.83,1.02,0.0,0.0,0.0,,
2021-03-16,21:00,9.2,-2.2,45.0,NW,12.9,24.1,1019.0,1.02,0.0,0.0,0.0,,
2021-03-16,21:15,9.2,-2.2,45.0,NNW,6.4,24.1,1019.2,1.02,0.0,0.0,0.0,,
2021-03-16,21:30,9.1,-2.2,46.0,NW,1.6,16.1,1019.71,1.02,0.0,0.0,0.0,,
2021-03-16,21:45,7.6,-1.7,53.0,SW,1.6,3.2,1019.74,1.02,0.0,0.0,0.0,,
2021-03-16,22:00,7.3,-1.7,53.0,N,0.0,6.4,1019.84,1.02,0.0,0.0,0.0,,
2021-03-16,22:15,7.6,-0.6,56.0,N,0.0,6.4,1020.18,1.02,0.0,0.0,0.0,,
2021-03-16,22:30,7.4,-1.1,56.0,N,0.0,3.2,1020.35,1.02,0.0,0.0,0.0,,
2021-03-16,22:45,7.6,-0.6,56.0,N,0.0,6.4,1020.29,1.02,0.0,0.0,0.0,,
2021-03-16,23:00,7.9,-0.6,56.0,N,0.0,11.3,1020.29,1.02,0.0,0.0,0.0,,
2021-03-16,23:15,7.9,0.0,58.0,NW,1.6,6.4,1020.42,1.02,0.0,0.0,0.0,,
2021-03-16,23:30,7.3,0.6,62.0,NW,3.2,8.0,1020.25,1.02,0.0,0.0,0.0,,
2021-03-16,23:45,6.9,0.6,65.0,NW,3.2,4.8,1020.29,1.02,0.0,0.0,0.0,,
2021-03-16,OVR,,,,,,,,,,,,gustmax,82.1
2021-03-16,OVR,,,,,,,,,,,,rainrate_max,8
2021-03-16,OVR,,,,,,,,,,,,rain_total_mm,1
2021-03-16,OVR,,,,,,,,,,,,tmax,13.4
2021-03-16,OVR,,,,,,,,,,,,tmin,6.8
2021-03-16,OVR,,,,,,,,,,,,wind_dir_mean_deg,71
2021-03-17,00:00,6.9,1.1,67.0,N,0.0,4.8,1020.22,0.0,0.0,0.0,0.0,,
2021-03-17,00:15,7.0,1.7,69.0,N,0.0,4.8,1020.01,0.0,0.0,0.0,0.0,,
2021-03-17,00:30,7.2,1.7,69.0,NW,1.6,4.8,1019.88,0.0,0.0,0.0,0.0,,
2021-03-17,00:45,7.4,1.7,68.0,N,0.0,4.8,1019.81,0.0,0.0,0.0,0.0,,
2021-03-17,01:00,6.8,1.7,71.0,NW,1.6,4.8,1019.81,0.0,0.0,0.0,0.0,,
2021-03-17,01:15,6.6,2.2,73.0,N,0.0,3.2,1020.01,0.0,0.0,0.0,0.0,,
2021-03-17,01:30,6.3,2.2,77.0,N,0.0,1.6,1019.84,0.0,0.0,0.0,0.0,,
2021-03-17,01:45,6.1,2.8,79.0,NW,1.6,1.6,1019.88,0.0,0.0,0.0,0.0,,
2021-03-17,02:00,5.9,2.8,80.0,NW,1.6,1.6,1019.64,0.0,0.0,0.0,0.0,,
2021-03-17,02:15,5.9,2.8,82.0,NNW,1.6,3.2,1019.2,0.0,0.0,0.0,0.0,,
2021-03-17,02:30,5.6,2.8,83.0,NNW,1.6,3.2,1019.2,0.0,0.0,0.0,0.0,,
2021-03-17,02:45,5.8,3.3,84.0,NNW,1.6,3.2,1018.96,0.0,0.0,0.0,0.0,,
2021-03-17,03:00,5.8,3.3,84.0,NNW,3.2,3.2,1018.83,0.0,0.0,0.0,0.0,,
2021-03-17,03:15,5.7,3.3,86.0,NNW,1.6,3.2,1018.63,0.0,0.0,0.0,0.0,,
2021-03-17,03:30,5.8,3.3,84.0,NNW,3.2,3.2,1018.46,0.0,0.0,0.0,0.0,,
2021-03-17,03:45,5.2,2.2,83.0,E,1.6,4.8,1018.29,0.0,0.0,0.0,0.0,,
2021-03-17,04:00,5.7,2.8,83.0,E,3.2,3.2,1018.15,0.0,0.0,0.0,0.0,,
2021-03-17,04:15,5.4,2.8,84.0,E,1.6,4.8,1018.08,0.0,0.0,0.0,0.0,,
2021-03-17,04:30,6.0,3.3,83.0,E,4.8,4.8,1017.88,0.0,0.0,0.0,0.0,,
2021-03-17,04:45,6.2,3.3,84.0,SE,6.4,6.4,1018.02,0.0,0.0,0.0,0.0,,
2021-03-17,05:00,5.6,2.8,85.0,SE,3.2,4.8,1017.91,0.0,0.0,0.0,0.0,,
2021-03-17,05:15,5.2,2.8,85.0,SE,1.6,4.8,1017.68,0.0,0.0,0.0,0.0,,
2021-03-17,05:30,4.9,2.8,87.0,N,0.0,3.2,1017.71,0.0,0.0,0.0,0.0,,
2021-03-17,05:45,5.2,2.8,87.0,SE,3.2,4.8,1017.71,0.0,0.0,0.0,0.0,,
2021-03-17,06:00,5.8,3.3,86.0,SE,4.8,3.2,1017.64,0.0,0.0,0.0,0.0,,
2021-03-17,06:15,5.8,3.3,85.0,SE,3.2,4.8,1017.61,0.0,0.0,0.0,0.0,,
2021-03-17,06:30,5.7,3.3,84.0,SE,3.2,6.4,1017.61,0.0,0.0,0.0,0.0,,
2021-03-17,06:45,6.3,3.3,82.0,SE,6.4,8.0,1017.37,0.0,0.0,0.0,14.0,,
2021-03-17,07:00,6.3,3.3,81.0,SE,3.2,6.4,1017.44,0.0,0.0,0.0,21.0,,
2021-03-17,07:15,6.2,3.3,82.0,ESE,1.6,4.8,1017.37,0.0,0.0,0.0,70.0,,
2021-03-17,07:30,7.3,3.3,78.0,SE,3.2,6.4,1017.27,0.0,0.0,0.0,63.0,,
2021-03-17,07:45,7.2,3.3,78.0,SE,3.2,6.4,1017.24,0.0,0.0,0.0,70.0,,
2021-03-17,08:00,8.2,3.9,76.0,SE,1.6,6.4,1017.14,0.0,0.0,0.0,79.0,,
2021-03-17,08:15,8.8,4.4,76.0,ESE,6.4,11.3,1016.86,0.0,0.0,1.0,257.0,,
2021-03-17,08:30,9.0,4.4,74.0,ESE,1.6,11.3,1017.34,0.0,0.0,1.0,343.0,,
2021-03-17,08:45,9.4,5.0,74.0,SE,3.2,8.0,1016.97,0.0,0.0,1.0,301.0,,
2021-03-17,09:00,9.6,4.4,70.0,ESE,6.4,11.3,1017.14,0.0,0.0,1.0,320.0,,
2021-03-17,09:15,9.7,5.0,72.0,SSE,3.2,9.7,1017.2,0.0,0.0,2.0,555.0,,
2021-03-17,09:30,9.7,4.4,72.0,ESE,3.2,9.7,1016.93,0.0,0.0,1.0,272.0,,
2021-03-17,09:45,10.1,5.0,71.0,N,0.0,4.8,1017.14,0.0,0.0,1.0,193.0,,
2021-03-17,10:00,10.0,5.6,75.0,SE,6.4,9.7,1016.93,0.0,0.0,2.0,253.0,,
2021-03-17,10:15,10.1,5.0,72.0,SE,3.2,8.0,1016.8,0.0,0.0,3.0,663.0,,
2021-03-17,10:30,10.7,5.6,70.0,E,1.6,6.4,1016.59,0.0,0.0,2.0,782.0,,
2021-03-17,10:45,11.0,6.1,72.0,WSW,1.6,11.3,1016.63,0.0,0.0,2.0,299.0,,
2021-03-17,11:00,11.1,5.6,69.0,W,12.9,20.9,1016.8,0.0,0.0,2.0,427.0,,
2021-03-17,11:15,11.2,6.1,72.0,W,9.7,20.9,1016.76,0.0,0.0,2.0,330.0,,
2021-03-17,11:30,10.9,6.1,72.0,W,19.3,20.9,1016.63,0.0,0.0,2.0,265.0,,
2021-03-17,11:45,10.9,5.6,71.0,W,16.1,22.5,1016.49,0.0,0.0,2.0,403.0,,
2021-03-17,12:00,10.8,5.6,72.0,W,14.5,20.9,1016.42,0.0,0.0,2.0,306.0,,
2021-03-17,12:15,10.9,6.1,72.0,W,12.9,22.5,1016.09,0.0,0.0,2.0,285.0,,
2021-03-17,12:30,11.2,6.7,73.0,W,6.4,24.1,1015.98,0.0,0.0,4.0,573.0,,
2021-03-17,12:45,11.4,6.1,72.0,WNW,22.5,37.0,1015.82,0.0,0.0,4.0,810.0,,
2021-03-17,13:00,11.9,7.2,73.0,W,9.7,27.4,1015.61,0.0,0.0,4.0,824.0,,
2021-03-17,13:15,12.1,7.2,74.0,W,19.3,30.6,1015.41,0.0,0.0,4.0,877.0,,
2021-03-17,13:30,12.1,6.7,71.0,NNW,20.9,33.8,1015.48,0.0,0.0,2.0,225.0,,
2021-03-17,13:45,12.1,7.2,72.0,WNW,20.9,35.4,1014.97,0.0,0.0,2.0,237.0,,
2021-03-17,14:00,12.0,6.7,71.0,WNW,25.7,46.7,1015.34,0.0,0.0,3.0,984.0,,
2021-03-17,14:15,12.4,7.2,70.0,W,17.7,46.7,1014.93,0.0,0.0,4.0,937.0,,
2021-03-17,14:30,12.3,7.2,72.0,W,22.5,38.6,1014.8,0.0,0.0,2.0,258.0,,
2021-03-17,14:45,11.9,6.7,70.0,W,43.5,46.7,1014.7,0.0,0.0,2.0,283.0,,
2021-03-17,15:00,11.7,6.1,70.0,WNW,32.2,38.6,1014.6,0.0,0.0,1.0,114.0,,
2021-03-17,15:15,12.0,6.1,67.0,,17.7,54.7,1014.6,0.0,0.0,2.0,548.0,,
2021-03-17,15:30,11.8,6.7,72.0,WNW,29.0,45.1,1014.43,0.0,0.0,0.0,113.0,,
2021-03-17,15:45,10.9,6.1,74.0,NW,16.1,45.1,1014.16,0.0,0.0,1.0,105.0,,
2021-03-17,16:00,11.1,6.7,75.0,W,25.7,35.4,1013.99,0.0,0.0,1.0,174.0,,
2021-03-17,16:15,11.8,6.7,71.0,WNW,20.9,45.1,1013.85,0.0,0.0,1.0,86.0,,
2021-03-17,16:30,11.1,6.1,72.0,W,20.9,48.3,1013.92,0.0,0.0,1.0,149.0,,
2021-03-17,16:45,11.3,6.1,71.0,WNW,25.7,46.7,1013.99,0.0,0.0,1.0,72.0,,
2021-03-17,17:00,10.9,6.7,75.0,W,17.7,41.8,1013.72,0.0,0.0,0.0,63.0,,
2021-03-17,17:15,10.7,6.1,74.0,WNW,25.7,35.4,1013.75,0.0,0.0,0.0,54.0,,
2021-03-17,17:30,10.4,6.1,75.0,W,30.6,43.5,1013.58,0.0,0.0,0.0,74.0,,
2021-03-17,17:45,10.3,6.1,76.0,WNW,33.8,40.2,1013.65,0.0,0.0,0.0,49.0,,
2021-03-17,18:00,10.2,6.1,76.0,W,16.1,45.1,1013.85,0.0,0.0,0.0,56.0,,
2021-03-17,18:15,9.4,6.1,80.0,WNW,16.1,29.0,1013.75,0.0,0.0,0.0,21.0,,
2021-03-17,18:30,9.2,5.6,81.0,W,12.9,27.4,1013.72,0.0,0.0,0.0,0.0,,
2021-03-17,18:45,8.9,5.6,82.0,W,14.5,19.3,1013.72,0.0,0.0,0.0,0.0,,
2021-03-17,19:00,8.7,5.6,82.0,W,14.5,19.3,1013.75,0.0,0.0,0.0,0.0,,
2021-03-17,19:15,8.7,5.6,83.0,W,12.9,20.9,1013.92,0.0,0.0,0.0,0.0,,
2021-03-17,19:30,8.9,5.6,82.0,WNW,11.3,17.7,1013.85,0.0,0.0,0.0,0.0,,
2021-03-17,19:45,8.3,6.1,86.0,W,14.5,25.7,1014.16,0.51,0.51,0.0,0.0,,
2021-03-17,20:00,8.1,6.1,89.0,WNW,11.3,14.5,1013.85,0.51,0.51,0.0,0.0,,
2021-03-17,20:15,8.2,6.7,90.0,WNW,4.8,22.5,1014.16,0.51,0.51,0.0,0.0,,
2021-03-17,20:30,8.1,6.7,90.0,WNW,4.8,17.7,1014.12,0.51,0.51,0.0,0.0,,
2021-03-17,20:45,7.9,6.1,91.0,W,4.8,14.5,1014.12,0.51,0.0,0.0,0.0,,
2021-03-17,21:00,7.8,6.1,90.0,W,6.4,16.1,1014.19,0.51,0.0,0.0,0.0,,
2021-03-17,21:15,7.8,6.1,91.0,W,11.3,19.3,1014.26,0.51,0.0,0.0,0.0,,
2021-03-17,21:30,7.8,6.1,91.0,WNW,11.3,14.5,1014.16,0.51,0.0,0.0,0.0,,
2021-03-17,21:45,7.6,6.1,91.0,W,4.8,12.9,1013.99,0.51,0.0,0.0,0.0,,
2021-03-17,22:00,7.3,6.1,92.0,W,6.4,14.5,1013.85,0.51,0.0,0.0,0.0,,
2021-03-17,22:15,7.4,6.1,92.0,W,1.6,9.7,1013.75,0.51,0.0,0.0,0.0,,
2021-03-17,22:30,7.1,5.6,92.0,N,0.0,3.2,1013.61,0.51,0.0,0.0,0.0,,
2021-03-17,22:45,6.9,5.6,92.0,N,0.0,3.2,1013.82,0.51,0.0,0.0,0.0,,
2021-03-17,23:00,7.1,5.6,92.0,W,1.6,1.6,1013.72,0.51,0.0,0.0,0.0,,
2021-03-17,23:15,7.2,6.1,93.0,W,1.6,1.6,1013.75,0.51,0.0,0.0,0.0,,
2021-03-17,23:30,7.2,5.6,92.0,N,0.0,3.2,1013.88,0.51,0.0,0.0,0.0,,
2021-03-17,23:45,7.7,6.1,91.0,W,1.6,3.2,1013.65,0.51,0.0,0.0,0.0,,
2021-03-17,OVR,,,,,,,,,,,,gustmax,54.7
2021-03-17,OVR,,,,,,,,,,,,rainrate_max,3
2021-03-17,OVR,,,,,,,,,,,,rain_total_mm,0.4
2021-03-17,OVR,,,,,,,,,,,,tmax,12.7
2021-03-17,OVR,,,,,,,,,,,,tmin,4.8
2021-03-17,OVR,,,,,,,,,,,,wind_dir_mean_deg,81
2021-03-18,00:00,7.4,6.1,92.0,W,1.6,3.2,1013.48,0.0,0.0,0.0,0.0,,
2021-03-18,00:15,7.4,6.1,92.0,WSW,3.2,3.2,1013.34,0.0,0.0,0.0,0.0,,
2021-03-18,00:30,7.4,6.1,92.0,W,1.6,4.8,1013.38,0.0,0.0,0.0,0.0,,
2021-03-18,00:45,7.2,6.1,93.0,N,0.0,4.8,1013.31,0.0,0.0,0.0,0.0,,
2021-03-18,01:00,7.2,6.1,93.0,SE,4.8,9.7,1013.34,0.0,0.0,0.0,0.0,,
2021-03-18,01:15,7.3,6.1,93.0,N,6.4,9.7,1013.68,0.51,0.51,0.0,0.0,,
2021-03-18,01:30,6.9,5.6,93.0,,12.9,20.9,1013.92,0.76,0.76,0.0,0.0,,
2021-03-18,01:45,6.7,5.6,93.0,,8.0,17.7,1013.85,2.03,2.03,0.0,0.0,,
2021-03-18,02:00,6.7,5.6,92.0,ENE,4.8,11.3,1013.65,2.29,2.29,0.0,0.0,,
2021-03-18,02:15,6.7,5.0,91.0,ENE,6.4,11.3,1013.17,2.79,2.29,0.0,0.0,,
2021-03-18,02:30,6.6,4.4,89.0,E,3.2,11.3,1013.0,2.79,1.78,0.0,0.0,,
2021-03-18,02:45,6.8,4.4,87.0,ENE,3.2,9.7,1012.94,2.79,0.76,0.0,0.0,,
2021-03-18,03:00,6.7,5.0,89.0,ENE,6.4,9.7,1013.04,2.79,0.51,0.0,0.0,,
2021-03-18,03:15,6.6,4.4,87.0,ENE,8.0,11.3,1012.8,2.79,0.0,0.0,0.0,,
2021-03-18,03:30,6.5,4.4,88.0,ENE,6.4,11.3,1012.7,2.79,0.0,0.0,0.0,,
2021-03-18,03:45,6.5,4.4,89.0,NNW,6.4,9.7,1012.84,2.79,0.0,0.0,0.0,,
2021-03-18,04:00,6.4,5.0,91.0,NNW,1.6,4.8,1013.0,3.05,0.25,0.0,0.0,,
2021-03-18,04:15,6.3,5.0,92.0,NW,1.6,4.8,1012.73,3.3,0.51,0.0,0.0,,
2021-03-18,04:30,6.1,5.0,93.0,NW,3.2,4.8,1012.77,3.3,0.51,0.0,0.0,,
2021-03-18,04:45,6.1,5.0,93.0,E,3.2,4.8,1012.84,3.3,0.51,0.0,0.0,,
2021-03-18,05:00,6.1,4.4,92.0,ESE,3.2,4.8,1012.53,3.3,0.51,0.0,0.0,,
2021-03-18,05:15,5.6,3.9,91.0,ESE,3.2,4.8,1012.7,3.3,0.25,0.0,0.0,,
2021-03-18,05:30,5.4,3.9,91.0,ESE,6.4,9.7,1012.63,3.3,0.25,0.0,0.0,,
2021-03-18,05:45,5.3,3.9,92.0,ESE,4.8,6.4,1012.94,3.3,0.0,0.0,0.0,,
2021-03-18,06:00,5.6,3.9,91.0,N,0.0,6.4,1013.04,3.3,0.0,0.0,0.0,,
2021-03-18,06:15,5.3,3.9,91.0,NW,1.6,6.4,1013.28,3.3,0.0,0.0,0.0,,
2021-03-18,06:30,5.6,4.4,92.0,E,6.4,8.0,1013.14,3.3,0.0,0.0,0.0,,
2021-03-18,06:45,5.8,4.4,92.0,E,4.8,12.9,1013.28,3.3,0.0,0.0,9.0,,
2021-03-18,07:00,5.8,3.9,90.0,ENE,4.8,9.7,1013.44,3.3,0.0,0.0,16.0,,
2021-03-18,07:15,5.6,3.9,89.0,ENE,4.8,8.0,1013.58,3.3,0.0,0.0,63.0,,
2021-03-18,07:30,6.3,4.4,89.0,E,4.8,8.0,1013.58,3.3,0.0,0.0,132.0,,
2021-03-18,07:45,7.3,5.0,85.0,E,9.7,12.9,1013.44,3.3,0.0,0.0,220.0,,
2021-03-18,08:00,7.8,4.4,80.0,E,4.8,16.1,1013.68,3.3,0.0,0.0,206.0,,
2021-03-18,08:15,7.7,4.4,82.0,ESE,1.6,11.3,1013.82,3.3,0.0,1.0,257.0,,
2021-03-18,08:30,7.8,4.4,81.0,SE,11.3,14.5,1013.55,3.3,0.0,1.0,190.0,,
2021-03-18,08:45,7.6,5.0,86.0,SSE,6.4,12.9,1013.75,3.3,0.0,1.0,332.0,,
2021-03-18,09:00,8.1,5.6,84.0,SE,1.6,12.9,1013.92,3.3,0.0,1.0,392.0,,
2021-03-18,09:15,8.4,5.0,82.0,ESE,6.4,12.9,1013.99,3.3,0.0,1.0,260.0,,
2021-03-18,09:30,8.8,5.6,80.0,SSE,3.2,3.2,1014.26,3.3,0.0,1.0,299.0,,
2021-03-18,09:45,8.8,5.0,79.0,N,3.2,6.4,1014.36,3.3,0.0,1.0,308.0,,
2021-03-18,10:00,9.2,5.6,79.0,ESE,1.6,6.4,1014.46,3.3,0.0,2.0,446.0,,
2021-03-18,10:15,9.6,5.0,73.0,N,0.0,4.8,1014.7,3.3,0.0,2.0,401.0,,
2021-03-18,10:30,9.3,5.6,77.0,N,0.0,12.9,1014.43,3.3,0.0,3.0,295.0,,
2021-03-18,10:45,10.1,5.6,74.0,NW,6.4,11.3,1014.73,3.3,0.0,3.0,570.0,,
2021-03-18,11:00,10.2,4.4,69.0,N,0.0,11.3,1014.7,3.3,0.0,2.0,846.0,,
2021-03-18,11:15,10.2,4.4,69.0,N,0.0,11.3,1014.53,3.3,0.0,2.0,172.0,,
2021-03-18,11:30,10.4,4.4,67.0,SSW,1.6,4.8,1014.46,3.3,0.0,4.0,963.0,,
2021-03-18,11:45,10.9,5.6,71.0,N,0.0,6.4,1014.49,3.3,0.0,2.0,313.0,,
2021-03-18,12:00,11.3,4.4,62.0,SSE,6.4,9.7,1014.16,3.3,0.0,4.0,935.0,,
2021-03-18,12:15,11.3,3.9,62.0,S,3.2,8.0,1014.16,3.3,0.0,2.0,294.0,,
2021-03-18,12:30,11.6,5.0,63.0,SW,1.6,12.9,1013.92,3.3,0.0,5.0,545.0,,
2021-03-18,12:45,11.7,5.6,68.0,S,1.6,12.9,1013.82,3.3,0.0,5.0,1023.0,,
2021-03-18,13:00,11.8,4.4,62.0,WNW,9.7,22.5,1013.65,3.3,0.0,4.0,608.0,,
2021-03-18,13:15,12.1,5.0,62.0,WNW,12.9,19.3,1013.55,3.3,0.0,5.0,877.0,,
2021-03-18,13:30,12.1,4.4,60.0,WNW,11.3,16.1,1013.21,3.3,0.0,4.0,977.0,,
2021-03-18,13:45,11.9,4.4,61.0,SSW,3.2,12.9,1013.07,3.3,0.0,3.0,443.0,,
2021-03-18,14:00,11.9,4.4,60.0,WSW,1.6,14.5,1012.63,3.3,0.0,2.0,160.0,,
2021-03-18,14:15,12.2,3.9,58.0,WNW,3.2,24.1,1012.43,3.3,0.0,4.0,798.0,,
2021-03-18,14:30,12.2,6.1,66.0,WNW,20.9,25.7,1012.36,3.3,0.0,3.0,789.0,,
2021-03-18,14:45,11.8,5.6,66.0,WNW,8.0,29.0,1012.19,3.3,0.0,3.0,696.0,,
2021-03-18,15:00,12.4,6.7,68.0,W,4.8,20.9,1012.26,3.3,0.0,3.0,617.0,,
2021-03-18,15:15,12.7,6.7,69.0,W,12.9,20.9,1012.33,3.3,0.0,3.0,719.0,,
2021-03-18,15:30,12.6,6.1,65.0,NW,9.7,20.9,1012.16,3.3,0.0,2.0,689.0,,
2021-03-18,15:45,11.5,6.7,72.0,SE,8.0,22.5,1012.19,3.3,0.0,1.0,237.0,,
2021-03-18,16:00,11.3,6.1,72.0,NW,14.5,27.4,1012.12,3.3,0.0,0.0,130.0,,
2021-03-18,16:15,10.6,6.1,74.0,ESE,1.6,17.7,1011.89,3.3,0.0,1.0,248.0,,
2021-03-18,16:30,11.8,6.1,69.0,NW,6.4,11.3,1011.82,3.3,0.0,0.0,204.0,,
2021-03-18,16:45,10.3,6.1,75.0,,8.0,22.5,1012.5,3.3,0.0,0.0,225.0,,
2021-03-18,17:00,9.0,5.6,79.0,NE,9.7,25.7,1012.43,3.3,0.0,0.0,176.0,,
2021-03-18,17:15,8.7,5.0,79.0,E,20.9,25.7,1012.5,3.3,0.0,0.0,93.0,,
2021-03-18,17:30,7.8,4.4,81.0,E,16.1,30.6,1012.63,3.3,0.0,0.0,105.0,,
2021-03-18,17:45,7.5,4.4,81.0,E,16.1,29.0,1012.84,3.3,0.0,0.0,32.0,,
2021-03-18,18:00,6.8,3.9,83.0,ESE,14.5,30.6,1012.53,3.3,0.0,0.0,21.0,,
2021-03-18,18:15,6.6,3.3,82.0,E,12.9,25.7,1012.84,3.3,0.0,0.0,11.0,,
2021-03-18,18:30,6.4,3.9,83.0,ENE,16.1,24.1,1012.9,3.3,0.0,0.0,0.0,,
2021-03-18,18:45,6.2,3.3,83.0,ESE,11.3,22.5,1012.97,3.3,0.0,0.0,0.0,,
2021-03-18,19:00,6.2,3.3,83.0,E,14.5,19.3,1012.67,3.3,0.0,0.0,0.0,,
2021-03-18,19:15,5.9,3.3,83.0,E,14.5,20.9,1012.73,3.3,0.0,0.0,0.0,,
2021-03-18,19:30,5.8,2.8,83.0,ENE,17.7,19.3,1012.87,3.3,0.0,0.0,0.0,,
2021-03-18,19:45,5.8,2.8,83.0,ENE,8.0,22.5,1012.97,3.3,0.0,0.0,0.0,,
2021-03-18,20:00,5.8,3.3,84.0,ENE,9.7,22.5,1012.87,3.3,0.0,0.0,0.0,,
2021-03-18,20:15,5.7,3.3,85.0,ENE,14.5,20.9,1013.04,3.3,0.0,0.0,0.0,,
2021-03-18,20:30,5.7,3.3,85.0,NE,14.5,19.3,1012.97,3.3,0.0,0.0,0.0,,
2021-03-18,20:45,5.7,3.3,85.0,E,12.9,17.7,1013.07,3.3,0.0,0.0,0.0,,
2021-03-18,21:00,5.6,3.3,85.0,ENE,9.7,17.7,1013.14,3.3,0.0,0.0,0.0,,
2021-03-18,21:15,5.6,2.8,85.0,ENE,11.3,17.7,1013.07,3.3,0.0,0.0,0.0,,
2021-03-18,21:30,5.6,3.3,85.0,ESE,4.8,16.1,1013.21,3.3,0.0,0.0,0.0,,
2021-03-18,21:45,5.7,3.3,85.0,E,4.8,11.3,1013.11,3.3,0.0,0.0,0.0,,
2021-03-18,22:00,5.9,3.3,84.0,E,6.4,12.9,1013.17,3.3,0.0,0.0,0.0,,
2021-03-18,22:15,5.9,3.3,84.0,E,8.0,16.1,1013.24,3.3,0.0,0.0,0.0,,
2021-03-18,22:30,5.8,3.3,84.0,E,6.4,14.5,1013.17,3.3,0.0,0.0,0.0,,
2021-03-18,22:45,5.8,3.3,85.0,E,6.4,12.9,1013.17,3.3,0.0,0.0,0.0,,
2021-03-18,23:00,6.1,3.3,83.0,E,4.8,14.5,1013.17,3.3,0.0,0.0,0.0,,
2021-03-18,23:15,6.3,3.3,82.0,ESE,9.7,14.5,1013.07,3.3,0.0,0.0,0.0,,
2021-03-18,23:30,6.4,3.3,81.0,ESE,12.9,14.5,1012.94,3.3,0.0,0.0,0.0,,
2021-03-18,23:45,6.3,3.3,81.0,ENE,4.8,11.3,1012.97,3.3,0.0,0.0,0.0,,
2021-03-18,OVR,,,,,,,,,,,,gustmax,30.6
2021-03-18,OVR,,,,,,,,,,,,rainrate_max,19.6
2021-03-18,OVR,,,,,,,,,,,,rain_total_mm,3.4
2021-03-18,OVR,,,,,,,,,,,,tmax,12.8
2021-03-18,OVR,,,,,,,,,,,,tmin,5.3
2021-03-18,OVR,,,,,,,,,,,,wind_dir_mean_deg,282
2021-03-19,00:00,6.1,3.3,82.0,NE,6.4,8.0,1012.8,0.0,0.0,0.0,0.0,,
2021-03-19,00:15,5.2,2.8,85.0,ENE,1.6,4.8,1012.73,0.0,0.0,0.0,0.0,,
2021-03-19,00:30,4.9,2.8,87.0,ESE,1.6,6.4,1012.5,0.0,0.0,0.0,0.0,,
2021-03-19,00:45,4.6,2.2,87.0,ESE,4.8,4.8,1012.39,0.0,0.0,0.0,0.0,,
2021-03-19,01:00,4.7,2.8,88.0,ESE,4.8,6.4,1012.29,0.0,0.0,0.0,0.0,,
2021-03-19,01:15,5.1,2.8,87.0,ESE,4.8,9.7,1012.26,0.0,0.0,0.0,0.0,,
2021-03-19,01:30,5.3,3.3,87.0,E,3.2,4.8,1012.19,0.0,0.0,0.0,0.0,,
2021-03-19,01:45,5.6,3.3,85.0,E,4.8,11.3,1012.16,0.0,0.0,0.0,0.0,,
2021-03-19,02:00,5.7,3.3,85.0,E,3.2,9.7,1011.89,0.0,0.0,0.0,0.0,,
2021-03-19,02:15,5.3,2.8,86.0,ESE,3.2,9.7,1011.45,0.0,0.0,0.0,0.0,,
2021-03-19,02:30,5.2,2.8,86.0,ESE,4.8,6.4,1011.34,0.0,0.0,0.0,0.0,,
2021-03-19,02:45,4.9,2.8,87.0,ESE,4.8,9.7,1011.34,0.0,0.0,0.0,0.0,,
2021-03-19,03:00,4.8,2.8,88.0,ESE,4.8,9.7,1011.11,0.0,0.0,0.0,0.0,,
2021-03-19,03:15,5.0,2.8,85.0,ESE,3.2,6.4,1010.94,0.0,0.0,0.0,0.0,,
2021-03-19,03:30,5.1,2.8,85.0,ESE,4.8,6.4,1010.84,0.0,0.0,0.0,0.0,,
2021-03-19,03:45,5.3,2.8,85.0,ESE,4.8,6.4,1010.63,0.0,0.0,0.0,0.0,,
2021-03-19,04:00,4.8,2.2,85.0,N,0.0,4.8,1010.53,0.0,0.0,0.0,0.0,,
2021-03-19,04:15,4.6,2.2,87.0,ESE,3.2,6.4,1010.6,0.0,0.0,0.0,0.0,,
2021-03-19,04:30,4.8,2.8,87.0,ESE,4.8,11.3,1010.4,0.0,0.0,0.0,0.0,,
2021-03-19,04:45,4.8,2.8,86.0,ESE,6.4,9.7,1010.33,0.0,0.0,0.0,0.0,,
2021-03-19,05:00,4.9,2.8,85.0,ESE,3.2,11.3,1010.33,0.0,0.0,0.0,0.0,,
2021-03-19,05:15,4.2,2.2,87.0,ESE,3.2,6.4,1010.4,0.0,0.0,0.0,0.0,,
2021-03-19,05:30,4.5,2.2,88.0,N,0.0,3.2,1010.33,0.0,0.0,0.0,0.0,,
2021-03-19,05:45,4.3,2.2,87.0,N,0.0,3.2,1010.19,0.0,0.0,0.0,0.0,,
2021-03-19,06:00,4.3,2.2,88.0,ESE,1.6,4.8,1010.02,0.0,0.0,0.0,0.0,,
2021-03-19,06:15,4.4,2.2,87.0,N,0.0,1.6,1010.26,0.0,0.0,0.0,0.0,,
2021-03-19,06:30,4.5,2.2,88.0,ESE,3.2,9.7,1009.96,0.0,0.0,0.0,0.0,,
2021-03-19,06:45,4.4,2.2,88.0,ESE,3.2,4.8,1010.19,0.0,0.0,0.0,16.0,,
2021-03-19,07:00,5.0,2.8,87.0,ESE,4.8,9.7,1010.3,0.0,0.0,0.0,26.0,,
2021-03-19,07:15,5.6,3.3,86.0,ESE,4.8,9.7,1010.26,0.0,0.0,0.0,107.0,,
2021-03-19,07:30,6.8,3.9,83.0,ESE,12.9,11.3,1010.16,0.0,0.0,0.0,104.0,,
2021-03-19,07:45,7.3,3.9,81.0,SE,12.9,16.1,1010.3,0.0,0.0,0.0,271.0,,
2021-03-19,08:00,7.6,4.4,81.0,SE,4.8,17.7,1010.3,0.0,0.0,0.0,334.0,,
2021-03-19,08:15,7.6,4.4,80.0,ESE,6.4,16.1,1010.13,0.0,0.0,0.0,109.0,,
2021-03-19,08:30,7.2,4.4,82.0,SE,4.8,11.3,1010.36,0.0,0.0,0.0,128.0,,
2021-03-19,08:45,7.2,4.4,85.0,N,0.0,3.2,1010.43,0.0,0.0,0.0,223.0,,
2021-03-19,09:00,7.2,5.0,86.0,ENE,1.6,4.8,1010.36,0.0,0.0,0.0,121.0,,
2021-03-19,09:15,6.6,4.4,89.0,WNW,1.6,8.0,1010.67,0.0,0.0,0.0,70.0,,
2021-03-19,09:30,5.9,4.4,91.0,,1.6,4.8,1010.46,0.25,0.25,1.0,135.0,,
2021-03-19,09:45,6.5,5.0,92.0,ESE,6.4,6.4,1010.4,0.51,0.51,1.0,127.0,,
2021-03-19,10:00,7.2,5.6,91.0,ENE,12.9,12.9,1010.13,0.51,0.51,2.0,624.0,,
2021-03-19,10:15,8.3,6.1,89.0,,4.8,12.9,1010.16,0.51,0.51,3.0,687.0,,
2021-03-19,10:30,8.1,5.6,85.0,ESE,3.2,11.3,1010.33,0.51,0.51,2.0,304.0,,
2021-03-19,10:45,8.3,6.1,86.0,SE,1.6,9.7,1010.16,0.51,0.0,1.0,213.0,,
2021-03-19,11:00,8.4,6.1,87.0,SE,4.8,16.1,1010.02,0.51,0.0,4.0,237.0,,
2021-03-19,11:15,9.1,6.1,82.0,SE,9.7,19.3,1010.06,0.51,0.0,4.0,770.0,,
2021-03-19,11:30,9.1,6.1,82.0,SSE,11.3,16.1,1009.82,0.51,0.0,3.0,281.0,,
2021-03-19,11:45,9.4,5.6,77.0,SE,4.8,19.3,1009.92,0.51,0.0,3.0,972.0,,
2021-03-19,12:00,9.4,6.1,82.0,SE,1.6,17.7,1009.96,0.51,0.0,2.0,311.0,,
2021-03-19,12:15,9.4,5.6,78.0,ESE,16.1,20.9,1009.82,0.51,0.0,3.0,387.0,,
2021-03-19,12:30,9.4,5.0,75.0,ESE,4.8,19.3,1009.72,0.51,0.0,5.0,1109.0,,
2021-03-19,12:45,9.5,5.6,78.0,ESE,6.4,19.3,1009.62,0.51,0.0,2.0,338.0,,
2021-03-19,13:00,9.6,5.6,76.0,SSE,8.0,19.3,1009.45,0.51,0.0,3.0,353.0,,
2021-03-19,13:15,9.7,6.1,80.0,SE,12.9,24.1,1009.14,0.51,0.0,5.0,1051.0,,
2021-03-19,13:30,9.4,6.1,81.0,S,6.4,20.9,1008.84,0.51,0.0,2.0,643.0,,
2021-03-19,13:45,9.2,5.0,77.0,SSE,6.4,11.3,1008.77,0.51,0.0,2.0,332.0,,
2021-03-19,14:00,8.9,5.0,78.0,SE,12.9,17.7,1008.77,0.51,0.0,1.0,130.0,,
2021-03-19,14:15,8.2,6.1,87.0,SE,6.4,12.9,1008.84,1.02,0.51,1.0,158.0,,
2021-03-19,14:30,8.2,6.1,89.0,ESE,11.3,16.1,1008.94,1.02,0.51,3.0,606.0,,
2021-03-19,14:45,8.8,5.6,80.0,E,6.4,12.9,1008.74,1.02,0.51,2.0,501.0,,
2021-03-19,15:00,9.3,5.0,76.0,ESE,4.8,8.0,1008.5,1.02,0.51,2.0,443.0,,
2021-03-19,15:15,9.8,5.0,74.0,E,4.8,9.7,1008.36,1.02,0.0,2.0,369.0,,
2021-03-19,15:30,9.9,5.6,76.0,SE,4.8,14.5,1008.33,1.02,0.0,1.0,237.0,,
2021-03-19,15:45,10.0,5.0,72.0,SSE,6.4,14.5,1008.23,1.02,0.0,1.0,369.0,,
2021-03-19,16:00,9.7,5.0,72.0,SE,3.2,14.5,1008.2,1.02,0.0,0.0,134.0,,
2021-03-19,16:15,9.6,5.6,78.0,SE,1.6,8.0,1008.3,1.02,0.0,1.0,174.0,,
2021-03-19,16:30,9.8,5.6,76.0,E,3.2,4.8,1008.09,1.02,0.0,1.0,176.0,,
2021-03-19,16:45,9.6,5.6,78.0,NE,3.2,4.8,1008.3,1.02,0.0,0.0,98.0,,
2021-03-19,17:00,9.3,5.6,80.0,E,3.2,9.7,1008.47,1.02,0.0,0.0,69.0,,
2021-03-19,17:15,9.2,5.6,80.0,E,3.2,6.4,1008.36,1.02,0.0,0.0,81.0,,
2021-03-19,17:30,9.4,6.1,80.0,E,1.6,9.7,1008.43,1.02,0.0,0.0,137.0,,
2021-03-19,17:45,9.6,5.6,78.0,SSE,1.6,6.4,1008.81,1.02,0.0,0.0,102.0,,
2021-03-19,18:00,9.3,5.6,78.0,SSE,3.2,8.0,1008.6,1.02,0.0,0.0,56.0,,
2021-03-19,18:15,9.1,5.6,79.0,SSE,1.6,6.4,1008.7,1.02,0.0,0.0,30.0,,
2021-03-19,18:30,8.4,5.6,84.0,SSE,1.6,3.2,1008.74,1.02,0.0,0.0,0.0,,
2021-03-19,18:45,7.9,5.6,85.0,SSE,6.4,6.4,1009.04,1.02,0.0,0.0,0.0,,
2021-03-19,19:00,7.6,5.6,87.0,SSE,3.2,6.4,1009.01,1.02,0.0,0.0,0.0,,
2021-03-19,19:15,7.4,5.0,87.0,SSE,3.2,6.4,1009.04,1.02,0.0,0.0,0.0,,
2021-03-19,19:30,7.4,5.0,87.0,SSE,1.6,3.2,1009.25,1.02,0.0,0.0,0.0,,
2021-03-19,19:45,7.8,5.0,82.0,WNW,3.2,9.7,1009.14,1.02,0.0,0.0,0.0,,
2021-03-19,20:00,7.4,4.4,83.0,W,1.6,4.8,1009.18,1.02,0.0,0.0,0.0,,
2021-03-19,20:15,6.8,3.9,82.0,N,0.0,3.2,1009.31,1.02,0.0,0.0,0.0,,
2021-03-19,20:30,6.2,3.3,83.0,W,3.2,3.2,1009.18,1.02,0.0,0.0,0.0,,
2021-03-19,20:45,5.8,2.8,83.0,W,1.6,3.2,1009.65,1.02,0.0,0.0,0.0,,
2021-03-19,21:00,6.2,2.8,80.0,W,1.6,4.8,1009.65,1.02,0.0,0.0,0.0,,
2021-03-19,21:15,6.1,2.8,80.0,W,3.2,3.2,1009.65,1.02,0.0,0.0,0.0,,
2021-03-19,21:30,6.1,2.8,80.0,W,1.6,3.2,1009.79,1.02,0.0,0.0,0.0,,
2021-03-19,21:45,6.1,2.8,80.0,S,3.2,4.8,1009.79,1.02,0.0,0.0,0.0,,
2021-03-19,22:00,5.9,3.3,85.0,ESE,4.8,6.4,1009.75,1.02,0.0,0.0,0.0,,
2021-03-19,22:15,6.2,3.9,87.0,ESE,1.6,6.4,1009.92,1.02,0.0,0.0,0.0,,
2021-03-19,22:30,5.9,3.9,88.0,ESE,1.6,1.6,1010.19,1.02,0.0,0.0,0.0,,
2021-03-19,22:45,6.1,4.4,88.0,ENE,1.6,4.8,1010.06,1.02,0.0,0.0,0.0,,
2021-03-19,23:00,6.1,3.9,88.0,ENE,6.4,8.0,1009.96,1.02,0.0,0.0,0.0,,
2021-03-19,23:15,6.0,3.9,87.0,E,4.8,6.4,1010.13,1.02,0.0,0.0,0.0,,
2021-03-19,23:30,5.4,3.3,88.0,E,3.2,6.4,1009.85,1.02,0.0,0.0,0.0,,
2021-03-19,23:45,5.3,3.3,88.0,E,1.6,4.8,1009.85,1.02,0.0,0.0,0.0,,
2021-03-19,OVR,,,,,,,,,,,,gustmax,24.1
2021-03-19,OVR,,,,,,,,,,,,rainrate_max,3.2
2021-03-19,OVR,,,,,,,,,,,,rain_total_mm,1
2021-03-19,OVR,,,,,,,,,,,,tmax,10.3
2021-03-19,OVR,,,,,,,,,,,,tmin,4
2021-03-19,OVR,,,,,,,,,,,,wind_dir_mean_deg,240
2021-03-20,00:00,5.2,3.3,88.0,E,4.8,6.4,1009.82,0.0,0.0,0.0,0.0,,
2021-03-20,00:15,5.3,3.3,87.0,E,4.8,6.4,1009.79,0.0,0.0,0.0,0.0,,
2021-03-20,00:30,5.7,3.3,85.0,ESE,4.8,9.7,1009.65,0.0,0.0,0.0,0.0,,
2021-03-20,00:45,5.7,3.3,87.0,E,3.2,9.7,1009.52,0.0,0.0,0.0,0.0,,
2021-03-20,01:00,5.4,3.3,87.0,ESE,4.8,11.3,1009.58,0.0,0.0,0.0,0.0,,
2021-03-20,01:15,5.3,3.3,87.0,E,3.2,4.8,1009.52,0.0,0.0,0.0,0.0,,
2021-03-20,01:30,5.2,3.3,87.0,ENE,3.2,6.4,1009.65,0.0,0.0,0.0,0.0,,
2021-03-20,01:45,5.1,3.3,88.0,E,6.4,8.0,1009.62,0.0,0.0,0.0,0.0,,
2021-03-20,02:00,5.2,3.3,88.0,E,4.8,8.0,1009.41,0.0,0.0,0.0,0.0,,
2021-03-20,02:15,5.3,2.8,87.0,E,6.4,9.7,1009.31,0.0,0.0,0.0,0.0,,
2021-03-20,02:30,5.3,2.8,86.0,ENE,1.6,9.7,1009.52,0.0,0.0,0.0,0.0,,
2021-03-20,02:45,4.8,2.8,87.0,N,0.0,6.4,1009.11,0.0,0.0,0.0,0.0,,
2021-03-20,03:00,5.0,2.8,87.0,E,4.8,9.7,1009.04,0.0,0.0,0.0,0.0,,
2021-03-20,03:15,5.1,2.8,86.0,E,3.2,6.4,1008.97,0.0,0.0,0.0,0.0,,
2021-03-20,03:30,5.1,2.8,85.0,E,4.8,9.7,1008.97,0.0,0.0,0.0,0.0,,
2021-03-20,03:45,5.1,2.2,85.0,ENE,3.2,4.8,1008.91,0.0,0.0,0.0,0.0,,
2021-03-20,04:00,4.4,2.2,87.0,N,0.0,3.2,1008.74,0.0,0.0,0.0,0.0,,
2021-03-20,04:15,4.6,2.2,86.0,N,0.0,4.8,1008.84,0.0,0.0,0.0,0.0,,
2021-03-20,04:30,4.3,2.2,87.0,ENE,3.2,4.8,1008.84,0.0,0.0,0.0,0.0,,
2021-03-20,04:45,4.7,2.2,86.0,ESE,4.8,9.7,1008.81,0.0,0.0,0.0,0.0,,
2021-03-20,05:00,5.0,2.2,83.0,E,1.6,6.4,1008.84,0.0,0.0,0.0,0.0,,
2021-03-20,05:15,4.4,2.2,85.0,N,0.0,3.2,1008.77,0.0,0.0,0.0,0.0,,
2021-03-20,05:30,4.3,1.7,86.0,N,0.0,3.2,1009.04,0.0,0.0,0.0,0.0,,
2021-03-20,05:45,4.4,2.2,85.0,E,3.2,8.0,1008.7,0.0,0.0,0.0,0.0,,
2021-03-20,06:00,4.5,1.7,84.0,E,6.4,11.3,1008.77,0.0,0.0,0.0,0.0,,
2021-03-20,06:15,4.8,1.7,81.0,N,0.0,11.3,1008.7,0.0,0.0,0.0,0.0,,
2021-03-20,06:30,4.9,1.7,81.0,E,8.0,11.3,1008.64,0.0,0.0,0.0,0.0,,
2021-03-20,06:45,5.4,1.7,79.0,E,4.8,11.3,1008.74,0.0,0.0,0.0,16.0,,
2021-03-20,07:00,6.4,2.2,77.0,ENE,8.0,12.9,1009.01,0.0,0.0,0.0,40.0,,
2021-03-20,07:15,6.4,2.8,78.0,ENE,3.2,8.0,1009.18,0.0,0.0,0.0,70.0,,
2021-03-20,07:30,6.6,2.8,77.0,NW,6.4,6.4,1009.28,0.0,0.0,0.0,123.0,,
2021-03-20,07:45,5.9,2.8,81.0,N,0.0,3.2,1009.38,0.0,0.0,0.0,148.0,,
2021-03-20,08:00,6.3,2.8,79.0,NW,3.2,6.4,1009.48,0.0,0.0,0.0,95.0,,
2021-03-20,08:15,6.1,3.3,83.0,NW,1.6,4.8,1009.41,0.0,0.0,1.0,262.0,,
2021-03-20,08:30,7.2,4.4,83.0,NNE,4.8,6.4,1009.58,0.0,0.0,1.0,353.0,,
2021-03-20,08:45,8.6,3.9,72.0,NNW,3.2,6.4,1009.38,0.0,0.0,1.0,399.0,,
2021-03-20,09:00,9.1,3.9,72.0,NW,6.4,8.0,1009.48,0.0,0.0,1.0,345.0,,
2021-03-20,09:15,8.7,4.4,75.0,WNW,3.2,11.3,1009.55,0.0,0.0,1.0,318.0,,
2021-03-20,09:30,8.9,4.4,74.0,WNW,8.0,8.0,1009.65,0.0,0.0,1.0,367.0,,
2021-03-20,09:45,9.1,4.4,73.0,WNW,3.2,8.0,1009.75,0.0,0.0,2.0,401.0,,
2021-03-20,10:00,9.8,5.0,72.0,WNW,6.4,12.9,1009.48,0.0,0.0,2.0,573.0,,
2021-03-20,10:15,10.4,5.6,71.0,WNW,6.4,9.7,1009.55,0.0,0.0,3.0,633.0,,
2021-03-20,10:30,10.6,5.0,70.0,WNW,8.0,17.7,1009.28,0.0,0.0,3.0,742.0,,
2021-03-20,10:45,11.5,5.6,69.0,NW,4.8,17.7,1009.21,0.0,0.0,3.0,756.0,,
2021-03-20,11:00,11.4,5.0,65.0,N,6.4,20.9,1009.38,0.0,0.0,3.0,659.0,,
2021-03-20,11:15,11.7,5.0,65.0,N,8.0,16.1,1009.31,0.0,0.0,2.0,204.0,,
2021-03-20,11:30,11.8,5.6,66.0,ESE,4.8,16.1,1009.31,0.0,0.0,2.0,631.0,,
2021-03-20,11:45,12.3,5.0,63.0,ESE,4.8,24.1,1009.14,0.0,0.0,2.0,339.0,,
2021-03-20,12:00,12.2,5.0,62.0,ENE,22.5,22.5,1009.11,0.0,0.0,3.0,424.0,,
2021-03-20,12:15,12.2,5.0,62.0,NE,16.1,22.5,1009.04,0.0,0.0,4.0,452.0,,
2021-03-20,12:30,12.6,4.4,58.0,E,12.9,30.6,1009.11,0.0,0.0,2.0,323.0,,
2021-03-20,12:45,12.7,5.0,59.0,,14.5,25.7,1009.01,0.0,0.0,3.0,406.0,,
2021-03-20,13:00,12.3,5.0,61.0,NNE,12.9,22.5,1008.7,0.0,0.0,4.0,162.0,,
2021-03-20,13:15,12.8,4.4,57.0,ENE,17.7,29.0,1008.6,0.0,0.0,4.0,831.0,,
2021-03-20,13:30,12.9,4.4,58.0,N,8.0,25.7,1008.3,0.0,0.0,4.0,816.0,,
2021-03-20,13:45,13.3,5.0,57.0,ESE,11.3,25.7,1008.2,0.0,0.0,4.0,800.0,,
2021-03-20,14:00,13.1,5.0,58.0,E,14.5,24.1,1008.5,0.0,0.0,2.0,253.0,,
2021-03-20,14:15,12.9,4.4,57.0,NE,16.1,25.7,1008.3,0.0,0.0,3.0,777.0,,
2021-03-20,14:30,13.1,5.6,60.0,E,14.5,25.7,1008.23,0.0,0.0,3.0,809.0,,
2021-03-20,14:45,12.7,5.6,62.0,E,11.3,24.1,1008.03,0.0,0.0,3.0,956.0,,
2021-03-20,15:00,12.9,5.6,61.0,ENE,16.1,27.4,1008.03,0.0,0.0,3.0,671.0,,
2021-03-20,15:15,12.9,5.6,61.0,E,19.3,24.1,1008.2,0.0,0.0,2.0,700.0,,
2021-03-20,15:30,12.0,4.4,62.0,NE,9.7,27.4,1008.16,0.0,0.0,1.0,130.0,,
2021-03-20,15:45,11.2,3.9,62.0,NNE,17.7,29.0,1008.43,0.0,0.0,1.0,185.0,,
2021-03-20,16:00,10.8,3.3,62.0,NNE,25.7,27.4,1008.57,0.0,0.0,1.0,102.0,,
2021-03-20,16:15,10.7,3.3,62.0,NNW,27.4,32.2,1008.5,0.0,0.0,1.0,125.0,,
2021-03-20,16:30,10.6,3.9,64.0,,14.5,25.7,1008.64,0.0,0.0,0.0,114.0,,
2021-03-20,16:45,10.6,4.4,66.0,NNE,4.8,17.7,1008.81,0.0,0.0,0.0,70.0,,
2021-03-20,17:00,10.3,4.4,67.0,NW,3.2,14.5,1008.84,0.0,0.0,0.0,65.0,,
2021-03-20,17:15,10.3,4.4,68.0,,3.2,8.0,1008.84,0.0,0.0,0.0,54.0,,
2021-03-20,17:30,10.1,3.3,64.0,ENE,14.5,17.7,1008.81,0.0,0.0,0.0,67.0,,
2021-03-20,17:45,9.9,3.3,64.0,E,11.3,19.3,1008.84,0.0,0.0,0.0,54.0,,
2021-03-20,18:00,9.7,3.3,64.0,E,12.9,17.7,1009.11,0.0,0.0,0.0,14.0,,
2021-03-20,18:15,9.4,3.3,66.0,ENE,8.0,14.5,1009.21,0.0,0.0,0.0,7.0,,
2021-03-20,18:30,9.3,3.3,67.0,ENE,11.3,12.9,1009.25,0.0,0.0,0.0,0.0,,
2021-03-20,18:45,9.1,3.3,67.0,ENE,17.7,22.5,1009.31,0.0,0.0,0.0,0.0,,
2021-03-20,19:00,8.8,3.3,69.0,ENE,8.0,17.7,1009.35,0.0,0.0,0.0,0.0,,
2021-03-20,19:15,8.6,3.3,70.0,ENE,6.4,16.1,1009.55,0.0,0.0,0.0,0.0,,
2021-03-20,19:30,8.3,3.3,71.0,E,12.9,12.9,1009.72,0.0,0.0,0.0,0.0,,
2021-03-20,19:45,8.3,2.8,70.0,ENE,6.4,17.7,1010.3,0.0,0.0,0.0,0.0,,
2021-03-20,20:00,8.1,2.8,70.0,,12.9,14.5,1010.19,0.0,0.0,0.0,0.0,,
2021-03-20,20:15,8.1,2.8,71.0,ENE,8.0,12.9,1010.53,0.0,0.0,0.0,0.0,,
2021-03-20,20:30,8.0,2.8,71.0,NNE,4.8,12.9,1010.6,0.0,0.0,0.0,0.0,,
2021-03-20,20:45,8.0,2.8,71.0,ENE,6.4,16.1,1010.57,0.0,0.0,0.0,0.0,,
2021-03-20,21:00,8.0,2.8,70.0,NNW,6.4,16.1,1010.8,0.0,0.0,0.0,0.0,,
2021-03-20,21:15,8.2,2.8,69.0,,9.7,16.1,1010.74,0.0,0.0,0.0,0.0,,
2021-03-20,21:30,7.4,2.8,75.0,NW,8.0,14.5,1010.9,0.0,0.0,0.0,0.0,,
2021-03-20,21:45,7.1,2.8,75.0,NW,6.4,14.5,1010.8,0.0,0.0,0.0,0.0,,
2021-03-20,22:00,7.0,2.8,75.0,NNW,4.8,14.5,1010.94,0.0,0.0,0.0,0.0,,
2021-03-20,22:15,6.8,2.8,75.0,NNW,6.4,14.5,1010.94,0.0,0.0,0.0,0.0,,
2021-03-20,22:30,6.8,2.2,75.0,NW,6.4,16.1,1010.57,0.0,0.0,0.0,0.0,,
2021-03-20,22:45,6.6,2.2,73.0,NW,12.9,17.7,1010.74,0.0,0.0,0.0,0.0,,
2021-03-20,23:00,6.6,1.7,73.0,NNW,3.2,12.9,1010.77,0.0,0.0,0.0,0.0,,
2021-03-20,23:15,6.4,1.7,72.0,NW,3.2,6.4,1010.53,0.0,0.0,0.0,0.0,,
2021-03-20,23:30,6.4,1.7,72.0,NNW,6.4,6.4,1010.63,0.0,0.0,0.0,0.0,,
2021-03-20,23:45,6.2,1.1,71.0,NNW,4.8,8.0,1010.43,0.0,0.0,0.0,0.0,,
2021-03-20,OVR,,,,,,,,,,,,gustmax,32.2
2021-03-20,OVR,,,,,,,,,,,,rainrate_max,0
2021-03-20,OVR,,,,,,,,,,,,rain_total_mm,0
2021-03-20,OVR,,,,,,,,,,,,tmax,13.3
2021-03-20,OVR,,,,,,,,,,,,tmin,4.1
2021-03-20,OVR,,,,,,,,,,,,wind_dir_mean_deg,311
2021-03-21,00:00,6.0,1.1,72.0,N,0.0,8.0,1010.26,0.0,0.0,0.0,0.0,,
2021-03-21,00:15,5.4,1.1,76.0,N,0.0,3.2,1010.4,0.0,0.0,0.0,0.0,,
2021-03-21,00:30,5.3,1.1,75.0,NNW,1.6,4.8,1010.3,0.0,0.0,0.0,0.0,,
2021-03-21,00:45,5.1,1.1,75.0,N,0.0,4.8,1010.26,0.0,0.0,0.0,0.0,,
2021-03-21,01:00,5.3,1.1,74.0,N,0.0,3.2,1010.23,0.0,0.0,0.0,0.0,,
2021-03-21,01:15,4.7,0.6,77.0,N,0.0,4.8,1010.16,0.0,0.0,0.0,0.0,,
2021-03-21,01:30,4.5,1.1,78.0,N,1.6,3.2,1010.19,0.0,0.0,0.0,0.0,,
2021-03-21,01:45,4.8,1.1,78.0,N,1.6,3.2,1009.85,0.0,0.0,0.0,0.0,,
2021-03-21,02:00,4.7,1.1,79.0,N,0.0,3.2,1009.79,0.0,0.0,0.0,0.0,,
2021-03-21,02:15,4.5,1.1,80.0,N,1.6,3.2,1009.52,0.0,0.0,0.0,0.0,,
2021-03-21,02:30,4.6,1.1,81.0,N,0.0,0.0,1009.62,0.0,0.0,0.0,0.0,,
2021-03-21,02:45,4.9,1.1,78.0,N,0.0,3.2,1009.41,0.0,0.0,0.0,0.0,,
2021-03-21,03:00,5.2,1.1,76.0,N,1.6,1.6,1009.08,0.0,0.0,0.0,0.0,,
2021-03-21,03:15,5.3,1.1,75.0,N,1.6,1.6,1009.08,0.0,0.0,0.0,0.0,,
2021-03-21,03:30,5.3,1.1,74.0,N,0.0,3.2,1008.81,0.0,0.0,0.0,0.0,,
2021-03-21,03:45,5.1,0.6,75.0,N,0.0,3.2,1008.81,0.0,0.0,0.0,0.0,,
2021-03-21,04:00,5.4,0.6,73.0,N,0.0,3.2,1008.64,0.0,0.0,0.0,0.0,,
2021-03-21,04:15,5.6,1.1,74.0,N,0.0,4.8,1008.6,0.0,0.0,0.0,0.0,,
2021-03-21,04:30,5.2,0.6,74.0,NNW,3.2,6.4,1008.7,0.0,0.0,0.0,0.0,,
2021-03-21,04:45,5.3,1.1,74.0,NW,1.6,4.8,1008.6,0.0,0.0,0.0,0.0,,
2021-03-21,05:00,5.2,1.1,75.0,NNW,4.8,6.4,1008.7,0.0,0.0,0.0,0.0,,
2021-03-21,05:15,5.2,1.1,75.0,NW,8.0,9.7,1008.7,0.0,0.0,0.0,0.0,,
2021-03-21,05:30,5.7,0.6,71.0,NNW,4.8,12.9,1008.7,0.0,0.0,0.0,0.0,,
2021-03-21,05:45,5.4,0.6,72.0,NW,4.8,9.7,1008.81,0.0,0.0,0.0,0.0,,
2021-03-21,06:00,5.3,0.6,72.0,NNW,8.0,14.5,1008.94,0.0,0.0,0.0,0.0,,
2021-03-21,06:15,5.1,0.6,72.0,NNW,8.0,9.7,1009.18,0.0,0.0,0.0,0.0,,
2021-03-21,06:30,4.9,0.0,71.0,NNW,8.0,14.5,1009.08,0.0,0.0,0.0,0.0,,
2021-03-21,06:45,4.8,-0.6,70.0,NNW,3.2,14.5,1009.28,0.0,0.0,0.0,9.0,,
2021-03-21,07:00,4.7,-0.6,69.0,NNW,3.2,14.5,1009.38,0.0,0.0,0.0,18.0,,
2021-03-21,07:15,4.5,-0.6,70.0,NW,4.8,8.0,1009.48,0.0,0.0,0.0,77.0,,
2021-03-21,07:30,4.8,-0.6,69.0,NNW,3.2,14.5,1009.38,0.0,0.0,0.0,70.0,,
2021-03-21,07:45,5.1,-0.6,68.0,NNW,8.0,17.7,1009.65,0.0,0.0,0.0,193.0,,
2021-03-21,08:00,5.7,-0.6,66.0,NNW,3.2,12.9,1009.45,0.0,0.0,0.0,95.0,,
2021-03-21,08:15,5.9,0.0,66.0,NW,6.4,9.7,1009.69,0.0,0.0,0.0,179.0,,
2021-03-21,08:30,6.1,0.0,66.0,NW,8.0,14.5,1009.69,0.0,0.0,1.0,156.0,,
2021-03-21,08:45,6.2,0.0,65.0,NW,8.0,17.7,1009.82,0.0,0.0,1.0,232.0,,
2021-03-21,09:00,7.1,0.6,63.0,NW,8.0,19.3,1009.65,0.0,0.0,1.0,592.0,,
2021-03-21,09:15,7.1,-0.6,59.0,NW,17.7,25.7,1009.89,0.0,0.0,1.0,295.0,,
2021-03-21,09:30,6.9,0.0,61.0,WNW,19.3,22.5,1009.75,0.0,0.0,1.0,281.0,,
2021-03-21,09:45,7.3,-0.6,58.0,WNW,20.9,25.7,1009.89,0.0,0.0,2.0,585.0,,
2021-03-21,10:00,7.8,-1.1,55.0,,6.4,24.1,1009.89,0.0,0.0,2.0,684.0,,
2021-03-21,10:15,8.3,-0.6,55.0,NW,12.9,22.5,1009.48,0.0,0.0,2.0,573.0,,
2021-03-21,10:30,8.8,-1.1,51.0,NW,8.0,27.4,1009.55,0.0,0.0,2.0,816.0,,
2021-03-21,10:45,9.1,-0.6,51.0,WNW,22.5,40.2,1009.21,0.0,0.0,3.0,773.0,,
2021-03-21,11:00,8.8,-0.6,52.0,WNW,25.7,37.0,1009.25,0.0,0.0,3.0,1030.0,,
2021-03-21,11:15,8.9,-1.1,50.0,NW,19.3,35.4,1009.21,0.0,0.0,3.0,480.0,,
2021-03-21,11:30,9.2,0.0,53.0,NNW,14.5,27.4,1008.97,0.0,0.0,4.0,1099.0,,
2021-03-21,11:45,9.1,0.0,53.0,WNW,17.7,27.4,1008.97,0.0,0.0,2.0,452.0,,
2021-03-21,12:00,9.2,-1.1,49.0,NNW,8.0,29.0,1008.77,0.0,0.0,2.0,434.0,,
2021-03-21,12:15,9.6,-1.1,47.0,NNW,9.7,29.0,1008.47,0.0,0.0,3.0,473.0,,
2021-03-21,12:30,9.3,-1.7,46.0,NNW,12.9,29.0,1008.26,0.0,0.0,2.0,380.0,,
2021-03-21,12:45,8.9,-1.7,47.0,WNW,17.7,32.2,1007.92,0.0,0.0,1.0,206.0,,
2021-03-21,13:00,8.6,0.0,54.0,NNW,30.6,45.1,1007.99,0.0,0.0,1.0,192.0,,
2021-03-21,13:15,8.4,0.6,57.0,NW,30.6,29.0,1007.99,0.0,0.0,2.0,478.0,,
2021-03-21,13:30,8.7,-0.6,52.0,NNW,22.5,38.6,1007.76,0.0,0.0,3.0,817.0,,
2021-03-21,13:45,9.0,0.0,55.0,NNW,29.0,38.6,1007.69,0.0,0.0,3.0,953.0,,
2021-03-21,14:00,8.6,0.6,58.0,NW,19.3,35.4,1007.86,0.0,0.0,3.0,812.0,,
2021-03-21,14:15,8.5,0.0,55.0,NW,22.5,37.0,1007.55,0.0,0.0,3.0,773.0,,
2021-03-21,14:30,8.3,-0.6,53.0,NW,25.7,40.2,1007.45,0.0,0.0,2.0,227.0,,
2021-03-21,14:45,8.9,-1.1,51.0,NW,20.9,40.2,1007.21,0.0,0.0,2.0,705.0,,
2021-03-21,15:00,8.7,-1.1,50.0,WNW,29.0,40.2,1007.08,0.0,0.0,2.0,617.0,,
2021-03-21,15:15,8.7,-1.1,51.0,NNW,16.1,38.6,1006.94,0.0,0.0,2.0,610.0,,
2021-03-21,15:30,8.4,-1.7,50.0,NNW,29.0,40.2,1006.81,0.0,0.0,1.0,155.0,,
2021-03-21,15:45,8.3,-1.7,50.0,N,12.9,38.6,1006.77,0.0,0.0,1.0,543.0,,
2021-03-21,16:00,8.6,-2.2,47.0,NNW,19.3,41.8,1006.94,0.0,0.0,1.0,153.0,,
2021-03-21,16:15,8.2,-2.2,49.0,WNW,20.9,40.2,1006.84,0.0,0.0,1.0,142.0,,
2021-03-21,16:30,8.1,-1.7,50.0,WNW,24.1,41.8,1006.77,0.0,0.0,1.0,107.0,,
2021-03-21,16:45,7.7,-0.6,56.0,WSW,11.3,37.0,1006.81,0.0,0.0,1.0,146.0,,
2021-03-21,17:00,7.8,0.0,59.0,WNW,17.7,35.4,1006.77,0.0,0.0,0.0,114.0,,
2021-03-21,17:15,7.8,0.0,59.0,NW,12.9,30.6,1007.15,0.0,0.0,0.0,86.0,,
2021-03-21,17:30,7.1,-0.6,59.0,NNW,19.3,37.0,1007.28,0.0,0.0,0.0,86.0,,
2021-03-21,17:45,6.4,0.0,63.0,,17.7,35.4,1007.38,0.0,0.0,0.0,49.0,,
2021-03-21,18:00,6.6,0.0,62.0,NW,19.3,32.2,1007.55,0.0,0.0,0.0,42.0,,
2021-03-21,18:15,6.5,0.0,64.0,NW,8.0,24.1,1007.42,0.0,0.0,0.0,26.0,,
2021-03-21,18:30,6.2,-0.6,64.0,NW,16.1,24.1,1007.59,0.0,0.0,0.0,9.0,,
2021-03-21,18:45,5.9,-0.6,64.0,WNW,17.7,25.7,1007.92,0.0,0.0,0.0,0.0,,
2021-03-21,19:00,5.3,-0.6,66.0,NW,6.4,22.5,1007.92,0.0,0.0,0.0,0.0,,
2021-03-21,19:15,4.8,-0.6,68.0,NW,9.7,14.5,1007.92,0.0,0.0,0.0,0.0,,
2021-03-21,19:30,4.9,-1.1,67.0,NW,9.7,19.3,1008.09,0.0,0.0,0.0,0.0,,
2021-03-21,19:45,4.9,-0.6,68.0,NW,14.5,24.1,1008.26,0.0,0.0,0.0,0.0,,
2021-03-21,20:00,4.8,-0.6,69.0,NNW,16.1,22.5,1008.3,0.0,0.0,0.0,0.0,,
2021-03-21,20:15,4.6,-0.6,70.0,NNW,12.9,24.1,1008.43,0.0,0.0,0.0,0.0,,
2021-03-21,20:30,4.2,-0.6,71.0,NW,8.0,16.1,1008.67,0.0,0.0,0.0,0.0,,
2021-03-21,20:45,4.3,-0.6,71.0,NW,14.5,20.9,1008.57,0.0,0.0,0.0,0.0,,
2021-03-21,21:00,4.2,-1.1,71.0,NW,9.7,22.5,1008.5,0.0,0.0,0.0,0.0,,
2021-03-21,21:15,4.1,-1.1,70.0,NW,9.7,17.7,1008.57,0.0,0.0,0.0,0.0,,
2021-03-21,21:30,4.0,-1.1,70.0,NNW,9.7,14.5,1008.77,0.0,0.0,0.0,0.0,,
2021-03-21,21:45,4.0,-1.1,69.0,NW,6.4,9.7,1008.74,0.0,0.0,0.0,0.0,,
2021-03-21,22:00,3.8,-1.7,69.0,NNW,1.6,9.7,1008.67,0.0,0.0,0.0,0.0,,
2021-03-21,22:15,3.6,-1.7,70.0,NW,4.8,6.4,1008.6,0.0,0.0,0.0,0.0,,
2021-03-21,22:30,3.3,-1.7,70.0,N,0.0,4.8,1008.53,0.0,0.0,0.0,0.0,,
2021-03-21,22:45,3.8,-2.2,66.0,NW,1.6,6.4,1008.4,0.0,0.0,0.0,0.0,,
2021-03-21,23:00,3.8,-2.2,66.0,N,0.0,6.4,1008.53,0.0,0.0,0.0,0.0,,
2021-03-21,23:15,3.2,-2.2,68.0,N,0.0,3.2,1008.5,0.0,0.0,0.0,0.0,,
2021-03-21,23:30,2.4,-2.2,71.0,N,0.0,3.2,1008.47,0.0,0.0,0.0,0.0,,
2021-03-21,23:45,2.3,-2.8,71.0,NW,3.2,3.2,1008.3,0.0,0.0,0.0,0.0,,
2021-03-21,OVR,,,,,,,,,,,,gustmax,45.1
2021-03-21,OVR,,,,,,,,,,,,rainrate_max,0
2021-03-21,OVR,,,,,,,,,,,,rain_total_mm,0
2021-03-21,OVR,,,,,,,,,,,,tmax,9.7
2021-03-21,OVR,,,,,,,,,,,,tmin,2.2
2021-03-21,OVR,,,,,,,,,,,,wind_dir_mean_deg,43
2021-03-22,OVR,,,,,,,,,,,,gustmax,51.5
2021-03-22,OVR,,,,,,,,,,,,rainrate_max,0
2021-03-22,OVR,,,,,,,,,,,,rain_total_mm,0
2021-03-22,OVR,,,,,,,,,,,,tmax,11.6
2021-03-22,OVR,,,,,,,,,,,,tmin,2.1
2021-03-22,OVR,,,,,,,,,,,,wind_dir_mean_deg,45
2021-03-23,00:00,6.9,-0.6,59.0,WNW,1.6,11.3,1015.98,0.0,0.0,0.0,0.0,,
2021-03-23,00:15,6.3,-0.6,62.0,N,0.0,4.8,1016.19,0.0,0.0,0.0,0.0,,
2021-03-23,00:30,6.0,-0.6,64.0,N,0.0,3.2,1016.12,0.0,0.0,0.0,0.0,,
2021-03-23,00:45,6.3,-0.6,63.0,NW,1.6,3.2,1016.19,0.0,0.0,0.0,0.0,,
2021-03-23,01:00,6.1,-0.6,63.0,N,0.0,3.2,1016.36,0.0,0.0,0.0,0.0,,
2021-03-23,01:15,6.1,-0.6,63.0,NNW,3.2,6.4,1016.56,0.0,0.0,0.0,0.0,,
2021-03-23,01:30,6.6,-0.6,60.0,NNW,3.2,8.0,1016.49,0.0,0.0,0.0,0.0,,
2021-03-23,01:45,6.4,-0.6,61.0,NW,4.8,9.7,1016.36,0.0,0.0,0.0,0.0,,
2021-03-23,02:00,6.2,-0.6,62.0,NW,3.2,8.0,1016.59,0.0,0.0,0.0,0.0,,
2021-03-23,02:15,6.0,-1.1,62.0,NW,4.8,8.0,1016.7,0.0,0.0,0.0,0.0,,
2021-03-23,02:30,6.2,-1.1,61.0,NNW,6.4,12.9,1016.76,0.0,0.0,0.0,0.0,,
2021-03-23,02:45,6.2,-1.1,61.0,NW,4.8,9.7,1016.76,0.0,0.0,0.0,0.0,,
2021-03-23,03:00,6.2,-1.1,61.0,NW,4.8,9.7,1017.0,0.0,0.0,0.0,0.0,,
2021-03-23,03:15,5.9,-1.1,62.0,NW,3.2,6.4,1016.86,0.0,0.0,0.0,0.0,,
2021-03-23,03:30,5.9,-1.1,62.0,NNW,6.4,8.0,1016.93,0.0,0.0,0.0,0.0,,
2021-03-23,03:45,6.3,-1.1,60.0,NW,4.8,16.1,1016.76,0.0,0.0,0.0,0.0,,
2021-03-23,04:00,6.4,-1.1,59.0,NW,1.6,9.7,1016.83,0.0,0.0,0.0,0.0,,
2021-03-23,04:15,5.4,-1.1,63.0,NW,1.6,1.6,1017.0,0.0,0.0,0.0,0.0,,
2021-03-23,04:30,5.4,-1.1,63.0,NNW,1.6,4.8,1017.27,0.0,0.0,0.0,0.0,,
2021-03-23,04:45,5.0,-1.1,65.0,NNW,4.8,6.4,1017.58,0.0,0.0,0.0,0.0,,
2021-03-23,05:00,5.2,-1.1,65.0,NNW,3.2,4.8,1017.64,0.0,0.0,0.0,0.0,,
2021-03-23,05:15,5.4,-1.1,64.0,NW,3.2,6.4,1017.41,0.0,0.0,0.0,0.0,,
2021-03-23,05:30,6.0,-1.1,62.0,NNW,6.4,14.5,1017.51,0.0,0.0,0.0,0.0,,
2021-03-23,05:45,6.1,-0.6,62.0,NW,3.2,16.1,1017.75,0.0,0.0,0.0,0.0,,
2021-03-23,06:00,5.3,-0.6,67.0,NNE,4.8,16.1,1018.02,0.0,0.0,0.0,0.0,,
2021-03-23,06:15,5.3,-0.6,67.0,NNW,3.2,6.4,1018.29,0.0,0.0,0.0,0.0,,
2021-03-23,06:30,5.4,-0.6,68.0,NW,6.4,6.4,1018.49,0.0,0.0,0.0,7.0,,
2021-03-23,06:45,5.2,-0.6,68.0,NNE,1.6,6.4,1018.66,0.0,0.0,0.0,18.0,,
2021-03-23,07:00,5.2,0.0,68.0,E,3.2,6.4,1019.0,0.0,0.0,0.0,69.0,,
2021-03-23,07:15,5.7,0.0,69.0,N,1.6,4.8,1019.2,0.0,0.0,0.0,100.0,,
2021-03-23,07:30,5.9,0.6,68.0,NW,4.8,6.4,1019.37,0.0,0.0,0.0,132.0,,
2021-03-23,07:45,6.1,0.6,69.0,NW,8.0,17.7,1019.54,0.0,0.0,0.0,163.0,,
2021-03-23,08:00,6.7,0.6,67.0,NW,4.8,14.5,1019.51,0.0,0.0,1.0,250.0,,
2021-03-23,08:15,7.1,1.1,66.0,NNW,3.2,14.5,1019.44,0.0,0.0,1.0,272.0,,
2021-03-23,08:30,7.7,1.1,64.0,NW,14.5,16.1,1019.74,0.0,0.0,1.0,369.0,,
2021-03-23,08:45,8.1,1.1,63.0,WNW,8.0,16.1,1019.68,0.0,0.0,1.0,304.0,,
2021-03-23,09:00,8.3,1.1,61.0,NW,6.4,16.1,1020.12,0.0,0.0,1.0,406.0,,
2021-03-23,09:15,8.8,0.6,58.0,NW,8.0,16.1,1020.39,0.0,0.0,2.0,545.0,,
2021-03-23,09:30,9.5,1.1,57.0,WNW,6.4,16.1,1020.66,0.0,0.0,2.0,578.0,,
2021-03-23,09:45,9.7,0.6,53.0,NNW,6.4,17.7,1020.83,0.0,0.0,2.0,610.0,,
2021-03-23,10:00,10.1,0.0,50.0,WNW,8.0,17.7,1021.1,0.0,0.0,3.0,666.0,,
2021-03-23,10:15,10.7,-0.6,46.0,WNW,11.3,14.5,1020.93,0.0,0.0,3.0,717.0,,
2021-03-23,10:30,11.2,-0.6,44.0,WNW,16.1,20.9,1021.27,0.0,0.0,3.0,735.0,,
2021-03-23,10:45,10.9,-1.1,44.0,WNW,4.8,16.1,1021.2,0.0,0.0,3.0,742.0,,
2021-03-23,11:00,11.3,-1.1,43.0,NNW,9.7,22.5,1021.13,0.0,0.0,4.0,777.0,,
2021-03-23,11:15,11.4,0.0,46.0,WSW,3.2,24.1,1021.2,0.0,0.0,4.0,798.0,,
2021-03-23,11:30,11.8,1.1,48.0,W,22.5,19.3,1021.2,0.0,0.0,4.0,812.0,,
2021-03-23,11:45,12.1,0.6,46.0,SW,8.0,24.1,1021.0,0.0,0.0,4.0,823.0,,
2021-03-23,12:00,12.5,0.6,44.0,SW,9.7,27.4,1021.13,0.0,0.0,4.0,842.0,,
2021-03-23,12:15,12.6,0.0,42.0,W,20.9,41.8,1021.4,0.0,0.0,4.0,847.0,,
2021-03-23,12:30,12.9,-0.6,39.0,W,33.8,40.2,1021.33,0.0,0.0,4.0,844.0,,
2021-03-23,12:45,13.2,0.0,41.0,WNW,14.5,41.8,1021.47,0.0,0.0,4.0,842.0,,
2021-03-23,13:00,12.8,0.6,43.0,W,27.4,29.0,1021.4,0.0,0.0,4.0,830.0,,
2021-03-23,13:15,12.9,0.6,42.0,WNW,14.5,27.4,1021.54,0.0,0.0,4.0,819.0,,
2021-03-23,13:30,13.1,0.0,40.0,W,19.3,40.2,1021.44,0.0,0.0,4.0,814.0,,
2021-03-23,13:45,12.9,0.6,43.0,W,16.1,38.6,1021.1,0.0,0.0,4.0,779.0,,
2021-03-23,14:00,13.1,1.1,44.0,WNW,17.7,32.2,1021.2,0.0,0.0,4.0,758.0,,
2021-03-23,14:15,13.2,2.2,47.0,W,27.4,38.6,1020.86,0.0,0.0,3.0,737.0,,
2021-03-23,14:30,13.0,2.2,49.0,NW,14.5,37.0,1020.96,0.0,0.0,3.0,703.0,,
2021-03-23,14:45,13.1,3.3,53.0,WNW,17.7,43.5,1021.03,0.0,0.0,3.0,668.0,,
2021-03-23,15:00,12.8,2.8,51.0,W,22.5,38.6,1021.06,0.0,0.0,3.0,640.0,,
2021-03-23,15:15,12.9,2.8,50.0,W,27.4,37.0,1021.27,0.0,0.0,2.0,601.0,,
2021-03-23,15:30,12.8,2.2,49.0,W,22.5,43.5,1021.2,0.0,0.0,2.0,564.0,,
2021-03-23,15:45,12.6,2.2,50.0,W,33.8,29.0,1021.3,0.0,0.0,2.0,519.0,,
2021-03-23,16:00,12.3,2.2,52.0,WNW,22.5,40.2,1021.2,0.0,0.0,1.0,77.0,,
2021-03-23,16:15,12.2,2.8,53.0,W,14.5,37.0,1021.06,0.0,0.0,1.0,72.0,,
2021-03-23,16:30,11.9,2.8,55.0,WNW,22.5,33.8,1021.03,0.0,0.0,0.0,53.0,,
2021-03-23,16:45,11.7,2.8,56.0,WNW,20.9,40.2,1021.2,0.0,0.0,1.0,118.0,,
2021-03-23,17:00,11.5,3.3,59.0,WNW,25.7,45.1,1021.3,0.0,0.0,0.0,42.0,,
2021-03-23,17:15,11.3,3.9,61.0,W,20.9,45.1,1021.27,0.0,0.0,0.0,40.0,,
2021-03-23,17:30,11.2,4.4,63.0,WNW,17.7,33.8,1021.3,0.0,0.0,0.0,30.0,,
2021-03-23,17:45,10.9,3.9,64.0,W,27.4,37.0,1021.57,0.0,0.0,0.0,26.0,,
2021-03-23,18:00,10.7,4.4,65.0,NW,25.7,41.8,1021.74,0.0,0.0,0.0,21.0,,
2021-03-23,18:15,10.4,4.4,68.0,WNW,20.9,32.2,1021.78,0.0,0.0,0.0,16.0,,
2021-03-23,18:30,10.2,5.0,71.0,WNW,16.1,29.0,1021.91,0.0,0.0,0.0,9.0,,
2021-03-23,18:45,9.8,5.0,72.0,WNW,17.7,25.7,1022.05,0.0,0.0,0.0,0.0,,
2021-03-23,19:00,9.6,5.0,74.0,WNW,16.1,25.7,1022.11,0.0,0.0,0.0,0.0,,
2021-03-23,19:15,9.4,5.0,74.0,WNW,14.5,20.9,1022.25,0.0,0.0,0.0,0.0,,
2021-03-23,19:30,9.1,5.0,76.0,WNW,3.2,16.1,1022.38,0.0,0.0,0.0,0.0,,
2021-03-23,19:45,8.3,4.4,77.0,N,0.0,8.0,1022.52,0.0,0.0,0.0,0.0,,
2021-03-23,20:00,8.0,4.4,80.0,N,0.0,3.2,1022.62,0.0,0.0,0.0,0.0,,
2021-03-23,20:15,8.3,5.0,81.0,WNW,3.2,11.3,1022.55,0.0,0.0,0.0,0.0,,
2021-03-23,20:30,8.8,5.6,81.0,WNW,8.0,14.5,1022.69,0.0,0.0,0.0,0.0,,
2021-03-23,20:45,8.8,5.6,82.0,WNW,4.8,12.9,1022.82,0.0,0.0,0.0,0.0,,
2021-03-23,21:00,8.9,5.6,82.0,W,4.8,14.5,1023.03,0.0,0.0,0.0,0.0,,
2021-03-23,21:15,8.4,5.6,83.0,W,1.6,9.7,1023.1,0.0,0.0,0.0,0.0,,
2021-03-23,21:30,7.8,5.6,86.0,N,0.0,3.2,1023.33,0.0,0.0,0.0,0.0,,
2021-03-23,21:45,7.4,5.0,87.0,N,0.0,1.6,1023.27,0.0,0.0,0.0,0.0,,
2021-03-23,22:00,7.4,5.6,89.0,N,0.0,3.2,1023.43,0.0,0.0,0.0,0.0,,
2021-03-23,22:15,7.4,5.6,89.0,N,0.0,4.8,1023.43,0.0,0.0,0.0,0.0,,
2021-03-23,22:30,7.0,5.0,89.0,W,1.6,3.2,1023.81,0.0,0.0,0.0,0.0,,
2021-03-23,22:45,7.1,5.6,91.0,N,0.0,3.2,1023.74,0.0,0.0,0.0,0.0,,
2021-03-23,23:00,7.0,5.6,91.0,W,1.6,3.2,1023.71,0.0,0.0,0.0,0.0,,
2021-03-23,23:15,6.9,5.6,91.0,W,1.6,1.6,1023.81,0.0,0.0,0.0,0.0,,
2021-03-23,23:30,6.9,5.6,92.0,W,1.6,3.2,1023.74,0.0,0.0,0.0,0.0,,
2021-03-23,23:45,6.8,5.6,92.0,W,1.6,3.2,1023.71,0.0,0.0,0.0,0.0,,
2021-03-23,OVR,,,,,,,,,,,,gustmax,45.1
2021-03-23,OVR,,,,,,,,,,,,rainrate_max,0
2021-03-23,OVR,,,,,,,,,,,,rain_total_mm,0
2021-03-23,OVR,,,,,,,,,,,,tmax,13.5
2021-03-23,OVR,,,,,,,,,,,,tmin,4.9
2021-03-23,OVR,,,,,,,,,,,,wind_dir_mean_deg,71
2021-03-24,00:00,6.8,5.6,93.0,W,1.6,4.8,1023.81,0.0,0.0,0.0,0.0,,
2021-03-24,00:15,6.7,5.6,92.0,W,1.6,3.2,1023.67,0.0,0.0,0.0,0.0,,
2021-03-24,00:30,6.3,5.0,92.0,W,1.6,3.2,1023.81,0.0,0.0,0.0,0.0,,
2021-03-24,00:45,6.3,5.0,93.0,SE,1.6,4.8,1023.81,0.0,0.0,0.0,0.0,,
2021-03-24,01:00,6.1,5.0,93.0,ESE,1.6,4.8,1023.6,0.0,0.0,0.0,0.0,,
2021-03-24,01:15,5.4,3.9,92.0,ESE,1.6,3.2,1023.67,0.0,0.0,0.0,0.0,,
2021-03-24,01:30,6.0,5.0,93.0,ESE,3.2,4.8,1023.57,0.0,0.0,0.0,0.0,,
2021-03-24,01:45,5.2,3.9,92.0,ESE,1.6,3.2,1023.5,0.0,0.0,0.0,0.0,,
2021-03-24,02:00,5.5,3.9,92.0,ESE,1.6,3.2,1023.67,0.0,0.0,0.0,0.0,,
2021-03-24,02:15,5.4,3.9,92.0,ESE,3.2,4.8,1023.77,0.0,0.0,0.0,0.0,,
2021-03-24,02:30,5.7,4.4,92.0,N,0.0,4.8,1023.87,0.0,0.0,0.0,0.0,,
2021-03-24,02:45,5.1,3.9,91.0,ESE,3.2,4.8,1023.54,0.0,0.0,0.0,0.0,,
2021-03-24,03:00,5.3,3.9,92.0,ESE,3.2,4.8,1023.71,0.0,0.0,0.0,0.0,,
2021-03-24,03:15,5.4,3.9,92.0,ESE,3.2,4.8,1023.5,0.0,0.0,0.0,0.0,,
2021-03-24,03:30,5.6,3.9,91.0,ESE,1.6,3.2,1023.43,0.0,0.0,0.0,0.0,,
2021-03-24,03:45,5.8,4.4,91.0,ESE,3.2,4.8,1023.67,0.0,0.0,0.0,0.0,,
2021-03-24,04:00,5.9,4.4,91.0,ESE,1.6,3.2,1023.4,0.0,0.0,0.0,0.0,,
2021-03-24,04:15,5.2,3.9,91.0,ESE,1.6,3.2,1023.37,0.0,0.0,0.0,0.0,,
2021-03-24,04:30,4.8,3.3,91.0,ESE,1.6,3.2,1023.37,0.0,0.0,0.0,0.0,,
2021-03-24,04:45,5.4,3.9,92.0,ESE,3.2,3.2,1023.27,0.0,0.0,0.0,0.0,,
2021-03-24,05:00,5.1,3.3,89.0,ESE,4.8,4.8,1023.33,0.0,0.0,0.0,0.0,,
2021-03-24,05:15,4.8,3.3,90.0,E,6.4,6.4,1023.43,0.0,0.0,0.0,0.0,,
2021-03-24,05:30,5.4,3.9,90.0,ESE,3.2,6.4,1023.4,0.0,0.0,0.0,0.0,,
2021-03-24,05:45,5.6,3.9,89.0,ESE,3.2,4.8,1023.5,0.0,0.0,0.0,0.0,,
2021-03-24,06:00,5.7,3.3,86.0,ESE,3.2,4.8,1023.37,0.0,0.0,0.0,0.0,,
2021-03-24,06:15,5.3,2.8,84.0,ESE,1.6,3.2,1023.6,0.0,0.0,0.0,0.0,,
2021-03-24,06:30,5.6,2.8,84.0,ESE,1.6,4.8,1023.74,0.0,0.0,0.0,7.0,,
2021-03-24,06:45,6.0,3.3,83.0,ESE,3.2,4.8,1023.94,0.0,0.0,0.0,14.0,,
2021-03-24,07:00,5.7,2.8,83.0,ESE,3.2,4.8,1023.91,0.0,0.0,0.0,72.0,,
2021-03-24,07:15,5.8,3.3,84.0,ESE,1.6,4.8,1024.15,0.0,0.0,0.0,113.0,,
2021-03-24,07:30,6.0,3.9,87.0,ESE,1.6,3.2,1024.08,0.0,0.0,0.0,142.0,,
2021-03-24,07:45,7.1,4.4,86.0,N,0.0,1.6,1023.94,0.0,0.0,0.0,155.0,,
2021-03-24,08:00,7.9,4.4,80.0,ESE,1.6,3.2,1024.01,0.0,0.0,1.0,246.0,,
2021-03-24,08:15,8.4,3.9,74.0,ESE,1.6,3.2,1024.25,0.0,0.0,1.0,264.0,,
2021-03-24,08:30,8.4,3.3,71.0,NNE,3.2,6.4,1024.31,0.0,0.0,1.0,348.0,,
2021-03-24,08:45,8.6,3.3,71.0,NW,8.0,8.0,1024.52,0.0,0.0,1.0,445.0,,
2021-03-24,09:00,9.0,2.8,66.0,WNW,6.4,12.9,1024.69,0.0,0.0,2.0,501.0,,
2021-03-24,09:15,9.4,3.3,67.0,WNW,6.4,11.3,1024.72,0.0,0.0,2.0,547.0,,
2021-03-24,09:30,9.8,2.8,63.0,WNW,6.4,11.3,1024.89,0.0,0.0,2.0,592.0,,
2021-03-24,09:45,10.2,2.2,58.0,NW,3.2,12.9,1024.76,0.0,0.0,3.0,643.0,,
2021-03-24,10:00,10.8,2.8,57.0,NW,3.2,12.9,1024.92,0.0,0.0,3.0,724.0,,
2021-03-24,10:15,10.9,1.7,53.0,WNW,6.4,11.3,1024.92,0.0,0.0,3.0,499.0,,
2021-03-24,10:30,11.6,0.6,48.0,WNW,11.3,12.9,1025.03,0.0,0.0,3.0,754.0,,
2021-03-24,10:45,11.9,1.7,49.0,WNW,14.5,17.7,1025.06,0.0,0.0,4.0,911.0,,
2021-03-24,11:00,12.4,2.8,52.0,W,14.5,19.3,1025.06,0.0,0.0,3.0,670.0,,
2021-03-24,11:15,12.2,2.8,52.0,W,11.3,16.1,1024.76,0.0,0.0,5.0,998.0,,
2021-03-24,11:30,12.5,2.2,50.0,WSW,1.6,17.7,1024.82,0.0,0.0,4.0,570.0,,
2021-03-24,11:45,12.1,1.7,50.0,W,11.3,20.9,1024.79,0.0,0.0,3.0,387.0,,
2021-03-24,12:00,12.4,2.2,51.0,W,9.7,20.9,1024.89,0.0,0.0,4.0,858.0,,
2021-03-24,12:15,12.5,2.8,52.0,WNW,4.8,14.5,1024.82,0.0,0.0,4.0,851.0,,
2021-03-24,12:30,12.7,2.2,48.0,WNW,6.4,14.5,1024.65,0.0,0.0,4.0,640.0,,
2021-03-24,12:45,12.7,1.7,47.0,W,14.5,24.1,1024.62,0.0,0.0,4.0,661.0,,
2021-03-24,13:00,13.8,0.0,39.0,WNW,14.5,22.5,1024.45,0.0,0.0,5.0,814.0,,
2021-03-24,13:15,13.9,-0.6,37.0,SSE,4.8,22.5,1024.28,0.0,0.0,5.0,833.0,,
2021-03-24,13:30,14.3,0.0,38.0,WSW,3.2,20.9,1024.01,0.0,0.0,5.0,809.0,,
2021-03-24,13:45,14.5,-0.6,36.0,W,16.1,20.9,1024.01,0.0,0.0,4.0,793.0,,
2021-03-24,14:00,14.2,-0.6,37.0,W,4.8,27.4,1023.94,0.0,0.0,4.0,766.0,,
2021-03-24,14:15,14.4,1.1,40.0,W,12.9,24.1,1023.77,0.0,0.0,4.0,740.0,,
2021-03-24,14:30,14.3,1.1,41.0,WNW,17.7,32.2,1023.67,0.0,0.0,4.0,707.0,,
2021-03-24,14:45,14.2,1.1,41.0,W,9.7,32.2,1023.67,0.0,0.0,3.0,679.0,,
2021-03-24,15:00,13.9,-0.6,37.0,W,27.4,29.0,1023.6,0.0,0.0,3.0,642.0,,
2021-03-24,15:15,14.0,0.0,39.0,W,20.9,27.4,1023.5,0.0,0.0,3.0,606.0,,
2021-03-24,15:30,13.6,1.7,45.0,WNW,8.0,30.6,1023.67,0.0,0.0,2.0,566.0,,
2021-03-24,15:45,13.6,2.2,47.0,WNW,14.5,29.0,1023.54,0.0,0.0,2.0,524.0,,
2021-03-24,16:00,13.6,2.2,47.0,W,16.1,30.6,1023.74,0.0,0.0,1.0,90.0,,
2021-03-24,16:15,13.1,2.2,47.0,W,19.3,33.8,1023.74,0.0,0.0,1.0,84.0,,
2021-03-24,16:30,12.9,2.2,49.0,W,27.4,37.0,1023.43,0.0,0.0,1.0,58.0,,
2021-03-24,16:45,12.6,2.8,52.0,W,14.5,35.4,1023.47,0.0,0.0,0.0,51.0,,
2021-03-24,17:00,12.4,4.4,58.0,WNW,24.1,32.2,1023.4,0.0,0.0,0.0,40.0,,
2021-03-24,17:15,12.2,3.9,58.0,WNW,17.7,32.2,1023.43,0.0,0.0,0.0,40.0,,
2021-03-24,17:30,11.8,5.0,63.0,WSW,8.0,32.2,1023.67,0.0,0.0,0.0,32.0,,
2021-03-24,17:45,11.5,5.0,65.0,W,14.5,25.7,1023.71,0.0,0.0,0.0,26.0,,
2021-03-24,18:00,11.1,5.6,70.0,W,16.1,37.0,1023.77,0.0,0.0,0.0,23.0,,
2021-03-24,18:15,10.8,6.1,72.0,W,6.4,24.1,1023.74,0.0,0.0,0.0,16.0,,
2021-03-24,18:30,10.5,6.1,75.0,WNW,12.9,19.3,1023.81,0.0,0.0,0.0,9.0,,
2021-03-24,18:45,10.2,6.1,77.0,WNW,3.2,14.5,1023.77,0.0,0.0,0.0,0.0,,
2021-03-24,19:00,9.9,6.1,79.0,W,6.4,14.5,1023.67,0.0,0.0,0.0,0.0,,
2021-03-24,19:15,9.4,6.1,81.0,W,3.2,12.9,1023.91,0.0,0.0,0.0,0.0,,
2021-03-24,19:30,9.2,6.1,83.0,WSW,3.2,11.3,1023.71,0.0,0.0,0.0,0.0,,
2021-03-24,19:45,9.0,6.1,84.0,WNW,11.3,14.5,1024.01,0.0,0.0,0.0,0.0,,
2021-03-24,20:00,8.8,6.1,86.0,WNW,9.7,22.5,1024.18,0.0,0.0,0.0,0.0,,
2021-03-24,20:15,8.8,6.7,86.0,W,16.1,25.7,1024.11,0.0,0.0,0.0,0.0,,
2021-03-24,20:30,8.8,6.7,87.0,WNW,12.9,22.5,1024.35,0.0,0.0,0.0,0.0,,
2021-03-24,20:45,8.9,6.7,87.0,W,16.1,20.9,1024.31,0.0,0.0,0.0,0.0,,
2021-03-24,21:00,9.1,6.7,86.0,W,16.1,24.1,1024.42,0.0,0.0,0.0,0.0,,
2021-03-24,21:15,8.9,6.7,86.0,W,14.5,19.3,1024.59,0.0,0.0,0.0,0.0,,
2021-03-24,21:30,8.9,6.7,86.0,WNW,6.4,17.7,1024.55,0.0,0.0,0.0,0.0,,
2021-03-24,21:45,8.9,6.7,86.0,W,9.7,20.9,1024.59,0.0,0.0,0.0,0.0,,
2021-03-24,22:00,8.8,6.7,87.0,WNW,12.9,16.1,1024.59,0.0,0.0,0.0,0.0,,
2021-03-24,22:15,8.8,6.7,86.0,WNW,6.4,19.3,1024.42,0.0,0.0,0.0,0.0,,
2021-03-24,22:30,8.7,6.1,86.0,WNW,6.4,14.5,1024.55,0.0,0.0,0.0,0.0,,
2021-03-24,22:45,8.6,6.1,86.0,WNW,6.4,12.9,1024.55,0.0,0.0,0.0,0.0,,
2021-03-24,23:00,8.4,6.1,87.0,WNW,6.4,9.7,1024.55,0.0,0.0,0.0,0.0,,
2021-03-24,23:15,8.6,6.1,86.0,W,4.8,16.1,1024.59,0.0,0.0,0.0,0.0,,
2021-03-24,23:30,8.5,6.1,87.0,WNW,9.7,9.7,1024.42,0.0,0.0,0.0,0.0,,
2021-03-24,23:45,7.5,5.6,88.0,N,0.0,4.8,1024.42,0.0,0.0,0.0,0.0,,
2021-03-24,OVR,,,,,,,,,,,,gustmax,37
2021-03-24,OVR,,,,,,,,,,,,rainrate_max,0
2021-03-24,OVR,,,,,,,,,,,,rain_total_mm,0
2021-03-24,OVR,,,,,,,,,,,,tmax,14.8
2021-03-24,OVR,,,,,,,,,,,,tmin,4.7
2021-03-24,OVR,,,,,,,,,,,,wind_dir_mean_deg,82
2021-03-25,00:00,7.4,5.6,89.0,N,0.0,4.8,1024.55,0.0,0.0,0.0,0.0,,
2021-03-25,00:15,7.6,5.6,89.0,WNW,1.6,6.4,1024.45,0.0,0.0,0.0,0.0,,
2021-03-25,00:30,7.1,5.6,89.0,WNW,1.6,3.2,1024.42,0.0,0.0,0.0,0.0,,
2021-03-25,00:45,7.2,5.0,88.0,NW,1.6,4.8,1024.25,0.0,0.0,0.0,0.0,,
2021-03-25,01:00,7.0,5.0,88.0,N,0.0,4.8,1024.18,0.0,0.0,0.0,0.0,,
2021-03-25,01:15,6.9,5.0,90.0,NNW,1.6,3.2,1024.01,0.0,0.0,0.0,0.0,,
2021-03-25,01:30,6.9,5.0,90.0,N,0.0,3.2,1024.01,0.0,0.0,0.0,0.0,,
2021-03-25,01:45,7.0,5.0,89.0,NNW,1.6,1.6,1023.94,0.0,0.0,0.0,0.0,,
2021-03-25,02:00,6.8,5.0,90.0,N,0.0,1.6,1024.04,0.0,0.0,0.0,0.0,,
2021-03-25,02:15,6.9,5.0,89.0,N,0.0,1.6,1023.94,0.0,0.0,0.0,0.0,,
2021-03-25,02:30,6.5,5.0,90.0,N,0.0,3.2,1023.81,0.0,0.0,0.0,0.0,,
2021-03-25,02:45,6.8,5.0,91.0,NW,1.6,6.4,1023.4,0.0,0.0,0.0,0.0,,
2021-03-25,03:00,7.1,5.6,91.0,WNW,6.4,6.4,1023.47,0.0,0.0,0.0,0.0,,
2021-03-25,03:15,7.5,5.6,90.0,WNW,4.8,11.3,1023.43,0.0,0.0,0.0,0.0,,
2021-03-25,03:30,6.9,5.0,90.0,WNW,1.6,6.4,1023.47,0.0,0.0,0.0,0.0,,
2021-03-25,03:45,6.5,5.0,91.0,WNW,1.6,3.2,1023.37,0.0,0.0,0.0,0.0,,
2021-03-25,04:00,6.6,5.0,91.0,N,0.0,3.2,1023.23,0.0,0.0,0.0,0.0,,
2021-03-25,04:15,6.4,5.0,91.0,WNW,1.6,3.2,1023.33,0.0,0.0,0.0,0.0,,
2021-03-25,04:30,6.4,5.0,91.0,WNW,1.6,3.2,1023.37,0.0,0.0,0.0,0.0,,
2021-03-25,04:45,6.6,5.0,91.0,WNW,1.6,4.8,1023.16,0.0,0.0,0.0,0.0,,
2021-03-25,05:00,6.3,4.4,90.0,WNW,1.6,3.2,1023.4,0.0,0.0,0.0,0.0,,
2021-03-25,05:15,6.6,5.0,92.0,N,0.0,3.2,1023.54,0.0,0.0,0.0,0.0,,
2021-03-25,05:30,6.9,5.6,91.0,N,0.0,6.4,1023.37,0.0,0.0,0.0,0.0,,
2021-03-25,05:45,6.9,5.6,91.0,WNW,1.6,11.3,1023.57,0.0,0.0,0.0,0.0,,
2021-03-25,06:00,6.6,5.0,91.0,N,0.0,3.2,1023.67,0.0,0.0,0.0,0.0,,
2021-03-25,06:15,7.1,5.6,91.0,NW,1.6,6.4,1023.5,0.0,0.0,0.0,0.0,,
2021-03-25,06:30,7.3,5.6,89.0,WNW,3.2,14.5,1023.54,0.0,0.0,0.0,9.0,,
2021-03-25,06:45,7.2,5.0,88.0,N,0.0,3.2,1023.71,0.0,0.0,0.0,16.0,,
2021-03-25,07:00,6.8,5.0,89.0,WNW,1.6,3.2,1023.77,0.0,0.0,0.0,72.0,,
2021-03-25,07:15,7.4,5.0,87.0,WNW,1.6,3.2,1023.98,0.0,0.0,0.0,118.0,,
2021-03-25,07:30,7.7,5.0,84.0,WNW,1.6,3.2,1023.98,0.0,0.0,0.0,153.0,,
2021-03-25,07:45,8.1,5.6,85.0,WNW,1.6,1.6,1023.98,0.0,0.0,0.0,162.0,,
2021-03-25,08:00,8.8,5.6,81.0,WNW,3.2,3.2,1024.11,0.0,0.0,1.0,253.0,,
2021-03-25,08:15,9.4,6.1,80.0,NW,1.6,4.8,1024.25,0.0,0.0,1.0,269.0,,
2021-03-25,08:30,9.9,6.7,80.0,NW,3.2,6.4,1024.38,0.0,0.0,1.0,350.0,,
2021-03-25,08:45,10.1,6.7,81.0,WNW,3.2,11.3,1024.52,0.0,0.0,2.0,452.0,,
2021-03-25,09:00,10.3,7.2,81.0,W,14.5,17.7,1024.55,0.0,0.0,2.0,501.0,,
2021-03-25,09:15,10.7,7.2,80.0,WNW,12.9,14.5,1024.65,0.0,0.0,2.0,545.0,,
2021-03-25,09:30,10.9,7.2,79.0,W,9.7,12.9,1024.76,0.0,0.0,2.0,591.0,,
2021-03-25,09:45,11.3,7.2,77.0,WNW,1.6,14.5,1024.89,0.0,0.0,3.0,631.0,,
2021-03-25,10:00,11.3,7.2,75.0,W,17.7,20.9,1025.06,0.0,0.0,3.0,668.0,,
2021-03-25,10:15,11.7,6.7,73.0,W,4.8,17.7,1024.92,0.0,0.0,3.0,701.0,,
2021-03-25,10:30,12.3,7.2,71.0,W,9.7,16.1,1025.06,0.0,0.0,4.0,733.0,,
2021-03-25,10:45,12.6,7.8,73.0,W,16.1,16.1,1025.2,0.0,0.0,4.0,759.0,,
2021-03-25,11:00,12.7,6.7,68.0,W,4.8,17.7,1025.16,0.0,0.0,4.0,786.0,,
2021-03-25,11:15,13.1,6.1,63.0,W,4.8,19.3,1025.06,0.0,0.0,5.0,809.0,,
2021-03-25,11:30,13.2,4.4,56.0,W,9.7,17.7,1025.16,0.0,0.0,5.0,830.0,,
2021-03-25,11:45,13.7,3.9,52.0,W,4.8,22.5,1024.99,0.0,0.0,5.0,842.0,,
2021-03-25,12:00,14.1,4.4,53.0,N,0.0,16.1,1024.92,0.0,0.0,5.0,847.0,,
2021-03-25,12:15,14.3,4.4,53.0,WNW,16.1,17.7,1024.72,0.0,0.0,5.0,849.0,,
2021-03-25,12:30,14.7,5.0,52.0,W,9.7,22.5,1024.96,0.0,0.0,6.0,854.0,,
2021-03-25,12:45,14.6,5.0,52.0,SW,1.6,19.3,1024.79,0.0,0.0,6.0,851.0,,
2021-03-25,13:00,15.2,7.2,59.0,SW,1.6,14.5,1024.48,0.0,0.0,5.0,838.0,,
2021-03-25,13:15,14.9,6.1,56.0,WNW,4.8,20.9,1024.42,0.0,0.0,5.0,828.0,,
2021-03-25,13:30,15.2,5.6,53.0,W,9.7,17.7,1024.31,0.0,0.0,5.0,812.0,,
2021-03-25,13:45,15.2,5.6,54.0,W,19.3,25.7,1024.31,0.0,0.0,5.0,793.0,,
2021-03-25,14:00,15.3,6.1,54.0,SSW,3.2,22.5,1024.28,0.0,0.0,5.0,766.0,,
2021-03-25,14:15,15.4,5.6,52.0,WNW,24.1,30.6,1024.11,0.0,0.0,4.0,738.0,,
2021-03-25,14:30,15.8,5.6,52.0,WNW,8.0,20.9,1024.15,0.0,0.0,4.0,710.0,,
2021-03-25,14:45,15.4,3.9,47.0,WNW,20.9,29.0,1023.84,0.0,0.0,4.0,680.0,,
2021-03-25,15:00,15.4,5.6,53.0,W,17.7,27.4,1023.98,0.0,0.0,3.0,650.0,,
2021-03-25,15:15,15.1,5.0,52.0,WNW,16.1,30.6,1023.98,0.0,0.0,3.0,615.0,,
2021-03-25,15:30,15.2,6.1,56.0,WNW,8.0,30.6,1023.77,0.0,0.0,3.0,577.0,,
2021-03-25,15:45,14.7,7.2,61.0,W,19.3,32.2,1023.84,0.0,0.0,2.0,527.0,,
2021-03-25,16:00,14.8,7.2,60.0,W,22.5,35.4,1023.98,0.0,0.0,1.0,332.0,,
2021-03-25,16:15,14.4,7.8,64.0,W,16.1,32.2,1024.11,0.0,0.0,1.0,216.0,,
2021-03-25,16:30,14.2,8.3,68.0,W,25.7,38.6,1024.01,0.0,0.0,1.0,63.0,,
2021-03-25,16:45,13.8,8.3,69.0,W,22.5,33.8,1024.04,0.0,0.0,1.0,69.0,,
2021-03-25,17:00,13.7,8.3,71.0,WNW,16.1,35.4,1024.18,0.0,0.0,0.0,40.0,,
2021-03-25,17:15,13.3,8.3,73.0,W,22.5,29.0,1024.08,0.0,0.0,0.0,53.0,,
2021-03-25,17:30,12.9,8.3,76.0,W,25.7,29.0,1024.35,0.0,0.0,0.0,35.0,,
2021-03-25,17:45,12.6,8.9,79.0,WNW,19.3,25.7,1024.21,0.0,0.0,0.0,30.0,,
2021-03-25,18:00,12.3,8.9,80.0,WNW,12.9,25.7,1024.18,0.0,0.0,0.0,25.0,,
2021-03-25,18:15,11.9,8.9,82.0,WNW,12.9,24.1,1024.42,0.0,0.0,0.0,16.0,,
2021-03-25,18:30,11.6,8.3,83.0,WNW,8.0,24.1,1024.48,0.0,0.0,0.0,11.0,,
2021-03-25,18:45,11.3,8.9,85.0,WNW,8.0,24.1,1024.65,0.0,0.0,0.0,0.0,,
2021-03-25,19:00,11.0,8.9,87.0,WNW,14.5,20.9,1024.52,0.0,0.0,0.0,0.0,,
2021-03-25,19:15,10.8,8.9,88.0,WNW,12.9,17.7,1024.55,0.0,0.0,0.0,0.0,,
2021-03-25,19:30,10.7,8.9,89.0,WNW,14.5,22.5,1024.79,0.0,0.0,0.0,0.0,,
2021-03-25,19:45,10.7,8.9,88.0,W,22.5,20.9,1025.09,0.0,0.0,0.0,0.0,,
2021-03-25,20:00,10.6,8.9,89.0,W,14.5,20.9,1025.09,0.0,0.0,0.0,0.0,,
2021-03-25,20:15,10.6,8.9,90.0,WNW,8.0,22.5,1025.2,0.0,0.0,0.0,0.0,,
2021-03-25,20:30,10.4,8.9,90.0,WNW,16.1,22.5,1025.2,0.0,0.0,0.0,0.0,,
2021-03-25,20:45,10.4,8.9,90.0,WNW,11.3,22.5,1025.2,0.0,0.0,0.0,0.0,,
2021-03-25,21:00,10.4,8.9,90.0,WNW,11.3,20.9,1025.53,0.0,0.0,0.0,0.0,,
2021-03-25,21:15,10.2,8.3,90.0,W,11.3,14.5,1025.57,0.0,0.0,0.0,0.0,,
2021-03-25,21:30,10.2,8.3,91.0,WNW,8.0,16.1,1025.43,0.0,0.0,0.0,0.0,,
2021-03-25,21:45,9.9,8.3,90.0,WNW,3.2,11.3,1025.4,0.0,0.0,0.0,0.0,,
2021-03-25,22:00,9.3,7.8,90.0,NW,3.2,6.4,1025.64,0.0,0.0,0.0,0.0,,
2021-03-25,22:15,9.0,7.2,88.0,N,0.0,8.0,1025.7,0.0,0.0,0.0,0.0,,
2021-03-25,22:30,8.2,6.7,90.0,N,0.0,1.6,1025.6,0.0,0.0,0.0,0.0,,
2021-03-25,22:45,8.3,6.7,91.0,N,0.0,3.2,1025.6,0.0,0.0,0.0,0.0,,
2021-03-25,23:00,8.1,6.7,91.0,N,0.0,1.6,1025.43,0.0,0.0,0.0,0.0,,
2021-03-25,23:15,8.2,6.7,91.0,N,0.0,3.2,1025.6,0.0,0.0,0.0,0.0,,
2021-03-25,23:30,8.7,6.7,89.0,N,0.0,3.2,1025.77,0.0,0.0,0.0,0.0,,
2021-03-25,23:45,9.2,7.2,87.0,N,0.0,3.2,1025.77,0.0,0.0,0.0,0.0,,
2021-03-25,OVR,,,,,,,,,,,,gustmax,40.2
2021-03-25,OVR,,,,,,,,,,,,rainrate_max,0
2021-03-25,OVR,,,,,,,,,,,,rain_total_mm,0
2021-03-25,OVR,,,,,,,,,,,,tmax,15.9
2021-03-25,OVR,,,,,,,,,,,,tmin,6.2
2021-03-25,OVR,,,,,,,,,,,,wind_dir_mean_deg,79
2021-03-26,00:00,9.2,7.2,88.0,NW,1.6,3.2,1025.87,0.0,0.0,0.0,0.0,,
2021-03-26,00:15,9.2,7.2,88.0,NNW,3.2,4.8,1025.8,0.0,0.0,0.0,0.0,,
2021-03-26,00:30,9.2,7.2,89.0,N,0.0,3.2,1025.8,0.0,0.0,0.0,0.0,,
2021-03-26,00:45,8.9,7.2,89.0,N,0.0,4.8,1025.67,0.0,0.0,0.0,0.0,,
2021-03-26,01:00,8.7,6.7,89.0,NE,1.6,4.8,1025.77,0.0,0.0,0.0,0.0,,
2021-03-26,01:15,9.1,7.2,90.0,NNW,1.6,4.8,1025.7,0.0,0.0,0.0,0.0,,
2021-03-26,01:30,9.6,7.8,88.0,NNW,1.6,4.8,1025.7,0.0,0.0,0.0,0.0,,
2021-03-26,01:45,9.4,7.8,89.0,N,0.0,3.2,1025.47,0.0,0.0,0.0,0.0,,
2021-03-26,02:00,9.3,7.2,89.0,N,0.0,0.0,1025.6,0.0,0.0,0.0,0.0,,
2021-03-26,02:15,9.6,7.2,88.0,N,0.0,3.2,1025.47,0.0,0.0,0.0,0.0,,
2021-03-26,02:30,9.7,7.8,87.0,N,0.0,4.8,1025.36,0.0,0.0,0.0,0.0,,
2021-03-26,02:45,9.8,7.8,88.0,N,0.0,3.2,1025.13,0.0,0.0,0.0,0.0,,
2021-03-26,03:00,9.2,7.2,88.0,N,0.0,1.6,1024.99,0.0,0.0,0.0,0.0,,
2021-03-26,03:15,9.2,7.2,89.0,N,0.0,3.2,1024.92,0.0,0.0,0.0,0.0,,
2021-03-26,03:30,8.7,6.7,90.0,NNW,1.6,3.2,1024.92,0.0,0.0,0.0,0.0,,
2021-03-26,03:45,8.3,6.7,90.0,N,0.0,1.6,1025.03,0.0,0.0,0.0,0.0,,
2021-03-26,04:00,8.4,6.7,91.0,N,0.0,3.2,1025.06,0.0,0.0,0.0,0.0,,
2021-03-26,04:15,7.8,6.1,91.0,N,0.0,3.2,1024.92,0.0,0.0,0.0,0.0,,
2021-03-26,04:30,7.9,6.7,91.0,N,0.0,1.6,1024.99,0.0,0.0,0.0,0.0,,
2021-03-26,04:45,7.7,6.1,92.0,NNW,1.6,1.6,1024.99,0.0,0.0,0.0,0.0,,
2021-03-26,05:00,8.0,6.7,91.0,NNW,3.2,3.2,1025.06,0.0,0.0,0.0,0.0,,
2021-03-26,05:15,8.2,6.7,91.0,N,0.0,3.2,1025.06,0.0,0.0,0.0,0.0,,
2021-03-26,05:30,8.8,7.2,90.0,NNW,1.6,1.6,1025.03,0.0,0.0,0.0,0.0,,
2021-03-26,05:45,8.9,7.2,90.0,N,0.0,3.2,1025.23,0.0,0.0,0.0,0.0,,
2021-03-26,06:00,8.4,6.7,90.0,N,0.0,4.8,1025.03,0.0,0.0,0.0,0.0,,
2021-03-26,06:15,7.9,6.1,90.0,N,0.0,1.6,1025.03,0.0,0.0,0.0,0.0,,
2021-03-26,06:30,7.7,6.1,92.0,N,0.0,1.6,1025.13,0.0,0.0,0.0,11.0,,
2021-03-26,06:45,7.8,6.7,92.0,N,0.0,1.6,1025.09,0.0,0.0,0.0,21.0,,
2021-03-26,07:00,8.1,6.7,92.0,N,0.0,1.6,1025.03,0.0,0.0,0.0,69.0,,
2021-03-26,07:15,8.3,6.7,92.0,N,0.0,3.2,1025.09,0.0,0.0,0.0,114.0,,
2021-03-26,07:30,9.1,7.2,91.0,N,0.0,3.2,1025.16,0.0,0.0,0.0,153.0,,
2021-03-26,07:45,9.4,7.2,88.0,NNW,1.6,6.4,1025.33,0.0,0.0,0.0,162.0,,
2021-03-26,08:00,9.6,7.2,87.0,NNW,3.2,3.2,1025.3,0.0,0.0,1.0,258.0,,
2021-03-26,08:15,9.9,7.8,87.0,NNW,3.2,4.8,1025.57,0.0,0.0,1.0,279.0,,
2021-03-26,08:30,10.5,7.8,85.0,NW,1.6,4.8,1025.6,0.0,0.0,1.0,348.0,,
2021-03-26,08:45,11.1,8.3,85.0,NW,3.2,6.4,1026.04,0.0,0.0,2.0,457.0,,
2021-03-26,09:00,11.4,8.9,84.0,NW,3.2,4.8,1026.01,0.0,0.0,2.0,506.0,,
2021-03-26,09:15,12.1,8.9,81.0,N,0.0,3.2,1026.04,0.0,0.0,2.0,554.0,,
2021-03-26,09:30,12.7,8.9,79.0,N,0.0,4.8,1026.21,0.0,0.0,3.0,596.0,,
2021-03-26,09:45,13.3,8.9,75.0,NW,3.2,6.4,1026.35,0.0,0.0,3.0,638.0,,
2021-03-26,10:00,13.9,8.9,73.0,NW,4.8,8.0,1026.41,0.0,0.0,3.0,675.0,,
2021-03-26,10:15,14.7,9.4,72.0,NW,1.6,6.4,1026.52,0.0,0.0,4.0,708.0,,
2021-03-26,10:30,15.3,10.0,72.0,N,0.0,6.4,1026.55,0.0,0.0,4.0,738.0,,
2021-03-26,10:45,15.4,10.0,70.0,WNW,3.2,9.7,1026.62,0.0,0.0,4.0,766.0,,
2021-03-26,11:00,15.8,9.4,67.0,SE,3.2,9.7,1026.65,0.0,0.0,5.0,786.0,,
2021-03-26,11:15,16.3,8.9,63.0,N,0.0,12.9,1026.52,0.0,0.0,5.0,810.0,,
2021-03-26,11:30,16.6,6.1,50.0,WNW,4.8,14.5,1026.38,0.0,0.0,5.0,826.0,,
2021-03-26,11:45,17.0,8.3,57.0,SW,3.2,11.3,1026.52,0.0,0.0,6.0,844.0,,
2021-03-26,12:00,17.0,7.8,56.0,WNW,3.2,12.9,1026.38,0.0,0.0,6.0,849.0,,
2021-03-26,12:15,16.9,6.7,51.0,WNW,11.3,20.9,1026.25,0.0,0.0,6.0,851.0,,
2021-03-26,12:30,17.4,7.2,52.0,W,12.9,17.7,1026.18,0.0,0.0,6.0,851.0,,
2021-03-26,12:45,17.5,6.1,48.0,WNW,11.3,20.9,1026.14,0.0,0.0,6.0,846.0,,
2021-03-26,13:00,17.4,6.7,50.0,W,9.7,19.3,1026.14,0.0,0.0,6.0,833.0,,
2021-03-26,13:15,17.7,7.2,51.0,S,6.4,20.9,1025.94,0.0,0.0,6.0,824.0,,
2021-03-26,13:30,17.3,8.3,57.0,W,3.2,17.7,1025.87,0.0,0.0,5.0,803.0,,
2021-03-26,13:45,17.7,8.3,56.0,WSW,3.2,16.1,1025.67,0.0,0.0,5.0,782.0,,
2021-03-26,14:00,17.7,8.9,56.0,W,16.1,25.7,1025.47,0.0,0.0,5.0,758.0,,
2021-03-26,14:15,17.7,8.9,58.0,W,3.2,19.3,1025.16,0.0,0.0,5.0,737.0,,
2021-03-26,14:30,17.6,9.4,59.0,WNW,8.0,16.1,1025.23,0.0,0.0,4.0,701.0,,
2021-03-26,14:45,17.6,9.4,59.0,WNW,3.2,22.5,1025.16,0.0,0.0,4.0,670.0,,
2021-03-26,15:00,17.7,10.0,60.0,W,16.1,17.7,1025.23,0.0,0.0,4.0,642.0,,
2021-03-26,15:15,17.4,9.4,60.0,WNW,8.0,24.1,1025.09,0.0,0.0,3.0,606.0,,
2021-03-26,15:30,17.3,9.4,61.0,WNW,6.4,22.5,1025.06,0.0,0.0,3.0,540.0,,
2021-03-26,15:45,17.3,10.0,62.0,W,9.7,19.3,1024.96,0.0,0.0,2.0,524.0,,
2021-03-26,16:00,17.1,10.0,64.0,WNW,6.4,19.3,1024.89,0.0,0.0,2.0,339.0,,
2021-03-26,16:15,17.2,10.6,65.0,W,3.2,17.7,1025.03,0.0,0.0,1.0,306.0,,
2021-03-26,16:30,16.9,10.6,66.0,WNW,6.4,16.1,1024.92,0.0,0.0,1.0,93.0,,
2021-03-26,16:45,16.6,10.0,66.0,WNW,8.0,14.5,1024.79,0.0,0.0,1.0,100.0,,
2021-03-26,17:00,16.6,10.6,67.0,WNW,9.7,16.1,1024.79,0.0,0.0,0.0,54.0,,
2021-03-26,17:15,16.7,10.6,69.0,W,3.2,14.5,1024.99,0.0,0.0,0.0,60.0,,
2021-03-26,17:30,16.2,10.6,71.0,W,4.8,9.7,1025.03,0.0,0.0,0.0,62.0,,
2021-03-26,17:45,16.1,10.6,71.0,SW,1.6,3.2,1025.03,0.0,0.0,0.0,63.0,,
2021-03-26,18:00,15.6,10.0,69.0,SE,6.4,14.5,1025.06,0.0,0.0,0.0,49.0,,
2021-03-26,18:15,15.0,10.0,72.0,SE,8.0,14.5,1025.09,0.0,0.0,0.0,30.0,,
2021-03-26,18:30,14.3,9.4,75.0,SSE,8.0,11.3,1025.13,0.0,0.0,0.0,11.0,,
2021-03-26,18:45,13.4,8.9,75.0,SSE,3.2,9.7,1025.13,0.0,0.0,0.0,0.0,,
2021-03-26,19:00,12.7,8.3,75.0,SE,6.4,12.9,1025.26,0.0,0.0,0.0,0.0,,
2021-03-26,19:15,12.4,8.3,76.0,SE,11.3,14.5,1025.4,0.0,0.0,0.0,0.0,,
2021-03-26,19:30,12.3,8.3,78.0,SE,8.0,14.5,1025.57,0.0,0.0,0.0,0.0,,
2021-03-26,19:45,12.3,8.3,78.0,SE,14.5,16.1,1025.6,0.0,0.0,0.0,0.0,,
2021-03-26,20:00,12.2,7.8,75.0,SE,9.7,16.1,1025.7,0.0,0.0,0.0,0.0,,
2021-03-26,20:15,11.8,8.3,81.0,SE,11.3,17.7,1025.84,0.0,0.0,0.0,0.0,,
2021-03-26,20:30,11.7,8.9,84.0,ESE,14.5,17.7,1025.8,0.0,0.0,0.0,0.0,,
2021-03-26,20:45,11.4,8.9,85.0,SE,16.1,22.5,1025.74,0.0,0.0,0.0,0.0,,
2021-03-26,21:00,11.3,8.9,87.0,SE,14.5,22.5,1025.77,0.0,0.0,0.0,0.0,,
2021-03-26,21:15,11.2,8.3,83.0,SE,14.5,22.5,1025.87,0.0,0.0,0.0,0.0,,
2021-03-26,21:30,11.3,7.8,79.0,SE,16.1,20.9,1025.87,0.0,0.0,0.0,0.0,,
2021-03-26,21:45,11.3,7.2,77.0,SE,16.1,24.1,1025.91,0.0,0.0,0.0,0.0,,
2021-03-26,22:00,11.2,6.7,75.0,ESE,17.7,22.5,1025.91,0.0,0.0,0.0,0.0,,
2021-03-26,22:15,11.3,6.1,72.0,SE,19.3,22.5,1025.67,0.0,0.0,0.0,0.0,,
2021-03-26,22:30,11.3,6.7,74.0,SE,17.7,24.1,1025.87,0.0,0.0,0.0,0.0,,
2021-03-26,22:45,11.2,6.7,75.0,SE,16.1,22.5,1025.77,0.0,0.0,0.0,0.0,,
2021-03-26,23:00,11.0,7.2,77.0,ESE,11.3,24.1,1025.8,0.0,0.0,0.0,0.0,,
2021-03-26,23:15,10.7,6.7,78.0,ESE,16.1,20.9,1025.7,0.0,0.0,0.0,0.0,,
2021-03-26,23:30,10.8,6.7,75.0,ESE,14.5,25.7,1025.6,0.0,0.0,0.0,0.0,,
2021-03-26,23:45,10.8,6.7,76.0,SE,16.1,22.5,1025.64,0.0,0.0,0.0,0.0,,
2021-03-26,OVR,,,,,,,,,,,,gustmax,25.7
2021-03-26,OVR,,,,,,,,,,,,rainrate_max,0
2021-03-26,OVR,,,,,,,,,,,,rain_total_mm,0
2021-03-26,OVR,,,,,,,,,,,,tmax,18.1
2021-03-26,OVR,,,,,,,,,,,,tmin,7.6
2021-03-26,OVR,,,,,,,,,,,,wind_dir_mean_deg,196
2021-03-27,00:00,10.8,6.1,74.0,SE,17.7,24.1,1025.47,0.0,0.0,0.0,0.0,,
2021-03-27,00:15,10.7,5.6,72.0,SE,16.1,24.1,1025.4,0.0,0.0,0.0,0.0,,
2021-03-27,00:30,10.6,6.7,76.0,ESE,14.5,22.5,1025.2,0.0,0.0,0.0,0.0,,
2021-03-27,00:45,10.6,7.8,84.0,SE,16.1,22.5,1025.36,0.0,0.0,0.0,0.0,,
2021-03-27,01:00,10.4,7.2,81.0,ESE,14.5,24.1,1025.2,0.0,0.0,0.0,0.0,,
2021-03-27,01:15,10.4,7.8,84.0,ESE,12.9,27.4,1024.99,0.0,0.0,0.0,0.0,,
2021-03-27,01:30,10.0,7.2,83.0,SE,8.0,17.7,1024.92,0.0,0.0,0.0,0.0,,
2021-03-27,01:45,10.3,6.1,77.0,ESE,12.9,16.1,1024.92,0.0,0.0,0.0,0.0,,
2021-03-27,02:00,10.6,5.6,71.0,ESE,9.7,17.7,1024.82,0.0,0.0,0.0,0.0,,
2021-03-27,02:15,10.3,5.6,72.0,ESE,4.8,9.7,1024.69,0.0,0.0,0.0,0.0,,
2021-03-27,02:30,10.1,5.6,75.0,ESE,9.7,12.9,1024.62,0.0,0.0,0.0,0.0,,
2021-03-27,02:45,10.6,5.0,68.0,ESE,4.8,11.3,1024.92,0.0,0.0,0.0,0.0,,
2021-03-27,03:00,10.4,5.0,69.0,ESE,6.4,11.3,1024.59,0.0,0.0,0.0,0.0,,
2021-03-27,03:15,9.9,6.1,79.0,ESE,9.7,11.3,1024.52,0.0,0.0,0.0,0.0,,
2021-03-27,03:30,10.0,6.7,79.0,ESE,4.8,11.3,1024.48,0.0,0.0,0.0,0.0,,
2021-03-27,03:45,10.3,5.6,73.0,ESE,9.7,9.7,1024.35,0.0,0.0,0.0,0.0,,
2021-03-27,04:00,10.9,6.1,72.0,ESE,9.7,11.3,1024.45,0.0,0.0,0.0,0.0,,
2021-03-27,04:15,10.7,6.7,76.0,ESE,3.2,9.7,1024.48,0.0,0.0,0.0,0.0,,
2021-03-27,04:30,10.0,6.7,80.0,ESE,4.8,11.3,1024.31,0.0,0.0,0.0,0.0,,
2021-03-27,04:45,9.8,6.7,82.0,ESE,3.2,9.7,1024.35,0.0,0.0,0.0,0.0,,
2021-03-27,05:00,9.9,6.7,80.0,ESE,9.7,9.7,1024.28,0.0,0.0,0.0,0.0,,
2021-03-27,05:15,10.6,5.6,73.0,ESE,4.8,9.7,1024.59,0.0,0.0,0.0,0.0,,
2021-03-27,05:30,11.0,5.6,69.0,ESE,4.8,9.7,1024.45,0.0,0.0,0.0,0.0,,
2021-03-27,05:45,10.2,5.6,74.0,ESE,6.4,11.3,1024.42,0.0,0.0,0.0,0.0,,
2021-03-27,06:00,10.2,5.6,74.0,ESE,9.7,12.9,1024.35,0.0,0.0,0.0,0.0,,
2021-03-27,06:15,10.1,5.0,73.0,E,8.0,12.9,1024.31,0.0,0.0,0.0,0.0,,
2021-03-27,06:30,10.0,5.0,71.0,E,4.8,14.5,1024.25,0.0,0.0,0.0,9.0,,
2021-03-27,06:45,10.4,4.4,68.0,E,6.4,14.5,1024.48,0.0,0.0,0.0,26.0,,
2021-03-27,07:00,10.6,4.4,66.0,E,6.4,14.5,1024.55,0.0,0.0,0.0,42.0,,
2021-03-27,07:15,10.9,4.4,64.0,E,11.3,14.5,1024.42,0.0,0.0,0.0,70.0,,
2021-03-27,07:30,11.3,4.4,63.0,ENE,9.7,17.7,1024.52,0.0,0.0,0.0,81.0,,
2021-03-27,07:45,11.2,4.4,64.0,E,6.4,17.7,1024.38,0.0,0.0,0.0,97.0,,
2021-03-27,08:00,11.6,5.0,65.0,E,12.9,16.1,1024.25,0.0,0.0,1.0,178.0,,
2021-03-27,08:15,12.6,5.6,62.0,E,9.7,17.7,1024.35,0.0,0.0,1.0,262.0,,
2021-03-27,08:30,13.6,5.6,60.0,ESE,9.7,17.7,1024.59,0.0,0.0,1.0,322.0,,
2021-03-27,08:45,14.3,6.1,58.0,ENE,12.9,19.3,1024.82,0.0,0.0,1.0,357.0,,
2021-03-27,09:00,15.2,6.1,55.0,E,14.5,17.7,1024.69,0.0,0.0,2.0,490.0,,
2021-03-27,09:15,15.2,6.1,55.0,E,14.5,19.3,1024.96,0.0,0.0,2.0,445.0,,
2021-03-27,09:30,15.1,6.7,58.0,ESE,12.9,16.1,1025.09,0.0,0.0,2.0,276.0,,
2021-03-27,09:45,15.4,7.2,58.0,ESE,11.3,17.7,1025.26,0.0,0.0,3.0,612.0,,
2021-03-27,10:00,16.1,7.8,58.0,ENE,6.4,19.3,1025.36,0.0,0.0,3.0,701.0,,
2021-03-27,10:15,16.3,7.8,58.0,E,3.2,16.1,1025.53,0.0,0.0,3.0,376.0,,
2021-03-27,10:30,16.6,8.3,59.0,E,8.0,14.5,1025.5,0.0,0.0,3.0,380.0,,
2021-03-27,10:45,16.6,8.9,62.0,ENE,3.2,14.5,1025.67,0.0,0.0,3.0,585.0,,
2021-03-27,11:00,17.5,8.9,58.0,SE,8.0,16.1,1025.6,0.0,0.0,5.0,788.0,,
2021-03-27,11:15,18.3,9.4,56.0,SE,11.3,19.3,1025.64,0.0,0.0,5.0,854.0,,
2021-03-27,11:30,18.3,10.0,60.0,E,9.7,14.5,1025.53,0.0,0.0,6.0,990.0,,
2021-03-27,11:45,18.8,9.4,54.0,E,1.6,14.5,1025.6,0.0,0.0,5.0,796.0,,
2021-03-27,12:00,18.5,8.9,53.0,E,6.4,16.1,1025.67,0.0,0.0,4.0,570.0,,
2021-03-27,12:15,18.8,9.4,55.0,ESE,6.4,12.9,1025.7,0.0,0.0,5.0,847.0,,
2021-03-27,12:30,18.9,8.3,50.0,S,6.4,14.5,1025.64,0.0,0.0,6.0,823.0,,
2021-03-27,12:45,19.2,8.9,52.0,SSE,9.7,16.1,1025.64,0.0,0.0,5.0,759.0,,
2021-03-27,13:00,19.2,9.4,53.0,SE,6.4,20.9,1025.43,0.0,0.0,4.0,559.0,,
2021-03-27,13:15,19.3,8.9,52.0,ESE,12.9,17.7,1025.23,0.0,0.0,5.0,879.0,,
2021-03-27,13:30,19.8,9.4,51.0,SSE,6.4,11.3,1025.16,0.0,0.0,4.0,513.0,,
2021-03-27,13:45,19.6,8.3,48.0,SE,6.4,17.7,1025.2,0.0,0.0,3.0,434.0,,
2021-03-27,14:00,19.6,7.2,46.0,SE,14.5,16.1,1024.99,0.0,0.0,3.0,424.0,,
2021-03-27,14:15,19.5,8.3,49.0,SE,4.8,12.9,1025.03,0.0,0.0,3.0,461.0,,
2021-03-27,14:30,19.4,8.3,49.0,SSE,8.0,16.1,1024.76,0.0,0.0,4.0,766.0,,
2021-03-27,14:45,20.0,8.9,48.0,SE,3.2,14.5,1024.59,0.0,0.0,4.0,733.0,,
2021-03-27,15:00,19.8,9.4,52.0,SE,8.0,12.9,1024.42,0.0,0.0,2.0,404.0,,
2021-03-27,15:15,20.1,8.9,49.0,SE,6.4,16.1,1024.35,0.0,0.0,2.0,462.0,,
2021-03-27,15:30,19.6,8.9,51.0,SSE,8.0,14.5,1024.42,0.0,0.0,2.0,352.0,,
2021-03-27,15:45,19.6,10.6,57.0,SE,6.4,11.3,1024.55,0.0,0.0,2.0,454.0,,
2021-03-27,16:00,19.5,11.1,58.0,S,1.6,9.7,1024.45,0.0,0.0,1.0,262.0,,
2021-03-27,16:15,19.4,11.1,58.0,SSE,4.8,12.9,1024.31,0.0,0.0,1.0,415.0,,
2021-03-27,16:30,19.8,10.6,56.0,SSE,3.2,11.3,1024.38,0.0,0.0,1.0,178.0,,
2021-03-27,16:45,19.6,10.0,55.0,SSE,8.0,11.3,1024.55,0.0,0.0,1.0,199.0,,
2021-03-27,17:00,19.4,10.6,57.0,S,3.2,9.7,1024.52,0.0,0.0,1.0,109.0,,
2021-03-27,17:15,19.5,10.0,55.0,W,11.3,12.9,1024.42,0.0,0.0,0.0,74.0,,
2021-03-27,17:30,18.4,9.4,57.0,W,9.7,11.3,1024.79,0.0,0.0,0.0,62.0,,
2021-03-27,17:45,18.1,8.9,56.0,W,9.7,16.1,1024.82,0.0,0.0,0.0,47.0,,
2021-03-27,18:00,17.5,8.9,57.0,N,0.0,11.3,1024.79,0.0,0.0,0.0,35.0,,
2021-03-27,18:15,16.8,9.4,63.0,N,0.0,3.2,1025.03,0.0,0.0,0.0,26.0,,
2021-03-27,18:30,16.1,8.9,64.0,N,0.0,3.2,1025.3,0.0,0.0,0.0,14.0,,
2021-03-27,18:45,15.1,8.3,66.0,SW,1.6,4.8,1025.16,0.0,0.0,0.0,0.0,,
2021-03-27,19:00,14.9,8.3,65.0,SW,1.6,4.8,1025.2,0.0,0.0,0.0,0.0,,
2021-03-27,19:15,14.2,8.3,68.0,SSE,6.4,6.4,1025.5,0.0,0.0,0.0,0.0,,
2021-03-27,19:30,14.2,9.4,73.0,SE,8.0,14.5,1025.64,0.0,0.0,0.0,0.0,,
2021-03-27,19:45,13.9,9.4,77.0,SSE,9.7,14.5,1025.87,0.0,0.0,0.0,0.0,,
2021-03-27,20:00,13.7,10.0,78.0,SE,6.4,14.5,1026.18,0.0,0.0,0.0,0.0,,
2021-03-27,20:15,13.7,9.4,75.0,SE,8.0,14.5,1026.28,0.0,0.0,0.0,0.0,,
2021-03-27,20:30,13.8,8.3,72.0,SE,3.2,12.9,1026.52,0.0,0.0,0.0,0.0,,
2021-03-27,20:45,13.4,8.3,72.0,ESE,4.8,12.9,1026.72,0.0,0.0,0.0,0.0,,
2021-03-27,21:00,12.8,7.8,73.0,E,3.2,6.4,1026.99,0.0,0.0,0.0,0.0,,
2021-03-27,21:15,12.2,7.2,74.0,E,1.6,4.8,1026.92,0.0,0.0,0.0,0.0,,
2021-03-27,21:30,12.2,7.8,74.0,ESE,3.2,8.0,1026.96,0.0,0.0,0.0,0.0,,
2021-03-27,21:45,12.9,8.3,74.0,E,3.2,6.4,1027.09,0.0,0.0,0.0,0.0,,
2021-03-27,22:00,12.7,8.3,77.0,E,1.6,6.4,1027.09,0.0,0.0,0.0,0.0,,
2021-03-27,22:15,12.9,8.3,76.0,ESE,4.8,6.4,1027.13,0.0,0.0,0.0,0.0,,
2021-03-27,22:30,13.1,8.3,74.0,ESE,3.2,4.8,1027.23,0.0,0.0,0.0,0.0,,
2021-03-27,22:45,13.1,8.3,74.0,ESE,4.8,6.4,1027.29,0.0,0.0,0.0,0.0,,
2021-03-27,23:00,12.7,8.3,75.0,ESE,3.2,6.4,1027.4,0.0,0.0,0.0,0.0,,
2021-03-27,23:15,13.3,8.3,72.0,ESE,1.6,9.7,1027.36,0.0,0.0,0.0,0.0,,
2021-03-27,23:30,12.8,7.8,73.0,E,6.4,9.7,1027.5,0.0,0.0,0.0,0.0,,
2021-03-27,23:45,13.5,7.8,69.0,E,4.8,11.3,1027.4,0.0,0.0,0.0,0.0,,
2021-03-27,OVR,,,,,,,,,,,,gustmax,27.4
2021-03-27,OVR,,,,,,,,,,,,rainrate_max,0
2021-03-27,OVR,,,,,,,,,,,,rain_total_mm,0
2021-03-27,OVR,,,,,,,,,,,,tmax,20.1
2021-03-27,OVR,,,,,,,,,,,,tmin,9.8
2021-03-27,OVR,,,,,,,,,,,,wind_dir_mean_deg,242
2021-03-28,00:00,12.9,7.8,71.0,E,3.2,6.4,1027.57,0.0,0.0,0.0,0.0,,
2021-03-28,00:15,12.4,7.8,74.0,ESE,3.2,6.4,1027.74,0.0,0.0,0.0,0.0,,
2021-03-28,00:30,12.4,7.8,74.0,ESE,3.2,4.8,1027.87,0.0,0.0,0.0,0.0,,
2021-03-28,00:45,12.6,7.8,74.0,ESE,4.8,9.7,1027.87,0.0,0.0,0.0,0.0,,
2021-03-28,01:00,12.5,7.8,75.0,ESE,1.6,6.4,1027.87,0.0,0.0,0.0,0.0,,
2021-03-28,01:15,12.6,8.3,75.0,E,4.8,6.4,1027.74,0.0,0.0,0.0,0.0,,
2021-03-28,01:30,13.0,8.3,73.0,E,4.8,8.0,1027.77,0.0,0.0,0.0,0.0,,
2021-03-28,01:45,12.5,7.8,75.0,E,4.8,6.4,1027.63,0.0,0.0,0.0,0.0,,
2021-03-28,03:00,12.3,7.8,76.0,E,4.8,9.7,1027.6,0.0,0.0,0.0,0.0,,
2021-03-28,03:15,12.2,7.8,76.0,E,4.8,9.7,1027.5,0.0,0.0,0.0,0.0,,
2021-03-28,03:30,12.2,7.8,76.0,ESE,6.4,11.3,1027.43,0.0,0.0,0.0,0.0,,
2021-03-28,03:45,11.8,7.8,76.0,ESE,4.8,6.4,1027.29,0.0,0.0,0.0,0.0,,
2021-03-28,04:00,11.9,7.8,77.0,E,4.8,9.7,1027.09,0.0,0.0,0.0,0.0,,
2021-03-28,04:15,11.8,7.8,77.0,E,3.2,9.7,1027.29,0.0,0.0,0.0,0.0,,
2021-03-28,04:30,11.6,7.8,77.0,E,3.2,6.4,1027.57,0.0,0.0,0.0,0.0,,
2021-03-28,04:45,11.1,7.2,79.0,E,1.6,4.8,1027.36,0.0,0.0,0.0,0.0,,
2021-03-28,05:00,10.3,7.2,81.0,ESE,3.2,6.4,1027.29,0.0,0.0,0.0,0.0,,
2021-03-28,05:15,10.4,6.7,80.0,N,0.0,3.2,1027.43,0.0,0.0,0.0,0.0,,
2021-03-28,05:30,10.1,7.2,82.0,ESE,3.2,3.2,1027.46,0.0,0.0,0.0,0.0,,
2021-03-28,05:45,10.4,7.2,82.0,ESE,1.6,4.8,1027.63,0.0,0.0,0.0,0.0,,
2021-03-28,06:00,10.5,7.2,81.0,ESE,1.6,4.8,1027.6,0.0,0.0,0.0,0.0,,
2021-03-28,06:15,10.6,7.2,82.0,ESE,1.6,3.2,1027.8,0.0,0.0,0.0,0.0,,
2021-03-28,06:30,10.4,7.2,82.0,E,6.4,6.4,1027.97,0.0,0.0,0.0,0.0,,
2021-03-28,06:45,10.2,7.2,82.0,ESE,9.7,11.3,1028.07,0.0,0.0,0.0,0.0,,
2021-03-28,07:00,10.2,7.2,82.0,E,4.8,6.4,1028.07,0.0,0.0,0.0,0.0,,
2021-03-28,07:15,9.7,6.7,83.0,ESE,4.8,6.4,1028.24,0.0,0.0,0.0,0.0,,
2021-03-28,07:30,10.0,7.2,83.0,ESE,3.2,6.4,1028.38,0.0,0.0,0.0,16.0,,
2021-03-28,07:45,10.1,7.2,82.0,E,4.8,11.3,1028.51,0.0,0.0,0.0,40.0,,
2021-03-28,08:00,10.4,7.2,80.0,ESE,6.4,6.4,1028.82,0.0,0.0,0.0,67.0,,
2021-03-28,08:15,10.8,7.2,79.0,N,0.0,4.8,1028.92,0.0,0.0,0.0,114.0,,
2021-03-28,08:30,10.6,7.2,81.0,N,0.0,3.2,1029.06,0.0,0.0,0.0,156.0,,
2021-03-28,08:45,11.1,7.8,81.0,N,0.0,3.2,1029.29,0.0,0.0,0.0,172.0,,
2021-03-28,09:00,12.1,7.8,76.0,E,6.4,9.7,1029.43,0.0,0.0,1.0,251.0,,
2021-03-28,09:15,12.6,8.3,76.0,N,0.0,9.7,1029.43,0.0,0.0,1.0,288.0,,
2021-03-28,09:30,13.0,8.3,74.0,ENE,3.2,11.3,1029.39,0.0,0.0,1.0,338.0,,
2021-03-28,09:45,13.8,8.9,72.0,E,6.4,12.9,1029.73,0.0,0.0,1.0,438.0,,
2021-03-28,10:00,14.2,8.9,71.0,E,1.6,12.9,1030.0,0.0,0.0,2.0,494.0,,
2021-03-28,10:15,14.4,8.9,70.0,E,4.8,11.3,1030.11,0.0,0.0,2.0,540.0,,
2021-03-28,10:30,14.8,10.0,72.0,ESE,11.3,11.3,1030.27,0.0,0.0,2.0,584.0,,
2021-03-28,10:45,15.2,10.0,71.0,ESE,9.7,12.9,1030.48,0.0,0.0,3.0,624.0,,
2021-03-28,11:00,15.5,8.9,67.0,ENE,6.4,11.3,1030.61,0.0,0.0,3.0,657.0,,
2021-03-28,11:15,16.1,9.4,65.0,ESE,4.8,12.9,1030.85,0.0,0.0,3.0,694.0,,
2021-03-28,11:30,16.3,9.4,63.0,E,6.4,12.9,1030.75,0.0,0.0,4.0,724.0,,
2021-03-28,11:45,16.6,9.4,64.0,NE,6.4,9.7,1031.12,0.0,0.0,4.0,740.0,,
2021-03-28,12:00,16.9,10.0,64.0,SE,4.8,11.3,1030.85,0.0,0.0,4.0,712.0,,
2021-03-28,12:15,17.0,10.6,65.0,ENE,1.6,9.7,1031.09,0.0,0.0,4.0,682.0,,
2021-03-28,12:30,17.6,11.1,65.0,SE,8.0,11.3,1030.99,0.0,0.0,4.0,668.0,,
2021-03-28,12:45,17.4,10.6,66.0,WNW,4.8,11.3,1030.95,0.0,0.0,5.0,798.0,,
2021-03-28,13:00,18.4,11.1,63.0,NNW,8.0,8.0,1030.99,0.0,0.0,5.0,765.0,,
2021-03-28,13:15,18.3,10.6,62.0,NW,3.2,8.0,1030.72,0.0,0.0,5.0,842.0,,
2021-03-28,13:30,19.3,11.1,60.0,,6.4,14.5,1030.82,0.0,0.0,5.0,835.0,,
2021-03-28,13:45,19.4,11.7,62.0,WNW,12.9,14.5,1030.65,0.0,0.0,5.0,824.0,,
2021-03-28,14:00,18.8,11.7,63.0,SSW,1.6,9.7,1030.68,0.0,0.0,3.0,274.0,,
2021-03-28,14:15,19.6,12.2,63.0,W,14.5,14.5,1030.51,0.0,0.0,5.0,847.0,,
2021-03-28,14:30,19.2,12.2,65.0,W,11.3,19.3,1030.55,0.0,0.0,5.0,835.0,,
2021-03-28,14:45,19.6,12.2,64.0,WNW,14.5,19.3,1030.48,0.0,0.0,5.0,796.0,,
2021-03-28,15:00,19.6,12.2,62.0,WNW,12.9,17.7,1030.27,0.0,0.0,4.0,735.0,,
2021-03-28,15:15,19.3,12.2,63.0,WNW,11.3,19.3,1030.04,0.0,0.0,4.0,682.0,,
2021-03-28,15:30,19.4,13.3,67.0,W,16.1,19.3,1030.0,0.0,0.0,4.0,696.0,,
2021-03-28,15:45,18.9,12.8,68.0,WNW,6.4,20.9,1030.04,0.0,0.0,3.0,659.0,,
2021-03-28,16:00,18.9,13.3,69.0,WNW,14.5,20.9,1030.11,0.0,0.0,3.0,629.0,,
2021-03-28,16:15,18.6,12.8,70.0,W,4.8,20.9,1030.11,0.0,0.0,3.0,596.0,,
2021-03-28,16:30,18.2,12.8,70.0,WNW,16.1,20.9,1030.04,0.0,0.0,2.0,555.0,,
2021-03-28,16:45,17.8,12.8,73.0,W,9.7,22.5,1030.04,0.0,0.0,2.0,513.0,,
2021-03-28,17:00,17.6,12.2,72.0,W,6.4,24.1,1030.17,0.0,0.0,2.0,302.0,,
2021-03-28,17:15,17.4,12.2,74.0,WNW,11.3,20.9,1030.14,0.0,0.0,1.0,346.0,,
2021-03-28,17:30,17.3,12.2,74.0,W,4.8,22.5,1030.31,0.0,0.0,1.0,213.0,,
2021-03-28,17:45,17.3,12.2,74.0,WNW,6.4,19.3,1030.44,0.0,0.0,1.0,301.0,,
2021-03-28,18:00,16.8,12.2,75.0,S,3.2,11.3,1030.58,0.0,0.0,1.0,67.0,,
2021-03-28,18:15,16.6,12.2,76.0,W,9.7,11.3,1030.75,0.0,0.0,0.0,65.0,,
2021-03-28,18:30,16.9,12.2,74.0,SSW,1.6,4.8,1030.58,0.0,0.0,0.0,51.0,,
2021-03-28,18:45,16.3,12.2,77.0,W,6.4,6.4,1030.61,0.0,0.0,0.0,42.0,,
2021-03-28,19:00,15.7,12.2,79.0,W,1.6,6.4,1030.65,0.0,0.0,0.0,33.0,,
2021-03-28,19:15,15.2,11.7,80.0,S,3.2,8.0,1030.88,0.0,0.0,0.0,25.0,,
2021-03-28,19:30,14.4,11.1,82.0,S,1.6,8.0,1030.92,0.0,0.0,0.0,14.0,,
2021-03-28,19:45,13.9,11.1,85.0,SSE,6.4,9.7,1030.99,0.0,0.0,0.0,0.0,,
2021-03-28,20:00,13.5,10.6,84.0,SSE,8.0,11.3,1030.95,0.0,0.0,0.0,0.0,,
2021-03-28,20:15,12.9,10.0,84.0,SE,6.4,11.3,1031.29,0.0,0.0,0.0,0.0,,
2021-03-28,20:45,12.3,10.0,87.0,SE,4.8,8.0,1031.73,0.0,0.0,0.0,0.0,,
2021-03-28,21:00,12.0,10.0,87.0,SE,4.8,8.0,1031.73,0.0,0.0,0.0,0.0,,
2021-03-28,21:15,11.9,9.4,87.0,SE,1.6,11.3,1031.83,0.0,0.0,0.0,0.0,,
2021-03-28,21:30,12.3,9.4,85.0,SE,11.3,12.9,1032.04,0.0,0.0,0.0,0.0,,
2021-03-28,21:45,12.4,10.0,85.0,ESE,8.0,14.5,1032.21,0.0,0.0,0.0,0.0,,
2021-03-28,22:00,12.4,10.0,85.0,SE,8.0,16.1,1032.37,0.0,0.0,0.0,0.0,,
2021-03-28,22:15,12.1,9.4,86.0,SE,8.0,14.5,1032.41,0.0,0.0,0.0,0.0,,
2021-03-28,22:30,11.9,9.4,87.0,SE,8.0,14.5,1032.44,0.0,0.0,0.0,0.0,,
2021-03-28,22:45,11.9,9.4,87.0,SE,11.3,14.5,1032.41,0.0,0.0,0.0,0.0,,
2021-03-28,23:00,11.8,9.4,88.0,SE,6.4,12.9,1032.61,0.0,0.0,0.0,0.0,,
2021-03-28,23:15,11.7,9.4,87.0,ESE,6.4,11.3,1032.75,0.0,0.0,0.0,0.0,,
2021-03-28,23:30,11.6,9.4,87.0,N,0.0,4.8,1032.85,0.0,0.0,0.0,0.0,,
2021-03-28,23:45,11.3,8.9,87.0,SE,3.2,3.2,1033.02,0.0,0.0,0.0,0.0,,
2021-03-28,OVR,,,,,,,,,,,,gustmax,25.7
2021-03-28,OVR,,,,,,,,,,,,rainrate_max,0
2021-03-28,OVR,,,,,,,,,,,,rain_total_mm,0
2021-03-28,OVR,,,,,,,,,,,,tmax,19.8
2021-03-28,OVR,,,,,,,,,,,,tmin,9.6
2021-03-28,OVR,,,,,,,,,,,,wind_dir_mean_deg,224
2021-03-29,00:00,11.5,8.9,86.0,SE,1.6,3.2,1033.05,0.0,0.0,0.0,0.0,,
2021-03-29,00:15,11.0,8.9,88.0,SE,3.2,3.2,1033.05,0.0,0.0,0.0,0.0,,
2021-03-29,00:30,10.8,8.9,90.0,SE,1.6,3.2,1032.88,0.0,0.0,0.0,0.0,,
2021-03-29,00:45,11.1,9.4,90.0,ESE,1.6,6.4,1032.71,0.0,0.0,0.0,0.0,,
2021-03-29,01:00,11.1,9.4,90.0,E,1.6,4.8,1032.71,0.0,0.0,0.0,0.0,,
2021-03-29,01:15,11.1,9.4,90.0,E,4.8,9.7,1032.51,0.0,0.0,0.0,0.0,,
2021-03-29,01:30,11.4,9.4,89.0,ESE,3.2,9.7,1032.58,0.0,0.0,0.0,0.0,,
2021-03-29,01:45,11.3,9.4,89.0,N,0.0,9.7,1032.58,0.0,0.0,0.0,0.0,,
2021-03-29,02:00,11.4,9.4,88.0,ESE,4.8,4.8,1032.54,0.0,0.0,0.0,0.0,,
2021-03-29,02:15,11.3,9.4,88.0,N,0.0,3.2,1032.41,0.0,0.0,0.0,0.0,,
2021-03-29,02:30,10.3,8.3,89.0,ESE,4.8,3.2,1032.41,0.0,0.0,0.0,0.0,,
2021-03-29,02:45,10.3,8.3,89.0,ESE,3.2,4.8,1032.37,0.0,0.0,0.0,0.0,,
2021-03-29,03:00,10.4,8.3,89.0,ESE,1.6,4.8,1032.1,0.0,0.0,0.0,0.0,,
2021-03-29,03:15,10.9,8.9,88.0,E,3.2,4.8,1032.04,0.0,0.0,0.0,0.0,,
2021-03-29,03:30,10.9,8.3,85.0,N,0.0,3.2,1031.8,0.0,0.0,0.0,0.0,,
2021-03-29,03:45,9.9,7.8,88.0,E,1.6,1.6,1031.8,0.0,0.0,0.0,0.0,,
2021-03-29,04:00,10.3,8.3,87.0,N,0.0,1.6,1031.83,0.0,0.0,0.0,0.0,,
2021-03-29,04:15,9.7,7.8,88.0,N,0.0,4.8,1031.53,0.0,0.0,0.0,0.0,,
2021-03-29,04:30,9.2,7.2,90.0,E,1.6,4.8,1031.73,0.0,0.0,0.0,0.0,,
2021-03-29,04:45,9.9,7.8,87.0,N,0.0,3.2,1031.53,0.0,0.0,0.0,0.0,,
2021-03-29,05:00,10.0,7.2,84.0,ESE,1.6,4.8,1031.46,0.0,0.0,0.0,0.0,,
2021-03-29,05:15,10.8,7.2,81.0,ESE,4.8,9.7,1031.46,0.0,0.0,0.0,0.0,,
2021-03-29,05:30,9.7,7.2,85.0,ESE,3.2,4.8,1031.46,0.0,0.0,0.0,0.0,,
2021-03-29,05:45,10.1,7.2,83.0,ESE,3.2,4.8,1031.19,0.0,0.0,0.0,0.0,,
2021-03-29,06:00,10.4,7.2,82.0,ESE,1.6,4.8,1031.46,0.0,0.0,0.0,0.0,,
2021-03-29,06:15,10.2,7.2,84.0,ESE,3.2,4.8,1031.43,0.0,0.0,0.0,0.0,,
2021-03-29,06:30,10.7,7.2,79.0,N,0.0,4.8,1031.56,0.0,0.0,0.0,0.0,,
2021-03-29,06:45,10.2,6.7,79.0,ESE,1.6,3.2,1031.63,0.0,0.0,0.0,0.0,,
2021-03-29,07:00,10.4,6.7,79.0,ESE,3.2,4.8,1031.87,0.0,0.0,0.0,0.0,,
2021-03-29,07:15,10.6,6.7,77.0,ESE,1.6,6.4,1031.8,0.0,0.0,0.0,0.0,,
2021-03-29,07:30,10.9,6.7,77.0,ESE,3.2,12.9,1032.0,0.0,0.0,0.0,16.0,,
2021-03-29,07:45,11.3,7.2,75.0,ESE,3.2,6.4,1032.21,0.0,0.0,0.0,49.0,,
2021-03-29,08:00,11.9,7.2,74.0,ESE,6.4,12.9,1032.31,0.0,0.0,0.0,74.0,,
2021-03-29,08:15,12.2,7.8,75.0,ESE,3.2,11.3,1032.58,0.0,0.0,0.0,127.0,,
2021-03-29,08:30,12.4,8.3,76.0,SE,1.6,9.7,1032.65,0.0,0.0,0.0,167.0,,
2021-03-29,08:45,12.8,8.3,75.0,SSE,3.2,6.4,1032.81,0.0,0.0,0.0,186.0,,
2021-03-29,09:00,13.3,8.3,74.0,N,0.0,4.8,1032.88,0.0,0.0,1.0,253.0,,
2021-03-29,09:15,13.6,6.7,65.0,SE,4.8,9.7,1032.81,0.0,0.0,1.0,306.0,,
2021-03-29,09:30,14.3,7.2,63.0,ESE,1.6,8.0,1033.02,0.0,0.0,1.0,345.0,,
2021-03-29,09:45,14.6,6.1,57.0,ESE,11.3,12.9,1032.98,0.0,0.0,2.0,455.0,,
2021-03-29,10:00,14.8,5.6,54.0,ESE,3.2,14.5,1032.98,0.0,0.0,2.0,517.0,,
2021-03-29,10:15,15.2,5.6,53.0,SE,1.6,14.5,1033.12,0.0,0.0,2.0,563.0,,
2021-03-29,10:30,15.3,5.0,51.0,ESE,12.9,17.7,1033.09,0.0,0.0,3.0,606.0,,
2021-03-29,10:45,15.4,5.6,52.0,S,8.0,14.5,1033.09,0.0,0.0,3.0,649.0,,
2021-03-29,11:00,15.9,6.1,53.0,SE,6.4,12.9,1033.15,0.0,0.0,3.0,686.0,,
2021-03-29,11:15,16.5,5.6,50.0,SSE,6.4,11.3,1033.19,0.0,0.0,4.0,719.0,,
2021-03-29,11:30,16.8,6.1,51.0,SE,1.6,14.5,1033.39,0.0,0.0,4.0,747.0,,
2021-03-29,11:45,16.8,7.8,55.0,SSE,8.0,16.1,1033.36,0.0,0.0,4.0,775.0,,
2021-03-29,12:00,17.3,8.3,56.0,SSE,8.0,14.5,1033.32,0.0,0.0,4.0,796.0,,
2021-03-29,12:15,17.6,8.3,55.0,SE,12.9,14.5,1033.19,0.0,0.0,5.0,821.0,,
2021-03-29,12:30,17.8,8.3,55.0,SE,4.8,14.5,1033.12,0.0,0.0,5.0,835.0,,
2021-03-29,12:45,17.9,8.9,55.0,S,1.6,14.5,1032.98,0.0,0.0,5.0,849.0,,
2021-03-29,13:00,18.2,8.9,56.0,SSE,1.6,14.5,1032.71,0.0,0.0,5.0,858.0,,
2021-03-29,13:15,18.4,8.9,55.0,ESE,6.4,12.9,1032.65,0.0,0.0,5.0,858.0,,
2021-03-29,13:30,18.9,10.0,56.0,S,8.0,14.5,1032.44,0.0,0.0,5.0,858.0,,
2021-03-29,13:45,19.0,8.9,52.0,SSE,12.9,17.7,1032.44,0.0,0.0,5.0,856.0,,
2021-03-29,14:00,19.2,8.3,50.0,SE,6.4,12.9,1032.14,0.0,0.0,5.0,846.0,,
2021-03-29,14:15,19.4,8.9,50.0,S,1.6,14.5,1032.1,0.0,0.0,5.0,831.0,,
2021-03-29,14:30,19.7,7.8,46.0,SE,3.2,12.9,1031.9,0.0,0.0,5.0,812.0,,
2021-03-29,14:45,19.8,9.4,51.0,SE,6.4,17.7,1031.83,0.0,0.0,5.0,795.0,,
2021-03-29,15:00,20.1,7.2,44.0,SSE,9.7,11.3,1031.46,0.0,0.0,5.0,773.0,,
2021-03-29,15:15,20.2,7.8,45.0,SE,6.4,16.1,1031.32,0.0,0.0,4.0,744.0,,
2021-03-29,15:30,20.5,7.2,43.0,SSE,6.4,16.1,1031.12,0.0,0.0,4.0,717.0,,
2021-03-29,15:45,20.2,6.7,41.0,ESE,3.2,11.3,1031.19,0.0,0.0,4.0,686.0,,
2021-03-29,16:00,20.4,7.2,42.0,S,1.6,14.5,1031.12,0.0,0.0,3.0,652.0,,
2021-03-29,16:15,20.2,6.7,42.0,SE,1.6,16.1,1031.05,0.0,0.0,3.0,617.0,,
2021-03-29,16:30,20.4,6.7,42.0,S,6.4,16.1,1030.82,0.0,0.0,3.0,582.0,,
2021-03-29,16:45,20.3,7.8,45.0,S,3.2,16.1,1030.78,0.0,0.0,2.0,534.0,,
2021-03-29,17:00,20.3,7.8,45.0,SSW,1.6,14.5,1030.72,0.0,0.0,2.0,288.0,,
2021-03-29,17:15,20.2,8.3,47.0,SSE,8.0,9.7,1030.68,0.0,0.0,2.0,362.0,,
2021-03-29,17:30,19.8,8.9,50.0,SE,8.0,19.3,1030.78,0.0,0.0,1.0,250.0,,
2021-03-29,17:45,19.1,7.8,48.0,SE,14.5,19.3,1030.92,0.0,0.0,1.0,192.0,,
2021-03-29,18:00,18.3,7.2,48.0,SE,6.4,19.3,1031.16,0.0,0.0,0.0,49.0,,
2021-03-29,18:15,17.9,7.2,51.0,S,14.5,17.7,1031.29,0.0,0.0,0.0,54.0,,
2021-03-29,18:30,17.2,6.7,50.0,ESE,12.9,19.3,1031.29,0.0,0.0,0.0,40.0,,
2021-03-29,18:45,16.6,6.7,53.0,SSE,9.7,17.7,1031.29,0.0,0.0,0.0,33.0,,
2021-03-29,19:00,16.0,7.2,56.0,SSE,8.0,17.7,1031.39,0.0,0.0,0.0,28.0,,
2021-03-29,19:15,15.4,7.2,58.0,SSE,8.0,20.9,1031.43,0.0,0.0,0.0,21.0,,
2021-03-29,19:30,14.6,7.2,63.0,SSE,4.8,12.9,1031.56,0.0,0.0,0.0,14.0,,
2021-03-29,19:45,13.8,7.2,66.0,SE,8.0,14.5,1031.49,0.0,0.0,0.0,0.0,,
2021-03-29,20:00,13.2,7.2,68.0,SE,8.0,12.9,1031.7,0.0,0.0,0.0,0.0,,
2021-03-29,20:15,12.9,7.2,70.0,SE,11.3,16.1,1031.83,0.0,0.0,0.0,0.0,,
2021-03-29,20:30,13.2,6.7,65.0,ESE,14.5,17.7,1031.87,0.0,0.0,0.0,0.0,,
2021-03-29,20:45,13.0,7.2,69.0,SE,8.0,16.1,1032.04,0.0,0.0,0.0,0.0,,
2021-03-29,21:00,12.7,7.8,74.0,SE,12.9,14.5,1032.0,0.0,0.0,0.0,0.0,,
2021-03-29,21:15,12.8,7.2,70.0,SE,14.5,14.5,1032.1,0.0,0.0,0.0,0.0,,
2021-03-29,21:30,13.1,6.7,66.0,ESE,9.7,14.5,1032.04,0.0,0.0,0.0,0.0,,
2021-03-29,21:45,12.9,6.1,65.0,SE,4.8,11.3,1032.17,0.0,0.0,0.0,0.0,,
2021-03-29,22:00,12.7,6.7,67.0,SE,6.4,14.5,1032.14,0.0,0.0,0.0,0.0,,
2021-03-29,22:15,12.6,6.1,67.0,SE,8.0,14.5,1032.07,0.0,0.0,0.0,0.0,,
2021-03-29,22:30,12.5,6.1,66.0,ESE,12.9,17.7,1032.07,0.0,0.0,0.0,0.0,,
2021-03-29,22:45,12.4,5.6,64.0,ESE,14.5,19.3,1031.93,0.0,0.0,0.0,0.0,,
2021-03-29,23:00,12.4,5.6,64.0,SE,11.3,19.3,1032.0,0.0,0.0,0.0,0.0,,
2021-03-29,23:15,12.4,5.6,62.0,SE,11.3,19.3,1031.9,0.0,0.0,0.0,0.0,,
2021-03-29,23:30,12.3,5.0,61.0,ESE,12.9,17.7,1032.0,0.0,0.0,0.0,0.0,,
2021-03-29,23:45,12.4,5.0,62.0,SE,11.3,17.7,1031.93,0.0,0.0,0.0,0.0,,
2021-03-29,OVR,,,,,,,,,,,,gustmax,22.5
2021-03-29,OVR,,,,,,,,,,,,rainrate_max,0
2021-03-29,OVR,,,,,,,,,,,,rain_total_mm,0
2021-03-29,OVR,,,,,,,,,,,,tmax,20.9
2021-03-29,OVR,,,,,,,,,,,,tmin,9.2
2021-03-29,OVR,,,,,,,,,,,,wind_dir_mean_deg,226
2021-03-30,00:00,12.6,4.4,59.0,SSE,9.7,20.9,1031.87,0.0,0.0,0.0,0.0,,
2021-03-30,00:15,12.5,4.4,59.0,SE,12.9,16.1,1031.87,0.0,0.0,0.0,0.0,,
2021-03-30,00:30,12.6,4.4,57.0,SE,12.9,17.7,1031.8,0.0,0.0,0.0,0.0,,
2021-03-30,00:45,12.5,4.4,59.0,ENE,11.3,17.7,1031.8,0.0,0.0,0.0,0.0,,
2021-03-30,01:00,12.2,5.0,62.0,SE,6.4,14.5,1031.93,0.0,0.0,0.0,0.0,,
2021-03-30,01:15,11.9,5.6,66.0,ESE,6.4,14.5,1031.87,0.0,0.0,0.0,0.0,,
2021-03-30,01:30,12.2,4.4,59.0,ESE,9.7,12.9,1031.87,0.0,0.0,0.0,0.0,,
2021-03-30,01:45,12.2,3.9,58.0,ESE,3.2,12.9,1031.97,0.0,0.0,0.0,0.0,,
2021-03-30,02:00,11.3,4.4,63.0,ESE,1.6,4.8,1031.8,0.0,0.0,0.0,0.0,,
2021-03-30,02:15,10.7,5.0,68.0,ESE,1.6,3.2,1031.63,0.0,0.0,0.0,0.0,,
2021-03-30,02:30,10.0,5.0,72.0,ESE,4.8,4.8,1031.46,0.0,0.0,0.0,0.0,,
2021-03-30,02:45,9.4,5.6,78.0,E,3.2,4.8,1031.49,0.0,0.0,0.0,0.0,,
2021-03-30,03:00,9.7,6.7,82.0,E,4.8,11.3,1031.32,0.0,0.0,0.0,0.0,,
2021-03-30,03:15,9.4,6.1,80.0,ESE,3.2,11.3,1031.12,0.0,0.0,0.0,0.0,,
2021-03-30,03:30,10.2,6.7,79.0,ESE,6.4,9.7,1031.09,0.0,0.0,0.0,0.0,,
2021-03-30,03:45,10.2,6.1,78.0,ESE,6.4,11.3,1031.05,0.0,0.0,0.0,0.0,,
2021-03-30,04:00,10.3,6.1,75.0,ESE,4.8,9.7,1030.68,0.0,0.0,0.0,0.0,,
2021-03-30,04:15,9.9,6.1,78.0,ESE,3.2,6.4,1030.85,0.0,0.0,0.0,0.0,,
2021-03-30,04:30,10.3,6.1,77.0,ESE,3.2,6.4,1030.72,0.0,0.0,0.0,0.0,,
2021-03-30,04:45,10.4,6.1,76.0,ESE,4.8,6.4,1030.78,0.0,0.0,0.0,0.0,,
2021-03-30,05:00,10.8,5.6,72.0,ESE,3.2,6.4,1030.58,0.0,0.0,0.0,0.0,,
2021-03-30,05:15,10.6,5.6,71.0,ESE,3.2,6.4,1030.41,0.0,0.0,0.0,0.0,,
2021-03-30,05:30,10.9,5.0,68.0,N,0.0,3.2,1030.38,0.0,0.0,0.0,0.0,,
2021-03-30,05:45,10.9,5.0,68.0,ESE,1.6,4.8,1030.27,0.0,0.0,0.0,0.0,,
2021-03-30,06:00,10.4,5.0,70.0,ESE,3.2,4.8,1030.27,0.0,0.0,0.0,0.0,,
2021-03-30,06:15,11.1,5.0,67.0,ESE,3.2,4.8,1030.31,0.0,0.0,0.0,0.0,,
2021-03-30,06:30,11.3,5.0,66.0,ESE,3.2,6.4,1030.21,0.0,0.0,0.0,0.0,,
2021-03-30,06:45,11.6,5.0,65.0,ESE,3.2,6.4,1029.97,0.0,0.0,0.0,0.0,,
2021-03-30,07:00,11.2,5.0,65.0,ESE,3.2,4.8,1030.0,0.0,0.0,0.0,0.0,,
2021-03-30,07:15,10.9,4.4,66.0,ESE,3.2,6.4,1030.21,0.0,0.0,0.0,0.0,,
2021-03-30,07:30,10.8,4.4,65.0,ESE,1.6,4.8,1030.27,0.0,0.0,0.0,14.0,,
2021-03-30,07:45,11.0,4.4,65.0,ESE,1.6,1.6,1030.41,0.0,0.0,0.0,54.0,,
2021-03-30,08:00,11.0,5.0,66.0,N,0.0,1.6,1030.38,0.0,0.0,0.0,81.0,,
2021-03-30,08:15,11.8,5.6,65.0,ESE,3.2,3.2,1030.44,0.0,0.0,0.0,139.0,,
2021-03-30,08:30,12.1,6.1,68.0,ESE,1.6,3.2,1030.48,0.0,0.0,0.0,178.0,,
2021-03-30,08:45,12.7,6.1,65.0,ESE,1.6,3.2,1030.48,0.0,0.0,1.0,195.0,,
2021-03-30,09:00,13.3,5.6,61.0,N,0.0,3.2,1030.44,0.0,0.0,1.0,241.0,,
2021-03-30,09:15,13.6,6.1,62.0,ESE,3.2,3.2,1030.58,0.0,0.0,1.0,320.0,,
2021-03-30,09:30,14.0,6.7,61.0,ESE,3.2,3.2,1030.55,0.0,0.0,1.0,346.0,,
2021-03-30,09:45,14.4,7.8,65.0,ESE,1.6,4.8,1030.65,0.0,0.0,2.0,459.0,,
2021-03-30,10:00,15.2,6.7,58.0,ESE,3.2,12.9,1030.72,0.0,0.0,2.0,527.0,,
2021-03-30,10:15,15.4,7.2,58.0,NE,3.2,11.3,1030.78,0.0,0.0,2.0,571.0,,
2021-03-30,10:30,15.8,6.7,56.0,N,0.0,9.7,1030.72,0.0,0.0,3.0,613.0,,
2021-03-30,10:45,16.4,6.7,54.0,E,3.2,6.4,1030.82,0.0,0.0,3.0,652.0,,
2021-03-30,11:00,17.0,6.7,51.0,N,0.0,4.8,1030.72,0.0,0.0,3.0,689.0,,
2021-03-30,11:15,17.5,7.2,51.0,N,0.0,11.3,1030.55,0.0,0.0,4.0,722.0,,
2021-03-30,11:30,17.6,7.8,53.0,N,0.0,12.9,1030.48,0.0,0.0,4.0,754.0,,
2021-03-30,11:45,17.6,7.8,54.0,SSE,6.4,14.5,1030.48,0.0,0.0,4.0,779.0,,
2021-03-30,12:00,18.3,9.4,56.0,ESE,6.4,12.9,1030.44,0.0,0.0,5.0,800.0,,
2021-03-30,12:15,18.6,10.0,58.0,ESE,4.8,14.5,1030.34,0.0,0.0,5.0,821.0,,
2021-03-30,12:30,18.8,10.0,57.0,SE,4.8,9.7,1030.41,0.0,0.0,5.0,833.0,,
2021-03-30,12:45,18.6,9.4,56.0,ESE,6.4,11.3,1030.21,0.0,0.0,5.0,844.0,,
2021-03-30,13:00,18.8,9.4,55.0,SE,3.2,14.5,1030.11,0.0,0.0,5.0,847.0,,
2021-03-30,13:15,19.1,8.9,52.0,S,1.6,11.3,1029.94,0.0,0.0,6.0,849.0,,
2021-03-30,13:30,19.6,8.9,50.0,S,1.6,9.7,1029.7,0.0,0.0,6.0,854.0,,
2021-03-30,13:45,19.6,8.3,49.0,W,4.8,14.5,1029.56,0.0,0.0,6.0,849.0,,
2021-03-30,14:00,19.8,8.9,50.0,SE,8.0,11.3,1029.5,0.0,0.0,6.0,838.0,,
2021-03-30,14:15,20.0,8.3,48.0,E,1.6,9.7,1029.5,0.0,0.0,5.0,826.0,,
2021-03-30,14:30,20.3,8.9,48.0,W,9.7,9.7,1029.23,0.0,0.0,5.0,814.0,,
2021-03-30,14:45,20.5,8.9,47.0,S,1.6,16.1,1029.09,0.0,0.0,5.0,791.0,,
2021-03-30,15:00,21.2,8.3,44.0,SE,8.0,19.3,1028.82,0.0,0.0,5.0,759.0,,
2021-03-30,15:15,20.3,8.3,46.0,SSE,1.6,16.1,1028.89,0.0,0.0,4.0,738.0,,
2021-03-30,15:30,20.7,8.3,45.0,ESE,6.4,14.5,1028.55,0.0,0.0,4.0,710.0,,
2021-03-30,15:45,20.6,8.3,45.0,SW,3.2,17.7,1028.34,0.0,0.0,4.0,679.0,,
2021-03-30,16:00,20.8,8.3,45.0,SSE,4.8,16.1,1028.24,0.0,0.0,3.0,645.0,,
2021-03-30,16:15,20.9,8.3,44.0,S,3.2,9.7,1028.18,0.0,0.0,3.0,608.0,,
2021-03-30,16:30,21.0,8.3,45.0,SSW,3.2,14.5,1028.18,0.0,0.0,3.0,570.0,,
2021-03-30,16:45,19.7,9.4,52.0,W,20.9,27.4,1028.31,0.0,0.0,2.0,522.0,,
2021-03-30,17:00,19.1,8.9,52.0,W,19.3,30.6,1028.21,0.0,0.0,2.0,476.0,,
2021-03-30,17:15,18.5,8.9,53.0,W,19.3,29.0,1028.28,0.0,0.0,2.0,357.0,,
2021-03-30,17:30,18.1,10.0,59.0,W,16.1,29.0,1028.11,0.0,0.0,1.0,357.0,,
2021-03-30,17:45,17.8,10.6,62.0,W,4.8,16.1,1028.04,0.0,0.0,1.0,318.0,,
2021-03-30,18:00,17.0,9.4,61.0,WNW,9.7,20.9,1027.9,0.0,0.0,1.0,74.0,,
2021-03-30,18:15,16.5,8.3,60.0,WNW,8.0,19.3,1028.04,0.0,0.0,0.0,51.0,,
2021-03-30,18:30,16.2,8.3,61.0,W,4.8,17.7,1028.11,0.0,0.0,0.0,47.0,,
2021-03-30,18:45,16.1,7.8,59.0,W,9.7,16.1,1028.14,0.0,0.0,0.0,35.0,,
2021-03-30,19:00,15.7,7.8,60.0,WNW,4.8,12.9,1028.18,0.0,0.0,0.0,28.0,,
2021-03-30,19:15,15.4,7.8,60.0,N,0.0,11.3,1028.11,0.0,0.0,0.0,21.0,,
2021-03-30,19:30,14.9,7.8,64.0,WSW,3.2,9.7,1028.21,0.0,0.0,0.0,12.0,,
2021-03-30,19:45,14.5,7.8,64.0,WSW,1.6,11.3,1028.24,0.0,0.0,0.0,0.0,,
2021-03-30,20:00,13.6,7.8,70.0,WSW,1.6,9.7,1028.14,0.0,0.0,0.0,0.0,,
2021-03-30,20:30,12.9,8.3,73.0,N,0.0,9.7,1028.31,0.0,0.0,0.0,0.0,,
2021-03-30,20:45,12.6,7.8,75.0,N,0.0,6.4,1028.38,0.0,0.0,0.0,0.0,,
2021-03-30,21:00,12.1,8.3,78.0,WNW,1.6,1.6,1028.45,0.0,0.0,0.0,0.0,,
2021-03-30,21:15,12.0,8.3,79.0,N,0.0,3.2,1028.41,0.0,0.0,0.0,0.0,,
2021-03-30,21:30,12.2,8.3,77.0,W,1.6,4.8,1028.38,0.0,0.0,0.0,0.0,,
2021-03-30,21:45,12.2,7.8,76.0,N,0.0,3.2,1028.24,0.0,0.0,0.0,0.0,,
2021-03-30,22:00,12.7,8.3,76.0,N,0.0,3.2,1028.34,0.0,0.0,0.0,0.0,,
2021-03-30,22:15,12.3,8.9,81.0,W,1.6,3.2,1028.41,0.0,0.0,0.0,0.0,,
2021-03-30,22:30,11.9,8.9,82.0,SW,3.2,4.8,1028.38,0.0,0.0,0.0,0.0,,
2021-03-30,22:45,11.5,8.3,83.0,SW,3.2,3.2,1028.21,0.0,0.0,0.0,0.0,,
2021-03-30,23:00,11.4,8.3,83.0,SW,1.6,3.2,1028.11,0.0,0.0,0.0,0.0,,
2021-03-30,23:15,11.3,8.3,82.0,S,1.6,3.2,1028.38,0.0,0.0,0.0,0.0,,
2021-03-30,23:30,11.8,8.3,79.0,N,0.0,3.2,1028.21,0.0,0.0,0.0,0.0,,
2021-03-30,23:45,11.0,7.8,82.0,S,3.2,1.6,1028.21,0.0,0.0,0.0,0.0,,
2021-03-30,OVR,,,,,,,,,,,,gustmax,30.6
2021-03-30,OVR,,,,,,,,,,,,rainrate_max,0
2021-03-30,OVR,,,,,,,,,,,,rain_total_mm,0
2021-03-30,OVR,,,,,,,,,,,,tmax,21.2
2021-03-30,OVR,,,,,,,,,,,,tmin,9.3
2021-03-30,OVR,,,,,,,,,,,,wind_dir_mean_deg,200
2021-03-31,OVR,,,,,,,,,,,,gustmax,41.8
2021-03-31,OVR,,,,,,,,,,,,rainrate_max,0
2021-03-31,OVR,,,,,,,,,,,,rain_total_mm,0
2021-03-31,OVR,,,,,,,,,,,,tmax,21.3
2021-03-31,OVR,,,,,,,,,,,,tmin,10.4
2021-03-31,OVR,,,,,,,,,,,,wind_dir_mean_deg,68
