date,time,temp_c,dewpoint_c,rh_pct,wind_dir_txt,wind_kmh,gust_kmh,press_hpa,rain_acc_mm,rain_rate_mmph,uv,solar_wm2,key,value
2021-10-01,00:00,16.4,13.9,85,SOUTH,1.6,1.6,1022.76,0,0,0,0,,
2021-10-01,00:15,16.6,13.9,85,SOUTH,1.6,1.6,1022.86,0,0,0,0,,
2021-10-01,00:30,16.2,13.9,86,SOUTH,1.6,3.2,1022.99,0,0,0,0,,
2021-10-01,00:45,16.3,13.9,87,NORTH,0,1.6,1022.99,0,0,0,0,,
2021-10-01,01:00,16.7,14.4,87,SOUTH,1.6,3.2,1022.96,0,0,0,0,,
2021-10-01,01:15,16.4,13.9,87,SOUTH,1.6,3.2,1022.76,0,0,0,0,,
2021-10-01,01:30,16.1,13.9,89,SOUTH,1.6,1.6,1022.55,0,0,0,0,,
2021-10-01,01:45,16.3,13.9,88,SOUTH,1.6,3.2,1022.66,0,0,0,0,,
2021-10-01,02:00,16.6,14.4,87,SOUTH,1.6,3.2,1022.45,0,0,0,0,,
2021-10-01,02:15,16.8,14.4,86,NORTH,0,3.2,1022.82,0,0,0,0,,
2021-10-01,02:30,16.6,13.9,85,ESE,1.6,6.4,1022.55,0,0,0,0,,
2021-10-01,02:45,17,14.4,84,ESE,1.6,3.2,1022.82,0,0,0,0,,
2021-10-01,03:00,17.1,14.4,86,ESE,1.6,3.2,1022.35,0,0,0,0,,
2021-10-01,03:15,17,14.4,86,NORTH,0,3.2,1022.32,0,0,0,0,,
2021-10-01,03:30,17,14.4,86,ESE,1.6,3.2,1022.05,0,0,0,0,,
2021-10-01,03:45,16.6,13.9,86,NORTH,0,3.2,1021.91,0,0,0,0,,
2021-10-01,04:00,16.9,14.4,86,NORTH,0,4.8,1021.84,0,0,0,0,,
2021-10-01,04:15,16.5,14.4,87,NORTH,0,1.6,1021.84,0,0,0,0,,
2021-10-01,04:30,16.7,14.4,88,ESE,1.6,3.2,1021.74,0,0,0,0,,
2021-10-01,04:45,17.1,14.4,87,NORTH,0,3.2,1021.71,0,0,0,0,,
2021-10-01,05:00,17.1,14.4,87,NORTH,0,3.2,1021.67,0,0,0,0,,
2021-10-01,05:15,16.8,14.4,87,NORTH,0,3.2,1021.54,0,0,0,0,,
2021-10-01,05:30,16.7,14.4,88,ESE,1.6,3.2,1021.37,0,0,0,0,,
2021-10-01,05:45,16.9,14.4,87,NORTH,0,4.8,1021.23,0,0,0,0,,
2021-10-01,06:00,16.8,14.4,88,NORTH,0,3.2,1021.27,0,0,0,0,,
2021-10-01,06:15,17.1,15,88,NORTH,0,3.2,1021.33,0,0,0,0,,
2021-10-01,06:30,17,15,87,ESE,1.6,3.2,1021.27,0,0,0,0,,
2021-10-01,06:45,17.1,14.4,85,ESE,1.6,3.2,1021.2,0,0,0,0,,
2021-10-01,07:00,17.1,14.4,84,ESE,1.6,3.2,1021.1,0,0,0,0,,
2021-10-01,07:15,17.1,13.9,83,ESE,1.6,4.8,1021.2,0,0,0,0,,
2021-10-01,07:30,17.2,13.9,82,NORTH,0,1.6,1021.3,0,0,0,0,,
2021-10-01,07:45,16.9,13.9,83,NORTH,0,1.6,1021.33,0,0,0,12,,
2021-10-01,08:00,17,13.9,83,ESE,1.6,3.2,1021.47,0,0,0,30,,
2021-10-01,08:15,17.3,14.4,84,ESE,3.2,3.2,1021.47,0,0,0,63,,
2021-10-01,08:30,18,15,83,ESE,1.6,3.2,1021.5,0,0,0,93,,
2021-10-01,08:45,19.1,15,77,EAST,6.4,8,1021.54,0,0,0,135,,
2021-10-01,09:00,19.4,15,75,ENE,1.6,8,1021.57,0,0,0,202,,
2021-10-01,09:15,19.4,15,77,NNW,3.2,4.8,1021.67,0,0,1,322,,
2021-10-01,09:30,20.3,15,73,NNW,1.6,3.2,1021.57,0,0,1,362,,
2021-10-01,09:45,20.6,15,71,NW,4.8,4.8,1021.67,0,0,1,408,,
2021-10-01,10:00,21.2,15,69,SW,3.2,6.4,1021.84,0,0,1,448,,
2021-10-01,10:15,21.8,15,65,EAST,3.2,12.9,1021.91,0,0,2,489,,
2021-10-01,10:30,22.2,15,65,ESE,4.8,14.5,1021.67,0,0,2,527,,
2021-10-01,10:45,22.4,14.4,62,SE,6.4,11.3,1021.98,0,0,2,561,,
2021-10-01,11:00,22.7,14.4,61,ESE,6.4,14.5,1021.84,0,0,2,594,,
2021-10-01,11:15,23.1,13.9,57,NORTH,0,11.3,1021.74,0,0,3,656,,
2021-10-01,11:30,23.4,12.8,52,SSE,4.8,14.5,1021.84,0,0,2,635,,
2021-10-01,11:45,23.1,13.9,56,ESE,1.6,12.9,1021.74,0,0,3,490,,
2021-10-01,12:00,23,13.9,57,SSE,4.8,16.1,1021.78,0,0,3,717,,
2021-10-01,12:15,23.4,13.3,54,SSW,1.6,16.1,1021.61,0,0,3,408,,
2021-10-01,12:30,24.1,13.3,51,SSE,6.4,17.7,1021.47,0,0,4,803,,
2021-10-01,12:45,23.7,12.8,52,WNW,3.2,14.5,1021.33,0,0,3,529,,
2021-10-01,13:00,23.8,13.3,52,NORTH,0,9.7,1021.27,0,0,2,255,,
2021-10-01,13:15,23.9,13.9,54,NORTH,3.2,12.9,1021.1,0,0,2,294,,
2021-10-01,13:30,23.9,13.9,55,SE,4.8,14.5,1021.1,0,0,2,338,,
2021-10-01,13:45,24,13.9,54,EAST,8,8,1020.89,0,0,2,323,,
2021-10-01,14:00,24.3,14.4,54,NNE,8,9.7,1020.56,0,0,2,302,,
2021-10-01,14:15,24.2,14.4,54,EAST,4.8,16.1,1020.39,0,0,2,599,,
2021-10-01,14:30,24.6,13.9,52,SSE,3.2,12.9,1020.08,0,0,2,448,,
2021-10-01,14:45,24.6,14.4,53,ENE,12.9,17.7,1019.84,0,0,3,849,,
2021-10-01,15:00,24.2,13.3,51,NNE,6.4,17.7,1019.81,0,0,2,526,,
2021-10-01,15:15,25,13.3,48,EAST,9.7,17.7,1019.51,0,0,1,185,,
2021-10-01,15:30,24.8,12.8,47,NORTH,4.8,14.5,1019.47,0,0,2,297,,
2021-10-01,15:45,24.8,12.8,48,SSE,8,17.7,1019.47,0,0,1,295,,
2021-10-01,16:00,24.8,12.8,47,EAST,8,17.7,1019.27,0,0,1,197,,
2021-10-01,16:15,24.9,12.2,46,EAST,9.7,12.9,1019.3,0,0,1,207,,
2021-10-01,16:30,24.5,12.2,47,NE,3.2,14.5,1019.24,0,0,1,146,,
2021-10-01,16:45,24.4,12.2,47,EAST,1.6,6.4,1019.27,0,0,0,116,,
2021-10-01,17:00,24.6,12.8,49,ENE,3.2,11.3,1019.4,0,0,0,151,,
2021-10-01,17:15,24.4,12.8,49,SSE,8,12.9,1019.4,0,0,0,95,,
2021-10-01,17:30,23.8,16.1,63,SSE,9.7,8,1019.3,0,0,0,83,,
2021-10-01,17:45,22.9,16.1,67,WEST,11.3,27.4,1019.37,0,0,0,32,,
2021-10-01,18:00,22.2,16.7,71,WEST,4.8,16.1,1019.57,0,0,0,14,,
2021-10-01,18:15,21.8,16.7,73,WEST,4.8,19.3,1019.44,0,0,0,14,,
2021-10-01,18:30,21.5,16.7,74,SOUTH,3.2,11.3,1019.57,0,0,0,7,,
2021-10-01,18:45,20.8,17.2,81,WEST,3.2,8,1019.68,0,0,0,0,,
2021-10-01,19:00,20.2,17.2,83,NORTH,0,11.3,1019.68,0,0,0,0,,
2021-10-01,19:15,20.2,17.2,83,NORTH,0,4.8,1019.74,0,0,0,0,,
2021-10-01,19:30,20.3,16.7,82,WEST,12.9,14.5,1019.68,0,0,0,0,,
2021-10-01,19:45,20.3,16.7,81,WEST,6.4,14.5,1019.74,0,0,0,0,,
2021-10-01,20:00,20.1,16.7,82,WEST,9.7,20.9,1019.98,0,0,0,0,,
2021-10-01,20:15,19.9,16.7,82,WNW,11.3,16.1,1020.08,0,0,0,0,,
2021-10-01,20:30,19.8,16.7,83,NORTH,0,17.7,1020.15,0,0,0,0,,
2021-10-01,20:45,19.6,16.7,83,WEST,4.8,12.9,1020.25,0,0,0,0,,
2021-10-01,21:00,19.4,16.7,84,WNW,3.2,9.7,1020.32,0,0,0,0,,
2021-10-01,21:15,19.4,16.7,84,NORTH,0,6.4,1020.29,0,0,0,0,,
2021-10-01,21:30,18.7,16.1,86,NORTH,0,4.8,1020.35,0,0,0,0,,
2021-10-01,21:45,18.6,16.1,86,NORTH,0,4.8,1020.42,0,0,0,0,,
2021-10-01,22:00,18.7,16.1,87,NORTH,0,4.8,1020.49,0,0,0,0,,
2021-10-01,22:15,18.3,16.1,88,NORTH,0,3.2,1020.66,0,0,0,0,,
2021-10-01,22:30,18.6,16.1,88,NORTH,0,1.6,1020.62,0,0,0,0,,
2021-10-01,22:45,18.3,15.6,86,NNW,1.6,6.4,1020.56,0,0,0,0,,
2021-10-01,23:00,17.7,15.6,88,NORTH,0,1.6,1020.62,0,0,0,0,,
2021-10-01,23:15,17.5,15.6,90,NNW,1.6,3.2,1020.42,0,0,0,0,,
2021-10-01,23:30,17.4,15.6,89,NNW,1.6,3.2,1020.49,0,0,0,0,,
2021-10-01,23:45,17.6,15.6,89,NNW,3.2,3.2,1020.22,0,0,0,0,,
2021-10-01,OVR,,,,,,,,,,,,gustmax,27.4
2021-10-01,OVR,,,,,,,,,,,,rainrate_max,0
2021-10-01,OVR,,,,,,,,,,,,rain_total_mm,0
2021-10-01,OVR,,,,,,,,,,,,tmax,25.4
2021-10-01,OVR,,,,,,,,,,,,tmin,16
2021-10-01,OVR,,,,,,,,,,,,wind_dir_mean_deg,48.3
2021-10-02,00:00,17.3,15,89,NNW,1.6,3.2,1020.08,0,0,0,0,,
2021-10-02,00:15,17.4,15.6,89,EAST,3.2,4.8,1020.05,0,0,0,0,,
2021-10-02,00:30,17.3,15.6,89,EAST,3.2,4.8,1020.08,0,0,0,0,,
2021-10-02,00:45,17.3,15,89,ESE,3.2,6.4,1019.98,0,0,0,0,,
2021-10-02,01:00,17.4,15.6,90,EAST,3.2,4.8,1019.78,0,0,0,0,,
2021-10-02,01:15,17.4,15.6,90,EAST,3.2,3.2,1019.81,0,0,0,0,,
2021-10-02,01:30,17.3,15.6,89,SE,3.2,4.8,1019.47,0,0,0,0,,
2021-10-02,01:45,17.4,15.6,88,SE,3.2,4.8,1019.61,0,0,0,0,,
2021-10-02,02:00,17.5,15,88,ESE,1.6,4.8,1019.24,0,0,0,0,,
2021-10-02,02:15,17.3,15,86,ESE,1.6,4.8,1019.24,0,0,0,0,,
2021-10-02,02:30,17.2,15,87,ESE,3.2,4.8,1019.2,0,0,0,0,,
2021-10-02,02:45,17.2,15,88,ESE,1.6,4.8,1019.03,0,0,0,0,,
2021-10-02,03:00,17.2,15,89,ESE,3.2,4.8,1018.86,0,0,0,0,,
2021-10-02,03:15,17.3,15,89,ESE,3.2,6.4,1018.83,0,0,0,0,,
2021-10-02,03:30,17.2,15,89,ESE,3.2,6.4,1018.63,0,0,0,0,,
2021-10-02,03:45,17.1,15,89,ESE,3.2,4.8,1018.29,0,0,0,0,,
2021-10-02,04:00,17.4,15.6,90,NORTH,0,4.8,1018.19,0,0,0,0,,
2021-10-02,04:15,17.3,15,89,SSE,4.8,4.8,1018.19,0,0,0,0,,
2021-10-02,04:30,16.8,15,90,NORTH,0,3.2,1018.29,0,0,0,0,,
2021-10-02,04:45,16.2,14.4,90,SSE,1.6,4.8,1018.42,0,0,0,0,,
2021-10-02,05:00,16.1,14.4,91,SSE,1.6,3.2,1018.29,0,0,0,0,,
2021-10-02,05:15,16.3,15,92,SSE,1.6,4.8,1018.15,0,0,0,0,,
2021-10-02,05:30,16.4,15,92,SSE,1.6,3.2,1017.88,0,0,0,0,,
2021-10-02,05:45,16.4,15,92,SSE,1.6,3.2,1017.95,0,0,0,0,,
2021-10-02,06:00,16.6,15,92,NORTH,0,3.2,1017.85,0,0,0,0,,
2021-10-02,06:15,16,14.4,92,NORTH,0,1.6,1018.05,0,0,0,0,,
2021-10-02,06:30,15.8,14.4,92,SSE,1.6,4.8,1017.98,0,0,0,0,,
2021-10-02,06:45,16.2,15,94,SSE,1.6,3.2,1018.08,0,0,0,0,,
2021-10-02,07:00,16.1,15,93,SSE,1.6,3.2,1018.12,0,0,0,0,,
2021-10-02,07:15,15.9,14.4,93,SSE,1.6,3.2,1017.91,0,0,0,0,,
2021-10-02,07:30,16,14.4,93,SSE,3.2,3.2,1018.15,0,0,0,0,,
2021-10-02,07:45,16.1,15,94,SE,1.6,4.8,1018.25,0,0,0,16,,
2021-10-02,08:00,16.2,15,93,ESE,1.6,4.8,1018.39,0,0,0,26,,
2021-10-02,08:15,16.6,15,93,ESE,1.6,4.8,1018.46,0,0,0,77,,
2021-10-02,08:30,17.4,16.1,92,NORTH,0,4.8,1018.42,0,0,0,123,,
2021-10-02,08:45,18.3,16.7,90,SE,3.2,3.2,1018.42,0,0,0,169,,
2021-10-02,09:00,18.4,16.1,87,SE,3.2,4.8,1018.49,0,0,0,279,,
2021-10-02,09:15,19.2,16.7,86,SE,1.6,3.2,1018.59,0,0,1,373,,
2021-10-02,09:30,19.9,16.7,81,EAST,3.2,6.4,1018.83,0,0,1,418,,
2021-10-02,09:45,20.3,16.7,79,NORTH,0,4.8,1018.8,0,0,1,218,,
2021-10-02,10:00,19.5,16.7,84,SSE,3.2,8,1019.13,0,0,1,144,,
2021-10-02,10:15,20.1,17.2,83,SSE,8,6.4,1019.03,0,0,2,533,,
2021-10-02,10:30,20.7,17.2,80,ESE,3.2,4.8,1018.8,0,0,2,545,,
2021-10-02,10:45,20.6,16.7,79,WNW,1.6,8,1018.9,0,0,2,619,,
2021-10-02,11:00,21.6,16.7,76,WNW,3.2,8,1018.9,0,0,2,668,,
2021-10-02,11:15,21.1,16.1,75,EAST,6.4,12.9,1018.8,0,0,2,181,,
2021-10-02,11:30,21.3,16.7,74,SSE,4.8,14.5,1018.76,0,0,2,172,,
2021-10-02,11:45,21.7,16.7,74,SSE,3.2,8,1018.66,0,0,3,199,,
2021-10-02,12:00,22.7,16.1,68,EAST,3.2,11.3,1018.76,0,0,3,809,,
2021-10-02,12:15,22.9,16.1,66,SE,1.6,8,1018.39,0,0,3,789,,
2021-10-02,12:30,24.1,16.7,63,EAST,6.4,9.7,1018.46,0,0,3,773,,
2021-10-02,12:45,23.2,15,61,ESE,4.8,11.3,1018.29,0,0,3,844,,
2021-10-02,13:00,24.2,15,57,SE,4.8,8,1018.35,0,0,4,896,,
2021-10-02,13:15,24.6,13.9,52,WNW,8,12.9,1018.15,0,0,3,596,,
2021-10-02,13:30,24.2,14.4,55,NORTH,0,12.9,1018.12,0,0,3,483,,
2021-10-02,13:45,24.2,13.9,52,EAST,1.6,11.3,1017.95,0,0,3,745,,
2021-10-02,14:00,24.7,13.3,51,NORTH,0,12.9,1017.64,0,0,4,788,,
2021-10-02,14:15,24.9,12.8,48,ESE,4.8,9.7,1017.68,0,0,3,213,,
2021-10-02,14:30,25.4,15,53,WNW,6.4,11.3,1017.44,0,0,3,805,,
2021-10-02,14:45,25.6,14.4,50,SSE,1.6,17.7,1017.37,0,0,3,770,,
2021-10-02,15:00,25.3,13.9,49,SSE,4.8,12.9,1017.34,0,0,3,731,,
2021-10-02,15:15,25.6,13.9,48,WSW,4.8,14.5,1017.14,0,0,2,264,,
2021-10-02,15:30,25.7,13.3,47,SW,3.2,19.3,1017.17,0,0,2,707,,
2021-10-02,15:45,25.3,15.6,55,WNW,11.3,32.2,1017.17,0,0,2,617,,
2021-10-02,16:00,25.1,15.6,56,WNW,12.9,29,1017.37,0,0,2,575,,
2021-10-02,16:15,24.2,16.1,62,WNW,16.1,25.7,1017.17,0,0,1,179,,
2021-10-02,16:30,24.1,16.7,64,WNW,20.9,38.6,1017.31,0,0,1,459,,
2021-10-02,16:45,23.8,16.7,64,WNW,16.1,33.8,1017.44,0,0,1,367,,
2021-10-02,17:00,23.7,16.1,64,ENE,17.7,37,1017.58,0,0,1,195,,
2021-10-02,17:15,23.2,16.1,65,NW,16.1,40.2,1017.61,0,0,1,257,,
2021-10-02,17:30,23,16.1,65,WEST,17.7,32.2,1017.78,0,0,0,206,,
2021-10-02,17:45,22.8,16.1,66,WEST,16.1,30.6,1017.78,0,0,0,148,,
2021-10-02,18:00,22.6,15.6,65,WNW,8,24.1,1017.68,0,0,0,109,,
2021-10-02,18:15,22.4,15.6,65,WEST,14.5,22.5,1017.95,0,0,0,67,,
2021-10-02,18:30,22.1,15,65,WEST,20.9,27.4,1017.85,0,0,0,42,,
2021-10-02,18:45,21.7,15,66,WEST,11.3,22.5,1017.91,0,0,0,18,,
2021-10-02,19:00,21.3,15,67,WNW,9.7,17.7,1017.78,0,0,0,0,,
2021-10-02,19:15,20.9,14.4,68,WNW,9.7,20.9,1017.75,0,0,0,0,,
2021-10-02,19:30,20.7,14.4,69,WNW,4.8,22.5,1017.91,0,0,0,0,,
2021-10-02,19:45,20.6,15,70,WNW,8,16.1,1018.19,0,0,0,0,,
2021-10-02,20:00,20.4,15,72,WEST,6.4,16.1,1018.25,0,0,0,0,,
2021-10-02,20:15,20.3,15,73,WNW,3.2,8,1018.39,0,0,0,0,,
2021-10-02,20:30,19.9,15,74,WNW,3.2,6.4,1018.46,0,0,0,0,,
2021-10-02,20:45,19.7,15,75,NW,8,6.4,1018.63,0,0,0,0,,
2021-10-02,21:00,19.1,15,77,NNW,1.6,6.4,1018.73,0,0,0,0,,
2021-10-02,21:15,18.9,15,78,NNW,1.6,1.6,1018.86,0,0,0,0,,
2021-10-02,21:30,18.3,14.4,80,NNW,1.6,3.2,1018.63,0,0,0,0,,
2021-10-02,21:45,17.9,14.4,80,NORTH,0,1.6,1018.76,0,0,0,0,,
2021-10-02,22:00,18,14.4,80,NORTH,0,4.8,1018.83,0,0,0,0,,
2021-10-02,22:15,17.8,13.9,79,EAST,1.6,3.2,1018.8,0,0,0,0,,
2021-10-02,22:30,17.6,13.9,79,EAST,1.6,3.2,1018.73,0,0,0,0,,
2021-10-02,22:45,17.7,13.9,79,EAST,1.6,3.2,1018.56,0,0,0,0,,
2021-10-02,23:00,17.8,13.9,80,ESE,3.2,4.8,1018.66,0,0,0,0,,
2021-10-02,23:15,18.1,14.4,81,ESE,3.2,6.4,1018.86,0,0,0,0,,
2021-10-02,23:30,18.1,14.4,81,ESE,4.8,6.4,1018.66,0,0,0,0,,
2021-10-02,23:45,17.9,14.4,82,ESE,4.8,6.4,1018.83,0,0,0,0,,
2021-10-02,OVR,,,,,,,,,,,,gustmax,41.8
2021-10-02,OVR,,,,,,,,,,,,rainrate_max,0
2021-10-02,OVR,,,,,,,,,,,,rain_total_mm,0
2021-10-02,OVR,,,,,,,,,,,,tmax,26.3
2021-10-02,OVR,,,,,,,,,,,,tmin,15.6
2021-10-02,OVR,,,,,,,,,,,,wind_dir_mean_deg,115.3
2021-10-03,00:00,18.1,15,83,ESE,1.6,6.4,1018.63,0,0,0,0,,
2021-10-03,00:15,18.7,15,80,ESE,4.8,9.7,1018.42,0,0,0,0,,
2021-10-03,00:30,18.3,14.4,80,SE,4.8,6.4,1018.56,0,0,0,0,,
2021-10-03,00:45,18.6,15,80,SE,8,8,1018.39,0,0,0,0,,
2021-10-03,01:00,18.6,15,80,ESE,6.4,11.3,1018.25,0,0,0,0,,
2021-10-03,01:15,18.4,14.4,79,ESE,4.8,9.7,1018.19,0,0,0,0,,
2021-10-03,01:30,18.3,14.4,80,ESE,6.4,9.7,1018.29,0,0,0,0,,
2021-10-03,01:45,18.6,15,80,ESE,11.3,11.3,1018.22,0,0,0,0,,
2021-10-03,02:00,18.8,15,79,SE,4.8,14.5,1018.02,0,0,0,0,,
2021-10-03,02:15,17.9,14.4,80,EAST,3.2,6.4,1018.02,0,0,0,0,,
2021-10-03,02:30,17.5,14.4,82,ESE,4.8,6.4,1017.95,0,0,0,0,,
2021-10-03,02:45,17.9,14.4,81,ESE,4.8,12.9,1017.71,0,0,0,0,,
2021-10-03,03:00,18,14.4,81,ESE,4.8,11.3,1017.88,0,0,0,0,,
2021-10-03,03:15,18.3,15,82,ESE,4.8,12.9,1017.71,0,0,0,0,,
2021-10-03,03:30,17.8,14.4,82,EAST,4.8,9.7,1017.85,0,0,0,0,,
2021-10-03,03:45,17.6,13.9,81,ESE,3.2,9.7,1017.75,0,0,0,0,,
2021-10-03,04:00,17.6,14.4,81,ESE,9.7,9.7,1017.68,0,0,0,0,,
2021-10-03,04:15,17.7,14.4,81,ESE,9.7,9.7,1017.44,0,0,0,0,,
2021-10-03,04:30,17.5,14.4,82,ESE,4.8,11.3,1017.31,0,0,0,0,,
2021-10-03,04:45,17.5,14.4,83,ESE,4.8,11.3,1016.97,0,0,0,0,,
2021-10-03,05:00,17.7,14.4,83,ESE,11.3,11.3,1016.97,0,0,0,0,,
2021-10-03,05:15,17.8,15,83,ESE,4.8,11.3,1016.83,0,0,0,0,,
2021-10-03,05:30,17.6,15,84,ESE,4.8,9.7,1016.8,0,0,0,0,,
2021-10-03,05:45,17.6,15,85,ESE,4.8,8,1016.93,0,0,0,0,,
2021-10-03,06:00,17.6,15,85,ESE,3.2,9.7,1016.9,0,0,0,0,,
2021-10-03,06:15,17.7,15,85,ESE,4.8,12.9,1016.86,0,0,0,0,,
2021-10-03,06:30,17.6,14.4,84,ESE,6.4,11.3,1017.03,0,0,0,0,,
2021-10-03,06:45,17.4,14.4,84,ESE,9.7,12.9,1017.03,0,0,0,0,,
2021-10-03,07:00,17.7,15,86,SE,8,12.9,1016.93,0,0,0,0,,
2021-10-03,07:15,17.8,15,86,ESE,11.3,16.1,1016.93,0,0,0,0,,
2021-10-03,07:30,17.8,15.6,86,EAST,11.3,17.7,1016.76,0,0,0,7,,
2021-10-03,07:45,17.7,15.6,87,ESE,17.7,16.1,1017,0,0,0,14,,
2021-10-03,08:00,17.3,15,86,ESE,6.4,12.9,1017.1,0,0,0,51,,
2021-10-03,08:15,18,15.6,87,ESE,4.8,14.5,1017.17,0,0,0,49,,
2021-10-03,08:30,18.5,15.6,85,ESE,4.8,14.5,1017.2,0,0,0,128,,
2021-10-03,08:45,18.8,16.1,84,ESE,3.2,16.1,1017.27,0,0,0,195,,
2021-10-03,09:00,18.8,15.6,82,ESE,4.8,14.5,1017.24,0,0,0,265,,
2021-10-03,09:15,18.9,15.6,82,ESE,11.3,12.9,1017.44,0,0,0,250,,
2021-10-03,09:30,19.4,16.1,83,ESE,6.4,14.5,1017.61,0,0,1,137,,
2021-10-03,09:45,20.2,16.1,80,ESE,11.3,22.5,1017.81,0,0,1,445,,
2021-10-03,10:00,20.2,16.1,79,SE,14.5,20.9,1017.91,0,0,1,450,,
2021-10-03,10:15,20.8,16.7,77,SE,17.7,25.7,1017.95,0,0,2,471,,
2021-10-03,10:30,21.3,16.7,75,SE,8,22.5,1017.95,0,0,2,517,,
2021-10-03,10:45,21.6,16.1,73,ESE,12.9,24.1,1018.08,0,0,2,554,,
2021-10-03,11:00,22.1,16.1,70,ESE,14.5,22.5,1017.78,0,0,2,584,,
2021-10-03,11:15,22.8,16.7,70,SSW,12.9,24.1,1017.88,0,0,3,613,,
2021-10-03,11:30,23.4,16.7,66,SSE,11.3,24.1,1017.68,0,0,3,640,,
2021-10-03,11:45,23.7,16.7,64,ESE,12.9,20.9,1017.61,0,0,3,663,,
2021-10-03,12:00,23.8,16.1,63,SE,12.9,24.1,1017.61,0,0,3,680,,
2021-10-03,12:15,24.4,16.1,60,SE,12.9,29,1017.37,0,0,3,701,,
2021-10-03,12:30,24.3,15.6,58,SSE,14.5,32.2,1017.24,0,0,3,719,,
2021-10-03,12:45,24.9,15,54,SE,12.9,25.7,1017.1,0,0,4,721,,
2021-10-03,13:00,25.7,14.4,51,SE,14.5,27.4,1016.97,0,0,4,719,,
2021-10-03,13:15,25.1,13.9,50,SE,14.5,29,1016.83,0,0,4,719,,
2021-10-03,13:30,25.7,13.3,46,SSE,11.3,27.4,1016.76,0,0,4,715,,
2021-10-03,13:45,25.8,12.8,44,ESE,17.7,25.7,1016.63,0,0,4,708,,
2021-10-03,14:00,26.1,13.9,48,EAST,22.5,25.7,1016.46,0,0,3,694,,
2021-10-03,14:15,26.1,13.9,48,EAST,12.9,30.6,1016.46,0,0,3,679,,
2021-10-03,14:30,26.2,13.9,48,SE,14.5,24.1,1016.22,0,0,3,659,,
2021-10-03,14:45,25.9,13.3,46,ESE,22.5,30.6,1016.09,0,0,3,638,,
2021-10-03,15:00,25.9,13.9,48,SE,20.9,32.2,1016.05,0,0,3,612,,
2021-10-03,15:15,25.8,14.4,49,ESE,22.5,29,1015.98,0,0,3,580,,
2021-10-03,15:30,25.9,15.6,53,SSE,25.7,25.7,1015.95,0,0,2,550,,
2021-10-03,15:45,25.8,14.4,50,SSE,22.5,29,1015.88,0,0,2,517,,
2021-10-03,16:00,25.8,16.1,56,SE,14.5,29,1015.88,0,0,2,478,,
2021-10-03,16:15,26.3,15,50,ESE,16.1,25.7,1015.85,0,0,2,441,,
2021-10-03,16:30,25.7,15.6,53,SSE,14.5,33.8,1015.92,0,0,1,401,,
2021-10-03,16:45,25.8,15.6,53,SSE,9.7,32.2,1015.95,0,0,1,357,,
2021-10-03,17:00,25.3,16.7,60,SE,19.3,35.4,1015.82,0,0,1,81,,
2021-10-03,17:15,24.8,17.2,64,ESE,19.3,29,1015.75,0,0,0,35,,
2021-10-03,17:30,24.4,17.8,67,SSE,24.1,35.4,1015.78,0,0,0,33,,
2021-10-03,17:45,23.7,18.3,73,SE,20.9,32.2,1015.95,0,0,0,33,,
2021-10-03,18:00,23.4,18.3,74,SSE,19.3,30.6,1015.92,0,0,0,28,,
2021-10-03,18:15,22.9,17.8,74,SE,19.3,30.6,1016.12,0,0,0,25,,
2021-10-03,18:30,22.8,17.8,74,SSE,16.1,27.4,1016.12,0,0,0,19,,
2021-10-03,18:45,22.7,17.8,74,SSE,4.8,30.6,1016.29,0,0,0,12,,
2021-10-03,19:00,22.3,17.8,75,ESE,9.7,22.5,1016.15,0,0,0,0,,
2021-10-03,19:15,22.2,17.8,76,SE,14.5,22.5,1016.12,0,0,0,0,,
2021-10-03,19:30,22.1,17.8,78,ESE,16.1,25.7,1016.05,0,0,0,0,,
2021-10-03,19:45,21.8,18.3,80,SE,16.1,22.5,1016.19,0,0,0,0,,
2021-10-03,20:00,21.7,18.3,82,SE,11.3,22.5,1016.46,0,0,0,0,,
2021-10-03,20:15,21.6,18.3,84,ESE,11.3,24.1,1016.42,0,0,0,0,,
2021-10-03,20:30,21.2,18.3,84,ESE,6.4,17.7,1016.53,0,0,0,0,,
2021-10-03,20:45,21.2,18.3,85,EAST,16.1,19.3,1016.63,0,0,0,0,,
2021-10-03,21:00,20.9,17.8,84,ESE,6.4,17.7,1016.53,0,0,0,0,,
2021-10-03,21:15,20.9,17.8,82,ESE,11.3,17.7,1016.56,0,0,0,0,,
2021-10-03,21:30,20.9,17.2,81,ESE,6.4,20.9,1016.86,0,0,0,0,,
2021-10-03,21:45,20.8,17.2,81,ESE,6.4,16.1,1016.76,0,0,0,0,,
2021-10-03,22:00,20.8,17.2,82,SE,4.8,17.7,1016.83,0,0,0,0,,
2021-10-03,22:15,20.8,17.2,81,ESE,4.8,17.7,1016.83,0,0,0,0,,
2021-10-03,22:30,20.7,17.2,82,ESE,4.8,14.5,1016.93,0,0,0,0,,
2021-10-03,22:45,20.6,17.2,82,ESE,9.7,14.5,1016.76,0,0,0,0,,
2021-10-03,23:00,20.6,17.2,83,EAST,9.7,19.3,1016.73,0,0,0,0,,
2021-10-03,23:15,20.6,17.2,83,ESE,11.3,16.1,1016.76,0,0,0,0,,
2021-10-03,23:30,20.7,17.8,83,ESE,9.7,16.1,1016.83,0,0,0,0,,
2021-10-03,23:45,20.8,17.8,83,EAST,12.9,19.3,1016.76,0,0,0,0,,
2021-10-03,OVR,,,,,,,,,,,,gustmax,35.4
2021-10-03,OVR,,,,,,,,,,,,rainrate_max,0
2021-10-03,OVR,,,,,,,,,,,,rain_total_mm,0
2021-10-03,OVR,,,,,,,,,,,,tmax,26.4
2021-10-03,OVR,,,,,,,,,,,,tmin,17.3
2021-10-03,OVR,,,,,,,,,,,,wind_dir_mean_deg,121.5
2021-10-04,00:00,20.9,17.8,83,EAST,11.3,19.3,1016.86,0,0,0,0,,
2021-10-04,00:15,21,17.8,83,ESE,9.7,20.9,1016.97,0,0,0,0,,
2021-10-04,00:30,20.9,17.8,84,EAST,6.4,20.9,1016.8,0,0,0,0,,
2021-10-04,00:45,20.9,17.8,84,ESE,14.5,19.3,1016.56,0,0,0,0,,
2021-10-04,01:00,21.1,17.8,84,ESE,8,16.1,1016.76,0,0,0,0,,
2021-10-04,01:15,21.1,17.8,84,ESE,6.4,16.1,1016.59,0,0,0,0,,
2021-10-04,01:30,21.3,18.3,84,ESE,8,16.1,1016.53,0,0,0,0,,
2021-10-04,01:45,21.3,18.3,85,ESE,11.3,19.3,1016.59,0,0,0,0,,
2021-10-04,02:00,21.4,18.9,86,ESE,11.3,24.1,1016.59,0,0,0,0,,
2021-10-04,02:15,21.3,18.9,86,SE,19.3,22.5,1016.49,0,0,0,0,,
2021-10-04,02:30,21.2,18.9,87,SE,11.3,17.7,1016.59,0,0,0,0,,
2021-10-04,02:45,21.2,18.9,87,ENE,8,16.1,1016.56,0,0,0,0,,
2021-10-04,03:00,21.1,18.3,86,ESE,6.4,16.1,1016.49,0,0,0,0,,
2021-10-04,03:15,21.1,18.3,86,ESE,6.4,14.5,1016.42,0,0,0,0,,
2021-10-04,03:30,21,18.3,86,EAST,3.2,12.9,1016.22,0,0,0,0,,
2021-10-04,03:45,20.9,18.3,85,ESE,4.8,12.9,1016.19,0,0,0,0,,
2021-10-04,04:00,20.9,18.3,86,EAST,3.2,14.5,1016.02,0,0,0,0,,
2021-10-04,04:15,20.9,18.3,86,ESE,9.7,16.1,1015.95,0,0,0,0,,
2021-10-04,04:30,20.8,18.3,87,EAST,11.3,16.1,1015.71,0,0,0,0,,
2021-10-04,04:45,20.7,18.3,87,EAST,6.4,14.5,1015.68,0,0,0,0,,
2021-10-04,05:00,20.6,18.3,88,ESE,6.4,14.5,1015.54,0,0,0,0,,
2021-10-04,05:15,20.8,18.3,88,EAST,9.7,16.1,1015.54,0,0,0,0,,
2021-10-04,05:30,20.9,18.9,88,ESE,6.4,14.5,1015.54,0,0,0,0,,
2021-10-04,05:45,21.1,18.9,88,ESE,9.7,17.7,1015.65,0,0,0,0,,
2021-10-04,06:00,21.1,18.9,88,ESE,11.3,16.1,1015.51,0,0,0,0,,
2021-10-04,06:15,21.2,18.9,88,ESE,9.7,19.3,1015.51,0,0,0,0,,
2021-10-04,06:30,21.3,18.9,88,ESE,6.4,16.1,1015.61,0,0,0,0,,
2021-10-04,06:45,21.2,18.9,88,EAST,9.7,14.5,1015.68,0,0,0,0,,
2021-10-04,07:00,21.2,18.9,88,SE,4.8,14.5,1015.61,0,0,0,0,,
2021-10-04,07:15,21.2,18.9,89,ESE,6.4,12.9,1015.65,0,0,0,0,,
2021-10-04,07:30,21.2,18.9,88,ESE,4.8,16.1,1015.44,0,0,0,0,,
2021-10-04,07:45,21.3,18.9,88,EAST,4.8,12.9,1015.48,0,0,0,21,,
2021-10-04,08:00,21.4,18.9,88,ESE,9.7,19.3,1015.41,0,0,0,39,,
2021-10-04,08:15,21.6,19.4,88,ESE,6.4,16.1,1015.61,0,0,0,54,,
2021-10-04,08:30,21.8,19.4,87,ESE,8,16.1,1015.41,0,0,0,100,,
2021-10-04,08:45,22.1,19.4,86,ENE,6.4,16.1,1015.48,0,0,0,149,,
2021-10-04,09:00,22.6,20,85,EAST,9.7,17.7,1015.75,0,0,0,288,,
2021-10-04,09:15,23,20,83,ESE,11.3,20.9,1015.82,0,0,0,176,,
2021-10-04,09:30,22.9,20,83,SE,14.5,17.7,1015.98,0,0,1,120,,
2021-10-04,09:45,23.5,20,82,SE,9.7,19.3,1015.95,0,0,1,338,,
2021-10-04,10:00,23.6,20,81,SE,8,19.3,1016.12,0,0,1,387,,
2021-10-04,10:15,23.8,20,82,SE,16.1,24.1,1015.92,0,0,1,411,,
2021-10-04,10:30,24.3,20,79,ESE,20.9,22.5,1015.88,0,0,2,469,,
2021-10-04,10:45,24.8,20.6,77,ESE,12.9,24.1,1015.82,0,0,2,517,,
2021-10-04,11:00,25.2,20.6,76,EAST,9.7,20.9,1015.88,0,0,2,534,,
2021-10-04,11:15,25.4,20,73,SE,8,27.4,1016.22,0,0,2,265,,
2021-10-04,11:30,25.8,20,72,SE,12.9,24.1,1016.02,0,0,2,209,,
2021-10-04,11:45,26.2,20.6,71,EAST,9.7,16.1,1015.78,0,0,3,606,,
2021-10-04,12:00,26.6,20,68,SSE,6.4,22.5,1015.95,0,0,3,659,,
2021-10-04,12:15,26.6,20,69,SE,3.2,25.7,1016.02,0,0,3,670,,
2021-10-04,12:30,27.1,20,67,SE,11.3,27.4,1015.85,0,0,3,663,,
2021-10-04,12:45,27.5,20.6,67,EAST,11.3,22.5,1015.71,0,0,3,659,,
2021-10-04,13:00,27.8,20,64,SSE,20.9,24.1,1015.71,0,0,3,663,,
2021-10-04,13:15,27.7,20.6,66,ENE,11.3,32.2,1015.68,0,0,3,670,,
2021-10-04,13:30,27.4,20,65,ESE,16.1,22.5,1015.78,0,0,2,257,,
2021-10-04,13:45,27.2,19.4,63,SE,19.3,29,1015.78,0,0,3,329,,
2021-10-04,14:00,28.1,19.4,60,SSE,3.2,27.4,1015.75,0,0,3,643,,
2021-10-04,14:15,27.9,19.4,61,SSE,6.4,20.9,1015.85,0,0,1,229,,
2021-10-04,14:30,26.7,20.6,68,WNW,11.3,22.5,1015.85,0,0,3,733,,
2021-10-04,14:45,26.7,20.6,69,WNW,16.1,29,1015.98,0,0,2,311,,
2021-10-04,15:00,26.4,20,70,WEST,25.7,29,1016.09,0,0,1,227,,
2021-10-04,15:15,26,20,69,WEST,6.4,43.5,1016.15,0,0,2,536,,
2021-10-04,15:30,25.5,18.3,66,WEST,17.7,51.5,1016.09,0,0,2,487,,
2021-10-04,15:45,25.6,18.3,64,WEST,4.8,33.8,1016.19,0,0,2,427,,
2021-10-04,16:00,25.7,17.2,61,WNW,12.9,27.4,1016.09,0,0,1,274,,
2021-10-04,16:15,25.6,16.1,57,WEST,9.7,38.6,1016.39,0,0,1,178,,
2021-10-04,16:30,25.3,16.7,59,SW,8,38.6,1016.49,0,0,1,265,,
2021-10-04,16:45,24.8,16.7,62,WNW,16.1,38.6,1016.46,0,0,1,181,,
2021-10-04,17:00,24.8,17.8,65,WSW,25.7,32.2,1016.42,0,0,1,134,,
2021-10-04,17:15,24.4,17.8,67,WSW,6.4,41.8,1016.49,0,0,0,76,,
2021-10-04,17:30,24.1,17.8,68,WEST,4.8,24.1,1016.66,0,0,0,95,,
2021-10-04,17:45,24.1,17.8,68,WEST,9.7,22.5,1016.63,0,0,0,67,,
2021-10-04,18:00,23.8,17.8,70,SW,1.6,22.5,1016.66,0,0,0,49,,
2021-10-04,18:15,23.4,18.3,74,WEST,4.8,22.5,1016.9,0,0,0,19,,
2021-10-04,18:30,22.8,18.9,80,WNW,8,32.2,1017,0,0,0,9,,
2021-10-04,18:45,22.1,18.9,82,WEST,22.5,35.4,1017.54,0,0,0,0,,
2021-10-04,19:00,21.6,18.3,83,WNW,20.9,37,1017.58,0,0,0,0,,
2021-10-04,19:30,20.7,17.2,83,WEST,22.5,43.5,1018.02,0,0,0,0,,
2021-10-04,19:45,20.4,17.2,83,WEST,14.5,32.2,1018.39,0,0,0,0,,
2021-10-04,20:00,20.2,17.2,83,WEST,12.9,27.4,1018.49,0,0,0,0,,
2021-10-04,20:15,20.1,16.7,82,WEST,11.3,32.2,1018.56,0,0,0,0,,
2021-10-04,20:30,19.9,16.1,81,WEST,14.5,16.1,1018.59,0,0,0,0,,
2021-10-04,20:45,19.7,16.1,80,WNW,11.3,22.5,1018.96,0,0,0,0,,
2021-10-04,21:00,19.7,16.1,80,WNW,8,20.9,1019.1,0,0,0,0,,
2021-10-04,21:15,19.7,15.6,79,WNW,16.1,19.3,1019.03,0,0,0,0,,
2021-10-04,21:30,19.7,15.6,79,WEST,14.5,19.3,1019.07,0,0,0,0,,
2021-10-04,21:45,19.7,15.6,79,WNW,4.8,14.5,1019.17,0,0,0,0,,
2021-10-04,22:00,19.4,15.6,80,WNW,1.6,6.4,1019.2,0,0,0,0,,
2021-10-04,22:15,19,15.6,81,NORTH,0,4.8,1019.07,0,0,0,0,,
2021-10-04,22:30,18.4,15.6,83,NORTH,0,1.6,1019.24,0,0,0,0,,
2021-10-04,22:45,18,15,85,NORTH,0,3.2,1019.24,0,0,0,0,,
2021-10-04,23:00,18.3,15.6,84,NORTH,0,3.2,1019.34,0,0,0,0,,
2021-10-04,23:15,17.8,15,84,NORTH,0,3.2,1019.44,0,0,0,0,,
2021-10-04,23:30,18.3,15,84,SSE,4.8,4.8,1019.57,0,0,0,0,,
2021-10-04,23:45,18.2,15,84,SSE,3.2,8,1019.74,0,0,0,0,,
2021-10-04,OVR,,,,,,,,,,,,gustmax,51.5
2021-10-04,OVR,,,,,,,,,,,,rainrate_max,0
2021-10-04,OVR,,,,,,,,,,,,rain_total_mm,0
2021-10-04,OVR,,,,,,,,,,,,tmax,28.8
2021-10-04,OVR,,,,,,,,,,,,tmin,17.7
2021-10-04,OVR,,,,,,,,,,,,wind_dir_mean_deg,125.5
2021-10-05,00:00,17.9,15,85,SSE,3.2,8,1019.81,0,0,0,0,,
2021-10-05,00:15,18.2,15.6,85,SSE,4.8,9.7,1019.98,0,0,0,0,,
2021-10-05,00:30,18,15,85,SSE,1.6,8,1019.71,0,0,0,0,,
2021-10-05,00:45,18.1,15,85,NORTH,0,4.8,1019.71,0,0,0,0,,
2021-10-05,01:00,18.3,15.6,83,SE,3.2,4.8,1020.01,0,0,0,0,,
2021-10-05,01:15,18.4,15.6,83,NORTH,0,6.4,1020.18,0,0,0,0,,
2021-10-05,01:30,18.1,15,83,NORTH,0,1.6,1020.12,0,0,0,0,,
2021-10-05,01:45,17.6,14.4,84,NORTH,0,1.6,1019.98,0,0,0,0,,
2021-10-05,02:00,17.4,15,87,WNW,4.8,9.7,1020.01,0,0,0,0,,
2021-10-05,02:15,18.1,15.6,85,WEST,3.2,12.9,1020.22,0,0,0,0,,
2021-10-05,02:30,18.1,15.6,85,WNW,8,9.7,1020.08,0,0,0,0,,
2021-10-05,02:45,18.1,15.6,86,WNW,9.7,19.3,1019.84,0,0,0,0,,
2021-10-05,03:00,17.8,15,86,NW,4.8,17.7,1019.4,0,0,0,0,,
2021-10-05,03:15,17.6,15,87,NW,4.8,8,1019.4,0,0,0,0,,
2021-10-05,03:30,17.3,15,87,NW,1.6,6.4,1019.24,0,0,0,0,,
2021-10-05,03:45,16.9,14.4,87,NORTH,0,4.8,1019.34,0,0,0,0,,
2021-10-05,04:00,17.6,15,86,WNW,11.3,16.1,1019.24,0,0,0,0,,
2021-10-05,04:15,17.8,15,85,WEST,9.7,19.3,1019.4,0,0,0,0,,
2021-10-05,04:30,17.7,15,84,NW,11.3,16.1,1019.1,0,0,0,0,,
2021-10-05,04:45,17.4,14.4,84,WNW,3.2,11.3,1018.93,0,0,0,0,,
2021-10-05,05:00,17.2,14.4,84,NNW,3.2,6.4,1018.73,0,0,0,0,,
2021-10-05,05:15,17.1,14.4,85,WNW,12.9,16.1,1018.86,0,0,0,0,,
2021-10-05,05:30,17.4,14.4,83,WNW,11.3,16.1,1018.93,0,0,0,0,,
2021-10-05,05:45,17.1,14.4,84,NW,1.6,8,1018.96,0,0,0,0,,
2021-10-05,06:00,16.9,14.4,85,NW,3.2,4.8,1018.9,0,0,0,0,,
2021-10-05,06:15,16.6,13.9,86,NORTH,0,1.6,1019.03,0,0,0,0,,
2021-10-05,06:30,16.7,14.4,86,NW,6.4,6.4,1019.1,0,0,0,0,,
2021-10-05,06:45,16.8,14.4,86,NW,1.6,4.8,1019.24,0,0,0,0,,
2021-10-05,07:00,16.7,13.9,84,NORTH,0,6.4,1019.68,0,0,0,0,,
2021-10-05,07:15,16.4,13.9,85,NORTH,0,1.6,1019.61,0,0,0,0,,
2021-10-05,07:30,15.7,13.3,86,NORTH,0,4.8,1019.84,0,0,0,0,,
2021-10-05,07:45,15.4,12.8,86,NORTH,0,1.6,1019.91,0,0,0,7,,
2021-10-05,08:00,15.4,12.8,87,NW,1.6,3.2,1020.32,0,0,0,16,,
2021-10-05,08:15,15.7,12.8,85,ESE,1.6,3.2,1020.18,0,0,0,40,,
2021-10-05,08:30,16.3,13.3,82,ESE,1.6,3.2,1020.32,0,0,0,40,,
2021-10-05,08:45,16.4,13.3,81,ESE,1.6,1.6,1020.29,0,0,0,62,,
2021-10-05,09:00,16.6,13.3,81,NORTH,0,1.6,1020.08,0,0,0,111,,
2021-10-05,09:15,17.2,13.3,78,NNW,3.2,4.8,1020.22,0,0,1,304,,
2021-10-05,09:30,17.8,13.3,76,WNW,6.4,12.9,1020.15,0,0,1,352,,
2021-10-05,09:45,18.1,13.3,74,NW,8,16.1,1020.29,0,0,1,396,,
2021-10-05,10:00,18.5,13.3,72,NW,6.4,14.5,1020.15,0,0,1,439,,
2021-10-05,10:15,18.9,13.3,71,WNW,4.8,16.1,1020.15,0,0,1,478,,
2021-10-05,10:30,19.6,13.3,68,WNW,4.8,12.9,1020.39,0,0,2,517,,
2021-10-05,10:45,19.8,12.8,64,WEST,17.7,24.1,1020.39,0,0,2,554,,
2021-10-05,11:00,20,12.2,62,WSW,1.6,22.5,1020.39,0,0,2,578,,
2021-10-05,11:15,20.5,11.7,58,WNW,11.3,24.1,1020.22,0,0,2,615,,
2021-10-05,11:30,20.7,11.7,57,WEST,6.4,24.1,1020.45,0,0,3,638,,
2021-10-05,11:45,21,11.7,57,WEST,16.1,25.7,1020.86,0,0,3,661,,
2021-10-05,12:00,21.4,12.2,56,WNW,14.5,29,1020.79,0,0,3,677,,
2021-10-05,12:15,21.4,11.7,55,WEST,29,29,1020.66,0,0,3,696,,
2021-10-05,12:30,21.7,12.2,56,WNW,16.1,32.2,1020.56,0,0,3,700,,
2021-10-05,12:45,21.7,12.2,56,WNW,24.1,29,1020.69,0,0,3,714,,
2021-10-05,13:00,21.9,11.7,52,WEST,25.7,32.2,1020.76,0,0,3,715,,
2021-10-05,13:15,21.7,11.7,54,WEST,25.7,25.7,1020.59,0,0,3,712,,
2021-10-05,13:30,22.4,11.7,51,WNW,14.5,25.7,1020.42,0,0,3,712,,
2021-10-05,13:45,22.2,11.7,51,WEST,9.7,16.1,1020.25,0,0,3,705,,
2021-10-05,14:00,22.3,11.7,51,WEST,37,30.6,1020.29,0,0,3,694,,
2021-10-05,14:15,22.6,11.1,49,WEST,25.7,30.6,1019.81,0,0,3,682,,
2021-10-05,14:30,22.9,11.1,48,WNW,27.4,30.6,1019.88,0,0,3,659,,
2021-10-05,14:45,22.6,11.1,49,WEST,6.4,37,1019.84,0,0,3,638,,
2021-10-05,15:00,22.7,11.1,49,WEST,20.9,33.8,1019.71,0,0,3,612,,
2021-10-05,15:15,22.7,10.6,47,WEST,22.5,29,1019.68,0,0,2,582,,
2021-10-05,15:30,22.7,10.6,46,WEST,16.1,37,1019.64,0,0,2,545,,
2021-10-05,15:45,22.7,11.1,48,WNW,14.5,32.2,1019.71,0,0,2,513,,
2021-10-05,16:00,22.6,10.6,47,WEST,11.3,35.4,1019.64,0,0,2,480,,
2021-10-05,16:15,22.3,10,46,WNW,19.3,38.6,1019.47,0,0,1,439,,
2021-10-05,16:30,22.1,10,46,WNW,20.9,35.4,1019.47,0,0,1,401,,
2021-10-05,16:45,21.8,9.4,46,WEST,16.1,38.6,1019.61,0,0,1,334,,
2021-10-05,17:00,21.9,10,48,WEST,17.7,35.4,1019.71,0,0,1,47,,
2021-10-05,17:15,21.6,10.6,50,WEST,24.1,35.4,1019.51,0,0,0,32,,
2021-10-05,17:30,21.3,11.1,53,WEST,20.9,32.2,1019.64,0,0,0,28,,
2021-10-05,17:45,21.1,11.1,54,WEST,22.5,46.7,1019.88,0,0,0,26,,
2021-10-05,18:00,20.7,11.7,56,WEST,29,37,1019.78,0,0,0,23,,
2021-10-05,18:15,20.3,11.7,58,WEST,17.7,35.4,1019.88,0,0,0,19,,
2021-10-05,18:30,20,12.2,61,WEST,16.1,30.6,1019.74,0,0,0,16,,
2021-10-05,18:45,19.7,12.2,63,WEST,19.3,25.7,1019.98,0,0,0,11,,
2021-10-05,19:00,19.3,12.2,64,WNW,12.9,25.7,1020.15,0,0,0,0,,
2021-10-05,19:15,19.1,12.2,66,WEST,17.7,22.5,1020.22,0,0,0,0,,
2021-10-05,19:30,18.8,12.2,67,WEST,14.5,20.9,1020.15,0,0,0,0,,
2021-10-05,19:45,18.6,12.2,68,WEST,12.9,22.5,1020.18,0,0,0,0,,
2021-10-05,20:00,18.4,12.8,69,WNW,16.1,20.9,1020.32,0,0,0,0,,
2021-10-05,20:15,18.3,12.2,69,WNW,8,22.5,1020.29,0,0,0,0,,
2021-10-05,20:30,18.3,12.8,70,WNW,16.1,19.3,1020.42,0,0,0,0,,
2021-10-05,20:45,17.9,12.2,71,WNW,3.2,19.3,1020.73,0,0,0,0,,
2021-10-05,21:00,17.7,12.2,72,WNW,11.3,17.7,1020.66,0,0,0,0,,
2021-10-05,21:15,18.1,12.8,72,WNW,11.3,19.3,1020.62,0,0,0,0,,
2021-10-05,21:30,18.2,12.8,71,WNW,9.7,19.3,1020.69,0,0,0,0,,
2021-10-05,21:45,17.9,12.8,72,NORTH,0,9.7,1020.89,0,0,0,0,,
2021-10-05,22:00,17,12.2,74,NORTH,0,4.8,1020.73,0,0,0,0,,
2021-10-05,22:15,16.7,12.2,76,NORTH,0,6.4,1020.96,0,0,0,0,,
2021-10-05,22:30,16.1,12.2,78,NORTH,0,1.6,1021.06,0,0,0,0,,
2021-10-05,22:45,16.1,12.2,79,NORTH,0,3.2,1021.33,0,0,0,0,,
2021-10-05,23:00,16,12.2,79,NORTH,0,3.2,1021.33,0,0,0,0,,
2021-10-05,23:15,16.1,12.2,79,NORTH,0,3.2,1021.37,0,0,0,0,,
2021-10-05,23:30,15.9,12.2,80,NORTH,0,1.6,1021.4,0,0,0,0,,
2021-10-05,23:45,15.7,12.2,80,NORTH,0,1.6,1021.37,0,0,0,0,,
2021-10-05,OVR,,,,,,,,,,,,gustmax,46.7
2021-10-05,OVR,,,,,,,,,,,,rainrate_max,0
2021-10-05,OVR,,,,,,,,,,,,rain_total_mm,0
2021-10-05,OVR,,,,,,,,,,,,tmax,22.9
2021-10-05,OVR,,,,,,,,,,,,tmin,15.2
2021-10-05,OVR,,,,,,,,,,,,wind_dir_mean_deg,301.2
2021-10-06,00:00,15.3,12.2,82,NORTH,0,1.6,1021.2,0,0,0,0,,
2021-10-06,00:15,15.3,12.2,82,WEST,1.6,1.6,1021.23,0,0,0,0,,
2021-10-06,00:30,15.2,12.2,83,WEST,1.6,3.2,1021.27,0,0,0,0,,
2021-10-06,00:45,15.3,12.2,83,WEST,1.6,1.6,1021,0,0,0,0,,
2021-10-06,01:00,15.8,12.2,80,WEST,1.6,3.2,1020.93,0,0,0,0,,
2021-10-06,01:15,15.9,12.2,80,WEST,1.6,3.2,1020.93,0,0,0,0,,
2021-10-06,01:30,16.1,12.2,80,NORTH,0,1.6,1020.93,0,0,0,0,,
2021-10-06,01:45,15.7,12.2,81,NORTH,0,3.2,1020.96,0,0,0,0,,
2021-10-06,02:00,15.7,12.2,81,SSE,4.8,4.8,1021.06,0,0,0,0,,
2021-10-06,02:15,15.7,12.2,81,SSE,1.6,4.8,1020.83,0,0,0,0,,
2021-10-06,02:30,15.6,12.2,81,SSE,3.2,4.8,1020.76,0,0,0,0,,
2021-10-06,02:45,15.4,12.2,83,SSE,1.6,3.2,1020.79,0,0,0,0,,
2021-10-06,03:00,15.3,12.2,83,SSE,1.6,3.2,1020.69,0,0,0,0,,
2021-10-06,03:15,15,12.2,83,SSE,1.6,4.8,1020.49,0,0,0,0,,
2021-10-06,03:30,15.7,12.2,82,SSE,1.6,3.2,1020.39,0,0,0,0,,
2021-10-06,03:45,16.1,12.8,81,SSE,3.2,4.8,1020.18,0,0,0,0,,
2021-10-06,04:00,15.8,12.2,80,SSE,3.2,4.8,1020.15,0,0,0,0,,
2021-10-06,04:15,16.3,12.8,81,SSE,1.6,4.8,1019.78,0,0,0,0,,
2021-10-06,04:30,16.5,12.8,79,SSE,4.8,4.8,1019.74,0,0,0,0,,
2021-10-06,04:45,16.3,12.8,79,NORTH,0,4.8,1019.68,0,0,0,0,,
2021-10-06,05:00,16.3,12.8,80,SE,1.6,4.8,1019.57,0,0,0,0,,
2021-10-06,05:15,15.9,12.8,82,SE,1.6,3.2,1019.68,0,0,0,0,,
2021-10-06,05:30,15.6,12.2,82,SE,1.6,3.2,1019.54,0,0,0,0,,
2021-10-06,05:45,15.6,12.2,83,SE,1.6,1.6,1019.51,0,0,0,0,,
2021-10-06,06:00,15.8,12.8,82,SE,1.6,1.6,1019.47,0,0,0,0,,
2021-10-06,06:15,15.7,12.2,82,SE,1.6,3.2,1019.37,0,0,0,0,,
2021-10-06,06:30,15.8,12.8,82,SE,3.2,4.8,1019.44,0,0,0,0,,
2021-10-06,06:45,16.3,12.8,80,NORTH,0,4.8,1019.57,0,0,0,0,,
2021-10-06,07:00,17.1,13.3,79,SE,1.6,4.8,1019.51,0,0,0,0,,
2021-10-06,07:15,17.3,12.8,77,NORTH,0,4.8,1019.68,0,0,0,0,,
2021-10-06,07:30,16.8,12.8,79,NORTH,0,1.6,1019.4,0,0,0,9,,
2021-10-06,07:45,17.1,13.3,79,SE,1.6,4.8,1019.37,0,0,0,23,,
2021-10-06,08:00,17.4,13.3,79,NORTH,0,1.6,1019.47,0,0,0,21,,
2021-10-06,08:15,16.7,13.3,81,NORTH,0,3.2,1019.47,0,0,0,26,,
2021-10-06,08:30,16.2,13.3,85,NORTH,0,1.6,1019.88,0,0,0,16,,
2021-10-06,08:45,15.9,13.9,88,SSE,1.6,3.2,1019.64,0.51,0.51,0,54,,
2021-10-06,09:00,16.2,14.4,90,NORTH,0,0,1019.81,0.51,0.51,0,21,,
2021-10-06,09:15,16.2,14.4,91,WNW,4.8,6.4,1020.22,0.51,0.51,0,37,,
2021-10-06,09:30,15,12.8,89,WNW,8,27.4,1020.76,1.52,1.52,0,39,,
2021-10-06,09:45,14.7,13.3,92,NW,3.2,6.4,1020.83,1.78,1.52,0,54,,
2021-10-06,10:00,14.9,13.3,93,NORTH,4.8,6.4,1020.83,2.03,1.52,0,53,,
2021-10-06,10:15,15,13.9,93,,4.8,14.5,1020.62,2.29,1.52,1,158,,
2021-10-06,10:30,15.1,13.9,92,NNW,4.8,9.7,1020.49,2.29,0.76,1,148,,
2021-10-06,10:45,15.9,14.4,91,NORTH,1.6,9.7,1020.56,2.29,0.51,2,390,,
2021-10-06,11:00,16.4,14.4,88,WNW,8,11.3,1020.56,2.29,0.25,1,193,,
2021-10-06,11:15,16.4,13.9,86,NW,1.6,8,1020.62,2.29,0,1,251,,
2021-10-06,11:30,16.8,14.4,87,WEST,3.2,6.4,1020.56,2.29,0,2,251,,
2021-10-06,11:45,16.8,15,89,WNW,3.2,11.3,1020.79,2.29,0,2,343,,
2021-10-06,12:00,17.6,15,87,WEST,12.9,16.1,1020.52,2.29,0,2,925,,
2021-10-06,12:15,18.1,15.6,85,WEST,12.9,16.1,1020.49,2.29,0,3,482,,
2021-10-06,12:30,18.8,15.6,81,WNW,8,27.4,1020.29,2.29,0,3,719,,
2021-10-06,12:45,19.6,15.6,78,WEST,17.7,45.1,1020.29,2.29,0,2,974,,
2021-10-06,13:00,19,15,78,WEST,17.7,40.2,1020.15,2.29,0,3,877,,
2021-10-06,13:15,19.2,13.9,72,WNW,20.9,41.8,1019.81,2.29,0,2,251,,
2021-10-06,13:30,19.6,13.3,69,WEST,19.3,43.5,1019.47,2.29,0,2,172,,
2021-10-06,13:45,19.9,13.3,67,WNW,32.2,46.7,1019.2,2.29,0,2,244,,
2021-10-06,14:00,19.7,12.8,66,WNW,19.3,46.7,1019.27,2.29,0,3,229,,
2021-10-06,14:15,20,12.2,61,WNW,30.6,57.9,1019.3,2.29,0,3,731,,
2021-10-06,14:30,20.2,11.7,58,WEST,33.8,51.5,1019.07,2.29,0,3,617,,
2021-10-06,14:45,20.2,11.7,59,WEST,22.5,49.9,1019,2.29,0,3,659,,
2021-10-06,15:00,19.8,11.7,61,WEST,37,56.3,1018.83,2.29,0,3,606,,
2021-10-06,15:15,19.6,11.7,62,WNW,27.4,49.9,1018.8,2.29,0,2,257,,
2021-10-06,15:30,19.8,12.2,62,WNW,27.4,54.7,1018.52,2.29,0,2,547,,
2021-10-06,15:45,19.6,11.7,61,WEST,30.6,57.9,1018.46,2.29,0,2,462,,
2021-10-06,16:00,19.4,11.1,59,NW,41.8,53.1,1018.56,2.29,0,2,448,,
2021-10-06,16:15,19.3,11.1,60,WEST,30.6,57.9,1018.42,2.29,0,1,443,,
2021-10-06,16:30,18.8,11.1,62,WEST,40.2,61.2,1018.32,2.29,0,1,279,,
2021-10-06,16:45,18.9,11.1,60,SSW,37,64.4,1018.49,2.29,0,1,183,,
2021-10-06,17:00,18.9,10.6,60,WEST,38.6,54.7,1018.46,2.29,0,1,149,,
2021-10-06,17:15,18.8,11.1,61,WNW,48.3,66,1018.39,2.29,0,0,153,,
2021-10-06,17:30,18.6,11.1,63,WEST,27.4,49.9,1018.25,2.29,0,0,95,,
2021-10-06,17:45,18.4,11.1,64,WNW,35.4,53.1,1018.02,2.29,0,0,67,,
2021-10-06,18:00,18.2,11.1,64,SSE,35.4,57.9,1017.91,2.29,0,0,56,,
2021-10-06,18:15,18,11.1,64,WNW,37,59.5,1017.71,2.29,0,0,39,,
2021-10-06,18:30,17.8,11.1,65,WNW,46.7,53.1,1017.91,2.29,0,0,33,,
2021-10-06,18:45,17.6,11.1,67,WEST,27.4,56.3,1017.81,2.29,0,0,7,,
2021-10-06,19:00,17.4,11.1,67,WEST,17.7,53.1,1017.91,2.29,0,0,0,,
2021-10-06,19:15,17.3,11.1,67,WEST,25.7,53.1,1017.95,2.29,0,0,0,,
2021-10-06,19:30,17.1,10.6,67,WNW,20.9,51.5,1018.25,2.29,0,0,0,,
2021-10-06,19:45,17,10.6,66,WEST,25.7,49.9,1018.19,2.29,0,0,0,,
2021-10-06,20:00,16.9,10.6,67,WSW,38.6,56.3,1018.15,2.29,0,0,0,,
2021-10-06,20:15,16.7,10,66,WEST,32.2,51.5,1018.25,2.29,0,0,0,,
2021-10-06,20:30,16.6,10,65,WNW,25.7,45.1,1018.19,2.29,0,0,0,,
2021-10-06,20:45,16.4,9.4,65,WEST,51.5,51.5,1018.19,2.29,0,0,0,,
2021-10-06,21:00,16.3,9.4,64,WEST,29,53.1,1018.19,2.29,0,0,0,,
2021-10-06,21:15,16.2,9.4,65,WNW,19.3,45.1,1018.08,2.29,0,0,0,,
2021-10-06,21:30,16.2,9.4,66,WEST,43.5,46.7,1018.02,2.29,0,0,0,,
2021-10-06,21:45,16.2,9.4,65,WNW,30.6,51.5,1018.05,2.29,0,0,0,,
2021-10-06,22:00,16.1,9.4,66,WNW,17.7,43.5,1017.98,2.29,0,0,0,,
2021-10-06,22:15,16,9.4,66,WEST,22.5,43.5,1018.08,2.29,0,0,0,,
2021-10-06,22:30,16.1,9.4,66,WNW,33.8,49.9,1017.98,2.29,0,0,0,,
2021-10-06,22:45,16.1,8.9,64,WEST,41.8,48.3,1018.12,2.29,0,0,0,,
2021-10-06,23:00,16.1,8.9,63,WNW,25.7,41.8,1017.88,2.29,0,0,0,,
2021-10-06,23:15,16.1,8.9,64,NW,16.1,35.4,1017.95,2.29,0,0,0,,
2021-10-06,23:30,16.3,9.4,64,WEST,29,40.2,1017.95,2.29,0,0,0,,
2021-10-06,23:45,16.2,8.9,63,WEST,30.6,43.5,1017.61,2.29,0,0,0,,
2021-10-06,OVR,,,,,,,,,,,,gustmax,66
2021-10-06,OVR,,,,,,,,,,,,rainrate_max,9.6
2021-10-06,OVR,,,,,,,,,,,,rain_total_mm,2.2
2021-10-06,OVR,,,,,,,,,,,,tmax,20.4
2021-10-06,OVR,,,,,,,,,,,,tmin,14.3
2021-10-06,OVR,,,,,,,,,,,,wind_dir_mean_deg,277
2021-10-07,00:00,16.3,8.9,62,WNW,24.1,53.1,1017.78,0,0,0,0,,
2021-10-07,00:15,16.4,8.9,62,WEST,32.2,49.9,1017.64,0,0,0,0,,
2021-10-07,00:30,16.4,8.3,60,WNW,32.2,48.3,1017.44,0,0,0,0,,
2021-10-07,00:45,16.5,8.9,60,WEST,24.1,40.2,1017.27,0,0,0,0,,
2021-10-07,01:00,16.4,8.9,61,WEST,37,45.1,1016.86,0,0,0,0,,
2021-10-07,01:15,16.3,8.9,62,WEST,14.5,33.8,1016.8,0,0,0,0,,
2021-10-07,01:30,16.3,8.9,62,WNW,19.3,40.2,1016.76,0,0,0,0,,
2021-10-07,01:45,16.3,8.3,61,WEST,29,48.3,1016.86,0,0,0,0,,
2021-10-07,02:00,16.3,8.3,60,WNW,20.9,40.2,1016.7,0,0,0,0,,
2021-10-07,02:15,16.2,8.3,61,WNW,33.8,41.8,1016.46,0,0,0,0,,
2021-10-07,02:30,16.2,8.3,59,NW,20.9,45.1,1016.02,0,0,0,0,,
2021-10-07,02:45,16.3,8.9,61,WNW,33.8,41.8,1015.92,0,0,0,0,,
2021-10-07,03:00,16.3,9.4,64,WEST,33.8,41.8,1015.78,0,0,0,0,,
2021-10-07,03:15,16.3,9.4,64,WEST,24.1,46.7,1015.61,0,0,0,0,,
2021-10-07,03:30,16.3,9.4,64,WNW,27.4,41.8,1015.34,0,0,0,0,,
2021-10-07,03:45,16.3,9.4,64,WEST,16.1,56.3,1015.24,0,0,0,0,,
2021-10-07,04:00,16.3,9.4,66,WEST,43.5,51.5,1014.97,0,0,0,0,,
2021-10-07,04:15,16.1,9.4,66,WNW,35.4,51.5,1014.87,0,0,0,0,,
2021-10-07,04:30,16,9.4,66,WEST,22.5,49.9,1014.7,0,0,0,0,,
2021-10-07,04:45,15.9,9.4,67,WEST,17.7,45.1,1014.49,0,0,0,0,,
2021-10-07,05:00,15.8,9.4,68,WNW,19.3,41.8,1014.63,0,0,0,0,,
2021-10-07,05:15,15.7,9.4,68,WEST,19.3,40.2,1014.33,0,0,0,0,,
2021-10-07,05:30,15.6,9.4,69,WNW,16.1,33.8,1014.53,0,0,0,0,,
2021-10-07,05:45,15.4,9.4,69,WEST,16.1,30.6,1014.43,0,0,0,0,,
2021-10-07,06:00,15.4,10,70,WNW,12.9,24.1,1014.36,0,0,0,0,,
2021-10-07,06:15,15.3,10,70,NW,6.4,27.4,1014.36,0,0,0,0,,
2021-10-07,06:30,15.3,10,71,WEST,17.7,25.7,1014.26,0,0,0,0,,
2021-10-07,06:45,15.4,9.4,69,WNW,12.9,35.4,1014.26,0,0,0,0,,
2021-10-07,07:00,15.5,9.4,69,WNW,16.1,45.1,1014.26,0,0,0,0,,
2021-10-07,07:15,15.4,10,70,WEST,22.5,33.8,1014.19,0,0,0,0,,
2021-10-07,07:30,15.3,10,71,WNW,19.3,38.6,1014.16,0,0,0,0,,
2021-10-07,07:45,15,10,72,WEST,27.4,29,1014.16,0,0,0,14,,
2021-10-07,08:00,14.9,10,73,WEST,20.9,37,1014.12,0,0,0,47,,
2021-10-07,08:15,15.3,10.6,73,WEST,17.7,40.2,1014.16,0,0,0,86,,
2021-10-07,08:30,15.6,10.6,73,WEST,25.7,35.4,1014.22,0,0,0,132,,
2021-10-07,08:45,15.9,11.1,73,WNW,22.5,37,1014.19,0,0,0,207,,
2021-10-07,09:00,16.4,11.1,73,WNW,4.8,32.2,1014.22,0,0,0,260,,
2021-10-07,09:15,16.9,11.7,72,WNW,17.7,32.2,1014.39,0,0,1,332,,
2021-10-07,09:30,17.6,12.2,72,WNW,25.7,40.2,1014.05,0,0,1,462,,
2021-10-07,09:45,18.1,12.8,72,WNW,19.3,40.2,1014.26,0,0,1,457,,
2021-10-07,10:00,17.9,12.8,72,WEST,32.2,45.1,1014.22,0,0,1,587,,
2021-10-07,10:15,16.8,12.8,77,WNW,19.3,38.6,1014.22,0,0,1,295,,
2021-10-07,10:30,16.2,12.8,81,WEST,17.7,29,1014.36,0,0,1,186,,
2021-10-07,10:45,17.2,12.8,77,WEST,20.9,37,1014.12,0,0,2,582,,
2021-10-07,11:00,18.2,12.8,72,WEST,20.9,43.5,1014.12,0,0,2,592,,
2021-10-07,11:15,18.8,12.2,67,WNW,40.2,49.9,1013.82,0,0,2,633,,
2021-10-07,11:30,19.4,11.7,62,WEST,33.8,59.5,1013.92,0,0,3,752,,
2021-10-07,11:45,19.9,11.1,58,WEST,20.9,56.3,1013.82,0,0,3,777,,
2021-10-07,12:00,19.7,11.7,62,WNW,30.6,53.1,1013.51,0,0,3,738,,
2021-10-07,12:15,19.7,12.8,65,WEST,27.4,53.1,1013.68,0,0,3,758,,
2021-10-07,12:30,19.6,12.2,64,WNW,38.6,57.9,1013.48,0,0,2,735,,
2021-10-07,12:45,19.6,12.2,63,WEST,41.8,56.3,1013.51,0,0,3,846,,
2021-10-07,13:00,19.7,12.2,64,WEST,37,54.7,1013.51,0,0,3,788,,
2021-10-07,13:15,19.8,12.2,62,WEST,29,56.3,1013.21,0,0,3,738,,
2021-10-07,13:30,20.4,11.1,56,,32.2,54.7,1013.11,0,0,2,809,,
2021-10-07,13:45,20.4,8.9,48,WNW,35.4,51.5,1013.24,0,0,3,726,,
2021-10-07,14:00,20.5,9.4,49,WNW,33.8,54.7,1013.11,0,0,3,707,,
2021-10-07,14:15,20.4,11.1,56,ENE,40.2,59.5,1013.21,0,0,3,742,,
2021-10-07,14:30,20.4,8.3,46,WEST,27.4,51.5,1013.14,0,0,3,668,,
2021-10-07,14:45,20.3,8.9,49,WNW,38.6,57.9,1013.07,0,0,3,638,,
2021-10-07,15:00,20.7,8.3,45,WEST,43.5,56.3,1012.87,0,0,2,612,,
2021-10-07,15:15,20.7,10.6,52,WEST,29,56.3,1012.8,0,0,2,577,,
2021-10-07,15:30,20.2,12.2,60,WNW,27.4,59.5,1012.77,0,0,1,113,,
2021-10-07,15:45,20.1,8.3,48,WEST,22.5,59.5,1012.77,0,0,2,517,,
2021-10-07,16:00,20.3,10.6,53,WEST,29,57.9,1012.67,0,0,2,475,,
2021-10-07,16:15,20.3,10,52,WEST,38.6,49.9,1012.7,0,0,1,424,,
2021-10-07,16:30,20.1,10,52,WNW,32.2,57.9,1012.7,0,0,1,388,,
2021-10-07,16:45,20,8.3,48,WNW,43.5,57.9,1012.8,0,0,1,302,,
2021-10-07,17:00,19.8,8.9,49,WNW,32.2,54.7,1012.87,0,0,0,42,,
2021-10-07,17:15,19.6,8.3,49,WEST,25.7,67.6,1012.8,0,0,0,35,,
2021-10-07,17:30,19.4,8.9,51,WEST,30.6,61.2,1012.8,0,0,0,32,,
2021-10-07,17:45,19.2,8.9,52,WEST,29,51.5,1012.8,0,0,0,28,,
2021-10-07,18:00,18.9,8.9,53,NW,32.2,53.1,1012.77,0,0,0,26,,
2021-10-07,18:15,18.7,9.4,55,NNE,35.4,53.1,1012.77,0,0,0,23,,
2021-10-07,18:30,18.4,9.4,57,WEST,17.7,45.1,1012.87,0,0,0,19,,
2021-10-07,18:45,18.2,10,59,WNW,24.1,41.8,1013.17,0,0,0,11,,
2021-10-07,19:00,17.9,10,60,WEST,22.5,38.6,1013.28,0,0,0,0,,
2021-10-07,19:15,17.8,10,61,WNW,16.1,41.8,1013.21,0,0,0,0,,
2021-10-07,19:30,17.6,10,62,WNW,19.3,41.8,1013.58,0,0,0,0,,
2021-10-07,19:45,17.5,10,63,WEST,19.3,35.4,1013.61,0,0,0,0,,
2021-10-07,20:00,17.6,10,62,WNW,14.5,37,1013.68,0,0,0,0,,
2021-10-07,20:15,17.5,10,63,WNW,24.1,46.7,1013.68,0,0,0,0,,
2021-10-07,20:30,17.4,10,63,WEST,22.5,43.5,1013.85,0,0,0,0,,
2021-10-07,20:45,17.4,10,63,WNW,19.3,35.4,1013.99,0,0,0,0,,
2021-10-07,21:00,17.2,10,64,WNW,16.1,22.5,1014.19,0,0,0,0,,
2021-10-07,21:15,16.9,10,65,WNW,11.3,22.5,1014.12,0,0,0,0,,
2021-10-07,21:30,16.6,10,66,WNW,12.9,16.1,1014.19,0,0,0,0,,
2021-10-07,21:45,16.3,10,67,NNW,6.4,12.9,1014.33,0,0,0,0,,
2021-10-07,22:00,16.3,10,66,NW,6.4,14.5,1014.33,0,0,0,0,,
2021-10-07,22:15,16.2,9.4,66,NNW,4.8,12.9,1014.39,0,0,0,0,,
2021-10-07,22:30,16.4,9.4,65,NW,9.7,19.3,1014.36,0,0,0,0,,
2021-10-07,22:45,16.4,9.4,64,NNW,6.4,20.9,1014.7,0,0,0,0,,
2021-10-07,23:00,16.4,9.4,64,NW,11.3,19.3,1014.66,0,0,0,0,,
2021-10-07,23:15,16.2,9.4,64,NNW,8,20.9,1014.7,0,0,0,0,,
2021-10-07,23:30,16.1,9.4,65,NW,8,17.7,1014.93,0,0,0,0,,
2021-10-07,23:45,15.7,9.4,66,NW,6.4,12.9,1015.04,0,0,0,0,,
2021-10-07,OVR,,,,,,,,,,,,gustmax,67.6
2021-10-07,OVR,,,,,,,,,,,,rainrate_max,0
2021-10-07,OVR,,,,,,,,,,,,rain_total_mm,0
2021-10-07,OVR,,,,,,,,,,,,tmax,20.8
2021-10-07,OVR,,,,,,,,,,,,tmin,14.8
2021-10-07,OVR,,,,,,,,,,,,wind_dir_mean_deg,287
2021-10-08,00:00,15.6,9.4,67,NNW,12.9,12.9,1015.04,0,0,0,0,,
2021-10-08,00:15,15.8,8.9,65,NW,9.7,17.7,1015.07,0,0,0,0,,
2021-10-08,00:30,15.3,8.9,66,NW,6.4,12.9,1015.31,0,0,0,0,,
2021-10-08,00:45,15.4,8.9,66,NW,4.8,9.7,1015.44,0,0,0,0,,
2021-10-08,01:00,15.3,8.9,67,NW,3.2,9.7,1015.24,0,0,0,0,,
2021-10-08,01:15,15.2,8.9,67,NW,4.8,8,1015.41,0,0,0,0,,
2021-10-08,01:30,15.3,8.9,67,WNW,6.4,11.3,1015.34,0,0,0,0,,
2021-10-08,01:45,15.3,8.9,66,WNW,4.8,11.3,1015.14,0,0,0,0,,
2021-10-08,02:00,15.1,8.9,67,NW,4.8,6.4,1015.24,0,0,0,0,,
2021-10-08,02:15,15.1,8.9,67,NW,3.2,4.8,1015.07,0,0,0,0,,
2021-10-08,02:30,14.7,8.9,69,NNW,1.6,6.4,1014.97,0,0,0,0,,
2021-10-08,02:45,15.2,8.9,67,NNW,3.2,8,1014.9,0,0,0,0,,
2021-10-08,03:00,15.2,8.9,67,NNW,4.8,8,1014.8,0,0,0,0,,
2021-10-08,03:15,15.1,8.9,68,NNW,4.8,8,1014.9,0,0,0,0,,
2021-10-08,03:30,14.9,8.9,68,WNW,4.8,8,1014.8,0,0,0,0,,
2021-10-08,03:45,14.3,8.9,69,NNW,1.6,8,1014.87,0,0,0,0,,
2021-10-08,04:00,14.1,8.9,71,NORTH,0,3.2,1014.97,0,0,0,0,,
2021-10-08,04:15,14.6,8.9,70,NNW,4.8,8,1014.73,0,0,0,0,,
2021-10-08,04:30,15.1,8.9,67,NNW,3.2,9.7,1014.93,0,0,0,0,,
2021-10-08,04:45,15,8.9,67,NNW,3.2,6.4,1014.9,0,0,0,0,,
2021-10-08,05:00,14.8,8.9,68,NNW,4.8,6.4,1014.83,0,0,0,0,,
2021-10-08,05:15,14.7,8.9,68,NNW,1.6,4.8,1014.7,0,0,0,0,,
2021-10-08,05:30,14.7,8.9,68,NNW,1.6,4.8,1014.7,0,0,0,0,,
2021-10-08,05:45,14.2,8.3,69,NNW,1.6,4.8,1014.49,0,0,0,0,,
2021-10-08,06:00,13.7,8.3,72,NNW,3.2,6.4,1014.7,0,0,0,0,,
2021-10-08,06:15,13.6,8.3,72,,3.2,4.8,1014.77,0,0,0,0,,
2021-10-08,06:30,14.1,8.9,71,NNW,1.6,4.8,1014.77,0,0,0,0,,
2021-10-08,06:45,13.7,8.3,72,NNW,1.6,3.2,1014.6,0,0,0,0,,
2021-10-08,07:00,13.6,8.9,73,NNW,1.6,3.2,1014.63,0,0,0,0,,
2021-10-08,07:15,13.2,8.3,74,NNW,3.2,6.4,1014.63,0,0,0,0,,
2021-10-08,07:30,13.2,8.3,74,NORTH,0,4.8,1014.63,0,0,0,0,,
2021-10-08,07:45,13.4,8.9,74,NNW,1.6,4.8,1014.83,0,0,0,11,,
2021-10-08,08:00,13.3,8.9,75,NNW,3.2,6.4,1014.97,0,0,0,46,,
2021-10-08,08:15,13.3,8.3,74,NNW,3.2,4.8,1014.97,0,0,0,84,,
2021-10-08,08:30,14.6,8.9,70,NW,6.4,16.1,1015.07,0,0,0,132,,
2021-10-08,08:45,14.9,8.9,69,NW,8,17.7,1015.24,0,0,0,206,,
2021-10-08,09:00,15.3,8.9,67,NW,12.9,17.7,1015.34,0,0,0,253,,
2021-10-08,09:15,15.8,9.4,65,WNW,17.7,20.9,1015.44,0,0,1,302,,
2021-10-08,09:30,16.2,9.4,65,NW,14.5,19.3,1015.41,0,0,1,378,,
2021-10-08,09:45,16.4,9.4,65,NNW,8,25.7,1015.51,0,0,1,411,,
2021-10-08,10:00,16.9,10,63,NNW,8,25.7,1015.48,0,0,1,446,,
2021-10-08,10:15,17.4,10,62,NW,17.7,30.6,1015.44,0,0,1,476,,
2021-10-08,10:30,17.4,9.4,61,NW,11.3,24.1,1015.51,0,0,1,98,,
2021-10-08,10:45,18.4,10,59,NNW,9.7,24.1,1015.61,0,0,2,559,,
2021-10-08,11:00,19,10,57,NW,12.9,22.5,1015.58,0,0,2,712,,
2021-10-08,11:15,18.7,10,57,NW,12.9,17.7,1015.65,0,0,2,636,,
2021-10-08,11:30,19.2,10,56,NW,4.8,24.1,1015.82,0,0,3,635,,
2021-10-08,11:45,19.6,10,55,NW,12.9,24.1,1015.71,0,0,3,654,,
2021-10-08,12:00,20.3,10,52,NNW,8,27.4,1015.68,0,0,3,677,,
2021-10-08,12:15,20.4,10.6,53,NNW,17.7,35.4,1015.65,0,0,3,693,,
2021-10-08,12:30,20.6,10.6,54,NW,22.5,27.4,1015.58,0,0,3,703,,
2021-10-08,12:45,20.7,10.6,54,WNW,25.7,29,1015.51,0,0,3,728,,
2021-10-08,13:00,20.7,11.1,54,WNW,17.7,37,1015.75,0,0,3,728,,
2021-10-08,13:15,20.8,10.6,53,NW,17.7,29,1015.61,0,0,3,751,,
2021-10-08,13:30,21.4,10.6,51,WNW,14.5,29,1015.48,0,0,3,717,,
2021-10-08,13:45,21.4,10.6,51,NNW,24.1,32.2,1015.61,0,0,3,793,,
2021-10-08,14:00,21.7,10.6,50,WNW,25.7,33.8,1015.24,0,0,3,733,,
2021-10-08,14:15,21.8,10.6,50,NW,16.1,32.2,1014.97,0,0,2,179,,
2021-10-08,14:30,22.1,10,47,WNW,12.9,30.6,1015.04,0,0,3,788,,
2021-10-08,14:45,22,10,47,WNW,14.5,27.4,1015.17,0,0,3,795,,
2021-10-08,15:00,21.4,10,49,NW,17.7,37,1015.17,0,0,1,186,,
2021-10-08,15:15,20.9,10.6,51,WNW,19.3,29,1015.1,0,0,1,171,,
2021-10-08,15:30,21,10,49,NW,9.7,29,1014.87,0,0,1,209,,
2021-10-08,15:45,21.2,9.4,47,NNW,16.1,30.6,1014.77,0,0,2,181,,
2021-10-08,16:00,21.3,9.4,48,WEST,20.9,27.4,1014.8,0,0,1,100,,
2021-10-08,16:15,22,10.6,48,WNW,17.7,35.4,1014.93,0,0,1,512,,
2021-10-08,16:30,21.4,10,49,WNW,24.1,27.4,1015.14,0,0,1,417,,
2021-10-08,16:45,21.4,11.1,52,NW,16.1,27.4,1014.97,0,0,1,373,,
2021-10-08,17:00,21,10.6,52,NW,19.3,32.2,1015.07,0,0,1,104,,
2021-10-08,17:15,20.7,10.6,53,NNW,16.1,27.4,1015.1,0,0,0,109,,
2021-10-08,17:30,20.6,10.6,53,NW,20.9,25.7,1015.21,0,0,0,84,,
2021-10-08,17:45,20.4,10.6,53,WNW,14.5,24.1,1015.31,0,0,0,46,,
2021-10-08,18:00,20.2,10.6,54,NW,8,24.1,1015.37,0,0,0,26,,
2021-10-08,18:15,19.7,11.7,60,ESE,8,16.1,1015.51,0,0,0,21,,
2021-10-08,18:30,19.1,12.2,64,SSE,4.8,9.7,1015.51,0,0,0,19,,
2021-10-08,18:45,18.8,12.2,66,SE,8,12.9,1015.68,0,0,0,14,,
2021-10-08,19:00,18.4,12.2,67,ESE,8,16.1,1015.85,0,0,0,0,,
2021-10-08,19:15,18.2,12.2,68,ESE,14.5,16.1,1015.98,0,0,0,0,,
2021-10-08,19:30,17.8,12.2,69,ESE,4.8,12.9,1016.12,0,0,0,0,,
2021-10-08,19:45,17.7,12.2,70,SE,4.8,12.9,1016.22,0,0,0,0,,
2021-10-08,20:00,17.6,12.2,71,SE,6.4,12.9,1016.49,0,0,0,0,,
2021-10-08,20:15,17.6,12.2,71,SE,11.3,12.9,1016.59,0,0,0,0,,
2021-10-08,20:30,17,11.7,72,SE,3.2,6.4,1016.53,0,0,0,0,,
2021-10-08,20:45,16.5,11.7,74,SE,3.2,4.8,1016.73,0,0,0,0,,
2021-10-08,21:00,16.8,11.7,72,ESE,3.2,6.4,1016.8,0,0,0,0,,
2021-10-08,21:15,16.8,11.1,71,SE,8,6.4,1016.93,0,0,0,0,,
2021-10-08,21:30,16.8,11.1,70,ESE,4.8,8,1016.9,0,0,0,0,,
2021-10-08,21:45,16.7,11.7,72,ESE,6.4,9.7,1017.03,0,0,0,0,,
2021-10-08,22:00,16.2,11.1,73,NORTH,0,3.2,1017.31,0,0,0,0,,
2021-10-08,22:15,15.8,11.1,75,ESE,1.6,3.2,1017.27,0,0,0,0,,
2021-10-08,22:30,15.6,11.1,75,EAST,1.6,4.8,1017.44,0,0,0,0,,
2021-10-08,22:45,16.3,11.7,74,EAST,1.6,4.8,1017.34,0,0,0,0,,
2021-10-08,23:00,15.9,11.1,75,NORTH,0,3.2,1017.34,0,0,0,0,,
2021-10-08,23:15,15.7,11.7,78,EAST,4.8,4.8,1017.24,0,0,0,0,,
2021-10-08,23:30,15.2,11.1,79,EAST,3.2,3.2,1017.34,0,0,0,0,,
2021-10-08,23:45,15.3,11.7,80,EAST,1.6,4.8,1017.64,0,0,0,0,,
2021-10-08,OVR,,,,,,,,,,,,gustmax,37
2021-10-08,OVR,,,,,,,,,,,,rainrate_max,0
2021-10-08,OVR,,,,,,,,,,,,rain_total_mm,0
2021-10-08,OVR,,,,,,,,,,,,tmax,22.3
2021-10-08,OVR,,,,,,,,,,,,tmin,12.7
2021-10-08,OVR,,,,,,,,,,,,wind_dir_mean_deg,330.6
2021-10-09,00:00,14.7,11.1,81,EAST,1.6,3.2,1017.68,0,0,0,0,,
2021-10-09,00:15,14.9,11.7,82,NORTH,0,3.2,1017.51,0,0,0,0,,
2021-10-09,00:30,14.3,11.1,81,EAST,3.2,3.2,1017.41,0,0,0,0,,
2021-10-09,00:45,14.2,10.6,81,EAST,4.8,4.8,1017.44,0,0,0,0,,
2021-10-09,01:00,14,10.6,81,NORTH,0,3.2,1017.37,0,0,0,0,,
2021-10-09,01:15,14.7,10.6,77,EAST,1.6,3.2,1017.2,0,0,0,0,,
2021-10-09,01:30,14.3,10,76,NORTH,0,3.2,1017.17,0,0,0,0,,
2021-10-09,01:45,13.8,9.4,76,EAST,1.6,3.2,1017.1,0,0,0,0,,
2021-10-09,02:00,13.7,9.4,77,NORTH,0,1.6,1016.97,0,0,0,0,,
2021-10-09,02:15,14,9.4,75,NE,1.6,4.8,1017.07,0,0,0,0,,
2021-10-09,02:30,13.8,9.4,75,NE,3.2,3.2,1017,0,0,0,0,,
2021-10-09,02:45,14,9.4,74,NORTH,0,3.2,1016.86,0,0,0,0,,
2021-10-09,03:00,13.3,8.9,75,NORTH,0,3.2,1016.76,0,0,0,0,,
2021-10-09,03:15,13.1,8.9,78,NORTH,0,3.2,1016.66,0,0,0,0,,
2021-10-09,03:30,13.6,10.6,82,EAST,3.2,4.8,1016.49,0,0,0,0,,
2021-10-09,03:45,14.6,11.1,81,ESE,3.2,6.4,1016.56,0,0,0,0,,
2021-10-09,04:00,13.3,9.4,79,NW,1.6,8,1016.73,0,0,0,0,,
2021-10-09,04:15,13.3,9.4,79,NORTH,0,3.2,1016.53,0,0,0,0,,
2021-10-09,04:30,13.4,10,80,NORTH,0,3.2,1016.46,0,0,0,0,,
2021-10-09,04:45,13.5,10.6,82,NORTH,0,1.6,1016.53,0,0,0,0,,
2021-10-09,05:00,13.2,9.4,80,NORTH,0,4.8,1016.53,0,0,0,0,,
2021-10-09,05:15,12.6,10,84,NW,1.6,3.2,1016.56,0,0,0,0,,
2021-10-09,05:30,13.1,10,82,NW,1.6,1.6,1016.76,0,0,0,0,,
2021-10-09,05:45,12.9,10,83,NORTH,0,3.2,1016.8,0,0,0,0,,
2021-10-09,06:00,13.5,10.6,83,NORTH,0,3.2,1016.63,0,0,0,0,,
2021-10-09,06:15,13.8,10.6,82,NE,1.6,4.8,1016.56,0,0,0,0,,
2021-10-09,06:30,13.3,10,81,NORTH,0,3.2,1016.63,0,0,0,0,,
2021-10-09,06:45,12.8,9.4,82,NORTH,0,3.2,1016.66,0,0,0,0,,
2021-10-09,07:00,12.7,9.4,83,NORTH,0,3.2,1016.59,0,0,0,0,,
2021-10-09,07:15,13,10,82,NORTH,0,3.2,1016.42,0,0,0,0,,
2021-10-09,07:30,12.8,9.4,81,NORTH,0,1.6,1016.42,0,0,0,0,,
2021-10-09,07:45,13.3,9.4,79,NNE,1.6,3.2,1016.49,0,0,0,9,,
2021-10-09,08:00,13.6,9.4,77,NE,1.6,4.8,1016.63,0,0,0,26,,
2021-10-09,08:15,13.8,9.4,77,NORTH,0,3.2,1016.8,0,0,0,30,,
2021-10-09,08:30,13.6,9.4,77,NORTH,0,3.2,1017.03,0,0,0,70,,
2021-10-09,08:45,14.1,10,78,NORTH,0,1.6,1017.24,0,0,0,192,,
2021-10-09,09:00,14.8,10.6,76,NORTH,0,3.2,1017.34,0,0,0,244,,
2021-10-09,09:15,16.1,11.1,74,NORTH,0,3.2,1017.61,0,0,1,288,,
2021-10-09,09:30,16.7,11.7,73,NE,1.6,1.6,1017.58,0,0,1,332,,
2021-10-09,09:45,17.4,12.2,71,NE,1.6,3.2,1017.64,0,0,1,378,,
2021-10-09,10:00,17.8,11.7,67,ENE,4.8,8,1017.64,0,0,1,425,,
2021-10-09,10:15,18.2,11.1,65,EAST,4.8,11.3,1017.58,0,0,1,475,,
2021-10-09,10:30,18.1,11.7,66,ESE,1.6,14.5,1017.81,0,0,1,190,,
2021-10-09,10:45,18.6,12.2,66,ESE,14.5,16.1,1017.78,0,0,2,531,,
2021-10-09,11:00,18.9,11.7,64,SE,8,12.9,1017.81,0,0,2,566,,
2021-10-09,11:15,19.2,11.1,60,ENE,6.4,12.9,1017.85,0,0,2,594,,
2021-10-09,11:30,19.6,11.1,59,SSE,4.8,12.9,1017.81,0,0,3,621,,
2021-10-09,11:45,19.6,11.1,58,NNW,3.2,14.5,1017.91,0,0,3,645,,
2021-10-09,12:00,20.5,11.1,55,SE,4.8,19.3,1017.88,0,0,3,724,,
2021-10-09,12:15,20.8,11.1,54,ESE,6.4,16.1,1017.75,0,0,3,710,,
2021-10-09,12:30,20.6,10,52,ESE,6.4,17.7,1017.88,0,0,3,738,,
2021-10-09,12:45,19.9,10,54,SE,4.8,16.1,1017.71,0,0,2,123,,
2021-10-09,13:00,20.4,10,52,ENE,8,11.3,1017.44,0,0,3,192,,
2021-10-09,13:15,21.9,10.6,49,NE,9.7,19.3,1017.75,0,0,4,872,,
2021-10-09,13:30,21.7,10.6,49,ESE,12.9,19.3,1017.64,0,0,2,348,,
2021-10-09,13:45,21.3,10.6,50,NNW,1.6,12.9,1017.71,0,0,3,830,,
2021-10-09,14:00,21.2,10,50,ESE,4.8,11.3,1017.41,0,0,2,171,,
2021-10-09,14:15,21,10,51,ESE,6.4,9.7,1017.34,0,0,2,192,,
2021-10-09,14:30,21.4,10,49,NORTH,0,4.8,1017.07,0,0,2,227,,
2021-10-09,14:45,21.3,10,49,NORTH,0,4.8,1017.07,0,0,1,243,,
2021-10-09,15:00,21.1,10,49,NNW,1.6,6.4,1016.93,0,0,0,83,,
2021-10-09,15:15,21.2,10,49,NW,1.6,12.9,1016.97,0,0,0,97,,
2021-10-09,15:30,21.2,10.6,51,NNW,6.4,16.1,1017.03,0,0,0,97,,
2021-10-09,15:45,21,10.6,51,NW,9.7,16.1,1016.9,0,0,0,79,,
2021-10-09,16:00,20.8,10.6,52,NNW,4.8,14.5,1016.73,0,0,0,51,,
2021-10-09,16:15,20.7,10.6,52,NW,8,14.5,1016.8,0,0,0,26,,
2021-10-09,16:30,20.7,10.6,53,NW,4.8,8,1016.8,0,0,0,21,,
2021-10-09,16:45,20.5,11.1,56,WNW,4.8,16.1,1016.86,0,0,0,26,,
2021-10-09,17:00,20.4,11.1,56,WNW,4.8,17.7,1016.7,0,0,0,35,,
2021-10-09,17:15,20.6,11.1,55,WNW,11.3,14.5,1016.7,0,0,0,35,,
2021-10-09,17:30,20.6,11.7,58,WNW,14.5,19.3,1016.66,0,0,0,32,,
2021-10-09,17:45,20.4,11.7,58,WNW,4.8,19.3,1016.59,0,0,0,25,,
2021-10-09,18:00,20.3,11.7,57,WNW,12.9,16.1,1016.73,0,0,0,19,,
2021-10-09,18:15,20.2,12.2,61,WEST,22.5,20.9,1016.7,0,0,0,19,,
2021-10-09,18:30,19.9,12.2,62,WEST,12.9,22.5,1016.73,0,0,0,16,,
2021-10-09,18:45,19.9,12.2,61,WNW,11.3,24.1,1016.76,0,0,0,7,,
2021-10-09,19:00,19.7,11.7,61,WEST,14.5,25.7,1016.93,0,0,0,0,,
2021-10-09,19:15,19.3,12.2,63,WEST,9.7,20.9,1016.93,0,0,0,0,,
2021-10-09,19:30,18.9,11.7,64,WEST,11.3,22.5,1017.03,0,0,0,0,,
2021-10-09,19:45,18.7,11.7,65,WNW,11.3,19.3,1017,0,0,0,0,,
2021-10-09,20:00,18.2,11.7,66,WNW,3.2,12.9,1017.17,0,0,0,0,,
2021-10-09,20:15,16.9,11.1,69,ESE,1.6,4.8,1017.34,0,0,0,0,,
2021-10-09,20:30,17.2,11.7,72,ENE,4.8,12.9,1017.41,0,0,0,0,,
2021-10-09,20:45,17.4,11.7,71,NE,9.7,14.5,1017.54,0,0,0,0,,
2021-10-09,21:00,17.1,11.7,71,ENE,9.7,16.1,1017.64,0,0,0,0,,
2021-10-09,21:15,16.8,11.7,72,NNW,8,17.7,1017.81,0,0,0,0,,
2021-10-09,21:30,16.7,11.7,72,ENE,8,17.7,1017.95,0,0,0,0,,
2021-10-09,21:45,16.3,11.1,73,ENE,8,14.5,1017.91,0,0,0,0,,
2021-10-09,22:00,15.9,11.1,74,EAST,6.4,12.9,1018.12,0,0,0,0,,
2021-10-09,22:15,15.4,11.1,76,EAST,6.4,9.7,1018.42,0,0,0,0,,
2021-10-09,22:30,15.5,11.1,76,ESE,6.4,14.5,1018.42,0,0,0,0,,
2021-10-09,22:45,15.4,11.1,76,EAST,3.2,12.9,1018.49,0,0,0,0,,
2021-10-09,23:00,15.6,11.1,76,ENE,3.2,11.3,1018.49,0,0,0,0,,
2021-10-09,23:15,15.3,11.1,76,NNE,1.6,6.4,1018.76,0,0,0,0,,
2021-10-09,23:30,14.6,11.1,79,ESE,3.2,6.4,1018.8,0,0,0,0,,
2021-10-09,23:45,14.5,10.6,79,EAST,1.6,4.8,1018.86,0,0,0,0,,
2021-10-09,OVR,,,,,,,,,,,,gustmax,27.4
2021-10-09,OVR,,,,,,,,,,,,rainrate_max,0
2021-10-09,OVR,,,,,,,,,,,,rain_total_mm,0
2021-10-09,OVR,,,,,,,,,,,,tmax,22.1
2021-10-09,OVR,,,,,,,,,,,,tmin,12.5
2021-10-09,OVR,,,,,,,,,,,,wind_dir_mean_deg,21.8
2021-10-10,00:00,14.4,10.6,79,NNW,3.2,6.4,1018.76,0,0,0,0,,
2021-10-10,00:15,14.1,10.6,80,EAST,1.6,4.8,1018.42,0,0,0,0,,
2021-10-10,00:30,14,10.6,79,NORTH,0,4.8,1018.42,0,0,0,0,,
2021-10-10,00:45,14.1,10,78,EAST,3.2,3.2,1018.39,0,0,0,0,,
2021-10-10,01:00,14.4,10,77,NORTH,0,3.2,1018.35,0,0,0,0,,
2021-10-10,01:15,13.9,10,79,NORTH,0,1.6,1018.29,0,0,0,0,,
2021-10-10,01:30,13.8,10,78,NORTH,0,1.6,1018.29,0,0,0,0,,
2021-10-10,01:45,13.7,9.4,75,NORTH,0,1.6,1018.39,0,0,0,0,,
2021-10-10,02:00,14.3,8.3,69,NE,1.6,4.8,1018.25,0,0,0,0,,
2021-10-10,02:15,14.3,8.3,68,NORTH,1.6,3.2,1018.12,0,0,0,0,,
2021-10-10,02:30,14.6,8.3,67,NORTH,0,3.2,1018.32,0,0,0,0,,
2021-10-10,02:45,14.3,8.3,67,NORTH,0,1.6,1018.19,0,0,0,0,,
2021-10-10,03:00,13.8,7.8,69,NORTH,0,3.2,1018.02,0,0,0,0,,
2021-10-10,03:15,13.6,8.3,71,NNE,1.6,3.2,1017.95,0,0,0,0,,
2021-10-10,03:30,13.3,8.3,73,ESE,1.6,4.8,1017.91,0,0,0,0,,
2021-10-10,03:45,12.9,8.3,74,ESE,3.2,3.2,1017.71,0,0,0,0,,
2021-10-10,04:00,12.7,8.3,75,ESE,3.2,4.8,1017.81,0,0,0,0,,
2021-10-10,04:15,13.1,8.3,75,NORTH,0,4.8,1017.68,0,0,0,0,,
2021-10-10,04:30,13.1,8.9,75,NORTH,0,3.2,1017.54,0,0,0,0,,
2021-10-10,04:45,13.7,8.9,73,EAST,3.2,4.8,1017.61,0,0,0,0,,
2021-10-10,05:00,13.5,8.3,73,ENE,1.6,4.8,1017.44,0,0,0,0,,
2021-10-10,05:15,13.7,8.9,73,ENE,3.2,4.8,1017.68,0,0,0,0,,
2021-10-10,05:30,13.2,8.3,74,,8,6.4,1017.54,0,0,0,0,,
2021-10-10,05:45,13.4,8.9,75,NNW,4.8,9.7,1017.58,0,0,0,0,,
2021-10-10,06:00,13.7,8.9,74,NNW,4.8,17.7,1017.54,0,0,0,0,,
2021-10-10,06:15,13.4,8.9,75,NW,6.4,17.7,1017.64,0,0,0,0,,
2021-10-10,06:30,12.8,8.3,76,NNW,4.8,17.7,1017.85,0,0,0,0,,
2021-10-10,06:45,12.5,8.3,77,NNW,4.8,12.9,1017.71,0,0,0,0,,
2021-10-10,07:00,12.7,8.3,76,NNW,1.6,16.1,1017.54,0,0,0,0,,
2021-10-10,07:15,12.9,8.3,75,NW,9.7,14.5,1017.75,0,0,0,0,,
2021-10-10,07:30,13.1,8.3,73,NNW,12.9,17.7,1017.81,0,0,0,0,,
2021-10-10,07:45,13.3,8.3,72,NNW,22.5,24.1,1018.15,0,0,0,12,,
2021-10-10,08:00,13.5,7.8,70,NW,17.7,24.1,1018.02,0,0,0,33,,
2021-10-10,08:15,13.7,7.8,69,NW,12.9,20.9,1017.88,0,0,0,74,,
2021-10-10,08:30,13.7,7.8,69,WNW,12.9,17.7,1018.12,0,0,0,132,,
2021-10-10,08:45,13.9,7.8,68,NW,16.1,22.5,1018.29,0,0,0,200,,
2021-10-10,09:00,14.1,7.8,67,NW,16.1,29,1018.56,0,0,0,251,,
2021-10-10,09:15,14.3,7.8,65,NNW,22.5,29,1018.63,0,0,0,299,,
2021-10-10,09:30,14.7,7.2,63,NW,16.1,27.4,1018.86,0,0,1,343,,
2021-10-10,09:45,15.2,7.2,60,NW,16.1,20.9,1018.83,0,0,1,387,,
2021-10-10,10:00,15.7,6.1,54,NNW,20.9,25.7,1019.27,0,0,1,427,,
2021-10-10,10:15,16.1,6.1,52,NNW,17.7,29,1019.13,0,0,1,478,,
2021-10-10,10:30,16.6,6.7,52,NNW,14.5,24.1,1019.07,0,0,2,515,,
2021-10-10,10:45,16.9,6.7,52,WNW,12.9,22.5,1018.96,0,0,2,543,,
2021-10-10,11:00,17.1,6.7,50,WEST,19.3,25.7,1018.96,0,0,2,573,,
2021-10-10,11:15,17.5,6.1,48,NNW,16.1,32.2,1019.27,0,0,2,605,,
2021-10-10,11:30,17.9,6.7,47,NW,8,24.1,1019.2,0,0,3,633,,
2021-10-10,11:45,18.1,6.1,46,WNW,14.5,32.2,1019.3,0,0,3,656,,
2021-10-10,12:00,18.7,6.7,45,WNW,16.1,40.2,1019.37,0,0,3,673,,
2021-10-10,12:15,18.8,6.1,44,NNW,22.5,35.4,1019.3,0,0,3,687,,
2021-10-10,12:30,18.7,6.1,44,WNW,30.6,40.2,1019.34,0,0,3,700,,
2021-10-10,12:45,18.9,6.1,43,NW,19.3,35.4,1019.24,0,0,3,707,,
2021-10-10,13:00,18.9,5.6,42,NW,20.9,38.6,1019.17,0,0,3,714,,
2021-10-10,13:15,19.2,6.1,43,NW,12.9,33.8,1018.86,0,0,3,708,,
2021-10-10,13:30,19.6,6.1,42,NNW,25.7,27.4,1018.49,0,0,3,703,,
2021-10-10,13:45,19.8,6.7,42,NW,20.9,30.6,1018.52,0,0,3,694,,
2021-10-10,14:00,19.9,7.2,43,NW,25.7,38.6,1018.35,0,0,3,680,,
2021-10-10,14:15,19.8,7.2,44,WNW,17.7,40.2,1018.25,0,0,3,661,,
2021-10-10,14:30,19.7,8.9,49,WNW,14.5,35.4,1018.32,0,0,3,640,,
2021-10-10,14:45,20.1,7.8,45,WNW,25.7,41.8,1018.35,0,0,3,621,,
2021-10-10,15:00,20.8,5.6,37,WEST,19.3,32.2,1018.08,0,0,3,592,,
2021-10-10,15:15,20.5,7.2,42,WNW,22.5,32.2,1018.08,0,0,2,559,,
2021-10-10,15:30,20.2,8.3,47,WSW,8,51.5,1017.88,0,0,2,522,,
2021-10-10,15:45,19.8,7.8,47,WEST,38.6,43.5,1018.02,0,0,2,492,,
2021-10-10,16:00,19.5,8.3,49,WNW,25.7,56.3,1018.05,0,0,2,452,,
2021-10-10,16:15,19.2,8.9,51,WNW,29,48.3,1017.88,0,0,1,415,,
2021-10-10,16:30,19.1,8.9,52,WNW,37,49.9,1018.08,0,0,1,369,,
2021-10-10,16:45,18.8,8.3,52,WEST,22.5,51.5,1018.15,0,0,1,329,,
2021-10-10,17:00,18.8,8.9,53,ESE,29,46.7,1018.32,0,0,1,81,,
2021-10-10,17:15,18.8,8.9,52,WEST,40.2,45.1,1018.49,0,0,0,35,,
2021-10-10,17:30,18.8,8.9,53,WSW,29,40.2,1018.22,0,0,0,32,,
2021-10-10,17:45,18.6,8.9,53,NE,24.1,40.2,1018.35,0,0,0,30,,
2021-10-10,18:00,18.4,8.3,52,WEST,16.1,40.2,1018.35,0,0,0,28,,
2021-10-10,18:15,18.2,8.3,53,WEST,16.1,32.2,1018.46,0,0,0,21,,
2021-10-10,18:30,17.8,8.3,53,WNW,16.1,32.2,1018.52,0,0,0,16,,
2021-10-10,18:45,17.6,8.3,54,WEST,19.3,30.6,1018.83,0,0,0,9,,
2021-10-10,19:00,17.4,8.3,55,WEST,11.3,30.6,1018.83,0,0,0,0,,
2021-10-10,19:15,17.1,8.3,56,WNW,14.5,29,1018.8,0,0,0,0,,
2021-10-10,19:30,16.8,8.3,57,WNW,11.3,22.5,1019.2,0,0,0,0,,
2021-10-10,19:45,16.6,8.3,58,WNW,14.5,22.5,1019.13,0,0,0,0,,
2021-10-10,20:00,16.6,7.8,57,WNW,8,20.9,1019.3,0,0,0,0,,
2021-10-10,20:15,16.4,7.8,56,WEST,20.9,24.1,1019.57,0,0,0,0,,
2021-10-10,20:30,16.5,6.7,53,NNW,14.5,30.6,1019.88,0,0,0,0,,
2021-10-10,20:45,16.4,6.7,52,NW,16.1,27.4,1019.81,0,0,0,0,,
2021-10-10,21:00,16.2,6.1,52,NNW,12.9,20.9,1019.84,0,0,0,0,,
2021-10-10,21:15,16.1,6.1,52,WNW,8,20.9,1020.01,0,0,0,0,,
2021-10-10,21:30,15.6,6.1,54,NW,17.7,19.3,1020.12,0,0,0,0,,
2021-10-10,21:45,15.4,6.1,55,NNW,3.2,11.3,1020.29,0,0,0,0,,
2021-10-10,22:00,15.1,6.1,56,NW,3.2,16.1,1020.29,0,0,0,0,,
2021-10-10,22:15,14.8,6.7,58,NW,4.8,12.9,1020.32,0,0,0,0,,
2021-10-10,22:30,14.6,6.7,60,WNW,4.8,8,1020.62,0,0,0,0,,
2021-10-10,22:45,14.1,6.1,60,NORTH,0,4.8,1020.69,0,0,0,0,,
2021-10-10,23:00,14.2,6.7,61,NORTH,0,3.2,1020.73,0,0,0,0,,
2021-10-10,23:15,14.1,6.7,63,NW,1.6,4.8,1020.69,0,0,0,0,,
2021-10-10,23:30,14.2,7.2,64,NNW,6.4,6.4,1020.69,0,0,0,0,,
2021-10-10,23:45,14.1,7.2,65,NORTH,0,9.7,1020.73,0,0,0,0,,
2021-10-10,OVR,,,,,,,,,,,,gustmax,56.3
2021-10-10,OVR,,,,,,,,,,,,rainrate_max,0
2021-10-10,OVR,,,,,,,,,,,,rain_total_mm,0
2021-10-10,OVR,,,,,,,,,,,,tmax,20.9
2021-10-10,OVR,,,,,,,,,,,,tmin,12.5
2021-10-10,OVR,,,,,,,,,,,,wind_dir_mean_deg,323.2
2021-10-11,00:00,13.8,7.8,67,NORTH,0,3.2,1020.56,0,0,0,0,,
2021-10-11,00:15,13.5,7.8,69,NW,3.2,4.8,1020.59,0,0,0,0,,
2021-10-11,00:30,13.7,7.8,69,NORTH,0,4.8,1020.45,0,0,0,0,,
2021-10-11,00:45,12.9,7.8,71,NORTH,0,1.6,1020.49,0,0,0,0,,
2021-10-11,01:00,13.4,8.3,71,NW,1.6,4.8,1020.29,0,0,0,0,,
2021-10-11,01:15,13.8,8.3,69,WNW,8,9.7,1020.32,0,0,0,0,,
2021-10-11,01:30,13.9,8.3,70,NNE,4.8,9.7,1020.22,0,0,0,0,,
2021-10-11,01:45,13.5,8.3,71,NNW,1.6,4.8,1020.15,0,0,0,0,,
2021-10-11,02:00,13.1,7.8,71,NORTH,0,6.4,1020.15,0,0,0,0,,
2021-10-11,02:15,13.1,7.8,72,,1.6,3.2,1020.05,0,0,0,0,,
2021-10-11,02:30,13.4,8.3,71,NNW,3.2,6.4,1019.91,0,0,0,0,,
2021-10-11,02:45,13.3,7.8,70,NNW,4.8,4.8,1019.81,0,0,0,0,,
2021-10-11,03:00,13.4,7.8,70,NNW,3.2,4.8,1019.78,0,0,0,0,,
2021-10-11,03:15,13.2,7.8,70,NNW,1.6,4.8,1019.78,0,0,0,0,,
2021-10-11,03:30,12.8,7.8,72,,6.4,6.4,1019.88,0,0,0,0,,
2021-10-11,03:45,12.7,7.8,73,NNW,6.4,8,1019.64,0,0,0,0,,
2021-10-11,04:00,12.7,7.8,74,NNW,3.2,8,1019.71,0,0,0,0,,
2021-10-11,04:15,13.3,8.3,73,NNW,6.4,12.9,1019.64,0,0,0,0,,
2021-10-11,04:30,13.1,8.3,74,NW,4.8,8,1019.57,0,0,0,0,,
2021-10-11,04:45,12.8,8.3,74,NNW,3.2,6.4,1019.47,0,0,0,0,,
2021-10-11,05:00,12.4,7.8,75,NNW,1.6,4.8,1019.34,0,0,0,0,,
2021-10-11,05:15,12.8,8.3,75,NNW,1.6,6.4,1019.13,0,0,0,0,,
2021-10-11,05:30,13,8.3,75,NORTH,0,1.6,1019,0,0,0,0,,
2021-10-11,05:45,12.1,7.8,77,NNW,1.6,3.2,1018.96,0,0,0,0,,
2021-10-11,06:00,11.7,7.8,79,NORTH,0,3.2,1018.86,0,0,0,0,,
2021-10-11,06:15,12.1,8.3,78,NORTH,0,1.6,1018.96,0,0,0,0,,
2021-10-11,06:30,12.3,8.3,79,NNE,1.6,1.6,1019.2,0,0,0,0,,
2021-10-11,06:45,12.1,8.3,80,NE,3.2,4.8,1019.1,0,0,0,0,,
2021-10-11,07:00,12.2,8.3,79,NE,3.2,3.2,1018.9,0,0,0,0,,
2021-10-11,07:15,12.4,8.9,79,NORTH,0,4.8,1019,0,0,0,0,,
2021-10-11,07:30,11.8,8.3,81,ENE,3.2,4.8,1019.17,0,0,0,0,,
2021-10-11,07:45,12.1,8.9,82,ENE,3.2,4.8,1019.17,0,0,0,12,,
2021-10-11,08:00,12.1,8.9,81,ENE,1.6,4.8,1019.37,0,0,0,25,,
2021-10-11,08:15,12.4,8.9,80,ENE,3.2,6.4,1019.3,0,0,0,72,,
2021-10-11,08:30,12.9,8.9,79,ENE,1.6,4.8,1019.2,0,0,0,116,,
2021-10-11,08:45,14.3,9.4,74,NORTH,0,3.2,1019.34,0,0,0,181,,
2021-10-11,09:00,14.9,10,73,NORTH,0,0,1019.47,0,0,0,91,,
2021-10-11,09:15,15,10,73,NORTH,0,0,1019.57,0,0,0,111,,
2021-10-11,09:30,15.3,10.6,73,ENE,1.6,3.2,1019.68,0,0,1,341,,
2021-10-11,09:45,15.3,10,72,NORTH,0,3.2,1019.74,0,0,1,151,,
2021-10-11,10:00,16.1,10.6,70,NORTH,0,3.2,1019.71,0,0,1,501,,
2021-10-11,10:15,16.5,10.6,69,NNW,4.8,6.4,1019.74,0,0,1,459,,
2021-10-11,10:30,17.2,11.7,70,WEST,4.8,14.5,1019.91,0,0,2,487,,
2021-10-11,10:45,17.6,11.7,69,WNW,12.9,20.9,1019.98,0,0,2,510,,
2021-10-11,11:00,17.8,12.2,71,WEST,17.7,20.9,1019.98,0,0,2,561,,
2021-10-11,11:15,17.9,11.7,67,WNW,14.5,33.8,1020.01,0,0,2,606,,
2021-10-11,11:30,18,11.1,65,NW,6.4,27.4,1019.91,0,0,2,366,,
2021-10-11,11:45,18.6,11.7,65,WNW,16.1,32.2,1020.01,0,0,3,835,,
2021-10-11,12:00,18.6,11.1,63,WNW,19.3,32.2,1020.05,0,0,2,325,,
2021-10-11,12:15,18.8,11.7,63,WNW,19.3,27.4,1019.84,0,0,2,821,,
2021-10-11,12:30,19.3,11.1,60,WNW,8,29,1019.98,0,0,2,782,,
2021-10-11,12:45,19.1,10.6,59,WNW,17.7,38.6,1020.01,0,0,2,216,,
2021-10-11,13:00,19.3,11.1,59,WEST,20.9,29,1019.88,0,0,3,744,,
2021-10-11,13:15,19.5,11.1,59,WEST,24.1,30.6,1019.68,0,0,3,747,,
2021-10-11,13:30,20.2,11.1,57,WEST,20.9,30.6,1019.24,0,0,3,858,,
2021-10-11,13:45,19.6,11.1,58,WNW,17.7,32.2,1019.3,0,0,3,788,,
2021-10-11,14:00,19.4,10.6,58,WNW,17.7,43.5,1019.03,0,0,3,664,,
2021-10-11,14:15,19.9,11.1,58,SW,17.7,33.8,1018.93,0,0,3,657,,
2021-10-11,14:30,20.1,10.6,55,WEST,29,45.1,1018.66,0,0,3,638,,
2021-10-11,14:45,20.1,10,54,WEST,35.4,41.8,1018.66,0,0,3,619,,
2021-10-11,15:00,20.1,10.6,55,WEST,32.2,43.5,1018.59,0,0,3,582,,
2021-10-11,15:15,19.9,10.6,56,WNW,17.7,46.7,1018.76,0,0,2,555,,
2021-10-11,15:30,19.8,11.7,59,WNW,19.3,43.5,1018.52,0,0,2,520,,
2021-10-11,15:45,20,11.7,59,WNW,17.7,41.8,1018.63,0,0,2,487,,
2021-10-11,16:00,19.8,10.6,56,WNW,17.7,38.6,1018.46,0,0,2,448,,
2021-10-11,16:15,19.4,11.1,59,WEST,14.5,46.7,1018.42,0,0,1,408,,
2021-10-11,16:30,19.3,11.1,59,WEST,24.1,46.7,1018.46,0,0,1,366,,
2021-10-11,16:45,19.1,11.1,59,WNW,25.7,41.8,1018.46,0,0,1,323,,
2021-10-11,17:00,19.1,10.6,59,WNW,19.3,32.2,1018.46,0,0,1,120,,
2021-10-11,17:15,18.9,11.1,61,WEST,22.5,43.5,1018.52,0,0,0,91,,
2021-10-11,17:30,18.8,11.1,62,WNW,19.3,37,1018.56,0,0,0,84,,
2021-10-11,17:45,18.5,11.1,63,WEST,22.5,29,1018.49,0,0,0,42,,
2021-10-11,18:00,18.2,11.1,65,WEST,27.4,30.6,1018.49,0,0,0,56,,
2021-10-11,18:15,18,11.7,67,WNW,11.3,30.6,1018.32,0,0,0,47,,
2021-10-11,18:30,17.8,11.7,68,NE,17.7,29,1018.29,0,0,0,26,,
2021-10-11,18:45,17.4,11.7,70,WEST,16.1,29,1018.46,0,0,0,11,,
2021-10-11,19:00,17.2,12.2,72,WNW,17.7,27.4,1018.56,0,0,0,0,,
2021-10-11,19:15,17,12.2,73,WEST,22.5,25.7,1018.76,0,0,0,0,,
2021-10-11,19:30,16.7,12.2,75,WNW,14.5,20.9,1018.52,0,0,0,0,,
2021-10-11,19:45,16.4,12.2,77,WEST,4.8,19.3,1018.86,0,0,0,0,,
2021-10-11,20:00,16.1,12.2,78,WEST,12.9,12.9,1019.03,0,0,0,0,,
2021-10-11,20:15,16,12.2,79,WEST,9.7,16.1,1019.3,0,0,0,0,,
2021-10-11,20:30,15.9,12.2,79,WEST,6.4,14.5,1019.34,0,0,0,0,,
2021-10-11,20:45,15.8,12.2,79,WEST,3.2,12.9,1019.44,0,0,0,0,,
2021-10-11,21:00,15.8,12.2,79,WEST,4.8,12.9,1019.37,0,0,0,0,,
2021-10-11,21:15,15.1,11.7,81,NORTH,0,9.7,1019.47,0,0,0,0,,
2021-10-11,21:30,15.3,12.2,82,WNW,3.2,14.5,1019.54,0,0,0,0,,
2021-10-11,21:45,14.9,11.7,83,WNW,1.6,4.8,1019.78,0,0,0,0,,
2021-10-11,22:00,14.7,11.7,84,NORTH,0,3.2,1019.57,0,0,0,0,,
2021-10-11,22:15,14.4,11.7,84,NORTH,0,1.6,1019.44,0,0,0,0,,
2021-10-11,22:30,14.5,11.7,85,WEST,1.6,3.2,1019.34,0,0,0,0,,
2021-10-11,22:45,14.3,11.7,87,WEST,1.6,3.2,1019.47,0,0,0,0,,
2021-10-11,23:00,14.1,11.7,86,NORTH,0,1.6,1019.44,0,0,0,0,,
2021-10-11,23:15,13.6,11.7,88,WEST,3.2,3.2,1019.47,0,0,0,0,,
2021-10-11,23:30,13.7,11.1,87,WSW,1.6,4.8,1019.37,0,0,0,0,,
2021-10-11,23:45,13.5,11.1,88,SE,1.6,4.8,1019.44,0,0,0,0,,
2021-10-11,OVR,,,,,,,,,,,,gustmax,48.3
2021-10-11,OVR,,,,,,,,,,,,rainrate_max,0
2021-10-11,OVR,,,,,,,,,,,,rain_total_mm,0
2021-10-11,OVR,,,,,,,,,,,,tmax,20.3
2021-10-11,OVR,,,,,,,,,,,,tmin,11.5
2021-10-11,OVR,,,,,,,,,,,,wind_dir_mean_deg,315.1
2021-10-12,00:00,13.4,11.1,88,SE,1.6,4.8,1019.47,0,0,0,0,,
2021-10-12,00:15,13.2,11.1,88,SE,1.6,3.2,1019.44,0,0,0,0,,
2021-10-12,00:30,13.3,11.1,89,SE,1.6,3.2,1019.4,0,0,0,0,,
2021-10-12,00:45,13.2,11.1,88,SE,1.6,3.2,1019.54,0,0,0,0,,
2021-10-12,01:00,13.3,11.1,89,SE,1.6,4.8,1019.51,0,0,0,0,,
2021-10-12,01:15,13.1,11.1,89,SE,3.2,4.8,1019.37,0,0,0,0,,
2021-10-12,01:30,13,11.1,89,SE,1.6,3.2,1019.37,0,0,0,0,,
2021-10-12,01:45,13,11.1,89,SE,1.6,3.2,1019.34,0,0,0,0,,
2021-10-12,02:00,12.7,10.6,88,SE,1.6,3.2,1019.1,0,0,0,0,,
2021-10-12,02:15,12.9,10.6,88,SE,1.6,3.2,1019.13,0,0,0,0,,
2021-10-12,02:30,13.2,11.1,90,ESE,3.2,4.8,1019.03,0,0,0,0,,
2021-10-12,02:45,13.6,11.1,87,ESE,1.6,4.8,1018.86,0,0,0,0,,
2021-10-12,03:00,12.5,10.6,89,ESE,3.2,3.2,1018.73,0,0,0,0,,
2021-10-12,03:15,12.9,10.6,87,ESE,3.2,6.4,1018.73,0,0,0,0,,
2021-10-12,03:30,12.3,10,86,NORTH,0,3.2,1018.49,0,0,0,0,,
2021-10-12,03:45,11.8,8.9,85,ESE,1.6,3.2,1018.56,0,0,0,0,,
2021-10-12,04:00,12.1,10,87,ESE,1.6,4.8,1018.46,0,0,0,0,,
2021-10-12,04:15,12.4,10,86,ESE,1.6,3.2,1018.35,0,0,0,0,,
2021-10-12,04:30,12.6,10,85,ESE,1.6,3.2,1018.29,0,0,0,0,,
2021-10-12,04:45,12.6,10,85,ESE,3.2,3.2,1018.22,0,0,0,0,,
2021-10-12,05:00,12.2,9.4,85,ESE,3.2,4.8,1018.12,0,0,0,0,,
2021-10-12,05:15,12.3,10,86,ESE,3.2,4.8,1018.08,0,0,0,0,,
2021-10-12,05:30,12.1,9.4,86,ESE,1.6,3.2,1017.95,0,0,0,0,,
2021-10-12,05:45,11.8,9.4,88,ESE,3.2,3.2,1017.81,0,0,0,0,,
2021-10-12,06:00,12.1,10,87,ESE,3.2,3.2,1017.44,0,0,0,0,,
2021-10-12,06:15,11.8,9.4,86,ESE,1.6,3.2,1017.44,0,0,0,0,,
2021-10-12,06:30,11.6,8.9,85,ESE,1.6,4.8,1017.37,0,0,0,0,,
2021-10-12,06:45,11.4,8.9,86,ESE,1.6,3.2,1017.17,0,0,0,0,,
2021-10-12,07:00,11.8,8.9,84,ESE,3.2,4.8,1017.24,0,0,0,0,,
2021-10-12,07:15,11.7,8.9,84,ESE,1.6,3.2,1017.27,0,0,0,0,,
2021-10-12,07:30,11.7,8.9,83,ESE,3.2,4.8,1017.2,0,0,0,0,,
2021-10-12,07:45,11.6,8.9,84,ESE,3.2,3.2,1017.2,0,0,0,9,,
2021-10-12,08:00,12.1,9.4,83,ESE,1.6,4.8,1017.03,0,0,0,23,,
2021-10-12,08:15,12.5,9.4,82,ESE,3.2,4.8,1017.14,0,0,0,72,,
2021-10-12,08:30,12.8,9.4,81,ESE,1.6,3.2,1017.34,0,0,0,125,,
2021-10-12,08:45,14.1,10,78,NORTH,0,3.2,1017.54,0,0,0,192,,
2021-10-12,09:00,14.8,10.6,77,NORTH,0,1.6,1017.61,0,0,0,248,,
2021-10-12,09:15,15.1,10.6,74,NORTH,0,1.6,1017.68,0,0,1,292,,
2021-10-12,09:30,15.6,10.6,72,ESE,1.6,3.2,1017.78,0,0,1,338,,
2021-10-12,09:45,15.9,10.6,71,WEST,1.6,4.8,1017.81,0,0,1,380,,
2021-10-12,10:00,16.3,10.6,69,NORTH,0,4.8,1017.75,0,0,1,422,,
2021-10-12,10:15,16.6,10.6,68,SSE,1.6,8,1017.68,0,0,2,461,,
2021-10-12,10:30,16.7,10,66,WNW,3.2,12.9,1017.71,0,0,2,499,,
2021-10-12,10:45,17.1,10.6,66,WEST,4.8,9.7,1017.85,0,0,2,534,,
2021-10-12,11:00,17.6,10.6,64,WNW,1.6,14.5,1017.54,0,0,2,566,,
2021-10-12,11:15,17.7,11.1,66,SSW,1.6,16.1,1017.61,0,0,3,594,,
2021-10-12,11:30,17.8,11.1,65,NW,4.8,12.9,1017.41,0,0,3,619,,
2021-10-12,11:45,17.9,10.6,63,WNW,6.4,17.7,1017.14,0,0,3,640,,
2021-10-12,12:00,18.6,10.6,61,ESE,1.6,17.7,1016.97,0,0,3,661,,
2021-10-12,12:15,18.9,10.6,60,WEST,4.8,19.3,1016.73,0,0,3,673,,
2021-10-12,12:30,19.6,10,55,SSW,1.6,16.1,1016.53,0,0,3,682,,
2021-10-12,12:45,19.4,11.1,59,WNW,16.1,20.9,1016.29,0,0,3,687,,
2021-10-12,13:00,19.5,10.6,57,WEST,3.2,22.5,1016.05,0,0,3,689,,
2021-10-12,13:15,19.9,11.1,56,WEST,9.7,22.5,1015.78,0,0,3,696,,
2021-10-12,13:30,19.6,11.1,59,WNW,16.1,33.8,1015.51,0,0,3,710,,
2021-10-12,13:45,20.2,11.7,59,WEST,16.1,30.6,1015.58,0,0,3,789,,
2021-10-12,14:00,20.2,12.2,60,WNW,11.3,25.7,1015.41,0,0,3,805,,
2021-10-12,14:15,19.7,12.2,61,WNW,6.4,24.1,1015.1,0,0,3,468,,
2021-10-12,14:30,20.1,12.2,61,WEST,12.9,32.2,1014.93,0,0,3,659,,
2021-10-12,14:45,19.9,12.2,61,WSW,11.3,25.7,1014.87,0,0,3,707,,
2021-10-12,15:00,19.8,11.7,60,WEST,4.8,27.4,1014.56,0,0,2,246,,
2021-10-12,15:15,20.4,11.7,59,WEST,12.9,25.7,1014.39,0,0,2,594,,
2021-10-12,15:30,20,11.7,59,WNW,14.5,24.1,1014.39,0,0,1,589,,
2021-10-12,15:45,19.8,11.7,59,WEST,19.3,30.6,1014.16,0,0,2,513,,
2021-10-12,16:00,19.9,11.7,59,WNW,14.5,32.2,1013.85,0,0,2,524,,
2021-10-12,16:15,19.5,11.7,61,WEST,16.1,32.2,1013.88,0,0,1,276,,
2021-10-12,16:30,20.1,11.1,58,WEST,19.3,27.4,1013.58,0,0,1,373,,
2021-10-12,16:45,19.7,10.6,56,WNW,1.6,24.1,1013.61,0,0,0,62,,
2021-10-12,17:00,19.4,11.7,62,WEST,20.9,27.4,1013.75,0,0,0,47,,
2021-10-12,17:15,18.7,13.3,71,WNW,25.7,38.6,1013.95,0,0,0,91,,
2021-10-12,17:30,18.4,12.8,72,WNW,17.7,43.5,1013.99,0,0,0,79,,
2021-10-12,17:45,18.4,12.8,71,WEST,19.3,27.4,1013.82,0,0,0,54,,
2021-10-12,18:00,18,12.8,72,WEST,14.5,35.4,1013.85,0,0,0,56,,
2021-10-12,18:15,17.7,12.2,72,WNW,30.6,32.2,1013.75,0,0,0,16,,
2021-10-12,18:30,17.3,12.2,73,WEST,12.9,27.4,1013.58,0,0,0,12,,
2021-10-12,18:45,16.9,12.2,74,WEST,11.3,29,1013.61,0,0,0,0,,
2021-10-12,19:00,16.7,11.7,74,WEST,11.3,19.3,1013.61,0,0,0,0,,
2021-10-12,19:15,16.3,11.7,74,WNW,9.7,17.7,1013.72,0,0,0,0,,
2021-10-12,19:30,16.1,11.1,75,WEST,6.4,19.3,1013.68,0,0,0,0,,
2021-10-12,19:45,15.7,11.1,76,WNW,4.8,14.5,1013.95,0,0,0,0,,
2021-10-12,20:00,15.3,11.1,77,WEST,6.4,17.7,1013.82,0,0,0,0,,
2021-10-12,20:15,15.3,11.1,78,WEST,6.4,12.9,1014.09,0,0,0,0,,
2021-10-12,20:30,15.3,11.1,78,WNW,8,12.9,1013.99,0,0,0,0,,
2021-10-12,20:45,15.2,11.1,77,WNW,4.8,14.5,1013.92,0,0,0,0,,
2021-10-12,21:00,15.1,11.1,77,WEST,9.7,16.1,1013.75,0,0,0,0,,
2021-10-12,21:15,15.1,11.1,77,WEST,1.6,12.9,1013.88,0,0,0,0,,
2021-10-12,21:30,14.7,10.6,78,NORTH,0,4.8,1013.95,0,0,0,0,,
2021-10-12,21:45,15.2,11.1,77,NORTH,0,6.4,1014.02,0,0,0,0,,
2021-10-12,22:00,15.7,11.1,76,WEST,4.8,9.7,1014.05,0,0,0,0,,
2021-10-12,22:15,15.9,11.1,75,WEST,1.6,14.5,1014.12,0,0,0,0,,
2021-10-12,22:30,15.8,11.1,76,WNW,6.4,11.3,1013.99,0,0,0,0,,
2021-10-12,22:45,15.3,11.1,77,NORTH,0,4.8,1013.95,0,0,0,0,,
2021-10-12,23:00,15.4,11.1,77,WNW,4.8,6.4,1013.92,0,0,0,0,,
2021-10-12,23:15,15.5,11.1,77,WNW,3.2,4.8,1013.68,0,0,0,0,,
2021-10-12,23:30,15.4,11.1,77,NORTH,0,3.2,1013.61,0,0,0,0,,
2021-10-12,23:45,15.1,11.1,78,NORTH,0,1.6,1013.58,0,0,0,0,,
2021-10-12,OVR,,,,,,,,,,,,gustmax,43.5
2021-10-12,OVR,,,,,,,,,,,,rainrate_max,0
2021-10-12,OVR,,,,,,,,,,,,rain_total_mm,0
2021-10-12,OVR,,,,,,,,,,,,tmax,20.4
2021-10-12,OVR,,,,,,,,,,,,tmin,11.4
2021-10-12,OVR,,,,,,,,,,,,wind_dir_mean_deg,262.8
2021-10-13,00:00,15.3,11.1,78,NORTH,0,3.2,1013.34,0,0,0,0,,
2021-10-13,00:15,15,11.1,78,WNW,1.6,1.6,1013.21,0,0,0,0,,
2021-10-13,00:30,14.9,11.1,79,NORTH,0,3.2,1013.17,0,0,0,0,,
2021-10-13,00:45,14.8,11.1,79,NORTH,0,0,1013,0,0,0,0,,
2021-10-13,01:00,14.7,11.1,79,NORTH,0,0,1013.17,0,0,0,0,,
2021-10-13,01:15,14.8,11.1,79,NORTH,0,0,1012.97,0,0,0,0,,
2021-10-13,01:30,14.8,11.1,79,NORTH,0,0,1012.87,0,0,0,0,,
2021-10-13,01:45,14.9,11.1,79,NORTH,0,0,1012.94,0,0,0,0,,
2021-10-13,02:00,15.1,11.1,79,NORTH,0,0,1012.87,0,0,0,0,,
2021-10-13,02:15,15,11.1,78,NORTH,0,4.8,1012.67,0,0,0,0,,
2021-10-13,02:30,15.2,11.1,78,NORTH,0,3.2,1012.6,0,0,0,0,,
2021-10-13,02:45,14.8,11.1,79,SSE,1.6,3.2,1012.46,0,0,0,0,,
2021-10-13,03:00,14.7,11.1,79,NORTH,0,1.6,1012.33,0,0,0,0,,
2021-10-13,03:15,14.6,11.1,80,SE,1.6,3.2,1012.29,0,0,0,0,,
2021-10-13,03:30,14.5,11.1,80,SE,1.6,4.8,1011.99,0,0,0,0,,
2021-10-13,03:45,14.2,10.6,80,SE,3.2,3.2,1011.92,0,0,0,0,,
2021-10-13,04:00,13.9,10.6,81,SE,3.2,4.8,1011.72,0,0,0,0,,
2021-10-13,04:15,13.9,10.6,81,EAST,3.2,6.4,1011.82,0,0,0,0,,
2021-10-13,04:30,13.8,10.6,83,ESE,3.2,6.4,1011.68,0,0,0,0,,
2021-10-13,04:45,14.6,11.1,80,ESE,3.2,9.7,1011.68,0,0,0,0,,
2021-10-13,05:00,14.6,11.1,80,ESE,6.4,11.3,1011.41,0,0,0,0,,
2021-10-13,05:15,14.4,10.6,80,ESE,12.9,16.1,1011.18,0,0,0,0,,
2021-10-13,05:30,14.4,11.1,80,ESE,9.7,16.1,1011.24,0,0,0,0,,
2021-10-13,05:45,14.2,11.1,83,NW,1.6,11.3,1011.24,0,0,0,0,,
2021-10-13,06:00,14.3,11.1,82,ESE,6.4,9.7,1011.07,0,0,0,0,,
2021-10-13,06:15,14.3,11.1,81,ESE,6.4,9.7,1011.11,0,0,0,0,,
2021-10-13,06:30,14.3,11.1,81,ESE,4.8,9.7,1011.14,0,0,0,0,,
2021-10-13,06:45,14.5,11.1,80,EAST,12.9,12.9,1010.8,0,0,0,0,,
2021-10-13,07:00,14.4,11.1,81,EAST,6.4,14.5,1010.9,0,0,0,0,,
2021-10-13,07:15,14.3,11.1,81,ESE,4.8,11.3,1011.07,0,0,0,0,,
2021-10-13,07:30,14.1,11.1,83,ESE,1.6,6.4,1011.14,0,0,0,0,,
2021-10-13,07:45,14.2,11.1,82,ESE,1.6,4.8,1011.18,0,0,0,0,,
2021-10-13,08:00,14.3,11.1,82,ESE,3.2,4.8,1011.24,0,0,0,11,,
2021-10-13,08:15,14.3,11.1,82,NORTH,0,4.8,1011.28,0,0,0,21,,
2021-10-13,08:30,13.9,11.1,83,ESE,1.6,3.2,1011.62,0,0,0,60,,
2021-10-13,08:45,14.4,11.1,82,ESE,3.2,4.8,1011.79,0,0,0,51,,
2021-10-13,09:00,14.8,11.7,82,ENE,6.4,16.1,1012.16,0,0,0,181,,
2021-10-13,09:15,14.6,11.7,83,EAST,9.7,12.9,1012.43,0,0,0,69,,
2021-10-13,09:30,15.2,11.7,80,ENE,4.8,11.3,1012.36,0,0,0,213,,
2021-10-13,09:45,15.7,11.7,78,ENE,3.2,14.5,1012.43,0,0,0,113,,
2021-10-13,10:00,15.9,11.7,76,EAST,1.6,14.5,1012.5,0,0,1,137,,
2021-10-13,10:15,16.4,11.7,73,EAST,4.8,11.3,1012.5,0,0,1,169,,
2021-10-13,10:30,17.4,11.7,69,ENE,8,12.9,1012.7,0,0,1,580,,
2021-10-13,10:45,17.2,11.1,67,NNE,3.2,11.3,1012.67,0,0,2,343,,
2021-10-13,11:00,17.7,11.1,65,NE,3.2,9.7,1012.67,0,0,2,285,,
2021-10-13,11:15,18.3,10,59,EAST,3.2,12.9,1012.5,0,0,2,587,,
2021-10-13,11:30,19,10.6,58,EAST,9.7,12.9,1012.53,0,0,2,598,,
2021-10-13,11:45,19,10.6,58,SE,11.3,12.9,1012.5,0,0,3,619,,
2021-10-13,12:00,19.8,10,54,NNW,8,12.9,1012.46,0,0,3,684,,
2021-10-13,12:15,20,10,53,NW,4.8,12.9,1012.46,0,0,3,796,,
2021-10-13,12:30,20.4,10,51,NW,3.2,12.9,1012.6,0,0,3,911,,
2021-10-13,12:45,19.7,9.4,52,ESE,4.8,12.9,1012.7,0,0,1,200,,
2021-10-13,13:00,19.6,9.4,52,NE,1.6,8,1012.53,0,0,2,253,,
2021-10-13,13:15,19.7,9.4,53,SE,4.8,9.7,1012.29,0,0,2,278,,
2021-10-13,13:30,20.2,10,51,EAST,4.8,8,1012.29,0,0,2,281,,
2021-10-13,13:45,20,8.9,50,ENE,1.6,12.9,1012.33,0,0,2,276,,
2021-10-13,14:00,19.7,9.4,51,EAST,14.5,24.1,1012.43,0,0,2,202,,
2021-10-13,14:15,20.1,10,53,EAST,16.1,22.5,1012.6,0,0,2,357,,
2021-10-13,14:30,20.1,10,52,NE,8,25.7,1012.33,0,0,1,285,,
2021-10-13,14:45,19.4,8.9,52,ENE,8,22.5,1012.43,0,0,0,63,,
2021-10-13,15:00,19.1,8.9,52,EAST,17.7,19.3,1012.43,0,0,0,44,,
2021-10-13,15:15,18.8,8.9,52,ENE,9.7,17.7,1012.53,0,0,0,77,,
2021-10-13,15:30,18.7,8.9,54,EAST,11.3,14.5,1012.53,0,0,0,83,,
2021-10-13,15:45,18.4,8.9,55,EAST,3.2,11.3,1012.53,0,0,1,132,,
2021-10-13,16:00,18.7,9.4,55,EAST,3.2,11.3,1012.46,0,0,1,185,,
2021-10-13,16:15,18.8,9.4,55,ESE,11.3,14.5,1012.63,0,0,1,179,,
2021-10-13,16:30,19,10,56,ENE,6.4,14.5,1013.07,0,0,1,193,,
2021-10-13,16:45,18.6,9.4,57,SE,14.5,12.9,1013.28,0,0,0,91,,
2021-10-13,17:00,18.2,9.4,57,SE,12.9,16.1,1013.34,0,0,0,84,,
2021-10-13,17:15,17.9,9.4,59,EAST,9.7,17.7,1013.31,0,0,0,95,,
2021-10-13,17:30,18.3,10,59,SSE,6.4,16.1,1013.61,0,0,0,54,,
2021-10-13,17:45,17.8,10.6,63,ESE,3.2,17.7,1013.65,0,0,0,30,,
2021-10-13,18:00,17.5,10.6,63,ESE,6.4,12.9,1013.82,0,0,0,30,,
2021-10-13,18:15,17.1,9.4,62,ESE,9.7,16.1,1013.68,0,0,0,18,,
2021-10-13,18:30,16.7,9.4,64,ESE,4.8,14.5,1014.19,0,0,0,11,,
2021-10-13,18:45,16.5,9.4,63,ESE,6.4,12.9,1014.29,0,0,0,0,,
2021-10-13,19:00,16.2,9.4,64,SE,6.4,11.3,1014.53,0,0,0,0,,
2021-10-13,19:15,15.3,8.9,67,SE,4.8,8,1014.73,0,0,0,0,,
2021-10-13,19:30,14.6,8.9,69,SE,4.8,6.4,1015.34,0,0,0,0,,
2021-10-13,19:45,15.4,8.9,66,SE,4.8,8,1015.34,0,0,0,0,,
2021-10-13,20:00,15.1,8.3,64,SE,4.8,11.3,1015.54,0,0,0,0,,
2021-10-13,20:15,14.4,7.8,64,SE,1.6,8,1015.68,0,0,0,0,,
2021-10-13,20:30,14.7,7.2,61,SE,1.6,4.8,1015.88,0,0,0,0,,
2021-10-13,20:45,14.1,7.2,65,NORTH,0,3.2,1016.09,0,0,0,0,,
2021-10-13,21:00,13.7,7.8,68,NORTH,0,3.2,1016.05,0,0,0,0,,
2021-10-13,21:15,14.2,8.3,68,NORTH,0,3.2,1016.42,0,0,0,0,,
2021-10-13,21:30,14.2,8.9,71,NORTH,0,3.2,1016.49,0,0,0,0,,
2021-10-13,21:45,13.6,8.9,74,NW,1.6,3.2,1016.86,0,0,0,0,,
2021-10-13,22:00,13.2,8.9,76,NNE,1.6,4.8,1016.93,0,0,0,0,,
2021-10-13,22:15,14.2,8.3,68,NORTH,0,4.8,1017.1,0,0,0,0,,
2021-10-13,22:30,13.9,7.2,65,NORTH,0,3.2,1017.2,0,0,0,0,,
2021-10-13,22:45,13.8,6.1,61,NNW,3.2,4.8,1017.31,0,0,0,0,,
2021-10-13,23:00,13.6,5.6,59,ENE,6.4,11.3,1017.27,0,0,0,0,,
2021-10-13,23:15,14.4,5.6,55,NORTH,4.8,11.3,1017.44,0,0,0,0,,
2021-10-13,23:30,13.7,5,57,NE,3.2,6.4,1017.61,0,0,0,0,,
2021-10-13,23:45,13.7,5,56,EAST,3.2,6.4,1017.61,0,0,0,0,,
2021-10-13,OVR,,,,,,,,,,,,gustmax,25.7
2021-10-13,OVR,,,,,,,,,,,,rainrate_max,0
2021-10-13,OVR,,,,,,,,,,,,rain_total_mm,0
2021-10-13,OVR,,,,,,,,,,,,tmax,20.5
2021-10-13,OVR,,,,,,,,,,,,tmin,12.4
2021-10-13,OVR,,,,,,,,,,,,wind_dir_mean_deg,78
2021-10-14,00:00,12.4,4.4,59,EAST,3.2,4.8,1017.61,0,0,0,0,,
2021-10-14,00:15,12.6,5,60,EAST,3.2,4.8,1017.54,0,0,0,0,,
2021-10-14,00:30,12.8,5,59,EAST,3.2,3.2,1017.51,0,0,0,0,,
2021-10-14,00:45,12.2,5,62,NORTH,0,3.2,1017.34,0,0,0,0,,
2021-10-14,01:00,11.3,5,65,EAST,3.2,4.8,1017.37,0,0,0,0,,
2021-10-14,01:15,11.5,5,65,EAST,1.6,4.8,1017.61,0,0,0,0,,
2021-10-14,01:30,12.1,4.4,61,NORTH,0,3.2,1017.51,0,0,0,0,,
2021-10-14,01:45,11.6,4.4,63,EAST,3.2,4.8,1017.68,0,0,0,0,,
2021-10-14,02:00,11.8,4.4,62,EAST,1.6,3.2,1017.81,0,0,0,0,,
2021-10-14,02:15,11.3,4.4,63,NORTH,0,3.2,1017.71,0,0,0,0,,
2021-10-14,02:30,11.3,4.4,64,NW,4.8,4.8,1017.78,0,0,0,0,,
2021-10-14,02:45,11.1,4.4,64,EAST,3.2,6.4,1017.78,0,0,0,0,,
2021-10-14,03:00,11.3,3.9,61,ENE,6.4,8,1017.61,0,0,0,0,,
2021-10-14,03:15,12.6,3.9,55,NORTH,0,6.4,1017.78,0,0,0,0,,
2021-10-14,03:30,11.2,3.9,61,NORTH,0,4.8,1017.75,0,0,0,0,,
2021-10-14,03:45,11.1,3.9,61,ESE,1.6,9.7,1017.54,0,0,0,0,,
2021-10-14,04:00,11.3,3.9,62,NNE,3.2,6.4,1017.68,0,0,0,0,,
2021-10-14,04:15,11.5,3.9,61,NNW,1.6,6.4,1017.64,0,0,0,0,,
2021-10-14,04:30,12.2,5,63,,14.5,19.3,1017.68,0,0,0,0,,
2021-10-14,04:45,12.8,5.6,62,NNW,14.5,22.5,1017.71,0,0,0,0,,
2021-10-14,05:00,12.9,5.6,62,NORTH,6.4,22.5,1017.81,0,0,0,0,,
2021-10-14,05:15,13.2,6.1,62,NW,19.3,24.1,1017.95,0,0,0,0,,
2021-10-14,05:30,13.6,6.1,60,NW,11.3,24.1,1018.02,0,0,0,0,,
2021-10-14,05:45,13.2,6.1,62,NW,9.7,22.5,1018.02,0,0,0,0,,
2021-10-14,06:00,12.9,6.1,63,NNW,9.7,19.3,1018.08,0,0,0,0,,
2021-10-14,06:15,12.2,5.6,66,NW,14.5,19.3,1017.95,0,0,0,0,,
2021-10-14,06:30,11.8,5.6,67,WNW,16.1,20.9,1018.08,0,0,0,0,,
2021-10-14,06:45,13,6.1,63,NNW,17.7,30.6,1018.05,0,0,0,0,,
2021-10-14,07:00,12.9,6.1,65,NNW,27.4,30.6,1018.32,0,0,0,0,,
2021-10-14,07:15,12.8,5.6,61,NNW,17.7,32.2,1018.32,0,0,0,0,,
2021-10-14,07:30,12.6,5,60,,17.7,30.6,1018.42,0,0,0,0,,
2021-10-14,07:45,12.2,4.4,61,NNW,8,30.6,1018.52,0,0,0,9,,
2021-10-14,08:00,12.2,4.4,59,NORTH,14.5,25.7,1018.66,0,0,0,16,,
2021-10-14,08:15,12.7,3.9,55,NW,19.3,27.4,1018.96,0,0,0,76,,
2021-10-14,08:30,12.5,3.9,55,NNW,8,25.7,1018.86,0,0,0,134,,
2021-10-14,08:45,12.5,3.3,55,NW,19.3,29,1019.2,0,0,0,195,,
2021-10-14,09:00,12.4,3.3,55,NW,24.1,30.6,1019.34,0,0,0,246,,
2021-10-14,09:15,12.8,3.3,53,NW,19.3,27.4,1019.71,0,0,0,292,,
2021-10-14,09:30,13.1,3.3,51,NW,22.5,37,1019.3,0,0,1,338,,
2021-10-14,09:45,13.7,2.8,48,NNW,24.1,33.8,1019.37,0,0,1,381,,
2021-10-14,10:00,14.3,1.7,42,WNW,24.1,38.6,1019.4,0,0,1,436,,
2021-10-14,10:15,15.2,-0.6,35,NNW,17.7,35.4,1019.51,0,0,1,476,,
2021-10-14,10:30,15.7,-2.2,29,NNW,20.9,35.4,1019.74,0,0,1,515,,
2021-10-14,10:45,16.1,-2.8,28,NW,20.9,53.1,1019.57,0,0,2,547,,
2021-10-14,11:00,15.9,0.6,35,NW,19.3,45.1,1019.78,0,0,2,575,,
2021-10-14,11:15,15.7,2.2,40,NNW,12.9,41.8,1020.22,0,0,2,596,,
2021-10-14,11:30,16.2,2.2,40,NW,16.1,24.1,1020.12,0,0,2,624,,
2021-10-14,11:45,16.7,1.7,37,NNW,17.7,29,1020.08,0,0,2,650,,
2021-10-14,12:00,17.1,1.7,36,NNW,24.1,37,1019.91,0,0,3,663,,
2021-10-14,12:15,17.6,1.1,33,NNE,17.7,33.8,1020.05,0,0,3,677,,
2021-10-14,12:30,17.2,1.1,35,NNW,20.9,38.6,1020.39,0,0,3,684,,
2021-10-14,12:45,17.7,1.7,34,WNW,24.1,37,1020.42,0,0,3,694,,
2021-10-14,13:00,17.8,0.6,32,NNW,25.7,37,1020.45,0,0,3,693,,
2021-10-14,13:15,18,0.6,31,NNW,19.3,33.8,1020.05,0,0,3,696,,
2021-10-14,13:30,18.1,1.1,32,WEST,27.4,35.4,1019.88,0,0,3,687,,
2021-10-14,13:45,18.4,0.6,30,NW,20.9,32.2,1019.88,0,0,3,679,,
2021-10-14,14:00,18.4,0,29,,24.1,32.2,1019.74,0,0,3,664,,
2021-10-14,14:15,18.4,0,29,,14.5,35.4,1019.88,0,0,3,650,,
2021-10-14,14:30,18.8,0.6,29,NW,19.3,30.6,1019.68,0,0,3,631,,
2021-10-14,14:45,18.4,-0.6,28,NORTH,12.9,35.4,1019.47,0,0,2,606,,
2021-10-14,15:00,18.8,-1.1,27,WNW,19.3,33.8,1019.4,0,0,2,577,,
2021-10-14,15:15,19,-0.6,27,WNW,22.5,27.4,1019.44,0,0,2,550,,
2021-10-14,15:30,18.9,0,28,WNW,35.4,35.4,1019.1,0,0,2,513,,
2021-10-14,15:45,18.7,-0.6,28,,22.5,32.2,1019.17,0,0,2,482,,
2021-10-14,16:00,18.7,-0.6,27,NW,17.7,41.8,1019.2,0,0,1,445,,
2021-10-14,16:15,18.4,-0.6,28,WEST,16.1,35.4,1018.9,0,0,1,404,,
2021-10-14,16:30,18.2,-1.1,27,NW,25.7,43.5,1019.13,0,0,1,364,,
2021-10-14,16:45,18,-1.1,27,NNW,17.7,37,1019.27,0,0,1,309,,
2021-10-14,17:00,17.8,-1.7,27,NNW,19.3,37,1019.47,0,0,0,49,,
2021-10-14,17:15,17.7,-1.7,27,,14.5,38.6,1019.51,0,0,0,30,,
2021-10-14,17:30,17.4,-1.7,27,NW,24.1,38.6,1019.51,0,0,0,26,,
2021-10-14,17:45,17.1,-2.2,26,NNW,25.7,41.8,1019.54,0,0,0,25,,
2021-10-14,18:00,16.8,-2.2,28,NW,19.3,35.4,1019.47,0,0,0,21,,
2021-10-14,18:15,16.4,-1.1,30,NW,32.2,43.5,1019.44,0,0,0,16,,
2021-10-14,18:30,16.2,-1.1,30,,25.7,35.4,1019.51,0,0,0,11,,
2021-10-14,18:45,15.8,-1.7,30,NW,17.7,40.2,1019.71,0,0,0,0,,
2021-10-14,19:00,15.5,-2.2,30,NW,17.7,43.5,1019.88,0,0,0,0,,
2021-10-14,19:15,15.4,-2.2,30,NNW,19.3,38.6,1020.22,0,0,0,0,,
2021-10-14,19:30,15.2,-1.7,32,NW,20.9,35.4,1020.49,0,0,0,0,,
2021-10-14,19:45,15.1,-1.1,33,NNW,24.1,37,1020.66,0,0,0,0,,
2021-10-14,20:00,14.8,-1.1,33,,12.9,30.6,1020.73,0,0,0,0,,
2021-10-14,20:15,14.4,-1.1,34,NNW,3.2,17.7,1020.83,0,0,0,0,,
2021-10-14,20:30,14.3,-1.1,35,,3.2,12.9,1021.13,0,0,0,0,,
2021-10-14,20:45,14,-1.1,36,NORTH,12.9,20.9,1021.06,0,0,0,0,,
2021-10-14,21:00,14,-1.1,36,NNW,12.9,20.9,1021.23,0,0,0,0,,
2021-10-14,21:15,13.7,-0.6,37,NW,12.9,17.7,1021.33,0,0,0,0,,
2021-10-14,21:30,13.5,-0.6,38,NW,8,24.1,1021.33,0,0,0,0,,
2021-10-14,21:45,13.5,-0.6,38,,8,17.7,1021.3,0,0,0,0,,
2021-10-14,22:00,13.3,-0.6,39,NNW,8,14.5,1021.54,0,0,0,0,,
2021-10-14,22:15,13.1,0,40,NNW,4.8,19.3,1021.61,0,0,0,0,,
2021-10-14,22:30,12.8,0,41,WNW,4.8,12.9,1021.4,0,0,0,0,,
2021-10-14,22:45,12.3,0,43,NW,3.2,6.4,1021.47,0,0,0,0,,
2021-10-14,23:00,10.7,-0.6,47,NORTH,0,3.2,1021.54,0,0,0,0,,
2021-10-14,23:15,10.6,0,48,NORTH,0,3.2,1021.71,0,0,0,0,,
2021-10-14,23:30,10.4,0,49,NW,1.6,3.2,1021.67,0,0,0,0,,
2021-10-14,23:45,10.5,0.6,51,NW,1.6,3.2,1021.67,0,0,0,0,,
2021-10-14,OVR,,,,,,,,,,,,gustmax,53.1
2021-10-14,OVR,,,,,,,,,,,,rainrate_max,0
2021-10-14,OVR,,,,,,,,,,,,rain_total_mm,0
2021-10-14,OVR,,,,,,,,,,,,tmax,19.1
2021-10-14,OVR,,,,,,,,,,,,tmin,9.8
2021-10-14,OVR,,,,,,,,,,,,wind_dir_mean_deg,335.1
2021-10-15,00:00,9.8,0.6,53,NORTH,0,1.6,1021.37,0,0,0,0,,
2021-10-15,00:15,9.9,1.1,54,NORTH,0,3.2,1021.47,0,0,0,0,,
2021-10-15,00:30,10.2,1.1,55,NORTH,0,1.6,1021.37,0,0,0,0,,
2021-10-15,00:45,9.9,1.1,56,NORTH,0,3.2,1021.1,0,0,0,0,,
2021-10-15,01:00,9.8,1.7,58,NW,1.6,3.2,1021.1,0,0,0,0,,
2021-10-15,01:15,9.1,1.7,60,NW,1.6,4.8,1021.03,0,0,0,0,,
2021-10-15,01:30,9.2,1.7,61,NORTH,0,3.2,1020.96,0,0,0,0,,
2021-10-15,01:45,9.3,2.2,62,NORTH,0,1.6,1020.76,0,0,0,0,,
2021-10-15,02:00,9.6,2.8,64,NORTH,0,3.2,1020.66,0,0,0,0,,
2021-10-15,02:15,10.6,3.9,63,NW,3.2,6.4,1020.69,0,0,0,0,,
2021-10-15,02:30,10.5,3.3,62,WNW,1.6,12.9,1020.56,0,0,0,0,,
2021-10-15,02:45,10.2,3.3,64,WNW,6.4,8,1020.29,0,0,0,0,,
2021-10-15,03:00,10.7,3.9,63,WNW,6.4,8,1020.29,0,0,0,0,,
2021-10-15,03:15,10.7,3.9,63,WNW,6.4,9.7,1020.25,0,0,0,0,,
2021-10-15,03:30,10.4,3.9,64,WNW,4.8,11.3,1020.08,0,0,0,0,,
2021-10-15,03:45,10.4,3.9,65,NW,6.4,12.9,1019.78,0,0,0,0,,
2021-10-15,04:00,10.4,3.9,65,WNW,11.3,12.9,1019.61,0,0,0,0,,
2021-10-15,04:15,10.9,4.4,64,WNW,14.5,16.1,1019.34,0,0,0,0,,
2021-10-15,04:30,10.8,4.4,64,NW,4.8,16.1,1019.27,0,0,0,0,,
2021-10-15,04:45,10.4,3.9,64,WNW,4.8,9.7,1019.27,0,0,0,0,,
2021-10-15,05:00,10.7,3.9,64,WNW,8,14.5,1019.27,0,0,0,0,,
2021-10-15,05:15,10.1,3.3,65,WNW,6.4,17.7,1019.2,0,0,0,0,,
2021-10-15,05:30,10.1,3.3,64,WEST,6.4,17.7,1019.24,0,0,0,0,,
2021-10-15,05:45,10.1,3.3,65,WEST,4.8,14.5,1019.1,0,0,0,0,,
2021-10-15,06:00,9.5,3.3,66,NORTH,0,11.3,1019.34,0,0,0,0,,
2021-10-15,06:15,9.3,3.3,67,NNE,4.8,6.4,1019.2,0,0,0,0,,
2021-10-15,06:30,9.2,3.3,68,WNW,3.2,9.7,1019.13,0,0,0,0,,
2021-10-15,06:45,9.7,3.9,67,WNW,1.6,8,1018.93,0,0,0,0,,
2021-10-15,07:00,10.1,3.9,66,WEST,16.1,20.9,1018.9,0,0,0,0,,
2021-10-15,07:15,10.5,4.4,66,NW,12.9,20.9,1018.8,0,0,0,0,,
2021-10-15,07:30,10.4,3.9,65,WNW,4.8,16.1,1018.66,0,0,0,0,,
2021-10-15,07:45,10.4,3.9,66,WNW,17.7,16.1,1018.8,0,0,0,7,,
2021-10-15,08:00,10.8,4.4,65,WEST,12.9,19.3,1018.73,0,0,0,14,,
2021-10-15,08:15,10.8,4.4,64,WNW,8,17.7,1018.8,0,0,0,74,,
2021-10-15,08:30,10.9,4.4,64,NW,8,9.7,1018.86,0,0,0,132,,
2021-10-15,08:45,11.5,4.4,62,NW,4.8,16.1,1018.9,0,0,0,190,,
2021-10-15,09:00,11.9,4.4,60,NW,11.3,20.9,1018.96,0,0,0,241,,
2021-10-15,09:15,12.6,4.4,57,WEST,14.5,33.8,1019.07,0,0,0,287,,
2021-10-15,09:30,13.3,4.4,56,WNW,33.8,43.5,1018.66,0,0,1,332,,
2021-10-15,09:45,13.8,4.4,54,,29,43.5,1018.8,0,0,1,376,,
2021-10-15,10:00,14.2,4.4,53,NW,22.5,48.3,1018.76,0,0,1,420,,
2021-10-15,10:15,14.4,4.4,52,WNW,12.9,37,1019.13,0,0,1,457,,
2021-10-15,10:30,14.7,4.4,50,WEST,27.4,43.5,1019.27,0,0,1,499,,
2021-10-15,10:45,15.2,3.9,48,WNW,20.9,45.1,1019.17,0,0,2,531,,
2021-10-15,11:00,16.1,3.3,43,WNW,24.1,33.8,1019.1,0,0,2,563,,
2021-10-15,11:15,16.4,2.8,41,NW,22.5,40.2,1019.4,0,0,2,591,,
2021-10-15,11:30,16.9,3.3,40,NNW,22.5,32.2,1019.13,0,0,2,615,,
2021-10-15,11:45,17.3,2.8,38,WNW,27.4,43.5,1019.13,0,0,2,636,,
2021-10-15,12:00,17.7,2.8,37,NW,33.8,35.4,1019.24,0,0,3,656,,
2021-10-15,12:15,18.2,2.8,35,NW,27.4,30.6,1019.34,0,0,3,673,,
2021-10-15,12:30,18.3,1.7,33,,19.3,38.6,1019.27,0,0,3,682,,
2021-10-15,12:45,18.8,2.2,33,NW,14.5,27.4,1019.2,0,0,3,689,,
2021-10-15,13:00,19.2,3.9,36,NW,17.7,29,1019.17,0,0,3,687,,
2021-10-15,13:15,18.6,6.1,44,NW,16.1,48.3,1018.93,0,0,3,687,,
2021-10-15,13:30,18.3,6.7,47,WEST,27.4,41.8,1018.63,0,0,3,677,,
2021-10-15,13:45,18.4,7.2,49,ENE,41.8,45.1,1018.56,0,0,3,664,,
2021-10-15,14:00,18.3,8.3,52,NW,22.5,49.9,1018.56,0,0,3,650,,
2021-10-15,14:15,18.6,8.3,52,WEST,24.1,48.3,1018.35,0,0,3,635,,
2021-10-15,14:30,18.5,8.3,52,WNW,20.9,51.5,1018.29,0,0,3,612,,
2021-10-15,14:45,18.7,8.3,51,WNW,38.6,45.1,1018.12,0,0,2,592,,
2021-10-15,15:00,18.6,8.3,52,WNW,30.6,49.9,1017.91,0,0,2,566,,
2021-10-15,15:15,18.6,8.9,54,WNW,24.1,53.1,1017.88,0,0,2,536,,
2021-10-15,15:30,18.3,8.3,53,WEST,41.8,57.9,1017.85,0,0,2,506,,
2021-10-15,15:45,18.4,7.8,50,WEST,24.1,43.5,1017.71,0,0,2,475,,
2021-10-15,16:00,18.3,7.8,51,WEST,27.4,48.3,1017.64,0,0,1,438,,
2021-10-15,16:15,18.3,8.3,53,WNW,32.2,46.7,1017.54,0,0,1,396,,
2021-10-15,16:30,18.2,8.9,55,WEST,17.7,43.5,1017.64,0,0,1,352,,
2021-10-15,16:45,17.9,8.9,56,WNW,25.7,43.5,1017.71,0,0,1,309,,
2021-10-15,17:00,17.7,8.9,58,WEST,20.9,43.5,1017.68,0,0,0,42,,
2021-10-15,17:15,17.7,9.4,59,WEST,30.6,45.1,1017.61,0,0,0,28,,
2021-10-15,17:30,17.4,9.4,60,WEST,32.2,45.1,1017.71,0,0,0,26,,
2021-10-15,17:45,17.2,10,63,WEST,27.4,40.2,1017.68,0,0,0,25,,
2021-10-15,18:00,17.1,10,64,WNW,11.3,48.3,1017.58,0,0,0,21,,
2021-10-15,18:15,16.9,10,64,WNW,14.5,41.8,1017.41,0,0,0,12,,
2021-10-15,18:30,16.7,10,66,WNW,12.9,38.6,1017.68,0,0,0,0,,
2021-10-15,18:45,16.4,10.6,68,WNW,24.1,38.6,1017.71,0,0,0,0,,
2021-10-15,19:00,16.2,10.6,71,WNW,22.5,38.6,1017.61,0,0,0,0,,
2021-10-15,19:15,15.9,10.6,71,WNW,16.1,30.6,1017.78,0,0,0,0,,
2021-10-15,19:30,15.7,10.6,72,WNW,17.7,35.4,1017.81,0,0,0,0,,
2021-10-15,19:45,15.7,10.6,72,WNW,24.1,27.4,1017.75,0,0,0,0,,
2021-10-15,20:00,15.6,10.6,72,WEST,20.9,30.6,1017.88,0,0,0,0,,
2021-10-15,20:15,15.6,10,71,WNW,25.7,35.4,1018.02,0,0,0,0,,
2021-10-15,20:30,15.6,10,71,WNW,19.3,33.8,1018.32,0,0,0,0,,
2021-10-15,20:45,15.6,10,71,WNW,14.5,32.2,1018.29,0,0,0,0,,
2021-10-15,21:00,15.5,10.6,72,WNW,17.7,27.4,1018.25,0,0,0,0,,
2021-10-15,21:15,15.6,10.6,72,WNW,14.5,25.7,1018.15,0,0,0,0,,
2021-10-15,21:30,15.5,10.6,73,WNW,17.7,27.4,1018.22,0,0,0,0,,
2021-10-15,21:45,15.4,10.6,72,WEST,16.1,24.1,1018.35,0,0,0,0,,
2021-10-15,22:00,15.6,10.6,72,WEST,19.3,27.4,1018.22,0,0,0,0,,
2021-10-15,22:15,15.9,10.6,71,WNW,14.5,24.1,1018.29,0,0,0,0,,
2021-10-15,22:30,16.2,10.6,71,WEST,19.3,27.4,1018.08,0,0,0,0,,
2021-10-15,22:45,16.1,10.6,72,WEST,16.1,22.5,1017.91,0,0,0,0,,
2021-10-15,23:00,16.1,11.1,72,WEST,14.5,22.5,1017.85,0,0,0,0,,
2021-10-15,23:15,15.8,10.6,73,WNW,4.8,12.9,1017.85,0,0,0,0,,
2021-10-15,23:30,15.6,11.1,74,NNW,1.6,12.9,1017.91,0,0,0,0,,
2021-10-15,23:45,14.8,10.6,76,NORTH,0,3.2,1017.78,0,0,0,0,,
2021-10-15,OVR,,,,,,,,,,,,gustmax,57.9
2021-10-15,OVR,,,,,,,,,,,,rainrate_max,0
2021-10-15,OVR,,,,,,,,,,,,rain_total_mm,0
2021-10-15,OVR,,,,,,,,,,,,tmax,19.2
2021-10-15,OVR,,,,,,,,,,,,tmin,9.1
2021-10-15,OVR,,,,,,,,,,,,wind_dir_mean_deg,299.1
2021-10-16,00:00,14.7,10.6,78,NORTH,0,1.6,1017.68,0,0,0,0,,
2021-10-16,00:15,15.1,11.1,78,NORTH,0,1.6,1017.64,0,0,0,0,,
2021-10-16,00:30,14.4,10.6,80,NORTH,0,1.6,1017.44,0,0,0,0,,
2021-10-16,00:45,14.8,11.1,79,NORTH,0,1.6,1017.58,0,0,0,0,,
2021-10-16,01:00,14.9,11.1,79,NORTH,0,1.6,1017.31,0,0,0,0,,
2021-10-16,01:15,14.8,11.1,79,NW,1.6,3.2,1017.27,0,0,0,0,,
2021-10-16,01:30,14.6,11.1,79,SE,1.6,6.4,1017.03,0,0,0,0,,
2021-10-16,01:45,14.7,11.1,79,ESE,1.6,3.2,1017.2,0,0,0,0,,
2021-10-16,02:00,14.9,11.1,79,ESE,4.8,6.4,1016.93,0,0,0,0,,
2021-10-16,02:15,14.4,11.1,82,ESE,3.2,8,1016.97,0,0,0,0,,
2021-10-16,02:30,14.2,11.7,85,NORTH,0,6.4,1017.14,0,0,0,0,,
2021-10-16,02:45,13.6,11.7,87,ESE,4.8,9.7,1016.9,1.52,1.52,0,0,,
2021-10-16,03:00,13.7,11.7,89,EAST,1.6,6.4,1016.93,1.52,1.52,0,0,,
2021-10-16,03:15,13.4,11.7,90,ESE,1.6,6.4,1016.73,1.52,1.52,0,0,,
2021-10-16,03:30,13.3,11.7,91,EAST,3.2,4.8,1016.66,1.52,1.52,0,0,,
2021-10-16,03:45,13.6,12.2,92,SE,1.6,6.4,1016.42,1.52,0,0,0,,
2021-10-16,04:00,13.7,12.2,91,NORTH,0,6.4,1016.42,1.52,0,0,0,,
2021-10-16,04:15,13.6,12.2,91,NORTH,0,6.4,1016.39,1.52,0,0,0,,
2021-10-16,04:30,13.3,11.7,91,ESE,4.8,8,1016.19,1.52,0,0,0,,
2021-10-16,04:45,13.3,11.7,90,ESE,4.8,4.8,1016.19,1.52,0,0,0,,
2021-10-16,05:00,13.4,11.7,90,NORTH,0,9.7,1016.02,1.52,0,0,0,,
2021-10-16,05:15,13.8,11.7,89,SE,1.6,11.3,1015.95,1.52,0,0,0,,
2021-10-16,05:30,13.7,11.7,88,SE,3.2,8,1015.82,1.52,0,0,0,,
2021-10-16,05:45,13.5,11.1,87,ESE,1.6,11.3,1015.92,1.52,0,0,0,,
2021-10-16,06:00,13.2,11.1,89,NORTH,0,3.2,1015.98,1.52,0,0,0,,
2021-10-16,06:15,13.3,11.7,90,EAST,3.2,3.2,1015.71,1.52,0,0,0,,
2021-10-16,06:30,13.6,11.7,90,ESE,3.2,6.4,1015.75,1.52,0,0,0,,
2021-10-16,06:45,13.8,11.7,90,SE,4.8,9.7,1015.65,1.52,0,0,0,,
2021-10-16,07:00,13.7,12.2,91,SE,1.6,4.8,1015.65,1.52,0,0,0,,
2021-10-16,07:15,13.4,11.7,91,NORTH,0,3.2,1015.68,1.52,0,0,0,,
2021-10-16,07:30,14.3,12.8,91,SE,6.4,11.3,1015.68,1.52,0,0,0,,
2021-10-16,07:45,13.6,11.7,90,SW,1.6,4.8,1015.85,1.52,0,0,0,,
2021-10-16,08:00,13.6,12.2,91,EAST,6.4,6.4,1015.92,1.52,0,0,0,,
2021-10-16,08:15,13.5,12.2,92,ESE,1.6,9.7,1016.15,1.52,0,0,12,,
2021-10-16,08:30,13.9,12.2,92,ESE,3.2,4.8,1016.19,1.52,0,0,23,,
2021-10-16,08:45,14.4,12.8,91,NW,4.8,12.9,1016.15,1.52,0,0,42,,
2021-10-16,09:00,13.9,12.8,92,WNW,1.6,6.4,1016.36,1.52,0,0,165,,
2021-10-16,09:15,14.7,13.3,92,ESE,3.2,9.7,1016.53,1.52,0,0,244,,
2021-10-16,09:30,15.3,13.3,91,SE,8,11.3,1016.8,1.52,0,0,86,,
2021-10-16,09:45,15.6,13.9,90,ESE,3.2,8,1016.76,1.52,0,1,153,,
2021-10-16,10:00,15.7,13.9,89,ESE,4.8,8,1016.97,1.52,0,1,330,,
2021-10-16,10:15,16.5,14.4,88,NORTH,0,8,1016.93,1.52,0,1,563,,
2021-10-16,10:30,17.5,14.4,83,,1.6,6.4,1016.76,1.52,0,2,541,,
2021-10-16,10:45,17.6,14.4,82,NW,3.2,4.8,1016.86,1.52,0,1,339,,
2021-10-16,11:00,17.5,14.4,83,WNW,3.2,16.1,1017.17,1.52,0,1,100,,
2021-10-16,11:15,17.3,14.4,84,WEST,3.2,12.9,1017.24,1.52,0,1,202,,
2021-10-16,11:30,17.5,13.9,80,WEST,6.4,17.7,1017.24,1.52,0,2,188,,
2021-10-16,11:45,18.1,13.3,75,WNW,1.6,16.1,1017.24,1.52,0,3,659,,
2021-10-16,12:00,18.4,12.8,70,SSE,1.6,19.3,1017.27,1.52,0,2,671,,
2021-10-16,12:15,18.9,12.2,65,WNW,17.7,17.7,1017.2,1.52,0,3,701,,
2021-10-16,12:30,19.1,12.8,67,WEST,9.7,19.3,1017.14,1.52,0,3,731,,
2021-10-16,12:45,19.6,13.3,68,WSW,3.2,20.9,1017.07,1.52,0,3,789,,
2021-10-16,13:00,19.4,12.8,67,WNW,11.3,20.9,1017.14,1.52,0,3,798,,
2021-10-16,13:15,19.8,13.3,67,SW,4.8,20.9,1016.86,1.52,0,3,714,,
2021-10-16,13:30,19.7,13.3,67,WEST,17.7,27.4,1016.83,1.52,0,2,306,,
2021-10-16,13:45,19.8,13.3,67,WEST,14.5,29,1016.8,1.52,0,2,135,,
2021-10-16,14:00,20.3,13.3,65,WEST,24.1,38.6,1016.56,1.52,0,3,752,,
2021-10-16,14:15,19.8,12.8,65,WEST,14.5,30.6,1016.53,1.52,0,3,652,,
2021-10-16,14:30,19.9,13.3,67,WNW,16.1,29,1016.46,1.52,0,2,109,,
2021-10-16,14:45,19.7,13.3,67,WNW,25.7,33.8,1016.49,1.52,0,2,661,,
2021-10-16,15:00,19.7,13.9,71,WNW,11.3,35.4,1016.49,1.52,0,2,629,,
2021-10-16,15:15,19.6,13.3,69,WEST,12.9,37,1016.39,1.52,0,2,555,,
2021-10-16,15:30,19.5,13.3,68,WEST,22.5,32.2,1016.49,1.52,0,1,183,,
2021-10-16,15:45,19.4,13.3,68,WEST,17.7,32.2,1016.42,1.52,0,1,188,,
2021-10-16,16:00,19.6,13.3,69,WEST,22.5,33.8,1016.59,1.52,0,1,200,,
2021-10-16,16:15,19.2,13.3,68,WEST,24.1,33.8,1016.53,1.52,0,1,158,,
2021-10-16,16:30,19.4,13.3,68,WNW,17.7,35.4,1016.46,1.52,0,1,427,,
2021-10-16,16:45,18.8,13.3,71,NW,19.3,41.8,1016.73,1.52,0,0,107,,
2021-10-16,17:00,18.3,13.3,73,WNW,17.7,35.4,1016.53,1.52,0,0,116,,
2021-10-16,17:15,18.2,13.3,73,WNW,24.1,33.8,1016.7,1.52,0,0,100,,
2021-10-16,17:30,18.2,13.3,74,WNW,11.3,27.4,1016.46,1.52,0,0,81,,
2021-10-16,17:45,18.2,13.3,73,NW,17.7,33.8,1016.8,1.52,0,0,72,,
2021-10-16,18:00,18,13.3,74,WNW,11.3,33.8,1016.8,1.52,0,0,62,,
2021-10-16,18:15,17.9,12.8,74,WEST,14.5,30.6,1016.97,1.52,0,0,21,,
2021-10-16,18:30,17.6,12.8,75,WNW,6.4,27.4,1017,1.52,0,0,9,,
2021-10-16,18:45,17.3,12.8,76,WEST,19.3,25.7,1017.07,1.52,0,0,0,,
2021-10-16,19:00,17.1,12.8,76,WEST,16.1,37,1017.2,1.52,0,0,0,,
2021-10-16,19:15,16.9,12.8,77,WNW,12.9,29,1017.44,1.52,0,0,0,,
2021-10-16,19:30,16.7,12.8,78,WEST,9.7,16.1,1017.54,1.52,0,0,0,,
2021-10-16,19:45,16.3,12.8,79,WEST,16.1,17.7,1017.61,1.52,0,0,0,,
2021-10-16,20:00,16.1,12.2,80,WEST,12.9,16.1,1017.68,1.52,0,0,0,,
2021-10-16,20:15,16.2,12.8,81,WEST,12.9,16.1,1017.85,1.52,0,0,0,,
2021-10-16,20:30,16.3,12.8,81,WNW,8,16.1,1017.95,1.52,0,0,0,,
2021-10-16,20:45,16.3,12.8,81,WEST,11.3,16.1,1017.95,1.52,0,0,0,,
2021-10-16,21:00,16.1,12.8,82,WNW,9.7,11.3,1017.95,1.52,0,0,0,,
2021-10-16,21:15,16,12.8,82,NORTH,0,12.9,1018.15,1.52,0,0,0,,
2021-10-16,21:30,14.9,12.2,85,NE,1.6,3.2,1018.15,1.52,0,0,0,,
2021-10-16,21:45,14.7,12.2,86,NORTH,0,1.6,1018.12,1.52,0,0,0,,
2021-10-16,22:00,14.8,12.2,86,NORTH,0,1.6,1018.25,1.52,0,0,0,,
2021-10-16,22:15,14.6,12.2,87,NE,1.6,3.2,1018.22,1.52,0,0,0,,
2021-10-16,22:30,14.9,12.8,87,ENE,3.2,4.8,1018.29,1.52,0,0,0,,
2021-10-16,22:45,14.8,12.2,87,NORTH,0,3.2,1018.39,1.52,0,0,0,,
2021-10-16,23:00,14.8,12.2,86,ENE,1.6,3.2,1018.19,1.52,0,0,0,,
2021-10-16,23:15,14.8,12.2,86,NORTH,0,1.6,1018.39,1.52,0,0,0,,
2021-10-16,23:30,14.7,12.2,86,NORTH,0,3.2,1018.25,1.52,0,0,0,,
2021-10-16,23:45,13.9,11.7,88,ENE,1.6,3.2,1018.32,1.52,0,0,0,,
2021-10-16,OVR,,,,,,,,,,,,gustmax,41.8
2021-10-16,OVR,,,,,,,,,,,,rainrate_max,28
2021-10-16,OVR,,,,,,,,,,,,rain_total_mm,1.4
2021-10-16,OVR,,,,,,,,,,,,tmax,20.4
2021-10-16,OVR,,,,,,,,,,,,tmin,13.1
2021-10-16,OVR,,,,,,,,,,,,wind_dir_mean_deg,319.5
2021-10-17,00:00,14.4,12.2,88,ENE,1.6,3.2,1018.22,0,0,0,0,,
2021-10-17,00:15,14,11.7,88,ENE,1.6,3.2,1018.39,0,0,0,0,,
2021-10-17,00:30,13.9,11.7,88,ENE,1.6,3.2,1018.32,0,0,0,0,,
2021-10-17,00:45,14.1,11.7,88,ENE,1.6,3.2,1018.15,0,0,0,0,,
2021-10-17,01:00,13.9,11.7,89,ENE,3.2,3.2,1017.98,0,0,0,0,,
2021-10-17,01:15,13.7,11.7,88,ENE,3.2,3.2,1018.05,0,0,0,0,,
2021-10-17,01:30,13.6,11.7,89,ESE,3.2,6.4,1018.08,0,0,0,0,,
2021-10-17,01:45,13.5,11.7,89,ESE,4.8,6.4,1017.91,0,0,0,0,,
2021-10-17,02:00,13.4,11.7,90,ESE,4.8,11.3,1017.98,0,0,0,0,,
2021-10-17,02:15,13.9,11.7,89,ESE,4.8,11.3,1018.12,0,0,0,0,,
2021-10-17,02:30,14.1,11.7,88,ESE,8,11.3,1017.95,0,0,0,0,,
2021-10-17,02:45,14,11.7,88,ESE,4.8,9.7,1017.95,0,0,0,0,,
2021-10-17,03:00,13.7,11.7,88,ESE,4.8,6.4,1018.05,0,0,0,0,,
2021-10-17,03:15,13.8,11.7,88,ESE,4.8,6.4,1017.91,0,0,0,0,,
2021-10-17,03:30,13.7,11.7,88,EAST,3.2,9.7,1017.85,0,0,0,0,,
2021-10-17,03:45,13.4,11.7,89,ESE,4.8,11.3,1017.64,0,0,0,0,,
2021-10-17,04:00,13.6,11.7,90,EAST,4.8,6.4,1017.51,0,0,0,0,,
2021-10-17,04:15,13.7,11.7,89,ESE,3.2,6.4,1017.64,0,0,0,0,,
2021-10-17,04:30,14,12.2,89,ESE,4.8,6.4,1017.51,0,0,0,0,,
2021-10-17,04:45,14.2,12.2,88,ESE,6.4,9.7,1017.44,0,0,0,0,,
2021-10-17,05:00,14.1,12.2,88,ESE,3.2,9.7,1017.58,0,0,0,0,,
2021-10-17,05:15,13.9,11.7,88,ESE,4.8,9.7,1017.51,0,0,0,0,,
2021-10-17,05:30,13.8,11.7,87,ESE,4.8,9.7,1017.58,0,0,0,0,,
2021-10-17,05:45,13.7,11.7,87,ESE,4.8,6.4,1017.54,0,0,0,0,,
2021-10-17,06:00,13.7,11.1,86,ESE,6.4,11.3,1017.71,0,0,0,0,,
2021-10-17,06:15,13.6,11.1,85,ESE,4.8,11.3,1017.64,0,0,0,0,,
2021-10-17,06:30,13.2,10.6,86,EAST,11.3,11.3,1017.71,0,0,0,0,,
2021-10-17,06:45,13,10.6,86,ESE,6.4,11.3,1017.81,0,0,0,0,,
2021-10-17,07:00,12.9,10.6,86,ESE,4.8,14.5,1017.98,0,0,0,0,,
2021-10-17,07:15,12.8,10.6,86,EAST,9.7,11.3,1017.95,0,0,0,0,,
2021-10-17,07:30,12.7,10,86,EAST,3.2,11.3,1018.08,0,0,0,0,,
2021-10-17,07:45,12.8,10.6,86,NE,8,12.9,1018.25,0,0,0,9,,
2021-10-17,08:00,12.9,10.6,86,ENE,4.8,12.9,1018.42,0,0,0,19,,
2021-10-17,08:15,12.9,10.6,86,EAST,6.4,11.3,1018.32,0,0,0,35,,
2021-10-17,08:30,13.3,10.6,86,ESE,9.7,14.5,1018.49,0,0,0,114,,
2021-10-17,08:45,13.9,11.1,84,EAST,6.4,14.5,1018.66,0,0,0,148,,
2021-10-17,09:00,14.3,11.1,83,ENE,8,14.5,1018.76,0,0,0,213,,
2021-10-17,09:15,15.1,11.7,81,EAST,6.4,12.9,1018.93,0,0,0,262,,
2021-10-17,09:30,15.7,11.7,79,ESE,6.4,12.9,1018.9,0,0,1,304,,
2021-10-17,09:45,16.2,12.2,77,ENE,8,12.9,1019.2,0,0,1,352,,
2021-10-17,10:00,16.7,12.2,74,ESE,6.4,14.5,1019.37,0,0,1,374,,
2021-10-17,10:15,16.8,11.7,73,ENE,8,16.1,1019.44,0,0,1,427,,
2021-10-17,10:30,17.1,11.7,72,EAST,14.5,16.1,1019.37,0,0,1,236,,
2021-10-17,10:45,17.4,11.7,70,EAST,4.8,12.9,1019.47,0,0,2,504,,
2021-10-17,11:00,17.9,12.2,69,ESE,3.2,11.3,1019.57,0,0,2,540,,
2021-10-17,11:15,18.1,12.2,68,NORTH,0,12.9,1019.44,0,0,2,613,,
2021-10-17,11:30,18.1,11.7,67,NORTH,0,12.9,1019.3,0,0,1,109,,
2021-10-17,11:45,18.6,11.7,66,EAST,3.2,14.5,1019.2,0,0,3,708,,
2021-10-17,12:00,18.3,11.7,65,SE,3.2,14.5,1019.44,0,0,2,311,,
2021-10-17,12:15,19.7,12.2,64,SE,12.9,4.8,1019.4,0,0,3,780,,
2021-10-17,12:30,18.5,11.7,64,SSE,3.2,11.3,1019.57,0,0,2,183,,
2021-10-17,12:45,19.4,11.7,62,WNW,12.9,6.4,1019.57,0,0,3,786,,
2021-10-17,13:00,19.9,11.7,60,SOUTH,1.6,8,1019.2,0,0,2,821,,
2021-10-17,13:15,20.1,11.7,59,WNW,3.2,9.7,1019.13,0,0,3,780,,
2021-10-17,13:30,19.6,11.1,60,NW,8,12.9,1018.86,0,0,2,185,,
2021-10-17,13:45,19.8,11.1,57,NNW,1.6,8,1018.73,0,0,2,445,,
2021-10-17,14:00,20.8,11.1,55,NNE,4.8,9.7,1018.76,0,0,3,733,,
2021-10-17,14:15,20.1,10.6,55,WNW,4.8,6.4,1018.59,0,0,2,130,,
2021-10-17,14:30,20.1,10.6,55,NW,3.2,4.8,1018.25,0,0,1,114,,
2021-10-17,14:45,20.7,10.6,53,NORTH,0,3.2,1018.35,0,0,2,670,,
2021-10-17,15:00,20.6,10.6,53,NORTH,0,9.7,1018.39,0,0,1,127,,
2021-10-17,15:15,20.3,10,52,WNW,4.8,16.1,1018.39,0,0,2,135,,
2021-10-17,15:30,20.4,10.6,54,WEST,6.4,14.5,1018.35,0,0,1,114,,
2021-10-17,15:45,20.5,10.6,53,NORTH,0,11.3,1018.22,0,0,1,127,,
2021-10-17,16:00,20.3,10.6,55,WNW,9.7,14.5,1018.39,0,0,1,62,,
2021-10-17,16:15,20.2,11.7,58,NW,12.9,17.7,1018.22,0,0,0,62,,
2021-10-17,16:30,20.6,11.7,57,NW,8,22.5,1018.52,0,0,1,369,,
2021-10-17,16:45,20.6,11.7,56,WEST,22.5,30.6,1018.46,0,0,1,309,,
2021-10-17,17:00,20.5,11.1,55,NW,16.1,27.4,1018.56,0,0,0,95,,
2021-10-17,17:15,20.4,11.7,57,WNW,12.9,27.4,1018.63,0,0,0,102,,
2021-10-17,17:30,20.1,11.1,57,WNW,14.5,35.4,1018.73,0,0,0,90,,
2021-10-17,17:45,19.8,11.1,58,WEST,12.9,29,1018.76,0,0,0,67,,
2021-10-17,18:00,19.6,11.1,59,WNW,11.3,24.1,1018.83,0,0,0,84,,
2021-10-17,18:15,19.4,11.1,60,WEST,17.7,22.5,1019.1,0,0,0,53,,
2021-10-17,18:30,19.2,11.1,59,WEST,1.6,20.9,1019.13,0,0,0,32,,
2021-10-17,18:45,18.8,11.1,61,SOUTH,1.6,8,1019.24,0,0,0,0,,
2021-10-17,19:00,18.3,11.1,64,SSE,3.2,8,1019.51,0,0,0,0,,
2021-10-17,19:15,17.9,11.1,66,SSE,11.3,11.3,1019.61,0,0,0,0,,
2021-10-17,19:30,17.4,12.2,71,ESE,9.7,14.5,1019.91,0,0,0,0,,
2021-10-17,19:45,17.1,12.2,74,SSE,12.9,16.1,1020.18,0,0,0,0,,
2021-10-17,20:00,16.7,12.2,75,SE,11.3,16.1,1020.45,0,0,0,0,,
2021-10-17,20:15,15.8,11.1,74,ESE,8,11.3,1020.35,0,0,0,0,,
2021-10-17,20:30,15.4,11.1,77,ESE,9.7,16.1,1020.56,0,0,0,0,,
2021-10-17,20:45,15.1,11.1,79,SE,8,14.5,1020.93,0,0,0,0,,
2021-10-17,21:00,15.1,11.1,79,ESE,4.8,14.5,1021.06,0,0,0,0,,
2021-10-17,21:15,15,11.1,78,ESE,6.4,16.1,1021,0,0,0,0,,
2021-10-17,21:30,14.9,11.1,79,SE,8,16.1,1021.1,0,0,0,0,,
2021-10-17,21:45,15.1,11.1,78,ESE,12.9,20.9,1021.27,0,0,0,0,,
2021-10-17,22:00,15.1,11.1,78,ESE,11.3,22.5,1021.33,0,0,0,0,,
2021-10-17,22:15,15.2,11.1,77,EAST,11.3,20.9,1021.44,0,0,0,0,,
2021-10-17,22:30,15.1,11.1,78,EAST,12.9,17.7,1021.54,0,0,0,0,,
2021-10-17,22:45,15.1,11.1,77,ESE,11.3,16.1,1021.67,0,0,0,0,,
2021-10-17,23:00,15.1,11.1,78,ESE,9.7,17.7,1021.71,0,0,0,0,,
2021-10-17,23:15,15.1,11.1,77,ESE,6.4,14.5,1021.98,0,0,0,0,,
2021-10-17,23:30,14.8,11.1,78,ESE,6.4,11.3,1021.91,0,0,0,0,,
2021-10-17,23:45,14.7,10.6,78,ESE,4.8,9.7,1022.01,0,0,0,0,,
2021-10-17,OVR,,,,,,,,,,,,gustmax,35.4
2021-10-17,OVR,,,,,,,,,,,,rainrate_max,0
2021-10-17,OVR,,,,,,,,,,,,rain_total_mm,0
2021-10-17,OVR,,,,,,,,,,,,tmax,21.2
2021-10-17,OVR,,,,,,,,,,,,tmin,12.6
2021-10-17,OVR,,,,,,,,,,,,wind_dir_mean_deg,96.3
2021-10-18,00:00,14.8,11.1,78,ESE,8,12.9,1022.05,0,0,0,0,,
2021-10-18,00:15,15,11.1,78,ESE,4.8,11.3,1022.08,0,0,0,0,,
2021-10-18,00:30,14.9,11.1,78,ESE,12.9,12.9,1022.08,0,0,0,0,,
2021-10-18,00:45,14.8,10.6,78,SE,6.4,12.9,1022.05,0,0,0,0,,
2021-10-18,01:00,14.7,10.6,78,ESE,4.8,12.9,1022.05,0,0,0,0,,
2021-10-18,01:15,14,10.6,80,ESE,4.8,11.3,1022.08,0,0,0,0,,
2021-10-18,01:30,14.4,10.6,79,ESE,6.4,12.9,1022.11,0,0,0,0,,
2021-10-18,01:45,14.7,10.6,78,SE,6.4,11.3,1022.08,0,0,0,0,,
2021-10-18,02:00,14.6,10.6,78,ESE,6.4,12.9,1022.32,0,0,0,0,,
2021-10-18,02:15,14.4,10.6,79,ESE,3.2,11.3,1022.18,0,0,0,0,,
2021-10-18,02:30,13.8,10.6,80,ESE,3.2,6.4,1022.38,0,0,0,0,,
2021-10-18,02:45,13.4,10,82,ESE,3.2,9.7,1022.35,0,0,0,0,,
2021-10-18,03:00,13.3,10,82,ESE,4.8,12.9,1022.35,0,0,0,0,,
2021-10-18,03:15,13.3,10,81,SE,6.4,9.7,1022.52,0,0,0,0,,
2021-10-18,03:30,13.3,10,81,EAST,6.4,9.7,1022.62,0,0,0,0,,
2021-10-18,03:45,13.3,10,80,ESE,3.2,11.3,1022.38,0,0,0,0,,
2021-10-18,04:00,12.8,9.4,81,ESE,1.6,6.4,1022.22,0,0,0,0,,
2021-10-18,04:15,12.8,9.4,82,ENE,4.8,9.7,1022.11,0,0,0,0,,
2021-10-18,04:30,12.6,9.4,81,EAST,1.6,9.7,1022.11,0,0,0,0,,
2021-10-18,04:45,12.7,10,83,ESE,3.2,9.7,1022.11,0,0,0,0,,
2021-10-18,05:00,12.9,9.4,81,ESE,3.2,6.4,1021.94,0,0,0,0,,
2021-10-18,05:15,12.3,9.4,83,ENE,1.6,4.8,1021.98,0,0,0,0,,
2021-10-18,05:30,12.7,9.4,81,EAST,4.8,4.8,1022.15,0,0,0,0,,
2021-10-18,05:45,12.5,9.4,83,EAST,4.8,4.8,1022.11,0,0,0,0,,
2021-10-18,06:00,12.6,9.4,81,EAST,3.2,4.8,1022.35,0,0,0,0,,
2021-10-18,06:15,12.1,8.9,81,EAST,3.2,6.4,1022.35,0,0,0,0,,
2021-10-18,06:30,11.9,8.9,83,EAST,3.2,4.8,1022.45,0,0,0,0,,
2021-10-18,06:45,12.1,8.9,81,ESE,3.2,4.8,1022.38,0,0,0,0,,
2021-10-18,07:00,12.3,8.9,81,ESE,3.2,6.4,1022.62,0,0,0,0,,
2021-10-18,07:15,12.4,9.4,83,EAST,4.8,6.4,1022.66,0,0,0,0,,
2021-10-18,07:30,12.5,9.4,81,ESE,1.6,6.4,1022.82,0,0,0,0,,
2021-10-18,07:45,12.1,8.9,83,EAST,1.6,6.4,1022.89,0,0,0,7,,
2021-10-18,08:00,12.4,10,85,EAST,3.2,6.4,1023.06,0,0,0,14,,
2021-10-18,08:15,12.4,10,85,EAST,1.6,4.8,1023.27,0,0,0,62,,
2021-10-18,08:30,13.3,10,80,EAST,1.6,3.2,1023.4,0,0,0,116,,
2021-10-18,08:45,13.8,9.4,76,ESE,4.8,6.4,1023.33,0,0,0,165,,
2021-10-18,09:00,14.7,10,73,EAST,1.6,6.4,1023.67,0,0,0,220,,
2021-10-18,09:15,15.5,10,70,NORTH,0,3.2,1023.77,0,0,0,264,,
2021-10-18,09:30,15.6,10,71,NORTH,0,3.2,1023.94,0,0,1,311,,
2021-10-18,09:45,16.7,11.1,69,ESE,3.2,4.8,1023.87,0,0,1,355,,
2021-10-18,10:00,17,11.1,69,EAST,3.2,4.8,1024.08,0,0,1,396,,
2021-10-18,10:15,17.3,11.1,68,WNW,4.8,6.4,1024.18,0,0,1,439,,
2021-10-18,10:30,17.3,11.1,69,WNW,4.8,11.3,1024.08,0,0,1,473,,
2021-10-18,10:45,17.4,11.1,68,WNW,4.8,8,1024.31,0,0,2,508,,
2021-10-18,11:00,17.9,11.7,67,WNW,4.8,12.9,1024.08,0,0,2,541,,
2021-10-18,11:15,17.8,11.1,66,NW,4.8,16.1,1024.15,0,0,2,571,,
2021-10-18,11:30,18.2,11.7,67,WEST,4.8,19.3,1024.35,0,0,2,598,,
2021-10-18,11:45,18.6,11.7,66,SW,4.8,19.3,1024.45,0,0,2,622,,
2021-10-18,12:00,18.9,11.1,62,WNW,11.3,16.1,1024.48,0,0,3,636,,
2021-10-18,12:15,19.4,11.7,61,WEST,3.2,19.3,1024.42,0,0,3,649,,
2021-10-18,12:30,19.3,10,56,WEST,12.9,19.3,1024.42,0,0,3,664,,
2021-10-18,12:45,19.5,8.3,49,WNW,11.3,24.1,1024.28,0,0,3,668,,
2021-10-18,13:00,19.9,10,53,WEST,14.5,19.3,1024.21,0,0,3,670,,
2021-10-18,13:15,20.1,9.4,51,WNW,9.7,20.9,1023.84,0,0,3,664,,
2021-10-18,13:30,20.1,9.4,50,WEST,6.4,27.4,1023.84,0,0,3,656,,
2021-10-18,13:45,20.4,8.9,47,SSW,1.6,16.1,1023.81,0,0,3,647,,
2021-10-18,14:00,20.5,8.3,45,WNW,14.5,27.4,1023.74,0,0,3,635,,
2021-10-18,14:15,20.6,7.8,43,WEST,4.8,24.1,1023.74,0,0,3,622,,
2021-10-18,14:30,20.7,7.2,43,WNW,8,27.4,1023.81,0,0,2,599,,
2021-10-18,14:45,20.8,8.3,45,WEST,27.4,24.1,1023.6,0,0,2,573,,
2021-10-18,15:00,20.7,7.8,45,WEST,9.7,27.4,1023.3,0,0,2,550,,
2021-10-18,15:15,20.6,8.3,46,WEST,20.9,30.6,1023.1,0,0,2,522,,
2021-10-18,15:30,20.7,8.3,46,WEST,16.1,29,1023.23,0,0,2,512,,
2021-10-18,15:45,20.4,8.3,46,WEST,19.3,29,1023.33,0,0,1,338,,
2021-10-18,16:00,20.4,8.3,46,WNW,19.3,32.2,1023.3,0,0,1,417,,
2021-10-18,16:15,20.3,8.3,46,WNW,17.7,30.6,1023.3,0,0,1,374,,
2021-10-18,16:30,20.1,7.8,44,WNW,19.3,29,1023.4,0,0,1,334,,
2021-10-18,16:45,19.9,8.3,48,WEST,35.4,38.6,1023.67,0,0,1,281,,
2021-10-18,17:00,19.7,7.2,44,WEST,29,32.2,1023.81,0,0,0,56,,
2021-10-18,17:15,19.6,8.3,49,WNW,16.1,30.6,1023.94,0,0,0,33,,
2021-10-18,17:30,19.2,8.3,50,WNW,19.3,37,1024.01,0,0,0,28,,
2021-10-18,17:45,19.2,7.8,49,WEST,24.1,30.6,1024.21,0,0,0,25,,
2021-10-18,18:00,18.9,7.2,46,WEST,17.7,32.2,1024.15,0,0,0,16,,
2021-10-18,18:15,18.5,7.8,50,WEST,12.9,20.9,1024.28,0,0,0,16,,
2021-10-18,18:30,18.2,8.9,54,WNW,9.7,22.5,1023.98,0,0,0,11,,
2021-10-18,18:45,17.8,9.4,58,SW,1.6,14.5,1024.38,0,0,0,0,,
2021-10-18,19:00,17.3,10,63,WEST,1.6,11.3,1024.59,0,0,0,0,,
2021-10-18,19:15,17.2,10.6,66,WNW,8,14.5,1024.59,0,0,0,0,,
2021-10-18,19:30,16.8,10.6,68,WEST,4.8,16.1,1024.89,0,0,0,0,,
2021-10-18,19:45,16.1,10.6,71,NORTH,0,3.2,1025.03,0,0,0,0,,
2021-10-18,20:00,15.4,10.6,74,ESE,4.8,6.4,1025.3,0,0,0,0,,
2021-10-18,20:15,16.2,11.7,75,SSE,1.6,9.7,1025.26,0,0,0,0,,
2021-10-18,20:30,15.3,10.6,74,SE,6.4,12.9,1025.3,0,0,0,0,,
2021-10-18,20:45,15.1,10.6,74,SE,4.8,8,1025.53,0,0,0,0,,
2021-10-18,21:00,14.7,10,74,SE,4.8,8,1025.64,0,0,0,0,,
2021-10-18,21:15,14.9,8.9,69,SE,4.8,6.4,1025.87,0,0,0,0,,
2021-10-18,21:30,14.7,8.9,68,SE,6.4,6.4,1026.04,0,0,0,0,,
2021-10-18,21:45,15.1,8.9,68,SE,4.8,6.4,1026.08,0,0,0,0,,
2021-10-18,22:00,15.3,10,71,ESE,9.7,11.3,1026.45,0,0,0,0,,
2021-10-18,22:15,15.4,11.1,75,ESE,6.4,11.3,1026.62,0,0,0,0,,
2021-10-18,22:30,15.6,11.1,77,SE,6.4,12.9,1026.72,0,0,0,0,,
2021-10-18,22:45,15.5,11.1,77,SE,8,14.5,1026.79,0,0,0,0,,
2021-10-18,23:00,15.3,11.1,78,ESE,4.8,12.9,1027.06,0,0,0,0,,
2021-10-18,23:15,14.7,10.6,79,ESE,9.7,12.9,1027.16,0,0,0,0,,
2021-10-18,23:30,14.4,10.6,78,SE,6.4,14.5,1027.26,0,0,0,0,,
2021-10-18,23:45,14.2,10.6,79,EAST,4.8,6.4,1027.5,0,0,0,0,,
2021-10-18,OVR,,,,,,,,,,,,gustmax,40.2
2021-10-18,OVR,,,,,,,,,,,,rainrate_max,0
2021-10-18,OVR,,,,,,,,,,,,rain_total_mm,0
2021-10-18,OVR,,,,,,,,,,,,tmax,21.2
2021-10-18,OVR,,,,,,,,,,,,tmin,11.8
2021-10-18,OVR,,,,,,,,,,,,wind_dir_mean_deg,128.4
2021-10-19,00:00,13.6,10,81,ESE,4.8,9.7,1027.5,0,0,0,0,,
2021-10-19,00:15,13.6,10,81,ESE,6.4,11.3,1027.4,0,0,0,0,,
2021-10-19,00:30,13.5,10,81,ESE,4.8,6.4,1027.53,0,0,0,0,,
2021-10-19,00:45,13.3,10,81,ESE,4.8,6.4,1027.36,0,0,0,0,,
2021-10-19,01:00,13.6,10.6,81,ESE,4.8,9.7,1027.29,0,0,0,0,,
2021-10-19,01:15,14.2,10.6,79,ESE,4.8,9.7,1027.29,0,0,0,0,,
2021-10-19,01:30,14.4,10.6,79,ESE,8,11.3,1027.16,0,0,0,0,,
2021-10-19,01:45,14.8,10.6,78,ESE,9.7,11.3,1027.16,0,0,0,0,,
2021-10-19,02:00,14.8,10.6,78,ESE,6.4,14.5,1027.19,0,0,0,0,,
2021-10-19,02:15,14.8,10.6,77,ESE,4.8,11.3,1027.16,0,0,0,0,,
2021-10-19,02:30,14.6,10.6,78,ESE,9.7,11.3,1027.23,0,0,0,0,,
2021-10-19,02:45,14.6,10.6,78,ESE,3.2,11.3,1027.4,0,0,0,0,,
2021-10-19,03:00,13.9,10.6,80,EAST,4.8,8,1027.13,0,0,0,0,,
2021-10-19,03:15,13.3,10,81,EAST,4.8,9.7,1027.16,0,0,0,0,,
2021-10-19,03:30,13,10,82,EAST,4.8,9.7,1027.02,0,0,0,0,,
2021-10-19,03:45,13.4,10,82,EAST,3.2,9.7,1027.19,0,0,0,0,,
2021-10-19,04:00,13.2,10,82,EAST,3.2,9.7,1027.23,0,0,0,0,,
2021-10-19,04:15,13,10,83,SE,3.2,6.4,1027.43,0,0,0,0,,
2021-10-19,04:30,13.1,10,82,ESE,1.6,6.4,1027.43,0,0,0,0,,
2021-10-19,04:45,13,10,83,ESE,4.8,9.7,1027.23,0,0,0,0,,
2021-10-19,05:00,13,10,83,EAST,3.2,6.4,1027.43,0,0,0,0,,
2021-10-19,05:15,12.9,10,83,ESE,4.8,6.4,1027.43,0,0,0,0,,
2021-10-19,05:30,12.9,10,83,ESE,4.8,11.3,1027.36,0,0,0,0,,
2021-10-19,05:45,12.9,10,83,ESE,6.4,9.7,1027.53,0,0,0,0,,
2021-10-19,06:00,12.5,9.4,84,ESE,3.2,6.4,1027.63,0,0,0,0,,
2021-10-19,06:15,12.4,10,85,ESE,3.2,4.8,1027.46,0,0,0,0,,
2021-10-19,06:30,12.8,10,84,ESE,4.8,11.3,1027.43,0,0,0,0,,
2021-10-19,06:45,13,10,83,ESE,4.8,11.3,1027.67,0,0,0,0,,
2021-10-19,07:00,13,10,83,ESE,4.8,9.7,1027.7,0,0,0,0,,
2021-10-19,07:15,12.7,10,83,ESE,4.8,12.9,1027.74,0,0,0,0,,
2021-10-19,07:30,12.4,9.4,83,ESE,4.8,9.7,1027.9,0,0,0,0,,
2021-10-19,07:45,12.4,9.4,84,ESE,4.8,8,1028.18,0,0,0,7,,
2021-10-19,08:00,12.2,9.4,83,ESE,4.8,9.7,1028.04,0,0,0,12,,
2021-10-19,08:15,12.3,9.4,83,ESE,6.4,11.3,1028.14,0,0,0,63,,
2021-10-19,08:30,12.9,9.4,81,EAST,9.7,11.3,1028.31,0,0,0,114,,
2021-10-19,08:45,13.4,10,79,ESE,4.8,11.3,1028.62,0,0,0,167,,
2021-10-19,09:00,13.9,10,77,EAST,6.4,14.5,1028.55,0,0,0,221,,
2021-10-19,09:15,14.5,10,76,EAST,4.8,12.9,1029.09,0,0,0,267,,
2021-10-19,09:30,15.4,10.6,73,EAST,3.2,9.7,1029.29,0,0,1,313,,
2021-10-19,09:45,16.1,10.6,71,ENE,6.4,8,1029.6,0,0,1,355,,
2021-10-19,10:00,16.4,10.6,68,ENE,6.4,12.9,1029.53,0,0,1,399,,
2021-10-19,10:15,16.9,11.1,69,ENE,6.4,8,1029.46,0,0,1,438,,
2021-10-19,10:30,17.3,11.7,71,EAST,6.4,8,1029.73,0,0,1,476,,
2021-10-19,10:45,17.4,11.7,69,EAST,4.8,11.3,1029.77,0,0,2,512,,
2021-10-19,11:00,17.8,11.1,66,ESE,1.6,11.3,1029.63,0,0,2,543,,
2021-10-19,11:15,18.1,11.1,65,NORTH,0,14.5,1029.56,0,0,2,573,,
2021-10-19,11:30,18.7,11.7,64,SSE,6.4,8,1029.63,0,0,2,598,,
2021-10-19,11:45,18.6,11.1,61,SSE,6.4,12.9,1029.56,0,0,2,619,,
2021-10-19,12:00,18.7,10.6,59,ESE,3.2,11.3,1029.63,0,0,3,643,,
2021-10-19,12:15,19.1,10,55,NORTH,0,12.9,1029.63,0,0,3,659,,
2021-10-19,12:30,19.7,8.3,49,NORTH,0,12.9,1029.7,0,0,3,666,,
2021-10-19,12:45,19.9,9.4,51,SOUTH,6.4,8,1029.5,0,0,3,671,,
2021-10-19,13:00,19.9,7.2,44,NORTH,0,14.5,1029.56,0,0,3,668,,
2021-10-19,13:15,20.3,7.2,44,WNW,4.8,16.1,1029.29,0,0,3,671,,
2021-10-19,13:30,20.6,7.2,41,SSE,8,16.1,1029.02,0,0,3,661,,
2021-10-19,13:45,20.4,7.2,43,NNW,4.8,11.3,1028.92,0,0,3,652,,
2021-10-19,14:00,20.9,7.8,43,NW,4.8,16.1,1029.09,0,0,3,638,,
2021-10-19,14:15,20.9,8.3,44,WEST,4.8,11.3,1028.95,0,0,3,621,,
2021-10-19,14:30,21.1,8.3,44,WNW,9.7,12.9,1028.51,0,0,3,594,,
2021-10-19,14:45,21.1,7.8,42,NW,3.2,19.3,1028.41,0,0,2,575,,
2021-10-19,15:00,21.1,7.2,42,,1.6,12.9,1028.28,0,0,2,557,,
2021-10-19,15:15,21.3,7.2,41,SSE,6.4,11.3,1028.28,0,0,2,520,,
2021-10-19,15:30,21.3,7.2,41,SE,8,16.1,1028.14,0,0,2,487,,
2021-10-19,15:45,21.4,6.7,39,SE,3.2,16.1,1028.28,0,0,2,454,,
2021-10-19,16:00,21.8,7.8,41,SSE,11.3,16.1,1028.11,0,0,1,415,,
2021-10-19,16:15,21.7,7.8,41,SSE,4.8,14.5,1027.97,0,0,1,371,,
2021-10-19,16:30,20.9,7.8,43,SE,3.2,11.3,1028.28,0,0,0,51,,
2021-10-19,16:45,20.7,7.8,44,NORTH,0,14.5,1028.18,0,0,0,65,,
2021-10-19,17:00,20.4,11.7,57,WNW,6.4,16.1,1028.28,0,0,0,146,,
2021-10-19,17:15,20.3,11.7,57,WEST,24.1,27.4,1028.21,0,0,0,109,,
2021-10-19,17:30,19.6,11.7,60,WEST,24.1,30.6,1028.41,0,0,0,56,,
2021-10-19,17:45,19.2,11.1,61,WEST,14.5,22.5,1028.38,0,0,0,62,,
2021-10-19,18:00,18.8,11.7,63,NW,16.1,32.2,1028.38,0,0,0,26,,
2021-10-19,18:15,18.4,11.1,64,WEST,11.3,25.7,1028.45,0,0,0,16,,
2021-10-19,18:30,18.1,11.7,66,WNW,1.6,16.1,1028.34,0,0,0,7,,
2021-10-19,18:45,17.7,11.7,69,WNW,9.7,17.7,1028.38,0,0,0,0,,
2021-10-19,19:00,17,11.7,71,WNW,1.6,9.7,1028.62,0,0,0,0,,
2021-10-19,19:15,16.1,11.7,74,NORTH,0,3.2,1028.75,0,0,0,0,,
2021-10-19,19:30,15.3,11.1,77,NORTH,0,3.2,1028.85,0,0,0,0,,
2021-10-19,19:45,15.1,11.1,78,NORTH,0,3.2,1029.02,0,0,0,0,,
2021-10-19,20:00,14.8,11.1,79,SSE,1.6,6.4,1029.09,0,0,0,0,,
2021-10-19,20:15,14.9,11.1,80,SSE,1.6,3.2,1029.19,0,0,0,0,,
2021-10-19,20:30,14.7,11.1,80,SSE,3.2,3.2,1029.26,0,0,0,0,,
2021-10-19,20:45,15.1,11.7,80,SE,1.6,3.2,1029.33,0,0,0,0,,
2021-10-19,21:00,15.1,11.1,78,SE,1.6,3.2,1029.39,0,0,0,0,,
2021-10-19,21:15,15,11.1,79,ESE,1.6,4.8,1029.39,0,0,0,0,,
2021-10-19,21:30,14.3,10.6,80,ESE,3.2,3.2,1029.46,0,0,0,0,,
2021-10-19,21:45,14.6,11.1,80,ESE,1.6,3.2,1029.5,0,0,0,0,,
2021-10-19,22:00,14.6,11.1,81,ESE,1.6,3.2,1029.56,0,0,0,0,,
2021-10-19,22:15,14.7,11.7,82,NORTH,0,1.6,1029.7,0,0,0,0,,
2021-10-19,22:30,14.6,11.1,82,NORTH,0,1.6,1029.97,0,0,0,0,,
2021-10-19,22:45,14.5,11.1,82,ESE,1.6,1.6,1030.14,0,0,0,0,,
2021-10-19,23:00,14.3,11.1,81,NORTH,0,1.6,1030.14,0,0,0,0,,
2021-10-19,23:15,14.6,11.1,82,ESE,3.2,4.8,1030.04,0,0,0,0,,
2021-10-19,23:30,14.4,11.1,82,NORTH,0,4.8,1029.87,0,0,0,0,,
2021-10-19,23:45,14.7,11.7,82,EAST,3.2,4.8,1029.73,0,0,0,0,,
2021-10-19,OVR,,,,,,,,,,,,gustmax,32.2
2021-10-19,OVR,,,,,,,,,,,,rainrate_max,0
2021-10-19,OVR,,,,,,,,,,,,rain_total_mm,0
2021-10-19,OVR,,,,,,,,,,,,tmax,21.9
2021-10-19,OVR,,,,,,,,,,,,tmin,12.2
2021-10-19,OVR,,,,,,,,,,,,wind_dir_mean_deg,101.4
2021-10-20,00:00,14.4,11.7,84,EAST,1.6,4.8,1029.63,0,0,0,0,,
2021-10-20,00:15,14.4,11.7,84,ESE,1.6,6.4,1029.43,0,0,0,0,,
2021-10-20,00:30,14.3,11.7,84,ESE,3.2,6.4,1029.5,0,0,0,0,,
2021-10-20,00:45,14.2,11.7,86,ESE,3.2,4.8,1029.39,0,0,0,0,,
2021-10-20,01:00,13.9,11.1,85,NORTH,0,4.8,1029.56,0,0,0,0,,
2021-10-20,01:15,14.1,11.7,86,ESE,4.8,4.8,1029.33,0,0,0,0,,
2021-10-20,01:30,13.8,11.7,87,EAST,3.2,4.8,1029.46,0,0,0,0,,
2021-10-20,01:45,13.8,11.7,88,ESE,3.2,4.8,1029.39,0,0,0,0,,
2021-10-20,02:00,13.8,11.7,88,ESE,4.8,6.4,1029.16,0,0,0,0,,
2021-10-20,02:15,13.7,11.7,88,ESE,3.2,4.8,1029.16,0,0,0,0,,
2021-10-20,02:30,13.8,11.7,88,ESE,3.2,4.8,1029.26,0,0,0,0,,
2021-10-20,02:45,13.7,11.7,88,ESE,3.2,6.4,1029.16,0,0,0,0,,
2021-10-20,03:00,13.7,11.7,89,ESE,3.2,6.4,1029.19,0,0,0,0,,
2021-10-20,03:15,13.7,11.7,89,ESE,3.2,6.4,1029.09,0,0,0,0,,
2021-10-20,03:30,13.8,11.7,89,ESE,3.2,6.4,1029.12,0,0,0,0,,
2021-10-20,03:45,13.6,11.7,89,ESE,3.2,4.8,1028.99,0,0,0,0,,
2021-10-20,04:00,13.8,11.7,89,ESE,4.8,12.9,1028.72,0,0,0,0,,
2021-10-20,04:15,13.4,11.7,89,ESE,6.4,11.3,1028.62,0,0,0,0,,
2021-10-20,04:30,13.3,11.1,89,ESE,4.8,11.3,1028.41,0,0,0,0,,
2021-10-20,04:45,13.3,11.1,89,ESE,6.4,11.3,1028.45,0,0,0,0,,
2021-10-20,05:00,13.3,11.7,89,ESE,6.4,11.3,1028.38,0,0,0,0,,
2021-10-20,05:15,13.4,11.7,89,ESE,4.8,9.7,1028.45,0,0,0,0,,
2021-10-20,05:30,13.4,11.7,89,ESE,4.8,6.4,1028.24,0,0,0,0,,
2021-10-20,05:45,13.4,11.7,89,ESE,4.8,9.7,1028.21,0,0,0,0,,
2021-10-20,06:00,13.4,11.7,89,ESE,4.8,6.4,1028.21,0,0,0,0,,
2021-10-20,06:15,13.6,11.7,88,ESE,4.8,9.7,1028.28,0,0,0,0,,
2021-10-20,06:30,13.4,11.1,88,ESE,4.8,6.4,1028.14,0,0,0,0,,
2021-10-20,06:45,13.6,11.7,88,ESE,3.2,9.7,1028.04,0,0,0,0,,
2021-10-20,07:00,13.7,11.7,88,ESE,4.8,6.4,1028.04,0,0,0,0,,
2021-10-20,07:15,13.5,11.1,87,ESE,6.4,9.7,1027.97,0,0,0,0,,
2021-10-20,07:30,13.4,11.1,88,ESE,6.4,11.3,1028.04,0,0,0,0,,
2021-10-20,07:45,13.3,11.1,88,ESE,4.8,11.3,1027.97,0,0,0,0,,
2021-10-20,08:00,13.3,11.1,88,ESE,6.4,11.3,1027.97,0,0,0,12,,
2021-10-20,08:15,12.9,11.1,88,SE,4.8,11.3,1028.07,0,0,0,54,,
2021-10-20,08:30,13.1,11.1,88,SE,6.4,11.3,1028.21,0,0,0,100,,
2021-10-20,08:45,13.6,11.1,87,ESE,4.8,11.3,1028.24,0,0,0,155,,
2021-10-20,09:00,14.2,11.7,85,ESE,4.8,6.4,1028.51,0,0,0,209,,
2021-10-20,09:15,15.1,12.2,83,ESE,4.8,9.7,1028.48,0,0,0,257,,
2021-10-20,09:30,15.6,12.2,81,EAST,6.4,11.3,1028.75,0,0,1,308,,
2021-10-20,09:45,16.2,12.8,80,EAST,3.2,12.9,1028.72,0,0,1,346,,
2021-10-20,10:00,16.6,12.8,78,ENE,4.8,12.9,1028.65,0,0,1,390,,
2021-10-20,10:15,17,12.8,78,ENE,9.7,14.5,1028.95,0,0,1,427,,
2021-10-20,10:30,17.4,12.8,76,ESE,6.4,12.9,1028.82,0,0,1,466,,
2021-10-20,10:45,17.7,13.3,76,SE,8,16.1,1028.95,0,0,2,533,,
2021-10-20,11:00,17.9,13.3,74,SE,3.2,22.5,1028.95,0,0,1,631,,
2021-10-20,11:15,18,12.8,73,SOUTH,4.8,20.9,1028.89,0,0,2,742,,
2021-10-20,11:30,18.4,12.8,71,SE,9.7,22.5,1028.55,0,0,2,165,,
2021-10-20,11:45,18.9,11.7,64,SSE,14.5,22.5,1028.55,0,0,2,671,,
2021-10-20,12:00,19.1,12.2,64,SE,8,22.5,1028.51,0,0,2,687,,
2021-10-20,12:15,19.6,12.2,62,SSE,11.3,24.1,1028.34,0,0,3,645,,
2021-10-20,12:30,19.6,11.1,58,ESE,19.3,19.3,1028.21,0,0,2,661,,
2021-10-20,12:45,19.3,11.1,60,SSW,11.3,24.1,1028.01,0,0,3,151,,
2021-10-20,13:00,19.9,11.1,57,ESE,4.8,25.7,1027.7,0,0,3,657,,
2021-10-20,13:15,19.9,11.1,58,SSE,12.9,25.7,1027.6,0,0,3,661,,
2021-10-20,13:30,20.2,11.7,58,ESE,12.9,25.7,1027.53,0,0,3,666,,
2021-10-20,13:45,20.1,11.1,57,SSE,6.4,17.7,1027.23,0,0,3,659,,
2021-10-20,14:00,20.2,11.7,58,ESE,14.5,22.5,1026.99,0,0,3,606,,
2021-10-20,14:15,20.4,11.7,58,SE,16.1,16.1,1026.62,0,0,3,578,,
2021-10-20,14:30,20.6,11.7,56,ESE,16.1,20.9,1026.31,0,0,3,592,,
2021-10-20,14:45,20.8,11.7,56,SE,17.7,20.9,1025.97,0,0,2,566,,
2021-10-20,15:00,20.8,11.7,56,SSE,17.7,17.7,1026.08,0,0,2,534,,
2021-10-20,15:15,21.1,11.7,55,ESE,19.3,20.9,1025.91,0,0,2,513,,
2021-10-20,15:30,21.4,11.7,54,SSE,12.9,16.1,1025.77,0,0,2,482,,
2021-10-20,15:45,21,11.7,57,EAST,6.4,17.7,1025.57,0,0,2,445,,
2021-10-20,16:00,20.6,11.7,58,ESE,12.9,20.9,1025.43,0,0,1,394,,
2021-10-20,16:15,20.9,12.2,58,SSE,4.8,25.7,1025.5,0,0,1,364,,
2021-10-20,16:30,20.4,12.8,62,SE,19.3,25.7,1025.3,0,0,1,318,,
2021-10-20,16:45,20.3,12.8,63,SE,19.3,22.5,1025.26,0,0,1,274,,
2021-10-20,17:00,20.2,13.3,65,EAST,11.3,22.5,1025.13,0,0,0,225,,
2021-10-20,17:15,19.8,13.3,66,NW,4.8,25.7,1024.99,0,0,0,37,,
2021-10-20,17:30,19.8,12.8,65,SSE,9.7,30.6,1025.09,0,0,0,35,,
2021-10-20,17:45,19.4,12.8,66,SE,17.7,27.4,1024.89,0,0,0,28,,
2021-10-20,18:00,19,12.8,69,SSE,14.5,20.9,1024.79,0,0,0,23,,
2021-10-20,18:15,18.6,12.8,70,ESE,11.3,22.5,1024.59,0,0,0,18,,
2021-10-20,18:30,18.1,12.8,72,ESE,19.3,20.9,1024.62,0,0,0,9,,
2021-10-20,18:45,17.7,12.8,73,SE,8,20.9,1024.42,0,0,0,0,,
2021-10-20,19:00,17.5,12.8,76,ESE,12.9,20.9,1024.52,0,0,0,0,,
2021-10-20,19:15,17.2,13.3,78,ESE,19.3,24.1,1024.28,0,0,0,0,,
2021-10-20,19:30,16.9,13.3,79,SSE,14.5,25.7,1024.31,0,0,0,0,,
2021-10-20,19:45,16.7,13.3,80,SE,12.9,25.7,1024.42,0,0,0,0,,
2021-10-20,20:00,16.6,13.3,82,SE,16.1,25.7,1024.45,0,0,0,0,,
2021-10-20,20:15,16.4,13.3,83,SE,12.9,24.1,1024.45,0,0,0,0,,
2021-10-20,20:30,16.4,13.3,83,SE,20.9,24.1,1024.28,0,0,0,0,,
2021-10-20,20:45,16.3,13.3,84,SE,14.5,25.7,1024.59,0,0,0,0,,
2021-10-20,21:00,16.2,13.3,85,SE,11.3,25.7,1024.35,0,0,0,0,,
2021-10-20,21:15,16.2,13.3,85,SE,14.5,24.1,1024.35,0,0,0,0,,
2021-10-20,21:30,16.1,13.3,85,ESE,14.5,20.9,1024.35,0,0,0,0,,
2021-10-20,21:45,16.1,13.3,85,SE,11.3,24.1,1024.35,0,0,0,0,,
2021-10-20,22:00,15.9,13.3,86,ESE,17.7,24.1,1024.35,0,0,0,0,,
2021-10-20,22:15,15.8,13.3,86,SE,16.1,22.5,1024.18,0,0,0,0,,
2021-10-20,22:30,15.8,13.3,86,SE,17.7,24.1,1024.04,0,0,0,0,,
2021-10-20,22:45,15.8,13.3,85,ESE,12.9,27.4,1024.11,0,0,0,0,,
2021-10-20,23:00,15.8,13.3,85,SE,16.1,25.7,1024.04,0,0,0,0,,
2021-10-20,23:15,15.6,12.8,85,ESE,6.4,14.5,1024.01,0,0,0,0,,
2021-10-20,23:30,15.5,12.8,85,EAST,4.8,16.1,1024.01,0,0,0,0,,
2021-10-20,23:45,15.3,12.8,85,EAST,9.7,14.5,1023.81,0,0,0,0,,
2021-10-20,OVR,,,,,,,,,,,,gustmax,30.6
2021-10-20,OVR,,,,,,,,,,,,rainrate_max,0
2021-10-20,OVR,,,,,,,,,,,,rain_total_mm,0
2021-10-20,OVR,,,,,,,,,,,,tmax,21.6
2021-10-20,OVR,,,,,,,,,,,,tmin,12.9
2021-10-20,OVR,,,,,,,,,,,,wind_dir_mean_deg,120.5
2021-10-21,00:00,15,12.2,83,ESE,3.2,14.5,1023.91,0,0,0,0,,
2021-10-21,00:15,14.9,11.1,80,ESE,4.8,12.9,1023.71,0,0,0,0,,
2021-10-21,00:30,14.9,11.1,77,ESE,4.8,12.9,1023.6,0,0,0,0,,
2021-10-21,00:45,15,11.1,77,ESE,9.7,14.5,1023.43,0,0,0,0,,
2021-10-21,01:00,14.8,10.6,78,EAST,3.2,12.9,1023.33,0,0,0,0,,
2021-10-21,01:15,14.6,11.1,79,EAST,6.4,12.9,1023.13,0,0,0,0,,
2021-10-21,01:30,15.1,11.7,81,ESE,11.3,14.5,1022.89,0,0,0,0,,
2021-10-21,01:45,15.4,12.2,83,ESE,6.4,14.5,1022.66,0,0,0,0,,
2021-10-21,02:00,15.4,12.2,82,EAST,4.8,12.9,1022.45,0,0,0,0,,
2021-10-21,02:15,15.4,12.2,84,ESE,4.8,11.3,1022.22,0,0,0,0,,
2021-10-21,02:30,14.9,11.7,83,EAST,3.2,11.3,1022.08,0,0,0,0,,
2021-10-21,02:45,14.6,12.2,85,ESE,9.7,9.7,1021.88,0,0,0,0,,
2021-10-21,03:00,14.9,12.2,86,EAST,3.2,12.9,1021.78,0,0,0,0,,
2021-10-21,03:15,14.9,12.8,87,EAST,11.3,16.1,1021.47,0,0,0,0,,
2021-10-21,03:30,16.3,14.4,89,EAST,9.7,14.5,1021.33,0,0,0,0,,
2021-10-21,03:45,16.3,14.4,89,ESE,3.2,11.3,1021.1,0,0,0,0,,
2021-10-21,04:00,16.3,14.4,90,SE,6.4,16.1,1020.73,0,0,0,0,,
2021-10-21,04:15,16.8,15,91,ESE,6.4,19.3,1020.66,0,0,0,0,,
2021-10-21,04:30,16.5,14.4,90,ESE,6.4,12.9,1020.49,0,0,0,0,,
2021-10-21,04:45,16.6,15,91,SE,11.3,16.1,1020.32,0,0,0,0,,
2021-10-21,05:00,16.5,15,91,ESE,6.4,14.5,1020.18,0,0,0,0,,
2021-10-21,05:15,16.7,15,92,SE,11.3,17.7,1020.12,0,0,0,0,,
2021-10-21,05:30,16.8,15.6,92,ESE,14.5,17.7,1020.15,0,0,0,0,,
2021-10-21,05:45,16.7,15,92,ESE,11.3,17.7,1019.98,0,0,0,0,,
2021-10-21,06:00,16.8,15.6,93,ESE,9.7,17.7,1020.05,0,0,0,0,,
2021-10-21,06:15,16.7,15.6,93,SE,11.3,16.1,1019.91,0,0,0,0,,
2021-10-21,06:30,16.8,15.6,93,SE,11.3,17.7,1020.01,0,0,0,0,,
2021-10-21,06:45,16.7,15.6,94,ESE,12.9,19.3,1019.78,0,0,0,0,,
2021-10-21,07:00,16.4,15,94,ESE,9.7,16.1,1019.91,0,0,0,0,,
2021-10-21,07:15,16.4,15.6,94,ESE,6.4,14.5,1019.81,0,0,0,0,,
2021-10-21,07:30,16.4,15,94,ESE,4.8,12.9,1019.78,0,0,0,0,,
2021-10-21,07:45,16.1,15,94,EAST,1.6,11.3,1019.81,0,0,0,0,,
2021-10-21,08:00,15.4,14.4,94,EAST,4.8,6.4,1019.78,0,0,0,11,,
2021-10-21,08:15,15.4,14.4,94,EAST,3.2,6.4,1019.74,0,0,0,18,,
2021-10-21,08:30,15.6,14.4,94,ESE,3.2,9.7,1019.78,0,0,0,28,,
2021-10-21,08:45,16.1,15,95,SE,11.3,14.5,1019.78,0,0,0,148,,
2021-10-21,09:00,16.6,15.6,93,ESE,6.4,12.9,1020.12,0,0,0,169,,
2021-10-21,09:15,16.9,15.6,92,EAST,3.2,11.3,1020.25,0,0,0,257,,
2021-10-21,09:30,17.6,15.6,91,ESE,1.6,6.4,1020.12,0,0,1,304,,
2021-10-21,09:45,18.3,15.6,85,ESE,1.6,4.8,1020.22,0,0,1,339,,
2021-10-21,10:00,18.6,14.4,77,SE,4.8,12.9,1020.22,0,0,1,366,,
2021-10-21,10:15,19.2,14.4,74,ESE,4.8,12.9,1020.15,0,0,1,445,,
2021-10-21,10:30,19.7,14.4,73,EAST,8,11.3,1020.22,0,0,1,475,,
2021-10-21,10:45,20.3,15,72,EAST,4.8,8,1020.15,0,0,2,483,,
2021-10-21,11:00,20.9,12.8,60,NORTH,0,9.7,1020.15,0,0,2,536,,
2021-10-21,11:15,21.3,11.7,54,NORTH,0,6.4,1020.08,0,0,2,557,,
2021-10-21,11:30,21.9,11.1,51,NORTH,0,9.7,1020.12,0,0,2,610,,
2021-10-21,11:45,22.4,12.2,52,WNW,1.6,11.3,1019.98,0,0,3,633,,
2021-10-21,12:00,22.8,11.7,50,ESE,8,6.4,1019.78,0,0,2,492,,
2021-10-21,12:15,22.6,10.6,47,SSE,1.6,6.4,1019.74,0,0,3,661,,
2021-10-21,12:30,23.9,8.3,38,SE,3.2,14.5,1019.57,0,0,3,682,,
2021-10-21,12:45,23.8,7.2,34,SE,8,14.5,1019.54,0,0,3,680,,
2021-10-21,13:00,24.1,6.7,33,SSE,6.4,11.3,1019.24,0,0,3,679,,
2021-10-21,13:15,24.3,6.7,32,SSE,8,16.1,1019.1,0,0,3,687,,
2021-10-21,13:30,24.1,7.2,34,EAST,1.6,16.1,1018.63,0,0,3,698,,
2021-10-21,13:45,24.4,7.2,33,ESE,4.8,17.7,1018.46,0,0,3,510,,
2021-10-21,14:00,24.7,6.7,32,SE,6.4,22.5,1018.42,0,0,3,645,,
2021-10-21,14:15,24.4,7.2,33,NORTH,0,17.7,1018.08,0,0,2,517,,
2021-10-21,14:30,24.7,6.7,31,SE,14.5,22.5,1017.98,0,0,2,482,,
2021-10-21,14:45,24.4,6.1,31,WNW,8,17.7,1017.85,0,0,2,434,,
2021-10-21,15:00,24.9,5.6,29,WNW,4.8,9.7,1017.64,0,0,2,592,,
2021-10-21,15:15,25.5,5,27,WEST,12.9,17.7,1017.31,0,0,2,527,,
2021-10-21,15:30,25.6,5,27,WNW,6.4,11.3,1017.31,0,0,2,501,,
2021-10-21,15:45,25,3.3,25,WEST,14.5,22.5,1017.07,0,0,1,258,,
2021-10-21,16:00,25.1,5.6,29,SOUTH,4.8,29,1016.93,0,0,1,459,,
2021-10-21,16:15,24.5,6.1,31,WNW,6.4,22.5,1016.9,0,0,1,123,,
2021-10-21,16:30,24.2,8.3,37,WNW,8,24.1,1016.9,0,0,0,123,,
2021-10-21,16:45,23.6,10,43,WEST,12.9,30.6,1016.93,0,0,0,220,,
2021-10-21,17:00,23.9,9.4,41,WNW,12.9,25.7,1016.83,0,0,1,290,,
2021-10-21,17:15,23.8,8.9,38,WNW,14.5,25.7,1017.03,0,0,0,49,,
2021-10-21,17:30,23.8,8.3,37,WSW,3.2,19.3,1016.93,0,0,0,39,,
2021-10-21,17:45,23.3,7.2,36,WEST,14.5,24.1,1016.93,0,0,0,26,,
2021-10-21,18:00,22.9,10.6,46,WEST,14.5,27.4,1016.93,0,0,0,19,,
2021-10-21,18:15,21.7,12.2,56,WNW,11.3,20.9,1017,0,0,0,12,,
2021-10-21,18:30,20.9,12.8,61,WEST,6.4,14.5,1016.9,0,0,0,7,,
2021-10-21,18:45,20.1,12.8,64,SW,1.6,4.8,1017.14,0,0,0,0,,
2021-10-21,19:00,19.5,12.8,66,SW,1.6,3.2,1017,0,0,0,0,,
2021-10-21,19:15,19,12.8,67,SSW,1.6,3.2,1017.07,0,0,0,0,,
2021-10-21,19:30,18.3,12.2,69,SSW,3.2,3.2,1017.27,0,0,0,0,,
2021-10-21,19:45,17.8,12.2,71,SSW,1.6,4.8,1017.27,0,0,0,0,,
2021-10-21,20:00,17.5,12.2,72,SSW,3.2,3.2,1017.24,0,0,0,0,,
2021-10-21,20:15,17.6,12.2,72,NORTH,0,3.2,1017.37,0,0,0,0,,
2021-10-21,20:30,17.4,12.2,72,EAST,4.8,4.8,1017.34,0,0,0,0,,
2021-10-21,20:45,17.7,12.2,70,EAST,3.2,4.8,1017.51,0,0,0,0,,
2021-10-21,21:00,17.3,11.7,71,ESE,1.6,4.8,1017.54,0,0,0,0,,
2021-10-21,21:15,17.1,12.2,74,ESE,3.2,3.2,1017.44,0,0,0,0,,
2021-10-21,21:30,17,12.2,76,ESE,3.2,4.8,1017.27,0,0,0,0,,
2021-10-21,21:45,17.2,12.8,75,NORTH,0,3.2,1017.37,0,0,0,0,,
2021-10-21,22:00,16.9,12.8,78,ESE,8,6.4,1017.2,0,0,0,0,,
2021-10-21,22:15,17.9,14.4,80,ESE,11.3,19.3,1017.14,0,0,0,0,,
2021-10-21,22:30,18.2,14.4,81,ESE,12.9,19.3,1017.17,0,0,0,0,,
2021-10-21,22:45,17.9,15,83,SE,14.5,16.1,1017.27,0,0,0,0,,
2021-10-21,23:00,17.6,14.4,83,SE,11.3,12.9,1017.24,0,0,0,0,,
2021-10-21,23:15,17.6,14.4,84,SE,8,14.5,1017.41,0,0,0,0,,
2021-10-21,23:30,17.4,14.4,84,SE,4.8,12.9,1017.27,0,0,0,0,,
2021-10-21,23:45,16.8,13.9,85,SE,1.6,3.2,1017.41,0,0,0,0,,
2021-10-21,OVR,,,,,,,,,,,,gustmax,30.6
2021-10-21,OVR,,,,,,,,,,,,rainrate_max,0
2021-10-21,OVR,,,,,,,,,,,,rain_total_mm,0
2021-10-21,OVR,,,,,,,,,,,,tmax,25.7
2021-10-21,OVR,,,,,,,,,,,,tmin,14.4
2021-10-21,OVR,,,,,,,,,,,,wind_dir_mean_deg,120.4
2021-10-22,00:00,16.7,13.9,86,NORTH,0,1.6,1017.37,0,0,0,0,,
2021-10-22,00:15,17,14.4,86,ESE,3.2,6.4,1017.37,0,0,0,0,,
2021-10-22,00:30,16.7,14.4,87,SE,3.2,6.4,1017.41,0,0,0,0,,
2021-10-22,00:45,16.3,13.9,87,NORTH,0,6.4,1017.41,0,0,0,0,,
2021-10-22,01:00,16.1,13.9,88,ESE,1.6,3.2,1017.37,0,0,0,0,,
2021-10-22,01:15,15.8,13.9,89,NORTH,0,3.2,1017.44,0,0,0,0,,
2021-10-22,01:30,15.3,13.3,88,ESE,1.6,3.2,1017.17,0,0,0,0,,
2021-10-22,01:45,14.9,12.8,90,NORTH,0,3.2,1017.14,0,0,0,0,,
2021-10-22,02:00,15.3,13.3,90,ESE,1.6,3.2,1017.14,0,0,0,0,,
2021-10-22,02:15,15,13.3,92,ESE,3.2,3.2,1017.07,0,0,0,0,,
2021-10-22,02:30,15.4,13.9,91,NORTH,0,4.8,1017.07,0,0,0,0,,
2021-10-22,02:45,15.4,13.9,91,NORTH,0,4.8,1016.93,0,0,0,0,,
2021-10-22,03:00,15.3,13.9,91,NE,3.2,6.4,1017.07,0,0,0,0,,
2021-10-22,03:15,15.8,14.4,92,NE,4.8,4.8,1016.8,0,0,0,0,,
2021-10-22,03:30,16.4,14.4,91,NE,8,8,1016.73,0,0,0,0,,
2021-10-22,03:45,16.6,14.4,89,NE,4.8,8,1016.46,0,0,0,0,,
2021-10-22,04:00,16.7,14.4,89,ENE,4.8,8,1016.56,0,0,0,0,,
2021-10-22,04:15,16.7,14.4,88,ENE,4.8,6.4,1016.46,0,0,0,0,,
2021-10-22,04:30,16.7,14.4,88,ENE,4.8,9.7,1016.42,0,0,0,0,,
2021-10-22,04:45,16.2,13.9,88,ENE,1.6,6.4,1016.36,0,0,0,0,,
2021-10-22,05:00,16.2,14.4,89,ESE,1.6,4.8,1016.32,0,0,0,0,,
2021-10-22,05:15,16.4,14.4,88,NORTH,0,3.2,1016.59,0,0,0,0,,
2021-10-22,05:30,16.1,13.9,89,ESE,1.6,1.6,1016.36,0,0,0,0,,
2021-10-22,05:45,16.1,14.4,90,NORTH,0,1.6,1016.36,0,0,0,0,,
2021-10-22,06:00,16.2,14.4,90,ESE,3.2,3.2,1016.19,0,0,0,0,,
2021-10-22,06:15,15.7,13.9,91,ESE,1.6,3.2,1016.22,0,0,0,0,,
2021-10-22,06:30,15.8,14.4,91,ESE,3.2,3.2,1016.32,0,0,0,0,,
2021-10-22,06:45,15.9,14.4,91,ESE,3.2,3.2,1016.19,0,0,0,0,,
2021-10-22,07:00,16.3,14.4,90,ESE,1.6,4.8,1016.02,0,0,0,0,,
2021-10-22,07:15,16.2,13.9,88,ESE,1.6,3.2,1016.29,0,0,0,0,,
2021-10-22,07:30,16.1,13.9,88,ESE,3.2,3.2,1016.05,0,0,0,0,,
2021-10-22,07:45,16.3,13.9,86,ESE,4.8,4.8,1015.85,0,0,0,0,,
2021-10-22,08:00,16.8,13.9,84,NORTH,0,4.8,1016.02,0,0,0,32,,
2021-10-22,08:15,17.1,13.9,83,ESE,1.6,4.8,1016.05,0,0,0,30,,
2021-10-22,08:30,16.8,13.9,83,ESE,1.6,3.2,1016.12,0,0,0,53,,
2021-10-22,08:45,17.4,13.9,81,NORTH,0,1.6,1016.59,0,0,0,47,,
2021-10-22,09:00,17.2,13.9,83,ESE,1.6,3.2,1016.56,0,0,0,40,,
2021-10-22,09:15,17.2,14.4,83,ESE,1.6,3.2,1016.59,0,0,0,54,,
2021-10-22,09:30,16.9,14.4,86,NORTH,0,8,1017.24,0,0,0,132,,
2021-10-22,09:45,17.7,14.4,84,NORTH,0,3.2,1017.41,0,0,0,165,,
2021-10-22,10:00,18,14.4,81,WNW,6.4,8,1017.31,0,0,0,118,,
2021-10-22,10:15,18.1,15,84,NW,6.4,8,1017.2,0,0,1,318,,
2021-10-22,10:30,18.3,14.4,80,NW,1.6,4.8,1017.37,0,0,1,176,,
2021-10-22,10:45,18.7,15,79,WNW,3.2,4.8,1017.64,0,0,1,158,,
2021-10-22,11:00,19.1,15,77,NW,8,11.3,1017.41,0,0,1,299,,
2021-10-22,11:15,19.3,15,76,NW,4.8,8,1017.37,0,0,1,302,,
2021-10-22,11:30,19.3,14.4,75,NW,4.8,6.4,1017.54,0,0,1,251,,
2021-10-22,11:45,19.8,15,74,NW,4.8,11.3,1017.71,0,0,2,346,,
2021-10-22,12:00,19.7,15,74,NW,8,12.9,1017.41,0,0,1,271,,
2021-10-22,12:15,19.8,15,74,NNW,3.2,12.9,1017.44,0,0,2,264,,
2021-10-22,12:30,19.9,15.6,75,NW,6.4,12.9,1017.37,0,0,2,510,,
2021-10-22,12:45,20.5,15.6,75,NW,1.6,14.5,1017.27,0,0,3,647,,
2021-10-22,13:00,20.8,15.6,74,NW,4.8,12.9,1017.34,0,0,3,666,,
2021-10-22,13:15,21.6,15.6,70,WNW,14.5,14.5,1017.17,0,0,3,668,,
2021-10-22,13:30,21.7,13.9,63,NORTH,3.2,9.7,1017.07,0,0,2,445,,
2021-10-22,13:45,21.8,15,65,NW,3.2,11.3,1016.86,0,0,2,385,,
2021-10-22,14:00,22,13.3,59,WNW,4.8,8,1016.63,0,0,2,236,,
2021-10-22,14:15,21.9,14.4,63,WNW,11.3,20.9,1016.7,0,0,2,251,,
2021-10-22,14:30,22.2,15,65,WNW,11.3,22.5,1016.66,0,0,2,694,,
2021-10-22,14:45,22.5,15.6,64,WEST,17.7,17.7,1016.46,0,0,2,290,,
2021-10-22,15:00,22.5,15.6,64,WNW,20.9,19.3,1016.32,0,0,2,534,,
2021-10-22,15:15,21.6,15,68,WEST,20.9,29,1016.22,0,0,1,229,,
2021-10-22,15:30,21,15,70,WNW,19.3,29,1016.36,0,0,1,220,,
2021-10-22,15:45,20.7,14.4,68,WNW,11.3,29,1016.19,0,0,1,204,,
2021-10-22,16:00,20.8,15,70,WEST,12.9,27.4,1016.53,0,0,1,155,,
2021-10-22,16:15,20.3,14.4,70,WNW,16.1,29,1016.56,0,0,1,135,,
2021-10-22,16:30,20.2,14.4,70,WEST,11.3,29,1016.56,0,0,0,118,,
2021-10-22,16:45,20.2,14.4,69,WNW,19.3,27.4,1016.53,0,0,0,160,,
2021-10-22,17:00,19.9,13.9,69,WEST,16.1,27.4,1016.46,0,0,0,141,,
2021-10-22,17:15,19.8,13.9,69,WEST,19.3,22.5,1016.59,0,0,0,83,,
2021-10-22,17:30,19.6,13.9,69,WEST,6.4,20.9,1016.59,0,0,0,51,,
2021-10-22,17:45,19.4,13.3,68,WEST,6.4,20.9,1016.46,0,0,0,33,,
2021-10-22,18:00,19.3,12.8,67,WNW,6.4,16.1,1016.56,0,0,0,21,,
2021-10-22,18:15,19.1,13.3,70,WEST,11.3,20.9,1016.53,0,0,0,14,,
2021-10-22,18:30,18.5,13.3,71,WEST,1.6,12.9,1016.63,0,0,0,0,,
2021-10-22,18:45,17.9,12.8,74,WSW,3.2,11.3,1016.56,0,0,0,0,,
2021-10-22,19:00,17.4,12.8,75,SSW,3.2,3.2,1016.56,0,0,0,0,,
2021-10-22,19:15,17.1,12.8,76,NORTH,0,6.4,1016.7,0,0,0,0,,
2021-10-22,19:30,16.9,12.8,77,NORTH,0,6.4,1017.14,0,0,0,0,,
2021-10-22,19:45,16.4,12.8,80,SSE,1.6,6.4,1017.31,0,0,0,0,,
2021-10-22,20:00,16.7,12.8,80,WNW,11.3,14.5,1017.34,0,0,0,0,,
2021-10-22,20:15,16.6,12.8,80,NW,4.8,6.4,1017.51,0,0,0,0,,
2021-10-22,20:30,16.2,12.8,81,NORTH,0,3.2,1017.64,0,0,0,0,,
2021-10-22,20:45,15.9,12.8,82,NORTH,0,1.6,1017.68,0,0,0,0,,
2021-10-22,21:00,15.8,12.8,83,NORTH,0,3.2,1017.81,0,0,0,0,,
2021-10-22,21:15,15.6,12.8,84,NORTH,0,0,1017.78,0,0,0,0,,
2021-10-22,21:30,15.3,12.8,86,,1.6,3.2,1017.78,0,0,0,0,,
2021-10-22,21:45,15.4,12.8,86,NORTH,0,4.8,1017.78,0,0,0,0,,
2021-10-22,22:00,15.2,12.8,85,WNW,1.6,1.6,1017.91,0,0,0,0,,
2021-10-22,22:15,15.1,12.8,87,NORTH,0,3.2,1017.88,0,0,0,0,,
2021-10-22,22:30,14.7,12.8,89,WNW,1.6,4.8,1017.95,0,0,0,0,,
2021-10-22,22:45,14.7,12.2,88,NORTH,0,3.2,1018.12,0,0,0,0,,
2021-10-22,23:00,14.9,12.8,88,NORTH,0,3.2,1018.08,0,0,0,0,,
2021-10-22,23:15,15,12.8,89,WNW,1.6,3.2,1018.19,0,0,0,0,,
2021-10-22,23:30,14.7,12.8,90,NORTH,0,3.2,1018.25,0,0,0,0,,
2021-10-22,23:45,14.7,12.8,90,WNW,1.6,3.2,1018.15,0,0,0,0,,
2021-10-22,OVR,,,,,,,,,,,,gustmax,29
2021-10-22,OVR,,,,,,,,,,,,rainrate_max,0
2021-10-22,OVR,,,,,,,,,,,,rain_total_mm,0
2021-10-22,OVR,,,,,,,,,,,,tmax,22.6
2021-10-22,OVR,,,,,,,,,,,,tmin,14.4
2021-10-22,OVR,,,,,,,,,,,,wind_dir_mean_deg,342.5
2021-10-23,00:00,14.7,12.8,90,NORTH,0,3.2,1018.12,0,0,0,0,,
2021-10-23,00:15,14.5,12.2,89,NORTH,0,1.6,1018.19,0,0,0,0,,
2021-10-23,00:30,14.2,12.2,89,NORTH,0,3.2,1018.25,0,0,0,0,,
2021-10-23,00:45,14.3,12.2,89,NORTH,0,3.2,1018.29,0,0,0,0,,
2021-10-23,01:00,14.8,12.8,89,WNW,1.6,3.2,1018.22,0,0,0,0,,
2021-10-23,01:15,14.6,12.8,89,WNW,1.6,3.2,1018.02,0,0,0,0,,
2021-10-23,01:30,14.4,12.8,90,NORTH,0,3.2,1018.12,0,0,0,0,,
2021-10-23,01:45,14.4,12.8,89,NE,3.2,3.2,1018.02,0,0,0,0,,
2021-10-23,02:00,14.9,12.8,89,ENE,3.2,4.8,1017.88,0,0,0,0,,
2021-10-23,02:15,14.6,12.2,86,ENE,1.6,3.2,1017.91,0,0,0,0,,
2021-10-23,02:30,14.3,11.7,86,NORTH,0,4.8,1018.02,0,0,0,0,,
2021-10-23,02:45,14.4,12.2,87,ESE,3.2,3.2,1017.91,0,0,0,0,,
2021-10-23,03:00,14.6,12.2,86,ESE,3.2,3.2,1017.81,0,0,0,0,,
2021-10-23,03:15,14.5,11.7,85,EAST,3.2,6.4,1017.71,0,0,0,0,,
2021-10-23,03:30,15.1,12.2,84,EAST,6.4,9.7,1017.58,0,0,0,0,,
2021-10-23,03:45,15.2,12.2,84,ESE,3.2,9.7,1017.37,0,0,0,0,,
2021-10-23,04:00,15.6,12.8,84,ESE,1.6,6.4,1017.27,0,0,0,0,,
2021-10-23,04:15,16.3,12.2,79,NORTH,0,4.8,1017.2,0,0,0,0,,
2021-10-23,04:30,15.7,12.2,81,NORTH,0,3.2,1017.03,0,0,0,0,,
2021-10-23,04:45,15.3,12.2,83,ESE,3.2,3.2,1017,0,0,0,0,,
2021-10-23,05:00,14.7,12.2,85,ESE,1.6,3.2,1017.03,0,0,0,0,,
2021-10-23,05:15,14.6,12.2,86,ESE,1.6,3.2,1016.9,0,0,0,0,,
2021-10-23,05:30,15.6,12.8,83,NORTH,0,3.2,1016.93,0,0,0,0,,
2021-10-23,05:45,15.8,12.2,82,ESE,1.6,3.2,1016.8,0,0,0,0,,
2021-10-23,06:00,15.8,12.2,81,ESE,3.2,3.2,1016.93,0,0,0,0,,
2021-10-23,06:15,15,12.2,84,ESE,3.2,4.8,1017,0,0,0,0,,
2021-10-23,06:30,14.2,11.7,84,NORTH,0,3.2,1016.97,0,0,0,0,,
2021-10-23,06:45,14.3,11.7,86,NORTH,0,3.2,1016.86,0,0,0,0,,
2021-10-23,07:00,15.2,12.2,82,ESE,1.6,3.2,1016.83,0,0,0,0,,
2021-10-23,07:15,15.3,11.7,81,NORTH,0,3.2,1016.97,0,0,0,0,,
2021-10-23,07:30,14.6,11.1,81,ESE,1.6,3.2,1016.93,0,0,0,0,,
2021-10-23,07:45,15,11.7,81,ESE,1.6,3.2,1017.03,0,0,0,0,,
2021-10-23,08:00,15.8,11.1,73,ESE,3.2,6.4,1016.93,0,0,0,26,,
2021-10-23,08:15,16.1,11.7,76,ESE,6.4,11.3,1017.14,0,0,0,46,,
2021-10-23,08:30,15.7,10.6,73,ESE,1.6,6.4,1017.34,0,0,0,65,,
2021-10-23,08:45,15.7,10.6,72,NORTH,0,9.7,1017.64,0,0,0,134,,
2021-10-23,09:00,16.3,10.6,70,SE,3.2,4.8,1017.64,0,0,0,151,,
2021-10-23,09:15,16.4,10.6,69,ESE,3.2,3.2,1017.91,0,0,0,162,,
2021-10-23,09:30,16.3,10.6,70,NW,6.4,9.7,1018.29,0,0,0,148,,
2021-10-23,09:45,16.1,10.6,71,NW,4.8,6.4,1018.35,0,0,0,167,,
2021-10-23,10:00,17,11.1,70,NW,3.2,3.2,1018.52,0,0,1,329,,
2021-10-23,10:15,19,11.7,62,SE,6.4,9.7,1018.9,0,0,1,323,,
2021-10-23,10:30,19.2,11.7,62,NORTH,0,4.8,1018.86,0,0,1,330,,
2021-10-23,10:45,19.7,10,55,SE,4.8,11.3,1018.93,0,0,1,364,,
2021-10-23,11:00,19.9,11.1,56,ESE,1.6,6.4,1018.86,0,0,1,267,,
2021-10-23,11:15,20.2,11.7,58,ENE,4.8,9.7,1018.86,0,0,1,301,,
2021-10-23,11:30,20.1,12.2,61,EAST,4.8,11.3,1019.13,0,0,1,239,,
2021-10-23,11:45,20.3,12.8,62,ESE,4.8,9.7,1019.07,0,0,1,308,,
2021-10-23,12:00,20.5,11.7,57,EAST,3.2,11.3,1019.17,0,0,2,388,,
2021-10-23,12:15,20.9,11.1,54,SE,8,11.3,1019.27,0,0,2,302,,
2021-10-23,12:30,21,10.6,52,SE,6.4,14.5,1019.1,0,0,2,455,,
2021-10-23,12:45,21.7,14.4,63,SSE,8,14.5,1018.96,0,0,2,489,,
2021-10-23,13:00,21.6,13.9,63,SE,6.4,19.3,1018.8,0,0,3,629,,
2021-10-23,13:15,21.9,15,67,SE,11.3,19.3,1018.66,0,0,2,619,,
2021-10-23,13:30,21.8,15,66,SE,3.2,19.3,1018.66,0,0,2,371,,
2021-10-23,13:45,22,15.6,67,ESE,11.3,16.1,1018.56,0,0,2,248,,
2021-10-23,14:00,22.6,15.6,65,SE,11.3,14.5,1018.35,0,0,2,591,,
2021-10-23,14:15,22.7,15.6,64,SSE,8,17.7,1018.22,0,0,2,561,,
2021-10-23,14:30,22.4,15,64,SSE,6.4,14.5,1018.29,0,0,2,404,,
2021-10-23,14:45,23.4,15.6,63,SSE,1.6,9.7,1018.05,0,0,2,550,,
2021-10-23,15:00,22.8,14.4,60,SE,6.4,16.1,1018.15,0,0,2,515,,
2021-10-23,15:15,23.6,15,60,SSE,8,11.3,1017.85,0,0,2,468,,
2021-10-23,15:30,23.4,15,60,SE,3.2,12.9,1017.81,0,0,1,446,,
2021-10-23,15:45,23.4,13.9,56,SE,8,9.7,1017.91,0,0,1,417,,
2021-10-23,16:00,23.7,13.9,55,SSE,6.4,14.5,1017.95,0,0,1,362,,
2021-10-23,16:15,23.7,14.4,56,NW,6.4,8,1017.88,0,0,1,316,,
2021-10-23,16:30,23.4,12.8,52,SE,3.2,6.4,1017.71,0,0,1,267,,
2021-10-23,16:45,23.6,13.9,55,SSE,1.6,9.7,1017.81,0,0,0,223,,
2021-10-23,17:00,22.9,13.9,57,WEST,14.5,19.3,1018.08,0,0,0,174,,
2021-10-23,17:15,21.7,13.3,60,WEST,16.1,22.5,1018.15,0,0,0,72,,
2021-10-23,17:30,21.1,12.8,60,WEST,17.7,20.9,1018.19,0,0,0,58,,
2021-10-23,17:45,20.8,13.3,62,WNW,6.4,14.5,1018.19,0,0,0,42,,
2021-10-23,18:00,20.6,12.8,61,WNW,1.6,6.4,1018.12,0,0,0,26,,
2021-10-23,18:15,20.1,12.8,63,NORTH,0,4.8,1018.25,0,0,0,18,,
2021-10-23,18:30,19.2,12.2,66,ESE,4.8,6.4,1018.56,0,0,0,0,,
2021-10-23,18:45,18.9,12.2,67,SE,3.2,6.4,1018.9,0,0,0,0,,
2021-10-23,19:00,18.8,12.2,67,SE,3.2,6.4,1019.1,0,0,0,0,,
2021-10-23,19:15,18.5,12.2,68,ESE,6.4,4.8,1019.13,0,0,0,0,,
2021-10-23,19:30,19.5,14.4,73,ESE,4.8,12.9,1019.54,0,0,0,0,,
2021-10-23,19:45,19.6,15,76,ESE,6.4,19.3,1019.4,0,0,0,0,,
2021-10-23,20:00,19.2,15,78,ESE,9.7,14.5,1019.37,0,0,0,0,,
2021-10-23,20:15,18.8,15,80,ESE,14.5,14.5,1019.4,0,0,0,0,,
2021-10-23,20:30,18.7,15,80,ESE,12.9,14.5,1019.34,0,0,0,0,,
2021-10-23,20:45,18.6,15,80,ESE,12.9,16.1,1019.37,0,0,0,0,,
2021-10-23,21:00,18.4,14.4,80,SE,8,12.9,1019.44,0,0,0,0,,
2021-10-23,21:15,18.5,15,80,ESE,8,14.5,1019.3,0,0,0,0,,
2021-10-23,21:30,18.4,14.4,80,ESE,3.2,14.5,1019.51,0,0,0,0,,
2021-10-23,21:45,18.2,14.4,81,ESE,9.7,12.9,1019.47,0,0,0,0,,
2021-10-23,22:00,18,14.4,81,ENE,4.8,14.5,1019.84,0,0,0,0,,
2021-10-23,22:15,17.9,14.4,81,EAST,11.3,17.7,1019.81,0,0,0,0,,
2021-10-23,22:30,17.8,14.4,82,ESE,17.7,19.3,1019.78,0,0,0,0,,
2021-10-23,22:45,17.8,14.4,82,EAST,17.7,20.9,1019.68,0,0,0,0,,
2021-10-23,23:00,17.7,14.4,83,ESE,16.1,22.5,1019.98,0,0,0,0,,
2021-10-23,23:15,17.7,14.4,83,ESE,6.4,20.9,1020.08,0,0,0,0,,
2021-10-23,23:30,17.6,14.4,84,EAST,12.9,17.7,1020.05,0,0,0,0,,
2021-10-23,23:45,17.4,14.4,84,EAST,6.4,22.5,1020.35,0,0,0,0,,
2021-10-23,OVR,,,,,,,,,,,,gustmax,24.1
2021-10-23,OVR,,,,,,,,,,,,rainrate_max,0
2021-10-23,OVR,,,,,,,,,,,,rain_total_mm,0
2021-10-23,OVR,,,,,,,,,,,,tmax,24
2021-10-23,OVR,,,,,,,,,,,,tmin,13.9
2021-10-23,OVR,,,,,,,,,,,,wind_dir_mean_deg,100.8
2021-10-24,00:00,17.4,14.4,84,ENE,11.3,17.7,1020.25,0,0,0,0,,
2021-10-24,00:15,17.4,14.4,83,ESE,6.4,17.7,1020.56,0,0,0,0,,
2021-10-24,00:30,17.5,14.4,83,ENE,8,17.7,1020.32,0,0,0,0,,
2021-10-24,00:45,17.7,14.4,82,NE,8,17.7,1020.39,0,0,0,0,,
2021-10-24,01:00,17.6,14.4,82,EAST,11.3,17.7,1020.42,0,0,0,0,,
2021-10-24,01:15,17.3,14.4,84,NE,11.3,20.9,1020.29,0,0,0,0,,
2021-10-24,01:30,17.4,14.4,84,ENE,12.9,19.3,1020.18,0,0,0,0,,
2021-10-24,01:45,17.3,14.4,85,EAST,3.2,12.9,1020.32,0,0,0,0,,
2021-10-24,02:00,16.7,14.4,86,EAST,3.2,4.8,1020.49,0,0,0,0,,
2021-10-24,02:15,16.2,13.9,88,NORTH,0,3.2,1020.42,0,0,0,0,,
2021-10-24,02:30,16.1,13.9,88,EAST,1.6,3.2,1020.18,0,0,0,0,,
2021-10-24,02:45,15.7,13.9,90,EAST,3.2,3.2,1020.01,0,0,0,0,,
2021-10-24,03:00,15.9,13.9,90,NORTH,0,4.8,1020.01,0,0,0,0,,
2021-10-24,03:15,15.5,13.9,90,NW,1.6,6.4,1019.81,0,0,0,0,,
2021-10-24,03:30,15.1,13.3,90,NW,3.2,3.2,1019.64,0,0,0,0,,
2021-10-24,03:45,15,13.3,90,NORTH,0,3.2,1019.64,0,0,0,0,,
2021-10-24,04:00,14.7,13.3,92,NW,1.6,3.2,1019.24,0,0,0,0,,
2021-10-24,04:15,14.8,13.3,92,NW,3.2,3.2,1019.07,0,0,0,0,,
2021-10-24,04:30,14.9,13.3,92,ESE,1.6,4.8,1019.17,0,0,0,0,,
2021-10-24,04:45,14.8,13.3,91,ESE,3.2,4.8,1019.24,0,0,0,0,,
2021-10-24,05:00,15.1,13.3,90,ESE,1.6,4.8,1019.07,0,0,0,0,,
2021-10-24,05:15,15,13.3,91,ESE,3.2,4.8,1019.1,0,0,0,0,,
2021-10-24,05:30,15.4,13.3,90,ESE,3.2,4.8,1018.93,0,0,0,0,,
2021-10-24,05:45,14.9,13.3,90,ESE,1.6,3.2,1018.83,0,0,0,0,,
2021-10-24,06:00,15.1,13.3,89,ESE,1.6,6.4,1019.07,0,0,0,0,,
2021-10-24,06:15,14.8,12.8,88,NORTH,0,4.8,1019.03,0,0,0,0,,
2021-10-24,06:30,15.2,13.3,89,ESE,6.4,11.3,1018.8,0,0,0,0,,
2021-10-24,06:45,15.8,13.3,85,ENE,8,12.9,1018.86,0,0,0,0,,
2021-10-24,07:00,15.9,13.3,84,EAST,9.7,12.9,1018.8,0,0,0,0,,
2021-10-24,07:15,16.1,12.8,82,ENE,12.9,14.5,1019.13,0,0,0,0,,
2021-10-24,07:30,16,12.8,82,EAST,6.4,12.9,1019.07,0,0,0,0,,
2021-10-24,07:45,16.2,12.8,80,EAST,4.8,8,1019.07,0,0,0,0,,
2021-10-24,08:00,15.9,12.2,80,EAST,1.6,4.8,1018.93,0,0,0,7,,
2021-10-24,08:15,15.3,12.2,82,EAST,3.2,4.8,1019.3,0,0,0,19,,
2021-10-24,08:30,15.9,12.2,79,EAST,1.6,6.4,1019.2,0,0,0,35,,
2021-10-24,08:45,16.7,12.2,77,NORTH,0,3.2,1019.47,0,0,0,53,,
2021-10-24,09:00,15.6,12.2,83,NORTH,0,6.4,1019.61,0,0,0,76,,
2021-10-24,09:15,15.7,12.8,84,NORTH,0,3.2,1019.68,0,0,0,91,,
2021-10-24,09:30,16.2,13.3,83,NORTH,0,1.6,1020.01,0,0,0,107,,
2021-10-24,09:45,16.8,13.3,80,WNW,1.6,1.6,1019.74,0,0,0,125,,
2021-10-24,10:00,16.8,13.3,80,WNW,4.8,4.8,1019.81,0,0,0,165,,
2021-10-24,10:15,17.4,13.9,79,NW,4.8,8,1019.64,0,0,1,234,,
2021-10-24,10:30,17.2,13.3,79,NW,4.8,12.9,1019.57,0,0,1,265,,
2021-10-24,10:45,17.3,13.3,79,WNW,11.3,12.9,1019.64,0,0,1,255,,
2021-10-24,11:00,17.6,13.3,78,NW,6.4,6.4,1019.91,0,0,1,236,,
2021-10-24,11:15,17.7,13.3,76,WNW,6.4,12.9,1019.54,0,0,1,253,,
2021-10-24,11:30,18.4,13.3,73,NW,3.2,11.3,1019.47,0,0,1,243,,
2021-10-24,11:45,18.7,13.3,72,NW,4.8,14.5,1019.51,0,0,1,227,,
2021-10-24,12:00,19,13.3,71,WNW,6.4,11.3,1019.4,0,0,1,294,,
2021-10-24,12:15,19.5,13.9,71,WEST,9.7,11.3,1019.4,0,0,2,297,,
2021-10-24,12:30,19.5,13.9,71,WEST,14.5,16.1,1019.17,0,0,1,248,,
2021-10-24,12:45,19.6,13.3,69,NW,3.2,12.9,1019.24,0,0,1,206,,
2021-10-24,13:00,19.7,13.9,71,WEST,16.1,17.7,1019.24,0,0,1,155,,
2021-10-24,13:15,19.7,13.9,69,WNW,6.4,14.5,1019.34,0,0,1,144,,
2021-10-24,13:30,19.7,13.9,70,WNW,8,14.5,1019.13,0,0,1,155,,
2021-10-24,13:45,19.8,14.4,71,WNW,3.2,11.3,1018.8,0,0,1,207,,
2021-10-24,14:00,20.1,13.9,69,WNW,1.6,8,1018.63,0,0,1,125,,
2021-10-24,14:15,20.4,13.3,64,NW,3.2,8,1018.52,0,0,0,88,,
2021-10-24,14:30,20.3,13.3,66,NW,6.4,11.3,1018.42,0,0,0,49,,
2021-10-24,14:45,20,13.9,68,NW,1.6,6.4,1018.35,0,0,0,47,,
2021-10-24,15:00,19.5,14.4,74,NW,1.6,12.9,1018.25,0,0,0,95,,
2021-10-24,15:15,19,14.4,75,NNW,4.8,12.9,1018.32,0,0,0,84,,
2021-10-24,15:30,18.3,15,81,NORTH,0,6.4,1018.15,0.25,0.25,0,74,,
2021-10-24,15:45,17.7,14.4,83,NORTH,0,1.6,1017.91,0.51,0.51,0,83,,
2021-10-24,16:00,17.9,15,84,NNW,3.2,4.8,1017.88,0.51,0.51,0,72,,
2021-10-24,16:15,17.6,15,85,NNW,1.6,4.8,1018.22,1.02,1.02,0,90,,
2021-10-24,16:30,17.5,14.4,85,NNW,3.2,6.4,1018.08,1.02,0.76,0,83,,
2021-10-24,16:45,17.5,14.4,82,NNW,1.6,11.3,1018.08,1.02,0.51,0,32,,
2021-10-24,17:00,17.1,14.4,85,NNW,4.8,6.4,1018.22,1.27,0.51,0,33,,
2021-10-24,17:15,16.6,13.9,85,NNE,1.6,12.9,1018.32,2.03,1.02,0,18,,
2021-10-24,17:30,16.1,13.9,87,NNE,6.4,9.7,1018.22,3.05,2.03,0,14,,
2021-10-24,17:45,15.8,13.9,89,NNW,8,11.3,1018.29,3.56,2.54,0,14,,
2021-10-24,18:00,15.6,13.9,89,,3.2,11.3,1018.29,4.06,2.79,0,0,,
2021-10-24,18:15,15.6,13.9,89,NNW,3.2,12.9,1018.39,4.32,2.29,0,0,,
2021-10-24,18:30,15.4,13.9,90,NW,4.8,8,1018.39,4.57,1.52,0,0,,
2021-10-24,18:45,15.3,13.9,91,NW,4.8,8,1018.46,5.33,1.52,0,0,,
2021-10-24,19:00,15.1,13.9,92,NNW,6.4,12.9,1018.46,5.59,1.52,0,0,,
2021-10-24,19:15,15,13.3,92,NNW,8,12.9,1018.52,5.59,1.52,0,0,,
2021-10-24,19:30,15,13.9,93,NNW,4.8,9.7,1018.49,5.59,1.02,0,0,,
2021-10-24,19:45,14.9,13.3,93,NW,12.9,19.3,1018.35,5.59,0.25,0,0,,
2021-10-24,20:00,14.9,13.3,92,NW,6.4,19.3,1018.56,5.59,0,0,0,,
2021-10-24,20:15,14.9,13.3,92,NW,8,16.1,1018.39,5.59,0,0,0,,
2021-10-24,20:30,14.9,13.3,92,WNW,11.3,17.7,1018.19,5.59,0,0,0,,
2021-10-24,20:45,15.1,13.3,91,NW,8,24.1,1018.22,5.59,0,0,0,,
2021-10-24,21:00,15.2,13.3,90,NW,8,19.3,1018.15,5.59,0,0,0,,
2021-10-24,21:15,15.3,13.3,89,NW,8,16.1,1018.19,5.59,0,0,0,,
2021-10-24,21:30,15.3,13.3,88,NNW,3.2,14.5,1018.39,5.59,0,0,0,,
2021-10-24,21:45,15.3,13.3,88,WNW,4.8,14.5,1018.39,5.59,0,0,0,,
2021-10-24,22:00,15.3,13.3,88,WNW,11.3,12.9,1018.49,5.59,0,0,0,,
2021-10-24,22:15,15.2,13.3,88,WNW,1.6,17.7,1018.59,5.59,0,0,0,,
2021-10-24,22:30,15.1,12.8,88,NW,3.2,8,1018.46,5.59,0,0,0,,
2021-10-24,22:45,15.1,12.8,88,NNW,3.2,6.4,1018.63,5.59,0,0,0,,
2021-10-24,23:00,15.1,12.8,88,NNW,1.6,6.4,1018.49,5.59,0,0,0,,
2021-10-24,23:15,15.1,12.8,88,NW,1.6,6.4,1018.63,5.59,0,0,0,,
2021-10-24,23:30,15.1,12.8,87,NORTH,0,6.4,1018.59,5.59,0,0,0,,
2021-10-24,23:45,14.9,12.8,88,NW,4.8,11.3,1018.46,5.59,0,0,0,,
2021-10-24,OVR,,,,,,,,,,,,gustmax,24.1
2021-10-24,OVR,,,,,,,,,,,,rainrate_max,5.2
2021-10-24,OVR,,,,,,,,,,,,rain_total_mm,5.6
2021-10-24,OVR,,,,,,,,,,,,tmax,20.4
2021-10-24,OVR,,,,,,,,,,,,tmin,14.4
2021-10-24,OVR,,,,,,,,,,,,wind_dir_mean_deg,346.1
2021-10-25,00:00,14.9,12.8,88,NW,8,12.9,1018.63,0,0,0,0,,
2021-10-25,00:15,14.9,12.8,88,NW,3.2,8,1018.59,0,0,0,0,,
2021-10-25,00:30,15,12.8,87,NW,6.4,8,1018.73,0,0,0,0,,
2021-10-25,00:45,14.9,12.8,87,NNW,1.6,6.4,1018.39,0,0,0,0,,
2021-10-25,01:00,14.8,12.8,87,NW,3.2,6.4,1018.52,0,0,0,0,,
2021-10-25,01:15,14.9,12.2,86,NNW,6.4,9.7,1018.52,0,0,0,0,,
2021-10-25,01:30,15,12.2,86,NW,3.2,8,1018.46,0.25,0.25,0,0,,
2021-10-25,01:45,14.6,12.8,89,WNW,4.8,8,1018.29,0.51,0.51,0,0,,
2021-10-25,02:00,14.3,12.2,90,NW,8,8,1018.32,0.51,0.51,0,0,,
2021-10-25,02:15,14.2,12.2,90,WNW,6.4,8,1018.39,0.51,0.51,0,0,,
2021-10-25,02:30,14.3,12.2,90,NW,6.4,11.3,1018.19,0.51,0.25,0,0,,
2021-10-25,02:45,14.4,12.8,90,WNW,1.6,8,1018.19,0.51,0,0,0,,
2021-10-25,03:00,14.4,12.8,89,WNW,8,8,1018.22,0.51,0,0,0,,
2021-10-25,03:15,14.5,12.8,89,NW,4.8,11.3,1018.05,0.51,0,0,0,,
2021-10-25,03:30,14.5,12.2,89,NW,3.2,6.4,1017.88,0.51,0,0,0,,
2021-10-25,03:45,14.4,12.2,88,NNW,1.6,6.4,1017.91,0.51,0,0,0,,
2021-10-25,04:00,14.6,12.2,88,NW,4.8,8,1017.98,0.51,0.25,0,0,,
2021-10-25,04:15,14.6,12.2,87,NNW,8,9.7,1017.88,0.51,0.25,0,0,,
2021-10-25,04:30,14.7,12.2,86,NNE,3.2,14.5,1017.71,0.51,0.25,0,0,,
2021-10-25,04:45,14.5,12.2,87,NORTH,0,4.8,1017.61,0.76,0.51,0,0,,
2021-10-25,05:00,14.2,12.2,89,NORTH,0,3.2,1017.64,1.02,0.51,0,0,,
2021-10-25,05:15,14,12.2,90,NE,1.6,3.2,1017.75,1.02,0.51,0,0,,
2021-10-25,05:30,13.9,12.2,91,NORTH,0,3.2,1017.71,1.02,0.51,0,0,,
2021-10-25,05:45,14.1,12.2,90,EAST,3.2,4.8,1017.95,1.02,0.25,0,0,,
2021-10-25,06:00,14.2,12.2,90,NNW,1.6,4.8,1017.98,1.02,0,0,0,,
2021-10-25,06:15,14.5,12.2,88,NNW,4.8,6.4,1017.95,1.02,0,0,0,,
2021-10-25,06:30,14.6,12.2,88,NW,1.6,8,1017.71,1.02,0,0,0,,
2021-10-25,06:45,14.4,12.2,88,NW,1.6,3.2,1017.64,1.02,0,0,0,,
2021-10-25,07:00,14.1,12.2,90,NORTH,0,3.2,1017.54,1.02,0,0,0,,
2021-10-25,07:15,14.1,12.2,90,,1.6,4.8,1017.54,1.02,0,0,0,,
2021-10-25,07:30,14.4,12.2,88,NNW,3.2,4.8,1017.51,1.02,0,0,0,,
2021-10-25,07:45,14.4,12.2,88,WNW,11.3,9.7,1017.71,1.02,0,0,0,,
2021-10-25,08:00,14.4,12.2,88,NNW,3.2,4.8,1017.75,1.02,0,0,0,,
2021-10-25,08:15,14.1,12.2,89,NORTH,0,4.8,1017.98,1.02,0,0,0,,
2021-10-25,08:30,14.2,12.2,89,NORTH,0,3.2,1018.32,1.02,0,0,14,,
2021-10-25,08:45,14.2,12.2,89,NORTH,0,3.2,1018.42,1.02,0,0,14,,
2021-10-25,09:00,14.3,12.2,88,ENE,3.2,4.8,1018.73,1.02,0,0,18,,
2021-10-25,09:15,15.1,12.2,86,ENE,1.6,4.8,1018.9,1.02,0,0,46,,
2021-10-25,09:30,15.7,12.8,83,NNW,1.6,6.4,1018.8,1.02,0,0,125,,
2021-10-25,09:45,16.1,12.8,82,NNW,4.8,6.4,1018.93,1.02,0,0,116,,
2021-10-25,10:00,16.3,12.8,81,NORTH,1.6,4.8,1019.2,1.02,0,0,120,,
2021-10-25,10:15,16.5,12.8,80,NNW,1.6,6.4,1019.1,1.02,0,1,225,,
2021-10-25,10:30,16.9,13.3,80,NORTH,0,6.4,1019.03,1.02,0,1,267,,
2021-10-25,10:45,18.1,14.4,79,NORTH,0,4.8,1019.2,1.02,0,1,178,,
2021-10-25,11:00,18.6,14.4,77,NORTH,0,1.6,1019.13,1.02,0,0,93,,
2021-10-25,11:15,18.5,13.9,76,NORTH,0,4.8,1019.07,1.02,0,1,383,,
2021-10-25,11:30,18.7,14.4,78,NORTH,0,6.4,1019.17,1.02,0,1,200,,
2021-10-25,11:45,19.1,14.4,74,EAST,4.8,6.4,1019.13,1.02,0,1,144,,
2021-10-25,12:00,19.1,13.9,74,EAST,1.6,11.3,1019.07,1.02,0,1,153,,
2021-10-25,12:15,19.2,14.4,73,ESE,4.8,9.7,1019.3,1.02,0,1,193,,
2021-10-25,12:30,19.7,14.4,74,SE,1.6,11.3,1019.17,1.02,0,2,294,,
2021-10-25,12:45,19.2,15,77,SE,4.8,8,1019.34,1.02,0,2,496,,
2021-10-25,13:00,19.1,15,77,WNW,11.3,12.9,1019.2,1.02,0,3,754,,
2021-10-25,13:15,19.3,15,77,WNW,4.8,16.1,1019.03,1.02,0,2,362,,
2021-10-25,13:30,19.4,15,75,NORTH,0,6.4,1019.24,1.02,0,2,265,,
2021-10-25,13:45,19.5,15,75,WNW,8,12.9,1019.03,1.02,0,2,265,,
2021-10-25,14:00,19.8,15,75,NORTH,0,6.4,1018.83,1.02,0,2,315,,
2021-10-25,14:15,19.9,14.4,72,NORTH,0,4.8,1018.66,1.02,0,2,385,,
2021-10-25,14:30,20.3,14.4,71,NW,3.2,6.4,1018.49,1.02,0,2,420,,
2021-10-25,14:45,20.6,15,72,NNE,1.6,4.8,1018.46,1.02,0,2,594,,
2021-10-25,15:00,20.6,14.4,69,WNW,8,14.5,1018.29,1.02,0,2,513,,
2021-10-25,15:15,20.8,14.4,68,WEST,11.3,17.7,1018.15,1.02,0,2,385,,
2021-10-25,15:30,21,15,69,WNW,4.8,8,1018.19,1.02,0,2,501,,
2021-10-25,15:45,20.8,13.9,66,WEST,6.4,17.7,1018.22,1.02,0,1,244,,
2021-10-25,16:00,21.1,14.4,67,WNW,11.3,11.3,1018.32,1.02,0,1,223,,
2021-10-25,16:15,21,14.4,66,NNW,12.9,24.1,1018.05,1.02,0,1,320,,
2021-10-25,16:30,21.2,15,68,WEST,3.2,20.9,1018.15,1.02,0,1,297,,
2021-10-25,16:45,20.7,14.4,69,WEST,14.5,20.9,1018.05,1.02,0,0,195,,
2021-10-25,17:00,20.3,14.4,69,WEST,9.7,20.9,1018.15,1.02,0,0,100,,
2021-10-25,17:15,20.1,13.9,69,WEST,9.7,17.7,1018.15,1.02,0,0,93,,
2021-10-25,17:30,19.9,13.9,70,WEST,11.3,17.7,1018.22,1.02,0,0,74,,
2021-10-25,17:45,19.9,14.4,70,WEST,9.7,16.1,1018.08,1.02,0,0,70,,
2021-10-25,18:00,19.8,13.9,70,WEST,9.7,16.1,1018.29,1.02,0,0,18,,
2021-10-25,18:15,19.7,13.9,70,WEST,9.7,17.7,1018.39,1.02,0,0,0,,
2021-10-25,18:30,19.4,13.9,71,WEST,4.8,12.9,1018.46,1.02,0,0,0,,
2021-10-25,18:45,19.3,13.9,72,WNW,1.6,11.3,1018.66,1.02,0,0,0,,
2021-10-25,19:00,18.8,13.9,74,SE,1.6,12.9,1018.66,1.02,0,0,0,,
2021-10-25,19:15,18.7,13.9,74,SSE,8,12.9,1019.07,1.02,0,0,0,,
2021-10-25,19:30,18.7,13.9,74,SSE,3.2,8,1019.13,1.02,0,0,0,,
2021-10-25,19:45,18,13.3,76,SE,3.2,11.3,1019.27,1.02,0,0,0,,
2021-10-25,20:00,17.7,13.3,77,SE,3.2,8,1019.3,1.02,0,0,0,,
2021-10-25,20:15,17.7,13.3,78,ESE,3.2,6.4,1019.37,1.02,0,0,0,,
2021-10-25,20:30,17.3,13.3,79,SE,4.8,9.7,1019.4,1.02,0,0,0,,
2021-10-25,20:45,17.5,13.3,79,ESE,6.4,11.3,1019.37,1.02,0,0,0,,
2021-10-25,21:00,17.4,13.3,79,ESE,11.3,12.9,1019.2,1.02,0,0,0,,
2021-10-25,21:15,17.6,13.3,78,ESE,4.8,11.3,1019.47,1.02,0,0,0,,
2021-10-25,21:30,17.4,13.3,79,ESE,8,11.3,1019.47,1.02,0,0,0,,
2021-10-25,21:45,17.1,13.3,80,ESE,4.8,11.3,1019.44,1.02,0,0,0,,
2021-10-25,22:00,17,13.3,80,SE,11.3,12.9,1019.57,1.02,0,0,0,,
2021-10-25,22:15,17.2,13.3,79,SE,6.4,11.3,1019.71,1.02,0,0,0,,
2021-10-25,22:30,17.1,13.3,79,ESE,4.8,9.7,1019.88,1.02,0,0,0,,
2021-10-25,22:45,16.9,13.3,80,ESE,3.2,9.7,1019.81,1.02,0,0,0,,
2021-10-25,23:00,16.9,13.3,80,ESE,4.8,9.7,1019.68,1.02,0,0,0,,
2021-10-25,23:15,16.8,13.3,81,ESE,4.8,8,1019.68,1.02,0,0,0,,
2021-10-25,23:30,16.5,13.3,81,EAST,3.2,6.4,1019.78,1.02,0,0,0,,
2021-10-25,23:45,16.2,12.8,83,EAST,4.8,9.7,1019.57,1.02,0,0,0,,
2021-10-25,OVR,,,,,,,,,,,,gustmax,24.1
2021-10-25,OVR,,,,,,,,,,,,rainrate_max,1
2021-10-25,OVR,,,,,,,,,,,,rain_total_mm,1
2021-10-25,OVR,,,,,,,,,,,,tmax,21.3
2021-10-25,OVR,,,,,,,,,,,,tmin,13.8
2021-10-25,OVR,,,,,,,,,,,,wind_dir_mean_deg,341.3
2021-10-26,00:00,15.8,13.3,85,ESE,4.8,9.7,1019.64,0,0,0,0,,
2021-10-26,00:15,15.8,13.3,85,ESE,9.7,9.7,1019.51,0,0,0,0,,
2021-10-26,00:30,15.6,12.8,85,EAST,1.6,6.4,1019.47,0,0,0,0,,
2021-10-26,00:45,15.4,12.8,86,SE,1.6,4.8,1019.44,0,0,0,0,,
2021-10-26,01:00,15.2,12.8,87,ESE,3.2,3.2,1019.47,0,0,0,0,,
2021-10-26,01:15,14.9,12.2,86,EAST,1.6,4.8,1019.34,0,0,0,0,,
2021-10-26,01:30,14.7,12.8,88,EAST,1.6,3.2,1019.3,0,0,0,0,,
2021-10-26,01:45,14.3,12.2,89,EAST,1.6,4.8,1019.34,0,0,0,0,,
2021-10-26,02:00,14.4,12.2,89,EAST,1.6,3.2,1019.24,0,0,0,0,,
2021-10-26,02:15,14.6,12.8,89,EAST,1.6,3.2,1019.4,0,0,0,0,,
2021-10-26,02:30,14.6,12.8,90,EAST,1.6,3.2,1019.27,0,0,0,0,,
2021-10-26,02:45,14.2,12.2,90,EAST,3.2,4.8,1019.24,0,0,0,0,,
2021-10-26,03:00,14.4,12.8,90,EAST,1.6,3.2,1019.2,0,0,0,0,,
2021-10-26,03:15,14.5,12.8,90,EAST,1.6,3.2,1019.3,0,0,0,0,,
2021-10-26,03:30,14.3,12.2,89,NORTH,0,1.6,1019.3,0,0,0,0,,
2021-10-26,03:45,14.3,12.8,90,EAST,3.2,4.8,1019.03,0,0,0,0,,
2021-10-26,04:00,13.8,12.2,90,EAST,3.2,4.8,1019.2,0,0,0,0,,
2021-10-26,04:15,14.2,12.2,91,EAST,3.2,4.8,1019,0,0,0,0,,
2021-10-26,04:30,14.2,12.8,91,ESE,3.2,4.8,1019,0,0,0,0,,
2021-10-26,04:45,14.2,12.2,91,ESE,1.6,4.8,1019.1,0,0,0,0,,
2021-10-26,05:00,13.9,12.2,90,ESE,1.6,4.8,1019.13,0,0,0,0,,
2021-10-26,05:15,13.9,12.2,91,NORTH,0,4.8,1019,0,0,0,0,,
2021-10-26,05:30,13.6,12.2,91,ESE,3.2,4.8,1019.13,0,0,0,0,,
2021-10-26,05:45,13.6,12.2,91,ESE,1.6,4.8,1019.2,0,0,0,0,,
2021-10-26,06:00,13.6,12.2,91,ESE,1.6,4.8,1019.3,0,0,0,0,,
2021-10-26,06:15,13.7,12.2,92,EAST,3.2,4.8,1019.37,0,0,0,0,,
2021-10-26,06:30,13.6,12.2,92,EAST,1.6,4.8,1019.4,0,0,0,0,,
2021-10-26,06:45,13.4,12.2,92,ESE,3.2,6.4,1019.3,0,0,0,0,,
2021-10-26,07:00,13.7,12.2,92,EAST,4.8,6.4,1019.17,0,0,0,0,,
2021-10-26,07:15,13.7,12.2,91,EAST,4.8,6.4,1019.34,0,0,0,0,,
2021-10-26,07:30,13.8,12.2,91,EAST,4.8,6.4,1019.3,0,0,0,0,,
2021-10-26,07:45,13.7,12.2,91,EAST,3.2,4.8,1019.3,0,0,0,0,,
2021-10-26,08:00,13.9,12.2,91,ESE,3.2,9.7,1019.64,0,0,0,0,,
2021-10-26,08:15,13.7,12.2,91,ESE,1.6,4.8,1019.74,0,0,0,12,,
2021-10-26,08:30,13.9,12.2,90,EAST,3.2,6.4,1019.81,0,0,0,69,,
2021-10-26,08:45,14,12.2,90,NORTH,0,3.2,1020.01,0,0,0,107,,
2021-10-26,09:00,14.3,12.2,90,EAST,1.6,1.6,1020.29,0,0,0,160,,
2021-10-26,09:15,14.3,12.2,90,WNW,1.6,4.8,1020.39,0,0,0,213,,
2021-10-26,09:30,14.7,12.8,89,NORTH,0,3.2,1020.59,0,0,0,267,,
2021-10-26,09:45,14.9,12.8,88,WNW,3.2,4.8,1020.59,0,0,1,311,,
2021-10-26,10:00,15.4,13.3,87,WNW,4.8,4.8,1020.73,0,0,1,357,,
2021-10-26,10:15,16.1,13.3,85,WNW,6.4,4.8,1020.69,0,0,1,396,,
2021-10-26,10:30,16.3,13.3,84,WNW,1.6,9.7,1020.45,0,0,1,436,,
2021-10-26,10:45,16.6,13.9,85,NW,6.4,8,1020.59,0,0,1,473,,
2021-10-26,11:00,16.8,13.9,83,WNW,3.2,8,1020.56,0,0,2,503,,
2021-10-26,11:15,17,13.9,83,WNW,3.2,14.5,1020.45,0,0,2,534,,
2021-10-26,11:30,17.8,13.3,77,NW,3.2,6.4,1020.42,0,0,2,561,,
2021-10-26,11:45,17.8,13.3,77,WEST,1.6,12.9,1020.42,0,0,2,582,,
2021-10-26,12:00,17.7,13.3,76,WNW,4.8,16.1,1020.25,0,0,2,596,,
2021-10-26,12:15,17.9,13.9,78,WEST,4.8,17.7,1020.22,0,0,2,608,,
2021-10-26,12:30,18.2,13.3,74,WEST,14.5,17.7,1020.29,0,0,3,617,,
2021-10-26,12:45,18.1,12.2,70,SW,1.6,19.3,1020.18,0,0,3,628,,
2021-10-26,13:00,18.6,12.2,66,NW,4.8,22.5,1020.08,0,0,3,629,,
2021-10-26,13:15,19.2,11.7,61,WNW,3.2,20.9,1019.81,0,0,3,626,,
2021-10-26,13:30,19.6,11.7,61,WNW,11.3,24.1,1019.88,0,0,3,621,,
2021-10-26,13:45,19.4,11.1,60,WSW,6.4,29,1019.4,0,0,3,613,,
2021-10-26,14:00,19.8,11.7,60,WEST,16.1,27.4,1019.27,0,0,2,584,,
2021-10-26,14:15,19.6,11.7,60,WNW,8,27.4,1019.1,0,0,2,575,,
2021-10-26,14:30,19.7,11.7,61,WEST,20.9,29,1019.03,0,0,2,571,,
2021-10-26,14:45,19.6,12.2,62,SW,20.9,32.2,1019.03,0,0,2,531,,
2021-10-26,15:00,19.8,12.2,61,WEST,17.7,27.4,1018.9,0,0,2,478,,
2021-10-26,15:15,19.6,11.7,62,WNW,9.7,29,1018.83,0,0,2,427,,
2021-10-26,15:30,19.4,11.7,62,WEST,14.5,29,1019,0,0,1,390,,
2021-10-26,15:45,19.3,12.2,63,WEST,11.3,29,1019.07,0,0,1,343,,
2021-10-26,16:00,19.1,12.2,65,WEST,17.7,27.4,1019.27,0,0,1,230,,
2021-10-26,16:15,18.8,12.2,66,WNW,16.1,29,1019.37,0,0,1,339,,
2021-10-26,16:30,18.8,12.2,67,WEST,16.1,32.2,1019.34,0,0,1,258,,
2021-10-26,16:45,18.7,12.2,67,WEST,19.3,29,1019.37,0,0,0,232,,
2021-10-26,17:00,18.7,12.8,70,WNW,16.1,30.6,1019.4,0,0,0,158,,
2021-10-26,17:15,18.2,12.8,71,WEST,20.9,30.6,1019.54,0,0,0,130,,
2021-10-26,17:30,18,12.8,73,WNW,12.9,32.2,1019.51,0,0,0,46,,
2021-10-26,17:45,17.6,12.8,76,WEST,19.3,29,1019.71,0,0,0,35,,
2021-10-26,18:00,17.2,13.3,77,ENE,25.7,27.4,1019.68,0,0,0,26,,
2021-10-26,18:15,16.9,12.8,79,WEST,19.3,25.7,1019.71,0,0,0,12,,
2021-10-26,18:30,16.6,12.8,79,WEST,22.5,25.7,1019.71,0,0,0,0,,
2021-10-26,18:45,16.2,12.8,80,WNW,11.3,22.5,1019.98,0,0,0,0,,
2021-10-26,19:00,16,12.8,82,WNW,11.3,27.4,1020.12,0,0,0,0,,
2021-10-26,19:15,15.7,12.8,83,WEST,9.7,19.3,1020.35,0,0,0,0,,
2021-10-26,19:30,15.4,12.2,84,NORTH,0,12.9,1020.62,0,0,0,0,,
2021-10-26,19:45,15.2,12.2,84,WEST,4.8,14.5,1020.62,0,0,0,0,,
2021-10-26,20:00,15.1,12.2,84,WEST,4.8,14.5,1020.83,0,0,0,0,,
2021-10-26,20:15,15,12.2,84,WEST,4.8,12.9,1020.93,0,0,0,0,,
2021-10-26,20:30,15,12.2,83,WNW,1.6,16.1,1020.93,0,0,0,0,,
2021-10-26,20:45,14.2,11.7,85,NORTH,0,3.2,1021.1,0,0,0,0,,
2021-10-26,21:00,14.6,11.7,85,WEST,4.8,12.9,1021.13,0,0,0,0,,
2021-10-26,21:15,14.5,11.7,84,NORTH,0,9.7,1021.1,0,0,0,0,,
2021-10-26,21:30,14.2,11.7,86,WSW,1.6,4.8,1021,0,0,0,0,,
2021-10-26,21:45,14.2,11.7,85,WEST,1.6,9.7,1021,0,0,0,0,,
2021-10-26,22:00,13.6,11.1,86,NORTH,0,3.2,1021,0,0,0,0,,
2021-10-26,22:15,13.7,11.7,87,WEST,1.6,1.6,1020.93,0,0,0,0,,
2021-10-26,22:30,13.7,11.7,87,WEST,1.6,3.2,1021,0,0,0,0,,
2021-10-26,22:45,13.4,11.1,87,NORTH,0,3.2,1021.06,0,0,0,0,,
2021-10-26,23:00,13.3,11.1,88,NORTH,0,1.6,1021.13,0,0,0,0,,
2021-10-26,23:15,13.1,11.1,88,WEST,1.6,1.6,1021.23,0,0,0,0,,
2021-10-26,23:30,13.2,11.1,89,WEST,3.2,3.2,1021.1,0,0,0,0,,
2021-10-26,23:45,13.4,11.7,88,WEST,1.6,3.2,1021.37,0,0,0,0,,
2021-10-26,OVR,,,,,,,,,,,,gustmax,32.2
2021-10-26,OVR,,,,,,,,,,,,rainrate_max,0
2021-10-26,OVR,,,,,,,,,,,,rain_total_mm,0
2021-10-26,OVR,,,,,,,,,,,,tmax,19.8
2021-10-26,OVR,,,,,,,,,,,,tmin,12.9
2021-10-26,OVR,,,,,,,,,,,,wind_dir_mean_deg,309.8
2021-10-27,00:00,13.1,11.1,89,WEST,1.6,3.2,1021.03,0,0,0,0,,
2021-10-27,00:15,13.6,11.7,88,SE,3.2,3.2,1020.96,0,0,0,0,,
2021-10-27,00:30,13,11.1,89,SE,1.6,3.2,1021,0,0,0,0,,
2021-10-27,00:45,13.3,11.1,88,EAST,1.6,6.4,1020.89,0,0,0,0,,
2021-10-27,01:00,13.4,11.1,88,EAST,3.2,4.8,1020.83,0,0,0,0,,
2021-10-27,01:15,13.9,11.7,89,EAST,1.6,4.8,1020.66,0,0,0,0,,
2021-10-27,01:30,13.9,11.7,88,NORTH,0,3.2,1020.86,0,0,0,0,,
2021-10-27,01:45,13.9,11.7,88,EAST,1.6,1.6,1020.73,0,0,0,0,,
2021-10-27,02:00,14.4,12.2,86,NORTH,0,1.6,1020.66,0,0,0,0,,
2021-10-27,02:15,14.4,11.7,86,EAST,1.6,1.6,1020.66,0,0,0,0,,
2021-10-27,02:30,14.7,12.2,86,EAST,3.2,3.2,1020.76,0,0,0,0,,
2021-10-27,02:45,14.6,12.2,86,EAST,3.2,4.8,1020.76,0,0,0,0,,
2021-10-27,03:00,14.4,12.2,87,EAST,1.6,3.2,1020.73,0,0,0,0,,
2021-10-27,03:15,14.6,12.2,86,EAST,3.2,4.8,1020.56,0,0,0,0,,
2021-10-27,03:30,14.4,12.2,86,EAST,1.6,4.8,1020.52,0,0,0,0,,
2021-10-27,03:45,13.9,11.7,87,EAST,1.6,4.8,1020.45,0,0,0,0,,
2021-10-27,04:00,13.7,11.7,89,ESE,3.2,6.4,1020.45,0,0,0,0,,
2021-10-27,04:15,13.9,11.7,88,ESE,4.8,9.7,1020.45,0,0,0,0,,
2021-10-27,04:30,13.6,11.7,88,ESE,1.6,4.8,1020.42,0,0,0,0,,
2021-10-27,04:45,13.4,11.7,90,ESE,4.8,4.8,1020.18,0,0,0,0,,
2021-10-27,05:00,13.7,11.7,89,ESE,4.8,3.2,1020.22,0,0,0,0,,
2021-10-27,05:15,13.2,11.1,90,ESE,1.6,3.2,1020.22,0,0,0,0,,
2021-10-27,05:30,13,11.1,90,ESE,1.6,3.2,1020.18,0,0,0,0,,
2021-10-27,05:45,13.3,11.7,91,ESE,3.2,6.4,1020.15,0,0,0,0,,
2021-10-27,06:00,13.4,11.7,90,NORTH,0,4.8,1020.18,0,0,0,0,,
2021-10-27,06:15,12.9,11.1,90,ESE,1.6,4.8,1020.12,0,0,0,0,,
2021-10-27,06:30,12.8,11.1,91,ESE,3.2,4.8,1020.18,0,0,0,0,,
2021-10-27,06:45,12.8,11.1,92,ESE,1.6,4.8,1020.29,0,0,0,0,,
2021-10-27,07:00,12.7,11.1,92,ESE,3.2,6.4,1020.18,0,0,0,0,,
2021-10-27,07:15,13,11.7,91,EAST,6.4,9.7,1020.35,0,0,0,0,,
2021-10-27,07:30,12.8,11.1,91,ESE,9.7,11.3,1020.22,0,0,0,0,,
2021-10-27,07:45,12.6,11.1,91,ESE,3.2,9.7,1020.35,0,0,0,0,,
2021-10-27,08:00,12.8,11.1,91,EAST,6.4,6.4,1020.66,0,0,0,11,,
2021-10-27,08:15,12.9,11.1,90,ESE,4.8,11.3,1020.66,0,0,0,30,,
2021-10-27,08:30,13,11.1,90,ESE,6.4,11.3,1020.89,0,0,0,53,,
2021-10-27,08:45,13.2,11.1,89,EAST,3.2,11.3,1020.96,0,0,0,91,,
2021-10-27,09:00,13.3,11.1,88,ESE,6.4,9.7,1021.27,0,0,0,135,,
2021-10-27,09:15,13.9,11.7,87,ESE,4.8,11.3,1021.37,0,0,0,109,,
2021-10-27,09:30,14.2,11.7,86,ENE,3.2,9.7,1021.37,0,0,0,107,,
2021-10-27,09:45,14.9,12.2,85,EAST,8,12.9,1021.47,0,0,1,355,,
2021-10-27,10:00,15.4,12.2,82,EAST,11.3,14.5,1021.3,0,0,1,388,,
2021-10-27,10:15,16.1,12.2,80,EAST,8,16.1,1021.54,0,0,1,413,,
2021-10-27,10:30,16.4,12.8,79,EAST,6.4,19.3,1021.47,0,0,1,436,,
2021-10-27,10:45,16.7,12.8,78,EAST,6.4,20.9,1021.57,0,0,1,482,,
2021-10-27,11:00,17.4,13.3,77,EAST,16.1,17.7,1021.61,0,0,2,568,,
2021-10-27,11:15,17.2,12.8,76,ENE,9.7,14.5,1021.61,0,0,1,318,,
2021-10-27,11:30,17.9,12.8,74,ESE,11.3,16.1,1021.57,0,0,2,601,,
2021-10-27,11:45,18,12.8,72,EAST,8,16.1,1021.61,0,0,1,251,,
2021-10-27,12:00,18.3,12.8,71,SE,4.8,17.7,1021.47,0,0,2,599,,
2021-10-27,12:15,18,12.2,69,ENE,6.4,12.9,1021.5,0,0,2,223,,
2021-10-27,12:30,18.2,11.7,68,SSE,9.7,17.7,1021.37,0,0,1,186,,
2021-10-27,12:45,18.4,12.2,67,ESE,1.6,12.9,1021.33,0,0,2,413,,
2021-10-27,13:00,19.2,12.2,65,SE,6.4,14.5,1021.23,0,0,2,691,,
2021-10-27,13:15,19.4,11.7,61,ENE,4.8,14.5,1021.06,0,0,3,747,,
2021-10-27,13:30,19.3,11.1,59,SW,6.4,11.3,1020.93,0,0,2,570,,
2021-10-27,13:45,19.6,10.6,56,SE,4.8,11.3,1020.83,0,0,2,687,,
2021-10-27,14:00,20.1,11.1,56,SSE,4.8,16.1,1020.69,0,0,2,659,,
2021-10-27,14:15,19.8,10.6,56,SE,6.4,19.3,1020.52,0,0,2,573,,
2021-10-27,14:30,19.7,10,54,NW,3.2,17.7,1020.39,0,0,2,622,,
2021-10-27,14:45,20.3,9.4,51,SSE,4.8,19.3,1020.22,0,0,2,390,,
2021-10-27,15:00,20.1,8.9,48,EAST,11.3,20.9,1020.22,0,0,2,512,,
2021-10-27,15:15,20.3,9.4,50,SSE,12.9,12.9,1020.12,0,0,1,415,,
2021-10-27,15:30,20.3,8.9,49,SE,11.3,17.7,1019.98,0,0,1,213,,
2021-10-27,15:45,20.1,9.4,51,SE,6.4,12.9,1019.84,0,0,1,290,,
2021-10-27,16:00,19.9,9.4,51,SSE,1.6,9.7,1019.78,0,0,1,432,,
2021-10-27,16:15,20.3,9.4,50,EAST,1.6,12.9,1019.78,0,0,1,264,,
2021-10-27,16:30,20.3,9.4,49,SE,8,12.9,1019.81,0,0,1,255,,
2021-10-27,16:45,19.9,9.4,51,SE,8,16.1,1019.81,0,0,0,167,,
2021-10-27,17:00,20.1,8.9,50,SOUTH,3.2,11.3,1019.88,0,0,0,283,,
2021-10-27,17:15,19.7,11.1,59,WEST,6.4,16.1,1019.78,0,0,0,128,,
2021-10-27,17:30,18.8,11.7,65,WNW,6.4,17.7,1019.91,0,0,0,81,,
2021-10-27,17:45,18.2,11.7,66,WEST,12.9,22.5,1019.84,0,0,0,56,,
2021-10-27,18:00,17.9,11.1,66,WEST,3.2,12.9,1019.91,0,0,0,32,,
2021-10-27,18:15,17.6,11.1,67,WNW,3.2,14.5,1020.32,0,0,0,14,,
2021-10-27,18:30,17.3,11.1,69,WEST,6.4,11.3,1020.29,0,0,0,7,,
2021-10-27,18:45,17,11.1,70,WEST,4.8,4.8,1020.42,0,0,0,0,,
2021-10-27,19:00,16.9,11.1,70,NORTH,0,9.7,1020.66,0,0,0,0,,
2021-10-27,19:15,16.1,11.1,73,NORTH,0,3.2,1020.93,0,0,0,0,,
2021-10-27,19:30,16,11.1,73,WNW,1.6,3.2,1020.79,0,0,0,0,,
2021-10-27,19:45,15.8,11.1,73,ENE,1.6,4.8,1020.93,0,0,0,0,,
2021-10-27,20:00,15.6,11.1,74,NORTH,0,4.8,1021,0,0,0,0,,
2021-10-27,20:15,15.7,11.1,76,EAST,1.6,6.4,1021.13,0,0,0,0,,
2021-10-27,20:30,15.8,11.7,76,ESE,6.4,17.7,1020.96,0,0,0,0,,
2021-10-27,20:45,15.7,11.1,76,ESE,11.3,14.5,1021.1,0,0,0,0,,
2021-10-27,21:00,15.7,11.1,75,ESE,12.9,19.3,1021.2,0,0,0,0,,
2021-10-27,21:15,15.7,11.1,75,EAST,17.7,19.3,1021.06,0,0,0,0,,
2021-10-27,21:30,15.6,11.1,76,ESE,9.7,17.7,1021.1,0,0,0,0,,
2021-10-27,21:45,15.3,11.1,76,ESE,11.3,16.1,1021.3,0,0,0,0,,
2021-10-27,22:00,15.3,11.1,76,EAST,9.7,14.5,1021.23,0,0,0,0,,
2021-10-27,22:15,15.3,11.1,75,ESE,6.4,17.7,1021.3,0,0,0,0,,
2021-10-27,22:30,15.4,11.1,76,EAST,6.4,12.9,1021.1,0,0,0,0,,
2021-10-27,22:45,15.1,10.6,76,ESE,4.8,12.9,1021,0,0,0,0,,
2021-10-27,23:00,14.9,10.6,77,ESE,4.8,9.7,1021.03,0,0,0,0,,
2021-10-27,23:15,15,10.6,77,EAST,6.4,9.7,1021.13,0,0,0,0,,
2021-10-27,23:30,14.8,10.6,78,NORTH,0,6.4,1021.27,0,0,0,0,,
2021-10-27,23:45,14.6,10.6,78,NORTH,0,4.8,1021.2,0,0,0,0,,
2021-10-27,OVR,,,,,,,,,,,,gustmax,22.5
2021-10-27,OVR,,,,,,,,,,,,rainrate_max,0
2021-10-27,OVR,,,,,,,,,,,,rain_total_mm,0
2021-10-27,OVR,,,,,,,,,,,,tmax,20.6
2021-10-27,OVR,,,,,,,,,,,,tmin,12.6
2021-10-27,OVR,,,,,,,,,,,,wind_dir_mean_deg,102.2
2021-10-28,00:00,14,10.6,80,NORTH,0,3.2,1021,0,0,0,0,,
2021-10-28,00:15,13.6,10,81,NORTH,0,4.8,1021.03,0,0,0,0,,
2021-10-28,00:30,13.6,10.6,82,NORTH,0,3.2,1021.1,0,0,0,0,,
2021-10-28,00:45,13.8,10.6,81,NORTH,0,3.2,1021,0,0,0,0,,
2021-10-28,01:00,14,10.6,80,ESE,1.6,1.6,1020.89,0,0,0,0,,
2021-10-28,01:15,13.5,10.6,82,NORTH,0,1.6,1020.73,0,0,0,0,,
2021-10-28,01:30,13.2,10.6,84,NORTH,0,3.2,1020.76,0,0,0,0,,
2021-10-28,01:45,13.3,10.6,83,ESE,1.6,3.2,1020.59,0,0,0,0,,
2021-10-28,02:00,13.6,10.6,82,ESE,1.6,4.8,1020.49,0,0,0,0,,
2021-10-28,02:15,13.7,10.6,82,ESE,1.6,3.2,1020.42,0,0,0,0,,
2021-10-28,02:30,13.7,10.6,81,ESE,1.6,3.2,1020.39,0,0,0,0,,
2021-10-28,02:45,13.6,10,81,NORTH,0,1.6,1020.15,0,0,0,0,,
2021-10-28,03:00,13.7,10,80,NORTH,0,3.2,1020.22,0,0,0,0,,
2021-10-28,03:15,13.7,10.6,81,ESE,1.6,3.2,1020.29,0,0,0,0,,
2021-10-28,03:30,13.9,10.6,81,ESE,1.6,3.2,1020.29,0,0,0,0,,
2021-10-28,03:45,14,10.6,81,NORTH,0,1.6,1020.12,0,0,0,0,,
2021-10-28,04:00,14.1,10.6,80,NORTH,0,1.6,1019.91,0,0,0,0,,
2021-10-28,04:15,14.1,10.6,79,NORTH,0,0,1019.88,0,0,0,0,,
2021-10-28,04:30,14.3,10.6,79,NORTH,0,3.2,1019.68,0,0,0,0,,
2021-10-28,04:45,14.2,10.6,78,ESE,1.6,3.2,1019.61,0,0,0,0,,
2021-10-28,05:00,14.3,10.6,78,NORTH,0,3.2,1019.47,0,0,0,0,,
2021-10-28,05:15,14.4,10,77,NORTH,0,1.6,1019.47,0,0,0,0,,
2021-10-28,05:30,14.1,10.6,79,ESE,3.2,3.2,1019.51,0,0,0,0,,
2021-10-28,05:45,13.9,10,79,NORTH,0,3.2,1019.47,0,0,0,0,,
2021-10-28,06:00,14.4,10.6,77,ESE,1.6,3.2,1019.44,0,0,0,0,,
2021-10-28,06:15,14.3,10,77,NORTH,0,1.6,1019.51,0,0,0,0,,
2021-10-28,06:30,14.4,10,77,ESE,1.6,4.8,1019.74,0,0,0,0,,
2021-10-28,06:45,14.2,10,78,ESE,1.6,3.2,1019.81,0,0,0,0,,
2021-10-28,07:00,14.1,10,79,ESE,1.6,4.8,1019.64,0,0,0,0,,
2021-10-28,07:15,14.1,10,79,ESE,4.8,6.4,1019.68,0,0,0,0,,
2021-10-28,07:30,14.3,10.6,78,ESE,3.2,6.4,1019.74,0,0,0,0,,
2021-10-28,07:45,14.4,11.1,82,ESE,3.2,6.4,1019.78,0,0,0,0,,
2021-10-28,08:00,14.5,11.7,83,ESE,3.2,6.4,1019.61,0,0,0,0,,
2021-10-28,08:15,14.5,11.7,84,EAST,3.2,6.4,1019.81,0,0,0,14,,
2021-10-28,08:30,14.5,11.7,85,ESE,4.8,9.7,1019.84,0,0,0,25,,
2021-10-28,08:45,14.6,11.7,85,EAST,4.8,9.7,1020.01,0,0,0,33,,
2021-10-28,09:00,14.7,11.7,84,ENE,3.2,8,1020.12,0,0,0,40,,
2021-10-28,09:15,14.7,11.7,85,EAST,8,11.3,1020.18,0,0,0,42,,
2021-10-28,09:30,14.6,11.7,85,ENE,12.9,14.5,1020.15,0,0,0,63,,
2021-10-28,09:45,14.5,12.2,86,ESE,6.4,19.3,1020.29,0,0,0,72,,
2021-10-28,10:00,14.4,11.7,86,ENE,6.4,14.5,1020.22,0,0,0,86,,
2021-10-28,10:15,14.5,11.7,85,ENE,6.4,11.3,1020.15,0,0,0,97,,
2021-10-28,10:30,14.8,11.7,84,ENE,4.8,9.7,1020.18,0,0,0,98,,
2021-10-28,10:45,14.9,11.7,81,ESE,3.2,14.5,1020.35,0,0,0,111,,
2021-10-28,11:00,15.2,11.7,81,NW,6.4,8,1020.32,0,0,0,111,,
2021-10-28,11:15,15.3,11.7,80,NORTH,3.2,6.4,1020.35,0,0,0,104,,
2021-10-28,11:30,15.3,12.2,82,NNE,4.8,8,1020.39,0,0,0,97,,
2021-10-28,11:45,15.3,11.7,80,NNW,6.4,14.5,1020.49,0,0,0,100,,
2021-10-28,12:00,15.1,11.7,80,,6.4,16.1,1020.66,0,0,0,107,,
2021-10-28,12:15,15.1,11.7,80,NNE,8,14.5,1020.56,0,0,0,100,,
2021-10-28,12:30,14.9,11.7,82,NORTH,4.8,12.9,1020.49,0,0,0,102,,
2021-10-28,12:45,14.6,11.7,84,NNE,3.2,11.3,1020.39,0,0,0,97,,
2021-10-28,13:00,14.6,12.2,86,NW,6.4,12.9,1020.25,0,0,0,113,,
2021-10-28,13:15,14.6,12.2,87,,6.4,9.7,1020.18,0,0,1,127,,
2021-10-28,13:30,14.6,12.2,87,,12.9,11.3,1020.01,0,0,1,127,,
2021-10-28,13:45,14.6,12.2,87,,1.6,11.3,1019.78,0.25,0.25,1,142,,
2021-10-28,14:00,14.5,12.2,87,NE,8,14.5,1019.81,0.25,0.25,1,171,,
2021-10-28,14:15,14.8,12.2,85,EAST,6.4,12.9,1019.74,0.25,0.25,1,176,,
2021-10-28,14:30,14.9,12.2,84,NORTH,3.2,9.7,1019.47,0.25,0.25,1,158,,
2021-10-28,14:45,15,12.2,83,NNW,6.4,9.7,1019.34,0.25,0,1,156,,
2021-10-28,15:00,15.1,12.2,84,NORTH,3.2,9.7,1019.2,0.25,0,1,165,,
2021-10-28,15:15,15.1,11.7,82,,9.7,9.7,1019.2,0.25,0,1,169,,
2021-10-28,15:30,15.3,12.2,83,NW,8,12.9,1019.13,0.25,0,1,178,,
2021-10-28,15:45,15.4,12.2,83,NNE,4.8,9.7,1019.07,0.25,0,0,153,,
2021-10-28,16:00,15.6,12.2,82,NNW,4.8,9.7,1019.1,0.25,0,0,130,,
2021-10-28,16:15,15.7,12.2,81,NW,8,12.9,1019.03,0.25,0,0,132,,
2021-10-28,16:30,15.7,12.2,81,,6.4,11.3,1018.86,0.25,0,0,116,,
2021-10-28,16:45,15.7,12.8,83,NNW,1.6,6.4,1018.76,0.25,0,0,113,,
2021-10-28,17:00,15.7,12.8,83,NNW,3.2,6.4,1018.8,0.25,0,0,95,,
2021-10-28,17:15,15.5,12.8,85,NW,1.6,6.4,1018.76,0.25,0,0,81,,
2021-10-28,17:30,15.6,12.8,83,NORTH,1.6,4.8,1018.73,0.25,0,0,54,,
2021-10-28,17:45,15.6,12.2,82,NNE,3.2,4.8,1018.66,0.25,0,0,33,,
2021-10-28,18:00,15.4,12.8,84,NW,1.6,6.4,1018.73,0.25,0,0,19,,
2021-10-28,18:15,15.3,12.8,85,NW,1.6,4.8,1018.63,0.25,0,0,11,,
2021-10-28,18:30,15.2,12.8,86,NORTH,0,1.6,1018.63,0.25,0,0,0,,
2021-10-28,18:45,15.1,12.8,87,NORTH,0,0,1018.59,0.25,0,0,0,,
2021-10-28,19:00,14.9,12.8,88,NORTH,0,0,1018.73,0.25,0,0,0,,
2021-10-28,19:15,14.7,12.8,88,NORTH,0,0,1018.59,0.25,0,0,0,,
2021-10-28,19:30,14.8,12.8,88,NORTH,0,1.6,1018.83,0.25,0,0,0,,
2021-10-28,19:45,14.8,12.8,88,NW,1.6,1.6,1018.8,0.25,0,0,0,,
2021-10-28,20:00,14.6,12.8,89,NNW,1.6,3.2,1018.8,0.25,0,0,0,,
2021-10-28,20:15,14.5,12.2,88,EAST,4.8,6.4,1018.93,0.25,0,0,0,,
2021-10-28,20:30,14.6,12.2,87,EAST,4.8,9.7,1019.03,0.25,0,0,0,,
2021-10-28,20:45,14.4,12.2,86,EAST,4.8,9.7,1018.9,0.25,0,0,0,,
2021-10-28,21:00,14.3,11.7,87,ENE,6.4,11.3,1019.07,0.25,0,0,0,,
2021-10-28,21:15,14.3,11.7,85,ESE,6.4,12.9,1018.9,0.25,0,0,0,,
2021-10-28,21:30,14.6,11.7,83,ESE,6.4,11.3,1018.83,0.25,0,0,0,,
2021-10-28,21:45,14.8,11.7,81,ESE,4.8,11.3,1018.83,0.25,0,0,0,,
2021-10-28,22:00,14.9,11.1,80,ESE,4.8,12.9,1018.83,0.25,0,0,0,,
2021-10-28,22:15,14.7,11.1,80,ESE,4.8,11.3,1018.86,0.25,0,0,0,,
2021-10-28,22:30,14.6,11.1,81,ESE,4.8,11.3,1018.86,0.25,0,0,0,,
2021-10-28,22:45,14.6,11.1,81,ESE,4.8,9.7,1018.86,0.25,0,0,0,,
2021-10-28,23:00,14.7,11.1,81,ESE,6.4,11.3,1018.76,0.25,0,0,0,,
2021-10-28,23:15,14.7,11.1,81,EAST,4.8,9.7,1018.63,0.25,0,0,0,,
2021-10-28,23:30,14.6,11.1,81,ESE,4.8,12.9,1018.49,0.25,0,0,0,,
2021-10-28,23:45,14.4,11.1,82,EAST,6.4,11.3,1018.46,0.25,0,0,0,,
2021-10-28,OVR,,,,,,,,,,,,gustmax,19.3
2021-10-28,OVR,,,,,,,,,,,,rainrate_max,0.2
2021-10-28,OVR,,,,,,,,,,,,rain_total_mm,0.2
2021-10-28,OVR,,,,,,,,,,,,tmax,15.9
2021-10-28,OVR,,,,,,,,,,,,tmin,13.1
2021-10-28,OVR,,,,,,,,,,,,wind_dir_mean_deg,46.9
2021-10-29,00:00,14.4,11.1,81,ESE,6.4,12.9,1018.25,0,0,0,0,,
2021-10-29,00:15,14.6,11.1,79,EAST,4.8,11.3,1018.29,0,0,0,0,,
2021-10-29,00:30,14.7,10.6,78,EAST,4.8,8,1018.22,0,0,0,0,,
2021-10-29,00:45,14.7,11.1,79,ESE,3.2,9.7,1018.02,0,0,0,0,,
2021-10-29,01:00,14.7,11.1,79,EAST,4.8,9.7,1018.05,0,0,0,0,,
2021-10-29,01:15,14.4,11.1,80,NORTH,0,4.8,1018.02,0,0,0,0,,
2021-10-29,01:30,14.4,11.1,80,EAST,4.8,6.4,1017.91,0,0,0,0,,
2021-10-29,01:45,14.6,11.1,81,SE,6.4,9.7,1017.85,0,0,0,0,,
2021-10-29,02:00,14.7,11.1,81,SE,3.2,9.7,1018.02,0,0,0,0,,
2021-10-29,02:15,14.4,11.1,83,EAST,1.6,3.2,1017.85,0,0,0,0,,
2021-10-29,02:30,14.2,11.7,85,ESE,3.2,4.8,1017.71,0,0,0,0,,
2021-10-29,02:45,14.2,11.7,85,EAST,4.8,9.7,1017.75,0,0,0,0,,
2021-10-29,03:00,14.3,11.7,85,EAST,3.2,9.7,1017.58,0,0,0,0,,
2021-10-29,03:15,14.3,11.7,85,SE,1.6,9.7,1017.61,0,0,0,0,,
2021-10-29,03:30,14.6,11.7,84,ESE,3.2,6.4,1017.54,0,0,0,0,,
2021-10-29,03:45,14.4,11.7,84,NORTH,0,1.6,1017.34,0,0,0,0,,
2021-10-29,04:00,14.3,11.7,85,NORTH,0,3.2,1017.34,0,0,0,0,,
2021-10-29,04:15,14.2,11.7,86,ESE,1.6,3.2,1017.1,0,0,0,0,,
2021-10-29,04:30,14,11.7,86,EAST,4.8,6.4,1017.03,0,0,0,0,,
2021-10-29,04:45,13.9,11.7,86,EAST,3.2,6.4,1017.1,0,0,0,0,,
2021-10-29,05:00,13.8,11.7,87,EAST,3.2,4.8,1017.1,0,0,0,0,,
2021-10-29,05:15,13.6,11.1,87,EAST,3.2,3.2,1016.93,0,0,0,0,,
2021-10-29,05:30,13.6,11.1,87,ESE,3.2,4.8,1016.93,0,0,0,0,,
2021-10-29,05:45,13.7,11.1,86,EAST,1.6,4.8,1017.03,0,0,0,0,,
2021-10-29,06:00,13.7,11.1,85,ESE,3.2,6.4,1016.97,0,0,0,0,,
2021-10-29,06:15,13.7,11.1,86,ENE,1.6,6.4,1016.8,0,0,0,0,,
2021-10-29,06:30,13.8,11.1,86,EAST,6.4,8,1016.83,0,0,0,0,,
2021-10-29,06:45,13.6,11.7,88,ENE,3.2,6.4,1016.63,0,0,0,0,,
2021-10-29,07:00,13.7,11.7,87,EAST,3.2,12.9,1016.9,0,0,0,0,,
2021-10-29,07:15,13.7,11.7,88,EAST,4.8,4.8,1016.86,0,0,0,0,,
2021-10-29,07:30,13.8,11.7,88,ENE,3.2,9.7,1016.83,0,0,0,0,,
2021-10-29,07:45,13.9,11.7,88,ESE,3.2,6.4,1016.73,0,0,0,0,,
2021-10-29,08:00,13.8,11.7,88,EAST,3.2,3.2,1016.8,0,0,0,0,,
2021-10-29,08:15,13.6,11.7,88,EAST,1.6,6.4,1016.83,0,0,0,11,,
2021-10-29,08:30,13.6,11.7,88,EAST,1.6,3.2,1017.17,0,0,0,18,,
2021-10-29,08:45,13.5,11.7,88,EAST,3.2,4.8,1017.2,0,0,0,40,,
2021-10-29,09:00,14.1,11.7,87,NORTH,0,6.4,1017.31,0,0,0,44,,
2021-10-29,09:15,14.3,12.2,87,NORTH,0,1.6,1017.34,0,0,0,51,,
2021-10-29,09:30,14.6,12.2,86,NORTH,0,1.6,1017.34,0,0,0,91,,
2021-10-29,09:45,15.4,12.2,83,SSE,1.6,3.2,1017.54,0,0,0,169,,
2021-10-29,10:00,16.1,12.8,81,,3.2,4.8,1017.54,0,0,1,318,,
2021-10-29,10:15,16.6,12.8,78,NE,4.8,4.8,1017.31,0,0,1,230,,
2021-10-29,10:30,16.7,12.8,78,,3.2,6.4,1017.37,0,0,1,529,,
2021-10-29,10:45,16.8,12.8,78,NORTH,0,9.7,1017.68,0,0,1,476,,
2021-10-29,11:00,17.1,12.8,75,WNW,3.2,9.7,1017.78,0,0,1,323,,
2021-10-29,11:15,17.1,12.8,76,NW,3.2,8,1017.71,0,0,1,190,,
2021-10-29,11:30,17.4,12.8,74,WNW,11.3,14.5,1017.78,0,0,2,643,,
2021-10-29,11:45,17.8,12.2,70,WNW,8,19.3,1017.75,0,0,1,125,,
2021-10-29,12:00,18.1,12.2,69,WNW,11.3,19.3,1017.88,0,0,2,589,,
2021-10-29,12:15,18.5,12.8,69,NW,3.2,16.1,1017.85,0,0,2,603,,
2021-10-29,12:30,18.4,11.7,66,WNW,20.9,24.1,1017.78,0,0,2,617,,
2021-10-29,12:45,18.8,12.2,65,WEST,14.5,19.3,1017.71,0,0,2,645,,
2021-10-29,13:00,18.6,11.7,65,WEST,4.8,20.9,1017.31,0,0,2,243,,
2021-10-29,13:15,18.2,12.2,69,WEST,12.9,17.7,1016.97,0,0,1,186,,
2021-10-29,13:30,18.6,12.8,69,WNW,11.3,25.7,1016.83,0,0,1,127,,
2021-10-29,13:45,18.9,12.2,65,WEST,3.2,20.9,1016.53,0,0,2,592,,
2021-10-29,14:00,19.3,11.7,62,WNW,12.9,22.5,1016.39,0,0,2,603,,
2021-10-29,14:15,19.6,12.2,63,WEST,6.4,24.1,1016.22,0,0,2,652,,
2021-10-29,14:30,19.2,12.8,66,WNW,6.4,20.9,1016.12,0,0,2,137,,
2021-10-29,14:45,19.8,12.2,62,SW,4.8,22.5,1015.98,0,0,2,592,,
2021-10-29,15:00,19.3,11.7,62,WNW,16.1,27.4,1015.98,0,0,1,128,,
2021-10-29,15:15,19.6,11.7,60,WEST,9.7,25.7,1015.88,0,0,2,476,,
2021-10-29,15:30,19.8,11.7,60,WEST,11.3,29,1015.85,0,0,1,436,,
2021-10-29,15:45,19.4,11.7,60,WEST,11.3,29,1015.82,0,0,1,401,,
2021-10-29,16:00,19.6,11.1,59,WEST,19.3,22.5,1015.68,0,0,1,360,,
2021-10-29,16:15,19.3,11.1,59,WEST,19.3,32.2,1015.92,0,0,1,322,,
2021-10-29,16:30,19.2,11.7,62,WEST,6.4,30.6,1016.09,0,0,1,281,,
2021-10-29,16:45,19.1,11.7,63,WNW,11.3,27.4,1015.95,0,0,0,232,,
2021-10-29,17:00,18.7,12.2,66,WNW,12.9,27.4,1015.95,0,0,0,183,,
2021-10-29,17:15,18.4,12.2,67,WNW,19.3,29,1016.02,0,0,0,123,,
2021-10-29,17:30,18.2,12.2,68,WNW,16.1,32.2,1015.98,0,0,0,23,,
2021-10-29,17:45,17.9,12.2,71,WNW,16.1,27.4,1016.39,0,0,0,18,,
2021-10-29,18:00,17.7,12.2,71,WEST,19.3,30.6,1016.39,0,0,0,14,,
2021-10-29,18:15,17.4,12.2,73,WEST,14.5,20.9,1016.59,0,0,0,7,,
2021-10-29,18:30,17.1,12.2,75,WEST,14.5,20.9,1016.53,0,0,0,0,,
2021-10-29,18:45,16.9,12.2,76,WNW,6.4,17.7,1016.59,0,0,0,0,,
2021-10-29,19:00,16.7,12.2,77,WNW,6.4,17.7,1016.86,0,0,0,0,,
2021-10-29,19:15,16.5,12.8,78,WEST,9.7,17.7,1017.03,0,0,0,0,,
2021-10-29,19:30,15.6,12.2,81,WEST,3.2,9.7,1017.03,0,0,0,0,,
2021-10-29,19:45,15.7,12.2,81,WEST,11.3,9.7,1017.2,0,0,0,0,,
2021-10-29,20:00,15.6,12.2,81,WEST,4.8,9.7,1017.14,0,0,0,0,,
2021-10-29,20:15,14.8,11.7,83,NORTH,0,3.2,1017.2,0,0,0,0,,
2021-10-29,20:30,15.2,12.2,84,WEST,3.2,4.8,1017.58,0,0,0,0,,
2021-10-29,20:45,15.4,12.2,83,WEST,9.7,11.3,1017.58,0,0,0,0,,
2021-10-29,21:00,15.4,12.2,82,NORTH,0,12.9,1017.85,0,0,0,0,,
2021-10-29,21:15,14.4,12.2,86,EAST,1.6,4.8,1017.91,0,0,0,0,,
2021-10-29,21:30,14.1,11.7,87,EAST,1.6,4.8,1017.78,0,0,0,0,,
2021-10-29,21:45,14.6,12.2,87,EAST,3.2,4.8,1017.91,0,0,0,0,,
2021-10-29,22:00,14.5,12.2,86,EAST,1.6,3.2,1017.95,0,0,0,0,,
2021-10-29,22:15,14.5,12.2,86,EAST,1.6,4.8,1017.81,0,0,0,0,,
2021-10-29,22:30,14.3,11.7,86,ESE,3.2,4.8,1018.08,0,0,0,0,,
2021-10-29,22:45,13.6,11.1,87,ESE,4.8,6.4,1018.29,0,0,0,0,,
2021-10-29,23:00,13.9,11.7,87,ESE,3.2,6.4,1018.12,0,0,0,0,,
2021-10-29,23:15,13.9,11.7,87,ESE,4.8,4.8,1018.15,0,0,0,0,,
2021-10-29,23:30,13.4,11.7,89,ESE,3.2,3.2,1018.15,0,0,0,0,,
2021-10-29,23:45,13.7,11.7,88,ESE,3.2,4.8,1018.05,0,0,0,0,,
2021-10-29,OVR,,,,,,,,,,,,gustmax,32.2
2021-10-29,OVR,,,,,,,,,,,,rainrate_max,0
2021-10-29,OVR,,,,,,,,,,,,rain_total_mm,0
2021-10-29,OVR,,,,,,,,,,,,tmax,20.2
2021-10-29,OVR,,,,,,,,,,,,tmin,13.3
2021-10-29,OVR,,,,,,,,,,,,wind_dir_mean_deg,32.9
2021-10-30,00:00,13.6,11.1,87,ESE,3.2,4.8,1018.02,0,0,0,0,,
2021-10-30,00:15,13.1,11.1,89,ESE,3.2,4.8,1017.98,0,0,0,0,,
2021-10-30,00:30,13.3,11.7,89,ESE,1.6,4.8,1017.81,0,0,0,0,,
2021-10-30,00:45,13.1,11.1,90,ESE,1.6,4.8,1017.61,0,0,0,0,,
2021-10-30,01:00,12.9,11.1,91,ESE,1.6,4.8,1017.71,0,0,0,0,,
2021-10-30,01:15,13.2,11.7,91,ESE,1.6,3.2,1017.68,0,0,0,0,,
2021-10-30,01:30,13.1,11.1,90,ESE,3.2,3.2,1017.81,0,0,0,0,,
2021-10-30,01:45,13.1,11.7,91,SE,1.6,6.4,1017.44,0,0,0,0,,
2021-10-30,02:00,13,11.7,91,SE,3.2,4.8,1017.24,0,0,0,0,,
2021-10-30,02:15,12.9,11.1,91,ESE,3.2,6.4,1017.07,0,0,0,0,,
2021-10-30,02:30,13.1,11.1,90,ESE,6.4,11.3,1017.2,0,0,0,0,,
2021-10-30,02:45,13.1,11.1,89,ESE,4.8,9.7,1017.03,0,0,0,0,,
2021-10-30,03:00,13.1,11.1,89,ESE,3.2,6.4,1016.93,0,0,0,0,,
2021-10-30,03:15,13.6,11.1,87,ESE,4.8,11.3,1017,0,0,0,0,,
2021-10-30,03:30,13.3,11.1,87,ESE,3.2,4.8,1017.03,0,0,0,0,,
2021-10-30,03:45,12.9,11.1,90,ESE,3.2,4.8,1017,0,0,0,0,,
2021-10-30,04:00,12.5,10.6,90,ESE,1.6,4.8,1017,0,0,0,0,,
2021-10-30,04:15,12.6,11.1,91,ESE,3.2,3.2,1017,0,0,0,0,,
2021-10-30,04:30,12.5,11.1,91,NORTH,0,3.2,1016.86,0,0,0,0,,
2021-10-30,04:45,12.8,11.1,92,ESE,3.2,4.8,1017.14,0,0,0,0,,
2021-10-30,05:00,12.6,11.1,92,EAST,4.8,6.4,1016.83,0,0,0,0,,
2021-10-30,05:15,12.7,11.1,92,ESE,6.4,9.7,1016.73,0,0,0,0,,
2021-10-30,05:30,13.2,11.7,91,ESE,9.7,12.9,1016.49,0,0,0,0,,
2021-10-30,05:45,13.1,11.1,89,ESE,11.3,12.9,1016.36,0,0,0,0,,
2021-10-30,06:00,12.8,11.1,89,EAST,3.2,12.9,1016.53,0,0,0,0,,
2021-10-30,06:15,12.5,10.6,90,ESE,3.2,6.4,1016.63,0,0,0,0,,
2021-10-30,06:30,12.6,11.1,90,ESE,12.9,12.9,1016.46,0,0,0,0,,
2021-10-30,06:45,12.9,11.1,90,EAST,6.4,12.9,1016.29,0,0,0,0,,
2021-10-30,07:00,13.3,11.7,89,ESE,6.4,12.9,1016.32,0,0,0,0,,
2021-10-30,07:15,13.7,11.7,89,ESE,9.7,11.3,1016.36,0,0,0,0,,
2021-10-30,07:30,13.8,11.7,87,ESE,3.2,9.7,1016.56,0,0,0,0,,
2021-10-30,07:45,13.6,11.7,87,ESE,3.2,6.4,1016.7,0,0,0,0,,
2021-10-30,08:00,14.3,11.7,87,ESE,4.8,6.4,1016.8,0,0,0,11,,
2021-10-30,08:15,14.7,11.7,84,ESE,3.2,11.3,1016.83,0,0,0,23,,
2021-10-30,08:30,14.6,11.7,84,ESE,6.4,12.9,1017.17,0,0,0,32,,
2021-10-30,08:45,15.1,12.2,83,EAST,11.3,14.5,1017,0,0,0,62,,
2021-10-30,09:00,14.8,11.7,83,ESE,11.3,14.5,1016.86,0,0,0,83,,
2021-10-30,09:15,15.4,12.2,81,ESE,9.7,14.5,1017.14,0,0,0,137,,
2021-10-30,09:30,15.8,12.2,80,SE,4.8,9.7,1017.14,0,0,0,137,,
2021-10-30,09:45,15.8,12.2,80,ESE,4.8,14.5,1017.14,0,0,0,132,,
2021-10-30,10:00,15.3,11.7,79,ESE,6.4,14.5,1017.2,0,0,1,195,,
2021-10-30,10:15,15.2,11.1,78,EAST,11.3,12.9,1017.03,0,0,1,185,,
2021-10-30,10:30,15.1,11.1,79,EAST,6.4,14.5,1017.1,0,0,1,230,,
2021-10-30,10:45,15.9,11.7,78,ESE,4.8,11.3,1017.24,0,0,1,295,,
2021-10-30,11:00,16.3,12.2,78,SE,6.4,12.9,1017.17,0,0,1,267,,
2021-10-30,11:15,16.8,13.3,81,SE,9.7,22.5,1017.1,0,0,1,267,,
2021-10-30,11:30,16.9,13.3,81,ESE,11.3,17.7,1017.03,0,0,1,264,,
2021-10-30,11:45,17.1,13.3,79,ESE,4.8,16.1,1017.03,0,0,1,362,,
2021-10-30,12:00,17.4,13.9,81,ESE,14.5,20.9,1017,0,0,1,353,,
2021-10-30,12:15,17.6,13.9,81,EAST,11.3,19.3,1017.03,0,0,2,350,,
2021-10-30,12:30,18,13.9,78,SE,12.9,22.5,1016.83,0,0,2,366,,
2021-10-30,12:45,18.3,13.9,76,SE,14.5,22.5,1016.53,0,0,2,506,,
2021-10-30,13:00,18.4,13.9,75,SSE,9.7,24.1,1016.7,0,0,2,323,,
2021-10-30,13:15,18.7,13.9,75,SE,14.5,24.1,1016.49,0,0,1,269,,
2021-10-30,13:30,18.6,13.9,75,ESE,16.1,19.3,1016.32,0,0,1,244,,
2021-10-30,13:45,18.4,13.3,73,SE,12.9,24.1,1016.29,0,0,1,216,,
2021-10-30,14:00,18.6,13.3,73,ESE,9.7,22.5,1015.95,0,0,2,309,,
2021-10-30,14:15,19,13.3,71,SE,17.7,24.1,1015.85,0,0,2,388,,
2021-10-30,14:30,19.2,12.8,67,SE,12.9,27.4,1015.78,0,0,2,367,,
2021-10-30,14:45,19,12.2,65,SE,8,24.1,1015.85,0,0,1,320,,
2021-10-30,15:00,19.2,12.8,67,SE,12.9,22.5,1015.54,0,0,1,243,,
2021-10-30,15:15,18.8,12.8,68,ESE,12.9,29,1015.51,0,0,1,181,,
2021-10-30,15:30,18.8,12.8,69,SE,6.4,24.1,1015.61,0,0,1,144,,
2021-10-30,15:45,18.4,12.8,71,SE,9.7,27.4,1015.61,0,0,0,100,,
2021-10-30,16:00,18.3,13.3,73,ESE,14.5,22.5,1015.65,0,0,0,109,,
2021-10-30,16:15,18.2,13.3,75,ESE,12.9,22.5,1015.58,0,0,0,86,,
2021-10-30,16:30,17.9,13.3,75,SE,16.1,25.7,1015.75,0,0,0,81,,
2021-10-30,16:45,17.9,13.3,77,ESE,12.9,25.7,1015.85,0,0,0,65,,
2021-10-30,17:00,17.7,13.9,79,SSE,14.5,22.5,1015.78,0,0,0,44,,
2021-10-30,17:15,17.6,13.9,79,ESE,14.5,25.7,1015.71,0,0,0,62,,
2021-10-30,17:30,17.6,13.9,80,SE,11.3,30.6,1015.95,0,0,0,46,,
2021-10-30,17:45,17.4,13.9,80,ESE,11.3,22.5,1015.92,0,0,0,32,,
2021-10-30,18:00,17.2,13.9,81,ESE,11.3,24.1,1015.98,0,0,0,21,,
2021-10-30,18:15,17.1,13.9,82,ESE,17.7,24.1,1016.12,0,0,0,0,,
2021-10-30,18:30,16.9,13.9,83,SE,12.9,27.4,1016.09,0,0,0,0,,
2021-10-30,18:45,16.9,13.9,83,SE,11.3,22.5,1016.39,0,0,0,0,,
2021-10-30,19:00,16.8,13.9,84,SE,12.9,22.5,1016.56,0,0,0,0,,
2021-10-30,19:15,16.7,13.9,84,SE,16.1,22.5,1016.59,0,0,0,0,,
2021-10-30,19:30,16.8,13.9,84,SE,11.3,24.1,1016.76,0,0,0,0,,
2021-10-30,19:45,16.7,13.9,84,SE,12.9,22.5,1016.9,0,0,0,0,,
2021-10-30,20:00,16.7,13.9,85,SE,14.5,24.1,1016.66,0,0,0,0,,
2021-10-30,20:15,16.7,13.9,85,ESE,16.1,20.9,1016.93,0,0,0,0,,
2021-10-30,20:30,16.6,13.9,86,ESE,11.3,19.3,1016.97,0,0,0,0,,
2021-10-30,20:45,16.4,13.9,86,SSE,8,14.5,1017.1,0,0,0,0,,
2021-10-30,21:00,16.3,13.9,87,SE,4.8,14.5,1017.34,0,0,0,0,,
2021-10-30,21:15,16.2,13.9,88,ESE,4.8,11.3,1017.27,0,0,0,0,,
2021-10-30,21:30,16.2,13.9,88,SE,4.8,14.5,1017.31,0,0,0,0,,
2021-10-30,21:45,16.2,13.9,88,ESE,3.2,9.7,1017.14,0,0,0,0,,
2021-10-30,22:00,16.1,13.9,88,ESE,6.4,12.9,1017.14,0,0,0,0,,
2021-10-30,22:15,16.1,13.9,88,ESE,4.8,9.7,1017.31,0,0,0,0,,
2021-10-30,22:30,16.3,14.4,88,ESE,4.8,12.9,1017.07,0,0,0,0,,
2021-10-30,22:45,16.3,14.4,89,SE,4.8,12.9,1017.27,0,0,0,0,,
2021-10-30,23:00,16.3,14.4,89,SE,6.4,12.9,1017.51,0,0,0,0,,
2021-10-30,23:15,16.3,14.4,89,SE,6.4,12.9,1017.54,0,0,0,0,,
2021-10-30,23:30,16.1,14.4,90,SE,3.2,12.9,1017.78,0,0,0,0,,
2021-10-30,23:45,15.9,14.4,91,ESE,4.8,11.3,1017.71,0.25,0.25,0,0,,
2021-10-30,OVR,,,,,,,,,,,,gustmax,32.2
2021-10-30,OVR,,,,,,,,,,,,rainrate_max,0.2
2021-10-30,OVR,,,,,,,,,,,,rain_total_mm,0.2
2021-10-30,OVR,,,,,,,,,,,,tmax,19.3
2021-10-30,OVR,,,,,,,,,,,,tmin,12.3
2021-10-30,OVR,,,,,,,,,,,,wind_dir_mean_deg,118.8
2021-10-31,00:00,15.8,14.4,92,ESE,1.6,6.4,1017.81,0,0.25,0,0,,
2021-10-31,00:15,15.8,14.4,92,SE,6.4,9.7,1017.71,0,0.25,0,0,,
2021-10-31,00:30,15.3,13.9,92,SE,3.2,12.9,1017.61,0.25,0.51,0,0,,
2021-10-31,00:45,15,13.3,92,SE,6.4,12.9,1017.71,0.25,0.25,0,0,,
2021-10-31,01:00,14.7,13.3,91,ESE,12.9,17.7,1017.54,0.25,0.25,0,0,,
2021-10-31,01:15,14.4,12.8,92,SE,6.4,14.5,1017.51,0.25,0.25,0,0,,
2021-10-31,01:30,14.3,12.8,92,ESE,9.7,14.5,1017.31,0.51,0.51,0,0,,
2021-10-31,01:45,14.2,12.8,92,ESE,8,16.1,1017.07,0.51,0.51,0,0,,
2021-10-31,02:00,14.4,12.8,93,SE,11.3,17.7,1016.9,0.51,0.51,0,0,,
2021-10-31,02:15,14.6,13.3,92,ESE,14.5,16.1,1016.66,0.51,0.51,0,0,,
2021-10-31,02:30,14.7,12.8,91,ESE,6.4,12.9,1016.59,0.51,0,0,0,,
2021-10-31,02:45,14.7,12.8,90,ESE,4.8,12.9,1016.19,0.51,0,0,0,,
2021-10-31,02:00,14.9,13.3,91,EAST,11.3,17.7,1016.09,0.51,0,0,0,,
2021-10-31,02:15,14.7,13.3,92,ESE,3.2,14.5,1016.22,0.51,0,0,0,,
2021-10-31,02:30,14.7,13.3,93,ESE,4.8,11.3,1016.56,0.51,0,0,0,,
2021-10-31,02:45,14.8,13.3,93,ESE,6.4,14.5,1016.36,0.76,0.25,0,0,,
2021-10-31,03:00,14.7,13.3,93,ESE,6.4,14.5,1016.32,0.76,0.25,0,0,,
2021-10-31,03:15,14.7,13.3,93,EAST,11.3,12.9,1015.95,0.76,0.25,0,0,,
2021-10-31,03:30,14.7,13.3,93,ESE,11.3,14.5,1015.71,0.76,0.25,0,0,,
2021-10-31,03:45,14.7,13.3,93,ESE,11.3,14.5,1015.71,0.76,0,0,0,,
2021-10-31,04:00,14.7,13.3,93,SE,14.5,20.9,1015.58,0.76,0,0,0,,
2021-10-31,04:15,14.6,13.3,93,ESE,6.4,14.5,1015.65,0.76,0,0,0,,
2021-10-31,04:30,14.7,13.3,92,SE,16.1,19.3,1015.54,0.76,0,0,0,,
2021-10-31,04:45,15,13.3,90,SE,19.3,24.1,1015.1,0.76,0,0,0,,
2021-10-31,05:00,14.9,13.3,91,ESE,17.7,22.5,1015.37,0.76,0,0,0,,
2021-10-31,05:15,14.8,13.3,92,ESE,14.5,25.7,1015.21,0.76,0,0,0,,
2021-10-31,05:30,14.7,13.3,93,SE,14.5,22.5,1014.97,0.76,0,0,0,,
2021-10-31,05:45,14.7,13.3,93,ESE,12.9,22.5,1015.07,0.76,0,0,0,,
2021-10-31,06:00,14.7,13.3,93,ESE,14.5,22.5,1014.97,0.76,0,0,0,,
2021-10-31,06:15,14.7,13.3,93,ESE,12.9,20.9,1015.14,0.76,0,0,0,,
2021-10-31,06:30,14.7,13.3,94,ESE,14.5,24.1,1015.07,0.76,0,0,0,,
2021-10-31,06:45,14.8,13.9,94,ESE,8,20.9,1014.9,0.76,0,0,0,,
2021-10-31,07:00,14.8,13.9,94,SE,12.9,20.9,1014.66,1.02,0.25,0,0,,
2021-10-31,07:15,14.8,13.9,94,ESE,17.7,22.5,1014.66,1.02,0.25,0,0,,
2021-10-31,07:30,14.8,13.9,94,ESE,16.1,29,1014.33,1.27,0.51,0,11,,
2021-10-31,07:45,14.8,13.9,95,ESE,22.5,27.4,1014.29,1.27,0.51,0,19,,
2021-10-31,08:00,14.7,13.9,94,EAST,20.9,30.6,1014.46,1.52,0.51,0,21,,
2021-10-31,08:15,14.7,13.9,94,ESE,14.5,30.6,1014.33,1.52,0.51,0,33,,
2021-10-31,08:30,14.7,13.9,94,SE,20.9,29,1014.12,1.78,0.51,0,54,,
2021-10-31,08:45,14.8,13.9,94,SE,20.9,37,1014.16,1.78,0.51,0,44,,
2021-10-31,09:00,14.8,13.9,94,EAST,27.4,33.8,1013.95,2.29,0.76,0,40,,
2021-10-31,09:15,14.8,13.9,94,SE,14.5,30.6,1014.12,2.79,1.27,0,26,,
2021-10-31,09:30,14.9,13.9,94,ESE,20.9,30.6,1014.16,3.3,1.52,0,26,,
2021-10-31,09:45,15,13.9,94,ESE,24.1,29,1013.58,4.32,2.54,0,42,,
2021-10-31,10:00,15.2,13.9,95,SE,20.9,33.8,1013.55,5.84,3.56,0,39,,
2021-10-31,10:15,15.3,14.4,95,ESE,25.7,32.2,1013.44,6.35,3.56,0,39,,
2021-10-31,10:30,15.4,14.4,95,SE,30.6,32.2,1013.17,7.11,3.56,0,67,,
2021-10-31,10:45,15.4,14.4,95,ESE,16.1,24.1,1013.21,7.11,2.79,0,40,,
2021-10-31,11:00,15.7,15,95,ESE,20.9,32.2,1013.04,7.62,1.78,0,46,,
2021-10-31,11:15,15.9,15,96,SSE,8,27.4,1013.14,7.87,1.52,0,28,,
2021-10-31,11:30,16.1,15,96,ESE,12.9,25.7,1012.94,8.13,1.27,0,39,,
2021-10-31,11:45,16.2,15.6,96,SE,12.9,20.9,1012.77,8.89,1.52,0,25,,
2021-10-31,12:00,16.3,15.6,96,ESE,8,24.1,1012.43,9.91,2.29,0,16,,
2021-10-31,12:15,16.4,15.6,96,ESE,14.5,27.4,1012.16,10.92,3.05,0,35,,
2021-10-31,12:30,16.5,15.6,96,ESE,16.1,25.7,1011.99,12.45,4.06,0,62,,
2021-10-31,12:45,16.6,15.6,96,ESE,19.3,29,1011.82,13.72,4.57,1,93,,
2021-10-31,13:00,16.7,15.6,96,SE,20.9,25.7,1011.45,15.24,5.33,0,53,,
2021-10-31,13:15,16.7,15.6,96,SE,14.5,25.7,1011.14,17.78,6.86,0,62,,
2021-10-31,13:30,16.8,16.1,96,SE,12.9,27.4,1011.11,18.03,5.59,0,81,,
2021-10-31,13:45,16.9,16.1,96,SE,11.3,22.5,1011.24,18.29,4.57,0,67,,
2021-10-31,14:00,17,16.1,96,SE,6.4,17.7,1010.94,18.54,3.3,0,86,,
2021-10-31,14:15,17.1,16.1,96,SSE,6.4,20.9,1010.63,18.54,0.76,0,74,,
2021-10-31,14:30,17.2,16.1,96,SSE,9.7,11.3,1010.36,18.54,0.51,0,90,,
2021-10-31,14:45,17.3,16.7,96,SE,3.2,11.3,1010.46,19.3,1.02,0,44,,
2021-10-31,15:00,17.2,16.1,96,SE,6.4,11.3,1010.5,19.81,1.27,0,37,,
2021-10-31,15:15,17.4,16.7,96,SSE,6.4,14.5,1010.26,19.81,1.27,1,202,,
2021-10-31,15:30,17.5,16.7,96,SE,9.7,12.9,1010.19,19.81,1.02,0,44,,
2021-10-31,15:45,17.4,16.7,96,SSE,3.2,11.3,1010.3,21.08,1.78,0,25,,
2021-10-31,16:00,17.6,16.7,96,SSE,6.4,6.4,1010.3,21.08,1.52,0,28,,
2021-10-31,16:15,17.6,16.7,96,SSE,1.6,12.9,1010.3,22.1,2.29,0,51,,
2021-10-31,16:30,17.4,16.7,96,SE,3.2,9.7,1010.16,22.1,2.29,0,28,,
2021-10-31,16:45,17.3,16.7,96,EAST,9.7,14.5,1009.96,22.1,1.27,0,16,,
2021-10-31,17:00,17.3,16.7,96,SSE,1.6,17.7,1010.26,22.1,1.02,0,0,,
2021-10-31,17:15,17.2,16.1,96,NW,8,20.9,1010.46,22.1,0.25,0,0,,
2021-10-31,17:30,17.1,16.1,96,SSE,6.4,11.3,1010.33,23.88,2.03,0,0,,
2021-10-31,17:45,17.2,16.7,96,NORTH,0,1.6,1010.46,24.13,2.03,0,0,,
2021-10-31,18:00,17.1,16.1,96,SSE,3.2,3.2,1010.26,24.13,2.03,0,0,,
2021-10-31,18:15,17.2,16.7,97,NORTH,0,3.2,1010.53,24.13,2.03,0,0,,
2021-10-31,18:30,17.1,16.1,97,SSE,1.6,3.2,1010.7,24.13,0.25,0,0,,
2021-10-31,18:45,16.9,16.1,96,NORTH,0,3.2,1010.77,24.13,0,0,0,,
2021-10-31,19:00,17,16.1,97,SSE,8,8,1010.74,24.38,0.25,0,0,,
2021-10-31,19:15,16.9,16.1,96,SE,1.6,4.8,1010.84,24.38,0.25,0,0,,
2021-10-31,19:30,16.9,16.1,97,SE,1.6,4.8,1010.87,24.38,0.25,0,0,,
2021-10-31,19:45,16.9,16.1,97,NORTH,0,3.2,1010.94,24.38,0.25,0,0,,
2021-10-31,20:00,17.1,16.7,97,SE,3.2,4.8,1011.01,24.38,0,0,0,,
2021-10-31,20:15,17.1,16.1,97,SSE,3.2,4.8,1010.97,24.38,0,0,0,,
2021-10-31,20:30,17.2,16.7,97,NORTH,0,4.8,1011.04,24.38,0,0,0,,
2021-10-31,20:45,17.1,16.1,97,SSE,1.6,3.2,1011.11,24.38,0,0,0,,
2021-10-31,21:00,17,16.1,97,NORTH,0,4.8,1010.77,24.38,0,0,0,,
2021-10-31,21:15,17.1,16.7,97,NORTH,0,3.2,1011.21,24.38,0,0,0,,
2021-10-31,21:30,17.1,16.7,97,NORTH,0,1.6,1010.97,24.38,0,0,0,,
2021-10-31,21:45,17.1,16.7,97,NORTH,0,0,1010.9,24.38,0,0,0,,
2021-10-31,22:00,17,16.1,97,NORTH,0,0,1011.04,24.38,0,0,0,,
2021-10-31,22:15,17,16.1,97,NORTH,0,1.6,1010.94,24.38,0,0,0,,
2021-10-31,22:30,16.9,16.1,97,NORTH,0,0,1011.01,24.38,0,0,0,,
2021-10-31,22:45,17.1,16.7,97,NORTH,0,0,1011.01,24.38,0,0,0,,
2021-10-31,23:00,17.3,16.7,97,NORTH,0,1.6,1010.84,24.38,0,0,0,,
2021-10-31,23:15,17.2,16.7,97,NORTH,0,1.6,1010.84,24.38,0,0,0,,
2021-10-31,23:30,17.3,16.7,97,NORTH,0,6.4,1010.84,24.38,0,0,0,,
2021-10-31,23:45,17.3,16.7,97,WEST,3.2,11.3,1010.87,24.38,0,0,0,,
2021-10-31,OVR,,,,,,,,,,,,gustmax,38.6
2021-10-31,OVR,,,,,,,,,,,,rainrate_max,53.6
2021-10-31,OVR,,,,,,,,,,,,rain_total_mm,24.4
2021-10-31,OVR,,,,,,,,,,,,tmax,17.6
2021-10-31,OVR,,,,,,,,,,,,tmin,14.2
2021-10-31,OVR,,,,,,,,,,,,wind_dir_mean_deg,115.8
