date,time,temp_c,dewpoint_c,rh_pct,wind_dir_txt,wind_kmh,gust_kmh,press_hpa,rain_acc_mm,rain_rate_mmph,uv,solar_wm2,key,value
2026-01-01,00:00,7.8,5.0,84.0,EAST,4.8,11.3,1017.14,0,0,0,0,,
2026-01-01,00:15,7.9,5.0,84.0,EAST,6.4,11.3,1016.93,0,0,0,0,,
2026-01-01,00:30,8.1,5.6,84.0,EAST,12.9,14.5,1016.76,0,0,0,0,,
2026-01-01,00:45,8.1,5.6,84.0,ESE,6.4,12.9,1016.73,0,0,0,0,,
2026-01-01,01:00,8.0,5.6,84.0,ESE,12.9,12.9,1016.8,0,0,0,0,,
2026-01-01,01:15,8.1,5.6,84.0,EAST,12.9,14.5,1016.8,0,0,0,0,,
2026-01-01,01:30,8.1,5.6,84.0,ESE,6.4,14.5,1016.76,0,0,0,0,,
2026-01-01,01:45,7.8,5.0,84.0,EAST,4.8,12.9,1016.97,0,0,0,0,,
2026-01-01,02:00,7.7,5.0,85.0,EAST,6.4,11.3,1016.86,0,0,0,0,,
2026-01-01,02:15,7.5,5.0,85.0,ESE,6.4,9.7,1016.97,0,0,0,0,,
2026-01-01,02:30,7.4,5.0,86.0,ESE,9.7,11.3,1017,0,0,0,0,,
2026-01-01,02:45,7.3,5.0,86.0,ESE,4.8,11.3,1017.2,0,0,0,0,,
2026-01-01,03:00,7.4,5.0,86.0,EAST,6.4,14.5,1017.2,0,0,0,0,,
2026-01-01,03:15,7.5,5.0,86.0,EAST,9.7,14.5,1017.24,0,0,0,0,,
2026-01-01,03:30,7.4,5.0,86.0,EAST,9.7,12.9,1017.14,0,0,0,0,,
2026-01-01,03:45,7.3,5.0,86.0,ESE,6.4,11.3,1017.07,0,0,0,0,,
2026-01-01,04:00,7.1,4.4,86.0,EAST,4.8,11.3,1017.1,0,0,0,0,,
2026-01-01,04:15,7.0,4.4,86.0,EAST,6.4,12.9,1017.14,0,0,0,0,,
2026-01-01,04:30,7.0,4.4,86.0,EAST,6.4,12.9,1017.1,0,0,0,0,,
2026-01-01,04:45,7.0,4.4,86.0,ESE,11.3,11.3,1016.9,0,0,0,0,,
2026-01-01,05:00,6.8,4.4,87.0,ESE,9.7,11.3,1016.86,0,0,0,0,,
2026-01-01,05:15,6.6,4.4,87.0,ESE,9.7,9.7,1016.8,0,0,0,0,,
2026-01-01,05:30,6.4,4.4,87.0,ESE,9.7,11.3,1016.86,0,0,0,0,,
2026-01-01,05:45,6.5,4.4,87.0,ESE,6.4,11.3,1016.86,0,0,0,0,,
2026-01-01,06:00,6.5,4.4,87.0,ESE,4.8,12.9,1016.97,0,0,0,0,,
2026-01-01,06:15,6.7,4.4,88.0,ESE,4.8,11.3,1016.97,0,0,0,0,,
2026-01-01,06:30,6.9,5.0,88.0,ESE,4.8,11.3,1017.14,0,0,0,0,,
2026-01-01,06:45,6.9,5.0,88.0,ESE,6.4,9.7,1017.24,0,0,0,0,,
2026-01-01,07:00,7.3,5.0,88.0,ESE,8.0,11.3,1017.2,0,0,0,0,,
2026-01-01,07:15,7.3,5.0,87.0,ESE,6.4,11.3,1017.31,0,0,0,0,,
2026-01-01,07:30,7.2,5.0,87.0,ESE,4.8,9.7,1017.44,0,0,0,0,,
2026-01-01,07:45,6.9,5.0,87.0,ESE,8.0,12.9,1017.44,0,0,0,0,,
2026-01-01,08:00,6.9,4.4,87.0,SE,6.4,11.3,1017.51,0,0,0,12,,
2026-01-01,08:15,7.1,5.0,87.0,ESE,4.8,11.3,1017.51,0,0,0,18,,
2026-01-01,08:30,7.4,5.0,87.0,ESE,3.2,11.3,1017.51,0,0,0,79,,
2026-01-01,08:45,7.8,5.6,86.0,ESE,3.2,6.4,1017.58,0,0,0,121,,
2026-01-01,09:00,8.1,5.6,85.0,ESE,6.4,11.3,1017.51,0,0,0,171,,
2026-01-01,09:15,8.3,5.6,84.0,ESE,11.3,12.9,1017.85,0,0,0,213,,
2026-01-01,09:30,8.7,6.1,84.0,ESE,6.4,11.3,1017.91,0,0,0,258,,
2026-01-01,09:45,9.1,6.1,83.0,ESE,3.2,11.3,1018.05,0,0,1,295,,
2026-01-01,10:00,9.8,6.7,83.0,NORTH,0.0,6.4,1018.22,0,0,1,334,,
2026-01-01,10:15,10.6,7.2,80.0,EAST,6.4,4.8,1018.39,0,0,1,387,,
2026-01-01,10:30,9.9,6.7,81.0,ESE,9.7,9.7,1018.66,0,0,1,427,,
2026-01-01,10:45,10.1,6.7,81.0,ESE,11.3,12.9,1018.52,0,0,1,418,,
2026-01-01,11:00,10.6,6.7,79.0,EAST,11.3,11.3,1018.42,0,0,1,441,,
2026-01-01,11:15,10.8,6.7,77.0,EAST,11.3,12.9,1018.42,0,0,1,459,,
2026-01-01,11:30,11.2,7.2,77.0,ESE,4.8,12.9,1018.29,0,0,1,471,,
2026-01-01,11:45,11.4,7.2,78.0,EAST,3.2,14.5,1018.12,0,0,1,519,,
2026-01-01,12:00,11.1,7.2,79.0,SSE,3.2,12.9,1018.12,0,0,1,334,,
2026-01-01,12:15,11.3,7.8,79.0,SSE,3.2,19.3,1017.91,0,0,2,185,,
2026-01-01,12:30,11.2,7.8,80.0,SSE,6.4,19.3,1017.78,0,0,1,137,,
2026-01-01,12:45,11.6,7.8,79.0,SE,9.7,14.5,1017.58,0,0,2,373,,
2026-01-01,13:00,11.8,7.8,78.0,SOUTH,3.2,11.3,1017.31,0,0,1,663,,
2026-01-01,13:15,11.6,7.8,77.0,SSE,3.2,14.5,1017.2,0,0,1,279,,
2026-01-01,13:30,11.5,7.8,78.0,SSE,9.7,12.9,1016.83,0,0,1,190,,
2026-01-01,13:45,11.7,7.8,77.0,SE,3.2,8.0,1017,0,0,1,237,,
2026-01-01,14:00,11.4,7.8,79.0,SSE,4.8,11.3,1016.76,0,0,1,199,,
2026-01-01,14:15,11.6,7.8,79.0,SSW,1.6,9.7,1016.7,0,0,1,227,,
2026-01-01,14:30,11.8,7.8,78.0,SSE,4.8,9.7,1016.59,0,0,1,457,,
2026-01-01,14:45,11.8,7.2,75.0,NORTH,0.0,12.9,1016.66,0,0,1,396,,
2026-01-01,15:00,11.9,7.8,75.0,SOUTH,1.6,9.7,1016.53,0,0,1,404,,
2026-01-01,15:15,12.1,7.2,74.0,NORTH,0.0,8.0,1016.59,0,0,1,350,,
2026-01-01,15:30,12.1,7.8,75.0,WEST,9.7,11.3,1016.7,0,0,0,262,,
2026-01-01,15:45,11.6,7.2,76.0,WEST,3.2,14.5,1016.7,0,0,0,155,,
2026-01-01,16:00,11.3,7.2,77.0,NORTH,0.0,9.7,1016.76,0,0,0,54,,
2026-01-01,16:15,11.1,7.2,78.0,WEST,6.4,14.5,1016.93,0,0,0,37,,
2026-01-01,16:30,10.8,7.2,80.0,WNW,3.2,11.3,1017,0,0,0,46,,
2026-01-01,16:45,10.6,7.2,81.0,NORTH,0.0,11.3,1016.93,0,0,0,23,,
2026-01-01,17:00,10.2,7.2,82.0,NORTH,0.0,3.2,1016.86,0,0,0,14,,
2026-01-01,17:15,10.0,6.7,81.0,NORTH,0.0,0.0,1016.8,0,0,0,0,,
2026-01-01,17:30,9.3,6.1,81.0,WSW,3.2,4.8,1016.8,0,0,0,0,,
2026-01-01,17:45,8.6,5.6,83.0,SW,1.6,4.8,1016.86,0,0,0,0,,
2026-01-01,18:00,8.3,5.6,83.0,NORTH,0.0,4.8,1016.83,0,0,0,0,,
2026-01-01,18:15,7.9,5.0,84.0,SOUTH,3.2,4.8,1016.86,0,0,0,0,,
2026-01-01,18:30,8.1,5.6,85.0,SOUTH,1.6,4.8,1016.83,0,0,0,0,,
2026-01-01,18:45,8.5,6.1,85.0,SOUTH,3.2,4.8,1017.1,0,0,0,0,,
2026-01-01,19:00,8.7,6.1,85.0,SOUTH,3.2,6.4,1017.03,0,0,0,0,,
2026-01-01,19:15,8.7,6.1,85.0,SSE,6.4,8.0,1017.07,0,0,0,0,,
2026-01-01,19:30,8.8,6.1,85.0,SSE,6.4,8.0,1017.34,0,0,0,0,,
2026-01-01,19:45,8.6,6.1,84.0,SSE,4.8,9.7,1017.17,0,0,0,0,,
2026-01-01,20:00,8.4,6.1,85.0,SSE,6.4,9.7,1017.37,0,0,0,0,,
2026-01-01,20:15,8.6,6.1,85.0,SSE,3.2,9.7,1017.2,0,0,0,0,,
2026-01-01,20:30,8.8,6.1,85.0,SSE,4.8,8.0,1017.31,0,0,0,0,,
2026-01-01,20:45,9.0,6.1,84.0,SSE,6.4,8.0,1017.34,0,0,0,0,,
2026-01-01,21:00,9.2,6.7,84.0,SSE,3.2,8.0,1017.2,0,0,0,0,,
2026-01-01,21:15,9.4,6.7,83.0,SSE,3.2,9.7,1017.07,0,0,0,0,,
2026-01-01,21:30,9.4,6.7,83.0,SSE,3.2,4.8,1017.03,0,0,0,0,,
2026-01-01,21:45,9.5,6.7,83.0,SE,6.4,8.0,1017.03,0,0,0,0,,
2026-01-01,22:00,9.7,6.7,82.0,SSE,3.2,12.9,1017.03,0,0,0,0,,
2026-01-01,22:15,9.8,6.7,82.0,SE,4.8,8.0,1016.76,0,0,0,0,,
2026-01-01,22:30,9.7,6.7,81.0,SE,8.0,12.9,1016.8,0,0,0,0,,
2026-01-01,22:45,9.6,6.1,80.0,SE,6.4,8.0,1016.86,0,0,0,0,,
2026-01-01,23:00,9.6,6.1,79.0,SE,6.4,14.5,1016.76,0,0,0,0,,
2026-01-01,23:15,9.6,6.1,78.0,ESE,11.3,12.9,1016.7,0,0,0,0,,
2026-01-01,23:30,9.4,6.1,79.0,SE,14.5,16.1,1016.39,0,0,0,0,,
2026-01-01,23:45,9.2,6.1,81.0,SSE,3.2,12.9,1016.46,0,0,0,0,,
2026-01-02,00:00,9.2,6.1,82.0,SE,8.0,12.9,1016.42,0,0,0,0,,
2026-01-02,00:15,9.2,6.1,83.0,SSE,6.4,14.5,1016.22,0,0,0,0,,
2026-01-02,00:30,9.4,6.7,83.0,SE,6.4,14.5,1016.02,0,0,0,0,,
2026-01-02,00:45,9.3,6.7,83.0,SE,6.4,12.9,1016.02,0,0,0,0,,
2026-01-02,01:00,9.3,6.7,84.0,SSE,6.4,11.3,1016.02,0,0,0,0,,
2026-01-02,01:15,9.4,6.7,84.0,SSE,8.0,11.3,1015.78,0,0,0,0,,
2026-01-02,01:30,9.5,6.7,83.0,SSE,4.8,11.3,1015.95,0,0,0,0,,
2026-01-02,01:45,9.4,6.7,83.0,SSE,6.4,11.3,1015.85,0,0,0,0,,
2026-01-02,02:00,9.3,6.1,83.0,SSE,4.8,11.3,1015.78,0,0,0,0,,
2026-01-02,02:15,9.4,6.7,83.0,SSE,6.4,12.9,1015.85,0,0,0,0,,
2026-01-02,02:30,9.4,6.7,83.0,SSE,12.9,14.5,1015.61,0,0,0,0,,
2026-01-02,02:45,9.6,6.7,83.0,SSE,6.4,14.5,1015.68,0,0,0,0,,
2026-01-02,03:00,9.6,6.7,82.0,SSE,8.0,11.3,1015.71,0,0,0,0,,
2026-01-02,03:15,9.4,6.1,82.0,SSE,9.7,12.9,1015.61,0,0,0,0,,
2026-01-02,03:30,9.2,6.1,83.0,SSE,4.8,12.9,1015.34,0,0,0,0,,
2026-01-02,03:45,9.1,6.1,83.0,NORTH,0.0,9.7,1014.97,0,0,0,0,,
2026-01-02,04:00,8.8,6.1,83.0,SSE,4.8,9.7,1014.7,0,0,0,0,,
2026-01-02,04:15,8.9,6.1,83.0,SSE,6.4,9.7,1014.6,0,0,0,0,,
2026-01-02,04:30,8.8,6.1,83.0,SSE,9.7,12.9,1014.49,0,0,0,0,,
2026-01-02,04:45,8.8,6.1,83.0,SE,8.0,16.1,1014.33,0,0,0,0,,
2026-01-02,05:00,8.7,6.1,83.0,SE,9.7,14.5,1014.26,0,0,0,0,,
2026-01-02,05:15,8.6,5.6,84.0,SE,8.0,12.9,1013.82,0,0,0,0,,
2026-01-02,05:30,8.5,5.6,84.0,SE,6.4,11.3,1013.55,0,0,0,0,,
2026-01-02,05:45,8.7,5.6,83.0,SE,6.4,12.9,1013.61,0,0,0,0,,
2026-01-02,06:00,8.9,6.1,83.0,SE,4.8,11.3,1013.51,0,0,0,0,,
2026-01-02,06:15,9.1,6.1,83.0,SE,4.8,11.3,1013.72,0,0,0,0,,
2026-01-02,06:30,8.9,6.1,82.0,SSE,4.8,11.3,1013.85,0,0,0,0,,
2026-01-02,06:45,8.6,5.6,82.0,SE,3.2,9.7,1013.99,0,0,0,0,,
2026-01-02,07:00,8.6,5.6,83.0,SE,6.4,8.0,1013.95,0,0,0,0,,
2026-01-02,07:15,8.9,6.1,83.0,SSE,3.2,8.0,1014.16,0,0,0,0,,
2026-01-02,07:30,9.2,6.1,82.0,SE,4.8,11.3,1013.82,0,0,0,0,,
2026-01-02,07:45,9.5,6.1,81.0,SE,6.4,12.9,1013.75,0,0,0,0,,
2026-01-02,08:00,9.3,6.1,81.0,SE,6.4,11.3,1013.68,0,0,0,16,,
2026-01-02,08:15,9.2,6.1,81.0,SE,11.3,12.9,1013.55,0,0,0,30,,
2026-01-02,08:30,9.4,6.1,81.0,SE,8.0,14.5,1013.55,0,0,0,30,,
2026-01-02,08:45,9.6,6.1,81.0,SE,8.0,12.9,1013.61,0,0,0,121,,
2026-01-02,09:00,9.8,6.7,82.0,SE,11.3,14.5,1013.68,0,0,0,183,,
2026-01-02,09:15,10.0,7.2,82.0,SE,8.0,14.5,1013.55,0,0,0,216,,
2026-01-02,09:30,10.3,7.2,82.0,SE,12.9,14.5,1013.55,0,0,0,244,,
2026-01-02,09:45,10.6,7.2,82.0,SE,11.3,16.1,1013.44,0,0,1,285,,
2026-01-02,10:00,11.0,7.8,81.0,SE,8.0,16.1,1013.72,0,0,1,322,,
2026-01-02,10:15,11.3,7.8,80.0,SE,9.7,16.1,1013.55,0,0,1,373,,
2026-01-02,10:30,11.3,7.8,81.0,SSE,19.3,19.3,1013.58,0,0,1,330,,
2026-01-02,10:45,11.3,8.3,82.0,SE,8.0,20.9,1013.44,0,0,1,439,,
2026-01-02,11:00,11.4,8.3,82.0,SSE,20.9,20.9,1013.31,0,0,1,422,,
2026-01-02,11:15,11.6,8.3,83.0,ESE,12.9,19.3,1013.17,0,0,1,506,,
2026-01-02,11:30,11.3,8.3,83.0,SE,11.3,22.5,1012.97,0,0,1,190,,
2026-01-02,11:45,11.8,8.9,84.0,SE,14.5,17.7,1012.67,0,0,2,156,,
2026-01-02,12:00,12.1,9.4,84.0,SSE,3.2,17.7,1012.33,0,0,1,139,,
2026-01-02,12:15,12.3,9.4,83.0,SSE,8.0,16.1,1012.09,0,0,1,260,,
2026-01-02,12:30,12.7,9.4,82.0,SSE,8.0,19.3,1011.92,0,0,1,631,,
2026-01-02,12:45,12.8,9.4,81.0,SE,9.7,17.7,1011.75,0,0,1,139,,
2026-01-02,13:00,12.9,9.4,79.0,SSE,11.3,16.1,1011.38,0,0,1,98,,
2026-01-02,13:15,13.2,9.4,79.0,SW,3.2,12.9,1011.34,0,0,0,105,,
2026-01-02,13:30,13.8,8.9,74.0,SW,4.8,16.1,1011.24,0,0,1,330,,
2026-01-02,13:45,13.5,8.9,74.0,SSW,4.8,19.3,1011.28,0,0,1,260,,
2026-01-02,14:00,12.9,8.9,76.0,SSW,1.6,16.1,1011.11,0,0,1,88,,
2026-01-02,14:15,13.2,8.3,74.0,SSW,1.6,14.5,1010.94,0,0,1,327,,
2026-01-02,14:30,13.6,8.3,72.0,WSW,1.6,17.7,1010.7,0,0,1,371,,
2026-01-02,14:45,13.5,8.3,72.0,WSW,4.8,19.3,1010.6,0,0,1,322,,
2026-01-02,15:00,13.4,8.3,73.0,SOUTH,6.4,16.1,1010.46,0,0,1,316,,
2026-01-02,15:15,13.7,8.9,75.0,ESE,19.3,20.9,1010.26,0,0,1,272,,
2026-01-02,15:30,13.3,8.9,76.0,WEST,11.3,24.1,1010.36,0,0,0,192,,
2026-01-02,15:45,13.2,8.3,75.0,WNW,6.4,24.1,1010.43,0,0,0,156,,
2026-01-02,16:00,13.1,8.3,74.0,WEST,12.9,22.5,1010.46,0,0,0,109,,
2026-01-02,16:15,12.8,8.3,74.0,NE,11.3,19.3,1010.23,0,0,0,69,,
2026-01-02,16:30,12.6,8.3,76.0,WEST,6.4,16.1,1010.26,0,0,0,33,,
2026-01-02,16:45,12.4,8.3,78.0,WEST,4.8,20.9,1010.3,0,0,0,23,,
2026-01-02,17:00,12.2,8.3,78.0,WEST,9.7,14.5,1010.33,0,0,0,9,,
2026-01-02,17:15,12.1,8.3,79.0,WEST,16.1,14.5,1010.3,0,0,0,0,,
2026-01-02,17:30,11.9,8.3,80.0,WSW,3.2,11.3,1010.19,0,0,0,0,,
2026-01-02,17:45,11.7,8.3,81.0,SW,4.8,6.4,1010.23,0,0,0,0,,
2026-01-02,18:00,11.7,8.3,81.0,NORTH,0.0,9.7,1010.13,0,0,0,0,,
2026-01-02,18:15,11.5,8.3,82.0,WEST,4.8,9.7,1010.23,0,0,0,0,,
2026-01-02,18:30,11.4,8.3,82.0,WSW,4.8,6.4,1010.26,0,0,0,0,,
2026-01-02,18:45,11.4,8.3,82.0,WEST,1.6,11.3,1010.33,0,0,0,0,,
2026-01-02,19:00,11.3,8.3,83.0,SW,1.6,4.8,1010.06,0,0,0,0,,
2026-01-02,19:15,11.4,8.3,83.0,WSW,4.8,9.7,1010.19,0,0,0,0,,
2026-01-02,19:30,11.4,8.3,83.0,SW,1.6,8.0,1010.19,0,0,0,0,,
2026-01-02,19:45,11.4,8.3,83.0,SSW,3.2,4.8,1010.33,0,0,0,0,,
2026-01-02,20:00,11.4,8.3,83.0,WSW,3.2,6.4,1010.3,0,0,0,0,,
2026-01-02,20:15,11.3,8.3,84.0,WEST,9.7,6.4,1010.4,0,0,0,0,,
2026-01-02,20:30,11.2,8.3,84.0,NORTH,0.0,6.4,1010.3,0,0,0,0,,
2026-01-02,20:45,11.1,8.3,85.0,NORTH,0.0,11.3,1010.16,0,0,0,0,,
2026-01-02,21:00,11.2,8.3,85.0,WSW,3.2,11.3,1010.23,0,0,0,0,,
2026-01-02,21:15,11.1,8.3,85.0,SW,1.6,6.4,1010.02,0,0,0,0,,
2026-01-02,21:30,11.2,8.9,86.0,WEST,9.7,11.3,1010.13,0,0,0,0,,
2026-01-02,21:45,11.1,8.9,86.0,NORTH,0.0,4.8,1009.92,0,0,0,0,,
2026-01-02,22:00,11.1,8.9,86.0,SOUTH,3.2,4.8,1009.96,0,0,0,0,,
2026-01-02,22:15,11.2,8.9,86.0,NORTH,0.0,4.8,1010.02,0,0,0,0,,
2026-01-02,22:30,11.1,8.9,86.0,NORTH,0.0,3.2,1009.72,0,0,0,0,,
2026-01-02,22:45,11.1,8.9,86.0,NORTH,0.0,6.4,1009.85,0,0,0,0,,
2026-01-02,23:00,11.0,8.9,86.0,NORTH,0.0,1.6,1009.96,0,0,0,0,,
2026-01-02,23:15,10.9,8.3,86.0,NORTH,0.0,1.6,1009.96,0,0,0,0,,
2026-01-02,23:30,10.9,8.3,87.0,NORTH,0.0,3.2,1009.96,0,0,0,0,,
2026-01-02,23:45,10.9,8.9,87.0,SSE,4.8,8.0,1009.69,0,0,0,0,,
2026-01-03,00:00,11.1,8.9,88.0,SSE,6.4,11.3,1009.38,0,0,0,0,,
2026-01-03,00:15,11.2,8.9,88.0,SE,4.8,11.3,1009.35,0,0,0,0,,
2026-01-03,00:30,11.3,9.4,88.0,NORTH,0.0,11.3,1009.25,0,0,0,0,,
2026-01-03,00:45,11.3,9.4,88.0,SSE,3.2,9.7,1009.18,0,0,0,0,,
2026-01-03,01:00,11.4,9.4,88.0,NORTH,0.0,12.9,1008.97,0,0,0,0,,
2026-01-03,01:15,11.4,9.4,88.0,SSE,9.7,14.5,1008.84,0,0,0,0,,
2026-01-03,01:30,11.3,9.4,88.0,SSE,4.8,16.1,1008.74,0,0,0,0,,
2026-01-03,01:45,11.2,8.9,88.0,SE,9.7,16.1,1008.77,0,0,0,0,,
2026-01-03,02:00,11.0,8.9,88.0,SSE,4.8,11.3,1008.91,0,0,0,0,,
2026-01-03,02:15,11.1,8.9,88.0,SSE,4.8,9.7,1008.97,0,0,0,0,,
2026-01-03,02:30,11.1,8.9,88.0,SSE,4.8,9.7,1008.97,0,0,0,0,,
2026-01-03,02:45,11.0,8.9,88.0,SE,1.6,11.3,1009.08,0,0,0,0,,
2026-01-03,03:00,11.1,8.9,88.0,NORTH,0.0,9.7,1008.97,0,0,0,0,,
2026-01-03,03:15,11.0,8.9,88.0,NORTH,0.0,3.2,1008.94,0,0,0,0,,
2026-01-03,03:30,10.7,8.3,88.0,SSE,3.2,4.8,1008.74,0,0,0,0,,
2026-01-03,03:45,10.5,8.3,88.0,SSE,1.6,8.0,1008.74,0,0,0,0,,
2026-01-03,04:00,10.8,8.9,89.0,SSE,1.6,3.2,1008.74,0,0,0,0,,
2026-01-03,04:15,10.7,8.9,89.0,SSE,6.4,4.8,1008.4,0,0,0,0,,
2026-01-03,04:30,10.7,8.9,89.0,SSE,4.8,8.0,1008.47,0,0,0,0,,
2026-01-03,04:45,10.7,8.9,89.0,NORTH,0.0,4.8,1008.5,0,0,0,0,,
2026-01-03,05:00,10.7,8.9,89.0,NORTH,0.0,0.0,1008.16,0,0,0,0,,
2026-01-03,05:15,10.6,8.9,89.0,NORTH,0.0,0.0,1007.96,0,0,0,0,,
2026-01-03,05:30,10.4,8.3,89.0,SSE,1.6,3.2,1007.86,0,0,0,0,,
2026-01-03,05:45,10.1,8.3,89.0,NORTH,0.0,0.0,1007.89,0,0,0,0,,
2026-01-03,06:00,9.9,7.8,89.0,ESE,1.6,6.4,1007.99,0,0,0,0,,
2026-01-03,06:15,9.6,7.8,89.0,ESE,4.8,4.8,1008.03,0,0,0,0,,
2026-01-03,06:30,9.5,7.8,90.0,ESE,4.8,9.7,1008.03,0,0,0,0,,
2026-01-03,06:45,9.5,7.8,90.0,NORTH,0.0,6.4,1008.3,0,0,0,0,,
2026-01-03,07:00,9.6,7.8,90.0,ESE,4.8,6.4,1008.16,0,0,0,0,,
2026-01-03,07:15,9.5,7.8,90.0,ESE,3.2,6.4,1007.92,0,0,0,0,,
2026-01-03,07:30,9.5,7.8,91.0,ESE,6.4,11.3,1008.13,0,0,0,0,,
2026-01-03,07:45,9.6,7.8,91.0,ESE,6.4,12.9,1008.3,0,0,0,0,,
2026-01-03,08:00,9.5,7.8,91.0,ESE,4.8,12.9,1008.53,0,0,0,7,,
2026-01-03,08:15,9.7,8.3,91.0,ESE,4.8,12.9,1008.57,0,0,0,21,,
2026-01-03,08:30,9.8,8.3,92.0,ESE,1.6,11.3,1008.57,0,0,0,49,,
2026-01-03,08:45,10.1,8.9,92.0,ESE,4.8,9.7,1008.7,0,0,0,79,,
2026-01-03,09:00,10.5,8.9,92.0,ESE,3.2,9.7,1008.94,0,0,0,102,,
2026-01-03,09:15,10.7,9.4,92.0,NORTH,0.0,3.2,1009.01,0,0,0,104,,
2026-01-03,09:30,11.1,9.4,92.0,ESE,1.6,6.4,1008.91,0,0,0,232,,
2026-01-03,09:45,11.0,9.4,92.0,NORTH,0.0,4.8,1009.21,0,0,0,179,,
2026-01-03,10:00,11.7,10.0,92.0,ESE,1.6,6.4,1009.41,0,0,1,299,,
2026-01-03,10:15,12.1,10.6,90.0,NORTH,0.0,4.8,1009.48,0,0,0,116,,
2026-01-03,10:30,11.8,10.0,90.0,EAST,6.4,11.3,1009.38,0,0,1,181,,
2026-01-03,10:45,12.0,10.0,89.0,ESE,3.2,11.3,1009.45,0,0,1,167,,
2026-01-03,11:00,12.6,10.6,88.0,NORTH,0.0,6.4,1009.31,0,0,1,113,,
2026-01-03,11:15,12.9,10.6,87.0,NORTH,0.0,1.6,1008.97,0,0,1,239,,
2026-01-03,11:30,12.9,10.6,86.0,NORTH,0.0,6.4,1008.84,0,0,1,290,,
2026-01-03,11:45,13.1,10.6,85.0,ESE,6.4,9.7,1008.81,0,0,1,167,,
2026-01-03,12:00,13.1,10.6,85.0,EAST,4.8,9.7,1008.57,0,0,1,297,,
2026-01-03,12:15,13.7,10.6,84.0,NORTH,0.0,6.4,1008.23,0,0,2,506,,
2026-01-03,12:30,14.4,11.1,82.0,SW,3.2,6.4,1008.03,0,0,2,536,,
2026-01-03,12:45,14.6,11.1,81.0,SE,1.6,11.3,1007.62,0,0,2,536,,
2026-01-03,13:00,14.8,11.1,80.0,NORTH,0.0,6.4,1007.55,0,0,2,592,,
2026-01-03,13:15,14.9,11.1,78.0,NORTH,0.0,9.7,1007.52,0,0,2,563,,
2026-01-03,13:30,15.2,11.7,79.0,NORTH,0.0,8.0,1007.38,0,0,2,475,,
2026-01-03,13:45,15.3,11.1,78.0,SOUTH,1.6,3.2,1007.15,0,0,1,452,,
2026-01-03,14:00,15.2,11.1,77.0,NORTH,0.0,9.7,1007.15,0,0,1,418,,
2026-01-03,14:15,15.4,11.1,75.0,SOUTH,3.2,8.0,1007.08,0,0,1,415,,
2026-01-03,14:30,15.7,11.1,75.0,SW,1.6,4.8,1007.08,0,0,1,380,,
2026-01-03,14:45,15.4,10.6,74.0,NORTH,0.0,11.3,1006.87,0,0,1,359,,
2026-01-03,15:00,15.3,11.1,76.0,NORTH,0.0,6.4,1006.87,0,0,0,109,,
2026-01-03,15:15,15.4,10.6,74.0,WNW,3.2,6.4,1006.87,0,0,1,283,,
2026-01-03,15:30,15.4,10.6,73.0,WSW,1.6,4.8,1006.91,0,0,0,220,,
2026-01-03,15:45,15.5,10.6,73.0,NORTH,0.0,1.6,1006.87,0,0,0,174,,
2026-01-03,16:00,15.4,10.6,73.0,NORTH,0.0,4.8,1007.01,0,0,0,130,,
2026-01-03,16:15,15.1,10.0,74.0,NORTH,0.0,0.0,1006.94,0,0,0,19,,
2026-01-03,16:30,14.4,10.0,77.0,SSE,1.6,6.4,1007.18,0,0,0,23,,
2026-01-03,16:45,14.1,10.0,77.0,SSE,3.2,3.2,1007.18,0,0,0,11,,
2026-01-03,17:00,13.8,10.0,79.0,SSE,3.2,3.2,1007.01,0,0,0,0,,
2026-01-03,17:15,13.6,10.0,80.0,NORTH,0.0,4.8,1006.98,0,0,0,0,,
2026-01-03,17:30,13.3,10.0,81.0,SE,4.8,4.8,1006.94,0,0,0,0,,
2026-01-03,17:45,13.2,10.0,82.0,ESE,3.2,4.8,1006.91,0,0,0,0,,
2026-01-03,18:00,13.2,10.0,83.0,ESE,3.2,6.4,1006.77,0,0,0,0,,
2026-01-03,18:15,13.3,10.0,82.0,ESE,3.2,4.8,1006.71,0,0,0,0,,
2026-01-03,18:30,13.3,10.0,83.0,ESE,1.6,6.4,1006.87,0,0,0,0,,
2026-01-03,18:45,13.1,10.0,83.0,ESE,6.4,9.7,1006.77,0,0,0,0,,
2026-01-03,19:00,12.9,10.0,83.0,ESE,6.4,11.3,1006.74,0,0,0,0,,
2026-01-03,19:15,12.7,10.0,84.0,ESE,4.8,6.4,1006.77,0,0,0,0,,
2026-01-03,19:30,12.9,10.6,85.0,SE,8.0,16.1,1006.67,0,0,0,0,,
2026-01-03,19:45,12.9,10.6,86.0,SE,11.3,14.5,1006.77,0,0,0,0,,
2026-01-03,20:00,13.0,10.6,86.0,SE,3.2,12.9,1006.5,0,0,0,0,,
2026-01-03,20:15,12.9,10.6,87.0,SE,8.0,6.4,1006.77,0,0,0,0,,
2026-01-03,20:30,12.7,10.0,85.0,SE,8.0,12.9,1006.81,0,0,0,0,,
2026-01-03,20:45,13.1,10.0,84.0,SE,6.4,14.5,1006.74,0,0,0,0,,
2026-01-03,21:00,13.1,10.0,83.0,SE,6.4,14.5,1007.08,0,0,0,0,,
2026-01-03,21:15,13.0,10.0,82.0,SE,6.4,12.9,1006.84,0,0,0,0,,
2026-01-03,21:30,12.9,9.4,81.0,SE,12.9,16.1,1006.67,0,0,0,0,,
2026-01-03,21:45,12.9,9.4,81.0,NORTH,0.0,14.5,1006.77,0,0,0,0,,
2026-01-03,22:00,12.8,9.4,81.0,SE,11.3,8.0,1006.64,0,0,0,0,,
2026-01-03,22:15,13.1,10.0,83.0,SE,8.0,16.1,1006.54,0,0,0,0,,
2026-01-03,22:30,13.1,10.0,83.0,SE,8.0,16.1,1006.64,0,0,0,0,,
2026-01-03,22:45,13.0,10.0,83.0,SE,6.4,16.1,1006.43,0,0,0,0,,
2026-01-03,23:00,13.1,10.0,82.0,SE,8.0,17.7,1006.43,0,0,0,0,,
2026-01-03,23:15,12.9,9.4,81.0,SE,6.4,16.1,1006.3,0,0,0,0,,
2026-01-03,23:30,13.1,9.4,81.0,SE,11.3,14.5,1006.43,0,0,0,0,,
2026-01-03,23:45,13.1,10.0,81.0,SE,12.9,16.1,1006.33,0,0,0,0,,
2026-01-04,00:00,12.9,9.4,81.0,SE,12.9,17.7,1006.2,0,0,0,0,,
2026-01-04,00:15,12.8,10.0,83.0,SE,11.3,16.1,1006.1,0,0,0,0,,
2026-01-04,00:30,12.8,10.0,83.0,SE,6.4,16.1,1006.23,0,0,0,0,,
2026-01-04,00:45,12.7,10.0,84.0,SE,8.0,14.5,1006.13,0,0,0,0,,
2026-01-04,01:00,12.6,10.0,84.0,SSE,9.7,14.5,1006.23,0,0,0,0,,
2026-01-04,01:15,12.8,10.0,84.0,SE,6.4,14.5,1006.3,0,0,0,0,,
2026-01-04,01:30,12.8,10.0,84.0,SE,11.3,14.5,1006.2,0,0,0,0,,
2026-01-04,01:45,12.8,10.0,83.0,SE,4.8,12.9,1005.79,0,0,0,0,,
2026-01-04,02:00,12.6,9.4,82.0,SE,1.6,12.9,1005.66,0,0,0,0,,
2026-01-04,02:15,12.8,9.4,81.0,SE,6.4,11.3,1005.86,0,0,0,0,,
2026-01-04,02:30,12.9,9.4,80.0,SE,8.0,14.5,1005.55,0,0,0,0,,
2026-01-04,02:45,12.8,8.9,78.0,SE,1.6,11.3,1005.59,0,0,0,0,,
2026-01-04,03:00,12.9,8.3,76.0,SSE,3.2,8.0,1005.32,0,0,0,0,,
2026-01-04,03:15,13.2,8.9,74.0,SE,8.0,16.1,1005.42,0,0,0,0,,
2026-01-04,03:30,13.2,8.9,75.0,SSE,9.7,14.5,1005.15,0,0,0,0,,
2026-01-04,03:45,13.1,8.9,75.0,SSE,6.4,11.3,1005.01,0,0,0,0,,
2026-01-04,04:00,13.2,8.9,75.0,NORTH,0.0,4.8,1005.01,0,0,0,0,,
2026-01-04,04:15,13.1,8.9,77.0,EAST,6.4,9.7,1004.88,0,0,0,0,,
2026-01-04,04:30,12.7,8.9,80.0,NORTH,0.0,6.4,1004.81,0,0,0,0,,
2026-01-04,04:45,12.7,9.4,82.0,SSE,4.8,12.9,1004.81,0,0,0,0,,
2026-01-04,05:00,12.9,10.0,84.0,SE,8.0,16.1,1004.47,0,0,0,0,,
2026-01-04,05:15,12.7,10.0,84.0,SE,1.6,6.4,1004.34,0,0,0,0,,
2026-01-04,05:30,12.4,9.4,84.0,ESE,4.8,11.3,1004.2,0,0,0,0,,
2026-01-04,05:45,12.2,9.4,84.0,NORTH,0.0,4.8,1004.2,0,0,0,0,,
2026-01-04,06:00,11.9,8.9,84.0,ESE,3.2,3.2,1004.17,0,0,0,0,,
2026-01-04,06:15,11.6,8.9,83.0,NORTH,0.0,6.4,1004.27,0,0,0,0,,
2026-01-04,06:30,12.1,9.4,84.0,ESE,4.8,6.4,1004.27,0,0,0,0,,
2026-01-04,06:45,11.9,8.9,83.0,ESE,3.2,6.4,1004.44,0,0,0,0,,
2026-01-04,07:00,11.9,8.9,83.0,SE,8.0,11.3,1004.47,0,0,0,0,,
2026-01-04,07:15,12.4,9.4,83.0,SE,11.3,17.7,1004.5,0,0,0,0,,
2026-01-04,07:30,12.4,9.4,83.0,SE,12.9,14.5,1004.71,0,0,0,0,,
2026-01-04,07:45,12.3,9.4,84.0,SE,11.3,12.9,1004.81,0.25,0.25,0,0,,
2026-01-04,08:00,12.0,9.4,85.0,SE,4.8,11.3,1004.84,0.51,0.51,0,0,,
2026-01-04,08:15,11.8,9.4,86.0,SE,8.0,12.9,1004.84,0.51,0.51,0,7,,
2026-01-04,08:30,11.6,8.9,86.0,SE,3.2,8.0,1004.94,0.51,0.51,0,18,,
2026-01-04,08:45,11.5,8.9,86.0,SE,1.6,4.8,1004.84,0.76,0.51,0,19,,
2026-01-04,09:00,11.5,9.4,87.0,NORTH,0.0,0.0,1004.98,0.76,0.51,0,21,,
2026-01-04,09:15,11.7,9.4,87.0,NORTH,0.0,1.6,1004.94,1.02,0.51,0,39,,
2026-01-04,09:30,11.7,9.4,88.0,SE,4.8,4.8,1004.91,1.27,0.51,0,39,,
2026-01-04,09:45,11.6,9.4,89.0,EAST,9.7,11.3,1004.78,1.27,0.51,0,49,,
2026-01-04,10:00,11.3,9.4,89.0,SE,6.4,16.1,1004.81,1.27,0.51,0,35,,
2026-01-04,10:15,11.0,8.9,89.0,ESE,4.8,14.5,1004.78,1.27,0.25,0,42,,
2026-01-04,10:30,11.0,9.4,90.0,ESE,6.4,12.9,1004.61,1.27,0,0,39,,
2026-01-04,10:45,11.1,9.4,90.0,ESE,6.4,12.9,1004.74,1.27,0,0,74,,
2026-01-04,11:00,11.2,9.4,90.0,SE,6.4,12.9,1004.84,1.27,0,0,83,,
2026-01-04,11:15,11.3,9.4,90.0,ESE,11.3,14.5,1004.61,1.27,0,0,107,,
2026-01-04,11:30,11.8,10.0,89.0,ESE,8.0,17.7,1004.5,1.27,0,1,139,,
2026-01-04,11:45,12.1,10.0,88.0,ESE,11.3,14.5,1004.47,1.27,0,1,155,,
2026-01-04,12:00,12.3,10.0,87.0,ESE,6.4,14.5,1004.34,1.27,0,0,83,,
2026-01-04,12:15,12.4,10.0,88.0,ESE,9.7,11.3,1004.03,1.27,0,0,72,,
2026-01-04,12:30,12.6,10.6,88.0,SE,3.2,12.9,1004.03,1.27,0,0,67,,
2026-01-04,12:45,12.5,10.0,87.0,SE,12.9,16.1,1003.83,1.27,0,0,77,,
2026-01-04,13:00,12.7,10.6,86.0,SE,12.9,14.5,1003.56,1.27,0,0,70,,
2026-01-04,13:15,12.8,10.6,86.0,ESE,9.7,16.1,1003.45,1.27,0,1,109,,
2026-01-04,13:30,13.0,10.6,86.0,ESE,11.3,16.1,1003.29,1.27,0,0,95,,
2026-01-04,13:45,13.0,10.6,86.0,ESE,11.3,16.1,1002.98,1.27,0,0,93,,
2026-01-04,14:00,13.3,10.6,85.0,SE,6.4,17.7,1002.95,1.27,0,0,113,,
2026-01-04,14:15,13.4,10.6,84.0,ESE,12.9,16.1,1002.64,1.27,0,0,118,,
2026-01-04,14:30,13.4,10.6,83.0,ESE,3.2,14.5,1002.4,1.27,0,0,120,,
2026-01-04,14:45,13.4,10.6,85.0,ESE,6.4,11.3,1002.34,1.27,0,0,114,,
2026-01-04,15:00,13.7,11.1,84.0,ESE,4.8,12.9,1002.24,1.27,0,0,162,,
2026-01-04,15:15,13.8,11.1,83.0,ESE,4.8,16.1,1002.13,1.27,0,0,132,,
2026-01-04,15:30,13.8,11.1,85.0,ESE,9.7,12.9,1002.27,1.27,0,0,241,,
2026-01-04,15:45,13.8,11.1,85.0,ESE,3.2,11.3,1002.27,1.27,0,0,81,,
2026-01-04,16:00,13.6,11.1,85.0,ESE,11.3,12.9,1002.34,1.27,0,0,160,,
2026-01-04,16:15,13.7,11.1,85.0,ESE,8.0,12.9,1002.34,1.27,0,0,91,,
2026-01-04,16:30,13.7,11.1,85.0,ESE,6.4,11.3,1002.47,1.27,0,0,72,,
2026-01-04,16:45,13.6,10.6,84.0,SE,4.8,12.9,1002.34,1.27,0,0,23,,
2026-01-04,17:00,13.5,10.6,84.0,ESE,3.2,11.3,1002.27,1.27,0,0,12,,
2026-01-04,17:15,13.4,10.6,84.0,SE,4.8,12.9,1002.1,1.27,0,0,0,,
2026-01-04,17:30,13.4,10.6,84.0,SE,4.8,9.7,1002.37,1.27,0,0,0,,
2026-01-04,17:45,13.3,10.6,84.0,ESE,4.8,9.7,1002.37,1.27,0,0,0,,
2026-01-04,18:00,13.4,10.6,85.0,SE,12.9,16.1,1002.24,1.27,0,0,0,,
2026-01-04,18:15,13.4,10.6,85.0,ESE,8.0,17.7,1002.3,1.27,0,0,0,,
2026-01-04,18:30,13.4,10.6,85.0,SE,8.0,14.5,1002.27,1.27,0,0,0,,
2026-01-04,18:45,13.4,10.6,84.0,SE,16.1,17.7,1002.3,1.27,0,0,0,,
2026-01-04,19:00,13.4,10.6,84.0,SE,12.9,17.7,1002.34,1.27,0,0,0,,
2026-01-04,19:15,13.4,10.6,83.0,SE,11.3,16.1,1002.47,1.27,0,0,0,,
2026-01-04,19:30,13.4,10.0,82.0,ESE,11.3,16.1,1002.57,1.27,0,0,0,,
2026-01-04,19:45,13.4,10.0,81.0,SE,11.3,16.1,1002.54,1.27,0,0,0,,
2026-01-04,20:00,13.5,10.0,81.0,SE,12.9,19.3,1002.57,1.27,0,0,0,,
2026-01-04,20:15,13.5,10.6,82.0,SE,12.9,19.3,1002.54,1.27,0,0,0,,
2026-01-04,20:30,13.3,10.6,84.0,SE,8.0,14.5,1002.68,1.27,0,0,0,,
2026-01-04,20:45,13.4,10.6,85.0,SE,8.0,17.7,1003.05,1.27,0,0,0,,
2026-01-04,21:00,13.3,10.6,86.0,SE,11.3,16.1,1002.85,1.27,0,0,0,,
2026-01-04,21:15,13.2,10.6,86.0,SE,8.0,14.5,1002.85,1.27,0,0,0,,
2026-01-04,21:30,13.2,11.1,87.0,SE,6.4,14.5,1002.81,1.27,0,0,0,,
2026-01-04,21:45,13.3,11.1,88.0,SE,11.3,17.7,1002.54,1.27,0,0,0,,
2026-01-04,22:00,13.2,11.1,88.0,SE,12.9,16.1,1002.81,1.27,0,0,0,,
2026-01-04,22:15,13.2,11.1,89.0,ESE,6.4,16.1,1002.74,1.27,0,0,0,,
2026-01-04,22:30,13.1,11.1,90.0,ESE,1.6,12.9,1002.61,1.27,0,0,0,,
2026-01-04,22:45,13.0,11.1,89.0,ESE,9.7,11.3,1002.81,1.27,0,0,0,,
2026-01-04,23:00,12.6,10.6,89.0,ESE,6.4,12.9,1002.64,1.27,0,0,0,,
2026-01-04,23:15,12.3,10.6,89.0,ESE,6.4,14.5,1002.64,1.27,0,0,0,,
2026-01-04,23:30,12.1,10.0,89.0,NORTH,0.0,9.7,1002.68,1.27,0,0,0,,
2026-01-04,23:45,11.9,10.0,89.0,EAST,6.4,11.3,1002.54,1.27,0,0,0,,
2026-01-05,00:00,11.9,10.0,89.0,ESE,4.8,9.7,1002.34,0,0,0,0,,
2026-01-05,00:15,11.8,10.0,89.0,EAST,3.2,6.4,1002.3,0,0,0,0,,
2026-01-05,00:30,11.8,10.0,89.0,ESE,3.2,9.7,1002.2,0,0,0,0,,
2026-01-05,00:45,11.8,9.4,88.0,ESE,9.7,12.9,1002.3,0,0,0,0,,
2026-01-05,01:00,11.9,9.4,87.0,NORTH,0.0,4.8,1002.03,0,0,0,0,,
2026-01-05,01:15,12.1,9.4,86.0,NORTH,0.0,1.6,1001.9,0,0,0,0,,
2026-01-05,01:30,12.2,10.0,86.0,NORTH,0.0,0.0,1001.9,0,0,0,0,,
2026-01-05,01:45,12.1,9.4,86.0,NORTH,0.0,6.4,1001.83,0,0,0,0,,
2026-01-05,02:00,12.1,9.4,86.0,NORTH,0.0,0.0,1001.73,0,0,0,0,,
2026-01-05,02:15,11.9,9.4,85.0,NORTH,0.0,0.0,1001.86,0,0,0,0,,
2026-01-05,02:30,11.7,8.9,84.0,NORTH,0.0,1.6,1001.86,0,0,0,0,,
2026-01-05,02:45,11.7,8.9,83.0,ESE,1.6,4.8,1001.86,0,0,0,0,,
2026-01-05,03:00,11.8,8.3,82.0,NORTH,0.0,4.8,1001.83,0,0,0,0,,
2026-01-05,03:15,11.8,8.3,81.0,NORTH,0.0,6.4,1002,0,0,0,0,,
2026-01-05,03:30,11.9,8.3,80.0,ESE,1.6,3.2,1001.83,0,0,0,0,,
2026-01-05,03:45,11.8,8.3,79.0,ESE,1.6,4.8,1001.66,0,0,0,0,,
2026-01-05,04:00,11.8,8.3,79.0,ESE,3.2,4.8,1001.66,0,0,0,0,,
2026-01-05,04:15,12.0,8.3,78.0,ESE,4.8,11.3,1001.69,0,0,0,0,,
2026-01-05,04:30,12.2,8.3,77.0,NORTH,0.0,9.7,1001.73,0,0,0,0,,
2026-01-05,04:45,12.1,8.3,78.0,ESE,3.2,4.8,1001.76,0,0,0,0,,
2026-01-05,05:00,12.1,8.3,78.0,NORTH,0.0,4.8,1001.63,0,0,0,0,,
2026-01-05,05:15,12.2,8.3,78.0,NORTH,0.0,3.2,1001.8,0,0,0,0,,
2026-01-05,05:30,12.1,8.3,79.0,NORTH,0.0,0.0,1001.63,0,0,0,0,,
2026-01-05,05:45,12.0,8.3,79.0,NORTH,0.0,0.0,1001.63,0,0,0,0,,
2026-01-05,06:00,11.9,8.3,79.0,NORTH,0.0,6.4,1001.73,0,0,0,0,,
2026-01-05,06:15,11.3,8.3,82.0,EAST,3.2,6.4,1001.83,0,0,0,0,,
2026-01-05,06:30,11.1,7.8,82.0,NORTH,0.0,6.4,1001.86,0,0,0,0,,
2026-01-05,06:45,10.9,7.8,83.0,NORTH,0.0,3.2,1002.07,0,0,0,0,,
2026-01-05,07:00,11.2,8.3,82.0,ESE,3.2,4.8,1001.93,0,0,0,0,,
2026-01-05,07:15,11.3,8.3,82.0,NORTH,0.0,4.8,1002.03,0,0,0,0,,
2026-01-05,07:30,11.3,8.3,82.0,NORTH,0.0,1.6,1002.24,0,0,0,0,,
2026-01-05,07:45,11.1,7.8,81.0,NORTH,0.0,0.0,1002.34,0,0,0,0,,
2026-01-05,08:00,10.7,7.8,82.0,ESE,1.6,4.8,1002.61,0,0,0,9,,
2026-01-05,08:15,10.5,7.2,82.0,NORTH,0.0,3.2,1002.61,0,0,0,21,,
2026-01-05,08:30,10.1,7.2,83.0,NORTH,0.0,3.2,1002.64,0,0,0,39,,
2026-01-05,08:45,9.7,7.2,85.0,NORTH,0.0,3.2,1002.78,0,0,0,109,,
2026-01-05,09:00,10.9,8.3,85.0,NORTH,0.0,0.0,1002.91,0,0,0,234,,
2026-01-05,09:15,12.7,9.4,82.0,NORTH,0.0,0.0,1002.98,0,0,0,223,,
2026-01-05,09:30,13.1,9.4,79.0,NORTH,0.0,1.6,1003.01,0,0,0,185,,
2026-01-05,09:45,12.8,9.4,81.0,NORTH,0.0,0.0,1003.15,0,0,1,369,,
2026-01-05,10:00,12.8,9.4,81.0,NORTH,0.0,3.2,1002.98,0,0,1,322,,
2026-01-05,10:15,13.4,10.0,80.0,NORTH,0.0,3.2,1003.29,0,0,1,352,,
2026-01-05,10:30,13.4,9.4,78.0,NW,1.6,6.4,1003.08,0,0,1,364,,
2026-01-05,10:45,13.6,10.0,80.0,WNW,4.8,6.4,1003.29,0,0,1,434,,
2026-01-05,11:00,13.3,10.0,81.0,WEST,3.2,11.3,1003.25,0,0,1,394,,
2026-01-05,11:15,13.6,10.0,81.0,WNW,1.6,4.8,1003.29,0,0,1,425,,
2026-01-05,11:30,13.8,10.6,81.0,NORTH,0.0,3.2,1003.08,0,0,2,512,,
2026-01-05,11:45,13.8,10.0,80.0,WNW,3.2,12.9,1003.08,0,0,2,413,,
2026-01-05,12:00,13.9,10.6,80.0,WEST,11.3,12.9,1002.91,0,0,2,455,,
2026-01-05,12:15,13.8,10.6,82.0,NE,8.0,17.7,1002.74,0,0,2,501,,
2026-01-05,12:30,13.6,11.1,85.0,WEST,16.1,20.9,1002.54,0,0,2,403,,
2026-01-05,12:45,13.8,11.1,85.0,WNW,6.4,19.3,1002.57,0,0,1,367,,
2026-01-05,13:00,13.6,11.1,85.0,WEST,12.9,19.3,1002.47,0,0,2,499,,
2026-01-05,13:15,13.8,10.6,82.0,WNW,11.3,20.9,1002.44,0,0,2,480,,
2026-01-05,13:30,14.0,11.1,83.0,WEST,17.7,22.5,1002.44,0,0,1,146,,
2026-01-05,13:45,13.8,11.1,84.0,WEST,17.7,20.9,1002.27,0,0,1,445,,
2026-01-05,14:00,14.2,11.1,82.0,WEST,12.9,24.1,1002.03,0,0,1,501,,
2026-01-05,14:15,14.1,11.1,82.0,WNW,8.0,24.1,1001.9,0,0,1,438,,
2026-01-05,14:30,14.2,11.1,82.0,WEST,14.5,19.3,1001.83,0,0,1,381,,
2026-01-05,14:45,14.1,10.6,80.0,WEST,19.3,20.9,1001.93,0,0,1,255,,
2026-01-05,15:00,13.6,10.6,82.0,WNW,12.9,19.3,1002.27,0,0,0,107,,
2026-01-05,15:15,13.4,10.6,85.0,WNW,11.3,19.3,1002.17,0,0,0,116,,
2026-01-05,15:30,13.1,10.6,86.0,WNW,8.0,19.3,1002.3,0,0,0,116,,
2026-01-05,15:45,13.1,10.6,87.0,WEST,6.4,16.1,1002.34,0,0,0,90,,
2026-01-05,16:00,12.9,10.6,86.0,WEST,3.2,14.5,1002.4,0,0,0,72,,
2026-01-05,16:15,12.9,10.6,87.0,WEST,3.2,11.3,1002.2,0,0,0,51,,
2026-01-05,16:30,12.8,10.6,87.0,WEST,6.4,14.5,1002.13,0,0,0,32,,
2026-01-05,16:45,12.7,10.6,87.0,WNW,8.0,20.9,1002.17,0,0,0,19,,
2026-01-05,17:00,12.7,10.6,88.0,WEST,4.8,16.1,1002.2,0,0,0,12,,
2026-01-05,17:15,12.5,10.6,88.0,WNW,11.3,17.7,1002.34,0,0,0,0,,
2026-01-05,17:30,12.3,10.6,89.0,NORTH,0.0,9.7,1002.17,0,0,0,0,,
2026-01-05,17:45,12.2,10.0,89.0,NORTH,0.0,9.7,1002.34,0,0,0,0,,
2026-01-05,18:00,12.1,10.0,89.0,NORTH,0.0,6.4,1002.37,0,0,0,0,,
2026-01-05,18:15,11.9,10.0,89.0,WEST,1.6,9.7,1002.37,0,0,0,0,,
2026-01-05,18:30,11.8,10.0,90.0,NORTH,0.0,6.4,1002.44,0,0,0,0,,
2026-01-05,18:45,11.8,10.0,90.0,NORTH,0.0,0.0,1002.34,0,0,0,0,,
2026-01-05,19:00,11.7,10.0,90.0,NORTH,0.0,0.0,1002.44,0,0,0,0,,
2026-01-05,19:15,11.6,10.0,90.0,NORTH,0.0,0.0,1002.57,0,0,0,0,,
2026-01-05,19:30,11.6,10.0,90.0,NORTH,0.0,0.0,1002.47,0,0,0,0,,
2026-01-05,19:45,11.5,10.0,90.0,NORTH,0.0,1.6,1002.51,0,0,0,0,,
2026-01-05,20:00,11.5,10.0,90.0,NORTH,0.0,0.0,1002.54,0,0,0,0,,
2026-01-05,20:15,11.5,10.0,90.0,NORTH,0.0,0.0,1002.68,0,0,0,0,,
2026-01-05,20:30,11.6,10.0,90.0,NORTH,0.0,0.0,1002.81,0,0,0,0,,
2026-01-05,20:45,11.6,10.0,91.0,NORTH,0.0,0.0,1002.64,0,0,0,0,,
2026-01-05,21:00,11.6,10.0,91.0,NORTH,0.0,1.6,1002.57,0,0,0,0,,
2026-01-05,21:15,11.6,10.0,91.0,NORTH,0.0,0.0,1002.61,0,0,0,0,,
2026-01-05,21:30,11.4,10.0,91.0,NORTH,0.0,0.0,1002.51,0,0,0,0,,
2026-01-05,21:45,11.3,9.4,91.0,NORTH,0.0,0.0,1002.61,0,0,0,0,,
2026-01-05,22:00,11.2,9.4,91.0,NORTH,0.0,0.0,1002.37,0,0,0,0,,
2026-01-05,22:15,11.1,9.4,91.0,NORTH,0.0,4.8,1002.2,0,0,0,0,,
2026-01-05,22:30,11.3,10.0,91.0,SSE,1.6,6.4,1002.34,0,0,0,0,,
2026-01-05,22:45,11.4,10.0,91.0,ESE,1.6,6.4,1002.24,0,0,0,0,,
2026-01-05,23:00,11.4,10.0,92.0,ESE,3.2,6.4,1002.17,0,0,0,0,,
2026-01-05,23:15,11.5,10.0,92.0,ESE,4.8,9.7,1002.17,0,0,0,0,,
2026-01-05,23:30,11.6,10.0,92.0,ESE,4.8,11.3,1002.27,0,0,0,0,,
2026-01-05,23:45,11.7,10.0,92.0,SE,6.4,11.3,1002.34,0,0,0,0,,
2026-01-06,00:00,11.9,10.6,92.0,SE,3.2,12.9,1002.13,0,0,0,0,,
2026-01-06,00:15,12.1,10.6,92.0,NORTH,0.0,11.3,1002,0,0,0,0,,
2026-01-06,00:30,12.2,10.6,92.0,ESE,3.2,14.5,1001.96,0,0,0,0,,
2026-01-06,00:45,12.2,10.6,92.0,ESE,4.8,6.4,1001.66,0,0,0,0,,
2026-01-06,01:00,12.1,10.6,92.0,ESE,3.2,12.9,1001.63,0,0,0,0,,
2026-01-06,01:15,11.9,10.6,92.0,EAST,6.4,14.5,1001.32,0,0,0,0,,
2026-01-06,01:30,11.8,10.6,92.0,EAST,4.8,9.7,1001.22,0,0,0,0,,
2026-01-06,01:45,11.7,10.0,92.0,EAST,4.8,12.9,1001.32,0,0,0,0,,
2026-01-06,02:00,11.7,10.0,92.0,EAST,3.2,14.5,1001.12,0,0,0,0,,
2026-01-06,02:15,11.6,10.0,92.0,ESE,6.4,11.3,1001.08,0,0,0,0,,
2026-01-06,02:30,11.6,10.0,92.0,ESE,3.2,11.3,1001.05,0.25,0.25,0,0,,
2026-01-06,02:45,11.7,10.0,92.0,SE,6.4,12.9,1000.91,0.25,0.25,0,0,,
2026-01-06,03:00,11.7,10.0,92.0,ESE,9.7,17.7,1000.95,1.52,1.52,0,0,,
2026-01-06,03:15,11.7,10.0,92.0,SE,3.2,16.1,1000.71,1.52,1.52,0,0,,
2026-01-06,03:30,11.7,10.6,93.0,SE,11.3,20.9,1000.71,1.52,1.52,0,0,,
2026-01-06,03:45,11.8,10.6,92.0,SE,6.4,17.7,1000.44,1.52,1.27,0,0,,
2026-01-06,04:00,11.7,10.6,92.0,ESE,6.4,16.1,1000.2,1.52,0,0,0,,
2026-01-06,04:15,11.7,10.6,93.0,ESE,11.3,14.5,1000.03,1.52,0,0,0,,
2026-01-06,04:30,11.7,10.6,92.0,ESE,1.6,11.3,1000.14,1.52,0,0,0,,
2026-01-06,04:45,11.7,10.6,93.0,NORTH,0.0,6.4,1000.1,1.52,0,0,0,,
2026-01-06,05:00,11.6,10.0,93.0,NORTH,0.0,6.4,1000.03,1.52,0,0,0,,
2026-01-06,05:15,11.2,10.0,92.0,WEST,4.8,9.7,999.9,1.52,0,0,0,,
2026-01-06,05:30,10.9,9.4,93.0,WEST,3.2,9.7,1000.03,1.52,0,0,0,,
2026-01-06,05:45,10.8,9.4,93.0,NORTH,0.0,12.9,999.8,1.52,0,0,0,,
2026-01-06,06:00,10.1,8.9,93.0,WNW,6.4,20.9,1000.03,1.52,0,0,0,,
2026-01-06,06:15,9.5,8.3,93.0,WEST,14.5,24.1,1000.03,1.78,0.25,0,0,,
2026-01-06,06:30,9.0,7.8,93.0,WNW,11.3,24.1,1000.07,1.78,0.25,0,0,,
2026-01-06,06:45,8.7,7.2,93.0,NE,9.7,20.9,1000.17,1.78,0.25,0,0,,
2026-01-06,07:00,8.4,7.2,93.0,WEST,17.7,24.1,1000.37,1.78,0.25,0,0,,
2026-01-06,07:15,8.1,6.7,93.0,WNW,14.5,29.0,1000.54,1.78,0,0,0,,
2026-01-06,07:30,7.9,6.7,93.0,WEST,11.3,27.4,1000.81,2.03,0.25,0,0,,
2026-01-06,07:45,7.9,6.7,94.0,WEST,12.9,20.9,1000.61,2.29,0.51,0,0,,
2026-01-06,08:00,7.8,6.7,94.0,WEST,6.4,25.7,1000.64,2.29,0.51,0,0,,
2026-01-06,08:15,7.8,6.7,94.0,WNW,14.5,24.1,1000.78,2.54,0.76,0,0,,
2026-01-06,08:30,7.7,6.7,94.0,WNW,6.4,20.9,1000.75,2.79,0.76,0,9,,
2026-01-06,08:45,7.7,6.7,94.0,WEST,3.2,19.3,1001.12,3.05,0.76,0,9,,
2026-01-06,09:00,7.8,6.7,94.0,WNW,16.1,19.3,1001.36,3.3,0.76,0,11,,
2026-01-06,09:15,7.9,6.7,94.0,WNW,4.8,16.1,1001.32,3.3,0.76,0,19,,
2026-01-06,09:30,8.1,7.2,94.0,WEST,16.1,22.5,1001.42,3.3,0.51,0,37,,
2026-01-06,09:45,8.0,7.2,94.0,WEST,12.9,27.4,1001.66,3.3,0.51,0,51,,
2026-01-06,10:00,8.2,7.2,94.0,NW,12.9,30.6,1001.9,3.3,0.25,0,83,,
2026-01-06,10:15,8.4,7.2,94.0,WEST,17.7,37.0,1002.07,3.3,0,0,125,,
2026-01-06,10:30,8.6,7.8,94.0,WNW,12.9,37.0,1002.34,3.3,0,0,53,,
2026-01-06,10:45,8.7,7.8,95.0,WEST,17.7,35.4,1002.78,3.3,0,0,51,,
2026-01-06,11:00,8.8,7.8,95.0,WEST,22.5,29.0,1002.88,3.3,0,0,70,,
2026-01-06,11:15,8.8,7.8,95.0,NW,17.7,33.8,1003.05,3.3,0,0,135,,
2026-01-06,11:30,9.0,7.8,95.0,WNW,16.1,27.4,1003.01,3.3,0,0,49,,
2026-01-06,11:45,9.1,8.3,95.0,NW,11.3,32.2,1003.18,3.3,0,0,77,,
2026-01-06,12:00,9.6,8.3,95.0,WNW,38.6,32.2,1002.98,3.3,0,1,181,,
2026-01-06,12:15,9.3,8.3,94.0,WNW,19.3,40.2,1003.12,3.3,0,0,118,,
2026-01-06,12:30,9.6,8.3,94.0,NW,22.5,32.2,1002.91,3.3,0,1,213,,
2026-01-06,12:45,9.3,8.3,94.0,WNW,17.7,33.8,1002.88,3.3,0,1,183,,
2026-01-06,13:00,9.4,8.3,94.0,WEST,20.9,38.6,1002.81,3.3,0,1,209,,
2026-01-06,13:15,9.2,8.3,94.0,WEST,25.7,38.6,1002.91,3.3,0,0,107,,
2026-01-06,13:30,9.4,8.3,93.0,WNW,9.7,40.2,1002.78,3.3,0,1,188,,
2026-01-06,13:45,9.5,8.3,92.0,WEST,25.7,32.2,1002.74,3.3,0,1,197,,
2026-01-06,14:00,9.8,8.3,91.0,WNW,11.3,32.2,1003.12,3.3,0,1,455,,
2026-01-06,14:15,9.7,7.8,89.0,WNW,16.1,29.0,1003.08,3.3,0,1,155,,
2026-01-06,14:30,9.5,7.2,88.0,WNW,14.5,29.0,1003.22,3.3,0,1,199,,
2026-01-06,14:45,9.6,7.8,88.0,WEST,19.3,32.2,1003.25,3.3,0,1,192,,
2026-01-06,15:00,9.4,7.2,87.0,NW,16.1,29.0,1003.42,3.3,0,0,116,,
2026-01-06,15:15,9.3,7.2,86.0,WNW,12.9,27.4,1003.32,3.3,0,0,130,,
2026-01-06,15:30,9.3,6.7,85.0,WNW,17.7,24.1,1003.45,3.3,0,0,58,,
2026-01-06,15:45,9.1,6.1,84.0,WEST,16.1,29.0,1003.73,3.3,0,0,46,,
2026-01-06,16:00,9.1,6.1,83.0,WNW,19.3,25.7,1003.83,3.3,0,0,37,,
2026-01-06,16:15,9.1,6.1,83.0,WNW,16.1,22.5,1004.06,3.3,0,0,21,,
2026-01-06,16:30,9.0,6.1,83.0,WNW,11.3,24.1,1004.17,3.3,0,0,23,,
2026-01-06,16:45,9.0,6.1,83.0,WNW,12.9,19.3,1004.47,3.3,0,0,19,,
2026-01-06,17:00,8.9,6.1,83.0,WNW,6.4,22.5,1004.44,3.3,0,0,9,,
2026-01-06,17:15,8.9,6.1,84.0,WEST,9.7,24.1,1004.74,3.3,0,0,0,,
2026-01-06,17:30,8.6,6.1,84.0,WNW,14.5,22.5,1004.91,3.3,0,0,0,,
2026-01-06,17:45,8.6,5.6,83.0,WNW,8.0,25.7,1004.91,3.3,0,0,0,,
2026-01-06,18:00,8.6,5.6,82.0,WNW,16.1,22.5,1005.01,3.3,0,0,0,,
2026-01-06,18:15,8.7,5.6,80.0,WNW,20.9,25.7,1005.11,3.3,0,0,0,,
2026-01-06,18:30,8.7,5.0,79.0,WNW,11.3,19.3,1005.22,3.3,0,0,0,,
2026-01-06,18:45,8.4,5.0,80.0,WNW,8.0,14.5,1005.62,3.3,0,0,0,,
2026-01-06,19:00,8.3,5.0,81.0,WNW,11.3,14.5,1005.72,3.3,0,0,0,,
2026-01-06,19:15,8.3,5.0,82.0,WNW,8.0,12.9,1005.93,3.3,0,0,0,,
2026-01-06,19:30,8.1,5.0,82.0,WEST,11.3,20.9,1005.89,3.3,0,0,0,,
2026-01-06,19:45,8.1,5.0,82.0,NW,8.0,22.5,1006.43,3.3,0,0,0,,
2026-01-06,20:00,7.7,4.4,82.0,WNW,4.8,12.9,1006.87,3.3,0,0,0,,
2026-01-06,20:15,7.4,4.4,83.0,NNW,6.4,14.5,1007.08,3.3,0,0,0,,
2026-01-06,20:30,6.9,3.3,80.0,NNW,6.4,16.1,1007.11,3.3,0,0,0,,
2026-01-06,20:45,6.9,2.8,77.0,NW,4.8,16.1,1007.11,3.3,0,0,0,,
2026-01-06,21:00,6.7,2.8,76.0,NW,1.6,6.4,1007.18,3.3,0,0,0,,
2026-01-06,21:15,6.4,1.7,72.0,NNW,8.0,12.9,1007.35,3.3,0,0,0,,
2026-01-06,21:30,6.5,1.1,70.0,NNW,6.4,16.1,1007.15,3.3,0,0,0,,
2026-01-06,21:45,6.3,1.1,69.0,NORTH,0.0,4.8,1007.25,3.3,0,0,0,,
2026-01-06,22:00,6.1,0.6,69.0,NNW,3.2,4.8,1007.25,3.3,0,0,0,,
2026-01-06,22:15,6.3,0.6,68.0,NW,6.4,8.0,1007.21,3.3,0,0,0,,
2026-01-06,22:30,6.2,0.6,68.0,NORTH,0.0,4.8,1007.42,3.3,0,0,0,,
2026-01-06,22:45,6.1,0.6,68.0,NW,1.6,6.4,1007.48,3.3,0,0,0,,
2026-01-06,23:00,6.1,0.6,68.0,NW,1.6,6.4,1007.69,3.3,0,0,0,,
2026-01-06,23:15,6.2,0.6,68.0,NORTH,0.0,3.2,1007.82,3.3,0,0,0,,
2026-01-06,23:30,6.3,1.1,70.0,WNW,12.9,17.7,1008.03,3.3,0,0,0,,
2026-01-06,23:45,6.3,1.7,73.0,WEST,9.7,17.7,1008.47,3.3,0,0,0,,
2026-01-07,00:00,6.1,1.7,75.0,WNW,8.0,20.9,1008.53,0,0,0,0,,
2026-01-07,00:15,6.2,2.8,78.0,NW,6.4,20.9,1008.43,0,0,0,0,,
2026-01-07,00:30,6.1,2.2,78.0,NW,3.2,17.7,1008.3,0,0,0,0,,
2026-01-07,00:45,6.2,2.8,79.0,NNW,6.4,8.0,1008.13,0,0,0,0,,
2026-01-07,01:00,6.3,2.8,80.0,NORTH,0.0,11.3,1008.23,0,0,0,0,,
2026-01-07,01:15,6.3,3.3,81.0,WEST,6.4,11.3,1008.43,0,0,0,0,,
2026-01-07,01:30,6.2,3.3,83.0,WNW,4.8,12.9,1008.74,0,0,0,0,,
2026-01-07,01:45,6.1,3.3,85.0,WEST,16.1,27.4,1008.6,0,0,0,0,,
2026-01-07,02:00,6.1,3.9,86.0,NW,16.1,27.4,1008.7,0,0,0,0,,
2026-01-07,02:15,5.9,3.3,85.0,WNW,20.9,37.0,1008.94,0,0,0,0,,
2026-01-07,02:30,5.9,3.3,84.0,WNW,20.9,32.2,1008.94,0,0,0,0,,
2026-01-07,02:45,5.9,2.8,82.0,NW,19.3,38.6,1008.91,0,0,0,0,,
2026-01-07,03:00,5.7,2.8,81.0,WNW,22.5,37.0,1008.97,0,0,0,0,,
2026-01-07,03:15,5.6,2.2,79.0,WNW,19.3,43.5,1008.67,0,0,0,0,,
2026-01-07,03:30,5.4,1.7,78.0,WNW,17.7,33.8,1009.01,0,0,0,0,,
2026-01-07,03:45,5.4,1.7,78.0,NW,20.9,41.8,1008.7,0,0,0,0,,
2026-01-07,04:00,5.3,1.7,78.0,WNW,25.7,38.6,1009.01,0,0,0,0,,
2026-01-07,04:15,5.1,1.1,77.0,WNW,16.1,33.8,1009.08,0,0,0,0,,
2026-01-07,04:30,5.1,1.1,77.0,WNW,17.7,38.6,1009.21,0,0,0,0,,
2026-01-07,04:45,4.9,1.1,77.0,WNW,32.2,37.0,1009.11,0,0,0,0,,
2026-01-07,05:00,4.7,0.6,75.0,WNW,20.9,35.4,1009.21,0,0,0,0,,
2026-01-07,05:15,4.6,0.0,74.0,NW,12.9,25.7,1008.97,0,0,0,0,,
2026-01-07,05:30,4.4,0.0,75.0,NW,8.0,19.3,1008.84,0,0,0,0,,
2026-01-07,05:45,4.4,0.0,75.0,NW,12.9,20.9,1009.04,0,0,0,0,,
2026-01-07,06:00,4.6,0.0,74.0,WNW,11.3,22.5,1008.97,0,0,0,0,,
2026-01-07,06:15,4.5,0.0,75.0,WNW,11.3,19.3,1008.97,0,0,0,0,,
2026-01-07,06:30,4.4,0.0,74.0,WNW,14.5,24.1,1009.11,0,0,0,0,,
2026-01-07,06:45,4.6,0.0,72.0,WNW,19.3,27.4,1009.21,0,0,0,0,,
2026-01-07,07:00,4.6,-0.6,71.0,WNW,9.7,22.5,1009.38,0,0,0,0,,
2026-01-07,07:15,4.4,-0.6,71.0,WNW,6.4,27.4,1009.21,0,0,0,0,,
2026-01-07,07:30,4.3,-1.1,69.0,WEST,6.4,24.1,1009.14,0,0,0,0,,
2026-01-07,07:45,4.4,-1.1,69.0,WNW,14.5,20.9,1008.97,0,0,0,0,,
2026-01-07,08:00,4.8,0.0,71.0,WNW,8.0,29.0,1008.77,0,0,0,14,,
2026-01-07,08:15,4.9,0.6,73.0,WEST,19.3,33.8,1009.18,0,0,0,0,,
2026-01-07,08:30,4.4,0.6,78.0,WNW,29.0,40.2,1009.28,0,0,0,26,,
2026-01-07,08:45,4.4,1.1,80.0,WNW,29.0,43.5,1009.41,0,0,0,49,,
2026-01-07,09:00,4.2,1.1,80.0,WEST,12.9,40.2,1009.11,0,0,0,121,,
2026-01-07,09:15,4.8,1.7,80.0,WEST,27.4,33.8,1009.45,0,0,0,44,,
2026-01-07,09:30,4.4,1.1,80.0,NW,24.1,41.8,1009.45,0,0,0,47,,
2026-01-07,09:45,5.2,1.7,80.0,WNW,11.3,48.3,1009.48,0,0,0,397,,
2026-01-07,10:00,6.1,2.2,77.0,NE,22.5,45.1,1009.28,0,0,0,86,,
2026-01-07,10:15,5.7,1.7,77.0,NW,19.3,53.1,1009.38,0,0,0,72,,
2026-01-07,10:30,5.2,2.2,82.0,WNW,16.1,45.1,1009.18,0,0,1,204,,
2026-01-07,10:45,4.9,2.2,84.0,WNW,19.3,41.8,1009.38,0,0,1,445,,
2026-01-07,11:00,5.9,3.3,85.0,WNW,27.4,41.8,1009.28,0,0,1,489,,
2026-01-07,11:15,6.7,2.8,76.0,WNW,32.2,56.3,1009.52,0,0,1,76,,
2026-01-07,11:30,7.3,2.2,71.0,WNW,17.7,56.3,1009.38,0,0,1,193,,
2026-01-07,11:45,6.9,3.3,80.0,WEST,33.8,54.7,1009.52,0.25,0.25,1,172,,
2026-01-07,12:00,6.8,3.3,80.0,WNW,43.5,66.0,1009.79,0.51,0.51,2,601,,
2026-01-07,12:15,7.2,3.3,76.0,WNW,30.6,72.4,1009.79,0.51,0.51,1,383,,
2026-01-07,12:30,7.1,3.3,79.0,WNW,30.6,61.2,1009.82,0.51,0.51,0,107,,
2026-01-07,12:45,7.2,3.9,80.0,WEST,56.3,61.2,1009.72,0.51,0,0,104,,
2026-01-07,13:00,6.4,2.8,79.0,WNW,29.0,64.4,1009.72,0.51,0,1,70,,
2026-01-07,13:15,6.8,3.9,82.0,WNW,29.0,51.5,1009.55,0.51,0,1,239,,
2026-01-07,13:30,5.9,2.2,79.0,NW,25.7,78.9,1009.89,0.51,0,0,23,,
2026-01-07,13:45,5.5,2.8,83.0,WNW,25.7,46.7,1010.16,0.51,0,1,100,,
2026-01-07,14:00,6.3,3.3,82.0,NW,16.1,45.1,1010.16,0.51,0,1,621,,
2026-01-07,14:15,6.6,3.3,80.0,NW,22.5,62.8,1010.57,0.51,0,0,107,,
2026-01-07,14:30,5.2,2.2,83.0,NNW,17.7,33.8,1010.9,0.51,0,0,116,,
2026-01-07,14:45,4.8,2.8,86.0,NW,17.7,27.4,1010.74,0.51,0,1,281,,
2026-01-07,15:00,5.2,2.8,85.0,NW,51.5,46.7,1010.97,0.51,0,0,39,,
2026-01-07,15:15,5.1,2.8,85.0,NW,22.5,40.2,1011.48,0.51,0,0,35,,
2026-01-07,15:30,5.3,3.3,86.0,WNW,19.3,35.4,1011.72,0.51,0,0,88,,
2026-01-07,15:45,5.6,3.3,86.0,NW,17.7,32.2,1011.89,0.51,0,0,77,,
2026-01-07,16:00,5.2,2.8,85.0,WNW,20.9,45.1,1012.6,0.51,0,0,40,,
2026-01-07,16:15,5.2,2.8,85.0,WNW,14.5,32.2,1012.29,0.51,0,0,33,,
2026-01-07,16:30,5.5,2.8,83.0,WNW,19.3,30.6,1012.6,0.51,0,0,51,,
2026-01-07,16:45,5.6,2.8,84.0,NW,9.7,27.4,1012.6,0.51,0,0,46,,
2026-01-07,17:00,5.7,2.8,84.0,WNW,17.7,27.4,1012.67,0.51,0,0,26,,
2026-01-07,17:15,5.7,2.8,83.0,NW,14.5,22.5,1013.04,0.51,0,0,0,,
2026-01-07,17:30,5.4,2.2,81.0,NW,12.9,30.6,1013.31,0.51,0,0,0,,
2026-01-07,17:45,5.6,1.7,78.0,NW,17.7,25.7,1013.51,0.51,0,0,0,,
2026-01-07,18:00,5.7,1.7,76.0,NW,14.5,33.8,1013.82,0.51,0,0,0,,
2026-01-07,18:15,5.7,1.1,74.0,NW,17.7,29.0,1013.99,0.51,0,0,0,,
2026-01-07,18:30,5.7,1.1,73.0,NW,14.5,29.0,1014.19,0.51,0,0,0,,
2026-01-07,18:45,5.7,1.1,73.0,WNW,11.3,19.3,1014.39,0.51,0,0,0,,
2026-01-07,19:00,5.9,1.1,72.0,WEST,12.9,33.8,1014.46,0.51,0,0,0,,
2026-01-07,19:15,5.9,1.1,72.0,WEST,24.1,27.4,1014.66,0.51,0,0,0,,
2026-01-07,19:30,5.9,1.1,72.0,WNW,6.4,20.9,1014.97,0.51,0,0,0,,
2026-01-07,19:45,5.8,1.1,73.0,WNW,12.9,24.1,1015.04,0.51,0,0,0,,
2026-01-07,20:00,5.9,1.1,72.0,NW,8.0,25.7,1015.14,0.51,0,0,0,,
2026-01-07,20:15,5.9,1.1,72.0,WNW,1.6,19.3,1015.54,0.51,0,0,0,,
2026-01-07,20:30,5.8,1.1,73.0,WNW,8.0,20.9,1015.71,0.51,0,0,0,,
2026-01-07,20:45,5.9,1.1,71.0,WNW,19.3,27.4,1015.61,0.51,0,0,0,,
2026-01-07,21:00,6.1,1.1,70.0,NW,19.3,25.7,1015.61,0.51,0,0,0,,
2026-01-07,21:15,6.0,0.6,70.0,WNW,12.9,22.5,1015.71,0.51,0,0,0,,
2026-01-07,21:30,5.8,0.6,71.0,WNW,4.8,16.1,1015.61,0.51,0,0,0,,
2026-01-07,21:45,5.9,0.6,70.0,WNW,3.2,20.9,1015.71,0.51,0,0,0,,
2026-01-07,22:00,6.1,1.1,70.0,WNW,3.2,17.7,1016.12,0.51,0,0,0,,
2026-01-07,22:15,6.3,1.1,71.0,WNW,17.7,24.1,1016.05,0.51,0,0,0,,
2026-01-07,22:30,6.7,1.7,71.0,NORTH,12.9,22.5,1016.49,0.51,0,0,0,,
2026-01-07,22:45,6.8,2.2,73.0,NW,6.4,14.5,1016.53,0.51,0,0,0,,
2026-01-07,23:00,6.8,2.2,73.0,WEST,12.9,16.1,1017,0.51,0,0,0,,
2026-01-07,23:15,6.3,2.2,76.0,WNW,12.9,30.6,1016.8,0.51,0.25,0,0,,
2026-01-07,23:30,6.4,2.2,76.0,WNW,12.9,49.9,1016.73,0.51,0.25,0,0,,
2026-01-07,23:45,6.8,2.2,74.0,WNW,16.1,45.1,1016.93,0.51,0.25,0,0,,
2026-01-08,00:00,7.1,2.2,72.0,WNW,33.8,38.6,1017.31,0,0.25,0,0,,
2026-01-08,00:15,7.2,2.2,71.0,WNW,14.5,32.2,1017.1,0,0,0,0,,
2026-01-08,00:30,7.3,2.2,71.0,WNW,9.7,24.1,1017,0,0,0,0,,
2026-01-08,00:45,7.1,2.2,71.0,WNW,3.2,20.9,1016.76,0,0,0,0,,
2026-01-08,01:00,7.1,2.2,71.0,WNW,8.0,25.7,1016.76,0,0,0,0,,
2026-01-08,01:15,7.2,2.2,72.0,WEST,11.3,20.9,1016.39,0,0,0,0,,
2026-01-08,01:30,7.4,2.2,72.0,WNW,8.0,20.9,1016.05,0,0,0,0,,
2026-01-08,01:45,7.7,2.8,72.0,WEST,27.4,30.6,1015.82,0,0,0,0,,
2026-01-08,02:00,7.8,3.3,74.0,WNW,22.5,41.8,1015.98,0,0,0,0,,
2026-01-08,02:15,8.0,3.9,77.0,WNW,24.1,38.6,1016.02,0,0,0,0,,
2026-01-08,02:30,8.0,3.9,77.0,WNW,24.1,33.8,1015.95,0,0,0,0,,
2026-01-08,02:45,8.3,3.9,75.0,WNW,22.5,43.5,1016.02,0,0,0,0,,
2026-01-08,03:00,8.2,3.9,76.0,WNW,24.1,56.3,1016.29,0,0,0,0,,
2026-01-08,03:15,8.3,3.9,75.0,WEST,37.0,43.5,1016.46,0,0,0,0,,
2026-01-08,03:30,8.3,3.9,74.0,WEST,17.7,40.2,1016.56,0,0,0,0,,
2026-01-08,03:45,8.5,3.9,74.0,WEST,14.5,46.7,1016.36,0,0,0,0,,
2026-01-08,04:00,8.7,4.4,75.0,WEST,22.5,40.2,1016.36,0,0,0,0,,
2026-01-08,04:15,8.8,4.4,75.0,WNW,25.7,40.2,1015.98,0,0,0,0,,
2026-01-08,04:30,8.8,5.0,76.0,WNW,20.9,46.7,1015.95,0,0,0,0,,
2026-01-08,04:45,9.0,4.4,75.0,WEST,22.5,61.2,1015.88,0,0,0,0,,
2026-01-08,05:00,9.1,4.4,73.0,WNW,25.7,43.5,1016.02,0,0,0,0,,
2026-01-08,05:15,9.1,4.4,74.0,WNW,19.3,41.8,1015.95,0,0,0,0,,
2026-01-08,05:30,9.2,5.0,75.0,WNW,35.4,67.6,1016.46,0,0,0,0,,
2026-01-08,05:45,9.6,5.0,73.0,NW,29.0,51.5,1016.53,0,0,0,0,,
2026-01-08,06:00,9.8,5.6,75.0,WNW,32.2,53.1,1016.49,0,0,0,0,,
2026-01-08,06:15,9.9,5.6,75.0,WNW,25.7,62.8,1017.03,0,0,0,0,,
2026-01-08,06:30,10.1,5.0,72.0,NW,43.5,66.0,1017.14,0,0,0,0,,
2026-01-08,06:45,10.1,5.6,73.0,WEST,20.9,64.4,1017.17,0,0,0,0,,
2026-01-08,07:00,9.9,5.6,75.0,WNW,51.5,62.8,1017.41,0,0,0,0,,
2026-01-08,07:15,10.2,5.6,74.0,WNW,49.9,62.8,1017.58,0,0,0,0,,
2026-01-08,07:30,10.2,6.1,75.0,WNW,40.2,57.9,1017.85,0,0,0,0,,
2026-01-08,07:45,10.1,6.1,76.0,WNW,25.7,61.2,1017.91,0,0,0,0,,
2026-01-08,08:00,9.8,5.6,77.0,WNW,41.8,64.4,1018.29,0,0,0,0,,
2026-01-08,08:15,9.7,6.1,78.0,WEST,37.0,57.9,1018.59,0,0,0,16,,
2026-01-08,08:30,10.0,6.1,78.0,WNW,20.9,53.1,1018.76,0,0,0,18,,
2026-01-08,08:45,9.7,6.7,82.0,WNW,14.5,57.9,1019.34,0,0,0,19,,
2026-01-08,09:00,9.3,6.7,84.0,NW,25.7,45.1,1019.44,0,0,0,16,,
2026-01-08,09:15,9.3,6.7,85.0,NW,24.1,43.5,1019.37,0,0,0,69,,
2026-01-08,09:30,9.4,7.2,86.0,NW,30.6,45.1,1020.01,0.51,0.51,0,62,,
2026-01-08,09:45,9.4,7.2,88.0,WNW,35.4,53.1,1020.08,0.51,0.51,0,107,,
2026-01-08,10:00,9.6,7.8,88.0,WEST,30.6,49.9,1020.59,0.51,0.51,0,155,,
2026-01-09,10:00,13.2,10.6,85.0,WEST,20.9,37.0,1015.24,0.51,0,1,225,,
2026-01-09,10:15,13.2,10.6,84.0,WEST,38.6,46.7,1015.58,0.51,0,0,172,,
2026-01-09,10:30,13.2,10.6,84.0,WNW,12.9,43.5,1015.44,0.51,0,1,111,,
2026-01-09,10:45,13.1,10.0,84.0,WNW,30.6,48.3,1015.37,0.51,0,0,91,,
2026-01-09,11:00,13.2,10.6,85.0,NW,33.8,51.5,1015.34,0.51,0,1,163,,
2026-01-09,11:15,13.2,10.0,82.0,WNW,12.9,43.5,1015.24,0.51,0,0,51,,
2026-01-09,11:30,12.9,10.0,83.0,WNW,16.1,37.0,1015.17,0.51,0,1,232,,
2026-01-09,11:45,13.0,10.0,84.0,ENE,32.2,43.5,1014.9,0.51,0,1,155,,
2026-01-09,12:00,13.0,10.0,83.0,WNW,22.5,51.5,1014.8,0.51,0,1,362,,
2026-01-09,12:15,13.3,10.0,82.0,WNW,20.9,54.7,1014.6,0.51,0,1,213,,
2026-01-09,12:30,13.1,9.4,81.0,WNW,17.7,49.9,1014.43,0.51,0,1,100,,
2026-01-09,12:45,13.1,10.0,82.0,WNW,27.4,38.6,1013.88,0.51,0,2,304,,
2026-01-09,13:00,13.3,9.4,80.0,WEST,32.2,45.1,1013.48,0.51,0,1,237,,
2026-01-09,13:15,13.2,10.0,81.0,WNW,24.1,54.7,1013.75,0.51,0,1,234,,
2026-01-09,13:30,13.2,9.4,80.0,WNW,24.1,56.3,1013.65,0.51,0,1,160,,
2026-01-09,13:45,13.1,9.4,80.0,WNW,30.6,57.9,1013.61,0.51,0,0,116,,
2026-01-09,14:00,12.8,9.4,80.0,WNW,35.4,46.7,1013.41,0.51,0,1,93,,
2026-01-09,14:15,12.6,9.4,81.0,WNW,33.8,53.1,1013.28,0.51,0,1,132,,
2026-01-09,14:30,12.7,9.4,81.0,WNW,16.1,40.2,1012.63,0.51,0,1,100,,
2026-01-09,14:45,12.5,9.4,81.0,WNW,27.4,49.9,1012.94,0.51,0,1,90,,
2026-01-09,15:00,12.6,9.4,81.0,WNW,17.7,43.5,1012.63,0.51,0,1,178,,
2026-01-09,15:15,12.7,8.9,80.0,WNW,16.1,40.2,1012.63,0.51,0,0,134,,
2026-01-09,15:30,12.3,8.3,79.0,WEST,24.1,40.2,1012.7,0.51,0,0,76,,
2026-01-09,15:45,12.2,8.3,78.0,WNW,22.5,37.0,1012.63,0.51,0,0,77,,
2026-01-09,16:00,12.2,8.9,80.0,WEST,19.3,30.6,1012.53,0.51,0,0,37,,
2026-01-09,16:15,11.9,8.9,82.0,WNW,17.7,37.0,1012.53,0.51,0,0,40,,
2026-01-09,16:30,11.8,8.9,83.0,WEST,25.7,25.7,1012.33,0.51,0,0,26,,
2026-01-09,16:45,11.7,8.9,84.0,WEST,14.5,25.7,1012.46,0.51,0,0,14,,
2026-01-09,17:00,11.5,8.9,84.0,WNW,6.4,17.7,1012.12,0.51,0,0,7,,
2026-01-09,17:15,11.4,8.9,84.0,WNW,8.0,16.1,1012.02,0.51,0,0,0,,
2026-01-09,17:30,11.4,8.9,85.0,WNW,12.9,20.9,1011.92,0.51,0,0,0,,
2026-01-09,17:45,11.5,8.9,85.0,SW,3.2,20.9,1011.95,0.51,0,0,0,,
2026-01-09,18:00,11.4,8.9,85.0,WSW,1.6,35.4,1011.75,0.51,0,0,0,,
2026-01-09,18:15,11.4,8.9,85.0,WEST,4.8,12.9,1011.89,0.51,0,0,0,,
2026-01-09,18:30,11.7,8.9,85.0,SW,11.3,29.0,1011.89,0.51,0,0,0,,
2026-01-09,18:45,11.9,8.9,84.0,WNW,12.9,29.0,1011.95,0.51,0,0,0,,
2026-01-09,19:00,11.9,8.9,84.0,WEST,20.9,27.4,1011.48,0.51,0,0,0,,
2026-01-09,19:15,11.8,8.9,84.0,WNW,8.0,32.2,1011.72,0.51,0,0,0,,
2026-01-09,19:30,11.6,8.9,84.0,WNW,17.7,33.8,1011.58,0.51,0,0,0,,
2026-01-09,19:45,11.0,8.3,85.0,WNW,20.9,29.0,1011.58,0.51,0,0,0,,
2026-01-09,20:00,10.8,8.3,86.0,WNW,19.3,37.0,1011.55,0.51,0,0,0,,
2026-01-09,20:15,10.6,8.3,87.0,WEST,12.9,32.2,1011.41,1.27,0.51,0,0,,
2026-01-09,20:30,10.3,8.3,89.0,WNW,8.0,37.0,1011.18,1.78,1.27,0,0,,
2026-01-09,20:45,10.2,8.3,89.0,WNW,11.3,25.7,1011.07,1.78,1.27,0,0,,
2026-01-09,21:00,10.2,8.3,90.0,WNW,11.3,16.1,1010.94,1.78,1.27,0,0,,
2026-01-09,21:15,10.2,8.3,90.0,WNW,11.3,17.7,1010.9,1.78,0.51,0,0,,
2026-01-09,21:30,10.3,8.9,91.0,NW,11.3,24.1,1010.6,1.78,0,0,0,,
2026-01-09,21:45,10.0,8.3,91.0,WNW,17.7,33.8,1010.53,1.78,0,0,0,,
2026-01-09,22:00,9.9,8.3,90.0,WEST,16.1,29.0,1010.53,1.78,0,0,0,,
2026-01-09,22:15,10.8,8.3,86.0,WEST,24.1,46.7,1010.23,1.78,0,0,0,,
2026-01-09,22:30,10.6,7.2,81.0,NW,29.0,69.2,1010.46,1.78,0,0,0,,
2026-01-09,22:45,7.9,5.0,84.0,WNW,32.2,53.1,1011.41,1.78,0,0,0,,
2026-01-09,23:00,7.2,5.0,86.0,NW,16.1,43.5,1011.55,1.78,0,0,0,,
2026-01-09,23:15,6.9,5.0,87.0,WNW,20.9,41.8,1011.82,1.78,0,0,0,,
2026-01-09,23:30,7.1,5.0,87.0,NW,22.5,35.4,1011.75,1.78,0,0,0,,
2026-01-09,23:45,6.9,5.0,87.0,WNW,17.7,29.0,1011.72,1.78,0,0,0,,
2026-01-10,00:00,7.1,5.0,88.0,NW,19.3,33.8,1011.62,0,0,0,0,,
2026-01-10,00:15,7.4,5.0,87.0,NW,20.9,38.6,1011.01,0,0,0,0,,
2026-01-10,00:30,7.4,5.0,87.0,WNW,19.3,32.2,1011.38,0,0,0,0,,
2026-01-10,00:45,7.2,5.0,87.0,NW,19.3,30.6,1011.45,0,0,0,0,,
2026-01-10,01:00,7.1,5.0,87.0,NW,17.7,40.2,1011.45,0,0,0,0,,
2026-01-10,01:15,6.9,5.0,88.0,WNW,14.5,35.4,1011.28,0.25,0.25,0,0,,
2026-01-10,01:30,6.9,5.0,88.0,NW,14.5,35.4,1010.97,0.25,0.25,0,0,,
2026-01-10,01:45,6.8,5.0,88.0,NW,17.7,43.5,1010.84,0.51,0.51,0,0,,
2026-01-10,02:00,6.8,4.4,88.0,WNW,11.3,43.5,1010.57,0.51,0.25,0,0,,
2026-01-10,02:15,6.7,4.4,87.0,WNW,6.4,20.9,1010.3,0.51,0.25,0,0,,
2026-01-10,02:30,6.7,4.4,86.0,WNW,11.3,24.1,1010.4,0.51,0.25,0,0,,
2026-01-10,02:45,6.9,4.4,84.0,NE,19.3,30.6,1010.57,0.51,0,0,0,,
2026-01-10,03:00,7.6,4.4,83.0,WEST,35.4,46.7,1010.26,0.51,0,0,0,,
2026-01-10,03:15,8.4,4.4,78.0,WNW,35.4,48.3,1010.4,0.51,0,0,0,,
2026-01-10,03:30,8.4,4.4,77.0,NW,17.7,41.8,1010.16,0.51,0,0,0,,
2026-01-10,03:45,8.4,4.4,76.0,WNW,14.5,48.3,1010.02,0.51,0,0,0,,
2026-01-10,04:00,8.7,3.9,74.0,WEST,24.1,57.9,1010.02,0.51,0,0,0,,
2026-01-10,04:15,9.1,3.9,72.0,WNW,27.4,64.4,1010.13,0.51,0,0,0,,
2026-01-10,04:30,8.9,3.9,72.0,WNW,45.1,57.9,1009.79,0.51,0,0,0,,
2026-01-10,04:45,8.9,3.9,72.0,WNW,33.8,53.1,1009.96,0.51,0,0,0,,
2026-01-10,05:00,8.9,3.9,73.0,WNW,33.8,66.0,1010.16,0.51,0,0,0,,
2026-01-10,05:15,8.9,4.4,74.0,NW,20.9,61.2,1009.75,0.51,0,0,0,,
2026-01-10,05:30,9.2,4.4,74.0,WNW,30.6,62.8,1009.69,0.51,0,0,0,,
2026-01-10,05:45,9.2,4.4,73.0,WNW,33.8,64.4,1009.82,0.51,0,0,0,,
2026-01-10,06:00,9.1,3.9,70.0,WEST,32.2,70.8,1009.85,0.51,0,0,0,,
2026-01-10,06:15,8.9,2.8,66.0,WNW,24.1,66.0,1010.13,0.51,0,0,0,,
2026-01-10,06:30,8.8,2.8,67.0,WNW,27.4,61.2,1009.92,0.51,0,0,0,,
2026-01-10,06:45,8.8,2.8,68.0,WNW,37.0,78.9,1009.92,0.51,0,0,0,,
2026-01-10,07:00,8.7,2.8,68.0,WNW,32.2,61.2,1009.96,0.51,0,0,0,,
2026-01-10,07:15,8.7,2.8,69.0,WEST,20.9,72.4,1009.99,0.51,0,0,0,,
2026-01-10,07:30,8.6,2.8,69.0,WNW,29.0,57.9,1010.13,0.51,0,0,0,,
2026-01-10,07:45,8.6,3.3,71.0,WEST,40.2,57.9,1010.26,0.51,0,0,0,,
2026-01-10,08:00,8.5,3.3,71.0,NW,17.7,49.9,1010.36,0.51,0,0,11,,
2026-01-10,08:15,8.7,3.9,72.0,WNW,30.6,49.9,1010.23,0.51,0,0,11,,
2026-01-10,08:30,8.8,3.3,69.0,WEST,45.1,69.2,1010.6,0.51,0,0,23,,
2026-01-10,08:45,8.8,3.3,68.0,WNW,59.5,75.6,1010.67,0.51,0,0,25,,
2026-01-10,09:00,8.9,3.9,70.0,NW,22.5,64.4,1010.53,0.51,0,0,28,,
2026-01-10,09:15,8.8,3.9,72.0,WEST,54.7,64.4,1010.4,0.51,0,0,132,,
2026-01-10,09:30,9.1,3.9,71.0,WNW,33.8,59.5,1010.6,0.51,0,0,105,,
2026-01-10,09:45,9.2,3.9,70.0,NW,49.9,72.4,1010.36,0.51,0,0,62,,
2026-01-10,10:00,9.3,3.9,69.0,WNW,56.3,85.3,1010.63,0.51,0,0,258,,
2026-01-10,10:15,7.9,3.9,76.0,WNW,40.2,90.1,1010.84,0.51,0,1,153,,
2026-01-10,10:30,8.4,4.4,76.0,WNW,40.2,72.4,1010.84,0.51,0,1,223,,
2026-01-10,10:45,9.1,3.9,70.0,WNW,43.5,83.7,1010.46,0.51,0,1,446,,
2026-01-10,11:00,9.4,3.9,69.0,WNW,30.6,69.2,1010.4,0.51,0,1,107,,
2026-01-10,11:15,8.9,3.9,71.0,WNW,41.8,74.0,1010.43,0.51,0,0,98,,
2026-01-10,11:30,8.8,2.8,67.0,WNW,49.9,88.5,1010.77,0.51,0,1,118,,
2026-01-10,11:45,9.4,3.3,66.0,WNW,48.3,90.1,1010.9,0.51,0,2,550,,
2026-01-10,12:00,9.3,3.3,67.0,WNW,69.2,90.1,1010.9,0.51,0,2,327,,
2026-01-10,12:15,8.9,2.8,67.0,WEST,43.5,82.1,1010.26,0.51,0,2,668,,
2026-01-10,12:30,9.3,3.3,68.0,NW,56.3,90.1,1010.3,0.51,0,2,617,,
2026-01-10,12:45,9.3,3.3,66.0,WNW,53.1,99.8,1010.23,0.51,0,1,178,,
2026-01-10,13:00,9.4,3.3,68.0,NW,43.5,90.1,1009.85,0.51,0,2,257,,
2026-01-10,13:15,9.4,3.3,68.0,WNW,54.7,98.2,1010.19,0.51,0,1,288,,
2026-01-10,13:30,9.3,3.3,66.0,WNW,64.4,90.1,1010.06,0.51,0,1,146,,
2026-01-10,13:45,9.2,2.8,64.0,WNW,38.6,98.2,1010.13,0.51,0,1,86,,
2026-01-10,14:00,9.2,2.8,64.0,WEST,62.8,91.7,1010.16,0.51,0,1,98,,
2026-01-10,14:15,8.9,2.2,65.0,WNW,70.8,90.1,1010.23,0.51,0,1,432,,
2026-01-10,14:30,9.5,3.9,68.0,NW,43.5,78.9,1010.3,0.51,0,1,541,,
2026-01-10,14:45,9.5,3.3,65.0,NW,38.6,80.5,1010.36,0.51,0,1,439,,
2026-01-10,15:00,9.5,2.8,63.0,NW,38.6,90.1,1010.46,0.51,0,0,146,,
2026-01-10,15:15,9.2,2.8,65.0,WNW,43.5,80.5,1011.01,0.51,0,0,318,,
2026-01-10,15:30,8.9,2.8,65.0,WNW,49.9,80.5,1011.04,0.51,0,0,90,,
2026-01-10,15:45,8.9,2.8,66.0,WNW,27.4,80.5,1011.21,0.51,0,0,100,,
2026-01-10,16:00,8.8,2.8,67.0,WNW,53.1,77.2,1011.51,0.51,0,0,77,,
2026-01-10,16:15,8.9,2.2,64.0,WNW,38.6,67.6,1011.48,0.51,0,0,35,,
2026-01-10,16:30,8.8,2.8,65.0,WNW,45.1,69.2,1011.72,0.51,0,0,53,,
2026-01-10,16:45,8.6,2.8,66.0,WEST,48.3,64.4,1011.79,0.51,0,0,32,,
2026-01-10,17:00,8.8,2.2,65.0,WNW,32.2,72.4,1012.12,0.51,0,0,16,,
2026-01-10,17:15,8.7,2.8,67.0,WNW,49.9,72.4,1012.29,0.51,0,0,0,,
2026-01-10,17:30,8.8,3.3,68.0,WNW,25.7,67.6,1012.46,0.51,0,0,0,,
2026-01-10,17:45,8.6,2.8,69.0,WNW,45.1,66.0,1012.84,0.51,0,0,0,,
2026-01-10,18:00,8.6,3.3,69.0,WEST,35.4,61.2,1013.17,0.51,0,0,0,,
2026-01-10,18:15,8.3,2.8,68.0,WNW,30.6,69.2,1012.77,0.51,0,0,0,,
2026-01-10,18:30,7.8,3.3,74.0,WNW,38.6,62.8,1013.14,0.51,0,0,0,,
2026-01-10,18:45,7.4,3.3,76.0,NW,33.8,40.2,1013.04,0.51,0,0,0,,
2026-01-10,19:00,7.9,3.9,75.0,WNW,37.0,51.5,1012.9,0.51,0,0,0,,
2026-01-10,19:15,7.6,3.3,75.0,NNW,24.1,70.8,1013.14,0.51,0,0,0,,
2026-01-10,19:30,7.9,3.9,77.0,WNW,56.3,61.2,1013.07,0.51,0,0,0,,
2026-01-10,19:45,8.6,3.9,74.0,NW,33.8,66.0,1013.04,0.51,0,0,0,,
2026-01-10,20:00,8.8,3.9,71.0,WEST,33.8,83.7,1013.24,0.51,0,0,0,,
2026-01-10,20:15,8.6,3.9,73.0,WNW,54.7,61.2,1012.97,0.51,0,0,0,,
2026-01-10,20:30,8.8,3.3,70.0,WNW,51.5,62.8,1013.31,0.51,0,0,0,,
2026-01-10,20:45,8.9,3.3,70.0,WEST,43.5,69.2,1013.24,0.51,0,0,0,,
2026-01-10,21:00,8.7,2.8,68.0,WNW,67.6,85.3,1013.21,0.51,0,0,0,,
2026-01-10,21:15,8.6,3.9,73.0,WEST,30.6,62.8,1012.8,0.51,0,0,0,,
2026-01-10,21:30,8.3,2.2,66.0,WEST,40.2,82.1,1013.24,0.51,0,0,0,,
2026-01-10,21:45,8.2,1.7,65.0,WEST,61.2,74.0,1012.77,0.51,0,0,0,,
2026-01-10,22:00,8.6,2.2,65.0,WNW,53.1,80.5,1013.17,0.51,0,0,0,,
2026-01-10,22:15,7.9,2.2,67.0,WEST,57.9,72.4,1013.21,0.51,0,0,0,,
2026-01-10,22:30,7.7,2.2,69.0,NW,45.1,83.7,1014.26,0.51,0,0,0,,
2026-01-10,22:45,6.9,2.2,73.0,WNW,24.1,51.5,1013.75,0.51,0,0,0,,
2026-01-10,23:00,6.4,1.7,72.0,WNW,27.4,57.9,1013.61,0.51,0,0,0,,
2026-01-10,23:15,6.7,1.7,70.0,WNW,19.3,38.6,1013.41,0.51,0,0,0,,
2026-01-10,23:30,7.1,2.8,75.0,WNW,22.5,46.7,1013.44,0.51,0,0,0,,
2026-01-10,23:45,7.6,2.8,72.0,WNW,27.4,51.5,1013.21,0.51,0,0,0,,
2026-01-11,00:00,8.3,3.3,71.0,WNW,40.2,53.1,1013.21,0,0,0,0,,
2026-01-11,00:15,8.4,2.2,67.0,NW,29.0,62.8,1013.24,0,0,0,0,,
2026-01-11,00:30,8.2,2.8,69.0,WEST,49.9,72.4,1013.48,0,0,0,0,,
2026-01-11,00:45,6.5,2.2,74.0,WNW,29.0,57.9,1013.31,0,0,0,0,,
2026-01-11,01:00,6.9,2.8,75.0,WEST,61.2,62.8,1014.05,0,0,0,0,,
2026-01-11,01:15,6.4,1.7,72.0,WEST,43.5,57.9,1013.07,0,0,0,0,,
2026-01-11,01:30,6.8,1.7,72.0,WNW,25.7,49.9,1013.24,0,0,0,0,,
2026-01-11,01:45,6.4,2.2,75.0,WNW,22.5,49.9,1013.24,0,0,0,0,,
2026-01-11,02:00,6.6,2.8,78.0,NW,29.0,45.1,1013.21,0,0,0,0,,
2026-01-11,02:15,7.4,2.2,72.0,WNW,32.2,72.4,1014.05,0,0,0,0,,
2026-01-11,02:30,6.6,2.2,75.0,NW,24.1,46.7,1013.68,0,0,0,0,,
2026-01-11,02:45,7.0,2.2,73.0,WNW,30.6,51.5,1013.88,0,0,0,0,,
2026-01-11,03:00,7.2,2.2,72.0,NW,29.0,77.2,1013.95,0,0,0,0,,
2026-01-11,03:15,7.3,2.2,70.0,WEST,38.6,61.2,1013.68,0,0,0,0,,
2026-01-11,03:30,7.5,2.2,69.0,WNW,35.4,56.3,1013.72,0,0,0,0,,
2026-01-11,03:45,7.2,2.2,71.0,NW,41.8,59.5,1013.82,0,0,0,0,,
2026-01-11,04:00,6.7,2.2,74.0,WNW,25.7,46.7,1013.61,0,0,0,0,,
2026-01-11,04:15,7.1,2.8,75.0,WNW,11.3,40.2,1013.92,0,0,0,0,,
2026-01-11,04:30,6.8,2.8,76.0,WNW,17.7,49.9,1014.02,0,0,0,0,,
2026-01-11,04:45,6.9,2.8,76.0,NW,25.7,51.5,1014.16,0,0,0,0,,
2026-01-11,05:00,6.6,2.8,76.0,NW,24.1,48.3,1014.56,0,0,0,0,,
2026-01-11,05:15,5.9,2.2,79.0,NW,38.6,70.8,1014.66,0,0,0,0,,
2026-01-11,05:30,5.7,2.2,80.0,WNW,27.4,59.5,1014.43,0,0,0,0,,
2026-01-11,05:45,6.2,2.8,79.0,NNW,3.2,45.1,1014.7,0,0,0,0,,
2026-01-11,06:00,6.4,2.8,79.0,WNW,16.1,25.7,1015.04,0,0,0,0,,
2026-01-11,06:15,6.3,2.8,80.0,NW,22.5,41.8,1015.31,0,0,0,0,,
2026-01-11,06:30,5.9,2.8,83.0,NW,11.3,20.9,1015.37,0,0,0,0,,
2026-01-11,06:45,5.8,3.3,84.0,NW,24.1,33.8,1015.54,0,0,0,0,,
2026-01-11,07:00,6.1,3.3,83.0,WNW,16.1,32.2,1015.51,0,0,0,0,,
2026-01-11,07:15,6.5,3.3,81.0,NW,30.6,40.2,1015.78,0,0,0,0,,
2026-01-11,07:30,6.8,3.3,79.0,WNW,20.9,49.9,1015.95,0,0,0,0,,
2026-01-11,07:45,6.7,3.3,79.0,WNW,17.7,32.2,1015.92,0,0,0,0,,
2026-01-11,08:00,6.8,3.3,79.0,NW,27.4,33.8,1015.95,0,0,0,23,,
2026-01-11,08:15,7.2,3.3,78.0,NW,19.3,38.6,1016.12,0,0,0,33,,
2026-01-11,08:30,7.2,3.3,78.0,WNW,20.9,40.2,1016.32,0,0,0,69,,
2026-01-11,08:45,7.3,3.3,78.0,WNW,22.5,40.2,1016.9,0,0,0,97,,
2026-01-11,09:00,7.5,3.9,78.0,WNW,20.9,40.2,1017.44,0,0,0,58,,
2026-01-11,09:15,7.4,3.9,78.0,WNW,20.9,33.8,1017.31,0,0,0,188,,
2026-01-11,09:30,7.8,3.9,77.0,WEST,27.4,33.8,1017.64,0,0,0,241,,
2026-01-11,09:45,8.1,3.9,76.0,NW,19.3,41.8,1017.88,0,0,1,288,,
2026-01-11,10:00,8.1,4.4,78.0,NW,17.7,38.6,1018.22,0,0,1,125,,
2026-01-11,10:15,8.1,3.9,77.0,WNW,11.3,37.0,1018.46,0,0,1,104,,
2026-01-11,10:30,8.2,3.9,75.0,WNW,30.6,37.0,1019,0,0,1,93,,
2026-01-11,10:45,8.2,3.3,73.0,NW,17.7,30.6,1019.03,0,0,1,146,,
2026-01-11,11:00,8.6,3.9,73.0,WNW,22.5,45.1,1019.3,0,0,1,309,,
2026-01-11,11:15,8.6,3.9,73.0,WNW,8.0,40.2,1019.37,0,0,1,174,,
2026-01-11,11:30,8.5,3.9,72.0,WNW,17.7,40.2,1019.27,0,0,1,264,,
2026-01-11,11:45,8.7,3.9,72.0,WNW,25.7,41.8,1019.24,0,0,1,255,,
2026-01-11,12:00,8.7,3.9,72.0,WEST,17.7,41.8,1019.4,0,0,1,179,,
2026-01-11,12:15,8.8,3.9,72.0,WNW,24.1,30.6,1019.3,0,0,1,132,,
2026-01-11,12:30,9.0,3.9,72.0,NW,17.7,48.3,1019,0,0,2,443,,
2026-01-11,12:45,8.9,3.9,72.0,WNW,16.1,40.2,1019,0,0,1,190,,
2026-01-11,13:00,8.7,3.9,71.0,WNW,32.2,38.6,1018.66,0,0,1,443,,
2026-01-11,13:15,9.4,4.4,71.0,WNW,30.6,33.8,1018.76,0,0,1,522,,
2026-01-11,13:30,8.0,3.3,74.0,WNW,16.1,38.6,1018.86,0,0,1,178,,
2026-01-11,13:45,8.7,4.4,75.0,NNW,16.1,25.7,1018.96,0,0,0,141,,
2026-01-11,14:00,8.1,3.9,77.0,NW,20.9,33.8,1018.96,0,0,1,130,,
2026-01-11,14:15,7.9,3.9,76.0,WNW,22.5,32.2,1018.96,0,0,0,118,,
2026-01-11,14:30,8.0,3.9,76.0,NW,19.3,29.0,1019.2,0,0,1,74,,
2026-01-11,14:45,8.4,4.4,78.0,WEST,29.0,33.8,1018.96,0,0,1,459,,
2026-01-11,15:00,8.1,4.4,78.0,WNW,16.1,48.3,1019.2,0,0,0,125,,
2026-01-11,15:15,7.7,3.9,79.0,WNW,17.7,33.8,1019.3,0,0,0,88,,
2026-01-11,15:30,7.7,3.9,79.0,WNW,6.4,33.8,1019.34,0,0,0,81,,
2026-01-11,15:45,7.9,3.9,77.0,WNW,17.7,33.8,1019.54,0,0,0,100,,
2026-01-11,16:00,7.9,3.9,77.0,WNW,14.5,33.8,1019.47,0,0,0,40,,
2026-01-11,16:15,7.9,3.9,77.0,NW,14.5,30.6,1019.68,0,0,0,25,,
2026-01-11,16:30,7.8,3.9,78.0,WNW,11.3,29.0,1019.88,0,0,0,26,,
2026-01-11,16:45,7.7,3.9,79.0,WNW,8.0,22.5,1019.98,0,0,0,26,,
2026-01-11,17:00,7.6,3.9,79.0,WNW,6.4,19.3,1020.29,0,0,0,14,,
2026-01-11,17:15,7.4,3.9,79.0,WNW,12.9,17.7,1020.52,0,0,0,0,,
2026-01-11,17:30,7.4,3.9,79.0,WEST,11.3,17.7,1020.73,0,0,0,0,,
2026-01-11,17:45,7.3,3.9,79.0,WNW,16.1,22.5,1020.86,0,0,0,0,,
2026-01-11,18:00,7.3,3.9,78.0,WNW,8.0,29.0,1021.1,0,0,0,0,,
2026-01-11,18:15,7.3,3.3,78.0,WNW,14.5,27.4,1021.37,0,0,0,0,,
2026-01-11,18:30,7.2,3.3,78.0,NW,11.3,17.7,1021.84,0,0,0,0,,
2026-01-11,18:45,7.2,3.3,77.0,WNW,14.5,16.1,1021.64,0,0,0,0,,
2026-01-11,19:00,7.2,3.3,77.0,WNW,11.3,19.3,1021.98,0,0,0,0,,
2026-01-11,19:15,7.2,3.3,77.0,WEST,6.4,17.7,1021.88,0,0,0,0,,
2026-01-11,19:30,6.8,2.8,77.0,WNW,4.8,16.1,1022.22,0,0,0,0,,
2026-01-11,19:45,6.9,3.3,78.0,WNW,14.5,20.9,1022.35,0,0,0,0,,
2026-01-11,20:00,6.8,2.8,78.0,NW,3.2,12.9,1022.66,0,0,0,0,,
2026-01-11,20:15,6.8,2.8,78.0,NW,1.6,4.8,1022.89,0,0,0,0,,
2026-01-11,20:30,6.6,2.8,78.0,NW,1.6,4.8,1023.33,0,0,0,0,,
2026-01-11,20:45,6.4,2.8,78.0,NORTH,0.0,3.2,1023.4,0,0,0,0,,
2026-01-11,21:00,6.3,2.8,79.0,NW,3.2,1.6,1023.43,0,0,0,0,,
2026-01-11,21:15,6.2,2.8,79.0,NORTH,0.0,3.2,1023.5,0,0,0,0,,
2026-01-11,21:30,6.2,2.8,79.0,NORTH,0.0,3.2,1023.67,0,0,0,0,,
2026-01-11,21:45,6.1,2.8,80.0,NORTH,0.0,1.6,1023.98,0,0,0,0,,
2026-01-11,22:00,5.9,2.8,80.0,NORTH,0.0,1.6,1023.94,0,0,0,0,,
2026-01-11,22:15,5.8,2.8,80.0,NORTH,0.0,1.6,1024.11,0,0,0,0,,
2026-01-11,22:30,5.7,2.8,81.0,NORTH,0.0,1.6,1024.28,0,0,0,0,,
2026-01-11,22:45,5.6,2.2,81.0,NORTH,0.0,1.6,1024.21,0,0,0,0,,
2026-01-11,23:00,5.4,2.2,82.0,NORTH,0.0,0.0,1024.28,0,0,0,0,,
2026-01-11,23:15,5.5,2.8,82.0,NORTH,0.0,1.6,1024.42,0,0,0,0,,
2026-01-11,23:30,5.6,2.8,83.0,NORTH,0.0,1.6,1024.35,0,0,0,0,,
2026-01-11,23:45,5.4,2.2,83.0,NORTH,0.0,1.6,1024.69,0,0,0,0,,
2026-01-12,00:00,5.2,2.2,83.0,,1.6,1.6,1024.62,0,0,0,0,,
2026-01-12,00:15,5.2,2.2,83.0,NORTH,0.0,1.6,1024.69,0,0,0,0,,
2026-01-12,00:30,5.1,2.2,83.0,NORTH,0.0,1.6,1024.89,0,0,0,0,,
2026-01-12,00:45,4.9,2.2,83.0,EAST,1.6,1.6,1024.92,0,0,0,0,,
2026-01-12,01:00,4.8,2.2,83.0,NORTH,0.0,1.6,1024.79,0,0,0,0,,
2026-01-12,01:15,4.8,2.2,84.0,SE,1.6,1.6,1024.31,0,0,0,0,,
2026-01-12,01:30,4.8,2.2,84.0,NORTH,0.0,1.6,1024.76,0,0,0,0,,
2026-01-12,01:45,4.7,2.2,84.0,NORTH,0.0,1.6,1024.55,0,0,0,0,,
2026-01-12,02:00,4.5,1.7,84.0,NORTH,0.0,1.6,1024.92,0,0,0,0,,
2026-01-12,02:15,4.4,1.7,84.0,NORTH,0.0,1.6,1024.99,0,0,0,0,,
2026-01-12,02:30,4.3,1.7,84.0,NORTH,0.0,1.6,1025.16,0,0,0,0,,
2026-01-12,02:45,4.3,1.7,85.0,SE,1.6,1.6,1025.33,0,0,0,0,,
2026-01-12,03:00,4.8,2.2,86.0,NORTH,0.0,1.6,1025.13,0,0,0,0,,
2026-01-12,03:15,5.1,2.8,85.0,NORTH,0.0,1.6,1025.16,0,0,0,0,,
2026-01-12,03:30,5.1,2.8,85.0,NORTH,0.0,1.6,1025.2,0,0,0,0,,
2026-01-12,03:45,5.1,2.8,85.0,SE,1.6,1.6,1025.13,0,0,0,0,,
2026-01-12,04:00,5.1,2.8,85.0,ESE,1.6,3.2,1025.33,0,0,0,0,,
2026-01-12,04:15,5.0,2.8,85.0,NORTH,0.0,1.6,1025.13,0,0,0,0,,
2026-01-12,04:30,4.9,2.2,85.0,SE,1.6,1.6,1024.99,0,0,0,0,,
2026-01-12,04:45,5.0,2.8,85.0,NORTH,0.0,1.6,1024.76,0,0,0,0,,
2026-01-12,05:00,5.3,2.8,86.0,NORTH,0.0,1.6,1024.82,0,0,0,0,,
2026-01-12,05:15,5.3,2.8,86.0,NORTH,0.0,1.6,1025.2,0,0,0,0,,
2026-01-12,05:30,5.2,2.8,85.0,SE,1.6,1.6,1025.23,0,0,0,0,,
2026-01-12,05:45,4.8,2.2,85.0,SSE,1.6,1.6,1025.26,0,0,0,0,,
2026-01-12,06:00,4.5,2.2,85.0,NORTH,0.0,1.6,1025.36,0,0,0,0,,
2026-01-12,06:15,4.4,2.2,86.0,SE,1.6,1.6,1025.26,0,0,0,0,,
2026-01-12,06:30,4.4,2.2,86.0,ESE,1.6,3.2,1025.13,0,0,0,0,,
2026-01-12,06:45,4.6,2.2,87.0,SE,1.6,1.6,1025.33,0,0,0,0,,
2026-01-12,07:00,4.5,2.2,87.0,SE,1.6,1.6,1025.23,0,0,0,0,,
2026-01-12,07:15,4.5,2.2,87.0,NORTH,0.0,1.6,1025.47,0,0,0,0,,
2026-01-12,07:30,4.6,2.2,87.0,NORTH,0.0,1.6,1025.67,0,0,0,0,,
2026-01-12,07:45,4.6,2.2,87.0,SE,1.6,1.6,1025.7,0,0,0,0,,
2026-01-12,08:00,4.7,2.8,87.0,ESE,4.8,9.7,1025.91,0,0,0,16,,
2026-01-12,08:15,4.9,2.8,87.0,ESE,6.4,14.5,1025.87,0,0,0,33,,
2026-01-12,08:30,5.2,3.3,87.0,ESE,1.6,12.9,1026.21,0,0,0,54,,
2026-01-12,08:45,5.6,3.3,87.0,ESE,1.6,9.7,1026.28,0,0,0,72,,
2026-01-12,09:00,6.1,3.9,85.0,ESE,1.6,6.4,1026.18,0,0,0,102,,
2026-01-12,09:15,6.4,3.9,85.0,ESE,3.2,9.7,1026.52,0,0,0,155,,
2026-01-12,09:30,7.1,4.4,85.0,NORTH,0.0,3.2,1026.65,0,0,0,178,,
2026-01-12,09:45,7.3,5.0,85.0,NORTH,0.0,0.0,1026.85,0,0,1,271,,
2026-01-12,10:00,8.1,5.0,83.0,ESE,1.6,3.2,1027.06,0,0,1,278,,
2026-01-12,10:15,8.6,5.0,80.0,ESE,1.6,4.8,1027.26,0,0,1,274,,
2026-01-12,10:30,8.7,5.0,78.0,SSE,4.8,11.3,1027.19,0,0,1,367,,
2026-01-12,10:45,9.0,5.0,77.0,SSE,1.6,9.7,1027.19,0,0,1,438,,
2026-01-12,11:00,9.3,5.0,76.0,SSE,1.6,11.3,1027.4,0,0,1,557,,
2026-01-12,11:15,9.2,5.0,76.0,SSE,1.6,11.3,1027.26,0,0,1,494,,
2026-01-12,11:30,9.3,5.0,75.0,SSE,1.6,8.0,1027.13,0,0,1,401,,
2026-01-12,11:45,9.5,5.0,74.0,SSE,3.2,12.9,1027.02,0,0,1,399,,
2026-01-12,12:00,10.2,5.0,72.0,SE,1.6,9.7,1026.72,0,0,2,338,,
2026-01-12,12:15,10.2,5.6,73.0,SSE,1.6,8.0,1026.52,0,0,1,378,,
2026-01-12,12:30,10.3,5.6,73.0,SOUTH,4.8,9.7,1026.18,0,0,2,538,,
2026-01-12,12:45,10.7,6.1,73.0,SE,6.4,11.3,1026.01,0,0,2,526,,
2026-01-12,13:00,10.9,6.1,74.0,NORTH,0.0,8.0,1025.7,0,0,2,512,,
2026-01-12,13:15,11.1,6.1,73.0,NORTH,0.0,8.0,1025.67,0,0,2,483,,
2026-01-12,13:30,11.3,6.7,73.0,WSW,1.6,6.4,1025.47,0,0,2,469,,
2026-01-12,13:45,11.4,6.7,72.0,NORTH,0.0,6.4,1025.3,0,0,2,541,,
2026-01-12,14:00,11.6,6.7,72.0,SSE,8.0,14.5,1025.43,0,0,1,485,,
2026-01-12,14:15,11.6,6.7,72.0,SOUTH,3.2,11.3,1025.4,0,0,1,439,,
2026-01-12,14:30,11.8,6.7,73.0,NORTH,0.0,8.0,1025.26,0,0,1,475,,
2026-01-12,14:45,11.6,6.7,72.0,SW,1.6,6.4,1025.16,0,0,1,367,,
2026-01-12,15:00,11.6,6.7,73.0,SSE,6.4,11.3,1025.09,0,0,1,360,,
2026-01-12,15:15,11.8,7.2,73.0,NORTH,0.0,8.0,1025.4,0,0,1,320,,
2026-01-12,15:30,11.7,7.2,73.0,WEST,11.3,8.0,1025.4,0,0,1,265,,
2026-01-12,15:45,11.4,6.7,74.0,WEST,9.7,16.1,1025.26,0,0,0,211,,
2026-01-12,16:00,11.4,6.7,74.0,NORTH,0.0,8.0,1025.43,0,0,0,171,,
2026-01-12,16:15,11.4,6.7,75.0,NORTH,0.0,4.8,1025.47,0,0,0,128,,
2026-01-12,16:30,11.4,7.2,75.0,WSW,3.2,3.2,1025.3,0,0,0,86,,
2026-01-12,16:45,11.1,6.7,76.0,NORTH,0.0,1.6,1025.23,0,0,0,49,,
2026-01-12,17:00,10.4,6.7,78.0,NORTH,0.0,1.6,1025.16,0,0,0,26,,
2026-01-12,17:15,10.3,6.1,77.0,WSW,3.2,6.4,1025.4,0,0,0,9,,
2026-01-12,17:30,9.4,5.6,78.0,SSW,6.4,8.0,1025.23,0,0,0,0,,
2026-01-12,17:45,8.9,5.0,79.0,SSE,8.0,9.7,1025.4,0,0,0,0,,
2026-01-12,18:00,8.8,5.6,80.0,SSE,3.2,9.7,1025.26,0,0,0,0,,
2026-01-12,18:15,8.9,5.6,80.0,SSE,3.2,6.4,1025.26,0,0,0,0,,
2026-01-12,18:30,9.3,6.1,80.0,SSE,4.8,8.0,1025.36,0,0,0,0,,
2026-01-12,18:45,9.6,6.1,79.0,SSE,8.0,9.7,1025.5,0,0,0,0,,
2026-01-12,19:00,9.7,6.1,78.0,SE,6.4,12.9,1025.3,0,0,0,0,,
2026-01-12,19:15,9.6,5.6,77.0,SE,11.3,14.5,1025.33,0,0,0,0,,
2026-01-12,19:30,9.8,5.6,76.0,SE,6.4,16.1,1025.43,0,0,0,0,,
2026-01-12,19:45,9.9,6.1,78.0,SE,14.5,16.1,1025.4,0,0,0,0,,
2026-01-12,20:00,9.8,6.1,78.0,SE,11.3,16.1,1025.36,0,0,0,0,,
2026-01-12,20:15,9.6,6.1,78.0,SE,14.5,16.1,1025.23,0,0,0,0,,
2026-01-12,20:30,9.3,5.6,80.0,SE,16.1,19.3,1025.33,0,0,0,0,,
2026-01-12,20:45,9.3,6.1,80.0,SE,6.4,16.1,1025.43,0,0,0,0,,
2026-01-12,21:00,9.1,5.6,81.0,SSE,4.8,12.9,1025.43,0,0,0,0,,
2026-01-12,21:15,8.4,5.0,81.0,ESE,1.6,4.8,1025.53,0,0,0,0,,
2026-01-12,21:30,8.1,5.0,82.0,ESE,6.4,9.7,1025.33,0,0,0,0,,
2026-01-12,21:45,8.0,5.0,83.0,ESE,11.3,12.9,1025.33,0,0,0,0,,
2026-01-12,22:00,7.8,5.0,83.0,ESE,4.8,6.4,1025.16,0,0,0,0,,
2026-01-12,22:15,7.8,5.0,84.0,ESE,14.5,14.5,1025.09,0,0,0,0,,
2026-01-12,22:30,7.8,5.0,84.0,ESE,9.7,14.5,1025.33,0,0,0,0,,
2026-01-12,22:45,7.9,5.6,85.0,SE,14.5,16.1,1025.53,0,0,0,0,,
2026-01-12,23:00,8.3,6.1,85.0,SE,12.9,19.3,1025.3,0,0,0,0,,
2026-01-12,23:15,8.2,5.6,86.0,ESE,16.1,17.7,1025.26,0,0,0,0,,
2026-01-12,23:30,8.3,6.1,86.0,ESE,11.3,16.1,1025.3,0,0,0,0,,
2026-01-12,23:45,8.3,6.1,86.0,ESE,11.3,14.5,1025.3,0,0,0,0,,
2026-01-13,00:00,8.2,6.1,86.0,ESE,11.3,16.1,1025.13,0,0,0,0,,
2026-01-13,00:15,8.3,6.1,86.0,ESE,11.3,14.5,1025.03,0,0,0,0,,
2026-01-13,00:30,8.2,5.6,86.0,SE,6.4,16.1,1024.99,0,0,0,0,,
2026-01-13,00:45,8.2,5.6,86.0,SE,11.3,14.5,1024.96,0,0,0,0,,
2026-01-13,01:00,7.8,5.6,86.0,SE,11.3,14.5,1024.59,0,0,0,0,,
2026-01-13,01:15,7.7,5.6,86.0,SE,4.8,14.5,1024.72,0,0,0,0,,
2026-01-13,01:30,7.9,5.6,86.0,ESE,8.0,17.7,1024.52,0,0,0,0,,
2026-01-13,01:45,7.9,5.6,86.0,ESE,9.7,14.5,1024.55,0,0,0,0,,
2026-01-13,02:00,7.7,5.6,86.0,SE,12.9,16.1,1024.31,0,0,0,0,,
2026-01-13,02:15,7.3,5.0,86.0,ESE,9.7,17.7,1024.25,0,0,0,0,,
2026-01-13,02:30,7.2,5.0,86.0,ESE,14.5,19.3,1024.35,0,0,0,0,,
2026-01-13,02:45,7.2,5.0,86.0,ESE,14.5,16.1,1024.25,0,0,0,0,,
2026-01-13,03:00,7.2,5.0,86.0,ESE,11.3,16.1,1024.21,0,0,0,0,,
2026-01-13,03:15,7.2,5.0,86.0,ESE,8.0,16.1,1024.15,0,0,0,0,,
2026-01-13,03:30,7.3,5.0,87.0,SE,11.3,17.7,1023.87,0,0,0,0,,
2026-01-13,03:45,7.4,5.0,87.0,ESE,12.9,14.5,1023.74,0,0,0,0,,
2026-01-13,04:00,7.2,5.0,87.0,SE,6.4,12.9,1023.71,0,0,0,0,,
2026-01-13,04:15,7.3,5.0,87.0,ESE,11.3,14.5,1023.67,0,0,0,0,,
2026-01-13,04:30,7.4,5.6,88.0,ESE,12.9,16.1,1023.54,0,0,0,0,,
2026-01-13,04:45,7.5,5.6,88.0,SE,11.3,16.1,1023.47,0,0,0,0,,
2026-01-13,05:00,7.4,5.6,88.0,SE,11.3,14.5,1023.4,0,0,0,0,,
2026-01-13,05:15,7.6,5.6,88.0,ESE,6.4,16.1,1023.3,0,0,0,0,,
2026-01-13,05:30,7.6,5.6,87.0,ESE,11.3,14.5,1023.23,0,0,0,0,,
2026-01-13,05:45,7.6,5.6,87.0,ESE,9.7,14.5,1023.03,0,0,0,0,,
2026-01-13,06:00,7.7,5.6,87.0,ESE,8.0,14.5,1023.2,0,0,0,0,,
2026-01-13,06:15,7.6,5.6,87.0,ESE,12.9,14.5,1023.16,0,0,0,0,,
2026-01-13,06:30,7.6,5.6,87.0,ESE,11.3,14.5,1023.06,0,0,0,0,,
2026-01-13,06:45,7.4,5.0,87.0,ESE,11.3,14.5,1022.93,0,0,0,0,,
2026-01-13,07:00,7.3,5.0,86.0,ESE,11.3,16.1,1022.93,0,0,0,0,,
2026-01-13,07:15,7.4,5.0,86.0,ESE,12.9,14.5,1022.99,0,0,0,0,,
2026-01-13,07:30,7.7,5.6,86.0,ESE,6.4,17.7,1023.03,0,0,0,0,,
2026-01-13,07:45,7.9,5.6,86.0,SE,12.9,22.5,1022.93,0,0,0,0,,
2026-01-13,08:00,8.1,5.6,85.0,ESE,11.3,27.4,1022.99,0,0,0,12,,
2026-01-13,08:15,7.9,5.6,85.0,SE,14.5,19.3,1022.89,0,0,0,19,,
2026-01-13,08:30,8.2,5.6,84.0,ESE,16.1,17.7,1022.96,0,0,0,91,,
2026-01-13,08:45,8.4,5.6,82.0,ESE,8.0,16.1,1022.86,0,0,0,141,,
2026-01-13,09:00,8.4,5.6,81.0,SE,11.3,14.5,1022.89,0,0,0,188,,
2026-01-13,09:15,8.6,5.6,81.0,ESE,6.4,14.5,1023.06,0,0,0,234,,
2026-01-13,09:30,8.7,5.6,80.0,EAST,17.7,19.3,1022.82,0,0,0,279,,
2026-01-13,09:45,8.8,5.6,80.0,ESE,4.8,19.3,1023.16,0,0,1,318,,
2026-01-13,10:00,9.6,6.1,80.0,ESE,9.7,19.3,1023.23,0,0,1,352,,
2026-01-13,10:15,10.3,6.7,79.0,SE,8.0,17.7,1023.13,0,0,1,383,,
2026-01-13,10:30,10.6,6.7,78.0,ESE,11.3,19.3,1023.03,0,0,1,417,,
2026-01-13,10:45,11.1,7.2,78.0,ESE,4.8,17.7,1023.13,0,0,1,448,,
2026-01-13,11:00,11.4,7.2,78.0,ESE,6.4,19.3,1023.1,0,0,1,471,,
2026-01-13,11:15,11.7,7.8,77.0,ESE,6.4,17.7,1022.99,0,0,1,492,,
2026-01-13,11:30,11.6,7.8,77.0,ESE,6.4,20.9,1022.79,0,0,2,508,,
2026-01-13,11:45,12.1,8.3,78.0,SE,14.5,24.1,1022.55,0,0,2,519,,
2026-01-13,12:00,12.6,8.9,79.0,SE,16.1,29.0,1022.38,0,0,2,529,,
2026-01-13,12:15,12.7,8.9,78.0,SSE,16.1,22.5,1022.35,0,0,2,534,,
2026-01-13,12:30,13.1,8.9,77.0,ESE,1.6,17.7,1022.18,0,0,2,531,,
2026-01-13,12:45,12.9,8.9,77.0,ESE,4.8,16.1,1021.91,0,0,2,536,,
2026-01-13,13:00,12.8,8.9,77.0,SE,8.0,16.1,1021.78,0,0,2,552,,
2026-01-13,13:15,13.4,9.4,77.0,SSE,17.7,17.7,1021.1,0,0,2,508,,
2026-01-13,13:30,13.4,8.9,76.0,SSE,9.7,25.7,1021.1,0,0,2,499,,
2026-01-13,13:45,13.7,9.4,76.0,SSE,8.0,22.5,1021.06,0,0,1,480,,
2026-01-13,14:00,13.5,8.9,74.0,ESE,14.5,25.7,1020.89,0,0,1,462,,
2026-01-13,14:15,13.7,8.9,74.0,SE,16.1,22.5,1020.73,0,0,1,438,,
2026-01-13,14:30,13.7,8.9,74.0,SE,14.5,24.1,1020.56,0,0,1,411,,
2026-01-13,14:45,14.1,9.4,74.0,SE,14.5,19.3,1020.69,0,0,1,380,,
2026-01-13,15:00,13.8,8.9,74.0,SSE,8.0,20.9,1020.69,0,0,1,346,,
2026-01-13,15:15,13.7,8.9,74.0,SSE,12.9,22.5,1020.83,0,0,1,308,,
2026-01-13,15:30,13.4,8.9,75.0,SSE,17.7,20.9,1020.89,0,0,1,271,,
2026-01-13,15:45,13.3,8.9,76.0,SE,12.9,20.9,1020.73,0,0,0,225,,
2026-01-13,16:00,13.3,8.9,77.0,SE,16.1,19.3,1020.79,0,0,0,174,,
2026-01-13,16:15,13.1,8.9,78.0,SE,12.9,20.9,1020.76,0,0,0,127,,
2026-01-13,16:30,12.8,9.4,80.0,SSE,12.9,20.9,1020.76,0,0,0,83,,
2026-01-13,16:45,12.6,9.4,82.0,SE,17.7,19.3,1021,0,0,0,47,,
2026-01-13,17:00,12.3,9.4,82.0,SE,17.7,20.9,1021.1,0,0,0,19,,
2026-01-13,17:15,12.0,8.9,83.0,SE,16.1,19.3,1021.13,0,0,0,9,,
2026-01-13,17:30,11.5,8.3,83.0,SE,8.0,19.3,1021.2,0,0,0,0,,
2026-01-13,17:45,11.2,8.3,84.0,SE,9.7,20.9,1021.33,0,0,0,0,,
2026-01-13,18:00,11.1,8.3,85.0,ESE,14.5,17.7,1021.2,0,0,0,0,,
2026-01-13,18:15,11.0,8.3,86.0,SE,12.9,20.9,1021.3,0,0,0,0,,
2026-01-13,18:30,10.9,8.3,86.0,SE,16.1,20.9,1021.37,0,0,0,0,,
2026-01-13,18:45,10.8,8.3,87.0,SE,12.9,20.9,1021.27,0,0,0,0,,
2026-01-13,19:00,10.6,8.3,87.0,SE,11.3,20.9,1021.47,0,0,0,0,,
2026-01-13,19:15,10.6,8.3,87.0,SE,12.9,20.9,1021.5,0,0,0,0,,
2026-01-13,19:30,10.6,8.3,87.0,SE,12.9,20.9,1021.57,0,0,0,0,,
2026-01-13,19:45,10.4,8.3,87.0,SE,12.9,20.9,1021.71,0,0,0,0,,
2026-01-13,20:00,10.3,8.3,87.0,ESE,11.3,17.7,1021.74,0,0,0,0,,
2026-01-13,20:15,10.2,7.8,87.0,ESE,4.8,17.7,1021.81,0,0,0,0,,
2026-01-13,20:30,10.0,7.8,87.0,ESE,4.8,9.7,1021.81,0,0,0,0,,
2026-01-13,20:45,9.7,7.8,88.0,ESE,6.4,6.4,1021.81,0,0,0,0,,
2026-01-13,21:00,9.4,7.2,88.0,ESE,3.2,9.7,1021.98,0,0,0,0,,
2026-01-13,21:15,9.0,6.7,88.0,ESE,4.8,9.7,1021.94,0,0,0,0,,
2026-01-13,21:30,8.9,6.7,88.0,SE,6.4,12.9,1021.88,0,0,0,0,,
2026-01-13,21:45,8.9,7.2,89.0,SE,11.3,14.5,1021.81,0,0,0,0,,
2026-01-13,22:00,8.8,6.7,89.0,ESE,9.7,12.9,1021.81,0,0,0,0,,
2026-01-13,22:15,8.8,6.7,89.0,SE,6.4,12.9,1021.88,0,0,0,0,,
2026-01-13,22:30,8.8,6.7,89.0,ESE,6.4,12.9,1021.88,0,0,0,0,,
2026-01-13,22:45,8.8,6.7,89.0,ESE,9.7,11.3,1021.84,0,0,0,0,,
2026-01-13,23:00,8.8,6.7,88.0,SE,6.4,12.9,1021.91,0,0,0,0,,
2026-01-13,23:15,8.7,6.7,88.0,ESE,6.4,11.3,1021.94,0,0,0,0,,
2026-01-13,23:30,8.6,6.7,88.0,EAST,4.8,12.9,1021.81,0,0,0,0,,
2026-01-13,23:45,8.4,6.1,88.0,ESE,6.4,11.3,1021.84,0,0,0,0,,
2026-01-14,00:00,8.2,6.1,88.0,ESE,6.4,11.3,1021.98,0,0,0,0,,
2026-01-14,00:15,8.1,6.1,88.0,ESE,3.2,9.7,1021.88,0,0,0,0,,
2026-01-14,00:30,7.8,5.6,88.0,ESE,3.2,6.4,1021.81,0,0,0,0,,
2026-01-14,00:45,7.7,5.6,88.0,ESE,3.2,9.7,1021.57,0,0,0,0,,
2026-01-14,01:00,7.8,6.1,89.0,ESE,6.4,11.3,1021.64,0,0,0,0,,
2026-01-14,01:15,7.8,6.1,89.0,ESE,4.8,12.9,1021.54,0,0,0,0,,
2026-01-14,01:30,7.7,5.6,89.0,EAST,11.3,14.5,1021.33,0,0,0,0,,
2026-01-14,01:45,7.6,5.6,89.0,ESE,9.7,14.5,1021.33,0,0,0,0,,
2026-01-14,02:00,7.6,5.6,89.0,EAST,11.3,14.5,1021.06,0,0,0,0,,
2026-01-14,02:15,7.7,5.6,89.0,EAST,9.7,14.5,1021.2,0,0,0,0,,
2026-01-14,02:30,7.7,6.1,89.0,ESE,11.3,16.1,1021.13,0,0,0,0,,
2026-01-14,02:45,7.7,5.6,89.0,EAST,6.4,14.5,1021.06,0,0,0,0,,
2026-01-14,03:00,7.6,5.6,89.0,EAST,6.4,12.9,1020.89,0,0,0,0,,
2026-01-14,03:15,7.7,5.6,89.0,ESE,9.7,16.1,1021,0,0,0,0,,
2026-01-14,03:30,7.6,5.6,89.0,SE,4.8,14.5,1020.93,0,0,0,0,,
2026-01-14,03:45,7.7,5.6,89.0,ESE,9.7,14.5,1020.62,0,0,0,0,,
2026-01-14,04:00,7.8,6.1,89.0,ESE,8.0,16.1,1020.59,0,0,0,0,,
2026-01-14,04:15,7.7,5.6,89.0,ESE,9.7,17.7,1020.42,0,0,0,0,,
2026-01-14,04:30,7.7,5.6,89.0,EAST,6.4,14.5,1020.39,0,0,0,0,,
2026-01-14,04:45,7.7,5.6,89.0,ESE,6.4,16.1,1020.25,0,0,0,0,,
2026-01-14,05:00,7.7,5.6,88.0,ESE,16.1,16.1,1020.12,0,0,0,0,,
2026-01-14,05:15,7.9,6.1,88.0,ESE,14.5,17.7,1020.22,0,0,0,0,,
2026-01-14,05:30,7.8,5.6,88.0,ESE,3.2,16.1,1020.29,0,0,0,0,,
2026-01-14,05:45,7.8,5.6,88.0,EAST,9.7,17.7,1020.42,0,0,0,0,,
2026-01-14,06:00,7.7,5.6,87.0,ESE,8.0,16.1,1020.45,0,0,0,0,,
2026-01-14,06:15,7.4,5.6,88.0,ESE,4.8,12.9,1020.49,0,0,0,0,,
2026-01-14,06:30,7.7,5.6,88.0,SE,8.0,14.5,1020.69,0,0,0,0,,
2026-01-14,06:45,7.7,5.6,88.0,SE,11.3,14.5,1020.59,0,0,0,0,,
2026-01-14,07:00,7.6,5.6,87.0,ESE,11.3,11.3,1020.73,0,0,0,0,,
2026-01-14,07:15,7.3,5.0,87.0,ESE,3.2,11.3,1020.69,0,0,0,0,,
2026-01-14,07:30,7.2,5.0,88.0,ESE,9.7,12.9,1020.76,0,0,0,0,,
2026-01-14,07:45,7.4,5.6,88.0,ESE,6.4,14.5,1020.73,0,0,0,0,,
2026-01-14,08:00,7.3,5.6,88.0,ESE,9.7,12.9,1020.86,0,0,0,11,,
2026-01-14,08:15,7.4,5.6,89.0,ESE,6.4,12.9,1021.06,0,0,0,21,,
2026-01-14,08:30,7.7,6.1,89.0,ESE,9.7,12.9,1021.37,0,0,0,91,,
2026-01-14,08:45,8.3,6.7,89.0,ESE,11.3,12.9,1021.06,0,0,0,137,,
2026-01-14,09:00,8.9,6.7,88.0,ESE,12.9,17.7,1021,0,0,0,190,,
2026-01-14,09:15,9.3,7.2,87.0,ESE,11.3,19.3,1021.1,0,0,0,239,,
2026-01-14,09:30,9.4,7.2,86.0,EAST,14.5,19.3,1021.37,0,0,0,283,,
2026-01-14,09:45,9.9,7.2,85.0,ESE,16.1,22.5,1021.23,0,0,1,322,,
2026-01-14,10:00,10.2,7.2,84.0,ESE,11.3,25.7,1021.47,0,0,1,359,,
2026-01-14,10:15,10.5,7.8,83.0,EAST,14.5,20.9,1021.3,0,0,1,396,,
2026-01-14,10:30,11.2,7.8,82.0,ESE,12.9,20.9,1021.37,0,0,1,425,,
2026-01-14,10:45,11.7,8.3,80.0,ENE,16.1,19.3,1021.3,0,0,1,455,,
2026-01-14,11:00,12.1,8.3,79.0,EAST,8.0,20.9,1021.2,0,0,1,478,,
2026-01-14,11:15,12.3,8.3,79.0,ESE,11.3,19.3,1021.33,0,0,1,497,,
2026-01-14,11:30,12.7,8.9,78.0,ESE,9.7,16.1,1021.2,0,0,2,513,,
2026-01-14,11:45,12.7,8.9,77.0,EAST,6.4,17.7,1021.06,0,0,2,526,,
2026-01-14,12:00,13.2,8.9,77.0,EAST,9.7,14.5,1020.59,0,0,2,538,,
2026-01-14,12:15,13.3,8.9,76.0,ESE,6.4,14.5,1020.49,0,0,2,541,,
2026-01-14,12:30,13.5,8.9,74.0,SE,4.8,11.3,1020.52,0,0,2,540,,
2026-01-14,12:45,14.1,8.9,73.0,EAST,8.0,12.9,1020.32,0,0,2,534,,
2026-01-14,13:00,14.0,8.9,72.0,ENE,4.8,12.9,1020.45,0,0,2,533,,
2026-01-14,13:15,14.4,9.4,72.0,ESE,4.8,12.9,1020.18,0,0,2,522,,
2026-01-14,13:30,15.0,9.4,70.0,SE,1.6,8.0,1020.18,0,0,2,510,,
2026-01-14,13:45,14.9,8.9,68.0,NORTH,0.0,9.7,1020.01,0,0,2,489,,
2026-01-14,14:00,15.0,8.9,68.0,SSE,6.4,12.9,1019.98,0,0,1,473,,
2026-01-14,14:15,14.9,8.9,67.0,SSE,1.6,14.5,1019.81,0,0,1,446,,
2026-01-14,14:30,15.4,8.9,65.0,SE,4.8,14.5,1019.64,0,0,1,415,,
2026-01-14,14:45,15.2,9.4,69.0,ESE,1.6,9.7,1019.57,0,0,1,388,,
2026-01-14,15:00,15.1,10.0,72.0,ESE,4.8,12.9,1019.71,0,0,1,353,,
2026-01-14,15:15,15.1,10.0,72.0,SSE,8.0,11.3,1019.54,0,0,1,316,,
2026-01-14,15:30,14.8,9.4,72.0,SSE,4.8,12.9,1019.71,0,0,1,274,,
2026-01-14,15:45,14.6,9.4,72.0,SSE,1.6,11.3,1019.74,0,0,0,227,,
2026-01-14,16:00,14.5,9.4,72.0,SSE,6.4,11.3,1019.91,0,0,0,185,,
2026-01-14,16:15,14.4,8.9,70.0,SE,6.4,12.9,1019.71,0,0,0,134,,
2026-01-14,16:30,14.0,8.3,70.0,SSE,4.8,12.9,1019.68,0,0,0,88,,
2026-01-14,16:45,13.8,8.3,71.0,SE,6.4,11.3,1019.64,0,0,0,47,,
2026-01-14,17:00,13.6,8.3,72.0,SE,6.4,11.3,1019.98,0,0,0,19,,
2026-01-14,17:15,13.4,8.3,73.0,SE,8.0,12.9,1019.71,0,0,0,7,,
2026-01-14,17:30,13.3,8.3,74.0,SE,12.9,14.5,1019.78,0,0,0,0,,
2026-01-14,17:45,12.7,8.3,75.0,SE,11.3,16.1,1019.88,0,0,0,0,,
2026-01-14,18:00,12.5,8.3,77.0,SE,12.9,17.7,1020.15,0,0,0,0,,
2026-01-14,18:15,12.2,8.9,80.0,SE,12.9,19.3,1020.15,0,0,0,0,,
2026-01-14,18:30,11.9,8.9,83.0,SE,14.5,19.3,1019.91,0,0,0,0,,
2026-01-14,18:45,11.8,9.4,85.0,SSE,9.7,20.9,1020.15,0,0,0,0,,
2026-01-14,19:00,11.4,8.9,86.0,SE,11.3,20.9,1020.15,0,0,0,0,,
2026-01-14,19:15,11.3,9.4,88.0,SE,14.5,20.9,1020.29,0,0,0,0,,
2026-01-14,19:30,11.2,9.4,89.0,SE,16.1,20.9,1020.42,0,0,0,0,,
2026-01-14,19:45,11.1,8.9,89.0,SE,12.9,22.5,1020.42,0,0,0,0,,
2026-01-14,20:00,10.9,8.9,90.0,SE,11.3,17.7,1020.52,0,0,0,0,,
2026-01-14,20:15,10.9,9.4,90.0,ESE,12.9,20.9,1020.49,0,0,0,0,,
2026-01-14,20:30,10.7,8.9,90.0,SE,6.4,20.9,1020.49,0,0,0,0,,
2026-01-14,20:45,10.7,8.9,90.0,ESE,6.4,16.1,1020.42,0,0,0,0,,
2026-01-14,21:00,10.5,8.9,90.0,ESE,8.0,16.1,1020.39,0,0,0,0,,
2026-01-14,21:15,10.5,8.9,91.0,SE,6.4,14.5,1020.42,0,0,0,0,,
2026-01-14,21:30,10.3,8.9,91.0,ESE,6.4,11.3,1020.42,0,0,0,0,,
2026-01-14,21:45,10.2,8.3,91.0,ESE,4.8,4.8,1020.45,0,0,0,0,,
2026-01-14,22:00,9.6,7.8,91.0,NORTH,0.0,6.4,1020.45,0,0,0,0,,
2026-01-14,22:15,9.1,7.2,90.0,SE,4.8,6.4,1020.49,0,0,0,0,,
2026-01-14,22:30,9.0,7.2,91.0,ESE,6.4,9.7,1020.73,0,0,0,0,,
2026-01-14,22:45,8.7,7.2,91.0,ESE,4.8,9.7,1020.62,0,0,0,0,,
2026-01-14,23:00,8.6,6.7,91.0,ESE,3.2,9.7,1020.49,0,0,0,0,,
2026-01-14,23:15,8.4,6.7,91.0,ESE,3.2,6.4,1020.56,0,0,0,0,,
2026-01-14,23:30,8.6,7.2,91.0,ESE,3.2,6.4,1020.52,0,0,0,0,,
2026-01-14,23:45,8.4,6.7,91.0,ESE,11.3,11.3,1020.62,0,0,0,0,,
2026-01-15,00:00,8.6,7.2,91.0,ESE,1.6,9.7,1020.83,0,0,0,0,,
2026-01-15,00:15,8.2,6.7,91.0,ESE,6.4,6.4,1020.83,0,0,0,0,,
2026-01-15,00:30,8.2,6.7,91.0,ESE,11.3,12.9,1020.93,0,0,0,0,,
2026-01-15,00:45,8.2,6.7,91.0,ESE,3.2,12.9,1020.83,0,0,0,0,,
2026-01-15,01:00,7.9,6.7,91.0,SE,8.0,9.7,1020.79,0,0,0,0,,
2026-01-15,01:15,8.1,6.7,92.0,ESE,11.3,12.9,1020.79,0,0,0,0,,
2026-01-15,01:30,8.0,6.7,92.0,ESE,6.4,12.9,1020.73,0,0,0,0,,
2026-01-15,01:45,7.8,6.1,91.0,ESE,6.4,11.3,1020.39,0,0,0,0,,
2026-01-15,02:00,7.6,6.1,91.0,SE,4.8,12.9,1020.22,0,0,0,0,,
2026-01-15,02:15,7.4,6.1,91.0,SE,6.4,11.3,1020.22,0,0,0,0,,
2026-01-15,02:30,7.4,6.1,92.0,ESE,11.3,11.3,1020.22,0,0,0,0,,
2026-01-15,02:45,7.7,6.1,92.0,ESE,6.4,11.3,1020.08,0,0,0,0,,
2026-01-15,03:00,7.9,6.7,92.0,ESE,3.2,9.7,1020.08,0,0,0,0,,
2026-01-15,03:15,7.9,6.7,92.0,EAST,3.2,6.4,1019.64,0,0,0,0,,
2026-01-15,03:30,7.9,6.7,91.0,ESE,4.8,11.3,1019.68,0,0,0,0,,
2026-01-15,03:45,7.8,6.1,91.0,ESE,6.4,12.9,1019.61,0,0,0,0,,
2026-01-15,04:00,7.7,6.1,91.0,ESE,6.4,12.9,1019.57,0,0,0,0,,
2026-01-15,04:15,7.6,6.1,91.0,ESE,8.0,11.3,1019.3,0,0,0,0,,
2026-01-15,04:30,7.4,5.6,91.0,ESE,4.8,14.5,1019,0,0,0,0,,
2026-01-15,04:45,7.3,5.6,91.0,ESE,4.8,11.3,1019.13,0,0,0,0,,
2026-01-15,05:00,7.3,5.6,91.0,ESE,3.2,11.3,1019.13,0,0,0,0,,
2026-01-15,05:15,7.3,5.6,91.0,SE,6.4,11.3,1019.07,0,0,0,0,,
2026-01-15,05:30,7.2,5.6,91.0,ESE,4.8,9.7,1019.03,0,0,0,0,,
2026-01-15,05:45,7.1,5.6,91.0,ESE,11.3,11.3,1018.9,0,0,0,0,,
2026-01-15,06:00,7.3,5.6,91.0,ESE,8.0,12.9,1019.2,0,0,0,0,,
2026-01-15,06:15,7.8,6.1,90.0,EAST,4.8,14.5,1019.37,0,0,0,0,,
2026-01-15,06:30,8.1,6.1,90.0,ESE,8.0,12.9,1019.61,0,0,0,0,,
2026-01-15,06:45,7.8,6.1,89.0,ESE,9.7,14.5,1019.4,0,0,0,0,,
2026-01-15,07:00,7.7,5.6,89.0,ESE,11.3,12.9,1019.68,0,0,0,0,,
2026-01-15,07:15,7.8,6.1,89.0,ESE,9.7,14.5,1019.81,0,0,0,0,,
2026-01-15,07:30,7.8,6.1,89.0,ESE,6.4,14.5,1019.91,0,0,0,0,,
2026-01-15,07:45,7.6,5.6,89.0,EAST,9.7,16.1,1019.88,0,0,0,0,,
2026-01-15,08:00,7.7,5.6,89.0,ESE,17.7,16.1,1020.05,0,0,0,12,,
2026-01-15,08:15,7.6,5.6,89.0,ESE,12.9,16.1,1019.84,0,0,0,26,,
2026-01-15,08:30,7.7,6.1,90.0,ESE,9.7,14.5,1020.08,0,0,0,44,,
2026-01-15,08:45,8.6,6.7,90.0,ESE,4.8,11.3,1020.05,0,0,0,72,,
2026-01-15,09:00,9.3,7.8,90.0,ESE,6.4,6.4,1020.29,0,0,0,121,,
2026-01-15,09:15,9.7,7.8,89.0,ESE,6.4,14.5,1020.25,0,0,0,105,,
2026-01-15,09:30,10.0,7.8,88.0,ESE,16.1,16.1,1020.18,0,0,0,144,,
2026-01-15,09:45,10.5,8.3,87.0,ESE,12.9,16.1,1020.45,0,0,0,162,,
2026-01-15,10:00,10.8,8.3,86.0,ESE,14.5,17.7,1020.42,0,0,1,297,,
2026-01-15,10:15,11.4,8.9,85.0,EAST,6.4,19.3,1020.62,0,0,1,258,,
2026-01-15,10:30,11.2,8.3,85.0,EAST,11.3,19.3,1020.49,0,0,1,309,,
2026-01-15,10:45,11.6,8.9,84.0,ESE,9.7,17.7,1020.45,0,0,1,318,,
2026-01-15,11:00,11.9,8.9,84.0,ESE,9.7,16.1,1020.45,0,0,1,459,,
2026-01-15,11:15,12.1,8.9,83.0,ESE,11.3,17.7,1020.59,0,0,1,327,,
2026-01-15,11:30,12.3,8.9,82.0,ESE,6.4,14.5,1020.42,0,0,1,466,,
2026-01-15,11:45,12.7,9.4,82.0,EAST,4.8,16.1,1020.49,0,0,1,290,,
2026-01-15,12:00,12.6,9.4,82.0,ESE,3.2,12.9,1020.39,0,0,1,257,,
2026-01-15,12:15,12.9,9.4,82.0,ESE,9.7,16.1,1020.32,0,0,1,318,,
2026-01-15,12:30,13.2,10.0,81.0,EAST,8.0,16.1,1019.81,0,0,1,288,,
2026-01-15,12:45,13.0,9.4,81.0,SE,8.0,17.7,1019.64,0,0,1,276,,
2026-01-15,13:00,13.1,9.4,80.0,SE,8.0,17.7,1019.57,0,0,1,366,,
2026-01-15,13:15,13.5,10.0,80.0,SE,11.3,19.3,1019.51,0,0,2,526,,
2026-01-15,13:30,13.6,10.0,80.0,SSE,6.4,14.5,1019.51,0,0,1,339,,
2026-01-15,13:45,13.4,10.0,81.0,SE,8.0,11.3,1019.44,0,0,1,288,,
2026-01-15,14:00,13.6,10.0,81.0,SE,4.8,12.9,1019.51,0,0,1,380,,
2026-01-15,14:15,13.4,10.6,82.0,SSE,9.7,14.5,1019.17,0,0,1,239,,
2026-01-15,14:30,13.7,10.6,82.0,SE,1.6,14.5,1019.13,0,0,1,396,,
2026-01-15,14:45,13.9,10.6,81.0,SE,8.0,14.5,1018.86,0,0,1,399,,
2026-01-15,15:00,14.1,10.6,80.0,ESE,6.4,14.5,1019.03,0,0,1,420,,
2026-01-15,15:15,14.6,11.1,79.0,ESE,9.7,12.9,1019.03,0,0,1,376,,
2026-01-15,15:30,14.3,10.6,79.0,SE,8.0,19.3,1018.86,0,0,0,288,,
2026-01-15,15:45,14.2,10.6,79.0,EAST,11.3,17.7,1018.49,0,0,0,223,,
2026-01-15,16:00,14.1,10.6,80.0,SE,16.1,14.5,1018.39,0,0,0,169,,
2026-01-15,16:15,13.9,10.6,81.0,SE,8.0,14.5,1018.56,0,0,0,125,,
2026-01-15,16:30,13.8,10.6,82.0,ESE,6.4,14.5,1018.49,0,0,0,47,,
2026-01-15,16:45,13.6,10.6,83.0,SE,9.7,16.1,1018.59,0,0,0,37,,
2026-01-15,17:00,13.3,10.6,84.0,SE,12.9,17.7,1018.42,0,0,0,23,,
2026-01-15,17:15,13.1,10.6,85.0,SE,11.3,16.1,1018.49,0,0,0,11,,
2026-01-15,17:30,12.8,10.0,85.0,SE,12.9,17.7,1018.56,0,0,0,0,,
2026-01-15,17:45,12.4,10.0,86.0,SE,12.9,19.3,1018.66,0,0,0,0,,
2026-01-15,18:00,12.2,10.0,87.0,SE,9.7,22.5,1018.66,0,0,0,0,,
2026-01-15,18:15,11.9,10.0,88.0,SE,14.5,19.3,1018.73,0,0,0,0,,
2026-01-15,18:30,11.7,10.0,89.0,SE,12.9,22.5,1018.76,0,0,0,0,,
2026-01-15,18:45,11.6,10.0,90.0,SE,6.4,20.9,1018.96,0,0,0,0,,
2026-01-15,19:00,11.6,10.0,90.0,SE,6.4,19.3,1019,0,0,0,0,,
2026-01-15,19:15,11.6,10.0,90.0,SE,14.5,19.3,1018.96,0,0,0,0,,
2026-01-15,19:30,11.6,10.0,91.0,SE,8.0,20.9,1019.2,0,0,0,0,,
2026-01-15,19:45,11.6,10.0,91.0,ESE,12.9,19.3,1019.17,0,0,0,0,,
2026-01-15,20:00,11.5,10.0,91.0,SE,6.4,17.7,1019.3,0,0,0,0,,
2026-01-15,20:15,11.6,10.0,91.0,ESE,1.6,12.9,1019.27,0,0,0,0,,
2026-01-15,20:30,11.5,10.0,91.0,ESE,4.8,12.9,1019.34,0,0,0,0,,
2026-01-15,20:45,11.4,10.0,92.0,ESE,4.8,11.3,1019.27,0,0,0,0,,
2026-01-15,21:00,11.3,10.0,92.0,ESE,4.8,9.7,1019.13,0,0,0,0,,
2026-01-15,21:15,11.3,10.0,92.0,EAST,4.8,11.3,1019.17,0,0,0,0,,
2026-01-15,21:30,10.9,9.4,92.0,EAST,6.4,11.3,1019.07,0,0,0,0,,
2026-01-15,21:45,10.7,9.4,92.0,ESE,4.8,6.4,1019.2,0,0,0,0,,
2026-01-15,22:00,10.3,8.9,92.0,ESE,1.6,6.4,1019.1,0,0,0,0,,
2026-01-15,22:15,10.1,8.3,91.0,ESE,3.2,3.2,1018.93,0,0,0,0,,
2026-01-15,22:30,9.7,8.3,91.0,ESE,3.2,6.4,1019.07,0,0,0,0,,
2026-01-15,22:45,9.4,7.8,91.0,ESE,6.4,9.7,1018.9,0,0,0,0,,
2026-01-15,23:00,9.1,7.8,91.0,ESE,4.8,6.4,1018.9,0,0,0,0,,
2026-01-15,23:15,9.1,7.8,91.0,ESE,4.8,9.7,1019.07,0,0,0,0,,
2026-01-15,23:30,8.9,7.2,91.0,SE,4.8,8.0,1019.2,0,0,0,0,,
2026-01-15,23:45,9.0,7.8,92.0,ESE,4.8,11.3,1019.24,0,0,0,0,,
2026-01-16,00:00,9.1,7.8,92.0,ESE,8.0,12.9,1019.03,0,0,0,0,,
2026-01-16,00:15,9.1,7.8,92.0,ESE,6.4,11.3,1018.93,0,0,0,0,,
2026-01-16,00:30,9.0,7.8,92.0,ESE,6.4,11.3,1019.07,0,0,0,0,,
2026-01-16,00:45,9.1,7.8,92.0,ESE,9.7,12.9,1019.07,0,0,0,0,,
2026-01-16,01:00,9.3,7.8,92.0,ESE,4.8,14.5,1019,0,0,0,0,,
2026-01-16,01:15,9.3,7.8,92.0,ESE,4.8,12.9,1018.93,0,0,0,0,,
2026-01-16,01:30,9.4,7.8,92.0,ESE,12.9,17.7,1018.96,0,0,0,0,,
2026-01-16,01:45,9.5,7.8,91.0,ESE,9.7,17.7,1018.76,0,0,0,0,,
2026-01-16,02:00,9.4,7.8,91.0,EAST,3.2,12.9,1018.66,0,0,0,0,,
2026-01-16,02:15,9.5,7.8,91.0,EAST,9.7,14.5,1018.52,0,0,0,0,,
2026-01-16,02:30,9.4,7.8,91.0,ESE,9.7,14.5,1018.63,0,0,0,0,,
2026-01-16,02:45,9.6,7.8,91.0,EAST,9.7,16.1,1018.63,0,0,0,0,,
2026-01-16,03:00,9.9,8.3,91.0,ESE,14.5,19.3,1018.63,0,0,0,0,,
2026-01-16,03:15,10.3,8.9,90.0,EAST,16.1,20.9,1018.42,0,0,0,0,,
2026-01-16,03:30,10.2,8.3,90.0,EAST,12.9,19.3,1018.32,0,0,0,0,,
2026-01-16,03:45,10.1,8.3,90.0,EAST,6.4,17.7,1018.12,0,0,0,0,,
2026-01-16,04:00,10.1,8.3,89.0,EAST,11.3,16.1,1017.85,0,0,0,0,,
2026-01-16,04:15,10.0,8.3,89.0,EAST,12.9,14.5,1017.64,0,0,0,0,,
2026-01-16,04:30,10.2,8.3,90.0,EAST,4.8,14.5,1017.54,0,0,0,0,,
2026-01-16,04:45,10.3,8.3,90.0,ESE,12.9,17.7,1017.24,0,0,0,0,,
2026-01-16,05:00,10.8,8.9,90.0,EAST,9.7,20.9,1017.1,0,0,0,0,,
2026-01-16,05:15,11.0,9.4,90.0,ESE,17.7,25.7,1017,0,0,0,0,,
2026-01-16,05:30,11.1,9.4,89.0,EAST,14.5,20.9,1016.93,0,0,0,0,,
2026-01-16,05:45,11.1,9.4,89.0,ESE,14.5,20.9,1017.1,0,0,0,0,,
2026-01-16,06:00,11.2,9.4,89.0,ENE,11.3,17.7,1017.2,0,0,0,0,,
2026-01-16,06:15,11.2,9.4,89.0,EAST,6.4,17.7,1017.27,0,0,0,0,,
2026-01-16,06:30,11.2,9.4,89.0,EAST,12.9,20.9,1017.14,0,0,0,0,,
2026-01-16,06:45,11.3,9.4,90.0,SE,17.7,25.7,1016.93,0,0,0,0,,
2026-01-16,07:00,11.4,9.4,89.0,ESE,6.4,19.3,1016.83,0,0,0,0,,
2026-01-16,07:15,11.3,9.4,90.0,ESE,11.3,19.3,1016.76,0,0,0,0,,
2026-01-16,07:30,11.3,9.4,90.0,EAST,14.5,19.3,1016.76,0,0,0,0,,
2026-01-16,07:45,11.3,9.4,90.0,ESE,11.3,19.3,1016.86,0,0,0,0,,
2026-01-16,08:00,11.4,9.4,89.0,EAST,12.9,19.3,1017.1,0,0,0,9,,
2026-01-16,08:15,11.4,9.4,89.0,EAST,16.1,17.7,1016.9,0,0,0,19,,
2026-01-16,08:30,11.4,9.4,89.0,EAST,16.1,20.9,1016.76,0,0,0,37,,
2026-01-16,08:45,11.5,9.4,89.0,EAST,12.9,17.7,1016.93,0,0,0,56,,
2026-01-16,09:00,11.8,10.0,90.0,ESE,6.4,16.1,1017.07,0,0,0,58,,
2026-01-16,09:15,12.1,10.0,89.0,ESE,11.3,17.7,1017.1,0,0,0,223,,
2026-01-16,09:30,12.6,10.6,88.0,ESE,14.5,19.3,1016.9,0,0,0,237,,
2026-01-16,09:45,12.8,10.6,88.0,SE,9.7,14.5,1016.97,0,0,0,190,,
2026-01-16,10:00,13.1,10.6,86.0,ESE,3.2,20.9,1017.17,0,0,0,274,,
2026-01-16,10:15,13.2,10.6,85.0,NE,8.0,17.7,1017.2,0,0,1,246,,
2026-01-16,10:30,13.7,11.1,85.0,ESE,8.0,19.3,1017.27,0,0,1,320,,
2026-01-16,10:45,13.6,10.6,84.0,ESE,12.9,19.3,1017.17,0,0,1,230,,
2026-01-16,11:00,13.5,10.6,85.0,ESE,11.3,19.3,1017.51,0,0,1,186,,
2026-01-16,11:15,13.4,10.6,84.0,ESE,12.9,22.5,1017.27,0,0,1,181,,
2026-01-16,11:30,13.4,10.6,85.0,EAST,12.9,20.9,1017.37,0,0,1,148,,
2026-01-16,11:45,13.6,11.1,85.0,ESE,8.0,14.5,1017.27,0,0,0,113,,
2026-01-16,12:00,13.7,10.6,84.0,EAST,12.9,24.1,1016.86,0,0,0,128,,
2026-01-16,12:15,13.8,11.1,84.0,ESE,3.2,14.5,1016.8,0,0,0,113,,
2026-01-16,12:30,13.7,10.6,83.0,SE,11.3,20.9,1016.39,0,0,0,123,,
2026-01-16,12:45,13.7,10.6,83.0,ESE,4.8,20.9,1016.73,0,0,1,158,,
2026-01-16,13:00,14.0,11.1,82.0,ENE,25.7,17.7,1016.53,0,0,1,327,,
2026-01-16,13:15,13.9,10.0,80.0,ENE,8.0,24.1,1016.32,0,0,1,137,,
2026-01-16,13:30,13.7,10.0,79.0,EAST,14.5,20.9,1016.22,0,0,0,102,,
2026-01-16,13:45,13.5,9.4,78.0,ENE,8.0,24.1,1015.98,0,0,0,95,,
2026-01-16,14:00,13.5,9.4,77.0,EAST,6.4,24.1,1015.88,0,0,1,225,,
2026-01-16,14:15,13.7,9.4,76.0,EAST,14.5,29.0,1015.78,0,0,1,241,,
2026-01-16,14:30,13.8,9.4,76.0,EAST,9.7,27.4,1015.82,0,0,1,250,,
2026-01-16,14:45,13.8,9.4,76.0,ENE,17.7,24.1,1015.68,0,0,1,236,,
2026-01-16,15:00,13.8,9.4,76.0,EAST,17.7,22.5,1015.85,0,0,0,155,,
2026-01-16,15:15,13.8,9.4,76.0,EAST,11.3,22.5,1015.68,0,0,0,93,,
2026-01-16,15:30,13.7,9.4,76.0,ENE,14.5,22.5,1015.51,0,0,0,47,,
2026-01-16,15:45,13.4,9.4,77.0,NE,16.1,22.5,1015.41,0,0,0,35,,
2026-01-16,16:00,13.2,8.9,77.0,ENE,22.5,24.1,1015.71,0,0,0,30,,
2026-01-16,16:15,13.2,8.9,76.0,NE,16.1,27.4,1015.68,0,0,0,79,,
2026-01-16,16:30,13.2,8.9,76.0,ESE,19.3,29.0,1015.98,0,0,0,72,,
2026-01-16,16:45,13.1,8.9,77.0,EAST,11.3,25.7,1015.88,0,0,0,18,,
2026-01-16,17:00,13.0,8.9,77.0,ENE,19.3,25.7,1015.78,0,0,0,11,,
2026-01-16,17:15,12.8,8.9,78.0,EAST,17.7,25.7,1015.88,0,0,0,0,,
2026-01-16,17:30,12.7,8.9,79.0,EAST,16.1,22.5,1015.68,0,0,0,0,,
2026-01-16,17:45,12.4,8.9,80.0,ENE,16.1,24.1,1015.78,0,0,0,0,,
2026-01-16,18:00,12.2,8.9,81.0,EAST,14.5,22.5,1015.85,0,0,0,0,,
2026-01-16,18:15,12.2,8.9,81.0,EAST,12.9,20.9,1015.88,0,0,0,0,,
2026-01-16,18:30,12.2,8.9,81.0,ESE,9.7,24.1,1015.95,0,0,0,0,,
2026-01-16,18:45,12.1,8.9,82.0,ENE,8.0,22.5,1015.95,0,0,0,0,,
2026-01-16,19:00,12.0,8.9,82.0,EAST,9.7,19.3,1016.12,0,0,0,0,,
2026-01-16,19:15,11.9,8.9,82.0,EAST,17.7,22.5,1016.22,0,0,0,0,,
2026-01-16,19:30,11.9,8.9,81.0,EAST,16.1,24.1,1015.98,0,0,0,0,,
2026-01-16,19:45,12.0,8.9,81.0,EAST,12.9,25.7,1015.95,0,0,0,0,,
2026-01-16,20:00,12.1,8.9,81.0,EAST,19.3,29.0,1015.92,0,0,0,0,,
2026-01-16,20:15,12.1,8.9,81.0,EAST,6.4,25.7,1015.92,0,0,0,0,,
2026-01-16,20:30,12.1,8.9,82.0,ENE,16.1,20.9,1015.85,0,0,0,0,,
2026-01-16,20:45,12.1,8.9,82.0,ENE,12.9,19.3,1015.82,0,0,0,0,,
2026-01-16,21:00,12.1,8.9,82.0,EAST,14.5,19.3,1015.85,0,0,0,0,,
2026-01-16,21:15,11.9,8.9,82.0,ESE,4.8,17.7,1015.85,0,0,0,0,,
2026-01-16,21:30,11.8,8.9,83.0,NE,11.3,16.1,1015.78,0,0,0,0,,
2026-01-16,21:45,11.8,8.9,84.0,ENE,11.3,22.5,1015.88,0,0,0,0,,
2026-01-16,22:00,11.9,8.9,84.0,ENE,6.4,14.5,1015.95,0,0,0,0,,
2026-01-16,22:15,11.9,8.9,84.0,EAST,12.9,16.1,1015.88,0,0,0,0,,
2026-01-16,22:30,11.8,8.9,85.0,ENE,12.9,20.9,1015.58,0,0,0,0,,
2026-01-16,22:45,11.8,9.4,85.0,ENE,16.1,20.9,1015.61,0,0,0,0,,
2026-01-16,23:00,11.8,9.4,85.0,EAST,12.9,17.7,1016.12,0,0,0,0,,
2026-01-16,23:15,11.9,9.4,85.0,EAST,6.4,20.9,1015.75,0,0,0,0,,
2026-01-16,23:30,11.9,9.4,86.0,ESE,3.2,20.9,1015.65,0,0,0,0,,
2026-01-16,23:45,11.9,9.4,86.0,ESE,8.0,17.7,1015.65,0,0,0,0,,
2026-01-17,00:00,11.9,9.4,86.0,ENE,14.5,19.3,1015.44,0,0,0,0,,
2026-01-17,00:15,11.8,9.4,86.0,ESE,3.2,14.5,1015.51,0,0,0,0,,
2026-01-17,00:30,11.9,9.4,87.0,ENE,11.3,19.3,1015.41,0,0,0,0,,
2026-01-17,00:45,11.7,9.4,87.0,EAST,4.8,14.5,1015.54,0,0,0,0,,
2026-01-17,01:00,11.6,9.4,87.0,NORTH,0.0,9.7,1015.41,0,0,0,0,,
2026-01-17,01:15,11.4,9.4,87.0,EAST,4.8,11.3,1015.24,0,0,0,0,,
2026-01-17,01:30,11.3,8.9,87.0,NE,3.2,12.9,1015.37,0,0,0,0,,
2026-01-17,01:45,11.3,8.9,88.0,EAST,4.8,16.1,1015.31,0,0,0,0,,
2026-01-17,02:00,11.2,8.9,88.0,ENE,17.7,17.7,1015.04,0,0,0,0,,
2026-01-17,02:15,11.3,8.9,87.0,ENE,9.7,20.9,1014.97,0,0,0,0,,
2026-01-17,02:30,11.3,8.9,87.0,EAST,6.4,20.9,1015.07,0,0,0,0,,
2026-01-17,02:45,11.2,8.9,87.0,ENE,12.9,14.5,1014.87,0,0,0,0,,
2026-01-17,03:00,11.2,8.9,87.0,ENE,4.8,16.1,1014.9,0,0,0,0,,
2026-01-17,03:15,11.1,8.9,87.0,ENE,9.7,17.7,1014.63,0,0,0,0,,
2026-01-17,03:30,11.0,8.9,88.0,ENE,3.2,12.9,1014.56,0,0,0,0,,
2026-01-17,03:45,10.8,8.9,88.0,EAST,12.9,17.7,1014.49,0,0,0,0,,
2026-01-17,04:00,10.8,8.9,88.0,ESE,6.4,17.7,1014.39,0,0,0,0,,
2026-01-17,04:15,10.9,8.9,88.0,ESE,6.4,20.9,1014.43,0,0,0,0,,
2026-01-17,04:30,10.9,8.9,88.0,ESE,9.7,17.7,1014.43,0,0,0,0,,
2026-01-17,04:45,10.8,8.3,87.0,ESE,6.4,14.5,1014.46,0,0,0,0,,
2026-01-17,05:00,10.8,8.3,87.0,ESE,4.8,16.1,1014.26,0,0,0,0,,
2026-01-17,05:15,10.7,8.3,87.0,ESE,8.0,16.1,1014.36,0,0,0,0,,
2026-01-17,05:30,10.7,8.3,87.0,ESE,3.2,14.5,1014.46,0,0,0,0,,
2026-01-17,05:45,10.5,8.3,88.0,EAST,11.3,16.1,1014.22,0,0,0,0,,
2026-01-17,06:00,10.7,8.3,87.0,EAST,11.3,19.3,1014.39,0,0,0,0,,
2026-01-17,06:15,10.8,8.3,87.0,ESE,3.2,24.1,1014.6,0,0,0,0,,
2026-01-17,06:30,10.7,8.3,87.0,ESE,6.4,16.1,1014.46,0,0,0,0,,
2026-01-17,06:45,10.8,8.9,87.0,ESE,4.8,12.9,1014.33,0,0,0,0,,
2026-01-17,07:00,10.9,8.9,87.0,EAST,6.4,11.3,1014.49,0,0,0,0,,
2026-01-17,07:15,10.8,8.3,87.0,EAST,8.0,12.9,1014.53,0,0,0,0,,
2026-01-17,07:30,10.8,8.9,87.0,ESE,9.7,12.9,1014.53,0,0,0,0,,
2026-01-17,07:45,10.9,8.9,87.0,SE,6.4,14.5,1014.43,0,0,0,0,,
2026-01-17,08:00,11.0,8.9,87.0,EAST,3.2,12.9,1014.39,0,0,0,7,,
2026-01-17,08:15,11.2,8.9,87.0,EAST,12.9,16.1,1014.39,0,0,0,9,,
2026-01-17,08:30,11.4,8.9,87.0,ESE,14.5,11.3,1014.43,0,0,0,14,,
2026-01-17,08:45,11.5,9.4,87.0,EAST,3.2,12.9,1014.29,0,0,0,23,,
2026-01-17,09:00,11.7,9.4,86.0,ENE,11.3,14.5,1014.39,0,0,0,28,,
2026-01-17,09:15,11.8,9.4,86.0,SE,4.8,9.7,1014.43,0,0,0,30,,
2026-01-17,09:30,11.9,9.4,86.0,ESE,4.8,11.3,1014.39,0,0,0,77,,
2026-01-17,09:45,12.1,9.4,86.0,ESE,4.8,6.4,1014.7,0,0,0,19,,
2026-01-17,10:00,12.1,9.4,86.0,ESE,11.3,11.3,1014.8,0,0,0,53,,
2026-01-17,10:15,12.1,9.4,86.0,ESE,11.3,17.7,1014.83,0,0,0,105,,
2026-01-17,10:30,12.4,10.0,87.0,NORTH,0.0,17.7,1014.73,0,0,1,241,,
2026-01-17,10:45,13.2,10.6,84.0,EAST,1.6,20.9,1014.7,0,0,1,425,,
2026-01-17,11:00,13.9,10.6,82.0,ESE,17.7,22.5,1014.73,0,0,1,455,,
2026-01-17,11:15,13.7,10.6,82.0,ESE,16.1,27.4,1014.56,0,0,1,142,,
2026-01-17,11:30,13.6,10.6,82.0,ESE,24.1,22.5,1014.49,0,0,1,167,,
2026-01-17,11:45,13.6,10.6,82.0,ESE,11.3,25.7,1014.39,0,0,0,72,,
2026-01-17,12:00,13.2,10.0,82.0,SE,11.3,25.7,1014.39,0,0,0,116,,
2026-01-17,12:15,13.9,10.6,82.0,EAST,3.2,19.3,1014.12,0,0,2,580,,
2026-01-17,12:30,14.5,10.6,79.0,ESE,22.5,33.8,1014.02,0,0,2,722,,
2026-01-17,12:45,14.4,10.0,77.0,ESE,19.3,32.2,1013.75,0,0,2,272,,
2026-01-17,13:00,14.4,10.0,74.0,ESE,12.9,30.6,1013.72,0,0,2,218,,
2026-01-17,13:15,14.4,9.4,74.0,ESE,14.5,33.8,1013.55,0,0,1,162,,
2026-01-17,13:30,14.4,9.4,74.0,SE,25.7,45.1,1013.44,0,0,1,271,,
2026-01-17,13:45,14.5,10.0,74.0,ESE,22.5,37.0,1013.44,0,0,1,387,,
2026-01-17,14:00,14.2,9.4,75.0,ESE,17.7,33.8,1013.31,0,0,1,192,,
2026-01-17,14:15,13.8,9.4,75.0,SE,20.9,32.2,1013.28,0,0,1,156,,
2026-01-17,14:30,13.7,9.4,75.0,ESE,17.7,30.6,1013.17,0,0,0,111,,
2026-01-17,14:45,13.8,10.0,77.0,SE,20.9,30.6,1013.11,0,0,1,174,,
2026-01-17,15:00,13.7,9.4,77.0,SE,20.9,27.4,1013.11,0,0,0,156,,
2026-01-17,15:15,13.7,10.0,78.0,EAST,20.9,25.7,1013.07,0,0,0,163,,
2026-01-17,15:30,13.5,9.4,78.0,ESE,12.9,27.4,1013.17,0,0,0,58,,
2026-01-17,15:45,13.2,9.4,79.0,ESE,11.3,24.1,1013.17,0,0,0,42,,
2026-01-17,16:00,12.9,9.4,80.0,EAST,11.3,20.9,1013.34,0,0,0,25,,
2026-01-17,16:15,12.6,9.4,82.0,ESE,11.3,22.5,1013.44,0,0,0,12,,
2026-01-17,16:30,12.4,9.4,83.0,EAST,17.7,27.4,1013.38,0,0,0,7,,
2026-01-17,16:45,12.1,9.4,85.0,ESE,11.3,20.9,1013.51,0,0,0,19,,
2026-01-17,17:00,12.0,9.4,86.0,EAST,14.5,22.5,1013.41,0.25,0.25,0,12,,
2026-01-17,17:15,11.8,9.4,87.0,EAST,16.1,20.9,1013.44,0.25,0.25,0,9,,
2026-01-17,17:30,11.7,9.4,88.0,ESE,12.9,17.7,1013.31,0.51,0.51,0,0,,
2026-01-17,17:45,11.6,9.4,89.0,ESE,12.9,16.1,1013.31,0.51,0.51,0,0,,
2026-01-17,18:00,11.4,9.4,89.0,ESE,12.9,17.7,1013.48,0.51,0.25,0,0,,
2026-01-17,18:15,11.3,9.4,89.0,EAST,17.7,17.7,1013.82,0.51,0.25,0,0,,
2026-01-17,18:30,11.4,9.4,90.0,EAST,6.4,19.3,1013.82,0.51,0,0,0,,
2026-01-17,18:45,11.4,9.4,90.0,ESE,12.9,17.7,1013.95,0.51,0,0,0,,
2026-01-17,19:00,11.2,9.4,90.0,ESE,6.4,17.7,1014.05,0.51,0,0,0,,
2026-01-17,19:15,11.0,9.4,90.0,EAST,6.4,14.5,1014.02,0.51,0,0,0,,
2026-01-17,19:30,10.9,9.4,90.0,ESE,12.9,20.9,1014.16,0.51,0,0,0,,
2026-01-17,19:45,10.9,8.9,90.0,ESE,12.9,24.1,1014.12,0.51,0,0,0,,
2026-01-17,20:00,11.1,9.4,89.0,SE,12.9,27.4,1014.36,0.51,0,0,0,,
2026-01-17,20:15,11.2,9.4,89.0,SE,12.9,22.5,1014.43,0.51,0,0,0,,
2026-01-17,20:30,11.2,8.9,88.0,ESE,11.3,27.4,1014.73,0.51,0,0,0,,
2026-01-17,20:45,11.2,8.9,88.0,SE,12.9,24.1,1014.49,0.51,0,0,0,,
2026-01-17,21:00,11.1,8.9,87.0,ESE,11.3,20.9,1014.39,0.51,0,0,0,,
2026-01-17,21:15,11.0,8.9,87.0,ESE,1.6,16.1,1014.53,0.51,0,0,0,,
2026-01-17,21:30,10.9,8.9,87.0,ESE,12.9,19.3,1014.36,0.51,0,0,0,,
2026-01-17,21:45,10.8,8.3,87.0,ESE,12.9,16.1,1014.33,0.51,0,0,0,,
2026-01-17,22:00,10.8,8.3,87.0,EAST,6.4,16.1,1014.46,0.51,0,0,0,,
2026-01-17,22:15,10.8,8.9,87.0,EAST,11.3,19.3,1014.53,0.51,0,0,0,,
2026-01-17,22:30,10.9,8.9,88.0,ESE,12.9,17.7,1014.49,0.51,0,0,0,,
2026-01-17,22:45,10.9,8.9,88.0,EAST,16.1,19.3,1014.46,0.51,0,0,0,,
2026-01-17,23:00,10.8,8.9,88.0,EAST,12.9,19.3,1014.53,0.51,0,0,0,,
2026-01-17,23:15,10.8,8.9,89.0,EAST,11.3,19.3,1014.6,0.51,0,0,0,,
2026-01-17,23:30,10.9,8.9,89.0,EAST,14.5,20.9,1014.53,0.51,0,0,0,,
2026-01-17,23:45,10.9,8.9,89.0,EAST,11.3,20.9,1014.63,0.51,0,0,0,,
2026-01-18,00:00,11.0,8.9,89.0,ESE,14.5,20.9,1014.46,0,0,0,0,,
2026-01-18,00:15,10.9,8.9,89.0,ESE,6.4,16.1,1014.56,0,0,0,0,,
2026-01-18,00:30,10.9,8.9,89.0,ESE,11.3,14.5,1014.43,0,0,0,0,,
2026-01-18,00:45,10.9,8.9,89.0,ESE,14.5,16.1,1014.39,0,0,0,0,,
2026-01-18,01:00,10.9,8.9,90.0,ESE,6.4,14.5,1014.26,0,0,0,0,,
2026-01-18,01:15,10.8,8.9,90.0,SE,12.9,20.9,1014.02,0,0,0,0,,
2026-01-18,01:30,11.0,9.4,90.0,ESE,9.7,20.9,1014.09,0,0,0,0,,
2026-01-18,01:45,10.9,9.4,90.0,SE,17.7,19.3,1013.92,0,0,0,0,,
2026-01-18,02:00,10.9,8.9,90.0,EAST,12.9,17.7,1013.99,0,0,0,0,,
2026-01-18,02:15,10.9,9.4,90.0,ESE,14.5,19.3,1014.09,0,0,0,0,,
2026-01-18,02:30,11.0,9.4,90.0,EAST,14.5,20.9,1014.16,0,0,0,0,,
2026-01-18,02:45,11.1,9.4,90.0,ESE,4.8,19.3,1014.16,0,0,0,0,,
2026-01-18,03:00,10.9,8.9,89.0,ESE,4.8,17.7,1014.29,0,0,0,0,,
2026-01-18,03:15,10.9,8.9,89.0,SE,3.2,12.9,1014.16,0,0,0,0,,
2026-01-18,03:30,10.8,8.9,89.0,ESE,11.3,12.9,1014.05,0,0,0,0,,
2026-01-18,03:45,10.9,8.9,89.0,ESE,4.8,17.7,1014.02,0,0,0,0,,
2026-01-18,04:00,10.8,8.9,89.0,ESE,8.0,17.7,1014.02,0,0,0,0,,
2026-01-18,04:15,10.8,8.9,89.0,EAST,12.9,14.5,1014.02,0,0,0,0,,
2026-01-18,04:30,10.9,8.9,89.0,ESE,16.1,22.5,1013.65,0,0,0,0,,
2026-01-18,04:45,10.9,8.9,88.0,ESE,4.8,17.7,1013.82,0,0,0,0,,
2026-01-18,05:00,10.9,8.9,88.0,ESE,3.2,16.1,1013.82,0,0,0,0,,
2026-01-18,05:15,10.8,8.9,88.0,EAST,6.4,19.3,1013.55,0,0,0,0,,
2026-01-18,05:30,10.7,8.9,88.0,EAST,14.5,20.9,1013.61,0,0,0,0,,
2026-01-18,05:45,10.6,8.3,88.0,EAST,8.0,19.3,1013.55,0,0,0,0,,
2026-01-18,06:00,10.6,8.3,88.0,EAST,16.1,19.3,1013.75,0,0,0,0,,
2026-01-18,06:15,10.6,8.3,88.0,ENE,11.3,19.3,1013.72,0,0,0,0,,
2026-01-18,06:30,10.5,8.3,88.0,EAST,14.5,19.3,1013.72,0,0,0,0,,
2026-01-18,06:45,10.4,8.3,88.0,EAST,12.9,17.7,1013.68,0,0,0,0,,
2026-01-18,07:00,10.4,8.3,88.0,EAST,12.9,17.7,1013.88,0,0,0,0,,
2026-01-18,07:15,10.4,8.3,89.0,ENE,11.3,16.1,1014.05,0,0,0,0,,
2026-01-18,07:30,10.4,8.3,88.0,ENE,14.5,17.7,1014.16,0,0,0,0,,
2026-01-18,07:45,10.4,8.3,89.0,EAST,8.0,14.5,1014.29,0,0,0,0,,
2026-01-18,08:00,10.5,8.3,89.0,EAST,9.7,19.3,1014.43,0,0,0,9,,
2026-01-18,08:15,10.6,8.3,89.0,EAST,14.5,20.9,1014.19,0,0,0,19,,
2026-01-18,08:30,10.8,8.9,89.0,ENE,12.9,20.9,1014.29,0,0,0,35,,
2026-01-18,08:45,10.9,8.9,89.0,ESE,11.3,20.9,1014.36,0,0,0,60,,
2026-01-18,09:00,10.9,8.9,88.0,EAST,14.5,19.3,1014.33,0,0,0,77,,
2026-01-18,09:15,10.9,8.9,88.0,ESE,14.5,19.3,1014.46,0,0,0,81,,
2026-01-18,09:30,10.9,8.9,88.0,ESE,17.7,19.3,1014.53,0,0,0,74,,
2026-01-18,09:45,11.1,8.9,88.0,EAST,17.7,20.9,1014.7,0,0,0,97,,
2026-01-18,10:00,11.3,9.4,88.0,EAST,11.3,19.3,1014.7,0,0,0,79,,
2026-01-18,10:15,11.4,9.4,88.0,ENE,9.7,19.3,1014.9,0,0,0,91,,
2026-01-18,10:30,11.6,9.4,88.0,ESE,9.7,24.1,1015.07,0,0,1,148,,
2026-01-18,10:45,11.8,9.4,86.0,ESE,12.9,24.1,1015.07,0,0,1,186,,
2026-01-18,11:00,12.2,9.4,83.0,EAST,6.4,16.1,1015.21,0,0,1,163,,
2026-01-18,11:15,11.9,8.9,82.0,ENE,14.5,19.3,1014.93,0,0,1,246,,
2026-01-18,11:30,11.9,8.9,82.0,ESE,4.8,22.5,1014.9,0,0,1,274,,
2026-01-18,11:45,12.3,8.9,81.0,EAST,20.9,25.7,1014.66,0,0,2,503,,
2026-01-18,12:00,11.8,8.3,82.0,EAST,19.3,29.0,1014.66,0,0,1,341,,
2026-01-18,12:15,12.3,8.9,80.0,ESE,22.5,30.6,1014.33,0,0,2,496,,
2026-01-18,12:30,12.6,8.9,80.0,EAST,11.3,27.4,1014.19,0,0,1,429,,
2026-01-18,12:45,12.6,8.9,80.0,EAST,12.9,20.9,1014.16,0,0,1,339,,
2026-01-18,13:00,12.9,9.4,81.0,ESE,12.9,19.3,1013.92,0,0,1,267,,
2026-01-18,13:15,13.7,10.0,80.0,SE,8.0,20.9,1013.55,0,0,1,425,,
2026-01-18,13:30,13.8,9.4,77.0,SSE,14.5,40.2,1013.58,0,0,1,410,,
2026-01-18,13:45,13.9,9.4,76.0,SE,12.9,38.6,1013.31,0,0,1,225,,
2026-01-18,14:00,13.4,9.4,78.0,ESE,9.7,24.1,1013.24,0,0,1,178,,
2026-01-18,14:15,13.3,9.4,77.0,ESE,20.9,32.2,1012.84,0,0,1,276,,
2026-01-18,14:30,13.2,10.0,81.0,SE,12.9,20.9,1012.9,0,0,1,206,,
2026-01-18,14:45,13.1,10.0,83.0,ESE,11.3,22.5,1012.73,0,0,1,192,,
2026-01-18,15:00,13.3,8.9,75.0,SE,20.9,40.2,1012.8,0,0,1,248,,
2026-01-18,15:15,13.4,8.9,74.0,SE,17.7,30.6,1012.8,0,0,0,207,,
2026-01-18,15:30,13.2,8.9,75.0,SE,16.1,30.6,1012.84,0,0,0,179,,
2026-01-18,15:45,12.9,8.3,75.0,ESE,8.0,30.6,1012.8,0,0,0,139,,
2026-01-18,16:00,12.8,8.3,76.0,ESE,12.9,22.5,1012.63,0,0,0,109,,
2026-01-18,16:15,12.6,8.3,77.0,SE,16.1,27.4,1012.36,0,0,0,79,,
2026-01-18,16:30,12.5,8.3,77.0,SSE,9.7,27.4,1012.73,0,0,0,60,,
2026-01-18,16:45,12.4,8.3,78.0,SE,6.4,19.3,1012.53,0,0,0,44,,
2026-01-18,17:00,12.2,8.3,78.0,EAST,6.4,22.5,1012.39,0,0,0,21,,
2026-01-18,17:15,11.9,8.3,79.0,ESE,4.8,20.9,1012.67,0,0,0,7,,
2026-01-18,17:30,11.7,8.3,80.0,EAST,11.3,16.1,1012.77,0,0,0,0,,
2026-01-18,17:45,11.4,8.3,81.0,ESE,6.4,20.9,1012.6,0,0,0,0,,
2026-01-18,18:00,11.2,7.8,82.0,ESE,14.5,19.3,1012.39,0,0,0,0,,
2026-01-18,18:15,11.2,8.3,82.0,ESE,14.5,17.7,1012.67,0,0,0,0,,
2026-01-18,18:30,11.2,8.3,83.0,ESE,11.3,24.1,1012.87,0,0,0,0,,
2026-01-18,18:45,11.3,8.3,84.0,SE,4.8,27.4,1013.07,0,0,0,0,,
2026-01-18,19:15,11.1,8.3,84.0,ESE,3.2,20.9,1013.11,0,0,0,0,,
2026-01-18,19:30,11.1,8.3,85.0,EAST,4.8,20.9,1013.28,0,0,0,0,,
2026-01-18,19:45,10.8,7.8,84.0,ESE,6.4,19.3,1013.55,0,0,0,0,,
2026-01-18,20:00,10.7,7.8,83.0,ESE,9.7,22.5,1013.61,0,0,0,0,,
2026-01-18,20:15,10.8,7.8,82.0,SE,8.0,19.3,1013.65,0,0,0,0,,
2026-01-18,20:30,11.1,7.8,83.0,EAST,12.9,19.3,1013.44,0,0,0,0,,
2026-01-18,20:45,11.3,8.3,84.0,EAST,12.9,19.3,1013.82,0,0,0,0,,
2026-01-18,21:00,11.2,8.3,84.0,EAST,14.5,20.9,1013.68,0,0,0,0,,
2026-01-18,21:15,11.2,8.3,85.0,EAST,11.3,17.7,1013.48,0,0,0,0,,
2026-01-18,21:30,11.1,8.9,86.0,EAST,12.9,20.9,1013.51,0,0,0,0,,
2026-01-18,21:45,11.0,8.9,87.0,EAST,12.9,22.5,1013.38,0,0,0,0,,
2026-01-18,22:00,10.9,8.9,87.0,EAST,14.5,20.9,1013.44,0,0,0,0,,
2026-01-18,22:15,10.8,8.3,87.0,ENE,9.7,24.1,1013.51,0,0,0,0,,
2026-01-18,22:30,10.6,8.3,87.0,ENE,14.5,20.9,1013.38,0,0,0,0,,
2026-01-18,22:45,10.6,8.3,86.0,EAST,14.5,20.9,1013.51,0,0,0,0,,
2026-01-18,23:00,10.5,8.3,86.0,ESE,14.5,19.3,1013.38,0,0,0,0,,
2026-01-18,23:15,10.4,7.8,86.0,EAST,6.4,20.9,1013.41,0,0,0,0,,
2026-01-18,23:30,10.5,8.3,86.0,EAST,9.7,16.1,1013.34,0,0,0,0,,
2026-01-18,23:45,10.6,8.3,86.0,ESE,19.3,20.9,1013.34,0,0,0,0,,
2026-01-19,00:00,10.8,8.3,85.0,EAST,12.9,24.1,1013.31,0,0,0,0,,
2026-01-19,00:15,10.9,8.3,86.0,ENE,14.5,22.5,1013.11,0,0,0,0,,
2026-01-19,00:30,10.7,8.3,86.0,EAST,11.3,17.7,1013.17,0,0,0,0,,
2026-01-19,00:45,10.7,7.8,84.0,ENE,19.3,24.1,1012.97,0,0,0,0,,
2026-01-19,01:00,10.8,7.8,83.0,EAST,8.0,20.9,1012.84,0,0,0,0,,
2026-01-19,01:15,10.7,7.8,84.0,ENE,19.3,20.9,1012.7,0,0,0,0,,
2026-01-19,01:30,10.6,8.3,86.0,ENE,12.9,20.9,1012.67,0.25,0.25,0,0,,
2026-01-19,01:45,10.5,8.3,88.0,ENE,16.1,20.9,1012.63,0.76,0.76,0,0,,
2026-01-19,02:00,10.4,8.3,89.0,ENE,24.1,25.7,1012.9,1.52,1.52,0,0,,
2026-01-19,02:15,10.2,8.3,90.0,ESE,12.9,25.7,1012.73,3.05,3.05,0,0,,
2026-01-19,02:30,10.1,8.3,90.0,EAST,4.8,17.7,1012.5,3.05,2.79,0,0,,
2026-01-19,02:45,10.0,8.3,91.0,EAST,11.3,12.9,1012.19,3.05,2.29,0,0,,
2026-01-19,03:00,10.1,8.3,91.0,NNE,9.7,14.5,1012.19,3.3,1.52,0,0,,
2026-01-19,03:15,10.2,8.9,91.0,EAST,8.0,12.9,1011.92,3.81,0.76,0,0,,
2026-01-19,03:30,10.3,8.9,91.0,ENE,3.2,9.7,1011.68,4.06,1.02,0,0,,
2026-01-19,03:45,10.3,8.9,92.0,EAST,1.6,9.7,1011.51,4.32,1.27,0,0,,
2026-01-19,04:00,9.8,8.3,91.0,SE,12.9,30.6,1011.92,6.6,3.3,0,0,,
2026-01-19,04:15,9.4,7.8,92.0,ESE,6.4,20.9,1011.72,10.41,6.6,0,0,,
2026-01-19,04:30,9.4,7.8,92.0,SE,3.2,8.0,1011.38,11.68,7.87,0,0,,
2026-01-19,04:45,9.4,7.8,92.0,SE,3.2,8.0,1011.28,11.68,7.62,0,0,,
2026-01-19,05:00,9.4,7.8,92.0,ESE,4.8,11.3,1011.48,11.68,5.08,0,0,,
2026-01-19,05:15,9.4,7.8,92.0,SE,4.8,8.0,1010.9,11.68,1.52,0,0,,
2026-01-19,05:30,9.4,7.8,92.0,SSE,8.0,16.1,1010.57,12.19,0.51,0,0,,
2026-01-19,05:45,9.5,8.3,92.0,SE,4.8,19.3,1010.67,13.72,1.78,0,0,,
2026-01-19,06:00,9.4,7.8,92.0,SE,4.8,14.5,1010.57,13.97,2.29,0,0,,
2026-01-19,06:15,9.4,7.8,92.0,SE,3.2,6.4,1010.74,14.48,2.54,0,0,,
2026-01-19,06:30,9.3,7.8,92.0,NORTH,0.0,9.7,1010.74,14.73,2.54,0,0,,
2026-01-19,06:45,9.2,7.8,92.0,EAST,1.6,6.4,1010.74,14.99,1.52,0,0,,
2026-01-19,07:00,9.3,7.8,92.0,ENE,3.2,16.1,1010.7,16,2.03,0,0,,
2026-01-19,07:15,9.3,7.8,92.0,EAST,3.2,8.0,1010.57,16.51,2.03,0,0,,
2026-01-19,07:30,9.2,7.8,93.0,EAST,1.6,9.7,1010.63,16.51,1.52,0,0,,
2026-01-19,07:45,9.1,7.8,93.0,NORTH,0.0,8.0,1010.3,16.51,1.52,0,0,,
2026-01-19,08:00,9.1,7.8,93.0,NORTH,0.0,6.4,1010.36,17.02,0.76,0,0,,
2026-01-19,08:15,9.1,7.8,93.0,NNE,1.6,6.4,1010.46,17.53,1.02,0,0,,
2026-01-19,08:30,9.1,7.8,93.0,NE,1.6,4.8,1010.53,18.8,2.29,0,0,,
2026-01-19,08:45,9.3,8.3,93.0,EAST,3.2,11.3,1010.53,19.3,2.54,0,28,,
2026-01-19,09:00,9.4,8.3,93.0,ESE,3.2,8.0,1010.33,19.56,2.29,0,25,,
2026-01-19,09:15,9.4,8.3,93.0,EAST,3.2,4.8,1010.33,19.56,2.29,0,28,,
2026-01-19,09:30,9.7,8.3,93.0,NORTH,0.0,11.3,1009.85,19.56,0.76,0,49,,
2026-01-19,09:45,10.1,8.9,94.0,EAST,19.3,24.1,1010.06,19.56,0.51,0,53,,
2026-01-19,10:00,10.4,9.4,93.0,ENE,14.5,24.1,1009.72,19.56,0,0,58,,
2026-01-19,10:15,10.6,9.4,93.0,EAST,17.7,30.6,1009.69,19.56,0,0,58,,
2026-01-19,10:30,10.7,9.4,92.0,EAST,32.2,29.0,1009.65,19.56,0,0,60,,
2026-01-19,10:45,11.1,9.4,90.0,EAST,16.1,29.0,1009.28,19.56,0,0,47,,
2026-01-19,11:00,11.3,9.4,89.0,EAST,20.9,30.6,1008.94,19.56,0,0,54,,
2026-01-19,11:15,11.4,9.4,88.0,EAST,19.3,37.0,1008.74,19.56,0,0,32,,
2026-01-19,11:30,11.5,9.4,88.0,ESE,16.1,32.2,1008.67,19.56,0,0,37,,
2026-01-19,11:45,11.7,9.4,86.0,ENE,25.7,43.5,1008.26,19.56,0,0,28,,
2026-01-19,12:00,11.9,9.4,84.0,EAST,14.5,43.5,1008.13,19.56,0,0,18,,
2026-01-19,12:15,11.6,8.9,85.0,SSE,20.9,33.8,1008.43,20.32,0.76,0,7,,
2026-01-19,12:30,10.6,8.3,87.0,ESE,16.1,37.0,1008.53,23.11,3.3,0,16,,
2026-01-19,12:45,9.8,7.8,89.0,ESE,16.1,37.0,1008.36,24.13,4.57,0,9,,
2026-01-19,13:00,9.4,7.8,90.0,EAST,19.3,24.1,1008.3,25.15,5.59,0,7,,
2026-01-19,13:15,9.2,7.8,90.0,EAST,6.4,20.9,1007.86,26.42,5.84,0,16,,
2026-01-19,13:30,9.2,7.8,91.0,ENE,8.0,20.9,1008.03,26.67,3.56,0,33,,
2026-01-19,13:45,9.2,7.8,92.0,EAST,11.3,19.3,1008.13,26.92,2.79,0,18,,
2026-01-19,14:00,9.1,7.8,92.0,EAST,17.7,29.0,1007.72,27.69,2.29,0,25,,
2026-01-19,14:15,9.1,7.8,92.0,ENE,14.5,25.7,1007.69,28.45,2.03,0,18,,
2026-01-19,14:30,9.2,7.8,92.0,EAST,11.3,33.8,1007.52,28.96,2.29,0,37,,
2026-01-19,14:45,9.4,7.8,91.0,EAST,24.1,27.4,1007.79,29.46,2.29,0,23,,
2026-01-19,15:00,9.4,7.8,91.0,ESE,17.7,24.1,1007.86,29.97,2.29,0,18,,
2026-01-19,15:15,9.6,7.8,91.0,ESE,12.9,25.7,1007.82,30.73,2.29,0,19,,
2026-01-19,15:30,9.4,7.8,91.0,EAST,4.8,22.5,1007.52,31.5,2.54,0,16,,
2026-01-19,15:45,9.4,7.8,91.0,EAST,25.7,32.2,1007.35,32,2.54,0,12,,
2026-01-19,16:00,9.6,7.8,91.0,EAST,20.9,33.8,1008.03,32.77,2.79,0,7,,
2026-01-19,16:15,9.6,7.8,91.0,ENE,22.5,30.6,1007.45,33.78,3.05,0,7,,
2026-01-19,16:30,9.6,7.8,91.0,EAST,20.9,27.4,1007.62,34.8,3.3,0,9,,
2026-01-19,16:45,9.6,7.8,91.0,EAST,14.5,27.4,1007.72,35.56,3.56,0,30,,
2026-01-19,17:00,9.6,7.8,91.0,EAST,12.9,25.7,1008.06,35.81,3.05,0,37,,
2026-01-19,17:15,9.7,8.3,91.0,ENE,4.8,24.1,1007.92,35.81,2.03,0,49,,
2026-01-19,17:30,9.8,8.3,91.0,ESE,14.5,27.4,1008.4,36.07,1.27,0,0,,
2026-01-19,17:45,9.8,8.3,91.0,EAST,6.4,25.7,1008.33,36.32,0.51,0,0,,
2026-01-19,18:00,9.7,8.3,91.0,EAST,11.3,20.9,1008.84,37.08,1.27,0,0,,
2026-01-19,18:15,9.8,8.3,91.0,SE,6.4,17.7,1008.77,37.59,1.78,0,0,,
2026-01-19,18:30,9.8,8.3,91.0,EAST,14.5,25.7,1009.21,38.1,2.03,0,0,,
2026-01-19,18:45,9.8,8.3,92.0,SE,11.3,25.7,1009.08,39.62,3.05,0,0,,
2026-01-19,19:00,9.8,8.3,92.0,ESE,11.3,20.9,1009.31,40.64,3.56,0,0,,
2026-01-19,19:15,9.8,8.3,92.0,EAST,11.3,19.3,1009.55,41.91,4.32,0,0,,
2026-01-19,19:30,9.8,8.3,92.0,ESE,11.3,19.3,1009.48,42.42,4.32,0,0,,
2026-01-19,19:45,9.9,8.3,92.0,SE,12.9,17.7,1009.41,43.43,3.81,0,0,,
2026-01-19,20:00,9.8,8.3,92.0,EAST,4.8,11.3,1009.35,43.94,3.3,0,0,,
2026-01-19,20:15,9.8,8.3,93.0,EAST,3.2,9.7,1009.14,44.2,2.29,0,0,,
2026-01-19,20:30,9.8,8.3,93.0,ENE,3.2,6.4,1009.14,44.45,2.03,0,0,,
2026-01-19,20:45,9.8,8.3,93.0,EAST,1.6,12.9,1009.41,44.7,1.52,0,0,,
2026-01-19,21:00,9.8,8.3,93.0,EAST,9.7,14.5,1009.65,45.21,1.27,0,0,,
2026-01-19,21:15,9.8,8.3,93.0,ESE,14.5,12.9,1009.69,45.72,1.52,0,0,,
2026-01-19,21:30,10.0,8.9,93.0,ESE,19.3,22.5,1009.79,45.72,1.27,0,0,,
2026-01-19,21:45,10.0,8.9,93.0,ESE,20.9,32.2,1009.82,45.72,0.76,0,0,,
2026-01-19,22:00,9.9,8.9,93.0,SE,16.1,27.4,1009.89,45.72,0.51,0,0,,
2026-01-19,22:15,9.9,8.3,92.0,ESE,14.5,24.1,1009.92,45.72,0,0,0,,
2026-01-19,22:30,10.0,8.9,92.0,ESE,11.3,19.3,1010.06,45.72,0,0,0,,
2026-01-19,22:45,10.1,8.9,92.0,EAST,11.3,22.5,1010.33,45.72,0,0,0,,
2026-01-19,23:00,10.2,8.9,92.0,SE,12.9,20.9,1010.46,45.72,0,0,0,,
2026-01-19,23:15,10.2,8.9,92.0,ESE,12.9,19.3,1010.23,45.72,0,0,0,,
2026-01-19,23:30,10.3,8.9,92.0,ESE,9.7,30.6,1010.23,45.72,0,0,0,,
2026-01-19,23:45,10.3,8.9,92.0,ESE,16.1,20.9,1010.33,45.72,0,0,0,,
2026-01-20,00:00,10.3,8.9,91.0,EAST,6.4,19.3,1010.06,0,0,0,0,,
2026-01-20,00:15,10.6,8.9,91.0,ESE,12.9,29.0,1009.82,0,0,0,0,,
2026-01-20,00:30,10.7,8.9,90.0,SE,8.0,27.4,1009.82,0,0,0,0,,
2026-01-20,00:45,10.8,8.9,90.0,ESE,6.4,27.4,1009.79,0,0,0,0,,
2026-01-20,01:00,10.7,8.9,90.0,EAST,12.9,22.5,1009.35,0.51,0.51,0,0,,
2026-01-20,01:15,10.6,8.9,90.0,ENE,17.7,33.8,1008.74,0.51,0.51,0,0,,
2026-01-20,01:30,10.7,8.9,90.0,EAST,17.7,30.6,1008.6,0.51,0.51,0,0,,
2026-01-20,01:45,10.8,8.9,90.0,ESE,11.3,32.2,1008.26,0.51,0.51,0,0,,
2026-01-20,02:00,10.9,8.9,89.0,ESE,16.1,37.0,1008.09,0.51,0,0,0,,
2026-01-20,02:15,11.1,8.9,89.0,EAST,16.1,33.8,1008.47,0.51,0,0,0,,
2026-01-20,02:30,11.2,8.9,88.0,ENE,32.2,38.6,1008.84,0.51,0,0,0,,
2026-01-20,02:45,11.2,8.9,87.0,ENE,19.3,35.4,1008.47,0.51,0,0,0,,
2026-01-20,03:00,11.2,8.9,88.0,ENE,24.1,32.2,1008.03,0.51,0,0,0,,
2026-01-20,03:15,11.3,8.9,88.0,EAST,12.9,35.4,1007.99,0.51,0,0,0,,
2026-01-20,03:30,11.2,9.4,88.0,NE,27.4,37.0,1007.59,0.76,0.25,0,0,,
2026-01-20,03:45,11.1,8.9,89.0,ENE,32.2,38.6,1007.59,0.76,0.25,0,0,,
2026-01-20,04:00,10.9,8.9,88.0,ENE,25.7,45.1,1007.69,0.76,0.25,0,0,,
2026-01-20,04:15,10.9,8.9,89.0,ENE,12.9,41.8,1007.55,0.76,0.25,0,0,,
2026-01-20,04:30,11.1,9.4,89.0,ENE,17.7,35.4,1007.52,0.76,0,0,0,,
2026-01-20,04:45,11.3,9.4,89.0,ENE,22.5,40.2,1007.38,0.76,0,0,0,,
2026-01-20,05:00,11.3,9.4,89.0,EAST,20.9,30.6,1007.55,0.76,0,0,0,,
2026-01-20,05:15,11.4,9.4,88.0,EAST,27.4,33.8,1007.45,0.76,0,0,0,,
2026-01-20,05:30,11.4,9.4,88.0,ENE,8.0,29.0,1007.45,0.76,0,0,0,,
2026-01-20,05:45,11.5,9.4,87.0,EAST,9.7,41.8,1007.21,0.76,0,0,0,,
2026-01-20,06:00,11.5,9.4,87.0,EAST,22.5,32.2,1007.15,0.76,0,0,0,,
2026-01-20,06:15,11.5,8.9,87.0,ENE,27.4,37.0,1007.38,0.76,0,0,0,,
2026-01-20,06:30,11.7,9.4,86.0,NE,14.5,30.6,1007.38,0.76,0,0,0,,
2026-01-20,06:45,11.6,8.9,86.0,EAST,11.3,32.2,1007.69,0.76,0,0,0,,
2026-01-20,07:00,11.5,8.9,87.0,ESE,12.9,30.6,1007.79,0.76,0,0,0,,
2026-01-20,07:15,11.4,9.4,87.0,ESE,17.7,30.6,1007.86,0.76,0,0,0,,
2026-01-20,07:30,11.3,8.9,87.0,SE,4.8,27.4,1007.86,0.76,0,0,0,,
2026-01-20,07:45,11.3,9.4,88.0,EAST,25.7,30.6,1007.89,0.76,0,0,0,,
2026-01-20,08:00,11.3,9.4,88.0,EAST,17.7,25.7,1008.03,0.76,0,0,0,,
2026-01-20,08:15,11.4,9.4,88.0,EAST,24.1,29.0,1007.96,0.76,0,0,18,,
2026-01-20,08:30,11.3,9.4,88.0,ESE,9.7,38.6,1008.16,1.02,0.25,0,28,,
2026-01-20,08:45,11.2,8.9,88.0,EAST,11.3,30.6,1008.09,1.02,0.25,0,32,,
2026-01-20,09:00,11.2,9.4,89.0,EAST,29.0,41.8,1008.2,1.02,0.25,0,35,,
2026-01-20,09:15,11.2,8.9,88.0,ENE,12.9,37.0,1008.06,1.02,0.25,0,118,,
2026-01-20,09:30,11.4,9.4,88.0,EAST,16.1,40.2,1008.47,1.02,0,0,100,,
2026-01-20,09:45,11.5,9.4,87.0,EAST,6.4,30.6,1008.53,1.02,0,0,54,,
2026-01-20,10:00,11.6,9.4,87.0,EAST,14.5,40.2,1008.57,1.02,0,0,109,,
2026-01-20,10:15,11.7,9.4,86.0,NE,14.5,29.0,1008.91,1.02,0,0,72,,
2026-01-20,10:30,11.5,9.4,87.0,EAST,11.3,33.8,1008.97,1.02,0,0,60,,
2026-01-20,10:45,11.6,9.4,86.0,EAST,11.3,30.6,1009.28,1.02,0,0,54,,
2026-01-20,11:00,11.5,8.9,87.0,ESE,12.9,29.0,1009.18,1.02,0,0,90,,
2026-01-20,11:15,11.3,8.9,87.0,EAST,9.7,35.4,1009.04,1.02,0,0,74,,
2026-01-20,11:30,11.4,9.4,87.0,EAST,9.7,35.4,1009.11,1.02,0,1,178,,
2026-01-20,11:45,11.3,8.9,88.0,ENE,27.4,33.8,1008.84,1.02,0,1,218,,
2026-01-20,12:00,11.4,9.4,87.0,ESE,11.3,35.4,1008.57,1.02,0,1,190,,
2026-01-20,12:15,11.5,9.4,87.0,ENE,25.7,35.4,1008.57,1.02,0,1,244,,
2026-01-20,12:30,11.7,9.4,86.0,EAST,12.9,35.4,1008.13,1.02,0,1,397,,
2026-01-20,12:45,11.9,9.4,85.0,ESE,17.7,40.2,1007.96,1.02,0,1,450,,
2026-01-20,13:00,11.9,9.4,85.0,EAST,32.2,37.0,1007.89,1.02,0,1,315,,
2026-01-20,13:15,11.9,9.4,85.0,ENE,12.9,48.3,1007.59,1.02,0,1,318,,
2026-01-20,13:30,12.1,9.4,84.0,EAST,37.0,45.1,1006.98,1.02,0,1,506,,
2026-01-20,13:45,12.2,9.4,83.0,EAST,16.1,40.2,1007.08,1.02,0,1,417,,
2026-01-20,14:00,12.2,8.9,83.0,ENE,16.1,35.4,1007.08,1.02,0,1,220,,
2026-01-20,14:15,11.9,8.9,83.0,EAST,22.5,35.4,1006.94,1.02,0,1,371,,
2026-01-20,14:30,11.9,8.9,83.0,EAST,17.7,41.8,1006.81,1.02,0,1,283,,
2026-01-20,14:45,11.9,8.9,83.0,EAST,30.6,40.2,1006.94,1.02,0,1,179,,
2026-01-20,15:00,11.8,8.9,84.0,EAST,29.0,41.8,1006.6,1.02,0,1,127,,
2026-01-20,15:15,11.6,8.9,84.0,ENE,20.9,41.8,1006.84,1.02,0,0,77,,
2026-01-20,15:30,11.1,8.3,86.0,EAST,17.7,35.4,1006.71,1.02,0,0,44,,
2026-01-20,15:45,10.8,8.3,87.0,SSE,9.7,33.8,1006.43,1.02,0,0,35,,
2026-01-20,16:00,10.8,8.3,86.0,ENE,11.3,37.0,1006.67,1.27,0.25,0,53,,
2026-01-20,16:15,10.8,8.3,86.0,EAST,20.9,38.6,1006.64,1.27,0.25,0,37,,
2026-01-20,16:30,10.7,8.3,86.0,ENE,25.7,33.8,1007.04,1.27,0.25,0,42,,
2026-01-20,16:45,10.7,8.3,86.0,EAST,25.7,37.0,1006.98,1.27,0.25,0,44,,
2026-01-20,17:00,10.6,8.3,86.0,EAST,19.3,30.6,1007.04,1.27,0,0,7,,
2026-01-20,17:15,10.4,7.8,86.0,EAST,14.5,32.2,1007.11,1.27,0,0,0,,
2026-01-20,17:30,10.3,7.8,86.0,EAST,22.5,32.2,1007.04,1.27,0,0,0,,
2026-01-20,17:45,10.2,7.8,85.0,EAST,24.1,33.8,1006.98,1.27,0,0,0,,
2026-01-20,18:00,10.2,7.8,85.0,EAST,19.3,35.4,1006.77,1.27,0,0,0,,
2026-01-20,18:15,10.1,7.8,85.0,,17.7,37.0,1006.77,1.27,0,0,0,,
2026-01-20,18:30,10.1,7.2,84.0,ENE,12.9,33.8,1006.84,1.27,0,0,0,,
2026-01-20,18:45,10.2,7.2,84.0,ENE,25.7,35.4,1006.81,1.27,0,0,0,,
2026-01-20,19:00,10.2,7.2,84.0,EAST,29.0,37.0,1006.64,1.27,0,0,0,,
2026-01-20,19:15,10.2,7.2,83.0,EAST,35.4,43.5,1006.81,1.27,0,0,0,,
2026-01-20,19:30,10.2,7.2,83.0,EAST,24.1,35.4,1007.01,1.27,0,0,0,,
2026-01-20,19:45,10.2,7.2,83.0,ENE,19.3,40.2,1007.04,1.27,0,0,0,,
2026-01-20,20:00,10.2,7.2,83.0,EAST,19.3,35.4,1007.01,1.27,0,0,0,,
2026-01-20,20:15,10.2,7.2,83.0,EAST,29.0,35.4,1007.01,1.27,0,0,0,,
2026-01-20,20:30,10.3,7.2,82.0,ENE,17.7,41.8,1007.18,1.27,0,0,0,,
2026-01-20,20:45,10.2,7.2,83.0,ENE,9.7,35.4,1007.32,1.27,0,0,0,,
2026-01-20,21:00,10.0,7.2,84.0,EAST,8.0,25.7,1007.42,1.27,0,0,0,,
2026-01-20,21:15,10.1,7.2,84.0,ESE,6.4,30.6,1007.52,1.27,0,0,0,,
2026-01-20,21:30,9.9,7.2,84.0,ENE,17.7,27.4,1007.52,1.27,0,0,0,,
2026-01-20,21:45,10.0,7.2,85.0,ENE,16.1,25.7,1007.62,1.27,0,0,0,,
2026-01-20,22:00,9.8,7.2,85.0,EAST,25.7,29.0,1007.42,1.52,0.25,0,0,,
2026-01-20,22:15,9.6,7.2,86.0,ESE,17.7,30.6,1007.25,1.52,0.51,0,0,,
2026-01-20,22:30,9.4,7.2,86.0,EAST,14.5,32.2,1007.04,1.52,0.51,0,0,,
2026-01-20,22:45,9.5,7.2,86.0,ENE,25.7,30.6,1006.81,1.52,0.51,0,0,,
2026-01-20,23:00,9.6,7.2,86.0,EAST,25.7,35.4,1006.91,1.52,0.25,0,0,,
2026-01-20,23:15,9.7,7.2,85.0,ENE,30.6,35.4,1006.84,1.52,0,0,0,,
2026-01-20,23:30,9.8,7.2,85.0,EAST,9.7,32.2,1006.77,1.52,0,0,0,,
2026-01-20,23:45,9.8,7.2,85.0,SSE,14.5,32.2,1006.67,1.52,0,0,0,,
2026-01-21,00:00,9.8,7.2,84.0,ENE,8.0,27.4,1006.81,0,0,0,0,,
2026-01-21,00:15,9.7,7.2,84.0,ESE,6.4,22.5,1006.77,0,0,0,0,,
2026-01-21,00:30,9.7,7.2,84.0,ESE,12.9,27.4,1006.5,0,0,0,0,,
2026-01-21,00:45,9.7,7.2,84.0,ESE,12.9,22.5,1006.27,0,0,0,0,,
2026-01-21,01:00,9.7,7.2,84.0,EAST,17.7,25.7,1006.03,0,0,0,0,,
2026-01-21,01:15,9.7,7.2,85.0,ESE,9.7,22.5,1006.03,0,0,0,0,,
2026-01-21,01:30,9.6,7.2,85.0,EAST,4.8,17.7,1005.86,0,0,0,0,,
2026-01-21,01:45,9.6,7.2,85.0,EAST,6.4,20.9,1005.79,0,0,0,0,,
2026-01-21,02:00,9.6,7.2,85.0,EAST,14.5,19.3,1005.76,0,0,0,0,,
2026-01-21,02:15,9.7,7.2,85.0,NORTH,0.0,19.3,1005.86,0,0,0,0,,
2026-01-21,02:30,9.6,7.2,85.0,NORTH,0.0,9.7,1005.79,0,0,0,0,,
2026-01-21,02:45,9.6,7.2,85.0,ENE,3.2,16.1,1005.83,0,0,0,0,,
2026-01-21,03:00,9.8,7.2,84.0,EAST,4.8,12.9,1005.86,0,0,0,0,,
2026-01-21,03:15,9.9,7.2,84.0,ESE,11.3,14.5,1005.83,0,0,0,0,,
2026-01-21,03:30,9.9,7.2,83.0,EAST,3.2,16.1,1005.72,0,0,0,0,,
2026-01-21,03:45,10.0,7.2,83.0,ENE,4.8,14.5,1005.45,0,0,0,0,,
2026-01-21,04:00,9.8,7.2,83.0,NORTH,0.0,8.0,1005.59,0,0,0,0,,
2026-01-21,04:15,9.8,7.2,84.0,NORTH,0.0,1.6,1005.42,0,0,0,0,,
2026-01-21,04:30,9.6,6.7,84.0,NORTH,0.0,0.0,1005.32,0,0,0,0,,
2026-01-21,04:45,9.6,6.7,84.0,NORTH,0.0,0.0,1005.32,0,0,0,0,,
2026-01-21,05:00,9.4,6.7,84.0,NORTH,0.0,0.0,1005.22,0,0,0,0,,
2026-01-21,05:15,9.3,6.7,84.0,NORTH,0.0,0.0,1005.15,0,0,0,0,,
2026-01-21,05:30,9.3,6.7,85.0,NORTH,0.0,0.0,1005.08,0,0,0,0,,
2026-01-21,05:45,9.2,6.7,85.0,NORTH,0.0,0.0,1005.25,0,0,0,0,,
2026-01-21,06:00,9.2,6.7,85.0,NORTH,0.0,0.0,1005.15,0,0,0,0,,
2026-01-21,06:15,9.1,6.7,85.0,NORTH,0.0,0.0,1005.28,0,0,0,0,,
2026-01-21,06:30,9.1,6.7,86.0,NORTH,0.0,0.0,1005.35,0,0,0,0,,
2026-01-21,06:45,8.9,6.7,86.0,NORTH,0.0,0.0,1005.52,0,0,0,0,,
2026-01-21,07:00,8.9,6.7,86.0,NORTH,0.0,0.0,1005.25,0,0,0,0,,
2026-01-21,07:15,8.8,6.7,86.0,NORTH,0.0,4.8,1005.11,0,0,0,0,,
2026-01-21,07:30,8.8,6.7,86.0,NORTH,0.0,4.8,1005.25,0,0,0,0,,
2026-01-21,07:45,8.8,6.7,86.0,NORTH,0.0,1.6,1005.15,0,0,0,0,,
2026-01-21,08:00,8.7,6.1,86.0,NORTH,0.0,0.0,1005.32,0,0,0,0,,
2026-01-21,08:15,8.7,6.1,86.0,NORTH,0.0,0.0,1005.22,0,0,0,7,,
2026-01-21,08:30,8.5,6.1,86.0,NORTH,0.0,0.0,1005.42,0,0,0,16,,
2026-01-21,08:45,8.5,6.1,87.0,NORTH,0.0,1.6,1005.28,0,0,0,21,,
2026-01-21,09:00,8.5,6.1,87.0,NORTH,0.0,0.0,1005.52,0,0,0,26,,
2026-01-21,09:15,8.4,6.1,87.0,NORTH,0.0,1.6,1005.59,0,0,0,32,,
2026-01-21,09:30,8.4,6.1,87.0,NORTH,0.0,0.0,1005.55,0,0,0,33,,
2026-01-21,09:45,8.5,6.1,87.0,NORTH,0.0,0.0,1005.62,0,0,0,39,,
2026-01-21,10:00,8.6,6.7,88.0,NORTH,0.0,1.6,1005.79,0,0,0,42,,
2026-01-21,10:15,8.7,6.7,88.0,NORTH,0.0,0.0,1005.55,0,0,0,56,,
2026-01-21,10:30,8.7,6.7,88.0,NORTH,0.0,0.0,1005.52,0,0,0,70,,
2026-01-21,10:45,8.8,6.7,88.0,NORTH,0.0,0.0,1005.59,0,0,0,81,,
2026-01-21,11:00,8.9,6.7,88.0,NORTH,0.0,0.0,1005.93,0,0,0,88,,
2026-01-21,11:15,9.1,6.7,88.0,NORTH,0.0,0.0,1005.89,0,0,0,90,,
2026-01-21,11:30,9.2,7.2,87.0,NORTH,0.0,0.0,1005.59,0,0,0,114,,
2026-01-21,11:45,9.3,7.2,86.0,NORTH,0.0,0.0,1005.49,0,0,0,130,,
2026-01-21,12:00,9.7,7.2,86.0,NORTH,0.0,0.0,1005.15,0,0,0,121,,
2026-01-21,12:15,9.7,7.2,86.0,NORTH,0.0,0.0,1005.11,0,0,0,114,,
2026-01-21,12:30,9.7,7.2,86.0,NORTH,0.0,0.0,1005.01,0,0,0,125,,
2026-01-21,12:45,9.8,7.8,87.0,NORTH,0.0,3.2,1004.61,0,0,0,132,,
2026-01-21,13:00,9.8,7.8,87.0,NORTH,0.0,1.6,1004.5,0,0,0,130,,
2026-01-21,13:15,9.8,7.8,87.0,NW,3.2,1.6,1004.4,0,0,0,120,,
2026-01-21,13:30,9.8,7.8,86.0,NORTH,0.0,4.8,1004.13,0,0,0,123,,
2026-01-21,13:45,9.8,7.2,86.0,NORTH,0.0,0.0,1004.06,0,0,0,123,,
2026-01-21,14:00,9.8,7.2,85.0,NORTH,0.0,1.6,1003.83,0,0,0,125,,
2026-01-21,14:15,10.1,7.2,84.0,NW,3.2,6.4,1003.69,0,0,0,127,,
2026-01-21,14:30,10.1,7.2,84.0,NORTH,0.0,4.8,1003.42,0,0,0,121,,
2026-01-21,14:45,10.1,7.2,84.0,NORTH,0.0,4.8,1003.35,0,0,0,113,,
2026-01-21,15:00,9.9,7.2,84.0,WNW,1.6,8.0,1003.39,0,0,0,105,,
2026-01-21,15:15,9.9,7.2,84.0,NORTH,0.0,4.8,1003.35,0,0,0,105,,
2026-01-21,15:30,9.8,7.2,85.0,NORTH,0.0,1.6,1003.39,0,0,0,95,,
2026-01-21,15:45,9.8,7.2,85.0,NORTH,0.0,0.0,1003.35,0,0,0,88,,
2026-01-21,16:00,9.8,6.7,83.0,NORTH,0.0,0.0,1003.45,0,0,0,74,,
2026-01-21,16:15,9.8,6.7,82.0,WEST,1.6,4.8,1003.35,0,0,0,58,,
2026-01-21,16:30,9.8,6.7,83.0,NORTH,0.0,6.4,1003.49,0,0,0,42,,
2026-01-21,16:45,9.6,6.7,84.0,NORTH,0.0,0.0,1003.42,0,0,0,30,,
2026-01-21,17:00,9.6,7.2,85.0,WEST,1.6,4.8,1003.35,0,0,0,18,,
2026-01-21,17:15,9.3,6.7,86.0,WNW,3.2,9.7,1003.59,0,0,0,9,,
2026-01-21,17:30,9.2,6.7,87.0,WNW,4.8,8.0,1003.56,0,0,0,0,,
2026-01-21,17:45,8.9,6.7,87.0,WNW,3.2,6.4,1003.62,0,0,0,0,,
2026-01-21,18:00,8.6,6.7,88.0,NORTH,0.0,3.2,1003.66,0,0,0,0,,
2026-01-21,18:15,8.4,6.1,88.0,NORTH,0.0,1.6,1003.62,0,0,0,0,,
2026-01-21,18:30,8.2,6.1,88.0,NORTH,0.0,0.0,1003.62,0,0,0,0,,
2026-01-21,18:45,7.9,6.1,88.0,NORTH,0.0,0.0,1003.73,0,0,0,0,,
2026-01-21,19:00,7.7,5.6,89.0,NORTH,0.0,0.0,1003.62,0,0,0,0,,
2026-01-21,19:15,7.6,5.6,89.0,NORTH,0.0,1.6,1003.62,0,0,0,0,,
2026-01-21,19:30,7.6,5.6,89.0,NORTH,0.0,0.0,1003.62,0,0,0,0,,
2026-01-21,19:45,7.5,5.6,89.0,NORTH,0.0,0.0,1003.69,0,0,0,0,,
2026-01-21,20:00,7.3,5.6,89.0,NORTH,0.0,1.6,1003.56,0,0,0,0,,
2026-01-21,20:15,7.3,5.6,89.0,NORTH,0.0,1.6,1003.49,0,0,0,0,,
2026-01-21,20:30,7.0,5.0,89.0,NORTH,0.0,0.0,1003.56,0,0,0,0,,
2026-01-21,20:45,6.7,5.0,89.0,NORTH,0.0,3.2,1003.45,0,0,0,0,,
2026-01-21,21:00,6.6,5.0,89.0,NORTH,0.0,3.2,1003.32,0,0,0,0,,
2026-01-21,21:15,6.5,4.4,89.0,NORTH,0.0,0.0,1003.29,0,0,0,0,,
2026-01-21,21:30,6.2,4.4,89.0,NORTH,0.0,4.8,1003.12,0,0,0,0,,
2026-01-21,21:45,6.2,4.4,89.0,NORTH,0.0,4.8,1002.95,0,0,0,0,,
2026-01-21,22:00,5.9,3.9,89.0,NORTH,0.0,4.8,1002.98,0,0,0,0,,
2026-01-21,22:15,5.8,3.9,89.0,NORTH,0.0,4.8,1003.01,0,0,0,0,,
2026-01-21,22:30,5.8,3.9,89.0,SOUTH,1.6,3.2,1002.98,0,0,0,0,,
2026-01-21,22:45,5.7,3.9,89.0,NORTH,0.0,4.8,1002.95,0,0,0,0,,
2026-01-21,23:00,5.7,3.9,89.0,NORTH,0.0,0.0,1003.05,0,0,0,0,,
2026-01-21,23:15,6.1,4.4,89.0,NORTH,0.0,0.0,1002.81,0,0,0,0,,
2026-01-21,23:30,6.2,4.4,89.0,NORTH,0.0,0.0,1002.78,0,0,0,0,,
2026-01-21,23:45,6.4,4.4,89.0,NORTH,0.0,0.0,1002.68,0,0,0,0,,
2026-01-22,00:00,6.6,4.4,89.0,NORTH,0.0,0.0,1002.78,0,0,0,0,,
2026-01-22,00:15,6.8,5.0,89.0,NORTH,0.0,0.0,1002.44,0,0,0,0,,
2026-01-22,00:30,6.8,5.0,89.0,NORTH,0.0,0.0,1002.47,0,0,0,0,,
2026-01-22,00:45,6.9,5.0,89.0,SOUTH,1.6,3.2,1002.44,0,0,0,0,,
2026-01-22,01:00,6.9,5.0,88.0,NORTH,0.0,3.2,1002.37,0,0,0,0,,
2026-01-22,01:15,6.9,5.0,88.0,NORTH,0.0,0.0,1002,0,0,0,0,,
2026-01-22,01:30,7.1,5.0,88.0,NORTH,0.0,3.2,1001.86,0,0,0,0,,
2026-01-22,01:45,7.1,5.0,88.0,NORTH,0.0,4.8,1001.73,0,0,0,0,,
2026-01-22,02:00,7.4,5.6,89.0,NORTH,0.0,3.2,1001.52,0,0,0,0,,
2026-01-22,02:15,7.7,5.6,89.0,NORTH,0.0,0.0,1001.66,0,0,0,0,,
2026-01-22,02:30,7.6,5.6,88.0,SSE,4.8,9.7,1001.59,0,0,0,0,,
2026-01-22,02:45,7.3,5.6,88.0,SSE,3.2,9.7,1001.39,0,0,0,0,,
2026-01-22,03:00,7.4,5.6,88.0,NORTH,0.0,1.6,1001.32,0,0,0,0,,
2026-01-22,03:15,7.4,5.6,88.0,NORTH,0.0,3.2,1001.12,0,0,0,0,,
2026-01-22,03:30,7.4,5.6,88.0,NORTH,0.0,1.6,1000.98,0,0,0,0,,
2026-01-22,03:45,7.3,5.6,88.0,NORTH,0.0,0.0,1000.78,0,0,0,0,,
2026-01-22,04:00,7.2,5.0,88.0,NORTH,0.0,1.6,1000.64,0,0,0,0,,
2026-01-22,04:15,7.1,5.0,88.0,NORTH,0.0,0.0,1000.64,0,0,0,0,,
2026-01-22,04:30,6.8,4.4,88.0,ESE,6.4,11.3,1000.51,0,0,0,0,,
2026-01-22,04:45,6.9,5.0,87.0,ESE,6.4,9.7,1000.31,0,0,0,0,,
2026-01-22,05:00,7.1,5.0,87.0,ESE,8.0,12.9,999.97,0,0,0,0,,
2026-01-22,05:15,7.2,5.0,86.0,ESE,4.8,11.3,1000.1,0,0,0,0,,
2026-01-22,05:30,7.4,5.0,85.0,ESE,6.4,11.3,1000.1,0,0,0,0,,
2026-01-22,05:45,7.7,5.0,85.0,ESE,8.0,12.9,999.93,0,0,0,0,,
2026-01-22,06:00,7.8,5.0,84.0,ESE,1.6,11.3,999.9,0,0,0,0,,
2026-01-22,06:15,7.6,5.0,84.0,ESE,3.2,9.7,1000,0,0,0,0,,
2026-01-22,06:30,7.5,5.0,84.0,ESE,3.2,9.7,999.9,0,0,0,0,,
2026-01-22,06:45,8.3,5.6,86.0,SE,4.8,12.9,999.93,0,0,0,0,,
2026-01-22,07:00,8.8,6.7,86.0,SE,12.9,11.3,999.7,0,0,0,0,,
2026-01-22,07:15,8.9,6.7,86.0,ESE,11.3,14.5,999.76,0,0,0,0,,
2026-01-22,07:30,9.1,6.7,87.0,SE,11.3,12.9,999.97,0,0,0,0,,
2026-01-22,07:45,9.1,6.7,88.0,SE,6.4,11.3,999.93,0,0,0,7,,
2026-01-22,08:00,8.9,6.7,88.0,SE,6.4,14.5,999.76,0,0,0,19,,
2026-01-22,08:15,8.7,6.7,88.0,ESE,9.7,11.3,999.73,0,0,0,51,,
2026-01-22,08:30,8.4,6.7,89.0,ESE,9.7,11.3,999.76,0,0,0,123,,
2026-01-22,08:45,8.4,6.1,88.0,EAST,9.7,16.1,999.83,0,0,0,176,,
2026-01-22,09:00,8.6,6.1,87.0,ESE,11.3,16.1,999.73,0,0,0,139,,
2026-01-22,09:15,9.2,6.7,87.0,SE,8.0,14.5,999.49,0,0,0,332,,
2026-01-22,09:30,9.8,7.2,86.0,EAST,11.3,14.5,999.32,0,0,0,288,,
2026-01-22,09:45,9.2,6.7,86.0,EAST,9.7,16.1,999.39,0,0,1,223,,
2026-01-22,10:00,9.3,7.2,87.0,ESE,12.9,19.3,999.12,0,0,1,165,,
2026-01-22,10:15,9.5,7.2,87.0,ESE,11.3,16.1,999.46,0,0,1,149,,
2026-01-22,10:30,9.8,7.8,87.0,ESE,12.9,17.7,999.26,0,0,1,162,,
2026-01-22,10:45,10.1,7.8,86.0,ESE,22.5,29.0,999.32,0,0,1,260,,
2026-01-22,11:00,10.3,7.8,86.0,SE,16.1,24.1,999.32,0,0,1,151,,
2026-01-22,11:15,10.4,7.8,85.0,SE,14.5,19.3,999.32,0,0,0,111,,
2026-01-22,11:30,10.5,7.8,84.0,ESE,19.3,24.1,999.22,0,0,1,171,,
2026-01-22,11:45,10.7,7.8,83.0,ESE,19.3,25.7,998.92,0,0,1,190,,
2026-01-22,12:00,10.8,7.8,83.0,SE,16.1,24.1,998.98,0,0,0,81,,
2026-01-22,12:15,10.8,8.3,85.0,SE,6.4,29.0,998.78,0,0,1,118,,
2026-01-22,12:30,10.8,8.3,86.0,SSE,12.9,24.1,998.61,0,0,0,98,,
2026-01-22,12:45,10.6,8.3,88.0,SE,12.9,20.9,998.04,0,0,1,211,,
2026-01-22,13:00,10.8,8.9,89.0,ESE,16.1,20.9,997.87,0,0,1,156,,
2026-01-22,13:15,10.9,8.9,89.0,SE,17.7,25.7,997.63,0,0,0,120,,
2026-01-22,13:30,11.1,9.4,89.0,SE,20.9,22.5,997.53,0,0,0,121,,
2026-01-22,13:45,11.1,8.9,89.0,SE,17.7,20.9,997.46,0,0,0,72,,
2026-01-22,14:00,11.2,9.4,89.0,SE,12.9,24.1,997.12,0,0,1,169,,
2026-01-22,14:15,11.4,9.4,89.0,SE,16.1,20.9,996.85,0,0,1,139,,
2026-01-22,14:30,11.3,9.4,90.0,ESE,6.4,24.1,996.78,0,0,1,155,,
2026-01-22,14:45,11.4,9.4,90.0,SE,19.3,25.7,996.65,0,0,0,162,,
2026-01-22,15:00,11.5,10.0,90.0,SE,16.1,27.4,996.68,0,0,0,239,,
2026-01-22,15:15,11.7,10.0,90.0,ESE,4.8,24.1,996.72,0,0,1,142,,
2026-01-22,15:30,11.8,10.0,89.0,ESE,20.9,20.9,996.55,0,0,0,137,,
2026-01-22,15:45,11.8,10.0,90.0,ESE,8.0,20.9,996.85,0,0,0,127,,
2026-01-22,16:00,11.6,10.0,90.0,SE,17.7,20.9,996.72,0,0,0,58,,
2026-01-22,16:15,11.5,10.0,90.0,ESE,11.3,19.3,996.78,0,0,0,40,,
2026-01-22,16:30,11.5,10.0,90.0,SE,12.9,22.5,996.99,0,0,0,16,,
2026-01-22,16:45,11.3,9.4,90.0,SE,1.6,16.1,997.12,0,0,0,18,,
2026-01-22,17:00,11.6,10.0,91.0,SE,3.2,11.3,996.82,0.25,0.25,0,7,,
2026-01-22,17:15,11.6,10.0,91.0,SE,1.6,14.5,996.95,0.51,0.51,0,0,,
2026-01-22,17:30,11.3,10.0,91.0,ESE,1.6,17.7,996.82,0.76,0.76,0,0,,
2026-01-22,17:45,11.1,9.4,92.0,SE,8.0,20.9,997.02,1.02,1.02,0,0,,
2026-01-22,18:00,10.9,9.4,92.0,ESE,8.0,24.1,997.09,1.27,1.02,0,0,,
2026-01-22,18:15,10.8,9.4,92.0,SE,14.5,20.9,997.19,1.78,1.52,0,0,,
2026-01-22,18:30,10.7,9.4,92.0,SE,8.0,22.5,997.33,2.29,1.52,0,0,,
2026-01-22,18:45,10.6,9.4,92.0,SE,14.5,22.5,997.29,2.54,1.52,0,0,,
2026-01-22,19:00,10.3,8.9,92.0,ESE,16.1,24.1,997.43,2.79,1.52,0,0,,
2026-01-22,19:15,10.0,8.9,93.0,ESE,14.5,24.1,997.29,3.05,1.27,0,0,,
2026-01-22,19:30,10.0,8.9,93.0,SE,8.0,25.7,997.29,3.3,1.02,0,0,,
2026-01-22,19:45,10.0,8.9,93.0,ESE,6.4,16.1,997.6,3.81,1.27,0,0,,
2026-01-22,20:00,9.9,8.9,93.0,SE,8.0,19.3,997.46,3.81,1.02,0,0,,
2026-01-22,20:15,9.9,8.9,93.0,SE,6.4,16.1,997.7,3.81,0.76,0,0,,
2026-01-22,20:30,9.7,8.3,93.0,SE,11.3,17.7,997.87,3.81,0.51,0,0,,
2026-01-22,20:45,9.6,8.3,93.0,SSE,6.4,16.1,998.14,3.81,0,0,0,,
2026-01-22,21:00,9.7,8.3,93.0,SE,4.8,16.1,998.1,3.81,0,0,0,,
2026-01-22,21:15,9.7,8.3,93.0,SE,6.4,12.9,998.07,3.81,0,0,0,,
2026-01-22,21:30,9.6,8.3,93.0,SE,3.2,8.0,998.17,4.06,0.25,0,0,,
2026-01-22,21:45,9.6,8.3,94.0,NORTH,0.0,8.0,998.21,4.06,0.25,0,0,,
2026-01-22,22:00,9.6,8.3,94.0,SSE,1.6,4.8,998.21,4.06,0.25,0,0,,
2026-01-22,22:15,9.6,8.3,94.0,NORTH,0.0,3.2,998.34,4.06,0.25,0,0,,
2026-01-22,22:30,9.6,8.3,94.0,NORTH,0.0,3.2,998.51,4.06,0,0,0,,
2026-01-22,22:45,9.6,8.3,94.0,NORTH,0.0,3.2,998.65,4.06,0,0,0,,
2026-01-22,23:00,9.6,8.3,94.0,NORTH,0.0,4.8,998.58,4.06,0,0,0,,
2026-01-22,23:15,9.6,8.3,94.0,NORTH,0.0,0.0,998.61,4.06,0,0,0,,
2026-01-22,23:30,9.6,8.3,94.0,SSE,1.6,3.2,998.82,4.06,0,0,0,,
2026-01-22,23:45,9.6,8.3,94.0,SSE,1.6,4.8,998.82,4.06,0,0,0,,
2026-01-23,00:00,9.5,8.3,94.0,SSE,3.2,4.8,998.65,0,0,0,0,,
2026-01-23,00:15,9.4,8.3,94.0,SSE,1.6,4.8,998.78,0,0,0,0,,
2026-01-23,00:30,9.3,8.3,94.0,NORTH,0.0,3.2,998.92,0,0,0,0,,
2026-01-23,00:45,9.2,8.3,94.0,SSE,1.6,6.4,998.95,0,0,0,0,,
2026-01-23,01:00,9.2,8.3,94.0,SSE,1.6,4.8,998.92,0,0,0,0,,
2026-01-23,01:15,9.0,7.8,94.0,NORTH,0.0,3.2,999.19,0,0,0,0,,
2026-01-23,01:30,8.7,7.8,94.0,NORTH,0.0,0.0,999.12,0,0,0,0,,
2026-01-23,01:45,8.4,7.2,94.0,NORTH,0.0,0.0,999.29,0,0,0,0,,
2026-01-23,02:00,8.1,6.7,93.0,NORTH,0.0,0.0,999.39,0,0,0,0,,
2026-01-23,02:15,7.9,6.7,94.0,NORTH,0.0,0.0,999.29,0,0,0,0,,
2026-01-23,02:30,7.8,6.7,94.0,NORTH,0.0,0.0,999.39,0,0,0,0,,
2026-01-23,02:45,8.1,7.2,94.0,NORTH,0.0,0.0,999.32,0,0,0,0,,
2026-01-23,03:00,8.2,7.2,94.0,NORTH,0.0,0.0,999.36,0,0,0,0,,
2026-01-23,03:15,8.5,7.2,94.0,NORTH,0.0,0.0,999.36,0,0,0,0,,
2026-01-23,03:30,8.7,7.8,94.0,NORTH,0.0,0.0,999.59,0,0,0,0,,
2026-01-23,03:45,8.7,7.8,94.0,NORTH,0.0,6.4,999.56,0,0,0,0,,
2026-01-23,04:00,8.7,7.8,94.0,ESE,1.6,0.0,999.63,0,0,0,0,,
2026-01-23,04:15,8.8,7.8,94.0,ESE,3.2,4.8,999.59,0,0,0,0,,
2026-01-23,04:30,8.9,7.8,94.0,NORTH,0.0,3.2,999.76,0,0,0,0,,
2026-01-23,04:45,8.9,7.8,94.0,NORTH,0.0,4.8,999.93,0,0,0,0,,
2026-01-23,05:00,8.8,7.8,94.0,ESE,1.6,4.8,999.83,0,0,0,0,,
2026-01-23,05:15,8.4,7.2,94.0,NORTH,0.0,1.6,1000,0,0,0,0,,
2026-01-23,05:30,8.4,7.2,94.0,NORTH,0.0,0.0,1000,0,0,0,0,,
2026-01-23,05:45,8.2,7.2,94.0,ESE,1.6,4.8,1000.14,0,0,0,0,,
2026-01-23,06:00,8.3,7.2,94.0,NORTH,0.0,0.0,1000.31,0,0,0,0,,
2026-01-23,06:15,8.5,7.2,94.0,ESE,1.6,1.6,1000.2,0,0,0,0,,
2026-01-23,06:30,8.8,7.8,94.0,ESE,3.2,3.2,1000.47,0,0,0,0,,
2026-01-23,06:45,9.3,8.3,94.0,ESE,1.6,3.2,1000.51,0,0,0,0,,
2026-01-23,07:00,9.4,8.3,94.0,SSE,8.0,11.3,1000.75,0.25,0.25,0,0,,
2026-01-23,07:15,9.1,7.8,94.0,NORTH,0.0,8.0,1000.88,0.51,0.51,0,0,,
2026-01-23,07:30,9.3,8.3,94.0,NORTH,0.0,9.7,1001.12,0.51,0.51,0,0,,
2026-01-23,07:45,9.5,8.3,94.0,NORTH,0.0,1.6,1001.22,0.76,0.76,0,0,,
2026-01-23,08:00,9.6,8.3,94.0,WEST,6.4,3.2,1001.59,2.29,2.03,0,0,,
2026-01-23,08:15,9.9,8.9,94.0,WNW,3.2,11.3,1001.73,2.29,1.78,0,9,,
2026-01-23,08:30,9.9,8.9,94.0,NORTH,0.0,3.2,1001.8,2.29,1.52,0,16,,
2026-01-23,08:45,10.1,8.9,94.0,WNW,3.2,6.4,1001.8,2.29,1.52,0,74,,
2026-01-23,09:00,10.4,9.4,95.0,WNW,4.8,16.1,1001.73,2.29,0.25,0,281,,
2026-01-23,09:15,10.6,9.4,94.0,WNW,4.8,17.7,1001.86,2.29,0.25,0,44,,
2026-01-23,09:30,10.4,9.4,94.0,WSW,3.2,17.7,1002.03,2.29,0.25,0,76,,
2026-01-23,09:45,10.3,9.4,94.0,NORTH,0.0,14.5,1002.07,2.29,0,0,241,,
2026-01-23,10:00,10.5,9.4,94.0,WNW,4.8,12.9,1002.07,2.29,0,1,132,,
2026-01-23,10:15,10.7,9.4,94.0,WEST,3.2,17.7,1002.17,2.29,0,1,165,,
2026-01-23,10:30,10.8,9.4,93.0,WSW,6.4,19.3,1002.44,2.29,0,0,123,,
2026-01-23,10:45,10.8,9.4,93.0,NORTH,0.0,16.1,1002.61,2.29,0,1,211,,
2026-01-23,11:00,11.2,10.0,92.0,WEST,12.9,19.3,1002.74,2.29,0,2,531,,
2026-01-23,11:15,11.8,10.0,91.0,WNW,12.9,20.9,1002.91,2.29,0,1,744,,
2026-01-23,11:30,11.9,9.4,87.0,WSW,11.3,27.4,1003.05,2.29,0,2,642,,
2026-01-23,11:45,12.4,9.4,82.0,WNW,6.4,20.9,1003.15,2.29,0,2,578,,
2026-01-23,12:00,12.7,8.9,79.0,WEST,9.7,27.4,1003.15,2.29,0,2,584,,
2026-01-23,12:15,12.6,8.9,79.0,WNW,11.3,27.4,1002.91,2.29,0,2,580,,
2026-01-23,12:30,12.8,8.9,78.0,WNW,14.5,20.9,1002.78,2.29,0,2,619,,
2026-01-23,12:45,12.6,8.9,78.0,WNW,8.0,27.4,1002.57,2.29,0,2,221,,
2026-01-23,13:00,13.0,8.9,78.0,NORTH,0.0,25.7,1002.68,2.29,0,0,60,,
2026-01-23,13:15,12.2,8.9,80.0,WEST,4.8,17.7,1002.57,2.29,0,1,199,,
2026-01-23,13:30,12.3,8.9,80.0,NORTH,0.0,20.9,1002.54,2.29,0,1,116,,
2026-01-23,13:45,12.3,8.9,80.0,WNW,12.9,27.4,1002.4,2.29,0,1,229,,
2026-01-23,14:00,12.3,8.3,79.0,NW,6.4,24.1,1002.17,2.29,0,1,183,,
2026-01-23,14:15,12.7,8.9,79.0,WNW,6.4,14.5,1002.2,2.29,0,1,338,,
2026-01-23,14:30,12.7,8.9,77.0,WEST,16.1,22.5,1002.03,2.29,0,1,394,,
2026-01-23,14:45,13.2,8.3,73.0,WEST,11.3,19.3,1002.03,2.29,0,1,366,,
2026-01-23,15:00,13.0,7.2,69.0,SW,3.2,20.9,1002.13,2.29,0,1,424,,
2026-01-23,15:15,12.6,7.2,70.0,SW,4.8,14.5,1002.1,2.29,0,1,153,,
2026-01-23,15:30,12.4,7.2,72.0,WSW,8.0,11.3,1002.03,2.29,0,0,163,,
2026-01-23,15:45,12.5,7.8,75.0,WEST,4.8,9.7,1002.27,2.29,0,0,95,,
2026-01-23,16:00,12.3,7.8,75.0,NORTH,0.0,16.1,1002.54,2.29,0,0,76,,
2026-01-23,16:15,12.2,7.8,76.0,WEST,3.2,9.7,1002.68,2.29,0,0,72,,
2026-01-23,16:30,12.3,8.3,77.0,NORTH,0.0,3.2,1002.61,2.29,0,0,40,,
2026-01-23,16:45,12.3,8.3,78.0,NORTH,0.0,4.8,1002.47,2.29,0,0,21,,
2026-01-23,17:00,12.2,8.3,78.0,NORTH,0.0,4.8,1002.24,2.29,0,0,12,,
2026-01-23,17:15,12.0,8.3,78.0,NORTH,0.0,4.8,1002.27,2.29,0,0,0,,
2026-01-23,17:30,11.8,7.8,78.0,NORTH,0.0,3.2,1002.13,2.29,0,0,0,,
2026-01-23,17:45,11.7,7.8,78.0,SE,1.6,1.6,1002.03,2.29,0,0,0,,
2026-01-23,18:00,11.4,7.8,79.0,SE,1.6,3.2,1002,2.29,0,0,0,,
2026-01-23,18:15,11.3,7.8,79.0,ESE,3.2,6.4,1002.03,2.29,0,0,0,,
2026-01-23,18:30,11.4,7.8,81.0,SE,4.8,11.3,1002.13,2.29,0,0,0,,
2026-01-23,18:45,11.4,8.3,82.0,SSE,8.0,19.3,1002.03,2.29,0,0,0,,
2026-01-23,19:00,11.4,8.3,82.0,SE,6.4,19.3,1002.07,2.29,0,0,0,,
2026-01-23,19:15,11.4,8.3,83.0,SSE,19.3,22.5,1002.07,2.29,0,0,0,,
2026-01-23,19:30,11.3,8.3,84.0,SE,12.9,19.3,1002.3,2.29,0,0,0,,
2026-01-23,19:45,11.1,8.3,85.0,SE,16.1,22.5,1002.34,2.79,0.51,0,0,,
2026-01-23,20:00,10.9,8.3,86.0,SE,11.3,16.1,1002.4,3.3,1.02,0,0,,
2026-01-23,20:15,10.9,8.9,87.0,ESE,6.4,20.9,1002.54,4.06,1.52,0,0,,
2026-01-23,20:30,10.7,8.9,88.0,SE,16.1,20.9,1002.37,4.83,2.29,0,0,,
2026-01-23,20:45,10.7,8.9,89.0,SE,8.0,19.3,1002.3,5.59,2.79,0,0,,
2026-01-23,21:00,10.6,8.9,90.0,SE,17.7,24.1,1001.96,6.1,2.79,0,0,,
2026-01-23,21:15,10.3,8.9,90.0,ESE,16.1,22.5,1001.96,6.86,2.79,0,0,,
2026-01-23,21:30,10.4,8.9,91.0,SE,14.5,19.3,1002.1,7.37,2.54,0,0,,
2026-01-23,21:45,10.3,8.9,91.0,SE,12.9,20.9,1001.93,7.87,2.29,0,0,,
2026-01-23,22:00,10.2,8.9,91.0,SE,16.1,22.5,1001.69,8.64,2.29,0,0,,
2026-01-23,22:15,10.3,8.9,92.0,SE,14.5,22.5,1001.46,8.89,2.29,0,0,,
2026-01-23,22:30,10.3,8.9,92.0,SSE,3.2,19.3,1001.66,9.14,1.78,0,0,,
2026-01-23,22:45,10.3,8.9,92.0,SOUTH,3.2,19.3,1001.32,9.14,1.27,0,0,,
2026-01-23,23:00,10.4,8.9,92.0,SSE,6.4,12.9,1001.63,9.91,1.27,0,0,,
2026-01-23,23:15,10.5,9.4,93.0,SSE,11.3,22.5,1001.32,10.16,1.27,0,0,,
2026-01-23,23:30,10.5,9.4,93.0,SE,6.4,14.5,1001.59,10.92,1.78,0,0,,
2026-01-23,23:45,10.6,9.4,93.0,SE,6.4,17.7,1001.46,11.68,2.54,0,0,,
2026-01-24,00:00,10.5,9.4,93.0,SE,12.9,19.3,1001.25,0,2.29,0,0,,
2026-01-24,00:15,10.5,9.4,93.0,SE,9.7,22.5,1001.36,0.51,2.29,0,0,,
2026-01-24,00:30,10.5,9.4,94.0,SSE,9.7,11.3,1001.15,1.78,2.79,0,0,,
2026-01-24,00:45,10.6,9.4,94.0,SE,14.5,16.1,1001.12,1.78,2.03,0,0,,
2026-01-24,01:00,10.6,9.4,94.0,SSE,16.1,30.6,1001.05,2.03,2.03,0,0,,
2026-01-24,01:15,10.7,9.4,94.0,SSW,3.2,24.1,1001.39,4.57,3.81,0,0,,
2026-01-24,01:30,10.4,9.4,94.0,NW,3.2,29.0,1001.56,5.08,3.3,0,0,,
2026-01-24,01:45,10.3,9.4,94.0,SE,8.0,9.7,1001.25,5.08,3.3,0,0,,
2026-01-24,02:00,10.3,9.4,94.0,SSE,8.0,14.5,1001.52,5.08,3.3,0,0,,
2026-01-24,02:15,10.4,9.4,94.0,ESE,6.4,12.9,1001.59,5.08,0.51,0,0,,
2026-01-24,02:30,10.3,9.4,94.0,NORTH,0.0,4.8,1001.76,5.08,0.25,0,0,,
2026-01-24,02:45,10.3,9.4,94.0,SE,1.6,4.8,1001.66,5.08,0.25,0,0,,
2026-01-24,03:00,10.6,9.4,94.0,SSE,3.2,11.3,1001.69,5.33,0.25,0,0,,
2026-01-24,03:15,10.8,9.4,94.0,SSE,3.2,11.3,1001.32,6.86,1.52,0,0,,
2026-01-24,03:30,10.7,9.4,94.0,SSE,3.2,14.5,1001.22,7.11,2.03,0,0,,
2026-01-24,03:45,10.6,9.4,94.0,SSE,6.4,11.3,1001.15,7.11,2.03,0,0,,
2026-01-24,04:00,10.7,9.4,94.0,SSE,3.2,12.9,1000.91,7.37,2.03,0,0,,
2026-01-24,04:15,10.6,9.4,94.0,SSE,6.4,9.7,1001.05,7.37,0.51,0,0,,
2026-01-24,04:30,10.5,9.4,94.0,SSE,6.4,12.9,1001.05,7.37,0.25,0,0,,
2026-01-24,04:45,10.5,9.4,94.0,SSE,4.8,16.1,1000.85,7.37,0.25,0,0,,
2026-01-24,05:00,10.7,9.4,94.0,SSE,6.4,17.7,1001.08,7.37,0,0,0,,
2026-01-24,05:15,10.6,9.4,94.0,SE,6.4,12.9,1000.98,7.37,0,0,0,,
2026-01-24,05:30,10.7,9.4,94.0,SSE,4.8,14.5,1001.05,7.37,0,0,0,,
2026-01-24,05:45,10.6,9.4,94.0,NORTH,0.0,8.0,1000.85,7.37,0,0,0,,
2026-01-24,06:00,10.4,9.4,94.0,SOUTH,3.2,8.0,1000.98,7.37,0,0,0,,
2026-01-24,06:15,10.5,9.4,94.0,SSE,4.8,11.3,1001.05,7.37,0,0,0,,
2026-01-24,06:30,10.7,9.4,94.0,SSE,6.4,12.9,1001.22,7.37,0,0,0,,
2026-01-24,06:45,10.8,9.4,94.0,SSE,1.6,12.9,1001.36,7.62,0.25,0,0,,
2026-01-24,07:00,10.8,9.4,94.0,SSE,4.8,11.3,1001.46,7.62,0.25,0,0,,
2026-01-24,07:15,10.8,9.4,93.0,NORTH,0.0,9.7,1001.36,7.62,0.25,0,0,,
2026-01-24,07:30,10.7,9.4,93.0,SSE,3.2,11.3,1001.36,7.87,0.51,0,0,,
2026-01-24,07:45,10.6,9.4,93.0,SSE,3.2,9.7,1001.46,7.87,0.25,0,0,,
2026-01-24,08:00,10.5,9.4,93.0,SSE,6.4,14.5,1001.52,7.87,0.25,0,0,,
2026-01-24,08:15,10.4,9.4,93.0,SSW,8.0,9.7,1001.63,7.87,0.25,0,32,,
2026-01-24,08:30,10.6,9.4,93.0,SSE,4.8,11.3,1001.63,7.87,0,0,40,,
2026-01-24,08:45,10.5,9.4,93.0,SSE,4.8,11.3,1001.63,7.87,0,0,86,,
2026-01-24,09:00,10.7,9.4,93.0,SSE,6.4,8.0,1001.73,7.87,0,0,121,,
2026-01-24,09:15,10.8,9.4,92.0,NORTH,0.0,12.9,1001.66,7.87,0,0,123,,
2026-01-24,09:30,11.1,9.4,91.0,SSE,4.8,8.0,1002.1,7.87,0,0,120,,
2026-01-24,09:45,11.2,9.4,92.0,ESE,11.3,11.3,1002.24,7.87,0,0,127,,
2026-01-24,10:00,11.1,10.0,92.0,ESE,3.2,14.5,1002.34,7.87,0,1,209,,
2026-01-24,10:15,11.2,9.4,91.0,SSE,4.8,8.0,1002.3,7.87,0,1,167,,
2026-01-24,10:30,11.3,10.0,91.0,SE,4.8,12.9,1002.44,7.87,0,1,299,,
2026-01-24,10:45,11.6,10.0,91.0,SE,6.4,16.1,1002.37,7.87,0,1,265,,
2026-01-24,11:00,11.7,10.0,90.0,SSE,9.7,16.1,1002.37,7.87,0,1,288,,
2026-01-24,11:15,11.9,9.4,86.0,SSE,6.4,16.1,1002.37,7.87,0,1,322,,
2026-01-24,11:30,12.3,9.4,85.0,SSE,12.9,17.7,1002.44,7.87,0,1,279,,
2026-01-24,11:45,12.3,9.4,84.0,ESE,8.0,16.1,1002.4,7.87,0,1,320,,
2026-01-24,12:00,12.6,9.4,83.0,SSE,8.0,14.5,1002.03,7.87,0,2,294,,
2026-01-24,12:15,12.7,10.0,83.0,SE,3.2,14.5,1002,7.87,0,1,237,,
2026-01-24,12:30,12.9,10.0,84.0,ESE,1.6,17.7,1001.9,7.87,0,1,265,,
2026-01-24,12:45,12.7,10.0,84.0,SSE,3.2,25.7,1002.03,7.87,0,2,338,,
2026-01-24,13:00,12.7,10.0,84.0,SE,14.5,22.5,1001.96,7.87,0,1,204,,
2026-01-24,13:15,12.9,10.0,82.0,SSE,1.6,22.5,1001.66,7.87,0,1,265,,
2026-01-24,13:30,13.6,10.0,80.0,SE,6.4,16.1,1001.63,7.87,0,1,207,,
2026-01-24,13:45,13.4,9.4,78.0,SE,8.0,14.5,1001.39,7.87,0,0,81,,
2026-01-24,14:00,13.2,9.4,79.0,NW,16.1,32.2,1002.61,7.87,0,0,16,,
2026-01-24,14:15,10.1,7.2,83.0,WEST,4.8,41.8,1001.86,8.64,0.76,0,83,,
2026-01-24,14:30,9.7,7.2,86.0,WSW,6.4,40.2,1002.27,8.89,1.27,0,65,,
2026-01-24,14:45,9.7,7.8,88.0,SSW,1.6,14.5,1002.4,8.89,1.27,0,51,,
2026-01-24,15:00,9.7,7.8,88.0,NORTH,0.0,14.5,1002.37,8.89,1.27,0,33,,
2026-01-24,15:15,9.8,7.8,88.0,NORTH,0.0,6.4,1002.47,8.89,0.51,0,44,,
2026-01-24,15:30,9.9,7.8,89.0,NORTH,0.0,0.0,1002.3,8.89,0,0,54,,
2026-01-24,15:45,10.1,8.3,89.0,NORTH,0.0,6.4,1002.47,8.89,0,0,28,,
2026-01-24,16:00,9.8,7.8,89.0,NORTH,0.0,8.0,1002.47,9.14,0.25,0,9,,
2026-01-24,16:15,9.7,7.8,89.0,NORTH,0.0,8.0,1002.78,10.41,1.52,0,11,,
2026-01-24,16:30,9.6,7.8,89.0,SSW,3.2,6.4,1002.51,10.92,2.03,0,7,,
2026-01-24,16:45,9.2,7.2,89.0,SSE,3.2,8.0,1002.4,11.18,2.29,0,9,,
2026-01-24,17:00,9.3,7.2,89.0,SE,8.0,8.0,1002.54,11.18,2.03,0,7,,
2026-01-24,17:15,9.2,7.2,89.0,SE,4.8,11.3,1002.61,11.18,0.76,0,0,,
2026-01-24,17:30,9.1,7.2,88.0,SSE,3.2,6.4,1002.74,11.43,0.51,0,0,,
2026-01-24,17:45,9.1,7.2,88.0,SSE,6.4,12.9,1002.81,11.43,0.25,0,0,,
2026-01-24,18:00,9.1,7.2,88.0,SSE,6.4,12.9,1002.85,11.43,0.25,0,0,,
2026-01-24,18:15,8.9,7.2,88.0,SSE,9.7,11.3,1003.25,12.95,1.78,0,0,,
2026-01-24,18:30,9.2,7.2,89.0,SSE,8.0,14.5,1003.18,12.95,1.52,0,0,,
2026-01-24,18:45,9.1,7.2,89.0,SSE,8.0,12.9,1003.39,12.95,1.52,0,0,,
2026-01-24,19:00,8.9,7.2,89.0,SE,11.3,16.1,1002.68,12.95,1.52,0,0,,
2026-01-24,19:15,8.8,7.2,90.0,NORTH,0.0,11.3,1003.01,12.95,0,0,0,,
2026-01-24,19:30,8.8,7.2,90.0,NORTH,0.0,0.0,1003.01,12.95,0,0,0,,
2026-01-24,19:45,8.5,6.7,90.0,EAST,4.8,4.8,1003.59,12.95,0,0,0,,
2026-01-24,20:00,8.3,6.7,90.0,EAST,4.8,6.4,1003.29,12.95,0,0,0,,
2026-01-24,20:15,8.1,6.1,90.0,ESE,3.2,4.8,1003.66,12.95,0,0,0,,
2026-01-24,20:30,8.2,6.7,90.0,SE,3.2,8.0,1003.59,12.95,0,0,0,,
2026-01-24,20:45,8.2,6.7,90.0,SE,4.8,6.4,1003.86,12.95,0,0,0,,
2026-01-24,21:00,8.3,6.7,90.0,SE,4.8,11.3,1003.42,12.95,0,0,0,,
2026-01-24,21:15,8.2,6.7,90.0,SSE,6.4,11.3,1003.56,12.95,0,0,0,,
2026-01-24,21:30,8.2,6.7,90.0,SE,4.8,11.3,1003.66,12.95,0,0,0,,
2026-01-24,21:45,8.2,6.7,90.0,SE,6.4,12.9,1003.39,12.95,0,0,0,,
2026-01-24,22:00,8.1,6.7,90.0,SE,6.4,11.3,1003.45,12.95,0,0,0,,
2026-01-24,22:15,8.1,6.7,90.0,SSE,4.8,12.9,1003.49,12.95,0,0,0,,
2026-01-24,22:30,8.1,6.1,90.0,SSE,3.2,9.7,1003.39,12.95,0,0,0,,
2026-01-24,22:45,7.9,6.1,90.0,NORTH,0.0,4.8,1003.35,12.95,0,0,0,,
2026-01-24,23:00,7.8,6.1,90.0,SSE,3.2,8.0,1003.79,12.95,0,0,0,,
2026-01-24,23:15,7.8,6.1,90.0,SSE,4.8,12.9,1003.56,12.95,0,0,0,,
2026-01-24,23:30,8.0,6.1,90.0,SSE,9.7,11.3,1003.56,12.95,0,0,0,,
2026-01-24,23:45,8.1,6.7,90.0,SE,4.8,12.9,1003.25,12.95,0,0,0,,
2026-01-25,00:00,8.0,6.1,90.0,SE,6.4,12.9,1003.35,0,0,0,0,,
2026-01-25,00:15,7.9,6.1,90.0,SE,8.0,12.9,1003.08,0,0,0,0,,
2026-01-25,00:30,7.8,6.1,90.0,SE,9.7,11.3,1003.01,0,0,0,0,,
2026-01-25,00:45,7.7,6.1,90.0,SE,4.8,11.3,1003.22,0,0,0,0,,
2026-01-25,01:00,7.6,6.1,90.0,SE,4.8,12.9,1003.08,0,0,0,0,,
2026-01-25,01:15,7.6,6.1,90.0,NORTH,0.0,8.0,1003.22,0,0,0,0,,
2026-01-25,01:30,7.8,6.1,89.0,SSE,6.4,14.5,1003.01,0,0,0,0,,
2026-01-25,01:45,7.8,5.6,89.0,NORTH,0.0,6.4,1003.01,0,0,0,0,,
2026-01-25,02:00,7.7,5.6,88.0,NORTH,0.0,8.0,1003.42,0,0,0,0,,
2026-01-25,02:15,7.6,5.6,88.0,SSE,6.4,11.3,1003.12,0,0,0,0,,
2026-01-25,02:30,7.4,5.6,88.0,SSE,6.4,11.3,1002.88,0,0,0,0,,
2026-01-25,02:45,7.4,5.6,88.0,SSE,6.4,12.9,1002.85,0,0,0,0,,
2026-01-25,03:00,7.3,5.0,88.0,SE,4.8,11.3,1002.64,0,0,0,0,,
2026-01-25,03:15,7.3,5.0,88.0,SE,8.0,9.7,1002.51,0,0,0,0,,
2026-01-25,03:30,7.1,5.0,88.0,SE,1.6,11.3,1002.44,0,0,0,0,,
2026-01-25,03:45,6.9,5.0,88.0,SSE,6.4,9.7,1002.47,0,0,0,0,,
2026-01-25,04:00,6.9,5.0,88.0,SE,6.4,11.3,1001.93,0,0,0,0,,
2026-01-25,04:15,7.3,5.6,89.0,SSW,1.6,12.9,1002.78,0.51,0.51,0,0,,
2026-01-25,04:30,7.1,5.0,88.0,SW,4.8,24.1,1002.3,1.27,1.27,0,0,,
2026-01-25,04:45,6.8,4.4,87.0,SOUTH,3.2,19.3,1001.86,1.27,1.27,0,0,,
2026-01-25,05:00,6.8,4.4,86.0,SOUTH,1.6,6.4,1002,1.27,1.27,0,0,,
2026-01-25,05:15,6.7,3.9,85.0,NORTH,0.0,6.4,1001.86,1.27,0.51,0,0,,
2026-01-25,05:30,6.8,3.9,83.0,SSE,1.6,3.2,1001.76,1.27,0,0,0,,
2026-01-25,05:45,6.8,3.9,83.0,SSE,1.6,3.2,1001.42,1.27,0,0,0,,
2026-01-25,06:00,7.1,3.9,82.0,SSE,1.6,4.8,1001.32,1.27,0,0,0,,
2026-01-25,06:15,7.1,3.9,81.0,NORTH,0.0,0.0,1001.63,1.27,0,0,0,,
2026-01-25,06:30,7.4,4.4,81.0,NORTH,0.0,0.0,1001.76,1.52,0.25,0,0,,
2026-01-25,06:45,7.2,3.9,81.0,NORTH,0.0,6.4,1002.03,1.78,0.51,0,0,,
2026-01-25,07:00,7.1,3.9,83.0,SE,1.6,4.8,1001.63,2.03,0.76,0,0,,
2026-01-25,07:15,6.9,4.4,84.0,SE,3.2,12.9,1001.56,2.03,0.76,0,0,,
2026-01-25,07:30,6.8,4.4,85.0,SSE,8.0,19.3,1001.39,2.03,0.51,0,0,,
2026-01-25,07:45,6.7,4.4,85.0,SSE,3.2,16.1,1001.73,2.03,0.25,0,0,,
2026-01-25,08:00,6.8,4.4,86.0,SSE,8.0,22.5,1001.8,2.29,0.51,0,9,,
2026-01-25,08:15,6.7,4.4,86.0,SSE,11.3,16.1,1001.86,2.29,0.51,0,21,,
2026-01-25,08:30,6.7,4.4,87.0,SOUTH,6.4,17.7,1002.27,2.29,0.51,0,19,,
2026-01-25,08:45,6.6,4.4,87.0,SSE,1.6,19.3,1002.07,2.29,0.51,0,49,,
2026-01-25,09:00,6.6,4.4,88.0,SOUTH,3.2,12.9,1002.17,2.29,0,0,192,,
2026-01-25,09:15,7.1,5.0,87.0,SSE,8.0,16.1,1002.03,2.29,0,0,88,,
2026-01-25,09:30,7.1,5.0,88.0,SSE,4.8,16.1,1002.07,2.29,0,0,49,,
2026-01-25,09:45,7.1,5.0,88.0,SSE,8.0,14.5,1002.07,2.79,0.51,0,137,,
2026-01-25,10:00,7.3,5.6,89.0,SSE,6.4,11.3,1001.96,2.79,0.51,0,72,,
2026-01-25,10:15,7.4,5.6,89.0,WEST,9.7,27.4,1002.91,3.81,1.52,0,14,,
2026-01-25,10:30,6.8,5.0,89.0,WNW,6.4,24.1,1002.85,4.83,2.29,0,33,,
2026-01-25,10:45,6.6,5.0,90.0,WNW,8.0,17.7,1002.81,5.33,2.54,0,30,,
2026-01-25,11:00,6.8,5.0,90.0,SSW,6.4,17.7,1002.68,5.84,3.05,0,102,,
2026-01-25,11:15,6.9,5.6,90.0,WSW,4.8,12.9,1002.91,6.35,2.29,0,60,,
2026-01-25,11:30,7.4,5.6,90.0,WEST,14.5,27.4,1002.54,6.6,1.78,1,366,,
2026-01-25,11:45,8.3,6.7,90.0,SW,3.2,16.1,1002.44,6.6,1.27,1,510,,
2026-01-25,12:00,8.8,6.7,89.0,SSW,1.6,12.9,1002.51,6.6,0.76,1,237,,
2026-01-25,12:15,8.3,6.1,88.0,WEST,20.9,45.1,1002.98,7.11,0.51,0,49,,
2026-01-25,12:30,7.7,5.6,88.0,NNW,9.7,29.0,1002.57,7.37,0.76,0,86,,
2026-01-25,12:45,8.0,6.1,89.0,WNW,3.2,20.9,1002.13,7.37,0.76,1,69,,
2026-01-25,13:00,8.5,6.7,90.0,WEST,9.7,11.3,1002.07,7.37,0.76,1,197,,
2026-01-25,13:15,8.7,6.7,90.0,SW,3.2,19.3,1002.24,7.37,0.51,0,63,,
2026-01-25,13:30,9.2,7.2,90.0,NW,17.7,27.4,1002.17,7.37,0,2,555,,
2026-01-25,13:45,9.9,7.8,88.0,WEST,20.9,33.8,1002.07,7.37,0,1,580,,
2026-01-25,14:00,10.0,7.8,86.0,WEST,9.7,48.3,1001.83,7.37,0,1,700,,
2026-01-25,14:15,9.6,6.7,84.0,ENE,14.5,37.0,1001.86,7.37,0,1,483,,
2026-01-25,14:30,10.2,7.2,84.0,NW,33.8,32.2,1001.76,7.37,0,0,309,,
2026-01-25,14:45,9.1,6.7,85.0,,14.5,56.3,1001.76,7.62,0.25,1,508,,
2026-01-25,15:00,9.6,7.2,87.0,WEST,4.8,22.5,1001.86,7.62,0.25,1,276,,
2026-01-25,15:30,7.6,5.6,87.0,WEST,16.1,24.1,1002.24,8.13,0.25,0,19,,
2026-01-25,15:45,8.0,6.1,89.0,WNW,9.7,33.8,1002.44,8.38,0.51,0,102,,
2026-01-25,16:00,8.2,6.1,89.0,WEST,9.7,22.5,1002.03,8.38,0.51,0,33,,
2026-01-25,16:15,8.1,6.1,89.0,WNW,19.3,25.7,1002.2,8.64,0.51,0,37,,
2026-01-25,16:30,7.9,6.1,89.0,WNW,8.0,32.2,1002.24,8.64,0.51,0,81,,
2026-01-25,16:45,8.1,6.1,89.0,SW,11.3,24.1,1002.34,8.64,0.25,0,72,,
2026-01-25,17:00,8.3,6.7,90.0,WNW,6.4,20.9,1002.51,8.64,0.25,0,47,,
2026-01-25,17:15,8.3,6.7,90.0,WNW,6.4,14.5,1002.51,8.64,0,0,39,,
2026-01-25,17:30,8.3,6.7,90.0,WNW,12.9,16.1,1002.61,8.64,0,0,0,,
2026-01-25,17:45,8.0,6.1,90.0,WNW,11.3,29.0,1002.64,8.64,0,0,0,,
2026-01-25,18:00,8.0,6.1,89.0,WEST,1.6,22.5,1002.81,8.64,0,0,0,,
2026-01-25,18:15,8.2,6.1,89.0,WNW,9.7,22.5,1002.88,8.64,0,0,0,,
2026-01-25,18:30,8.2,6.1,89.0,WNW,3.2,16.1,1002.81,8.89,0.25,0,0,,
2026-01-25,18:45,7.9,6.1,89.0,WEST,14.5,17.7,1002.74,8.89,0.25,0,0,,
2026-01-25,19:00,7.9,6.1,90.0,NW,3.2,19.3,1002.74,8.89,0.25,0,0,,
2026-01-25,19:15,7.9,6.1,90.0,NORTH,0.0,9.7,1002.74,8.89,0.25,0,0,,
2026-01-25,19:30,7.9,6.1,90.0,WNW,3.2,9.7,1002.78,8.89,0,0,0,,
2026-01-25,19:45,7.8,6.1,90.0,WEST,4.8,9.7,1002.88,8.89,0,0,0,,
2026-01-25,20:00,7.9,6.1,90.0,WEST,4.8,12.9,1002.78,8.89,0,0,0,,
2026-01-25,20:15,7.8,6.1,90.0,WNW,1.6,11.3,1002.51,8.89,0,0,0,,
2026-01-25,20:30,7.7,6.1,90.0,WSW,1.6,8.0,1002.61,8.89,0,0,0,,
2026-01-25,20:45,8.2,6.7,90.0,WEST,6.4,17.7,1002.68,8.89,0,0,0,,
2026-01-25,21:00,8.4,6.7,89.0,WNW,8.0,41.8,1002.88,8.89,0.25,0,0,,
2026-01-25,21:15,8.2,6.1,88.0,WNW,12.9,20.9,1002.61,9.4,0.51,0,0,,
2026-01-25,21:30,8.1,6.1,89.0,WNW,1.6,19.3,1002.27,9.4,0.51,0,0,,
2026-01-25,21:45,7.9,6.1,88.0,NORTH,0.0,11.3,1001.96,9.4,0.51,0,0,,
2026-01-25,22:00,7.8,6.1,89.0,NORTH,0.0,4.8,1001.76,9.4,0.51,0,0,,
2026-01-25,22:15,7.7,5.6,89.0,SSE,3.2,8.0,1001.36,9.4,0,0,0,,
2026-01-25,22:30,8.1,6.1,89.0,SSE,4.8,9.7,1001.19,9.4,0,0,0,,
2026-01-25,22:45,8.2,6.1,89.0,SSE,9.7,11.3,1001.52,9.4,0,0,0,,
2026-01-25,23:00,8.4,6.7,89.0,SSE,3.2,11.3,1001.32,9.4,0,0,0,,
2026-01-25,23:15,8.6,6.7,89.0,SSE,8.0,16.1,1001.19,9.4,0,0,0,,
2026-01-25,23:30,8.7,6.7,88.0,SSE,12.9,17.7,1000.81,9.4,0,0,0,,
2026-01-25,23:45,8.2,6.1,88.0,SE,11.3,16.1,1000.75,9.4,0,0,0,,
2026-01-01,OVR,,,,,,,,,,,,gustmax,19.3
2026-01-01,OVR,,,,,,,,,,,,rainrate_max,
2026-01-01,OVR,,,,,,,,,,,,rain_total_mm,
2026-01-01,OVR,,,,,,,,,,,,tmax,12.3
2026-01-01,OVR,,,,,,,,,,,,tmin,6.4
2026-01-01,OVR,,,,,,,,,,,,wind_dir_mean_deg,112.5
2026-01-02,OVR,,,,,,,,,,,,gustmax,27.4
2026-01-02,OVR,,,,,,,,,,,,rainrate_max,
2026-01-02,OVR,,,,,,,,,,,,rain_total_mm,
2026-01-02,OVR,,,,,,,,,,,,tmax,13.8
2026-01-02,OVR,,,,,,,,,,,,tmin,8.4
2026-01-02,OVR,,,,,,,,,,,,wind_dir_mean_deg,135.0
2026-01-03,OVR,,,,,,,,,,,,gustmax,17.7
2026-01-03,OVR,,,,,,,,,,,,rainrate_max,
2026-01-03,OVR,,,,,,,,,,,,rain_total_mm,
2026-01-03,OVR,,,,,,,,,,,,tmax,15.8
2026-01-03,OVR,,,,,,,,,,,,tmin,9.4
2026-01-03,OVR,,,,,,,,,,,,wind_dir_mean_deg,112.5
2026-01-04,OVR,,,,,,,,,,,,gustmax,19.3
2026-01-04,OVR,,,,,,,,,,,,rainrate_max,1.0
2026-01-04,OVR,,,,,,,,,,,,rain_total_mm,1.2
2026-01-04,OVR,,,,,,,,,,,,tmax,13.8
2026-01-04,OVR,,,,,,,,,,,,tmin,10.9
2026-01-04,OVR,,,,,,,,,,,,wind_dir_mean_deg,135.0
2026-01-05,OVR,,,,,,,,,,,,gustmax,24.1
2026-01-05,OVR,,,,,,,,,,,,rainrate_max,
2026-01-05,OVR,,,,,,,,,,,,rain_total_mm,
2026-01-05,OVR,,,,,,,,,,,,tmax,14.3
2026-01-05,OVR,,,,,,,,,,,,tmin,9.6
2026-01-05,OVR,,,,,,,,,,,,wind_dir_mean_deg,112.5
2026-01-06,OVR,,,,,,,,,,,,gustmax,45.1
2026-01-06,OVR,,,,,,,,,,,,rainrate_max,23.4
2026-01-06,OVR,,,,,,,,,,,,rain_total_mm,3.4
2026-01-06,OVR,,,,,,,,,,,,tmax,12.2
2026-01-06,OVR,,,,,,,,,,,,tmin,6.0
2026-01-06,OVR,,,,,,,,,,,,wind_dir_mean_deg,292.5
2026-01-07,OVR,,,,,,,,,,,,gustmax,78.9
2026-01-07,OVR,,,,,,,,,,,,rainrate_max,1.2
2026-01-07,OVR,,,,,,,,,,,,rain_total_mm,0.6
2026-01-07,OVR,,,,,,,,,,,,tmax,7.5
2026-01-07,OVR,,,,,,,,,,,,tmin,4.2
2026-01-07,OVR,,,,,,,,,,,,wind_dir_mean_deg,292.5
2026-01-08,OVR,,,,,,,,,,,,gustmax,67.6
2026-01-08,OVR,,,,,,,,,,,,rainrate_max,5.4
2026-01-08,OVR,,,,,,,,,,,,rain_total_mm,0.6
2026-01-08,OVR,,,,,,,,,,,,tmax,10.3
2026-01-08,OVR,,,,,,,,,,,,tmin,7.1
2026-01-08,OVR,,,,,,,,,,,,wind_dir_mean_deg,292.5
2026-01-09,OVR,,,,,,,,,,,,gustmax,69.2
2026-01-09,OVR,,,,,,,,,,,,rainrate_max,24.2
2026-01-09,OVR,,,,,,,,,,,,rain_total_mm,1.2
2026-01-09,OVR,,,,,,,,,,,,tmax,13.5
2026-01-09,OVR,,,,,,,,,,,,tmin,6.9
2026-01-09,OVR,,,,,,,,,,,,wind_dir_mean_deg,292.5
2026-01-10,OVR,,,,,,,,,,,,gustmax,99.8
2026-01-10,OVR,,,,,,,,,,,,rainrate_max,0.2
2026-01-10,OVR,,,,,,,,,,,,rain_total_mm,0.4
2026-01-10,OVR,,,,,,,,,,,,tmax,9.7
2026-01-10,OVR,,,,,,,,,,,,tmin,6.3
2026-01-10,OVR,,,,,,,,,,,,wind_dir_mean_deg,292.5
2026-01-11,OVR,,,,,,,,,,,,gustmax,77.2
2026-01-11,OVR,,,,,,,,,,,,rainrate_max,
2026-01-11,OVR,,,,,,,,,,,,rain_total_mm,
2026-01-11,OVR,,,,,,,,,,,,tmax,9.4
2026-01-11,OVR,,,,,,,,,,,,tmin,5.2
2026-01-11,OVR,,,,,,,,,,,,wind_dir_mean_deg,292.5
2026-01-12,OVR,,,,,,,,,,,,gustmax,19.3
2026-01-12,OVR,,,,,,,,,,,,rainrate_max,
2026-01-12,OVR,,,,,,,,,,,,rain_total_mm,
2026-01-12,OVR,,,,,,,,,,,,tmax,11.9
2026-01-12,OVR,,,,,,,,,,,,tmin,4.3
2026-01-12,OVR,,,,,,,,,,,,wind_dir_mean_deg,135.0
2026-01-13,OVR,,,,,,,,,,,,gustmax,29.0
2026-01-13,OVR,,,,,,,,,,,,rainrate_max,
2026-01-13,OVR,,,,,,,,,,,,rain_total_mm,
2026-01-13,OVR,,,,,,,,,,,,tmax,14.1
2026-01-13,OVR,,,,,,,,,,,,tmin,7.1
2026-01-13,OVR,,,,,,,,,,,,wind_dir_mean_deg,112.5
2026-01-14,OVR,,,,,,,,,,,,gustmax,25.7
2026-01-14,OVR,,,,,,,,,,,,rainrate_max,
2026-01-14,OVR,,,,,,,,,,,,rain_total_mm,
2026-01-14,OVR,,,,,,,,,,,,tmax,15.5
2026-01-14,OVR,,,,,,,,,,,,tmin,7.1
2026-01-14,OVR,,,,,,,,,,,,wind_dir_mean_deg,112.5
2026-01-15,OVR,,,,,,,,,,,,gustmax,22.5
2026-01-15,OVR,,,,,,,,,,,,rainrate_max,
2026-01-15,OVR,,,,,,,,,,,,rain_total_mm,
2026-01-15,OVR,,,,,,,,,,,,tmax,14.6
2026-01-15,OVR,,,,,,,,,,,,tmin,7.1
2026-01-15,OVR,,,,,,,,,,,,wind_dir_mean_deg,112.5
2026-01-16,OVR,,,,,,,,,,,,gustmax,29.0
2026-01-16,OVR,,,,,,,,,,,,rainrate_max,
2026-01-16,OVR,,,,,,,,,,,,rain_total_mm,
2026-01-16,OVR,,,,,,,,,,,,tmax,14.1
2026-01-16,OVR,,,,,,,,,,,,tmin,9.0
2026-01-16,OVR,,,,,,,,,,,,wind_dir_mean_deg,90.0
2026-01-17,OVR,,,,,,,,,,,,gustmax,45.1
2026-01-17,OVR,,,,,,,,,,,,rainrate_max,0.2
2026-01-17,OVR,,,,,,,,,,,,rain_total_mm,0.4
2026-01-17,OVR,,,,,,,,,,,,tmax,14.7
2026-01-17,OVR,,,,,,,,,,,,tmin,10.4
2026-01-17,OVR,,,,,,,,,,,,wind_dir_mean_deg,112.5
2026-01-18,OVR,,,,,,,,,,,,gustmax,40.2
2026-01-18,OVR,,,,,,,,,,,,rainrate_max,
2026-01-18,OVR,,,,,,,,,,,,rain_total_mm,
2026-01-18,OVR,,,,,,,,,,,,tmax,13.9
2026-01-18,OVR,,,,,,,,,,,,tmin,10.3
2026-01-18,OVR,,,,,,,,,,,,wind_dir_mean_deg,90.0
2026-01-19,OVR,,,,,,,,,,,,gustmax,43.5
2026-01-19,OVR,,,,,,,,,,,,rainrate_max,76.8
2026-01-19,OVR,,,,,,,,,,,,rain_total_mm,45.6
2026-01-19,OVR,,,,,,,,,,,,tmax,11.9
2026-01-19,OVR,,,,,,,,,,,,tmin,9.0
2026-01-19,OVR,,,,,,,,,,,,wind_dir_mean_deg,90.0
2026-01-20,OVR,,,,,,,,,,,,gustmax,49.9
2026-01-20,OVR,,,,,,,,,,,,rainrate_max,3.8
2026-01-20,OVR,,,,,,,,,,,,rain_total_mm,1.6
2026-01-20,OVR,,,,,,,,,,,,tmax,12.3
2026-01-20,OVR,,,,,,,,,,,,tmin,9.4
2026-01-20,OVR,,,,,,,,,,,,wind_dir_mean_deg,90.0
2026-01-21,OVR,,,,,,,,,,,,gustmax,27.4
2026-01-21,OVR,,,,,,,,,,,,rainrate_max,
2026-01-21,OVR,,,,,,,,,,,,rain_total_mm,
2026-01-21,OVR,,,,,,,,,,,,tmax,10.2
2026-01-21,OVR,,,,,,,,,,,,tmin,5.7
2026-01-21,OVR,,,,,,,,,,,,wind_dir_mean_deg,90.0
2026-01-22,OVR,,,,,,,,,,,,gustmax,29.0
2026-01-22,OVR,,,,,,,,,,,,rainrate_max,4.8
2026-01-22,OVR,,,,,,,,,,,,rain_total_mm,4.0
2026-01-22,OVR,,,,,,,,,,,,tmax,11.8
2026-01-22,OVR,,,,,,,,,,,,tmin,6.6
2026-01-22,OVR,,,,,,,,,,,,wind_dir_mean_deg,135.0
2026-01-23,OVR,,,,,,,,,,,,gustmax,29.0
2026-01-23,OVR,,,,,,,,,,,,rainrate_max,23.6
2026-01-23,OVR,,,,,,,,,,,,rain_total_mm,12.0
2026-01-23,OVR,,,,,,,,,,,,tmax,13.3
2026-01-23,OVR,,,,,,,,,,,,tmin,7.8
2026-01-23,OVR,,,,,,,,,,,,wind_dir_mean_deg,135.0
2026-01-24,OVR,,,,,,,,,,,,gustmax,54.7
2026-01-24,OVR,,,,,,,,,,,,rainrate_max,35.2
2026-01-24,OVR,,,,,,,,,,,,rain_total_mm,13.0
2026-01-24,OVR,,,,,,,,,,,,tmax,13.7
2026-01-24,OVR,,,,,,,,,,,,tmin,7.8
2026-01-24,OVR,,,,,,,,,,,,wind_dir_mean_deg,157.5
2026-01-25,OVR,,,,,,,,,,,,gustmax,
2026-01-25,OVR,,,,,,,,,,,,rainrate_max,
2026-01-25,OVR,,,,,,,,,,,,rain_total_mm,
2026-01-25,OVR,,,,,,,,,,,,tmax,
2026-01-25,OVR,,,,,,,,,,,,tmin,
2026-01-25,OVR,,,,,,,,,,,,wind_dir_mean_deg,
2026-01-26,OVR,,,,,,,,,,,,gustmax,
2026-01-26,OVR,,,,,,,,,,,,rainrate_max,
2026-01-26,OVR,,,,,,,,,,,,rain_total_mm,
2026-01-26,OVR,,,,,,,,,,,,tmax,
2026-01-26,OVR,,,,,,,,,,,,tmin,
2026-01-26,OVR,,,,,,,,,,,,wind_dir_mean_deg,
2026-01-27,OVR,,,,,,,,,,,,gustmax,
2026-01-27,OVR,,,,,,,,,,,,rainrate_max,
2026-01-27,OVR,,,,,,,,,,,,rain_total_mm,
2026-01-27,OVR,,,,,,,,,,,,tmax,
2026-01-27,OVR,,,,,,,,,,,,tmin,
2026-01-27,OVR,,,,,,,,,,,,wind_dir_mean_deg,
2026-01-28,OVR,,,,,,,,,,,,gustmax,
2026-01-28,OVR,,,,,,,,,,,,rainrate_max,
2026-01-28,OVR,,,,,,,,,,,,rain_total_mm,
2026-01-28,OVR,,,,,,,,,,,,tmax,
2026-01-28,OVR,,,,,,,,,,,,tmin,
2026-01-28,OVR,,,,,,,,,,,,wind_dir_mean_deg,
2026-01-29,OVR,,,,,,,,,,,,gustmax,
2026-01-29,OVR,,,,,,,,,,,,rainrate_max,
2026-01-29,OVR,,,,,,,,,,,,rain_total_mm,
2026-01-29,OVR,,,,,,,,,,,,tmax,
2026-01-29,OVR,,,,,,,,,,,,tmin,
2026-01-29,OVR,,,,,,,,,,,,wind_dir_mean_deg,
2026-01-30,OVR,,,,,,,,,,,,gustmax,
2026-01-30,OVR,,,,,,,,,,,,rainrate_max,
2026-01-30,OVR,,,,,,,,,,,,rain_total_mm,
2026-01-30,OVR,,,,,,,,,,,,tmax,
2026-01-30,OVR,,,,,,,,,,,,tmin,
2026-01-30,OVR,,,,,,,,,,,,wind_dir_mean_deg,
2026-01-31,OVR,,,,,,,,,,,,gustmax,
2026-01-31,OVR,,,,,,,,,,,,rainrate_max,
2026-01-31,OVR,,,,,,,,,,,,rain_total_mm,
2026-01-31,OVR,,,,,,,,,,,,tmax,
2026-01-31,OVR,,,,,,,,,,,,tmin,
2026-01-31,OVR,,,,,,,,,,,,wind_dir_mean_deg,
