date,time,temp_c,dewpoint_c,rh_pct,wind_dir_txt,wind_kmh,gust_kmh,press_hpa,rain_acc_mm,rain_rate_mmph,uv,solar_wm2,key,value
2026-03-01,00:00,10.0,7.8,86.0,ESE,6.4,16.1,1023.33,0,0,0,0,,
2026-03-01,00:15,9.9,7.8,87.0,ESE,6.4,14.5,1023.47,0,0,0,0,,
2026-03-01,00:30,9.8,7.8,87.0,EAST,6.4,14.5,1023.3,0,0,0,0,,
2026-03-01,00:45,9.8,7.8,87.0,ESE,4.8,12.9,1023.47,0,0,0,0,,
2026-03-01,01:00,9.6,7.2,87.0,ESE,4.8,9.7,1023.47,0,0,0,0,,
2026-03-01,01:15,9.4,7.2,87.0,ESE,4.8,9.7,1023.57,0,0,0,0,,
2026-03-01,01:30,9.3,7.2,87.0,ESE,6.4,11.3,1023.23,0,0,0,0,,
2026-03-01,01:45,9.1,6.7,87.0,ESE,3.2,6.4,1023.27,0,0,0,0,,
2026-03-01,02:00,8.9,6.7,88.0,ESE,4.8,9.7,1023.33,0,0,0,0,,
2026-03-01,02:15,8.8,6.7,88.0,ESE,3.2,6.4,1023.03,0,0,0,0,,
2026-03-01,02:30,8.8,6.7,88.0,ESE,4.8,6.4,1023.27,0,0,0,0,,
2026-03-01,02:45,8.8,6.7,88.0,ESE,4.8,6.4,1023.27,0,0,0,0,,
2026-03-01,03:00,8.8,6.7,88.0,ESE,4.8,9.7,1023.27,0,0,0,0,,
2026-03-01,03:15,8.8,6.7,89.0,ESE,4.8,9.7,1022.96,0,0,0,0,,
2026-03-01,03:30,8.8,6.7,89.0,ESE,6.4,9.7,1023.1,0,0,0,0,,
2026-03-01,03:45,8.8,6.7,89.0,ESE,4.8,9.7,1023.23,0,0,0,0,,
2026-03-01,04:00,8.8,6.7,89.0,EAST,11.3,9.7,1022.89,0,0,0,0,,
2026-03-01,04:15,8.8,6.7,89.0,EAST,6.4,11.3,1022.99,0,0,0,0,,
2026-03-01,04:30,8.7,6.7,89.0,EAST,6.4,11.3,1022.96,0,0,0,0,,
2026-03-01,04:45,8.7,6.7,89.0,EAST,4.8,11.3,1023.16,0,0,0,0,,
2026-03-01,05:00,8.5,6.7,89.0,ESE,3.2,9.7,1023.3,0,0,0,0,,
2026-03-01,05:15,8.5,6.7,89.0,ESE,4.8,6.4,1023.27,0,0,0,0,,
2026-03-01,05:30,8.4,6.7,89.0,ESE,4.8,9.7,1023.57,0,0,0,0,,
2026-03-01,05:45,8.3,6.7,90.0,ESE,8.0,11.3,1023.54,0,0,0,0,,
2026-03-01,06:00,8.3,6.7,90.0,ESE,6.4,11.3,1023.81,0,0,0,0,,
2026-03-01,06:15,8.3,6.7,90.0,ESE,4.8,9.7,1023.77,0,0,0,0,,
2026-03-01,06:30,8.4,6.7,90.0,SE,3.2,9.7,1023.98,0,0,0,0,,
2026-03-01,06:45,8.4,6.7,90.0,ESE,1.6,9.7,1023.91,0,0,0,0,,
2026-03-01,07:00,8.2,6.1,90.0,ESE,1.6,6.4,1024.11,0,0,0,0,,
2026-03-01,07:15,8.1,6.1,90.0,EAST,6.4,9.7,1023.87,0,0,0,14,,
2026-03-01,07:30,8.3,6.7,90.0,ESE,4.8,11.3,1024.08,0,0,0,39,,
2026-03-01,07:45,8.6,6.7,90.0,EAST,6.4,16.1,1023.77,0,0,0,58,,
2026-03-01,08:00,8.8,7.2,89.0,ESE,11.3,14.5,1023.84,0,0,0,84,,
2026-03-01,08:15,8.9,7.2,89.0,EAST,9.7,12.9,1023.84,0,0,0,91,,
2026-03-01,08:30,9.3,7.2,89.0,ESE,3.2,11.3,1024.04,0,0,0,90,,
2026-03-01,08:45,10.0,7.8,88.0,EAST,9.7,11.3,1024.08,0,0,1,220,,
2026-03-01,09:00,10.6,8.3,86.0,ESE,3.2,11.3,1024.25,0,0,1,211,,
2026-03-01,09:15,10.8,8.3,86.0,EAST,9.7,11.3,1024.55,0,0,1,181,,
2026-03-01,09:30,11.1,8.9,86.0,ESE,1.6,11.3,1024.96,0,0,1,171,,
2026-03-01,09:45,11.2,8.3,85.0,ESE,1.6,6.4,1025.09,0,0,1,243,,
2026-03-01,10:00,11.5,8.9,84.0,EAST,3.2,11.3,1024.96,0,0,1,230,,
2026-03-01,10:15,11.6,8.9,84.0,EAST,3.2,11.3,1025.09,0,0,1,221,,
2026-03-01,10:30,11.8,8.9,84.0,ESE,9.7,11.3,1024.99,0,0,1,287,,
2026-03-01,10:45,12.1,8.9,83.0,ENE,3.2,12.9,1024.69,0,0,1,327,,
2026-03-01,11:00,12.6,9.4,81.0,ENE,3.2,11.3,1025.09,0,0,2,311,,
2026-03-01,11:15,12.2,8.9,80.0,NORTH,0.0,11.3,1024.89,0,0,2,313,,
2026-03-01,11:30,12.8,8.9,79.0,SSE,6.4,11.3,1024.55,0,0,2,592,,
2026-03-01,11:45,12.6,8.9,78.0,SSE,3.2,14.5,1025.06,0,0,1,287,,
2026-03-01,12:00,13.2,9.4,78.0,SSE,1.6,14.5,1024.92,0,0,2,717,,
2026-03-01,12:15,13.3,9.4,78.0,SSE,9.7,16.1,1024.76,0,0,2,304,,
2026-03-01,12:30,13.4,9.4,78.0,SE,3.2,16.1,1025.03,0,0,2,369,,
2026-03-01,12:45,13.5,9.4,78.0,SE,14.5,24.1,1024.69,0,0,3,369,,
2026-03-01,13:00,13.3,9.4,78.0,SSE,4.8,20.9,1024.59,0,0,2,323,,
2026-03-01,13:15,13.3,9.4,78.0,SE,3.2,16.1,1024.28,0,0,2,540,,
2026-03-01,13:30,13.6,9.4,78.0,NORTH,0.0,17.7,1024.38,0,0,1,251,,
2026-03-01,13:45,14.1,10.0,77.0,SSE,8.0,19.3,1024.25,0,0,2,394,,
2026-03-01,14:00,13.6,9.4,77.0,SSE,8.0,16.1,1024.31,0,0,1,258,,
2026-03-01,14:15,13.8,10.0,78.0,SSE,3.2,17.7,1024.08,0,0,1,287,,
2026-03-01,14:30,13.9,10.0,79.0,SSE,8.0,8.0,1023.98,0,0,1,202,,
2026-03-01,14:45,13.9,10.0,78.0,SSE,4.8,12.9,1024.04,0,0,1,243,,
2026-03-01,15:00,13.9,10.0,79.0,SSE,6.4,12.9,1023.91,0,0,1,230,,
2026-03-01,15:15,14.0,10.0,77.0,SE,17.7,16.1,1023.77,0,0,1,332,,
2026-03-01,15:30,13.9,9.4,75.0,ESE,6.4,19.3,1023.57,0,0,1,202,,
2026-03-01,15:45,13.9,9.4,75.0,SE,6.4,14.5,1023.87,0,0,0,120,,
2026-03-01,16:00,13.9,9.4,75.0,SE,8.0,14.5,1023.43,0,0,0,116,,
2026-03-01,16:15,14.0,10.0,76.0,SE,6.4,12.9,1023.23,0,0,0,107,,
2026-03-01,16:30,13.9,9.4,76.0,SSE,11.3,14.5,1023.4,0,0,0,144,,
2026-03-01,16:45,13.8,9.4,76.0,SE,4.8,16.1,1023.54,0,0,0,84,,
2026-03-01,17:00,13.6,10.0,79.0,SSE,1.6,11.3,1023.6,0,0,0,86,,
2026-03-01,17:15,13.6,10.0,80.0,SE,9.7,14.5,1023.91,0,0,0,100,,
2026-03-01,17:30,13.5,10.0,81.0,NORTH,0.0,12.9,1023.94,0,0,0,37,,
2026-03-01,17:45,13.6,10.6,82.0,SSE,3.2,8.0,1023.91,0,0,0,19,,
2026-03-01,18:00,13.5,10.6,82.0,SSE,4.8,9.7,1023.94,0,0,0,0,,
2026-03-01,18:15,13.2,10.0,83.0,SSE,4.8,11.3,1023.87,0,0,0,0,,
2026-03-01,18:30,13.0,10.0,84.0,SSE,4.8,11.3,1023.98,0,0,0,0,,
2026-03-01,18:45,12.9,10.0,85.0,SSE,4.8,11.3,1023.87,0,0,0,0,,
2026-03-01,19:00,12.8,10.0,85.0,SE,8.0,11.3,1024.04,0,0,0,0,,
2026-03-01,19:15,12.7,10.0,86.0,SE,6.4,8.0,1023.98,0,0,0,0,,
2026-03-01,19:30,12.6,10.0,86.0,SE,9.7,14.5,1023.84,0,0,0,0,,
2026-03-01,19:45,12.6,10.0,87.0,SE,6.4,12.9,1023.98,0,0,0,0,,
2026-03-01,20:00,12.5,10.0,87.0,SE,6.4,12.9,1023.84,0,0,0,0,,
2026-03-01,20:15,12.4,10.0,87.0,SE,4.8,8.0,1023.67,0,0,0,0,,
2026-03-01,20:30,12.3,10.0,87.0,ESE,3.2,9.7,1023.91,0,0,0,0,,
2026-03-01,20:45,12.2,10.0,88.0,ESE,12.9,12.9,1023.74,0,0,0,0,,
2026-03-01,21:00,11.8,9.4,87.0,SE,11.3,17.7,1023.91,0,0,0,0,,
2026-03-01,21:15,11.7,9.4,86.0,ESE,8.0,16.1,1024.21,0,0,0,0,,
2026-03-01,21:30,11.8,9.4,86.0,ESE,9.7,17.7,1024.01,0,0,0,0,,
2026-03-01,21:45,11.7,8.9,85.0,SE,8.0,14.5,1023.81,0,0,0,0,,
2026-03-01,22:00,11.7,8.9,84.0,EAST,12.9,17.7,1023.98,0,0,0,0,,
2026-03-01,22:15,11.7,8.9,84.0,ESE,14.5,16.1,1024.15,0,0,0,0,,
2026-03-01,22:30,11.6,8.9,84.0,ESE,6.4,17.7,1024.04,0,0,0,0,,
2026-03-01,22:45,11.6,8.9,84.0,ESE,9.7,14.5,1023.84,0,0,0,0,,
2026-03-01,23:00,11.5,8.9,84.0,ESE,4.8,17.7,1024.18,0,0,0,0,,
2026-03-01,23:15,11.5,8.9,84.0,EAST,4.8,11.3,1024.01,0,0,0,0,,
2026-03-01,23:30,11.5,8.9,85.0,ESE,4.8,11.3,1023.81,0,0,0,0,,
2026-03-01,23:45,11.6,8.9,85.0,SE,6.4,16.1,1023.74,0,0,0,0,,
2026-03-01,OVR,,,,,,,,,,,,gustmax,24.1
2026-03-01,OVR,,,,,,,,,,,,rainrate_max,
2026-03-01,OVR,,,,,,,,,,,,rain_total_mm,
2026-03-01,OVR,,,,,,,,,,,,tmax,14.2
2026-03-01,OVR,,,,,,,,,,,,tmin,8.1
2026-03-01,OVR,,,,,,,,,,,,wind_dir_mean_deg,112.5
2026-03-02,00:00,11.5,8.9,85.0,ESE,6.4,11.3,1023.47,0,0,0,0,,
2026-03-02,00:15,11.5,8.9,85.0,EAST,12.9,14.5,1023.4,0,0,0,0,,
2026-03-02,00:30,11.4,8.9,86.0,ESE,11.3,12.9,1023.27,0,0,0,0,,
2026-03-02,00:45,11.4,8.9,86.0,NORTH,0.0,12.9,1023.33,0,0,0,0,,
2026-03-02,01:00,11.5,8.9,86.0,ESE,4.8,12.9,1023.33,0,0,0,0,,
2026-03-02,01:15,11.5,9.4,87.0,ESE,3.2,6.4,1023.16,0,0,0,0,,
2026-03-02,01:30,11.7,9.4,87.0,SE,1.6,6.4,1023.37,0,0,0,0,,
2026-03-02,01:45,11.8,9.4,87.0,SE,3.2,6.4,1023.2,0,0,0,0,,
2026-03-02,02:00,11.8,9.4,87.0,SE,1.6,6.4,1023.1,0,0,0,0,,
2026-03-02,02:15,11.8,9.4,87.0,SE,3.2,6.4,1023.27,0,0,0,0,,
2026-03-02,02:30,11.8,9.4,87.0,SE,4.8,6.4,1023.13,0,0,0,0,,
2026-03-02,02:45,11.7,9.4,87.0,NORTH,0.0,4.8,1022.89,0,0,0,0,,
2026-03-02,03:00,11.7,9.4,87.0,ESE,3.2,9.7,1022.59,0,0,0,0,,
2026-03-02,03:15,11.6,9.4,87.0,EAST,4.8,11.3,1022.86,0,0,0,0,,
2026-03-02,03:30,11.4,8.9,87.0,EAST,3.2,11.3,1022.45,0,0,0,0,,
2026-03-02,03:45,11.4,9.4,87.0,ESE,3.2,11.3,1022.22,0,0,0,0,,
2026-03-02,04:00,11.5,9.4,87.0,ESE,4.8,14.5,1022.25,0,0,0,0,,
2026-03-02,04:15,11.5,9.4,88.0,EAST,9.7,12.9,1022.25,0,0,0,0,,
2026-03-02,04:30,11.5,9.4,88.0,EAST,4.8,11.3,1022.18,0,0,0,0,,
2026-03-02,04:45,11.5,9.4,88.0,EAST,4.8,9.7,1022.05,0,0,0,0,,
2026-03-02,05:00,11.6,9.4,88.0,ESE,6.4,11.3,1022.18,0,0,0,0,,
2026-03-02,05:15,11.7,9.4,88.0,EAST,6.4,12.9,1022.25,0,0,0,0,,
2026-03-02,05:30,11.7,9.4,88.0,EAST,6.4,9.7,1022.28,0,0,0,0,,
2026-03-02,05:45,11.7,9.4,88.0,ESE,9.7,14.5,1022.28,0,0,0,0,,
2026-03-02,06:00,11.6,9.4,88.0,ESE,3.2,12.9,1022.22,0,0,0,0,,
2026-03-02,06:15,11.7,9.4,88.0,EAST,3.2,14.5,1022.08,0,0,0,0,,
2026-03-02,06:30,11.7,9.4,88.0,ESE,6.4,14.5,1022.05,0,0,0,0,,
2026-03-02,06:45,11.7,9.4,89.0,EAST,4.8,12.9,1022.11,0,0,0,0,,
2026-03-02,07:00,11.8,10.0,89.0,EAST,3.2,12.9,1022.11,0,0,0,0,,
2026-03-02,07:15,11.9,10.0,89.0,ESE,4.8,16.1,1022.52,0,0,0,0,,
2026-03-02,07:30,12.2,10.6,89.0,ESE,6.4,16.1,1021.98,0,0,0,18,,
2026-03-02,07:45,12.2,10.6,90.0,ESE,6.4,17.7,1022.38,0,0,0,54,,
2026-03-02,08:00,12.3,10.6,90.0,ESE,6.4,14.5,1022.38,0,0,0,76,,
2026-03-02,08:15,12.4,10.6,91.0,ESE,14.5,22.5,1022.25,0,0,0,132,,
2026-03-02,08:30,12.7,11.1,91.0,SE,11.3,24.1,1022.32,0,0,0,130,,
2026-03-02,08:45,13.0,11.1,90.0,SE,11.3,17.7,1022.35,0,0,0,221,,
2026-03-02,09:00,13.1,11.1,87.0,SE,19.3,30.6,1022.49,0,0,0,216,,
2026-03-02,09:15,13.3,10.6,85.0,SSE,16.1,33.8,1022.45,0,0,1,181,,
2026-03-02,09:30,13.3,10.6,85.0,SE,22.5,32.2,1022.38,0,0,1,287,,
2026-03-02,09:45,13.9,10.6,82.0,SE,14.5,35.4,1022.66,0,0,1,320,,
2026-03-02,10:00,13.8,10.6,82.0,SE,20.9,38.6,1022.45,0,0,1,381,,
2026-03-02,10:15,13.9,11.1,83.0,SE,27.4,33.8,1022.72,0,0,1,229,,
2026-03-02,10:30,14.3,10.6,79.0,SE,24.1,37.0,1022.76,0,0,2,555,,
2026-03-02,10:45,14.4,10.6,80.0,SE,25.7,35.4,1023.06,0,0,2,594,,
2026-03-02,11:00,14.8,11.1,79.0,SSE,17.7,37.0,1022.89,0,0,3,682,,
2026-03-02,11:15,14.5,11.1,80.0,SSE,20.9,38.6,1022.99,0,0,2,378,,
2026-03-02,11:30,14.8,11.1,78.0,SE,30.6,37.0,1022.69,0,0,3,661,,
2026-03-02,11:45,14.9,11.1,80.0,SSE,20.9,41.8,1022.79,0,0,2,499,,
2026-03-02,12:00,14.8,11.1,80.0,SSE,20.9,40.2,1022.82,0,0,2,417,,
2026-03-02,12:15,15.1,11.7,80.0,SSE,22.5,35.4,1022.62,0,0,2,434,,
2026-03-02,12:30,14.9,11.1,79.0,SE,24.1,35.4,1022.35,0,0,2,367,,
2026-03-02,12:45,14.4,10.6,80.0,SE,20.9,40.2,1022.38,0,0,2,311,,
2026-03-02,13:00,14.8,11.1,79.0,SE,35.4,35.4,1022.05,0,0,2,417,,
2026-03-02,13:15,14.6,11.1,80.0,SSE,20.9,33.8,1021.78,0,0,2,446,,
2026-03-02,13:30,14.6,11.1,80.0,ESE,19.3,37.0,1021.84,0,0,2,468,,
2026-03-02,13:45,14.8,11.1,79.0,SE,22.5,32.2,1021.94,0,0,2,461,,
2026-03-02,14:00,14.4,10.6,79.0,SE,22.5,33.8,1021.78,0,0,2,383,,
2026-03-02,14:15,14.9,11.1,78.0,SE,24.1,33.8,1021.61,0,0,2,642,,
2026-03-02,14:30,15.1,10.6,76.0,SE,16.1,37.0,1021.54,0,0,2,547,,
2026-03-02,14:45,15.2,10.6,74.0,SE,27.4,35.4,1021.47,0,0,2,503,,
2026-03-02,15:00,15.4,11.1,76.0,SSE,11.3,37.0,1021.2,0,0,2,466,,
2026-03-02,15:15,15.1,11.1,78.0,SE,22.5,32.2,1021.33,0,0,1,355,,
2026-03-02,15:30,14.8,11.1,79.0,SSE,22.5,38.6,1021.2,0,0,1,432,,
2026-03-02,15:45,14.8,11.1,79.0,SSE,11.3,37.0,1021.3,0,0,1,411,,
2026-03-02,16:00,14.7,11.1,80.0,SE,24.1,37.0,1021.13,0,0,1,357,,
2026-03-02,16:15,14.4,11.1,80.0,ESE,12.9,35.4,1021.23,0,0,1,297,,
2026-03-02,16:30,14.2,10.6,81.0,SSE,22.5,32.2,1021.13,0,0,1,253,,
2026-03-02,16:45,14.0,10.6,82.0,ESE,16.1,38.6,1021.23,0,0,0,204,,
2026-03-02,17:00,13.6,10.6,83.0,SE,25.7,38.6,1021.06,0,0,0,135,,
2026-03-02,17:15,13.4,10.6,83.0,SE,16.1,33.8,1021.13,0,0,0,125,,
2026-03-02,17:30,13.2,10.6,84.0,SE,16.1,30.6,1021.06,0,0,0,69,,
2026-03-02,17:45,13.0,10.6,85.0,SE,16.1,30.6,1021.5,0,0,0,39,,
2026-03-02,18:00,12.7,10.0,85.0,SE,9.7,32.2,1021.23,0,0,0,18,,
2026-03-02,18:15,12.6,10.0,86.0,SE,12.9,29.0,1021.54,0,0,0,0,,
2026-03-02,18:30,12.4,10.0,86.0,ESE,12.9,27.4,1021.84,0,0,0,0,,
2026-03-02,18:45,12.2,10.0,86.0,SE,17.7,27.4,1021.84,0,0,0,0,,
2026-03-02,19:00,12.2,10.0,87.0,SE,14.5,29.0,1021.94,0,0,0,0,,
2026-03-02,19:15,12.1,10.0,87.0,SSE,14.5,24.1,1022.05,0,0,0,0,,
2026-03-02,19:30,11.9,9.4,87.0,ESE,17.7,24.1,1022.08,0,0,0,0,,
2026-03-02,19:45,11.7,9.4,87.0,ESE,14.5,19.3,1022.18,0,0,0,0,,
2026-03-02,20:00,11.6,9.4,87.0,ESE,14.5,20.9,1022.25,0,0,0,0,,
2026-03-02,20:15,11.5,8.9,86.0,ESE,6.4,20.9,1022.49,0,0,0,0,,
2026-03-02,20:30,11.5,8.9,86.0,SE,12.9,17.7,1022.52,0,0,0,0,,
2026-03-02,20:45,11.3,8.9,86.0,ESE,14.5,17.7,1022.62,0,0,0,0,,
2026-03-02,21:00,11.4,8.9,86.0,ESE,9.7,20.9,1022.89,0,0,0,0,,
2026-03-02,21:15,11.4,8.9,86.0,SE,11.3,22.5,1022.89,0,0,0,0,,
2026-03-02,21:30,11.4,8.9,86.0,SE,11.3,19.3,1022.62,0,0,0,0,,
2026-03-02,21:45,11.4,8.9,86.0,ESE,6.4,19.3,1022.66,0,0,0,0,,
2026-03-02,22:00,11.4,8.9,87.0,EAST,9.7,17.7,1022.82,0,0,0,0,,
2026-03-02,22:15,11.4,8.9,87.0,EAST,16.1,17.7,1023.03,0,0,0,0,,
2026-03-02,22:30,11.4,8.9,87.0,ESE,14.5,19.3,1022.86,0,0,0,0,,
2026-03-02,22:45,11.3,8.9,87.0,ESE,16.1,19.3,1022.89,0,0,0,0,,
2026-03-02,23:00,11.3,8.9,87.0,ESE,8.0,19.3,1022.96,0,0,0,0,,
2026-03-02,23:15,11.4,9.4,87.0,ESE,12.9,20.9,1022.99,0,0,0,0,,
2026-03-02,23:30,11.4,9.4,87.0,ESE,9.7,20.9,1022.76,0,0,0,0,,
2026-03-02,23:45,11.3,8.9,88.0,SE,11.3,17.7,1022.72,0,0,0,0,,
2026-03-02,OVR,,,,,,,,,,,,gustmax,43.5
2026-03-02,OVR,,,,,,,,,,,,rainrate_max,
2026-03-02,OVR,,,,,,,,,,,,rain_total_mm,
2026-03-02,OVR,,,,,,,,,,,,tmax,15.5
2026-03-02,OVR,,,,,,,,,,,,tmin,11.3
2026-03-02,OVR,,,,,,,,,,,,wind_dir_mean_deg,135.0
2026-03-03,00:00,11.3,9.4,88.0,ESE,12.9,19.3,1022.99,0,0,0,0,,
2026-03-03,00:15,11.3,8.9,87.0,ESE,9.7,17.7,1022.99,0,0,0,0,,
2026-03-03,00:30,11.4,8.9,87.0,EAST,11.3,25.7,1022.62,0,0,0,0,,
2026-03-03,00:45,11.6,9.4,86.0,ESE,11.3,22.5,1022.66,0,0,0,0,,
2026-03-03,01:00,11.6,9.4,87.0,ESE,16.1,22.5,1022.76,0,0,0,0,,
2026-03-03,01:15,11.4,8.9,86.0,SE,8.0,25.7,1022.55,0,0,0,0,,
2026-03-03,01:30,11.6,9.4,87.0,SE,11.3,19.3,1022.66,0,0,0,0,,
2026-03-03,01:45,11.6,9.4,87.0,SE,8.0,16.1,1022.66,0,0,0,0,,
2026-03-03,02:00,11.5,9.4,87.0,ESE,12.9,19.3,1022.25,0,0,0,0,,
2026-03-03,02:15,11.4,8.9,86.0,EAST,11.3,20.9,1022.66,0,0,0,0,,
2026-03-03,02:30,11.4,8.9,86.0,SE,14.5,20.9,1022.11,0,0,0,0,,
2026-03-03,02:45,11.4,8.9,87.0,ESE,17.7,20.9,1022.35,0,0,0,0,,
2026-03-03,03:00,11.3,8.9,87.0,ESE,16.1,20.9,1022.18,0,0,0,0,,
2026-03-03,03:15,11.4,9.4,87.0,ESE,16.1,20.9,1022.01,0,0,0,0,,
2026-03-03,03:30,11.4,9.4,87.0,ESE,11.3,19.3,1021.88,0,0,0,0,,
2026-03-03,03:45,11.5,9.4,87.0,ESE,6.4,17.7,1022.08,0,0,0,0,,
2026-03-03,04:00,11.3,8.9,87.0,ESE,14.5,19.3,1021.67,0,0,0,0,,
2026-03-03,04:15,11.3,9.4,88.0,ESE,9.7,19.3,1021.67,0,0,0,0,,
2026-03-03,04:30,11.4,9.4,88.0,SE,11.3,22.5,1021.71,0,0,0,0,,
2026-03-03,04:45,11.6,9.4,88.0,ESE,9.7,17.7,1022.05,0,0,0,0,,
2026-03-03,05:00,11.7,9.4,88.0,SE,11.3,17.7,1021.98,0,0,0,0,,
2026-03-03,05:15,11.7,9.4,88.0,ESE,12.9,22.5,1022.08,0,0,0,0,,
2026-03-03,05:30,11.7,9.4,88.0,ESE,9.7,20.9,1022.08,0,0,0,0,,
2026-03-03,05:45,11.7,9.4,88.0,ESE,14.5,20.9,1022.01,0,0,0,0,,
2026-03-03,06:00,11.7,9.4,88.0,ESE,4.8,24.1,1022.45,0,0,0,0,,
2026-03-03,06:15,11.6,9.4,87.0,ESE,9.7,14.5,1022.55,0,0,0,0,,
2026-03-03,06:30,11.7,9.4,87.0,ESE,12.9,19.3,1022.15,0,0,0,0,,
2026-03-03,06:45,11.8,9.4,87.0,ESE,12.9,19.3,1022.01,0,0,0,0,,
2026-03-03,07:00,11.9,10.0,87.0,ESE,6.4,19.3,1022.45,0,0,0,0,,
2026-03-03,07:15,12.1,10.0,87.0,ESE,9.7,14.5,1022.55,0,0,0,14,,
2026-03-03,07:30,12.2,10.0,87.0,ESE,19.3,20.9,1022.15,0,0,0,30,,
2026-03-03,07:45,12.2,10.0,88.0,SE,19.3,25.7,1022.18,0,0,0,49,,
2026-03-03,08:00,12.3,10.0,87.0,SE,12.9,24.1,1022.22,0,0,0,83,,
2026-03-03,08:15,12.6,10.6,87.0,ESE,14.5,22.5,1022.32,0,0,0,67,,
2026-03-03,08:30,12.7,10.6,87.0,SE,12.9,24.1,1022.72,0,0,0,86,,
2026-03-03,08:45,12.8,10.6,87.0,ESE,17.7,25.7,1022.38,0,0,0,132,,
2026-03-03,09:00,13.1,11.1,87.0,ESE,8.0,22.5,1022.76,0,0,0,97,,
2026-03-03,09:15,13.2,11.1,87.0,ESE,12.9,27.4,1022.82,0,0,0,84,,
2026-03-03,09:30,13.3,11.1,87.0,ESE,14.5,20.9,1022.96,0,0,0,127,,
2026-03-03,09:45,13.6,11.1,87.0,ESE,17.7,27.4,1023.06,0,0,0,118,,
2026-03-03,10:00,13.7,11.1,87.0,SE,8.0,32.2,1023.13,0,0,1,114,,
2026-03-03,10:15,13.8,11.1,86.0,ESE,20.9,32.2,1023.13,0,0,1,214,,
2026-03-03,10:30,14.3,11.7,85.0,ESE,24.1,32.2,1022.79,0,0,2,332,,
2026-03-03,10:45,15.3,12.2,82.0,EAST,20.9,30.6,1022.59,0,0,2,638,,
2026-03-03,11:00,15.4,11.7,81.0,EAST,14.5,40.2,1023.1,0,0,2,520,,
2026-03-03,11:15,15.8,11.7,78.0,SE,24.1,40.2,1022.89,0,0,3,675,,
2026-03-03,11:30,16.2,12.2,78.0,ESE,16.1,38.6,1022.93,0,0,2,373,,
2026-03-03,11:45,15.7,11.7,78.0,SE,16.1,32.2,1022.55,0,0,2,388,,
2026-03-03,12:00,16.5,12.2,77.0,SE,29.0,30.6,1022.62,0,0,2,622,,
2026-03-03,12:15,16.2,11.7,76.0,ESE,25.7,32.2,1022.62,0,0,1,297,,
2026-03-03,12:30,16.2,12.2,77.0,ESE,17.7,30.6,1022.69,0,0,2,487,,
2026-03-03,12:45,15.9,11.7,77.0,ESE,11.3,30.6,1022.52,0,0,1,214,,
2026-03-03,13:00,16.1,11.7,76.0,ESE,17.7,32.2,1022.15,0,0,2,457,,
2026-03-03,13:15,16.2,11.7,75.0,ESE,22.5,33.8,1021.91,0,0,2,367,,
2026-03-03,13:30,15.8,11.1,75.0,SE,24.1,37.0,1021.74,0,0,1,272,,
2026-03-03,13:45,15.7,11.1,76.0,SE,4.8,29.0,1021.74,0,0,1,250,,
2026-03-03,14:00,15.7,11.1,76.0,EAST,12.9,35.4,1021.5,0,0,2,619,,
2026-03-03,14:15,16.6,11.7,74.0,SE,11.3,38.6,1021.57,0,0,2,622,,
2026-03-03,14:30,16.2,11.1,73.0,EAST,24.1,32.2,1021.47,0,0,2,383,,
2026-03-03,14:45,16.1,11.1,74.0,SE,24.1,32.2,1021.78,0,0,1,329,,
2026-03-03,15:00,16.0,11.7,75.0,EAST,14.5,33.8,1021.81,0,0,1,257,,
2026-03-03,15:15,16.1,11.7,76.0,ESE,9.7,20.9,1021.71,0,0,1,373,,
2026-03-03,15:30,16.1,11.1,74.0,ESE,14.5,30.6,1021.2,0,0,1,248,,
2026-03-03,15:45,16.0,11.7,76.0,ENE,9.7,27.4,1021.3,0,0,1,439,,
2026-03-03,16:00,16.1,11.7,75.0,SE,6.4,30.6,1021.44,0,0,1,278,,
2026-03-03,16:15,15.8,11.1,75.0,ESE,14.5,20.9,1021.2,0,0,0,116,,
2026-03-03,16:30,15.3,11.1,76.0,ESE,6.4,22.5,1021.13,0,0,0,118,,
2026-03-03,16:45,14.9,10.6,76.0,SE,6.4,30.6,1021.06,0,0,0,93,,
2026-03-03,17:00,14.7,10.6,77.0,ESE,17.7,29.0,1021.13,0,0,0,74,,
2026-03-03,17:15,14.4,10.6,78.0,ESE,12.9,24.1,1021.2,0,0,0,54,,
2026-03-03,17:30,14.2,10.6,78.0,ESE,11.3,32.2,1020.89,0,0,0,32,,
2026-03-03,17:45,13.9,10.0,79.0,ESE,20.9,27.4,1020.83,0,0,0,18,,
2026-03-03,18:00,13.8,10.0,80.0,ESE,11.3,33.8,1020.83,0,0,0,7,,
2026-03-03,18:15,13.7,10.0,80.0,EAST,19.3,25.7,1020.73,0,0,0,0,,
2026-03-03,18:30,13.4,10.0,81.0,SE,8.0,25.7,1020.93,0,0,0,0,,
2026-03-03,18:45,13.3,10.0,81.0,ESE,12.9,29.0,1021.03,0,0,0,0,,
2026-03-03,19:00,13.3,10.0,82.0,ESE,14.5,32.2,1021.13,0,0,0,0,,
2026-03-03,19:15,13.2,10.0,82.0,ESE,22.5,33.8,1021.13,0,0,0,0,,
2026-03-03,19:30,13.2,10.0,82.0,SE,19.3,43.5,1021.23,0,0,0,0,,
2026-03-03,19:45,13.2,10.0,82.0,ESE,19.3,33.8,1021.5,0,0,0,0,,
2026-03-03,20:00,13.2,10.0,83.0,SE,19.3,33.8,1021.44,0,0,0,0,,
2026-03-03,20:15,13.2,10.0,83.0,ESE,12.9,37.0,1022.01,0,0,0,0,,
2026-03-03,20:30,13.2,10.0,83.0,ESE,22.5,29.0,1021.91,0,0,0,0,,
2026-03-03,20:45,13.2,10.0,83.0,ESE,17.7,30.6,1021.98,0,0,0,0,,
2026-03-03,21:00,13.2,10.0,83.0,ESE,14.5,32.2,1021.98,0,0,0,0,,
2026-03-03,21:15,13.3,10.0,83.0,ESE,27.4,45.1,1022.18,0,0,0,0,,
2026-03-03,21:30,13.2,10.0,83.0,EAST,11.3,32.2,1022.01,0,0,0,0,,
2026-03-03,21:45,13.2,10.0,83.0,EAST,16.1,32.2,1022.55,0,0,0,0,,
2026-03-03,22:00,13.2,10.0,83.0,EAST,14.5,19.3,1022.66,0,0,0,0,,
2026-03-03,22:15,13.1,10.0,83.0,ENE,12.9,27.4,1022.72,0,0,0,0,,
2026-03-03,22:30,13.2,10.0,83.0,ESE,11.3,35.4,1022.93,0,0,0,0,,
2026-03-03,22:45,13.2,10.0,83.0,SE,4.8,19.3,1023.16,0,0,0,0,,
2026-03-03,23:00,13.2,10.0,83.0,ESE,16.1,25.7,1023.47,0,0,0,0,,
2026-03-03,23:15,13.2,10.0,83.0,SE,12.9,24.1,1023.91,0,0,0,0,,
2026-03-03,23:30,13.1,10.0,83.0,ESE,9.7,17.7,1023.43,0,0,0,0,,
2026-03-03,23:45,12.9,10.0,83.0,ESE,9.7,19.3,1023.47,0,0,0,0,,
2026-03-03,OVR,,,,,,,,,,,,gustmax,45.1
2026-03-03,OVR,,,,,,,,,,,,rainrate_max,
2026-03-03,OVR,,,,,,,,,,,,rain_total_mm,
2026-03-03,OVR,,,,,,,,,,,,tmax,16.8
2026-03-03,OVR,,,,,,,,,,,,tmin,11.2
2026-03-03,OVR,,,,,,,,,,,,wind_dir_mean_deg,112.5
2026-03-04,00:00,12.8,10.0,84.0,ESE,16.1,17.7,1022.96,0,0,0,0,,
2026-03-04,00:15,12.9,10.0,84.0,ENE,17.7,24.1,1022.72,0,0,0,0,,
2026-03-04,00:30,12.8,10.0,84.0,EAST,6.4,29.0,1022.79,0,0,0,0,,
2026-03-04,00:45,12.8,10.0,84.0,ESE,11.3,27.4,1022.82,0,0,0,0,,
2026-03-04,01:00,12.7,10.0,84.0,EAST,9.7,22.5,1022.55,0,0,0,0,,
2026-03-04,01:15,12.7,10.0,84.0,ESE,12.9,24.1,1022.76,0,0,0,0,,
2026-03-04,01:30,12.7,10.0,84.0,ESE,14.5,19.3,1022.55,0,0,0,0,,
2026-03-04,01:45,12.7,10.0,84.0,ESE,6.4,20.9,1022.99,0,0,0,0,,
2026-03-04,02:00,12.8,10.0,84.0,EAST,9.7,20.9,1023.27,0,0,0,0,,
2026-03-04,02:15,12.7,10.0,84.0,ESE,17.7,22.5,1023.03,0,0,0,0,,
2026-03-04,02:30,12.6,10.0,84.0,ESE,19.3,19.3,1022.72,0,0,0,0,,
2026-03-04,02:45,12.5,10.0,85.0,ESE,17.7,19.3,1022.25,0,0,0,0,,
2026-03-04,03:00,12.4,10.0,85.0,ESE,11.3,17.7,1022.35,0,0,0,0,,
2026-03-04,03:15,12.4,10.0,85.0,ENE,9.7,19.3,1021.81,0,0,0,0,,
2026-03-04,03:30,12.4,10.0,85.0,ESE,12.9,25.7,1021.78,0,0,0,0,,
2026-03-04,03:45,12.4,10.0,85.0,ESE,9.7,22.5,1021.54,0,0,0,0,,
2026-03-04,04:00,12.4,10.0,85.0,EAST,4.8,24.1,1021.57,0,0,0,0,,
2026-03-04,04:15,12.4,10.0,85.0,EAST,12.9,27.4,1021.27,0,0,0,0,,
2026-03-04,04:30,12.4,10.0,85.0,ENE,8.0,22.5,1021.37,0,0,0,0,,
2026-03-04,04:45,12.4,10.0,85.0,EAST,6.4,19.3,1021.4,0,0,0,0,,
2026-03-04,05:00,12.5,10.0,85.0,EAST,8.0,24.1,1021.47,0,0,0,0,,
2026-03-04,05:15,12.6,10.0,84.0,ENE,6.4,27.4,1021.37,0,0,0,0,,
2026-03-04,05:30,12.6,10.0,84.0,EAST,11.3,25.7,1021.67,0,0,0,0,,
2026-03-04,05:45,12.6,10.0,84.0,ESE,6.4,20.9,1021.61,0,0,0,0,,
2026-03-04,06:00,12.6,10.0,84.0,EAST,12.9,19.3,1022.01,0,0,0,0,,
2026-03-04,06:15,12.6,10.0,84.0,ESE,1.6,17.7,1021.98,0,0,0,0,,
2026-03-04,06:30,12.5,10.0,85.0,NE,3.2,17.7,1022.01,0,0,0,0,,
2026-03-04,06:45,12.4,10.0,85.0,EAST,6.4,22.5,1021.81,0,0,0,0,,
2026-03-04,07:00,12.4,10.0,85.0,ESE,12.9,20.9,1022.05,0,0,0,0,,
2026-03-04,07:15,12.4,10.0,86.0,EAST,16.1,20.9,1022.15,0,0,0,12,,
2026-03-04,07:30,12.5,10.0,86.0,SSE,19.3,27.4,1022.32,0,0,0,33,,
2026-03-04,07:45,12.5,10.0,86.0,ESE,17.7,25.7,1022.28,0,0,0,79,,
2026-03-04,08:00,12.7,10.0,86.0,ESE,8.0,22.5,1022.22,0,0,0,83,,
2026-03-04,08:15,12.8,10.6,86.0,ENE,14.5,25.7,1022.25,0,0,0,104,,
2026-03-04,08:30,13.2,10.6,85.0,ENE,20.9,32.2,1022.11,0,0,0,155,,
2026-03-04,08:45,13.5,10.6,85.0,EAST,12.9,32.2,1022.08,0,0,0,174,,
2026-03-04,09:00,13.5,10.6,85.0,EAST,17.7,27.4,1021.98,0,0,0,158,,
2026-03-04,09:15,14.0,11.1,83.0,ESE,11.3,25.7,1022.55,0,0,1,320,,
2026-03-04,09:30,14.4,11.1,81.0,EAST,12.9,35.4,1022.28,0,0,1,338,,
2026-03-04,09:45,14.7,11.1,80.0,ESE,19.3,32.2,1022.69,0,0,1,374,,
2026-03-04,10:00,14.8,11.1,79.0,EAST,6.4,38.6,1022.49,0,0,1,404,,
2026-03-04,10:15,15.1,11.1,78.0,ESE,22.5,30.6,1022.11,0,0,1,417,,
2026-03-04,10:30,15.2,11.1,77.0,ESE,14.5,33.8,1022.55,0,0,1,436,,
2026-03-04,10:45,15.6,11.1,77.0,EAST,11.3,30.6,1022.62,0,0,1,475,,
2026-03-04,11:00,15.7,11.7,76.0,ESE,17.7,40.2,1022.62,0,0,2,489,,
2026-03-04,11:15,15.7,11.1,75.0,EAST,19.3,40.2,1022.25,0,0,2,496,,
2026-03-04,11:30,15.9,11.1,75.0,ESE,16.1,40.2,1022.45,0,0,2,517,,
2026-03-04,11:45,16.1,11.7,75.0,EAST,16.1,46.7,1022.76,0,0,2,538,,
2026-03-04,12:00,16.3,11.7,74.0,ESE,9.7,40.2,1022.86,0,0,2,485,,
2026-03-04,12:15,16.4,11.7,73.0,SE,24.1,33.8,1022.55,0,0,2,621,,
2026-03-04,12:30,16.6,11.7,72.0,SE,33.8,41.8,1022.35,0,0,2,577,,
2026-03-04,12:45,16.4,11.1,73.0,EAST,12.9,33.8,1022.38,0,0,2,406,,
2026-03-04,13:00,16.7,11.7,73.0,SE,20.9,37.0,1022.18,0,0,2,628,,
2026-03-04,13:15,16.9,11.7,73.0,ESE,9.7,35.4,1022.08,0,0,2,633,,
2026-03-04,13:30,16.6,11.7,72.0,EAST,16.1,45.1,1022.18,0,0,2,345,,
2026-03-04,13:45,16.6,11.7,74.0,SE,16.1,38.6,1021.81,0,0,2,566,,
2026-03-04,14:00,16.9,11.7,73.0,ESE,24.1,33.8,1021.74,0,0,2,563,,
2026-03-04,14:15,16.8,11.7,72.0,SE,20.9,43.5,1021.3,0,0,2,380,,
2026-03-04,14:30,16.4,11.1,73.0,ESE,16.1,33.8,1021.33,0,0,1,264,,
2026-03-04,14:45,16.2,11.1,73.0,EAST,6.4,32.2,1021.4,0,0,1,241,,
2026-03-04,15:00,16.1,11.1,73.0,SE,25.7,37.0,1021.37,0,0,1,297,,
2026-03-04,15:15,16.1,11.1,74.0,SE,20.9,40.2,1021.37,0,0,1,318,,
2026-03-04,15:30,15.9,11.1,74.0,ESE,30.6,40.2,1020.89,0,0,1,178,,
2026-03-04,15:45,15.7,11.1,75.0,ESE,24.1,38.6,1021,0,0,1,229,,
2026-03-04,16:00,15.7,11.1,75.0,ESE,19.3,33.8,1020.83,0,0,1,267,,
2026-03-04,16:15,15.4,11.1,76.0,ESE,9.7,33.8,1021.03,0,0,0,155,,
2026-03-04,16:30,15.3,11.1,77.0,SSE,22.5,30.6,1020.89,0,0,0,200,,
2026-03-04,16:45,15.2,11.1,78.0,ESE,16.1,32.2,1020.69,0,0,0,141,,
2026-03-04,17:00,14.9,11.1,78.0,SE,11.3,32.2,1020.69,0,0,0,137,,
2026-03-04,17:15,14.7,11.1,79.0,ESE,16.1,35.4,1020.59,0,0,0,114,,
2026-03-04,17:30,14.6,11.1,80.0,ESE,16.1,30.6,1020.79,0,0,0,67,,
2026-03-04,17:45,14.3,10.6,80.0,SE,17.7,32.2,1020.79,0,0,0,25,,
2026-03-04,18:00,13.9,10.6,81.0,ESE,3.2,27.4,1020.93,0,0,0,16,,
2026-03-04,18:15,13.7,10.6,82.0,ESE,11.3,25.7,1020.83,0,0,0,0,,
2026-03-04,18:30,13.6,10.6,82.0,ESE,16.1,25.7,1020.89,0,0,0,0,,
2026-03-04,18:45,13.5,10.6,83.0,ESE,29.0,30.6,1020.89,0,0,0,0,,
2026-03-04,19:00,13.3,10.6,83.0,ESE,22.5,30.6,1020.86,0,0,0,0,,
2026-03-04,19:15,13.3,10.6,83.0,ESE,14.5,29.0,1021.03,0,0,0,0,,
2026-03-04,19:30,13.3,10.6,84.0,ESE,22.5,30.6,1021.2,0,0,0,0,,
2026-03-04,19:45,13.2,10.6,84.0,ESE,12.9,30.6,1021.23,0,0,0,0,,
2026-03-04,20:00,13.1,10.0,84.0,SE,20.9,32.2,1021.13,0,0,0,0,,
2026-03-04,20:15,13.1,10.6,84.0,ESE,24.1,32.2,1021.4,0,0,0,0,,
2026-03-04,20:30,13.1,10.6,84.0,ESE,12.9,37.0,1021.27,0,0,0,0,,
2026-03-04,20:45,13.1,10.6,85.0,SE,19.3,37.0,1021.27,0,0,0,0,,
2026-03-04,21:00,13.0,10.6,85.0,ESE,16.1,27.4,1021.3,0,0,0,0,,
2026-03-04,21:15,13.0,10.6,85.0,SE,22.5,33.8,1021.44,0,0,0,0,,
2026-03-04,21:30,13.0,10.6,85.0,SE,20.9,29.0,1021.4,0,0,0,0,,
2026-03-04,21:45,12.9,10.6,85.0,ESE,22.5,30.6,1021.47,0,0,0,0,,
2026-03-04,22:00,12.9,10.6,85.0,SE,11.3,27.4,1021.57,0,0,0,0,,
2026-03-04,22:15,12.8,10.0,85.0,EAST,24.1,30.6,1021.74,0,0,0,0,,
2026-03-04,22:30,12.7,10.0,85.0,ESE,24.1,30.6,1021.37,0,0,0,0,,
2026-03-04,22:45,12.7,10.0,86.0,ESE,20.9,29.0,1021.2,0,0,0,0,,
2026-03-04,23:00,12.7,10.0,86.0,SE,17.7,30.6,1021.23,0,0,0,0,,
2026-03-04,23:15,12.7,10.0,86.0,ESE,16.1,24.1,1020.62,0,0,0,0,,
2026-03-04,23:30,12.9,10.6,85.0,ESE,16.1,32.2,1020.76,0,0,0,0,,
2026-03-04,23:45,13.0,10.6,85.0,SE,22.5,35.4,1020.45,0,0,0,0,,
2026-03-04,OVR,,,,,,,,,,,,gustmax,46.7
2026-03-04,OVR,,,,,,,,,,,,rainrate_max,
2026-03-04,OVR,,,,,,,,,,,,rain_total_mm,
2026-03-04,OVR,,,,,,,,,,,,tmax,17.0
2026-03-04,OVR,,,,,,,,,,,,tmin,12.3
2026-03-04,OVR,,,,,,,,,,,,wind_dir_mean_deg,112.5
2026-03-05,00:00,13.0,10.0,84.0,SE,19.3,33.8,1020.62,0,0,0,0,,
2026-03-05,00:15,13.0,10.0,84.0,ESE,19.3,32.2,1020.73,0,0,0,0,,
2026-03-05,00:30,12.9,10.0,84.0,ESE,22.5,37.0,1020.66,0,0,0,0,,
2026-03-05,00:45,12.9,10.0,84.0,ESE,14.5,32.2,1020.42,0,0,0,0,,
2026-03-05,01:00,12.8,10.0,84.0,SE,17.7,29.0,1020.39,0,0,0,0,,
2026-03-05,01:15,12.8,10.0,84.0,EAST,12.9,32.2,1020.32,0,0,0,0,,
2026-03-05,01:30,12.9,10.0,83.0,SE,16.1,30.6,1020.32,0,0,0,0,,
2026-03-05,01:45,12.9,10.0,83.0,SE,29.0,43.5,1019.78,0,0,0,0,,
2026-03-05,02:00,12.9,10.0,83.0,SE,24.1,40.2,1020.12,0,0,0,0,,
2026-03-05,02:15,12.8,10.0,83.0,ESE,19.3,33.8,1019.91,0,0,0,0,,
2026-03-05,02:30,12.8,10.0,83.0,EAST,25.7,37.0,1020.01,0,0,0,0,,
2026-03-05,02:45,12.7,10.0,83.0,ESE,14.5,30.6,1020.01,0,0,0,0,,
2026-03-05,03:00,12.6,9.4,83.0,ESE,14.5,27.4,1020.08,0,0,0,0,,
2026-03-05,03:15,12.6,9.4,83.0,ESE,24.1,32.2,1019.64,0,0,0,0,,
2026-03-05,03:30,12.4,9.4,83.0,ESE,16.1,27.4,1019.37,0,0,0,0,,
2026-03-05,03:45,12.4,9.4,84.0,ESE,14.5,24.1,1019.64,0,0,0,0,,
2026-03-05,04:00,12.4,9.4,84.0,ESE,16.1,30.6,1019.57,0,0,0,0,,
2026-03-05,04:15,12.5,9.4,84.0,SE,25.7,32.2,1019.2,0,0,0,0,,
2026-03-05,04:30,12.6,9.4,84.0,ESE,12.9,32.2,1019.13,0,0,0,0,,
2026-03-05,04:45,12.5,9.4,84.0,ESE,14.5,33.8,1019.27,0,0,0,0,,
2026-03-05,05:00,12.3,9.4,84.0,SE,19.3,22.5,1019.24,0,0,0,0,,
2026-03-05,05:15,12.2,9.4,84.0,ESE,14.5,27.4,1019.03,0,0,0,0,,
2026-03-05,05:30,12.3,9.4,84.0,SE,14.5,29.0,1019.64,0,0,0,0,,
2026-03-05,05:45,12.3,9.4,84.0,ESE,19.3,32.2,1019.3,0,0,0,0,,
2026-03-05,06:00,12.4,9.4,84.0,ESE,17.7,24.1,1019.47,0,0,0,0,,
2026-03-05,06:15,12.3,9.4,84.0,ESE,16.1,24.1,1019.68,0,0,0,0,,
2026-03-05,06:30,12.4,10.0,84.0,SE,25.7,32.2,1019.44,0,0,0,0,,
2026-03-05,06:45,12.3,9.4,85.0,ESE,11.3,27.4,1019.2,0,0,0,0,,
2026-03-05,07:00,12.2,9.4,85.0,ESE,12.9,20.9,1019.2,0,0,0,0,,
2026-03-05,07:15,12.1,9.4,85.0,SE,12.9,22.5,1019.27,0,0,0,12,,
2026-03-05,07:30,12.3,10.0,85.0,ESE,17.7,37.0,1019.1,0,0,0,30,,
2026-03-05,07:45,12.6,10.0,85.0,EAST,17.7,35.4,1019.37,0,0,0,44,,
2026-03-05,08:00,12.7,10.0,85.0,ESE,19.3,38.6,1019.37,0,0,0,70,,
2026-03-05,08:15,12.8,10.0,85.0,ESE,29.0,38.6,1019.37,0,0,0,90,,
2026-03-05,08:30,13.0,10.0,84.0,SE,20.9,29.0,1019.54,0,0,0,151,,
2026-03-05,08:45,13.4,10.6,83.0,SSE,14.5,33.8,1019.51,0,0,0,178,,
2026-03-05,09:00,13.7,10.6,83.0,SE,14.5,37.0,1019.51,0,0,1,234,,
2026-03-05,09:15,14.1,10.6,82.0,ESE,16.1,32.2,1019.57,0,0,1,221,,
2026-03-05,09:30,14.2,10.6,81.0,ESE,25.7,30.6,1019.37,0,0,1,223,,
2026-03-05,09:45,14.4,10.6,80.0,EAST,12.9,35.4,1019.4,0,0,1,288,,
2026-03-05,10:00,14.6,10.6,79.0,ESE,17.7,38.6,1019.27,0,0,1,348,,
2026-03-05,10:15,14.8,11.1,78.0,ENE,29.0,38.6,1019.2,0,0,1,262,,
2026-03-05,10:30,14.6,10.6,78.0,ENE,16.1,37.0,1019.27,0,0,1,225,,
2026-03-05,10:45,14.8,11.1,79.0,ESE,25.7,30.6,1019.64,0,0,1,288,,
2026-03-05,11:00,14.9,11.1,78.0,ESE,17.7,37.0,1020.05,0,0,1,255,,
2026-03-05,11:15,15.3,11.1,78.0,ESE,16.1,35.4,1020.01,0,0,1,237,,
2026-03-05,11:30,15.8,11.1,74.0,SE,32.2,35.4,1019.57,0,0,1,216,,
2026-03-05,11:45,16.0,10.6,70.0,SE,35.4,38.6,1019.98,0,0,1,221,,
2026-03-05,12:00,16.1,10.0,68.0,SE,22.5,48.3,1019.64,0,0,1,211,,
2026-03-05,12:15,16.0,10.0,69.0,EAST,19.3,38.6,1019.3,0,0,1,163,,
2026-03-05,12:30,15.8,10.6,73.0,SE,20.9,29.0,1019.13,0,0,1,211,,
2026-03-05,12:45,15.7,10.6,72.0,ESE,12.9,32.2,1018.63,0,0,1,160,,
2026-03-05,13:00,15.5,10.6,73.0,ESE,8.0,30.6,1019.1,0,0,1,190,,
2026-03-05,13:15,15.1,10.6,76.0,SE,17.7,30.6,1019.3,0,0,1,169,,
2026-03-05,13:30,14.7,11.1,79.0,SE,14.5,22.5,1019.13,0,0,1,185,,
2026-03-05,13:45,14.5,11.1,80.0,SSE,17.7,27.4,1018.66,0,0,1,148,,
2026-03-05,14:00,14.6,10.6,78.0,SE,16.1,30.6,1018.02,0,0,1,134,,
2026-03-05,14:15,14.7,10.6,77.0,ESE,16.1,27.4,1018.08,0,0,1,137,,
2026-03-05,14:30,14.8,10.6,77.0,SE,9.7,24.1,1018.12,0,0,0,132,,
2026-03-05,14:45,14.8,10.6,78.0,ESE,17.7,25.7,1017.64,0,0,1,156,,
2026-03-05,15:00,14.8,11.1,78.0,EAST,12.9,29.0,1017.37,0,0,0,127,,
2026-03-05,15:15,14.6,11.1,79.0,ESE,9.7,22.5,1017.24,0,0,1,178,,
2026-03-05,15:30,14.7,11.1,79.0,EAST,17.7,20.9,1016.83,0,0,0,107,,
2026-03-05,15:45,14.5,10.6,79.0,ENE,14.5,22.5,1017.31,0,0,0,62,,
2026-03-05,16:00,14.2,10.6,79.0,ESE,19.3,27.4,1017.17,0,0,0,40,,
2026-03-05,16:15,14.1,10.6,79.0,ESE,9.7,24.1,1017,0,0,0,37,,
2026-03-05,16:30,13.9,10.6,80.0,EAST,19.3,22.5,1016.8,0,0,0,97,,
2026-03-05,16:45,13.9,10.6,80.0,EAST,17.7,27.4,1016.93,0,0,0,76,,
2026-03-05,17:00,13.7,10.0,80.0,ENE,14.5,30.6,1016.7,0,0,0,53,,
2026-03-05,17:15,13.6,10.0,80.0,EAST,14.5,22.5,1016.63,0,0,0,30,,
2026-03-05,17:30,13.3,10.0,81.0,ESE,11.3,25.7,1016.63,0,0,0,28,,
2026-03-05,17:45,13.1,10.0,82.0,ESE,11.3,24.1,1016.56,0,0,0,18,,
2026-03-05,18:00,12.7,10.0,84.0,EAST,22.5,30.6,1015.85,0,0,0,0,,
2026-03-05,18:15,12.3,10.0,85.0,ESE,24.1,40.2,1015.51,0,0,0,0,,
2026-03-05,18:30,12.2,10.0,87.0,ESE,29.0,53.1,1015.71,0,0,0,0,,
2026-03-05,18:45,12.2,10.0,87.0,SE,29.0,51.5,1015.98,0,0,0,0,,
2026-03-05,19:00,12.2,10.0,87.0,SE,29.0,45.1,1016.39,0,0,0,0,,
2026-03-05,19:15,12.3,10.0,86.0,SE,25.7,51.5,1016.83,0,0,0,0,,
2026-03-05,19:30,12.2,9.4,85.0,EAST,17.7,38.6,1016.93,0,0,0,0,,
2026-03-05,19:45,12.1,9.4,85.0,ESE,19.3,29.0,1017.27,0,0,0,0,,
2026-03-05,20:00,12.2,9.4,85.0,EAST,20.9,35.4,1017.24,0,0,0,0,,
2026-03-05,20:15,12.0,9.4,86.0,EAST,16.1,25.7,1016.9,0,0,0,0,,
2026-03-05,20:30,11.9,9.4,87.0,ENE,14.5,29.0,1016.86,0,0,0,0,,
2026-03-05,20:45,11.9,9.4,86.0,EAST,27.4,27.4,1016.86,0,0,0,0,,
2026-03-05,21:00,12.1,10.0,86.0,ENE,14.5,30.6,1016.86,0,0,0,0,,
2026-03-05,21:15,12.1,10.0,86.0,ESE,11.3,27.4,1016.63,0,0,0,0,,
2026-03-05,21:30,12.1,10.0,87.0,ESE,14.5,30.6,1016.32,0.51,0.51,0,0,,
2026-03-05,21:45,11.8,9.4,88.0,SE,19.3,33.8,1016.15,0.51,0.51,0,0,,
2026-03-05,22:00,11.8,10.0,88.0,ESE,14.5,37.0,1016.46,0.51,0.51,0,0,,
2026-03-05,22:15,11.8,10.0,88.0,ESE,22.5,30.6,1016.59,0.51,0.51,0,0,,
2026-03-05,22:30,11.8,10.0,88.0,SE,20.9,38.6,1016.7,0.51,0,0,0,,
2026-03-05,22:45,11.8,10.0,88.0,SE,17.7,32.2,1016.8,0.51,0.25,0,0,,
2026-03-05,23:00,11.8,10.0,88.0,SE,17.7,27.4,1016.46,0.51,0.25,0,0,,
2026-03-05,23:15,11.7,9.4,88.0,ENE,20.9,32.2,1016.63,0.51,0.25,0,0,,
2026-03-05,23:30,11.8,10.0,88.0,ESE,12.9,27.4,1016.36,0.51,0.25,0,0,,
2026-03-05,23:45,11.8,10.0,88.0,EAST,14.5,29.0,1016.32,0.51,0,0,0,,
2026-03-05,OVR,,,,,,,,,,,,gustmax,53.1
2026-03-05,OVR,,,,,,,,,,,,rainrate_max,2.0
2026-03-05,OVR,,,,,,,,,,,,rain_total_mm,0.6
2026-03-05,OVR,,,,,,,,,,,,tmax,16.1
2026-03-05,OVR,,,,,,,,,,,,tmin,11.7
2026-03-05,OVR,,,,,,,,,,,,wind_dir_mean_deg,112.5
2026-03-06,00:00,11.8,10.0,88.0,ESE,9.7,27.4,1016.29,0,0,0,0,,
2026-03-06,00:15,11.8,10.0,88.0,ESE,24.1,25.7,1016.29,0,0,0,0,,
2026-03-06,00:30,11.8,9.4,88.0,EAST,12.9,20.9,1015.98,0,0,0,0,,
2026-03-06,00:45,11.8,10.0,88.0,SE,25.7,38.6,1015.98,0,0,0,0,,
2026-03-06,01:00,11.7,9.4,88.0,ESE,20.9,38.6,1015.82,0,0,0,0,,
2026-03-06,01:15,11.7,9.4,87.0,EAST,24.1,37.0,1015.98,0,0,0,0,,
2026-03-06,01:30,11.6,9.4,88.0,ESE,19.3,25.7,1015.78,0.25,0.25,0,0,,
2026-03-06,01:45,11.6,9.4,88.0,ESE,20.9,27.4,1016.32,0.25,0.25,0,0,,
2026-03-06,02:00,11.6,9.4,88.0,ESE,20.9,30.6,1016.05,0.51,0.51,0,0,,
2026-03-06,02:15,11.5,9.4,88.0,ESE,9.7,30.6,1016.09,0.51,0.51,0,0,,
2026-03-06,02:30,11.4,9.4,89.0,ESE,20.9,27.4,1016.32,1.02,0.76,0,0,,
2026-03-06,02:45,11.3,9.4,90.0,ESE,12.9,25.7,1016.53,1.78,1.52,0,0,,
2026-03-06,03:00,11.2,9.4,90.0,ESE,17.7,27.4,1016.22,2.54,2.29,0,0,,
2026-03-06,03:15,11.0,9.4,90.0,SE,17.7,25.7,1016.09,3.56,3.05,0,0,,
2026-03-06,03:30,11.0,9.4,91.0,ESE,12.9,27.4,1016.15,3.81,2.79,0,0,,
2026-03-06,03:45,11.0,9.4,91.0,SE,8.0,19.3,1016.22,4.32,2.29,0,0,,
2026-03-06,04:00,10.9,9.4,91.0,SE,11.3,25.7,1015.95,4.32,1.52,0,0,,
2026-03-06,04:15,10.9,9.4,92.0,ESE,16.1,22.5,1016.05,4.32,0.51,0,0,,
2026-03-06,04:30,10.9,9.4,92.0,SE,14.5,20.9,1015.71,4.32,0.51,0,0,,
2026-03-06,04:45,10.8,9.4,92.0,SE,14.5,24.1,1015.58,4.32,0,0,0,,
2026-03-06,05:00,10.9,9.4,92.0,ESE,16.1,25.7,1015.78,4.32,0,0,0,,
2026-03-06,05:15,10.9,9.4,92.0,ESE,20.9,25.7,1015.48,4.32,0,0,0,,
2026-03-06,05:30,10.8,9.4,92.0,ESE,9.7,25.7,1015.61,4.32,0,0,0,,
2026-03-06,05:45,10.8,9.4,92.0,SE,17.7,32.2,1015.88,4.32,0,0,0,,
2026-03-06,06:00,10.8,9.4,91.0,SE,8.0,19.3,1016.05,4.32,0,0,0,,
2026-03-06,06:15,10.7,9.4,91.0,SE,14.5,20.9,1015.88,4.32,0,0,0,,
2026-03-06,06:30,10.6,8.9,91.0,ESE,9.7,24.1,1015.78,4.32,0,0,0,,
2026-03-06,06:45,10.6,8.9,92.0,ESE,14.5,19.3,1015.78,4.32,0,0,0,,
2026-03-06,07:00,10.6,8.9,92.0,ESE,11.3,24.1,1015.98,4.32,0,0,0,,
2026-03-06,07:15,10.7,9.4,92.0,ESE,14.5,20.9,1015.92,4.32,0,0,0,,
2026-03-06,07:30,10.8,9.4,92.0,ENE,29.0,35.4,1015.37,4.83,0.51,0,7,,
2026-03-06,07:45,10.9,9.4,92.0,ESE,16.1,30.6,1015.95,5.33,1.27,0,18,,
2026-03-06,08:00,10.9,9.4,92.0,EAST,16.1,27.4,1016.15,5.33,1.27,0,35,,
2026-03-06,08:15,10.9,9.4,92.0,ESE,11.3,25.7,1016.36,5.33,1.27,0,53,,
2026-03-06,08:30,11.0,9.4,92.0,ESE,9.7,22.5,1016.56,5.33,0.51,0,63,,
2026-03-06,08:45,11.1,10.0,93.0,ESE,20.9,24.1,1016.49,5.33,0,0,65,,
2026-03-06,09:00,11.3,10.0,93.0,SE,17.7,25.7,1016.7,5.33,0,0,84,,
2026-03-06,09:15,11.4,10.0,92.0,ESE,22.5,25.7,1016.7,5.33,0,0,114,,
2026-03-06,09:30,11.6,10.0,92.0,ESE,11.3,24.1,1016.46,5.33,0,0,146,,
2026-03-06,09:45,11.9,10.6,92.0,ESE,14.5,29.0,1016.49,5.33,0,1,218,,
2026-03-06,10:00,12.2,10.6,91.0,EAST,16.1,27.4,1016.7,5.33,0,1,216,,
2026-03-06,10:15,12.4,10.6,90.0,ESE,19.3,33.8,1016.83,5.33,0,1,260,,
2026-03-06,10:30,12.6,10.6,88.0,SE,20.9,33.8,1016.9,5.33,0,1,271,,
2026-03-06,10:45,12.8,10.6,87.0,ESE,20.9,29.0,1017.03,5.33,0,2,374,,
2026-03-06,11:00,12.8,10.0,84.0,EAST,19.3,33.8,1017.24,5.33,0,1,244,,
2026-03-06,11:15,13.0,10.0,84.0,EAST,11.3,27.4,1017.41,5.33,0,2,299,,
2026-03-06,11:30,13.3,10.6,85.0,ESE,6.4,25.7,1017.54,5.33,0,2,380,,
2026-03-06,11:45,13.3,10.6,85.0,ESE,11.3,29.0,1017.41,5.33,0,1,239,,
2026-03-06,12:00,13.1,10.6,85.0,ESE,17.7,20.9,1017.61,5.33,0,0,74,,
2026-03-06,12:15,13.0,10.6,86.0,ESE,19.3,30.6,1017.64,5.33,0,0,86,,
2026-03-06,12:30,12.2,10.6,89.0,SE,19.3,29.0,1017.58,5.84,0.51,2,276,,
2026-03-06,12:45,12.6,11.1,91.0,SE,12.9,20.9,1017.44,5.84,0.51,2,406,,
2026-03-06,13:00,12.5,11.1,91.0,ESE,24.1,24.1,1017.2,5.84,0.51,1,167,,
2026-03-06,13:15,12.7,11.1,91.0,SE,24.1,29.0,1017.41,5.84,0.25,2,308,,
2026-03-06,13:30,13.1,11.1,91.0,ESE,16.1,22.5,1017.07,5.84,0,2,371,,
2026-03-06,13:45,13.2,11.1,89.0,EAST,19.3,24.1,1017.27,5.84,0,2,348,,
2026-03-06,14:00,13.4,11.7,89.0,EAST,11.3,25.7,1017.1,5.84,0,2,299,,
2026-03-06,14:15,13.5,11.1,88.0,EAST,20.9,22.5,1017.07,5.84,0,3,707,,
2026-03-06,14:30,14.5,11.7,86.0,SE,3.2,24.1,1017,5.84,0,2,399,,
2026-03-06,14:45,14.4,11.7,85.0,SE,9.7,27.4,1016.93,5.84,0,2,374,,
2026-03-06,15:00,14.2,11.1,84.0,ESE,29.0,32.2,1016.83,5.84,0,1,216,,
2026-03-06,15:15,14.4,11.7,84.0,SE,17.7,32.2,1016.8,5.84,0,1,369,,
2026-03-06,15:30,13.6,11.1,86.0,ESE,14.5,25.7,1016.76,5.84,0,1,204,,
2026-03-06,15:45,13.8,11.7,87.0,ESE,6.4,27.4,1017.07,5.84,0,1,461,,
2026-03-06,16:00,13.6,11.1,87.0,ESE,16.1,20.9,1016.97,5.84,0,0,125,,
2026-03-06,16:15,13.7,11.7,88.0,SE,16.1,17.7,1017.07,6.1,0.51,0,114,,
2026-03-06,16:30,13.6,11.7,88.0,SE,14.5,24.1,1017.24,6.1,0.51,0,88,,
2026-03-06,16:45,13.3,11.1,88.0,ESE,16.1,27.4,1017.41,6.1,0.51,0,204,,
2026-03-06,17:00,13.3,11.1,88.0,EAST,14.5,20.9,1017.61,6.1,0.51,0,37,,
2026-03-06,17:15,13.1,11.1,88.0,ESE,4.8,14.5,1017.34,6.1,0,0,32,,
2026-03-06,17:30,13.0,11.1,88.0,ESE,16.1,19.3,1017.85,6.1,0,0,62,,
2026-03-06,17:45,12.9,10.6,88.0,ESE,4.8,17.7,1017.98,6.1,0,0,30,,
2026-03-06,18:00,12.8,10.6,88.0,ESE,6.4,16.1,1017.95,6.1,0,0,16,,
2026-03-06,18:15,12.7,10.6,88.0,SE,11.3,19.3,1018.05,6.1,0,0,7,,
2026-03-06,18:30,12.4,10.6,88.0,EAST,11.3,19.3,1018.35,6.1,0,0,0,,
2026-03-06,18:45,12.2,10.0,89.0,EAST,12.9,22.5,1018.63,6.1,0,0,0,,
2026-03-06,19:00,11.9,10.0,89.0,EAST,17.7,17.7,1018.76,6.1,0,0,0,,
2026-03-06,19:15,11.9,10.0,89.0,ENE,8.0,20.9,1018.73,6.1,0,0,0,,
2026-03-06,19:30,11.8,10.0,90.0,ESE,12.9,20.9,1018.86,6.1,0,0,0,,
2026-03-06,19:45,11.8,10.0,90.0,ENE,17.7,17.7,1019.1,6.1,0,0,0,,
2026-03-06,20:00,11.7,10.0,90.0,ESE,9.7,20.9,1019.4,6.1,0,0,0,,
2026-03-06,20:15,11.8,10.0,90.0,EAST,11.3,24.1,1019.68,6.1,0,0,0,,
2026-03-06,20:30,11.8,10.0,90.0,EAST,12.9,17.7,1019.81,6.1,0,0,0,,
2026-03-06,20:45,11.8,10.0,90.0,EAST,16.1,19.3,1020.18,6.1,0,0,0,,
2026-03-06,21:00,11.8,10.0,90.0,EAST,12.9,19.3,1020.05,6.1,0,0,0,,
2026-03-06,21:15,11.8,10.0,90.0,EAST,4.8,24.1,1020.12,6.1,0,0,0,,
2026-03-06,21:30,11.7,10.0,90.0,EAST,12.9,20.9,1020.39,6.1,0,0,0,,
2026-03-06,21:45,11.6,10.0,90.0,ENE,8.0,22.5,1020.52,6.1,0,0,0,,
2026-03-06,22:00,11.6,10.0,90.0,EAST,11.3,20.9,1020.52,6.1,0,0,0,,
2026-03-06,22:15,11.7,10.0,90.0,EAST,14.5,24.1,1020.45,6.1,0,0,0,,
2026-03-06,22:30,11.6,10.0,90.0,EAST,16.1,25.7,1020.49,6.1,0,0,0,,
2026-03-06,22:45,11.6,10.0,90.0,EAST,11.3,24.1,1020.42,6.1,0,0,0,,
2026-03-06,23:00,11.6,10.0,90.0,ESE,9.7,22.5,1020.66,6.1,0,0,0,,
2026-03-06,23:15,11.6,10.0,90.0,ESE,12.9,17.7,1020.66,6.1,0,0,0,,
2026-03-06,23:30,11.7,10.0,90.0,ENE,12.9,20.9,1020.66,6.1,0,0,0,,
2026-03-06,23:45,11.6,10.0,90.0,ENE,17.7,20.9,1020.66,6.1,0,0,0,,
2026-03-06,OVR,,,,,,,,,,,,gustmax,38.6
2026-03-06,OVR,,,,,,,,,,,,rainrate_max,8.6
2026-03-06,OVR,,,,,,,,,,,,rain_total_mm,6.2
2026-03-06,OVR,,,,,,,,,,,,tmax,14.7
2026-03-06,OVR,,,,,,,,,,,,tmin,10.6
2026-03-06,OVR,,,,,,,,,,,,wind_dir_mean_deg,112.5
2026-03-07,00:00,11.6,10.0,90.0,ESE,4.8,22.5,1020.69,0,0,0,0,,
2026-03-07,00:15,11.6,10.0,90.0,EAST,16.1,17.7,1020.56,0,0,0,0,,
2026-03-07,00:30,11.6,10.0,90.0,ENE,9.7,22.5,1020.59,0,0,0,0,,
2026-03-07,00:45,11.7,10.0,90.0,ESE,11.3,22.5,1020.73,0,0,0,0,,
2026-03-07,01:00,11.6,10.0,89.0,ENE,12.9,17.7,1021.03,0,0,0,0,,
2026-03-07,01:15,11.6,10.0,89.0,ENE,6.4,20.9,1020.89,0,0,0,0,,
2026-03-07,01:30,11.7,10.0,89.0,ENE,8.0,19.3,1021.06,0,0,0,0,,
2026-03-07,01:45,11.6,9.4,89.0,EAST,11.3,19.3,1021,0,0,0,0,,
2026-03-07,02:00,11.6,9.4,89.0,ENE,14.5,24.1,1020.59,0,0,0,0,,
2026-03-07,02:15,11.6,9.4,89.0,EAST,14.5,20.9,1020.62,0,0,0,0,,
2026-03-07,02:30,11.4,9.4,89.0,EAST,12.9,19.3,1020.73,0,0,0,0,,
2026-03-07,02:45,11.3,9.4,89.0,EAST,6.4,16.1,1020.62,0,0,0,0,,
2026-03-07,03:00,11.3,9.4,89.0,EAST,9.7,16.1,1020.29,0,0,0,0,,
2026-03-07,03:15,11.3,9.4,89.0,ESE,9.7,14.5,1020.39,0,0,0,0,,
2026-03-07,03:30,11.4,9.4,89.0,EAST,4.8,16.1,1020.52,0,0,0,0,,
2026-03-07,03:45,11.6,9.4,88.0,EAST,11.3,16.1,1020.49,0,0,0,0,,
2026-03-07,04:00,11.6,9.4,88.0,EAST,14.5,16.1,1020.49,0,0,0,0,,
2026-03-07,04:15,11.5,9.4,87.0,EAST,6.4,16.1,1020.62,0,0,0,0,,
2026-03-07,04:30,11.5,9.4,88.0,ESE,12.9,16.1,1020.22,0,0,0,0,,
2026-03-07,04:45,11.6,9.4,87.0,ENE,16.1,19.3,1020.62,0,0,0,0,,
2026-03-07,05:00,11.5,9.4,87.0,EAST,16.1,16.1,1020.56,0,0,0,0,,
2026-03-07,05:15,11.4,9.4,87.0,ESE,14.5,17.7,1020.59,0,0,0,0,,
2026-03-07,05:30,11.4,9.4,87.0,ENE,14.5,19.3,1020.73,0,0,0,0,,
2026-03-07,05:45,11.6,9.4,87.0,EAST,14.5,19.3,1020.89,0,0,0,0,,
2026-03-07,06:00,11.4,8.9,87.0,EAST,12.9,17.7,1021.13,0,0,0,0,,
2026-03-07,06:15,11.3,8.9,87.0,EAST,12.9,17.7,1020.89,0,0,0,0,,
2026-03-07,06:30,11.3,8.9,87.0,EAST,8.0,19.3,1020.89,0,0,0,0,,
2026-03-07,06:45,11.1,8.9,87.0,EAST,11.3,17.7,1020.96,0,0,0,0,,
2026-03-07,07:00,10.9,8.9,88.0,ESE,6.4,16.1,1020.93,0,0,0,0,,
2026-03-07,07:15,10.9,8.9,88.0,EAST,6.4,16.1,1020.93,0,0,0,12,,
2026-03-07,07:30,10.9,8.9,88.0,ESE,9.7,12.9,1021.1,0,0,0,33,,
2026-03-07,07:45,11.1,8.9,88.0,ESE,4.8,16.1,1021.2,0,0,0,47,,
2026-03-07,08:00,11.4,9.4,88.0,EAST,6.4,17.7,1020.93,0,0,0,181,,
2026-03-07,08:15,11.9,9.4,87.0,ENE,12.9,17.7,1021.64,0,0,0,211,,
2026-03-07,08:30,12.2,10.0,86.0,EAST,8.0,16.1,1021.54,0,0,1,135,,
2026-03-07,08:45,12.4,10.0,85.0,ENE,11.3,17.7,1021.47,0,0,1,301,,
2026-03-07,09:00,12.7,10.0,86.0,NE,9.7,16.1,1021.84,0,0,1,211,,
2026-03-07,09:15,13.1,10.6,85.0,ESE,11.3,17.7,1021.84,0,0,1,404,,
2026-03-07,09:30,13.6,10.6,83.0,EAST,11.3,17.7,1021.84,0,0,1,457,,
2026-03-07,09:45,13.6,10.6,81.0,ENE,19.3,24.1,1021.71,0,0,2,494,,
2026-03-07,10:00,14.2,11.1,81.0,ENE,8.0,19.3,1021.98,0,0,2,531,,
2026-03-07,10:15,14.6,11.1,81.0,EAST,11.3,22.5,1022.15,0,0,2,571,,
2026-03-07,10:30,14.9,11.1,78.0,ESE,14.5,25.7,1021.98,0,0,2,615,,
2026-03-07,10:45,14.8,11.1,79.0,EAST,4.8,25.7,1022.11,0,0,2,332,,
2026-03-07,11:00,14.7,11.1,80.0,ESE,4.8,22.5,1022.08,0,0,2,422,,
2026-03-07,11:15,15.4,11.7,80.0,ENE,14.5,20.9,1022.01,0,0,3,895,,
2026-03-07,11:30,15.3,11.1,78.0,SE,6.4,17.7,1022.25,0,0,3,327,,
2026-03-07,11:45,15.5,11.7,78.0,SOUTH,6.4,19.3,1022.25,0,0,3,786,,
2026-03-07,12:00,15.4,11.1,77.0,SSE,14.5,20.9,1022.05,0,0,3,805,,
2026-03-07,12:15,15.4,11.1,77.0,ESE,12.9,22.5,1022.15,0,0,1,193,,
2026-03-07,12:30,15.7,11.7,78.0,EAST,11.3,20.9,1022.11,0,0,4,464,,
2026-03-07,12:45,16.4,12.2,78.0,SSE,12.9,22.5,1021.88,0,0,2,877,,
2026-03-07,13:00,16.3,11.7,76.0,EAST,12.9,27.4,1021.71,0,0,3,768,,
2026-03-07,13:15,16.6,12.2,77.0,SSE,3.2,25.7,1021.88,0,0,3,777,,
2026-03-07,13:30,16.8,12.8,77.0,SSE,14.5,25.7,1021.44,0,0,3,759,,
2026-03-07,13:45,16.3,12.8,79.0,SSE,20.9,24.1,1021.5,0,0,3,366,,
2026-03-07,14:00,16.4,12.8,79.0,SSE,22.5,30.6,1021.13,0,0,3,313,,
2026-03-07,14:15,16.1,12.2,79.0,SSE,4.8,33.8,1021.44,0,0,1,204,,
2026-03-07,14:30,16.4,12.2,78.0,SE,19.3,33.8,1021.33,0,0,3,708,,
2026-03-07,14:45,16.4,12.8,79.0,SSE,17.7,32.2,1021.2,0,0,2,642,,
2026-03-07,15:00,16.2,12.2,79.0,SSE,17.7,33.8,1021.47,0,0,1,257,,
2026-03-07,15:15,15.8,12.2,80.0,SE,8.0,24.1,1021.61,0,0,1,241,,
2026-03-07,15:30,15.6,12.2,82.0,SE,12.9,25.7,1021.64,0,0,1,105,,
2026-03-07,15:45,15.6,12.2,82.0,SE,6.4,24.1,1021.4,0,0,1,508,,
2026-03-07,16:00,15.3,12.2,83.0,SE,16.1,25.7,1021.47,0,0,1,443,,
2026-03-07,16:15,14.9,11.7,82.0,SE,11.3,35.4,1021.27,0,0,1,107,,
2026-03-07,16:30,14.8,11.7,82.0,SE,16.1,33.8,1021.23,0,0,1,111,,
2026-03-07,16:45,14.9,12.2,83.0,SE,12.9,25.7,1021.37,0,0,0,193,,
2026-03-07,17:00,14.6,11.7,84.0,SE,12.9,25.7,1021.67,0,0,0,79,,
2026-03-07,17:15,14.4,11.1,83.0,SSE,12.9,29.0,1021.84,0,0,0,51,,
2026-03-07,17:30,14.2,11.1,83.0,SE,4.8,25.7,1021.71,0,0,0,30,,
2026-03-07,17:45,14.0,11.1,84.0,SSE,9.7,16.1,1021.88,0,0,0,16,,
2026-03-07,18:00,13.8,11.1,85.0,SE,14.5,17.7,1021.98,0,0,0,14,,
2026-03-07,18:15,13.6,11.1,86.0,SE,11.3,19.3,1022.11,0,0,0,9,,
2026-03-07,18:30,13.5,11.1,87.0,SE,14.5,19.3,1022.25,0,0,0,0,,
2026-03-07,18:45,13.3,11.1,88.0,SE,8.0,17.7,1022.45,0,0,0,0,,
2026-03-07,19:00,13.1,11.1,89.0,ESE,1.6,19.3,1022.38,0,0,0,0,,
2026-03-07,19:15,13.0,11.1,89.0,ESE,9.7,16.1,1022.86,0,0,0,0,,
2026-03-07,19:30,12.8,11.1,89.0,EAST,17.7,17.7,1023.16,0,0,0,0,,
2026-03-07,19:45,12.0,10.0,88.0,ESE,11.3,17.7,1023.16,0,0,0,0,,
2026-03-07,20:00,11.7,9.4,86.0,ESE,12.9,16.1,1023.16,0,0,0,0,,
2026-03-07,20:15,12.2,9.4,85.0,ESE,6.4,12.9,1023.37,0,0,0,0,,
2026-03-07,20:30,12.4,10.0,85.0,ESE,6.4,16.1,1022.99,0,0,0,0,,
2026-03-07,20:45,12.4,10.0,85.0,ESE,12.9,17.7,1022.99,0,0,0,0,,
2026-03-07,21:00,12.4,10.0,86.0,ESE,4.8,19.3,1023.4,0,0,0,0,,
2026-03-07,21:15,12.3,10.0,86.0,SE,4.8,11.3,1023.57,0,0,0,0,,
2026-03-07,21:30,12.3,10.0,87.0,SE,4.8,12.9,1023.74,0,0,0,0,,
2026-03-07,21:45,12.3,10.0,87.0,SE,8.0,14.5,1023.6,0,0,0,0,,
2026-03-07,22:00,12.0,10.0,88.0,ESE,6.4,12.9,1024.01,0,0,0,0,,
2026-03-07,22:15,12.1,10.0,88.0,ESE,16.1,17.7,1023.74,0,0,0,0,,
2026-03-07,22:30,11.9,10.0,88.0,SE,4.8,16.1,1023.57,0,0,0,0,,
2026-03-07,22:45,11.8,10.0,89.0,ESE,6.4,11.3,1023.87,0,0,0,0,,
2026-03-07,23:00,11.8,10.0,89.0,ESE,6.4,11.3,1023.74,0,0,0,0,,
2026-03-07,23:15,11.6,9.4,89.0,ESE,6.4,11.3,1023.67,0,0,0,0,,
2026-03-07,23:30,11.6,9.4,89.0,ESE,11.3,11.3,1023.77,0,0,0,0,,
2026-03-07,23:45,11.6,9.4,89.0,ESE,14.5,17.7,1023.54,0,0,0,0,,
2026-03-07,OVR,,,,,,,,,,,,gustmax,35.4
2026-03-07,OVR,,,,,,,,,,,,rainrate_max,
2026-03-07,OVR,,,,,,,,,,,,rain_total_mm,
2026-03-07,OVR,,,,,,,,,,,,tmax,16.9
2026-03-07,OVR,,,,,,,,,,,,tmin,10.8
2026-03-07,OVR,,,,,,,,,,,,wind_dir_mean_deg,90.0
2026-03-08,00:00,11.6,9.4,89.0,ESE,11.3,19.3,1023.54,0,0,0,0,,
2026-03-08,00:15,11.4,9.4,89.0,ESE,9.7,19.3,1023.37,0,0,0,0,,
2026-03-08,00:30,11.4,9.4,89.0,EAST,12.9,19.3,1023.23,0,0,0,0,,
2026-03-08,00:45,11.3,9.4,89.0,ESE,4.8,17.7,1023.47,0,0,0,0,,
2026-03-08,01:00,11.3,9.4,89.0,ESE,11.3,14.5,1023.4,0,0,0,0,,
2026-03-08,01:15,11.3,9.4,90.0,ESE,6.4,17.7,1023.4,0,0,0,0,,
2026-03-08,01:30,11.2,9.4,90.0,ESE,11.3,19.3,1023.43,0,0,0,0,,
2026-03-08,01:45,11.2,9.4,90.0,ESE,11.3,19.3,1023.71,0,0,0,0,,
2026-03-08,02:00,11.2,9.4,90.0,EAST,4.8,16.1,1023.4,0,0,0,0,,
2026-03-08,02:15,11.2,9.4,90.0,ESE,12.9,16.1,1023.16,0,0,0,0,,
2026-03-08,02:30,11.2,9.4,90.0,SE,4.8,12.9,1023.3,0,0,0,0,,
2026-03-08,02:45,11.2,9.4,90.0,ESE,6.4,12.9,1023.13,0,0,0,0,,
2026-03-08,03:00,10.9,9.4,90.0,SE,6.4,14.5,1023.03,0,0,0,0,,
2026-03-08,03:15,11.0,9.4,90.0,SE,4.8,12.9,1023.16,0,0,0,0,,
2026-03-08,03:30,11.1,9.4,90.0,SE,6.4,11.3,1023.03,0,0,0,0,,
2026-03-08,03:45,11.2,9.4,90.0,ESE,1.6,9.7,1022.99,0,0,0,0,,
2026-03-08,04:00,11.2,9.4,90.0,ESE,4.8,6.4,1022.99,0,0,0,0,,
2026-03-08,04:15,11.2,9.4,90.0,ESE,6.4,6.4,1022.82,0,0,0,0,,
2026-03-08,04:30,11.1,9.4,90.0,ESE,3.2,11.3,1022.59,0,0,0,0,,
2026-03-08,04:45,10.9,9.4,90.0,ESE,3.2,9.7,1022.79,0,0,0,0,,
2026-03-08,05:00,10.7,8.9,90.0,ESE,4.8,4.8,1022.66,0,0,0,0,,
2026-03-08,05:15,11.0,9.4,91.0,SE,6.4,14.5,1022.66,0,0,0,0,,
2026-03-08,05:30,10.9,9.4,91.0,SE,4.8,9.7,1022.72,0,0,0,0,,
2026-03-08,05:45,11.0,9.4,91.0,SE,3.2,6.4,1022.82,0,0,0,0,,
2026-03-08,06:00,10.9,9.4,91.0,ESE,1.6,6.4,1022.86,0,0,0,0,,
2026-03-08,06:15,11.0,9.4,91.0,ESE,3.2,9.7,1022.89,0,0,0,0,,
2026-03-08,06:30,11.0,9.4,91.0,ESE,3.2,9.7,1022.93,0,0,0,0,,
2026-03-08,06:45,10.9,9.4,91.0,ESE,3.2,9.7,1023.1,0,0,0,0,,
2026-03-08,07:00,11.1,9.4,91.0,EAST,9.7,6.4,1022.86,0,0,0,9,,
2026-03-08,07:15,10.9,9.4,91.0,EAST,3.2,9.7,1022.96,0,0,0,21,,
2026-03-08,07:30,10.9,9.4,91.0,EAST,3.2,9.7,1023.2,0,0,0,40,,
2026-03-08,07:45,11.1,9.4,91.0,EAST,9.7,12.9,1023.2,0,0,0,62,,
2026-03-08,08:00,11.2,9.4,91.0,ESE,11.3,12.9,1023.33,0,0,0,70,,
2026-03-08,08:15,11.4,10.0,92.0,ESE,9.7,16.1,1023.57,0,0,0,100,,
2026-03-08,08:30,11.6,10.0,91.0,EAST,9.7,16.1,1023.6,0,0,0,132,,
2026-03-08,08:45,11.8,10.0,90.0,EAST,14.5,16.1,1023.81,0,0,1,171,,
2026-03-08,09:00,12.4,10.6,89.0,EAST,4.8,14.5,1024.01,0,0,1,264,,
2026-03-08,09:15,12.7,10.6,88.0,EAST,3.2,17.7,1024.18,0,0,1,237,,
2026-03-08,09:30,13.3,11.1,86.0,ESE,12.9,16.1,1024.15,0,0,1,211,,
2026-03-08,09:45,13.7,11.1,85.0,ESE,4.8,14.5,1023.98,0,0,2,515,,
2026-03-08,10:00,13.9,11.1,84.0,ESE,6.4,20.9,1024.11,0,0,2,543,,
2026-03-08,10:15,13.9,11.1,83.0,ESE,12.9,24.1,1024.21,0,0,2,334,,
2026-03-08,10:30,14.1,11.1,84.0,SE,11.3,19.3,1024.31,0,0,2,260,,
2026-03-08,10:45,14.5,11.1,81.0,ESE,12.9,22.5,1024.28,0,0,2,448,,
2026-03-08,11:00,14.4,11.1,81.0,SE,8.0,24.1,1024.15,0,0,2,422,,
2026-03-08,11:15,15.2,11.7,79.0,SSE,8.0,24.1,1024.04,0,0,3,844,,
2026-03-08,11:30,14.9,11.1,79.0,ESE,14.5,25.7,1024.18,0,0,2,288,,
2026-03-08,11:45,14.9,11.1,80.0,SE,11.3,24.1,1024.35,0,0,2,287,,
2026-03-08,12:00,15.7,11.7,78.0,SSE,11.3,22.5,1024.15,0,0,3,831,,
2026-03-08,12:15,15.5,11.1,77.0,SE,17.7,24.1,1024.04,0,0,3,417,,
2026-03-08,12:30,15.6,11.1,76.0,ESE,3.2,24.1,1023.98,0,0,2,267,,
2026-03-08,12:45,16.2,12.2,77.0,ESE,12.9,22.5,1024.04,0,0,4,847,,
2026-03-08,13:00,16.1,11.7,75.0,SE,12.9,27.4,1023.16,0,0,3,754,,
2026-03-08,13:15,16.6,12.2,76.0,ESE,14.5,27.4,1023.37,0,0,3,777,,
2026-03-08,13:30,16.1,11.7,76.0,SE,12.9,24.1,1023.27,0,0,3,777,,
2026-03-08,13:45,16.4,12.2,77.0,SSE,8.0,25.7,1023.27,0,0,2,756,,
2026-03-08,14:00,16.4,12.2,77.0,ESE,11.3,30.6,1023.27,0,0,3,737,,
2026-03-08,14:15,16.4,12.2,77.0,SE,11.3,24.1,1022.99,0,0,3,657,,
2026-03-08,14:30,16.4,12.2,78.0,SE,16.1,20.9,1023.2,0,0,2,663,,
2026-03-08,14:45,15.9,11.7,77.0,SE,20.9,24.1,1023.1,0,0,2,388,,
2026-03-08,15:00,16.0,12.2,79.0,SSE,22.5,25.7,1023.06,0,0,2,554,,
2026-03-08,15:15,16.1,12.2,80.0,SSE,11.3,25.7,1022.69,0,0,2,550,,
2026-03-08,15:30,15.4,11.7,80.0,SE,20.9,35.4,1022.69,0,0,1,341,,
2026-03-08,15:45,15.6,11.7,79.0,SE,14.5,29.0,1022.45,0,0,1,424,,
2026-03-08,16:00,15.4,11.7,79.0,SSE,11.3,27.4,1022.86,0,0,1,388,,
2026-03-08,16:15,15.4,11.7,79.0,SSE,16.1,29.0,1022.62,0,0,1,339,,
2026-03-08,16:30,15.2,11.1,79.0,SE,14.5,27.4,1022.18,0,0,1,287,,
2026-03-08,16:45,15.1,11.7,79.0,ESE,24.1,27.4,1022.35,0,0,0,236,,
2026-03-08,17:00,14.8,11.1,80.0,SE,16.1,24.1,1022.45,0,0,0,181,,
2026-03-08,17:15,14.4,11.1,80.0,SSE,11.3,27.4,1022.76,0,0,0,128,,
2026-03-08,17:30,14.1,10.6,81.0,SE,22.5,29.0,1022.62,0,0,0,83,,
2026-03-08,17:45,13.8,10.6,82.0,SE,20.9,30.6,1022.79,0,0,0,49,,
2026-03-08,18:00,13.6,10.6,82.0,ESE,17.7,29.0,1022.99,0,0,0,25,,
2026-03-08,18:15,13.3,10.6,83.0,SE,12.9,20.9,1022.82,0,0,0,11,,
2026-03-08,18:30,13.1,10.0,83.0,SE,6.4,19.3,1022.93,0,0,0,0,,
2026-03-08,18:45,12.9,10.0,84.0,ESE,16.1,20.9,1022.89,0,0,0,0,,
2026-03-08,19:00,12.9,10.0,85.0,SE,8.0,22.5,1023.03,0,0,0,0,,
2026-03-08,19:15,12.7,10.0,85.0,ESE,6.4,12.9,1023.43,0,0,0,0,,
2026-03-08,19:30,12.4,10.0,86.0,SE,11.3,19.3,1023.37,0,0,0,0,,
2026-03-08,19:45,12.4,10.0,86.0,SE,14.5,19.3,1023.57,0,0,0,0,,
2026-03-08,20:00,12.4,10.0,87.0,SE,8.0,17.7,1023.74,0,0,0,0,,
2026-03-08,20:15,12.2,10.0,88.0,SE,8.0,12.9,1023.4,0,0,0,0,,
2026-03-08,20:30,12.2,10.0,88.0,SSE,9.7,16.1,1023.57,0,0,0,0,,
2026-03-08,20:45,12.0,10.0,89.0,SE,6.4,12.9,1023.77,0,0,0,0,,
2026-03-08,21:00,12.0,10.0,89.0,SE,6.4,8.0,1023.77,0,0,0,0,,
2026-03-08,21:15,12.1,10.0,89.0,SE,12.9,11.3,1023.87,0,0,0,0,,
2026-03-08,21:30,11.9,10.0,89.0,SE,4.8,11.3,1023.67,0,0,0,0,,
2026-03-08,21:45,11.7,10.0,89.0,SE,6.4,8.0,1023.57,0,0,0,0,,
2026-03-08,22:00,11.4,9.4,89.0,ESE,3.2,11.3,1023.74,0,0,0,0,,
2026-03-08,22:15,11.1,8.9,89.0,ESE,12.9,14.5,1023.67,0,0,0,0,,
2026-03-08,22:30,11.1,8.9,89.0,ESE,9.7,17.7,1023.84,0,0,0,0,,
2026-03-08,22:45,11.1,8.9,88.0,EAST,9.7,16.1,1023.71,0,0,0,0,,
2026-03-08,23:00,11.0,8.9,88.0,ESE,6.4,16.1,1023.5,0,0,0,0,,
2026-03-08,23:15,11.0,8.9,87.0,ESE,11.3,14.5,1023.3,0,0,0,0,,
2026-03-08,23:30,11.0,8.9,87.0,ESE,12.9,16.1,1023.57,0,0,0,0,,
2026-03-08,23:45,10.9,8.9,87.0,ESE,4.8,14.5,1023.6,0,0,0,0,,
2026-03-08,OVR,,,,,,,,,,,,gustmax,35.4
2026-03-08,OVR,,,,,,,,,,,,rainrate_max,
2026-03-08,OVR,,,,,,,,,,,,rain_total_mm,
2026-03-08,OVR,,,,,,,,,,,,tmax,16.6
2026-03-08,OVR,,,,,,,,,,,,tmin,10.6
2026-03-08,OVR,,,,,,,,,,,,wind_dir_mean_deg,135.0
2026-03-09,00:00,10.8,8.3,87.0,ESE,6.4,12.9,1023.54,0,0,0,0,,
2026-03-09,00:15,10.7,8.3,87.0,ESE,3.2,12.9,1023.71,0,0,0,0,,
2026-03-09,00:30,10.5,8.3,87.0,ESE,4.8,9.7,1023.67,0,0,0,0,,
2026-03-09,00:45,10.3,8.3,87.0,ESE,4.8,11.3,1023.54,0,0,0,0,,
2026-03-09,01:00,10.3,8.3,88.0,ESE,3.2,11.3,1023.77,0,0,0,0,,
2026-03-09,01:15,10.1,7.8,88.0,ESE,6.4,9.7,1023.54,0,0,0,0,,
2026-03-09,01:30,10.1,7.8,88.0,ESE,3.2,9.7,1023.91,0,0,0,0,,
2026-03-09,01:45,10.1,7.8,88.0,ESE,4.8,6.4,1023.74,0,0,0,0,,
2026-03-09,02:00,10.1,8.3,88.0,SE,4.8,11.3,1023.94,0,0,0,0,,
2026-03-09,02:15,10.6,8.3,88.0,SE,6.4,12.9,1023.84,0,0,0,0,,
2026-03-09,02:30,10.8,8.9,88.0,SE,3.2,11.3,1023.5,0,0,0,0,,
2026-03-09,02:45,10.6,8.3,87.0,ESE,4.8,9.7,1023.33,0,0,0,0,,
2026-03-09,03:00,10.5,8.3,87.0,SE,6.4,11.3,1023.2,0,0,0,0,,
2026-03-09,03:15,10.6,8.3,87.0,SE,11.3,14.5,1023.13,0,0,0,0,,
2026-03-09,03:30,10.6,8.3,87.0,SE,4.8,11.3,1022.89,0,0,0,0,,
2026-03-09,03:45,10.6,8.3,86.0,ESE,6.4,11.3,1022.93,0,0,0,0,,
2026-03-09,04:00,10.5,8.3,86.0,SE,1.6,9.7,1022.62,0,0,0,0,,
2026-03-09,04:15,10.2,7.8,86.0,ESE,4.8,4.8,1022.66,0,0,0,0,,
2026-03-09,04:30,9.9,7.8,87.0,ESE,4.8,9.7,1022.52,0,0,0,0,,
2026-03-09,04:45,9.9,7.8,87.0,ESE,3.2,11.3,1022.22,0,0,0,0,,
2026-03-09,05:00,9.8,7.8,88.0,ESE,6.4,12.9,1022.01,0,0,0,0,,
2026-03-09,05:15,9.7,7.8,88.0,ESE,4.8,14.5,1022.18,0,0,0,0,,
2026-03-09,05:30,9.4,7.2,88.0,ESE,4.8,11.3,1022.11,0,0,0,0,,
2026-03-09,05:45,9.3,7.2,89.0,ESE,6.4,11.3,1022.18,0,0,0,0,,
2026-03-09,06:00,9.3,7.2,89.0,ESE,9.7,11.3,1022.25,0,0,0,0,,
2026-03-09,06:15,9.3,7.2,89.0,ESE,6.4,11.3,1022.35,0,0,0,0,,
2026-03-09,06:30,9.4,7.8,89.0,ESE,8.0,11.3,1022.38,0,0,0,0,,
2026-03-09,06:45,9.7,7.8,89.0,ESE,11.3,16.1,1022.38,0,0,0,0,,
2026-03-09,07:00,9.9,7.8,89.0,ESE,6.4,14.5,1022.38,0,0,0,19,,
2026-03-09,07:15,10.1,7.8,88.0,ESE,3.2,16.1,1022.82,0,0,0,42,,
2026-03-09,07:30,10.3,8.3,87.0,SE,3.2,16.1,1022.66,0,0,0,37,,
2026-03-09,07:45,10.5,8.3,86.0,ESE,4.8,4.8,1022.55,0,0,0,67,,
2026-03-09,08:00,10.8,8.3,85.0,SE,12.9,19.3,1022.82,0,0,0,134,,
2026-03-09,08:15,10.9,8.3,85.0,SE,8.0,17.7,1022.89,0,0,0,234,,
2026-03-09,08:30,11.4,8.9,84.0,EAST,3.2,19.3,1023.23,0,0,1,279,,
2026-03-09,08:45,11.7,8.9,84.0,ESE,4.8,22.5,1023.06,0,0,1,329,,
2026-03-09,09:00,12.1,8.9,83.0,SE,4.8,17.7,1023.06,0,0,1,376,,
2026-03-09,09:15,12.4,9.4,83.0,ESE,9.7,17.7,1023.33,0,0,1,422,,
2026-03-09,09:30,12.8,10.0,83.0,ESE,4.8,22.5,1023.27,0,0,1,468,,
2026-03-09,09:45,12.8,9.4,81.0,SE,11.3,17.7,1023.27,0,0,2,504,,
2026-03-09,10:00,13.6,10.0,80.0,EAST,9.7,16.1,1023.23,0,0,2,548,,
2026-03-09,10:15,14.1,10.6,80.0,ENE,9.7,14.5,1023.57,0,0,2,591,,
2026-03-09,10:30,14.4,10.6,78.0,SE,11.3,16.1,1023.16,0,0,2,636,,
2026-03-09,10:45,14.9,11.1,78.0,SSE,6.4,22.5,1023.27,0,0,3,649,,
2026-03-09,11:00,15.0,10.6,76.0,SSE,14.5,20.9,1023.06,0,0,3,673,,
2026-03-09,11:15,15.2,10.6,75.0,SE,6.4,25.7,1023.27,0,0,3,563,,
2026-03-09,11:30,15.4,10.6,72.0,SE,17.7,20.9,1023.23,0,0,3,687,,
2026-03-09,11:45,15.3,10.6,73.0,SE,6.4,24.1,1023.23,0,0,3,714,,
2026-03-09,12:00,15.6,10.6,74.0,SSE,11.3,20.9,1022.82,0,0,3,693,,
2026-03-09,12:15,16.1,11.1,74.0,SSE,1.6,19.3,1022.82,0,0,3,701,,
2026-03-09,12:30,16.1,11.1,72.0,SE,11.3,19.3,1022.72,0,0,3,689,,
2026-03-09,12:45,16.5,11.7,74.0,SSE,11.3,19.3,1022.62,0,0,3,640,,
2026-03-09,13:00,16.6,11.7,73.0,SE,4.8,25.7,1022.18,0,0,3,694,,
2026-03-09,13:15,16.7,11.7,73.0,SSE,14.5,25.7,1021.88,0,0,3,761,,
2026-03-09,13:30,16.4,11.1,73.0,SE,9.7,22.5,1021.91,0,0,3,717,,
2026-03-09,13:45,16.4,11.7,73.0,SSE,4.8,17.7,1021.64,0,0,3,724,,
2026-03-09,14:00,16.1,11.1,74.0,SE,4.8,19.3,1021.47,0,0,3,598,,
2026-03-09,14:15,15.8,11.1,75.0,SSE,6.4,19.3,1021.57,0,0,3,589,,
2026-03-09,14:30,16.4,11.7,74.0,SOUTH,11.3,27.4,1021.2,0,0,2,573,,
2026-03-09,14:45,16.1,11.7,77.0,SSE,16.1,25.7,1021.1,0,0,2,633,,
2026-03-09,15:00,15.8,11.7,78.0,SSE,25.7,27.4,1020.93,0,0,2,526,,
2026-03-09,15:15,15.8,12.2,79.0,SE,14.5,38.6,1021.27,0,0,2,529,,
2026-03-09,15:30,15.4,11.7,80.0,SE,4.8,33.8,1021.33,0,0,2,446,,
2026-03-09,15:45,15.3,11.7,80.0,SSE,12.9,29.0,1021.06,0,0,1,436,,
2026-03-09,16:00,15.5,11.7,78.0,ESE,6.4,29.0,1021.06,0,0,1,376,,
2026-03-09,16:15,15.6,11.7,78.0,SSE,16.1,25.7,1021.37,0,0,1,325,,
2026-03-09,16:30,15.4,11.1,78.0,SE,8.0,17.7,1021.4,0,0,1,302,,
2026-03-09,16:45,14.7,11.1,80.0,SSE,4.8,19.3,1021.47,0,0,0,54,,
2026-03-09,17:00,14.2,10.6,81.0,SSE,8.0,17.7,1021.4,0,0,0,51,,
2026-03-09,17:15,13.8,10.6,83.0,SOUTH,6.4,19.3,1021.3,0,0,0,69,,
2026-03-09,17:30,13.7,10.6,83.0,SSE,4.8,19.3,1021.27,0,0,0,79,,
2026-03-09,17:45,13.5,10.6,84.0,SE,8.0,20.9,1021.57,0,0,0,60,,
2026-03-09,18:00,13.2,10.6,84.0,SE,22.5,25.7,1021.4,0,0,0,26,,
2026-03-09,18:15,12.8,10.0,85.0,SE,14.5,22.5,1021.61,0,0,0,9,,
2026-03-09,18:30,12.7,10.0,85.0,SE,14.5,27.4,1021.81,0,0,0,0,,
2026-03-09,18:45,12.5,10.0,87.0,SE,6.4,19.3,1021.67,0,0,0,0,,
2026-03-09,19:00,12.3,10.0,88.0,SE,12.9,20.9,1021.74,0,0,0,0,,
2026-03-09,19:15,12.3,10.6,89.0,SSE,8.0,27.4,1021.91,0,0,0,0,,
2026-03-09,19:30,12.1,10.0,89.0,SE,17.7,29.0,1022.11,0,0,0,0,,
2026-03-09,19:45,12.1,10.6,90.0,SE,12.9,22.5,1022.01,0,0,0,0,,
2026-03-09,20:00,11.9,10.0,90.0,ESE,14.5,22.5,1022.15,0,0,0,0,,
2026-03-09,20:15,11.8,10.0,90.0,SE,11.3,25.7,1022.18,0,0,0,0,,
2026-03-09,20:30,11.8,10.0,90.0,SE,8.0,24.1,1022.28,0,0,0,0,,
2026-03-09,20:45,11.8,10.0,90.0,SE,14.5,25.7,1022.62,0,0,0,0,,
2026-03-09,21:00,11.7,10.0,90.0,SSE,6.4,20.9,1022.62,0,0,0,0,,
2026-03-09,21:15,11.8,10.0,89.0,SE,19.3,24.1,1022.86,0,0,0,0,,
2026-03-09,21:30,11.8,10.0,89.0,SE,12.9,19.3,1022.69,0,0,0,0,,
2026-03-09,21:45,11.8,9.4,88.0,ESE,12.9,22.5,1022.76,0,0,0,0,,
2026-03-09,22:00,11.8,9.4,87.0,SSE,14.5,20.9,1022.86,0,0,0,0,,
2026-03-09,22:15,11.8,9.4,87.0,SE,12.9,22.5,1022.86,0,0,0,0,,
2026-03-09,22:30,11.8,9.4,87.0,SSE,16.1,24.1,1022.69,0,0,0,0,,
2026-03-09,22:45,11.8,9.4,86.0,SE,17.7,27.4,1022.72,0,0,0,0,,
2026-03-09,23:00,11.8,9.4,86.0,ESE,24.1,27.4,1022.72,0,0,0,0,,
2026-03-09,23:15,11.8,9.4,86.0,SE,24.1,25.7,1022.69,0,0,0,0,,
2026-03-09,23:30,11.8,9.4,86.0,SE,14.5,27.4,1022.76,0,0,0,0,,
2026-03-09,23:45,11.8,9.4,86.0,SE,8.0,24.1,1022.79,0,0,0,0,,
2026-03-09,OVR,,,,,,,,,,,,gustmax,38.6
2026-03-09,OVR,,,,,,,,,,,,rainrate_max,
2026-03-09,OVR,,,,,,,,,,,,rain_total_mm,
2026-03-09,OVR,,,,,,,,,,,,tmax,16.7
2026-03-09,OVR,,,,,,,,,,,,tmin,9.3
2026-03-09,OVR,,,,,,,,,,,,wind_dir_mean_deg,135.0
2026-03-10,00:00,11.7,9.4,86.0,SE,4.8,12.9,1022.72,0,0,0,0,,
2026-03-10,00:15,11.4,8.9,86.0,SE,9.7,12.9,1022.69,0,0,0,0,,
2026-03-10,00:30,11.4,9.4,87.0,ESE,8.0,11.3,1022.66,0,0,0,0,,
2026-03-10,00:45,11.6,9.4,88.0,SE,17.7,25.7,1022.66,0,0,0,0,,
2026-03-10,01:00,11.5,9.4,89.0,SE,12.9,22.5,1022.55,0,0,0,0,,
2026-03-10,01:15,11.3,9.4,89.0,SE,14.5,16.1,1022.66,0,0,0,0,,
2026-03-10,01:30,11.2,9.4,89.0,ESE,9.7,14.5,1022.66,0,0,0,0,,
2026-03-10,01:45,10.8,8.9,89.0,ESE,14.5,14.5,1022.45,0,0,0,0,,
2026-03-10,02:00,10.7,8.9,89.0,ESE,11.3,16.1,1022.35,0,0,0,0,,
2026-03-10,02:15,10.5,8.3,89.0,ESE,6.4,16.1,1022.55,0,0,0,0,,
2026-03-10,02:30,10.3,8.3,89.0,ESE,3.2,12.9,1022.08,0,0,0,0,,
2026-03-10,02:45,10.4,8.3,89.0,ESE,11.3,19.3,1022.18,0,0,0,0,,
2026-03-10,03:00,10.5,8.3,89.0,ESE,8.0,14.5,1022.15,0,0,0,0,,
2026-03-10,03:15,10.5,8.3,89.0,EAST,9.7,14.5,1021.78,0,0,0,0,,
2026-03-10,03:30,10.4,8.3,89.0,ESE,9.7,12.9,1021.91,0,0,0,0,,
2026-03-10,03:45,10.5,8.3,88.0,ESE,6.4,12.9,1021.98,0,0,0,0,,
2026-03-10,04:00,10.6,8.3,88.0,ESE,6.4,12.9,1021.84,0,0,0,0,,
2026-03-10,04:15,10.5,8.3,88.0,ESE,6.4,12.9,1021.61,0,0,0,0,,
2026-03-10,04:30,10.5,8.3,88.0,ESE,8.0,12.9,1021.74,0,0,0,0,,
2026-03-10,04:45,10.7,8.3,87.0,ESE,6.4,14.5,1021.47,0,0,0,0,,
2026-03-10,05:00,10.7,8.3,87.0,ESE,9.7,11.3,1021.57,0,0,0,0,,
2026-03-10,05:15,10.6,8.3,87.0,SE,8.0,12.9,1021.3,0,0,0,0,,
2026-03-10,05:30,10.7,8.3,87.0,ESE,11.3,14.5,1021.3,0,0,0,0,,
2026-03-10,05:45,10.9,8.9,87.0,ESE,9.7,14.5,1021.47,0,0,0,0,,
2026-03-10,06:00,10.9,8.9,87.0,ESE,1.6,14.5,1021.54,0,0,0,0,,
2026-03-10,06:15,10.9,8.9,87.0,ESE,3.2,12.9,1021.81,0,0,0,0,,
2026-03-10,06:30,10.9,8.9,87.0,EAST,3.2,11.3,1021.81,0,0,0,0,,
2026-03-10,06:45,10.7,8.3,87.0,EAST,4.8,12.9,1021.78,0,0,0,0,,
2026-03-10,07:00,10.6,8.3,87.0,ENE,9.7,11.3,1021.81,0,0,0,12,,
2026-03-10,07:15,10.4,8.3,88.0,ENE,6.4,14.5,1021.81,0,0,0,39,,
2026-03-10,07:30,10.4,8.3,88.0,EAST,4.8,14.5,1021.74,0,0,0,81,,
2026-03-10,07:45,10.7,8.9,89.0,EAST,3.2,11.3,1021.67,0,0,0,162,,
2026-03-10,08:00,11.2,8.9,87.0,ENE,3.2,11.3,1021.71,0,0,0,195,,
2026-03-10,08:15,11.7,9.4,86.0,EAST,4.8,12.9,1021.94,0,0,0,299,,
2026-03-10,08:30,11.9,9.4,85.0,ESE,8.0,16.1,1021.81,0,0,1,325,,
2026-03-10,08:45,12.3,9.4,85.0,EAST,9.7,14.5,1022.01,0,0,1,374,,
2026-03-10,09:00,13.3,10.6,83.0,ESE,6.4,16.1,1022.11,0,0,1,434,,
2026-03-10,09:15,13.7,10.6,82.0,SE,12.9,27.4,1022.62,0,0,1,534,,
2026-03-10,09:30,13.9,10.6,80.0,ESE,17.7,25.7,1022.28,0,0,2,624,,
2026-03-10,09:45,13.8,10.0,80.0,ESE,8.0,29.0,1022.28,0,0,1,230,,
2026-03-10,10:00,13.9,10.0,80.0,SSE,17.7,27.4,1022.35,0,0,1,308,,
2026-03-10,10:15,14.2,10.6,79.0,SSE,24.1,27.4,1022.25,0,0,1,306,,
2026-03-10,10:30,14.6,10.6,78.0,SE,14.5,27.4,1022.62,0,0,2,487,,
2026-03-10,10:45,14.4,10.6,78.0,SE,16.1,29.0,1022.62,0,0,2,352,,
2026-03-10,11:00,15.1,11.1,77.0,SE,20.9,25.7,1022.69,0,0,2,452,,
2026-03-10,11:15,15.1,11.1,78.0,SE,19.3,25.7,1022.72,0,0,2,680,,
2026-03-10,11:30,14.9,11.1,79.0,SSE,16.1,29.0,1022.79,0,0,2,411,,
2026-03-10,11:45,14.9,11.1,79.0,EAST,16.1,24.1,1022.62,0,0,2,316,,
2026-03-10,12:00,14.8,11.1,79.0,SE,16.1,24.1,1022.59,0,0,2,373,,
2026-03-10,12:15,14.6,11.1,80.0,ESE,20.9,25.7,1022.49,0,0,2,276,,
2026-03-10,12:30,14.8,11.1,79.0,SE,16.1,27.4,1022.35,0,0,2,446,,
2026-03-10,12:45,15.2,11.1,77.0,SE,14.5,25.7,1022.32,0,0,3,459,,
2026-03-10,13:00,15.3,11.1,76.0,ESE,16.1,29.0,1022.25,0,0,2,483,,
2026-03-10,13:15,15.1,10.6,75.0,ESE,8.0,22.5,1021.94,0,0,2,287,,
2026-03-10,13:30,15.0,11.1,77.0,SE,17.7,20.9,1021.98,0,0,2,318,,
2026-03-10,13:45,15.2,11.1,77.0,SE,6.4,20.9,1021.81,0,0,2,345,,
2026-03-10,14:00,15.3,11.1,76.0,SE,11.3,27.4,1021.71,0,0,2,367,,
2026-03-10,14:15,15.2,11.1,77.0,SE,6.4,25.7,1021.78,0,0,2,294,,
2026-03-10,14:30,15.1,11.1,78.0,SE,11.3,20.9,1021.74,0,0,1,274,,
2026-03-10,14:45,14.8,11.1,78.0,SSE,11.3,30.6,1021.78,0,0,1,227,,
2026-03-10,15:00,14.3,10.6,78.0,SSE,12.9,29.0,1021.78,0,0,0,120,,
2026-03-10,15:15,13.9,10.6,80.0,SE,11.3,20.9,1021.64,0,0,1,207,,
2026-03-10,15:30,14.1,10.6,81.0,SSE,16.1,25.7,1021.74,0,0,1,260,,
2026-03-10,15:45,13.9,10.0,79.0,SE,14.5,29.0,1021.61,0,0,1,202,,
2026-03-10,16:00,13.9,10.6,80.0,SSE,11.3,27.4,1021.64,0,0,1,149,,
2026-03-10,16:15,13.8,10.0,80.0,SE,14.5,25.7,1021.5,0,0,0,146,,
2026-03-10,16:30,13.8,10.0,78.0,SSE,1.6,22.5,1021.44,0,0,0,149,,
2026-03-10,16:45,13.8,10.0,79.0,SE,4.8,17.7,1021.57,0,0,0,113,,
2026-03-10,17:00,13.8,10.0,80.0,SSE,8.0,12.9,1021.5,0,0,0,111,,
2026-03-10,17:15,13.7,9.4,78.0,SE,12.9,16.1,1021.64,0,0,0,97,,
2026-03-10,17:30,13.6,9.4,76.0,ESE,12.9,20.9,1021.57,0,0,0,90,,
2026-03-10,17:45,13.7,9.4,77.0,SSE,4.8,17.7,1021.74,0,0,0,81,,
2026-03-10,18:00,13.4,9.4,79.0,SE,3.2,16.1,1021.71,0,0,0,33,,
2026-03-10,18:15,13.1,9.4,79.0,SE,6.4,11.3,1021.81,0,0,0,9,,
2026-03-10,18:30,12.9,9.4,79.0,SE,4.8,6.4,1021.98,0,0,0,0,,
2026-03-10,18:45,12.9,9.4,81.0,SE,3.2,6.4,1022.05,0,0,0,0,,
2026-03-10,19:00,12.9,10.0,83.0,ESE,4.8,9.7,1022.32,0,0,0,0,,
2026-03-10,19:15,12.8,10.0,85.0,SE,6.4,11.3,1022.62,0,0,0,0,,
2026-03-10,19:30,12.4,10.0,86.0,SSE,3.2,12.9,1022.69,0,0,0,0,,
2026-03-10,19:45,12.3,10.0,86.0,SE,3.2,12.9,1022.72,0,0,0,0,,
2026-03-10,20:00,12.3,9.4,85.0,SE,6.4,12.9,1022.76,0,0,0,0,,
2026-03-10,20:15,12.2,9.4,85.0,SE,4.8,16.1,1023.03,0,0,0,0,,
2026-03-10,20:30,12.2,9.4,85.0,SE,3.2,12.9,1023.03,0,0,0,0,,
2026-03-10,20:45,12.1,9.4,84.0,SE,12.9,20.9,1023.2,0,0,0,0,,
2026-03-10,21:00,11.9,9.4,84.0,SE,12.9,19.3,1023.13,0,0,0,0,,
2026-03-10,21:15,11.9,8.9,84.0,SE,6.4,20.9,1023.43,0,0,0,0,,
2026-03-10,21:30,12.0,8.9,84.0,ESE,6.4,22.5,1023.54,0,0,0,0,,
2026-03-10,21:45,12.2,9.4,83.0,SE,6.4,22.5,1023.5,0,0,0,0,,
2026-03-10,22:00,12.2,8.9,82.0,SE,14.5,20.9,1023.84,0,0,0,0,,
2026-03-10,22:15,12.3,9.4,83.0,SE,11.3,19.3,1023.77,0,0,0,0,,
2026-03-10,22:30,12.4,9.4,84.0,ESE,14.5,24.1,1023.57,0,0,0,0,,
2026-03-10,22:45,12.4,10.0,85.0,SE,12.9,27.4,1023.57,0,0,0,0,,
2026-03-10,23:00,12.3,10.0,86.0,SE,11.3,25.7,1023.87,0,0,0,0,,
2026-03-10,23:15,12.1,9.4,86.0,SE,3.2,8.0,1023.87,0,0,0,0,,
2026-03-10,23:30,12.0,9.4,86.0,SE,3.2,4.8,1024.08,0,0,0,0,,
2026-03-10,23:45,11.9,9.4,85.0,ESE,3.2,9.7,1023.71,0,0,0,0,,
2026-03-10,OVR,,,,,,,,,,,,gustmax,30.6
2026-03-10,OVR,,,,,,,,,,,,rainrate_max,
2026-03-10,OVR,,,,,,,,,,,,rain_total_mm,
2026-03-10,OVR,,,,,,,,,,,,tmax,15.5
2026-03-10,OVR,,,,,,,,,,,,tmin,10.3
2026-03-10,OVR,,,,,,,,,,,,wind_dir_mean_deg,135.0
2026-03-11,00:00,11.8,8.9,85.0,ESE,4.8,14.5,1023.91,0,0,0,0,,
2026-03-11,00:15,11.8,8.9,84.0,ESE,9.7,16.1,1023.77,0,0,0,0,,
2026-03-11,00:30,11.8,8.9,84.0,SE,6.4,16.1,1023.74,0,0,0,0,,
2026-03-11,00:45,11.6,8.9,84.0,SSE,6.4,17.7,1023.81,0,0,0,0,,
2026-03-11,01:00,11.6,8.9,84.0,SE,1.6,8.0,1023.84,0,0,0,0,,
2026-03-11,01:15,11.7,8.9,84.0,ESE,3.2,12.9,1023.57,0,0,0,0,,
2026-03-11,01:30,11.5,8.9,84.0,SE,3.2,14.5,1023.84,0,0,0,0,,
2026-03-11,01:45,11.3,8.3,84.0,SE,3.2,9.7,1023.81,0,0,0,0,,
2026-03-11,02:00,11.2,8.3,84.0,SE,1.6,6.4,1023.47,0,0,0,0,,
2026-03-11,02:15,11.2,8.3,85.0,NORTH,0.0,4.8,1023.43,0,0,0,0,,
2026-03-11,02:30,11.2,8.3,85.0,SE,3.2,6.4,1023.6,0,0,0,0,,
2026-03-11,02:45,11.1,8.9,86.0,ESE,3.2,8.0,1023.6,0,0,0,0,,
2026-03-11,03:00,11.1,8.9,86.0,ESE,3.2,4.8,1023.2,0,0,0,0,,
2026-03-11,03:15,10.9,8.3,86.0,SE,3.2,4.8,1023.4,0,0,0,0,,
2026-03-11,03:30,10.9,8.3,86.0,SE,1.6,4.8,1023.27,0,0,0,0,,
2026-03-11,03:45,10.9,8.3,86.0,ESE,3.2,4.8,1023.33,0,0,0,0,,
2026-03-11,04:00,10.9,8.3,85.0,ESE,1.6,4.8,1023.33,0,0,0,0,,
2026-03-11,04:15,10.9,8.3,85.0,ESE,1.6,3.2,1023.5,0,0,0,0,,
2026-03-11,04:30,10.9,8.3,85.0,ESE,1.6,4.8,1023.54,0,0,0,0,,
2026-03-11,04:45,10.9,8.3,85.0,SE,1.6,4.8,1023.4,0,0,0,0,,
2026-03-11,05:00,10.9,8.3,85.0,SE,3.2,4.8,1023.43,0,0,0,0,,
2026-03-11,05:15,10.7,8.3,85.0,SE,1.6,3.2,1023.6,0,0,0,0,,
2026-03-11,05:30,10.7,8.3,86.0,SE,3.2,3.2,1023.71,0,0,0,0,,
2026-03-11,05:45,10.5,8.3,86.0,NORTH,0.0,3.2,1023.67,0,0,0,0,,
2026-03-11,06:00,10.4,8.3,87.0,SE,3.2,3.2,1023.5,0,0,0,0,,
2026-03-11,06:15,10.3,7.8,87.0,NORTH,0.0,3.2,1023.91,0,0,0,0,,
2026-03-11,06:30,10.2,7.8,87.0,ESE,1.6,3.2,1023.71,0,0,0,0,,
2026-03-11,06:45,10.1,7.8,88.0,SE,3.2,3.2,1023.6,0,0,0,7,,
2026-03-11,07:00,10.1,7.8,88.0,NORTH,0.0,6.4,1023.57,0,0,0,25,,
2026-03-11,07:15,10.3,8.3,88.0,SE,1.6,9.7,1023.84,0,0,0,47,,
2026-03-11,07:30,10.3,8.3,88.0,NORTH,0.0,4.8,1024.08,0,0,0,62,,
2026-03-11,07:45,10.6,8.9,89.0,ESE,1.6,4.8,1023.98,0,0,0,128,,
2026-03-11,08:00,11.1,8.9,89.0,ESE,3.2,6.4,1024.25,0,0,0,181,,
2026-03-11,08:15,11.7,9.4,87.0,EAST,1.6,6.4,1024.15,0,0,0,227,,
2026-03-11,08:30,12.3,9.4,84.0,ESE,3.2,3.2,1024.35,0,0,1,288,,
2026-03-11,08:45,12.6,9.4,82.0,EAST,1.6,4.8,1024.59,0,0,1,350,,
2026-03-11,09:00,13.2,9.4,80.0,ENE,1.6,4.8,1024.72,0,0,1,489,,
2026-03-11,09:15,13.6,9.4,78.0,SE,3.2,9.7,1025.06,0,0,1,260,,
2026-03-11,09:30,13.9,10.0,77.0,SSE,8.0,19.3,1025.3,0,0,2,584,,
2026-03-11,09:45,14.1,10.0,77.0,SE,8.0,19.3,1025.16,0,0,2,603,,
2026-03-11,10:00,13.9,10.0,78.0,SE,4.8,22.5,1025.26,0,0,2,534,,
2026-03-11,10:15,14.0,10.6,80.0,SOUTH,3.2,16.1,1025.26,0,0,2,624,,
2026-03-11,10:30,14.7,11.1,81.0,SE,3.2,22.5,1025.43,0,0,2,671,,
2026-03-11,10:45,14.7,11.1,80.0,SSE,11.3,22.5,1025.4,0,0,3,686,,
2026-03-11,11:00,14.8,11.1,80.0,SSE,6.4,22.5,1025.5,0,0,2,257,,
2026-03-11,11:15,14.9,11.1,78.0,ESE,6.4,19.3,1025.33,0,0,3,744,,
2026-03-11,11:30,15.2,11.1,78.0,SSE,12.9,20.9,1025.2,0,0,3,765,,
2026-03-11,11:45,15.0,11.1,78.0,ESE,9.7,20.9,1025.13,0,0,3,791,,
2026-03-11,12:00,15.6,11.7,78.0,SSE,3.2,22.5,1025.06,0,0,3,424,,
2026-03-11,12:15,15.4,11.1,77.0,SSE,6.4,22.5,1024.96,0,0,4,538,,
2026-03-11,12:30,15.5,11.1,75.0,SE,8.0,24.1,1024.76,0,0,4,898,,
2026-03-11,12:45,15.9,11.1,74.0,SSE,16.1,24.1,1024.99,0,0,3,780,,
2026-03-11,13:00,15.9,11.1,75.0,SSE,4.8,32.2,1024.48,0,0,4,768,,
2026-03-11,13:15,16.1,11.1,73.0,SSE,4.8,16.1,1024.38,0,0,3,747,,
2026-03-11,13:30,15.8,11.1,73.0,SSE,4.8,17.7,1024.28,0,0,3,715,,
2026-03-11,13:45,16.1,11.1,74.0,SSE,14.5,24.1,1024.11,0,0,3,694,,
2026-03-11,14:00,16.1,10.6,71.0,EAST,4.8,25.7,1023.87,0,0,3,694,,
2026-03-11,14:15,15.7,11.1,74.0,SE,6.4,22.5,1023.81,0,0,2,276,,
2026-03-11,14:30,15.7,11.1,74.0,SSE,6.4,16.1,1023.84,0,0,2,234,,
2026-03-11,14:45,16.0,11.1,74.0,ESE,3.2,16.1,1023.54,0,0,2,390,,
2026-03-11,15:00,15.8,11.7,76.0,SE,11.3,19.3,1023.23,0,0,2,647,,
2026-03-11,15:15,15.8,11.1,75.0,SE,6.4,24.1,1023.13,0,0,1,125,,
2026-03-11,15:30,15.2,10.6,76.0,SE,8.0,16.1,1022.86,0,0,2,250,,
2026-03-11,15:45,16.0,11.1,73.0,SSE,16.1,20.9,1022.99,0,0,1,471,,
2026-03-11,16:00,16.0,11.1,72.0,SSE,19.3,25.7,1023.06,0,0,1,406,,
2026-03-11,16:15,16.1,11.1,73.0,SE,4.8,24.1,1022.99,0,0,1,350,,
2026-03-11,16:30,15.6,10.6,74.0,SSE,6.4,22.5,1022.82,0,0,1,144,,
2026-03-11,16:45,15.6,10.6,72.0,SE,8.0,17.7,1023.06,0,0,0,199,,
2026-03-11,17:00,15.6,10.6,72.0,SE,3.2,19.3,1023.27,0,0,0,165,,
2026-03-11,17:15,15.0,10.6,75.0,SE,6.4,20.9,1023.13,0,0,0,84,,
2026-03-11,17:30,14.7,10.0,76.0,SE,4.8,16.1,1023.2,0,0,0,62,,
2026-03-11,17:45,14.4,10.0,77.0,SE,4.8,19.3,1023.06,0,0,0,40,,
2026-03-11,18:00,14.2,10.0,78.0,SE,3.2,9.7,1023.33,0,0,0,23,,
2026-03-11,18:15,14.0,10.6,79.0,SSE,3.2,17.7,1022.99,0,0,0,9,,
2026-03-11,18:30,13.7,10.0,81.0,SE,6.4,17.7,1023.5,0,0,0,0,,
2026-03-11,18:45,13.3,10.0,82.0,SE,4.8,14.5,1023.71,0,0,0,0,,
2026-03-11,19:00,12.9,10.0,83.0,ESE,6.4,11.3,1023.43,0,0,0,0,,
2026-03-11,19:15,12.8,10.0,85.0,SE,4.8,16.1,1023.54,0,0,0,0,,
2026-03-11,19:30,12.6,10.0,86.0,SSE,16.1,17.7,1023.5,0,0,0,0,,
2026-03-11,19:45,12.4,10.0,86.0,SE,14.5,17.7,1023.94,0,0,0,0,,
2026-03-11,20:00,12.4,10.0,87.0,SE,4.8,16.1,1024.11,0,0,0,0,,
2026-03-11,20:15,12.3,10.0,87.0,SE,3.2,11.3,1024.31,0,0,0,0,,
2026-03-11,20:30,12.2,10.0,88.0,SE,1.6,16.1,1024.31,0,0,0,0,,
2026-03-11,20:45,12.1,10.0,88.0,SE,3.2,16.1,1024.11,0,0,0,0,,
2026-03-11,21:00,11.9,10.0,89.0,NORTH,0.0,3.2,1024.59,0,0,0,0,,
2026-03-11,21:15,11.9,10.0,89.0,SE,1.6,3.2,1024.55,0,0,0,0,,
2026-03-11,21:30,12.0,10.0,89.0,SE,6.4,14.5,1024.59,0,0,0,0,,
2026-03-11,21:45,12.0,10.0,89.0,SE,3.2,4.8,1024.65,0,0,0,0,,
2026-03-11,22:00,11.9,10.0,89.0,NORTH,0.0,4.8,1024.65,0,0,0,0,,
2026-03-11,22:15,12.0,10.0,89.0,NORTH,0.0,3.2,1024.89,0,0,0,0,,
2026-03-11,22:30,12.0,10.0,89.0,ESE,3.2,3.2,1024.76,0,0,0,0,,
2026-03-11,22:45,12.2,10.6,89.0,SE,3.2,3.2,1024.76,0,0,0,0,,
2026-03-11,23:00,12.3,10.6,90.0,SE,3.2,4.8,1024.79,0,0,0,0,,
2026-03-11,23:15,12.3,10.6,90.0,SE,1.6,4.8,1025.16,0,0,0,0,,
2026-03-11,23:30,12.3,10.6,90.0,SE,1.6,3.2,1024.55,0,0,0,0,,
2026-03-11,23:45,12.3,10.6,90.0,SE,1.6,4.8,1024.52,0,0,0,0,,
2026-03-11,OVR,,,,,,,,,,,,gustmax,32.2
2026-03-11,OVR,,,,,,,,,,,,rainrate_max,
2026-03-11,OVR,,,,,,,,,,,,rain_total_mm,
2026-03-11,OVR,,,,,,,,,,,,tmax,16.4
2026-03-11,OVR,,,,,,,,,,,,tmin,10.0
2026-03-11,OVR,,,,,,,,,,,,wind_dir_mean_deg,135.0
2026-03-12,00:00,12.3,10.6,91.0,SE,1.6,11.3,1024.42,0,0,0,0,,
2026-03-12,00:15,12.2,10.6,91.0,SE,6.4,12.9,1024.28,0,0,0,0,,
2026-03-12,00:30,12.2,10.6,91.0,NORTH,0.0,11.3,1024.28,0,0,0,0,,
2026-03-12,00:45,12.2,10.6,91.0,SE,3.2,8.0,1024.01,0,0,0,0,,
2026-03-12,01:00,12.1,10.6,91.0,ESE,4.8,12.9,1024.04,0,0,0,0,,
2026-03-12,01:15,12.0,10.6,92.0,SE,6.4,11.3,1024.15,0,0,0,0,,
2026-03-12,01:30,11.8,10.6,92.0,SE,3.2,12.9,1024.38,0,0,0,0,,
2026-03-12,01:45,11.7,10.6,92.0,SE,1.6,8.0,1024.31,0,0,0,0,,
2026-03-12,02:00,11.7,10.6,92.0,NORTH,0.0,9.7,1024.21,0,0,0,0,,
2026-03-12,02:15,11.7,10.0,92.0,SSE,3.2,6.4,1024.08,0,0,0,0,,
2026-03-12,02:30,11.6,10.0,92.0,SSE,1.6,4.8,1024.25,0,0,0,0,,
2026-03-12,02:45,11.5,10.0,92.0,SSE,4.8,11.3,1023.91,0,0,0,0,,
2026-03-12,03:00,11.4,10.0,92.0,SE,4.8,11.3,1023.33,0,0,0,0,,
2026-03-12,03:15,11.3,10.0,92.0,NORTH,0.0,3.2,1023.6,0,0,0,0,,
2026-03-12,03:30,11.3,10.0,92.0,NORTH,0.0,0.0,1023.6,0,0,0,0,,
2026-03-12,03:45,11.2,10.0,92.0,NORTH,0.0,1.6,1023.27,0,0,0,0,,
2026-03-12,04:00,10.9,9.4,92.0,NORTH,0.0,3.2,1023.06,0,0,0,0,,
2026-03-12,04:15,10.8,9.4,92.0,ESE,3.2,4.8,1023.06,0,0,0,0,,
2026-03-12,04:30,10.9,9.4,92.0,NORTH,0.0,9.7,1022.99,0,0,0,0,,
2026-03-12,04:45,10.9,9.4,92.0,EAST,3.2,6.4,1023.03,0,0,0,0,,
2026-03-12,05:00,10.9,9.4,92.0,ESE,3.2,9.7,1022.76,0,0,0,0,,
2026-03-12,05:15,10.9,9.4,93.0,EAST,4.8,6.4,1022.86,0,0,0,0,,
2026-03-12,05:30,10.9,9.4,93.0,ESE,6.4,6.4,1022.69,0,0,0,0,,
2026-03-12,05:45,11.1,10.0,93.0,EAST,4.8,9.7,1022.38,0,0,0,0,,
2026-03-12,06:00,11.1,10.0,93.0,NORTH,0.0,6.4,1022.62,0,0,0,0,,
2026-03-12,06:15,11.1,10.0,93.0,ESE,4.8,9.7,1022.32,0,0,0,0,,
2026-03-12,06:30,11.0,10.0,93.0,ESE,3.2,9.7,1022.35,0,0,0,0,,
2026-03-12,06:45,10.9,9.4,93.0,NORTH,0.0,4.8,1022.55,0,0,0,0,,
2026-03-12,07:00,10.8,9.4,93.0,ESE,3.2,4.8,1022.35,0,0,0,25,,
2026-03-12,07:15,10.9,10.0,93.0,NORTH,0.0,6.4,1022.32,0,0,0,46,,
2026-03-12,07:30,11.1,10.0,93.0,NORTH,0.0,3.2,1022.66,0,0,0,58,,
2026-03-12,07:45,11.2,10.0,94.0,NORTH,0.0,1.6,1022.69,0,0,0,40,,
2026-03-12,08:00,11.4,10.0,94.0,NORTH,0.0,1.6,1022.89,0,0,0,54,,
2026-03-12,08:15,11.6,10.6,93.0,NORTH,0.0,0.0,1022.82,0,0,0,79,,
2026-03-12,08:30,11.7,10.6,93.0,NORTH,0.0,0.0,1022.99,0,0,0,141,,
2026-03-12,08:45,12.3,11.1,93.0,,1.6,4.8,1023.06,0,0,0,79,,
2026-03-12,09:00,12.2,10.6,92.0,NORTH,0.0,3.2,1023.06,0,0,1,207,,
2026-03-12,09:15,12.2,10.6,91.0,NORTH,0.0,1.6,1023.03,0,0,1,141,,
2026-03-12,09:30,12.7,11.1,90.0,NORTH,0.0,3.2,1023.13,0.25,0.25,1,190,,
2026-03-12,09:45,12.8,11.1,90.0,NW,6.4,11.3,1023.47,0.25,0.25,1,146,,
2026-03-12,10:00,12.4,10.6,91.0,NORTH,0.0,6.4,1023.27,0.25,0.25,1,65,,
2026-03-12,10:15,12.4,11.1,92.0,NORTH,0.0,8.0,1022.99,0.25,0.25,2,621,,
2026-03-12,10:30,13.1,11.1,90.0,NW,1.6,6.4,1023.13,0.25,0,2,745,,
2026-03-12,10:45,13.3,11.1,88.0,NORTH,0.0,3.2,1023.16,0.25,0,3,167,,
2026-03-12,11:00,13.6,11.1,87.0,NORTH,0.0,4.8,1022.79,0.25,0,2,450,,
2026-03-12,11:15,14.2,11.7,85.0,WNW,3.2,16.1,1023.37,0.25,0,2,828,,
2026-03-12,11:30,14.1,11.7,85.0,WEST,9.7,19.3,1022.99,0.25,0,4,798,,
2026-03-12,11:45,15.0,11.7,80.0,WNW,14.5,25.7,1022.55,0.25,0,4,847,,
2026-03-12,12:00,14.7,11.1,80.0,NW,14.5,38.6,1022.89,0.25,0,4,816,,
2026-03-12,12:15,14.9,11.1,79.0,WEST,4.8,25.7,1022.89,0.25,0,4,974,,
2026-03-12,12:30,15.2,11.1,78.0,WEST,14.5,32.2,1022.62,0.25,0,4,805,,
2026-03-12,12:45,15.3,10.6,74.0,WEST,16.1,35.4,1022.45,0.25,0,4,833,,
2026-03-12,13:00,15.0,10.6,75.0,WNW,16.1,33.8,1022.38,0.25,0,2,172,,
2026-03-12,13:15,14.8,11.1,79.0,SSW,16.1,32.2,1022.35,0.25,0,4,882,,
2026-03-12,13:30,14.6,10.6,77.0,WEST,22.5,38.6,1022.35,0.25,0,2,120,,
2026-03-12,13:45,14.2,10.6,79.0,WNW,29.0,38.6,1022.18,0.25,0,2,202,,
2026-03-12,14:00,14.2,10.6,79.0,WNW,17.7,32.2,1022.01,0.25,0,3,828,,
2026-03-12,14:15,14.7,10.6,76.0,WNW,24.1,35.4,1021.71,0.25,0,3,810,,
2026-03-12,14:30,14.4,10.0,75.0,WNW,14.5,29.0,1021.81,0.25,0,2,220,,
2026-03-12,14:45,13.9,10.0,77.0,WEST,27.4,33.8,1021.37,0.25,0,2,174,,
2026-03-12,15:00,14.1,10.0,76.0,WNW,12.9,30.6,1021.61,0.25,0,2,255,,
2026-03-12,15:15,14.1,10.0,76.0,WNW,22.5,35.4,1021.54,0.25,0,1,267,,
2026-03-12,15:30,14.1,10.0,78.0,WNW,14.5,27.4,1021.3,0.25,0,2,397,,
2026-03-12,15:45,13.7,10.0,79.0,WNW,16.1,32.2,1021.47,0.25,0,1,193,,
2026-03-12,16:00,13.1,9.4,79.0,WEST,4.8,30.6,1021.3,0.25,0,1,153,,
2026-03-12,16:15,13.2,9.4,78.0,WNW,20.9,29.0,1021.47,0.25,0,1,445,,
2026-03-12,16:30,13.1,8.3,74.0,NW,12.9,32.2,1021.5,0.25,0,1,350,,
2026-03-12,16:45,13.3,8.3,73.0,WNW,11.3,33.8,1021.13,0.25,0,1,322,,
2026-03-12,17:00,12.9,7.8,73.0,WEST,14.5,32.2,1021.27,0.25,0,0,111,,
2026-03-12,17:15,12.7,8.3,75.0,WEST,4.8,32.2,1021.06,0.25,0,0,232,,
2026-03-12,17:30,12.6,8.3,76.0,WNW,12.9,29.0,1021.2,0.25,0,0,144,,
2026-03-12,17:45,12.4,8.3,78.0,NORTH,0.0,12.9,1021.3,0.25,0,0,98,,
2026-03-12,18:00,12.2,8.3,78.0,WEST,20.9,29.0,1021.23,0.25,0,0,44,,
2026-03-12,18:15,12.1,8.3,78.0,WNW,6.4,25.7,1020.96,0.25,0,0,0,,
2026-03-12,18:30,11.8,8.3,79.0,WNW,9.7,19.3,1020.93,0.25,0,0,0,,
2026-03-12,18:45,11.4,7.8,79.0,WNW,6.4,19.3,1020.73,0.25,0,0,0,,
2026-03-12,19:00,11.2,7.8,80.0,WNW,6.4,17.7,1021.2,0.25,0,0,0,,
2026-03-12,19:15,10.9,7.2,80.0,WNW,14.5,16.1,1021.3,0.25,0,0,0,,
2026-03-12,19:30,10.9,7.2,79.0,WEST,22.5,32.2,1021.5,0.25,0,0,0,,
2026-03-12,19:45,10.8,6.7,78.0,NW,14.5,33.8,1021.2,0.25,0,0,0,,
2026-03-12,20:00,10.7,6.1,75.0,WNW,30.6,38.6,1021.47,0.25,0,0,0,,
2026-03-12,20:15,10.7,6.1,75.0,WNW,17.7,38.6,1021.27,0.25,0,0,0,,
2026-03-12,20:30,10.4,6.1,75.0,WNW,22.5,32.2,1021.2,0.25,0,0,0,,
2026-03-12,20:45,10.4,6.1,76.0,WNW,8.0,24.1,1020.89,0.25,0,0,0,,
2026-03-12,21:00,10.2,6.1,76.0,WNW,6.4,19.3,1020.93,0.25,0,0,0,,
2026-03-12,21:15,9.9,6.1,78.0,WNW,4.8,14.5,1020.69,0.25,0,0,0,,
2026-03-12,21:30,10.0,6.1,79.0,WNW,4.8,11.3,1020.86,0.25,0,0,0,,
2026-03-12,21:45,10.2,6.7,80.0,WNW,3.2,14.5,1021,0.25,0,0,0,,
2026-03-12,22:00,10.1,6.7,82.0,WEST,6.4,19.3,1020.89,0.25,0,0,0,,
2026-03-12,22:15,10.1,7.2,84.0,WNW,6.4,11.3,1020.66,0.25,0,0,0,,
2026-03-12,22:30,10.1,7.8,86.0,WNW,16.1,25.7,1020.73,0.51,0.25,0,0,,
2026-03-12,22:45,10.1,7.8,88.0,WNW,6.4,17.7,1020.79,0.76,0.51,0,0,,
2026-03-12,23:00,10.1,8.3,89.0,WEST,9.7,19.3,1020.86,0.76,0.51,0,0,,
2026-03-12,23:15,10.2,8.3,90.0,NW,12.9,19.3,1020.83,1.27,1.02,0,0,,
2026-03-12,23:30,10.2,8.3,90.0,WEST,3.2,20.9,1020.59,1.52,1.02,0,0,,
2026-03-12,23:45,10.3,8.9,91.0,NW,4.8,25.7,1020.39,1.52,0.76,0,0,,
2026-03-12,OVR,,,,,,,,,,,,gustmax,38.6
2026-03-12,OVR,,,,,,,,,,,,rainrate_max,2.0
2026-03-12,OVR,,,,,,,,,,,,rain_total_mm,1.6
2026-03-12,OVR,,,,,,,,,,,,tmax,15.7
2026-03-12,OVR,,,,,,,,,,,,tmin,9.8
2026-03-12,OVR,,,,,,,,,,,,wind_dir_mean_deg,292.5
2026-03-13,00:00,10.2,8.3,91.0,WEST,12.9,22.5,1020.45,0,0.76,0,0,,
2026-03-13,00:15,10.2,8.9,92.0,NW,8.0,24.1,1020.18,0,0.51,0,0,,
2026-03-13,00:30,10.2,8.9,92.0,WNW,3.2,19.3,1020.01,0,0.25,0,0,,
2026-03-13,00:45,10.1,8.9,92.0,WNW,4.8,16.1,1019.78,0.25,0.25,0,0,,
2026-03-13,01:00,10.1,8.9,92.0,WNW,4.8,16.1,1019.74,0.51,0.51,0,0,,
2026-03-13,01:15,9.8,8.3,92.0,WNW,11.3,20.9,1020.08,0.76,0.76,0,0,,
2026-03-13,01:30,9.6,8.3,93.0,WNW,8.0,25.7,1019.91,1.52,1.52,0,0,,
2026-03-13,01:45,9.4,8.3,93.0,WNW,16.1,20.9,1019.91,1.78,1.52,0,0,,
2026-03-13,02:00,9.3,7.8,93.0,WNW,11.3,17.7,1019.74,2.03,1.52,0,0,,
2026-03-13,02:15,9.3,8.3,93.0,NW,6.4,14.5,1019.51,2.03,1.02,0,0,,
2026-03-13,02:30,9.4,8.3,93.0,WNW,12.9,17.7,1019.2,2.03,0.51,0,0,,
2026-03-13,02:45,9.4,8.3,93.0,WEST,4.8,16.1,1019.13,2.03,0.25,0,0,,
2026-03-13,03:00,9.4,8.3,93.0,WEST,9.7,16.1,1018.86,2.03,0,0,0,,
2026-03-13,03:15,9.2,7.8,93.0,WNW,12.9,19.3,1018.86,2.03,0,0,0,,
2026-03-13,03:30,9.2,7.8,93.0,WNW,8.0,12.9,1018.46,2.03,0,0,0,,
2026-03-13,03:45,9.2,8.3,94.0,WEST,3.2,14.5,1018.39,2.03,0,0,0,,
2026-03-13,04:00,9.2,7.8,93.0,WEST,4.8,17.7,1018.39,2.03,0,0,0,,
2026-03-13,04:15,9.1,7.8,94.0,NORTH,0.0,8.0,1018.05,2.03,0,0,0,,
2026-03-13,04:30,9.0,7.8,94.0,WSW,1.6,11.3,1018.12,2.03,0,0,0,,
2026-03-13,04:45,8.8,7.8,94.0,NORTH,0.0,3.2,1018.15,2.03,0,0,0,,
2026-03-13,05:00,8.7,7.8,94.0,SW,1.6,1.6,1018.19,2.03,0,0,0,,
2026-03-13,05:15,8.6,7.2,94.0,WNW,1.6,12.9,1018.22,2.03,0,0,0,,
2026-03-13,05:30,8.6,7.2,94.0,WNW,3.2,6.4,1017.88,2.03,0,0,0,,
2026-03-13,05:45,8.6,7.2,94.0,NW,3.2,8.0,1018.15,2.03,0,0,0,,
2026-03-13,06:00,8.6,7.2,94.0,NORTH,0.0,1.6,1018.05,2.03,0,0,0,,
2026-03-13,06:15,8.6,7.2,94.0,NORTH,0.0,1.6,1017.85,2.03,0,0,0,,
2026-03-13,06:30,8.7,7.8,94.0,NORTH,0.0,8.0,1018.19,2.03,0,0,0,,
2026-03-13,06:45,8.8,7.8,94.0,NORTH,0.0,6.4,1018.02,2.03,0,0,0,,
2026-03-13,07:00,8.8,7.8,94.0,NORTH,0.0,0.0,1018.15,2.03,0,0,9,,
2026-03-13,07:15,8.8,7.8,94.0,NORTH,0.0,0.0,1018.15,2.03,0,0,14,,
2026-03-13,07:30,8.9,7.8,94.0,NORTH,0.0,0.0,1018.05,2.29,0.25,0,23,,
2026-03-13,07:45,9.1,7.8,94.0,NORTH,0.0,4.8,1017.85,2.29,0.25,0,58,,
2026-03-13,08:00,9.2,8.3,94.0,NNW,3.2,8.0,1018.12,2.29,0.25,0,111,,
2026-03-13,08:15,9.2,8.3,94.0,NNW,3.2,4.8,1017.98,2.29,0.25,0,97,,
2026-03-13,08:30,9.6,8.3,94.0,NNW,1.6,6.4,1018.12,2.29,0,0,134,,
2026-03-13,08:45,9.7,8.9,94.0,NW,3.2,8.0,1018.19,2.29,0,1,269,,
2026-03-13,09:00,9.8,8.9,94.0,WNW,8.0,22.5,1018.22,2.29,0,1,295,,
2026-03-13,09:15,10.0,8.9,94.0,NW,4.8,16.1,1018.39,2.29,0,1,197,,
2026-03-13,09:45,10.7,9.4,92.0,NW,11.3,19.3,1018.52,2.29,0,2,446,,
2026-03-13,10:00,11.2,9.4,92.0,WNW,8.0,19.3,1018.35,2.29,0,2,687,,
2026-03-13,10:15,11.2,9.4,91.0,WEST,6.4,19.3,1018.46,2.29,0,2,292,,
2026-03-13,10:30,11.8,10.0,90.0,WEST,6.4,20.9,1018.12,2.29,0,3,745,,
2026-03-13,10:45,11.8,10.0,88.0,WEST,6.4,19.3,1018.12,2.29,0,2,239,,
2026-03-13,11:00,12.3,10.0,87.0,WEST,3.2,20.9,1018.12,2.29,0,3,301,,
2026-03-13,11:15,12.5,10.0,86.0,NW,8.0,16.1,1017.88,2.29,0,4,914,,
2026-03-13,11:30,12.8,10.0,84.0,WNW,11.3,22.5,1017.91,2.29,0,2,327,,
2026-03-13,11:45,13.0,10.0,83.0,WEST,9.7,24.1,1017.64,2.29,0,4,1011,,
2026-03-13,12:00,12.8,9.4,81.0,WEST,16.1,24.1,1017.61,2.29,0,4,849,,
2026-03-13,12:15,13.3,10.0,80.0,WEST,11.3,24.1,1017.44,2.29,0,4,1000,,
2026-03-13,12:30,13.4,9.4,79.0,WEST,6.4,24.1,1017.1,2.29,0,4,292,,
2026-03-13,12:45,13.6,9.4,78.0,WNW,8.0,22.5,1017.07,2.29,0,4,320,,
2026-03-13,13:00,13.7,10.0,79.0,NW,11.3,30.6,1016.42,2.29,0,4,791,,
2026-03-13,13:15,14.2,10.6,79.0,NNE,14.5,30.6,1016.42,2.29,0,3,981,,
2026-03-13,13:30,14.1,10.0,78.0,NW,16.1,32.2,1015.92,2.29,0,4,814,,
2026-03-13,13:45,14.0,10.6,79.0,WEST,24.1,33.8,1015.95,2.29,0,4,768,,
2026-03-13,14:00,13.7,10.0,80.0,,20.9,33.8,1016.22,2.29,0,2,295,,
2026-03-13,14:15,12.9,10.0,83.0,NNE,22.5,41.8,1015.75,2.29,0,2,250,,
2026-03-13,14:30,12.8,10.0,85.0,WNW,16.1,32.2,1015.85,2.29,0,2,279,,
2026-03-13,14:45,12.7,10.0,85.0,WNW,32.2,32.2,1015.58,2.29,0,2,229,,
2026-03-13,15:00,12.6,10.0,85.0,NW,19.3,35.4,1015.61,2.29,0,2,265,,
2026-03-13,15:15,12.6,10.0,86.0,WEST,17.7,37.0,1015.34,2.29,0,2,281,,
2026-03-13,15:30,12.7,10.6,86.0,WNW,29.0,37.0,1015.21,2.29,0,1,190,,
2026-03-13,15:45,12.9,10.0,84.0,WEST,24.1,37.0,1015.24,2.29,0,1,216,,
2026-03-13,16:00,12.7,10.0,86.0,WEST,16.1,32.2,1015.07,2.29,0,1,255,,
2026-03-13,16:15,12.7,10.0,85.0,WEST,25.7,35.4,1015.27,2.29,0,1,524,,
2026-03-13,16:30,13.1,9.4,81.0,WNW,24.1,33.8,1015.07,2.29,0,1,454,,
2026-03-13,16:45,12.8,9.4,82.0,NW,19.3,32.2,1015.17,2.29,0,0,134,,
2026-03-13,17:00,12.9,10.0,84.0,WEST,30.6,43.5,1015.21,2.29,0,0,279,,
2026-03-13,17:15,13.1,10.0,83.0,WNW,20.9,29.0,1014.93,2.29,0,0,144,,
2026-03-13,17:30,13.0,10.0,83.0,WNW,33.8,38.6,1015.07,2.29,0,0,144,,
2026-03-13,17:45,12.9,10.0,82.0,WNW,29.0,29.0,1014.9,2.29,0,0,74,,
2026-03-13,18:00,12.6,9.4,82.0,WNW,12.9,27.4,1015.17,2.29,0,0,44,,
2026-03-13,18:15,12.4,9.4,83.0,WEST,17.7,24.1,1015.17,2.29,0,0,18,,
2026-03-13,18:30,12.2,9.4,84.0,WEST,9.7,27.4,1014.77,2.29,0,0,0,,
2026-03-13,18:45,11.9,9.4,84.0,NW,4.8,16.1,1015.34,2.29,0,0,0,,
2026-03-13,19:00,11.7,8.9,85.0,WEST,9.7,14.5,1015.17,2.29,0,0,0,,
2026-03-13,19:15,11.4,8.9,86.0,NW,4.8,17.7,1015.31,2.29,0,0,0,,
2026-03-13,19:30,11.3,8.9,86.0,NORTH,0.0,11.3,1015.34,2.29,0,0,0,,
2026-03-13,19:45,11.2,8.9,87.0,WEST,9.7,9.7,1015.1,2.29,0,0,0,,
2026-03-13,20:00,11.0,8.9,87.0,WEST,3.2,12.9,1015.14,2.29,0,0,0,,
2026-03-13,20:15,11.0,8.9,88.0,WNW,6.4,12.9,1015.48,2.29,0,0,0,,
2026-03-13,20:30,10.8,8.9,88.0,WNW,1.6,11.3,1015.27,2.29,0,0,0,,
2026-03-13,20:45,10.7,8.9,89.0,WEST,4.8,14.5,1015.34,2.29,0,0,0,,
2026-03-13,21:00,10.6,8.9,89.0,NORTH,0.0,11.3,1015.14,2.29,0,0,0,,
2026-03-13,21:15,10.6,8.9,90.0,NORTH,0.0,6.4,1014.97,2.29,0,0,0,,
2026-03-13,21:30,10.5,8.9,90.0,NORTH,0.0,1.6,1015.24,2.29,0,0,0,,
2026-03-13,21:45,10.4,8.3,90.0,SOUTH,1.6,4.8,1014.93,2.29,0,0,0,,
2026-03-13,22:00,10.2,8.3,90.0,SOUTH,1.6,4.8,1014.87,2.29,0,0,0,,
2026-03-13,22:15,10.1,8.3,90.0,NORTH,0.0,6.4,1015.17,2.29,0,0,0,,
2026-03-13,22:30,10.2,8.3,90.0,NORTH,0.0,6.4,1015.04,2.29,0,0,0,,
2026-03-13,22:45,10.3,8.3,90.0,NORTH,0.0,1.6,1014.9,2.29,0,0,0,,
2026-03-13,23:00,10.2,8.3,90.0,NORTH,0.0,1.6,1014.77,2.29,0,0,0,,
2026-03-13,23:15,10.1,8.3,91.0,NORTH,0.0,1.6,1014.6,2.29,0,0,0,,
2026-03-13,23:30,10.2,8.3,91.0,NORTH,0.0,1.6,1014.66,2.29,0,0,0,,
2026-03-13,23:45,10.3,8.9,91.0,NORTH,0.0,3.2,1014.63,2.29,0,0,0,,
2026-03-13,OVR,,,,,,,,,,,,gustmax,43.5
2026-03-13,OVR,,,,,,,,,,,,rainrate_max,3.0
2026-03-13,OVR,,,,,,,,,,,,rain_total_mm,2.2
2026-03-13,OVR,,,,,,,,,,,,tmax,14.4
2026-03-13,OVR,,,,,,,,,,,,tmin,8.5
2026-03-13,OVR,,,,,,,,,,,,wind_dir_mean_deg,292.5
2026-03-14,00:00,10.4,8.9,91.0,NORTH,0.0,1.6,1014.29,0,0,0,0,,
2026-03-14,00:15,10.4,8.9,91.0,NORTH,0.0,1.6,1014.22,0,0,0,0,,
2026-03-14,00:30,10.6,8.9,92.0,NORTH,0.0,11.3,1014.05,0,0,0,0,,
2026-03-14,00:45,10.7,9.4,92.0,WEST,11.3,4.8,1013.75,0,0,0,0,,
2026-03-14,01:00,10.7,9.4,92.0,NORTH,0.0,11.3,1013.85,0,0,0,0,,
2026-03-14,01:15,10.6,8.9,92.0,NORTH,0.0,3.2,1013.82,0,0,0,0,,
2026-03-14,01:30,10.4,8.9,92.0,NORTH,0.0,1.6,1013.68,0,0,0,0,,
2026-03-14,01:45,10.3,8.9,92.0,NORTH,0.0,3.2,1013.51,0,0,0,0,,
2026-03-14,02:00,10.1,8.9,92.0,NORTH,0.0,6.4,1013.72,0,0,0,0,,
2026-03-14,02:15,9.8,8.3,92.0,NORTH,0.0,0.0,1013.17,0,0,0,0,,
2026-03-14,02:30,9.6,8.3,92.0,NORTH,0.0,3.2,1013.11,0,0,0,0,,
2026-03-14,02:45,9.3,7.8,92.0,WEST,1.6,3.2,1013.04,0,0,0,0,,
2026-03-14,03:00,9.1,7.8,92.0,NORTH,0.0,1.6,1012.67,0,0,0,0,,
2026-03-14,03:15,9.3,7.8,93.0,NORTH,0.0,1.6,1012.29,0,0,0,0,,
2026-03-14,03:30,9.2,7.8,92.0,NORTH,0.0,0.0,1012.23,0,0,0,0,,
2026-03-14,03:45,9.0,7.8,92.0,NORTH,0.0,3.2,1012.09,0,0,0,0,,
2026-03-14,04:00,8.6,7.2,92.0,NORTH,0.0,0.0,1012.02,0,0,0,0,,
2026-03-14,04:15,8.4,7.2,92.0,NORTH,0.0,3.2,1011.89,0,0,0,0,,
2026-03-14,04:30,8.2,6.7,92.0,WSW,1.6,3.2,1011.58,0,0,0,0,,
2026-03-14,04:45,8.3,7.2,93.0,WSW,1.6,3.2,1011.72,0,0,0,0,,
2026-03-14,05:00,8.6,7.2,93.0,WSW,1.6,3.2,1011.55,0,0,0,0,,
2026-03-14,05:15,8.4,7.2,93.0,WSW,1.6,3.2,1011.18,0,0,0,0,,
2026-03-14,05:30,8.7,7.2,93.0,NORTH,0.0,3.2,1011.24,0,0,0,0,,
2026-03-14,05:45,8.7,7.2,93.0,NORTH,0.0,6.4,1011.01,0,0,0,0,,
2026-03-14,06:00,8.3,7.2,93.0,SOUTH,1.6,3.2,1010.74,0,0,0,0,,
2026-03-14,06:15,8.1,6.7,93.0,ESE,1.6,6.4,1010.26,0,0,0,0,,
2026-03-14,06:30,7.8,6.7,93.0,ESE,6.4,4.8,1010.3,0,0,0,0,,
2026-03-14,06:45,7.9,6.7,93.0,ESE,8.0,11.3,1009.99,0,0,0,12,,
2026-03-14,07:00,8.0,6.7,93.0,ESE,6.4,12.9,1010.23,0,0,0,32,,
2026-03-14,07:15,8.3,7.2,93.0,ESE,6.4,9.7,1009.85,0,0,0,77,,
2026-03-14,07:30,8.7,7.2,93.0,ESE,3.2,9.7,1009.79,0,0,0,56,,
2026-03-14,07:45,8.9,7.8,94.0,ESE,3.2,9.7,1010.23,0,0,0,76,,
2026-03-14,08:00,9.4,8.3,94.0,NORTH,0.0,6.4,1009.72,0,0,0,237,,
2026-03-14,08:15,10.0,8.9,93.0,NORTH,0.0,9.7,1009.72,0,0,1,287,,
2026-03-14,08:30,10.2,8.9,93.0,EAST,4.8,9.7,1009.69,0,0,1,315,,
2026-03-14,08:45,10.3,8.9,92.0,ESE,3.2,9.7,1009.52,0,0,1,332,,
2026-03-14,09:00,10.5,8.9,91.0,SE,6.4,14.5,1009.69,0,0,1,420,,
2026-03-14,09:15,10.6,8.9,91.0,SSE,6.4,16.1,1009.21,0,0,1,450,,
2026-03-14,09:30,10.8,8.9,89.0,SSE,9.7,17.7,1009.38,0,0,2,557,,
2026-03-14,09:45,10.9,8.9,88.0,SSE,11.3,17.7,1009.41,0,0,2,601,,
2026-03-14,10:00,11.4,8.9,86.0,SE,11.3,16.1,1009.38,0,0,2,332,,
2026-03-14,10:15,11.7,8.9,84.0,SE,6.4,14.5,1009.35,0,0,2,659,,
2026-03-14,10:30,11.9,8.9,82.0,ESE,4.8,14.5,1009.11,0,0,3,722,,
2026-03-14,10:45,12.1,8.3,79.0,SSE,9.7,16.1,1008.94,0,0,3,761,,
2026-03-14,11:00,12.6,8.9,80.0,NORTH,0.0,19.3,1008.57,0,0,3,870,,
2026-03-14,11:15,12.6,8.9,78.0,SSE,4.8,19.3,1008.43,0,0,3,773,,
2026-03-14,11:30,13.1,9.4,80.0,SE,14.5,20.9,1008.33,0,0,4,779,,
2026-03-14,11:45,13.4,10.0,80.0,SE,8.0,17.7,1008.33,0,0,2,766,,
2026-03-14,12:00,13.7,10.0,78.0,SSE,6.4,22.5,1007.69,0,0,4,788,,
2026-03-14,12:15,14.0,10.0,77.0,SE,12.9,20.9,1007.62,0,0,2,823,,
2026-03-14,12:30,14.2,10.0,75.0,SE,8.0,24.1,1007.35,0,0,2,424,,
2026-03-14,12:45,14.8,9.4,72.0,SSE,8.0,24.1,1006.67,0,0,4,854,,
2026-03-14,13:00,14.9,10.0,73.0,ESE,11.3,24.1,1005.96,0,0,4,816,,
2026-03-14,13:15,15.1,10.0,72.0,SOUTH,6.4,25.7,1005.86,0,0,4,775,,
2026-03-14,13:30,15.3,10.0,70.0,SE,12.9,25.7,1005.38,0,0,4,807,,
2026-03-14,13:45,15.3,9.4,69.0,SSE,24.1,25.7,1005.08,0,0,3,346,,
2026-03-14,14:00,15.6,10.0,70.0,SSE,25.7,29.0,1004.57,0,0,2,765,,
2026-03-14,14:15,15.3,10.0,70.0,SE,9.7,25.7,1004.23,0,0,2,469,,
2026-03-14,14:30,15.3,10.0,70.0,SE,16.1,29.0,1004,0,0,2,482,,
2026-03-14,14:45,15.2,9.4,70.0,SSE,22.5,27.4,1003.83,0,0,1,255,,
2026-03-14,15:00,15.1,9.4,71.0,SSE,17.7,33.8,1003.73,0,0,2,285,,
2026-03-14,15:15,15.2,9.4,70.0,SSE,3.2,20.9,1003.69,0,0,1,264,,
2026-03-14,15:30,14.6,8.9,71.0,SSE,19.3,27.4,1003.49,0,0,1,308,,
2026-03-14,15:45,14.4,8.9,71.0,SSE,6.4,20.9,1003.01,0,0,1,232,,
2026-03-14,16:00,14.1,9.4,73.0,SSE,20.9,22.5,1002.51,0,0,1,195,,
2026-03-14,16:15,13.9,9.4,74.0,SSE,17.7,27.4,1002.81,0,0,1,169,,
2026-03-14,16:30,13.7,8.9,75.0,SE,8.0,27.4,1002.47,0,0,0,98,,
2026-03-14,16:45,13.5,8.9,76.0,SSE,14.5,25.7,1002.47,0,0,0,100,,
2026-03-14,17:00,13.3,8.9,75.0,SE,8.0,20.9,1002.07,0,0,0,88,,
2026-03-14,17:15,13.1,8.3,74.0,SE,4.8,22.5,1001.83,0,0,0,67,,
2026-03-14,17:30,13.1,8.3,74.0,SE,17.7,29.0,1001.76,0,0,0,58,,
2026-03-14,17:45,12.9,8.3,75.0,SSE,4.8,19.3,1001.8,0,0,0,35,,
2026-03-14,18:00,12.8,8.3,76.0,ESE,4.8,14.5,1001.59,0,0,0,19,,
2026-03-14,18:15,12.7,8.3,77.0,SE,3.2,12.9,1001.19,0,0,0,11,,
2026-03-14,18:30,12.6,8.3,77.0,SSE,6.4,17.7,1001.22,0,0,0,0,,
2026-03-14,18:45,12.4,8.3,77.0,SE,3.2,11.3,1000.88,0,0,0,0,,
2026-03-14,19:00,12.4,8.3,78.0,SSE,4.8,17.7,1000.54,0,0,0,0,,
2026-03-14,19:15,12.4,8.9,78.0,SSE,6.4,17.7,1000.17,0,0,0,0,,
2026-03-14,19:30,12.3,8.9,80.0,SE,4.8,14.5,999.87,0,0,0,0,,
2026-03-14,19:45,11.9,8.9,82.0,SSE,6.4,12.9,999.93,0.25,0.25,0,0,,
2026-03-14,20:00,11.5,8.9,85.0,SE,11.3,19.3,999.8,1.52,1.52,0,0,,
2026-03-14,20:15,11.3,8.9,87.0,SSE,8.0,12.9,1000.07,4.06,4.06,0,0,,
2026-03-14,20:30,10.7,8.3,88.0,WNW,6.4,27.4,1000.68,7.37,7.37,0,0,,
2026-03-14,20:45,10.3,8.3,88.0,NORTH,0.0,3.2,1000.14,7.87,7.62,0,0,,
2026-03-14,21:00,10.1,8.3,89.0,NORTH,0.0,4.8,1000,8.38,6.6,0,0,,
2026-03-14,21:15,10.2,8.3,89.0,NORTH,0.0,4.8,1000.17,9.14,5.08,0,0,,
2026-03-14,21:30,10.3,8.3,90.0,NORTH,0.0,1.6,1000.07,10.92,3.3,0,0,,
2026-03-14,21:45,10.1,8.3,90.0,NORTH,0.0,4.8,999.9,12.19,4.32,0,0,,
2026-03-14,22:00,10.0,8.3,90.0,NORTH,0.0,3.2,999.46,12.7,4.32,0,0,,
2026-03-14,22:15,9.9,8.3,90.0,NORTH,0.0,1.6,999.36,12.95,3.81,0,0,,
2026-03-14,22:30,9.8,8.3,91.0,NORTH,0.0,3.2,999.12,12.95,2.03,0,0,,
2026-03-14,22:45,9.8,8.3,91.0,NORTH,0.0,0.0,998.82,12.95,0.76,0,0,,
2026-03-14,23:00,9.8,8.3,91.0,ESE,4.8,4.8,998.61,12.95,0.25,0,0,,
2026-03-14,23:15,9.8,8.3,92.0,ESE,1.6,11.3,998.27,13.21,0.25,0,0,,
2026-03-14,23:30,9.8,8.3,92.0,ESE,3.2,9.7,998.24,13.72,0.51,0,0,,
2026-03-14,23:45,9.8,8.3,92.0,ESE,12.9,17.7,997.8,13.72,0.76,0,0,,
2026-03-14,OVR,,,,,,,,,,,,gustmax,33.8
2026-03-14,OVR,,,,,,,,,,,,rainrate_max,66.2
2026-03-14,OVR,,,,,,,,,,,,rain_total_mm,14.4
2026-03-14,OVR,,,,,,,,,,,,tmax,15.9
2026-03-14,OVR,,,,,,,,,,,,tmin,7.8
2026-03-14,OVR,,,,,,,,,,,,wind_dir_mean_deg,135.0
2026-03-15,00:00,9.8,8.3,92.0,SE,4.8,17.7,997.73,0,1.52,0,0,,
2026-03-15,00:15,9.8,8.3,92.0,SSE,8.0,14.5,998.17,0.51,1.78,0,0,,
2026-03-15,00:30,8.1,6.7,92.0,NW,24.1,40.2,998.17,1.78,2.54,0,0,,
2026-03-15,00:45,7.8,6.7,92.0,WEST,29.0,32.2,998.34,2.29,2.79,0,0,,
2026-03-15,01:00,7.9,6.7,92.0,WNW,14.5,37.0,998.34,2.29,2.29,0,0,,
2026-03-15,01:15,7.7,6.1,92.0,WEST,17.7,32.2,998.21,2.29,1.78,0,0,,
2026-03-15,01:30,7.3,6.1,92.0,WNW,24.1,32.2,998.51,2.29,0.51,0,0,,
2026-03-15,01:45,6.9,5.6,93.0,WNW,17.7,30.6,998.71,2.54,0.51,0,0,,
2026-03-15,02:00,6.8,5.6,92.0,NW,24.1,41.8,998.71,2.79,0.51,0,0,,
2026-03-15,02:15,6.1,5.0,92.0,NW,12.9,40.2,998.68,2.79,0.51,0,0,,
2026-03-15,02:30,6.3,5.0,92.0,,24.1,37.0,998.65,2.79,0.51,0,0,,
2026-03-15,02:45,6.3,5.0,92.0,NW,20.9,41.8,998.54,2.79,0.25,0,0,,
2026-03-15,03:00,6.2,5.0,91.0,NW,17.7,35.4,998.78,2.79,0,0,0,,
2026-03-15,03:15,6.2,4.4,91.0,NW,16.1,30.6,998.58,2.79,0,0,0,,
2026-03-15,03:30,6.2,4.4,91.0,NW,6.4,24.1,998.21,2.79,0,0,0,,
2026-03-15,03:45,6.1,4.4,91.0,,6.4,17.7,998.07,2.79,0,0,0,,
2026-03-15,04:00,6.1,4.4,91.0,NW,8.0,14.5,998.14,2.79,0,0,0,,
2026-03-15,04:15,6.0,4.4,90.0,NW,14.5,19.3,997.97,2.79,0,0,0,,
2026-03-15,04:30,5.9,4.4,90.0,NW,9.7,22.5,998.04,2.79,0,0,0,,
2026-03-15,04:45,6.0,4.4,90.0,NW,9.7,19.3,997.8,2.79,0,0,0,,
2026-03-15,05:00,6.0,4.4,90.0,NW,8.0,12.9,998.07,2.79,0,0,0,,
2026-03-15,05:15,5.9,4.4,90.0,NW,3.2,9.7,997.73,2.79,0,0,0,,
2026-03-15,05:30,5.8,3.9,90.0,NW,3.2,14.5,997.46,2.79,0,0,0,,
2026-03-15,05:45,5.8,3.9,90.0,WNW,6.4,14.5,997.46,2.79,0,0,0,,
2026-03-15,06:00,5.8,3.9,90.0,NW,17.7,22.5,997.16,2.79,0,0,0,,
2026-03-15,06:15,6.0,4.4,89.0,WNW,12.9,19.3,997.29,2.79,0,0,0,,
2026-03-15,06:30,6.3,4.4,88.0,NW,4.8,19.3,997.43,2.79,0,0,0,,
2026-03-15,06:45,6.4,4.4,86.0,WNW,14.5,25.7,997.16,2.79,0,0,0,,
2026-03-15,07:00,6.7,3.9,84.0,NW,3.2,17.7,997.43,2.79,0,0,12,,
2026-03-15,07:15,6.8,3.9,82.0,WNW,6.4,17.7,997.87,2.79,0,0,26,,
2026-03-15,07:30,7.1,3.9,80.0,WNW,11.3,19.3,997.93,2.79,0,0,63,,
2026-03-15,07:45,7.2,3.3,78.0,NNW,3.2,16.1,997.66,2.79,0,0,86,,
2026-03-15,08:00,7.6,3.9,77.0,WNW,4.8,17.7,997.87,2.79,0,0,236,,
2026-03-15,08:15,7.7,3.9,78.0,WEST,4.8,6.4,998.1,2.79,0,0,288,,
2026-03-15,08:30,8.2,3.9,76.0,WNW,14.5,19.3,998.24,2.79,0,1,343,,
2026-03-15,08:45,8.3,4.4,77.0,NW,29.0,30.6,998.38,2.79,0,0,91,,
2026-03-15,09:00,7.4,3.9,79.0,WNW,8.0,25.7,998.95,2.79,0,1,220,,
2026-03-15,09:15,7.9,3.9,76.0,WEST,6.4,30.6,998.78,2.79,0,1,432,,
2026-03-15,09:30,7.9,4.4,80.0,WNW,20.9,35.4,999.26,2.79,0,1,237,,
2026-03-15,09:45,7.1,4.4,85.0,WEST,12.9,17.7,999.29,3.05,0.25,1,431,,
2026-03-15,10:00,7.3,5.0,86.0,WEST,6.4,14.5,999.19,3.05,0.25,2,353,,
2026-03-15,10:15,7.7,5.0,84.0,SW,1.6,16.1,999.19,3.05,0.25,0,118,,
2026-03-15,10:30,6.8,4.4,85.0,SW,3.2,12.9,999.29,4.06,1.27,1,144,,
2026-03-15,10:45,8.1,6.1,88.0,WNW,8.0,16.1,999.66,4.06,1.02,3,728,,
2026-03-15,11:00,8.1,5.6,84.0,WEST,9.7,16.1,999.56,4.06,1.02,3,777,,
2026-03-15,11:15,8.8,5.0,79.0,WEST,6.4,25.7,999.63,4.06,1.02,2,267,,
2026-03-15,11:30,8.8,5.0,78.0,SW,1.6,29.0,999.66,4.06,0,2,151,,
2026-03-15,11:45,9.3,5.0,74.0,WSW,4.8,27.4,999.76,4.06,0,2,244,,
2026-03-15,12:00,9.6,5.0,73.0,WNW,8.0,20.9,999.83,4.06,0,2,858,,
2026-03-15,12:15,9.2,5.0,75.0,WSW,1.6,29.0,999.87,4.06,0,2,206,,
2026-03-15,12:30,9.3,4.4,72.0,NE,6.4,17.7,999.87,4.06,0,3,919,,
2026-03-15,12:45,9.7,5.0,74.0,WNW,12.9,25.7,999.93,4.06,0,2,350,,
2026-03-15,13:00,10.3,5.6,73.0,WNW,25.7,30.6,999.39,4.06,0,3,1023,,
2026-03-15,13:15,9.9,5.0,73.0,WEST,4.8,22.5,999.9,4.06,0,2,401,,
2026-03-15,13:30,9.6,5.0,73.0,WNW,11.3,20.9,999.97,4.06,0,2,301,,
2026-03-15,13:45,10.3,5.0,71.0,WNW,11.3,16.1,1000.17,4.06,0,2,220,,
2026-03-15,14:00,10.3,5.6,74.0,SW,3.2,16.1,1000.14,4.06,0,3,847,,
2026-03-15,14:15,10.4,5.6,72.0,WSW,8.0,16.1,999.97,4.06,0,3,724,,
2026-03-15,14:30,10.7,5.0,69.0,SSW,11.3,20.9,1000.1,4.06,0,3,707,,
2026-03-15,14:45,10.3,4.4,67.0,SSE,11.3,16.1,999.9,4.06,0,2,707,,
2026-03-15,15:00,10.2,5.0,71.0,SSE,8.0,19.3,1000.1,4.06,0,1,200,,
2026-03-15,15:15,10.3,5.0,70.0,SSE,4.8,20.9,1000.1,4.06,0,2,633,,
2026-03-15,15:30,10.8,3.3,62.0,ESE,3.2,20.9,1000.14,4.06,0,2,654,,
2026-03-15,15:45,11.2,3.9,63.0,ESE,6.4,19.3,1000.44,4.06,0,1,599,,
2026-03-15,16:00,11.2,4.4,65.0,SSE,3.2,17.7,1000.68,4.06,0,1,564,,
2026-03-15,16:15,11.1,4.4,64.0,SE,6.4,19.3,1000.68,4.06,0,1,353,,
2026-03-15,16:30,10.7,4.4,66.0,SSE,6.4,22.5,1001.19,4.06,0,1,255,,
2026-03-15,16:45,10.6,4.4,68.0,SSE,6.4,11.3,1001.05,4.06,0,0,209,,
2026-03-15,17:00,10.4,5.0,69.0,SE,3.2,9.7,1001.22,4.06,0,0,155,,
2026-03-15,17:15,10.3,5.0,71.0,SE,1.6,6.4,1001.46,4.06,0,0,162,,
2026-03-15,17:30,10.4,5.0,71.0,SE,1.6,6.4,1001.86,4.06,0,0,171,,
2026-03-15,17:45,10.3,5.0,71.0,SSE,3.2,4.8,1002.2,4.06,0,0,123,,
2026-03-15,18:00,10.3,5.0,72.0,NORTH,0.0,4.8,1002.24,4.06,0,0,58,,
2026-03-15,18:15,10.0,5.0,72.0,SE,3.2,4.8,1002.51,4.06,0,0,30,,
2026-03-15,18:30,10.0,5.6,74.0,SE,3.2,4.8,1002.81,4.06,0,0,7,,
2026-03-15,18:45,9.8,5.6,74.0,NORTH,0.0,3.2,1002.91,4.06,0,0,0,,
2026-03-15,19:00,9.3,5.0,75.0,NORTH,0.0,3.2,1003.25,4.06,0,0,0,,
2026-03-15,19:15,8.7,4.4,77.0,SSE,3.2,4.8,1003.12,4.06,0,0,0,,
2026-03-15,19:30,8.3,5.0,79.0,SSE,3.2,6.4,1003.59,4.06,0,0,0,,
2026-03-15,19:45,8.2,5.0,81.0,NORTH,0.0,4.8,1003.83,4.06,0,0,0,,
2026-03-15,20:00,8.2,5.0,81.0,NORTH,0.0,4.8,1004.27,4.06,0,0,0,,
2026-03-15,20:15,7.9,5.0,81.0,NORTH,0.0,3.2,1004.47,4.06,0,0,0,,
2026-03-15,20:30,7.9,4.4,81.0,NORTH,0.0,4.8,1004.64,4.06,0,0,0,,
2026-03-15,20:45,8.1,5.0,81.0,NORTH,0.0,0.0,1004.91,4.06,0,0,0,,
2026-03-15,21:00,8.1,5.0,81.0,NORTH,0.0,0.0,1004.91,4.06,0,0,0,,
2026-03-15,21:15,8.1,5.0,82.0,NORTH,0.0,3.2,1005.28,4.06,0,0,0,,
2026-03-15,21:30,8.2,5.0,82.0,NORTH,0.0,4.8,1005.08,4.06,0,0,0,,
2026-03-15,21:45,7.9,5.0,83.0,NORTH,0.0,0.0,1005.42,4.06,0,0,0,,
2026-03-15,22:00,7.8,5.0,83.0,NORTH,0.0,1.6,1005.66,4.06,0,0,0,,
2026-03-15,22:15,7.8,5.0,83.0,NORTH,0.0,0.0,1005.96,4.06,0,0,0,,
2026-03-15,22:30,7.8,5.0,84.0,NORTH,0.0,0.0,1005.66,4.06,0,0,0,,
2026-03-15,22:45,7.9,5.0,84.0,WEST,4.8,12.9,1005.69,4.06,0,0,0,,
2026-03-15,23:00,8.1,5.6,84.0,NW,4.8,14.5,1005.49,4.06,0,0,0,,
2026-03-15,23:15,8.2,5.6,84.0,NW,8.0,12.9,1005.55,4.06,0,0,0,,
2026-03-15,23:30,8.4,5.6,84.0,WNW,6.4,17.7,1005.52,4.06,0,0,0,,
2026-03-15,23:45,8.6,5.6,83.0,NW,6.4,14.5,1005.72,4.06,0,0,0,,
2026-03-15,OVR,,,,,,,,,,,,gustmax,45.1
2026-03-15,OVR,,,,,,,,,,,,rainrate_max,26.8
2026-03-15,OVR,,,,,,,,,,,,rain_total_mm,4.0
2026-03-15,OVR,,,,,,,,,,,,tmax,11.3
2026-03-15,OVR,,,,,,,,,,,,tmin,5.7
2026-03-15,OVR,,,,,,,,,,,,wind_dir_mean_deg,292.5
2026-03-16,00:00,11.6,10.0,92.0,NORTH,0.0,3.2,1012.9,0,0,0,0,,
2026-03-16,00:15,11.4,10.0,92.0,NORTH,0.0,0.0,1012.7,0,0,0,0,,
2026-03-16,00:30,11.2,10.0,92.0,NORTH,0.0,0.0,1012.84,0,0,0,0,,
2026-03-16,00:45,11.2,9.4,92.0,NORTH,0.0,0.0,1012.8,0,0,0,0,,
2026-03-16,01:00,11.2,9.4,92.0,NORTH,0.0,0.0,1012.7,0,0,0,0,,
2026-03-16,01:15,10.9,9.4,92.0,NORTH,0.0,1.6,1012.8,0,0,0,0,,
2026-03-16,01:30,10.9,9.4,92.0,NORTH,0.0,1.6,1012.39,0,0,0,0,,
2026-03-16,01:45,10.4,8.9,92.0,NORTH,0.0,1.6,1012.84,0,0,0,0,,
2026-03-16,02:00,10.1,8.9,92.0,EAST,1.6,1.6,1012.33,0,0,0,0,,
2026-03-16,02:15,10.1,8.9,92.0,NORTH,0.0,3.2,1012.16,0,0,0,0,,
2026-03-16,02:30,10.2,8.9,92.0,NORTH,0.0,4.8,1011.92,0,0,0,0,,
2026-03-16,02:45,9.9,8.3,92.0,NORTH,0.0,4.8,1011.79,0,0,0,0,,
2026-03-16,03:00,9.8,8.3,92.0,ESE,1.6,12.9,1011.72,0,0,0,0,,
2026-03-16,03:15,10.0,8.9,92.0,ESE,4.8,11.3,1011.48,0,0,0,0,,
2026-03-16,03:30,9.8,8.3,93.0,EAST,3.2,9.7,1011.41,0,0,0,0,,
2026-03-16,03:45,9.5,8.3,92.0,NORTH,0.0,3.2,1011.21,0,0,0,0,,
2026-03-16,04:00,9.2,7.8,92.0,NORTH,0.0,1.6,1011.11,0,0,0,0,,
2026-03-16,04:15,9.1,7.8,93.0,NORTH,0.0,0.0,1011.48,0,0,0,0,,
2026-03-16,04:30,8.9,7.8,93.0,EAST,3.2,4.8,1011.24,0,0,0,0,,
2026-03-16,04:45,9.3,8.3,93.0,ESE,3.2,9.7,1011.04,0,0,0,0,,
2026-03-16,05:00,9.3,7.8,93.0,ESE,8.0,9.7,1010.8,0,0,0,0,,
2026-03-16,05:15,9.2,7.8,93.0,NORTH,0.0,11.3,1010.8,0,0,0,0,,
2026-03-16,05:30,8.9,7.8,93.0,ESE,4.8,4.8,1010.94,0,0,0,0,,
2026-03-16,05:45,9.1,7.8,93.0,ESE,1.6,4.8,1011.01,0,0,0,0,,
2026-03-16,06:00,9.1,7.8,93.0,NORTH,0.0,3.2,1010.77,0,0,0,0,,
2026-03-16,06:15,9.6,8.3,94.0,ESE,3.2,4.8,1010.8,0,0,0,0,,
2026-03-16,06:30,10.1,8.9,94.0,SSE,1.6,6.4,1010.8,0,0,0,0,,
2026-03-16,06:45,10.0,8.9,94.0,SSE,3.2,3.2,1010.63,0,0,0,0,,
2026-03-16,07:00,10.1,8.9,94.0,NORTH,0.0,11.3,1010.74,0,0,0,9,,
2026-03-16,07:15,10.1,8.9,94.0,NORTH,0.0,8.0,1010.67,0,0,0,23,,
2026-03-16,07:30,10.1,8.9,94.0,SSE,1.6,4.8,1010.8,0,0,0,46,,
2026-03-16,07:45,10.1,8.9,94.0,EAST,4.8,9.7,1010.87,0,0,0,81,,
2026-03-16,08:00,9.4,8.3,94.0,,4.8,12.9,1010.97,0,0,0,98,,
2026-03-16,08:15,9.0,7.8,94.0,ESE,6.4,14.5,1011.24,0,0,0,167,,
2026-03-16,08:30,9.6,8.3,94.0,EAST,9.7,11.3,1010.9,0,0,1,320,,
2026-03-16,08:45,9.9,8.9,94.0,ESE,11.3,14.5,1010.94,0,0,1,373,,
2026-03-16,09:00,10.3,8.9,91.0,ESE,6.4,14.5,1011.11,0,0,1,478,,
2026-03-16,09:15,10.8,8.9,88.0,ESE,9.7,12.9,1011.34,0,0,1,243,,
2026-03-16,09:30,11.3,8.9,87.0,ESE,11.3,16.1,1011.14,0,0,1,248,,
2026-03-16,09:45,11.8,8.3,81.0,EAST,8.0,17.7,1011.55,0,0,2,624,,
2026-03-16,10:00,12.2,7.2,73.0,EAST,19.3,24.1,1011.62,0,0,3,715,,
2026-03-16,10:15,12.3,6.7,69.0,EAST,9.7,25.7,1011.48,0,0,1,236,,
2026-03-16,10:30,12.6,6.7,68.0,EAST,12.9,27.4,1011.48,0,0,3,682,,
2026-03-16,10:45,12.7,7.2,69.0,ESE,11.3,24.1,1011.72,0,0,2,225,,
2026-03-16,11:00,13.3,6.7,64.0,EAST,11.3,24.1,1011.51,0,0,4,823,,
2026-03-16,11:15,13.2,6.7,66.0,ESE,8.0,25.7,1011.21,0,0,4,833,,
2026-03-16,11:30,13.7,6.7,63.0,ESE,17.7,27.4,1011.18,0,0,4,865,,
2026-03-16,11:45,13.6,6.1,62.0,ENE,14.5,24.1,1011.14,0,0,3,381,,
2026-03-16,12:00,13.5,6.1,61.0,ESE,11.3,24.1,1011.45,0,0,3,352,,
2026-03-16,12:15,13.2,5.6,61.0,SE,20.9,22.5,1011.24,0,0,1,165,,
2026-03-16,12:30,12.9,5.6,62.0,SE,4.8,20.9,1011.14,0,0,1,130,,
2026-03-16,12:45,13.3,5.6,60.0,ESE,4.8,14.5,1011.14,0,0,3,429,,
2026-03-16,13:00,13.1,5.6,61.0,ESE,4.8,12.9,1011.28,0,0,2,360,,
2026-03-16,13:15,13.7,6.7,63.0,SE,4.8,12.9,1010.63,0,0,5,995,,
2026-03-16,13:30,13.9,6.7,61.0,SSE,4.8,14.5,1010.67,0,0,4,895,,
2026-03-16,13:45,13.1,6.1,63.0,SSE,6.4,19.3,1010.6,0,0,3,492,,
2026-03-16,14:00,12.2,6.7,69.0,SSE,4.8,20.9,1010.4,0,0,3,636,,
2026-03-16,14:15,12.7,7.2,70.0,ESE,4.8,20.9,1010.43,0,0,2,373,,
2026-03-16,14:30,11.8,6.1,70.0,SE,4.8,8.0,1010.84,0,0,1,167,,
2026-03-16,14:45,11.6,6.7,72.0,SSE,4.8,6.4,1010.74,0,0,1,149,,
2026-03-16,15:00,11.3,6.7,75.0,SSE,6.4,8.0,1010.9,0,0,2,253,,
2026-03-16,15:15,11.6,7.2,76.0,SE,4.8,8.0,1010.63,0,0,1,276,,
2026-03-16,15:30,11.4,7.2,76.0,SSE,3.2,8.0,1010.74,0,0,1,237,,
2026-03-16,15:45,11.3,7.2,77.0,SSE,1.6,8.0,1011.11,0,0,0,118,,
2026-03-16,16:00,11.4,7.2,77.0,SSE,3.2,9.7,1010.8,0,0,1,633,,
2026-03-16,16:15,11.1,7.2,79.0,ESE,3.2,9.7,1010.8,0,0,1,113,,
2026-03-16,16:30,11.0,6.7,75.0,SSE,6.4,8.0,1010.4,0,0,1,346,,
2026-03-16,16:45,10.8,6.7,77.0,SSE,6.4,8.0,1010.74,0,0,1,179,,
2026-03-16,17:00,10.3,6.7,79.0,SSE,3.2,8.0,1011.01,0,0,0,74,,
2026-03-16,17:15,10.2,6.7,80.0,SSE,3.2,6.4,1011.21,0,0,0,28,,
2026-03-16,17:30,9.8,6.7,81.0,SSE,3.2,9.7,1011.18,0,0,0,19,,
2026-03-16,17:45,9.6,6.7,82.0,SE,1.6,8.0,1011.38,0,0,0,18,,
2026-03-16,18:00,9.5,6.7,82.0,SSE,3.2,6.4,1011.28,0,0,0,9,,
2026-03-16,18:15,9.4,6.7,83.0,SSE,1.6,6.4,1011.55,0,0,0,0,,
2026-03-16,18:30,9.2,6.7,84.0,SSE,4.8,6.4,1011.51,0,0,0,0,,
2026-03-16,19:00,8.9,6.1,85.0,SE,3.2,9.7,1012.02,0,0,0,0,,
2026-03-16,19:15,8.9,6.1,85.0,NORTH,0.0,4.8,1012.09,0,0,0,0,,
2026-03-16,19:30,9.0,6.1,84.0,SE,3.2,4.8,1012.06,0,0,0,0,,
2026-03-16,19:45,8.9,6.1,84.0,NORTH,0.0,4.8,1012.53,0,0,0,0,,
2026-03-16,20:00,9.1,6.1,83.0,NORTH,0.0,3.2,1012.67,0,0,0,0,,
2026-03-16,20:15,9.2,6.1,83.0,NORTH,0.0,1.6,1012.73,0,0,0,0,,
2026-03-16,20:30,9.3,6.1,83.0,NORTH,0.0,1.6,1012.6,0,0,0,0,,
2026-03-16,20:45,9.2,6.1,82.0,NORTH,0.0,0.0,1012.7,0,0,0,0,,
2026-03-16,21:00,9.0,6.1,82.0,NORTH,0.0,1.6,1013.11,0,0,0,0,,
2026-03-16,21:15,8.8,6.1,83.0,NORTH,0.0,0.0,1013.21,0,0,0,0,,
2026-03-16,21:30,8.8,6.1,83.0,NORTH,0.0,1.6,1013.07,0,0,0,0,,
2026-03-16,21:45,8.6,6.1,84.0,ESE,1.6,3.2,1013.04,0,0,0,0,,
2026-03-16,22:00,8.1,5.6,84.0,NORTH,0.0,4.8,1013.24,0,0,0,0,,
2026-03-16,22:15,7.8,5.0,84.0,NORTH,0.0,1.6,1013.31,0,0,0,0,,
2026-03-16,22:30,7.7,5.0,84.0,NORTH,0.0,3.2,1013.34,0,0,0,0,,
2026-03-16,22:45,7.7,5.0,84.0,NORTH,0.0,0.0,1013.58,0,0,0,0,,
2026-03-16,23:00,7.6,5.0,84.0,NORTH,0.0,1.6,1013.65,0,0,0,0,,
2026-03-16,23:15,7.3,4.4,83.0,NORTH,0.0,0.0,1013.68,0,0,0,0,,
2026-03-16,23:30,7.1,3.9,82.0,NORTH,0.0,1.6,1013.61,0,0,0,0,,
2026-03-16,23:45,7.1,3.9,81.0,EAST,1.6,3.2,1013.75,0,0,0,0,,
2026-03-16,OVR,,,,,,,,,,,,gustmax,46.7
2026-03-16,OVR,,,,,,,,,,,,rainrate_max,
2026-03-16,OVR,,,,,,,,,,,,rain_total_mm,
2026-03-16,OVR,,,,,,,,,,,,tmax,17.2
2026-03-16,OVR,,,,,,,,,,,,tmin,8.3
2026-03-16,OVR,,,,,,,,,,,,wind_dir_mean_deg,315.0
2026-03-17,00:00,11.8,5.6,67.0,NORTH,0.0,3.2,1013.38,0,0,0,0,,
2026-03-17,00:15,11.4,5.6,68.0,NORTH,0.0,3.2,1013.58,0,0,0,0,,
2026-03-17,00:30,10.9,5.6,70.0,NORTH,0.0,3.2,1013.55,0,0,0,0,,
2026-03-17,00:45,10.7,5.6,71.0,NORTH,0.0,0.0,1013.48,0,0,0,0,,
2026-03-17,01:00,10.2,5.0,72.0,NORTH,0.0,0.0,1013.34,0,0,0,0,,
2026-03-17,01:15,9.8,5.0,73.0,NORTH,0.0,0.0,1013.28,0,0,0,0,,
2026-03-17,01:30,9.7,5.0,74.0,NORTH,0.0,0.0,1013.24,0,0,0,0,,
2026-03-17,01:45,9.6,5.0,75.0,NORTH,0.0,0.0,1013.28,0,0,0,0,,
2026-03-17,02:00,9.5,5.0,75.0,NORTH,0.0,0.0,1013.24,0,0,0,0,,
2026-03-17,02:15,9.6,5.0,75.0,NORTH,0.0,0.0,1013.11,0,0,0,0,,
2026-03-17,02:30,9.6,5.0,75.0,NORTH,0.0,0.0,1012.87,0,0,0,0,,
2026-03-17,02:45,9.6,5.0,75.0,NORTH,0.0,0.0,1012.84,0,0,0,0,,
2026-03-17,03:00,9.3,5.0,75.0,ESE,1.6,3.2,1012.73,0,0,0,0,,
2026-03-17,03:15,9.1,5.0,75.0,NORTH,0.0,0.0,1012.36,0,0,0,0,,
2026-03-17,03:30,9.1,5.0,76.0,NORTH,0.0,3.2,1012.16,0,0,0,0,,
2026-03-17,03:45,9.1,5.0,76.0,NORTH,0.0,1.6,1012.5,0,0,0,0,,
2026-03-17,04:00,8.9,5.0,76.0,NORTH,0.0,0.0,1012.09,0,0,0,0,,
2026-03-17,04:15,8.9,5.0,76.0,NORTH,0.0,1.6,1011.79,0,0,0,0,,
2026-03-17,04:30,8.8,5.0,76.0,NNW,1.6,3.2,1012.19,0,0,0,0,,
2026-03-17,04:45,8.9,5.0,77.0,NORTH,0.0,3.2,1011.95,0,0,0,0,,
2026-03-17,05:00,8.8,5.0,77.0,NORTH,0.0,3.2,1012.09,0,0,0,0,,
2026-03-17,05:15,8.8,5.0,78.0,NORTH,0.0,3.2,1012.09,0,0,0,0,,
2026-03-17,05:30,8.6,5.0,78.0,NORTH,0.0,3.2,1012.16,0,0,0,0,,
2026-03-17,05:45,8.3,4.4,78.0,NORTH,0.0,1.6,1012.46,0,0,0,0,,
2026-03-17,06:00,7.9,4.4,79.0,NORTH,0.0,3.2,1012.36,0,0,0,0,,
2026-03-17,06:15,8.1,4.4,80.0,NORTH,0.0,1.6,1012.73,0,0,0,0,,
2026-03-17,06:30,7.9,4.4,79.0,SE,1.6,1.6,1012.73,0,0,0,0,,
2026-03-17,06:45,7.8,4.4,80.0,SE,1.6,1.6,1012.6,0,0,0,9,,
2026-03-17,07:00,7.8,4.4,80.0,SSE,1.6,3.2,1012.7,0,0,0,16,,
2026-03-17,07:15,8.0,4.4,81.0,WEST,1.6,3.2,1012.9,0,0,0,76,,
2026-03-17,07:30,9.2,5.6,79.0,NORTH,0.0,3.2,1012.84,0,0,0,132,,
2026-03-17,07:45,9.6,6.1,79.0,NORTH,0.0,0.0,1012.94,0,0,0,186,,
2026-03-17,08:00,10.7,6.1,74.0,NE,3.2,3.2,1012.87,0,0,0,246,,
2026-03-17,08:15,11.7,6.1,70.0,,1.6,3.2,1013.21,0,0,1,301,,
2026-03-17,08:30,11.9,6.1,68.0,NNW,1.6,3.2,1013.14,0,0,1,350,,
2026-03-17,08:45,12.1,6.1,67.0,NNW,3.2,3.2,1013.21,0,0,1,401,,
2026-03-17,09:00,12.7,6.1,66.0,NW,1.6,6.4,1013.17,0,0,1,450,,
2026-03-17,09:15,12.8,6.7,66.0,NORTH,0.0,4.8,1013.38,0,0,2,510,,
2026-03-17,09:30,12.4,6.7,70.0,WNW,3.2,4.8,1013.41,0,0,2,550,,
2026-03-17,09:45,12.1,6.7,72.0,NORTH,0.0,4.8,1013.75,0,0,2,589,,
2026-03-17,10:00,12.2,7.8,74.0,WNW,4.8,6.4,1013.68,0,0,2,631,,
2026-03-17,10:15,12.8,8.3,74.0,WNW,1.6,6.4,1013.88,0,0,3,661,,
2026-03-17,10:30,13.4,8.3,72.0,NORTH,0.0,4.8,1013.95,0,0,3,694,,
2026-03-17,10:45,14.7,8.9,70.0,NORTH,0.0,3.2,1013.55,0,0,3,721,,
2026-03-17,11:00,15.7,10.0,69.0,NW,4.8,4.8,1013.72,0,0,4,745,,
2026-03-17,11:15,15.7,10.0,70.0,WNW,8.0,6.4,1013.72,0,0,4,766,,
2026-03-17,11:30,15.9,10.0,68.0,WNW,1.6,4.8,1013.72,0,0,4,786,,
2026-03-17,11:45,16.5,10.0,66.0,WEST,1.6,4.8,1013.95,0,0,4,798,,
2026-03-17,12:00,16.8,10.0,64.0,NW,1.6,4.8,1013.75,0,0,4,810,,
2026-03-17,12:15,17.3,10.6,66.0,WNW,3.2,8.0,1013.34,0,0,4,805,,
2026-03-17,12:30,17.8,10.0,62.0,WNW,3.2,6.4,1013.17,0,0,4,803,,
2026-03-17,12:45,17.7,11.1,65.0,SW,1.6,9.7,1013.14,0,0,4,805,,
2026-03-17,13:00,17.7,11.1,65.0,WNW,4.8,20.9,1012.94,0,0,4,798,,
2026-03-17,13:15,17.8,10.0,61.0,NE,3.2,14.5,1013.07,0,0,4,786,,
2026-03-17,13:30,18.0,10.6,63.0,NW,6.4,16.1,1012.84,0,0,4,766,,
2026-03-17,13:45,17.8,10.0,60.0,NW,6.4,32.2,1012.6,0,0,4,752,,
2026-03-17,14:00,17.9,9.4,59.0,NW,6.4,30.6,1012.19,0,0,4,722,,
2026-03-17,14:15,17.8,10.0,61.0,WNW,6.4,25.7,1012.43,0,0,3,696,,
2026-03-17,14:30,17.7,10.0,61.0,WEST,3.2,33.8,1012.46,0,0,3,675,,
2026-03-17,14:45,17.8,9.4,59.0,WEST,4.8,37.0,1012.26,0,0,3,649,,
2026-03-17,15:00,17.8,10.0,62.0,WNW,24.1,33.8,1012.19,0,0,3,619,,
2026-03-17,15:15,17.8,10.6,62.0,WEST,22.5,33.8,1012.16,0,0,2,578,,
2026-03-17,15:30,16.6,11.1,71.0,NW,9.7,38.6,1012.16,0,0,2,540,,
2026-03-17,15:45,15.9,11.7,76.0,WNW,16.1,38.6,1012.33,0,0,2,496,,
2026-03-17,16:00,15.6,11.7,78.0,WEST,6.4,32.2,1012.16,0,0,1,443,,
2026-03-17,16:15,15.2,11.7,79.0,NW,20.9,32.2,1011.92,0,0,1,394,,
2026-03-17,16:30,15.1,11.7,80.0,WNW,4.8,25.7,1012.02,0,0,1,343,,
2026-03-17,16:45,14.9,11.7,81.0,WEST,4.8,25.7,1011.99,0,0,1,288,,
2026-03-17,17:00,14.9,11.1,80.0,WNW,3.2,20.9,1012.19,0,0,0,237,,
2026-03-17,17:15,14.8,11.7,81.0,NE,8.0,20.9,1012.39,0,0,0,174,,
2026-03-17,17:30,14.6,11.1,81.0,WNW,4.8,14.5,1012.36,0,0,0,120,,
2026-03-17,17:45,14.3,11.1,82.0,WEST,1.6,9.7,1012.12,0,0,0,69,,
2026-03-17,18:00,14.1,11.1,83.0,WEST,1.6,6.4,1012.43,0,0,0,33,,
2026-03-17,18:15,13.9,11.1,84.0,WEST,3.2,9.7,1012.63,0,0,0,18,,
2026-03-17,18:30,13.5,10.6,85.0,WEST,1.6,4.8,1012.6,0,0,0,0,,
2026-03-17,18:45,13.1,10.6,86.0,WNW,3.2,4.8,1012.77,0,0,0,0,,
2026-03-17,19:00,12.8,10.6,87.0,WNW,3.2,4.8,1012.9,0,0,0,0,,
2026-03-17,19:15,12.6,10.6,88.0,WNW,3.2,4.8,1013.07,0,0,0,0,,
2026-03-17,19:30,12.4,10.6,88.0,WNW,1.6,4.8,1012.77,0,0,0,0,,
2026-03-17,19:45,12.4,10.6,89.0,WSW,1.6,3.2,1013.31,0,0,0,0,,
2026-03-17,20:00,12.5,10.6,89.0,SOUTH,1.6,4.8,1013.51,0,0,0,0,,
2026-03-17,20:15,12.3,10.6,90.0,NORTH,0.0,4.8,1013.38,0,0,0,0,,
2026-03-17,20:30,12.3,10.6,90.0,NORTH,0.0,1.6,1013.44,0,0,0,0,,
2026-03-17,20:45,12.1,10.6,90.0,NORTH,0.0,0.0,1013.68,0,0,0,0,,
2026-03-17,21:00,11.6,10.0,90.0,NORTH,0.0,3.2,1013.51,0,0,0,0,,
2026-03-17,21:15,11.3,9.4,90.0,SE,1.6,4.8,1013.44,0,0,0,0,,
2026-03-17,21:30,11.1,9.4,91.0,ESE,1.6,4.8,1013.21,0,0,0,0,,
2026-03-17,21:45,11.1,9.4,91.0,NORTH,0.0,4.8,1013.21,0,0,0,0,,
2026-03-17,22:00,11.3,10.0,91.0,ESE,3.2,4.8,1013.11,0,0,0,0,,
2026-03-17,22:15,11.3,10.0,91.0,SOUTH,1.6,4.8,1013.31,0,0,0,0,,
2026-03-17,22:30,11.0,9.4,91.0,SSW,1.6,3.2,1013.17,0,0,0,0,,
2026-03-17,22:45,10.6,8.9,91.0,SE,3.2,3.2,1012.97,0,0,0,0,,
2026-03-17,23:00,10.9,9.4,92.0,SE,3.2,4.8,1012.9,0,0,0,0,,
2026-03-17,23:15,11.2,9.4,91.0,SE,1.6,4.8,1012.73,0,0,0,0,,
2026-03-17,23:30,11.6,10.0,92.0,SE,3.2,4.8,1012.46,0,0,0,0,,
2026-03-17,23:45,11.7,10.0,92.0,SE,1.6,4.8,1012.87,0,0,0,0,,
2026-03-17,OVR,,,,,,,,,,,,gustmax,38.6
2026-03-17,OVR,,,,,,,,,,,,rainrate_max,
2026-03-17,OVR,,,,,,,,,,,,rain_total_mm,
2026-03-17,OVR,,,,,,,,,,,,tmax,18.2
2026-03-17,OVR,,,,,,,,,,,,tmin,7.7
2026-03-17,OVR,,,,,,,,,,,,wind_dir_mean_deg,292.5
2026-03-18,00:00,11.6,10.0,92.0,NORTH,0.0,3.2,1012.9,0,0,0,0,,
2026-03-18,00:15,11.4,10.0,92.0,NORTH,0.0,0.0,1012.7,0,0,0,0,,
2026-03-18,00:30,11.2,10.0,92.0,NORTH,0.0,0.0,1012.84,0,0,0,0,,
2026-03-18,00:45,11.2,9.4,92.0,NORTH,0.0,0.0,1012.8,0,0,0,0,,
2026-03-18,01:00,11.2,9.4,92.0,NORTH,0.0,0.0,1012.7,0,0,0,0,,
2026-03-18,01:15,10.9,9.4,92.0,NORTH,0.0,1.6,1012.8,0,0,0,0,,
2026-03-18,01:30,10.9,9.4,92.0,NORTH,0.0,1.6,1012.39,0,0,0,0,,
2026-03-18,01:45,10.4,8.9,92.0,NORTH,0.0,1.6,1012.84,0,0,0,0,,
2026-03-18,02:00,10.1,8.9,92.0,EAST,1.6,1.6,1012.33,0,0,0,0,,
2026-03-18,02:15,10.1,8.9,92.0,NORTH,0.0,3.2,1012.16,0,0,0,0,,
2026-03-18,02:30,10.2,8.9,92.0,NORTH,0.0,4.8,1011.92,0,0,0,0,,
2026-03-18,02:45,9.9,8.3,92.0,NORTH,0.0,4.8,1011.79,0,0,0,0,,
2026-03-18,03:00,9.8,8.3,92.0,ESE,1.6,12.9,1011.72,0,0,0,0,,
2026-03-18,03:15,10.0,8.9,92.0,ESE,4.8,11.3,1011.48,0,0,0,0,,
2026-03-18,03:30,9.8,8.3,93.0,EAST,3.2,9.7,1011.41,0,0,0,0,,
2026-03-18,03:45,9.5,8.3,92.0,NORTH,0.0,3.2,1011.21,0,0,0,0,,
2026-03-18,04:00,9.2,7.8,92.0,NORTH,0.0,1.6,1011.11,0,0,0,0,,
2026-03-18,04:15,9.1,7.8,93.0,NORTH,0.0,0.0,1011.48,0,0,0,0,,
2026-03-18,04:30,8.9,7.8,93.0,EAST,3.2,4.8,1011.24,0,0,0,0,,
2026-03-18,04:45,9.3,8.3,93.0,ESE,3.2,9.7,1011.04,0,0,0,0,,
2026-03-18,05:00,9.3,7.8,93.0,ESE,8.0,9.7,1010.8,0,0,0,0,,
2026-03-18,05:15,9.2,7.8,93.0,NORTH,0.0,11.3,1010.8,0,0,0,0,,
2026-03-18,05:30,8.9,7.8,93.0,ESE,4.8,4.8,1010.94,0,0,0,0,,
2026-03-18,05:45,9.1,7.8,93.0,ESE,1.6,4.8,1011.01,0,0,0,0,,
2026-03-18,06:00,9.1,7.8,93.0,NORTH,0.0,3.2,1010.77,0,0,0,0,,
2026-03-18,06:15,9.6,8.3,94.0,ESE,3.2,4.8,1010.8,0,0,0,0,,
2026-03-18,06:30,10.1,8.9,94.0,SSE,1.6,6.4,1010.8,0,0,0,0,,
2026-03-18,06:45,10.0,8.9,94.0,SSE,3.2,3.2,1010.63,0,0,0,0,,
2026-03-18,07:00,10.1,8.9,94.0,NORTH,0.0,11.3,1010.74,0,0,0,9,,
2026-03-18,07:15,10.1,8.9,94.0,NORTH,0.0,8.0,1010.67,0,0,0,23,,
2026-03-18,07:30,10.1,8.9,94.0,SSE,1.6,4.8,1010.8,0,0,0,46,,
2026-03-18,07:45,10.1,8.9,94.0,EAST,4.8,9.7,1010.87,0,0,0,81,,
2026-03-18,08:00,9.4,8.3,94.0,,4.8,12.9,1010.97,0,0,0,98,,
2026-03-18,08:15,9.0,7.8,94.0,ESE,6.4,14.5,1011.24,0,0,0,167,,
2026-03-18,08:30,9.6,8.3,94.0,EAST,9.7,11.3,1010.9,0,0,1,320,,
2026-03-18,08:45,9.9,8.9,94.0,ESE,11.3,14.5,1010.94,0,0,1,373,,
2026-03-18,09:00,10.3,8.9,91.0,ESE,6.4,14.5,1011.11,0,0,1,478,,
2026-03-18,09:15,10.8,8.9,88.0,ESE,9.7,12.9,1011.34,0,0,1,243,,
2026-03-18,09:30,11.3,8.9,87.0,ESE,11.3,16.1,1011.14,0,0,1,248,,
2026-03-18,09:45,11.8,8.3,81.0,EAST,8.0,17.7,1011.55,0,0,2,624,,
2026-03-18,10:00,12.2,7.2,73.0,EAST,19.3,24.1,1011.62,0,0,3,715,,
2026-03-18,10:15,12.3,6.7,69.0,EAST,9.7,25.7,1011.48,0,0,1,236,,
2026-03-18,10:30,12.6,6.7,68.0,EAST,12.9,27.4,1011.48,0,0,3,682,,
2026-03-18,10:45,12.7,7.2,69.0,ESE,11.3,24.1,1011.72,0,0,2,225,,
2026-03-18,11:00,13.3,6.7,64.0,EAST,11.3,24.1,1011.51,0,0,4,823,,
2026-03-18,11:15,13.2,6.7,66.0,ESE,8.0,25.7,1011.21,0,0,4,833,,
2026-03-18,11:30,13.7,6.7,63.0,ESE,17.7,27.4,1011.18,0,0,4,865,,
2026-03-18,11:45,13.6,6.1,62.0,ENE,14.5,24.1,1011.14,0,0,3,381,,
2026-03-18,12:00,13.5,6.1,61.0,ESE,11.3,24.1,1011.45,0,0,3,352,,
2026-03-18,12:15,13.2,5.6,61.0,SE,20.9,22.5,1011.24,0,0,1,165,,
2026-03-18,12:30,12.9,5.6,62.0,SE,4.8,20.9,1011.14,0,0,1,130,,
2026-03-18,12:45,13.3,5.6,60.0,ESE,4.8,14.5,1011.14,0,0,3,429,,
2026-03-18,13:00,13.1,5.6,61.0,ESE,4.8,12.9,1011.28,0,0,2,360,,
2026-03-18,13:15,13.7,6.7,63.0,SE,4.8,12.9,1010.63,0,0,5,995,,
2026-03-18,13:30,13.9,6.7,61.0,SSE,4.8,14.5,1010.67,0,0,4,895,,
2026-03-18,13:45,13.1,6.1,63.0,SSE,6.4,19.3,1010.6,0,0,3,492,,
2026-03-18,14:00,12.2,6.7,69.0,SSE,4.8,20.9,1010.4,0,0,3,636,,
2026-03-18,14:15,12.7,7.2,70.0,ESE,4.8,20.9,1010.43,0,0,2,373,,
2026-03-18,14:30,11.8,6.1,70.0,SE,4.8,8.0,1010.84,0,0,1,167,,
2026-03-18,14:45,11.6,6.7,72.0,SSE,4.8,6.4,1010.74,0,0,1,149,,
2026-03-18,15:00,11.3,6.7,75.0,SSE,6.4,8.0,1010.9,0,0,2,253,,
2026-03-18,15:15,11.6,7.2,76.0,SE,4.8,8.0,1010.63,0,0,1,276,,
2026-03-18,15:30,11.4,7.2,76.0,SSE,3.2,8.0,1010.74,0,0,1,237,,
2026-03-18,15:45,11.3,7.2,77.0,SSE,1.6,8.0,1011.11,0,0,0,118,,
2026-03-18,16:00,11.4,7.2,77.0,SSE,3.2,9.7,1010.8,0,0,1,633,,
2026-03-18,16:15,11.1,7.2,79.0,ESE,3.2,9.7,1010.8,0,0,1,113,,
2026-03-18,16:30,11.0,6.7,75.0,SSE,6.4,8.0,1010.4,0,0,1,346,,
2026-03-18,16:45,10.8,6.7,77.0,SSE,6.4,8.0,1010.74,0,0,1,179,,
2026-03-18,17:00,10.3,6.7,79.0,SSE,3.2,8.0,1011.01,0,0,0,74,,
2026-03-18,17:15,10.2,6.7,80.0,SSE,3.2,6.4,1011.21,0,0,0,28,,
2026-03-18,17:30,9.8,6.7,81.0,SSE,3.2,9.7,1011.18,0,0,0,19,,
2026-03-18,17:45,9.6,6.7,82.0,SE,1.6,8.0,1011.38,0,0,0,18,,
2026-03-18,18:00,9.5,6.7,82.0,SSE,3.2,6.4,1011.28,0,0,0,9,,
2026-03-18,18:15,9.4,6.7,83.0,SSE,1.6,6.4,1011.55,0,0,0,0,,
2026-03-18,18:30,9.2,6.7,84.0,SSE,4.8,6.4,1011.51,0,0,0,0,,
2026-03-18,19:00,8.9,6.1,85.0,SE,3.2,9.7,1012.02,0,0,0,0,,
2026-03-18,19:15,8.9,6.1,85.0,NORTH,0.0,4.8,1012.09,0,0,0,0,,
2026-03-18,19:30,9.0,6.1,84.0,SE,3.2,4.8,1012.06,0,0,0,0,,
2026-03-18,19:45,8.9,6.1,84.0,NORTH,0.0,4.8,1012.53,0,0,0,0,,
2026-03-18,20:00,9.1,6.1,83.0,NORTH,0.0,3.2,1012.67,0,0,0,0,,
2026-03-18,20:15,9.2,6.1,83.0,NORTH,0.0,1.6,1012.73,0,0,0,0,,
2026-03-18,20:30,9.3,6.1,83.0,NORTH,0.0,1.6,1012.6,0,0,0,0,,
2026-03-18,20:45,9.2,6.1,82.0,NORTH,0.0,0.0,1012.7,0,0,0,0,,
2026-03-18,21:00,9.0,6.1,82.0,NORTH,0.0,1.6,1013.11,0,0,0,0,,
2026-03-18,21:15,8.8,6.1,83.0,NORTH,0.0,0.0,1013.21,0,0,0,0,,
2026-03-18,21:30,8.8,6.1,83.0,NORTH,0.0,1.6,1013.07,0,0,0,0,,
2026-03-18,21:45,8.6,6.1,84.0,ESE,1.6,3.2,1013.04,0,0,0,0,,
2026-03-18,22:00,8.1,5.6,84.0,NORTH,0.0,4.8,1013.24,0,0,0,0,,
2026-03-18,22:15,7.8,5.0,84.0,NORTH,0.0,1.6,1013.31,0,0,0,0,,
2026-03-18,22:30,7.7,5.0,84.0,NORTH,0.0,3.2,1013.34,0,0,0,0,,
2026-03-18,22:45,7.7,5.0,84.0,NORTH,0.0,0.0,1013.58,0,0,0,0,,
2026-03-18,23:00,7.6,5.0,84.0,NORTH,0.0,1.6,1013.65,0,0,0,0,,
2026-03-18,23:15,7.3,4.4,83.0,NORTH,0.0,0.0,1013.68,0,0,0,0,,
2026-03-18,23:30,7.1,3.9,82.0,NORTH,0.0,1.6,1013.61,0,0,0,0,,
2026-03-18,23:45,7.1,3.9,81.0,EAST,1.6,3.2,1013.75,0,0,0,0,,
2026-03-18,OVR,,,,,,,,,,,,gustmax,27.4
2026-03-18,OVR,,,,,,,,,,,,rainrate_max,
2026-03-18,OVR,,,,,,,,,,,,rain_total_mm,
2026-03-18,OVR,,,,,,,,,,,,tmax,14.1
2026-03-18,OVR,,,,,,,,,,,,tmin,6.9
2026-03-18,OVR,,,,,,,,,,,,wind_dir_mean_deg,157.5
2026-03-19,00:00,7.2,3.9,80.0,NORTH,0.0,3.2,1013.44,0,0,0,0,,
2026-03-19,00:15,6.8,3.3,80.0,ENE,1.6,3.2,1013.55,0,0,0,0,,
2026-03-19,00:30,6.8,3.3,79.0,NORTH,0.0,3.2,1013.75,0,0,0,0,,
2026-03-19,00:45,6.9,3.3,79.0,,1.6,3.2,1013.85,0,0,0,0,,
2026-03-19,01:00,6.9,3.3,78.0,NORTH,0.0,3.2,1013.82,0,0,0,0,,
2026-03-19,01:15,7.2,3.3,78.0,NNW,1.6,4.8,1013.68,0,0,0,0,,
2026-03-19,01:30,7.4,3.3,77.0,NNE,1.6,3.2,1013.55,0,0,0,0,,
2026-03-19,01:45,7.4,3.3,77.0,,3.2,4.8,1013.61,0,0,0,0,,
2026-03-19,02:00,7.6,3.9,77.0,NNE,1.6,4.8,1013.82,0,0,0,0,,
2026-03-19,02:15,7.4,3.3,78.0,NNE,3.2,3.2,1013.65,0,0,0,0,,
2026-03-19,02:30,7.6,3.9,78.0,,3.2,4.8,1013.31,0,0,0,0,,
2026-03-19,02:45,7.7,3.9,77.0,NNE,6.4,9.7,1013.07,0,0,0,0,,
2026-03-19,03:00,7.8,3.9,77.0,,6.4,8.0,1013,0,0,0,0,,
2026-03-19,03:15,7.7,3.9,78.0,,6.4,8.0,1013.17,0,0,0,0,,
2026-03-19,03:30,7.7,3.9,78.0,NE,1.6,12.9,1012.8,0,0,0,0,,
2026-03-19,03:45,7.6,3.9,78.0,NE,3.2,6.4,1012.94,0,0,0,0,,
2026-03-19,04:00,7.7,3.9,79.0,,6.4,12.9,1012.77,0,0,0,0,,
2026-03-19,04:15,7.6,3.9,79.0,NNE,3.2,8.0,1012.63,0,0,0,0,,
2026-03-19,04:30,7.2,3.9,79.0,NNE,1.6,6.4,1012.8,0,0,0,0,,
2026-03-19,04:45,6.8,3.3,80.0,NORTH,0.0,4.8,1012.77,0,0,0,0,,
2026-03-19,05:00,6.2,2.8,80.0,ENE,3.2,4.8,1012.5,0,0,0,0,,
2026-03-19,05:15,6.0,2.8,82.0,ESE,3.2,4.8,1012.7,0,0,0,0,,
2026-03-19,05:30,5.8,2.8,82.0,SE,3.2,4.8,1012.9,0,0,0,0,,
2026-03-19,05:45,5.7,2.8,83.0,SE,3.2,4.8,1012.84,0,0,0,0,,
2026-03-19,06:00,5.8,2.8,83.0,NORTH,0.0,3.2,1012.6,0,0,0,0,,
2026-03-19,06:15,6.0,3.3,83.0,NORTH,0.0,3.2,1012.7,0,0,0,0,,
2026-03-19,06:30,5.9,3.3,83.0,NORTH,0.0,1.6,1012.87,0,0,0,0,,
2026-03-19,06:45,5.7,2.8,83.0,NORTH,0.0,3.2,1012.84,0,0,0,14,,
2026-03-19,07:00,5.8,3.3,84.0,ESE,1.6,4.8,1013.34,0,0,0,28,,
2026-03-19,07:15,6.4,3.9,85.0,NORTH,0.0,3.2,1013.41,0,0,0,69,,
2026-03-19,07:30,7.1,4.4,84.0,NORTH,0.0,3.2,1013.55,0,0,0,120,,
2026-03-19,07:45,7.8,4.4,81.0,ESE,1.6,4.8,1013.34,0,0,0,176,,
2026-03-19,08:00,8.3,5.0,81.0,ESE,1.6,4.8,1013.72,0,0,0,241,,
2026-03-19,08:15,8.9,5.6,79.0,NORTH,0.0,3.2,1013.51,0,0,1,290,,
2026-03-19,08:30,9.3,5.6,78.0,NNW,1.6,6.4,1013.58,0,0,1,341,,
2026-03-19,08:45,9.6,5.6,77.0,NNW,3.2,6.4,1013.48,0,0,1,390,,
2026-03-19,09:00,10.2,6.1,77.0,NORTH,0.0,12.9,1014.02,0,0,1,439,,
2026-03-19,09:15,10.6,6.1,76.0,NW,3.2,8.0,1014.19,0,0,2,492,,
2026-03-19,09:30,10.6,6.7,78.0,NORTH,0.0,11.3,1014.26,0,0,2,531,,
2026-03-19,09:45,10.8,6.7,77.0,SOUTH,1.6,3.2,1014.43,0,0,2,568,,
2026-03-19,10:00,11.2,6.7,75.0,NORTH,0.0,4.8,1014.29,0,0,3,617,,
2026-03-19,10:15,12.1,7.2,73.0,NORTH,0.0,3.2,1014.43,0,0,3,659,,
2026-03-19,10:30,12.2,6.1,68.0,NORTH,0.0,6.4,1014.02,0,0,3,696,,
2026-03-19,10:45,12.6,5.6,62.0,NORTH,0.0,6.4,1014.33,0,0,4,724,,
2026-03-19,11:00,12.8,5.0,60.0,NORTH,0.0,6.4,1014.43,0,0,4,752,,
2026-03-19,11:15,13.4,6.1,61.0,NE,3.2,8.0,1014.46,0,0,4,777,,
2026-03-19,11:30,13.2,5.0,59.0,SSE,4.8,6.4,1014.29,0,0,4,875,,
2026-03-19,11:45,13.6,7.2,65.0,SSW,1.6,4.8,1014.49,0,0,5,1058,,
2026-03-19,12:00,13.2,7.2,68.0,WEST,3.2,12.9,1014.6,0,0,5,471,,
2026-03-19,12:15,13.2,7.2,68.0,WEST,1.6,6.4,1014.39,0,0,3,390,,
2026-03-19,12:30,13.3,6.7,65.0,WEST,1.6,6.4,1014.43,0,0,3,236,,
2026-03-19,12:45,13.3,6.1,63.0,NORTH,0.0,4.8,1014.33,0,0,3,230,,
2026-03-19,13:00,14.0,7.2,64.0,WNW,4.8,6.4,1014.33,0,0,5,821,,
2026-03-19,13:15,14.6,7.8,65.0,WNW,1.6,4.8,1014.26,0,0,5,868,,
2026-03-19,13:30,14.6,7.2,63.0,WNW,3.2,4.8,1013.85,0,0,5,856,,
2026-03-19,13:45,14.7,7.2,62.0,WEST,3.2,6.4,1013.82,0,0,4,865,,
2026-03-19,14:00,14.6,7.2,62.0,NORTH,0.0,9.7,1013.92,0,0,4,874,,
2026-03-19,14:15,14.7,6.7,60.0,WEST,3.2,6.4,1013.72,0,0,4,795,,
2026-03-19,14:30,14.5,6.7,60.0,NORTH,0.0,6.4,1013.72,0,0,3,817,,
2026-03-19,14:45,14.9,6.7,59.0,NW,3.2,6.4,1013.82,0,0,2,250,,
2026-03-19,15:00,14.2,6.1,58.0,NORTH,0.0,6.4,1013.55,0,0,2,229,,
2026-03-19,15:15,14.4,6.1,58.0,WNW,1.6,4.8,1013.44,0,0,2,192,,
2026-03-19,15:30,15.1,6.1,56.0,WEST,3.2,4.8,1013.41,0,0,2,575,,
2026-03-19,15:45,14.4,6.1,59.0,WNW,3.2,6.4,1013.31,0,0,1,278,,
2026-03-19,16:00,14.7,6.7,59.0,WNW,3.2,6.4,1013.55,0,0,2,471,,
2026-03-19,16:15,14.7,6.7,60.0,WEST,3.2,6.4,1013.61,0,0,1,411,,
2026-03-19,16:30,14.5,6.7,61.0,NE,1.6,6.4,1013.41,0,0,1,345,,
2026-03-19,16:45,14.4,7.2,62.0,WNW,4.8,6.4,1013.14,0,0,1,299,,
2026-03-19,17:00,13.7,7.2,66.0,WNW,4.8,9.7,1013.24,0,0,1,239,,
2026-03-19,17:15,13.3,7.2,67.0,NW,6.4,19.3,1013.24,0,0,0,183,,
2026-03-19,17:30,12.9,6.7,67.0,WNW,6.4,19.3,1013.34,0,0,0,127,,
2026-03-19,17:45,12.7,6.7,68.0,ENE,3.2,12.9,1013.44,0,0,0,77,,
2026-03-19,18:00,12.4,6.7,69.0,WEST,3.2,9.7,1013.55,0,0,0,42,,
2026-03-19,18:15,12.2,6.7,69.0,WNW,4.8,6.4,1013.51,0,0,0,16,,
2026-03-19,18:30,11.7,6.1,70.0,WEST,3.2,6.4,1013.55,0,0,0,7,,
2026-03-19,18:45,11.3,6.1,71.0,WNW,3.2,4.8,1013.58,0,0,0,0,,
2026-03-19,19:00,11.0,6.1,72.0,WEST,3.2,4.8,1013.75,0,0,0,0,,
2026-03-19,19:15,10.8,6.1,73.0,WNW,3.2,4.8,1013.72,0,0,0,0,,
2026-03-19,19:30,10.8,6.1,73.0,NW,1.6,4.8,1013.75,0,0,0,0,,
2026-03-19,19:45,10.9,6.1,73.0,WEST,1.6,4.8,1014.12,0,0,0,0,,
2026-03-19,20:00,10.9,6.1,72.0,WNW,3.2,4.8,1014.16,0,0,0,0,,
2026-03-19,20:15,10.7,6.1,73.0,WEST,1.6,4.8,1014.26,0,0,0,0,,
2026-03-19,20:30,10.7,6.1,73.0,WNW,1.6,4.8,1014.33,0,0,0,0,,
2026-03-19,20:45,10.7,6.1,74.0,WNW,1.6,4.8,1014.66,0,0,0,0,,
2026-03-19,21:00,10.6,6.1,74.0,NORTH,0.0,3.2,1014.63,0,0,0,0,,
2026-03-19,21:15,10.6,6.1,74.0,NORTH,0.0,3.2,1014.97,0,0,0,0,,
2026-03-19,21:30,10.6,6.1,74.0,NORTH,0.0,3.2,1014.8,0,0,0,0,,
2026-03-19,21:45,10.5,6.1,74.0,NORTH,0.0,0.0,1014.77,0,0,0,0,,
2026-03-19,22:00,10.2,5.6,74.0,SW,1.6,3.2,1014.73,0,0,0,0,,
2026-03-19,22:15,9.8,5.6,75.0,NORTH,0.0,3.2,1014.8,0,0,0,0,,
2026-03-19,22:30,9.5,5.6,76.0,SSE,1.6,3.2,1014.77,0,0,0,0,,
2026-03-19,22:45,9.2,5.0,77.0,NORTH,0.0,3.2,1014.73,0,0,0,0,,
2026-03-19,23:00,8.9,5.6,79.0,SSE,1.6,3.2,1014.77,0,0,0,0,,
2026-03-19,23:15,8.7,5.0,79.0,NORTH,0.0,1.6,1014.63,0,0,0,0,,
2026-03-19,23:30,8.5,5.0,80.0,NORTH,0.0,3.2,1014.8,0,0,0,0,,
2026-03-19,23:45,8.3,5.0,81.0,SSE,1.6,3.2,1014.8,0,0,0,0,,
2026-03-19,OVR,,,,,,,,,,,,gustmax,19.3
2026-03-19,OVR,,,,,,,,,,,,rainrate_max,
2026-03-19,OVR,,,,,,,,,,,,rain_total_mm,
2026-03-19,OVR,,,,,,,,,,,,tmax,15.4
2026-03-19,OVR,,,,,,,,,,,,tmin,5.6
2026-03-19,OVR,,,,,,,,,,,,wind_dir_mean_deg,292.5
2026-03-20,00:00,8.2,5.0,81.0,NORTH,0.0,0.0,1014.77,0,0,0,0,,
2026-03-20,00:15,8.2,5.0,82.0,SSE,1.6,3.2,1014.73,0,0,0,0,,
2026-03-20,00:30,8.0,5.0,82.0,NORTH,0.0,1.6,1014.56,0,0,0,0,,
2026-03-20,00:45,7.9,5.0,83.0,NORTH,0.0,1.6,1014.77,0,0,0,0,,
2026-03-20,01:00,8.0,5.0,83.0,NORTH,0.0,0.0,1014.6,0,0,0,0,,
2026-03-20,01:15,8.2,5.6,84.0,NORTH,0.0,0.0,1014.66,0,0,0,0,,
2026-03-20,01:30,8.6,6.1,84.0,NORTH,0.0,1.6,1014.49,0,0,0,0,,
2026-03-20,01:45,8.6,5.6,84.0,SE,1.6,1.6,1013.88,0,0,0,0,,
2026-03-20,02:00,8.4,5.6,83.0,WSW,3.2,3.2,1014.05,0,0,0,0,,
2026-03-20,02:15,8.3,5.6,83.0,NORTH,0.0,1.6,1013.44,0,0,0,0,,
2026-03-20,02:30,8.3,5.6,84.0,NORTH,0.0,1.6,1013.68,0,0,0,0,,
2026-03-20,02:45,8.3,5.6,84.0,NORTH,0.0,4.8,1013.48,0,0,0,0,,
2026-03-20,03:00,7.9,5.0,84.0,NORTH,0.0,3.2,1013.38,0,0,0,0,,
2026-03-20,03:15,7.7,5.0,84.0,NORTH,0.0,0.0,1013.24,0,0,0,0,,
2026-03-20,03:30,7.6,5.0,85.0,NORTH,0.0,1.6,1012.87,0,0,0,0,,
2026-03-20,03:45,7.6,5.0,86.0,NORTH,0.0,1.6,1013.14,0,0,0,0,,
2026-03-20,04:00,7.4,5.0,86.0,NORTH,0.0,0.0,1012.87,0,0,0,0,,
2026-03-20,04:15,7.2,5.0,86.0,NORTH,0.0,3.2,1012.84,0,0,0,0,,
2026-03-20,04:30,6.9,4.4,86.0,NORTH,1.6,3.2,1012.8,0,0,0,0,,
2026-03-20,04:45,6.4,3.9,85.0,NNE,1.6,3.2,1012.77,0,0,0,0,,
2026-03-20,05:00,6.2,3.9,86.0,NORTH,0.0,1.6,1012.87,0,0,0,0,,
2026-03-20,05:15,6.1,3.9,86.0,NORTH,0.0,3.2,1012.8,0,0,0,0,,
2026-03-20,05:30,6.3,3.9,86.0,,1.6,3.2,1012.97,0,0,0,0,,
2026-03-20,05:45,6.4,3.9,85.0,NNE,3.2,3.2,1012.84,0,0,0,0,,
2026-03-20,06:00,6.7,3.9,83.0,NNE,3.2,3.2,1012.87,0,0,0,0,,
2026-03-20,06:15,6.7,3.9,82.0,NNW,1.6,3.2,1013.21,0,0,0,0,,
2026-03-20,06:30,6.4,3.3,81.0,NNE,1.6,3.2,1013,0,0,0,0,,
2026-03-20,06:45,6.3,2.8,80.0,EAST,1.6,3.2,1013.61,0,0,0,16,,
2026-03-20,07:00,6.6,2.8,78.0,,1.6,3.2,1013.72,0,0,0,25,,
2026-03-20,07:15,6.7,2.8,77.0,NORTH,0.0,3.2,1013.44,0,0,0,84,,
2026-03-20,07:30,7.7,3.3,75.0,NORTH,0.0,3.2,1013.72,0,0,0,146,,
2026-03-20,07:45,8.4,3.3,71.0,NORTH,1.6,3.2,1013.61,0,0,0,200,,
2026-03-20,08:00,8.7,3.3,70.0,NNW,1.6,3.2,1013.41,0,0,0,260,,
2026-03-20,08:15,8.7,3.3,69.0,NNW,12.9,8.0,1013.95,0,0,1,313,,
2026-03-20,08:30,9.1,3.3,68.0,NNW,6.4,14.5,1013.28,0,0,1,367,,
2026-03-20,08:45,9.4,3.3,67.0,NW,12.9,17.7,1013.65,0,0,1,418,,
2026-03-20,09:00,9.6,3.3,66.0,NW,3.2,19.3,1013.82,0,0,1,468,,
2026-03-20,09:15,10.1,3.3,64.0,NW,4.8,6.4,1013.92,0,0,2,517,,
2026-03-20,09:30,10.7,3.9,63.0,NW,3.2,4.8,1013.82,0,0,2,563,,
2026-03-20,09:45,11.1,4.4,63.0,NW,1.6,4.8,1013.82,0,0,2,606,,
2026-03-20,10:00,11.5,4.4,62.0,NNW,3.2,4.8,1013.68,0,0,3,647,,
2026-03-20,10:15,11.9,3.9,58.0,,3.2,4.8,1013.61,0,0,3,684,,
2026-03-20,10:30,12.2,4.4,60.0,,1.6,6.4,1013.55,0,0,3,712,,
2026-03-20,10:45,12.4,3.9,56.0,NNW,4.8,6.4,1013.61,0,0,3,742,,
2026-03-20,11:00,12.7,3.3,53.0,NNW,4.8,8.0,1013.51,0,0,4,761,,
2026-03-20,11:15,13.2,3.9,54.0,NNW,4.8,6.4,1013.28,0,0,4,782,,
2026-03-20,11:30,13.1,3.3,52.0,NW,1.6,6.4,1013.21,0,0,4,851,,
2026-03-20,11:45,13.4,3.9,53.0,NW,3.2,4.8,1013.21,0,0,4,840,,
2026-03-20,12:00,13.9,4.4,52.0,NW,3.2,14.5,1012.9,0,0,4,861,,
2026-03-20,12:15,13.6,3.9,52.0,NW,1.6,4.8,1012.87,0,0,2,294,,
2026-03-20,12:30,14.1,4.4,53.0,WNW,4.8,6.4,1012.6,0,0,4,844,,
2026-03-20,12:45,14.3,3.3,48.0,NNW,4.8,6.4,1012.02,0,0,4,854,,
2026-03-20,13:00,14.3,3.9,50.0,NW,3.2,12.9,1012.23,0,0,3,218,,
2026-03-20,13:15,14.7,3.9,49.0,,1.6,6.4,1012.02,0,0,4,849,,
2026-03-20,13:30,14.2,3.9,49.0,WNW,4.8,8.0,1011.92,0,0,4,207,,
2026-03-20,13:45,14.8,3.3,47.0,NW,1.6,8.0,1012.02,0,0,4,840,,
2026-03-20,14:00,15.0,2.8,45.0,WNW,1.6,16.1,1012.06,0,0,4,814,,
2026-03-20,14:15,15.0,2.8,45.0,NNW,1.6,4.8,1011.72,0,0,2,230,,
2026-03-20,14:30,14.5,2.8,45.0,NORTH,0.0,12.9,1011.65,0,0,1,167,,
2026-03-20,14:45,14.3,3.3,47.0,NORTH,0.0,4.8,1011.82,0,0,1,139,,
2026-03-20,15:00,15.1,5.6,53.0,WNW,3.2,4.8,1011.79,0,0,3,842,,
2026-03-20,15:15,14.2,5.0,54.0,SOUTH,3.2,6.4,1011.55,0,0,1,176,,
2026-03-20,15:30,14.3,5.6,56.0,NORTH,0.0,4.8,1011.41,0,0,1,199,,
2026-03-20,15:45,14.4,5.6,55.0,WEST,3.2,3.2,1011.55,0,0,1,181,,
2026-03-20,16:00,14.2,5.6,58.0,WEST,3.2,4.8,1011.51,0,0,1,128,,
2026-03-20,16:15,14.4,6.1,58.0,WNW,3.2,4.8,1011.21,0,0,1,359,,
2026-03-20,16:30,14.5,6.7,59.0,WEST,3.2,4.8,1011.21,0,0,1,360,,
2026-03-20,16:45,14.3,5.6,56.0,WNW,3.2,4.8,1011.01,0,0,1,302,,
2026-03-20,17:00,14.3,5.0,55.0,WEST,1.6,4.8,1010.9,0,0,0,248,,
2026-03-20,17:15,14.3,5.6,56.0,WEST,1.6,4.8,1011.18,0,0,0,213,,
2026-03-20,17:30,13.8,6.1,61.0,SE,3.2,6.4,1011.24,0,0,0,167,,
2026-03-20,17:45,13.1,6.1,63.0,SE,4.8,4.8,1011.79,0,0,0,116,,
2026-03-20,18:00,12.8,6.1,64.0,ESE,4.8,6.4,1011.68,0,0,0,58,,
2026-03-20,18:15,12.7,6.1,65.0,SSE,1.6,6.4,1011.99,0,0,0,23,,
2026-03-20,18:30,12.3,6.1,66.0,SE,4.8,8.0,1012.12,0,0,0,7,,
2026-03-20,18:45,11.8,5.6,67.0,SE,3.2,6.4,1012.12,0,0,0,0,,
2026-03-20,19:00,11.3,5.6,68.0,SE,3.2,4.8,1012.09,0,0,0,0,,
2026-03-20,19:15,11.1,5.6,69.0,ESE,3.2,6.4,1012.09,0,0,0,0,,
2026-03-20,19:30,10.8,5.6,69.0,ESE,3.2,4.8,1012.46,0,0,0,0,,
2026-03-20,19:45,10.7,5.0,70.0,SE,3.2,4.8,1012.63,0,0,0,0,,
2026-03-20,20:00,10.6,5.0,70.0,SE,3.2,4.8,1012.73,0,0,0,0,,
2026-03-20,20:15,10.4,5.0,71.0,SE,4.8,4.8,1012.8,0,0,0,0,,
2026-03-20,20:30,10.2,5.6,73.0,SSE,3.2,4.8,1012.94,0,0,0,0,,
2026-03-20,20:45,10.0,5.6,74.0,SE,3.2,4.8,1012.77,0,0,0,0,,
2026-03-20,21:00,9.9,5.6,74.0,SE,3.2,4.8,1013.04,0,0,0,0,,
2026-03-20,21:15,9.9,5.6,74.0,ESE,3.2,4.8,1013.38,0,0,0,0,,
2026-03-20,21:30,9.7,5.0,74.0,ESE,3.2,4.8,1013.34,0,0,0,0,,
2026-03-20,21:45,9.7,5.6,75.0,ESE,3.2,4.8,1013.48,0,0,0,0,,
2026-03-20,22:00,9.6,5.0,75.0,SE,3.2,4.8,1013.58,0,0,0,0,,
2026-03-20,22:15,9.5,5.0,75.0,EAST,3.2,4.8,1013.65,0,0,0,0,,
2026-03-20,22:30,9.5,5.0,75.0,ESE,1.6,4.8,1013.82,0,0,0,0,,
2026-03-20,22:45,9.4,5.0,75.0,ESE,3.2,4.8,1013.72,0,0,0,0,,
2026-03-20,23:00,9.3,5.0,75.0,ESE,3.2,4.8,1013.61,0,0,0,0,,
2026-03-20,23:15,9.1,5.0,75.0,EAST,3.2,4.8,1013.58,0,0,0,0,,
2026-03-20,23:30,8.8,4.4,76.0,EAST,3.2,4.8,1013.44,0,0,0,0,,
2026-03-20,23:45,8.6,4.4,77.0,EAST,3.2,4.8,1013.55,0,0,0,0,,
2026-03-20,OVR,,,,,,,,,,,,gustmax,19.3
2026-03-20,OVR,,,,,,,,,,,,rainrate_max,
2026-03-20,OVR,,,,,,,,,,,,rain_total_mm,
2026-03-20,OVR,,,,,,,,,,,,tmax,15.3
2026-03-20,OVR,,,,,,,,,,,,tmin,6.1
2026-03-20,OVR,,,,,,,,,,,,wind_dir_mean_deg,315.0
2026-03-21,00:00,8.4,4.4,78.0,ESE,3.2,4.8,1013.24,0,0,0,0,,
2026-03-21,00:15,8.3,4.4,77.0,ESE,3.2,3.2,1013.17,0,0,0,0,,
2026-03-21,00:30,8.1,4.4,78.0,ESE,1.6,4.8,1012.97,0,0,0,0,,
2026-03-21,00:45,7.9,4.4,78.0,ESE,1.6,4.8,1012.84,0,0,0,0,,
2026-03-21,01:00,7.8,3.9,78.0,EAST,3.2,4.8,1012.8,0,0,0,0,,
2026-03-21,01:15,7.8,3.9,77.0,ESE,1.6,4.8,1012.84,0,0,0,0,,
2026-03-21,01:30,7.6,3.3,77.0,ESE,3.2,4.8,1012.6,0,0,0,0,,
2026-03-21,01:45,7.4,3.3,75.0,ESE,3.2,4.8,1012.7,0,0,0,0,,
2026-03-21,02:00,7.6,2.8,73.0,ESE,1.6,4.8,1012.63,0,0,0,0,,
2026-03-21,02:15,7.4,2.8,73.0,NORTH,0.0,1.6,1012.73,0,0,0,0,,
2026-03-21,02:30,7.0,2.2,73.0,SSE,1.6,3.2,1012.6,0,0,0,0,,
2026-03-21,02:45,6.3,1.7,73.0,NORTH,0.0,3.2,1012.53,0,0,0,0,,
2026-03-21,03:00,6.1,1.7,74.0,NORTH,0.0,0.0,1012.16,0,0,0,0,,
2026-03-21,03:15,5.8,1.7,74.0,NORTH,0.0,0.0,1011.92,0,0,0,0,,
2026-03-21,03:30,5.7,1.1,74.0,EAST,1.6,3.2,1011.92,0,0,0,0,,
2026-03-21,03:45,5.7,1.1,74.0,NE,1.6,3.2,1011.85,0,0,0,0,,
2026-03-21,04:00,5.6,1.1,74.0,NORTH,0.0,3.2,1011.75,0,0,0,0,,
2026-03-21,04:15,5.4,1.1,73.0,ESE,1.6,3.2,1011.79,0,0,0,0,,
2026-03-21,04:30,6.1,2.2,76.0,EAST,1.6,3.2,1011.79,0,0,0,0,,
2026-03-21,04:45,6.2,2.2,77.0,NORTH,0.0,3.2,1011.75,0,0,0,0,,
2026-03-21,05:00,6.2,2.2,77.0,NORTH,0.0,1.6,1011.72,0,0,0,0,,
2026-03-21,05:15,6.0,2.2,77.0,ESE,1.6,1.6,1011.55,0,0,0,0,,
2026-03-21,05:30,6.6,2.8,79.0,ESE,1.6,3.2,1011.55,0,0,0,0,,
2026-03-21,05:45,6.4,2.8,79.0,SSE,1.6,3.2,1011.62,0,0,0,0,,
2026-03-21,06:00,6.0,2.2,79.0,SSE,1.6,3.2,1011.45,0,0,0,0,,
2026-03-21,06:15,5.7,2.2,79.0,NORTH,0.0,3.2,1011.85,0,0,0,0,,
2026-03-21,06:30,5.5,2.2,80.0,SSE,1.6,3.2,1011.92,0,0,0,0,,
2026-03-21,06:45,5.3,2.2,81.0,SSE,1.6,3.2,1011.85,0,0,0,16,,
2026-03-21,07:00,5.4,2.2,81.0,SE,1.6,3.2,1012.26,0,0,0,40,,
2026-03-21,07:15,6.2,2.8,81.0,ESE,1.6,3.2,1011.99,0,0,0,40,,
2026-03-21,07:30,7.2,3.3,78.0,ESE,1.6,3.2,1012.02,0,0,0,137,,
2026-03-21,07:45,8.3,3.3,72.0,ESE,1.6,3.2,1012.06,0,0,0,200,,
2026-03-21,08:00,9.2,3.9,70.0,EAST,1.6,3.2,1012.06,0,0,0,253,,
2026-03-21,08:15,10.2,4.4,68.0,NORTH,0.0,3.2,1012.06,0,0,1,311,,
2026-03-21,08:30,10.8,4.4,66.0,NORTH,0.0,3.2,1012.23,0,0,1,367,,
2026-03-21,08:45,11.2,4.4,65.0,SE,1.6,3.2,1012.02,0,0,1,418,,
2026-03-21,09:00,11.5,4.4,63.0,EAST,1.6,4.8,1012.06,0,0,1,471,,
2026-03-21,09:15,11.6,4.4,62.0,ESE,1.6,4.8,1011.99,0,0,2,515,,
2026-03-21,09:30,11.7,5.0,63.0,SE,3.2,4.8,1012.09,0,0,2,559,,
2026-03-21,09:45,11.8,4.4,61.0,ESE,1.6,4.8,1012.23,0,0,2,619,,
2026-03-21,10:00,12.2,5.0,62.0,NE,1.6,3.2,1012.02,0,0,2,700,,
2026-03-21,10:15,12.7,5.6,63.0,ENE,3.2,4.8,1011.95,0,0,3,721,,
2026-03-21,10:30,12.6,4.4,58.0,NNE,1.6,4.8,1012.02,0,0,3,803,,
2026-03-21,10:45,13.1,3.9,54.0,ESE,1.6,3.2,1012.16,0,0,3,1009,,
2026-03-21,11:00,12.9,3.9,55.0,NORTH,0.0,3.2,1011.99,0,0,3,434,,
2026-03-21,11:15,13.1,3.9,54.0,NORTH,0.0,3.2,1011.79,0,0,3,805,,
2026-03-21,11:30,13.1,3.9,54.0,NORTH,0.0,4.8,1011.85,0,0,3,417,,
2026-03-21,11:45,13.6,3.9,53.0,NNW,3.2,4.8,1011.82,0,0,4,1088,,
2026-03-21,12:00,12.9,3.3,53.0,NORTH,0.0,3.2,1011.72,0,0,2,272,,
2026-03-21,12:15,12.8,3.3,52.0,WNW,3.2,3.2,1011.28,0,0,2,279,,
2026-03-21,12:30,13.5,3.9,53.0,NNW,3.2,4.8,1011.18,0,0,4,947,,
2026-03-21,12:45,13.9,3.9,51.0,NORTH,0.0,4.8,1010.74,0,0,3,954,,
2026-03-21,13:00,13.4,3.9,52.0,NNW,1.6,3.2,1011.04,0,0,3,380,,
2026-03-21,13:15,13.6,3.9,52.0,WEST,3.2,4.8,1010.9,0,0,2,209,,
2026-03-21,13:30,13.3,3.9,53.0,SSE,1.6,3.2,1010.53,0,0,4,422,,
2026-03-21,13:45,14.3,4.4,52.0,NNE,3.2,3.2,1010.57,0,0,3,346,,
2026-03-21,14:00,13.9,4.4,54.0,WEST,1.6,4.8,1010.46,0,0,2,248,,
2026-03-21,14:15,13.9,3.9,52.0,NORTH,0.0,3.2,1010.13,0,0,3,341,,
2026-03-21,14:30,14.5,5.0,53.0,WNW,3.2,12.9,1010.23,0,0,2,202,,
2026-03-21,14:45,14.0,4.4,53.0,WEST,1.6,4.8,1010.3,0,0,2,436,,
2026-03-21,15:00,14.7,5.6,54.0,SSE,3.2,6.4,1010.06,0,0,3,800,,
2026-03-21,15:15,15.1,5.0,51.0,WEST,1.6,4.8,1009.85,0,0,2,694,,
2026-03-21,15:30,14.7,5.0,52.0,NORTH,0.0,4.8,1009.75,0,0,2,385,,
2026-03-21,15:45,13.9,5.0,55.0,NORTH,0.0,6.4,1009.69,0,0,1,132,,
2026-03-21,16:00,13.9,5.6,59.0,WEST,1.6,4.8,1009.92,0,0,1,439,,
2026-03-21,16:15,13.8,5.6,58.0,WNW,3.2,6.4,1009.92,0,0,1,410,,
2026-03-21,16:30,13.9,5.6,57.0,WNW,4.8,9.7,1009.92,0,0,1,369,,
2026-03-21,16:45,13.7,5.6,58.0,WNW,3.2,8.0,1009.85,0,0,1,234,,
2026-03-21,17:00,13.4,5.0,57.0,WNW,4.8,6.4,1009.69,0,0,1,250,,
2026-03-21,17:15,13.4,5.6,59.0,WEST,1.6,6.4,1010.13,0,0,0,160,,
2026-03-21,17:30,13.2,5.6,60.0,WEST,4.8,6.4,1009.75,0,0,0,141,,
2026-03-21,17:45,12.9,5.6,62.0,WNW,3.2,8.0,1010.02,0,0,0,56,,
2026-03-21,18:00,12.6,5.6,62.0,WEST,3.2,6.4,1010.26,0,0,0,32,,
2026-03-21,18:15,12.2,5.0,63.0,WEST,4.8,4.8,1010.3,0,0,0,18,,
2026-03-21,18:30,11.8,5.0,65.0,WNW,3.2,4.8,1010.6,0,0,0,0,,
2026-03-21,18:45,11.6,5.0,65.0,WEST,3.2,4.8,1010.53,0,0,0,0,,
2026-03-21,19:00,11.3,5.0,67.0,WEST,1.6,4.8,1010.7,0,0,0,0,,
2026-03-21,19:15,11.0,5.0,68.0,WNW,3.2,4.8,1011.07,0,0,0,0,,
2026-03-21,19:30,10.8,5.0,68.0,NORTH,0.0,1.6,1011.04,0,0,0,0,,
2026-03-21,19:45,10.6,5.0,69.0,NORTH,0.0,3.2,1011.11,0,0,0,0,,
2026-03-21,20:00,10.2,5.0,70.0,SE,3.2,4.8,1011.18,0,0,0,0,,
2026-03-21,20:15,10.0,5.0,72.0,SSW,1.6,4.8,1011.28,0,0,0,0,,
2026-03-21,20:30,9.7,5.0,72.0,SSE,1.6,4.8,1011.11,0,0,0,0,,
2026-03-21,20:45,9.4,4.4,73.0,SSE,3.2,4.8,1011.18,0,0,0,0,,
2026-03-21,21:00,9.0,4.4,74.0,SSE,3.2,4.8,1011.21,0,0,0,0,,
2026-03-21,21:15,8.8,4.4,74.0,SE,3.2,6.4,1011.41,0,0,0,0,,
2026-03-21,21:30,8.7,4.4,75.0,SSE,3.2,6.4,1011.21,0,0,0,0,,
2026-03-21,21:45,8.6,3.9,75.0,SSE,1.6,4.8,1011.34,0,0,0,0,,
2026-03-21,22:00,8.6,4.4,75.0,SSE,3.2,4.8,1011.68,0,0,0,0,,
2026-03-21,22:15,8.6,4.4,75.0,SSE,3.2,4.8,1011.24,0,0,0,0,,
2026-03-21,22:30,8.7,4.4,75.0,SSE,3.2,4.8,1011.28,0,0,0,0,,
2026-03-21,22:45,8.7,4.4,76.0,SSE,4.8,4.8,1011.48,0,0,0,0,,
2026-03-21,23:00,8.8,4.4,76.0,SSE,3.2,4.8,1011.51,0,0,0,0,,
2026-03-21,23:15,8.9,5.0,76.0,SSE,3.2,4.8,1011.45,0,0,0,0,,
2026-03-21,23:30,9.1,5.0,77.0,SE,3.2,4.8,1011.72,0,0,0,0,,
2026-03-21,23:45,9.1,5.0,77.0,SSE,3.2,3.2,1011.65,0,0,0,0,,
2026-03-21,OVR,,,,,,,,,,,,gustmax,12.9
2026-03-21,OVR,,,,,,,,,,,,rainrate_max,
2026-03-21,OVR,,,,,,,,,,,,rain_total_mm,
2026-03-21,OVR,,,,,,,,,,,,tmax,15.2
2026-03-21,OVR,,,,,,,,,,,,tmin,5.3
2026-03-21,OVR,,,,,,,,,,,,wind_dir_mean_deg,112.5
2026-03-22,00:00,8.9,5.0,78.0,SE,3.2,3.2,1011.51,0,0,0,0,,
2026-03-22,00:15,8.9,5.0,78.0,SSE,1.6,3.2,1011.62,0,0,0,0,,
2026-03-22,00:30,8.9,5.0,77.0,SSE,3.2,3.2,1011.51,0,0,0,0,,
2026-03-22,00:45,8.9,5.0,77.0,SSE,3.2,3.2,1011.24,0,0,0,0,,
2026-03-22,01:00,8.7,4.4,77.0,NORTH,0.0,3.2,1011.45,0,0,0,0,,
2026-03-22,01:15,8.6,5.0,78.0,ESE,1.6,3.2,1011.28,0,0,0,0,,
2026-03-22,01:30,8.7,5.0,78.0,ESE,1.6,3.2,1011.18,0,0,0,0,,
2026-03-22,01:45,8.7,5.0,78.0,ESE,1.6,3.2,1010.9,0,0,0,0,,
2026-03-22,02:00,8.3,4.4,78.0,ESE,1.6,3.2,1010.97,0,0,0,0,,
2026-03-22,02:15,8.1,4.4,79.0,ESE,1.6,3.2,1010.97,0,0,0,0,,
2026-03-22,02:30,8.0,4.4,79.0,SE,3.2,3.2,1010.74,0,0,0,0,,
2026-03-22,02:45,8.3,4.4,77.0,SE,1.6,3.2,1010.9,0,0,0,0,,
2026-03-22,03:00,8.1,3.9,77.0,SE,1.6,3.2,1010.5,0,0,0,0,,
2026-03-22,03:15,7.7,3.9,77.0,SE,1.6,3.2,1010.63,0,0,0,0,,
2026-03-22,03:30,7.7,3.9,79.0,ESE,3.2,3.2,1010.26,0,0,0,0,,
2026-03-22,03:45,8.0,4.4,79.0,ESE,3.2,3.2,1010.46,0,0,0,0,,
2026-03-22,04:00,7.9,4.4,79.0,SE,1.6,3.2,1010.43,0,0,0,0,,
2026-03-22,04:15,8.1,4.4,80.0,SE,3.2,4.8,1010.53,0,0,0,0,,
2026-03-22,04:30,8.1,4.4,80.0,ESE,1.6,3.2,1010.33,0,0,0,0,,
2026-03-22,04:45,7.8,4.4,80.0,ESE,1.6,3.2,1010.57,0,0,0,0,,
2026-03-22,05:00,7.6,4.4,81.0,ESE,3.2,3.2,1010.43,0,0,0,0,,
2026-03-22,05:15,7.7,4.4,82.0,ESE,3.2,4.8,1010.5,0,0,0,0,,
2026-03-22,05:30,7.6,4.4,82.0,ESE,3.2,3.2,1010.26,0,0,0,0,,
2026-03-22,05:45,7.2,4.4,83.0,SE,3.2,3.2,1010.57,0,0,0,0,,
2026-03-22,06:00,7.6,5.0,83.0,SE,3.2,4.8,1010.63,0,0,0,0,,
2026-03-22,06:15,8.0,5.0,83.0,SE,3.2,4.8,1010.57,0,0,0,0,,
2026-03-22,06:30,7.6,4.4,82.0,SSE,3.2,3.2,1010.57,0,0,0,7,,
2026-03-22,06:45,6.9,3.9,82.0,SSE,1.6,3.2,1010.53,0,0,0,18,,
2026-03-22,07:00,6.7,3.9,83.0,SE,1.6,3.2,1010.8,0,0,0,49,,
2026-03-22,07:15,7.2,4.4,85.0,ESE,1.6,3.2,1010.9,0,0,0,93,,
2026-03-22,07:30,7.6,5.0,85.0,NORTH,0.0,1.6,1011.11,0,0,0,148,,
2026-03-22,07:45,8.7,6.1,85.0,NORTH,0.0,3.2,1011.14,0,0,0,207,,
2026-03-22,08:00,9.6,6.7,83.0,NORTH,0.0,0.0,1011.07,0,0,1,258,,
2026-03-22,08:15,9.8,6.7,81.0,NORTH,0.0,0.0,1011.18,0,0,1,313,,
2026-03-22,08:30,10.6,7.2,80.0,EAST,3.2,3.2,1011.24,0,0,1,362,,
2026-03-22,08:45,10.9,7.2,78.0,EAST,1.6,4.8,1011.28,0,0,1,415,,
2026-03-22,09:00,11.1,7.2,77.0,ESE,1.6,3.2,1011.14,0,0,1,466,,
2026-03-22,09:15,11.4,7.2,75.0,SE,1.6,4.8,1011.07,0,0,2,515,,
2026-03-22,09:30,11.7,7.2,74.0,NORTH,0.0,3.2,1011.07,0,0,2,571,,
2026-03-22,09:45,11.7,7.2,74.0,SOUTH,1.6,6.4,1011.38,0,0,2,679,,
2026-03-22,10:00,12.1,7.2,73.0,SSE,3.2,6.4,1011.51,0,0,3,719,,
2026-03-22,10:15,11.9,6.1,69.0,SSE,1.6,6.4,1011.18,0,0,3,782,,
2026-03-22,10:30,12.3,6.7,68.0,SE,3.2,8.0,1011.21,0,0,3,821,,
2026-03-22,10:45,12.3,6.1,67.0,SE,6.4,6.4,1011.01,0,0,4,849,,
2026-03-22,11:00,12.5,6.1,66.0,NORTH,0.0,8.0,1010.87,0,0,3,598,,
2026-03-22,11:15,12.6,5.6,64.0,SE,3.2,6.4,1010.97,0,0,3,703,,
2026-03-22,11:30,13.3,6.1,63.0,SSE,3.2,8.0,1010.9,0,0,3,729,,
2026-03-22,11:45,12.8,4.4,57.0,SOUTH,1.6,6.4,1010.74,0,0,4,731,,
2026-03-22,12:00,13.4,5.6,59.0,SE,4.8,6.4,1010.7,0,0,4,879,,
2026-03-22,12:15,13.4,5.0,58.0,WSW,1.6,6.4,1010.74,0,0,4,877,,
2026-03-22,12:30,13.7,4.4,54.0,SSE,3.2,6.4,1010.84,0,0,5,891,,
2026-03-22,12:45,13.9,4.4,54.0,WSW,1.6,6.4,1010.6,0,0,4,824,,
2026-03-22,13:00,13.8,4.4,53.0,SOUTH,1.6,6.4,1010.5,0,0,5,969,,
2026-03-22,13:15,14.7,5.0,52.0,SSE,4.8,4.8,1010.46,0,0,4,963,,
2026-03-22,13:30,13.9,5.0,56.0,WEST,3.2,4.8,1010.46,0,0,2,343,,
2026-03-22,13:45,13.9,5.0,56.0,NORTH,0.0,4.8,1010.33,0,0,2,304,,
2026-03-22,14:00,13.6,5.6,59.0,NORTH,0.0,3.2,1010.33,0,0,2,232,,
2026-03-22,14:15,13.9,5.6,57.0,WNW,1.6,4.8,1010.13,0,0,2,229,,
2026-03-22,14:30,13.6,7.2,65.0,WNW,8.0,6.4,1010.23,0,0,1,213,,
2026-03-22,14:45,13.4,7.2,66.0,NW,4.8,8.0,1010.06,0,0,1,274,,
2026-03-22,15:00,13.9,7.2,65.0,NW,4.8,6.4,1009.92,0,0,2,707,,
2026-03-22,15:15,13.9,6.7,63.0,WNW,4.8,8.0,1009.79,0,0,2,737,,
2026-03-22,15:30,13.9,6.7,62.0,WEST,3.2,6.4,1009.82,0,0,1,169,,
2026-03-22,15:45,13.6,6.7,63.0,WNW,3.2,8.0,1010.13,0,0,1,158,,
2026-03-22,16:00,13.6,6.7,64.0,WEST,3.2,9.7,1010.19,0,0,0,109,,
2026-03-22,16:15,12.3,6.1,66.0,NORTH,0.0,4.8,1010.36,0,0,0,47,,
2026-03-22,16:30,11.8,6.1,70.0,SE,3.2,6.4,1010.23,0,0,0,56,,
2026-03-22,16:45,11.4,6.1,71.0,SSE,4.8,9.7,1010.36,0,0,0,60,,
2026-03-22,17:00,10.9,5.6,71.0,SSE,3.2,8.0,1010.33,0,0,0,95,,
2026-03-22,17:15,10.4,5.6,74.0,SSE,3.2,6.4,1010.57,0,0,0,56,,
2026-03-22,17:30,10.7,6.1,75.0,ESE,4.8,4.8,1010.94,0,0,0,60,,
2026-03-22,17:45,10.8,6.7,77.0,EAST,6.4,9.7,1010.94,0,0,0,93,,
2026-03-22,18:00,10.3,6.1,76.0,EAST,4.8,9.7,1010.9,0,0,0,33,,
2026-03-22,18:15,10.0,6.1,79.0,EAST,3.2,6.4,1011.21,0,0,0,12,,
2026-03-22,18:30,9.6,6.1,80.0,EAST,3.2,11.3,1011.51,0,0,0,0,,
2026-03-22,18:45,9.2,5.6,80.0,ESE,4.8,9.7,1011.55,0,0,0,0,,
2026-03-22,19:00,8.8,5.6,82.0,EAST,6.4,6.4,1011.65,0,0,0,0,,
2026-03-22,19:15,8.7,6.1,84.0,ESE,3.2,6.4,1011.68,0,0,0,0,,
2026-03-22,19:30,8.6,6.1,85.0,ENE,4.8,8.0,1012.06,0,0,0,0,,
2026-03-22,19:45,8.7,6.1,86.0,NE,4.8,9.7,1011.95,0,0,0,0,,
2026-03-22,20:00,8.7,6.1,86.0,EAST,4.8,9.7,1012.39,0,0,0,0,,
2026-03-22,20:15,8.6,6.1,86.0,ESE,3.2,6.4,1012.09,0,0,0,0,,
2026-03-22,20:30,8.7,6.1,86.0,ESE,3.2,4.8,1012.67,0,0,0,0,,
2026-03-22,20:45,8.8,6.1,86.0,ESE,1.6,6.4,1012.8,0,0,0,0,,
2026-03-22,21:00,8.8,6.1,86.0,SE,3.2,4.8,1012.5,0,0,0,0,,
2026-03-22,21:15,8.6,6.1,85.0,ESE,3.2,6.4,1012.39,0,0,0,0,,
2026-03-22,21:30,8.6,6.1,86.0,ESE,1.6,4.8,1012.5,0,0,0,0,,
2026-03-22,21:45,8.5,6.1,86.0,NORTH,0.0,4.8,1012.73,0,0,0,0,,
2026-03-22,22:00,8.3,6.1,86.0,SE,1.6,3.2,1012.73,0,0,0,0,,
2026-03-22,22:15,8.1,5.6,86.0,NORTH,0.0,3.2,1012.9,0,0,0,0,,
2026-03-22,22:30,8.1,6.1,87.0,ESE,1.6,3.2,1012.8,0,0,0,0,,
2026-03-22,22:45,8.1,6.1,87.0,ESE,1.6,3.2,1012.77,0,0,0,0,,
2026-03-22,23:00,8.1,6.1,87.0,ESE,1.6,3.2,1012.67,0,0,0,0,,
2026-03-22,23:15,8.1,6.1,87.0,NORTH,0.0,1.6,1012.43,0,0,0,0,,
2026-03-22,23:30,7.9,5.6,87.0,ESE,3.2,4.8,1012.77,0,0,0,0,,
2026-03-22,23:45,7.9,5.6,87.0,SE,3.2,4.8,1012.36,0,0,0,0,,
2026-03-22,OVR,,,,,,,,,,,,gustmax,11.3
2026-03-22,OVR,,,,,,,,,,,,rainrate_max,
2026-03-22,OVR,,,,,,,,,,,,rain_total_mm,
2026-03-22,OVR,,,,,,,,,,,,tmax,14.7
2026-03-22,OVR,,,,,,,,,,,,tmin,6.7
2026-03-22,OVR,,,,,,,,,,,,wind_dir_mean_deg,112.5
2026-03-23,00:00,8.0,5.6,87.0,ESE,1.6,4.8,1012.46,0,0,0,0,,
2026-03-23,00:15,8.1,6.1,87.0,ESE,1.6,3.2,1012.16,0,0,0,0,,
2026-03-23,00:30,8.0,5.6,86.0,ESE,3.2,4.8,1012.12,0,0,0,0,,
2026-03-23,00:45,7.9,5.6,86.0,EAST,3.2,4.8,1012.26,0,0,0,0,,
2026-03-23,01:00,7.9,5.6,86.0,ESE,1.6,4.8,1012.16,0,0,0,0,,
2026-03-23,01:15,8.1,5.6,86.0,SE,3.2,6.4,1012.06,0,0,0,0,,
2026-03-23,01:30,8.1,5.6,86.0,SE,1.6,4.8,1012.39,0,0,0,0,,
2026-03-23,01:45,8.3,6.1,86.0,SSE,1.6,4.8,1012.19,0,0,0,0,,
2026-03-23,02:00,8.3,5.6,86.0,SE,3.2,4.8,1012.33,0,0,0,0,,
2026-03-23,02:15,8.3,6.1,85.0,NORTH,0.0,3.2,1012.29,0,0,0,0,,
2026-03-23,02:30,8.2,5.6,86.0,NORTH,0.0,0.0,1012.26,0,0,0,0,,
2026-03-23,02:45,8.1,5.6,85.0,NORTH,0.0,0.0,1012.16,0,0,0,0,,
2026-03-23,03:00,7.8,5.6,86.0,NORTH,0.0,0.0,1012.16,0,0,0,0,,
2026-03-23,03:15,7.6,5.0,86.0,NORTH,0.0,3.2,1012.16,0,0,0,0,,
2026-03-23,03:30,7.3,5.0,87.0,ESE,1.6,3.2,1011.92,0,0,0,0,,
2026-03-23,03:45,7.1,5.0,87.0,NORTH,0.0,3.2,1012.09,0,0,0,0,,
2026-03-23,04:00,7.2,5.0,88.0,ESE,1.6,3.2,1011.89,0,0,0,0,,
2026-03-23,04:15,6.9,5.0,87.0,NORTH,0.0,0.0,1011.99,0,0,0,0,,
2026-03-23,04:30,6.8,5.0,88.0,NORTH,0.0,3.2,1012.09,0,0,0,0,,
2026-03-23,04:45,6.8,5.0,88.0,ESE,1.6,3.2,1011.82,0,0,0,0,,
2026-03-23,05:00,6.9,5.0,88.0,NORTH,0.0,3.2,1012.26,0,0,0,0,,
2026-03-23,05:15,6.8,5.0,88.0,NORTH,0.0,3.2,1012.12,0,0,0,0,,
2026-03-23,05:30,6.8,5.0,88.0,NORTH,0.0,0.0,1011.99,0,0,0,0,,
2026-03-23,05:45,6.7,5.0,88.0,ESE,1.6,3.2,1011.99,0,0,0,0,,
2026-03-23,06:00,6.5,4.4,88.0,ESE,1.6,3.2,1012.06,0,0,0,0,,
2026-03-23,06:15,6.4,4.4,89.0,NORTH,0.0,3.2,1012.29,0,0,0,0,,
2026-03-23,06:30,6.5,4.4,89.0,ESE,1.6,3.2,1012.06,0,0,0,7,,
2026-03-23,06:45,6.7,5.0,89.0,ESE,1.6,4.8,1012.09,0,0,0,18,,
2026-03-23,07:00,6.9,5.0,89.0,NORTH,0.0,4.8,1012.26,0,0,0,51,,
2026-03-23,07:15,7.4,5.6,89.0,NORTH,0.0,3.2,1012.63,0,0,0,97,,
2026-03-23,07:30,8.2,6.1,88.0,NORTH,0.0,3.2,1012.5,0,0,0,155,,
2026-03-23,07:45,8.9,6.7,85.0,ESE,1.6,1.6,1012.53,0,0,0,206,,
2026-03-23,08:00,9.5,6.7,83.0,ESE,1.6,4.8,1012.77,0,0,0,253,,
2026-03-23,08:15,10.1,6.7,81.0,ESE,1.6,3.2,1012.8,0,0,1,302,,
2026-03-23,08:30,9.4,6.7,82.0,NW,1.6,6.4,1013.38,0,0,1,355,,
2026-03-23,08:45,9.9,7.2,84.0,NORTH,0.0,4.8,1013.55,0,0,1,403,,
2026-03-23,09:00,11.0,7.2,78.0,NNW,1.6,4.8,1013.44,0,0,1,455,,
2026-03-23,09:15,11.3,7.2,76.0,,1.6,4.8,1013.51,0,0,2,501,,
2026-03-23,09:30,11.7,6.7,73.0,NW,1.6,6.4,1013.55,0,0,2,564,,
2026-03-23,09:45,11.8,7.2,74.0,NE,1.6,6.4,1013.68,0,0,2,629,,
2026-03-23,10:00,11.9,7.2,75.0,NORTH,0.0,8.0,1013.55,0,0,2,592,,
2026-03-23,10:15,12.0,6.7,71.0,WNW,3.2,6.4,1013.85,0,0,2,371,,
2026-03-23,10:30,12.3,7.2,71.0,NNW,3.2,4.8,1014.12,0,0,2,394,,
2026-03-23,10:45,12.4,6.7,69.0,NW,1.6,4.8,1013.95,0,0,2,598,,
2026-03-23,11:00,12.3,7.2,70.0,NW,1.6,12.9,1014.02,0,0,2,366,,
2026-03-23,11:15,12.5,6.7,67.0,NORTH,0.0,4.8,1013.88,0,0,3,510,,
2026-03-23,11:30,12.7,6.7,68.0,NW,3.2,4.8,1013.92,0,0,2,359,,
2026-03-23,11:45,12.7,7.2,69.0,NNW,4.8,4.8,1013.88,0,0,1,243,,
2026-03-23,12:00,12.4,7.2,72.0,WEST,3.2,9.7,1013.92,0,0,1,199,,
2026-03-23,12:15,12.4,7.2,71.0,WNW,1.6,11.3,1013.99,0,0,2,304,,
2026-03-23,12:30,12.8,6.1,64.0,WEST,4.8,8.0,1014.02,0,0,2,322,,
2026-03-23,12:45,12.7,7.2,70.0,NW,4.8,6.4,1014.02,0,0,1,253,,
2026-03-23,13:00,12.3,6.1,67.0,WNW,6.4,6.4,1013.41,0,0,1,306,,
2026-03-23,13:15,12.1,5.6,64.0,WNW,3.2,6.4,1013.55,0,0,1,165,,
2026-03-23,13:30,11.7,6.1,71.0,WNW,3.2,4.8,1013.58,0,0,1,156,,
2026-03-23,13:45,11.3,6.7,75.0,WEST,1.6,6.4,1013.61,0,0,1,178,,
2026-03-23,14:00,11.2,6.7,73.0,SW,1.6,9.7,1013.28,0,0,2,292,,
2026-03-23,14:15,12.2,7.2,72.0,SW,4.8,4.8,1013.34,0,0,2,396,,
2026-03-23,14:30,12.4,7.8,75.0,WEST,1.6,6.4,1013.21,0,0,1,216,,
2026-03-23,14:45,12.0,7.8,76.0,WEST,3.2,6.4,1013.31,0,0,1,146,,
2026-03-23,15:00,11.3,7.2,76.0,WNW,4.8,9.7,1013.61,0,0,0,84,,
2026-03-23,15:15,10.9,6.7,77.0,WNW,3.2,6.4,1013.61,0,0,0,125,,
2026-03-23,15:30,10.9,6.7,77.0,NW,3.2,9.7,1014.12,0,0,0,81,,
2026-03-23,15:45,10.8,6.7,76.0,NORTH,3.2,8.0,1014.39,0,0,0,86,,
2026-03-23,16:00,10.0,6.1,79.0,NNE,4.8,6.4,1014.53,1.02,1.02,0,37,,
2026-03-23,16:15,8.9,6.1,84.0,EAST,4.8,8.0,1014.43,6.35,6.35,0,18,,
2026-03-23,16:30,8.8,6.1,86.0,ESE,4.8,9.7,1014.7,7.11,7.11,0,102,,
2026-03-23,16:45,8.3,6.1,86.0,ESE,4.8,9.7,1014.9,7.37,7.37,0,97,,
2026-03-23,17:00,8.4,6.1,87.0,SE,1.6,6.4,1014.83,7.62,6.35,0,100,,
2026-03-23,17:15,8.8,6.7,87.0,NORTH,0.0,3.2,1014.77,7.62,1.27,0,37,,
2026-03-23,17:30,9.1,6.7,87.0,NNE,3.2,4.8,1015.1,7.87,0.76,0,40,,
2026-03-23,17:45,8.6,6.7,88.0,ESE,3.2,4.8,1014.93,7.87,0.51,0,30,,
2026-03-23,18:00,8.3,6.1,88.0,ESE,1.6,4.8,1015.48,7.87,0.25,0,16,,
2026-03-23,18:15,8.4,6.7,89.0,NORTH,0.0,3.2,1015.58,7.87,0.25,0,12,,
2026-03-23,18:30,8.6,6.7,89.0,NORTH,0.0,1.6,1015.68,7.87,0,0,0,,
2026-03-23,18:45,8.4,6.7,89.0,SSE,3.2,3.2,1015.68,7.87,0,0,0,,
2026-03-23,19:00,8.3,6.1,89.0,NORTH,0.0,3.2,1015.75,7.87,0,0,0,,
2026-03-23,19:15,8.1,6.1,89.0,NORTH,0.0,3.2,1015.95,7.87,0,0,0,,
2026-03-23,19:30,7.9,6.1,89.0,NORTH,0.0,1.6,1016.09,7.87,0,0,0,,
2026-03-23,19:45,7.8,6.1,89.0,NORTH,0.0,3.2,1016.22,7.87,0,0,0,,
2026-03-23,20:00,7.7,6.1,89.0,ESE,1.6,3.2,1016.32,7.87,0,0,0,,
2026-03-23,20:15,7.6,5.6,90.0,NORTH,0.0,3.2,1016.49,7.87,0,0,0,,
2026-03-23,20:30,7.7,6.1,90.0,NORTH,0.0,1.6,1016.7,7.87,0,0,0,,
2026-03-23,20:45,7.7,6.1,90.0,SE,1.6,1.6,1017.14,7.87,0,0,0,,
2026-03-23,21:00,7.8,6.1,90.0,NORTH,0.0,1.6,1017.2,7.87,0,0,0,,
2026-03-23,21:15,7.7,6.1,90.0,ESE,3.2,4.8,1017.14,7.87,0,0,0,,
2026-03-23,21:30,7.8,6.1,90.0,ESE,3.2,4.8,1017.34,7.87,0,0,0,,
2026-03-23,21:45,7.8,6.1,90.0,NORTH,0.0,3.2,1017.27,7.87,0,0,0,,
2026-03-23,22:00,7.8,6.1,90.0,NORTH,0.0,3.2,1017.44,7.87,0,0,0,,
2026-03-23,22:15,8.0,6.1,90.0,NORTH,0.0,3.2,1017.31,7.87,0,0,0,,
2026-03-23,22:30,7.9,6.1,90.0,NORTH,0.0,0.0,1017.34,7.87,0,0,0,,
2026-03-23,22:45,8.0,6.1,90.0,NORTH,0.0,0.0,1017.51,7.87,0,0,0,,
2026-03-23,23:00,7.9,6.1,90.0,NORTH,0.0,0.0,1017.27,7.87,0,0,0,,
2026-03-23,23:15,7.9,6.1,90.0,NORTH,0.0,0.0,1017.58,7.87,0,0,0,,
2026-03-23,23:30,7.7,6.1,90.0,NORTH,0.0,0.0,1017.61,7.87,0,0,0,,
2026-03-23,23:45,7.5,6.1,91.0,NORTH,0.0,0.0,1017.58,7.87,0,0,0,,
2026-03-23,OVR,,,,,,,,,,,,gustmax,14.5
2026-03-23,OVR,,,,,,,,,,,,rainrate_max,56.8
2026-03-23,OVR,,,,,,,,,,,,rain_total_mm,7.8
2026-03-23,OVR,,,,,,,,,,,,tmax,12.9
2026-03-23,OVR,,,,,,,,,,,,tmin,6.3
2026-03-23,OVR,,,,,,,,,,,,wind_dir_mean_deg,112.5
2026-03-24,00:00,7.4,6.1,91.0,NORTH,0.0,0.0,1017.61,0,0,0,0,,
2026-03-24,00:15,7.5,6.1,91.0,NORTH,0.0,0.0,1017.81,0,0,0,0,,
2026-03-24,00:30,7.6,6.1,91.0,NORTH,0.0,0.0,1017.85,0,0,0,0,,
2026-03-24,00:45,7.6,6.1,91.0,NORTH,0.0,0.0,1017.88,0,0,0,0,,
2026-03-24,01:00,7.5,6.1,91.0,NORTH,0.0,0.0,1017.85,0,0,0,0,,
2026-03-24,01:15,7.4,6.1,91.0,NORTH,0.0,0.0,1017.78,0,0,0,0,,
2026-03-24,01:30,7.4,6.1,91.0,NORTH,0.0,0.0,1017.85,0,0,0,0,,
2026-03-24,01:45,7.3,5.6,91.0,NORTH,0.0,0.0,1017.88,0,0,0,0,,
2026-03-24,02:00,7.3,5.6,91.0,NORTH,0.0,0.0,1017.64,0,0,0,0,,
2026-03-24,02:15,7.3,5.6,91.0,NORTH,0.0,0.0,1017.68,0,0,0,0,,
2026-03-24,02:30,7.1,5.6,91.0,NORTH,0.0,0.0,1017.58,0,0,0,0,,
2026-03-24,02:45,6.9,5.6,91.0,NORTH,0.0,0.0,1017.34,0,0,0,0,,
2026-03-24,03:00,6.4,5.0,91.0,NORTH,0.0,4.8,1017.07,0,0,0,0,,
2026-03-24,03:15,6.3,5.0,91.0,NORTH,0.0,4.8,1017.17,0,0,0,0,,
2026-03-24,03:30,6.3,5.0,91.0,NORTH,0.0,1.6,1017.31,0,0,0,0,,
2026-03-24,03:45,6.2,4.4,91.0,EAST,1.6,3.2,1016.97,0,0,0,0,,
2026-03-24,04:00,6.1,4.4,91.0,NORTH,0.0,3.2,1017.14,0,0,0,0,,
2026-03-24,04:15,5.9,4.4,91.0,NORTH,0.0,3.2,1017.54,0,0,0,0,,
2026-03-24,04:30,5.6,3.9,90.0,NORTH,0.0,6.4,1017.54,0,0,0,0,,
2026-03-24,04:45,5.7,3.9,90.0,EAST,3.2,3.2,1017.51,0,0,0,0,,
2026-03-24,05:00,6.0,4.4,90.0,NORTH,0.0,3.2,1017.68,0,0,0,0,,
2026-03-24,05:15,6.4,4.4,89.0,,1.6,6.4,1017.81,0,0,0,0,,
2026-03-24,05:30,6.6,4.4,88.0,,4.8,4.8,1017.78,0,0,0,0,,
2026-03-24,05:45,6.3,3.9,87.0,NNE,3.2,6.4,1017.71,0,0,0,0,,
2026-03-24,06:00,6.1,3.9,86.0,NORTH,0.0,3.2,1017.88,0,0,0,0,,
2026-03-24,06:15,6.3,3.9,86.0,NORTH,0.0,1.6,1018.02,0,0,0,0,,
2026-03-24,06:30,6.0,3.3,85.0,NORTH,0.0,3.2,1018.42,0,0,0,9,,
2026-03-24,06:45,6.2,3.9,85.0,NORTH,0.0,3.2,1018.08,0,0,0,19,,
2026-03-24,07:00,6.0,3.3,85.0,NE,1.6,3.2,1018.59,0,0,0,53,,
2026-03-24,07:15,6.3,3.9,85.0,ENE,1.6,3.2,1018.56,0,0,0,100,,
2026-03-24,07:30,6.7,3.9,85.0,NORTH,0.0,0.0,1018.73,0,0,0,158,,
2026-03-24,07:45,7.7,5.0,83.0,NORTH,0.0,3.2,1018.83,0,0,0,211,,
2026-03-24,08:00,8.4,5.0,81.0,NORTH,0.0,3.2,1018.83,0,0,0,262,,
2026-03-24,08:15,8.3,5.0,79.0,NORTH,0.0,3.2,1019.2,0,0,1,318,,
2026-03-24,08:30,8.2,5.0,80.0,NW,3.2,4.8,1018.83,0,0,1,369,,
2026-03-24,08:45,8.6,5.6,82.0,NW,3.2,11.3,1019.37,0,0,1,420,,
2026-03-24,09:00,9.4,6.1,81.0,NW,8.0,12.9,1019.34,0,0,1,468,,
2026-03-24,09:15,9.7,6.1,80.0,NW,4.8,16.1,1019.68,0,0,2,515,,
2026-03-24,09:30,10.1,6.7,79.0,NW,11.3,14.5,1019.91,0,0,2,552,,
2026-03-24,09:45,10.7,6.7,75.0,NW,9.7,19.3,1019.98,0,0,2,598,,
2026-03-24,10:00,10.9,6.7,76.0,NW,20.9,24.1,1020.05,0,0,2,638,,
2026-03-24,10:15,11.5,6.7,74.0,NNW,8.0,17.7,1020.01,0,0,3,673,,
2026-03-24,10:30,12.2,6.7,71.0,NNW,12.9,19.3,1020.08,0,0,3,708,,
2026-03-24,10:45,12.6,6.7,68.0,NNW,8.0,20.9,1020.29,0,0,3,737,,
2026-03-24,11:00,13.1,6.7,67.0,NW,12.9,22.5,1020.42,0,0,3,765,,
2026-03-24,11:15,13.5,6.1,62.0,NNW,8.0,20.9,1020.15,0,0,3,789,,
2026-03-24,11:30,13.5,5.0,57.0,NW,27.4,27.4,1019.98,0,0,3,805,,
2026-03-24,11:45,14.0,5.6,57.0,NE,4.8,20.9,1020.39,0,0,4,821,,
2026-03-24,12:00,14.2,5.6,57.0,NNW,6.4,16.1,1019.98,0,0,4,831,,
2026-03-24,12:15,14.0,5.6,57.0,NW,6.4,14.5,1020.05,0,0,4,840,,
2026-03-24,12:30,14.6,6.1,57.0,NNW,3.2,12.9,1020.01,0,0,4,863,,
2026-03-24,12:45,14.7,5.6,55.0,NW,4.8,17.7,1019.74,0,0,2,294,,
2026-03-24,13:00,14.6,5.6,56.0,NW,1.6,20.9,1019.57,0,0,4,831,,
2026-03-24,13:15,14.9,5.6,55.0,NNW,4.8,11.3,1019.81,0,0,4,874,,
2026-03-24,13:30,15.4,5.6,52.0,NW,4.8,8.0,1019.47,0,0,3,902,,
2026-03-24,13:45,15.3,5.0,51.0,WNW,4.8,11.3,1019.44,0,0,2,294,,
2026-03-24,14:00,14.7,7.2,61.0,WNW,4.8,12.9,1019.44,0,0,2,214,,
2026-03-24,14:15,14.4,7.8,65.0,NW,4.8,14.5,1019.13,0,0,1,188,,
2026-03-24,14:30,14.9,8.3,66.0,WEST,6.4,22.5,1019.34,0,0,3,698,,
2026-03-24,14:45,14.9,8.3,64.0,WEST,6.4,22.5,1018.96,0,0,3,749,,
2026-03-24,15:00,14.7,8.3,65.0,WNW,4.8,29.0,1019.13,0,0,2,663,,
2026-03-24,15:15,14.4,7.8,64.0,,16.1,29.0,1019.07,0,0,2,306,,
2026-03-24,15:30,14.2,7.8,65.0,WNW,4.8,30.6,1019.07,0,0,1,95,,
2026-03-24,15:45,14.3,7.8,66.0,WNW,3.2,27.4,1019.37,0,0,2,524,,
2026-03-24,16:00,14.1,7.2,65.0,WEST,3.2,25.7,1019.2,0,0,1,468,,
2026-03-24,16:15,14.1,7.8,65.0,,9.7,22.5,1019,0,0,1,404,,
2026-03-24,16:30,14.1,7.8,66.0,,4.8,20.9,1019.03,0,0,1,360,,
2026-03-24,16:45,13.9,7.8,68.0,,6.4,17.7,1019.13,0,0,1,295,,
2026-03-24,17:00,13.8,7.8,69.0,,6.4,16.1,1019.1,0,0,0,246,,
2026-03-24,17:15,13.7,7.8,69.0,,8.0,14.5,1019.4,0,0,0,193,,
2026-03-24,17:30,13.4,7.2,68.0,,4.8,20.9,1019.27,0,0,0,141,,
2026-03-24,17:45,13.2,6.7,66.0,,4.8,17.7,1019.24,0,0,0,86,,
2026-03-24,18:00,12.9,6.7,67.0,WNW,6.4,11.3,1019.17,0,0,0,49,,
2026-03-24,18:15,12.7,7.2,71.0,WNW,4.8,11.3,1019.47,0,0,0,23,,
2026-03-24,18:30,12.3,7.2,73.0,,4.8,8.0,1019.51,0,0,0,11,,
2026-03-24,18:45,12.1,7.8,75.0,,4.8,6.4,1019.68,0,0,0,0,,
2026-03-24,19:00,11.8,7.8,77.0,WEST,1.6,6.4,1019.68,0,0,0,0,,
2026-03-24,19:15,11.3,7.8,79.0,WEST,3.2,4.8,1019.68,0,0,0,0,,
2026-03-24,19:30,11.0,7.8,81.0,WEST,1.6,6.4,1019.78,0,0,0,0,,
2026-03-24,19:45,10.8,7.8,83.0,WEST,3.2,4.8,1020.01,0,0,0,0,,
2026-03-24,20:00,10.7,7.8,84.0,,4.8,8.0,1020.32,0,0,0,0,,
2026-03-24,20:15,10.6,7.8,84.0,,4.8,9.7,1020.29,0,0,0,0,,
2026-03-24,20:30,10.4,7.8,85.0,,4.8,9.7,1020.42,0,0,0,0,,
2026-03-24,20:45,10.3,7.8,85.0,WNW,6.4,9.7,1020.56,0,0,0,0,,
2026-03-24,21:00,10.2,7.8,85.0,,4.8,8.0,1020.76,0,0,0,0,,
2026-03-24,21:15,9.9,7.2,86.0,WEST,1.6,6.4,1020.96,0,0,0,0,,
2026-03-24,21:30,9.9,7.8,86.0,WEST,3.2,4.8,1021.3,0,0,0,0,,
2026-03-24,21:45,9.8,7.2,86.0,WNW,1.6,4.8,1021.44,0,0,0,0,,
2026-03-24,22:00,9.6,7.2,86.0,NORTH,0.0,1.6,1021.57,0,0,0,0,,
2026-03-24,22:15,9.2,6.7,86.0,NORTH,0.0,1.6,1021.44,0,0,0,0,,
2026-03-24,22:30,9.0,6.7,87.0,NORTH,0.0,0.0,1021.5,0,0,0,0,,
2026-03-24,22:45,9.1,6.7,87.0,NORTH,0.0,1.6,1021.64,0,0,0,0,,
2026-03-24,23:00,9.2,7.2,88.0,NORTH,0.0,1.6,1021.64,0,0,0,0,,
2026-03-24,23:15,9.2,7.2,88.0,NORTH,0.0,3.2,1021.61,0,0,0,0,,
2026-03-24,23:30,9.2,7.2,88.0,NORTH,0.0,3.2,1021.64,0,0,0,0,,
2026-03-24,23:45,8.9,6.7,88.0,NORTH,0.0,0.0,1021.5,0,0,0,0,,
2026-03-24,OVR,,,,,,,,,,,,gustmax,30.6
2026-03-24,OVR,,,,,,,,,,,,rainrate_max,
2026-03-24,OVR,,,,,,,,,,,,rain_total_mm,
2026-03-24,OVR,,,,,,,,,,,,tmax,15.7
2026-03-24,OVR,,,,,,,,,,,,tmin,5.6
2026-03-24,OVR,,,,,,,,,,,,wind_dir_mean_deg,315.0
2026-03-25,00:00,8.7,6.7,88.0,NORTH,0.0,0.0,1021.47,0,0,0,0,,
2026-03-25,00:15,8.4,6.7,88.0,NORTH,0.0,1.6,1021.61,0,0,0,0,,
2026-03-25,00:30,8.2,6.1,88.0,NORTH,0.0,0.0,1021.2,0,0,0,0,,
2026-03-25,00:45,8.1,6.1,88.0,NORTH,0.0,0.0,1021.44,0,0,0,0,,
2026-03-25,01:00,8.1,6.1,89.0,NORTH,0.0,1.6,1021.27,0,0,0,0,,
2026-03-25,01:15,8.3,6.7,89.0,WEST,1.6,4.8,1021.13,0,0,0,0,,
2026-03-25,01:30,8.6,6.7,89.0,WEST,1.6,3.2,1021.3,0,0,0,0,,
2026-03-25,01:45,8.5,6.7,89.0,WEST,1.6,3.2,1020.89,0,0,0,0,,
2026-03-25,02:00,8.6,6.7,89.0,WNW,3.2,3.2,1021,0,0,0,0,,
2026-03-25,02:15,8.7,6.7,89.0,NORTH,0.0,4.8,1020.83,0,0,0,0,,
2026-03-25,02:30,8.8,6.7,89.0,WNW,1.6,3.2,1020.49,0,0,0,0,,
2026-03-25,02:45,8.6,6.7,89.0,NORTH,0.0,3.2,1020.69,0,0,0,0,,
2026-03-25,03:00,8.0,6.1,88.0,NORTH,0.0,3.2,1020.42,0,0,0,0,,
2026-03-25,03:15,7.5,5.6,88.0,NORTH,0.0,3.2,1020.18,0,0,0,0,,
2026-03-25,03:30,7.5,5.6,89.0,WNW,3.2,3.2,1020.32,0,0,0,0,,
2026-03-25,03:45,8.1,6.1,89.0,WNW,1.6,4.8,1020.05,0,0,0,0,,
2026-03-25,04:00,8.3,6.7,89.0,WNW,1.6,4.8,1019.91,0,0,0,0,,
2026-03-25,04:15,8.4,6.7,89.0,NORTH,0.0,4.8,1019.98,0,0,0,0,,
2026-03-25,04:30,8.4,6.7,89.0,NORTH,0.0,3.2,1019.74,0,0,0,0,,
2026-03-25,04:45,8.4,6.7,89.0,NORTH,0.0,4.8,1019.61,0,0,0,0,,
2026-03-25,05:00,8.1,6.1,88.0,NORTH,0.0,0.0,1019.91,0,0,0,0,,
2026-03-25,05:15,7.6,5.6,88.0,NORTH,0.0,0.0,1019.13,0,0,0,0,,
2026-03-25,05:30,7.6,5.6,88.0,NORTH,0.0,0.0,1019.51,0,0,0,0,,
2026-03-25,05:45,7.4,5.6,88.0,NORTH,0.0,0.0,1019.44,0,0,0,0,,
2026-03-25,06:00,7.4,5.6,88.0,NORTH,0.0,0.0,1019.47,0,0,0,0,,
2026-03-25,06:15,7.6,5.6,88.0,NORTH,0.0,0.0,1019.27,0,0,0,0,,
2026-03-25,06:30,7.7,5.6,89.0,NORTH,0.0,0.0,1019.2,0,0,0,11,,
2026-03-25,06:45,7.8,6.1,89.0,NORTH,0.0,0.0,1019.47,0,0,0,21,,
2026-03-25,07:00,8.0,6.1,89.0,NORTH,0.0,0.0,1019.57,0,0,0,67,,
2026-03-25,07:15,8.8,7.2,90.0,NORTH,0.0,0.0,1019.74,0,0,0,98,,
2026-03-25,07:30,9.2,7.2,89.0,NORTH,0.0,1.6,1019.4,0,0,0,172,,
2026-03-25,07:45,9.4,7.2,89.0,NORTH,0.0,3.2,1019.37,0,0,0,204,,
2026-03-25,08:00,9.8,7.8,89.0,NORTH,0.0,3.2,1019.47,0,0,0,109,,
2026-03-25,08:15,9.9,7.8,89.0,NNW,3.2,3.2,1019.37,0,0,1,320,,
2026-03-25,08:30,10.3,8.3,88.0,NNW,4.8,4.8,1019.3,0,0,1,396,,
2026-03-25,08:45,10.8,8.9,87.0,NW,3.2,4.8,1019.34,0,0,1,104,,
2026-03-25,09:00,11.2,8.9,87.0,WNW,4.8,9.7,1019.17,0,0,1,151,,
2026-03-25,09:15,11.4,8.9,86.0,WEST,4.8,19.3,1018.96,0,0,2,584,,
2026-03-25,09:30,11.4,8.9,85.0,,8.0,25.7,1019.2,0,0,2,592,,
2026-03-25,09:45,11.5,8.3,83.0,,8.0,22.5,1019.17,0,0,3,647,,
2026-03-25,10:00,11.7,8.9,83.0,WEST,9.7,20.9,1019.1,0,0,3,735,,
2026-03-25,10:15,12.3,8.3,79.0,WNW,4.8,24.1,1019.03,0,0,3,798,,
2026-03-25,10:30,12.6,8.3,76.0,NW,4.8,24.1,1019.2,0,0,2,816,,
2026-03-25,10:45,12.7,7.8,72.0,,12.9,20.9,1018.83,0,0,2,696,,
2026-03-25,11:00,13.0,7.8,70.0,,4.8,17.7,1018.86,0,0,4,807,,
2026-03-25,11:15,13.0,7.2,68.0,NW,4.8,22.5,1018.59,0,0,4,301,,
2026-03-25,11:30,13.7,7.2,65.0,,6.4,17.7,1018.35,0,0,4,847,,
2026-03-25,11:45,13.6,7.8,68.0,,4.8,17.7,1018.19,0,0,5,912,,
2026-03-25,12:00,13.9,6.7,63.0,,4.8,8.0,1018.05,0,0,5,851,,
2026-03-25,12:15,14.2,6.7,61.0,,6.4,12.9,1017.91,0,0,5,860,,
2026-03-25,12:30,14.3,6.1,59.0,,6.4,20.9,1017.75,0,0,5,874,,
2026-03-25,12:45,14.5,7.2,62.0,,3.2,16.1,1017.34,0,0,5,884,,
2026-03-25,13:00,14.4,6.7,61.0,,6.4,19.3,1017.17,0,0,5,846,,
2026-03-25,13:15,14.6,6.1,57.0,,6.4,16.1,1017.27,0,0,4,826,,
2026-03-25,13:30,14.7,5.6,55.0,,3.2,17.7,1016.93,0,0,4,809,,
2026-03-25,13:45,14.9,5.6,53.0,,4.8,9.7,1016.63,0,0,4,796,,
2026-03-25,14:00,14.9,3.9,49.0,,4.8,11.3,1016.56,0,0,4,775,,
2026-03-25,14:15,14.6,3.9,49.0,,8.0,19.3,1016.22,0,0,4,765,,
2026-03-25,14:30,14.4,5.0,53.0,,8.0,8.0,1016.32,0,0,3,381,,
2026-03-25,14:45,14.1,5.6,56.0,,3.2,12.9,1015.95,0,0,2,176,,
2026-03-25,15:00,14.0,7.2,64.0,,4.8,14.5,1015.78,0,0,3,649,,
2026-03-25,15:15,14.0,7.2,64.0,,6.4,22.5,1015.88,0,0,2,612,,
2026-03-25,15:30,14.1,7.2,65.0,NE,8.0,9.7,1015.58,0,0,2,610,,
2026-03-25,15:45,13.6,7.2,67.0,,6.4,16.1,1015.44,0,0,2,543,,
2026-03-25,16:00,13.6,7.8,69.0,,4.8,8.0,1015.1,0,0,1,506,,
2026-03-25,16:15,13.0,7.2,68.0,,6.4,16.1,1014.7,0,0,1,162,,
2026-03-25,16:30,13.4,6.7,64.0,,8.0,12.9,1014.87,0,0,1,355,,
2026-03-25,16:45,13.4,6.7,63.0,SE,4.8,16.1,1014.63,0,0,1,220,,
2026-03-25,17:00,13.3,5.6,60.0,,4.8,16.1,1014.49,0,0,1,265,,
2026-03-25,17:15,13.6,6.1,61.0,,4.8,8.0,1014.39,0,0,0,195,,
2026-03-25,17:30,13.1,7.2,69.0,,6.4,12.9,1014.33,0,0,0,139,,
2026-03-25,17:45,12.9,7.8,73.0,,4.8,12.9,1014.09,0,0,0,83,,
2026-03-25,18:00,12.8,8.3,75.0,,4.8,16.1,1013.82,0,0,0,67,,
2026-03-25,18:15,12.6,8.3,76.0,,6.4,19.3,1013.72,0,0,0,35,,
2026-03-25,18:30,12.3,8.3,79.0,,4.8,8.0,1013.48,0,0,0,14,,
2026-03-25,18:45,11.9,8.3,80.0,,4.8,8.0,1013.24,0,0,0,0,,
2026-03-25,19:00,11.6,8.3,82.0,,4.8,9.7,1013.41,0,0,0,0,,
2026-03-25,19:15,11.5,8.3,83.0,,3.2,8.0,1013.17,0,0,0,0,,
2026-03-25,19:30,11.3,8.3,84.0,,8.0,19.3,1013.14,0,0,0,0,,
2026-03-25,19:45,11.3,8.9,85.0,,8.0,14.5,1013.07,0,0,0,0,,
2026-03-25,20:00,11.3,8.9,86.0,,6.4,17.7,1013.11,0,0,0,0,,
2026-03-25,20:15,11.2,8.9,87.0,,6.4,25.7,1013.07,0,0,0,0,,
2026-03-25,20:30,10.9,8.9,87.0,,8.0,25.7,1012.9,0,0,0,0,,
2026-03-25,20:45,10.9,8.9,88.0,,24.1,27.4,1012.8,0,0,0,0,,
2026-03-25,21:00,10.8,8.9,88.0,WNW,11.3,27.4,1013.04,0,0,0,0,,
2026-03-25,21:15,10.8,8.9,88.0,WNW,11.3,24.1,1012.87,0,0,0,0,,
2026-03-25,21:30,10.7,8.9,89.0,WNW,11.3,24.1,1012.77,0,0,0,0,,
2026-03-25,21:45,10.7,8.9,89.0,WNW,3.2,22.5,1012.43,0,0,0,0,,
2026-03-25,22:00,10.6,8.9,89.0,,17.7,20.9,1012.36,0,0,0,0,,
2026-03-25,22:15,10.7,8.9,90.0,,22.5,35.4,1011.92,0,0,0,0,,
2026-03-25,22:30,10.7,8.9,90.0,WEST,14.5,35.4,1012.06,0,0,0,0,,
2026-03-25,22:45,10.8,8.9,90.0,,9.7,25.7,1011.99,0,0,0,0,,
2026-03-25,23:00,10.8,8.9,90.0,,14.5,29.0,1011.82,0,0,0,0,,
2026-03-25,23:15,10.8,8.9,90.0,WEST,30.6,32.2,1011.65,0,0,0,0,,
2026-03-25,23:30,10.8,8.9,90.0,WNW,19.3,43.5,1011.21,0,0,0,0,,
2026-03-25,23:45,10.9,9.4,90.0,WNW,14.5,45.1,1010.97,0,0,0,0,,
2026-03-25,OVR,,,,,,,,,,,,gustmax,45.1
2026-03-25,OVR,,,,,,,,,,,,rainrate_max,
2026-03-25,OVR,,,,,,,,,,,,rain_total_mm,
2026-03-25,OVR,,,,,,,,,,,,tmax,15.1
2026-03-25,OVR,,,,,,,,,,,,tmin,7.4
2026-03-25,OVR,,,,,,,,,,,,wind_dir_mean_deg,0.0
2026-03-26,00:00,10.9,8.9,90.0,WEST,32.2,41.8,1010.97,0,0,0,0,,
2026-03-26,00:15,11.0,8.9,89.0,,19.3,43.5,1010.43,0,0,0,0,,
2026-03-26,00:30,11.2,8.9,88.0,WNW,17.7,45.1,1010.26,0,0,0,0,,
2026-03-26,00:45,11.3,8.9,87.0,WEST,30.6,40.2,1010.26,0,0,0,0,,
2026-03-26,01:00,11.4,8.9,86.0,,33.8,43.5,1009.65,0,0,0,0,,
2026-03-26,01:15,11.5,8.9,85.0,,33.8,59.5,1010.19,0,0,0,0,,
2026-03-26,01:30,11.3,8.9,84.0,,27.4,56.3,1009.96,0,0,0,0,,
2026-03-26,01:45,11.3,8.3,83.0,WEST,27.4,45.1,1009.35,0,0,0,0,,
2026-03-26,02:00,11.4,8.3,82.0,,25.7,45.1,1008.94,0,0,0,0,,
2026-03-26,02:15,11.1,6.1,73.0,,29.0,61.2,1008.84,0,0,0,0,,
2026-03-26,02:30,11.3,6.1,71.0,,24.1,59.5,1008.64,0,0,0,0,,
2026-03-26,02:45,10.9,5.0,68.0,WEST,48.3,46.7,1008.57,0,0,0,0,,
2026-03-26,03:00,10.9,5.0,67.0,WNW,25.7,41.8,1008.53,0,0,0,0,,
2026-03-26,03:15,10.8,5.0,67.0,,37.0,46.7,1008.3,0,0,0,0,,
2026-03-26,03:30,10.8,5.0,69.0,,4.8,56.3,1008.2,0,0,0,0,,
2026-03-26,03:45,10.6,4.4,68.0,,25.7,53.1,1007.82,0,0,0,0,,
2026-03-26,04:00,10.6,4.4,66.0,,30.6,49.9,1007.72,0,0,0,0,,
2026-03-26,04:15,10.4,4.4,68.0,,25.7,49.9,1007.59,0,0,0,0,,
2026-03-26,04:30,10.4,3.9,66.0,,4.8,46.7,1007.72,0,0,0,0,,
2026-03-26,04:45,10.2,4.4,69.0,,9.7,43.5,1007.48,0,0,0,0,,
2026-03-26,05:00,9.9,4.4,68.0,,9.7,45.1,1007.48,0,0,0,0,,
2026-03-26,05:15,9.7,3.3,65.0,NNE,6.4,53.1,1007.32,0,0,0,0,,
2026-03-26,05:30,9.5,2.8,63.0,,25.7,53.1,1007.32,0,0,0,0,,
2026-03-26,05:45,9.3,2.2,61.0,,12.9,51.5,1007.42,0,0,0,0,,
2026-03-26,06:00,9.3,2.8,63.0,,12.9,56.3,1007.35,0,0,0,0,,
2026-03-26,06:15,9.2,2.8,64.0,,20.9,49.9,1007.52,0,0,0,0,,
2026-03-26,06:30,9.0,2.8,66.0,,43.5,51.5,1007.32,0,0,0,0,,
2026-03-26,06:45,9.0,3.3,68.0,,12.9,57.9,1007.48,0,0,0,0,,
2026-03-26,07:00,8.8,2.8,66.0,,32.2,57.9,1007.79,0,0,0,9,,
2026-03-26,07:15,8.7,2.2,65.0,,33.8,66.0,1007.69,0,0,0,28,,
2026-03-26,07:30,8.5,2.8,67.0,,41.8,66.0,1007.48,0,0,0,46,,
2026-03-26,07:45,8.6,2.8,67.0,,41.8,62.8,1007.45,0,0,0,51,,
2026-03-26,08:00,8.7,1.1,59.0,,51.5,62.8,1007.69,0,0,0,104,,
2026-03-26,08:15,8.7,0.6,56.0,,27.4,59.5,1007.32,0,0,0,104,,
2026-03-26,08:30,8.3,0.0,57.0,,25.7,77.2,1007.86,0,0,0,109,,
2026-03-26,08:45,8.4,0.0,56.0,,29.0,64.4,1007.72,0,0,0,155,,
2026-03-26,09:00,8.5,0.6,57.0,,46.7,61.2,1007.48,0,0,1,207,,
2026-03-26,09:15,8.6,0.6,58.0,,35.4,69.2,1007.32,0,0,1,241,,
2026-03-26,09:30,8.6,-0.6,53.0,,27.4,64.4,1006.98,0,0,1,200,,
2026-03-26,09:45,8.6,1.1,59.0,,33.8,59.5,1006.98,0,0,1,158,,
2026-03-26,10:00,8.8,1.1,59.0,,45.1,77.2,1007.08,0,0,1,236,,
2026-03-26,10:15,8.9,1.7,60.0,,30.6,70.8,1006.84,0,0,1,258,,
2026-03-26,10:30,8.8,1.7,60.0,,24.1,72.4,1006.27,0,0,1,241,,
2026-03-26,10:45,9.1,1.1,58.0,,40.2,74.0,1006.57,0,0,1,362,,
2026-03-26,11:00,9.2,2.2,61.0,,29.0,80.5,1006.16,0,0,3,432,,
2026-03-26,11:15,8.9,1.1,59.0,,29.0,78.9,1006.23,0,0,4,281,,
2026-03-26,11:30,9.2,1.7,60.0,,75.6,83.7,1006.13,0,0,2,213,,
2026-03-26,11:45,9.4,1.1,57.0,,54.7,96.6,1005.72,0,0,2,436,,
2026-03-26,12:00,9.5,1.7,59.0,,37.0,82.1,1005.69,0,0,5,649,,
2026-03-26,12:15,9.2,1.7,61.0,,43.5,86.9,1005.45,0,0,5,167,,
2026-03-26,12:30,9.3,1.1,58.0,,38.6,85.3,1005.11,0,0,3,316,,
2026-03-26,12:45,9.6,1.7,59.0,,66.0,93.3,1004.98,0,0,3,520,,
2026-03-26,13:00,9.6,0.6,55.0,,57.9,88.5,1005.28,0,0,2,237,,
2026-03-26,13:15,9.1,1.1,58.0,,56.3,88.5,1004.64,0,0,2,334,,
2026-03-26,13:30,9.7,1.1,56.0,,59.5,99.8,1004.94,0,0,4,888,,
2026-03-26,13:45,9.8,2.2,60.0,,69.2,90.1,1004.88,0,0,3,362,,
2026-03-26,14:00,8.9,1.1,58.0,,61.2,85.3,1005.66,0,0,2,218,,
2026-03-26,14:15,9.3,1.7,60.0,,49.9,85.3,1004.84,0,0,3,854,,
2026-03-26,14:30,8.9,1.7,62.0,,46.7,82.1,1004.98,0,0,4,949,,
2026-03-26,14:45,8.4,2.2,66.0,,77.2,90.1,1004.74,0,0,3,731,,
2026-03-26,15:00,7.7,1.7,67.0,,57.9,85.3,1004.67,0,0,2,167,,
2026-03-26,15:15,8.3,1.1,62.0,,32.2,82.1,1004.74,0,0,1,144,,
2026-03-26,15:30,8.1,1.7,65.0,,41.8,95.0,1004.4,0,0,1,128,,
2026-03-26,15:45,6.9,1.7,70.0,,51.5,78.9,1004.54,0,0,1,176,,
2026-03-26,16:00,6.6,1.7,72.0,,33.8,77.2,1004.3,0,0,0,53,,
2026-03-26,16:15,7.3,2.2,72.0,,38.6,66.0,1004.61,0,0,1,128,,
2026-03-26,16:30,7.3,2.2,70.0,,32.2,66.0,1004.44,0,0,0,77,,
2026-03-26,16:45,6.8,1.7,71.0,,38.6,70.8,1004.44,0,0,0,53,,
2026-03-26,17:00,6.8,1.7,72.0,,30.6,62.8,1004.5,0,0,0,97,,
2026-03-26,17:15,7.6,2.2,68.0,,14.5,57.9,1004.27,0,0,0,35,,
2026-03-26,17:30,7.3,1.7,69.0,,43.5,64.4,1004.47,0,0,0,69,,
2026-03-26,17:45,7.0,1.7,70.0,,32.2,57.9,1004.64,0,0,0,19,,
2026-03-26,18:00,6.8,2.2,73.0,,14.5,53.1,1004.47,0,0,0,60,,
2026-03-26,18:15,7.2,1.7,70.0,,6.4,40.2,1004.37,0,0,0,26,,
2026-03-26,18:30,7.6,1.7,67.0,,4.8,25.7,1004.3,0,0,0,0,,
2026-03-26,18:45,7.7,1.7,66.0,,4.8,25.7,1004.23,0,0,0,0,,
2026-03-26,19:00,7.6,1.7,67.0,,3.2,14.5,1004.3,0,0,0,0,,
2026-03-26,19:15,7.7,1.7,67.0,,4.8,14.5,1004.5,0,0,0,0,,
2026-03-26,19:30,7.8,1.7,66.0,,6.4,27.4,1004.61,0,0,0,0,,
2026-03-26,19:45,7.8,1.7,66.0,,3.2,30.6,1004.54,0,0,0,0,,
2026-03-26,20:00,7.8,2.2,67.0,,6.4,12.9,1004.67,0,0,0,0,,
2026-03-26,20:15,7.7,2.2,68.0,,4.8,6.4,1004.61,0,0,0,0,,
2026-03-26,20:30,7.8,2.2,68.0,WEST,3.2,8.0,1004.61,0,0,0,0,,
2026-03-26,20:45,8.1,2.2,68.0,,3.2,19.3,1004.94,0,0,0,0,,
2026-03-26,21:00,7.7,2.8,71.0,,6.4,45.1,1004.91,0,0,0,0,,
2026-03-26,21:15,7.8,2.8,72.0,,4.8,29.0,1005.22,0,0,0,0,,
2026-03-26,21:30,7.7,2.8,72.0,,6.4,14.5,1005.05,0,0,0,0,,
2026-03-26,21:45,7.6,2.8,73.0,,4.8,30.6,1005.05,0,0,0,0,,
2026-03-26,22:00,7.8,3.3,73.0,,4.8,19.3,1005.25,0,0,0,0,,
2026-03-26,22:15,7.8,2.8,72.0,,3.2,6.4,1005.42,0,0,0,0,,
2026-03-26,22:30,7.7,2.8,72.0,,3.2,14.5,1005.55,0,0,0,0,,
2026-03-26,22:45,7.7,2.8,71.0,,3.2,8.0,1005.59,0,0,0,0,,
2026-03-26,23:00,7.8,2.8,71.0,,3.2,4.8,1005.22,0,0,0,0,,
2026-03-26,23:15,7.8,2.8,72.0,,3.2,4.8,1005.32,0,0,0,0,,
2026-03-26,23:30,7.9,3.3,74.0,,3.2,8.0,1005.35,0,0,0,0,,
2026-03-26,23:45,7.8,3.3,74.0,,3.2,6.4,1005.28,0,0,0,0,,
2026-03-26,OVR,,,,,,,,,,,,gustmax,101.4
2026-03-26,OVR,,,,,,,,,,,,rainrate_max,
2026-03-26,OVR,,,,,,,,,,,,rain_total_mm,
2026-03-26,OVR,,,,,,,,,,,,tmax,11.6
2026-03-26,OVR,,,,,,,,,,,,tmin,6.5
2026-03-26,OVR,,,,,,,,,,,,wind_dir_mean_deg,0.0
2026-03-27,00:00,7.8,3.3,75.0,,3.2,6.4,1005.49,0,0,0,0,,
2026-03-27,00:15,7.9,3.9,76.0,,3.2,9.7,1005.25,0,0,0,0,,
2026-03-27,00:30,7.9,3.9,78.0,,1.6,12.9,1005.25,0,0,0,0,,
2026-03-27,00:45,7.9,4.4,80.0,WEST,3.2,12.9,1005.38,0,0,0,0,,
2026-03-27,01:00,7.8,4.4,81.0,,3.2,12.9,1005.05,0,0,0,0,,
2026-03-27,01:15,7.7,4.4,81.0,,3.2,4.8,1004.81,0,0,0,0,,
2026-03-27,01:30,7.6,4.4,82.0,,4.8,4.8,1004.78,0,0,0,0,,
2026-03-27,01:45,7.5,4.4,82.0,,1.6,4.8,1004.94,0,0,0,0,,
2026-03-27,02:00,6.8,3.3,80.0,,1.6,4.8,1005.11,0,0,0,0,,
2026-03-27,02:15,6.7,3.3,79.0,,1.6,6.4,1005.32,0,0,0,0,,
2026-03-27,02:30,6.7,2.8,78.0,,3.2,8.0,1004.74,0,0,0,0,,
2026-03-27,02:45,6.9,3.3,78.0,,3.2,8.0,1004.84,0,0,0,0,,
2026-03-27,03:00,7.4,3.9,78.0,,3.2,6.4,1004.78,0,0,0,0,,
2026-03-27,03:15,7.5,3.9,78.0,,4.8,8.0,1005.01,0,0,0,0,,
2026-03-27,03:30,7.1,2.8,74.0,,4.8,8.0,1004.91,0,0,0,0,,
2026-03-27,03:45,7.3,2.8,74.0,,3.2,4.8,1004.78,0,0,0,0,,
2026-03-27,04:00,7.6,3.9,77.0,,3.2,6.4,1004.74,0,0,0,0,,
2026-03-27,04:15,7.7,4.4,80.0,,6.4,6.4,1004.64,0,0,0,0,,
2026-03-27,04:30,7.7,4.4,81.0,,4.8,9.7,1004.88,0,0,0,0,,
2026-03-27,04:45,7.6,4.4,81.0,,4.8,9.7,1004.91,0,0,0,0,,
2026-03-27,05:00,7.7,3.9,79.0,,3.2,17.7,1005.08,0,0,0,0,,
2026-03-27,05:15,7.6,3.9,78.0,,4.8,9.7,1005.22,0,0,0,0,,
2026-03-27,05:30,7.5,3.3,76.0,,3.2,6.4,1005.55,0,0,0,0,,
2026-03-27,05:45,7.7,3.9,78.0,NNW,3.2,14.5,1005.66,0,0,0,0,,
2026-03-27,06:00,7.7,4.4,80.0,,3.2,24.1,1005.79,0,0,0,0,,
2026-03-27,06:15,7.6,4.4,82.0,,6.4,20.9,1005.66,0,0,0,0,,
2026-03-27,06:30,7.6,4.4,82.0,,22.5,14.5,1005.93,0,0,0,0,,
2026-03-27,06:45,6.7,3.3,80.0,,4.8,24.1,1006.2,0,0,0,0,,
2026-03-27,07:00,6.3,1.7,73.0,,4.8,22.5,1006.23,0,0,0,0,,
2026-03-27,07:15,7.1,2.8,74.0,,1.6,14.5,1006.5,0,0,0,0,,
2026-03-27,07:30,7.8,3.9,77.0,,3.2,19.3,1006.5,0,0,0,19,,
2026-03-27,07:45,7.8,3.9,78.0,NORTH,0.0,12.9,1006.54,0,0,0,28,,
2026-03-27,08:00,7.9,4.4,80.0,,9.7,19.3,1006.37,0,0,0,40,,
2026-03-27,08:15,7.1,2.8,76.0,,4.8,25.7,1006.81,0,0,0,25,,
2026-03-27,08:30,7.2,2.8,74.0,,4.8,4.8,1006.5,0,0,0,76,,
2026-03-27,08:45,8.2,4.4,77.0,,3.2,9.7,1006.47,0,0,1,441,,
2026-03-27,09:00,8.9,5.0,76.0,,24.1,43.5,1006.54,0,0,1,269,,
2026-03-27,09:15,9.0,4.4,75.0,,16.1,48.3,1006.6,0,0,1,179,,
2026-03-27,09:30,8.6,3.9,75.0,,35.4,40.2,1006.64,0,0,1,139,,
2026-03-27,09:45,8.9,3.9,73.0,,16.1,51.5,1006.98,0,0,1,223,,
2026-03-27,10:00,9.4,4.4,72.0,,22.5,43.5,1006.94,0,0,1,243,,
2026-03-27,10:15,9.0,4.4,73.0,,25.7,45.1,1007.11,0,0,1,216,,
2026-03-27,10:30,9.3,4.4,71.0,,19.3,40.2,1006.91,0,0,1,229,,
2026-03-27,10:45,9.6,4.4,70.0,,6.4,33.8,1006.91,0,0,3,338,,
2026-03-27,11:00,9.8,4.4,70.0,,4.8,22.5,1006.74,0,0,2,322,,
2026-03-27,11:15,9.9,4.4,69.0,,4.8,12.9,1006.74,0,0,4,218,,
2026-03-27,11:30,10.1,4.4,69.0,,4.8,20.9,1006.71,0,0,4,835,,
2026-03-27,11:45,10.3,5.0,69.0,,3.2,19.3,1006.71,0,0,4,926,,
2026-03-27,12:00,10.6,4.4,67.0,,4.8,14.5,1006.57,0,0,4,900,,
2026-03-27,12:15,10.7,3.9,64.0,,3.2,20.9,1006.91,0,0,4,877,,
2026-03-27,12:30,10.9,5.0,67.0,,3.2,27.4,1006.74,0,0,4,997,,
2026-03-27,12:45,11.1,5.0,66.0,,17.7,37.0,1006.54,0,0,4,863,,
2026-03-27,13:00,10.9,5.0,67.0,,4.8,37.0,1006.81,0,0,4,854,,
2026-03-27,13:15,11.4,5.0,65.0,,20.9,38.6,1006.54,0,0,4,912,,
2026-03-27,13:30,11.0,5.0,68.0,,22.5,46.7,1006.37,0,0,4,904,,
2026-03-27,13:45,10.6,5.6,71.0,,22.5,33.8,1006.87,0,0,4,882,,
2026-03-27,14:00,10.6,5.0,69.0,,25.7,37.0,1006.91,0,0,3,870,,
2026-03-27,14:15,10.0,3.9,67.0,,4.8,32.2,1006.98,0,0,3,884,,
2026-03-27,14:30,9.2,3.9,71.0,,3.2,35.4,1007.32,0,0,0,69,,
2026-03-27,14:45,8.1,3.9,77.0,,3.2,6.4,1007.28,0.51,0.51,1,120,,
2026-03-27,15:00,8.2,5.0,82.0,,1.6,6.4,1006.84,0.51,0.51,1,98,,
2026-03-27,15:15,8.6,5.6,84.0,WSW,1.6,6.4,1006.87,0.51,0,2,541,,
2026-03-27,15:30,9.6,6.1,81.0,,1.6,4.8,1006.71,0.51,0,2,568,,
2026-03-27,15:45,10.6,7.2,79.0,,4.8,8.0,1006.77,0.51,0,2,527,,
2026-03-27,16:00,11.3,6.1,72.0,,4.8,9.7,1006.91,0.51,0,1,512,,
2026-03-27,16:15,12.0,5.6,64.0,,4.8,17.7,1006.74,0.51,0,1,448,,
2026-03-27,16:30,12.3,4.4,60.0,,6.4,35.4,1006.84,0.51,0,1,376,,
2026-03-27,16:45,12.3,3.9,57.0,,4.8,29.0,1007.21,0.51,0,1,406,,
2026-03-27,17:00,12.2,3.3,56.0,,17.7,29.0,1007.28,0.51,0,1,234,,
2026-03-27,17:15,11.9,2.8,53.0,,12.9,32.2,1007.69,0.51,0,0,127,,
2026-03-27,17:30,11.6,2.8,56.0,,4.8,8.0,1007.69,0.51,0,0,142,,
2026-03-27,17:45,11.3,2.8,57.0,,4.8,29.0,1008.33,0.51,0,0,95,,
2026-03-27,18:00,11.1,2.8,58.0,,3.2,12.9,1008.43,0.51,0,0,62,,
2026-03-27,18:15,10.7,2.8,59.0,,3.2,6.4,1008.74,0.51,0,0,42,,
2026-03-27,18:30,10.6,2.2,58.0,,3.2,6.4,1009.04,0.51,0,0,14,,
2026-03-27,18:45,10.1,1.7,56.0,,3.2,6.4,1009.18,0.51,0,0,0,,
2026-03-27,19:00,9.8,1.1,56.0,,3.2,4.8,1009.55,0.51,0,0,0,,
2026-03-27,19:15,9.4,1.1,57.0,,1.6,3.2,1009.89,0.51,0,0,0,,
2026-03-27,19:30,9.2,1.1,57.0,,1.6,4.8,1010.06,0.51,0,0,0,,
2026-03-27,19:45,8.9,0.6,56.0,,1.6,4.8,1010.3,0.51,0,0,0,,
2026-03-27,20:00,8.8,0.6,56.0,,3.2,4.8,1010.63,0.51,0,0,0,,
2026-03-27,20:15,8.7,0.6,57.0,,3.2,3.2,1010.94,0.51,0,0,0,,
2026-03-27,20:30,8.6,0.6,59.0,,1.6,4.8,1011.14,0.51,0,0,0,,
2026-03-27,20:45,8.5,1.1,60.0,,3.2,4.8,1011.01,0.51,0,0,0,,
2026-03-27,21:00,8.4,1.1,60.0,,1.6,4.8,1011.11,0.51,0,0,0,,
2026-03-27,21:15,8.4,1.1,61.0,,3.2,4.8,1011.28,0.51,0,0,0,,
2026-03-27,21:30,8.3,1.1,62.0,,1.6,4.8,1011.41,0.51,0,0,0,,
2026-03-27,21:45,8.3,1.1,62.0,NNW,3.2,4.8,1011.34,0.51,0,0,0,,
2026-03-27,22:00,8.1,1.1,63.0,,4.8,4.8,1011.34,0.51,0,0,0,,
2026-03-27,22:15,7.9,1.1,64.0,,3.2,4.8,1011.38,0.51,0,0,0,,
2026-03-27,22:30,7.8,1.1,64.0,,3.2,4.8,1011.45,0.51,0,0,0,,
2026-03-27,22:45,7.7,1.1,65.0,NNW,1.6,3.2,1011.72,0.51,0,0,0,,
2026-03-27,23:00,7.6,1.1,65.0,NORTH,0.0,3.2,1011.82,0.51,0,0,0,,
2026-03-27,23:15,7.4,1.7,66.0,,1.6,3.2,1011.92,0.51,0,0,0,,
2026-03-27,23:30,7.4,1.7,68.0,NW,3.2,4.8,1011.85,0.51,0,0,0,,
2026-03-27,23:45,7.2,1.7,69.0,NORTH,0.0,3.2,1012.02,0.51,0,0,0,,
2026-03-27,OVR,,,,,,,,,,,,gustmax,51.5
2026-03-27,OVR,,,,,,,,,,,,rainrate_max,2.6
2026-03-27,OVR,,,,,,,,,,,,rain_total_mm,0.6
2026-03-27,OVR,,,,,,,,,,,,tmax,12.4
2026-03-27,OVR,,,,,,,,,,,,tmin,6.2
2026-03-27,OVR,,,,,,,,,,,,wind_dir_mean_deg,0.0
2026-03-28,00:00,7.3,1.7,70.0,,1.6,4.8,1012.19,0,0,0,0,,
2026-03-28,00:15,7.3,2.2,70.0,,1.6,4.8,1012.12,0,0,0,0,,
2026-03-28,00:30,7.3,2.2,71.0,,1.6,4.8,1012.19,0,0,0,0,,
2026-03-28,00:45,7.3,2.2,71.0,,3.2,4.8,1012.26,0,0,0,0,,
2026-03-28,01:00,7.2,2.2,71.0,,3.2,3.2,1012.16,0,0,0,0,,
2026-03-28,01:15,7.2,2.2,71.0,,3.2,4.8,1012.5,0,0,0,0,,
2026-03-28,01:30,7.2,2.2,71.0,,3.2,3.2,1012.53,0,0,0,0,,
2026-03-28,01:45,7.4,2.8,72.0,,3.2,4.8,1012.67,0,0,0,0,,
2026-03-28,02:00,7.4,2.2,72.0,,1.6,3.2,1012.77,0,0,0,0,,
2026-03-28,02:15,7.6,2.8,72.0,WNW,1.6,4.8,1012.39,0,0,0,0,,
2026-03-28,02:30,7.7,2.8,72.0,,1.6,4.8,1012.53,0,0,0,0,,
2026-03-28,02:45,7.4,2.2,72.0,NORTH,0.0,3.2,1012.6,0,0,0,0,,
2026-03-28,03:00,6.9,1.7,72.0,NORTH,0.0,0.0,1012.33,0,0,0,0,,
2026-03-28,03:15,6.5,1.7,72.0,NORTH,0.0,1.6,1012.43,0,0,0,0,,
2026-03-28,03:30,6.7,2.2,73.0,NORTH,0.0,3.2,1012.36,0,0,0,0,,
2026-03-28,03:45,6.8,2.2,74.0,NORTH,0.0,3.2,1012.63,0,0,0,0,,
2026-03-28,04:00,7.1,2.8,74.0,NORTH,0.0,3.2,1012.33,0,0,0,0,,
2026-03-28,04:15,7.2,2.8,75.0,,1.6,3.2,1012.5,0,0,0,0,,
2026-03-28,04:30,7.3,2.8,75.0,,1.6,4.8,1012.53,0,0,0,0,,
2026-03-28,04:45,7.6,3.3,76.0,,3.2,4.8,1012.8,0,0,0,0,,
2026-03-28,05:00,7.4,3.3,76.0,,1.6,3.2,1012.73,0,0,0,0,,
2026-03-28,05:15,7.2,2.8,76.0,NORTH,0.0,3.2,1012.7,0,0,0,0,,
2026-03-28,05:30,7.1,2.8,76.0,NNW,1.6,3.2,1013,0,0,0,0,,
2026-03-28,05:45,6.9,2.8,76.0,NORTH,0.0,1.6,1012.9,0,0,0,0,,
2026-03-28,06:00,6.9,2.8,76.0,NORTH,0.0,3.2,1013,0,0,0,0,,
2026-03-28,06:15,6.9,2.8,76.0,,1.6,3.2,1013.04,0,0,0,0,,
2026-03-28,06:30,6.8,2.8,76.0,NORTH,0.0,1.6,1013.31,0,0,0,12,,
2026-03-28,06:45,6.8,2.8,76.0,NORTH,0.0,0.0,1013.34,0,0,0,39,,
2026-03-28,07:00,7.1,3.3,77.0,NORTH,0.0,0.0,1013.44,0,0,0,79,,
2026-03-28,07:15,7.6,3.3,76.0,,1.6,3.2,1013.55,0,0,0,142,,
2026-03-28,07:30,8.4,3.9,73.0,NORTH,0.0,0.0,1013.58,0,0,0,200,,
2026-03-28,07:45,8.7,3.9,73.0,,1.6,3.2,1013.55,0,0,0,258,,
2026-03-28,08:00,9.2,4.4,72.0,NORTH,0.0,3.2,1013.55,0,0,1,309,,
2026-03-28,08:15,9.6,4.4,71.0,,1.6,3.2,1013.65,0,0,1,364,,
2026-03-28,08:30,9.9,4.4,70.0,,3.2,4.8,1013.68,0,0,1,417,,
2026-03-28,08:45,10.2,4.4,69.0,,4.8,6.4,1013.65,0,0,1,466,,
2026-03-28,09:00,10.3,5.0,70.0,,3.2,6.4,1013.88,0,0,2,512,,
2026-03-28,09:15,10.7,5.6,72.0,,1.6,6.4,1013.95,0,0,2,552,,
2026-03-28,09:30,10.8,6.1,73.0,WEST,4.8,12.9,1013.95,0,0,2,606,,
2026-03-28,09:45,11.2,6.7,73.0,,1.6,16.1,1014.16,0,0,2,120,,
2026-03-28,10:00,11.2,6.1,71.0,,4.8,9.7,1014.02,0,0,2,821,,
2026-03-28,10:15,10.8,6.1,73.0,,3.2,8.0,1013.95,0,0,2,260,,
2026-03-28,10:30,11.2,6.1,73.0,,4.8,24.1,1013.99,0,0,3,749,,
2026-03-28,10:45,11.4,6.1,70.0,,3.2,6.4,1014.22,0,0,4,824,,
2026-03-28,11:00,11.8,6.1,69.0,,4.8,6.4,1013.99,0,0,4,856,,
2026-03-28,11:15,11.8,6.1,68.0,,3.2,24.1,1014.16,0,0,4,902,,
2026-03-28,11:30,11.6,5.6,68.0,,3.2,16.1,1014.02,0,0,4,918,,
2026-03-28,11:45,11.7,5.6,67.0,,3.2,16.1,1014.16,0,0,5,909,,
2026-03-28,12:00,11.9,5.6,66.0,,3.2,25.7,1013.85,0,0,4,895,,
2026-03-28,12:15,12.1,5.6,65.0,,9.7,22.5,1013.72,0,0,5,947,,
2026-03-28,12:30,12.2,5.6,64.0,,3.2,17.7,1013.51,0,0,5,888,,
2026-03-28,12:45,12.2,5.0,63.0,,3.2,16.1,1013.58,0,0,5,847,,
2026-03-28,13:00,12.3,5.6,63.0,,4.8,9.7,1013.38,0,0,5,837,,
2026-03-28,13:15,12.2,5.0,62.0,,3.2,14.5,1013.58,0,0,5,849,,
2026-03-28,13:30,12.5,5.6,64.0,,3.2,8.0,1013.24,0,0,4,842,,
2026-03-28,13:45,12.2,5.6,64.0,,8.0,25.7,1013.24,0,0,4,796,,
2026-03-28,14:00,12.6,5.6,63.0,,1.6,8.0,1013.31,0,0,4,770,,
2026-03-28,14:15,12.3,5.0,62.0,,22.5,22.5,1012.8,0,0,4,751,,
2026-03-28,14:30,12.0,5.0,64.0,,3.2,25.7,1012.87,0,0,3,722,,
2026-03-28,14:45,12.1,5.6,65.0,,16.1,24.1,1012.63,0,0,3,694,,
2026-03-28,15:00,11.9,5.0,64.0,EAST,4.8,25.7,1012.53,0,0,3,656,,
2026-03-28,15:15,11.8,5.6,65.0,,9.7,20.9,1012.63,0,0,3,621,,
2026-03-28,15:30,11.8,5.0,63.0,,4.8,16.1,1012.8,0,0,2,577,,
2026-03-28,15:45,11.6,5.0,64.0,,4.8,16.1,1012.33,0,0,2,529,,
2026-03-28,16:00,11.3,4.4,64.0,,3.2,6.4,1012.09,0,0,2,478,,
2026-03-28,16:15,11.3,5.0,66.0,,9.7,9.7,1012.43,0,0,1,424,,
2026-03-28,16:30,10.9,4.4,66.0,,3.2,20.9,1012.19,0,0,1,367,,
2026-03-28,16:45,10.9,4.4,65.0,,3.2,6.4,1012.09,0,0,1,313,,
2026-03-28,17:00,10.8,4.4,66.0,,4.8,6.4,1012.33,0,0,1,257,,
2026-03-28,17:15,10.6,4.4,66.0,,3.2,6.4,1012.29,0,0,0,204,,
2026-03-28,17:30,10.4,4.4,67.0,,4.8,6.4,1012.43,0,0,0,97,,
2026-03-28,17:45,10.1,3.9,67.0,,3.2,4.8,1012.09,0,0,0,95,,
2026-03-28,18:00,9.9,3.9,68.0,,4.8,6.4,1012.19,0,0,0,54,,
2026-03-28,18:15,9.7,3.9,69.0,,3.2,4.8,1012.26,0,0,0,26,,
2026-03-28,18:30,9.4,3.9,70.0,NW,1.6,4.8,1012.46,0,0,0,16,,
2026-03-28,18:45,9.1,3.9,71.0,,3.2,4.8,1012.43,0,0,0,0,,
2026-03-28,19:00,8.8,3.9,72.0,,3.2,4.8,1012.6,0,0,0,0,,
2026-03-28,19:15,8.6,3.9,73.0,,3.2,4.8,1012.5,0,0,0,0,,
2026-03-28,19:30,8.3,3.9,74.0,NORTH,0.0,4.8,1012.63,0,0,0,0,,
2026-03-28,19:45,8.1,3.9,74.0,NORTH,0.0,3.2,1012.9,0,0,0,0,,
2026-03-28,20:00,8.1,3.9,75.0,NORTH,0.0,3.2,1013,0,0,0,0,,
2026-03-28,20:15,7.9,3.9,75.0,NORTH,0.0,3.2,1013.04,0,0,0,0,,
2026-03-28,20:30,7.8,3.9,76.0,NORTH,0.0,3.2,1013.07,0,0,0,0,,
2026-03-28,20:45,7.7,3.3,76.0,NORTH,0.0,1.6,1013,0,0,0,0,,
2026-03-28,21:00,7.5,3.3,76.0,NORTH,0.0,1.6,1012.9,0,0,0,0,,
2026-03-28,21:15,7.2,3.3,76.0,NORTH,0.0,0.0,1012.94,0,0,0,0,,
2026-03-28,21:30,7.2,3.3,77.0,,1.6,3.2,1012.97,0,0,0,0,,
2026-03-28,21:45,7.2,3.3,77.0,NORTH,0.0,0.0,1012.8,0,0,0,0,,
2026-03-28,22:00,7.1,3.3,78.0,NORTH,0.0,3.2,1012.8,0,0,0,0,,
2026-03-28,22:15,6.9,3.3,78.0,NORTH,0.0,3.2,1012.67,0,0,0,0,,
2026-03-28,22:30,6.6,2.8,78.0,NORTH,0.0,1.6,1012.29,0,0,0,0,,
2026-03-28,22:45,6.2,2.8,79.0,NORTH,0.0,0.0,1012.73,0,0,0,0,,
2026-03-28,23:00,6.0,2.8,80.0,NORTH,0.0,0.0,1012.53,0,0,0,0,,
2026-03-28,23:15,5.9,2.8,81.0,NORTH,0.0,0.0,1012.33,0,0,0,0,,
2026-03-28,23:30,6.1,2.8,82.0,NORTH,0.0,0.0,1012.09,0,0,0,0,,
2026-03-28,23:45,5.8,2.8,81.0,NORTH,0.0,0.0,1011.82,0,0,0,0,,
2026-03-28,OVR,,,,,,,,,,,,gustmax,29.0
2026-03-28,OVR,,,,,,,,,,,,rainrate_max,
2026-03-28,OVR,,,,,,,,,,,,rain_total_mm,
2026-03-28,OVR,,,,,,,,,,,,tmax,12.7
2026-03-28,OVR,,,,,,,,,,,,tmin,5.8
2026-03-28,OVR,,,,,,,,,,,,wind_dir_mean_deg,0.0
2026-03-29,00:00,8.7,6.1,83.0,,3.2,8.0,1015.95,0,0,0,0,,
2026-03-29,00:15,8.7,5.6,82.0,NORTH,0.0,4.8,1016.15,0,0,0,0,,
2026-03-29,00:30,8.7,5.6,81.0,NORTH,0.0,6.4,1016.42,0,0,0,0,,
2026-03-29,00:45,8.4,5.0,80.0,NORTH,0.0,1.6,1016.42,0,0,0,0,,
2026-03-29,01:00,5.9,3.3,83.0,NORTH,0.0,0.0,1011.18,0,0,0,0,,
2026-03-29,01:15,5.7,2.8,83.0,SSE,3.2,3.2,1011.34,0,0,0,0,,
2026-03-29,01:30,5.6,2.8,84.0,NORTH,0.0,1.6,1011.01,0,0,0,0,,
2026-03-29,01:45,5.8,3.3,84.0,NORTH,0.0,3.2,1010.8,0,0,0,0,,
2026-03-29,03:00,5.7,3.3,84.0,NORTH,0.0,1.6,1010.53,0,0,0,0,,
2026-03-29,03:15,5.6,2.8,84.0,NORTH,0.0,3.2,1010.8,0,0,0,0,,
2026-03-29,03:30,5.4,2.8,84.0,NORTH,0.0,0.0,1010.74,0,0,0,0,,
2026-03-29,03:45,5.1,2.2,84.0,SE,1.6,1.6,1010.33,0,0,0,0,,
2026-03-29,04:00,5.2,2.8,85.0,NORTH,0.0,0.0,1009.79,0,0,0,0,,
2026-03-29,04:15,5.3,2.8,85.0,NORTH,0.0,3.2,1009.75,0,0,0,0,,
2026-03-29,04:30,5.4,2.8,86.0,NORTH,0.0,3.2,1009.31,0,0,0,0,,
2026-03-29,04:45,5.3,2.8,86.0,NORTH,0.0,3.2,1009.55,0,0,0,0,,
2026-03-29,05:00,5.4,2.8,86.0,NORTH,0.0,3.2,1009.11,0,0,0,0,,
2026-03-29,05:15,5.4,3.3,86.0,NORTH,0.0,3.2,1009.01,0,0,0,0,,
2026-03-29,05:30,5.4,3.3,86.0,NORTH,0.0,4.8,1008.67,0,0,0,0,,
2026-03-29,05:45,5.2,2.8,86.0,SE,1.6,3.2,1008.57,0,0,0,0,,
2026-03-29,06:00,5.2,2.8,87.0,NORTH,0.0,3.2,1008.5,0,0,0,0,,
2026-03-29,06:15,5.3,3.3,87.0,,1.6,3.2,1008.57,0,0,0,0,,
2026-03-29,06:30,5.4,3.3,87.0,ESE,1.6,3.2,1008.16,0,0,0,0,,
2026-03-29,06:45,5.7,3.3,87.0,ESE,1.6,3.2,1008.4,0,0,0,0,,
2026-03-29,07:00,5.9,3.9,87.0,ESE,1.6,3.2,1008.2,0,0,0,0,,
2026-03-29,07:15,5.9,3.9,87.0,ESE,1.6,3.2,1008.06,0,0,0,0,,
2026-03-29,07:30,6.1,3.9,87.0,NORTH,0.0,4.8,1008.43,0,0,0,18,,
2026-03-29,07:45,6.2,3.9,87.0,ESE,3.2,8.0,1008.3,0,0,0,35,,
2026-03-29,08:00,6.6,4.4,87.0,NORTH,0.0,11.3,1008.3,0,0,0,44,,
2026-03-29,08:15,7.1,5.0,87.0,ESE,1.6,4.8,1008.47,0,0,0,144,,
2026-03-29,08:30,8.7,5.6,81.0,NORTH,0.0,6.4,1008.2,0,0,0,279,,
2026-03-29,08:45,9.2,5.6,80.0,SE,1.6,4.8,1008.57,0,0,0,155,,
2026-03-29,09:00,9.2,6.1,80.0,NORTH,0.0,1.6,1008.3,0,0,0,185,,
2026-03-29,09:15,8.7,5.6,81.0,EAST,3.2,6.4,1008.5,0,0,1,250,,
2026-03-29,09:30,8.7,5.6,81.0,ESE,1.6,6.4,1008.57,0,0,1,236,,
2026-03-29,09:45,9.2,5.6,80.0,EAST,3.2,9.7,1008.84,0,0,1,262,,
2026-03-29,10:00,9.4,5.6,78.0,ESE,3.2,9.7,1009.04,0,0,1,290,,
2026-03-29,10:15,10.0,6.1,76.0,ESE,1.6,4.8,1009.45,0,0,1,241,,
2026-03-29,10:30,10.2,6.1,76.0,SE,1.6,4.8,1009.25,0,0,1,250,,
2026-03-29,10:45,10.4,6.7,79.0,SOUTH,1.6,6.4,1009.45,0,0,1,274,,
2026-03-29,11:00,10.4,6.7,77.0,SSE,3.2,4.8,1009.48,0,0,1,287,,
2026-03-29,11:15,10.8,6.7,76.0,NORTH,0.0,4.8,1009.58,0,0,2,302,,
2026-03-29,11:30,11.3,6.1,72.0,EAST,1.6,4.8,1009.65,0,0,2,350,,
2026-03-29,11:45,11.8,6.7,72.0,SSE,1.6,6.4,1009.72,0,0,2,388,,
2026-03-29,12:00,11.8,6.7,72.0,SE,3.2,11.3,1009.72,0,0,2,399,,
2026-03-29,12:15,12.1,7.2,73.0,ESE,11.3,6.4,1009.92,0,0,2,418,,
2026-03-29,12:30,12.7,7.8,73.0,ENE,1.6,6.4,1009.92,0,0,2,401,,
2026-03-29,12:45,12.7,7.8,72.0,,4.8,6.4,1009.75,0,0,2,403,,
2026-03-29,13:00,12.8,7.8,71.0,ESE,3.2,6.4,1009.99,0,0,2,352,,
2026-03-29,13:15,12.4,7.8,75.0,SSE,1.6,8.0,1009.79,0,0,3,452,,
2026-03-29,13:30,13.3,8.3,73.0,,4.8,6.4,1009.89,0,0,3,476,,
2026-03-29,13:45,12.9,7.8,73.0,SSE,3.2,6.4,1009.99,0,0,3,489,,
2026-03-29,14:00,12.8,7.8,72.0,SSW,3.2,6.4,1010.02,0,0,3,527,,
2026-03-29,14:15,12.8,7.8,71.0,SOUTH,1.6,6.4,1010.3,0,0,2,380,,
2026-03-29,14:30,13.0,7.8,70.0,SOUTH,3.2,6.4,1010.19,0,0,2,355,,
2026-03-29,14:45,13.1,7.2,69.0,NORTH,0.0,6.4,1010.4,0,0,2,338,,
2026-03-29,15:00,13.1,7.2,69.0,SE,3.2,6.4,1010.5,0,0,2,306,,
2026-03-29,15:15,13.6,6.7,64.0,SE,3.2,6.4,1010.5,0,0,2,274,,
2026-03-29,15:30,13.4,7.2,66.0,SSE,3.2,6.4,1010.53,0,0,1,250,,
2026-03-29,15:45,12.9,6.7,67.0,SSE,4.8,6.4,1010.8,0,0,2,353,,
2026-03-29,16:00,13.0,6.7,66.0,SSE,1.6,6.4,1010.67,0,0,1,278,,
2026-03-29,16:15,12.7,6.1,66.0,SE,3.2,6.4,1010.84,0,0,1,239,,
2026-03-29,16:30,12.5,6.7,68.0,SE,4.8,8.0,1011.14,0,0,1,209,,
2026-03-29,16:45,12.3,6.7,70.0,SSE,1.6,6.4,1011.28,0,0,1,186,,
2026-03-29,17:00,12.2,6.7,70.0,SE,3.2,6.4,1011.24,0,0,1,172,,
2026-03-29,17:15,12.2,6.7,69.0,SSE,1.6,6.4,1011.58,0,0,1,149,,
2026-03-29,17:30,12.3,6.7,70.0,SSE,3.2,6.4,1011.48,0,0,0,116,,
2026-03-29,17:45,12.3,7.2,71.0,SSE,3.2,4.8,1011.89,0,0,0,95,,
2026-03-29,18:00,12.1,7.2,72.0,SOUTH,3.2,6.4,1011.82,0,0,0,79,,
2026-03-29,18:15,11.9,7.2,73.0,SSE,3.2,6.4,1012.36,0,0,0,53,,
2026-03-29,18:30,11.8,7.2,74.0,SSE,3.2,6.4,1012.33,0,0,0,39,,
2026-03-29,18:45,11.9,7.2,75.0,NORTH,0.0,3.2,1012.73,0,0,0,28,,
2026-03-29,19:00,11.8,7.2,75.0,NORTH,0.0,1.6,1013.17,0,0,0,16,,
2026-03-29,19:15,11.7,7.2,75.0,NORTH,0.0,1.6,1013.34,0,0,0,7,,
2026-03-29,19:30,11.7,7.2,76.0,NORTH,0.0,0.0,1013.58,0,0,0,0,,
2026-03-29,19:45,11.5,7.2,76.0,NORTH,0.0,1.6,1013.72,0,0,0,0,,
2026-03-29,20:00,11.4,7.2,77.0,NORTH,0.0,1.6,1013.88,0,0,0,0,,
2026-03-29,20:15,11.4,7.2,78.0,NORTH,0.0,0.0,1014.19,0,0,0,0,,
2026-03-29,20:30,11.3,7.8,79.0,NORTH,0.0,0.0,1014.33,0.51,0.51,0,0,,
2026-03-29,20:45,10.7,7.2,80.0,NORTH,0.0,3.2,1014.39,0.51,0.51,0,0,,
2026-03-29,21:00,10.4,7.2,81.0,NORTH,0.0,1.6,1014.8,0.51,0.51,0,0,,
2026-03-29,21:15,10.2,7.2,82.0,NORTH,0.0,1.6,1014.8,0.51,0.51,0,0,,
2026-03-29,21:30,10.0,6.7,82.0,NORTH,0.0,1.6,1014.97,0.51,0.25,0,0,,
2026-03-29,21:45,9.8,6.7,83.0,SE,1.6,3.2,1014.8,0.51,0,0,0,,
2026-03-29,22:00,9.7,7.2,84.0,SSE,1.6,3.2,1014.77,0.51,0,0,0,,
2026-03-29,22:15,9.6,6.7,84.0,NORTH,0.0,4.8,1015.34,0.51,0,0,0,,
2026-03-29,22:30,9.8,7.2,85.0,NORTH,0.0,1.6,1015.68,0.51,0,0,0,,
2026-03-29,22:45,9.7,7.2,85.0,NORTH,0.0,0.0,1015.61,0.51,0,0,0,,
2026-03-29,23:00,9.6,7.2,85.0,NORTH,0.0,0.0,1015.54,0.76,0.25,0,0,,
2026-03-29,23:15,9.5,6.7,85.0,NORTH,0.0,0.0,1015.85,0.76,0.25,0,0,,
2026-03-29,23:30,9.2,6.7,85.0,NORTH,0.0,3.2,1015.61,0.76,0.25,0,0,,
2026-03-29,23:45,9.0,6.1,84.0,NORTH,0.0,4.8,1015.68,0.76,0.25,0,0,,
2026-03-29,OVR,,,,,,,,,,,,gustmax,14.5
2026-03-29,OVR,,,,,,,,,,,,rainrate_max,3.8
2026-03-29,OVR,,,,,,,,,,,,rain_total_mm,0.8
2026-03-29,OVR,,,,,,,,,,,,tmax,13.8
2026-03-29,OVR,,,,,,,,,,,,tmin,5.0
2026-03-29,OVR,,,,,,,,,,,,wind_dir_mean_deg,157.5
