date,time,temp_c,dewpoint_c,rh_pct,wind_dir_txt,wind_kmh,gust_kmh,press_hpa,rain_acc_mm,rain_rate_mmph,uv,solar_wm2,key,value
2022-04-01,00:00,10.4,8.3,89,WEST,12.9,22.5,1001.02,0,0,0,0,,
2022-04-01,00:15,10.5,8.3,89,WNW,14.5,24.1,1000.85,0,0,0,0,,
2022-04-01,00:30,10.6,8.9,89,WEST,14.5,27.4,1000.98,0,0,0,0,,
2022-04-01,00:45,10.5,8.3,88,WNW,20.9,24.1,1000.95,0,0,0,0,,
2022-04-01,01:00,10.3,8.3,88,WNW,16.1,37,1001.19,0,0,0,0,,
2022-04-01,01:15,10.1,8.3,90,WEST,11.3,30.6,1001.22,0,0,0,0,,
2022-04-01,01:30,9.8,8.3,91,WEST,19.3,27.4,1001.05,0,0,0,0,,
2022-04-01,02:00,9.1,7.8,91,WEST,6.4,22.5,1000.95,0,0,0,0,,
2022-04-01,02:15,9.2,7.8,90,WEST,17.7,24.1,1000.98,0,0,0,0,,
2022-04-01,02:30,8.8,7.2,90,SW,8,19.3,1000.71,0,0,0,0,,
2022-04-01,02:45,8.7,7.2,90,WEST,4.8,16.1,1000.88,0.25,0.25,0,0,,
2022-04-01,03:00,8.6,7.2,91,WEST,17.7,32.2,1000.85,0.51,0.51,0,0,,
2022-04-01,03:15,8.4,6.7,91,WNW,11.3,22.5,1000.64,0.51,0.51,0,0,,
2022-04-01,03:30,8.2,6.7,92,WNW,9.7,16.1,1000.44,0.51,0.51,0,0,,
2022-04-01,03:45,8.2,6.7,92,WNW,4.8,14.5,1000.47,0.51,0.51,0,0,,
2022-04-01,04:00,8.1,6.7,93,WEST,11.3,12.9,1000.24,0.51,0.25,0,0,,
2022-04-01,04:15,8.2,6.7,93,WNW,4.8,19.3,1000.07,0.51,0,0,0,,
2022-04-01,04:30,8.2,6.7,93,WEST,4.8,9.7,999.83,0.51,0,0,0,,
2022-04-01,04:45,8.2,6.7,93,WNW,6.4,16.1,999.9,1.02,0.51,0,0,,
2022-04-01,05:00,8.2,6.7,93,WNW,1.6,6.4,999.8,1.02,0.51,0,0,,
2022-04-01,05:15,8.1,6.7,93,WNW,1.6,8,999.56,1.02,0.51,0,0,,
2022-04-01,05:30,8.1,6.7,93,WNW,4.8,8,999.63,1.02,0.51,0,0,,
2022-04-01,05:45,8.2,7.2,93,WNW,3.2,11.3,999.8,1.02,0,0,0,,
2022-04-01,06:00,8.3,7.2,93,WNW,19.3,24.1,999.8,1.02,0,0,0,,
2022-04-01,06:15,8.3,7.2,93,WEST,11.3,19.3,999.87,1.02,0,0,0,,
2022-04-01,06:30,8.4,7.2,93,WEST,20.9,25.7,1000.31,1.02,0,0,0,,
2022-04-01,06:45,7.8,6.7,92,WEST,20.9,41.8,1000.51,2.03,1.02,0,0,,
2022-04-01,07:00,7.6,6.1,92,WNW,16.1,32.2,1000.51,2.29,1.52,0,0,,
2022-04-01,07:15,7.7,6.7,93,WNW,16.1,24.1,1000.58,2.79,1.78,0,0,,
2022-04-01,07:30,7.9,6.7,93,WEST,17.7,24.1,1000.44,3.3,2.29,0,0,,
2022-04-01,07:45,7.9,6.7,93,NW,14.5,24.1,1000.47,3.3,1.27,0,0,,
2022-04-01,08:00,7.9,6.7,93,WNW,8,19.3,1000.78,3.3,0.76,0,14,,
2022-04-01,08:15,7.9,6.7,93,WEST,11.3,19.3,1000.88,3.3,0.51,0,14,,
2022-04-01,08:30,8.1,6.7,93,SSE,6.4,8,1000.91,3.3,0.25,0,12,,
2022-04-01,08:45,7.9,6.7,93,SSE,4.8,14.5,1000.88,3.3,0.25,0,60,,
2022-04-01,09:00,7.7,6.7,94,SSE,1.6,11.3,1001.19,3.56,0.51,0,9,,
2022-04-01,09:15,7.8,6.7,94,NORTH,0,3.2,1001.02,4.83,1.52,0,25,,
2022-04-01,09:30,7.9,6.7,94,WSW,6.4,8,1001.46,6.1,2.54,0,35,,
2022-04-01,09:45,8.1,7.2,94,WSW,1.6,8,1001.86,6.1,2.79,0,44,,
2022-04-01,10:00,8.1,7.2,94,NW,1.6,16.1,1002,6.86,3.05,0,60,,
2022-04-01,10:15,7.8,6.7,94,WNW,3.2,11.3,1001.66,7.37,2.54,0,105,,
2022-04-01,10:30,8.1,6.7,94,WNW,4.8,16.1,1001.56,7.62,1.52,2,490,,
2022-04-01,10:45,8.6,7.2,93,WEST,16.1,20.9,1001.83,7.62,1.52,2,733,,
2022-04-01,11:00,8.8,7.2,90,WNW,6.4,19.3,1001.83,7.62,0.76,2,459,,
2022-04-01,11:15,9.8,7.8,89,WEST,9.7,17.7,1002,7.62,0.25,3,677,,
2022-04-01,11:30,9.8,7.8,88,WEST,4.8,12.9,1002.1,7.62,0,2,543,,
2022-04-01,11:45,9.7,7.2,86,SOUTH,3.2,8,1002.07,7.62,0,2,378,,
2022-04-01,12:00,9.4,7.2,87,SSE,8,20.9,1001.76,7.62,0,1,146,,
2022-04-01,12:15,8.8,7.2,90,WEST,14.5,30.6,1002.17,7.87,0.51,1,142,,
2022-04-01,12:30,8.8,7.2,92,WNW,6.4,16.1,1002.07,7.87,0.51,1,144,,
2022-04-01,12:45,8.6,7.2,92,WEST,14.5,20.9,1002.2,8.89,1.52,2,316,,
2022-04-01,13:00,8.9,7.8,93,WEST,14.5,14.5,1002.27,9.14,1.52,5,506,,
2022-04-01,13:15,10.3,8.3,90,WEST,19.3,24.1,1001.96,9.14,1.27,2,367,,
2022-04-01,13:30,10.3,7.2,81,WEST,20.9,30.6,1002.13,9.14,1.27,3,420,,
2022-04-01,13:45,10.4,6.7,79,WNW,27.4,41.8,1002.1,9.14,0.25,3,445,,
2022-04-01,14:00,10.7,6.7,78,WNW,17.7,40.2,1002.03,9.14,0,3,448,,
2022-04-01,14:15,11.1,7.2,77,WNW,16.1,32.2,1002.17,9.14,0,5,1051,,
2022-04-01,14:30,10.5,6.1,75,WNW,14.5,33.8,1002.4,9.14,0,2,258,,
2022-04-01,14:45,10.3,5.6,74,WEST,25.7,38.6,1002.4,9.14,0,2,274,,
2022-04-01,15:00,10,5.6,76,WNW,12.9,40.2,1002.2,9.14,0,2,288,,
2022-04-01,15:15,10.3,5.6,73,WEST,12.9,33.8,1002.61,9.14,0,2,520,,
2022-04-01,15:30,9.9,5.6,75,WEST,32.2,40.2,1002.54,9.14,0,1,141,,
2022-04-01,15:45,9.4,5,76,WEST,16.1,40.2,1002.74,9.14,0,1,123,,
2022-04-01,16:00,9.1,5,76,WNW,25.7,45.1,1002.81,9.14,0,0,77,,
2022-04-01,16:15,8.8,5,78,SSE,40.2,43.5,1002.98,9.14,0,0,91,,
2022-04-01,16:30,8.3,5,82,WNW,17.7,38.6,1003.15,9.14,0,0,33,,
2022-04-01,16:45,8.3,5.6,85,WEST,24.1,40.2,1003.22,9.14,0,1,139,,
2022-04-01,17:00,7.8,5.6,87,EAST,29,41.8,1003.25,9.14,0,0,53,,
2022-04-01,17:15,7.6,5.6,88,WNW,25.7,41.8,1003.73,9.14,0,0,79,,
2022-04-01,17:30,7.5,5.6,88,WNW,19.3,45.1,1003.52,9.14,0,0,25,,
2022-04-01,17:45,7.3,5.6,88,WNW,14.5,43.5,1003.86,9.14,0,0,56,,
2022-04-01,18:00,7.1,5,88,WEST,24.1,45.1,1004.06,9.14,0,0,97,,
2022-04-01,18:15,7.1,5,89,WNW,19.3,43.5,1004.2,9.14,0,0,25,,
2022-04-01,18:30,6.9,5,90,WEST,19.3,46.7,1004.34,9.65,0.51,0,86,,
2022-04-01,18:45,6.8,5,89,WNW,22.5,43.5,1004.37,9.65,0.51,0,37,,
2022-04-01,19:00,6.8,4.4,86,WNW,16.1,48.3,1004.67,9.65,0.51,0,30,,
2022-04-01,19:15,6.9,4.4,86,WEST,17.7,40.2,1004.78,9.65,0.51,0,19,,
2022-04-01,19:30,6.9,3.9,83,WNW,22.5,40.2,1004.94,9.65,0,0,9,,
2022-04-01,19:45,7.1,3.9,81,WEST,22.5,43.5,1005.01,9.65,0,0,0,,
2022-04-01,20:00,6.9,3.9,81,WEST,27.4,41.8,1005.22,9.91,0.25,0,0,,
2022-04-01,20:15,6.7,3.3,81,WNW,33.8,51.5,1005.55,9.91,0.25,0,0,,
2022-04-01,20:30,6.6,2.8,78,WEST,14.5,53.1,1005.86,9.91,0.25,0,0,,
2022-04-01,20:45,6.4,2.2,76,ENE,25.7,43.5,1006.27,9.91,0.25,0,0,,
2022-04-01,21:00,6.3,1.7,73,WNW,19.3,40.2,1006.43,9.91,0,0,0,,
2022-04-01,21:15,6.2,1.7,73,WEST,27.4,33.8,1006.84,9.91,0,0,0,,
2022-04-01,21:30,6.3,1.1,70,WEST,29,46.7,1007.21,9.91,0,0,0,,
2022-04-01,21:45,6.2,0.6,69,WEST,22.5,37,1007.32,9.91,0,0,0,,
2022-04-01,22:00,6.1,0.6,68,WEST,14.5,29,1007.52,9.91,0,0,0,,
2022-04-01,22:15,6,0.6,69,WEST,22.5,33.8,1007.42,9.91,0,0,0,,
2022-04-01,22:30,5.9,1.1,71,WEST,19.3,30.6,1007.55,9.91,0,0,0,,
2022-04-01,22:45,5.9,0.6,71,WEST,20.9,41.8,1007.48,9.91,0,0,0,,
2022-04-01,23:00,5.8,0.6,69,WEST,20.9,33.8,1007.55,9.91,0,0,0,,
2022-04-01,23:15,5.6,0,69,WEST,19.3,25.7,1007.42,9.91,0,0,0,,
2022-04-01,23:30,5.4,0.6,71,WEST,11.3,20.9,1007.45,9.91,0,0,0,,
2022-04-01,23:45,5.7,0.6,71,WEST,17.7,27.4,1007.38,9.91,0,0,0,,
2022-04-01,OVR,,,,,,,,,,,,gustmax,40.2
2022-04-01,OVR,,,,,,,,,,,,rainrate_max,26.6
2022-04-01,OVR,,,,,,,,,,,,rain_total_mm,9.8
2022-04-01,OVR,,,,,,,,,,,,tmax,11.2
2022-04-01,OVR,,,,,,,,,,,,tmin,5.4
2022-04-01,OVR,,,,,,,,,,,,wind_dir_mean_deg,270
2022-04-02,00:00,5.4,0.6,72,WEST,6.4,20.9,1007.55,0,0,0,0,,
2022-04-02,00:15,5.6,0.6,71,WEST,12.9,22.5,1007.76,0,0,0,0,,
2022-04-02,00:30,5.7,0,69,WEST,11.3,33.8,1007.59,0,0,0,0,,
2022-04-02,00:45,5.9,0.6,68,WEST,9.7,25.7,1007.76,0,0,0,0,,
2022-04-02,01:00,6.1,0.6,68,WNW,6.4,24.1,1007.55,0,0,0,0,,
2022-04-02,01:15,6,0.6,68,WEST,11.3,22.5,1007.48,0,0,0,0,,
2022-04-02,01:30,6.2,0.6,68,WEST,11.3,19.3,1007.62,0,0,0,0,,
2022-04-02,01:45,4.2,0,76,WNW,11.3,37,1007.96,0.51,0.51,0,0,,
2022-04-02,02:00,3.8,1.1,83,WEST,9.7,25.7,1007.86,0.51,0.51,0,0,,
2022-04-02,02:15,3.8,1.1,83,WNW,17.7,29,1007.79,0.51,0.51,0,0,,
2022-04-02,02:30,3.9,1.7,86,WNW,16.1,30.6,1007.76,0.51,0.51,0,0,,
2022-04-02,02:45,3.4,1.7,88,WEST,22.5,27.4,1007.62,0.51,0.25,0,0,,
2022-04-02,03:00,3.2,1.1,89,WEST,17.7,49.9,1008.03,0.51,0,0,0,,
2022-04-02,03:15,2.9,1.1,90,WEST,29,38.6,1007.82,1.02,0.51,0,0,,
2022-04-02,03:30,2.9,1.1,90,WEST,14.5,45.1,1007.86,1.52,0.76,0,0,,
2022-04-02,03:45,2.8,1.1,91,WEST,17.7,43.5,1007.55,1.52,1.02,0,0,,
2022-04-02,04:00,2.8,1.1,91,WEST,25.7,30.6,1008.06,1.52,1.02,0,0,,
2022-04-02,04:15,2.1,0.6,91,WNW,11.3,53.1,1007.25,2.03,1.02,0,0,,
2022-04-02,04:30,2.6,1.1,91,SOUTH,3.2,20.9,1006.84,2.29,0.76,0,0,,
2022-04-02,04:45,2.8,1.1,89,SSE,3.2,14.5,1006.77,2.29,0.51,0,0,,
2022-04-02,05:00,2.8,1.1,89,SSE,1.6,8,1006.6,2.29,0.51,0,0,,
2022-04-02,05:15,2.8,0.6,87,SSE,1.6,8,1006.67,2.29,0.25,0,0,,
2022-04-02,05:30,2.7,0.6,87,SSE,3.2,11.3,1006.81,2.29,0,0,0,,
2022-04-02,05:45,2.8,0.6,87,SSE,6.4,12.9,1006.47,2.29,0,0,0,,
2022-04-02,06:00,2.7,0.6,87,SSE,9.7,11.3,1006.2,2.29,0,0,0,,
2022-04-02,06:15,3.1,1.1,88,WEST,4.8,24.1,1006.71,2.29,0.25,0,0,,
2022-04-02,06:30,3,1.1,88,NORTH,0,6.4,1006.54,2.29,0.25,0,0,,
2022-04-02,06:45,2.7,1.1,89,WEST,3.2,3.2,1006.47,2.29,0.25,0,0,,
2022-04-02,07:00,3.1,1.1,89,WEST,12.9,19.3,1006.94,2.54,0.51,0,0,,
2022-04-02,07:15,2.8,0.6,88,WEST,20.9,61.2,1007.11,2.79,0.51,0,0,,
2022-04-02,07:30,2.6,0.6,89,WEST,19.3,29,1007.11,2.79,0.51,0,0,,
2022-04-02,07:45,2.8,0.6,88,WEST,33.8,38.6,1007.11,2.79,0.51,0,23,,
2022-04-02,08:00,3.1,1.1,87,WEST,14.5,30.6,1007.15,2.79,0.25,0,42,,
2022-04-02,08:15,3.1,1.1,89,WEST,9.7,16.1,1007.18,2.79,0,0,84,,
2022-04-02,08:30,3.2,1.7,90,NORTH,0,9.7,1006.84,2.79,0,0,183,,
2022-04-02,08:45,3.9,2.2,90,NORTH,0,6.4,1007.08,2.79,0,0,290,,
2022-04-02,09:00,4.1,2.2,89,SOUTH,3.2,8,1007.01,2.79,0,1,265,,
2022-04-02,09:15,4.4,2.2,88,SOUTH,8,11.3,1006.5,2.79,0,1,519,,
2022-04-02,09:30,4.7,2.2,86,WEST,3.2,14.5,1006.27,2.79,0,0,65,,
2022-04-02,09:45,4.6,2.2,86,WNW,9.7,14.5,1006.67,3.05,0.25,0,69,,
2022-04-02,10:00,4.6,2.2,86,WEST,6.4,11.3,1006.87,3.05,0.25,0,7,,
2022-04-02,10:15,3.1,1.1,86,WEST,14.5,46.7,1008.26,4.06,1.27,0,0,,
2022-04-02,10:30,2.2,0.6,89,WNW,20.9,56.3,1008.3,5.59,2.79,0,39,,
2022-04-02,10:45,2.4,1.1,91,NORTH,0,17.7,1007.99,5.84,2.79,1,206,,
2022-04-02,11:00,3.6,2.2,92,WNW,3.2,16.1,1007.86,5.84,2.79,3,700,,
2022-04-02,11:15,4.7,3.3,90,WSW,1.6,19.3,1007.89,5.84,1.78,3,747,,
2022-04-02,11:30,5.3,3.3,88,WEST,6.4,14.5,1007.72,5.84,0.25,3,891,,
2022-04-02,11:45,5.9,3.9,87,WSW,1.6,29,1007.96,5.84,0,0,104,,
2022-04-02,12:00,5.2,3.3,89,WNW,14.5,41.8,1008.09,6.1,0.51,3,916,,
2022-04-02,12:15,5.3,3.3,88,WNW,14.5,40.2,1007.79,6.35,0.51,0,30,,
2022-04-02,12:30,5.1,2.8,86,NNW,29,51.5,1008.06,6.35,0.51,1,171,,
2022-04-02,12:45,5.3,2.8,85,WEST,16.1,41.8,1008.2,6.35,0.51,1,91,,
2022-04-02,13:00,3.2,0.6,85,SW,9.7,35.4,1008.6,6.35,0.25,1,113,,
2022-04-02,13:15,2.5,0.6,90,WEST,14.5,25.7,1008.97,6.6,0.25,0,37,,
2022-04-02,13:30,2.8,1.1,90,SOUTH,4.8,19.3,1008.74,7.11,0.76,0,14,,
2022-04-02,13:45,2.6,1.1,91,SSW,6.4,19.3,1008.33,7.87,1.52,1,197,,
2022-04-02,14:00,3.7,2.2,92,SSW,3.2,19.3,1008.03,7.87,1.27,2,480,,
2022-04-02,14:15,4.3,2.8,90,WNW,1.6,32.2,1007.99,8.13,1.52,2,313,,
2022-04-02,14:30,4.8,2.8,88,SSE,6.4,29,1007.86,8.13,1.02,0,69,,
2022-04-02,14:45,4.1,2.2,88,SOUTH,9.7,24.1,1007.86,8.38,0.51,0,90,,
2022-04-02,15:00,4.6,2.8,88,SSE,6.4,20.9,1008.06,8.38,0.51,1,160,,
2022-04-02,15:15,6.1,3.3,85,WEST,3.2,33.8,1007.72,8.38,0.25,1,188,,
2022-04-02,15:30,6.7,2.8,77,WNW,8,38.6,1007.69,8.38,0.25,1,199,,
2022-04-02,15:45,7.1,2.2,71,WEST,19.3,59.5,1007.96,8.38,0,2,330,,
2022-04-02,16:00,7.6,1.1,65,WNW,25.7,61.2,1007.76,8.38,0,2,186,,
2022-04-02,16:15,8.2,1.7,63,WEST,30.6,54.7,1007.62,8.38,0,2,800,,
2022-04-02,16:30,7.6,1.7,67,WEST,40.2,59.5,1007.55,8.38,0,0,86,,
2022-04-02,16:45,5.2,1.7,78,WSW,54.7,88.5,1008.3,8.38,0,0,63,,
2022-04-02,17:00,4.1,1.7,85,WNW,37,64.4,1008.23,8.64,0.25,1,216,,
2022-04-02,17:15,5.1,2.2,84,WEST,16.1,43.5,1008.13,8.64,0.25,1,97,,
2022-04-02,17:30,4.8,2.2,83,WNW,37,78.9,1008.64,8.64,0.25,0,18,,
2022-04-02,17:45,4.2,1.7,85,WNW,40.2,56.3,1008.91,8.89,0.51,0,54,,
2022-04-02,18:00,4.6,2.2,87,WEST,32.2,54.7,1008.6,8.89,0.51,0,21,,
2022-04-02,18:15,3.5,1.1,87,WNW,22.5,75.6,1009.35,9.65,1.02,0,19,,
2022-04-02,18:30,4.1,1.7,86,WEST,29,46.7,1009.04,9.65,0.76,0,39,,
2022-04-02,18:45,5,2.2,85,NE,29,48.3,1009.41,9.65,0.51,0,25,,
2022-04-02,19:00,5.6,2.2,80,WNW,32.2,49.9,1009.69,9.65,0.51,0,14,,
2022-04-02,19:15,5.2,1.7,77,WNW,24.1,56.3,1009.52,9.65,0,0,14,,
2022-04-02,19:30,5.7,1.1,73,WNW,35.4,62.8,1010.02,9.65,0,0,0,,
2022-04-02,19:45,5.2,1.7,78,NE,29,59.5,1010.23,9.65,0,0,0,,
2022-04-02,20:00,5.1,1.7,79,WEST,32.2,43.5,1010.3,9.65,0,0,0,,
2022-04-02,20:15,5.6,1.7,78,,30.6,48.3,1010.63,9.65,0,0,0,,
2022-04-02,20:30,5.7,1.7,75,WNW,66,59.5,1010.87,9.91,0.25,0,0,,
2022-04-02,20:45,5,1.7,79,NNW,29,67.6,1011.34,9.91,0.25,0,0,,
2022-04-02,21:00,5.3,2.2,82,WNW,16.1,45.1,1011.48,9.91,0.25,0,0,,
2022-04-02,21:15,5.7,2.2,80,WEST,41.8,54.7,1011.92,9.91,0.25,0,0,,
2022-04-02,21:30,5.4,2.2,80,WNW,53.1,61.2,1011.89,9.91,0,0,0,,
2022-04-02,21:45,5.4,1.1,76,WEST,25.7,69.2,1012.23,9.91,0.25,0,0,,
2022-04-02,22:00,5.5,1.1,74,WEST,17.7,49.9,1012.12,9.91,0.25,0,0,,
2022-04-02,22:15,5.8,1.7,74,WEST,24.1,48.3,1012.23,9.91,0.25,0,0,,
2022-04-02,22:30,5.3,1.7,77,WEST,41.8,70.8,1012.46,9.91,0.25,0,0,,
2022-04-02,22:45,5.2,1.7,80,WEST,27.4,54.7,1012.09,9.91,0,0,0,,
2022-04-02,23:00,5.4,2.2,80,WNW,41.8,49.9,1012.43,9.91,0,0,0,,
2022-04-02,23:15,5.1,1.7,80,NE,24.1,57.9,1012.33,10.16,0.25,0,0,,
2022-04-02,23:30,5.4,2.2,80,WEST,25.7,38.6,1012.63,10.16,0.25,0,0,,
2022-04-02,23:45,5.7,1.7,76,WNW,35.4,62.8,1012.53,10.16,0.25,0,0,,
2022-04-02,OVR,,,,,,,,,,,,gustmax,66
2022-04-02,OVR,,,,,,,,,,,,rainrate_max,8.6
2022-04-02,OVR,,,,,,,,,,,,rain_total_mm,10.2
2022-04-02,OVR,,,,,,,,,,,,tmax,8.3
2022-04-02,OVR,,,,,,,,,,,,tmin,2
2022-04-02,OVR,,,,,,,,,,,,wind_dir_mean_deg,270
2022-04-03,00:00,5.6,1.7,78,,20.9,48.3,1012.63,0,0.25,0,0,,
2022-04-03,00:15,5.9,1.7,75,WEST,20.9,51.5,1012.73,0,0,0,0,,
2022-04-03,00:30,6.2,1.7,74,WNW,19.3,45.1,1012.63,0,0,0,0,,
2022-04-03,00:45,6.2,1.7,72,WNW,17.7,41.8,1012.63,0,0,0,0,,
2022-04-03,01:00,6.3,1.1,71,WNW,29,43.5,1012.8,0,0,0,0,,
2022-04-03,01:15,6.6,0.6,67,WNW,27.4,54.7,1013.04,0,0,0,0,,
2022-04-03,01:30,6.5,1.1,69,WEST,38.6,57.9,1012.84,0,0,0,0,,
2022-04-03,01:45,6.3,1.1,71,SOUTH,20.9,53.1,1012.8,0,0,0,0,,
2022-04-03,02:00,6.6,1.1,69,WEST,22.5,54.7,1013,0,0,0,0,,
2022-04-03,02:15,6.7,0.6,66,WNW,40.2,46.7,1013,0,0,0,0,,
2022-04-03,02:30,6.6,0.6,65,WEST,32.2,57.9,1013,0,0,0,0,,
2022-04-03,02:45,6.7,0.6,67,WEST,32.2,53.1,1013.07,0,0,0,0,,
2022-04-03,03:00,6.6,0.6,67,WNW,29,49.9,1012.84,0,0,0,0,,
2022-04-03,03:15,6.4,1.1,69,WNW,24.1,48.3,1012.94,0,0,0,0,,
2022-04-03,03:30,6.3,0.6,68,WNW,12.9,37,1013.17,0,0,0,0,,
2022-04-03,03:45,6.1,0.6,67,WEST,14.5,29,1013.17,0,0,0,0,,
2022-04-03,04:00,5.9,0.6,69,NW,11.3,17.7,1012.97,0,0,0,0,,
2022-04-03,04:15,5.8,1.1,72,WNW,8,22.5,1013.17,0,0,0,0,,
2022-04-03,04:30,5.7,1.1,74,WNW,1.6,12.9,1013.31,0,0,0,0,,
2022-04-03,04:45,5.8,1.7,75,NNW,1.6,9.7,1013.51,0,0,0,0,,
2022-04-03,05:00,5.7,1.7,76,NW,8,12.9,1013.44,0,0,0,0,,
2022-04-03,05:15,5.7,1.7,75,WEST,22.5,22.5,1013.55,0,0,0,0,,
2022-04-03,05:30,5.7,1.1,74,WNW,6.4,12.9,1013.55,0,0,0,0,,
2022-04-03,05:45,5.6,1.1,75,WNW,12.9,19.3,1013.44,0,0,0,0,,
2022-04-03,06:00,5.8,1.7,74,WNW,12.9,20.9,1013.61,0,0,0,0,,
2022-04-03,06:15,5.7,1.1,75,WNW,16.1,24.1,1013.55,0,0,0,0,,
2022-04-03,06:30,5.7,1.1,74,WNW,12.9,19.3,1013.65,0,0,0,0,,
2022-04-03,06:45,5.6,1.1,75,WNW,11.3,17.7,1013.82,0,0,0,0,,
2022-04-03,07:00,5.6,1.1,75,WNW,4.8,17.7,1014.02,0,0,0,0,,
2022-04-03,07:15,5.6,1.7,75,WEST,17.7,19.3,1013.88,0,0,0,14,,
2022-04-03,07:30,5.8,1.7,76,WEST,11.3,19.3,1013.85,0,0,0,46,,
2022-04-03,07:45,5.9,1.7,75,WNW,11.3,19.3,1014.09,0,0,0,76,,
2022-04-03,08:00,6.2,1.7,75,WEST,17.7,17.7,1014.09,0,0,0,167,,
2022-04-03,08:15,6.2,2.2,76,WNW,4.8,12.9,1014.39,0,0,0,63,,
2022-04-03,08:30,6.3,2.2,75,WEST,11.3,16.1,1014.56,0,0,0,127,,
2022-04-03,08:45,6.7,2.2,75,WEST,11.3,16.1,1014.87,0,0,0,81,,
2022-04-03,09:00,6.7,2.8,76,WEST,16.1,17.7,1015.17,0,0,0,70,,
2022-04-03,09:15,6.7,2.8,76,WEST,6.4,24.1,1015.1,0,0,0,148,,
2022-04-03,09:30,6.9,2.8,76,WNW,3.2,20.9,1015.41,0,0,0,130,,
2022-04-03,09:45,7.2,2.8,76,WNW,17.7,25.7,1015.48,0,0,1,359,,
2022-04-03,10:00,7.6,3.3,74,WEST,12.9,20.9,1015.44,0,0,1,265,,
2022-04-03,10:15,7.6,2.8,73,WEST,9.7,24.1,1015.88,0,0,1,260,,
2022-04-03,10:30,7.9,3.3,74,WNW,14.5,20.9,1016.02,0,0,1,265,,
2022-04-03,10:45,7.9,3.3,74,WEST,14.5,22.5,1016.19,0,0,2,236,,
2022-04-03,11:00,8.1,3.3,73,WEST,14.5,20.9,1016.42,0,0,1,95,,
2022-04-03,11:15,8.7,3.3,70,WNW,9.7,24.1,1016.7,0,0,1,188,,
2022-04-03,11:30,9.2,2.8,65,WEST,24.1,40.2,1016.49,0,0,2,243,,
2022-04-03,11:45,9.4,3.3,68,WEST,9.7,37,1016.66,0,0,4,867,,
2022-04-03,12:00,8.9,2.8,67,WNW,17.7,41.8,1016.7,0,0,4,1051,,
2022-04-03,12:15,9.5,2.8,64,WEST,29,38.6,1016.59,0,0,2,274,,
2022-04-03,12:30,9.8,3.3,64,WEST,17.7,32.2,1016.53,0,0,3,737,,
2022-04-03,12:45,10.2,2.8,61,WNW,8,22.5,1016.59,0,0,5,1044,,
2022-04-03,13:00,10.1,3.3,64,WNW,14.5,30.6,1016.42,0,0,3,1100,,
2022-04-03,13:15,9.4,2.8,64,WEST,9.7,45.1,1016.53,0,0,2,241,,
2022-04-03,13:30,10.1,3.3,63,WEST,16.1,27.4,1016.19,0,0,5,1042,,
2022-04-03,13:45,10.4,2.8,59,WNW,19.3,37,1016.29,0,0,3,1039,,
2022-04-03,14:00,10.4,2.8,59,WNW,6.4,33.8,1016.39,0,0,5,998,,
2022-04-03,14:15,10.7,3.3,60,WEST,17.7,29,1016.19,0,0,5,998,,
2022-04-03,14:30,11,3.3,59,WEST,9.7,32.2,1016.15,0,0,5,951,,
2022-04-03,14:45,10.7,1.7,54,WNW,19.3,37,1016.02,0,0,5,677,,
2022-04-03,15:00,10.4,1.7,56,WNW,24.1,37,1015.95,0,0,4,780,,
2022-04-03,15:15,10.3,1.7,57,WEST,12.9,30.6,1015.68,0,0,3,367,,
2022-04-03,15:30,10.4,2.2,57,WNW,16.1,29,1015.58,0,0,4,807,,
2022-04-03,15:45,10.6,2.8,59,WNW,17.7,37,1015.31,0,0,3,536,,
2022-04-03,16:00,10.6,2.2,56,WEST,19.3,32.2,1015.24,0,0,3,362,,
2022-04-03,16:15,10.3,2.2,58,WEST,14.5,32.2,1015.27,0,0,2,387,,
2022-04-03,16:30,10.2,2.8,61,WEST,17.7,30.6,1015.31,0,0,2,454,,
2022-04-03,16:45,10.4,3.3,62,NW,24.1,30.6,1015.24,0,0,2,606,,
2022-04-03,17:00,10.1,2.8,61,WEST,29,37,1015.31,0,0,2,378,,
2022-04-03,17:15,10.2,3.3,62,NW,19.3,32.2,1015.14,0,0,1,374,,
2022-04-03,17:30,9.9,2.8,61,WNW,19.3,32.2,1015.34,0,0,1,281,,
2022-04-03,17:45,9.9,2.8,61,WEST,17.7,30.6,1015.41,0,0,1,295,,
2022-04-03,18:00,9.8,2.2,61,WEST,22.5,30.6,1015.58,0,0,1,190,,
2022-04-03,18:15,9.7,2.8,62,NORTH,19.3,30.6,1015.58,0,0,0,109,,
2022-04-03,18:30,9.4,2.8,64,WNW,16.1,33.8,1015.65,0,0,0,142,,
2022-04-03,18:45,9.2,2.2,63,WNW,16.1,27.4,1015.71,0,0,0,76,,
2022-04-03,19:00,8.9,2.2,65,WNW,4.8,24.1,1015.68,0,0,0,58,,
2022-04-03,19:15,8.7,2.2,65,WEST,11.3,16.1,1015.82,0,0,0,37,,
2022-04-03,19:30,8.3,2.2,67,WEST,4.8,16.1,1015.95,0,0,0,19,,
2022-04-03,19:45,8,2.2,68,WNW,4.8,14.5,1015.85,0,0,0,0,,
2022-04-03,20:00,7.7,2.2,69,NORTH,0,11.3,1015.95,0,0,0,0,,
2022-04-03,20:15,6.8,2.2,73,NORTH,0,1.6,1015.95,0,0,0,0,,
2022-04-03,20:30,6.5,2.2,74,NORTH,0,3.2,1016.12,0,0,0,0,,
2022-04-03,20:45,6,1.7,76,NORTH,0,1.6,1016.53,0,0,0,0,,
2022-04-03,21:00,5.3,1.7,78,NORTH,0,1.6,1016.46,0,0,0,0,,
2022-04-03,21:15,5.3,1.7,78,NORTH,0,0,1016.49,0,0,0,0,,
2022-04-03,21:30,4.7,1.7,80,NORTH,0,0,1016.63,0,0,0,0,,
2022-04-03,21:45,5.8,1.7,76,WNW,1.6,1.6,1016.8,0,0,0,0,,
2022-04-03,22:00,5.9,1.1,73,WNW,3.2,4.8,1016.7,0,0,0,0,,
2022-04-03,22:15,6.2,0.6,69,NNW,6.4,4.8,1016.76,0,0,0,0,,
2022-04-03,22:30,6.5,0.6,68,,1.6,8,1016.56,0,0,0,0,,
2022-04-03,22:45,6.4,1.1,69,NNW,3.2,6.4,1016.73,0,0,0,0,,
2022-04-03,23:00,6.5,1.1,71,NORTH,0,4.8,1016.73,0,0,0,0,,
2022-04-03,23:15,6,1.1,73,,1.6,4.8,1016.63,0,0,0,0,,
2022-04-03,23:30,6,1.7,73,,1.6,4.8,1016.93,0,0,0,0,,
2022-04-03,23:45,5.7,1.7,75,,1.6,3.2,1017,0,0,0,0,,
2022-04-03,OVR,,,,,,,,,,,,gustmax,40.2
2022-04-03,OVR,,,,,,,,,,,,rainrate_max,0
2022-04-03,OVR,,,,,,,,,,,,rain_total_mm,0
2022-04-03,OVR,,,,,,,,,,,,tmax,11
2022-04-03,OVR,,,,,,,,,,,,tmin,4.7
2022-04-03,OVR,,,,,,,,,,,,wind_dir_mean_deg,292.5
2022-04-04,00:00,5.9,1.7,75,NNW,4.8,8,1017.07,0,0,0,0,,
2022-04-04,00:15,5.4,1.1,76,NORTH,0,8,1017.07,0,0,0,0,,
2022-04-04,00:30,5.5,1.7,77,NNW,1.6,3.2,1017.17,0,0,0,0,,
2022-04-04,00:45,5.4,1.7,77,NNW,1.6,6.4,1017.2,0,0,0,0,,
2022-04-04,01:00,5.6,1.7,76,NNW,1.6,3.2,1017.2,0,0,0,0,,
2022-04-04,01:15,5.8,1.7,75,NORTH,0,4.8,1017.03,0,0,0,0,,
2022-04-04,01:30,5.9,1.7,75,NNW,4.8,4.8,1017.17,0,0,0,0,,
2022-04-04,01:45,5.7,1.7,76,NNW,3.2,4.8,1017,0,0,0,0,,
2022-04-04,02:00,5.8,1.7,75,NORTH,0,1.6,1017,0,0,0,0,,
2022-04-04,02:15,5.7,1.7,77,NORTH,0,3.2,1016.93,0,0,0,0,,
2022-04-04,02:30,5.5,1.7,77,NORTH,0,0,1016.9,0,0,0,0,,
2022-04-04,02:45,5.5,1.7,77,NORTH,0,0,1016.59,0,0,0,0,,
2022-04-04,03:00,5.3,1.7,77,NORTH,0,0,1016.46,0,0,0,0,,
2022-04-04,03:15,6,1.1,73,NORTH,0,0,1016.32,0,0,0,0,,
2022-04-04,03:30,6.1,1.7,73,NORTH,0,0,1016.22,0,0,0,0,,
2022-04-04,03:45,5.9,1.1,74,NORTH,0,0,1016.39,0,0,0,0,,
2022-04-04,04:00,6.2,1.7,73,NORTH,0,1.6,1016.22,0,0,0,0,,
2022-04-04,04:15,6.2,1.7,72,NORTH,0,0,1016.42,0,0,0,0,,
2022-04-04,04:30,6.4,1.7,72,NORTH,0,0,1016.19,0,0,0,0,,
2022-04-04,04:45,5.7,1.7,77,NORTH,0,0,1015.92,0,0,0,0,,
2022-04-04,05:00,5.9,1.7,75,NORTH,0,0,1016.02,0,0,0,0,,
2022-04-04,05:15,5.9,1.7,74,NORTH,0,0,1015.75,0,0,0,0,,
2022-04-04,05:30,6.2,1.7,73,NNW,3.2,3.2,1015.82,0,0,0,0,,
2022-04-04,05:45,6.3,1.7,73,NE,4.8,6.4,1015.58,0,0,0,0,,
2022-04-04,06:00,6.2,1.7,73,ESE,9.7,11.3,1015.61,0,0,0,0,,
2022-04-04,06:15,6.3,1.7,74,ESE,6.4,9.7,1015.48,0,0,0,0,,
2022-04-04,06:30,6.4,2.2,75,ESE,6.4,11.3,1015.58,0,0,0,0,,
2022-04-04,06:45,6.6,2.2,75,ESE,6.4,11.3,1015.68,0,0,0,0,,
2022-04-04,07:00,6.8,2.2,75,ESE,6.4,9.7,1015.51,0,0,0,0,,
2022-04-04,07:15,7.1,2.2,73,ESE,6.4,11.3,1015.88,0,0,0,0,,
2022-04-04,07:30,7.3,2.2,72,EAST,4.8,11.3,1015.85,0,0,0,0,,
2022-04-04,07:45,7.3,2.2,72,ESE,4.8,11.3,1016.09,0,0,0,12,,
2022-04-04,08:00,6.8,2.8,75,SE,12.9,16.1,1016.22,0,0,0,33,,
2022-04-04,08:15,6.6,2.8,79,SE,8,17.7,1016.22,0,0,0,21,,
2022-04-04,08:30,6.5,3.3,81,ESE,6.4,12.9,1016.53,0,0,0,23,,
2022-04-04,08:45,6.5,3.3,82,ESE,6.4,14.5,1016.63,0,0,0,44,,
2022-04-04,09:00,6.7,3.9,82,EAST,9.7,17.7,1016.46,0,0,0,67,,
2022-04-04,09:15,6.7,3.9,82,SE,6.4,16.1,1016.19,0,0,0,86,,
2022-04-04,09:30,6.7,3.9,83,ESE,3.2,16.1,1016.42,0,0,0,88,,
2022-04-04,09:45,6.7,3.9,82,ESE,4.8,16.1,1016.09,0,0,0,93,,
2022-04-04,10:00,7.1,3.9,80,ESE,3.2,17.7,1016.22,0,0,0,83,,
2022-04-04,10:15,7.2,3.9,80,ESE,4.8,17.7,1016.49,0,0,0,77,,
2022-04-04,10:30,7.3,3.9,81,EAST,4.8,19.3,1016.46,0,0,0,74,,
2022-04-04,10:45,7.3,4.4,81,ESE,9.7,17.7,1016.42,0,0,0,91,,
2022-04-04,11:00,7.4,4.4,82,NE,3.2,17.7,1016.59,0,0,0,102,,
2022-04-04,11:15,7.5,4.4,82,ENE,9.7,20.9,1016.32,0,0,1,105,,
2022-04-04,11:30,7.7,4.4,82,NE,19.3,22.5,1016.36,0,0,1,109,,
2022-04-04,11:45,7.8,4.4,82,ENE,14.5,25.7,1016.39,0,0,1,121,,
2022-04-04,12:00,7.8,4.4,81,EAST,16.1,24.1,1016.32,0,0,1,128,,
2022-04-04,12:15,8,4.4,81,ENE,16.1,19.3,1016.29,0,0,1,160,,
2022-04-04,12:30,8.2,4.4,79,ESE,11.3,25.7,1016.12,0,0,1,130,,
2022-04-04,12:45,8.3,5,79,NE,19.3,24.1,1016.12,0,0,1,127,,
2022-04-04,13:00,8.3,4.4,78,EAST,17.7,24.1,1016.02,0,0,1,174,,
2022-04-04,13:15,8.7,5,78,EAST,12.9,22.5,1015.92,0,0,1,214,,
2022-04-04,13:30,8.9,5,78,ENE,14.5,20.9,1015.68,0,0,2,253,,
2022-04-04,13:45,9.1,5,77,ENE,20.9,25.7,1015.58,0,0,2,283,,
2022-04-04,14:00,9.4,5.6,77,EAST,14.5,24.1,1015.58,0,0,2,327,,
2022-04-04,14:15,9.5,5.6,76,EAST,20.9,27.4,1015.1,0,0,2,371,,
2022-04-04,14:30,9.8,5.6,76,EAST,8,27.4,1014.87,0,0,3,496,,
2022-04-04,14:45,10.2,6.1,76,NE,14.5,25.7,1014.63,0,0,3,499,,
2022-04-04,15:00,10.3,5.6,74,ENE,17.7,24.1,1014.66,0,0,2,408,,
2022-04-04,15:15,10.7,5.6,71,NE,19.3,20.9,1014.36,0,0,3,506,,
2022-04-04,15:30,11.1,5.6,70,ENE,14.5,25.7,1014.33,0,0,3,526,,
2022-04-04,15:45,11.2,5.6,70,ESE,12.9,24.1,1014.19,0,0,2,434,,
2022-04-04,16:00,11.1,5.6,69,NE,17.7,24.1,1014.16,0,0,2,330,,
2022-04-04,16:15,11.1,5.6,69,EAST,14.5,24.1,1013.95,0,0,1,299,,
2022-04-04,16:30,11.1,5.6,69,ENE,20.9,24.1,1013.99,0,0,1,255,,
2022-04-04,16:45,11.1,5.6,69,ENE,22.5,24.1,1013.99,0,0,1,221,,
2022-04-04,17:00,11,5,68,ENE,17.7,22.5,1013.85,0,0,1,158,,
2022-04-04,17:15,10.8,5,68,NE,11.3,24.1,1013.55,0,0,1,165,,
2022-04-04,17:30,10.7,5,67,EAST,19.3,25.7,1013.24,0,0,0,155,,
2022-04-04,17:45,10.6,4.4,68,EAST,14.5,27.4,1013.14,0,0,0,95,,
2022-04-04,18:00,10.4,4.4,68,NE,11.3,22.5,1013.28,0,0,0,69,,
2022-04-04,18:15,10.2,4.4,69,NE,11.3,22.5,1012.97,0,0,0,56,,
2022-04-04,18:30,10.1,4.4,69,ENE,14.5,22.5,1012.97,0,0,0,58,,
2022-04-04,18:45,9.9,4.4,70,EAST,8,19.3,1013.17,0,0,0,44,,
2022-04-04,19:00,9.8,4.4,71,ENE,8,20.9,1013.14,0,0,0,30,,
2022-04-04,19:15,9.6,4.4,71,ENE,12.9,22.5,1013.07,0,0,0,18,,
2022-04-04,19:30,9.5,4.4,72,EAST,8,20.9,1013,0,0,0,9,,
2022-04-04,19:45,9.3,4.4,72,EAST,11.3,22.5,1013,0,0,0,0,,
2022-04-04,20:00,9.2,4.4,73,EAST,12.9,19.3,1013.07,0,0,0,0,,
2022-04-04,20:15,9.1,4.4,73,ENE,12.9,20.9,1013.14,0,0,0,0,,
2022-04-04,20:30,9,3.9,72,ENE,9.7,20.9,1013.21,0,0,0,0,,
2022-04-04,20:45,8.9,4.4,73,EAST,11.3,20.9,1013.34,0,0,0,0,,
2022-04-04,21:00,8.8,4.4,74,ENE,19.3,27.4,1013.21,0,0,0,0,,
2022-04-04,21:15,8.8,4.4,75,ENE,16.1,24.1,1013.38,0,0,0,0,,
2022-04-04,21:30,8.8,4.4,75,EAST,16.1,19.3,1013.44,0,0,0,0,,
2022-04-04,21:45,8.7,4.4,75,ENE,12.9,20.9,1013.51,0,0,0,0,,
2022-04-04,22:00,8.6,4.4,76,EAST,8,19.3,1013.58,0,0,0,0,,
2022-04-04,22:15,8.6,4.4,76,ENE,8,19.3,1013.61,0,0,0,0,,
2022-04-04,22:30,8.6,4.4,77,EAST,6.4,16.1,1013.68,0,0,0,0,,
2022-04-04,22:45,8.4,4.4,77,ESE,9.7,17.7,1013.75,0,0,0,0,,
2022-04-04,23:00,8.3,4.4,77,ESE,9.7,17.7,1013.85,0,0,0,0,,
2022-04-04,23:15,8.3,4.4,77,ESE,12.9,19.3,1013.99,0,0,0,0,,
2022-04-04,23:30,8.3,4.4,77,ENE,14.5,17.7,1014.12,0,0,0,0,,
2022-04-04,23:45,8.4,4.4,76,ENE,17.7,17.7,1013.88,0,0,0,0,,
2022-04-04,OVR,,,,,,,,,,,,gustmax,22.5
2022-04-04,OVR,,,,,,,,,,,,rainrate_max,0
2022-04-04,OVR,,,,,,,,,,,,rain_total_mm,0
2022-04-04,OVR,,,,,,,,,,,,tmax,11.2
2022-04-04,OVR,,,,,,,,,,,,tmin,5.3
2022-04-04,OVR,,,,,,,,,,,,wind_dir_mean_deg,67.5
2022-04-05,00:00,8.3,4.4,77,EAST,12.9,16.1,1013.92,0,0,0,0,,
2022-04-05,00:15,8.2,4.4,77,EAST,11.3,14.5,1013.85,0,0,0,0,,
2022-04-05,00:30,8.1,4.4,78,EAST,9.7,14.5,1013.88,0,0,0,0,,
2022-04-05,00:45,8.1,4.4,78,ENE,9.7,14.5,1013.95,0,0,0,0,,
2022-04-05,01:00,8.1,4.4,78,EAST,6.4,8,1013.82,0,0,0,0,,
2022-04-05,01:15,7.9,3.9,78,EAST,4.8,8,1013.61,0,0,0,0,,
2022-04-05,01:30,7.8,4.4,79,EAST,3.2,9.7,1013.92,0,0,0,0,,
2022-04-05,01:45,7.8,4.4,79,EAST,6.4,8,1013.61,0,0,0,0,,
2022-04-05,02:00,8,4.4,78,EAST,6.4,12.9,1013.48,0,0,0,0,,
2022-04-05,02:15,8.1,3.9,77,ENE,4.8,12.9,1013.44,0,0,0,0,,
2022-04-05,02:30,8.1,4.4,77,EAST,6.4,9.7,1013.51,0,0,0,0,,
2022-04-05,02:45,7.9,3.9,78,EAST,6.4,11.3,1013.48,0,0,0,0,,
2022-04-05,03:00,8.1,4.4,78,NORTH,0,12.9,1013.65,0,0,0,0,,
2022-04-05,03:15,8,4.4,78,NORTH,0,9.7,1013.72,0,0,0,0,,
2022-04-05,03:30,7.8,4.4,79,NORTH,0,0,1013.72,0,0,0,0,,
2022-04-05,03:45,7.7,4.4,80,NORTH,0,0,1013.58,0,0,0,0,,
2022-04-05,04:00,8,4.4,80,EAST,14.5,14.5,1013.31,0,0,0,0,,
2022-04-05,04:15,8.2,4.4,79,ENE,4.8,16.1,1013.34,0,0,0,0,,
2022-04-05,04:30,8.3,4.4,79,ENE,14.5,16.1,1013.17,0,0,0,0,,
2022-04-05,04:45,8.3,5,79,ESE,11.3,19.3,1012.97,0,0,0,0,,
2022-04-05,05:00,8.2,5,80,ENE,16.1,17.7,1013,0,0,0,0,,
2022-04-05,05:15,8.2,5,80,ENE,8,14.5,1013,0,0,0,0,,
2022-04-05,05:30,8.1,5,81,ENE,11.3,14.5,1012.67,0,0,0,0,,
2022-04-05,06:15,7.9,5,82,ENE,9.7,14.5,1012.29,0,0,0,0,,
2022-04-05,06:30,7.8,5,82,EAST,4.8,14.5,1012.23,0,0,0,0,,
2022-04-05,06:45,7.8,5,82,ENE,11.3,17.7,1012.5,0,0,0,0,,
2022-04-05,07:00,7.8,5,82,NE,8,16.1,1012.29,0,0,0,0,,
2022-04-05,07:15,7.8,5,82,NE,6.4,16.1,1012.63,0,0,0,0,,
2022-04-05,07:30,7.9,5,82,ENE,4.8,14.5,1012.8,0,0,0,16,,
2022-04-05,07:45,8.1,5,82,ENE,8,14.5,1013.07,0,0,0,23,,
2022-04-05,08:00,8.2,5,81,EAST,11.3,17.7,1012.94,0,0,0,35,,
2022-04-05,08:15,8.3,5,80,EAST,12.9,20.9,1013.04,0,0,0,54,,
2022-04-05,08:30,8.6,5,79,EAST,6.4,19.3,1013.17,0,0,0,93,,
2022-04-05,08:45,8.7,5,79,ENE,17.7,19.3,1013.34,0,0,0,130,,
2022-04-05,09:00,8.9,5,79,EAST,11.3,16.1,1013.44,0,0,0,178,,
2022-04-05,09:15,9.2,5.6,79,EAST,4.8,14.5,1013.58,0,0,1,188,,
2022-04-05,09:30,9.4,5.6,78,ENE,8,12.9,1013.72,0,0,1,193,,
2022-04-05,09:45,9.6,5.6,78,EAST,11.3,14.5,1013.82,0,0,1,490,,
2022-04-05,10:00,10.4,6.1,77,ENE,9.7,19.3,1013.85,0,0,1,397,,
2022-04-05,10:15,10.7,6.7,76,EAST,8,16.1,1013.75,0,0,2,513,,
2022-04-05,10:30,11.3,6.7,75,ENE,6.4,16.1,1013.75,0,0,2,585,,
2022-04-05,10:45,11.8,7.2,73,EAST,12.9,19.3,1013.75,0,0,3,633,,
2022-04-05,11:00,11.8,6.7,72,ESE,9.7,25.7,1013.85,0,0,3,661,,
2022-04-05,11:15,12.2,7.2,72,EAST,14.5,17.7,1013.72,0,0,3,693,,
2022-04-05,11:30,12.7,7.2,72,EAST,9.7,20.9,1013.75,0,0,4,731,,
2022-04-05,11:45,12.9,7.2,70,SE,3.2,19.3,1013.85,0,0,4,756,,
2022-04-05,12:00,13.5,7.8,69,ENE,9.7,19.3,1013.88,0,0,4,780,,
2022-04-05,12:15,13.5,7.2,67,ESE,6.4,19.3,1013.61,0,0,4,800,,
2022-04-05,12:30,14.1,7.8,66,ESE,12.9,16.1,1013.58,0,0,5,816,,
2022-04-05,12:45,13.8,6.7,63,EAST,3.2,19.3,1013.48,0,0,5,830,,
2022-04-05,13:00,14.3,7.2,64,ESE,8,12.9,1013.61,0,0,5,833,,
2022-04-05,13:15,14.5,7.2,62,,4.8,14.5,1013.51,0,0,5,835,,
2022-04-05,13:30,14.3,6.7,60,EAST,1.6,12.9,1013.34,0,0,5,835,,
2022-04-05,13:45,15.3,7.2,58,EAST,4.8,12.9,1013.21,0,0,5,831,,
2022-04-05,14:00,15.1,7.8,62,SSE,4.8,16.1,1013.14,0,0,5,830,,
2022-04-05,14:15,15.1,7.2,59,ESE,6.4,17.7,1012.87,0,0,4,835,,
2022-04-05,14:30,15.5,7.2,59,NNE,6.4,11.3,1012.84,0,0,5,812,,
2022-04-05,14:45,15.9,7.8,58,WSW,6.4,12.9,1012.77,0,0,4,831,,
2022-04-05,15:00,15.3,6.7,57,ESE,4.8,19.3,1012.7,0,0,4,628,,
2022-04-05,15:15,15.8,7.2,58,ESE,3.2,11.3,1012.5,0,0,4,754,,
2022-04-05,15:30,15.9,7.8,58,SE,6.4,14.5,1012.33,0,0,3,719,,
2022-04-05,15:45,15.3,8.3,63,SE,8,16.1,1012.26,0,0,2,195,,
2022-04-05,16:00,15.7,8.9,64,ESE,12.9,14.5,1012.09,0,0,3,281,,
2022-04-05,16:15,15.7,9.4,66,SSE,12.9,16.1,1011.95,0,0,3,608,,
2022-04-05,16:30,15.3,8.9,67,SE,8,17.7,1011.99,0,0,2,575,,
2022-04-05,16:45,15.2,8.9,65,SOUTH,3.2,19.3,1011.95,0,0,2,262,,
2022-04-05,17:00,14.6,8.3,67,SSE,8,17.7,1011.89,0,0,1,432,,
2022-04-05,17:15,14.6,8.9,69,SE,8,17.7,1011.72,0,0,1,383,,
2022-04-05,17:30,14.1,8.9,72,SSE,11.3,17.7,1011.75,0,0,1,128,,
2022-04-05,17:45,13.7,8.9,74,SOUTH,11.3,20.9,1011.72,0,0,1,139,,
2022-04-05,18:00,13.7,8.9,74,SE,6.4,19.3,1011.62,0,0,1,162,,
2022-04-05,18:15,13.5,8.9,73,SE,11.3,17.7,1011.72,0,0,0,132,,
2022-04-05,18:30,13.3,8.3,74,ESE,8,17.7,1011.48,0,0,0,167,,
2022-04-05,18:45,13.1,8.3,75,SSE,12.9,20.9,1011.68,0,0,0,67,,
2022-04-05,19:00,12.7,8.3,75,SSE,9.7,16.1,1011.79,0,0,0,67,,
2022-04-05,19:15,12.4,7.8,75,SE,4.8,17.7,1012.16,0,0,0,33,,
2022-04-05,19:30,11.9,7.2,75,SE,8,16.1,1012.12,0,0,0,18,,
2022-04-05,19:45,11.4,6.7,74,SE,11.3,16.1,1012.23,0,0,0,0,,
2022-04-05,20:00,11.2,6.7,73,SE,6.4,16.1,1012.16,0,0,0,0,,
2022-04-05,20:15,11,6.7,75,SE,8,14.5,1012.33,0,0,0,0,,
2022-04-05,20:30,10.8,6.7,76,SE,6.4,14.5,1012.46,0,0,0,0,,
2022-04-05,20:45,10.5,6.7,78,SE,11.3,16.1,1012.43,0,0,0,0,,
2022-04-05,21:00,10.4,6.7,79,ESE,4.8,12.9,1012.46,0,0,0,0,,
2022-04-05,21:15,10,6.1,78,ESE,4.8,12.9,1012.8,0,0,0,0,,
2022-04-05,21:30,10.1,5.6,74,EAST,6.4,14.5,1012.8,0,0,0,0,,
2022-04-05,21:45,10.2,5.6,74,ESE,11.3,17.7,1012.46,0,0,0,0,,
2022-04-05,22:00,10.1,5.6,75,ENE,12.9,19.3,1012.39,0,0,0,0,,
2022-04-05,22:15,10,6.1,77,EAST,8,20.9,1012.43,0,0,0,0,,
2022-04-05,22:30,9.9,6.1,77,ENE,16.1,22.5,1012.43,0,0,0,0,,
2022-04-05,22:45,10,6.1,78,ENE,14.5,20.9,1012.26,0,0,0,0,,
2022-04-05,23:00,9.9,6.1,79,ENE,9.7,17.7,1012.19,0,0,0,0,,
2022-04-05,23:15,9.8,6.1,79,EAST,9.7,20.9,1012.8,0,0,0,0,,
2022-04-05,23:30,9.7,6.1,80,EAST,8,17.7,1012.46,0,0,0,0,,
2022-04-05,23:45,9.6,6.1,80,EAST,9.7,17.7,1012.63,0,0,0,0,,
2022-04-05,OVR,,,,,,,,,,,,gustmax,17.7
2022-04-05,OVR,,,,,,,,,,,,rainrate_max,0
2022-04-05,OVR,,,,,,,,,,,,rain_total_mm,0
2022-04-05,OVR,,,,,,,,,,,,tmax,16.2
2022-04-05,OVR,,,,,,,,,,,,tmin,7.7
2022-04-05,OVR,,,,,,,,,,,,wind_dir_mean_deg,90
2022-04-06,00:00,9.4,6.1,82,NE,16.1,17.7,1012.26,0,0,0,0,,
2022-04-06,00:15,9.2,6.1,82,ENE,12.9,19.3,1011.85,0,0,0,0,,
2022-04-06,00:30,9,6.1,83,EAST,11.3,19.3,1011.75,0,0,0,0,,
2022-04-06,00:45,8.9,6.1,84,EAST,11.3,16.1,1011.41,0,0,0,0,,
2022-04-06,01:00,8.7,6.1,84,ENE,11.3,17.7,1011.21,0,0,0,0,,
2022-04-06,01:15,8.8,6.1,85,ESE,16.1,17.7,1011.65,0,0,0,0,,
2022-04-06,01:30,8.8,6.1,85,EAST,11.3,16.1,1011.65,0,0,0,0,,
2022-04-06,01:45,8.9,6.7,86,ENE,17.7,20.9,1011.51,0,0,0,0,,
2022-04-06,02:00,9.1,6.7,85,EAST,8,24.1,1011.58,0,0,0,0,,
2022-04-06,02:15,9.1,6.7,85,EAST,11.3,16.1,1011.79,0,0,0,0,,
2022-04-06,02:30,9,6.7,85,EAST,11.3,16.1,1011.72,0,0,0,0,,
2022-04-06,02:45,9.1,6.7,85,ENE,9.7,17.7,1011.38,0,0,0,0,,
2022-04-06,03:00,9.1,6.7,85,EAST,12.9,19.3,1011.14,0,0,0,0,,
2022-04-06,03:15,9.1,6.7,85,EAST,11.3,17.7,1010.9,0,0,0,0,,
2022-04-06,03:30,9.2,6.7,85,EAST,6.4,17.7,1010.7,0,0,0,0,,
2022-04-06,03:45,9.3,6.7,85,ENE,12.9,17.7,1010.4,0,0,0,0,,
2022-04-06,04:00,9.2,6.7,86,ESE,6.4,17.7,1009.96,0,0,0,0,,
2022-04-06,04:15,9.2,6.7,86,EAST,19.3,30.6,1009.11,0,0,0,0,,
2022-04-06,04:30,9.1,6.7,87,ESE,27.4,35.4,1008.4,0,0,0,0,,
2022-04-06,04:45,9.2,7.2,87,ENE,6.4,20.9,1009.45,0,0,0,0,,
2022-04-06,05:00,9.1,7.2,88,ESE,17.7,24.1,1009.18,0,0,0,0,,
2022-04-06,05:15,9.1,7.2,88,EAST,14.5,20.9,1009.21,0,0,0,0,,
2022-04-06,05:30,9.1,7.2,88,EAST,3.2,12.9,1009.72,0,0,0,0,,
2022-04-06,05:45,9.2,7.2,88,EAST,4.8,9.7,1009.92,0,0,0,0,,
2022-04-06,06:00,9.3,7.2,88,EAST,6.4,16.1,1009.75,0,0,0,0,,
2022-04-06,06:15,9.2,7.2,89,ENE,8,14.5,1009.82,0,0,0,0,,
2022-04-06,06:30,9.1,7.2,89,ENE,9.7,16.1,1009.72,0,0,0,0,,
2022-04-06,06:45,8.9,7.2,89,EAST,6.4,16.1,1009.28,0.25,0.25,0,0,,
2022-04-06,07:00,8.8,7.2,90,NE,6.4,19.3,1008.94,0.25,0.25,0,0,,
2022-04-06,07:15,8.8,7.2,91,ENE,8,19.3,1009.35,0.25,0.25,0,0,,
2022-04-06,07:30,8.8,7.2,91,ENE,8,17.7,1009.58,0.51,0.51,0,23,,
2022-04-06,07:45,8.8,7.2,91,EAST,4.8,14.5,1009.85,0.51,0.25,0,23,,
2022-04-06,08:00,8.9,7.2,91,SSE,1.6,12.9,1010.4,0.51,0.25,0,46,,
2022-04-06,08:15,9,7.8,92,NORTH,0,6.4,1010.57,0.51,0.25,0,32,,
2022-04-06,08:30,8.9,7.8,92,ESE,3.2,8,1010.3,0.51,0,0,39,,
2022-04-06,08:45,9.2,7.8,92,ENE,3.2,14.5,1010.63,0.51,0,0,46,,
2022-04-06,09:00,9.3,7.8,92,NORTH,0,8,1010.77,0.51,0,0,72,,
2022-04-06,09:15,9.4,7.8,92,NNE,3.2,6.4,1010.77,0.51,0,0,90,,
2022-04-06,09:30,9.7,8.3,91,NORTH,0,8,1010.7,0.51,0,0,104,,
2022-04-06,09:45,9.8,7.8,90,NNW,8,12.9,1010.9,0.51,0,0,58,,
2022-04-06,10:00,9.6,7.8,90,WEST,12.9,22.5,1011.65,0.51,0,0,9,,
2022-04-06,10:15,9.4,7.8,91,ENE,11.3,16.1,1011.21,1.27,0.76,0,33,,
2022-04-06,10:30,9.3,7.8,91,EAST,11.3,17.7,1010.57,2.29,2.03,0,44,,
2022-04-06,10:45,9.3,7.8,91,ENE,16.1,22.5,1010.33,3.3,2.79,0,77,,
2022-04-06,11:00,9.3,7.8,92,ENE,25.7,27.4,1009.92,4.32,4.06,1,118,,
2022-04-06,11:15,9.8,8.3,93,EAST,24.1,30.6,1009.82,4.57,3.3,2,255,,
2022-04-06,11:30,10.2,8.9,93,NE,14.5,27.4,1009.72,4.57,2.03,2,315,,
2022-04-06,11:45,10.9,9.4,92,ESE,9.7,19.3,1009.55,4.57,1.52,3,482,,
2022-04-06,12:00,11.6,10,90,EAST,9.7,20.9,1009.65,4.57,0.25,2,320,,
2022-04-06,12:15,12.1,10,89,ESE,11.3,17.7,1009.28,4.57,0,5,780,,
2022-04-06,12:30,13.8,11.7,87,EAST,9.7,11.3,1009.28,4.57,0,5,828,,
2022-04-06,12:45,14.2,10.6,80,SE,12.9,16.1,1009.35,4.57,0,5,846,,
2022-04-06,13:00,14.7,11.1,81,ESE,4.8,22.5,1009.18,4.57,0,5,870,,
2022-04-06,13:15,14.8,10.6,77,SE,11.3,16.1,1008.94,4.57,0,5,863,,
2022-04-06,13:30,15,11.1,78,SE,12.9,16.1,1008.74,4.57,0,5,860,,
2022-04-06,13:45,15.4,11.1,77,ESE,3.2,17.7,1008.67,4.57,0,5,884,,
2022-04-06,14:00,15.7,11.1,76,ESE,9.7,17.7,1008.36,4.57,0,6,984,,
2022-04-06,14:15,15.6,11.1,75,SE,16.1,20.9,1008.36,4.57,0,3,461,,
2022-04-06,14:30,15.6,11.1,75,SSE,6.4,17.7,1008.36,4.57,0,4,536,,
2022-04-06,14:45,15.8,11.7,77,SSE,3.2,17.7,1007.99,4.57,0,3,483,,
2022-04-06,15:00,15.5,11.7,78,SSE,6.4,14.5,1008.03,4.57,0,2,253,,
2022-04-06,15:15,15.3,11.7,80,SSE,1.6,16.1,1007.86,4.57,0,1,220,,
2022-04-06,15:30,15.8,12.2,79,SSE,6.4,17.7,1007.59,4.57,0,2,269,,
2022-04-06,15:45,15.2,11.7,80,ESE,11.3,17.7,1007.35,4.57,0,2,202,,
2022-04-06,16:00,14.7,11.7,84,SE,4.8,16.1,1007.42,4.83,0.25,2,287,,
2022-04-06,16:15,14.8,12.2,84,SSE,9.7,16.1,1007.04,4.83,0.25,1,148,,
2022-04-06,16:30,14.6,12.2,85,SE,3.2,16.1,1007.08,4.83,0.25,0,40,,
2022-04-06,16:45,13.3,11.7,90,SOUTH,3.2,16.1,1007.21,10.16,5.59,0,79,,
2022-04-06,17:00,13.7,12.2,91,SOUTH,1.6,11.3,1007.11,10.16,5.33,0,72,,
2022-04-06,17:15,13.3,11.7,91,WNW,14.5,16.1,1007.15,10.16,5.33,1,105,,
2022-04-06,17:30,12.9,11.1,91,WEST,4.8,30.6,1007.15,10.16,5.33,0,70,,
2022-04-06,17:45,12.4,10.6,89,SSE,1.6,25.7,1007.21,10.16,0,0,95,,
2022-04-06,18:00,12.2,10,87,WEST,1.6,22.5,1007.11,10.16,0,0,26,,
2022-04-06,18:15,12.1,9.4,86,WNW,4.8,16.1,1007.08,10.16,0,0,21,,
2022-04-06,18:30,11.9,9.4,85,WEST,6.4,14.5,1007.18,10.16,0,0,30,,
2022-04-06,18:45,11.9,9.4,86,WEST,4.8,16.1,1007.32,10.16,0,0,9,,
2022-04-06,19:00,11.9,9.4,86,WEST,9.7,24.1,1007.25,10.16,0,0,28,,
2022-04-06,19:15,12,9.4,86,WNW,11.3,24.1,1007.08,10.16,0,0,49,,
2022-04-06,19:30,12,9.4,85,WNW,4.8,19.3,1007.11,10.16,0,0,18,,
2022-04-06,19:45,11.9,9.4,86,WNW,6.4,17.7,1007.21,10.16,0,0,0,,
2022-04-06,20:00,11.7,9.4,88,WNW,8,14.5,1007.32,11.18,1.02,0,0,,
2022-04-06,20:15,11.3,9.4,90,WNW,9.7,12.9,1007.35,11.94,1.78,0,0,,
2022-04-06,20:30,11.1,9.4,91,WEST,4.8,12.9,1007.76,12.45,2.29,0,0,,
2022-04-06,20:45,11,9.4,92,WEST,4.8,17.7,1007.96,12.45,2.29,0,0,,
2022-04-06,21:00,11,9.4,93,WEST,4.8,14.5,1008.2,12.45,1.27,0,0,,
2022-04-06,21:15,10.9,9.4,93,WNW,16.1,22.5,1008.74,12.45,0.51,0,0,,
2022-04-06,21:30,10.4,8.9,93,WNW,16.1,24.1,1009.01,12.45,0,0,0,,
2022-04-06,21:45,10.4,8.9,93,WNW,12.9,19.3,1009.28,12.7,0.25,0,0,,
2022-04-06,22:00,10.3,8.9,93,WNW,9.7,14.5,1009.35,12.7,0.25,0,0,,
2022-04-06,22:15,10.4,9.4,93,WEST,14.5,14.5,1009.62,12.7,0.25,0,0,,
2022-04-06,22:30,10.4,9.4,94,WNW,9.7,17.7,1009.69,12.7,0.25,0,0,,
2022-04-06,22:45,10.4,9.4,94,WEST,6.4,19.3,1009.69,12.7,0,0,0,,
2022-04-06,23:00,10.4,9.4,94,WEST,11.3,19.3,1009.52,12.7,0,0,0,,
2022-04-06,23:15,10.4,9.4,94,WNW,8,22.5,1009.52,12.7,0,0,0,,
2022-04-06,23:30,10.4,9.4,94,WEST,6.4,16.1,1009.48,12.7,0,0,0,,
2022-04-06,23:45,10.4,9.4,94,WNW,11.3,19.3,1009.52,12.7,0,0,0,,
2022-04-06,OVR,,,,,,,,,,,,gustmax,27.4
2022-04-06,OVR,,,,,,,,,,,,rainrate_max,137.2
2022-04-06,OVR,,,,,,,,,,,,rain_total_mm,12.6
2022-04-06,OVR,,,,,,,,,,,,tmax,16.2
2022-04-06,OVR,,,,,,,,,,,,tmin,8.7
2022-04-06,OVR,,,,,,,,,,,,wind_dir_mean_deg,90
2022-04-07,00:00,10.4,9.4,95,WEST,3.2,16.1,1009.52,0,0,0,0,,
2022-04-07,00:15,10.6,9.4,95,WEST,19.3,24.1,1009.58,0.76,0.76,0,0,,
2022-04-07,00:30,10.4,9.4,95,WEST,12.9,20.9,1009.62,1.52,1.52,0,0,,
2022-04-07,00:45,10.2,9.4,95,WEST,14.5,27.4,1009.52,2.29,2.29,0,0,,
2022-04-07,01:00,10.1,8.9,95,WEST,14.5,29,1009.65,2.79,2.54,0,0,,
2022-04-07,01:15,10.1,8.9,95,NW,20.9,27.4,1009.62,3.05,2.29,0,0,,
2022-04-07,01:30,10,8.9,95,WNW,12.9,25.7,1009.55,3.56,2.29,0,0,,
2022-04-07,01:45,10.2,9.4,95,WNW,12.9,25.7,1009.55,4.06,1.78,0,0,,
2022-04-07,02:00,10.4,9.4,95,WEST,22.5,25.7,1009.75,4.32,1.52,0,0,,
2022-04-07,02:15,10.1,9.4,95,WEST,17.7,32.2,1009.92,4.32,1.27,0,0,,
2022-04-07,02:30,9.8,8.9,95,WEST,17.7,27.4,1009.96,4.32,0.51,0,0,,
2022-04-07,02:45,9.7,8.9,95,WEST,24.1,30.6,1010.23,4.32,0.25,0,0,,
2022-04-07,03:00,9.8,8.9,95,WEST,25.7,37,1010.5,4.32,0,0,0,,
2022-04-07,03:15,9.5,8.3,95,WEST,20.9,40.2,1010.63,4.32,0,0,0,,
2022-04-07,03:30,9.3,8.3,95,WEST,16.1,30.6,1011.18,4.32,0,0,0,,
2022-04-07,03:45,9,7.8,95,WEST,24.1,35.4,1011.48,4.32,0,0,0,,
2022-04-07,04:00,8.6,7.8,95,WEST,38.6,41.8,1011.75,4.32,0,0,0,,
2022-04-07,04:15,8.4,7.2,94,WEST,29,49.9,1012.02,4.32,0,0,0,,
2022-04-07,04:30,8.4,7.2,94,NW,11.3,41.8,1012.29,4.32,0,0,0,,
2022-04-07,04:45,8.6,7.2,94,WEST,16.1,20.9,1012.43,4.32,0,0,0,,
2022-04-07,05:00,8.9,7.8,93,WEST,38.6,35.4,1012.84,4.32,0,0,0,,
2022-04-07,05:15,8.9,7.8,92,WNW,14.5,30.6,1012.9,4.32,0,0,0,,
2022-04-07,05:30,8.9,7.8,92,NNW,9.7,20.9,1013,4.32,0,0,0,,
2022-04-07,05:45,8.9,7.2,91,NNW,4.8,14.5,1013.04,4.32,0,0,0,,
2022-04-07,06:00,8.9,7.2,91,NW,6.4,8,1012.77,4.32,0,0,0,,
2022-04-07,06:15,9.1,7.8,91,WNW,3.2,12.9,1012.84,4.32,0,0,0,,
2022-04-07,06:30,8.9,7.2,92,WNW,4.8,6.4,1012.8,4.57,0.51,0,0,,
2022-04-07,06:45,9,7.8,93,WNW,9.7,20.9,1012.84,5.08,0.76,0,0,,
2022-04-07,07:00,9.6,8.3,94,WNW,17.7,35.4,1013.31,5.08,0.76,0,0,,
2022-04-07,07:15,10.1,8.9,94,WNW,25.7,35.4,1013.51,5.08,1.02,0,0,,
2022-04-07,08:00,10.6,9.4,94,WEST,40.2,46.7,1014.43,5.08,0,0,0,,
2022-04-07,08:15,10.6,9.4,94,WNW,20.9,45.1,1014.77,5.33,0.25,0,16,,
2022-04-07,08:30,10.6,9.4,94,WEST,35.4,41.8,1015.04,5.33,0.25,0,42,,
2022-04-07,08:45,10.6,9.4,93,WNW,35.4,43.5,1014.9,5.33,0.25,0,44,,
2022-04-07,09:00,10.6,9.4,93,WEST,27.4,51.5,1015.21,5.33,0.25,0,83,,
2022-04-07,09:15,10.9,9.4,92,WNW,27.4,46.7,1015.24,5.33,0,0,74,,
2022-04-07,09:30,11.1,9.4,91,WEST,41.8,53.1,1015.58,5.33,0,1,209,,
2022-04-07,09:45,11.7,9.4,88,WNW,30.6,51.5,1015.82,5.33,0,1,246,,
2022-04-07,10:00,11.8,9.4,86,WNW,38.6,53.1,1015.98,5.33,0,1,185,,
2022-04-07,10:15,12.2,9.4,83,NW,46.7,61.2,1016.15,5.33,0,1,190,,
2022-04-07,10:30,12.3,9.4,83,WEST,61.2,57.9,1016.42,5.33,0,1,791,,
2022-04-07,10:45,12.6,9.4,82,WEST,33.8,54.7,1016.46,5.33,0,2,274,,
2022-04-07,11:15,13,9.4,81,WEST,35.4,56.3,1016.59,5.33,0,3,914,,
2022-04-07,11:30,13.1,9.4,81,WEST,30.6,59.5,1016.66,5.33,0,4,902,,
2022-04-07,11:45,13.3,10,81,WNW,20.9,53.1,1016.93,5.33,0,4,914,,
2022-04-07,12:00,13.4,10,79,WEST,38.6,53.1,1017.07,5.33,0,2,211,,
2022-04-07,12:15,13.5,9.4,78,WNW,29,56.3,1016.9,5.33,0,5,909,,
2022-04-07,12:30,13.9,9.4,77,WEST,38.6,62.8,1016.9,5.33,0,5,877,,
2022-04-07,12:45,13.9,9.4,76,WEST,30.6,59.5,1016.83,5.33,0,5,893,,
2022-04-07,13:00,14.3,9.4,74,WEST,27.4,56.3,1017,5.33,0,5,886,,
2022-04-07,13:15,14.4,8.9,72,WEST,29,56.3,1016.93,5.33,0,5,891,,
2022-04-07,13:30,14.8,9.4,72,WEST,37,51.5,1016.7,5.33,0,5,886,,
2022-04-07,13:45,14.9,10,72,WNW,32.2,53.1,1016.7,5.33,0,5,886,,
2022-04-07,14:00,15,10,72,WNW,35.4,49.9,1016.56,5.33,0,5,868,,
2022-04-07,14:15,15.9,9.4,67,WEST,20.9,43.5,1016.7,5.33,0,5,861,,
2022-04-07,14:30,15.4,9.4,69,WNW,35.4,56.3,1016.63,5.33,0,5,865,,
2022-04-07,14:45,15.3,9.4,70,WNW,32.2,54.7,1016.63,5.33,0,5,824,,
2022-04-07,15:00,15.1,9.4,69,WEST,38.6,48.3,1016.56,5.33,0,5,826,,
2022-04-07,15:15,15.3,9.4,69,WSW,22.5,48.3,1016.53,5.33,0,4,793,,
2022-04-07,15:30,15,10,74,WEST,22.5,38.6,1016.53,5.33,0,4,798,,
2022-04-07,15:45,15,10.6,76,WNW,16.1,43.5,1016.49,5.33,0,4,911,,
2022-04-07,16:00,14.7,10.6,78,WNW,14.5,40.2,1016.73,5.33,0,3,287,,
2022-04-07,16:15,14.8,10.6,77,WEST,25.7,37,1016.76,5.33,0,2,229,,
2022-04-07,16:30,14.4,10.6,78,ENE,20.9,40.2,1016.83,5.33,0,3,221,,
2022-04-07,16:45,14.9,10.6,77,WNW,35.4,33.8,1016.46,5.33,0,2,262,,
2022-04-07,17:00,14.6,10.6,78,WNW,20.9,38.6,1016.32,5.33,0,2,601,,
2022-04-07,17:15,14.6,10.6,77,WEST,6.4,30.6,1016.39,5.33,0,2,571,,
2022-04-07,17:30,14.6,10,75,WEST,27.4,32.2,1016.42,5.33,0,1,455,,
2022-04-07,17:45,14.2,10,77,WEST,20.9,33.8,1016.53,5.33,0,1,438,,
2022-04-07,18:15,14.3,10,77,WEST,12.9,19.3,1016.42,5.33,0,1,234,,
2022-04-07,18:30,14,10,78,WEST,4.8,27.4,1016.53,5.33,0,0,186,,
2022-04-07,18:45,13.8,10,79,WNW,12.9,29,1016.22,5.33,0,0,65,,
2022-04-07,19:00,13.4,10,80,WSW,3.2,25.7,1016.59,5.33,0,0,42,,
2022-04-07,19:15,13.2,10,82,WEST,16.1,27.4,1016.8,5.33,0,0,30,,
2022-04-07,19:30,12.8,10,84,SOUTH,11.3,30.6,1016.7,5.33,0,0,19,,
2022-04-07,19:45,12.4,10,85,WNW,24.1,38.6,1016.8,5.33,0,0,9,,
2022-04-07,20:00,12.3,10,85,WEST,16.1,20.9,1017.07,5.33,0,0,0,,
2022-04-07,20:15,12,9.4,86,WEST,9.7,22.5,1017.31,5.33,0,0,0,,
2022-04-07,20:30,11.6,9.4,88,WEST,6.4,16.1,1017.44,5.33,0,0,0,,
2022-04-07,20:45,11.4,9.4,89,WNW,4.8,12.9,1017.81,5.33,0,0,0,,
2022-04-07,21:00,11.3,9.4,90,WEST,4.8,16.1,1017.85,5.33,0,0,0,,
2022-04-07,21:15,11.2,9.4,90,WEST,6.4,12.9,1017.95,5.33,0,0,0,,
2022-04-07,21:30,11.2,9.4,91,WEST,6.4,14.5,1018.15,5.33,0,0,0,,
2022-04-07,21:45,11.3,9.4,91,NORTH,0,14.5,1018.63,5.33,0,0,0,,
2022-04-07,22:00,11.3,9.4,90,WNW,4.8,9.7,1018.66,5.33,0,0,0,,
2022-04-07,22:15,11.4,10,90,WEST,11.3,14.5,1018.76,5.33,0,0,0,,
2022-04-07,22:30,11.5,9.4,90,WEST,3.2,14.5,1019,5.33,0,0,0,,
2022-04-07,22:45,11.4,10,90,WEST,9.7,14.5,1018.9,5.33,0,0,0,,
2022-04-07,23:00,11.5,10,91,WNW,8,16.1,1019.03,5.33,0,0,0,,
2022-04-07,23:15,11.4,10,91,WEST,14.5,17.7,1018.93,5.33,0,0,0,,
2022-04-07,23:30,11.3,10,92,WNW,11.3,25.7,1018.9,5.33,0,0,0,,
2022-04-07,23:45,11.2,10,92,WEST,14.5,19.3,1018.63,5.33,0,0,0,,
2022-04-07,OVR,,,,,,,,,,,,gustmax,61.2
2022-04-07,OVR,,,,,,,,,,,,rainrate_max,11.2
2022-04-07,OVR,,,,,,,,,,,,rain_total_mm,5.4
2022-04-07,OVR,,,,,,,,,,,,tmax,15.9
2022-04-07,OVR,,,,,,,,,,,,tmin,8.3
2022-04-07,OVR,,,,,,,,,,,,wind_dir_mean_deg,270
2022-04-08,00:00,11.3,10,92,WEST,19.3,25.7,1018.46,0,0,0,0,,
2022-04-08,00:15,11.2,10,93,WNW,14.5,22.5,1018.49,0,0,0,0,,
2022-04-08,00:30,11.3,10,93,WEST,12.9,27.4,1018.32,0,0,0,0,,
2022-04-08,00:45,11.3,10,93,WNW,22.5,33.8,1018.19,0,0,0,0,,
2022-04-08,01:00,11.5,10,93,WNW,16.1,38.6,1017.91,0,0,0,0,,
2022-04-08,01:15,11.5,10,93,WEST,11.3,30.6,1018.02,0,0,0,0,,
2022-04-08,01:30,11.3,10,93,WNW,12.9,25.7,1017.78,0,0,0,0,,
2022-04-08,01:45,11.3,10,93,WEST,12.9,25.7,1017.75,0,0,0,0,,
2022-04-08,02:00,11.1,10,93,WEST,12.9,27.4,1017.68,0,0,0,0,,
2022-04-08,02:15,11,10,93,WNW,17.7,29,1017.37,0,0,0,0,,
2022-04-08,02:30,11.1,10,93,WEST,20.9,25.7,1017.27,0,0,0,0,,
2022-04-08,02:45,11.1,10,94,WNW,16.1,25.7,1017.34,0,0,0,0,,
2022-04-08,03:00,11.1,10,94,WEST,19.3,27.4,1017.37,0,0,0,0,,
2022-04-08,03:15,11.1,10,94,WEST,17.7,27.4,1017.2,0,0,0,0,,
2022-04-08,03:30,11.3,10,94,WNW,19.3,37,1017.03,0,0,0,0,,
2022-04-08,03:45,11.4,10,93,WEST,20.9,37,1017.07,0,0,0,0,,
2022-04-08,04:00,11.6,10,93,WNW,16.1,35.4,1017.03,0,0,0,0,,
2022-04-08,04:15,11.4,10,92,WEST,9.7,24.1,1017,0,0,0,0,,
2022-04-08,04:30,10.9,9.4,92,SW,1.6,4.8,1017.03,0,0,0,0,,
2022-04-08,04:45,10.6,9.4,92,SW,3.2,4.8,1017.03,0,0,0,0,,
2022-04-08,05:00,10.7,9.4,93,WEST,9.7,12.9,1017.14,0,0,0,0,,
2022-04-08,05:15,10.5,9.4,93,WEST,4.8,9.7,1017.03,0,0,0,0,,
2022-04-08,05:30,10.6,9.4,93,NORTH,0,14.5,1017.07,0,0,0,0,,
2022-04-08,05:45,10.4,8.9,93,WEST,4.8,12.9,1016.83,0,0,0,0,,
2022-04-08,06:00,10.6,9.4,92,WEST,4.8,12.9,1016.93,0,0,0,0,,
2022-04-08,06:15,10.7,9.4,92,WEST,11.3,12.9,1017,0,0,0,0,,
2022-04-08,06:30,10.6,8.9,92,WEST,9.7,12.9,1017.1,0,0,0,0,,
2022-04-08,06:45,10.7,8.9,91,WNW,9.7,19.3,1017,0,0,0,0,,
2022-04-08,07:00,10.7,8.9,91,WNW,4.8,6.4,1017.07,0,0,0,0,,
2022-04-08,07:15,10.4,8.9,90,WEST,4.8,11.3,1016.97,0,0,0,14,,
2022-04-08,07:30,10.5,8.9,90,WNW,1.6,4.8,1017.03,0,0,0,51,,
2022-04-08,07:45,10.8,8.9,90,,1.6,4.8,1017.2,0,0,0,98,,
2022-04-08,08:00,11.2,9.4,89,NW,6.4,11.3,1017,0,0,0,130,,
2022-04-08,08:15,11.7,9.4,88,NW,3.2,8,1017.1,0,0,0,163,,
2022-04-08,08:30,12.2,10,86,NW,9.7,8,1017.03,0,0,0,216,,
2022-04-08,08:45,12.6,10,85,NNW,8,12.9,1017.1,0,0,1,250,,
2022-04-08,09:00,12.8,10,83,NW,4.8,9.7,1017.17,0,0,1,250,,
2022-04-08,09:15,13.4,10.6,83,WNW,4.8,12.9,1016.93,0,0,1,380,,
2022-04-08,09:30,13.6,10,81,WEST,19.3,25.7,1017.17,0,0,2,378,,
2022-04-08,09:45,13.9,10.6,81,NW,19.3,24.1,1017.03,0,0,2,461,,
2022-04-08,10:00,14.2,10.6,79,WEST,19.3,37,1016.93,0,0,2,575,,
2022-04-08,10:15,14.5,10.6,79,WEST,14.5,20.9,1016.97,0,0,3,617,,
2022-04-08,10:30,14.8,11.1,78,NW,17.7,24.1,1017.1,0,0,3,659,,
2022-04-08,10:45,15.2,11.1,77,SW,1.6,20.9,1017.31,0,0,3,701,,
2022-04-08,11:00,15.4,11.1,77,SOUTH,1.6,19.3,1017.44,0,0,4,737,,
2022-04-08,11:15,16,11.7,75,WNW,6.4,16.1,1017.37,0,0,4,773,,
2022-04-08,11:45,16.8,11.1,71,NORTH,0,14.5,1017.24,0,0,5,826,,
2022-04-08,12:00,17.1,11.7,70,WNW,9.7,20.9,1017.2,0,0,5,844,,
2022-04-08,12:15,17.1,11.7,71,WNW,11.3,17.7,1017.17,0,0,6,879,,
2022-04-08,12:30,17.3,11.7,69,WNW,4.8,17.7,1016.86,0,0,6,837,,
2022-04-08,12:45,17.7,11.7,68,NW,8,19.3,1016.93,0,0,6,893,,
2022-04-08,13:00,17.9,11.1,66,WEST,9.7,22.5,1016.8,0,0,6,895,,
2022-04-08,13:15,17.8,11.7,67,WNW,14.5,25.7,1016.56,0,0,6,912,,
2022-04-08,13:30,18.2,12.2,68,WEST,24.1,24.1,1016.46,0,0,6,916,,
2022-04-08,13:45,18.3,11.7,66,WNW,19.3,25.7,1016.32,0,0,6,902,,
2022-04-08,14:15,18.3,10.6,61,WNW,14.5,37,1016.22,0,0,6,879,,
2022-04-08,14:30,18.2,10.6,62,WNW,14.5,30.6,1016.15,0,0,6,858,,
2022-04-08,14:45,18.3,10.6,62,WNW,6.4,40.2,1015.98,0,0,5,840,,
2022-04-08,15:00,18.2,10.6,61,WEST,9.7,29,1015.85,0,0,5,812,,
2022-04-08,15:15,17.7,10.6,63,WEST,38.6,40.2,1016.05,0,0,5,782,,
2022-04-08,15:30,17.7,10,62,WSW,14.5,35.4,1015.78,0,0,5,759,,
2022-04-08,15:45,17.7,10,60,WEST,12.9,32.2,1015.78,0,0,4,729,,
2022-04-08,16:00,17.6,9.4,60,WNW,11.3,32.2,1015.65,0,0,4,698,,
2022-04-08,16:15,17.6,9.4,60,WNW,14.5,27.4,1015.51,0,0,3,664,,
2022-04-08,16:30,17.6,8.9,57,WEST,17.7,29,1015.37,0,0,3,628,,
2022-04-08,16:45,17.7,8.9,58,WEST,17.7,30.6,1015.37,0,0,3,580,,
2022-04-08,17:00,17.9,8.9,57,WNW,6.4,24.1,1015.21,0,0,2,538,,
2022-04-08,17:15,17.9,8.9,56,WNW,14.5,24.1,1015.31,0,0,2,487,,
2022-04-08,17:30,18.1,8.3,54,WEST,16.1,19.3,1015.04,0,0,2,431,,
2022-04-08,17:45,17.7,8.9,57,WEST,11.3,22.5,1015.07,0,0,1,374,,
2022-04-08,18:00,17.2,10,63,WEST,12.9,24.1,1015.1,0,0,1,93,,
2022-04-08,18:15,16.4,10,66,WNW,14.5,27.4,1015.21,0,0,1,250,,
2022-04-08,18:30,16.1,10.6,70,WNW,11.3,24.1,1015.34,0,0,0,185,,
2022-04-08,18:45,15.3,11.1,76,NW,14.5,24.1,1015.07,0,0,0,81,,
2022-04-08,19:00,14.9,11.1,78,NW,8,24.1,1014.93,0,0,0,30,,
2022-04-08,19:15,14.7,11.1,79,WNW,4.8,17.7,1014.77,0,0,0,26,,
2022-04-08,19:30,14.2,10.6,81,NW,8,14.5,1014.8,0,0,0,19,,
2022-04-08,19:45,13.7,10.6,83,WNW,4.8,14.5,1014.7,0,0,0,9,,
2022-04-08,20:00,13.3,10.6,84,NORTH,0,12.9,1014.46,0,0,0,0,,
2022-04-08,20:30,12,9.4,87,WNW,1.6,4.8,1014.6,0,0,0,0,,
2022-04-08,20:45,11.3,9.4,88,NORTH,0,0,1014.6,0,0,0,0,,
2022-04-08,21:00,11.6,9.4,88,NORTH,0,9.7,1014.83,0,0,0,0,,
2022-04-08,21:15,11.2,8.9,88,WNW,1.6,3.2,1015.07,0,0,0,0,,
2022-04-08,21:30,11.5,9.4,88,NORTH,0,3.2,1015.07,0,0,0,0,,
2022-04-08,21:45,11.6,9.4,87,WNW,1.6,6.4,1015.17,0,0,0,0,,
2022-04-08,22:00,11.9,9.4,87,WNW,4.8,12.9,1015.41,0,0,0,0,,
2022-04-08,22:15,12.1,10,87,NW,4.8,16.1,1015.21,0,0,0,0,,
2022-04-08,22:30,12.1,10,88,WEST,14.5,17.7,1015.31,0,0,0,0,,
2022-04-08,22:45,11.9,10,88,NW,3.2,12.9,1015.21,0,0,0,0,,
2022-04-08,23:00,11.8,10,89,NW,1.6,8,1015.21,0,0,0,0,,
2022-04-08,23:15,11.4,9.4,90,WNW,1.6,8,1014.97,0,0,0,0,,
2022-04-08,23:30,11.2,9.4,90,NORTH,0,6.4,1014.9,0,0,0,0,,
2022-04-08,23:45,11.2,9.4,91,WNW,1.6,3.2,1014.9,0,0,0,0,,
2022-04-08,OVR,,,,,,,,,,,,gustmax,38.6
2022-04-08,OVR,,,,,,,,,,,,rainrate_max,0
2022-04-08,OVR,,,,,,,,,,,,rain_total_mm,0
2022-04-08,OVR,,,,,,,,,,,,tmax,18.6
2022-04-08,OVR,,,,,,,,,,,,tmin,10.3
2022-04-08,OVR,,,,,,,,,,,,wind_dir_mean_deg,292.5
2022-04-09,00:00,10.6,8.9,92,WNW,1.6,3.2,1014.7,0,0,0,0,,
2022-04-09,00:15,10.4,8.9,92,NORTH,0,3.2,1014.8,0,0,0,0,,
2022-04-09,00:30,10.3,8.9,92,WNW,1.6,3.2,1014.66,0,0,0,0,,
2022-04-09,00:45,10.4,8.9,92,SSW,1.6,4.8,1014.43,0,0,0,0,,
2022-04-09,01:00,10.2,8.9,93,SOUTH,1.6,6.4,1014.26,0,0,0,0,,
2022-04-09,01:15,10,8.9,93,SOUTH,1.6,3.2,1014.46,0,0,0,0,,
2022-04-09,01:30,10.8,9.4,93,SOUTH,1.6,3.2,1014.22,0,0,0,0,,
2022-04-09,01:45,10.9,9.4,92,NORTH,0,4.8,1014.26,0,0,0,0,,
2022-04-09,02:00,11.1,9.4,91,SOUTH,1.6,4.8,1013.88,0,0,0,0,,
2022-04-09,02:15,11,9.4,91,NORTH,0,4.8,1013.65,0,0,0,0,,
2022-04-09,02:30,10.9,9.4,90,NORTH,0,3.2,1013.68,0,0,0,0,,
2022-04-09,02:45,11.1,9.4,90,NORTH,0,4.8,1013.38,0,0,0,0,,
2022-04-09,03:00,10.9,8.9,90,NORTH,0,3.2,1013.24,0,0,0,0,,
2022-04-09,03:15,10.8,8.9,90,NORTH,0,6.4,1013.11,0,0,0,0,,
2022-04-09,03:30,10.8,8.9,90,NORTH,0,3.2,1013,0,0,0,0,,
2022-04-09,03:45,11,9.4,90,NORTH,0,6.4,1012.7,0,0,0,0,,
2022-04-09,04:00,10.9,8.9,90,SW,1.6,4.8,1012.7,0,0,0,0,,
2022-04-09,04:15,10.8,8.9,90,NORTH,0,4.8,1012.33,0,0,0,0,,
2022-04-09,04:30,10.5,8.9,90,SW,1.6,1.6,1012.26,0,0,0,0,,
2022-04-09,04:45,10.1,8.3,91,SW,1.6,3.2,1012.09,0,0,0,0,,
2022-04-09,05:00,10.3,8.9,92,SW,3.2,3.2,1012.33,0,0,0,0,,
2022-04-09,05:15,10.2,8.9,92,SSW,4.8,4.8,1012.23,0,0,0,0,,
2022-04-09,05:30,10.1,8.9,92,SW,1.6,6.4,1011.85,0,0,0,0,,
2022-04-09,05:45,10.3,8.9,92,SW,3.2,6.4,1011.79,0,0,0,0,,
2022-04-09,06:00,10.6,8.9,92,WNW,3.2,11.3,1011.55,0,0,0,0,,
2022-04-09,06:15,10.8,9.4,92,WNW,4.8,11.3,1011.72,0,0,0,0,,
2022-04-09,06:30,11.1,9.4,92,WNW,4.8,9.7,1011.48,0,0,0,0,,
2022-04-09,06:45,11.2,10,92,WNW,1.6,9.7,1011.55,0,0,0,0,,
2022-04-09,07:00,11.6,10,92,WNW,11.3,12.9,1011.72,0,0,0,0,,
2022-04-09,07:15,11.6,10,92,WNW,6.4,12.9,1011.62,0,0,0,0,,
2022-04-09,07:30,11.7,10,92,WEST,6.4,16.1,1011.82,0,0,0,7,,
2022-04-09,07:45,11.8,10.6,92,WEST,6.4,12.9,1011.85,0,0,0,18,,
2022-04-09,08:00,11.8,10.6,92,WEST,3.2,9.7,1011.75,0,0,0,125,,
2022-04-09,08:15,11.9,10.6,92,WEST,6.4,6.4,1011.79,0,0,0,107,,
2022-04-09,08:45,12.4,11.1,92,WNW,8,27.4,1011.72,0,0,1,90,,
2022-04-09,09:00,12.8,11.1,92,WEST,14.5,22.5,1011.99,0,0,1,213,,
2022-04-09,09:15,13.1,11.7,92,WEST,9.7,20.9,1012.19,0,0,1,367,,
2022-04-09,09:30,13.3,11.7,91,WNW,11.3,17.7,1012.19,0,0,1,214,,
2022-04-09,09:45,13.4,11.7,90,WNW,4.8,17.7,1012.16,0,0,1,188,,
2022-04-09,10:00,13.8,11.7,89,WNW,8,20.9,1012.09,0,0,1,285,,
2022-04-09,10:15,13.9,11.7,87,WEST,20.9,29,1012.23,0,0,3,127,,
2022-04-09,10:30,14.5,11.7,85,WEST,20.9,41.8,1012.29,0,0,3,712,,
2022-04-09,10:45,14.8,11.7,84,WEST,19.3,32.2,1012.6,0,0,3,780,,
2022-04-09,11:00,14.7,11.7,83,WEST,27.4,38.6,1012.77,0,0,4,735,,
2022-04-09,11:15,15.1,11.7,80,WNW,12.9,37,1012.67,0,0,2,793,,
2022-04-09,11:30,14.6,10.6,77,WNW,17.7,37,1012.84,0,0,4,517,,
2022-04-09,11:45,15.1,10,74,WNW,12.9,38.6,1012.87,0,0,5,826,,
2022-04-09,12:00,15.3,9.4,70,WNW,20.9,41.8,1013,0,0,5,842,,
2022-04-09,12:15,15.1,9.4,70,WEST,27.4,45.1,1013.17,0,0,5,858,,
2022-04-09,12:30,15.1,8.9,67,WEST,27.4,45.1,1013.04,0,0,5,868,,
2022-04-09,12:45,15.1,9.4,69,WEST,30.6,51.5,1013,0,0,6,874,,
2022-04-09,13:00,15.3,9.4,69,WNW,35.4,48.3,1013.31,0,0,6,898,,
2022-04-09,13:15,15,8.3,65,WNW,32.2,46.7,1013.31,0,0,6,898,,
2022-04-09,13:30,14.8,7.8,65,WEST,43.5,51.5,1013.17,0,0,6,895,,
2022-04-09,13:45,15.1,8.9,66,SW,22.5,38.6,1013,0,0,6,909,,
2022-04-09,14:00,15.1,8.9,67,WEST,19.3,45.1,1013.14,0,0,6,884,,
2022-04-09,14:15,15,8.9,67,WNW,38.6,40.2,1013.24,0,0,5,863,,
2022-04-09,14:30,15.1,8.9,68,SOUTH,48.3,61.2,1013.21,0,0,6,580,,
2022-04-09,14:45,14.9,8.9,68,WEST,45.1,54.7,1013.41,0,0,5,812,,
2022-04-09,15:00,13.9,8.3,70,WEST,30.6,62.8,1013.51,0,0,3,497,,
2022-04-09,15:15,13.8,7.8,69,WNW,25.7,51.5,1013.38,0,0,3,406,,
2022-04-09,15:30,13.6,7.8,68,WEST,29,59.5,1013.58,0,0,3,436,,
2022-04-09,15:45,13.4,7.2,67,WEST,32.2,48.3,1013.51,0,0,3,429,,
2022-04-09,16:00,13.3,7.2,68,WEST,37,54.7,1013.85,0,0,2,367,,
2022-04-09,16:15,13.5,6.1,63,WNW,20.9,48.3,1013.58,0,0,3,302,,
2022-04-09,16:30,13.7,6.1,60,WNW,32.2,53.1,1013.48,0,0,2,353,,
2022-04-09,16:45,13.9,5.6,57,WEST,32.2,48.3,1013.28,0,0,2,564,,
2022-04-09,17:00,13.8,5.6,58,WNW,17.7,56.3,1013.44,0,0,2,424,,
2022-04-09,17:15,13.7,5,56,WNW,25.7,51.5,1013.48,0,0,2,566,,
2022-04-09,17:30,13.6,3.9,53,WEST,32.2,56.3,1013.75,0,0,1,325,,
2022-04-09,17:45,13.4,4.4,56,WSW,35.4,53.1,1013.92,0,0,1,297,,
2022-04-09,18:00,13,5,58,WNW,35.4,41.8,1014.09,0,0,1,221,,
2022-04-09,18:15,12.7,4.4,58,WNW,33.8,51.5,1014.26,0,0,0,253,,
2022-04-09,18:30,12.3,4.4,59,WEST,22.5,51.5,1014.39,0,0,0,186,,
2022-04-09,18:45,12.1,4.4,60,WNW,30.6,41.8,1014.6,0,0,0,116,,
2022-04-09,19:00,11.9,5,63,NW,24.1,43.5,1014.73,0,0,0,91,,
2022-04-09,19:15,11.6,5,65,WEST,17.7,49.9,1014.56,0,0,0,37,,
2022-04-09,19:30,11.3,5,66,WNW,25.7,41.8,1014.7,0,0,0,30,,
2022-04-09,19:45,11.2,5,66,WNW,22.5,46.7,1014.77,0,0,0,12,,
2022-04-09,20:00,11.1,5.6,68,WNW,16.1,41.8,1015.04,0,0,0,0,,
2022-04-09,20:15,10.9,5,68,WEST,17.7,38.6,1015.07,0,0,0,0,,
2022-04-09,20:30,10.9,5.6,69,WNW,24.1,38.6,1015.17,0,0,0,0,,
2022-04-09,20:45,10.6,5,70,NW,27.4,40.2,1015.41,0,0,0,0,,
2022-04-09,21:00,10.4,5,71,NW,19.3,37,1015.68,0,0,0,0,,
2022-04-09,21:15,10.3,5,72,WNW,22.5,27.4,1015.92,0,0,0,0,,
2022-04-09,21:30,10.2,5,72,WEST,17.7,32.2,1015.98,0,0,0,0,,
2022-04-09,21:45,10,5.6,73,WNW,17.7,29,1016.22,0,0,0,0,,
2022-04-09,22:00,9.8,5.6,75,NW,17.7,33.8,1016.42,0,0,0,0,,
2022-04-09,22:15,9.9,5.6,74,WNW,16.1,27.4,1016.36,0,0,0,0,,
2022-04-09,22:30,9.8,5.6,75,WNW,17.7,27.4,1016.56,0,0,0,0,,
2022-04-09,22:45,9.7,5.6,76,WNW,17.7,24.1,1016.66,0,0,0,0,,
2022-04-09,23:00,9.5,5.6,77,NNW,14.5,17.7,1016.86,0,0,0,0,,
2022-04-09,23:15,9.4,5.6,78,NW,8,16.1,1017,0,0,0,0,,
2022-04-09,23:30,9.4,5.6,79,WEST,20.9,17.7,1016.56,0,0,0,0,,
2022-04-09,23:45,9.6,5.6,78,WEST,17.7,27.4,1016.73,0,0,0,0,,
2022-04-09,OVR,,,,,,,,,,,,gustmax,48.3
2022-04-09,OVR,,,,,,,,,,,,rainrate_max,0
2022-04-09,OVR,,,,,,,,,,,,rain_total_mm,0
2022-04-09,OVR,,,,,,,,,,,,tmax,15.4
2022-04-09,OVR,,,,,,,,,,,,tmin,9.3
2022-04-09,OVR,,,,,,,,,,,,wind_dir_mean_deg,270
2022-04-10,00:00,9.6,5.6,78,WNW,11.3,22.5,1016.97,0,0,0,0,,
2022-04-10,00:15,9.6,5.6,77,WNW,17.7,25.7,1016.59,0,0,0,0,,
2022-04-10,00:30,9.6,5.6,76,WNW,14.5,27.4,1016.83,0,0,0,0,,
2022-04-10,00:45,9.7,5.6,75,NW,24.1,33.8,1016.73,0,0,0,0,,
2022-04-10,01:00,9.7,5,74,WNW,24.1,45.1,1016.7,0,0,0,0,,
2022-04-10,01:15,9.7,5,74,WNW,12.9,25.7,1016.46,0,0,0,0,,
2022-04-10,01:30,9.6,5,75,WEST,19.3,30.6,1016.46,0,0,0,0,,
2022-04-10,01:45,9.6,5,75,WEST,19.3,29,1016.46,0,0,0,0,,
2022-04-10,02:00,9.5,5,76,NW,16.1,24.1,1016.66,0,0,0,0,,
2022-04-10,02:15,9.7,5,74,NW,17.7,40.2,1016.56,0,0,0,0,,
2022-04-10,02:30,9.6,5,75,NW,19.3,32.2,1016.66,0,0,0,0,,
2022-04-10,02:45,9.7,5,74,WNW,20.9,29,1016.8,0,0,0,0,,
2022-04-10,03:00,10.1,5,71,WNW,24.1,40.2,1016.7,0,0,0,0,,
2022-04-10,03:15,10.2,4.4,67,WNW,37,45.1,1016.56,0,0,0,0,,
2022-04-10,03:30,10.2,3.3,63,WEST,37,40.2,1016.36,0,0,0,0,,
2022-04-10,03:45,10.3,2.8,59,NW,27.4,48.3,1016.42,0,0,0,0,,
2022-04-10,04:00,10.3,2.2,59,WNW,49.9,54.7,1015.71,0,0,0,0,,
2022-04-10,04:15,10.3,2.8,59,WEST,51.5,61.2,1015.71,0,0,0,0,,
2022-04-10,04:30,10.2,2.8,61,WEST,32.2,61.2,1015.58,0,0,0,0,,
2022-04-10,04:45,10.1,2.8,60,WNW,27.4,78.9,1015.65,0,0,0,0,,
2022-04-10,05:00,9.9,2.8,62,WNW,32.2,54.7,1015.78,0,0,0,0,,
2022-04-10,05:15,10,2.8,61,WNW,41.8,61.2,1016.05,0,0,0,0,,
2022-04-10,05:30,10.1,2.8,60,WEST,45.1,66,1016.22,0,0,0,0,,
2022-04-10,05:45,9.8,2.8,61,WEST,32.2,57.9,1015.98,0,0,0,0,,
2022-04-10,06:00,9.9,2.8,63,WNW,24.1,54.7,1016.7,0,0,0,0,,
2022-04-10,06:15,9.6,2.8,64,NW,17.7,32.2,1017.27,0,0,0,0,,
2022-04-10,06:30,9.4,3.3,65,NW,12.9,38.6,1017.51,0,0,0,0,,
2022-04-10,06:45,9.3,3.3,66,WNW,20.9,22.5,1017.71,0,0,0,0,,
2022-04-10,07:00,9.4,3.3,66,WEST,17.7,24.1,1017.81,0,0,0,7,,
2022-04-10,07:15,9.3,3.3,67,WEST,14.5,24.1,1017.95,0,0,0,19,,
2022-04-10,07:30,9.2,3.3,68,NW,4.8,24.1,1018.15,0,0,0,60,,
2022-04-10,07:45,9.2,3.9,69,NW,6.4,12.9,1018.46,0,0,0,107,,
2022-04-10,08:00,9.6,3.9,69,WEST,22.5,29,1018.39,0,0,0,158,,
2022-04-10,08:15,9.8,4.4,70,WNW,9.7,25.7,1018.56,0,0,0,172,,
2022-04-10,08:30,10,4.4,70,WEST,9.7,27.4,1018.66,0,0,1,229,,
2022-04-10,08:45,10.3,5,70,WEST,14.5,24.1,1018.93,0,0,1,257,,
2022-04-10,09:00,10.7,5.6,71,WEST,22.5,24.1,1018.86,0,0,1,264,,
2022-04-10,09:15,10.8,5.6,71,WEST,17.7,24.1,1019.03,0,0,1,345,,
2022-04-10,09:30,11.1,5.6,70,WNW,14.5,27.4,1019.13,0,0,2,413,,
2022-04-10,09:45,11.4,6.1,70,WEST,14.5,32.2,1019,0,0,2,475,,
2022-04-10,10:00,11.3,5.6,69,WNW,12.9,25.7,1019.07,0,0,2,308,,
2022-04-10,10:15,11.7,5,65,WEST,14.5,24.1,1019.3,0,0,3,643,,
2022-04-10,10:30,12.1,6.1,67,WNW,12.9,19.3,1019.37,0,0,3,636,,
2022-04-10,10:45,12.4,6.1,65,NW,11.3,20.9,1019.68,0,0,2,218,,
2022-04-10,11:00,12.7,6.1,65,WEST,14.5,20.9,1019.81,0,0,4,744,,
2022-04-10,11:15,13.2,6.7,65,SW,1.6,17.7,1019.78,0,0,3,826,,
2022-04-10,11:30,13.1,6.1,63,WEST,4.8,17.7,1020.01,0,0,5,854,,
2022-04-10,11:45,13.6,6.1,62,WNW,1.6,22.5,1019.78,0,0,5,976,,
2022-04-10,12:00,13.7,6.1,60,NORTH,0,22.5,1019.81,0,0,5,900,,
2022-04-10,12:15,14.1,7.2,63,WEST,1.6,22.5,1019.84,0,0,6,988,,
2022-04-10,12:30,13.9,6.1,61,WEST,3.2,25.7,1019.98,0,0,6,976,,
2022-04-10,12:45,14.2,7.2,63,SOUTH,1.6,24.1,1019.78,0,0,6,963,,
2022-04-10,13:00,14.2,6.7,61,WNW,3.2,22.5,1019.78,0,0,6,962,,
2022-04-10,13:15,14.5,6.1,59,WEST,11.3,25.7,1019.81,0,0,6,919,,
2022-04-10,13:30,14.7,6.7,60,WEST,4.8,29,1019.78,0,0,6,933,,
2022-04-10,13:45,14.3,6.1,59,WNW,14.5,35.4,1019.88,0,0,6,886,,
2022-04-10,14:00,14.4,5.6,57,WEST,27.4,29,1019.74,0,0,6,865,,
2022-04-10,14:15,14.7,6.1,58,WNW,12.9,30.6,1019.27,0,0,6,872,,
2022-04-10,14:30,14.4,6.1,58,WEST,24.1,29,1019.47,0,0,6,865,,
2022-04-10,14:45,14.7,6.1,57,WNW,17.7,40.2,1019.54,0,0,6,882,,
2022-04-10,15:00,14.5,6.7,60,WNW,14.5,33.8,1019.78,0,0,5,835,,
2022-04-10,15:15,14.3,6.1,57,WNW,17.7,32.2,1019.71,0,0,5,809,,
2022-04-10,15:30,14.3,5,55,WNW,16.1,29,1019.64,0,0,4,752,,
2022-04-10,15:45,14.3,6.1,58,WEST,22.5,35.4,1019.64,0,0,4,735,,
2022-04-10,16:00,14.6,6.1,58,WNW,12.9,27.4,1019.54,0,0,4,712,,
2022-04-10,16:15,14.3,6.1,58,WNW,19.3,33.8,1019.68,0,0,3,675,,
2022-04-10,16:30,13.9,5.6,58,WEST,11.3,30.6,1019.54,0,0,3,599,,
2022-04-10,16:45,13.9,5,57,WNW,19.3,27.4,1019.74,0,0,2,512,,
2022-04-10,17:00,13.8,5.6,58,WEST,22.5,40.2,1019.91,0,0,2,545,,
2022-04-10,17:15,13.4,5,58,WEST,17.7,38.6,1019.91,0,0,2,473,,
2022-04-10,17:30,13.5,6.7,63,NW,19.3,25.7,1019.88,0,0,2,406,,
2022-04-10,17:45,12.9,5.6,62,NW,25.7,35.4,1019.84,0,0,1,387,,
2022-04-10,18:00,12.8,6.1,64,WEST,17.7,33.8,1019.74,0,0,1,107,,
2022-04-10,18:15,12.6,5.6,63,WNW,24.1,30.6,1019.91,0,0,1,264,,
2022-04-10,18:30,12.4,5.6,65,WNW,19.3,33.8,1020.01,0,0,0,197,,
2022-04-10,18:45,12.2,6.1,66,WEST,9.7,33.8,1020.22,0,0,0,111,,
2022-04-10,19:00,12,5.6,67,WEST,17.7,30.6,1020.25,0,0,0,35,,
2022-04-10,19:15,11.6,5.6,67,WNW,6.4,27.4,1020.39,0,0,0,39,,
2022-04-10,19:30,11.3,6.1,70,WEST,11.3,20.9,1020.35,0,0,0,19,,
2022-04-10,19:45,10.9,6.1,72,WNW,8,16.1,1020.52,0,0,0,12,,
2022-04-10,20:00,10.6,5.6,73,WNW,11.3,16.1,1020.32,0,0,0,0,,
2022-04-10,20:15,10.2,5.6,74,WNW,4.8,16.1,1020.49,0,0,0,0,,
2022-04-10,20:30,9.9,5.6,75,WNW,6.4,14.5,1020.59,0,0,0,0,,
2022-04-10,20:45,9.4,5.6,76,WNW,4.8,11.3,1020.73,0,0,0,0,,
2022-04-10,21:00,9.4,5.6,77,WNW,3.2,11.3,1020.79,0,0,0,0,,
2022-04-10,21:15,9.1,5,77,NORTH,0,3.2,1020.96,0,0,0,0,,
2022-04-10,21:30,8.4,5,80,WNW,4.8,4.8,1021.2,0,0,0,0,,
2022-04-10,21:45,8.8,5,78,NORTH,0,6.4,1021.37,0,0,0,0,,
2022-04-10,22:00,8.9,5,78,WNW,3.2,11.3,1021.13,0,0,0,0,,
2022-04-10,22:15,8.6,5.6,81,NORTH,0,3.2,1021.23,0,0,0,0,,
2022-04-10,22:30,8.7,5,79,NORTH,0,3.2,1021.27,0,0,0,0,,
2022-04-10,22:45,7.7,4.4,82,ENE,3.2,8,1021,0,0,0,0,,
2022-04-10,23:00,7.5,4.4,83,EAST,4.8,9.7,1020.96,0,0,0,0,,
2022-04-10,23:15,7.7,5,83,EAST,4.8,9.7,1020.96,0,0,0,0,,
2022-04-10,23:30,8.1,5,81,EAST,4.8,9.7,1020.96,0,0,0,0,,
2022-04-10,23:45,7.9,4.4,81,EAST,6.4,9.7,1020.79,0,0,0,0,,
2022-04-10,OVR,,,,,,,,,,,,gustmax,51.5
2022-04-10,OVR,,,,,,,,,,,,rainrate_max,0
2022-04-10,OVR,,,,,,,,,,,,rain_total_mm,0
2022-04-10,OVR,,,,,,,,,,,,tmax,15
2022-04-10,OVR,,,,,,,,,,,,tmin,7.4
2022-04-10,OVR,,,,,,,,,,,,wind_dir_mean_deg,292.5
2022-04-11,00:00,8.1,5,81,EAST,4.8,9.7,1020.93,0,0,0,0,,
2022-04-11,00:15,7.8,5,82,ESE,4.8,9.7,1021.03,0,0,0,0,,
2022-04-11,00:30,8,5,82,ESE,6.4,11.3,1021.2,0,0,0,0,,
2022-04-11,00:45,7.9,5,83,ESE,11.3,12.9,1021.1,0,0,0,0,,
2022-04-11,01:00,7.7,5,83,ESE,6.4,11.3,1021.2,0,0,0,0,,
2022-04-11,01:15,7.6,5,83,ESE,9.7,11.3,1021.1,0,0,0,0,,
2022-04-11,01:30,7.8,4.4,81,ESE,6.4,9.7,1021.1,0,0,0,0,,
2022-04-11,01:45,7.5,4.4,82,ESE,4.8,6.4,1020.96,0,0,0,0,,
2022-04-11,02:00,8.2,5,80,ESE,6.4,12.9,1020.96,0,0,0,0,,
2022-04-11,02:15,8.4,5,79,ESE,11.3,14.5,1020.96,0,0,0,0,,
2022-04-11,02:30,8.3,5,79,ESE,9.7,14.5,1020.96,0,0,0,0,,
2022-04-11,02:45,8.1,4.4,80,ESE,11.3,12.9,1020.89,0,0,0,0,,
2022-04-11,03:00,8.1,4.4,80,ESE,9.7,14.5,1020.86,0,0,0,0,,
2022-04-11,03:15,8.1,4.4,80,ESE,6.4,12.9,1020.73,0,0,0,0,,
2022-04-11,03:30,7.8,4.4,81,ESE,11.3,12.9,1020.66,0,0,0,0,,
2022-04-11,03:45,7.5,4.4,83,ESE,6.4,16.1,1020.73,0,0,0,0,,
2022-04-11,04:00,7.7,5,83,ESE,9.7,14.5,1020.69,0,0,0,0,,
2022-04-11,04:15,7.7,5,83,ESE,6.4,16.1,1020.45,0,0,0,0,,
2022-04-11,04:30,7.7,5,84,ESE,8,17.7,1020.52,0,0,0,0,,
2022-04-11,04:45,7.6,5,84,SE,11.3,17.7,1020.49,0,0,0,0,,
2022-04-11,05:00,7.6,5,84,ESE,11.3,16.1,1020.45,0,0,0,0,,
2022-04-11,05:15,7.8,5,85,ESE,9.7,14.5,1020.39,0,0,0,0,,
2022-04-11,05:30,7.8,5,85,ESE,9.7,14.5,1020.29,0,0,0,0,,
2022-04-11,05:45,7.7,5,85,ESE,3.2,14.5,1020.18,0,0,0,0,,
2022-04-11,06:00,7.4,5,85,ESE,9.7,14.5,1020.15,0,0,0,0,,
2022-04-11,06:15,7.3,5,86,ESE,6.4,16.1,1020.29,0,0,0,0,,
2022-04-11,06:30,7.6,5,86,SE,6.4,14.5,1020.39,0,0,0,0,,
2022-04-11,06:45,7.6,5,85,ESE,9.7,14.5,1020.29,0,0,0,0,,
2022-04-11,07:00,7.6,5,84,ESE,12.9,16.1,1020.25,0,0,0,7,,
2022-04-11,07:15,7.7,5,84,ESE,14.5,19.3,1020.25,0,0,0,18,,
2022-04-11,07:30,7.8,5,83,EAST,6.4,19.3,1020.15,0,0,0,58,,
2022-04-11,07:45,8.4,5,81,ESE,8,16.1,1020.45,0,0,0,118,,
2022-04-11,08:00,8.8,5.6,80,EAST,11.3,17.7,1020.62,0,0,0,169,,
2022-04-11,08:15,9.2,5.6,79,ESE,6.4,19.3,1020.66,0,0,0,176,,
2022-04-11,08:30,9.6,5.6,77,EAST,12.9,16.1,1020.79,0,0,1,232,,
2022-04-11,08:45,9.8,6.1,78,EAST,11.3,19.3,1021.06,0,0,1,278,,
2022-04-11,09:00,10.3,6.1,77,EAST,11.3,20.9,1020.86,0,0,1,287,,
2022-04-11,09:15,11,6.7,75,NE,8,19.3,1020.96,0,0,1,404,,
2022-04-11,09:30,11.3,6.1,71,EAST,16.1,20.9,1020.96,0,0,2,455,,
2022-04-11,09:45,11.7,6.7,71,EAST,6.4,22.5,1021.06,0,0,2,422,,
2022-04-11,10:00,12.2,6.7,69,ESE,11.3,24.1,1020.86,0,0,2,490,,
2022-04-11,10:15,12.5,6.1,66,ESE,16.1,27.4,1021.03,0,0,3,640,,
2022-04-11,10:30,13.3,6.7,64,SSE,9.7,25.7,1021.03,0,0,3,668,,
2022-04-11,10:45,13.6,5.6,59,SE,12.9,20.9,1021,0,0,3,684,,
2022-04-11,11:00,14.1,5.6,56,ESE,14.5,20.9,1021.1,0,0,4,745,,
2022-04-11,11:15,14.7,5.6,55,SE,16.1,29,1021.1,0,0,4,747,,
2022-04-11,11:30,15.1,5,52,ESE,16.1,25.7,1021.1,0,0,5,837,,
2022-04-11,11:45,15.8,4.4,48,SE,30.6,32.2,1020.79,0,0,5,860,,
2022-04-11,12:00,16.3,2.8,41,SE,24.1,38.6,1020.79,0,0,5,872,,
2022-04-11,12:15,16.2,3.3,42,SE,12.9,37,1020.76,0,0,6,875,,
2022-04-11,12:30,16.7,3.9,42,SSE,8,35.4,1020.59,0,0,6,918,,
2022-04-11,12:45,16.8,3.3,41,ESE,24.1,35.4,1020.15,0,0,6,909,,
2022-04-11,13:00,17.1,3.3,40,SE,33.8,33.8,1020.22,0,0,6,930,,
2022-04-11,13:15,16.9,4.4,43,ESE,14.5,41.8,1020.25,0,0,6,896,,
2022-04-11,13:30,16.9,4.4,44,SSE,17.7,35.4,1020.12,0,0,6,891,,
2022-04-11,13:45,17.2,5,44,ESE,29,33.8,1020.01,0,0,6,900,,
2022-04-11,14:00,16.9,4.4,43,SE,22.5,40.2,1019.74,0,0,6,909,,
2022-04-11,14:15,17.2,5.6,47,SE,32.2,38.6,1019.74,0,0,6,893,,
2022-04-11,14:30,17.2,6.1,48,SE,20.9,35.4,1019.74,0,0,6,874,,
2022-04-11,14:45,17.3,6.1,48,SSE,29,35.4,1019.57,0,0,6,853,,
2022-04-11,15:00,17.4,6.1,49,ESE,24.1,37,1019.54,0,0,5,828,,
2022-04-11,15:15,17,6.7,51,SE,20.9,40.2,1019.64,0,0,5,802,,
2022-04-11,15:30,16.9,6.7,51,SE,16.1,40.2,1019.61,0,0,5,773,,
2022-04-11,15:45,17.1,7.2,53,ESE,17.7,38.6,1019.4,0,0,4,744,,
2022-04-11,16:00,16.8,7.2,54,ESE,25.7,38.6,1019.17,0,0,4,715,,
2022-04-11,16:15,16.8,7.2,54,SE,16.1,48.3,1018.93,0,0,3,680,,
2022-04-11,16:30,16.6,7.2,54,SE,19.3,43.5,1018.9,0,0,3,629,,
2022-04-11,16:45,16.6,7.8,58,SE,12.9,38.6,1018.93,0,0,3,587,,
2022-04-11,17:00,16.3,7.2,56,ESE,25.7,38.6,1018.83,0,0,2,529,,
2022-04-11,17:15,16,7.8,59,SE,27.4,37,1018.76,0,0,2,434,,
2022-04-11,17:30,15.8,7.8,60,SE,19.3,33.8,1018.83,0,0,2,415,,
2022-04-11,17:45,15.6,7.2,59,SE,17.7,38.6,1018.83,0,0,1,399,,
2022-04-11,18:00,15.4,7.8,61,SE,22.5,32.2,1018.9,0,0,1,98,,
2022-04-11,18:15,15.1,6.7,58,ESE,12.9,29,1019.1,0,0,1,137,,
2022-04-11,18:30,14.8,6.7,59,ESE,27.4,30.6,1018.83,0,0,0,207,,
2022-04-11,18:45,14.2,5.6,58,EAST,12.9,22.5,1018.9,0,0,0,153,,
2022-04-11,19:00,13.8,5,57,ESE,16.1,22.5,1018.83,0,0,0,98,,
2022-04-11,19:15,13.3,4.4,57,ESE,12.9,22.5,1019.03,0,0,0,53,,
2022-04-11,19:30,12.8,4.4,59,ESE,11.3,27.4,1018.96,0,0,0,23,,
2022-04-11,19:45,12.2,5,61,ESE,9.7,29,1018.9,0,0,0,12,,
2022-04-11,20:00,11.6,5,64,ESE,12.9,22.5,1019.03,0,0,0,0,,
2022-04-11,20:15,11.3,5.6,67,ESE,9.7,25.7,1019.3,0,0,0,0,,
2022-04-11,20:45,10.7,5.6,72,ESE,14.5,20.9,1019.44,0,0,0,0,,
2022-04-11,21:00,10.4,5.6,74,EAST,22.5,22.5,1019.54,0,0,0,0,,
2022-04-11,21:15,10.3,6.1,76,ESE,4.8,27.4,1019.81,0,0,0,0,,
2022-04-11,21:30,10.1,6.1,77,ENE,14.5,24.1,1019.74,0,0,0,0,,
2022-04-11,21:45,10,6.1,78,EAST,19.3,27.4,1019.81,0,0,0,0,,
2022-04-11,22:00,9.9,6.1,79,ESE,12.9,27.4,1019.68,0,0,0,0,,
2022-04-11,22:15,9.8,6.1,80,EAST,12.9,27.4,1019.57,0,0,0,0,,
2022-04-11,22:30,9.7,6.1,80,EAST,16.1,29,1019.57,0,0,0,0,,
2022-04-11,22:45,9.5,6.1,81,ENE,20.9,27.4,1019.47,0,0,0,0,,
2022-04-11,23:00,9.6,6.7,82,ENE,17.7,27.4,1019.24,0,0,0,0,,
2022-04-11,23:15,9.6,6.7,82,ENE,16.1,32.2,1019.13,0,0,0,0,,
2022-04-11,23:30,9.5,6.7,83,ENE,17.7,24.1,1019.03,0,0,0,0,,
2022-04-11,23:45,9.5,6.7,83,ESE,14.5,32.2,1018.93,0,0,0,0,,
2022-04-11,OVR,,,,,,,,,,,,gustmax,33.8
2022-04-11,OVR,,,,,,,,,,,,rainrate_max,0
2022-04-11,OVR,,,,,,,,,,,,rain_total_mm,0
2022-04-11,OVR,,,,,,,,,,,,tmax,17.6
2022-04-11,OVR,,,,,,,,,,,,tmin,7.3
2022-04-11,OVR,,,,,,,,,,,,wind_dir_mean_deg,112.5
2022-04-12,00:00,9.3,6.7,84,EAST,19.3,25.7,1018.93,0,0,0,0,,
2022-04-12,00:15,9.2,6.7,84,EAST,12.9,24.1,1018.83,0,0,0,0,,
2022-04-12,00:30,9.3,6.7,84,EAST,19.3,27.4,1019.13,0,0,0,0,,
2022-04-12,00:45,9.3,6.7,84,EAST,25.7,29,1018.63,0,0,0,0,,
2022-04-12,01:00,9.2,6.7,84,ESE,14.5,27.4,1018.8,0,0,0,0,,
2022-04-12,01:15,9.1,6.7,84,EAST,20.9,27.4,1018.66,0,0,0,0,,
2022-04-12,01:30,9.1,6.1,84,ENE,25.7,27.4,1018.73,0,0,0,0,,
2022-04-12,01:45,8.9,6.1,85,EAST,20.9,30.6,1018.29,0,0,0,0,,
2022-04-12,02:00,9,6.7,85,ENE,17.7,30.6,1018.19,0,0,0,0,,
2022-04-12,02:15,9.1,6.7,85,EAST,16.1,30.6,1017.95,0,0,0,0,,
2022-04-12,02:30,9,6.7,85,EAST,12.9,30.6,1017.75,0,0,0,0,,
2022-04-12,02:45,9.1,6.7,86,EAST,14.5,25.7,1017.61,0,0,0,0,,
2022-04-12,03:00,9.2,6.7,85,EAST,11.3,29,1017.31,0,0,0,0,,
2022-04-12,03:15,9.2,6.7,86,ESE,17.7,27.4,1017.14,0,0,0,0,,
2022-04-12,03:30,9.2,6.7,85,NE,16.1,32.2,1017.03,0,0,0,0,,
2022-04-12,03:45,9.1,6.7,85,ENE,12.9,32.2,1016.93,0,0,0,0,,
2022-04-12,04:00,9.2,6.7,86,NE,14.5,27.4,1017.2,0,0,0,0,,
2022-04-12,04:15,9.1,6.7,86,ESE,16.1,24.1,1016.97,0,0,0,0,,
2022-04-12,04:30,9.1,6.7,87,ENE,16.1,25.7,1016.93,0,0,0,0,,
2022-04-12,04:45,9.2,7.2,87,EAST,17.7,25.7,1016.86,0,0,0,0,,
2022-04-12,05:00,9.2,6.7,87,EAST,20.9,27.4,1016.9,0,0,0,0,,
2022-04-12,05:15,9.2,7.2,87,ENE,11.3,20.9,1016.8,0,0,0,0,,
2022-04-12,05:30,9.4,7.2,87,ESE,8,24.1,1016.66,0,0,0,0,,
2022-04-12,05:45,9.4,7.2,87,EAST,11.3,22.5,1016.53,0,0,0,0,,
2022-04-12,06:00,9.5,7.2,87,ENE,6.4,24.1,1016.46,0,0,0,0,,
2022-04-12,06:15,9.8,7.8,88,SE,16.1,24.1,1016.7,0,0,0,0,,
2022-04-12,06:30,10,7.8,87,SE,17.7,27.4,1016.8,0,0,0,0,,
2022-04-12,06:45,10.1,7.8,87,EAST,14.5,25.7,1016.93,0,0,0,0,,
2022-04-12,07:00,10.1,7.8,87,EAST,11.3,27.4,1016.83,0,0,0,12,,
2022-04-12,07:15,10.1,7.8,87,EAST,19.3,25.7,1016.93,0,0,0,23,,
2022-04-12,07:30,10.3,8.3,87,EAST,11.3,25.7,1017,0,0,0,40,,
2022-04-12,07:45,10.5,8.3,87,ESE,14.5,24.1,1017.2,0,0,0,79,,
2022-04-12,08:00,10.8,8.3,87,ESE,20.9,29,1017.2,0,0,0,132,,
2022-04-12,08:15,11.1,8.9,86,ESE,16.1,27.4,1017.61,0,0,0,81,,
2022-04-12,08:30,11.6,8.9,86,EAST,17.7,25.7,1017.31,0,0,1,199,,
2022-04-12,08:45,11.9,9.4,85,ESE,12.9,27.4,1017.51,0,0,1,202,,
2022-04-12,09:00,12.6,10,84,EAST,20.9,33.8,1017.51,0,0,1,299,,
2022-04-12,09:15,13.1,10,82,EAST,14.5,32.2,1017.27,0,0,1,276,,
2022-04-12,09:30,13.1,10,81,ESE,14.5,30.6,1017.41,0,0,1,239,,
2022-04-12,09:45,13.6,10,80,ENE,27.4,35.4,1017.41,0,0,1,214,,
2022-04-12,10:00,13.7,10,79,ESE,22.5,37,1017.54,0,0,2,309,,
2022-04-12,10:15,13.9,10,79,ESE,11.3,35.4,1017.37,0,0,3,689,,
2022-04-12,10:30,14.3,10.6,78,ESE,11.3,29,1017.37,0,0,2,547,,
2022-04-12,10:45,14.7,10.6,77,ESE,24.1,32.2,1017.54,0,0,4,417,,
2022-04-12,11:00,14.9,10.6,76,ESE,14.5,35.4,1017.54,0,0,3,754,,
2022-04-12,11:15,14.6,10,76,ESE,17.7,35.4,1017.78,0,0,2,343,,
2022-04-12,11:30,15,10.6,77,EAST,14.5,35.4,1017.58,0,0,3,364,,
2022-04-12,11:45,14.9,10.6,75,SE,16.1,33.8,1017.44,0,0,3,487,,
2022-04-12,12:00,15,10.6,76,ESE,16.1,37,1017.17,0,0,3,480,,
2022-04-12,12:15,15,10.6,76,ESE,20.9,40.2,1017.31,0,0,3,455,,
2022-04-12,12:30,15.2,11.1,76,SE,12.9,37,1017.1,0,0,5,454,,
2022-04-12,12:45,15.3,10.6,75,ESE,25.7,37,1017.14,0,0,3,439,,
2022-04-12,13:00,15.3,10.6,75,EAST,19.3,41.8,1017.03,0,0,3,383,,
2022-04-12,13:15,15.2,10.6,76,EAST,14.5,38.6,1017.07,0,0,3,371,,
2022-04-12,13:30,15.6,11.1,75,ESE,19.3,30.6,1016.7,0,0,4,483,,
2022-04-12,13:45,15.6,11.1,75,ESE,24.1,37,1016.32,0,0,4,494,,
2022-04-12,14:00,15.7,11.1,75,ESE,16.1,40.2,1016.53,0,0,3,429,,
2022-04-12,14:15,15.7,10.6,73,EAST,20.9,41.8,1016.46,0,0,5,1095,,
2022-04-12,14:30,16.1,11.1,74,ENE,29,38.6,1016.59,0,0,5,752,,
2022-04-12,14:45,16.1,11.1,73,ESE,19.3,38.6,1016.42,0,0,5,587,,
2022-04-12,15:00,16.4,11.1,72,EAST,20.9,29,1016.22,0,0,4,970,,
2022-04-12,15:15,16.2,11.1,72,EAST,20.9,35.4,1015.98,0,0,5,320,,
2022-04-12,15:30,16.6,11.1,71,ESE,11.3,38.6,1015.71,0,0,5,842,,
2022-04-12,15:45,16.5,11.1,72,EAST,14.5,33.8,1015.44,0,0,4,758,,
2022-04-12,16:00,16.2,11.1,72,ESE,25.7,41.8,1015.37,0,0,4,745,,
2022-04-12,16:15,16.4,11.1,72,ENE,14.5,33.8,1015.34,0,0,3,670,,
2022-04-12,16:30,16.1,11.1,73,ESE,24.1,40.2,1015.24,0,0,3,612,,
2022-04-12,16:45,16.1,11.1,72,ESE,16.1,43.5,1015.14,0,0,3,587,,
2022-04-12,17:00,15.9,11.1,73,EAST,19.3,38.6,1015.14,0,0,2,529,,
2022-04-12,17:15,15.6,10.6,74,ESE,14.5,40.2,1015.24,0,0,2,427,,
2022-04-12,17:30,15.6,11.1,75,ESE,12.9,37,1015.07,0,0,1,399,,
2022-04-12,18:00,15.1,10.6,75,ESE,11.3,29,1015.31,0,0,1,244,,
2022-04-12,18:15,14.8,10.6,76,SE,12.9,30.6,1015.07,0,0,1,260,,
2022-04-12,18:30,14.6,10.6,77,EAST,14.5,32.2,1015.07,0,0,0,153,,
2022-04-12,18:45,14.3,10,77,ESE,11.3,29,1015.34,0,0,0,77,,
2022-04-12,19:00,14.1,10,78,ENE,19.3,32.2,1015.17,0,0,0,74,,
2022-04-12,19:15,13.7,10,79,ESE,16.1,32.2,1014.93,0,0,0,18,,
2022-04-12,19:30,13.5,10,80,ESE,19.3,32.2,1015.17,0,0,0,9,,
2022-04-12,19:45,13.3,10,81,EAST,8,29,1015.04,0,0,0,0,,
2022-04-12,20:00,13.1,10,83,SE,19.3,25.7,1014.97,0,0,0,0,,
2022-04-12,20:15,12.9,10,83,ESE,14.5,25.7,1014.93,0,0,0,0,,
2022-04-12,20:30,12.7,10,84,ESE,17.7,25.7,1015.14,0,0,0,0,,
2022-04-12,20:45,12.6,10,85,ESE,24.1,27.4,1015.31,0,0,0,0,,
2022-04-12,21:00,12.6,10,85,ESE,12.9,25.7,1015.41,0,0,0,0,,
2022-04-12,21:15,12.4,10,85,ESE,16.1,25.7,1015.51,0,0,0,0,,
2022-04-12,21:30,12.3,10,85,EAST,17.7,27.4,1015.61,0,0,0,0,,
2022-04-12,21:45,12.2,9.4,85,EAST,14.5,24.1,1015.68,0,0,0,0,,
2022-04-12,22:00,12,9.4,86,ESE,14.5,30.6,1015.51,0,0,0,0,,
2022-04-12,22:15,11.9,9.4,86,EAST,16.1,27.4,1015.78,0,0,0,0,,
2022-04-12,22:45,11.9,9.4,86,EAST,20.9,27.4,1015.85,0,0,0,0,,
2022-04-12,23:00,11.9,9.4,86,ESE,16.1,29,1015.61,0,0,0,0,,
2022-04-12,23:15,11.9,9.4,86,ESE,6.4,24.1,1015.61,0,0,0,0,,
2022-04-12,23:30,11.8,9.4,86,EAST,12.9,20.9,1015.71,0,0,0,0,,
2022-04-12,23:45,11.7,9.4,86,EAST,11.3,27.4,1015.51,0,0,0,0,,
2022-04-12,OVR,,,,,,,,,,,,gustmax,29
2022-04-12,OVR,,,,,,,,,,,,rainrate_max,0
2022-04-12,OVR,,,,,,,,,,,,rain_total_mm,0
2022-04-12,OVR,,,,,,,,,,,,tmax,16.7
2022-04-12,OVR,,,,,,,,,,,,tmin,8.8
2022-04-12,OVR,,,,,,,,,,,,wind_dir_mean_deg,90
2022-04-13,00:00,11.6,8.9,86,ESE,19.3,25.7,1015.51,0,0,0,0,,
2022-04-13,00:15,11.5,8.9,86,ESE,6.4,19.3,1015.51,0,0,0,0,,
2022-04-13,00:30,11.4,8.9,86,ESE,12.9,22.5,1015.48,0,0,0,0,,
2022-04-13,00:45,11.4,8.9,86,ESE,16.1,27.4,1015.65,0,0,0,0,,
2022-04-13,01:00,11.6,8.9,85,ESE,20.9,24.1,1015.58,0,0,0,0,,
2022-04-13,01:15,11.7,8.9,84,SE,8,25.7,1015.51,0,0,0,0,,
2022-04-13,01:30,11.6,8.9,84,ESE,14.5,29,1015.27,0,0,0,0,,
2022-04-13,01:45,11.3,8.3,84,ESE,6.4,29,1015.17,0,0,0,0,,
2022-04-13,02:00,11.3,8.3,84,ESE,9.7,30.6,1015.17,0,0,0,0,,
2022-04-13,02:15,11.2,8.3,84,ESE,16.1,25.7,1014.8,0,0,0,0,,
2022-04-13,02:30,11.2,8.3,84,ESE,16.1,30.6,1014.43,0,0,0,0,,
2022-04-13,02:45,11.1,8.3,83,ESE,14.5,29,1014.33,0,0,0,0,,
2022-04-13,03:00,11.1,8.3,83,ESE,17.7,32.2,1014.16,0,0,0,0,,
2022-04-13,03:15,11,8.3,83,ESE,19.3,27.4,1013.92,0,0,0,0,,
2022-04-13,03:30,10.9,7.8,83,ESE,12.9,27.4,1014.02,0,0,0,0,,
2022-04-13,03:45,10.7,7.8,83,ESE,11.3,25.7,1014.12,0,0,0,0,,
2022-04-13,04:00,10.7,7.8,83,ESE,12.9,30.6,1013.95,0,0,0,0,,
2022-04-13,04:30,10.9,7.8,84,ESE,16.1,32.2,1013.58,0,0,0,0,,
2022-04-13,04:45,10.8,7.8,84,ESE,16.1,33.8,1013.61,0,0,0,0,,
2022-04-13,05:00,10.7,7.8,84,EAST,9.7,32.2,1013.65,0,0,0,0,,
2022-04-13,05:15,10.7,7.8,83,ESE,14.5,32.2,1013.51,0,0,0,0,,
2022-04-13,05:30,10.6,7.8,84,EAST,24.1,30.6,1013.34,0,0,0,0,,
2022-04-13,05:45,10.6,7.8,84,EAST,20.9,30.6,1013.14,0,0,0,0,,
2022-04-13,06:00,10.6,7.8,84,ESE,25.7,29,1013.14,0,0,0,0,,
2022-04-13,06:15,10.5,7.8,84,EAST,30.6,35.4,1013.07,0,0,0,0,,
2022-04-13,06:30,10.5,7.8,84,ESE,22.5,29,1013.07,0,0,0,0,,
2022-04-13,06:45,10.3,7.8,84,EAST,17.7,25.7,1013.28,0,0,0,0,,
2022-04-13,07:00,10.2,7.8,84,ESE,12.9,25.7,1013.48,0,0,0,12,,
2022-04-13,07:15,10.3,7.8,84,EAST,16.1,25.7,1013.34,0,0,0,37,,
2022-04-13,07:30,10.4,7.8,84,ESE,16.1,27.4,1013.51,0,0,0,60,,
2022-04-13,07:45,10.7,7.8,83,ESE,16.1,29,1013.61,0,0,0,76,,
2022-04-13,08:00,10.8,7.8,83,ESE,14.5,24.1,1013.68,0,0,0,93,,
2022-04-13,08:15,11,7.8,82,EAST,11.3,19.3,1013.88,0,0,0,135,,
2022-04-13,08:30,11.2,8.3,82,ESE,6.4,24.1,1013.88,0,0,0,151,,
2022-04-13,08:45,11.7,8.3,82,EAST,11.3,24.1,1014.02,0,0,0,171,,
2022-04-13,09:00,12.2,8.9,81,EAST,14.5,27.4,1014.05,0,0,1,153,,
2022-04-13,09:15,12.3,8.9,79,ENE,16.1,35.4,1014.19,0,0,1,176,,
2022-04-13,09:30,12.8,8.9,78,EAST,27.4,32.2,1014.22,0,0,1,250,,
2022-04-13,09:45,13.3,8.9,75,EAST,22.5,40.2,1013.99,0,0,1,294,,
2022-04-13,10:00,13.6,8.9,74,ESE,35.4,32.2,1014.26,0,0,1,392,,
2022-04-13,10:15,14.3,8.9,71,EAST,24.1,35.4,1014.19,0,0,3,728,,
2022-04-13,10:30,14.1,8.9,73,ESE,29,40.2,1014.16,0,0,2,462,,
2022-04-13,10:45,14.2,8.9,72,ESE,17.7,41.8,1014.22,0,0,2,394,,
2022-04-13,11:00,13.7,8.3,72,EAST,22.5,32.2,1014.36,0,0,2,359,,
2022-04-13,11:15,13.8,8.9,72,SE,16.1,37,1014.36,0,0,2,380,,
2022-04-13,11:30,14.5,8.9,70,EAST,19.3,25.7,1014.36,0,0,2,362,,
2022-04-13,11:45,14.4,8.9,69,ESE,19.3,35.4,1014.39,0,0,2,327,,
2022-04-13,12:00,14.8,8.9,68,ESE,14.5,30.6,1014.49,0,0,3,459,,
2022-04-13,12:15,16.2,9.4,64,SE,17.7,38.6,1014.29,0,0,6,1104,,
2022-04-13,12:30,16,8.3,62,ESE,20.9,45.1,1014.29,0,0,6,951,,
2022-04-13,12:45,15.8,8.3,63,ENE,24.1,41.8,1014.16,0,0,5,812,,
2022-04-13,13:00,15.7,9.4,66,ESE,20.9,30.6,1014.09,0,0,4,450,,
2022-04-13,13:15,15.7,9.4,67,ENE,11.3,33.8,1013.85,0,0,5,664,,
2022-04-13,13:30,17.1,8.9,59,EAST,14.5,40.2,1013.82,0,0,6,1016,,
2022-04-13,13:45,17.2,9.4,60,ESE,27.4,40.2,1013.61,0,0,6,1032,,
2022-04-13,14:00,16.4,8.9,61,EAST,16.1,40.2,1013.65,0,0,3,374,,
2022-04-13,14:15,17.1,8.3,57,EAST,14.5,32.2,1013.61,0,0,6,928,,
2022-04-13,14:30,17.2,8.9,60,ENE,20.9,35.4,1013.44,0,0,6,937,,
2022-04-13,14:45,17.2,8.3,57,ESE,11.3,33.8,1013.24,0,0,5,928,,
2022-04-13,15:00,17.5,9.4,59,EAST,16.1,30.6,1013.44,0,0,5,865,,
2022-04-13,15:15,17.5,8.3,56,ESE,14.5,35.4,1013.24,0,0,5,830,,
2022-04-13,15:30,17.4,7.8,54,EAST,27.4,38.6,1013.07,0,0,4,729,,
2022-04-13,15:45,17.4,7.8,53,EAST,33.8,33.8,1013.17,0,0,4,703,,
2022-04-13,16:00,16.7,7.2,54,EAST,22.5,32.2,1012.84,0,0,3,587,,
2022-04-13,16:15,16.2,6.7,53,ENE,14.5,38.6,1012.9,0,0,2,415,,
2022-04-13,16:30,16.5,7.2,55,EAST,25.7,29,1013,0,0,3,610,,
2022-04-13,16:45,16.8,6.7,52,EAST,20.9,38.6,1012.84,0,0,2,599,,
2022-04-13,17:00,16.7,7.2,54,ESE,14.5,30.6,1012.94,0,0,2,564,,
2022-04-13,17:15,16.6,8.3,58,ESE,12.9,27.4,1012.97,0,0,2,497,,
2022-04-13,17:30,16.1,7.8,59,EAST,12.9,32.2,1013.04,0,0,1,454,,
2022-04-13,17:45,15.7,8.3,62,EAST,12.9,35.4,1012.97,0,0,1,427,,
2022-04-13,18:00,15.4,7.8,61,ENE,20.9,37,1013.21,0,0,1,343,,
2022-04-13,18:15,15,7.8,62,EAST,12.9,37,1013.04,0,0,1,285,,
2022-04-13,18:30,14.8,7.8,62,ESE,12.9,32.2,1013.11,0,0,0,206,,
2022-04-13,18:45,14.3,7.8,65,EAST,11.3,29,1013.28,0,0,0,146,,
2022-04-13,19:00,14.1,7.8,67,ENE,16.1,27.4,1013.04,0,0,0,128,,
2022-04-13,19:15,13.8,7.8,67,SE,12.9,25.7,1013.04,0,0,0,56,,
2022-04-13,19:30,13.4,7.8,71,ESE,12.9,22.5,1013.21,0,0,0,25,,
2022-04-13,19:45,13.3,7.8,70,ESE,12.9,29,1013.38,0,0,0,0,,
2022-04-13,20:00,12.9,7.8,71,EAST,19.3,24.1,1013.51,0,0,0,0,,
2022-04-13,20:15,12.8,7.2,71,EAST,14.5,25.7,1013.41,0,0,0,0,,
2022-04-13,20:30,12.7,7.8,72,ESE,12.9,27.4,1013.61,0,0,0,0,,
2022-04-13,20:45,12.6,7.8,72,EAST,16.1,20.9,1014.05,0,0,0,0,,
2022-04-13,21:00,12.6,7.2,72,EAST,17.7,32.2,1013.92,0,0,0,0,,
2022-04-13,21:15,12.6,7.2,71,EAST,20.9,32.2,1013.88,0,0,0,0,,
2022-04-13,21:30,12.4,7.2,72,EAST,16.1,27.4,1014.16,0,0,0,0,,
2022-04-13,21:45,12.4,7.2,71,ESE,16.1,27.4,1013.99,0,0,0,0,,
2022-04-13,22:00,12.3,6.7,71,ENE,16.1,27.4,1013.95,0,0,0,0,,
2022-04-13,22:15,12.3,6.7,70,EAST,14.5,24.1,1013.99,0,0,0,0,,
2022-04-13,22:30,12.3,6.1,68,ENE,17.7,25.7,1013.82,0,0,0,0,,
2022-04-13,22:45,12.4,6.1,67,ENE,16.1,24.1,1013.68,0,0,0,0,,
2022-04-13,23:00,12.6,6.1,65,NE,9.7,30.6,1013.51,0,0,0,0,,
2022-04-13,23:15,12.6,6.1,65,EAST,19.3,25.7,1013.44,0,0,0,0,,
2022-04-13,23:30,12.7,5.6,62,EAST,19.3,25.7,1013.34,0,0,0,0,,
2022-04-13,23:45,12.8,5,60,EAST,19.3,27.4,1013.28,0,0,0,0,,
2022-04-13,OVR,,,,,,,,,,,,gustmax,35.4
2022-04-13,OVR,,,,,,,,,,,,rainrate_max,0
2022-04-13,OVR,,,,,,,,,,,,rain_total_mm,0
2022-04-13,OVR,,,,,,,,,,,,tmax,17.8
2022-04-13,OVR,,,,,,,,,,,,tmin,10.2
2022-04-13,OVR,,,,,,,,,,,,wind_dir_mean_deg,90
2022-04-14,00:00,12.9,5,58,ESE,12.9,25.7,1013.21,0,0,0,0,,
2022-04-14,00:15,13,4.4,57,ESE,12.9,29,1013.28,0,0,0,0,,
2022-04-14,00:30,13.1,4.4,56,EAST,12.9,24.1,1013.48,0,0,0,0,,
2022-04-14,00:45,13,3.9,55,ESE,11.3,19.3,1013.41,0,0,0,0,,
2022-04-14,01:00,13.1,3.3,52,EAST,12.9,19.3,1013.44,0,0,0,0,,
2022-04-14,01:15,13.1,3.3,52,ESE,16.1,22.5,1013.55,0,0,0,0,,
2022-04-14,01:30,13.2,2.8,50,EAST,14.5,25.7,1013.55,0,0,0,0,,
2022-04-14,01:45,13.2,2.2,48,EAST,16.1,25.7,1013.51,0,0,0,0,,
2022-04-14,02:00,13.1,2.2,48,ENE,22.5,24.1,1013.24,0,0,0,0,,
2022-04-14,02:15,12.9,2.2,49,ESE,6.4,20.9,1013.11,0,0,0,0,,
2022-04-14,02:30,12.7,2.2,49,EAST,4.8,24.1,1013.17,0,0,0,0,,
2022-04-14,02:45,12.7,2.2,50,ENE,6.4,19.3,1013.28,0,0,0,0,,
2022-04-14,03:00,12.3,2.8,52,EAST,9.7,20.9,1013.24,0,0,0,0,,
2022-04-14,03:15,12.2,2.8,52,EAST,14.5,22.5,1013.38,0,0,0,0,,
2022-04-14,03:30,12.1,2.8,53,EAST,16.1,29,1013.21,0,0,0,0,,
2022-04-14,03:45,11.9,2.8,54,ENE,16.1,25.7,1013.21,0,0,0,0,,
2022-04-14,04:00,11.8,3.3,56,ENE,25.7,32.2,1013.24,0,0,0,0,,
2022-04-14,04:15,11.7,3.3,57,ENE,16.1,27.4,1013.21,0,0,0,0,,
2022-04-14,04:30,11.7,2.8,56,ENE,14.5,25.7,1013.14,0,0,0,0,,
2022-04-14,04:45,11.7,2.8,56,EAST,11.3,29,1013.17,0,0,0,0,,
2022-04-14,05:00,11.6,2.8,56,ENE,14.5,27.4,1013.17,0,0,0,0,,
2022-04-14,05:15,11.7,3.3,56,EAST,12.9,25.7,1013.21,0,0,0,0,,
2022-04-14,05:30,11.7,3.9,59,EAST,14.5,27.4,1012.94,0,0,0,0,,
2022-04-14,05:45,11.3,4.4,63,ENE,14.5,22.5,1012.67,0,0,0,0,,
2022-04-14,06:00,11.2,4.4,63,EAST,11.3,22.5,1012.63,0,0,0,0,,
2022-04-14,06:15,11.3,4.4,62,ENE,20.9,30.6,1012.5,0,0,0,0,,
2022-04-14,06:30,11.3,3.9,62,ENE,17.7,30.6,1012.6,0,0,0,0,,
2022-04-14,06:45,11.4,3.9,61,EAST,29,33.8,1012.46,0,0,0,0,,
2022-04-14,07:00,11.8,3.9,59,ENE,12.9,35.4,1012.73,0,0,0,7,,
2022-04-14,07:15,11.7,4.4,61,EAST,17.7,29,1012.94,0,0,0,25,,
2022-04-14,07:30,11.7,4.4,60,ENE,14.5,25.7,1012.77,0,0,0,51,,
2022-04-14,07:45,11.9,4.4,60,NE,11.3,20.9,1013.07,0,0,0,72,,
2022-04-14,08:00,11.9,5,63,EAST,14.5,29,1012.53,0,0,0,53,,
2022-04-14,08:15,11.9,5,64,ENE,17.7,30.6,1012.73,0,0,0,70,,
2022-04-14,08:30,12.4,4.4,60,NE,22.5,30.6,1012.9,0,0,0,144,,
2022-04-14,08:45,13.1,4.4,56,EAST,16.1,33.8,1012.97,0,0,0,195,,
2022-04-14,09:00,13.4,5,57,NE,24.1,29,1013.07,0,0,1,258,,
2022-04-14,09:15,13.8,5,56,ENE,25.7,32.2,1012.84,0,0,1,311,,
2022-04-14,09:30,13.7,5,57,EAST,12.9,32.2,1012.87,0,0,1,292,,
2022-04-14,09:45,14.3,5,55,NE,11.3,37,1012.8,0,0,2,432,,
2022-04-14,10:00,14.9,4.4,50,EAST,16.1,27.4,1012.97,0,0,1,290,,
2022-04-14,10:15,15.2,5,51,ESE,16.1,27.4,1013.17,0,0,2,341,,
2022-04-14,10:30,15.7,5.6,51,EAST,14.5,27.4,1013.44,0,0,2,468,,
2022-04-14,10:45,16.2,5.6,50,ESE,17.7,30.6,1013.51,0,0,2,698,,
2022-04-14,11:00,16.3,6.1,52,ESE,22.5,30.6,1013.68,0,0,3,617,,
2022-04-14,11:15,16.2,6.1,53,ESE,4.8,25.7,1013.92,0,0,3,432,,
2022-04-14,11:30,16.5,6.1,51,EAST,16.1,25.7,1014.02,0,0,3,441,,
2022-04-14,11:45,16.6,5.6,48,NE,17.7,29,1013.72,0,0,2,387,,
2022-04-14,12:00,17.1,5,45,EAST,14.5,29,1013.75,0,0,3,512,,
2022-04-14,12:15,17.5,6.1,47,EAST,19.3,29,1013.75,0,0,4,613,,
2022-04-14,12:30,17.8,5.6,45,ENE,24.1,30.6,1013.99,0,0,4,617,,
2022-04-14,12:45,17.6,4.4,43,ENE,20.9,32.2,1013.88,0,0,3,487,,
2022-04-14,13:00,17.6,5.6,46,NE,11.3,29,1013.75,0,0,3,408,,
2022-04-14,13:15,17.6,5.6,46,ENE,19.3,35.4,1013.82,0,0,3,468,,
2022-04-14,13:30,17.6,6.1,47,ENE,14.5,32.2,1013.95,0,0,3,392,,
2022-04-14,13:45,17.4,6.1,47,ENE,11.3,32.2,1013.99,0,0,3,401,,
2022-04-14,14:00,17.8,6.7,48,ESE,16.1,25.7,1013.88,0,0,3,524,,
2022-04-14,14:15,17.9,6.1,46,ENE,19.3,24.1,1013.95,0,0,3,468,,
2022-04-14,14:30,17.7,5.6,46,EAST,14.5,29,1014.02,0,0,3,394,,
2022-04-14,14:45,17.9,5.6,44,EAST,25.7,29,1013.95,0,0,2,371,,
2022-04-14,15:00,17.6,5.6,46,EAST,17.7,29,1013.99,0,0,2,306,,
2022-04-14,15:30,17.7,6.1,48,ENE,17.7,27.4,1013.65,0,0,2,339,,
2022-04-14,15:45,17.9,6.1,47,ESE,14.5,24.1,1013.55,0,0,2,309,,
2022-04-14,16:00,17.9,6.1,46,ESE,20.9,25.7,1013.72,0,0,1,248,,
2022-04-14,16:15,18,6.7,48,EAST,8,19.3,1013.82,0,0,1,258,,
2022-04-14,16:30,18,6.1,46,EAST,19.3,25.7,1013.95,0,0,1,281,,
2022-04-14,16:45,17.9,6.1,46,EAST,17.7,25.7,1013.92,0,0,1,209,,
2022-04-14,17:00,17.6,5.6,46,EAST,16.1,22.5,1014.12,0,0,1,167,,
2022-04-14,17:15,17.5,6.1,48,EAST,9.7,22.5,1014.09,0,0,1,188,,
2022-04-14,17:30,17.4,6.7,49,NE,14.5,24.1,1014.12,0,0,1,185,,
2022-04-14,17:45,17.3,6.1,49,ENE,24.1,22.5,1014.29,0,0,0,153,,
2022-04-14,18:00,17.2,5.6,47,ESE,12.9,22.5,1014.26,0,0,0,142,,
2022-04-14,18:15,16.9,6.1,48,EAST,6.4,20.9,1014.46,0,0,0,104,,
2022-04-14,18:30,16.6,5.6,49,ENE,11.3,24.1,1014.43,0,0,0,76,,
2022-04-14,18:45,16.4,5.6,49,EAST,17.7,19.3,1014.53,0,0,0,67,,
2022-04-14,19:00,16.2,5.6,49,ENE,6.4,20.9,1014.6,0,0,0,60,,
2022-04-14,19:15,16.2,5.6,50,EAST,6.4,19.3,1014.6,0,0,0,42,,
2022-04-14,19:30,16.1,5,48,ENE,8,19.3,1014.63,0,0,0,25,,
2022-04-14,19:45,16.1,5,49,EAST,11.3,25.7,1014.93,0,0,0,9,,
2022-04-14,20:00,15.8,5,49,ESE,1.6,16.1,1015.17,0,0,0,0,,
2022-04-14,20:15,15.9,5,49,EAST,6.4,11.3,1015.17,0,0,0,0,,
2022-04-14,20:30,15.7,5,49,EAST,4.8,11.3,1015.37,0,0,0,0,,
2022-04-14,20:45,15.6,4.4,49,ENE,4.8,11.3,1015.68,0,0,0,0,,
2022-04-14,21:00,15.5,4.4,48,ENE,6.4,16.1,1015.65,0,0,0,0,,
2022-04-14,21:15,15.6,5,49,EAST,11.3,16.1,1015.95,0,0,0,0,,
2022-04-14,21:30,15.3,5,50,EAST,9.7,14.5,1016.05,0,0,0,0,,
2022-04-14,21:45,15.4,5,50,EAST,6.4,14.5,1016.02,0,0,0,0,,
2022-04-14,22:00,15.6,4.4,48,ENE,8,14.5,1016.19,0,0,0,0,,
2022-04-14,22:15,15.6,4.4,48,ENE,6.4,11.3,1016.15,0,0,0,0,,
2022-04-14,22:30,15.2,4.4,49,EAST,6.4,12.9,1016.36,0,0,0,0,,
2022-04-14,22:45,15.3,3.9,47,ENE,9.7,12.9,1016.32,0,0,0,0,,
2022-04-14,23:00,15.7,3.9,45,NE,6.4,12.9,1016.12,0,0,0,0,,
2022-04-14,23:15,15.3,3.9,47,NE,6.4,8,1016.05,0,0,0,0,,
2022-04-14,23:30,15.5,3.3,45,ENE,6.4,14.5,1016.32,0,0,0,0,,
2022-04-14,23:45,15.6,3.9,45,ENE,4.8,12.9,1016.42,0,0,0,0,,
2022-04-14,OVR,,,,,,,,,,,,gustmax,29
2022-04-14,OVR,,,,,,,,,,,,rainrate_max,0
2022-04-14,OVR,,,,,,,,,,,,rain_total_mm,0
2022-04-14,OVR,,,,,,,,,,,,tmax,18.1
2022-04-14,OVR,,,,,,,,,,,,tmin,11.2
2022-04-14,OVR,,,,,,,,,,,,wind_dir_mean_deg,90
2022-04-15,00:00,14.9,3.9,48,ENE,1.6,4.8,1016.39,0,0,0,0,,
2022-04-15,00:15,13.9,4.4,52,ENE,1.6,4.8,1016.32,0,0,0,0,,
2022-04-15,00:30,13.6,4.4,54,,6.4,9.7,1016.29,0,0,0,0,,
2022-04-15,00:45,13.9,4.4,53,,1.6,12.9,1016.09,0,0,0,0,,
2022-04-15,01:00,13.9,4.4,53,,1.6,6.4,1016.12,0,0,0,0,,
2022-04-15,01:30,13.3,4.4,56,NORTH,0,9.7,1016.12,0,0,0,0,,
2022-04-15,01:45,12.7,4.4,58,NORTH,0,3.2,1016.02,0,0,0,0,,
2022-04-15,02:00,12.3,4.4,58,ESE,3.2,4.8,1016.12,0,0,0,0,,
2022-04-15,02:15,11.7,4.4,62,ESE,4.8,4.8,1016.42,0,0,0,0,,
2022-04-15,02:30,13.7,3.9,52,ESE,6.4,12.9,1016.29,0,0,0,0,,
2022-04-15,02:45,13.6,2.8,49,EAST,14.5,19.3,1016.15,0,0,0,0,,
2022-04-15,03:00,13.6,2.2,47,EAST,14.5,19.3,1015.98,0,0,0,0,,
2022-04-15,03:15,13.7,2.2,46,EAST,16.1,24.1,1015.92,0,0,0,0,,
2022-04-15,03:30,13.7,2.2,46,EAST,14.5,20.9,1015.98,0,0,0,0,,
2022-04-15,03:45,13.7,2.2,46,EAST,14.5,22.5,1015.88,0,0,0,0,,
2022-04-15,04:00,13.6,2.2,47,EAST,14.5,22.5,1015.51,0,0,0,0,,
2022-04-15,04:15,13.9,2.2,46,EAST,16.1,22.5,1015.24,0,0,0,0,,
2022-04-15,04:30,13.8,2.2,46,EAST,14.5,25.7,1014.77,0,0,0,0,,
2022-04-15,04:45,13.8,2.2,47,ESE,22.5,27.4,1014.8,0,0,0,0,,
2022-04-15,05:00,13.8,2.2,46,EAST,14.5,22.5,1015.1,0,0,0,0,,
2022-04-15,05:15,14.1,2.2,45,EAST,9.7,20.9,1015.34,0,0,0,0,,
2022-04-15,05:30,13.5,2.2,47,SE,4.8,16.1,1015.61,0,0,0,0,,
2022-04-15,05:45,13.1,3.3,52,EAST,9.7,14.5,1015.78,0,0,0,0,,
2022-04-15,06:00,12.9,3.9,55,EAST,12.9,19.3,1016.02,0,0,0,0,,
2022-04-15,06:15,12.6,3.9,56,EAST,12.9,19.3,1016.32,0,0,0,0,,
2022-04-15,06:30,13.4,3.9,53,ESE,14.5,27.4,1016.42,0,0,0,0,,
2022-04-15,06:45,13.3,3.9,54,EAST,12.9,22.5,1016.39,0,0,0,0,,
2022-04-15,07:00,13.1,4.4,55,EAST,16.1,19.3,1016.46,0,0,0,0,,
2022-04-15,07:15,12.8,5,59,EAST,12.9,17.7,1016.32,0,0,0,16,,
2022-04-15,07:30,12.8,5,60,ENE,16.1,20.9,1016.15,0,0,0,33,,
2022-04-15,07:45,12.9,5.6,61,EAST,14.5,22.5,1016.46,0,0,0,47,,
2022-04-15,08:00,13.1,5,58,EAST,12.9,24.1,1016.59,0,0,0,69,,
2022-04-15,08:15,13.2,5,59,EAST,14.5,22.5,1016.63,0,0,0,95,,
2022-04-15,08:30,13,5.6,61,EAST,14.5,17.7,1016.86,0,0,0,123,,
2022-04-15,08:45,13.7,5,57,ENE,12.9,19.3,1017.07,0,0,0,172,,
2022-04-15,09:00,14,5.6,57,EAST,12.9,24.1,1017.2,0,0,1,204,,
2022-04-15,09:15,14.4,5.6,56,EAST,12.9,20.9,1017.17,0,0,1,279,,
2022-04-15,09:30,14.8,5.6,55,ENE,11.3,20.9,1017.24,0,0,1,304,,
2022-04-15,09:45,15,6.1,57,ENE,8,17.7,1017.07,0,0,1,297,,
2022-04-15,10:00,15.7,6.7,56,ENE,12.9,17.7,1017.34,0,0,2,480,,
2022-04-15,10:15,15.9,6.7,55,NORTH,8,12.9,1017.44,0,0,2,387,,
2022-04-15,10:30,16.4,6.7,54,NNE,8,12.9,1017.61,0,0,3,548,,
2022-04-15,10:45,16.8,6.7,51,EAST,3.2,14.5,1017.58,0,0,3,478,,
2022-04-15,11:00,17.1,7.2,53,NNE,1.6,11.3,1017.34,0,0,3,564,,
2022-04-15,11:15,18,7.8,52,NE,6.4,11.3,1017.17,0,0,4,671,,
2022-04-15,11:30,18.7,7.2,48,NE,9.7,12.9,1017.34,0,0,5,828,,
2022-04-15,11:45,19.4,6.7,43,NE,4.8,12.9,1016.97,0,0,5,851,,
2022-04-15,12:00,19.9,2.8,32,NE,8,9.7,1016.7,0,0,4,584,,
2022-04-15,12:15,19.8,2.8,33,NNE,8,12.9,1016.73,0,0,4,476,,
2022-04-15,12:30,19.6,8.3,49,,3.2,8,1016.56,0,0,3,485,,
2022-04-15,12:45,19.9,7.2,44,NNW,6.4,8,1016.53,0,0,3,452,,
2022-04-15,13:00,20.1,5,37,NORTH,0,9.7,1016.53,0,0,3,485,,
2022-04-15,13:15,20.4,6.1,40,NORTH,0,8,1016.83,0,0,3,517,,
2022-04-15,13:30,20.6,5,37,SW,1.6,9.7,1016.83,0,0,4,534,,
2022-04-15,13:45,20.3,7.8,44,SOUTH,3.2,9.7,1016.86,0,0,4,524,,
2022-04-15,14:00,20.2,7.2,43,SSE,3.2,9.7,1016.7,0,0,4,640,,
2022-04-15,14:15,20.8,7.8,44,SSW,3.2,9.7,1016.7,0,0,3,489,,
2022-04-15,14:30,20.7,7.2,42,WSW,3.2,12.9,1016.93,0,0,4,545,,
2022-04-15,14:45,20.7,8.3,45,SE,4.8,14.5,1016.76,0,0,4,582,,
2022-04-15,15:00,20.3,7.8,45,SSE,1.6,8,1016.93,0,0,3,448,,
2022-04-15,15:15,20.8,8.3,44,ESE,11.3,11.3,1016.9,0,0,3,418,,
2022-04-15,15:30,20.7,6.7,41,EAST,6.4,16.1,1016.86,0,0,2,350,,
2022-04-15,15:45,20.9,6.7,40,EAST,1.6,6.4,1016.7,0,0,2,357,,
2022-04-15,16:00,20.7,6.1,39,SE,11.3,16.1,1016.66,0,0,2,323,,
2022-04-15,16:15,20.3,3.9,35,EAST,6.4,19.3,1016.73,0,0,2,380,,
2022-04-15,16:30,20.5,6.1,40,EAST,4.8,14.5,1016.7,0,0,2,396,,
2022-04-15,16:45,20.3,6.7,41,ESE,14.5,20.9,1016.7,0,0,2,355,,
2022-04-15,17:00,20.1,5,37,SE,12.9,19.3,1016.73,0,0,2,380,,
2022-04-15,17:15,19.8,3.9,36,SE,6.4,17.7,1016.73,0,0,1,322,,
2022-04-15,17:30,19.8,4.4,37,EAST,9.7,14.5,1016.9,0,0,1,248,,
2022-04-15,17:45,19.6,4.4,36,EAST,6.4,14.5,1016.8,0,0,1,183,,
2022-04-15,18:00,19.4,5,39,EAST,9.7,16.1,1016.86,0,0,1,160,,
2022-04-15,18:15,19.2,4.4,38,ESE,6.4,12.9,1016.83,0,0,0,169,,
2022-04-15,18:30,18.8,8.9,54,WSW,6.4,14.5,1016.9,0,0,0,135,,
2022-04-15,18:45,18.8,8.3,51,WSW,1.6,8,1016.83,0,0,0,102,,
2022-04-15,19:00,18.2,8.9,56,SW,3.2,4.8,1016.8,0,0,0,74,,
2022-04-15,19:15,17.6,7.8,53,WEST,1.6,14.5,1016.73,0,0,0,53,,
2022-04-15,19:30,16.7,7.2,54,WEST,3.2,12.9,1016.93,0,0,0,30,,
2022-04-15,19:45,16.2,6.7,55,WEST,4.8,9.7,1016.8,0,0,0,12,,
2022-04-15,20:00,15.9,6.7,55,WEST,3.2,12.9,1016.83,0,0,0,0,,
2022-04-15,20:15,15.4,6.7,56,WEST,6.4,16.1,1016.97,0,0,0,0,,
2022-04-15,20:30,15.3,6.7,56,WNW,6.4,16.1,1016.97,0,0,0,0,,
2022-04-15,20:45,14.8,6.7,59,WEST,4.8,11.3,1017,0,0,0,0,,
2022-04-15,21:00,14.6,6.7,60,WEST,1.6,14.5,1017.14,0,0,0,0,,
2022-04-15,21:15,13.9,6.7,62,WNW,1.6,6.4,1017.17,0,0,0,0,,
2022-04-15,21:30,13.8,6.7,62,NORTH,0,4.8,1017.31,0,0,0,0,,
2022-04-15,21:45,13.6,6.7,64,WNW,3.2,4.8,1017.61,0,0,0,0,,
2022-04-15,22:00,13.1,6.7,66,WEST,3.2,4.8,1017.78,0,0,0,0,,
2022-04-15,22:15,12.7,6.7,68,WEST,3.2,3.2,1017.78,0,0,0,0,,
2022-04-15,22:30,12.7,6.7,67,WEST,3.2,4.8,1017.78,0,0,0,0,,
2022-04-15,23:00,13.2,6.7,64,WNW,4.8,9.7,1017.1,0,0,0,0,,
2022-04-15,23:15,12.8,6.7,67,NW,1.6,6.4,1017,0,0,0,0,,
2022-04-15,23:30,12.8,6.7,66,NW,4.8,4.8,1016.97,0,0,0,0,,
2022-04-15,23:45,13.4,6.1,63,NORTH,0,3.2,1017.07,0,0,0,0,,
2022-04-15,OVR,,,,,,,,,,,,gustmax,22.5
2022-04-15,OVR,,,,,,,,,,,,rainrate_max,0
2022-04-15,OVR,,,,,,,,,,,,rain_total_mm,0
2022-04-15,OVR,,,,,,,,,,,,tmax,21.1
2022-04-15,OVR,,,,,,,,,,,,tmin,11.6
2022-04-15,OVR,,,,,,,,,,,,wind_dir_mean_deg,90
2022-04-16,00:00,13.2,6.7,64,NW,1.6,6.4,1016.97,0,0,0,0,,
2022-04-16,00:15,12.9,6.7,66,NORTH,0,3.2,1016.86,0,0,0,0,,
2022-04-16,00:30,12.9,7.2,68,NORTH,0,3.2,1016.93,0,0,0,0,,
2022-04-16,00:45,12.3,7.2,71,NORTH,0,3.2,1016.9,0,0,0,0,,
2022-04-16,01:00,12.5,7.8,73,WNW,3.2,4.8,1016.93,0,0,0,0,,
2022-04-16,01:15,12.2,7.8,75,WEST,4.8,6.4,1016.93,0,0,0,0,,
2022-04-16,01:30,12,7.8,76,SE,1.6,9.7,1016.7,0,0,0,0,,
2022-04-16,01:45,11.7,7.2,76,SE,1.6,8,1016.86,0,0,0,0,,
2022-04-16,02:00,12.4,6.7,68,SE,3.2,4.8,1016.63,0,0,0,0,,
2022-04-16,02:15,13.1,6.1,63,SE,4.8,8,1016.53,0,0,0,0,,
2022-04-16,02:30,12.4,5.6,64,SE,3.2,4.8,1016.36,0,0,0,0,,
2022-04-16,02:45,12,5.6,66,SE,1.6,8,1016.22,0,0,0,0,,
2022-04-16,03:00,11.6,6.1,69,NORTH,0,4.8,1015.92,0,0,0,0,,
2022-04-16,03:15,11.2,6.1,71,SE,3.2,4.8,1015.82,0,0,0,0,,
2022-04-16,03:30,11.2,6.7,73,SE,1.6,4.8,1015.71,0,0,0,0,,
2022-04-16,03:45,11.3,6.7,74,SE,1.6,4.8,1015.68,0,0,0,0,,
2022-04-16,04:00,11.3,6.7,75,SE,3.2,3.2,1015.41,0,0,0,0,,
2022-04-16,04:15,11.5,6.7,73,SE,1.6,4.8,1015.44,0,0,0,0,,
2022-04-16,04:30,11.6,7.8,77,SE,1.6,4.8,1015.44,0,0,0,0,,
2022-04-16,04:45,12.1,7.8,76,SE,3.2,3.2,1015.27,0,0,0,0,,
2022-04-16,05:00,12.2,7.8,75,SE,1.6,4.8,1015.34,0,0,0,0,,
2022-04-16,05:15,11.9,7.2,73,SE,3.2,4.8,1015.04,0,0,0,0,,
2022-04-16,05:30,11.4,6.1,70,SE,3.2,4.8,1015.07,0,0,0,0,,
2022-04-16,05:45,12.1,5.6,65,NORTH,0,4.8,1014.83,0,0,0,0,,
2022-04-16,06:00,12.3,5.6,64,SE,1.6,4.8,1014.7,0,0,0,0,,
2022-04-16,06:15,12.1,5.6,65,NORTH,0,4.8,1014.87,0,0,0,0,,
2022-04-16,06:30,11.9,5.6,66,NORTH,0,3.2,1014.83,0,0,0,0,,
2022-04-16,06:45,12.1,5.6,66,NORTH,0,4.8,1014.9,0,0,0,0,,
2022-04-16,07:00,11.2,5.6,69,NORTH,0,3.2,1014.7,0,0,0,9,,
2022-04-16,07:15,11.4,5.6,68,SE,1.6,3.2,1014.8,0,0,0,23,,
2022-04-16,07:30,11.5,5.6,67,SE,1.6,4.8,1014.77,0,0,0,46,,
2022-04-16,07:45,11.2,5.6,69,SE,3.2,3.2,1014.73,0,0,0,69,,
2022-04-16,08:00,12.3,5.6,65,SE,3.2,4.8,1014.6,0,0,0,97,,
2022-04-16,08:15,12.1,6.7,71,SE,1.6,3.2,1014.6,0,0,0,125,,
2022-04-16,08:30,12.9,7.8,71,SE,3.2,1.6,1014.53,0,0,0,160,,
2022-04-16,08:45,13.4,8.3,72,NORTH,0,6.4,1014.66,0,0,1,195,,
2022-04-16,09:00,14.2,8.9,71,NORTH,0,0,1014.56,0,0,1,229,,
2022-04-16,09:15,14.8,8.9,69,NORTH,0,3.2,1014.77,0,0,1,274,,
2022-04-16,09:30,15.2,8.9,67,SE,1.6,3.2,1014.77,0,0,2,385,,
2022-04-16,09:45,15.9,7.8,59,NORTH,0,3.2,1014.7,0,0,2,385,,
2022-04-16,10:00,17.3,6.7,50,SE,1.6,4.8,1014.6,0,0,2,439,,
2022-04-16,10:15,17.7,10,60,SE,1.6,6.4,1014.6,0,0,3,649,,
2022-04-16,10:30,17.8,10,61,NORTH,0,4.8,1014.53,0,0,3,622,,
2022-04-16,10:45,18,11.1,64,SE,1.6,6.4,1014.46,0,0,4,742,,
2022-04-16,11:00,18.5,11.1,63,SE,3.2,4.8,1014.53,0,0,4,608,,
2022-04-16,11:15,19.7,8.9,50,SE,4.8,8,1014.39,0,0,4,805,,
2022-04-16,11:30,19.1,8.9,52,SSE,8,12.9,1014.6,0,0,5,833,,
2022-04-16,11:45,19.8,7.8,45,SE,4.8,11.3,1014.49,0,0,5,853,,
2022-04-16,12:00,19.6,8.9,50,SSE,1.6,14.5,1014.6,0,0,5,875,,
2022-04-16,12:15,19.9,7.2,45,SE,4.8,14.5,1014.66,0,0,6,882,,
2022-04-16,12:30,19.8,5.6,40,SOUTH,1.6,14.5,1014.7,0,0,6,896,,
2022-04-16,12:45,20.6,6.1,39,SSE,9.7,17.7,1014.43,0,0,6,905,,
2022-04-16,13:00,21.3,6.1,37,SE,4.8,14.5,1014.29,0,0,6,912,,
2022-04-16,13:15,21.2,6.1,37,SSE,3.2,16.1,1013.95,0,0,6,916,,
2022-04-16,13:30,21.7,7.2,40,WSW,8,16.1,1013.95,0,0,6,912,,
2022-04-16,13:45,21.7,6.7,38,SOUTH,3.2,16.1,1013.68,0,0,6,907,,
2022-04-16,14:00,21.8,6.1,36,WNW,1.6,16.1,1013.68,0,0,6,904,,
2022-04-16,14:15,22.2,8.3,42,WNW,14.5,16.1,1013.65,0,0,6,875,,
2022-04-16,14:30,21.7,8.9,45,WNW,11.3,20.9,1013.61,0,0,6,863,,
2022-04-16,14:45,21.6,8.9,45,WEST,20.9,22.5,1013.28,0,0,5,844,,
2022-04-16,15:00,21.4,8.3,43,WNW,8,27.4,1013.31,0,0,5,821,,
2022-04-16,15:15,21.4,8.3,43,WNW,16.1,30.6,1012.9,0,0,5,795,,
2022-04-16,15:30,21.2,7.2,41,WSW,11.3,25.7,1013.04,0,0,5,765,,
2022-04-16,15:45,20.9,7.8,43,WEST,20.9,30.6,1012.94,0,0,4,737,,
2022-04-16,16:00,21.1,7.2,41,WEST,24.1,27.4,1012.46,0,0,4,710,,
2022-04-16,16:15,21.1,7.8,42,WNW,16.1,29,1012.33,0,0,3,673,,
2022-04-16,16:30,20.7,6.7,40,WEST,24.1,33.8,1012.12,0,0,3,633,,
2022-04-16,16:45,20.8,7.8,44,WNW,14.5,27.4,1011.99,0,0,3,584,,
2022-04-16,17:00,20.2,7.2,43,WEST,22.5,30.6,1012.06,0,0,2,538,,
2022-04-16,17:15,20,7.2,44,WEST,12.9,25.7,1011.79,0,0,2,485,,
2022-04-16,17:30,19.9,7.2,44,WEST,11.3,22.5,1011.85,0,0,2,436,,
2022-04-16,17:45,19.4,7.2,45,WEST,11.3,24.1,1011.68,0,0,1,378,,
2022-04-16,18:00,18.9,6.7,46,WEST,14.5,20.9,1011.92,0,0,1,329,,
2022-04-16,18:15,18.7,7.8,49,NE,9.7,20.9,1011.79,0,0,1,271,,
2022-04-16,18:30,18.4,7.8,50,WNW,14.5,22.5,1011.79,0,0,1,213,,
2022-04-16,18:45,17.7,7.8,53,WNW,17.7,25.7,1011.89,0,0,0,151,,
2022-04-16,19:00,17.3,7.2,51,WEST,12.9,25.7,1011.85,0,0,0,97,,
2022-04-16,19:15,16.7,6.7,52,WEST,20.9,30.6,1011.85,0,0,0,56,,
2022-04-16,19:30,16.2,7.2,56,WNW,8,27.4,1012.02,0,0,0,25,,
2022-04-16,19:45,15.8,6.7,56,WEST,14.5,20.9,1012.09,0,0,0,16,,
2022-04-16,20:00,15.4,6.7,57,WNW,11.3,27.4,1012.16,0,0,0,0,,
2022-04-16,20:15,15.1,6.1,56,WNW,11.3,20.9,1012.19,0,0,0,0,,
2022-04-16,20:30,14.8,6.7,58,WEST,22.5,24.1,1012.26,0,0,0,0,,
2022-04-16,20:45,14.7,7.2,62,WNW,11.3,20.9,1012.53,0,0,0,0,,
2022-04-16,21:00,14.9,6.1,57,WNW,14.5,25.7,1012.73,0,0,0,0,,
2022-04-16,21:15,15.1,5.6,53,WNW,11.3,24.1,1012.8,0,0,0,0,,
2022-04-16,21:30,14.9,5,52,NW,3.2,19.3,1013.28,0,0,0,0,,
2022-04-16,21:45,14.4,5.6,55,WNW,3.2,12.9,1013.28,0,0,0,0,,
2022-04-16,22:00,13.8,5.6,59,NORTH,0,4.8,1013.14,0,0,0,0,,
2022-04-16,22:15,13.6,6.1,61,NORTH,0,3.2,1013.21,0,0,0,0,,
2022-04-16,22:30,13.1,6.7,65,NORTH,0,4.8,1013.24,0,0,0,0,,
2022-04-16,22:45,13.1,7.8,70,NNW,1.6,3.2,1013.28,0,0,0,0,,
2022-04-16,23:00,13.6,7.8,69,NNW,1.6,4.8,1013.17,0,0,0,0,,
2022-04-16,23:15,12.8,7.8,73,NORTH,0,3.2,1013.07,0,0,0,0,,
2022-04-16,23:30,12.8,7.2,71,NW,1.6,8,1012.8,0,0,0,0,,
2022-04-16,23:45,12.9,7.2,70,NW,1.6,6.4,1012.8,0,0,0,0,,
2022-04-16,OVR,,,,,,,,,,,,gustmax,24.1
2022-04-16,OVR,,,,,,,,,,,,rainrate_max,0
2022-04-16,OVR,,,,,,,,,,,,rain_total_mm,0
2022-04-16,OVR,,,,,,,,,,,,tmax,22.5
2022-04-16,OVR,,,,,,,,,,,,tmin,10.9
2022-04-16,OVR,,,,,,,,,,,,wind_dir_mean_deg,247.5
2022-04-17,00:00,13.2,8.3,73,WNW,4.8,11.3,1012.9,0,0,0,0,,
2022-04-17,00:15,13.2,8.9,77,WNW,3.2,11.3,1013.24,0,0,0,0,,
2022-04-17,00:30,12.8,9.4,81,NW,1.6,6.4,1013.14,0,0,0,0,,
2022-04-17,00:45,12.5,9.4,84,NW,4.8,9.7,1013.34,0,0,0,0,,
2022-04-17,01:00,12.1,8.9,82,NW,3.2,6.4,1013,0,0,0,0,,
2022-04-17,01:15,11.9,7.8,77,NW,4.8,12.9,1013.14,0,0,0,0,,
2022-04-17,01:30,11.6,7.8,78,NORTH,0,8,1013.17,0,0,0,0,,
2022-04-17,01:45,13,7.2,69,ENE,3.2,6.4,1013.14,0,0,0,0,,
2022-04-17,02:00,13.8,6.7,63,NNW,4.8,9.7,1012.87,0,0,0,0,,
2022-04-17,02:15,12.9,7.8,72,NNW,1.6,4.8,1012.7,0,0,0,0,,
2022-04-17,02:30,12.8,10,85,NORTH,0,4.8,1012.43,0,0,0,0,,
2022-04-17,02:45,12.4,10.6,88,NNW,1.6,6.4,1012.8,0,0,0,0,,
2022-04-17,03:00,12.8,9.4,81,,6.4,8,1012.5,0,0,0,0,,
2022-04-17,03:15,13.4,8.9,75,NORTH,0,3.2,1012.63,0,0,0,0,,
2022-04-17,03:30,12.7,7.8,73,NE,4.8,6.4,1012.33,0,0,0,0,,
2022-04-17,03:45,12.6,7.2,71,NE,3.2,4.8,1012.16,0,0,0,0,,
2022-04-17,04:00,13.1,7.2,67,NE,4.8,4.8,1012.36,0,0,0,0,,
2022-04-17,04:15,13.3,6.1,62,NE,3.2,4.8,1012.36,0,0,0,0,,
2022-04-17,04:30,12.6,6.1,64,NE,3.2,6.4,1012.23,0,0,0,0,,
2022-04-17,04:45,12.3,5.6,65,ENE,1.6,8,1012.02,0,0,0,0,,
2022-04-17,05:00,11.8,5.6,66,ENE,4.8,6.4,1012.06,0,0,0,0,,
2022-04-17,05:15,12.7,6.1,65,ENE,1.6,4.8,1011.85,0,0,0,0,,
2022-04-17,05:30,12.9,6.1,65,NORTH,0,3.2,1011.68,0,0,0,0,,
2022-04-17,05:45,12.9,6.1,65,ENE,3.2,4.8,1011.65,0,0,0,0,,
2022-04-17,06:00,13.4,6.7,64,ENE,1.6,4.8,1011.75,0,0,0,0,,
2022-04-17,06:15,13,6.1,65,ENE,4.8,3.2,1011.68,0,0,0,0,,
2022-04-17,06:30,11.9,6.7,70,ENE,1.6,3.2,1011.89,0,0,0,0,,
2022-04-17,06:45,12.4,6.7,68,WNW,16.1,20.9,1011.72,0,0,0,0,,
2022-04-17,07:00,12.9,6.1,63,NW,20.9,30.6,1012.06,0,0,0,16,,
2022-04-17,07:15,13.3,5.6,60,NNW,19.3,32.2,1011.99,0,0,0,44,,
2022-04-17,07:30,13,5,60,NNW,6.4,25.7,1011.95,0,0,0,95,,
2022-04-17,07:45,12.7,5,61,NW,12.9,19.3,1012.12,0,0,0,141,,
2022-04-17,08:00,12.7,5,60,NNW,6.4,14.5,1012.23,0,0,0,204,,
2022-04-17,08:15,13.1,5,59,NNW,6.4,16.1,1012.33,0,0,0,221,,
2022-04-17,08:30,13.1,5,59,,20.9,27.4,1012.8,0,0,1,239,,
2022-04-17,08:45,13.4,5,58,NNW,14.5,27.4,1012.84,0,0,1,292,,
2022-04-17,09:00,13.9,5.6,57,NNW,17.7,29,1012.6,0,0,1,327,,
2022-04-17,09:15,14.4,5.6,56,NW,25.7,32.2,1012.6,0,0,1,320,,
2022-04-17,09:30,14.7,5.6,54,NNW,27.4,38.6,1012.5,0,0,2,483,,
2022-04-17,09:45,15.2,5,50,NW,37,43.5,1012.73,0,0,2,450,,
2022-04-17,10:00,15.5,4.4,48,NNW,19.3,41.8,1012.9,0,0,2,563,,
2022-04-17,10:15,15.9,3.9,45,NW,24.1,37,1013.07,0,0,3,673,,
2022-04-17,10:30,16,2.8,41,NW,20.9,37,1013,0,0,3,712,,
2022-04-17,10:45,16.3,2.2,38,NW,22.5,40.2,1013.21,0,0,4,751,,
2022-04-17,11:00,16.7,1.7,37,NNW,25.7,33.8,1013.28,0,0,4,784,,
2022-04-17,11:15,16.5,1.7,37,NW,38.6,40.2,1013.14,0,0,4,814,,
2022-04-17,11:30,16.7,1.1,36,WNW,19.3,35.4,1013.44,0,0,5,844,,
2022-04-17,11:45,16.7,0.6,33,NNW,25.7,38.6,1013.38,0,0,5,863,,
2022-04-17,12:00,16.8,0.6,34,NW,30.6,38.6,1013.38,0,0,5,888,,
2022-04-17,12:15,16.8,0.6,33,NNW,20.9,46.7,1013.34,0,0,6,914,,
2022-04-17,12:30,16.7,-0.6,31,NNW,22.5,41.8,1013.34,0,0,6,935,,
2022-04-17,12:45,16.8,-1.7,28,NW,29,46.7,1013.41,0,0,6,944,,
2022-04-17,13:00,17.1,-1.7,28,NNW,19.3,46.7,1013.34,0,0,6,951,,
2022-04-17,13:15,16.8,-2.2,28,NNE,30.6,46.7,1013.44,0,0,6,951,,
2022-04-17,13:30,16.8,-3.3,25,NW,33.8,53.1,1012.94,0,0,6,958,,
2022-04-17,13:45,17.1,-1.7,28,NNW,17.7,49.9,1012.63,0,0,6,947,,
2022-04-17,14:00,17.3,-0.6,30,NW,16.1,48.3,1012.77,0,0,6,930,,
2022-04-17,14:15,17.1,-0.6,31,NW,30.6,46.7,1012.9,0,0,6,919,,
2022-04-17,14:30,16.9,1.1,34,NORTH,19.3,37,1013.14,0,0,6,893,,
2022-04-17,14:45,16.7,1.7,36,NNW,40.2,41.8,1012.9,0,0,5,881,,
2022-04-17,15:00,16.9,0.6,34,NNW,35.4,38.6,1012.77,0,0,5,853,,
2022-04-17,15:15,16.7,0,32,NNW,37,40.2,1013.04,0,0,5,824,,
2022-04-17,15:30,16.6,0.6,34,NW,25.7,43.5,1012.53,0,0,4,800,,
2022-04-17,15:45,16.8,0,33,NNW,16.1,38.6,1012.5,0,0,4,770,,
2022-04-17,16:00,16.9,1.1,35,NW,20.9,43.5,1012.12,0,0,4,737,,
2022-04-17,16:15,16.7,0.6,34,WNW,20.9,38.6,1012.09,0,0,3,700,,
2022-04-17,16:30,16.9,1.1,34,NNW,20.9,37,1012.16,0,0,3,659,,
2022-04-17,16:45,16.7,1.1,35,WNW,27.4,37,1011.95,0,0,3,619,,
2022-04-17,17:00,16.6,1.1,35,WNW,12.9,48.3,1012.12,0,0,2,566,,
2022-04-17,17:15,16.2,1.1,36,NW,32.2,40.2,1012.16,0,0,2,515,,
2022-04-17,17:30,16.4,1.1,36,,22.5,35.4,1012.33,0,0,2,462,,
2022-04-17,17:45,16.2,0.6,35,NW,22.5,35.4,1012.63,0,0,1,408,,
2022-04-17,18:00,16.1,1.1,37,NW,25.7,32.2,1012.23,0,0,1,350,,
2022-04-17,18:15,15.9,1.7,38,,25.7,41.8,1012.19,0,0,1,292,,
2022-04-17,18:30,15.7,1.1,37,NNW,27.4,37,1012.73,0,0,1,230,,
2022-04-17,18:45,15.3,1.1,39,NNW,22.5,38.6,1012.53,0,0,0,163,,
2022-04-17,19:00,15,0.6,38,NNW,24.1,40.2,1012.7,0,0,0,107,,
2022-04-17,19:15,14.7,1.1,39,NNW,24.1,37,1012.84,0,0,0,58,,
2022-04-17,19:30,14.3,0.6,40,NNW,22.5,37,1012.73,0,0,0,25,,
2022-04-17,19:45,13.9,1.1,41,NW,25.7,30.6,1012.97,0,0,0,16,,
2022-04-17,20:00,13.6,0.6,41,NW,33.8,40.2,1013.14,0,0,0,7,,
2022-04-17,20:15,13.1,0.6,43,NNW,17.7,32.2,1013.38,0,0,0,0,,
2022-04-17,20:30,12.6,0.6,44,NNW,9.7,24.1,1013.82,0,0,0,0,,
2022-04-17,20:45,12.4,0.6,45,WNW,14.5,29,1013.88,0,0,0,0,,
2022-04-17,21:00,11.8,0.6,47,NNW,12.9,17.7,1014.02,0,0,0,0,,
2022-04-17,21:15,11.8,0.6,46,NNW,16.1,25.7,1013.85,0,0,0,0,,
2022-04-17,21:30,11.6,0.6,47,NW,9.7,19.3,1014.33,0,0,0,0,,
2022-04-17,21:45,11.3,0.6,48,NNW,4.8,22.5,1014.49,0,0,0,0,,
2022-04-17,22:00,11.1,0.6,49,NNW,6.4,17.7,1014.49,0,0,0,0,,
2022-04-17,22:15,10.9,0.6,50,,6.4,20.9,1014.6,0,0,0,0,,
2022-04-17,22:30,10.8,0.6,50,NW,14.5,16.1,1014.6,0,0,0,0,,
2022-04-17,22:45,10.7,0.6,50,,6.4,17.7,1014.73,0,0,0,0,,
2022-04-17,23:00,10.4,0.6,51,,6.4,16.1,1014.73,0,0,0,0,,
2022-04-17,23:15,10,0.6,52,NNW,8,12.9,1014.77,0,0,0,0,,
2022-04-17,23:30,9.9,0.6,53,NORTH,6.4,9.7,1014.9,0,0,0,0,,
2022-04-17,23:45,9.8,0.6,53,NNW,4.8,8,1014.93,0,0,0,0,,
2022-04-17,OVR,,,,,,,,,,,,gustmax,40.2
2022-04-17,OVR,,,,,,,,,,,,rainrate_max,0
2022-04-17,OVR,,,,,,,,,,,,rain_total_mm,0
2022-04-17,OVR,,,,,,,,,,,,tmax,17.5
2022-04-17,OVR,,,,,,,,,,,,tmin,9.6
2022-04-17,OVR,,,,,,,,,,,,wind_dir_mean_deg,337.5
2022-04-18,00:00,10.1,0.6,53,NW,8,19.3,1014.97,0,0,0,0,,
2022-04-18,00:30,10.5,0.6,51,NNW,8,17.7,1014.93,0,0,0,0,,
2022-04-18,00:45,9.7,0.6,54,NNW,3.2,9.7,1015.21,0,0,0,0,,
2022-04-18,01:00,9.3,0.6,56,NNW,4.8,12.9,1015.14,0,0,0,0,,
2022-04-18,01:15,8.9,0.6,57,NNW,3.2,8,1015.17,0,0,0,0,,
2022-04-18,01:30,9,1.1,57,NNW,6.4,8,1015.21,0,0,0,0,,
2022-04-18,01:45,9,1.1,57,NNW,4.8,12.9,1015.1,0,0,0,0,,
2022-04-18,02:00,8.9,1.1,59,NW,8,12.9,1014.9,0,0,0,0,,
2022-04-18,02:15,8.4,1.1,61,NNW,8,8,1014.93,0,0,0,0,,
2022-04-18,02:30,8.6,1.1,60,NW,4.8,8,1014.9,0,0,0,0,,
2022-04-18,02:45,8.5,1.1,60,NNW,3.2,8,1014.77,0,0,0,0,,
2022-04-18,03:00,8.5,1.1,60,NNW,4.8,12.9,1014.83,0,0,0,0,,
2022-04-18,03:15,8.3,1.1,61,NNW,6.4,9.7,1014.6,0,0,0,0,,
2022-04-18,03:30,8.1,1.1,61,NW,3.2,14.5,1014.63,0,0,0,0,,
2022-04-18,03:45,8.1,0.6,61,NW,4.8,12.9,1014.43,0,0,0,0,,
2022-04-18,04:00,8.3,0.6,59,NW,8,14.5,1014.6,0,0,0,0,,
2022-04-18,04:15,8.1,0.6,61,NW,8,12.9,1014.66,0,0,0,0,,
2022-04-18,04:30,7.8,0.6,61,NW,8,14.5,1014.6,0,0,0,0,,
2022-04-18,04:45,8.4,0,57,NW,14.5,17.7,1014.6,0,0,0,0,,
2022-04-18,05:00,7.9,0,59,NW,8,14.5,1014.46,0,0,0,0,,
2022-04-18,05:15,8.4,0,57,NNW,4.8,14.5,1014.53,0,0,0,0,,
2022-04-18,05:30,8.5,0,55,NNW,12.9,14.5,1014.43,0,0,0,0,,
2022-04-18,05:45,8.5,0,55,NW,4.8,19.3,1014.66,0,0,0,0,,
2022-04-18,06:00,8.3,0,56,NW,9.7,14.5,1014.66,0,0,0,0,,
2022-04-18,06:15,8.7,0,54,NNW,9.7,16.1,1014.77,0,0,0,0,,
2022-04-18,06:30,8.9,0,54,,8,19.3,1014.6,0,0,0,0,,
2022-04-18,06:45,8.8,0,54,NW,3.2,12.9,1014.6,0,0,0,0,,
2022-04-18,07:00,8.8,0,54,NNW,6.4,14.5,1014.9,0,0,0,12,,
2022-04-18,07:15,8.9,0,54,NNW,12.9,19.3,1015.17,0,0,0,42,,
2022-04-18,07:30,9.2,0.6,54,,17.7,20.9,1015.31,0,0,0,95,,
2022-04-18,07:45,9.3,0.6,54,NNW,8,24.1,1015.48,0,0,0,151,,
2022-04-18,08:00,9.5,0.6,55,NW,17.7,24.1,1015.41,0,0,0,211,,
2022-04-18,08:15,10,0.6,53,NNW,14.5,24.1,1015.34,0,0,0,243,,
2022-04-18,08:30,10.1,1.1,53,NNW,8,27.4,1015.31,0,0,1,229,,
2022-04-18,08:45,10.3,1.1,53,NW,19.3,25.7,1015.17,0,0,1,301,,
2022-04-18,09:00,10.7,0,49,WNW,24.1,29,1015.24,0,0,1,338,,
2022-04-18,09:15,11.1,0,47,WNW,20.9,33.8,1015.1,0,0,2,320,,
2022-04-18,09:30,11.5,1.1,50,NNW,12.9,27.4,1015.04,0,0,2,473,,
2022-04-18,09:45,11.8,0.6,45,NNW,16.1,29,1015.21,0,0,2,452,,
2022-04-18,10:00,12.5,0,43,NW,22.5,32.2,1015.14,0,0,3,545,,
2022-04-18,10:15,12.7,-1.1,39,WNW,20.9,33.8,1015.1,0,0,2,336,,
2022-04-18,10:30,13.2,-0.6,40,NW,27.4,37,1015.44,0,0,3,717,,
2022-04-18,10:45,13.6,0,39,NW,32.2,35.4,1015.48,0,0,4,693,,
2022-04-18,11:00,14.1,0.6,40,NW,20.9,30.6,1015.27,0,0,4,777,,
2022-04-18,11:15,14,0.6,40,NW,17.7,33.8,1015.44,0,0,4,798,,
2022-04-18,11:30,14.7,0,38,NW,24.1,37,1015.24,0,0,5,837,,
2022-04-18,11:45,15.3,0,36,NW,22.5,35.4,1015.34,0,0,5,875,,
2022-04-18,12:00,15.7,0,34,NNW,20.9,32.2,1015.65,0,0,6,904,,
2022-04-18,12:15,16.1,0,34,NW,25.7,32.2,1015.34,0,0,6,905,,
2022-04-18,12:30,16.6,-0.6,31,NW,24.1,40.2,1015.31,0,0,6,916,,
2022-04-18,12:45,16.8,-1.1,30,WNW,11.3,30.6,1015.44,0,0,6,930,,
2022-04-18,13:00,17.4,-0.6,30,NW,11.3,30.6,1015.27,0,0,6,933,,
2022-04-18,13:15,17.7,-0.6,29,NNW,9.7,30.6,1015.04,0,0,7,935,,
2022-04-18,13:30,18.2,0.6,31,WNW,19.3,29,1015.04,0,0,7,935,,
2022-04-18,13:45,18.5,2.8,35,WNW,25.7,30.6,1015.07,0,0,7,919,,
2022-04-18,14:00,17.8,3.3,39,WEST,27.4,32.2,1015.21,0,0,6,912,,
2022-04-18,14:15,17.5,3.3,40,NW,20.9,33.8,1015.24,0,0,6,889,,
2022-04-18,14:30,17.6,3.9,40,WEST,19.3,38.6,1015.34,0,0,6,879,,
2022-04-18,14:45,17.2,3.3,40,WNW,19.3,40.2,1015.17,0,0,6,853,,
2022-04-18,15:00,17.1,2.8,39,WEST,27.4,45.1,1015.31,0,0,5,817,,
2022-04-18,15:15,16.9,3.3,40,WNW,27.4,46.7,1015.17,0,0,5,772,,
2022-04-18,15:30,16.7,3.3,41,NE,24.1,48.3,1015.27,0,0,5,782,,
2022-04-18,15:45,16.8,3.3,40,WNW,22.5,41.8,1015.24,0,0,4,754,,
2022-04-18,16:00,16.5,3.3,42,WEST,32.2,38.6,1014.9,0,0,4,724,,
2022-04-18,16:15,16.3,3.9,44,NW,24.1,48.3,1014.93,0,0,3,684,,
2022-04-18,16:30,16.1,3.9,45,WEST,24.1,48.3,1015.07,0,0,3,643,,
2022-04-18,16:45,16.1,2.8,41,WEST,17.7,49.9,1014.97,0,0,3,603,,
2022-04-18,17:15,16.3,3.9,44,WNW,11.3,43.5,1014.97,0,0,2,506,,
2022-04-18,17:30,15.9,1.7,39,WNW,17.7,46.7,1014.87,0,0,2,450,,
2022-04-18,17:45,15.8,2.8,41,NW,20.9,46.7,1014.83,0,0,1,399,,
2022-04-18,18:00,15.6,3.9,46,WEST,14.5,41.8,1014.73,0,0,1,341,,
2022-04-18,18:15,15.2,6.1,55,WEST,27.4,38.6,1014.93,0,0,1,278,,
2022-04-18,18:30,15.1,5,51,WEST,16.1,40.2,1014.9,0,0,1,220,,
2022-04-18,18:45,14.7,5.6,55,WEST,6.4,37,1014.97,0,0,0,158,,
2022-04-18,19:00,14.4,5.6,56,WNW,22.5,30.6,1015.04,0,0,0,104,,
2022-04-18,19:15,14.2,6.7,62,WEST,29,32.2,1015.04,0,0,0,58,,
2022-04-18,19:30,13.8,7.2,65,WNW,17.7,32.2,1015.04,0,0,0,26,,
2022-04-18,19:45,13.5,7.8,69,WEST,9.7,25.7,1015.14,0,0,0,16,,
2022-04-18,20:00,13.2,8.3,73,WEST,22.5,29,1015.21,0,0,0,0,,
2022-04-18,20:15,12.8,8.3,76,WEST,19.3,24.1,1015.31,0,0,0,0,,
2022-04-18,20:30,12.4,8.9,79,WEST,19.3,24.1,1015.24,0,0,0,0,,
2022-04-18,20:45,12.1,8.9,82,WEST,9.7,20.9,1015.58,0,0,0,0,,
2022-04-18,21:00,11.8,8.9,84,WEST,12.9,17.7,1015.58,0,0,0,0,,
2022-04-18,21:15,11.8,9.4,85,WEST,9.7,11.3,1015.98,0,0,0,0,,
2022-04-18,21:30,11.9,9.4,86,WEST,9.7,14.5,1016.09,0,0,0,0,,
2022-04-18,21:45,11.8,9.4,87,WNW,6.4,17.7,1016.15,0,0,0,0,,
2022-04-18,22:00,11.6,9.4,87,WNW,6.4,12.9,1016.32,0,0,0,0,,
2022-04-18,22:15,11.5,9.4,88,WEST,11.3,14.5,1016.39,0,0,0,0,,
2022-04-18,22:30,11.6,9.4,89,WEST,6.4,14.5,1016.39,0,0,0,0,,
2022-04-18,22:45,11.6,10,89,WNW,4.8,9.7,1016.7,0,0,0,0,,
2022-04-18,23:00,11.6,10,90,WNW,4.8,11.3,1016.49,0,0,0,0,,
2022-04-18,23:15,11.4,9.4,90,WNW,1.6,4.8,1016.59,0,0,0,0,,
2022-04-18,23:30,10.9,9.4,91,NORTH,0,1.6,1016.32,0,0,0,0,,
2022-04-18,23:45,10.7,9.4,91,NORTH,0,3.2,1016.36,0,0,0,0,,
2022-04-18,OVR,,,,,,,,,,,,gustmax,32.2
2022-04-18,OVR,,,,,,,,,,,,rainrate_max,0
2022-04-18,OVR,,,,,,,,,,,,rain_total_mm,0
2022-04-18,OVR,,,,,,,,,,,,tmax,18.6
2022-04-18,OVR,,,,,,,,,,,,tmin,7.7
2022-04-18,OVR,,,,,,,,,,,,wind_dir_mean_deg,337.5
2022-04-19,00:00,10.9,9.4,91,NORTH,0,1.6,1016.29,0,0,0,0,,
2022-04-19,00:15,10.4,8.9,91,NORTH,0,3.2,1016.05,0,0,0,0,,
2022-04-19,00:30,9.9,8.3,91,WNW,1.6,3.2,1016.05,0,0,0,0,,
2022-04-19,00:45,9.6,8.3,91,WNW,1.6,4.8,1016.05,0,0,0,0,,
2022-04-19,01:00,9.7,8.3,91,NORTH,0,3.2,1015.98,0,0,0,0,,
2022-04-19,01:15,9.3,7.8,91,NORTH,0,4.8,1015.88,0,0,0,0,,
2022-04-19,01:30,9.4,7.8,90,WNW,1.6,4.8,1015.82,0,0,0,0,,
2022-04-19,01:45,10.4,8.3,90,NORTH,0,4.8,1015.61,0,0,0,0,,
2022-04-19,02:00,9.8,7.8,88,WNW,1.6,3.2,1015.61,0,0,0,0,,
2022-04-19,02:15,9.8,7.8,88,NORTH,0,4.8,1015.41,0,0,0,0,,
2022-04-19,02:30,9.3,7.2,89,WNW,1.6,3.2,1015.27,0,0,0,0,,
2022-04-19,02:45,9.3,7.8,90,NORTH,0,3.2,1015.14,0,0,0,0,,
2022-04-19,03:00,9.3,7.8,90,NORTH,0,3.2,1015.04,0,0,0,0,,
2022-04-19,03:15,9.6,7.8,90,WNW,1.6,1.6,1014.83,0,0,0,0,,
2022-04-19,03:30,9.7,7.8,90,WNW,1.6,3.2,1014.97,0,0,0,0,,
2022-04-19,03:45,10,8.3,90,WNW,3.2,3.2,1014.87,0,0,0,0,,
2022-04-19,04:00,9.9,8.3,90,NW,1.6,4.8,1014.97,0,0,0,0,,
2022-04-19,04:15,9.6,7.8,90,NW,1.6,4.8,1015.07,0,0,0,0,,
2022-04-19,04:30,9.4,7.8,90,NORTH,3.2,4.8,1014.9,0,0,0,0,,
2022-04-19,04:45,9.5,7.8,91,NORTH,3.2,4.8,1014.9,0,0,0,0,,
2022-04-19,05:00,9.7,8.3,91,NORTH,0,3.2,1014.77,0,0,0,0,,
2022-04-19,05:15,9.6,7.8,91,NORTH,0,3.2,1014.73,0,0,0,0,,
2022-04-19,05:30,9.5,7.8,91,NORTH,1.6,3.2,1014.53,0,0,0,0,,
2022-04-19,05:45,9.7,8.3,91,NORTH,3.2,1.6,1014.46,0,0,0,0,,
2022-04-19,06:00,9.6,8.3,92,NORTH,0,3.2,1014.49,0,0,0,0,,
2022-04-19,06:15,9.4,7.8,92,NORTH,1.6,4.8,1014.43,0,0,0,0,,
2022-04-19,06:30,9.8,8.3,93,NORTH,3.2,4.8,1014.36,0,0,0,0,,
2022-04-19,06:45,9.1,7.8,92,NORTH,1.6,4.8,1014.26,0,0,0,0,,
2022-04-19,07:00,9.2,7.8,93,NNE,4.8,6.4,1014.39,0,0,0,16,,
2022-04-19,07:15,9.6,8.3,93,NNE,3.2,4.8,1014.46,0,0,0,49,,
2022-04-19,07:30,9.6,8.3,93,NORTH,0,6.4,1014.6,0,0,0,90,,
2022-04-19,07:45,10.2,8.9,93,NORTH,0,3.2,1014.53,0,0,0,144,,
2022-04-19,08:00,10.7,9.4,93,NORTH,0,0,1014.6,0,0,0,195,,
2022-04-19,08:15,11.3,10,92,NORTH,0,0,1014.56,0,0,0,237,,
2022-04-19,08:30,11.9,10,89,NORTH,0,1.6,1014.66,0,0,1,216,,
2022-04-19,08:45,12.3,10.6,88,NNE,1.6,3.2,1014.43,0,0,1,288,,
2022-04-19,09:00,12.7,10.6,87,NORTH,0,4.8,1014.36,0,0,1,322,,
2022-04-19,09:15,12.9,10.6,86,NNE,1.6,4.8,1014.36,0,0,2,311,,
2022-04-19,09:30,13.5,10.6,84,NORTH,0,4.8,1014.43,0,0,2,446,,
2022-04-19,09:45,13.8,10.6,83,NE,1.6,6.4,1014.53,0,0,2,450,,
2022-04-19,10:00,14.1,11.1,82,NORTH,0,9.7,1014.7,0,0,3,499,,
2022-04-19,10:15,14.5,10.6,79,EAST,6.4,4.8,1014.6,0,0,3,654,,
2022-04-19,10:30,14.6,10.6,77,NORTH,0,6.4,1014.6,0,0,3,686,,
2022-04-19,10:45,15.4,10,72,SW,6.4,9.7,1014.66,0,0,4,722,,
2022-04-19,11:00,16.1,8.9,64,WNW,6.4,14.5,1014.6,0,0,4,761,,
2022-04-19,11:15,16.3,8.9,62,WEST,12.9,17.7,1014.56,0,0,5,791,,
2022-04-19,11:30,16.4,8.3,59,WNW,4.8,14.5,1014.6,0,0,5,810,,
2022-04-19,11:45,16.7,8.9,60,WNW,6.4,22.5,1014.56,0,0,5,846,,
2022-04-19,12:00,17,8.3,58,WSW,3.2,19.3,1014.53,0,0,6,860,,
2022-04-19,12:15,17.4,8.3,56,WEST,14.5,24.1,1014.29,0,0,6,881,,
2022-04-19,12:30,17.7,8.3,55,WNW,16.1,19.3,1014.33,0,0,6,900,,
2022-04-19,12:45,17.8,8.3,54,WNW,11.3,22.5,1014.22,0,0,6,907,,
2022-04-19,13:00,18.3,7.8,52,NW,20.9,30.6,1014.05,0,0,7,912,,
2022-04-19,13:15,18.6,8.9,54,NW,17.7,24.1,1013.85,0,0,7,954,,
2022-04-19,13:30,19.1,9.4,53,WNW,16.1,30.6,1013.82,0,0,7,981,,
2022-04-19,13:45,18.9,8.9,52,WEST,6.4,30.6,1013.58,0,0,7,939,,
2022-04-19,14:00,19.2,8.9,51,ENE,9.7,25.7,1013.58,0,0,6,926,,
2022-04-19,14:15,19.3,8.3,49,NW,8,27.4,1013.44,0,0,7,1032,,
2022-04-19,14:30,19.3,8.3,49,NE,6.4,22.5,1013.24,0,0,6,888,,
2022-04-19,14:45,19.4,7.8,48,WEST,17.7,20.9,1013.24,0,0,6,856,,
2022-04-19,15:00,19.5,8.3,48,WNW,6.4,30.6,1013.04,0,0,6,831,,
2022-04-19,15:15,19.8,8.3,47,ESE,22.5,25.7,1013.07,0,0,5,798,,
2022-04-19,15:30,19.6,8.3,48,WEST,17.7,27.4,1012.9,0,0,5,773,,
2022-04-19,15:45,19.6,7.8,47,NW,8,27.4,1012.7,0,0,4,738,,
2022-04-19,16:00,19.9,8.3,49,ENE,8,22.5,1012.53,0,0,4,710,,
2022-04-19,16:15,19.7,8.9,49,WEST,17.7,30.6,1012.46,0,0,4,675,,
2022-04-19,16:30,19.7,8.3,48,WEST,19.3,32.2,1012.16,0,0,3,633,,
2022-04-19,16:45,19.6,7.8,48,WNW,12.9,29,1011.99,0,0,3,592,,
2022-04-19,17:00,19.9,7.8,46,WEST,19.3,25.7,1011.82,0,0,2,543,,
2022-04-19,17:15,19.9,7.8,46,WEST,17.7,24.1,1011.82,0,0,2,494,,
2022-04-19,17:30,19.6,7.2,46,WEST,19.3,22.5,1011.72,0,0,2,441,,
2022-04-19,17:45,19.4,7.8,47,WNW,11.3,29,1011.75,0,0,1,388,,
2022-04-19,18:00,19.3,7.8,48,NE,19.3,29,1011.58,0,0,1,329,,
2022-04-19,18:15,19.1,7.8,48,WNW,16.1,20.9,1011.55,0,0,1,276,,
2022-04-19,18:30,18.9,7.2,48,WNW,11.3,24.1,1011.41,0,0,1,216,,
2022-04-19,18:45,18.9,7.2,47,WNW,12.9,17.7,1011.51,0,0,0,155,,
2022-04-19,19:00,18.5,6.7,46,WEST,14.5,19.3,1011.45,0,0,0,104,,
2022-04-19,19:15,18.2,6.1,46,WNW,11.3,19.3,1011.55,0,0,0,60,,
2022-04-19,19:30,17.8,6.1,47,NW,8,17.7,1011.51,0,0,0,30,,
2022-04-19,19:45,17.6,5.6,46,WNW,8,16.1,1011.48,0,0,0,19,,
2022-04-19,20:00,17.1,6.1,48,NW,3.2,11.3,1011.51,0,0,0,9,,
2022-04-19,20:15,15.7,6.1,53,SE,12.9,14.5,1011.72,0,0,0,0,,
2022-04-19,20:30,15,7.2,60,ESE,12.9,17.7,1011.72,0,0,0,0,,
2022-04-19,20:45,14.6,6.7,61,SE,12.9,17.7,1011.72,0,0,0,0,,
2022-04-19,21:00,14.3,6.7,61,SE,11.3,16.1,1011.89,0,0,0,0,,
2022-04-19,21:15,14.1,6.7,62,SE,16.1,16.1,1011.99,0,0,0,0,,
2022-04-19,21:30,13.9,6.7,63,SE,14.5,17.7,1012.23,0,0,0,0,,
2022-04-19,21:45,13.8,6.1,62,SE,14.5,17.7,1012.23,0,0,0,0,,
2022-04-19,22:00,13.8,5.6,58,ESE,14.5,19.3,1012.36,0,0,0,0,,
2022-04-19,22:15,13.9,5.6,57,SE,16.1,20.9,1012.19,0,0,0,0,,
2022-04-19,22:30,14.1,5,55,SE,11.3,19.3,1012.16,0,0,0,0,,
2022-04-19,22:45,14,4.4,54,SE,17.7,19.3,1012.12,0,0,0,0,,
2022-04-19,23:00,14.1,4.4,52,ESE,12.9,17.7,1012.16,0,0,0,0,,
2022-04-19,23:15,14.3,3.9,50,ESE,11.3,19.3,1011.89,0,0,0,0,,
2022-04-19,23:30,14.3,3.9,50,SE,14.5,19.3,1011.89,0,0,0,0,,
2022-04-19,23:45,14.3,3.3,49,ESE,12.9,17.7,1011.65,0,0,0,0,,
2022-04-19,OVR,,,,,,,,,,,,gustmax,22.5
2022-04-19,OVR,,,,,,,,,,,,rainrate_max,0
2022-04-19,OVR,,,,,,,,,,,,rain_total_mm,0
2022-04-19,OVR,,,,,,,,,,,,tmax,20.1
2022-04-19,OVR,,,,,,,,,,,,tmin,8.9
2022-04-19,OVR,,,,,,,,,,,,wind_dir_mean_deg,292.5
2022-04-20,00:00,14.3,3.9,50,ESE,14.5,17.7,1011.79,0,0,0,0,,
2022-04-20,00:15,14.1,3.9,51,ESE,11.3,17.7,1011.72,0,0,0,0,,
2022-04-20,00:30,14.4,3.9,50,ESE,14.5,19.3,1011.72,0,0,0,0,,
2022-04-20,00:45,14.4,3.9,49,ESE,19.3,20.9,1011.51,0,0,0,0,,
2022-04-20,01:00,14.6,3.9,50,ESE,14.5,24.1,1011.48,0,0,0,0,,
2022-04-20,01:15,14.6,4.4,50,SE,14.5,20.9,1011.41,0,0,0,0,,
2022-04-20,01:30,14.6,4.4,51,ESE,14.5,20.9,1011.45,0,0,0,0,,
2022-04-20,01:45,14.4,4.4,52,ESE,11.3,17.7,1011.14,0,0,0,0,,
2022-04-20,02:00,14,5,54,ESE,11.3,20.9,1011.01,0,0,0,0,,
2022-04-20,02:15,14.3,5,55,ESE,17.7,20.9,1010.8,0,0,0,0,,
2022-04-20,02:30,14.2,5.6,56,ESE,12.9,22.5,1010.53,0,0,0,0,,
2022-04-20,02:45,14.2,5.6,56,ESE,17.7,20.9,1010.33,0,0,0,0,,
2022-04-20,03:00,14,5.6,57,ESE,14.5,24.1,1010.23,0,0,0,0,,
2022-04-20,03:15,14.3,5.6,57,ESE,16.1,27.4,1009.99,0,0,0,0,,
2022-04-20,03:30,14.4,6.1,59,ESE,22.5,27.4,1009.89,0,0,0,0,,
2022-04-20,03:45,14.4,6.7,61,ESE,11.3,24.1,1009.82,0,0,0,0,,
2022-04-20,04:00,14.3,6.7,61,ESE,6.4,20.9,1009.55,0,0,0,0,,
2022-04-20,04:15,13.6,6.1,62,ESE,11.3,16.1,1009.38,0,0,0,0,,
2022-04-20,04:30,13.3,5.6,61,ESE,11.3,14.5,1009.31,0,0,0,0,,
2022-04-20,04:45,12.6,5.6,63,ESE,11.3,16.1,1009.18,0,0,0,0,,
2022-04-20,05:00,12.6,6.1,64,EAST,6.4,12.9,1009.25,0,0,0,0,,
2022-04-20,05:15,13.2,6.1,63,ESE,6.4,11.3,1009.21,0,0,0,0,,
2022-04-20,05:30,13.9,6.1,61,ESE,11.3,14.5,1009.28,0,0,0,0,,
2022-04-20,05:45,15.1,6.1,57,ESE,11.3,19.3,1009.45,0,0,0,0,,
2022-04-20,06:00,14.2,6.7,60,ESE,6.4,11.3,1009.21,0,0,0,0,,
2022-04-20,06:15,13.7,6.7,63,EAST,9.7,16.1,1009.25,0,0,0,0,,
2022-04-20,06:30,13.7,6.7,63,ESE,11.3,14.5,1009.41,0,0,0,0,,
2022-04-20,06:45,14.5,7.2,62,ESE,22.5,27.4,1009.45,0,0,0,12,,
2022-04-20,07:00,14.2,7.2,65,ESE,11.3,20.9,1008.94,0,0,0,21,,
2022-04-20,07:15,13.9,7.8,66,ESE,12.9,20.9,1008.74,0,0,0,33,,
2022-04-20,07:30,13.2,6.7,66,EAST,11.3,20.9,1008.7,0,0,0,63,,
2022-04-20,07:45,13.3,7.2,66,EAST,12.9,19.3,1008.74,0,0,0,88,,
2022-04-20,08:00,13.9,7.2,65,ESE,19.3,17.7,1009.08,0,0,0,95,,
2022-04-20,08:15,13.9,7.8,66,ESE,16.1,22.5,1008.81,0,0,0,70,,
2022-04-20,08:30,13.7,8.3,70,ESE,16.1,22.5,1008.64,0,0,1,141,,
2022-04-20,08:45,13.7,10,79,ESE,17.7,25.7,1008.6,0,0,1,244,,
2022-04-20,09:00,13.7,10.6,81,EAST,16.1,25.7,1008.03,0,0,0,135,,
2022-04-20,09:15,13.9,9.4,77,ESE,9.7,27.4,1008.3,0,0,1,134,,
2022-04-20,09:30,14.1,10,78,ESE,11.3,19.3,1008.67,0,0,1,269,,
2022-04-20,09:45,14.7,11.1,81,ESE,19.3,20.9,1008.4,0,0,2,394,,
2022-04-20,10:00,14.8,11.1,80,ESE,22.5,27.4,1008.03,0,0,2,294,,
2022-04-20,10:15,15.6,10.6,73,ESE,12.9,22.5,1007.76,0,0,3,520,,
2022-04-20,10:30,15.8,10.6,73,SE,4.8,16.1,1008.3,0,0,2,343,,
2022-04-20,10:45,15.8,11.1,74,EAST,6.4,19.3,1008.2,0,0,3,330,,
2022-04-20,11:00,16.4,11.1,73,ESE,17.7,22.5,1008.09,0,0,2,378,,
2022-04-20,11:15,16.8,11.7,71,ESE,17.7,24.1,1007.42,0,0,3,446,,
2022-04-20,11:30,16.9,11.7,71,ESE,12.9,25.7,1007.21,0,0,2,387,,
2022-04-20,11:45,16.8,11.1,71,EAST,17.7,30.6,1007.45,0,0,0,76,,
2022-04-20,12:00,16.7,11.1,70,EAST,24.1,27.4,1007.79,0,0,1,221,,
2022-04-20,12:15,17.4,10.6,65,ESE,20.9,30.6,1007.45,0,0,2,290,,
2022-04-20,12:30,17.2,11.1,68,ESE,16.1,35.4,1007.52,0,0,2,255,,
2022-04-20,12:45,16.8,11.7,72,EAST,14.5,29,1007.45,0,0,1,221,,
2022-04-20,13:00,16.4,12.2,78,ESE,14.5,29,1006.98,0,0,2,287,,
2022-04-20,13:15,16.6,12.8,78,EAST,20.9,32.2,1006.16,0,0,2,353,,
2022-04-20,13:30,17.2,11.1,67,ENE,17.7,35.4,1005.86,0,0,2,373,,
2022-04-20,13:45,18.2,11.1,64,ENE,16.1,32.2,1005.55,0,0,3,795,,
2022-04-20,14:00,18.2,11.1,64,ESE,24.1,33.8,1005.59,0,0,4,515,,
2022-04-20,14:15,18.6,11.1,62,ENE,22.5,40.2,1005.69,0,0,3,374,,
2022-04-20,14:30,18.6,11.7,65,ESE,19.3,32.2,1005.59,0,0,5,410,,
2022-04-20,14:45,19.6,12.2,64,EAST,14.5,33.8,1005.45,0,0,4,696,,
2022-04-20,15:00,19.4,11.7,61,EAST,24.1,37,1005.35,0,0,4,768,,
2022-04-20,15:15,19.6,12.2,62,EAST,22.5,38.6,1005.22,0,0,4,710,,
2022-04-20,15:30,18.9,11.7,63,EAST,29,40.2,1005.55,0,0,2,271,,
2022-04-20,15:45,18.9,12.2,67,EAST,16.1,25.7,1006.57,0,0,4,766,,
2022-04-20,16:00,19.3,12.2,64,ESE,20.9,25.7,1006.16,0,0,2,290,,
2022-04-20,16:15,18.9,12.2,66,EAST,11.3,20.9,1006.16,0,0,1,255,,
2022-04-20,16:30,18.6,12.2,66,EAST,14.5,19.3,1006.43,0,0,1,155,,
2022-04-20,16:45,18,11.7,67,EAST,12.9,24.1,1006.5,0,0,0,72,,
2022-04-20,17:00,17.2,11.7,70,EAST,11.3,20.9,1006.87,0,0,0,83,,
2022-04-20,17:15,16.7,11.7,72,SE,19.3,25.7,1007.42,0,0,0,70,,
2022-04-20,17:30,16.2,11.1,73,EAST,19.3,25.7,1007.25,0,0,0,60,,
2022-04-20,17:45,16.1,11.1,74,ESE,20.9,29,1007.52,0,0,0,37,,
2022-04-20,18:00,15.7,11.1,76,EAST,11.3,25.7,1007.82,0,0,0,35,,
2022-04-20,18:15,15,11.1,79,ENE,22.5,38.6,1006.06,0,0,0,49,,
2022-04-20,18:30,14.8,11.1,79,NE,16.1,32.2,1005.93,0,0,0,30,,
2022-04-20,18:45,14.7,11.1,80,ENE,32.2,35.4,1005.83,0,0,0,28,,
2022-04-20,19:00,14.7,11.1,79,ENE,19.3,30.6,1006.67,0,0,0,18,,
2022-04-20,19:15,14.8,11.1,79,EAST,16.1,25.7,1006.87,0,0,0,23,,
2022-04-20,19:30,14.7,11.1,80,EAST,17.7,29,1006.94,0,0,0,7,,
2022-04-20,19:45,14.5,11.1,80,EAST,17.7,30.6,1006.54,0,0,0,0,,
2022-04-20,20:00,14.5,11.1,80,ENE,19.3,30.6,1006.74,0,0,0,0,,
2022-04-20,20:15,14.6,11.1,79,EAST,25.7,30.6,1006.5,0,0,0,0,,
2022-04-20,20:30,14.5,11.1,80,EAST,19.3,32.2,1006.23,0,0,0,0,,
2022-04-20,20:45,14.3,11.1,80,EAST,22.5,38.6,1006.33,0,0,0,0,,
2022-04-20,21:00,14.2,11.1,81,ESE,16.1,32.2,1006.87,0,0,0,0,,
2022-04-20,21:15,14.1,11.1,82,ENE,19.3,25.7,1006.87,0,0,0,0,,
2022-04-20,21:30,14.1,11.1,82,ENE,6.4,24.1,1007.01,0,0,0,0,,
2022-04-20,21:45,13.9,11.1,83,SE,14.5,17.7,1007.96,0,0,0,0,,
2022-04-20,22:00,13.7,11.1,84,EAST,14.5,17.7,1007.28,0.25,0.25,0,0,,
2022-04-20,22:15,13.4,11.1,86,ENE,20.9,22.5,1006.74,0.25,0.25,0,0,,
2022-04-20,22:30,13.3,11.1,86,EAST,19.3,29,1006.43,0.25,0.25,0,0,,
2022-04-20,22:45,13.3,11.1,86,ENE,25.7,30.6,1006.03,0.25,0.25,0,0,,
2022-04-20,23:00,13.4,11.1,86,ENE,27.4,32.2,1006.27,0.25,0,0,0,,
2022-04-20,23:15,13.4,11.1,86,ENE,20.9,29,1006.43,0.25,0,0,0,,
2022-04-20,23:30,13.4,10.6,85,ENE,6.4,24.1,1006.81,0.25,0,0,0,,
2022-04-20,23:45,13.3,10.6,85,SOUTH,3.2,8,1006.81,0.25,0,0,0,,
2022-04-20,OVR,,,,,,,,,,,,gustmax,32.2
2022-04-20,OVR,,,,,,,,,,,,rainrate_max,0.2
2022-04-20,OVR,,,,,,,,,,,,rain_total_mm,0.2
2022-04-20,OVR,,,,,,,,,,,,tmax,20
2022-04-20,OVR,,,,,,,,,,,,tmin,12.4
2022-04-20,OVR,,,,,,,,,,,,wind_dir_mean_deg,90
2022-04-21,00:00,13.1,10.6,86,NORTH,0,4.8,1006.74,0,0,0,0,,
2022-04-21,00:15,12.8,10.6,87,WEST,3.2,4.8,1006.77,0,0,0,0,,
2022-04-21,00:30,12.5,10.6,88,NORTH,0,11.3,1006.84,0,0,0,0,,
2022-04-21,00:45,12.2,10.6,89,NORTH,0,4.8,1006.74,0,0,0,0,,
2022-04-21,01:00,12.2,10.6,90,NORTH,0,1.6,1006.91,0,0,0,0,,
2022-04-21,01:15,12.2,10.6,91,NORTH,0,4.8,1007.01,0,0,0,0,,
2022-04-21,01:30,12.3,10.6,91,NORTH,0,3.2,1007.11,0,0,0,0,,
2022-04-21,01:45,12.1,10.6,90,SOUTH,3.2,6.4,1006.77,0,0,0,0,,
2022-04-21,02:00,12.2,10.6,91,SOUTH,3.2,3.2,1006.84,0,0,0,0,,
2022-04-21,02:15,12.4,10.6,90,NORTH,3.2,9.7,1006.54,0,0,0,0,,
2022-04-21,02:30,12.5,10.6,89,ENE,3.2,8,1006.2,0,0,0,0,,
2022-04-21,02:45,12.4,10.6,89,NORTH,1.6,8,1006.13,0,0,0,0,,
2022-04-21,03:00,12.2,10,89,NORTH,4.8,4.8,1006.1,0,0,0,0,,
2022-04-21,03:15,12.2,10.6,89,NORTH,0,9.7,1005.66,0,0,0,0,,
2022-04-21,03:30,12.3,10.6,89,NE,3.2,8,1005.15,0,0,0,0,,
2022-04-21,03:45,12.4,10.6,89,ENE,14.5,16.1,1005.15,0,0,0,0,,
2022-04-21,04:00,12.2,10,89,EAST,14.5,17.7,1004.78,0,0,0,0,,
2022-04-21,04:15,12.1,10,89,ENE,12.9,19.3,1004.61,0,0,0,0,,
2022-04-21,04:30,12.1,10,89,EAST,12.9,20.9,1003.69,0,0,0,0,,
2022-04-21,04:45,12.2,10.6,89,ENE,12.9,20.9,1003.25,0,0,0,0,,
2022-04-21,05:00,12.2,10,88,ENE,14.5,17.7,1002.98,0,0,0,0,,
2022-04-21,05:15,12.1,10,89,ENE,14.5,16.1,1002.95,0,0,0,0,,
2022-04-21,05:30,12,10,89,EAST,8,16.1,1002.74,0,0,0,0,,
2022-04-21,05:45,11.9,10,89,NE,6.4,12.9,1002.47,0,0,0,0,,
2022-04-21,06:00,12.1,10,89,EAST,6.4,12.9,1002,0,0,0,0,,
2022-04-21,06:15,12.1,10,88,EAST,3.2,12.9,1002.2,0,0,0,0,,
2022-04-21,06:30,11.9,10,89,NORTH,0,6.4,1002.07,0,0,0,0,,
2022-04-21,06:45,11.7,10,89,EAST,3.2,3.2,1001.83,0,0,0,0,,
2022-04-21,07:00,11.6,10,90,NORTH,0,3.2,1001.46,0,0,0,0,,
2022-04-21,07:15,11.8,10,90,NORTH,0,0,1001.73,0,0,0,0,,
2022-04-21,07:30,12.1,10.6,90,NORTH,0,4.8,1002.17,0,0,0,7,,
2022-04-21,07:45,12.1,10.6,90,EAST,3.2,6.4,1002.81,0.51,0.51,0,0,,
2022-04-21,08:00,11.8,10,91,ESE,3.2,6.4,1002.47,1.52,1.52,0,12,,
2022-04-21,08:15,11.8,10,91,ESE,6.4,9.7,1002.68,1.78,1.78,0,12,,
2022-04-21,08:30,12,10.6,92,ESE,6.4,14.5,1002.81,2.03,2.03,0,9,,
2022-04-21,08:45,12.1,10.6,91,ESE,9.7,14.5,1002.57,2.79,2.03,0,11,,
2022-04-21,09:00,11.9,10.6,91,ENE,9.7,16.1,1002.2,4.32,3.05,0,21,,
2022-04-21,09:15,11.6,10,92,ENE,4.8,14.5,1001.39,5.33,3.56,0,40,,
2022-04-21,09:30,11.6,10,93,ENE,4.8,14.5,1001.29,6.1,4.06,0,58,,
2022-04-21,09:45,11.8,10.6,93,EAST,6.4,14.5,1001.59,6.1,3.3,0,53,,
2022-04-21,10:00,12.1,11.1,93,EAST,6.4,16.1,1001.36,6.6,2.29,0,81,,
2022-04-21,10:15,12.1,11.1,93,ENE,12.9,20.9,1001.02,6.6,1.27,0,104,,
2022-04-21,10:30,12.2,11.1,94,NE,11.3,20.9,1000.88,6.6,0.51,1,132,,
2022-04-21,10:45,12.3,11.1,94,EAST,11.3,19.3,1000.68,6.86,0.51,1,160,,
2022-04-21,11:00,12.6,11.7,94,EAST,14.5,20.9,1000.41,6.86,0.25,1,221,,
2022-04-21,11:15,12.9,11.7,94,ENE,6.4,19.3,1000.34,6.86,0.25,1,234,,
2022-04-21,11:30,13.2,12.2,93,EAST,6.4,17.7,1000.47,6.86,0.25,1,236,,
2022-04-21,11:45,13.6,12.2,93,EAST,14.5,12.9,1000.31,6.86,0,2,329,,
2022-04-21,12:00,13.8,12.2,92,ENE,12.9,17.7,1000.17,6.86,0,2,227,,
2022-04-21,12:15,14,12.2,91,ENE,8,16.1,1000,6.86,0,2,264,,
2022-04-21,12:30,14.1,12.2,90,ESE,9.7,16.1,999.73,6.86,0,1,214,,
2022-04-21,12:45,14.3,12.8,90,ESE,6.4,11.3,999.53,6.86,0,1,169,,
2022-04-21,13:00,14.2,12.2,89,EAST,6.4,16.1,999.29,6.86,0,0,69,,
2022-04-21,13:15,14.2,12.2,89,ESE,4.8,19.3,999.09,6.86,0,1,185,,
2022-04-21,13:30,14.2,12.2,89,ESE,9.7,16.1,998.65,6.86,0,1,100,,
2022-04-21,13:45,14.3,12.2,89,EAST,4.8,16.1,998.51,6.86,0,1,107,,
2022-04-21,14:00,14.2,12.2,89,ESE,11.3,17.7,998.38,6.86,0,0,60,,
2022-04-21,14:15,14.2,12.2,90,SSE,6.4,19.3,998.51,6.86,0,0,30,,
2022-04-21,14:30,12.9,11.1,90,WSW,6.4,17.7,998.95,7.62,0.76,0,19,,
2022-04-21,14:45,11.3,10,91,ENE,8,40.2,999.36,9.4,2.54,0,19,,
2022-04-21,15:00,10.7,9.4,92,WNW,19.3,40.2,998.92,12.19,5.33,0,54,,
2022-04-21,15:15,10.4,8.9,93,NNE,22.5,46.7,998.88,13.21,6.35,0,47,,
2022-04-21,15:30,10.2,8.9,93,WNW,29,41.8,998.58,13.97,6.35,0,72,,
2022-04-21,15:45,10.2,8.9,94,SSE,25.7,38.6,998.41,14.48,5.08,0,46,,
2022-04-21,16:00,10.2,8.9,94,ENE,12.9,46.7,998.75,15.24,3.05,0,56,,
2022-04-21,16:15,10.2,8.9,94,WEST,29,43.5,999.09,16.26,3.05,0,44,,
2022-04-21,16:30,10.2,8.9,94,WNW,19.3,38.6,999.19,16.76,2.79,0,32,,
2022-04-21,16:45,9.8,8.9,94,WNW,33.8,45.1,999.39,17.02,2.29,0,51,,
2022-04-21,17:00,9.4,8.3,94,WEST,20.9,43.5,999.32,17.53,2.29,0,53,,
2022-04-21,17:15,9.4,8.3,95,WEST,25.7,35.4,999.32,18.03,1.52,0,44,,
2022-04-21,17:30,9.3,8.3,95,WNW,17.7,37,999.29,18.29,1.52,0,83,,
2022-04-21,17:45,9.1,8.3,95,WEST,27.4,45.1,999.29,18.8,1.78,0,37,,
2022-04-21,18:00,8.9,7.8,94,WEST,20.9,33.8,999.26,19.05,1.52,0,69,,
2022-04-21,18:15,8.8,7.8,95,NW,11.3,27.4,998.95,19.05,1.02,0,62,,
2022-04-21,18:30,8.9,7.8,95,WNW,14.5,22.5,998.98,19.05,0.51,0,65,,
2022-04-21,18:45,9.1,8.3,95,WEST,11.3,20.9,998.92,19.05,0.25,0,42,,
2022-04-21,19:00,8.9,7.8,95,WEST,9.7,20.9,998.88,19.05,0,0,49,,
2022-04-21,19:15,8.9,7.8,95,WEST,9.7,16.1,998.75,19.05,0,0,16,,
2022-04-21,19:30,8.9,7.8,95,WEST,4.8,12.9,998.44,19.05,0,0,26,,
2022-04-21,19:45,8.9,7.8,95,WEST,6.4,17.7,998.41,19.05,0,0,21,,
2022-04-21,20:00,8.9,7.8,95,WEST,9.7,16.1,998.34,19.05,0,0,0,,
2022-04-21,20:15,8.8,7.8,95,WEST,1.6,11.3,998.27,19.05,0,0,0,,
2022-04-21,20:30,8.7,7.8,95,WEST,9.7,11.3,998.27,19.05,0,0,0,,
2022-04-21,20:45,8.3,7.2,95,NORTH,0,3.2,998.24,19.05,0,0,0,,
2022-04-21,21:00,8.3,7.2,95,NORTH,0,3.2,998.44,19.05,0,0,0,,
2022-04-21,21:30,7.9,6.7,94,NORTH,0,4.8,998.48,19.05,0,0,0,,
2022-04-21,21:45,7.7,6.7,95,NORTH,0,3.2,998.78,19.05,0,0,0,,
2022-04-21,22:00,8.2,7.2,95,NORTH,0,1.6,998.71,19.05,0,0,0,,
2022-04-21,22:15,8.3,7.2,95,WEST,4.8,3.2,998.75,19.05,0,0,0,,
2022-04-21,22:30,7.8,6.7,95,WEST,3.2,4.8,998.75,19.05,0,0,0,,
2022-04-21,22:45,8,7.2,95,NORTH,0,6.4,998.68,19.05,0,0,0,,
2022-04-21,23:00,8.2,7.2,95,NORTH,0,1.6,998.88,19.05,0,0,0,,
2022-04-21,23:15,8.3,7.2,95,WEST,1.6,3.2,998.98,19.05,0,0,0,,
2022-04-21,23:30,7.9,6.7,94,NORTH,0,1.6,999.19,19.05,0,0,0,,
2022-04-21,23:45,8.2,7.2,95,NORTH,0,3.2,999.29,19.05,0,0,0,,
2022-04-21,OVR,,,,,,,,,,,,gustmax,33.8
2022-04-21,OVR,,,,,,,,,,,,rainrate_max,21.6
2022-04-21,OVR,,,,,,,,,,,,rain_total_mm,19
2022-04-21,OVR,,,,,,,,,,,,tmax,14.4
2022-04-21,OVR,,,,,,,,,,,,tmin,7.6
2022-04-21,OVR,,,,,,,,,,,,wind_dir_mean_deg,90
2022-04-22,00:00,8.4,7.2,95,WEST,3.2,4.8,999.22,0,0,0,0,,
2022-04-22,00:15,8.5,7.8,95,WEST,3.2,3.2,999.19,0,0,0,0,,
2022-04-22,00:30,8.6,7.8,95,WSW,6.4,6.4,999.26,0,0,0,0,,
2022-04-22,00:45,8.7,7.8,95,SW,4.8,8,999.12,0.25,0.25,0,0,,
2022-04-22,01:00,8.7,7.8,95,SOUTH,6.4,8,999.12,0.25,0.25,0,0,,
2022-04-22,01:15,8.7,7.8,95,SOUTH,6.4,8,998.98,0.25,0.25,0,0,,
2022-04-22,01:30,8.6,7.2,94,SSE,6.4,9.7,998.82,0.25,0.25,0,0,,
2022-04-22,01:45,8.6,7.2,94,ESE,12.9,17.7,998.65,0.25,0,0,0,,
2022-04-22,02:00,8.4,7.2,93,ESE,6.4,11.3,998.44,0.25,0,0,0,,
2022-04-22,02:15,8.7,7.2,93,ESE,4.8,11.3,998.21,0.25,0,0,0,,
2022-04-22,02:30,8.8,7.2,92,ESE,6.4,14.5,998.1,0.25,0,0,0,,
2022-04-22,02:45,9,7.8,92,ESE,9.7,17.7,998.04,0.51,0.25,0,0,,
2022-04-22,03:00,9,7.8,93,ESE,8,17.7,997.87,0.76,0.51,0,0,,
2022-04-22,03:15,9.2,7.8,93,SE,8,20.9,997.7,0.76,0.51,0,0,,
2022-04-22,03:30,9.3,7.8,93,ESE,4.8,14.5,997.36,0.76,0.51,0,0,,
2022-04-22,03:45,9.2,7.8,93,ESE,8,17.7,997.26,0.76,0.51,0,0,,
2022-04-22,04:00,9.1,7.8,93,ESE,9.7,19.3,997.05,0.76,0,0,0,,
2022-04-22,04:15,9.2,7.8,94,ESE,12.9,19.3,996.92,0.76,0,0,0,,
2022-04-22,04:30,9.3,8.3,94,SE,14.5,19.3,996.85,1.02,0.25,0,0,,
2022-04-22,04:45,9.4,8.3,94,ESE,12.9,20.9,996.65,1.02,0.25,0,0,,
2022-04-22,05:00,9.4,8.3,94,ESE,11.3,20.9,996.68,1.02,0.25,0,0,,
2022-04-22,05:15,9.5,8.3,94,SE,11.3,16.1,996.65,1.02,0.25,0,0,,
2022-04-22,05:30,9.4,8.3,94,ESE,11.3,16.1,996.44,1.27,0.25,0,0,,
2022-04-22,05:45,9.5,8.3,94,ESE,12.9,20.9,996.38,1.27,0.25,0,0,,
2022-04-22,06:00,9.6,8.3,94,SE,12.9,20.9,996.61,1.27,0.25,0,0,,
2022-04-22,06:15,9.8,8.9,94,ESE,11.3,17.7,996.55,1.52,0.51,0,0,,
2022-04-22,06:30,9.8,8.9,94,SE,8,17.7,996.78,1.52,0.25,0,0,,
2022-04-22,06:45,9.9,8.9,94,SE,11.3,17.7,996.75,1.52,0.51,0,0,,
2022-04-22,07:00,10,8.9,94,SE,8,17.7,996.95,1.78,0.51,0,0,,
2022-04-22,07:15,10.1,8.9,95,ESE,9.7,17.7,996.92,3.3,2.03,0,7,,
2022-04-22,07:30,10.1,8.9,95,SE,12.9,16.1,996.95,4.57,3.3,0,7,,
2022-04-22,07:45,10.3,9.4,95,SSE,1.6,19.3,997.36,4.83,3.3,0,12,,
2022-04-22,08:00,10.7,10,95,SW,3.2,22.5,997.53,4.83,3.05,0,30,,
2022-04-22,08:15,11.1,10,95,WEST,11.3,29,997.63,4.83,1.52,0,32,,
2022-04-22,08:30,11.4,10.6,95,WEST,12.9,40.2,998,5.08,0.51,0,28,,
2022-04-22,08:45,11.6,10.6,95,WEST,20.9,40.2,998.1,5.08,0.25,0,30,,
2022-04-22,09:00,11.8,11.1,96,WEST,22.5,49.9,998.31,5.08,0.25,0,28,,
2022-04-22,09:15,11.8,11.1,96,WEST,20.9,53.1,998.48,5.08,0.25,0,39,,
2022-04-22,09:45,11.9,11.1,96,WNW,19.3,56.3,999.29,5.08,0,0,42,,
2022-04-22,10:00,11.9,11.1,96,NNW,29,59.5,999.59,5.08,0,0,51,,
2022-04-22,10:15,11.8,11.1,96,WEST,20.9,59.5,999.97,5.08,0,0,69,,
2022-04-22,10:45,11.9,11.1,96,WNW,27.4,54.7,1000.61,5.08,0,1,137,,
2022-04-22,11:00,12.1,11.1,96,WNW,27.4,41.8,1000.98,5.08,0,0,97,,
2022-04-22,11:15,12.4,11.7,96,WNW,24.1,45.1,1001.76,5.08,0,2,301,,
2022-04-22,11:30,12.8,11.7,95,WNW,24.1,40.2,1002.1,5.08,0,2,338,,
2022-04-22,11:45,13.3,12.2,93,NW,19.3,43.5,1002.51,5.08,0,2,285,,
2022-04-22,12:00,13.8,11.7,88,NNW,8,29,1002.54,5.08,0,2,274,,
2022-04-22,12:15,14.1,11.1,84,WEST,24.1,40.2,1003.18,5.08,0,2,348,,
2022-04-22,12:45,14.7,11.7,82,WNW,38.6,64.4,1003.79,5.08,0,4,566,,
2022-04-22,13:00,14.6,11.1,81,NW,46.7,59.5,1004.06,5.08,0,3,403,,
2022-04-22,13:15,14.2,10.6,80,WEST,51.5,66,1004.5,5.08,0,3,301,,
2022-04-22,13:30,14.1,11.1,82,WEST,24.1,69.2,1004.88,5.08,0,1,120,,
2022-04-22,13:45,13.7,11.1,85,NW,22.5,53.1,1005.01,5.08,0,1,214,,
2022-04-22,14:00,13.3,11.1,88,WNW,25.7,49.9,1005.49,5.08,0,1,142,,
2022-04-22,14:15,13.1,11.1,88,SSE,32.2,54.7,1005.93,5.08,0,1,104,,
2022-04-22,14:30,12.8,10.6,88,WNW,22.5,40.2,1005.99,5.08,0,1,163,,
2022-04-22,14:45,13,10.6,87,WEST,22.5,46.7,1006.23,5.08,0,0,39,,
2022-04-22,15:00,12.9,10.6,87,WEST,17.7,45.1,1006.67,5.08,0,1,98,,
2022-04-22,15:15,12.9,10.6,86,NW,24.1,53.1,1006.84,5.08,0,0,70,,
2022-04-22,15:30,12.8,10.6,86,WEST,27.4,53.1,1007.04,5.08,0,0,76,,
2022-04-22,15:45,12.8,10.6,87,WNW,25.7,41.8,1007.11,5.08,0,0,88,,
2022-04-22,16:00,12.8,10.6,88,NNW,29,45.1,1007.18,5.08,0,1,181,,
2022-04-22,16:15,13.2,11.1,88,WEST,24.1,35.4,1007.45,5.08,0,0,90,,
2022-04-22,16:30,13,11.1,88,WNW,16.1,37,1007.48,5.08,0,0,86,,
2022-04-22,16:45,13.2,11.1,89,WEST,12.9,29,1007.79,5.08,0,1,156,,
2022-04-22,17:00,13.5,11.1,87,WEST,20.9,30.6,1007.72,5.08,0,1,287,,
2022-04-22,17:15,14.2,11.7,85,WEST,11.3,30.6,1007.79,5.08,0,1,190,,
2022-04-22,17:30,14.1,11.1,84,WEST,16.1,33.8,1007.79,5.08,0,1,345,,
2022-04-22,17:45,14.3,11.7,84,NNW,17.7,29,1007.82,5.08,0,1,373,,
2022-04-22,18:00,14.3,11.1,81,WNW,22.5,33.8,1007.79,5.08,0,0,135,,
2022-04-22,18:15,14.2,11.1,82,WEST,19.3,27.4,1007.99,5.08,0,0,181,,
2022-04-22,18:30,14.4,11.1,81,NE,11.3,29,1008.2,5.08,0,0,104,,
2022-04-22,18:45,14.2,10.6,79,WEST,14.5,29,1008.5,5.08,0,0,81,,
2022-04-22,19:00,14.1,10.6,81,WNW,8,19.3,1008.53,5.08,0,0,84,,
2022-04-22,19:15,13.9,11.1,83,WNW,9.7,17.7,1008.77,5.08,0,0,79,,
2022-04-22,19:30,13.7,11.1,84,WNW,6.4,9.7,1008.94,5.08,0,0,40,,
2022-04-22,19:45,13.5,10.6,85,WNW,1.6,6.4,1009.11,5.08,0,0,18,,
2022-04-22,20:00,13.3,10.6,86,WNW,3.2,6.4,1008.97,5.08,0,0,0,,
2022-04-22,20:15,12.3,10,88,WNW,1.6,3.2,1009.01,5.08,0,0,0,,
2022-04-22,20:30,11.8,10,89,NW,1.6,3.2,1008.97,5.08,0,0,0,,
2022-04-22,20:45,11.3,9.4,90,NW,3.2,3.2,1009.08,5.08,0,0,0,,
2022-04-22,21:00,11.6,10,91,NNE,1.6,4.8,1009.28,5.08,0,0,0,,
2022-04-22,21:15,11.2,9.4,91,NNE,1.6,3.2,1009.38,5.08,0,0,0,,
2022-04-22,21:30,11.4,10,91,NNE,3.2,4.8,1009.18,5.08,0,0,0,,
2022-04-22,21:45,11.6,10,92,NNE,1.6,4.8,1009.28,5.08,0,0,0,,
2022-04-22,22:00,11.4,10,91,NE,3.2,6.4,1009.28,5.08,0,0,0,,
2022-04-22,22:15,11.3,9.4,91,NE,3.2,6.4,1009.28,5.08,0,0,0,,
2022-04-22,22:30,10.9,9.4,90,NE,4.8,6.4,1009.28,5.08,0,0,0,,
2022-04-22,23:00,10.8,8.9,90,ENE,4.8,6.4,1009.14,5.08,0,0,0,,
2022-04-22,23:15,11.1,9.4,90,ENE,3.2,6.4,1009.11,5.08,0,0,0,,
2022-04-22,23:30,10.8,8.9,90,ENE,4.8,6.4,1009.28,5.08,0,0,0,,
2022-04-22,23:45,10.8,8.9,89,EAST,6.4,8,1009.04,5.08,0,0,0,,
2022-04-22,OVR,,,,,,,,,,,,gustmax,51.5
2022-04-22,OVR,,,,,,,,,,,,rainrate_max,15
2022-04-22,OVR,,,,,,,,,,,,rain_total_mm,5
2022-04-22,OVR,,,,,,,,,,,,tmax,14.8
2022-04-22,OVR,,,,,,,,,,,,tmin,8.3
2022-04-22,OVR,,,,,,,,,,,,wind_dir_mean_deg,202.5
2022-04-23,00:00,11.3,9.4,89,EAST,3.2,6.4,1009.21,0,0,0,0,,
2022-04-23,00:15,11.3,9.4,88,EAST,4.8,6.4,1009.28,0,0,0,0,,
2022-04-23,00:30,11.2,9.4,89,EAST,4.8,6.4,1009.14,0,0,0,0,,
2022-04-23,00:45,11,8.9,89,EAST,4.8,8,1009.01,0,0,0,0,,
2022-04-23,01:00,11.2,9.4,89,ESE,3.2,11.3,1009.04,0,0,0,0,,
2022-04-23,01:15,11.2,9.4,89,ESE,6.4,14.5,1008.81,0,0,0,0,,
2022-04-23,01:30,11.2,9.4,90,ESE,14.5,17.7,1008.57,0,0,0,0,,
2022-04-23,01:45,11.4,9.4,90,ESE,17.7,17.7,1008.5,0,0,0,0,,
2022-04-23,02:00,11.6,9.4,89,ESE,11.3,22.5,1008.4,0,0,0,0,,
2022-04-23,02:15,11.6,9.4,89,ESE,12.9,19.3,1008.33,0,0,0,0,,
2022-04-23,02:30,11.6,9.4,88,ESE,16.1,20.9,1007.96,0,0,0,0,,
2022-04-23,02:45,11.3,9.4,88,ESE,12.9,20.9,1007.96,0,0,0,0,,
2022-04-23,03:00,11.2,8.9,88,ESE,16.1,19.3,1007.62,0,0,0,0,,
2022-04-23,03:15,11.2,8.9,88,ESE,12.9,20.9,1007.55,0,0,0,0,,
2022-04-23,03:30,11.4,9.4,88,ESE,12.9,19.3,1007.96,0,0,0,0,,
2022-04-23,03:45,11.7,9.4,86,ESE,20.9,20.9,1007.89,0,0,0,0,,
2022-04-23,04:00,11.9,8.9,84,ESE,19.3,24.1,1007.92,0,0,0,0,,
2022-04-23,04:15,11.4,8.9,87,SE,19.3,24.1,1008.03,0,0,0,0,,
2022-04-23,04:30,11.2,9.4,89,ESE,24.1,38.6,1007.76,0,0,0,0,,
2022-04-23,04:45,11.6,9.4,89,ESE,25.7,32.2,1007.62,0,0,0,0,,
2022-04-23,05:00,11.4,10,90,SE,29,32.2,1007.92,0,0,0,0,,
2022-04-23,05:15,11,9.4,91,ESE,19.3,32.2,1007.72,0,0,0,0,,
2022-04-23,05:30,10.9,9.4,93,SE,20.9,32.2,1007.89,0,0,0,0,,
2022-04-23,05:45,11.3,10,94,SE,24.1,32.2,1007.86,0,0,0,0,,
2022-04-23,06:00,11.5,10.6,94,ESE,22.5,38.6,1007.69,0,0,0,0,,
2022-04-23,06:15,11.6,10.6,94,ESE,24.1,38.6,1007.55,0,0,0,0,,
2022-04-23,06:30,11.5,10.6,94,ESE,25.7,45.1,1007.55,0,0,0,0,,
2022-04-23,06:45,11.4,10,94,ESE,19.3,40.2,1007.79,0,0,0,7,,
2022-04-23,07:00,11.3,10,94,ESE,14.5,30.6,1007.92,0,0,0,21,,
2022-04-23,07:15,11.1,10,93,ESE,12.9,20.9,1007.92,0,0,0,40,,
2022-04-23,07:30,11,9.4,92,ESE,9.7,19.3,1007.72,0,0,0,65,,
2022-04-23,07:45,11.3,10,92,ESE,22.5,25.7,1007.55,0,0,0,91,,
2022-04-23,08:00,11.5,9.4,89,ESE,12.9,22.5,1007.45,0,0,0,118,,
2022-04-23,08:15,12,9.4,85,EAST,11.3,22.5,1007.48,0,0,0,151,,
2022-04-23,08:30,12.9,10,82,ESE,12.9,27.4,1007.38,0,0,0,197,,
2022-04-23,08:45,13.8,10.6,81,SE,29,33.8,1007.28,0,0,0,237,,
2022-04-23,09:00,14.3,10.6,79,ESE,25.7,38.6,1007.25,0,0,1,269,,
2022-04-23,09:15,14.4,10.6,80,ESE,32.2,41.8,1007.21,0,0,1,309,,
2022-04-23,09:30,14.7,11.1,81,ESE,25.7,43.5,1007.32,0,0,1,348,,
2022-04-23,09:45,14.9,11.7,82,SE,22.5,40.2,1007.45,0,0,1,378,,
2022-04-23,10:00,15.3,12.2,82,ESE,25.7,38.6,1007.45,0,0,1,408,,
2022-04-23,10:15,15.7,12.2,82,ESE,20.9,33.8,1007.55,0,0,2,496,,
2022-04-23,10:30,16.1,12.2,80,SE,22.5,37,1007.48,0,0,2,564,,
2022-04-23,10:45,16.3,12.8,80,ESE,20.9,37,1007.45,0,0,3,613,,
2022-04-23,11:00,16.6,12.8,80,ESE,29,38.6,1007.32,0,0,3,663,,
2022-04-23,11:15,16.5,12.8,79,ESE,24.1,41.8,1007.45,0,0,3,686,,
2022-04-23,11:30,16.9,13.3,79,SE,29,37,1007.69,0,0,3,715,,
2022-04-23,11:45,17.2,13.3,78,ESE,22.5,35.4,1007.76,0,0,4,742,,
2022-04-23,12:00,17.6,13.9,79,ESE,20.9,38.6,1007.69,0,0,4,766,,
2022-04-23,12:15,17.9,13.3,76,ESE,29,32.2,1007.45,0,0,4,802,,
2022-04-23,12:30,18.3,13.9,76,ESE,25.7,35.4,1007.52,0,0,3,868,,
2022-04-23,12:45,18.4,13.9,75,ESE,17.7,37,1007.62,0,0,4,833,,
2022-04-23,13:00,18.9,13.9,75,SE,19.3,35.4,1007.62,0,0,5,872,,
2022-04-23,13:15,19.3,14.4,74,SE,19.3,27.4,1007.55,0,0,5,877,,
2022-04-23,13:30,19.2,13.9,72,ESE,22.5,32.2,1007.52,0,0,5,821,,
2022-04-23,13:45,19.2,13.9,73,ESE,17.7,35.4,1007.48,0,0,5,870,,
2022-04-23,14:00,19.6,14.4,74,ESE,16.1,29,1007.38,0,0,5,909,,
2022-04-23,14:15,19.8,14.4,71,ESE,14.5,29,1007.48,0,0,4,810,,
2022-04-23,14:30,19.9,13.9,69,ESE,17.7,27.4,1007.45,0,0,3,515,,
2022-04-23,14:45,19.9,13.9,69,SE,11.3,25.7,1007.55,0,0,4,712,,
2022-04-23,15:00,20.3,15,72,ESE,14.5,25.7,1007.32,0,0,3,571,,
2022-04-23,15:15,20,14.4,71,SE,11.3,27.4,1007.52,0,0,3,557,,
2022-04-23,15:30,20.1,14.4,70,SE,17.7,24.1,1007.48,0,0,3,612,,
2022-04-23,15:45,20.3,15,71,SE,11.3,27.4,1007.32,0,0,2,577,,
2022-04-23,16:15,20.3,13.3,65,WNW,11.3,20.9,1008.2,0,0,2,515,,
2022-04-23,16:30,19.4,10,54,WEST,38.6,53.1,1008.43,0,0,2,483,,
2022-04-23,16:45,18.8,10,57,WEST,37,40.2,1008.64,0,0,2,448,,
2022-04-23,17:00,18.4,10,59,WEST,25.7,49.9,1008.97,0,0,1,408,,
2022-04-23,17:15,17.7,9.4,60,WEST,29,53.1,1009.01,0,0,1,362,,
2022-04-23,17:30,17.3,10,64,WEST,14.5,46.7,1009.08,0,0,1,341,,
2022-04-23,17:45,17.3,10.6,65,ENE,17.7,51.5,1009.04,0,0,1,290,,
2022-04-23,18:00,16.8,10.6,66,WNW,17.7,40.2,1009.01,0,0,1,218,,
2022-04-23,18:15,16.4,10.6,69,NE,20.9,37,1009.01,0,0,0,91,,
2022-04-23,18:30,16.1,10.6,72,WEST,24.1,41.8,1009.28,0,0,0,95,,
2022-04-23,18:45,15.7,11.1,74,WEST,25.7,41.8,1009.21,0,0,0,62,,
2022-04-23,19:00,15.4,11.1,75,WNW,24.1,45.1,1009.35,0,0,0,51,,
2022-04-23,19:15,15.2,11.1,77,WNW,12.9,35.4,1009.31,0,0,0,33,,
2022-04-23,19:30,15,11.1,78,WEST,9.7,24.1,1009.31,0,0,0,18,,
2022-04-23,19:45,14.9,11.1,78,WNW,8,16.1,1009.31,0,0,0,11,,
2022-04-23,20:00,14.6,10.6,79,WNW,1.6,6.4,1009.21,0,0,0,0,,
2022-04-23,20:15,14.2,10.6,81,EAST,4.8,9.7,1009.31,0,0,0,0,,
2022-04-23,20:30,14.1,10.6,81,NORTH,0,9.7,1009.85,0,0,0,0,,
2022-04-23,20:45,14.2,10.6,78,WNW,4.8,9.7,1009.99,0,0,0,0,,
2022-04-23,21:00,15.1,9.4,71,WNW,1.6,11.3,1010.26,0,0,0,0,,
2022-04-23,21:15,15,9.4,70,WEST,11.3,20.9,1010.43,0,0,0,0,,
2022-04-23,21:30,14.6,9.4,71,WEST,12.9,17.7,1010.8,0,0,0,0,,
2022-04-23,21:45,14.1,8.9,72,WEST,1.6,16.1,1011.18,0,0,0,0,,
2022-04-23,22:00,13.7,7.8,68,WEST,4.8,16.1,1011.34,0,0,0,0,,
2022-04-23,22:15,13.6,7.8,68,WEST,4.8,14.5,1011.21,0,0,0,0,,
2022-04-23,22:30,13.5,8.3,70,WEST,3.2,11.3,1011.62,0,0,0,0,,
2022-04-23,22:45,13.3,8.3,72,WEST,1.6,14.5,1011.38,0,0,0,0,,
2022-04-23,23:00,13.3,8.9,74,NORTH,0,11.3,1011.62,0,0,0,0,,
2022-04-23,23:15,13.2,8.9,76,NORTH,0,9.7,1011.34,0,0,0,0,,
2022-04-23,23:30,13.3,8.9,75,SOUTH,3.2,11.3,1011.85,0,0,0,0,,
2022-04-23,23:45,13.1,8.9,76,NORTH,0,8,1011.28,0,0,0,0,,
2022-04-23,OVR,,,,,,,,,,,,gustmax,38.6
2022-04-23,OVR,,,,,,,,,,,,rainrate_max,0
2022-04-23,OVR,,,,,,,,,,,,rain_total_mm,0
2022-04-23,OVR,,,,,,,,,,,,tmax,20.4
2022-04-23,OVR,,,,,,,,,,,,tmin,10.8
2022-04-23,OVR,,,,,,,,,,,,wind_dir_mean_deg,112.5
2022-04-24,00:00,13.1,8.9,76,SOUTH,1.6,8,1011.01,0,0,0,0,,
2022-04-24,00:15,12.9,8.9,77,SOUTH,1.6,6.4,1011.72,0,0,0,0,,
2022-04-24,00:30,13.1,8.9,77,SSW,4.8,9.7,1011.34,0,0,0,0,,
2022-04-24,00:45,13.1,8.9,76,SOUTH,1.6,9.7,1011.41,0,0,0,0,,
2022-04-24,01:00,13.1,8.9,77,NORTH,0,6.4,1011.28,0,0,0,0,,
2022-04-24,01:15,13.1,8.9,77,SSE,4.8,14.5,1011.24,0,0,0,0,,
2022-04-24,01:30,12.9,8.9,77,NORTH,0,6.4,1011.14,0,0,0,0,,
2022-04-24,01:45,12.9,8.9,77,SW,1.6,11.3,1011.18,0,0,0,0,,
2022-04-24,02:00,13,8.9,77,SSW,3.2,9.7,1011.04,0,0,0,0,,
2022-04-24,02:15,12.9,8.9,77,SSW,1.6,12.9,1011.07,0,0,0,0,,
2022-04-24,02:30,12.9,8.9,77,SOUTH,1.6,17.7,1010.84,0,0,0,0,,
2022-04-24,02:45,12.8,8.9,77,SSW,3.2,8,1010.77,0,0,0,0,,
2022-04-24,03:00,12.7,8.9,78,SOUTH,3.2,11.3,1010.74,0,0,0,0,,
2022-04-24,03:15,12.4,8.9,79,SOUTH,1.6,14.5,1010.7,0,0,0,0,,
2022-04-24,03:30,12.2,8.9,80,SW,8,12.9,1010.67,0,0,0,0,,
2022-04-24,03:45,12.1,8.9,81,SSE,9.7,20.9,1010.7,0,0,0,0,,
2022-04-24,04:00,11.4,8.3,82,SSE,4.8,12.9,1010.77,0,0,0,0,,
2022-04-24,04:15,11.2,8.3,83,SSE,4.8,11.3,1010.7,0,0,0,0,,
2022-04-24,04:30,11.2,8.3,83,SSE,6.4,9.7,1010.57,0,0,0,0,,
2022-04-24,04:45,11.2,7.8,81,SSE,4.8,11.3,1010.57,0,0,0,0,,
2022-04-24,05:00,11.2,7.2,78,SE,8,12.9,1010.57,0,0,0,0,,
2022-04-24,05:15,11.2,7.2,78,SE,8,12.9,1010.46,0,0,0,0,,
2022-04-24,05:30,10.9,7.2,78,SE,8,12.9,1010.43,0,0,0,0,,
2022-04-24,05:45,10.8,7.2,79,SE,11.3,9.7,1010.4,0,0,0,0,,
2022-04-24,06:00,10.9,7.2,78,SE,6.4,12.9,1010.4,0,0,0,0,,
2022-04-24,06:15,10.6,6.7,78,SE,4.8,11.3,1010.36,0,0,0,0,,
2022-04-24,06:30,10.8,6.7,76,SE,8,11.3,1010.46,0,0,0,0,,
2022-04-24,06:45,11.1,6.7,75,SE,3.2,6.4,1010.67,0,0,0,9,,
2022-04-24,07:00,11.2,6.7,73,SE,4.8,6.4,1011.01,0,0,0,18,,
2022-04-24,07:15,11.6,6.7,74,SSE,6.4,12.9,1010.8,0,0,0,67,,
2022-04-24,07:30,11.7,6.7,73,SE,1.6,9.7,1010.8,0,0,0,105,,
2022-04-24,07:45,11.9,7.2,74,SE,3.2,11.3,1010.84,0,0,0,176,,
2022-04-24,08:00,12.4,7.8,74,SE,3.2,11.3,1010.97,0,0,0,234,,
2022-04-24,08:15,12.8,7.8,72,SE,6.4,12.9,1011.04,0,0,1,285,,
2022-04-24,08:30,12.9,7.8,70,SE,12.9,12.9,1010.94,0,0,1,274,,
2022-04-24,08:45,13.7,8.3,71,ESE,4.8,9.7,1010.94,0,0,1,304,,
2022-04-24,09:00,13.7,8.3,71,ESE,12.9,16.1,1010.84,0,0,1,353,,
2022-04-24,09:15,13.9,8.9,71,ESE,11.3,16.1,1010.97,0,0,2,378,,
2022-04-24,09:30,14.1,8.9,73,SE,4.8,8,1011.01,0,0,2,483,,
2022-04-24,09:45,14.5,9.4,72,NORTH,0,4.8,1011.21,0,0,2,499,,
2022-04-24,10:00,15.2,10,71,SSW,1.6,14.5,1011.18,0,0,3,508,,
2022-04-24,10:15,15.6,10,69,NE,4.8,24.1,1010.97,0,0,3,670,,
2022-04-24,10:30,15.7,10,68,SW,4.8,24.1,1011.01,0,0,4,729,,
2022-04-24,10:45,16.2,10,67,NE,4.8,17.7,1011.21,0,0,4,777,,
2022-04-24,11:00,16.1,8.9,64,SSE,6.4,38.6,1011.45,0,0,4,809,,
2022-04-24,11:15,16.6,9.4,63,WEST,12.9,30.6,1011.55,0,0,5,911,,
2022-04-24,11:30,16.6,9.4,63,WNW,14.5,29,1011.79,0,0,5,889,,
2022-04-24,11:45,16.6,8.9,60,SOUTH,3.2,19.3,1011.82,0,0,6,947,,
2022-04-24,12:00,17.2,8.9,59,WNW,12.9,29,1012.06,0,0,6,1021,,
2022-04-24,12:15,17.1,8.3,58,ENE,19.3,43.5,1012.29,0,0,6,1025,,
2022-04-24,12:30,16.8,8.9,60,SOUTH,6.4,38.6,1012.12,0,0,5,1067,,
2022-04-24,12:45,16.8,8.9,61,NORTH,24.1,37,1012.09,0,0,6,1041,,
2022-04-24,13:00,17.1,7.8,56,NE,9.7,37,1012.23,0,0,6,974,,
2022-04-24,13:15,17.3,9.4,61,WEST,37,35.4,1012.36,0,0,7,1013,,
2022-04-24,13:30,17.2,8.9,60,WEST,20.9,41.8,1012.43,0,0,6,977,,
2022-04-24,13:45,17.2,8.9,58,ENE,14.5,38.6,1012.29,0,0,6,954,,
2022-04-24,14:00,17.2,9.4,62,NW,22.5,37,1012.29,0,0,6,939,,
2022-04-24,14:15,17.3,9.4,61,WEST,11.3,40.2,1012.23,0,0,6,919,,
2022-04-24,14:30,17.3,7.8,55,NE,3.2,38.6,1012.09,0,0,6,970,,
2022-04-24,14:45,17.3,7.8,54,NE,22.5,48.3,1012.29,0,0,6,893,,
2022-04-24,15:00,17.2,8.9,58,SW,8,51.5,1012.23,0,0,5,865,,
2022-04-24,15:15,17.2,7.8,54,SOUTH,9.7,53.1,1012.36,0,0,5,831,,
2022-04-24,15:30,17.1,8.3,57,WEST,27.4,53.1,1012.23,0,0,5,821,,
2022-04-24,15:45,16.8,9.4,62,WEST,19.3,43.5,1012.29,0,0,4,775,,
2022-04-24,16:00,16.8,8.9,60,WEST,19.3,46.7,1012.46,0,0,4,758,,
2022-04-24,16:15,16.9,8.3,58,WNW,17.7,48.3,1012.46,0,0,4,712,,
2022-04-24,16:30,16.8,9.4,61,ENE,16.1,40.2,1012.5,0,0,3,740,,
2022-04-24,16:45,16.2,8.9,62,WNW,14.5,33.8,1012.39,0,0,1,172,,
2022-04-24,17:00,16.2,8.9,63,WEST,22.5,37,1012.5,0,0,1,160,,
2022-04-24,17:15,16.2,9.4,64,WNW,16.1,43.5,1012.53,0,0,2,587,,
2022-04-24,17:30,15.9,9.4,65,WEST,20.9,40.2,1012.77,0,0,2,543,,
2022-04-24,17:45,15.4,8.9,66,WEST,20.9,40.2,1012.73,0,0,1,445,,
2022-04-24,18:00,15.5,9.4,67,WEST,32.2,43.5,1012.8,0,0,1,216,,
2022-04-24,18:15,15.4,9.4,69,WEST,17.7,38.6,1012.73,0,0,1,336,,
2022-04-24,18:30,15.3,10,71,WEST,19.3,30.6,1012.73,0,0,1,269,,
2022-04-24,18:45,15.1,10,72,WNW,19.3,33.8,1012.73,0,0,0,56,,
2022-04-24,19:00,14.5,10,76,WEST,11.3,27.4,1012.9,0,0,0,70,,
2022-04-24,19:15,14.3,9.4,74,WEST,25.7,37,1012.63,0,0,0,51,,
2022-04-24,19:30,14.3,9.4,74,WEST,14.5,40.2,1012.77,0,0,0,39,,
2022-04-24,19:45,14.1,10,77,WEST,11.3,30.6,1012.84,0,0,0,21,,
2022-04-24,20:00,13.7,10,80,WNW,11.3,19.3,1012.87,0,0,0,11,,
2022-04-24,20:15,13.3,10,82,WEST,9.7,19.3,1012.97,0,0,0,0,,
2022-04-24,20:30,12.9,10,84,WNW,14.5,19.3,1013.11,0,0,0,0,,
2022-04-24,20:45,12.6,10,85,WEST,6.4,20.9,1013.04,0,0,0,0,,
2022-04-24,21:00,12.7,10,86,WEST,17.7,25.7,1013.24,0,0,0,0,,
2022-04-24,21:15,12.4,10,87,WEST,11.3,19.3,1013.58,0,0,0,0,,
2022-04-24,21:30,12.2,10,89,WEST,11.3,17.7,1013.68,0,0,0,0,,
2022-04-24,21:45,12.2,10.6,90,WNW,11.3,17.7,1013.75,0,0,0,0,,
2022-04-24,22:00,12.2,10.6,91,WEST,16.1,20.9,1013.92,0,0,0,0,,
2022-04-24,22:15,12.2,10.6,91,WNW,12.9,24.1,1013.95,0,0,0,0,,
2022-04-24,22:30,12.2,10.6,91,WEST,11.3,20.9,1014.09,0,0,0,0,,
2022-04-24,22:45,12.1,10.6,92,WEST,6.4,20.9,1014.29,0,0,0,0,,
2022-04-24,23:00,12.2,10.6,92,WNW,9.7,16.1,1014.43,0,0,0,0,,
2022-04-24,23:15,12.2,11.1,92,WNW,8,20.9,1014.39,0,0,0,0,,
2022-04-24,23:30,12.2,10.6,93,WEST,4.8,16.1,1014.46,0,0,0,0,,
2022-04-24,23:45,12.2,11.1,92,WNW,6.4,16.1,1014.33,0,0,0,0,,
2022-04-24,OVR,,,,,,,,,,,,gustmax,37
2022-04-24,OVR,,,,,,,,,,,,rainrate_max,0
2022-04-24,OVR,,,,,,,,,,,,rain_total_mm,0
2022-04-24,OVR,,,,,,,,,,,,tmax,17.6
2022-04-24,OVR,,,,,,,,,,,,tmin,10.6
2022-04-24,OVR,,,,,,,,,,,,wind_dir_mean_deg,202.5
2022-04-25,00:00,12.1,10.6,92,NORTH,0,12.9,1014.53,0,0,0,0,,
2022-04-25,00:15,12.1,10.6,93,WEST,4.8,12.9,1014.73,0,0,0,0,,
2022-04-25,00:30,11.8,10.6,93,NORTH,0,6.4,1014.77,0,0,0,0,,
2022-04-25,00:45,11.9,10.6,93,NORTH,0,3.2,1014.77,0,0,0,0,,
2022-04-25,01:00,11.8,10.6,93,WSW,3.2,3.2,1014.9,0,0,0,0,,
2022-04-25,01:15,11.9,10.6,92,WSW,1.6,4.8,1014.7,0,0,0,0,,
2022-04-25,01:30,11.9,10.6,92,NORTH,0,3.2,1014.7,0,0,0,0,,
2022-04-25,01:45,11.9,10.6,92,NORTH,0,3.2,1014.46,0,0,0,0,,
2022-04-25,02:00,11.1,9.4,92,NORTH,0,4.8,1014.46,0,0,0,0,,
2022-04-25,02:15,10.6,8.9,92,WSW,4.8,4.8,1014.36,0,0,0,0,,
2022-04-25,02:30,10.4,8.9,93,WSW,3.2,4.8,1014.29,0,0,0,0,,
2022-04-25,02:45,10.4,8.9,93,NORTH,0,1.6,1014.02,0,0,0,0,,
2022-04-25,03:00,10.3,8.9,93,NORTH,0,1.6,1014.12,0,0,0,0,,
2022-04-25,03:15,10.1,8.9,94,WSW,1.6,3.2,1014.26,0,0,0,0,,
2022-04-25,03:30,10.1,8.9,93,WSW,1.6,1.6,1014.26,0,0,0,0,,
2022-04-25,03:45,10.1,8.9,93,WSW,3.2,4.8,1014.29,0,0,0,0,,
2022-04-25,04:00,9.9,8.9,94,WSW,1.6,3.2,1014.26,0,0,0,0,,
2022-04-25,04:15,9.8,8.9,94,WSW,3.2,4.8,1014.16,0,0,0,0,,
2022-04-25,04:30,9.6,8.3,94,WSW,6.4,4.8,1014.09,0,0,0,0,,
2022-04-25,04:45,9.8,8.9,94,SSE,3.2,11.3,1014.09,0,0,0,0,,
2022-04-25,05:00,9.8,8.9,95,SSE,4.8,9.7,1014.02,0,0,0,0,,
2022-04-25,05:15,9.7,8.9,95,SSE,3.2,8,1014.05,0,0,0,0,,
2022-04-25,05:30,9.8,8.9,94,SSE,3.2,4.8,1014.05,0,0,0,0,,
2022-04-25,05:45,9.7,8.9,95,SSE,3.2,8,1013.92,0,0,0,0,,
2022-04-25,06:00,9.6,8.3,94,SSE,4.8,8,1014.02,0,0,0,0,,
2022-04-25,06:15,9.9,8.9,95,SSE,4.8,8,1013.82,0,0,0,0,,
2022-04-25,06:30,9.8,8.9,94,SSE,4.8,8,1014.16,0,0,0,0,,
2022-04-25,06:45,9.6,8.3,94,SSE,1.6,4.8,1014.43,0,0,0,11,,
2022-04-25,07:00,9.6,8.3,94,SSE,1.6,4.8,1014.43,0,0,0,18,,
2022-04-25,07:15,9.9,8.9,94,NORTH,0,4.8,1014.56,0,0,0,74,,
2022-04-25,07:30,9.9,8.9,94,NORTH,0,1.6,1014.53,0,0,0,102,,
2022-04-25,07:45,10.5,9.4,94,NORTH,0,1.6,1014.53,0,0,0,176,,
2022-04-25,08:00,10.3,9.4,94,NORTH,0,1.6,1014.56,0,0,0,227,,
2022-04-25,08:15,10.9,10,93,SSE,1.6,6.4,1014.46,0,0,1,274,,
2022-04-25,08:30,11.7,10.6,92,SSW,3.2,8,1014.36,0,0,1,260,,
2022-04-25,08:45,12.2,10.6,90,WEST,6.4,11.3,1014.6,0,0,1,287,,
2022-04-25,09:00,12.6,10.6,90,WNW,4.8,8,1014.53,0,0,1,345,,
2022-04-25,09:15,12.9,10.6,86,WNW,3.2,6.4,1014.7,0,0,2,380,,
2022-04-25,09:30,13.5,10.6,82,WNW,4.8,11.3,1014.66,0,0,2,388,,
2022-04-25,09:45,14.4,10.6,80,WNW,6.4,11.3,1014.73,0,0,3,540,,
2022-04-25,10:00,14.6,10.6,78,NW,8,14.5,1014.77,0,0,3,497,,
2022-04-25,10:15,15,11.1,78,NW,8,12.9,1014.83,0,0,3,649,,
2022-04-25,10:30,15.2,11.7,79,NNW,9.7,16.1,1014.93,0,0,4,721,,
2022-04-25,10:45,15.3,10.6,75,NW,4.8,17.7,1015.04,0,0,4,761,,
2022-04-25,11:00,15.6,11.1,76,WNW,4.8,14.5,1015.1,0,0,5,805,,
2022-04-25,11:15,16.1,11.1,73,WEST,6.4,17.7,1015.14,0,0,5,826,,
2022-04-25,11:30,16.3,11.1,72,WNW,17.7,24.1,1014.97,0,0,5,853,,
2022-04-25,11:45,16.4,10.6,68,WNW,12.9,27.4,1014.97,0,0,6,875,,
2022-04-25,12:00,16.9,10.6,66,NW,17.7,27.4,1014.97,0,0,6,896,,
2022-04-25,12:15,17.1,11.1,68,WNW,17.7,27.4,1015.07,0,0,6,914,,
2022-04-25,12:30,17.4,11.1,68,NE,11.3,25.7,1015.21,0,0,6,930,,
2022-04-25,12:45,17.6,11.7,69,WEST,16.1,35.4,1015.34,0,0,7,935,,
2022-04-25,13:00,17.8,11.7,67,WEST,14.5,32.2,1015.34,0,0,7,946,,
2022-04-25,13:15,18.2,11.7,66,WEST,14.5,29,1015.21,0,0,7,947,,
2022-04-25,13:30,18.2,11.1,63,WEST,19.3,27.4,1015.14,0,0,7,942,,
2022-04-25,13:45,18.4,11.7,64,WEST,22.5,32.2,1015.17,0,0,7,940,,
2022-04-25,14:00,19.1,11.7,63,WNW,20.9,29,1015.14,0,0,7,926,,
2022-04-25,14:15,18.7,11.7,64,WNW,12.9,29,1015.07,0,0,7,912,,
2022-04-25,14:30,18.7,11.7,64,NORTH,8,32.2,1014.83,0,0,6,895,,
2022-04-25,14:45,18.8,11.1,62,WEST,17.7,29,1015.04,0,0,6,867,,
2022-04-25,15:00,19,11.1,61,ENE,16.1,27.4,1015.04,0,0,6,846,,
2022-04-25,15:15,19,11.1,61,WNW,19.3,37,1014.97,0,0,5,821,,
2022-04-25,15:30,19.1,10.6,58,WEST,30.6,30.6,1014.77,0,0,5,793,,
2022-04-25,15:45,19.3,11.1,60,WEST,12.9,22.5,1014.77,0,0,5,763,,
2022-04-25,16:00,19.4,11.1,59,ENE,9.7,20.9,1014.53,0,0,4,733,,
2022-04-25,16:15,19.3,10.6,58,WEST,22.5,29,1014.56,0,0,4,696,,
2022-04-25,16:30,19.3,10.6,57,WNW,20.9,25.7,1014.73,0,0,3,659,,
2022-04-25,16:45,19.3,10.6,58,ENE,12.9,22.5,1014.6,0,0,3,615,,
2022-04-25,17:00,18.9,10,57,WNW,20.9,27.4,1014.63,0,0,3,564,,
2022-04-25,17:15,19.1,10.6,59,WEST,20.9,30.6,1014.63,0,0,2,482,,
2022-04-25,17:30,18.4,10.6,61,WEST,25.7,32.2,1014.53,0,0,2,397,,
2022-04-25,17:45,18.2,11.7,65,NE,14.5,29,1014.49,0,0,2,411,,
2022-04-25,18:00,18.1,11.7,67,WEST,9.7,25.7,1014.53,0,0,1,301,,
2022-04-25,18:15,17.4,11.7,70,WNW,14.5,24.1,1014.66,0,0,1,295,,
2022-04-25,18:30,17.2,11.7,71,WEST,14.5,20.9,1014.56,0,0,1,244,,
2022-04-25,18:45,16.9,11.7,73,WEST,14.5,24.1,1014.7,0,0,0,192,,
2022-04-25,19:00,16.6,11.7,73,ENE,8,20.9,1014.6,0,0,0,123,,
2022-04-25,19:15,16.1,11.7,75,NE,8,19.3,1014.66,0,0,0,77,,
2022-04-25,19:30,15.8,11.7,76,NORTH,8,16.1,1014.6,0,0,0,40,,
2022-04-25,19:45,15.4,11.1,77,NORTH,0,12.9,1014.53,0,0,0,21,,
2022-04-25,20:00,15.1,11.1,79,NORTH,0,11.3,1014.66,0,0,0,11,,
2022-04-25,20:15,14.3,11.1,81,NORTH,0,3.2,1014.73,0,0,0,0,,
2022-04-25,20:30,13.7,10.6,83,NORTH,0,1.6,1014.7,0,0,0,0,,
2022-04-25,20:45,13.5,10.6,83,NORTH,0,3.2,1014.83,0,0,0,0,,
2022-04-25,21:00,13.1,10.6,85,NORTH,0,3.2,1015.04,0,0,0,0,,
2022-04-25,21:15,12.3,10,87,NORTH,0,3.2,1014.97,0,0,0,0,,
2022-04-25,21:30,12.4,10,88,NORTH,0,3.2,1015.44,0,0,0,0,,
2022-04-25,21:45,12,10,88,WNW,1.6,3.2,1015.37,0,0,0,0,,
2022-04-25,22:00,11.6,9.4,87,WNW,1.6,3.2,1015.37,0,0,0,0,,
2022-04-25,22:15,11.7,9.4,88,WEST,3.2,4.8,1015.48,0,0,0,0,,
2022-04-25,22:30,11.3,9.4,88,WEST,3.2,4.8,1015.65,0,0,0,0,,
2022-04-25,22:45,11.2,8.9,88,WEST,4.8,4.8,1015.71,0,0,0,0,,
2022-04-25,23:00,12.4,8.3,77,SW,4.8,6.4,1015.82,0,0,0,0,,
2022-04-25,23:15,11.9,7.2,73,SOUTH,3.2,4.8,1015.78,0,0,0,0,,
2022-04-25,23:30,12.4,6.7,69,SOUTH,3.2,4.8,1015.78,0,0,0,0,,
2022-04-25,23:45,12.4,6.7,67,SSE,1.6,8,1015.75,0,0,0,0,,
2022-04-25,OVR,,,,,,,,,,,,gustmax,30.6
2022-04-25,OVR,,,,,,,,,,,,rainrate_max,0
2022-04-25,OVR,,,,,,,,,,,,rain_total_mm,0
2022-04-25,OVR,,,,,,,,,,,,tmax,19.4
2022-04-25,OVR,,,,,,,,,,,,tmin,9.3
2022-04-25,OVR,,,,,,,,,,,,wind_dir_mean_deg,270
2022-04-26,00:00,12.7,7.2,71,SSE,3.2,9.7,1015.51,0,0,0,0,,
2022-04-26,00:15,12.3,7.2,73,SSE,6.4,8,1015.65,0,0,0,0,,
2022-04-26,00:30,12.9,8.3,74,SSE,1.6,4.8,1015.44,0,0,0,0,,
2022-04-26,00:45,12.3,7.8,75,SSE,1.6,4.8,1015.68,0,0,0,0,,
2022-04-26,01:00,12.6,8.3,77,SSE,1.6,8,1015.58,0,0,0,0,,
2022-04-26,01:15,12.6,7.8,74,SSE,4.8,8,1015.58,0,0,0,0,,
2022-04-26,01:30,12.2,7.8,75,SSE,1.6,6.4,1015.61,0,0,0,0,,
2022-04-26,01:45,12.7,8.3,77,NORTH,0,9.7,1015.37,0,0,0,0,,
2022-04-26,02:00,12.7,9.4,82,SSE,1.6,4.8,1015.24,0,0,0,0,,
2022-04-26,02:15,12.5,9.4,83,SSE,4.8,4.8,1015.24,0,0,0,0,,
2022-04-26,02:30,12.2,8.9,82,SE,4.8,8,1015.21,0,0,0,0,,
2022-04-26,02:45,11.4,8.9,85,SE,1.6,4.8,1015.14,0,0,0,0,,
2022-04-26,03:00,11.8,9.4,85,ESE,6.4,11.3,1014.93,0,0,0,0,,
2022-04-26,03:15,11.9,9.4,84,ESE,4.8,9.7,1014.83,0,0,0,0,,
2022-04-26,03:30,11.9,8.9,84,ESE,4.8,9.7,1014.73,0,0,0,0,,
2022-04-26,03:45,11.9,9.4,85,ESE,4.8,11.3,1014.6,0,0,0,0,,
2022-04-26,04:00,11.9,8.9,84,ESE,4.8,6.4,1014.66,0,0,0,0,,
2022-04-26,04:15,11.4,8.9,85,ESE,3.2,6.4,1014.53,0,0,0,0,,
2022-04-26,04:30,11.8,8.9,85,ESE,3.2,9.7,1014.53,0,0,0,0,,
2022-04-26,04:45,11.8,8.9,84,EAST,3.2,9.7,1014.49,0,0,0,0,,
2022-04-26,05:00,11.9,8.9,83,ESE,6.4,9.7,1014.33,0,0,0,0,,
2022-04-26,05:15,12,8.9,82,ESE,9.7,11.3,1014.26,0,0,0,0,,
2022-04-26,05:30,12,8.3,80,ESE,3.2,9.7,1014.43,0,0,0,0,,
2022-04-26,05:45,11.8,8.3,79,ESE,1.6,4.8,1014.39,0,0,0,0,,
2022-04-26,06:00,11.6,7.8,79,ESE,3.2,6.4,1014.49,0,0,0,0,,
2022-04-26,06:15,12.3,7.8,75,ESE,4.8,4.8,1014.7,0,0,0,0,,
2022-04-26,06:30,11.2,7.2,78,ESE,3.2,4.8,1014.87,0,0,0,0,,
2022-04-26,06:45,11.6,7.8,77,ESE,4.8,4.8,1015.04,0,0,0,11,,
2022-04-26,07:00,12.3,7.2,73,ESE,1.6,4.8,1015.04,0,0,0,18,,
2022-04-26,07:15,12.5,7.8,73,NORTH,0,6.4,1015.04,0,0,0,77,,
2022-04-26,07:30,12.9,7.8,72,ESE,3.2,6.4,1015.24,0,0,0,107,,
2022-04-26,07:45,12.8,7.8,73,NORTH,0,6.4,1015.34,0,0,0,190,,
2022-04-26,08:00,13.2,8.3,73,SE,9.7,12.9,1015.51,0,0,0,244,,
2022-04-26,08:15,13,8.3,75,SE,6.4,11.3,1015.44,0,0,1,299,,
2022-04-26,08:30,13.3,8.9,76,SE,4.8,14.5,1015.44,0,0,1,309,,
2022-04-26,08:45,13.9,10,78,NORTH,0,12.9,1015.61,0,0,1,287,,
2022-04-26,09:00,14.1,10,76,SE,8,12.9,1015.51,0,0,1,364,,
2022-04-26,09:15,14.2,9.4,75,SE,14.5,16.1,1015.61,0,0,2,396,,
2022-04-26,09:30,14.9,10.6,77,SE,8,14.5,1015.71,0,0,2,396,,
2022-04-26,09:45,15.4,11.7,78,SSE,4.8,12.9,1015.75,0,0,2,561,,
2022-04-26,10:00,15.4,11.1,76,SSE,9.7,16.1,1015.82,0,0,3,504,,
2022-04-26,10:15,15.6,11.1,76,SSE,8,19.3,1015.88,0,0,3,621,,
2022-04-26,10:30,15.9,11.1,73,SE,12.9,17.7,1015.78,0,0,3,731,,
2022-04-26,10:45,16.5,11.1,71,SE,8,19.3,1015.95,0,0,4,772,,
2022-04-26,11:00,16.9,11.7,71,SE,12.9,17.7,1015.92,0,0,4,805,,
2022-04-26,11:15,17.6,11.7,69,SSE,6.4,19.3,1016.02,0,0,5,837,,
2022-04-26,11:30,18.6,11.1,63,SE,12.9,16.1,1015.92,0,0,5,861,,
2022-04-26,11:45,18.7,11.7,65,SE,6.4,17.7,1016.09,0,0,6,884,,
2022-04-26,12:15,19.1,10.6,59,SSE,6.4,19.3,1016.22,0,0,6,928,,
2022-04-26,12:30,19.5,7.8,47,SE,16.1,17.7,1016.22,0,0,6,942,,
2022-04-26,12:45,19.4,9.4,52,SE,8,22.5,1015.98,0,0,7,951,,
2022-04-26,13:00,19.6,8.3,48,NORTH,0,16.1,1016.09,0,0,7,958,,
2022-04-26,13:15,19.9,7.8,46,SSE,1.6,16.1,1015.78,0,0,7,965,,
2022-04-26,13:30,20.6,5,36,ESE,9.7,14.5,1015.85,0,0,7,965,,
2022-04-26,13:45,20.8,5.6,37,ESE,3.2,8,1015.71,0,0,7,962,,
2022-04-26,14:00,20.9,6.1,38,SSE,4.8,14.5,1015.68,0,0,7,946,,
2022-04-26,14:15,21.1,2.8,30,SE,9.7,16.1,1015.54,0,0,6,935,,
2022-04-26,14:30,21.4,2.2,28,SSE,9.7,16.1,1015.68,0,0,6,916,,
2022-04-26,14:45,21.1,2.8,30,SSE,1.6,14.5,1015.75,0,0,6,893,,
2022-04-26,15:00,21.4,4.4,33,SSW,1.6,14.5,1015.58,0,0,6,867,,
2022-04-26,15:15,21.4,5,35,SE,1.6,19.3,1015.51,0,0,5,837,,
2022-04-26,15:30,21.8,5.6,36,NORTH,0,17.7,1015.41,0,0,5,812,,
2022-04-26,15:45,21.7,6.7,38,SE,14.5,19.3,1015.17,0,0,5,780,,
2022-04-26,16:00,21.8,7.2,39,SE,12.9,17.7,1014.97,0,0,4,749,,
2022-04-26,16:15,21.7,10,48,SSE,14.5,19.3,1014.97,0,0,4,701,,
2022-04-26,16:30,21.1,8.9,46,SE,1.6,24.1,1014.97,0,0,3,668,,
2022-04-26,16:45,20.9,9.4,47,SSE,16.1,24.1,1014.7,0,0,3,621,,
2022-04-26,17:00,20.6,10,51,SE,16.1,24.1,1014.83,0,0,3,575,,
2022-04-26,17:15,20.3,9.4,51,ESE,12.9,20.9,1014.93,0,0,2,527,,
2022-04-26,17:30,20.2,10.6,55,SE,11.3,24.1,1015.21,0,0,2,475,,
2022-04-26,17:45,19.8,10,54,SE,12.9,20.9,1015.17,0,0,2,418,,
2022-04-26,18:00,19.4,9.4,52,SSE,6.4,19.3,1015.07,0,0,1,359,,
2022-04-26,18:15,19.6,10,54,SSE,6.4,16.1,1015.04,0,0,1,304,,
2022-04-26,18:30,19,8.9,53,SSE,12.9,19.3,1014.97,0,0,1,246,,
2022-04-26,18:45,18.7,9.4,56,ESE,4.8,17.7,1014.93,0,0,0,183,,
2022-04-26,19:00,18.2,8.9,55,SE,6.4,19.3,1014.87,0,0,0,127,,
2022-04-26,19:15,17.7,8.9,57,SE,8,16.1,1015.07,0,0,0,76,,
2022-04-26,19:30,17.2,8.3,57,SE,17.7,19.3,1015.07,0,0,0,39,,
2022-04-26,19:45,16.6,8.3,60,ESE,12.9,19.3,1015.24,0,0,0,19,,
2022-04-26,20:00,16.1,7.8,59,SE,12.9,19.3,1015.34,0,0,0,11,,
2022-04-26,20:15,15.6,7.8,60,SE,11.3,17.7,1015.58,0,0,0,0,,
2022-04-26,20:30,15.2,7.8,61,ESE,14.5,17.7,1015.65,0,0,0,0,,
2022-04-26,20:45,15.2,6.7,58,SE,17.7,22.5,1015.85,0,0,0,0,,
2022-04-26,21:00,14.8,7.8,62,SE,14.5,20.9,1015.92,0,0,0,0,,
2022-04-26,21:15,14.4,7.8,66,SE,14.5,19.3,1015.95,0,0,0,0,,
2022-04-26,21:30,14.4,8.3,66,ESE,17.7,20.9,1015.85,0,0,0,0,,
2022-04-26,21:45,14.5,7.8,64,ESE,12.9,22.5,1015.95,0,0,0,0,,
2022-04-26,22:00,14.7,8.3,65,ESE,14.5,20.9,1016.22,0,0,0,0,,
2022-04-26,22:15,14.7,7.8,64,ESE,16.1,17.7,1016.36,0,0,0,0,,
2022-04-26,22:30,14.4,7.2,62,ESE,6.4,12.9,1016.53,0,0,0,0,,
2022-04-26,22:45,13.7,7.8,69,ESE,6.4,11.3,1016.59,0,0,0,0,,
2022-04-26,23:00,13.1,8.3,73,ESE,3.2,6.4,1016.7,0,0,0,0,,
2022-04-26,23:15,13.3,7.8,71,ESE,3.2,4.8,1016.73,0,0,0,0,,
2022-04-26,23:30,13.1,8.3,73,EAST,6.4,9.7,1016.66,0,0,0,0,,
2022-04-26,23:45,13.3,8.3,73,EAST,6.4,11.3,1016.49,0,0,0,0,,
2022-04-26,OVR,,,,,,,,,,,,gustmax,17.7
2022-04-26,OVR,,,,,,,,,,,,rainrate_max,0
2022-04-26,OVR,,,,,,,,,,,,rain_total_mm,0
2022-04-26,OVR,,,,,,,,,,,,tmax,21.9
2022-04-26,OVR,,,,,,,,,,,,tmin,11.1
2022-04-26,OVR,,,,,,,,,,,,wind_dir_mean_deg,135
2022-04-27,00:00,13.4,8.3,73,EAST,9.7,12.9,1016.32,0,0,0,0,,
2022-04-27,00:15,13.6,8.3,73,EAST,11.3,14.5,1016.39,0,0,0,0,,
2022-04-27,00:30,13.8,8.3,71,EAST,8,16.1,1016.36,0,0,0,0,,
2022-04-27,00:45,13.4,8.3,71,EAST,11.3,12.9,1016.39,0,0,0,0,,
2022-04-27,01:00,13.3,7.8,70,EAST,11.3,12.9,1016.36,0,0,0,0,,
2022-04-27,01:15,13.4,6.7,65,EAST,6.4,11.3,1016.22,0,0,0,0,,
2022-04-27,01:30,14.1,6.7,61,ESE,3.2,9.7,1016.29,0,0,0,0,,
2022-04-27,01:45,13,6.1,65,EAST,4.8,9.7,1016.12,0,0,0,0,,
2022-04-27,02:15,13.3,6.1,64,NORTH,0,9.7,1015.95,0,0,0,0,,
2022-04-27,02:30,13.4,6.7,63,NORTH,0,4.8,1015.85,0,0,0,0,,
2022-04-27,02:45,13.3,6.7,64,EAST,4.8,9.7,1015.85,0,0,0,0,,
2022-04-27,03:00,13.1,6.7,65,EAST,4.8,6.4,1015.65,0,0,0,0,,
2022-04-27,03:15,13.4,6.7,64,EAST,3.2,3.2,1015.61,0,0,0,0,,
2022-04-27,03:30,14.3,6.7,60,NORTH,0,4.8,1015.61,0,0,0,0,,
2022-04-27,03:45,13.4,6.7,65,EAST,1.6,3.2,1015.34,0,0,0,0,,
2022-04-27,04:00,13,7.2,69,EAST,4.8,11.3,1015.14,0,0,0,0,,
2022-04-27,04:15,12.9,7.2,68,EAST,9.7,12.9,1015.07,0,0,0,0,,
2022-04-27,04:30,13.3,6.1,63,EAST,4.8,11.3,1015.07,0,0,0,0,,
2022-04-27,04:45,13.3,5.6,61,EAST,4.8,11.3,1015.27,0,0,0,0,,
2022-04-27,05:00,13.3,5,59,EAST,4.8,9.7,1015.34,0,0,0,0,,
2022-04-27,05:15,13.6,5,56,NORTH,0,9.7,1015.44,0,0,0,0,,
2022-04-27,05:30,13.7,5,56,ESE,4.8,6.4,1015.51,0,0,0,0,,
2022-04-27,05:45,13.7,5.6,58,EAST,6.4,9.7,1015.44,0,0,0,0,,
2022-04-27,06:00,13.8,5.6,59,ENE,6.4,12.9,1015.34,0,0,0,0,,
2022-04-27,06:15,13.8,6.1,60,EAST,11.3,12.9,1015.48,0,0,0,0,,
2022-04-27,06:30,13.4,6.1,63,EAST,6.4,12.9,1015.61,0,0,0,0,,
2022-04-27,06:45,14.1,6.1,59,EAST,12.9,12.9,1015.61,0,0,0,14,,
2022-04-27,07:00,14.4,5.6,55,EAST,6.4,14.5,1015.68,0,0,0,26,,
2022-04-27,07:15,14.3,6.1,58,EAST,12.9,16.1,1015.85,0,0,0,81,,
2022-04-27,07:30,13.9,5.6,59,EAST,12.9,17.7,1016.02,0,0,0,111,,
2022-04-27,07:45,14.1,5.6,57,EAST,12.9,20.9,1015.85,0,0,0,188,,
2022-04-27,08:00,14.3,6.1,58,EAST,12.9,17.7,1015.68,0,0,0,241,,
2022-04-27,08:15,14.7,6.1,58,EAST,11.3,20.9,1015.88,0,0,1,292,,
2022-04-27,08:30,15.2,6.1,56,ENE,14.5,17.7,1015.98,0,0,1,316,,
2022-04-27,08:45,15.9,6.1,53,EAST,16.1,17.7,1016.22,0,0,1,290,,
2022-04-27,09:00,16.4,5.6,49,ESE,17.7,20.9,1016.29,0,0,1,366,,
2022-04-27,09:15,16.9,5.6,48,ESE,17.7,19.3,1016.36,0,0,2,399,,
2022-04-27,09:30,17.4,5.6,46,EAST,11.3,19.3,1016.36,0,0,2,420,,
2022-04-27,09:45,17.9,5.6,44,ESE,11.3,19.3,1016.49,0,0,2,543,,
2022-04-27,10:00,18.3,5.6,43,EAST,6.4,19.3,1016.63,0,0,3,510,,
2022-04-27,10:15,18.8,7.2,47,EAST,9.7,16.1,1016.66,0,0,3,606,,
2022-04-27,10:30,18.9,6.1,44,ENE,11.3,17.7,1016.7,0,0,3,698,,
2022-04-27,10:45,19.5,7.2,45,NE,6.4,16.1,1016.86,0,0,4,729,,
2022-04-27,11:00,19.6,7.2,45,EAST,9.7,16.1,1016.9,0,0,4,761,,
2022-04-27,11:15,20.1,6.7,43,NE,8,16.1,1016.97,0,0,4,809,,
2022-04-27,11:30,20.2,5.6,39,EAST,6.4,16.1,1017.14,0,0,5,817,,
2022-04-27,11:45,20.6,7.2,42,ESE,11.3,16.1,1017.14,0,0,5,844,,
2022-04-27,12:00,20.7,7.8,44,ESE,4.8,17.7,1017.27,0,0,5,847,,
2022-04-27,12:15,21,8.3,45,NORTH,0,14.5,1017.17,0,0,5,868,,
2022-04-27,12:30,20.8,8.9,47,SE,8,16.1,1017.2,0,0,6,884,,
2022-04-27,12:45,21.3,8.3,44,SSE,8,17.7,1017.07,0,0,6,891,,
2022-04-27,13:00,20.9,8.3,45,SE,8,17.7,1017.07,0,0,6,895,,
2022-04-27,13:15,21.4,8.9,44,SE,8,19.3,1017.03,0,0,6,902,,
2022-04-27,13:30,21.3,7.8,42,SSE,1.6,16.1,1016.97,0,0,6,889,,
2022-04-27,13:45,21.6,8.9,44,SE,17.7,19.3,1017,0,0,5,870,,
2022-04-27,14:00,21.8,8.9,43,SE,12.9,19.3,1017.1,0,0,5,856,,
2022-04-27,14:15,22.3,8.3,41,SE,20.9,22.5,1017,0,0,5,847,,
2022-04-27,14:30,22.3,9.4,44,SE,6.4,17.7,1017,0,0,5,816,,
2022-04-27,14:45,22.1,8.9,43,SE,1.6,14.5,1016.97,0,0,5,788,,
2022-04-27,15:00,22.1,7.8,40,SSE,4.8,17.7,1016.76,0,0,5,784,,
2022-04-27,15:15,22.3,8.3,41,NORTH,0,19.3,1016.7,0,0,4,745,,
2022-04-27,15:30,22.4,8.9,42,SE,9.7,17.7,1016.73,0,0,4,719,,
2022-04-27,15:45,22.4,7.8,40,ESE,8,20.9,1016.42,0,0,4,693,,
2022-04-27,16:00,22.7,9.4,43,ESE,11.3,14.5,1016.05,0,0,3,645,,
2022-04-27,16:15,22.4,9.4,44,SE,11.3,19.3,1016.19,0,0,3,619,,
2022-04-27,16:30,22.1,10,47,SSE,12.9,19.3,1016.09,0,0,3,601,,
2022-04-27,16:45,22.3,10,46,SE,6.4,20.9,1015.68,0,0,2,548,,
2022-04-27,17:00,22.2,10,45,ESE,17.7,20.9,1015.82,0,0,2,492,,
2022-04-27,17:15,21.9,10,47,SSE,6.4,20.9,1015.75,0,0,2,434,,
2022-04-27,17:30,21.4,8.3,43,SSE,16.1,22.5,1015.88,0,0,1,392,,
2022-04-27,17:45,21.3,8.3,44,SE,9.7,20.9,1015.92,0,0,1,338,,
2022-04-27,18:00,20.9,7.2,42,SE,11.3,22.5,1016.09,0,0,1,304,,
2022-04-27,18:15,20.9,7.8,43,SE,14.5,19.3,1016.02,0,0,1,255,,
2022-04-27,18:30,20.6,7.2,43,ESE,19.3,22.5,1015.95,0,0,1,220,,
2022-04-27,18:45,20.3,7.2,43,ESE,11.3,19.3,1016.05,0,0,0,176,,
2022-04-27,19:00,19.9,5,38,ESE,16.1,22.5,1016.02,0,0,0,121,,
2022-04-27,19:15,19.2,6.1,42,ESE,12.9,22.5,1016.19,0,0,0,72,,
2022-04-27,19:30,18.6,6.7,45,SE,12.9,20.9,1016.19,0,0,0,42,,
2022-04-27,19:45,18.2,5.6,44,ESE,16.1,17.7,1016.53,0,0,0,23,,
2022-04-27,22:00,15.7,5.6,51,EAST,14.5,19.3,1017.64,0,0,0,0,,
2022-04-27,OVR,,,,,,,,,,,,gustmax,20.9
2022-04-27,OVR,,,,,,,,,,,,rainrate_max,0
2022-04-27,OVR,,,,,,,,,,,,rain_total_mm,0
2022-04-27,OVR,,,,,,,,,,,,tmax,22.9
2022-04-27,OVR,,,,,,,,,,,,tmin,12.8
2022-04-27,OVR,,,,,,,,,,,,wind_dir_mean_deg,112.5
2022-04-28,00:45,14.1,4.4,52,EAST,11.3,14.5,1018.08,0,0,0,0,,
2022-04-28,01:00,14.6,3.9,48,ESE,11.3,17.7,1018.15,0,0,0,0,,
2022-04-28,01:15,14.7,3.9,48,ESE,9.7,16.1,1018.46,0,0,0,0,,
2022-04-28,01:30,14.4,3.9,49,EAST,9.7,14.5,1018.42,0,0,0,0,,
2022-04-28,01:45,14.2,3.9,50,ESE,9.7,14.5,1018.29,0,0,0,0,,
2022-04-28,02:00,14.7,3.9,49,ESE,11.3,14.5,1018.22,0,0,0,0,,
2022-04-28,02:15,14.8,3.9,49,ESE,11.3,11.3,1018.19,0,0,0,0,,
2022-04-28,02:30,14.5,4.4,51,ESE,4.8,9.7,1018.19,0,0,0,0,,
2022-04-28,02:45,14.1,4.4,52,ESE,9.7,11.3,1018.22,0,0,0,0,,
2022-04-28,03:00,13.8,4.4,54,ESE,4.8,9.7,1018.12,0,0,0,0,,
2022-04-28,03:15,13.8,4.4,53,ESE,6.4,6.4,1017.98,0,0,0,0,,
2022-04-28,03:30,13.5,3.9,53,ESE,6.4,11.3,1017.75,0,0,0,0,,
2022-04-28,03:45,13.3,4.4,54,ESE,3.2,9.7,1017.78,0,0,0,0,,
2022-04-28,04:00,13.6,4.4,54,ESE,11.3,11.3,1017.68,0,0,0,0,,
2022-04-28,04:15,13.3,4.4,55,ESE,3.2,8,1017.41,0,0,0,0,,
2022-04-28,04:30,12.6,4.4,59,EAST,9.7,11.3,1017.44,0,0,0,0,,
2022-04-28,04:45,12.4,5,60,EAST,4.8,11.3,1017.51,0,0,0,0,,
2022-04-28,05:00,11.8,4.4,62,EAST,3.2,6.4,1017.54,0,0,0,0,,
2022-04-28,05:15,12.8,4.4,57,EAST,3.2,4.8,1017.51,0,0,0,0,,
2022-04-28,05:30,12.3,4.4,59,EAST,4.8,4.8,1017.58,0,0,0,0,,
2022-04-28,05:45,12.6,4.4,59,EAST,3.2,4.8,1017.41,0,0,0,0,,
2022-04-28,06:00,12.2,4.4,61,EAST,6.4,9.7,1017.37,0,0,0,0,,
2022-04-28,06:15,11.9,5,62,ESE,6.4,12.9,1017.51,0,0,0,0,,
2022-04-28,06:30,12.1,4.4,61,EAST,6.4,11.3,1017.44,0,0,0,7,,
2022-04-28,06:45,12.1,4.4,61,ESE,6.4,12.9,1017.41,0,0,0,25,,
2022-04-28,07:00,12.4,4.4,60,EAST,11.3,12.9,1017.61,0,0,0,47,,
2022-04-28,07:15,13.3,4.4,55,EAST,9.7,11.3,1017.75,0,0,0,74,,
2022-04-28,07:30,13.5,4.4,54,EAST,11.3,14.5,1017.71,0,0,0,81,,
2022-04-28,07:45,13.8,3.9,52,EAST,11.3,14.5,1017.81,0,0,0,104,,
2022-04-28,08:00,14,3.9,52,EAST,11.3,14.5,1018.05,0,0,0,114,,
2022-04-28,08:15,14.2,4.4,52,ESE,9.7,14.5,1018.12,0,0,0,186,,
2022-04-28,08:30,14.2,4.4,52,EAST,12.9,19.3,1018.35,0,0,1,174,,
2022-04-28,08:45,15.1,4.4,50,EAST,14.5,20.9,1018.42,0,0,1,285,,
2022-04-28,09:00,15.3,3.9,48,EAST,12.9,22.5,1018.46,0,0,1,167,,
2022-04-28,09:15,15.4,4.4,48,ESE,19.3,24.1,1018.56,0,0,1,211,,
2022-04-28,09:30,15.7,5,50,ESE,9.7,17.7,1018.59,0,0,2,352,,
2022-04-28,09:45,16.6,6.1,50,ESE,4.8,14.5,1018.59,0,0,2,427,,
2022-04-28,10:00,17.7,5.6,45,EAST,11.3,11.3,1018.63,0,0,3,548,,
2022-04-28,10:15,18.3,4.4,40,EAST,9.7,16.1,1018.8,0,0,3,626,,
2022-04-28,10:30,18.6,5,41,EAST,6.4,16.1,1018.66,0,0,2,332,,
2022-04-28,10:45,18.5,5.6,43,EAST,4.8,14.5,1018.93,0,0,3,564,,
2022-04-28,11:00,19.2,6.1,42,EAST,9.7,20.9,1018.8,0,0,4,765,,
2022-04-28,11:15,19.4,6.1,42,ESE,6.4,20.9,1018.83,0,0,4,684,,
2022-04-28,11:30,19.7,6.7,43,ESE,11.3,17.7,1019,0,0,5,926,,
2022-04-28,11:45,20,7.2,45,ENE,9.7,17.7,1019.13,0,0,5,789,,
2022-04-28,12:00,20.6,7.2,43,ENE,4.8,14.5,1019.13,0,0,4,621,,
2022-04-28,12:15,20.4,6.7,41,SE,8,17.7,1018.9,0,0,5,751,,
2022-04-28,12:30,20.6,6.1,39,ESE,14.5,19.3,1018.8,0,0,4,522,,
2022-04-28,12:45,20.3,8.3,46,SSE,9.7,19.3,1018.86,0,0,6,838,,
2022-04-28,13:00,20.4,6.7,41,SE,4.8,17.7,1018.76,0,0,5,701,,
2022-04-28,13:15,20.6,6.7,40,ESE,12.9,19.3,1018.59,0,0,5,712,,
2022-04-28,13:30,21.1,7.8,43,SE,11.3,17.7,1018.63,0,0,6,814,,
2022-04-28,13:45,21,8.9,46,SE,8,17.7,1018.8,0,0,4,596,,
2022-04-28,14:00,20.7,8.9,47,SE,6.4,17.7,1018.73,0,0,4,478,,
2022-04-28,14:15,20.1,8.9,48,SSE,3.2,16.1,1018.96,0,0,4,585,,
2022-04-28,14:30,20.7,8.9,47,SE,8,14.5,1018.76,0,0,4,605,,
2022-04-28,14:45,20.8,8.3,46,SE,1.6,12.9,1018.93,0,0,4,610,,
2022-04-28,15:00,21.3,8.9,45,SW,9.7,8,1018.73,0,0,5,851,,
2022-04-28,15:15,21.7,8.9,45,WSW,8,8,1018.63,0,0,4,703,,
2022-04-28,15:30,21.6,8.9,45,NORTH,0,14.5,1018.63,0,0,3,531,,
2022-04-28,15:45,21,10.6,52,WEST,20.9,27.4,1018.52,0,0,4,585,,
2022-04-28,16:00,20.3,9.4,49,WNW,20.9,37,1018.66,0,0,3,680,,
2022-04-28,16:15,20.2,8.9,48,WNW,20.9,27.4,1018.63,0,0,3,494,,
2022-04-28,16:30,20.1,9.4,51,NW,19.3,32.2,1018.63,0,0,2,415,,
2022-04-28,16:45,19.8,8.9,50,WEST,22.5,25.7,1018.56,0,0,2,341,,
2022-04-28,17:00,19.1,7.2,47,NW,16.1,32.2,1018.52,0,0,1,274,,
2022-04-28,17:15,18.9,8.3,50,WEST,22.5,27.4,1018.56,0,0,1,234,,
2022-04-28,17:30,18.4,8.9,54,WEST,29,38.6,1018.56,0,0,1,188,,
2022-04-28,17:45,17.8,8.9,57,WNW,17.7,33.8,1018.56,0,0,1,204,,
2022-04-28,18:00,17.3,9.4,60,SSW,20.9,32.2,1018.66,0,0,1,192,,
2022-04-28,18:15,17,9.4,62,WEST,16.1,30.6,1018.52,0,0,1,193,,
2022-04-28,18:30,16.7,10,65,WEST,14.5,27.4,1018.76,0,0,0,144,,
2022-04-28,18:45,16.4,10.6,69,WNW,17.7,30.6,1018.9,0,0,0,120,,
2022-04-28,19:00,16.2,11.1,72,ENE,8,22.5,1018.83,0,0,0,84,,
2022-04-28,19:15,15.8,11.1,73,NE,9.7,27.4,1018.93,0,0,0,63,,
2022-04-28,19:30,15.6,11.1,75,WEST,19.3,20.9,1019.03,0,0,0,44,,
2022-04-28,19:45,15.4,11.1,77,EAST,11.3,29,1019.4,0,0,0,19,,
2022-04-28,20:00,15.3,11.7,79,WSW,4.8,22.5,1019.51,0,0,0,7,,
2022-04-28,20:15,15.1,11.1,79,WEST,9.7,17.7,1019.64,0,0,0,0,,
2022-04-28,20:45,15,10.6,75,WNW,11.3,19.3,1019.81,0,0,0,0,,
2022-04-28,21:00,15,10.6,76,WEST,11.3,20.9,1020.01,0,0,0,0,,
2022-04-28,21:15,14.8,11.1,78,WNW,4.8,20.9,1020.12,0,0,0,0,,
2022-04-28,21:30,14.6,11.1,79,WEST,14.5,19.3,1020.29,0,0,0,0,,
2022-04-28,21:45,14.6,11.1,80,WEST,4.8,17.7,1020.69,0,0,0,0,,
2022-04-28,22:00,14.4,11.1,82,WEST,9.7,19.3,1020.79,0,0,0,0,,
2022-04-28,22:15,14.3,11.7,84,WNW,8,16.1,1020.79,0,0,0,0,,
2022-04-28,22:30,14.2,11.7,85,WNW,11.3,19.3,1020.79,0,0,0,0,,
2022-04-28,22:45,14.1,11.7,85,WEST,9.7,19.3,1020.83,0,0,0,0,,
2022-04-28,23:00,14,11.7,85,WNW,6.4,16.1,1021.06,0,0,0,0,,
2022-04-28,23:15,14,11.1,85,WNW,9.7,12.9,1021.1,0,0,0,0,,
2022-04-28,23:30,14.1,11.7,86,WNW,6.4,12.9,1021.2,0,0,0,0,,
2022-04-28,23:45,13.9,11.7,88,WNW,4.8,9.7,1021.23,0,0,0,0,,
2022-04-28,OVR,,,,,,,,,,,,gustmax,29
2022-04-28,OVR,,,,,,,,,,,,rainrate_max,0
2022-04-28,OVR,,,,,,,,,,,,rain_total_mm,0
2022-04-28,OVR,,,,,,,,,,,,tmax,21.9
2022-04-28,OVR,,,,,,,,,,,,tmin,11.7
2022-04-28,OVR,,,,,,,,,,,,wind_dir_mean_deg,112.5
2022-04-29,00:00,13.8,11.7,88,WNW,3.2,8,1021.13,0,0,0,0,,
2022-04-29,00:15,13.6,11.7,89,NORTH,0,8,1021.13,0,0,0,0,,
2022-04-29,00:30,13.1,11.1,89,NORTH,0,3.2,1021.23,0,0,0,0,,
2022-04-29,00:45,13.5,11.7,90,NORTH,0,6.4,1021.13,0,0,0,0,,
2022-04-29,01:00,13.2,11.7,90,NORTH,0,4.8,1021.03,0,0,0,0,,
2022-04-29,01:15,12.8,11.1,90,WNW,3.2,3.2,1021,0,0,0,0,,
2022-04-29,01:30,12.3,10.6,90,NORTH,0,1.6,1021.1,0,0,0,0,,
2022-04-29,01:45,11.9,10,89,WNW,1.6,3.2,1020.93,0,0,0,0,,
2022-04-29,02:00,12.1,10,87,WNW,1.6,3.2,1020.83,0,0,0,0,,
2022-04-29,02:15,11.7,8.9,84,WNW,1.6,3.2,1020.76,0,0,0,0,,
2022-04-29,02:30,12,8.9,84,NORTH,0,0,1020.56,0,0,0,0,,
2022-04-29,02:45,12.1,9.4,83,NORTH,0,1.6,1020.56,0,0,0,0,,
2022-04-29,03:00,12.2,9.4,83,WNW,3.2,3.2,1020.45,0,0,0,0,,
2022-04-29,03:15,12.5,9.4,82,WNW,1.6,3.2,1020.29,0,0,0,0,,
2022-04-29,03:30,12.6,9.4,82,NORTH,0,3.2,1020.22,0,0,0,0,,
2022-04-29,03:45,12.1,8.9,83,WNW,3.2,3.2,1020.05,0,0,0,0,,
2022-04-29,04:00,12.6,8.9,80,NW,3.2,4.8,1020.15,0,0,0,0,,
2022-04-29,04:15,12.4,8.9,79,NW,3.2,4.8,1020.15,0,0,0,0,,
2022-04-29,04:30,12.2,8.3,78,NW,3.2,4.8,1020.15,0,0,0,0,,
2022-04-29,04:45,12.1,8.3,78,NNE,3.2,6.4,1020.12,0,0,0,0,,
2022-04-29,05:15,12.2,8.3,78,NNE,1.6,3.2,1020.01,0,0,0,0,,
2022-04-29,05:30,11.9,7.8,77,NNE,1.6,4.8,1020.15,0,0,0,0,,
2022-04-29,05:45,12,8.3,78,NNE,1.6,3.2,1020.05,0,0,0,0,,
2022-04-29,06:00,12.1,8.3,78,NORTH,0,3.2,1019.98,0,0,0,0,,
2022-04-29,06:15,11.9,8.3,79,NNE,3.2,3.2,1020.29,0,0,0,0,,
2022-04-29,06:30,11.6,7.8,78,NNE,1.6,4.8,1020.12,0,0,0,0,,
2022-04-29,06:45,11.2,7.2,78,NNE,4.8,4.8,1020.25,0,0,0,18,,
2022-04-29,07:00,11.8,7.2,73,NNE,1.6,4.8,1020.22,0,0,0,39,,
2022-04-29,07:15,11.9,6.7,70,NNE,3.2,4.8,1020.25,0,0,0,65,,
2022-04-29,07:30,12.3,7.2,71,NORTH,3.2,6.4,1020.29,0,0,0,91,,
2022-04-29,07:45,11.4,7.8,79,NORTH,3.2,6.4,1020.39,0,0,0,121,,
2022-04-29,08:00,12.2,8.3,77,NORTH,1.6,4.8,1020.62,0,0,0,179,,
2022-04-29,08:15,13.5,6.1,63,NNW,6.4,14.5,1020.66,0,0,1,236,,
2022-04-29,08:30,13.8,6.1,60,NNW,6.4,12.9,1020.45,0,0,1,264,,
2022-04-29,08:45,14.1,6.1,59,NNW,6.4,12.9,1020.56,0,0,1,294,,
2022-04-29,09:00,14.1,6.1,59,NNW,9.7,16.1,1020.66,0,0,1,267,,
2022-04-29,09:30,14.9,6.7,59,NNW,3.2,12.9,1020.66,0,0,2,364,,
2022-04-29,09:45,15.6,7.2,57,NW,6.4,12.9,1020.73,0,0,2,469,,
2022-04-29,10:00,16.2,7.2,56,NW,9.7,12.9,1020.73,0,0,2,439,,
2022-04-29,10:15,16.6,7.2,55,NW,14.5,12.9,1020.73,0,0,3,468,,
2022-04-29,10:30,16.6,6.7,53,NW,17.7,16.1,1020.83,0,0,3,475,,
2022-04-29,10:45,16.8,6.1,50,NNW,6.4,17.7,1020.79,0,0,3,517,,
2022-04-29,11:00,17.6,5.6,45,NW,12.9,17.7,1020.79,0,0,5,965,,
2022-04-29,11:15,18.4,5.6,44,NW,11.3,16.1,1020.76,0,0,5,863,,
2022-04-29,11:30,18.3,6.7,47,NW,6.4,16.1,1020.73,0,0,5,854,,
2022-04-29,11:45,18.6,5,42,NW,1.6,14.5,1020.66,0,0,5,717,,
2022-04-29,12:00,19.2,6.7,45,WNW,9.7,8,1020.59,0,0,5,780,,
2022-04-29,12:15,19.2,8.3,49,WEST,4.8,9.7,1020.56,0,0,5,789,,
2022-04-29,12:30,19.2,7.8,47,SSW,1.6,12.9,1020.56,0,0,5,689,,
2022-04-29,12:45,19.2,8.9,51,WEST,11.3,12.9,1020.39,0,0,6,802,,
2022-04-29,13:00,20.1,4.4,36,SW,6.4,14.5,1020.42,0,0,7,1051,,
2022-04-29,13:15,20.4,4.4,35,WNW,11.3,22.5,1020.39,0,0,7,1074,,
2022-04-29,13:30,21.2,2.2,28,WEST,11.3,20.9,1020.18,0,0,7,1088,,
2022-04-29,13:45,21,-0.6,24,SOUTH,3.2,11.3,1020.15,0,0,7,956,,
2022-04-29,14:00,20.8,4.4,34,WEST,4.8,24.1,1019.98,0,0,7,1013,,
2022-04-29,14:15,20.9,2.2,29,WEST,11.3,22.5,1020.01,0,0,6,949,,
2022-04-29,14:30,21.1,1.1,26,SOUTH,3.2,19.3,1019.88,0,0,6,891,,
2022-04-29,14:45,21.2,3.9,32,WEST,17.7,25.7,1019.81,0,0,5,923,,
2022-04-29,15:00,20.9,6.1,38,WNW,11.3,32.2,1019.84,0,0,4,610,,
2022-04-29,15:15,20.6,7.8,43,WEST,17.7,25.7,1019.98,0,0,4,552,,
2022-04-29,15:30,20.4,6.7,41,WNW,14.5,27.4,1019.91,0,0,4,742,,
2022-04-29,15:45,20.4,7.8,44,WNW,20.9,29,1019.64,0,0,4,680,,
2022-04-29,16:00,19.6,8.3,49,WSW,12.9,25.7,1019.74,0,0,3,475,,
2022-04-29,16:15,19.3,7.8,48,WEST,12.9,30.6,1019.78,0,0,3,482,,
2022-04-29,16:30,18.3,8.9,54,WEST,22.5,25.7,1019.54,0,0,2,381,,
2022-04-29,16:45,18.4,9.4,56,ENE,12.9,24.1,1019.57,0,0,3,617,,
2022-04-29,17:00,18.6,9.4,56,WEST,19.3,24.1,1019.64,0,0,2,441,,
2022-04-29,17:15,17.9,8.9,55,WEST,12.9,29,1019.57,0,0,1,285,,
2022-04-29,17:30,17.9,7.8,52,WNW,17.7,22.5,1019.47,0,0,1,220,,
2022-04-29,17:45,17.6,8.3,56,WEST,14.5,17.7,1019.44,0,0,1,216,,
2022-04-29,18:00,17.4,8.9,58,WNW,24.1,22.5,1019.57,0,0,1,394,,
2022-04-29,18:15,17.3,8.9,58,WNW,14.5,24.1,1019.3,0,0,1,186,,
2022-04-29,18:30,17.2,8.9,60,WNW,11.3,14.5,1019.37,0,0,0,162,,
2022-04-29,18:45,17.1,9.4,61,WEST,9.7,12.9,1019.51,0,0,0,142,,
2022-04-29,19:00,16.7,8.9,62,NORTH,0,9.7,1019.44,0,0,0,120,,
2022-04-29,19:15,16.4,8.3,60,SW,1.6,6.4,1019.44,0,0,0,72,,
2022-04-29,19:30,16.2,8.3,60,NORTH,0,3.2,1019.68,0,0,0,54,,
2022-04-29,19:45,15.3,8.9,67,SE,11.3,11.3,1019.91,0,0,0,33,,
2022-04-29,20:00,15.3,10,71,ESE,12.9,20.9,1019.98,0,0,0,21,,
2022-04-29,20:15,14.9,9.4,72,ESE,14.5,17.7,1020.08,0,0,0,0,,
2022-04-29,20:30,14.5,8.9,71,SE,19.3,22.5,1020.18,0,0,0,0,,
2022-04-29,20:45,14.3,9.4,72,SE,16.1,24.1,1020.22,0,0,0,0,,
2022-04-29,21:00,14.1,9.4,73,SE,17.7,22.5,1020.39,0,0,0,0,,
2022-04-29,21:15,13.8,8.9,74,ESE,17.7,25.7,1020.49,0,0,0,0,,
2022-04-29,21:30,13.9,9.4,74,ESE,14.5,24.1,1020.66,0,0,0,0,,
2022-04-29,21:45,13.8,9.4,76,ESE,22.5,25.7,1020.89,0,0,0,0,,
2022-04-29,22:00,13.7,9.4,77,ESE,17.7,25.7,1021.03,0,0,0,0,,
2022-04-29,22:15,13.6,10,79,ESE,19.3,25.7,1021.5,0,0,0,0,,
2022-04-29,22:30,13.4,10,80,SE,12.9,24.1,1021.47,0,0,0,0,,
2022-04-29,22:45,13.1,10,82,ESE,9.7,17.7,1021.44,0,0,0,0,,
2022-04-29,23:00,12.9,10,83,ESE,9.7,16.1,1021.71,0,0,0,0,,
2022-04-29,23:15,12.1,8.9,83,ESE,1.6,11.3,1021.78,0,0,0,0,,
2022-04-29,23:30,11.7,8.9,84,EAST,3.2,4.8,1021.67,0,0,0,0,,
2022-04-29,23:45,11.8,8.9,84,ESE,4.8,9.7,1021.54,0,0,0,0,,
2022-04-29,OVR,,,,,,,,,,,,gustmax,24.1
2022-04-29,OVR,,,,,,,,,,,,rainrate_max,0
2022-04-29,OVR,,,,,,,,,,,,rain_total_mm,0
2022-04-29,OVR,,,,,,,,,,,,tmax,21.7
2022-04-29,OVR,,,,,,,,,,,,tmin,11.1
2022-04-29,OVR,,,,,,,,,,,,wind_dir_mean_deg,292.5
2022-04-30,00:00,11.8,8.9,84,EAST,4.8,6.4,1021.64,0,0,0,0,,
2022-04-30,00:15,12.2,9.4,84,ESE,6.4,11.3,1021.5,0,0,0,0,,
2022-04-30,00:30,12.1,9.4,85,ESE,3.2,11.3,1021.33,0,0,0,0,,
2022-04-30,00:45,11.9,8.9,83,EAST,1.6,6.4,1021.47,0,0,0,0,,
2022-04-30,01:00,11.2,8.9,86,EAST,3.2,4.8,1021.47,0,0,0,0,,
2022-04-30,01:15,11.2,8.9,85,NORTH,0,3.2,1021.27,0,0,0,0,,
2022-04-30,01:30,11.1,8.3,85,NORTH,0,3.2,1021.1,0,0,0,0,,
2022-04-30,01:45,11.5,8.9,87,NORTH,0,3.2,1021.1,0,0,0,0,,
2022-04-30,02:00,11.1,8.9,87,EAST,1.6,3.2,1020.93,0,0,0,0,,
2022-04-30,02:15,10.3,8.3,89,EAST,4.8,4.8,1020.96,0,0,0,0,,
2022-04-30,02:30,10.7,8.9,88,EAST,3.2,4.8,1020.69,0,0,0,0,,
2022-04-30,03:00,11.4,8.9,85,NORTH,0,6.4,1020.62,0,0,0,0,,
2022-04-30,03:15,11.3,8.3,84,EAST,4.8,6.4,1020.59,0,0,0,0,,
2022-04-30,03:30,11.4,8.9,85,EAST,3.2,4.8,1020.59,0,0,0,0,,
2022-04-30,03:45,11.4,8.9,85,EAST,3.2,6.4,1020.45,0,0,0,0,,
2022-04-30,04:00,11.2,8.9,86,EAST,3.2,4.8,1020.12,0,0,0,0,,
2022-04-30,04:15,11.2,8.9,86,EAST,1.6,4.8,1020.08,0,0,0,0,,
2022-04-30,04:30,10.8,8.9,87,EAST,1.6,4.8,1019.84,0,0,0,0,,
2022-04-30,04:45,11,8.9,87,EAST,1.6,4.8,1020.01,0,0,0,0,,
2022-04-30,05:00,10.4,8.3,87,EAST,3.2,4.8,1019.91,0,0,0,0,,
2022-04-30,05:15,10.6,8.3,88,EAST,3.2,6.4,1019.91,0,0,0,0,,
2022-04-30,05:30,10.7,8.3,87,EAST,4.8,6.4,1019.74,0,0,0,0,,
2022-04-30,05:45,10.7,8.3,88,ESE,1.6,11.3,1019.81,0,0,0,0,,
2022-04-30,06:00,10.3,8.3,88,ESE,4.8,6.4,1019.61,0,0,0,0,,
2022-04-30,06:15,10.5,8.9,89,EAST,4.8,11.3,1019.64,0,0,0,0,,
2022-04-30,06:30,10.6,8.9,89,EAST,4.8,8,1019.81,0,0,0,0,,
2022-04-30,06:45,10.3,8.3,89,NORTH,0,4.8,1019.88,0,0,0,14,,
2022-04-30,07:00,10.1,8.3,90,EAST,1.6,3.2,1020.01,0,0,0,54,,
2022-04-30,07:15,10.5,8.9,90,EAST,1.6,4.8,1020.01,0,0,0,98,,
2022-04-30,07:30,11.3,9.4,89,NORTH,0,3.2,1019.91,0,0,0,128,,
2022-04-30,07:45,11.9,10,88,NORTH,0,1.6,1020.05,0,0,0,195,,
2022-04-30,08:00,12.4,10,86,EAST,1.6,3.2,1020.05,0,0,0,260,,
2022-04-30,08:15,13.1,10,84,EAST,1.6,3.2,1020.29,0,0,1,311,,
2022-04-30,08:30,13.4,10,82,EAST,3.2,3.2,1020.29,0,0,1,353,,
2022-04-30,08:45,13.9,10.6,81,NORTH,0,3.2,1020.29,0,0,1,283,,
2022-04-30,09:00,14.2,10.6,80,EAST,3.2,4.8,1020.42,0,0,2,378,,
2022-04-30,09:15,14.8,11.1,79,ENE,4.8,6.4,1020.42,0,0,2,415,,
2022-04-30,09:30,15.1,11.1,78,NNW,6.4,8,1020.52,0,0,2,445,,
2022-04-30,09:45,15,11.1,79,NNW,8,9.7,1020.45,0,0,3,596,,
2022-04-30,10:00,15.3,10,72,NNW,4.8,9.7,1020.49,0,0,3,545,,
2022-04-30,10:15,15.9,10.6,71,NNW,1.6,9.7,1020.42,0,0,3,599,,
2022-04-30,10:30,16.3,10.6,70,NORTH,0,6.4,1020.56,0,0,3,768,,
2022-04-30,10:45,16.7,11.1,71,NORTH,0,14.5,1020.56,0,0,4,367,,
2022-04-30,11:00,17.2,10.6,67,SSW,4.8,8,1020.52,0,0,4,905,,
2022-04-30,11:15,17.9,10.6,62,EAST,11.3,14.5,1020.42,0,0,5,860,,
2022-04-30,11:30,17.9,8.3,54,SE,1.6,17.7,1020.39,0,0,5,879,,
2022-04-30,11:45,18.4,7.2,48,SSE,8,9.7,1020.32,0,0,5,895,,
2022-04-30,12:00,18.3,6.1,45,SE,3.2,16.1,1020.12,0,0,6,923,,
2022-04-30,12:15,18.8,8.3,51,SE,11.3,12.9,1020.01,0,0,6,933,,
2022-04-30,12:30,18.6,6.7,47,SOUTH,3.2,16.1,1020.01,0,0,6,946,,
2022-04-30,12:45,19.4,5,38,ESE,6.4,12.9,1019.78,0,0,6,962,,
2022-04-30,13:00,20.3,5,37,ENE,3.2,12.9,1019.78,0,0,6,969,,
2022-04-30,13:15,19.9,5.6,39,,9.7,16.1,1019.91,0,0,7,969,,
2022-04-30,13:30,20.1,4.4,36,EAST,1.6,12.9,1019.47,0,0,7,965,,
2022-04-30,13:45,20.2,5.6,38,ENE,4.8,17.7,1019.44,0,0,6,958,,
2022-04-30,14:00,20.5,4.4,35,NNW,6.4,11.3,1019.24,0,0,6,946,,
2022-04-30,14:15,20.5,5,36,NNE,6.4,14.5,1019.2,0,0,6,928,,
2022-04-30,14:30,20.9,5.6,37,EAST,6.4,9.7,1018.8,0,0,6,912,,
2022-04-30,14:45,21.1,5.6,37,NNW,4.8,12.9,1018.76,0,0,6,888,,
2022-04-30,15:00,20.4,6.7,40,SSE,6.4,14.5,1018.76,0,0,5,858,,
2022-04-30,15:15,20.9,6.7,39,SSW,1.6,17.7,1018.46,0,0,5,837,,
2022-04-30,15:30,20.3,8.9,49,WNW,24.1,30.6,1018.49,0,0,5,805,,
2022-04-30,15:45,19.7,8.3,48,WNW,12.9,38.6,1018.52,0,0,4,773,,
2022-04-30,16:00,19.6,8.3,48,ENE,11.3,35.4,1018.29,0,0,4,738,,
2022-04-30,16:15,19.6,7.8,47,ENE,8,35.4,1018.12,0,0,4,703,,
2022-04-30,16:30,19.3,8.3,49,WEST,32.2,40.2,1018.05,0,0,3,661,,
2022-04-30,16:45,18.7,7.8,50,WEST,30.6,45.1,1018.19,0,0,3,615,,
2022-04-30,17:00,18.7,8.3,52,WEST,22.5,33.8,1018.05,0,0,3,577,,
2022-04-30,17:15,18.6,8.3,51,WNW,14.5,32.2,1018.22,0,0,2,522,,
2022-04-30,17:30,18.3,8.3,53,ENE,11.3,43.5,1017.91,0,0,2,473,,
2022-04-30,17:45,17.8,8.3,54,WNW,16.1,43.5,1017.85,0,0,2,415,,
2022-04-30,18:00,17.9,8.9,57,WEST,20.9,32.2,1017.85,0,0,1,360,,
2022-04-30,18:15,17.4,8.3,56,ENE,14.5,32.2,1017.91,0,0,1,301,,
2022-04-30,18:30,17.1,9.4,62,WEST,20.9,33.8,1017.95,0,0,1,248,,
2022-04-30,18:45,16.7,9.4,63,WEST,17.7,30.6,1018.12,0,0,0,190,,
2022-04-30,19:00,16.4,9.4,64,WEST,27.4,30.6,1018.32,0,0,0,134,,
2022-04-30,19:15,16.1,9.4,65,WEST,12.9,30.6,1018.19,0,0,0,90,,
2022-04-30,19:30,15.9,9.4,66,NE,17.7,32.2,1018.22,0,0,0,49,,
2022-04-30,19:45,15.7,10.6,72,WNW,14.5,29,1018.32,0,0,0,26,,
2022-04-30,20:00,15.2,10.6,76,WEST,9.7,22.5,1018.32,0,0,0,14,,
2022-04-30,20:15,14.8,11.1,80,WEST,17.7,22.5,1018.46,0,0,0,0,,
2022-04-30,20:30,14.3,11.7,83,WNW,6.4,17.7,1018.52,0,0,0,0,,
2022-04-30,20:45,14.1,11.7,86,WEST,17.7,25.7,1018.49,0,0,0,0,,
2022-04-30,21:00,14.1,11.7,88,WEST,12.9,24.1,1018.59,0,0,0,0,,
2022-04-30,21:15,14.1,12.2,89,WNW,16.1,25.7,1018.66,0,0,0,0,,
2022-04-30,21:30,13.9,12.2,90,WEST,14.5,20.9,1018.76,0,0,0,0,,
2022-04-30,21:45,13.7,12.2,90,WEST,14.5,19.3,1018.93,0,0,0,0,,
2022-04-30,22:00,13.5,11.7,91,WEST,11.3,20.9,1018.9,0,0,0,0,,
2022-04-30,22:15,13.4,11.7,92,WNW,11.3,19.3,1019.03,0,0,0,0,,
2022-04-30,22:30,13.4,12.2,92,WEST,4.8,16.1,1019.17,0,0,0,0,,
2022-04-30,22:45,13.3,11.7,93,WEST,11.3,17.7,1019.3,0,0,0,0,,
2022-04-30,23:00,13,11.7,93,WNW,11.3,17.7,1019.17,0,0,0,0,,
2022-04-30,23:15,12.8,11.7,93,WEST,6.4,12.9,1019.2,0,0,0,0,,
2022-04-30,23:30,12.6,11.1,93,WEST,4.8,12.9,1019.37,0,0,0,0,,
2022-04-30,23:45,12.4,11.1,93,WNW,3.2,11.3,1019.34,0,0,0,0,,
2022-04-30,OVR,,,,,,,,,,,,gustmax,32.2
2022-04-30,OVR,,,,,,,,,,,,rainrate_max,0
2022-04-30,OVR,,,,,,,,,,,,rain_total_mm,0
2022-04-30,OVR,,,,,,,,,,,,tmax,21.2
2022-04-30,OVR,,,,,,,,,,,,tmin,9.9
2022-04-30,OVR,,,,,,,,,,,,wind_dir_mean_deg,67.5
