date,time,temp_c,dewpoint_c,rh_pct,wind_dir_txt,wind_kmh,gust_kmh,press_hpa,rain_acc_mm,rain_rate_mmph,uv,solar_wm2,key,value
2022-12-01,00:00,9.4,5.6,77,SE,8,11.3,1014.97,0,0,0,0,,
2022-12-01,00:15,8.6,4.4,77,EAST,3.2,4.8,1014.56,0,0,0,0,,
2022-12-01,00:30,7.9,4.4,79,EAST,3.2,4.8,1014.66,0,0,0,0,,
2022-12-01,00:45,7.6,3.9,79,EAST,1.6,4.8,1014.56,0,0,0,0,,
2022-12-01,01:00,7.8,4.4,80,ESE,3.2,6.4,1014.33,0,0,0,0,,
2022-12-01,01:15,7.7,4.4,80,ESE,4.8,6.4,1014.29,0,0,0,0,,
2022-12-01,01:30,8.5,5,79,SE,6.4,11.3,1014.36,0,0,0,0,,
2022-12-01,01:45,8,4.4,78,SE,4.8,11.3,1014.26,0,0,0,0,,
2022-12-01,02:00,7.7,4.4,80,ESE,3.2,6.4,1014.05,0,0,0,0,,
2022-12-01,02:15,7.9,4.4,80,ESE,4.8,6.4,1013.99,0,0,0,0,,
2022-12-01,03:15,8.6,5,79,ESE,3.2,6.4,1013.92,0,0,0,0,,
2022-12-01,03:30,8.4,5,81,ESE,3.2,6.4,1013.82,0,0,0,0,,
2022-12-01,03:45,8.2,5,82,NORTH,0,4.8,1013.85,0,0,0,0,,
2022-12-01,04:15,8.7,6.1,85,ESE,3.2,3.2,1013.65,0,0,0,0,,
2022-12-01,04:30,8.8,6.1,86,ESE,3.2,4.8,1013.68,0,0,0,0,,
2022-12-01,04:45,8.4,5.6,84,EAST,3.2,9.7,1013.72,0,0,0,0,,
2022-12-01,05:00,7.8,5,82,ESE,9.7,9.7,1013.92,0,0,0,0,,
2022-12-01,05:15,7.8,4.4,81,EAST,6.4,12.9,1013.88,0,0,0,0,,
2022-12-01,05:30,7.9,4.4,81,EAST,6.4,9.7,1013.95,0,0,0,0,,
2022-12-01,05:45,8.3,5,80,ESE,3.2,11.3,1013.82,0,0,0,0,,
2022-12-01,06:00,8.3,5,82,ESE,1.6,4.8,1013.92,0,0,0,0,,
2022-12-01,06:15,8.2,5.6,83,ESE,1.6,6.4,1013.82,0,0,0,0,,
2022-12-01,06:30,7.9,5,84,EAST,4.8,6.4,1013.88,0,0,0,0,,
2022-12-01,06:45,7.7,4.4,81,EAST,6.4,9.7,1013.92,0,0,0,0,,
2022-12-01,07:00,7.7,4.4,80,ESE,4.8,11.3,1013.92,0,0,0,0,,
2022-12-01,07:15,7.9,4.4,79,EAST,6.4,12.9,1014.16,0,0,0,0,,
2022-12-01,07:30,7.6,3.9,80,ESE,9.7,11.3,1014.12,0,0,0,7,,
2022-12-01,07:45,7.8,4.4,80,ESE,11.3,12.9,1014.09,0,0,0,19,,
2022-12-01,08:00,8.3,4.4,79,EAST,6.4,11.3,1014.12,0,0,0,28,,
2022-12-01,08:15,8.3,4.4,79,EAST,12.9,9.7,1014.29,0,0,0,19,,
2022-12-01,08:30,8.6,5,78,ESE,9.7,12.9,1014.63,0,0,0,121,,
2022-12-01,08:45,8.9,5,78,ESE,4.8,11.3,1014.73,0,0,0,148,,
2022-12-01,09:00,9.1,5,78,ESE,6.4,12.9,1014.8,0,0,0,70,,
2022-12-01,09:15,9.4,5.6,79,ESE,4.8,9.7,1014.97,0,0,0,76,,
2022-12-01,09:30,10,6.1,77,ESE,4.8,9.7,1015.04,0,0,0,84,,
2022-12-01,09:45,10.4,6.1,75,ESE,1.6,9.7,1015.14,0,0,1,167,,
2022-12-01,10:00,10.5,6.7,77,EAST,4.8,6.4,1015.34,0,0,1,381,,
2022-12-01,10:15,11.3,7.2,76,EAST,6.4,9.7,1015.34,0,0,1,468,,
2022-12-01,10:30,11.8,7.2,74,EAST,6.4,11.3,1015.24,0,0,1,522,,
2022-12-01,10:45,12.1,7.2,74,ESE,6.4,14.5,1015.24,0,0,1,396,,
2022-12-01,11:00,12.2,7.2,73,ESE,4.8,16.1,1015.14,0,0,1,469,,
2022-12-01,11:15,12.2,7.2,73,ESE,6.4,12.9,1015.21,0,0,1,396,,
2022-12-01,11:30,12.1,7.2,74,SE,6.4,16.1,1015.1,0,0,1,294,,
2022-12-01,11:45,11.9,7.2,73,ESE,9.7,16.1,1014.83,0,0,1,258,,
2022-12-01,12:00,11.8,7.8,76,ESE,11.3,16.1,1014.83,0,0,1,253,,
2022-12-01,12:15,11.7,7.8,77,SE,11.3,17.7,1014.7,0,0,1,345,,
2022-12-01,12:30,12.3,8.3,77,ESE,6.4,19.3,1014.66,0,0,2,517,,
2022-12-01,12:45,12.4,7.8,75,ESE,16.1,22.5,1014.63,0,0,2,503,,
2022-12-01,13:00,12.1,7.2,74,SE,16.1,24.1,1014.43,0,0,1,193,,
2022-12-01,13:15,12.1,7.8,75,SSE,4.8,17.7,1014.46,0,0,1,218,,
2022-12-01,13:30,12.3,7.8,75,SE,12.9,17.7,1014.16,0,0,1,339,,
2022-12-01,13:45,12.4,7.8,75,SE,12.9,20.9,1014.22,0,0,1,214,,
2022-12-01,14:00,12.2,7.8,76,SSE,14.5,20.9,1013.99,0,0,1,269,,
2022-12-01,14:15,12.2,7.8,75,SE,11.3,19.3,1014.09,0,0,1,237,,
2022-12-01,14:30,12.2,7.8,76,SE,14.5,19.3,1014.09,0,0,1,172,,
2022-12-01,14:45,12.1,7.8,77,ESE,11.3,19.3,1014.09,0,0,0,102,,
2022-12-01,15:00,11.9,8.3,79,SE,12.9,17.7,1013.95,0,0,0,102,,
2022-12-01,15:15,11.8,8.3,80,SE,8,16.1,1013.99,0,0,0,76,,
2022-12-01,15:30,11.9,8.3,80,SE,12.9,16.1,1013.92,0,0,0,95,,
2022-12-01,15:45,11.8,7.8,79,ESE,12.9,19.3,1014.12,0,0,0,67,,
2022-12-01,16:00,11.7,8.3,79,SE,8,17.7,1014.33,0,0,0,53,,
2022-12-01,16:15,11.5,7.8,80,ESE,14.5,16.1,1014.16,0,0,0,32,,
2022-12-01,16:30,11.4,7.8,80,SE,8,16.1,1014.26,0,0,0,9,,
2022-12-01,16:45,11.2,7.8,81,SE,11.3,12.9,1014.33,0,0,0,0,,
2022-12-01,17:00,11.1,7.8,81,SE,8,16.1,1014.53,0,0,0,0,,
2022-12-01,17:15,10.9,7.8,81,SE,4.8,12.9,1014.36,0,0,0,0,,
2022-12-01,17:30,10.9,7.8,82,ESE,6.4,14.5,1014.43,0,0,0,0,,
2022-12-01,17:45,10.8,7.8,82,ESE,8,11.3,1014.49,0,0,0,0,,
2022-12-01,18:00,10.7,7.8,83,ESE,6.4,11.3,1014.66,0,0,0,0,,
2022-12-01,18:15,10.7,7.8,83,ESE,8,9.7,1014.63,0,0,0,0,,
2022-12-01,18:30,10.8,7.8,84,EAST,6.4,14.5,1014.87,0,0,0,0,,
2022-12-01,18:45,10.8,8.3,85,ESE,9.7,12.9,1015.21,0,0,0,0,,
2022-12-01,19:00,10.9,8.3,86,SE,12.9,14.5,1015.37,0,0,0,0,,
2022-12-01,19:15,10.6,8.3,87,SE,9.7,19.3,1015.34,0,0,0,0,,
2022-12-01,19:30,10.3,8.3,88,SE,4.8,12.9,1015.17,0,0,0,0,,
2022-12-01,19:45,9.9,7.8,88,ESE,11.3,16.1,1015.14,0,0,0,0,,
2022-12-01,20:00,9.9,7.2,86,ESE,6.4,12.9,1015.24,0,0,0,0,,
2022-12-01,20:15,10.1,7.2,83,ESE,6.4,12.9,1015.17,0,0,0,0,,
2022-12-01,20:30,9.8,7.2,86,ESE,9.7,11.3,1015.34,0,0,0,0,,
2022-12-01,20:45,9.6,7.2,88,ESE,4.8,11.3,1015.44,0,0,0,0,,
2022-12-01,21:00,9.3,7.2,88,EAST,6.4,9.7,1015.48,0,0,0,0,,
2022-12-01,21:15,8.9,7.2,89,ESE,6.4,6.4,1015.37,0,0,0,0,,
2022-12-01,21:30,8.8,7.2,89,ESE,6.4,9.7,1015.54,0,0,0,0,,
2022-12-01,21:45,8.6,6.7,89,ESE,4.8,6.4,1015.68,0,0,0,0,,
2022-12-01,22:00,8.3,6.7,90,ESE,4.8,6.4,1015.48,0,0,0,0,,
2022-12-01,22:15,8,6.1,90,EAST,4.8,6.4,1015.68,0,0,0,0,,
2022-12-01,22:30,8.1,6.7,91,ENE,4.8,8,1015.61,0,0,0,0,,
2022-12-01,22:45,8.3,6.7,91,ENE,3.2,9.7,1015.65,0,0,0,0,,
2022-12-01,23:00,8.1,6.7,91,EAST,4.8,8,1015.54,0,0,0,0,,
2022-12-01,23:15,8.1,6.7,91,EAST,6.4,9.7,1015.65,0,0,0,0,,
2022-12-01,23:30,8.1,6.7,91,ESE,6.4,11.3,1015.68,0,0,0,0,,
2022-12-01,23:45,8.1,6.7,92,EAST,4.8,11.3,1015.58,0,0,0,0,,
2022-12-01,OVR,,,,,,,,,,,,gustmax,16.1
2022-12-01,OVR,,,,,,,,,,,,rainrate_max,0
2022-12-01,OVR,,,,,,,,,,,,rain_total_mm,0
2022-12-01,OVR,,,,,,,,,,,,tmax,12.8
2022-12-01,OVR,,,,,,,,,,,,tmin,7.5
2022-12-01,OVR,,,,,,,,,,,,wind_dir_mean_deg,112.5
2022-12-02,00:00,8.3,6.7,91,EAST,9.7,12.9,1015.68,0,0,0,0,,
2022-12-02,00:15,8.4,6.7,91,EAST,9.7,16.1,1015.54,0,0,0,0,,
2022-12-02,00:30,8.4,6.7,91,EAST,8,14.5,1015.41,0,0,0,0,,
2022-12-02,00:45,8.6,6.7,91,EAST,8,12.9,1015.27,0,0,0,0,,
2022-12-02,01:00,8.6,6.7,90,EAST,8,14.5,1015.37,0,0,0,0,,
2022-12-02,01:15,8.8,7.2,90,EAST,11.3,14.5,1015.14,0,0,0,0,,
2022-12-02,01:30,8.8,7.2,89,ENE,11.3,16.1,1015.21,0,0,0,0,,
2022-12-02,01:45,8.9,7.2,89,EAST,9.7,12.9,1014.9,0,0,0,0,,
2022-12-02,02:00,8.9,7.2,88,EAST,4.8,12.9,1015.07,0,0,0,0,,
2022-12-02,02:15,9,7.2,88,EAST,6.4,11.3,1015.04,0,0,0,0,,
2022-12-02,02:30,9.2,7.2,88,EAST,11.3,14.5,1015.07,0,0,0,0,,
2022-12-02,02:45,9.3,7.2,87,EAST,11.3,16.1,1014.83,0,0,0,0,,
2022-12-02,03:00,9.3,7.2,87,ENE,11.3,14.5,1014.87,0,0,0,0,,
2022-12-02,03:15,9.3,7.2,87,EAST,8,16.1,1014.77,0,0,0,0,,
2022-12-02,03:30,9.3,7.2,86,ENE,8,16.1,1014.66,0,0,0,0,,
2022-12-02,03:45,9.3,7.2,86,ENE,9.7,16.1,1014.63,0,0,0,0,,
2022-12-02,04:00,9.4,7.2,86,ENE,12.9,16.1,1014.33,0,0,0,0,,
2022-12-02,04:15,9.3,6.7,86,ENE,8,12.9,1014.53,0,0,0,0,,
2022-12-02,04:30,9.3,7.2,87,EAST,9.7,16.1,1014.46,0,0,0,0,,
2022-12-02,04:45,9.2,7.2,87,EAST,4.8,14.5,1014.16,0,0,0,0,,
2022-12-02,05:00,9.2,7.2,87,ENE,6.4,14.5,1014.02,0,0,0,0,,
2022-12-02,05:15,9.3,7.2,87,EAST,9.7,17.7,1014.02,0,0,0,0,,
2022-12-02,05:30,9.3,7.2,87,EAST,12.9,16.1,1013.99,0,0,0,0,,
2022-12-02,05:45,9.3,7.2,88,EAST,12.9,14.5,1013.88,0,0,0,0,,
2022-12-02,06:00,9.5,7.2,87,EAST,11.3,16.1,1013.92,0,0,0,0,,
2022-12-02,06:15,9.4,7.2,87,EAST,6.4,14.5,1014.16,0,0,0,0,,
2022-12-02,06:30,9.6,7.2,87,ENE,11.3,16.1,1014.26,0,0,0,0,,
2022-12-02,06:45,9.5,7.2,87,EAST,12.9,14.5,1014.43,0,0,0,0,,
2022-12-02,07:00,9.4,7.2,88,EAST,11.3,14.5,1014.33,0,0,0,0,,
2022-12-02,07:15,9.4,7.2,88,EAST,8,14.5,1014.26,0,0,0,0,,
2022-12-02,07:30,9.4,7.2,88,EAST,14.5,17.7,1014.09,0,0,0,0,,
2022-12-02,07:45,9.4,7.2,88,EAST,11.3,17.7,1014.33,0,0,0,0,,
2022-12-02,08:00,9.3,7.2,88,EAST,11.3,16.1,1014.36,0,0,0,18,,
2022-12-02,08:15,9.6,7.8,88,EAST,12.9,17.7,1014.19,0,0,0,37,,
2022-12-02,08:30,9.8,7.8,88,EAST,9.7,16.1,1014.46,0,0,0,54,,
2022-12-02,08:45,9.9,7.8,88,EAST,14.5,17.7,1014.39,0,0,0,58,,
2022-12-02,09:00,10.1,7.8,87,EAST,11.3,17.7,1014.53,0,0,0,114,,
2022-12-02,09:15,10.6,8.3,86,EAST,11.3,17.7,1014.39,0,0,0,237,,
2022-12-02,09:30,11.1,8.3,84,ENE,11.3,17.7,1014.43,0,0,0,211,,
2022-12-02,09:45,11.3,8.3,83,ENE,12.9,20.9,1014.33,0,0,1,367,,
2022-12-02,10:00,11.6,8.3,83,EAST,14.5,20.9,1014.43,0,0,1,320,,
2022-12-02,10:15,12,8.9,82,EAST,6.4,17.7,1014.43,0,0,1,343,,
2022-12-02,10:30,12.3,8.9,81,EAST,6.4,19.3,1014.49,0,0,1,373,,
2022-12-02,10:45,12.8,8.9,79,ESE,16.1,20.9,1014.19,0,0,1,376,,
2022-12-02,11:00,13,9.4,79,EAST,6.4,19.3,1014.22,0,0,1,325,,
2022-12-02,11:15,13.2,9.4,79,EAST,11.3,17.7,1014.09,0,0,1,355,,
2022-12-02,11:30,13.2,9.4,78,EAST,14.5,16.1,1013.72,0,0,1,350,,
2022-12-02,11:45,13.4,9.4,79,EAST,8,19.3,1013.58,0,0,1,425,,
2022-12-02,12:00,13.6,9.4,78,EAST,14.5,20.9,1013.61,0,0,2,517,,
2022-12-02,12:15,13.6,9.4,78,ENE,14.5,19.3,1013.48,0,0,1,213,,
2022-12-02,12:30,13.7,10,79,EAST,9.7,19.3,1013.11,0,0,1,246,,
2022-12-02,12:45,13.9,10,78,NE,11.3,20.9,1012.84,0,0,1,190,,
2022-12-02,13:00,13.8,10,79,ENE,9.7,19.3,1012.43,0,0,1,232,,
2022-12-02,13:15,14,10,79,EAST,6.4,20.9,1012.43,0,0,1,281,,
2022-12-02,13:30,14.4,10.6,78,EAST,11.3,19.3,1012.06,0,0,1,329,,
2022-12-02,13:45,14.4,10,77,ENE,3.2,22.5,1011.75,0,0,1,218,,
2022-12-02,14:00,14.4,10.6,78,ENE,19.3,17.7,1011.51,0,0,1,172,,
2022-12-02,14:15,14.4,10.6,77,EAST,14.5,19.3,1011.38,0,0,0,141,,
2022-12-02,14:30,14.3,10.6,78,EAST,9.7,16.1,1011.28,0,0,0,130,,
2022-12-02,14:45,14.5,10.6,77,EAST,9.7,19.3,1011.28,0,0,0,79,,
2022-12-02,15:00,13.9,10.6,81,SSE,6.4,19.3,1011.24,0,0,0,100,,
2022-12-02,15:15,13.7,10,80,SSE,6.4,11.3,1011.51,0,0,0,123,,
2022-12-02,15:30,14.1,10,78,SE,8,12.9,1011.28,0,0,0,114,,
2022-12-02,15:45,13.9,10.6,80,SE,17.7,14.5,1011.45,0,0,0,107,,
2022-12-02,16:00,13.7,10.6,81,ESE,11.3,14.5,1011.41,0,0,0,54,,
2022-12-02,16:15,13.4,10,82,SE,6.4,17.7,1011.58,0,0,0,26,,
2022-12-02,16:30,13.4,10,82,ESE,6.4,14.5,1011.58,0,0,0,26,,
2022-12-02,16:45,13.1,10,83,SE,4.8,12.9,1011.41,0,0,0,9,,
2022-12-02,17:00,12.9,10,83,SE,4.8,8,1011.24,0,0,0,0,,
2022-12-02,17:15,12.8,10,84,ESE,9.7,12.9,1011.48,0,0,0,0,,
2022-12-02,17:30,12.7,10,84,EAST,4.8,14.5,1011.34,0,0,0,0,,
2022-12-02,17:45,12.6,9.4,84,EAST,3.2,14.5,1011.28,0,0,0,0,,
2022-12-02,18:00,12.3,9.4,83,ESE,6.4,14.5,1011.41,0,0,0,0,,
2022-12-02,18:15,12.2,9.4,84,EAST,6.4,12.9,1011.41,0,0,0,0,,
2022-12-02,18:30,11.9,9.4,84,ENE,8,12.9,1011.51,0,0,0,0,,
2022-12-02,18:45,11.8,8.9,84,ENE,6.4,14.5,1011.01,0,0,0,0,,
2022-12-02,19:00,11.8,9.4,85,ESE,14.5,29,1011.58,0,0,0,0,,
2022-12-02,19:15,11.9,9.4,84,ESE,14.5,22.5,1011.55,0,0,0,0,,
2022-12-02,19:30,11.9,9.4,84,EAST,4.8,17.7,1011.65,0,0,0,0,,
2022-12-02,19:45,11.8,8.9,84,ESE,4.8,17.7,1011.79,0,0,0,0,,
2022-12-02,20:00,11.6,8.9,85,EAST,6.4,16.1,1011.55,0,0,0,0,,
2022-12-02,20:15,11.4,8.9,85,EAST,6.4,19.3,1011.24,0,0,0,0,,
2022-12-02,20:30,11.4,8.9,86,ESE,12.9,17.7,1011.24,0,0,0,0,,
2022-12-02,20:45,11.3,8.9,86,EAST,14.5,17.7,1010.94,0,0,0,0,,
2022-12-02,21:00,11.3,8.9,86,ESE,11.3,19.3,1010.94,0,0,0,0,,
2022-12-02,21:15,11.2,8.9,86,EAST,6.4,19.3,1011.01,0,0,0,0,,
2022-12-02,21:30,10.8,8.3,86,EAST,6.4,14.5,1011.07,0,0,0,0,,
2022-12-02,21:45,10.7,8.3,87,EAST,4.8,12.9,1011.28,0,0,0,0,,
2022-12-02,22:00,10.8,8.9,87,EAST,4.8,14.5,1011.28,0,0,0,0,,
2022-12-02,22:15,10.8,8.3,87,EAST,4.8,12.9,1011.24,0,0,0,0,,
2022-12-02,22:30,10.7,8.3,88,ENE,12.9,16.1,1011.14,0,0,0,0,,
2022-12-02,22:45,10.3,8.3,88,ESE,3.2,11.3,1011.34,0,0,0,0,,
2022-12-02,23:00,10.4,8.3,89,EAST,4.8,12.9,1011.11,0,0,0,0,,
2022-12-02,23:15,10.8,8.9,88,EAST,9.7,19.3,1010.87,0,0,0,0,,
2022-12-02,23:30,11.2,8.9,86,EAST,9.7,16.1,1010.7,0,0,0,0,,
2022-12-02,23:45,11.4,8.9,84,ESE,17.7,22.5,1010.43,0,0,0,0,,
2022-12-02,OVR,,,,,,,,,,,,gustmax,19.3
2022-12-02,OVR,,,,,,,,,,,,rainrate_max,0
2022-12-02,OVR,,,,,,,,,,,,rain_total_mm,0
2022-12-02,OVR,,,,,,,,,,,,tmax,14.5
2022-12-02,OVR,,,,,,,,,,,,tmin,8.3
2022-12-02,OVR,,,,,,,,,,,,wind_dir_mean_deg,90
2022-12-03,00:00,11.6,8.3,83,ESE,9.7,19.3,1010.57,0,0,0,0,,
2022-12-03,00:15,11.5,8.3,83,ESE,11.3,16.1,1010.26,0,0,0,0,,
2022-12-03,00:30,11.6,8.9,83,ESE,14.5,19.3,1010.13,0,0,0,0,,
2022-12-03,00:45,11.9,8.9,82,ESE,16.1,22.5,1009.99,0,0,0,0,,
2022-12-03,01:00,11.9,8.3,81,ESE,20.9,22.5,1009.89,0,0,0,0,,
2022-12-03,01:15,11.9,8.3,81,ESE,19.3,20.9,1009.79,0,0,0,0,,
2022-12-03,01:30,12.1,8.9,80,ESE,11.3,20.9,1009.69,0,0,0,0,,
2022-12-03,01:45,12.3,8.9,79,ESE,25.7,22.5,1009.38,0,0,0,0,,
2022-12-03,02:00,12.8,8.9,78,ESE,19.3,29,1009.55,0,0,0,0,,
2022-12-03,02:15,13,8.9,78,ESE,25.7,38.6,1009.55,0,0,0,0,,
2022-12-03,02:30,13,8.9,77,ESE,20.9,33.8,1009.48,0,0,0,0,,
2022-12-03,02:45,12.9,8.9,78,ESE,17.7,32.2,1009.38,0,0,0,0,,
2022-12-03,03:00,12.8,8.9,78,ESE,22.5,29,1009.18,0,0,0,0,,
2022-12-03,03:15,12.7,8.9,79,ESE,19.3,27.4,1009.04,0,0,0,0,,
2022-12-03,03:30,12.6,8.9,80,SE,14.5,19.3,1009.14,0,0,0,0,,
2022-12-03,03:45,12.9,9.4,79,ESE,19.3,30.6,1008.91,0,0,0,0,,
2022-12-03,04:00,12.9,8.9,79,ESE,25.7,33.8,1008.77,0,0,0,0,,
2022-12-03,04:15,12.8,8.9,79,SE,16.1,29,1008.84,0,0,0,0,,
2022-12-03,04:30,12.4,8.9,80,ESE,8,19.3,1008.77,0,0,0,0,,
2022-12-03,04:45,12.5,8.9,80,ESE,12.9,20.9,1008.77,0,0,0,0,,
2022-12-03,05:00,12.3,8.9,81,ESE,17.7,20.9,1008.74,0,0,0,0,,
2022-12-03,05:15,12.2,8.9,81,ESE,9.7,20.9,1008.77,0,0,0,0,,
2022-12-03,05:30,12.4,8.9,81,ESE,9.7,22.5,1008.81,0,0,0,0,,
2022-12-03,05:45,12.4,8.9,80,ESE,11.3,20.9,1008.81,0,0,0,0,,
2022-12-03,06:00,12.4,8.9,80,ESE,12.9,22.5,1008.7,0,0,0,0,,
2022-12-03,06:15,12.3,8.9,80,EAST,16.1,20.9,1008.81,0,0,0,0,,
2022-12-03,06:30,12.2,8.9,80,EAST,9.7,17.7,1008.81,0,0,0,0,,
2022-12-03,06:45,12.3,8.9,80,ESE,9.7,20.9,1008.94,0,0,0,0,,
2022-12-03,07:00,12.3,8.9,80,EAST,9.7,20.9,1009.08,0,0,0,0,,
2022-12-03,07:15,12.3,8.9,80,EAST,14.5,20.9,1009.04,0,0,0,0,,
2022-12-03,07:30,12.2,8.9,80,ESE,9.7,17.7,1009.11,0,0,0,0,,
2022-12-03,07:45,12.1,8.3,80,EAST,19.3,19.3,1009.28,0,0,0,9,,
2022-12-03,08:00,12,8.3,81,EAST,9.7,17.7,1009.21,0,0,0,21,,
2022-12-03,08:15,12.4,8.9,80,SE,14.5,25.7,1009.18,0,0,0,40,,
2022-12-03,08:30,12.6,8.9,79,ESE,17.7,24.1,1009.21,0,0,0,49,,
2022-12-03,08:45,12.5,8.9,79,EAST,14.5,22.5,1009.38,0,0,0,47,,
2022-12-03,09:00,12.4,8.9,79,EAST,11.3,19.3,1009.72,0,0,0,47,,
2022-12-03,09:15,12.3,8.9,81,ENE,9.7,16.1,1009.72,0,0,0,109,,
2022-12-03,09:30,12.3,8.9,82,NE,6.4,12.9,1009.65,0,0,0,105,,
2022-12-03,09:45,12.6,9.4,81,EAST,9.7,14.5,1009.79,0,0,0,97,,
2022-12-03,10:00,12.8,9.4,81,EAST,16.1,12.9,1009.69,0,0,0,174,,
2022-12-03,10:15,13,9.4,81,ENE,12.9,17.7,1009.48,0,0,0,125,,
2022-12-03,10:30,13.2,10,81,EAST,8,19.3,1009.48,0,0,0,146,,
2022-12-03,10:45,13.6,10,79,EAST,6.4,19.3,1009.62,0,0,0,123,,
2022-12-03,11:00,14,10,78,EAST,6.4,16.1,1009.58,0,0,1,220,,
2022-12-03,11:15,14.6,10.6,77,EAST,9.7,16.1,1009.14,0,0,1,482,,
2022-12-03,11:30,14.8,10,75,ESE,9.7,19.3,1009.08,0,0,1,271,,
2022-12-03,11:45,15.2,10.6,75,SE,14.5,22.5,1008.91,0,0,2,520,,
2022-12-03,12:00,15.4,10.6,73,ESE,19.3,30.6,1008.77,0,0,1,227,,
2022-12-03,12:15,15.6,11.1,75,ESE,20.9,30.6,1008.4,0,0,2,603,,
2022-12-03,12:30,15.7,11.1,75,ESE,14.5,29,1008.3,0,0,1,374,,
2022-12-03,12:45,15.9,11.1,75,SE,24.1,27.4,1008.09,0,0,2,520,,
2022-12-03,13:00,16.2,11.7,74,ESE,24.1,24.1,1007.92,0,0,1,461,,
2022-12-03,13:15,16.1,11.1,73,ESE,19.3,25.7,1007.62,0,0,1,480,,
2022-12-03,13:30,16.2,11.1,72,SE,4.8,22.5,1007.48,0,0,1,443,,
2022-12-03,13:45,16.5,10.6,70,ESE,12.9,22.5,1007.48,0,0,1,427,,
2022-12-03,14:00,16.3,10,68,ESE,16.1,25.7,1007.42,0,0,1,141,,
2022-12-03,14:15,15.9,10.6,70,ESE,11.3,20.9,1007.04,0,0,1,195,,
2022-12-03,14:30,16.4,11.1,70,EAST,11.3,20.9,1007.21,0,0,1,239,,
2022-12-03,14:45,16.4,10.6,69,SE,4.8,24.1,1007.18,0,0,1,206,,
2022-12-03,15:00,15.9,10.6,71,SSE,4.8,20.9,1007.11,0,0,0,204,,
2022-12-03,15:15,16.3,10.6,70,SE,24.1,22.5,1006.67,0,0,0,244,,
2022-12-03,15:30,16.1,10.6,71,SE,11.3,24.1,1006.81,0,0,0,285,,
2022-12-03,15:45,16.1,11.1,72,SE,8,19.3,1007.15,0,0,0,236,,
2022-12-03,16:00,16.1,10.6,72,SE,9.7,19.3,1007.04,0,0,0,165,,
2022-12-03,16:15,15.8,10,69,SE,11.3,19.3,1006.94,0,0,0,135,,
2022-12-03,16:30,15.7,10,71,ESE,9.7,14.5,1006.71,0,0,0,63,,
2022-12-03,16:45,15.2,10,71,SE,3.2,12.9,1007.01,0,0,0,30,,
2022-12-03,17:00,14.8,10,74,SE,6.4,11.3,1007.21,0,0,0,0,,
2022-12-03,17:15,14.5,10,76,SE,3.2,11.3,1007.62,0,0,0,0,,
2022-12-03,17:30,14.2,10,78,SE,4.8,8,1007.79,0,0,0,0,,
2022-12-03,17:45,13.9,10,79,SE,3.2,6.4,1007.72,0,0,0,0,,
2022-12-03,18:00,13.9,10,79,SE,4.8,8,1007.69,0,0,0,0,,
2022-12-03,18:15,13.6,10,81,SE,6.4,8,1007.92,0,0,0,0,,
2022-12-03,18:30,13.2,10,82,WEST,3.2,11.3,1007.82,0,0,0,0,,
2022-12-03,18:45,12.3,9.4,85,NORTH,0,3.2,1007.79,0,0,0,0,,
2022-12-03,19:00,12.1,9.4,85,SSE,4.8,4.8,1008.13,0,0,0,0,,
2022-12-03,19:15,12.2,9.4,83,SSE,1.6,6.4,1008.2,0,0,0,0,,
2022-12-03,19:30,12.2,9.4,84,EAST,6.4,11.3,1008.64,0,0,0,0,,
2022-12-03,19:45,12.3,9.4,85,ESE,4.8,9.7,1008.94,0,0,0,0,,
2022-12-03,20:00,12.4,10,85,ESE,6.4,6.4,1009.28,0,0,0,0,,
2022-12-03,20:15,12.4,9.4,83,ESE,6.4,12.9,1009.52,0,0,0,0,,
2022-12-03,20:30,12.8,9.4,80,ESE,9.7,11.3,1009.52,0,0,0,0,,
2022-12-03,20:45,12.6,8.9,79,ESE,11.3,11.3,1009.69,0,0,0,0,,
2022-12-03,21:00,11.8,8.3,82,ESE,6.4,9.7,1009.75,0,0,0,0,,
2022-12-03,21:15,11.9,8.9,82,ESE,9.7,12.9,1009.99,0,0,0,0,,
2022-12-03,21:30,11.9,8.9,81,EAST,11.3,12.9,1010.06,0,0,0,0,,
2022-12-03,21:45,11.9,8.3,81,ESE,6.4,12.9,1010.33,0,0,0,0,,
2022-12-03,22:00,11.6,8.3,82,ESE,11.3,12.9,1010.33,0,0,0,0,,
2022-12-03,22:15,11.4,8.3,82,ESE,9.7,12.9,1010.36,0,0,0,0,,
2022-12-03,22:30,11.6,8.3,82,ESE,9.7,14.5,1010.4,0,0,0,0,,
2022-12-03,22:45,12,8.9,83,ESE,12.9,16.1,1010.57,0,0,0,0,,
2022-12-03,23:00,12.1,9.4,84,SE,4.8,16.1,1010.33,0,0,0,0,,
2022-12-03,23:15,11.9,9.4,86,ESE,11.3,14.5,1010.33,0,0,0,0,,
2022-12-03,23:30,11.8,9.4,87,ESE,4.8,16.1,1010.4,0,0,0,0,,
2022-12-03,23:45,11.6,9.4,88,ESE,14.5,17.7,1010.43,0,0,0,0,,
2022-12-03,OVR,,,,,,,,,,,,gustmax,25.7
2022-12-03,OVR,,,,,,,,,,,,rainrate_max,0
2022-12-03,OVR,,,,,,,,,,,,rain_total_mm,0
2022-12-03,OVR,,,,,,,,,,,,tmax,16.8
2022-12-03,OVR,,,,,,,,,,,,tmin,11.4
2022-12-03,OVR,,,,,,,,,,,,wind_dir_mean_deg,112.5
2022-12-04,00:00,11.5,9.4,89,ESE,11.3,17.7,1010.33,0,0,0,0,,
2022-12-04,00:15,11.7,9.4,89,SE,14.5,25.7,1010.33,0,0,0,0,,
2022-12-04,00:30,11.3,9.4,89,SE,12.9,19.3,1010.53,0,0,0,0,,
2022-12-04,00:45,11.1,8.9,89,ESE,11.3,19.3,1010.57,0,0,0,0,,
2022-12-04,01:00,11.2,8.9,88,SE,14.5,17.7,1010.57,0,0,0,0,,
2022-12-04,01:15,11.3,8.9,88,ESE,9.7,20.9,1010.7,0,0,0,0,,
2022-12-04,01:30,11.3,9.4,89,SE,19.3,24.1,1010.77,0,0,0,0,,
2022-12-04,01:45,11.4,9.4,89,ESE,12.9,20.9,1010.74,0,0,0,0,,
2022-12-04,02:00,11.6,10,90,ENE,6.4,19.3,1011.18,0,0,0,0,,
2022-12-04,02:15,10.9,8.9,90,SW,3.2,11.3,1011.65,0.51,0.51,0,0,,
2022-12-04,02:30,10.5,8.9,90,SW,1.6,8,1011.65,0.76,0.76,0,0,,
2022-12-04,02:45,10.4,8.9,90,NORTH,0,3.2,1011.45,0.76,0.76,0,0,,
2022-12-04,03:00,9.9,8.3,90,WNW,3.2,4.8,1011.58,1.02,1.02,0,0,,
2022-12-04,03:15,9.8,8.3,91,SOUTH,1.6,4.8,1011.68,1.02,0.51,0,0,,
2022-12-04,03:30,9.8,8.3,91,SSE,3.2,6.4,1011.65,1.02,0.25,0,0,,
2022-12-04,03:45,10,8.3,91,EAST,4.8,6.4,1011.72,1.02,0,0,0,,
2022-12-04,04:00,10.1,8.3,91,EAST,11.3,14.5,1011.72,1.02,0,0,0,,
2022-12-04,04:15,10.4,8.9,91,ESE,4.8,14.5,1011.58,1.02,0,0,0,,
2022-12-04,04:30,10.4,8.9,92,EAST,3.2,9.7,1011.72,1.02,0,0,0,,
2022-12-04,04:45,10.4,8.9,91,ESE,3.2,6.4,1011.75,1.02,0,0,0,,
2022-12-04,05:00,10.6,8.9,91,EAST,4.8,6.4,1011.82,1.02,0,0,0,,
2022-12-04,05:15,10.4,8.9,91,ESE,6.4,12.9,1011.75,1.02,0,0,0,,
2022-12-04,05:30,10.6,8.9,90,ESE,6.4,12.9,1011.92,1.02,0,0,0,,
2022-12-04,05:45,10.4,8.9,90,ESE,4.8,9.7,1011.99,1.02,0,0,0,,
2022-12-04,06:00,10.6,8.9,89,ESE,11.3,14.5,1011.92,1.02,0,0,0,,
2022-12-04,06:15,10.6,8.3,88,ESE,9.7,17.7,1012.06,1.02,0,0,0,,
2022-12-04,06:30,10.8,8.9,89,ESE,6.4,14.5,1012.26,1.02,0,0,0,,
2022-12-04,06:45,11,8.9,89,ESE,11.3,16.1,1012.63,1.02,0,0,0,,
2022-12-04,07:00,11.4,9.4,90,ESE,11.3,11.3,1012.94,1.02,0,0,0,,
2022-12-04,07:15,11.6,10,90,ESE,11.3,12.9,1013.04,1.02,0,0,0,,
2022-12-04,07:30,11.6,10,90,SE,8,17.7,1013.24,1.02,0,0,11,,
2022-12-04,07:45,11.7,10,90,ESE,8,12.9,1013.38,1.27,0.25,0,18,,
2022-12-04,08:00,11.7,10,91,ESE,4.8,9.7,1013.38,1.27,0.25,0,104,,
2022-12-04,08:15,12.1,10.6,90,ESE,4.8,12.9,1013.41,1.27,0.25,0,111,,
2022-12-04,08:30,12.2,10.6,90,SE,8,14.5,1013.31,1.27,0.25,0,54,,
2022-12-04,08:45,12.4,10.6,89,SSE,6.4,16.1,1013.85,1.27,0,0,40,,
2022-12-04,09:00,11.9,10,90,WSW,1.6,4.8,1014.05,1.27,0,0,65,,
2022-12-04,09:15,11.9,10.6,91,SE,6.4,4.8,1014.16,1.27,0,0,62,,
2022-12-04,09:30,12,10.6,91,SE,8,19.3,1014.29,1.27,0,0,56,,
2022-12-04,09:45,12.1,10.6,91,SE,8,16.1,1014.29,1.27,0,0,58,,
2022-12-04,10:00,12.4,10.6,90,ESE,12.9,14.5,1014.53,1.27,0,0,213,,
2022-12-04,10:15,13.1,11.1,89,ESE,4.8,16.1,1014.66,1.27,0,1,406,,
2022-12-04,10:30,13.8,11.1,86,ESE,8,20.9,1014.7,1.27,0,1,552,,
2022-12-04,10:45,13.6,11.1,85,SE,9.7,20.9,1014.87,1.27,0,1,181,,
2022-12-04,11:00,13.9,11.7,87,SE,12.9,17.7,1014.83,1.27,0,1,462,,
2022-12-04,11:15,14.1,11.7,85,SE,6.4,14.5,1014.97,1.27,0,1,128,,
2022-12-04,11:30,14.6,12.2,86,SE,11.3,17.7,1014.9,1.27,0,1,221,,
2022-12-04,11:45,14.4,11.7,85,SSE,6.4,17.7,1015.14,1.27,0,2,675,,
2022-12-04,12:00,14.6,11.1,81,SSE,11.3,14.5,1014.93,1.27,0,1,272,,
2022-12-04,12:15,15.1,11.1,78,SSE,3.2,8,1014.9,1.27,0,2,599,,
2022-12-04,12:30,15.1,10.6,74,SOUTH,3.2,16.1,1014.8,1.27,0,2,534,,
2022-12-04,12:45,15.2,10.6,75,SOUTH,3.2,14.5,1014.7,1.27,0,2,499,,
2022-12-04,13:00,15.5,10.6,74,SSW,1.6,19.3,1014.7,1.27,0,2,471,,
2022-12-04,13:15,15.4,10.6,74,WSW,8,14.5,1014.56,1.27,0,2,471,,
2022-12-04,13:30,15.7,11.1,75,SW,3.2,11.3,1014.56,1.27,0,1,490,,
2022-12-04,13:45,15.8,11.1,74,SSE,1.6,11.3,1014.49,1.27,0,1,485,,
2022-12-04,14:00,15.7,10,69,SSE,9.7,16.1,1014.7,1.27,0,1,207,,
2022-12-04,14:15,15.8,10,69,SSW,1.6,14.5,1014.6,1.27,0,1,376,,
2022-12-04,14:30,15.8,10,69,ENE,6.4,12.9,1014.49,1.27,0,1,336,,
2022-12-04,14:45,15.8,10.6,71,SW,1.6,9.7,1014.73,1.27,0,1,213,,
2022-12-04,15:00,15.7,10,71,NORTH,0,6.4,1014.97,1.27,0,1,163,,
2022-12-04,15:15,15.3,10,72,NORTH,0,3.2,1014.97,1.27,0,0,60,,
2022-12-04,15:30,15.4,10.6,75,NORTH,0,1.6,1015.04,1.27,0,0,190,,
2022-12-04,15:45,15.1,10.6,74,NORTH,0,3.2,1015.17,1.27,0,0,128,,
2022-12-04,16:00,15.2,10,73,SSW,3.2,3.2,1015.34,1.27,0,0,116,,
2022-12-04,16:15,15.1,10.6,74,NORTH,0,8,1015.34,1.27,0,0,90,,
2022-12-04,16:30,15.4,10.6,73,NORTH,0,6.4,1015.51,1.27,0,0,39,,
2022-12-04,16:45,14.1,10,77,SOUTH,1.6,3.2,1015.41,1.27,0,0,14,,
2022-12-04,17:00,13.9,10,78,ESE,4.8,9.7,1015.61,1.27,0,0,0,,
2022-12-04,17:15,13.7,9.4,78,SE,6.4,8,1015.51,1.27,0,0,0,,
2022-12-04,17:30,13.6,9.4,78,SE,8,16.1,1015.78,1.27,0,0,0,,
2022-12-04,17:45,13.5,10,79,SE,4.8,11.3,1015.95,1.27,0,0,0,,
2022-12-04,18:00,13.1,9.4,80,SE,3.2,8,1016.19,1.27,0,0,0,,
2022-12-04,18:15,12.9,9.4,81,SE,4.8,8,1016.59,1.27,0,0,0,,
2022-12-04,18:30,13,9.4,81,SE,4.8,8,1016.56,1.27,0,0,0,,
2022-12-04,18:45,12.6,9.4,82,ESE,6.4,11.3,1016.76,1.27,0,0,0,,
2022-12-04,19:00,12.6,9.4,82,SE,8,12.9,1016.76,1.27,0,0,0,,
2022-12-04,19:15,12.8,10,83,SE,6.4,14.5,1016.86,1.27,0,0,0,,
2022-12-04,19:30,12.7,9.4,82,ESE,9.7,11.3,1016.97,1.27,0,0,0,,
2022-12-04,19:45,12.8,10,83,ESE,12.9,12.9,1017.14,1.27,0,0,0,,
2022-12-04,20:00,12.8,10,83,SE,14.5,16.1,1017.03,1.27,0,0,0,,
2022-12-04,20:15,12.9,10,84,ESE,12.9,17.7,1017.41,1.27,0,0,0,,
2022-12-04,20:30,12.6,10,84,ESE,12.9,17.7,1017.58,1.27,0,0,0,,
2022-12-04,20:45,12.4,10,86,ESE,11.3,17.7,1017.64,1.27,0,0,0,,
2022-12-04,21:00,12.3,10,86,ESE,9.7,16.1,1017.75,1.27,0,0,0,,
2022-12-04,21:15,12.4,10,86,ESE,11.3,16.1,1017.95,1.27,0,0,0,,
2022-12-04,21:30,12.4,10,86,ESE,11.3,17.7,1017.88,1.27,0,0,0,,
2022-12-04,21:45,12.4,10,86,ESE,14.5,20.9,1018.12,1.27,0,0,0,,
2022-12-04,22:00,12.6,10,86,SE,8,19.3,1018.22,1.27,0,0,0,,
2022-12-04,22:15,12.4,10,87,ESE,12.9,17.7,1018.35,1.27,0,0,0,,
2022-12-04,22:30,12.3,10,87,SE,14.5,19.3,1018.22,1.27,0,0,0,,
2022-12-04,22:45,12.3,10,87,EAST,16.1,20.9,1018.46,1.27,0,0,0,,
2022-12-04,23:00,12.1,10,87,ESE,17.7,17.7,1018.59,1.27,0,0,0,,
2022-12-04,23:15,12.2,10,87,ESE,11.3,19.3,1018.76,1.27,0,0,0,,
2022-12-04,23:30,12.1,10,88,ESE,11.3,17.7,1018.56,1.27,0,0,0,,
2022-12-04,23:45,12.1,10,88,ESE,9.7,17.7,1018.83,1.27,0,0,0,,
2022-12-04,OVR,,,,,,,,,,,,gustmax,19.3
2022-12-04,OVR,,,,,,,,,,,,rainrate_max,3.4
2022-12-04,OVR,,,,,,,,,,,,rain_total_mm,1.2
2022-12-04,OVR,,,,,,,,,,,,tmax,16.1
2022-12-04,OVR,,,,,,,,,,,,tmin,9.7
2022-12-04,OVR,,,,,,,,,,,,wind_dir_mean_deg,135
2022-12-05,00:00,11.9,10,88,ESE,12.9,17.7,1018.49,0,0,0,0,,
2022-12-05,00:15,11.8,9.4,87,ESE,14.5,14.5,1018.46,0,0,0,0,,
2022-12-05,00:30,11.5,9.4,87,ESE,9.7,16.1,1018.32,0,0,0,0,,
2022-12-05,00:45,12.1,10,87,ESE,12.9,22.5,1018.22,0,0,0,0,,
2022-12-05,01:00,12.3,10,88,ESE,14.5,19.3,1018.25,0,0,0,0,,
2022-12-05,01:15,12.4,10.6,88,ESE,14.5,20.9,1018.32,0,0,0,0,,
2022-12-05,01:30,12.3,10.6,89,ESE,14.5,20.9,1018.29,0,0,0,0,,
2022-12-05,01:45,12.3,10.6,90,ESE,14.5,22.5,1018.32,0,0,0,0,,
2022-12-05,02:00,12.4,10.6,90,SE,11.3,24.1,1018.22,0,0,0,0,,
2022-12-05,02:15,12.4,10.6,90,ESE,16.1,24.1,1018.39,0,0,0,0,,
2022-12-05,02:30,12.4,10.6,90,SE,17.7,22.5,1018.39,0,0,0,0,,
2022-12-05,02:45,12.4,10.6,90,ESE,12.9,22.5,1018.49,0,0,0,0,,
2022-12-05,03:00,12.4,10.6,90,ESE,16.1,22.5,1018.52,0,0,0,0,,
2022-12-05,03:15,12.4,10.6,90,ESE,17.7,22.5,1018.39,0,0,0,0,,
2022-12-05,03:30,12.4,10.6,91,ESE,14.5,24.1,1018.49,0,0,0,0,,
2022-12-05,03:45,12.1,10.6,91,ESE,12.9,19.3,1018.56,0,0,0,0,,
2022-12-05,04:00,12.2,10.6,91,SE,17.7,20.9,1018.52,0,0,0,0,,
2022-12-05,04:15,12.2,10.6,91,ESE,16.1,24.1,1018.42,0,0,0,0,,
2022-12-05,04:30,12.3,10.6,91,ESE,14.5,24.1,1018.35,0,0,0,0,,
2022-12-05,04:45,12.4,11.1,91,SE,17.7,24.1,1018.46,0,0,0,0,,
2022-12-05,05:00,12.5,11.1,91,ESE,14.5,25.7,1018.29,0,0,0,0,,
2022-12-05,05:15,12.4,11.1,91,ESE,12.9,22.5,1018.42,0,0,0,0,,
2022-12-05,05:30,12.4,10.6,91,ESE,14.5,20.9,1018.52,0,0,0,0,,
2022-12-05,05:45,11.9,10,89,ESE,9.7,14.5,1018.56,0,0,0,0,,
2022-12-05,06:00,11.3,9.4,89,ESE,4.8,12.9,1018.59,0,0,0,0,,
2022-12-05,06:15,11.2,9.4,89,EAST,6.4,12.9,1018.73,0,0,0,0,,
2022-12-05,06:30,11.3,9.4,88,ESE,11.3,16.1,1018.93,0,0,0,0,,
2022-12-05,06:45,11.3,8.9,88,EAST,9.7,16.1,1018.96,0,0,0,0,,
2022-12-05,07:00,11.7,9.4,87,ESE,12.9,16.1,1018.93,0,0,0,0,,
2022-12-05,07:15,11.8,9.4,85,ESE,9.7,17.7,1018.93,0,0,0,0,,
2022-12-05,07:30,12.1,9.4,84,ESE,6.4,14.5,1019.03,0,0,0,0,,
2022-12-05,07:45,11.8,8.9,84,ESE,3.2,11.3,1019.34,0,0,0,18,,
2022-12-05,08:00,12.1,8.9,83,ESE,12.9,16.1,1019.17,0,0,0,35,,
2022-12-05,08:15,12.2,8.9,81,EAST,8,12.9,1019.47,0,0,0,77,,
2022-12-05,08:30,11.7,8.3,82,ESE,6.4,12.9,1019.54,0,0,0,74,,
2022-12-05,08:45,11.6,8.3,82,ESE,12.9,12.9,1019.64,0,0,0,137,,
2022-12-05,09:00,12.1,8.9,80,ESE,11.3,12.9,1019.88,0,0,0,176,,
2022-12-05,09:15,12.9,8.9,78,ESE,6.4,16.1,1019.88,0,0,0,216,,
2022-12-05,09:30,13.3,8.9,76,SE,4.8,12.9,1020.08,0,0,0,158,,
2022-12-05,09:45,13.9,9.4,74,ESE,11.3,14.5,1020.29,0,0,1,172,,
2022-12-05,10:00,14.4,10,74,ESE,4.8,16.1,1020.32,0,0,1,174,,
2022-12-05,10:15,14.6,10,75,ESE,4.8,12.9,1020.39,0,0,1,202,,
2022-12-05,10:30,14.7,10.6,76,ESE,3.2,14.5,1020.62,0,0,1,295,,
2022-12-05,10:45,15.1,10,74,EAST,9.7,14.5,1020.39,0,0,1,241,,
2022-12-05,11:00,15.1,10,73,EAST,4.8,12.9,1020.35,0,0,1,350,,
2022-12-05,11:15,15.9,10,68,ESE,16.1,16.1,1019.98,0,0,1,434,,
2022-12-05,11:30,16.1,10,68,EAST,9.7,24.1,1019.98,0,0,1,411,,
2022-12-05,11:45,15.8,9.4,66,EAST,6.4,14.5,1019.57,0,0,1,341,,
2022-12-05,12:00,15.9,9.4,67,ESE,4.8,14.5,1019.4,0,0,1,380,,
2022-12-05,12:15,16.3,9.4,65,EAST,12.9,16.1,1019.37,0,0,2,357,,
2022-12-05,12:30,16.8,10,64,EAST,9.7,14.5,1019.13,0,0,2,483,,
2022-12-05,12:45,17.2,10,63,EAST,9.7,16.1,1019.03,0,0,2,476,,
2022-12-05,13:00,17.4,9.4,59,EAST,9.7,16.1,1018.66,0,0,2,466,,
2022-12-05,13:15,17.8,9.4,59,ENE,12.9,19.3,1018.56,0,0,2,464,,
2022-12-05,13:30,18.1,9.4,58,EAST,14.5,20.9,1018.46,0,0,1,353,,
2022-12-05,13:45,18.2,8.9,55,SE,20.9,24.1,1018.32,0,0,1,299,,
2022-12-05,14:00,18.4,7.8,51,ESE,16.1,22.5,1018.22,0,0,1,432,,
2022-12-05,14:15,18.7,8.9,53,ESE,9.7,20.9,1018.08,0,0,1,406,,
2022-12-05,14:30,18.6,8.3,52,SE,16.1,19.3,1017.85,0,0,1,345,,
2022-12-05,14:45,18.4,8.3,52,SE,14.5,22.5,1017.81,0,0,1,302,,
2022-12-05,15:00,18.3,9.4,56,ESE,12.9,20.9,1017.68,0,0,1,264,,
2022-12-05,15:15,17.9,10,60,SE,8,22.5,1017.68,0,0,0,221,,
2022-12-05,15:30,17.7,10,61,ESE,14.5,20.9,1017.71,0,0,0,176,,
2022-12-05,15:45,17.4,10,63,SE,14.5,22.5,1017.91,0,0,0,130,,
2022-12-05,16:00,17.1,10,63,SE,16.1,22.5,1017.81,0,0,0,83,,
2022-12-05,16:15,16.7,9.4,62,SE,16.1,22.5,1017.91,0,0,0,46,,
2022-12-05,16:30,16.2,9.4,64,ESE,16.1,19.3,1017.91,0,0,0,14,,
2022-12-05,16:45,15.9,9.4,66,ESE,14.5,19.3,1017.91,0,0,0,9,,
2022-12-05,17:00,15.6,8.9,66,ESE,14.5,19.3,1017.95,0,0,0,0,,
2022-12-05,17:15,15.4,8.9,65,ESE,17.7,22.5,1017.68,0,0,0,0,,
2022-12-05,17:30,15.4,8.9,66,ESE,19.3,24.1,1017.78,0,0,0,0,,
2022-12-05,17:45,15.3,8.9,65,ESE,24.1,22.5,1017.75,0,0,0,0,,
2022-12-05,18:00,15.1,8.9,68,SE,14.5,20.9,1017.78,0,0,0,0,,
2022-12-05,18:15,14.9,10,72,ESE,14.5,19.3,1017.61,0,0,0,0,,
2022-12-05,18:30,14.6,10.6,78,SE,14.5,22.5,1017.71,0,0,0,0,,
2022-12-05,18:45,14.7,10,75,SE,16.1,22.5,1017.91,0,0,0,0,,
2022-12-05,19:00,14.7,10,74,SE,14.5,24.1,1017.78,0,0,0,0,,
2022-12-05,19:15,14.6,11.1,80,SE,17.7,24.1,1017.71,0,0,0,0,,
2022-12-05,19:30,14.3,10,77,ESE,16.1,24.1,1017.81,0,0,0,0,,
2022-12-05,19:45,14.4,10,77,SE,14.5,24.1,1017.88,0,0,0,0,,
2022-12-05,20:00,14.2,10.6,78,ESE,17.7,20.9,1017.88,0,0,0,0,,
2022-12-05,20:15,14.2,10.6,78,SE,17.7,24.1,1017.64,0,0,0,0,,
2022-12-05,20:30,14.2,10.6,79,SE,17.7,22.5,1017.58,0,0,0,0,,
2022-12-05,20:45,14.2,11.1,82,SE,14.5,22.5,1017.75,0,0,0,0,,
2022-12-05,21:00,14,11.7,85,SE,16.1,25.7,1017.75,0,0,0,0,,
2022-12-05,21:15,13.9,11.7,87,SE,16.1,22.5,1017.78,0,0,0,0,,
2022-12-05,21:30,14,9.4,76,ESE,17.7,24.1,1017.58,0,0,0,0,,
2022-12-05,21:45,14.8,8.9,69,SE,16.1,24.1,1017.37,0,0,0,0,,
2022-12-05,22:00,14.7,10.6,77,ESE,14.5,24.1,1017.51,0,0,0,0,,
2022-12-05,22:15,14.4,11.1,82,ESE,14.5,22.5,1017.51,0,0,0,0,,
2022-12-05,22:30,13.9,11.1,83,ESE,11.3,17.7,1017.54,0,0,0,0,,
2022-12-05,22:45,13.8,9.4,77,ESE,6.4,11.3,1017.51,0,0,0,0,,
2022-12-05,23:00,14.2,8.3,69,ESE,6.4,11.3,1017.27,0,0,0,0,,
2022-12-05,23:15,14,7.8,68,ESE,6.4,9.7,1017.27,0,0,0,0,,
2022-12-05,23:30,13.4,9.4,77,ESE,6.4,11.3,1017.17,0,0,0,0,,
2022-12-05,23:45,12.4,9.4,83,ESE,6.4,12.9,1017.17,0,0,0,0,,
2022-12-05,OVR,,,,,,,,,,,,gustmax,24.1
2022-12-05,OVR,,,,,,,,,,,,rainrate_max,0
2022-12-05,OVR,,,,,,,,,,,,rain_total_mm,0
2022-12-05,OVR,,,,,,,,,,,,tmax,18.8
2022-12-05,OVR,,,,,,,,,,,,tmin,11.2
2022-12-05,OVR,,,,,,,,,,,,wind_dir_mean_deg,112.5
2022-12-06,00:00,12.3,8.9,81,ESE,6.4,12.9,1017,0,0,0,0,,
2022-12-06,00:15,12.7,7.8,73,ESE,9.7,14.5,1016.86,0,0,0,0,,
2022-12-06,00:30,13.3,6.7,66,ESE,6.4,11.3,1016.8,0,0,0,0,,
2022-12-06,00:45,14.1,6.1,59,ESE,11.3,14.5,1016.49,0,0,0,0,,
2022-12-06,01:00,13.8,6.7,63,ESE,14.5,20.9,1016.46,0,0,0,0,,
2022-12-06,01:15,13.7,8.9,74,SE,12.9,24.1,1015.95,0,0,0,0,,
2022-12-06,01:30,13.3,8.9,76,SE,16.1,22.5,1015.82,0,0,0,0,,
2022-12-06,01:45,13.5,10,79,SE,17.7,22.5,1015.58,0,0,0,0,,
2022-12-06,02:00,13.4,10.6,84,SE,16.1,27.4,1015.58,0,0,0,0,,
2022-12-06,02:15,13.3,11.1,86,SE,12.9,19.3,1015.68,0,0,0,0,,
2022-12-06,02:30,12.9,10.6,85,SE,12.9,19.3,1015.51,0,0,0,0,,
2022-12-06,02:45,13,10,82,ESE,11.3,19.3,1015.41,0,0,0,0,,
2022-12-06,03:00,12.8,10,83,ESE,8,17.7,1015.31,0,0,0,0,,
2022-12-06,03:15,11.9,8.9,82,ESE,4.8,11.3,1015.31,0,0,0,0,,
2022-12-06,03:30,11.2,7.8,81,ESE,3.2,6.4,1015.21,0,0,0,0,,
2022-12-06,03:45,10.8,7.2,81,EAST,1.6,4.8,1014.97,0,0,0,0,,
2022-12-06,04:00,10.5,6.7,78,EAST,4.8,6.4,1014.87,0,0,0,0,,
2022-12-06,04:15,10.6,6.1,75,EAST,4.8,6.4,1014.83,0,0,0,0,,
2022-12-06,04:30,10.3,5.6,74,EAST,4.8,11.3,1014.43,0,0,0,0,,
2022-12-06,04:45,10.6,5.6,73,EAST,3.2,4.8,1014.29,0,0,0,0,,
2022-12-06,05:00,11.3,5.6,69,EAST,6.4,12.9,1014.16,0,0,0,0,,
2022-12-06,05:15,10.9,5.6,70,ESE,11.3,16.1,1013.92,0,0,0,0,,
2022-12-06,05:30,11.1,5.6,69,ESE,9.7,14.5,1013.99,0,0,0,0,,
2022-12-06,05:45,11.1,5.6,68,EAST,12.9,12.9,1013.82,0,0,0,0,,
2022-12-06,06:00,11,5,68,ESE,6.4,11.3,1013.95,0,0,0,0,,
2022-12-06,06:15,10.7,5,68,ESE,6.4,12.9,1014.05,0,0,0,0,,
2022-12-06,06:30,10.8,5,67,ESE,9.7,12.9,1014.16,0,0,0,0,,
2022-12-06,06:45,10.8,4.4,67,ESE,11.3,12.9,1013.88,0,0,0,0,,
2022-12-06,07:00,10.7,4.4,67,ESE,11.3,16.1,1013.88,0,0,0,0,,
2022-12-06,07:15,10.9,4.4,66,ESE,4.8,17.7,1013.65,0,0,0,0,,
2022-12-06,07:30,11.2,4.4,65,SE,6.4,16.1,1013.92,0,0,0,0,,
2022-12-06,07:45,11.4,5,65,ESE,11.3,12.9,1013.92,0,0,0,11,,
2022-12-06,08:00,11.6,5,65,ESE,4.8,12.9,1014.12,0,0,0,30,,
2022-12-06,08:15,12.1,5,63,EAST,9.7,14.5,1014.22,0,0,0,74,,
2022-12-06,08:30,11.8,5,65,ESE,4.8,11.3,1014.02,0,0,0,113,,
2022-12-06,08:45,11.8,5.6,66,NORTH,0,3.2,1014.09,0,0,0,158,,
2022-12-06,09:00,12.4,5.6,64,EAST,1.6,4.8,1013.99,0,0,0,213,,
2022-12-06,09:15,12.4,5.6,64,EAST,6.4,12.9,1013.99,0,0,0,104,,
2022-12-06,09:30,13.1,5.6,61,EAST,4.8,12.9,1014.16,0,0,1,271,,
2022-12-06,09:45,14.2,5.6,58,ESE,11.3,12.9,1013.95,0,0,1,316,,
2022-12-06,10:00,14.6,6.1,57,EAST,4.8,12.9,1014.09,0,0,1,350,,
2022-12-06,10:15,15.1,6.1,56,NNW,4.8,8,1014.09,0,0,1,380,,
2022-12-06,10:30,15.4,6.7,57,ESE,3.2,6.4,1014.02,0,0,1,406,,
2022-12-06,10:45,16,6.1,51,ESE,3.2,11.3,1014.05,0,0,1,436,,
2022-12-06,11:00,15.8,7.2,58,EAST,4.8,4.8,1013.95,0,0,1,464,,
2022-12-06,11:15,16.6,6.7,53,ESE,4.8,11.3,1013.82,0,0,1,362,,
2022-12-06,11:30,16.7,6.7,51,NORTH,0,4.8,1013.58,0,0,1,192,,
2022-12-06,11:45,15.8,7.2,58,NORTH,0,0,1013.17,0,0,1,179,,
2022-12-06,12:00,16.9,8.3,58,ESE,1.6,3.2,1013.04,0,0,2,541,,
2022-12-06,12:15,16.9,6.1,49,ESE,6.4,11.3,1012.84,0,0,1,355,,
2022-12-06,12:30,17.1,5.6,47,ESE,4.8,9.7,1012.8,0,0,1,360,,
2022-12-06,12:45,16.6,6.1,51,ESE,1.6,4.8,1012.67,0,0,1,181,,
2022-12-06,13:00,16.4,6.1,52,ESE,3.2,4.8,1012.6,0,0,1,192,,
2022-12-06,13:15,16.7,6.7,51,ESE,1.6,3.2,1012.39,0,0,1,283,,
2022-12-06,13:30,16.8,5.6,48,NORTH,0,3.2,1012.26,0,0,1,141,,
2022-12-06,13:45,15.8,7.8,60,NORTH,0,3.2,1012.06,0,0,1,197,,
2022-12-06,14:00,16.3,8.3,60,NORTH,0,3.2,1012.02,0,0,1,172,,
2022-12-06,14:15,16.7,7.2,54,NORTH,0,3.2,1012.06,0,0,1,230,,
2022-12-06,14:30,16.7,7.8,56,NORTH,0,1.6,1011.99,0,0,1,183,,
2022-12-06,14:45,17,8.3,57,NORTH,0,0,1012.09,0,0,1,332,,
2022-12-06,15:00,17.6,7.2,51,NORTH,0,3.2,1011.92,0,0,1,301,,
2022-12-06,15:15,17.4,6.1,48,NW,6.4,6.4,1012.16,0,0,0,200,,
2022-12-06,15:30,17.1,7.8,54,NORTH,0,6.4,1012.16,0,0,0,95,,
2022-12-06,15:45,16.2,9.4,65,NORTH,0,1.6,1012.26,0,0,0,74,,
2022-12-06,16:00,15.3,9.4,69,NORTH,0,3.2,1012.33,0,0,0,60,,
2022-12-06,16:15,14.7,9.4,72,NORTH,0,0,1012.39,0,0,0,49,,
2022-12-06,16:30,13.7,9.4,77,NW,1.6,3.2,1012.43,0,0,0,30,,
2022-12-06,16:45,13.4,8.9,75,NW,1.6,3.2,1012.67,0,0,0,11,,
2022-12-06,17:00,13.3,8.3,73,NW,3.2,3.2,1012.53,0,0,0,0,,
2022-12-06,17:15,13.1,8.3,74,NW,1.6,3.2,1012.6,0,0,0,0,,
2022-12-06,17:30,13,8.3,75,NORTH,0,4.8,1012.73,0,0,0,0,,
2022-12-06,17:45,12.7,8.3,75,SOUTH,1.6,6.4,1012.67,0,0,0,0,,
2022-12-06,18:00,11.9,7.8,78,SOUTH,1.6,3.2,1012.77,0,0,0,0,,
2022-12-06,18:15,12.2,8.3,78,SOUTH,4.8,6.4,1012.7,0,0,0,0,,
2022-12-06,18:30,11.6,8.3,81,SOUTH,4.8,6.4,1012.77,0,0,0,0,,
2022-12-06,18:45,11.7,8.3,80,SOUTH,3.2,3.2,1012.9,0,0,0,0,,
2022-12-06,19:00,12,8.3,78,SOUTH,1.6,4.8,1013,0,0,0,0,,
2022-12-06,19:15,12.3,7.8,74,SOUTH,6.4,6.4,1012.87,0,0,0,0,,
2022-12-06,19:30,11.8,7.2,74,SOUTH,3.2,6.4,1012.9,0,0,0,0,,
2022-12-06,19:45,12.7,7.2,71,SOUTH,3.2,6.4,1012.87,0,0,0,0,,
2022-12-06,20:00,13.4,7.8,68,SSE,3.2,6.4,1012.8,0,0,0,0,,
2022-12-06,20:15,13.3,7.8,69,SSE,1.6,3.2,1012.84,0,0,0,0,,
2022-12-06,20:30,13.4,7.2,68,NORTH,0,3.2,1012.87,0,0,0,0,,
2022-12-06,20:45,13.1,7.2,69,SSE,1.6,3.2,1012.77,0,0,0,0,,
2022-12-06,21:00,12.1,7.2,72,SSE,1.6,3.2,1012.94,0,0,0,0,,
2022-12-06,21:15,12.2,7.2,73,NORTH,0,4.8,1013.04,0,0,0,0,,
2022-12-06,21:30,11.8,7.2,74,NORTH,0,4.8,1013.14,0,0,0,0,,
2022-12-06,21:45,11.3,6.7,75,SSE,1.6,6.4,1013.14,0,0,0,0,,
2022-12-06,22:00,11.4,7.2,75,SSE,3.2,3.2,1013.11,0,0,0,0,,
2022-12-06,22:15,11,6.7,75,SSE,1.6,6.4,1012.94,0,0,0,0,,
2022-12-06,22:30,11.3,6.7,74,EAST,3.2,6.4,1013,0,0,0,0,,
2022-12-06,22:45,10.9,6.1,72,EAST,1.6,4.8,1013.28,0,0,0,0,,
2022-12-06,23:00,10.7,5.6,72,EAST,1.6,4.8,1013.11,0,0,0,0,,
2022-12-06,23:15,10.7,5.6,72,EAST,1.6,4.8,1013.21,0,0,0,0,,
2022-12-06,23:30,10.9,5.6,70,ESE,1.6,3.2,1013.44,0,0,0,0,,
2022-12-06,23:45,11.7,5.6,67,EAST,1.6,4.8,1013.55,0,0,0,0,,
2022-12-06,OVR,,,,,,,,,,,,gustmax,17.7
2022-12-06,OVR,,,,,,,,,,,,rainrate_max,0
2022-12-06,OVR,,,,,,,,,,,,rain_total_mm,0
2022-12-06,OVR,,,,,,,,,,,,tmax,17.6
2022-12-06,OVR,,,,,,,,,,,,tmin,10.2
2022-12-06,OVR,,,,,,,,,,,,wind_dir_mean_deg,112.5
2022-12-07,00:00,10.8,5,69,NORTH,0,3.2,1013.41,0,0,0,0,,
2022-12-07,00:15,10.3,5,71,NORTH,0,3.2,1013.48,0,0,0,0,,
2022-12-07,00:30,10.9,5.6,71,ESE,3.2,4.8,1013.38,0,0,0,0,,
2022-12-07,00:45,11.7,7.8,77,WNW,3.2,6.4,1013.44,0,0,0,0,,
2022-12-07,01:00,11.6,8.3,81,NW,3.2,8,1013.34,0,0,0,0,,
2022-12-07,01:15,11.9,9.4,85,WNW,12.9,11.3,1013.17,0,0,0,0,,
2022-12-07,01:30,11.8,9.4,87,WNW,6.4,11.3,1013.24,0,0,0,0,,
2022-12-07,01:45,12.1,10,88,WNW,4.8,16.1,1013.11,0,0,0,0,,
2022-12-07,02:00,12,10,88,WNW,12.9,19.3,1013.24,0,0,0,0,,
2022-12-07,02:15,11.8,10,88,WNW,6.4,16.1,1013.24,0,0,0,0,,
2022-12-07,02:30,11.7,9.4,88,NORTH,0,14.5,1013,0,0,0,0,,
2022-12-07,02:45,11.2,8.9,88,NORTH,0,3.2,1013,0,0,0,0,,
2022-12-07,03:00,10.9,8.9,88,WNW,1.6,3.2,1012.97,0,0,0,0,,
2022-12-07,03:15,10.6,8.9,89,WNW,1.6,3.2,1012.97,0,0,0,0,,
2022-12-07,03:30,10.6,8.3,89,SW,3.2,4.8,1012.84,0,0,0,0,,
2022-12-07,03:45,10.4,8.3,89,SW,1.6,4.8,1012.63,0,0,0,0,,
2022-12-07,04:00,10.3,8.3,89,NORTH,0,3.2,1012.39,0,0,0,0,,
2022-12-07,04:15,10.1,8.3,89,SSW,1.6,4.8,1012.26,0,0,0,0,,
2022-12-07,04:30,10.1,8.3,89,NORTH,0,9.7,1012.29,0,0,0,0,,
2022-12-07,04:45,10.1,8.3,89,NORTH,0,3.2,1012.19,0,0,0,0,,
2022-12-07,05:00,9.7,7.8,89,SSW,4.8,6.4,1012.26,0,0,0,0,,
2022-12-07,05:15,9.8,7.8,89,SSW,1.6,3.2,1012.26,0,0,0,0,,
2022-12-07,05:30,10.1,8.3,88,NORTH,0,1.6,1012.33,0,0,0,0,,
2022-12-07,05:45,10.3,8.3,89,WEST,3.2,9.7,1012.39,0,0,0,0,,
2022-12-07,06:00,10.7,8.9,89,WEST,6.4,9.7,1012.46,0,0,0,0,,
2022-12-07,06:15,11.1,9.4,90,WNW,9.7,16.1,1012.6,0,0,0,0,,
2022-12-07,06:30,11.2,9.4,91,WNW,8,14.5,1012.73,0,0,0,0,,
2022-12-07,06:45,11.2,9.4,91,WEST,9.7,14.5,1012.84,0,0,0,0,,
2022-12-07,07:00,10.9,9.4,91,WEST,9.7,16.1,1012.84,0,0,0,0,,
2022-12-07,07:15,10.6,8.9,91,WNW,4.8,6.4,1012.9,0,0,0,0,,
2022-12-07,07:30,10.3,8.9,92,EAST,3.2,4.8,1012.94,0,0,0,0,,
2022-12-07,07:45,10.3,8.9,92,EAST,1.6,3.2,1013.28,0,0,0,11,,
2022-12-07,08:00,10.3,8.9,92,,4.8,4.8,1013.31,0,0,0,19,,
2022-12-07,08:15,10.2,8.9,93,NORTH,0,3.2,1013.34,0,0,0,63,,
2022-12-07,08:30,10.1,8.9,93,NORTH,0,3.2,1013.34,0,0,0,97,,
2022-12-07,08:45,10.4,8.9,92,NORTH,0,1.6,1013.44,0,0,0,135,,
2022-12-07,09:00,11.1,9.4,91,NORTH,0,1.6,1013.48,0,0,0,179,,
2022-12-07,09:15,11.2,8.9,85,NNW,1.6,4.8,1013.61,0,0,0,227,,
2022-12-07,09:30,11.3,8.3,83,NNW,1.6,3.2,1013.58,0,0,1,264,,
2022-12-07,09:45,11.6,8.3,83,NW,4.8,6.4,1013.58,0,0,1,297,,
2022-12-07,10:00,12,8.9,82,NNW,4.8,6.4,1013.88,0,0,1,114,,
2022-12-07,10:15,13.1,9.4,80,NNW,3.2,6.4,1013.82,0,0,1,357,,
2022-12-07,10:30,13.7,10,79,NORTH,0,6.4,1013.88,0,0,1,381,,
2022-12-07,10:45,14,10.6,79,NW,4.8,8,1013.99,0,0,1,404,,
2022-12-07,11:00,14.4,10.6,79,NW,3.2,9.7,1013.72,0,0,1,422,,
2022-12-07,11:15,14.3,10.6,79,NW,6.4,11.3,1013.88,0,0,2,438,,
2022-12-07,11:30,14.5,11.1,81,NORTH,8,12.9,1013.61,0,0,2,450,,
2022-12-07,11:45,14.5,11.1,82,NW,12.9,17.7,1013.31,0,0,2,461,,
2022-12-07,12:00,14.6,11.1,81,WNW,17.7,24.1,1013.11,0,0,2,459,,
2022-12-07,12:15,14.7,11.1,81,WEST,22.5,35.4,1013.07,0,0,2,473,,
2022-12-07,12:30,14.7,11.1,81,WNW,11.3,30.6,1012.73,0,0,2,464,,
2022-12-07,12:45,14.8,11.1,80,WNW,24.1,30.6,1012.63,0,0,2,461,,
2022-12-07,13:00,14.8,11.1,80,WNW,16.1,32.2,1012.46,0,0,2,452,,
2022-12-07,13:15,14.9,11.1,80,WNW,14.5,35.4,1012.36,0,0,2,446,,
2022-12-07,13:30,14.7,11.1,79,WEST,27.4,35.4,1012.33,0,0,1,135,,
2022-12-07,13:45,14.7,11.1,81,WEST,16.1,27.4,1012.09,0,0,1,441,,
2022-12-07,14:00,14.9,11.1,80,WEST,16.1,37,1011.99,0,0,0,53,,
2022-12-07,14:15,14.9,11.7,82,WNW,17.7,27.4,1012.16,0,0,1,381,,
2022-12-07,14:30,14.9,11.7,83,NE,8,30.6,1011.95,0,0,1,329,,
2022-12-07,14:45,14.8,11.7,83,WEST,20.9,30.6,1012.12,0,0,1,302,,
2022-12-07,15:00,14.8,11.7,83,WNW,12.9,24.1,1012.09,0,0,1,264,,
2022-12-07,15:15,14.4,11.1,83,WNW,17.7,29,1012.16,0,0,0,214,,
2022-12-07,15:30,14.4,11.1,82,WNW,12.9,29,1012.39,0,0,0,174,,
2022-12-07,15:45,14.4,11.1,83,WEST,16.1,25.7,1012.39,0,0,0,132,,
2022-12-07,16:00,14.1,11.1,83,WEST,16.1,24.1,1012.39,0,0,0,91,,
2022-12-07,16:15,13.7,11.1,84,WNW,12.9,24.1,1012.6,0,0,0,33,,
2022-12-07,16:30,13.4,11.1,86,WNW,9.7,17.7,1012.6,0,0,0,30,,
2022-12-07,16:45,13.3,11.1,86,WNW,6.4,17.7,1012.43,0,0,0,11,,
2022-12-07,17:00,13.2,11.1,87,WNW,3.2,11.3,1012.36,0,0,0,0,,
2022-12-07,17:15,12.9,11.1,88,NORTH,0,6.4,1012.53,0,0,0,0,,
2022-12-07,17:30,12.6,10.6,89,NORTH,0,1.6,1012.73,0,0,0,0,,
2022-12-07,17:45,12.7,10.6,89,NW,3.2,6.4,1012.53,0,0,0,0,,
2022-12-07,18:00,12.6,10.6,89,WNW,4.8,6.4,1012.73,0,0,0,0,,
2022-12-07,18:15,12.4,10.6,89,NW,9.7,12.9,1012.77,0,0,0,0,,
2022-12-07,18:30,12.3,10.6,89,NW,1.6,6.4,1012.8,0,0,0,0,,
2022-12-07,18:45,12.1,10,89,WNW,3.2,11.3,1012.84,0,0,0,0,,
2022-12-07,19:00,11.9,10,89,NORTH,0,6.4,1013,0,0,0,0,,
2022-12-07,19:15,11.5,9.4,88,NORTH,0,4.8,1013,0,0,0,0,,
2022-12-07,19:30,11.2,8.9,87,NW,1.6,3.2,1013.04,0,0,0,0,,
2022-12-07,19:45,11,8.9,87,NORTH,0,0,1013.24,0,0,0,0,,
2022-12-07,20:00,10.8,8.3,87,NORTH,0,0,1013.07,0,0,0,0,,
2022-12-07,20:15,10.7,8.3,87,NORTH,0,0,1013.21,0,0,0,0,,
2022-12-07,20:30,10.6,8.3,87,NNW,1.6,3.2,1013.04,0,0,0,0,,
2022-12-07,20:45,10.7,8.3,87,NORTH,0,1.6,1013.17,0,0,0,0,,
2022-12-07,21:00,10.7,8.3,87,NORTH,0,1.6,1013.14,0,0,0,0,,
2022-12-07,21:15,10.7,8.3,86,NORTH,0,1.6,1013.07,0,0,0,0,,
2022-12-07,21:30,10.6,8.3,86,NORTH,0,0,1013.07,0,0,0,0,,
2022-12-07,21:45,10.6,8.3,87,NORTH,0,0,1013,0,0,0,0,,
2022-12-07,22:00,10.7,8.3,87,NORTH,0,1.6,1013.14,0,0,0,0,,
2022-12-07,22:15,10.7,8.3,87,NORTH,0,1.6,1013,0,0,0,0,,
2022-12-07,22:30,10.7,8.3,87,NNW,1.6,1.6,1013.21,0,0,0,0,,
2022-12-07,22:45,10.8,8.3,87,NORTH,0,1.6,1013.24,0,0,0,0,,
2022-12-07,23:00,10.7,8.3,87,NORTH,0,0,1013.21,0,0,0,0,,
2022-12-07,23:15,10.7,8.3,87,NORTH,0,0,1013,0,0,0,0,,
2022-12-07,23:30,10.7,8.3,87,NORTH,0,0,1013.07,0,0,0,0,,
2022-12-07,23:45,10.7,8.3,88,NORTH,0,0,1013,0,0,0,0,,
2022-12-07,OVR,,,,,,,,,,,,gustmax,27.4
2022-12-07,OVR,,,,,,,,,,,,rainrate_max,0
2022-12-07,OVR,,,,,,,,,,,,rain_total_mm,0
2022-12-07,OVR,,,,,,,,,,,,tmax,15.1
2022-12-07,OVR,,,,,,,,,,,,tmin,9.6
2022-12-07,OVR,,,,,,,,,,,,wind_dir_mean_deg,292.5
2022-12-08,00:00,10.7,8.9,88,NORTH,0,0,1013.07,0,0,0,0,,
2022-12-08,00:15,10.9,8.9,88,NORTH,0,0,1012.9,0,0,0,0,,
2022-12-08,00:30,10.9,8.9,88,NORTH,0,0,1012.77,0,0,0,0,,
2022-12-08,00:45,11,8.9,87,NORTH,0,0,1012.77,0,0,0,0,,
2022-12-08,01:00,11,8.9,87,NORTH,0,0,1012.77,0,0,0,0,,
2022-12-08,01:15,10.8,8.3,87,NORTH,0,0,1012.73,0,0,0,0,,
2022-12-08,01:30,10.7,8.3,87,NORTH,0,1.6,1012.77,0,0,0,0,,
2022-12-08,01:45,10.4,8.3,88,NORTH,1.6,3.2,1012.43,0,0,0,0,,
2022-12-08,02:00,10.3,8.3,88,NORTH,0,1.6,1012.7,0,0,0,0,,
2022-12-08,02:15,10.3,8.3,88,NORTH,0,0,1012.77,0,0,0,0,,
2022-12-08,02:30,10.2,8.3,88,NORTH,0,0,1012.7,0,0,0,0,,
2022-12-08,02:45,10.1,8.3,88,NORTH,0,0,1012.8,0,0,0,0,,
2022-12-08,03:00,9.9,7.8,88,NORTH,0,0,1012.8,0,0,0,0,,
2022-12-08,03:15,9.8,7.8,87,NORTH,0,0,1012.6,0,0,0,0,,
2022-12-08,03:30,9.8,7.2,86,NORTH,0,0,1012.5,0,0,0,0,,
2022-12-08,03:45,9.5,6.7,83,NORTH,0,0,1012.26,0,0,0,0,,
2022-12-08,04:00,9.4,6.1,79,NORTH,0,0,1012.23,0,0,0,0,,
2022-12-08,04:15,9.7,6.1,81,NORTH,0,0,1012.16,0,0,0,0,,
2022-12-08,04:30,9.9,6.7,82,NORTH,0,0,1012.09,0,0,0,0,,
2022-12-08,04:45,9.7,6.7,83,NORTH,0,0,1012.09,0,0,0,0,,
2022-12-08,05:00,9.4,6.7,83,NORTH,0,0,1012.02,0,0,0,0,,
2022-12-08,05:15,9.4,6.7,85,NE,1.6,3.2,1011.68,0,0,0,0,,
2022-12-08,05:30,9.6,7.2,86,NE,1.6,3.2,1011.82,0,0,0,0,,
2022-12-08,05:45,9.6,7.2,85,NE,1.6,3.2,1011.75,0,0,0,0,,
2022-12-08,06:00,9.8,7.2,84,ENE,6.4,6.4,1011.75,0,0,0,0,,
2022-12-08,06:15,9.8,7.2,84,EAST,3.2,4.8,1011.65,0,0,0,0,,
2022-12-08,06:30,9.9,7.2,84,EAST,6.4,4.8,1011.65,0,0,0,0,,
2022-12-08,06:45,10.5,7.8,84,EAST,3.2,4.8,1011.72,0,0,0,0,,
2022-12-08,07:00,10.4,7.8,84,EAST,1.6,4.8,1011.75,0,0,0,0,,
2022-12-08,07:15,10.4,7.8,84,EAST,1.6,4.8,1011.95,0,0,0,0,,
2022-12-08,07:30,10.1,7.2,83,EAST,1.6,4.8,1011.95,0,0,0,0,,
2022-12-08,07:45,9.8,7.2,84,EAST,3.2,4.8,1011.82,0,0,0,9,,
2022-12-08,08:00,9.6,6.7,83,ESE,6.4,9.7,1011.99,0,0,0,14,,
2022-12-08,08:15,9.3,6.7,84,SE,1.6,6.4,1012.36,0,0,0,65,,
2022-12-08,08:30,9.8,7.2,84,SE,4.8,4.8,1011.99,0,0,0,111,,
2022-12-08,08:45,10.4,7.2,83,ESE,3.2,4.8,1012.12,0,0,0,155,,
2022-12-08,09:00,10.6,7.2,82,SOUTH,3.2,3.2,1012.26,0,0,0,216,,
2022-12-08,09:15,11.5,7.8,79,EAST,6.4,9.7,1012.12,0,0,0,202,,
2022-12-08,09:30,12.1,7.8,76,ESE,9.7,14.5,1012.06,0,0,1,287,,
2022-12-08,09:45,12.3,7.8,75,EAST,9.7,12.9,1012.26,0,0,1,313,,
2022-12-08,10:00,12.8,7.8,73,EAST,6.4,9.7,1012.36,0,0,1,346,,
2022-12-08,10:15,13.8,7.8,67,ESE,1.6,6.4,1012.16,0,0,1,374,,
2022-12-08,10:30,14.4,6.1,59,SE,4.8,12.9,1012.26,0,0,1,397,,
2022-12-08,10:45,14.3,6.7,60,SSE,8,16.1,1012.29,0,0,1,418,,
2022-12-08,11:00,14.2,6.1,58,SE,14.5,14.5,1011.99,0,0,1,439,,
2022-12-08,11:15,14.4,6.7,61,SE,14.5,17.7,1011.89,0,0,2,441,,
2022-12-08,11:30,14.6,6.7,59,SE,8,14.5,1011.82,0,0,2,459,,
2022-12-08,11:45,14.8,6.1,57,SE,6.4,14.5,1011.58,0,0,2,473,,
2022-12-08,12:00,15.3,6.1,55,ESE,6.4,17.7,1011.11,0,0,2,480,,
2022-12-08,12:15,15.4,7.2,58,SE,22.5,19.3,1011.11,0,0,2,476,,
2022-12-08,12:30,15.4,6.7,56,SE,12.9,19.3,1011.34,0,0,2,476,,
2022-12-08,12:45,15.4,7.2,58,SE,22.5,20.9,1010.94,0,0,2,459,,
2022-12-08,13:00,15.5,7.8,62,ESE,12.9,22.5,1010.8,0,0,2,436,,
2022-12-08,13:15,15.6,8.3,63,SE,19.3,22.5,1010.7,0,0,1,429,,
2022-12-08,13:30,15.9,9.4,65,SSE,8,20.9,1010.57,0,0,1,422,,
2022-12-08,13:45,15.7,9.4,67,SE,19.3,17.7,1010.43,0,0,1,383,,
2022-12-08,14:00,15.7,9.4,67,SSE,8,12.9,1010.26,0,0,1,329,,
2022-12-08,14:15,15.7,10,68,SE,16.1,17.7,1010.23,0,0,1,283,,
2022-12-08,14:30,15.5,9.4,69,SE,6.4,17.7,1010.06,0,0,1,315,,
2022-12-08,14:45,15.6,10,71,SE,9.7,16.1,1010.23,0,0,1,265,,
2022-12-08,15:00,15.6,10.6,72,SSE,3.2,16.1,1009.92,0,0,1,278,,
2022-12-08,15:15,15.6,10.6,72,SE,8,14.5,1009.75,0,0,0,230,,
2022-12-08,15:30,15.4,10.6,73,SE,12.9,19.3,1009.75,0,0,0,163,,
2022-12-08,15:45,15.3,10.6,74,ESE,9.7,17.7,1009.85,0,0,0,127,,
2022-12-08,16:00,14.8,10.6,77,SE,8,16.1,1010.26,0,0,0,39,,
2022-12-08,16:15,14.4,10.6,80,SE,4.8,14.5,1010.33,0,0,0,23,,
2022-12-08,16:30,14,11.1,82,ESE,3.2,12.9,1010.19,0,0,0,18,,
2022-12-08,16:45,13.7,11.1,84,SE,4.8,12.9,1010.19,0,0,0,9,,
2022-12-08,17:00,13.4,11.1,86,ESE,11.3,17.7,1010.16,0,0,0,0,,
2022-12-08,17:15,13.2,11.1,87,ESE,11.3,16.1,1010.02,0,0,0,0,,
2022-12-08,17:30,13.2,11.1,88,ESE,12.9,20.9,1009.82,0,0,0,0,,
2022-12-08,17:45,13.1,11.1,89,ESE,11.3,19.3,1009.69,0,0,0,0,,
2022-12-08,18:00,13,11.1,89,ESE,11.3,19.3,1009.65,0,0,0,0,,
2022-12-08,18:15,12.9,11.1,90,SE,17.7,24.1,1009.65,0,0,0,0,,
2022-12-08,18:30,12.7,11.1,90,SE,16.1,20.9,1009.72,0,0,0,0,,
2022-12-08,18:45,12.8,11.1,91,SE,14.5,22.5,1009.72,0,0,0,0,,
2022-12-08,19:00,12.7,11.1,91,ESE,12.9,22.5,1009.48,0,0,0,0,,
2022-12-08,19:15,12.7,11.1,92,ESE,14.5,20.9,1009.52,0,0,0,0,,
2022-12-08,19:30,12.8,11.1,92,SE,19.3,24.1,1009.48,0,0,0,0,,
2022-12-08,19:45,12.8,11.7,92,SE,17.7,24.1,1009.85,0,0,0,0,,
2022-12-08,20:00,12.8,11.1,92,ESE,14.5,24.1,1009.62,0,0,0,0,,
2022-12-08,20:15,12.8,11.7,92,ESE,16.1,20.9,1009.62,0,0,0,0,,
2022-12-08,20:30,12.8,11.7,93,ESE,24.1,24.1,1009.55,0,0,0,0,,
2022-12-08,20:45,12.8,11.7,93,SE,20.9,22.5,1009.62,0,0,0,0,,
2022-12-08,21:00,12.8,11.7,93,ESE,14.5,25.7,1009.45,0,0,0,0,,
2022-12-08,21:15,12.9,11.7,93,SE,14.5,22.5,1009.45,0,0,0,0,,
2022-12-08,21:30,12.9,11.7,93,ESE,14.5,22.5,1009.45,0,0,0,0,,
2022-12-08,21:45,12.9,11.7,93,SE,14.5,27.4,1009.08,0,0,0,0,,
2022-12-08,22:00,12.9,11.7,93,SE,19.3,22.5,1009.21,0,0,0,0,,
2022-12-08,22:15,12.9,11.7,93,ESE,19.3,27.4,1008.94,0,0,0,0,,
2022-12-08,22:30,12.9,11.7,93,ESE,24.1,25.7,1009.28,0,0,0,0,,
2022-12-08,22:45,13.1,11.7,93,SE,12.9,29,1009.28,0,0,0,0,,
2022-12-08,23:00,13.1,11.7,93,ESE,17.7,24.1,1009.11,0,0,0,0,,
2022-12-08,23:15,13.3,12.2,93,ESE,14.5,29,1009.38,0,0,0,0,,
2022-12-08,23:30,13.2,12.2,93,SE,22.5,29,1008.94,0,0,0,0,,
2022-12-08,23:45,13.2,11.7,93,SE,19.3,29,1008.64,0,0,0,0,,
2022-12-08,OVR,,,,,,,,,,,,gustmax,24.1
2022-12-08,OVR,,,,,,,,,,,,rainrate_max,0
2022-12-08,OVR,,,,,,,,,,,,rain_total_mm,0
2022-12-08,OVR,,,,,,,,,,,,tmax,15.9
2022-12-08,OVR,,,,,,,,,,,,tmin,9.3
2022-12-08,OVR,,,,,,,,,,,,wind_dir_mean_deg,112.5
2022-12-09,00:00,13.2,11.7,93,ESE,20.9,29,1008.5,0,0,0,0,,
2022-12-09,00:15,13.3,12.2,93,SE,17.7,27.4,1008.57,0,0,0,0,,
2022-12-09,00:30,13.3,12.2,93,SE,16.1,22.5,1008.74,0,0,0,0,,
2022-12-09,00:45,13.3,12.2,93,SE,19.3,27.4,1008.5,0,0,0,0,,
2022-12-09,01:00,13.3,12.2,93,SE,22.5,30.6,1008.13,0,0,0,0,,
2022-12-09,01:15,13.3,12.2,94,SE,12.9,25.7,1008.33,0,0,0,0,,
2022-12-09,01:30,13.3,12.2,94,ESE,22.5,27.4,1008.16,0,0,0,0,,
2022-12-09,01:45,13.2,12.2,94,ESE,14.5,25.7,1007.79,0,0,0,0,,
2022-12-09,02:00,13.2,12.2,94,SE,16.1,24.1,1007.76,0,0,0,0,,
2022-12-09,02:15,13.2,11.7,93,ESE,14.5,20.9,1007.72,0,0,0,0,,
2022-12-09,02:30,13.1,11.7,93,ESE,19.3,20.9,1007.69,0,0,0,0,,
2022-12-09,02:45,13.3,11.7,91,ESE,16.1,24.1,1007.35,0,0,0,0,,
2022-12-09,03:00,13.6,11.7,88,ESE,14.5,22.5,1007.38,0,0,0,0,,
2022-12-09,03:15,13.8,11.1,86,EAST,12.9,24.1,1007.42,0,0,0,0,,
2022-12-09,03:30,13.8,11.1,84,ESE,16.1,19.3,1007.21,0,0,0,0,,
2022-12-09,03:45,14.1,10.6,80,SE,17.7,19.3,1007.21,0,0,0,0,,
2022-12-09,04:00,14.2,10.6,78,SE,16.1,20.9,1007.08,0,0,0,0,,
2022-12-09,04:15,14.4,10,76,ESE,11.3,22.5,1006.77,0,0,0,0,,
2022-12-09,04:30,14.1,10,78,ESE,9.7,16.1,1006.5,0,0,0,0,,
2022-12-09,04:45,14,10,77,ESE,12.9,16.1,1006.47,0,0,0,0,,
2022-12-09,05:00,13.7,10,79,ESE,9.7,14.5,1006.27,0,0,0,0,,
2022-12-09,05:15,13.7,9.4,78,EAST,12.9,16.1,1006.2,0,0,0,0,,
2022-12-09,05:30,13.9,10,77,ESE,12.9,16.1,1006.06,0,0,0,0,,
2022-12-09,05:45,14.3,9.4,75,ESE,11.3,19.3,1006.03,0,0,0,0,,
2022-12-09,06:00,15,9.4,71,ESE,16.1,20.9,1005.83,0,0,0,0,,
2022-12-09,06:15,15.3,9.4,69,SE,12.9,24.1,1005.89,0,0,0,0,,
2022-12-09,06:30,15.4,9.4,69,ESE,14.5,22.5,1005.72,0,0,0,0,,
2022-12-09,06:45,15.2,10,71,SE,16.1,25.7,1005.79,0,0,0,0,,
2022-12-09,07:00,15.2,10,72,SE,22.5,24.1,1005.86,0,0,0,0,,
2022-12-09,07:15,15.1,10,73,SE,12.9,24.1,1005.93,0,0,0,0,,
2022-12-09,07:30,14.9,10,73,ESE,12.9,24.1,1005.93,0,0,0,0,,
2022-12-09,07:45,15.3,10,72,ESE,12.9,25.7,1005.86,0,0,0,12,,
2022-12-09,08:00,15.4,10.6,72,ESE,14.5,24.1,1005.83,0,0,0,28,,
2022-12-09,08:15,15.3,10,72,ESE,12.9,20.9,1005.79,0,0,0,42,,
2022-12-09,08:30,15.6,10,70,ESE,14.5,22.5,1005.89,0,0,0,47,,
2022-12-09,08:45,15.7,10,71,ESE,16.1,29,1005.55,0,0,0,63,,
2022-12-09,09:00,15.5,10.6,73,SE,14.5,22.5,1005.99,0,0,0,65,,
2022-12-09,09:15,15.7,10.6,72,SE,16.1,25.7,1006.03,0,0,0,72,,
2022-12-09,09:30,15.8,10.6,73,ESE,14.5,24.1,1005.99,0,0,0,79,,
2022-12-09,09:45,15.8,11.1,74,ESE,16.1,19.3,1006.27,0,0,0,97,,
2022-12-09,10:00,15.7,11.1,75,SE,19.3,20.9,1006.77,0,0,0,37,,
2022-12-09,10:15,15.3,11.1,78,ESE,22.5,22.5,1006.13,0,0,0,84,,
2022-12-09,10:30,15.9,11.7,76,SE,11.3,20.9,1006.6,0,0,1,197,,
2022-12-09,10:45,16.3,11.7,75,SE,11.3,19.3,1006.33,0,0,1,176,,
2022-12-09,11:00,16.8,11.7,74,ESE,17.7,27.4,1006.27,0,0,1,225,,
2022-12-09,11:15,16.9,11.7,73,ESE,16.1,24.1,1006.2,0,0,1,373,,
2022-12-09,11:30,17,12.2,74,SE,11.3,25.7,1005.72,0,0,1,278,,
2022-12-09,11:45,17.3,12.2,72,ESE,20.9,25.7,1005.69,0,0,1,272,,
2022-12-09,12:00,17,12.2,74,ESE,14.5,20.9,1005.76,0,0,0,127,,
2022-12-09,12:15,17.1,12.8,75,ESE,11.3,19.3,1005.42,0,0,1,199,,
2022-12-09,12:30,17.3,12.2,74,SE,4.8,16.1,1005.52,0,0,1,174,,
2022-12-09,12:45,17.1,12.8,76,NORTH,0,6.4,1005.45,0,0,0,105,,
2022-12-09,13:00,17.7,12.8,73,SSE,9.7,9.7,1005.62,0,0,0,76,,
2022-12-09,13:15,17.6,12.8,73,SE,3.2,12.9,1005.55,0,0,0,113,,
2022-12-09,13:30,17.9,12.2,69,SSE,6.4,17.7,1005.15,0,0,1,158,,
2022-12-09,13:45,18.1,12.2,69,SE,6.4,16.1,1005.08,0,0,0,151,,
2022-12-09,14:00,17.9,12.8,72,SE,6.4,14.5,1004.84,0,0,1,130,,
2022-12-09,14:15,18.2,12.2,68,NORTH,0,17.7,1004.67,0,0,1,142,,
2022-12-09,14:30,18.6,12.2,68,SSE,6.4,16.1,1004.61,0,0,1,279,,
2022-12-09,14:45,18.7,12.2,67,SSE,6.4,16.1,1004.64,0,0,1,285,,
2022-12-09,15:00,19.2,11.7,62,WEST,4.8,16.1,1004.94,0,0,0,185,,
2022-12-09,15:15,19.1,11.1,60,WEST,4.8,19.3,1004.98,0,0,0,83,,
2022-12-09,15:30,18.8,11.1,61,SW,6.4,19.3,1005.01,0,0,0,42,,
2022-12-09,15:45,17.9,11.1,66,SOUTH,4.8,12.9,1004.91,0,0,0,51,,
2022-12-09,16:00,18.1,11.1,64,NNE,11.3,17.7,1004.81,0,0,0,28,,
2022-12-09,16:15,18.2,11.1,64,SW,4.8,22.5,1005.25,0,0,0,21,,
2022-12-09,16:30,18.1,11.1,65,SSW,4.8,17.7,1005.38,0,0,0,7,,
2022-12-09,16:45,17.9,11.1,65,SSW,3.2,14.5,1005.15,0,0,0,0,,
2022-12-09,17:00,17.9,11.1,65,SW,3.2,12.9,1004.88,0,0,0,0,,
2022-12-09,17:15,17.9,11.1,65,WSW,3.2,14.5,1004.91,0,0,0,0,,
2022-12-09,17:30,17.8,11.1,66,SSW,1.6,9.7,1004.94,0,0,0,0,,
2022-12-09,17:45,17.8,11.1,66,SOUTH,3.2,6.4,1005.08,0,0,0,0,,
2022-12-09,18:00,17.6,11.1,67,SSE,6.4,8,1005.22,0,0,0,0,,
2022-12-09,18:15,17.2,11.1,69,SSE,6.4,9.7,1005.28,0,0,0,0,,
2022-12-09,18:30,17.1,11.7,70,SSW,3.2,9.7,1005.25,0,0,0,0,,
2022-12-09,18:45,17.2,11.7,71,SSW,1.6,9.7,1005.22,0,0,0,0,,
2022-12-09,19:00,17,11.7,71,SSE,1.6,9.7,1005.22,0,0,0,0,,
2022-12-09,19:15,16.9,11.7,72,SSE,9.7,12.9,1005.38,0,0,0,0,,
2022-12-09,19:30,16.9,11.7,72,SE,8,11.3,1005.11,0,0,0,0,,
2022-12-09,19:45,16.7,11.7,73,SE,12.9,16.1,1005.11,0,0,0,0,,
2022-12-09,20:00,16.6,11.7,73,SE,4.8,14.5,1005.32,0,0,0,0,,
2022-12-09,20:15,16.5,11.7,74,SE,8,12.9,1005.28,0,0,0,0,,
2022-12-09,20:30,16.6,11.7,73,SE,11.3,17.7,1005.35,0,0,0,0,,
2022-12-09,20:45,16.3,11.7,75,SE,16.1,20.9,1005.11,0,0,0,0,,
2022-12-09,21:00,16.1,11.7,76,SE,11.3,20.9,1004.84,0,0,0,0,,
2022-12-09,21:15,16.1,11.7,75,SE,17.7,16.1,1004.64,0,0,0,0,,
2022-12-09,21:30,15.9,11.7,76,SE,12.9,17.7,1004.84,0,0,0,0,,
2022-12-09,21:45,15.8,11.7,77,SE,16.1,22.5,1004.67,0,0,0,0,,
2022-12-09,22:00,15.6,11.7,78,SE,16.1,22.5,1004.57,0,0,0,0,,
2022-12-09,22:15,15.4,11.7,78,SE,14.5,22.5,1004.54,0,0,0,0,,
2022-12-09,22:30,15.5,11.7,78,SE,12.9,20.9,1004.61,0,0,0,0,,
2022-12-09,22:45,15.5,11.7,78,SE,16.1,19.3,1004.44,0,0,0,0,,
2022-12-09,23:00,15.4,11.7,78,SE,11.3,20.9,1004.47,0,0,0,0,,
2022-12-09,23:15,15.6,11.7,78,SE,11.3,17.7,1004.4,0,0,0,0,,
2022-12-09,23:30,15.4,11.7,78,SE,11.3,16.1,1004.23,0,0,0,0,,
2022-12-09,23:45,15.4,11.7,79,SE,11.3,17.7,1003.89,0,0,0,0,,
2022-12-09,OVR,,,,,,,,,,,,gustmax,22.5
2022-12-09,OVR,,,,,,,,,,,,rainrate_max,0
2022-12-09,OVR,,,,,,,,,,,,rain_total_mm,0
2022-12-09,OVR,,,,,,,,,,,,tmax,19.2
2022-12-09,OVR,,,,,,,,,,,,tmin,13.1
2022-12-09,OVR,,,,,,,,,,,,wind_dir_mean_deg,135
2022-12-10,00:00,15.3,11.7,79,SE,12.9,19.3,1003.79,0,0,0,0,,
2022-12-10,00:15,15.3,11.7,79,SE,6.4,19.3,1003.69,0,0,0,0,,
2022-12-10,00:30,15.6,11.7,79,SE,14.5,19.3,1003.93,0,0,0,0,,
2022-12-10,00:45,15.3,11.7,81,SSE,6.4,19.3,1004.17,0.25,0.25,0,0,,
2022-12-10,01:00,15.1,11.7,82,SE,6.4,12.9,1003.62,0.25,0.25,0,0,,
2022-12-10,01:15,14.8,11.7,82,NORTH,0,8,1003.45,0.25,0.25,0,0,,
2022-12-10,01:30,14.9,11.7,82,SOUTH,1.6,17.7,1003.59,0.25,0.25,0,0,,
2022-12-10,01:45,15.3,11.7,80,NE,8,11.3,1003.69,0.25,0,0,0,,
2022-12-10,02:00,15.4,11.7,80,NW,1.6,11.3,1003.62,0.25,0,0,0,,
2022-12-10,02:15,15.2,11.7,80,NORTH,0,6.4,1003.66,0.25,0,0,0,,
2022-12-10,02:30,15.1,11.7,81,NORTH,0,6.4,1003.52,0.25,0,0,0,,
2022-12-10,02:45,14.9,11.7,83,NORTH,0,3.2,1003.18,0.51,0.25,0,0,,
2022-12-10,03:00,15.1,12.2,83,SOUTH,1.6,3.2,1003.01,0.51,0.25,0,0,,
2022-12-10,03:15,15.2,12.2,83,SSW,1.6,11.3,1002.91,0.51,0.25,0,0,,
2022-12-10,03:30,15.2,12.2,83,NORTH,0,8,1002.95,0.51,0.25,0,0,,
2022-12-10,03:45,15.2,12.2,83,WSW,1.6,9.7,1002.47,0.51,0,0,0,,
2022-12-10,04:00,15.2,12.2,82,WEST,11.3,17.7,1002.07,0.51,0,0,0,,
2022-12-10,04:15,15.4,12.2,81,SSE,3.2,11.3,1002.07,0.51,0,0,0,,
2022-12-10,04:30,14.8,11.7,83,SE,8,16.1,1001.93,0.51,0,0,0,,
2022-12-10,04:45,14.7,11.7,84,SSE,3.2,17.7,1001.42,0.51,0,0,0,,
2022-12-10,05:00,14.9,12.2,84,SSE,8,16.1,1001.66,0.76,0.51,0,0,,
2022-12-10,05:15,14.6,11.7,85,SE,4.8,11.3,1001.32,0.76,0.51,0,0,,
2022-12-10,05:30,14.4,11.7,85,SSE,8,12.9,1000.91,0.76,0.51,0,0,,
2022-12-10,05:45,14.4,11.7,86,SE,11.3,14.5,1000.75,0.76,0.51,0,0,,
2022-12-10,06:00,14.4,11.7,86,SE,9.7,16.1,1000.71,0.76,0,0,0,,
2022-12-10,06:15,14.6,11.7,85,SE,11.3,17.7,1000.41,0.76,0,0,0,,
2022-12-10,06:30,14.7,11.7,84,SSE,12.9,12.9,1000.34,1.27,0.51,0,0,,
2022-12-10,06:45,14.3,11.7,86,SE,14.5,19.3,1000.88,1.52,0.76,0,0,,
2022-12-10,07:00,13.7,11.7,88,WNW,27.4,49.9,1001.05,2.03,1.27,0,0,,
2022-12-10,07:15,12.7,10.6,87,WNW,9.7,30.6,1000.88,2.29,1.52,0,0,,
2022-12-10,07:30,12.6,10.6,89,WNW,11.3,24.1,1000.68,2.29,1.02,0,0,,
2022-12-10,07:45,12.9,11.1,90,WSW,6.4,17.7,1000.58,4.32,2.54,0,0,,
2022-12-10,08:00,13.3,11.7,91,WSW,9.7,27.4,1000.95,7.87,6.1,0,0,,
2022-12-10,08:15,12.9,11.1,91,SOUTH,8,20.9,1000.71,8.64,6.35,0,9,,
2022-12-10,08:30,12.8,11.1,91,SSE,8,16.1,1000.85,8.64,6.35,0,0,,
2022-12-10,08:45,13.2,11.7,91,SSW,1.6,12.9,1000.64,8.64,4.32,0,16,,
2022-12-10,09:00,13.4,11.7,92,WNW,4.8,17.7,1000.47,8.89,1.02,0,21,,
2022-12-10,09:15,13.4,11.7,92,WNW,4.8,11.3,1000.47,8.89,0.51,0,65,,
2022-12-10,09:30,13.6,12.2,92,NORTH,0,4.8,1000.58,8.89,0.51,0,54,,
2022-12-10,09:45,14.1,12.8,92,NORTH,0,9.7,1000.61,8.89,0.51,0,86,,
2022-12-10,10:00,14.4,12.8,91,SOUTH,4.8,11.3,1000.88,8.89,0,0,86,,
2022-12-10,10:15,14.8,12.8,90,SW,1.6,14.5,1000.58,8.89,0,0,141,,
2022-12-10,10:30,15,13.3,89,WSW,8,16.1,1000.64,8.89,0,0,105,,
2022-12-10,10:45,15.1,12.8,88,NW,22.5,30.6,1000.71,8.89,0,0,49,,
2022-12-10,11:00,13.5,11.1,86,WNW,8,25.7,1000.37,8.89,0,1,155,,
2022-12-10,11:15,13.2,10.6,86,WNW,4.8,17.7,1000.07,8.89,0,1,97,,
2022-12-10,11:30,13.7,11.7,87,SW,1.6,6.4,999.83,8.89,0,1,76,,
2022-12-10,11:45,14.5,12.2,87,WSW,3.2,9.7,999.39,8.89,0,0,98,,
2022-12-10,12:00,14.7,12.2,87,SW,3.2,11.3,999.22,8.89,0,1,204,,
2022-12-10,12:15,14.8,12.8,87,SSW,1.6,19.3,998.98,9.91,1.02,0,121,,
2022-12-10,12:30,13.7,11.7,88,WNW,16.1,35.4,999.26,12.45,3.3,0,74,,
2022-12-10,12:45,12.7,11.1,89,WNW,27.4,40.2,1000.1,13.72,4.83,0,18,,
2022-12-10,13:00,12.2,10.6,91,WEST,22.5,49.9,1000.03,14.48,5.59,0,14,,
2022-12-10,13:15,11.9,10.6,92,WNW,20.9,27.4,999.56,16.51,6.35,0,7,,
2022-12-10,13:30,11.9,10.6,92,ENE,8,30.6,999.29,17.78,5.33,0,91,,
2022-12-10,13:45,12.4,11.1,92,NE,6.4,16.1,999.29,17.78,4.06,1,144,,
2022-12-10,14:00,12.6,11.1,92,SOUTH,1.6,9.7,999.19,17.78,3.3,0,53,,
2022-12-10,14:15,12.7,11.1,93,SSE,11.3,8,998.58,18.54,2.03,0,134,,
2022-12-10,14:30,12.8,11.1,92,WSW,4.8,12.9,998.41,19.05,1.27,1,171,,
2022-12-10,14:45,13.2,11.7,92,NW,9.7,24.1,998.51,19.05,1.27,1,144,,
2022-12-10,15:00,13.1,11.7,92,WNW,11.3,22.5,998.68,19.05,1.27,0,56,,
2022-12-10,15:15,13.2,11.7,93,WEST,17.7,35.4,998.71,19.05,0.51,0,44,,
2022-12-10,15:30,12.9,11.7,93,WEST,29,40.2,999.12,20.32,1.27,0,7,,
2022-12-10,15:45,12.4,11.1,93,WNW,17.7,48.3,999.29,20.32,1.52,0,105,,
2022-12-10,16:00,12.3,11.1,93,WNW,27.4,53.1,999.8,20.32,1.52,0,47,,
2022-12-10,16:15,12.3,11.1,93,WNW,29,45.1,1000.44,20.32,1.52,0,0,,
2022-12-10,16:30,11.8,10.6,93,WEST,32.2,57.9,1000.54,20.32,0.25,0,39,,
2022-12-10,16:45,11.7,10.6,93,WNW,24.1,48.3,1000.91,20.32,0,0,0,,
2022-12-10,17:00,11.8,10.6,92,WEST,30.6,54.7,1001.12,20.32,0,0,0,,
2022-12-10,17:15,11.7,10,92,NW,33.8,48.3,1001.56,20.32,0,0,0,,
2022-12-10,17:30,11.6,10,90,WEST,33.8,51.5,1001.73,20.32,0,0,0,,
2022-12-10,17:45,11.5,9.4,89,WEST,19.3,54.7,1002.13,20.32,0,0,0,,
2022-12-10,18:00,11.5,9.4,87,WNW,29,53.1,1002.13,20.32,0,0,0,,
2022-12-10,18:15,11.5,9.4,88,WNW,27.4,45.1,1002.4,20.32,0,0,0,,
2022-12-10,18:30,11.2,8.9,87,WNW,29,45.1,1002.51,20.32,0,0,0,,
2022-12-10,18:45,11,8.9,86,WNW,17.7,48.3,1002.78,20.32,0,0,0,,
2022-12-10,19:00,10.9,8.3,85,NW,16.1,46.7,1003.08,20.32,0,0,0,,
2022-12-10,19:15,10.7,7.8,84,NW,22.5,43.5,1003.52,20.32,0,0,0,,
2022-12-10,19:30,10.5,7.8,84,WNW,29,46.7,1003.62,20.32,0,0,0,,
2022-12-10,19:45,10.4,7.8,84,NW,19.3,38.6,1003.76,20.32,0,0,0,,
2022-12-10,20:00,10.3,7.8,85,WNW,17.7,29,1004.03,20.32,0,0,0,,
2022-12-10,20:15,10.1,7.2,84,WNW,19.3,46.7,1004.23,20.32,0,0,0,,
2022-12-10,20:30,10,7.2,84,WEST,19.3,27.4,1004.27,20.32,0,0,0,,
2022-12-10,20:45,9.8,7.2,84,WNW,19.3,38.6,1004.37,20.32,0,0,0,,
2022-12-10,21:00,9.7,7.2,85,NW,16.1,27.4,1004.61,20.32,0,0,0,,
2022-12-10,21:15,9.9,7.2,85,WNW,17.7,32.2,1004.98,20.32,0,0,0,,
2022-12-10,21:30,9.9,7.2,86,WNW,17.7,27.4,1004.94,20.32,0,0,0,,
2022-12-10,21:45,9.8,7.2,86,NW,20.9,32.2,1005.05,20.32,0,0,0,,
2022-12-10,22:00,9.7,7.2,86,WNW,17.7,38.6,1005.35,20.32,0,0,0,,
2022-12-10,22:15,9.7,7.2,87,WEST,33.8,35.4,1005.59,20.32,0,0,0,,
2022-12-10,22:30,9.9,7.8,86,WEST,29,45.1,1005.76,20.32,0,0,0,,
2022-12-10,22:45,10.1,7.8,85,WNW,19.3,41.8,1005.79,20.32,0,0,0,,
2022-12-10,23:00,10.1,7.8,85,NW,22.5,41.8,1005.93,20.32,0,0,0,,
2022-12-10,23:15,10.2,7.8,86,WNW,22.5,35.4,1005.89,20.32,0,0,0,,
2022-12-10,23:30,10.3,7.8,86,WEST,16.1,33.8,1006.13,20.32,0,0,0,,
2022-12-10,23:45,10.3,7.8,84,WNW,27.4,35.4,1006.23,20.32,0,0,0,,
2022-12-10,OVR,,,,,,,,,,,,gustmax,33.8
2022-12-10,OVR,,,,,,,,,,,,rainrate_max,60.4
2022-12-10,OVR,,,,,,,,,,,,rain_total_mm,20.4
2022-12-10,OVR,,,,,,,,,,,,tmax,15.7
2022-12-10,OVR,,,,,,,,,,,,tmin,9.7
2022-12-10,OVR,,,,,,,,,,,,wind_dir_mean_deg,225
2022-12-11,00:00,10.6,7.2,82,NW,16.1,48.3,1006.27,0,0,0,0,,
2022-12-11,00:15,10.6,7.8,82,WEST,38.6,38.6,1006.37,0,0,0,0,,
2022-12-11,00:30,10.8,7.8,82,WNW,17.7,33.8,1006.23,0,0,0,0,,
2022-12-11,00:45,10.7,7.8,83,WEST,29,45.1,1006.54,0,0,0,0,,
2022-12-11,01:00,10.7,7.8,82,NW,17.7,49.9,1006.57,0,0,0,0,,
2022-12-11,01:15,10.8,7.8,81,WEST,43.5,53.1,1006.23,0,0,0,0,,
2022-12-11,01:30,10.8,7.2,81,WNW,41.8,61.2,1006.37,0,0,0,0,,
2022-12-11,01:45,10.9,7.2,79,WEST,22.5,69.2,1006.57,0,0,0,0,,
2022-12-11,02:00,10.8,7.2,78,WEST,32.2,61.2,1006.37,0,0,0,0,,
2022-12-11,02:15,10.9,7.2,78,WNW,35.4,61.2,1006.47,0,0,0,0,,
2022-12-11,02:30,10.9,7.2,78,WEST,22.5,53.1,1006.5,0,0,0,0,,
2022-12-11,02:45,10.8,7.2,79,WNW,24.1,48.3,1006.67,0,0,0,0,,
2022-12-11,03:00,10.6,7.2,79,WNW,30.6,51.5,1007.04,0,0,0,0,,
2022-12-11,03:15,10.2,6.7,80,WNW,29,43.5,1007.35,0,0,0,0,,
2022-12-11,03:30,10.2,6.7,80,WNW,16.1,37,1007.32,0,0,0,0,,
2022-12-11,03:45,10.2,6.7,79,WNW,24.1,48.3,1007.11,0,0,0,0,,
2022-12-11,04:00,10.1,6.7,79,WNW,16.1,33.8,1007.04,0,0,0,0,,
2022-12-11,04:15,10,6.7,80,WNW,27.4,29,1006.81,0,0,0,0,,
2022-12-11,04:30,10.2,6.7,80,WNW,19.3,45.1,1006.6,0,0,0,0,,
2022-12-11,04:45,10.1,6.7,80,WNW,25.7,35.4,1006.23,0,0,0,0,,
2022-12-11,05:00,9.9,6.7,81,WNW,16.1,32.2,1006.27,0,0,0,0,,
2022-12-11,05:15,9.9,6.7,80,NE,24.1,45.1,1006.03,0,0,0,0,,
2022-12-11,05:30,9.8,6.1,79,WEST,19.3,37,1005.96,0,0,0,0,,
2022-12-11,05:45,9.7,5.6,77,WNW,24.1,45.1,1005.83,0,0,0,0,,
2022-12-11,06:00,9.7,5.6,76,WNW,22.5,48.3,1005.89,0,0,0,0,,
2022-12-11,06:15,9.6,5.6,76,WNW,22.5,35.4,1005.96,0,0,0,0,,
2022-12-11,06:30,9.5,5.6,78,WNW,17.7,38.6,1005.99,0,0,0,0,,
2022-12-11,06:45,9.6,5.6,76,WNW,27.4,41.8,1006.16,0,0,0,0,,
2022-12-11,07:00,9.8,5.6,76,WNW,17.7,41.8,1006.13,0,0,0,0,,
2022-12-11,07:15,9.7,5.6,77,WNW,12.9,41.8,1006.06,0,0,0,0,,
2022-12-11,07:30,9.5,5,75,WEST,19.3,38.6,1005.96,0,0,0,0,,
2022-12-11,07:45,9.4,5,75,WNW,14.5,37,1006.27,0,0,0,0,,
2022-12-11,08:00,9.2,5,76,WEST,19.3,32.2,1006.5,0,0,0,7,,
2022-12-11,08:15,9.3,5,76,WNW,24.1,37,1006.5,0,0,0,49,,
2022-12-11,08:30,9.5,5,76,WEST,24.1,45.1,1006.57,0,0,0,111,,
2022-12-11,08:45,9.7,5.6,75,NNW,20.9,37,1006.91,0,0,0,67,,
2022-12-11,09:00,9.6,5,75,WEST,17.7,33.8,1007.15,0,0,0,56,,
2022-12-11,09:15,9.6,5.6,75,WNW,17.7,22.5,1007.21,0,0,0,139,,
2022-12-11,09:30,9.8,5.6,76,WNW,11.3,41.8,1007.28,0,0,0,86,,
2022-12-11,09:45,9.8,5.6,76,WNW,11.3,27.4,1007.32,0,0,0,79,,
2022-12-11,10:00,10.2,6.1,76,NW,20.9,38.6,1007.38,0,0,1,418,,
2022-12-11,10:15,10.3,5.6,74,WNW,16.1,29,1007.42,0,0,0,179,,
2022-12-11,10:30,10.6,6.1,74,WEST,24.1,30.6,1007.72,0,0,1,109,,
2022-12-11,10:45,10.4,5.6,73,WEST,16.1,40.2,1007.32,0,0,1,171,,
2022-12-11,11:00,10.8,5.6,72,WEST,30.6,38.6,1007.25,0,0,1,153,,
2022-12-11,11:15,10.9,5.6,71,NE,19.3,43.5,1007.08,0,0,1,141,,
2022-12-11,11:30,10.7,5.6,72,WNW,22.5,43.5,1007.15,0,0,1,404,,
2022-12-11,11:45,11.3,5.6,70,WEST,32.2,43.5,1006.98,0,0,2,610,,
2022-12-11,12:00,11.3,5.6,69,WEST,17.7,51.5,1006.91,0,0,1,139,,
2022-12-11,12:15,11,5.6,69,WNW,22.5,51.5,1006.84,0,0,1,142,,
2022-12-11,12:30,10.9,5.6,70,WNW,22.5,43.5,1006.84,0,0,1,258,,
2022-12-11,12:45,10.9,5.6,70,WNW,32.2,49.9,1006.71,0,0,1,146,,
2022-12-11,13:00,10.9,6.1,73,WEST,22.5,41.8,1006.6,0,0,1,134,,
2022-12-11,13:15,10.9,6.1,74,WEST,24.1,45.1,1006.67,0,0,1,181,,
2022-12-11,13:30,11.6,6.7,73,WNW,17.7,37,1006.64,0,0,1,434,,
2022-12-11,13:45,11.3,6.1,72,WNW,20.9,45.1,1006.71,0,0,1,406,,
2022-12-11,14:00,11.3,6.1,72,WEST,32.2,54.7,1006.5,0,0,1,155,,
2022-12-11,14:15,11.1,6.1,71,WEST,25.7,46.7,1006.47,0,0,1,167,,
2022-12-11,14:30,11.3,6.1,72,WNW,33.8,43.5,1006.2,0,0,1,149,,
2022-12-11,14:45,11.2,6.1,73,WNW,20.9,46.7,1006.03,0,0,0,355,,
2022-12-11,15:00,11.2,6.7,74,WNW,27.4,46.7,1006.03,0,0,0,105,,
2022-12-11,15:15,11,6.7,75,NW,16.1,40.2,1006.1,0,0,0,144,,
2022-12-11,15:30,11,6.7,76,WEST,29,38.6,1006.03,0,0,0,128,,
2022-12-11,15:45,10.9,6.7,76,NW,12.9,30.6,1006.06,0,0,0,62,,
2022-12-11,16:00,10.8,6.7,77,WNW,24.1,40.2,1006.1,0,0,0,35,,
2022-12-11,16:15,10.7,6.7,77,WNW,16.1,33.8,1006.1,0,0,0,26,,
2022-12-11,16:30,10.6,6.7,78,WEST,22.5,27.4,1006.27,0,0,0,18,,
2022-12-11,16:45,10.5,6.7,79,WNW,8,22.5,1006.06,0,0,0,11,,
2022-12-11,17:00,10.4,6.7,79,WNW,14.5,17.7,1005.79,0,0,0,0,,
2022-12-11,17:15,10.1,6.7,80,NW,14.5,22.5,1005.83,0,0,0,0,,
2022-12-11,17:30,10.1,6.7,80,WNW,12.9,22.5,1005.93,0,0,0,0,,
2022-12-11,17:45,10.1,6.7,80,WNW,8,19.3,1005.86,0,0,0,0,,
2022-12-11,18:00,10.2,6.7,81,NW,17.7,22.5,1005.86,0,0,0,0,,
2022-12-11,18:15,10.2,6.7,80,NW,12.9,22.5,1005.76,0,0,0,0,,
2022-12-11,18:30,10.3,7.2,80,WNW,12.9,22.5,1005.59,0,0,0,0,,
2022-12-11,18:45,10.4,7.2,80,WEST,16.1,19.3,1005.76,0,0,0,0,,
2022-12-11,19:00,10.3,6.7,80,NW,3.2,14.5,1005.72,0,0,0,0,,
2022-12-11,19:15,10,6.7,80,NNW,1.6,4.8,1005.69,0,0,0,0,,
2022-12-11,19:30,9.9,6.7,81,NORTH,0,4.8,1005.99,0,0,0,0,,
2022-12-11,19:45,9.8,6.7,81,NNE,3.2,3.2,1005.96,0,0,0,0,,
2022-12-11,20:00,9.7,6.7,81,NNE,1.6,4.8,1005.96,0,0,0,0,,
2022-12-11,20:15,9.7,6.7,82,NNE,1.6,4.8,1005.96,0,0,0,0,,
2022-12-11,20:30,9.7,6.7,82,EAST,3.2,6.4,1005.72,0,0,0,0,,
2022-12-11,20:45,9.7,6.7,82,ESE,3.2,4.8,1006.06,0,0,0,0,,
2022-12-11,21:00,9.7,6.7,82,ESE,3.2,4.8,1006.3,0,0,0,0,,
2022-12-11,21:15,9.8,6.7,82,ESE,1.6,3.2,1006.06,0,0,0,0,,
2022-12-11,21:30,9.8,6.7,83,ESE,4.8,6.4,1006.27,0,0,0,0,,
2022-12-11,21:45,9.7,7.2,84,SE,4.8,6.4,1006.23,0,0,0,0,,
2022-12-11,22:00,9.5,6.7,85,ESE,3.2,6.4,1006.16,0,0,0,0,,
2022-12-11,22:15,9.2,6.7,86,ESE,4.8,6.4,1006.1,0,0,0,0,,
2022-12-11,22:30,9,6.7,86,ESE,6.4,6.4,1006.13,0,0,0,0,,
2022-12-11,22:45,8.9,6.7,87,ESE,1.6,11.3,1005.96,0,0,0,0,,
2022-12-11,23:00,9,6.7,88,ESE,4.8,4.8,1006.13,0,0,0,0,,
2022-12-11,23:15,8.9,6.7,88,ESE,3.2,3.2,1006.3,0,0,0,0,,
2022-12-11,23:30,8.9,7.2,89,ESE,3.2,3.2,1006.23,0,0,0,0,,
2022-12-11,23:45,8.8,6.7,89,NORTH,0,3.2,1005.93,0,0,0,0,,
2022-12-11,OVR,,,,,,,,,,,,gustmax,43.5
2022-12-11,OVR,,,,,,,,,,,,rainrate_max,0
2022-12-11,OVR,,,,,,,,,,,,rain_total_mm,0
2022-12-11,OVR,,,,,,,,,,,,tmax,11.7
2022-12-11,OVR,,,,,,,,,,,,tmin,8.8
2022-12-11,OVR,,,,,,,,,,,,wind_dir_mean_deg,292.5
2022-12-12,00:00,8.8,6.7,89,NORTH,0,1.6,1006.16,0,0,0,0,,
2022-12-12,00:15,8.9,7.2,89,NORTH,0,1.6,1006.06,0,0,0,0,,
2022-12-12,00:30,8.8,7.2,90,NORTH,0,0,1005.83,0,0,0,0,,
2022-12-12,00:45,8.6,6.7,90,NORTH,0,0,1006.03,0.25,0.25,0,0,,
2022-12-12,01:00,8.6,6.7,90,NORTH,0,0,1006.06,0.25,0.25,0,0,,
2022-12-12,01:15,8.6,6.7,90,NORTH,0,0,1006.03,0.25,0.25,0,0,,
2022-12-12,01:30,8.5,6.7,90,NORTH,0,3.2,1006.1,0.25,0,0,0,,
2022-12-12,01:45,8.4,6.7,90,NNW,1.6,4.8,1006.06,0.25,0,0,0,,
2022-12-12,02:00,8.4,6.7,90,NNW,1.6,3.2,1006.1,0.25,0,0,0,,
2022-12-12,02:15,8.4,6.7,90,NORTH,0,1.6,1006.16,0.25,0,0,0,,
2022-12-12,02:30,8.3,6.7,90,NORTH,0,1.6,1006.2,0.25,0,0,0,,
2022-12-12,02:45,8.3,6.7,91,NORTH,0,3.2,1006.23,0.25,0,0,0,,
2022-12-12,03:00,8.2,6.7,91,NNW,4.8,4.8,1005.89,0.51,0.25,0,0,,
2022-12-12,03:15,8.3,6.7,91,NNW,1.6,4.8,1006.13,0.51,0.25,0,0,,
2022-12-12,03:30,8.2,6.7,91,NORTH,0,4.8,1005.83,0.51,0.25,0,0,,
2022-12-12,03:45,8.1,6.7,91,,4.8,4.8,1005.76,0.51,0.25,0,0,,
2022-12-12,04:00,8,6.7,91,NNW,3.2,6.4,1005.83,0.51,0,0,0,,
2022-12-12,04:15,7.9,6.1,91,NNW,1.6,3.2,1005.89,0.51,0,0,0,,
2022-12-12,04:30,7.9,6.1,91,NNW,3.2,4.8,1006.03,0.51,0,0,0,,
2022-12-12,04:45,7.9,6.1,91,NORTH,0,4.8,1006.3,0.51,0,0,0,,
2022-12-12,05:00,7.9,6.1,91,NORTH,0,4.8,1006.23,0.51,0,0,0,,
2022-12-12,05:15,7.8,6.1,91,NW,4.8,4.8,1006.57,0.51,0,0,0,,
2022-12-12,05:30,8.1,6.7,91,NORTH,0,8,1006.64,0.51,0,0,0,,
2022-12-12,05:45,8.1,6.7,91,NORTH,0,1.6,1006.6,0.51,0,0,0,,
2022-12-12,06:00,8,6.7,91,NORTH,0,3.2,1006.74,0.51,0,0,0,,
2022-12-12,06:15,8,6.7,91,NORTH,0,3.2,1006.84,0.51,0,0,0,,
2022-12-12,06:30,7.9,6.1,91,NORTH,0,1.6,1007.35,0.51,0,0,0,,
2022-12-12,06:45,7.7,6.1,91,NORTH,0,4.8,1007.69,0.51,0,0,0,,
2022-12-12,07:00,7.4,6.1,91,NORTH,0,1.6,1007.86,0.51,0,0,0,,
2022-12-12,07:15,7.3,5.6,90,NORTH,0,3.2,1008.03,0.51,0,0,0,,
2022-12-12,07:30,7.2,5.6,90,,1.6,3.2,1008.23,0.51,0,0,0,,
2022-12-12,07:45,6.9,5,89,NORTH,0,3.2,1008.53,0.51,0,0,7,,
2022-12-12,08:00,6.9,5,89,NORTH,0,0,1009.11,0.51,0,0,19,,
2022-12-12,08:15,7,5,89,NORTH,0,3.2,1009.38,0.51,0,0,26,,
2022-12-12,08:30,7.3,5.6,88,,1.6,3.2,1009.41,0.51,0,0,88,,
2022-12-12,08:45,7.2,5,88,NORTH,0,3.2,1009.72,0.51,0,0,141,,
2022-12-12,09:00,7.9,5.6,86,NORTH,0,1.6,1009.72,0.51,0,0,174,,
2022-12-12,09:15,8.8,6.1,84,NORTH,0,0,1010.06,0.51,0,0,239,,
2022-12-12,09:30,9.6,5.6,77,NORTH,0,3.2,1010.43,0.51,0,0,113,,
2022-12-12,09:45,9.7,5,73,NORTH,0,3.2,1010.7,0.51,0,1,308,,
2022-12-12,10:00,10.3,5,71,NNW,8,6.4,1011.04,0.51,0,1,346,,
2022-12-12,10:15,10.8,5.6,70,WEST,4.8,9.7,1011.34,0.51,0,1,225,,
2022-12-12,10:30,10.8,5.6,70,WEST,4.8,11.3,1011.07,0.51,0,1,185,,
2022-12-12,10:45,11.1,6.1,72,,8,16.1,1011.21,0.51,0,1,255,,
2022-12-12,11:00,11.2,6.1,73,NNE,3.2,14.5,1010.84,0.51,0,1,445,,
2022-12-12,11:15,11.4,6.7,72,WEST,6.4,16.1,1010.9,0.51,0,1,462,,
2022-12-12,11:30,11.8,6.7,72,WEST,6.4,20.9,1010.57,0.51,0,2,654,,
2022-12-12,11:45,11.8,6.7,72,WEST,14.5,20.9,1010.6,0.51,0,1,229,,
2022-12-12,12:00,11.6,6.7,73,WEST,9.7,24.1,1010.74,0.51,0,1,181,,
2022-12-12,12:15,11.5,6.7,74,WNW,9.7,20.9,1010.94,0.51,0,1,153,,
2022-12-12,12:30,11.4,7.2,75,NW,3.2,14.5,1010.57,0.51,0,1,248,,
2022-12-12,12:45,11.6,7.2,74,WNW,8,19.3,1010.43,0.51,0,1,204,,
2022-12-12,13:00,11.7,7.2,75,WEST,3.2,16.1,1009.92,0.51,0,1,195,,
2022-12-12,13:15,11.8,7.2,75,WNW,8,22.5,1010.13,0.51,0,1,185,,
2022-12-12,13:30,11.9,7.8,76,WEST,14.5,20.9,1009.99,0.51,0,1,146,,
2022-12-12,13:45,11.9,7.8,77,WNW,12.9,25.7,1010.16,0.51,0,0,155,,
2022-12-12,14:00,11.9,8.3,78,WEST,19.3,25.7,1009.92,0.51,0,1,227,,
2022-12-12,14:15,12.2,8.3,79,WNW,17.7,25.7,1009.92,0.51,0,1,160,,
2022-12-12,14:30,11.9,8.3,79,WNW,22.5,38.6,1010.26,0.51,0,0,104,,
2022-12-12,14:45,11.8,8.3,80,WEST,20.9,27.4,1009.96,0.51,0,0,153,,
2022-12-12,15:00,11.9,8.3,81,NNE,16.1,27.4,1009.82,0.51,0,0,158,,
2022-12-12,15:15,11.9,8.3,80,WNW,16.1,30.6,1009.55,0.51,0,0,142,,
2022-12-12,15:30,11.8,8.3,81,WEST,11.3,27.4,1009.75,0.51,0,0,88,,
2022-12-12,15:45,11.7,8.3,81,WEST,12.9,19.3,1009.65,0.51,0,0,67,,
2022-12-12,16:00,11.7,8.3,82,WNW,8,17.7,1009.52,0.51,0,0,102,,
2022-12-12,16:15,11.6,8.3,82,WEST,11.3,20.9,1009.55,0.51,0,0,49,,
2022-12-12,16:30,11.6,8.3,82,WEST,16.1,16.1,1009.55,0.51,0,0,0,,
2022-12-12,16:45,11.4,8.3,83,WNW,3.2,12.9,1009.69,0.51,0,0,0,,
2022-12-12,17:00,11.3,8.3,83,NORTH,0,9.7,1009.85,0.51,0,0,0,,
2022-12-12,17:15,11.1,8.3,83,NORTH,0,3.2,1009.82,0.51,0,0,0,,
2022-12-12,17:30,10.9,8.3,84,NORTH,0,1.6,1010.02,0.51,0,0,0,,
2022-12-12,17:45,10.7,7.8,84,NORTH,0,4.8,1010.06,0.51,0,0,0,,
2022-12-12,18:00,10.7,7.8,85,NORTH,0,1.6,1009.99,0.51,0,0,0,,
2022-12-12,18:15,10.7,8.3,85,WEST,1.6,3.2,1009.99,0.51,0,0,0,,
2022-12-12,18:30,10.9,8.3,86,SSE,3.2,8,1010.19,0.51,0,0,0,,
2022-12-12,18:45,11.1,8.3,86,SE,6.4,8,1010.06,0.51,0,0,0,,
2022-12-12,19:00,11.1,8.3,86,SE,4.8,16.1,1009.99,0.51,0,0,0,,
2022-12-12,19:15,11,8.9,86,SSE,6.4,14.5,1010.19,0.51,0,0,0,,
2022-12-12,19:30,10.9,8.3,86,SE,3.2,12.9,1009.89,0.51,0,0,0,,
2022-12-12,19:45,10.9,8.9,87,SE,4.8,12.9,1009.75,0.51,0,0,0,,
2022-12-12,20:00,11.1,8.9,87,SE,8,17.7,1009.65,0.51,0,0,0,,
2022-12-12,20:15,11,8.9,87,ESE,11.3,12.9,1009.28,0.51,0,0,0,,
2022-12-12,20:30,10.9,8.3,86,SE,6.4,14.5,1009.11,0.51,0,0,0,,
2022-12-12,20:45,10.9,8.3,85,ESE,11.3,14.5,1009.21,0.51,0,0,0,,
2022-12-12,21:00,10.9,8.3,85,SE,8,14.5,1009.69,0.51,0,0,0,,
2022-12-12,21:15,10.9,8.3,86,SE,8,12.9,1009.96,1.27,0.76,0,0,,
2022-12-12,21:30,10.8,8.9,88,SE,6.4,16.1,1010.16,1.78,1.52,0,0,,
2022-12-12,21:45,10.7,8.9,89,ESE,11.3,12.9,1009.52,2.29,1.78,0,0,,
2022-12-12,22:00,10.8,8.9,90,SE,8,14.5,1009.31,2.79,2.29,0,0,,
2022-12-12,22:15,10.8,8.9,90,ESE,4.8,9.7,1009.14,3.05,1.52,0,0,,
2022-12-12,22:30,10.7,8.9,91,ESE,6.4,12.9,1008.6,3.56,1.78,0,0,,
2022-12-12,22:45,10.3,8.9,91,EAST,9.7,14.5,1008.33,4.06,1.78,0,0,,
2022-12-12,23:00,10.7,9.4,92,ESE,6.4,20.9,1008.4,4.32,1.52,0,0,,
2022-12-12,23:15,10.9,9.4,92,ESE,4.8,19.3,1008.16,5.08,1.78,0,0,,
2022-12-12,23:30,10.9,9.4,92,ESE,11.3,20.9,1007.48,5.33,1.78,0,0,,
2022-12-12,23:45,10.9,9.4,93,ESE,14.5,17.7,1007.25,5.59,1.52,0,0,,
2022-12-12,OVR,,,,,,,,,,,,gustmax,22.5
2022-12-12,OVR,,,,,,,,,,,,rainrate_max,5
2022-12-12,OVR,,,,,,,,,,,,rain_total_mm,5.6
2022-12-12,OVR,,,,,,,,,,,,tmax,12.2
2022-12-12,OVR,,,,,,,,,,,,tmin,6.8
2022-12-12,OVR,,,,,,,,,,,,wind_dir_mean_deg,292.5
2022-12-13,00:00,10.9,9.4,93,ESE,16.1,19.3,1007.04,0,1.27,0,0,,
2022-12-13,00:15,11,10,93,ESE,12.9,27.4,1006.91,0.25,0.76,0,0,,
2022-12-13,00:30,11.1,10,93,SE,17.7,25.7,1006.77,0.25,0.51,0,0,,
2022-12-13,00:45,11.1,10,93,SE,17.7,27.4,1005.89,0.25,0.25,0,0,,
2022-12-13,01:00,11.2,10,93,ESE,8,19.3,1006.03,0.25,0,0,0,,
2022-12-13,01:15,11.4,10.6,94,ESE,12.9,25.7,1005.52,0.76,0.51,0,0,,
2022-12-13,01:30,11.6,10.6,94,SE,12.9,20.9,1005.59,1.52,1.52,0,0,,
2022-12-13,01:45,12.1,11.1,94,SE,11.3,14.5,1005.05,2.29,2.03,0,0,,
2022-12-13,02:00,12.4,11.1,94,SE,16.1,22.5,1005.11,3.3,3.3,0,0,,
2022-12-13,02:15,12.3,11.1,94,SE,16.1,24.1,1005.05,4.32,3.3,0,0,,
2022-12-13,02:30,12.4,11.1,94,SE,16.1,17.7,1004.57,4.32,2.54,0,0,,
2022-12-13,02:45,13.2,12.2,95,SSE,11.3,12.9,1005.11,4.32,2.03,0,0,,
2022-12-13,03:00,13.6,12.8,95,SOUTH,3.2,16.1,1004.81,4.32,1.02,0,0,,
2022-12-13,03:15,14.2,13.3,95,SOUTH,1.6,12.9,1004.57,4.57,0.51,0,0,,
2022-12-13,03:30,14.4,13.3,95,WEST,6.4,14.5,1004.54,4.83,0.51,0,0,,
2022-12-13,03:45,14.6,13.3,95,NORTH,0,24.1,1004.37,4.83,0.51,0,0,,
2022-12-13,04:00,15.3,13.9,94,SSW,4.8,35.4,1004.17,5.08,0.51,0,0,,
2022-12-13,04:15,15.6,14.4,93,WSW,9.7,32.2,1004.1,5.08,0,0,0,,
2022-12-13,04:30,15.9,14.4,92,WEST,16.1,41.8,1004.06,5.08,0,0,0,,
2022-12-13,07:45,16.3,14.4,90,NE,8,48.3,1004.81,5.08,0,0,0,,
2022-12-13,08:00,16.3,14.4,90,NNE,16.1,38.6,1005.01,5.08,0,0,40,,
2022-12-13,08:15,16.3,14.4,91,WNW,20.9,38.6,1005.05,5.08,0,0,18,,
2022-12-13,08:30,16.2,14.4,91,WEST,17.7,37,1005.05,5.08,0,0,42,,
2022-12-13,08:45,16.2,14.4,91,WEST,16.1,29,1005.59,5.08,0,0,155,,
2022-12-13,09:00,16.2,14.4,91,WNW,22.5,25.7,1005.59,5.08,0,0,54,,
2022-12-13,09:15,16.3,14.4,91,WEST,17.7,33.8,1006.03,5.08,0,0,84,,
2022-12-13,09:30,16.3,14.4,91,WEST,19.3,20.9,1006.27,5.08,0,0,69,,
2022-12-13,09:45,16.2,14.4,92,NE,19.3,30.6,1006.64,5.08,0,0,51,,
2022-12-13,10:00,16.3,15,92,ENE,22.5,35.4,1006.71,5.08,0,1,220,,
2022-12-13,10:15,16.5,15,92,WEST,16.1,38.6,1006.77,5.08,0,1,348,,
2022-12-13,10:30,16.8,15,91,NE,11.3,33.8,1006.77,5.08,0,1,538,,
2022-12-13,10:45,17,15,88,ENE,24.1,53.1,1006.87,5.08,0,1,281,,
2022-12-13,11:00,17,14.4,86,WNW,24.1,46.7,1007.11,5.08,0,1,213,,
2022-12-13,11:15,17.1,14.4,87,WNW,32.2,40.2,1007.18,5.08,0,1,200,,
2022-12-13,11:30,16.6,13.9,87,WEST,19.3,43.5,1007.04,5.08,0,1,264,,
2022-12-13,11:45,16.6,14.4,87,ESE,20.9,33.8,1007.15,5.08,0,1,381,,
2022-12-13,12:00,16.6,14.4,87,ENE,20.9,33.8,1006.98,5.08,0,2,373,,
2022-12-13,12:15,16.6,14.4,87,NW,22.5,33.8,1006.84,5.08,0,1,178,,
2022-12-13,12:30,16.7,14.4,87,WNW,16.1,32.2,1006.77,5.08,0,1,120,,
2022-12-13,12:45,16.3,13.9,88,WNW,12.9,32.2,1006.47,5.08,0,1,297,,
2022-12-13,13:00,16.7,14.4,88,WEST,20.9,35.4,1006.6,5.08,0,1,431,,
2022-12-13,13:15,16.5,14.4,88,NNE,17.7,29,1006.47,5.08,0,1,225,,
2022-12-13,13:30,16.4,14.4,89,WNW,17.7,30.6,1006.47,5.08,0,1,172,,
2022-12-13,13:45,16.5,14.4,89,NW,20.9,32.2,1006.06,5.08,0,1,626,,
2022-12-13,14:00,17,15,88,WEST,24.1,33.8,1006.03,5.08,0,1,554,,
2022-12-13,14:15,16.7,13.9,86,WNW,20.9,40.2,1006.13,5.08,0,1,102,,
2022-12-13,14:30,16.5,13.9,87,WNW,22.5,33.8,1006.47,5.08,0,0,51,,
2022-12-13,14:45,16.3,13.9,87,WEST,24.1,24.1,1006.47,5.08,0,0,65,,
2022-12-13,15:00,16.3,13.9,88,WNW,6.4,24.1,1006.47,5.08,0,0,144,,
2022-12-13,15:15,16.2,14.4,89,WNW,12.9,22.5,1006.47,5.08,0,0,146,,
2022-12-13,15:30,16.1,14.4,91,WEST,16.1,22.5,1006.5,5.08,0,0,121,,
2022-12-13,15:45,16.1,14.4,92,NNE,14.5,19.3,1006.77,5.08,0,0,118,,
2022-12-13,16:00,16.1,14.4,91,NW,12.9,22.5,1006.91,5.08,0,0,77,,
2022-12-13,16:15,16.1,14.4,90,WEST,6.4,17.7,1007.08,5.08,0,0,62,,
2022-12-13,16:30,16,13.9,90,WNW,9.7,14.5,1006.94,5.08,0,0,33,,
2022-12-13,16:45,15.8,13.9,90,WNW,8,17.7,1006.94,5.08,0,0,28,,
2022-12-13,17:00,15.8,13.9,90,WEST,6.4,17.7,1007.08,5.08,0,0,18,,
2022-12-13,17:15,15.8,13.9,90,NW,4.8,12.9,1007.01,5.08,0,0,0,,
2022-12-13,17:30,15.6,13.9,90,NW,1.6,6.4,1007.01,5.08,0,0,0,,
2022-12-13,17:45,15.4,13.9,90,NW,1.6,3.2,1007.08,5.08,0,0,0,,
2022-12-13,18:00,15.1,13.3,90,NW,3.2,4.8,1007.25,5.08,0,0,0,,
2022-12-13,18:15,14.9,13.3,91,WNW,1.6,4.8,1007.21,5.08,0,0,0,,
2022-12-13,18:30,14.9,13.3,91,WNW,3.2,4.8,1007.18,5.08,0,0,0,,
2022-12-13,18:45,14.6,12.8,91,WEST,1.6,3.2,1007.38,5.08,0,0,0,,
2022-12-13,19:00,14.4,12.8,91,WEST,1.6,4.8,1007.28,5.08,0,0,0,,
2022-12-13,19:15,14.4,12.8,91,SOUTH,3.2,6.4,1007.32,5.08,0,0,0,,
2022-12-13,19:30,14.6,13.3,92,SSE,1.6,6.4,1007.52,5.08,0,0,0,,
2022-12-13,19:45,14.5,13.3,92,SSE,6.4,8,1007.52,5.08,0,0,0,,
2022-12-13,20:00,14.9,13.3,93,SE,6.4,11.3,1007.62,5.08,0,0,0,,
2022-12-13,20:15,15.1,13.9,93,SE,6.4,14.5,1007.52,5.08,0,0,0,,
2022-12-13,20:30,15,13.3,92,SE,3.2,8,1007.55,5.08,0,0,0,,
2022-12-13,20:45,15.1,13.9,92,SE,3.2,4.8,1007.45,5.08,0,0,0,,
2022-12-13,21:00,14.9,13.3,92,SE,3.2,4.8,1007.52,5.08,0,0,0,,
2022-12-13,21:15,14.9,13.3,92,SE,1.6,4.8,1007.59,5.08,0,0,0,,
2022-12-13,21:30,15,13.3,92,SE,3.2,6.4,1007.35,5.08,0,0,0,,
2022-12-13,21:45,15.1,13.9,93,ESE,4.8,6.4,1007.25,5.59,0.51,0,0,,
2022-12-13,22:00,15.1,13.9,92,ESE,4.8,6.4,1007.28,6.35,1.52,0,0,,
2022-12-13,22:15,15.1,13.9,93,ESE,3.2,11.3,1007.21,6.6,1.52,0,0,,
2022-12-13,22:30,15,13.9,93,ESE,4.8,14.5,1006.77,6.86,1.78,0,0,,
2022-12-13,22:45,15.1,13.9,93,ESE,4.8,11.3,1005.99,6.86,1.27,0,0,,
2022-12-13,23:00,15.1,13.9,93,SE,4.8,12.9,1006.47,6.86,0.51,0,0,,
2022-12-13,23:15,15.1,13.9,93,SE,16.1,14.5,1006.47,6.86,0.25,0,0,,
2022-12-13,23:30,15.3,13.9,94,SE,12.9,16.1,1006.33,6.86,0,0,0,,
2022-12-13,23:45,15.4,14.4,94,SE,14.5,14.5,1005.93,7.11,0.25,0,0,,
2022-12-13,OVR,,,,,,,,,,,,gustmax,32.2
2022-12-13,OVR,,,,,,,,,,,,rainrate_max,14
2022-12-13,OVR,,,,,,,,,,,,rain_total_mm,7
2022-12-13,OVR,,,,,,,,,,,,tmax,17.3
2022-12-13,OVR,,,,,,,,,,,,tmin,10.9
2022-12-13,OVR,,,,,,,,,,,,wind_dir_mean_deg,157.5
2022-12-14,00:00,15.4,14.4,94,SE,11.3,16.1,1005.86,0,0.25,0,0,,
2022-12-14,00:15,15.4,14.4,94,ESE,4.8,14.5,1005.52,0,0.25,0,0,,
2022-12-14,00:30,15.3,14.4,94,SE,6.4,16.1,1005.35,0,0.25,0,0,,
2022-12-14,00:45,15.4,14.4,95,SE,11.3,16.1,1005.35,0,0,0,0,,
2022-12-14,01:00,15.3,14.4,94,ESE,12.9,16.1,1005.01,0,0,0,0,,
2022-12-14,01:15,15.2,14.4,95,SE,16.1,17.7,1005.01,0.25,0.25,0,0,,
2022-12-14,01:30,15.1,13.9,95,ESE,16.1,19.3,1005.01,0.25,0.25,0,0,,
2022-12-14,01:45,15.1,13.9,95,SOUTH,1.6,20.9,1004.88,0.76,0.76,0,0,,
2022-12-14,02:00,15.1,14.4,95,SSE,3.2,11.3,1004.67,1.02,1.02,0,0,,
2022-12-14,02:15,15.1,13.9,95,SSE,3.2,3.2,1004.47,1.02,0.76,0,0,,
2022-12-14,02:30,15.3,14.4,95,,6.4,16.1,1004.61,1.02,0.51,0,0,,
2022-12-14,02:45,15.4,14.4,95,SOUTH,1.6,19.3,1004.61,1.02,0.25,0,0,,
2022-12-14,03:00,15.4,14.4,95,SSE,14.5,24.1,1004.67,1.02,0,0,0,,
2022-12-14,03:15,15.6,14.4,95,WNW,3.2,27.4,1004.44,1.27,0.25,0,0,,
2022-12-14,03:30,15.6,14.4,94,SW,3.2,17.7,1004.06,1.27,0.25,0,0,,
2022-12-14,03:45,15.6,14.4,94,,8,20.9,1004.06,1.27,0.25,0,0,,
2022-12-14,04:00,15.8,14.4,93,SSW,4.8,17.7,1004.03,1.27,0.25,0,0,,
2022-12-14,04:15,16.2,14.4,92,WSW,16.1,33.8,1003.56,1.27,0,0,0,,
2022-12-14,04:30,16.4,14.4,91,SSW,8,20.9,1003.32,1.27,0,0,0,,
2022-12-14,04:45,16.6,14.4,89,SW,8,25.7,1003.39,1.27,0,0,0,,
2022-12-14,05:00,16.7,14.4,89,WSW,3.2,25.7,1003.42,1.27,0,0,0,,
2022-12-14,05:15,16.7,14.4,88,WNW,8,14.5,1003.59,1.27,0,0,0,,
2022-12-14,05:30,16.7,14.4,89,NE,6.4,16.1,1003.29,1.27,0,0,0,,
2022-12-14,05:45,16.7,14.4,89,SW,8,19.3,1002.98,1.27,0,0,0,,
2022-12-14,06:00,16.6,15,90,NNE,3.2,20.9,1003.12,1.27,0,0,0,,
2022-12-14,06:15,16.5,14.4,90,NNE,6.4,19.3,1002.85,1.27,0,0,0,,
2022-12-14,06:30,16.4,14.4,91,WSW,4.8,17.7,1002.78,1.27,0,0,0,,
2022-12-14,06:45,16.4,15,91,SOUTH,3.2,14.5,1002.47,1.27,0,0,0,,
2022-12-14,07:00,16.4,15,91,SE,6.4,16.1,1002.61,1.27,0,0,0,,
2022-12-14,07:15,16.4,15,92,NNE,12.9,16.1,1002.61,1.27,0,0,0,,
2022-12-14,07:30,16.5,15,92,SW,3.2,19.3,1002.85,1.27,0,0,0,,
2022-12-14,07:45,16.5,15,92,ENE,4.8,20.9,1002.61,1.27,0,0,0,,
2022-12-14,08:00,16.4,15,92,WSW,11.3,12.9,1002.85,1.27,0,0,0,,
2022-12-14,08:15,16.4,15,92,NNE,6.4,22.5,1002.81,1.27,0,0,12,,
2022-12-14,08:30,16.5,15,92,NORTH,8,17.7,1002.91,1.27,0,0,9,,
2022-12-14,08:45,16.4,15,93,NE,6.4,25.7,1002.95,1.27,0,0,19,,
2022-12-14,09:00,16.4,15,93,SW,4.8,35.4,1003.15,1.52,0.25,0,90,,
2022-12-14,09:15,16.5,15.6,94,WEST,4.8,25.7,1003.08,1.52,0.25,0,97,,
2022-12-14,09:30,16.6,15.6,93,SW,1.6,27.4,1003.01,1.52,0.25,0,81,,
2022-12-14,09:45,16.7,15.6,93,WEST,6.4,22.5,1003.15,1.52,0.25,0,102,,
2022-12-14,10:00,17.1,15.6,92,SW,11.3,22.5,1003.22,1.52,0,1,176,,
2022-12-14,10:15,17.4,15.6,89,NE,11.3,33.8,1003.45,1.52,0,1,162,,
2022-12-14,10:30,17.6,15.6,88,EAST,14.5,35.4,1003.32,1.52,0,1,309,,
2022-12-14,10:45,17.5,15,88,SSW,8,41.8,1003.59,1.52,0,1,172,,
2022-12-14,11:00,17.4,15,88,WEST,29,49.9,1003.52,1.52,0,1,171,,
2022-12-14,11:15,17.4,15.6,89,NE,16.1,40.2,1003.32,1.52,0,1,128,,
2022-12-14,11:30,17.2,15,89,ENE,14.5,40.2,1003.08,1.52,0,1,163,,
2022-12-14,11:45,17.1,15,90,ENE,17.7,40.2,1003.22,1.52,0,0,81,,
2022-12-14,12:00,16.8,15,91,NE,19.3,32.2,1002.74,1.52,0,1,547,,
2022-12-14,12:15,17.4,15.6,89,NE,8,43.5,1002.51,1.52,0,2,425,,
2022-12-14,12:30,17.4,15,87,WEST,27.4,40.2,1002.51,1.52,0,1,165,,
2022-12-14,12:45,17.3,15,88,WEST,20.9,40.2,1002.57,1.52,0,1,239,,
2022-12-14,13:00,17.3,15,89,WEST,35.4,41.8,1002.44,1.52,0,1,475,,
2022-12-14,13:15,17.3,15,89,NE,9.7,33.8,1002.27,1.52,0,2,181,,
2022-12-14,13:30,17.7,15.6,87,NE,14.5,45.1,1002.24,1.52,0,2,434,,
2022-12-14,13:45,17.4,15,88,NE,17.7,46.7,1002.64,1.52,0,1,223,,
2022-12-14,14:00,17.1,14.4,87,ENE,22.5,51.5,1002.81,1.52,0,1,186,,
2022-12-14,14:15,16.9,14.4,86,WNW,20.9,48.3,1002.98,1.52,0,0,88,,
2022-12-14,14:30,16.7,14.4,87,WEST,24.1,41.8,1003.15,1.52,0,0,54,,
2022-12-14,14:45,16.2,13.9,88,WEST,29,53.1,1003.32,1.52,0,0,21,,
2022-12-14,15:00,15.8,13.9,90,NE,11.3,46.7,1003.25,1.52,0,1,169,,
2022-12-14,15:15,15.7,13.9,90,WEST,32.2,49.9,1003.35,1.52,0,0,81,,
2022-12-14,15:30,15.5,13.9,90,WNW,29,45.1,1003.76,1.52,0,0,65,,
2022-12-14,15:45,15.4,13.9,90,WNW,19.3,29,1003.86,1.52,0,0,26,,
2022-12-14,16:00,15.3,13.3,89,NW,14.5,30.6,1004.23,1.52,0,0,26,,
2022-12-14,16:15,15.3,13.3,89,ENE,11.3,22.5,1004.2,1.52,0,0,0,,
2022-12-14,16:30,15.3,13.3,89,WNW,6.4,19.3,1004.34,1.52,0,0,0,,
2022-12-14,16:45,15.3,13.3,89,WNW,11.3,27.4,1004.13,1.52,0,0,0,,
2022-12-14,17:00,15.3,13.3,90,WNW,14.5,24.1,1004.57,1.52,0,0,0,,
2022-12-14,17:15,15.2,13.3,91,NW,6.4,22.5,1004.81,1.52,0,0,0,,
2022-12-14,17:30,15.1,13.3,91,WNW,14.5,27.4,1005.25,1.52,0,0,0,,
2022-12-14,17:45,15.1,13.9,92,ENE,16.1,30.6,1005.25,1.52,0,0,0,,
2022-12-14,18:00,14.6,13.3,92,WEST,19.3,45.1,1005.72,1.52,0,0,0,,
2022-12-14,18:15,14.2,12.8,93,WNW,24.1,40.2,1005.83,1.52,0,0,0,,
2022-12-14,18:30,13.9,12.8,94,WNW,14.5,33.8,1006.16,1.52,0,0,0,,
2022-12-14,18:45,13.8,12.8,94,WNW,19.3,43.5,1006.47,1.52,0,0,0,,
2022-12-14,19:00,13.6,12.2,94,WNW,32.2,51.5,1006.2,1.52,0,0,0,,
2022-12-14,19:15,13.6,12.2,94,WNW,22.5,46.7,1006.87,1.52,0,0,0,,
2022-12-14,19:30,13.4,12.2,94,WNW,30.6,49.9,1007.04,1.52,0,0,0,,
2022-12-14,19:45,13.3,12.2,94,WNW,25.7,38.6,1007.18,1.52,0,0,0,,
2022-12-14,20:00,13.3,12.2,94,WNW,24.1,35.4,1007.32,1.52,0,0,0,,
2022-12-14,20:15,13.1,12.2,94,WNW,25.7,40.2,1007.01,1.52,0,0,0,,
2022-12-14,20:30,13,11.7,94,WNW,11.3,29,1007.18,1.52,0,0,0,,
2022-12-14,20:45,12.9,11.7,94,WNW,11.3,20.9,1007.38,1.52,0,0,0,,
2022-12-14,21:00,12.9,11.7,94,WEST,16.1,22.5,1007.79,1.52,0,0,0,,
2022-12-14,21:15,12.8,11.7,93,WNW,6.4,20.9,1008.06,1.52,0,0,0,,
2022-12-14,21:30,12.9,11.7,93,,20.9,24.1,1008.13,1.52,0,0,0,,
2022-12-14,21:45,13,11.7,93,WEST,16.1,24.1,1008.3,1.52,0,0,0,,
2022-12-14,22:00,12.9,11.7,92,WEST,6.4,12.9,1008.26,1.52,0,0,0,,
2022-12-14,22:15,12.8,11.1,92,WNW,6.4,12.9,1008.4,1.52,0,0,0,,
2022-12-14,22:30,12.7,11.1,92,NORTH,0,12.9,1008.03,1.52,0,0,0,,
2022-12-14,22:45,12.4,11.1,91,NORTH,0,1.6,1008.23,1.52,0,0,0,,
2022-12-14,23:00,12,10.6,92,NW,3.2,4.8,1008.16,1.52,0,0,0,,
2022-12-14,23:15,11.9,10.6,92,NORTH,0,1.6,1008.03,1.52,0,0,0,,
2022-12-14,23:30,11.7,10.6,92,NNE,3.2,3.2,1008.2,1.52,0,0,0,,
2022-12-14,23:45,11.8,10.6,92,EAST,4.8,6.4,1007.96,1.52,0,0,0,,
2022-12-14,OVR,,,,,,,,,,,,gustmax,35.4
2022-12-14,OVR,,,,,,,,,,,,rainrate_max,2.6
2022-12-14,OVR,,,,,,,,,,,,rain_total_mm,1.4
2022-12-14,OVR,,,,,,,,,,,,tmax,17.7
2022-12-14,OVR,,,,,,,,,,,,tmin,11.7
2022-12-14,OVR,,,,,,,,,,,,wind_dir_mean_deg,157.5
2022-12-15,00:00,11.7,10,92,ESE,1.6,3.2,1008.03,0,0,0,0,,
2022-12-15,00:15,11.4,10,92,NORTH,0,4.8,1008.13,0,0,0,0,,
2022-12-15,00:30,11.4,10,93,ESE,3.2,3.2,1008.2,0,0,0,0,,
2022-12-15,00:45,11.8,10.6,93,NORTH,0,4.8,1008.43,0,0,0,0,,
2022-12-15,01:00,12.1,10.6,93,ESE,1.6,3.2,1008.06,0,0,0,0,,
2022-12-15,01:15,12.2,11.1,93,ESE,1.6,3.2,1008.2,0,0,0,0,,
2022-12-15,01:30,12.2,11.1,93,EAST,11.3,14.5,1007.04,0,0,0,0,,
2022-12-15,01:45,12.2,11.1,93,ESE,4.8,12.9,1007.11,0,0,0,0,,
2022-12-15,02:00,12.3,11.1,93,ESE,11.3,16.1,1007.38,0,0,0,0,,
2022-12-15,02:15,12.2,11.1,93,ESE,4.8,9.7,1008.09,0,0,0,0,,
2022-12-15,02:30,12.3,11.1,93,ESE,6.4,11.3,1008.03,0,0,0,0,,
2022-12-15,02:45,12.4,11.1,93,ESE,8,12.9,1008.16,0,0,0,0,,
2022-12-15,03:00,12.6,11.1,93,ESE,9.7,14.5,1008.36,0,0,0,0,,
2022-12-15,03:15,12.7,11.1,92,ESE,12.9,17.7,1007.99,0,0,0,0,,
2022-12-15,03:30,12.6,11.1,92,EAST,11.3,20.9,1007.48,0,0,0,0,,
2022-12-15,03:45,12,10.6,92,ESE,11.3,12.9,1007.82,0,0,0,0,,
2022-12-15,04:00,11.9,10.6,92,ESE,11.3,14.5,1007.45,0,0,0,0,,
2022-12-15,04:15,11.9,10.6,93,SE,8,16.1,1007.62,0,0,0,0,,
2022-12-15,04:30,12.3,11.1,93,ESE,12.9,17.7,1007.52,0,0,0,0,,
2022-12-15,04:45,12.4,11.1,93,ESE,11.3,20.9,1007.38,0,0,0,0,,
2022-12-15,05:00,12.6,11.1,93,ESE,14.5,19.3,1007.25,0,0,0,0,,
2022-12-15,05:15,12.7,11.1,92,ESE,12.9,20.9,1007.28,0,0,0,0,,
2022-12-15,05:30,12.7,11.1,92,SE,12.9,20.9,1007.18,0,0,0,0,,
2022-12-15,05:45,12.8,11.7,92,ESE,16.1,22.5,1007.11,0,0,0,0,,
2022-12-15,06:00,13.1,11.7,92,ESE,16.1,22.5,1007.45,0,0,0,0,,
2022-12-15,06:15,13.2,11.7,91,SE,14.5,20.9,1007.69,0,0,0,0,,
2022-12-15,06:30,13.2,11.7,91,ESE,9.7,19.3,1007.28,0,0,0,0,,
2022-12-15,06:45,12.9,11.1,91,ESE,11.3,16.1,1006.94,0,0,0,0,,
2022-12-15,07:00,12.9,11.7,91,ESE,12.9,17.7,1007.21,0,0,0,0,,
2022-12-15,07:15,13.3,11.7,92,ESE,8,12.9,1007.11,0,0,0,0,,
2022-12-15,07:30,13.3,11.7,91,ESE,11.3,16.1,1006.94,0,0,0,0,,
2022-12-15,07:45,13.4,11.7,91,ESE,17.7,17.7,1007.11,0,0,0,0,,
2022-12-15,08:00,13.5,11.7,91,SE,17.7,24.1,1007.21,0,0,0,0,,
2022-12-15,08:15,13.6,11.7,90,SE,20.9,22.5,1007.35,0,0,0,23,,
2022-12-15,08:30,13.7,11.7,90,ESE,14.5,27.4,1007.08,0,0,0,46,,
2022-12-15,08:45,13.8,12.2,90,SE,12.9,24.1,1007.21,0,0,0,56,,
2022-12-15,09:00,13.3,11.7,90,ESE,14.5,17.7,1007.18,0,0,0,84,,
2022-12-15,09:15,13,11.1,91,ESE,9.7,19.3,1007.08,0,0,0,104,,
2022-12-15,09:30,13.2,11.7,91,ESE,12.9,17.7,1007.21,0,0,0,127,,
2022-12-15,09:45,14.6,12.8,90,ESE,16.1,24.1,1007.11,0,0,0,156,,
2022-12-15,10:00,15,12.8,89,ESE,17.7,24.1,1007.18,0,0,1,176,,
2022-12-15,10:15,14.9,12.8,89,SE,24.1,25.7,1007.42,0,0,1,216,,
2022-12-15,10:30,14.7,13.3,91,SE,17.7,27.4,1007.38,0,0,1,134,,
2022-12-15,10:45,14.7,13.3,92,SE,12.9,24.1,1007.35,0,0,0,125,,
2022-12-15,11:00,14.9,13.9,93,ESE,16.1,24.1,1007.35,0,0,1,301,,
2022-12-15,11:15,15.2,13.9,93,SE,12.9,25.7,1007.15,0,0,1,230,,
2022-12-15,11:30,15.3,13.9,93,SE,22.5,25.7,1007.21,0,0,1,153,,
2022-12-15,11:45,15.4,13.9,93,ESE,22.5,27.4,1007.15,0,0,1,149,,
2022-12-15,12:00,15.8,14.4,91,ESE,19.3,27.4,1006.87,0,0,1,200,,
2022-12-15,12:15,16.1,14.4,90,ESE,6.4,25.7,1006.3,0,0,1,211,,
2022-12-15,12:30,16.7,14.4,88,ESE,22.5,24.1,1005.83,0,0,1,255,,
2022-12-15,12:45,16.7,14.4,88,SE,14.5,22.5,1006.03,0,0,1,127,,
2022-12-15,13:00,16.5,14.4,89,SE,14.5,22.5,1005.89,0,0,0,81,,
2022-12-15,13:15,16.6,14.4,89,SSE,8,22.5,1005.66,0,0,0,46,,
2022-12-15,13:30,16.4,14.4,88,SSE,11.3,22.5,1005.89,0,0,0,25,,
2022-12-15,13:45,16.3,14.4,90,SSE,14.5,14.5,1005.69,0,0,0,16,,
2022-12-15,14:00,15.9,13.9,88,WEST,12.9,17.7,1006.1,0.25,0.25,0,21,,
2022-12-15,14:15,15.1,12.8,88,WSW,1.6,24.1,1006.23,0.76,0.76,0,18,,
2022-12-15,14:30,14.4,12.2,88,ENE,3.2,14.5,1006.16,0.76,0.76,0,19,,
2022-12-15,14:45,14.2,12.2,88,WSW,1.6,9.7,1005.45,0.76,0.76,0,42,,
2022-12-15,15:00,14.2,12.2,88,NORTH,0,11.3,1005.01,0.76,0.51,0,37,,
2022-12-15,15:15,14.2,11.7,86,NW,9.7,16.1,1005.38,0.76,0,0,7,,
2022-12-15,15:30,14.6,11.7,84,WEST,16.1,16.1,1005.66,0.76,0,0,21,,
2022-12-15,15:45,14.8,11.7,82,SOUTH,1.6,24.1,1005.05,0.76,0,0,26,,
2022-12-15,16:00,14.9,11.7,82,SOUTH,1.6,11.3,1005.01,0.76,0,0,19,,
2022-12-15,16:15,14.9,11.7,81,WSW,3.2,9.7,1004.91,0.76,0,0,58,,
2022-12-15,16:30,15.4,11.7,79,SOUTH,3.2,12.9,1005.15,0.76,0,0,47,,
2022-12-15,16:45,15.1,11.7,80,SE,1.6,8,1005.45,0.76,0,0,11,,
2022-12-15,17:00,14.9,11.1,79,SE,6.4,11.3,1005.45,0.76,0,0,0,,
2022-12-15,17:15,14.8,11.1,79,SOUTH,6.4,9.7,1005.59,0.76,0,0,0,,
2022-12-15,17:30,14.7,11.1,79,SSE,6.4,6.4,1005.59,0.76,0,0,0,,
2022-12-15,17:45,14.5,11.1,80,SE,3.2,8,1005.76,0.76,0,0,0,,
2022-12-15,18:00,14.4,10.6,80,SSE,3.2,9.7,1005.86,0.76,0,0,0,,
2022-12-15,18:15,14.3,10.6,80,SSE,1.6,11.3,1005.96,0.76,0,0,0,,
2022-12-15,18:30,14.2,10.6,80,SSE,3.2,8,1005.99,0.76,0,0,0,,
2022-12-15,18:45,14.3,10.6,80,SSE,8,12.9,1005.89,0.76,0,0,0,,
2022-12-15,19:00,14.6,11.1,80,SSE,1.6,11.3,1005.96,0.76,0,0,0,,
2022-12-15,19:15,14.8,11.1,79,SOUTH,1.6,8,1005.96,0.76,0,0,0,,
2022-12-15,19:30,14.9,11.1,79,SOUTH,1.6,6.4,1005.79,0.76,0,0,0,,
2022-12-15,19:45,15,11.1,78,SSE,4.8,6.4,1005.59,0.76,0,0,0,,
2022-12-15,20:00,15,11.1,77,SOUTH,1.6,8,1005.93,0.76,0,0,0,,
2022-12-15,20:15,15.2,11.1,77,SSW,4.8,12.9,1006.43,0.76,0,0,0,,
2022-12-15,20:30,15.2,11.1,77,SSE,6.4,11.3,1006.67,0.76,0,0,0,,
2022-12-15,20:45,14.8,11.1,79,SE,8,14.5,1006.67,0.76,0,0,0,,
2022-12-15,21:00,14.6,11.1,79,SE,3.2,8,1006.67,0.76,0,0,0,,
2022-12-15,21:15,14.4,10.6,80,SSW,1.6,4.8,1006.6,0.76,0,0,0,,
2022-12-15,21:30,14.3,10.6,79,SE,6.4,9.7,1006.67,0.76,0,0,0,,
2022-12-15,21:45,14.1,10.6,80,SSE,8,11.3,1006.77,0.76,0,0,0,,
2022-12-15,22:00,14.1,10.6,81,SE,11.3,14.5,1006.6,0.76,0,0,0,,
2022-12-15,22:15,14.3,10.6,79,SSE,3.2,16.1,1006.64,0.76,0,0,0,,
2022-12-15,22:30,14.7,10.6,76,SSE,6.4,9.7,1006.37,0.76,0,0,0,,
2022-12-15,22:45,14.7,10,75,NORTH,0,8,1006.3,0.76,0,0,0,,
2022-12-15,23:00,14.7,10,75,SOUTH,3.2,9.7,1006.64,0.76,0,0,0,,
2022-12-15,23:15,14.7,10,75,SSW,3.2,8,1006.71,0.76,0,0,0,,
2022-12-15,23:30,14.7,10,75,SSW,1.6,11.3,1006.54,0.76,0,0,0,,
2022-12-15,23:45,14.8,10.6,75,SOUTH,1.6,9.7,1006.47,0.76,0,0,0,,
2022-12-15,OVR,,,,,,,,,,,,gustmax,24.1
2022-12-15,OVR,,,,,,,,,,,,rainrate_max,3.8
2022-12-15,OVR,,,,,,,,,,,,rain_total_mm,0.8
2022-12-15,OVR,,,,,,,,,,,,tmax,16.9
2022-12-15,OVR,,,,,,,,,,,,tmin,11.4
2022-12-15,OVR,,,,,,,,,,,,wind_dir_mean_deg,135
2022-12-16,00:00,14.8,10.6,75,SSW,4.8,11.3,1006.5,0,0,0,0,,
2022-12-16,00:15,14.8,10,75,SW,1.6,14.5,1006.6,0,0,0,0,,
2022-12-16,00:30,14.8,10.6,75,SSE,3.2,11.3,1006.67,0,0,0,0,,
2022-12-16,00:45,14.5,10,76,SE,4.8,6.4,1006.67,0,0,0,0,,
2022-12-16,01:00,14.3,10,77,SSE,6.4,8,1006.77,0,0,0,0,,
2022-12-16,01:15,14.3,10.6,78,SSE,4.8,11.3,1006.6,0,0,0,0,,
2022-12-16,01:30,14.2,10,78,SSE,4.8,9.7,1006.6,0,0,0,0,,
2022-12-16,01:45,14.1,10,78,SSE,3.2,12.9,1006.64,0,0,0,0,,
2022-12-16,02:00,14.1,10,78,SSE,4.8,12.9,1006.71,0,0,0,0,,
2022-12-16,02:15,13.9,10,78,SE,8,14.5,1006.84,0,0,0,0,,
2022-12-16,02:30,13.8,10,78,SE,3.2,9.7,1006.81,0,0,0,0,,
2022-12-16,02:45,13.6,9.4,78,SE,8,17.7,1007.01,0,0,0,0,,
2022-12-16,03:00,13.7,10,78,SSE,14.5,17.7,1007.01,0,0,0,0,,
2022-12-16,03:15,13.8,10,77,SE,8,19.3,1006.77,0,0,0,0,,
2022-12-16,03:30,13.8,10,77,SE,12.9,17.7,1006.84,0,0,0,0,,
2022-12-16,03:45,13.9,9.4,76,SSE,6.4,14.5,1006.74,0,0,0,0,,
2022-12-16,04:00,14.1,10,76,SSE,3.2,14.5,1006.94,0,0,0,0,,
2022-12-16,04:15,14.4,10,75,SSE,3.2,16.1,1006.94,0,0,0,0,,
2022-12-16,04:30,14.7,10,74,SSE,1.6,19.3,1007.04,0,0,0,0,,
2022-12-16,04:45,14.7,10,76,SW,14.5,20.9,1006.74,0,0,0,0,,
2022-12-16,05:00,14.7,10.6,77,WEST,12.9,14.5,1006.91,0,0,0,0,,
2022-12-16,05:15,14.4,10.6,80,NORTH,0,25.7,1006.94,0,0,0,0,,
2022-12-16,05:30,14.1,11.1,83,SSW,1.6,12.9,1007.01,0.25,0.25,0,0,,
2022-12-16,05:45,13.6,11.1,85,WEST,1.6,6.4,1007.08,0.25,0.25,0,0,,
2022-12-16,06:00,13.4,11.1,86,SW,1.6,8,1007.15,0.25,0.25,0,0,,
2022-12-16,06:15,13.3,10.6,86,SSE,6.4,9.7,1007.11,0.51,0.51,0,0,,
2022-12-16,06:30,13.2,10.6,86,ESE,8,14.5,1006.94,0.51,0.25,0,0,,
2022-12-16,06:45,12.9,10.6,86,SE,8,16.1,1006.94,0.51,0.25,0,0,,
2022-12-16,07:00,12.6,10,86,SE,11.3,16.1,1006.81,0.51,0.25,0,0,,
2022-12-16,07:15,12.7,10,86,SSE,4.8,24.1,1007.08,0.51,0,0,0,,
2022-12-16,07:30,12.8,10,85,SSE,4.8,16.1,1007.25,0.51,0,0,0,,
2022-12-16,07:45,12.9,10,84,SE,4.8,20.9,1007.25,0.51,0,0,0,,
2022-12-16,08:00,13.1,10.6,84,SE,12.9,17.7,1007.38,0.51,0,0,11,,
2022-12-16,08:15,13.3,10.6,84,SE,12.9,16.1,1007.55,0.51,0,0,53,,
2022-12-16,08:30,13.4,10.6,84,SSE,6.4,17.7,1007.62,0.51,0,0,63,,
2022-12-16,08:45,13.4,10.6,84,SE,12.9,17.7,1007.62,0.51,0,0,69,,
2022-12-16,09:00,13.7,10.6,83,SE,8,20.9,1008.06,0.51,0,0,93,,
2022-12-16,09:15,13.9,11.1,83,SSE,9.7,20.9,1007.96,0.51,0,0,95,,
2022-12-16,09:30,13.6,11.1,85,SSE,14.5,16.1,1008.36,0.51,0,0,69,,
2022-12-16,09:45,13.3,11.1,86,WNW,1.6,11.3,1008.81,0.51,0,0,46,,
2022-12-16,10:00,13,11.1,89,NNW,4.8,8,1008.91,0.51,0,0,35,,
2022-12-16,10:15,12.6,11.1,91,NORTH,0,8,1009.01,0.51,0,0,37,,
2022-12-16,10:30,12.6,11.1,91,SSE,3.2,16.1,1008.94,1.52,1.02,0,67,,
2022-12-16,10:45,12.8,11.1,91,SOUTH,3.2,8,1009.45,1.52,1.27,0,28,,
2022-12-16,11:00,12.4,10.6,90,NORTH,0,12.9,1009.52,1.78,1.52,0,109,,
2022-12-16,11:15,12.3,10.6,91,NNW,1.6,1.6,1009.21,1.78,1.27,1,125,,
2022-12-16,11:30,12.8,11.1,92,SSE,4.8,8,1008.81,1.78,0.51,1,130,,
2022-12-16,11:45,13.2,11.7,91,NORTH,0,9.7,1008.64,1.78,0.25,1,144,,
2022-12-16,12:00,13.6,11.7,90,SSE,3.2,9.7,1008.67,1.78,0,0,123,,
2022-12-16,12:15,13.7,11.7,89,SE,1.6,6.4,1008.53,1.78,0,1,141,,
2022-12-16,12:30,13.8,11.7,88,SE,4.8,6.4,1008.4,1.78,0,0,100,,
2022-12-16,12:45,13.8,11.7,88,SE,6.4,11.3,1008.09,1.78,0,0,51,,
2022-12-16,13:00,13.7,11.7,89,SE,4.8,14.5,1008.4,2.79,1.02,0,14,,
2022-12-16,13:15,12.9,11.1,89,SE,11.3,20.9,1008.3,3.3,1.52,0,26,,
2022-12-16,13:30,12.7,11.1,90,SE,4.8,12.9,1008.13,3.3,1.52,0,40,,
2022-12-16,13:45,12.5,10.6,91,SSE,4.8,14.5,1007.92,3.81,2.03,0,63,,
2022-12-16,14:00,12.6,11.1,91,NORTH,0,8,1007.86,3.81,1.02,0,105,,
2022-12-16,14:15,12.8,11.1,91,NORTH,0,1.6,1007.99,4.06,0.51,0,42,,
2022-12-16,14:30,12.8,11.1,91,NORTH,0,8,1008.26,4.83,1.52,0,32,,
2022-12-16,14:45,12.8,11.1,91,NORTH,0,1.6,1008.03,6.1,2.29,0,100,,
2022-12-16,15:00,12.8,11.1,92,WSW,1.6,3.2,1007.99,6.1,2.29,0,58,,
2022-12-16,15:15,12.8,11.1,92,ENE,1.6,6.4,1007.99,6.1,2.03,0,81,,
2022-12-16,15:30,12.7,11.7,93,EAST,6.4,8,1008.2,6.1,1.27,0,144,,
2022-12-16,15:45,12.6,11.1,93,NORTH,0,6.4,1008.3,6.1,0.25,0,26,,
2022-12-16,16:00,12.8,11.7,93,NORTH,0,1.6,1008.36,6.1,0.25,0,54,,
2022-12-16,16:15,12.9,11.7,93,SE,6.4,4.8,1008.64,7.87,2.03,0,16,,
2022-12-16,16:30,12.8,11.7,93,NORTH,0,4.8,1008.74,8.13,2.03,0,11,,
2022-12-16,16:45,12.6,11.1,93,SSW,1.6,3.2,1008.91,8.13,2.03,0,0,,
2022-12-16,17:00,12.3,11.1,93,SSW,3.2,4.8,1009.11,8.13,2.03,0,0,,
2022-12-16,17:15,12.3,11.1,93,SSE,6.4,8,1009.38,8.38,0.51,0,0,,
2022-12-16,17:30,12.3,11.1,93,SSW,1.6,14.5,1009.52,9.14,1.02,0,0,,
2022-12-16,17:45,11.8,10.6,93,SW,1.6,12.9,1009.69,9.65,1.52,0,0,,
2022-12-16,18:00,11.7,10.6,93,SW,3.2,14.5,1009.92,9.65,1.52,0,0,,
2022-12-16,18:15,11.6,10.6,93,NORTH,0,8,1010.02,9.65,1.27,0,0,,
2022-12-16,18:30,11.7,10.6,93,NORTH,0,11.3,1009.99,9.65,0.51,0,0,,
2022-12-16,18:45,12.1,10.6,93,SOUTH,3.2,8,1010.02,9.65,0,0,0,,
2022-12-16,19:00,12.3,11.1,93,SW,3.2,8,1010.33,9.65,0,0,0,,
2022-12-16,19:15,12.6,11.1,93,NORTH,0,17.7,1010.19,9.91,0.25,0,0,,
2022-12-16,19:30,12.6,11.1,92,SOUTH,1.6,4.8,1010.13,9.91,0.25,0,0,,
2022-12-16,19:45,12.4,11.1,92,SE,8,8,1010.36,9.91,0.25,0,0,,
2022-12-16,20:00,12.4,11.1,92,SE,6.4,14.5,1010.3,9.91,0.25,0,0,,
2022-12-16,20:15,12.6,11.1,92,SSE,1.6,11.3,1010.7,9.91,0,0,0,,
2022-12-16,20:30,12.6,11.1,92,NORTH,0,8,1010.84,9.91,0,0,0,,
2022-12-16,20:45,12.6,11.1,93,NORTH,0,19.3,1011.18,9.91,0,0,0,,
2022-12-16,21:00,12.6,11.1,93,SSW,3.2,6.4,1011.28,9.91,0,0,0,,
2022-12-16,21:15,12.6,11.1,93,WEST,3.2,12.9,1011.58,9.91,0,0,0,,
2022-12-16,21:30,12.7,11.1,93,WEST,3.2,12.9,1011.68,9.91,0,0,0,,
2022-12-16,21:45,12.8,11.7,93,WNW,4.8,16.1,1011.72,9.91,0,0,0,,
2022-12-16,22:00,12.7,11.7,93,WEST,3.2,25.7,1011.82,9.91,0,0,0,,
2022-12-16,22:15,12.6,11.1,93,WEST,6.4,16.1,1012.16,9.91,0,0,0,,
2022-12-16,22:30,12.5,11.1,93,NORTH,0,9.7,1012.23,9.91,0,0,0,,
2022-12-16,22:45,12.4,11.1,93,NORTH,0,4.8,1012.29,9.91,0,0,0,,
2022-12-16,23:00,12.4,11.1,93,WNW,4.8,9.7,1012.53,9.91,0,0,0,,
2022-12-16,23:15,12.4,11.1,93,WEST,4.8,14.5,1012.9,9.91,0,0,0,,
2022-12-16,23:30,12.4,11.1,93,WEST,3.2,9.7,1012.97,9.91,0,0,0,,
2022-12-16,23:45,12.4,11.1,93,WEST,1.6,11.3,1013.04,9.91,0,0,0,,
2022-12-16,OVR,,,,,,,,,,,,gustmax,14.5
2022-12-16,OVR,,,,,,,,,,,,rainrate_max,44.8
2022-12-16,OVR,,,,,,,,,,,,rain_total_mm,9.8
2022-12-16,OVR,,,,,,,,,,,,tmax,14.9
2022-12-16,OVR,,,,,,,,,,,,tmin,11.6
2022-12-16,OVR,,,,,,,,,,,,wind_dir_mean_deg,157.5
2022-12-17,00:00,12.6,11.1,93,WEST,3.2,6.4,1013.31,0,0,0,0,,
2022-12-17,00:15,12.6,11.1,93,WEST,1.6,4.8,1013.41,0,0,0,0,,
2022-12-17,00:30,12.6,11.1,94,WEST,4.8,6.4,1013.41,0,0,0,0,,
2022-12-17,00:45,12.6,11.7,94,WEST,1.6,6.4,1013.38,0,0,0,0,,
2022-12-17,01:00,12.7,11.7,94,WEST,3.2,6.4,1013.44,0,0,0,0,,
2022-12-17,01:15,12.7,11.7,94,WEST,1.6,9.7,1013.38,0,0,0,0,,
2022-12-17,01:30,12.8,11.7,94,NORTH,0,6.4,1013.65,0,0,0,0,,
2022-12-17,01:45,12.8,11.7,94,NORTH,0,4.8,1013.82,0,0,0,0,,
2022-12-17,02:00,12.7,11.7,94,NORTH,0,4.8,1013.92,0,0,0,0,,
2022-12-17,02:15,12.6,11.7,94,NORTH,0,4.8,1014.22,0,0,0,0,,
2022-12-17,02:30,12.6,11.7,94,SOUTH,1.6,4.8,1014.29,0,0,0,0,,
2022-12-17,02:45,12.6,11.7,94,SSW,1.6,4.8,1014.56,0,0,0,0,,
2022-12-17,03:00,12.6,11.7,94,SW,4.8,4.8,1014.33,0,0,0,0,,
2022-12-17,03:15,12.6,11.7,94,WEST,1.6,9.7,1014.43,0,0,0,0,,
2022-12-17,03:30,12.4,11.1,94,WNW,6.4,6.4,1014.53,0,0,0,0,,
2022-12-17,03:45,12.3,11.1,94,NORTH,0,11.3,1014.77,0,0,0,0,,
2022-12-17,04:00,12.4,11.1,94,NORTH,0,1.6,1014.77,0,0,0,0,,
2022-12-17,04:15,12.2,11.1,94,NORTH,0,1.6,1014.9,0,0,0,0,,
2022-12-17,04:30,11.8,10.6,93,SSW,1.6,4.8,1014.9,0,0,0,0,,
2022-12-17,04:45,11.4,10,93,SSW,1.6,3.2,1014.93,0,0,0,0,,
2022-12-17,05:00,11.4,10,94,NORTH,0,4.8,1014.93,0,0,0,0,,
2022-12-17,05:15,11.4,10.6,94,SOUTH,4.8,6.4,1015.1,0,0,0,0,,
2022-12-17,05:30,11.3,10,94,NORTH,0,3.2,1015.14,0,0,0,0,,
2022-12-17,05:45,11.2,10,94,SOUTH,1.6,4.8,1015.24,0,0,0,0,,
2022-12-17,06:00,11.1,10,94,NORTH,0,4.8,1015.37,0,0,0,0,,
2022-12-17,06:15,11.3,10,94,SOUTH,3.2,8,1015.58,0,0,0,0,,
2022-12-17,06:30,11.7,10.6,94,SE,6.4,14.5,1015.71,0,0,0,0,,
2022-12-17,06:45,11.9,11.1,94,SE,6.4,12.9,1015.98,0,0,0,0,,
2022-12-17,07:00,11.8,10.6,94,SE,6.4,11.3,1016.02,0,0,0,0,,
2022-12-17,07:15,11.7,10.6,94,SE,11.3,12.9,1016.12,0,0,0,0,,
2022-12-17,07:30,11.7,10.6,94,SE,11.3,16.1,1016.42,0,0,0,0,,
2022-12-17,07:45,11.6,10.6,94,SE,8,11.3,1016.39,0,0,0,0,,
2022-12-17,08:00,11.7,10.6,94,ESE,8,11.3,1016.42,0,0,0,14,,
2022-12-17,08:15,11.6,10.6,94,ESE,4.8,9.7,1016.59,0,0,0,46,,
2022-12-17,08:30,11.6,10.6,94,ESE,8,12.9,1016.7,0,0,0,35,,
2022-12-17,08:45,11.7,10.6,94,SE,8,11.3,1016.93,0,0,0,46,,
2022-12-17,09:00,11.8,10.6,93,SE,6.4,12.9,1017,0,0,0,70,,
2022-12-17,09:15,12.2,10.6,91,ESE,11.3,12.9,1017.2,0,0,0,109,,
2022-12-17,09:30,12.7,10.6,89,SE,6.4,11.3,1017.44,0,0,0,118,,
2022-12-17,09:45,12.9,10.6,88,SE,9.7,16.1,1017.51,0,0,1,281,,
2022-12-17,10:00,12.9,11.1,88,SE,6.4,14.5,1017.75,0,0,1,225,,
2022-12-17,10:15,12.4,10.6,88,SE,6.4,14.5,1018.02,0,0,0,46,,
2022-12-17,10:30,12.3,10.6,89,SE,4.8,6.4,1018.02,0,0,0,91,,
2022-12-17,10:45,12.9,11.1,89,SE,3.2,8,1018.05,0,0,1,262,,
2022-12-17,11:00,13.8,11.1,86,SSE,3.2,9.7,1018.02,0,0,1,206,,
2022-12-17,11:15,14,11.7,85,SSE,6.4,11.3,1018.22,0,0,1,485,,
2022-12-17,11:30,14.1,11.1,83,SE,9.7,16.1,1018.08,0,0,1,151,,
2022-12-17,11:45,14.1,11.1,83,SE,6.4,14.5,1018.15,0,0,2,471,,
2022-12-17,12:00,14.4,11.1,82,SOUTH,1.6,11.3,1017.95,0,0,2,478,,
2022-12-17,12:15,14.4,11.1,82,WSW,6.4,12.9,1018.02,0,0,1,188,,
2022-12-17,12:30,14.4,11.7,84,NORTH,0,11.3,1017.98,0,0,1,127,,
2022-12-17,12:45,13.9,11.1,84,NORTH,0,8,1018.22,0,0,0,81,,
2022-12-17,13:00,13.8,11.1,86,WEST,16.1,11.3,1018.19,0.25,0.25,1,172,,
2022-12-17,13:15,13.3,11.1,86,WEST,12.9,20.9,1018.29,0.51,0.51,0,120,,
2022-12-17,13:30,13.1,11.1,88,WNW,6.4,11.3,1018.22,0.51,0.51,0,63,,
2022-12-17,13:45,13.1,11.1,89,NNW,3.2,12.9,1018.08,1.27,1.27,1,232,,
2022-12-17,14:00,13.3,11.1,88,NORTH,0,3.2,1018.19,1.27,1.02,1,135,,
2022-12-17,14:15,13.8,11.7,87,NNW,1.6,1.6,1018.25,1.27,0.76,1,118,,
2022-12-17,14:30,13.7,11.1,85,WSW,1.6,4.8,1018.15,1.27,0.51,1,360,,
2022-12-17,14:45,14.3,11.1,83,WEST,3.2,6.4,1018.32,1.27,0,1,304,,
2022-12-17,15:00,14.3,11.7,84,WEST,3.2,11.3,1018.52,1.27,0,1,269,,
2022-12-17,15:15,14.4,11.1,82,WNW,11.3,14.5,1018.59,1.27,0,0,225,,
2022-12-17,15:30,14.4,11.1,80,NORTH,0,6.4,1018.86,1.27,0,0,179,,
2022-12-17,15:45,14.4,11.1,81,WEST,3.2,4.8,1018.93,1.27,0,0,134,,
2022-12-17,16:00,14.3,11.1,81,WEST,3.2,9.7,1019.13,1.27,0,0,95,,
2022-12-17,16:15,14.1,10.6,81,WEST,6.4,14.5,1019.2,1.27,0,0,54,,
2022-12-17,16:30,13.9,10.6,82,WNW,1.6,11.3,1019.34,1.27,0,0,28,,
2022-12-17,16:45,13.6,10.6,82,WNW,1.6,6.4,1019.54,1.27,0,0,12,,
2022-12-17,17:00,12.5,10,85,NORTH,0,4.8,1019.61,1.27,0,0,0,,
2022-12-17,17:15,11.9,9.4,87,WNW,3.2,3.2,1019.64,1.27,0,0,0,,
2022-12-17,17:30,11.7,9.4,88,WNW,3.2,4.8,1019.68,1.27,0,0,0,,
2022-12-17,17:45,11.2,9.4,89,WNW,3.2,4.8,1020.01,1.27,0,0,0,,
2022-12-17,18:00,10.9,9.4,90,WNW,1.6,4.8,1020.29,1.27,0,0,0,,
2022-12-17,18:15,10.9,8.9,90,NORTH,0,0,1020.39,1.27,0,0,0,,
2022-12-17,18:30,11,9.4,91,SOUTH,6.4,6.4,1020.59,1.27,0,0,0,,
2022-12-17,18:45,10.8,9.4,91,NORTH,0,6.4,1020.86,1.27,0,0,0,,
2022-12-17,19:00,11,9.4,91,SSE,1.6,3.2,1020.93,1.27,0,0,0,,
2022-12-17,19:15,10.8,9.4,91,SSE,3.2,8,1021.27,1.27,0,0,0,,
2022-12-17,19:30,10.6,8.9,92,NORTH,0,3.2,1021.3,1.27,0,0,0,,
2022-12-17,19:45,10.4,8.9,92,SSE,3.2,6.4,1021.37,1.27,0,0,0,,
2022-12-17,20:00,10.7,8.9,91,SSE,1.6,3.2,1021.47,1.27,0,0,0,,
2022-12-17,20:15,10.7,9.4,92,NORTH,0,3.2,1021.64,1.27,0,0,0,,
2022-12-17,20:30,10.7,9.4,92,SSE,3.2,6.4,1021.67,1.27,0,0,0,,
2022-12-17,20:45,10.8,9.4,91,SSE,1.6,3.2,1021.81,1.27,0,0,0,,
2022-12-17,21:00,10.8,9.4,92,SSE,1.6,3.2,1021.94,1.27,0,0,0,,
2022-12-17,21:15,10.6,8.9,92,NORTH,0,3.2,1022.15,1.27,0,0,0,,
2022-12-17,21:30,10.4,8.9,92,SSE,1.6,3.2,1022.45,1.27,0,0,0,,
2022-12-17,21:45,10.7,9.4,92,SSE,1.6,3.2,1022.49,1.27,0,0,0,,
2022-12-17,22:00,10.7,9.4,91,ESE,1.6,6.4,1022.89,1.27,0,0,0,,
2022-12-17,22:15,10.5,8.9,91,NORTH,0,3.2,1022.99,1.27,0,0,0,,
2022-12-17,22:30,10.2,8.3,91,ESE,3.2,4.8,1023.16,1.27,0,0,0,,
2022-12-17,22:45,10,8.3,91,ESE,3.2,3.2,1023.16,1.27,0,0,0,,
2022-12-17,23:00,10,8.3,91,ESE,3.2,4.8,1023.43,1.27,0,0,0,,
2022-12-17,23:15,10.1,8.3,91,ESE,1.6,4.8,1023.5,1.27,0,0,0,,
2022-12-17,23:30,9.9,8.3,91,NORTH,0,3.2,1023.67,1.27,0,0,0,,
2022-12-17,23:45,10,8.3,92,ESE,1.6,4.8,1023.67,1.27,0,0,0,,
2022-12-17,OVR,,,,,,,,,,,,gustmax,16.1
2022-12-17,OVR,,,,,,,,,,,,rainrate_max,4.4
2022-12-17,OVR,,,,,,,,,,,,rain_total_mm,1.2
2022-12-17,OVR,,,,,,,,,,,,tmax,14.6
2022-12-17,OVR,,,,,,,,,,,,tmin,9.9
2022-12-17,OVR,,,,,,,,,,,,wind_dir_mean_deg,180
2022-12-18,00:00,10.2,8.9,92,ESE,1.6,4.8,1023.6,0,0,0,0,,
2022-12-18,00:15,10.5,8.9,92,ESE,1.6,4.8,1023.6,0,0,0,0,,
2022-12-18,00:30,10.6,9.4,92,ESE,3.2,4.8,1023.67,0,0,0,0,,
2022-12-18,00:45,10.6,8.9,92,ESE,1.6,3.2,1023.57,0,0,0,0,,
2022-12-18,01:00,10.3,8.9,92,ESE,1.6,6.4,1023.54,0,0,0,0,,
2022-12-18,01:15,10.1,8.9,92,ESE,3.2,6.4,1023.6,0,0,0,0,,
2022-12-18,01:30,10.3,8.9,92,ESE,1.6,3.2,1023.6,0,0,0,0,,
2022-12-18,01:45,10,8.3,92,ESE,3.2,4.8,1023.84,0,0,0,0,,
2022-12-18,02:00,9.7,8.3,92,NORTH,0,6.4,1023.91,0,0,0,0,,
2022-12-18,02:15,9.6,8.3,92,NORTH,0,4.8,1024.01,0,0,0,0,,
2022-12-18,02:30,9.3,7.8,92,ESE,1.6,1.6,1024.38,0,0,0,0,,
2022-12-18,02:45,9.4,7.8,92,NORTH,0,4.8,1024.38,0,0,0,0,,
2022-12-18,03:00,9.4,8.3,92,ESE,1.6,1.6,1024.48,0,0,0,0,,
2022-12-18,03:15,9.6,8.3,93,NORTH,0,0,1024.82,0,0,0,0,,
2022-12-18,03:30,9.6,8.3,93,NORTH,0,0,1024.72,0,0,0,0,,
2022-12-18,03:45,9.4,8.3,93,NORTH,0,1.6,1025.09,0,0,0,0,,
2022-12-18,04:00,9.4,8.3,93,NORTH,0,3.2,1025.06,0,0,0,0,,
2022-12-18,04:15,9.4,8.3,93,ESE,1.6,3.2,1025.09,0,0,0,0,,
2022-12-18,04:30,9.7,8.3,93,NORTH,0,3.2,1025.26,0,0,0,0,,
2022-12-18,04:45,9.6,8.3,93,NORTH,0,3.2,1025.4,0,0,0,0,,
2022-12-18,05:00,9.3,8.3,93,NORTH,0,3.2,1025.5,0,0,0,0,,
2022-12-18,05:15,8.8,7.8,93,NORTH,0,3.2,1025.77,0,0,0,0,,
2022-12-18,05:30,8.6,7.2,93,NORTH,0,1.6,1025.87,0,0,0,0,,
2022-12-18,05:45,8.4,7.2,93,ESE,1.6,1.6,1025.8,0,0,0,0,,
2022-12-18,06:00,8.7,7.2,93,ESE,1.6,4.8,1026.04,0,0,0,0,,
2022-12-18,06:15,8.4,7.2,93,NORTH,0,4.8,1026.38,0,0,0,0,,
2022-12-18,06:30,7.9,6.7,93,NORTH,0,3.2,1026.82,0,0,0,0,,
2022-12-18,06:45,8.4,7.2,94,NORTH,0,0,1026.72,0,0,0,0,,
2022-12-18,07:00,8.5,7.2,94,NORTH,0,4.8,1027.02,0,0,0,0,,
2022-12-18,07:15,8.4,7.2,94,NORTH,0,3.2,1027.4,0,0,0,0,,
2022-12-18,07:30,8.4,7.2,94,NORTH,0,4.8,1027.5,0,0,0,0,,
2022-12-18,07:45,8.7,7.8,94,NORTH,4.8,8,1027.53,0,0,0,0,,
2022-12-18,08:00,8.9,7.8,94,,3.2,6.4,1027.77,0,0,0,12,,
2022-12-18,08:15,8.9,7.8,93,NNW,6.4,8,1027.8,0,0,0,56,,
2022-12-18,08:30,9.7,8.3,92,NE,3.2,6.4,1027.8,0,0,0,91,,
2022-12-18,08:45,10.3,8.9,91,NE,3.2,4.8,1027.77,0,0,0,134,,
2022-12-18,09:00,10.4,8.3,90,NE,1.6,4.8,1028.04,0,0,0,174,,
2022-12-18,09:15,11,8.9,89,NE,3.2,4.8,1028.07,0,0,0,213,,
2022-12-18,09:30,11.7,9.4,88,NE,1.6,1.6,1028.34,0,0,0,251,,
2022-12-18,09:45,11.6,9.4,86,NORTH,0,4.8,1028.75,0,0,1,287,,
2022-12-18,10:00,12,10,87,NORTH,0,0,1028.85,0,0,1,325,,
2022-12-18,10:15,12.6,10,85,NORTH,0,4.8,1028.99,0,0,1,357,,
2022-12-18,10:30,13.1,10,84,NNE,3.2,4.8,1029.19,0,0,1,387,,
2022-12-18,10:45,12.7,9.4,83,EAST,3.2,6.4,1029.33,0,0,1,408,,
2022-12-18,11:00,13.3,9.4,78,EAST,3.2,4.8,1029.39,0,0,1,429,,
2022-12-18,11:15,13.6,9.4,77,EAST,3.2,4.8,1029.46,0,0,1,445,,
2022-12-18,11:30,13.8,9.4,75,NE,1.6,4.8,1029.5,0,0,2,461,,
2022-12-18,11:45,14,9.4,74,NNE,1.6,4.8,1029.5,0,0,2,471,,
2022-12-18,12:00,14.2,8.9,72,NNE,1.6,4.8,1029.29,0,0,2,476,,
2022-12-18,12:15,14.7,9.4,72,NORTH,0,4.8,1029.33,0,0,2,475,,
2022-12-18,12:30,14.6,9.4,72,NORTH,0,6.4,1029.16,0,0,2,473,,
2022-12-18,12:45,14.6,9.4,71,NORTH,0,4.8,1029.19,0,0,2,464,,
2022-12-18,13:00,14.9,9.4,70,NORTH,0,4.8,1029.02,0,0,2,455,,
2022-12-18,13:15,14.9,9.4,69,WNW,4.8,11.3,1028.95,0,0,2,454,,
2022-12-18,13:30,15.2,10,70,NORTH,0,4.8,1028.75,0,0,2,436,,
2022-12-18,13:45,14.8,10,74,WEST,3.2,9.7,1028.41,0,0,1,413,,
2022-12-18,14:00,14.9,10,74,SSW,4.8,8,1028.75,0,0,1,390,,
2022-12-18,14:15,15.1,10,73,WNW,4.8,11.3,1028.68,0,0,1,366,,
2022-12-18,14:30,15,9.4,70,WEST,1.6,11.3,1028.92,0,0,1,338,,
2022-12-18,14:45,14.9,7.8,64,WEST,1.6,9.7,1029.09,0,0,1,306,,
2022-12-18,15:00,14.8,8.9,67,WEST,4.8,8,1029.12,0,0,1,269,,
2022-12-18,15:15,14.7,9.4,71,WEST,4.8,11.3,1029.16,0,0,0,230,,
2022-12-18,15:30,14.7,8.9,69,WEST,1.6,6.4,1029.19,0,0,0,185,,
2022-12-18,15:45,14.5,9.4,73,NORTH,0,8,1029.36,0,0,0,141,,
2022-12-18,16:00,14.3,10,75,WEST,3.2,9.7,1029.46,0,0,0,97,,
2022-12-18,16:15,13.9,9.4,75,WEST,3.2,9.7,1029.46,0,0,0,62,,
2022-12-18,16:30,13.7,9.4,76,WEST,1.6,4.8,1029.73,0,0,0,30,,
2022-12-18,16:45,13.2,10,81,WEST,1.6,6.4,1029.73,0,0,0,12,,
2022-12-18,17:00,12.1,9.4,84,WEST,3.2,4.8,1029.94,0,0,0,0,,
2022-12-18,17:15,11.4,9.4,88,SE,1.6,6.4,1029.94,0,0,0,0,,
2022-12-18,17:30,11.1,8.9,87,SE,3.2,4.8,1029.94,0,0,0,0,,
2022-12-18,17:45,11.3,9.4,89,NORTH,0,3.2,1030.11,0,0,0,0,,
2022-12-18,18:00,10.6,8.3,88,SE,3.2,4.8,1030.17,0,0,0,0,,
2022-12-18,18:15,10.6,8.9,91,ESE,1.6,4.8,1030.31,0,0,0,0,,
2022-12-18,18:30,10.2,8.3,90,NORTH,0,3.2,1030.44,0,0,0,0,,
2022-12-18,18:45,10.4,8.9,92,ESE,1.6,3.2,1030.44,0,0,0,0,,
2022-12-18,19:00,10.3,8.9,92,SE,1.6,6.4,1030.55,0,0,0,0,,
2022-12-18,19:15,10.4,8.9,92,NORTH,0,3.2,1030.72,0,0,0,0,,
2022-12-18,19:30,10.4,8.9,92,ESE,3.2,6.4,1030.99,0,0,0,0,,
2022-12-18,19:45,10.2,8.9,92,ESE,4.8,6.4,1030.95,0,0,0,0,,
2022-12-18,20:00,10,8.3,91,SE,1.6,6.4,1030.95,0,0,0,0,,
2022-12-18,20:15,9.9,8.3,92,ESE,3.2,4.8,1031.19,0,0,0,0,,
2022-12-18,20:30,9.8,8.3,92,ESE,4.8,4.8,1031.22,0,0,0,0,,
2022-12-18,20:45,9.6,7.8,91,SE,3.2,8,1031.32,0,0,0,0,,
2022-12-18,21:00,9.5,7.8,91,SE,3.2,6.4,1031.39,0,0,0,0,,
2022-12-18,21:15,9.4,7.8,91,SE,3.2,4.8,1031.53,0,0,0,0,,
2022-12-18,21:30,9.7,8.3,91,EAST,3.2,8,1031.66,0,0,0,0,,
2022-12-18,21:45,9.7,8.3,91,ESE,1.6,6.4,1031.66,0,0,0,0,,
2022-12-18,22:00,9.8,8.3,91,ESE,4.8,11.3,1031.73,0,0,0,0,,
2022-12-18,22:15,9.7,8.3,91,EAST,1.6,9.7,1031.66,0,0,0,0,,
2022-12-18,22:30,9.5,7.8,91,EAST,4.8,6.4,1031.7,0,0,0,0,,
2022-12-18,22:45,9.5,7.8,91,ESE,4.8,6.4,1031.73,0,0,0,0,,
2022-12-18,23:00,9.6,8.3,91,ESE,4.8,9.7,1031.9,0,0,0,0,,
2022-12-18,23:15,10.3,8.9,92,ESE,3.2,9.7,1032.04,0,0,0,0,,
2022-12-18,23:30,10.3,8.9,92,ESE,4.8,9.7,1032.07,0,0,0,0,,
2022-12-18,23:45,10.6,9.4,92,ESE,6.4,9.7,1031.9,0,0,0,0,,
2022-12-18,OVR,,,,,,,,,,,,gustmax,6.4
2022-12-18,OVR,,,,,,,,,,,,rainrate_max,0
2022-12-18,OVR,,,,,,,,,,,,rain_total_mm,0
2022-12-18,OVR,,,,,,,,,,,,tmax,15.3
2022-12-18,OVR,,,,,,,,,,,,tmin,7.8
2022-12-18,OVR,,,,,,,,,,,,wind_dir_mean_deg,90
2022-12-19,00:00,10.5,8.9,93,ESE,3.2,9.7,1031.83,0,0,0,0,,
2022-12-19,00:15,10.3,8.9,92,EAST,3.2,9.7,1031.9,0,0,0,0,,
2022-12-19,00:30,9.8,8.3,92,ESE,3.2,9.7,1031.87,0,0,0,0,,
2022-12-19,00:45,9.6,8.3,92,ESE,1.6,4.8,1031.9,0,0,0,0,,
2022-12-19,01:00,9.5,8.3,92,ESE,4.8,4.8,1031.83,0,0,0,0,,
2022-12-19,01:15,9.6,8.3,93,ESE,4.8,6.4,1031.73,0,0,0,0,,
2022-12-19,01:30,9.6,8.3,93,EAST,4.8,6.4,1031.7,0,0,0,0,,
2022-12-19,01:45,9.4,8.3,93,EAST,4.8,9.7,1031.83,0,0,0,0,,
2022-12-19,02:00,9.4,8.3,93,NORTH,0,3.2,1031.8,0,0,0,0,,
2022-12-19,02:15,9.3,8.3,93,EAST,4.8,3.2,1031.83,0,0,0,0,,
2022-12-19,02:30,9.2,7.8,93,ESE,3.2,6.4,1032.04,0,0,0,0,,
2022-12-19,02:45,9.1,7.8,93,ESE,1.6,4.8,1031.87,0,0,0,0,,
2022-12-19,03:00,8.8,7.8,93,EAST,3.2,4.8,1031.8,0,0,0,0,,
2022-12-19,03:15,9,7.8,93,EAST,1.6,4.8,1031.73,0,0,0,0,,
2022-12-19,03:30,9.1,7.8,94,EAST,3.2,4.8,1031.76,0.25,0.25,0,0,,
2022-12-19,03:45,8.9,7.8,94,EAST,3.2,4.8,1031.8,0.25,0.25,0,0,,
2022-12-19,04:00,9.1,7.8,93,ENE,4.8,9.7,1031.7,0.25,0.25,0,0,,
2022-12-19,04:15,8.4,7.2,93,EAST,3.2,4.8,1031.63,0.25,0.25,0,0,,
2022-12-19,04:30,8.3,7.2,93,EAST,1.6,4.8,1031.66,0.25,0,0,0,,
2022-12-19,04:45,8.4,7.2,93,EAST,3.2,6.4,1031.7,0.25,0,0,0,,
2022-12-19,05:00,8.3,7.2,93,ESE,4.8,6.4,1031.73,0.25,0,0,0,,
2022-12-19,05:15,8.3,7.2,93,ESE,3.2,6.4,1031.9,0.25,0,0,0,,
2022-12-19,05:30,8.6,7.2,93,ESE,4.8,6.4,1031.9,0.25,0,0,0,,
2022-12-19,05:45,8.7,7.2,93,ESE,6.4,12.9,1032,0.25,0,0,0,,
2022-12-19,06:00,8.8,7.8,93,ESE,6.4,12.9,1031.93,0.25,0,0,0,,
2022-12-19,06:15,8.7,7.2,93,EAST,11.3,14.5,1031.97,0.25,0,0,0,,
2022-12-19,06:30,8.7,7.2,92,ESE,9.7,12.9,1031.97,0.25,0,0,0,,
2022-12-19,06:45,8.6,7.2,92,ESE,6.4,11.3,1032.04,0.25,0,0,0,,
2022-12-19,07:00,8.6,7.2,92,ESE,6.4,12.9,1031.87,0.25,0,0,0,,
2022-12-19,07:15,8.8,7.2,91,ESE,4.8,9.7,1032.07,0.25,0,0,0,,
2022-12-19,07:30,9.1,7.8,91,EAST,6.4,6.4,1032.1,0.25,0,0,0,,
2022-12-19,07:45,8.9,7.2,90,EAST,4.8,9.7,1032.17,0.25,0,0,0,,
2022-12-19,08:00,8.5,6.7,90,ESE,4.8,6.4,1032.37,0.25,0,0,12,,
2022-12-19,08:15,8.2,6.7,90,ESE,4.8,4.8,1032.48,0.25,0,0,54,,
2022-12-19,08:30,9,7.2,91,EAST,4.8,9.7,1032.61,0.25,0,0,93,,
2022-12-19,08:45,8.7,7.2,90,EAST,3.2,4.8,1032.78,0.25,0,0,134,,
2022-12-19,09:00,9.2,7.8,90,EAST,3.2,3.2,1032.85,0.25,0,0,172,,
2022-12-19,09:15,9.9,8.3,90,NORTH,0,3.2,1032.88,0.25,0,0,214,,
2022-12-19,09:30,10.4,8.3,89,EAST,1.6,4.8,1032.98,0.25,0,0,251,,
2022-12-19,09:45,10.7,8.9,89,NORTH,0,1.6,1033.12,0.25,0,1,292,,
2022-12-19,10:00,10.9,8.9,87,EAST,9.7,11.3,1033.32,0.25,0,1,329,,
2022-12-19,10:15,11,8.9,87,ESE,9.7,11.3,1033.25,0.25,0,1,357,,
2022-12-19,10:30,11.5,8.9,86,ESE,4.8,11.3,1033.36,0.25,0,1,381,,
2022-12-19,10:45,12.1,9.4,86,ESE,6.4,6.4,1033.42,0.25,0,1,408,,
2022-12-19,11:00,12.5,10,85,EAST,3.2,6.4,1033.29,0.25,0,1,418,,
2022-12-19,11:15,13,10,84,SSE,4.8,11.3,1033.15,0.25,0,2,494,,
2022-12-19,11:30,12.9,10,84,ESE,1.6,9.7,1033.29,0.25,0,2,548,,
2022-12-19,11:45,13.3,10.6,84,SE,4.8,12.9,1032.92,0.25,0,1,550,,
2022-12-19,12:00,12.9,10,83,SE,16.1,16.1,1032.75,0.25,0,2,297,,
2022-12-19,12:15,13.3,10.6,83,SSE,4.8,16.1,1032.61,0.25,0,2,571,,
2022-12-19,12:30,13.2,10,83,SE,1.6,11.3,1032.48,0.25,0,1,160,,
2022-12-19,12:45,13.4,10.6,82,NORTH,0,8,1032.41,0.25,0,2,592,,
2022-12-19,13:00,13.2,10,82,SSE,9.7,11.3,1032.14,0.25,0,1,125,,
2022-12-19,13:15,13.6,10,79,SSE,1.6,3.2,1032.07,0.25,0,2,517,,
2022-12-19,13:30,13.8,9.4,77,SE,4.8,8,1032.04,0.25,0,1,387,,
2022-12-19,13:45,13.9,10,77,NORTH,0,4.8,1031.73,0.25,0,1,462,,
2022-12-19,14:00,14.2,10.6,80,NW,8,11.3,1031.7,0.25,0,1,478,,
2022-12-19,14:15,14.2,10.6,79,NNW,3.2,8,1031.49,0.25,0,1,436,,
2022-12-19,14:30,14.3,10,78,,4.8,8,1031.39,0.25,0,1,422,,
2022-12-19,14:45,14.4,10.6,77,SE,4.8,6.4,1031.26,0.25,0,1,374,,
2022-12-19,15:00,14.6,10.6,77,NORTH,0,4.8,1031.19,0.25,0,1,322,,
2022-12-19,15:15,14.4,10,77,ESE,9.7,8,1031.12,0.25,0,0,285,,
2022-12-19,15:30,14.3,10,77,SSE,3.2,20.9,1031.22,0.25,0,0,220,,
2022-12-19,15:45,14.2,9.4,75,WNW,4.8,11.3,1031.36,0.25,0,0,155,,
2022-12-19,16:00,14.1,10,76,WNW,3.2,6.4,1031.39,0.25,0,0,98,,
2022-12-19,16:15,13.6,10,79,NNE,1.6,4.8,1031.43,0.25,0,0,63,,
2022-12-19,16:30,13.1,9.4,80,ESE,4.8,6.4,1031.29,0.25,0,0,32,,
2022-12-19,16:45,12.4,8.9,81,ESE,1.6,4.8,1031.26,0.25,0,0,14,,
2022-12-19,17:00,11.2,8.3,85,ESE,1.6,4.8,1031.26,0.25,0,0,0,,
2022-12-19,17:15,10.8,8.3,87,SE,6.4,8,1031.29,0.25,0,0,0,,
2022-12-19,17:30,10.6,8.3,88,SE,6.4,8,1031.32,0.25,0,0,0,,
2022-12-19,17:45,11,8.9,88,SE,6.4,8,1031.36,0.25,0,0,0,,
2022-12-19,18:00,11,8.9,87,SE,6.4,8,1031.39,0.25,0,0,0,,
2022-12-19,18:15,10.9,8.9,88,SE,6.4,8,1031.49,0.25,0,0,0,,
2022-12-19,18:30,10.4,8.3,87,SE,8,8,1031.46,0.25,0,0,0,,
2022-12-19,18:45,10.2,8.3,88,SE,6.4,11.3,1031.32,0.25,0,0,0,,
2022-12-19,19:00,10.6,8.9,89,SE,6.4,11.3,1031.46,0.25,0,0,0,,
2022-12-19,19:15,10.9,8.9,87,SE,8,8,1031.49,0.25,0,0,0,,
2022-12-19,19:30,11.3,8.9,85,ESE,12.9,17.7,1031.56,0.25,0,0,0,,
2022-12-19,19:45,11.5,9.4,87,SE,11.3,16.1,1031.63,0.25,0,0,0,,
2022-12-19,20:00,11.4,9.4,89,ESE,8,16.1,1031.56,0.25,0,0,0,,
2022-12-19,20:15,11.4,10,90,SE,8,14.5,1031.6,0.25,0,0,0,,
2022-12-19,20:30,11.3,9.4,91,SE,8,11.3,1031.8,0.25,0,0,0,,
2022-12-19,20:45,11.2,9.4,91,ESE,6.4,11.3,1031.56,0.25,0,0,0,,
2022-12-19,21:00,11.2,9.4,92,ESE,6.4,11.3,1031.56,0.25,0,0,0,,
2022-12-19,21:15,11.2,9.4,92,ESE,12.9,12.9,1031.43,0.25,0,0,0,,
2022-12-19,21:30,11.2,9.4,92,ESE,9.7,12.9,1031.56,0.25,0,0,0,,
2022-12-19,21:45,11.1,9.4,92,ESE,9.7,12.9,1031.36,0.25,0,0,0,,
2022-12-19,22:00,11.1,9.4,92,ESE,9.7,12.9,1031.36,0.25,0,0,0,,
2022-12-19,22:15,11.1,9.4,92,ESE,4.8,11.3,1031.36,0.25,0,0,0,,
2022-12-19,22:30,10.5,8.9,92,ESE,4.8,9.7,1031.26,0.25,0,0,0,,
2022-12-19,22:45,10,8.3,92,EAST,9.7,11.3,1031.43,0.25,0,0,0,,
2022-12-19,23:00,9.8,8.3,92,EAST,9.7,11.3,1031.53,0.25,0,0,0,,
2022-12-19,23:15,9.7,8.3,92,ESE,6.4,11.3,1031.49,0.25,0,0,0,,
2022-12-19,23:30,9.6,8.3,93,EAST,4.8,9.7,1031.49,0.25,0,0,0,,
2022-12-19,23:45,9.6,8.3,93,ESE,4.8,9.7,1031.43,0.25,0,0,0,,
2022-12-19,OVR,,,,,,,,,,,,gustmax,16.1
2022-12-19,OVR,,,,,,,,,,,,rainrate_max,0.2
2022-12-19,OVR,,,,,,,,,,,,rain_total_mm,0.2
2022-12-19,OVR,,,,,,,,,,,,tmax,14.7
2022-12-19,OVR,,,,,,,,,,,,tmin,8.2
2022-12-19,OVR,,,,,,,,,,,,wind_dir_mean_deg,112.5
2022-12-20,00:00,9.9,8.9,93,ESE,4.8,11.3,1031.22,0,0,0,0,,
2022-12-20,00:15,10.2,8.9,93,ESE,6.4,11.3,1031.22,0,0,0,0,,
2022-12-20,00:30,10.3,8.9,93,ESE,6.4,11.3,1031.12,0,0,0,0,,
2022-12-20,00:45,10.2,8.9,93,ESE,3.2,9.7,1031.26,0,0,0,0,,
2022-12-20,01:00,10.2,8.9,93,ESE,9.7,9.7,1031.12,0,0,0,0,,
2022-12-20,01:15,10.1,8.9,93,ESE,9.7,9.7,1030.82,0,0,0,0,,
2022-12-20,01:30,9.7,8.3,93,ESE,4.8,11.3,1030.51,0,0,0,0,,
2022-12-20,01:45,9.4,8.3,93,ESE,4.8,11.3,1030.51,0,0,0,0,,
2022-12-20,02:00,9.1,7.8,93,ESE,9.7,11.3,1030.61,0,0,0,0,,
2022-12-20,02:15,8.9,7.8,93,ESE,6.4,12.9,1030.61,0,0,0,0,,
2022-12-20,02:30,8.9,7.8,93,ESE,11.3,12.9,1030.44,0,0,0,0,,
2022-12-20,02:45,9.1,7.8,93,ESE,6.4,12.9,1030.48,0,0,0,0,,
2022-12-20,03:00,9.1,7.8,93,ESE,9.7,11.3,1030.44,0,0,0,0,,
2022-12-20,03:15,9.1,7.8,93,EAST,6.4,11.3,1030.27,0,0,0,0,,
2022-12-20,03:30,9.3,7.8,93,ESE,4.8,11.3,1030.21,0,0,0,0,,
2022-12-20,03:45,9.6,8.3,93,EAST,6.4,11.3,1030.07,0,0,0,0,,
2022-12-20,04:00,9.6,8.3,93,ESE,11.3,11.3,1029.77,0,0,0,0,,
2022-12-20,04:15,9.5,8.3,92,EAST,6.4,11.3,1029.83,0,0,0,0,,
2022-12-20,04:30,9.2,7.8,91,EAST,6.4,11.3,1029.73,0,0,0,0,,
2022-12-20,04:45,8.7,7.2,91,ESE,9.7,14.5,1029.63,0,0,0,0,,
2022-12-20,05:00,8.4,7.2,92,ESE,14.5,14.5,1029.56,0,0,0,0,,
2022-12-20,05:15,8.6,7.2,92,ESE,12.9,14.5,1029.5,0,0,0,0,,
2022-12-20,05:30,8.7,7.2,92,ESE,6.4,9.7,1029.5,0,0,0,0,,
2022-12-20,05:45,9.1,7.8,92,ESE,6.4,12.9,1029.39,0,0,0,0,,
2022-12-20,06:00,9.3,7.8,92,ESE,9.7,12.9,1029.26,0,0,0,0,,
2022-12-20,06:15,9.6,7.8,91,ESE,11.3,12.9,1029.36,0,0,0,0,,
2022-12-20,06:30,9.6,7.8,91,ESE,4.8,11.3,1029.29,0,0,0,0,,
2022-12-20,06:45,9.4,7.8,90,ESE,6.4,9.7,1029.33,0,0,0,0,,
2022-12-20,07:00,9.2,7.2,90,ESE,6.4,9.7,1029.29,0,0,0,0,,
2022-12-20,07:15,9.2,7.8,90,ESE,6.4,12.9,1029.43,0,0,0,0,,
2022-12-20,07:30,9.5,7.8,89,ESE,11.3,12.9,1029.26,0,0,0,0,,
2022-12-20,07:45,9.6,7.8,89,EAST,6.4,11.3,1029.36,0,0,0,0,,
2022-12-20,08:00,9.5,7.2,88,ESE,9.7,12.9,1029.39,0,0,0,12,,
2022-12-20,08:15,9.4,7.2,88,ESE,11.3,12.9,1029.19,0,0,0,47,,
2022-12-20,08:30,9.4,7.2,88,EAST,9.7,12.9,1029.39,0,0,0,33,,
2022-12-20,08:45,9.6,7.2,87,EAST,6.4,14.5,1029.19,0,0,0,70,,
2022-12-20,09:00,9.8,7.8,88,EAST,6.4,12.9,1029.19,0,0,0,97,,
2022-12-20,09:15,10.3,8.3,87,ESE,6.4,9.7,1029.19,0,0,0,218,,
2022-12-20,09:30,10.7,8.3,86,ESE,6.4,9.7,1029.19,0,0,0,257,,
2022-12-20,09:45,11.2,8.9,86,ESE,6.4,9.7,1029.26,0,0,1,292,,
2022-12-20,10:00,11.9,9.4,84,SE,3.2,14.5,1029.36,0,0,1,325,,
2022-12-20,10:15,11.9,8.9,84,EAST,4.8,17.7,1029.36,0,0,1,355,,
2022-12-20,10:30,12.1,8.9,83,SE,1.6,11.3,1029.39,0,0,1,381,,
2022-12-20,10:45,12.3,9.4,83,SE,6.4,16.1,1029.33,0,0,1,410,,
2022-12-20,11:00,12.5,9.4,83,ESE,4.8,16.1,1029.33,0,0,1,427,,
2022-12-20,11:15,12.7,10,83,ESE,9.7,19.3,1029.33,0,0,1,445,,
2022-12-20,11:30,13,10,83,ESE,14.5,17.7,1028.89,0,0,2,461,,
2022-12-20,11:45,12.9,10,82,SE,8,19.3,1028.92,0,0,2,471,,
2022-12-20,12:00,13,10,82,ESE,11.3,20.9,1028.72,0,0,2,490,,
2022-12-20,12:15,13.4,10,81,SE,20.9,22.5,1028.41,0,0,2,508,,
2022-12-20,12:30,13.6,10,81,SE,8,19.3,1028.21,0,0,2,487,,
2022-12-20,12:45,13.8,10.6,80,SE,22.5,20.9,1028.11,0,0,2,476,,
2022-12-20,13:00,13.6,10,79,SE,14.5,22.5,1027.63,0,0,2,496,,
2022-12-20,13:15,13.8,10.6,81,SE,4.8,20.9,1027.5,0,0,1,512,,
2022-12-20,13:30,13.8,10.6,81,ESE,12.9,19.3,1027.43,0,0,1,503,,
2022-12-20,13:45,13.8,10,79,SE,14.5,16.1,1027.13,0,0,1,489,,
2022-12-20,14:00,14.1,10,79,SSE,12.9,16.1,1027.26,0,0,1,418,,
2022-12-20,14:15,14.3,10.6,79,ESE,8,16.1,1027.09,0,0,1,459,,
2022-12-20,14:30,14.1,10,77,ESE,6.4,14.5,1026.96,0,0,1,376,,
2022-12-20,14:45,14,10,78,SE,11.3,16.1,1026.96,0,0,1,330,,
2022-12-20,15:00,14.3,10.6,78,SE,4.8,14.5,1026.85,0,0,1,295,,
2022-12-20,15:15,14.1,10,77,ESE,8,14.5,1026.79,0,0,0,241,,
2022-12-20,15:30,14.1,10,77,ESE,6.4,17.7,1026.85,0,0,0,181,,
2022-12-20,15:45,13.8,10,78,SSE,6.4,14.5,1026.79,0,0,0,141,,
2022-12-20,16:00,13.9,10.6,80,SSE,12.9,16.1,1026.75,0,0,0,98,,
2022-12-20,16:15,13.7,10,80,SE,8,14.5,1026.75,0,0,0,62,,
2022-12-20,16:30,13.3,10,81,SE,12.9,14.5,1026.75,0,0,0,30,,
2022-12-20,16:45,13.1,10,83,SE,8,16.1,1026.85,0,0,0,14,,
2022-12-20,17:00,12.7,10,86,SE,8,14.5,1026.72,0,0,0,0,,
2022-12-20,17:15,12.3,10,88,SE,11.3,14.5,1026.65,0,0,0,0,,
2022-12-20,17:30,12.3,10,88,SE,11.3,12.9,1026.75,0,0,0,0,,
2022-12-20,17:45,12.1,10,89,ESE,11.3,17.7,1026.79,0,0,0,0,,
2022-12-20,18:00,12.1,10,89,ESE,14.5,19.3,1026.82,0,0,0,0,,
2022-12-20,18:15,12,10,90,ESE,11.3,19.3,1026.92,0,0,0,0,,
2022-12-20,18:30,12,10,90,SE,12.9,19.3,1026.79,0,0,0,0,,
2022-12-20,18:45,12.1,10.6,90,SE,8,19.3,1026.96,0,0,0,0,,
2022-12-20,19:00,11.9,10,90,SE,12.9,19.3,1026.96,0,0,0,0,,
2022-12-20,19:15,11.9,10,90,ESE,16.1,20.9,1026.85,0,0,0,0,,
2022-12-20,19:30,11.8,10,90,SE,14.5,20.9,1026.96,0,0,0,0,,
2022-12-20,19:45,11.8,10,90,ESE,16.1,19.3,1026.99,0,0,0,0,,
2022-12-20,20:00,11.8,10,90,ESE,12.9,20.9,1026.79,0,0,0,0,,
2022-12-20,20:15,11.8,10,89,ESE,9.7,20.9,1026.82,0,0,0,0,,
2022-12-20,20:30,11.7,10,89,SE,12.9,17.7,1026.75,0,0,0,0,,
2022-12-20,20:45,11.7,10,89,SE,14.5,19.3,1026.65,0,0,0,0,,
2022-12-20,21:00,11.7,10,89,ESE,9.7,17.7,1026.65,0,0,0,0,,
2022-12-20,21:15,11.5,9.4,89,ESE,11.3,19.3,1026.45,0,0,0,0,,
2022-12-20,21:30,11.4,9.4,90,ESE,11.3,17.7,1026.52,0,0,0,0,,
2022-12-20,21:45,11.3,9.4,90,ESE,14.5,19.3,1026.28,0,0,0,0,,
2022-12-20,22:00,11.3,9.4,90,ESE,14.5,17.7,1025.94,0,0,0,0,,
2022-12-20,22:15,11.2,9.4,90,ESE,11.3,19.3,1025.91,0,0,0,0,,
2022-12-20,22:30,11.1,9.4,91,ESE,12.9,16.1,1025.84,0,0,0,0,,
2022-12-20,22:45,11.1,9.4,91,ESE,12.9,17.7,1025.67,0,0,0,0,,
2022-12-20,23:00,11.1,9.4,91,ESE,14.5,17.7,1025.84,0,0,0,0,,
2022-12-20,23:15,10.9,9.4,91,ESE,12.9,17.7,1025.84,0,0,0,0,,
2022-12-20,23:30,10.9,9.4,91,ESE,14.5,17.7,1025.67,0,0,0,0,,
2022-12-20,23:45,11,9.4,91,ESE,11.3,19.3,1025.47,0,0,0,0,,
2022-12-20,OVR,,,,,,,,,,,,gustmax,22.5
2022-12-20,OVR,,,,,,,,,,,,rainrate_max,0
2022-12-20,OVR,,,,,,,,,,,,rain_total_mm,0
2022-12-20,OVR,,,,,,,,,,,,tmax,14.7
2022-12-20,OVR,,,,,,,,,,,,tmin,8.4
2022-12-20,OVR,,,,,,,,,,,,wind_dir_mean_deg,112.5
2022-12-21,00:00,10.9,9.4,91,SE,14.5,17.7,1025.57,0,0,0,0,,
2022-12-21,00:15,10.9,9.4,91,ESE,14.5,17.7,1025.3,0,0,0,0,,
2022-12-21,00:30,10.9,9.4,92,ESE,11.3,17.7,1025.26,0,0,0,0,,
2022-12-21,00:45,10.8,9.4,91,ESE,11.3,16.1,1025.2,0,0,0,0,,
2022-12-21,01:00,10.8,9.4,91,SE,11.3,14.5,1024.96,0,0,0,0,,
2022-12-21,01:15,10.8,9.4,92,ESE,9.7,12.9,1024.82,0,0,0,0,,
2022-12-21,01:30,10.6,8.9,91,ESE,4.8,11.3,1024.92,0,0,0,0,,
2022-12-21,01:45,10,8.3,91,ESE,11.3,11.3,1024.96,0,0,0,0,,
2022-12-21,02:00,9.9,8.3,92,ESE,9.7,12.9,1024.82,0,0,0,0,,
2022-12-21,02:15,9.9,8.3,92,ESE,9.7,14.5,1024.69,0,0,0,0,,
2022-12-21,02:30,9.8,8.3,91,EAST,9.7,12.9,1024.76,0,0,0,0,,
2022-12-21,02:45,9.8,8.3,91,ESE,6.4,14.5,1024.69,0,0,0,0,,
2022-12-21,03:00,9.7,8.3,91,ESE,12.9,12.9,1024.65,0,0,0,0,,
2022-12-21,03:15,9.8,8.3,91,EAST,6.4,14.5,1024.45,0,0,0,0,,
2022-12-21,03:30,9.8,8.3,91,ESE,4.8,11.3,1024.45,0,0,0,0,,
2022-12-21,03:45,9.9,8.3,92,ESE,6.4,9.7,1024.31,0,0,0,0,,
2022-12-21,04:00,9.9,8.3,92,ESE,9.7,11.3,1024.11,0,0,0,0,,
2022-12-21,04:15,10.2,8.9,92,ESE,9.7,14.5,1024.18,0,0,0,0,,
2022-12-21,04:30,10.2,8.9,92,ESE,6.4,11.3,1023.91,0,0,0,0,,
2022-12-21,04:45,9.8,8.3,91,ESE,6.4,12.9,1024.04,0,0,0,0,,
2022-12-21,05:00,9.8,8.3,91,ESE,9.7,12.9,1023.84,0,0,0,0,,
2022-12-21,05:15,9.8,8.3,91,EAST,6.4,11.3,1023.94,0,0,0,0,,
2022-12-21,05:30,9.7,8.3,91,ESE,6.4,11.3,1023.74,0,0,0,0,,
2022-12-21,05:45,9.8,8.3,92,ESE,9.7,14.5,1023.6,0,0,0,0,,
2022-12-21,06:00,9.8,8.3,91,ESE,6.4,11.3,1023.54,0,0,0,0,,
2022-12-21,06:15,10.1,8.3,92,ESE,4.8,12.9,1023.5,0,0,0,0,,
2022-12-21,06:30,10.2,8.9,92,ESE,3.2,11.3,1023.43,0,0,0,0,,
2022-12-21,06:45,9.9,8.3,91,ESE,3.2,6.4,1023.6,0,0,0,0,,
2022-12-21,07:00,10.2,8.9,92,ESE,6.4,12.9,1023.5,0,0,0,0,,
2022-12-21,07:15,10.1,8.3,91,SE,8,12.9,1023.27,0,0,0,0,,
2022-12-21,07:30,10.1,8.3,91,ESE,9.7,11.3,1023.27,0,0,0,0,,
2022-12-21,07:45,10,8.3,91,ESE,6.4,12.9,1023.16,0,0,0,0,,
2022-12-21,08:00,10,8.3,91,ESE,6.4,12.9,1023.3,0,0,0,12,,
2022-12-21,08:15,9.9,8.3,91,ESE,9.7,12.9,1023.27,0,0,0,47,,
2022-12-21,08:30,10.2,8.3,91,ESE,11.3,14.5,1023.3,0,0,0,84,,
2022-12-21,08:45,10.4,8.9,90,ESE,6.4,12.9,1023.16,0,0,0,123,,
2022-12-21,09:00,10.7,8.9,90,ESE,9.7,12.9,1023.16,0,0,0,171,,
2022-12-21,09:15,10.7,8.9,90,EAST,11.3,14.5,1023.3,0,0,0,213,,
2022-12-21,09:30,10.8,8.9,90,ESE,9.7,12.9,1023.3,0,0,0,251,,
2022-12-21,09:45,11.2,9.4,90,ESE,9.7,11.3,1023.3,0,0,1,288,,
2022-12-21,10:00,12.1,10,87,SE,8,16.1,1023.37,0,0,1,322,,
2022-12-21,10:15,11.8,10,88,ESE,6.4,17.7,1023.06,0,0,1,353,,
2022-12-21,10:30,11.8,10,88,EAST,6.4,14.5,1023.4,0,0,1,378,,
2022-12-21,10:45,12.7,10,84,SE,12.9,14.5,1023.27,0,0,1,429,,
2022-12-21,11:00,13.1,9.4,81,ESE,11.3,14.5,1022.99,0,0,1,445,,
2022-12-21,11:15,12.9,9.4,81,SE,14.5,19.3,1023.06,0,0,1,512,,
2022-12-21,11:30,13.1,10,82,SE,6.4,16.1,1022.99,0,0,1,450,,
2022-12-21,11:45,13.3,10,80,ESE,11.3,12.9,1022.93,0,0,2,457,,
2022-12-21,12:00,13.6,10,81,SE,12.9,12.9,1022.69,0,0,2,459,,
2022-12-21,12:15,13.4,10,80,SSE,6.4,14.5,1022.59,0,0,2,461,,
2022-12-21,12:30,13.6,10,80,ESE,6.4,12.9,1022.22,0,0,2,454,,
2022-12-21,12:45,14.2,10.6,80,SE,3.2,12.9,1022.08,0,0,2,452,,
2022-12-21,13:00,14.3,10.6,78,ESE,1.6,12.9,1022.01,0,0,1,517,,
2022-12-21,13:15,14.3,10,77,SSE,1.6,8,1021.91,0,0,1,417,,
2022-12-21,13:30,14.4,10,76,SSE,3.2,6.4,1021.81,0,0,1,206,,
2022-12-21,13:45,14.4,10,76,NORTH,0,4.8,1021.81,0,0,1,165,,
2022-12-21,14:00,14.5,10,76,WEST,1.6,6.4,1021.67,0,0,1,220,,
2022-12-21,14:15,14.8,10,74,NNW,4.8,12.9,1021.71,0,0,1,526,,
2022-12-21,14:30,15.1,10.6,74,WNW,3.2,8,1021.44,0,0,1,343,,
2022-12-21,14:45,14.9,10.6,76,WNW,1.6,14.5,1021.2,0,0,1,327,,
2022-12-21,15:00,14.8,10.6,77,WEST,4.8,14.5,1021.2,0,0,1,290,,
2022-12-21,15:15,14.7,10,74,WEST,4.8,6.4,1021.1,0,0,0,72,,
2022-12-21,15:30,14.7,10,76,SOUTH,1.6,4.8,1021,0,0,0,56,,
2022-12-21,15:45,14.6,10.6,77,NORTH,0,3.2,1020.83,0,0,0,51,,
2022-12-21,16:00,14.5,10.6,77,SOUTH,1.6,3.2,1020.66,0,0,0,47,,
2022-12-21,16:15,14.4,10.6,77,NORTH,0,1.6,1020.79,0,0,0,21,,
2022-12-21,16:30,14.2,10.6,79,NORTH,0,0,1020.76,0,0,0,11,,
2022-12-21,16:45,14,10.6,80,SOUTH,4.8,4.8,1020.86,0,0,0,0,,
2022-12-21,17:00,13.8,10,80,SE,1.6,6.4,1020.93,0,0,0,0,,
2022-12-21,17:15,13.8,10.6,81,NORTH,0,1.6,1020.89,0,0,0,0,,
2022-12-21,17:30,13.4,10.6,82,NORTH,0,3.2,1020.83,0,0,0,0,,
2022-12-21,17:45,13.2,10.6,84,NORTH,0,1.6,1021,0,0,0,0,,
2022-12-21,18:00,13.1,10.6,85,NORTH,0,3.2,1021.06,0.25,0.25,0,0,,
2022-12-21,18:15,12.8,10.6,87,SE,3.2,3.2,1020.79,0.25,0.25,0,0,,
2022-12-21,18:30,12.4,10,87,SSE,8,9.7,1021.1,0.25,0.25,0,0,,
2022-12-21,18:45,12.7,10,86,SE,4.8,8,1020.96,0.25,0.25,0,0,,
2022-12-21,19:00,12.6,10,85,SE,8,8,1020.86,0.25,0,0,0,,
2022-12-21,19:15,12.4,10,85,SE,6.4,8,1020.79,0.25,0,0,0,,
2022-12-21,19:30,11.9,9.4,87,SE,4.8,6.4,1021.03,0.25,0,0,0,,
2022-12-21,19:45,12.5,10.6,88,SE,4.8,8,1021.03,0.51,0.25,0,0,,
2022-12-21,20:00,13.1,11.1,88,SE,1.6,6.4,1020.79,0.51,0.25,0,0,,
2022-12-21,20:15,13.2,11.1,87,SE,3.2,6.4,1020.89,0.51,0.25,0,0,,
2022-12-21,20:30,13.1,11.1,88,SE,1.6,6.4,1020.83,0.51,0.25,0,0,,
2022-12-21,20:45,13.1,11.1,87,SE,3.2,4.8,1021,0.51,0,0,0,,
2022-12-21,21:00,12.8,10.6,88,SE,1.6,4.8,1020.79,0.51,0,0,0,,
2022-12-21,21:15,12.9,11.1,89,SE,1.6,4.8,1020.96,0.51,0,0,0,,
2022-12-21,21:30,12.9,11.1,91,SE,1.6,4.8,1021.06,0.51,0,0,0,,
2022-12-21,21:45,13.2,11.7,91,NORTH,0,3.2,1021.06,0.51,0,0,0,,
2022-12-21,22:00,13.3,11.7,91,NORTH,0,17.7,1021.1,0.51,0,0,0,,
2022-12-21,22:15,13.3,11.7,91,WEST,3.2,6.4,1021.1,1.02,0.51,0,0,,
2022-12-21,22:30,13.3,11.7,91,WEST,1.6,4.8,1021.3,1.02,0.51,0,0,,
2022-12-21,22:45,13.4,11.7,92,NORTH,0,4.8,1020.89,1.27,0.76,0,0,,
2022-12-21,23:00,13.5,12.2,92,WNW,6.4,11.3,1021,1.27,0.76,0,0,,
2022-12-21,23:15,13.4,12.2,92,WNW,3.2,9.7,1021.1,1.78,0.76,0,0,,
2022-12-21,23:30,13.4,12.2,93,SW,3.2,16.1,1021.3,2.29,1.52,0,0,,
2022-12-21,23:45,13.3,12.2,93,WNW,4.8,14.5,1021,2.29,1.27,0,0,,
2022-12-21,OVR,,,,,,,,,,,,gustmax,14.5
2022-12-21,OVR,,,,,,,,,,,,rainrate_max,14.6
2022-12-21,OVR,,,,,,,,,,,,rain_total_mm,2.4
2022-12-21,OVR,,,,,,,,,,,,tmax,15.2
2022-12-21,OVR,,,,,,,,,,,,tmin,9.6
2022-12-21,OVR,,,,,,,,,,,,wind_dir_mean_deg,112.5
2022-12-22,00:00,13.3,12.2,93,NORTH,0,4.8,1020.86,0,1.27,0,0,,
2022-12-22,00:15,13.2,11.7,93,NORTH,0,1.6,1021.06,0,0.51,0,0,,
2022-12-22,00:30,13.2,11.7,93,WEST,3.2,9.7,1020.83,0,0,0,0,,
2022-12-22,00:45,13.1,11.7,93,WNW,3.2,6.4,1020.62,0,0,0,0,,
2022-12-22,01:00,13.1,11.7,94,WNW,4.8,6.4,1020.66,0,0,0,0,,
2022-12-22,01:15,13.1,12.2,94,WNW,4.8,16.1,1020.79,0,0,0,0,,
2022-12-22,01:30,12.9,11.7,94,WEST,14.5,30.6,1020.76,0,0,0,0,,
2022-12-22,01:45,12.8,11.7,94,WEST,14.5,29,1020.69,0,0,0,0,,
2022-12-22,02:00,12.8,11.7,94,WNW,11.3,24.1,1020.83,0,0,0,0,,
2022-12-22,02:15,12.9,11.7,94,WNW,17.7,25.7,1021.03,0,0,0,0,,
2022-12-22,02:30,12.9,11.7,94,WNW,14.5,22.5,1021.03,0,0,0,0,,
2022-12-22,02:45,12.9,11.7,94,WNW,14.5,22.5,1020.93,0,0,0,0,,
2022-12-22,03:00,12.8,11.7,94,WEST,12.9,24.1,1021.1,0,0,0,0,,
2022-12-22,03:15,12.7,11.7,94,WNW,11.3,25.7,1021.23,0,0,0,0,,
2022-12-22,03:30,12.8,11.7,94,WEST,16.1,35.4,1021.27,0,0,0,0,,
2022-12-22,03:45,12.8,11.7,94,WEST,16.1,30.6,1021.23,0,0,0,0,,
2022-12-22,04:00,12.6,11.1,93,WNW,17.7,30.6,1021,0,0,0,0,,
2022-12-22,04:15,12.3,11.1,93,NW,12.9,27.4,1021.23,0,0,0,0,,
2022-12-22,04:30,12.2,11.1,93,NW,14.5,27.4,1021.2,0,0,0,0,,
2022-12-22,04:45,12.1,10.6,93,WNW,32.2,27.4,1021.06,0,0,0,0,,
2022-12-22,05:00,12.3,10.6,92,WNW,24.1,40.2,1021.33,0,0,0,0,,
2022-12-22,05:15,12.6,11.1,90,WNW,14.5,37,1021.33,0,0,0,0,,
2022-12-22,05:30,12.6,11.1,90,WNW,22.5,40.2,1021.37,0,0,0,0,,
2022-12-22,05:45,12.6,10.6,90,NW,20.9,33.8,1021.3,0,0,0,0,,
2022-12-22,06:00,12.5,10.6,90,NW,12.9,37,1021.44,0,0,0,0,,
2022-12-22,06:15,12.3,10.6,90,WNW,11.3,22.5,1021.5,0,0,0,0,,
2022-12-22,06:30,12.2,10.6,89,WNW,20.9,24.1,1021.27,0,0,0,0,,
2022-12-22,06:45,12.1,10,88,WNW,19.3,22.5,1021.54,0,0,0,0,,
2022-12-22,07:00,12.3,10,87,WNW,20.9,24.1,1021.47,0,0,0,0,,
2022-12-22,07:15,12.3,10,86,NW,11.3,29,1021.54,0,0,0,0,,
2022-12-22,07:30,12.3,10,87,NW,20.9,27.4,1021.78,0,0,0,0,,
2022-12-22,07:45,12.4,10,87,WNW,12.9,29,1022.15,0,0,0,7,,
2022-12-22,08:00,12.4,10,87,WNW,19.3,27.4,1022.08,0,0,0,21,,
2022-12-22,08:15,12.4,10,87,WNW,16.1,24.1,1022.11,0,0,0,28,,
2022-12-22,08:30,12.5,10.6,88,WNW,8,20.9,1021.98,0,0,0,53,,
2022-12-22,08:45,12.3,10.6,88,WNW,8,14.5,1021.94,0,0,0,105,,
2022-12-22,09:00,12.3,10.6,90,WNW,14.5,16.1,1022.08,0,0,0,134,,
2022-12-22,09:15,12.8,11.1,89,WEST,14.5,25.7,1022.25,0,0,0,204,,
2022-12-22,09:30,13,11.1,89,WNW,11.3,20.9,1022.35,0,0,0,308,,
2022-12-22,09:45,13.1,11.1,89,WEST,24.1,22.5,1022.66,0,0,0,114,,
2022-12-22,10:00,13.1,11.1,90,WNW,11.3,24.1,1023.03,0,0,1,295,,
2022-12-22,10:15,13.3,11.7,89,WNW,16.1,27.4,1023.03,0,0,1,134,,
2022-12-22,10:30,13.9,12.2,90,WNW,27.4,32.2,1023.23,0,0,1,225,,
2022-12-22,10:45,13.7,11.7,90,WNW,17.7,40.2,1023.47,0,0,1,172,,
2022-12-22,11:00,13.7,12.2,91,WEST,17.7,32.2,1023.47,0,0,1,195,,
2022-12-22,11:15,13.8,12.2,91,WNW,17.7,32.2,1023.23,0,0,1,155,,
2022-12-22,11:30,13.8,12.2,91,WEST,32.2,38.6,1023.1,0,0,1,290,,
2022-12-22,11:45,13.9,12.2,90,WNW,30.6,33.8,1022.76,0,0,1,236,,
2022-12-22,12:00,14.3,12.2,90,WNW,24.1,45.1,1022.72,0,0,2,167,,
2022-12-22,12:15,14.8,12.8,88,WEST,12.9,43.5,1022.35,0,0,1,606,,
2022-12-22,12:30,14.9,12.8,87,WEST,17.7,41.8,1022.08,0,0,2,561,,
2022-12-22,12:45,15.3,12.8,86,WEST,20.9,33.8,1021.98,0,0,1,643,,
2022-12-22,13:00,15.2,12.8,86,ESE,33.8,37,1021.81,0,0,1,77,,
2022-12-22,13:15,14.8,12.2,85,WEST,38.6,45.1,1021.84,0,0,1,239,,
2022-12-22,13:30,14.9,12.2,86,WEST,24.1,32.2,1021.71,0,0,1,114,,
2022-12-22,13:45,14.8,12.2,87,NW,25.7,35.4,1021.47,0,0,1,95,,
2022-12-22,14:00,15.2,12.8,86,WNW,12.9,41.8,1021.1,0,0,1,200,,
2022-12-22,14:15,15.4,12.8,85,WNW,19.3,41.8,1021.1,0,0,1,446,,
2022-12-22,14:30,15.3,12.8,86,WEST,30.6,45.1,1021.23,0,0,1,396,,
2022-12-22,14:45,15.3,12.2,84,NW,19.3,46.7,1021.2,0,0,1,105,,
2022-12-22,15:00,15.3,12.8,85,WEST,25.7,45.1,1021.23,0,0,0,251,,
2022-12-22,15:15,15.3,12.2,84,WNW,24.1,51.5,1021.06,0,0,0,244,,
2022-12-22,15:30,15.1,11.7,82,WNW,30.6,53.1,1021.2,0,0,0,141,,
2022-12-22,15:45,15,11.7,82,WEST,22.5,49.9,1021,0,0,0,139,,
2022-12-22,16:00,14.8,12.2,85,WEST,24.1,45.1,1021.3,0,0,0,88,,
2022-12-22,16:15,14.6,12.2,88,WEST,17.7,24.1,1021.44,0,0,0,63,,
2022-12-22,16:30,14.6,12.8,90,WNW,30.6,35.4,1021.33,0,0,0,40,,
2022-12-22,16:45,14.5,12.8,91,WEST,20.9,35.4,1021.3,0,0,0,18,,
2022-12-22,17:00,14.4,12.8,91,NNW,6.4,25.7,1021.44,0,0,0,0,,
2022-12-22,17:15,14.1,12.8,92,NW,17.7,32.2,1021.5,0,0,0,0,,
2022-12-22,17:30,13.8,12.2,92,WNW,24.1,38.6,1021.64,0,0,0,0,,
2022-12-22,17:45,13.7,12.2,92,WNW,14.5,40.2,1021.94,0,0,0,0,,
2022-12-22,18:00,13.6,12.2,92,NW,6.4,33.8,1021.98,0,0,0,0,,
2022-12-22,18:15,13.9,12.8,92,WEST,29,40.2,1022.15,0,0,0,0,,
2022-12-22,18:30,13.9,12.8,93,WNW,16.1,37,1022.18,0,0,0,0,,
2022-12-22,18:45,13.9,12.8,93,WNW,20.9,30.6,1022.18,0,0,0,0,,
2022-12-22,19:00,13.7,12.2,93,WNW,14.5,38.6,1022.38,0,0,0,0,,
2022-12-22,19:15,13.7,12.2,94,WNW,24.1,32.2,1022.55,0,0,0,0,,
2022-12-22,19:30,13.8,12.8,94,WEST,22.5,29,1022.25,0,0,0,0,,
2022-12-22,19:45,13.8,12.8,94,WNW,16.1,35.4,1022.55,0,0,0,0,,
2022-12-22,20:00,13.8,12.8,94,WEST,12.9,27.4,1022.35,0,0,0,0,,
2022-12-22,20:15,13.7,12.8,94,WNW,16.1,30.6,1022.28,0,0,0,0,,
2022-12-22,20:30,13.7,12.8,94,WNW,14.5,30.6,1022.28,0,0,0,0,,
2022-12-22,20:45,13.6,12.8,95,WEST,17.7,24.1,1022.32,0,0,0,0,,
2022-12-22,21:00,13.5,12.2,95,WNW,11.3,24.1,1022.32,0,0,0,0,,
2022-12-22,21:15,13.4,12.2,95,WEST,16.1,32.2,1022.52,0,0,0,0,,
2022-12-22,21:30,13.3,12.2,95,WEST,19.3,29,1022.28,0,0,0,0,,
2022-12-22,21:45,13.3,12.2,95,WEST,14.5,27.4,1022.35,0,0,0,0,,
2022-12-22,22:00,13.2,12.2,95,WNW,20.9,30.6,1022.55,0,0,0,0,,
2022-12-22,22:15,12.9,11.7,95,WNW,17.7,32.2,1022.55,0,0,0,0,,
2022-12-22,22:30,12.8,11.7,95,WEST,14.5,29,1022.32,0,0,0,0,,
2022-12-22,22:45,12.7,11.7,95,WNW,11.3,20.9,1022.49,0,0,0,0,,
2022-12-22,23:00,12.6,11.7,94,WEST,9.7,12.9,1021.94,0,0,0,0,,
2022-12-22,23:15,12.6,11.7,94,WNW,6.4,11.3,1022.15,0,0,0,0,,
2022-12-22,23:30,12.8,11.7,94,NW,8,16.1,1022.45,0,0,0,0,,
2022-12-22,23:45,12.7,11.7,94,NORTH,0,12.9,1022.08,0,0,0,0,,
2022-12-22,OVR,,,,,,,,,,,,gustmax,38.6
2022-12-22,OVR,,,,,,,,,,,,rainrate_max,0
2022-12-22,OVR,,,,,,,,,,,,rain_total_mm,0
2022-12-22,OVR,,,,,,,,,,,,tmax,15.4
2022-12-22,OVR,,,,,,,,,,,,tmin,12.1
2022-12-22,OVR,,,,,,,,,,,,wind_dir_mean_deg,292.5
2022-12-23,00:00,12.6,11.7,94,NORTH,0,6.4,1022.08,0,0,0,0,,
2022-12-23,00:15,12.6,11.7,94,NORTH,0,8,1022.08,0,0,0,0,,
2022-12-23,00:30,12.9,11.7,94,WEST,11.3,6.4,1022.22,0,0,0,0,,
2022-12-23,00:45,13.3,12.2,94,WEST,20.9,22.5,1022.25,0,0,0,0,,
2022-12-23,01:00,13.5,12.2,94,WNW,6.4,16.1,1021.91,0,0,0,0,,
2022-12-23,01:15,13.6,12.8,95,WSW,3.2,24.1,1021.88,0,0,0,0,,
2022-12-23,01:30,13.6,12.8,95,WEST,6.4,20.9,1021.74,0,0,0,0,,
2022-12-23,01:45,13.4,12.2,95,WEST,9.7,24.1,1021.64,0,0,0,0,,
2022-12-23,02:00,13.2,12.2,95,NORTH,0,9.7,1021.78,0,0,0,0,,
2022-12-23,02:15,13,12.2,95,WNW,6.4,14.5,1022.05,0,0,0,0,,
2022-12-23,02:30,12.9,12.2,95,WNW,1.6,19.3,1021.74,0,0,0,0,,
2022-12-23,02:45,13,12.2,95,SW,3.2,20.9,1021.81,0,0,0,0,,
2022-12-23,03:00,13.1,12.2,95,NORTH,0,17.7,1021.84,0,0,0,0,,
2022-12-23,03:15,13.1,12.2,95,WEST,9.7,12.9,1021.84,0,0,0,0,,
2022-12-23,03:30,13.2,12.2,95,WEST,6.4,25.7,1021.71,0,0,0,0,,
2022-12-23,03:45,13.3,12.2,95,WNW,14.5,40.2,1021.84,0,0,0,0,,
2022-12-23,04:00,13.3,12.2,95,WEST,9.7,16.1,1021.64,0,0,0,0,,
2022-12-23,04:15,13.3,12.2,95,NORTH,0,16.1,1021.67,0,0,0,0,,
2022-12-23,04:30,13.4,12.2,95,WEST,4.8,11.3,1021.44,0,0,0,0,,
2022-12-23,04:45,13.3,12.2,95,WNW,4.8,16.1,1021.47,0,0,0,0,,
2022-12-23,05:00,13.2,12.2,95,NORTH,0,11.3,1021.33,0,0,0,0,,
2022-12-23,05:15,13.1,12.2,95,NORTH,0,12.9,1021.2,0,0,0,0,,
2022-12-23,05:30,13.1,12.2,95,NNE,1.6,20.9,1020.93,0,0,0,0,,
2022-12-23,05:45,13.2,12.2,95,WSW,3.2,12.9,1020.93,0,0,0,0,,
2022-12-23,06:00,13.3,12.2,95,WNW,6.4,16.1,1020.83,0,0,0,0,,
2022-12-23,06:15,13.6,12.8,95,WEST,3.2,22.5,1021.13,0,0,0,0,,
2022-12-23,06:30,13.7,12.8,95,WNW,14.5,24.1,1021.03,0,0,0,0,,
2022-12-23,06:45,13.8,12.8,95,WNW,14.5,29,1021.1,0,0,0,0,,
2022-12-23,07:00,13.8,12.8,95,WEST,14.5,29,1020.96,0,0,0,0,,
2022-12-23,07:15,13.9,12.8,95,WNW,11.3,29,1020.93,0,0,0,0,,
2022-12-23,07:30,13.9,12.8,95,WNW,11.3,24.1,1020.83,0,0,0,0,,
2022-12-23,07:45,14.1,13.3,95,WEST,14.5,30.6,1020.89,0,0,0,0,,
2022-12-23,08:00,14.1,13.3,95,WEST,24.1,32.2,1021.1,0,0,0,0,,
2022-12-23,08:15,14.1,13.3,95,WEST,22.5,40.2,1021,0,0,0,0,,
2022-12-23,08:30,14.2,13.3,95,WEST,30.6,40.2,1021.2,0,0,0,0,,
2022-12-23,08:45,14.2,13.3,95,WEST,22.5,37,1021.27,0,0,0,0,,
2022-12-23,09:00,14.2,13.3,95,WNW,12.9,32.2,1021.13,0,0,0,7,,
2022-12-23,09:15,14.2,13.3,95,WEST,24.1,32.2,1021.06,0,0,0,23,,
2022-12-23,09:30,14.3,13.3,95,WEST,22.5,41.8,1021.5,0,0,0,58,,
2022-12-23,09:45,14.3,13.3,95,WEST,32.2,43.5,1021.47,0,0,0,77,,
2022-12-23,10:00,14.4,13.3,95,WEST,43.5,46.7,1021.67,0,0,0,67,,
2022-12-23,10:15,14.6,13.3,95,WEST,33.8,49.9,1021.61,0,0,1,114,,
2022-12-23,10:30,15,13.9,95,WSW,27.4,45.1,1021.81,0,0,1,179,,
2022-12-23,10:45,15.3,13.9,93,WEST,32.2,49.9,1021.84,0,0,1,165,,
2022-12-23,11:00,15.6,13.9,91,WNW,35.4,48.3,1021.94,0,0,1,378,,
2022-12-23,11:15,15.8,13.9,90,WEST,32.2,53.1,1022.08,0,0,1,408,,
2022-12-23,11:30,16.2,13.9,89,WEST,40.2,49.9,1021.88,0,0,1,439,,
2022-12-23,11:45,16.2,13.9,87,NW,32.2,51.5,1021.81,0,0,2,469,,
2022-12-23,12:00,15.9,13.9,87,NW,45.1,57.9,1021.64,0,0,1,237,,
2022-12-23,12:15,16.3,13.9,87,WNW,37,70.8,1021.33,0,0,2,475,,
2022-12-23,12:30,16.3,13.9,86,WNW,38.6,54.7,1021.3,0,0,2,468,,
2022-12-23,12:45,16.4,13.9,85,WNW,30.6,59.5,1021.27,0,0,1,125,,
2022-12-23,13:00,16.2,13.9,86,WNW,41.8,61.2,1021.3,0,0,1,120,,
2022-12-23,13:15,16.4,13.9,86,WNW,29,53.1,1020.93,0,0,1,149,,
2022-12-23,13:30,16.3,13.9,86,NW,38.6,66,1020.79,0,0,1,137,,
2022-12-23,13:45,16.2,13.9,87,WNW,29,46.7,1020.86,0,0,1,281,,
2022-12-23,14:00,16.6,14.4,87,WNW,25.7,56.3,1020.83,0,0,1,454,,
2022-12-23,14:15,16.7,14.4,87,WEST,20.9,46.7,1020.83,0,0,1,545,,
2022-12-23,14:30,16.6,13.9,86,WNW,25.7,49.9,1020.52,0,0,1,452,,
2022-12-23,14:45,16.3,13.9,87,WNW,22.5,49.9,1020.62,0,0,1,306,,
2022-12-23,15:00,16.3,13.9,87,WEST,17.7,45.1,1020.83,0,0,0,137,,
2022-12-23,15:15,15.9,13.9,87,WEST,12.9,30.6,1020.96,0,0,0,100,,
2022-12-23,15:30,15.7,13.3,87,WNW,19.3,35.4,1020.96,0,0,0,118,,
2022-12-23,15:45,15.7,13.3,87,SOUTH,17.7,38.6,1020.89,0,0,0,93,,
2022-12-23,16:00,15.6,13.3,87,WEST,14.5,30.6,1020.89,0,0,0,60,,
2022-12-23,16:15,15.4,13.3,87,WEST,32.2,41.8,1021.13,0,0,0,42,,
2022-12-23,16:30,15.3,13.3,88,WEST,3.2,22.5,1021,0,0,0,54,,
2022-12-23,16:45,15.3,13.3,88,NNW,9.7,17.7,1021.13,0,0,0,21,,
2022-12-23,17:00,15.2,13.3,88,SSE,6.4,8,1021.13,0,0,0,9,,
2022-12-23,17:15,14.7,12.8,88,NORTH,0,8,1021.47,0,0,0,0,,
2022-12-23,17:30,14.7,12.8,88,NORTH,0,14.5,1021.1,0,0,0,0,,
2022-12-23,17:45,14.6,12.2,88,NNW,6.4,8,1021.23,0,0,0,0,,
2022-12-23,18:00,14.6,12.8,89,NORTH,0,8,1021.27,0,0,0,0,,
2022-12-23,18:15,14.4,12.2,89,NE,1.6,4.8,1021.1,0,0,0,0,,
2022-12-23,18:30,14.3,12.2,89,EAST,1.6,9.7,1021.5,0,0,0,0,,
2022-12-23,18:45,14.3,12.2,90,WNW,4.8,16.1,1021.47,0,0,0,0,,
2022-12-23,19:00,14.1,12.2,90,WNW,8,11.3,1021.2,0,0,0,0,,
2022-12-23,19:15,14.1,12.2,91,WNW,11.3,16.1,1021.23,0,0,0,0,,
2022-12-23,19:30,14.1,12.2,91,NW,4.8,12.9,1021.3,0,0,0,0,,
2022-12-23,19:45,14.1,12.2,91,NNW,3.2,12.9,1021.33,0,0,0,0,,
2022-12-23,20:00,14.1,12.8,92,WSW,1.6,9.7,1021.44,0,0,0,0,,
2022-12-23,20:15,14.1,12.8,92,WNW,4.8,11.3,1021.2,0,0,0,0,,
2022-12-23,20:30,14.2,12.8,92,WNW,1.6,12.9,1021.27,0,0,0,0,,
2022-12-23,20:45,14.1,12.8,93,WEST,6.4,11.3,1021.44,0,0,0,0,,
2022-12-23,21:00,14.2,12.8,93,WEST,20.9,20.9,1021.27,0,0,0,0,,
2022-12-23,21:15,14.2,12.8,93,WEST,4.8,27.4,1021.4,0,0,0,0,,
2022-12-23,21:30,14.2,12.8,93,WNW,9.7,16.1,1021.37,0,0,0,0,,
2022-12-23,21:45,14.2,12.8,94,WNW,6.4,20.9,1021.54,0,0,0,0,,
2022-12-23,22:00,14.2,13.3,94,WNW,4.8,14.5,1021.5,0,0,0,0,,
2022-12-23,22:15,14.2,12.8,94,WNW,6.4,27.4,1021.47,0,0,0,0,,
2022-12-23,22:30,14.2,12.8,94,WNW,8,22.5,1021.71,0,0,0,0,,
2022-12-23,22:45,14.2,12.8,94,WNW,11.3,25.7,1021.64,0,0,0,0,,
2022-12-23,23:00,14.2,13.3,94,NW,12.9,20.9,1021.91,0,0,0,0,,
2022-12-23,23:15,14.2,12.8,94,ENE,12.9,29,1021.81,0,0,0,0,,
2022-12-23,23:30,14.3,13.3,93,WEST,14.5,20.9,1021.47,0,0,0,0,,
2022-12-23,23:45,14.3,13.3,93,WNW,17.7,25.7,1021.4,0,0,0,0,,
2022-12-23,OVR,,,,,,,,,,,,gustmax,45.1
2022-12-23,OVR,,,,,,,,,,,,rainrate_max,0
2022-12-23,OVR,,,,,,,,,,,,rain_total_mm,0
2022-12-23,OVR,,,,,,,,,,,,tmax,16.8
2022-12-23,OVR,,,,,,,,,,,,tmin,12.4
2022-12-23,OVR,,,,,,,,,,,,wind_dir_mean_deg,292.5
2022-12-24,00:00,14.4,13.3,93,WEST,11.3,37,1021.4,0,0,0,0,,
2022-12-24,00:15,14.3,12.8,93,WNW,12.9,24.1,1021.33,0,0,0,0,,
2022-12-24,00:30,14.2,12.8,93,WEST,20.9,17.7,1021,0,0,0,0,,
2022-12-24,00:45,14.1,12.8,92,NW,12.9,19.3,1021,0,0,0,0,,
2022-12-24,01:00,14.2,12.8,92,NW,8,19.3,1021.2,0,0,0,0,,
2022-12-24,01:15,14.4,12.8,92,WNW,17.7,32.2,1021.27,0,0,0,0,,
2022-12-24,01:30,14.5,13.3,92,WNW,11.3,24.1,1021.33,0,0,0,0,,
2022-12-24,01:45,14.4,13.3,93,WNW,11.3,19.3,1021.4,0,0,0,0,,
2022-12-24,02:00,14.6,13.3,93,WEST,14.5,30.6,1021.4,0,0,0,0,,
2022-12-24,02:15,14.5,13.3,93,WNW,12.9,25.7,1021.57,0,0,0,0,,
2022-12-24,02:30,14.5,13.3,94,WNW,11.3,27.4,1021.71,0,0,0,0,,
2022-12-24,02:45,14.5,13.3,94,WEST,24.1,43.5,1021.54,0,0,0,0,,
2022-12-24,03:00,14.4,13.3,94,WEST,22.5,40.2,1021.57,0,0,0,0,,
2022-12-24,03:15,14.3,13.3,94,WEST,19.3,41.8,1021.3,0,0,0,0,,
2022-12-24,03:30,14.3,13.3,95,WEST,19.3,37,1021,0,0,0,0,,
2022-12-24,03:45,14.3,13.3,95,WEST,16.1,32.2,1021.03,0,0,0,0,,
2022-12-24,04:00,14.2,13.3,95,WEST,24.1,40.2,1020.89,0,0,0,0,,
2022-12-24,04:15,14.3,13.3,95,WEST,30.6,38.6,1020.69,0,0,0,0,,
2022-12-24,04:30,14.3,13.3,95,WEST,16.1,40.2,1020.45,0,0,0,0,,
2022-12-24,04:45,14.3,13.3,95,WNW,29,49.9,1020.49,0,0,0,0,,
2022-12-24,05:00,14.3,13.3,95,WEST,30.6,37,1020.62,0,0,0,0,,
2022-12-24,05:15,14.3,13.3,95,WEST,12.9,35.4,1020.49,0,0,0,0,,
2022-12-24,05:30,14.3,13.3,95,WNW,30.6,40.2,1020.56,0,0,0,0,,
2022-12-24,05:45,14.3,13.3,95,WNW,32.2,49.9,1020.45,0,0,0,0,,
2022-12-24,06:00,14.3,13.3,95,WNW,32.2,40.2,1020.42,0,0,0,0,,
2022-12-24,06:15,14.3,13.3,96,WNW,22.5,45.1,1020.42,0,0,0,0,,
2022-12-24,06:30,14.3,13.3,96,WEST,29,41.8,1020.35,0,0,0,0,,
2022-12-24,06:45,14.3,13.3,96,WEST,25.7,48.3,1020.29,0,0,0,0,,
2022-12-24,07:00,14.4,13.3,96,NW,12.9,51.5,1020.39,0,0,0,0,,
2022-12-24,07:15,14.3,13.3,96,EAST,27.4,49.9,1020.49,0,0,0,0,,
2022-12-24,07:30,14.4,13.3,96,WEST,30.6,41.8,1020.29,0,0,0,0,,
2022-12-24,07:45,14.3,13.3,96,WNW,32.2,45.1,1020.42,0,0,0,0,,
2022-12-24,08:00,14.3,13.3,96,WNW,33.8,41.8,1020.25,0,0,0,0,,
2022-12-24,08:15,14.2,13.3,96,WEST,27.4,41.8,1020.39,0,0,0,14,,
2022-12-24,08:30,14.2,13.3,96,WEST,19.3,45.1,1020.56,0,0,0,19,,
2022-12-24,08:45,14.2,13.3,96,WEST,27.4,40.2,1020.56,0,0,0,30,,
2022-12-24,09:00,14.2,13.3,96,NW,20.9,41.8,1020.59,0,0,0,35,,
2022-12-24,09:15,14.3,13.3,96,WEST,24.1,41.8,1020.66,0,0,0,32,,
2022-12-24,09:30,14.4,13.9,96,WEST,22.5,41.8,1020.79,0,0,0,42,,
2022-12-24,09:45,14.4,13.9,96,WEST,29,43.5,1020.93,0,0,0,49,,
2022-12-24,10:00,14.4,13.9,96,WNW,25.7,46.7,1021.37,0,0,0,42,,
2022-12-24,10:15,14.5,13.9,96,WNW,30.6,38.6,1021.47,0,0,0,40,,
2022-12-24,10:30,14.3,13.3,96,WNW,25.7,35.4,1021.67,0,0,0,76,,
2022-12-24,10:45,14.5,13.9,96,WEST,20.9,33.8,1021.71,0,0,0,79,,
2022-12-24,11:00,14.6,13.9,96,WEST,22.5,38.6,1021.61,0,0,0,93,,
2022-12-24,11:15,14.6,13.9,96,WNW,19.3,41.8,1021.54,0,0,0,121,,
2022-12-24,11:30,14.7,13.9,96,WEST,22.5,40.2,1021.54,0,0,0,93,,
2022-12-24,11:45,14.7,13.9,96,WEST,17.7,40.2,1021.54,0,0,1,211,,
2022-12-24,12:00,14.8,13.9,96,NW,30.6,38.6,1021.44,0,0,1,190,,
2022-12-24,12:15,14.8,13.9,96,WNW,20.9,37,1021.3,0,0,1,171,,
2022-12-24,12:30,14.9,13.9,95,WNW,17.7,38.6,1021.06,0,0,1,160,,
2022-12-24,12:45,15,13.9,95,NW,20.9,37,1021,0,0,1,134,,
2022-12-24,13:00,15.2,14.4,95,WNW,16.1,35.4,1021.3,0,0,1,239,,
2022-12-24,13:15,15.2,13.9,94,WEST,29,32.2,1021.06,0,0,1,176,,
2022-12-24,13:30,15.3,13.9,94,WEST,19.3,35.4,1021.03,0,0,1,158,,
2022-12-24,13:45,15.4,13.9,92,WEST,35.4,32.2,1020.93,0,0,1,227,,
2022-12-24,14:00,15.4,13.9,91,WEST,20.9,41.8,1020.79,0,0,1,199,,
2022-12-24,14:15,15.4,13.9,91,WNW,16.1,27.4,1020.89,0,0,0,118,,
2022-12-24,14:30,15.4,13.9,92,WEST,32.2,30.6,1020.93,0,0,0,135,,
2022-12-24,14:45,15.4,13.9,92,WEST,16.1,27.4,1021.03,0,0,0,118,,
2022-12-24,15:00,15.3,13.9,91,WNW,20.9,33.8,1021.1,0,0,0,139,,
2022-12-24,15:15,15.2,13.9,91,ENE,20.9,30.6,1021.27,0,0,0,118,,
2022-12-24,15:30,15.2,13.9,91,WEST,22.5,27.4,1021.2,0,0,0,113,,
2022-12-24,15:45,15.2,13.9,92,WEST,14.5,27.4,1021.3,0,0,0,67,,
2022-12-24,16:00,15.1,13.9,92,WSW,12.9,24.1,1021.37,0,0,0,81,,
2022-12-24,16:15,14.9,13.3,92,WNW,16.1,22.5,1021.4,0,0,0,63,,
2022-12-24,16:30,14.8,13.3,92,WNW,4.8,20.9,1021.61,0,0,0,44,,
2022-12-24,16:45,14.8,13.3,92,WNW,8,17.7,1021.57,0,0,0,28,,
2022-12-24,17:00,14.8,13.3,93,NNW,4.8,17.7,1021.78,0,0,0,12,,
2022-12-24,17:15,14.6,13.3,92,WEST,12.9,17.7,1021.91,0,0,0,0,,
2022-12-24,17:30,14.5,13.3,93,WNW,4.8,17.7,1021.84,0,0,0,0,,
2022-12-24,17:45,14.4,12.8,93,WNW,3.2,8,1022.18,0,0,0,0,,
2022-12-24,18:00,14.3,12.8,92,NORTH,0,9.7,1022.22,0,0,0,0,,
2022-12-24,18:15,14.2,12.8,92,NORTH,0,4.8,1022.32,0,0,0,0,,
2022-12-24,18:30,14.1,12.8,92,NORTH,0,3.2,1022.25,0,0,0,0,,
2022-12-24,18:45,13.8,12.2,92,NORTH,0,1.6,1022.35,0,0,0,0,,
2022-12-24,19:00,13.6,12.2,92,NORTH,0,1.6,1022.38,0,0,0,0,,
2022-12-24,19:15,13.3,12.2,93,WEST,3.2,3.2,1022.55,0,0,0,0,,
2022-12-24,19:30,13.1,11.7,93,SE,4.8,6.4,1022.79,0,0,0,0,,
2022-12-24,19:45,13.1,11.7,93,NORTH,0,4.8,1022.72,0,0,0,0,,
2022-12-24,20:00,13,11.7,93,SE,1.6,4.8,1022.82,0,0,0,0,,
2022-12-24,20:15,12.7,11.7,93,NORTH,0,3.2,1022.93,0,0,0,0,,
2022-12-24,20:30,12.7,11.7,94,SE,1.6,4.8,1022.96,0,0,0,0,,
2022-12-24,20:45,12.6,11.1,94,SE,1.6,3.2,1022.99,0,0,0,0,,
2022-12-24,21:00,12.4,11.1,94,SE,1.6,1.6,1022.99,0,0,0,0,,
2022-12-24,21:15,12.6,11.7,94,NORTH,0,3.2,1023.13,0,0,0,0,,
2022-12-24,21:30,13.2,12.2,95,NORTH,0,3.2,1023.13,0,0,0,0,,
2022-12-24,21:45,13.3,12.2,94,NORTH,0,3.2,1023.1,0,0,0,0,,
2022-12-24,22:00,12.8,11.7,94,NORTH,0,0,1023.13,0,0,0,0,,
2022-12-24,22:15,12.9,11.7,95,NORTH,0,3.2,1023.06,0,0,0,0,,
2022-12-24,22:30,12.5,11.7,94,SE,1.6,3.2,1023.16,0,0,0,0,,
2022-12-24,22:45,12.2,11.1,94,NORTH,0,3.2,1023.06,0,0,0,0,,
2022-12-24,23:00,12,10.6,94,NORTH,0,0,1023.1,0,0,0,0,,
2022-12-24,23:15,12.1,11.1,94,NORTH,0,1.6,1022.89,0,0,0,0,,
2022-12-24,23:30,12.4,11.1,94,SE,1.6,3.2,1022.99,0,0,0,0,,
2022-12-24,23:45,12.5,11.7,94,ESE,1.6,4.8,1022.79,0,0,0,0,,
2022-12-24,OVR,,,,,,,,,,,,gustmax,35.4
2022-12-24,OVR,,,,,,,,,,,,rainrate_max,0
2022-12-24,OVR,,,,,,,,,,,,rain_total_mm,0
2022-12-24,OVR,,,,,,,,,,,,tmax,15.5
2022-12-24,OVR,,,,,,,,,,,,tmin,11.9
2022-12-24,OVR,,,,,,,,,,,,wind_dir_mean_deg,292.5
2022-12-25,00:00,12.7,11.7,94,ESE,1.6,6.4,1022.72,0,0,0,0,,
2022-12-25,00:15,12.6,11.1,93,NORTH,0,3.2,1022.76,0,0,0,0,,
2022-12-25,00:30,12.4,11.1,93,NORTH,0,3.2,1022.69,0,0,0,0,,
2022-12-25,00:45,12.2,11.1,93,ESE,3.2,3.2,1022.59,0,0,0,0,,
2022-12-25,01:00,12,10.6,93,ENE,1.6,3.2,1022.76,0,0,0,0,,
2022-12-25,01:15,12.2,10.6,93,NORTH,0,4.8,1022.55,0,0,0,0,,
2022-12-25,01:30,12.1,10.6,93,NORTH,0,1.6,1022.59,0,0,0,0,,
2022-12-25,01:45,12,10.6,92,NORTH,0,3.2,1022.66,0,0,0,0,,
2022-12-25,02:00,12,10.6,92,ENE,1.6,3.2,1022.45,0,0,0,0,,
2022-12-25,02:15,12.1,10.6,93,ENE,1.6,4.8,1022.69,0,0,0,0,,
2022-12-25,02:30,11.9,10.6,92,NORTH,0,1.6,1022.62,0,0,0,0,,
2022-12-25,02:45,11.8,10.6,92,NNE,3.2,4.8,1022.62,0,0,0,0,,
2022-12-25,03:00,11.6,10,93,NORTH,0,4.8,1022.76,0,0,0,0,,
2022-12-25,03:15,11.4,10,92,ESE,3.2,6.4,1022.59,0,0,0,0,,
2022-12-25,03:30,11.2,10,92,NORTH,0,3.2,1022.72,0,0,0,0,,
2022-12-25,03:45,11.3,10,93,ESE,1.6,3.2,1022.62,0,0,0,0,,
2022-12-25,04:00,11.3,10,92,SE,1.6,4.8,1022.69,0,0,0,0,,
2022-12-25,04:15,11.3,10,92,SE,4.8,4.8,1022.69,0,0,0,0,,
2022-12-25,04:30,11.4,10,91,SE,1.6,3.2,1022.69,0,0,0,0,,
2022-12-25,04:45,11.4,10,91,NORTH,0,4.8,1022.62,0,0,0,0,,
2022-12-25,05:00,11.4,9.4,90,SE,3.2,6.4,1022.55,0,0,0,0,,
2022-12-25,05:15,11.4,9.4,90,SE,1.6,6.4,1022.72,0,0,0,0,,
2022-12-25,05:30,11.6,9.4,89,SE,1.6,4.8,1022.72,0,0,0,0,,
2022-12-25,05:45,11.7,9.4,88,SE,3.2,4.8,1022.82,0,0,0,0,,
2022-12-25,06:00,11.7,9.4,87,SE,1.6,3.2,1022.82,0,0,0,0,,
2022-12-25,06:15,11.7,9.4,86,SE,3.2,4.8,1022.82,0,0,0,0,,
2022-12-25,06:30,12.1,9.4,85,SE,3.2,6.4,1022.86,0,0,0,0,,
2022-12-25,06:45,12.2,9.4,84,SE,1.6,6.4,1022.79,0,0,0,0,,
2022-12-25,07:00,12.2,9.4,83,SE,3.2,4.8,1022.93,0,0,0,0,,
2022-12-25,07:15,12.2,9.4,83,SE,1.6,3.2,1023.1,0,0,0,0,,
2022-12-25,07:30,12.4,9.4,83,SE,3.2,4.8,1022.93,0,0,0,0,,
2022-12-25,07:45,12.8,9.4,82,SE,3.2,4.8,1023.2,0,0,0,0,,
2022-12-25,08:00,12.9,9.4,81,SE,1.6,3.2,1023.3,0,0,0,11,,
2022-12-25,08:15,12.9,9.4,81,SE,1.6,3.2,1023.5,0,0,0,26,,
2022-12-25,08:30,13.7,9.4,77,SE,3.2,3.2,1023.47,0,0,0,81,,
2022-12-25,08:45,14.4,10,74,SE,3.2,4.8,1023.57,0,0,0,123,,
2022-12-25,09:00,14.4,10,75,SE,1.6,3.2,1023.74,0,0,0,163,,
2022-12-25,09:15,15.3,10.6,73,SE,1.6,3.2,1023.77,0,0,0,213,,
2022-12-25,09:30,15.7,10.6,73,SE,1.6,3.2,1023.98,0,0,0,255,,
2022-12-25,09:45,16.3,11.1,71,NORTH,0,3.2,1024.45,0,0,1,292,,
2022-12-25,10:00,16.9,11.7,71,NORTH,0,1.6,1024.42,0,0,1,325,,
2022-12-25,10:15,18,11.7,68,NORTH,0,0,1024.65,0,0,1,355,,
2022-12-25,10:30,18.3,10,58,WSW,4.8,6.4,1024.82,0,0,1,385,,
2022-12-25,10:45,18.4,10,59,NORTH,0,3.2,1024.82,0,0,1,404,,
2022-12-25,11:00,18.7,8.9,54,WNW,6.4,11.3,1024.82,0,0,1,429,,
2022-12-25,11:15,18.8,8.9,54,WEST,3.2,17.7,1024.92,0,0,2,446,,
2022-12-25,11:30,18.8,9.4,56,WNW,9.7,11.3,1024.92,0,0,2,459,,
2022-12-25,11:45,18.5,11.1,63,WNW,3.2,6.4,1024.72,0,0,2,468,,
2022-12-25,12:00,18.6,11.1,62,NW,8,8,1024.79,0,0,2,476,,
2022-12-25,12:15,18.6,11.1,62,WNW,3.2,8,1024.79,0,0,2,480,,
2022-12-25,12:30,18.8,10.6,59,NW,3.2,6.4,1024.52,0,0,2,476,,
2022-12-25,12:45,18.9,10.6,58,NW,3.2,6.4,1024.48,0,0,2,473,,
2022-12-25,13:00,18.8,10,58,NW,4.8,12.9,1024.52,0,0,2,464,,
2022-12-25,13:15,18.9,10.6,58,NW,4.8,12.9,1024.42,0,0,2,452,,
2022-12-25,13:30,19.3,10,55,NORTH,0,11.3,1024.11,0,0,2,438,,
2022-12-25,13:45,19.4,10.6,56,WNW,3.2,9.7,1024.18,0,0,1,418,,
2022-12-25,14:00,19.4,10.6,57,WEST,4.8,11.3,1024.28,0,0,1,397,,
2022-12-25,14:15,19.4,10.6,58,NNE,3.2,9.7,1024.25,0,0,1,369,,
2022-12-25,14:30,19.3,11.1,60,NE,4.8,11.3,1024.35,0,0,1,341,,
2022-12-25,14:45,19.2,11.1,60,WEST,3.2,16.1,1024.52,0,0,1,311,,
2022-12-25,15:00,19,12.2,66,WNW,4.8,14.5,1024.59,0,0,1,276,,
2022-12-25,15:15,18.6,12.2,67,NW,8,16.1,1024.55,0,0,1,239,,
2022-12-25,15:30,18.6,11.1,63,NW,6.4,14.5,1024.62,0,0,0,195,,
2022-12-25,15:45,18.4,11.1,63,WNW,3.2,11.3,1024.59,0,0,0,151,,
2022-12-25,16:00,18.1,10.6,63,WNW,3.2,8,1024.59,0,0,0,107,,
2022-12-25,16:15,17.9,11.1,65,WNW,6.4,8,1024.48,0,0,0,70,,
2022-12-25,16:30,17.7,10.6,64,WEST,9.7,12.9,1024.62,0,0,0,35,,
2022-12-25,16:45,17.4,10,64,WNW,3.2,12.9,1024.59,0,0,0,14,,
2022-12-25,17:00,16.2,10,67,NORTH,0,8,1024.69,0,0,0,7,,
2022-12-25,17:15,15.3,9.4,69,NNW,1.6,4.8,1024.72,0,0,0,0,,
2022-12-25,17:30,14.7,9.4,71,NNW,3.2,4.8,1024.72,0,0,0,0,,
2022-12-25,17:45,14.3,9.4,72,NNW,1.6,3.2,1024.96,0,0,0,0,,
2022-12-25,18:00,14.7,9.4,71,NNW,1.6,3.2,1025.16,0,0,0,0,,
2022-12-25,18:15,14.6,8.9,70,NNW,1.6,3.2,1025.16,0,0,0,0,,
2022-12-25,18:30,14.4,8.3,68,,3.2,3.2,1025.23,0,0,0,0,,
2022-12-25,18:45,14.3,8.3,68,ESE,3.2,4.8,1025.3,0,0,0,0,,
2022-12-25,19:00,13.9,8.3,69,ESE,1.6,6.4,1025.16,0,0,0,0,,
2022-12-25,19:15,14.2,8.3,68,ESE,3.2,4.8,1025.36,0,0,0,0,,
2022-12-25,19:30,13.9,8.3,69,ESE,1.6,4.8,1025.43,0,0,0,0,,
2022-12-25,19:45,13.8,7.8,67,SE,4.8,8,1025.57,0,0,0,0,,
2022-12-25,20:00,13,7.8,70,SE,6.4,8,1025.6,0,0,0,0,,
2022-12-25,20:15,13.8,7.2,66,SE,4.8,6.4,1025.74,0,0,0,0,,
2022-12-25,20:30,13.7,7.2,65,SE,3.2,8,1025.84,0,0,0,0,,
2022-12-25,20:45,13.3,6.7,66,SE,3.2,4.8,1025.87,0,0,0,0,,
2022-12-25,21:00,13.6,6.7,63,SE,3.2,4.8,1025.84,0,0,0,0,,
2022-12-25,21:15,13.6,6.7,63,SE,3.2,4.8,1026.08,0,0,0,0,,
2022-12-25,21:30,13.7,6.7,62,SE,4.8,8,1026.08,0,0,0,0,,
2022-12-25,21:45,14.1,6.7,62,SE,8,11.3,1025.97,0,0,0,0,,
2022-12-25,22:00,14.1,6.1,60,SE,3.2,11.3,1025.91,0,0,0,0,,
2022-12-25,22:15,14,6.1,60,SE,11.3,11.3,1026.08,0,0,0,0,,
2022-12-25,22:30,13.8,6.7,62,SE,1.6,4.8,1026.18,0,0,0,0,,
2022-12-25,22:45,13.4,6.1,62,SE,3.2,4.8,1026.28,0,0,0,0,,
2022-12-25,23:00,12.8,6.1,65,SE,3.2,6.4,1026.45,0,0,0,0,,
2022-12-25,23:15,13.3,6.1,63,SE,3.2,4.8,1026.58,0,0,0,0,,
2022-12-25,23:30,14.4,6.7,60,SE,8,8,1026.45,0,0,0,0,,
2022-12-25,23:45,14.3,6.7,61,SE,3.2,4.8,1026.52,0,0,0,0,,
2022-12-25,OVR,,,,,,,,,,,,gustmax,11.3
2022-12-25,OVR,,,,,,,,,,,,rainrate_max,0
2022-12-25,OVR,,,,,,,,,,,,rain_total_mm,0
2022-12-25,OVR,,,,,,,,,,,,tmax,19.5
2022-12-25,OVR,,,,,,,,,,,,tmin,11.2
2022-12-25,OVR,,,,,,,,,,,,wind_dir_mean_deg,135
2022-12-26,00:00,14,6.7,62,SE,3.2,6.4,1026.48,0,0,0,0,,
2022-12-26,00:15,13.8,6.7,64,ESE,3.2,6.4,1026.21,0,0,0,0,,
2022-12-26,00:30,13.4,6.7,65,ESE,4.8,6.4,1026.21,0,0,0,0,,
2022-12-26,00:45,13.3,7.2,67,ESE,3.2,4.8,1026.28,0,0,0,0,,
2022-12-26,01:00,13.8,7.8,68,ESE,3.2,6.4,1026.35,0,0,0,0,,
2022-12-26,01:15,13.5,7.8,68,EAST,6.4,9.7,1026.31,0,0,0,0,,
2022-12-26,01:30,13.5,7.2,67,ESE,6.4,9.7,1026.18,0,0,0,0,,
2022-12-26,01:45,13.5,7.2,66,EAST,6.4,9.7,1026.28,0,0,0,0,,
2022-12-26,02:00,13.1,6.7,65,EAST,3.2,11.3,1026.35,0,0,0,0,,
2022-12-26,02:15,13.1,6.7,65,ESE,4.8,9.7,1026.58,0,0,0,0,,
2022-12-26,02:30,12.8,6.7,67,ESE,3.2,6.4,1026.58,0,0,0,0,,
2022-12-26,02:45,12.6,6.7,68,ESE,3.2,4.8,1026.58,0,0,0,0,,
2022-12-26,03:00,13.1,6.7,66,ESE,4.8,9.7,1026.58,0,0,0,0,,
2022-12-26,03:15,13.3,6.7,65,ESE,3.2,6.4,1026.69,0,0,0,0,,
2022-12-26,03:30,13.2,6.7,66,ESE,3.2,6.4,1026.65,0,0,0,0,,
2022-12-26,03:45,12.9,6.7,66,ESE,3.2,4.8,1026.48,0,0,0,0,,
2022-12-26,04:00,13.4,6.1,63,EAST,3.2,6.4,1026.58,0,0,0,0,,
2022-12-26,04:15,13.6,6.7,62,EAST,4.8,6.4,1026.65,0,0,0,0,,
2022-12-26,04:30,13.8,6.1,61,EAST,3.2,6.4,1026.52,0,0,0,0,,
2022-12-26,04:45,13.7,6.1,62,ESE,4.8,6.4,1026.38,0,0,0,0,,
2022-12-26,05:00,13.7,6.7,62,ESE,3.2,6.4,1026.58,0,0,0,0,,
2022-12-26,05:15,13.7,6.7,62,ESE,3.2,4.8,1026.52,0,0,0,0,,
2022-12-26,05:30,13.9,6.7,62,ESE,4.8,4.8,1026.48,0,0,0,0,,
2022-12-26,05:45,13.9,6.7,62,ESE,4.8,6.4,1026.35,0,0,0,0,,
2022-12-26,06:00,14,6.7,61,ESE,4.8,4.8,1026.55,0,0,0,0,,
2022-12-26,06:15,14,6.7,61,EAST,4.8,6.4,1026.72,0,0,0,0,,
2022-12-26,06:30,13.7,6.1,62,ESE,6.4,6.4,1026.72,0,0,0,0,,
2022-12-26,06:45,13.6,6.7,63,ESE,3.2,6.4,1026.82,0,0,0,0,,
2022-12-26,07:00,13.3,6.1,63,ESE,6.4,9.7,1026.82,0,0,0,0,,
2022-12-26,07:15,13.6,6.1,62,ESE,9.7,11.3,1026.85,0,0,0,0,,
2022-12-26,07:30,13.7,6.1,61,ESE,4.8,9.7,1026.99,0,0,0,0,,
2022-12-26,07:45,13.6,6.1,62,ESE,4.8,6.4,1027.26,0,0,0,0,,
2022-12-26,08:00,13.7,6.7,62,ESE,3.2,4.8,1027.26,0,0,0,11,,
2022-12-26,08:15,13.8,6.7,62,EAST,3.2,4.8,1027.26,0,0,0,23,,
2022-12-26,08:30,13.4,6.7,65,EAST,3.2,4.8,1027.43,0,0,0,76,,
2022-12-26,08:45,13.8,7.2,66,ESE,4.8,6.4,1027.5,0,0,0,116,,
2022-12-26,09:00,15.3,7.8,60,EAST,4.8,6.4,1027.53,0,0,0,163,,
2022-12-26,09:15,14.6,8.3,66,EAST,1.6,6.4,1027.63,0,0,0,211,,
2022-12-26,09:30,16.2,8.3,59,NORTH,0,1.6,1028.01,0,0,0,251,,
2022-12-26,09:45,16.3,9.4,64,NORTH,0,4.8,1028.18,0,0,1,290,,
2022-12-26,10:00,16.9,8.9,60,EAST,3.2,3.2,1028.34,0,0,1,323,,
2022-12-26,10:15,17.3,10.6,65,NORTH,0,1.6,1028.48,0,0,1,353,,
2022-12-26,10:30,17.8,10.6,63,NORTH,0,1.6,1028.55,0,0,1,381,,
2022-12-26,10:45,18.4,8.9,54,EAST,1.6,4.8,1028.45,0,0,1,408,,
2022-12-26,11:00,18.2,10.6,61,EAST,1.6,3.2,1028.45,0,0,1,427,,
2022-12-26,11:15,18.3,11.1,63,EAST,1.6,4.8,1028.31,0,0,2,443,,
2022-12-26,11:30,18.6,11.1,63,EAST,3.2,4.8,1028.31,0,0,2,459,,
2022-12-26,11:45,19.3,11.1,59,NORTH,0,6.4,1028.38,0,0,2,469,,
2022-12-26,12:00,18.8,11.1,62,SE,8,12.9,1028.18,0,0,2,475,,
2022-12-26,12:15,19.2,11.7,62,SSE,6.4,8,1028.11,0,0,2,476,,
2022-12-26,12:30,19.4,11.1,60,SE,4.8,8,1028.01,0,0,2,476,,
2022-12-26,12:45,19.6,10.6,56,SE,9.7,8,1027.94,0,0,2,471,,
2022-12-26,13:00,19.6,10,54,SSE,8,9.7,1028.11,0,0,2,462,,
2022-12-26,13:15,19.7,9.4,52,SSE,4.8,8,1027.84,0,0,2,452,,
2022-12-26,13:30,19.7,9.4,53,SSE,3.2,9.7,1027.7,0,0,2,438,,
2022-12-26,13:45,20.1,10,53,NORTH,0,8,1027.5,0,0,1,418,,
2022-12-26,14:00,20.2,10.6,55,SSE,4.8,8,1027.53,0,0,1,397,,
2022-12-26,14:15,20.3,11.1,56,SSE,3.2,4.8,1027.4,0,0,1,371,,
2022-12-26,14:30,20.5,10.6,53,NORTH,0,3.2,1027.4,0,0,1,343,,
2022-12-26,14:45,20.3,10.6,55,SW,1.6,4.8,1027.4,0,0,1,313,,
2022-12-26,15:00,20.3,10.6,55,SW,3.2,6.4,1027.6,0,0,1,278,,
2022-12-26,15:15,20.2,11.1,56,SW,1.6,4.8,1027.43,0,0,1,239,,
2022-12-26,15:30,19.9,10.6,56,SW,4.8,6.4,1027.63,0,0,0,193,,
2022-12-26,15:45,19.8,9.4,52,SW,1.6,4.8,1027.7,0,0,0,151,,
2022-12-26,16:00,19.4,8.9,51,NORTH,0,4.8,1027.8,0,0,0,107,,
2022-12-26,16:15,17.8,9.4,58,SW,3.2,3.2,1027.77,0,0,0,70,,
2022-12-26,16:30,17.1,9.4,61,SW,4.8,4.8,1027.8,0,0,0,37,,
2022-12-26,16:45,16.2,10,66,SSE,1.6,8,1027.67,0,0,0,19,,
2022-12-26,17:00,15.3,10,72,SSE,3.2,8,1027.7,0,0,0,7,,
2022-12-26,17:15,15.2,10,73,SE,3.2,8,1027.94,0,0,0,0,,
2022-12-26,17:30,15.3,10.6,73,SE,3.2,6.4,1027.8,0,0,0,0,,
2022-12-26,17:45,15.4,10,72,SE,4.8,6.4,1027.9,0,0,0,0,,
2022-12-26,18:00,14.8,10,73,SE,3.2,8,1027.94,0,0,0,0,,
2022-12-26,18:15,14.4,10,75,SE,6.4,6.4,1027.87,0,0,0,0,,
2022-12-26,18:30,14.7,9.4,73,SE,1.6,4.8,1027.94,0,0,0,0,,
2022-12-26,18:45,14.8,9.4,72,SE,1.6,6.4,1028.14,0,0,0,0,,
2022-12-26,19:00,14.4,9.4,74,NORTH,0,4.8,1028.28,0,0,0,0,,
2022-12-26,19:15,13.7,10,78,SE,1.6,6.4,1028.18,0,0,0,0,,
2022-12-26,19:30,14.4,10,76,SE,1.6,6.4,1028.51,0,0,0,0,,
2022-12-26,19:45,13.9,10,79,SE,3.2,6.4,1028.51,0,0,0,0,,
2022-12-26,20:00,14.2,10,77,SE,3.2,6.4,1028.65,0,0,0,0,,
2022-12-26,20:15,14.1,10,78,NORTH,0,4.8,1028.72,0,0,0,0,,
2022-12-26,20:30,14.7,10,75,SE,3.2,4.8,1028.65,0,0,0,0,,
2022-12-26,20:45,14.9,10.6,76,SE,3.2,4.8,1028.51,0,0,0,0,,
2022-12-26,21:00,15.2,10.6,74,ESE,3.2,6.4,1028.31,0,0,0,0,,
2022-12-26,21:15,14.4,8.9,70,ESE,1.6,4.8,1028.38,0,0,0,0,,
2022-12-26,21:30,14.7,8.9,69,ESE,1.6,3.2,1028.41,0,0,0,0,,
2022-12-26,21:45,13.3,8.3,72,ESE,3.2,4.8,1028.21,0,0,0,0,,
2022-12-26,22:00,14,8.3,69,ESE,3.2,9.7,1028.31,0,0,0,0,,
2022-12-26,22:15,13.9,8.3,70,ESE,3.2,6.4,1028.21,0,0,0,0,,
2022-12-26,22:30,15.2,9.4,68,SE,4.8,8,1028.21,0,0,0,0,,
2022-12-26,22:45,13.8,8.9,72,SE,4.8,6.4,1028.41,0,0,0,0,,
2022-12-26,23:00,13.2,8.3,73,SE,4.8,4.8,1028.45,0,0,0,0,,
2022-12-26,23:15,12.2,7.8,75,SE,3.2,4.8,1028.24,0,0,0,0,,
2022-12-26,23:30,13.1,7.8,72,ESE,6.4,4.8,1028.11,0,0,0,0,,
2022-12-26,23:45,13.3,8.3,73,ESE,3.2,9.7,1028.04,0,0,0,0,,
2022-12-26,OVR,,,,,,,,,,,,gustmax,9.7
2022-12-26,OVR,,,,,,,,,,,,rainrate_max,0
2022-12-26,OVR,,,,,,,,,,,,rain_total_mm,0
2022-12-26,OVR,,,,,,,,,,,,tmax,20.7
2022-12-26,OVR,,,,,,,,,,,,tmin,12.2
2022-12-26,OVR,,,,,,,,,,,,wind_dir_mean_deg,112.5
2022-12-27,00:00,13.7,8.3,72,ESE,1.6,6.4,1027.97,0,0,0,0,,
2022-12-27,00:15,12.7,7.8,74,ESE,3.2,4.8,1028.01,0,0,0,0,,
2022-12-27,00:30,12.1,7.8,75,ESE,1.6,6.4,1028.04,0,0,0,0,,
2022-12-27,00:45,12.7,7.8,74,ESE,3.2,4.8,1027.77,0,0,0,0,,
2022-12-27,01:00,13.4,7.8,70,ENE,1.6,4.8,1028.04,0,0,0,0,,
2022-12-27,01:15,12.8,7.8,71,ENE,1.6,3.2,1027.84,0,0,0,0,,
2022-12-27,01:30,12.7,7.8,72,NNE,3.2,4.8,1028.01,0,0,0,0,,
2022-12-27,01:45,12.7,7.8,72,NNE,4.8,4.8,1027.97,0,0,0,0,,
2022-12-27,02:00,13.1,7.2,69,ENE,3.2,4.8,1027.9,0,0,0,0,,
2022-12-27,02:15,12.9,7.2,68,NORTH,0,3.2,1027.94,0,0,0,0,,
2022-12-27,02:30,11.8,6.7,71,ENE,1.6,3.2,1027.87,0,0,0,0,,
2022-12-27,02:45,12.6,6.7,68,ENE,1.6,3.2,1027.74,0,0,0,0,,
2022-12-27,03:00,12.2,6.7,69,NORTH,0,4.8,1027.77,0,0,0,0,,
2022-12-27,03:15,11.8,6.7,70,ENE,3.2,3.2,1027.77,0,0,0,0,,
2022-12-27,03:30,11.8,6.1,70,ENE,1.6,4.8,1027.77,0,0,0,0,,
2022-12-27,03:45,11.7,6.1,70,ENE,3.2,4.8,1027.74,0,0,0,0,,
2022-12-27,04:00,12.2,6.7,69,NORTH,0,3.2,1027.57,0,0,0,0,,
2022-12-27,04:15,13.1,6.7,66,ENE,3.2,4.8,1027.57,0,0,0,0,,
2022-12-27,04:30,13.3,6.7,65,ENE,1.6,4.8,1027.6,0,0,0,0,,
2022-12-27,04:45,12.6,6.7,67,ENE,3.2,4.8,1027.43,0,0,0,0,,
2022-12-27,05:00,12.7,6.7,66,ENE,3.2,4.8,1027.53,0,0,0,0,,
2022-12-27,05:15,12.9,6.7,65,ENE,3.2,4.8,1027.43,0,0,0,0,,
2022-12-27,05:30,12.7,6.7,67,ENE,3.2,6.4,1027.43,0,0,0,0,,
2022-12-27,05:45,11.9,6.1,68,ENE,1.6,4.8,1027.4,0,0,0,0,,
2022-12-27,06:00,11.8,6.1,68,ENE,1.6,3.2,1027.67,0,0,0,0,,
2022-12-27,06:15,11.9,6.1,68,ENE,3.2,4.8,1027.6,0,0,0,0,,
2022-12-27,06:30,12.2,6.1,67,ENE,1.6,4.8,1027.8,0,0,0,0,,
2022-12-27,06:45,12.3,6.1,67,ENE,1.6,4.8,1027.67,0,0,0,0,,
2022-12-27,07:00,12.2,6.7,69,ENE,1.6,3.2,1027.67,0,0,0,0,,
2022-12-27,07:15,12.3,6.7,69,NORTH,0,4.8,1027.97,0,0,0,0,,
2022-12-27,07:30,12.3,6.7,68,NNW,3.2,6.4,1028.31,0,0,0,0,,
2022-12-27,07:45,11.6,6.1,69,ENE,4.8,4.8,1028.38,0,0,0,0,,
2022-12-27,08:00,11.1,5.6,71,ESE,1.6,6.4,1028.28,0,0,0,11,,
2022-12-27,08:15,11.1,6.1,71,NORTH,0,3.2,1028.21,0,0,0,23,,
2022-12-27,08:30,12.2,6.7,70,SE,1.6,4.8,1028.41,0,0,0,69,,
2022-12-27,08:45,12.2,7.2,72,NORTH,0,3.2,1028.34,0,0,0,113,,
2022-12-27,09:00,13.4,8.3,71,NORTH,0,8,1028.55,0,0,0,156,,
2022-12-27,09:15,13.8,8.3,71,WNW,4.8,11.3,1028.68,0,0,0,202,,
2022-12-27,09:30,13.8,8.3,71,NW,3.2,12.9,1028.68,0,0,0,248,,
2022-12-27,09:45,14.6,8.9,70,WNW,8,12.9,1028.75,0,0,1,288,,
2022-12-27,10:00,14.9,9.4,70,NW,4.8,6.4,1028.72,0,0,1,323,,
2022-12-27,10:15,15,10,72,WNW,6.4,14.5,1028.95,0,0,1,322,,
2022-12-27,10:30,15.3,10,72,NORTH,0,4.8,1029.09,0,0,1,359,,
2022-12-27,10:45,15.3,10.6,73,NW,3.2,6.4,1029.12,0,0,1,376,,
2022-12-27,11:00,15.3,10.6,74,WNW,8,11.3,1029.12,0,0,1,418,,
2022-12-27,11:15,15.8,11.1,74,NW,1.6,6.4,1029.09,0,0,1,443,,
2022-12-27,11:30,16.4,10,67,NW,6.4,8,1029.02,0,0,2,457,,
2022-12-27,11:45,16.4,10.6,69,WNW,3.2,8,1028.72,0,0,2,436,,
2022-12-27,12:00,16.7,10.6,67,WEST,4.8,11.3,1028.82,0,0,2,475,,
2022-12-27,12:15,16.2,11.1,73,WEST,14.5,19.3,1028.68,0,0,2,473,,
2022-12-27,12:30,15.9,11.1,74,WNW,4.8,17.7,1028.68,0,0,2,464,,
2022-12-27,12:45,16.1,11.1,73,WNW,14.5,22.5,1028.48,0,0,2,471,,
2022-12-27,13:00,15.7,11.7,77,WEST,6.4,17.7,1028.31,0,0,2,469,,
2022-12-27,13:15,15.8,11.7,77,WNW,8,17.7,1028.21,0,0,2,455,,
2022-12-27,13:30,15.9,11.1,73,WEST,14.5,17.7,1028.04,0,0,1,431,,
2022-12-27,13:45,15.9,10.6,71,WNW,6.4,16.1,1028.11,0,0,1,418,,
2022-12-27,14:00,16.2,10,66,WNW,16.1,16.1,1027.74,0,0,1,403,,
2022-12-27,14:15,16.4,10.6,69,WEST,4.8,11.3,1027.8,0,0,1,371,,
2022-12-27,14:30,16.4,10.6,70,WEST,9.7,16.1,1027.87,0,0,1,345,,
2022-12-27,14:45,16.2,11.1,73,WEST,9.7,14.5,1027.63,0,0,1,315,,
2022-12-27,15:00,15.9,11.7,76,WNW,3.2,12.9,1027.8,0,0,1,279,,
2022-12-27,15:15,15.6,11.7,78,NW,12.9,12.9,1027.77,0,0,1,241,,
2022-12-27,15:30,15.7,11.7,79,WNW,6.4,6.4,1027.94,0,0,0,200,,
2022-12-27,15:45,15.2,11.7,81,WEST,11.3,14.5,1027.9,0,0,0,151,,
2022-12-27,16:00,14.8,11.7,82,WNW,6.4,19.3,1028.07,0,0,0,109,,
2022-12-27,16:15,14.6,11.7,82,WNW,4.8,16.1,1028.07,0,0,0,72,,
2022-12-27,16:30,14.3,11.7,85,WSW,11.3,16.1,1028.14,0,0,0,39,,
2022-12-27,16:45,14,11.7,88,WEST,9.7,17.7,1028.24,0,0,0,25,,
2022-12-27,17:00,13.7,11.7,89,WNW,16.1,24.1,1028.14,0,0,0,9,,
2022-12-27,17:15,13.6,11.7,90,WEST,17.7,25.7,1028.31,0,0,0,0,,
2022-12-27,17:30,13.4,11.7,91,WEST,16.1,25.7,1028.41,0,0,0,0,,
2022-12-27,17:45,13.2,11.7,92,WEST,17.7,27.4,1028.38,0,0,0,0,,
2022-12-27,18:00,13.1,11.7,92,WEST,17.7,24.1,1028.51,0,0,0,0,,
2022-12-27,18:15,13,11.7,92,WEST,24.1,27.4,1028.55,0,0,0,0,,
2022-12-27,18:30,12.9,11.7,93,WEST,12.9,22.5,1028.55,0,0,0,0,,
2022-12-27,18:45,12.8,11.7,93,WEST,16.1,16.1,1028.85,0,0,0,0,,
2022-12-27,19:00,12.7,11.7,93,NW,6.4,16.1,1028.85,0,0,0,0,,
2022-12-27,19:15,12.6,11.1,93,NORTH,0,12.9,1028.82,0,0,0,0,,
2022-12-27,19:30,12.3,11.1,93,WNW,6.4,12.9,1028.85,0,0,0,0,,
2022-12-27,19:45,12.3,11.1,94,WNW,14.5,19.3,1029.06,0,0,0,0,,
2022-12-27,20:00,12.3,11.1,94,WEST,14.5,29,1029.02,0,0,0,0,,
2022-12-27,20:15,12.1,11.1,94,WNW,6.4,22.5,1028.99,0,0,0,0,,
2022-12-27,20:30,11.8,10.6,94,NORTH,0,12.9,1029.23,0,0,0,0,,
2022-12-27,20:45,11.5,10.6,93,NORTH,0,3.2,1029.19,0,0,0,0,,
2022-12-27,21:00,11.4,10,94,NORTH,0,3.2,1029.26,0,0,0,0,,
2022-12-27,21:15,11.3,10,94,NORTH,0,3.2,1029.12,0,0,0,0,,
2022-12-27,21:30,11.3,10,94,NORTH,0,3.2,1029.33,0,0,0,0,,
2022-12-27,21:45,11.3,10,94,NORTH,0,3.2,1029.19,0,0,0,0,,
2022-12-27,22:00,11.4,10.6,94,NORTH,0,1.6,1029.06,0,0,0,0,,
2022-12-27,22:15,11.3,10,94,,1.6,3.2,1029.06,0,0,0,0,,
2022-12-27,22:30,11.1,10,94,NORTH,0,1.6,1029.19,0,0,0,0,,
2022-12-27,22:45,10.9,10,94,NORTH,0,1.6,1029.19,0,0,0,0,,
2022-12-27,23:00,10.8,9.4,94,NORTH,0,0,1029.19,0,0,0,0,,
2022-12-27,23:15,10.7,9.4,94,NORTH,0,0,1029.26,0,0,0,0,,
2022-12-27,23:30,10.9,10,94,NW,1.6,6.4,1029.36,0,0,0,0,,
2022-12-27,23:45,11.3,10.6,94,NW,3.2,3.2,1029.23,0,0,0,0,,
2022-12-27,OVR,,,,,,,,,,,,gustmax,24.1
2022-12-27,OVR,,,,,,,,,,,,rainrate_max,0
2022-12-27,OVR,,,,,,,,,,,,rain_total_mm,0
2022-12-27,OVR,,,,,,,,,,,,tmax,16.7
2022-12-27,OVR,,,,,,,,,,,,tmin,10.7
2022-12-27,OVR,,,,,,,,,,,,wind_dir_mean_deg,337.5
2022-12-28,00:00,11.6,10.6,95,NW,4.8,8,1029.29,0,0,0,0,,
2022-12-28,00:15,11.7,10.6,95,WNW,4.8,14.5,1029.12,0,0,0,0,,
2022-12-28,00:30,11.8,11.1,95,WNW,8,14.5,1029.09,0,0,0,0,,
2022-12-28,00:45,11.9,11.1,95,WNW,11.3,17.7,1028.82,0,0,0,0,,
2022-12-28,01:00,11.9,11.1,95,WNW,4.8,14.5,1028.72,0,0,0,0,,
2022-12-28,01:15,11.8,10.6,95,NW,8,12.9,1028.65,0,0,0,0,,
2022-12-28,01:30,11.6,10.6,95,WNW,8,11.3,1028.41,0,0,0,0,,
2022-12-28,01:45,11.3,10.6,95,WNW,3.2,8,1028.45,0,0,0,0,,
2022-12-28,02:00,11.2,10,95,WNW,1.6,8,1028.45,0,0,0,0,,
2022-12-28,02:15,11.1,10,95,NORTH,0,3.2,1028.34,0,0,0,0,,
2022-12-28,02:30,10.8,10,95,NORTH,0,1.6,1028.38,0,0,0,0,,
2022-12-28,02:45,10.4,9.4,95,NW,3.2,3.2,1028.41,0,0,0,0,,
2022-12-28,03:00,10.1,8.9,95,NORTH,0,3.2,1028.45,0,0,0,0,,
2022-12-28,03:15,9.7,8.9,95,NORTH,0,1.6,1028.45,0,0,0,0,,
2022-12-28,03:30,9.4,8.3,95,NORTH,0,3.2,1028.18,0,0,0,0,,
2022-12-28,03:45,9.3,8.3,95,NORTH,0,4.8,1028.01,0,0,0,0,,
2022-12-28,04:00,9.3,8.3,95,NORTH,1.6,4.8,1028.07,0.25,0.25,0,0,,
2022-12-28,04:15,9.4,8.3,95,NNE,3.2,4.8,1028.07,0.25,0.25,0,0,,
2022-12-28,04:30,9.4,8.3,95,NORTH,0,4.8,1027.94,0.25,0.25,0,0,,
2022-12-28,04:45,9.6,8.9,95,NORTH,0,4.8,1027.87,0.25,0.25,0,0,,
2022-12-28,05:00,9.4,8.3,95,NORTH,0,1.6,1027.87,0.25,0,0,0,,
2022-12-28,05:15,9.6,8.9,95,NNE,1.6,4.8,1027.87,0.25,0,0,0,,
2022-12-28,05:30,9.6,8.9,95,NORTH,0,3.2,1027.87,0.25,0,0,0,,
2022-12-28,05:45,9.4,8.3,95,NNE,1.6,3.2,1027.9,0.25,0,0,0,,
2022-12-28,06:00,9.4,8.3,95,NE,1.6,4.8,1027.84,0.25,0,0,0,,
2022-12-28,06:15,9.5,8.3,95,NE,1.6,4.8,1027.77,0.25,0,0,0,,
2022-12-28,06:30,9.6,8.9,95,NE,1.6,3.2,1027.94,0.25,0,0,0,,
2022-12-28,06:45,9.4,8.3,95,NE,3.2,3.2,1027.8,0.25,0,0,0,,
2022-12-28,07:00,9.6,8.9,95,NE,1.6,3.2,1027.94,0.25,0,0,0,,
2022-12-28,07:15,9.5,8.3,95,NE,4.8,6.4,1027.9,0.25,0,0,0,,
2022-12-28,07:30,9.7,8.9,95,NE,3.2,6.4,1027.97,0.25,0,0,0,,
2022-12-28,07:45,10,8.9,94,NNE,3.2,8,1027.97,0.25,0,0,0,,
2022-12-28,08:00,10.1,8.9,93,NNE,4.8,6.4,1028.04,0.25,0,0,11,,
2022-12-28,08:15,10.4,8.9,92,NE,3.2,6.4,1027.97,0.25,0,0,21,,
2022-12-28,08:30,10.5,8.3,89,NE,3.2,6.4,1028.04,0.25,0,0,77,,
2022-12-28,08:45,10.2,7.8,86,NE,1.6,4.8,1028.04,0.25,0,0,116,,
2022-12-28,09:00,9.8,7.8,87,NORTH,0,1.6,1028.11,0.25,0,0,156,,
2022-12-28,09:15,10.7,8.3,87,NORTH,0,1.6,1028.28,0.25,0,0,197,,
2022-12-28,09:30,12.1,8.9,81,NORTH,0,1.6,1028.11,0.25,0,0,241,,
2022-12-28,09:45,12.3,9.4,83,SE,4.8,6.4,1028.34,0.25,0,0,281,,
2022-12-28,10:00,13.1,9.4,78,NORTH,0,6.4,1028.41,0.25,0,1,315,,
2022-12-28,10:15,13.4,10,80,SE,1.6,4.8,1028.62,0.25,0,1,350,,
2022-12-28,10:30,13.8,9.4,77,SE,1.6,4.8,1028.62,0.25,0,1,376,,
2022-12-28,10:45,14.1,9.4,75,SE,1.6,6.4,1028.62,0.25,0,1,403,,
2022-12-28,11:00,14.4,9.4,74,NORTH,0,3.2,1028.45,0.25,0,1,422,,
2022-12-28,11:15,14.4,9.4,74,NORTH,0,6.4,1028.51,0.25,0,1,438,,
2022-12-28,11:30,14.7,10.6,76,NORTH,0,4.8,1028.48,0.25,0,1,454,,
2022-12-28,11:45,14.7,9.4,72,NORTH,0,6.4,1028.28,0.25,0,1,466,,
2022-12-28,12:00,14.9,9.4,70,SW,3.2,4.8,1028.04,0.25,0,2,473,,
2022-12-28,12:15,15.3,9.4,69,SW,3.2,4.8,1027.77,0.25,0,2,487,,
2022-12-28,12:30,15.6,9.4,67,SSW,1.6,6.4,1027.5,0.25,0,1,443,,
2022-12-28,12:45,15.7,9.4,67,WEST,4.8,6.4,1027.43,0.25,0,2,455,,
2022-12-28,13:00,15.8,8.9,64,NORTH,0,6.4,1027.43,0.25,0,2,476,,
2022-12-28,13:15,16,8.9,62,NORTH,0,6.4,1027.19,0.25,0,1,457,,
2022-12-28,13:30,16.1,8.9,63,WSW,3.2,16.1,1027.02,0.25,0,1,441,,
2022-12-28,13:45,16.1,9.4,65,WSW,3.2,8,1026.62,0.25,0,1,425,,
2022-12-28,14:00,16.2,8.9,63,NNE,3.2,8,1026.72,0.25,0,1,404,,
2022-12-28,14:15,16.2,8.9,62,WSW,3.2,14.5,1026.48,0.25,0,1,346,,
2022-12-28,14:30,16.3,8.9,62,WSW,3.2,11.3,1026.25,0.25,0,1,345,,
2022-12-28,14:45,16.3,8.9,61,NW,3.2,14.5,1026.38,0.25,0,1,345,,
2022-12-28,15:00,16.6,8.9,61,NW,8,12.9,1026.31,0.25,0,1,311,,
2022-12-28,15:15,16.4,9.4,63,WNW,1.6,14.5,1026.52,0.25,0,0,279,,
2022-12-28,15:30,16.1,9.4,65,WNW,6.4,14.5,1026.38,0.25,0,0,248,,
2022-12-28,15:45,16.1,8.9,62,WNW,12.9,16.1,1026.41,0.25,0,0,199,,
2022-12-28,16:00,15.9,8.3,62,WNW,12.9,17.7,1026.25,0.25,0,0,132,,
2022-12-28,16:15,15.6,8.9,64,WNW,12.9,19.3,1026.38,0.25,0,0,74,,
2022-12-28,16:30,15.2,8.9,68,SW,3.2,6.4,1026.18,0.25,0,0,46,,
2022-12-28,16:45,14.8,9.4,70,WSW,3.2,8,1026.35,0.25,0,0,33,,
2022-12-28,17:00,14.4,9.4,72,WEST,1.6,9.7,1026.31,0.25,0,0,16,,
2022-12-28,17:15,13.3,8.9,75,WEST,3.2,3.2,1026.38,0.25,0,0,0,,
2022-12-28,17:30,12.3,8.3,79,NORTH,0,0,1026.41,0.25,0,0,0,,
2022-12-28,17:45,12.3,8.3,79,SOUTH,3.2,4.8,1026.21,0.25,0,0,0,,
2022-12-28,18:15,11.8,8.3,80,SSE,3.2,6.4,1026.31,0.25,0,0,0,,
2022-12-28,18:30,11.7,8.3,81,SE,1.6,4.8,1026.25,0.25,0,0,0,,
2022-12-28,18:45,11.7,8.3,81,SE,1.6,4.8,1026.31,0.25,0,0,0,,
2022-12-28,19:00,11.6,7.8,80,SE,3.2,4.8,1026.25,0.25,0,0,0,,
2022-12-28,19:15,11.6,7.8,79,SE,3.2,3.2,1026.35,0.25,0,0,0,,
2022-12-28,19:30,11.4,7.8,78,SE,1.6,4.8,1026.21,0.25,0,0,0,,
2022-12-28,19:45,11.2,7.2,79,SE,1.6,4.8,1026.21,0.25,0,0,0,,
2022-12-28,20:00,11.4,7.2,77,SE,1.6,4.8,1026.38,0.25,0,0,0,,
2022-12-28,20:15,11.3,7.2,76,ESE,4.8,4.8,1026.25,0.25,0,0,0,,
2022-12-28,20:30,11.3,7.2,77,EAST,3.2,6.4,1026.31,0.25,0,0,0,,
2022-12-28,20:45,11.2,7.2,77,ESE,1.6,4.8,1026.31,0.25,0,0,0,,
2022-12-28,21:00,11.1,7.2,78,ESE,3.2,4.8,1026.08,0.25,0,0,0,,
2022-12-28,21:15,11,7.2,78,ESE,3.2,4.8,1026.14,0.25,0,0,0,,
2022-12-28,21:30,11.2,7.2,78,EAST,4.8,9.7,1026.01,0.25,0,0,0,,
2022-12-28,21:45,11.2,7.2,78,ESE,6.4,9.7,1025.94,0.25,0,0,0,,
2022-12-28,22:00,11.1,7.2,78,ESE,4.8,6.4,1025.77,0.25,0,0,0,,
2022-12-28,22:15,10.9,7.2,79,ESE,6.4,11.3,1025.6,0.25,0,0,0,,
2022-12-28,22:30,11.2,7.2,78,ESE,6.4,12.9,1025.6,0.25,0,0,0,,
2022-12-28,22:45,11.6,7.2,76,ESE,6.4,12.9,1025.5,0.25,0,0,0,,
2022-12-28,23:00,11.5,7.2,76,ESE,4.8,9.7,1025.57,0.25,0,0,0,,
2022-12-28,23:15,11.3,7.2,76,ESE,6.4,9.7,1025.64,0.25,0,0,0,,
2022-12-28,23:30,11.2,6.7,76,ESE,3.2,9.7,1025.5,0.25,0,0,0,,
2022-12-28,23:45,10.9,6.7,77,EAST,6.4,6.4,1025.36,0.25,0,0,0,,
2022-12-28,OVR,,,,,,,,,,,,gustmax,12.9
2022-12-28,OVR,,,,,,,,,,,,rainrate_max,0.2
2022-12-28,OVR,,,,,,,,,,,,rain_total_mm,0.2
2022-12-28,OVR,,,,,,,,,,,,tmax,16.6
2022-12-28,OVR,,,,,,,,,,,,tmin,9.3
2022-12-28,OVR,,,,,,,,,,,,wind_dir_mean_deg,315
2022-12-29,00:00,11.1,7.2,77,EAST,4.8,9.7,1025.3,0,0,0,0,,
2022-12-29,00:15,11.2,7.2,76,EAST,4.8,6.4,1025.16,0,0,0,0,,
2022-12-29,00:30,10.8,6.7,77,EAST,3.2,4.8,1025.2,0,0,0,0,,
2022-12-29,00:45,10.9,7.2,77,EAST,4.8,6.4,1024.92,0,0,0,0,,
2022-12-29,01:00,10.8,6.7,77,EAST,3.2,4.8,1024.92,0,0,0,0,,
2022-12-29,01:15,10.7,6.7,77,EAST,1.6,4.8,1024.72,0,0,0,0,,
2022-12-29,01:30,10.7,6.7,77,EAST,3.2,4.8,1024.65,0,0,0,0,,
2022-12-29,01:45,10.3,6.1,77,EAST,3.2,4.8,1024.72,0,0,0,0,,
2022-12-29,02:00,10.1,6.1,78,ESE,4.8,6.4,1024.72,0,0,0,0,,
2022-12-29,02:15,10.3,6.7,78,ESE,4.8,6.4,1024.69,0,0,0,0,,
2022-12-29,02:30,10.1,6.1,78,ESE,3.2,6.4,1024.69,0,0,0,0,,
2022-12-29,02:45,10.8,7.2,78,ESE,4.8,11.3,1024.72,0,0,0,0,,
2022-12-29,03:00,11.6,7.2,75,ESE,4.8,8,1024.69,0,0,0,0,,
2022-12-29,03:15,12.2,7.2,72,ESE,6.4,12.9,1024.69,0,0,0,0,,
2022-12-29,03:30,12.7,7.2,70,SE,11.3,16.1,1024.62,0,0,0,0,,
2022-12-29,03:45,12.8,7.2,70,ESE,9.7,16.1,1024.31,0,0,0,0,,
2022-12-29,04:00,12.3,7.2,71,ESE,6.4,12.9,1024.38,0,0,0,0,,
2022-12-29,04:15,12.1,6.7,71,ESE,9.7,12.9,1024.35,0,0,0,0,,
2022-12-29,04:30,11.6,6.7,72,ESE,11.3,16.1,1024.18,0,0,0,0,,
2022-12-29,04:45,11.4,6.1,71,EAST,11.3,16.1,1024.35,0,0,0,0,,
2022-12-29,05:00,11.2,6.1,73,EAST,11.3,14.5,1024.35,0,0,0,0,,
2022-12-29,05:15,11.1,6.1,74,ESE,9.7,12.9,1024.35,0,0,0,0,,
2022-12-29,05:30,10.8,6.7,76,ESE,6.4,6.4,1024.45,0,0,0,0,,
2022-12-29,05:45,11.4,7.8,80,SE,16.1,17.7,1024.21,0,0,0,0,,
2022-12-29,06:00,12.2,8.3,78,SE,16.1,19.3,1024.18,0,0,0,0,,
2022-12-29,06:15,12.3,8.3,77,ESE,11.3,16.1,1024.25,0,0,0,0,,
2022-12-29,06:30,12.1,7.8,76,ESE,6.4,12.9,1024.59,0,0,0,0,,
2022-12-29,06:45,11.8,7.8,76,ESE,11.3,12.9,1024.55,0,0,0,0,,
2022-12-29,07:00,11.9,7.8,77,SE,11.3,17.7,1024.52,0,0,0,0,,
2022-12-29,07:15,12,7.8,76,ESE,9.7,14.5,1024.52,0,0,0,0,,
2022-12-29,07:30,12.2,7.8,76,ESE,11.3,16.1,1024.62,0,0,0,0,,
2022-12-29,07:45,12.3,7.8,76,SE,12.9,17.7,1024.72,0,0,0,0,,
2022-12-29,08:00,12.4,7.8,75,ESE,12.9,17.7,1024.55,0,0,0,16,,
2022-12-29,08:15,12.5,7.8,74,ESE,12.9,20.9,1024.28,0,0,0,30,,
2022-12-29,08:30,12.2,7.8,75,ESE,6.4,16.1,1024.55,0,0,0,88,,
2022-12-29,08:45,12.2,7.8,75,ESE,9.7,12.9,1024.76,0,0,0,120,,
2022-12-29,09:00,12.7,7.8,72,ESE,11.3,19.3,1024.76,0,0,0,148,,
2022-12-29,09:15,12.8,7.8,73,ESE,17.7,19.3,1024.79,0,0,0,174,,
2022-12-29,09:30,13.1,7.8,71,ESE,14.5,24.1,1024.69,0,0,0,218,,
2022-12-29,09:45,13.6,7.8,68,SE,17.7,25.7,1024.69,0,0,0,279,,
2022-12-29,10:00,13.7,7.8,67,ESE,19.3,25.7,1024.82,0,0,1,302,,
2022-12-29,10:15,13.8,7.2,65,SE,17.7,24.1,1024.89,0,0,1,329,,
2022-12-29,10:30,14.1,7.2,64,ESE,19.3,20.9,1024.99,0,0,1,380,,
2022-12-29,10:45,14.2,6.7,62,SE,22.5,25.7,1024.89,0,0,1,420,,
2022-12-29,11:00,14.4,6.7,61,SE,20.9,27.4,1024.69,0,0,1,439,,
2022-12-29,11:15,14.6,7.2,61,SE,14.5,25.7,1024.59,0,0,1,454,,
2022-12-29,11:30,14.8,7.2,61,ESE,17.7,25.7,1024.31,0,0,1,459,,
2022-12-29,11:45,14.9,7.2,60,ESE,19.3,30.6,1024.52,0,0,1,469,,
2022-12-29,12:00,15.2,7.8,61,ESE,20.9,27.4,1024.25,0,0,1,476,,
2022-12-29,12:15,15.3,7.8,61,SE,19.3,27.4,1023.81,0,0,1,475,,
2022-12-29,12:30,15.5,8.3,64,SSE,14.5,24.1,1023.74,0,0,1,478,,
2022-12-29,12:45,15.8,8.9,64,SE,12.9,24.1,1023.81,0,0,1,455,,
2022-12-29,13:00,15.6,8.3,63,SE,16.1,24.1,1023.47,0,0,1,445,,
2022-12-29,13:15,15.8,9.4,66,SSE,16.1,20.9,1023.43,0,0,1,441,,
2022-12-29,13:30,16.1,9.4,65,ESE,12.9,22.5,1023.2,0,0,1,406,,
2022-12-29,13:45,16.1,9.4,66,SE,16.1,24.1,1023.1,0,0,1,408,,
2022-12-29,14:00,16.3,10,68,SE,14.5,20.9,1022.96,0,0,1,283,,
2022-12-29,14:15,16.1,10.6,70,SE,12.9,20.9,1022.69,0,0,1,243,,
2022-12-29,14:30,15.9,11.1,73,ESE,16.1,19.3,1022.55,0,0,1,316,,
2022-12-29,14:45,15.8,11.1,73,SE,17.7,20.9,1022.72,0,0,1,281,,
2022-12-29,15:00,15.8,11.1,75,SE,8,20.9,1022.69,0,0,0,229,,
2022-12-29,15:15,15.3,11.7,79,ESE,11.3,16.1,1022.86,0,0,0,135,,
2022-12-29,15:30,15.2,11.7,81,ESE,4.8,14.5,1023.03,0,0,0,88,,
2022-12-29,15:45,14.9,11.7,82,NORTH,0,4.8,1023.23,0,0,0,118,,
2022-12-29,16:00,14.7,11.7,83,SE,11.3,14.5,1023.2,0,0,0,93,,
2022-12-29,16:15,14.6,11.7,84,SE,9.7,14.5,1023.27,0,0,0,76,,
2022-12-29,16:30,14.3,11.7,84,SE,8,14.5,1023.16,0,0,0,26,,
2022-12-29,16:45,14,11.7,86,SE,12.9,14.5,1023.27,0,0,0,25,,
2022-12-29,17:00,13.8,11.7,87,SE,12.9,16.1,1022.99,0,0,0,11,,
2022-12-29,17:15,13.5,11.1,87,SE,12.9,16.1,1022.89,0,0,0,0,,
2022-12-29,17:30,13.3,11.1,88,SE,14.5,16.1,1022.99,0,0,0,0,,
2022-12-29,17:45,13.1,11.1,89,SE,12.9,17.7,1022.96,0,0,0,0,,
2022-12-29,18:00,13.2,11.7,90,SE,14.5,17.7,1022.89,0,0,0,0,,
2022-12-29,18:15,12.9,11.1,90,SE,12.9,16.1,1023.3,0,0,0,0,,
2022-12-29,18:30,12.8,11.1,91,SE,12.9,17.7,1023.3,0,0,0,0,,
2022-12-29,18:45,12.8,11.1,91,SE,3.2,14.5,1023.6,0,0,0,0,,
2022-12-29,19:00,12.6,11.1,91,NORTH,0,4.8,1024.01,0,0,0,0,,
2022-12-29,19:15,12.4,11.1,91,NNE,3.2,3.2,1023.94,0,0,0,0,,
2022-12-29,19:30,12.2,10.6,92,ESE,9.7,11.3,1023.71,0,0,0,0,,
2022-12-29,19:45,12.7,11.1,91,ESE,11.3,17.7,1023.67,0,0,0,0,,
2022-12-29,20:00,12.4,11.1,91,SE,3.2,6.4,1023.81,0,0,0,0,,
2022-12-29,20:15,11.9,10.6,91,EAST,1.6,4.8,1023.71,0,0,0,0,,
2022-12-29,20:30,11.8,10.6,91,EAST,4.8,3.2,1023.77,0,0,0,0,,
2022-12-29,20:45,12.2,10.6,92,ESE,11.3,11.3,1023.54,0,0,0,0,,
2022-12-29,21:00,12.1,10.6,92,ESE,6.4,12.9,1023.6,0,0,0,0,,
2022-12-29,21:15,12.2,10.6,92,EAST,4.8,14.5,1023.43,0,0,0,0,,
2022-12-29,21:30,11.9,10.6,91,ESE,3.2,6.4,1023.5,0,0,0,0,,
2022-12-29,21:45,11.6,10,91,ESE,4.8,6.4,1023.47,0,0,0,0,,
2022-12-29,22:00,11.5,10,91,NORTH,0,3.2,1023.87,0,0,0,0,,
2022-12-29,22:15,11.2,9.4,91,ESE,1.6,3.2,1023.91,0,0,0,0,,
2022-12-29,22:30,11.1,9.4,91,NORTH,0,3.2,1023.94,0,0,0,0,,
2022-12-29,22:45,10.6,8.9,91,WNW,3.2,3.2,1024.18,0,0,0,0,,
2022-12-29,23:00,10.3,8.9,91,EAST,3.2,6.4,1024.04,0,0,0,0,,
2022-12-29,23:15,10.2,8.9,92,EAST,1.6,4.8,1024.31,0,0,0,0,,
2022-12-29,23:30,10.4,9.4,93,EAST,4.8,4.8,1024.04,0,0,0,0,,
2022-12-29,23:45,10.7,9.4,93,EAST,3.2,8,1024.01,0,0,0,0,,
2022-12-29,OVR,,,,,,,,,,,,gustmax,22.5
2022-12-29,OVR,,,,,,,,,,,,rainrate_max,0
2022-12-29,OVR,,,,,,,,,,,,rain_total_mm,0
2022-12-29,OVR,,,,,,,,,,,,tmax,16.4
2022-12-29,OVR,,,,,,,,,,,,tmin,10
2022-12-29,OVR,,,,,,,,,,,,wind_dir_mean_deg,112.5
2022-12-30,00:00,10.4,8.9,92,ESE,3.2,4.8,1023.71,0,0,0,0,,
2022-12-30,00:15,10.2,8.9,93,ESE,3.2,4.8,1023.71,0,0,0,0,,
2022-12-30,00:30,10.2,8.9,93,SE,1.6,6.4,1023.67,0,0,0,0,,
2022-12-30,00:45,10.2,8.9,93,SE,3.2,3.2,1023.6,0,0,0,0,,
2022-12-30,01:00,10.3,8.9,93,SE,1.6,4.8,1023.54,0,0,0,0,,
2022-12-30,01:15,10.3,8.9,93,ESE,1.6,3.2,1023.71,0,0,0,0,,
2022-12-30,01:30,10.6,9.4,93,ESE,3.2,4.8,1023.67,0,0,0,0,,
2022-12-30,01:45,10.6,9.4,93,ESE,3.2,4.8,1023.77,0,0,0,0,,
2022-12-30,02:00,10.6,9.4,93,NORTH,0,3.2,1023.98,0,0,0,0,,
2022-12-30,02:15,10.3,8.9,93,NORTH,0,4.8,1023.94,0,0,0,0,,
2022-12-30,02:30,10.1,8.9,93,EAST,1.6,3.2,1024.08,0,0,0,0,,
2022-12-30,02:45,9.9,8.3,93,NORTH,0,8,1024.21,0,0,0,0,,
2022-12-30,03:00,9.8,8.3,93,SE,1.6,3.2,1024.08,0,0,0,0,,
2022-12-30,03:15,9.8,8.3,93,SE,1.6,3.2,1024.11,0,0,0,0,,
2022-12-30,03:30,9.8,8.3,93,SE,3.2,3.2,1023.81,0,0,0,0,,
2022-12-30,03:45,10.2,8.9,94,SE,1.6,6.4,1023.74,0,0,0,0,,
2022-12-30,04:00,10.8,9.4,94,NORTH,0,3.2,1023.67,0,0,0,0,,
2022-12-30,04:15,10.9,9.4,94,SE,1.6,3.2,1023.77,0,0,0,0,,
2022-12-30,04:30,10.9,10,93,NORTH,0,3.2,1023.47,0,0,0,0,,
2022-12-30,04:45,11,10,94,SE,1.6,3.2,1023.43,0,0,0,0,,
2022-12-30,05:00,11,10,93,SE,1.6,3.2,1023.47,0,0,0,0,,
2022-12-30,05:15,10.8,9.4,93,SSE,4.8,6.4,1023.6,0,0,0,0,,
2022-12-30,05:30,10.9,9.4,93,SSE,4.8,6.4,1023.54,0,0,0,0,,
2022-12-30,05:45,11,10,93,SSE,4.8,8,1023.57,0,0,0,0,,
2022-12-30,06:00,11.1,10,93,SE,4.8,6.4,1023.6,0,0,0,0,,
2022-12-30,06:15,11.3,10,93,SE,4.8,8,1023.6,0,0,0,0,,
2022-12-30,06:30,11.4,10,93,SE,4.8,6.4,1023.71,0,0,0,0,,
2022-12-30,06:45,11.4,10,92,SSE,3.2,6.4,1023.74,0,0,0,0,,
2022-12-30,07:00,11.4,10,92,NORTH,0,4.8,1023.91,0,0,0,0,,
2022-12-30,07:15,11.4,10,92,SSE,3.2,4.8,1023.98,0,0,0,0,,
2022-12-30,07:30,11.4,10,92,NORTH,0,0,1024.21,0,0,0,0,,
2022-12-30,07:45,11.2,10,92,NORTH,0,0,1024.38,0,0,0,0,,
2022-12-30,08:00,11.1,9.4,91,NORTH,0,0,1024.55,0,0,0,11,,
2022-12-30,08:15,10.9,9.4,91,NORTH,0,0,1024.45,0,0,0,16,,
2022-12-30,08:30,10.8,9.4,91,NORTH,0,0,1024.69,0,0,0,19,,
2022-12-30,08:45,10.6,8.9,91,SE,1.6,4.8,1024.59,0,0,0,62,,
2022-12-30,09:00,10.9,9.4,91,NORTH,0,4.8,1024.79,0,0,0,134,,
2022-12-30,09:15,11.7,10,89,NORTH,0,1.6,1025.06,0,0,0,192,,
2022-12-30,09:30,12.4,10,88,NORTH,0,1.6,1025.33,0,0,0,213,,
2022-12-30,09:45,12.7,10.6,88,NORTH,0,1.6,1025.43,0,0,0,267,,
2022-12-30,10:00,13.2,10.6,86,NORTH,0,3.2,1025.43,0,0,1,302,,
2022-12-30,10:15,13.7,10.6,83,NORTH,0,3.2,1025.77,0,0,1,318,,
2022-12-30,10:30,13.8,10.6,82,SE,3.2,4.8,1025.7,0,0,1,362,,
2022-12-30,10:45,14,10.6,82,NORTH,0,4.8,1025.77,0,0,1,346,,
2022-12-30,11:00,14,11.1,85,ESE,1.6,4.8,1025.8,0,0,1,360,,
2022-12-30,11:15,14.2,11.7,85,ESE,4.8,6.4,1025.87,0,0,1,397,,
2022-12-30,11:30,13.9,11.7,86,EAST,6.4,12.9,1025.87,0,0,1,434,,
2022-12-30,11:45,14.3,11.7,85,ENE,6.4,12.9,1025.6,0,0,1,396,,
2022-12-30,12:00,15,11.7,82,SSE,6.4,11.3,1025.74,0,0,1,441,,
2022-12-30,12:15,14.3,11.1,82,ESE,3.2,11.3,1025.64,0,0,1,388,,
2022-12-30,12:30,14.6,11.1,82,,3.2,6.4,1025.67,0,0,1,392,,
2022-12-30,12:45,15.2,11.7,80,ENE,3.2,4.8,1025.3,0,0,1,431,,
2022-12-30,13:00,15.5,11.7,80,NW,1.6,17.7,1025.47,0,0,1,434,,
2022-12-30,13:15,15.6,11.7,77,WNW,11.3,17.7,1025.43,0,0,1,425,,
2022-12-30,13:30,15.6,11.7,77,WNW,6.4,14.5,1025.4,0,0,1,406,,
2022-12-30,13:45,15.6,11.7,77,WEST,3.2,14.5,1025.33,0,0,1,438,,
2022-12-30,14:00,15.4,11.7,78,WNW,6.4,20.9,1025.4,0,0,1,420,,
2022-12-30,14:15,15.7,11.7,79,WSW,3.2,16.1,1025.26,0,0,1,353,,
2022-12-30,14:30,15.6,11.7,79,WNW,14.5,19.3,1025.26,0,0,1,404,,
2022-12-30,14:45,15.7,11.7,79,WNW,9.7,17.7,1025.26,0,0,1,327,,
2022-12-30,15:00,15.7,11.7,78,WNW,19.3,19.3,1025.23,0,0,1,285,,
2022-12-30,15:15,15.8,11.7,78,SW,4.8,22.5,1025.33,0,0,0,241,,
2022-12-30,15:30,15.2,11.1,77,WSW,3.2,17.7,1025.36,0,0,0,104,,
2022-12-30,15:45,14.9,11.1,80,WSW,4.8,12.9,1025.74,0,0,0,76,,
2022-12-30,16:00,14.7,11.7,83,WNW,4.8,12.9,1025.67,0,0,0,49,,
2022-12-30,16:15,14.4,11.7,85,WNW,9.7,9.7,1025.84,0,0,0,44,,
2022-12-30,16:30,14.2,11.7,85,NORTH,0,8,1026.01,0,0,0,39,,
2022-12-30,16:45,13.9,11.7,86,NORTH,0,1.6,1026.04,0,0,0,25,,
2022-12-30,17:00,13.8,11.1,86,WSW,1.6,3.2,1026.14,0,0,0,11,,
2022-12-30,17:15,13.5,11.1,86,WSW,1.6,3.2,1026.21,0,0,0,0,,
2022-12-30,17:30,13.2,10.6,86,WSW,1.6,3.2,1026.52,0,0,0,0,,
2022-12-30,17:45,13.1,10.6,87,SSW,1.6,4.8,1026.58,0,0,0,0,,
2022-12-30,18:00,13.3,11.1,87,NORTH,0,8,1026.65,0,0,0,0,,
2022-12-30,18:15,13.6,11.1,87,WEST,1.6,6.4,1026.85,0,0,0,0,,
2022-12-30,18:30,13.4,11.1,87,NORTH,0,1.6,1027.09,0,0,0,0,,
2022-12-30,18:45,13.1,10.6,87,WEST,1.6,3.2,1027.19,0,0,0,0,,
2022-12-30,19:00,12.7,10.6,87,NORTH,0,4.8,1027.19,0,0,0,0,,
2022-12-30,19:15,12.5,10.6,88,SSE,3.2,3.2,1027.29,0,0,0,0,,
2022-12-30,19:30,12.3,10.6,88,SSE,1.6,4.8,1027.26,0,0,0,0,,
2022-12-30,19:45,12.3,10.6,89,SSE,1.6,4.8,1027.5,0,0,0,0,,
2022-12-30,20:00,12.2,10.6,90,SSE,3.2,6.4,1027.43,0,0,0,0,,
2022-12-30,20:15,12,10,90,SSE,3.2,6.4,1027.36,0,0,0,0,,
2022-12-30,20:30,12.3,10.6,91,SSE,4.8,6.4,1027.4,0,0,0,0,,
2022-12-30,20:45,12.5,11.1,91,SSE,4.8,8,1027.29,0,0,0,0,,
2022-12-30,21:00,12.3,10.6,91,SSE,4.8,4.8,1027.19,0,0,0,0,,
2022-12-30,21:15,12,10.6,90,SSE,3.2,6.4,1026.99,0,0,0,0,,
2022-12-30,21:30,12.1,10.6,91,ESE,6.4,12.9,1027.06,0,0,0,0,,
2022-12-30,21:45,12.3,10.6,91,ESE,3.2,6.4,1027.13,0,0,0,0,,
2022-12-30,22:00,12.2,10.6,91,ESE,1.6,4.8,1027.16,0,0,0,0,,
2022-12-30,22:15,11.7,10,91,ESE,6.4,6.4,1027.23,0,0,0,0,,
2022-12-30,22:30,11.6,10,91,SE,6.4,8,1027.29,0,0,0,0,,
2022-12-30,22:45,11.3,10,91,NORTH,0,11.3,1027.63,0,0,0,0,,
2022-12-30,23:00,11.6,10,91,NORTH,0,3.2,1027.87,0,0,0,0,,
2022-12-30,23:15,11.7,10,92,NORTH,0,4.8,1027.77,0,0,0,0,,
2022-12-30,23:30,11.7,10,92,NORTH,0,4.8,1027.8,0,0,0,0,,
2022-12-30,23:45,11.3,10,91,NORTH,0,3.2,1028.01,0,0,0,0,,
2022-12-30,OVR,,,,,,,,,,,,gustmax,19.3
2022-12-30,OVR,,,,,,,,,,,,rainrate_max,0
2022-12-30,OVR,,,,,,,,,,,,rain_total_mm,0
2022-12-30,OVR,,,,,,,,,,,,tmax,15.9
2022-12-30,OVR,,,,,,,,,,,,tmin,9.8
2022-12-30,OVR,,,,,,,,,,,,wind_dir_mean_deg,135
2022-12-31,00:00,11.3,10,92,SE,1.6,3.2,1027.97,0,0,0,0,,
2022-12-31,00:15,11,9.4,92,SE,1.6,6.4,1027.94,0,0,0,0,,
2022-12-31,00:30,10.9,9.4,92,SE,1.6,3.2,1027.9,0,0,0,0,,
2022-12-31,00:45,10.9,9.4,92,SE,1.6,4.8,1027.9,0,0,0,0,,
2022-12-31,01:00,10.9,9.4,92,NORTH,0,4.8,1028.01,0,0,0,0,,
2022-12-31,01:15,11,10,93,SE,1.6,3.2,1028.04,0,0,0,0,,
2022-12-31,01:30,11.3,10,93,ESE,1.6,4.8,1027.87,0,0,0,0,,
2022-12-31,01:45,11,9.4,93,ESE,1.6,4.8,1027.9,0,0,0,0,,
2022-12-31,02:00,10.9,9.4,93,ESE,1.6,4.8,1027.84,0,0,0,0,,
2022-12-31,02:15,10.8,9.4,93,ESE,3.2,3.2,1027.94,0,0,0,0,,
2022-12-31,02:30,10.8,9.4,93,ESE,3.2,3.2,1028.04,0,0,0,0,,
2022-12-31,02:45,10.9,9.4,93,EAST,4.8,8,1028.24,0,0,0,0,,
2022-12-31,03:00,11.1,10,93,ESE,9.7,12.9,1028.21,0,0,0,0,,
2022-12-31,03:15,11.1,10,94,EAST,9.7,12.9,1028.14,0,0,0,0,,
2022-12-31,03:30,11.2,10,94,ESE,3.2,12.9,1027.9,0,0,0,0,,
2022-12-31,03:45,10.9,10,94,ESE,4.8,9.7,1027.84,0.25,0.25,0,0,,
2022-12-31,04:00,11.1,10,94,ESE,6.4,11.3,1027.97,0.25,0.25,0,0,,
2022-12-31,04:15,10.9,10,94,ESE,3.2,6.4,1028.18,0.25,0.25,0,0,,
2022-12-31,04:30,10.8,9.4,94,ESE,3.2,9.7,1028.11,0.25,0.25,0,0,,
2022-12-31,04:45,10.9,10,94,ESE,6.4,6.4,1028.11,0.25,0,0,0,,
2022-12-31,05:00,10.8,9.4,94,EAST,1.6,6.4,1028.04,0.25,0,0,0,,
2022-12-31,05:15,10.7,9.4,94,ESE,4.8,6.4,1028.11,0.25,0,0,0,,
2022-12-31,05:30,10.6,9.4,94,ESE,1.6,6.4,1028.28,0.25,0,0,0,,
2022-12-31,05:45,10.6,9.4,94,ESE,1.6,4.8,1028.28,0.25,0,0,0,,
2022-12-31,06:00,10.4,9.4,94,ESE,1.6,4.8,1028.28,0.25,0,0,0,,
2022-12-31,06:15,10.7,9.4,94,ESE,1.6,4.8,1028.38,0.25,0,0,0,,
2022-12-31,06:30,10.7,9.4,94,ESE,1.6,3.2,1028.62,0.25,0,0,0,,
2022-12-31,06:45,10.7,9.4,94,ESE,3.2,4.8,1028.55,0.25,0,0,0,,
2022-12-31,07:00,10.7,9.4,94,EAST,4.8,11.3,1028.51,0.25,0,0,0,,
2022-12-31,07:15,10.7,9.4,94,ESE,9.7,11.3,1028.75,0.25,0,0,0,,
2022-12-31,07:30,10.8,9.4,94,ESE,9.7,11.3,1028.75,0.25,0,0,0,,
2022-12-31,07:45,10.8,9.4,94,EAST,4.8,12.9,1029.06,0.25,0,0,7,,
2022-12-31,08:00,10.8,9.4,93,ESE,6.4,9.7,1029.23,0.25,0,0,16,,
2022-12-31,08:15,10.9,10,94,ESE,4.8,9.7,1029.36,0.25,0,0,26,,
2022-12-31,08:30,11.1,10,93,ESE,4.8,9.7,1029.63,0.25,0,0,46,,
2022-12-31,08:45,11.5,10,93,ESE,4.8,6.4,1029.7,0.25,0,0,105,,
2022-12-31,09:00,12.2,10.6,92,ESE,4.8,6.4,1029.67,0.25,0,0,192,,
2022-12-31,09:15,12.7,11.1,91,ESE,3.2,9.7,1029.87,0.25,0,0,209,,
2022-12-31,09:30,12.9,11.1,90,ESE,4.8,9.7,1030.04,0.25,0,0,199,,
2022-12-31,09:45,13.1,11.1,89,EAST,6.4,9.7,1030.31,0.25,0,0,192,,
2022-12-31,10:00,12.8,10.6,89,SE,4.8,11.3,1030.44,0.25,0,1,186,,
2022-12-31,10:15,13.1,11.1,89,ESE,9.7,12.9,1030.44,0.25,0,1,313,,
2022-12-31,10:30,13.3,11.1,87,EAST,9.7,12.9,1030.48,0.25,0,1,290,,
2022-12-31,10:45,13.8,11.1,85,ESE,6.4,11.3,1030.31,0.25,0,1,304,,
2022-12-31,11:00,14.2,11.7,86,EAST,1.6,11.3,1030.31,0.25,0,1,258,,
2022-12-31,11:15,14.4,11.7,84,EAST,3.2,9.7,1030.34,0.25,0,1,427,,
2022-12-31,11:30,14.7,11.7,83,EAST,6.4,9.7,1030.07,0.25,0,1,462,,
2022-12-31,11:45,15,11.7,82,EAST,4.8,9.7,1029.9,0.25,0,2,587,,
2022-12-31,12:00,15.2,11.7,81,ESE,3.2,6.4,1029.7,0.25,0,1,355,,
2022-12-31,12:15,15.2,11.7,80,NNE,3.2,6.4,1029.63,0.25,0,1,410,,
2022-12-31,12:30,15.3,11.7,81,EAST,4.8,6.4,1029.56,0.25,0,1,323,,
2022-12-31,12:45,15.7,12.2,81,ESE,4.8,9.7,1029.33,0.25,0,2,508,,
2022-12-31,13:00,15.6,11.7,79,EAST,4.8,11.3,1029.26,0.25,0,2,462,,
2022-12-31,13:15,15.9,12.2,79,ESE,4.8,6.4,1029.12,0.25,0,1,445,,
2022-12-31,13:30,16.2,12.2,77,EAST,1.6,6.4,1029.12,0.25,0,1,427,,
2022-12-31,13:45,16.2,11.7,76,ESE,6.4,9.7,1028.85,0.25,0,1,411,,
2022-12-31,14:00,16.5,11.7,74,SE,4.8,4.8,1028.89,0.25,0,1,388,,
2022-12-31,14:15,16.6,11.7,75,EAST,1.6,9.7,1028.89,0.25,0,1,359,,
2022-12-31,14:30,16.4,11.7,75,SSE,4.8,9.7,1028.95,0.25,0,1,316,,
2022-12-31,14:45,16.6,11.7,74,SOUTH,1.6,6.4,1028.95,0.25,0,1,294,,
2022-12-31,15:00,16.6,12.2,77,SE,6.4,8,1028.82,0.25,0,1,269,,
2022-12-31,15:15,16.4,12.2,78,SSE,8,11.3,1028.75,0.25,0,0,216,,
2022-12-31,15:30,16.3,12.2,78,SE,6.4,14.5,1028.85,0.25,0,0,199,,
2022-12-31,15:45,16.2,12.2,78,SE,4.8,12.9,1028.75,0.25,0,0,160,,
2022-12-31,16:00,16.1,12.2,78,SE,3.2,12.9,1029.06,0.25,0,0,118,,
2022-12-31,16:15,15.8,11.7,76,SE,8,12.9,1029.12,0.25,0,0,88,,
2022-12-31,16:30,15.6,11.7,77,SE,6.4,8,1029.16,0.25,0,0,56,,
2022-12-31,16:45,15.2,11.1,79,SE,4.8,8,1029.33,0.25,0,0,30,,
2022-12-31,17:00,14.9,11.1,80,SE,6.4,8,1029.53,0.25,0,0,14,,
2022-12-31,17:15,14.6,11.7,82,SE,8,11.3,1029.5,0.25,0,0,0,,
2022-12-31,17:30,14.2,11.1,84,SE,8,11.3,1029.5,0.25,0,0,0,,
2022-12-31,17:45,13.8,11.1,86,SE,6.4,11.3,1029.73,0.25,0,0,0,,
2022-12-31,18:00,13.7,11.7,87,SE,11.3,11.3,1029.77,0.25,0,0,0,,
2022-12-31,18:15,13.6,11.7,88,SE,8,11.3,1030.04,0.25,0,0,0,,
2022-12-31,18:30,13.5,11.1,88,SE,8,14.5,1030.11,0.25,0,0,0,,
2022-12-31,18:45,12.9,10.6,88,SE,6.4,14.5,1030.51,0.25,0,0,0,,
2022-12-31,19:00,12.7,10.6,87,SE,8,14.5,1030.48,0.25,0,0,0,,
2022-12-31,19:15,12.8,10.6,87,SE,8,12.9,1030.61,0.25,0,0,0,,
2022-12-31,19:30,12.7,10,86,SE,8,12.9,1030.48,0.25,0,0,0,,
2022-12-31,19:45,12.7,10,85,SE,11.3,14.5,1030.75,0.25,0,0,0,,
2022-12-31,20:00,12.7,10,86,SE,8,12.9,1030.99,0.25,0,0,0,,
2022-12-31,20:15,12.8,10.6,87,SE,6.4,11.3,1030.92,0.25,0,0,0,,
2022-12-31,20:30,12.6,10,86,ESE,3.2,6.4,1031.19,0.25,0,0,0,,
2022-12-31,20:45,12.2,9.4,86,EAST,6.4,6.4,1031.22,0.25,0,0,0,,
2022-12-31,21:00,12.1,9.4,85,EAST,4.8,4.8,1031.16,0.25,0,0,0,,
2022-12-31,21:15,12.4,10,87,ESE,1.6,9.7,1031.09,0.25,0,0,0,,
2022-12-31,21:30,12.2,10,87,ESE,4.8,6.4,1031.16,0.25,0,0,0,,
2022-12-31,21:45,12.1,10,88,EAST,3.2,4.8,1031.19,0.25,0,0,0,,
2022-12-31,22:00,11.9,10,88,ESE,3.2,6.4,1030.95,0.25,0,0,0,,
2022-12-31,22:15,11.9,10,88,ESE,1.6,6.4,1031.19,0.25,0,0,0,,
2022-12-31,22:30,12,10,88,ESE,4.8,11.3,1030.75,0.25,0,0,0,,
2022-12-31,22:45,11.9,10,89,ESE,4.8,9.7,1030.75,0.25,0,0,0,,
2022-12-31,23:00,12,10,89,ESE,9.7,11.3,1030.72,0.25,0,0,0,,
2022-12-31,23:15,11.9,10,88,ESE,4.8,11.3,1030.82,0.25,0,0,0,,
2022-12-31,23:30,12.1,10,88,ESE,6.4,6.4,1030.92,0.25,0,0,0,,
2022-12-31,23:45,11.9,9.4,87,ESE,3.2,4.8,1030.88,0.25,0,0,0,,
2022-12-31,OVR,,,,,,,,,,,,gustmax,11.3
2022-12-31,OVR,,,,,,,,,,,,rainrate_max,0.2
2022-12-31,OVR,,,,,,,,,,,,rain_total_mm,0.2
2022-12-31,OVR,,,,,,,,,,,,tmax,16.8
2022-12-31,OVR,,,,,,,,,,,,tmin,10.4
2022-12-31,OVR,,,,,,,,,,,,wind_dir_mean_deg,112.5
