date,time,temp_c,dewpoint_c,rh_pct,wind_dir_txt,wind_kmh,gust_kmh,press_hpa,rain_acc_mm,rain_rate_mmph,uv,solar_wm2,key,value
2022-06-01,00:00,19.8,15,74,WNW,3.2,4.8,1017.1,0,0,0,0,,
2022-06-01,00:15,19.7,14.4,73,WNW,3.2,4.8,1017.14,0,0,0,0,,
2022-06-01,00:30,20,14.4,70,NORTH,0,6.4,1017.27,0,0,0,0,,
2022-06-01,00:45,19.8,14.4,73,NORTH,0,6.4,1017,0,0,0,0,,
2022-06-01,01:00,19.8,15,75,NORTH,0,3.2,1016.97,0,0,0,0,,
2022-06-01,01:15,18.4,14.4,79,NNE,1.6,3.2,1016.9,0,0,0,0,,
2022-06-01,01:30,18.7,14.4,76,NORTH,0,3.2,1016.97,0,0,0,0,,
2022-06-01,01:45,18.5,13.9,75,EAST,1.6,3.2,1016.86,0,0,0,0,,
2022-06-01,02:00,18.1,13.9,79,EAST,3.2,4.8,1017.1,0,0,0,0,,
2022-06-01,02:15,17.7,13.9,80,EAST,4.8,6.4,1017,0,0,0,0,,
2022-06-01,02:30,17.8,13.9,78,NORTH,0,4.8,1016.86,0,0,0,0,,
2022-06-01,02:45,18.4,13.9,76,EAST,1.6,4.8,1016.7,0,0,0,0,,
2022-06-01,03:00,17.8,13.3,77,NORTH,0,0,1016.66,0,0,0,0,,
2022-06-01,03:15,18.3,13.9,77,NORTH,0,3.2,1016.76,0,0,0,0,,
2022-06-01,03:30,17.9,13.9,78,EAST,1.6,3.2,1016.59,0,0,0,0,,
2022-06-01,03:45,19.6,13.9,71,NORTH,0,3.2,1016.56,0,0,0,0,,
2022-06-01,04:00,19.9,13.9,69,NORTH,0,3.2,1016.66,0,0,0,0,,
2022-06-01,04:15,19.1,13.3,69,EAST,1.6,3.2,1016.7,0,0,0,0,,
2022-06-01,04:30,19.1,13.3,69,EAST,3.2,4.8,1016.56,0,0,0,0,,
2022-06-01,04:45,19.2,13.3,69,NORTH,0,3.2,1016.53,0,0,0,0,,
2022-06-01,05:00,19.6,13.3,67,EAST,1.6,3.2,1016.32,0,0,0,0,,
2022-06-01,05:15,18.9,13.3,70,NORTH,0,0,1016.22,0,0,0,0,,
2022-06-01,05:30,18.7,13.3,72,NORTH,0,0,1016.29,0,0,0,0,,
2022-06-01,05:45,18.4,12.8,71,NORTH,0,0,1016.36,0,0,0,0,,
2022-06-01,06:00,18.3,12.8,71,NORTH,0,1.6,1016.49,0,0,0,0,,
2022-06-01,06:15,18.5,13.3,71,NORTH,0,1.6,1016.53,0,0,0,14,,
2022-06-01,06:30,18.7,13.3,71,NORTH,0,3.2,1016.46,0,0,0,33,,
2022-06-01,06:45,17.9,12.8,73,NORTH,0,1.6,1016.42,0,0,0,60,,
2022-06-01,07:00,18,13.3,74,EAST,1.6,3.2,1016.32,0,0,0,86,,
2022-06-01,07:15,20.3,12.8,62,EAST,3.2,6.4,1016.12,0,0,0,144,,
2022-06-01,07:30,21.1,12.2,58,EAST,3.2,4.8,1016.22,0,0,0,178,,
2022-06-01,07:45,22.1,12.8,57,EAST,1.6,3.2,1016.05,0,0,0,221,,
2022-06-01,08:00,21.9,12.8,58,EAST,3.2,4.8,1016.05,0,0,1,253,,
2022-06-01,08:15,22.6,13.9,58,EAST,3.2,6.4,1016.02,0,0,1,295,,
2022-06-01,08:30,23.8,13.9,54,EAST,1.6,3.2,1016.22,0,0,1,364,,
2022-06-01,08:45,23.3,12.8,52,EAST,3.2,4.8,1016.46,0,0,1,413,,
2022-06-01,09:00,23.9,12.2,48,ENE,4.8,8,1016.59,0,0,2,450,,
2022-06-01,09:15,25.3,12.2,44,ENE,1.6,4.8,1016.83,0,0,2,489,,
2022-06-01,09:30,25.6,12.8,45,NE,4.8,6.4,1016.73,0,0,2,480,,
2022-06-01,09:45,25.9,12.2,43,NORTH,1.6,6.4,1016.86,0,0,3,487,,
2022-06-01,10:00,27.1,12.8,42,NORTH,3.2,4.8,1016.83,0,0,3,527,,
2022-06-01,10:15,27.9,13.3,40,NORTH,1.6,6.4,1016.93,0,0,3,621,,
2022-06-01,10:30,28.2,13.9,41,ENE,1.6,6.4,1017,0,0,4,698,,
2022-06-01,10:45,28.1,13.9,42,ESE,4.8,11.3,1017,0,0,4,738,,
2022-06-01,11:00,28.7,14.4,41,ESE,3.2,11.3,1017.1,0,0,4,772,,
2022-06-01,11:15,29.6,13.9,38,NORTH,0,17.7,1017.1,0,0,5,817,,
2022-06-01,11:30,30.3,9.4,27,ESE,3.2,11.3,1017.07,0,0,5,844,,
2022-06-01,11:45,30.3,10.6,30,SSE,8,11.3,1017.2,0,0,5,868,,
2022-06-01,12:00,30.5,12.2,32,SE,1.6,8,1017.37,0,0,6,877,,
2022-06-01,12:15,31.1,11.7,30,SE,16.1,14.5,1017.34,0,0,6,900,,
2022-06-01,12:30,31,11.7,31,SSE,11.3,17.7,1017.37,0,0,6,911,,
2022-06-01,12:45,31.4,11.7,29,NORTH,0,19.3,1017.41,0,0,6,914,,
2022-06-01,13:00,31.6,12.8,31,SE,12.9,14.5,1017.34,0,0,6,919,,
2022-06-01,13:15,31.7,11.7,29,NORTH,0,16.1,1017.24,0,0,6,925,,
2022-06-01,13:30,31.7,11.1,28,SOUTH,3.2,11.3,1017.54,0,0,6,918,,
2022-06-01,13:45,32.4,11.1,28,SSW,3.2,11.3,1017.37,0,0,6,925,,
2022-06-01,14:00,32.1,10.6,27,SE,12.9,19.3,1017.1,0,0,6,916,,
2022-06-01,14:15,32.7,10,25,WNW,14.5,16.1,1017.03,0,0,6,909,,
2022-06-01,14:30,32.9,9.4,23,WEST,6.4,20.9,1016.86,0,0,6,889,,
2022-06-01,14:45,32.7,13.3,31,WEST,19.3,27.4,1016.93,0,0,6,863,,
2022-06-01,15:00,32.3,14.4,35,WEST,17.7,24.1,1016.93,0,0,6,847,,
2022-06-01,15:15,32.2,13.9,33,WEST,4.8,22.5,1016.93,0,0,5,823,,
2022-06-01,15:30,31.7,12.8,32,WNW,19.3,29,1016.97,0,0,5,798,,
2022-06-01,15:45,31.9,12.8,31,WEST,14.5,25.7,1016.8,0,0,5,772,,
2022-06-01,16:00,31.9,12.8,31,NE,9.7,25.7,1016.76,0,0,4,738,,
2022-06-01,16:15,31.7,12.8,32,WEST,12.9,27.4,1016.97,0,0,4,700,,
2022-06-01,16:30,31.5,13.9,35,NE,14.5,24.1,1017.07,0,0,3,663,,
2022-06-01,16:45,31.1,12.2,32,NW,17.7,27.4,1017.1,0,0,3,621,,
2022-06-01,17:00,30.7,14.4,37,WEST,12.9,30.6,1016.9,0,0,3,573,,
2022-06-01,17:15,30.2,14.4,38,WEST,19.3,25.7,1017,0,0,2,527,,
2022-06-01,17:30,29.6,15,41,WEST,16.1,24.1,1017.03,0,0,2,482,,
2022-06-01,17:45,29.3,15,42,WEST,4.8,16.1,1016.93,0,0,2,436,,
2022-06-01,18:00,28.7,15,43,WEST,1.6,14.5,1016.66,0,0,1,387,,
2022-06-01,18:15,27.8,15,46,WEST,16.1,19.3,1016.73,0,0,1,336,,
2022-06-01,18:30,27.2,14.4,46,NE,6.4,16.1,1016.76,0,0,1,288,,
2022-06-01,18:45,26.6,14.4,48,ENE,12.9,24.1,1016.86,0,0,1,244,,
2022-06-01,19:00,26.1,15,50,WNW,8,20.9,1016.9,0,0,0,195,,
2022-06-01,19:15,25.7,15,52,WNW,9.7,17.7,1016.9,0,0,0,148,,
2022-06-01,OVR,,,,,,,,,,,,gustmax,19.3
2022-06-01,OVR,,,,,,,,,,,,rainrate_max,0
2022-06-01,OVR,,,,,,,,,,,,rain_total_mm,0
2022-06-01,OVR,,,,,,,,,,,,tmax,33.1
2022-06-01,OVR,,,,,,,,,,,,tmin,17.3
2022-06-01,OVR,,,,,,,,,,,,wind_dir_mean_deg,67.5
2022-06-02,18:00,30.9,8.9,26,SE,22.5,32.2,1016.19,0,0,1,359,,
2022-06-02,18:15,30.8,8.9,26,SE,19.3,32.2,1016.36,0,0,1,279,,
2022-06-02,18:30,30.8,9.4,26,SE,19.3,29,1016.36,0,0,1,200,,
2022-06-02,18:45,30.3,8.9,27,SE,19.3,27.4,1016.19,0,0,1,218,,
2022-06-02,19:00,29.9,9.4,28,SE,17.7,25.7,1016.32,0,0,0,72,,
2022-06-02,19:15,29.6,10,29,SE,20.9,24.1,1016.36,0,0,0,69,,
2022-06-02,19:30,29.1,10,31,SE,17.7,24.1,1016.29,0,0,0,47,,
2022-06-02,19:45,28.5,10,32,ESE,12.9,16.1,1016.49,0,0,0,40,,
2022-06-02,20:00,28.1,10.6,33,SE,14.5,20.9,1016.49,0,0,0,25,,
2022-06-02,20:15,27.6,10.6,34,SE,12.9,22.5,1016.56,0,0,0,16,,
2022-06-02,20:30,27.3,10.6,36,SE,12.9,22.5,1016.59,0,0,0,14,,
2022-06-02,20:45,26.8,10.6,36,SE,12.9,20.9,1016.76,0,0,0,0,,
2022-06-02,21:00,26.4,10,36,ESE,11.3,20.9,1016.76,0,0,0,0,,
2022-06-02,21:15,26.3,10.6,37,SE,11.3,19.3,1016.76,0,0,0,0,,
2022-06-02,21:30,26.2,10,36,ESE,6.4,19.3,1016.8,0,0,0,0,,
2022-06-02,21:45,26,10,36,ESE,9.7,16.1,1016.9,0,0,0,0,,
2022-06-02,22:00,26.1,8.9,34,ESE,14.5,24.1,1016.9,0,0,0,0,,
2022-06-02,22:15,26.2,8.9,34,SE,12.9,20.9,1016.9,0,0,0,0,,
2022-06-02,22:30,25.9,8.9,34,SE,12.9,16.1,1017.17,0,0,0,0,,
2022-06-02,22:45,25.6,9.4,36,SE,24.1,22.5,1016.83,0,0,0,0,,
2022-06-02,23:00,25.4,10,38,ESE,17.7,30.6,1017.03,0,0,0,0,,
2022-06-02,23:15,24.8,10,39,ESE,19.3,24.1,1017.1,0,0,0,0,,
2022-06-02,23:30,24.7,10,40,ESE,16.1,25.7,1017.1,0,0,0,0,,
2022-06-02,23:45,24.5,10.6,42,SE,17.7,29,1016.93,0,0,0,0,,
2022-06-02,OVR,,,,,,,,,,,,gustmax,46.7
2022-06-02,OVR,,,,,,,,,,,,rainrate_max,0
2022-06-02,OVR,,,,,,,,,,,,rain_total_mm,0
2022-06-02,OVR,,,,,,,,,,,,tmax,31.4
2022-06-02,OVR,,,,,,,,,,,,tmin,19.7
2022-06-02,OVR,,,,,,,,,,,,wind_dir_mean_deg,112.5
2022-06-03,00:00,24.8,9.4,39,SE,11.3,19.3,1017.1,0,0,0,0,,
2022-06-03,00:15,24.8,9.4,39,SE,9.7,11.3,1017.24,0,0,0,0,,
2022-06-03,00:30,24.2,11.1,44,ESE,14.5,20.9,1017.37,0,0,0,0,,
2022-06-03,00:45,23.9,11.1,45,ESE,17.7,20.9,1017.03,0,0,0,0,,
2022-06-03,01:00,24.3,10.6,42,ESE,11.3,12.9,1016.83,0,0,0,0,,
2022-06-03,01:15,24.4,10,41,ESE,6.4,12.9,1016.73,0,0,0,0,,
2022-06-03,01:30,24.1,10.6,43,ESE,4.8,16.1,1016.56,0,0,0,0,,
2022-06-03,01:45,24.3,10,41,SE,8,17.7,1016.7,0,0,0,0,,
2022-06-03,02:00,24.1,10,42,ESE,4.8,9.7,1016.76,0,0,0,0,,
2022-06-03,02:15,23.4,11.1,46,SE,12.9,16.1,1016.73,0,0,0,0,,
2022-06-03,02:30,23.5,11.7,48,ESE,16.1,22.5,1016.49,0,0,0,0,,
2022-06-03,02:45,23.6,12.2,49,SE,16.1,24.1,1016.46,0,0,0,0,,
2022-06-03,03:00,23.6,12.2,50,SE,20.9,27.4,1016.46,0,0,0,0,,
2022-06-03,03:15,23.9,12.2,49,ESE,20.9,30.6,1016.22,0,0,0,0,,
2022-06-03,03:30,23.8,12.2,49,ESE,16.1,29,1016.36,0,0,0,0,,
2022-06-03,03:45,24.4,12.2,47,SE,19.3,24.1,1016.22,0,0,0,0,,
2022-06-03,04:00,24.3,12.2,48,ESE,16.1,32.2,1016.09,0,0,0,0,,
2022-06-03,04:15,24.4,12.2,47,ESE,9.7,25.7,1016.05,0,0,0,0,,
2022-06-03,04:30,23,12.8,52,EAST,6.4,16.1,1016.09,0,0,0,0,,
2022-06-03,04:45,22.6,12.2,53,EAST,3.2,6.4,1016.32,0,0,0,0,,
2022-06-03,05:00,23.6,11.1,45,ESE,4.8,9.7,1016.32,0,0,0,0,,
2022-06-03,05:15,23.9,10.6,43,EAST,6.4,11.3,1016.29,0,0,0,0,,
2022-06-03,05:30,24.2,9.4,40,ESE,9.7,11.3,1016.02,0,0,0,0,,
2022-06-03,05:45,24.2,8.9,38,ESE,11.3,12.9,1016.05,0,0,0,0,,
2022-06-03,06:00,24.8,8.3,36,ESE,11.3,16.1,1016.09,0,0,0,0,,
2022-06-03,06:15,24.8,8.3,36,EAST,16.1,16.1,1015.85,0,0,0,16,,
2022-06-03,06:30,24.9,8.3,36,ESE,11.3,19.3,1015.98,0,0,0,33,,
2022-06-03,06:45,25.4,9.4,37,SE,8,19.3,1015.95,0,0,0,58,,
2022-06-03,07:00,25.8,10,37,ESE,6.4,16.1,1016.09,0,0,0,91,,
2022-06-03,07:15,25.7,10,37,ESE,6.4,17.7,1016.22,0,0,0,142,,
2022-06-03,07:30,26.1,10,37,ESE,9.7,19.3,1015.95,0,0,0,146,,
2022-06-03,07:45,26.2,10,37,EAST,4.8,12.9,1016.29,0,0,0,227,,
2022-06-03,08:00,26.6,10.6,37,ESE,9.7,14.5,1016.53,0,0,1,243,,
2022-06-03,08:15,27.2,11.1,37,ESE,4.8,16.1,1016.19,0,0,1,258,,
2022-06-03,08:30,27.7,11.1,36,ESE,9.7,17.7,1016.29,0,0,1,360,,
2022-06-03,08:45,28,11.1,36,ENE,8,19.3,1016.56,0,0,1,392,,
2022-06-03,09:00,28.3,11.7,36,ESE,12.9,19.3,1016.53,0,0,2,434,,
2022-06-03,09:15,28.8,12.2,37,ESE,1.6,14.5,1016.7,0,0,2,462,,
2022-06-03,09:30,29.4,12.2,35,ESE,11.3,20.9,1016.73,0,0,2,510,,
2022-06-03,09:45,29.7,12.2,34,ESE,14.5,30.6,1016.83,0,0,3,508,,
2022-06-03,10:00,30.1,13.3,36,ESE,8,27.4,1016.76,0,0,3,494,,
2022-06-03,10:15,30.4,13.9,37,SE,22.5,32.2,1016.7,0,0,3,650,,
2022-06-03,10:30,30.4,14.4,38,EAST,20.9,33.8,1016.59,0,0,4,592,,
2022-06-03,10:45,30.1,15,39,ESE,25.7,33.8,1016.83,0,0,3,592,,
2022-06-03,11:00,30.7,14.4,37,ESE,33.8,35.4,1016.86,0,0,5,791,,
2022-06-03,11:15,30.8,14.4,37,ESE,20.9,35.4,1017.07,0,0,4,656,,
2022-06-03,11:30,30.8,14.4,37,SE,16.1,33.8,1017.1,0,0,5,788,,
2022-06-03,11:45,31.6,15,37,SE,22.5,30.6,1017.44,0,0,6,854,,
2022-06-03,12:00,31.7,15,37,ESE,19.3,32.2,1017.2,0,0,6,833,,
2022-06-03,12:15,32,15,36,ESE,14.5,29,1017.37,0,0,6,912,,
2022-06-03,12:30,32.6,13.9,33,SE,19.3,25.7,1017.54,0,0,7,1016,,
2022-06-03,12:45,32.4,13.9,32,SE,19.3,30.6,1017.37,0,0,5,585,,
2022-06-03,13:00,31.9,13.9,34,SE,17.7,30.6,1017.37,0,0,4,529,,
2022-06-03,13:15,31.7,14.4,36,SE,14.5,27.4,1017.58,0,0,4,464,,
2022-06-03,13:30,31.7,15,37,SSE,14.5,24.1,1017.64,0,0,4,480,,
2022-06-03,13:45,31.8,15.6,38,SE,19.3,22.5,1017.54,0,0,3,387,,
2022-06-03,14:00,32.4,16.1,38,SE,14.5,24.1,1017.2,0,0,4,587,,
2022-06-03,14:15,32.9,15.6,36,SSE,9.7,25.7,1017.51,0,0,6,909,,
2022-06-03,14:30,33.3,15.6,34,SSE,9.7,24.1,1017.31,0,0,6,956,,
2022-06-03,14:45,34,16.7,35,SSE,1.6,19.3,1017.07,0,0,6,714,,
2022-06-03,15:00,32.7,16.7,39,SSW,4.8,20.9,1017.2,0,0,4,520,,
2022-06-03,15:15,30.6,17.2,45,WEST,11.3,19.3,1017.2,0,0,3,345,,
2022-06-03,15:30,30.7,17.8,46,NORTH,0,20.9,1017.41,0,0,4,960,,
2022-06-03,15:45,30.8,17.8,46,SSE,1.6,16.1,1017.03,0,0,3,485,,
2022-06-03,16:00,30.8,17.2,45,SSE,8,19.3,1017.03,0,0,2,274,,
2022-06-03,16:15,30.6,17.8,46,SE,12.9,22.5,1016.7,0,0,2,216,,
2022-06-03,16:30,30.4,17.8,47,ESE,19.3,20.9,1016.8,0,0,1,218,,
2022-06-03,16:45,30.2,17.8,48,SSE,9.7,24.1,1016.86,0,0,1,183,,
2022-06-03,17:00,29.9,17.8,48,SE,17.7,24.1,1016.66,0,0,2,332,,
2022-06-03,17:15,30.4,18.3,48,SE,8,20.9,1017.14,0,0,2,476,,
2022-06-03,17:30,30.2,17.2,47,SSE,4.8,17.7,1017.03,0,0,2,459,,
2022-06-03,17:45,29.9,17.8,48,SSE,4.8,17.7,1017.07,0,0,2,403,,
2022-06-03,18:00,29.4,17.8,50,ESE,12.9,20.9,1016.97,0,0,1,362,,
2022-06-03,18:15,29.2,17.8,51,SE,6.4,19.3,1017.1,0,0,1,130,,
2022-06-03,18:30,28.8,17.8,52,SE,6.4,16.1,1017.07,0,0,1,269,,
2022-06-03,18:45,28.8,17.8,52,ESE,8,17.7,1016.7,0,0,1,206,,
2022-06-03,19:00,29,16.7,48,SE,12.9,19.3,1017.03,0,0,0,169,,
2022-06-03,19:15,28.4,15.6,47,SE,12.9,22.5,1017.17,0,0,0,137,,
2022-06-03,19:30,27.9,15,46,ESE,12.9,20.9,1017.2,0,0,0,65,,
2022-06-03,19:45,27.2,15.6,49,ESE,12.9,17.7,1017.54,0,0,0,35,,
2022-06-03,20:00,26.9,15.6,50,ESE,11.3,14.5,1017.58,0,0,0,32,,
2022-06-03,20:15,26.4,16.1,53,NORTH,0,9.7,1017.71,0,0,0,23,,
2022-06-03,20:30,26.2,16.1,54,NORTH,0,3.2,1017.81,0,0,0,14,,
2022-06-03,20:45,25.5,16.1,56,ESE,3.2,6.4,1017.85,0,0,0,0,,
2022-06-03,21:00,25.6,16.1,56,ESE,6.4,6.4,1017.61,0,0,0,0,,
2022-06-03,21:15,26.4,16.1,54,ESE,4.8,16.1,1017.61,0,0,0,0,,
2022-06-03,21:30,26.2,16.1,54,SE,3.2,11.3,1017.75,0,0,0,0,,
2022-06-03,21:45,26.4,15.6,52,ESE,4.8,11.3,1017.81,0,0,0,0,,
2022-06-03,22:00,25.6,15.6,54,ESE,6.4,8,1018.22,0,0,0,0,,
2022-06-03,22:15,25.7,15.6,53,ESE,8,12.9,1018.12,0,0,0,0,,
2022-06-03,22:30,26.1,15.6,52,ESE,1.6,12.9,1018.29,0,0,0,0,,
2022-06-03,22:45,25,15.6,56,ESE,4.8,6.4,1018.56,0,0,0,0,,
2022-06-03,23:00,24.4,15.6,59,ESE,3.2,4.8,1018.46,0,0,0,0,,
2022-06-03,23:15,23.6,15.6,60,ESE,3.2,4.8,1018.49,0,0,0,0,,
2022-06-03,23:30,25,15.6,57,ESE,3.2,4.8,1018.42,0,0,0,0,,
2022-06-03,23:45,25.1,15.6,57,ESE,1.6,6.4,1018.35,0,0,0,0,,
2022-06-03,OVR,,,,,,,,,,,,gustmax,33.8
2022-06-03,OVR,,,,,,,,,,,,rainrate_max,0
2022-06-03,OVR,,,,,,,,,,,,rain_total_mm,0
2022-06-03,OVR,,,,,,,,,,,,tmax,34.1
2022-06-03,OVR,,,,,,,,,,,,tmin,22.4
2022-06-03,OVR,,,,,,,,,,,,wind_dir_mean_deg,112.5
2022-06-04,00:00,25.8,16.7,58,ESE,6.4,12.9,1018.39,0,0,0,0,,
2022-06-04,00:15,25.8,16.7,58,EAST,6.4,11.3,1018.22,0,0,0,0,,
2022-06-04,00:30,26.2,16.7,57,EAST,4.8,11.3,1018.08,0,0,0,0,,
2022-06-04,00:45,26.1,16.7,56,ESE,11.3,14.5,1018.05,0,0,0,0,,
2022-06-04,01:00,26,16.7,58,ESE,6.4,14.5,1017.95,0,0,0,0,,
2022-06-04,01:15,26.4,16.7,55,ESE,9.7,11.3,1017.68,0,0,0,0,,
2022-06-04,01:30,26.3,16.7,55,ESE,4.8,14.5,1017.51,0,0,0,0,,
2022-06-04,01:45,25.7,16.7,58,ESE,3.2,6.4,1017.58,0,0,0,0,,
2022-06-04,02:00,26.2,16.1,54,ESE,1.6,6.4,1017.51,0,0,0,0,,
2022-06-04,02:15,26.4,15,49,ESE,9.7,12.9,1017.14,0,0,0,0,,
2022-06-04,02:30,26.5,14.4,48,ESE,3.2,14.5,1017.34,0,0,0,0,,
2022-06-04,02:45,25.3,14.4,51,ESE,4.8,11.3,1017.03,0,0,0,0,,
2022-06-04,03:00,25.4,14.4,51,EAST,3.2,12.9,1016.97,0,0,0,0,,
2022-06-04,03:15,25.2,14.4,52,EAST,3.2,11.3,1017.14,0,0,0,0,,
2022-06-04,03:30,25.8,15,51,ENE,8,12.9,1017.17,0,0,0,0,,
2022-06-04,03:45,26.2,14.4,48,ENE,11.3,16.1,1016.9,0,0,0,0,,
2022-06-04,04:00,26.3,14.4,49,EAST,9.7,16.1,1016.76,0,0,0,0,,
2022-06-04,04:15,26.1,14.4,48,EAST,1.6,14.5,1016.9,0,0,0,0,,
2022-06-04,04:30,25.4,13.9,50,NORTH,0,6.4,1016.86,0,0,0,0,,
2022-06-04,04:45,25.2,13.9,50,NORTH,0,6.4,1016.8,0,0,0,0,,
2022-06-04,05:00,25.8,13.9,47,ESE,1.6,9.7,1016.76,0,0,0,0,,
2022-06-04,05:15,25.9,13.3,46,EAST,6.4,11.3,1016.66,0,0,0,0,,
2022-06-04,05:30,27.3,13.3,43,EAST,11.3,16.1,1016.39,0,0,0,0,,
2022-06-04,05:45,27.8,13.3,41,EAST,14.5,19.3,1016.46,0,0,0,0,,
2022-06-04,06:00,27.3,12.8,41,ENE,11.3,20.9,1016.29,0,0,0,0,,
2022-06-04,06:15,26.9,12.8,43,EAST,8,19.3,1016.46,0,0,0,7,,
2022-06-04,06:30,26.8,12.8,42,EAST,12.9,19.3,1016.29,0,0,0,16,,
2022-06-04,06:45,26.4,12.8,43,NE,17.7,22.5,1016.49,0,0,0,37,,
2022-06-04,07:00,26.9,12.8,42,EAST,20.9,27.4,1016.39,0,0,0,53,,
2022-06-04,07:15,26.9,12.8,41,EAST,14.5,29,1016.53,0,0,0,62,,
2022-06-04,07:30,26.9,12.8,42,EAST,11.3,19.3,1016.59,0,0,0,211,,
2022-06-04,07:45,27.6,12.2,38,EAST,14.5,25.7,1016.93,0,0,0,174,,
2022-06-04,08:00,28.3,12.2,37,ESE,16.1,20.9,1017.24,0,0,1,316,,
2022-06-04,08:15,28.3,13.3,40,SE,14.5,20.9,1017.17,0,0,1,128,,
2022-06-04,08:30,29,13.9,40,EAST,14.5,17.7,1017.17,0,0,1,364,,
2022-06-04,08:45,27.5,15.6,48,SE,16.1,24.1,1017.58,0,0,1,466,,
2022-06-04,09:00,27.4,15,48,SE,11.3,19.3,1017.68,0,0,1,225,,
2022-06-04,09:15,27.4,15.6,49,SE,12.9,16.1,1017.51,0,0,1,214,,
2022-06-04,09:30,27.4,15.6,48,SE,14.5,19.3,1017.61,0,0,1,262,,
2022-06-04,09:45,28.1,15.6,47,ESE,6.4,14.5,1017.88,0,0,1,274,,
2022-06-04,10:00,28.9,16.1,47,ESE,9.7,9.7,1017.58,0,0,2,278,,
2022-06-04,10:15,29.7,16.1,44,EAST,11.3,12.9,1017.51,0,0,3,457,,
2022-06-04,10:30,31.3,16.7,42,ESE,3.2,14.5,1017.81,0,0,4,846,,
2022-06-04,10:45,32.2,16.7,39,SE,14.5,19.3,1017.64,0,0,4,756,,
2022-06-04,11:00,33,16.7,38,EAST,6.4,20.9,1017.78,0,0,5,765,,
2022-06-04,11:15,33.8,17.2,37,ESE,14.5,20.9,1017.81,0,0,5,823,,
2022-06-04,11:30,34.2,16.7,36,EAST,11.3,25.7,1017.85,0,0,4,976,,
2022-06-04,11:45,33.6,16.7,36,SE,22.5,27.4,1017.75,0,0,4,490,,
2022-06-04,12:00,33.1,18.3,42,SE,11.3,25.7,1017.61,0,0,3,417,,
2022-06-04,12:15,32.9,18.3,42,SE,12.9,24.1,1017.71,0,0,3,383,,
2022-06-04,12:30,33.3,18.9,42,SE,16.1,20.9,1017.85,0,0,7,972,,
2022-06-04,12:45,34.1,15.6,34,EAST,16.1,24.1,1017.68,0,0,6,879,,
2022-06-04,13:00,34.9,13.9,28,SE,3.2,25.7,1018.12,0,0,7,977,,
2022-06-04,13:15,34.6,17.2,35,ESE,14.5,20.9,1017.71,0,0,2,271,,
2022-06-04,13:30,35.8,14.4,28,ENE,3.2,30.6,1017.61,0,0,7,1037,,
2022-06-04,13:45,35.4,14.4,29,ESE,24.1,29,1017.34,0,0,6,847,,
2022-06-04,14:00,34.8,17.2,35,SE,14.5,27.4,1017.71,0,0,7,1136,,
2022-06-04,14:15,34.4,16.7,34,ESE,20.9,32.2,1017.51,0,0,5,615,,
2022-06-04,14:45,33.7,16.7,36,SE,14.5,33.8,1017.78,0,0,3,390,,
2022-06-04,15:00,33.2,15.6,35,SE,22.5,30.6,1017.51,0,0,5,911,,
2022-06-04,15:15,32.8,15.6,36,SE,16.1,29,1017.71,0,0,3,476,,
2022-06-04,15:30,32.4,15.6,37,SE,20.9,33.8,1017.85,0,0,4,675,,
2022-06-04,15:45,32.8,15.6,35,ESE,22.5,30.6,1017.95,0,0,5,698,,
2022-06-04,16:00,31.6,16.1,39,ESE,16.1,32.2,1017.98,0,0,3,758,,
2022-06-04,16:15,31.8,17.2,41,SE,17.7,29,1017.85,0,0,4,719,,
2022-06-04,16:30,31.5,17.2,43,SE,22.5,32.2,1017.85,0,0,3,385,,
2022-06-04,16:45,31.7,16.1,39,ESE,20.9,30.6,1017.95,0,0,3,664,,
2022-06-04,17:00,31.2,15.6,39,SE,25.7,32.2,1017.78,0,0,3,635,,
2022-06-04,17:15,31.4,15.6,39,ESE,19.3,27.4,1017.78,0,0,2,346,,
2022-06-04,17:30,31.3,15,38,SE,27.4,33.8,1017.78,0,0,2,592,,
2022-06-04,17:45,30.3,15.6,41,SE,24.1,30.6,1017.68,0,0,1,204,,
2022-06-04,18:00,30.7,15,40,SE,19.3,30.6,1017.61,0,0,1,422,,
2022-06-04,18:15,29.9,15.6,43,ESE,22.5,30.6,1017.68,0,0,1,352,,
2022-06-04,18:30,29.8,15,41,SE,16.1,33.8,1017.64,0,0,1,269,,
2022-06-04,18:45,29.4,16.1,45,SE,12.9,30.6,1017.88,0,0,1,253,,
2022-06-04,19:00,28.7,17.2,51,ESE,14.5,24.1,1017.78,0,0,0,130,,
2022-06-04,19:15,28.6,17.2,50,ESE,11.3,27.4,1017.78,0,0,0,158,,
2022-06-04,19:30,27.9,16.7,50,SE,20.9,30.6,1017.75,0,0,0,88,,
2022-06-04,19:45,27.1,15.6,49,SE,12.9,29,1017.98,0,0,0,51,,
2022-06-04,20:00,26.7,15,49,SE,19.3,25.7,1018.19,0,0,0,35,,
2022-06-04,20:15,26.6,13.9,45,ESE,19.3,29,1018.19,0,0,0,19,,
2022-06-04,20:30,26.2,13.9,47,SE,20.9,25.7,1018.35,0,0,0,9,,
2022-06-04,20:45,26.2,13.3,46,SE,19.3,30.6,1018.22,0,0,0,0,,
2022-06-04,21:00,26.5,13.3,45,SE,14.5,29,1018.35,0,0,0,0,,
2022-06-04,21:15,26.4,13.3,45,ESE,14.5,25.7,1018.96,0,0,0,0,,
2022-06-04,21:30,25.9,13.9,48,ESE,12.9,20.9,1019.17,0,0,0,0,,
2022-06-04,21:45,26.1,13.3,46,ESE,4.8,25.7,1019.54,0,0,0,0,,
2022-06-04,22:00,26,13.3,45,SSE,16.1,17.7,1020.32,0,0,0,0,,
2022-06-04,22:15,25.4,13.9,49,SE,6.4,19.3,1019.68,0,0,0,0,,
2022-06-04,22:30,24.6,16.1,61,WSW,3.2,12.9,1019.74,0,0,0,0,,
2022-06-04,22:45,23.3,17.2,70,WEST,6.4,6.4,1019.57,0,0,0,0,,
2022-06-04,23:00,23.3,16.7,68,NNE,3.2,4.8,1019.61,0,0,0,0,,
2022-06-04,23:15,23.2,14.4,59,NE,4.8,6.4,1019.98,0,0,0,0,,
2022-06-04,23:30,24.2,12.8,49,ESE,1.6,12.9,1019.81,0,0,0,0,,
2022-06-04,23:45,24.6,10.6,42,ESE,6.4,9.7,1019.78,0,0,0,0,,
2022-06-04,OVR,,,,,,,,,,,,gustmax,27.4
2022-06-04,OVR,,,,,,,,,,,,rainrate_max,0
2022-06-04,OVR,,,,,,,,,,,,rain_total_mm,0
2022-06-04,OVR,,,,,,,,,,,,tmax,35.9
2022-06-04,OVR,,,,,,,,,,,,tmin,23
2022-06-04,OVR,,,,,,,,,,,,wind_dir_mean_deg,112.5
2022-06-05,00:00,24.3,10.6,42,ESE,9.7,11.3,1019.91,0,0,0,0,,
2022-06-05,00:15,24.8,10.6,41,ESE,3.2,8,1019.81,0,0,0,0,,
2022-06-05,00:30,25.8,10,37,ESE,6.4,14.5,1019.57,0,0,0,0,,
2022-06-05,00:45,25.4,10.6,40,ESE,3.2,11.3,1019.34,0,0,0,0,,
2022-06-05,01:00,25.1,11.7,44,ESE,1.6,16.1,1019.13,0,0,0,0,,
2022-06-05,01:15,25.9,11.1,40,ESE,12.9,19.3,1019,0,0,0,0,,
2022-06-05,01:30,25.9,11.7,42,ESE,9.7,14.5,1018.83,0,0,0,0,,
2022-06-05,01:45,26.1,12.2,43,ESE,12.9,22.5,1018.42,0,0,0,0,,
2022-06-05,02:00,26.3,12.2,42,EAST,14.5,16.1,1018.46,0,0,0,0,,
2022-06-05,02:15,25.6,12.2,44,ESE,17.7,19.3,1018.22,0,0,0,0,,
2022-06-05,02:30,26.3,11.1,39,ESE,14.5,19.3,1018.22,0,0,0,0,,
2022-06-05,02:45,26.6,11.1,38,ESE,4.8,17.7,1018.52,0,0,0,0,,
2022-06-05,03:00,22.3,14.4,62,WNW,1.6,38.6,1019.47,0,0,0,0,,
2022-06-05,03:15,21.7,14.4,63,EAST,3.2,16.1,1019.44,0,0,0,0,,
2022-06-05,03:30,21.7,14.4,64,ESE,1.6,11.3,1019.34,0,0,0,0,,
2022-06-05,03:45,22.6,14.4,61,WEST,9.7,22.5,1019.17,0,0,0,0,,
2022-06-05,04:00,22.1,16.7,72,WEST,12.9,27.4,1019.37,0,0,0,0,,
2022-06-05,04:15,21.3,17.8,81,WEST,24.1,29,1019.51,0,0,0,0,,
2022-06-05,04:30,21.3,17.8,82,ENE,9.7,32.2,1019.57,0,0,0,0,,
2022-06-05,04:45,21.3,17.8,82,NNE,1.6,20.9,1018.86,0,0,0,0,,
2022-06-05,05:00,21.3,17.2,79,ENE,6.4,8,1018.32,0,0,0,0,,
2022-06-05,05:15,22.8,14.4,59,NNW,9.7,12.9,1017.81,0,0,0,0,,
2022-06-05,05:30,23.6,12.8,51,EAST,12.9,16.1,1017.58,0,0,0,0,,
2022-06-05,05:45,24,12.8,51,NW,8,11.3,1018.15,0,0,0,0,,
2022-06-05,06:00,22.1,15,64,NW,3.2,14.5,1018.25,0,0,0,0,,
2022-06-05,06:15,21.7,15.6,68,NE,1.6,9.7,1017.95,0,0,0,11,,
2022-06-05,06:30,22.2,15.6,66,NORTH,8,11.3,1018.15,0,0,0,23,,
2022-06-05,06:45,22.2,15.6,68,NNE,3.2,6.4,1018.08,0,0,0,25,,
2022-06-05,07:00,22.2,16.1,68,WNW,3.2,14.5,1018.49,0,0,0,44,,
2022-06-05,07:15,22.3,16.1,69,WEST,6.4,14.5,1018.8,0,0,0,128,,
2022-06-05,07:30,22.6,16.7,71,WEST,1.6,4.8,1018.66,0,0,0,197,,
2022-06-05,07:45,24.3,16.1,62,NORTH,0,9.7,1018.42,0,0,0,216,,
2022-06-05,08:00,26.4,15,50,WEST,16.1,25.7,1018.8,0,0,1,288,,
2022-06-05,08:15,24.4,17.8,67,WEST,30.6,35.4,1019.13,0,0,1,174,,
2022-06-05,08:30,22.8,18.3,76,NW,9.7,30.6,1018.96,0,0,1,130,,
2022-06-05,08:45,22.6,18.3,77,WEST,32.2,32.2,1019.17,0,0,1,223,,
2022-06-05,09:00,22.8,18.3,76,WNW,27.4,41.8,1019.44,0,0,1,195,,
2022-06-05,09:15,23.6,17.8,71,WEST,20.9,45.1,1019.37,0,0,2,478,,
2022-06-05,09:30,24.1,17.8,69,WNW,22.5,40.2,1019.37,0,0,2,471,,
2022-06-05,09:45,24.8,17.8,64,WNW,19.3,41.8,1019.57,0,0,3,487,,
2022-06-05,10:00,26.1,17.2,59,NW,17.7,30.6,1019.4,0,0,3,519,,
2022-06-05,10:15,26.9,16.7,54,SSW,17.7,24.1,1019.57,0,0,3,338,,
2022-06-05,10:30,26.8,17.8,59,WNW,16.1,27.4,1019.78,0,0,3,369,,
2022-06-05,10:45,27.4,16.7,53,NW,11.3,32.2,1019.71,0,0,4,728,,
2022-06-05,11:00,29.3,16.1,45,NW,6.4,16.1,1019.54,0,0,5,765,,
2022-06-05,11:15,30.2,16.7,45,WEST,30.6,37,1020.12,0,0,5,779,,
2022-06-05,11:30,28.5,18.3,55,WEST,25.7,37,1020.22,0,0,5,803,,
2022-06-05,11:45,27,17.8,58,WEST,24.1,46.7,1020.39,0,0,6,814,,
2022-06-05,12:00,26.2,17.8,60,WNW,29,45.1,1020.22,0,0,5,654,,
2022-06-05,12:15,25.9,17.2,59,WEST,27.4,40.2,1020.29,0,0,6,847,,
2022-06-05,12:30,26,17.8,60,WNW,12.9,46.7,1020.12,0,0,6,879,,
2022-06-05,12:45,26.9,17.2,56,WNW,19.3,33.8,1020.01,0,0,7,886,,
2022-06-05,13:00,28.5,18.3,55,NW,8,16.1,1019.4,0,0,7,896,,
2022-06-05,13:15,30.3,17.8,48,WNW,14.5,19.3,1019.17,0,0,7,932,,
2022-06-05,13:30,31.3,17.2,43,NW,9.7,19.3,1018.9,0,0,6,729,,
2022-06-05,13:45,32.1,15,36,NNW,12.9,22.5,1018.32,0,0,4,436,,
2022-06-05,14:00,32.6,15,35,NW,9.7,19.3,1018.32,0,0,5,682,,
2022-06-05,14:15,33.3,15,34,NW,8,20.9,1018.39,0,0,4,452,,
2022-06-05,14:30,33.3,15.6,35,WNW,11.3,14.5,1018.12,0,0,3,394,,
2022-06-05,14:45,33.5,12.8,29,NW,8,25.7,1018.15,0,0,3,568,,
2022-06-05,15:00,34,12.8,28,WEST,14.5,22.5,1018.25,0,0,4,575,,
2022-06-05,15:15,32.9,16.7,38,WEST,11.3,30.6,1019.07,0,0,4,461,,
2022-06-05,15:30,32.4,15.6,37,WEST,14.5,27.4,1019.03,0,0,2,287,,
2022-06-05,15:45,32.7,16.1,38,WSW,16.1,20.9,1019.17,0,0,4,622,,
2022-06-05,16:00,31.8,18.9,46,WNW,29,38.6,1019.34,0,0,5,803,,
2022-06-05,16:15,26.9,16.1,52,WNW,22.5,64.4,1019.47,0,0,2,332,,
2022-06-05,16:30,26.6,17.2,58,WNW,35.4,41.8,1019.24,0,0,3,446,,
2022-06-05,16:45,24.8,18.3,68,WNW,25.7,51.5,1019.61,0,0,2,281,,
2022-06-05,17:00,23.8,18.3,73,WNW,20.9,32.2,1019.3,0,0,2,322,,
2022-06-05,17:15,23.3,18.9,76,WEST,19.3,53.1,1019.57,0,0,1,241,,
2022-06-05,17:30,22.9,18.3,77,SSW,6.4,48.3,1019.37,0,0,1,218,,
2022-06-05,17:45,23.1,18.3,77,WNW,24.1,40.2,1019.54,0,0,1,257,,
2022-06-05,18:00,23,18.3,76,WNW,45.1,57.9,1020.52,0,0,1,209,,
2022-06-05,18:15,22.3,17.8,77,WNW,16.1,48.3,1019.81,0,0,1,156,,
2022-06-05,18:30,22.3,18.3,78,WNW,20.9,41.8,1020.32,0,0,0,134,,
2022-06-05,18:45,22.3,17.8,75,WNW,16.1,37,1020.49,0,0,0,74,,
2022-06-05,19:00,22.9,16.1,65,ENE,9.7,14.5,1017.88,0,0,0,81,,
2022-06-05,19:15,23.9,14.4,56,ESE,4.8,27.4,1019.1,0,0,0,60,,
2022-06-05,19:30,23.8,16.7,64,WEST,16.1,40.2,1020.22,0,0,0,47,,
2022-06-05,19:45,23,17.2,69,WEST,20.9,24.1,1020.45,0,0,0,49,,
2022-06-05,20:00,22.7,17.2,73,WNW,8,20.9,1020.29,0,0,0,58,,
2022-06-05,20:15,22.7,16.7,70,WNW,8,12.9,1019.78,0,0,0,21,,
2022-06-05,20:30,24.2,13.9,54,NW,6.4,16.1,1019.91,0,0,0,9,,
2022-06-05,20:45,24,14.4,55,WNW,6.4,12.9,1019.98,0,0,0,7,,
2022-06-05,21:00,23.6,14.4,57,NORTH,0,12.9,1020.12,0,0,0,0,,
2022-06-05,21:15,22.5,14.4,61,WNW,4.8,6.4,1019.81,0,0,0,0,,
2022-06-05,21:30,21.6,15,66,NW,4.8,4.8,1019.98,0,0,0,0,,
2022-06-05,21:45,21.3,14.4,66,WNW,1.6,6.4,1020.05,0,0,0,0,,
2022-06-05,22:00,20.6,14.4,68,WNW,3.2,4.8,1020.05,0,0,0,0,,
2022-06-05,22:15,21.7,14.4,64,NORTH,0,8,1020.01,0,0,0,0,,
2022-06-05,22:30,21.3,14.4,65,ENE,4.8,4.8,1019.81,0,0,0,0,,
2022-06-05,22:45,21.2,13.9,64,ENE,1.6,4.8,1019.81,0,0,0,0,,
2022-06-05,23:00,21.5,13.9,62,NORTH,0,4.8,1019.91,0,0,0,0,,
2022-06-05,23:15,21.3,15,68,ENE,1.6,4.8,1020.22,0,0,0,0,,
2022-06-05,23:30,21,16.7,76,WNW,14.5,16.1,1020.39,0,0,0,0,,
2022-06-05,23:45,20.8,17.2,80,WNW,17.7,19.3,1020.35,0,0,0,0,,
2022-06-05,OVR,,,,,,,,,,,,gustmax,45.1
2022-06-05,OVR,,,,,,,,,,,,rainrate_max,0
2022-06-05,OVR,,,,,,,,,,,,rain_total_mm,0
2022-06-05,OVR,,,,,,,,,,,,tmax,34.1
2022-06-05,OVR,,,,,,,,,,,,tmin,20.4
2022-06-05,OVR,,,,,,,,,,,,wind_dir_mean_deg,90
2022-06-06,00:00,20.6,17.2,82,WNW,6.4,17.7,1020.29,0,0,0,0,,
2022-06-06,00:15,20.2,17.2,85,WNW,1.6,11.3,1020.35,0,0,0,0,,
2022-06-06,00:30,19.9,17.8,87,WNW,4.8,12.9,1020.32,0,0,0,0,,
2022-06-06,00:45,19.9,17.8,90,WEST,1.6,12.9,1020.25,0,0,0,0,,
2022-06-06,01:00,19.8,17.8,91,WEST,11.3,19.3,1020.29,0,0,0,0,,
2022-06-06,01:15,19.8,18.3,91,WEST,11.3,24.1,1020.52,0,0,0,0,,
2022-06-06,01:30,19.7,18.3,92,WEST,19.3,33.8,1020.45,0,0,0,0,,
2022-06-06,01:45,19.7,18.3,93,WNW,19.3,30.6,1020.52,0,0,0,0,,
2022-06-06,02:00,19.6,18.3,93,WNW,17.7,29,1020.49,0,0,0,0,,
2022-06-06,02:15,19.4,18.3,93,WEST,19.3,24.1,1020.32,0,0,0,0,,
2022-06-06,02:30,19.3,18.3,94,NNW,8,22.5,1020.39,0,0,0,0,,
2022-06-06,02:45,19.3,18.3,94,WEST,19.3,24.1,1020.29,0,0,0,0,,
2022-06-06,03:00,19.1,17.8,94,WNW,11.3,22.5,1020.18,0,0,0,0,,
2022-06-06,03:15,19.1,17.8,94,WNW,6.4,14.5,1019.98,0,0,0,0,,
2022-06-06,03:30,19,17.8,94,WNW,20.9,27.4,1020.15,0,0,0,0,,
2022-06-06,03:45,19,17.8,94,WEST,22.5,29,1020.25,0,0,0,0,,
2022-06-06,04:00,18.8,17.8,95,NW,14.5,27.4,1020.12,0,0,0,0,,
2022-06-06,04:15,18.8,17.8,95,WNW,16.1,24.1,1019.91,0,0,0,0,,
2022-06-06,04:30,18.6,17.8,95,WNW,17.7,20.9,1019.78,0,0,0,0,,
2022-06-06,04:45,18.1,17.2,94,NW,8,17.7,1019.71,0,0,0,0,,
2022-06-06,05:00,18.1,16.7,94,NNW,3.2,14.5,1019.47,0,0,0,0,,
2022-06-06,05:15,17.7,16.7,94,NNW,3.2,6.4,1019.37,0,0,0,0,,
2022-06-06,05:30,17.8,16.7,94,NNW,6.4,9.7,1019.07,0,0,0,0,,
2022-06-06,05:45,17.9,16.7,93,NW,12.9,16.1,1018.76,0,0,0,0,,
2022-06-06,06:00,18.1,16.7,92,NW,4.8,17.7,1019.2,0,0,0,0,,
2022-06-06,06:15,18.1,16.7,93,NW,4.8,6.4,1019.4,0,0,0,12,,
2022-06-06,06:30,18.1,16.7,93,WNW,1.6,8,1019.64,0,0,0,26,,
2022-06-06,06:45,17.8,16.7,93,NORTH,0,6.4,1019.44,0,0,0,39,,
2022-06-06,07:00,18.2,17.2,94,NW,4.8,8,1019.51,0,0,0,47,,
2022-06-06,07:15,18.3,17.2,94,WNW,6.4,11.3,1019.57,0,0,0,69,,
2022-06-06,07:30,18.4,17.2,94,WNW,6.4,12.9,1019.57,0,0,0,105,,
2022-06-06,07:45,18.5,17.2,95,WNW,8,14.5,1019.61,0,0,0,185,,
2022-06-06,08:00,18.7,17.8,95,WNW,4.8,16.1,1019.54,0,0,1,250,,
2022-06-06,08:15,19.1,17.8,95,WEST,9.7,16.1,1019.68,0,0,1,295,,
2022-06-06,08:30,19.3,18.3,93,WNW,12.9,19.3,1019.78,0,0,1,362,,
2022-06-06,08:45,19.9,18.3,90,WNW,14.5,20.9,1019.74,0,0,1,411,,
2022-06-06,09:00,20.7,18.3,87,NW,12.9,20.9,1019.47,0,0,1,309,,
2022-06-06,09:15,20.8,17.8,83,NW,11.3,17.7,1019.57,0,0,2,431,,
2022-06-06,09:30,21.7,17.8,80,WEST,9.7,16.1,1019.4,0,0,2,387,,
2022-06-06,09:45,22.3,18.3,79,WEST,12.9,17.7,1019.64,0,0,3,490,,
2022-06-06,10:00,22.7,18.3,78,WEST,12.9,20.9,1020.05,0,0,3,485,,
2022-06-06,10:15,22.8,18.3,77,WNW,8,27.4,1019.88,0,0,4,617,,
2022-06-06,10:30,23.2,18.3,74,WNW,11.3,27.4,1019.84,0,0,4,636,,
2022-06-06,10:45,24.3,17.2,64,WEST,14.5,22.5,1019.68,0,0,4,735,,
2022-06-06,11:00,25.6,15.6,54,NW,11.3,19.3,1019.4,0,0,5,784,,
2022-06-06,11:15,26.3,15.6,53,WEST,14.5,24.1,1019.37,0,0,5,830,,
2022-06-06,11:30,26.8,17.2,56,WEST,4.8,24.1,1019.57,0,0,6,846,,
2022-06-06,11:45,27,16.7,55,ENE,12.9,29,1019.71,0,0,6,833,,
2022-06-06,12:00,27.3,16.1,52,NW,14.5,27.4,1019.61,0,0,6,784,,
2022-06-06,12:15,27.8,16.7,52,NE,8,29,1019.47,0,0,7,944,,
2022-06-06,12:30,27.7,16.1,50,WEST,19.3,24.1,1019.47,0,0,4,608,,
2022-06-06,12:45,28.4,17.8,52,WNW,12.9,20.9,1019.57,0,0,7,926,,
2022-06-06,13:00,28.4,18.3,54,WNW,12.9,25.7,1019.78,0,0,7,921,,
2022-06-06,13:15,28.7,18.3,55,WEST,14.5,24.1,1019.68,0,0,6,900,,
2022-06-06,13:30,28.4,18.3,55,WNW,12.9,29,1019.57,0,0,5,733,,
2022-06-06,13:45,28.3,18.3,55,WNW,27.4,35.4,1019.47,0,0,5,684,,
2022-06-06,14:00,28.6,17.2,51,WEST,12.9,37,1019.03,0,0,6,865,,
2022-06-06,14:15,29.7,17.2,47,WNW,17.7,38.6,1018.96,0,0,6,884,,
2022-06-06,14:30,29.8,16.7,46,WEST,11.3,38.6,1019,0,0,6,851,,
2022-06-06,14:45,29.7,17.8,49,WEST,12.9,30.6,1018.76,0,0,5,840,,
2022-06-06,15:00,29.8,17.8,49,WNW,17.7,32.2,1018.66,0,0,5,817,,
2022-06-06,15:15,29.8,17.2,47,ENE,9.7,35.4,1018.9,0,0,5,809,,
2022-06-06,15:30,29.9,16.7,45,WEST,24.1,32.2,1018.66,0,0,5,772,,
2022-06-06,15:45,29.4,17.2,49,WNW,19.3,40.2,1018.83,0,0,4,747,,
2022-06-06,16:00,28.7,17.8,52,WEST,43.5,38.6,1018.86,0,0,4,710,,
2022-06-06,16:15,29,17.2,50,WEST,16.1,40.2,1018.83,0,0,4,686,,
2022-06-06,16:30,28.6,17.2,50,WNW,25.7,43.5,1018.52,0,0,3,647,,
2022-06-06,16:45,28.5,17.2,51,WEST,22.5,33.8,1018.49,0,0,3,601,,
2022-06-06,17:00,28.1,17.8,54,WNW,17.7,38.6,1018.56,0,0,3,548,,
2022-06-06,17:15,27.7,17.8,56,WNW,22.5,38.6,1018.59,0,0,2,522,,
2022-06-06,17:30,27,17.8,57,WEST,30.6,40.2,1018.52,0,0,2,480,,
2022-06-06,17:45,27.1,17.8,57,WEST,14.5,37,1018.56,0,0,2,434,,
2022-06-06,18:00,26.9,17.8,58,WEST,20.9,29,1018.59,0,0,1,388,,
2022-06-06,18:15,26.6,17.8,59,WEST,14.5,29,1018.39,0,0,1,336,,
2022-06-06,18:30,26.2,17.8,61,WEST,11.3,25.7,1018.46,0,0,1,285,,
2022-06-06,18:45,25.8,18.3,63,ENE,3.2,25.7,1018.46,0,0,1,232,,
2022-06-06,19:00,25.3,17.8,64,WEST,25.7,30.6,1018.42,0,0,0,202,,
2022-06-06,19:15,24.9,17.8,66,WEST,16.1,29,1018.46,0,0,0,160,,
2022-06-06,19:30,24.6,17.8,67,WEST,20.9,33.8,1018.46,0,0,0,114,,
2022-06-06,19:45,24.1,17.8,69,WNW,17.7,29,1018.39,0,0,0,79,,
2022-06-06,20:00,23.8,17.8,70,WEST,20.9,24.1,1018.22,0,0,0,49,,
2022-06-06,20:15,23.3,17.8,72,WNW,16.1,24.1,1018.29,0,0,0,30,,
2022-06-06,20:30,22.8,17.8,73,WNW,9.7,24.1,1018.25,0,0,0,16,,
2022-06-06,20:45,22.3,17.2,75,WNW,12.9,24.1,1018.19,0,0,0,0,,
2022-06-06,21:00,21.8,17.2,76,WEST,4.8,12.9,1018.05,0,0,0,0,,
2022-06-06,21:15,21.2,17.2,78,WNW,11.3,6.4,1018.22,0,0,0,0,,
2022-06-06,21:30,20.9,16.7,78,WEST,3.2,11.3,1018.22,0,0,0,0,,
2022-06-06,21:45,20.3,16.7,79,NORTH,0,6.4,1018.25,0,0,0,0,,
2022-06-06,22:00,20.1,16.1,79,NORTH,0,11.3,1018.22,0,0,0,0,,
2022-06-06,22:15,19.9,16.7,82,NORTH,0,9.7,1018.29,0,0,0,0,,
2022-06-06,22:30,20.1,16.7,83,WNW,3.2,8,1018.32,0,0,0,0,,
2022-06-06,22:45,19.7,16.7,84,WNW,1.6,8,1018.12,0,0,0,0,,
2022-06-06,23:00,19.9,17.2,85,WNW,1.6,6.4,1018.05,0,0,0,0,,
2022-06-06,23:15,19.1,16.7,85,WNW,1.6,4.8,1017.75,0,0,0,0,,
2022-06-06,23:30,18.6,16.1,88,WNW,3.2,3.2,1017.95,0,0,0,0,,
2022-06-06,23:45,18.4,16.1,89,WNW,4.8,3.2,1017.71,0,0,0,0,,
2022-06-06,OVR,,,,,,,,,,,,gustmax,43.5
2022-06-06,OVR,,,,,,,,,,,,rainrate_max,0
2022-06-06,OVR,,,,,,,,,,,,rain_total_mm,0
2022-06-06,OVR,,,,,,,,,,,,tmax,30
2022-06-06,OVR,,,,,,,,,,,,tmin,17.6
2022-06-06,OVR,,,,,,,,,,,,wind_dir_mean_deg,292.5
2022-06-07,00:00,18.1,16.1,88,NORTH,0,3.2,1017.78,0,0,0,0,,
2022-06-07,00:15,18.3,16.7,90,WNW,1.6,3.2,1017.61,0,0,0,0,,
2022-06-07,00:30,18.2,16.7,91,WNW,1.6,3.2,1017.58,0,0,0,0,,
2022-06-07,00:45,18.6,16.7,90,NORTH,0,1.6,1017.64,0,0,0,0,,
2022-06-07,01:00,19.1,16.1,83,NORTH,0,3.2,1017.75,0,0,0,0,,
2022-06-07,01:15,19.9,15,73,WNW,1.6,4.8,1017.81,0,0,0,0,,
2022-06-07,01:30,20.6,15,71,NORTH,0,4.8,1017.81,0,0,0,0,,
2022-06-07,01:45,20.1,14.4,71,NORTH,0,1.6,1017.68,0,0,0,0,,
2022-06-07,02:00,19.9,15,75,WNW,3.2,3.2,1017.58,0,0,0,0,,
2022-06-07,02:15,18.6,15,82,WNW,1.6,3.2,1017.54,0,0,0,0,,
2022-06-07,02:30,18.3,15,83,NORTH,0,4.8,1017.44,0,0,0,0,,
2022-06-07,02:45,18,15.6,87,NORTH,0,3.2,1017.41,0,0,0,0,,
2022-06-07,03:00,18.2,16.1,90,WNW,1.6,1.6,1017.31,0,0,0,0,,
2022-06-07,03:15,18.1,16.7,92,WNW,3.2,4.8,1017.31,0,0,0,0,,
2022-06-07,03:30,18.2,16.7,92,NORTH,0,3.2,1017.37,0,0,0,0,,
2022-06-07,03:45,18.3,17.2,93,NORTH,0,1.6,1017.2,0,0,0,0,,
2022-06-07,04:00,18.1,16.7,94,WNW,4.8,6.4,1017.41,0,0,0,0,,
2022-06-07,04:15,18.2,17.2,94,WNW,1.6,6.4,1017.51,0,0,0,0,,
2022-06-07,04:30,18.2,17.2,94,WNW,4.8,11.3,1017.31,0,0,0,0,,
2022-06-07,04:45,18.4,17.2,95,WNW,6.4,14.5,1017.41,0,0,0,0,,
2022-06-07,05:00,18.2,17.2,95,WNW,1.6,16.1,1017.17,0,0,0,0,,
2022-06-07,05:15,17.9,16.7,95,WNW,3.2,3.2,1016.93,0,0,0,0,,
2022-06-07,05:30,18.2,17.2,95,WEST,6.4,9.7,1017.03,0,0,0,0,,
2022-06-07,05:45,17.9,16.7,95,WEST,1.6,9.7,1017.27,0,0,0,0,,
2022-06-07,06:00,18.2,17.2,95,WNW,4.8,16.1,1017.37,0,0,0,0,,
2022-06-07,06:15,18.2,17.2,94,NW,3.2,16.1,1017.31,0,0,0,11,,
2022-06-07,06:30,18.1,16.7,94,NW,3.2,6.4,1017.03,0,0,0,30,,
2022-06-07,06:45,18.3,17.2,93,NW,3.2,12.9,1016.86,0,0,0,81,,
2022-06-07,07:00,18.5,17.2,93,NW,8,14.5,1016.83,0,0,0,107,,
2022-06-07,07:15,18.7,17.2,91,NW,8,12.9,1016.93,0,0,0,148,,
2022-06-07,07:30,19,17.2,89,NW,8,8,1016.8,0,0,0,213,,
2022-06-07,07:45,19.7,14.4,73,NW,1.6,6.4,1016.7,0,0,1,271,,
2022-06-07,08:00,20.6,14.4,69,NW,1.6,3.2,1016.8,0,0,1,323,,
2022-06-07,08:15,21.8,13.3,59,NW,1.6,3.2,1016.8,0,0,1,322,,
2022-06-07,08:30,22,13.3,59,NW,3.2,4.8,1017.07,0,0,1,415,,
2022-06-07,08:45,22.5,15,63,NW,1.6,4.8,1017.07,0,0,2,459,,
2022-06-07,09:00,22.8,16.7,69,NORTH,0,12.9,1017.17,0,0,2,508,,
2022-06-07,09:15,22.7,16.7,70,WNW,8,17.7,1017.14,0,0,2,533,,
2022-06-07,09:30,23.7,16.1,63,WEST,11.3,17.7,1017.14,0,0,3,524,,
2022-06-07,09:45,24.2,16.1,62,WEST,11.3,16.1,1017.07,0,0,3,506,,
2022-06-07,10:00,24.4,16.1,61,WNW,6.4,20.9,1017.1,0,0,3,526,,
2022-06-07,10:15,25,15.6,57,WNW,12.9,19.3,1017.34,0,0,4,626,,
2022-06-07,10:30,25.4,16.1,56,WSW,8,22.5,1017.27,0,0,4,733,,
2022-06-07,10:45,25.9,14.4,49,NE,1.6,27.4,1017.27,0,0,4,784,,
2022-06-07,11:00,26.4,14.4,48,WEST,17.7,35.4,1017.2,0,0,5,809,,
2022-06-07,11:15,26.4,13.9,47,WEST,27.4,40.2,1017.27,0,0,5,840,,
2022-06-07,11:30,26.6,14.4,48,WEST,30.6,40.2,1017.41,0,0,5,863,,
2022-06-07,11:45,26.8,15,48,WEST,25.7,45.1,1017.37,0,0,6,886,,
2022-06-07,12:00,26.8,15,48,WEST,19.3,41.8,1017.34,0,0,6,902,,
2022-06-07,12:15,27,15,48,WEST,33.8,33.8,1017.37,0,0,6,904,,
2022-06-07,12:30,26.5,15.6,51,WNW,29,41.8,1017.17,0,0,7,928,,
2022-06-07,12:45,26.9,13.9,46,WEST,32.2,32.2,1017.24,0,0,7,937,,
2022-06-07,13:00,26.7,13.9,45,WEST,29,38.6,1017.14,0,0,7,940,,
2022-06-07,13:15,26.7,13.9,45,NW,29,41.8,1017.17,0,0,7,946,,
2022-06-07,13:30,26.6,13.3,44,WNW,22.5,43.5,1017.1,0,0,7,954,,
2022-06-07,13:45,26.4,13.9,46,WEST,19.3,48.3,1017,0,0,7,963,,
2022-06-07,14:00,26.4,13.9,46,NNW,46.7,45.1,1016.9,0,0,7,926,,
2022-06-07,14:15,26,13.9,48,WNW,24.1,46.7,1017.07,0,0,7,919,,
2022-06-07,14:30,25.5,14.4,51,WEST,30.6,43.5,1016.9,0,0,7,605,,
2022-06-07,14:45,25.5,14.4,51,WNW,32.2,48.3,1016.8,0,0,6,911,,
2022-06-07,15:00,25.6,15.6,54,ENE,24.1,48.3,1016.83,0,0,6,861,,
2022-06-07,15:15,25.5,15.6,56,WNW,32.2,48.3,1016.73,0,0,5,830,,
2022-06-07,15:30,25.8,16.7,57,WEST,20.9,40.2,1016.73,0,0,5,802,,
2022-06-07,15:45,25.7,16.1,56,NW,22.5,43.5,1016.76,0,0,5,766,,
2022-06-07,16:00,25.5,16.1,57,WEST,19.3,38.6,1016.73,0,0,4,738,,
2022-06-07,16:15,25.9,16.7,57,NW,16.1,33.8,1016.66,0,0,4,705,,
2022-06-07,16:30,25.8,16.1,56,WEST,17.7,43.5,1016.19,0,0,4,664,,
2022-06-07,16:45,25.7,16.1,56,WEST,19.3,32.2,1016.15,0,0,3,626,,
2022-06-07,17:00,25.6,17.2,60,WEST,17.7,45.1,1016.22,0,0,3,584,,
2022-06-07,17:15,25.4,17.2,61,WEST,49.9,43.5,1016.22,0,0,2,531,,
2022-06-07,17:30,25.2,17.8,63,WNW,29,43.5,1016.19,0,0,2,501,,
2022-06-07,17:45,25,17.8,65,WEST,35.4,41.8,1016.36,0,0,2,454,,
2022-06-07,18:00,24.4,17.8,68,NW,25.7,48.3,1016.12,0,0,1,403,,
2022-06-07,18:15,23.9,18.3,71,WEST,33.8,49.9,1015.88,0,0,1,315,,
2022-06-07,18:30,23.6,18.3,73,WEST,20.9,45.1,1015.85,0,0,1,320,,
2022-06-07,18:45,23.2,18.3,75,WNW,33.8,40.2,1015.88,0,0,1,167,,
2022-06-07,19:00,22.8,18.3,76,ENE,19.3,33.8,1015.75,0,0,0,155,,
2022-06-07,19:15,22.7,18.3,76,WEST,33.8,38.6,1015.88,0,0,0,181,,
2022-06-07,19:30,22.3,17.8,76,WNW,16.1,41.8,1015.88,0,0,0,97,,
2022-06-07,19:45,22.4,17.8,76,WEST,20.9,33.8,1015.92,0,0,0,100,,
2022-06-07,20:00,22.2,17.8,76,WSW,9.7,33.8,1016.09,0,0,0,65,,
2022-06-07,20:15,21.8,17.8,79,NW,9.7,32.2,1016.05,0,0,0,26,,
2022-06-07,20:30,21.4,17.8,82,WNW,1.6,14.5,1016.36,0,0,0,14,,
2022-06-07,20:45,21.2,18.3,84,NNE,4.8,14.5,1016.36,0,0,0,0,,
2022-06-07,21:00,20.7,17.8,86,ENE,14.5,19.3,1016.32,0,0,0,0,,
2022-06-07,21:15,20.4,17.8,87,ENE,9.7,17.7,1016.53,0,0,0,0,,
2022-06-07,21:30,20.2,17.8,88,WSW,3.2,14.5,1016.59,0,0,0,0,,
2022-06-07,21:45,20,17.8,89,WNW,6.4,17.7,1016.76,0,0,0,0,,
2022-06-07,22:00,19.8,17.8,90,NORTH,0,12.9,1016.9,0,0,0,0,,
2022-06-07,22:15,19.7,17.8,90,WNW,1.6,11.3,1017.1,0,0,0,0,,
2022-06-07,22:30,19.6,17.8,91,WNW,8,16.1,1017.14,0,0,0,0,,
2022-06-07,22:45,19.5,17.8,91,WNW,4.8,12.9,1017,0,0,0,0,,
2022-06-07,23:00,19.5,17.8,92,WEST,9.7,17.7,1016.86,0,0,0,0,,
2022-06-07,23:15,19.5,17.8,92,WEST,14.5,17.7,1016.7,0,0,0,0,,
2022-06-07,23:30,19.4,17.8,92,WNW,6.4,14.5,1016.73,0,0,0,0,,
2022-06-07,23:45,19.3,17.8,93,WNW,3.2,8,1016.76,0,0,0,0,,
2022-06-07,OVR,,,,,,,,,,,,gustmax,49.9
2022-06-07,OVR,,,,,,,,,,,,rainrate_max,0
2022-06-07,OVR,,,,,,,,,,,,rain_total_mm,0
2022-06-07,OVR,,,,,,,,,,,,tmax,27.2
2022-06-07,OVR,,,,,,,,,,,,tmin,17.8
2022-06-07,OVR,,,,,,,,,,,,wind_dir_mean_deg,292.5
2022-06-08,00:00,19.2,17.8,93,WNW,6.4,11.3,1017.07,0,0,0,0,,
2022-06-08,00:15,19.2,17.8,93,WNW,8,16.1,1016.93,0,0,0,0,,
2022-06-08,00:30,19.3,17.8,93,WNW,4.8,17.7,1016.73,0,0,0,0,,
2022-06-08,00:45,19.2,17.8,93,WNW,4.8,12.9,1016.56,0,0,0,0,,
2022-06-08,01:00,19.1,17.8,93,WNW,3.2,8,1016.59,0,0,0,0,,
2022-06-08,01:15,19.1,17.8,93,WNW,6.4,8,1016.42,0,0,0,0,,
2022-06-08,01:30,19.1,17.8,93,WNW,4.8,12.9,1016.36,0,0,0,0,,
2022-06-08,01:45,18.9,17.8,93,NORTH,0,6.4,1016.05,0,0,0,0,,
2022-06-08,02:00,18.8,17.8,94,WNW,3.2,6.4,1016.09,0,0,0,0,,
2022-06-08,02:15,18.9,17.8,94,WNW,9.7,12.9,1015.92,0,0,0,0,,
2022-06-08,02:30,18.9,17.8,94,NW,8,22.5,1016.02,0,0,0,0,,
2022-06-08,02:45,18.7,17.8,94,WNW,8,12.9,1015.85,0,0,0,0,,
2022-06-08,03:00,18.7,17.2,94,WNW,4.8,17.7,1015.58,0,0,0,0,,
2022-06-08,03:15,18.6,17.2,94,WNW,6.4,17.7,1015.37,0,0,0,0,,
2022-06-08,03:30,18.6,17.2,94,WNW,12.9,20.9,1015.27,0,0,0,0,,
2022-06-08,03:45,18.6,17.2,94,WNW,12.9,20.9,1015.41,0,0,0,0,,
2022-06-08,04:00,18.4,17.2,93,WNW,4.8,17.7,1014.97,0,0,0,0,,
2022-06-08,04:15,18.3,16.7,92,WNW,11.3,16.1,1014.93,0,0,0,0,,
2022-06-08,04:30,18.4,16.7,91,WNW,11.3,19.3,1014.83,0,0,0,0,,
2022-06-08,04:45,18.7,16.7,89,WEST,17.7,25.7,1014.93,0,0,0,0,,
2022-06-08,05:00,18.6,16.7,89,NW,8,19.3,1014.83,0,0,0,0,,
2022-06-08,05:15,18.3,16.7,91,WNW,11.3,20.9,1014.77,0,0,0,0,,
2022-06-08,05:30,18.3,16.7,91,WNW,9.7,16.1,1014.63,0,0,0,0,,
2022-06-08,05:45,18.3,16.7,92,WNW,11.3,22.5,1014.73,0,0,0,0,,
2022-06-08,06:00,18.3,16.7,92,WNW,8,16.1,1014.63,0,0,0,0,,
2022-06-08,06:15,18,16.7,92,NNW,3.2,16.1,1014.49,0,0,0,9,,
2022-06-08,06:30,17.9,16.7,92,NW,8,9.7,1014.6,0,0,0,18,,
2022-06-08,06:45,17.7,16.1,91,NW,4.8,11.3,1014.43,0,0,0,28,,
2022-06-08,07:00,18,15.6,87,WNW,3.2,11.3,1014.53,0,0,0,39,,
2022-06-08,07:15,17.9,15.6,87,NW,1.6,9.7,1014.53,0,0,0,83,,
2022-06-08,07:30,17.9,16.1,89,NW,4.8,9.7,1014.66,0,0,0,86,,
2022-06-08,07:45,18,16.1,90,WNW,11.3,11.3,1014.66,0,0,0,93,,
2022-06-08,08:00,18.8,16.7,88,WNW,8,20.9,1014.73,0,0,0,130,,
2022-06-08,08:15,19,16.7,88,NNW,8,17.7,1014.77,0,0,0,146,,
2022-06-08,08:30,18.8,16.7,88,NNW,6.4,9.7,1014.83,0,0,1,174,,
2022-06-08,08:45,19.2,16.7,87,NW,9.7,9.7,1015.1,0,0,1,200,,
2022-06-08,09:00,19.7,16.7,85,WNW,6.4,16.1,1015.1,0,0,1,343,,
2022-06-08,09:15,20.6,17.2,82,NW,8,14.5,1015.17,0,0,2,411,,
2022-06-08,09:30,21.1,17.8,82,WEST,16.1,20.9,1015.1,0,0,2,497,,
2022-06-08,09:45,21.8,17.2,75,WNW,14.5,22.5,1014.97,0,0,2,241,,
2022-06-08,10:00,22.3,17.2,75,WEST,12.9,25.7,1014.87,0,0,3,536,,
2022-06-08,10:15,23.4,16.7,66,WEST,22.5,25.7,1014.8,0,0,4,603,,
2022-06-08,10:30,23.6,16.1,63,WNW,14.5,33.8,1014.87,0,0,4,752,,
2022-06-08,10:45,23.9,16.7,64,WEST,19.3,37,1014.77,0,0,4,749,,
2022-06-08,11:00,24.5,16.1,60,ENE,14.5,29,1014.7,0,0,5,747,,
2022-06-08,11:15,24.7,16.1,59,WNW,19.3,27.4,1014.93,0,0,5,856,,
2022-06-08,11:30,25.2,15,54,WEST,17.7,29,1014.9,0,0,6,875,,
2022-06-08,11:45,25.1,14.4,52,WEST,24.1,30.6,1014.77,0,0,6,854,,
2022-06-08,12:00,25.1,15.6,57,ENE,1.6,38.6,1014.73,0,0,6,916,,
2022-06-08,12:15,25.3,16.1,57,WNW,16.1,30.6,1014.63,0,0,6,719,,
2022-06-08,12:30,25.6,16.7,59,ENE,12.9,37,1014.49,0,0,7,937,,
2022-06-08,12:45,25.8,16.7,58,NE,6.4,32.2,1014.63,0,0,7,954,,
2022-06-08,13:00,26.1,16.1,55,WEST,16.1,40.2,1014.6,0,0,7,918,,
2022-06-08,13:15,26.3,16.1,53,WEST,29,40.2,1014.7,0,0,7,963,,
2022-06-08,13:30,26.1,15.6,52,WSW,29,45.1,1014.8,0,0,7,907,,
2022-06-08,13:45,25.9,14.4,50,WNW,16.1,43.5,1014.63,0,0,7,919,,
2022-06-08,14:00,25.6,14.4,51,EAST,22.5,45.1,1014.63,0,0,4,427,,
2022-06-08,14:15,25.4,14.4,50,WEST,33.8,51.5,1014.56,0,0,3,418,,
2022-06-08,14:30,24.6,14.4,53,WEST,14.5,40.2,1014.46,0,0,3,369,,
2022-06-08,14:45,25,13.9,51,ENE,14.5,38.6,1014.53,0,0,4,599,,
2022-06-08,15:00,24.4,14.4,54,WEST,27.4,43.5,1014.66,0,0,3,396,,
2022-06-08,15:15,24.1,13.9,54,WEST,20.9,41.8,1014.53,0,0,2,315,,
2022-06-08,15:30,24.1,14.4,54,WEST,30.6,43.5,1014.63,0,0,2,315,,
2022-06-08,15:45,24,14.4,55,NW,22.5,35.4,1014.7,0,0,4,661,,
2022-06-08,16:00,24.5,14.4,54,WNW,16.1,38.6,1014.7,0,0,4,622,,
2022-06-08,16:15,24.2,13.9,53,WNW,14.5,38.6,1014.83,0,0,2,383,,
2022-06-08,16:30,24.3,13.9,53,WEST,38.6,33.8,1014.87,0,0,3,473,,
2022-06-08,16:45,24.3,13.9,52,WEST,29,40.2,1014.6,0,0,2,227,,
2022-06-08,17:00,23.7,14.4,56,WNW,30.6,35.4,1014.73,0,0,1,178,,
2022-06-08,17:15,23.4,14.4,58,WNW,17.7,41.8,1014.7,0,0,1,214,,
2022-06-08,17:30,23.3,15,60,WEST,32.2,37,1014.33,0,0,2,325,,
2022-06-08,17:45,23.2,15,62,WEST,17.7,46.7,1014.33,0,0,2,353,,
2022-06-08,18:00,23.1,15.6,63,NW,14.5,43.5,1014.29,0,0,1,322,,
2022-06-08,18:15,23.1,15.6,63,WNW,12.9,32.2,1014.26,0,0,1,221,,
2022-06-08,18:30,23,15.6,63,WNW,14.5,32.2,1014.02,0,0,1,260,,
2022-06-08,18:45,22.9,15.6,64,WNW,27.4,38.6,1014.26,0,0,0,116,,
2022-06-08,19:00,22.6,16.1,67,WEST,19.3,37,1014.19,0,0,0,213,,
2022-06-08,19:15,22.5,16.1,68,WEST,20.9,37,1014.12,0,0,0,88,,
2022-06-08,19:30,22.1,16.1,68,WEST,22.5,32.2,1014.29,0,0,0,83,,
2022-06-08,19:45,22.1,16.1,70,WEST,11.3,30.6,1014.33,0,0,0,76,,
2022-06-08,20:00,21.7,16.1,71,WEST,11.3,24.1,1014.29,0,0,0,51,,
2022-06-08,20:15,21.4,16.1,72,WEST,6.4,24.1,1014.16,0,0,0,40,,
2022-06-08,20:30,21.2,16.1,73,WNW,14.5,25.7,1014.09,0,0,0,18,,
2022-06-08,20:45,20.9,16.1,75,WEST,16.1,16.1,1013.99,0,0,0,0,,
2022-06-08,21:00,20.8,16.1,76,WNW,12.9,20.9,1014.16,0,0,0,0,,
2022-06-08,21:15,20.6,16.1,77,WEST,4.8,17.7,1014.05,0,0,0,0,,
2022-06-08,21:30,20.4,16.1,78,WEST,17.7,19.3,1014.36,0,0,0,0,,
2022-06-08,21:45,20.1,16.1,79,WEST,6.4,17.7,1014.43,0,0,0,0,,
2022-06-08,22:00,19.9,16.1,80,WEST,6.4,16.1,1014.29,0,0,0,0,,
2022-06-08,22:15,19.7,16.1,80,WNW,6.4,14.5,1014.49,0,0,0,0,,
2022-06-08,22:30,19.7,16.1,82,WNW,12.9,24.1,1014.93,0,0,0,0,,
2022-06-08,22:45,19.7,16.7,82,WNW,22.5,27.4,1014.6,0,0,0,0,,
2022-06-08,23:00,19.6,16.7,83,WEST,24.1,29,1014.36,0,0,0,0,,
2022-06-08,23:15,19.6,16.7,83,WEST,20.9,30.6,1014.56,0,0,0,0,,
2022-06-08,23:30,19.5,16.7,83,WEST,17.7,29,1014.49,0,0,0,0,,
2022-06-08,23:45,19.5,16.7,83,WNW,16.1,30.6,1014.43,0,0,0,0,,
2022-06-08,OVR,,,,,,,,,,,,gustmax,38.6
2022-06-08,OVR,,,,,,,,,,,,rainrate_max,0
2022-06-08,OVR,,,,,,,,,,,,rain_total_mm,0
2022-06-08,OVR,,,,,,,,,,,,tmax,26.3
2022-06-08,OVR,,,,,,,,,,,,tmin,17.7
2022-06-08,OVR,,,,,,,,,,,,wind_dir_mean_deg,292.5
2022-06-09,00:00,19.4,16.1,83,WNW,20.9,29,1014.22,0,0,0,0,,
2022-06-09,00:15,19.4,16.1,84,WNW,12.9,24.1,1014.05,0,0,0,0,,
2022-06-09,00:30,19.3,16.7,85,WNW,17.7,25.7,1013.99,0,0,0,0,,
2022-06-09,00:45,19.2,16.7,85,WNW,12.9,20.9,1013.99,0,0,0,0,,
2022-06-09,01:00,19,16.1,86,WEST,17.7,24.1,1013.82,0,0,0,0,,
2022-06-09,01:15,18.8,16.7,87,WEST,16.1,22.5,1013.68,0,0,0,0,,
2022-06-09,01:30,18.9,16.7,87,WNW,16.1,25.7,1013.51,0,0,0,0,,
2022-06-09,01:45,18.9,16.7,87,WNW,19.3,30.6,1013.61,0,0,0,0,,
2022-06-09,02:00,18.9,16.7,87,WEST,14.5,27.4,1013.44,0,0,0,0,,
2022-06-09,02:15,18.8,16.7,88,WNW,17.7,32.2,1013.28,0,0,0,0,,
2022-06-09,02:30,18.8,16.7,88,NW,19.3,22.5,1013.34,0,0,0,0,,
2022-06-09,02:45,18.7,16.7,89,NW,25.7,27.4,1013.68,0,0,0,0,,
2022-06-09,03:00,18.7,16.7,89,WNW,17.7,29,1013.51,0,0,0,0,,
2022-06-09,03:15,18.6,16.7,89,WNW,14.5,29,1013.51,0,0,0,0,,
2022-06-09,03:30,18.6,16.7,89,NW,20.9,22.5,1013.44,0,0,0,0,,
2022-06-09,03:45,18.6,16.7,89,NW,17.7,25.7,1013.41,0,0,0,0,,
2022-06-09,04:00,18.6,16.7,89,WEST,16.1,24.1,1013.14,0,0,0,0,,
2022-06-09,04:15,18.7,16.7,88,WNW,19.3,29,1013.24,0,0,0,0,,
2022-06-09,04:30,18.6,16.7,88,WNW,17.7,24.1,1013.07,0,0,0,0,,
2022-06-09,04:45,18.6,16.1,88,WNW,12.9,20.9,1013.14,0,0,0,0,,
2022-06-09,05:00,18.3,16.1,88,NW,3.2,12.9,1013.07,0,0,0,0,,
2022-06-09,05:15,18.4,16.1,89,WNW,11.3,11.3,1013.07,0,0,0,0,,
2022-06-09,05:30,18.7,16.7,89,WNW,16.1,22.5,1012.87,0,0,0,0,,
2022-06-09,05:45,18.4,16.1,88,NNW,3.2,14.5,1013.17,0,0,0,0,,
2022-06-09,06:00,18.4,16.1,88,,4.8,24.1,1013,0,0,0,0,,
2022-06-09,06:15,18.4,16.1,87,NW,1.6,17.7,1013.07,0,0,0,0,,
2022-06-09,06:30,18.6,16.1,87,NW,4.8,12.9,1013.14,0,0,0,11,,
2022-06-09,06:45,18.6,16.7,88,WNW,1.6,19.3,1013.21,0,0,0,33,,
2022-06-09,07:00,18.6,16.7,88,NW,8,12.9,1013.24,0,0,0,53,,
2022-06-09,07:15,18.8,16.7,89,WEST,14.5,27.4,1013.17,0,0,0,76,,
2022-06-09,07:30,18.8,16.7,89,WEST,17.7,38.6,1013.24,0,0,0,109,,
2022-06-09,07:45,19,17.2,89,WNW,12.9,29,1013.31,0,0,0,144,,
2022-06-09,08:00,19.2,17.2,88,WEST,24.1,40.2,1013.24,0,0,1,165,,
2022-06-09,08:15,19.4,17.2,88,WNW,19.3,38.6,1013.24,0,0,1,209,,
2022-06-09,08:30,19.7,17.2,87,WNW,16.1,30.6,1013.07,0,0,1,174,,
2022-06-09,08:45,19.8,17.2,86,WEST,11.3,29,1013.24,0,0,1,155,,
2022-06-09,09:00,20.1,17.2,84,WEST,29,45.1,1013.44,0,0,1,225,,
2022-06-09,09:15,20.6,16.7,80,WNW,25.7,43.5,1013.55,0,0,1,378,,
2022-06-09,09:30,20.6,17.2,81,WNW,35.4,46.7,1013.38,0,0,2,287,,
2022-06-09,09:45,20.8,16.7,78,WNW,33.8,43.5,1013.41,0,0,2,448,,
2022-06-09,10:00,20.8,16.7,79,WEST,17.7,51.5,1013.38,0,0,3,399,,
2022-06-09,10:15,21.1,16.1,73,EAST,33.8,43.5,1013.28,0,0,3,506,,
2022-06-09,10:30,20.9,15.6,73,WEST,29,54.7,1013.48,0,0,3,587,,
2022-06-09,10:45,21,15.6,72,WEST,48.3,53.1,1013.17,0,0,4,682,,
2022-06-09,11:00,21.3,15,67,WEST,43.5,59.5,1013.11,0,0,4,807,,
2022-06-09,11:15,21.8,14.4,63,WNW,24.1,57.9,1013.14,0,0,5,763,,
2022-06-09,11:30,21.7,13.9,62,WEST,45.1,62.8,1013.41,0,0,5,810,,
2022-06-09,11:45,21.9,14.4,63,WNW,40.2,61.2,1013.17,0,0,5,802,,
2022-06-09,12:00,21.8,15,65,WEST,49.9,69.2,1013.14,0,0,6,896,,
2022-06-09,12:15,21.6,13.3,60,WEST,49.9,67.6,1013.21,0,0,6,933,,
2022-06-09,12:30,22.1,13.9,61,WNW,35.4,69.2,1013.11,0,0,7,1007,,
2022-06-09,12:45,21.7,13.9,61,WEST,54.7,70.8,1013.34,0,0,7,984,,
2022-06-09,13:00,22.2,13.3,58,,35.4,69.2,1013.11,0,0,7,981,,
2022-06-09,13:15,21.9,14.4,62,WNW,35.4,69.2,1012.84,0,0,4,1013,,
2022-06-09,13:30,21.8,13.3,59,WNW,38.6,70.8,1012.73,0,0,7,1018,,
2022-06-09,13:45,21.8,13.9,62,WNW,24.1,85.3,1012.73,0,0,7,958,,
2022-06-09,14:00,21.6,13.3,61,NW,35.4,70.8,1013,0,0,7,1005,,
2022-06-09,14:15,21.5,13.3,61,WEST,33.8,66,1012.84,0,0,3,234,,
2022-06-09,14:30,21.7,13.9,62,NW,30.6,74,1012.39,0,0,7,937,,
2022-06-09,14:45,21.6,12.8,57,WNW,41.8,74,1013.11,0,0,6,886,,
2022-06-09,15:00,21.4,13.9,62,WNW,64.4,70.8,1012.7,0,0,6,879,,
2022-06-09,15:15,21.2,13.3,62,NW,32.2,69.2,1012.63,0,0,6,875,,
2022-06-09,15:30,21.1,13.3,62,WEST,49.9,69.2,1012.6,0,0,5,835,,
2022-06-09,15:45,20.9,13.9,64,WNW,45.1,74,1012.53,0,0,5,840,,
2022-06-09,16:00,20.7,13.9,65,WNW,29,82.1,1012.6,0,0,5,860,,
2022-06-09,16:15,20.6,13.9,65,WEST,49.9,77.2,1012.43,0,0,4,816,,
2022-06-09,16:30,20.8,13.9,64,WNW,35.4,66,1012.63,0,0,4,793,,
2022-06-09,16:45,20.3,13.9,67,WEST,46.7,69.2,1012.87,0,0,2,229,,
2022-06-09,17:00,20.3,13.9,66,WEST,40.2,66,1012.67,0,0,2,668,,
2022-06-09,17:15,20,13.9,68,WNW,33.8,64.4,1013,0,0,1,144,,
2022-06-09,17:30,19.4,13.9,70,WEST,62.8,69.2,1012.8,0,0,2,624,,
2022-06-09,17:45,19.6,13.3,68,WEST,40.2,67.6,1012.73,0,0,2,554,,
2022-06-09,18:00,19.4,13.3,67,WNW,33.8,66,1012.8,0,0,1,174,,
2022-06-09,18:15,19.2,12.8,67,WEST,30.6,75.6,1012.7,0,0,1,109,,
2022-06-09,18:30,19.2,12.8,67,WNW,27.4,67.6,1012.63,0,0,1,134,,
2022-06-09,18:45,19.1,12.8,68,WEST,62.8,66,1012.63,0,0,0,56,,
2022-06-09,19:00,19.3,12.8,68,WNW,41.8,54.7,1012.53,0,0,0,109,,
2022-06-09,19:15,18.9,12.8,69,WNW,29,64.4,1012.53,0,0,0,54,,
2022-06-09,19:30,18.9,12.8,68,WEST,32.2,62.8,1012.6,0,0,0,62,,
2022-06-09,19:45,18.8,12.8,68,WNW,38.6,66,1012.7,0,0,0,49,,
2022-06-09,20:00,18.7,12.8,69,NW,33.8,67.6,1012.77,0,0,0,39,,
2022-06-09,20:15,18.7,12.8,70,WNW,17.7,53.1,1013.11,0,0,0,32,,
2022-06-09,20:30,18.6,12.8,70,NW,45.1,45.1,1013.11,0,0,0,18,,
2022-06-09,20:45,18.5,12.8,70,WNW,38.6,53.1,1013.21,0,0,0,0,,
2022-06-09,21:00,18.4,12.8,71,NW,14.5,51.5,1013.31,0,0,0,0,,
2022-06-09,21:15,18.5,12.8,71,WNW,12.9,40.2,1013.75,0,0,0,0,,
2022-06-09,21:30,18.4,12.8,72,WEST,16.1,38.6,1013.82,0,0,0,0,,
2022-06-09,21:45,18.3,13.3,73,WNW,17.7,46.7,1013.85,0,0,0,0,,
2022-06-09,22:00,18.2,13.3,74,WNW,25.7,30.6,1014.12,0,0,0,0,,
2022-06-09,22:15,18,13.3,75,WNW,12.9,32.2,1014.36,0,0,0,0,,
2022-06-09,22:30,17.9,13.3,76,WNW,17.7,40.2,1014.19,0,0,0,0,,
2022-06-09,22:45,17.8,13.3,77,NW,4.8,25.7,1014.53,0,0,0,0,,
2022-06-09,23:00,17.7,13.3,77,WNW,8,14.5,1014.53,0,0,0,0,,
2022-06-09,23:15,17.7,13.9,78,WNW,6.4,24.1,1014.63,0,0,0,0,,
2022-06-09,23:30,17.7,13.9,79,WNW,12.9,16.1,1014.87,0,0,0,0,,
2022-06-09,23:45,17.7,13.9,79,WNW,19.3,38.6,1014.36,0,0,0,0,,
2022-06-09,OVR,,,,,,,,,,,,gustmax,64.4
2022-06-09,OVR,,,,,,,,,,,,rainrate_max,0
2022-06-09,OVR,,,,,,,,,,,,rain_total_mm,0
2022-06-09,OVR,,,,,,,,,,,,tmax,22.3
2022-06-09,OVR,,,,,,,,,,,,tmin,17.5
2022-06-09,OVR,,,,,,,,,,,,wind_dir_mean_deg,292.5
2022-06-10,00:00,17.5,13.9,79,WNW,12.9,35.4,1014.22,0,0,0,0,,
2022-06-10,00:15,17.4,13.9,80,WEST,20.9,25.7,1014.16,0,0,0,0,,
2022-06-10,00:30,17.3,13.9,81,WEST,17.7,35.4,1013.99,0,0,0,0,,
2022-06-10,00:45,17.4,13.9,82,WNW,16.1,24.1,1014.16,0,0,0,0,,
2022-06-10,01:00,17.6,14.4,82,WEST,14.5,27.4,1014.12,0,0,0,0,,
2022-06-10,01:15,17.4,14.4,82,WEST,19.3,29,1013.88,0,0,0,0,,
2022-06-10,01:30,17.4,14.4,82,WNW,12.9,27.4,1014.02,0,0,0,0,,
2022-06-10,01:45,17.3,14.4,83,WEST,11.3,17.7,1014.16,0,0,0,0,,
2022-06-10,02:00,16.9,13.9,84,WEST,4.8,11.3,1014.05,0,0,0,0,,
2022-06-10,02:15,16.8,13.9,85,WEST,14.5,20.9,1013.75,0,0,0,0,,
2022-06-10,02:30,16.8,13.9,85,WEST,14.5,20.9,1013.68,0,0,0,0,,
2022-06-10,02:45,16.6,13.9,86,WEST,4.8,17.7,1013.44,0,0,0,0,,
2022-06-10,03:00,16.3,13.9,87,WEST,9.7,14.5,1013.55,0,0,0,0,,
2022-06-10,03:15,16.4,13.9,88,WEST,9.7,14.5,1013.48,0,0,0,0,,
2022-06-10,03:30,16.4,14.4,88,WNW,11.3,19.3,1013.24,0,0,0,0,,
2022-06-10,03:45,16.3,14.4,89,WEST,4.8,12.9,1013.44,0,0,0,0,,
2022-06-10,04:00,16.3,14.4,90,WNW,4.8,14.5,1013.38,0,0,0,0,,
2022-06-10,04:15,16.3,14.4,90,WNW,8,16.1,1013.31,0,0,0,0,,
2022-06-10,04:30,16.3,14.4,90,WEST,11.3,17.7,1013.31,0,0,0,0,,
2022-06-10,04:45,16.4,14.4,90,WNW,11.3,17.7,1013.38,0,0,0,0,,
2022-06-10,05:00,16.4,14.4,89,WNW,3.2,12.9,1013.51,0,0,0,0,,
2022-06-10,05:15,16,14.4,90,WNW,1.6,4.8,1013.55,0,0,0,0,,
2022-06-10,05:30,15.4,13.9,91,NORTH,0,1.6,1013.51,0,0,0,0,,
2022-06-10,05:45,15.3,13.9,91,NORTH,0,1.6,1013.61,0,0,0,0,,
2022-06-10,06:00,15,13.3,91,WNW,1.6,1.6,1013.65,0,0,0,0,,
2022-06-10,06:15,15.2,13.3,91,NORTH,0,1.6,1013.75,0,0,0,14,,
2022-06-10,06:30,15.4,13.9,90,WNW,3.2,4.8,1013.75,0,0,0,33,,
2022-06-10,06:45,15.6,13.9,90,WNW,3.2,8,1013.95,0,0,0,63,,
2022-06-10,07:00,15.1,13.3,91,NW,1.6,8,1014.16,0,0,0,100,,
2022-06-10,07:15,15.2,13.3,91,NORTH,0,4.8,1014.16,0,0,0,137,,
2022-06-10,07:30,15.3,13.3,90,NW,3.2,6.4,1014.22,0,0,0,207,,
2022-06-10,07:45,15.8,13.9,88,NW,8,8,1014.29,0,0,0,258,,
2022-06-10,08:00,17.1,14.4,86,NW,3.2,8,1014.43,0,0,1,306,,
2022-06-10,08:15,18,14.4,81,NW,4.8,8,1014.63,0,0,1,330,,
2022-06-10,08:30,18.7,14.4,78,WNW,11.3,12.9,1014.7,0,0,1,404,,
2022-06-10,08:45,19.2,14.4,75,WNW,6.4,20.9,1014.93,0,0,2,455,,
2022-06-10,09:00,19.8,14.4,73,WEST,14.5,19.3,1014.9,0,0,2,503,,
2022-06-10,09:15,20.2,14.4,71,WNW,16.1,20.9,1014.93,0,0,2,540,,
2022-06-10,09:30,21.2,13.9,63,WNW,14.5,22.5,1015.1,0,0,3,548,,
2022-06-10,09:45,21.7,13.9,62,WNW,14.5,25.7,1014.83,0,0,3,524,,
2022-06-10,10:00,22.4,13.9,60,NW,14.5,24.1,1015.21,0,0,3,527,,
2022-06-10,10:15,22.9,13.3,56,WNW,12.9,25.7,1015.17,0,0,4,598,,
2022-06-10,10:30,23.4,12.8,52,WNW,16.1,29,1015.27,0,0,4,728,,
2022-06-10,10:45,24.1,11.7,46,NNW,16.1,30.6,1015.21,0,0,4,798,,
2022-06-10,11:00,24.4,10.6,42,NNW,22.5,37,1015.54,0,0,5,831,,
2022-06-10,11:15,24.8,10,40,NW,17.7,35.4,1015.27,0,0,5,858,,
2022-06-10,11:30,25.1,10.6,40,NW,32.2,33.8,1015.34,0,0,5,884,,
2022-06-10,11:45,25.3,10.6,40,WNW,12.9,37,1015.24,0,0,6,900,,
2022-06-10,12:00,25.9,10,37,NW,20.9,41.8,1015.44,0,0,6,928,,
2022-06-10,12:15,26.2,10,36,NW,17.7,32.2,1015.41,0,0,6,937,,
2022-06-10,12:30,26.1,12.8,43,WNW,29,35.4,1015.34,0,0,6,932,,
2022-06-10,12:45,26.1,12.2,42,WNW,19.3,54.7,1015.17,0,0,7,960,,
2022-06-10,13:00,26,12.8,44,WEST,53.1,46.7,1015.44,0,0,7,951,,
2022-06-10,13:15,25.8,12.2,42,WNW,38.6,43.5,1015.51,0,0,7,956,,
2022-06-10,13:30,25.4,12.8,45,WNW,33.8,48.3,1015.51,0,0,7,954,,
2022-06-10,13:45,25.2,13.9,49,WEST,35.4,48.3,1015.71,0,0,7,940,,
2022-06-10,14:00,24.9,13.9,52,WNW,24.1,46.7,1015.68,0,0,7,932,,
2022-06-10,14:15,24.8,14.4,54,WNW,19.3,49.9,1015.85,0,0,6,919,,
2022-06-10,14:30,24.2,15,56,WEST,30.6,51.5,1015.82,0,0,6,905,,
2022-06-10,14:45,24.8,15,56,WNW,32.2,48.3,1016.02,0,0,6,884,,
2022-06-10,15:00,24.4,15,55,WEST,33.8,59.5,1015.92,0,0,6,861,,
2022-06-10,15:15,24.6,14.4,54,WNW,14.5,54.7,1016.05,0,0,5,838,,
2022-06-10,15:30,24.3,14.4,55,WNW,45.1,57.9,1016.12,0,0,5,812,,
2022-06-10,15:45,24.4,14.4,54,WEST,27.4,51.5,1016.29,0,0,5,779,,
2022-06-10,16:00,24.4,14.4,55,WEST,25.7,49.9,1016.12,0,0,4,744,,
2022-06-10,16:15,24.4,14.4,55,WEST,32.2,54.7,1016.22,0,0,4,707,,
2022-06-10,16:30,24.3,13.9,53,WNW,12.9,51.5,1016.12,0,0,4,671,,
2022-06-10,16:45,24.6,14.4,54,WNW,27.4,45.1,1016.05,0,0,3,624,,
2022-06-10,17:00,24.4,14.4,54,WEST,38.6,49.9,1016.32,0,0,3,589,,
2022-06-10,17:15,24.3,14.4,54,ENE,16.1,45.1,1016.15,0,0,3,543,,
2022-06-10,17:30,24.2,15,58,WNW,17.7,41.8,1016.42,0,0,2,501,,
2022-06-10,17:45,24.2,15.6,59,WNW,14.5,43.5,1016.19,0,0,2,455,,
2022-06-10,18:00,24.2,15.6,58,WNW,24.1,45.1,1016.22,0,0,2,408,,
2022-06-10,18:15,24.3,14.4,54,EAST,24.1,40.2,1016.12,0,0,1,360,,
2022-06-10,18:30,24.7,13.3,49,WNW,14.5,35.4,1016.19,0,0,1,311,,
2022-06-10,18:45,24.6,13.3,49,WNW,19.3,43.5,1016.32,0,0,1,265,,
2022-06-10,19:00,24.6,12.8,49,WNW,20.9,30.6,1016.42,0,0,1,221,,
2022-06-10,19:15,24.4,13.9,52,WEST,4.8,41.8,1016.42,0,0,0,171,,
2022-06-10,19:30,24,13.9,54,WNW,14.5,22.5,1016.73,0,0,0,120,,
2022-06-10,19:45,23.6,14.4,58,WNW,8,25.7,1016.59,0,0,0,79,,
2022-06-10,20:00,23,15.6,63,WNW,17.7,25.7,1016.56,0,0,0,44,,
2022-06-10,20:15,22.6,15,63,WEST,24.1,29,1016.9,0,0,0,19,,
2022-06-10,20:30,22.1,15,65,WNW,17.7,30.6,1016.97,0,0,0,12,,
2022-06-10,20:45,21.5,15.6,69,WEST,11.3,25.7,1017.03,0,0,0,0,,
2022-06-10,21:00,21,15.6,71,WEST,14.5,20.9,1017.03,0,0,0,0,,
2022-06-10,21:15,20.6,15.6,74,WEST,11.3,29,1017.1,0,0,0,0,,
2022-06-10,21:30,20.1,15.6,76,WEST,11.3,22.5,1017.31,0,0,0,0,,
2022-06-10,21:45,19.7,15.6,78,WSW,4.8,17.7,1017.64,0,0,0,0,,
2022-06-10,22:00,19.4,15.6,81,NORTH,0,6.4,1017.78,0,0,0,0,,
2022-06-10,22:15,19.1,15.6,82,WSW,3.2,9.7,1017.98,0,0,0,0,,
2022-06-10,22:30,18.7,15.6,84,SSW,3.2,6.4,1018.19,0,0,0,0,,
2022-06-10,22:45,18.4,15.6,85,NORTH,0,8,1018.29,0,0,0,0,,
2022-06-10,23:00,18.2,15.6,85,SSW,3.2,6.4,1018.49,0,0,0,0,,
2022-06-10,23:15,18.1,15.6,87,SOUTH,3.2,8,1018.8,0,0,0,0,,
2022-06-10,23:30,17.6,15.6,88,SOUTH,3.2,6.4,1018.86,0,0,0,0,,
2022-06-10,23:45,17.7,15.6,89,SOUTH,1.6,4.8,1018.86,0,0,0,0,,
2022-06-10,OVR,,,,,,,,,,,,gustmax,53.1
2022-06-10,OVR,,,,,,,,,,,,rainrate_max,0
2022-06-10,OVR,,,,,,,,,,,,rain_total_mm,0
2022-06-10,OVR,,,,,,,,,,,,tmax,26.4
2022-06-10,OVR,,,,,,,,,,,,tmin,14.8
2022-06-10,OVR,,,,,,,,,,,,wind_dir_mean_deg,292.5
2022-06-11,00:00,17.2,15.6,90,SOUTH,3.2,4.8,1018.96,0,0,0,0,,
2022-06-11,00:15,17.1,15.6,91,SOUTH,1.6,4.8,1019.13,0,0,0,0,,
2022-06-11,00:30,17.2,15.6,92,SOUTH,3.2,4.8,1018.9,0,0,0,0,,
2022-06-11,00:45,17.2,15.6,91,NORTH,0,4.8,1018.86,0,0,0,0,,
2022-06-11,01:00,17.4,15.6,92,SOUTH,3.2,4.8,1018.66,0,0,0,0,,
2022-06-11,01:15,17.2,15.6,90,SOUTH,1.6,4.8,1018.83,0,0,0,0,,
2022-06-11,01:30,16.9,15,89,SOUTH,3.2,4.8,1018.86,0,0,0,0,,
2022-06-11,01:45,17,15,88,SOUTH,1.6,3.2,1018.8,0,0,0,0,,
2022-06-11,02:00,16.9,14.4,87,SOUTH,4.8,4.8,1018.83,0,0,0,0,,
2022-06-11,02:15,17.4,15,86,NORTH,0,4.8,1018.63,0,0,0,0,,
2022-06-11,02:30,16.9,14.4,86,NORTH,0,3.2,1018.66,0,0,0,0,,
2022-06-11,02:45,16.8,14.4,86,SOUTH,1.6,4.8,1018.39,0,0,0,0,,
2022-06-11,03:00,17.1,14.4,84,NORTH,0,1.6,1018.39,0,0,0,0,,
2022-06-11,03:15,17.2,14.4,85,NORTH,0,1.6,1018.25,0,0,0,0,,
2022-06-11,03:30,17.6,15.6,89,SOUTH,1.6,4.8,1018.32,0,0,0,0,,
2022-06-11,03:45,17.4,15.6,91,SOUTH,1.6,3.2,1018.25,0,0,0,0,,
2022-06-11,04:00,17.1,15.6,91,NORTH,0,3.2,1018.46,0,0,0,0,,
2022-06-11,04:15,16.5,15,90,NORTH,0,3.2,1018.39,0,0,0,0,,
2022-06-11,04:30,16.3,14.4,89,SOUTH,1.6,3.2,1018.42,0,0,0,0,,
2022-06-11,04:45,16.7,14.4,89,NORTH,0,3.2,1018.32,0,0,0,0,,
2022-06-11,05:00,16.8,14.4,87,NORTH,0,1.6,1018.39,0,0,0,0,,
2022-06-11,05:15,16.8,14.4,85,NORTH,0,1.6,1018.46,0,0,0,0,,
2022-06-11,05:30,16.2,13.9,87,NORTH,0,1.6,1018.42,0,0,0,0,,
2022-06-11,05:45,16.1,13.9,87,NORTH,0,1.6,1018.42,0,0,0,0,,
2022-06-11,06:00,15.8,13.3,85,NORTH,0,3.2,1018.56,0,0,0,0,,
2022-06-11,06:15,15.6,12.8,83,NORTH,0,1.6,1018.76,0,0,0,11,,
2022-06-11,06:30,15.8,12.2,79,SOUTH,3.2,4.8,1018.86,0,0,0,37,,
2022-06-11,06:45,17,12.2,76,SOUTH,1.6,3.2,1018.83,0,0,0,72,,
2022-06-11,07:00,17.6,13.3,78,NORTH,0,0,1019.03,0,0,0,113,,
2022-06-11,07:15,17.8,13.9,78,NORTH,0,1.6,1019.1,0,0,0,148,,
2022-06-11,07:30,18.8,13.3,71,SW,3.2,8,1019.34,0,0,0,223,,
2022-06-11,07:45,19.2,13.9,71,SW,1.6,4.8,1019.54,0,0,1,267,,
2022-06-11,08:00,19.4,13.9,70,SW,6.4,6.4,1019.57,0,0,1,315,,
2022-06-11,08:15,19.9,13.9,69,WSW,4.8,11.3,1019.57,0,0,1,332,,
2022-06-11,08:30,20.8,13.9,66,WNW,6.4,12.9,1019.61,0,0,1,408,,
2022-06-11,08:45,21.4,13.9,63,NW,8,17.7,1019.61,0,0,2,457,,
2022-06-11,09:00,22.3,13.3,58,NW,24.1,22.5,1019.81,0,0,2,503,,
2022-06-11,09:15,23.1,13.9,56,NW,11.3,25.7,1019.74,0,0,2,540,,
2022-06-11,09:30,23.9,12.2,48,WNW,19.3,27.4,1019.84,0,0,3,541,,
2022-06-11,09:45,24.2,11.7,46,NW,16.1,22.5,1019.98,0,0,3,515,,
2022-06-11,10:00,24.7,11.7,44,NW,14.5,25.7,1019.98,0,0,3,515,,
2022-06-11,10:15,24.8,11.7,44,NNW,17.7,30.6,1020.12,0,0,4,589,,
2022-06-11,10:30,25.2,11.7,44,WEST,22.5,25.7,1019.91,0,0,4,715,,
2022-06-11,10:45,25.5,12.2,43,NNW,14.5,25.7,1020.12,0,0,4,777,,
2022-06-11,11:00,25.6,12.2,43,NW,16.1,24.1,1020.22,0,0,5,810,,
2022-06-11,11:15,26.6,12.2,42,NW,17.7,29,1020.18,0,0,5,837,,
2022-06-11,11:30,26.9,12.2,40,NNW,4.8,29,1020.01,0,0,5,861,,
2022-06-11,11:45,27.2,12.2,39,NW,12.9,20.9,1019.88,0,0,6,884,,
2022-06-11,12:00,27.3,12.2,39,WEST,14.5,30.6,1019.74,0,0,6,905,,
2022-06-11,12:15,27.3,11.7,39,NW,9.7,35.4,1019.98,0,0,6,919,,
2022-06-11,12:30,27.2,13.9,45,WNW,11.3,35.4,1019.78,0,0,6,930,,
2022-06-11,12:45,27,13.9,45,ENE,6.4,40.2,1019.88,0,0,7,939,,
2022-06-11,13:00,27.3,13.9,45,WEST,32.2,37,1019.61,0,0,7,942,,
2022-06-11,13:15,27.1,13.9,44,WNW,27.4,46.7,1019.71,0,0,7,944,,
2022-06-11,13:30,27.6,13.3,42,WNW,17.7,41.8,1019.57,0,0,7,942,,
2022-06-11,13:45,27.2,13.3,43,WEST,20.9,49.9,1019.68,0,0,7,937,,
2022-06-11,14:00,27.1,13.3,43,WEST,33.8,53.1,1019.54,0,0,7,926,,
2022-06-11,14:15,27.2,13.3,42,NE,32.2,56.3,1019.51,0,0,6,912,,
2022-06-11,14:30,27.2,12.8,41,WNW,38.6,53.1,1019.68,0,0,6,898,,
2022-06-11,14:45,27.2,12.8,41,WEST,29,51.5,1019.84,0,0,6,882,,
2022-06-11,15:00,26.6,12.8,43,WEST,30.6,49.9,1019.68,0,0,6,860,,
2022-06-11,15:15,26.7,12.2,41,WNW,30.6,51.5,1019.81,0,0,5,833,,
2022-06-11,15:30,26.5,12.2,42,WEST,27.4,49.9,1019.71,0,0,5,809,,
2022-06-11,15:45,26.2,12.8,43,WNW,35.4,54.7,1019.71,0,0,5,780,,
2022-06-11,16:00,26,12.8,44,WEST,25.7,61.2,1019.81,0,0,4,745,,
2022-06-11,16:15,26.1,12.2,42,WEST,40.2,61.2,1019.74,0,0,4,712,,
2022-06-11,16:30,26.1,11.7,42,WEST,32.2,53.1,1019.81,0,0,4,677,,
2022-06-11,16:45,25.8,11.1,41,WEST,37,59.5,1019.61,0,0,3,636,,
2022-06-11,17:00,25.7,10.6,39,WNW,27.4,61.2,1019.54,0,0,3,596,,
2022-06-11,17:15,25.7,10.6,39,ENE,17.7,54.7,1019.74,0,0,3,552,,
2022-06-11,17:30,25.6,10.6,39,WEST,27.4,69.2,1019.74,0,0,2,504,,
2022-06-11,17:45,25.4,10,39,WNW,24.1,48.3,1019.57,0,0,2,462,,
2022-06-11,18:00,25.1,10.6,41,WEST,17.7,57.9,1019.54,0,0,1,417,,
2022-06-11,18:15,25,10.6,40,WEST,29,43.5,1019.64,0,0,1,367,,
2022-06-11,18:30,24.6,10.6,42,WEST,19.3,41.8,1019.68,0,0,1,320,,
2022-06-11,18:45,24.3,11.1,44,WEST,22.5,41.8,1019.78,0,0,1,269,,
2022-06-11,19:00,24.1,11.7,46,WNW,11.3,37,1020.12,0,0,1,221,,
2022-06-11,19:15,23.8,12.2,49,WNW,6.4,33.8,1020.12,0,0,0,174,,
2022-06-11,19:30,23.4,13.3,53,WEST,17.7,45.1,1020.12,0,0,0,123,,
2022-06-11,19:45,23.2,13.3,55,WSW,3.2,30.6,1020.35,0,0,0,81,,
2022-06-11,20:00,22.7,13.9,58,SW,3.2,24.1,1020.49,0,0,0,44,,
2022-06-11,20:15,22.1,14.4,62,WEST,9.7,17.7,1020.66,0,0,0,21,,
2022-06-11,20:30,21.7,14.4,64,NORTH,0,11.3,1020.66,0,0,0,14,,
2022-06-11,20:45,20.9,14.4,66,SOUTH,1.6,9.7,1020.66,0,0,0,7,,
2022-06-11,21:00,20.3,14.4,68,NORTH,0,8,1020.69,0,0,0,0,,
2022-06-11,21:15,20.3,14.4,70,WEST,12.9,22.5,1020.69,0,0,0,0,,
2022-06-11,21:30,20.1,15,73,WEST,9.7,20.9,1021,0,0,0,0,,
2022-06-11,21:45,19.8,15.6,76,WEST,11.3,11.3,1021.3,0,0,0,0,,
2022-06-11,22:00,19.6,15.6,79,WEST,4.8,16.1,1021.5,0,0,0,0,,
2022-06-11,22:15,19.3,16.1,81,WEST,6.4,14.5,1021.64,0,0,0,0,,
2022-06-11,22:30,19.1,16.1,83,WEST,9.7,17.7,1021.98,0,0,0,0,,
2022-06-11,22:45,19,16.1,84,WEST,1.6,12.9,1021.64,0,0,0,0,,
2022-06-11,23:00,18.9,16.1,86,WNW,4.8,14.5,1021.74,0,0,0,0,,
2022-06-11,23:15,18.8,16.7,87,WNW,6.4,16.1,1021.88,0,0,0,0,,
2022-06-11,23:30,18.8,16.7,87,WNW,8,16.1,1021.61,0,0,0,0,,
2022-06-11,23:45,18.8,16.7,88,WNW,9.7,14.5,1021.84,0,0,0,0,,
2022-06-11,OVR,,,,,,,,,,,,gustmax,40.2
2022-06-11,OVR,,,,,,,,,,,,rainrate_max,0
2022-06-11,OVR,,,,,,,,,,,,rain_total_mm,0
2022-06-11,OVR,,,,,,,,,,,,tmax,27.8
2022-06-11,OVR,,,,,,,,,,,,tmin,15.6
2022-06-11,OVR,,,,,,,,,,,,wind_dir_mean_deg,270
2022-06-12,00:00,18.7,16.7,89,WNW,1.6,11.3,1021.84,0,0,0,0,,
2022-06-12,00:15,18.4,16.1,89,NORTH,0,4.8,1021.71,0,0,0,0,,
2022-06-12,00:30,17.7,15.6,88,WNW,1.6,3.2,1021.67,0,0,0,0,,
2022-06-12,00:45,17.8,16.1,90,NORTH,0,3.2,1021.5,0,0,0,0,,
2022-06-12,01:00,17.4,15.6,90,WNW,1.6,3.2,1021.5,0,0,0,0,,
2022-06-12,01:15,16.9,15,91,NORTH,0,1.6,1021.44,0,0,0,0,,
2022-06-12,01:30,17.1,15,90,WNW,1.6,3.2,1021.44,0,0,0,0,,
2022-06-12,01:45,17.3,15.6,91,WNW,1.6,3.2,1021.5,0,0,0,0,,
2022-06-12,02:00,17.6,16.1,90,NORTH,0,4.8,1021.4,0,0,0,0,,
2022-06-12,02:15,17.7,16.1,91,WNW,1.6,6.4,1021.33,0,0,0,0,,
2022-06-12,02:30,17.9,16.1,92,WNW,1.6,4.8,1021.3,0,0,0,0,,
2022-06-12,02:45,17.7,16.1,93,WNW,1.6,3.2,1021.03,0,0,0,0,,
2022-06-12,03:00,17.7,16.1,93,NORTH,0,3.2,1020.89,0,0,0,0,,
2022-06-12,03:15,17.4,16.1,93,WNW,1.6,3.2,1020.89,0,0,0,0,,
2022-06-12,03:30,17.3,16.1,93,WNW,1.6,3.2,1020.73,0,0,0,0,,
2022-06-12,03:45,17,15.6,93,NORTH,0,4.8,1020.62,0,0,0,0,,
2022-06-12,04:00,16.7,15.6,93,WNW,3.2,3.2,1020.56,0,0,0,0,,
2022-06-12,04:15,16.8,14.4,89,NORTH,0,4.8,1020.39,0,0,0,0,,
2022-06-12,04:30,17.4,13.9,81,WNW,1.6,4.8,1020.39,0,0,0,0,,
2022-06-12,04:45,17.6,13.3,78,WNW,3.2,3.2,1020.62,0,0,0,0,,
2022-06-12,05:00,17.9,12.8,74,NORTH,0,4.8,1020.79,0,0,0,0,,
2022-06-12,05:15,18.1,12.8,72,NORTH,0,4.8,1020.76,0,0,0,0,,
2022-06-12,05:30,18.1,12.8,71,WNW,1.6,3.2,1020.66,0,0,0,0,,
2022-06-12,05:45,18.3,12.2,69,NORTH,0,1.6,1020.62,0,0,0,0,,
2022-06-12,06:00,18.4,12.2,67,WNW,3.2,4.8,1020.86,0,0,0,0,,
2022-06-12,06:15,19.1,12.2,64,WNW,3.2,4.8,1020.79,0,0,0,12,,
2022-06-12,06:30,19.7,11.7,61,NORTH,0,3.2,1020.86,0,0,0,42,,
2022-06-12,06:45,19.2,11.7,64,WNW,1.6,1.6,1020.83,0,0,0,79,,
2022-06-12,07:00,20,12.2,60,WNW,6.4,6.4,1020.76,0,0,0,123,,
2022-06-12,07:15,21.3,11.7,55,WNW,3.2,4.8,1020.93,0,0,0,151,,
2022-06-12,07:30,22.1,11.7,53,NORTH,0,4.8,1021.27,0,0,0,225,,
2022-06-12,07:45,21.8,12.2,54,NORTH,0,4.8,1021.06,0,0,1,269,,
2022-06-12,08:00,22.8,12.8,53,NORTH,0,1.6,1021.4,0,0,1,320,,
2022-06-12,08:15,22.8,11.7,51,WNW,1.6,4.8,1021.54,0,0,1,332,,
2022-06-12,08:30,22.7,11.7,50,WNW,6.4,11.3,1021.74,0,0,1,415,,
2022-06-12,08:45,22.9,12.2,51,WNW,4.8,6.4,1021.74,0,0,2,455,,
2022-06-12,09:00,23.5,12.2,50,WNW,4.8,8,1021.84,0,0,2,503,,
2022-06-12,09:15,24.2,11.7,46,WNW,8,12.9,1022.05,0,0,2,541,,
2022-06-12,09:30,25.1,12.2,44,WNW,3.2,8,1022.05,0,0,2,545,,
2022-06-12,09:45,25.8,11.7,42,NW,4.8,9.7,1022.05,0,0,3,522,,
2022-06-12,10:00,26.1,11.7,41,NW,6.4,12.9,1022.11,0,0,3,522,,
2022-06-12,10:15,26.4,11.7,40,NNW,9.7,17.7,1022.11,0,0,4,596,,
2022-06-12,10:30,26.8,12.2,40,NNW,8,17.7,1021.88,0,0,4,714,,
2022-06-12,10:45,27.7,11.7,38,NW,19.3,29,1022.01,0,0,4,786,,
2022-06-12,11:00,28.2,11.7,36,WNW,11.3,24.1,1021.84,0,0,5,814,,
2022-06-12,11:15,28.3,12.8,39,WNW,14.5,20.9,1021.74,0,0,5,840,,
2022-06-12,11:30,28.2,13.9,42,WEST,14.5,27.4,1021.78,0,0,5,865,,
2022-06-12,11:45,28.9,10,31,NNW,1.6,22.5,1021.54,0,0,6,891,,
2022-06-12,12:00,29.2,13.3,37,NW,11.3,29,1021.23,0,0,6,905,,
2022-06-12,12:15,29.3,13.9,39,NW,14.5,37,1021.27,0,0,6,907,,
2022-06-12,12:30,28.7,14.4,42,WNW,27.4,33.8,1021.06,0,0,6,935,,
2022-06-12,12:45,28.6,13.3,39,WNW,16.1,32.2,1021.06,0,0,6,935,,
2022-06-12,13:00,29.1,13.3,39,WNW,11.3,33.8,1020.96,0,0,7,946,,
2022-06-12,13:15,29.4,13.3,37,WSW,11.3,40.2,1020.86,0,0,7,946,,
2022-06-12,13:30,29.2,13.3,38,WNW,27.4,38.6,1020.66,0,0,7,942,,
2022-06-12,13:45,28.9,12.8,37,WNW,12.9,48.3,1020.79,0,0,7,937,,
2022-06-12,14:00,28.5,11.7,35,,37,40.2,1020.66,0,0,7,928,,
2022-06-12,14:15,28.3,12.2,37,WEST,22.5,41.8,1020.73,0,0,6,912,,
2022-06-12,14:30,27.8,11.7,38,WEST,32.2,51.5,1020.76,0,0,6,905,,
2022-06-12,14:45,28.4,11.7,35,NNW,30.6,48.3,1020.66,0,0,6,884,,
2022-06-12,15:00,28.2,12.2,37,ENE,17.7,45.1,1020.73,0,0,6,863,,
2022-06-12,15:15,27.9,12.2,39,WEST,17.7,51.5,1020.73,0,0,5,838,,
2022-06-12,15:30,27.7,12.8,40,NE,20.9,33.8,1020.59,0,0,5,809,,
2022-06-12,15:45,27.5,12.2,39,WEST,40.2,40.2,1020.76,0,0,5,779,,
2022-06-12,16:00,27.1,12.2,40,WNW,33.8,43.5,1020.66,0,0,4,745,,
2022-06-12,16:15,27.1,12.2,40,WEST,35.4,45.1,1020.69,0,0,4,710,,
2022-06-12,16:30,26.8,12.8,41,NNE,25.7,43.5,1020.52,0,0,4,671,,
2022-06-12,16:45,26.7,12.8,42,WNW,22.5,48.3,1020.56,0,0,3,635,,
2022-06-12,17:00,26.7,12.2,41,WEST,29,45.1,1020.66,0,0,3,594,,
2022-06-12,17:15,26.4,13.3,44,WEST,22.5,43.5,1020.56,0,0,3,548,,
2022-06-12,17:30,25.7,12.8,45,WNW,20.9,45.1,1020.62,0,0,2,504,,
2022-06-12,17:45,25.7,12.8,45,ENE,22.5,27.4,1020.56,0,0,2,459,,
2022-06-12,18:00,25.6,13.9,48,WNW,20.9,27.4,1020.66,0,0,1,413,,
2022-06-12,18:15,25.2,13.9,49,WNW,12.9,33.8,1020.49,0,0,1,362,,
2022-06-12,18:30,24.6,14.4,54,WEST,3.2,37,1020.66,0,0,1,316,,
2022-06-12,18:45,24.3,15,57,WEST,16.1,27.4,1020.29,0,0,1,267,,
2022-06-12,19:00,24.1,15,58,NW,4.8,33.8,1020.42,0,0,1,223,,
2022-06-12,19:15,23.7,15.6,60,WNW,14.5,37,1020.39,0,0,0,171,,
2022-06-12,19:30,23.2,15.6,63,NNE,9.7,25.7,1020.42,0,0,0,123,,
2022-06-12,19:45,22.8,15.6,65,WEST,9.7,22.5,1020.39,0,0,0,81,,
2022-06-12,20:00,22.6,15.6,64,SSW,4.8,16.1,1020.69,0,0,0,46,,
2022-06-12,20:15,22.2,15,64,WEST,19.3,14.5,1020.69,0,0,0,21,,
2022-06-12,20:30,21.8,15,65,WEST,12.9,22.5,1020.83,0,0,0,14,,
2022-06-12,20:45,21.5,15,67,WSW,1.6,12.9,1020.89,0,0,0,7,,
2022-06-12,21:00,21.2,15,69,WNW,3.2,16.1,1020.86,0,0,0,0,,
2022-06-12,21:15,20.9,15.6,71,WNW,3.2,11.3,1020.79,0,0,0,0,,
2022-06-12,21:30,20.2,15,72,WNW,1.6,4.8,1020.93,0,0,0,0,,
2022-06-12,21:45,19.8,14.4,73,WNW,1.6,1.6,1021.23,0,0,0,0,,
2022-06-12,22:00,19.1,14.4,76,WNW,1.6,3.2,1021.23,0,0,0,0,,
2022-06-12,22:15,18.7,14.4,77,WNW,1.6,4.8,1021.3,0,0,0,0,,
2022-06-12,22:30,18.7,14.4,78,WNW,3.2,4.8,1021.23,0,0,0,0,,
2022-06-12,22:45,18.5,14.4,79,WNW,3.2,4.8,1021.3,0,0,0,0,,
2022-06-12,23:00,18.2,14.4,79,NORTH,0,4.8,1021.2,0,0,0,0,,
2022-06-12,23:15,17.8,14.4,80,NORTH,0,4.8,1021.27,0,0,0,0,,
2022-06-12,23:30,19,15,79,WNW,3.2,6.4,1020.93,0,0,0,0,,
2022-06-12,23:45,18.8,15,78,NORTH,0,4.8,1021.1,0,0,0,0,,
2022-06-12,OVR,,,,,,,,,,,,gustmax,40.2
2022-06-12,OVR,,,,,,,,,,,,rainrate_max,0
2022-06-12,OVR,,,,,,,,,,,,rain_total_mm,0
2022-06-12,OVR,,,,,,,,,,,,tmax,29.7
2022-06-12,OVR,,,,,,,,,,,,tmin,16.5
2022-06-12,OVR,,,,,,,,,,,,wind_dir_mean_deg,292.5
2022-06-13,00:00,18.8,14.4,78,WNW,3.2,6.4,1020.89,0,0,0,0,,
2022-06-13,00:15,18.9,15,78,WNW,1.6,4.8,1020.89,0,0,0,0,,
2022-06-13,00:30,18.7,14.4,77,NORTH,0,3.2,1020.86,0,0,0,0,,
2022-06-13,00:45,18.7,13.9,75,WEST,3.2,6.4,1020.96,0,0,0,0,,
2022-06-13,01:00,18.7,13.9,75,WEST,1.6,4.8,1020.89,0,0,0,0,,
2022-06-13,01:15,18.3,13.9,75,NORTH,0,6.4,1020.93,0,0,0,0,,
2022-06-13,01:30,18.9,13.3,72,WEST,1.6,6.4,1020.66,0,0,0,0,,
2022-06-13,01:45,19.2,13.3,70,WEST,3.2,6.4,1020.52,0,0,0,0,,
2022-06-13,02:00,18.8,12.8,70,WEST,3.2,3.2,1020.35,0,0,0,0,,
2022-06-13,02:15,19.2,13.3,69,WEST,4.8,4.8,1020.25,0,0,0,0,,
2022-06-13,02:30,18.7,12.8,70,WEST,1.6,4.8,1020.22,0,0,0,0,,
2022-06-13,02:45,18.3,12.8,71,WEST,4.8,6.4,1019.91,0,0,0,0,,
2022-06-13,03:00,18.4,12.8,70,WEST,4.8,6.4,1019.61,0,0,0,0,,
2022-06-13,03:15,18.8,13.3,70,SOUTH,6.4,9.7,1019.3,0,0,0,0,,
2022-06-13,03:30,18.6,12.8,71,SOUTH,6.4,8,1019.37,0,0,0,0,,
2022-06-13,03:45,18.5,12.8,71,SOUTH,1.6,8,1019.3,0,0,0,0,,
2022-06-13,04:00,18.1,12.8,72,SOUTH,1.6,6.4,1019.4,0,0,0,0,,
2022-06-13,04:15,17.8,12.8,72,SOUTH,1.6,8,1019.34,0,0,0,0,,
2022-06-13,04:30,18.4,12.8,69,SOUTH,1.6,3.2,1019.24,0,0,0,0,,
2022-06-13,04:45,17.5,12.2,73,SOUTH,1.6,3.2,1019.24,0,0,0,0,,
2022-06-13,05:00,17.6,12.2,73,SOUTH,6.4,8,1019.57,0,0,0,0,,
2022-06-13,05:15,17.2,12.8,75,NORTH,0,1.6,1019.47,0,0,0,0,,
2022-06-13,05:30,16.8,12.2,75,NORTH,0,1.6,1019.54,0,0,0,0,,
2022-06-13,05:45,17.3,12.2,73,SOUTH,1.6,6.4,1019.44,0,0,0,0,,
2022-06-13,06:00,18.3,12.8,72,SOUTH,3.2,8,1019.4,0,0,0,0,,
2022-06-13,06:15,18.9,13.3,71,NORTH,0,3.2,1019.24,0,0,0,16,,
2022-06-13,06:30,18.9,13.3,70,SOUTH,6.4,3.2,1019.44,0,0,0,40,,
2022-06-13,06:45,18.4,12.8,70,NORTH,0,6.4,1019.54,0,0,0,76,,
2022-06-13,07:00,18.2,12.8,72,SOUTH,1.6,3.2,1019.71,0,0,0,111,,
2022-06-13,07:15,18.7,12.8,70,SOUTH,1.6,6.4,1019.71,0,0,0,144,,
2022-06-13,07:30,20.2,12.8,63,NORTH,0,6.4,1019.64,0,0,0,220,,
2022-06-13,07:45,21.1,13.3,61,SOUTH,3.2,6.4,1019.74,0,0,1,264,,
2022-06-13,08:00,21.7,13.3,59,SOUTH,1.6,8,1019.74,0,0,1,311,,
2022-06-13,08:15,21.8,13.3,58,SOUTH,1.6,9.7,1019.81,0,0,1,334,,
2022-06-13,08:30,22.2,13.3,58,SOUTH,4.8,6.4,1019.71,0,0,1,401,,
2022-06-13,08:45,22.5,13.9,59,NORTH,0,9.7,1019.61,0,0,2,445,,
2022-06-13,09:00,23.2,13.9,57,SW,3.2,4.8,1019.71,0,0,2,490,,
2022-06-13,09:15,23.8,14.4,57,SW,4.8,9.7,1019.88,0,0,2,529,,
2022-06-13,09:30,23.3,15,60,WNW,9.7,19.3,1020.05,0,0,3,534,,
2022-06-13,09:45,23.8,15,59,WNW,3.2,14.5,1019.81,0,0,3,519,,
2022-06-13,10:00,24.6,15,56,WEST,3.2,14.5,1019.88,0,0,3,517,,
2022-06-13,10:15,24.8,14.4,53,WNW,6.4,29,1019.68,0,0,4,585,,
2022-06-13,10:30,25.3,13.9,49,WNW,14.5,22.5,1019.84,0,0,4,698,,
2022-06-13,10:45,25.7,12.8,46,WEST,16.1,29,1019.74,0,0,4,772,,
2022-06-13,11:00,26.4,12.8,43,WNW,8,30.6,1019.74,0,0,5,793,,
2022-06-13,11:15,27.1,12.2,40,WEST,17.7,25.7,1019.81,0,0,5,826,,
2022-06-13,11:30,27.1,12.2,39,WEST,19.3,41.8,1019.64,0,0,5,851,,
2022-06-13,11:45,27.3,12.8,41,WEST,11.3,37,1019.74,0,0,6,874,,
2022-06-13,12:00,27.8,12.2,39,WEST,41.8,40.2,1019.57,0,0,6,896,,
2022-06-13,12:15,27.8,12.8,39,ENE,12.9,37,1019.51,0,0,6,911,,
2022-06-13,12:30,27.8,12.8,39,WEST,25.7,38.6,1019.74,0,0,6,921,,
2022-06-13,12:45,27.8,12.2,38,NORTH,14.5,38.6,1019.68,0,0,7,932,,
2022-06-13,13:00,28.2,11.7,35,WEST,22.5,40.2,1019.57,0,0,7,937,,
2022-06-13,13:15,27.8,10.6,34,WEST,19.3,43.5,1019.4,0,0,7,942,,
2022-06-13,13:30,28.2,10.6,34,WNW,24.1,51.5,1019.54,0,0,7,942,,
2022-06-13,13:45,28.4,10.6,34,WNW,32.2,46.7,1019.3,0,0,7,937,,
2022-06-13,14:00,28.3,10.6,33,WNW,17.7,45.1,1019.2,0,0,7,932,,
2022-06-13,14:15,28.7,10,32,WNW,30.6,46.7,1018.9,0,0,7,923,,
2022-06-13,14:30,28.7,11.1,33,WEST,24.1,40.2,1019.17,0,0,6,905,,
2022-06-13,14:45,28.4,9.4,31,WNW,33.8,43.5,1019.03,0,0,6,881,,
2022-06-13,15:00,28.2,9.4,32,NW,19.3,46.7,1018.9,0,0,6,851,,
2022-06-13,15:15,28.2,9.4,32,WEST,27.4,46.7,1018.66,0,0,5,821,,
2022-06-13,15:30,28.3,8.9,30,WEST,35.4,46.7,1018.42,0,0,5,809,,
2022-06-13,15:45,28.3,9.4,30,WEST,20.9,48.3,1018.46,0,0,5,775,,
2022-06-13,16:00,28.2,7.8,28,WEST,27.4,45.1,1018.35,0,0,4,749,,
2022-06-13,16:15,28.3,8.9,29,WNW,22.5,40.2,1018.42,0,0,4,737,,
2022-06-13,16:30,28.3,8.3,29,WEST,19.3,35.4,1018.22,0,0,4,664,,
2022-06-13,16:45,28.5,8.9,29,WEST,27.4,35.4,1018.12,0,0,3,636,,
2022-06-13,17:00,28.4,8.9,29,WNW,12.9,30.6,1017.81,0,0,3,589,,
2022-06-13,17:15,28.8,10,31,WNW,16.1,30.6,1017.54,0,0,3,548,,
2022-06-13,17:30,28.3,10,31,WEST,19.3,40.2,1017.64,0,0,2,497,,
2022-06-13,17:45,28.2,10,32,WSW,8,35.4,1017.75,0,0,2,448,,
2022-06-13,18:00,28.1,9.4,31,WEST,20.9,29,1017.71,0,0,1,404,,
2022-06-13,18:15,27.8,8.3,29,WNW,20.9,35.4,1017.64,0,0,1,350,,
2022-06-13,18:30,27.5,8.9,31,WNW,9.7,37,1017.61,0,0,1,306,,
2022-06-13,18:45,27.2,8.9,31,WSW,11.3,29,1017.58,0,0,1,264,,
2022-06-13,19:00,26.4,9.4,34,WNW,29,41.8,1017.51,0,0,1,218,,
2022-06-13,19:15,25.6,10.6,38,WNW,16.1,37,1017.98,0,0,0,165,,
2022-06-13,19:30,25.3,10,38,NW,22.5,37,1017.88,0,0,0,125,,
2022-06-13,19:45,24.7,10.6,41,WNW,29,33.8,1018.12,0,0,0,83,,
2022-06-13,20:00,24.1,11.1,45,WEST,38.6,33.8,1018.12,0,0,0,47,,
2022-06-13,20:15,23.4,12.2,49,WEST,20.9,49.9,1018.25,0,0,0,26,,
2022-06-13,20:30,22.8,13.3,56,WEST,25.7,40.2,1018.12,0,0,0,16,,
2022-06-13,20:45,22.3,15,65,WEST,25.7,41.8,1018.12,0,0,0,7,,
2022-06-13,21:00,21.8,16.1,70,WEST,17.7,27.4,1018.32,0,0,0,0,,
2022-06-13,21:15,21.7,16.1,72,WNW,6.4,25.7,1018.35,0,0,0,0,,
2022-06-13,21:30,21.6,16.1,72,NW,8,22.5,1018.49,0,0,0,0,,
2022-06-13,21:45,21.6,15,67,WNW,12.9,20.9,1018.56,0,0,0,0,,
2022-06-13,22:00,22,14.4,63,WNW,6.4,33.8,1018.66,0,0,0,0,,
2022-06-13,22:15,21.5,15.6,69,WNW,6.4,19.3,1018.52,0,0,0,0,,
2022-06-13,22:30,21.1,17.2,80,WEST,12.9,19.3,1018.46,0,0,0,0,,
2022-06-13,22:45,20.7,17.8,85,WNW,8,19.3,1018.42,0,0,0,0,,
2022-06-13,23:00,20.4,17.8,87,WNW,8,19.3,1018.56,0,0,0,0,,
2022-06-13,23:15,20.2,17.8,88,NW,9.7,14.5,1018.46,0,0,0,0,,
2022-06-13,23:30,20.1,17.8,89,NW,3.2,8,1018.42,0,0,0,0,,
2022-06-13,23:45,19.9,17.8,89,NORTH,0,6.4,1018.46,0,0,0,0,,
2022-06-13,OVR,,,,,,,,,,,,gustmax,41.8
2022-06-13,OVR,,,,,,,,,,,,rainrate_max,0
2022-06-13,OVR,,,,,,,,,,,,rain_total_mm,0
2022-06-13,OVR,,,,,,,,,,,,tmax,28.8
2022-06-13,OVR,,,,,,,,,,,,tmin,16.8
2022-06-13,OVR,,,,,,,,,,,,wind_dir_mean_deg,270
2022-06-14,00:00,19.9,18.3,90,NW,3.2,6.4,1018.46,0,0,0,0,,
2022-06-14,00:15,19.7,17.8,91,NORTH,0,4.8,1018.42,0,0,0,0,,
2022-06-14,00:30,19.7,18.3,92,NW,4.8,12.9,1018.35,0,0,0,0,,
2022-06-14,00:45,19.5,17.8,92,NW,1.6,8,1018.32,0,0,0,0,,
2022-06-14,01:00,19.5,17.8,92,NW,1.6,11.3,1018.22,0,0,0,0,,
2022-06-14,01:15,18.9,17.2,92,NORTH,0,3.2,1018.25,0,0,0,0,,
2022-06-14,01:30,19.4,18.3,93,NORTH,0,8,1017.95,0,0,0,0,,
2022-06-14,01:45,19.3,17.8,93,NORTH,0,4.8,1017.95,0,0,0,0,,
2022-06-14,02:00,19.2,17.8,93,NORTH,0,8,1017.85,0,0,0,0,,
2022-06-14,02:15,19.2,17.8,93,NW,3.2,4.8,1017.91,0,0,0,0,,
2022-06-14,02:30,18.8,17.8,94,NW,3.2,4.8,1017.75,0,0,0,0,,
2022-06-14,02:45,18.6,17.2,94,NORTH,0,3.2,1017.68,0,0,0,0,,
2022-06-14,03:00,18.4,17.2,94,NW,1.6,1.6,1017.68,0,0,0,0,,
2022-06-14,03:15,18.1,17.2,94,NORTH,0,3.2,1017.81,0,0,0,0,,
2022-06-14,03:30,18.1,16.7,93,NORTH,0,3.2,1017.64,0,0,0,0,,
2022-06-14,03:45,17.6,16.1,93,NW,1.6,3.2,1017.78,0,0,0,0,,
2022-06-14,04:00,17.8,16.7,94,NW,1.6,4.8,1017.68,0,0,0,0,,
2022-06-14,04:15,17.6,16.1,93,NW,1.6,4.8,1017.58,0,0,0,0,,
2022-06-14,04:30,18.7,17.2,94,NW,1.6,6.4,1017.58,0,0,0,0,,
2022-06-14,04:45,18.2,17.2,94,NW,1.6,1.6,1017.64,0,0,0,0,,
2022-06-14,05:00,18.1,17.2,95,NORTH,0,6.4,1017.58,0,0,0,0,,
2022-06-14,05:15,17.9,17.2,95,NORTH,0,4.8,1017.51,0,0,0,0,,
2022-06-14,05:30,17.4,16.1,95,NORTH,0,3.2,1017.41,0,0,0,0,,
2022-06-14,05:45,17.2,16.1,95,NW,1.6,3.2,1017.61,0,0,0,0,,
2022-06-14,06:00,17.3,16.1,94,NW,3.2,4.8,1017.61,0,0,0,0,,
2022-06-14,06:15,17.6,16.7,94,NW,1.6,6.4,1017.61,0,0,0,14,,
2022-06-14,06:30,18.2,16.1,88,NW,1.6,4.8,1017.41,0,0,0,33,,
2022-06-14,06:45,19.6,15.6,77,NW,3.2,3.2,1017.31,0,0,0,63,,
2022-06-14,07:00,20.1,15,74,NW,1.6,3.2,1017.51,0,0,0,100,,
2022-06-14,07:15,21.1,15,70,NORTH,0,4.8,1017.51,0,0,0,128,,
2022-06-14,07:30,21.4,15.6,70,NORTH,0,1.6,1017.64,0,0,0,197,,
2022-06-14,07:45,22.9,15.6,64,NW,1.6,3.2,1017.58,0,0,0,255,,
2022-06-14,08:00,23.1,15.6,64,NORTH,0,1.6,1017.75,0,0,1,299,,
2022-06-14,08:15,23.6,15,59,NORTH,0,3.2,1017.85,0,0,1,320,,
2022-06-14,08:30,24.9,15,55,NW,1.6,1.6,1017.78,0,0,1,394,,
2022-06-14,08:45,25.7,15,52,NW,4.8,4.8,1017.64,0,0,1,439,,
2022-06-14,09:00,25.6,17.2,60,NW,1.6,4.8,1017.78,0,0,2,483,,
2022-06-14,09:15,25.9,17.8,61,NW,3.2,8,1017.88,0,0,2,520,,
2022-06-14,09:30,25.7,16.7,58,WNW,4.8,20.9,1017.98,0,0,2,527,,
2022-06-14,09:45,25.8,15.6,53,WEST,3.2,17.7,1017.88,0,0,3,512,,
2022-06-14,10:00,26.6,15,50,WNW,6.4,12.9,1017.85,0,0,3,512,,
2022-06-14,10:15,27.6,15,46,WNW,6.4,12.9,1018.05,0,0,3,585,,
2022-06-14,10:30,28.5,15,45,WNW,11.3,11.3,1017.91,0,0,4,694,,
2022-06-14,10:45,28.9,15,42,WEST,3.2,12.9,1017.88,0,0,4,766,,
2022-06-14,11:00,29.4,15.6,43,NW,6.4,12.9,1017.91,0,0,5,798,,
2022-06-14,11:15,29.4,15,42,WEST,1.6,22.5,1017.85,0,0,5,826,,
2022-06-14,11:30,30.1,15.6,41,WEST,4.8,24.1,1017.91,0,0,5,853,,
2022-06-14,11:45,30,15.6,42,WNW,4.8,19.3,1017.88,0,0,6,872,,
2022-06-14,12:00,30.4,15.6,41,NW,8,25.7,1017.88,0,0,6,891,,
2022-06-14,12:15,30.9,15.6,40,WNW,4.8,17.7,1017.78,0,0,6,909,,
2022-06-14,12:30,31,16.1,40,WNW,14.5,20.9,1017.71,0,0,6,919,,
2022-06-14,12:45,31.3,15.6,39,WEST,9.7,27.4,1017.85,0,0,6,928,,
2022-06-14,13:00,31.3,16.7,42,WNW,16.1,27.4,1017.71,0,0,7,939,,
2022-06-14,13:15,30.9,16.7,42,NW,6.4,25.7,1017.81,0,0,7,937,,
2022-06-14,13:30,30.9,16.1,41,WNW,16.1,35.4,1017.91,0,0,7,935,,
2022-06-14,13:45,30.5,15.6,41,WNW,14.5,32.2,1017.78,0,0,7,933,,
2022-06-14,14:00,30.4,15,39,SW,8,33.8,1017.75,0,0,7,923,,
2022-06-14,14:15,30.5,15,39,WEST,25.7,35.4,1017.68,0,0,6,912,,
2022-06-14,14:30,30.9,14.4,38,WEST,16.1,35.4,1017.64,0,0,6,896,,
2022-06-14,14:45,30.7,15,39,ENE,17.7,32.2,1017.51,0,0,6,877,,
2022-06-14,15:00,30.9,15,38,WNW,16.1,32.2,1017.58,0,0,6,856,,
2022-06-14,15:15,30.8,15,39,WEST,12.9,38.6,1017.54,0,0,5,833,,
2022-06-14,15:30,30.6,16.7,43,WEST,22.5,35.4,1017.31,0,0,5,803,,
2022-06-14,15:45,29.9,17.2,46,WNW,12.9,32.2,1017.41,0,0,5,772,,
2022-06-14,16:00,29.6,17.2,48,WEST,27.4,40.2,1017.51,0,0,4,744,,
2022-06-14,16:15,29.4,17.2,48,WNW,16.1,32.2,1017.51,0,0,4,707,,
2022-06-14,16:30,29.2,16.7,47,ENE,9.7,32.2,1017.58,0,0,4,668,,
2022-06-14,16:45,28.8,16.7,48,WEST,32.2,40.2,1017.51,0,0,3,628,,
2022-06-14,17:00,28.5,16.7,48,WNW,25.7,29,1017.51,0,0,3,587,,
2022-06-14,17:15,28.2,16.7,49,WEST,20.9,32.2,1017.31,0,0,2,545,,
2022-06-14,17:30,28.2,16.7,49,WNW,19.3,37,1017.07,0,0,2,503,,
2022-06-14,17:45,28.1,16.7,51,WEST,24.1,35.4,1017.51,0,0,2,462,,
2022-06-14,18:00,27.7,16.7,52,WEST,19.3,41.8,1017.75,0,0,1,415,,
2022-06-14,18:15,27.6,17.2,53,WEST,12.9,27.4,1017.88,0,0,1,371,,
2022-06-14,18:30,27.4,17.2,54,WEST,25.7,27.4,1017.61,0,0,1,323,,
2022-06-14,18:45,27.2,17.2,55,ENE,14.5,25.7,1017.91,0,0,1,272,,
2022-06-14,19:00,26.9,17.8,57,WEST,17.7,25.7,1017.78,0,0,1,230,,
2022-06-14,19:15,26.4,17.8,58,WNW,17.7,24.1,1018.02,0,0,0,178,,
2022-06-14,19:30,26.4,17.8,59,WEST,17.7,20.9,1018.05,0,0,0,123,,
2022-06-14,19:45,26.2,17.8,60,WEST,17.7,20.9,1017.78,0,0,0,81,,
2022-06-14,20:00,25.8,17.8,61,WNW,17.7,33.8,1017.75,0,0,0,49,,
2022-06-14,20:15,25.4,17.8,63,WEST,17.7,29,1017.78,0,0,0,25,,
2022-06-14,20:30,25,17.8,64,WNW,6.4,14.5,1017.98,0,0,0,16,,
2022-06-14,20:45,24.4,17.8,67,WNW,3.2,14.5,1018.12,0,0,0,0,,
2022-06-14,21:00,23.9,17.8,69,NORTH,0,16.1,1018.12,0,0,0,0,,
2022-06-14,21:15,23.2,17.2,70,SW,1.6,4.8,1018.22,0,0,0,0,,
2022-06-14,21:30,23.3,17.2,69,SW,1.6,3.2,1018.42,0,0,0,0,,
2022-06-14,21:45,22.9,16.7,70,SW,4.8,6.4,1018.49,0,0,0,0,,
2022-06-14,22:00,23.2,16.7,68,SW,1.6,8,1018.66,0,0,0,0,,
2022-06-14,22:15,22.4,16.7,71,SW,4.8,4.8,1018.86,0,0,0,0,,
2022-06-14,22:30,22.3,16.7,71,SSW,4.8,6.4,1018.93,0,0,0,0,,
2022-06-14,22:45,22.3,16.7,70,SSW,3.2,4.8,1019.13,0,0,0,0,,
2022-06-14,23:00,21.9,16.1,72,SSW,1.6,4.8,1019,0,0,0,0,,
2022-06-14,23:15,22.1,16.7,71,SSW,1.6,3.2,1019.07,0,0,0,0,,
2022-06-14,23:30,22,16.7,73,SSW,1.6,3.2,1019.1,0,0,0,0,,
2022-06-14,23:45,21.9,16.7,72,SSW,3.2,3.2,1019.27,0,0,0,0,,
2022-06-14,OVR,,,,,,,,,,,,gustmax,32.2
2022-06-14,OVR,,,,,,,,,,,,rainrate_max,0
2022-06-14,OVR,,,,,,,,,,,,rain_total_mm,0
2022-06-14,OVR,,,,,,,,,,,,tmax,31.4
2022-06-14,OVR,,,,,,,,,,,,tmin,16.9
2022-06-14,OVR,,,,,,,,,,,,wind_dir_mean_deg,292.5
2022-06-15,00:00,22.3,16.7,71,SSW,3.2,6.4,1019.24,0,0,0,0,,
2022-06-15,00:15,22.6,16.7,69,SSW,3.2,8,1019,0,0,0,0,,
2022-06-15,00:30,22.3,16.7,70,SE,6.4,12.9,1018.93,0,0,0,0,,
2022-06-15,00:45,22.3,16.7,70,ESE,4.8,12.9,1019.03,0,0,0,0,,
2022-06-15,01:00,23,16.7,67,ESE,3.2,8,1019.2,0,0,0,0,,
2022-06-15,01:15,22.6,16.1,69,ESE,1.6,8,1019.2,0,0,0,0,,
2022-06-15,01:30,22,16.1,71,ESE,1.6,1.6,1019.13,0,0,0,0,,
2022-06-15,01:45,21.5,16.1,72,ESE,3.2,3.2,1019.17,0,0,0,0,,
2022-06-15,02:00,21.8,16.1,71,ESE,3.2,8,1019.13,0,0,0,0,,
2022-06-15,02:15,21.1,16.1,73,ESE,1.6,3.2,1019,0,0,0,0,,
2022-06-15,02:30,21.6,16.1,71,NORTH,0,4.8,1019.24,0,0,0,0,,
2022-06-15,02:45,21.2,15.6,72,ESE,3.2,4.8,1018.93,0,0,0,0,,
2022-06-15,03:00,21.3,15.6,71,ESE,3.2,4.8,1019.13,0,0,0,0,,
2022-06-15,03:15,21.3,15,69,NORTH,0,4.8,1019.03,0,0,0,0,,
2022-06-15,03:30,21.5,13.9,61,NORTH,0,3.2,1019,0,0,0,0,,
2022-06-15,03:45,21.1,13.3,62,ESE,1.6,3.2,1019.03,0,0,0,0,,
2022-06-15,04:00,21.2,14.4,66,NORTH,0,6.4,1018.93,0,0,0,0,,
2022-06-15,04:15,21.1,13.9,64,NORTH,0,3.2,1018.93,0,0,0,0,,
2022-06-15,04:30,20.8,13.9,65,NORTH,0,6.4,1018.66,0,0,0,0,,
2022-06-15,04:45,21.3,14.4,66,ESE,1.6,6.4,1018.86,0,0,0,0,,
2022-06-15,05:00,20.8,14.4,66,ESE,3.2,6.4,1018.73,0,0,0,0,,
2022-06-15,05:15,21.3,14.4,66,ESE,4.8,8,1018.66,0,0,0,0,,
2022-06-15,05:30,21.4,14.4,65,ESE,3.2,6.4,1019.1,0,0,0,0,,
2022-06-15,05:45,20.7,13.9,65,ESE,3.2,3.2,1019.34,0,0,0,0,,
2022-06-15,06:00,20.6,13.9,66,ESE,4.8,6.4,1019.17,0,0,0,0,,
2022-06-15,06:15,21.6,13.9,63,ESE,4.8,12.9,1019.24,0,0,0,14,,
2022-06-15,06:30,21.8,13.9,62,ESE,3.2,6.4,1019.61,0,0,0,39,,
2022-06-15,06:45,21.3,13.9,64,NORTH,0,4.8,1019.74,0,0,0,74,,
2022-06-15,07:00,22.2,13.9,59,ESE,1.6,6.4,1019.61,0,0,0,81,,
2022-06-15,07:15,22.2,13.3,57,ESE,1.6,3.2,1019.78,0,0,0,72,,
2022-06-15,07:30,22.3,13.9,60,ESE,1.6,3.2,1020.01,0,0,0,105,,
2022-06-15,07:45,22.1,14.4,62,NORTH,0,3.2,1020.12,0,0,1,258,,
2022-06-15,08:00,22.7,15,62,NORTH,0,3.2,1020.01,0,0,1,334,,
2022-06-15,08:15,23.9,14.4,56,ESE,4.8,3.2,1020.05,0,0,1,327,,
2022-06-15,08:30,24.4,13.3,51,ESE,4.8,11.3,1019.91,0,0,1,411,,
2022-06-15,08:45,25.3,15,53,ESE,6.4,11.3,1020.08,0,0,1,429,,
2022-06-15,09:00,25.7,14.4,50,ESE,4.8,11.3,1019.84,0,0,2,497,,
2022-06-15,09:15,26.4,14.4,48,ESE,3.2,11.3,1019.81,0,0,2,534,,
2022-06-15,09:30,27.1,13.9,45,ESE,8,12.9,1019.61,0,0,2,540,,
2022-06-15,09:45,27.3,13.9,44,EAST,9.7,12.9,1019.81,0,0,3,520,,
2022-06-15,10:00,27.1,14.4,47,ESE,6.4,12.9,1019.81,0,0,3,520,,
2022-06-15,10:15,27.7,15,46,SE,1.6,17.7,1020.05,0,0,4,575,,
2022-06-15,10:30,28.2,15.6,47,ESE,6.4,14.5,1020.18,0,0,4,686,,
2022-06-15,10:45,28.4,15.6,46,SE,6.4,16.1,1020.18,0,0,4,772,,
2022-06-15,11:00,28.6,15.6,45,SE,4.8,17.7,1020.35,0,0,5,798,,
2022-06-15,11:15,28.8,16.1,46,SE,6.4,17.7,1020.15,0,0,5,831,,
2022-06-15,11:30,29.2,16.1,45,NORTH,0,19.3,1020.25,0,0,5,856,,
2022-06-15,11:45,30.1,16.1,43,ESE,4.8,14.5,1020.39,0,0,6,875,,
2022-06-15,12:00,30.1,16.1,43,SE,8,16.1,1020.39,0,0,6,875,,
2022-06-15,12:15,30.4,15.6,41,SSE,6.4,14.5,1020.29,0,0,6,912,,
2022-06-15,12:30,30.7,15.6,40,SE,4.8,17.7,1020.18,0,0,6,921,,
2022-06-15,12:45,31.6,15.6,39,NORTH,0,17.7,1020.15,0,0,7,918,,
2022-06-15,13:00,31.8,15.6,38,SE,4.8,17.7,1019.91,0,0,7,933,,
2022-06-15,13:15,31.7,14.4,35,SE,8,19.3,1019.84,0,0,7,946,,
2022-06-15,13:30,32.1,13.3,33,SSE,9.7,12.9,1019.81,0,0,7,940,,
2022-06-15,13:45,32.6,14.4,34,SE,3.2,17.7,1019.71,0,0,7,930,,
2022-06-15,14:00,32.8,14.4,33,SSE,3.2,14.5,1019.54,0,0,7,947,,
2022-06-15,14:15,33.2,14.4,32,WNW,6.4,12.9,1019.71,0,0,6,923,,
2022-06-15,14:30,33.2,14.4,33,SW,4.8,14.5,1019.61,0,0,6,847,,
2022-06-15,14:45,33.1,14.4,33,NW,6.4,17.7,1019.34,0,0,6,872,,
2022-06-15,15:00,33.4,13.9,31,WSW,6.4,17.7,1019.47,0,0,6,853,,
2022-06-15,15:15,33.5,13.9,31,SW,3.2,16.1,1019.27,0,0,5,814,,
2022-06-15,15:30,33.3,15,33,NW,4.8,22.5,1019.47,0,0,5,782,,
2022-06-15,15:45,33.6,15,33,NW,9.7,20.9,1019.24,0,0,5,765,,
2022-06-15,16:00,33.7,15.6,34,WNW,24.1,33.8,1019.1,0,0,4,714,,
2022-06-15,16:15,32.8,16.1,37,WNW,12.9,41.8,1019.13,0,0,4,663,,
2022-06-15,16:30,32.4,16.1,38,WNW,17.7,27.4,1019.24,0,0,3,643,,
2022-06-15,16:45,32,16.7,40,WEST,16.1,27.4,1019.13,0,0,3,605,,
2022-06-15,17:00,31.9,16.7,40,WEST,22.5,29,1019.3,0,0,3,561,,
2022-06-15,17:15,30.6,16.7,43,WNW,27.4,38.6,1019.47,0,0,2,536,,
2022-06-15,17:30,29,16.1,47,WEST,12.9,43.5,1019.54,0,0,2,483,,
2022-06-15,17:45,28.9,16.1,46,WEST,33.8,40.2,1019.64,0,0,2,438,,
2022-06-15,18:00,28.3,16.1,48,WEST,24.1,35.4,1019.74,0,0,1,394,,
2022-06-15,18:15,28.1,15.6,47,WNW,19.3,38.6,1019.57,0,0,1,348,,
2022-06-15,18:30,27.4,15.6,49,WEST,22.5,43.5,1019.54,0,0,1,318,,
2022-06-15,18:45,26.9,16.1,53,WEST,24.1,41.8,1019.71,0,0,1,241,,
2022-06-15,19:00,26.2,16.7,56,WNW,22.5,32.2,1019.78,0,0,0,190,,
2022-06-15,19:15,25.7,17.8,61,WEST,9.7,29,1019.74,0,0,0,111,,
2022-06-15,19:30,25.5,17.2,60,WNW,16.1,24.1,1019.98,0,0,0,155,,
2022-06-15,19:45,25.6,17.2,60,WNW,4.8,20.9,1019.88,0,0,0,98,,
2022-06-15,20:00,25.4,17.2,61,WNW,1.6,16.1,1019.78,0,0,0,60,,
2022-06-15,20:15,25.2,17.2,62,NORTH,0,14.5,1019.84,0,0,0,37,,
2022-06-15,20:30,24.8,18.3,67,WEST,4.8,14.5,1019.84,0,0,0,21,,
2022-06-15,20:45,24.4,17.8,68,WEST,1.6,6.4,1019.74,0,0,0,7,,
2022-06-15,21:00,23.9,17.8,69,WEST,3.2,4.8,1019.71,0,0,0,0,,
2022-06-15,21:15,23.7,17.8,70,WEST,1.6,4.8,1019.71,0,0,0,0,,
2022-06-15,21:30,23.3,17.8,72,WEST,1.6,4.8,1020.12,0,0,0,0,,
2022-06-15,21:45,22.5,17.8,75,WEST,3.2,3.2,1020.05,0,0,0,0,,
2022-06-15,22:00,22.1,17.2,75,WEST,4.8,6.4,1020.15,0,0,0,0,,
2022-06-15,22:15,21.9,17.2,76,NORTH,0,3.2,1020.52,0,0,0,0,,
2022-06-15,22:30,21.2,17.2,78,WEST,4.8,4.8,1020.42,0,0,0,0,,
2022-06-15,22:45,21.4,15,68,WEST,3.2,4.8,1020.62,0,0,0,0,,
2022-06-15,23:00,21.3,14.4,67,WEST,1.6,6.4,1020.39,0,0,0,0,,
2022-06-15,23:15,23.1,15,61,NORTH,0,3.2,1020.39,0,0,0,0,,
2022-06-15,23:30,22.4,15.6,65,WEST,3.2,4.8,1020.35,0,0,0,0,,
2022-06-15,23:45,21.9,15,66,WEST,3.2,4.8,1020.39,0,0,0,0,,
2022-06-15,OVR,,,,,,,,,,,,gustmax,33.8
2022-06-15,OVR,,,,,,,,,,,,rainrate_max,0
2022-06-15,OVR,,,,,,,,,,,,rain_total_mm,0
2022-06-15,OVR,,,,,,,,,,,,tmax,33.9
2022-06-15,OVR,,,,,,,,,,,,tmin,20.2
2022-06-15,OVR,,,,,,,,,,,,wind_dir_mean_deg,180
2022-06-16,00:00,22.4,15.6,66,WEST,3.2,6.4,1020.35,0,0,0,0,,
2022-06-16,00:15,22.3,15.6,67,WEST,1.6,3.2,1020.39,0,0,0,0,,
2022-06-16,00:30,22.9,15.6,64,WEST,4.8,6.4,1020.49,0,0,0,0,,
2022-06-16,00:45,22.1,15.6,66,WSW,1.6,6.4,1020.42,0,0,0,0,,
2022-06-16,01:00,22.7,15.6,64,WSW,1.6,4.8,1020.12,0,0,0,0,,
2022-06-16,01:15,23,15,62,WSW,1.6,3.2,1020.18,0,0,0,0,,
2022-06-16,01:30,22.2,15.6,65,WSW,3.2,4.8,1020.18,0,0,0,0,,
2022-06-16,01:45,21.3,15,67,WSW,3.2,4.8,1020.05,0,0,0,0,,
2022-06-16,02:00,21.9,15,65,WSW,1.6,3.2,1019.91,0,0,0,0,,
2022-06-16,02:15,22.8,15,61,WSW,1.6,4.8,1019.78,0,0,0,0,,
2022-06-16,02:30,22.2,15,64,NORTH,0,4.8,1019.84,0,0,0,0,,
2022-06-16,02:45,22.9,15,61,WSW,1.6,3.2,1019.54,0,0,0,0,,
2022-06-16,03:00,22.7,15,62,NORTH,0,4.8,1019.51,0,0,0,0,,
2022-06-16,03:15,21.8,15,66,WSW,1.6,4.8,1019.57,0,0,0,0,,
2022-06-16,03:30,22.8,14.4,59,WSW,1.6,4.8,1019.64,0,0,0,0,,
2022-06-16,03:45,22.9,13.9,58,NORTH,0,3.2,1019.64,0,0,0,0,,
2022-06-16,04:00,22.5,13.9,60,NORTH,0,4.8,1019.51,0,0,0,0,,
2022-06-16,04:15,22.1,14.4,62,NORTH,0,3.2,1019.27,0,0,0,0,,
2022-06-16,04:30,22.2,14.4,61,NORTH,0,4.8,1019.3,0,0,0,0,,
2022-06-16,04:45,20.8,13.9,65,WSW,1.6,6.4,1019.2,0,0,0,0,,
2022-06-16,05:00,20.1,13.9,68,WSW,4.8,4.8,1019.54,0,0,0,0,,
2022-06-16,05:15,20.3,13.9,67,WSW,4.8,4.8,1019.64,0,0,0,0,,
2022-06-16,05:30,20.4,13.9,67,SOUTH,4.8,8,1019.54,0,0,0,0,,
2022-06-16,05:45,20.8,13.9,66,SOUTH,3.2,6.4,1019.61,0,0,0,0,,
2022-06-16,06:00,20.6,13.9,67,SOUTH,1.6,3.2,1019.68,0,0,0,0,,
2022-06-16,06:15,20.7,13.9,66,SOUTH,4.8,6.4,1019.61,0,0,0,16,,
2022-06-16,06:30,20.6,14.4,67,SOUTH,3.2,6.4,1019.47,0,0,0,37,,
2022-06-16,06:45,20.8,14.4,67,SOUTH,3.2,6.4,1019.4,0,0,0,67,,
2022-06-16,07:00,21.8,15,65,SOUTH,1.6,4.8,1019.51,0,0,0,105,,
2022-06-16,07:15,22,15,65,NORTH,0,3.2,1019.54,0,0,0,132,,
2022-06-16,07:30,22.4,15.6,66,NORTH,0,3.2,1019.78,0,0,0,195,,
2022-06-16,07:45,23.2,16.1,65,NORTH,0,1.6,1019.74,0,0,0,241,,
2022-06-16,08:00,23.8,16.1,63,SOUTH,1.6,3.2,1020.05,0,0,1,287,,
2022-06-16,08:15,24.4,15.6,58,NORTH,0,6.4,1020.08,0,0,1,316,,
2022-06-16,08:30,25.2,15.6,56,SOUTH,1.6,3.2,1020.18,0,0,1,376,,
2022-06-16,08:45,25.6,15.6,54,SOUTH,3.2,4.8,1020.22,0,0,1,425,,
2022-06-16,09:00,25.8,14.4,49,WSW,4.8,11.3,1020.29,0,0,2,471,,
2022-06-16,09:15,26,13.9,48,WSW,4.8,8,1020.32,0,0,2,513,,
2022-06-16,09:30,26.4,13.3,44,WSW,6.4,11.3,1020.32,0,0,2,524,,
2022-06-16,09:45,27.1,11.7,38,WNW,8,14.5,1020.49,0,0,3,513,,
2022-06-16,10:00,27,13.9,44,NW,11.3,17.7,1020.32,0,0,3,512,,
2022-06-16,10:15,27.3,14.4,46,WNW,3.2,19.3,1020.35,0,0,3,566,,
2022-06-16,10:30,27.9,14.4,44,WNW,8,12.9,1020.32,0,0,4,686,,
2022-06-16,10:45,28.1,13.3,41,NORTH,0,19.3,1020.29,0,0,4,758,,
2022-06-16,11:00,28.4,13.3,40,WSW,6.4,14.5,1020.25,0,0,5,788,,
2022-06-16,11:15,28.8,13.9,41,NORTH,0,16.1,1020.25,0,0,5,817,,
2022-06-16,11:30,29.4,13.9,39,WNW,4.8,17.7,1020.39,0,0,5,842,,
2022-06-16,11:45,29.9,14.4,39,WEST,3.2,20.9,1020.29,0,0,6,865,,
2022-06-16,12:00,30.1,14.4,39,WNW,1.6,17.7,1020.29,0,0,6,882,,
2022-06-16,12:15,30.5,14.4,38,WSW,4.8,19.3,1020.22,0,0,6,898,,
2022-06-16,12:30,31.1,14.4,37,SW,8,19.3,1020.01,0,0,6,911,,
2022-06-16,12:45,31,13.9,36,WEST,6.4,25.7,1020.05,0,0,7,919,,
2022-06-16,13:00,31.2,12.2,31,WEST,6.4,29,1019.88,0,0,7,928,,
2022-06-16,13:15,31.7,11.1,28,WNW,12.9,37,1020.01,0,0,7,932,,
2022-06-16,13:30,31.9,9.4,25,WSW,3.2,29,1020.01,0,0,7,933,,
2022-06-16,13:45,31.8,7.8,22,WNW,11.3,24.1,1019.71,0,0,7,932,,
2022-06-16,14:00,32.2,8.9,24,WEST,9.7,25.7,1019.81,0,0,7,918,,
2022-06-16,14:15,32.3,8.3,23,WEST,9.7,24.1,1019.74,0,0,6,905,,
2022-06-16,14:30,32.2,8.9,24,WNW,22.5,25.7,1019.57,0,0,6,893,,
2022-06-16,14:45,32.4,9.4,24,WEST,17.7,29,1019.37,0,0,6,875,,
2022-06-16,15:00,32.1,9.4,25,NNW,17.7,29,1019.47,0,0,6,854,,
2022-06-16,15:15,32.3,9.4,24,SW,1.6,29,1019.44,0,0,6,835,,
2022-06-16,15:30,32.1,9.4,25,WNW,20.9,27.4,1019.54,0,0,5,807,,
2022-06-16,15:45,31.8,9.4,25,WEST,22.5,32.2,1019.44,0,0,5,775,,
2022-06-16,16:00,31.8,8.9,25,WEST,37,33.8,1019.2,0,0,4,744,,
2022-06-16,16:15,31.8,8.3,24,WEST,19.3,27.4,1019.34,0,0,4,710,,
2022-06-16,16:30,31.8,8.9,24,WEST,16.1,30.6,1019.1,0,0,4,673,,
2022-06-16,16:45,31.9,8.3,23,WEST,17.7,38.6,1019.13,0,0,3,631,,
2022-06-16,17:00,31.4,9.4,26,NW,22.5,41.8,1019.1,0,0,3,591,,
2022-06-16,17:15,30.3,8.9,26,WNW,27.4,45.1,1019.07,0,0,3,547,,
2022-06-16,17:30,30.1,9.4,28,WNW,29,40.2,1019.03,0,0,2,501,,
2022-06-16,17:45,29.8,10,29,WNW,24.1,43.5,1019,0,0,2,457,,
2022-06-16,18:00,29.3,9.4,29,NW,16.1,37,1018.9,0,0,2,408,,
2022-06-16,18:15,29.1,11.1,33,ENE,12.9,38.6,1019.07,0,0,1,360,,
2022-06-16,18:30,28.9,11.7,35,WNW,25.7,30.6,1019.03,0,0,1,309,,
2022-06-16,18:45,28.6,12.2,37,WEST,22.5,33.8,1019.1,0,0,1,265,,
2022-06-16,19:00,28.3,13.3,40,WEST,22.5,37,1019.13,0,0,1,220,,
2022-06-16,19:15,27.7,13.9,42,WEST,17.7,37,1019.37,0,0,0,172,,
2022-06-16,19:30,27.2,13.9,45,WNW,19.3,37,1019.44,0,0,0,123,,
2022-06-16,19:45,26.4,15.6,52,WEST,29,32.2,1019.61,0,0,0,83,,
2022-06-16,20:00,25.8,16.1,56,WNW,14.5,24.1,1019.44,0,0,0,51,,
2022-06-16,20:15,25.2,16.7,60,WNW,12.9,22.5,1019.54,0,0,0,26,,
2022-06-16,20:30,24.9,16.7,61,WEST,14.5,25.7,1019.37,0,0,0,16,,
2022-06-16,20:45,24.3,16.7,64,WEST,9.7,12.9,1019.47,0,0,0,0,,
2022-06-16,21:00,23.7,16.7,66,WEST,4.8,11.3,1019.51,0,0,0,0,,
2022-06-16,21:15,23.4,16.7,68,WEST,4.8,6.4,1019.4,0,0,0,0,,
2022-06-16,21:30,22.7,16.7,68,WNW,1.6,11.3,1019.64,0,0,0,0,,
2022-06-16,21:45,22.6,16.7,69,WNW,3.2,6.4,1019.91,0,0,0,0,,
2022-06-16,22:00,22.1,16.1,70,WNW,1.6,3.2,1020.05,0,0,0,0,,
2022-06-16,22:15,21.9,15.6,67,WNW,3.2,9.7,1020.22,0,0,0,0,,
2022-06-16,22:30,21.5,15.6,69,NORTH,0,4.8,1020.39,0,0,0,0,,
2022-06-16,22:45,21.5,15.6,69,WEST,1.6,3.2,1020.59,0,0,0,0,,
2022-06-16,23:00,21.2,15.6,71,NORTH,0,3.2,1020.49,0,0,0,0,,
2022-06-16,23:15,20.7,15.6,73,NORTH,0,4.8,1020.49,0,0,0,0,,
2022-06-16,23:30,20.2,15.6,76,NORTH,0,4.8,1020.35,0,0,0,0,,
2022-06-16,23:45,20.6,16.1,76,WEST,3.2,4.8,1020.42,0,0,0,0,,
2022-06-16,OVR,,,,,,,,,,,,gustmax,37
2022-06-16,OVR,,,,,,,,,,,,rainrate_max,0
2022-06-16,OVR,,,,,,,,,,,,rain_total_mm,0
2022-06-16,OVR,,,,,,,,,,,,tmax,32.5
2022-06-16,OVR,,,,,,,,,,,,tmin,19.7
2022-06-16,OVR,,,,,,,,,,,,wind_dir_mean_deg,270
2022-06-17,00:00,20.3,16.1,77,NORTH,0,4.8,1020.39,0,0,0,0,,
2022-06-17,00:15,20.3,16.1,78,NORTH,0,3.2,1020.45,0,0,0,0,,
2022-06-17,00:30,21.3,16.7,76,NORTH,0,6.4,1020.56,0,0,0,0,,
2022-06-17,00:45,21.4,17.2,78,NORTH,0,12.9,1020.56,0,0,0,0,,
2022-06-17,01:00,20.6,16.7,80,WNW,1.6,3.2,1020.42,0,0,0,0,,
2022-06-17,01:15,19.9,16.7,81,NORTH,0,3.2,1020.52,0,0,0,0,,
2022-06-17,01:30,19.1,15.6,82,NORTH,0,4.8,1020.25,0,0,0,0,,
2022-06-17,01:45,19.2,16.1,82,WNW,3.2,6.4,1020.08,0,0,0,0,,
2022-06-17,02:00,18.9,14.4,77,NORTH,0,4.8,1019.84,0,0,0,0,,
2022-06-17,02:15,20.1,16.1,80,NORTH,0,4.8,1019.84,0,0,0,0,,
2022-06-17,02:30,19.7,16.7,82,WNW,4.8,4.8,1019.57,0,0,0,0,,
2022-06-17,02:45,19.8,16.1,81,NORTH,0,4.8,1019.71,0,0,0,0,,
2022-06-17,03:00,20.1,15.6,75,WNW,1.6,3.2,1019.44,0,0,0,0,,
2022-06-17,03:15,20.6,15,70,NORTH,0,3.2,1019.61,0,0,0,0,,
2022-06-17,03:30,19.9,13.9,70,NORTH,0,3.2,1019.64,0,0,0,0,,
2022-06-17,03:45,19.7,13.9,70,NORTH,0,1.6,1019.51,0,0,0,0,,
2022-06-17,04:00,19.9,13.9,70,WNW,3.2,3.2,1019.61,0,0,0,0,,
2022-06-17,04:15,19.6,14.4,74,WNW,1.6,3.2,1019.4,0,0,0,0,,
2022-06-17,04:30,19.2,14.4,76,NORTH,0,3.2,1019.17,0,0,0,0,,
2022-06-17,04:45,19.8,13.9,69,NORTH,0,3.2,1019.17,0,0,0,0,,
2022-06-17,05:00,20.3,14.4,69,NORTH,0,1.6,1019.27,0,0,0,0,,
2022-06-17,05:15,19.8,15.6,76,WNW,1.6,4.8,1019.27,0,0,0,0,,
2022-06-17,05:30,19.8,15.6,78,NORTH,0,3.2,1019.24,0,0,0,0,,
2022-06-17,05:45,19.7,16.1,79,NORTH,0,0,1019.17,0,0,0,0,,
2022-06-17,06:00,20.2,17.2,85,WNW,1.6,3.2,1019.3,0,0,0,0,,
2022-06-17,06:15,19.7,17.8,88,WNW,4.8,14.5,1019.61,0,0,0,16,,
2022-06-17,06:30,19.4,17.8,91,WNW,3.2,8,1019.54,0,0,0,30,,
2022-06-17,06:45,19.3,17.8,92,NORTH,0,4.8,1019.74,0,0,0,63,,
2022-06-17,07:00,19.4,17.8,92,WNW,1.6,4.8,1019.61,0,0,0,102,,
2022-06-17,07:15,19.9,18.3,91,NORTH,0,3.2,1019.88,0,0,0,130,,
2022-06-17,07:30,20.6,18.3,88,NORTH,0,4.8,1019.88,0,0,0,197,,
2022-06-17,07:45,21.2,18.3,86,WNW,1.6,6.4,1019.81,0,0,0,244,,
2022-06-17,08:00,21.7,18.3,82,NORTH,0,4.8,1019.81,0,0,1,292,,
2022-06-17,08:15,22.3,17.8,76,WNW,1.6,4.8,1019.91,0,0,1,325,,
2022-06-17,08:30,23.3,17.8,71,WNW,1.6,4.8,1020.08,0,0,1,385,,
2022-06-17,08:45,24.2,17.2,65,WNW,3.2,3.2,1020.01,0,0,2,432,,
2022-06-17,09:00,24.8,16.7,61,WNW,3.2,4.8,1019.98,0,0,2,478,,
2022-06-17,09:15,25.3,15,54,WNW,1.6,12.9,1020.05,0,0,2,519,,
2022-06-17,09:30,25.9,15.6,53,WNW,6.4,12.9,1020.01,0,0,2,531,,
2022-06-17,09:45,26.1,15,52,WEST,11.3,14.5,1019.91,0,0,3,519,,
2022-06-17,10:00,26.1,16.7,56,WNW,4.8,14.5,1019.74,0,0,3,519,,
2022-06-17,10:15,26.7,16.7,55,WNW,11.3,17.7,1019.81,0,0,4,575,,
2022-06-17,10:30,27.1,16.7,54,WEST,6.4,16.1,1019.78,0,0,4,686,,
2022-06-17,10:45,27.9,16.7,51,WNW,6.4,14.5,1019.74,0,0,4,761,,
2022-06-17,11:00,28.7,16.7,48,WSW,3.2,12.9,1019.74,0,0,5,796,,
2022-06-17,11:15,29.2,15.6,44,NORTH,0,12.9,1019.71,0,0,5,826,,
2022-06-17,11:30,29.8,15.6,42,WSW,6.4,12.9,1019.81,0,0,5,851,,
2022-06-17,11:45,29.9,14.4,40,WNW,6.4,22.5,1019.88,0,0,6,875,,
2022-06-17,12:00,30.8,13.9,37,WNW,12.9,16.1,1019.64,0,0,6,900,,
2022-06-17,12:15,31.1,13.9,35,NW,6.4,11.3,1019.78,0,0,6,912,,
2022-06-17,12:30,31.5,12.2,31,WNW,4.8,12.9,1019.81,0,0,6,925,,
2022-06-17,12:45,31.9,12.8,31,WNW,3.2,14.5,1019.68,0,0,7,933,,
2022-06-17,13:00,32.4,12.2,29,WNW,3.2,16.1,1019.3,0,0,7,939,,
2022-06-17,13:15,32.8,13.3,31,WEST,6.4,24.1,1019.24,0,0,7,940,,
2022-06-17,13:30,32.9,13.3,31,WEST,4.8,19.3,1019.24,0,0,7,937,,
2022-06-17,13:45,32.7,13.9,32,WNW,17.7,22.5,1019.44,0,0,7,933,,
2022-06-17,14:00,32.7,13.9,33,WNW,6.4,29,1019.34,0,0,7,926,,
2022-06-17,14:15,32.2,15,36,WNW,17.7,25.7,1019.34,0,0,7,916,,
2022-06-17,14:30,31.7,16.1,39,NW,16.1,29,1019.3,0,0,6,896,,
2022-06-17,14:45,31.1,16.7,42,WEST,16.1,32.2,1019.2,0,0,6,881,,
2022-06-17,15:00,30.6,16.7,43,ENE,16.1,32.2,1019.17,0,0,6,854,,
2022-06-17,15:15,30.3,16.1,43,ENE,16.1,37,1019.24,0,0,5,835,,
2022-06-17,15:30,30.7,16.7,43,WEST,30.6,32.2,1019.2,0,0,5,807,,
2022-06-17,15:45,30.7,16.1,42,ENE,17.7,29,1019.13,0,0,5,777,,
2022-06-17,16:00,30.3,16.1,42,NNE,17.7,32.2,1019.03,0,0,4,742,,
2022-06-17,16:15,30.2,16.7,44,WNW,12.9,37,1018.96,0,0,4,705,,
2022-06-17,16:30,29.4,16.1,45,WNW,16.1,41.8,1018.96,0,0,4,666,,
2022-06-17,16:45,29.4,15,43,WEST,19.3,38.6,1018.93,0,0,3,629,,
2022-06-17,17:00,29.1,15,42,WEST,24.1,38.6,1018.93,0,0,3,589,,
2022-06-17,17:15,29.3,15.6,44,WNW,12.9,33.8,1018.83,0,0,3,545,,
2022-06-17,17:30,28.7,16.1,46,NW,22.5,37,1018.66,0,0,2,503,,
2022-06-17,17:45,28.4,16.1,48,WEST,25.7,32.2,1018.66,0,0,2,452,,
2022-06-17,18:00,27.8,17.2,54,NW,14.5,41.8,1018.76,0,0,1,403,,
2022-06-17,18:15,27.4,17.8,56,WEST,14.5,38.6,1018.66,0,0,1,353,,
2022-06-17,18:30,27.2,18.3,60,WEST,9.7,32.2,1018.66,0,0,1,308,,
2022-06-17,18:45,26.9,18.3,60,WNW,20.9,30.6,1018.76,0,0,1,262,,
2022-06-17,19:00,26.6,17.8,60,NW,19.3,41.8,1018.86,0,0,1,218,,
2022-06-17,19:15,26.6,16.7,55,WEST,17.7,30.6,1019.1,0,0,0,178,,
2022-06-17,19:30,26.7,15,49,WNW,19.3,38.6,1019.17,0,0,0,134,,
2022-06-17,19:45,26.6,15.6,51,NW,11.3,25.7,1019.24,0,0,0,97,,
2022-06-17,20:00,26.3,15.6,52,WEST,9.7,24.1,1019.3,0,0,0,63,,
2022-06-17,20:15,26,16.7,57,WNW,11.3,17.7,1019.54,0,0,0,39,,
2022-06-17,20:30,25.6,17.8,62,WNW,11.3,17.7,1019.27,0,0,0,25,,
2022-06-17,20:45,24.9,18.3,67,WEST,4.8,17.7,1019.47,0,0,0,11,,
2022-06-17,21:00,24.4,18.3,69,WNW,11.3,16.1,1019.4,0,0,0,0,,
2022-06-17,21:15,23.9,18.3,71,WNW,9.7,20.9,1019.51,0,0,0,0,,
2022-06-17,21:30,23.7,17.8,71,WNW,11.3,11.3,1019.61,0,0,0,0,,
2022-06-17,21:45,23.4,17.8,71,WNW,3.2,14.5,1019.64,0,0,0,0,,
2022-06-17,22:00,23.4,17.8,72,WNW,3.2,9.7,1019.81,0,0,0,0,,
2022-06-17,22:15,23,17.2,72,WNW,1.6,4.8,1019.81,0,0,0,0,,
2022-06-17,22:30,23.8,16.7,65,WNW,3.2,8,1019.88,0,0,0,0,,
2022-06-17,22:45,23.5,17.2,67,WNW,3.2,3.2,1020.05,0,0,0,0,,
2022-06-17,23:00,23,16.7,69,WNW,1.6,4.8,1019.81,0,0,0,0,,
2022-06-17,23:15,23,16.7,68,WNW,1.6,3.2,1019.61,0,0,0,0,,
2022-06-17,23:30,22.2,16.1,70,WNW,1.6,3.2,1019.57,0,0,0,0,,
2022-06-17,23:45,23.1,16.1,65,WNW,3.2,6.4,1019.44,0,0,0,0,,
2022-06-17,OVR,,,,,,,,,,,,gustmax,30.6
2022-06-17,OVR,,,,,,,,,,,,rainrate_max,0
2022-06-17,OVR,,,,,,,,,,,,rain_total_mm,0
2022-06-17,OVR,,,,,,,,,,,,tmax,33.1
2022-06-17,OVR,,,,,,,,,,,,tmin,18.8
2022-06-17,OVR,,,,,,,,,,,,wind_dir_mean_deg,292.5
2022-06-18,00:00,23.8,15.6,61,WNW,1.6,3.2,1019.47,0,0,0,0,,
2022-06-18,00:15,23.5,15.6,61,WNW,3.2,4.8,1019.61,0,0,0,0,,
2022-06-18,00:30,22.9,15,62,WNW,3.2,4.8,1019.51,0,0,0,0,,
2022-06-18,00:45,23,15.6,63,NNE,8,8,1019.54,0,0,0,0,,
2022-06-18,01:00,23.3,15.6,61,NE,8,9.7,1019.4,0,0,0,0,,
2022-06-18,01:15,24.1,15.6,59,NE,1.6,6.4,1019.47,0,0,0,0,,
2022-06-18,01:30,23.3,15.6,62,NE,4.8,8,1019.64,0,0,0,0,,
2022-06-18,01:45,23.1,15.6,62,NE,3.2,4.8,1019.51,0,0,0,0,,
2022-06-18,02:00,24.1,15.6,60,NE,3.2,8,1019.54,0,0,0,0,,
2022-06-18,02:15,23.9,15.6,61,ENE,6.4,9.7,1019.47,0,0,0,0,,
2022-06-18,02:30,23.9,15.6,61,EAST,6.4,11.3,1019.13,0,0,0,0,,
2022-06-18,02:45,23.9,15.6,61,EAST,3.2,9.7,1019.17,0,0,0,0,,
2022-06-18,03:00,24,15.6,60,EAST,4.8,6.4,1019.1,0,0,0,0,,
2022-06-18,03:15,23.9,15.6,60,EAST,3.2,4.8,1018.86,0,0,0,0,,
2022-06-18,03:30,23.9,15.6,60,EAST,9.7,12.9,1018.8,0,0,0,0,,
2022-06-18,03:45,24.6,15.6,57,ESE,9.7,14.5,1018.9,0,0,0,0,,
2022-06-18,04:00,23.9,15,58,ESE,3.2,6.4,1018.96,0,0,0,0,,
2022-06-18,04:15,24.8,14.4,53,ESE,6.4,12.9,1018.93,0,0,0,0,,
2022-06-18,04:30,23.1,15,61,NORTH,0,4.8,1018.96,0,0,0,0,,
2022-06-18,04:45,22.5,14.4,61,ESE,3.2,3.2,1018.76,0,0,0,0,,
2022-06-18,05:00,23,14.4,59,ESE,6.4,4.8,1018.76,0,0,0,0,,
2022-06-18,05:15,23.1,14.4,58,ESE,1.6,6.4,1018.8,0,0,0,0,,
2022-06-18,05:30,23,14.4,60,ESE,3.2,6.4,1018.8,0,0,0,0,,
2022-06-18,05:45,22.6,15,62,ESE,1.6,3.2,1019,0,0,0,0,,
2022-06-18,06:00,21.9,15,64,ESE,3.2,6.4,1018.96,0,0,0,0,,
2022-06-18,06:15,22.3,15,64,ESE,3.2,6.4,1019.03,0,0,0,11,,
2022-06-18,06:30,22.1,15,65,ESE,3.2,9.7,1019.03,0,0,0,33,,
2022-06-18,06:45,23.6,15.6,62,ESE,4.8,9.7,1019.03,0,0,0,65,,
2022-06-18,07:00,23.2,15.6,63,ESE,6.4,11.3,1019.13,0,0,0,105,,
2022-06-18,07:15,23.2,15.6,63,ESE,4.8,14.5,1019.34,0,0,0,128,,
2022-06-18,07:30,23.4,15.6,62,ESE,11.3,14.5,1019.24,0,0,0,174,,
2022-06-18,07:45,24.3,16.1,61,ESE,4.8,14.5,1019.47,0,0,0,255,,
2022-06-18,08:00,25.2,16.1,58,ESE,6.4,11.3,1019.78,0,0,1,301,,
2022-06-18,08:15,26.3,16.1,54,ESE,3.2,6.4,1019.74,0,0,1,338,,
2022-06-18,08:30,26.4,15.6,51,ESE,11.3,16.1,1019.91,0,0,1,388,,
2022-06-18,08:45,26.7,15,48,SE,11.3,16.1,1020.01,0,0,1,432,,
2022-06-18,09:00,27.1,15,47,ESE,1.6,16.1,1019.81,0,0,2,478,,
2022-06-18,09:15,27.4,14.4,45,ENE,9.7,14.5,1020.15,0,0,2,519,,
2022-06-18,09:30,27.7,15,46,ESE,6.4,14.5,1019.91,0,0,2,533,,
2022-06-18,09:45,27.9,14.4,44,EAST,6.4,14.5,1019.68,0,0,3,504,,
2022-06-18,10:00,28.6,14.4,42,EAST,6.4,17.7,1019.71,0,0,3,508,,
2022-06-18,10:15,29.1,13.9,40,EAST,6.4,14.5,1019.64,0,0,4,563,,
2022-06-18,10:30,29.8,15,40,ESE,12.9,20.9,1019.57,0,0,4,673,,
2022-06-18,10:45,29.9,14.4,39,ENE,16.1,17.7,1019.74,0,0,4,745,,
2022-06-18,11:00,30.2,14.4,39,EAST,6.4,17.7,1019.68,0,0,5,786,,
2022-06-18,11:15,30.8,15,39,ENE,6.4,24.1,1019.61,0,0,5,812,,
2022-06-18,11:30,30.9,15,38,NE,11.3,22.5,1019.4,0,0,5,849,,
2022-06-18,11:45,31.3,15,38,ESE,12.9,24.1,1019.37,0,0,6,858,,
2022-06-18,12:00,31.4,15.6,38,ESE,12.9,20.9,1019.24,0,0,6,888,,
2022-06-18,12:15,31.8,15.6,38,SE,12.9,25.7,1019.24,0,0,6,893,,
2022-06-18,12:30,31.6,16.1,40,SE,9.7,25.7,1019.13,0,0,6,896,,
2022-06-18,12:45,31.9,16.1,39,ESE,12.9,22.5,1018.93,0,0,7,919,,
2022-06-18,13:00,32.1,15.6,38,ESE,1.6,25.7,1019.07,0,0,7,967,,
2022-06-18,13:15,32.3,15.6,36,EAST,20.9,27.4,1019.03,0,0,5,1048,,
2022-06-18,13:30,32.3,15.6,37,ENE,11.3,29,1019.1,0,0,7,940,,
2022-06-18,13:45,32.3,15,36,NE,22.5,29,1019.1,0,0,7,925,,
2022-06-18,14:00,31.5,14.4,36,ESE,16.1,32.2,1019.2,0,0,6,900,,
2022-06-18,14:15,31.8,15,36,ESE,8,27.4,1019,0,0,7,904,,
2022-06-18,14:30,32.3,15,35,EAST,14.5,32.2,1019.03,0,0,6,896,,
2022-06-18,14:45,31.8,14.4,35,ESE,19.3,37,1019,0,0,6,930,,
2022-06-18,15:00,32.3,13.9,33,EAST,16.1,29,1019.17,0,0,6,884,,
2022-06-18,15:15,31.6,13.3,33,ESE,12.9,24.1,1019.1,0,0,4,925,,
2022-06-18,15:30,31.4,13.9,35,SE,16.1,24.1,1019.03,0,0,3,397,,
2022-06-18,15:45,31.8,13.3,32,ESE,19.3,22.5,1018.96,0,0,5,844,,
2022-06-18,16:00,32.1,12.2,30,ESE,12.9,17.7,1019,0,0,3,780,,
2022-06-18,16:15,31.3,12.2,31,SE,12.9,24.1,1018.83,0,0,4,272,,
2022-06-18,16:30,31.9,12.2,30,ESE,16.1,27.4,1018.8,0,0,2,209,,
2022-06-18,16:45,31,11.7,31,ESE,14.5,17.7,1018.59,0,0,3,325,,
2022-06-18,17:00,31.8,11.1,29,ESE,12.9,16.1,1018.49,0,0,3,629,,
2022-06-18,17:15,31.7,11.1,28,NORTH,0,16.1,1018.46,0,0,3,564,,
2022-06-18,17:30,30.8,17.8,46,WSW,1.6,17.7,1018.42,0,0,2,501,,
2022-06-18,17:45,29.7,17.8,49,WEST,12.9,38.6,1018.25,0,0,2,462,,
2022-06-18,18:00,29.5,17.8,50,WEST,16.1,27.4,1018.08,0,0,2,408,,
2022-06-18,18:15,29.2,18.3,53,WSW,11.3,27.4,1018.12,0,0,1,360,,
2022-06-18,18:30,28.8,18.9,56,WEST,11.3,19.3,1017.98,0,0,1,302,,
2022-06-18,18:45,28.2,18.9,58,WEST,12.9,24.1,1017.98,0,0,1,262,,
2022-06-18,19:00,27.8,19.4,60,WEST,22.5,19.3,1017.85,0,0,1,213,,
2022-06-18,19:15,27.4,18.9,60,WEST,11.3,20.9,1018.12,0,0,0,167,,
2022-06-18,19:30,27.1,18.3,60,WEST,11.3,17.7,1018.19,0,0,0,123,,
2022-06-18,19:45,26.7,18.3,61,WNW,16.1,20.9,1018.32,0,0,0,84,,
2022-06-18,20:00,26.1,18.3,64,SW,4.8,11.3,1018.42,0,0,0,47,,
2022-06-18,20:15,25.6,18.3,64,WSW,3.2,16.1,1018.42,0,0,0,25,,
2022-06-18,20:30,25.3,18.3,65,WSW,1.6,11.3,1018.56,0,0,0,14,,
2022-06-18,20:45,24.7,18.3,68,NORTH,0,11.3,1018.46,0,0,0,7,,
2022-06-18,21:00,24.1,17.8,69,NORTH,0,6.4,1018.8,0,0,0,0,,
2022-06-18,21:15,23.1,17.2,71,WSW,3.2,4.8,1018.96,0,0,0,0,,
2022-06-18,21:30,22.3,17.2,74,WSW,4.8,4.8,1018.86,0,0,0,0,,
2022-06-18,21:45,21.8,16.7,75,WSW,1.6,6.4,1018.8,0,0,0,0,,
2022-06-18,22:00,21.3,16.1,74,WSW,3.2,6.4,1018.86,0,0,0,0,,
2022-06-18,22:15,22.6,15.6,66,WSW,6.4,8,1018.86,0,0,0,0,,
2022-06-18,22:30,23.4,15,59,WSW,6.4,8,1018.86,0,0,0,0,,
2022-06-18,22:45,23.7,13.9,55,SW,6.4,9.7,1018.93,0,0,0,0,,
2022-06-18,23:00,23.7,13.3,53,SW,4.8,8,1018.96,0,0,0,0,,
2022-06-18,23:15,23.2,14.4,59,SOUTH,6.4,8,1018.9,0,0,0,0,,
2022-06-18,23:30,23.3,15.6,63,SE,6.4,12.9,1018.8,0,0,0,0,,
2022-06-18,23:45,23.7,13.9,55,SE,8,11.3,1018.73,0,0,0,0,,
2022-06-18,OVR,,,,,,,,,,,,gustmax,22.5
2022-06-18,OVR,,,,,,,,,,,,rainrate_max,0
2022-06-18,OVR,,,,,,,,,,,,rain_total_mm,0
2022-06-18,OVR,,,,,,,,,,,,tmax,32.6
2022-06-18,OVR,,,,,,,,,,,,tmin,21.2
2022-06-18,OVR,,,,,,,,,,,,wind_dir_mean_deg,90
2022-06-19,00:00,23.8,12.8,50,SE,11.3,11.3,1018.86,0,0,0,0,,
2022-06-19,00:15,23.4,11.7,48,SE,3.2,6.4,1018.86,0,0,0,0,,
2022-06-19,00:30,22.6,11.1,48,SE,11.3,11.3,1018.42,0,0,0,0,,
2022-06-19,00:45,23.5,11.1,46,ESE,6.4,16.1,1018.49,0,0,0,0,,
2022-06-19,01:00,23.8,11.7,47,ESE,14.5,14.5,1018.29,0,0,0,0,,
2022-06-19,01:15,23.4,11.1,46,ESE,8,16.1,1018.35,0,0,0,0,,
2022-06-19,01:30,23.2,10,43,ESE,11.3,12.9,1018.19,0,0,0,0,,
2022-06-19,01:45,23.2,10,43,ESE,8,12.9,1018.25,0,0,0,0,,
2022-06-19,02:00,22.8,9.4,44,ESE,4.8,11.3,1018.15,0,0,0,0,,
2022-06-19,02:15,22.7,9.4,44,ESE,6.4,11.3,1018.22,0,0,0,0,,
2022-06-19,02:30,22.6,11.7,50,ESE,4.8,8,1018.02,0,0,0,0,,
2022-06-19,02:45,22.4,12.8,54,ESE,8,11.3,1018.08,0,0,0,0,,
2022-06-19,03:00,21.9,12.8,57,ESE,4.8,8,1017.95,0,0,0,0,,
2022-06-19,03:15,21.5,12.2,55,ESE,6.4,8,1017.68,0,0,0,0,,
2022-06-19,03:30,21.4,10,49,ESE,6.4,11.3,1017.44,0,0,0,0,,
2022-06-19,03:45,20.9,9.4,49,ESE,8,12.9,1017.31,0,0,0,0,,
2022-06-19,04:00,21.6,9.4,46,ESE,4.8,12.9,1017.37,0,0,0,0,,
2022-06-19,04:15,21.4,9.4,47,ESE,6.4,11.3,1017.24,0,0,0,0,,
2022-06-19,04:30,21.9,8.9,44,ESE,6.4,12.9,1017.03,0,0,0,0,,
2022-06-19,04:45,21.3,8.9,45,ESE,6.4,9.7,1017.07,0,0,0,0,,
2022-06-19,05:00,21.7,8.9,44,ESE,6.4,11.3,1017.14,0,0,0,0,,
2022-06-19,05:15,21.6,8.3,44,ESE,6.4,11.3,1017.37,0,0,0,0,,
2022-06-19,05:30,21.3,8.3,44,ESE,9.7,11.3,1017.27,0,0,0,0,,
2022-06-19,05:45,21.2,8.9,45,ESE,6.4,12.9,1017.17,0,0,0,0,,
2022-06-19,06:00,20.6,8.9,47,ESE,6.4,11.3,1017.27,0,0,0,0,,
2022-06-19,06:15,21.1,8.3,45,ESE,11.3,12.9,1017.24,0,0,0,12,,
2022-06-19,06:30,20.7,8.3,46,ESE,9.7,12.9,1017.31,0,0,0,32,,
2022-06-19,06:45,20.7,8.3,46,ESE,11.3,14.5,1017.37,0,0,0,77,,
2022-06-19,07:00,21.4,8.9,45,ESE,6.4,12.9,1017.24,0,0,0,121,,
2022-06-19,07:15,21.8,9.4,45,ESE,6.4,9.7,1017.24,0,0,0,141,,
2022-06-19,07:30,22.3,9.4,44,ESE,4.8,11.3,1017.27,0,0,0,220,,
2022-06-19,07:45,22.9,9.4,43,ESE,6.4,11.3,1017.34,0,0,1,264,,
2022-06-19,08:00,23.8,10,41,ESE,4.8,9.7,1017.41,0,0,1,311,,
2022-06-19,08:15,24.9,9.4,38,ESE,3.2,9.7,1017.41,0,0,1,345,,
2022-06-19,08:30,25.4,9.4,37,ESE,3.2,9.7,1017.54,0,0,1,403,,
2022-06-19,08:45,26.1,10,36,ESE,3.2,11.3,1017.41,0,0,2,446,,
2022-06-19,09:00,26.2,9.4,35,EAST,12.9,16.1,1017.58,0,0,2,496,,
2022-06-19,09:15,26.6,10,36,EAST,6.4,14.5,1017.58,0,0,2,536,,
2022-06-19,09:30,26.6,10,36,ESE,11.3,14.5,1017.51,0,0,3,548,,
2022-06-19,09:45,27.1,10,35,ESE,3.2,16.1,1017.37,0,0,3,531,,
2022-06-19,10:00,26.8,10,36,SE,12.9,20.9,1017.24,0,0,3,515,,
2022-06-19,10:15,27.4,10.6,34,SSE,8,17.7,1017.31,0,0,4,564,,
2022-06-19,10:30,27.4,10.6,35,ESE,12.9,19.3,1017.24,0,0,4,680,,
2022-06-19,10:45,27.4,10.6,35,SE,11.3,20.9,1017.14,0,0,4,772,,
2022-06-19,11:00,27.8,10.6,34,SSE,11.3,22.5,1016.93,0,0,5,802,,
2022-06-19,11:15,28.8,10.6,33,ESE,6.4,20.9,1017.07,0,0,5,828,,
2022-06-19,11:30,28.6,10.6,32,ESE,16.1,20.9,1016.73,0,0,6,853,,
2022-06-19,11:45,29.2,11.1,32,SE,17.7,27.4,1016.8,0,0,6,875,,
2022-06-19,12:00,29.6,11.1,32,SE,17.7,24.1,1016.7,0,0,6,896,,
2022-06-19,12:15,29.6,11.1,32,ESE,3.2,25.7,1016.76,0,0,6,907,,
2022-06-19,12:30,30.1,10.6,30,ENE,6.4,20.9,1016.73,0,0,7,923,,
2022-06-19,12:45,30.3,11.1,30,EAST,8,22.5,1016.63,0,0,7,932,,
2022-06-19,13:00,30.7,11.1,30,SE,20.9,20.9,1016.39,0,0,7,937,,
2022-06-19,13:15,30.8,11.1,30,SE,8,25.7,1016.36,0,0,7,932,,
2022-06-19,13:30,30.2,12.2,34,SSE,19.3,33.8,1016.46,0,0,7,930,,
2022-06-19,13:45,30.4,13.3,35,SE,16.1,27.4,1016.32,0,0,7,926,,
2022-06-19,14:00,30.3,12.8,35,SE,19.3,32.2,1016.39,0,0,7,921,,
2022-06-19,14:15,30,12.8,35,SE,25.7,33.8,1016.29,0,0,7,907,,
2022-06-19,14:30,30.6,13.3,34,ESE,14.5,30.6,1016.49,0,0,6,891,,
2022-06-19,14:45,30.4,12.8,35,SSE,20.9,25.7,1016.39,0,0,6,872,,
2022-06-19,15:00,30.3,12.8,34,ESE,11.3,30.6,1016.19,0,0,6,853,,
2022-06-19,15:15,30.3,12.8,34,SE,35.4,30.6,1015.98,0,0,6,833,,
2022-06-19,15:30,30.3,12.2,33,SSE,32.2,33.8,1016.19,0,0,5,803,,
2022-06-19,15:45,30.1,12.2,33,SSE,16.1,33.8,1016.42,0,0,5,779,,
2022-06-19,16:00,30.3,12.8,34,SOUTH,16.1,35.4,1016.42,0,0,5,740,,
2022-06-19,16:15,29.9,12.2,33,SE,12.9,38.6,1016.32,0,0,4,708,,
2022-06-19,16:30,29.9,11.7,33,SE,17.7,32.2,1016.15,0,0,4,671,,
2022-06-19,16:45,29.7,12.2,34,SSE,33.8,35.4,1015.98,0,0,3,635,,
2022-06-19,17:00,29.6,12.2,34,ESE,24.1,33.8,1015.95,0,0,3,589,,
2022-06-19,17:15,30,12.2,34,SSE,17.7,27.4,1016.02,0,0,3,547,,
2022-06-19,17:30,29.5,12.2,35,ESE,12.9,29,1015.95,0,0,2,496,,
2022-06-19,17:45,29.2,12.2,35,SE,12.9,27.4,1016.02,0,0,2,457,,
2022-06-19,18:00,29.1,12.2,36,SE,16.1,30.6,1015.85,0,0,2,408,,
2022-06-19,18:15,28.4,12.2,37,SE,14.5,29,1016.05,0,0,1,360,,
2022-06-19,18:30,28.4,12.2,37,SE,22.5,29,1015.75,0,0,1,316,,
2022-06-19,18:45,28.1,12.2,38,SE,17.7,27.4,1015.85,0,0,1,271,,
2022-06-19,19:00,27.6,12.2,39,SSE,24.1,30.6,1015.85,0,0,1,229,,
2022-06-19,19:15,27.3,12.2,40,ESE,22.5,29,1016.02,0,0,0,178,,
2022-06-19,19:30,27.1,12.8,42,SE,12.9,22.5,1016.19,0,0,0,128,,
2022-06-19,19:45,26.5,13.3,45,SE,8,27.4,1016.09,0,0,0,88,,
2022-06-19,20:00,26.1,13.3,45,SE,14.5,24.1,1016.29,0,0,0,53,,
2022-06-19,20:15,25.8,13.9,47,SE,16.1,25.7,1016.49,0,0,0,25,,
2022-06-19,20:30,25.2,14.4,52,SE,16.1,24.1,1016.42,0,0,0,16,,
2022-06-19,20:45,24.6,15,56,SE,20.9,24.1,1016.32,0,0,0,7,,
2022-06-19,21:00,24,15.6,61,SE,17.7,20.9,1016.49,0,0,0,0,,
2022-06-19,21:15,23.6,16.7,66,SE,16.1,24.1,1016.56,0,0,0,0,,
2022-06-19,21:30,23.2,17.2,69,SE,14.5,22.5,1016.66,0,0,0,0,,
2022-06-19,21:45,22.8,17.8,73,SE,16.1,22.5,1016.83,0,0,0,0,,
2022-06-19,22:00,22.4,18.3,78,SE,16.1,25.7,1016.93,0,0,0,0,,
2022-06-19,22:15,22.1,18.3,81,SE,14.5,19.3,1017.2,0,0,0,0,,
2022-06-19,22:30,21.8,18.3,83,SE,17.7,19.3,1017.37,0,0,0,0,,
2022-06-19,22:45,21.6,18.9,85,SE,11.3,17.7,1017.24,0,0,0,0,,
2022-06-19,23:00,21.6,18.9,84,ESE,14.5,20.9,1017.17,0,0,0,0,,
2022-06-19,23:15,21.5,18.3,84,ESE,16.1,19.3,1017.2,0,0,0,0,,
2022-06-19,23:30,21.4,18.3,83,SE,16.1,19.3,1017.27,0,0,0,0,,
2022-06-19,23:45,21.1,18.3,84,SE,8,17.7,1017.34,0,0,0,0,,
2022-06-19,OVR,,,,,,,,,,,,gustmax,35.4
2022-06-19,OVR,,,,,,,,,,,,rainrate_max,0
2022-06-19,OVR,,,,,,,,,,,,rain_total_mm,0
2022-06-19,OVR,,,,,,,,,,,,tmax,31.1
2022-06-19,OVR,,,,,,,,,,,,tmin,20.4
2022-06-19,OVR,,,,,,,,,,,,wind_dir_mean_deg,135
2022-06-20,00:00,21.1,17.8,84,ESE,14.5,17.7,1017.41,0,0,0,0,,
2022-06-20,00:15,21.1,17.8,82,SE,12.9,17.7,1017.34,0,0,0,0,,
2022-06-20,00:30,21.2,17.8,83,SE,14.5,17.7,1017.31,0,0,0,0,,
2022-06-20,00:45,21,17.8,82,ESE,12.9,16.1,1017.27,0,0,0,0,,
2022-06-20,01:00,20.9,17.2,81,SE,8,16.1,1017.37,0,0,0,0,,
2022-06-20,01:15,21,16.7,77,ESE,11.3,16.1,1017.03,0,0,0,0,,
2022-06-20,01:30,21.3,16.1,73,ESE,14.5,16.1,1016.9,0,0,0,0,,
2022-06-20,01:45,21.6,16.1,70,ESE,14.5,17.7,1016.73,0,0,0,0,,
2022-06-20,02:00,21.4,15.6,70,ESE,6.4,16.1,1016.53,0,0,0,0,,
2022-06-20,02:15,21.6,15.6,68,ESE,4.8,12.9,1016.49,0,0,0,0,,
2022-06-20,02:30,21.1,15.6,71,ESE,9.7,11.3,1016.49,0,0,0,0,,
2022-06-20,02:45,20.6,16.7,79,EAST,3.2,12.9,1016.42,0,0,0,0,,
2022-06-20,03:00,19.8,16.7,83,ESE,9.7,16.1,1016.22,0,0,0,0,,
2022-06-20,03:15,19.8,16.7,82,ESE,9.7,11.3,1016.29,0,0,0,0,,
2022-06-20,03:30,20.3,16.1,78,ESE,9.7,12.9,1016.29,0,0,0,0,,
2022-06-20,03:45,21,13.9,65,ESE,9.7,12.9,1016.36,0,0,0,0,,
2022-06-20,04:00,21.8,12.8,57,ESE,6.4,14.5,1015.95,0,0,0,0,,
2022-06-20,04:15,21.8,12.2,54,ESE,16.1,14.5,1015.88,0,0,0,0,,
2022-06-20,04:30,21.5,14.4,65,ESE,11.3,17.7,1015.75,0,0,0,0,,
2022-06-20,04:45,21.1,15,69,ESE,14.5,16.1,1015.78,0,0,0,0,,
2022-06-20,05:00,20.9,14.4,66,ESE,11.3,17.7,1015.68,0,0,0,0,,
2022-06-20,05:15,20.9,15,68,ESE,11.3,20.9,1015.61,0,0,0,0,,
2022-06-20,05:30,20.8,15.6,74,ESE,12.9,20.9,1015.51,0,0,0,0,,
2022-06-20,05:45,20.2,15.6,75,ESE,3.2,9.7,1015.51,0,0,0,0,,
2022-06-20,06:00,20.1,13.9,68,ESE,6.4,12.9,1015.51,0,0,0,0,,
2022-06-20,06:15,20.3,14.4,69,ESE,4.8,12.9,1015.71,0,0,0,16,,
2022-06-20,06:30,20,14.4,70,ESE,6.4,9.7,1015.82,0,0,0,33,,
2022-06-20,06:45,20.7,15,71,ESE,4.8,12.9,1016.12,0,0,0,58,,
2022-06-20,07:00,21,15,69,ESE,9.7,14.5,1016.02,0,0,0,91,,
2022-06-20,07:15,21.1,15,70,NORTH,0,9.7,1016.12,0,0,0,120,,
2022-06-20,07:30,21.3,15,68,ESE,3.2,4.8,1016.42,0,0,0,178,,
2022-06-20,07:45,21.9,15,64,ESE,4.8,11.3,1016.63,0,0,0,216,,
2022-06-20,08:00,22.2,14.4,61,ESE,6.4,17.7,1016.53,0,0,1,260,,
2022-06-20,08:15,22.6,13.9,58,ESE,16.1,14.5,1016.7,0,0,1,301,,
2022-06-20,08:30,23.1,13.9,57,ESE,17.7,16.1,1016.83,0,0,1,353,,
2022-06-20,08:45,23.4,13.9,55,SE,6.4,14.5,1017.03,0,0,1,399,,
2022-06-20,09:00,23.8,13.9,54,SE,4.8,12.9,1017,0,0,2,448,,
2022-06-20,09:15,24.2,13.9,53,SE,11.3,17.7,1017.34,0,0,2,485,,
2022-06-20,09:30,24.6,13.3,50,ESE,9.7,19.3,1017.03,0,0,2,515,,
2022-06-20,09:45,25.2,13.3,49,SE,14.5,20.9,1016.8,0,0,2,513,,
2022-06-20,10:00,25.8,13.3,46,ESE,12.9,22.5,1016.97,0,0,3,520,,
2022-06-20,10:15,25.9,12.8,45,SE,8,24.1,1016.97,0,0,3,563,,
2022-06-20,10:30,26.1,13.3,46,SE,16.1,22.5,1017.1,0,0,3,642,,
2022-06-20,10:45,26.8,14.4,46,EAST,11.3,24.1,1017.31,0,0,4,719,,
2022-06-20,11:00,27.1,13.9,44,EAST,12.9,24.1,1017.1,0,0,4,756,,
2022-06-20,11:15,27.2,12.8,42,ESE,8,24.1,1017.17,0,0,4,782,,
2022-06-20,11:30,27.7,13.3,41,SE,11.3,27.4,1017.41,0,0,5,810,,
2022-06-20,11:45,28.3,12.8,39,ESE,17.7,29,1017.34,0,0,5,835,,
2022-06-20,12:00,28.5,12.8,39,SE,12.9,27.4,1017.24,0,0,5,858,,
2022-06-20,12:15,29.1,13.3,38,ESE,14.5,24.1,1017.2,0,0,6,870,,
2022-06-20,12:30,29.1,13.9,40,ESE,9.7,25.7,1017.17,0,0,6,886,,
2022-06-20,12:45,28.9,15.6,44,SE,19.3,27.4,1017.27,0,0,6,896,,
2022-06-20,13:00,29,15.6,44,SSE,12.9,29,1017.2,0,0,6,893,,
2022-06-20,13:15,28.9,16.1,46,SE,24.1,29,1016.66,0,0,6,891,,
2022-06-20,13:30,29.3,16.1,46,SSE,20.9,32.2,1016.86,0,0,6,889,,
2022-06-20,13:45,29.4,16.1,45,SSE,6.4,37,1017.27,0,0,6,888,,
2022-06-20,14:00,29.1,16.7,47,SE,20.9,32.2,1017.14,0,0,6,879,,
2022-06-20,14:15,29.4,16.1,45,SE,20.9,32.2,1016.93,0,0,6,861,,
2022-06-20,14:30,29.8,16.1,44,ESE,22.5,37,1016.97,0,0,6,851,,
2022-06-20,14:45,29.4,16.1,44,SE,27.4,35.4,1016.86,0,0,6,840,,
2022-06-20,15:00,29.8,16.1,43,SE,27.4,35.4,1016.42,0,0,5,821,,
2022-06-20,15:15,30,15.6,42,SE,20.9,32.2,1016.7,0,0,5,795,,
2022-06-20,15:30,30,15,41,SE,20.9,33.8,1016.49,0,0,5,766,,
2022-06-20,15:45,30.6,14.4,38,ESE,20.9,25.7,1016.42,0,0,4,740,,
2022-06-20,16:00,30,13.9,37,SE,9.7,37,1016.53,0,0,4,703,,
2022-06-20,16:15,30,13.9,38,SE,22.5,40.2,1016.09,0,0,4,664,,
2022-06-20,16:30,29.5,14.4,40,SE,33.8,40.2,1015.88,0,0,3,624,,
2022-06-20,16:45,29.3,13.3,38,SE,14.5,40.2,1016.12,0,0,3,587,,
2022-06-20,17:00,29,13.9,40,SE,25.7,41.8,1016.32,0,0,2,545,,
2022-06-20,17:15,28.9,13.3,39,SE,17.7,37,1016.53,0,0,2,506,,
2022-06-20,17:30,28.5,15.6,46,SE,16.1,33.8,1016.39,0,0,2,454,,
2022-06-20,17:45,28.2,14.4,44,ESE,17.7,35.4,1016.29,0,0,2,410,,
2022-06-20,18:00,27.9,15,46,SE,17.7,37,1016.12,0,0,1,367,,
2022-06-20,18:15,27.6,14.4,45,SE,20.9,35.4,1016.39,0,0,1,320,,
2022-06-20,18:30,27.3,15.6,49,ESE,25.7,32.2,1016.39,0,0,1,281,,
2022-06-20,18:45,27.1,15,47,ESE,24.1,33.8,1016.39,0,0,1,234,,
2022-06-20,19:00,27.1,15.6,50,ESE,12.9,27.4,1016.36,0,0,0,193,,
2022-06-20,19:15,26.6,15,50,ESE,16.1,32.2,1016.19,0,0,0,151,,
2022-06-20,19:30,26.2,15.6,52,ESE,19.3,27.4,1016.42,0,0,0,118,,
2022-06-20,19:45,25.8,14.4,51,ESE,20.9,30.6,1016.53,0,0,0,84,,
2022-06-20,20:00,25.4,13.9,50,EAST,14.5,30.6,1016.7,0,0,0,58,,
2022-06-20,20:15,24.9,13.9,52,ESE,17.7,29,1016.36,0,0,0,37,,
2022-06-20,20:30,24.4,15,55,ESE,22.5,29,1016.63,0,0,0,19,,
2022-06-20,20:45,24.1,15.6,60,ESE,20.9,27.4,1016.56,0,0,0,7,,
2022-06-20,21:00,23.5,16.7,66,SE,19.3,25.7,1016.9,0,0,0,0,,
2022-06-20,21:15,22.9,17.2,71,ESE,14.5,24.1,1016.9,0,0,0,0,,
2022-06-20,21:30,22.7,17.2,72,ESE,17.7,24.1,1017.14,0,0,0,0,,
2022-06-20,21:45,22.4,17.8,75,ESE,16.1,24.1,1016.93,0,0,0,0,,
2022-06-20,22:00,22.2,17.2,75,SE,16.1,24.1,1017.07,0,0,0,0,,
2022-06-20,22:15,22.3,17.2,75,ESE,16.1,27.4,1017.17,0,0,0,0,,
2022-06-20,22:30,22,17.8,78,ESE,19.3,24.1,1017.41,0,0,0,0,,
2022-06-20,22:45,21.8,17.8,79,SSE,14.5,24.1,1017.64,0,0,0,0,,
2022-06-20,23:00,21.6,18.3,82,EAST,6.4,16.1,1017.71,0,0,0,0,,
2022-06-20,23:15,21.6,17.2,76,ESE,6.4,16.1,1017.68,0,0,0,0,,
2022-06-20,23:30,22,15.6,69,ESE,6.4,12.9,1017.51,0,0,0,0,,
2022-06-20,23:45,22.3,15.6,66,ESE,12.9,22.5,1017.41,0,0,0,0,,
2022-06-20,OVR,,,,,,,,,,,,gustmax,33.8
2022-06-20,OVR,,,,,,,,,,,,rainrate_max,0
2022-06-20,OVR,,,,,,,,,,,,rain_total_mm,0
2022-06-20,OVR,,,,,,,,,,,,tmax,30.7
2022-06-20,OVR,,,,,,,,,,,,tmin,19.7
2022-06-20,OVR,,,,,,,,,,,,wind_dir_mean_deg,135
2022-06-21,00:00,22.6,15.6,66,SE,17.7,27.4,1017.2,0,0,0,0,,
2022-06-21,00:15,22.2,16.1,68,ESE,14.5,24.1,1016.86,0,0,0,0,,
2022-06-21,00:30,22.2,16.7,71,SE,22.5,24.1,1016.97,0,0,0,0,,
2022-06-21,00:45,21.8,17.2,75,ESE,14.5,24.1,1016.86,0,0,0,0,,
2022-06-21,01:00,21.8,16.7,72,ESE,11.3,25.7,1016.9,0,0,0,0,,
2022-06-21,01:15,22.1,15.6,68,ESE,16.1,24.1,1016.63,0,0,0,0,,
2022-06-21,01:30,22.2,15.6,67,ESE,11.3,27.4,1016.53,0,0,0,0,,
2022-06-21,01:45,22,16.1,69,ESE,9.7,22.5,1016.46,0,0,0,0,,
2022-06-21,02:00,21.9,15.6,69,ESE,14.5,25.7,1016.15,0,0,0,0,,
2022-06-21,02:15,21.6,16.1,72,ESE,11.3,17.7,1016.19,0,0,0,0,,
2022-06-21,02:30,21.5,15.6,70,SE,11.3,16.1,1016.15,0,0,0,0,,
2022-06-21,02:45,22,15.6,67,ESE,9.7,20.9,1015.92,0,0,0,0,,
2022-06-21,03:00,22,15.6,67,ESE,9.7,16.1,1016.22,0,0,0,0,,
2022-06-21,03:15,22.1,15.6,67,EAST,4.8,14.5,1016.36,0,0,0,0,,
2022-06-21,03:30,22.1,15.6,68,EAST,9.7,20.9,1016.09,0,0,0,0,,
2022-06-21,03:45,22.1,15.6,67,ESE,9.7,12.9,1016.15,0,0,0,0,,
2022-06-21,04:00,22.2,15.6,67,ESE,9.7,12.9,1016.29,0,0,0,0,,
2022-06-21,04:15,22.3,15.6,67,ESE,12.9,16.1,1016.05,0,0,0,0,,
2022-06-21,04:30,21.7,15.6,69,ESE,12.9,12.9,1015.78,0,0,0,0,,
2022-06-21,04:45,22.4,16.1,67,ESE,3.2,16.1,1015.95,0,0,0,0,,
2022-06-21,05:00,21.3,15.6,70,NORTH,0,4.8,1015.75,0,0,0,0,,
2022-06-21,05:15,20.8,15,70,EAST,4.8,6.4,1015.95,0,0,0,0,,
2022-06-21,05:30,21.4,15.6,69,EAST,4.8,11.3,1015.85,0,0,0,0,,
2022-06-21,05:45,20.9,15,69,EAST,1.6,4.8,1015.92,0,0,0,0,,
2022-06-21,06:00,20.2,14.4,71,EAST,4.8,4.8,1016.12,0,0,0,0,,
2022-06-21,06:15,21.2,14.4,66,EAST,3.2,6.4,1016.05,0,0,0,21,,
2022-06-21,06:30,21.3,14.4,65,EAST,6.4,6.4,1016.15,0,0,0,44,,
2022-06-21,06:45,20.8,14.4,67,NORTH,1.6,6.4,1016.19,0,0,0,74,,
2022-06-21,07:00,21.8,14.4,64,NORTH,1.6,6.4,1016.49,0,0,0,91,,
2022-06-21,07:15,21.8,15,66,NORTH,1.6,3.2,1016.39,0,0,0,70,,
2022-06-21,07:30,22.6,15,64,NORTH,0,4.8,1016.49,0,0,0,98,,
2022-06-21,07:45,22.6,15.6,65,NORTH,0,3.2,1016.7,0,0,0,179,,
2022-06-21,08:00,24.1,15.6,60,NORTH,0,3.2,1016.76,0,0,1,248,,
2022-06-21,08:15,25.7,15.6,54,NE,4.8,8,1016.8,0,0,1,285,,
2022-06-21,08:30,26.4,15,50,NORTH,0,3.2,1016.66,0,0,1,338,,
2022-06-21,08:45,27.6,12.2,38,ESE,3.2,12.9,1016.7,0,0,1,388,,
2022-06-21,09:00,27.6,15,46,ESE,6.4,9.7,1016.76,0,0,2,429,,
2022-06-21,09:15,27.7,16.7,51,ESE,6.4,11.3,1016.63,0,0,2,468,,
2022-06-21,09:30,28.3,14.4,43,SE,8,12.9,1016.59,0,0,2,497,,
2022-06-21,09:45,29.3,10.6,32,SE,6.4,14.5,1016.9,0,0,2,512,,
2022-06-21,10:00,30.3,10,29,ESE,6.4,11.3,1016.63,0,0,3,517,,
2022-06-21,10:15,31.4,10,27,SE,6.4,12.9,1016.53,0,0,3,559,,
2022-06-21,10:30,32,7.2,21,SE,12.9,16.1,1016.32,0,0,4,645,,
2022-06-21,10:45,32.6,8.9,23,SE,14.5,19.3,1016.22,0,0,4,696,,
2022-06-21,11:00,32.7,9.4,24,ESE,12.9,24.1,1016.36,0,0,4,726,,
2022-06-21,11:15,32.1,12.2,30,SE,19.3,24.1,1016.29,0,0,5,768,,
2022-06-21,11:30,31.9,13.9,34,SE,17.7,27.4,1016.19,0,0,5,798,,
2022-06-21,11:45,32.1,12.8,31,SE,24.1,29,1016.29,0,0,5,828,,
2022-06-21,12:00,32.3,12.8,30,SE,19.3,32.2,1016.02,0,0,5,842,,
2022-06-21,12:15,32.6,13.9,33,SSE,29,32.2,1015.85,0,0,6,860,,
2022-06-21,12:30,33.1,14.4,32,SE,22.5,33.8,1015.85,0,0,6,874,,
2022-06-21,12:45,32.3,13.9,33,SE,27.4,33.8,1015.95,0,0,6,882,,
2022-06-21,13:00,32.3,15,36,ESE,24.1,35.4,1015.75,0,0,6,886,,
2022-06-21,13:15,31.8,16.1,40,SE,30.6,40.2,1015.85,0,0,6,889,,
2022-06-21,13:30,31.6,16.1,39,SE,35.4,35.4,1015.78,0,0,6,889,,
2022-06-21,13:45,32.4,16.7,39,SE,32.2,33.8,1015.71,0,0,6,891,,
2022-06-21,14:00,31.9,16.1,39,ESE,25.7,41.8,1015.75,0,0,6,882,,
2022-06-21,14:15,32.7,13.9,33,SE,16.1,37,1015.41,0,0,6,860,,
2022-06-21,14:30,32.8,14.4,33,SE,20.9,35.4,1015.31,0,0,6,851,,
2022-06-21,14:45,32.9,14.4,33,SE,29,38.6,1015.34,0,0,6,835,,
2022-06-21,15:00,33.5,16.1,36,SE,25.7,35.4,1015.17,0,0,5,817,,
2022-06-21,15:15,33.2,16.1,36,ESE,22.5,40.2,1015.1,0,0,5,795,,
2022-06-21,15:30,33.3,14.4,33,SE,29,38.6,1015.04,0,0,5,768,,
2022-06-21,15:45,32.6,15,35,SSE,24.1,43.5,1015.04,0,0,4,737,,
2022-06-21,16:00,32.9,16.7,38,SE,22.5,37,1015.14,0,0,4,715,,
2022-06-21,16:15,31.8,16.1,39,SE,32.2,45.1,1015.04,0,0,3,408,,
2022-06-21,16:30,31.1,15.6,39,ESE,32.2,38.6,1015.17,0,0,2,350,,
2022-06-21,16:45,30.8,15.6,39,SE,20.9,40.2,1014.87,0,0,2,339,,
2022-06-21,17:00,30.7,15.6,40,SE,20.9,38.6,1014.9,0,0,2,297,,
2022-06-21,17:15,30.9,16.1,41,SE,27.4,43.5,1014.87,0,0,2,504,,
2022-06-21,17:30,30.3,15,39,SE,19.3,41.8,1014.93,0,0,1,230,,
2022-06-21,17:45,30.3,14.4,39,SE,30.6,40.2,1014.77,0,0,1,183,,
2022-06-21,18:00,29.9,15,41,SSE,29,35.4,1014.63,0,0,1,190,,
2022-06-21,18:15,29.6,15.6,42,SE,22.5,32.2,1014.83,0,0,1,149,,
2022-06-21,18:30,29.8,15.6,43,ESE,16.1,27.4,1014.9,0,0,1,239,,
2022-06-21,18:45,29.5,16.1,44,SE,19.3,24.1,1014.93,0,0,0,132,,
2022-06-21,19:00,29.2,16.1,45,ESE,16.1,24.1,1014.7,0,0,0,109,,
2022-06-21,19:15,29.2,16.7,46,ESE,12.9,22.5,1014.83,0,0,0,186,,
2022-06-21,19:30,29.2,13.9,39,ESE,3.2,19.3,1015.31,0,0,0,123,,
2022-06-21,19:45,28.4,13.9,42,ESE,16.1,22.5,1015.14,0,0,0,83,,
2022-06-21,20:00,28.2,13.3,41,SE,4.8,24.1,1015.17,0,0,0,56,,
2022-06-21,20:15,27.9,13.3,41,ESE,14.5,19.3,1014.9,0,0,0,35,,
2022-06-21,20:30,27.7,13.3,42,ESE,4.8,16.1,1014.93,0,0,0,18,,
2022-06-21,20:45,27.5,13.3,42,SE,20.9,25.7,1014.63,0,0,0,7,,
2022-06-21,21:00,27,12.8,42,ESE,4.8,14.5,1014.7,0,0,0,0,,
2022-06-21,21:15,26.8,13.3,44,ESE,9.7,14.5,1014.97,0,0,0,0,,
2022-06-21,21:30,27.2,12.8,41,ESE,12.9,22.5,1014.87,0,0,0,0,,
2022-06-21,21:45,26.9,12.8,42,ESE,17.7,27.4,1014.8,0,0,0,0,,
2022-06-21,22:00,26.5,12.8,43,SE,19.3,22.5,1015.04,0,0,0,0,,
2022-06-21,22:15,26.2,12.8,44,ESE,19.3,27.4,1015.07,0,0,0,0,,
2022-06-21,22:30,26.1,12.8,44,SE,19.3,27.4,1015.07,0,0,0,0,,
2022-06-21,22:45,25.9,12.2,43,ESE,20.9,29,1014.83,0,0,0,0,,
2022-06-21,23:00,25.8,12.8,44,SE,20.9,27.4,1014.87,0,0,0,0,,
2022-06-21,23:15,25.7,12.2,44,SE,20.9,27.4,1014.73,0,0,0,0,,
2022-06-21,23:30,26.3,11.7,40,SE,22.5,27.4,1014.73,0,0,0,0,,
2022-06-21,23:45,26.4,11.7,40,SE,20.9,29,1014.7,0,0,0,0,,
2022-06-21,OVR,,,,,,,,,,,,gustmax,35.4
2022-06-21,OVR,,,,,,,,,,,,rainrate_max,0
2022-06-21,OVR,,,,,,,,,,,,rain_total_mm,0
2022-06-21,OVR,,,,,,,,,,,,tmax,33.6
2022-06-21,OVR,,,,,,,,,,,,tmin,20.2
2022-06-21,OVR,,,,,,,,,,,,wind_dir_mean_deg,135
2022-06-22,00:00,26.2,11.7,40,ESE,24.1,27.4,1014.77,0,0,0,0,,
2022-06-22,00:15,26.4,11.1,39,SE,19.3,29,1014.73,0,0,0,0,,
2022-06-22,00:30,26.3,11.1,39,SE,25.7,29,1014.46,0,0,0,0,,
2022-06-22,00:45,26.1,13.9,47,ESE,25.7,32.2,1014.6,0,0,0,0,,
2022-06-22,01:00,26.1,13.9,47,SE,17.7,30.6,1014.39,0,0,0,0,,
2022-06-22,01:15,26.1,14.4,49,SE,22.5,32.2,1014.26,0,0,0,0,,
2022-06-22,01:30,26.2,15.6,52,SE,17.7,30.6,1014.29,0,0,0,0,,
2022-06-22,01:45,26.1,15.6,53,SE,22.5,25.7,1013.99,0,0,0,0,,
2022-06-22,02:00,26.2,15,51,ESE,19.3,25.7,1014.02,0,0,0,0,,
2022-06-22,02:15,26.2,15,50,SE,17.7,25.7,1013.82,0,0,0,0,,
2022-06-22,02:30,26.3,14.4,48,SE,16.1,27.4,1013.55,0,0,0,0,,
2022-06-22,02:45,26.3,14.4,48,ESE,17.7,27.4,1013.68,0,0,0,0,,
2022-06-22,03:00,26.4,14.4,49,ESE,19.3,22.5,1013.58,0,0,0,0,,
2022-06-22,03:15,26.1,14.4,49,ESE,17.7,25.7,1013.44,0,0,0,0,,
2022-06-22,03:30,26.1,14.4,49,ESE,9.7,22.5,1013.68,0,0,0,0,,
2022-06-22,03:45,25.1,13.9,50,ESE,6.4,11.3,1013.65,0,0,0,0,,
2022-06-22,04:00,26.1,14.4,49,ESE,3.2,11.3,1013.85,0,0,0,0,,
2022-06-22,04:15,25.2,13.9,50,ESE,11.3,11.3,1013.34,0,0,0,0,,
2022-06-22,04:30,25.4,13.3,48,ESE,12.9,19.3,1013,0,0,0,0,,
2022-06-22,04:45,25,12.8,46,ESE,12.9,17.7,1013.07,0,0,0,0,,
2022-06-22,05:00,24.7,12.8,47,ESE,12.9,17.7,1012.9,0,0,0,0,,
2022-06-22,05:15,25.1,12.2,46,ESE,11.3,14.5,1012.87,0,0,0,0,,
2022-06-22,05:30,26.1,11.7,41,ESE,4.8,12.9,1012.97,0,0,0,0,,
2022-06-22,05:45,27,10.6,36,ESE,11.3,14.5,1013.07,0,0,0,0,,
2022-06-22,06:00,27.1,10.6,36,ESE,12.9,19.3,1012.7,0,0,0,0,,
2022-06-22,06:15,28.1,8.9,30,ESE,14.5,22.5,1012.5,0,0,0,16,,
2022-06-22,06:30,27.5,10.6,35,ESE,11.3,19.3,1012.43,0,0,0,32,,
2022-06-22,06:45,26.5,11.1,38,EAST,1.6,16.1,1012.9,0,0,0,46,,
2022-06-22,07:00,26.4,10,36,ESE,14.5,17.7,1012.12,0,0,0,83,,
2022-06-22,07:15,27.8,10,33,EAST,6.4,19.3,1012.16,0,0,0,169,,
2022-06-22,07:30,27.7,10.6,35,EAST,8,20.9,1011.72,0,0,0,209,,
2022-06-22,07:45,27.4,10.6,35,SE,8,20.9,1012.46,0,0,0,123,,
2022-06-22,08:00,24.8,15,54,SE,20.9,24.1,1012.67,0,0,0,83,,
2022-06-22,08:15,24.6,16.7,61,SE,14.5,24.1,1012.73,0,0,0,113,,
2022-06-22,08:30,25.1,17.2,62,ESE,16.1,24.1,1012.84,0,0,1,329,,
2022-06-22,08:45,27.3,15,47,SE,12.9,19.3,1013.07,0,0,1,380,,
2022-06-22,09:00,27.4,16.1,51,SE,14.5,17.7,1013.21,0,0,1,418,,
2022-06-22,09:15,28.1,15,45,SE,14.5,17.7,1013.48,0,0,2,446,,
2022-06-22,16:00,32.4,18.9,45,WEST,14.5,30.6,1014.12,0,0,4,749,,
2022-06-22,16:15,31.1,19.4,51,WEST,24.1,32.2,1014.36,0,0,2,352,,
2022-06-22,16:30,31.3,18.3,46,WEST,20.9,27.4,1014.16,0,0,2,415,,
2022-06-22,16:45,30.7,18.9,49,WEST,22.5,38.6,1014.22,0,0,2,297,,
2022-06-22,17:00,29.3,19.4,56,WEST,19.3,29,1014.43,0,0,1,214,,
2022-06-22,17:15,28.3,19.4,60,WEST,19.3,32.2,1014.22,0,0,2,327,,
2022-06-22,17:30,28.2,19.4,59,WNW,14.5,29,1013.95,0,0,2,329,,
2022-06-22,17:45,28.4,18.9,57,WEST,11.3,19.3,1013.55,0,0,1,206,,
2022-06-22,18:00,28.7,18.9,55,WNW,6.4,6.4,1013.48,0,0,1,211,,
2022-06-22,18:15,29.3,18.3,53,WEST,4.8,11.3,1013.34,0,0,1,199,,
2022-06-22,18:30,28.9,18.3,53,WNW,4.8,12.9,1013.51,0,0,1,151,,
2022-06-22,18:45,29.3,18.9,53,WNW,1.6,3.2,1013.51,0,0,0,118,,
2022-06-22,19:00,29.6,18.9,52,WNW,1.6,4.8,1013.44,0,0,0,121,,
2022-06-22,19:15,30.4,17.8,48,NORTH,0,4.8,1013.34,0,0,0,97,,
2022-06-22,19:30,30.6,18.9,49,WNW,3.2,11.3,1013.82,0,0,0,91,,
2022-06-22,19:45,29.7,18.9,52,WNW,1.6,8,1013.99,0,0,0,56,,
2022-06-22,20:00,29,18.9,54,WEST,16.1,30.6,1014.39,0,0,0,42,,
2022-06-22,20:15,26.9,18.9,62,WNW,14.5,33.8,1014.53,0,0,0,25,,
2022-06-22,20:30,26.2,18.3,62,,16.1,32.2,1014.63,0,0,0,12,,
2022-06-22,20:45,26.2,17.8,60,WEST,12.9,20.9,1014.77,0,0,0,0,,
2022-06-22,21:00,26.3,17.2,57,WNW,12.9,24.1,1014.7,0,0,0,0,,
2022-06-22,21:15,26.5,16.1,54,WEST,17.7,25.7,1014.63,0,0,0,0,,
2022-06-22,21:30,26.8,16.1,52,WEST,25.7,27.4,1014.7,0,0,0,0,,
2022-06-22,21:45,26.7,16.1,52,WEST,16.1,20.9,1014.87,0,0,0,0,,
2022-06-22,22:00,26.6,15.6,52,WNW,12.9,17.7,1015.21,0,0,0,0,,
2022-06-22,22:15,26.6,16.1,52,WNW,11.3,17.7,1015.34,0,0,0,0,,
2022-06-22,22:30,26.3,16.1,54,WNW,4.8,22.5,1015.71,0,0,0,0,,
2022-06-22,22:45,26.1,16.7,57,WNW,8,17.7,1015.85,0,0,0,0,,
2022-06-22,23:00,25.8,17.2,59,WEST,12.9,22.5,1015.51,0,0,0,0,,
2022-06-22,23:15,25.7,17.2,59,WNW,11.3,20.9,1015.85,0,0,0,0,,
2022-06-22,23:30,25.4,17.2,61,WNW,9.7,22.5,1015.82,0,0,0,0,,
2022-06-22,23:45,24.6,18.9,71,WNW,12.9,17.7,1016.05,0,0,0,0,,
2022-06-22,OVR,,,,,,,,,,,,gustmax,25.7
2022-06-22,OVR,,,,,,,,,,,,rainrate_max,0
2022-06-22,OVR,,,,,,,,,,,,rain_total_mm,0
2022-06-22,OVR,,,,,,,,,,,,tmax,33.9
2022-06-22,OVR,,,,,,,,,,,,tmin,23.8
2022-06-22,OVR,,,,,,,,,,,,wind_dir_mean_deg,292.5
2022-06-23,00:00,23.8,18.9,75,WEST,11.3,16.1,1016.05,0,0,0,0,,
2022-06-23,00:15,23.9,18.3,71,WNW,3.2,14.5,1015.85,0,0,0,0,,
2022-06-23,00:30,24.1,17.8,68,NORTH,0,4.8,1015.82,0,0,0,0,,
2022-06-23,00:45,23.9,18.3,73,NW,6.4,14.5,1015.82,0,0,0,0,,
2022-06-23,01:00,23.3,18.3,75,NW,3.2,8,1015.78,0,0,0,0,,
2022-06-23,01:15,22.7,18.9,79,NW,1.6,4.8,1015.95,0,0,0,0,,
2022-06-23,01:30,21.9,18.3,81,NW,1.6,3.2,1015.68,0,0,0,0,,
2022-06-23,01:45,21.9,17.8,78,NW,1.6,3.2,1015.65,0,0,0,0,,
2022-06-23,02:00,22.9,17.8,73,NW,1.6,4.8,1015.34,0,0,0,0,,
2022-06-23,02:15,23.2,17.2,69,NORTH,0,3.2,1015.37,0,0,0,0,,
2022-06-23,02:30,22.9,16.7,69,NW,3.2,3.2,1015.17,0,0,0,0,,
2022-06-23,02:45,23.1,16.7,68,NORTH,0,4.8,1015.14,0,0,0,0,,
2022-06-23,03:00,22.2,16.1,69,NORTH,0,1.6,1015.37,0,0,0,0,,
2022-06-23,03:15,23.1,17.2,69,NW,3.2,8,1015.61,0,0,0,0,,
2022-06-23,03:30,23,18.3,75,WNW,6.4,19.3,1015.78,0,0,0,0,,
2022-06-23,03:45,23.1,18.9,78,WNW,12.9,25.7,1015.88,0,0,0,0,,
2022-06-23,04:00,23,18.9,79,WNW,16.1,25.7,1016.19,0,0,0,0,,
2022-06-23,04:15,22.8,18.9,80,WEST,14.5,27.4,1016.36,0,0,0,0,,
2022-06-23,04:30,22.9,18.9,80,WEST,16.1,29,1016.56,0,0,0,0,,
2022-06-23,04:45,22.9,19.4,81,WNW,17.7,32.2,1016.66,0,0,0,0,,
2022-06-23,05:00,23.1,18.9,78,WNW,11.3,17.7,1016.73,0,0,0,0,,
2022-06-23,05:15,23.3,19.4,79,WNW,12.9,19.3,1016.59,0,0,0,0,,
2022-06-23,05:30,23.2,18.9,77,WNW,11.3,17.7,1016.7,0,0,0,0,,
2022-06-23,05:45,23.4,18.3,75,NW,4.8,11.3,1016.63,0,0,0,0,,
2022-06-23,06:00,23.2,18.3,75,NNW,4.8,8,1016.36,0,0,0,0,,
2022-06-23,06:15,23.7,17.2,67,,6.4,9.7,1016.02,0,0,0,0,,
2022-06-23,06:30,24.2,17.2,64,NNW,4.8,9.7,1016.22,0,0,0,18,,
2022-06-23,06:45,24.6,16.7,63,,6.4,14.5,1016.49,0,0,0,35,,
2022-06-23,07:00,24.7,16.7,62,NW,6.4,14.5,1016.7,0,0,0,42,,
2022-06-23,07:15,24.4,17.2,64,NW,4.8,17.7,1016.59,0,0,0,42,,
2022-06-23,07:30,24.3,17.2,65,NW,1.6,16.1,1016.83,0,0,0,37,,
2022-06-23,08:00,24.5,17.2,65,WNW,1.6,11.3,1016.9,0,0,0,135,,
2022-06-23,08:15,24.6,17.2,64,NW,3.2,12.9,1016.93,0,0,0,144,,
2022-06-23,08:30,24.8,17.2,64,NW,6.4,8,1016.93,0,0,0,155,,
2022-06-23,08:45,25.2,17.8,63,NW,4.8,6.4,1016.7,0,0,0,102,,
2022-06-23,09:00,25.4,16.7,60,NNW,8,9.7,1016.36,0,0,0,98,,
2022-06-23,09:15,25.8,16.7,58,NW,4.8,14.5,1016.56,0,0,1,200,,
2022-06-23,09:30,26.3,17.2,58,NNW,3.2,14.5,1016.49,0,0,2,336,,
2022-06-23,09:45,26.8,17.2,57,NW,8,12.9,1016.76,0,0,2,385,,
2022-06-23,10:00,27.1,17.2,55,NW,11.3,16.1,1017,0,0,1,239,,
2022-06-23,10:15,27.2,17.2,55,NW,3.2,19.3,1016.8,0,0,2,359,,
2022-06-23,10:30,27.4,17.2,55,NW,3.2,11.3,1016.8,0,0,2,288,,
2022-06-23,10:45,27.8,17.2,53,NORTH,0,11.3,1017,0,0,1,188,,
2022-06-23,11:00,27.8,17.2,53,NW,9.7,12.9,1016.8,0,0,1,214,,
2022-06-23,11:15,28.3,17.2,52,NNW,3.2,16.1,1016.49,0,0,2,360,,
2022-06-23,11:30,28.4,17.8,54,NW,6.4,14.5,1017,0,0,3,378,,
2022-06-23,11:45,28.8,17.8,52,NW,8,14.5,1017.1,0,0,4,731,,
2022-06-23,12:00,29.3,18.3,51,NW,8,16.1,1017.31,0,0,5,534,,
2022-06-23,12:15,29.9,17.8,49,NW,3.2,8,1017.1,0,0,4,469,,
2022-06-23,12:30,31,17.8,45,NW,9.7,14.5,1017.2,0,0,5,524,,
2022-06-23,12:45,31.4,18.3,45,WNW,11.3,24.1,1017.14,0,0,7,953,,
2022-06-23,13:00,31.1,17.8,46,WNW,17.7,29,1017.2,0,0,5,564,,
2022-06-23,13:15,31.4,17.8,45,NW,6.4,12.9,1017.34,0,0,7,649,,
2022-06-23,13:30,32.2,17.8,42,NNW,6.4,12.9,1017.2,0,0,5,640,,
2022-06-23,13:45,32.4,17.8,42,WEST,3.2,20.9,1017.14,0,0,6,615,,
2022-06-23,14:00,32.9,17.2,40,NORTH,0,16.1,1016.8,0,0,7,918,,
2022-06-23,14:15,33.4,17.2,38,SSE,8,19.3,1016.86,0,0,7,1085,,
2022-06-23,14:30,33.7,17.2,38,SSE,14.5,20.9,1017,0,0,6,925,,
2022-06-23,14:45,33.4,16.7,37,SSE,6.4,17.7,1017.07,0,0,4,499,,
2022-06-23,15:00,33.1,16.1,37,SOUTH,3.2,17.7,1017.07,0,0,3,359,,
2022-06-23,15:15,32.7,16.1,38,SSE,1.6,19.3,1016.97,0,0,2,283,,
2022-06-23,15:30,32.6,16.7,38,SE,6.4,20.9,1016.93,0,0,2,338,,
2022-06-23,15:45,31.9,17.8,43,SE,19.3,22.5,1016.76,0,0,1,190,,
2022-06-23,16:00,31.7,17.8,44,SSE,16.1,25.7,1016.56,0,0,2,230,,
2022-06-23,16:15,31.6,17.8,44,SE,16.1,27.4,1016.59,0,0,1,237,,
2022-06-23,16:30,31.7,18.3,45,SW,1.6,22.5,1016.97,0,0,2,346,,
2022-06-23,16:45,31.3,17.8,44,WNW,20.9,25.7,1017.1,0,0,3,640,,
2022-06-23,17:00,30.5,17.2,46,NE,22.5,40.2,1017.03,0,0,3,601,,
2022-06-23,17:15,28.7,17.8,53,WNW,17.7,45.1,1017.17,0,0,2,469,,
2022-06-23,17:30,27.8,18.3,57,NW,6.4,30.6,1017.27,0,0,2,617,,
2022-06-23,17:45,27.7,18.9,58,WNW,29,32.2,1017.14,0,0,2,406,,
2022-06-23,18:00,26.9,18.9,61,NW,24.1,43.5,1017.14,0,0,1,218,,
2022-06-23,18:15,26.2,18.9,64,NW,19.3,37,1017,0,0,1,142,,
2022-06-23,18:30,26.1,19.4,66,WNW,14.5,29,1017.14,0,0,1,113,,
2022-06-23,18:45,25.9,19.4,68,WEST,16.1,29,1017.37,0,0,0,127,,
2022-06-23,19:00,25.6,19.4,68,WNW,12.9,33.8,1017.27,0,0,0,104,,
2022-06-23,19:15,25.3,19.4,70,WEST,14.5,30.6,1017.2,0,0,0,62,,
2022-06-23,19:30,25.1,18.9,70,WNW,4.8,27.4,1017.27,0,0,0,33,,
2022-06-23,19:45,24.7,18.3,69,WEST,11.3,27.4,1017.2,0,0,0,32,,
2022-06-23,20:00,24.7,18.9,71,WNW,19.3,24.1,1017.85,0,0,0,14,,
2022-06-23,20:15,24.3,18.9,72,WNW,12.9,29,1017.95,0,0,0,0,,
2022-06-23,20:30,24.1,18.3,72,NORTH,0,14.5,1017.51,0,0,0,0,,
2022-06-23,20:45,24.1,18.3,71,NORTH,0,12.9,1017.78,0,0,0,0,,
2022-06-23,21:00,23.9,18.3,72,WEST,9.7,20.9,1018.05,0,0,0,0,,
2022-06-23,21:15,23.7,18.9,75,WEST,4.8,22.5,1018.42,0,0,0,0,,
2022-06-23,21:30,23.4,18.3,74,WEST,16.1,22.5,1018.49,0,0,0,0,,
2022-06-23,21:45,23.6,18.9,75,WNW,3.2,19.3,1018.42,0,0,0,0,,
2022-06-23,22:00,23.5,18.3,75,NORTH,0,4.8,1018.52,0,0,0,0,,
2022-06-23,22:15,23.5,18.3,73,WNW,3.2,4.8,1018.08,0,0,0,0,,
2022-06-23,22:30,23.6,18.3,73,NNW,3.2,6.4,1018.22,0,0,0,0,,
2022-06-23,22:45,24.2,18.3,70,NE,6.4,9.7,1018.05,0,0,0,0,,
2022-06-23,23:00,24.2,18.3,70,NNW,6.4,12.9,1017.61,0,0,0,0,,
2022-06-23,23:15,24.1,18.3,71,,3.2,9.7,1017.41,0,0,0,0,,
2022-06-23,23:30,24.2,18.3,70,NNE,8,9.7,1017.03,0,0,0,0,,
2022-06-23,23:45,23.8,18.3,71,NE,3.2,16.1,1016.73,0,0,0,0,,
2022-06-23,OVR,,,,,,,,,,,,gustmax,29
2022-06-23,OVR,,,,,,,,,,,,rainrate_max,0
2022-06-23,OVR,,,,,,,,,,,,rain_total_mm,0
2022-06-23,OVR,,,,,,,,,,,,tmax,33.7
2022-06-23,OVR,,,,,,,,,,,,tmin,21.8
2022-06-23,OVR,,,,,,,,,,,,wind_dir_mean_deg,292.5
2022-06-24,00:00,23.4,18.3,73,NE,4.8,8,1016.83,0,0,0,0,,
2022-06-24,00:15,22.8,17.8,75,NORTH,0,3.2,1017,0,0,0,0,,
2022-06-24,00:30,22.6,17.8,75,NORTH,0,4.8,1017.2,0,0,0,0,,
2022-06-24,00:45,22.7,17.8,75,NORTH,0,3.2,1017.41,0,0,0,0,,
2022-06-24,01:00,22.4,17.8,76,NE,4.8,4.8,1016.86,0,0,0,0,,
2022-06-24,01:15,22.8,17.8,73,NE,1.6,6.4,1016.76,0,0,0,0,,
2022-06-24,01:30,23.2,17.2,70,NE,1.6,4.8,1017,0,0,0,0,,
2022-06-24,01:45,22.8,17.2,70,NE,1.6,1.6,1016.93,0,0,0,0,,
2022-06-24,02:00,22.9,16.7,70,NORTH,0,4.8,1016.97,0,0,0,0,,
2022-06-24,02:15,22.7,16.7,71,NE,1.6,4.8,1017.2,0,0,0,0,,
2022-06-24,02:30,22.9,17.2,71,NORTH,0,3.2,1017.34,0,0,0,0,,
2022-06-24,02:45,22.7,17.2,71,NE,1.6,1.6,1017.31,0,0,0,0,,
2022-06-24,03:00,22.6,17.2,71,NE,3.2,3.2,1017.03,0,0,0,0,,
2022-06-24,03:15,22.7,17.2,71,NORTH,0,6.4,1016.93,0,0,0,0,,
2022-06-24,03:30,22.3,16.7,72,NORTH,0,4.8,1016.86,0,0,0,0,,
2022-06-24,03:45,22.8,16.7,70,NORTH,0,3.2,1016.66,0,0,0,0,,
2022-06-24,04:00,22.6,16.7,71,NORTH,0,3.2,1016.29,0,0,0,0,,
2022-06-24,04:15,22.9,17.2,71,NORTH,0,3.2,1016.36,0,0,0,0,,
2022-06-24,04:30,22.8,17.2,71,NE,4.8,4.8,1016.73,0,0,0,0,,
2022-06-24,04:45,21.8,16.7,74,NE,1.6,3.2,1016.83,0,0,0,0,,
2022-06-24,05:00,22.3,17.2,73,NE,3.2,3.2,1016.59,0,0,0,0,,
2022-06-24,05:15,21.9,16.7,74,NE,3.2,4.8,1016.93,0,0,0,0,,
2022-06-24,05:30,21.4,16.7,76,NE,4.8,6.4,1016.8,0,0,0,0,,
2022-06-24,05:45,21.8,16.7,74,NE,4.8,6.4,1016.42,0,0,0,0,,
2022-06-24,06:00,22.4,16.7,70,NORTH,0,6.4,1016.63,0,0,0,0,,
2022-06-24,06:15,22.3,16.1,70,NE,1.6,6.4,1016.8,0,0,0,12,,
2022-06-24,06:30,22.9,16.1,67,NORTH,0,4.8,1016.86,0,0,0,16,,
2022-06-24,06:45,22.7,16.7,68,NORTH,0,3.2,1016.86,0,0,0,23,,
2022-06-24,07:00,22.7,16.7,69,NE,1.6,3.2,1016.9,0,0,0,51,,
2022-06-24,07:15,22.9,16.7,70,NE,1.6,3.2,1017.07,0,0,0,77,,
2022-06-24,07:30,22.9,17.2,70,NE,3.2,6.4,1016.97,0,0,0,98,,
2022-06-24,07:45,23.6,17.2,67,NE,3.2,6.4,1016.9,0,0,0,83,,
2022-06-24,08:00,24.1,17.2,65,NE,3.2,3.2,1016.76,0,0,1,163,,
2022-06-24,08:15,26.4,16.1,54,NE,3.2,4.8,1016.73,0,0,1,199,,
2022-06-24,08:30,26.6,16.7,56,NE,1.6,1.6,1016.7,0,0,1,195,,
2022-06-24,08:45,27.3,16.7,52,NORTH,0,4.8,1016.9,0,0,1,272,,
2022-06-24,09:00,27.2,17.8,57,NE,4.8,8,1017.1,0,0,1,306,,
2022-06-24,09:15,27.2,18.3,58,NE,1.6,8,1017.24,0,0,2,283,,
2022-06-24,09:30,27.2,16.7,53,NE,3.2,6.4,1016.83,0,0,1,165,,
2022-06-24,09:45,28.2,17.2,53,NORTH,0,4.8,1016.76,0,0,1,359,,
2022-06-24,10:00,27.9,17.2,53,NE,1.6,8,1016.86,0,0,1,239,,
2022-06-24,10:15,27.7,17.8,55,NE,4.8,8,1016.76,0,0,1,239,,
2022-06-24,10:30,27.3,18.3,58,NNW,8,14.5,1017.14,0,0,2,267,,
2022-06-24,10:45,27.4,18.9,59,NNW,3.2,6.4,1017.14,0,0,3,418,,
2022-06-24,11:00,27.9,16.1,50,NNW,4.8,12.9,1017,0,0,2,239,,
2022-06-24,11:15,27.6,16.1,50,NNW,6.4,12.9,1016.93,0,0,1,151,,
2022-06-24,11:30,27.3,16.1,52,NNW,3.2,8,1017.24,0,0,1,183,,
2022-06-24,11:45,27.3,16.1,52,NNW,8,9.7,1017.44,0,0,1,169,,
2022-06-24,12:00,27.9,16.7,51,NNW,1.6,4.8,1017.1,0,0,2,295,,
2022-06-24,12:15,28.2,15.6,47,NNW,1.6,4.8,1017.54,0,0,3,397,,
2022-06-24,12:30,28.2,15.6,46,NNW,4.8,9.7,1017.34,0,0,1,179,,
2022-06-24,12:45,28.1,15.6,47,NW,9.7,16.1,1018.02,0,0,1,153,,
2022-06-24,13:00,27.4,17.2,54,NW,4.8,14.5,1017.44,0,0,2,243,,
2022-06-24,13:15,27.3,17.2,54,NW,4.8,12.9,1017.61,0,0,1,148,,
2022-06-24,13:30,27.2,16.7,54,NW,4.8,9.7,1017.54,0,0,2,302,,
2022-06-24,13:45,27.7,17.2,53,NW,3.2,9.7,1017.68,0,0,3,420,,
2022-06-24,14:00,28,16.7,50,NW,8,9.7,1017.58,0,0,3,390,,
2022-06-24,14:15,27.9,16.7,51,WNW,16.1,16.1,1017.58,0,0,2,311,,
2022-06-24,14:30,28,16.7,50,WNW,6.4,24.1,1017.75,0,0,2,257,,
2022-06-24,14:45,27.6,17.2,53,NW,8,17.7,1017.14,0,0,1,192,,
2022-06-24,15:00,27.4,16.7,53,NW,6.4,11.3,1017,0,0,3,383,,
2022-06-24,15:15,27.4,16.7,53,NW,8,16.1,1017.31,0,0,3,371,,
2022-06-24,15:30,27.7,17.2,53,WNW,14.5,16.1,1017.37,0,0,2,244,,
2022-06-24,15:45,27.7,16.7,52,WNW,8,22.5,1017.88,0,0,1,179,,
2022-06-24,16:00,26.9,17.2,55,WNW,22.5,33.8,1017.64,0,0,2,253,,
2022-06-24,16:15,26,17.8,61,WEST,40.2,45.1,1017.81,0,0,2,250,,
2022-06-24,16:30,25.2,17.8,63,NW,12.9,43.5,1017.71,0,0,2,262,,
2022-06-24,16:45,25.6,17.2,62,NW,14.5,29,1017.51,0,0,1,227,,
2022-06-24,17:00,25.5,18.3,65,WEST,24.1,40.2,1017.98,0,0,1,202,,
2022-06-24,17:15,24.9,18.9,70,WNW,14.5,37,1017.58,0,0,1,148,,
2022-06-24,17:30,24.5,18.9,71,WNW,4.8,24.1,1017.31,0,0,1,169,,
2022-06-24,17:45,25.2,18.3,67,NW,4.8,12.9,1017,0,0,1,132,,
2022-06-24,18:00,25.1,18.9,69,WNW,9.7,19.3,1017.27,0,0,0,111,,
2022-06-24,18:15,24.4,18.9,72,WEST,3.2,16.1,1016.66,0,0,1,149,,
2022-06-24,18:30,24.9,18.9,70,WEST,1.6,3.2,1016.76,0,0,0,76,,
2022-06-24,18:45,25,18.9,69,WEST,3.2,4.8,1016.05,0,0,0,90,,
2022-06-24,19:00,25,18.9,69,NORTH,0,11.3,1016.15,0,0,0,88,,
2022-06-24,19:15,25.3,18.3,66,NNE,1.6,6.4,1016.7,0,0,0,46,,
2022-06-24,19:30,24.9,18.3,68,NW,14.5,19.3,1017.27,0,0,0,46,,
2022-06-24,19:45,23.9,18.9,74,NW,6.4,16.1,1016.73,0,0,0,30,,
2022-06-24,20:00,23.6,18.9,76,NORTH,0,4.8,1017.17,0,0,0,19,,
2022-06-24,20:15,23.7,18.9,75,NW,3.2,6.4,1016.9,0,0,0,16,,
2022-06-24,20:30,23.4,18.9,76,NW,1.6,4.8,1016.83,0,0,0,16,,
2022-06-24,20:45,23.4,18.3,74,NW,1.6,4.8,1016.93,0,0,0,0,,
2022-06-24,21:00,23.7,18.3,72,NW,3.2,3.2,1017.1,0,0,0,0,,
2022-06-24,21:15,23.3,18.3,75,NW,3.2,8,1017.24,0,0,0,0,,
2022-06-24,21:30,22.9,18.3,75,NORTH,0,4.8,1017.34,0,0,0,0,,
2022-06-24,21:45,22.6,17.8,75,NW,1.6,3.2,1017.17,0,0,0,0,,
2022-06-24,22:00,22.4,17.2,74,NW,1.6,4.8,1017.37,0,0,0,0,,
2022-06-24,22:15,22.2,17.2,75,NW,1.6,4.8,1017.95,0,0,0,0,,
2022-06-24,22:30,22.1,17.2,75,NW,1.6,3.2,1018.12,0,0,0,0,,
2022-06-24,22:45,22.9,17.2,72,NW,1.6,3.2,1017.98,0,0,0,0,,
2022-06-24,23:00,23.2,17.2,70,NW,3.2,3.2,1017.95,0,0,0,0,,
2022-06-24,23:15,23.5,16.7,66,NW,1.6,4.8,1017.68,0,0,0,0,,
2022-06-24,23:30,23.5,16.1,64,NW,3.2,4.8,1017.54,0,0,0,0,,
2022-06-24,23:45,23.4,15.6,63,NW,3.2,4.8,1017.58,0,0,0,0,,
2022-06-24,OVR,,,,,,,,,,,,gustmax,40.2
2022-06-24,OVR,,,,,,,,,,,,rainrate_max,0
2022-06-24,OVR,,,,,,,,,,,,rain_total_mm,0
2022-06-24,OVR,,,,,,,,,,,,tmax,28.3
2022-06-24,OVR,,,,,,,,,,,,tmin,21.3
2022-06-24,OVR,,,,,,,,,,,,wind_dir_mean_deg,315
2022-06-25,00:00,23.9,16.7,64,NW,4.8,14.5,1017.58,0,0,0,0,,
2022-06-25,00:15,22.5,16.7,71,NORTH,0,3.2,1017.34,0,0,0,0,,
2022-06-25,00:30,21.3,16.7,76,NW,3.2,8,1017.75,0,0,0,0,,
2022-06-25,00:45,21.6,16.1,73,NW,3.2,6.4,1017.81,0,0,0,0,,
2022-06-25,01:00,22.9,16.7,68,NW,3.2,4.8,1017.64,0,0,0,0,,
2022-06-25,01:15,22.9,16.1,66,NW,3.2,4.8,1017.51,0,0,0,0,,
2022-06-25,01:30,22.9,16.1,65,NW,4.8,8,1017.37,0,0,0,0,,
2022-06-25,01:45,23.4,16.1,64,NW,1.6,6.4,1017.51,0,0,0,0,,
2022-06-25,02:00,23.6,15.6,62,NNW,8,9.7,1017.64,0,0,0,0,,
2022-06-25,02:15,23.3,16.1,64,NNW,3.2,12.9,1017.51,0,0,0,0,,
2022-06-25,02:30,23.6,15.6,62,NNW,8,8,1017.64,0,0,0,0,,
2022-06-25,02:45,23.6,15.6,62,NNW,4.8,4.8,1017.61,0,0,0,0,,
2022-06-25,03:00,25,15,55,WNW,17.7,33.8,1017.64,0,0,0,0,,
2022-06-25,03:15,25.2,15,55,NW,16.1,30.6,1017.31,0,0,0,0,,
2022-06-25,03:30,25.3,15,54,WNW,12.9,33.8,1017.31,0,0,0,0,,
2022-06-25,03:45,25.1,15.6,55,NW,8,27.4,1017.51,0,0,0,0,,
2022-06-25,04:00,25.1,15,54,WNW,14.5,27.4,1017.51,0,0,0,0,,
2022-06-25,04:15,24.8,15,55,NNW,14.5,19.3,1017.44,0,0,0,0,,
2022-06-25,04:30,24.6,15,56,NW,14.5,22.5,1017.24,0,0,0,0,,
2022-06-25,04:45,24.3,15,56,NW,9.7,16.1,1017.27,0,0,0,0,,
2022-06-25,05:00,24.3,15,56,NNW,17.7,20.9,1017.07,0,0,0,0,,
2022-06-25,05:15,24.3,15,56,NNW,19.3,22.5,1017.41,0,0,0,0,,
2022-06-25,05:30,24.4,15,57,NNW,17.7,27.4,1017,0,0,0,0,,
2022-06-25,05:45,24.2,15,57,NNW,19.3,24.1,1017,0,0,0,0,,
2022-06-25,06:00,24.5,15,55,NNW,9.7,19.3,1017.24,0,0,0,0,,
2022-06-25,06:15,24,15,57,NNW,6.4,20.9,1017.03,0,0,0,7,,
2022-06-25,06:30,23.8,15,58,NNW,14.5,16.1,1016.09,0,0,0,28,,
2022-06-25,06:45,24.2,15,56,NNW,3.2,17.7,1015.92,0,0,0,28,,
2022-06-25,07:00,24.2,15,56,NNE,4.8,16.1,1016.09,0,0,0,35,,
2022-06-25,07:15,24.6,14.4,55,NORTH,6.4,14.5,1015.92,0,0,0,51,,
2022-06-25,07:30,23.7,15,60,NW,6.4,12.9,1016.56,0,0,0,51,,
2022-06-25,07:45,23.3,15.6,62,NW,3.2,9.7,1016.42,0,0,0,69,,
2022-06-25,08:00,23.8,15,59,NNW,4.8,8,1016.15,0,0,0,70,,
2022-06-25,08:15,23.9,15.6,61,NNW,1.6,8,1016.15,0,0,0,142,,
2022-06-25,08:30,25.3,15.6,55,NNE,6.4,11.3,1015.82,0,0,1,148,,
2022-06-25,08:45,25.5,15.6,54,EAST,6.4,11.3,1016.09,0,0,1,221,,
2022-06-25,09:00,25.7,15.6,53,EAST,3.2,11.3,1016.19,0,0,0,125,,
2022-06-25,09:15,25.7,15.6,53,EAST,4.8,11.3,1016.49,0,0,1,179,,
2022-06-25,09:30,25.9,15.6,52,EAST,6.4,14.5,1016.53,0,0,1,132,,
2022-06-25,09:45,26.3,15.6,52,EAST,3.2,12.9,1016.63,0,0,1,241,,
2022-06-25,10:00,26.7,15,49,ENE,12.9,19.3,1016.49,0,0,1,142,,
2022-06-25,10:15,27.6,15.6,47,EAST,9.7,19.3,1016.59,0,0,3,677,,
2022-06-25,10:30,28.5,15,45,EAST,6.4,17.7,1016.46,0,0,4,788,,
2022-06-25,10:45,28.7,15.6,45,EAST,12.9,20.9,1016.36,0,0,3,304,,
2022-06-25,11:00,29,16.1,45,ESE,6.4,24.1,1016.42,0,0,3,399,,
2022-06-25,11:15,29.3,16.1,44,EAST,19.3,37,1016.49,0,0,5,352,,
2022-06-25,11:30,30.2,16.1,42,EAST,11.3,30.6,1016.39,0,0,5,844,,
2022-06-25,11:45,30.2,15.6,42,SE,11.3,38.6,1016.42,0,0,5,849,,
2022-06-25,12:00,30.7,16.1,42,ENE,17.7,30.6,1016.05,0,0,5,867,,
2022-06-25,12:15,30.5,16.7,44,ESE,22.5,30.6,1016.15,0,0,6,882,,
2022-06-25,12:30,30.8,17.2,44,SE,6.4,29,1016.29,0,0,6,896,,
2022-06-25,12:45,31.1,17.2,43,ESE,19.3,25.7,1016.05,0,0,6,905,,
2022-06-25,13:00,31.8,15.6,38,ESE,19.3,35.4,1015.95,0,0,6,907,,
2022-06-25,13:15,31.8,16.1,39,SE,27.4,38.6,1015.61,0,0,6,914,,
2022-06-25,13:30,31.8,16.1,40,SE,27.4,37,1015.21,0,0,6,916,,
2022-06-25,13:45,32.7,16.7,39,ESE,16.1,35.4,1015.21,0,0,6,914,,
2022-06-25,14:00,31.9,16.1,39,SE,38.6,43.5,1014.97,0,0,6,902,,
2022-06-25,14:15,32.1,16.1,39,SE,27.4,46.7,1015.21,0,0,6,896,,
2022-06-25,14:30,32.4,16.1,37,SE,20.9,43.5,1014.87,0,0,6,879,,
2022-06-25,14:45,32.2,15.6,37,SE,25.7,41.8,1014.77,0,0,6,860,,
2022-06-25,15:00,32.2,15.6,37,SE,20.9,51.5,1014.77,0,0,5,846,,
2022-06-25,15:15,32.6,16.1,38,SE,27.4,46.7,1014.9,0,0,5,819,,
2022-06-25,15:30,32.1,16.1,39,SE,16.1,51.5,1014.9,0,0,5,796,,
2022-06-25,15:45,32.1,16.1,39,ESE,27.4,40.2,1014.63,0,0,4,766,,
2022-06-25,16:00,31.8,16.7,40,SE,20.9,38.6,1014.56,0,0,4,735,,
2022-06-25,16:15,32,16.1,39,ESE,19.3,35.4,1014.66,0,0,4,703,,
2022-06-25,16:30,31.7,16.1,39,SE,16.1,38.6,1014.39,0,0,3,666,,
2022-06-25,16:45,32.2,16.1,38,ESE,12.9,35.4,1014.39,0,0,3,624,,
2022-06-25,17:00,31.7,16.1,39,SSE,25.7,37,1014.29,0,0,3,589,,
2022-06-25,17:15,31.8,16.7,40,SE,27.4,32.2,1014.43,0,0,2,543,,
2022-06-25,17:30,31.4,16.1,40,SE,22.5,35.4,1014.19,0,0,2,501,,
2022-06-25,17:45,31.4,16.1,39,ESE,25.7,33.8,1014.16,0,0,2,452,,
2022-06-25,18:00,31.1,16.1,40,SE,19.3,33.8,1014.09,0,0,1,408,,
2022-06-25,18:15,30.9,15.6,40,SE,16.1,35.4,1013.92,0,0,1,359,,
2022-06-25,18:30,30.9,15.6,40,SSE,12.9,25.7,1013.85,0,0,1,309,,
2022-06-25,18:45,30.7,15.6,41,SE,20.9,27.4,1013.88,0,0,1,264,,
2022-06-25,19:00,30.9,15.6,40,ESE,11.3,25.7,1013.82,0,0,1,218,,
2022-06-25,19:15,30.7,15,39,ESE,22.5,20.9,1013.82,0,0,0,176,,
2022-06-25,19:30,30.5,13.9,37,ESE,12.9,24.1,1013.88,0,0,0,128,,
2022-06-25,19:45,30,14.4,39,ENE,17.7,24.1,1014.02,0,0,0,90,,
2022-06-25,20:00,29.4,14.4,40,EAST,11.3,25.7,1013.85,0,0,0,58,,
2022-06-25,20:15,28.9,14.4,41,ESE,12.9,24.1,1014.05,0,0,0,33,,
2022-06-25,20:30,28.4,13.9,41,ENE,14.5,24.1,1014.16,0,0,0,19,,
2022-06-25,20:45,28,13.9,43,EAST,12.9,19.3,1014.09,0,0,0,9,,
2022-06-25,21:00,27.6,13.9,43,EAST,16.1,22.5,1014.12,0,0,0,0,,
2022-06-25,21:15,27.3,13.3,43,EAST,12.9,24.1,1014.09,0,0,0,0,,
2022-06-25,21:30,26.9,13.3,44,ESE,6.4,22.5,1014.16,0,0,0,0,,
2022-06-25,21:45,26.8,13.3,44,ESE,16.1,30.6,1014.26,0,0,0,0,,
2022-06-25,22:00,26.6,13.9,45,ESE,20.9,25.7,1014.22,0,0,0,0,,
2022-06-25,22:15,26.4,13.9,46,EAST,11.3,27.4,1014.43,0,0,0,0,,
2022-06-25,22:30,26.2,13.9,47,ENE,6.4,29,1014.53,0,0,0,0,,
2022-06-25,22:45,25.9,13.9,48,EAST,17.7,29,1014.49,0,0,0,0,,
2022-06-25,23:00,25.8,13.9,48,EAST,19.3,27.4,1014.53,0,0,0,0,,
2022-06-25,23:15,25.6,13.9,49,ENE,16.1,25.7,1014.53,0,0,0,0,,
2022-06-25,23:30,25.4,13.9,50,ENE,25.7,22.5,1014.53,0,0,0,0,,
2022-06-25,23:45,25.3,13.9,50,EAST,11.3,24.1,1014.46,0,0,0,0,,
2022-06-25,OVR,,,,,,,,,,,,gustmax,38.6
2022-06-25,OVR,,,,,,,,,,,,rainrate_max,0
2022-06-25,OVR,,,,,,,,,,,,rain_total_mm,0
2022-06-25,OVR,,,,,,,,,,,,tmax,32.7
2022-06-25,OVR,,,,,,,,,,,,tmin,21.2
2022-06-25,OVR,,,,,,,,,,,,wind_dir_mean_deg,45
2022-06-26,00:00,25.2,14.4,51,EAST,19.3,24.1,1014.43,0,0,0,0,,
2022-06-26,00:15,25.1,14.4,52,EAST,6.4,22.5,1014.53,0,0,0,0,,
2022-06-26,00:30,24.9,14.4,52,ENE,19.3,22.5,1014.19,0,0,0,0,,
2022-06-26,00:45,24.9,14.4,52,EAST,12.9,22.5,1014.22,0,0,0,0,,
2022-06-26,01:00,24.9,14.4,52,EAST,6.4,25.7,1014.22,0,0,0,0,,
2022-06-26,01:15,24.8,14.4,53,ENE,19.3,24.1,1014.19,0,0,0,0,,
2022-06-26,01:30,24.7,14.4,54,ESE,14.5,24.1,1014.12,0,0,0,0,,
2022-06-26,01:45,24.6,14.4,54,EAST,11.3,22.5,1014.33,0,0,0,0,,
2022-06-26,02:00,24.4,14.4,55,EAST,11.3,17.7,1013.82,0,0,0,0,,
2022-06-26,02:15,24.3,14.4,55,ENE,16.1,19.3,1013.99,0,0,0,0,,
2022-06-26,02:30,24.3,14.4,55,EAST,12.9,20.9,1013.75,0,0,0,0,,
2022-06-26,02:45,24.2,14.4,56,EAST,11.3,22.5,1013.41,0,0,0,0,,
2022-06-26,03:00,24.4,14.4,55,ENE,14.5,24.1,1013.11,0,0,0,0,,
2022-06-26,03:15,24.6,15,55,EAST,14.5,24.1,1013.04,0,0,0,0,,
2022-06-26,03:30,24.9,14.4,53,ENE,8,25.7,1013.07,0,0,0,0,,
2022-06-26,03:45,24.8,14.4,53,ENE,12.9,22.5,1012.8,0,0,0,0,,
2022-06-26,04:00,24.6,14.4,54,EAST,11.3,20.9,1012.77,0,0,0,0,,
2022-06-26,04:15,24.4,14.4,54,ENE,11.3,19.3,1012.8,0,0,0,0,,
2022-06-26,04:30,24.6,14.4,53,EAST,12.9,16.1,1012.8,0,0,0,0,,
2022-06-26,04:45,24.5,13.9,52,EAST,12.9,19.3,1012.67,0,0,0,0,,
2022-06-26,05:00,24.7,13.3,50,NE,9.7,19.3,1012.73,0,0,0,0,,
2022-06-26,05:15,24.6,13.3,50,EAST,16.1,16.1,1012.63,0,0,0,0,,
2022-06-26,05:30,24.2,13.3,52,ESE,12.9,19.3,1012.29,0,0,0,0,,
2022-06-26,05:45,24.4,13.9,51,EAST,19.3,29,1011.58,0,0,0,0,,
2022-06-26,06:00,24.3,13.3,51,ENE,20.9,25.7,1011.95,0,0,0,0,,
2022-06-26,06:15,24.3,13.9,52,EAST,14.5,22.5,1012.26,0,0,0,11,,
2022-06-26,06:30,24.5,12.8,49,ESE,17.7,17.7,1012.33,0,0,0,26,,
2022-06-26,06:45,25.3,12.8,46,ESE,17.7,30.6,1012.36,0,0,0,58,,
2022-06-26,07:00,25.4,13.3,48,ESE,17.7,30.6,1012.46,0,0,0,93,,
2022-06-26,07:15,25.3,13.9,50,ESE,17.7,27.4,1012.87,0,0,0,135,,
2022-06-26,07:30,25.6,13.9,49,ESE,12.9,25.7,1013.07,0,0,0,176,,
2022-06-26,07:45,25.8,14.4,49,ESE,20.9,29,1013,0,0,0,214,,
2022-06-26,08:00,26,14.4,50,EAST,12.9,27.4,1012.67,0,0,1,257,,
2022-06-26,08:15,26.4,15,50,EAST,22.5,29,1012.84,0,0,1,297,,
2022-06-26,08:30,27,15.6,50,SE,9.7,19.3,1013.51,0,0,1,348,,
2022-06-26,08:45,27.6,15.6,49,ESE,11.3,16.1,1013.55,0,0,1,422,,
2022-06-26,09:00,27.8,16.1,49,ESE,11.3,20.9,1013.65,0,0,1,294,,
2022-06-26,09:15,28.3,16.1,48,ESE,16.1,27.4,1013.61,0,0,2,540,,
2022-06-26,09:30,28.6,16.1,47,EAST,14.5,20.9,1013.58,0,0,2,552,,
2022-06-26,09:45,29,16.1,46,EAST,6.4,19.3,1013.75,0,0,2,288,,
2022-06-26,10:00,29.3,16.7,46,ESE,4.8,19.3,1013.68,0,0,2,338,,
2022-06-26,10:15,30.1,16.7,44,ESE,6.4,19.3,1013.58,0,0,2,359,,
2022-06-26,10:30,30.4,16.7,43,ESE,17.7,19.3,1013.11,0,0,2,302,,
2022-06-26,10:45,31,17.2,43,SE,3.2,24.1,1013.55,0,0,3,737,,
2022-06-26,11:00,31.7,17.2,43,ESE,19.3,29,1013.04,0,0,4,780,,
2022-06-26,11:15,32.4,17.2,41,ESE,11.3,24.1,1012.94,0,0,4,796,,
2022-06-26,11:30,32.8,17.2,40,ESE,14.5,29,1013.04,0,0,5,907,,
2022-06-26,11:45,33.3,17.8,40,SE,8,25.7,1012.63,0,0,5,838,,
2022-06-26,12:00,33.8,17.2,37,SE,12.9,29,1012.9,0,0,5,881,,
2022-06-26,12:15,34,17.8,39,ESE,17.7,29,1013,0,0,5,969,,
2022-06-26,12:30,34,18.3,40,SSE,24.1,27.4,1013,0,0,6,942,,
2022-06-26,12:45,33.9,18.3,41,SE,8,30.6,1013.24,0,0,6,916,,
2022-06-26,13:00,34.1,18.3,39,ESE,8,33.8,1012.87,0,0,5,628,,
2022-06-26,13:15,33.9,16.1,34,SE,8,33.8,1012.84,0,0,6,635,,
2022-06-26,13:30,34.3,15,32,ESE,19.3,32.2,1012.8,0,0,5,531,,
2022-06-26,13:45,35.2,15,30,SE,25.7,35.4,1012.94,0,0,6,671,,
2022-06-26,14:00,34.7,15.6,32,SSE,22.5,35.4,1012.9,0,0,7,1018,,
2022-06-26,14:15,35.8,15.6,30,ESE,14.5,29,1012.9,0,0,5,856,,
2022-06-26,14:30,36.1,15.6,29,SSE,22.5,29,1012.9,0,0,5,925,,
2022-06-26,14:45,36.7,15.6,28,SSE,16.1,27.4,1012.97,0,0,5,846,,
2022-06-26,15:00,35.8,15.6,30,SE,20.9,32.2,1012.8,0,0,4,540,,
2022-06-26,15:15,35.8,14.4,28,ESE,16.1,30.6,1012.9,0,0,3,436,,
2022-06-26,15:30,36.2,14.4,27,SE,25.7,30.6,1012.84,0,0,5,810,,
2022-06-26,15:45,36.6,15,27,SE,19.3,30.6,1012.53,0,0,4,777,,
2022-06-26,16:00,36.2,14.4,28,SSE,20.9,33.8,1012.5,0,0,3,517,,
2022-06-26,16:15,36.6,15,28,ESE,20.9,35.4,1011.85,0,0,3,540,,
2022-06-26,16:30,35.7,13.3,26,ESE,25.7,33.8,1011.95,0,0,2,290,,
2022-06-26,16:45,36,14.4,28,SE,25.7,32.2,1011.79,0,0,3,564,,
2022-06-26,17:00,35.4,13.9,27,SSE,29,32.2,1011.92,0,0,2,279,,
2022-06-26,17:15,35.6,13.3,26,SE,16.1,33.8,1012.06,0,0,3,612,,
2022-06-26,17:30,34.6,15.6,33,ENE,6.4,27.4,1012.7,0,0,2,381,,
2022-06-26,17:45,32.9,16.1,36,SE,12.9,25.7,1012.6,0,0,1,193,,
2022-06-26,18:00,32.2,16.1,38,ESE,11.3,30.6,1012.23,0,0,0,137,,
2022-06-26,18:15,31.8,16.1,39,SE,17.7,25.7,1012.23,0,0,0,109,,
2022-06-26,18:30,31.5,15.6,39,ESE,14.5,22.5,1011.85,0,0,0,158,,
2022-06-26,18:45,32.1,15.6,37,ESE,12.9,25.7,1012.43,0,0,0,202,,
2022-06-26,19:00,31.2,15.6,39,ESE,1.6,17.7,1012.87,0,0,0,174,,
2022-06-26,19:15,30.4,16.1,43,ESE,16.1,32.2,1013.14,0,0,0,221,,
2022-06-26,19:30,29.9,15.6,43,SE,22.5,25.7,1012.87,0,0,0,102,,
2022-06-26,19:45,29.9,15,40,ESE,22.5,30.6,1012.73,0,0,0,46,,
2022-06-26,20:00,29.4,16.1,44,SE,17.7,27.4,1012.67,0,0,0,44,,
2022-06-26,20:15,29.2,16.7,47,ENE,14.5,25.7,1012.63,0,0,0,35,,
2022-06-26,20:30,29.4,16.7,47,ESE,12.9,35.4,1012.53,0,0,0,47,,
2022-06-26,20:45,30.1,15.6,42,EAST,17.7,40.2,1011.79,0,0,0,18,,
2022-06-26,21:00,29.6,16.7,45,EAST,8,25.7,1012.67,0,0,0,0,,
2022-06-26,21:15,28.6,16.7,48,EAST,4.8,9.7,1012.73,0,0,0,0,,
2022-06-26,21:30,28.9,16.7,48,ESE,20.9,29,1012.77,0,0,0,0,,
2022-06-26,21:45,28.7,17.2,50,SE,20.9,30.6,1012.9,0,0,0,0,,
2022-06-26,22:00,28.8,16.1,47,SE,25.7,35.4,1013.21,0,0,0,0,,
2022-06-26,22:15,28.6,16.7,48,SE,22.5,32.2,1013.48,0,0,0,0,,
2022-06-26,22:30,28.4,16.7,49,ESE,19.3,29,1013.44,0,0,0,0,,
2022-06-26,22:45,28.8,16.1,46,SE,29,32.2,1013.88,0,0,0,0,,
2022-06-26,23:00,28.4,16.7,49,SE,16.1,27.4,1014.12,0,0,0,0,,
2022-06-26,23:15,28.6,16.1,47,ESE,19.3,33.8,1014.12,0,0,0,0,,
2022-06-26,23:30,28.5,16.1,47,EAST,11.3,27.4,1014.09,0,0,0,0,,
2022-06-26,23:45,28.4,16.1,48,ESE,12.9,22.5,1014.29,0,0,0,0,,
2022-06-26,OVR,,,,,,,,,,,,gustmax,29
2022-06-26,OVR,,,,,,,,,,,,rainrate_max,0
2022-06-26,OVR,,,,,,,,,,,,rain_total_mm,0
2022-06-26,OVR,,,,,,,,,,,,tmax,37.3
2022-06-26,OVR,,,,,,,,,,,,tmin,24.1
2022-06-26,OVR,,,,,,,,,,,,wind_dir_mean_deg,112.5
2022-06-27,00:00,27.9,16.1,49,ESE,11.3,19.3,1014.02,0,0,0,0,,
2022-06-27,00:15,28.6,15.6,45,ESE,11.3,32.2,1013.99,0,0,0,0,,
2022-06-27,00:30,28.6,15.6,46,ESE,20.9,27.4,1013.95,0,0,0,0,,
2022-06-27,00:45,28.5,15.6,46,ESE,17.7,25.7,1013.44,0,0,0,0,,
2022-06-27,01:00,28.4,15.6,46,ESE,12.9,30.6,1013.38,0,0,0,0,,
2022-06-27,01:15,28,16.1,49,EAST,9.7,22.5,1013.04,0,0,0,0,,
2022-06-27,01:30,27.7,16.1,49,ESE,11.3,20.9,1013.14,0,0,0,0,,
2022-06-27,01:45,28.6,15.6,45,SE,20.9,33.8,1012.9,0,0,0,0,,
2022-06-27,02:00,28.4,15.6,45,ESE,19.3,35.4,1012.87,0,0,0,0,,
2022-06-27,02:15,28.5,15.6,45,ESE,17.7,32.2,1012.53,0,0,0,0,,
2022-06-27,02:30,28.6,15.6,45,ESE,14.5,30.6,1012.67,0,0,0,0,,
2022-06-27,02:45,28.4,16.1,47,SE,14.5,30.6,1012.63,0,0,0,0,,
2022-06-27,03:00,27.7,16.7,52,SE,16.1,27.4,1012.8,0,0,0,0,,
2022-06-27,03:15,27.2,17.2,56,ESE,17.7,25.7,1012.63,0,0,0,0,,
2022-06-27,03:30,26.8,17.8,58,ESE,11.3,25.7,1012.97,0,0,0,0,,
2022-06-27,03:45,26.7,18.3,60,ESE,11.3,25.7,1012.7,0,0,0,0,,
2022-06-27,04:00,26.1,18.3,63,SE,22.5,27.4,1012.53,0,0,0,0,,
2022-06-27,04:15,26.3,18.3,62,SE,17.7,30.6,1013.04,0,0,0,0,,
2022-06-27,04:30,26.2,18.3,62,EAST,16.1,27.4,1012.84,0,0,0,0,,
2022-06-27,04:45,26.1,18.3,63,ESE,19.3,25.7,1012.9,0,0,0,0,,
2022-06-27,05:00,25.9,18.3,65,ESE,22.5,29,1012.73,0,0,0,0,,
2022-06-27,05:15,25.7,18.3,65,ESE,6.4,22.5,1012.73,0,0,0,0,,
2022-06-27,05:30,25.7,18.3,64,ESE,14.5,20.9,1012.87,0,0,0,0,,
2022-06-27,05:45,25.3,18.3,65,ESE,12.9,16.1,1012.87,0,0,0,0,,
2022-06-27,06:00,25.3,18.3,65,ESE,1.6,12.9,1012.94,0,0,0,0,,
2022-06-27,06:15,25,18.3,67,ESE,9.7,16.1,1012.67,0,0,0,9,,
2022-06-27,06:30,24.8,17.8,66,EAST,3.2,17.7,1012.9,0,0,0,23,,
2022-06-27,06:45,24.7,17.8,67,ESE,4.8,14.5,1012.73,0,0,0,49,,
2022-06-27,07:00,25.3,18.3,65,EAST,1.6,9.7,1013,0,0,0,104,,
2022-06-27,07:15,26.3,17.8,61,SE,8,16.1,1012.9,0,0,0,146,,
2022-06-27,07:30,26.6,18.3,61,ESE,19.3,29,1012.33,0,0,0,179,,
2022-06-27,07:45,27.3,18.3,58,SSE,12.9,27.4,1013.11,0,0,0,213,,
2022-06-27,08:00,26.7,19.4,65,ESE,19.3,25.7,1013.11,0,0,0,265,,
2022-06-27,08:15,26.6,19.4,66,SE,20.9,32.2,1013.41,0,0,1,295,,
2022-06-27,08:30,26.8,19.4,66,SE,8,20.9,1014.02,0,0,1,332,,
2022-06-27,08:45,27.3,19.4,62,SE,19.3,22.5,1013.68,0,0,1,378,,
2022-06-27,09:00,28.3,19.4,59,SE,4.8,19.3,1014.02,0,0,1,483,,
2022-06-27,09:15,29.3,18.9,54,SE,27.4,22.5,1013.72,0,0,2,483,,
2022-06-27,09:30,29.7,19.4,55,SSE,9.7,24.1,1014.09,0,0,2,520,,
2022-06-27,09:45,30.3,19.4,53,EAST,12.9,20.9,1014.22,0,0,2,554,,
2022-06-27,10:00,31.2,19.4,51,ESE,11.3,17.7,1014.29,0,0,2,531,,
2022-06-27,10:15,31.4,19.4,50,ESE,24.1,25.7,1014.02,0,0,3,621,,
2022-06-27,10:30,31.7,20,50,EAST,14.5,24.1,1014.05,0,0,3,700,,
2022-06-27,10:45,32.2,18.9,46,EAST,16.1,24.1,1014.02,0,0,4,889,,
2022-06-27,11:00,32.4,19.4,47,SE,16.1,20.9,1014.36,0,0,2,346,,
2022-06-27,11:15,31.7,19.4,49,ESE,9.7,22.5,1014.43,0,0,2,376,,
2022-06-27,11:30,31.7,19.4,49,SSE,14.5,17.7,1014.46,0,0,2,292,,
2022-06-27,11:45,31.6,20.6,52,SSE,12.9,19.3,1015.07,0,0,1,255,,
2022-06-27,12:00,30.8,20.6,55,SSE,14.5,16.1,1015.07,0,0,1,299,,
2022-06-27,12:15,30.8,21.1,58,SE,11.3,16.1,1014.43,0,0,2,355,,
2022-06-27,12:30,31.4,20.6,54,SE,12.9,29,1014.77,0,0,2,339,,
2022-06-27,12:45,31.1,21.1,57,SSE,12.9,22.5,1014.83,0,0,2,306,,
2022-06-27,13:00,31.6,21.7,57,SSE,14.5,25.7,1014.77,0,0,6,977,,
2022-06-27,13:15,33.6,21.1,49,EAST,4.8,16.1,1014.46,0,0,3,388,,
2022-06-27,13:30,33.2,20.6,49,ESE,4.8,14.5,1014.63,0,0,3,454,,
2022-06-27,13:45,32.3,20,48,SE,12.9,22.5,1014.66,0,0,3,378,,
2022-06-27,14:00,33.8,20,45,ESE,22.5,30.6,1014.29,0,0,6,939,,
2022-06-27,14:15,35.1,20,42,SE,12.9,24.1,1014.36,0,0,6,947,,
2022-06-27,14:30,35.1,19.4,40,SE,22.5,20.9,1014.16,0,0,6,879,,
2022-06-27,14:45,35.7,18.9,37,SSE,1.6,19.3,1014.33,0,0,5,851,,
2022-06-27,15:00,35.7,18.3,37,SSE,1.6,16.1,1014.29,0,0,5,849,,
2022-06-27,15:15,35.7,19.4,38,SSE,9.7,16.1,1014.19,0,0,5,875,,
2022-06-27,15:30,36.3,19.4,37,SSE,1.6,19.3,1014.19,0,0,5,830,,
2022-06-27,15:45,35.9,21.1,43,SSW,1.6,9.7,1014.19,0,0,2,369,,
2022-06-27,16:00,35.5,21.1,43,SSE,6.4,16.1,1014.19,0,0,3,443,,
2022-06-27,16:15,34.4,22.8,51,WNW,4.8,20.9,1014.02,0,0,2,323,,
2022-06-27,16:30,33.1,22.8,56,WEST,9.7,25.7,1014.16,0,0,3,671,,
2022-06-27,16:45,34.4,22.2,50,WNW,8,12.9,1014.12,0,0,3,705,,
2022-06-27,17:00,35.9,21.7,44,WEST,3.2,6.4,1014.05,0,0,2,452,,
2022-06-27,17:15,35.5,21.7,45,SOUTH,8,14.5,1013.95,0,0,2,587,,
2022-06-27,17:30,34.9,21.7,46,SE,14.5,16.1,1013.68,0,0,1,155,,
2022-06-27,17:45,34.8,21.7,48,SE,4.8,12.9,1013.44,0,0,1,199,,
2022-06-27,18:00,34.3,22.2,50,SE,1.6,8,1013.61,0,0,1,142,,
2022-06-27,18:15,34.4,22.2,50,SE,4.8,4.8,1013.38,0,0,0,171,,
2022-06-27,18:30,32.2,23.3,60,WNW,9.7,32.2,1013.68,0,0,1,362,,
2022-06-27,18:45,29.6,22.8,68,WNW,4.8,24.1,1013.68,0,0,1,156,,
2022-06-27,19:00,28.7,22.8,70,WNW,1.6,29,1013.61,0,0,0,236,,
2022-06-27,19:15,29.4,22.8,69,WNW,4.8,12.9,1013.72,0,0,0,148,,
2022-06-27,19:30,30.3,22.8,65,NORTH,0,4.8,1013.61,0,0,0,171,,
2022-06-27,19:45,30.5,22.8,64,WSW,12.9,11.3,1013.82,0,0,0,98,,
2022-06-27,20:00,27.8,22.2,74,WNW,8,19.3,1014.05,0,0,0,63,,
2022-06-27,20:15,27.2,22.8,77,WNW,1.6,6.4,1013.88,0,0,0,42,,
2022-06-27,20:30,26.8,22.8,78,WNW,1.6,4.8,1014.19,0,0,0,28,,
2022-06-27,20:45,26.5,22.2,79,WNW,3.2,4.8,1014.22,0,0,0,12,,
2022-06-27,21:00,26.9,22.2,76,SSE,11.3,14.5,1014.09,0,0,0,0,,
2022-06-27,21:15,26.9,21.7,75,SE,11.3,17.7,1014.02,0,0,0,0,,
2022-06-27,21:30,27.5,20,63,ESE,8,17.7,1014.12,0,0,0,0,,
2022-06-27,21:45,28.1,18.3,55,SE,16.1,22.5,1014.22,0,0,0,0,,
2022-06-27,22:00,28.1,17.8,53,SE,17.7,25.7,1014.09,0,0,0,0,,
2022-06-27,22:15,27.8,17.8,54,ESE,17.7,24.1,1014.46,0,0,0,0,,
2022-06-27,22:30,27.6,17.2,54,SE,11.3,24.1,1014.49,0,0,0,0,,
2022-06-27,22:45,27.1,17.8,58,SE,11.3,19.3,1014.63,0,0,0,0,,
2022-06-27,23:00,25.8,18.9,65,SE,6.4,9.7,1015.1,0,0,0,0,,
2022-06-27,23:15,25.1,18.9,70,SE,4.8,6.4,1015.14,0,0,0,0,,
2022-06-27,23:30,24.8,19.4,74,SE,6.4,12.9,1014.77,0,0,0,0,,
2022-06-27,23:45,25.1,20,75,SE,8,16.1,1014.8,0,0,0,0,,
2022-06-27,OVR,,,,,,,,,,,,gustmax,27.4
2022-06-27,OVR,,,,,,,,,,,,rainrate_max,0
2022-06-27,OVR,,,,,,,,,,,,rain_total_mm,0
2022-06-27,OVR,,,,,,,,,,,,tmax,36.4
2022-06-27,OVR,,,,,,,,,,,,tmin,24.6
2022-06-27,OVR,,,,,,,,,,,,wind_dir_mean_deg,135
2022-06-28,00:00,24.9,20.6,76,SSE,3.2,9.7,1015.27,0,0,0,0,,
2022-06-28,00:15,24.6,20,78,SSE,4.8,6.4,1015.48,0,0,0,0,,
2022-06-28,00:30,24,21.7,86,WEST,3.2,17.7,1015.27,0,0,0,0,,
2022-06-28,00:45,23.4,21.7,89,NORTH,0,6.4,1015.37,0,0,0,0,,
2022-06-28,01:00,23.3,21.7,91,NORTH,0,4.8,1015.44,0,0,0,0,,
2022-06-28,01:15,22.9,21.1,91,WSW,4.8,6.4,1014.66,0,0,0,0,,
2022-06-28,01:30,23.1,21.1,89,NW,1.6,4.8,1014.7,0,0,0,0,,
2022-06-28,01:45,23.3,20.6,86,NW,4.8,4.8,1014.8,0,0,0,0,,
2022-06-28,02:00,23.4,21.7,89,WEST,9.7,19.3,1015.51,0,0,0,0,,
2022-06-28,02:15,23.6,21.7,91,WNW,17.7,27.4,1015.85,0,0,0,0,,
2022-06-28,02:30,23.4,21.7,92,WNW,3.2,24.1,1015.58,0,0,0,0,,
2022-06-28,02:45,23.2,21.7,92,NW,6.4,6.4,1015.24,0,0,0,0,,
2022-06-28,03:00,23.1,21.1,91,EAST,11.3,16.1,1014.77,0,0,0,0,,
2022-06-28,03:15,24.3,21.1,84,EAST,1.6,14.5,1015.04,0,0,0,0,,
2022-06-28,03:30,24,21.1,84,EAST,8,16.1,1014.36,0,0,0,0,,
2022-06-28,03:45,24.3,21.1,82,ENE,16.1,20.9,1013.75,0,0,0,0,,
2022-06-28,04:00,24,20.6,83,ENE,8,22.5,1013.92,0,0,0,0,,
2022-06-28,04:15,23.6,20.6,83,EAST,12.9,25.7,1013,0,0,0,0,,
2022-06-28,04:30,24.1,20.6,80,SE,22.5,25.7,1013.34,0,0,0,0,,
2022-06-28,04:45,25.4,20,72,EAST,12.9,30.6,1013.31,0,0,0,0,,
2022-06-28,05:00,25.8,19.4,69,ENE,11.3,16.1,1012.33,0,0,0,0,,
2022-06-28,05:15,25.3,20,73,SSE,3.2,16.1,1013.11,0,0,0,0,,
2022-06-28,05:30,23.6,20.6,82,ESE,3.2,22.5,1012.8,0,0,0,0,,
2022-06-28,05:45,23.2,20.6,86,ESE,3.2,19.3,1012.06,0,0,0,0,,
2022-06-28,06:00,23.2,21.1,89,SSW,4.8,20.9,1013.61,0,0,0,0,,
2022-06-28,06:15,23.4,21.1,89,NORTH,9.7,16.1,1014.12,0,0,0,0,,
2022-06-28,06:30,23.7,21.1,87,WNW,11.3,22.5,1013.24,0,0,0,0,,
2022-06-28,06:45,23.5,21.1,89,WNW,8,19.3,1014.33,0,0,0,11,,
2022-06-28,07:00,23.4,21.7,90,WNW,14.5,25.7,1014.63,0,0,0,19,,
2022-06-28,07:15,23.3,21.7,90,NW,22.5,22.5,1014.97,0,0,0,40,,
2022-06-28,07:30,23.3,21.7,90,WNW,12.9,27.4,1015.37,0,0,0,63,,
2022-06-28,07:45,23.4,21.7,90,WNW,17.7,24.1,1015.61,0,0,0,116,,
2022-06-28,08:00,23.6,21.7,89,WNW,11.3,16.1,1015.71,0,0,0,33,,
2022-06-28,08:15,23.7,21.7,89,NW,4.8,17.7,1016.22,0,0,0,40,,
2022-06-28,08:30,23.6,21.7,89,WEST,12.9,17.7,1015.95,0,0,0,113,,
2022-06-28,08:45,23.8,21.7,88,WNW,12.9,22.5,1015.85,0,0,1,135,,
2022-06-28,09:00,24.2,21.7,86,NORTH,0,16.1,1016.02,0,0,1,163,,
2022-06-28,09:15,24.7,21.1,81,WEST,6.4,17.7,1016.05,0,0,1,178,,
2022-06-28,09:30,25.4,21.1,78,WEST,19.3,20.9,1015.95,0,0,2,482,,
2022-06-28,09:45,25.8,21.1,75,WNW,3.2,25.7,1015.82,0,0,2,524,,
2022-06-28,10:00,25.4,20.6,75,WEST,4.8,22.5,1015.58,0,0,1,134,,
2022-06-28,10:15,25.4,20.6,75,WSW,3.2,19.3,1015.58,0,0,1,174,,
2022-06-28,10:30,25.5,20.6,75,WNW,6.4,19.3,1015.34,0,0,1,243,,
2022-06-28,10:45,25.7,20.6,73,WEST,4.8,24.1,1015.95,0,0,3,329,,
2022-06-28,11:00,25.8,20.6,73,WSW,6.4,17.7,1015.88,0,0,1,169,,
2022-06-28,11:15,26,20.6,73,WEST,4.8,20.9,1016.05,0,0,1,207,,
2022-06-28,11:30,25.8,20.6,73,WNW,14.5,17.7,1015.92,0,0,1,195,,
2022-06-28,11:45,25.7,21.1,76,WEST,14.5,37,1016.19,0,0,2,227,,
2022-06-28,12:00,25.9,21.1,75,WEST,22.5,40.2,1016.12,0,0,3,448,,
2022-06-28,12:15,25.8,21.1,76,NE,3.2,35.4,1016.19,0,0,3,443,,
2022-06-28,12:30,26.2,21.1,74,WEST,24.1,35.4,1016.12,0,0,3,383,,
2022-06-28,12:45,26.4,21.1,73,WNW,20.9,35.4,1016.19,0,0,3,457,,
2022-06-28,13:00,26.4,20.6,72,WNW,16.1,41.8,1016.22,0,0,4,355,,
2022-06-28,13:15,27.1,20.6,69,WNW,24.1,43.5,1016.15,0,0,4,983,,
2022-06-28,13:30,26.6,20.6,71,WEST,30.6,43.5,1016.19,0,0,6,986,,
2022-06-28,13:45,25.9,20.6,74,WEST,25.7,43.5,1016.32,0,0,3,429,,
2022-06-28,14:00,25.9,20.6,73,WEST,14.5,48.3,1016.32,0,0,3,977,,
2022-06-28,14:15,25.9,20.6,72,WEST,29,41.8,1016.22,0,0,6,958,,
2022-06-28,14:30,25.9,20.6,72,ENE,16.1,43.5,1016.32,0,0,5,879,,
2022-06-28,14:45,26.1,20,70,WEST,33.8,38.6,1016.15,0,0,5,882,,
2022-06-28,15:00,26.3,20,69,WEST,22.5,37,1016.39,0,0,5,844,,
2022-06-28,15:15,25.9,20,70,NW,20.9,46.7,1016.49,0,0,3,754,,
2022-06-28,15:30,26.2,20,70,WEST,38.6,40.2,1016.46,0,0,4,791,,
2022-06-28,15:45,26,20,70,WNW,22.5,40.2,1016.59,0,0,4,756,,
2022-06-28,16:00,25.9,20,69,NW,19.3,33.8,1016.42,0,0,4,742,,
2022-06-28,16:15,25.9,19.4,69,WEST,24.1,46.7,1016.36,0,0,4,710,,
2022-06-28,16:30,25.7,19.4,68,WNW,14.5,35.4,1016.56,0,0,3,666,,
2022-06-28,16:45,25.7,19.4,69,WEST,41.8,41.8,1016.76,0,0,3,635,,
2022-06-28,17:00,25.3,19.4,71,WNW,19.3,38.6,1016.76,0,0,3,589,,
2022-06-28,17:15,25.7,20,71,WEST,17.7,32.2,1016.73,0,0,2,552,,
2022-06-28,17:30,25.6,20,71,WEST,25.7,41.8,1016.76,0,0,2,557,,
2022-06-28,17:45,25.6,20,73,WEST,33.8,38.6,1016.59,0,0,2,517,,
2022-06-28,18:00,25,20,74,WNW,17.7,41.8,1016.59,0,0,1,436,,
2022-06-28,18:15,24.8,20,75,WEST,14.5,45.1,1016.42,0,0,1,462,,
2022-06-28,18:30,24.7,20,76,WNW,17.7,45.1,1016.49,0,0,1,281,,
2022-06-28,18:45,24.1,20,77,WNW,14.5,46.7,1016.53,0,0,1,295,,
2022-06-28,19:00,23.8,20,79,WNW,25.7,49.9,1016.49,0,0,0,250,,
2022-06-28,19:15,23.4,19.4,79,WNW,29,49.9,1016.53,0,0,0,202,,
2022-06-28,19:30,23.3,19.4,79,WEST,27.4,45.1,1016.66,0,0,0,142,,
2022-06-28,19:45,23.1,18.9,79,WNW,35.4,48.3,1016.86,0,0,0,95,,
2022-06-28,20:00,22.7,18.9,80,WNW,17.7,37,1017.03,0,0,0,58,,
2022-06-28,20:15,22.4,18.9,81,NW,9.7,29,1017.2,0,0,0,33,,
2022-06-28,20:30,22.1,18.9,82,NW,16.1,24.1,1017.37,0,0,0,40,,
2022-06-28,20:45,21.8,18.3,82,WNW,20.9,37,1017.37,0,0,0,9,,
2022-06-28,21:00,21.5,18.3,82,NW,14.5,27.4,1017.37,0,0,0,0,,
2022-06-28,21:15,21.3,18.3,83,NW,9.7,22.5,1017.71,0,0,0,0,,
2022-06-28,21:30,21.2,17.8,83,NW,9.7,16.1,1017.81,0,0,0,0,,
2022-06-28,21:45,21.2,18.3,83,WEST,14.5,17.7,1017.98,0,0,0,0,,
2022-06-28,22:00,21.1,17.8,84,WNW,16.1,24.1,1018.22,0,0,0,0,,
2022-06-28,22:15,20.9,17.8,84,WNW,12.9,24.1,1018.42,0,0,0,0,,
2022-06-28,22:30,20.9,17.8,84,WEST,6.4,20.9,1018.76,0,0,0,0,,
2022-06-28,22:45,20.8,17.8,85,WEST,19.3,24.1,1019,0,0,0,0,,
2022-06-28,23:00,20.7,17.8,85,WNW,12.9,20.9,1019.03,0,0,0,0,,
2022-06-28,23:15,20.5,17.8,86,WNW,8,14.5,1019.03,0,0,0,0,,
2022-06-28,23:30,20.2,17.8,87,WNW,3.2,12.9,1019.07,0,0,0,0,,
2022-06-28,23:45,20.2,17.8,87,WNW,11.3,12.9,1018.8,0,0,0,0,,
2022-06-28,OVR,,,,,,,,,,,,gustmax,41.8
2022-06-28,OVR,,,,,,,,,,,,rainrate_max,0
2022-06-28,OVR,,,,,,,,,,,,rain_total_mm,0
2022-06-28,OVR,,,,,,,,,,,,tmax,27.2
2022-06-28,OVR,,,,,,,,,,,,tmin,20.1
2022-06-28,OVR,,,,,,,,,,,,wind_dir_mean_deg,270
2022-06-29,00:00,20.1,17.8,87,WNW,3.2,8,1018.83,0,0,0,0,,
2022-06-29,00:15,19.9,17.8,87,WNW,4.8,8,1018.73,0,0,0,0,,
2022-06-29,00:30,19.9,17.8,88,WNW,3.2,14.5,1018.49,0,0,0,0,,
2022-06-29,00:45,19.8,17.8,88,WNW,6.4,11.3,1018.42,0,0,0,0,,
2022-06-29,01:00,19.7,17.8,89,WNW,6.4,14.5,1018.29,0,0,0,0,,
2022-06-29,01:15,19.7,17.8,89,NW,8,11.3,1018.32,0,0,0,0,,
2022-06-29,01:30,19.6,17.2,88,WNW,4.8,11.3,1018.52,0,0,0,0,,
2022-06-29,01:45,19.4,17.2,89,NW,4.8,9.7,1018.39,0,0,0,0,,
2022-06-29,02:00,19.6,17.2,88,WNW,11.3,16.1,1018.15,0,0,0,0,,
2022-06-29,02:15,19.7,17.2,87,WNW,6.4,16.1,1017.98,0,0,0,0,,
2022-06-29,02:30,19.7,17.2,86,NW,6.4,16.1,1018.05,0,0,0,0,,
2022-06-29,02:45,19.7,17.2,86,NW,6.4,12.9,1017.95,0,0,0,0,,
2022-06-29,03:00,19.4,17.2,87,NW,6.4,9.7,1017.81,0,0,0,0,,
2022-06-29,03:15,19.4,17.2,87,WNW,12.9,17.7,1017.78,0,0,0,0,,
2022-06-29,03:30,19.4,16.7,86,WNW,6.4,22.5,1017.54,0,0,0,0,,
2022-06-29,03:45,19.3,16.7,86,NW,8,17.7,1017.54,0,0,0,0,,
2022-06-29,04:00,19,16.7,86,NW,4.8,9.7,1017.41,0,0,0,0,,
2022-06-29,04:15,19.1,16.7,86,WNW,6.4,14.5,1017.27,0,0,0,0,,
2022-06-29,04:30,19.1,16.1,85,NW,4.8,14.5,1017.1,0,0,0,0,,
2022-06-29,04:45,18.9,16.1,85,NW,8,11.3,1017.03,0,0,0,0,,
2022-06-29,05:00,18.8,16.1,85,NW,6.4,8,1017.1,0,0,0,0,,
2022-06-29,05:15,18.8,16.1,85,NW,4.8,8,1017.14,0,0,0,0,,
2022-06-29,05:30,18.8,16.1,85,NNW,3.2,12.9,1017.24,0,0,0,0,,
2022-06-29,05:45,18.9,16.1,84,NNW,4.8,8,1017.14,0,0,0,0,,
2022-06-29,06:00,18.7,16.1,84,NNW,6.4,9.7,1017.31,0,0,0,0,,
2022-06-29,06:15,18,15.6,86,NNW,4.8,9.7,1017.2,0,0,0,11,,
2022-06-29,06:30,18.3,16.1,87,NNW,3.2,8,1017.03,0,0,0,33,,
2022-06-29,06:45,18.9,16.1,85,NNW,1.6,9.7,1017.17,0,0,0,70,,
2022-06-29,07:00,19.2,16.1,84,NNW,4.8,9.7,1017.27,0,0,0,113,,
2022-06-29,07:15,19.1,16.1,85,NW,6.4,9.7,1017.14,0,0,0,132,,
2022-06-29,07:30,19.3,16.1,84,NW,8,12.9,1017.31,0,0,0,209,,
2022-06-29,07:45,19.6,16.7,83,NW,6.4,14.5,1017.14,0,0,0,257,,
2022-06-29,08:00,19.8,16.7,82,NW,8,17.7,1017.14,0,0,1,304,,
2022-06-29,08:15,20.4,16.7,81,NW,12.9,14.5,1017.17,0,0,1,336,,
2022-06-29,08:30,21,17.2,80,NW,19.3,19.3,1017.14,0,0,1,399,,
2022-06-29,08:45,21.6,17.2,78,NW,14.5,24.1,1017.07,0,0,1,445,,
2022-06-29,09:00,21.8,17.2,76,NW,6.4,19.3,1017.14,0,0,2,492,,
2022-06-29,09:15,22.4,17.2,73,NW,12.9,22.5,1017,0,0,2,538,,
2022-06-29,09:30,22.6,17.2,72,WNW,16.1,29,1016.97,0,0,2,554,,
2022-06-29,09:45,23.1,17.2,70,WNW,8,25.7,1017.03,0,0,3,529,,
2022-06-29,10:00,23.7,17.8,71,WEST,12.9,20.9,1016.9,0,0,3,512,,
2022-06-29,10:15,24.1,17.2,67,WEST,14.5,24.1,1016.63,0,0,3,557,,
2022-06-29,10:30,24.8,17.2,63,WNW,14.5,27.4,1016.76,0,0,4,680,,
2022-06-29,10:45,25.2,17.2,62,WNW,6.4,25.7,1016.7,0,0,4,775,,
2022-06-29,11:00,25.7,17.2,61,WEST,11.3,24.1,1016.83,0,0,4,803,,
2022-06-29,11:15,25.8,17.2,60,WNW,6.4,22.5,1016.76,0,0,5,833,,
2022-06-29,11:30,26.2,17.2,58,WEST,19.3,24.1,1016.86,0,0,5,858,,
2022-06-29,11:45,26.6,17.2,57,WNW,11.3,22.5,1016.7,0,0,5,881,,
2022-06-29,12:00,26.7,17.2,57,NNE,19.3,29,1016.66,0,0,6,902,,
2022-06-29,12:15,26.9,17.2,56,WEST,17.7,25.7,1016.59,0,0,6,919,,
2022-06-29,12:30,26.8,18.3,59,WEST,17.7,30.6,1016.53,0,0,6,928,,
2022-06-29,12:45,26.8,17.8,59,WEST,20.9,32.2,1016.46,0,0,6,944,,
2022-06-29,13:00,27.2,18.3,58,WEST,20.9,27.4,1016.32,0,0,6,947,,
2022-06-29,13:15,27.2,18.3,59,NW,16.1,32.2,1016.19,0,0,6,953,,
2022-06-29,13:30,27.6,17.8,55,WEST,4.8,30.6,1016.12,0,0,6,953,,
2022-06-29,13:45,27.8,17.2,54,WEST,17.7,24.1,1015.82,0,0,6,951,,
2022-06-29,14:00,28.3,16.7,50,NE,1.6,29,1015.82,0,0,6,944,,
2022-06-29,14:15,28,16.7,50,WEST,17.7,38.6,1015.78,0,0,6,939,,
2022-06-29,14:30,28.1,16.7,50,WEST,12.9,32.2,1015.78,0,0,6,921,,
2022-06-29,14:45,28.3,16.7,50,NNE,8,32.2,1015.75,0,0,6,900,,
2022-06-29,15:00,28.3,17.2,51,WNW,16.1,35.4,1015.68,0,0,6,881,,
2022-06-29,15:15,28.6,17.2,50,ENE,22.5,33.8,1015.34,0,0,5,854,,
2022-06-29,15:30,28.6,17.2,50,WNW,14.5,29,1015.34,0,0,5,826,,
2022-06-29,15:45,28.6,17.2,51,WEST,12.9,32.2,1015.27,0,0,5,798,,
2022-06-29,16:00,28.6,17.2,51,WEST,12.9,37,1015.27,0,0,4,766,,
2022-06-29,16:15,28.6,17.2,51,WNW,22.5,29,1014.97,0,0,4,728,,
2022-06-29,16:30,28.3,17.8,54,NE,1.6,32.2,1014.9,0,0,4,694,,
2022-06-29,16:45,28.2,17.8,54,ENE,9.7,30.6,1014.93,0,0,3,652,,
2022-06-29,17:00,28.2,18.3,55,WEST,25.7,27.4,1014.87,0,0,3,605,,
2022-06-29,17:15,28.2,18.3,55,WEST,16.1,32.2,1014.9,0,0,3,566,,
2022-06-29,17:30,27.9,18.3,56,WEST,25.7,29,1014.7,0,0,2,522,,
2022-06-29,17:45,27.8,18.9,58,NNE,14.5,30.6,1014.46,0,0,2,478,,
2022-06-29,18:00,27.5,18.3,58,WNW,24.1,25.7,1014.43,0,0,1,427,,
2022-06-29,18:15,26.9,18.3,61,NW,16.1,29,1014.12,0,0,1,380,,
2022-06-29,18:30,26.8,18.3,60,SW,12.9,27.4,1014.09,0,0,1,330,,
2022-06-29,18:45,26.7,18.3,61,WEST,16.1,25.7,1013.85,0,0,1,285,,
2022-06-29,19:00,26.5,18.3,62,WEST,17.7,24.1,1013.58,0,0,1,241,,
2022-06-29,19:15,26.4,18.3,62,WEST,17.7,19.3,1013.51,0,0,0,190,,
2022-06-29,19:30,26.3,18.3,63,,9.7,14.5,1013.28,0,0,0,141,,
2022-06-29,19:45,26,18.3,64,WNW,11.3,17.7,1013.38,0,0,0,93,,
2022-06-29,20:00,25.8,18.9,66,WEST,11.3,17.7,1013.51,0,0,0,56,,
2022-06-29,20:15,25.3,18.3,67,WEST,9.7,14.5,1013.41,0,0,0,23,,
2022-06-29,20:30,24.7,18.3,69,WEST,6.4,14.5,1013.24,0,0,0,16,,
2022-06-29,20:45,24.2,18.3,71,WEST,9.7,12.9,1013.61,0,0,0,9,,
2022-06-29,21:00,23.2,17.8,73,WEST,1.6,3.2,1013.82,0,0,0,9,,
2022-06-29,21:15,23.1,18.3,74,NORTH,0,3.2,1014.16,0,0,0,0,,
2022-06-29,21:30,22,17.8,78,NORTH,0,4.8,1014.6,0,0,0,0,,
2022-06-29,21:45,21.3,17.2,79,WEST,1.6,4.8,1014.77,0,0,0,0,,
2022-06-29,22:00,21.1,17.8,82,WEST,6.4,6.4,1015.17,0,0,0,0,,
2022-06-29,22:15,21.1,17.2,80,WEST,1.6,6.4,1015.48,0,0,0,0,,
2022-06-29,22:30,21.6,17.8,79,WEST,6.4,6.4,1015.92,0,0,0,0,,
2022-06-29,22:45,21.4,17.2,77,WEST,1.6,6.4,1015.71,0,0,0,0,,
2022-06-29,23:00,20.6,17.2,82,WEST,1.6,6.4,1015.61,0,0,0,0,,
2022-06-29,23:15,20.3,16.7,81,WEST,1.6,4.8,1015.68,0,0,0,0,,
2022-06-29,23:30,21.9,17.8,78,SE,9.7,12.9,1015.88,0,0,0,0,,
2022-06-29,23:45,21.4,17.2,78,SE,6.4,8,1015.68,0,0,0,0,,
2022-06-29,OVR,,,,,,,,,,,,gustmax,25.7
2022-06-29,OVR,,,,,,,,,,,,rainrate_max,0
2022-06-29,OVR,,,,,,,,,,,,rain_total_mm,0
2022-06-29,OVR,,,,,,,,,,,,tmax,28.9
2022-06-29,OVR,,,,,,,,,,,,tmin,18
2022-06-29,OVR,,,,,,,,,,,,wind_dir_mean_deg,292.5
2022-06-30,OVR,,,,,,,,,,,,gustmax,32.2
2022-06-30,OVR,,,,,,,,,,,,rainrate_max,0
2022-06-30,OVR,,,,,,,,,,,,rain_total_mm,0
2022-06-30,OVR,,,,,,,,,,,,tmax,33.1
2022-06-30,OVR,,,,,,,,,,,,tmin,20.4
2022-06-30,OVR,,,,,,,,,,,,wind_dir_mean_deg,135
