date,time,temp_c,dewpoint_c,rh_pct,wind_dir_txt,wind_kmh,gust_kmh,press_hpa,rain_acc_mm,rain_rate_mmph,uv,solar_wm2,key,value
2022-07-01,00:00,24.3,17.2,64,SE,12.9,12.9,1015.68,0,0,0,0,,
2022-07-01,00:15,23.8,17.2,67,ESE,12.9,17.7,1015.37,0,0,0,0,,
2022-07-01,00:30,24.2,14.4,54,SSE,4.8,19.3,1016.15,0,0,0,0,,
2022-07-01,00:45,24.6,15.6,57,WNW,1.6,9.7,1017.14,0,0,0,0,,
2022-07-01,01:00,23.9,16.1,62,NNW,3.2,12.9,1016.9,0,0,0,0,,
2022-07-01,01:15,23.7,15,60,SE,19.3,38.6,1016.29,0,0,0,0,,
2022-07-01,01:30,25.3,12.8,46,SE,16.1,25.7,1016.93,0,0,0,0,,
2022-07-01,01:45,24.9,12.2,46,ESE,9.7,16.1,1016.66,0,0,0,0,,
2022-07-01,02:00,24.5,13.3,51,,8,14.5,1016.73,0,0,0,0,,
2022-07-01,02:15,24.3,13.9,53,NORTH,9.7,20.9,1015.37,0,0,0,0,,
2022-07-01,02:30,24.6,14.4,53,NE,16.1,24.1,1015.24,0,0,0,0,,
2022-07-01,02:45,24.6,14.4,54,EAST,14.5,20.9,1014.56,0,0,0,0,,
2022-07-01,03:00,24.6,14.4,54,ESE,11.3,22.5,1014.7,0,0,0,0,,
2022-07-01,03:15,24.4,13.9,53,ESE,14.5,19.3,1013.99,0,0,0,0,,
2022-07-01,03:30,24.9,13.9,50,ESE,12.9,17.7,1014.16,0,0,0,0,,
2022-07-01,03:45,25.4,12.2,43,ESE,14.5,24.1,1013.07,0,0,0,0,,
2022-07-01,04:00,25.4,12.2,45,EAST,20.9,35.4,1012.26,0,0,0,0,,
2022-07-01,04:15,25.3,13.3,48,NNE,12.9,20.9,1012.97,0,0,0,0,,
2022-07-01,04:30,25.2,12.8,46,ESE,12.9,16.1,1012.7,0,0,0,0,,
2022-07-01,04:45,25.6,12.2,44,SE,4.8,17.7,1013.65,0,0,0,0,,
2022-07-01,05:00,25.5,12.2,44,SE,3.2,17.7,1013.72,0,0,0,0,,
2022-07-01,05:15,26.8,10.6,36,ESE,17.7,24.1,1012.19,0,0,0,0,,
2022-07-01,05:30,27.9,10.6,33,SE,14.5,24.1,1013.28,0,0,0,0,,
2022-07-01,05:45,24.5,12.8,48,SE,14.5,16.1,1013.61,0,0,0,0,,
2022-07-01,06:00,24.4,12.2,47,SE,8,16.1,1013.58,0,0,0,0,,
2022-07-01,06:15,25.1,12.2,45,EAST,4.8,20.9,1014.02,0,0,0,7,,
2022-07-01,06:30,24.7,12.2,46,EAST,1.6,11.3,1014.09,0,0,0,14,,
2022-07-01,06:45,24.6,12.2,46,NORTH,1.6,11.3,1014.36,0,0,0,19,,
2022-07-01,07:00,24.2,12.8,49,ENE,8,9.7,1014.33,0,0,0,25,,
2022-07-01,07:15,24.7,12.8,48,ENE,8,11.3,1013.85,0,0,0,58,,
2022-07-01,07:30,25.1,12.8,47,NNE,9.7,17.7,1014.73,0,0,0,97,,
2022-07-01,07:45,24.8,13.3,49,,4.8,6.4,1014.97,0,0,0,104,,
2022-07-01,08:00,25.1,13.9,50,,3.2,3.2,1014.6,0,0,0,267,,
2022-07-01,08:15,26.6,15.6,51,EAST,1.6,9.7,1014.87,0,0,0,141,,
2022-07-01,08:30,26.3,15.6,52,NNW,1.6,8,1014.53,0,0,1,378,,
2022-07-01,08:45,26.9,15.6,50,NW,3.2,17.7,1015.31,0,0,1,271,,
2022-07-01,09:00,26.8,15.6,51,NW,8,8,1015.51,0,0,1,181,,
2022-07-01,09:15,27.2,15,47,NW,6.4,9.7,1015.65,0,0,1,424,,
2022-07-01,09:30,27.9,14.4,45,NW,1.6,6.4,1015.41,0,0,2,563,,
2022-07-01,09:45,28.9,15.6,45,SE,1.6,14.5,1015.27,0,0,1,260,,
2022-07-01,10:00,29,15.6,44,ESE,6.4,12.9,1015.1,0,0,1,197,,
2022-07-01,10:15,29.6,15.6,43,SE,1.6,6.4,1015.24,0,0,3,559,,
2022-07-01,10:30,30,16.1,43,WEST,16.1,20.9,1016.05,0,0,2,517,,
2022-07-01,10:45,29.8,16.1,44,WNW,24.1,30.6,1016.09,0,0,1,304,,
2022-07-01,11:00,28.4,15,45,WNW,4.8,14.5,1016.02,0,0,2,276,,
2022-07-01,11:15,28.5,16.7,48,WEST,4.8,22.5,1016.36,0,0,2,369,,
2022-07-01,11:30,28.6,16.7,49,WEST,12.9,20.9,1016.63,0,0,3,406,,
2022-07-01,11:45,28.9,16.1,46,WNW,4.8,16.1,1016.46,0,0,4,436,,
2022-07-01,12:00,29.5,16.1,45,NE,4.8,9.7,1015.17,0,0,1,232,,
2022-07-01,12:15,30,16.7,44,NNW,12.9,16.1,1015.54,0,0,2,316,,
2022-07-01,12:30,30.4,16.1,43,NW,8,14.5,1015.85,0,0,3,422,,
2022-07-01,12:45,31.2,16.7,42,WEST,22.5,17.7,1016.12,0,0,5,877,,
2022-07-01,13:00,30.6,18.9,49,WNW,20.9,35.4,1016.22,0,0,5,870,,
2022-07-01,13:15,31.1,17.2,44,WNW,12.9,25.7,1016.22,0,0,5,881,,
2022-07-01,13:30,31.8,17.8,44,WNW,14.5,29,1015.98,0,0,6,1030,,
2022-07-01,13:45,31.7,16.7,41,NW,12.9,25.7,1016.32,0,0,6,1051,,
2022-07-01,14:00,32,16.1,39,WEST,25.7,35.4,1016.32,0,0,5,881,,
2022-07-01,14:15,32.3,16.7,40,WNW,14.5,27.4,1016.32,0,0,5,851,,
2022-07-01,14:30,32.5,16.1,38,WNW,14.5,24.1,1016.12,0,0,5,835,,
2022-07-01,14:45,32.7,16.7,39,WEST,6.4,27.4,1015.95,0,0,5,810,,
2022-07-01,15:00,32.1,17.8,42,WNW,8,29,1015.98,0,0,4,292,,
2022-07-01,15:15,31.7,17.8,44,WNW,19.3,30.6,1015.95,0,0,3,861,,
2022-07-01,15:30,31.7,18.3,46,WEST,20.9,25.7,1015.82,0,0,4,417,,
2022-07-01,15:45,32.4,18.3,43,WNW,19.3,27.4,1015.88,0,0,4,729,,
2022-07-01,16:00,32.3,18.3,44,WNW,22.5,25.7,1015.78,0,0,3,677,,
2022-07-01,16:15,32.9,19.4,45,WEST,6.4,27.4,1015.71,0,0,3,696,,
2022-07-01,16:30,32.6,19.4,47,WNW,29,29,1015.85,0,0,3,621,,
2022-07-01,16:45,31.7,19.4,48,WEST,20.9,38.6,1015.78,0,0,3,573,,
2022-07-01,17:00,31.4,18.9,48,WEST,24.1,30.6,1015.78,0,0,2,533,,
2022-07-01,17:15,31,18.3,47,WEST,22.5,37,1015.68,0,0,2,489,,
2022-07-01,17:30,30.6,18.9,51,NW,20.9,32.2,1015.68,0,0,2,445,,
2022-07-01,17:45,30.2,19.4,54,WSW,22.5,40.2,1015.54,0,0,1,410,,
2022-07-01,18:00,29.8,18.9,52,WEST,17.7,37,1015.68,0,0,1,362,,
2022-07-01,18:15,29.2,18.3,52,WEST,17.7,40.2,1015.71,0,0,1,315,,
2022-07-01,18:30,28.8,17.8,52,WNW,17.7,25.7,1015.88,0,0,1,272,,
2022-07-01,18:45,28.4,18.3,54,WEST,12.9,19.3,1015.85,0,0,1,232,,
2022-07-01,19:00,27.7,18.3,58,NE,16.1,32.2,1016.12,0,0,0,188,,
2022-07-01,19:15,27.2,18.3,59,WEST,22.5,25.7,1016.05,0,0,0,151,,
2022-07-01,19:30,26.9,18.3,60,WNW,17.7,30.6,1016.09,0,0,0,113,,
2022-07-01,19:45,26.6,18.3,62,WNW,19.3,27.4,1015.92,0,0,0,81,,
2022-07-01,20:00,25.9,18.9,65,NE,8,25.7,1016.02,0,0,0,58,,
2022-07-01,20:15,25.5,18.9,66,ENE,9.7,24.1,1016.12,0,0,0,39,,
2022-07-01,20:30,25,18.3,68,NE,6.4,20.9,1016.29,0,0,0,23,,
2022-07-01,20:45,24.5,18.9,70,WEST,3.2,19.3,1016.42,0,0,0,11,,
2022-07-01,21:00,24.1,18.9,73,WSW,4.8,16.1,1016.42,0,0,0,0,,
2022-07-01,21:15,23.8,18.9,74,WSW,6.4,12.9,1016.63,0,0,0,0,,
2022-07-01,21:30,23.6,18.9,75,WSW,1.6,14.5,1016.83,0,0,0,0,,
2022-07-01,21:45,23.3,18.9,76,WEST,17.7,19.3,1017.14,0,0,0,0,,
2022-07-01,22:00,23,18.9,77,WEST,6.4,12.9,1017.2,0,0,0,0,,
2022-07-01,22:15,22.9,18.9,78,WEST,6.4,20.9,1017.64,0,0,0,0,,
2022-07-01,22:30,22.8,18.9,79,SW,1.6,12.9,1017.78,0,0,0,0,,
2022-07-01,22:45,22.7,18.9,80,SW,4.8,4.8,1017.98,0,0,0,0,,
2022-07-01,23:00,21.8,18.3,81,SW,3.2,4.8,1018.29,0,0,0,0,,
2022-07-01,23:15,21.6,18.3,84,NORTH,0,3.2,1018.39,0,0,0,0,,
2022-07-01,23:30,21.8,18.9,84,NORTH,0,3.2,1018.59,0,0,0,0,,
2022-07-01,23:45,21.6,18.3,84,NORTH,0,4.8,1018.76,0,0,0,0,,
2022-07-01,OVR,,,,,,,,,,,,gustmax,29
2022-07-01,OVR,,,,,,,,,,,,rainrate_max,0
2022-07-01,OVR,,,,,,,,,,,,rain_total_mm,0
2022-07-01,OVR,,,,,,,,,,,,tmax,33.2
2022-07-01,OVR,,,,,,,,,,,,tmin,21.2
2022-07-01,OVR,,,,,,,,,,,,wind_dir_mean_deg,90
2022-07-02,00:00,21.6,18.9,84,NORTH,0,3.2,1018.73,0,0,0,0,,
2022-07-02,00:15,21.4,18.3,85,SW,1.6,4.8,1018.8,0,0,0,0,,
2022-07-02,00:30,21.5,18.3,83,NORTH,0,9.7,1018.76,0,0,0,0,,
2022-07-02,00:45,21.3,18.3,85,NORTH,0,3.2,1018.66,0,0,0,0,,
2022-07-02,01:00,21.1,18.3,85,NORTH,0,3.2,1018.56,0,0,0,0,,
2022-07-02,01:15,20.8,18.3,86,WSW,1.6,3.2,1018.63,0,0,0,0,,
2022-07-02,01:30,20.7,18.3,87,WSW,1.6,3.2,1018.49,0,0,0,0,,
2022-07-02,01:45,20.6,18.3,87,NORTH,0,4.8,1018.32,0,0,0,0,,
2022-07-02,02:00,20.5,17.8,86,NORTH,0,1.6,1018.46,0,0,0,0,,
2022-07-02,02:15,20.3,17.8,87,NORTH,0,3.2,1018.32,0,0,0,0,,
2022-07-02,02:30,20.5,18.3,87,WSW,1.6,3.2,1018.39,0,0,0,0,,
2022-07-02,02:45,20,17.8,87,WSW,1.6,4.8,1018.76,0,0,0,0,,
2022-07-02,03:00,19.8,17.8,88,WSW,1.6,4.8,1018.66,0,0,0,0,,
2022-07-02,03:15,20,17.8,87,WSW,3.2,3.2,1018.59,0,0,0,0,,
2022-07-02,03:30,20.1,17.2,85,NORTH,0,3.2,1018.39,0,0,0,0,,
2022-07-02,03:45,20.2,17.2,84,WSW,1.6,4.8,1018.63,0,0,0,0,,
2022-07-02,04:00,19.8,16.7,84,NORTH,0,3.2,1018.35,0,0,0,0,,
2022-07-02,04:15,20.1,16.7,82,WSW,1.6,4.8,1018.46,0,0,0,0,,
2022-07-02,04:30,20.3,16.7,81,NORTH,0,6.4,1018.29,0,0,0,0,,
2022-07-02,04:45,19.8,16.1,80,NORTH,0,3.2,1018.42,0,0,0,0,,
2022-07-02,05:00,20.2,16.1,79,NORTH,0,6.4,1018.39,0,0,0,0,,
2022-07-02,05:15,19.8,16.1,81,WSW,3.2,4.8,1018.39,0,0,0,0,,
2022-07-02,05:30,19.8,16.7,82,WSW,3.2,4.8,1018.52,0,0,0,0,,
2022-07-02,05:45,19.8,16.1,81,WSW,1.6,4.8,1018.46,0,0,0,0,,
2022-07-02,06:00,20.4,17.2,81,WSW,3.2,4.8,1018.39,0,0,0,0,,
2022-07-02,06:15,21.1,17.2,80,WSW,1.6,4.8,1018.56,0,0,0,14,,
2022-07-02,06:30,21.8,16.7,74,NORTH,0,3.2,1018.66,0,0,0,33,,
2022-07-02,06:45,21,16.7,76,NORTH,0,1.6,1018.76,0,0,0,56,,
2022-07-02,07:00,21.4,17.2,77,NORTH,0,1.6,1018.9,0,0,0,91,,
2022-07-02,07:15,21.8,16.7,72,NORTH,0,3.2,1018.86,0,0,0,118,,
2022-07-02,07:30,22.7,17.2,72,NORTH,0,3.2,1018.86,0,0,0,179,,
2022-07-02,07:45,23.2,17.2,71,WSW,3.2,3.2,1019.03,0,0,0,220,,
2022-07-02,08:00,23.6,17.2,69,WSW,1.6,3.2,1019.37,0,0,1,267,,
2022-07-02,08:15,24.2,17.8,69,NORTH,0,3.2,1019.27,0,0,1,299,,
2022-07-02,08:30,26.1,17.8,62,WSW,3.2,6.4,1019.34,0,0,1,355,,
2022-07-02,08:45,26.9,18.3,61,WSW,3.2,4.8,1019.4,0,0,1,404,,
2022-07-02,09:00,27.5,18.9,59,WSW,1.6,3.2,1019.61,0,0,1,448,,
2022-07-02,09:15,27.6,18.3,58,SOUTH,3.2,12.9,1019.57,0,0,2,492,,
2022-07-02,09:30,28.3,18.3,56,SOUTH,3.2,8,1019.78,0,0,2,519,,
2022-07-02,09:45,28.9,18.3,53,SW,6.4,9.7,1019.71,0,0,2,533,,
2022-07-02,10:00,29.8,17.2,46,SW,3.2,8,1019.74,0,0,3,559,,
2022-07-02,10:15,30.3,16.1,42,WEST,6.4,11.3,1019.68,0,0,3,631,,
2022-07-02,10:30,30.5,15,40,NORTH,0,14.5,1019.71,0,0,2,304,,
2022-07-02,10:45,30.5,13.3,35,WNW,3.2,16.1,1019.74,0,0,2,410,,
2022-07-02,11:00,30.7,16.1,42,NW,6.4,19.3,1019.71,0,0,4,703,,
2022-07-02,11:15,30.8,13.9,36,WEST,12.9,17.7,1019.91,0,0,4,693,,
2022-07-02,11:30,30.7,14.4,37,WEST,6.4,22.5,1020.15,0,0,4,756,,
2022-07-02,11:45,31.3,15.6,40,WNW,11.3,19.3,1020.18,0,0,5,853,,
2022-07-02,12:00,31.6,13.3,34,WEST,14.5,22.5,1020.29,0,0,5,867,,
2022-07-02,12:15,31.8,13.9,34,WNW,17.7,24.1,1020.35,0,0,5,893,,
2022-07-02,12:30,32.3,12.2,30,WEST,25.7,30.6,1020.22,0,0,6,905,,
2022-07-02,12:45,32.8,10.6,26,WEST,24.1,24.1,1020.15,0,0,6,912,,
2022-07-02,13:00,32.3,12.2,29,WNW,12.9,29,1020.22,0,0,6,918,,
2022-07-02,13:15,31.6,12.2,31,WNW,24.1,38.6,1020.22,0,0,6,858,,
2022-07-02,13:30,31.8,11.7,29,WNW,16.1,35.4,1020.08,0,0,6,919,,
2022-07-02,13:45,32.3,12.2,30,WNW,12.9,24.1,1020.15,0,0,6,893,,
2022-07-02,14:00,32.1,12.2,30,WEST,14.5,30.6,1020.12,0,0,6,898,,
2022-07-02,14:15,32.3,12.8,30,WEST,24.1,30.6,1020.01,0,0,5,733,,
2022-07-02,14:30,31.6,11.1,28,WNW,17.7,35.4,1020.01,0,0,5,882,,
2022-07-02,14:45,32.5,11.7,28,WNW,12.9,30.6,1019.74,0,0,5,884,,
2022-07-02,15:00,32.8,8.3,22,WNW,12.9,27.4,1019.88,0,0,5,835,,
2022-07-02,15:15,33.1,7.8,21,ENE,16.1,27.4,1019.98,0,0,5,802,,
2022-07-02,15:30,33.2,6.1,18,NE,11.3,22.5,1020.01,0,0,4,773,,
2022-07-02,15:45,33.4,7.8,20,WNW,4.8,29,1020.01,0,0,4,671,,
2022-07-02,16:00,33.3,8.3,21,WEST,20.9,24.1,1019.98,0,0,4,742,,
2022-07-02,16:15,33.2,6.7,19,WNW,6.4,29,1019.81,0,0,3,647,,
2022-07-02,16:30,32.8,8.3,22,NW,16.1,27.4,1020.05,0,0,3,647,,
2022-07-02,16:45,32.6,7.2,21,WNW,16.1,25.7,1019.91,0,0,3,656,,
2022-07-02,17:00,32.3,8.9,24,WEST,16.1,25.7,1019.98,0,0,2,563,,
2022-07-02,17:15,32,9.4,24,WEST,11.3,27.4,1019.81,0,0,2,520,,
2022-07-02,17:30,31.6,8.3,24,WEST,16.1,27.4,1019.71,0,0,2,410,,
2022-07-02,17:45,31.6,8.9,25,WEST,11.3,25.7,1019.57,0,0,2,475,,
2022-07-02,18:00,31.2,8.3,24,WSW,8,17.7,1019.54,0,0,1,362,,
2022-07-02,18:15,30.2,7.2,24,WEST,16.1,25.7,1019.57,0,0,1,132,,
2022-07-02,18:30,29.5,5,21,WNW,11.3,20.9,1019.4,0,0,1,192,,
2022-07-02,18:45,29.9,7.2,24,WSW,6.4,20.9,1019.47,0,0,1,267,,
2022-07-02,19:00,29.9,7.2,24,WNW,11.3,22.5,1019.3,0,0,0,285,,
2022-07-02,19:15,29.8,8.3,26,WNW,3.2,17.7,1019.2,0,0,0,202,,
2022-07-02,19:30,29.4,8.9,28,WSW,1.6,12.9,1019.24,0,0,0,130,,
2022-07-02,19:45,29.1,8.9,28,WSW,1.6,14.5,1019.37,0,0,0,84,,
2022-07-02,20:00,28.4,8.3,29,WSW,3.2,8,1019.34,0,0,0,56,,
2022-07-02,20:15,28,7.8,28,NORTH,0,8,1019.27,0,0,0,39,,
2022-07-02,20:30,27.2,8.3,30,WSW,1.6,6.4,1019.51,0,0,0,16,,
2022-07-02,20:45,27.3,7.8,29,NORTH,0,6.4,1019.2,0,0,0,0,,
2022-07-02,21:00,26.2,6.7,29,SSW,6.4,8,1019.27,0,0,0,0,,
2022-07-02,21:15,25.9,7.2,30,SOUTH,1.6,9.7,1019.47,0,0,0,0,,
2022-07-02,21:30,25.9,6.7,30,SOUTH,6.4,14.5,1019.34,0,0,0,0,,
2022-07-02,21:45,25.7,6.7,30,SOUTH,9.7,11.3,1019.51,0,0,0,0,,
2022-07-02,22:00,25.4,10,37,NORTH,0,11.3,1019.81,0,0,0,0,,
2022-07-02,22:15,25.2,10.6,41,SOUTH,8,8,1019.91,0,0,0,0,,
2022-07-02,22:30,24.1,16.1,62,NORTH,0,8,1020.18,0,0,0,0,,
2022-07-02,22:45,24.6,18.3,69,SSE,11.3,12.9,1020.15,0,0,0,0,,
2022-07-02,23:00,24.3,17.8,68,SSE,9.7,12.9,1020.22,0,0,0,0,,
2022-07-02,23:15,24.2,18.3,70,SSE,12.9,14.5,1020.29,0,0,0,0,,
2022-07-02,23:30,24.2,16.7,65,SSE,6.4,9.7,1020.01,0,0,0,0,,
2022-07-02,23:45,24,16.1,62,SSE,1.6,8,1020.08,0,0,0,0,,
2022-07-02,OVR,,,,,,,,,,,,gustmax,25.7
2022-07-02,OVR,,,,,,,,,,,,rainrate_max,0
2022-07-02,OVR,,,,,,,,,,,,rain_total_mm,0
2022-07-02,OVR,,,,,,,,,,,,tmax,33.4
2022-07-02,OVR,,,,,,,,,,,,tmin,19.6
2022-07-02,OVR,,,,,,,,,,,,wind_dir_mean_deg,270
2022-07-03,00:00,23.8,15.6,60,SSE,3.2,6.4,1019.81,0,0,0,0,,
2022-07-03,00:15,23.9,15,59,SSE,8,9.7,1019.78,0,0,0,0,,
2022-07-03,00:30,24.2,16.7,62,SSE,9.7,14.5,1019.81,0,0,0,0,,
2022-07-03,00:45,23.9,17.2,66,SSE,8,12.9,1019.88,0,0,0,0,,
2022-07-03,01:00,23.6,16.7,67,SSE,8,12.9,1020.05,0,0,0,0,,
2022-07-03,01:15,23.6,17.2,68,SSE,9.7,14.5,1020.08,0,0,0,0,,
2022-07-03,01:30,23.4,17.2,70,SSE,6.4,14.5,1020.15,0,0,0,0,,
2022-07-03,01:45,23.7,18.3,73,SE,8,16.1,1020.12,0,0,0,0,,
2022-07-03,02:00,23.7,18.3,73,SE,6.4,11.3,1020.18,0,0,0,0,,
2022-07-03,02:15,23.6,18.9,76,SE,8,14.5,1020.18,0,0,0,0,,
2022-07-03,02:30,23.1,18.9,78,NORTH,0,8,1020.25,0,0,0,0,,
2022-07-03,02:45,22.7,18.3,78,NORTH,0,4.8,1020.12,0,0,0,0,,
2022-07-03,03:00,22.2,17.8,78,SE,1.6,3.2,1020.32,0,0,0,0,,
2022-07-03,03:15,21.3,17.2,80,SE,3.2,4.8,1020.39,0,0,0,0,,
2022-07-03,03:30,21.2,17.8,80,NORTH,0,3.2,1020.01,0,0,0,0,,
2022-07-03,03:45,22.3,18.3,79,NORTH,0,11.3,1019.91,0,0,0,0,,
2022-07-03,04:00,22.3,18.3,78,NORTH,0,3.2,1019.91,0,0,0,0,,
2022-07-03,04:15,21.9,17.8,79,SE,1.6,3.2,1019.71,0,0,0,0,,
2022-07-03,04:30,21.1,17.8,82,SE,1.6,4.8,1019.64,0,0,0,0,,
2022-07-03,04:45,21.7,17.8,80,SE,4.8,6.4,1019.47,0,0,0,0,,
2022-07-03,05:00,22.6,17.2,73,SE,1.6,3.2,1019.44,0,0,0,0,,
2022-07-03,05:15,22.1,16.7,73,SE,1.6,4.8,1019.44,0,0,0,0,,
2022-07-03,05:30,21.5,17.2,78,NORTH,0,3.2,1019.37,0,0,0,0,,
2022-07-03,05:45,21.9,17.8,78,SE,1.6,4.8,1019.61,0,0,0,0,,
2022-07-03,06:00,22,16.7,73,SE,1.6,4.8,1019.37,0,0,0,0,,
2022-07-03,06:15,22.2,16.1,69,NORTH,0,3.2,1019.61,0,0,0,14,,
2022-07-03,06:30,22.7,15.6,65,NORTH,0,0,1019.51,0,0,0,28,,
2022-07-03,06:45,22.5,16.7,71,NORTH,0,3.2,1019.54,0,0,0,39,,
2022-07-03,07:00,22.8,15.6,64,SE,1.6,4.8,1019.47,0,0,0,56,,
2022-07-03,07:15,24.8,15,54,NORTH,0,3.2,1019.44,0,0,0,91,,
2022-07-03,07:30,24.4,14.4,54,SE,1.6,4.8,1019.34,0,0,0,107,,
2022-07-03,07:45,26.1,12.2,43,SE,3.2,6.4,1019.34,0,0,0,190,,
2022-07-03,08:00,26.1,13.3,46,NORTH,0,4.8,1019.17,0,0,0,190,,
2022-07-03,08:15,26.1,15.6,53,NORTH,0,3.2,1019.27,0,0,1,251,,
2022-07-03,08:30,26.6,16.1,53,ESE,6.4,8,1019.37,0,0,1,320,,
2022-07-03,08:45,26.1,14.4,50,EAST,3.2,16.1,1019.3,0,0,1,272,,
2022-07-03,09:00,27.5,13.3,42,EAST,11.3,11.3,1019.17,0,0,1,381,,
2022-07-03,09:15,28.6,13.9,41,NE,17.7,20.9,1019.2,0,0,1,297,,
2022-07-03,09:30,28.6,14.4,42,EAST,6.4,17.7,1019.07,0,0,2,487,,
2022-07-03,09:45,29.1,14.4,41,EAST,4.8,17.7,1019.13,0,0,2,306,,
2022-07-03,10:00,30.1,14.4,39,ENE,9.7,19.3,1019.03,0,0,2,592,,
2022-07-03,10:15,29.9,14.4,39,EAST,6.4,17.7,1019,0,0,2,540,,
2022-07-03,10:30,31.4,13.9,35,ESE,1.6,16.1,1019,0,0,2,517,,
2022-07-03,10:45,31.1,13.9,35,SSE,3.2,14.5,1019.91,0,0,3,570,,
2022-07-03,11:00,30.6,16.1,41,NORTH,0,17.7,1019.64,0,0,4,909,,
2022-07-03,11:15,30.1,12.8,35,SE,16.1,22.5,1019.64,0,0,2,276,,
2022-07-03,11:30,30.7,12.8,33,SE,12.9,19.3,1019.57,0,0,4,824,,
2022-07-03,11:45,32.5,11.7,29,SE,17.7,17.7,1019.64,0,0,5,930,,
2022-07-03,12:00,32.1,12.2,29,SE,12.9,20.9,1019.71,0,0,4,596,,
2022-07-03,12:15,32.2,12.8,30,SSE,8,24.1,1019.98,0,0,3,527,,
2022-07-03,12:30,32.3,13.9,33,SE,19.3,22.5,1019.68,0,0,3,580,,
2022-07-03,12:45,31.9,13.3,32,SE,12.9,22.5,1019.81,0,0,3,517,,
2022-07-03,13:00,32,13.3,32,SSE,19.3,20.9,1019.84,0,0,4,650,,
2022-07-03,13:15,32.9,13.9,31,SE,16.1,22.5,1019.61,0,0,4,606,,
2022-07-03,13:30,33.3,12.8,29,SSE,11.3,17.7,1019.61,0,0,5,761,,
2022-07-03,13:45,33.8,14.4,31,ESE,14.5,19.3,1019.13,0,0,5,881,,
2022-07-03,14:00,33.9,13.9,30,SE,19.3,20.9,1018.83,0,0,4,673,,
2022-07-03,14:15,33.9,13.3,29,SE,16.1,19.3,1018.83,0,0,4,501,,
2022-07-03,14:30,34.7,12.8,27,SSE,1.6,17.7,1019.13,0,0,5,888,,
2022-07-03,14:45,34.5,14.4,31,SE,3.2,20.9,1019.2,0,0,5,779,,
2022-07-03,15:00,34,15.6,34,SE,17.7,25.7,1019.54,0,0,2,374,,
2022-07-03,15:15,32.8,18.9,44,WSW,3.2,22.5,1019.4,0,0,2,338,,
2022-07-03,15:30,30.9,19.4,50,WNW,14.5,38.6,1019.47,0,0,3,566,,
2022-07-03,15:45,30.1,20,56,WEST,32.2,41.8,1019.74,0,0,2,350,,
2022-07-03,16:00,28.1,20,62,WSW,4.8,40.2,1019.64,0,0,2,397,,
2022-07-03,16:15,28.8,18.9,55,WEST,19.3,27.4,1019.68,0,0,2,348,,
2022-07-03,16:30,29.1,19.4,56,WNW,29,33.8,1019.84,0,0,2,403,,
2022-07-03,16:45,29.6,18.3,52,NW,12.9,25.7,1019.91,0,0,2,747,,
2022-07-03,17:00,30.2,18.3,50,WEST,3.2,19.3,1019.57,0,0,2,494,,
2022-07-03,17:15,30.5,16.7,44,WNW,3.2,16.1,1019.37,0,0,1,241,,
2022-07-03,17:30,30.6,16.7,44,WNW,4.8,14.5,1019.3,0,0,1,216,,
2022-07-03,17:45,31.2,16.7,41,NW,4.8,8,1019.13,0,0,1,265,,
2022-07-03,18:00,31.7,16.1,40,NW,1.6,6.4,1018.86,0,0,1,313,,
2022-07-03,18:15,31.9,16.1,39,NNW,1.6,8,1018.46,0,0,1,308,,
2022-07-03,18:30,32.2,16.1,39,NNW,3.2,6.4,1018.22,0,0,1,285,,
2022-07-03,18:45,32.4,16.7,39,NORTH,3.2,8,1017.81,0,0,1,237,,
2022-07-03,19:00,32.8,17.2,40,NORTH,0,8,1017.81,0,0,0,188,,
2022-07-03,19:15,32.4,16.7,39,,1.6,6.4,1017.95,0,0,0,146,,
2022-07-03,19:30,31.7,18.3,46,WNW,16.1,27.4,1017.91,0,0,0,53,,
2022-07-03,19:45,29.6,18.9,54,NW,12.9,25.7,1018.39,0,0,0,74,,
2022-07-03,20:00,28.5,18.3,54,WEST,14.5,25.7,1018.42,0,0,0,62,,
2022-07-03,20:15,28.1,17.2,53,WEST,17.7,20.9,1018.39,0,0,0,40,,
2022-07-03,20:30,27.6,17.2,54,WEST,9.7,17.7,1018.42,0,0,0,18,,
2022-07-03,20:45,26.9,17.8,57,WEST,4.8,17.7,1018.39,0,0,0,7,,
2022-07-03,21:00,26.2,17.8,60,WEST,9.7,19.3,1018.39,0,0,0,0,,
2022-07-03,21:15,25.5,17.2,60,WSW,1.6,8,1018.39,0,0,0,0,,
2022-07-03,21:30,25.4,16.1,58,SSW,1.6,4.8,1018.73,0,0,0,0,,
2022-07-03,21:45,26.1,14.4,49,WEST,9.7,17.7,1018.73,0,0,0,0,,
2022-07-03,22:00,25.5,13.9,50,NORTH,0,11.3,1018.83,0,0,0,0,,
2022-07-03,22:15,25.4,13.3,47,WEST,3.2,6.4,1019.1,0,0,0,0,,
2022-07-03,22:30,25.4,12.8,45,WEST,4.8,9.7,1019.07,0,0,0,0,,
2022-07-03,22:45,24.9,12.8,47,WEST,4.8,11.3,1019.24,0,0,0,0,,
2022-07-03,23:00,26.1,12.8,44,WNW,4.8,14.5,1019.07,0,0,0,0,,
2022-07-03,23:15,26.2,12.8,43,WNW,4.8,12.9,1019.2,0,0,0,0,,
2022-07-03,23:30,24.6,12.2,47,WNW,1.6,11.3,1019.17,0,0,0,0,,
2022-07-03,23:45,24.6,12.2,47,WNW,1.6,6.4,1019.34,0,0,0,0,,
2022-07-03,OVR,,,,,,,,,,,,gustmax,32.2
2022-07-03,OVR,,,,,,,,,,,,rainrate_max,0
2022-07-03,OVR,,,,,,,,,,,,rain_total_mm,0
2022-07-03,OVR,,,,,,,,,,,,tmax,34.9
2022-07-03,OVR,,,,,,,,,,,,tmin,21.1
2022-07-03,OVR,,,,,,,,,,,,wind_dir_mean_deg,157.5
2022-07-04,00:00,24.4,11.1,44,WNW,1.6,3.2,1019.13,0,0,0,0,,
2022-07-04,00:15,25.1,10.6,41,NORTH,0,3.2,1019.2,0,0,0,0,,
2022-07-04,00:30,24.1,10.6,43,WNW,1.6,4.8,1019.47,0,0,0,0,,
2022-07-04,00:45,24.3,10.6,43,WNW,3.2,4.8,1019.37,0,0,0,0,,
2022-07-04,01:00,23.8,11.1,46,WNW,3.2,4.8,1019.27,0,0,0,0,,
2022-07-04,01:15,24.7,12.8,47,WNW,4.8,6.4,1019.37,0,0,0,0,,
2022-07-04,01:30,25.2,12.8,46,WNW,4.8,4.8,1019.57,0,0,0,0,,
2022-07-04,01:45,24.4,12.2,48,WNW,3.2,4.8,1019.4,0,0,0,0,,
2022-07-04,02:00,24.6,12.2,47,WNW,6.4,6.4,1019.17,0,0,0,0,,
2022-07-04,02:15,25.2,12.2,45,SOUTH,4.8,6.4,1019.13,0,0,0,0,,
2022-07-04,02:30,24.6,13.3,49,SE,6.4,9.7,1019,0,0,0,0,,
2022-07-04,02:45,24.8,12.8,48,SE,4.8,8,1018.76,0,0,0,0,,
2022-07-04,03:00,24.6,13.3,49,SE,1.6,8,1018.63,0,0,0,0,,
2022-07-04,03:15,24.5,13.3,50,SE,4.8,8,1018.42,0,0,0,0,,
2022-07-04,03:30,24.3,12.8,50,SE,4.8,8,1018.22,0,0,0,0,,
2022-07-04,03:45,24.7,12.8,47,SE,3.2,11.3,1018.05,0,0,0,0,,
2022-07-04,04:00,24.7,12.2,47,SE,4.8,8,1018.08,0,0,0,0,,
2022-07-04,04:15,24.7,12.2,46,SE,4.8,8,1018.15,0,0,0,0,,
2022-07-04,04:30,24.4,12.2,47,SE,3.2,8,1017.81,0,0,0,0,,
2022-07-04,04:45,25.2,12.2,45,SE,4.8,4.8,1018.02,0,0,0,0,,
2022-07-04,05:00,24.8,12.2,46,SE,1.6,6.4,1018.02,0,0,0,0,,
2022-07-04,05:15,23.1,12.2,51,SE,1.6,4.8,1018.08,0,0,0,0,,
2022-07-04,05:30,24.1,12.8,49,NORTH,0,4.8,1018.12,0,0,0,0,,
2022-07-04,05:45,24.8,12.8,47,NORTH,0,0,1018.29,0,0,0,0,,
2022-07-04,06:00,23.5,12.2,50,NORTH,0,0,1018.73,0,0,0,0,,
2022-07-04,06:15,23.5,12.2,49,SE,3.2,4.8,1018.73,0,0,0,11,,
2022-07-04,06:30,23.2,12.2,50,SE,1.6,4.8,1018.35,0,0,0,26,,
2022-07-04,06:45,23.2,11.7,50,SE,1.6,6.4,1018.29,0,0,0,51,,
2022-07-04,07:00,24.8,11.1,43,SE,4.8,6.4,1018.25,0,0,0,83,,
2022-07-04,07:15,25.8,12.2,43,SE,3.2,4.8,1018.42,0,0,0,111,,
2022-07-04,07:30,24,12.8,49,SE,3.2,6.4,1018.29,0,0,0,156,,
2022-07-04,07:45,25.8,14.4,49,SE,1.6,4.8,1018.42,0,0,0,199,,
2022-07-04,08:00,27.1,15,47,SE,1.6,3.2,1018.52,0,0,0,246,,
2022-07-04,08:15,28.1,14.4,44,SE,3.2,1.6,1018.46,0,0,1,283,,
2022-07-04,08:30,27.9,14.4,45,NORTH,0,3.2,1018.46,0,0,1,336,,
2022-07-04,08:45,29.8,12.8,35,NORTH,0,3.2,1018.29,0,0,1,381,,
2022-07-04,09:00,30.4,12.8,34,SE,4.8,6.4,1018.25,0,0,1,425,,
2022-07-04,09:15,30.6,13.9,36,SE,4.8,6.4,1018.29,0,0,2,471,,
2022-07-04,09:30,31.3,11.1,29,,4.8,12.9,1018.25,0,0,2,489,,
2022-07-04,09:45,31.5,11.1,28,,4.8,8,1018.25,0,0,2,494,,
2022-07-04,10:00,31.8,12.8,31,NNW,8,12.9,1018.22,0,0,3,499,,
2022-07-04,10:15,31.6,14.4,35,NNW,6.4,9.7,1018.08,0,0,3,550,,
2022-07-04,10:30,32.4,13.3,31,NNW,3.2,9.7,1018.32,0,0,3,633,,
2022-07-04,10:45,33.3,11.1,26,NORTH,0,6.4,1018.12,0,0,4,707,,
2022-07-04,11:00,33.7,10.6,24,WNW,1.6,19.3,1018.05,0,0,4,738,,
2022-07-04,11:15,34.1,10,23,WNW,1.6,12.9,1018.08,0,0,4,773,,
2022-07-04,11:30,34.8,11.1,24,WNW,4.8,8,1017.95,0,0,5,805,,
2022-07-04,11:45,35.6,12.2,25,WNW,6.4,12.9,1018.15,0,0,5,826,,
2022-07-04,12:00,35.7,11.7,23,SOUTH,4.8,12.9,1018.22,0,0,5,846,,
2022-07-04,12:15,36.1,11.1,22,WSW,11.3,12.9,1018.19,0,0,5,860,,
2022-07-04,12:30,36.3,11.1,22,SOUTH,4.8,12.9,1018.22,0,0,6,870,,
2022-07-04,12:45,36.9,11.1,21,SSE,3.2,14.5,1018.05,0,0,6,884,,
2022-07-04,13:00,37,11.1,21,WSW,3.2,19.3,1018.05,0,0,6,891,,
2022-07-04,13:15,36.8,9.4,19,SOUTH,4.8,16.1,1017.95,0,0,6,889,,
2022-07-04,13:30,37.3,9.4,19,SW,4.8,14.5,1017.95,0,0,6,891,,
2022-07-04,13:45,36.7,14.4,27,WNW,19.3,37,1017.95,0,0,6,889,,
2022-07-04,14:00,36.5,13.9,26,WNW,12.9,29,1017.75,0,0,6,881,,
2022-07-04,14:15,36.2,13.9,27,WNW,16.1,29,1017.81,0,0,6,874,,
2022-07-04,14:30,36.1,13.3,26,WNW,19.3,29,1017.85,0,0,5,860,,
2022-07-04,14:45,36,13.9,27,NNW,6.4,27.4,1017.71,0,0,5,840,,
2022-07-04,15:00,35.4,14.4,28,WNW,24.1,37,1017.61,0,0,5,817,,
2022-07-04,15:15,34.7,14.4,30,WEST,17.7,41.8,1017.64,0,0,5,793,,
2022-07-04,15:30,34.1,15,31,WNW,19.3,37,1017.88,0,0,4,761,,
2022-07-04,15:45,33,13.9,32,WNW,19.3,48.3,1018.05,0,0,4,731,,
2022-07-04,16:00,32.8,15,35,WEST,40.2,53.1,1018.05,0,0,4,701,,
2022-07-04,16:15,31.4,14.4,36,WNW,37,48.3,1018.29,0,0,3,668,,
2022-07-04,16:30,31.2,15,38,WNW,25.7,43.5,1018.05,0,0,3,629,,
2022-07-04,16:45,31.1,15.6,40,WNW,14.5,40.2,1018.12,0,0,3,589,,
2022-07-04,17:00,30.8,15.6,40,WEST,25.7,45.1,1017.95,0,0,2,552,,
2022-07-04,17:15,30.7,15,39,WEST,25.7,41.8,1017.95,0,0,2,512,,
2022-07-04,17:30,30.6,14.4,38,WEST,19.3,45.1,1017.91,0,0,2,464,,
2022-07-04,17:45,31.3,13.9,35,WNW,22.5,38.6,1017.91,0,0,2,413,,
2022-07-04,18:00,31.2,12.2,31,WEST,17.7,32.2,1017.85,0,0,1,371,,
2022-07-04,18:15,31.4,11.7,29,WNW,9.7,30.6,1017.61,0,0,1,329,,
2022-07-04,18:30,31.6,10,26,WEST,17.7,22.5,1017.68,0,0,1,285,,
2022-07-04,18:45,31.4,8.3,24,WEST,24.1,29,1017.37,0,0,1,241,,
2022-07-04,19:00,31.3,8.3,24,WNW,16.1,29,1017.54,0,0,0,202,,
2022-07-04,19:15,31.1,7.8,24,WNW,14.5,20.9,1017.64,0,0,0,155,,
2022-07-04,19:30,31.1,7.8,24,WNW,1.6,17.7,1017.71,0,0,0,114,,
2022-07-04,19:45,30.7,7.8,24,WNW,19.3,24.1,1017.71,0,0,0,84,,
2022-07-04,20:00,30.5,7.2,23,WNW,14.5,20.9,1017.64,0,0,0,58,,
2022-07-04,20:15,29.8,7.2,24,WNW,8,17.7,1017.54,0,0,0,37,,
2022-07-04,20:30,29.3,7.8,26,WEST,6.4,16.1,1017.61,0,0,0,19,,
2022-07-04,20:45,28.8,9.4,30,WEST,6.4,16.1,1017.68,0,0,0,9,,
2022-07-04,21:00,28.4,10.6,33,WEST,6.4,12.9,1017.68,0,0,0,0,,
2022-07-04,21:15,27.8,11.7,37,WEST,9.7,12.9,1017.61,0,0,0,0,,
2022-07-04,21:30,27.7,11.1,36,WNW,11.3,16.1,1017.68,0,0,0,0,,
2022-07-04,21:45,27.8,11.1,35,NW,1.6,14.5,1017.88,0,0,0,0,,
2022-07-04,22:00,27.1,12.2,40,NW,3.2,6.4,1018.02,0,0,0,0,,
2022-07-04,22:15,26.9,12.8,41,NW,3.2,4.8,1018.22,0,0,0,0,,
2022-07-04,22:30,26.8,12.8,42,NORTH,0,3.2,1018.49,0,0,0,0,,
2022-07-04,22:45,26.7,12.2,41,NW,3.2,4.8,1018.46,0,0,0,0,,
2022-07-04,23:00,26.8,11.7,40,NW,4.8,4.8,1018.32,0,0,0,0,,
2022-07-04,23:15,26.8,11.1,37,NORTH,0,4.8,1018.42,0,0,0,0,,
2022-07-04,23:30,26.9,10,35,NW,1.6,4.8,1018.42,0,0,0,0,,
2022-07-04,23:45,26.8,8.9,32,NW,1.6,3.2,1018.46,0,0,0,0,,
2022-07-04,OVR,,,,,,,,,,,,gustmax,40.2
2022-07-04,OVR,,,,,,,,,,,,rainrate_max,0
2022-07-04,OVR,,,,,,,,,,,,rain_total_mm,0
2022-07-04,OVR,,,,,,,,,,,,tmax,37.8
2022-07-04,OVR,,,,,,,,,,,,tmin,23.1
2022-07-04,OVR,,,,,,,,,,,,wind_dir_mean_deg,270
2022-07-05,00:00,27.4,7.8,29,NW,3.2,6.4,1018.22,0,0,0,0,,
2022-07-05,00:15,26.2,8.3,32,NW,1.6,6.4,1018.32,0,0,0,0,,
2022-07-05,00:30,26.2,8.3,32,NW,4.8,6.4,1018.05,0,0,0,0,,
2022-07-05,00:45,25.1,8.3,35,NW,3.2,4.8,1018.22,0,0,0,0,,
2022-07-05,01:00,25.3,8.9,35,NW,3.2,4.8,1018.22,0,0,0,0,,
2022-07-05,01:15,25.2,8.9,36,WNW,6.4,8,1018.12,0,0,0,0,,
2022-07-05,01:30,25.2,8.9,35,SW,1.6,6.4,1018.25,0,0,0,0,,
2022-07-05,01:45,25.4,8.3,34,SW,3.2,4.8,1018.29,0,0,0,0,,
2022-07-05,02:00,25.9,8.9,34,SW,6.4,6.4,1018.05,0,0,0,0,,
2022-07-05,02:15,25.2,8.9,36,SW,3.2,8,1017.95,0,0,0,0,,
2022-07-05,02:30,25.9,9.4,35,SW,1.6,4.8,1018.05,0,0,0,0,,
2022-07-05,02:45,26.2,7.8,31,SW,3.2,4.8,1017.98,0,0,0,0,,
2022-07-05,03:00,26.1,6.7,29,SW,4.8,4.8,1017.85,0,0,0,0,,
2022-07-05,03:15,26.1,7.8,31,SW,1.6,6.4,1018.05,0,0,0,0,,
2022-07-05,03:30,26.4,7.8,30,WSW,1.6,8,1017.91,0,0,0,0,,
2022-07-05,03:45,25.9,7.8,31,WSW,4.8,6.4,1017.88,0,0,0,0,,
2022-07-05,04:00,26,8.9,35,NORTH,0,3.2,1018.02,0,0,0,0,,
2022-07-05,04:15,25.2,9.4,37,WSW,1.6,4.8,1018.19,0,0,0,0,,
2022-07-05,04:30,25.6,9.4,36,WSW,1.6,4.8,1018.08,0,0,0,0,,
2022-07-05,04:45,25.4,9.4,37,NORTH,0,3.2,1018.25,0,0,0,0,,
2022-07-05,05:00,25.4,8.9,35,WSW,3.2,4.8,1017.95,0,0,0,0,,
2022-07-05,05:15,24.8,7.8,34,WSW,1.6,3.2,1018.02,0,0,0,0,,
2022-07-05,05:30,25.3,8.3,34,WSW,6.4,6.4,1018.05,0,0,0,0,,
2022-07-05,05:45,24.6,7.8,35,WSW,1.6,4.8,1018.15,0,0,0,0,,
2022-07-05,06:00,24.3,7.8,35,WSW,1.6,3.2,1018.19,0,0,0,0,,
2022-07-05,06:15,24.9,7.8,34,NORTH,0,3.2,1018.29,0,0,0,9,,
2022-07-05,06:30,24.8,7.2,33,NORTH,0,8,1018.49,0,0,0,21,,
2022-07-05,06:45,25.3,7.2,31,WSW,1.6,3.2,1018.39,0,0,0,46,,
2022-07-05,07:00,26.1,7.8,31,WSW,3.2,8,1018.46,0,0,0,74,,
2022-07-05,07:15,25.6,10,37,WSW,1.6,14.5,1018.46,0,0,0,98,,
2022-07-05,07:30,25.4,11.1,40,NORTH,0,8,1018.32,0,0,0,142,,
2022-07-05,07:45,25.7,11.7,42,WEST,3.2,9.7,1018.22,0,0,0,188,,
2022-07-05,08:00,26.1,11.1,39,WEST,4.8,11.3,1018.29,0,0,0,232,,
2022-07-05,08:15,26.2,11.1,39,NORTH,0,19.3,1018.49,0,0,1,271,,
2022-07-05,08:30,26.3,12.2,42,WNW,4.8,14.5,1018.76,0,0,1,329,,
2022-07-05,08:45,26.7,11.1,38,WNW,6.4,16.1,1018.59,0,0,1,373,,
2022-07-05,09:00,27.3,11.1,37,WNW,11.3,11.3,1018.9,0,0,1,420,,
2022-07-05,09:15,27.6,13.9,43,WNW,3.2,16.1,1019.13,0,0,2,461,,
2022-07-05,09:30,27.7,13.9,43,WNW,4.8,12.9,1018.96,0,0,2,483,,
2022-07-05,09:45,28.2,15,44,NORTH,0,14.5,1018.96,0,0,2,490,,
2022-07-05,10:00,28.9,13.3,39,WEST,12.9,17.7,1018.9,0,0,3,496,,
2022-07-05,10:15,29.1,12.2,35,WEST,22.5,33.8,1019.34,0,0,3,548,,
2022-07-05,10:30,28.8,13.9,40,WNW,14.5,24.1,1019,0,0,3,633,,
2022-07-05,10:45,29.3,15,43,WEST,16.1,30.6,1019.37,0,0,4,703,,
2022-07-05,11:00,29.4,15,41,WSW,3.2,27.4,1019.37,0,0,4,738,,
2022-07-05,11:15,30.2,15,40,WEST,20.9,27.4,1019.4,0,0,4,810,,
2022-07-05,11:30,30.2,16.1,43,WEST,35.4,35.4,1019.47,0,0,4,793,,
2022-07-05,11:45,30.2,16.7,45,WNW,20.9,35.4,1019.61,0,0,5,814,,
2022-07-05,12:00,30.4,17.8,47,NNE,12.9,32.2,1019.34,0,0,5,842,,
2022-07-05,12:15,30.2,16.7,45,WEST,19.3,46.7,1019.54,0,0,5,856,,
2022-07-05,12:30,30.4,17.2,45,WEST,17.7,41.8,1019.47,0,0,5,874,,
2022-07-05,12:45,30.8,16.7,44,WEST,40.2,40.2,1019.4,0,0,6,882,,
2022-07-05,13:00,30.7,16.1,42,WEST,29,49.9,1019.47,0,0,6,889,,
2022-07-05,13:15,31.2,16.1,41,WEST,38.6,49.9,1019.57,0,0,6,898,,
2022-07-05,13:30,31.7,16.7,41,ENE,19.3,37,1019.47,0,0,6,900,,
2022-07-05,13:45,31.7,16.7,41,WSW,19.3,40.2,1019.4,0,0,6,905,,
2022-07-05,14:00,32,16.7,41,NE,6.4,29,1019.13,0,0,6,965,,
2022-07-05,14:15,32.5,16.1,38,NE,8,30.6,1018.73,0,0,6,877,,
2022-07-05,14:30,32.5,16.1,37,ENE,22.5,30.6,1018.83,0,0,5,854,,
2022-07-05,14:45,33.3,16.7,37,WEST,24.1,29,1018.56,0,0,5,838,,
2022-07-05,15:00,33.5,16.1,35,WEST,16.1,35.4,1018.49,0,0,5,819,,
2022-07-05,15:15,33.7,16.7,36,NE,4.8,29,1018.52,0,0,5,795,,
2022-07-05,15:30,33.8,16.7,36,WEST,22.5,30.6,1018.63,0,0,4,768,,
2022-07-05,15:45,33.8,16.1,35,WNW,14.5,30.6,1018.25,0,0,4,744,,
2022-07-05,16:00,33.8,15,33,NNE,11.3,27.4,1017.98,0,0,4,707,,
2022-07-05,16:15,34.1,15,32,WNW,12.9,27.4,1018.02,0,0,3,679,,
2022-07-05,16:30,34.2,15,31,WEST,20.9,32.2,1017.95,0,0,3,638,,
2022-07-05,16:45,33.9,15,32,WNW,14.5,29,1017.95,0,0,3,599,,
2022-07-05,17:00,33.8,15,32,WNW,16.1,27.4,1017.81,0,0,2,557,,
2022-07-05,17:15,33.7,15,33,NW,12.9,32.2,1017.78,0,0,2,515,,
2022-07-05,17:30,33.4,14.4,32,WNW,11.3,29,1017.68,0,0,2,466,,
2022-07-05,17:45,33.5,13.9,31,WEST,14.5,25.7,1017.34,0,0,2,427,,
2022-07-05,18:00,33.5,13.9,31,WEST,19.3,24.1,1017.64,0,0,1,378,,
2022-07-05,18:15,32.8,15,35,WEST,29,25.7,1017.51,0,0,1,327,,
2022-07-05,18:30,31.8,16.1,39,WEST,20.9,33.8,1017.34,0,0,1,281,,
2022-07-05,18:45,31,16.7,42,WNW,25.7,32.2,1017.61,0,0,1,223,,
2022-07-05,19:00,29.7,16.7,46,ENE,22.5,29,1017.61,0,0,0,195,,
2022-07-05,19:15,28.6,17.2,50,WEST,25.7,32.2,1017.75,0,0,0,144,,
2022-07-05,19:30,27.7,17.2,53,WEST,9.7,27.4,1017.85,0,0,0,123,,
2022-07-05,19:45,27.1,17.2,56,WEST,24.1,30.6,1017.85,0,0,0,84,,
2022-07-05,20:00,26.7,17.8,59,NE,6.4,29,1017.78,0,0,0,56,,
2022-07-05,20:15,26.2,18.3,63,WNW,19.3,40.2,1017.88,0,0,0,33,,
2022-07-05,20:30,25.7,18.9,66,WEST,16.1,33.8,1017.88,0,0,0,19,,
2022-07-05,20:45,25.2,18.9,70,WNW,11.3,29,1017.98,0,0,0,7,,
2022-07-05,21:00,24.9,19.4,73,WEST,20.9,29,1018.05,0,0,0,0,,
2022-07-05,21:15,24.5,20,77,WEST,19.3,41.8,1018.15,0,0,0,0,,
2022-07-05,21:30,24.2,20.6,80,WNW,29,41.8,1018.12,0,0,0,0,,
2022-07-05,21:45,24.1,20.6,82,WEST,20.9,35.4,1018.39,0,0,0,0,,
2022-07-05,22:00,23.9,21.1,84,WNW,16.1,32.2,1018.73,0,0,0,0,,
2022-07-05,22:15,23.8,21.1,87,WNW,8,25.7,1019.24,0,0,0,0,,
2022-07-05,22:30,23.6,21.1,88,WNW,19.3,27.4,1019.2,0,0,0,0,,
2022-07-05,22:45,23.4,21.7,90,NW,6.4,16.1,1019.68,0,0,0,0,,
2022-07-05,23:00,23.3,21.7,90,WNW,3.2,17.7,1019.47,0,0,0,0,,
2022-07-05,23:15,23.3,21.7,91,WNW,6.4,12.9,1019.64,0,0,0,0,,
2022-07-05,23:30,23.3,21.7,92,WNW,11.3,17.7,1019.47,0,0,0,0,,
2022-07-05,23:45,23.2,21.7,92,WNW,8,12.9,1019.44,0,0,0,0,,
2022-07-05,OVR,,,,,,,,,,,,gustmax,40.2
2022-07-05,OVR,,,,,,,,,,,,rainrate_max,0
2022-07-05,OVR,,,,,,,,,,,,rain_total_mm,0
2022-07-05,OVR,,,,,,,,,,,,tmax,34.2
2022-07-05,OVR,,,,,,,,,,,,tmin,23.2
2022-07-05,OVR,,,,,,,,,,,,wind_dir_mean_deg,270
2022-07-06,00:00,23.2,21.7,93,WNW,9.7,14.5,1019.34,0,0,0,0,,
2022-07-06,00:15,23.2,21.7,93,NW,9.7,14.5,1019.1,0,0,0,0,,
2022-07-06,00:30,23.1,21.7,94,WNW,3.2,12.9,1019.37,0,0,0,0,,
2022-07-06,00:45,23,21.7,94,WNW,4.8,14.5,1019.17,0,0,0,0,,
2022-07-06,01:00,22.9,21.7,94,WNW,8,12.9,1018.96,0,0,0,0,,
2022-07-06,01:15,22.8,21.7,94,WNW,3.2,11.3,1018.83,0,0,0,0,,
2022-07-06,01:30,22.7,21.7,94,WNW,12.9,16.1,1019.13,0,0,0,0,,
2022-07-06,01:45,22.6,21.7,94,NORTH,0,12.9,1019.2,0,0,0,0,,
2022-07-06,02:00,22.3,21.1,94,NORTH,0,6.4,1019.37,0,0,0,0,,
2022-07-06,02:15,22.5,21.1,94,WNW,8,16.1,1019.2,0,0,0,0,,
2022-07-06,02:30,22.6,21.7,94,WNW,11.3,14.5,1019.13,0,0,0,0,,
2022-07-06,02:45,22.6,21.7,95,WNW,6.4,14.5,1019,0,0,0,0,,
2022-07-06,03:00,22.7,21.7,95,WNW,11.3,14.5,1019.03,0,0,0,0,,
2022-07-06,03:15,22.6,21.7,95,WNW,8,19.3,1018.96,0,0,0,0,,
2022-07-06,03:30,22.6,21.7,95,WNW,14.5,20.9,1019.1,0,0,0,0,,
2022-07-06,03:45,22.4,21.7,95,NW,6.4,16.1,1018.86,0,0,0,0,,
2022-07-06,04:00,22.3,21.1,95,NW,12.9,8,1018.66,0,0,0,0,,
2022-07-06,04:15,22.3,21.1,95,WNW,6.4,11.3,1018.73,0,0,0,0,,
2022-07-06,04:30,22.4,21.7,95,WEST,6.4,14.5,1018.66,0,0,0,0,,
2022-07-06,04:45,22.3,21.1,95,WEST,11.3,17.7,1018.83,0,0,0,0,,
2022-07-06,05:00,22.3,21.7,95,WEST,1.6,16.1,1018.93,0,0,0,0,,
2022-07-06,05:15,22.2,21.1,95,NORTH,0,6.4,1018.59,0,0,0,0,,
2022-07-06,05:30,22.1,21.1,96,WEST,6.4,6.4,1018.66,0,0,0,0,,
2022-07-06,05:45,21.8,20.6,95,NORTH,0,4.8,1018.56,0,0,0,0,,
2022-07-06,06:00,21.6,20.6,96,WEST,1.6,3.2,1018.35,0,0,0,0,,
2022-07-06,06:15,21.7,20.6,96,WEST,1.6,6.4,1018.35,0,0,0,9,,
2022-07-06,06:30,21.3,20.6,96,WEST,3.2,4.8,1017.95,0,0,0,21,,
2022-07-06,06:45,20.8,19.4,94,WEST,3.2,4.8,1017.98,0,0,0,42,,
2022-07-06,07:00,21.3,19.4,89,NORTH,0,3.2,1017.81,0,0,0,67,,
2022-07-06,07:15,22.3,19.4,86,NORTH,0,3.2,1017.91,0,0,0,95,,
2022-07-06,07:30,22.9,20,86,WEST,1.6,4.8,1017.78,0,0,0,169,,
2022-07-06,07:45,24.2,20.6,82,WEST,3.2,3.2,1017.51,0,0,0,179,,
2022-07-06,08:00,25.1,19.4,73,NORTH,1.6,8,1017.78,0,0,0,223,,
2022-07-06,08:15,25.6,21.1,76,NORTH,0,9.7,1017.64,0,0,1,260,,
2022-07-06,08:30,26.4,21.1,74,NW,4.8,4.8,1017.75,0,0,1,315,,
2022-07-06,08:45,27,20.6,69,NORTH,0,6.4,1017.71,0,0,1,357,,
2022-07-06,09:00,28.4,20.6,63,NW,3.2,4.8,1018.05,0,0,1,408,,
2022-07-06,09:15,28.8,19.4,58,NW,8,12.9,1018.35,0,0,2,457,,
2022-07-06,09:30,29.2,18.3,53,NW,4.8,12.9,1018.25,0,0,2,492,,
2022-07-06,09:45,29.7,18.3,51,NW,6.4,8,1018.73,0,0,2,483,,
2022-07-06,10:00,30.3,17.2,46,WNW,6.4,17.7,1018.86,0,0,3,490,,
2022-07-06,10:15,29.9,17.2,47,ENE,19.3,38.6,1019.17,0,0,3,540,,
2022-07-06,10:30,29.8,17.2,47,WNW,40.2,49.9,1019.91,0,0,3,633,,
2022-07-06,10:45,29,16.7,48,WEST,35.4,59.5,1019.91,0,0,4,700,,
2022-07-06,11:00,29.2,17.8,51,WEST,43.5,48.3,1019.98,0,0,4,733,,
2022-07-06,11:15,29.4,18.3,52,WEST,12.9,46.7,1020.01,0,0,4,761,,
2022-07-06,11:30,30,18.3,51,WNW,14.5,38.6,1019.91,0,0,4,789,,
2022-07-06,11:45,30.4,17.2,46,WEST,38.6,41.8,1019.84,0,0,5,814,,
2022-07-06,12:00,31.2,17.2,44,ENE,12.9,38.6,1019.64,0,0,5,831,,
2022-07-06,12:15,31.7,17.2,42,WNW,20.9,40.2,1019.57,0,0,5,854,,
2022-07-06,12:30,32.1,17.8,43,WEST,22.5,33.8,1019.64,0,0,5,865,,
2022-07-06,12:45,31.8,17.8,44,WNW,19.3,38.6,1019.74,0,0,6,870,,
2022-07-06,13:00,31.8,17.8,43,ENE,9.7,41.8,1019.47,0,0,6,879,,
2022-07-06,13:15,31.9,17.8,44,WEST,33.8,41.8,1019.4,0,0,6,888,,
2022-07-06,13:30,31.6,18.3,45,WEST,19.3,49.9,1019.47,0,0,6,882,,
2022-07-06,13:45,32.3,16.1,38,WNW,24.1,51.5,1019.44,0,0,6,882,,
2022-07-06,14:00,32.6,16.1,37,WNW,19.3,41.8,1019.17,0,0,6,874,,
2022-07-06,14:15,33.3,16.1,37,WEST,16.1,32.2,1019.03,0,0,6,863,,
2022-07-06,14:30,32.9,16.7,38,WNW,19.3,25.7,1018.56,0,0,5,846,,
2022-07-06,14:45,33.3,16.7,38,WEST,22.5,32.2,1018.39,0,0,5,824,,
2022-07-06,15:00,33.8,16.1,35,WNW,12.9,25.7,1018.19,0,0,5,798,,
2022-07-06,15:15,34.3,16.1,33,WNW,6.4,29,1017.78,0,0,5,784,,
2022-07-06,15:30,35.1,16.1,32,WSW,11.3,33.8,1017.71,0,0,4,759,,
2022-07-06,15:45,34.7,16.7,34,WEST,19.3,37,1017.81,0,0,4,731,,
2022-07-06,16:00,34.8,17.2,36,WEST,20.9,32.2,1017.75,0,0,4,705,,
2022-07-06,16:15,34.8,17.2,36,WNW,24.1,33.8,1017.64,0,0,3,668,,
2022-07-06,16:30,34.3,17.2,36,WEST,30.6,38.6,1017.44,0,0,3,635,,
2022-07-06,16:45,33.3,16.7,37,WNW,38.6,53.1,1017.81,0,0,3,575,,
2022-07-06,17:00,31.2,17.2,44,WEST,29,57.9,1018.05,0,0,2,524,,
2022-07-06,17:15,30.7,17.2,46,WNW,27.4,51.5,1018.12,0,0,2,515,,
2022-07-06,17:30,30.3,16.7,44,WEST,27.4,59.5,1018.42,0,0,2,462,,
2022-07-06,17:45,29.4,17.8,50,WEST,17.7,46.7,1018.59,0,0,2,225,,
2022-07-06,18:00,28.7,16.7,49,WNW,16.1,46.7,1018.56,0,0,1,174,,
2022-07-06,18:15,28,17.2,52,WNW,17.7,32.2,1018.42,0,0,1,118,,
2022-07-06,18:30,27.7,17.2,54,WEST,29,46.7,1018.29,0,0,0,114,,
2022-07-06,18:45,27.6,17.2,54,WEST,16.1,33.8,1018.12,0,0,0,116,,
2022-07-06,19:00,26.8,18.9,63,WEST,16.1,29,1017.91,0,0,0,220,,
2022-07-06,19:15,27.3,19.4,63,WNW,11.3,24.1,1017.98,0,0,0,176,,
2022-07-06,19:30,27.4,18.9,60,WEST,4.8,25.7,1017.68,0,0,0,111,,
2022-07-06,19:45,27,19.4,63,WSW,8,22.5,1017.95,0,0,0,84,,
2022-07-06,20:00,26.4,18.9,65,WEST,11.3,19.3,1017.71,0,0,0,56,,
2022-07-06,20:15,25.9,19.4,69,WEST,24.1,27.4,1017.98,0,0,0,37,,
2022-07-06,20:30,24.9,19.4,73,WEST,37,41.8,1017.95,0,0,0,25,,
2022-07-06,20:45,24.6,19.4,73,WNW,19.3,38.6,1018.08,0,0,0,9,,
2022-07-06,21:00,24.2,18.9,74,WEST,4.8,24.1,1018.08,0,0,0,0,,
2022-07-06,21:15,23.9,18.9,75,NE,6.4,30.6,1018.02,0,0,0,0,,
2022-07-06,21:30,23.5,18.9,76,WEST,14.5,19.3,1017.75,0,0,0,0,,
2022-07-06,21:45,23.3,18.9,77,WEST,4.8,14.5,1017.98,0,0,0,0,,
2022-07-06,22:00,23.2,18.9,77,WEST,6.4,9.7,1018.25,0,0,0,0,,
2022-07-06,22:15,22.9,18.3,77,NORTH,0,8,1018.22,0,0,0,0,,
2022-07-06,22:30,22.6,18.3,77,NORTH,0,8,1018.49,0,0,0,0,,
2022-07-06,22:45,22.4,18.3,79,NORTH,0,4.8,1018.73,0,0,0,0,,
2022-07-06,23:00,22.1,18.3,80,ENE,1.6,3.2,1018.8,0,0,0,0,,
2022-07-06,23:15,21.8,18.3,81,ENE,3.2,4.8,1018.93,0,0,0,0,,
2022-07-06,23:30,22.1,17.8,79,NORTH,0,4.8,1018.83,0,0,0,0,,
2022-07-06,23:45,22.3,17.8,77,WNW,12.9,9.7,1019.07,0,0,0,0,,
2022-07-06,OVR,,,,,,,,,,,,gustmax,43.5
2022-07-06,OVR,,,,,,,,,,,,rainrate_max,0
2022-07-06,OVR,,,,,,,,,,,,rain_total_mm,0
2022-07-06,OVR,,,,,,,,,,,,tmax,35.1
2022-07-06,OVR,,,,,,,,,,,,tmin,20.7
2022-07-06,OVR,,,,,,,,,,,,wind_dir_mean_deg,292.5
2022-07-07,00:00,22.6,18.3,78,WNW,6.4,25.7,1019.24,0,0,0,0,,
2022-07-07,00:15,22.5,18.3,78,WEST,17.7,40.2,1019.27,0,0,0,0,,
2022-07-07,00:30,22.6,18.9,80,WEST,16.1,32.2,1019.27,0,0,0,0,,
2022-07-07,00:45,22.3,18.9,82,WEST,19.3,30.6,1019.34,0,0,0,0,,
2022-07-07,01:00,22.1,18.9,84,WEST,24.1,40.2,1019.2,0,0,0,0,,
2022-07-07,01:15,21.9,18.9,85,WNW,17.7,38.6,1019.34,0,0,0,0,,
2022-07-07,01:30,21.8,18.9,85,WNW,24.1,40.2,1019.07,0,0,0,0,,
2022-07-07,01:45,21.8,18.9,86,WEST,27.4,37,1019.24,0,0,0,0,,
2022-07-07,02:00,21.6,18.9,86,WNW,16.1,29,1019,0,0,0,0,,
2022-07-07,02:15,21.6,18.9,86,WEST,11.3,25.7,1018.96,0,0,0,0,,
2022-07-07,02:30,21.4,18.9,87,WEST,11.3,24.1,1018.66,0,0,0,0,,
2022-07-07,02:45,21.2,18.9,87,WNW,8,20.9,1018.56,0,0,0,0,,
2022-07-07,03:00,21.2,18.9,88,NW,3.2,19.3,1018.63,0,0,0,0,,
2022-07-07,03:15,20.9,18.9,89,WNW,6.4,11.3,1018.56,0,0,0,0,,
2022-07-07,03:30,20.9,18.9,88,WEST,14.5,25.7,1018.39,0,0,0,0,,
2022-07-07,03:45,21.2,18.9,87,WNW,12.9,25.7,1018.35,0,0,0,0,,
2022-07-07,04:00,21.1,18.9,87,WEST,16.1,32.2,1018.29,0,0,0,0,,
2022-07-07,04:15,20.8,18.3,87,WEST,14.5,20.9,1018.08,0,0,0,0,,
2022-07-07,04:30,20.6,18.3,88,WNW,11.3,16.1,1018.02,0,0,0,0,,
2022-07-07,04:45,20.5,18.3,88,WEST,9.7,16.1,1018.08,0,0,0,0,,
2022-07-07,05:00,20.4,18.3,88,WEST,4.8,12.9,1017.91,0,0,0,0,,
2022-07-07,05:15,20.3,18.3,88,WEST,3.2,11.3,1017.88,0,0,0,0,,
2022-07-07,05:30,20.3,17.8,88,WEST,9.7,16.1,1018.08,0,0,0,0,,
2022-07-07,05:45,20.3,18.3,88,WNW,11.3,12.9,1018.22,0,0,0,0,,
2022-07-07,06:00,20.6,18.3,86,WNW,11.3,16.1,1018.42,0,0,0,0,,
2022-07-07,06:15,20.8,18.3,86,WNW,3.2,11.3,1018.52,0,0,0,9,,
2022-07-07,06:30,20.4,18.3,87,WNW,1.6,3.2,1018.05,0,0,0,23,,
2022-07-07,06:45,20.4,18.3,88,NORTH,0,6.4,1018.19,0,0,0,46,,
2022-07-07,07:00,20.6,18.3,89,WNW,4.8,4.8,1018.22,0,0,0,72,,
2022-07-07,07:15,20.7,18.3,89,NORTH,0,4.8,1018.22,0,0,0,113,,
2022-07-07,07:30,20.9,18.3,86,WNW,1.6,4.8,1017.81,0,0,0,69,,
2022-07-07,07:45,21.7,17.2,77,WNW,4.8,4.8,1017.85,0,0,0,113,,
2022-07-07,08:00,22.3,17.8,75,WNW,4.8,6.4,1017.85,0,0,0,253,,
2022-07-07,08:15,22.7,18.9,79,WNW,1.6,4.8,1017.78,0,0,1,283,,
2022-07-07,08:30,22.9,18.3,75,WNW,4.8,8,1017.95,0,0,1,352,,
2022-07-07,08:45,24.1,17.8,68,WNW,8,14.5,1017.95,0,0,1,380,,
2022-07-07,09:00,24,17.2,67,WNW,11.3,14.5,1017.98,0,0,1,446,,
2022-07-07,09:15,25.3,16.7,58,WNW,9.7,16.1,1017.98,0,0,2,487,,
2022-07-07,09:30,25.7,17.2,60,WEST,12.9,17.7,1018.02,0,0,2,494,,
2022-07-07,09:45,26.2,17.2,58,WEST,12.9,19.3,1017.95,0,0,2,487,,
2022-07-07,10:00,26.8,16.7,55,WNW,11.3,17.7,1017.98,0,0,3,492,,
2022-07-07,10:15,27.6,17.2,54,WEST,9.7,19.3,1018.05,0,0,3,508,,
2022-07-07,10:30,27.6,17.2,55,WEST,16.1,25.7,1018.02,0,0,3,508,,
2022-07-07,10:45,28.5,17.2,51,WEST,19.3,24.1,1018.08,0,0,4,712,,
2022-07-07,11:00,29,15.6,45,WEST,16.1,30.6,1018.22,0,0,4,752,,
2022-07-07,11:15,29.2,15,42,WNW,20.9,32.2,1018.32,0,0,4,780,,
2022-07-07,11:30,29.3,16.1,46,WNW,29,40.2,1018.22,0,0,5,809,,
2022-07-07,11:45,29.1,18.3,52,NW,20.9,37,1018.35,0,0,5,823,,
2022-07-07,12:00,29.2,18.3,53,WEST,30.6,35.4,1018.66,0,0,5,844,,
2022-07-07,12:15,29.4,18.9,53,SOUTH,22.5,43.5,1018.76,0,0,5,874,,
2022-07-07,12:30,29.2,18.9,54,NE,32.2,40.2,1018.93,0,0,4,919,,
2022-07-07,12:45,29.2,19.4,56,WEST,16.1,45.1,1018.8,0,0,6,900,,
2022-07-07,13:00,29.2,19.4,55,WNW,19.3,35.4,1018.9,0,0,6,909,,
2022-07-07,13:15,29.1,19.4,56,NNE,25.7,40.2,1018.8,0,0,6,911,,
2022-07-07,13:30,29.2,18.3,53,WNW,16.1,38.6,1019,0,0,6,912,,
2022-07-07,13:45,29.3,17.8,50,NW,29,40.2,1018.73,0,0,6,911,,
2022-07-07,14:00,29.4,17.8,50,WNW,27.4,38.6,1018.76,0,0,6,902,,
2022-07-07,14:15,29.4,18.3,51,NW,20.9,45.1,1018.56,0,0,6,891,,
2022-07-07,14:30,29.8,18.3,50,WEST,19.3,46.7,1018.32,0,0,5,877,,
2022-07-07,14:45,29.5,18.3,51,NW,17.7,56.3,1018.35,0,0,5,858,,
2022-07-07,15:00,29.1,18.9,54,WEST,24.1,48.3,1018.59,0,0,5,840,,
2022-07-07,15:15,29.1,18.3,52,WNW,22.5,46.7,1018.86,0,0,5,821,,
2022-07-07,15:30,28.8,18.9,55,ENE,25.7,43.5,1019,0,0,4,793,,
2022-07-07,15:45,29,18.3,54,WEST,12.9,54.7,1018.9,0,0,4,761,,
2022-07-07,16:00,28.7,18.3,54,WEST,32.2,43.5,1018.76,0,0,4,728,,
2022-07-07,16:15,28.4,18.3,55,WNW,19.3,45.1,1018.73,0,0,3,691,,
2022-07-07,16:30,28.2,18.3,55,WEST,24.1,43.5,1018.56,0,0,3,654,,
2022-07-07,16:45,28.1,18.9,57,WEST,40.2,51.5,1018.59,0,0,3,612,,
2022-07-07,17:00,27.9,18.9,58,WNW,25.7,41.8,1018.49,0,0,3,571,,
2022-07-07,17:15,27.9,18.3,57,WEST,40.2,41.8,1018.52,0,0,2,531,,
2022-07-07,17:30,27.8,18.3,56,WEST,24.1,46.7,1018.83,0,0,2,489,,
2022-07-07,17:45,27.4,17.2,55,NW,30.6,45.1,1018.59,0,0,2,443,,
2022-07-07,18:00,27.1,17.8,58,WEST,29,53.1,1018.25,0,0,1,404,,
2022-07-07,18:15,26.6,16.7,56,WNW,33.8,46.7,1018.66,0,0,1,362,,
2022-07-07,18:30,26.8,16.7,55,WEST,41.8,53.1,1018.39,0,0,1,318,,
2022-07-07,18:45,26.3,16.7,55,WNW,30.6,53.1,1018.39,0,0,1,265,,
2022-07-07,19:00,25.8,16.7,58,WNW,32.2,51.5,1018.56,0,0,0,221,,
2022-07-07,19:15,25.4,16.7,59,SSE,33.8,51.5,1018.56,0,0,0,172,,
2022-07-07,19:30,24.9,18.3,67,WNW,37,49.9,1018.46,0,0,0,127,,
2022-07-07,19:45,24.2,18.3,70,WNW,38.6,49.9,1018.66,0,0,0,84,,
2022-07-07,20:00,23.6,18.3,72,WEST,38.6,51.5,1018.49,0,0,0,53,,
2022-07-07,20:15,23.1,18.3,74,WEST,27.4,54.7,1018.8,0,0,0,25,,
2022-07-07,20:30,22.6,17.8,76,WEST,32.2,46.7,1018.66,0,0,0,18,,
2022-07-07,20:45,22.3,17.8,77,WNW,22.5,46.7,1019.03,0,0,0,9,,
2022-07-07,21:00,22.1,17.8,77,WNW,27.4,40.2,1019.07,0,0,0,0,,
2022-07-07,21:15,21.9,17.2,77,WEST,22.5,38.6,1019.1,0,0,0,0,,
2022-07-07,21:30,21.8,17.2,77,WNW,20.9,46.7,1019.1,0,0,0,0,,
2022-07-07,21:45,21.6,17.2,77,WEST,16.1,41.8,1019.37,0,0,0,0,,
2022-07-07,22:00,21.4,17.2,77,WEST,22.5,37,1019.54,0,0,0,0,,
2022-07-07,22:15,21.2,16.7,77,WNW,22.5,38.6,1019.78,0,0,0,0,,
2022-07-07,22:30,21.2,16.7,77,NW,14.5,29,1020.12,0,0,0,0,,
2022-07-07,22:45,20.9,16.7,77,WNW,11.3,14.5,1020.22,0,0,0,0,,
2022-07-07,23:00,21.1,16.1,75,WNW,16.1,19.3,1020.56,0,0,0,0,,
2022-07-07,23:15,21,16.1,75,NW,16.1,20.9,1020.39,0,0,0,0,,
2022-07-07,23:30,20.8,16.1,75,WNW,4.8,19.3,1020.22,0,0,0,0,,
2022-07-07,23:45,20.9,16.1,74,WNW,8,12.9,1019.88,0,0,0,0,,
2022-07-07,OVR,,,,,,,,,,,,gustmax,41.8
2022-07-07,OVR,,,,,,,,,,,,rainrate_max,0
2022-07-07,OVR,,,,,,,,,,,,rain_total_mm,0
2022-07-07,OVR,,,,,,,,,,,,tmax,29.9
2022-07-07,OVR,,,,,,,,,,,,tmin,20.3
2022-07-07,OVR,,,,,,,,,,,,wind_dir_mean_deg,292.5
2022-07-08,00:00,20.9,15.6,73,WNW,11.3,16.1,1019.81,0,0,0,0,,
2022-07-08,00:15,20.9,15.6,72,WNW,6.4,16.1,1019.81,0,0,0,0,,
2022-07-08,00:30,20.8,15.6,72,WNW,6.4,12.9,1019.54,0,0,0,0,,
2022-07-08,00:45,20.7,15.6,73,WNW,8,16.1,1019.34,0,0,0,0,,
2022-07-08,01:00,20.6,15.6,74,WNW,4.8,16.1,1019.3,0,0,0,0,,
2022-07-08,01:15,20.2,15.6,75,WNW,4.8,12.9,1019.3,0,0,0,0,,
2022-07-08,01:30,20.1,15.6,76,WNW,4.8,6.4,1019.07,0,0,0,0,,
2022-07-08,01:45,19.4,15,77,NORTH,0,3.2,1019.13,0,0,0,0,,
2022-07-08,02:00,19.1,15,78,NORTH,0,3.2,1019.2,0,0,0,0,,
2022-07-08,02:15,20.1,16.1,78,WEST,6.4,19.3,1018.96,0,0,0,0,,
2022-07-08,02:30,20.2,16.1,77,WNW,9.7,12.9,1018.63,0,0,0,0,,
2022-07-08,02:45,20.3,16.1,79,WEST,6.4,17.7,1018.59,0,0,0,0,,
2022-07-08,03:00,20.4,16.7,81,WNW,11.3,20.9,1018.25,0,0,0,0,,
2022-07-08,03:15,20.8,17.2,81,WEST,4.8,16.1,1018.02,0,0,0,0,,
2022-07-08,03:30,21.1,17.8,81,WNW,14.5,22.5,1017.91,0,0,0,0,,
2022-07-08,03:45,21,17.8,82,WNW,6.4,16.1,1017.81,0,0,0,0,,
2022-07-08,04:00,20.9,17.8,83,WNW,11.3,16.1,1017.75,0,0,0,0,,
2022-07-08,04:15,20.8,17.8,83,WEST,14.5,17.7,1017.68,0,0,0,0,,
2022-07-08,04:30,21,18.3,85,WNW,12.9,24.1,1017.78,0,0,0,0,,
2022-07-08,04:45,21,18.3,86,WEST,17.7,17.7,1017.68,0,0,0,0,,
2022-07-08,05:00,21.1,18.3,87,WEST,17.7,22.5,1017.71,0,0,0,0,,
2022-07-08,05:15,20.9,18.3,87,WEST,11.3,27.4,1017.81,0,0,0,0,,
2022-07-08,05:30,20.9,18.9,88,WEST,20.9,32.2,1017.95,0,0,0,0,,
2022-07-08,05:45,21.2,18.9,87,WNW,24.1,27.4,1018.05,0,0,0,0,,
2022-07-08,06:00,21.2,18.9,86,WNW,11.3,20.9,1017.98,0,0,0,0,,
2022-07-08,06:15,21,18.3,86,WNW,11.3,12.9,1018.08,0,0,0,0,,
2022-07-08,06:30,21.1,18.3,85,WNW,6.4,17.7,1018.25,0,0,0,12,,
2022-07-08,06:45,21.1,18.3,84,NW,1.6,11.3,1018.46,0,0,0,49,,
2022-07-08,07:00,21.3,18.3,84,NW,3.2,4.8,1018.35,0,0,0,44,,
2022-07-08,07:15,21.6,18.3,83,WNW,17.7,14.5,1018.32,0,0,0,79,,
2022-07-08,07:30,21.6,18.3,84,WNW,12.9,22.5,1018.49,0,0,0,95,,
2022-07-08,07:45,21.7,18.9,84,WNW,12.9,19.3,1018.66,0,0,0,100,,
2022-07-08,08:00,21.7,18.3,83,WNW,16.1,19.3,1018.8,0,0,0,123,,
2022-07-08,08:15,22.2,18.9,81,WNW,14.5,22.5,1018.8,0,0,1,290,,
2022-07-08,08:30,22.4,18.3,80,WNW,16.1,32.2,1018.86,0,0,1,380,,
2022-07-08,08:45,22.8,18.9,79,WEST,20.9,30.6,1018.73,0,0,1,439,,
2022-07-08,09:00,23,18.3,76,WEST,24.1,32.2,1018.86,0,0,2,446,,
2022-07-08,09:30,23.7,18.9,74,WNW,12.9,19.3,1018.86,0,0,2,504,,
2022-07-08,09:45,23.9,18.9,73,WNW,8,22.5,1018.59,0,0,2,489,,
2022-07-08,10:00,24.1,18.3,72,WNW,16.1,20.9,1018.86,0,0,3,492,,
2022-07-08,10:15,24.4,18.9,71,WEST,20.9,25.7,1018.86,0,0,3,543,,
2022-07-08,10:30,24.9,18.9,69,WEST,6.4,22.5,1018.66,0,0,3,649,,
2022-07-08,10:45,25.3,18.9,67,NW,16.1,20.9,1018.9,0,0,4,735,,
2022-07-08,11:00,25.6,18.9,66,WEST,20.9,22.5,1018.86,0,0,4,763,,
2022-07-08,11:15,25.9,18.9,65,WEST,9.7,24.1,1018.9,0,0,4,795,,
2022-07-08,11:30,26.2,18.9,64,WEST,6.4,27.4,1018.86,0,0,5,823,,
2022-07-08,11:45,26.2,18.3,63,WNW,11.3,27.4,1018.9,0,0,5,844,,
2022-07-08,12:00,26.8,18.3,60,WEST,14.5,22.5,1018.83,0,0,5,860,,
2022-07-08,12:15,27.3,18.9,60,WNW,12.9,22.5,1018.83,0,0,5,874,,
2022-07-08,12:30,27.7,18.3,57,WNW,9.7,19.3,1018.76,0,0,6,891,,
2022-07-08,12:45,27.9,18.3,57,NW,16.1,17.7,1018.49,0,0,6,902,,
2022-07-08,13:00,28.6,18.9,56,WNW,16.1,25.7,1018.66,0,0,6,911,,
2022-07-08,13:15,29.6,18.9,53,WNW,11.3,19.3,1018.32,0,0,6,911,,
2022-07-08,13:30,29.5,18.3,52,WEST,6.4,20.9,1018.25,0,0,6,902,,
2022-07-08,13:45,29.1,18.3,52,SW,8,25.7,1018.35,0,0,6,909,,
2022-07-08,14:00,29.4,18.9,53,NW,19.3,29,1018.22,0,0,6,900,,
2022-07-08,14:15,29.2,18.9,54,WEST,9.7,29,1018.29,0,0,6,884,,
2022-07-08,14:30,29.1,18.9,55,ENE,19.3,32.2,1018.49,0,0,6,870,,
2022-07-08,14:45,29.2,18.9,54,NE,22.5,33.8,1018.46,0,0,5,849,,
2022-07-08,15:00,29.1,18.9,55,WEST,17.7,35.4,1018.15,0,0,5,830,,
2022-07-08,15:15,29.1,18.9,55,WNW,14.5,37,1018.08,0,0,5,805,,
2022-07-08,15:30,28.8,19.4,57,WEST,24.1,38.6,1018.02,0,0,5,779,,
2022-07-08,15:45,28.4,19.4,58,WEST,19.3,41.8,1018.46,0,0,4,744,,
2022-07-08,16:00,28.2,19.4,61,WEST,22.5,41.8,1018.56,0,0,4,714,,
2022-07-08,16:15,27.5,19.4,63,WEST,25.7,40.2,1018.59,0,0,4,682,,
2022-07-08,16:30,27,20,66,WNW,19.3,35.4,1018.63,0,0,3,645,,
2022-07-08,16:45,26.7,20,68,ENE,17.7,40.2,1018.66,0,0,3,606,,
2022-07-08,17:00,26.6,20,68,ENE,12.9,43.5,1018.76,0,0,3,559,,
2022-07-08,17:15,26.1,20,69,WEST,22.5,43.5,1018.8,0,0,2,515,,
2022-07-08,17:30,26.4,20,68,WEST,19.3,35.4,1018.93,0,0,2,503,,
2022-07-08,17:45,26.8,20,67,WSW,8,24.1,1018.96,0,0,2,490,,
2022-07-08,18:00,26.6,20,67,WNW,12.9,20.9,1019.03,0,0,1,390,,
2022-07-08,18:15,26.6,19.4,66,WNW,8,22.5,1019.1,0,0,1,339,,
2022-07-08,18:30,26.5,19.4,66,NE,4.8,16.1,1019.13,0,0,1,292,,
2022-07-08,18:45,26.4,19.4,67,WEST,12.9,17.7,1019.1,0,0,1,250,,
2022-07-08,19:00,26.6,20,67,WEST,14.5,19.3,1019.27,0,0,0,221,,
2022-07-08,19:15,26.3,19.4,66,WEST,6.4,17.7,1019.3,0,0,0,181,,
2022-07-08,19:30,26.4,19.4,65,WEST,12.9,17.7,1019.4,0,0,0,128,,
2022-07-08,19:45,26.4,18.9,65,WEST,4.8,14.5,1019.54,0,0,0,84,,
2022-07-08,20:00,26.2,18.9,65,WEST,3.2,9.7,1019.37,0,0,0,49,,
2022-07-08,20:15,25.8,18.9,67,WEST,3.2,12.9,1019.54,0,0,0,26,,
2022-07-08,20:30,25.5,18.9,68,NORTH,0,6.4,1019.71,0,0,0,14,,
2022-07-08,20:45,24.9,18.9,70,WEST,3.2,6.4,1020.08,0,0,0,0,,
2022-07-08,21:00,24.6,18.9,71,WEST,1.6,3.2,1020.25,0,0,0,0,,
2022-07-08,21:15,23.9,18.3,71,NORTH,0,3.2,1020.35,0,0,0,0,,
2022-07-08,21:30,23.3,17.8,73,SSW,4.8,8,1020.52,0,0,0,0,,
2022-07-08,21:45,23.9,18.3,71,SOUTH,4.8,9.7,1020.86,0,0,0,0,,
2022-07-08,22:00,23.9,18.3,71,SE,4.8,12.9,1020.89,0,0,0,0,,
2022-07-08,22:15,24.1,17.8,68,SE,4.8,8,1021.1,0,0,0,0,,
2022-07-08,22:30,24.1,16.7,65,SE,8,14.5,1021.4,0,0,0,0,,
2022-07-08,22:45,24.2,16.7,63,ESE,9.7,12.9,1021.33,0,0,0,0,,
2022-07-08,23:00,24.6,16.1,61,ESE,11.3,16.1,1021.23,0,0,0,0,,
2022-07-08,23:15,24.3,16.1,60,ESE,6.4,16.1,1021.3,0,0,0,0,,
2022-07-08,23:30,23.5,16.7,66,ESE,1.6,9.7,1021.4,0,0,0,0,,
2022-07-08,23:45,22.7,17.8,75,EAST,4.8,9.7,1021.61,0,0,0,0,,
2022-07-08,OVR,,,,,,,,,,,,gustmax,25.7
2022-07-08,OVR,,,,,,,,,,,,rainrate_max,0
2022-07-08,OVR,,,,,,,,,,,,rain_total_mm,0
2022-07-08,OVR,,,,,,,,,,,,tmax,29.7
2022-07-08,OVR,,,,,,,,,,,,tmin,19
2022-07-08,OVR,,,,,,,,,,,,wind_dir_mean_deg,292.5
2022-07-09,00:00,22.3,17.8,77,EAST,4.8,9.7,1021.74,0,0,0,0,,
2022-07-09,00:15,22.2,17.8,78,ESE,9.7,9.7,1021.88,0,0,0,0,,
2022-07-09,00:30,23,17.8,72,ESE,4.8,9.7,1021.88,0,0,0,0,,
2022-07-09,00:45,23.1,17.2,70,ESE,3.2,6.4,1021.91,0,0,0,0,,
2022-07-09,01:00,22.7,17.2,71,ESE,3.2,6.4,1021.84,0,0,0,0,,
2022-07-09,01:15,21.8,16.7,74,NORTH,0,4.8,1021.98,0,0,0,0,,
2022-07-09,01:30,21.6,17.2,76,NORTH,0,3.2,1021.98,0,0,0,0,,
2022-07-09,01:45,20.9,16.7,79,ESE,3.2,4.8,1021.84,0,0,0,0,,
2022-07-09,02:00,21,16.7,78,ESE,3.2,6.4,1022.01,0,0,0,0,,
2022-07-09,02:15,21.1,17.2,78,ESE,3.2,4.8,1021.88,0,0,0,0,,
2022-07-09,02:30,21.8,16.7,74,ESE,3.2,6.4,1022.08,0,0,0,0,,
2022-07-09,02:45,21.5,16.7,75,ESE,1.6,4.8,1022.01,0,0,0,0,,
2022-07-09,03:00,21.4,16.7,74,ESE,3.2,3.2,1021.78,0,0,0,0,,
2022-07-09,03:15,21.1,16.1,73,ESE,1.6,6.4,1021.71,0,0,0,0,,
2022-07-09,03:30,21.5,16.1,73,ESE,1.6,3.2,1021.57,0,0,0,0,,
2022-07-09,03:45,20.7,16.7,77,ESE,3.2,4.8,1021.67,0,0,0,0,,
2022-07-09,04:00,20.3,16.1,77,NORTH,0,3.2,1021.67,0,0,0,0,,
2022-07-09,04:15,19.7,16.1,79,NORTH,0,4.8,1021.3,0,0,0,0,,
2022-07-09,04:30,19.7,16.1,81,ESE,1.6,3.2,1021.44,0,0,0,0,,
2022-07-09,04:45,20.2,16.1,78,NORTH,0,0,1021.57,0,0,0,0,,
2022-07-09,05:00,20.6,15.6,75,NORTH,0,3.2,1021.54,0,0,0,0,,
2022-07-09,05:15,20.4,15.6,76,ESE,1.6,1.6,1021.4,0,0,0,0,,
2022-07-09,05:30,20.3,15.6,75,ESE,3.2,4.8,1021.3,0,0,0,0,,
2022-07-09,05:45,20.5,15.6,74,ESE,1.6,4.8,1021.3,0,0,0,0,,
2022-07-09,06:00,19.6,15,76,NORTH,0,4.8,1021.4,0,0,0,0,,
2022-07-09,06:15,19.4,15.6,78,ESE,1.6,3.2,1021.37,0,0,0,9,,
2022-07-09,06:30,19.7,15.6,78,NORTH,0,3.2,1021.54,0,0,0,16,,
2022-07-09,06:45,20.1,15.6,77,NORTH,0,3.2,1021.61,0,0,0,53,,
2022-07-09,07:00,21,16.1,73,NORTH,0,1.6,1021.78,0,0,0,95,,
2022-07-09,07:15,21,15.6,72,NORTH,0,3.2,1021.74,0,0,0,120,,
2022-07-09,07:30,21,15,70,NORTH,0,3.2,1021.57,0,0,0,192,,
2022-07-09,07:45,21.2,15,69,NORTH,0,4.8,1021.74,0,0,0,237,,
2022-07-09,08:00,21.9,14.4,64,NE,1.6,8,1021.91,0,0,1,287,,
2022-07-09,08:15,22.6,15,62,NE,3.2,6.4,1022.08,0,0,1,292,,
2022-07-09,08:30,23.6,15.6,62,NNE,4.8,11.3,1022.05,0,0,1,380,,
2022-07-09,08:45,24,16.1,61,NNW,8,9.7,1021.91,0,0,1,425,,
2022-07-09,09:00,24.4,15.6,58,NW,6.4,14.5,1021.98,0,0,2,471,,
2022-07-09,09:15,25.2,15,54,WNW,11.3,19.3,1021.88,0,0,2,512,,
2022-07-09,09:30,25.6,14.4,50,WNW,14.5,24.1,1021.94,0,0,2,522,,
2022-07-09,09:45,26,14.4,49,NW,6.4,27.4,1021.91,0,0,2,503,,
2022-07-09,10:00,26.2,13.3,46,NW,11.3,24.1,1021.84,0,0,3,499,,
2022-07-09,10:15,26.7,15,49,WNW,1.6,22.5,1021.88,0,0,3,563,,
2022-07-09,10:30,27.1,14.4,46,WEST,17.7,27.4,1021.84,0,0,3,686,,
2022-07-09,10:45,27.1,14.4,46,NNW,4.8,16.1,1021.78,0,0,4,756,,
2022-07-09,11:00,27.2,14.4,46,WSW,1.6,20.9,1021.84,0,0,4,791,,
2022-07-09,11:15,27.7,14.4,45,WEST,11.3,22.5,1021.84,0,0,4,807,,
2022-07-09,11:30,28.1,13.9,42,NW,9.7,25.7,1021.74,0,0,5,842,,
2022-07-09,11:45,28.2,12.8,39,WNW,3.2,24.1,1021.81,0,0,5,865,,
2022-07-09,12:00,28.6,12.2,36,WSW,4.8,32.2,1021.74,0,0,5,891,,
2022-07-09,12:15,28.9,11.1,33,NW,6.4,14.5,1021.64,0,0,6,911,,
2022-07-09,12:30,29.6,8.9,28,NNW,4.8,22.5,1021.71,0,0,6,930,,
2022-07-09,12:45,29.9,9.4,28,WEST,4.8,8,1021.5,0,0,6,939,,
2022-07-09,13:00,30.2,10,29,WNW,17.7,17.7,1021.57,0,0,6,940,,
2022-07-09,13:15,30,10,29,WSW,1.6,25.7,1021.3,0,0,6,939,,
2022-07-09,13:30,30.4,10.6,30,WEST,12.9,32.2,1021.06,0,0,6,940,,
2022-07-09,13:45,30.2,11.1,31,WNW,20.9,32.2,1020.89,0,0,6,937,,
2022-07-09,14:00,30.3,11.7,32,WNW,25.7,33.8,1020.96,0,0,6,925,,
2022-07-09,14:15,30.3,11.7,32,WEST,6.4,41.8,1020.76,0,0,6,916,,
2022-07-09,14:30,30.3,12.2,33,NW,17.7,30.6,1020.76,0,0,6,898,,
2022-07-09,14:45,30.1,12.2,34,WEST,20.9,40.2,1020.86,0,0,5,881,,
2022-07-09,15:00,29.7,12.2,35,WEST,14.5,41.8,1020.89,0,0,5,860,,
2022-07-09,15:15,29.6,12.8,35,WEST,27.4,40.2,1020.79,0,0,5,835,,
2022-07-09,15:30,29.2,12.2,36,WNW,30.6,46.7,1020.56,0,0,5,807,,
2022-07-09,15:45,29.2,12.8,36,WNW,25.7,40.2,1020.39,0,0,4,777,,
2022-07-09,16:00,29.1,12.2,36,WEST,41.8,48.3,1020.42,0,0,4,747,,
2022-07-09,16:15,29.2,11.7,34,WEST,32.2,45.1,1020.35,0,0,4,712,,
2022-07-09,16:30,29.3,11.7,34,WEST,30.6,41.8,1020.29,0,0,3,677,,
2022-07-09,16:45,29.2,11.7,34,WNW,32.2,45.1,1020.35,0,0,3,635,,
2022-07-09,17:00,28.9,11.7,35,WNW,25.7,46.7,1020.18,0,0,3,596,,
2022-07-09,17:15,28.5,10,31,ENE,17.7,43.5,1020.29,0,0,2,554,,
2022-07-09,17:30,28.3,11.7,36,NE,8,45.1,1020.29,0,0,2,512,,
2022-07-09,17:45,27.9,13.3,41,,19.3,40.2,1020.22,0,0,2,464,,
2022-07-09,18:00,28,11.7,37,WEST,27.4,33.8,1020.08,0,0,1,417,,
2022-07-09,18:15,27.7,11.1,36,WNW,19.3,38.6,1020.15,0,0,1,369,,
2022-07-09,18:30,27.7,11.7,37,WEST,19.3,38.6,1019.88,0,0,1,320,,
2022-07-09,18:45,27.4,12.2,39,WNW,19.3,30.6,1019.68,0,0,1,274,,
2022-07-09,19:00,27.2,11.7,39,WNW,12.9,30.6,1019.61,0,0,0,230,,
2022-07-09,19:15,27.1,12.2,40,WEST,16.1,32.2,1019.64,0,0,0,181,,
2022-07-09,19:30,26.8,11.7,39,ENE,8,27.4,1019.71,0,0,0,137,,
2022-07-09,19:45,26.7,11.7,39,WEST,17.7,30.6,1019.78,0,0,0,93,,
2022-07-09,20:00,26.4,13.9,46,WNW,12.9,27.4,1019.88,0,0,0,51,,
2022-07-09,20:15,26.1,13.9,48,WEST,14.5,25.7,1020.12,0,0,0,19,,
2022-07-09,20:30,25.6,13.9,49,WEST,6.4,27.4,1019.98,0,0,0,14,,
2022-07-09,20:45,25,14.4,53,WEST,12.9,19.3,1020.08,0,0,0,7,,
2022-07-09,21:00,24.5,15.6,58,WNW,11.3,19.3,1020.12,0,0,0,0,,
2022-07-09,21:15,24.1,16.1,63,WEST,4.8,22.5,1020.15,0,0,0,0,,
2022-07-09,21:30,23.6,17.2,68,NORTH,0,14.5,1020.35,0,0,0,0,,
2022-07-09,21:45,23.4,17.8,73,WEST,6.4,16.1,1020.56,0,0,0,0,,
2022-07-09,22:00,23.1,18.9,77,WNW,9.7,11.3,1020.62,0,0,0,0,,
2022-07-09,22:15,22.4,18.9,80,WEST,3.2,3.2,1020.73,0,0,0,0,,
2022-07-09,22:30,22.3,18.9,83,NORTH,0,3.2,1020.69,0,0,0,0,,
2022-07-09,22:45,22,18.9,84,NORTH,0,3.2,1020.83,0,0,0,0,,
2022-07-09,23:00,21.7,18.9,84,NORTH,0,3.2,1020.62,0,0,0,0,,
2022-07-09,23:15,21.4,18.9,86,WEST,1.6,3.2,1020.52,0,0,0,0,,
2022-07-09,23:30,21.1,18.9,88,NORTH,0,3.2,1020.73,0,0,0,0,,
2022-07-09,23:45,20.9,18.9,89,NORTH,0,1.6,1020.56,0,0,0,0,,
2022-07-09,OVR,,,,,,,,,,,,gustmax,41.8
2022-07-09,OVR,,,,,,,,,,,,rainrate_max,0
2022-07-09,OVR,,,,,,,,,,,,rain_total_mm,0
2022-07-09,OVR,,,,,,,,,,,,tmax,30.7
2022-07-09,OVR,,,,,,,,,,,,tmin,19.1
2022-07-09,OVR,,,,,,,,,,,,wind_dir_mean_deg,337.5
2022-07-10,00:00,21.1,19.4,91,WEST,1.6,3.2,1020.62,0,0,0,0,,
2022-07-10,00:15,20.6,18.9,91,WEST,1.6,4.8,1020.66,0,0,0,0,,
2022-07-10,00:30,19.6,17.8,89,NORTH,0,0,1020.62,0,0,0,0,,
2022-07-10,00:45,19.3,16.7,85,WEST,1.6,4.8,1020.62,0,0,0,0,,
2022-07-10,01:00,19.7,16.7,84,WSW,3.2,6.4,1020.59,0,0,0,0,,
2022-07-10,01:15,19.7,15,74,WSW,3.2,4.8,1020.66,0,0,0,0,,
2022-07-10,01:30,20.1,15,74,WSW,4.8,4.8,1020.39,0,0,0,0,,
2022-07-10,01:45,19.4,15,76,WSW,3.2,4.8,1020.25,0,0,0,0,,
2022-07-10,02:00,19.7,15.6,79,WSW,1.6,3.2,1020.15,0,0,0,0,,
2022-07-10,02:15,19.9,16.1,81,WSW,1.6,3.2,1020.08,0,0,0,0,,
2022-07-10,02:30,19.7,16.7,84,WSW,1.6,3.2,1019.78,0,0,0,0,,
2022-07-10,02:45,19.3,15,78,WSW,1.6,4.8,1019.64,0,0,0,0,,
2022-07-10,03:00,19.8,14.4,72,WSW,1.6,3.2,1019.51,0,0,0,0,,
2022-07-10,03:15,19.4,13.3,70,WSW,3.2,3.2,1019.34,0,0,0,0,,
2022-07-10,03:30,19.3,13.3,70,WSW,1.6,3.2,1019.37,0,0,0,0,,
2022-07-10,03:45,19.4,13.3,70,WSW,1.6,3.2,1019.17,0,0,0,0,,
2022-07-10,04:00,19.5,13.9,70,WSW,1.6,3.2,1019,0,0,0,0,,
2022-07-10,04:15,18.9,13.3,72,NORTH,0,1.6,1018.9,0,0,0,0,,
2022-07-10,04:30,19.3,14.4,73,NORTH,0,3.2,1018.86,0,0,0,0,,
2022-07-10,04:45,19,15,78,NORTH,0,1.6,1018.63,0,0,0,0,,
2022-07-10,05:00,18.6,14.4,79,WSW,1.6,3.2,1018.46,0,0,0,0,,
2022-07-10,05:15,18.9,14.4,75,WSW,1.6,3.2,1018.42,0,0,0,0,,
2022-07-10,05:30,19.1,13.3,71,WSW,3.2,4.8,1018.46,0,0,0,0,,
2022-07-10,05:45,19.2,13.3,69,WSW,4.8,4.8,1018.52,0,0,0,0,,
2022-07-10,06:00,19.3,12.8,68,WSW,3.2,4.8,1018.52,0,0,0,0,,
2022-07-10,06:15,19.1,12.8,67,NORTH,0,3.2,1018.52,0,0,0,7,,
2022-07-10,06:30,19.3,12.8,66,NORTH,0,3.2,1018.35,0,0,0,12,,
2022-07-10,06:45,18.7,12.2,68,NORTH,0,3.2,1018.46,0,0,0,53,,
2022-07-10,07:00,19.1,12.2,66,WSW,1.6,4.8,1018.56,0,0,0,90,,
2022-07-10,07:15,19.6,12.8,65,WSW,3.2,3.2,1018.56,0,0,0,120,,
2022-07-10,07:30,19.9,12.8,65,NORTH,0,3.2,1018.56,0,0,0,188,,
2022-07-10,07:45,20.4,12.8,62,NW,3.2,8,1018.42,0,0,0,232,,
2022-07-10,08:00,21.3,13.9,63,NW,1.6,6.4,1018.73,0,0,1,278,,
2022-07-10,08:15,21.7,13.9,62,NW,1.6,4.8,1018.63,0,0,1,285,,
2022-07-10,08:30,22.7,14.4,60,NW,1.6,3.2,1018.52,0,0,1,369,,
2022-07-10,08:45,23.7,14.4,56,NW,1.6,3.2,1018.59,0,0,1,399,,
2022-07-10,09:00,24.5,13.3,51,NW,4.8,4.8,1018.56,0,0,1,462,,
2022-07-10,09:15,24.7,13.3,49,NW,3.2,8,1018.63,0,0,2,497,,
2022-07-10,09:30,25.2,13.3,48,NW,4.8,8,1018.56,0,0,2,501,,
2022-07-10,09:45,26.1,14.4,48,SW,1.6,8,1018.52,0,0,2,496,,
2022-07-10,10:00,25.8,13.9,47,SSW,1.6,6.4,1018.39,0,0,3,490,,
2022-07-10,10:15,26.5,13.9,46,SW,1.6,9.7,1018.42,0,0,3,554,,
2022-07-10,10:30,26.9,13.9,46,WSW,6.4,12.9,1018.32,0,0,3,673,,
2022-07-10,10:45,27.3,14.4,45,WNW,12.9,12.9,1018.39,0,0,4,742,,
2022-07-10,11:00,27.5,13.3,43,WNW,8,19.3,1018.25,0,0,4,772,,
2022-07-10,11:15,27.9,12.8,39,NW,3.2,20.9,1018.29,0,0,4,805,,
2022-07-10,11:30,28.4,12.2,37,WNW,4.8,17.7,1018.08,0,0,5,826,,
2022-07-10,11:45,28.8,12.2,37,WNW,3.2,16.1,1018.12,0,0,5,854,,
2022-07-10,12:00,29.3,11.7,34,NNW,14.5,20.9,1018.19,0,0,5,875,,
2022-07-10,12:15,29.5,11.7,34,NNW,14.5,25.7,1018.15,0,0,5,893,,
2022-07-10,12:30,29.9,13.9,38,WSW,12.9,22.5,1017.81,0,0,6,905,,
2022-07-10,12:45,29.8,14.4,40,WEST,16.1,29,1017.78,0,0,6,912,,
2022-07-10,13:00,29.3,17.2,49,ENE,16.1,33.8,1017.68,0,0,6,907,,
2022-07-10,13:15,29.4,16.1,45,WNW,12.9,38.6,1017.58,0,0,6,921,,
2022-07-10,13:30,29.2,15.6,44,WEST,30.6,43.5,1017.61,0,0,6,921,,
2022-07-10,13:45,29.4,15,42,WEST,30.6,46.7,1017.41,0,0,6,918,,
2022-07-10,14:00,29.4,15,42,WEST,20.9,38.6,1017.51,0,0,6,907,,
2022-07-10,14:15,29.4,15.6,43,WEST,29,40.2,1017.54,0,0,6,898,,
2022-07-10,14:30,29.4,16.7,46,WNW,27.4,38.6,1017.41,0,0,6,882,,
2022-07-10,14:45,28.8,16.7,47,WNW,20.9,43.5,1017.34,0,0,5,865,,
2022-07-10,15:00,28.8,16.1,46,WNW,27.4,40.2,1017.27,0,0,5,842,,
2022-07-10,15:15,29,16.7,48,WEST,19.3,46.7,1017.41,0,0,5,817,,
2022-07-10,15:30,28.6,17.8,52,WEST,29,43.5,1017.58,0,0,5,788,,
2022-07-10,15:45,28.4,18.3,54,NW,25.7,45.1,1017.61,0,0,4,759,,
2022-07-10,16:00,28.4,16.1,48,WNW,33.8,46.7,1017.41,0,0,4,728,,
2022-07-10,16:15,28.2,16.7,49,ENE,17.7,45.1,1017.24,0,0,4,694,,
2022-07-10,16:30,27.8,16.1,49,WEST,35.4,48.3,1017.17,0,0,3,659,,
2022-07-10,16:45,27.8,16.1,49,WEST,30.6,46.7,1017.27,0,0,3,617,,
2022-07-10,17:00,27.6,17.8,56,WEST,17.7,40.2,1017.41,0,0,3,577,,
2022-07-10,17:15,27.3,17.2,54,WEST,27.4,40.2,1017.37,0,0,2,534,,
2022-07-10,17:30,27,18.3,59,WNW,20.9,38.6,1017.41,0,0,2,494,,
2022-07-10,17:45,27.1,17.2,56,WNW,19.3,41.8,1017.51,0,0,2,446,,
2022-07-10,18:00,26.9,16.1,52,WEST,25.7,41.8,1017.31,0,0,1,401,,
2022-07-10,18:15,27,15.6,49,WEST,25.7,40.2,1017.07,0,0,1,355,,
2022-07-10,18:30,27.1,15,49,WEST,22.5,32.2,1017.1,0,0,1,308,,
2022-07-10,18:45,26.9,14.4,47,WNW,20.9,33.8,1017.03,0,0,1,267,,
2022-07-10,19:00,26.9,13.9,45,WNW,17.7,38.6,1017.17,0,0,0,223,,
2022-07-10,19:15,26.5,16.1,53,WNW,22.5,32.2,1017.2,0,0,0,174,,
2022-07-10,19:30,26.3,16.1,55,WEST,20.9,27.4,1017.24,0,0,0,127,,
2022-07-10,19:45,25.9,16.7,58,WEST,14.5,27.4,1017.24,0,0,0,84,,
2022-07-10,20:00,25.6,17.2,61,WNW,19.3,29,1017.31,0,0,0,49,,
2022-07-10,20:15,25.2,17.8,65,WNW,14.5,24.1,1017.51,0,0,0,23,,
2022-07-10,20:30,24.8,18.3,69,WNW,17.7,24.1,1017.51,0,0,0,14,,
2022-07-10,20:45,24.2,18.9,74,WNW,14.5,19.3,1017.58,0,0,0,7,,
2022-07-10,21:00,23.8,19.4,77,WNW,11.3,20.9,1017.85,0,0,0,0,,
2022-07-10,21:15,23.4,19.4,80,WNW,14.5,22.5,1017.85,0,0,0,0,,
2022-07-10,21:30,23.2,20,83,WEST,14.5,24.1,1018.15,0,0,0,0,,
2022-07-10,21:45,22.9,20,85,WNW,14.5,19.3,1018.05,0,0,0,0,,
2022-07-10,22:00,22.7,20,86,WEST,12.9,25.7,1018.22,0,0,0,0,,
2022-07-10,22:15,22.5,20,88,WEST,9.7,19.3,1018.49,0,0,0,0,,
2022-07-10,22:30,22.3,20,88,WNW,4.8,17.7,1018.49,0,0,0,0,,
2022-07-10,22:45,22.2,20,89,WNW,4.8,11.3,1018.49,0,0,0,0,,
2022-07-10,23:00,21.8,20,90,WNW,3.2,3.2,1018.56,0,0,0,0,,
2022-07-10,23:15,21.8,20,90,WNW,1.6,3.2,1018.59,0,0,0,0,,
2022-07-10,23:30,21.3,19.4,90,NORTH,0,3.2,1018.63,0,0,0,0,,
2022-07-10,23:45,20.8,18.9,90,WNW,3.2,4.8,1018.46,0,0,0,0,,
2022-07-10,OVR,,,,,,,,,,,,gustmax,35.4
2022-07-10,OVR,,,,,,,,,,,,rainrate_max,0
2022-07-10,OVR,,,,,,,,,,,,rain_total_mm,0
2022-07-10,OVR,,,,,,,,,,,,tmax,30
2022-07-10,OVR,,,,,,,,,,,,tmin,18.6
2022-07-10,OVR,,,,,,,,,,,,wind_dir_mean_deg,292.5
2022-07-11,00:00,20.3,17.8,87,WNW,3.2,6.4,1018.56,0,0,0,0,,
2022-07-11,00:15,20.7,16.1,76,WNW,1.6,3.2,1018.49,0,0,0,0,,
2022-07-11,00:30,20.7,16.1,76,WNW,1.6,3.2,1018.42,0,0,0,0,,
2022-07-11,00:45,20.7,15.6,73,NORTH,0,3.2,1018.52,0,0,0,0,,
2022-07-11,01:00,20.5,15,72,WNW,3.2,3.2,1018.29,0,0,0,0,,
2022-07-11,01:15,21.1,15.6,71,WNW,1.6,3.2,1018.42,0,0,0,0,,
2022-07-11,01:30,20.6,15.6,74,WNW,3.2,3.2,1018.29,0,0,0,0,,
2022-07-11,01:45,20.8,15.6,72,WNW,3.2,4.8,1018.02,0,0,0,0,,
2022-07-11,02:00,20.8,15,70,WNW,1.6,3.2,1018.08,0,0,0,0,,
2022-07-11,02:15,20.9,15,69,WNW,3.2,4.8,1018.02,0,0,0,0,,
2022-07-11,02:30,20.1,14.4,71,NORTH,0,3.2,1017.78,0,0,0,0,,
2022-07-11,02:45,20.2,15,73,WNW,1.6,4.8,1017.71,0,0,0,0,,
2022-07-11,03:00,20.2,15.6,77,WNW,3.2,3.2,1017.54,0,0,0,0,,
2022-07-11,03:15,19.8,16.1,80,WNW,3.2,4.8,1017.58,0,0,0,0,,
2022-07-11,03:30,19.8,15,75,WNW,1.6,4.8,1017.41,0,0,0,0,,
2022-07-11,03:45,19.5,13.3,69,WNW,1.6,4.8,1017.44,0,0,0,0,,
2022-07-11,04:00,19.6,12.8,65,WNW,1.6,4.8,1017.64,0,0,0,0,,
2022-07-11,04:15,20.3,13.3,66,WNW,3.2,4.8,1017.44,0,0,0,0,,
2022-07-11,04:30,20.5,13.9,66,WNW,3.2,4.8,1017.37,0,0,0,0,,
2022-07-11,04:45,20.1,13.3,65,NORTH,0,3.2,1017.37,0,0,0,0,,
2022-07-11,05:00,19.8,13.3,66,WNW,3.2,4.8,1017.37,0,0,0,0,,
2022-07-11,05:15,19.8,13.3,67,WNW,1.6,4.8,1017.27,0,0,0,0,,
2022-07-11,05:30,20.2,13.9,68,WNW,6.4,6.4,1017.27,0,0,0,0,,
2022-07-11,05:45,20.3,13.3,65,NW,4.8,6.4,1017.17,0,0,0,0,,
2022-07-11,06:00,20.4,13.9,68,NE,6.4,6.4,1017.44,0,0,0,0,,
2022-07-11,06:15,20.3,15,71,ENE,4.8,11.3,1017.61,0,0,0,7,,
2022-07-11,06:30,20.8,15,69,ESE,9.7,12.9,1017.41,0,0,0,12,,
2022-07-11,06:45,21.3,15,67,ESE,11.3,12.9,1017.71,0,0,0,49,,
2022-07-11,07:00,21.7,15,67,ESE,4.8,14.5,1017.78,0,0,0,86,,
2022-07-11,07:15,22.1,15.6,67,ESE,6.4,11.3,1018.12,0,0,0,116,,
2022-07-11,07:30,22.5,15.6,66,EAST,1.6,9.7,1018.08,0,0,0,183,,
2022-07-11,07:45,23.1,15.6,64,EAST,3.2,6.4,1018.25,0,0,0,227,,
2022-07-11,08:00,23.4,15.6,61,SE,4.8,14.5,1018.42,0,0,1,274,,
2022-07-11,08:15,23.9,15.6,59,ESE,6.4,14.5,1018.39,0,0,1,279,,
2022-07-11,08:30,24.3,15.6,58,ESE,12.9,16.1,1018.59,0,0,1,366,,
2022-07-11,08:45,24.3,16.1,60,ESE,16.1,22.5,1018.73,0,0,1,408,,
2022-07-11,09:00,24.3,15.6,59,SE,16.1,24.1,1018.59,0,0,2,452,,
2022-07-11,09:15,24.3,16.7,64,SE,19.3,25.7,1018.8,0,0,2,497,,
2022-07-11,09:30,24.4,17.2,65,SE,14.5,27.4,1018.76,0,0,2,504,,
2022-07-11,09:45,24.8,17.2,62,SE,20.9,25.7,1018.83,0,0,2,483,,
2022-07-11,10:00,25.4,16.7,59,ESE,16.1,24.1,1018.76,0,0,3,483,,
2022-07-11,10:15,25.7,17.2,59,SE,12.9,24.1,1018.83,0,0,3,550,,
2022-07-11,10:30,26.2,17.2,59,ESE,4.8,27.4,1018.96,0,0,3,663,,
2022-07-11,10:45,26.6,16.7,55,SE,14.5,25.7,1018.86,0,0,4,737,,
2022-07-11,11:00,26.9,17.2,56,SE,12.9,24.1,1018.93,0,0,4,765,,
2022-07-11,11:15,27.7,17.2,53,SSE,8,25.7,1018.93,0,0,4,796,,
2022-07-11,11:30,27.9,16.1,49,SSE,11.3,22.5,1019.07,0,0,5,823,,
2022-07-11,11:45,28.4,16.7,49,SE,11.3,24.1,1019.27,0,0,5,844,,
2022-07-11,12:00,28.3,16.7,50,SE,16.1,25.7,1019.17,0,0,5,863,,
2022-07-11,12:15,28.6,16.7,49,ESE,6.4,25.7,1019.13,0,0,6,884,,
2022-07-11,12:30,28.8,16.7,48,ESE,1.6,30.6,1019.1,0,0,6,896,,
2022-07-11,12:45,28.9,16.7,48,SE,20.9,24.1,1019,0,0,6,907,,
2022-07-11,13:00,29.7,17.2,47,SE,16.1,25.7,1019.07,0,0,6,916,,
2022-07-11,13:15,30,16.7,45,SE,22.5,22.5,1018.76,0,0,6,918,,
2022-07-11,13:30,30.2,16.1,44,SE,11.3,29,1018.9,0,0,6,919,,
2022-07-11,13:45,30.1,16.1,44,NORTH,6.4,25.7,1018.76,0,0,6,914,,
2022-07-11,14:00,30.3,16.7,44,ESE,20.9,30.6,1018.76,0,0,6,907,,
2022-07-11,14:15,30.6,16.1,42,SSE,14.5,32.2,1018.76,0,0,6,900,,
2022-07-11,14:30,30.4,16.1,42,SE,20.9,25.7,1018.76,0,0,6,886,,
2022-07-11,14:45,30.7,15.6,40,SE,12.9,29,1018.66,0,0,6,863,,
2022-07-11,15:00,30.8,15,39,SSE,17.7,33.8,1018.76,0,0,5,853,,
2022-07-11,15:15,31,15,38,SE,14.5,30.6,1018.76,0,0,5,826,,
2022-07-11,15:30,30.6,13.9,37,SE,20.9,33.8,1018.42,0,0,5,798,,
2022-07-11,15:45,30.6,15.6,40,SE,20.9,30.6,1018.35,0,0,5,770,,
2022-07-11,16:00,30,16.1,44,SE,12.9,37,1018.66,0,0,4,737,,
2022-07-11,16:15,30.3,15,40,ESE,17.7,30.6,1018.76,0,0,4,701,,
2022-07-11,16:30,30,13.9,37,SE,9.7,29,1018.96,0,0,3,663,,
2022-07-11,16:45,30,12.8,36,SSE,17.7,29,1018.93,0,0,3,629,,
2022-07-11,17:00,30.3,13.9,36,SSE,6.4,25.7,1018.93,0,0,3,591,,
2022-07-11,17:15,30.2,12.2,34,SSE,9.7,25.7,1019,0,0,2,547,,
2022-07-11,17:30,30.3,13.3,35,SSE,22.5,25.7,1019.1,0,0,2,512,,
2022-07-11,17:45,29.4,13.3,38,SE,12.9,19.3,1019.2,0,0,2,459,,
2022-07-11,18:00,29.3,12.2,35,SE,17.7,22.5,1019.07,0,0,1,420,,
2022-07-11,18:15,29.2,12.2,35,SE,9.7,22.5,1018.96,0,0,1,362,,
2022-07-11,18:30,28.9,13.3,38,SE,20.9,24.1,1019,0,0,1,315,,
2022-07-11,18:45,28.8,13.9,41,ESE,17.7,22.5,1019.1,0,0,1,265,,
2022-07-11,19:00,28.5,14.4,43,SSE,8,20.9,1019.27,0,0,1,220,,
2022-07-11,19:15,28.4,14.4,42,ESE,12.9,16.1,1019.64,0,0,0,172,,
2022-07-11,19:30,27.8,14.4,44,SE,11.3,24.1,1019.47,0,0,0,125,,
2022-07-11,19:45,27.6,13.9,43,SSE,12.9,17.7,1019.54,0,0,0,84,,
2022-07-11,20:00,27.3,13.3,42,SE,12.9,19.3,1019.64,0,0,0,51,,
2022-07-11,20:15,26.9,12.8,42,SE,6.4,17.7,1019.54,0,0,0,23,,
2022-07-11,20:30,26.4,12.8,43,SE,8,12.9,1019.74,0,0,0,16,,
2022-07-11,20:45,25.8,13.3,46,SE,8,17.7,1019.68,0,0,0,7,,
2022-07-11,21:00,25.4,13.3,47,SE,8,16.1,1019.61,0,0,0,0,,
2022-07-11,21:15,24.9,13.9,51,SE,8,12.9,1019.81,0,0,0,0,,
2022-07-11,21:30,24.6,13.3,50,SE,4.8,11.3,1020.15,0,0,0,0,,
2022-07-11,21:45,24.1,13.9,53,SE,8,11.3,1020.25,0,0,0,0,,
2022-07-11,22:00,24,15.6,60,ESE,6.4,12.9,1020.39,0,0,0,0,,
2022-07-11,22:15,23.8,15.6,61,ESE,8,12.9,1020.45,0,0,0,0,,
2022-07-11,22:30,23.6,15.6,62,ESE,6.4,12.9,1020.45,0,0,0,0,,
2022-07-11,22:45,23.3,15.6,63,ESE,4.8,8,1020.52,0,0,0,0,,
2022-07-11,23:00,23.3,15,61,ESE,1.6,9.7,1020.73,0,0,0,0,,
2022-07-11,23:15,23.2,14.4,58,ESE,3.2,6.4,1020.56,0,0,0,0,,
2022-07-11,23:30,23.1,15,60,ESE,3.2,4.8,1020.59,0,0,0,0,,
2022-07-11,23:45,22.8,14.4,60,ESE,4.8,6.4,1020.83,0,0,0,0,,
2022-07-11,OVR,,,,,,,,,,,,gustmax,22.5
2022-07-11,OVR,,,,,,,,,,,,rainrate_max,0
2022-07-11,OVR,,,,,,,,,,,,rain_total_mm,0
2022-07-11,OVR,,,,,,,,,,,,tmax,31.3
2022-07-11,OVR,,,,,,,,,,,,tmin,19.3
2022-07-11,OVR,,,,,,,,,,,,wind_dir_mean_deg,45
2022-07-12,00:00,23.3,14.4,58,ESE,4.8,8,1021,0,0,0,0,,
2022-07-12,00:15,23.6,13.3,53,ESE,4.8,12.9,1020.86,0,0,0,0,,
2022-07-12,00:30,23.5,12.8,52,ESE,9.7,9.7,1020.69,0,0,0,0,,
2022-07-12,00:45,23.9,12.2,48,ESE,8,12.9,1020.59,0,0,0,0,,
2022-07-12,01:00,23.9,12.2,49,ESE,11.3,12.9,1020.56,0,0,0,0,,
2022-07-12,01:15,23.7,12.8,50,ESE,11.3,14.5,1020.42,0,0,0,0,,
2022-07-12,01:30,23.4,12.8,52,ESE,12.9,11.3,1020.45,0,0,0,0,,
2022-07-12,01:45,23.4,12.8,51,ESE,6.4,12.9,1020.59,0,0,0,0,,
2022-07-12,02:00,23.4,12.8,52,ESE,11.3,12.9,1020.56,0,0,0,0,,
2022-07-12,02:15,23.1,13.3,55,ESE,6.4,11.3,1020.73,0,0,0,0,,
2022-07-12,02:30,23.4,12.2,50,ESE,9.7,11.3,1020.69,0,0,0,0,,
2022-07-12,02:45,22.8,12.2,51,ESE,3.2,9.7,1020.62,0,0,0,0,,
2022-07-12,03:00,22.9,12.2,52,ESE,4.8,11.3,1020.62,0,0,0,0,,
2022-07-12,03:15,23.1,12.8,53,ESE,9.7,11.3,1020.52,0,0,0,0,,
2022-07-12,03:30,23.4,11.1,46,ESE,9.7,12.9,1020.56,0,0,0,0,,
2022-07-12,03:45,23.4,11.1,46,ESE,11.3,12.9,1020.56,0,0,0,0,,
2022-07-12,04:00,23.7,11.7,47,ESE,9.7,14.5,1020.42,0,0,0,0,,
2022-07-12,04:15,23.7,11.7,47,ESE,8,12.9,1020.66,0,0,0,0,,
2022-07-12,04:30,23.6,11.1,46,ESE,9.7,12.9,1020.52,0,0,0,0,,
2022-07-12,04:45,23.4,11.7,47,ESE,8,12.9,1020.42,0,0,0,0,,
2022-07-12,05:00,23.3,11.1,46,ESE,4.8,11.3,1020.45,0,0,0,0,,
2022-07-12,05:15,23.1,11.1,47,ESE,6.4,9.7,1020.35,0,0,0,0,,
2022-07-12,05:30,22.9,10.6,46,ESE,11.3,11.3,1020.52,0,0,0,0,,
2022-07-12,05:45,23.3,10.6,44,ESE,6.4,14.5,1020.69,0,0,0,0,,
2022-07-12,06:00,22.7,10.6,47,ESE,4.8,6.4,1020.93,0,0,0,0,,
2022-07-12,06:15,21.9,11.7,52,ESE,6.4,11.3,1020.96,0,0,0,7,,
2022-07-12,06:30,21.8,11.7,52,ESE,3.2,9.7,1020.93,0,0,0,14,,
2022-07-12,06:45,22.3,11.1,50,ESE,6.4,9.7,1021,0,0,0,49,,
2022-07-12,07:00,23.2,11.1,47,ESE,3.2,6.4,1021.06,0,0,0,84,,
2022-07-12,07:15,23.5,11.7,48,ESE,3.2,4.8,1021.1,0,0,0,116,,
2022-07-12,07:30,23.6,12.2,49,ESE,1.6,4.8,1021.27,0,0,0,183,,
2022-07-12,07:45,24.2,12.8,49,ESE,3.2,6.4,1021.37,0,0,0,227,,
2022-07-12,08:00,24.7,12.8,49,ESE,3.2,9.7,1021.47,0,0,1,274,,
2022-07-12,08:15,25,15,54,SE,4.8,14.5,1021.23,0,0,1,276,,
2022-07-12,08:30,25.1,15,55,ESE,11.3,17.7,1021.4,0,0,1,367,,
2022-07-12,08:45,24.9,15,55,ESE,14.5,20.9,1021.57,0,0,1,410,,
2022-07-12,09:00,25.3,15,53,SE,14.5,17.7,1021.67,0,0,2,455,,
2022-07-12,09:15,25.4,15,54,SE,6.4,20.9,1021.84,0,0,2,496,,
2022-07-12,09:30,25.6,15.6,54,SE,16.1,20.9,1021.84,0,0,2,504,,
2022-07-12,09:45,25.8,16.1,56,SE,12.9,22.5,1021.81,0,0,2,487,,
2022-07-12,10:00,26.4,16.7,55,SSE,11.3,17.7,1021.84,0,0,3,483,,
2022-07-12,10:15,26.5,16.1,54,SE,16.1,22.5,1021.78,0,0,3,547,,
2022-07-12,10:30,27.2,16.7,54,SE,6.4,19.3,1021.88,0,0,3,656,,
2022-07-12,10:45,28,15.6,47,SE,4.8,16.1,1022.01,0,0,4,737,,
2022-07-12,11:00,28.5,15,44,SE,12.9,19.3,1022.08,0,0,4,770,,
2022-07-12,11:15,28.7,14.4,43,SE,19.3,17.7,1022.08,0,0,4,798,,
2022-07-12,11:30,28.9,14.4,42,SE,8,25.7,1022.05,0,0,5,824,,
2022-07-12,11:45,28.8,15,44,SSE,14.5,22.5,1022.01,0,0,5,847,,
2022-07-12,12:00,29.6,16.1,44,ESE,12.9,19.3,1022.05,0,0,5,868,,
2022-07-12,12:15,30,15.6,42,SSE,4.8,17.7,1022.05,0,0,6,886,,
2022-07-12,12:30,29.7,15.6,42,SSE,3.2,19.3,1021.91,0,0,6,900,,
2022-07-12,12:45,29.9,15,41,SSE,1.6,24.1,1022.05,0,0,6,911,,
2022-07-12,13:00,30.5,15,39,SSE,6.4,17.7,1021.94,0,0,6,923,,
2022-07-12,13:15,30.9,14.4,37,SSE,12.9,24.1,1021.94,0,0,6,930,,
2022-07-12,13:30,30.9,15,38,SE,24.1,25.7,1021.71,0,0,6,928,,
2022-07-12,13:45,31.4,15,37,SE,11.3,22.5,1021.61,0,0,6,923,,
2022-07-12,14:00,31,15,38,SE,30.6,30.6,1021.54,0,0,6,912,,
2022-07-12,14:15,31.7,14.4,36,ESE,12.9,25.7,1021.54,0,0,6,905,,
2022-07-12,14:30,31.6,13.9,35,SE,12.9,24.1,1021.54,0,0,6,891,,
2022-07-12,14:45,31.6,13.3,33,SW,6.4,27.4,1021.44,0,0,6,875,,
2022-07-12,15:00,32.2,13.3,32,SSE,11.3,30.6,1021.44,0,0,5,854,,
2022-07-12,15:15,31.8,13.3,32,SOUTH,12.9,29,1020.96,0,0,5,828,,
2022-07-12,15:30,31.9,13.3,32,SE,11.3,24.1,1021.03,0,0,5,805,,
2022-07-12,15:45,31.9,13.3,32,ESE,6.4,25.7,1020.96,0,0,4,773,,
2022-07-12,16:00,32.3,12.8,30,SE,24.1,27.4,1020.93,0,0,4,742,,
2022-07-12,16:15,32.1,12.2,30,ESE,12.9,30.6,1020.83,0,0,4,712,,
2022-07-12,16:30,32.1,12.2,30,SSE,14.5,25.7,1020.66,0,0,3,673,,
2022-07-12,16:45,32.6,13.3,31,WNW,8,22.5,1020.76,0,0,3,628,,
2022-07-12,17:00,32.1,14.4,35,ENE,8,17.7,1020.39,0,0,3,592,,
2022-07-12,17:15,31.6,14.4,36,NW,12.9,45.1,1020.59,0,0,2,550,,
2022-07-12,17:30,31.3,15,37,WEST,17.7,41.8,1020.69,0,0,2,504,,
2022-07-12,17:45,30.8,15,38,WEST,22.5,33.8,1020.62,0,0,2,459,,
2022-07-12,18:00,30.8,15.6,39,ENE,14.5,37,1020.56,0,0,1,410,,
2022-07-12,18:15,29.9,14.4,40,WEST,11.3,38.6,1020.45,0,0,1,362,,
2022-07-12,18:30,29.8,15.6,42,WEST,17.7,32.2,1020.45,0,0,1,316,,
2022-07-12,18:45,29.1,16.1,46,WEST,6.4,33.8,1020.39,0,0,1,269,,
2022-07-12,19:00,28.9,16.1,46,WEST,27.4,29,1020.56,0,0,1,227,,
2022-07-12,19:15,28.5,16.1,47,WEST,14.5,27.4,1020.56,0,0,0,176,,
2022-07-12,19:30,27.8,16.1,50,WEST,14.5,25.7,1020.62,0,0,0,130,,
2022-07-12,19:45,27.4,16.7,52,NE,16.1,24.1,1020.83,0,0,0,84,,
2022-07-12,20:00,27.1,16.7,54,WSW,6.4,25.7,1020.73,0,0,0,49,,
2022-07-12,20:15,26.6,16.7,56,WNW,6.4,22.5,1020.69,0,0,0,21,,
2022-07-12,20:30,26.2,16.7,57,WEST,12.9,20.9,1020.73,0,0,0,14,,
2022-07-12,20:45,25.7,16.7,58,WNW,11.3,22.5,1020.73,0,0,0,7,,
2022-07-12,21:00,25.3,16.7,60,WEST,6.4,17.7,1020.73,0,0,0,0,,
2022-07-12,21:15,24.7,16.7,62,WNW,4.8,16.1,1021,0,0,0,0,,
2022-07-12,21:30,24.2,17.2,65,NORTH,0,11.3,1021.03,0,0,0,0,,
2022-07-12,21:45,23.8,17.8,70,NORTH,0,12.9,1021.33,0,0,0,0,,
2022-07-12,22:00,23.7,18.3,73,NORTH,0,11.3,1021.33,0,0,0,0,,
2022-07-12,22:15,23.4,18.9,76,WSW,1.6,6.4,1021.54,0,0,0,0,,
2022-07-12,22:30,22.9,18.9,79,NORTH,0,3.2,1021.61,0,0,0,0,,
2022-07-12,22:45,22.2,18.3,79,NORTH,0,1.6,1021.71,0,0,0,0,,
2022-07-12,23:00,22.3,18.9,81,NORTH,0,1.6,1021.78,0,0,0,0,,
2022-07-12,23:15,22.1,18.9,82,NORTH,0,1.6,1021.81,0,0,0,0,,
2022-07-12,23:30,21.8,18.9,84,NORTH,0,3.2,1021.81,0,0,0,0,,
2022-07-12,23:45,21.7,18.9,84,WSW,1.6,3.2,1021.74,0,0,0,0,,
2022-07-12,OVR,,,,,,,,,,,,gustmax,30.6
2022-07-12,OVR,,,,,,,,,,,,rainrate_max,0
2022-07-12,OVR,,,,,,,,,,,,rain_total_mm,0
2022-07-12,OVR,,,,,,,,,,,,tmax,32.7
2022-07-12,OVR,,,,,,,,,,,,tmin,21.3
2022-07-12,OVR,,,,,,,,,,,,wind_dir_mean_deg,135
2022-07-13,00:00,21.4,18.3,84,NORTH,0,3.2,1021.64,0,0,0,0,,
2022-07-13,00:15,21.2,18.3,85,WSW,3.2,4.8,1021.67,0,0,0,0,,
2022-07-13,00:30,21.1,18.3,85,WSW,1.6,4.8,1021.64,0,0,0,0,,
2022-07-13,00:45,20.9,17.8,83,WSW,4.8,4.8,1021.64,0,0,0,0,,
2022-07-13,01:00,21.2,18.3,84,NORTH,0,4.8,1021.84,0,0,0,0,,
2022-07-13,01:15,21,18.3,85,WSW,1.6,3.2,1021.81,0,0,0,0,,
2022-07-13,01:30,20.8,18.3,87,NORTH,0,1.6,1021.71,0,0,0,0,,
2022-07-13,01:45,20.6,18.3,87,WSW,3.2,4.8,1021.64,0,0,0,0,,
2022-07-13,02:00,20.3,17.8,87,WSW,1.6,4.8,1021.5,0,0,0,0,,
2022-07-13,02:15,20.3,17.8,86,WSW,4.8,4.8,1021.47,0,0,0,0,,
2022-07-13,02:30,20.1,17.2,84,NORTH,0,8,1021.37,0,0,0,0,,
2022-07-13,02:45,20.1,15.6,76,WSW,3.2,3.2,1021.1,0,0,0,0,,
2022-07-13,03:00,20.6,14.4,70,WSW,1.6,4.8,1021.13,0,0,0,0,,
2022-07-13,03:15,20.4,16.1,77,WSW,3.2,6.4,1021,0,0,0,0,,
2022-07-13,03:30,20.3,15,74,WSW,3.2,4.8,1021.1,0,0,0,0,,
2022-07-13,03:45,19.9,15,75,WSW,1.6,4.8,1021,0,0,0,0,,
2022-07-13,04:00,20.2,15.6,76,WSW,1.6,3.2,1021,0,0,0,0,,
2022-07-13,04:15,20.7,16.7,80,WSW,1.6,4.8,1020.93,0,0,0,0,,
2022-07-13,04:30,20.3,16.7,80,WSW,3.2,4.8,1020.76,0,0,0,0,,
2022-07-13,04:45,20.6,16.1,77,SW,3.2,6.4,1020.66,0,0,0,0,,
2022-07-13,05:00,20.8,15.6,74,NORTH,0,4.8,1020.73,0,0,0,0,,
2022-07-13,05:15,21.2,15.6,71,SW,3.2,3.2,1020.66,0,0,0,0,,
2022-07-13,05:30,20.9,15,69,SW,3.2,6.4,1020.66,0,0,0,0,,
2022-07-13,05:45,20.8,14.4,68,NORTH,0,4.8,1020.56,0,0,0,0,,
2022-07-13,06:00,20.2,14.4,69,SW,1.6,3.2,1020.76,0,0,0,0,,
2022-07-13,06:15,20.3,15,72,SW,1.6,3.2,1020.66,0,0,0,0,,
2022-07-13,06:30,20.1,14.4,70,NORTH,0,3.2,1020.83,0,0,0,12,,
2022-07-13,06:45,20.4,13.9,67,SW,1.6,4.8,1020.76,0,0,0,49,,
2022-07-13,07:00,21.7,16.1,70,NORTH,0,4.8,1020.83,0,0,0,84,,
2022-07-13,07:15,22.4,16.1,69,NORTH,0,3.2,1020.93,0,0,0,121,,
2022-07-13,07:30,23.1,16.1,65,NORTH,0,3.2,1021.2,0,0,0,185,,
2022-07-13,07:45,23.6,16.7,66,NORTH,0,1.6,1021.2,0,0,0,232,,
2022-07-13,08:00,24.3,15.6,60,SW,1.6,3.2,1021.4,0,0,1,278,,
2022-07-13,08:15,24.3,16.7,62,SW,1.6,4.8,1021.54,0,0,1,269,,
2022-07-13,08:30,25.2,15.6,56,NORTH,0,3.2,1021.64,0,0,1,362,,
2022-07-13,08:45,26.9,15,48,WSW,3.2,6.4,1021.64,0,0,1,417,,
2022-07-13,09:00,27.5,14.4,44,ESE,9.7,11.3,1021.64,0,0,2,464,,
2022-07-13,09:15,27.8,13.3,41,SE,4.8,11.3,1021.67,0,0,2,503,,
2022-07-13,09:30,27.8,12.8,40,SE,12.9,14.5,1021.78,0,0,2,513,,
2022-07-13,18:30,28.7,15,43,WNW,19.3,32.2,1021.5,0,0,1,309,,
2022-07-13,18:45,28.6,16.1,47,NE,16.1,27.4,1021.61,0,0,1,257,,
2022-07-13,19:00,28.4,16.1,48,WNW,12.9,22.5,1021.71,0,0,1,214,,
2022-07-13,19:15,28.3,14.4,44,WEST,19.3,20.9,1021.74,0,0,0,163,,
2022-07-13,19:30,27.9,15,46,WEST,4.8,27.4,1021.64,0,0,0,121,,
2022-07-13,19:45,27.8,15,47,WNW,16.1,22.5,1021.91,0,0,0,102,,
2022-07-13,20:00,27.6,15.6,48,WNW,17.7,25.7,1021.91,0,0,0,56,,
2022-07-13,20:15,27.2,15,48,WNW,8,24.1,1022.01,0,0,0,26,,
2022-07-13,20:30,26.9,15,48,WNW,14.5,16.1,1021.98,0,0,0,19,,
2022-07-13,20:45,26.6,14.4,49,WEST,1.6,12.9,1022.22,0,0,0,0,,
2022-07-13,21:00,26.1,15,50,NORTH,0,4.8,1022.28,0,0,0,0,,
2022-07-13,21:15,25.8,15,51,NORTH,0,3.2,1022.35,0,0,0,0,,
2022-07-13,21:30,25.2,15,53,WEST,3.2,4.8,1022.49,0,0,0,0,,
2022-07-13,21:45,25.1,15.6,56,WSW,4.8,6.4,1022.69,0,0,0,0,,
2022-07-13,22:00,25,16.7,59,SOUTH,3.2,8,1022.86,0,0,0,0,,
2022-07-13,22:15,24.8,17.2,64,SSE,6.4,12.9,1022.99,0,0,0,0,,
2022-07-13,22:30,24.6,17.8,66,SE,6.4,12.9,1023.16,0,0,0,0,,
2022-07-13,22:45,24.3,17.8,68,SE,8,14.5,1023.16,0,0,0,0,,
2022-07-13,23:00,24,18.3,71,SE,8,16.1,1023.1,0,0,0,0,,
2022-07-13,23:15,23.8,18.3,72,SE,8,14.5,1023.2,0,0,0,0,,
2022-07-13,23:30,23.7,18.3,73,ESE,12.9,16.1,1023.27,0,0,0,0,,
2022-07-13,23:45,23.7,18.3,74,ESE,12.9,16.1,1023.43,0,0,0,0,,
2022-07-13,OVR,,,,,,,,,,,,gustmax,45.1
2022-07-13,OVR,,,,,,,,,,,,rainrate_max,0
2022-07-13,OVR,,,,,,,,,,,,rain_total_mm,0
2022-07-13,OVR,,,,,,,,,,,,tmax,33.6
2022-07-13,OVR,,,,,,,,,,,,tmin,19.6
2022-07-13,OVR,,,,,,,,,,,,wind_dir_mean_deg,292.5
2022-07-14,00:00,23.6,18.3,73,ESE,12.9,16.1,1023.27,0,0,0,0,,
2022-07-14,00:15,23.4,18.3,73,ESE,6.4,12.9,1023.23,0,0,0,0,,
2022-07-14,00:30,23.3,18.3,75,ESE,11.3,14.5,1023.27,0,0,0,0,,
2022-07-14,00:45,23.2,18.9,78,ESE,11.3,14.5,1023.1,0,0,0,0,,
2022-07-14,01:00,22.8,19.4,81,SE,6.4,12.9,1023.06,0,0,0,0,,
2022-07-14,01:15,22.8,20,84,SE,8,14.5,1022.86,0,0,0,0,,
2022-07-14,01:30,22.7,20,86,SE,11.3,14.5,1022.82,0,0,0,0,,
2022-07-14,01:45,22.6,20,85,ESE,11.3,14.5,1022.86,0,0,0,0,,
2022-07-14,02:00,22.7,20,86,ESE,11.3,16.1,1022.62,0,0,0,0,,
2022-07-14,02:15,22.5,20,87,ESE,1.6,12.9,1022.82,0,0,0,0,,
2022-07-14,02:30,22,19.4,87,NORTH,0,3.2,1022.86,0,0,0,0,,
2022-07-14,02:45,21.7,19.4,87,ESE,1.6,1.6,1022.76,0,0,0,0,,
2022-07-14,03:00,21.4,18.9,87,NORTH,0,3.2,1022.69,0,0,0,0,,
2022-07-14,03:15,21.1,18.9,88,NORTH,0,3.2,1022.62,0,0,0,0,,
2022-07-14,03:30,20.9,18.9,89,ESE,1.6,3.2,1022.49,0,0,0,0,,
2022-07-14,03:45,21.1,18.9,89,ESE,1.6,3.2,1022.45,0,0,0,0,,
2022-07-14,04:00,21.1,18.9,88,ESE,1.6,3.2,1022.25,0,0,0,0,,
2022-07-14,04:15,20.8,18.9,89,NORTH,0,4.8,1022.18,0,0,0,0,,
2022-07-14,04:30,21,18.9,90,ESE,1.6,4.8,1022.08,0,0,0,0,,
2022-07-14,04:45,21.1,19.4,91,ESE,3.2,4.8,1022.01,0,0,0,0,,
2022-07-14,05:00,21.2,19.4,91,ESE,3.2,6.4,1022.05,0,0,0,0,,
2022-07-14,05:15,21.1,19.4,91,ESE,3.2,4.8,1022.01,0,0,0,0,,
2022-07-14,05:30,20.8,18.9,91,ESE,1.6,9.7,1022.15,0,0,0,0,,
2022-07-14,05:45,20.9,19.4,91,ESE,3.2,9.7,1022.08,0,0,0,0,,
2022-07-14,06:00,20.8,18.9,90,ESE,1.6,6.4,1022.01,0,0,0,0,,
2022-07-14,06:15,20.7,18.9,91,NORTH,0,4.8,1022.18,0,0,0,0,,
2022-07-14,06:30,20.9,18.9,90,ESE,4.8,9.7,1022.18,0,0,0,12,,
2022-07-14,06:45,21.2,19.4,90,ESE,4.8,4.8,1022.11,0,0,0,39,,
2022-07-14,07:00,21.3,19.4,91,ESE,3.2,6.4,1022.22,0,0,0,72,,
2022-07-14,07:15,21.9,20,91,ESE,1.6,6.4,1022.28,0,0,0,109,,
2022-07-14,07:30,22.3,20.6,90,NORTH,0,4.8,1022.28,0,0,0,167,,
2022-07-14,07:45,22.7,20,86,NORTH,0,0,1022.45,0,0,0,214,,
2022-07-14,08:00,23.1,20,85,ESE,1.6,3.2,1022.38,0,0,1,258,,
2022-07-14,08:15,23.5,20.6,84,ESE,1.6,3.2,1022.35,0,0,1,253,,
2022-07-14,08:30,23.8,20.6,82,ESE,1.6,4.8,1022.32,0,0,1,346,,
2022-07-14,08:45,24.5,21.1,81,NORTH,0,9.7,1022.59,0,0,1,388,,
2022-07-14,09:00,24.5,20.6,80,ESE,3.2,6.4,1022.35,0,0,1,431,,
2022-07-14,09:15,24.8,21.1,80,ESE,1.6,9.7,1022.45,0,0,2,468,,
2022-07-14,09:30,24.9,20.6,77,ESE,1.6,6.4,1022.45,0,0,2,480,,
2022-07-14,09:45,25.6,20.6,74,ESE,4.8,6.4,1022.38,0,0,2,454,,
2022-07-14,10:00,26.1,20,71,WSW,3.2,12.9,1022.25,0,0,3,439,,
2022-07-14,10:15,26.3,20,70,SSE,9.7,8,1022.18,0,0,3,482,,
2022-07-14,10:30,26.7,20,67,SSE,1.6,14.5,1022.22,0,0,3,657,,
2022-07-14,10:45,27.3,19.4,64,NORTH,0,16.1,1022.11,0,0,4,726,,
2022-07-14,11:00,27.9,18.3,57,SSE,4.8,11.3,1022.11,0,0,4,754,,
2022-07-14,11:15,28.3,17.8,53,NORTH,0,12.9,1022.01,0,0,4,784,,
2022-07-14,11:30,28.8,17.8,51,NORTH,0,19.3,1022.11,0,0,5,809,,
2022-07-14,11:45,28.7,17.2,51,ESE,1.6,17.7,1022.01,0,0,5,833,,
2022-07-14,12:00,29.2,16.7,48,SSE,8,17.7,1021.98,0,0,5,858,,
2022-07-14,12:15,29.5,16.7,46,SSE,4.8,17.7,1021.71,0,0,6,877,,
2022-07-14,12:30,29.9,16.1,44,SE,11.3,17.7,1021.67,0,0,6,896,,
2022-07-14,12:45,30,16.7,45,SE,6.4,17.7,1021.47,0,0,6,905,,
2022-07-14,13:00,30.4,16.7,44,SSE,6.4,14.5,1021.44,0,0,6,914,,
2022-07-14,13:15,31.2,16.1,41,SSE,9.7,16.1,1021.27,0,0,6,926,,
2022-07-14,13:30,30.7,15.6,40,SSE,1.6,19.3,1021.2,0,0,6,930,,
2022-07-14,13:45,31.7,15.6,38,SE,6.4,17.7,1021,0,0,6,947,,
2022-07-14,14:00,31.9,18.3,45,WEST,14.5,20.9,1021.06,0,0,6,953,,
2022-07-14,14:15,31.1,18.9,49,WNW,17.7,35.4,1021.2,0,0,6,933,,
2022-07-14,14:30,31,19.4,50,WNW,14.5,37,1020.86,0,0,6,882,,
2022-07-14,14:45,31,19.4,50,WEST,20.9,43.5,1020.66,0,0,6,863,,
2022-07-14,15:00,30.8,18.9,49,WEST,9.7,30.6,1020.79,0,0,5,844,,
2022-07-14,15:15,30.4,19.4,53,WEST,20.9,41.8,1020.73,0,0,5,814,,
2022-07-14,15:30,29.9,20,55,WNW,20.9,46.7,1020.79,0,0,5,788,,
2022-07-14,15:45,29.8,20,56,WEST,14.5,37,1020.66,0,0,4,751,,
2022-07-14,16:00,29.2,20.6,60,WEST,24.1,43.5,1020.59,0,0,4,696,,
2022-07-14,16:15,28.8,20.6,62,WEST,37,37,1020.66,0,0,3,656,,
2022-07-14,16:30,28.5,20.6,63,WNW,33.8,41.8,1020.56,0,0,3,642,,
2022-07-14,16:45,28.2,20.6,64,WNW,19.3,41.8,1020.56,0,0,3,603,,
2022-07-14,17:00,28.3,20.6,64,WNW,25.7,35.4,1020.42,0,0,2,570,,
2022-07-14,17:15,28.4,20.6,64,WNW,24.1,37,1020.52,0,0,2,631,,
2022-07-14,17:30,27.9,20.6,64,WEST,16.1,38.6,1020.32,0,0,2,564,,
2022-07-14,17:45,27.7,20.6,66,WNW,22.5,38.6,1020.25,0,0,1,255,,
2022-07-14,18:00,27,20.6,70,WEST,19.3,41.8,1020.25,0,0,1,244,,
2022-07-14,18:15,27.1,20.6,69,WNW,17.7,35.4,1020.01,0,0,1,448,,
2022-07-14,18:30,27.4,20.6,68,WNW,14.5,27.4,1019.81,0,0,1,376,,
2022-07-14,18:45,27.1,20.6,68,WEST,20.9,29,1019.84,0,0,1,346,,
2022-07-14,19:00,26.9,20.6,69,NW,14.5,27.4,1019.68,0,0,0,225,,
2022-07-14,19:15,26.5,20.6,70,WNW,14.5,27.4,1019.91,0,0,0,176,,
2022-07-14,19:30,26.5,20,69,WNW,16.1,27.4,1019.98,0,0,0,65,,
2022-07-14,19:45,26,20,70,WNW,19.3,25.7,1019.81,0,0,0,81,,
2022-07-14,20:00,26.1,20,70,WEST,16.1,27.4,1019.81,0,0,0,62,,
2022-07-14,20:15,25.9,20,70,WEST,20.9,25.7,1019.78,0,0,0,19,,
2022-07-14,20:30,25.6,19.4,70,NW,8,20.9,1019.91,0,0,0,11,,
2022-07-14,20:45,25.5,18.9,67,WNW,11.3,17.7,1019.84,0,0,0,0,,
2022-07-14,21:00,25.5,18.9,67,WNW,8,16.1,1019.84,0,0,0,0,,
2022-07-14,21:15,25.4,19.4,70,WNW,3.2,12.9,1019.64,0,0,0,0,,
2022-07-14,21:30,25.2,20,73,NORTH,0,8,1019.84,0,0,0,0,,
2022-07-14,21:45,24.8,20,77,WNW,3.2,4.8,1020.01,0,0,0,0,,
2022-07-14,22:00,24.7,20.6,79,WNW,4.8,6.4,1020.05,0,0,0,0,,
2022-07-14,22:15,24.6,20.6,79,NORTH,0,6.4,1019.98,0,0,0,0,,
2022-07-14,22:30,24.6,20.6,78,NORTH,0,4.8,1019.91,0,0,0,0,,
2022-07-14,22:45,24.4,20.6,80,WNW,4.8,12.9,1020.15,0,0,0,0,,
2022-07-14,23:00,24.1,20.6,82,NORTH,0,8,1020.08,0,0,0,0,,
2022-07-14,23:15,23.8,20.6,83,NORTH,0,3.2,1019.84,0,0,0,0,,
2022-07-14,23:30,23.5,20.6,84,WEST,1.6,3.2,1019.81,0,0,0,0,,
2022-07-14,23:45,23,20,85,WEST,1.6,3.2,1019.81,0,0,0,0,,
2022-07-14,OVR,,,,,,,,,,,,gustmax,37
2022-07-14,OVR,,,,,,,,,,,,rainrate_max,0
2022-07-14,OVR,,,,,,,,,,,,rain_total_mm,0
2022-07-14,OVR,,,,,,,,,,,,tmax,32.1
2022-07-14,OVR,,,,,,,,,,,,tmin,20.6
2022-07-14,OVR,,,,,,,,,,,,wind_dir_mean_deg,180
2022-07-15,00:00,22.8,20,86,NORTH,0,3.2,1019.74,0,0,0,0,,
2022-07-15,00:15,23,20.6,86,NORTH,0,3.2,1019.81,0,0,0,0,,
2022-07-15,00:30,22.7,19.4,84,WEST,1.6,6.4,1019.74,0,0,0,0,,
2022-07-15,00:45,22.3,19.4,85,WEST,1.6,3.2,1019.68,0,0,0,0,,
2022-07-15,01:00,21.8,19.4,87,WEST,3.2,3.2,1019.51,0,0,0,0,,
2022-07-15,01:15,21.8,19.4,88,WEST,1.6,3.2,1019.34,0,0,0,0,,
2022-07-15,01:30,21.7,20,89,WEST,1.6,3.2,1019.37,0,0,0,0,,
2022-07-15,01:45,21.7,19.4,90,NORTH,0,3.2,1019.1,0,0,0,0,,
2022-07-15,02:00,21.2,19.4,90,WEST,1.6,1.6,1018.93,0,0,0,0,,
2022-07-15,02:15,21.6,19.4,89,NORTH,0,3.2,1019.07,0,0,0,0,,
2022-07-15,02:30,21.4,19.4,89,NORTH,0,1.6,1018.8,0,0,0,0,,
2022-07-15,02:45,21.6,19.4,90,NORTH,0,1.6,1018.66,0,0,0,0,,
2022-07-15,03:00,21.7,20,90,WEST,1.6,4.8,1018.46,0,0,0,0,,
2022-07-15,03:15,21.7,20,90,WEST,1.6,3.2,1018.42,0,0,0,0,,
2022-07-15,03:30,21.4,19.4,91,WEST,1.6,4.8,1018.35,0,0,0,0,,
2022-07-15,03:45,21.4,20,91,NORTH,0,1.6,1018.22,0,0,0,0,,
2022-07-15,04:00,21.3,19.4,91,NORTH,0,3.2,1018.12,0,0,0,0,,
2022-07-15,04:15,21.2,19.4,92,WEST,3.2,4.8,1018.19,0,0,0,0,,
2022-07-15,04:30,21.2,19.4,90,WEST,1.6,3.2,1017.98,0,0,0,0,,
2022-07-15,04:45,20.7,18.9,91,WEST,1.6,3.2,1017.91,0,0,0,0,,
2022-07-15,05:00,20.9,19.4,91,WEST,3.2,3.2,1017.85,0,0,0,0,,
2022-07-15,05:15,21.1,19.4,91,WEST,1.6,3.2,1017.85,0,0,0,0,,
2022-07-15,05:30,21.3,19.4,90,WEST,3.2,4.8,1017.68,0,0,0,0,,
2022-07-15,05:45,21.3,19.4,91,NORTH,0,4.8,1017.64,0,0,0,0,,
2022-07-15,06:00,21.1,19.4,91,WEST,3.2,4.8,1017.78,0,0,0,0,,
2022-07-15,06:15,20.6,18.9,90,NORTH,0,3.2,1017.54,0,0,0,0,,
2022-07-15,06:30,20.3,18.3,90,WEST,3.2,6.4,1017.61,0,0,0,12,,
2022-07-15,06:45,20,18.3,90,WEST,3.2,4.8,1017.71,0,0,0,40,,
2022-07-15,07:00,20.8,18.9,89,WEST,1.6,4.8,1017.64,0,0,0,70,,
2022-07-15,07:15,21.8,18.9,86,NORTH,0,1.6,1017.71,0,0,0,111,,
2022-07-15,07:30,22.2,18.9,83,WEST,1.6,4.8,1018.05,0,0,0,169,,
2022-07-15,07:45,22.2,18.9,83,NORTH,0,6.4,1018.12,0,0,0,216,,
2022-07-15,08:00,22.8,19.4,81,WEST,3.2,6.4,1017.95,0,0,0,260,,
2022-07-15,08:15,23.5,19.4,79,WEST,3.2,4.8,1017.98,0,0,1,250,,
2022-07-15,08:30,23.9,19.4,77,WEST,3.2,4.8,1018.05,0,0,1,352,,
2022-07-15,08:45,24.6,18.9,72,WEST,3.2,6.4,1017.95,0,0,1,399,,
2022-07-15,09:00,25,18.9,70,WNW,6.4,11.3,1018.02,0,0,1,443,,
2022-07-15,09:15,25.8,19.4,68,WNW,4.8,8,1017.98,0,0,2,476,,
2022-07-15,09:30,26.6,19.4,65,WNW,4.8,11.3,1017.91,0,0,2,475,,
2022-07-15,09:45,26.9,19.4,64,NW,6.4,11.3,1018.02,0,0,2,462,,
2022-07-15,10:00,27.2,19.4,62,NW,6.4,9.7,1017.98,0,0,3,485,,
2022-07-15,10:15,27.6,18.9,60,NW,3.2,9.7,1017.85,0,0,3,570,,
2022-07-15,10:30,28.1,19.4,61,NW,4.8,9.7,1017.91,0,0,3,677,,
2022-07-15,10:45,28.3,20.6,63,WEST,16.1,17.7,1018.02,0,0,4,722,,
2022-07-15,11:00,28.6,20,60,WNW,4.8,20.9,1018.02,0,0,4,759,,
2022-07-15,11:15,29.1,20.6,60,WNW,8,16.1,1017.98,0,0,4,789,,
2022-07-15,11:30,29.4,19.4,55,WEST,12.9,22.5,1017.91,0,0,5,817,,
2022-07-15,11:45,29.8,19.4,54,WEST,16.1,20.9,1017.85,0,0,5,847,,
2022-07-15,12:00,30.5,19.4,52,WNW,6.4,17.7,1017.85,0,0,5,868,,
2022-07-15,12:15,31.2,18.9,48,NW,12.9,20.9,1017.81,0,0,6,893,,
2022-07-15,12:30,31.2,18.3,47,WEST,11.3,30.6,1017.78,0,0,6,907,,
2022-07-15,12:45,31.6,18.3,46,WNW,16.1,27.4,1017.68,0,0,6,912,,
2022-07-15,13:00,31.6,18.3,45,WNW,14.5,27.4,1017.34,0,0,6,926,,
2022-07-15,13:15,31.6,18.9,48,WEST,22.5,24.1,1017.34,0,0,6,919,,
2022-07-15,13:30,31.6,19.4,49,WNW,20.9,30.6,1017.34,0,0,6,918,,
2022-07-15,13:45,31.4,18.9,47,WNW,8,30.6,1017.37,0,0,6,912,,
2022-07-15,14:00,31.7,17.8,44,WEST,25.7,38.6,1017.31,0,0,6,904,,
2022-07-15,14:15,32.1,16.1,38,WNW,11.3,27.4,1017.1,0,0,6,893,,
2022-07-15,14:30,32.1,17.8,42,WNW,22.5,37,1017.03,0,0,6,874,,
2022-07-15,14:45,32,17.2,42,WEST,25.7,30.6,1017,0,0,5,856,,
2022-07-15,15:00,32,18.3,44,WEST,22.5,38.6,1017.03,0,0,5,835,,
2022-07-15,15:15,31.7,16.1,40,WEST,12.9,33.8,1017.07,0,0,5,812,,
2022-07-15,15:30,31.8,18.3,44,NW,25.7,37,1017.07,0,0,5,780,,
2022-07-15,15:45,31.3,17.2,44,WNW,16.1,40.2,1017.14,0,0,4,754,,
2022-07-15,16:00,30.9,18.3,47,WEST,14.5,40.2,1017.07,0,0,4,721,,
2022-07-15,16:15,30.6,17.8,47,WEST,27.4,38.6,1017.07,0,0,4,687,,
2022-07-15,16:30,30.1,18.3,50,ENE,20.9,40.2,1017.07,0,0,3,654,,
2022-07-15,16:45,29.8,17.8,48,WEST,24.1,32.2,1017.14,0,0,3,612,,
2022-07-15,17:00,29.2,17.8,51,WEST,22.5,43.5,1017.17,0,0,3,578,,
2022-07-15,17:15,29.1,17.8,51,NNW,29,37,1017.17,0,0,2,533,,
2022-07-15,17:30,28.9,17.2,50,WNW,24.1,41.8,1017.14,0,0,2,487,,
2022-07-15,17:45,28.8,18.3,53,NNW,24.1,35.4,1017.07,0,0,2,438,,
2022-07-15,18:00,28.4,18.3,55,ENE,16.1,41.8,1016.93,0,0,1,388,,
2022-07-15,18:15,28.2,18.3,56,WEST,16.1,35.4,1016.93,0,0,1,348,,
2022-07-15,18:30,27.8,17.8,56,WEST,22.5,37,1017.03,0,0,1,302,,
2022-07-15,18:45,27.6,18.9,60,WNW,17.7,37,1017.1,0,0,1,258,,
2022-07-15,19:00,27.2,18.9,61,WEST,24.1,45.1,1017.2,0,0,0,213,,
2022-07-15,19:15,26.9,18.9,63,WEST,20.9,37,1017.31,0,0,0,165,,
2022-07-15,19:30,26.7,19.4,66,WEST,22.5,29,1017.24,0,0,0,118,,
2022-07-15,19:45,26.5,19.4,65,WEST,19.3,32.2,1017.27,0,0,0,77,,
2022-07-15,20:00,26.1,19.4,67,WNW,19.3,37,1017.17,0,0,0,46,,
2022-07-15,20:15,25.8,18.9,67,WEST,16.1,27.4,1017.2,0,0,0,21,,
2022-07-15,20:30,25.3,19.4,70,WNW,17.7,30.6,1017.07,0,0,0,14,,
2022-07-15,20:45,25,19.4,71,ENE,17.7,25.7,1017.17,0,0,0,0,,
2022-07-15,21:00,24.6,18.9,73,WEST,9.7,20.9,1017.41,0,0,0,0,,
2022-07-15,21:15,24.4,19.4,75,WEST,6.4,22.5,1017.51,0,0,0,0,,
2022-07-15,21:30,24,20,78,WEST,9.7,17.7,1017.71,0,0,0,0,,
2022-07-15,21:45,23.8,20,80,WEST,11.3,14.5,1017.81,0,0,0,0,,
2022-07-15,22:00,23.7,20.6,82,WEST,3.2,11.3,1017.88,0,0,0,0,,
2022-07-15,22:15,23.6,20.6,83,NORTH,0,11.3,1018.15,0,0,0,0,,
2022-07-15,22:30,23.3,20.6,84,WEST,3.2,4.8,1018.29,0,0,0,0,,
2022-07-15,22:45,23.3,20,84,NORTH,0,3.2,1018.19,0,0,0,0,,
2022-07-15,23:00,23.2,20.6,86,WEST,1.6,12.9,1018.22,0,0,0,0,,
2022-07-15,23:15,23,20.6,87,NORTH,0,11.3,1018.22,0,0,0,0,,
2022-07-15,23:30,22.8,20.6,87,NORTH,0,4.8,1018.39,0,0,0,0,,
2022-07-15,23:45,23.1,21.1,88,WNW,4.8,12.9,1018.25,0,0,0,0,,
2022-07-15,OVR,,,,,,,,,,,,gustmax,29
2022-07-15,OVR,,,,,,,,,,,,rainrate_max,0
2022-07-15,OVR,,,,,,,,,,,,rain_total_mm,0
2022-07-15,OVR,,,,,,,,,,,,tmax,32.3
2022-07-15,OVR,,,,,,,,,,,,tmin,20
2022-07-15,OVR,,,,,,,,,,,,wind_dir_mean_deg,292.5
2022-07-16,00:00,23,21.1,89,WNW,4.8,12.9,1018.15,0,0,0,0,,
2022-07-16,00:15,22.8,20.6,89,NORTH,0,12.9,1018.29,0,0,0,0,,
2022-07-16,00:30,22.3,20.6,90,NORTH,0,1.6,1018.32,0,0,0,0,,
2022-07-16,00:45,22,20,90,NORTH,0,1.6,1018.39,0,0,0,0,,
2022-07-16,01:00,22.2,20.6,91,NORTH,0,3.2,1018.39,0,0,0,0,,
2022-07-16,01:15,22.3,21.1,92,WNW,1.6,1.6,1018.32,0,0,0,0,,
2022-07-16,01:30,22.3,21.1,93,NORTH,0,1.6,1018.29,0,0,0,0,,
2022-07-16,01:45,22,20.6,93,NORTH,0,1.6,1018.32,0,0,0,0,,
2022-07-16,02:00,21.9,20.6,93,NORTH,0,0,1018.22,0,0,0,0,,
2022-07-16,02:15,21.8,20.6,93,WNW,1.6,3.2,1018.25,0,0,0,0,,
2022-07-16,02:30,21.7,20.6,94,NORTH,0,3.2,1018.08,0,0,0,0,,
2022-07-16,02:45,21.8,20.6,94,WNW,3.2,3.2,1018.02,0,0,0,0,,
2022-07-16,03:00,21.5,20.6,94,WNW,1.6,3.2,1017.91,0,0,0,0,,
2022-07-16,03:15,20.8,19.4,94,WNW,1.6,3.2,1017.78,0,0,0,0,,
2022-07-16,03:30,19.8,18.3,93,WNW,1.6,4.8,1017.81,0,0,0,0,,
2022-07-16,03:45,19.4,18.3,93,WNW,3.2,3.2,1017.71,0,0,0,0,,
2022-07-16,04:00,19.6,17.8,91,WNW,1.6,3.2,1017.64,0,0,0,0,,
2022-07-16,04:15,19.8,18.3,91,WNW,3.2,3.2,1017.64,0,0,0,0,,
2022-07-16,04:30,20.3,18.3,90,WNW,1.6,3.2,1017.68,0,0,0,0,,
2022-07-16,04:45,20.4,18.3,89,WNW,1.6,3.2,1017.51,0,0,0,0,,
2022-07-16,05:00,21.1,18.3,87,NORTH,0,3.2,1017.41,0,0,0,0,,
2022-07-16,05:15,21.1,18.3,86,NORTH,0,3.2,1017.34,0,0,0,0,,
2022-07-16,05:30,20.7,18.3,87,WNW,1.6,3.2,1017.24,0,0,0,0,,
2022-07-16,05:45,21.1,18.3,86,WNW,1.6,3.2,1017.41,0,0,0,0,,
2022-07-16,06:00,21.1,18.3,85,WNW,1.6,3.2,1017.31,0,0,0,0,,
2022-07-16,06:15,20.7,18.3,86,NORTH,0,3.2,1017.31,0,0,0,0,,
2022-07-16,06:30,21.3,18.3,84,WNW,1.6,3.2,1017.27,0,0,0,14,,
2022-07-16,06:45,20.9,17.8,84,WNW,1.6,4.8,1017.68,0,0,0,35,,
2022-07-16,07:00,21.1,17.8,82,NORTH,0,4.8,1017.85,0,0,0,62,,
2022-07-16,07:15,21.4,17.8,80,NORTH,0,3.2,1017.75,0,0,0,102,,
2022-07-16,07:30,22.4,17.8,76,NW,3.2,6.4,1017.81,0,0,0,165,,
2022-07-16,07:45,22.9,17.8,73,NW,1.6,3.2,1017.78,0,0,0,214,,
2022-07-16,08:00,22.8,17.8,73,NW,3.2,6.4,1017.81,0,0,0,257,,
2022-07-16,08:15,23.6,17.8,71,NW,1.6,4.8,1017.71,0,0,1,246,,
2022-07-16,08:30,24.3,17.8,69,NW,1.6,4.8,1017.78,0,0,1,350,,
2022-07-16,08:45,25,18.3,66,NW,1.6,4.8,1017.85,0,0,1,397,,
2022-07-16,09:00,26.1,17.8,62,NW,1.6,4.8,1017.75,0,0,1,443,,
2022-07-16,09:15,26.7,17.2,57,NW,4.8,6.4,1017.78,0,0,2,475,,
2022-07-16,09:30,27.3,17.8,57,NW,11.3,11.3,1017.85,0,0,2,476,,
2022-07-16,09:45,27.8,16.7,51,WNW,6.4,12.9,1017.81,0,0,2,476,,
2022-07-16,10:00,,,,NORTH,,,1017.81,0,0,,,,
2022-07-16,10:15,29.1,15,43,NW,4.8,4.8,1018.02,0,0,,,,
2022-07-16,10:30,30.1,15,40,NW,3.2,9.7,1017.98,0,0,3,675,,
2022-07-16,10:45,29.9,16.7,45,WNW,1.6,17.7,1018.05,0,0,4,735,,
2022-07-16,11:00,31,16.7,42,WEST,11.3,12.9,1018.08,0,0,4,768,,
2022-07-16,11:15,30.7,16.1,42,WSW,1.6,14.5,1018.12,0,0,4,798,,
2022-07-16,11:30,31.2,16.7,42,WEST,3.2,16.1,1018.12,0,0,5,826,,
2022-07-16,11:45,31.7,16.1,39,WNW,3.2,22.5,1018.05,0,0,5,846,,
2022-07-16,12:00,32.3,15.6,36,WEST,14.5,19.3,1017.98,0,0,5,867,,
2022-07-16,12:15,32.7,15,35,WEST,12.9,19.3,1017.85,0,0,5,886,,
2022-07-16,12:30,32.9,14.4,33,WEST,11.3,22.5,1018.02,0,0,6,904,,
2022-07-16,12:45,33.4,13.9,31,WSW,16.1,16.1,1018.02,0,0,6,912,,
2022-07-16,13:00,33.3,13.3,30,WEST,4.8,29,1018.15,0,0,6,923,,
2022-07-16,13:15,33.5,13.3,30,WEST,22.5,32.2,1017.85,0,0,6,921,,
2022-07-16,13:30,33.5,13.9,31,WEST,24.1,24.1,1017.78,0,0,6,923,,
2022-07-16,13:45,33.6,15.6,34,WSW,12.9,29,1017.91,0,0,6,919,,
2022-07-16,14:00,33.1,14.4,33,WNW,19.3,25.7,1018.05,0,0,6,909,,
2022-07-16,14:15,33.3,13.9,31,WEST,24.1,25.7,1018.02,0,0,6,900,,
2022-07-16,14:30,33.1,14.4,32,WEST,16.1,27.4,1017.91,0,0,6,886,,
2022-07-16,14:45,33.3,13.9,31,NE,9.7,30.6,1017.95,0,0,5,867,,
2022-07-16,15:00,33.3,13.9,31,EAST,17.7,37,1017.95,0,0,5,846,,
2022-07-16,15:15,33.2,14.4,32,WEST,11.3,35.4,1017.98,0,0,5,823,,
2022-07-16,15:30,32.7,14.4,33,WNW,20.9,40.2,1017.88,0,0,5,798,,
2022-07-16,15:45,32.6,16.1,37,WEST,14.5,33.8,1017.85,0,0,4,770,,
2022-07-16,16:00,32.2,15,36,WNW,25.7,38.6,1017.75,0,0,4,737,,
2022-07-16,16:15,32.2,15,35,WEST,32.2,37,1017.68,0,0,4,698,,
2022-07-16,16:30,31.9,15,36,WNW,19.3,43.5,1017.68,0,0,3,663,,
2022-07-16,16:45,31.6,13.9,35,WNW,14.5,38.6,1017.78,0,0,3,624,,
2022-07-16,17:00,31.4,11.1,29,WEST,22.5,37,1017.91,0,0,3,589,,
2022-07-16,17:15,31.2,14.4,36,WNW,40.2,45.1,1017.85,0,0,2,540,,
2022-07-16,17:30,31,14.4,36,WNW,22.5,38.6,1017.88,0,0,2,503,,
2022-07-16,17:45,30.7,15,38,WEST,19.3,32.2,1017.88,0,0,1,473,,
2022-07-16,18:00,30.3,15,40,ENE,11.3,40.2,1017.68,0,0,1,427,,
2022-07-16,18:15,29.6,15.6,43,WEST,20.9,38.6,1017.75,0,0,1,336,,
2022-07-16,18:30,28.9,17.2,49,EAST,16.1,40.2,1017.78,0,0,1,276,,
2022-07-16,18:45,28.3,18.3,56,NE,24.1,30.6,1017.81,0,0,1,246,,
2022-07-16,19:00,28,18.9,58,WNW,22.5,38.6,1017.85,0,0,0,206,,
2022-07-16,19:15,27.9,18.9,59,WEST,17.7,29,1017.85,0,0,0,163,,
2022-07-16,19:30,27.7,19.4,62,WEST,20.9,27.4,1017.85,0,0,0,120,,
2022-07-16,19:45,27.3,20,64,WEST,14.5,27.4,1017.95,0,0,0,81,,
2022-07-16,20:00,26.9,20.6,68,WEST,11.3,25.7,1017.75,0,0,0,49,,
2022-07-16,20:15,26.6,20.6,70,WEST,11.3,19.3,1017.88,0,0,0,25,,
2022-07-16,20:30,26.2,20.6,73,WNW,11.3,17.7,1017.98,0,0,0,16,,
2022-07-16,20:45,25.8,21.1,75,NORTH,0,14.5,1017.95,0,0,0,0,,
2022-07-16,21:00,25.2,20.6,78,NORTH,0,6.4,1018.12,0,0,0,0,,
2022-07-16,21:15,24.9,21.1,80,SW,3.2,4.8,1018.12,0,0,0,0,,
2022-07-16,21:30,24.9,21.1,80,WSW,3.2,8,1018.39,0,0,0,0,,
2022-07-16,21:45,24.7,21.1,81,WNW,3.2,11.3,1018.56,0,0,0,0,,
2022-07-16,22:00,24.2,20.6,82,NORTH,0,8,1018.8,0,0,0,0,,
2022-07-16,22:15,23.8,20.6,84,NORTH,0,3.2,1018.93,0,0,0,0,,
2022-07-16,22:30,23.6,20.6,85,NORTH,0,6.4,1019.13,0,0,0,0,,
2022-07-16,22:45,23.1,20.6,86,WNW,1.6,4.8,1019.2,0,0,0,0,,
2022-07-16,23:00,22.8,20.6,88,WNW,3.2,3.2,1019.2,0,0,0,0,,
2022-07-16,23:15,22.7,20.6,89,NORTH,0,1.6,1019.3,0,0,0,0,,
2022-07-16,23:30,22.6,20.6,90,WNW,1.6,3.2,1019.13,0,0,0,0,,
2022-07-16,23:45,22.1,20,90,NORTH,0,3.2,1019.3,0,0,0,0,,
2022-07-16,OVR,,,,,,,,,,,,gustmax,40.2
2022-07-16,OVR,,,,,,,,,,,,rainrate_max,0
2022-07-16,OVR,,,,,,,,,,,,rain_total_mm,0
2022-07-16,OVR,,,,,,,,,,,,tmax,33.7
2022-07-16,OVR,,,,,,,,,,,,tmin,19.4
2022-07-16,OVR,,,,,,,,,,,,wind_dir_mean_deg,292.5
2022-07-17,00:00,22.1,20.6,91,WNW,1.6,4.8,1019.3,0,0,0,0,,
2022-07-17,00:15,21.7,20,90,WNW,4.8,4.8,1019.27,0,0,0,0,,
2022-07-17,00:30,21.7,20,90,WNW,3.2,4.8,1019.24,0,0,0,0,,
2022-07-17,00:45,21.7,19.4,90,WNW,3.2,6.4,1019.37,0,0,0,0,,
2022-07-17,01:00,21.8,20,90,NORTH,0,6.4,1019.24,0,0,0,0,,
2022-07-17,01:15,21.7,20,90,WNW,4.8,4.8,1019.3,0,0,0,0,,
2022-07-17,01:30,21.3,19.4,91,WNW,1.6,4.8,1019.17,0,0,0,0,,
2022-07-17,01:45,21.5,19.4,90,WNW,1.6,3.2,1019.2,0,0,0,0,,
2022-07-17,02:00,22.6,20,85,WNW,3.2,4.8,1019.17,0,0,0,0,,
2022-07-17,02:15,22.9,19.4,81,WNW,1.6,4.8,1019.07,0,0,0,0,,
2022-07-17,02:30,21.8,18.9,84,NORTH,0,3.2,1018.96,0,0,0,0,,
2022-07-17,02:45,22.6,19.4,83,NORTH,0,3.2,1019,0,0,0,0,,
2022-07-17,03:00,21.7,18.9,84,WNW,1.6,3.2,1018.83,0,0,0,0,,
2022-07-17,03:15,22.2,18.3,81,WNW,1.6,4.8,1018.86,0,0,0,0,,
2022-07-17,03:30,21.7,17.8,80,NORTH,0,3.2,1018.56,0,0,0,0,,
2022-07-17,03:45,21.7,17.8,80,NORTH,0,3.2,1018.73,0,0,0,0,,
2022-07-17,04:00,21.8,17.8,78,NORTH,0,3.2,1018.76,0,0,0,0,,
2022-07-17,04:15,21.5,17.8,80,WNW,1.6,1.6,1018.8,0,0,0,0,,
2022-07-17,04:30,21.6,17.8,80,WNW,3.2,3.2,1018.8,0,0,0,0,,
2022-07-17,04:45,22.9,17.2,72,WNW,1.6,3.2,1018.63,0,0,0,0,,
2022-07-17,05:00,23.1,17.2,71,NORTH,0,3.2,1018.56,0,0,0,0,,
2022-07-17,05:15,23,17.2,71,WNW,1.6,3.2,1018.49,0,0,0,0,,
2022-07-17,05:30,23,17.2,71,WNW,1.6,3.2,1018.42,0,0,0,0,,
2022-07-17,05:45,22.4,16.7,70,NORTH,0,3.2,1018.39,0,0,0,0,,
2022-07-17,06:00,22.3,16.1,69,WNW,1.6,3.2,1018.49,0,0,0,0,,
2022-07-17,06:15,22.3,17.2,73,NORTH,0,3.2,1018.52,0,0,0,0,,
2022-07-17,06:30,22.4,17.2,74,WNW,1.6,3.2,1018.66,0,0,0,14,,
2022-07-17,06:45,22.6,16.7,71,WNW,1.6,4.8,1018.9,0,0,0,39,,
2022-07-17,07:00,23.1,16.7,68,NORTH,0,3.2,1018.66,0,0,0,65,,
2022-07-17,07:15,23.2,16.7,67,NORTH,0,0,1018.73,0,0,0,107,,
2022-07-17,07:30,23.6,17.2,68,NORTH,0,0,1019.03,0,0,0,158,,
2022-07-17,07:45,24,17.8,68,NORTH,0,0,1018.96,0,0,0,207,,
2022-07-17,08:00,25,17.8,64,NORTH,0,0,1019.2,0,0,0,253,,
2022-07-17,08:15,26,17.8,61,NORTH,0,0,1019.2,0,0,1,243,,
2022-07-17,08:30,27.2,17.2,54,WNW,1.6,4.8,1019.13,0,0,1,346,,
2022-07-17,08:45,27.9,16.1,49,NW,3.2,6.4,1019.17,0,0,1,392,,
2022-07-17,09:00,28.6,16.1,47,NW,3.2,4.8,1019.2,0,0,1,438,,
2022-07-17,09:15,28,17.8,54,SOUTH,4.8,8,1019.24,0,0,2,473,,
2022-07-17,09:30,28.2,18.3,55,SOUTH,1.6,8,1019.27,0,0,2,473,,
2022-07-17,09:45,28.9,17.8,52,SSE,1.6,12.9,1019.17,0,0,2,464,,
2022-07-17,10:00,29.4,17.8,51,SSE,9.7,12.9,1019.44,0,0,2,478,,
2022-07-17,10:15,29.4,17.2,49,SE,14.5,14.5,1019.4,0,0,3,536,,
2022-07-17,10:30,30.2,17.8,47,SE,6.4,14.5,1019.47,0,0,3,671,,
2022-07-17,10:45,30.6,17.8,47,SSW,6.4,9.7,1019.4,0,0,3,722,,
2022-07-17,11:00,30.9,17.2,44,SOUTH,3.2,11.3,1019.57,0,0,4,754,,
2022-07-17,11:15,31.3,17.2,42,SE,6.4,14.5,1019.68,0,0,4,786,,
2022-07-17,11:30,31.8,16.7,41,SE,11.3,12.9,1019.71,0,0,4,812,,
2022-07-17,11:45,32.1,16.7,39,NORTH,0,16.1,1019.61,0,0,5,838,,
2022-07-17,12:00,32.5,16.1,38,SSE,1.6,17.7,1019.51,0,0,5,856,,
2022-07-17,12:15,32.7,16.1,38,SE,3.2,16.1,1019.78,0,0,5,868,,
2022-07-17,12:30,32.8,16.1,36,SE,6.4,22.5,1019.61,0,0,5,886,,
2022-07-17,12:45,33.3,15.6,35,NORTH,0,12.9,1019.64,0,0,6,896,,
2022-07-17,13:00,33.8,14.4,31,ESE,11.3,14.5,1019.61,0,0,6,904,,
2022-07-17,13:15,34.5,15,31,ESE,1.6,17.7,1019.68,0,0,6,905,,
2022-07-17,13:30,34.4,14.4,30,SE,14.5,22.5,1019.3,0,0,6,907,,
2022-07-17,13:45,34.4,14.4,30,SSE,1.6,16.1,1019.47,0,0,6,900,,
2022-07-17,14:00,34.8,15,31,SSW,3.2,20.9,1019.3,0,0,6,893,,
2022-07-17,14:15,34.7,15.6,32,WNW,29,38.6,1019.27,0,0,5,877,,
2022-07-17,14:30,34.4,15.6,33,WNW,25.7,32.2,1019.54,0,0,5,874,,
2022-07-17,14:45,34.1,16.7,35,WNW,11.3,27.4,1019.47,0,0,5,851,,
2022-07-17,15:00,33.3,16.7,37,WNW,24.1,37,1019.34,0,0,5,831,,
2022-07-17,15:15,33.3,15.6,34,WEST,27.4,41.8,1019.47,0,0,5,807,,
2022-07-17,15:30,33.1,15.6,35,WNW,22.5,38.6,1019.4,0,0,4,784,,
2022-07-17,15:45,32.8,16.7,38,WEST,22.5,43.5,1019.47,0,0,4,756,,
2022-07-17,16:00,32.6,17.8,41,WEST,20.9,37,1019.54,0,0,4,724,,
2022-07-17,16:15,32.7,18.3,42,WEST,22.5,30.6,1019.47,0,0,4,691,,
2022-07-17,16:30,31.6,18.3,45,WNW,24.1,37,1019.61,0,0,3,652,,
2022-07-17,16:45,31.6,17.2,43,WEST,27.4,38.6,1019.64,0,0,3,615,,
2022-07-17,17:00,31.4,18.3,45,WNW,12.9,32.2,1019.54,0,0,3,577,,
2022-07-17,17:15,31.4,17.2,43,WEST,20.9,32.2,1019.51,0,0,2,536,,
2022-07-17,17:30,31.1,17.8,45,WNW,29,37,1019.64,0,0,2,492,,
2022-07-17,17:45,30.9,18.3,48,WEST,22.5,30.6,1019.64,0,0,2,446,,
2022-07-17,18:00,30.5,16.7,43,WNW,22.5,37,1019.51,0,0,1,397,,
2022-07-17,18:15,30.1,17.8,47,WNW,20.9,30.6,1019.54,0,0,1,348,,
2022-07-17,18:30,29.9,17.2,47,NW,16.1,32.2,1019.51,0,0,1,302,,
2022-07-17,18:45,29.7,16.7,46,WEST,27.4,30.6,1019.68,0,0,1,255,,
2022-07-17,19:00,29.6,16.1,44,WEST,9.7,24.1,1019.57,0,0,0,211,,
2022-07-17,19:15,29.4,16.7,46,WEST,6.4,24.1,1019.57,0,0,0,163,,
2022-07-17,19:30,29.2,15.6,44,WSW,1.6,19.3,1019.64,0,0,0,118,,
2022-07-17,19:45,28.8,17.2,49,WEST,12.9,20.9,1019.71,0,0,0,77,,
2022-07-17,20:00,28.3,17.8,54,WSW,8,17.7,1019.81,0,0,0,46,,
2022-07-17,20:15,27.7,19.4,60,WSW,4.8,16.1,1019.84,0,0,0,23,,
2022-07-17,20:30,27.3,20,65,WEST,1.6,14.5,1019.88,0,0,0,14,,
2022-07-17,20:45,26.9,20.6,68,WSW,4.8,6.4,1020.01,0,0,0,0,,
2022-07-17,21:00,26.3,20.6,72,NORTH,0,6.4,1020.12,0,0,0,0,,
2022-07-17,21:15,25.8,20.6,74,WSW,1.6,3.2,1020.25,0,0,0,0,,
2022-07-17,21:30,24.9,20,76,WSW,1.6,4.8,1020.42,0,0,0,0,,
2022-07-17,21:45,24.6,20.6,80,WSW,1.6,4.8,1020.52,0,0,0,0,,
2022-07-17,22:00,24.9,19.4,74,WSW,3.2,4.8,1020.59,0,0,0,0,,
2022-07-17,22:15,24.8,20,76,SOUTH,9.7,11.3,1020.66,0,0,0,0,,
2022-07-17,22:30,24.7,20,76,SE,8,16.1,1020.83,0,0,0,0,,
2022-07-17,22:45,24.6,19.4,73,SE,11.3,12.9,1020.73,0,0,0,0,,
2022-07-17,23:00,24.7,18.9,70,SE,6.4,12.9,1020.79,0,0,0,0,,
2022-07-17,23:15,24.7,18.9,71,SE,8,12.9,1020.89,0,0,0,0,,
2022-07-17,23:30,24.4,18.9,72,SE,12.9,14.5,1020.86,0,0,0,0,,
2022-07-17,23:45,24.3,19.4,75,SE,16.1,17.7,1020.69,0,0,0,0,,
2022-07-17,OVR,,,,,,,,,,,,gustmax,29
2022-07-17,OVR,,,,,,,,,,,,rainrate_max,0
2022-07-17,OVR,,,,,,,,,,,,rain_total_mm,0
2022-07-17,OVR,,,,,,,,,,,,tmax,35.1
2022-07-17,OVR,,,,,,,,,,,,tmin,21.2
2022-07-17,OVR,,,,,,,,,,,,wind_dir_mean_deg,270
2022-07-18,00:00,24.1,19.4,76,SE,12.9,16.1,1020.79,0,0,0,0,,
2022-07-18,00:15,23.8,19.4,76,SE,12.9,16.1,1020.83,0,0,0,0,,
2022-07-18,00:30,23.9,20,79,SE,4.8,14.5,1020.96,0,0,0,0,,
2022-07-18,00:45,23.9,20,81,SE,11.3,16.1,1020.93,0,0,0,0,,
2022-07-18,01:00,23.8,20.6,82,SE,6.4,12.9,1020.83,0,0,0,0,,
2022-07-18,01:15,23.5,20,81,SE,4.8,8,1020.79,0,0,0,0,,
2022-07-18,01:30,22.9,19.4,82,SE,1.6,6.4,1020.56,0,0,0,0,,
2022-07-18,01:45,22.7,19.4,82,NORTH,0,6.4,1020.56,0,0,0,0,,
2022-07-18,02:00,22.9,18.9,80,SE,4.8,4.8,1020.56,0,0,0,0,,
2022-07-18,02:15,23.2,19.4,80,NORTH,0,6.4,1020.49,0,0,0,0,,
2022-07-18,02:30,23,19.4,81,SE,4.8,6.4,1020.22,0,0,0,0,,
2022-07-18,02:45,23,19.4,81,SE,6.4,8,1020.29,0,0,0,0,,
2022-07-18,03:00,22.9,19.4,81,SE,6.4,8,1020.12,0,0,0,0,,
2022-07-18,03:15,22.9,19.4,81,SE,3.2,8,1020.22,0,0,0,0,,
2022-07-18,03:30,22.8,19.4,82,SE,1.6,4.8,1020.18,0,0,0,0,,
2022-07-18,03:45,22.7,19.4,83,SE,4.8,4.8,1020.08,0,0,0,0,,
2022-07-18,04:00,22.8,19.4,82,NORTH,0,8,1020.25,0,0,0,0,,
2022-07-18,04:15,22.6,18.9,82,SE,1.6,3.2,1020.22,0,0,0,0,,
2022-07-18,04:30,22.4,18.9,81,SE,1.6,4.8,1020.18,0,0,0,0,,
2022-07-18,04:45,22.5,19.4,84,SE,1.6,6.4,1020.08,0,0,0,0,,
2022-07-18,05:00,22.9,20.6,88,SE,6.4,11.3,1020.01,0,0,0,0,,
2022-07-18,05:15,22.9,21.1,89,SE,6.4,11.3,1020.01,0,0,0,0,,
2022-07-18,05:30,22.9,21.1,90,SE,4.8,12.9,1020.12,0,0,0,0,,
2022-07-18,05:45,22.6,20.6,90,SE,6.4,4.8,1020.22,0,0,0,0,,
2022-07-18,06:00,22.9,21.1,90,SE,12.9,16.1,1020.12,0,0,0,0,,
2022-07-18,06:15,22.8,21.1,91,SE,1.6,8,1020.25,0,0,0,0,,
2022-07-18,06:30,22.9,21.7,92,ESE,9.7,12.9,1020.45,0,0,0,14,,
2022-07-18,06:45,22.9,21.7,93,SE,8,11.3,1020.45,0,0,0,26,,
2022-07-18,07:00,22.7,21.1,93,ESE,6.4,16.1,1020.52,0,0,0,44,,
2022-07-18,07:15,22.7,21.7,93,ESE,8,11.3,1020.66,0,0,0,60,,
2022-07-18,07:30,22.9,21.7,93,ESE,6.4,14.5,1020.56,0,0,0,172,,
2022-07-18,07:45,23.3,21.7,92,ESE,8,14.5,1020.59,0,0,0,214,,
2022-07-18,08:00,23.6,21.7,90,ESE,9.7,12.9,1020.45,0,0,0,257,,
2022-07-18,08:15,24,21.7,88,ESE,4.8,14.5,1020.66,0,0,1,246,,
2022-07-18,08:30,24.2,21.7,87,SE,4.8,14.5,1020.56,0,0,1,353,,
2022-07-18,08:45,24.4,21.7,85,SE,4.8,14.5,1020.59,0,0,1,394,,
2022-07-18,09:00,25,21.7,82,SE,8,12.9,1020.52,0,0,1,424,,
2022-07-18,09:15,25.6,20.6,75,ESE,4.8,14.5,1020.59,0,0,2,473,,
2022-07-18,09:30,26.8,20,67,SE,12.9,14.5,1020.56,0,0,2,473,,
2022-07-18,09:45,27,19.4,63,SE,6.4,12.9,1020.62,0,0,2,464,,
2022-07-18,10:00,28.2,18.9,58,SE,3.2,12.9,1020.62,0,0,3,471,,
2022-07-18,10:15,28.1,18.9,58,SE,1.6,19.3,1020.59,0,0,3,571,,
2022-07-18,10:30,29.2,18.3,52,SE,6.4,16.1,1020.56,0,0,3,577,,
2022-07-18,10:45,29.6,17.2,48,SE,16.1,19.3,1020.45,0,0,4,728,,
2022-07-18,11:00,29.8,19.4,54,SE,12.9,19.3,1020.66,0,0,4,754,,
2022-07-18,11:15,29.8,18.9,52,SE,9.7,17.7,1020.56,0,0,4,788,,
2022-07-18,11:30,30.2,18.9,51,SSE,9.7,24.1,1020.66,0,0,5,814,,
2022-07-18,11:45,30.7,18.3,48,SE,8,24.1,1020.59,0,0,5,837,,
2022-07-18,12:00,31.7,17.8,43,SE,8,22.5,1020.59,0,0,5,863,,
2022-07-18,12:15,31.2,17.2,44,SSE,1.6,20.9,1020.49,0,0,5,875,,
2022-07-18,12:30,31.7,17.8,43,SE,4.8,22.5,1020.39,0,0,6,889,,
2022-07-18,12:45,32.2,17.8,43,SE,11.3,19.3,1020.39,0,0,6,900,,
2022-07-18,13:00,32.1,17.8,43,SSE,16.1,24.1,1020.45,0,0,6,911,,
2022-07-18,13:15,32.8,17.2,40,SE,6.4,27.4,1020.35,0,0,6,914,,
2022-07-18,13:30,33.1,17.2,39,ESE,17.7,24.1,1020.01,0,0,6,916,,
2022-07-18,13:45,33.1,16.7,38,SE,16.1,22.5,1019.98,0,0,6,912,,
2022-07-18,14:00,32.8,16.7,39,SSE,1.6,24.1,1020.05,0,0,6,904,,
2022-07-18,14:15,32.9,17.2,40,SE,12.9,25.7,1019.88,0,0,6,895,,
2022-07-18,14:30,33.2,17.2,39,SE,4.8,24.1,1019.91,0,0,6,877,,
2022-07-18,14:45,33.1,17.2,39,SE,4.8,24.1,1019.84,0,0,5,860,,
2022-07-18,15:00,33.1,16.7,38,SSE,14.5,25.7,1019.64,0,0,5,838,,
2022-07-18,15:15,33.4,17.2,39,SE,16.1,27.4,1019.57,0,0,5,817,,
2022-07-18,15:30,33.6,17.2,37,SE,8,27.4,1019.64,0,0,5,789,,
2022-07-18,15:45,33.7,17.2,38,SE,20.9,27.4,1019.57,0,0,4,763,,
2022-07-18,16:00,33.8,17.2,38,SSE,11.3,20.9,1019.51,0,0,4,728,,
2022-07-18,16:15,33,21.7,51,SW,4.8,16.1,1019.34,0,0,4,687,,
2022-07-18,16:30,31.7,21.7,55,WNW,17.7,30.6,1019.64,0,0,3,652,,
2022-07-18,16:45,31.7,21.1,54,WEST,9.7,27.4,1019.34,0,0,3,612,,
2022-07-18,17:00,31.1,20.6,55,WNW,16.1,30.6,1019.34,0,0,3,573,,
2022-07-18,17:15,31.3,21.1,54,WNW,16.1,29,1019.4,0,0,2,527,,
2022-07-18,17:30,30.9,21.1,57,WEST,24.1,27.4,1019.37,0,0,2,485,,
2022-07-18,17:45,30.3,21.1,58,WEST,24.1,27.4,1019.4,0,0,2,436,,
2022-07-18,18:00,29.7,21.7,62,WNW,11.3,30.6,1019.44,0,0,1,390,,
2022-07-18,18:15,29.4,21.1,62,WNW,12.9,29,1019.37,0,0,1,343,,
2022-07-18,18:30,29.3,21.1,61,WNW,11.3,24.1,1019.17,0,0,1,297,,
2022-07-18,18:45,29.3,20.6,59,NORTH,8,33.8,1019.3,0,0,1,248,,
2022-07-18,19:00,28.9,20.6,61,SW,9.7,24.1,1019.3,0,0,0,207,,
2022-07-18,19:15,29.1,21.1,62,WSW,3.2,19.3,1019.37,0,0,0,160,,
2022-07-18,19:30,28.8,20.6,62,WNW,11.3,16.1,1019.27,0,0,0,113,,
2022-07-18,19:45,28.7,20.6,62,WEST,3.2,11.3,1019.44,0,0,0,74,,
2022-07-18,20:00,28.5,20,62,WSW,1.6,8,1019.51,0,0,0,42,,
2022-07-18,20:15,28.4,20,61,NORTH,0,3.2,1019.57,0,0,0,21,,
2022-07-18,20:30,28.2,20,61,NORTH,0,6.4,1019.71,0,0,0,12,,
2022-07-18,20:45,27.6,20,64,WSW,1.6,3.2,1019.91,0,0,0,0,,
2022-07-18,21:00,26.7,20,66,WSW,6.4,6.4,1019.91,0,0,0,0,,
2022-07-18,21:15,26.5,18.9,65,SOUTH,4.8,8,1020.01,0,0,0,0,,
2022-07-18,21:30,26.4,17.8,60,SSE,9.7,17.7,1020.12,0,0,0,0,,
2022-07-18,21:45,26.1,17.2,58,SSE,11.3,14.5,1019.98,0,0,0,0,,
2022-07-18,22:00,25.6,16.7,59,SE,6.4,14.5,1020.18,0,0,0,0,,
2022-07-18,22:15,25.6,16.7,58,SE,8,16.1,1020.18,0,0,0,0,,
2022-07-18,22:30,25.8,16.1,56,SE,11.3,16.1,1020.29,0,0,0,0,,
2022-07-18,22:45,25.7,16.1,55,SE,11.3,17.7,1020.29,0,0,0,0,,
2022-07-18,23:00,25.4,16.7,60,SE,11.3,17.7,1020.18,0,0,0,0,,
2022-07-18,23:15,25.2,17.2,62,ESE,8,14.5,1020.08,0,0,0,0,,
2022-07-18,23:30,25.6,16.7,57,ESE,8,16.1,1020.15,0,0,0,0,,
2022-07-18,23:45,25.4,15,54,ESE,11.3,14.5,1020.22,0,0,0,0,,
2022-07-18,OVR,,,,,,,,,,,,gustmax,24.1
2022-07-18,OVR,,,,,,,,,,,,rainrate_max,0
2022-07-18,OVR,,,,,,,,,,,,rain_total_mm,0
2022-07-18,OVR,,,,,,,,,,,,tmax,33.9
2022-07-18,OVR,,,,,,,,,,,,tmin,22.3
2022-07-18,OVR,,,,,,,,,,,,wind_dir_mean_deg,135
2022-07-19,00:00,25.8,13.3,47,ESE,11.3,14.5,1020.08,0,0,0,0,,
2022-07-19,00:15,25.8,13.9,48,ESE,12.9,16.1,1020.12,0,0,0,0,,
2022-07-19,00:30,26.1,12.8,44,ESE,16.1,19.3,1019.91,0,0,0,0,,
2022-07-19,00:45,26.2,12.2,42,ESE,14.5,20.9,1019.74,0,0,0,0,,
2022-07-19,01:00,26.2,12.2,42,ESE,16.1,19.3,1019.71,0,0,0,0,,
2022-07-19,01:15,25.9,12.8,45,SE,16.1,19.3,1019.68,0,0,0,0,,
2022-07-19,01:30,25.8,13.3,46,SE,11.3,17.7,1019.57,0,0,0,0,,
2022-07-19,01:45,25.6,13.9,49,ESE,16.1,19.3,1019.57,0,0,0,0,,
2022-07-19,02:00,25.6,13.9,48,ESE,17.7,19.3,1019.4,0,0,0,0,,
2022-07-19,02:30,25.4,14.4,51,ESE,14.5,17.7,1019.44,0,0,0,0,,
2022-07-19,02:45,25.3,15,53,ESE,12.9,16.1,1019.47,0,0,0,0,,
2022-07-19,03:00,25,15.6,55,SE,4.8,14.5,1019.34,0,0,0,0,,
2022-07-19,03:15,24.4,15,57,SE,6.4,11.3,1019.3,0,0,0,0,,
2022-07-19,03:30,24.5,14.4,55,ESE,11.3,11.3,1019.27,0,0,0,0,,
2022-07-19,03:45,24.9,13.9,51,ESE,9.7,12.9,1019.2,0,0,0,0,,
2022-07-19,04:00,25.1,13.3,48,ESE,8,12.9,1019.2,0,0,0,0,,
2022-07-19,04:15,25.1,12.8,46,ESE,9.7,14.5,1019.2,0,0,0,0,,
2022-07-19,04:30,24.5,12.8,48,ESE,3.2,6.4,1019.13,0,0,0,0,,
2022-07-19,04:45,23.8,15,59,ESE,3.2,9.7,1019.27,0,0,0,0,,
2022-07-19,05:00,23.1,14.4,60,ESE,3.2,6.4,1019.3,0,0,0,0,,
2022-07-19,05:15,22.6,14.4,61,ESE,1.6,4.8,1019.13,0,0,0,0,,
2022-07-19,05:30,22.9,14.4,60,ESE,3.2,6.4,1019.13,0,0,0,0,,
2022-07-19,05:45,23.1,15,60,ESE,6.4,11.3,1019.13,0,0,0,0,,
2022-07-19,06:00,24.3,13.3,51,ESE,11.3,11.3,1019.03,0,0,0,0,,
2022-07-19,06:15,24.7,12.8,48,ESE,9.7,12.9,1019,0,0,0,0,,
2022-07-19,06:30,24.8,12.8,47,ESE,6.4,11.3,1019.13,0,0,0,11,,
2022-07-19,06:45,24.4,13.9,52,ESE,6.4,11.3,1019.3,0,0,0,39,,
2022-07-19,07:00,24.9,13.9,50,ESE,9.7,12.9,1019.17,0,0,0,63,,
2022-07-19,07:15,25.2,13.3,49,ESE,9.7,14.5,1019.34,0,0,0,116,,
2022-07-19,07:30,25,13.9,50,ESE,6.4,11.3,1019.54,0,0,0,171,,
2022-07-19,07:45,25.3,13.9,50,ESE,3.2,11.3,1019.54,0,0,0,216,,
2022-07-19,08:00,25.9,13.9,47,EAST,6.4,11.3,1019.61,0,0,0,262,,
2022-07-19,08:15,26.6,13.3,44,EAST,9.7,11.3,1019.57,0,0,1,244,,
2022-07-19,08:30,27.4,12.8,40,EAST,4.8,9.7,1019.44,0,0,1,357,,
2022-07-19,08:45,27.8,12.8,39,EAST,6.4,12.9,1019.51,0,0,1,401,,
2022-07-19,09:00,28.4,12.2,36,EAST,4.8,11.3,1019.61,0,0,1,450,,
2022-07-19,09:15,29.2,12.2,36,EAST,1.6,9.7,1019.51,0,0,2,473,,
2022-07-19,09:30,29.6,11.7,34,EAST,8,12.9,1019.54,0,0,2,464,,
2022-07-19,09:45,30,12.2,33,EAST,6.4,9.7,1019.4,0,0,2,457,,
2022-07-19,10:00,30.7,12.8,33,EAST,3.2,9.7,1019.4,0,0,3,485,,
2022-07-19,10:15,30.8,12.8,33,ESE,1.6,14.5,1019.4,0,0,3,594,,
2022-07-19,10:30,31.2,12.8,33,EAST,6.4,16.1,1019.37,0,0,3,693,,
2022-07-19,10:45,31.8,13.3,32,ESE,9.7,16.1,1019.51,0,0,4,737,,
2022-07-19,11:00,31.4,12.8,32,ESE,3.2,16.1,1019.34,0,0,4,766,,
2022-07-19,11:15,32.2,12.8,31,SE,11.3,20.9,1019.34,0,0,4,796,,
2022-07-19,11:30,31.8,13.3,33,SE,16.1,24.1,1019.4,0,0,5,819,,
2022-07-19,11:45,32.7,13.9,32,SE,6.4,22.5,1019.37,0,0,5,842,,
2022-07-19,12:00,32.6,13.3,31,ESE,11.3,24.1,1019.44,0,0,5,865,,
2022-07-19,12:15,33.1,13.3,31,SOUTH,3.2,22.5,1019.17,0,0,5,884,,
2022-07-19,12:30,33.2,13.3,31,SSE,14.5,24.1,1019,0,0,6,900,,
2022-07-19,12:45,33.6,13.9,31,ESE,16.1,27.4,1018.9,0,0,6,909,,
2022-07-19,13:00,34,13.9,29,SE,12.9,24.1,1018.86,0,0,6,914,,
2022-07-19,13:15,33.5,13.3,30,SSE,19.3,29,1018.9,0,0,6,919,,
2022-07-19,13:30,33.6,13.3,30,EAST,12.9,25.7,1019,0,0,6,919,,
2022-07-19,13:45,34.1,13.3,29,SSE,6.4,30.6,1018.93,0,0,6,918,,
2022-07-19,14:00,34.2,13.3,29,SSE,12.9,27.4,1018.73,0,0,6,907,,
2022-07-19,14:15,34.1,13.9,29,SE,12.9,22.5,1018.49,0,0,6,898,,
2022-07-19,14:30,34.5,13.9,29,SSE,8,25.7,1018.49,0,0,6,881,,
2022-07-19,14:45,35.2,13.9,28,SSE,17.7,29,1018.35,0,0,5,861,,
2022-07-19,15:00,34.9,13.3,28,SSE,20.9,32.2,1018.46,0,0,5,838,,
2022-07-19,15:15,34.8,12.8,27,SSE,12.9,32.2,1018.42,0,0,5,816,,
2022-07-19,15:30,35.3,13.9,27,SE,25.7,27.4,1018.25,0,0,5,786,,
2022-07-19,15:45,35,13.9,28,SE,17.7,27.4,1018.05,0,0,4,759,,
2022-07-19,16:00,34.9,13.9,28,SE,24.1,32.2,1017.98,0,0,4,722,,
2022-07-19,16:15,34.6,14.4,30,SSE,11.3,29,1018.25,0,0,4,693,,
2022-07-19,16:30,34.7,14.4,30,SE,17.7,25.7,1018.35,0,0,3,652,,
2022-07-19,16:45,33.8,17.2,37,ENE,1.6,33.8,1018.42,0,0,3,612,,
2022-07-19,17:00,33.6,16.1,35,WNW,29,30.6,1018.32,0,0,3,571,,
2022-07-19,17:15,33.3,16.1,35,ENE,9.7,33.8,1018.29,0,0,2,533,,
2022-07-19,17:30,32.6,15,35,WNW,14.5,30.6,1018.32,0,0,2,487,,
2022-07-19,17:45,32.6,16.7,39,WEST,4.8,20.9,1018.39,0,0,2,441,,
2022-07-19,18:00,31.9,17.2,42,WNW,17.7,30.6,1018.32,0,0,1,396,,
2022-07-19,18:15,31.5,17.8,44,WEST,11.3,37,1018.05,0,0,1,346,,
2022-07-19,18:30,30.9,16.7,43,WEST,19.3,37,1018.12,0,0,1,301,,
2022-07-19,18:45,30.8,17.8,46,WEST,12.9,30.6,1018.22,0,0,1,255,,
2022-07-19,19:00,30.4,17.8,47,WEST,14.5,24.1,1018.29,0,0,0,211,,
2022-07-19,19:15,30.2,17.8,48,WEST,9.7,27.4,1018.39,0,0,0,162,,
2022-07-19,19:30,29.8,17.2,47,WEST,16.1,24.1,1018.32,0,0,0,118,,
2022-07-19,19:45,29.7,17.2,48,NNW,9.7,25.7,1018.42,0,0,0,76,,
2022-07-19,20:00,29.3,17.2,48,WNW,6.4,19.3,1018.42,0,0,0,40,,
2022-07-19,20:15,29.1,17.2,49,WNW,3.2,16.1,1018.49,0,0,0,19,,
2022-07-19,20:30,28.6,17.2,50,NORTH,0,6.4,1018.42,0,0,0,12,,
2022-07-19,20:45,27.9,17.2,52,NORTH,0,4.8,1018.39,0,0,0,0,,
2022-07-19,21:00,26.7,16.7,55,WEST,3.2,4.8,1018.46,0,0,0,0,,
2022-07-19,21:15,25.9,16.7,56,WEST,3.2,6.4,1018.46,0,0,0,0,,
2022-07-19,21:30,25.8,16.1,56,WEST,4.8,6.4,1018.73,0,0,0,0,,
2022-07-19,21:45,25.9,15.6,53,WEST,4.8,6.4,1018.86,0,0,0,0,,
2022-07-19,22:00,26.1,15,51,SW,6.4,8,1019.07,0,0,0,0,,
2022-07-19,22:15,26.3,15,50,SW,3.2,8,1019.17,0,0,0,0,,
2022-07-19,22:30,26.2,15,51,SSW,8,9.7,1019.24,0,0,0,0,,
2022-07-19,22:45,25.7,15.6,54,SSW,6.4,9.7,1019.13,0,0,0,0,,
2022-07-19,23:00,25.6,15,53,SSW,6.4,6.4,1019.13,0,0,0,0,,
2022-07-19,23:15,26.5,15,49,SSW,6.4,8,1019.17,0,0,0,0,,
2022-07-19,23:30,26.4,12.8,44,SOUTH,6.4,9.7,1019.3,0,0,0,0,,
2022-07-19,23:45,26.7,12.2,41,SOUTH,8,9.7,1019.27,0,0,0,0,,
2022-07-19,OVR,,,,,,,,,,,,gustmax,29
2022-07-19,OVR,,,,,,,,,,,,rainrate_max,0
2022-07-19,OVR,,,,,,,,,,,,rain_total_mm,0
2022-07-19,OVR,,,,,,,,,,,,tmax,35.3
2022-07-19,OVR,,,,,,,,,,,,tmin,22.3
2022-07-19,OVR,,,,,,,,,,,,wind_dir_mean_deg,135
2022-07-20,00:00,26.6,12.2,41,SSE,9.7,12.9,1019.2,0,0,0,0,,
2022-07-20,00:15,26.7,12.2,41,SSE,9.7,11.3,1019.37,0,0,0,0,,
2022-07-20,00:30,26.6,12.2,41,SSE,11.3,11.3,1019.4,0,0,0,0,,
2022-07-20,00:45,26.4,12.2,42,SSE,9.7,11.3,1019.17,0,0,0,0,,
2022-07-20,01:00,25.3,12.2,44,SSE,1.6,8,1019.13,0,0,0,0,,
2022-07-20,01:15,25.2,12.2,45,NORTH,0,1.6,1019.24,0,0,0,0,,
2022-07-20,01:30,24.7,12.2,47,SSE,3.2,4.8,1019.1,0,0,0,0,,
2022-07-20,01:45,24.6,12.8,48,SSE,4.8,4.8,1019.13,0,0,0,0,,
2022-07-20,02:00,24.8,12.8,47,SSE,1.6,8,1018.9,0,0,0,0,,
2022-07-20,02:15,24.9,12.8,47,SSE,3.2,8,1018.93,0,0,0,0,,
2022-07-20,02:30,24.4,13.9,52,SSE,9.7,11.3,1018.86,0,0,0,0,,
2022-07-20,02:45,24.4,14.4,54,SSE,3.2,9.7,1018.83,0,0,0,0,,
2022-07-20,03:00,24.9,13.9,51,SSE,4.8,8,1018.93,0,0,0,0,,
2022-07-20,03:15,25.1,13.9,51,SSE,3.2,9.7,1018.83,0,0,0,0,,
2022-07-20,03:30,24.4,13.9,53,NORTH,0,3.2,1018.8,0,0,0,0,,
2022-07-20,03:45,23.5,13.9,56,SSE,3.2,4.8,1018.96,0,0,0,0,,
2022-07-20,04:00,24.6,13.9,51,ESE,4.8,11.3,1018.66,0,0,0,0,,
2022-07-20,04:15,24.2,13.3,52,ESE,4.8,11.3,1018.56,0,0,0,0,,
2022-07-20,04:30,23.8,13.9,53,ESE,4.8,11.3,1018.56,0,0,0,0,,
2022-07-20,04:45,23.7,13.3,54,ESE,4.8,8,1018.8,0,0,0,0,,
2022-07-20,05:00,23.6,13.3,54,ESE,3.2,6.4,1018.56,0,0,0,0,,
2022-07-20,05:15,24.1,13.3,51,ESE,8,11.3,1018.46,0,0,0,0,,
2022-07-20,05:30,24.2,12.8,50,ESE,4.8,11.3,1018.56,0,0,0,0,,
2022-07-20,05:45,23.6,13.3,53,ESE,4.8,6.4,1018.76,0,0,0,0,,
2022-07-20,06:00,23.3,12.8,53,ESE,4.8,8,1018.76,0,0,0,0,,
2022-07-20,06:15,24,12.8,49,ESE,6.4,11.3,1018.93,0,0,0,0,,
2022-07-20,06:30,24.3,12.2,48,EAST,6.4,14.5,1018.83,0,0,0,11,,
2022-07-20,06:45,24.9,12.2,46,EAST,11.3,17.7,1018.8,0,0,0,40,,
2022-07-20,07:00,25.1,12.2,45,ENE,14.5,14.5,1018.8,0,0,0,65,,
2022-07-20,07:15,25.4,12.2,44,ENE,6.4,17.7,1018.9,0,0,0,123,,
2022-07-20,07:30,26.1,12.2,42,EAST,8,14.5,1019.13,0,0,0,172,,
2022-07-20,07:45,26.7,12.2,42,EAST,6.4,17.7,1019.1,0,0,0,221,,
2022-07-20,08:00,27.1,12.2,40,ENE,17.7,17.7,1019.13,0,0,0,264,,
2022-07-20,08:15,27.6,12.2,39,ENE,8,16.1,1019.54,0,0,1,248,,
2022-07-20,08:30,28.3,12.2,37,EAST,16.1,16.1,1019.54,0,0,1,360,,
2022-07-20,08:45,28.9,11.7,35,EAST,8,19.3,1019.57,0,0,1,406,,
2022-07-20,09:00,29.2,12.2,35,ESE,9.7,19.3,1019.44,0,0,1,452,,
2022-07-20,09:15,29.7,11.7,34,EAST,8,16.1,1019.47,0,0,2,473,,
2022-07-20,09:30,30.2,12.2,33,ENE,6.4,17.7,1019.57,0,0,2,471,,
2022-07-20,09:45,,,,NORTH,,,1019.54,0,0,,,,
2022-07-20,10:00,30.8,11.7,31,ESE,9.7,19.3,1019.51,0,0,,,,
2022-07-20,10:15,31.5,12.2,31,EAST,8,16.1,1019.57,0,0,3,603,,
2022-07-20,10:30,32.2,11.7,28,ENE,14.5,14.5,1019.57,0,0,3,701,,
2022-07-20,10:45,32.3,12.2,29,EAST,1.6,17.7,1019.57,0,0,4,742,,
2022-07-20,11:00,32.8,12.2,29,EAST,14.5,17.7,1019.61,0,0,4,772,,
2022-07-20,11:15,32.9,12.2,29,SE,3.2,16.1,1019.68,0,0,4,800,,
2022-07-20,11:30,33.1,12.2,28,ESE,9.7,19.3,1019.84,0,0,5,823,,
2022-07-20,11:45,32.9,12.8,29,SSE,3.2,22.5,1019.91,0,0,5,849,,
2022-07-20,12:00,32.9,12.8,29,ESE,4.8,22.5,1019.84,0,0,5,870,,
2022-07-20,12:15,33.2,12.2,28,SSE,8,27.4,1019.74,0,0,5,879,,
2022-07-20,12:30,33.5,13.3,30,SE,12.9,24.1,1019.61,0,0,6,895,,
2022-07-20,12:45,33.4,13.3,30,SE,11.3,25.7,1019.57,0,0,6,907,,
2022-07-20,13:00,33.3,13.3,30,ESE,11.3,27.4,1019.74,0,0,6,916,,
2022-07-20,13:15,33.8,13.3,29,SE,16.1,25.7,1019.47,0,0,6,916,,
2022-07-20,13:30,33.9,13.3,29,SSE,6.4,30.6,1019.71,0,0,6,916,,
2022-07-20,13:45,34.1,13.9,29,ESE,9.7,30.6,1019.37,0,0,6,911,,
2022-07-20,14:00,33.9,13.3,29,SE,20.9,32.2,1019.3,0,0,6,904,,
2022-07-20,14:15,34.4,13.3,28,ESE,19.3,24.1,1019.1,0,0,6,895,,
2022-07-20,14:30,34.5,12.8,27,SE,27.4,29,1019,0,0,6,877,,
2022-07-20,14:45,34.1,12.8,27,SE,16.1,32.2,1019.17,0,0,5,861,,
2022-07-20,15:00,34.3,13.3,28,SE,17.7,30.6,1019.13,0,0,5,838,,
2022-07-20,15:15,34.2,13.3,28,SE,9.7,24.1,1019.07,0,0,5,812,,
2022-07-20,15:30,34.3,13.9,29,SE,19.3,25.7,1019.03,0,0,5,786,,
2022-07-20,15:45,34.2,13.9,30,SSE,3.2,29,1019.1,0,0,4,749,,
2022-07-20,16:00,34.2,14.4,30,SE,6.4,30.6,1019.07,0,0,4,721,,
2022-07-20,16:15,34.6,14.4,30,SE,20.9,27.4,1018.93,0,0,4,686,,
2022-07-20,16:30,34.8,15,30,ESE,25.7,24.1,1019.03,0,0,3,647,,
2022-07-20,16:45,33.7,14.4,32,SSE,14.5,20.9,1019.13,0,0,3,612,,
2022-07-20,17:00,33.7,15,32,SE,4.8,24.1,1019,0,0,3,568,,
2022-07-20,17:15,33.1,17.2,39,WSW,1.6,19.3,1019.03,0,0,2,527,,
2022-07-20,17:30,32.6,17.8,42,WSW,4.8,14.5,1019.1,0,0,2,476,,
2022-07-20,17:45,32.9,18.3,42,WNW,14.5,25.7,1019.07,0,0,1,394,,
2022-07-20,18:00,32.6,17.8,41,WEST,20.9,33.8,1019.24,0,0,1,352,,
2022-07-20,18:15,32,17.2,42,WEST,20.9,24.1,1019.17,0,0,1,274,,
2022-07-20,18:30,31.8,17.2,42,WNW,16.1,25.7,1019.17,0,0,1,271,,
2022-07-20,18:45,31.7,16.7,41,WEST,9.7,24.1,1019.07,0,0,1,236,,
2022-07-20,19:00,31.2,16.1,41,ENE,12.9,24.1,1019.17,0,0,0,192,,
2022-07-20,19:15,30.9,16.1,42,WEST,14.5,22.5,1019.2,0,0,0,139,,
2022-07-20,19:30,30.3,16.7,44,WEST,12.9,22.5,1019.37,0,0,0,93,,
2022-07-20,19:45,29.8,18.9,52,WEST,11.3,19.3,1019.44,0,0,0,69,,
2022-07-20,20:00,29.3,18.3,53,WEST,3.2,19.3,1019.57,0,0,0,40,,
2022-07-20,20:15,28.9,17.2,49,WEST,9.7,16.1,1019.64,0,0,0,21,,
2022-07-20,20:30,28.8,15.6,46,WEST,4.8,11.3,1019.71,0,0,0,12,,
2022-07-20,20:45,28.3,16.1,48,WEST,1.6,9.7,1019.47,0,0,0,0,,
2022-07-20,21:00,27.7,16.1,50,NORTH,0,3.2,1019.64,0,0,0,0,,
2022-07-20,21:15,26.6,16.1,53,WEST,4.8,4.8,1019.71,0,0,0,0,,
2022-07-20,21:30,25.8,16.1,56,WEST,1.6,3.2,1019.91,0,0,0,0,,
2022-07-20,21:45,25.5,14.4,51,WEST,3.2,6.4,1020.18,0,0,0,0,,
2022-07-20,22:00,26.1,14.4,48,WEST,1.6,4.8,1020.45,0,0,0,0,,
2022-07-20,22:15,25.7,14.4,50,WEST,1.6,4.8,1020.56,0,0,0,0,,
2022-07-20,22:30,25.4,14.4,51,WEST,4.8,6.4,1020.49,0,0,0,0,,
2022-07-20,22:45,25.5,12.8,46,WEST,4.8,4.8,1020.56,0,0,0,0,,
2022-07-20,23:00,25.4,12.2,43,WEST,3.2,4.8,1020.59,0,0,0,0,,
2022-07-20,23:15,25.2,11.7,44,WSW,3.2,6.4,1020.52,0,0,0,0,,
2022-07-20,23:30,26.3,11.7,40,SOUTH,9.7,12.9,1020.62,0,0,0,0,,
2022-07-20,23:45,26.1,15,51,SSE,12.9,14.5,1020.66,0,0,0,0,,
2022-07-20,OVR,,,,,,,,,,,,gustmax,27.4
2022-07-20,OVR,,,,,,,,,,,,rainrate_max,0
2022-07-20,OVR,,,,,,,,,,,,rain_total_mm,0
2022-07-20,OVR,,,,,,,,,,,,tmax,34.8
2022-07-20,OVR,,,,,,,,,,,,tmin,23.3
2022-07-20,OVR,,,,,,,,,,,,wind_dir_mean_deg,135
2022-07-21,00:00,25.8,15,52,NORTH,0,12.9,1020.76,0,0,0,0,,
2022-07-21,00:15,25.1,15.6,56,SSE,1.6,4.8,1020.73,0,0,0,0,,
2022-07-21,00:30,24.6,15.6,58,SSE,1.6,4.8,1020.83,0,0,0,0,,
2022-07-21,00:45,24.8,16.1,59,NORTH,0,4.8,1020.79,0,0,0,0,,
2022-07-21,01:00,24.6,16.1,60,NORTH,0,3.2,1020.73,0,0,0,0,,
2022-07-21,01:15,24.7,16.7,62,NORTH,0,4.8,1020.66,0,0,0,0,,
2022-07-21,01:30,24.9,16.1,59,NORTH,0,6.4,1020.56,0,0,0,0,,
2022-07-21,01:45,24.4,16.1,61,SSE,1.6,3.2,1020.56,0,0,0,0,,
2022-07-21,02:00,24.3,17.2,65,SSE,1.6,3.2,1020.56,0,0,0,0,,
2022-07-21,02:15,23.8,17.2,66,NORTH,0,1.6,1020.49,0,0,0,0,,
2022-07-21,02:30,23.9,17.2,66,NORTH,0,0,1020.49,0,0,0,0,,
2022-07-21,02:45,24.2,16.7,62,NORTH,0,0,1020.25,0,0,0,0,,
2022-07-21,03:00,24.5,16.1,60,SSE,3.2,1.6,1020.22,0,0,0,0,,
2022-07-21,03:15,24.2,16.1,60,SSE,3.2,4.8,1020.05,0,0,0,0,,
2022-07-21,03:30,23.8,15.6,61,SSE,3.2,4.8,1019.88,0,0,0,0,,
2022-07-21,03:45,24.1,15.6,59,SSE,1.6,4.8,1019.71,0,0,0,0,,
2022-07-21,04:00,24.7,15.6,56,SSE,3.2,4.8,1019.68,0,0,0,0,,
2022-07-21,04:15,25,15.6,57,NORTH,0,4.8,1019.78,0,0,0,0,,
2022-07-21,04:30,24.4,15.6,58,SSE,3.2,4.8,1019.61,0,0,0,0,,
2022-07-21,04:45,24.9,15,55,SSE,1.6,4.8,1019.57,0,0,0,0,,
2022-07-21,05:00,24.7,14.4,54,SSE,3.2,4.8,1019.47,0,0,0,0,,
2022-07-21,05:15,23.8,13.9,55,NORTH,0,4.8,1019.57,0,0,0,0,,
2022-07-21,05:30,23.4,15,59,NORTH,0,3.2,1019.74,0,0,0,0,,
2022-07-21,05:45,22.8,14.4,60,NORTH,0,4.8,1019.71,0,0,0,0,,
2022-07-21,06:00,22.6,15,63,NORTH,0,4.8,1019.71,0,0,0,0,,
2022-07-21,06:15,22.9,15,60,NORTH,0,4.8,1019.88,0,0,0,0,,
2022-07-21,06:30,22.6,14.4,61,SSE,1.6,4.8,1019.68,0,0,0,11,,
2022-07-21,06:45,22.8,16.1,66,SSE,3.2,3.2,1019.68,0,0,0,33,,
2022-07-21,07:00,23.9,17.8,68,NORTH,0,3.2,1019.78,0,0,0,56,,
2022-07-21,07:15,23.7,16.1,63,SSE,1.6,3.2,1019.88,0,0,0,107,,
2022-07-21,07:30,24.4,16.1,60,NORTH,0,4.8,1019.91,0,0,0,151,,
2022-07-21,07:45,24.9,15.6,56,SSE,1.6,4.8,1020.01,0,0,0,197,,
2022-07-21,08:00,25.8,15,52,NORTH,0,1.6,1019.88,0,0,0,241,,
2022-07-21,08:15,26.4,15.6,51,SSE,3.2,3.2,1019.91,0,0,1,237,,
2022-07-21,08:30,26.8,15,48,SSE,3.2,4.8,1020.05,0,0,1,332,,
2022-07-21,08:45,27.2,14.4,46,SSE,1.6,4.8,1020.15,0,0,1,380,,
2022-07-21,09:00,28.2,13.9,42,SSE,1.6,4.8,1020.22,0,0,1,420,,
2022-07-21,09:15,28.6,14.4,42,SSE,1.6,4.8,1020.05,0,0,2,445,,
2022-07-21,09:30,29.3,14.4,41,SSE,3.2,6.4,1020.18,0,0,2,436,,
2022-07-21,09:45,29.7,14.4,39,NORTH,0,8,1020.12,0,0,2,439,,
2022-07-21,10:00,30.4,14.4,38,SSE,8,8,1019.91,0,0,2,490,,
2022-07-21,10:15,30.7,13.9,36,WSW,6.4,14.5,1019.91,0,0,3,587,,
2022-07-21,10:30,31,13.9,36,WSW,3.2,14.5,1019.91,0,0,3,679,,
2022-07-21,10:45,31.4,14.4,36,WEST,4.8,16.1,1019.98,0,0,3,717,,
2022-07-21,11:00,31.6,14.4,36,WNW,11.3,19.3,1019.78,0,0,4,747,,
2022-07-21,11:15,32.2,15,36,WNW,14.5,19.3,1019.81,0,0,4,779,,
2022-07-21,11:30,32.6,15,35,WEST,17.7,20.9,1019.91,0,0,4,805,,
2022-07-21,11:45,32.6,15,35,WNW,19.3,20.9,1020.01,0,0,5,828,,
2022-07-21,12:00,32.9,15,34,WNW,11.3,24.1,1019.88,0,0,5,847,,
2022-07-21,12:15,33.3,14.4,33,WEST,4.8,19.3,1019.71,0,0,5,863,,
2022-07-21,12:30,33.6,15,33,WNW,6.4,17.7,1019.61,0,0,5,881,,
2022-07-21,12:45,33.8,14.4,31,WNW,1.6,22.5,1019.64,0,0,5,893,,
2022-07-21,13:00,33.9,14.4,31,WEST,6.4,25.7,1019.68,0,0,6,900,,
2022-07-21,13:15,34.1,14.4,31,WNW,1.6,32.2,1019.71,0,0,6,904,,
2022-07-21,13:30,34.1,13.9,30,WNW,19.3,22.5,1019.78,0,0,6,902,,
2022-07-21,13:45,34.4,14.4,30,WNW,14.5,32.2,1019.51,0,0,6,900,,
2022-07-21,14:00,33.8,15.6,34,WEST,14.5,32.2,1019.3,0,0,6,886,,
2022-07-21,14:15,33.5,16.1,35,,12.9,32.2,1019.3,0,0,5,879,,
2022-07-21,14:30,33.2,16.7,37,WNW,27.4,37,1019.34,0,0,5,863,,
2022-07-21,14:45,33,16.7,37,WEST,38.6,43.5,1019.3,0,0,5,842,,
2022-07-21,15:00,32.6,16.1,37,NW,32.2,41.8,1019.37,0,0,5,821,,
2022-07-21,15:15,32.5,17.2,40,WEST,24.1,46.7,1019.2,0,0,5,795,,
2022-07-21,15:30,32.5,18.3,43,WEST,12.9,40.2,1019.3,0,0,4,768,,
2022-07-21,15:45,32.2,17.8,42,WEST,30.6,37,1019.2,0,0,4,740,,
2022-07-21,16:00,31.9,17.2,41,WNW,17.7,41.8,1019.27,0,0,4,705,,
2022-07-21,16:15,31.9,17.8,44,WEST,27.4,43.5,1019.27,0,0,3,664,,
2022-07-21,16:30,31.9,16.1,39,WEST,22.5,35.4,1019.2,0,0,3,649,,
2022-07-21,16:45,31.7,16.1,40,WEST,30.6,33.8,1019.2,0,0,2,689,,
2022-07-21,17:00,31.5,17.8,45,WNW,17.7,30.6,1019.2,0,0,2,580,,
2022-07-21,17:15,31.3,18.3,46,NW,17.7,33.8,1019.24,0,0,2,515,,
2022-07-21,17:30,31.4,16.7,42,WNW,19.3,40.2,1019.13,0,0,2,547,,
2022-07-21,17:45,31,17.2,45,WEST,24.1,40.2,1019.03,0,0,1,452,,
2022-07-21,18:00,30.8,17.8,47,WNW,22.5,46.7,1018.93,0,0,1,406,,
2022-07-21,18:15,30.7,18.9,49,NE,16.1,32.2,1018.86,0,0,1,350,,
2022-07-21,18:30,30.1,17.8,47,WEST,29,37,1018.63,0,0,1,285,,
2022-07-21,18:45,30,18.3,50,WEST,22.5,35.4,1018.63,0,0,1,248,,
2022-07-21,19:00,29.6,15.6,43,WEST,16.1,37,1018.8,0,0,0,199,,
2022-07-21,19:15,29.9,15.6,41,WNW,17.7,30.6,1018.8,0,0,0,146,,
2022-07-21,19:30,29.8,15,41,WNW,20.9,29,1018.83,0,0,0,114,,
2022-07-21,19:45,29.3,16.7,47,WEST,14.5,25.7,1018.9,0,0,0,72,,
2022-07-21,20:00,29,17.2,49,WEST,9.7,20.9,1018.9,0,0,0,40,,
2022-07-21,20:15,28.5,17.8,53,WEST,6.4,16.1,1018.8,0,0,0,21,,
2022-07-21,20:30,28.1,19.4,61,WNW,11.3,16.1,1018.9,0,0,0,14,,
2022-07-21,20:45,27.6,21.1,68,WEST,9.7,19.3,1018.93,0,0,0,0,,
2022-07-21,21:00,27.1,22.2,75,WEST,11.3,17.7,1019.03,0,0,0,0,,
2022-07-21,21:15,26.5,22.8,80,WNW,6.4,19.3,1019,0,0,0,0,,
2022-07-21,21:30,26.1,22.8,83,WEST,12.9,16.1,1019.27,0,0,0,0,,
2022-07-21,21:45,25.7,22.8,86,WEST,4.8,11.3,1019.4,0,0,0,0,,
2022-07-21,22:00,25.4,22.8,87,WSW,3.2,12.9,1019.51,0,0,0,0,,
2022-07-21,22:15,25.3,23.3,88,WNW,8,16.1,1019.74,0,0,0,0,,
2022-07-21,22:30,25.2,23.3,89,WNW,14.5,14.5,1019.91,0,0,0,0,,
2022-07-21,22:45,25.1,22.8,89,NORTH,0,11.3,1019.84,0,0,0,0,,
2022-07-21,23:00,25,22.8,90,WNW,1.6,11.3,1019.84,0,0,0,0,,
2022-07-21,23:15,24.7,22.8,90,WNW,1.6,3.2,1019.91,0,0,0,0,,
2022-07-21,23:30,24.4,22.8,90,NORTH,0,1.6,1019.74,0,0,0,0,,
2022-07-21,23:45,24.4,22.8,91,NW,3.2,3.2,1019.88,0,0,0,0,,
2022-07-21,OVR,,,,,,,,,,,,gustmax,38.6
2022-07-21,OVR,,,,,,,,,,,,rainrate_max,0
2022-07-21,OVR,,,,,,,,,,,,rain_total_mm,0
2022-07-21,OVR,,,,,,,,,,,,tmax,34.7
2022-07-21,OVR,,,,,,,,,,,,tmin,22.2
2022-07-21,OVR,,,,,,,,,,,,wind_dir_mean_deg,270
2022-07-22,00:00,24.2,22.2,91,NORTH,0,4.8,1019.91,0,0,0,0,,
2022-07-22,00:15,24.6,22.8,92,NW,3.2,12.9,1019.81,0,0,0,0,,
2022-07-22,00:30,24.6,22.8,92,NW,3.2,6.4,1019.68,0,0,0,0,,
2022-07-22,00:45,24.3,22.8,92,NORTH,0,4.8,1019.57,0,0,0,0,,
2022-07-22,01:00,24.1,22.2,92,NORTH,0,1.6,1019.44,0,0,0,0,,
2022-07-22,01:15,23.8,22.2,93,NORTH,0,3.2,1019.34,0,0,0,0,,
2022-07-22,01:30,23.7,22.2,93,NW,1.6,1.6,1019.13,0,0,0,0,,
2022-07-22,01:45,23.7,22.2,93,NORTH,0,1.6,1018.96,0,0,0,0,,
2022-07-22,02:00,23.4,22.2,93,NW,1.6,4.8,1018.9,0,0,0,0,,
2022-07-22,02:15,22.9,21.1,91,NW,3.2,6.4,1018.9,0,0,0,0,,
2022-07-22,02:30,22.7,20,85,NW,1.6,3.2,1018.8,0,0,0,0,,
2022-07-22,02:45,22.1,18.9,83,NW,1.6,3.2,1018.66,0,0,0,0,,
2022-07-22,03:00,22.5,19.4,83,NW,3.2,4.8,1018.63,0,0,0,0,,
2022-07-22,03:15,22.6,20,85,NW,1.6,3.2,1018.56,0,0,0,0,,
2022-07-22,03:30,22.3,19.4,86,NW,3.2,3.2,1018.66,0,0,0,0,,
2022-07-22,03:45,22.4,19.4,85,NW,1.6,3.2,1018.59,0,0,0,0,,
2022-07-22,04:00,22.6,20,85,NW,1.6,4.8,1018.42,0,0,0,0,,
2022-07-22,04:15,22.8,20,84,NORTH,0,4.8,1018.56,0,0,0,0,,
2022-07-22,04:30,22.6,19.4,84,NORTH,0,1.6,1018.46,0,0,0,0,,
2022-07-22,04:45,23.2,20,84,NW,1.6,4.8,1018.35,0,0,0,0,,
2022-07-22,05:00,22.9,19.4,80,NW,1.6,4.8,1018.35,0,0,0,0,,
2022-07-22,05:15,22.9,18.9,79,NW,1.6,3.2,1018.29,0,0,0,0,,
2022-07-22,05:30,23.3,18.9,76,NW,1.6,3.2,1018.22,0,0,0,0,,
2022-07-22,05:45,23,18.9,78,NW,1.6,3.2,1018.35,0,0,0,0,,
2022-07-22,06:00,22.5,18.3,78,NW,1.6,3.2,1018.39,0,0,0,0,,
2022-07-22,06:15,22.1,17.2,74,NW,1.6,6.4,1018.39,0,0,0,0,,
2022-07-22,06:30,23.7,14.4,58,NW,3.2,4.8,1018.63,0,0,0,11,,
2022-07-22,06:45,24.6,13.9,52,NW,4.8,6.4,1018.66,0,0,0,30,,
2022-07-22,07:00,25.7,13.9,49,NW,3.2,4.8,1018.66,0,0,0,54,,
2022-07-22,07:15,26.1,14.4,49,NW,1.6,3.2,1018.76,0,0,0,105,,
2022-07-22,07:30,26.4,15,50,NW,1.6,3.2,1018.66,0,0,0,151,,
2022-07-22,07:45,27.3,15.6,48,NW,1.6,3.2,1018.76,0,0,0,197,,
2022-07-22,08:00,27.9,16.1,50,NW,1.6,3.2,1018.83,0,0,0,234,,
2022-07-22,08:15,27.8,16.7,50,NORTH,0,3.2,1018.93,0,0,1,248,,
2022-07-22,08:30,28.4,16.1,48,NW,1.6,4.8,1019.03,0,0,1,330,,
2022-07-22,08:45,28.9,16.7,48,NW,3.2,4.8,1019,0,0,1,378,,
2022-07-22,09:00,29.3,16.7,46,NW,3.2,6.4,1019.24,0,0,1,417,,
2022-07-22,09:15,29.9,16.1,44,NW,3.2,4.8,1019.27,0,0,2,434,,
2022-07-22,09:30,30.6,16.1,42,NW,4.8,6.4,1019.4,0,0,2,425,,
2022-07-22,09:45,30.8,16.1,41,NW,1.6,6.4,1019.44,0,0,2,438,,
2022-07-22,10:00,31.2,16.7,42,NW,4.8,9.7,1019.57,0,0,2,504,,
2022-07-22,10:15,31.6,15.6,38,NORTH,0,8,1019.57,0,0,3,585,,
2022-07-22,10:30,31.8,15.6,38,SSE,3.2,14.5,1019.61,0,0,3,679,,
2022-07-22,10:45,32.6,16.1,37,SSE,4.8,12.9,1019.71,0,0,3,712,,
2022-07-22,11:00,32.6,16.1,37,SW,4.8,11.3,1019.61,0,0,4,745,,
2022-07-22,11:15,33.1,16.1,37,SSE,11.3,12.9,1019.68,0,0,4,779,,
2022-07-22,11:30,33.3,16.1,36,NORTH,0,14.5,1019.61,0,0,4,803,,
2022-07-22,11:45,33.6,15.6,35,NORTH,0,14.5,1019.27,0,0,5,831,,
2022-07-22,12:00,34.4,16.1,34,NORTH,0,14.5,1019.3,0,0,5,853,,
2022-07-22,12:15,34.1,16.1,34,SE,3.2,22.5,1019.34,0,0,5,870,,
2022-07-22,12:30,34.9,16.1,32,SSE,9.7,17.7,1019.2,0,0,5,881,,
2022-07-22,12:45,34.7,16.1,33,SSE,8,17.7,1019.13,0,0,6,896,,
2022-07-22,13:00,35.4,16.1,32,WSW,9.7,16.1,1019.24,0,0,6,902,,
2022-07-22,13:15,35.1,16.7,34,SW,3.2,19.3,1018.93,0,0,6,907,,
2022-07-22,13:30,35.8,16.1,32,SE,11.3,20.9,1018.73,0,0,6,912,,
2022-07-22,13:45,34.9,17.2,35,WEST,19.3,29,1018.83,0,0,3,181,,
2022-07-22,14:00,35.1,17.8,36,WNW,17.7,30.6,1018.66,0,0,3,183,,
2022-07-22,14:15,35.2,17.8,35,WEST,16.1,35.4,1018.66,0,0,5,914,,
2022-07-22,14:30,34.9,16.7,34,WNW,25.7,41.8,1018.66,0,0,5,863,,
2022-07-22,14:45,34.4,16.7,35,WEST,22.5,40.2,1018.73,0,0,5,846,,
2022-07-22,15:00,34.8,16.7,35,WEST,22.5,41.8,1018.52,0,0,5,828,,
2022-07-22,15:15,34.8,15,31,WNW,20.9,38.6,1018.56,0,0,5,805,,
2022-07-22,15:30,34.4,13.9,29,WEST,25.7,46.7,1018.56,0,0,4,773,,
2022-07-22,15:45,34.7,16.1,33,WNW,27.4,32.2,1018.66,0,0,4,742,,
2022-07-22,16:00,34.3,15.6,33,WEST,20.9,37,1018.73,0,0,4,710,,
2022-07-22,16:15,34.2,15.6,33,WNW,20.9,30.6,1018.63,0,0,3,675,,
2022-07-22,16:30,34,15.6,33,ENE,16.1,30.6,1018.56,0,0,3,638,,
2022-07-22,16:45,34,13.9,30,ENE,9.7,27.4,1018.73,0,0,3,601,,
2022-07-22,17:00,33.7,16.1,35,WEST,20.9,32.2,1018.52,0,0,2,557,,
2022-07-22,17:15,33.6,13.9,30,WNW,17.7,37,1018.59,0,0,2,517,,
2022-07-22,17:30,33.4,15,34,WNW,8,29,1018.63,0,0,2,471,,
2022-07-22,17:45,33.2,16.1,36,WEST,16.1,32.2,1018.46,0,0,2,424,,
2022-07-22,18:00,33.1,15.6,36,NW,12.9,29,1018.52,0,0,1,378,,
2022-07-22,18:15,32.7,15.6,36,WEST,17.7,29,1018.52,0,0,1,329,,
2022-07-22,18:30,32.2,16.7,39,WEST,20.9,30.6,1018.56,0,0,1,283,,
2022-07-22,18:45,31.6,17.8,44,WNW,25.7,30.6,1018.63,0,0,1,251,,
2022-07-22,19:00,30.9,18.9,49,WNW,14.5,33.8,1018.56,0,0,0,195,,
2022-07-22,19:15,30.4,20,55,WNW,12.9,24.1,1018.73,0,0,0,153,,
2022-07-22,19:30,29.8,20.6,59,WNW,17.7,25.7,1018.66,0,0,0,104,,
2022-07-22,19:45,29.4,21.1,61,WNW,12.9,25.7,1018.9,0,0,0,70,,
2022-07-22,20:00,28.9,21.7,65,NE,14.5,17.7,1019.13,0,0,0,40,,
2022-07-22,20:15,28.3,21.7,68,,6.4,19.3,1019.24,0,0,0,23,,
2022-07-22,20:30,27.8,21.7,70,WNW,6.4,19.3,1019.34,0,0,0,12,,
2022-07-22,20:45,27.3,21.7,71,WEST,3.2,20.9,1019.27,0,0,0,0,,
2022-07-22,21:00,26.9,21.7,74,WEST,3.2,17.7,1019.3,0,0,0,0,,
2022-07-22,21:15,26.3,21.7,76,SW,3.2,8,1019.44,0,0,0,0,,
2022-07-22,21:30,26.2,21.7,78,WNW,12.9,16.1,1019.68,0,0,0,0,,
2022-07-22,21:45,25.8,21.7,80,NORTH,0,14.5,1019.98,0,0,0,0,,
2022-07-22,22:00,25.7,21.7,80,WEST,3.2,9.7,1019.91,0,0,0,0,,
2022-07-22,22:15,25.6,21.7,81,WEST,1.6,11.3,1019.98,0,0,0,0,,
2022-07-22,22:30,25.1,21.7,82,NORTH,0,6.4,1020.08,0,0,0,0,,
2022-07-22,22:45,25.3,22.2,82,NORTH,0,9.7,1020.08,0,0,0,0,,
2022-07-22,23:00,24.5,21.1,84,NORTH,0,4.8,1020.22,0,0,0,0,,
2022-07-22,23:15,24.4,21.1,83,NORTH,0,4.8,1020.29,0,0,0,0,,
2022-07-22,23:30,24.1,21.1,83,NORTH,0,3.2,1020.29,0,0,0,0,,
2022-07-22,23:45,23.9,20.6,83,WNW,1.6,3.2,1020.35,0,0,0,0,,
2022-07-22,OVR,,,,,,,,,,,,gustmax,27.4
2022-07-22,OVR,,,,,,,,,,,,rainrate_max,0
2022-07-22,OVR,,,,,,,,,,,,rain_total_mm,0
2022-07-22,OVR,,,,,,,,,,,,tmax,36.2
2022-07-22,OVR,,,,,,,,,,,,tmin,22
2022-07-22,OVR,,,,,,,,,,,,wind_dir_mean_deg,292.5
2022-07-23,00:00,23.9,20.6,83,WNW,1.6,3.2,1020.35,0,0,0,0,,
2022-07-23,00:15,23.4,20,83,WNW,1.6,4.8,1020.15,0,0,0,0,,
2022-07-23,00:30,23.7,20.6,84,WNW,3.2,4.8,1020.25,0,0,0,0,,
2022-07-23,00:45,23.6,20,82,WNW,4.8,6.4,1020.08,0,0,0,0,,
2022-07-23,01:00,24.2,18.3,70,WNW,3.2,3.2,1019.88,0,0,0,0,,
2022-07-23,01:15,23.6,17.2,68,WNW,1.6,3.2,1019.78,0,0,0,0,,
2022-07-23,01:30,24.4,17.2,64,WNW,1.6,3.2,1019.57,0,0,0,0,,
2022-07-23,01:45,24.3,17.2,66,WNW,1.6,3.2,1019.64,0,0,0,0,,
2022-07-23,02:00,23.9,17.2,66,WNW,1.6,3.2,1019.47,0,0,0,0,,
2022-07-23,02:15,24.1,16.1,61,WNW,4.8,3.2,1019.37,0,0,0,0,,
2022-07-23,02:30,24.5,15.6,58,WNW,3.2,3.2,1019.13,0,0,0,0,,
2022-07-23,02:45,24.2,15.6,60,WNW,1.6,4.8,1019.1,0,0,0,0,,
2022-07-23,03:00,24.3,15.6,59,NORTH,0,3.2,1019,0,0,0,0,,
2022-07-23,03:15,23.4,16.1,65,WNW,1.6,3.2,1019,0,0,0,0,,
2022-07-23,03:30,23.4,17.2,70,WNW,3.2,4.8,1018.93,0,0,0,0,,
2022-07-23,03:45,23.7,17.2,68,WNW,1.6,3.2,1018.83,0,0,0,0,,
2022-07-23,04:00,23.9,16.7,64,WNW,3.2,4.8,1018.76,0,0,0,0,,
2022-07-23,04:15,24.2,16.1,62,WNW,3.2,6.4,1018.96,0,0,0,0,,
2022-07-23,04:30,24.2,16.1,61,WNW,4.8,4.8,1018.96,0,0,0,0,,
2022-07-23,04:45,23.6,16.1,63,WNW,1.6,4.8,1018.93,0,0,0,0,,
2022-07-23,05:00,22.9,16.1,66,NORTH,0,3.2,1018.93,0,0,0,0,,
2022-07-23,05:15,22.7,16.1,66,WEST,3.2,6.4,1018.96,0,0,0,0,,
2022-07-23,05:30,23.2,16.1,65,WEST,1.6,6.4,1019.07,0,0,0,0,,
2022-07-23,05:45,24.1,16.7,63,NORTH,0,4.8,1019.13,0,0,0,0,,
2022-07-23,06:00,22.7,16.1,68,WEST,1.6,4.8,1019.13,0,0,0,0,,
2022-07-23,06:15,22.9,16.1,67,WEST,4.8,6.4,1019.3,0,0,0,0,,
2022-07-23,06:30,23.3,16.1,65,WEST,3.2,4.8,1019.37,0,0,0,11,,
2022-07-23,06:45,23.8,16.1,63,WEST,3.2,4.8,1019.34,0,0,0,26,,
2022-07-23,07:00,24.7,16.7,61,WEST,1.6,4.8,1019.51,0,0,0,54,,
2022-07-23,07:15,24.7,16.1,60,NORTH,0,1.6,1019.44,0,0,0,100,,
2022-07-23,07:30,25.2,16.7,60,WEST,1.6,3.2,1019.47,0,0,0,148,,
2022-07-23,07:45,25.8,17.2,60,NORTH,0,3.2,1019.4,0,0,0,193,,
2022-07-23,08:00,27.3,16.7,54,NE,1.6,1.6,1019.47,0,0,0,227,,
2022-07-23,08:15,27.1,16.7,54,NE,1.6,3.2,1019.44,0,0,1,251,,
2022-07-23,08:30,28.3,17.2,51,NORTH,0,3.2,1019.57,0,0,1,329,,
2022-07-23,08:45,28.8,17.2,50,ENE,1.6,3.2,1019.57,0,0,1,376,,
2022-07-23,09:00,29.4,16.7,46,ENE,3.2,3.2,1019.81,0,0,1,415,,
2022-07-23,09:15,30.1,17.2,46,EAST,3.2,6.4,1019.98,0,0,2,432,,
2022-07-23,09:30,30.2,17.2,47,NORTH,0,9.7,1019.98,0,0,2,438,,
2022-07-23,09:45,30.6,17.2,45,EAST,1.6,9.7,1020.12,0,0,2,441,,
2022-07-23,10:00,31.1,17.2,44,SOUTH,1.6,8,1020.22,0,0,2,508,,
2022-07-23,10:15,31.4,16.7,42,SSW,6.4,9.7,1020.12,0,0,3,610,,
2022-07-23,10:30,31.9,16.1,38,SSW,4.8,6.4,1020.22,0,0,3,680,,
2022-07-23,10:45,32.2,15.6,37,WEST,12.9,16.1,1020.18,0,0,3,719,,
2022-07-23,11:00,32.5,14.4,34,WEST,3.2,17.7,1020.29,0,0,4,756,,
2022-07-23,11:15,33,14.4,33,WEST,3.2,19.3,1020.25,0,0,4,788,,
2022-07-23,11:30,33.2,14.4,32,WNW,12.9,22.5,1020.22,0,0,4,816,,
2022-07-23,11:45,33.4,13.3,30,WNW,4.8,22.5,1020.22,0,0,5,844,,
2022-07-23,12:00,33.4,13.3,30,WNW,3.2,30.6,1020.22,0,0,5,861,,
2022-07-23,12:15,33.5,14.4,32,WEST,6.4,20.9,1020.15,0,0,5,879,,
2022-07-23,12:30,33.7,15,33,WNW,20.9,25.7,1020.08,0,0,5,896,,
2022-07-23,12:45,33.5,15.6,34,WEST,16.1,25.7,1020.01,0,0,6,907,,
2022-07-23,13:00,33.8,14.4,31,WNW,4.8,27.4,1020.05,0,0,6,914,,
2022-07-23,13:15,34.1,13.3,29,ENE,9.7,27.4,1020.12,0,0,6,918,,
2022-07-23,13:30,34.3,12.2,26,WEST,19.3,30.6,1019.84,0,0,6,916,,
2022-07-23,13:45,34.6,14.4,30,WSW,6.4,30.6,1019.81,0,0,6,911,,
2022-07-23,14:00,34.7,12.2,26,WNW,17.7,30.6,1019.81,0,0,6,900,,
2022-07-23,14:15,34.7,10.6,23,NNE,12.9,30.6,1019.64,0,0,6,893,,
2022-07-23,14:30,35,11.1,23,WEST,25.7,29,1019.61,0,0,5,881,,
2022-07-23,14:45,34.8,12.8,26,WEST,20.9,35.4,1019.64,0,0,5,863,,
2022-07-23,15:00,34.9,12.2,25,WEST,19.3,37,1019.61,0,0,5,838,,
2022-07-23,15:15,34.6,12.2,26,WNW,19.3,43.5,1019.47,0,0,5,812,,
2022-07-23,15:30,34.4,11.7,25,WEST,30.6,38.6,1019.51,0,0,4,782,,
2022-07-23,15:45,34.5,12.2,26,WNW,20.9,38.6,1019.57,0,0,4,759,,
2022-07-23,16:00,34.1,13.3,29,WEST,37,41.8,1019.34,0,0,4,722,,
2022-07-23,16:15,34.3,12.8,28,WEST,32.2,37,1019.51,0,0,3,687,,
2022-07-23,16:30,34,12.8,27,NE,14.5,38.6,1019.3,0,0,3,652,,
2022-07-23,16:45,33.8,12.8,28,ENE,16.1,33.8,1019.37,0,0,3,612,,
2022-07-23,17:00,33.7,11.7,27,WEST,30.6,40.2,1019.37,0,0,2,570,,
2022-07-23,17:15,33.1,15,34,WNW,12.9,37,1019.37,0,0,2,522,,
2022-07-23,17:30,32.8,13.9,32,WEST,20.9,33.8,1019.27,0,0,2,482,,
2022-07-23,17:45,32.9,14.4,32,WNW,19.3,32.2,1019.24,0,0,2,436,,
2022-07-23,18:00,32.3,13.3,32,EAST,33.8,38.6,1019.24,0,0,1,385,,
2022-07-23,18:15,32.1,14.4,35,WEST,32.2,37,1019,0,0,1,339,,
2022-07-23,18:30,31.8,16.1,39,WEST,17.7,35.4,1019.07,0,0,1,292,,
2022-07-23,18:45,31.1,16.7,42,WEST,32.2,32.2,1018.93,0,0,1,250,,
2022-07-23,19:00,30.9,17.2,44,WEST,17.7,38.6,1019.07,0,0,0,200,,
2022-07-23,19:15,30.5,18.3,49,WEST,24.1,33.8,1019.27,0,0,0,153,,
2022-07-23,19:30,29.9,18.3,51,WNW,20.9,29,1019.3,0,0,0,107,,
2022-07-23,19:45,29.6,17.2,47,WNW,16.1,29,1019.44,0,0,0,70,,
2022-07-23,20:00,29.1,17.2,50,WEST,20.9,25.7,1019.3,0,0,0,37,,
2022-07-23,20:15,28.5,17.2,51,WEST,12.9,25.7,1019.34,0,0,0,21,,
2022-07-23,20:30,27.9,17.8,55,WNW,19.3,24.1,1019.3,0,0,0,12,,
2022-07-23,20:45,27.3,18.3,59,WNW,14.5,19.3,1019.37,0,0,0,0,,
2022-07-23,21:00,26.9,20.6,68,WEST,12.9,17.7,1019.44,0,0,0,0,,
2022-07-23,21:15,26.3,21.1,73,WEST,6.4,14.5,1019.54,0,0,0,0,,
2022-07-23,21:30,25.8,21.1,77,WEST,1.6,16.1,1019.64,0,0,0,0,,
2022-07-23,21:45,25.5,21.7,79,WEST,9.7,17.7,1019.78,0,0,0,0,,
2022-07-23,22:00,25.3,21.7,80,WNW,6.4,19.3,1020.01,0,0,0,0,,
2022-07-23,22:15,25.2,21.7,81,WEST,6.4,20.9,1020.25,0,0,0,0,,
2022-07-23,22:30,25.1,21.7,81,WNW,11.3,22.5,1020.35,0,0,0,0,,
2022-07-23,22:45,24.8,21.7,83,WEST,11.3,14.5,1020.39,0,0,0,0,,
2022-07-23,23:00,24.7,21.7,84,WNW,14.5,16.1,1020.32,0,0,0,0,,
2022-07-23,23:15,24.7,21.7,85,WNW,3.2,17.7,1020.49,0,0,0,0,,
2022-07-23,23:30,24.6,22.2,86,WNW,3.2,17.7,1020.52,0,0,0,0,,
2022-07-23,23:45,24.6,22.2,87,WEST,17.7,19.3,1020.49,0,0,0,0,,
2022-07-23,OVR,,,,,,,,,,,,gustmax,37
2022-07-23,OVR,,,,,,,,,,,,rainrate_max,0
2022-07-23,OVR,,,,,,,,,,,,rain_total_mm,0
2022-07-23,OVR,,,,,,,,,,,,tmax,35.1
2022-07-23,OVR,,,,,,,,,,,,tmin,22.6
2022-07-23,OVR,,,,,,,,,,,,wind_dir_mean_deg,292.5
2022-07-24,00:00,24.6,22.2,88,WNW,6.4,14.5,1020.45,0,0,0,0,,
2022-07-24,00:15,24.6,22.8,89,WNW,3.2,12.9,1020.59,0,0,0,0,,
2022-07-24,00:30,24.4,22.8,90,WNW,3.2,14.5,1020.56,0,0,0,0,,
2022-07-24,00:45,24.4,22.8,91,WNW,3.2,8,1020.49,0,0,0,0,,
2022-07-24,01:00,24.1,22.2,91,NORTH,0,6.4,1020.59,0,0,0,0,,
2022-07-24,01:15,24.2,22.8,92,WNW,6.4,12.9,1020.45,0,0,0,0,,
2022-07-24,01:30,24.2,22.8,92,WNW,11.3,17.7,1020.39,0,0,0,0,,
2022-07-24,01:45,24.1,22.8,92,WNW,8,11.3,1020.39,0,0,0,0,,
2022-07-24,02:00,24.1,22.8,92,NORTH,0,12.9,1020.29,0,0,0,0,,
2022-07-24,02:15,24,22.2,92,NORTH,0,6.4,1020.18,0,0,0,0,,
2022-07-24,02:30,23.7,22.2,92,NORTH,0,4.8,1020.01,0,0,0,0,,
2022-07-24,02:45,23.4,21.7,91,WNW,1.6,1.6,1020.05,0,0,0,0,,
2022-07-24,03:00,23.3,21.7,92,WNW,1.6,3.2,1019.84,0,0,0,0,,
2022-07-24,03:15,22.9,21.1,91,WNW,1.6,3.2,1019.64,0,0,0,0,,
2022-07-24,03:30,23,21.1,89,NORTH,0,4.8,1019.54,0,0,0,0,,
2022-07-24,03:45,22.6,20,87,WNW,1.6,3.2,1019.51,0,0,0,0,,
2022-07-24,04:00,22.9,19.4,83,NW,1.6,6.4,1019.54,0,0,0,0,,
2022-07-24,04:15,22.8,18.9,81,NORTH,0,4.8,1019.34,0,0,0,0,,
2022-07-24,04:30,22.1,18.3,80,NORTH,0,0,1019.37,0,0,0,0,,
2022-07-24,04:45,21.9,18.3,80,NORTH,0,0,1019.3,0,0,0,0,,
2022-07-24,05:00,22.4,18.3,78,NW,3.2,3.2,1019.2,0,0,0,0,,
2022-07-24,05:15,22.6,17.8,76,NW,3.2,4.8,1019.27,0,0,0,0,,
2022-07-24,05:30,23.5,17.2,70,NW,1.6,6.4,1019.27,0,0,0,0,,
2022-07-24,05:45,23.5,17.2,68,NW,1.6,4.8,1019.37,0,0,0,0,,
2022-07-24,06:00,23.2,16.7,68,NW,1.6,4.8,1019.61,0,0,0,0,,
2022-07-24,06:15,23.1,16.7,68,NORTH,0,3.2,1019.54,0,0,0,0,,
2022-07-24,06:30,23.4,16.7,66,NW,3.2,6.4,1019.54,0,0,0,11,,
2022-07-24,06:45,23.4,16.1,65,NW,1.6,3.2,1019.64,0,0,0,23,,
2022-07-24,07:00,23.7,16.1,63,NW,1.6,4.8,1019.61,0,0,0,56,,
2022-07-24,07:15,24.3,16.1,61,NW,1.6,3.2,1019.57,0,0,0,107,,
2022-07-24,07:30,24.9,16.1,60,NW,1.6,3.2,1019.54,0,0,0,155,,
2022-07-24,07:45,25.5,16.7,58,NW,1.6,6.4,1019.54,0,0,0,199,,
2022-07-24,08:00,25.5,16.7,58,NW,1.6,4.8,1019.57,0,0,0,229,,
2022-07-24,08:15,26.1,16.7,56,NW,1.6,3.2,1019.84,0,0,1,265,,
2022-07-24,08:30,26.9,15.6,49,NW,4.8,8,1020.08,0,0,1,336,,
2022-07-24,08:45,27.2,15.6,50,NW,6.4,11.3,1020.05,0,0,1,381,,
2022-07-24,09:00,28.2,16.1,48,NW,4.8,9.7,1020.12,0,0,1,422,,
2022-07-24,09:15,28.8,15.6,45,NW,4.8,8,1020.12,0,0,2,432,,
2022-07-24,09:30,29.3,15,42,NW,4.8,8,1020.05,0,0,2,431,,
2022-07-24,09:45,30.1,13.9,37,NW,6.4,8,1019.98,0,0,2,448,,
2022-07-24,10:00,30.9,12.8,33,NNW,6.4,9.7,1020.05,0,0,2,513,,
2022-07-24,10:15,31.4,13.3,34,NNW,6.4,12.9,1019.91,0,0,3,621,,
2022-07-24,10:30,31.6,15.6,38,NNW,3.2,14.5,1019.98,0,0,3,680,,
2022-07-24,10:45,31.7,15,37,WNW,8,17.7,1020.05,0,0,3,715,,
2022-07-24,11:00,32.1,16.1,39,WNW,6.4,17.7,1020.22,0,0,4,752,,
2022-07-24,11:15,31.8,16.7,40,WEST,11.3,19.3,1020.12,0,0,4,779,,
2022-07-24,11:30,32.7,17.8,42,WNW,6.4,16.1,1020.32,0,0,4,810,,
2022-07-24,11:45,32.8,16.1,37,WNW,14.5,24.1,1020.18,0,0,5,837,,
2022-07-24,12:00,33.4,16.1,36,WEST,19.3,25.7,1020.29,0,0,5,858,,
2022-07-24,12:15,33.6,15.6,34,WEST,19.3,27.4,1020.32,0,0,5,874,,
2022-07-24,12:30,33.8,15.6,34,ENE,4.8,29,1020.12,0,0,5,889,,
2022-07-24,12:45,34.1,14.4,30,WEST,24.1,29,1019.91,0,0,5,898,,
2022-07-24,13:00,34.4,15.6,33,WEST,32.2,38.6,1019.81,0,0,6,905,,
2022-07-24,13:15,34.3,15.6,33,WEST,11.3,40.2,1019.71,0,0,6,907,,
2022-07-24,13:30,34.3,16.7,35,ENE,17.7,41.8,1019.84,0,0,6,907,,
2022-07-24,13:45,34.3,16.1,34,NW,20.9,45.1,1019.91,0,0,6,905,,
2022-07-24,14:00,34.5,15.6,33,WNW,20.9,40.2,1019.64,0,0,6,904,,
2022-07-24,14:15,34.6,16.7,34,WNW,17.7,41.8,1019.61,0,0,5,888,,
2022-07-24,14:30,34.6,15,31,WNW,19.3,43.5,1019.68,0,0,5,872,,
2022-07-24,14:45,34.3,15.6,32,WNW,16.1,48.3,1019.47,0,0,5,860,,
2022-07-24,15:00,34.3,15,31,WEST,27.4,45.1,1019.37,0,0,5,835,,
2022-07-24,15:15,35.1,15.6,31,WSW,16.1,25.7,1019.4,0,0,5,817,,
2022-07-24,15:30,34.7,15,31,ENE,17.7,41.8,1019.27,0,0,4,780,,
2022-07-24,15:45,34.7,15,31,WEST,24.1,45.1,1019.17,0,0,4,752,,
2022-07-24,16:00,34.7,13.9,29,WNW,25.7,45.1,1018.93,0,0,4,722,,
2022-07-24,16:15,34.9,14.4,30,WNW,33.8,46.7,1018.83,0,0,3,691,,
2022-07-24,16:30,34.1,15.6,33,WEST,32.2,46.7,1018.83,0,0,3,650,,
2022-07-24,16:45,33.8,12.8,28,WEST,24.1,46.7,1018.86,0,0,3,610,,
2022-07-24,17:00,33.2,17.2,39,WNW,33.8,48.3,1018.76,0,0,2,568,,
2022-07-24,17:15,33,17.2,40,NE,17.7,41.8,1018.59,0,0,2,524,,
2022-07-24,17:30,32.9,17.2,39,NW,25.7,45.1,1018.56,0,0,2,483,,
2022-07-24,17:45,32.3,17.8,42,WNW,40.2,48.3,1018.49,0,0,2,431,,
2022-07-24,18:00,32,17.8,44,WNW,29,46.7,1018.32,0,0,1,387,,
2022-07-24,18:15,32.1,17.8,43,WEST,35.4,43.5,1018.25,0,0,1,336,,
2022-07-24,18:30,31.8,17.8,43,WNW,22.5,46.7,1018.12,0,0,1,290,,
2022-07-24,18:45,31.6,17.8,45,WNW,24.1,40.2,1018.32,0,0,1,244,,
2022-07-24,19:00,31.3,17.8,45,WEST,27.4,41.8,1018.19,0,0,0,195,,
2022-07-24,19:15,31.1,17.2,44,WEST,22.5,40.2,1018.22,0,0,0,151,,
2022-07-24,19:30,30.8,17.2,45,WEST,22.5,43.5,1018.25,0,0,0,105,,
2022-07-24,19:45,30.2,18.3,50,WEST,30.6,48.3,1018.35,0,0,0,69,,
2022-07-24,20:00,29.6,18.9,53,WEST,22.5,41.8,1018.32,0,0,0,37,,
2022-07-24,20:15,29,18.9,55,WEST,27.4,37,1018.29,0,0,0,21,,
2022-07-24,20:30,28.4,19.4,58,WNW,19.3,30.6,1018.46,0,0,0,12,,
2022-07-24,20:45,27.9,19.4,61,WNW,11.3,25.7,1018.56,0,0,0,0,,
2022-07-24,21:00,27.5,20,64,WEST,17.7,29,1018.56,0,0,0,0,,
2022-07-24,21:15,27.1,20,66,WEST,12.9,22.5,1018.56,0,0,0,0,,
2022-07-24,21:30,26.8,20,66,WEST,14.5,22.5,1018.63,0,0,0,0,,
2022-07-24,21:45,26.5,20,67,WNW,11.3,24.1,1018.73,0,0,0,0,,
2022-07-24,22:00,26.3,19.4,66,WEST,9.7,22.5,1018.8,0,0,0,0,,
2022-07-24,22:15,26.3,18.9,64,WEST,6.4,19.3,1019.07,0,0,0,0,,
2022-07-24,22:30,26.2,19.4,67,WEST,6.4,16.1,1019.13,0,0,0,0,,
2022-07-24,22:45,25.7,19.4,70,WNW,3.2,14.5,1019.17,0,0,0,0,,
2022-07-24,23:00,25.3,20,72,WEST,1.6,4.8,1019.3,0,0,0,0,,
2022-07-24,23:15,24.8,20,76,NORTH,0,4.8,1019.37,0,0,0,0,,
2022-07-24,23:30,24.3,19.4,76,NORTH,0,4.8,1019.3,0,0,0,0,,
2022-07-24,23:45,23.8,20,79,NORTH,0,1.6,1019.2,0,0,0,0,,
2022-07-24,OVR,,,,,,,,,,,,gustmax,40.2
2022-07-24,OVR,,,,,,,,,,,,rainrate_max,0
2022-07-24,OVR,,,,,,,,,,,,rain_total_mm,0
2022-07-24,OVR,,,,,,,,,,,,tmax,35.3
2022-07-24,OVR,,,,,,,,,,,,tmin,21.7
2022-07-24,OVR,,,,,,,,,,,,wind_dir_mean_deg,292.5
2022-07-25,00:00,23.9,20,79,WEST,1.6,1.6,1019.27,0,0,0,0,,
2022-07-25,00:15,23.6,20,81,NORTH,0,1.6,1019.2,0,0,0,0,,
2022-07-25,00:30,23.7,20,82,WEST,1.6,3.2,1019.17,0,0,0,0,,
2022-07-25,00:45,23.4,20,83,WEST,1.6,4.8,1019.24,0,0,0,0,,
2022-07-25,01:00,23.6,20.6,83,NORTH,0,3.2,1018.93,0,0,0,0,,
2022-07-25,01:15,23.5,20.6,84,NORTH,0,3.2,1018.93,0,0,0,0,,
2022-07-25,01:30,23.4,20.6,84,NORTH,0,3.2,1018.86,0,0,0,0,,
2022-07-25,01:45,23.6,20.6,85,WEST,1.6,4.8,1018.83,0,0,0,0,,
2022-07-25,02:00,23.1,20.6,86,NORTH,0,3.2,1018.73,0,0,0,0,,
2022-07-25,02:15,23,20.6,87,WEST,3.2,4.8,1018.63,0,0,0,0,,
2022-07-25,02:30,22.9,20.6,88,NORTH,0,3.2,1018.46,0,0,0,0,,
2022-07-25,02:45,22.6,20.6,88,NORTH,0,0,1018.32,0,0,0,0,,
2022-07-25,03:00,22.4,20.6,89,NORTH,0,3.2,1018.39,0,0,0,0,,
2022-07-25,03:15,22.8,20,85,NORTH,0,3.2,1018.39,0,0,0,0,,
2022-07-25,03:30,22.7,18.9,81,NORTH,0,3.2,1018.29,0,0,0,0,,
2022-07-25,03:45,23,17.8,74,NORTH,0,3.2,1018.22,0,0,0,0,,
2022-07-25,04:00,23.4,17.8,71,WEST,1.6,3.2,1018.08,0,0,0,0,,
2022-07-25,04:15,24.3,17.2,66,WEST,3.2,3.2,1018.19,0,0,0,0,,
2022-07-25,04:30,24.1,16.7,64,NORTH,0,3.2,1018.02,0,0,0,0,,
2022-07-25,04:45,24.2,16.7,64,NORTH,0,3.2,1018.08,0,0,0,0,,
2022-07-25,05:00,24.4,16.7,62,WEST,1.6,4.8,1017.85,0,0,0,0,,
2022-07-25,05:15,24.2,16.1,61,WEST,1.6,3.2,1017.78,0,0,0,0,,
2022-07-25,05:30,24.4,15.6,59,NORTH,0,3.2,1017.78,0,0,0,0,,
2022-07-25,05:45,24.8,15.6,57,WEST,1.6,3.2,1017.85,0,0,0,0,,
2022-07-25,06:00,25,15.6,56,WEST,1.6,3.2,1017.85,0,0,0,0,,
2022-07-25,06:15,25.1,15,55,WEST,1.6,4.8,1017.91,0,0,0,0,,
2022-07-25,06:30,25.1,15,55,NORTH,0,3.2,1017.95,0,0,0,11,,
2022-07-25,06:45,25.4,15.6,55,WEST,1.6,3.2,1018.05,0,0,0,21,,
2022-07-25,07:00,25.8,15.6,54,NORTH,0,3.2,1018.15,0,0,0,54,,
2022-07-25,07:15,26.3,15,51,WEST,1.6,3.2,1017.98,0,0,0,98,,
2022-07-25,07:30,26.6,15,50,WEST,1.6,3.2,1018.02,0,0,0,148,,
2022-07-25,07:45,27,15.6,49,WEST,1.6,3.2,1018.05,0,0,0,193,,
2022-07-25,08:00,27.3,15,47,NW,1.6,4.8,1018.08,0,0,0,218,,
2022-07-25,08:15,27.7,15.6,48,NW,1.6,4.8,1018.05,0,0,1,264,,
2022-07-25,08:30,27.9,16.1,49,NW,1.6,4.8,1017.95,0,0,1,336,,
2022-07-25,08:45,28.5,14.4,42,NW,3.2,4.8,1018.12,0,0,1,381,,
2022-07-25,09:00,29.6,13.9,39,NW,1.6,6.4,1018.12,0,0,1,422,,
2022-07-25,09:15,30.1,13.3,37,NW,3.2,6.4,1018.08,0,0,2,432,,
2022-07-25,09:30,30.8,13.3,35,NW,1.6,6.4,1018.19,0,0,2,429,,
2022-07-25,09:45,31.2,12.2,32,NW,6.4,11.3,1018.12,0,0,2,446,,
2022-07-25,10:00,32.1,11.1,28,NW,6.4,12.9,1018.25,0,0,3,515,,
2022-07-25,10:15,32.3,10,25,NW,8,12.9,1018.22,0,0,3,628,,
2022-07-25,10:30,32.8,10,24,NW,8,16.1,1018.39,0,0,3,691,,
2022-07-25,10:45,32.8,10.6,26,NNW,6.4,12.9,1018.32,0,0,4,728,,
2022-07-25,11:00,33.3,10.6,25,NORTH,0,16.1,1018.32,0,0,4,759,,
2022-07-25,11:15,33.6,11.7,26,NW,6.4,17.7,1018.15,0,0,4,788,,
2022-07-25,11:30,33.7,11.7,26,WNW,6.4,14.5,1017.98,0,0,4,814,,
2022-07-25,11:45,34.2,12.2,27,WEST,14.5,20.9,1017.95,0,0,5,837,,
2022-07-25,12:00,34.3,12.8,27,WNW,19.3,29,1017.91,0,0,5,860,,
2022-07-25,12:15,34.1,15,32,WNW,8,24.1,1017.88,0,0,5,868,,
2022-07-25,12:30,34.2,14.4,30,WNW,27.4,38.6,1017.81,0,0,5,886,,
2022-07-25,12:45,34.9,13.9,29,,17.7,32.2,1017.95,0,0,6,895,,
2022-07-25,13:00,35.4,13.9,27,WNW,17.7,32.2,1017.85,0,0,6,907,,
2022-07-25,13:15,34.7,13.3,27,NW,17.7,46.7,1017.44,0,0,6,911,,
2022-07-25,13:30,34.9,12.8,27,WNW,17.7,40.2,1017.51,0,0,6,905,,
2022-07-25,13:45,34.9,13.9,28,WNW,24.1,40.2,1017.34,0,0,6,911,,
2022-07-25,14:00,34.7,14.4,30,WSW,12.9,45.1,1017.51,0,0,6,902,,
2022-07-25,14:15,35.1,13.9,28,WNW,35.4,38.6,1017.34,0,0,6,893,,
2022-07-25,14:30,34.9,13.3,27,WNW,24.1,40.2,1017.44,0,0,6,877,,
2022-07-25,15:00,34.6,11.7,25,WEST,32.2,46.7,1017.31,0,0,5,838,,
2022-07-25,15:15,34.4,11.7,25,WNW,17.7,48.3,1017.17,0,0,5,809,,
2022-07-25,15:30,34.3,12.8,27,WNW,16.1,45.1,1017.14,0,0,5,784,,
2022-07-25,15:45,34.4,12.8,27,WNW,16.1,33.8,1017,0,0,4,756,,
2022-07-25,16:00,34.1,12.8,28,NE,14.5,41.8,1016.86,0,0,4,717,,
2022-07-25,16:15,34.1,12.8,28,WEST,30.6,41.8,1016.73,0,0,3,686,,
2022-07-25,16:30,34.1,12.8,28,WNW,16.1,38.6,1016.59,0,0,3,645,,
2022-07-25,16:45,33.9,12.8,28,WEST,17.7,33.8,1016.49,0,0,3,606,,
2022-07-25,17:00,33.7,12.2,28,WEST,19.3,43.5,1016.36,0,0,2,566,,
2022-07-25,17:15,33.4,11.7,26,WNW,20.9,46.7,1016.22,0,0,2,519,,
2022-07-25,17:30,33.4,11.7,27,WEST,20.9,49.9,1016.36,0,0,2,480,,
2022-07-25,17:45,33.2,11.1,26,WNW,35.4,46.7,1016.22,0,0,2,432,,
2022-07-25,18:00,33.1,11.7,28,WEST,27.4,41.8,1016.32,0,0,1,385,,
2022-07-25,18:15,32.7,13.3,31,WNW,25.7,40.2,1016.22,0,0,1,338,,
2022-07-25,18:30,32.3,13.3,32,WEST,30.6,41.8,1016.12,0,0,1,294,,
2022-07-25,18:45,31.9,13.9,33,WEST,29,43.5,1016.29,0,0,1,246,,
2022-07-25,19:00,31.6,13.9,34,WNW,29,45.1,1016.22,0,0,0,197,,
2022-07-25,19:15,31.4,14.4,36,WEST,17.7,40.2,1016.32,0,0,0,149,,
2022-07-25,19:30,31,15.6,39,WEST,25.7,43.5,1016.22,0,0,0,104,,
2022-07-25,19:45,30.6,16.1,42,WNW,20.9,43.5,1016.32,0,0,0,67,,
2022-07-25,20:00,29.9,17.2,47,WEST,25.7,40.2,1016.42,0,0,0,35,,
2022-07-25,20:15,29.3,17.2,49,WNW,17.7,29,1016.42,0,0,0,21,,
2022-07-25,20:30,28.8,17.8,51,WEST,14.5,27.4,1016.36,0,0,0,11,,
2022-07-25,20:45,28.4,17.8,53,WEST,20.9,30.6,1016.36,0,0,0,0,,
2022-07-25,21:00,27.9,17.8,55,WNW,12.9,25.7,1016.32,0,0,0,0,,
2022-07-25,21:15,27.7,17.2,54,WEST,20.9,24.1,1016.39,0,0,0,0,,
2022-07-25,21:30,27.4,17.8,56,WNW,11.3,20.9,1016.42,0,0,0,0,,
2022-07-25,21:45,27,17.2,56,NORTH,0,14.5,1016.46,0,0,0,0,,
2022-07-25,22:00,27.2,18.3,59,WNW,12.9,16.1,1016.7,0,0,0,0,,
2022-07-25,22:15,26.5,18.3,61,WNW,1.6,11.3,1016.83,0,0,0,0,,
2022-07-25,22:30,25.7,17.2,61,NORTH,0,4.8,1016.66,0,0,0,0,,
2022-07-25,22:45,24.4,16.7,62,NORTH,0,4.8,1016.76,0,0,0,0,,
2022-07-25,23:00,24,16.7,65,WNW,1.6,4.8,1016.73,0,0,0,0,,
2022-07-25,23:15,23.8,16.1,63,WNW,6.4,6.4,1016.59,0,0,0,0,,
2022-07-25,23:30,24.5,15.6,58,NORTH,0,3.2,1016.76,0,0,0,0,,
2022-07-25,23:45,25.2,16.1,58,WNW,1.6,4.8,1016.76,0,0,0,0,,
2022-07-25,OVR,,,,,,,,,,,,gustmax,35.4
2022-07-25,OVR,,,,,,,,,,,,rainrate_max,0
2022-07-25,OVR,,,,,,,,,,,,rain_total_mm,0
2022-07-25,OVR,,,,,,,,,,,,tmax,35.6
2022-07-25,OVR,,,,,,,,,,,,tmin,22.2
2022-07-25,OVR,,,,,,,,,,,,wind_dir_mean_deg,292.5
2022-07-26,00:00,24.5,16.1,61,WNW,1.6,4.8,1016.59,0,0,0,0,,
2022-07-26,00:15,24.6,16.7,62,WNW,1.6,4.8,1016.53,0,0,0,0,,
2022-07-26,00:30,25.4,16.7,60,NORTH,0,6.4,1016.63,0,0,0,0,,
2022-07-26,00:45,24.4,17.8,67,WNW,3.2,4.8,1016.46,0,0,0,0,,
2022-07-26,01:00,24.2,18.9,73,NORTH,0,3.2,1016.49,0,0,0,0,,
2022-07-26,01:15,24.4,20,77,WNW,3.2,3.2,1016.36,0,0,0,0,,
2022-07-26,01:30,24.3,19.4,75,WNW,1.6,3.2,1016.49,0,0,0,0,,
2022-07-26,01:45,23.9,19.4,77,NORTH,0,3.2,1016.42,0,0,0,0,,
2022-07-26,02:00,24.9,20,75,NORTH,0,4.8,1016.32,0,0,0,0,,
2022-07-26,02:15,24.8,20,76,WNW,1.6,6.4,1016.29,0,0,0,0,,
2022-07-26,02:30,23.8,19.4,78,WNW,1.6,1.6,1016.09,0,0,0,0,,
2022-07-26,02:45,23.3,18.3,76,NORTH,0,4.8,1015.92,0,0,0,0,,
2022-07-26,03:00,23.1,17.8,73,NORTH,0,3.2,1015.85,0,0,0,0,,
2022-07-26,03:15,23.4,17.8,71,NORTH,0,3.2,1015.78,0,0,0,0,,
2022-07-26,03:30,23.2,17.2,70,WNW,1.6,4.8,1015.71,0,0,0,0,,
2022-07-26,03:45,22.8,17.2,70,NORTH,0,4.8,1015.58,0,0,0,0,,
2022-07-26,04:00,22.8,16.7,69,WNW,3.2,4.8,1015.61,0,0,0,0,,
2022-07-26,04:15,22.7,16.7,69,WNW,4.8,6.4,1015.37,0,0,0,0,,
2022-07-26,04:30,22.9,16.7,68,WNW,1.6,4.8,1015.61,0,0,0,0,,
2022-07-26,04:45,22.4,15.6,66,NORTH,0,3.2,1015.51,0,0,0,0,,
2022-07-26,05:00,22.6,15,63,WNW,1.6,4.8,1015.41,0,0,0,0,,
2022-07-26,05:15,23.4,17.8,71,WNW,3.2,6.4,1015.41,0,0,0,0,,
2022-07-26,05:30,23.9,20,78,WNW,12.9,19.3,1015.34,0,0,0,0,,
2022-07-26,05:45,24,20.6,83,WNW,9.7,17.7,1015.21,0,0,0,0,,
2022-07-26,06:00,23.9,21.1,86,WEST,11.3,19.3,1015.21,0,0,0,0,,
2022-07-26,06:15,23.6,21.1,87,WEST,11.3,19.3,1015.34,0,0,0,0,,
2022-07-26,06:30,23.3,20.6,87,WEST,11.3,20.9,1015.34,0,0,0,11,,
2022-07-26,06:45,23.2,20,83,WEST,11.3,20.9,1015.27,0,0,0,25,,
2022-07-26,07:00,23.4,19.4,80,WNW,9.7,17.7,1015.41,0,0,0,51,,
2022-07-26,07:15,23.7,19.4,79,WNW,6.4,16.1,1015.21,0,0,0,90,,
2022-07-26,07:30,24.1,20,80,WNW,8,19.3,1015.31,0,0,0,137,,
2022-07-26,07:45,24.4,20.6,81,WNW,16.1,24.1,1015.24,0,0,0,185,,
2022-07-26,08:00,24.6,21.1,82,WEST,14.5,17.7,1015.1,0,0,0,202,,
2022-07-26,08:15,24.7,21.7,83,WEST,12.9,22.5,1015.31,0,0,1,258,,
2022-07-26,08:30,25.2,21.7,81,WNW,3.2,24.1,1015.31,0,0,1,323,,
2022-07-26,08:45,25.7,21.7,79,WNW,8,17.7,1015.41,0,0,1,373,,
2022-07-26,09:00,26.3,22.2,78,WEST,12.9,19.3,1015.54,0,0,1,413,,
2022-07-26,09:15,26.6,21.7,75,WNW,14.5,19.3,1015.51,0,0,2,424,,
2022-07-26,09:30,26.8,21.7,74,WEST,16.1,24.1,1015.44,0,0,2,422,,
2022-07-26,09:45,26.9,21.7,74,WNW,16.1,29,1015.44,0,0,2,438,,
2022-07-26,10:00,27.6,21.7,71,NW,16.1,20.9,1015.31,0,0,2,510,,
2022-07-26,10:15,28.2,21.7,68,WNW,8,20.9,1015.34,0,0,3,610,,
2022-07-26,10:30,28.8,21.1,63,WNW,14.5,25.7,1015.41,0,0,3,673,,
2022-07-26,10:45,28.7,21.7,66,WEST,16.1,37,1015.51,0,0,3,710,,
2022-07-26,11:00,29.1,20.6,61,WNW,11.3,37,1015.24,0,0,4,742,,
2022-07-26,11:15,29.8,20.6,58,WEST,24.1,37,1015.41,0,0,4,775,,
2022-07-26,11:30,29.7,20,56,WNW,12.9,37,1015.41,0,0,4,802,,
2022-07-26,11:45,30.6,19.4,53,NW,12.9,41.8,1015.34,0,0,5,830,,
2022-07-26,12:00,30.9,18.3,47,WEST,22.5,38.6,1015.24,0,0,5,853,,
2022-07-26,12:15,31.3,17.2,43,WEST,17.7,40.2,1015.21,0,0,5,868,,
2022-07-26,12:30,31,18.3,46,WEST,16.1,37,1015.21,0,0,6,882,,
2022-07-26,12:45,31.1,17.8,45,WEST,19.3,41.8,1015.04,0,0,6,891,,
2022-07-26,13:00,31,18.3,47,ENE,17.7,41.8,1014.93,0,0,6,898,,
2022-07-26,13:15,31.3,18.9,47,WNW,29,35.4,1015.04,0,0,6,898,,
2022-07-26,13:30,31.3,18.9,48,WEST,14.5,40.2,1014.87,0,0,6,898,,
2022-07-26,13:45,31.1,19.4,50,WEST,16.1,43.5,1014.8,0,0,6,891,,
2022-07-26,14:00,30.7,21.1,56,WEST,37,51.5,1014.97,0,0,6,877,,
2022-07-26,14:15,30.4,21.1,59,NNW,19.3,46.7,1014.8,0,0,5,868,,
2022-07-26,14:45,30.4,21.7,60,WEST,19.3,53.1,1014.8,0,0,5,840,,
2022-07-26,15:00,30.6,21.1,57,WEST,16.1,40.2,1014.8,0,0,5,812,,
2022-07-26,15:15,30.4,21.1,57,WEST,24.1,40.2,1014.83,0,0,5,788,,
2022-07-26,15:30,30.3,20.6,56,WEST,25.7,41.8,1014.7,0,0,4,759,,
2022-07-26,15:45,30.8,20.6,55,WEST,16.1,41.8,1014.56,0,0,4,726,,
2022-07-26,16:00,30.4,20,54,WNW,24.1,46.7,1014.49,0,0,4,696,,
2022-07-26,16:15,30.2,20,55,WEST,25.7,45.1,1014.6,0,0,3,650,,
2022-07-26,16:30,29.7,21.1,60,WEST,24.1,41.8,1014.46,0,0,3,615,,
2022-07-26,16:45,29.5,21.7,62,WNW,20.9,46.7,1014.36,0,0,3,582,,
2022-07-26,17:00,29.4,21.7,64,WNW,25.7,40.2,1014.39,0,0,2,540,,
2022-07-26,17:15,29.1,21.7,65,WNW,22.5,40.2,1014.19,0,0,2,497,,
2022-07-26,17:30,28.9,21.7,65,WEST,30.6,46.7,1014.05,0,0,2,457,,
2022-07-26,17:45,29,21.7,65,WNW,25.7,45.1,1013.85,0,0,2,410,,
2022-07-26,18:00,29.3,21.7,64,WNW,17.7,38.6,1013.85,0,0,1,367,,
2022-07-26,18:15,29.1,21.7,65,WEST,24.1,38.6,1013.92,0,0,1,318,,
2022-07-26,18:30,28.8,21.7,67,WNW,25.7,38.6,1013.82,0,0,1,276,,
2022-07-26,18:45,28.6,22.2,69,WNW,20.9,45.1,1013.82,0,0,1,229,,
2022-07-26,19:00,28.2,22.2,71,NW,14.5,29,1013.99,0,0,0,185,,
2022-07-26,19:15,27.8,22.2,72,WNW,12.9,33.8,1013.85,0,0,0,137,,
2022-07-26,19:30,27.6,22.2,73,WEST,20.9,37,1013.92,0,0,0,95,,
2022-07-26,19:45,27.3,22.2,74,WEST,32.2,37,1013.75,0,0,0,63,,
2022-07-26,20:00,26.8,22.2,76,WEST,25.7,32.2,1013.68,0,0,0,39,,
2022-07-26,20:15,26.3,22.2,78,WNW,16.1,25.7,1013.82,0,0,0,23,,
2022-07-26,20:30,25.9,22.2,80,WEST,19.3,37,1013.85,0,0,0,9,,
2022-07-26,20:45,25.6,22.2,82,WNW,12.9,30.6,1013.65,0,0,0,0,,
2022-07-26,21:00,25.3,22.2,83,WNW,12.9,25.7,1013.65,0,0,0,0,,
2022-07-26,21:15,25,22.2,84,WNW,14.5,25.7,1013.72,0,0,0,0,,
2022-07-26,21:30,24.8,22.2,85,NW,12.9,22.5,1013.95,0,0,0,0,,
2022-07-26,21:45,24.6,21.7,86,WEST,9.7,22.5,1014.09,0,0,0,0,,
2022-07-26,22:00,24.4,21.7,86,WEST,9.7,19.3,1014.16,0,0,0,0,,
2022-07-26,22:15,24.4,21.7,86,WNW,4.8,17.7,1014.12,0,0,0,0,,
2022-07-26,22:30,24.2,21.7,86,WSW,6.4,12.9,1014.26,0,0,0,0,,
2022-07-26,22:45,24.1,21.7,87,WEST,1.6,17.7,1014.29,0,0,0,0,,
2022-07-26,23:00,23.9,21.7,87,WEST,6.4,17.7,1014.16,0,0,0,0,,
2022-07-26,23:15,23.8,21.7,88,WEST,6.4,17.7,1014.12,0,0,0,0,,
2022-07-26,23:30,23.7,21.7,88,WEST,6.4,19.3,1014.22,0,0,0,0,,
2022-07-26,23:45,23.5,21.1,88,WEST,9.7,16.1,1014.33,0,0,0,0,,
2022-07-26,OVR,,,,,,,,,,,,gustmax,37
2022-07-26,OVR,,,,,,,,,,,,rainrate_max,0
2022-07-26,OVR,,,,,,,,,,,,rain_total_mm,0
2022-07-26,OVR,,,,,,,,,,,,tmax,31.4
2022-07-26,OVR,,,,,,,,,,,,tmin,22.2
2022-07-26,OVR,,,,,,,,,,,,wind_dir_mean_deg,292.5
2022-07-27,00:00,23.3,21.1,89,WEST,11.3,17.7,1014.29,0,0,0,0,,
2022-07-27,00:15,23.3,21.1,89,WNW,12.9,17.7,1014.33,0,0,0,0,,
2022-07-27,00:30,23.2,21.1,89,WEST,14.5,19.3,1014.19,0,0,0,0,,
2022-07-27,00:45,23.2,21.1,89,WEST,6.4,22.5,1014.26,0,0,0,0,,
2022-07-27,01:00,23.1,21.1,90,WEST,1.6,16.1,1014.09,0,0,0,0,,
2022-07-27,01:15,23.1,21.1,90,WNW,6.4,16.1,1014.05,0,0,0,0,,
2022-07-27,01:30,23,21.1,90,WNW,4.8,16.1,1013.99,0,0,0,0,,
2022-07-27,01:45,22.9,21.1,90,WNW,3.2,6.4,1013.99,0,0,0,0,,
2022-07-27,02:00,22.7,21.1,91,WNW,1.6,14.5,1013.88,0,0,0,0,,
2022-07-27,02:15,22.6,21.1,91,WEST,9.7,14.5,1013.88,0,0,0,0,,
2022-07-27,02:30,22.5,21.1,91,WEST,12.9,19.3,1013.61,0,0,0,0,,
2022-07-27,02:45,22.3,20.6,92,WEST,1.6,9.7,1013.68,0,0,0,0,,
2022-07-27,03:00,22.2,20.6,92,WEST,4.8,9.7,1013.48,0,0,0,0,,
2022-07-27,03:15,22.3,20.6,91,WEST,12.9,25.7,1013.34,0,0,0,0,,
2022-07-27,03:30,22.5,20.6,90,WEST,11.3,27.4,1013.17,0,0,0,0,,
2022-07-27,03:45,22.6,20.6,89,WEST,16.1,25.7,1013.28,0,0,0,0,,
2022-07-27,04:00,22.4,20,88,WNW,14.5,29,1013,0,0,0,0,,
2022-07-27,04:15,22.3,20,87,WEST,11.3,20.9,1013,0,0,0,0,,
2022-07-27,04:30,22.3,20,86,WNW,6.4,20.9,1013.11,0,0,0,0,,
2022-07-27,04:45,22.3,20,87,WNW,9.7,20.9,1012.94,0,0,0,0,,
2022-07-27,05:00,22.2,20,88,WNW,12.9,16.1,1012.87,0,0,0,0,,
2022-07-27,05:15,22.2,20,88,WEST,14.5,24.1,1012.73,0,0,0,0,,
2022-07-27,05:30,22.2,20,87,WEST,27.4,30.6,1012.77,0,0,0,0,,
2022-07-27,05:45,22.2,19.4,86,WNW,19.3,27.4,1012.77,0,0,0,0,,
2022-07-27,06:00,22.2,19.4,87,WEST,12.9,22.5,1012.84,0,0,0,0,,
2022-07-27,06:15,22.1,20,88,WNW,16.1,24.1,1012.8,0,0,0,0,,
2022-07-27,06:30,21.9,19.4,88,WEST,16.1,27.4,1012.94,0,0,0,11,,
2022-07-27,06:45,22,20,88,WEST,22.5,38.6,1012.87,0,0,0,25,,
2022-07-27,07:00,22.1,19.4,87,WNW,16.1,32.2,1013.07,0,0,0,49,,
2022-07-27,07:15,22.1,19.4,86,WEST,16.1,22.5,1013.17,0,0,0,86,,
2022-07-27,07:30,22.2,19.4,85,WEST,19.3,27.4,1013.38,0,0,0,127,,
2022-07-27,07:45,22.3,18.9,83,WEST,6.4,25.7,1013.38,0,0,0,176,,
2022-07-27,08:00,22.7,18.9,80,WEST,9.7,24.1,1013.55,0,0,0,197,,
2022-07-27,08:15,22.9,18.9,79,NW,9.7,17.7,1013.72,0,0,1,255,,
2022-07-27,08:30,23.1,18.3,76,NW,4.8,8,1013.68,0,0,1,311,,
2022-07-27,08:45,24.1,17.8,69,NW,4.8,6.4,1013.88,0,0,1,362,,
2022-07-27,09:00,24.6,18.3,69,WNW,11.3,14.5,1013.85,0,0,1,399,,
2022-07-27,09:15,25.8,16.1,55,NW,17.7,20.9,1013.72,0,0,1,417,,
2022-07-27,09:30,26.3,15.6,51,NW,12.9,24.1,1013.68,0,0,2,418,,
2022-07-27,09:45,26.3,17.8,60,WNW,17.7,22.5,1013.55,0,0,2,441,,
2022-07-27,10:00,26.1,18.3,63,WNW,12.9,24.1,1013.48,0,0,2,517,,
2022-07-27,10:15,27.2,17.8,56,WEST,14.5,25.7,1013.28,0,0,3,615,,
2022-07-27,10:30,27.6,17.2,54,WEST,20.9,24.1,1013.41,0,0,3,670,,
2022-07-27,10:45,28.2,17.2,51,WNW,4.8,25.7,1013.17,0,0,3,712,,
2022-07-27,11:00,28.4,16.7,49,WNW,19.3,25.7,1013.17,0,0,4,744,,
2022-07-27,11:15,29,17.2,49,WNW,14.5,30.6,1013.17,0,0,4,775,,
2022-07-27,11:30,29.3,17.2,48,WEST,20.9,24.1,1013.34,0,0,4,796,,
2022-07-27,11:45,29.7,17.2,48,WEST,19.3,27.4,1013.28,0,0,5,828,,
2022-07-27,12:00,29.8,17.8,49,WEST,29,40.2,1013.44,0,0,5,844,,
2022-07-27,12:15,30,18.3,50,WEST,14.5,40.2,1013.41,0,0,5,863,,
2022-07-27,12:30,29.8,19.4,55,WEST,33.8,45.1,1013.55,0,0,5,881,,
2022-07-27,12:45,30,19.4,53,WEST,14.5,37,1013.44,0,0,6,895,,
2022-07-27,13:00,30.1,18.9,52,WEST,29,37,1013.61,0,0,6,905,,
2022-07-27,13:15,30.3,18.9,51,WEST,16.1,35.4,1013.38,0,0,6,907,,
2022-07-27,13:30,30.4,17.8,47,ENE,11.3,41.8,1013.17,0,0,6,902,,
2022-07-27,13:45,30.4,18.9,50,WEST,41.8,43.5,1013.31,0,0,6,911,,
2022-07-27,14:00,30.8,16.7,43,WEST,32.2,45.1,1013.11,0,0,6,895,,
2022-07-27,14:15,31.1,16.7,41,WEST,22.5,43.5,1013.11,0,0,6,884,,
2022-07-27,14:30,30.9,16.7,43,WNW,24.1,43.5,1013.17,0,0,5,867,,
2022-07-27,14:45,30.6,18.3,48,NW,20.9,48.3,1013.17,0,0,5,847,,
2022-07-27,15:00,30.8,18.3,48,WSW,6.4,45.1,1013.11,0,0,5,830,,
2022-07-27,15:15,31,17.8,45,WEST,20.9,48.3,1013,0,0,5,805,,
2022-07-27,15:30,31.3,16.7,42,WEST,43.5,46.7,1012.94,0,0,4,780,,
2022-07-27,15:45,30.9,18.3,48,NE,24.1,43.5,1012.9,0,0,4,745,,
2022-07-27,16:00,30.1,17.8,49,WNW,37,51.5,1012.9,0,0,4,717,,
2022-07-27,16:15,29.8,17.8,49,WEST,25.7,53.1,1012.63,0,0,3,684,,
2022-07-27,16:30,29.7,18.9,52,WEST,37,51.5,1012.7,0,0,3,643,,
2022-07-27,16:45,29.6,18.9,52,WEST,46.7,46.7,1012.67,0,0,3,596,,
2022-07-27,17:00,29.3,18.9,54,SE,25.7,56.3,1012.63,0,0,2,563,,
2022-07-27,17:15,29,18.3,53,WEST,41.8,53.1,1012.9,0,0,2,517,,
2022-07-27,17:30,28.6,17.2,51,WNW,32.2,57.9,1012.77,0,0,2,473,,
2022-07-27,17:45,28.6,18.3,54,WNW,24.1,61.2,1012.7,0,0,2,431,,
2022-07-27,18:00,28.2,17.8,54,NW,24.1,48.3,1012.63,0,0,1,385,,
2022-07-27,18:15,28.2,16.7,50,NW,30.6,54.7,1012.53,0,0,1,334,,
2022-07-27,18:30,28.1,17.2,52,WEST,30.6,45.1,1012.16,0,0,1,288,,
2022-07-27,18:45,28,16.7,51,WNW,30.6,48.3,1012.33,0,0,1,239,,
2022-07-27,19:00,27.8,16.7,51,WEST,38.6,53.1,1012.36,0,0,0,188,,
2022-07-27,19:15,27.8,16.1,50,,20.9,45.1,1012.53,0,0,0,142,,
2022-07-27,19:30,27.6,16.7,52,NW,14.5,37,1012.63,0,0,0,100,,
2022-07-27,19:45,27.4,16.7,52,WEST,24.1,40.2,1012.73,0,0,0,63,,
2022-07-27,20:00,27.2,16.1,51,WEST,29,38.6,1012.77,0,0,0,32,,
2022-07-27,20:15,26.8,16.1,52,WEST,25.7,43.5,1012.87,0,0,0,19,,
2022-07-27,20:30,26.4,16.1,53,WNW,17.7,29,1013.11,0,0,0,9,,
2022-07-27,20:45,26,15.6,54,WNW,16.1,32.2,1013,0,0,0,0,,
2022-07-27,21:00,25.8,15.6,54,WEST,16.1,25.7,1013.17,0,0,0,0,,
2022-07-27,21:15,25.7,16.1,56,WEST,12.9,32.2,1013.17,0,0,0,0,,
2022-07-27,21:30,25.1,16.1,59,WEST,9.7,24.1,1013.58,0,0,0,0,,
2022-07-27,21:45,24.3,16.7,64,NORTH,0,11.3,1013.95,0,0,0,0,,
2022-07-27,22:00,23.9,17.2,67,WEST,3.2,12.9,1013.99,0,0,0,0,,
2022-07-27,22:15,23.6,17.2,69,WEST,1.6,11.3,1014.16,0,0,0,0,,
2022-07-27,22:30,23.3,17.2,70,NORTH,0,9.7,1014.33,0,0,0,0,,
2022-07-27,22:45,23.1,17.2,71,WEST,1.6,9.7,1014.49,0,0,0,0,,
2022-07-27,23:00,22.8,17.2,71,WEST,3.2,6.4,1014.63,0,0,0,0,,
2022-07-27,23:15,22.9,17.2,71,WEST,9.7,12.9,1014.77,0,0,0,0,,
2022-07-27,23:30,22.8,17.2,72,WEST,11.3,14.5,1014.8,0,0,0,0,,
2022-07-27,23:45,22.8,17.8,74,WEST,4.8,22.5,1014.93,0,0,0,0,,
2022-07-27,OVR,,,,,,,,,,,,gustmax,46.7
2022-07-27,OVR,,,,,,,,,,,,rainrate_max,0
2022-07-27,OVR,,,,,,,,,,,,rain_total_mm,0
2022-07-27,OVR,,,,,,,,,,,,tmax,31.4
2022-07-27,OVR,,,,,,,,,,,,tmin,21.9
2022-07-27,OVR,,,,,,,,,,,,wind_dir_mean_deg,292.5
2022-07-28,00:00,22.8,18.3,76,WEST,11.3,19.3,1014.83,0,0,0,0,,
2022-07-28,00:15,22.7,18.3,77,WEST,14.5,25.7,1014.87,0,0,0,0,,
2022-07-28,00:30,22.7,17.8,74,WEST,17.7,29,1014.87,0,0,0,0,,
2022-07-28,00:45,22.8,17.2,72,WNW,24.1,27.4,1014.7,0,0,0,0,,
2022-07-28,01:00,22.8,17.2,71,WEST,19.3,30.6,1014.8,0,0,0,0,,
2022-07-28,01:15,22.8,16.7,69,WNW,11.3,22.5,1014.7,0,0,0,0,,
2022-07-28,01:30,22.8,17.2,71,NW,16.1,24.1,1014.6,0,0,0,0,,
2022-07-28,01:45,22.8,17.8,73,WEST,24.1,30.6,1014.43,0,0,0,0,,
2022-07-28,02:00,22.9,17.8,74,WEST,20.9,33.8,1014.43,0,0,0,0,,
2022-07-28,02:15,22.8,17.8,75,WEST,25.7,29,1014.49,0,0,0,0,,
2022-07-28,02:30,22.7,17.8,76,WNW,14.5,20.9,1014.33,0,0,0,0,,
2022-07-28,02:45,22.7,17.8,75,WNW,8,25.7,1014.22,0,0,0,0,,
2022-07-28,03:00,22.6,17.8,75,WNW,16.1,22.5,1014.19,0,0,0,0,,
2022-07-28,03:15,22.4,17.8,75,WNW,11.3,22.5,1014.29,0,0,0,0,,
2022-07-28,03:30,22.3,17.2,75,WNW,11.3,27.4,1014.22,0,0,0,0,,
2022-07-28,03:45,22.4,17.2,75,WNW,14.5,24.1,1014.12,0,0,0,0,,
2022-07-28,04:00,22.3,17.2,75,WNW,11.3,19.3,1014.19,0,0,0,0,,
2022-07-28,04:15,22.3,17.2,75,WNW,12.9,22.5,1014.09,0,0,0,0,,
2022-07-28,04:30,22.3,17.2,74,WNW,17.7,20.9,1014.05,0,0,0,0,,
2022-07-28,04:45,22.3,17.2,73,WNW,11.3,19.3,1014.05,0,0,0,0,,
2022-07-28,05:00,22.4,17.2,72,WNW,16.1,19.3,1013.68,0,0,0,0,,
2022-07-28,05:15,21.6,17.2,76,NW,3.2,9.7,1013.85,0,0,0,0,,
2022-07-28,05:30,21,16.7,78,NORTH,0,3.2,1013.82,0,0,0,0,,
2022-07-28,05:45,20.5,16.7,80,NW,3.2,3.2,1013.72,0,0,0,0,,
2022-07-28,06:00,20.8,16.7,79,NW,3.2,4.8,1013.95,0,0,0,0,,
2022-07-28,06:15,20.8,16.7,78,NW,3.2,6.4,1013.85,0,0,0,0,,
2022-07-28,06:30,20.6,16.7,78,NW,1.6,4.8,1013.82,0,0,0,9,,
2022-07-28,06:45,20.4,16.1,78,NORTH,0,6.4,1013.85,0,0,0,18,,
2022-07-28,07:00,20.4,16.1,78,NW,1.6,4.8,1013.92,0,0,0,51,,
2022-07-28,07:15,20.7,16.7,78,NW,4.8,8,1013.82,0,0,0,98,,
2022-07-28,07:30,21.1,16.7,76,NW,8,9.7,1013.88,0,0,0,146,,
2022-07-28,07:45,21.6,16.1,73,NNW,9.7,14.5,1013.82,0,0,0,199,,
2022-07-28,08:00,21.5,16.1,73,NW,9.7,14.5,1014.02,0,0,0,206,,
2022-07-28,08:15,21.7,16.1,71,NNW,6.4,12.9,1014.19,0,0,1,287,,
2022-07-28,08:30,22.1,16.1,70,NNW,14.5,17.7,1014.53,0,0,1,338,,
2022-07-28,08:45,22.8,16.1,67,NW,16.1,17.7,1014.39,0,0,1,387,,
2022-07-28,09:00,23.3,16.1,65,NW,8,14.5,1014.43,0,0,1,422,,
2022-07-28,09:15,24.1,16.1,61,NW,6.4,9.7,1014.46,0,0,2,429,,
2022-07-28,09:30,24.7,15.6,58,NW,3.2,16.1,1014.66,0,0,2,424,,
2022-07-28,09:45,25.3,15,54,NW,12.9,14.5,1014.49,0,0,2,446,,
2022-07-28,10:00,26.8,13.3,43,NW,6.4,16.1,1014.49,0,0,3,531,,
2022-07-28,10:15,27,13.9,45,NNW,6.4,17.7,1014.46,0,0,3,633,,
2022-07-28,10:30,27.4,13.9,44,WNW,11.3,20.9,1014.53,0,0,3,687,,
2022-07-28,10:45,27.8,14.4,45,WNW,16.1,19.3,1014.6,0,0,4,728,,
2022-07-28,11:00,28.3,15,45,WEST,14.5,19.3,1014.66,0,0,4,761,,
2022-07-28,11:15,28.5,14.4,43,WNW,11.3,17.7,1014.7,0,0,4,793,,
2022-07-28,11:30,28.9,13.3,39,WNW,11.3,32.2,1014.87,0,0,5,819,,
2022-07-28,11:45,29.1,14.4,42,WEST,14.5,25.7,1014.87,0,0,5,844,,
2022-07-28,12:00,29.2,14.4,41,WNW,3.2,22.5,1014.8,0,0,5,861,,
2022-07-28,12:15,29.8,14.4,39,WSW,4.8,19.3,1014.83,0,0,5,877,,
2022-07-28,12:30,30.3,13.9,37,WNW,22.5,24.1,1014.83,0,0,6,895,,
2022-07-28,12:45,30.4,14.4,38,WNW,14.5,25.7,1014.66,0,0,6,902,,
2022-07-28,13:00,30.7,15.6,40,WEST,14.5,29,1014.6,0,0,6,912,,
2022-07-28,13:15,30.7,15.6,41,WEST,1.6,25.7,1014.43,0,0,6,914,,
2022-07-28,13:30,30.6,16.7,44,NE,8,29,1014.43,0,0,6,912,,
2022-07-28,13:45,30.5,17.2,46,ENE,14.5,35.4,1014.66,0,0,6,905,,
2022-07-28,14:00,30.3,18.3,48,WNW,17.7,40.2,1014.73,0,0,6,893,,
2022-07-28,14:15,30.3,18.3,48,WNW,27.4,37,1014.87,0,0,6,877,,
2022-07-28,14:30,29.8,18.3,50,WEST,19.3,33.8,1014.83,0,0,6,867,,
2022-07-28,14:45,29.1,17.8,51,WNW,17.7,43.5,1014.87,0,0,5,846,,
2022-07-28,15:00,29.4,17.8,50,NE,17.7,38.6,1014.83,0,0,5,823,,
2022-07-28,15:15,29.6,17.8,49,NNW,20.9,33.8,1014.66,0,0,5,800,,
2022-07-28,15:30,29.6,17.2,47,ENE,20.9,37,1014.63,0,0,5,782,,
2022-07-28,15:45,29.2,17.2,49,WEST,20.9,41.8,1014.73,0,0,4,751,,
2022-07-28,16:00,29.2,17.2,49,WNW,22.5,41.8,1014.56,0,0,3,717,,
2022-07-28,16:15,29.4,17.8,50,NW,16.1,45.1,1014.43,0,0,4,680,,
2022-07-28,16:30,29.3,17.8,50,WNW,22.5,40.2,1014.19,0,0,3,647,,
2022-07-28,16:45,29.6,17.2,47,WEST,29,41.8,1014.19,0,0,3,608,,
2022-07-28,17:00,29.3,18.3,52,WEST,19.3,38.6,1014.16,0,0,3,566,,
2022-07-28,17:15,29.4,18.3,52,WEST,22.5,32.2,1014.16,0,0,2,524,,
2022-07-28,17:30,29.1,18.3,53,WNW,32.2,46.7,1014.33,0,0,2,475,,
2022-07-28,17:45,28.7,18.3,53,WNW,24.1,43.5,1014.29,0,0,2,432,,
2022-07-28,18:00,28.1,18.3,56,WNW,27.4,45.1,1014.43,0,0,1,381,,
2022-07-28,18:15,28.1,18.9,59,WNW,24.1,35.4,1014.29,0,0,1,336,,
2022-07-28,18:30,27.6,19.4,62,WNW,38.6,40.2,1014.46,0,0,1,285,,
2022-07-28,18:45,27.3,20,64,WNW,25.7,40.2,1014.53,0,0,1,237,,
2022-07-28,19:00,26.9,20,65,WEST,24.1,38.6,1014.53,0,0,0,190,,
2022-07-28,19:15,26.7,19.4,66,WEST,16.1,32.2,1014.66,0,0,0,141,,
2022-07-28,19:30,26.5,19.4,67,NNE,16.1,37,1014.83,0,0,0,98,,
2022-07-28,19:45,26.1,19.4,68,WEST,17.7,37,1014.87,0,0,0,60,,
2022-07-28,20:00,25.8,19.4,69,WNW,25.7,35.4,1014.93,0,0,0,28,,
2022-07-28,20:15,25.4,19.4,71,WNW,17.7,30.6,1015.17,0,0,0,18,,
2022-07-28,20:30,25.1,20,73,WEST,19.3,25.7,1015.24,0,0,0,9,,
2022-07-28,20:45,24.7,20,76,WEST,4.8,29,1015.41,0,0,0,0,,
2022-07-28,21:00,24.4,20,78,NE,6.4,22.5,1015.34,0,0,0,0,,
2022-07-28,21:15,24.1,20.6,80,WEST,25.7,25.7,1015.54,0,0,0,0,,
2022-07-28,21:30,23.9,20.6,82,NNE,16.1,25.7,1015.82,0,0,0,0,,
2022-07-28,21:45,23.8,20.6,83,WEST,17.7,24.1,1015.95,0,0,0,0,,
2022-07-28,22:00,23.7,20.6,84,WNW,14.5,25.7,1016.32,0,0,0,0,,
2022-07-28,22:15,23.5,20.6,85,NNE,11.3,24.1,1016.39,0,0,0,0,,
2022-07-28,22:30,23.3,20.6,86,WEST,9.7,17.7,1016.46,0,0,0,0,,
2022-07-28,22:45,23.1,20.6,86,WEST,1.6,12.9,1016.59,0,0,0,0,,
2022-07-28,23:00,22.8,20.6,87,NORTH,0,6.4,1016.63,0,0,0,0,,
2022-07-28,23:15,22.6,20,87,WEST,1.6,4.8,1016.42,0,0,0,0,,
2022-07-28,23:30,22.9,20.6,89,WEST,1.6,11.3,1016.66,0,0,0,0,,
2022-07-28,23:45,22.6,20.6,89,NORTH,0,3.2,1016.66,0,0,0,0,,
2022-07-28,OVR,,,,,,,,,,,,gustmax,38.6
2022-07-28,OVR,,,,,,,,,,,,rainrate_max,0
2022-07-28,OVR,,,,,,,,,,,,rain_total_mm,0
2022-07-28,OVR,,,,,,,,,,,,tmax,30.9
2022-07-28,OVR,,,,,,,,,,,,tmin,20.2
2022-07-28,OVR,,,,,,,,,,,,wind_dir_mean_deg,292.5
2022-07-29,00:00,22.6,20.6,90,WEST,11.3,9.7,1016.63,0,0,0,0,,
2022-07-29,00:15,22.7,21.1,90,NORTH,0,9.7,1016.66,0,0,0,0,,
2022-07-29,00:30,22.7,21.1,90,WNW,3.2,6.4,1016.73,0,0,0,0,,
2022-07-29,00:45,22.8,21.1,91,WNW,4.8,11.3,1016.63,0,0,0,0,,
2022-07-29,01:15,22,20.6,92,NORTH,0,3.2,1016.42,0,0,0,0,,
2022-07-29,01:30,22.1,20.6,91,NORTH,0,3.2,1016.22,0,0,0,0,,
2022-07-29,01:45,21.9,20.6,92,WNW,1.6,3.2,1015.95,0,0,0,0,,
2022-07-29,02:00,21.9,20.6,93,NORTH,0,3.2,1015.95,0,0,0,0,,
2022-07-29,02:15,21.9,20.6,93,WNW,1.6,3.2,1015.82,0,0,0,0,,
2022-07-29,02:30,21.9,20.6,93,WNW,1.6,3.2,1015.82,0,0,0,0,,
2022-07-29,02:45,21.8,20.6,93,WNW,1.6,4.8,1015.71,0,0,0,0,,
2022-07-29,03:00,21.1,19.4,91,NW,3.2,4.8,1015.71,0,0,0,0,,
2022-07-29,03:15,20.2,18.3,89,NNE,4.8,6.4,1015.58,0,0,0,0,,
2022-07-29,03:30,21.3,17.8,82,NE,6.4,8,1015.44,0,0,0,0,,
2022-07-29,03:45,21.3,17.8,81,NE,1.6,6.4,1015.37,0,0,0,0,,
2022-07-29,04:00,20.8,17.2,81,NE,1.6,3.2,1015.41,0,0,0,0,,
2022-07-29,04:15,21.3,17.2,79,NE,4.8,6.4,1015.54,0,0,0,0,,
2022-07-29,04:30,21.6,16.7,75,NE,3.2,4.8,1015.51,0,0,0,0,,
2022-07-29,04:45,22.1,16.7,72,NE,1.6,4.8,1015.51,0,0,0,0,,
2022-07-29,05:00,21.8,16.1,72,NE,1.6,3.2,1015.44,0,0,0,0,,
2022-07-29,05:15,21.8,16.7,73,EAST,6.4,8,1015.27,0,0,0,0,,
2022-07-29,05:30,22.5,16.7,70,EAST,1.6,6.4,1015.41,0,0,0,0,,
2022-07-29,05:45,22.7,16.7,69,EAST,3.2,6.4,1015.51,0,0,0,0,,
2022-07-29,06:00,22.6,16.7,70,EAST,1.6,6.4,1015.65,0,0,0,0,,
2022-07-29,06:15,22.6,16.7,70,EAST,1.6,6.4,1015.78,0,0,0,0,,
2022-07-29,06:30,22.4,17.2,72,EAST,1.6,6.4,1015.92,0,0,0,7,,
2022-07-29,06:45,22.1,17.2,76,EAST,1.6,3.2,1016.05,0,0,0,14,,
2022-07-29,07:00,22,17.2,76,EAST,4.8,6.4,1016.15,0,0,0,53,,
2022-07-29,07:15,22.4,17.8,76,NORTH,0,4.8,1016.19,0,0,0,98,,
2022-07-29,07:30,23,18.3,77,NORTH,0,4.8,1016.12,0,0,0,146,,
2022-07-29,07:45,23.8,18.9,75,EAST,9.7,9.7,1016.29,0,0,0,197,,
2022-07-29,08:00,24.2,19.4,75,EAST,8,11.3,1016.32,0,0,0,199,,
2022-07-29,08:15,24.9,19.4,73,EAST,6.4,11.3,1016.39,0,0,1,287,,
2022-07-29,08:30,25.4,19.4,70,EAST,8,11.3,1016.22,0,0,1,332,,
2022-07-29,08:45,26,19.4,68,EAST,4.8,11.3,1016.53,0,0,1,380,,
2022-07-29,09:00,26.4,20,67,EAST,4.8,8,1016.53,0,0,1,411,,
2022-07-29,09:15,27.1,18.9,62,EAST,3.2,6.4,1016.63,0,0,2,415,,
2022-07-29,09:30,27.6,18.9,60,EAST,3.2,9.7,1016.76,0,0,2,410,,
2022-07-29,09:45,27.9,19.4,60,SE,3.2,14.5,1016.59,0,0,2,434,,
2022-07-29,10:00,28.4,18.9,56,SE,6.4,14.5,1016.63,0,0,3,519,,
2022-07-29,10:15,28.8,19.4,57,SE,6.4,16.1,1016.7,0,0,3,617,,
2022-07-29,10:30,29.4,18.9,54,SE,12.9,14.5,1016.63,0,0,3,671,,
2022-07-29,10:45,29.7,18.9,52,SE,1.6,14.5,1016.63,0,0,4,710,,
2022-07-29,11:00,30.1,18.9,51,SE,8,16.1,1016.63,0,0,4,740,,
2022-07-29,11:15,30.7,18.9,50,SE,12.9,14.5,1016.56,0,0,4,772,,
2022-07-29,11:30,30.7,18.3,49,SE,1.6,19.3,1016.56,0,0,5,800,,
2022-07-29,11:45,31.4,18.3,47,SSE,3.2,19.3,1016.32,0,0,5,823,,
2022-07-29,12:00,32.1,18.3,45,SE,6.4,19.3,1016.39,0,0,5,842,,
2022-07-29,12:15,32.1,17.8,43,SE,6.4,22.5,1016.49,0,0,5,863,,
2022-07-29,12:30,32.2,16.7,39,SE,12.9,20.9,1016.53,0,0,6,879,,
2022-07-29,12:45,32.7,17.2,39,SSE,9.7,20.9,1016.12,0,0,6,893,,
2022-07-29,13:00,32.8,16.7,38,SE,6.4,22.5,1016.05,0,0,6,900,,
2022-07-29,13:15,33.6,16.7,37,SE,3.2,22.5,1015.98,0,0,6,905,,
2022-07-29,13:30,33.4,15,34,ESE,12.9,22.5,1015.92,0,0,6,904,,
2022-07-29,13:45,34.1,14.4,31,SE,11.3,25.7,1016.05,0,0,6,902,,
2022-07-29,14:00,35.2,16.1,32,NE,1.6,17.7,1015.98,0,0,6,889,,
2022-07-29,14:15,35.1,14.4,29,WEST,14.5,22.5,1016.05,0,0,6,881,,
2022-07-29,14:30,34.9,15,31,SOUTH,4.8,16.1,1015.92,0,0,6,867,,
2022-07-29,14:45,35.1,15.6,31,SSE,6.4,24.1,1016.05,0,0,5,846,,
2022-07-29,15:00,34.7,17.8,37,SSW,6.4,20.9,1015.98,0,0,5,821,,
2022-07-29,15:15,34.3,18.9,40,WNW,16.1,35.4,1016.36,0,0,5,796,,
2022-07-29,15:30,33.2,18.9,43,ENE,6.4,30.6,1016.29,0,0,5,768,,
2022-07-29,15:45,32.7,18.9,44,WNW,16.1,35.4,1016.29,0,0,4,738,,
2022-07-29,16:00,32.3,18.9,45,WNW,22.5,35.4,1016.39,0,0,4,708,,
2022-07-29,16:15,31.8,18.3,46,WNW,27.4,38.6,1016.29,0,0,4,675,,
2022-07-29,16:30,31.5,17.8,44,WNW,12.9,37,1016.19,0,0,3,642,,
2022-07-29,16:45,31.4,16.7,41,WEST,14.5,35.4,1016.32,0,0,3,605,,
2022-07-29,17:00,31.2,16.1,41,WNW,14.5,38.6,1016.15,0,0,3,561,,
2022-07-29,17:15,31.3,16.7,41,WEST,20.9,40.2,1016.29,0,0,2,519,,
2022-07-29,17:30,31.4,15.6,39,WNW,22.5,37,1016.12,0,0,2,475,,
2022-07-29,17:45,31.4,15.6,39,WNW,12.9,30.6,1016.05,0,0,2,429,,
2022-07-29,18:00,31.3,16.1,41,WEST,27.4,30.6,1016.12,0,0,1,381,,
2022-07-29,18:15,31.1,16.1,41,NNE,9.7,33.8,1015.92,0,0,1,334,,
2022-07-29,18:30,30.6,16.7,44,WNW,11.3,35.4,1015.85,0,0,1,285,,
2022-07-29,18:45,30.6,15.6,40,WEST,9.7,24.1,1015.85,0,0,1,239,,
2022-07-29,19:00,30.4,15,40,WNW,14.5,24.1,1015.71,0,0,0,190,,
2022-07-29,19:15,30.4,13.9,37,WNW,12.9,19.3,1016.02,0,0,0,139,,
2022-07-29,19:30,30.1,12.2,33,WEST,17.7,30.6,1016.32,0,0,0,97,,
2022-07-29,19:45,29.9,11.1,31,WNW,11.3,22.5,1016.12,0,0,0,58,,
2022-07-29,20:00,29.7,8.9,28,WEST,6.4,20.9,1016.22,0,0,0,26,,
2022-07-29,20:15,29.3,10.6,31,WEST,4.8,19.3,1016.36,0,0,0,16,,
2022-07-29,20:30,28.4,14.4,43,WNW,6.4,12.9,1016.53,0,0,0,9,,
2022-07-29,20:45,27.6,15,46,NORTH,0,11.3,1016.59,0,0,0,0,,
2022-07-29,21:00,26.9,16.7,53,WEST,1.6,9.7,1016.83,0,0,0,0,,
2022-07-29,21:15,26.4,17.8,60,WEST,1.6,6.4,1016.76,0,0,0,0,,
2022-07-29,21:30,26,18.9,66,WSW,6.4,11.3,1017,0,0,0,0,,
2022-07-29,21:45,25.6,19.4,69,WSW,1.6,8,1017.27,0,0,0,0,,
2022-07-29,22:00,25.1,19.4,72,NORTH,0,3.2,1017.31,0,0,0,0,,
2022-07-29,22:15,24.7,19.4,74,NORTH,0,3.2,1017.34,0,0,0,0,,
2022-07-29,22:30,24.4,20,78,NORTH,0,4.8,1017.41,0,0,0,0,,
2022-07-29,22:45,24,20,80,SW,3.2,3.2,1017.37,0,0,0,0,,
2022-07-29,23:00,23.8,20,80,SW,1.6,4.8,1017.34,0,0,0,0,,
2022-07-29,23:15,23.2,17.8,73,SW,1.6,4.8,1017.31,0,0,0,0,,
2022-07-29,23:30,22.9,16.1,65,SW,4.8,4.8,1017.34,0,0,0,0,,
2022-07-29,23:45,23.6,17.2,68,NORTH,0,3.2,1017.44,0,0,0,0,,
2022-07-29,OVR,,,,,,,,,,,,gustmax,27.4
2022-07-29,OVR,,,,,,,,,,,,rainrate_max,0
2022-07-29,OVR,,,,,,,,,,,,rain_total_mm,0
2022-07-29,OVR,,,,,,,,,,,,tmax,35.6
2022-07-29,OVR,,,,,,,,,,,,tmin,20.2
2022-07-29,OVR,,,,,,,,,,,,wind_dir_mean_deg,22.5
2022-07-30,00:00,23,18.3,76,NORTH,0,0,1017.51,0,0,0,0,,
2022-07-30,00:15,22.5,18.3,79,SW,3.2,6.4,1017.41,0,0,0,0,,
2022-07-30,00:30,22.6,18.3,78,NORTH,0,4.8,1017.34,0,0,0,0,,
2022-07-30,00:45,22.6,18.3,77,NORTH,0,3.2,1017.44,0,0,0,0,,
2022-07-30,01:00,22.6,17.8,74,NORTH,0,3.2,1017.54,0,0,0,0,,
2022-07-30,01:15,22.7,17.2,71,SW,3.2,4.8,1017.37,0,0,0,0,,
2022-07-30,01:30,22.8,16.1,66,SW,1.6,4.8,1017.2,0,0,0,0,,
2022-07-30,01:45,23.1,14.4,59,SW,4.8,6.4,1017.14,0,0,0,0,,
2022-07-30,02:00,23.3,13.9,55,SW,4.8,6.4,1017.2,0,0,0,0,,
2022-07-30,02:15,23.3,13.3,53,SW,1.6,6.4,1017.17,0,0,0,0,,
2022-07-30,02:30,23.6,15.6,61,SW,1.6,3.2,1017.1,0,0,0,0,,
2022-07-30,02:45,22.7,16.1,66,SW,3.2,3.2,1017.07,0,0,0,0,,
2022-07-30,03:00,22.4,16.1,69,SW,1.6,4.8,1017.1,0,0,0,0,,
2022-07-30,03:15,21.7,17.2,76,NORTH,0,3.2,1016.9,0,0,0,0,,
2022-07-30,03:30,21.8,18.3,81,NORTH,0,4.8,1016.93,0,0,0,0,,
2022-07-30,03:45,22.1,18.3,81,SW,1.6,4.8,1016.76,0,0,0,0,,
2022-07-30,04:00,22.3,19.4,84,SW,1.6,3.2,1016.63,0,0,0,0,,
2022-07-30,04:15,22.2,19.4,85,NORTH,0,6.4,1016.7,0,0,0,0,,
2022-07-30,04:30,22.7,20.6,88,WSW,1.6,11.3,1016.73,0,0,0,0,,
2022-07-30,04:45,22.6,20,87,WEST,9.7,11.3,1016.76,0,0,0,0,,
2022-07-30,05:00,22.3,20,86,WNW,3.2,16.1,1016.7,0,0,0,0,,
2022-07-30,05:15,22.3,20,87,WNW,3.2,11.3,1016.53,0,0,0,0,,
2022-07-30,05:30,22,19.4,88,NORTH,0,4.8,1016.42,0,0,0,0,,
2022-07-30,05:45,21.5,19.4,90,WNW,1.6,3.2,1016.42,0,0,0,0,,
2022-07-30,06:00,21.4,19.4,90,NORTH,0,3.2,1016.59,0,0,0,0,,
2022-07-30,06:15,21.4,19.4,90,NORTH,0,4.8,1016.59,0,0,0,0,,
2022-07-30,06:30,21.8,20,92,WNW,11.3,17.7,1016.76,0,0,0,7,,
2022-07-30,06:45,21.4,20,92,WNW,4.8,4.8,1016.66,0,0,0,16,,
2022-07-30,07:00,21.5,20,92,WNW,1.6,3.2,1016.7,0,0,0,49,,
2022-07-30,07:15,21.8,20,91,WNW,1.6,6.4,1016.73,0,0,0,88,,
2022-07-30,07:30,22.2,20,89,WNW,1.6,6.4,1016.86,0,0,0,135,,
2022-07-30,07:45,22.8,19.4,83,WNW,3.2,6.4,1016.97,0,0,0,188,,
2022-07-30,08:00,23.5,18.9,77,WNW,4.8,6.4,1017.03,0,0,0,190,,
2022-07-30,08:15,23.8,18.9,75,NW,6.4,11.3,1017.2,0,0,1,279,,
2022-07-30,08:30,24.2,19.4,75,NW,1.6,9.7,1017.44,0,0,1,325,,
2022-07-30,08:45,24.7,20,76,NW,3.2,6.4,1017.51,0,0,1,371,,
2022-07-30,09:00,24.9,20,76,NW,3.2,8,1017.41,0,0,1,397,,
2022-07-30,09:15,25.2,20,73,WNW,8,17.7,1017.54,0,0,2,403,,
2022-07-30,09:30,25.6,19.4,70,WEST,3.2,19.3,1017.41,0,0,2,404,,
2022-07-30,09:45,25.8,18.9,67,WNW,11.3,22.5,1017.61,0,0,2,441,,
2022-07-30,10:00,26.5,19.4,65,WSW,6.4,19.3,1017.61,0,0,2,534,,
2022-07-30,10:15,27.6,18.9,59,WEST,17.7,24.1,1017.68,0,0,3,621,,
2022-07-30,10:30,27.9,19.4,60,WNW,19.3,22.5,1017.61,0,0,3,668,,
2022-07-30,10:45,28.3,18.9,58,NNE,17.7,30.6,1017.54,0,0,4,710,,
2022-07-30,11:00,28.5,19.4,58,WEST,12.9,29,1017.75,0,0,4,742,,
2022-07-30,11:15,28.7,18.9,56,WNW,19.3,29,1017.91,0,0,4,772,,
2022-07-30,11:30,28.8,20,60,WEST,16.1,35.4,1017.95,0,0,5,795,,
2022-07-30,11:45,29.1,19.4,57,WSW,20.9,37,1017.75,0,0,5,823,,
2022-07-30,12:00,29.8,18.9,53,WEST,22.5,43.5,1017.78,0,0,5,846,,
2022-07-30,12:15,30.2,19.4,54,NNW,25.7,35.4,1017.88,0,0,5,865,,
2022-07-30,12:30,30.2,19.4,53,ENE,20.9,40.2,1017.78,0,0,6,877,,
2022-07-30,12:45,30.2,18.9,51,WEST,40.2,37,1017.78,0,0,6,886,,
2022-07-30,13:00,30.6,18.9,50,WEST,29,40.2,1017.58,0,0,6,891,,
2022-07-30,13:15,30.3,19.4,53,ENE,27.4,45.1,1017.41,0,0,6,895,,
2022-07-30,13:30,30,19.4,54,WEST,27.4,53.1,1017.44,0,0,6,891,,
2022-07-30,13:45,29.9,19.4,53,WEST,25.7,48.3,1017.71,0,0,6,888,,
2022-07-30,14:00,30.2,19.4,53,NW,9.7,53.1,1017.75,0,0,6,879,,
2022-07-30,14:15,30.6,18.9,51,NE,22.5,46.7,1017.91,0,0,6,870,,
2022-07-30,14:30,30.8,18.9,49,WNW,25.7,41.8,1017.68,0,0,6,854,,
2022-07-30,14:45,30.6,18.9,50,WEST,29,51.5,1017.64,0,0,5,842,,
2022-07-30,15:00,30.4,20,54,NE,17.7,51.5,1017.71,0,0,5,816,,
2022-07-30,15:15,30.3,20.6,56,WEST,32.2,43.5,1017.61,0,0,5,793,,
2022-07-30,15:30,29.6,20.6,60,NW,25.7,48.3,1017.41,0,0,5,761,,
2022-07-30,15:45,29.4,21.1,62,WEST,32.2,49.9,1017.37,0,0,4,735,,
2022-07-30,16:00,29.6,20.6,60,NW,33.8,48.3,1017.54,0,0,4,708,,
2022-07-30,16:15,29.3,21.7,63,WNW,20.9,49.9,1017.37,0,0,4,671,,
2022-07-30,16:30,29.3,21.1,63,WNW,30.6,51.5,1017.17,0,0,3,635,,
2022-07-30,16:45,29.2,21.1,63,WEST,27.4,45.1,1017.27,0,0,3,598,,
2022-07-30,17:00,29.1,21.1,63,WNW,25.7,46.7,1017.2,0,0,3,557,,
2022-07-30,17:15,28.8,21.1,64,WEST,24.1,45.1,1017.24,0,0,2,515,,
2022-07-30,17:30,28.7,21.1,64,ENE,17.7,56.3,1017.1,0,0,2,473,,
2022-07-30,17:45,28.5,20.6,63,WEST,25.7,51.5,1017.37,0,0,2,425,,
2022-07-30,18:00,28.4,20.6,63,WEST,29,40.2,1017.37,0,0,1,373,,
2022-07-30,18:15,28.3,20.6,63,ENE,24.1,46.7,1017.24,0,0,1,329,,
2022-07-30,18:30,28,20.6,64,WEST,25.7,45.1,1017.2,0,0,1,279,,
2022-07-30,18:45,27.9,20.6,65,WEST,22.5,46.7,1017.07,0,0,1,237,,
2022-07-30,19:00,27.7,20,64,WEST,43.5,40.2,1017.1,0,0,0,188,,
2022-07-30,19:15,27.7,20,64,WEST,17.7,30.6,1017.44,0,0,0,141,,
2022-07-30,19:30,27.3,20,64,NW,19.3,40.2,1017.61,0,0,0,93,,
2022-07-30,19:45,27.1,19.4,63,NW,8,24.1,1017.78,0,0,0,56,,
2022-07-30,20:00,26.9,18.9,62,WNW,8,24.1,1018.05,0,0,0,26,,
2022-07-30,20:15,26.4,17.8,60,WNW,6.4,24.1,1018.19,0,0,0,16,,
2022-07-30,20:30,26.2,18.3,61,WNW,11.3,19.3,1018.19,0,0,0,7,,
2022-07-30,20:45,25.8,18.3,63,WNW,6.4,22.5,1018.12,0,0,0,0,,
2022-07-30,21:00,25.3,18.3,65,WEST,6.4,17.7,1018.35,0,0,0,0,,
2022-07-30,21:15,25,18.3,67,WEST,3.2,11.3,1018.29,0,0,0,0,,
2022-07-30,21:30,24.7,18.3,69,WNW,11.3,12.9,1018.42,0,0,0,0,,
2022-07-30,21:45,24.4,18.3,71,NW,16.1,19.3,1018.32,0,0,0,0,,
2022-07-30,22:00,24.1,18.9,73,WNW,17.7,24.1,1018.35,0,0,0,0,,
2022-07-30,22:15,23.9,18.9,74,WEST,12.9,29,1018.46,0,0,0,0,,
2022-07-30,22:30,23.7,18.9,75,WEST,16.1,27.4,1018.73,0,0,0,0,,
2022-07-30,22:45,23.5,18.3,75,WNW,11.3,24.1,1018.66,0,0,0,0,,
2022-07-30,23:00,23.4,18.3,75,WEST,14.5,24.1,1018.86,0,0,0,0,,
2022-07-30,23:15,23.3,18.3,73,WEST,22.5,20.9,1018.83,0,0,0,0,,
2022-07-30,23:30,23.4,18.3,73,WEST,24.1,25.7,1018.93,0,0,0,0,,
2022-07-30,23:45,23.3,18.3,74,WNW,16.1,29,1019,0,0,0,0,,
2022-07-30,OVR,,,,,,,,,,,,gustmax,43.5
2022-07-30,OVR,,,,,,,,,,,,rainrate_max,0
2022-07-30,OVR,,,,,,,,,,,,rain_total_mm,0
2022-07-30,OVR,,,,,,,,,,,,tmax,31.1
2022-07-30,OVR,,,,,,,,,,,,tmin,21.1
2022-07-30,OVR,,,,,,,,,,,,wind_dir_mean_deg,292.5
2022-07-31,00:00,23.1,18.3,76,WNW,16.1,27.4,1018.96,0,0,0,0,,
2022-07-31,00:15,23.1,18.3,76,WEST,17.7,33.8,1018.93,0,0,0,0,,
2022-07-31,00:30,22.9,18.3,75,WEST,11.3,27.4,1018.8,0,0,0,0,,
2022-07-31,00:45,23,17.8,74,WNW,16.1,25.7,1018.93,0,0,0,0,,
2022-07-31,01:00,22.8,17.8,75,WNW,12.9,22.5,1018.83,0,0,0,0,,
2022-07-31,01:15,22.7,17.8,73,WNW,11.3,25.7,1018.76,0,0,0,0,,
2022-07-31,01:30,22.3,17.8,77,WNW,19.3,24.1,1018.63,0,0,0,0,,
2022-07-31,01:45,22.4,17.8,77,WEST,19.3,30.6,1018.42,0,0,0,0,,
2022-07-31,02:00,22.5,17.8,76,WNW,25.7,37,1018.19,0,0,0,0,,
2022-07-31,02:15,22.6,17.8,76,NW,17.7,35.4,1018.29,0,0,0,0,,
2022-07-31,02:30,22.3,17.2,74,NW,4.8,16.1,1018.46,0,0,0,0,,
2022-07-31,02:45,22.7,17.2,73,WNW,12.9,20.9,1018.46,0,0,0,0,,
2022-07-31,03:00,22.8,17.8,74,WNW,6.4,19.3,1018.35,0,0,0,0,,
2022-07-31,03:15,22.6,17.2,74,WNW,6.4,19.3,1018.19,0,0,0,0,,
2022-07-31,03:30,22.3,17.2,73,NW,6.4,14.5,1017.95,0,0,0,0,,
2022-07-31,03:45,21.8,17.2,76,NNW,4.8,12.9,1018.02,0,0,0,0,,
2022-07-31,04:00,21.1,16.7,78,NNW,3.2,3.2,1018.08,0,0,0,0,,
2022-07-31,04:15,20.5,16.1,78,NNW,1.6,3.2,1017.98,0,0,0,0,,
2022-07-31,04:30,20,16.1,78,NORTH,0,4.8,1017.75,0,0,0,0,,
2022-07-31,04:45,20.4,16.1,77,NORTH,0,3.2,1017.71,0,0,0,0,,
2022-07-31,05:00,19.7,15.6,79,NORTH,0,4.8,1017.71,0,0,0,0,,
2022-07-31,05:15,20.1,16.1,78,NNW,1.6,3.2,1017.88,0,0,0,0,,
2022-07-31,05:30,20.6,16.1,77,NNW,1.6,9.7,1017.95,0,0,0,0,,
2022-07-31,05:45,20.4,16.1,77,NNW,1.6,6.4,1017.71,0,0,0,0,,
2022-07-31,06:00,19.8,16.1,79,NNW,1.6,4.8,1017.75,0,0,0,0,,
2022-07-31,06:15,19.7,16.1,80,NORTH,0,1.6,1017.78,0,0,0,0,,
2022-07-31,06:30,19.4,15.6,80,NORTH,0,1.6,1017.85,0,0,0,7,,
2022-07-31,06:45,19.9,16.1,80,NNW,1.6,4.8,1017.78,0,0,0,12,,
2022-07-31,07:00,20,16.1,80,NORTH,0,3.2,1017.85,0,0,0,58,,
2022-07-31,07:15,20.8,17.2,81,NW,4.8,12.9,1017.88,0,0,0,100,,
2022-07-31,07:30,21.7,17.8,79,NW,4.8,14.5,1017.95,0,0,0,148,,
2022-07-31,07:45,22,17.8,78,WNW,8,17.7,1018.12,0,0,0,197,,
2022-07-31,08:00,22.6,17.8,76,NORTH,0,14.5,1018.08,0,0,0,193,,
2022-07-31,08:15,22.8,18.3,76,WNW,1.6,11.3,1018.05,0,0,1,292,,
2022-07-31,08:30,23.4,18.9,75,NW,6.4,8,1018.12,0,0,1,338,,
2022-07-31,08:45,24.1,18.9,74,WNW,14.5,17.7,1017.98,0,0,1,385,,
2022-07-31,09:00,24.6,19.4,73,WNW,12.9,19.3,1018.22,0,0,1,410,,
2022-07-31,09:15,24.7,19.4,73,WEST,19.3,25.7,1018.29,0,0,2,410,,
2022-07-31,09:30,25,19.4,72,WEST,14.5,27.4,1018.22,0,0,2,408,,
2022-07-31,09:45,25.5,20,73,WNW,14.5,27.4,1018.22,0,0,2,448,,
2022-07-31,10:00,25.7,20,72,WEST,6.4,27.4,1018.35,0,0,2,538,,
2022-07-31,10:15,26.1,20,71,WNW,6.4,27.4,1018.22,0,0,3,626,,
2022-07-31,10:30,26.4,20,69,WNW,4.8,24.1,1018.32,0,0,3,673,,
2022-07-31,10:45,26.9,20,67,WEST,32.2,30.6,1018.39,0,0,3,717,,
2022-07-31,11:00,27.5,19.4,61,WEST,16.1,29,1018.22,0,0,4,751,,
2022-07-31,11:15,27.6,19.4,62,WNW,6.4,32.2,1018.05,0,0,4,784,,
2022-07-31,11:30,28.3,20,61,WNW,9.7,32.2,1017.95,0,0,5,809,,
2022-07-31,11:45,28.6,18.9,56,WEST,19.3,32.2,1017.95,0,0,5,840,,
2022-07-31,12:00,29.6,19.4,54,WNW,16.1,29,1017.81,0,0,5,858,,
2022-07-31,12:15,29.8,18.9,53,ENE,8,25.7,1017.71,0,0,5,875,,
2022-07-31,12:30,30.2,18.9,51,WNW,27.4,29,1017.78,0,0,6,895,,
2022-07-31,12:45,30.3,19.4,53,NE,3.2,32.2,1017.51,0,0,6,898,,
2022-07-31,13:00,30.4,18.9,51,WEST,22.5,33.8,1017.37,0,0,6,905,,
2022-07-31,13:15,30.7,18.3,48,WNW,19.3,38.6,1017.34,0,0,6,912,,
2022-07-31,13:30,30.9,18.3,47,WEST,20.9,35.4,1017.41,0,0,6,909,,
2022-07-31,13:45,31.1,17.8,46,WEST,29,38.6,1017.37,0,0,6,909,,
2022-07-31,14:00,31.1,17.8,45,WEST,24.1,41.8,1017,0,0,6,896,,
2022-07-31,14:15,31.3,17.8,45,WNW,24.1,35.4,1016.93,0,0,6,886,,
2022-07-31,14:30,30.8,17.8,46,SSE,24.1,49.9,1017,0,0,5,868,,
2022-07-31,14:45,31.1,17.8,45,WEST,27.4,43.5,1017,0,0,5,849,,
2022-07-31,15:00,31.3,16.7,41,WNW,27.4,45.1,1016.8,0,0,5,830,,
2022-07-31,15:15,30.9,17.8,46,WEST,25.7,46.7,1016.8,0,0,5,812,,
2022-07-31,15:30,31.1,17.8,46,WEST,16.1,54.7,1016.59,0,0,4,780,,
2022-07-31,15:45,31,16.7,43,WNW,29,49.9,1016.7,0,0,4,756,,
2022-07-31,16:00,30.4,17.2,46,WEST,37,53.1,1016.63,0,0,4,721,,
2022-07-31,16:15,30.4,17.2,46,WEST,17.7,46.7,1016.56,0,0,3,687,,
2022-07-31,16:30,30.2,16.7,44,WNW,38.6,53.1,1016.56,0,0,3,647,,
2022-07-31,16:45,29.8,16.7,45,WNW,38.6,59.5,1016.42,0,0,3,608,,
2022-07-31,17:00,29.9,16.1,44,ENE,17.7,53.1,1016.32,0,0,2,564,,
2022-07-31,17:15,29.9,16.1,43,WNW,25.7,53.1,1016.02,0,0,2,519,,
2022-07-31,17:30,29.9,16.7,44,NNE,41.8,57.9,1016.09,0,0,2,469,,
2022-07-31,17:45,29.7,16.1,43,WEST,38.6,54.7,1015.88,0,0,2,422,,
2022-07-31,18:00,29.3,16.7,47,NW,29,57.9,1016.02,0,0,1,378,,
2022-07-31,18:15,28.8,16.7,49,WNW,35.4,51.5,1015.95,0,0,1,332,,
2022-07-31,18:30,28.4,16.1,47,WEST,48.3,57.9,1015.92,0,0,1,278,,
2022-07-31,18:45,28.2,17.2,52,WNW,35.4,46.7,1015.82,0,0,1,236,,
2022-07-31,19:00,28,17.8,54,WEST,25.7,43.5,1015.68,0,0,0,188,,
2022-07-31,19:15,27.6,17.8,55,WEST,33.8,46.7,1015.95,0,0,0,139,,
2022-07-31,19:30,27.3,17.8,57,WNW,25.7,40.2,1015.85,0,0,0,91,,
2022-07-31,19:45,26.8,18.3,61,NW,17.7,40.2,1015.92,0,0,0,56,,
2022-07-31,20:00,26.4,18.9,64,WEST,19.3,37,1016.02,0,0,0,26,,
2022-07-31,20:15,25.9,19.4,69,WNW,16.1,40.2,1016.39,0,0,0,18,,
2022-07-31,20:30,25.4,20,73,WEST,17.7,33.8,1016.36,0,0,0,7,,
2022-07-31,20:45,25,20,75,WNW,11.3,27.4,1016.49,0,0,0,0,,
2022-07-31,21:00,24.7,20.6,77,WEST,11.3,24.1,1016.39,0,0,0,0,,
2022-07-31,21:15,24.4,20.6,79,WNW,16.1,19.3,1016.42,0,0,0,0,,
2022-07-31,21:30,24.2,20.6,81,WEST,16.1,24.1,1016.46,0,0,0,0,,
2022-07-31,21:45,24,20.6,81,WEST,6.4,16.1,1016.66,0,0,0,0,,
2022-07-31,22:00,23.8,20.6,82,WNW,4.8,16.1,1016.86,0,0,0,0,,
2022-07-31,22:15,23.6,20.6,83,WNW,1.6,4.8,1016.93,0,0,0,0,,
2022-07-31,22:30,23.4,20.6,84,WNW,4.8,8,1016.9,0,0,0,0,,
2022-07-31,22:45,23.3,20.6,85,WNW,8,14.5,1016.73,0,0,0,0,,
2022-07-31,23:00,23.4,20.6,85,WNW,4.8,14.5,1016.86,0,0,0,0,,
2022-07-31,23:15,23.3,20.6,85,WNW,1.6,14.5,1016.8,0,0,0,0,,
2022-07-31,23:30,22.8,20,85,NORTH,0,11.3,1016.9,0,0,0,0,,
2022-07-31,23:45,22,19.4,87,NORTH,0,3.2,1016.8,0,0,0,0,,
2022-07-31,OVR,,,,,,,,,,,,gustmax,48.3
2022-07-31,OVR,,,,,,,,,,,,rainrate_max,0
2022-07-31,OVR,,,,,,,,,,,,rain_total_mm,0
2022-07-31,OVR,,,,,,,,,,,,tmax,31.6
2022-07-31,OVR,,,,,,,,,,,,tmin,19.2
2022-07-31,OVR,,,,,,,,,,,,wind_dir_mean_deg,292.5
