date,time,temp_c,dewpoint_c,rh_pct,wind_dir_txt,wind_kmh,gust_kmh,press_hpa,rain_acc_mm,rain_rate_mmph,uv,solar_wm2,key,value
2022-05-01,00:00,12.2,10.6,92,WNW,1.6,4.8,1019.4,0,0,0,0,,
2022-05-01,00:15,11.8,10.6,92,WNW,1.6,3.2,1019.34,0,0,0,0,,
2022-05-01,00:30,12.2,10.6,91,WNW,3.2,4.8,1019.51,0,0,0,0,,
2022-05-01,00:45,12.1,10.6,91,NORTH,0,3.2,1019.3,0,0,0,0,,
2022-05-01,01:00,12.2,10.6,91,WNW,3.2,6.4,1019.17,0,0,0,0,,
2022-05-01,01:15,11.6,10,91,NORTH,0,3.2,1018.93,0,0,0,0,,
2022-05-01,01:30,11.3,10,92,WNW,1.6,3.2,1018.96,0,0,0,0,,
2022-05-01,01:45,11.2,10,93,WNW,1.6,3.2,1018.66,0,0,0,0,,
2022-05-01,02:00,11.8,10.6,93,NORTH,0,1.6,1018.52,0,0,0,0,,
2022-05-01,02:15,11.1,10,92,NORTH,0,4.8,1018.52,0,0,0,0,,
2022-05-01,02:30,10.9,10,94,WNW,4.8,4.8,1018.39,0,0,0,0,,
2022-05-01,02:45,10.9,9.4,93,NORTH,0,0,1018.25,0,0,0,0,,
2022-05-01,03:00,11.4,10.6,94,NORTH,0,3.2,1018.15,0,0,0,0,,
2022-05-01,03:15,10.9,10,94,NORTH,0,3.2,1017.98,0,0,0,0,,
2022-05-01,03:30,10.6,9.4,93,NORTH,0,0,1017.85,0,0,0,0,,
2022-05-01,03:45,10.2,8.9,93,NORTH,0,0,1017.64,0,0,0,0,,
2022-05-01,04:00,10.1,8.3,91,NORTH,0,0,1017.58,0,0,0,0,,
2022-05-01,04:15,10.3,8.9,91,NORTH,0,0,1017.51,0,0,0,0,,
2022-05-01,04:30,10.4,8.9,90,NORTH,0,0,1017.31,0,0,0,0,,
2022-05-01,04:45,10.5,8.9,89,NORTH,0,0,1017.2,0,0,0,0,,
2022-05-01,05:00,10.9,8.9,89,NORTH,0,0,1017.24,0,0,0,0,,
2022-05-01,05:15,11.3,9.4,89,NORTH,0,0,1017.34,0,0,0,0,,
2022-05-01,05:30,10.6,8.3,88,WEST,3.2,4.8,1017.2,0,0,0,0,,
2022-05-01,05:45,10.8,8.9,89,NORTH,0,4.8,1017.07,0,0,0,0,,
2022-05-01,06:00,11.3,9.4,89,NORTH,0,3.2,1017.03,0,0,0,0,,
2022-05-01,06:15,11.3,9.4,89,WEST,1.6,3.2,1017.03,0,0,0,0,,
2022-05-01,06:30,11.1,8.9,89,WEST,1.6,3.2,1017.24,0,0,0,0,,
2022-05-01,06:45,11.4,9.4,89,WNW,1.6,4.8,1017.31,0,0,0,16,,
2022-05-01,07:00,11.4,9.4,88,WNW,1.6,3.2,1017.17,0,0,0,32,,
2022-05-01,07:15,11.8,10,88,WNW,3.2,3.2,1017.24,0,0,0,79,,
2022-05-01,07:30,12.3,10,87,NORTH,0,3.2,1017.31,0,0,0,100,,
2022-05-01,07:45,12.7,10,86,NORTH,0,3.2,1017.34,0,0,0,146,,
2022-05-01,08:00,12.8,10,85,WNW,1.6,4.8,1017.58,0,0,0,176,,
2022-05-01,08:15,13,10.6,85,WNW,3.2,4.8,1017.54,0,0,1,167,,
2022-05-01,08:30,13.1,10.6,85,WNW,3.2,4.8,1017.78,0,0,1,155,,
2022-05-01,08:45,13.4,11.1,87,WNW,6.4,8,1017.75,0,0,1,295,,
2022-05-01,09:00,13.8,11.1,86,NW,4.8,8,1017.61,0,0,1,369,,
2022-05-01,09:15,14.3,11.7,85,WEST,16.1,22.5,1017.61,0,0,2,399,,
2022-05-01,09:30,14.7,11.7,83,WNW,8,19.3,1017.54,0,0,2,429,,
2022-05-01,09:45,15,12.2,84,WEST,19.3,25.7,1017.61,0,0,2,209,,
2022-05-01,10:00,15.3,12.2,83,WEST,19.3,29,1017.54,0,0,3,557,,
2022-05-01,10:15,15.7,12.2,81,NW,16.1,22.5,1017.54,0,0,3,550,,
2022-05-01,10:30,16.1,12.2,80,WEST,12.9,20.9,1017.54,0,0,3,721,,
2022-05-01,10:45,16.6,12.2,77,NW,11.3,25.7,1017.51,0,0,4,758,,
2022-05-01,11:00,16.8,12.2,75,WNW,4.8,24.1,1017.58,0,0,4,789,,
2022-05-01,11:15,17.2,12.8,75,WEST,9.7,25.7,1017.44,0,0,5,851,,
2022-05-01,11:30,17.2,12.8,75,NW,19.3,25.7,1017.61,0,0,5,919,,
2022-05-01,11:45,17.8,12.8,74,NW,22.5,22.5,1017.31,0,0,5,870,,
2022-05-01,12:00,18.2,12.8,71,NNW,12.9,37,1017.27,0,0,6,891,,
2022-05-01,12:15,18.3,12.2,70,WEST,14.5,33.8,1017.14,0,0,6,912,,
2022-05-01,12:30,18.6,12.2,66,WEST,22.5,38.6,1017.17,0,0,6,926,,
2022-05-01,12:45,18.7,12.2,66,WEST,20.9,43.5,1016.9,0,0,6,939,,
2022-05-01,13:00,18.8,11.7,64,WNW,27.4,32.2,1017,0,0,6,981,,
2022-05-01,13:15,19.7,11.7,61,WEST,11.3,33.8,1016.73,0,0,7,1018,,
2022-05-01,13:30,19.2,11.7,63,WEST,16.1,37,1016.42,0,0,6,940,,
2022-05-01,13:45,19.3,12.2,65,WEST,25.7,38.6,1016.49,0,0,6,932,,
2022-05-01,14:00,18.8,12.2,67,WEST,27.4,48.3,1016.39,0,0,6,918,,
2022-05-01,14:15,18.7,12.2,66,WEST,24.1,43.5,1016.32,0,0,6,911,,
2022-05-01,14:30,19,12.8,67,WNW,27.4,45.1,1016.46,0,0,6,896,,
2022-05-01,14:45,18.3,12.8,70,WEST,14.5,53.1,1016.22,0,0,6,874,,
2022-05-01,15:00,18.8,12.8,68,WNW,19.3,45.1,1016.42,0,0,5,854,,
2022-05-01,15:15,18.8,12.8,69,WEST,19.3,43.5,1016.42,0,0,5,823,,
2022-05-01,15:30,18.8,12.2,67,SW,29,40.2,1016.12,0,0,5,798,,
2022-05-01,15:45,18.7,12.2,67,WNW,30.6,49.9,1016.22,0,0,4,770,,
2022-05-01,16:00,18.6,11.7,66,WNW,22.5,38.6,1016.05,0,0,4,758,,
2022-05-01,16:15,18.7,11.1,63,WNW,14.5,30.6,1015.92,0,0,4,675,,
2022-05-01,16:30,18.9,11.1,62,WEST,25.7,38.6,1015.78,0,0,3,659,,
2022-05-01,16:45,18.3,10.6,62,WNW,27.4,41.8,1015.75,0,0,3,624,,
2022-05-01,17:00,18.2,10,60,WNW,25.7,37,1015.82,0,0,3,584,,
2022-05-01,17:15,17.8,11.1,66,WEST,24.1,40.2,1015.44,0,0,2,540,,
2022-05-01,17:30,17.7,11.1,66,WNW,25.7,38.6,1015.51,0,0,2,492,,
2022-05-01,17:45,17.7,11.1,67,WNW,20.9,32.2,1015.44,0,0,2,436,,
2022-05-01,18:00,17.2,10.6,65,WEST,35.4,45.1,1015.54,0,0,1,380,,
2022-05-01,18:15,17,10,65,WNW,27.4,49.9,1015.51,0,0,1,309,,
2022-05-01,18:30,16.7,10.6,68,WEST,14.5,40.2,1015.54,0,0,1,258,,
2022-05-01,18:45,16.4,11.1,71,NW,19.3,33.8,1015.58,0,0,0,202,,
2022-05-01,19:00,16.2,11.1,71,WNW,19.3,40.2,1015.61,0,0,0,142,,
2022-05-01,19:15,15.9,11.1,73,WNW,29,40.2,1015.85,0,0,0,88,,
2022-05-01,19:30,15.6,10.6,73,NW,16.1,33.8,1015.92,0,0,0,49,,
2022-05-01,19:45,15.3,11.1,76,WNW,16.1,37,1015.98,0,0,0,26,,
2022-05-01,20:00,14.8,10.6,77,WNW,14.5,35.4,1015.95,0,0,0,16,,
2022-05-01,20:15,14.4,10.6,78,WEST,24.1,29,1016.29,0,0,0,0,,
2022-05-01,20:30,14.1,10.6,79,WEST,14.5,24.1,1016.22,0,0,0,0,,
2022-05-01,20:45,13.9,10,79,WEST,17.7,27.4,1016.29,0,0,0,0,,
2022-05-01,21:00,13.8,10,79,WNW,12.9,27.4,1016.46,0,0,0,0,,
2022-05-01,21:15,13.7,10,80,WNW,19.3,27.4,1016.42,0,0,0,0,,
2022-05-01,21:30,13.6,10,79,WNW,17.7,29,1016.53,0,0,0,0,,
2022-05-01,22:00,13.3,9.4,80,WEST,22.5,33.8,1016.73,0,0,0,0,,
2022-05-01,22:15,13.2,9.4,80,WNW,19.3,33.8,1016.73,0,0,0,0,,
2022-05-01,22:30,13.1,9.4,80,WNW,16.1,27.4,1016.59,0,0,0,0,,
2022-05-01,22:45,13,9.4,81,WEST,14.5,27.4,1016.56,0,0,0,0,,
2022-05-01,23:00,12.6,9.4,82,NNW,1.6,12.9,1016.73,0,0,0,0,,
2022-05-01,23:15,12.6,9.4,83,WNW,11.3,14.5,1016.63,0,0,0,0,,
2022-05-01,23:30,12.7,9.4,83,WEST,17.7,20.9,1016.7,0,0,0,0,,
2022-05-01,23:45,12.6,9.4,83,WNW,9.7,17.7,1016.53,0,0,0,0,,
2022-05-01,OVR,,,,,,,,,,,,gustmax,35.4
2022-05-01,OVR,,,,,,,,,,,,rainrate_max,0
2022-05-01,OVR,,,,,,,,,,,,rain_total_mm,0
2022-05-01,OVR,,,,,,,,,,,,tmax,19.8
2022-05-01,OVR,,,,,,,,,,,,tmin,10.1
2022-05-01,OVR,,,,,,,,,,,,wind_dir_mean_deg,292.5
2022-05-02,00:00,12.4,9.4,84,WNW,1.6,14.5,1016.59,0,0,0,0,,
2022-05-02,00:15,12.1,9.4,86,WNW,3.2,6.4,1016.42,0,0,0,0,,
2022-05-02,00:30,11.9,9.4,87,WNW,4.8,12.9,1016.15,0,0,0,0,,
2022-05-02,00:45,11.8,9.4,87,WNW,8,17.7,1016.12,0,0,0,0,,
2022-05-02,01:00,11.7,9.4,87,NORTH,0,11.3,1016.32,0,0,0,0,,
2022-05-02,01:15,11.8,9.4,88,WNW,14.5,16.1,1016.12,0,0,0,0,,
2022-05-02,01:30,12,10,88,WNW,12.9,17.7,1016.05,0,0,0,0,,
2022-05-02,01:45,12.1,10,87,NW,8,16.1,1015.88,0,0,0,0,,
2022-05-02,02:00,11.6,9.4,87,NW,3.2,8,1015.71,0,0,0,0,,
2022-05-02,02:15,11.7,9.4,87,NW,6.4,8,1015.78,0,0,0,0,,
2022-05-02,02:30,11.5,9.4,87,WNW,3.2,6.4,1015.65,0,0,0,0,,
2022-05-02,02:45,11.5,9.4,88,WNW,1.6,3.2,1015.54,0,0,0,0,,
2022-05-02,03:00,11.6,9.4,87,WNW,1.6,4.8,1015.34,0,0,0,0,,
2022-05-02,03:15,11.2,8.9,88,NORTH,0,1.6,1015.37,0,0,0,0,,
2022-05-02,03:30,11.1,8.9,88,NORTH,0,4.8,1015.27,0,0,0,0,,
2022-05-02,03:45,10.4,8.3,89,NORTH,0,1.6,1015.07,0,0,0,0,,
2022-05-02,04:00,10.5,8.9,90,WNW,1.6,3.2,1015.1,0,0,0,0,,
2022-05-02,04:15,10.3,8.3,90,NORTH,0,3.2,1014.87,0,0,0,0,,
2022-05-02,04:30,10.2,8.3,90,NORTH,0,3.2,1014.87,0,0,0,0,,
2022-05-02,04:45,10.1,8.3,91,NORTH,0,3.2,1014.8,0,0,0,0,,
2022-05-02,05:00,10.3,8.9,91,NORTH,0,3.2,1014.77,0,0,0,0,,
2022-05-02,05:15,10.1,8.3,91,NORTH,0,1.6,1014.63,0,0,0,0,,
2022-05-02,05:30,9.7,8.3,91,NORTH,0,0,1014.6,0,0,0,0,,
2022-05-02,05:45,9.6,8.3,92,NORTH,0,3.2,1014.53,0,0,0,0,,
2022-05-02,06:00,10.1,8.9,92,NW,1.6,3.2,1014.39,0,0,0,0,,
2022-05-02,06:15,9.8,8.3,92,NW,3.2,4.8,1014.43,0,0,0,0,,
2022-05-02,06:30,9.9,8.3,92,NORTH,0,3.2,1014.43,0,0,0,0,,
2022-05-02,06:45,10,8.3,92,NW,1.6,1.6,1014.49,0,0,0,16,,
2022-05-02,07:00,10.3,8.9,92,NORTH,0,4.8,1014.39,0,0,0,49,,
2022-05-02,07:15,10.4,8.9,91,NORTH,0,4.8,1014.43,0,0,0,91,,
2022-05-02,07:30,10.8,8.9,91,NORTH,0,3.2,1014.56,0,0,0,127,,
2022-05-02,07:45,10.9,9.4,90,NW,1.6,3.2,1014.63,0,0,0,179,,
2022-05-02,08:15,12.1,10,87,NW,1.6,3.2,1014.87,0,0,1,294,,
2022-05-02,08:30,12.6,10,85,NORTH,0,4.8,1014.93,0,0,1,346,,
2022-05-02,08:45,12.9,10,84,NW,6.4,6.4,1014.77,0,0,1,294,,
2022-05-02,09:00,13.3,10,81,NW,3.2,6.4,1014.7,0,0,2,378,,
2022-05-02,09:45,14.2,10,77,WNW,11.3,16.1,1014.83,0,0,3,570,,
2022-05-02,10:00,14.4,10,75,NW,3.2,14.5,1014.9,0,0,3,559,,
2022-05-02,10:15,15,10,74,NW,6.4,14.5,1015.07,0,0,3,564,,
2022-05-02,10:30,15.5,10,72,NW,8,14.5,1015.04,0,0,4,731,,
2022-05-02,10:45,15.8,10,70,NW,12.9,17.7,1015.04,0,0,4,768,,
2022-05-02,11:00,16.2,8.9,63,WNW,14.5,20.9,1015.24,0,0,5,802,,
2022-05-02,11:15,16.6,9.4,63,WNW,3.2,17.7,1015.14,0,0,5,835,,
2022-05-02,11:30,16.7,10,65,,9.7,17.7,1015.14,0,0,5,865,,
2022-05-02,11:45,16.9,10,63,NNW,8,17.7,1014.97,0,0,6,884,,
2022-05-02,12:00,17.2,9.4,61,NNW,3.2,19.3,1014.87,0,0,6,928,,
2022-05-02,12:15,17.2,10,63,NNW,4.8,19.3,1014.83,0,0,6,232,,
2022-05-02,12:30,17.5,11.1,66,SSW,3.2,14.5,1014.56,0,0,7,976,,
2022-05-02,12:45,18.2,11.1,64,WNW,4.8,22.5,1014.56,0,0,7,944,,
2022-05-02,13:00,17.7,10.6,63,NORTH,0,20.9,1014.6,0,0,7,977,,
2022-05-02,13:15,18.4,10.6,60,WNW,6.4,16.1,1014.36,0,0,7,963,,
2022-05-02,13:30,18.5,10,58,NNW,4.8,12.9,1014.29,0,0,7,962,,
2022-05-02,13:45,19,10.6,59,WSW,8,17.7,1014.39,0,0,7,976,,
2022-05-02,14:00,19.5,11.1,60,WNW,19.3,20.9,1014.33,0,0,7,956,,
2022-05-02,14:15,19.6,11.1,60,NNW,6.4,20.9,1014.43,0,0,7,974,,
2022-05-02,14:30,19.9,11.1,57,WNW,16.1,16.1,1014.33,0,0,6,925,,
2022-05-02,14:45,19.9,11.1,58,SSW,4.8,17.7,1014.05,0,0,6,911,,
2022-05-02,15:00,20.2,11.1,56,WEST,19.3,19.3,1014.22,0,0,6,881,,
2022-05-02,15:15,20.1,11.1,56,SW,3.2,25.7,1013.95,0,0,5,889,,
2022-05-02,15:30,20.1,11.7,58,WEST,3.2,24.1,1013.88,0,0,5,844,,
2022-05-02,15:45,19.8,11.7,59,WEST,19.3,38.6,1013.68,0,0,5,780,,
2022-05-02,16:00,19.6,11.7,62,NE,9.7,40.2,1013.68,0,0,4,745,,
2022-05-02,16:15,19.4,11.7,62,WEST,17.7,32.2,1013.61,0,0,4,717,,
2022-05-02,16:30,19.3,11.1,60,WNW,16.1,32.2,1013.41,0,0,3,663,,
2022-05-02,16:45,19.3,10.6,58,WEST,16.1,25.7,1013.68,0,0,3,598,,
2022-05-02,17:00,19.2,10.6,58,ENE,9.7,22.5,1013.75,0,0,3,584,,
2022-05-02,17:15,19.1,10.6,57,SSE,6.4,20.9,1013.82,0,0,2,513,,
2022-05-02,17:30,18.9,10.6,59,WSW,4.8,24.1,1013.72,0,0,2,522,,
2022-05-02,17:45,19,10,57,WEST,12.9,22.5,1013.72,0,0,2,468,,
2022-05-02,18:00,18.7,10,58,ENE,6.4,22.5,1013.82,0,0,1,432,,
2022-05-02,18:15,18.4,10,59,WNW,8,22.5,1013.88,0,0,1,362,,
2022-05-02,18:30,18.2,10.6,61,NE,6.4,24.1,1013.95,0,0,1,250,,
2022-05-02,18:45,18,9.4,59,,4.8,12.9,1014.02,0,0,0,220,,
2022-05-02,19:00,17.5,10.6,64,NORTH,0,11.3,1014.22,0,0,0,79,,
2022-05-02,19:15,17.3,11.7,70,SW,4.8,9.7,1014.22,0,0,0,113,,
2022-05-02,19:30,16.7,10.6,67,SSE,8,14.5,1014.33,0,0,0,109,,
2022-05-02,19:45,16.4,11.1,73,NORTH,0,16.1,1014.53,0,0,0,44,,
2022-05-02,20:00,15.6,11.7,78,SSW,3.2,4.8,1014.77,0,0,0,19,,
2022-05-02,20:15,15,11.7,80,SOUTH,4.8,4.8,1014.9,0,0,0,0,,
2022-05-02,20:30,14.7,11.7,81,SSE,3.2,9.7,1014.83,0,0,0,0,,
2022-05-02,20:45,14.2,11.1,82,NORTH,0,6.4,1014.87,0,0,0,0,,
2022-05-02,21:00,13.7,8.9,73,SE,8,12.9,1015.04,0,0,0,0,,
2022-05-02,21:15,13.8,8.9,73,SE,9.7,8,1015.07,0,0,0,0,,
2022-05-02,21:30,13.7,8.9,73,SE,4.8,8,1015.07,0,0,0,0,,
2022-05-02,21:45,13.3,8.9,74,SE,9.7,12.9,1015.04,0,0,0,0,,
2022-05-02,22:00,13.3,8.3,73,SE,11.3,16.1,1015.14,0,0,0,0,,
2022-05-02,22:15,13.3,8.3,73,SE,11.3,16.1,1015.17,0,0,0,0,,
2022-05-02,22:30,13.4,8.3,73,SE,11.3,14.5,1015.48,0,0,0,0,,
2022-05-02,22:45,13.7,8.9,73,ESE,9.7,14.5,1015.48,0,0,0,0,,
2022-05-02,23:00,13.7,7.8,69,ESE,11.3,16.1,1015.24,0,0,0,0,,
2022-05-02,23:15,13.6,8.3,72,ESE,8,14.5,1015.37,0,0,0,0,,
2022-05-02,23:30,13.6,7.8,68,ESE,8,14.5,1015.34,0,0,0,0,,
2022-05-02,23:45,13.6,7.2,67,ESE,11.3,14.5,1015.41,0,0,0,0,,
2022-05-02,OVR,,,,,,,,,,,,gustmax,19.3
2022-05-02,OVR,,,,,,,,,,,,rainrate_max,0
2022-05-02,OVR,,,,,,,,,,,,rain_total_mm,0
2022-05-02,OVR,,,,,,,,,,,,tmax,20.6
2022-05-02,OVR,,,,,,,,,,,,tmin,9.6
2022-05-02,OVR,,,,,,,,,,,,wind_dir_mean_deg,292.5
2022-05-03,00:00,13.4,7.8,69,ESE,11.3,14.5,1015.54,0,0,0,0,,
2022-05-03,00:15,13.4,8.9,74,ESE,8,14.5,1015.44,0,0,0,0,,
2022-05-03,00:30,13.2,8.9,77,ESE,8,14.5,1015.37,0,0,0,0,,
2022-05-03,00:45,13.2,8.9,76,ESE,12.9,16.1,1015.44,0,0,0,0,,
2022-05-03,01:00,13.2,7.8,71,ESE,6.4,14.5,1015.44,0,0,0,0,,
2022-05-03,01:15,12.4,8.3,77,ESE,9.7,11.3,1015.41,0,0,0,0,,
2022-05-03,01:30,11.9,7.8,77,ESE,6.4,11.3,1015.31,0,0,0,0,,
2022-05-03,01:45,12.3,8.3,78,ESE,6.4,12.9,1015.1,0,0,0,0,,
2022-05-03,02:00,12.1,8.3,79,ESE,6.4,12.9,1015.21,0,0,0,0,,
2022-05-03,02:15,11.8,8.3,81,ESE,9.7,12.9,1014.83,0,0,0,0,,
2022-05-03,02:30,12.2,8.3,79,ESE,6.4,11.3,1014.6,0,0,0,0,,
2022-05-03,02:45,12.2,8.3,79,ESE,9.7,11.3,1014.53,0,0,0,0,,
2022-05-03,03:00,11.8,8.3,80,ESE,6.4,9.7,1014.22,0,0,0,0,,
2022-05-03,03:15,11.7,8.3,82,ESE,3.2,6.4,1014.29,0,0,0,0,,
2022-05-03,03:30,11.6,8.3,82,ESE,4.8,6.4,1014.19,0,0,0,0,,
2022-05-03,03:45,12.3,8.3,78,ESE,3.2,3.2,1014.19,0,0,0,0,,
2022-05-03,04:00,11.7,7.8,79,ESE,1.6,6.4,1014.16,0,0,0,0,,
2022-05-03,04:15,12.4,8.3,78,ESE,4.8,9.7,1014.12,0,0,0,0,,
2022-05-03,04:30,12.7,8.9,77,ESE,3.2,9.7,1014.26,0,0,0,0,,
2022-05-03,04:45,12.6,8.9,79,ESE,4.8,9.7,1014.19,0,0,0,0,,
2022-05-03,05:00,12.6,8.9,80,ESE,3.2,6.4,1014.19,0,0,0,0,,
2022-05-03,05:15,12.3,8.9,80,ESE,3.2,6.4,1013.95,0,0,0,0,,
2022-05-03,05:30,12.5,8.9,81,ESE,4.8,9.7,1013.92,0,0,0,0,,
2022-05-03,05:45,11.7,8.3,82,ESE,6.4,6.4,1014.09,0,0,0,0,,
2022-05-03,06:00,11.9,8.9,82,EAST,4.8,9.7,1014.09,0,0,0,0,,
2022-05-03,06:15,11.9,8.9,82,EAST,6.4,9.7,1014.12,0,0,0,0,,
2022-05-03,06:30,13.3,7.8,69,ESE,11.3,11.3,1013.99,0,0,0,0,,
2022-05-03,06:45,13.9,7.2,65,ESE,4.8,12.9,1014.19,0,0,0,7,,
2022-05-03,07:00,12.9,8.3,74,ESE,6.4,6.4,1014.09,0,0,0,18,,
2022-05-03,07:15,13,8.3,75,ESE,4.8,9.7,1013.95,0,0,0,30,,
2022-05-03,07:30,12.9,8.9,77,ESE,6.4,12.9,1013.88,0,0,0,53,,
2022-05-03,07:45,13.1,8.9,76,ESE,9.7,12.9,1013.92,0,0,0,95,,
2022-05-03,08:00,13.6,9.4,75,ESE,9.7,12.9,1013.72,0,0,0,230,,
2022-05-03,08:15,14.4,9.4,73,EAST,3.2,12.9,1013.65,0,0,1,304,,
2022-05-03,08:30,14.9,8.9,69,ENE,12.9,12.9,1013.65,0,0,1,355,,
2022-05-03,08:45,15.4,9.4,68,EAST,12.9,14.5,1013.58,0,0,1,309,,
2022-05-03,09:00,15.8,9.4,66,EAST,1.6,12.9,1013.82,0,0,2,418,,
2022-05-03,09:15,16.5,9.4,64,ESE,9.7,16.1,1014.22,0,0,2,359,,
2022-05-03,09:30,17.1,9.4,62,SE,6.4,14.5,1014.26,0,0,2,464,,
2022-05-03,09:45,17.1,8.9,60,ESE,19.3,17.7,1014.49,0,0,2,559,,
2022-05-03,10:00,16.9,9.4,61,SSE,12.9,19.3,1015.27,0,0,3,612,,
2022-05-03,10:15,16.5,10,66,ESE,14.5,19.3,1015.51,0,0,2,288,,
2022-05-03,10:30,16.1,9.4,66,SE,8,19.3,1015.44,0,0,2,308,,
2022-05-03,10:45,16.6,9.4,65,ESE,9.7,16.1,1015.37,0,0,2,353,,
2022-05-03,11:00,16.8,10,65,ESE,4.8,14.5,1015.41,0,0,4,415,,
2022-05-03,11:15,18.1,10,60,SE,8,14.5,1015.51,0,0,5,824,,
2022-05-03,11:30,18.2,9.4,58,SE,12.9,19.3,1015.58,0,0,5,828,,
2022-05-03,11:45,18.6,10.6,59,ESE,20.9,22.5,1015.48,0,0,5,865,,
2022-05-03,12:00,18.7,10.6,60,SE,16.1,24.1,1015.34,0,0,5,814,,
2022-05-03,12:15,18.8,10.6,59,SE,12.9,19.3,1015.31,0,0,5,796,,
2022-05-03,12:30,19.4,11.1,59,ESE,12.9,19.3,1015.17,0,0,5,860,,
2022-05-03,12:45,19.7,10.6,57,SSE,9.7,22.5,1015.27,0,0,6,872,,
2022-05-03,13:00,19.5,10.6,58,SE,12.9,24.1,1015.34,0,0,5,803,,
2022-05-03,13:15,20.1,11.1,56,EAST,16.1,30.6,1015.37,0,0,4,888,,
2022-05-03,13:30,20.2,10.6,54,SE,11.3,17.7,1014.97,0,0,5,763,,
2022-05-03,13:45,20.2,10.6,55,EAST,4.8,17.7,1014.83,0,0,5,779,,
2022-05-03,14:00,19.9,10,53,SOUTH,4.8,22.5,1015.1,0,0,4,677,,
2022-05-03,14:15,19.9,9.4,51,SE,8,19.3,1014.8,0,0,4,628,,
2022-05-03,14:30,20.1,10,52,ESE,6.4,20.9,1014.77,0,0,4,629,,
2022-05-03,15:00,19.7,10.6,57,SE,12.9,25.7,1015.14,0,0,3,431,,
2022-05-03,15:15,19.6,10.6,57,ESE,16.1,20.9,1014.87,0,0,3,471,,
2022-05-03,15:30,19.3,10.6,58,SE,17.7,22.5,1014.7,0,0,3,420,,
2022-05-03,15:45,19.3,11.1,60,SE,20.9,22.5,1014.77,0,0,3,445,,
2022-05-03,16:00,19.3,11.1,59,SSE,20.9,25.7,1014.93,0,0,3,450,,
2022-05-03,16:15,19.4,11.1,59,SSE,8,24.1,1014.97,0,0,3,585,,
2022-05-03,16:30,19.3,10.6,57,SSE,17.7,27.4,1014.77,0,0,3,568,,
2022-05-03,16:45,19,9.4,54,ESE,12.9,32.2,1014.83,0,0,2,510,,
2022-05-03,17:00,19.2,8.3,50,SE,8,25.7,1015.1,0,0,2,406,,
2022-05-03,17:15,18.8,8.3,51,SE,16.1,25.7,1015.07,0,0,2,357,,
2022-05-03,17:30,18.9,8.9,53,SE,20.9,25.7,1015.17,0,0,2,548,,
2022-05-03,17:45,18.5,8.3,51,SE,24.1,27.4,1015.07,0,0,2,439,,
2022-05-03,18:00,18.5,7.8,50,SE,14.5,25.7,1015.21,0,0,1,369,,
2022-05-03,18:15,18.1,7.8,51,SE,8,20.9,1015.17,0,0,1,123,,
2022-05-03,18:30,18.2,7.2,49,SE,16.1,20.9,1015.44,0,0,1,255,,
2022-05-03,18:45,18.3,7.8,51,SOUTH,1.6,17.7,1015.54,0,0,0,186,,
2022-05-03,19:00,17.8,10,61,WNW,12.9,25.7,1015.41,0,0,0,113,,
2022-05-03,19:15,17.3,10,64,WNW,11.3,19.3,1015.37,0,0,0,54,,
2022-05-03,19:30,16.6,10.6,67,SW,4.8,16.1,1015.54,0,0,0,37,,
2022-05-03,19:45,16.2,10.6,70,WSW,1.6,9.7,1015.34,0,0,0,26,,
2022-05-03,20:00,15.8,10.6,72,NORTH,0,3.2,1015.41,0,0,0,18,,
2022-05-03,20:15,15.3,10.6,73,WSW,3.2,4.8,1015.58,0,0,0,0,,
2022-05-03,20:30,14.4,10,76,WSW,3.2,6.4,1015.71,0,0,0,0,,
2022-05-03,20:45,14.5,9.4,73,SSE,6.4,12.9,1015.88,0,0,0,0,,
2022-05-03,21:00,14.1,10,76,SSE,6.4,9.7,1016.02,0,0,0,0,,
2022-05-03,21:15,14.2,8.9,72,SSE,9.7,9.7,1016.09,0,0,0,0,,
2022-05-03,21:30,14.1,8.3,69,SSE,9.7,11.3,1016.32,0,0,0,0,,
2022-05-03,21:45,14.7,8.3,66,SSE,9.7,12.9,1016.63,0,0,0,0,,
2022-05-03,22:00,14.3,8.3,69,SSE,6.4,14.5,1016.97,0,0,0,0,,
2022-05-03,22:30,14.1,8.9,72,SE,12.9,16.1,1017.2,0,0,0,0,,
2022-05-03,22:45,14.2,8.9,72,SE,8,16.1,1017.44,0,0,0,0,,
2022-05-03,23:00,13.9,8.9,73,SE,8,14.5,1017.27,0,0,0,0,,
2022-05-03,23:15,14.1,8.9,72,ESE,8,14.5,1017.14,0,0,0,0,,
2022-05-03,23:30,14.2,9.4,74,SE,14.5,17.7,1017.17,0,0,0,0,,
2022-05-03,23:45,13.9,10.6,81,SE,14.5,17.7,1017,0,0,0,0,,
2022-05-03,OVR,,,,,,,,,,,,gustmax,24.1
2022-05-03,OVR,,,,,,,,,,,,rainrate_max,0
2022-05-03,OVR,,,,,,,,,,,,rain_total_mm,0
2022-05-03,OVR,,,,,,,,,,,,tmax,20.7
2022-05-03,OVR,,,,,,,,,,,,tmin,11.6
2022-05-03,OVR,,,,,,,,,,,,wind_dir_mean_deg,135
2022-05-04,00:00,13.8,11.1,84,ESE,17.7,20.9,1017.2,0,0,0,0,,
2022-05-04,00:15,13.8,11.1,85,ESE,12.9,22.5,1017.54,0,0,0,0,,
2022-05-04,00:30,13.7,11.1,87,ESE,14.5,20.9,1017.41,0,0,0,0,,
2022-05-04,00:45,13.7,11.7,88,ESE,12.9,20.9,1017.17,0,0,0,0,,
2022-05-04,01:00,13.7,11.7,90,EAST,9.7,16.1,1017.54,0,0,0,0,,
2022-05-04,01:15,13.3,11.7,90,NORTH,0,3.2,1017.58,0,0,0,0,,
2022-05-04,01:30,12.9,11.1,90,ESE,6.4,9.7,1017.2,0,0,0,0,,
2022-05-04,01:45,12.7,11.1,90,ESE,1.6,11.3,1016.93,0,0,0,0,,
2022-05-04,02:00,12.3,10.6,90,NORTH,0,3.2,1016.76,0,0,0,0,,
2022-05-04,02:15,12.4,10.6,91,NORTH,0,4.8,1016.73,0,0,0,0,,
2022-05-04,02:30,12,10.6,91,SE,4.8,9.7,1016.86,0,0,0,0,,
2022-05-04,02:45,12.2,10.6,91,SE,1.6,8,1016.93,0,0,0,0,,
2022-05-04,03:00,12.2,10.6,91,SE,1.6,6.4,1016.93,0,0,0,0,,
2022-05-04,03:15,12.6,11.1,92,SE,4.8,8,1017.03,0,0,0,0,,
2022-05-04,03:30,12.5,11.1,91,NORTH,0,6.4,1016.93,0,0,0,0,,
2022-05-04,03:45,12.1,10.6,90,NORTH,0,3.2,1017.14,0,0,0,0,,
2022-05-04,04:00,12.1,10,88,NORTH,0,3.2,1017.07,0,0,0,0,,
2022-05-04,04:15,11.7,9.4,88,SE,1.6,3.2,1017.17,0,0,0,0,,
2022-05-04,04:30,12.1,10,90,ESE,9.7,12.9,1017,0,0,0,0,,
2022-05-04,04:45,11.8,9.4,88,ESE,9.7,14.5,1016.76,0,0,0,0,,
2022-05-04,05:00,12.4,8.3,78,ESE,9.7,14.5,1016.59,0,0,0,0,,
2022-05-04,05:15,12.3,7.8,75,ESE,12.9,17.7,1016.49,0,0,0,0,,
2022-05-04,05:30,12.4,7.2,72,ESE,9.7,14.5,1016.46,0,0,0,0,,
2022-05-04,05:45,12.1,7.8,75,ESE,4.8,14.5,1016.7,0,0,0,0,,
2022-05-04,06:00,12.6,7.2,69,ESE,1.6,11.3,1016.93,0,0,0,0,,
2022-05-04,06:15,12.8,7.2,70,ESE,14.5,14.5,1017.03,0,0,0,0,,
2022-05-04,06:30,13,9.4,78,ESE,14.5,19.3,1016.76,0,0,0,12,,
2022-05-04,06:45,13.3,10,82,ESE,14.5,19.3,1016.8,0,0,0,26,,
2022-05-04,07:00,13.3,10.6,85,ESE,8,17.7,1016.83,0,0,0,40,,
2022-05-04,07:15,12.7,10,85,ESE,4.8,11.3,1016.83,0,0,0,49,,
2022-05-04,07:30,12.1,8.9,83,EAST,4.8,11.3,1017.1,0,0,0,69,,
2022-05-04,07:45,12.1,7.8,76,ENE,11.3,16.1,1016.83,0,0,0,104,,
2022-05-04,08:00,12.3,7.8,74,EAST,6.4,17.7,1017.03,0,0,0,120,,
2022-05-04,08:15,12.9,8.9,76,ESE,6.4,12.9,1017.24,0,0,0,135,,
2022-05-04,08:30,13.4,10,80,ESE,4.8,12.9,1017.14,0,0,0,149,,
2022-05-04,08:45,13.7,9.4,76,ENE,6.4,17.7,1016.8,0,0,0,148,,
2022-05-04,09:00,13.6,7.8,69,NE,11.3,19.3,1016.9,0,0,1,183,,
2022-05-04,09:15,13.9,7.8,67,EAST,9.7,19.3,1016.9,0,0,1,223,,
2022-05-04,09:30,14.4,7.8,64,EAST,14.5,20.9,1017.24,0,0,1,278,,
2022-05-04,09:45,14.7,7.8,64,ENE,8,19.3,1017.34,0,0,1,304,,
2022-05-04,10:00,15,7.2,61,EAST,6.4,19.3,1017.71,0,0,2,329,,
2022-05-04,10:15,15.7,8.3,62,ENE,6.4,20.9,1017.95,0,0,2,315,,
2022-05-04,10:30,15.9,8.3,61,ESE,14.5,24.1,1018.19,0,0,1,262,,
2022-05-04,10:45,15.4,8.9,65,SE,16.1,19.3,1018.46,0,0,1,221,,
2022-05-04,11:00,14.8,9.4,72,SE,16.1,17.7,1018.76,0,0,1,244,,
2022-05-04,11:15,14.9,10,74,SE,11.3,19.3,1019.2,0,0,1,178,,
2022-05-04,11:30,14.9,10.6,77,SE,12.9,20.9,1019.27,0,0,1,181,,
2022-05-04,11:45,15.2,11.1,77,ESE,11.3,20.9,1019.03,0,0,1,195,,
2022-05-04,12:00,15.4,11.1,76,EAST,14.5,24.1,1018.86,0,0,1,221,,
2022-05-04,12:15,15.7,11.1,74,EAST,9.7,22.5,1018.76,0,0,1,214,,
2022-05-04,12:30,15.8,10.6,73,EAST,12.9,22.5,1018.49,0,0,1,169,,
2022-05-04,12:45,15.8,11.1,74,ESE,20.9,25.7,1018.08,0,0,1,213,,
2022-05-04,13:00,15.9,11.1,74,EAST,14.5,27.4,1017.61,0,0,2,283,,
2022-05-04,13:15,16.4,10.6,70,ENE,9.7,24.1,1017.78,0,0,3,529,,
2022-05-04,13:30,17.2,10.6,67,EAST,14.5,24.1,1017.58,0,0,3,497,,
2022-05-04,13:45,17.4,11.1,67,ESE,12.9,22.5,1017.44,0,0,2,385,,
2022-05-04,14:00,17.4,10.6,66,SE,14.5,27.4,1017.31,0,0,2,366,,
2022-05-04,14:15,17.8,11.1,65,EAST,16.1,24.1,1017.2,0,0,3,510,,
2022-05-04,14:30,17.9,10.6,64,ESE,20.9,19.3,1016.9,0,0,2,287,,
2022-05-04,14:45,17.7,10.6,65,ENE,14.5,24.1,1016.83,0,0,2,309,,
2022-05-04,15:00,17.9,11.1,65,EAST,14.5,20.9,1016.73,0,0,2,396,,
2022-05-04,15:15,18.2,10.6,62,EAST,17.7,27.4,1016.02,0,0,2,271,,
2022-05-04,15:30,18.1,10.6,62,ENE,27.4,33.8,1015.61,0,0,2,406,,
2022-05-04,15:45,18.1,10.6,61,ENE,16.1,35.4,1015.41,0,0,2,410,,
2022-05-04,16:00,18.3,10.6,61,EAST,12.9,29,1015.48,0,0,2,343,,
2022-05-04,16:15,18.8,10.6,60,EAST,14.5,27.4,1015.65,0,0,2,265,,
2022-05-04,16:30,18.2,10,60,ESE,16.1,27.4,1015.61,0,0,2,343,,
2022-05-04,16:45,18.3,10,58,ESE,22.5,30.6,1016.05,0,0,1,281,,
2022-05-04,17:00,18.6,10.6,59,ESE,24.1,29,1016.05,0,0,1,301,,
2022-05-04,17:15,18.3,11.1,64,ESE,16.1,29,1016.12,0,0,1,320,,
2022-05-04,17:30,18.5,11.7,65,ESE,11.3,25.7,1016.12,0,0,1,330,,
2022-05-04,17:45,18.2,11.7,67,SSE,14.5,27.4,1016.15,0,0,1,417,,
2022-05-04,18:00,18.2,11.7,65,ESE,4.8,29,1016.22,0,0,1,160,,
2022-05-04,18:15,18.1,11.7,66,ESE,9.7,17.7,1016.32,0,0,0,192,,
2022-05-04,18:30,17.9,10,60,EAST,8,22.5,1016.15,0,0,0,120,,
2022-05-04,18:45,17.4,9.4,61,ESE,14.5,20.9,1016.56,0,0,0,116,,
2022-05-04,19:00,17.1,10,63,NE,8,19.3,1015.98,0,0,0,81,,
2022-05-04,19:15,16.6,10,66,ESE,11.3,22.5,1016.12,0,0,0,53,,
2022-05-04,19:30,16.3,10,67,ESE,12.9,22.5,1016.32,0,0,0,32,,
2022-05-04,19:45,16.2,10,66,EAST,16.1,22.5,1015.95,0,0,0,30,,
2022-05-04,20:00,15.9,9.4,66,EAST,9.7,24.1,1016.36,0,0,0,0,,
2022-05-04,20:15,15.8,8.9,65,EAST,19.3,24.1,1015.98,0,0,0,0,,
2022-05-04,20:30,15.7,8.9,64,EAST,11.3,27.4,1015.75,0,0,0,0,,
2022-05-04,20:45,15.4,8.9,65,ENE,20.9,29,1015.71,0,0,0,0,,
2022-05-04,21:00,15.6,8.3,64,EAST,24.1,32.2,1016.05,0,0,0,0,,
2022-05-04,21:15,15.4,8.3,64,EAST,16.1,37,1015.78,0,0,0,0,,
2022-05-04,21:30,15.4,8.3,65,EAST,16.1,29,1015.78,0,0,0,0,,
2022-05-04,21:45,15.1,8.3,66,EAST,17.7,32.2,1015.58,0,0,0,0,,
2022-05-04,22:00,15.2,8.3,64,EAST,12.9,29,1015.75,0,0,0,0,,
2022-05-04,22:15,15.4,8.3,63,ENE,19.3,37,1015.82,0,0,0,0,,
2022-05-04,22:30,15.4,7.8,62,ENE,17.7,29,1015.98,0,0,0,0,,
2022-05-04,22:45,15.6,8.3,62,ESE,17.7,37,1016.05,0,0,0,0,,
2022-05-04,23:00,15.5,8.3,62,EAST,9.7,24.1,1016.29,0,0,0,0,,
2022-05-04,23:15,15.6,8.3,63,ENE,11.3,29,1016.22,0,0,0,0,,
2022-05-04,23:30,15.3,8.3,64,ENE,19.3,24.1,1015.65,0,0,0,0,,
2022-05-04,23:45,15.3,8.3,65,ENE,12.9,24.1,1015.88,0,0,0,0,,
2022-05-04,OVR,,,,,,,,,,,,gustmax,27.4
2022-05-04,OVR,,,,,,,,,,,,rainrate_max,0
2022-05-04,OVR,,,,,,,,,,,,rain_total_mm,0
2022-05-04,OVR,,,,,,,,,,,,tmax,18.8
2022-05-04,OVR,,,,,,,,,,,,tmin,11.6
2022-05-04,OVR,,,,,,,,,,,,wind_dir_mean_deg,90
2022-05-05,00:00,15.4,8.3,64,EAST,6.4,25.7,1015.54,0,0,0,0,,
2022-05-05,00:15,15.3,8.3,63,ESE,11.3,25.7,1015.41,0,0,0,0,,
2022-05-05,00:30,15.3,8.3,64,ENE,9.7,22.5,1015.92,0,0,0,0,,
2022-05-05,00:45,15.4,8.3,64,NORTH,1.6,8,1016.8,0,0,0,0,,
2022-05-05,01:00,15.4,8.3,64,NNE,8,16.1,1016.73,0,0,0,0,,
2022-05-05,01:15,15.3,8.3,65,NORTH,0,11.3,1016.8,0,0,0,0,,
2022-05-05,01:30,15.2,8.3,65,ENE,17.7,19.3,1016.86,0,0,0,0,,
2022-05-05,01:45,15.3,8.9,65,ENE,12.9,20.9,1016.93,0,0,0,0,,
2022-05-05,02:00,14.9,8.9,67,ENE,17.7,24.1,1016.83,0,0,0,0,,
2022-05-05,02:15,14.9,8.9,69,EAST,14.5,22.5,1017.17,0,0,0,0,,
2022-05-05,02:30,14.3,9.4,72,EAST,8,16.1,1017.17,0,0,0,0,,
2022-05-05,02:45,14.5,9.4,71,EAST,14.5,17.7,1017.07,0,0,0,0,,
2022-05-05,03:00,14.9,9.4,70,ENE,12.9,17.7,1017.1,0.25,0.25,0,0,,
2022-05-05,03:15,15.1,9.4,69,ENE,1.6,14.5,1017.31,0.25,0.25,0,0,,
2022-05-05,03:30,14.9,9.4,71,EAST,3.2,4.8,1018.32,0.25,0.25,0,0,,
2022-05-05,03:45,13.9,10,79,EAST,4.8,6.4,1018.8,0.51,0.51,0,0,,
2022-05-05,04:00,13.4,10.6,82,NNW,3.2,6.4,1018.05,0.51,0.51,0,0,,
2022-05-05,04:15,13.2,10,83,NNE,6.4,16.1,1016.97,0.51,0.51,0,0,,
2022-05-05,04:30,13.8,10.6,81,EAST,8,16.1,1016.56,0.76,0.51,0,0,,
2022-05-05,04:45,14.1,10.6,80,NNE,4.8,19.3,1016.19,0.76,0.51,0,0,,
2022-05-05,05:00,14.4,10.6,80,ENE,20.9,30.6,1014.8,1.02,0.51,0,0,,
2022-05-05,05:15,13.8,10.6,83,EAST,19.3,33.8,1014.53,1.02,0.51,0,0,,
2022-05-05,05:30,13.7,11.1,84,NE,24.1,29,1014.66,1.02,0.25,0,0,,
2022-05-05,05:45,13.8,11.1,84,ENE,14.5,22.5,1014.63,1.02,0.25,0,0,,
2022-05-05,06:00,13.9,11.1,83,EAST,11.3,20.9,1014.53,1.02,0,0,0,,
2022-05-05,06:15,14.7,11.1,80,ENE,20.9,20.9,1014.97,1.02,0,0,0,,
2022-05-05,06:30,15.1,10.6,76,NE,19.3,27.4,1014.49,1.02,0,0,0,,
2022-05-05,06:45,15,10.6,75,EAST,16.1,29,1014.56,1.02,0,0,0,,
2022-05-05,07:00,14.7,10.6,76,NE,16.1,24.1,1014.73,1.02,0,0,11,,
2022-05-05,07:15,14.6,10,75,EAST,19.3,20.9,1014.6,1.02,0,0,18,,
2022-05-05,07:30,14.8,10,75,ENE,16.1,25.7,1014.6,1.02,0,0,32,,
2022-05-05,07:45,15,10,74,ENE,17.7,27.4,1014.63,1.02,0,0,40,,
2022-05-05,08:00,15.1,10,73,ENE,9.7,27.4,1014.26,1.02,0,0,65,,
2022-05-05,08:15,15.4,10,70,EAST,12.9,29,1014.29,1.02,0,0,77,,
2022-05-05,08:30,15.7,8.9,66,EAST,19.3,33.8,1014.12,1.02,0,0,123,,
2022-05-05,08:45,15.9,9.4,65,EAST,14.5,25.7,1014.49,1.02,0,0,134,,
2022-05-05,09:00,15.9,9.4,67,EAST,20.9,27.4,1014.39,1.02,0,0,160,,
2022-05-05,09:30,15.7,10.6,72,EAST,12.9,32.2,1014.19,1.02,0,0,120,,
2022-05-05,09:45,15.6,11.1,74,ENE,24.1,30.6,1014.36,1.02,0,0,162,,
2022-05-05,10:00,15.9,11.7,76,EAST,17.7,35.4,1014.16,1.02,0,1,297,,
2022-05-05,10:15,16.4,11.7,74,ENE,20.9,35.4,1014.29,1.02,0,1,323,,
2022-05-05,10:30,16.7,11.7,72,ENE,11.3,35.4,1013.88,1.02,0,1,183,,
2022-05-05,10:45,16.3,11.1,73,ENE,22.5,32.2,1013.61,1.02,0,0,67,,
2022-05-05,11:00,16.1,11.1,73,ENE,30.6,33.8,1013.55,1.02,0,0,91,,
2022-05-05,11:15,16.4,11.1,73,EAST,25.7,33.8,1013.41,1.02,0,1,200,,
2022-05-05,11:30,16.8,11.1,71,ENE,14.5,32.2,1013.07,1.02,0,1,265,,
2022-05-05,11:45,17.6,11.7,68,NE,22.5,43.5,1012.33,1.02,0,1,265,,
2022-05-05,12:00,17.7,11.7,68,ENE,17.7,41.8,1011.82,1.02,0,1,274,,
2022-05-05,12:15,18.1,11.7,66,ENE,19.3,45.1,1012.06,1.02,0,2,417,,
2022-05-05,12:30,18.5,11.1,63,NE,27.4,33.8,1012.02,1.02,0,3,471,,
2022-05-05,12:45,18.9,11.1,60,ESE,11.3,41.8,1011.82,1.02,0,3,533,,
2022-05-05,13:00,19,10.6,59,ENE,27.4,37,1011.79,1.02,0,1,272,,
2022-05-05,13:15,18.9,10.6,58,ESE,20.9,40.2,1011.92,1.02,0,3,621,,
2022-05-05,13:30,19,10,57,ESE,25.7,40.2,1011.82,1.02,0,2,309,,
2022-05-05,13:45,19.1,10,56,NNE,32.2,43.5,1012.09,1.02,0,1,230,,
2022-05-05,14:00,18.9,10.6,58,SE,11.3,29,1012.39,1.02,0,1,181,,
2022-05-05,14:15,19.1,10,57,SE,19.3,32.2,1012.39,1.02,0,1,163,,
2022-05-05,14:30,18.7,10.6,60,EAST,11.3,29,1012.33,1.02,0,0,109,,
2022-05-05,14:45,18.8,10,58,ENE,17.7,30.6,1012.12,1.02,0,0,98,,
2022-05-05,15:00,18.7,10,57,ENE,16.1,35.4,1011.04,1.02,0,1,179,,
2022-05-05,15:15,18.7,10,58,ESE,12.9,35.4,1011.79,1.02,0,1,200,,
2022-05-05,15:30,17.9,10.6,62,EAST,12.9,30.6,1011.01,1.02,0,1,257,,
2022-05-05,15:45,17.4,11.1,66,EAST,20.9,33.8,1010.74,1.02,0,1,294,,
2022-05-05,16:00,17.3,11.1,68,EAST,19.3,32.2,1010.13,1.02,0,1,311,,
2022-05-05,16:15,17.3,11.7,69,ESE,16.1,27.4,1010.3,1.02,0,1,283,,
2022-05-05,16:30,17.7,11.7,68,EAST,12.9,22.5,1010.16,1.02,0,1,392,,
2022-05-05,16:45,18.3,11.7,65,NE,24.1,27.4,1009.69,1.02,0,1,427,,
2022-05-05,17:00,18.8,11.1,62,EAST,22.5,32.2,1009.89,1.02,0,1,279,,
2022-05-05,17:15,18.5,11.1,62,ENE,14.5,40.2,1009.96,1.02,0,1,246,,
2022-05-05,17:30,18.1,11.1,65,ENE,20.9,40.2,1010.06,1.02,0,1,213,,
2022-05-05,17:45,18.2,11.7,66,ENE,25.7,33.8,1009.96,1.02,0,1,350,,
2022-05-05,18:00,18.4,11.1,64,NE,16.1,38.6,1010.06,1.02,0,1,255,,
2022-05-05,18:15,18.2,11.7,65,ENE,6.4,24.1,1010.26,1.02,0,0,221,,
2022-05-05,18:30,17.9,11.1,65,EAST,4.8,24.1,1009.96,1.02,0,0,95,,
2022-05-05,18:45,17.8,11.1,66,NE,9.7,20.9,1009.89,1.02,0,0,98,,
2022-05-05,19:00,17.8,11.1,67,,12.9,20.9,1009.96,1.02,0,0,63,,
2022-05-05,19:15,17.8,11.1,66,NE,11.3,17.7,1009.58,1.02,0,0,76,,
2022-05-05,19:30,17.7,11.1,66,ENE,24.1,22.5,1009.65,1.02,0,0,51,,
2022-05-05,19:45,17.5,11.1,67,NE,19.3,29,1009.55,1.02,0,0,28,,
2022-05-05,20:00,17.3,11.1,68,ENE,17.7,29,1009.72,1.02,0,0,11,,
2022-05-05,20:15,17.2,11.1,69,ENE,8,24.1,1009.85,1.02,0,0,0,,
2022-05-05,20:30,17.1,11.1,70,ENE,4.8,19.3,1010.26,1.02,0,0,0,,
2022-05-05,20:45,16.9,11.1,70,EAST,12.9,17.7,1010.74,1.02,0,0,0,,
2022-05-05,21:00,16.8,11.7,72,EAST,6.4,16.1,1010.84,1.02,0,0,0,,
2022-05-05,21:15,16.7,11.7,73,EAST,8,17.7,1010.74,1.02,0,0,0,,
2022-05-05,21:30,16.6,11.7,74,ENE,12.9,12.9,1010.74,1.02,0,0,0,,
2022-05-05,21:45,16.4,11.7,74,ENE,14.5,16.1,1010.8,1.02,0,0,0,,
2022-05-05,22:00,16.3,11.7,75,ENE,1.6,9.7,1011.14,1.02,0,0,0,,
2022-05-05,22:15,16.3,11.7,75,NNE,3.2,11.3,1011.18,1.02,0,0,0,,
2022-05-05,22:30,15.9,11.7,78,NE,6.4,11.3,1010.87,1.02,0,0,0,,
2022-05-05,22:45,15.6,12.2,81,NE,9.7,12.9,1010.74,1.02,0,0,0,,
2022-05-05,23:00,15.4,12.2,81,ENE,6.4,14.5,1010.6,1.02,0,0,0,,
2022-05-05,23:15,15.4,12.2,81,NE,4.8,9.7,1010.57,1.02,0,0,0,,
2022-05-05,23:30,15.3,12.2,81,NNE,4.8,6.4,1010.19,1.02,0,0,0,,
2022-05-05,23:45,15.3,12.2,81,NNE,6.4,8,1009.92,1.02,0,0,0,,
2022-05-05,OVR,,,,,,,,,,,,gustmax,32.2
2022-05-05,OVR,,,,,,,,,,,,rainrate_max,1
2022-05-05,OVR,,,,,,,,,,,,rain_total_mm,1
2022-05-05,OVR,,,,,,,,,,,,tmax,19.3
2022-05-05,OVR,,,,,,,,,,,,tmin,13.1
2022-05-05,OVR,,,,,,,,,,,,wind_dir_mean_deg,67.5
2022-05-06,00:00,15.3,12.2,82,NNW,3.2,9.7,1009.65,0,0,0,0,,
2022-05-06,00:15,15.1,11.7,82,NW,8,9.7,1009.69,0,0,0,0,,
2022-05-06,00:30,14.7,11.7,84,WNW,11.3,22.5,1009.38,0,0,0,0,,
2022-05-06,00:45,14.3,11.7,85,NORTH,0,11.3,1009.99,0,0,0,0,,
2022-05-06,01:00,14.8,11.7,82,WNW,1.6,6.4,1010.19,0,0,0,0,,
2022-05-06,01:15,14.9,11.7,81,WNW,1.6,3.2,1009.96,0,0,0,0,,
2022-05-06,01:30,14.9,11.7,81,NORTH,0,1.6,1010.02,0,0,0,0,,
2022-05-06,01:45,15.1,11.7,80,WNW,1.6,3.2,1009.89,0,0,0,0,,
2022-05-06,02:00,14.2,11.1,84,WEST,4.8,11.3,1009.92,0,0,0,0,,
2022-05-06,02:15,13.7,11.1,86,WSW,8,14.5,1009.72,0,0,0,0,,
2022-05-06,02:30,13.4,11.1,88,WSW,3.2,8,1009.58,0,0,0,0,,
2022-05-06,02:45,13.3,11.1,88,NORTH,0,4.8,1009.69,0,0,0,0,,
2022-05-06,03:00,13.1,11.1,89,WSW,1.6,3.2,1009.45,0,0,0,0,,
2022-05-06,03:15,13.1,11.1,90,WSW,3.2,8,1009.41,0,0,0,0,,
2022-05-06,03:30,13.2,11.1,90,WSW,3.2,11.3,1009.28,0,0,0,0,,
2022-05-06,03:45,13.2,11.1,90,WEST,3.2,16.1,1009.18,0,0,0,0,,
2022-05-06,04:00,13.2,11.7,90,WSW,1.6,11.3,1009.21,0,0,0,0,,
2022-05-06,04:15,13.1,11.7,91,WEST,6.4,19.3,1009.04,0,0,0,0,,
2022-05-06,04:30,13.1,11.7,91,WEST,4.8,17.7,1008.67,0,0,0,0,,
2022-05-06,04:45,13,11.7,91,WEST,6.4,14.5,1008.6,0,0,0,0,,
2022-05-06,05:00,12.8,11.1,92,WEST,12.9,22.5,1008.57,0,0,0,0,,
2022-05-06,05:15,12.8,11.1,92,WEST,12.9,27.4,1008.57,0,0,0,0,,
2022-05-06,05:30,12.6,11.1,92,WSW,8,27.4,1008.53,0,0,0,0,,
2022-05-06,05:45,12.5,11.1,92,WEST,19.3,25.7,1008.57,0,0,0,0,,
2022-05-06,06:00,12.4,11.1,92,WEST,16.1,29,1008.7,0,0,0,0,,
2022-05-06,06:15,12.2,11.1,93,NNE,19.3,32.2,1008.81,0,0,0,0,,
2022-05-06,06:30,12.2,11.1,93,WNW,12.9,32.2,1008.6,0,0,0,0,,
2022-05-06,06:45,12.2,11.1,93,WEST,16.1,32.2,1008.6,0,0,0,0,,
2022-05-06,07:00,12,10.6,93,WEST,29,38.6,1008.6,0.25,0.25,0,7,,
2022-05-06,07:15,11.8,10.6,93,WEST,25.7,43.5,1008.84,0.25,0.25,0,21,,
2022-05-06,07:30,12.1,11.1,94,WEST,30.6,45.1,1009.08,0.25,0.25,0,25,,
2022-05-06,07:45,12.1,11.1,93,WNW,20.9,41.8,1009.11,0.25,0.25,0,14,,
2022-05-06,08:00,12.1,11.1,94,NW,24.1,38.6,1009.31,0.25,0,0,30,,
2022-05-06,08:15,12.1,11.1,94,WNW,20.9,29,1009.21,0.25,0,0,33,,
2022-05-06,08:30,12.1,11.1,94,WNW,17.7,30.6,1009.11,0.25,0,0,39,,
2022-05-06,08:45,11.9,10.6,94,WNW,19.3,35.4,1009.38,0.25,0,0,30,,
2022-05-06,09:00,11.9,11.1,94,WNW,17.7,30.6,1009.35,0.51,0.25,0,63,,
2022-05-06,09:15,11.9,11.1,94,NW,19.3,38.6,1009.58,0.51,0.25,0,30,,
2022-05-06,09:30,12.1,11.1,94,WEST,17.7,24.1,1009.55,0.51,0.25,0,42,,
2022-05-06,09:45,12.3,11.1,95,WNW,24.1,29,1009.55,0.51,0.25,0,62,,
2022-05-06,10:00,12.3,11.1,95,WNW,17.7,29,1009.62,0.51,0,0,77,,
2022-05-06,10:15,12.3,11.1,95,WNW,17.7,37,1009.79,0.51,0,0,83,,
2022-05-06,10:30,12.4,11.7,94,WNW,16.1,41.8,1009.79,0.51,0,0,90,,
2022-05-06,10:45,12.7,11.7,95,WEST,20.9,30.6,1009.89,0.51,0,0,47,,
2022-05-06,11:00,12.8,11.7,95,WNW,17.7,32.2,1009.89,0.51,0,1,255,,
2022-05-06,11:15,12.9,11.7,94,WEST,16.1,40.2,1010.19,0.51,0,1,264,,
2022-05-06,11:30,13.1,12.2,94,WNW,17.7,38.6,1010.16,0.51,0,1,167,,
2022-05-06,11:45,13.4,12.2,93,WNW,19.3,41.8,1009.99,0.51,0,2,346,,
2022-05-06,12:00,13.1,11.7,93,WNW,27.4,40.2,1010.43,0.51,0,1,156,,
2022-05-06,12:15,13,11.7,93,WNW,27.4,43.5,1010.16,0.51,0,1,160,,
2022-05-06,12:30,13.2,11.7,93,NW,9.7,40.2,1010.16,0.51,0,1,97,,
2022-05-06,12:45,13.2,12.2,93,WNW,20.9,27.4,1010.19,0.51,0,1,135,,
2022-05-06,13:00,13.3,12.2,94,ENE,17.7,25.7,1010.02,0.51,0,1,111,,
2022-05-06,13:15,13.6,12.2,94,WEST,17.7,32.2,1010.16,0.51,0,1,218,,
2022-05-06,13:30,13.9,12.8,94,WEST,9.7,40.2,1009.96,0.51,0,2,316,,
2022-05-06,13:45,14.1,12.8,93,WEST,32.2,40.2,1009.96,0.51,0,2,394,,
2022-05-06,14:00,13.8,12.2,93,WNW,25.7,32.2,1009.82,0.51,0,2,338,,
2022-05-06,14:30,14.1,12.8,93,WNW,20.9,37,1009.85,0.51,0,2,406,,
2022-05-06,14:45,13.9,12.2,92,NW,17.7,37,1009.92,0.51,0,2,376,,
2022-05-06,15:00,14.1,12.8,93,WNW,25.7,37,1009.72,0.51,0,2,341,,
2022-05-06,15:15,14.1,12.8,92,WEST,12.9,29,1009.75,0.51,0,1,188,,
2022-05-06,15:30,13.8,12.2,93,WNW,12.9,30.6,1009.58,0.51,0,0,72,,
2022-05-06,15:45,13.6,12.2,93,WEST,22.5,33.8,1009.41,0.51,0.25,0,109,,
2022-05-06,16:00,13.4,12.2,94,WNW,14.5,30.6,1009.25,0.51,0.25,0,67,,
2022-05-06,16:15,13.5,12.2,94,WEST,14.5,30.6,1009.11,0.51,0.25,0,77,,
2022-05-06,16:30,13.6,12.8,95,WNW,12.9,22.5,1009.14,0.51,0.25,0,26,,
2022-05-06,16:45,13.5,12.2,95,WEST,16.1,38.6,1009.14,0.51,0,0,83,,
2022-05-06,17:00,13.8,12.8,95,WEST,17.7,32.2,1009.21,0.51,0,0,93,,
2022-05-06,17:15,13.7,12.8,95,WEST,17.7,32.2,1009.28,0.76,0.25,0,47,,
2022-05-06,17:30,13.7,12.8,95,WEST,24.1,38.6,1009.08,1.27,0.51,0,58,,
2022-05-06,17:45,13.9,12.8,95,WNW,16.1,27.4,1009.14,1.27,0.51,0,77,,
2022-05-06,18:00,13.9,12.8,95,NW,12.9,25.7,1009.11,2.03,1.52,0,33,,
2022-05-06,18:15,14.2,13.3,95,WEST,24.1,35.4,1009.14,2.03,1.27,0,98,,
2022-05-06,18:30,14.2,13.3,95,WNW,19.3,27.4,1009.11,2.03,0.76,0,63,,
2022-05-06,18:45,14.3,13.3,95,WEST,17.7,29,1009.04,2.03,0.76,0,54,,
2022-05-06,19:00,14.3,13.3,95,WNW,8,22.5,1009.11,2.03,0,0,25,,
2022-05-06,19:15,14.3,13.3,95,WEST,14.5,22.5,1009.31,2.03,0,0,47,,
2022-05-06,19:30,14.3,13.3,95,WEST,17.7,20.9,1009.18,2.03,0,0,33,,
2022-05-06,19:45,14.3,13.3,96,WEST,14.5,29,1009.31,2.03,0,0,33,,
2022-05-06,20:00,14.3,13.3,96,WNW,14.5,22.5,1009.52,2.03,0,0,16,,
2022-05-06,20:15,14.3,13.3,96,WEST,11.3,25.7,1009.48,2.03,0,0,0,,
2022-05-06,20:30,14.3,13.3,96,WNW,4.8,17.7,1009.69,2.03,0,0,0,,
2022-05-06,20:45,14.4,13.3,96,WNW,6.4,14.5,1009.69,2.03,0,0,0,,
2022-05-06,21:00,14.5,13.9,96,WNW,4.8,12.9,1009.99,2.03,0,0,0,,
2022-05-06,21:15,14.3,13.3,96,WNW,3.2,11.3,1010.3,2.03,0,0,0,,
2022-05-06,21:30,14.3,13.3,96,WNW,4.8,8,1010.36,2.03,0,0,0,,
2022-05-06,21:45,14.2,13.3,96,WNW,1.6,14.5,1010.6,2.03,0,0,0,,
2022-05-06,22:00,14.1,13.3,96,WNW,8,11.3,1010.67,2.03,0,0,0,,
2022-05-06,22:15,14.2,13.3,96,WNW,6.4,14.5,1010.74,2.03,0,0,0,,
2022-05-06,22:30,14.1,13.3,96,NW,4.8,11.3,1010.63,2.03,0,0,0,,
2022-05-06,22:45,14,13.3,96,NW,4.8,19.3,1010.7,2.29,0.51,0,0,,
2022-05-06,23:00,13.9,13.3,96,WNW,4.8,14.5,1010.77,2.54,0.51,0,0,,
2022-05-06,23:15,13.8,12.8,96,WNW,11.3,16.1,1010.5,2.54,0.51,0,0,,
2022-05-06,23:30,13.7,12.8,96,WNW,11.3,16.1,1010.67,2.54,0.51,0,0,,
2022-05-06,23:45,13.6,12.8,96,WEST,14.5,17.7,1010.6,2.54,0.25,0,0,,
2022-05-06,OVR,,,,,,,,,,,,gustmax,32.2
2022-05-06,OVR,,,,,,,,,,,,rainrate_max,6
2022-05-06,OVR,,,,,,,,,,,,rain_total_mm,2.6
2022-05-06,OVR,,,,,,,,,,,,tmax,15.3
2022-05-06,OVR,,,,,,,,,,,,tmin,11.8
2022-05-06,OVR,,,,,,,,,,,,wind_dir_mean_deg,292.5
2022-05-07,00:00,13.4,12.8,96,WEST,9.7,20.9,1010.43,0,0,0,0,,
2022-05-07,00:15,13.2,12.2,96,NW,4.8,19.3,1010.46,0,0,0,0,,
2022-05-07,00:30,13.1,12.2,96,WNW,4.8,12.9,1010.57,0,0,0,0,,
2022-05-07,00:45,13.2,12.2,96,WNW,11.3,20.9,1010.77,0,0,0,0,,
2022-05-07,01:00,13.2,12.2,96,NW,6.4,17.7,1010.8,0,0,0,0,,
2022-05-07,01:15,13.2,12.2,96,NW,4.8,19.3,1010.77,0,0,0,0,,
2022-05-07,01:30,13.3,12.2,96,NW,3.2,12.9,1010.74,0,0,0,0,,
2022-05-07,01:45,13.3,12.2,96,NW,3.2,6.4,1010.8,0,0,0,0,,
2022-05-07,02:00,13.1,12.2,96,NNE,4.8,8,1010.67,0,0,0,0,,
2022-05-07,02:15,13.4,12.8,96,NORTH,3.2,6.4,1010.94,0,0,0,0,,
2022-05-07,02:30,13.6,12.8,95,NNW,4.8,9.7,1010.84,0,0,0,0,,
2022-05-07,02:45,13.7,12.8,94,NNW,9.7,16.1,1010.97,0,0,0,0,,
2022-05-07,03:00,13.7,12.8,94,NNW,6.4,16.1,1010.77,0,0,0,0,,
2022-05-07,03:15,13.7,12.8,94,NW,16.1,17.7,1010.84,0.25,0.25,0,0,,
2022-05-07,03:30,13.6,12.2,94,NNW,14.5,22.5,1010.77,0.51,0.51,0,0,,
2022-05-07,03:45,13.5,12.2,94,,9.7,16.1,1010.67,0.51,0.51,0,0,,
2022-05-07,04:00,13.5,12.2,94,NNW,4.8,16.1,1010.77,0.51,0.51,0,0,,
2022-05-07,04:15,13.4,12.2,94,NNW,3.2,6.4,1010.53,0.51,0.25,0,0,,
2022-05-07,04:30,13.4,12.2,94,,3.2,6.4,1010.77,0.51,0,0,0,,
2022-05-07,04:45,13.5,12.2,94,,1.6,6.4,1010.63,0.51,0,0,0,,
2022-05-07,05:00,13.4,12.2,94,,1.6,3.2,1010.84,0.51,0,0,0,,
2022-05-07,05:15,13.4,12.2,94,,4.8,9.7,1010.8,0.51,0,0,0,,
2022-05-07,05:30,13.6,12.2,93,,3.2,9.7,1010.77,0.51,0,0,0,,
2022-05-07,05:45,13.6,12.2,92,NORTH,0,6.4,1010.8,0.51,0,0,0,,
2022-05-07,06:00,13.3,11.7,92,NNW,1.6,8,1011.04,0.51,0,0,0,,
2022-05-07,06:15,13.2,11.7,93,NW,6.4,9.7,1011.14,0.51,0,0,0,,
2022-05-07,06:30,13.3,12.2,93,NNW,4.8,14.5,1011.38,0.51,0,0,0,,
2022-05-07,06:45,13.6,12.2,92,NW,12.9,19.3,1011.48,0.51,0,0,0,,
2022-05-07,07:00,13.7,12.2,91,NNW,6.4,17.7,1011.79,0.51,0,0,11,,
2022-05-07,07:15,13.7,12.2,91,NNW,9.7,14.5,1011.92,0.51,0,0,16,,
2022-05-07,07:30,13.7,12.2,90,,6.4,17.7,1011.95,0.51,0,0,51,,
2022-05-07,07:45,13.8,12.2,90,NW,3.2,16.1,1011.99,0.51,0,0,156,,
2022-05-07,08:00,14.1,12.2,90,WNW,9.7,16.1,1012.12,0.51,0,0,113,,
2022-05-07,08:15,14.1,12.2,90,NW,9.7,17.7,1012.26,0.51,0,0,118,,
2022-05-07,08:30,14.2,12.2,90,NW,14.5,19.3,1012.26,0.51,0,0,199,,
2022-05-07,08:45,14.3,12.2,89,WNW,17.7,19.3,1012.43,0.51,0,1,195,,
2022-05-07,09:00,14.6,12.2,88,,12.9,19.3,1012.29,0.51,0,0,156,,
2022-05-07,09:15,14.7,12.2,87,NW,6.4,16.1,1012.43,0.51,0,1,209,,
2022-05-07,09:30,15.1,12.8,87,NW,4.8,12.9,1012.6,0.51,0,1,221,,
2022-05-07,09:45,15.7,13.3,86,NW,8,27.4,1012.7,0.51,0,1,262,,
2022-05-07,10:00,15.7,12.8,85,WNW,14.5,24.1,1012.9,0.51,0,2,325,,
2022-05-07,10:15,15.9,12.8,84,NW,4.8,20.9,1013.07,0.51,0,1,193,,
2022-05-07,10:30,16,13.3,84,NW,6.4,19.3,1013.11,0.51,0,1,176,,
2022-05-07,10:45,15.8,13.3,85,WNW,12.9,20.9,1013.04,0.51,0,1,197,,
2022-05-07,11:00,15.7,12.8,85,NNW,4.8,19.3,1013.34,0.51,0,1,174,,
2022-05-07,11:15,15.7,12.8,85,NNW,9.7,16.1,1013.34,0.51,0,1,243,,
2022-05-07,11:30,15.8,13.3,85,NNW,9.7,17.7,1013.38,0.51,0,1,230,,
2022-05-07,11:45,15.8,13.3,85,NW,11.3,17.7,1013.38,0.51,0,2,243,,
2022-05-07,12:00,15.5,13.3,88,WEST,11.3,25.7,1013.55,0.51,0,2,374,,
2022-05-07,12:15,15.9,13.9,90,NW,12.9,16.1,1013.44,0.51,0,4,613,,
2022-05-07,12:30,16,13.9,87,WEST,9.7,20.9,1013.48,0.51,0,3,482,,
2022-05-07,12:45,16.7,13.9,84,WNW,8,19.3,1013.41,0.51,0,3,466,,
2022-05-07,13:00,17.2,13.3,80,WNW,8,17.7,1013.21,0.51,0,4,598,,
2022-05-07,13:15,17.3,13.9,80,WEST,16.1,22.5,1013,0.51,0,3,510,,
2022-05-07,13:30,17.3,13.3,77,WEST,17.7,27.4,1013.24,0.51,0,3,515,,
2022-05-07,13:45,17.9,13.9,77,NNW,6.4,25.7,1013.28,0.51,0,5,652,,
2022-05-07,14:00,17.8,12.8,74,NNW,14.5,24.1,1013.28,0.51,0,5,649,,
2022-05-07,14:15,18.6,13.3,71,NW,16.1,24.1,1013.11,0.51,0,5,877,,
2022-05-07,14:30,18.9,12.8,69,NW,14.5,33.8,1012.94,0.51,0,3,1201,,
2022-05-07,14:45,19.4,13.3,69,NW,14.5,27.4,1012.84,0.51,0,6,1118,,
2022-05-07,15:00,19.1,12.8,67,WNW,14.5,38.6,1012.84,0.51,0,3,367,,
2022-05-07,15:15,19.1,12.8,68,WNW,12.9,29,1012.97,0.51,0,3,445,,
2022-05-07,15:30,18.4,13.9,75,WEST,27.4,41.8,1012.8,0.51,0,3,524,,
2022-05-07,15:45,17.8,13.9,78,WEST,24.1,45.1,1012.87,0.51,0,2,313,,
2022-05-07,16:00,17,13.3,80,NW,19.3,33.8,1012.8,0.51,0,2,334,,
2022-05-07,16:15,16.8,13.3,81,WEST,14.5,30.6,1012.77,0.51,0,2,318,,
2022-05-07,16:30,17.3,13.9,80,WEST,16.1,29,1012.8,0.51,0,3,831,,
2022-05-07,16:45,17.8,13.9,79,WEST,19.3,33.8,1012.97,0.51,0,3,763,,
2022-05-07,17:00,17.9,13.3,75,WNW,14.5,30.6,1013.21,0.51,0,2,403,,
2022-05-07,17:15,17.9,12.2,71,WNW,19.3,32.2,1013.28,0.51,0,1,287,,
2022-05-07,17:30,17.4,13.3,78,WNW,22.5,30.6,1013.21,0.51,0,1,322,,
2022-05-07,17:45,16.7,13.3,82,ENE,14.5,35.4,1013.07,0.51,0,1,148,,
2022-05-07,18:00,15.8,12.8,84,EAST,24.1,41.8,1013.38,0.51,0,0,127,,
2022-05-07,18:15,15.7,13.3,86,WNW,14.5,32.2,1013.24,0.51,0,1,251,,
2022-05-07,18:30,15.9,13.3,85,WEST,19.3,33.8,1013.41,0.51,0,0,98,,
2022-05-07,18:45,15.8,12.8,85,WNW,19.3,37,1013.31,0.51,0,0,116,,
2022-05-07,19:00,15.9,13.3,84,WEST,12.9,38.6,1013.34,0.51,0,0,135,,
2022-05-07,19:15,15.9,13.3,85,WEST,22.5,25.7,1013.61,0.51,0,0,65,,
2022-05-07,19:30,15.7,13.3,86,WEST,19.3,25.7,1013.68,0.51,0,0,35,,
2022-05-07,19:45,15.4,12.8,86,WEST,9.7,19.3,1014.09,0.51,0,0,25,,
2022-05-07,20:00,15.3,12.8,86,NORTH,0,14.5,1014.33,0.51,0,0,16,,
2022-05-07,20:15,15.2,12.8,87,SW,1.6,6.4,1014.33,0.51,0,0,7,,
2022-05-07,20:30,14.9,12.8,87,NORTH,0,3.2,1014.46,0.51,0,0,0,,
2022-05-07,20:45,14.8,12.8,89,SW,1.6,1.6,1014.66,0.51,0,0,0,,
2022-05-07,21:00,14.7,12.8,90,WEST,1.6,9.7,1014.7,0.51,0,0,0,,
2022-05-07,21:15,14.3,12.8,92,WNW,1.6,11.3,1014.83,0.51,0,0,0,,
2022-05-07,21:30,14.1,12.8,93,NORTH,0,4.8,1015.24,0.51,0,0,0,,
2022-05-07,21:45,13.9,12.8,93,SW,1.6,8,1015.41,0.51,0,0,0,,
2022-05-07,22:00,13.8,12.8,94,NORTH,0,1.6,1015.37,0.51,0,0,0,,
2022-05-07,22:15,13.6,12.2,94,SW,1.6,3.2,1015.61,0.51,0,0,0,,
2022-05-07,22:30,13.6,12.2,94,NORTH,0,1.6,1015.41,0.51,0,0,0,,
2022-05-07,22:45,13.3,12.2,94,NORTH,0,3.2,1015.51,0.51,0,0,0,,
2022-05-07,23:00,13.2,12.2,94,NORTH,0,0,1015.51,0.51,0,0,0,,
2022-05-07,23:15,13.1,12.2,94,NORTH,0,0,1015.41,0.51,0,0,0,,
2022-05-07,23:30,13,11.7,93,NORTH,0,0,1015.54,0.51,0,0,0,,
2022-05-07,23:45,12.9,11.7,93,NORTH,0,3.2,1015.44,0.51,0,0,0,,
2022-05-07,OVR,,,,,,,,,,,,gustmax,27.4
2022-05-07,OVR,,,,,,,,,,,,rainrate_max,0.2
2022-05-07,OVR,,,,,,,,,,,,rain_total_mm,0.4
2022-05-07,OVR,,,,,,,,,,,,tmax,19.6
2022-05-07,OVR,,,,,,,,,,,,tmin,12.7
2022-05-07,OVR,,,,,,,,,,,,wind_dir_mean_deg,315
2022-05-08,00:00,12.8,11.7,93,NORTH,0,4.8,1015.41,0,0,0,0,,
2022-05-08,00:15,12.9,11.7,93,NORTH,0,3.2,1015.51,0,0,0,0,,
2022-05-08,00:30,13.1,11.7,94,NORTH,0,8,1015.44,0,0,0,0,,
2022-05-08,00:45,12.7,11.7,93,NNW,1.6,3.2,1015.54,0,0,0,0,,
2022-05-08,01:00,13.1,11.7,93,NNW,1.6,6.4,1015.34,0,0,0,0,,
2022-05-08,01:15,12.9,11.7,92,NORTH,0,3.2,1015.21,0,0,0,0,,
2022-05-08,01:30,12.9,11.1,91,NORTH,0,3.2,1015.31,0,0,0,0,,
2022-05-08,01:45,12.8,11.1,90,NORTH,0,1.6,1015.07,0,0,0,0,,
2022-05-08,02:00,13.2,11.1,88,NORTH,0,4.8,1015.17,0,0,0,0,,
2022-05-08,02:15,13.3,11.1,88,NORTH,0,1.6,1015.14,0,0,0,0,,
2022-05-08,02:30,13.3,11.1,87,NNW,3.2,8,1015.14,0,0,0,0,,
2022-05-08,02:45,13.1,11.1,88,NNW,3.2,6.4,1014.83,0,0,0,0,,
2022-05-08,03:00,13.3,11.1,86,NW,1.6,6.4,1014.97,0,0,0,0,,
2022-05-08,03:15,13.6,11.1,85,WNW,6.4,9.7,1015.1,0,0,0,0,,
2022-05-08,03:30,13,11.1,90,WEST,14.5,22.5,1014.9,0,0,0,0,,
2022-05-08,03:45,12.9,11.1,91,WEST,11.3,24.1,1014.77,0,0,0,0,,
2022-05-08,04:00,12.8,11.1,92,NW,4.8,16.1,1014.8,0,0,0,0,,
2022-05-08,04:15,12.8,11.7,92,NW,1.6,16.1,1014.97,0,0,0,0,,
2022-05-08,04:30,12.7,11.1,93,WNW,1.6,11.3,1015.14,0,0,0,0,,
2022-05-08,04:45,12.4,11.1,93,WNW,1.6,3.2,1014.73,0,0,0,0,,
2022-05-08,05:00,12.5,11.1,92,WNW,6.4,17.7,1014.77,0,0,0,0,,
2022-05-08,05:15,12.9,11.1,90,WNW,3.2,12.9,1014.97,0,0,0,0,,
2022-05-08,05:30,12.9,11.1,89,NNW,3.2,6.4,1014.9,0,0,0,0,,
2022-05-08,05:45,12.9,11.1,88,NNW,3.2,8,1014.87,0,0,0,0,,
2022-05-08,06:00,13.2,10.6,86,NNW,3.2,9.7,1014.83,0,0,0,0,,
2022-05-08,06:15,13.2,10.6,86,NNW,4.8,6.4,1015.07,0,0,0,0,,
2022-05-08,06:30,13.6,11.1,85,NNW,8,9.7,1015.14,0,0,0,12,,
2022-05-08,06:45,13.6,10.6,84,NW,3.2,6.4,1015.24,0,0,0,26,,
2022-05-08,07:00,12.9,11.1,89,WNW,4.8,16.1,1015.54,0,0,0,53,,
2022-05-08,07:15,13.1,11.1,91,NNW,4.8,14.5,1015.68,0,0,0,120,,
2022-05-08,07:30,13.2,11.7,92,WEST,9.7,17.7,1015.58,0,0,0,83,,
2022-05-08,07:45,13.1,11.7,93,NW,8,20.9,1015.71,0,0,0,120,,
2022-05-08,08:00,13.2,11.7,93,WNW,8,16.1,1015.65,0,0,0,227,,
2022-05-08,08:15,13.2,11.7,93,NORTH,0,14.5,1015.78,0,0,0,118,,
2022-05-08,08:30,13.2,11.7,92,WEST,1.6,12.9,1015.75,0,0,1,162,,
2022-05-08,08:45,13.6,12.2,91,WNW,3.2,12.9,1015.82,0,0,1,195,,
2022-05-08,09:00,13.8,12.2,91,NW,4.8,12.9,1016.05,0,0,1,209,,
2022-05-08,09:15,13.9,12.2,90,WEST,11.3,22.5,1016.09,0,0,1,287,,
2022-05-08,09:30,14.3,12.8,91,WEST,20.9,29,1015.98,0,0,1,251,,
2022-05-08,09:45,15.1,13.3,91,WEST,14.5,25.7,1016.19,0,0,2,452,,
2022-05-08,10:00,15.6,13.3,88,WNW,17.7,30.6,1016.12,0,0,3,656,,
2022-05-08,10:15,16.7,13.9,83,WNW,16.1,29,1016.32,0,0,3,608,,
2022-05-08,10:30,16.8,13.9,83,WNW,9.7,29,1016.22,0,0,3,779,,
2022-05-08,10:45,17.1,13.9,82,WNW,14.5,29,1016.22,0,0,4,911,,
2022-05-08,11:00,17,13.9,81,NE,9.7,27.4,1016.46,0,0,2,295,,
2022-05-08,11:15,17.3,13.9,82,NE,9.7,12.9,1016.36,0,0,3,455,,
2022-05-08,11:30,18.1,13.9,79,SSE,20.9,27.4,1016.53,0,0,4,584,,
2022-05-08,11:45,18.1,13.9,79,WNW,29,33.8,1016.46,0,0,5,886,,
2022-05-08,12:00,18.4,13.9,74,WEST,12.9,27.4,1016.42,0,0,5,896,,
2022-05-08,12:15,18.9,13.9,74,WEST,12.9,25.7,1016.22,0,0,6,919,,
2022-05-08,12:30,19.2,14.4,76,ENE,14.5,27.4,1016.29,0,0,6,960,,
2022-05-08,12:45,19.1,14.4,75,ENE,20.9,32.2,1016.15,0,0,6,951,,
2022-05-08,13:15,19.4,14.4,74,WEST,24.1,33.8,1015.68,0,0,6,967,,
2022-05-08,13:30,19.3,14.4,73,WEST,32.2,43.5,1015.58,0,0,6,958,,
2022-05-08,13:45,19.7,13.9,69,WEST,27.4,43.5,1015.75,0,0,6,1020,,
2022-05-08,14:00,19,13.3,70,WEST,38.6,45.1,1015.95,0,0,6,439,,
2022-05-08,14:15,19.5,13.3,69,WEST,40.2,49.9,1015.75,0,0,5,856,,
2022-05-08,14:30,18.9,13.3,70,WNW,29,41.8,1015.85,0,0,5,612,,
2022-05-08,14:45,18.7,13.3,72,EAST,38.6,41.8,1016.22,0,0,5,923,,
2022-05-08,15:00,18.7,13.3,71,WEST,17.7,35.4,1016.49,0,0,3,381,,
2022-05-08,15:15,19.2,13.3,69,WEST,32.2,48.3,1016.7,0,0,4,805,,
2022-05-08,15:30,18.8,12.8,69,WNW,19.3,45.1,1016.63,0,0,4,512,,
2022-05-08,15:45,16.2,11.7,76,EAST,19.3,24.1,1016.83,0,0,1,185,,
2022-05-08,16:00,17.2,12.2,74,ESE,11.3,24.1,1016.86,0,0,2,394,,
2022-05-08,16:15,17.1,12.2,75,SE,6.4,16.1,1016.9,0,0,1,251,,
2022-05-08,16:30,16.7,12.8,78,SE,8,16.1,1016.83,0,0,0,109,,
2022-05-08,16:45,15.3,12.8,86,ESE,9.7,20.9,1017.24,0,0,0,107,,
2022-05-08,17:00,14.9,12.8,86,ESE,19.3,24.1,1016.97,0,0,1,174,,
2022-05-08,17:15,14.9,12.8,88,SE,12.9,22.5,1017.03,0.25,0.25,0,134,,
2022-05-08,17:30,14.7,12.8,90,SE,14.5,22.5,1017.34,0.25,0.25,0,79,,
2022-05-08,17:45,14.6,12.8,90,ESE,6.4,22.5,1017.61,0.25,0.25,0,123,,
2022-05-08,18:00,14.6,12.8,90,SE,16.1,22.5,1017.58,0.25,0.25,0,158,,
2022-05-08,18:15,14.5,12.8,89,SE,12.9,24.1,1017.61,0.25,0,0,104,,
2022-05-08,18:30,14.5,12.8,90,EAST,17.7,20.9,1017.85,0.25,0,0,0,,
2022-05-08,18:45,14.1,12.2,91,ESE,12.9,17.7,1017.64,4.32,4.32,0,12,,
2022-05-08,19:15,13.7,12.2,92,SE,14.5,17.7,1017.34,7.87,7.87,0,33,,
2022-05-08,19:30,13.6,12.2,92,SE,8,16.1,1017.51,9.14,8.89,0,42,,
2022-05-08,19:45,13.3,11.7,92,SE,3.2,14.5,1017.75,9.65,5.08,0,25,,
2022-05-08,20:00,13.3,11.7,92,SE,1.6,11.3,1017.61,9.91,4.06,0,23,,
2022-05-08,20:15,13.4,12.2,92,EAST,4.8,9.7,1017.88,10.16,2.29,0,19,,
2022-05-08,20:30,13.3,12.2,93,NNE,1.6,8,1017.98,10.16,1.02,0,0,,
2022-05-08,20:45,13.3,12.2,93,NORTH,0,11.3,1018.19,10.16,0.51,0,0,,
2022-05-08,21:15,13.1,12.2,94,NORTH,0,3.2,1018.39,10.16,0,0,0,,
2022-05-08,21:30,13.2,12.2,94,NE,1.6,4.8,1018.66,10.16,0,0,0,,
2022-05-08,21:45,13.2,12.2,94,ENE,4.8,8,1018.76,10.16,0,0,0,,
2022-05-08,22:00,13.1,12.2,94,ENE,3.2,8,1018.8,10.16,0,0,0,,
2022-05-08,22:15,13.1,11.7,94,ENE,4.8,6.4,1018.8,10.16,0,0,0,,
2022-05-08,22:30,12.9,11.7,94,ENE,4.8,6.4,1018.86,10.16,0,0,0,,
2022-05-08,22:45,12.8,11.7,94,ENE,4.8,11.3,1018.96,10.16,0,0,0,,
2022-05-08,23:00,12.8,11.7,94,EAST,1.6,11.3,1018.86,10.16,0,0,0,,
2022-05-08,23:15,13,11.7,93,EAST,4.8,6.4,1019,10.16,0,0,0,,
2022-05-08,23:30,13.1,11.7,93,NORTH,0,3.2,1019.03,10.16,0,0,0,,
2022-05-08,23:45,12.7,11.7,93,EAST,1.6,3.2,1019.17,10.16,0,0,0,,
2022-05-08,OVR,,,,,,,,,,,,gustmax,40.2
2022-05-08,OVR,,,,,,,,,,,,rainrate_max,39.8
2022-05-08,OVR,,,,,,,,,,,,rain_total_mm,10.2
2022-05-08,OVR,,,,,,,,,,,,tmax,19.9
2022-05-08,OVR,,,,,,,,,,,,tmin,12.2
2022-05-08,OVR,,,,,,,,,,,,wind_dir_mean_deg,292.5
2022-05-09,00:00,12.6,11.1,93,NORTH,0,1.6,1019.34,0,0,0,0,,
2022-05-09,00:15,12.4,11.1,94,EAST,1.6,4.8,1019.3,0,0,0,0,,
2022-05-09,00:30,12.3,11.1,94,EAST,1.6,1.6,1019.24,0,0,0,0,,
2022-05-09,00:45,12.2,11.1,94,NORTH,0,3.2,1019.3,0,0,0,0,,
2022-05-09,01:00,12.1,11.1,94,NORTH,0,3.2,1019.3,0,0,0,0,,
2022-05-09,01:15,12.3,11.1,94,NORTH,0,3.2,1019.44,0,0,0,0,,
2022-05-09,01:30,12.4,11.7,95,NORTH,0,0,1019.3,0,0,0,0,,
2022-05-09,01:45,12.2,11.1,95,NORTH,0,1.6,1019.17,0,0,0,0,,
2022-05-09,02:00,12.4,11.7,95,EAST,1.6,3.2,1019.3,0,0,0,0,,
2022-05-09,02:15,12.6,11.7,95,EAST,3.2,4.8,1019.2,0,0,0,0,,
2022-05-09,02:30,12.6,11.7,95,EAST,1.6,3.2,1019.07,0,0,0,0,,
2022-05-09,02:45,12.4,11.7,95,NORTH,0,4.8,1018.93,0,0,0,0,,
2022-05-09,03:00,12.4,11.1,95,NORTH,0,3.2,1019.1,0,0,0,0,,
2022-05-09,03:15,12.6,11.7,95,NORTH,0,3.2,1019.13,0,0,0,0,,
2022-05-09,03:30,12.4,11.1,95,EAST,1.6,6.4,1019.2,0,0,0,0,,
2022-05-09,03:45,12.4,11.7,95,EAST,3.2,4.8,1019.03,0,0,0,0,,
2022-05-09,04:00,12.3,11.1,95,EAST,3.2,4.8,1019.17,0,0,0,0,,
2022-05-09,04:15,12.3,11.1,95,NORTH,0,3.2,1019.03,0,0,0,0,,
2022-05-09,04:30,12,11.1,94,EAST,1.6,3.2,1019.2,0,0,0,0,,
2022-05-09,04:45,11.9,10.6,94,EAST,1.6,3.2,1019.1,0,0,0,0,,
2022-05-09,05:00,11.8,10.6,94,EAST,1.6,3.2,1019.13,0,0,0,0,,
2022-05-09,05:15,11.6,10.6,95,NORTH,0,4.8,1019.27,0,0,0,0,,
2022-05-09,05:30,11.8,10.6,95,NORTH,0,3.2,1019.13,0,0,0,0,,
2022-05-09,05:45,12.1,11.1,95,EAST,1.6,4.8,1019.44,0,0,0,0,,
2022-05-09,06:00,12.4,11.7,95,EAST,1.6,3.2,1019.37,0,0,0,0,,
2022-05-09,06:15,12.4,11.7,95,EAST,3.2,4.8,1019.34,0,0,0,0,,
2022-05-09,06:30,12.4,11.1,95,NORTH,0,4.8,1019.47,0,0,0,7,,
2022-05-09,06:45,12.3,11.1,94,EAST,1.6,4.8,1019.57,0,0,0,16,,
2022-05-09,07:00,12.4,11.1,94,NORTH,0,4.8,1019.51,0,0,0,32,,
2022-05-09,07:15,12.4,11.1,94,EAST,1.6,1.6,1019.64,0,0,0,86,,
2022-05-09,07:30,12.2,11.1,95,NORTH,0,8,1019.91,0,0,0,47,,
2022-05-09,07:45,12.1,11.1,95,,1.6,4.8,1019.98,0,0,0,74,,
2022-05-09,08:00,12.7,11.7,95,NORTH,0,3.2,1019.81,0,0,0,105,,
2022-05-09,08:15,13.1,12.2,94,NORTH,0,1.6,1020.01,0,0,0,114,,
2022-05-09,08:30,13.6,12.2,94,,1.6,1.6,1020.22,0,0,0,114,,
2022-05-09,08:45,13.9,12.8,92,NORTH,0,1.6,1020.32,0,0,0,139,,
2022-05-09,09:00,14.1,12.8,93,,4.8,6.4,1020.45,0,0,1,185,,
2022-05-09,09:15,13.8,12.2,93,,3.2,4.8,1020.45,0,0,1,211,,
2022-05-09,09:30,14.3,12.8,92,NORTH,0,4.8,1020.76,0,0,1,301,,
2022-05-09,09:45,14.6,12.8,92,,3.2,6.4,1020.66,0,0,2,334,,
2022-05-09,10:00,14.7,12.8,91,,1.6,6.4,1020.73,0,0,2,299,,
2022-05-09,10:15,14.9,12.8,89,,1.6,4.8,1020.96,0,0,2,292,,
2022-05-09,10:30,15.6,12.8,85,,4.8,4.8,1020.89,0,0,2,308,,
2022-05-09,10:45,15.7,12.8,83,,4.8,6.4,1021.03,0,0,2,329,,
2022-05-09,11:00,15.8,11.7,78,,4.8,6.4,1021.06,0,0,2,381,,
2022-05-09,11:15,16.6,12.8,78,,3.2,4.8,1021.13,0,0,3,501,,
2022-05-09,11:30,16.8,12.2,75,NORTH,0,4.8,1021,0,0,3,469,,
2022-05-09,11:45,17.3,12.2,73,NNW,3.2,12.9,1020.93,0,0,5,763,,
2022-05-09,12:00,18,12.8,71,NNW,1.6,9.7,1020.89,0,0,6,928,,
2022-05-09,12:15,18.3,12.8,70,WNW,6.4,16.1,1021.03,0,0,6,1005,,
2022-05-09,12:30,18.8,13.9,75,SW,1.6,16.1,1020.76,0,0,6,1204,,
2022-05-09,12:45,17.7,12.8,75,WEST,3.2,32.2,1020.83,0,0,1,179,,
2022-05-09,13:00,16.4,12.8,80,NORTH,0,20.9,1020.56,1.52,1.52,2,190,,
2022-05-09,13:15,16.9,13.3,79,WEST,4.8,12.9,1020.49,1.52,1.52,6,998,,
2022-05-09,13:30,18.1,12.8,72,SW,6.4,6.4,1020.45,1.52,1.52,7,1225,,
2022-05-09,13:45,18.4,12.8,69,SOUTH,4.8,8,1020.39,1.52,1.52,3,431,,
2022-05-09,14:00,17.4,12.2,72,ESE,19.3,19.3,1020.73,1.52,0,0,84,,
2022-05-09,14:15,15.1,11.1,78,EAST,6.4,25.7,1021.1,1.52,0,0,32,,
2022-05-09,14:30,13.7,11.1,84,,6.4,17.7,1021.4,2.03,0.51,0,18,,
2022-05-09,14:45,13.3,11.1,87,EAST,6.4,9.7,1021.2,3.3,1.78,0,14,,
2022-05-09,15:00,13.3,11.1,88,EAST,11.3,12.9,1021,4.57,3.05,0,28,,
2022-05-09,15:15,13.1,11.1,89,EAST,11.3,14.5,1021.03,4.83,3.3,0,81,,
2022-05-09,15:30,13.4,11.7,90,ESE,9.7,14.5,1021.2,5.08,3.05,1,225,,
2022-05-09,15:45,14.3,12.2,88,ESE,6.4,11.3,1021.4,5.08,1.52,1,232,,
2022-05-09,16:00,13.6,11.7,90,SSE,9.7,22.5,1021.54,5.08,0.51,1,135,,
2022-05-09,16:15,13.3,11.7,91,SE,12.9,17.7,1021.5,5.08,0.25,0,79,,
2022-05-09,16:30,13.4,11.7,91,SE,14.5,22.5,1021.4,5.08,0,0,93,,
2022-05-09,16:45,13.7,12.2,92,SE,12.9,17.7,1021.44,5.08,0,1,148,,
2022-05-09,17:00,13.7,12.2,92,SE,8,16.1,1021.5,5.08,0,1,162,,
2022-05-09,17:15,14,12.8,92,SE,4.8,14.5,1021.57,5.08,0,1,156,,
2022-05-09,17:30,14.2,12.2,91,SE,3.2,11.3,1021.61,5.08,0,1,181,,
2022-05-09,17:45,14.9,12.8,87,NORTH,0,6.4,1021.54,5.08,0,1,185,,
2022-05-09,18:00,15.1,12.2,85,SE,4.8,8,1021.37,5.08,0,0,109,,
2022-05-09,18:15,14.8,12.2,87,SE,3.2,11.3,1021.3,5.08,0.25,0,141,,
2022-05-09,18:30,14.7,12.8,90,ENE,8,14.5,1021.54,5.08,0.25,0,192,,
2022-05-09,18:45,14.2,12.8,92,EAST,9.7,11.3,1021.13,5.33,0.51,0,113,,
2022-05-09,19:00,14.2,12.8,93,EAST,1.6,11.3,1021.37,5.33,0.51,0,97,,
2022-05-09,19:15,14.1,12.8,93,ENE,8,12.9,1021.47,5.33,0.25,0,97,,
2022-05-09,19:30,13.9,12.8,93,ENE,3.2,8,1021.54,5.33,0,0,76,,
2022-05-09,19:45,13.8,12.8,93,ENE,3.2,4.8,1021.37,5.33,0,0,40,,
2022-05-09,20:00,13.6,12.2,93,ENE,1.6,6.4,1021.1,5.33,0,0,23,,
2022-05-09,20:15,13.4,12.2,93,ENE,1.6,4.8,1021.3,5.33,0,0,9,,
2022-05-09,20:30,12.9,11.7,93,ENE,4.8,8,1021.3,5.33,0,0,0,,
2022-05-09,20:45,12.6,11.1,93,ENE,6.4,6.4,1021.3,5.33,0,0,0,,
2022-05-09,21:00,12.2,11.1,93,ENE,3.2,4.8,1021.47,5.33,0,0,0,,
2022-05-09,21:15,12.1,10.6,91,NORTH,0,4.8,1021.81,5.33,0,0,0,,
2022-05-09,21:30,11.8,10,90,ENE,3.2,4.8,1022.15,5.33,0,0,0,,
2022-05-09,21:45,11.4,9.4,90,ENE,3.2,4.8,1022.11,5.33,0,0,0,,
2022-05-09,22:00,11.3,9.4,91,NORTH,0,3.2,1022.35,5.33,0,0,0,,
2022-05-09,22:15,11.4,10,91,ENE,1.6,4.8,1022.32,5.33,0,0,0,,
2022-05-09,22:30,11.6,10,91,ENE,3.2,4.8,1022.76,5.33,0,0,0,,
2022-05-09,22:45,11.4,10,91,ENE,1.6,3.2,1022.86,5.33,0,0,0,,
2022-05-09,23:00,11.2,9.4,91,NORTH,0,6.4,1022.72,5.33,0,0,0,,
2022-05-09,23:15,11,9.4,91,ENE,1.6,3.2,1022.62,5.33,0,0,0,,
2022-05-09,23:30,11.2,9.4,90,ENE,1.6,3.2,1022.62,5.33,0,0,0,,
2022-05-09,23:45,11.3,10,92,ENE,3.2,3.2,1022.59,5.33,0,0,0,,
2022-05-09,OVR,,,,,,,,,,,,gustmax,19.3
2022-05-09,OVR,,,,,,,,,,,,rainrate_max,21.4
2022-05-09,OVR,,,,,,,,,,,,rain_total_mm,5.4
2022-05-09,OVR,,,,,,,,,,,,tmax,18.9
2022-05-09,OVR,,,,,,,,,,,,tmin,10.9
2022-05-09,OVR,,,,,,,,,,,,wind_dir_mean_deg,67.5
2022-05-10,00:00,11.7,10,91,ENE,3.2,3.2,1022.72,0,0,0,0,,
2022-05-10,00:15,11.6,10,91,ENE,3.2,3.2,1022.66,0,0,0,0,,
2022-05-10,00:30,12.1,10,89,ENE,4.8,6.4,1022.62,0,0,0,0,,
2022-05-10,00:45,11.5,10,90,ENE,1.6,6.4,1022.62,0,0,0,0,,
2022-05-10,01:00,11.3,9.4,90,ENE,1.6,3.2,1022.52,0,0,0,0,,
2022-05-10,01:15,11.2,9.4,90,ENE,1.6,3.2,1022.35,0,0,0,0,,
2022-05-10,01:30,11,9.4,91,NORTH,0,3.2,1022.22,0,0,0,0,,
2022-05-10,01:45,11.4,10,91,ENE,3.2,4.8,1022.15,0,0,0,0,,
2022-05-10,02:00,11.3,10,92,ENE,1.6,4.8,1022.01,0,0,0,0,,
2022-05-10,02:15,11.3,10,92,ENE,1.6,3.2,1021.98,0,0,0,0,,
2022-05-10,02:30,11.8,10,91,ENE,1.6,4.8,1021.88,0,0,0,0,,
2022-05-10,02:45,11.6,10,92,ENE,3.2,3.2,1022.01,0,0,0,0,,
2022-05-10,03:00,12.1,10.6,91,ENE,3.2,3.2,1021.91,0,0,0,0,,
2022-05-10,03:15,12.2,10.6,91,ENE,3.2,3.2,1021.91,0,0,0,0,,
2022-05-10,03:30,12.3,10.6,91,ENE,1.6,4.8,1021.91,0,0,0,0,,
2022-05-10,03:45,12.4,10.6,91,ENE,3.2,4.8,1021.94,0,0,0,0,,
2022-05-10,04:00,12.5,10.6,90,ENE,3.2,4.8,1021.84,0,0,0,0,,
2022-05-10,04:15,12.4,10.6,91,ENE,3.2,4.8,1021.78,0,0,0,0,,
2022-05-10,04:30,12.6,11.1,91,ENE,1.6,3.2,1021.61,0,0,0,0,,
2022-05-10,04:45,12.4,10.6,91,ENE,1.6,4.8,1021.54,0,0,0,0,,
2022-05-10,05:00,11.7,10,91,ENE,3.2,3.2,1021.3,0,0,0,0,,
2022-05-10,05:15,11.8,10.6,92,ENE,1.6,3.2,1021.54,0,0,0,0,,
2022-05-10,05:30,11.3,10,92,ENE,3.2,3.2,1021.5,0,0,0,0,,
2022-05-10,05:45,11.4,10,91,ENE,1.6,3.2,1021.54,0,0,0,0,,
2022-05-10,06:00,11.2,9.4,91,ENE,1.6,4.8,1021.61,0,0,0,0,,
2022-05-10,06:15,11.5,9.4,90,ENE,1.6,4.8,1021.57,0,0,0,0,,
2022-05-10,06:30,11.7,10,90,ENE,4.8,6.4,1021.74,0,0,0,12,,
2022-05-10,06:45,12.1,10,89,ENE,4.8,6.4,1021.88,0,0,0,23,,
2022-05-10,07:00,11.9,10,88,ENE,3.2,6.4,1021.98,0,0,0,69,,
2022-05-10,07:15,12.1,10,89,ENE,1.6,4.8,1021.98,0,0,0,113,,
2022-05-10,07:30,12.8,10.6,88,ENE,3.2,6.4,1022.15,0,0,0,162,,
2022-05-10,07:45,12.8,10.6,87,ENE,1.6,4.8,1022.32,0,0,0,174,,
2022-05-10,08:00,13.4,11.1,88,NORTH,0,1.6,1022.45,0.25,0.25,1,257,,
2022-05-10,08:15,14.2,12.2,89,NORTH,0,1.6,1022.45,0.25,0.25,1,311,,
2022-05-10,08:30,15.1,12.2,84,NORTH,0,0,1022.49,0.25,0.25,1,367,,
2022-05-10,08:45,15.7,12.2,80,NORTH,0,0,1022.52,0.25,0.25,1,417,,
2022-05-10,09:00,16.2,12.2,79,NORTH,0,4.8,1022.76,0.25,0,2,429,,
2022-05-10,09:15,16.3,12.2,78,ENE,4.8,4.8,1022.79,0.25,0,2,415,,
2022-05-10,09:30,16.3,12.8,81,NORTH,0,6.4,1023.06,0.25,0,2,454,,
2022-05-10,09:45,16.7,13.3,81,NNE,6.4,8,1023.13,0.25,0,3,541,,
2022-05-10,10:00,16.7,13.9,83,,1.6,8,1023.16,0.25,0,3,647,,
2022-05-10,10:15,17.1,13.3,79,,1.6,8,1023.16,0.25,0,3,647,,
2022-05-10,10:30,17.6,13.3,77,,6.4,8,1023.13,0.25,0,3,795,,
2022-05-10,10:45,17.7,13.3,77,NORTH,0,11.3,1023.2,0.25,0,2,244,,
2022-05-10,11:00,17.8,13.3,77,ENE,1.6,9.7,1023.33,0.25,0,4,216,,
2022-05-10,11:15,18.6,14.4,76,ENE,1.6,8,1023.37,0.25,0,5,847,,
2022-05-10,11:30,19.2,14.4,74,EAST,4.8,8,1023.33,0.25,0,5,868,,
2022-05-10,11:45,19.5,12.2,64,EAST,4.8,12.9,1023.5,0.25,0,5,902,,
2022-05-10,12:00,19.7,12.2,63,ESE,11.3,12.9,1023.57,0.25,0,6,926,,
2022-05-10,12:15,19.8,12.8,63,NORTH,0,11.3,1023.57,0.25,0,6,967,,
2022-05-10,12:30,20.3,12.8,61,NORTH,4.8,14.5,1023.5,0.25,0,6,1021,,
2022-05-10,12:45,19.8,12.2,63,NE,3.2,8,1023.3,0.25,0,4,568,,
2022-05-10,13:00,19.8,13.3,67,NORTH,0,12.9,1023.33,0.25,0,7,1188,,
2022-05-10,13:15,19.8,12.8,65,WSW,6.4,11.3,1023.16,0.25,0,4,364,,
2022-05-10,13:30,19.9,12.8,63,WSW,1.6,12.9,1023.13,0.25,0,3,288,,
2022-05-10,13:45,20,12.8,63,WEST,6.4,9.7,1023.06,0.25,0,3,283,,
2022-05-10,14:00,20.1,12.8,63,WNW,14.5,12.9,1023.06,0.25,0,3,427,,
2022-05-10,14:15,19.6,13.3,69,WNW,12.9,24.1,1023.03,0.25,0,1,169,,
2022-05-10,14:30,18.7,13.9,73,WEST,11.3,27.4,1023.13,0.25,0,2,221,,
2022-05-10,14:45,18.3,13.9,77,WEST,12.9,17.7,1022.89,0.25,0,2,272,,
2022-05-10,15:00,18.6,13.9,75,WEST,19.3,29,1022.89,0.25,0,6,995,,
2022-05-10,15:15,18.8,13.3,72,WEST,22.5,33.8,1023.13,0.25,0,3,429,,
2022-05-10,15:30,18.3,13.3,72,WEST,14.5,37,1022.86,0.25,0,3,415,,
2022-05-10,15:45,18.9,13.9,74,WNW,6.4,30.6,1022.82,0.25,0,5,886,,
2022-05-10,16:00,19.2,13.9,71,WNW,9.7,17.7,1022.93,0.25,0,2,311,,
2022-05-10,16:15,18,13.3,75,WEST,16.1,25.7,1022.82,0.25,0,2,283,,
2022-05-10,16:30,18.3,13.3,73,WEST,16.1,27.4,1022.82,0.25,0,3,858,,
2022-05-10,16:45,18.6,13.3,73,NW,24.1,27.4,1022.82,0.25,0,2,306,,
2022-05-10,17:00,17.7,12.2,72,NW,22.5,33.8,1022.55,0.25,0,2,251,,
2022-05-10,17:15,18.4,12.2,69,WEST,19.3,29,1022.38,0.25,0,2,585,,
2022-05-10,17:30,18.8,12.8,70,ENE,9.7,20.9,1022.38,0.25,0,2,489,,
2022-05-10,17:45,18.8,12.8,69,WEST,11.3,25.7,1022.69,0.25,0,1,304,,
2022-05-10,18:00,18.6,12.8,70,WNW,12.9,30.6,1022.82,0.25,0,1,388,,
2022-05-10,18:15,18.2,12.8,71,,14.5,32.2,1022.76,0.25,0,1,338,,
2022-05-10,18:30,17.8,12.8,73,NNE,14.5,27.4,1022.69,0.25,0,1,271,,
2022-05-10,18:45,17.4,12.8,76,WNW,11.3,25.7,1022.72,0.25,0,0,181,,
2022-05-10,19:00,17,12.8,78,WNW,6.4,24.1,1022.72,0.25,0,0,141,,
2022-05-10,19:15,16.7,12.8,79,WEST,11.3,22.5,1022.66,0.25,0,0,107,,
2022-05-10,19:30,16.4,12.8,80,WNW,11.3,17.7,1022.76,0.25,0,0,79,,
2022-05-10,19:45,16.2,12.8,81,WEST,11.3,20.9,1022.96,0.25,0,0,49,,
2022-05-10,20:00,15.7,12.8,83,,9.7,14.5,1022.93,0.25,0,0,23,,
2022-05-10,20:15,15.3,12.8,85,NNW,3.2,16.1,1022.99,0.25,0,0,11,,
2022-05-10,20:30,15.1,12.2,85,WNW,3.2,14.5,1022.89,0.25,0,0,0,,
2022-05-10,20:45,14.8,12.2,85,NE,1.6,8,1022.93,0.25,0,0,0,,
2022-05-10,21:00,14.5,12.2,86,NORTH,0,4.8,1023.13,0.25,0,0,0,,
2022-05-10,21:15,14.6,12.2,88,NW,1.6,6.4,1023.13,0.25,0,0,0,,
2022-05-10,21:30,14.2,12.2,90,NORTH,0,3.2,1023.3,0.25,0,0,0,,
2022-05-10,21:45,14.3,12.2,89,NORTH,0,4.8,1023.5,0.25,0,0,0,,
2022-05-10,22:00,13.9,12.2,91,NORTH,0,1.6,1023.4,0.25,0,0,0,,
2022-05-10,22:15,13.8,12.2,91,NORTH,0,1.6,1023.71,0.25,0,0,0,,
2022-05-10,22:30,13.9,12.8,92,NORTH,0,3.2,1023.6,0.25,0,0,0,,
2022-05-10,22:45,13.7,12.2,92,NORTH,0,1.6,1023.84,0.25,0,0,0,,
2022-05-10,23:00,13.5,12.2,92,NORTH,0,3.2,1023.71,0.25,0,0,0,,
2022-05-10,23:15,13.8,12.2,92,NORTH,0,4.8,1023.84,0.25,0,0,0,,
2022-05-10,23:30,13.7,12.2,93,NORTH,0,3.2,1023.94,0.25,0,0,0,,
2022-05-10,23:45,13.8,12.2,92,NORTH,0,3.2,1023.94,0.25,0,0,0,,
2022-05-10,OVR,,,,,,,,,,,,gustmax,24.1
2022-05-10,OVR,,,,,,,,,,,,rainrate_max,0.2
2022-05-10,OVR,,,,,,,,,,,,rain_total_mm,0.2
2022-05-10,OVR,,,,,,,,,,,,tmax,20.6
2022-05-10,OVR,,,,,,,,,,,,tmin,10.8
2022-05-10,OVR,,,,,,,,,,,,wind_dir_mean_deg,22.5
2022-05-11,00:00,13.9,12.8,93,NW,3.2,6.4,1023.84,0,0,0,0,,
2022-05-11,00:15,14.1,12.8,93,NW,4.8,6.4,1023.91,0,0,0,0,,
2022-05-11,00:30,14.1,12.8,93,NORTH,0,6.4,1023.81,0,0,0,0,,
2022-05-11,00:45,14.1,12.8,94,NW,1.6,4.8,1023.6,0,0,0,0,,
2022-05-11,01:00,13.2,12.2,93,NW,1.6,3.2,1023.57,0,0,0,0,,
2022-05-11,01:15,13.4,12.2,94,NE,1.6,6.4,1023.43,0,0,0,0,,
2022-05-11,01:30,13.4,12.2,93,NE,1.6,4.8,1023.2,0,0,0,0,,
2022-05-11,01:45,13.1,11.7,92,NE,3.2,3.2,1023.1,0,0,0,0,,
2022-05-11,02:00,13.8,12.2,92,NE,1.6,4.8,1022.99,0,0,0,0,,
2022-05-11,02:15,13.8,12.2,91,NE,1.6,1.6,1022.72,0,0,0,0,,
2022-05-11,02:30,13.4,11.7,92,NE,1.6,3.2,1022.55,0,0,0,0,,
2022-05-11,02:45,12.9,11.1,91,NE,3.2,3.2,1022.66,0,0,0,0,,
2022-05-11,03:00,12.7,11.1,92,NORTH,0,3.2,1022.55,0,0,0,0,,
2022-05-11,03:15,12.5,11.1,91,NE,1.6,3.2,1022.45,0,0,0,0,,
2022-05-11,03:30,12.4,11.1,92,NORTH,1.6,4.8,1022.62,0,0,0,0,,
2022-05-11,03:45,11.9,10.6,92,NORTH,1.6,3.2,1022.35,0,0,0,0,,
2022-05-11,04:00,12.3,11.1,93,NORTH,0,1.6,1022.25,0,0,0,0,,
2022-05-11,04:15,12.4,11.1,94,NORTH,1.6,4.8,1022.22,0,0,0,0,,
2022-05-11,04:30,12.7,11.7,93,NORTH,3.2,4.8,1022.18,0,0,0,0,,
2022-05-11,04:45,13,11.7,93,NORTH,1.6,4.8,1022.05,0,0,0,0,,
2022-05-11,05:00,13.2,11.7,92,NORTH,3.2,3.2,1022.22,0,0,0,0,,
2022-05-11,05:15,13.6,11.7,91,NORTH,3.2,4.8,1022.25,0,0,0,0,,
2022-05-11,05:30,12.7,10.6,89,NORTH,0,3.2,1022.35,0,0,0,0,,
2022-05-11,05:45,12.4,10.6,91,NORTH,3.2,1.6,1022.35,0,0,0,0,,
2022-05-11,06:00,12.2,10.6,91,NORTH,0,4.8,1022.59,0,0,0,0,,
2022-05-11,06:15,11.6,10,92,NORTH,0,1.6,1022.66,0,0,0,0,,
2022-05-11,06:30,11.3,10,93,NORTH,0,0,1022.72,0,0,0,11,,
2022-05-11,06:45,11.3,10,94,NORTH,0,0,1022.76,0,0,0,28,,
2022-05-11,07:00,11.9,10.6,94,NORTH,0,0,1022.89,0,0,0,74,,
2022-05-11,07:15,12.1,11.1,94,NORTH,0,0,1022.93,0,0,0,120,,
2022-05-11,07:30,12.4,11.1,94,NORTH,0,0,1022.82,0,0,0,165,,
2022-05-11,07:45,12.4,11.1,94,NORTH,0,1.6,1023.13,0,0,0,183,,
2022-05-11,08:00,13,11.7,93,NNW,1.6,3.2,1023.1,0,0,1,255,,
2022-05-11,08:15,13.6,12.2,93,NORTH,0,3.2,1023.16,0,0,1,311,,
2022-05-11,08:30,14.6,12.8,89,NNW,3.2,3.2,1023.16,0,0,1,359,,
2022-05-11,08:45,15.2,13.3,88,NORTH,0,4.8,1023.27,0,0,1,403,,
2022-05-11,09:00,15.4,12.8,86,NNW,3.2,6.4,1023.57,0,0,2,424,,
2022-05-11,09:15,15.4,13.9,90,NNW,1.6,4.8,1023.67,0,0,2,427,,
2022-05-11,09:30,15.9,13.9,89,NNW,3.2,3.2,1023.5,0,0,2,450,,
2022-05-11,09:45,16.9,13.3,81,NNW,1.6,4.8,1023.6,0,0,3,531,,
2022-05-11,10:00,17.8,13.3,77,NW,6.4,8,1023.84,0,0,3,633,,
2022-05-11,10:15,18.3,13.9,77,NW,8,8,1023.87,0,0,3,643,,
2022-05-11,10:30,18.1,15,82,WNW,4.8,16.1,1023.84,0,0,4,733,,
2022-05-11,10:45,18.4,14.4,78,WNW,3.2,14.5,1023.81,0,0,4,770,,
2022-05-11,11:00,18.9,14.4,77,WEST,1.6,14.5,1024.15,0,0,5,803,,
2022-05-11,11:15,19.6,14.4,74,NW,8,14.5,1024.18,0,0,5,833,,
2022-05-11,11:30,19.6,14.4,73,WNW,12.9,12.9,1024.15,0,0,5,856,,
2022-05-11,11:45,20,14.4,71,WNW,12.9,19.3,1024.04,0,0,6,884,,
2022-05-11,12:00,20.3,14.4,69,WNW,9.7,19.3,1024.18,0,0,6,905,,
2022-05-11,12:15,20.7,14.4,69,WNW,17.7,17.7,1024.21,0,0,6,926,,
2022-05-11,12:30,21.1,14.4,65,WEST,3.2,19.3,1024.38,0,0,6,940,,
2022-05-11,12:45,21.1,13.9,64,WEST,14.5,20.9,1024.25,0,0,6,940,,
2022-05-11,13:00,21.6,13.3,61,WNW,6.4,19.3,1024.15,0,0,6,944,,
2022-05-11,13:15,21.9,14.4,62,WEST,11.3,20.9,1024.08,0,0,6,939,,
2022-05-11,13:30,21.9,13.3,59,WNW,11.3,25.7,1024.01,0,0,6,944,,
2022-05-11,13:45,21.9,13.3,58,NW,9.7,24.1,1023.91,0,0,7,954,,
2022-05-11,14:00,22.2,13.9,59,NORTH,0,25.7,1023.98,0,0,7,1002,,
2022-05-11,14:15,21.7,13.3,59,NNE,1.6,24.1,1023.98,0,0,3,325,,
2022-05-11,14:30,21.2,12.8,60,WNW,12.9,17.7,1023.81,0,0,2,241,,
2022-05-11,14:45,21.2,13.3,61,WEST,9.7,16.1,1023.74,0,0,1,186,,
2022-05-11,15:00,20.9,12.8,60,WEST,4.8,12.9,1023.81,0,0,1,155,,
2022-05-11,15:15,20.8,13.3,63,WEST,14.5,16.1,1023.77,0,0,1,223,,
2022-05-11,15:30,20.8,13.3,63,WNW,4.8,17.7,1023.43,0,0,2,278,,
2022-05-11,15:45,20.8,13.3,63,WNW,12.9,20.9,1023.54,0,0,3,478,,
2022-05-11,16:00,20.9,13.3,61,NW,11.3,19.3,1023.3,0,0,4,577,,
2022-05-11,16:15,22.3,13.9,59,NNW,8,16.1,1023.43,0,0,4,831,,
2022-05-11,16:30,22.1,13.3,57,WNW,8,19.3,1023.33,0,0,4,777,,
2022-05-11,16:45,22.2,11.7,52,WNW,12.9,24.1,1023.3,0,0,3,772,,
2022-05-11,17:00,22.1,12.2,54,NW,14.5,20.9,1023.37,0,0,3,693,,
2022-05-11,17:15,21.3,12.2,57,NW,6.4,19.3,1023.33,0,0,2,547,,
2022-05-11,17:30,21.3,14.4,66,NW,8,17.7,1023.43,0,0,1,155,,
2022-05-11,17:45,21.4,15,67,WNW,16.1,17.7,1023.5,0,0,2,429,,
2022-05-11,18:00,20.9,14.4,68,WEST,12.9,24.1,1023.67,0,0,1,369,,
2022-05-11,18:15,20.8,14.4,68,WEST,16.1,27.4,1023.5,0,0,1,316,,
2022-05-11,18:30,20.5,14.4,69,WEST,11.3,27.4,1023.54,0,0,1,262,,
2022-05-11,18:45,20.3,14.4,69,ENE,4.8,22.5,1023.43,0,0,1,213,,
2022-05-11,19:00,19.7,13.9,71,WEST,12.9,17.7,1023.57,0,0,0,158,,
2022-05-11,19:15,19.4,13.9,72,WNW,3.2,12.9,1023.57,0,0,0,111,,
2022-05-11,19:30,19.1,13.9,73,NW,11.3,14.5,1023.71,0,0,0,70,,
2022-05-11,19:45,18.4,13.9,75,WNW,11.3,17.7,1023.84,0,0,0,37,,
2022-05-11,20:00,18,13.9,76,WNW,1.6,8,1023.87,0,0,0,23,,
2022-05-11,20:15,17.7,13.9,79,NORTH,0,4.8,1023.94,0,0,0,11,,
2022-05-11,20:30,17.2,13.9,81,NORTH,0,6.4,1024.01,0,0,0,0,,
2022-05-11,20:45,16.3,13.3,84,NORTH,0,1.6,1024.08,0,0,0,0,,
2022-05-11,21:00,16,13.3,87,NORTH,0,6.4,1024.31,0,0,0,0,,
2022-05-11,21:15,15.9,13.9,88,SW,1.6,6.4,1024.45,0,0,0,0,,
2022-05-11,21:30,15.3,13.3,89,NORTH,0,3.2,1024.52,0,0,0,0,,
2022-05-11,21:45,15.4,13.9,90,SW,1.6,3.2,1024.72,0,0,0,0,,
2022-05-11,22:00,15.2,13.3,91,NORTH,0,3.2,1025.06,0,0,0,0,,
2022-05-11,22:15,15.1,13.3,92,NORTH,0,3.2,1024.96,0,0,0,0,,
2022-05-11,22:30,14.9,13.3,91,SW,1.6,4.8,1025.09,0,0,0,0,,
2022-05-11,22:45,15.3,13.9,92,SW,1.6,4.8,1025.16,0,0,0,0,,
2022-05-11,23:00,14.7,13.3,92,NORTH,0,1.6,1025.23,0,0,0,0,,
2022-05-11,23:15,14.7,13.3,93,SW,1.6,3.2,1025.3,0,0,0,0,,
2022-05-11,23:30,14.4,12.8,92,SSW,1.6,4.8,1025.3,0,0,0,0,,
2022-05-11,23:45,14.8,13.3,92,SSW,1.6,3.2,1025.23,0,0,0,0,,
2022-05-11,OVR,,,,,,,,,,,,gustmax,17.7
2022-05-11,OVR,,,,,,,,,,,,rainrate_max,0
2022-05-11,OVR,,,,,,,,,,,,rain_total_mm,0
2022-05-11,OVR,,,,,,,,,,,,tmax,22.7
2022-05-11,OVR,,,,,,,,,,,,tmin,11.1
2022-05-11,OVR,,,,,,,,,,,,wind_dir_mean_deg,292.5
2022-05-12,00:00,14.4,12.8,92,SOUTH,3.2,3.2,1025.23,0,0,0,0,,
2022-05-12,00:15,14.3,12.8,92,SE,1.6,6.4,1025.09,0,0,0,0,,
2022-05-12,00:30,15.1,13.3,90,EAST,3.2,4.8,1024.96,0,0,0,0,,
2022-05-12,00:45,14.9,13.3,90,EAST,3.2,9.7,1024.72,0,0,0,0,,
2022-05-12,01:00,14.9,12.8,88,ESE,4.8,11.3,1024.72,0,0,0,0,,
2022-05-12,01:15,14.9,12.8,87,ESE,4.8,9.7,1024.76,0,0,0,0,,
2022-05-12,01:30,15.1,12.2,85,ESE,1.6,6.4,1024.89,0,0,0,0,,
2022-05-12,01:45,15.4,12.2,83,NORTH,0,4.8,1024.65,0,0,0,0,,
2022-05-12,02:00,15.1,11.7,83,ESE,4.8,11.3,1024.48,0,0,0,0,,
2022-05-12,02:15,15.4,11.7,81,ESE,3.2,6.4,1024.45,0,0,0,0,,
2022-05-12,02:30,15.2,11.7,80,EAST,3.2,9.7,1024.28,0,0,0,0,,
2022-05-12,02:45,14.9,11.7,82,EAST,3.2,6.4,1024.11,0,0,0,0,,
2022-05-12,03:00,15.1,11.7,81,EAST,4.8,6.4,1024.15,0,0,0,0,,
2022-05-12,03:15,15.8,11.7,77,ESE,6.4,11.3,1024.08,0,0,0,0,,
2022-05-12,03:30,15.4,11.1,77,ESE,1.6,9.7,1024.08,0,0,0,0,,
2022-05-12,03:45,15.1,11.1,79,ESE,3.2,4.8,1023.87,0,0,0,0,,
2022-05-12,04:00,14.3,10.6,80,ESE,1.6,4.8,1024.08,0,0,0,0,,
2022-05-12,04:15,14.2,10.6,81,ESE,3.2,4.8,1024.21,0,0,0,0,,
2022-05-12,04:30,14.2,10.6,80,ESE,1.6,6.4,1024.08,0,0,0,0,,
2022-05-12,04:45,14.1,10.6,81,ESE,1.6,4.8,1024.15,0,0,0,0,,
2022-05-12,05:00,14.5,11.1,80,ESE,1.6,4.8,1024.15,0,0,0,0,,
2022-05-12,05:15,14.5,10.6,79,ESE,4.8,4.8,1024.15,0,0,0,0,,
2022-05-12,05:30,14.5,10.6,78,ESE,1.6,6.4,1024.21,0,0,0,0,,
2022-05-12,05:45,14.9,11.1,78,ESE,4.8,6.4,1024.11,0,0,0,0,,
2022-05-12,06:00,14.8,11.1,78,ESE,4.8,6.4,1024.01,0,0,0,0,,
2022-05-12,06:15,14.9,11.1,78,ESE,4.8,6.4,1024.04,0,0,0,0,,
2022-05-12,06:30,14.4,10.6,79,ESE,1.6,6.4,1024.21,0,0,0,14,,
2022-05-12,06:45,14.3,10.6,79,NNE,4.8,6.4,1024.28,0,0,0,25,,
2022-05-12,07:00,15.2,11.1,78,NNE,3.2,6.4,1024.38,0,0,0,77,,
2022-05-12,07:15,15.7,11.7,77,NNE,3.2,4.8,1024.35,0,0,0,125,,
2022-05-12,07:30,16.3,12.2,77,NNE,1.6,4.8,1024.42,0,0,0,181,,
2022-05-12,07:45,17,12.2,75,NNE,4.8,6.4,1024.52,0,0,0,204,,
2022-05-12,08:00,17.4,12.8,74,NNE,3.2,6.4,1024.69,0,0,1,274,,
2022-05-12,08:15,18,12.8,73,NNE,1.6,4.8,1024.65,0,0,1,338,,
2022-05-12,08:30,18.5,13.3,74,NORTH,0,3.2,1024.89,0,0,1,385,,
2022-05-12,08:45,19.1,12.8,68,NE,4.8,8,1024.92,0,0,1,427,,
2022-05-12,09:00,19.4,12.8,66,NE,6.4,6.4,1024.99,0,0,2,443,,
2022-05-12,09:15,19.8,12.8,65,NE,3.2,6.4,1025.06,0,0,2,436,,
2022-05-12,09:30,20.2,12.8,63,NE,4.8,4.8,1025.3,0,0,2,461,,
2022-05-12,09:45,20.6,13.9,65,NE,4.8,6.4,1025.33,0,0,3,545,,
2022-05-12,10:00,20.9,13.3,62,,1.6,6.4,1025.4,0,0,3,643,,
2022-05-12,10:15,21.2,13.3,61,ESE,9.7,9.7,1025.33,0,0,4,673,,
2022-05-12,10:30,21.7,12.8,59,NORTH,0,6.4,1025.43,0,0,4,749,,
2022-05-12,10:45,21.6,12.8,58,SE,3.2,6.4,1025.26,0,0,4,782,,
2022-05-12,11:00,21.8,11.7,53,SSE,1.6,11.3,1025.36,0,0,5,816,,
2022-05-12,11:15,22.1,11.7,52,NORTH,0,8,1025.33,0,0,5,842,,
2022-05-12,11:30,22.4,13.3,57,SOUTH,1.6,9.7,1025.33,0,0,6,872,,
2022-05-12,11:45,22.4,11.7,52,SSE,6.4,12.9,1025.5,0,0,6,905,,
2022-05-12,12:00,23,11.7,49,SE,4.8,11.3,1025.5,0,0,6,926,,
2022-05-12,12:15,22.9,10,45,SE,6.4,8,1025.33,0,0,6,939,,
2022-05-12,12:30,23.4,11.7,49,SSE,4.8,16.1,1025.2,0,0,7,947,,
2022-05-12,12:45,23.2,10,44,SSE,6.4,17.7,1025.4,0,0,7,954,,
2022-05-12,13:00,23.8,11.1,45,SSE,9.7,19.3,1025.23,0,0,7,958,,
2022-05-12,13:15,23.8,11.7,46,EAST,4.8,17.7,1025.06,0,0,7,960,,
2022-05-12,13:30,23.9,11.1,45,SE,8,17.7,1024.99,0,0,7,956,,
2022-05-12,13:45,24.2,10.6,43,SE,6.4,17.7,1024.79,0,0,7,953,,
2022-05-12,14:00,24.6,12.2,46,SSE,12.9,19.3,1024.65,0,0,7,935,,
2022-05-12,14:15,24.5,11.7,45,SOUTH,8,19.3,1024.79,0,0,7,926,,
2022-05-12,14:30,24.8,11.7,44,SSE,6.4,17.7,1024.62,0,0,6,911,,
2022-05-12,14:45,24.7,11.1,43,WEST,4.8,14.5,1024.69,0,0,5,919,,
2022-05-12,15:00,24.3,13.9,52,SW,4.8,20.9,1024.69,0,0,6,851,,
2022-05-12,15:15,24.4,13.3,51,WNW,3.2,17.7,1024.45,0,0,5,835,,
2022-05-12,15:30,24.3,13.3,51,WEST,12.9,27.4,1024.35,0,0,5,810,,
2022-05-12,15:45,24.3,13.3,50,ENE,12.9,32.2,1024.08,0,0,5,773,,
2022-05-12,16:00,24.4,13.3,50,WNW,11.3,30.6,1024.01,0,0,4,751,,
2022-05-12,16:15,24.3,13.3,50,ENE,9.7,29,1024.18,0,0,4,707,,
2022-05-12,16:30,24,12.2,49,ENE,11.3,22.5,1023.94,0,0,3,666,,
2022-05-12,16:45,23.8,12.2,49,NW,12.9,22.5,1023.98,0,0,3,622,,
2022-05-12,17:00,23.9,12.2,49,WNW,9.7,22.5,1023.91,0,0,3,578,,
2022-05-12,17:15,23.6,12.2,50,ENE,8,22.5,1023.81,0,0,2,533,,
2022-05-12,17:30,23.4,12.2,49,NW,11.3,27.4,1023.77,0,0,2,483,,
2022-05-12,17:45,23.3,11.7,49,WEST,16.1,30.6,1023.84,0,0,2,429,,
2022-05-12,18:00,22.9,11.7,49,WNW,17.7,24.1,1023.84,0,0,1,373,,
2022-05-12,18:15,22.7,11.7,51,WEST,16.1,25.7,1023.94,0,0,1,323,,
2022-05-12,18:30,22.5,11.7,50,WEST,12.9,27.4,1024.01,0,0,1,272,,
2022-05-12,18:45,22.1,11.1,51,WEST,20.9,24.1,1023.94,0,0,1,220,,
2022-05-12,19:00,21.6,11.1,52,WEST,11.3,19.3,1024.04,0,0,0,165,,
2022-05-12,19:15,21.3,11.1,53,WEST,3.2,22.5,1023.91,0,0,0,116,,
2022-05-12,19:30,21.1,11.1,53,WSW,1.6,12.9,1023.98,0,0,0,70,,
2022-05-12,19:45,20.7,10.6,53,NORTH,0,8,1024.11,0,0,0,37,,
2022-05-12,20:00,20.1,10.6,55,SW,1.6,3.2,1024.01,0,0,0,19,,
2022-05-12,20:15,19.3,11.1,59,SW,1.6,4.8,1024.21,0,0,0,9,,
2022-05-12,20:30,18.3,10.6,61,SSW,3.2,6.4,1024.18,0,0,0,0,,
2022-05-12,20:45,18.6,10,57,SSW,4.8,4.8,1024.18,0,0,0,0,,
2022-05-12,21:00,17.7,10,62,SE,8,11.3,1024.25,0,0,0,0,,
2022-05-12,21:15,17.3,10.6,65,SE,8,12.9,1024.45,0,0,0,0,,
2022-05-12,21:30,17.3,10,62,SE,8,12.9,1024.55,0,0,0,0,,
2022-05-12,21:45,17.3,9.4,60,SE,11.3,12.9,1024.52,0,0,0,0,,
2022-05-12,22:00,17.1,9.4,62,SE,8,12.9,1024.55,0,0,0,0,,
2022-05-12,22:15,16.8,9.4,61,SE,11.3,12.9,1024.62,0,0,0,0,,
2022-05-12,22:30,16.7,10,65,SE,8,12.9,1024.76,0,0,0,0,,
2022-05-12,22:45,16.8,10,64,SE,11.3,12.9,1024.79,0,0,0,0,,
2022-05-12,23:00,16.4,10,65,SE,8,12.9,1024.72,0,0,0,0,,
2022-05-12,23:15,16.6,10,66,ESE,4.8,9.7,1024.72,0,0,0,0,,
2022-05-12,23:30,16.5,10,67,ESE,4.8,6.4,1024.82,0,0,0,0,,
2022-05-12,23:45,15.4,9.4,68,ESE,3.2,4.8,1024.79,0,0,0,0,,
2022-05-12,OVR,,,,,,,,,,,,gustmax,20.9
2022-05-12,OVR,,,,,,,,,,,,rainrate_max,0
2022-05-12,OVR,,,,,,,,,,,,rain_total_mm,0
2022-05-12,OVR,,,,,,,,,,,,tmax,25
2022-05-12,OVR,,,,,,,,,,,,tmin,13.6
2022-05-12,OVR,,,,,,,,,,,,wind_dir_mean_deg,112.5
2022-05-13,00:00,16.1,8.9,63,ESE,1.6,3.2,1024.79,0,0,0,0,,
2022-05-13,00:15,16.1,8.9,62,ESE,3.2,4.8,1024.69,0,0,0,0,,
2022-05-13,00:30,15.8,7.8,58,ESE,1.6,4.8,1024.69,0,0,0,0,,
2022-05-13,00:45,16.7,6.7,53,ESE,4.8,6.4,1024.38,0,0,0,0,,
2022-05-13,01:00,17.6,6.1,48,ESE,3.2,9.7,1024.35,0,0,0,0,,
2022-05-13,01:15,17.1,6.7,51,ESE,3.2,9.7,1024.15,0,0,0,0,,
2022-05-13,01:30,16.7,7.2,55,NORTH,0,4.8,1024.18,0,0,0,0,,
2022-05-13,01:45,15.9,7.8,59,ESE,3.2,9.7,1023.98,0,0,0,0,,
2022-05-13,02:00,15.9,7.8,59,ESE,4.8,6.4,1023.84,0,0,0,0,,
2022-05-13,02:15,15.2,7.8,61,ESE,1.6,4.8,1023.81,0,0,0,0,,
2022-05-13,02:30,15.9,7.8,60,ESE,3.2,4.8,1023.91,0,0,0,0,,
2022-05-13,02:45,15.2,7.2,61,ESE,3.2,4.8,1023.43,0,0,0,0,,
2022-05-13,03:00,16.4,7.2,55,ESE,3.2,6.4,1023.37,0,0,0,0,,
2022-05-13,03:15,15.7,7.2,57,ESE,4.8,9.7,1023.16,0,0,0,0,,
2022-05-13,03:30,15.3,6.7,57,ESE,4.8,6.4,1023.23,0,0,0,0,,
2022-05-13,03:45,15.2,7.2,59,ESE,3.2,6.4,1023.06,0,0,0,0,,
2022-05-13,04:00,16.2,6.7,54,ESE,3.2,6.4,1023.23,0,0,0,0,,
2022-05-13,04:15,14.8,7.2,60,ESE,3.2,6.4,1023.06,0,0,0,0,,
2022-05-13,04:30,14.6,6.1,59,ESE,4.8,4.8,1022.93,0,0,0,0,,
2022-05-13,04:45,14.9,6.1,57,ESE,6.4,6.4,1023.03,0,0,0,0,,
2022-05-13,05:00,14.7,6.7,58,ESE,3.2,9.7,1022.69,0,0,0,0,,
2022-05-13,05:15,14.3,7.2,63,ESE,3.2,4.8,1022.62,0,0,0,0,,
2022-05-13,05:30,13.9,7.2,65,ESE,4.8,6.4,1022.79,0,0,0,0,,
2022-05-13,05:45,14.1,7.8,68,EAST,3.2,11.3,1022.62,0,0,0,0,,
2022-05-13,06:00,13.9,8.3,70,EAST,8,9.7,1022.79,0,0,0,0,,
2022-05-13,06:15,15.2,8.9,67,ENE,6.4,11.3,1022.79,0,0,0,0,,
2022-05-13,06:30,15.2,8.9,68,ENE,6.4,8,1022.93,0,0,0,14,,
2022-05-13,06:45,14.6,8.9,69,ENE,3.2,6.4,1022.93,0,0,0,25,,
2022-05-13,07:00,15.4,7.8,62,ENE,4.8,6.4,1022.96,0,0,0,83,,
2022-05-13,07:15,15.6,8.3,63,ENE,1.6,6.4,1022.93,0,0,0,132,,
2022-05-13,07:30,16.4,8.9,62,ENE,3.2,3.2,1022.89,0,0,0,188,,
2022-05-13,07:45,17.2,9.4,60,ENE,3.2,3.2,1023.13,0,0,0,214,,
2022-05-13,08:00,17.9,9.4,59,ENE,3.2,6.4,1023.23,0,0,1,272,,
2022-05-13,08:15,18.6,9.4,55,NORTH,0,4.8,1023.27,0,0,1,341,,
2022-05-13,08:30,18.8,8.9,53,ESE,4.8,11.3,1023.33,0,0,1,392,,
2022-05-13,08:45,19.4,8.9,50,ESE,6.4,9.7,1023.54,0,0,1,436,,
2022-05-13,09:00,19.3,9.4,53,SE,12.9,12.9,1023.33,0,0,2,455,,
2022-05-13,09:15,19.4,9.4,54,SE,12.9,12.9,1023.67,0,0,2,450,,
2022-05-13,09:30,19.6,9.4,52,SE,3.2,11.3,1023.6,0,0,2,459,,
2022-05-13,09:45,19.9,10,53,SE,11.3,14.5,1023.4,0,0,3,524,,
2022-05-13,10:00,20.5,10.6,52,SSE,4.8,12.9,1023.54,0,0,3,626,,
2022-05-13,10:15,20.7,10.6,52,SE,12.9,12.9,1023.57,0,0,4,696,,
2022-05-13,10:30,21.1,10,49,SE,12.9,16.1,1023.6,0,0,4,752,,
2022-05-13,10:45,21.4,11.1,51,NORTH,0,11.3,1023.54,0,0,4,789,,
2022-05-13,11:00,22,11.1,51,SSE,6.4,12.9,1023.5,0,0,5,821,,
2022-05-13,11:15,22.2,11.1,50,SSE,9.7,14.5,1023.4,0,0,5,847,,
2022-05-13,11:30,22.7,11.7,50,SE,12.9,14.5,1023.37,0,0,5,874,,
2022-05-13,11:45,22.7,11.7,49,SE,11.3,16.1,1023.2,0,0,6,896,,
2022-05-13,12:00,23.2,11.1,47,SSE,11.3,17.7,1023.16,0,0,6,918,,
2022-05-13,12:15,23.6,12.2,49,SE,4.8,17.7,1023.03,0,0,6,932,,
2022-05-13,12:30,23.8,11.1,45,SSE,9.7,22.5,1022.89,0,0,7,944,,
2022-05-13,12:45,24,12.2,48,SE,8,16.1,1022.82,0,0,7,954,,
2022-05-13,13:00,24.2,12.2,47,SSE,8,14.5,1022.76,0,0,7,958,,
2022-05-13,13:15,24.1,11.1,45,SE,12.9,16.1,1022.76,0,0,7,963,,
2022-05-13,13:30,24.4,11.7,46,SE,8,19.3,1022.72,0,0,7,967,,
2022-05-13,13:45,24.7,12.2,46,SE,3.2,17.7,1022.59,0,0,7,958,,
2022-05-13,14:00,24.8,12.2,45,SSE,3.2,16.1,1022.62,0,0,7,935,,
2022-05-13,14:15,25.1,10,39,ESE,4.8,20.9,1022.49,0,0,6,926,,
2022-05-13,14:30,25.5,10.6,40,SSE,1.6,14.5,1022.28,0,0,6,909,,
2022-05-13,14:45,25.3,10.6,39,SE,8,17.7,1022.05,0,0,6,889,,
2022-05-13,15:00,25.6,9.4,37,ESE,11.3,24.1,1022.11,0,0,6,870,,
2022-05-13,15:15,25.7,11.1,41,SE,4.8,12.9,1021.64,0,0,5,840,,
2022-05-13,15:30,25.6,10,38,SSE,16.1,14.5,1021.61,0,0,5,816,,
2022-05-13,15:45,26.1,11.1,39,SE,6.4,16.1,1021.47,0,0,5,784,,
2022-05-13,16:00,25.7,11.1,40,SSE,8,17.7,1021.5,0,0,4,749,,
2022-05-13,16:15,25.6,10.6,40,SSE,9.7,19.3,1021.3,0,0,4,715,,
2022-05-13,16:30,25.7,10.6,39,SSE,11.3,20.9,1021.27,0,0,4,677,,
2022-05-13,16:45,25.6,9.4,37,ESE,12.9,20.9,1021.06,0,0,3,635,,
2022-05-13,17:00,25.4,10,37,SE,14.5,19.3,1021.2,0,0,3,589,,
2022-05-13,17:15,25.2,10.6,40,ESE,8,19.3,1021.3,0,0,2,540,,
2022-05-13,17:30,25.1,10,39,NE,1.6,16.1,1021.4,0,0,2,492,,
2022-05-13,17:45,25,8.9,36,NE,1.6,16.1,1021.61,0,0,2,441,,
2022-05-13,18:00,25,8.9,36,WNW,14.5,22.5,1021.54,0,0,1,388,,
2022-05-13,18:15,24.7,9.4,38,NW,14.5,24.1,1021.61,0,0,1,330,,
2022-05-13,18:30,24.2,9.4,40,WEST,16.1,25.7,1021.57,0,0,1,279,,
2022-05-13,18:45,23.9,8.9,39,WEST,17.7,24.1,1021.54,0,0,1,229,,
2022-05-13,19:00,23.6,10,42,WEST,17.7,25.7,1021.47,0,0,0,171,,
2022-05-13,19:15,23,11.7,48,WEST,12.9,24.1,1021.74,0,0,0,120,,
2022-05-13,19:30,22.6,12.8,55,WNW,6.4,22.5,1021.74,0,0,0,74,,
2022-05-13,19:45,22,13.3,58,WNW,3.2,14.5,1021.81,0,0,0,40,,
2022-05-13,20:00,21.2,13.3,62,WEST,6.4,17.7,1021.81,0,0,0,21,,
2022-05-13,20:15,20.7,13.3,63,WEST,4.8,16.1,1022.01,0,0,0,9,,
2022-05-13,20:30,19.8,13.3,67,WEST,1.6,11.3,1021.98,0,0,0,0,,
2022-05-13,20:45,19.2,13.3,70,NORTH,0,4.8,1022.18,0,0,0,0,,
2022-05-13,21:00,18.8,13.3,72,WSW,3.2,4.8,1022.15,0,0,0,0,,
2022-05-13,21:15,18.4,13.3,73,WSW,1.6,3.2,1022.32,0,0,0,0,,
2022-05-13,21:30,17.9,13.3,75,WEST,1.6,6.4,1022.38,0,0,0,0,,
2022-05-13,21:45,17.5,12.8,75,NORTH,0,4.8,1022.59,0,0,0,0,,
2022-05-13,22:00,17.4,12.2,73,NORTH,0,3.2,1022.62,0,0,0,0,,
2022-05-13,22:15,17.9,12.2,69,SSW,1.6,3.2,1022.66,0,0,0,0,,
2022-05-13,22:30,18.1,11.1,65,NORTH,0,4.8,1022.55,0,0,0,0,,
2022-05-13,22:45,18,10.6,62,SOUTH,1.6,8,1022.45,0,0,0,0,,
2022-05-13,23:00,17.9,10.6,63,SSE,6.4,9.7,1022.59,0,0,0,0,,
2022-05-13,23:15,17.2,10.6,65,SSE,6.4,8,1022.66,0,0,0,0,,
2022-05-13,23:30,17,10.6,66,SSE,3.2,6.4,1022.59,0,0,0,0,,
2022-05-13,23:45,17.3,10.6,66,NORTH,0,8,1022.49,0,0,0,0,,
2022-05-13,OVR,,,,,,,,,,,,gustmax,17.7
2022-05-13,OVR,,,,,,,,,,,,rainrate_max,0
2022-05-13,OVR,,,,,,,,,,,,rain_total_mm,0
2022-05-13,OVR,,,,,,,,,,,,tmax,26.2
2022-05-13,OVR,,,,,,,,,,,,tmin,13.3
2022-05-13,OVR,,,,,,,,,,,,wind_dir_mean_deg,135
2022-05-14,00:00,16.7,10.6,68,SSE,6.4,8,1022.25,0,0,0,0,,
2022-05-14,00:15,16.2,10.6,70,SE,4.8,8,1022.18,0,0,0,0,,
2022-05-14,00:30,16.4,10.6,68,SE,3.2,8,1022.08,0,0,0,0,,
2022-05-14,00:45,16.3,10.6,68,SE,1.6,4.8,1022.22,0,0,0,0,,
2022-05-14,01:00,15.7,10,69,SE,3.2,4.8,1022.22,0,0,0,0,,
2022-05-14,01:15,15.4,9.4,69,SE,4.8,4.8,1022.05,0,0,0,0,,
2022-05-14,01:30,15.1,9.4,70,SE,1.6,4.8,1021.84,0,0,0,0,,
2022-05-14,01:45,15.3,9.4,69,NORTH,0,6.4,1022.08,0,0,0,0,,
2022-05-14,02:00,15.7,8.9,66,SE,3.2,6.4,1021.88,0,0,0,0,,
2022-05-14,02:15,15.4,8.9,66,SE,3.2,6.4,1021.71,0,0,0,0,,
2022-05-14,02:30,15.4,8.9,66,SE,6.4,6.4,1021.67,0,0,0,0,,
2022-05-14,02:45,15.5,8.9,66,SE,3.2,4.8,1021.61,0,0,0,0,,
2022-05-14,03:15,15.3,8.9,66,SE,1.6,4.8,1021.71,0,0,0,0,,
2022-05-14,03:30,15,8.9,68,SE,4.8,4.8,1021.64,0,0,0,0,,
2022-05-14,03:45,14,8.3,71,SE,3.2,4.8,1021.61,0,0,0,0,,
2022-05-14,04:00,14,8.9,71,SE,3.2,6.4,1021.4,0,0,0,0,,
2022-05-14,04:15,15,8.9,67,SE,4.8,4.8,1021.37,0,0,0,0,,
2022-05-14,04:30,14.1,8.3,68,SE,1.6,6.4,1021.3,0,0,0,0,,
2022-05-14,04:45,14.1,8.9,71,SE,4.8,4.8,1021.3,0,0,0,0,,
2022-05-14,05:00,13.9,8.3,70,SE,1.6,4.8,1021.2,0,0,0,0,,
2022-05-14,05:15,13.8,8.3,71,SE,4.8,8,1021.1,0,0,0,0,,
2022-05-14,05:30,13.8,8.3,70,SE,3.2,6.4,1021,0,0,0,0,,
2022-05-14,05:45,14.2,8.3,69,SE,4.8,4.8,1020.93,0,0,0,0,,
2022-05-14,06:00,14.6,8.3,66,SE,3.2,4.8,1020.79,0,0,0,0,,
2022-05-14,06:15,14.1,7.8,67,SE,3.2,4.8,1020.93,0,0,0,0,,
2022-05-14,06:30,13.9,7.8,68,SE,4.8,4.8,1021,0,0,0,14,,
2022-05-14,06:45,13.9,8.3,70,SE,3.2,4.8,1021.13,0,0,0,28,,
2022-05-14,07:00,15.4,8.9,66,SE,3.2,4.8,1020.96,0,0,0,90,,
2022-05-14,07:15,15.5,9.4,67,SE,1.6,3.2,1021.06,0,0,0,141,,
2022-05-14,07:30,16.8,10,66,SE,1.6,3.2,1021.06,0,0,0,197,,
2022-05-14,07:45,17.2,10,63,NORTH,0,3.2,1021.06,0,0,0,229,,
2022-05-14,08:00,17.3,11.7,70,NORTH,0,1.6,1021.2,0,0,1,274,,
2022-05-14,08:15,18.3,11.7,66,NORTH,0,1.6,1021,0,0,1,353,,
2022-05-14,08:30,19.2,12.2,64,SE,1.6,3.2,1021.03,0,0,1,404,,
2022-05-14,08:45,19.6,11.7,60,SE,1.6,3.2,1021.3,0,0,2,443,,
2022-05-14,09:00,19.9,11.7,59,SE,3.2,4.8,1021.47,0,0,2,455,,
2022-05-14,09:15,20.5,10.6,54,SE,4.8,3.2,1021.2,0,0,2,450,,
2022-05-14,09:30,20.9,11.1,54,SE,3.2,4.8,1021.13,0,0,3,468,,
2022-05-14,09:45,21.6,11.7,55,SE,6.4,6.4,1021,0,0,3,543,,
2022-05-14,10:00,21.8,11.7,52,SE,3.2,6.4,1021.33,0,0,3,650,,
2022-05-14,10:15,22.3,12.2,53,SE,6.4,6.4,1021.1,0,0,4,703,,
2022-05-14,10:30,22.6,12.2,52,WNW,4.8,9.7,1021.33,0,0,4,763,,
2022-05-14,10:45,23.1,11.1,48,WNW,14.5,12.9,1021.47,0,0,4,796,,
2022-05-14,11:00,23.3,8.9,39,WNW,8,12.9,1021.54,0,0,5,821,,
2022-05-14,11:15,23.7,6.1,33,WNW,8,14.5,1021.33,0,0,5,861,,
2022-05-14,11:30,23.8,8.3,38,WEST,9.7,17.7,1021.71,0,0,6,891,,
2022-05-14,11:45,24.1,7.8,35,WEST,20.9,19.3,1021.61,0,0,6,925,,
2022-05-14,12:00,24.4,7.8,35,WNW,11.3,16.1,1021.57,0,0,6,905,,
2022-05-14,12:15,24.4,8.9,37,WEST,9.7,12.9,1021.64,0,0,6,932,,
2022-05-14,12:30,24.6,5,28,WNW,8,19.3,1021.64,0,0,7,956,,
2022-05-14,12:45,24.9,4.4,27,WEST,1.6,14.5,1021.64,0,0,7,958,,
2022-05-14,13:00,25.3,6.1,29,WNW,12.9,19.3,1021.64,0,0,7,965,,
2022-05-14,13:15,25.4,6.7,31,WNW,16.1,19.3,1021.57,0,0,7,962,,
2022-05-14,13:30,25.3,6.7,31,WEST,4.8,17.7,1021.71,0,0,7,956,,
2022-05-14,13:45,25.5,7.8,32,WNW,14.5,19.3,1021.27,0,0,7,949,,
2022-05-14,14:00,25.5,8.3,33,WNW,14.5,27.4,1021.33,0,0,7,940,,
2022-05-14,14:15,25.7,7.8,32,WSW,4.8,20.9,1021.3,0,0,7,926,,
2022-05-14,14:30,25.9,7.8,32,WNW,12.9,22.5,1020.89,0,0,6,911,,
2022-05-14,14:45,26.1,8.3,33,WEST,16.1,27.4,1020.89,0,0,6,888,,
2022-05-14,15:00,26.1,7.2,31,ENE,4.8,29,1020.69,0,0,6,863,,
2022-05-14,15:15,25.9,7.2,31,WNW,12.9,20.9,1020.69,0,0,5,842,,
2022-05-14,15:30,25.9,6.7,29,WNW,20.9,30.6,1020.62,0,0,5,810,,
2022-05-14,15:45,25.7,6.7,30,WEST,17.7,25.7,1020.66,0,0,5,780,,
2022-05-14,16:00,25.6,6.1,29,NW,14.5,29,1020.32,0,0,4,747,,
2022-05-14,16:15,25.8,6.7,29,WEST,16.1,24.1,1020.29,0,0,4,712,,
2022-05-14,16:30,25.7,6.1,29,WSW,14.5,35.4,1020.42,0,0,3,670,,
2022-05-14,16:45,25.5,5.6,27,WEST,14.5,27.4,1020.35,0,0,3,633,,
2022-05-14,17:00,25.2,5,27,WNW,22.5,30.6,1020.39,0,0,3,589,,
2022-05-14,17:15,25.3,4.4,26,WNW,12.9,24.1,1020.29,0,0,2,543,,
2022-05-14,17:30,25.1,4.4,27,ENE,12.9,25.7,1020.18,0,0,2,492,,
2022-05-14,17:45,24.8,3.3,25,WNW,17.7,27.4,1020.22,0,0,2,439,,
2022-05-14,18:00,24.7,3.9,26,WNW,14.5,29,1020.25,0,0,1,388,,
2022-05-14,18:15,24.6,4.4,27,WEST,11.3,20.9,1020.32,0,0,1,332,,
2022-05-14,18:30,24.2,3.9,27,WEST,11.3,27.4,1020.29,0,0,1,283,,
2022-05-14,18:45,24,5.6,30,WNW,14.5,25.7,1020.18,0,0,1,230,,
2022-05-14,19:00,23.7,6.1,33,NW,6.4,20.9,1020.15,0,0,0,178,,
2022-05-14,19:15,23.5,6.1,33,WEST,9.7,22.5,1020.25,0,0,0,125,,
2022-05-14,19:30,22.8,6.1,34,WNW,11.3,19.3,1020.12,0,0,0,56,,
2022-05-14,19:45,22.3,6.7,37,WNW,12.9,16.1,1020.12,0,0,0,40,,
2022-05-14,20:00,21.8,7.2,39,WNW,11.3,14.5,1020.25,0,0,0,23,,
2022-05-14,20:15,21.2,7.2,42,WEST,3.2,12.9,1020.32,0,0,0,11,,
2022-05-14,20:30,20.4,7.2,43,WSW,1.6,9.7,1020.39,0,0,0,0,,
2022-05-14,20:45,19.7,5.6,40,SW,1.6,3.2,1020.49,0,0,0,0,,
2022-05-14,21:00,19.4,3.9,35,SOUTH,3.2,4.8,1020.62,0,0,0,0,,
2022-05-14,21:15,19.4,3.3,35,SSE,3.2,9.7,1020.79,0,0,0,0,,
2022-05-14,21:30,18.1,5.6,45,SE,9.7,14.5,1020.89,0,0,0,0,,
2022-05-14,21:45,17.8,5.6,45,SE,11.3,12.9,1020.79,0,0,0,0,,
2022-05-14,22:00,17.6,8.3,55,SE,12.9,12.9,1020.93,0,0,0,0,,
2022-05-14,22:15,17.2,10,62,SE,8,14.5,1021,0,0,0,0,,
2022-05-14,22:30,17.6,8.3,55,SE,12.9,16.1,1020.89,0,0,0,0,,
2022-05-14,22:45,17.3,8.9,58,SE,11.3,16.1,1020.86,0,0,0,0,,
2022-05-14,23:00,17.1,9.4,61,ESE,12.9,17.7,1020.93,0,0,0,0,,
2022-05-14,23:15,17.1,8.9,60,SE,8,16.1,1021.1,0,0,0,0,,
2022-05-14,23:30,17.3,8.9,59,SE,11.3,16.1,1020.93,0,0,0,0,,
2022-05-14,23:45,16.9,8.9,60,SE,11.3,14.5,1020.89,0,0,0,0,,
2022-05-14,OVR,,,,,,,,,,,,gustmax,22.5
2022-05-14,OVR,,,,,,,,,,,,rainrate_max,0
2022-05-14,OVR,,,,,,,,,,,,rain_total_mm,0
2022-05-14,OVR,,,,,,,,,,,,tmax,26.2
2022-05-14,OVR,,,,,,,,,,,,tmin,13.3
2022-05-14,OVR,,,,,,,,,,,,wind_dir_mean_deg,180
2022-05-15,00:00,16.8,8.9,60,SE,8,16.1,1020.93,0,0,0,0,,
2022-05-15,00:15,16.1,8.9,62,NORTH,0,4.8,1021.03,0,0,0,0,,
2022-05-15,00:30,15.9,8.9,63,SE,3.2,6.4,1020.89,0,0,0,0,,
2022-05-15,00:45,16.5,8.3,59,SE,6.4,11.3,1020.93,0,0,0,0,,
2022-05-15,01:00,15.7,8.3,63,SE,1.6,4.8,1021,0,0,0,0,,
2022-05-15,01:15,15.4,8.3,65,SE,1.6,3.2,1020.86,0,0,0,0,,
2022-05-15,01:30,15.4,8.9,65,SE,3.2,4.8,1020.89,0,0,0,0,,
2022-05-15,01:45,15.2,8.3,64,NORTH,0,6.4,1020.66,0,0,0,0,,
2022-05-15,02:00,15.3,8.9,65,ESE,3.2,6.4,1020.52,0,0,0,0,,
2022-05-15,02:15,14.6,8.3,67,ESE,1.6,4.8,1020.42,0,0,0,0,,
2022-05-15,02:30,14.7,8.9,69,NORTH,0,4.8,1020.29,0,0,0,0,,
2022-05-15,02:45,15.2,8.9,68,ESE,3.2,4.8,1020.25,0,0,0,0,,
2022-05-15,03:00,15.4,9.4,67,ESE,3.2,6.4,1020.29,0,0,0,0,,
2022-05-15,03:15,15.1,8.9,67,ESE,1.6,4.8,1020.18,0,0,0,0,,
2022-05-15,03:30,14.9,8.9,67,ESE,1.6,3.2,1020.15,0,0,0,0,,
2022-05-15,04:00,15.8,7.2,58,ESE,4.8,6.4,1020.01,0,0,0,0,,
2022-05-15,04:15,15.1,7.2,60,EAST,4.8,9.7,1020.01,0,0,0,0,,
2022-05-15,04:30,15.8,6.7,55,EAST,4.8,9.7,1020.12,0,0,0,0,,
2022-05-15,04:45,16.2,6.7,53,EAST,4.8,11.3,1020.01,0,0,0,0,,
2022-05-15,05:00,14.5,6.7,60,NORTH,0,4.8,1019.71,0,0,0,0,,
2022-05-15,05:15,14.5,6.7,60,EAST,3.2,4.8,1019.64,0,0,0,0,,
2022-05-15,05:30,14.9,6.7,59,EAST,3.2,6.4,1019.57,0,0,0,0,,
2022-05-15,05:45,15.3,6.7,57,EAST,3.2,6.4,1019.51,0,0,0,0,,
2022-05-15,06:00,15.3,7.2,58,EAST,3.2,4.8,1019.64,0,0,0,0,,
2022-05-15,06:15,14.9,6.7,58,EAST,3.2,6.4,1019.57,0,0,0,7,,
2022-05-15,06:30,15.1,6.7,57,EAST,3.2,4.8,1019.71,0,0,0,25,,
2022-05-15,06:45,15.8,6.1,53,EAST,1.6,3.2,1019.81,0,0,0,53,,
2022-05-15,07:00,16.9,6.1,50,NORTH,0,3.2,1019.84,0,0,0,98,,
2022-05-15,07:15,17.1,7.2,52,EAST,1.6,3.2,1019.88,0,0,0,118,,
2022-05-15,07:30,16.8,7.8,56,EAST,1.6,3.2,1019.88,0,0,0,109,,
2022-05-15,07:45,16.9,8.3,57,NORTH,0,1.6,1019.98,0,0,0,171,,
2022-05-15,08:00,17.8,9.4,58,NORTH,0,1.6,1020.01,0,0,1,227,,
2022-05-15,08:15,17.7,9.4,58,EAST,3.2,4.8,1020.05,0,0,1,376,,
2022-05-15,08:30,18.9,9.4,55,NORTH,0,3.2,1020.25,0,0,1,327,,
2022-05-15,08:45,19.8,7.8,47,EAST,3.2,4.8,1020.15,0,0,2,457,,
2022-05-15,09:00,20.6,6.1,39,SE,4.8,11.3,1020.05,0,0,2,483,,
2022-05-15,09:15,20.9,7.8,42,SE,6.4,11.3,1020.08,0,0,2,431,,
2022-05-15,09:30,21.3,7.2,41,SE,1.6,6.4,1020.25,0,0,3,468,,
2022-05-15,09:45,21.8,6.7,37,SE,3.2,11.3,1020.15,0,0,3,519,,
2022-05-15,10:00,22.3,6.7,36,SE,3.2,8,1020.12,0,0,3,619,,
2022-05-15,10:15,22.2,6.7,36,NORTH,0,14.5,1020.12,0,0,4,707,,
2022-05-15,10:30,22.7,7.2,37,SE,4.8,12.9,1020.18,0,0,4,752,,
2022-05-15,10:45,22.9,8.3,39,SSE,4.8,8,1020.32,0,0,4,788,,
2022-05-15,11:00,23.4,8.3,39,SE,8,17.7,1020.29,0,0,5,817,,
2022-05-15,11:15,23.4,7.8,37,SSE,8,12.9,1020.52,0,0,5,849,,
2022-05-15,11:30,23.6,7.8,36,SSE,3.2,11.3,1020.56,0,0,6,875,,
2022-05-15,11:45,24.1,8.3,37,SE,8,14.5,1020.59,0,0,6,898,,
2022-05-15,12:00,24.3,8.9,38,SE,6.4,17.7,1020.49,0,0,6,918,,
2022-05-15,12:15,24.4,8.9,38,SE,3.2,14.5,1020.45,0,0,7,935,,
2022-05-15,12:30,25.1,10.6,40,SE,11.3,17.7,1020.39,0,0,7,947,,
2022-05-15,12:45,24.9,9.4,38,ESE,12.9,16.1,1020.18,0,0,7,954,,
2022-05-15,13:00,25.2,8.9,35,SSE,16.1,17.7,1020.18,0,0,7,960,,
2022-05-15,13:15,25.3,10,38,ESE,11.3,19.3,1020.12,0,0,7,958,,
2022-05-15,13:30,25.7,9.4,36,SE,12.9,17.7,1020.15,0,0,7,956,,
2022-05-15,13:45,25.7,8.9,35,SSE,14.5,19.3,1020.08,0,0,7,951,,
2022-05-15,14:00,26.1,8.9,34,NORTH,0,16.1,1019.81,0,0,7,937,,
2022-05-15,14:15,25.8,7.8,32,ESE,11.3,19.3,1019.88,0,0,7,926,,
2022-05-15,14:30,25.8,8.3,33,SE,11.3,20.9,1019.74,0,0,7,909,,
2022-05-15,14:45,26.2,8.9,34,SSE,6.4,20.9,1019.78,0,0,6,889,,
2022-05-15,15:00,26.1,8.9,34,SE,12.9,20.9,1019.57,0,0,6,868,,
2022-05-15,15:15,25.7,8.3,33,SSE,1.6,19.3,1019.74,0,0,6,840,,
2022-05-15,15:30,25.7,9.4,36,SE,17.7,22.5,1019.64,0,0,5,814,,
2022-05-15,15:45,25.8,9.4,36,SE,14.5,22.5,1019.54,0,0,5,782,,
2022-05-15,16:00,25.7,8.9,34,SE,14.5,29,1019.54,0,0,5,751,,
2022-05-15,16:15,25.8,8.9,34,SSE,14.5,19.3,1019.51,0,0,4,715,,
2022-05-15,16:30,25.7,8.9,35,SSE,14.5,24.1,1019.57,0,0,4,675,,
2022-05-15,16:45,25.9,8.9,35,SE,17.7,22.5,1019.37,0,0,3,633,,
2022-05-15,17:00,25.2,8.3,35,ESE,12.9,25.7,1019.71,0,0,3,589,,
2022-05-15,17:15,25.2,8.9,36,SE,11.3,24.1,1019.61,0,0,3,541,,
2022-05-15,17:30,24.8,9.4,38,SSE,8,27.4,1019.84,0,0,2,492,,
2022-05-15,17:45,24.6,8.9,37,SE,16.1,24.1,1019.81,0,0,2,441,,
2022-05-15,18:00,24.4,8.9,37,SSE,17.7,25.7,1019.68,0,0,1,380,,
2022-05-15,18:15,24,8.9,38,SSE,16.1,22.5,1019.54,0,0,1,320,,
2022-05-15,18:30,23.7,9.4,40,SE,19.3,19.3,1019.57,0,0,1,278,,
2022-05-15,18:45,23.1,9.4,42,SE,12.9,20.9,1019.74,0,0,1,171,,
2022-05-15,19:00,22.7,9.4,43,SE,8,22.5,1019.71,0,0,0,186,,
2022-05-15,19:15,22.5,10,45,SE,4.8,19.3,1019.91,0,0,0,128,,
2022-05-15,19:30,22,9.4,45,SE,11.3,16.1,1019.91,0,0,0,79,,
2022-05-15,19:45,21.3,9.4,47,SE,6.4,14.5,1020.25,0,0,0,33,,
2022-05-15,20:00,20.6,9.4,50,SE,8,16.1,1020.29,0,0,0,23,,
2022-05-15,20:15,19.9,9.4,51,ESE,11.3,16.1,1020.45,0,0,0,12,,
2022-05-15,20:30,19.6,8.9,51,SE,12.9,14.5,1020.39,0,0,0,0,,
2022-05-15,20:45,19.4,8.9,51,ESE,14.5,17.7,1020.42,0,0,0,0,,
2022-05-15,21:00,19.1,7.8,48,SE,16.1,20.9,1020.56,0,0,0,0,,
2022-05-15,21:15,19,8.9,52,SE,16.1,24.1,1020.76,0,0,0,0,,
2022-05-15,21:30,18.4,10,60,SE,14.5,19.3,1020.76,0,0,0,0,,
2022-05-15,21:45,18.6,10,58,ESE,16.1,16.1,1020.96,0,0,0,0,,
2022-05-15,22:00,19.3,7.8,48,SE,16.1,19.3,1020.96,0,0,0,0,,
2022-05-15,22:15,19.2,8.3,49,ESE,14.5,20.9,1021.2,0,0,0,0,,
2022-05-15,22:30,18.8,7.8,49,SE,16.1,20.9,1021.3,0,0,0,0,,
2022-05-15,22:45,18.6,7.2,47,ESE,17.7,22.5,1021.3,0,0,0,0,,
2022-05-15,23:00,18.4,7.2,48,ESE,14.5,19.3,1021.3,0,0,0,0,,
2022-05-15,23:15,18.2,7.2,49,ESE,16.1,19.3,1021.3,0,0,0,0,,
2022-05-15,23:30,18.6,6.7,47,SE,19.3,24.1,1021.2,0,0,0,0,,
2022-05-15,23:45,18.6,6.7,46,ESE,12.9,24.1,1021.23,0,0,0,0,,
2022-05-15,OVR,,,,,,,,,,,,gustmax,19.3
2022-05-15,OVR,,,,,,,,,,,,rainrate_max,0
2022-05-15,OVR,,,,,,,,,,,,rain_total_mm,0
2022-05-15,OVR,,,,,,,,,,,,tmax,26.4
2022-05-15,OVR,,,,,,,,,,,,tmin,14.2
2022-05-15,OVR,,,,,,,,,,,,wind_dir_mean_deg,135
2022-05-16,00:00,18.3,6.1,46,ESE,14.5,19.3,1021.33,0,0,0,0,,
2022-05-16,00:15,18.3,6.1,46,ESE,12.9,17.7,1021.2,0,0,0,0,,
2022-05-16,00:30,18.2,6.1,46,ESE,11.3,17.7,1021.23,0,0,0,0,,
2022-05-16,00:45,17.6,6.7,49,ESE,12.9,16.1,1021.2,0,0,0,0,,
2022-05-16,01:00,18.2,6.1,46,EAST,14.5,19.3,1021.23,0,0,0,0,,
2022-05-16,01:15,18.2,6.1,45,ESE,14.5,19.3,1021.06,0,0,0,0,,
2022-05-16,01:30,18.2,6.1,45,ESE,14.5,19.3,1020.86,0,0,0,0,,
2022-05-16,01:45,18.2,5.6,45,ESE,11.3,16.1,1020.86,0,0,0,0,,
2022-05-16,02:00,18.4,6.1,44,ESE,11.3,17.7,1020.83,0,0,0,0,,
2022-05-16,02:15,18.7,5,41,ESE,12.9,19.3,1020.83,0,0,0,0,,
2022-05-16,02:30,18.8,4.4,39,ESE,14.5,17.7,1020.59,0,0,0,0,,
2022-05-16,02:45,18.9,3.9,37,ESE,14.5,17.7,1020.56,0,0,0,0,,
2022-05-16,03:00,19.1,3.3,35,ESE,11.3,16.1,1020.49,0,0,0,0,,
2022-05-16,03:15,17.8,3.3,39,ESE,1.6,12.9,1020.52,0,0,0,0,,
2022-05-16,03:30,17.2,3.9,42,ESE,1.6,6.4,1020.62,0,0,0,0,,
2022-05-16,03:45,16.6,6.7,52,ESE,3.2,4.8,1020.66,0,0,0,0,,
2022-05-16,04:00,16.8,7.8,55,ESE,3.2,4.8,1020.79,0,0,0,0,,
2022-05-16,04:15,16.6,7.8,56,ESE,3.2,4.8,1020.89,0,0,0,0,,
2022-05-16,04:30,16.4,7.8,57,ESE,3.2,4.8,1020.79,0,0,0,0,,
2022-05-16,04:45,16.2,7.2,55,ESE,3.2,4.8,1020.59,0,0,0,0,,
2022-05-16,05:00,16.7,7.2,54,ESE,3.2,4.8,1020.73,0,0,0,0,,
2022-05-16,05:15,16.8,7.8,56,ESE,3.2,4.8,1020.59,0,0,0,0,,
2022-05-16,05:30,16.8,7.8,55,ESE,3.2,4.8,1020.52,0,0,0,0,,
2022-05-16,05:45,16.8,7.8,56,ESE,4.8,4.8,1020.56,0,0,0,0,,
2022-05-16,06:00,17.2,7.2,53,ESE,3.2,4.8,1020.69,0,0,0,0,,
2022-05-16,06:15,17.2,7.2,52,ESE,3.2,6.4,1020.66,0,0,0,7,,
2022-05-16,06:30,16.9,7.2,52,ESE,3.2,6.4,1020.52,0,0,0,19,,
2022-05-16,06:45,17.3,7.2,52,ESE,4.8,6.4,1020.86,0,0,0,42,,
2022-05-16,07:00,17.5,7.2,51,ESE,3.2,6.4,1020.86,0,0,0,76,,
2022-05-16,07:15,18,7.2,51,ESE,4.8,6.4,1021.1,0,0,0,125,,
2022-05-16,07:30,18.7,7.8,48,ESE,3.2,6.4,1021.06,0,0,0,171,,
2022-05-16,07:45,19.4,8.3,49,ESE,3.2,6.4,1020.93,0,0,0,214,,
2022-05-16,08:00,20.4,7.8,45,NORTH,0,4.8,1021.27,0,0,1,241,,
2022-05-16,08:15,21.1,8.3,45,NORTH,0,3.2,1021.3,0,0,1,322,,
2022-05-16,08:30,21.3,8.3,43,ESE,3.2,6.4,1021.37,0,0,1,376,,
2022-05-16,08:45,21.4,8.3,43,EAST,4.8,6.4,1021.61,0,0,1,418,,
2022-05-16,09:00,22,8.3,42,ESE,3.2,6.4,1021.78,0,0,2,445,,
2022-05-16,09:15,22.2,8.9,43,NORTH,0,4.8,1021.81,0,0,2,446,,
2022-05-16,09:30,22.6,10.6,47,EAST,1.6,6.4,1021.94,0,0,2,448,,
2022-05-16,09:45,23.1,10,45,NORTH,0,4.8,1022.01,0,0,3,520,,
2022-05-16,10:00,23.4,9.4,41,NORTH,0,6.4,1021.71,0,0,3,608,,
2022-05-16,10:15,24,10,41,NE,4.8,6.4,1021.91,0,0,4,698,,
2022-05-16,10:30,24.2,10.6,42,EAST,4.8,9.7,1021.81,0,0,4,749,,
2022-05-16,10:45,24.5,11.1,44,EAST,6.4,12.9,1021.98,0,0,4,784,,
2022-05-16,11:00,24.6,11.1,42,EAST,3.2,12.9,1022.05,0,0,5,795,,
2022-05-16,11:15,25.3,11.7,43,EAST,8,14.5,1022.25,0,0,5,833,,
2022-05-16,11:30,25.3,11.1,42,NORTH,0,12.9,1022.35,0,0,5,745,,
2022-05-16,11:45,25.3,11.7,43,SSE,3.2,12.9,1022.22,0,0,6,914,,
2022-05-16,12:00,25.2,11.7,42,SSE,4.8,16.1,1022.08,0,0,6,911,,
2022-05-16,12:15,25.7,12.2,43,SE,9.7,17.7,1022.05,0,0,7,928,,
2022-05-16,12:30,25.6,11.7,42,SSE,12.9,22.5,1022.01,0,0,7,932,,
2022-05-16,12:45,25.9,12.2,42,SSE,1.6,19.3,1022.08,0,0,7,942,,
2022-05-16,13:00,26.3,12.8,43,SSE,16.1,20.9,1022.15,0,0,7,946,,
2022-05-16,13:15,26.7,12.2,41,SE,17.7,20.9,1022.15,0,0,7,949,,
2022-05-16,13:30,26.4,11.7,40,SE,12.9,22.5,1022.08,0,0,7,946,,
2022-05-16,13:45,26.7,12.2,41,SE,16.1,19.3,1021.88,0,0,7,940,,
2022-05-16,14:00,27.1,11.7,39,SE,8,19.3,1021.61,0,0,7,932,,
2022-05-16,14:15,26.9,11.7,39,SE,14.5,22.5,1021.57,0,0,7,916,,
2022-05-16,14:30,27.1,11.7,39,ESE,6.4,19.3,1021.71,0,0,6,895,,
2022-05-16,14:45,27.3,11.7,39,SSE,3.2,19.3,1021.67,0,0,6,874,,
2022-05-16,15:00,27.6,11.7,38,SW,3.2,22.5,1021.71,0,0,6,853,,
2022-05-16,15:15,27.6,12.2,39,SSE,8,17.7,1021.61,0,0,6,824,,
2022-05-16,15:45,27.6,13.9,43,WEST,17.7,24.1,1021.54,0,0,5,763,,
2022-05-16,16:00,27.4,14.4,46,NE,3.2,19.3,1021.37,0,0,4,728,,
2022-05-16,16:15,27,14.4,46,WNW,6.4,20.9,1021.47,0,0,4,693,,
2022-05-16,16:30,27,14.4,46,WEST,20.9,25.7,1021.5,0,0,4,652,,
2022-05-16,16:45,26.7,14.4,47,WEST,19.3,24.1,1021.81,0,0,3,612,,
2022-05-16,17:00,26,15,51,WNW,24.1,33.8,1021.67,0,0,3,566,,
2022-05-16,17:15,25.3,13.3,48,WEST,19.3,32.2,1021.78,0,0,2,522,,
2022-05-16,17:30,24.8,13.3,49,ENE,4.8,27.4,1021.94,0,0,2,473,,
2022-05-16,17:45,24.6,12.8,49,WNW,17.7,24.1,1021.88,0,0,2,425,,
2022-05-16,18:00,24.3,13.3,50,NE,6.4,22.5,1021.84,0,0,1,373,,
2022-05-16,18:15,24.2,13.3,51,NE,4.8,16.1,1021.57,0,0,1,318,,
2022-05-16,18:30,23.6,12.8,51,WEST,11.3,22.5,1021.81,0,0,1,267,,
2022-05-16,18:45,23.2,12.2,51,NE,17.7,20.9,1021.74,0,0,1,216,,
2022-05-16,19:00,22.4,11.7,50,NE,11.3,37,1021.67,0,0,0,165,,
2022-05-16,19:15,22.1,10,47,ENE,4.8,29,1021.71,0,0,0,118,,
2022-05-16,19:30,21.7,10,48,WNW,14.5,29,1021.67,0,0,0,79,,
2022-05-16,19:45,21.3,10,49,WEST,16.1,25.7,1021.88,0,0,0,46,,
2022-05-16,20:00,21.1,10,50,WEST,19.3,30.6,1022.08,0,0,0,26,,
2022-05-16,20:15,21.1,7.2,41,WNW,14.5,29,1022.05,0,0,0,11,,
2022-05-16,20:30,20.9,6.7,40,WNW,3.2,22.5,1022.25,0,0,0,0,,
2022-05-16,20:45,20.4,6.7,42,NW,1.6,9.7,1022.18,0,0,0,0,,
2022-05-16,21:00,19.8,7.2,44,NW,3.2,4.8,1022.66,0,0,0,0,,
2022-05-16,21:15,19.8,7.2,44,WNW,3.2,8,1022.45,0,0,0,0,,
2022-05-16,21:30,19.8,7.2,44,NW,1.6,12.9,1022.69,0,0,0,0,,
2022-05-16,21:45,19.7,7.2,44,WNW,1.6,12.9,1022.72,0,0,0,0,,
2022-05-16,22:00,18.8,6.7,45,NORTH,0,3.2,1022.66,0,0,0,0,,
2022-05-16,22:15,17.7,7.2,51,WNW,1.6,4.8,1022.82,0,0,0,0,,
2022-05-16,22:30,17.6,7.8,52,WNW,1.6,4.8,1022.72,0,0,0,0,,
2022-05-16,22:45,17.8,8.3,55,NNW,1.6,4.8,1022.82,0,0,0,0,,
2022-05-16,23:00,18,8.9,56,NNW,3.2,4.8,1022.76,0,0,0,0,,
2022-05-16,23:15,17.4,8.9,58,NORTH,0,3.2,1022.66,0,0,0,0,,
2022-05-16,23:30,16.9,8.3,57,NNW,3.2,4.8,1022.66,0,0,0,0,,
2022-05-16,23:45,17.4,7.8,54,NORTH,1.6,4.8,1022.66,0,0,0,0,,
2022-05-16,OVR,,,,,,,,,,,,gustmax,24.1
2022-05-16,OVR,,,,,,,,,,,,rainrate_max,0
2022-05-16,OVR,,,,,,,,,,,,rain_total_mm,0
2022-05-16,OVR,,,,,,,,,,,,tmax,27.9
2022-05-16,OVR,,,,,,,,,,,,tmin,15.7
2022-05-16,OVR,,,,,,,,,,,,wind_dir_mean_deg,135
2022-05-17,00:00,16.3,7.8,58,NORTH,1.6,4.8,1022.66,0,0,0,0,,
2022-05-17,00:15,17.1,8.3,57,NE,4.8,6.4,1022.66,0,0,0,0,,
2022-05-17,00:30,17.1,7.2,54,NE,4.8,6.4,1022.79,0,0,0,0,,
2022-05-17,00:45,17.9,7.2,49,NORTH,0,6.4,1022.66,0,0,0,0,,
2022-05-17,01:00,17.2,7.2,53,NE,1.6,4.8,1022.72,0,0,0,0,,
2022-05-17,01:15,17.1,6.7,51,NE,1.6,4.8,1022.72,0,0,0,0,,
2022-05-17,01:30,17.1,6.1,49,NE,3.2,3.2,1022.76,0,0,0,0,,
2022-05-17,01:45,17.4,5.6,46,NE,4.8,6.4,1022.55,0,0,0,0,,
2022-05-17,02:00,18.2,5.6,43,NE,1.6,4.8,1022.52,0,0,0,0,,
2022-05-17,02:15,18.3,5.6,44,NE,3.2,4.8,1022.11,0,0,0,0,,
2022-05-17,02:30,18.2,6.1,46,NE,4.8,4.8,1022.05,0,0,0,0,,
2022-05-17,02:45,17.8,6.7,48,NE,3.2,4.8,1022.18,0,0,0,0,,
2022-05-17,03:00,17.7,6.7,50,NE,3.2,6.4,1022.01,0,0,0,0,,
2022-05-17,03:15,17.4,7.8,54,NORTH,0,4.8,1021.81,0,0,0,0,,
2022-05-17,03:30,17.7,8.3,55,NE,4.8,4.8,1021.4,0,0,0,0,,
2022-05-17,03:45,17.4,9.4,60,NE,4.8,6.4,1021.23,0,0,0,0,,
2022-05-17,04:00,16.9,9.4,62,NE,3.2,4.8,1021.27,0,0,0,0,,
2022-05-17,04:15,16.9,9.4,61,NE,3.2,6.4,1021.06,0,0,0,0,,
2022-05-17,04:30,17.3,8.9,58,EAST,3.2,9.7,1020.96,0,0,0,0,,
2022-05-17,04:45,17.8,8.3,55,EAST,6.4,14.5,1020.56,0,0,0,0,,
2022-05-17,05:00,17.9,9.4,58,EAST,1.6,11.3,1020.56,0,0,0,0,,
2022-05-17,05:15,18.3,10,59,EAST,4.8,6.4,1020.69,0,0,0,0,,
2022-05-17,05:30,17.9,11.1,64,NORTH,0,4.8,1020.56,0,0,0,0,,
2022-05-17,05:45,17.6,11.1,66,EAST,4.8,9.7,1020.52,0,0,0,0,,
2022-05-17,06:00,17.9,11.1,66,EAST,4.8,9.7,1020.45,0,0,0,0,,
2022-05-17,06:15,18.3,11.7,65,EAST,3.2,11.3,1020.35,0,0,0,7,,
2022-05-17,06:30,18.9,11.7,63,NORTH,0,6.4,1020.52,0,0,0,19,,
2022-05-17,07:00,18.5,11.1,63,EAST,6.4,8,1020.73,0,0,0,90,,
2022-05-17,07:15,19.4,11.1,60,NORTH,0,9.7,1020.83,0,0,0,151,,
2022-05-17,07:30,19.7,12.2,63,NORTH,0,3.2,1020.79,0,0,0,220,,
2022-05-17,07:45,19.8,12.2,62,EAST,1.6,3.2,1020.86,0,0,0,225,,
2022-05-17,08:00,19.2,12.8,67,NORTH,0,4.8,1020.76,0,0,1,221,,
2022-05-17,08:15,19.9,13.3,66,NORTH,0,3.2,1021,0,0,1,251,,
2022-05-17,08:30,20.1,12.8,64,NORTH,0,3.2,1020.83,0,0,1,204,,
2022-05-17,08:45,21.2,13.9,63,EAST,3.2,4.8,1021.1,0,0,1,422,,
2022-05-17,09:00,22.2,14.4,61,NORTH,0,6.4,1020.89,0,0,2,446,,
2022-05-17,09:15,23.5,13.9,55,EAST,3.2,6.4,1021.06,0,0,2,448,,
2022-05-17,09:30,23.5,15,60,SE,6.4,11.3,1021.03,0,0,2,459,,
2022-05-17,09:45,23.6,14.4,57,SE,4.8,8,1020.96,0,0,3,503,,
2022-05-17,10:00,24.6,14.4,54,SE,3.2,6.4,1021.13,0,0,3,610,,
2022-05-17,10:15,25.1,13.3,49,EAST,3.2,9.7,1021.06,0,0,4,694,,
2022-05-17,10:30,24.9,13.9,51,SSE,4.8,11.3,1021.27,0,0,4,740,,
2022-05-17,10:45,25.3,14.4,51,SE,4.8,14.5,1021.2,0,0,4,777,,
2022-05-17,11:00,25.7,13.9,49,SE,6.4,12.9,1021.3,0,0,5,803,,
2022-05-17,11:15,25.6,13.3,48,SE,6.4,16.1,1021.4,0,0,5,830,,
2022-05-17,11:30,25.8,14.4,50,SE,6.4,17.7,1021.47,0,0,5,851,,
2022-05-17,11:45,25.7,13.9,48,SSE,1.6,16.1,1021.33,0,0,6,879,,
2022-05-17,12:00,26.4,13.9,47,EAST,12.9,16.1,1021.3,0,0,6,891,,
2022-05-17,12:15,26.6,13.9,46,ESE,9.7,19.3,1020.96,0,0,6,909,,
2022-05-17,12:30,26.8,13.3,44,SE,3.2,16.1,1021.1,0,0,7,921,,
2022-05-17,12:45,27.1,13.9,44,NORTH,0,16.1,1020.89,0,0,7,925,,
2022-05-17,13:00,27.4,13.9,44,ESE,12.9,12.9,1020.69,0,0,7,947,,
2022-05-17,13:15,27.9,14.4,44,SSE,1.6,16.1,1020.56,0,0,7,937,,
2022-05-17,13:30,27.8,13.3,41,SSE,6.4,14.5,1020.66,0,0,7,914,,
2022-05-17,13:45,28.5,13.3,39,SSE,14.5,29,1020.42,0,0,7,942,,
2022-05-17,14:00,28.6,13.3,39,NORTH,0,14.5,1020.35,0,0,7,925,,
2022-05-17,14:15,28.3,13.3,40,SE,6.4,17.7,1020.08,0,0,6,909,,
2022-05-17,14:30,29.1,13.9,39,NORTH,0,16.1,1020.12,0,0,6,889,,
2022-05-17,14:45,29,14.4,41,ENE,20.9,27.4,1020.05,0,0,6,867,,
2022-05-17,15:00,27.9,13.9,43,WEST,25.7,35.4,1020.08,0,0,6,840,,
2022-05-17,15:15,27.4,13.3,43,NW,27.4,35.4,1020.18,0,0,5,814,,
2022-05-17,15:30,27.1,14.4,46,,17.7,30.6,1020.12,0,0,5,793,,
2022-05-17,15:45,26.4,13.3,45,WEST,16.1,30.6,1020.05,0,0,5,756,,
2022-05-17,16:00,26.3,13.9,46,WNW,17.7,33.8,1020.12,0,0,4,719,,
2022-05-17,16:15,26.1,13.9,47,WEST,17.7,32.2,1020.01,0,0,4,700,,
2022-05-17,16:30,25.9,13.9,47,WEST,29,33.8,1019.88,0,0,3,654,,
2022-05-17,16:45,25.3,13.3,48,WEST,30.6,37,1019.57,0,0,3,613,,
2022-05-17,17:00,25.3,13.3,48,WNW,24.1,29,1019.64,0,0,3,570,,
2022-05-17,17:15,25,13.3,49,WNW,19.3,32.2,1019.54,0,0,2,522,,
2022-05-17,17:30,25.2,13.3,48,WNW,12.9,24.1,1019.57,0,0,2,475,,
2022-05-17,17:45,24.8,13.3,50,WEST,9.7,30.6,1019.54,0,0,2,403,,
2022-05-17,18:00,24.8,12.8,47,WEST,22.5,22.5,1019.37,0,0,1,374,,
2022-05-17,18:15,24.6,12.8,48,NE,6.4,19.3,1019.4,0,0,1,325,,
2022-05-17,18:30,24.2,12.8,48,EAST,8,22.5,1019.34,0,0,1,272,,
2022-05-17,18:45,24,12.8,49,WEST,9.7,22.5,1019.4,0,0,1,221,,
2022-05-17,19:00,23.8,12.8,51,WNW,16.1,24.1,1019.4,0,0,0,172,,
2022-05-17,19:15,23.7,12.8,52,WEST,9.7,20.9,1019.4,0,0,0,121,,
2022-05-17,19:30,23.5,12.8,52,WNW,9.7,22.5,1019.51,0,0,0,81,,
2022-05-17,19:45,23.1,13.3,54,NNE,4.8,16.1,1019.57,0,0,0,49,,
2022-05-17,20:00,22.4,13.3,58,SW,1.6,9.7,1019.74,0,0,0,28,,
2022-05-17,20:15,21.8,13.3,60,WEST,1.6,11.3,1019.64,0,0,0,18,,
2022-05-17,20:30,20.8,13.3,64,WEST,6.4,12.9,1019.68,0,0,0,7,,
2022-05-17,20:45,20.2,13.3,65,NORTH,0,9.7,1019.74,0,0,0,0,,
2022-05-17,21:00,19.2,12.8,68,WEST,1.6,4.8,1019.84,0,0,0,0,,
2022-05-17,21:15,19.2,12.8,68,WEST,1.6,4.8,1019.84,0,0,0,0,,
2022-05-17,21:30,18.9,12.8,69,WEST,1.6,4.8,1020.12,0,0,0,0,,
2022-05-17,21:45,19.3,14.4,74,WEST,1.6,12.9,1020.01,0,0,0,0,,
2022-05-17,22:00,18.9,14.4,76,NNW,1.6,4.8,1020.08,0,0,0,0,,
2022-05-17,22:15,17.9,13.9,78,NNE,1.6,6.4,1020.22,0,0,0,0,,
2022-05-17,22:30,17.5,13.9,79,NNE,1.6,4.8,1020.29,0,0,0,0,,
2022-05-17,23:00,17.8,14.4,82,NNE,1.6,4.8,1019.98,0,0,0,0,,
2022-05-17,23:15,17.7,14.4,83,NNE,1.6,4.8,1019.98,0,0,0,0,,
2022-05-17,23:30,18,15,84,NNE,1.6,3.2,1020.01,0,0,0,0,,
2022-05-17,23:45,17.3,14.4,85,NNE,3.2,6.4,1019.98,0,0,0,0,,
2022-05-17,OVR,,,,,,,,,,,,gustmax,30.6
2022-05-17,OVR,,,,,,,,,,,,rainrate_max,0
2022-05-17,OVR,,,,,,,,,,,,rain_total_mm,0
2022-05-17,OVR,,,,,,,,,,,,tmax,29.3
2022-05-17,OVR,,,,,,,,,,,,tmin,16.2
2022-05-17,OVR,,,,,,,,,,,,wind_dir_mean_deg,67.5
2022-05-18,00:00,17.5,14.4,83,NNE,1.6,3.2,1020.05,0,0,0,0,,
2022-05-18,00:30,17.3,12.8,76,NNE,1.6,3.2,1020.22,0,0,0,0,,
2022-05-18,00:45,16.9,12.2,76,NORTH,0,4.8,1020.22,0,0,0,0,,
2022-05-18,01:00,17.6,12.8,75,NNE,3.2,4.8,1020.12,0,0,0,0,,
2022-05-18,01:15,16.7,12.8,77,NNE,1.6,3.2,1020.18,0,0,0,0,,
2022-05-18,01:30,16.8,12.2,76,NNE,3.2,4.8,1019.88,0,0,0,0,,
2022-05-18,01:45,17.4,12.2,71,NNE,4.8,4.8,1019.84,0,0,0,0,,
2022-05-18,02:00,17.2,11.7,72,NNE,4.8,4.8,1019.64,0,0,0,0,,
2022-05-18,02:15,16.9,11.7,71,NORTH,0,4.8,1019.57,0,0,0,0,,
2022-05-18,02:30,17.1,11.7,70,NNE,3.2,4.8,1019.71,0,0,0,0,,
2022-05-18,02:45,17.1,11.1,70,NNE,3.2,6.4,1019.51,0,0,0,0,,
2022-05-18,03:00,16.5,11.1,72,NNE,3.2,4.8,1019.34,0,0,0,0,,
2022-05-18,03:15,17.9,11.7,68,NNE,4.8,6.4,1019.1,0,0,0,0,,
2022-05-18,03:30,18.9,11.1,62,NNE,3.2,8,1019,0,0,0,0,,
2022-05-18,03:45,17.5,10.6,64,NNE,3.2,4.8,1019.03,0,0,0,0,,
2022-05-18,04:00,16.8,10,66,NNE,6.4,6.4,1019.07,0,0,0,0,,
2022-05-18,04:15,16.6,10.6,68,NNE,4.8,6.4,1018.93,0,0,0,0,,
2022-05-18,04:30,16.8,10.6,67,NNE,1.6,6.4,1019.03,0,0,0,0,,
2022-05-18,04:45,16.4,10,67,NNE,3.2,6.4,1019.03,0,0,0,0,,
2022-05-18,05:00,17.4,11.1,66,NNE,4.8,6.4,1018.96,0,0,0,0,,
2022-05-18,05:15,17.2,11.1,69,NNE,3.2,4.8,1018.86,0,0,0,0,,
2022-05-18,05:30,16.8,11.1,71,NNE,1.6,4.8,1019.03,0,0,0,0,,
2022-05-18,05:45,16.7,11.1,70,NORTH,0,3.2,1019.17,0,0,0,0,,
2022-05-18,06:00,16.3,10.6,70,NNE,3.2,4.8,1019.03,0,0,0,0,,
2022-05-18,06:15,16.2,11.1,72,NNE,3.2,4.8,1019.17,0,0,0,7,,
2022-05-18,06:30,17.7,11.1,67,NNE,3.2,4.8,1019.17,0,0,0,18,,
2022-05-18,06:45,17.8,11.7,68,EAST,4.8,4.8,1019.3,0,0,0,44,,
2022-05-18,07:00,18.7,12.2,66,EAST,1.6,4.8,1019.54,0,0,0,88,,
2022-05-18,07:15,19.3,11.7,62,NORTH,0,3.2,1019.57,0,0,0,139,,
2022-05-18,07:45,20.3,12.2,60,EAST,3.2,4.8,1019.74,0,0,0,241,,
2022-05-18,08:00,20.3,12.8,62,EAST,3.2,3.2,1019.98,0,0,1,237,,
2022-05-18,08:15,20.3,13.3,64,NE,1.6,4.8,1019.81,0,0,1,339,,
2022-05-18,08:45,22.4,13.9,60,NE,1.6,4.8,1019.98,0,0,2,439,,
2022-05-18,09:00,22.4,13.9,60,,4.8,6.4,1020.05,0,0,2,459,,
2022-05-18,09:15,22.6,13.9,59,,3.2,6.4,1020.08,0,0,2,457,,
2022-05-18,09:30,23.3,13.9,56,NORTH,0,4.8,1020.18,0,0,3,462,,
2022-05-18,09:45,23.8,15,58,,3.2,8,1020.18,0,0,3,513,,
2022-05-18,10:00,24.2,14.4,55,,6.4,6.4,1020.18,0,0,3,619,,
2022-05-18,10:30,24.5,13.3,51,NW,6.4,9.7,1020.32,0,0,4,745,,
2022-05-18,10:45,25,15,53,,8,12.9,1020.39,0,0,5,779,,
2022-05-18,11:00,25,15,54,WNW,11.3,17.7,1020.56,0,0,5,810,,
2022-05-18,11:15,25.7,14.4,51,NNW,4.8,14.5,1020.42,0,0,5,842,,
2022-05-18,11:30,25.9,15,52,WNW,11.3,14.5,1020.45,0,0,6,863,,
2022-05-18,11:45,26.1,14.4,49,WNW,4.8,19.3,1020.49,0,0,6,886,,
2022-05-18,12:00,26.7,15,48,WNW,1.6,12.9,1020.59,0,0,6,904,,
2022-05-18,12:15,26.8,13.9,46,WEST,9.7,14.5,1020.35,0,0,7,916,,
2022-05-18,12:30,27,13.9,44,WNW,8,12.9,1020.35,0,0,7,935,,
2022-05-18,12:45,27.3,13.9,44,SOUTH,3.2,9.7,1020.12,0,0,7,946,,
2022-05-18,13:15,27.9,13.9,42,WSW,3.2,16.1,1019.81,0,0,7,942,,
2022-05-18,13:30,28.1,13.9,42,NORTH,0,14.5,1019.88,0,0,7,939,,
2022-05-18,13:45,28.2,13.3,41,ESE,6.4,14.5,1019.84,0,0,7,930,,
2022-05-18,14:00,28.9,13.9,40,NORTH,0,14.5,1019.81,0,0,7,921,,
2022-05-18,14:15,29.3,13.9,39,SSE,14.5,16.1,1019.88,0,0,7,907,,
2022-05-18,14:30,29.1,12.8,37,SSE,8,22.5,1019.88,0,0,7,895,,
2022-05-18,14:45,28.7,13.9,41,SE,22.5,25.7,1019.81,0,0,6,867,,
2022-05-18,15:00,28.6,14.4,42,SE,25.7,32.2,1019.88,0,0,6,856,,
2022-05-18,15:15,28,13.9,42,SE,11.3,30.6,1019.98,0,0,6,830,,
2022-05-18,15:30,27.6,13.3,41,SE,12.9,25.7,1020.25,0,0,5,800,,
2022-05-18,15:45,27.8,13.3,42,SE,16.1,24.1,1020.22,0,0,5,768,,
2022-05-18,16:00,27.9,13.3,41,SSE,19.3,24.1,1020.15,0,0,4,737,,
2022-05-18,16:15,28.1,14.4,43,SE,6.4,24.1,1020.29,0,0,4,698,,
2022-05-18,16:30,27.4,13.3,41,NNE,1.6,19.3,1020.35,0,0,4,656,,
2022-05-18,16:45,27.1,12.2,41,ENE,4.8,17.7,1020.42,0,0,3,617,,
2022-05-18,17:00,26.5,12.2,42,WNW,12.9,24.1,1020.45,0,0,3,575,,
2022-05-18,17:15,25.9,12.2,43,NE,14.5,29,1020.52,0,0,2,527,,
2022-05-18,17:30,25.6,12.2,43,NE,3.2,30.6,1020.66,0,0,2,478,,
2022-05-18,17:45,25.4,12.2,44,WSW,8,25.7,1020.83,0,0,2,427,,
2022-05-18,18:00,25.1,12.8,47,WSW,4.8,16.1,1020.89,0,0,1,373,,
2022-05-18,18:15,25,13.9,50,WEST,4.8,17.7,1020.83,0,0,1,323,,
2022-05-18,18:30,24.5,12.8,49,WEST,22.5,20.9,1020.79,0,0,1,276,,
2022-05-18,18:45,24.2,13.3,51,WEST,4.8,24.1,1021.06,0,0,1,241,,
2022-05-18,19:00,23.9,12.8,50,WNW,9.7,20.9,1021.3,0,0,0,262,,
2022-05-18,19:15,23.7,13.3,52,WNW,11.3,16.1,1021.33,0,0,0,186,,
2022-05-18,19:30,23.4,12.8,52,WEST,1.6,19.3,1021.54,0,0,0,105,,
2022-05-18,19:45,22.9,12.8,53,WSW,4.8,8,1021.54,0,0,0,49,,
2022-05-18,20:00,22.4,13.9,59,NORTH,0,6.4,1021.61,0,0,0,23,,
2022-05-18,20:15,21.7,13.3,60,SW,3.2,3.2,1021.81,0,0,0,12,,
2022-05-18,20:30,21.2,11.7,54,SOUTH,4.8,6.4,1021.91,0,0,0,0,,
2022-05-18,20:45,20.7,12.2,58,SE,11.3,11.3,1021.94,0,0,0,0,,
2022-05-18,21:00,20.5,12.2,59,SSE,9.7,12.9,1022.11,0,0,0,0,,
2022-05-18,21:15,20.4,12.8,61,SSE,6.4,12.9,1022.11,0,0,0,0,,
2022-05-18,21:30,20.4,12.8,61,SSE,4.8,8,1022.22,0,0,0,0,,
2022-05-18,21:45,20.1,11.7,59,SSE,4.8,8,1022.32,0,0,0,0,,
2022-05-18,22:00,20.2,11.1,57,SSE,1.6,6.4,1022.45,0,0,0,0,,
2022-05-18,22:15,19.5,11.7,61,SSE,8,8,1022.52,0,0,0,0,,
2022-05-18,22:30,20.1,11.1,56,SSE,6.4,6.4,1022.62,0,0,0,0,,
2022-05-18,22:45,19.7,11.1,57,SSE,8,8,1022.76,0,0,0,0,,
2022-05-18,23:00,19.5,10.6,57,SSE,4.8,8,1022.62,0,0,0,0,,
2022-05-18,23:15,19.6,10.6,57,SSE,3.2,6.4,1022.66,0,0,0,0,,
2022-05-18,23:30,19,10.6,59,SSE,6.4,8,1022.72,0,0,0,0,,
2022-05-18,23:45,18.9,10.6,59,SE,6.4,8,1022.86,0,0,0,0,,
2022-05-18,OVR,,,,,,,,,,,,gustmax,25.7
2022-05-18,OVR,,,,,,,,,,,,rainrate_max,0
2022-05-18,OVR,,,,,,,,,,,,rain_total_mm,0
2022-05-18,OVR,,,,,,,,,,,,tmax,29.4
2022-05-18,OVR,,,,,,,,,,,,tmin,15.9
2022-05-18,OVR,,,,,,,,,,,,wind_dir_mean_deg,22.5
2022-05-19,00:00,18.8,10.6,60,SE,6.4,12.9,1022.82,0,0,0,0,,
2022-05-19,00:15,18.7,10.6,60,ESE,6.4,6.4,1022.66,0,0,0,0,,
2022-05-19,00:30,18,11.1,64,ESE,4.8,8,1022.55,0,0,0,0,,
2022-05-19,00:45,18.3,10.6,62,ESE,1.6,4.8,1022.52,0,0,0,0,,
2022-05-19,01:00,18.4,11.1,62,ESE,1.6,4.8,1022.55,0,0,0,0,,
2022-05-19,01:15,18.4,11.1,63,ESE,3.2,4.8,1022.45,0,0,0,0,,
2022-05-19,01:30,19.2,11.1,61,ESE,1.6,4.8,1022.66,0,0,0,0,,
2022-05-19,01:45,18.1,11.1,64,NORTH,0,3.2,1022.62,0,0,0,0,,
2022-05-19,02:00,17.7,11.1,66,NORTH,0,3.2,1022.55,0,0,0,0,,
2022-05-19,02:15,17.8,10.6,64,NORTH,0,6.4,1022.35,0,0,0,0,,
2022-05-19,02:30,17.2,10.6,67,ESE,3.2,4.8,1022.35,0,0,0,0,,
2022-05-19,02:45,17.3,10.6,66,NORTH,0,4.8,1022.38,0,0,0,0,,
2022-05-19,03:00,16.9,11.1,68,ESE,3.2,4.8,1022.18,0,0,0,0,,
2022-05-19,03:15,17,11.1,68,ESE,1.6,4.8,1022.15,0,0,0,0,,
2022-05-19,03:45,18.9,11.7,62,NORTH,0,6.4,1022.28,0,0,0,0,,
2022-05-19,04:00,18.9,11.1,62,ESE,1.6,4.8,1022.35,0,0,0,0,,
2022-05-19,04:15,17.5,11.1,66,ESE,3.2,4.8,1022.49,0,0,0,0,,
2022-05-19,04:30,17.8,11.7,67,ESE,3.2,4.8,1022.35,0,0,0,0,,
2022-05-19,04:45,19,11.7,63,ESE,1.6,4.8,1022.45,0,0,0,0,,
2022-05-19,05:00,18.9,12.2,65,ESE,3.2,4.8,1022.38,0,0,0,0,,
2022-05-19,05:15,18.8,12.2,66,ESE,6.4,8,1022.55,0,0,0,0,,
2022-05-19,05:30,18.5,11.7,66,ESE,1.6,6.4,1022.49,0,0,0,0,,
2022-05-19,05:45,18.8,12.2,66,NORTH,0,4.8,1022.69,0,0,0,0,,
2022-05-19,06:00,18.9,12.2,66,NORTH,0,3.2,1022.72,0,0,0,0,,
2022-05-19,06:15,18.1,11.7,67,ESE,3.2,6.4,1022.93,0,0,0,7,,
2022-05-19,06:30,18.2,11.7,67,ESE,4.8,9.7,1022.89,0,0,0,16,,
2022-05-19,06:45,19.4,11.7,61,EAST,11.3,14.5,1022.89,0,0,0,44,,
2022-05-19,07:00,19.7,11.7,61,EAST,9.7,12.9,1023.27,0,0,0,90,,
2022-05-19,07:15,19.9,11.7,59,ESE,12.9,16.1,1023.4,0,0,0,141,,
2022-05-19,07:30,20.4,11.1,56,EAST,14.5,17.7,1023.6,0,0,0,197,,
2022-05-19,07:45,21.2,11.1,53,EAST,11.3,17.7,1023.67,0,0,0,243,,
2022-05-19,08:00,21.3,11.1,53,EAST,12.9,20.9,1023.87,0,0,1,232,,
2022-05-19,08:15,21.2,11.1,54,EAST,9.7,19.3,1024.04,0,0,1,338,,
2022-05-19,08:30,21.7,11.7,53,ESE,14.5,17.7,1024.21,0,0,1,387,,
2022-05-19,08:45,21.8,11.7,54,EAST,11.3,20.9,1024.31,0,0,2,443,,
2022-05-19,09:00,22.8,12.2,52,ESE,6.4,16.1,1024.62,0,0,2,471,,
2022-05-19,09:15,23.4,11.7,47,SE,14.5,22.5,1024.79,0,0,2,466,,
2022-05-19,09:30,23.3,12.2,49,ESE,11.3,19.3,1024.92,0,0,3,464,,
2022-05-19,09:45,23.5,12.2,49,SE,12.9,19.3,1025.13,0,0,3,503,,
2022-05-19,10:00,24.1,12.2,48,SSE,12.9,16.1,1025.26,0,0,3,596,,
2022-05-19,10:15,24.6,11.1,43,ENE,6.4,14.5,1025.4,0,0,4,701,,
2022-05-19,10:30,24.6,10.6,41,SE,4.8,17.7,1025.43,0,0,4,749,,
2022-05-19,10:45,24.8,11.7,44,ESE,6.4,17.7,1025.47,0,0,5,782,,
2022-05-19,11:00,24.8,12.2,46,SE,14.5,19.3,1025.53,0,0,5,814,,
2022-05-19,11:15,25.4,12.2,44,EAST,4.8,17.7,1025.53,0,0,5,838,,
2022-05-19,11:30,25.8,12.8,45,SE,6.4,16.1,1025.5,0,0,6,870,,
2022-05-19,11:45,25.8,11.7,41,SSE,1.6,17.7,1025.53,0,0,6,891,,
2022-05-19,12:00,26.3,12.8,44,ESE,16.1,14.5,1025.33,0,0,6,907,,
2022-05-19,12:15,26.2,11.7,41,SE,9.7,16.1,1025.26,0,0,7,926,,
2022-05-19,12:30,26.6,12.2,42,SSE,6.4,16.1,1025.2,0,0,7,937,,
2022-05-19,12:45,26.7,12.2,41,SSE,6.4,19.3,1025.06,0,0,7,946,,
2022-05-19,13:00,27.2,12.8,42,SSE,4.8,17.7,1025.06,0,0,7,951,,
2022-05-19,13:15,26.8,11.7,40,SSW,3.2,12.9,1024.89,0,0,7,947,,
2022-05-19,13:30,26.8,11.7,39,WSW,3.2,16.1,1024.89,0,0,7,949,,
2022-05-19,13:45,27.9,12.8,39,SE,3.2,14.5,1024.79,0,0,7,937,,
2022-05-19,14:00,27.9,12.2,38,SE,11.3,19.3,1024.72,0,0,7,926,,
2022-05-19,14:15,27.8,11.7,37,SSE,8,16.1,1024.72,0,0,7,912,,
2022-05-19,14:30,28,11.7,37,SSE,6.4,20.9,1024.89,0,0,6,891,,
2022-05-19,14:45,28.1,12.2,38,SE,3.2,16.1,1024.79,0,0,6,875,,
2022-05-19,15:00,28.2,12.2,38,ESE,12.9,25.7,1024.72,0,0,6,851,,
2022-05-19,15:15,28.3,12.8,39,WNW,20.9,33.8,1024.72,0,0,5,828,,
2022-05-19,15:30,28.2,13.3,41,NW,8,30.6,1024.79,0,0,5,803,,
2022-05-19,15:45,27.5,13.3,42,WEST,25.7,35.4,1024.89,0,0,5,766,,
2022-05-19,16:00,27.2,12.8,40,WNW,16.1,32.2,1024.99,0,0,4,735,,
2022-05-19,16:15,26.7,12.2,41,WNW,25.7,35.4,1025.03,0,0,4,694,,
2022-05-19,16:30,26.1,12.8,44,ENE,9.7,35.4,1025.03,0,0,3,656,,
2022-05-19,16:45,25.7,12.2,43,WSW,19.3,32.2,1025.2,0,0,3,613,,
2022-05-19,17:00,25.4,12.8,45,WNW,20.9,33.8,1025.16,0,0,3,578,,
2022-05-19,17:15,25.1,12.2,45,WEST,30.6,45.1,1025.3,0,0,2,527,,
2022-05-19,17:30,24.9,12.2,46,WNW,14.5,35.4,1025.33,0,0,2,476,,
2022-05-19,17:45,24.7,12.2,46,ENE,17.7,32.2,1025.47,0,0,2,424,,
2022-05-19,18:00,24.2,13.9,52,WNW,17.7,33.8,1025.43,0,0,1,374,,
2022-05-19,18:15,24,13.9,54,WEST,12.9,32.2,1025.6,0,0,1,348,,
2022-05-19,18:30,23.7,13.9,55,WSW,6.4,27.4,1025.67,0,0,1,290,,
2022-05-19,18:45,23.8,12.8,51,ENE,12.9,24.1,1025.77,0,0,1,214,,
2022-05-19,19:00,23.4,13.3,53,WEST,9.7,20.9,1025.7,0,0,0,167,,
2022-05-19,19:15,23.2,14.4,58,ENE,4.8,20.9,1025.64,0,0,0,54,,
2022-05-19,19:30,22.6,14.4,61,SW,1.6,12.9,1025.87,0,0,0,40,,
2022-05-19,19:45,22.2,15,63,NORTH,0,6.4,1026.01,0,0,0,40,,
2022-05-19,20:00,22,15,65,SW,1.6,3.2,1026.08,0,0,0,26,,
2022-05-19,20:15,21.9,12.8,57,SE,6.4,16.1,1026.25,0,0,0,16,,
2022-05-19,20:30,20.9,13.9,64,SE,8,16.1,1026.38,0,0,0,7,,
2022-05-19,20:45,20.3,12.8,62,SE,8,14.5,1026.55,0,0,0,0,,
2022-05-19,21:00,20.1,12.2,61,ESE,11.3,17.7,1026.82,0,0,0,0,,
2022-05-19,21:15,19.8,12.2,63,SE,14.5,14.5,1026.85,0,0,0,0,,
2022-05-19,21:30,19.7,12.2,63,SSE,6.4,16.1,1026.99,0,0,0,0,,
2022-05-19,21:45,19.4,12.2,64,ESE,6.4,16.1,1026.96,0,0,0,0,,
2022-05-19,22:00,19.4,11.7,61,SE,11.3,14.5,1026.85,0,0,0,0,,
2022-05-19,22:15,19.5,12.2,63,ESE,12.9,16.1,1026.96,0,0,0,0,,
2022-05-19,22:30,19.6,12.8,66,ESE,14.5,19.3,1026.85,0,0,0,0,,
2022-05-19,22:45,19.7,12.8,66,ESE,14.5,17.7,1026.96,0,0,0,0,,
2022-05-19,23:00,19.4,13.3,69,SE,17.7,20.9,1027.09,0,0,0,0,,
2022-05-19,23:15,19.1,13.9,72,ESE,14.5,17.7,1027.13,0,0,0,0,,
2022-05-19,23:30,18.9,13.9,73,ESE,14.5,19.3,1026.99,0,0,0,0,,
2022-05-19,23:45,18.6,13.9,74,ESE,11.3,17.7,1027.13,0,0,0,0,,
2022-05-19,OVR,,,,,,,,,,,,gustmax,30.6
2022-05-19,OVR,,,,,,,,,,,,rainrate_max,0
2022-05-19,OVR,,,,,,,,,,,,rain_total_mm,0
2022-05-19,OVR,,,,,,,,,,,,tmax,28.7
2022-05-19,OVR,,,,,,,,,,,,tmin,16.7
2022-05-19,OVR,,,,,,,,,,,,wind_dir_mean_deg,135
2022-05-20,00:00,18.4,13.3,74,ESE,6.4,12.9,1027.23,0,0,0,0,,
2022-05-20,00:15,18.3,13.9,76,ESE,6.4,11.3,1027.43,0,0,0,0,,
2022-05-20,00:30,18.3,13.3,73,ESE,6.4,12.9,1027.29,0,0,0,0,,
2022-05-20,00:45,18,13.3,76,ESE,3.2,6.4,1027.36,0,0,0,0,,
2022-05-20,01:00,17.9,14.4,79,ESE,6.4,9.7,1027.23,0,0,0,0,,
2022-05-20,01:15,17.1,13.9,83,ESE,4.8,9.7,1027.23,0,0,0,0,,
2022-05-20,01:30,16.8,13.9,84,EAST,4.8,11.3,1027.16,0,0,0,0,,
2022-05-20,01:45,16.6,13.9,86,ESE,4.8,11.3,1026.99,0,0,0,0,,
2022-05-20,02:00,16.4,13.9,87,ESE,4.8,12.9,1026.92,0,0,0,0,,
2022-05-20,02:15,16.6,14.4,87,ESE,9.7,11.3,1027.02,0,0,0,0,,
2022-05-20,02:30,16.7,14.4,87,ESE,4.8,9.7,1026.96,0,0,0,0,,
2022-05-20,02:45,16.3,13.9,87,ESE,4.8,9.7,1027.13,0,0,0,0,,
2022-05-20,03:00,16.8,13.9,84,ESE,4.8,11.3,1027.19,0,0,0,0,,
2022-05-20,03:15,16.7,13.9,83,EAST,4.8,9.7,1026.92,0,0,0,0,,
2022-05-20,03:30,16.6,13.3,83,EAST,4.8,9.7,1027.19,0,0,0,0,,
2022-05-20,03:45,16.3,13.3,85,EAST,4.8,11.3,1027.16,0,0,0,0,,
2022-05-20,04:00,16.6,13.3,82,EAST,6.4,11.3,1027.16,0,0,0,0,,
2022-05-20,04:15,16.7,12.8,79,EAST,6.4,12.9,1027.16,0,0,0,0,,
2022-05-20,04:30,16.7,12.8,77,EAST,6.4,12.9,1027.02,0,0,0,0,,
2022-05-20,04:45,16.2,12.2,77,EAST,6.4,11.3,1027.13,0,0,0,0,,
2022-05-20,05:00,16.3,11.7,74,EAST,4.8,11.3,1027.16,0,0,0,0,,
2022-05-20,05:15,16.1,10.6,71,ESE,9.7,12.9,1027.02,0,0,0,0,,
2022-05-20,05:30,16.7,10,65,ESE,11.3,14.5,1027.19,0,0,0,0,,
2022-05-20,05:45,16.5,9.4,64,ESE,11.3,12.9,1027.43,0,0,0,0,,
2022-05-20,06:00,16.9,8.9,60,ESE,9.7,17.7,1027.53,0,0,0,0,,
2022-05-20,06:15,16.9,8.9,59,EAST,6.4,16.1,1027.5,0,0,0,7,,
2022-05-20,06:30,16.9,8.9,59,EAST,11.3,17.7,1027.63,0,0,0,14,,
2022-05-20,06:45,16.7,8.9,62,EAST,9.7,16.1,1027.63,0,0,0,53,,
2022-05-20,07:00,16.6,9.4,64,EAST,14.5,19.3,1027.84,0,0,0,102,,
2022-05-20,07:15,17.2,9.4,62,ESE,11.3,20.9,1028.11,0,0,0,158,,
2022-05-20,07:30,17.6,10,62,ESE,9.7,20.9,1028.11,0,0,0,218,,
2022-05-20,07:45,17.7,11.1,66,EAST,6.4,17.7,1028.21,0,0,0,269,,
2022-05-20,08:00,17.9,11.1,66,ESE,4.8,14.5,1028.38,0,0,1,255,,
2022-05-20,08:15,18.3,12.2,68,ESE,12.9,20.9,1028.45,0,0,1,374,,
2022-05-20,08:30,18.4,13.3,72,ESE,11.3,24.1,1028.72,0,0,1,424,,
2022-05-20,08:45,18.7,13.3,72,ESE,12.9,20.9,1028.75,0,0,1,475,,
2022-05-20,09:00,19.1,13.3,71,EAST,19.3,19.3,1028.82,0,0,2,503,,
2022-05-20,09:15,19.6,12.8,66,ENE,20.9,27.4,1029.02,0,0,2,492,,
2022-05-20,09:30,19.9,12.8,65,ENE,8,24.1,1029.02,0,0,3,485,,
2022-05-20,09:45,20.2,13.3,65,ESE,8,22.5,1029.12,0,0,3,522,,
2022-05-20,10:00,20.9,12.8,60,ENE,6.4,22.5,1029.02,0,0,3,617,,
2022-05-20,10:15,21.2,11.7,55,EAST,9.7,29,1028.95,0,0,4,733,,
2022-05-20,10:30,21.7,11.7,54,EAST,8,25.7,1028.95,0,0,4,786,,
2022-05-20,10:45,22.1,10.6,48,ESE,11.3,24.1,1028.89,0,0,5,821,,
2022-05-20,11:00,22.4,10.6,48,ENE,12.9,24.1,1028.85,0,0,5,853,,
2022-05-20,11:15,22.6,8.9,42,ESE,17.7,30.6,1028.89,0,0,5,879,,
2022-05-20,11:30,23.5,10,42,ESE,6.4,25.7,1028.75,0,0,6,909,,
2022-05-20,11:45,23.5,8.3,39,ESE,19.3,24.1,1028.62,0,0,6,930,,
2022-05-20,12:00,24.3,8.3,37,EAST,12.9,24.1,1028.68,0,0,6,947,,
2022-05-20,12:15,24.2,7.8,35,SE,9.7,22.5,1028.45,0,0,7,967,,
2022-05-20,12:30,24.6,7.8,34,ENE,4.8,20.9,1028.28,0,0,7,983,,
2022-05-20,12:45,24.8,8.3,35,EAST,14.5,27.4,1028.24,0,0,7,984,,
2022-05-20,13:00,25.1,7.2,32,ESE,19.3,22.5,1028.24,0,0,7,993,,
2022-05-20,13:15,24.9,7.2,32,ESE,12.9,25.7,1028.24,0,0,7,991,,
2022-05-20,13:30,25.3,7.2,32,EAST,6.4,25.7,1028.11,0,0,7,988,,
2022-05-20,13:45,25.3,8.3,34,SE,14.5,22.5,1027.97,0,0,7,979,,
2022-05-20,14:00,26.1,8.9,34,ESE,14.5,22.5,1027.84,0,0,7,970,,
2022-05-20,14:15,26.1,8.3,33,ENE,16.1,22.5,1027.63,0,0,7,958,,
2022-05-20,14:30,26.7,10,36,ESE,9.7,19.3,1027.43,0,0,7,940,,
2022-05-20,14:45,26.3,10,36,NE,4.8,19.3,1027.46,0,0,6,912,,
2022-05-20,15:00,26.2,11.7,41,SE,6.4,24.1,1027.29,0,0,6,886,,
2022-05-20,15:15,25.8,11.1,40,ESE,6.4,24.1,1027.19,0,0,6,863,,
2022-05-20,15:30,26.3,12.2,41,SE,9.7,22.5,1027.02,0,0,5,835,,
2022-05-20,15:45,26.1,11.7,41,ENE,8,22.5,1026.85,0,0,5,805,,
2022-05-20,16:00,26.4,12.8,43,ESE,14.5,22.5,1026.85,0,0,4,772,,
2022-05-20,16:15,26.2,12.8,43,SE,20.9,29,1026.89,0,0,4,729,,
2022-05-20,16:30,26.6,13.3,44,SE,17.7,20.9,1026.79,0,0,4,691,,
2022-05-20,16:45,26.6,12.2,42,ESE,11.3,22.5,1026.85,0,0,3,638,,
2022-05-20,17:00,25.5,15,53,SE,6.4,27.4,1026.89,0,0,3,594,,
2022-05-20,17:15,24.9,15,54,SE,17.7,24.1,1026.92,0,0,2,548,,
2022-05-20,17:30,24.8,15,55,SSE,14.5,27.4,1026.89,0,0,2,496,,
2022-05-20,17:45,24.6,15,55,SE,14.5,22.5,1026.89,0,0,2,446,,
2022-05-20,18:00,23.9,14.4,55,SSE,12.9,24.1,1026.89,0,0,1,396,,
2022-05-20,18:15,23.8,14.4,55,SE,19.3,20.9,1026.79,0,0,1,341,,
2022-05-20,18:30,23.1,13.9,56,ESE,12.9,24.1,1026.85,0,0,1,287,,
2022-05-20,18:45,23,12.8,53,ESE,17.7,20.9,1026.89,0,0,1,241,,
2022-05-20,19:00,22.6,10.6,46,SE,8,22.5,1026.85,0,0,0,186,,
2022-05-20,19:15,22.2,10,47,SSE,9.7,19.3,1027.02,0,0,0,135,,
2022-05-20,19:30,21.6,11.1,52,SE,4.8,20.9,1026.99,0,0,0,86,,
2022-05-20,19:45,21.2,11.7,55,SE,8,17.7,1027.06,0,0,0,51,,
2022-05-20,20:00,20.5,11.1,56,SSE,17.7,22.5,1026.89,0,0,0,23,,
2022-05-20,20:15,19.8,11.7,60,SE,8,17.7,1026.82,0,0,0,14,,
2022-05-20,20:30,19.2,11.1,60,SE,8,16.1,1026.85,0,0,0,0,,
2022-05-20,20:45,18.9,10,58,ESE,14.5,19.3,1026.75,0,0,0,0,,
2022-05-20,21:00,19.1,7.2,46,ESE,16.1,19.3,1026.79,0,0,0,0,,
2022-05-20,21:15,18.9,7.8,49,ESE,12.9,20.9,1026.69,0,0,0,0,,
2022-05-20,21:30,18.7,8.3,51,ESE,12.9,19.3,1026.96,0,0,0,0,,
2022-05-20,21:45,18.2,10,60,ESE,14.5,17.7,1026.82,0,0,0,0,,
2022-05-20,22:00,17.9,10,61,SE,12.9,19.3,1026.72,0,0,0,0,,
2022-05-20,22:15,17.8,10,61,ESE,11.3,19.3,1026.79,0,0,0,0,,
2022-05-20,22:30,17.9,10.6,62,ESE,8,17.7,1026.75,0,0,0,0,,
2022-05-20,22:45,17.7,12.2,70,SE,19.3,22.5,1026.52,0,0,0,0,,
2022-05-20,23:00,17.4,13.9,79,SE,17.7,22.5,1026.69,0,0,0,0,,
2022-05-20,23:15,17.1,13.9,83,ESE,16.1,22.5,1026.69,0,0,0,0,,
2022-05-20,23:30,17,14.4,85,SE,19.3,25.7,1026.58,0,0,0,0,,
2022-05-20,23:45,16.9,14.4,86,ESE,20.9,24.1,1026.62,0,0,0,0,,
2022-05-20,OVR,,,,,,,,,,,,gustmax,20.9
2022-05-20,OVR,,,,,,,,,,,,rainrate_max,0
2022-05-20,OVR,,,,,,,,,,,,rain_total_mm,0
2022-05-20,OVR,,,,,,,,,,,,tmax,27
2022-05-20,OVR,,,,,,,,,,,,tmin,16.1
2022-05-20,OVR,,,,,,,,,,,,wind_dir_mean_deg,112.5
2022-05-21,00:00,16.8,14.4,88,ESE,12.9,22.5,1026.45,0,0,0,0,,
2022-05-21,00:15,16.6,14.4,89,ESE,9.7,14.5,1026.75,0,0,0,0,,
2022-05-21,00:30,16.6,15,90,SE,11.3,17.7,1026.52,0,0,0,0,,
2022-05-21,00:45,16.6,15,91,ESE,11.3,19.3,1026.28,0,0,0,0,,
2022-05-21,01:00,16.4,15,91,SE,12.9,20.9,1026.28,0,0,0,0,,
2022-05-21,01:15,16.3,15,92,SE,12.9,22.5,1026.01,0,0,0,0,,
2022-05-21,01:30,16.1,14.4,92,ESE,14.5,19.3,1026.08,0,0,0,0,,
2022-05-21,01:45,15.9,14.4,92,ESE,12.9,16.1,1025.74,0,0,0,0,,
2022-05-21,02:00,15.7,14.4,92,ESE,16.1,19.3,1025.64,0,0,0,0,,
2022-05-21,02:15,16.1,14.4,91,SE,11.3,14.5,1025.74,0,0,0,0,,
2022-05-21,02:30,16.1,13.9,89,ESE,12.9,16.1,1025.53,0,0,0,0,,
2022-05-21,02:45,16.3,13.3,84,ESE,9.7,17.7,1025.74,0,0,0,0,,
2022-05-21,03:00,16.8,12.8,78,ESE,4.8,12.9,1025.47,0,0,0,0,,
2022-05-21,03:15,17.3,12.8,75,ESE,14.5,17.7,1025.23,0,0,0,0,,
2022-05-21,03:30,17.6,12.8,73,ESE,9.7,16.1,1025.06,0,0,0,0,,
2022-05-21,03:45,16.6,13.3,82,ESE,9.7,12.9,1024.79,0,0,0,0,,
2022-05-21,04:00,16.2,13.9,86,EAST,11.3,14.5,1024.89,0,0,0,0,,
2022-05-21,04:15,15.9,13.3,85,ESE,1.6,11.3,1024.89,0,0,0,0,,
2022-05-21,04:30,15.3,12.8,87,NORTH,0,3.2,1024.76,0,0,0,0,,
2022-05-21,04:45,14.7,12.2,87,NORTH,0,3.2,1024.62,0,0,0,0,,
2022-05-21,05:00,14.8,12.2,85,ESE,1.6,4.8,1024.69,0,0,0,0,,
2022-05-21,05:15,15.2,12.2,84,ESE,1.6,4.8,1024.79,0,0,0,0,,
2022-05-21,05:30,14.7,11.7,83,ESE,3.2,4.8,1024.72,0,0,0,0,,
2022-05-21,05:45,15,11.1,80,NORTH,0,4.8,1024.55,0,0,0,0,,
2022-05-21,06:00,15.4,11.1,77,ESE,3.2,6.4,1024.65,0,0,0,0,,
2022-05-21,06:15,15.2,11.1,77,ESE,1.6,4.8,1024.72,0,0,0,9,,
2022-05-21,06:30,15.1,11.1,77,ESE,3.2,4.8,1024.62,0,0,0,19,,
2022-05-21,06:45,15.8,11.1,75,EAST,3.2,6.4,1024.45,0,0,0,49,,
2022-05-21,07:00,16.4,11.1,73,EAST,4.8,4.8,1024.55,0,0,0,88,,
2022-05-21,07:15,16.7,11.7,72,EAST,4.8,6.4,1024.48,0,0,0,139,,
2022-05-21,07:30,17.6,12.2,71,EAST,3.2,3.2,1024.42,0,0,0,190,,
2022-05-21,07:45,18.2,12.2,69,EAST,1.6,6.4,1024.59,0,0,0,239,,
2022-05-21,08:00,18.9,12.8,67,EAST,4.8,4.8,1024.35,0,0,1,239,,
2022-05-21,08:15,19.6,12.8,67,EAST,1.6,4.8,1024.25,0,0,1,336,,
2022-05-21,08:30,20.2,12.8,63,EAST,3.2,4.8,1024.38,0,0,1,387,,
2022-05-21,08:45,20.9,12.8,60,NORTH,0,4.8,1024.18,0,0,1,436,,
2022-05-21,09:00,20.9,12.2,57,NE,1.6,4.8,1024.28,0,0,2,462,,
2022-05-21,09:15,21.2,13.3,62,NORTH,0,6.4,1024.18,0,0,2,480,,
2022-05-21,09:30,21.2,13.3,62,EAST,1.6,6.4,1024.28,0,0,2,475,,
2022-05-21,09:45,21.7,13.9,63,SE,3.2,9.7,1024.25,0,0,3,490,,
2022-05-21,10:00,21.7,14.4,63,NORTH,0,8,1024.11,0,0,3,554,,
2022-05-21,10:15,22.1,15,64,SSE,1.6,8,1024.01,0,0,4,666,,
2022-05-21,10:30,22.5,14.4,62,SSE,3.2,11.3,1023.94,0,0,4,733,,
2022-05-21,10:45,23,14.4,60,SSE,6.4,12.9,1023.91,0,0,4,772,,
2022-05-21,11:00,23.6,15,58,SE,8,8,1023.84,0,0,5,803,,
2022-05-21,11:15,24.2,15,56,NORTH,0,9.7,1023.87,0,0,5,831,,
2022-05-21,11:30,24.7,14.4,54,SE,4.8,11.3,1023.87,0,0,6,856,,
2022-05-21,11:45,25,15.6,55,SE,1.6,11.3,1023.74,0,0,6,877,,
2022-05-21,12:00,25.5,15,52,SSE,1.6,9.7,1023.54,0,0,6,898,,
2022-05-21,12:15,25.9,15.6,53,SSE,1.6,12.9,1023.57,0,0,6,914,,
2022-05-21,12:30,26.9,14.4,48,WNW,4.8,12.9,1023.27,0,0,7,928,,
2022-05-21,12:45,26.7,14.4,48,SW,3.2,11.3,1023.27,0,0,7,937,,
2022-05-21,13:00,27.3,15,47,WSW,6.4,6.4,1023.03,0,0,7,940,,
2022-05-21,13:15,27.5,13.9,44,WNW,1.6,17.7,1022.99,0,0,7,940,,
2022-05-21,13:30,28,14.4,43,SOUTH,6.4,16.1,1022.99,0,0,7,942,,
2022-05-21,13:45,28.1,13.9,42,WEST,9.7,17.7,1022.72,0,0,7,933,,
2022-05-21,14:00,28.2,13.9,41,WEST,22.5,20.9,1022.62,0,0,7,926,,
2022-05-21,14:15,28.4,13.9,41,NORTH,0,20.9,1022.52,0,0,7,911,,
2022-05-21,14:30,28.2,13.9,42,WSW,16.1,29,1022.52,0,0,6,896,,
2022-05-21,14:45,27.6,13.3,42,WEST,14.5,30.6,1022.59,0,0,6,881,,
2022-05-21,15:00,27.2,13.3,43,ENE,17.7,30.6,1022.59,0,0,6,856,,
2022-05-21,15:15,27.3,13.3,42,WSW,22.5,33.8,1022.49,0,0,6,835,,
2022-05-21,15:30,26.7,12.2,41,WEST,27.4,38.6,1022.25,0,0,5,768,,
2022-05-21,15:45,26.4,11.7,41,NW,17.7,38.6,1022.38,0,0,5,758,,
2022-05-21,16:00,26.3,11.7,41,NW,24.1,37,1022.28,0,0,4,712,,
2022-05-21,16:15,26.4,11.7,40,WEST,29,30.6,1022.05,0,0,4,696,,
2022-05-21,16:30,26.4,12.2,42,ENE,6.4,25.7,1021.91,0,0,4,664,,
2022-05-21,16:45,26.1,11.7,41,WEST,11.3,25.7,1021.81,0,0,3,619,,
2022-05-21,17:00,25.9,12.2,42,SW,3.2,27.4,1021.57,0,0,3,577,,
2022-05-21,17:15,25.9,12.8,44,ENE,16.1,29,1021.47,0,0,2,529,,
2022-05-21,17:30,25.6,12.8,45,WEST,19.3,37,1021.37,0,0,2,485,,
2022-05-21,17:45,25.3,12.8,45,WNW,12.9,29,1021.27,0,0,2,434,,
2022-05-21,18:00,25,12.8,46,WNW,12.9,27.4,1021.1,0,0,1,383,,
2022-05-21,18:15,24.7,12.8,47,WEST,14.5,25.7,1021.03,0,0,1,325,,
2022-05-21,18:30,24.4,12.8,49,WNW,20.9,29,1021,0,0,1,285,,
2022-05-21,18:45,23.9,12.8,51,NE,9.7,22.5,1020.89,0,0,1,232,,
2022-05-21,19:00,23.6,12.8,52,NE,6.4,22.5,1020.73,0,0,0,176,,
2022-05-21,19:15,23.3,13.3,54,WEST,14.5,27.4,1020.79,0,0,0,134,,
2022-05-21,19:30,22.9,13.3,56,ENE,8,20.9,1020.73,0,0,0,90,,
2022-05-21,19:45,22.3,13.9,60,WNW,4.8,17.7,1020.73,0,0,0,58,,
2022-05-21,20:00,21.8,14.4,62,WEST,9.7,14.5,1020.66,0,0,0,33,,
2022-05-21,20:15,21.3,13.9,64,WEST,4.8,19.3,1020.76,0,0,0,18,,
2022-05-21,20:30,20.8,14.4,66,WSW,4.8,14.5,1020.56,0,0,0,7,,
2022-05-21,20:45,20.5,13.9,68,WNW,3.2,9.7,1020.73,0,0,0,0,,
2022-05-21,21:00,20.2,14.4,71,SW,3.2,17.7,1020.62,0,0,0,0,,
2022-05-21,21:15,19.3,15,77,NORTH,0,6.4,1020.69,0,0,0,0,,
2022-05-21,21:30,19.2,15.6,79,SW,3.2,6.4,1020.83,0,0,0,0,,
2022-05-21,21:45,18.6,15,80,WEST,1.6,3.2,1020.93,0,0,0,0,,
2022-05-21,22:00,18.5,15.6,84,NORTH,0,1.6,1020.86,0,0,0,0,,
2022-05-21,22:15,18.6,15.6,83,NORTH,0,6.4,1020.93,0,0,0,0,,
2022-05-21,22:30,17.9,15,84,WEST,3.2,4.8,1020.86,0,0,0,0,,
2022-05-21,22:45,17.3,14.4,85,WEST,3.2,3.2,1020.83,0,0,0,0,,
2022-05-21,23:00,17.3,13.9,81,SOUTH,4.8,6.4,1020.73,0,0,0,0,,
2022-05-21,23:15,17.8,12.8,74,NORTH,0,4.8,1020.83,0,0,0,0,,
2022-05-21,23:30,17.6,13.3,77,SOUTH,3.2,8,1020.73,0,0,0,0,,
2022-05-21,23:45,19.3,12.2,64,SOUTH,1.6,4.8,1020.56,0,0,0,0,,
2022-05-21,OVR,,,,,,,,,,,,gustmax,29
2022-05-21,OVR,,,,,,,,,,,,rainrate_max,0
2022-05-21,OVR,,,,,,,,,,,,rain_total_mm,0
2022-05-21,OVR,,,,,,,,,,,,tmax,28.5
2022-05-21,OVR,,,,,,,,,,,,tmin,14.5
2022-05-21,OVR,,,,,,,,,,,,wind_dir_mean_deg,135
2022-05-22,00:00,19,11.7,64,SOUTH,3.2,8,1020.45,0,0,0,0,,
2022-05-22,00:15,19.7,11.1,59,NORTH,0,3.2,1020.22,0,0,0,0,,
2022-05-22,00:30,19.9,11.1,57,SSE,1.6,4.8,1019.98,0,0,0,0,,
2022-05-22,00:45,19.3,9.4,54,SSE,3.2,3.2,1019.88,0,0,0,0,,
2022-05-22,01:00,18.9,8.9,54,SSE,3.2,4.8,1019.54,0,0,0,0,,
2022-05-22,01:15,18.3,8.9,55,SSE,1.6,8,1019.51,0,0,0,0,,
2022-05-22,01:30,18.4,9.4,55,SSE,1.6,8,1019.27,0,0,0,0,,
2022-05-22,01:45,18.5,9.4,56,SSE,3.2,4.8,1019.1,0,0,0,0,,
2022-05-22,02:00,18.2,10,58,SSE,3.2,3.2,1018.93,0,0,0,0,,
2022-05-22,02:15,19.7,10,55,SSE,3.2,3.2,1018.66,0,0,0,0,,
2022-05-22,02:30,18.7,10,58,SSE,3.2,4.8,1018.49,0,0,0,0,,
2022-05-22,02:45,18.9,10.6,58,SSE,4.8,8,1018.29,0,0,0,0,,
2022-05-22,03:00,19.4,10.6,57,SSE,1.6,8,1018.22,0,0,0,0,,
2022-05-22,03:15,19.5,10.6,58,SSE,1.6,8,1018.19,0,0,0,0,,
2022-05-22,03:30,18.8,10.6,60,SSE,3.2,4.8,1018.08,0,0,0,0,,
2022-05-22,03:45,19.6,10,55,SSE,1.6,3.2,1017.88,0,0,0,0,,
2022-05-22,04:00,19.2,10,57,SSE,1.6,8,1017.75,0,0,0,0,,
2022-05-22,04:15,18.9,10.6,59,SSE,1.6,4.8,1017.68,0,0,0,0,,
2022-05-22,04:30,19.2,10.6,58,SSE,3.2,8,1017.61,0,0,0,0,,
2022-05-22,04:45,17.8,10.6,63,SSE,3.2,4.8,1017.44,0,0,0,0,,
2022-05-22,05:00,18.3,10,60,SSE,1.6,4.8,1017.31,0,0,0,0,,
2022-05-22,05:15,18.5,8.9,54,SSE,1.6,3.2,1017.2,0,0,0,0,,
2022-05-22,05:30,18.3,8.9,54,SSE,1.6,3.2,1017.27,0,0,0,0,,
2022-05-22,05:45,18.4,8.9,55,NORTH,0,3.2,1017.27,0,0,0,0,,
2022-05-22,06:00,18.4,9.4,56,SSE,1.6,3.2,1017.31,0,0,0,0,,
2022-05-22,06:15,18.8,10,57,SSE,3.2,4.8,1017.31,0,0,0,11,,
2022-05-22,06:30,18.8,10,58,SSE,1.6,4.8,1017.44,0,0,0,28,,
2022-05-22,06:45,20,10.6,55,SSE,3.2,4.8,1017.24,0,0,0,53,,
2022-05-22,07:00,19.7,10.6,56,SSE,1.6,3.2,1017.31,0,0,0,84,,
2022-05-22,07:15,20.2,11.1,58,NORTH,0,3.2,1017.37,0,0,0,134,,
2022-05-22,07:30,21.4,11.1,52,NORTH,0,3.2,1017.24,0,0,0,186,,
2022-05-22,07:45,21.2,13.9,65,NORTH,0,3.2,1017.31,0,0,0,232,,
2022-05-22,08:00,21.1,12.8,60,NORTH,0,3.2,1017.37,0,0,1,243,,
2022-05-22,08:15,21.7,13.3,60,NORTH,0,1.6,1017.41,0,0,1,329,,
2022-05-22,08:30,22.3,13.9,60,SSE,1.6,3.2,1017.34,0,0,1,383,,
2022-05-22,08:45,22.9,12.8,54,SSE,1.6,3.2,1017.31,0,0,2,431,,
2022-05-22,09:00,23.2,12.2,51,WSW,4.8,8,1017.24,0,0,2,469,,
2022-05-22,09:15,23.8,12.2,49,WNW,3.2,11.3,1017.2,0,0,2,485,,
2022-05-22,09:30,24.4,12.8,49,WNW,3.2,6.4,1017.2,0,0,3,478,,
2022-05-22,09:45,24.8,11.7,44,WNW,6.4,8,1017.2,0,0,3,504,,
2022-05-22,10:00,25.1,11.1,41,NW,8,8,1017.17,0,0,3,582,,
2022-05-22,10:15,25.5,10,38,NW,4.8,11.3,1017.17,0,0,4,687,,
2022-05-22,10:30,26.3,10,36,NW,4.8,12.9,1017.1,0,0,4,742,,
2022-05-22,10:45,26.5,10.6,36,NW,12.9,14.5,1017.1,0,0,4,775,,
2022-05-22,11:00,26.6,11.7,40,WNW,4.8,14.5,1017,0,0,5,807,,
2022-05-22,11:15,26.2,13.9,48,NW,6.4,20.9,1017.1,0,0,5,838,,
2022-05-22,11:30,26.8,14.4,47,WNW,14.5,19.3,1017.14,0,0,6,863,,
2022-05-22,11:45,27.2,13.3,43,WNW,12.9,20.9,1016.93,0,0,6,884,,
2022-05-22,12:00,27.8,11.1,36,WNW,17.7,22.5,1016.9,0,0,6,904,,
2022-05-22,12:15,28.3,8.3,29,WEST,6.4,16.1,1016.86,0,0,6,921,,
2022-05-22,12:30,28.9,6.1,23,ENE,4.8,22.5,1016.53,0,0,7,935,,
2022-05-22,12:45,29.1,4.4,21,WNW,6.4,24.1,1016.42,0,0,7,942,,
2022-05-22,13:00,29.4,3.9,19,WEST,24.1,27.4,1016.42,0,0,7,946,,
2022-05-22,13:15,29.6,2.2,17,NE,8,20.9,1016.36,0,0,7,949,,
2022-05-22,13:30,29.7,2.8,18,SSW,4.8,22.5,1016.15,0,0,7,951,,
2022-05-22,13:45,30.1,2.2,16,NE,3.2,25.7,1016.12,0,0,7,946,,
2022-05-22,14:00,30.3,-0.6,14,WNW,14.5,25.7,1016.02,0,0,7,939,,
2022-05-22,14:15,30.5,-4.4,10,WSW,1.6,29,1016.05,0,0,7,923,,
2022-05-22,14:30,30.8,-4.4,10,ENE,11.3,25.7,1015.82,0,0,6,907,,
2022-05-22,14:45,30.9,2.8,16,WSW,11.3,25.7,1015.65,0,0,6,886,,
2022-05-22,15:00,30.8,1.1,15,ENE,9.7,24.1,1015.65,0,0,6,860,,
2022-05-22,15:15,30.9,-1.7,12,ENE,8,29,1015.51,0,0,6,835,,
2022-05-22,15:30,30.8,-3.9,10,NNW,8,29,1015.34,0,0,5,809,,
2022-05-22,15:45,31,-4.4,9,WNW,19.3,29,1015.21,0,0,5,779,,
2022-05-22,16:00,30.8,-3.3,11,WEST,14.5,25.7,1015.31,0,0,4,744,,
2022-05-22,16:15,30.8,-4.4,10,WNW,17.7,32.2,1014.9,0,0,4,707,,
2022-05-22,16:30,30.6,-3.3,11,WNW,14.5,37,1014.83,0,0,4,666,,
2022-05-22,16:45,30.6,-3.9,10,WEST,14.5,35.4,1014.9,0,0,3,628,,
2022-05-22,17:00,30.2,-5.6,9,WEST,22.5,38.6,1014.97,0,0,3,582,,
2022-05-22,17:15,30.1,-7.8,8,WNW,17.7,38.6,1014.9,0,0,2,536,,
2022-05-22,17:30,29.8,-3.9,11,NNE,12.9,32.2,1014.87,0,0,2,487,,
2022-05-22,17:45,29.5,-3.9,11,WEST,17.7,30.6,1014.8,0,0,2,436,,
2022-05-22,18:00,29.2,-1.1,13,WEST,17.7,29,1014.77,0,0,1,385,,
2022-05-22,18:15,28.9,0,15,WEST,16.1,22.5,1014.77,0,0,1,332,,
2022-05-22,18:30,28.5,2.2,18,WSW,16.1,24.1,1014.83,0,0,1,281,,
2022-05-22,18:45,28.2,2.8,20,WNW,14.5,27.4,1014.73,0,0,1,229,,
2022-05-22,19:00,27.6,3.3,21,WNW,12.9,24.1,1014.7,0,0,0,181,,
2022-05-22,19:15,27.3,3.3,22,WEST,16.1,24.1,1014.63,0,0,0,134,,
2022-05-22,19:30,27.1,3.3,22,WNW,14.5,20.9,1014.53,0,0,0,90,,
2022-05-22,19:45,26.7,4.4,24,WNW,6.4,17.7,1014.6,0,0,0,54,,
2022-05-22,20:00,25.9,6.1,28,WNW,8,16.1,1014.56,0,0,0,32,,
2022-05-22,20:15,25.9,3.3,23,WNW,4.8,22.5,1014.73,0,0,0,18,,
2022-05-22,20:30,25.7,0.6,20,WNW,3.2,12.9,1014.6,0,0,0,0,,
2022-05-22,20:45,24.2,0,20,WSW,3.2,4.8,1014.66,0,0,0,0,,
2022-05-22,21:00,24.5,-0.6,19,SSE,1.6,9.7,1014.56,0,0,0,0,,
2022-05-22,21:15,23.4,2.8,26,SSE,6.4,8,1014.7,0,0,0,0,,
2022-05-22,21:30,22.7,5,32,SSE,4.8,8,1014.9,0,0,0,0,,
2022-05-22,21:45,21.9,6.1,36,SSE,8,9.7,1014.97,0,0,0,0,,
2022-05-22,22:00,22,3.3,30,SSE,3.2,9.7,1014.9,0,0,0,0,,
2022-05-22,22:15,22.3,1.7,26,SSE,8,9.7,1015.07,0,0,0,0,,
2022-05-22,22:30,21.9,5,33,SSE,8,9.7,1015.1,0,0,0,0,,
2022-05-22,22:45,21.1,2.8,30,SSE,3.2,6.4,1015.04,0,0,0,0,,
2022-05-22,23:00,21.2,-0.6,23,SSE,8,9.7,1015.1,0,0,0,0,,
2022-05-22,23:15,21.8,-5,16,SSE,3.2,8,1014.97,0,0,0,0,,
2022-05-22,23:30,22.8,-5,15,SSE,6.4,8,1014.87,0,0,0,0,,
2022-05-22,23:45,21.7,-4.4,17,SSE,3.2,11.3,1014.87,0,0,0,0,,
2022-05-22,OVR,,,,,,,,,,,,gustmax,24.1
2022-05-22,OVR,,,,,,,,,,,,rainrate_max,0
2022-05-22,OVR,,,,,,,,,,,,rain_total_mm,0
2022-05-22,OVR,,,,,,,,,,,,tmax,31.1
2022-05-22,OVR,,,,,,,,,,,,tmin,17.7
2022-05-22,OVR,,,,,,,,,,,,wind_dir_mean_deg,225
2022-05-23,00:00,21.6,-7.2,14,SSE,3.2,4.8,1014.73,0,0,0,0,,
2022-05-23,00:15,21,-3.3,19,SSE,1.6,4.8,1014.6,0,0,0,0,,
2022-05-23,00:30,21.1,-5.6,16,SSE,3.2,4.8,1014.49,0,0,0,0,,
2022-05-23,00:45,21.2,-7.2,14,SSE,3.2,4.8,1014.43,0,0,0,0,,
2022-05-23,01:00,21.1,-10.6,11,SSE,3.2,6.4,1014.26,0,0,0,0,,
2022-05-23,01:15,21.8,-7.2,13,SE,8,8,1014.16,0,0,0,0,,
2022-05-23,01:30,21.8,-7.2,14,ESE,1.6,6.4,1014.09,0,0,0,0,,
2022-05-23,01:45,21.7,-1.7,21,ESE,3.2,6.4,1014.02,0,0,0,0,,
2022-05-23,02:00,21.4,-2.2,20,ESE,4.8,6.4,1013.75,0,0,0,0,,
2022-05-23,02:15,22,-2.8,19,ESE,1.6,6.4,1013.61,0,0,0,0,,
2022-05-23,02:30,21.4,0,24,ESE,3.2,6.4,1013.55,0,0,0,0,,
2022-05-23,02:45,22,1.1,25,NORTH,0,3.2,1013.51,0,0,0,0,,
2022-05-23,03:00,21.6,2.2,28,ESE,3.2,4.8,1013.21,0,0,0,0,,
2022-05-23,03:15,21.3,1.7,28,ESE,3.2,4.8,1013.04,0,0,0,0,,
2022-05-23,03:30,22.3,0.6,23,ESE,1.6,4.8,1013.11,0,0,0,0,,
2022-05-23,03:45,22.5,1.1,25,ESE,4.8,6.4,1013,0,0,0,0,,
2022-05-23,04:00,22,2.2,27,ESE,1.6,6.4,1012.53,0,0,0,0,,
2022-05-23,04:15,21.8,0.6,24,NORTH,0,3.2,1012.53,0,0,0,0,,
2022-05-23,04:30,22.1,-0.6,22,NORTH,0,1.6,1012.33,0,0,0,0,,
2022-05-23,04:45,21.5,-0.6,23,ESE,1.6,4.8,1012.23,0,0,0,0,,
2022-05-23,05:00,21.3,2.2,29,NORTH,0,4.8,1012.02,0,0,0,0,,
2022-05-23,05:15,21.8,2.8,29,NORTH,0,4.8,1012.06,0,0,0,0,,
2022-05-23,05:30,22.1,3.3,30,ESE,1.6,3.2,1011.99,0,0,0,0,,
2022-05-23,05:45,21.9,1.7,26,NORTH,0,3.2,1012.06,0,0,0,0,,
2022-05-23,06:00,21.4,1.7,27,ESE,1.6,3.2,1012.06,0,0,0,0,,
2022-05-23,06:15,20.3,1.7,29,NORTH,0,3.2,1012.16,0,0,0,7,,
2022-05-23,06:30,20.1,1.7,29,NORTH,0,3.2,1012.16,0,0,0,23,,
2022-05-23,06:45,20.6,1.7,28,NORTH,0,1.6,1012.19,0,0,0,49,,
2022-05-23,07:00,20.7,1.7,28,NORTH,0,4.8,1012.26,0,0,0,83,,
2022-05-23,07:15,21.4,5.6,35,SE,6.4,9.7,1012.33,0,0,0,128,,
2022-05-23,07:30,21.6,9.4,47,ESE,19.3,20.9,1012.09,0,0,0,174,,
2022-05-23,07:45,21.7,11.7,53,ESE,16.1,25.7,1012.16,0,0,0,223,,
2022-05-23,08:00,21.9,12.2,55,ESE,12.9,24.1,1012.16,0,0,1,241,,
2022-05-23,08:15,23,11.7,50,ESE,11.3,19.3,1012.33,0,0,1,318,,
2022-05-23,08:30,23.2,13.3,53,ESE,12.9,20.9,1012.26,0,0,1,374,,
2022-05-23,08:45,24.1,11.7,46,ESE,11.3,22.5,1012.39,0,0,1,424,,
2022-05-23,09:00,24.6,10.6,42,SE,17.7,20.9,1012.43,0,0,2,468,,
2022-05-23,09:15,24.6,11.7,44,ESE,16.1,25.7,1012.36,0,0,2,482,,
2022-05-23,09:30,24.8,12.2,46,ESE,19.3,20.9,1012.33,0,0,2,483,,
2022-05-23,09:45,24.6,13.3,50,ESE,12.9,19.3,1012.12,0,0,3,506,,
2022-05-23,10:00,25.6,12.8,45,ESE,14.5,19.3,1012.26,0,0,3,573,,
2022-05-23,10:15,25.9,13.3,46,EAST,9.7,24.1,1012.16,0,0,4,677,,
2022-05-23,10:30,26.2,13.3,45,ESE,16.1,24.1,1012.02,0,0,4,737,,
2022-05-23,10:45,27.1,12.8,41,ESE,20.9,27.4,1011.99,0,0,4,773,,
2022-05-23,11:00,27.3,11.1,37,EAST,14.5,25.7,1012.06,0,0,5,805,,
2022-05-23,11:15,27.9,11.7,36,ESE,16.1,22.5,1012.09,0,0,5,837,,
2022-05-23,11:30,28.4,10.6,33,ESE,12.9,22.5,1012.06,0,0,5,863,,
2022-05-23,11:45,29.1,11.7,34,EAST,12.9,22.5,1011.82,0,0,6,893,,
2022-05-23,12:00,29.3,11.7,33,ESE,9.7,20.9,1011.79,0,0,6,911,,
2022-05-23,12:15,29.7,11.1,32,ESE,6.4,20.9,1011.95,0,0,6,926,,
2022-05-23,12:30,29.9,9.4,28,SE,19.3,24.1,1011.72,0,0,7,942,,
2022-05-23,12:45,30.7,11.1,30,ESE,12.9,20.9,1011.51,0,0,7,951,,
2022-05-23,13:00,30.8,10.6,28,ESE,14.5,24.1,1011.45,0,0,7,958,,
2022-05-23,13:15,30.8,10,28,SE,16.1,30.6,1011.38,0,0,7,958,,
2022-05-23,13:30,30.8,10,28,ESE,16.1,27.4,1011.41,0,0,7,956,,
2022-05-23,13:45,31.4,10.6,28,ESE,12.9,22.5,1011.21,0,0,7,949,,
2022-05-23,14:00,31.2,10.6,28,SE,8,24.1,1011.21,0,0,7,940,,
2022-05-23,14:15,31.6,10.6,27,ESE,17.7,25.7,1010.84,0,0,7,930,,
2022-05-23,14:30,31.6,10,26,ESE,11.3,24.1,1010.9,0,0,6,911,,
2022-05-23,14:45,31.6,10,27,SSE,16.1,27.4,1010.84,0,0,6,889,,
2022-05-23,15:00,31.8,10,27,SE,16.1,22.5,1010.87,0,0,6,863,,
2022-05-23,15:15,32.1,10.6,27,SE,16.1,25.7,1010.94,0,0,6,835,,
2022-05-23,15:30,31.9,11.1,28,SE,20.9,24.1,1010.6,0,0,5,812,,
2022-05-23,15:45,32.1,11.1,27,ESE,11.3,24.1,1010.63,0,0,5,775,,
2022-05-23,16:00,31.9,11.1,28,EAST,12.9,27.4,1010.53,0,0,4,742,,
2022-05-23,16:15,31.9,11.1,28,SE,20.9,27.4,1010.4,0,0,4,705,,
2022-05-23,16:30,31.9,11.7,29,SSE,14.5,24.1,1010.5,0,0,4,666,,
2022-05-23,16:45,31.6,11.7,30,ESE,25.7,27.4,1010.43,0,0,3,626,,
2022-05-23,17:00,31.4,11.1,29,EAST,12.9,25.7,1010.57,0,0,3,585,,
2022-05-23,17:15,31,10,27,SE,17.7,29,1010.57,0,0,2,545,,
2022-05-23,17:30,30.8,11.1,29,SE,17.7,27.4,1010.57,0,0,2,492,,
2022-05-23,17:45,30.2,10.6,30,SE,12.9,29,1010.36,0,0,2,438,,
2022-05-23,18:00,29.7,12.8,35,ESE,17.7,29,1010.3,0,0,1,373,,
2022-05-23,18:15,29.4,11.1,33,ESE,19.3,25.7,1010.36,0,0,1,329,,
2022-05-23,18:30,28.9,11.1,33,SE,12.9,29,1010.06,0,0,1,243,,
2022-05-23,18:45,28.4,10,32,SE,14.5,25.7,1010.02,0,0,1,237,,
2022-05-23,19:00,28.1,10.6,34,SSE,17.7,25.7,1010.16,0,0,0,192,,
2022-05-23,19:15,27.4,9.4,33,SE,19.3,27.4,1010.13,0,0,0,135,,
2022-05-23,19:30,26.7,8.9,33,ESE,17.7,29,1010.02,0,0,0,97,,
2022-05-23,19:45,26.2,8.9,34,ESE,17.7,29,1010.16,0,0,0,60,,
2022-05-23,20:00,25.7,8.9,35,SE,14.5,25.7,1010.36,0,0,0,39,,
2022-05-23,20:15,25.2,8.9,36,ESE,20.9,27.4,1010.26,0,0,0,25,,
2022-05-23,20:30,24.8,8.3,35,ESE,17.7,29,1010.4,0,0,0,9,,
2022-05-23,20:45,24.4,8.3,36,SE,20.9,27.4,1010.26,0,0,0,0,,
2022-05-23,21:00,23.9,8.3,37,SE,25.7,30.6,1010.3,0,0,0,0,,
2022-05-23,21:15,23.3,7.8,37,ESE,29,33.8,1010.4,0,0,0,0,,
2022-05-23,21:30,23,7.2,37,ESE,24.1,32.2,1010.43,0,0,0,0,,
2022-05-23,21:45,22.8,6.7,36,ESE,24.1,33.8,1010.46,0,0,0,0,,
2022-05-23,22:00,22.8,6.7,35,ESE,20.9,32.2,1010.63,0,0,0,0,,
2022-05-23,22:15,22.8,6.7,35,SE,20.9,30.6,1010.87,0,0,0,0,,
2022-05-23,22:30,22.1,7.8,41,ESE,25.7,27.4,1010.8,0,0,0,0,,
2022-05-23,22:45,21.6,10,48,SE,11.3,29,1011.01,0,0,0,0,,
2022-05-23,23:00,20.7,12.2,58,SE,17.7,22.5,1011.01,0,0,0,0,,
2022-05-23,23:15,20.3,13.9,66,ESE,17.7,24.1,1010.84,0,0,0,0,,
2022-05-23,23:30,20.2,14.4,70,SE,14.5,27.4,1011.04,0,0,0,0,,
2022-05-23,23:45,19.9,14.4,73,ESE,17.7,25.7,1011.01,0,0,0,0,,
2022-05-23,OVR,,,,,,,,,,,,gustmax,29
2022-05-23,OVR,,,,,,,,,,,,rainrate_max,0
2022-05-23,OVR,,,,,,,,,,,,rain_total_mm,0
2022-05-23,OVR,,,,,,,,,,,,tmax,32.4
2022-05-23,OVR,,,,,,,,,,,,tmin,19.7
2022-05-23,OVR,,,,,,,,,,,,wind_dir_mean_deg,112.5
2022-05-24,00:00,19.7,15,74,SE,16.1,27.4,1010.94,0,0,0,0,,
2022-05-24,00:15,19.7,15.6,77,ESE,8,24.1,1011.11,0,0,0,0,,
2022-05-24,00:30,19.7,16.1,80,ESE,9.7,20.9,1011.01,0,0,0,0,,
2022-05-24,00:45,19.6,16.1,81,ESE,8,19.3,1011.04,0,0,0,0,,
2022-05-24,01:00,19.4,16.1,82,ESE,12.9,20.9,1010.94,0,0,0,0,,
2022-05-24,01:15,19.2,16.1,82,NORTH,0,4.8,1011.18,0,0,0,0,,
2022-05-24,01:30,18,14.4,80,SE,3.2,4.8,1010.97,0,0,0,0,,
2022-05-24,01:45,17.9,12.8,74,ESE,3.2,6.4,1010.63,0,0,0,0,,
2022-05-24,02:00,19.1,12.2,66,NORTH,0,8,1010.63,0,0,0,0,,
2022-05-24,02:15,18.4,12.8,70,ENE,1.6,3.2,1010.67,0,0,0,0,,
2022-05-24,02:30,17.6,12.2,72,NORTH,0,1.6,1010.53,0,0,0,0,,
2022-05-24,02:45,17,12.2,75,EAST,3.2,6.4,1010.36,0,0,0,0,,
2022-05-24,03:00,17.3,12.8,75,NORTH,0,4.8,1010.57,0,0,0,0,,
2022-05-24,03:15,17.3,12.2,74,NORTH,0,3.2,1010.67,0,0,0,0,,
2022-05-24,03:30,16.9,12.8,77,NORTH,0,1.6,1010.6,0,0,0,0,,
2022-05-24,03:45,17.1,13.3,79,NORTH,0,3.2,1010.74,0,0,0,0,,
2022-05-24,04:00,17.3,13.9,81,NORTH,0,3.2,1010.7,0,0,0,0,,
2022-05-24,04:15,17.3,13.9,82,NORTH,0,4.8,1010.57,0,0,0,0,,
2022-05-24,04:30,17.1,14.4,85,NORTH,0,3.2,1010.5,0,0,0,0,,
2022-05-24,04:45,16.9,14.4,88,NE,1.6,3.2,1010.46,0,0,0,0,,
2022-05-24,05:00,16.7,14.4,89,NE,3.2,4.8,1010.26,0,0,0,0,,
2022-05-24,05:15,17.1,15,90,NE,1.6,3.2,1010.46,0,0,0,0,,
2022-05-24,05:30,16.8,15,90,,1.6,8,1010.26,0,0,0,0,,
2022-05-24,05:45,16.8,15,90,,1.6,4.8,1010.13,0,0,0,0,,
2022-05-24,06:00,16.7,15,91,,1.6,4.8,1010.16,0,0,0,0,,
2022-05-24,06:15,16.8,15,91,,1.6,4.8,1010.4,0,0,0,9,,
2022-05-24,06:30,16.1,14.4,91,,3.2,6.4,1010.19,0,0,0,23,,
2022-05-24,06:45,16.2,14.4,92,NNW,4.8,9.7,1010.33,0,0,0,47,,
2022-05-24,07:00,16.4,15,91,NNW,1.6,4.8,1010.46,0,0,0,76,,
2022-05-24,07:15,16.8,15,91,NNW,4.8,9.7,1010.5,0,0,0,130,,
2022-05-24,07:30,17.3,15.6,90,NNW,12.9,8,1010.7,0,0,0,178,,
2022-05-24,07:45,17.6,15.6,89,NW,8,9.7,1011.11,0,0,0,185,,
2022-05-24,08:00,18.1,16.1,89,NW,6.4,12.9,1011.07,0,0,1,229,,
2022-05-24,08:15,18.9,16.7,88,WNW,3.2,25.7,1011.04,0,0,1,330,,
2022-05-24,08:30,19.3,16.7,86,NW,9.7,19.3,1011.07,0,0,1,376,,
2022-05-24,08:45,19.6,16.7,85,WEST,16.1,24.1,1010.87,0,0,1,424,,
2022-05-24,09:00,20.1,16.7,83,WNW,11.3,20.9,1011.04,0,0,2,457,,
2022-05-24,09:15,20.3,17.2,82,WEST,12.9,22.5,1011.11,0,0,2,480,,
2022-05-24,09:30,20.7,17.2,80,WNW,14.5,22.5,1011.14,0,0,2,471,,
2022-05-24,09:45,21.3,17.2,80,NW,6.4,14.5,1010.87,0,0,3,482,,
2022-05-24,10:00,21.8,17.8,78,NW,12.9,12.9,1010.9,0,0,3,563,,
2022-05-24,10:30,22.8,17.2,73,WEST,9.7,16.1,1010.9,0,0,4,751,,
2022-05-24,10:45,23.1,17.8,72,WNW,16.1,19.3,1011.07,0,0,4,780,,
2022-05-24,11:00,23.3,17.8,71,WNW,3.2,16.1,1011.04,0,0,4,552,,
2022-05-24,11:15,23.5,17.8,70,WNW,11.3,22.5,1011.04,0,0,5,837,,
2022-05-24,11:30,24,17.2,67,WEST,19.3,20.9,1011.18,0,0,5,853,,
2022-05-24,11:45,24.2,17.2,66,WEST,6.4,17.7,1011.38,0,0,6,949,,
2022-05-24,12:00,24.5,16.7,62,WEST,6.4,20.9,1011.14,0,0,3,429,,
2022-05-24,12:15,24.9,16.1,60,WNW,12.9,22.5,1011.04,0,0,7,1046,,
2022-05-24,12:30,25.6,15,52,WNW,20.9,24.1,1010.97,0,0,7,1035,,
2022-05-24,12:45,26.1,16.1,55,NE,6.4,24.1,1010.87,0,0,7,953,,
2022-05-24,13:00,26.1,16.7,57,WNW,11.3,25.7,1010.7,0,0,7,932,,
2022-05-24,13:15,26.6,17.8,59,WSW,6.4,19.3,1010.46,0,0,7,940,,
2022-05-24,13:30,26.3,16.7,57,WEST,14.5,24.1,1010.4,0,0,7,988,,
2022-05-24,13:45,27,17.2,55,WNW,3.2,22.5,1010.33,0,0,7,1028,,
2022-05-24,14:00,27.3,15.6,48,SW,1.6,24.1,1010.13,0,0,7,916,,
2022-05-24,14:15,27.9,15,45,WNW,8,16.1,1010.13,0,0,7,900,,
2022-05-24,14:30,27.9,15,45,NW,11.3,19.3,1009.75,0,0,6,881,,
2022-05-24,14:45,28.2,12.8,39,WNW,8,29,1009.72,0,0,6,867,,
2022-05-24,15:00,28.6,12.2,37,WEST,9.7,25.7,1009.75,0,0,6,844,,
2022-05-24,15:15,28.7,13.3,40,WNW,8,19.3,1009.79,0,0,6,816,,
2022-05-24,15:30,28.7,13.9,40,WEST,6.4,22.5,1010.02,0,0,5,777,,
2022-05-24,15:45,28.8,13.9,41,WEST,16.1,25.7,1009.82,0,0,5,745,,
2022-05-24,16:00,28.5,15,44,WEST,22.5,29,1009.79,0,0,4,717,,
2022-05-24,16:15,27.9,13.9,43,NW,8,25.7,1009.69,0,0,4,686,,
2022-05-24,16:30,27.9,14.4,45,WEST,17.7,19.3,1009.72,0,0,4,657,,
2022-05-24,16:45,28.1,14.4,43,WEST,12.9,24.1,1009.72,0,0,3,628,,
2022-05-24,17:00,27.9,13.9,42,WNW,8,22.5,1009.58,0,0,3,568,,
2022-05-24,17:15,27.8,11.7,37,WNW,6.4,22.5,1009.35,0,0,2,522,,
2022-05-24,17:30,27.6,15,46,WNW,16.1,24.1,1009.45,0,0,2,471,,
2022-05-24,17:45,26.8,16.1,52,WEST,19.3,24.1,1009.38,0,0,2,420,,
2022-05-24,18:00,26.4,16.1,54,WEST,14.5,24.1,1009.58,0,0,1,367,,
2022-05-24,18:15,25.7,17.2,60,WNW,11.3,20.9,1009.38,0,0,1,318,,
2022-05-24,18:30,25.6,17.2,61,WEST,4.8,17.7,1009.28,0,0,1,276,,
2022-05-24,18:45,25.3,17.2,61,WNW,6.4,16.1,1009.28,0,0,1,195,,
2022-05-24,19:00,25.2,17.8,63,NW,6.4,17.7,1009.35,0,0,0,171,,
2022-05-24,19:15,24.3,17.8,66,WNW,11.3,14.5,1009.35,0,0,0,128,,
2022-05-24,19:30,24.2,17.2,66,WNW,1.6,12.9,1009.31,0,0,0,93,,
2022-05-24,19:45,23.6,17.2,69,WNW,1.6,12.9,1009.41,0,0,0,56,,
2022-05-24,20:00,22.7,17.2,72,NW,9.7,14.5,1009.55,0,0,0,42,,
2022-05-24,20:15,22.3,17.2,73,WNW,1.6,12.9,1009.75,0,0,0,28,,
2022-05-24,20:30,21.8,17.2,75,WNW,11.3,6.4,1009.82,0,0,0,12,,
2022-05-24,20:45,21.3,17.2,78,NORTH,0,12.9,1009.89,0,0,0,0,,
2022-05-24,21:00,21.2,17.2,78,NORTH,0,8,1009.92,0,0,0,0,,
2022-05-24,21:15,20.7,17.2,81,NORTH,0,1.6,1010.53,0,0,0,0,,
2022-05-24,21:30,20.4,17.2,82,WEST,1.6,9.7,1010.57,0,0,0,0,,
2022-05-24,21:45,20.2,16.7,82,NORTH,0,3.2,1010.87,0,0,0,0,,
2022-05-24,22:00,19.6,16.1,82,WSW,1.6,4.8,1010.87,0,0,0,0,,
2022-05-24,22:15,19.7,16.1,80,WSW,1.6,6.4,1010.9,0,0,0,0,,
2022-05-24,22:30,19.5,15.6,79,WSW,3.2,6.4,1011.24,0,0,0,0,,
2022-05-24,22:45,20.6,16.7,78,SE,4.8,11.3,1011.28,0,0,0,0,,
2022-05-24,23:00,20.5,16.7,79,SE,3.2,8,1011.24,0,0,0,0,,
2022-05-24,23:15,19.9,16.1,80,NORTH,0,3.2,1011.51,0,0,0,0,,
2022-05-24,23:30,19.3,16.1,83,SE,1.6,3.2,1011.51,0,0,0,0,,
2022-05-24,23:45,19.1,16.7,86,SE,4.8,8,1011.45,0,0,0,0,,
2022-05-24,OVR,,,,,,,,,,,,gustmax,22.5
2022-05-24,OVR,,,,,,,,,,,,rainrate_max,0
2022-05-24,OVR,,,,,,,,,,,,rain_total_mm,0
2022-05-24,OVR,,,,,,,,,,,,tmax,28.9
2022-05-24,OVR,,,,,,,,,,,,tmin,16
2022-05-24,OVR,,,,,,,,,,,,wind_dir_mean_deg,0
2022-05-25,00:00,19.6,16.7,85,SE,6.4,8,1011.28,0,0,0,0,,
2022-05-25,00:15,19.6,16.7,86,SE,11.3,12.9,1011.14,0,0,0,0,,
2022-05-25,00:30,19.6,17.2,87,ESE,8,12.9,1011.14,0,0,0,0,,
2022-05-25,00:45,19.7,17.2,86,ESE,6.4,12.9,1010.94,0,0,0,0,,
2022-05-25,01:00,19.4,17.2,87,ESE,6.4,14.5,1010.57,0,0,0,0,,
2022-05-25,01:15,19.4,17.2,88,ESE,6.4,17.7,1010.36,0,0,0,0,,
2022-05-25,01:30,18.9,16.7,89,ESE,4.8,6.4,1010.53,0,0,0,0,,
2022-05-25,01:45,18.8,16.7,90,ESE,3.2,9.7,1010.53,0,0,0,0,,
2022-05-25,02:00,18.6,16.7,90,NORTH,0,3.2,1010.46,0,0,0,0,,
2022-05-25,02:15,18.4,16.7,91,NORTH,0,3.2,1010.63,0,0,0,0,,
2022-05-25,02:30,18.4,16.7,92,ESE,3.2,9.7,1010.74,0,0,0,0,,
2022-05-25,02:45,18.4,17.2,93,SE,6.4,12.9,1010.6,0,0,0,0,,
2022-05-25,03:00,18.3,17.2,93,SSE,12.9,22.5,1010.4,0,0,0,0,,
2022-05-25,03:15,18.1,16.7,94,ESE,3.2,20.9,1010.36,0,0,0,0,,
2022-05-25,03:45,17.9,16.7,94,NORTH,0,22.5,1010.63,0,0,0,0,,
2022-05-25,04:00,17.9,16.7,94,ESE,9.7,11.3,1010.77,0,0,0,0,,
2022-05-25,04:15,17.8,16.7,95,SE,6.4,16.1,1010.97,0,0,0,0,,
2022-05-25,04:30,17.8,16.7,95,NNE,1.6,17.7,1010.97,0,0,0,0,,
2022-05-25,04:45,17.8,16.7,95,ESE,9.7,16.1,1011.04,0,0,0,0,,
2022-05-25,05:00,17.8,16.7,95,EAST,8,19.3,1010.84,0,0,0,0,,
2022-05-25,05:15,17.7,16.7,95,EAST,4.8,19.3,1010.8,0,0,0,0,,
2022-05-25,05:30,17.6,16.7,95,ESE,1.6,12.9,1010.67,0,0,0,0,,
2022-05-25,05:45,17.7,16.7,95,EAST,3.2,11.3,1010.74,0,0,0,0,,
2022-05-25,06:00,17.6,16.7,95,NNE,3.2,11.3,1010.8,0,0,0,0,,
2022-05-25,06:15,17.4,16.7,95,NORTH,12.9,14.5,1010.7,0,0,0,0,,
2022-05-25,06:30,17.3,16.7,95,NORTH,6.4,14.5,1010.63,0,0,0,16,,
2022-05-25,06:45,17.2,16.1,95,NNE,6.4,12.9,1010.43,0,0,0,30,,
2022-05-25,07:00,17.2,16.1,95,NORTH,3.2,6.4,1010.57,0,0,0,37,,
2022-05-25,07:15,17.2,16.1,96,NORTH,1.6,6.4,1010.5,0,0,0,100,,
2022-05-25,07:30,17.4,16.7,96,NORTH,1.6,3.2,1010.57,0,0,0,172,,
2022-05-25,07:45,17.5,16.7,95,NORTH,1.6,4.8,1010.57,0,0,0,160,,
2022-05-25,08:00,17.6,16.7,96,NORTH,1.6,6.4,1010.63,0,0,1,246,,
2022-05-25,08:15,18.4,17.2,94,NORTH,0,4.8,1010.63,0,0,1,311,,
2022-05-25,08:30,20.5,17.2,82,NORTH,0,0,1010.97,0,0,1,380,,
2022-05-25,08:45,21.6,16.1,72,NNW,3.2,8,1011.07,0,0,2,425,,
2022-05-25,09:00,22.3,17.2,75,NNW,1.6,4.8,1011.41,0,0,2,469,,
2022-05-25,09:15,22.6,17.2,72,NNW,6.4,6.4,1011.62,0,0,2,485,,
2022-05-25,09:30,23.2,17.2,70,NNW,1.6,4.8,1011.92,0,0,2,496,,
2022-05-25,09:45,24.4,15,57,NORTH,0,4.8,1012.29,0,0,3,512,,
2022-05-25,10:00,24.5,17.8,67,SE,6.4,12.9,1012.53,0,0,3,557,,
2022-05-25,10:15,24.4,15.6,58,SE,1.6,14.5,1012.6,0,0,4,657,,
2022-05-25,10:30,24.9,16.7,60,SE,8,14.5,1012.84,0,0,4,737,,
2022-05-25,10:45,25.2,15,54,SSE,4.8,14.5,1012.84,0,0,4,775,,
2022-05-25,11:00,25.7,13.3,47,SOUTH,6.4,12.9,1013.11,0,0,5,858,,
2022-05-25,11:15,26.2,13.3,45,SSE,1.6,17.7,1013.38,0,0,5,923,,
2022-05-25,11:30,26.2,12.8,43,SOUTH,1.6,9.7,1013.17,0,0,3,986,,
2022-05-25,11:45,27.1,12.8,41,SOUTH,6.4,17.7,1013.17,0,0,6,1030,,
2022-05-25,12:00,26.9,12.8,42,ESE,6.4,17.7,1013.55,0,0,6,988,,
2022-05-25,12:15,27.3,13.3,43,SOUTH,6.4,16.1,1013.51,0,0,4,353,,
2022-05-25,12:30,27.3,12.8,41,SOUTH,1.6,11.3,1013.65,0,0,6,990,,
2022-05-25,12:45,27.6,13.9,43,SE,8,16.1,1013.58,0,0,6,958,,
2022-05-25,13:00,27.3,15.6,49,WNW,22.5,41.8,1013.48,0,0,6,896,,
2022-05-25,13:15,26.9,15.6,51,WNW,16.1,30.6,1013.41,0,0,6,889,,
2022-05-25,13:30,27.1,15,48,WNW,12.9,27.4,1013.51,0,0,6,877,,
2022-05-25,13:45,27.1,16.7,54,WNW,25.7,38.6,1013.85,0,0,6,930,,
2022-05-25,14:00,25.3,17.2,61,WEST,22.5,37,1013.95,0,0,1,107,,
2022-05-25,14:15,24.2,17.2,67,WEST,20.9,40.2,1013.99,0,0,3,424,,
2022-05-25,14:30,24.4,17.2,65,WNW,24.1,33.8,1013.92,0,0,3,394,,
2022-05-25,14:45,25.1,17.2,62,WNW,14.5,24.1,1014.05,0,0,3,341,,
2022-05-25,15:00,25.6,17.2,60,NW,20.9,38.6,1013.99,0,0,5,853,,
2022-05-25,15:15,26.3,17.2,57,WEST,19.3,27.4,1013.82,0,0,5,763,,
2022-05-25,15:30,25.1,17.8,64,WEST,22.5,40.2,1013.55,0,0,2,218,,
2022-05-25,15:45,24.6,17.8,66,WNW,25.7,38.6,1013.61,0,0,2,369,,
2022-05-25,16:00,24.3,18.3,70,WEST,9.7,30.6,1013.58,0,0,4,469,,
2022-05-25,16:15,25.1,18.3,68,WNW,16.1,22.5,1013.61,0,0,4,700,,
2022-05-25,16:30,24.6,18.3,68,NNE,6.4,27.4,1013.95,0,0,3,566,,
2022-05-25,16:45,24.8,17.8,64,ENE,20.9,40.2,1014.29,0,0,2,287,,
2022-05-25,17:00,23.9,16.7,65,WNW,17.7,48.3,1014.39,0,0,1,232,,
2022-05-25,17:15,23.2,16.7,68,ENE,22.5,45.1,1014.73,0,0,1,121,,
2022-05-25,17:30,22.2,17.2,74,WEST,27.4,40.2,1014.97,0,0,0,88,,
2022-05-25,17:45,21.5,17.8,79,WNW,41.8,43.5,1015.44,0,0,0,118,,
2022-05-25,18:00,20.8,17.8,82,WEST,32.2,48.3,1015.88,0,0,0,91,,
2022-05-25,18:15,20.6,17.8,84,WNW,14.5,46.7,1015.54,0,0,0,104,,
2022-05-25,18:30,20.3,17.2,84,WNW,22.5,35.4,1015.61,0,0,0,91,,
2022-05-25,18:45,20.2,17.2,85,WEST,14.5,24.1,1015.68,0,0,0,42,,
2022-05-25,19:00,20,17.2,85,WEST,11.3,20.9,1015.61,0,0,0,25,,
2022-05-25,19:15,20.1,17.2,86,WNW,3.2,14.5,1016.12,0,0,0,11,,
2022-05-25,19:30,19.8,16.7,84,SSW,4.8,6.4,1016.86,0,0,0,9,,
2022-05-25,19:45,19.3,16.7,86,ESE,11.3,14.5,1017.1,0,0,0,19,,
2022-05-25,20:00,19,16.1,86,ESE,6.4,12.9,1017.2,0,0,0,16,,
2022-05-25,20:15,19.1,14.4,74,SE,8,12.9,1017.64,0,0,0,7,,
2022-05-25,20:30,19.7,15.6,78,WNW,8,17.7,1017.98,0,0,0,0,,
2022-05-25,20:45,19.3,16.7,85,NORTH,0,6.4,1018.05,0,0,0,0,,
2022-05-25,21:00,19,16.7,89,SOUTH,4.8,6.4,1017.68,0,0,0,0,,
2022-05-25,21:15,18.9,16.7,88,SOUTH,3.2,6.4,1017.85,0,0,0,0,,
2022-05-25,21:30,19,16.7,86,SOUTH,1.6,3.2,1017.58,0,0,0,0,,
2022-05-25,21:45,18.6,16.1,86,EAST,6.4,11.3,1018.05,0,0,0,0,,
2022-05-25,22:00,18.2,15.6,86,ESE,4.8,9.7,1017.95,0,0,0,0,,
2022-05-25,22:15,18.4,15,80,ESE,6.4,12.9,1018.08,0,0,0,0,,
2022-05-25,22:30,18.9,15,78,NORTH,0,6.4,1018.46,0,0,0,0,,
2022-05-25,22:45,18.3,15,82,ESE,3.2,3.2,1018.76,0,0,0,0,,
2022-05-25,23:00,17.9,15,83,ESE,3.2,6.4,1018.22,0,0,0,0,,
2022-05-25,23:15,18.1,15.6,86,ESE,3.2,4.8,1018.52,0,0,0,0,,
2022-05-25,23:30,18.3,16.1,88,ESE,1.6,4.8,1018.25,0,0,0,0,,
2022-05-25,23:45,17.9,16.1,89,ESE,1.6,4.8,1018.02,0,0,0,0,,
2022-05-25,OVR,,,,,,,,,,,,gustmax,41.8
2022-05-25,OVR,,,,,,,,,,,,rainrate_max,0
2022-05-25,OVR,,,,,,,,,,,,rain_total_mm,0
2022-05-25,OVR,,,,,,,,,,,,tmax,28.1
2022-05-25,OVR,,,,,,,,,,,,tmin,17.1
2022-05-25,OVR,,,,,,,,,,,,wind_dir_mean_deg,112.5
2022-05-26,00:00,18.6,16.7,89,,8,8,1018.08,0,0,0,0,,
2022-05-26,00:15,18.8,16.7,89,,3.2,6.4,1018.86,0,0,0,0,,
2022-05-26,00:30,18.8,17.2,90,WNW,16.1,14.5,1018.66,0.25,0.25,0,0,,
2022-05-26,00:45,18.4,16.7,91,NW,9.7,14.5,1018.35,0.51,0.51,0,0,,
2022-05-26,01:00,18.2,16.7,92,NW,4.8,14.5,1017.95,0.51,0.51,0,0,,
2022-05-26,01:15,18.1,16.7,93,NW,6.4,12.9,1017.44,0.51,0.51,0,0,,
2022-05-26,01:30,18,16.7,93,WNW,20.9,24.1,1018.02,0.51,0.51,0,0,,
2022-05-26,01:45,18,16.7,93,WNW,6.4,12.9,1017.95,0.76,0.51,0,0,,
2022-05-26,02:00,18.2,16.7,92,NW,12.9,16.1,1017.2,0.76,0.25,0,0,,
2022-05-26,02:15,18.3,16.7,91,NW,1.6,4.8,1018.29,0.76,0.25,0,0,,
2022-05-26,02:30,18.4,16.7,90,NORTH,0,6.4,1018.19,0.76,0.25,0,0,,
2022-05-26,02:45,18.4,16.7,90,NW,4.8,8,1017.58,0.76,0,0,0,,
2022-05-26,03:00,18.1,16.1,90,NW,6.4,17.7,1017.17,0.76,0,0,0,,
2022-05-26,03:15,17.9,16.1,91,NORTH,0,8,1018.32,0.76,0,0,0,,
2022-05-26,03:30,18.1,16.1,89,NNW,12.9,19.3,1017.88,0.76,0,0,0,,
2022-05-26,03:45,17.9,16.1,89,WNW,1.6,16.1,1018.15,1.02,0.25,0,0,,
2022-05-26,04:00,17.6,15.6,90,NNW,8,9.7,1017.24,1.02,0.25,0,0,,
2022-05-26,04:15,17.7,15.6,88,NW,1.6,8,1017.64,1.02,0.25,0,0,,
2022-05-26,04:30,17.6,15.6,88,NW,1.6,8,1017.98,1.02,0.25,0,0,,
2022-05-26,04:45,17.4,15,88,NW,4.8,4.8,1017.71,1.02,0,0,0,,
2022-05-26,05:00,17.2,15,88,NORTH,8,12.9,1017.14,1.02,0,0,0,,
2022-05-26,05:15,17.3,15,88,NORTH,4.8,12.9,1017.31,1.02,0,0,0,,
2022-05-26,05:30,17.5,15,87,NORTH,3.2,12.9,1017.2,1.02,0,0,0,,
2022-05-26,05:45,17.8,15,85,NNE,1.6,6.4,1017.88,1.02,0,0,0,,
2022-05-26,06:00,16.9,14.4,88,NNE,3.2,4.8,1017.75,1.02,0,0,0,,
2022-05-26,06:15,17.3,15,86,NNE,1.6,4.8,1017.81,1.02,0,0,0,,
2022-05-26,06:30,17,14.4,87,NNE,6.4,8,1017.27,1.02,0,0,12,,
2022-05-26,06:45,17,14.4,87,NORTH,0,4.8,1018.02,1.02,0,0,18,,
2022-05-26,07:00,16.7,14.4,89,NNE,1.6,4.8,1017.98,1.02,0,0,30,,
2022-05-26,07:15,17.1,14.4,87,NORTH,0,8,1018.15,1.02,0,0,33,,
2022-05-26,07:30,17.5,14.4,84,ENE,1.6,3.2,1017.98,1.02,0,0,65,,
2022-05-26,07:45,17.9,15,84,NORTH,0,6.4,1018.25,1.02,0,0,139,,
2022-05-26,08:00,18.4,14.4,80,EAST,4.8,12.9,1018.12,1.02,0,0,113,,
2022-05-26,08:15,18.9,15,78,EAST,9.7,12.9,1018.35,1.02,0,0,135,,
2022-05-26,08:30,19.4,14.4,75,ESE,4.8,9.7,1018.42,1.02,0,1,202,,
2022-05-26,08:45,19.8,15.6,78,EAST,6.4,9.7,1018.46,1.02,0,1,250,,
2022-05-26,09:00,19.9,16.1,79,EAST,8,16.1,1018.22,1.02,0,0,127,,
2022-05-26,09:15,20.1,16.7,81,NORTH,8,14.5,1017.85,1.02,0,1,234,,
2022-05-26,09:30,20.5,17.2,81,,8,16.1,1017.44,1.02,0,2,362,,
2022-05-26,09:45,20.9,16.7,79,,6.4,12.9,1017.44,1.02,0,2,339,,
2022-05-26,10:00,21.9,16.7,74,,8,9.7,1017.64,1.02,0,3,666,,
2022-05-26,10:15,21.2,17.2,78,WNW,6.4,17.7,1017.58,1.02,0,2,668,,
2022-05-26,10:30,21.6,17.2,77,WNW,8,16.1,1017.54,1.02,0,1,262,,
2022-05-26,10:45,20.7,17.2,80,NW,9.7,20.9,1017.75,1.02,0,1,167,,
2022-05-26,11:00,20.1,16.7,82,WNW,9.7,19.3,1017.44,1.02,0,1,167,,
2022-05-26,11:15,20.2,16.7,82,WNW,12.9,17.7,1017.1,1.02,0,0,67,,
2022-05-26,11:30,19.9,17.2,85,WNW,3.2,14.5,1017.34,1.02,0,1,149,,
2022-05-26,11:45,20.1,17.2,86,NORTH,1.6,17.7,1017.51,1.02,0,2,250,,
2022-05-26,12:00,20.5,17.2,82,WEST,9.7,22.5,1017.78,1.02,0,2,287,,
2022-05-26,12:15,20.9,17.2,80,WEST,3.2,22.5,1018.05,1.02,0,3,503,,
2022-05-26,12:30,22.4,17.2,74,WEST,14.5,16.1,1018.12,1.02,0,3,441,,
2022-05-26,12:45,22.9,17.8,73,WEST,14.5,22.5,1017.88,1.02,0,6,731,,
2022-05-26,13:00,22.8,17.8,73,WEST,12.9,29,1017.71,1.02,0,6,911,,
2022-05-26,13:15,23.4,17.8,71,NNE,6.4,24.1,1017.75,1.02,0,6,986,,
2022-05-26,13:30,23.6,17.2,68,WEST,1.6,17.7,1017.81,1.02,0,6,1032,,
2022-05-26,13:45,23.6,17.2,68,WSW,1.6,17.7,1017.58,1.02,0,6,1007,,
2022-05-26,14:00,24.3,17.2,65,SOUTH,1.6,17.7,1017.81,1.02,0,4,376,,
2022-05-26,14:15,24.9,15,55,SE,12.9,25.7,1017.51,1.02,0,5,489,,
2022-05-26,14:30,25.6,15.6,55,ESE,16.1,22.5,1017.27,1.02,0,3,399,,
2022-05-26,14:45,25.1,16.1,58,SE,16.1,29,1017.1,1.02,0,6,907,,
2022-05-26,15:00,25.4,14.4,51,NE,9.7,27.4,1016.86,1.02,0,3,399,,
2022-05-26,15:15,25,14.4,52,ESE,17.7,25.7,1016.53,1.02,0,2,323,,
2022-05-26,15:30,25.4,14.4,51,SE,6.4,20.9,1017.2,1.02,0,5,865,,
2022-05-26,15:45,24.9,14.4,52,ESE,6.4,24.1,1017,1.02,0,2,350,,
2022-05-26,16:00,24.4,14.4,54,EAST,11.3,25.7,1016.93,1.02,0,2,262,,
2022-05-26,16:15,24.1,14.4,55,ESE,11.3,22.5,1017.2,1.02,0,1,174,,
2022-05-26,16:30,23.8,13.9,55,ENE,16.1,29,1016.66,1.02,0,1,102,,
2022-05-26,16:45,23.4,13.9,56,ESE,6.4,22.5,1016.86,1.02,0,0,69,,
2022-05-26,17:00,23.2,13.9,57,ENE,16.1,19.3,1016.59,1.02,0,0,39,,
2022-05-26,17:15,22.7,13.9,59,EAST,12.9,37,1016.56,1.02,0,0,37,,
2022-05-26,17:30,22.5,14.4,60,SE,6.4,14.5,1016.63,1.02,0,0,51,,
2022-05-26,17:45,22.4,14.4,60,ESE,4.8,14.5,1016.76,1.02,0,0,32,,
2022-05-26,18:00,22.2,14.4,62,EAST,6.4,16.1,1017.31,1.02,0,0,12,,
2022-05-26,18:15,21.6,14.4,65,NE,16.1,24.1,1015.85,1.02,0,0,9,,
2022-05-26,18:30,21.3,14.4,66,SOUTH,3.2,19.3,1016.12,1.02,0,0,32,,
2022-05-26,18:45,19.9,16.1,80,ENE,6.4,17.7,1015.98,1.02,0,0,11,,
2022-05-26,19:00,19.4,17.2,87,WEST,16.1,43.5,1015.61,1.02,0,0,37,,
2022-05-26,19:15,19.1,17.2,90,ENE,6.4,27.4,1017.1,1.02,0,0,18,,
2022-05-26,19:30,18.7,17.2,91,WEST,6.4,14.5,1017.34,1.02,0,0,0,,
2022-05-26,19:45,18.7,17.2,91,WNW,16.1,22.5,1016.59,1.02,0,0,0,,
2022-05-26,20:00,18.6,17.2,92,WNW,4.8,12.9,1016.93,1.02,0,0,0,,
2022-05-26,20:15,18.6,17.2,92,WNW,12.9,30.6,1017.03,1.02,0,0,0,,
2022-05-26,20:30,18.7,17.2,93,WEST,9.7,25.7,1016.86,1.02,0,0,0,,
2022-05-26,20:45,18.7,17.2,93,WNW,12.9,20.9,1016.86,1.02,0,0,0,,
2022-05-26,21:00,18.6,17.2,93,WNW,1.6,12.9,1016.7,1.27,0.25,0,0,,
2022-05-26,21:15,18.3,17.2,93,WNW,1.6,4.8,1015.98,1.27,0.25,0,0,,
2022-05-26,21:30,18.1,16.7,93,ESE,3.2,11.3,1017.03,1.27,0.25,0,0,,
2022-05-26,21:45,18,16.7,92,SSE,6.4,12.9,1017.68,1.27,0.25,0,0,,
2022-05-26,22:00,18.4,17.2,93,NORTH,0,11.3,1018.35,1.27,0,0,0,,
2022-05-26,22:15,18.2,16.7,93,ESE,6.4,32.2,1017.88,1.52,0.25,0,0,,
2022-05-26,22:30,18.2,17.2,94,NORTH,0,16.1,1018.42,1.52,0.51,0,0,,
2022-05-26,22:45,18.2,17.2,94,SE,8,12.9,1018.96,1.52,0.51,0,0,,
2022-05-26,23:00,18.1,16.7,94,WEST,19.3,16.1,1018.35,1.78,0.51,0,0,,
2022-05-26,23:15,18.2,17.2,94,NNW,8,11.3,1018.93,2.03,0.51,0,0,,
2022-05-26,23:30,17.9,16.7,94,NW,16.1,29,1016.29,2.29,0.76,0,0,,
2022-05-26,23:45,17.7,16.7,94,NW,14.5,19.3,1016.29,2.29,0.76,0,0,,
2022-05-26,OVR,,,,,,,,,,,,gustmax,20.9
2022-05-26,OVR,,,,,,,,,,,,rainrate_max,1.8
2022-05-26,OVR,,,,,,,,,,,,rain_total_mm,2.4
2022-05-26,OVR,,,,,,,,,,,,tmax,26.1
2022-05-26,OVR,,,,,,,,,,,,tmin,16.6
2022-05-26,OVR,,,,,,,,,,,,wind_dir_mean_deg,337.5
2022-05-27,00:00,17.3,16.1,94,WNW,4.8,14.5,1017.61,0,0.51,0,0,,
2022-05-27,00:15,17.4,16.1,94,NW,8,14.5,1017.24,0.51,0.51,0,0,,
2022-05-27,00:30,17.4,16.1,93,,6.4,14.5,1016.73,0.51,0.51,0,0,,
2022-05-27,00:45,17.6,16.1,93,NNW,14.5,16.1,1016.53,0.51,0.51,0,0,,
2022-05-27,01:00,17.7,16.1,92,NNW,3.2,6.4,1017.34,0.51,0.51,0,0,,
2022-05-27,01:15,17.9,16.1,90,NNW,6.4,12.9,1016.93,0.51,0,0,0,,
2022-05-27,01:30,17.8,16.1,90,NORTH,1.6,9.7,1016.86,0.51,0,0,0,,
2022-05-27,01:45,18,16.1,90,NORTH,0,6.4,1017.51,0.51,0,0,0,,
2022-05-27,02:00,17.7,16.1,91,SW,4.8,19.3,1017.54,0.51,0,0,0,,
2022-05-27,02:15,17.3,15.6,91,NORTH,0,12.9,1017,0.51,0,0,0,,
2022-05-27,02:30,17.2,15.6,91,NNW,9.7,19.3,1015.58,0.51,0,0,0,,
2022-05-27,02:45,17.5,15,86,EAST,6.4,17.7,1016.29,0.51,0,0,0,,
2022-05-27,03:00,18.1,15.6,86,EAST,11.3,17.7,1015.88,0.51,0,0,0,,
2022-05-27,03:15,17.8,15.6,88,ENE,9.7,20.9,1015.24,0.51,0,0,0,,
2022-05-27,03:30,18.2,15.6,86,ENE,9.7,12.9,1015.34,0.51,0,0,0,,
2022-05-27,03:45,18.7,15.6,82,EAST,1.6,4.8,1015.14,0.51,0,0,0,,
2022-05-27,04:00,17.1,15,88,ESE,1.6,6.4,1014.83,0.51,0,0,0,,
2022-05-27,04:15,16.8,15,89,WNW,1.6,12.9,1014.46,0.51,0,0,0,,
2022-05-27,04:30,16.7,14.4,88,NORTH,0,1.6,1014.97,0.51,0,0,0,,
2022-05-27,04:45,16.8,14.4,87,WSW,4.8,14.5,1014.66,0.51,0,0,0,,
2022-05-27,05:00,16.1,13.9,89,SW,3.2,12.9,1014.83,0.51,0.25,0,0,,
2022-05-27,05:15,15.9,13.9,90,NORTH,1.6,12.9,1014.22,0.51,0.25,0,0,,
2022-05-27,05:30,15.9,14.4,91,EAST,1.6,8,1014.6,0.76,0.51,0,0,,
2022-05-27,05:45,16.3,15,92,ENE,9.7,12.9,1014.63,0.76,0.51,0,0,,
2022-05-27,06:00,16.9,15,89,EAST,12.9,17.7,1014.26,1.02,0.51,0,0,,
2022-05-27,06:15,16.9,15,90,EAST,3.2,20.9,1013.99,1.27,0.51,0,0,,
2022-05-27,06:30,17.3,15,88,ENE,6.4,14.5,1013.72,1.27,0.51,0,0,,
2022-05-27,06:45,17.4,15,88,ESE,4.8,9.7,1013.75,1.27,0.51,0,11,,
2022-05-27,07:00,17.2,15,89,EAST,6.4,9.7,1013.58,1.27,0.25,0,28,,
2022-05-27,07:15,17.3,15,88,EAST,3.2,3.2,1013.85,1.27,0,0,35,,
2022-05-27,07:30,16.9,15,90,EAST,3.2,3.2,1013.85,1.27,0,0,56,,
2022-05-27,07:45,16.8,15,92,ESE,3.2,6.4,1013.88,1.27,0,0,79,,
2022-05-27,08:00,17.1,15.6,92,ESE,1.6,6.4,1013.92,1.27,0,0,120,,
2022-05-27,08:15,18.3,16.1,89,ESE,4.8,9.7,1013.99,1.27,0,0,123,,
2022-05-27,08:30,17.8,15.6,88,SSE,6.4,16.1,1013.85,1.27,0,1,167,,
2022-05-27,08:45,17.6,15.6,90,SE,6.4,9.7,1013.99,1.27,0,1,206,,
2022-05-27,09:00,18.1,16.1,90,SE,4.8,14.5,1014.26,1.27,0,2,526,,
2022-05-27,09:15,18.9,16.7,86,SE,4.8,14.5,1014.39,1.27,0,1,279,,
2022-05-27,09:30,19.7,16.7,84,SSE,11.3,8,1014.6,1.27,0,2,501,,
2022-05-27,09:45,19.9,16.7,81,SSE,3.2,17.7,1014.43,1.27,0,2,445,,
2022-05-27,10:00,20.3,16.7,81,SSE,6.4,11.3,1014.49,1.27,0,2,454,,
2022-05-27,10:15,20.4,16.7,80,SOUTH,3.2,6.4,1014.77,1.27,0,3,745,,
2022-05-27,10:30,20.7,16.7,78,SSE,9.7,12.9,1014.53,1.27,0,4,438,,
2022-05-27,10:45,21.4,17.2,77,SSE,8,12.9,1014.53,1.27,0,4,912,,
2022-05-27,11:00,21.4,16.7,75,SSE,8,12.9,1014.7,1.27,0,3,357,,
2022-05-27,11:15,21.7,16.7,74,SSW,1.6,11.3,1014.56,1.27,0,5,881,,
2022-05-27,11:30,22.1,16.7,72,WEST,4.8,11.3,1014.6,1.27,0,3,947,,
2022-05-27,11:45,22.7,16.7,70,NNW,4.8,11.3,1014.33,1.27,0,4,918,,
2022-05-27,12:00,23,15.6,65,ESE,3.2,8,1014.39,1.27,0,6,359,,
2022-05-27,12:15,23.7,15.6,62,ENE,6.4,14.5,1014.26,1.27,0,6,990,,
2022-05-27,12:30,24.1,16.7,64,NNE,6.4,14.5,1013.95,1.27,0,6,1042,,
2022-05-27,12:45,24,17.2,67,WSW,4.8,20.9,1013.58,1.27,0,6,1106,,
2022-05-27,13:00,24.1,17.8,69,WSW,3.2,16.1,1013.55,1.27,0,3,315,,
2022-05-27,13:15,23.6,18.3,73,WEST,11.3,27.4,1013.24,1.27,0,6,1005,,
2022-05-27,13:30,23.6,17.8,71,WNW,32.2,40.2,1013.38,1.27,0,3,251,,
2022-05-27,13:45,23.7,17.8,71,WEST,19.3,35.4,1013.17,1.27,0,5,366,,
2022-05-27,14:00,23.4,17.8,73,WEST,22.5,43.5,1013.14,1.27,0,6,976,,
2022-05-27,14:15,23.1,17.8,73,WEST,25.7,32.2,1013.24,1.27,0,6,914,,
2022-05-27,14:30,23.3,17.8,71,WEST,17.7,41.8,1013.17,1.27,0,5,923,,
2022-05-27,14:45,23.1,17.2,71,WEST,24.1,40.2,1013.31,1.27,0,3,406,,
2022-05-27,15:00,22.6,17.2,72,EAST,14.5,40.2,1013.07,1.27,0,1,172,,
2022-05-27,15:15,21.7,16.7,74,WEST,29,38.6,1013.17,1.27,0,1,72,,
2022-05-27,15:30,21.3,16.7,75,WEST,16.1,38.6,1013.11,1.27,0,2,396,,
2022-05-27,15:45,21.9,17.2,75,ENE,17.7,32.2,1013,1.27,0,4,322,,
2022-05-27,16:00,22.3,17.2,73,WNW,12.9,40.2,1012.73,1.27,0,3,306,,
2022-05-27,16:15,22.7,16.7,70,WEST,14.5,37,1012.46,1.27,0,3,731,,
2022-05-27,16:30,22.6,16.7,70,WNW,16.1,32.2,1012.39,1.27,0,2,380,,
2022-05-27,16:45,22.3,16.1,70,WEST,16.1,37,1012.36,1.27,0,1,267,,
2022-05-27,17:00,22.4,16.7,71,NW,8,45.1,1012.26,1.27,0,2,624,,
2022-05-27,17:15,22.7,17.2,71,WNW,17.7,29,1011.99,1.27,0,1,221,,
2022-05-27,17:30,22.3,17.2,73,WNW,27.4,32.2,1011.82,1.27,0,2,564,,
2022-05-27,17:45,22.1,16.7,72,WEST,6.4,32.2,1011.99,1.27,0,1,176,,
2022-05-27,18:00,22.1,16.7,72,WEST,14.5,30.6,1011.72,1.27,0,1,251,,
2022-05-27,18:15,22,17.2,74,WNW,3.2,33.8,1011.65,1.27,0,1,330,,
2022-05-27,18:30,21.8,17.2,75,ENE,17.7,30.6,1011.45,1.27,0,1,274,,
2022-05-27,18:45,21.7,17.2,75,WEST,19.3,32.2,1011.51,1.27,0,1,230,,
2022-05-27,19:00,21.7,16.7,75,WNW,6.4,27.4,1011.55,1.27,0,0,176,,
2022-05-27,19:15,21.3,16.7,75,WEST,14.5,24.1,1011.72,1.27,0,0,134,,
2022-05-27,19:30,21.3,16.7,75,WNW,14.5,24.1,1011.62,1.27,0,0,97,,
2022-05-27,19:45,21.1,16.7,76,WEST,9.7,24.1,1011.65,1.27,0,0,56,,
2022-05-27,20:00,20.8,16.7,78,WEST,16.1,17.7,1011.65,1.27,0,0,32,,
2022-05-27,20:15,20.4,16.7,79,WNW,3.2,17.7,1011.68,1.27,0,0,19,,
2022-05-27,20:30,20.1,16.7,81,WSW,3.2,4.8,1011.68,1.27,0,0,9,,
2022-05-27,20:45,19.7,16.7,83,NORTH,0,9.7,1011.82,1.27,0,0,0,,
2022-05-27,21:00,19.2,16.7,86,NORTH,0,3.2,1011.79,1.27,0,0,0,,
2022-05-27,21:15,18.9,16.7,88,WSW,1.6,6.4,1012.06,1.27,0,0,0,,
2022-05-27,21:30,18.8,16.7,89,WEST,1.6,6.4,1012.02,1.27,0,0,0,,
2022-05-27,21:45,18.6,16.7,90,NORTH,0,3.2,1012.16,1.27,0,0,0,,
2022-05-27,22:00,18.3,16.7,90,NORTH,0,1.6,1012.26,1.27,0,0,0,,
2022-05-27,22:15,18.3,16.7,90,WEST,1.6,3.2,1012.33,1.27,0,0,0,,
2022-05-27,22:30,17.9,16.1,90,WEST,3.2,3.2,1012.36,1.27,0,0,0,,
2022-05-27,22:45,17.6,16.1,91,WEST,1.6,3.2,1012.23,1.27,0,0,0,,
2022-05-27,23:00,17.4,16.1,92,WEST,1.6,3.2,1012.23,1.27,0,0,0,,
2022-05-27,23:15,17.2,15.6,91,NORTH,0,3.2,1012.39,1.27,0,0,0,,
2022-05-27,23:30,17.3,15.6,92,WEST,3.2,3.2,1012.26,1.27,0,0,0,,
2022-05-27,23:45,17,15.6,93,WEST,1.6,3.2,1012.36,1.27,0,0,0,,
2022-05-27,OVR,,,,,,,,,,,,gustmax,32.2
2022-05-27,OVR,,,,,,,,,,,,rainrate_max,4.6
2022-05-27,OVR,,,,,,,,,,,,rain_total_mm,1.2
2022-05-27,OVR,,,,,,,,,,,,tmax,24.4
2022-05-27,OVR,,,,,,,,,,,,tmin,15.8
2022-05-27,OVR,,,,,,,,,,,,wind_dir_mean_deg,292.5
2022-05-28,00:00,17.1,15.6,92,NORTH,0,4.8,1012.26,0,0,0,0,,
2022-05-28,00:15,17.3,15.6,92,WNW,3.2,4.8,1012.12,0,0,0,0,,
2022-05-28,00:30,17.7,16.1,91,EAST,8,8,1012.06,0,0,0,0,,
2022-05-28,00:45,17.7,16.1,90,EAST,4.8,9.7,1011.82,0,0,0,0,,
2022-05-28,01:00,17.4,15.6,90,EAST,4.8,6.4,1011.51,0,0,0,0,,
2022-05-28,01:15,17.7,16.1,90,NORTH,0,4.8,1011.72,0,0,0,0,,
2022-05-28,01:30,17.2,15.6,90,NORTH,0,3.2,1011.24,0,0,0,0,,
2022-05-28,01:45,16.7,15,91,NORTH,0,3.2,1011.14,0,0,0,0,,
2022-05-28,02:00,16.4,15,92,EAST,1.6,4.8,1011.18,0,0,0,0,,
2022-05-28,02:15,16.4,15,93,NORTH,0,3.2,1011.18,0,0,0,0,,
2022-05-28,02:30,16.6,15,93,EAST,3.2,3.2,1010.84,0,0,0,0,,
2022-05-28,02:45,16.4,15,93,EAST,3.2,4.8,1010.53,0,0,0,0,,
2022-05-28,03:00,16.4,15,94,EAST,3.2,6.4,1010.13,0,0,0,0,,
2022-05-28,03:15,16.7,15.6,94,EAST,1.6,6.4,1009.82,0,0,0,0,,
2022-05-28,03:30,16.4,15,93,EAST,1.6,3.2,1009.82,0,0,0,0,,
2022-05-28,03:45,16.6,15,93,NORTH,0,3.2,1009.52,0,0,0,0,,
2022-05-28,04:00,16.3,15,93,EAST,1.6,3.2,1009.41,0,0,0,0,,
2022-05-28,04:15,16.3,15,94,EAST,3.2,3.2,1009.14,0,0,0,0,,
2022-05-28,04:30,16.7,15.6,94,EAST,1.6,3.2,1009.08,0,0,0,0,,
2022-05-28,04:45,16.7,15.6,94,NORTH,0,4.8,1009.25,0,0,0,0,,
2022-05-28,05:00,16.6,15.6,93,EAST,3.2,3.2,1009.14,0,0,0,0,,
2022-05-28,05:15,16.9,15.6,93,,4.8,6.4,1008.97,0,0,0,0,,
2022-05-28,05:30,17.1,15.6,93,NW,8,12.9,1008.97,0,0,0,0,,
2022-05-28,05:45,16.3,15,93,NW,4.8,6.4,1009.04,0,0,0,0,,
2022-05-28,06:00,16.3,15,94,NW,1.6,6.4,1008.94,0,0,0,0,,
2022-05-28,06:15,16.3,15,94,NORTH,0,4.8,1008.77,0,0,0,16,,
2022-05-28,06:30,16.8,15.6,95,NW,3.2,4.8,1009.28,0,0,0,26,,
2022-05-28,06:45,17.2,16.1,94,NW,3.2,6.4,1009.21,0,0,0,42,,
2022-05-28,07:00,17.4,16.1,94,NW,6.4,12.9,1009.31,0,0,0,79,,
2022-05-28,07:15,17.5,16.7,94,NW,3.2,4.8,1009.18,0,0,0,102,,
2022-05-28,07:30,17.6,16.7,94,NORTH,0,3.2,1008.6,0,0,0,149,,
2022-05-28,07:45,17.7,16.7,94,NW,6.4,11.3,1008.97,0,0,0,134,,
2022-05-28,08:00,17.7,16.7,94,NW,4.8,11.3,1009.04,0,0,0,130,,
2022-05-28,08:15,18,16.7,94,NW,4.8,16.1,1008.97,0,0,0,121,,
2022-05-28,08:30,18.2,17.2,94,NW,8,12.9,1008.84,0,0,1,214,,
2022-05-28,08:45,18.3,17.2,94,WNW,6.4,14.5,1008.81,0,0,1,255,,
2022-05-28,09:00,18.7,17.2,93,WNW,3.2,17.7,1008.7,0,0,1,406,,
2022-05-28,09:15,19.2,17.8,92,NW,4.8,9.7,1008.67,0,0,1,243,,
2022-05-28,09:30,19.4,17.8,91,NW,4.8,9.7,1008.7,0,0,1,155,,
2022-05-28,09:45,19.8,17.8,90,WSW,6.4,20.9,1008.74,0,0,2,346,,
2022-05-28,10:00,20.7,18.3,86,WEST,12.9,22.5,1008.74,0,0,3,531,,
2022-05-28,10:15,20.8,18.3,87,WNW,12.9,20.9,1008.6,0,0,3,649,,
2022-05-28,10:30,21.6,18.9,85,WNW,9.7,25.7,1008.7,0,0,3,636,,
2022-05-28,10:45,22.2,18.9,82,NW,16.1,25.7,1008.6,0,0,3,628,,
2022-05-28,11:00,22.9,18.9,78,WNW,19.3,27.4,1008.47,0,0,3,385,,
2022-05-28,11:15,23.8,18.3,72,WEST,19.3,30.6,1008.43,0,0,4,721,,
2022-05-28,11:30,24.9,18.3,68,WEST,19.3,29,1008.47,0,0,5,826,,
2022-05-28,11:45,25.6,18.3,66,WEST,19.3,33.8,1008.6,0,0,5,837,,
2022-05-28,12:00,25.6,18.3,66,ENE,20.9,38.6,1008.47,0,0,5,856,,
2022-05-28,12:15,25.7,18.9,67,NW,12.9,38.6,1008.5,0,0,5,868,,
2022-05-28,12:30,25.6,18.9,67,WNW,17.7,45.1,1008.53,0,0,5,898,,
2022-05-28,12:45,25.9,18.9,67,WEST,30.6,45.1,1008.47,0,0,6,896,,
2022-05-28,13:00,26.6,19.4,65,WSW,11.3,46.7,1008.47,0,0,6,916,,
2022-05-28,13:15,26.3,20,68,WEST,43.5,49.9,1008.57,0,0,6,921,,
2022-05-28,13:30,25.9,19.4,69,WNW,35.4,46.7,1008.7,0,0,6,909,,
2022-05-28,13:45,25.9,19.4,69,WNW,38.6,54.7,1008.5,0,0,6,925,,
2022-05-28,14:00,26.1,20,69,WEST,22.5,49.9,1008.23,0,0,6,896,,
2022-05-28,14:15,25.6,20,72,WNW,24.1,41.8,1008.3,0,0,6,879,,
2022-05-28,14:30,25.2,19.4,72,WEST,25.7,46.7,1008.2,0,0,4,192,,
2022-05-28,14:45,24.1,19.4,76,WSW,19.3,46.7,1008.36,0,0,2,190,,
2022-05-28,15:00,22.9,18.9,80,WNW,14.5,41.8,1008.3,0,0,1,134,,
2022-05-28,15:15,22.3,18.9,82,WNW,24.1,32.2,1008.67,0,0,0,77,,
2022-05-28,15:30,21.6,18.3,83,WEST,25.7,32.2,1008.74,0,0,0,69,,
2022-05-28,15:45,21.1,18.3,85,WEST,19.3,38.6,1008.5,0,0,0,69,,
2022-05-28,16:00,20.7,18.3,86,WEST,24.1,43.5,1008.6,0,0,0,53,,
2022-05-28,16:15,20.2,17.8,87,WEST,16.1,38.6,1008.6,0,0,0,51,,
2022-05-28,16:30,20.3,17.8,88,WEST,35.4,41.8,1008.94,0,0,0,58,,
2022-05-28,16:45,20.3,17.8,87,WEST,25.7,51.5,1008.5,0,0,0,83,,
2022-05-28,17:00,20.2,17.8,87,WEST,33.8,38.6,1009.01,0,0,0,70,,
2022-05-28,17:15,20.2,17.2,86,WNW,19.3,46.7,1008.97,0,0,0,171,,
2022-05-28,17:30,20.8,17.8,84,WEST,24.1,48.3,1008.84,0,0,1,297,,
2022-05-28,17:45,21.8,17.8,79,WEST,30.6,45.1,1008.57,0,0,2,548,,
2022-05-28,18:00,21.1,17.2,80,WEST,22.5,56.3,1008.53,0,0,1,445,,
2022-05-28,18:15,20.3,17.2,82,WNW,20.9,41.8,1008.74,0,0,1,139,,
2022-05-28,18:30,19.8,16.7,83,WEST,20.9,45.1,1008.77,0,0,1,181,,
2022-05-28,18:45,19.8,16.7,83,WEST,35.4,53.1,1008.64,0,0,1,338,,
2022-05-28,19:00,19.7,16.7,82,WEST,29,48.3,1008.74,0,0,0,199,,
2022-05-28,19:15,19.1,16.1,82,WNW,43.5,51.5,1009.11,0,0,0,146,,
2022-05-28,19:30,18.9,15.6,83,WNW,20.9,46.7,1009.28,0,0,0,107,,
2022-05-28,19:45,18.6,15.6,83,EAST,19.3,46.7,1009.25,0,0,0,67,,
2022-05-28,20:00,18.4,15.6,83,WEST,32.2,53.1,1009.35,0,0,0,42,,
2022-05-28,20:15,18.2,15.6,84,WNW,27.4,45.1,1009.45,0,0,0,28,,
2022-05-28,20:30,18.1,15,84,WEST,30.6,49.9,1009.28,0,0,0,11,,
2022-05-28,20:45,17.9,15,85,WEST,25.7,48.3,1009.31,0,0,0,0,,
2022-05-28,21:00,17.7,15,85,WNW,22.5,40.2,1009.31,0,0,0,0,,
2022-05-28,21:15,17.6,15,85,WNW,30.6,41.8,1009.28,0,0,0,0,,
2022-05-28,21:30,17.5,15,85,WEST,37,40.2,1009.48,0,0,0,0,,
2022-05-28,21:45,17.3,14.4,85,NW,16.1,37,1009.72,0,0,0,0,,
2022-05-28,22:00,17.2,14.4,86,WNW,19.3,25.7,1009.69,0,0,0,0,,
2022-05-28,22:15,16.8,14.4,86,NW,14.5,29,1009.82,0,0,0,0,,
2022-05-28,22:30,16.8,14.4,87,NW,8,17.7,1009.79,0,0,0,0,,
2022-05-28,22:45,16.9,14.4,87,WNW,11.3,17.7,1009.96,0,0,0,0,,
2022-05-28,23:00,16.9,14.4,87,NW,9.7,17.7,1010.23,0,0,0,0,,
2022-05-28,23:15,16.9,14.4,87,NW,8,16.1,1010.3,0,0,0,0,,
2022-05-28,23:30,16.9,14.4,86,WNW,12.9,16.1,1009.92,0,0,0,0,,
2022-05-28,23:45,17,14.4,86,NW,8,16.1,1010.13,0,0,0,0,,
2022-05-28,OVR,,,,,,,,,,,,gustmax,43.5
2022-05-28,OVR,,,,,,,,,,,,rainrate_max,0
2022-05-28,OVR,,,,,,,,,,,,rain_total_mm,0
2022-05-28,OVR,,,,,,,,,,,,tmax,26.6
2022-05-28,OVR,,,,,,,,,,,,tmin,16.1
2022-05-28,OVR,,,,,,,,,,,,wind_dir_mean_deg,292.5
2022-05-29,00:00,16.9,14.4,88,NW,9.7,19.3,1010.23,0,0,0,0,,
2022-05-29,00:15,16.9,15,88,NNW,12.9,20.9,1009.99,0,0,0,0,,
2022-05-29,00:30,17.1,15,89,WNW,8,20.9,1009.99,0,0,0,0,,
2022-05-29,00:45,17.1,15,90,NW,11.3,17.7,1009.72,0,0,0,0,,
2022-05-29,01:00,17.1,15.6,90,WNW,17.7,24.1,1009.69,0,0,0,0,,
2022-05-29,01:15,17.1,15.6,91,NW,16.1,35.4,1009.45,0,0,0,0,,
2022-05-29,01:30,17,15.6,91,WNW,20.9,27.4,1009.38,0,0,0,0,,
2022-05-29,01:45,17,15.6,92,WNW,16.1,29,1009.11,0,0,0,0,,
2022-05-29,02:00,17,15.6,92,WNW,20.9,33.8,1009.08,0,0,0,0,,
2022-05-29,02:15,16.9,15.6,92,WNW,20.9,41.8,1008.97,0,0,0,0,,
2022-05-29,02:30,17,15.6,92,WNW,27.4,40.2,1008.84,0,0,0,0,,
2022-05-29,02:45,17.1,15.6,92,WNW,27.4,37,1008.81,0,0,0,0,,
2022-05-29,03:00,17.1,15.6,92,WNW,22.5,32.2,1008.53,0,0,0,0,,
2022-05-29,03:15,17,15.6,92,WNW,14.5,27.4,1008.7,0,0,0,0,,
2022-05-29,03:30,17,15.6,92,WNW,19.3,27.4,1008.67,0,0,0,0,,
2022-05-29,03:45,16.9,15.6,92,WEST,20.9,25.7,1008.57,0,0,0,0,,
2022-05-29,04:00,17.1,15.6,91,NW,20.9,25.7,1008.47,0,0,0,0,,
2022-05-29,04:15,17.1,15.6,91,WNW,12.9,22.5,1008.3,0,0,0,0,,
2022-05-29,04:30,17.1,15.6,91,WNW,11.3,22.5,1008.3,0,0,0,0,,
2022-05-29,04:45,17.1,15.6,91,NW,8,17.7,1008.2,0,0,0,0,,
2022-05-29,05:00,17,15.6,91,WNW,8,24.1,1008.03,0,0,0,0,,
2022-05-29,05:15,17.1,15.6,90,WNW,16.1,17.7,1008.06,0,0,0,0,,
2022-05-29,05:30,17.4,15,88,WNW,16.1,30.6,1008.09,0,0,0,0,,
2022-05-29,05:45,17.7,15,87,WNW,14.5,24.1,1008.13,0,0,0,0,,
2022-05-29,06:00,17.5,15,87,WEST,14.5,16.1,1007.92,0,0,0,0,,
2022-05-29,06:15,17.4,15,88,WEST,19.3,22.5,1008.2,0,0,0,9,,
2022-05-29,06:30,17.6,15.6,88,NW,12.9,25.7,1007.86,0,0,0,33,,
2022-05-29,06:45,17.7,15.6,89,WEST,20.9,25.7,1007.96,0,0,0,69,,
2022-05-29,07:00,17.8,15.6,89,WNW,17.7,24.1,1007.86,0,0,0,95,,
2022-05-29,07:15,17.9,16.1,88,WNW,12.9,22.5,1007.86,0,0,0,162,,
2022-05-29,07:30,18.1,15.6,88,WNW,14.5,25.7,1007.92,0,0,0,214,,
2022-05-29,07:45,18.3,16.1,87,WNW,11.3,25.7,1007.89,0,0,0,260,,
2022-05-29,08:00,18.7,15.6,84,WEST,20.9,30.6,1007.86,0,0,1,299,,
2022-05-29,08:15,19.1,15.6,82,ESE,17.7,29,1007.76,0,0,1,292,,
2022-05-29,08:30,19.3,15.6,80,WEST,29,38.6,1007.92,0,0,1,408,,
2022-05-29,08:45,19.7,15,75,WNW,19.3,37,1007.96,0,0,1,455,,
2022-05-29,09:00,20.4,13.3,64,WNW,12.9,41.8,1007.82,0,0,2,501,,
2022-05-29,09:15,21.3,11.7,55,NW,22.5,37,1007.96,0,0,2,515,,
2022-05-29,09:30,21.8,11.1,51,WEST,32.2,37,1007.79,0,0,2,503,,
2022-05-29,09:45,22,10.6,49,NE,19.3,53.1,1007.82,0,0,3,496,,
2022-05-29,10:00,22.3,11.1,49,NORTH,27.4,53.1,1007.76,0,0,3,545,,
2022-05-29,10:15,22.2,10.6,47,WNW,32.2,56.3,1007.69,0,0,3,671,,
2022-05-29,10:30,22.2,10.6,48,WEST,48.3,56.3,1007.92,0,0,4,763,,
2022-05-29,10:45,22.2,11.1,50,WEST,40.2,51.5,1007.62,0,0,4,796,,
2022-05-29,11:00,22.3,10.6,49,WEST,38.6,57.9,1007.89,0,0,4,828,,
2022-05-29,11:15,22.6,11.1,48,WEST,22.5,53.1,1008.03,0,0,5,851,,
2022-05-29,11:30,22.9,11.7,49,WEST,35.4,46.7,1007.89,0,0,5,870,,
2022-05-29,11:45,22.6,11.1,48,WNW,27.4,53.1,1007.82,0,0,5,893,,
2022-05-29,12:00,22.8,11.7,51,WEST,27.4,57.9,1007.82,0,0,6,918,,
2022-05-29,12:15,22.8,11.7,51,WEST,33.8,57.9,1007.55,0,0,6,933,,
2022-05-29,12:30,23.3,11.1,47,WEST,43.5,43.5,1007.92,0,0,6,944,,
2022-05-29,12:45,22.9,11.7,49,WEST,43.5,54.7,1007.76,0,0,6,951,,
2022-05-29,13:00,23,10.6,47,WEST,17.7,57.9,1007.86,0,0,6,956,,
2022-05-29,13:15,23.2,11.1,47,WEST,45.1,54.7,1008.13,0,0,6,953,,
2022-05-29,13:30,23.1,11.7,50,WNW,32.2,53.1,1008.23,0,0,6,947,,
2022-05-29,13:45,23.1,12.2,51,WEST,24.1,51.5,1008.23,0,0,6,937,,
2022-05-29,14:00,22.7,11.7,50,WNW,35.4,57.9,1008.26,0,0,6,926,,
2022-05-29,14:15,22.9,12.2,51,WEST,25.7,51.5,1008.5,0,0,6,916,,
2022-05-29,14:30,23,12.2,51,EAST,29,41.8,1008.53,0,0,6,902,,
2022-05-29,14:45,22.9,12.2,51,WNW,24.1,43.5,1008.47,0,0,6,882,,
2022-05-29,15:00,23.2,11.7,49,WNW,29,40.2,1008.53,0,0,5,860,,
2022-05-29,15:15,23.3,12.2,50,ESE,24.1,45.1,1008.43,0,0,5,831,,
2022-05-29,15:30,22.9,12.2,52,WEST,17.7,38.6,1008.47,0,0,5,803,,
2022-05-29,15:45,22.8,12.2,51,WNW,37,45.1,1008.47,0,0,4,772,,
2022-05-29,16:00,22.9,12.2,51,WNW,20.9,43.5,1008.57,0,0,4,738,,
2022-05-29,16:15,22.9,12.2,51,WNW,32.2,38.6,1008.64,0,0,4,700,,
2022-05-29,16:30,22.6,12.2,53,SE,17.7,40.2,1008.53,0,0,3,661,,
2022-05-29,16:45,22.3,12.8,55,WNW,25.7,45.1,1008.53,0,0,3,624,,
2022-05-29,17:00,22.5,12.2,53,WNW,25.7,38.6,1008.77,0,0,3,582,,
2022-05-29,17:15,22.2,12.2,54,WNW,16.1,43.5,1008.7,0,0,2,543,,
2022-05-29,17:30,22.2,12.8,55,WEST,25.7,33.8,1008.74,0,0,2,496,,
2022-05-29,17:45,22.2,12.2,53,NW,17.7,40.2,1008.6,0,0,2,448,,
2022-05-29,18:00,21.8,11.1,50,WEST,25.7,43.5,1008.74,0,0,1,396,,
2022-05-29,18:15,21.7,12.2,55,WEST,20.9,38.6,1008.53,0,0,1,346,,
2022-05-29,18:30,21.5,12.2,55,WNW,17.7,38.6,1008.36,0,0,1,299,,
2022-05-29,18:45,21.6,11.7,53,WNW,30.6,33.8,1008.6,0,0,1,250,,
2022-05-29,19:00,21.2,11.1,53,WNW,24.1,38.6,1008.84,0,0,0,200,,
2022-05-29,19:15,20.9,12.2,59,WEST,25.7,40.2,1008.94,0,0,0,149,,
2022-05-29,19:30,20.5,12.2,60,WEST,14.5,32.2,1009.01,0,0,0,104,,
2022-05-29,19:45,20.2,12.8,63,WNW,17.7,32.2,1008.94,0,0,0,69,,
2022-05-29,20:00,20,13.3,65,WNW,27.4,27.4,1008.94,0,0,0,32,,
2022-05-29,20:15,19.8,13.3,67,WEST,9.7,22.5,1009.01,0,0,0,21,,
2022-05-29,20:30,19.4,13.3,69,WNW,14.5,22.5,1009.18,0,0,0,11,,
2022-05-29,20:45,18.9,13.3,71,WNW,8,19.3,1009.04,0,0,0,0,,
2022-05-29,21:00,18.6,12.8,71,WNW,11.3,14.5,1009.08,0,0,0,0,,
2022-05-29,21:15,18.4,12.8,70,WNW,3.2,11.3,1009.14,0,0,0,0,,
2022-05-29,21:30,17.4,12.2,72,WNW,1.6,4.8,1009.38,0,0,0,0,,
2022-05-29,21:45,17.2,11.7,71,WNW,4.8,6.4,1009.38,0,0,0,0,,
2022-05-29,22:00,18.2,10,60,NORTH,4.8,6.4,1009.48,0,0,0,0,,
2022-05-29,22:15,18.9,7.2,48,NORTH,3.2,6.4,1009.82,0,0,0,0,,
2022-05-29,22:30,19.1,5.6,41,NORTH,3.2,6.4,1009.92,0,0,0,0,,
2022-05-29,22:45,18.8,5,40,NORTH,3.2,4.8,1009.82,0,0,0,0,,
2022-05-29,23:00,17.9,5.6,44,NORTH,3.2,4.8,1010.02,0,0,0,0,,
2022-05-29,23:15,18,5,43,NNE,4.8,6.4,1009.75,0,0,0,0,,
2022-05-29,23:30,18.3,5.6,43,NE,6.4,8,1009.82,0,0,0,0,,
2022-05-29,23:45,18.6,5,41,NE,3.2,6.4,1009.69,0,0,0,0,,
2022-05-29,OVR,,,,,,,,,,,,gustmax,48.3
2022-05-29,OVR,,,,,,,,,,,,rainrate_max,0
2022-05-29,OVR,,,,,,,,,,,,rain_total_mm,0
2022-05-29,OVR,,,,,,,,,,,,tmax,23.4
2022-05-29,OVR,,,,,,,,,,,,tmin,16.8
2022-05-29,OVR,,,,,,,,,,,,wind_dir_mean_deg,292.5
2022-05-30,00:00,18.2,6.1,46,NE,4.8,6.4,1009.72,0,0,0,0,,
2022-05-30,00:15,18.2,6.1,46,ENE,4.8,8,1009.75,0,0,0,0,,
2022-05-30,00:30,17.6,6.7,49,ENE,3.2,6.4,1009.69,0,0,0,0,,
2022-05-30,00:45,18.1,7.2,50,EAST,4.8,11.3,1009.69,0,0,0,0,,
2022-05-30,01:00,17.9,6.7,48,EAST,4.8,6.4,1009.58,0,0,0,0,,
2022-05-30,01:15,17.2,6.7,51,EAST,4.8,4.8,1009.52,0,0,0,0,,
2022-05-30,01:30,17.7,6.7,49,EAST,8,8,1009.65,0,0,0,0,,
2022-05-30,01:45,17.6,6.7,49,EAST,3.2,4.8,1009.89,0,0,0,0,,
2022-05-30,02:00,17.5,6.7,49,EAST,3.2,4.8,1009.79,0,0,0,0,,
2022-05-30,02:15,17.7,6.1,48,EAST,4.8,8,1009.65,0,0,0,0,,
2022-05-30,02:30,18.1,6.7,47,EAST,4.8,6.4,1009.72,0,0,0,0,,
2022-05-30,02:45,18.1,6.7,48,EAST,3.2,8,1009.65,0,0,0,0,,
2022-05-30,03:00,17.8,6.7,48,EAST,4.8,6.4,1009.65,0,0,0,0,,
2022-05-30,03:15,17.1,7.2,52,EAST,3.2,6.4,1009.55,0,0,0,0,,
2022-05-30,03:30,17.6,7.2,52,EAST,4.8,4.8,1009.38,0,0,0,0,,
2022-05-30,03:45,16.7,7.8,55,EAST,3.2,4.8,1009.41,0,0,0,0,,
2022-05-30,04:00,18.6,5.6,44,EAST,3.2,6.4,1009.14,0,0,0,0,,
2022-05-30,04:15,18.7,5.6,42,EAST,4.8,4.8,1009.04,0,0,0,0,,
2022-05-30,04:30,19.1,5.6,41,EAST,3.2,4.8,1009.14,0,0,0,0,,
2022-05-30,04:45,17.7,5.6,46,EAST,3.2,4.8,1009.25,0,0,0,0,,
2022-05-30,05:00,17.6,6.1,47,ESE,4.8,12.9,1009.11,0,0,0,0,,
2022-05-30,05:15,17.1,6.1,49,ESE,4.8,9.7,1009.11,0,0,0,0,,
2022-05-30,05:30,18.3,5.6,44,ESE,4.8,6.4,1009.11,0,0,0,0,,
2022-05-30,05:45,18.5,5,42,ESE,4.8,9.7,1008.97,0,0,0,0,,
2022-05-30,06:00,17.8,6.1,46,EAST,3.2,9.7,1009.01,0,0,0,0,,
2022-05-30,06:15,17.8,6.1,46,EAST,4.8,11.3,1009.04,0,0,0,14,,
2022-05-30,06:30,17.9,6.1,46,EAST,3.2,9.7,1009.08,0,0,0,32,,
2022-05-30,06:45,18.3,6.1,44,EAST,9.7,12.9,1008.91,0,0,0,60,,
2022-05-30,07:00,18.4,6.1,45,EAST,3.2,12.9,1008.94,0,0,0,86,,
2022-05-30,07:15,18.9,7.2,46,ESE,6.4,11.3,1009.04,0,0,0,142,,
2022-05-30,07:30,19.8,7.8,46,ESE,1.6,11.3,1009.38,0,0,0,188,,
2022-05-30,07:45,20.8,9.4,48,NORTH,0,4.8,1009.28,0,0,0,241,,
2022-05-30,08:00,20.4,9.4,49,NORTH,0,4.8,1009.41,0,0,1,283,,
2022-05-30,08:15,20.8,10,50,ESE,1.6,3.2,1009.55,0,0,1,297,,
2022-05-30,08:30,21.3,10.6,50,NORTH,0,3.2,1009.65,0,0,1,390,,
2022-05-30,08:45,21.4,11.1,52,ESE,1.6,3.2,1009.85,0,0,1,436,,
2022-05-30,09:00,22.6,11.1,48,ESE,3.2,4.8,1010.16,0,0,2,483,,
2022-05-30,09:15,23,7.8,38,ESE,1.6,6.4,1010.26,0,0,2,496,,
2022-05-30,09:30,23.8,8.9,39,ESE,4.8,6.4,1010.23,0,0,2,487,,
2022-05-30,09:45,24.4,8.9,37,NORTH,0,6.4,1010.33,0,0,3,490,,
2022-05-30,10:00,25,9.4,38,NE,3.2,6.4,1010.19,0,0,3,536,,
2022-05-30,10:15,25.3,9.4,36,,3.2,8,1010.36,0,0,3,652,,
2022-05-30,10:30,26,10,37,ENE,4.8,8,1010.19,0,0,4,731,,
2022-05-30,10:45,26.1,9.4,35,SSE,3.2,16.1,1010.36,0,0,4,772,,
2022-05-30,11:00,26.3,10,36,SE,12.9,14.5,1010.3,0,0,4,809,,
2022-05-30,11:15,26.6,9.4,35,SE,4.8,11.3,1010.3,0,0,5,835,,
2022-05-30,11:30,26.7,10,35,SE,3.2,12.9,1010.33,0,0,5,837,,
2022-05-30,11:45,27.7,10.6,34,ESE,12.9,9.7,1010.6,0,0,5,891,,
2022-05-30,12:00,27.4,10.6,35,SSE,6.4,14.5,1010.5,0,0,6,891,,
2022-05-30,12:15,27.7,10.6,34,SE,11.3,19.3,1010.63,0,0,6,902,,
2022-05-30,12:30,28.7,11.7,35,SSE,3.2,17.7,1010.77,0,0,6,904,,
2022-05-30,12:45,28.4,11.1,35,WSW,6.4,22.5,1010.8,0,0,6,898,,
2022-05-30,13:00,28.7,11.7,35,WSW,8,17.7,1010.97,0,0,6,930,,
2022-05-30,13:15,28.8,11.7,35,SSE,1.6,19.3,1010.87,0,0,6,932,,
2022-05-30,13:30,29.6,12.2,34,NW,6.4,16.1,1010.7,0,0,6,939,,
2022-05-30,13:45,29.8,11.7,32,SSW,3.2,24.1,1010.74,0,0,6,918,,
2022-05-30,14:00,29.9,12.2,34,WEST,17.7,22.5,1010.63,0,0,6,861,,
2022-05-30,14:15,30.4,11.1,31,SSW,3.2,17.7,1010.57,0,0,6,851,,
2022-05-30,14:30,30.7,11.7,31,SSE,12.9,19.3,1010.57,0,0,5,828,,
2022-05-30,14:45,30.9,11.7,31,SOUTH,6.4,27.4,1010.6,0,0,5,814,,
2022-05-30,15:00,30.8,11.1,30,ESE,8,37,1010.53,0,0,5,737,,
2022-05-30,15:15,29.7,12.2,34,WNW,20.9,43.5,1010.74,0,0,4,726,,
2022-05-30,15:30,28.9,12.8,37,NNW,33.8,46.7,1010.9,0,0,4,744,,
2022-05-30,15:45,28.9,11.7,34,SW,4.8,32.2,1010.9,0,0,3,418,,
2022-05-30,16:00,29.4,12.2,34,WSW,4.8,27.4,1010.77,0,0,3,410,,
2022-05-30,16:15,28.8,11.7,35,WEST,22.5,43.5,1010.97,0,0,2,318,,
2022-05-30,16:30,28.4,11.7,36,WEST,19.3,45.1,1011.07,0,0,2,262,,
2022-05-30,16:45,27.4,12.2,39,WEST,24.1,30.6,1011.28,0,0,1,257,,
2022-05-30,17:00,26.8,12.8,43,WEST,17.7,32.2,1011.48,0,0,2,517,,
2022-05-30,17:15,26.9,13.9,45,NW,14.5,25.7,1011.21,0,0,2,548,,
2022-05-30,17:30,27.3,13.3,43,WNW,12.9,24.1,1011.11,0,0,2,455,,
2022-05-30,17:45,27.2,13.3,42,WNW,9.7,20.9,1011.14,0,0,1,327,,
2022-05-30,18:00,27.1,12.8,41,WEST,9.7,24.1,1011.24,0,0,1,404,,
2022-05-30,18:15,27.1,12.8,42,NE,6.4,19.3,1011.14,0,0,1,338,,
2022-05-30,18:30,27,13.9,44,WNW,14.5,19.3,1011.51,0,0,1,281,,
2022-05-30,18:45,26.4,13.9,47,WNW,4.8,17.7,1011.65,0,0,1,236,,
2022-05-30,19:00,26.8,13.9,45,WNW,14.5,24.1,1011.62,0,0,0,190,,
2022-05-30,19:15,26.9,12.2,40,SW,4.8,24.1,1011.65,0,0,0,148,,
2022-05-30,19:30,26.9,11.7,39,SW,6.4,14.5,1011.72,0,0,0,105,,
2022-05-30,19:45,26.7,10.6,37,ENE,1.6,11.3,1011.72,0,0,0,69,,
2022-05-30,20:00,26.3,11.7,40,WSW,4.8,9.7,1011.82,0,0,0,39,,
2022-05-30,20:15,25.2,12.8,46,NORTH,0,14.5,1011.72,0,0,0,21,,
2022-05-30,20:30,25.6,10,38,SSW,1.6,8,1011.92,0,0,0,11,,
2022-05-30,20:45,24.9,10,40,SW,3.2,4.8,1012.02,0,0,0,0,,
2022-05-30,21:00,23.4,12.8,51,NORTH,0,6.4,1012.26,0,0,0,0,,
2022-05-30,21:15,22.5,13.9,59,SSW,3.2,6.4,1012.36,0,0,0,0,,
2022-05-30,21:30,22.3,15,63,SOUTH,1.6,6.4,1012.63,0,0,0,0,,
2022-05-30,21:45,20.6,13.9,67,SOUTH,3.2,4.8,1012.94,0,0,0,0,,
2022-05-30,22:00,20,14.4,72,NORTH,0,4.8,1013,0,0,0,0,,
2022-05-30,22:15,19.7,15,75,SOUTH,3.2,6.4,1013.38,0,0,0,0,,
2022-05-30,22:30,19.4,15,76,SOUTH,3.2,4.8,1013.38,0,0,0,0,,
2022-05-30,22:45,18.9,14.4,76,SOUTH,4.8,6.4,1013.72,0,0,0,0,,
2022-05-30,23:00,19.7,13.3,67,SOUTH,4.8,6.4,1013.61,0,0,0,0,,
2022-05-30,23:15,19.9,12.2,62,SOUTH,4.8,6.4,1013.82,0,0,0,0,,
2022-05-30,23:30,20.5,12.2,59,SOUTH,3.2,8,1013.88,0,0,0,0,,
2022-05-30,23:45,20.8,12.2,59,SOUTH,1.6,4.8,1014.02,0,0,0,0,,
2022-05-30,OVR,,,,,,,,,,,,gustmax,33.8
2022-05-30,OVR,,,,,,,,,,,,rainrate_max,0
2022-05-30,OVR,,,,,,,,,,,,rain_total_mm,0
2022-05-30,OVR,,,,,,,,,,,,tmax,31.2
2022-05-30,OVR,,,,,,,,,,,,tmin,16.7
2022-05-30,OVR,,,,,,,,,,,,wind_dir_mean_deg,112.5
2022-05-31,00:00,19.8,12.2,62,SOUTH,1.6,4.8,1014.05,0,0,0,0,,
2022-05-31,00:15,20.4,12.8,63,SE,4.8,12.9,1014.05,0,0,0,0,,
2022-05-31,00:30,19.9,13.3,66,WEST,4.8,9.7,1014.33,0,0,0,0,,
2022-05-31,00:45,19,15,78,WEST,1.6,3.2,1014.29,0,0,0,0,,
2022-05-31,01:00,17.9,14.4,80,NORTH,0,4.8,1014.36,0,0,0,0,,
2022-05-31,01:15,17.2,13.9,82,WEST,3.2,3.2,1014.29,0,0,0,0,,
2022-05-31,01:30,17.1,14.4,86,NORTH,0,4.8,1014.26,0,0,0,0,,
2022-05-31,01:45,16.5,14.4,88,NORTH,0,6.4,1014.12,0,0,0,0,,
2022-05-31,02:00,16.6,14.4,88,WSW,1.6,6.4,1013.82,0,0,0,0,,
2022-05-31,02:15,17.7,14.4,83,NORTH,0,4.8,1013.85,0,0,0,0,,
2022-05-31,02:30,17.4,14.4,84,NORTH,0,3.2,1013.82,0,0,0,0,,
2022-05-31,02:45,17,15,88,NORTH,0,1.6,1013.92,0,0,0,0,,
2022-05-31,03:00,16.9,15,89,WSW,1.6,4.8,1013.92,0,0,0,0,,
2022-05-31,03:15,17.3,15.6,91,NNW,6.4,9.7,1013.88,0,0,0,0,,
2022-05-31,03:30,16.9,15.6,92,NORTH,0,6.4,1013.95,0,0,0,0,,
2022-05-31,03:45,16.7,15,92,NNW,1.6,6.4,1013.82,0,0,0,0,,
2022-05-31,04:00,16.7,15.6,93,NNW,1.6,3.2,1013.68,0,0,0,0,,
2022-05-31,04:15,16.8,15.6,93,NORTH,0,4.8,1013.72,0,0,0,0,,
2022-05-31,04:30,16.6,15,93,NNW,1.6,3.2,1013.72,0,0,0,0,,
2022-05-31,04:45,16.5,15,93,NORTH,0,4.8,1013.44,0,0,0,0,,
2022-05-31,05:00,16.4,15,93,NNW,3.2,3.2,1013.51,0,0,0,0,,
2022-05-31,05:15,16.7,15.6,93,NORTH,0,0,1013.92,0,0,0,0,,
2022-05-31,05:30,16.5,15,92,NNW,1.6,3.2,1014.05,0,0,0,0,,
2022-05-31,05:45,16.3,15,93,NNW,1.6,3.2,1013.99,0,0,0,0,,
2022-05-31,06:00,16.3,15,93,NNW,1.6,1.6,1013.95,0,0,0,0,,
2022-05-31,06:15,16.5,15,93,NNW,1.6,3.2,1014.09,0,0,0,11,,
2022-05-31,06:30,16.2,14.4,92,NORTH,0,3.2,1014.12,0,0,0,16,,
2022-05-31,06:45,16.4,15,91,NNW,1.6,4.8,1014.16,0,0,0,33,,
2022-05-31,07:00,16.3,14.4,90,NORTH,0,3.2,1014.43,0,0,0,62,,
2022-05-31,07:15,17.1,15,89,NORTH,0,3.2,1014.49,0,0,0,130,,
2022-05-31,07:30,17.4,15.6,89,NORTH,0,1.6,1014.83,0,0,0,209,,
2022-05-31,07:45,17.4,15.6,89,NNW,3.2,4.8,1015.04,0,0,0,244,,
2022-05-31,08:00,18.1,16.1,88,NNW,1.6,3.2,1014.8,0,0,1,262,,
2022-05-31,08:15,18.8,16.1,85,NNW,1.6,3.2,1015.07,0,0,1,292,,
2022-05-31,08:30,19.9,16.7,81,NNW,4.8,4.8,1015.27,0,0,1,397,,
2022-05-31,08:45,20.2,16.1,78,NNW,8,9.7,1015.27,0,0,1,450,,
2022-05-31,09:00,20.6,16.1,76,NW,4.8,14.5,1015.34,0,0,2,480,,
2022-05-31,09:15,21.3,16.1,73,NW,6.4,8,1015.31,0,0,2,499,,
2022-05-31,09:30,22,15.6,68,NW,8,9.7,1015.34,0,0,2,501,,
2022-05-31,09:45,22.7,15,63,NNW,9.7,12.9,1015.37,0,0,3,496,,
2022-05-31,10:00,23.1,14.4,59,NW,14.5,16.1,1015.54,0,0,3,501,,
2022-05-31,10:15,23.8,15,58,WNW,8,17.7,1015.61,0,0,4,650,,
2022-05-31,10:30,24.1,15.6,59,NNW,6.4,14.5,1015.68,0,0,4,740,,
2022-05-31,10:45,24.6,15.6,57,WNW,12.9,17.7,1015.61,0,0,4,788,,
2022-05-31,11:00,25.2,15,53,WNW,12.9,16.1,1015.61,0,0,5,784,,
2022-05-31,11:15,25.2,13.3,49,WEST,9.7,20.9,1015.54,0,0,5,816,,
2022-05-31,11:30,25.9,13.9,48,WNW,4.8,22.5,1015.78,0,0,5,879,,
2022-05-31,11:45,26,14.4,49,WEST,14.5,20.9,1015.85,0,0,6,889,,
2022-05-31,12:00,26,15.6,53,WNW,17.7,25.7,1015.78,0,0,6,893,,
2022-05-31,12:15,26.4,16.1,53,ENE,6.4,24.1,1015.71,0,0,6,933,,
2022-05-31,12:30,26.9,16.1,51,WSW,9.7,27.4,1015.68,0,0,7,956,,
2022-05-31,12:45,26.9,16.7,54,NNE,14.5,22.5,1015.85,0,0,7,954,,
2022-05-31,13:00,26.5,16.7,55,WNW,4.8,27.4,1015.92,0,0,7,954,,
2022-05-31,13:15,26.5,16.7,56,WEST,14.5,29,1015.95,0,0,7,958,,
2022-05-31,13:30,26.9,16.1,52,NORTH,0,24.1,1015.92,0,0,7,956,,
2022-05-31,13:45,27.5,15,47,WEST,11.3,24.1,1015.92,0,0,7,944,,
2022-05-31,14:00,27.6,15,46,WNW,12.9,32.2,1015.88,0,0,7,933,,
2022-05-31,14:15,27.7,14.4,45,NE,4.8,30.6,1015.95,0,0,7,919,,
2022-05-31,14:30,28.1,14.4,43,WNW,20.9,29,1015.98,0,0,6,907,,
2022-05-31,14:45,28.3,13.9,42,NNW,9.7,29,1015.68,0,0,6,870,,
2022-05-31,15:00,27.9,13.3,41,WNW,19.3,29,1015.82,0,0,6,856,,
2022-05-31,15:15,27.8,12.8,39,NW,17.7,33.8,1015.82,0,0,5,835,,
2022-05-31,15:30,27.6,13.3,42,WNW,17.7,35.4,1015.92,0,0,5,810,,
2022-05-31,15:45,27.6,13.9,43,WEST,19.3,30.6,1015.65,0,0,5,784,,
2022-05-31,16:00,27.4,12.8,41,WNW,14.5,29,1015.68,0,0,4,749,,
2022-05-31,16:15,27.5,13.3,43,WNW,19.3,37,1015.61,0,0,4,710,,
2022-05-31,16:30,27.6,13.9,43,WNW,16.1,32.2,1015.54,0,0,4,673,,
2022-05-31,16:45,27.6,14.4,45,WEST,29,29,1015.31,0,0,3,635,,
2022-05-31,17:00,27.4,14.4,46,WEST,14.5,33.8,1015.37,0,0,3,594,,
2022-05-31,17:15,27,14.4,47,WNW,14.5,32.2,1015.41,0,0,2,548,,
2022-05-31,17:30,27,13.3,43,WNW,17.7,30.6,1015.48,0,0,2,503,,
2022-05-31,17:45,27.2,13.3,43,WEST,19.3,29,1015.58,0,0,2,454,,
2022-05-31,18:00,26.8,13.9,44,WEST,27.4,33.8,1015.41,0,0,1,401,,
2022-05-31,18:15,26.6,14.4,48,WEST,9.7,37,1015.34,0,0,1,357,,
2022-05-31,18:30,26.1,15,52,WEST,27.4,40.2,1015.17,0,0,1,306,,
2022-05-31,18:45,25.4,15.6,54,WNW,16.1,27.4,1015.41,0,0,1,255,,
2022-05-31,19:00,25.4,15,54,,6.4,17.7,1015.61,0,0,0,204,,
2022-05-31,19:15,25.2,15.6,56,WNW,17.7,25.7,1015.68,0,0,0,156,,
2022-05-31,19:30,24.7,16.1,60,WEST,14.5,24.1,1015.85,0,0,0,109,,
2022-05-31,19:45,23.8,16.1,63,NE,6.4,17.7,1015.95,0,0,0,69,,
2022-05-31,20:00,23.2,16.1,66,WEST,11.3,16.1,1016.05,0,0,0,39,,
2022-05-31,20:15,22.5,16.1,69,SW,1.6,6.4,1016.05,0,0,0,21,,
2022-05-31,20:30,21.9,16.1,71,NORTH,0,17.7,1016.05,0,0,0,12,,
2022-05-31,20:45,21.2,16.1,73,SW,3.2,6.4,1016.22,0,0,0,0,,
2022-05-31,21:00,20.6,16.1,75,NORTH,0,8,1016.19,0,0,0,0,,
2022-05-31,21:15,20.4,16.1,76,WNW,4.8,12.9,1016.09,0,0,0,0,,
2022-05-31,21:30,20.2,16.1,77,WNW,3.2,14.5,1016.39,0,0,0,0,,
2022-05-31,21:45,20.1,16.1,79,WNW,3.2,14.5,1016.56,0,0,0,0,,
2022-05-31,22:00,19.3,16.1,81,WNW,3.2,4.8,1017.2,0,0,0,0,,
2022-05-31,22:15,19,15.6,82,NORTH,0,1.6,1017.2,0,0,0,0,,
2022-05-31,22:30,18.4,15.6,84,WNW,3.2,4.8,1017.07,0,0,0,0,,
2022-05-31,22:45,18.7,16.1,86,NORTH,0,3.2,1017.17,0,0,0,0,,
2022-05-31,23:00,18.2,16.1,88,WNW,3.2,4.8,1017.2,0,0,0,0,,
2022-05-31,23:15,17.4,15.6,89,NORTH,0,1.6,1017.14,0,0,0,0,,
2022-05-31,23:30,17.7,15.6,87,WNW,3.2,6.4,1017.07,0,0,0,0,,
2022-05-31,23:45,18.5,15,81,WNW,1.6,3.2,1017.14,0,0,0,0,,
2022-05-31,OVR,,,,,,,,,,,,gustmax,29
2022-05-31,OVR,,,,,,,,,,,,rainrate_max,0
2022-05-31,OVR,,,,,,,,,,,,rain_total_mm,0
2022-05-31,OVR,,,,,,,,,,,,tmax,28.4
2022-05-31,OVR,,,,,,,,,,,,tmin,16.1
2022-05-31,OVR,,,,,,,,,,,,wind_dir_mean_deg,292.5
