date,time,temp_c,dewpoint_c,rh_pct,wind_dir_txt,wind_kmh,gust_kmh,press_hpa,rain_acc_mm,rain_rate_mmph,uv,solar_wm2,key,value
2022-03-01,00:00,4.4,1.1,80,NORTH,0,3.2,1024.08,0,0,0,0,,
2022-03-01,00:15,3.9,0.6,81,NE,1.6,1.6,1023.84,0,0,0,0,,
2022-03-01,00:30,4.2,1.1,83,NE,1.6,4.8,1023.87,0,0,0,0,,
2022-03-01,00:45,4.3,1.1,82,NE,1.6,3.2,1023.77,0,0,0,0,,
2022-03-01,01:00,4.1,1.1,83,NE,1.6,3.2,1023.98,0,0,0,0,,
2022-03-01,01:15,4.8,1.7,81,NE,1.6,4.8,1024.04,0,0,0,0,,
2022-03-01,01:30,4.3,1.1,80,NORTH,0,3.2,1024.31,0,0,0,0,,
2022-03-01,01:45,3.9,1.1,82,NE,1.6,3.2,1024.25,0,0,0,0,,
2022-03-01,02:00,4.2,1.1,81,NORTH,0,3.2,1024.38,0,0,0,0,,
2022-03-01,02:15,4.2,0.6,79,NE,1.6,1.6,1024.42,0,0,0,0,,
2022-03-01,02:30,3.9,0.6,78,NORTH,0,1.6,1024.42,0,0,0,0,,
2022-03-01,02:45,3.4,0,79,NE,1.6,3.2,1024.28,0,0,0,0,,
2022-03-01,03:00,3.8,0,77,NE,1.6,3.2,1024.04,0,0,0,0,,
2022-03-01,03:15,4.3,0,73,NE,3.2,3.2,1024.01,0,0,0,0,,
2022-03-01,03:30,4.4,-0.6,72,NE,1.6,1.6,1024.01,0,0,0,0,,
2022-03-01,03:45,4.2,-0.6,72,NORTH,0,1.6,1023.94,0,0,0,0,,
2022-03-01,04:00,4.1,-0.6,73,NORTH,0,1.6,1024.08,0,0,0,0,,
2022-03-01,04:15,4.7,0,72,NORTH,0,6.4,1024.15,0,0,0,0,,
2022-03-01,04:30,4.8,0,72,NW,4.8,6.4,1024.01,0,0,0,0,,
2022-03-01,04:45,3.6,-0.6,74,NW,4.8,9.7,1024.18,0,0,0,0,,
2022-03-01,05:00,3.6,0,78,NW,3.2,6.4,1024.08,0,0,0,0,,
2022-03-01,05:15,3.8,0,77,NW,1.6,4.8,1024.21,0,0,0,0,,
2022-03-01,05:30,3.9,-0.6,75,NORTH,0,3.2,1024.15,0,0,0,0,,
2022-03-01,05:45,3.9,0,76,NW,1.6,3.2,1024.18,0,0,0,0,,
2022-03-01,06:00,3.6,-0.6,75,NW,1.6,4.8,1024.28,0,0,0,0,,
2022-03-01,06:15,3.6,-0.6,76,NNW,3.2,6.4,1024.35,0,0,0,0,,
2022-03-01,06:30,4,0,75,NNW,8,9.7,1024.52,0,0,0,0,,
2022-03-01,06:45,4.4,0,75,NNW,8,11.3,1024.55,0,0,0,0,,
2022-03-01,07:00,4.5,0,74,NNW,4.8,12.9,1024.59,0,0,0,0,,
2022-03-01,07:15,4.9,0.6,75,,3.2,12.9,1024.62,0,0,0,14,,
2022-03-01,07:30,5.3,0.6,74,NNW,4.8,12.9,1024.62,0,0,0,46,,
2022-03-01,07:45,5.5,0.6,72,NNW,4.8,9.7,1024.65,0,0,0,88,,
2022-03-01,08:00,5.9,1.1,72,NNW,1.6,8,1024.92,0,0,0,149,,
2022-03-01,08:15,6.2,1.1,72,NNW,3.2,6.4,1025.09,0,0,0,211,,
2022-03-01,08:30,6.7,1.7,71,NW,6.4,8,1025.23,0,0,0,262,,
2022-03-01,08:45,6.6,1.7,72,NW,6.4,4.8,1025.3,0,0,1,313,,
2022-03-01,09:00,7.2,2.2,71,NW,6.4,11.3,1025.4,0,0,1,364,,
2022-03-01,09:15,7.8,2.2,69,NW,6.4,17.7,1025.53,0,0,1,482,,
2022-03-01,09:30,8.5,2.8,67,NNW,8,20.9,1025.57,0,0,1,613,,
2022-03-01,09:45,8.4,2.8,68,WNW,12.9,19.3,1025.53,0,0,1,207,,
2022-03-01,10:00,8.4,2.8,67,WNW,8,14.5,1025.57,0,0,1,290,,
2022-03-01,10:15,8.4,2.8,68,WEST,9.7,14.5,1025.7,0,0,1,287,,
2022-03-01,10:30,8.6,2.8,67,WEST,4.8,14.5,1025.87,0,0,2,322,,
2022-03-01,10:45,9.2,3.3,68,WNW,8,16.1,1025.77,0,0,3,821,,
2022-03-01,11:00,9.2,2.8,64,WNW,6.4,14.5,1025.87,0,0,2,290,,
2022-03-01,11:15,9.3,2.8,64,NW,6.4,12.9,1025.84,0,0,2,376,,
2022-03-01,11:30,9.6,2.8,64,,1.6,6.4,1026.14,0,0,2,345,,
2022-03-01,11:45,10.2,3.3,63,NNW,1.6,8,1025.91,0,0,3,717,,
2022-03-01,12:00,10.8,3.3,60,SSW,1.6,16.1,1025.57,0,0,3,826,,
2022-03-01,12:15,10.8,2.8,57,NW,3.2,14.5,1025.36,0,0,3,849,,
2022-03-01,12:30,11.3,2.2,54,,12.9,25.7,1025.36,0,0,3,793,,
2022-03-01,12:45,11.4,1.7,52,WEST,16.1,20.9,1025.16,0,0,3,803,,
2022-03-01,13:00,11.3,1.7,52,NNW,9.7,32.2,1025.09,0,0,3,791,,
2022-03-01,13:15,11.3,1.1,51,WNW,16.1,30.6,1024.99,0,0,3,789,,
2022-03-01,13:30,11.4,1.1,49,NW,22.5,29,1024.76,0,0,3,712,,
2022-03-01,13:45,11.3,0.6,48,WNW,20.9,33.8,1024.79,0,0,3,687,,
2022-03-01,14:00,11.6,0.6,47,WNW,16.1,30.6,1024.69,0,0,3,657,,
2022-03-01,14:15,11.3,0.6,48,NW,14.5,35.4,1024.62,0,0,3,647,,
2022-03-01,14:30,11.7,0.6,47,NNW,16.1,33.8,1024.45,0,0,2,610,,
2022-03-01,14:45,11.6,0,45,NW,24.1,30.6,1024.11,0,0,2,656,,
2022-03-01,15:00,11.4,0,46,WNW,16.1,27.4,1024.28,0,0,2,329,,
2022-03-01,15:15,11.7,0.6,47,NW,17.7,27.4,1024.38,0,0,2,596,,
2022-03-01,15:30,11.4,0,46,WNW,14.5,27.4,1024.11,0,0,1,436,,
2022-03-01,15:45,11.3,0,46,NNW,14.5,27.4,1024.35,0,0,1,213,,
2022-03-01,16:00,11.3,0.6,48,NW,14.5,24.1,1024.35,0,0,1,403,,
2022-03-01,16:15,10.9,0,47,NNW,20.9,24.1,1024.35,0,0,1,269,,
2022-03-01,16:30,10.9,0,47,NW,16.1,24.1,1024.21,0,0,1,144,,
2022-03-01,16:45,10.8,0,47,WNW,16.1,25.7,1024.48,0,0,0,40,,
2022-03-01,17:00,10.6,-0.6,47,WNW,16.1,24.1,1024.52,0,0,0,35,,
2022-03-01,17:15,10.4,-0.6,47,NNW,14.5,22.5,1024.38,0,0,0,30,,
2022-03-01,17:30,10.1,0,49,WNW,16.1,24.1,1024.55,0,0,0,25,,
2022-03-01,17:45,9.7,-0.6,49,NW,12.9,17.7,1024.52,0,0,0,19,,
2022-03-01,18:00,9.3,-0.6,50,WNW,12.9,20.9,1024.59,0,0,0,12,,
2022-03-01,18:15,9.2,-1.1,49,NW,12.9,25.7,1024.59,0,0,0,0,,
2022-03-01,18:30,8.5,-1.1,51,NW,6.4,12.9,1024.48,0,0,0,0,,
2022-03-01,18:45,7.8,-1.1,54,WNW,1.6,8,1024.69,0,0,0,0,,
2022-03-01,19:00,6.7,-1.1,57,NORTH,0,1.6,1024.92,0,0,0,0,,
2022-03-01,19:15,6.3,-1.7,58,NORTH,0,1.6,1025.06,0,0,0,0,,
2022-03-01,19:30,6.8,-1.7,54,NW,1.6,1.6,1025.16,0,0,0,0,,
2022-03-01,19:45,6.4,-2.2,53,NORTH,0,4.8,1025.06,0,0,0,0,,
2022-03-01,20:00,6.6,-3.3,50,NNW,4.8,4.8,1025.09,0,0,0,0,,
2022-03-01,20:15,5.7,-3.3,53,,1.6,3.2,1025.33,0,0,0,0,,
2022-03-01,20:30,6.6,-3.9,48,NORTH,0,4.8,1025.4,0,0,0,0,,
2022-03-01,20:45,5.4,-3.9,51,ENE,1.6,1.6,1025.67,0,0,0,0,,
2022-03-01,21:00,5.9,-4.4,48,NORTH,0,3.2,1025.87,0,0,0,0,,
2022-03-01,21:15,5.8,-4.4,48,NE,1.6,4.8,1025.8,0,0,0,0,,
2022-03-01,21:30,5.3,-4.4,49,NE,1.6,4.8,1025.87,0,0,0,0,,
2022-03-01,21:45,5.7,-4.4,48,NE,3.2,4.8,1025.94,0,0,0,0,,
2022-03-01,22:00,5.2,-5,49,ENE,3.2,4.8,1025.91,0,0,0,0,,
2022-03-01,22:15,5.7,-5,47,ENE,3.2,4.8,1025.87,0,0,0,0,,
2022-03-01,22:30,4.9,-4.4,51,ENE,8,11.3,1025.8,0,0,0,0,,
2022-03-01,22:45,4.8,-3.3,56,ENE,8,14.5,1025.94,0,0,0,0,,
2022-03-01,23:00,5.3,-3.3,55,NE,8,14.5,1026.01,0,0,0,0,,
2022-03-01,23:15,5,-3.3,56,EAST,4.8,12.9,1025.94,0,0,0,0,,
2022-03-01,23:30,4.2,-2.8,62,ESE,6.4,11.3,1025.87,0,0,0,0,,
2022-03-01,23:45,4,-2.8,63,EAST,6.4,9.7,1025.64,0,0,0,0,,
2022-03-01,OVR,,,,,,,,,,,,gustmax,24.1
2022-03-01,OVR,,,,,,,,,,,,rainrate_max,0
2022-03-01,OVR,,,,,,,,,,,,rain_total_mm,0
2022-03-01,OVR,,,,,,,,,,,,tmax,11.8
2022-03-01,OVR,,,,,,,,,,,,tmin,3.2
2022-03-01,OVR,,,,,,,,,,,,wind_dir_mean_deg,315
2022-03-02,00:00,3.9,-2.2,65,ESE,3.2,11.3,1025.57,0,0,0,0,,
2022-03-02,00:15,4,-2.2,63,EAST,1.6,14.5,1025.67,0,0,0,0,,
2022-03-02,00:30,3.7,-2.2,66,EAST,8,11.3,1025.57,0,0,0,0,,
2022-03-02,00:45,3.8,-2.2,65,EAST,6.4,12.9,1025.57,0,0,0,0,,
2022-03-02,01:00,3.3,-2.8,66,ESE,4.8,11.3,1025.8,0,0,0,0,,
2022-03-02,01:15,3.4,-2.8,65,ESE,3.2,6.4,1025.67,0,0,0,0,,
2022-03-02,01:30,3.5,-3.3,62,NORTH,0,6.4,1025.77,0,0,0,0,,
2022-03-02,01:45,3.1,-2.8,65,ESE,3.2,4.8,1025.53,0,0,0,0,,
2022-03-02,02:00,2.7,-3.3,66,EAST,1.6,6.4,1025.57,0,0,0,0,,
2022-03-02,02:15,3.6,-3.3,62,SE,1.6,6.4,1025.36,0,0,0,0,,
2022-03-02,02:30,3.3,-3.3,63,ESE,3.2,6.4,1025.23,0,0,0,0,,
2022-03-02,02:45,2.9,-3.9,62,ESE,6.4,6.4,1024.96,0,0,0,0,,
2022-03-02,03:00,2.8,-4.4,60,ESE,1.6,4.8,1025.09,0,0,0,0,,
2022-03-02,03:15,3.1,-4.4,58,ESE,1.6,6.4,1025.03,0,0,0,0,,
2022-03-02,03:30,2.2,-5,61,ESE,1.6,4.8,1024.79,0,0,0,0,,
2022-03-02,03:45,2.4,-3.9,64,EAST,4.8,6.4,1024.69,0,0,0,0,,
2022-03-02,04:00,2.3,-3.9,65,ESE,3.2,6.4,1024.89,0,0,0,0,,
2022-03-02,04:15,2.9,-3.3,63,EAST,9.7,11.3,1024.89,0,0,0,0,,
2022-03-02,04:30,3,-4.4,58,EAST,3.2,9.7,1024.69,0,0,0,0,,
2022-03-02,04:45,3.2,-5,56,ESE,3.2,4.8,1024.76,0,0,0,0,,
2022-03-02,05:00,3.8,-6.1,49,ESE,3.2,4.8,1024.69,0,0,0,0,,
2022-03-02,05:15,3.5,-5,54,ESE,3.2,6.4,1024.59,0,0,0,0,,
2022-03-02,05:30,2.8,-4.4,60,EAST,1.6,6.4,1024.62,0,0,0,0,,
2022-03-02,05:45,2.6,-3.9,62,ESE,1.6,8,1024.59,0,0,0,0,,
2022-03-02,06:00,3.2,-3.9,60,EAST,4.8,6.4,1024.48,0,0,0,0,,
2022-03-02,06:15,2.8,-5,57,EAST,1.6,3.2,1024.52,0,0,0,0,,
2022-03-02,06:30,2.7,-5.6,56,ESE,3.2,3.2,1024.45,0,0,0,0,,
2022-03-02,06:45,3.1,-5.6,53,ESE,1.6,4.8,1024.52,0,0,0,0,,
2022-03-02,07:00,3.1,-5,57,ESE,3.2,6.4,1024.35,0,0,0,0,,
2022-03-02,07:15,3.3,-5,54,SE,1.6,4.8,1024.35,0,0,0,14,,
2022-03-02,07:30,3.3,-5,54,ESE,1.6,4.8,1024.55,0,0,0,51,,
2022-03-02,07:45,3.8,-5.6,52,ESE,1.6,3.2,1024.45,0,0,0,93,,
2022-03-02,08:00,4.4,-4.4,54,ESE,1.6,4.8,1024.59,0,0,0,162,,
2022-03-02,08:15,5.2,-3.3,55,ENE,3.2,4.8,1024.69,0,0,0,227,,
2022-03-02,08:30,5.9,-2.2,57,ENE,1.6,3.2,1024.69,0,0,0,276,,
2022-03-02,08:45,6.1,-2.2,57,NORTH,0,1.6,1024.76,0,0,1,329,,
2022-03-02,09:00,6.6,-2.2,54,,1.6,4.8,1024.96,0,0,1,378,,
2022-03-02,09:15,7.3,-2.8,50,,1.6,4.8,1024.72,0,0,1,425,,
2022-03-02,09:30,8.2,-2.8,46,,1.6,3.2,1024.79,0,0,1,468,,
2022-03-02,09:45,9,-2.8,44,NNW,1.6,6.4,1024.79,0,0,2,508,,
2022-03-02,10:00,9.1,-1.7,47,WNW,1.6,6.4,1024.79,0,0,2,554,,
2022-03-02,10:15,9.5,-2.2,44,SSW,3.2,9.7,1024.76,0,0,2,587,,
2022-03-02,10:30,9.6,-1.7,45,WEST,11.3,11.3,1024.69,0,0,2,621,,
2022-03-02,10:45,9.8,-2.2,44,NNW,6.4,8,1024.79,0,0,3,650,,
2022-03-02,11:00,10.3,-1.1,45,WNW,8,12.9,1024.59,0,0,3,675,,
2022-03-02,11:15,10.2,-1.7,44,WEST,6.4,16.1,1024.52,0,0,3,701,,
2022-03-02,11:30,10.2,-1.1,45,WNW,8,16.1,1024.31,0,0,3,719,,
2022-03-02,11:45,10.8,-2.2,41,WNW,6.4,16.1,1024.42,0,0,3,733,,
2022-03-02,12:00,11.1,-1.1,44,NORTH,0,16.1,1024.35,0,0,4,742,,
2022-03-02,12:15,11.1,-0.6,46,WEST,6.4,17.7,1024.04,0,0,4,747,,
2022-03-02,12:30,11.6,0,46,NW,4.8,16.1,1024.08,0,0,4,751,,
2022-03-02,12:45,11.9,1.1,48,WEST,17.7,20.9,1023.74,0,0,4,749,,
2022-03-02,13:00,12,0.6,47,WEST,4.8,17.7,1023.4,0,0,4,737,,
2022-03-02,13:15,11.7,0.6,47,WNW,9.7,25.7,1023.13,0,0,3,728,,
2022-03-02,13:30,12.1,0.6,46,WNW,12.9,24.1,1022.93,0,0,3,715,,
2022-03-02,13:45,11.9,0,44,WEST,6.4,29,1022.49,0,0,3,694,,
2022-03-02,14:00,12.1,0.6,45,WNW,6.4,37,1022.59,0,0,3,675,,
2022-03-02,14:15,12.2,0.6,44,WNW,12.9,24.1,1022.38,0,0,3,647,,
2022-03-02,14:30,12.2,0,44,WNW,17.7,29,1022.45,0,0,3,619,,
2022-03-02,14:45,12.2,0,43,WEST,16.1,30.6,1022.28,0,0,2,580,,
2022-03-02,15:00,11.9,-0.6,42,NW,20.9,25.7,1022.22,0,0,2,550,,
2022-03-02,15:15,11.8,-1.1,42,WEST,19.3,30.6,1022.18,0,0,2,513,,
2022-03-02,15:30,11.6,-1.1,41,WEST,20.9,27.4,1021.98,0,0,2,475,,
2022-03-02,15:45,11.8,-1.1,41,WNW,12.9,32.2,1021.88,0,0,1,429,,
2022-03-02,16:00,11.4,-1.1,42,NE,25.7,38.6,1021.88,0,0,1,387,,
2022-03-02,16:15,11.3,-0.6,44,WNW,17.7,30.6,1021.71,0,0,1,316,,
2022-03-02,16:30,11,-0.6,46,WNW,14.5,27.4,1021.64,0,0,1,113,,
2022-03-02,16:45,10.8,-0.6,46,NW,16.1,30.6,1021.5,0,0,0,40,,
2022-03-02,17:00,10.4,0,49,WEST,17.7,30.6,1021.54,0,0,0,39,,
2022-03-02,17:15,10.3,0.6,52,WNW,16.1,27.4,1021.5,0,0,0,46,,
2022-03-02,17:30,9.9,0.6,54,WEST,17.7,20.9,1021.5,0,0,0,40,,
2022-03-02,17:45,9.6,1.1,56,NW,9.7,19.3,1021.44,0,0,0,26,,
2022-03-02,18:00,9.1,1.1,58,WNW,8,14.5,1021.44,0,0,0,14,,
2022-03-02,18:15,8.8,1.1,60,NW,6.4,11.3,1021.57,0,0,0,0,,
2022-03-02,18:30,8.6,1.7,63,WNW,8,14.5,1021.54,0,0,0,0,,
2022-03-02,18:45,8.3,1.7,65,WNW,6.4,16.1,1021.64,0,0,0,0,,
2022-03-02,19:00,8.1,2.2,66,WNW,6.4,16.1,1021.64,0,0,0,0,,
2022-03-02,19:15,8.1,2.2,68,NW,6.4,16.1,1021.67,0,0,0,0,,
2022-03-02,19:30,7.8,2.2,69,NW,1.6,8,1021.64,0,0,0,0,,
2022-03-02,19:45,7.6,2.2,70,WNW,6.4,8,1021.64,0,0,0,0,,
2022-03-02,20:00,7.8,2.8,70,WNW,6.4,17.7,1021.67,0,0,0,0,,
2022-03-02,20:15,7.9,2.8,71,WNW,8,11.3,1021.71,0,0,0,0,,
2022-03-02,20:30,7.8,2.8,71,WNW,6.4,14.5,1021.57,0,0,0,0,,
2022-03-02,20:45,7.7,2.8,71,NW,4.8,6.4,1021.67,0,0,0,0,,
2022-03-02,21:00,7.3,2.8,73,NW,3.2,6.4,1021.88,0,0,0,0,,
2022-03-02,21:15,7.1,2.8,74,NW,1.6,6.4,1021.74,0,0,0,0,,
2022-03-02,21:30,6.6,2.2,75,NORTH,0,6.4,1021.98,0,0,0,0,,
2022-03-02,21:45,6.4,2.8,77,NORTH,0,3.2,1021.81,0,0,0,0,,
2022-03-02,22:00,6,2.2,78,NW,1.6,1.6,1021.61,0,0,0,0,,
2022-03-02,22:15,5.7,2.2,79,NORTH,0,3.2,1021.71,0,0,0,0,,
2022-03-02,22:30,5.9,2.2,79,NORTH,0,3.2,1021.5,0,0,0,0,,
2022-03-02,22:45,5.9,2.8,80,NORTH,0,1.6,1021.5,0,0,0,0,,
2022-03-02,23:00,5.9,2.8,80,,1.6,3.2,1021.47,0,0,0,0,,
2022-03-02,23:15,5.8,2.8,82,ESE,3.2,4.8,1021.44,0,0,0,0,,
2022-03-02,23:30,5.9,2.8,82,ESE,3.2,4.8,1021.3,0,0,0,0,,
2022-03-02,23:45,5.6,2.2,81,ESE,3.2,6.4,1021.2,0,0,0,0,,
2022-03-02,OVR,,,,,,,,,,,,gustmax,25.7
2022-03-02,OVR,,,,,,,,,,,,rainrate_max,0
2022-03-02,OVR,,,,,,,,,,,,rain_total_mm,0
2022-03-02,OVR,,,,,,,,,,,,tmax,12.6
2022-03-02,OVR,,,,,,,,,,,,tmin,2
2022-03-02,OVR,,,,,,,,,,,,wind_dir_mean_deg,67.5
2022-03-03,00:00,5.8,2.8,81,ESE,1.6,4.8,1021,0,0,0,0,,
2022-03-03,00:15,5.8,2.8,81,ESE,1.6,6.4,1020.83,0,0,0,0,,
2022-03-03,00:30,6.2,2.8,81,ESE,3.2,4.8,1020.76,0,0,0,0,,
2022-03-03,00:45,6.1,3.3,82,ESE,1.6,3.2,1020.66,0,0,0,0,,
2022-03-03,01:00,5.7,2.8,84,NORTH,0,1.6,1020.62,0,0,0,0,,
2022-03-03,01:15,5.9,3.3,85,NORTH,0,0,1020.66,0,0,0,0,,
2022-03-03,01:30,5.4,2.8,86,NORTH,0,3.2,1020.45,0,0,0,0,,
2022-03-03,01:45,5.3,3.3,86,NORTH,0,0,1020.32,0,0,0,0,,
2022-03-03,02:00,6.1,3.9,86,NORTH,0,0,1020.29,0,0,0,0,,
2022-03-03,02:15,6,3.9,86,NORTH,0,0,1020.05,0,0,0,0,,
2022-03-03,02:30,6.2,3.9,86,ESE,3.2,3.2,1019.88,0,0,0,0,,
2022-03-03,02:45,6.4,3.9,85,ESE,1.6,3.2,1019.47,0,0,0,0,,
2022-03-03,03:00,6.3,3.9,85,NORTH,0,3.2,1019.34,0,0,0,0,,
2022-03-03,03:15,5.9,3.9,86,NORTH,0,3.2,1019.37,0,0,0,0,,
2022-03-03,03:30,6,3.9,86,NORTH,0,3.2,1019.13,0,0,0,0,,
2022-03-03,03:45,6.1,3.9,86,NORTH,0,4.8,1018.93,0,0,0,0,,
2022-03-03,04:00,5.9,3.3,86,ESE,1.6,1.6,1018.93,0,0,0,0,,
2022-03-03,04:15,6,3.3,85,ESE,3.2,3.2,1019,0,0,0,0,,
2022-03-03,04:30,6.1,3.3,84,NORTH,0,4.8,1018.83,0,0,0,0,,
2022-03-03,04:45,5.6,3.3,85,NORTH,0,1.6,1018.9,0,0,0,0,,
2022-03-03,05:00,5.6,3.3,86,ESE,3.2,6.4,1018.63,0,0,0,0,,
2022-03-03,05:15,6,3.9,86,ESE,3.2,4.8,1018.42,0,0,0,0,,
2022-03-03,05:30,6.3,3.9,86,EAST,3.2,6.4,1018.29,0,0,0,0,,
2022-03-03,05:45,6.2,3.9,85,EAST,3.2,4.8,1018.22,0,0,0,0,,
2022-03-03,06:00,5.8,3.3,85,EAST,3.2,4.8,1017.98,0,0,0,0,,
2022-03-03,06:15,6,2.8,81,EAST,3.2,4.8,1017.88,0,0,0,0,,
2022-03-03,06:30,6.2,2.2,77,NORTH,0,4.8,1017.91,0,0,0,0,,
2022-03-03,06:45,5.2,1.7,79,EAST,1.6,1.6,1017.81,0,0,0,0,,
2022-03-03,07:00,4.9,1.1,77,EAST,1.6,3.2,1017.91,0,0,0,0,,
2022-03-03,07:15,5,0.6,74,EAST,1.6,4.8,1017.81,0,0,0,9,,
2022-03-03,07:30,5.2,0.6,72,EAST,1.6,4.8,1017.75,0,0,0,23,,
2022-03-03,07:45,6,0,67,EAST,3.2,3.2,1017.85,0,0,0,33,,
2022-03-03,08:00,5.9,0.6,68,EAST,1.6,3.2,1017.78,0,0,0,155,,
2022-03-03,08:15,7.8,0.6,61,NORTH,0,3.2,1017.81,0,0,0,251,,
2022-03-03,08:30,8.5,2.2,65,NORTH,0,0,1017.81,0,0,0,218,,
2022-03-03,08:45,8.7,1.7,63,EAST,1.6,3.2,1017.81,0,0,1,397,,
2022-03-03,09:00,9.8,2.2,61,EAST,3.2,4.8,1017.68,0,0,1,218,,
2022-03-03,09:15,9.8,2.8,62,NW,1.6,6.4,1017.81,0,0,1,278,,
2022-03-03,09:30,10.2,3.3,62,NW,4.8,6.4,1017.88,0,0,1,279,,
2022-03-03,09:45,9.9,2.8,63,NORTH,0,6.4,1017.95,0,0,1,220,,
2022-03-03,10:00,9.7,3.3,66,SSE,6.4,8,1018.02,0,0,1,253,,
2022-03-03,10:15,9.9,4.4,69,SSE,1.6,6.4,1017.95,0,0,1,216,,
2022-03-03,10:30,9.9,3.9,68,SSE,1.6,6.4,1017.88,0,0,1,204,,
2022-03-03,10:45,10.1,4.4,68,NORTH,0,3.2,1017.78,0,0,1,192,,
2022-03-03,11:00,10.4,3.3,62,SOUTH,1.6,6.4,1017.78,0,0,1,279,,
2022-03-03,11:15,11.1,4.4,64,SOUTH,3.2,8,1017.58,0,0,3,649,,
2022-03-03,11:30,11.3,3.3,58,SSE,6.4,9.7,1017.51,0,0,2,411,,
2022-03-03,11:45,11.5,3.3,59,SOUTH,3.2,4.8,1017.51,0,0,2,265,,
2022-03-03,12:00,11.4,2.8,57,SOUTH,1.6,6.4,1017.31,0,0,3,396,,
2022-03-03,12:15,12.1,3.3,55,WSW,1.6,8,1017.14,0,0,2,462,,
2022-03-03,12:30,12.1,3.9,58,NORTH,0,8,1016.83,0,0,2,401,,
2022-03-03,12:45,12.8,3.9,55,NNW,3.2,8,1016.46,0,0,3,650,,
2022-03-03,13:00,12.9,4.4,56,ENE,4.8,8,1016.39,0,0,2,443,,
2022-03-03,13:15,12.8,3.9,54,NW,3.2,12.9,1016.22,0,0,2,366,,
2022-03-03,13:30,12.7,3.3,54,SSE,1.6,9.7,1016.05,0,0,2,323,,
2022-03-03,13:45,12.8,3.3,53,SSE,1.6,6.4,1015.88,0,0,2,308,,
2022-03-03,14:00,12.8,2.8,52,SW,1.6,8,1015.82,0,0,2,316,,
2022-03-03,14:15,12.8,2.8,52,NW,4.8,19.3,1015.75,0,0,1,297,,
2022-03-03,14:30,12.7,2.8,52,WNW,6.4,20.9,1015.51,0,0,2,353,,
2022-03-03,14:45,12.9,3.3,52,WNW,6.4,14.5,1015.48,0,0,1,315,,
2022-03-03,15:00,12.9,3.3,53,SSE,4.8,9.7,1015.27,0,0,1,214,,
2022-03-03,15:15,12.9,3.3,53,WNW,4.8,17.7,1015.31,0,0,1,248,,
2022-03-03,15:30,12.9,3.9,56,WNW,6.4,19.3,1015.07,0,0,1,171,,
2022-03-03,15:45,12.7,3.9,56,WEST,9.7,20.9,1014.93,0,0,0,134,,
2022-03-03,16:00,12.7,4.4,57,WEST,11.3,17.7,1014.77,0,0,0,83,,
2022-03-03,16:15,12.6,3.9,57,WEST,11.3,11.3,1014.8,0,0,0,88,,
2022-03-03,16:30,12.6,5,59,WNW,11.3,17.7,1014.6,0,0,0,95,,
2022-03-03,16:45,12.3,4.4,60,WEST,6.4,19.3,1014.53,0,0,0,74,,
2022-03-03,17:00,12.2,4.4,60,WNW,8,16.1,1014.43,0,0,0,58,,
2022-03-03,17:15,11.9,5,63,WEST,9.7,20.9,1014.26,0,0,0,58,,
2022-03-03,17:30,11.6,5,66,WNW,4.8,20.9,1014.26,0,0,0,33,,
2022-03-03,17:45,11.4,5,67,WNW,14.5,16.1,1014.26,0,0,0,25,,
2022-03-03,18:00,11.1,5,66,WNW,6.4,9.7,1014.29,0,0,0,14,,
2022-03-03,18:15,10.2,5,70,WNW,3.2,6.4,1014.33,0,0,0,0,,
2022-03-03,18:30,10.6,5,70,WNW,6.4,11.3,1014.56,0,0,0,0,,
2022-03-03,18:45,10.4,5.6,72,WNW,6.4,12.9,1014.46,0,0,0,0,,
2022-03-03,19:00,10.3,6.1,76,WNW,11.3,14.5,1014.49,0,0,0,0,,
2022-03-03,19:15,10.2,6.1,78,NW,4.8,17.7,1014.46,0,0,0,0,,
2022-03-03,19:30,10.1,6.7,79,WNW,6.4,12.9,1014.33,0,0,0,0,,
2022-03-03,19:45,9.9,6.1,79,NORTH,0,6.4,1014.29,0,0,0,0,,
2022-03-03,20:00,9.1,5.6,81,NORTH,0,3.2,1014.29,0,0,0,0,,
2022-03-03,20:15,8.9,5.6,81,NORTH,0,3.2,1014.29,0,0,0,0,,
2022-03-03,20:30,8.3,5.6,83,NW,1.6,1.6,1014.29,0,0,0,0,,
2022-03-03,20:45,7.6,5,84,NW,3.2,3.2,1014.09,0,0,0,0,,
2022-03-03,21:00,7.8,5,84,,3.2,4.8,1014.16,0,0,0,0,,
2022-03-03,21:15,7.6,5,83,,1.6,4.8,1014.29,0,0,0,0,,
2022-03-03,21:30,7.7,4.4,82,NE,4.8,6.4,1014.09,0,0,0,0,,
2022-03-03,21:45,8.6,5.6,82,NE,4.8,9.7,1014.05,0,0,0,0,,
2022-03-03,22:00,7.8,5,84,NE,3.2,6.4,1014.12,0,0,0,0,,
2022-03-03,22:15,7.6,5,84,NE,3.2,4.8,1014.19,0,0,0,0,,
2022-03-03,22:30,7.6,5,84,NE,1.6,4.8,1014.26,0,0,0,0,,
2022-03-03,22:45,7.7,5,84,NE,1.6,3.2,1014.33,0,0,0,0,,
2022-03-03,23:00,7.3,5,85,NE,1.6,3.2,1014.16,0,0,0,0,,
2022-03-03,23:15,6.9,4.4,86,NE,3.2,6.4,1014.09,0,0,0,0,,
2022-03-03,23:30,6.8,4.4,86,NE,1.6,4.8,1014.12,0,0,0,0,,
2022-03-03,23:45,6.6,4.4,87,NE,1.6,3.2,1014.05,0,0,0,0,,
2022-03-03,OVR,,,,,,,,,,,,gustmax,14.5
2022-03-03,OVR,,,,,,,,,,,,rainrate_max,0
2022-03-03,OVR,,,,,,,,,,,,rain_total_mm,0
2022-03-03,OVR,,,,,,,,,,,,tmax,13.4
2022-03-03,OVR,,,,,,,,,,,,tmin,4.9
2022-03-03,OVR,,,,,,,,,,,,wind_dir_mean_deg,112.5
2022-03-04,00:00,6.8,4.4,87,NE,1.6,4.8,1013.99,0,0,0,0,,
2022-03-04,00:15,6.3,3.9,86,NE,3.2,6.4,1014.12,0,0,0,0,,
2022-03-04,00:30,6.4,3.9,85,NE,3.2,6.4,1014.16,0,0,0,0,,
2022-03-04,00:45,6.5,3.9,86,NE,3.2,4.8,1014.16,0,0,0,0,,
2022-03-04,01:00,6.2,3.9,87,NE,3.2,4.8,1013.88,0,0,0,0,,
2022-03-04,01:15,5.8,3.9,88,NE,3.2,3.2,1013.72,0,0,0,0,,
2022-03-04,01:30,6.2,3.9,87,NE,3.2,4.8,1013.72,0,0,0,0,,
2022-03-04,01:45,5.9,3.9,86,NE,1.6,4.8,1013.65,0,0,0,0,,
2022-03-04,02:00,6,3.9,86,NE,3.2,6.4,1013.51,0,0,0,0,,
2022-03-04,02:15,6.3,3.9,86,NE,4.8,4.8,1013.58,0,0,0,0,,
2022-03-04,02:30,6.3,3.9,86,NE,4.8,6.4,1013.38,0,0,0,0,,
2022-03-04,02:45,6.9,5,87,ESE,9.7,12.9,1012.97,0,0,0,0,,
2022-03-04,03:00,7.4,5,86,ESE,6.4,14.5,1012.67,0,0,0,0,,
2022-03-04,03:15,7.3,5,86,ESE,6.4,11.3,1012.73,0,0,0,0,,
2022-03-04,03:30,7.1,4.4,85,ESE,6.4,14.5,1012.6,0,0,0,0,,
2022-03-04,03:45,7.1,4.4,86,ESE,4.8,12.9,1012.67,0,0,0,0,,
2022-03-04,04:00,7.1,4.4,85,ESE,4.8,12.9,1012.26,0,0,0,0,,
2022-03-04,04:15,7.5,5,85,ESE,4.8,11.3,1012.23,0,0,0,0,,
2022-03-04,04:30,7.7,5,84,ESE,4.8,6.4,1012.33,0,0,0,0,,
2022-03-04,04:45,7.8,5.6,85,EAST,11.3,9.7,1012.16,0,0,0,0,,
2022-03-04,05:00,7.1,4.4,84,ESE,4.8,12.9,1012.02,0,0,0,0,,
2022-03-04,05:15,7.5,5,84,ESE,4.8,11.3,1012.12,0,0,0,0,,
2022-03-04,05:30,7.4,4.4,83,EAST,3.2,9.7,1011.99,0,0,0,0,,
2022-03-04,05:45,6.8,3.9,83,EAST,3.2,9.7,1012.16,0,0,0,0,,
2022-03-04,06:00,6.5,3.9,85,EAST,1.6,6.4,1012.12,0,0,0,0,,
2022-03-04,06:15,5.9,3.3,84,EAST,3.2,9.7,1011.99,0,0,0,0,,
2022-03-04,06:30,6.7,4.4,88,EAST,4.8,6.4,1011.92,0,0,0,0,,
2022-03-04,06:45,7.2,5,87,EAST,1.6,6.4,1011.99,0,0,0,0,,
2022-03-04,07:00,6,3.9,87,NORTH,0,4.8,1012.06,0,0,0,9,,
2022-03-04,07:15,6.7,5,89,NORTH,0,3.2,1011.95,0,0,0,25,,
2022-03-04,07:30,7,5,88,EAST,4.8,4.8,1012.16,0,0,0,86,,
2022-03-04,07:45,7.2,4.4,84,EAST,1.6,6.4,1012.23,0,0,0,42,,
2022-03-04,08:00,7.6,4.4,83,NORTH,0,9.7,1012.39,0,0,0,49,,
2022-03-04,08:15,7.6,4.4,81,EAST,1.6,4.8,1012.33,0,0,0,104,,
2022-03-04,08:30,7.9,4.4,80,EAST,1.6,11.3,1012.43,0,0,0,128,,
2022-03-04,08:45,8.3,4.4,78,EAST,6.4,9.7,1012.63,0,0,0,125,,
2022-03-04,09:00,8.4,4.4,77,EAST,4.8,8,1012.39,0,0,0,148,,
2022-03-04,09:15,8.8,5,77,EAST,4.8,11.3,1012.67,0,0,1,207,,
2022-03-04,09:30,10,6.1,78,EAST,9.7,12.9,1012.53,0,0,1,591,,
2022-03-04,09:45,10.7,6.1,75,EAST,3.2,11.3,1012.67,0,0,2,515,,
2022-03-04,10:00,10.9,6.7,76,SE,6.4,12.9,1012.63,0,0,2,564,,
2022-03-04,10:30,11.2,7.2,76,SE,4.8,14.5,1012.7,0,0,2,643,,
2022-03-04,10:45,11.1,6.7,76,SE,3.2,12.9,1012.63,0,0,2,439,,
2022-03-04,11:00,11.2,7.2,76,SE,1.6,11.3,1012.67,0,0,2,339,,
2022-03-04,11:15,11.7,7.2,74,SW,3.2,6.4,1012.63,0,0,2,278,,
2022-03-04,11:30,11.7,7.2,75,ESE,4.8,9.7,1012.63,0,0,1,195,,
2022-03-04,11:45,11.8,7.2,74,ESE,1.6,4.8,1012.53,0,0,1,186,,
2022-03-04,12:00,11.9,7.2,75,ESE,3.2,6.4,1012.43,0,0,1,236,,
2022-03-04,12:15,11.8,7.2,75,ESE,1.6,9.7,1012.36,0,0,1,153,,
2022-03-04,12:30,12.3,7.8,74,ESE,3.2,4.8,1012.26,0,0,2,374,,
2022-03-04,12:45,12.2,7.8,74,SSE,11.3,8,1012.02,0,0,3,397,,
2022-03-04,13:00,13.1,7.8,70,WEST,4.8,9.7,1011.99,0,0,4,902,,
2022-03-04,13:15,13,7.8,70,WSW,1.6,11.3,1011.65,0,0,3,353,,
2022-03-04,13:30,12.8,7.8,71,WNW,6.4,22.5,1011.48,0,0,2,227,,
2022-03-04,13:45,12.8,7.2,71,WEST,19.3,17.7,1011.34,0,0,2,156,,
2022-03-04,14:00,12.3,7.8,73,WEST,6.4,20.9,1011.07,0,0,2,209,,
2022-03-04,14:15,12.4,7.8,73,NW,9.7,20.9,1010.8,0,0,1,132,,
2022-03-04,14:30,12.7,7.8,73,WNW,8,25.7,1010.67,0,0,1,230,,
2022-03-04,14:45,12.6,7.8,75,WNW,14.5,29,1010.7,0,0,2,218,,
2022-03-04,15:00,13,8.3,73,WNW,11.3,40.2,1010.63,0,0,2,684,,
2022-03-04,15:15,12.8,7.8,73,WNW,29,32.2,1010.6,0,0,2,559,,
2022-03-04,15:30,12.4,7.2,73,WNW,17.7,32.2,1010.63,0,0,2,497,,
2022-03-04,15:45,12.7,7.2,70,NW,16.1,30.6,1010.6,0,0,1,439,,
2022-03-04,16:00,12.6,7.2,71,WEST,12.9,33.8,1010.43,0,0,1,443,,
2022-03-04,16:15,11.9,7.8,76,NW,12.9,40.2,1010.53,0,0,1,70,,
2022-03-04,16:30,11.4,7.2,76,WEST,19.3,40.2,1010.53,0,0,1,84,,
2022-03-04,16:45,11.3,7.2,76,WEST,25.7,37,1010.46,0,0,0,51,,
2022-03-04,17:00,11,7.2,77,WNW,14.5,33.8,1010.36,0,0,0,33,,
2022-03-04,17:15,10.8,6.7,77,WEST,24.1,29,1010.4,0,0,0,25,,
2022-03-04,17:30,10.8,7.2,79,WEST,25.7,25.7,1010.5,0,0,0,30,,
2022-03-04,17:45,10.7,7.2,78,WEST,20.9,27.4,1010.46,0,0,0,21,,
2022-03-04,18:00,10.4,7.2,81,WEST,19.3,27.4,1010.6,0,0,0,16,,
2022-03-04,18:15,10.2,7.2,83,WEST,14.5,22.5,1010.8,0,0,0,0,,
2022-03-04,18:30,10.1,7.2,84,WEST,14.5,24.1,1010.77,0,0,0,0,,
2022-03-04,18:45,10,7.2,85,WEST,12.9,24.1,1010.87,0,0,0,0,,
2022-03-04,19:00,9.8,7.2,86,WNW,17.7,22.5,1010.77,0,0,0,0,,
2022-03-04,19:15,9.8,7.2,86,WEST,20.9,24.1,1010.97,0,0,0,0,,
2022-03-04,19:30,9.9,7.8,87,WNW,20.9,24.1,1010.94,0,0,0,0,,
2022-03-04,19:45,9.8,7.8,87,WNW,11.3,24.1,1010.94,0,0,0,0,,
2022-03-04,20:00,9.5,7.2,88,WNW,12.9,22.5,1011.18,0,0,0,0,,
2022-03-04,20:15,9.5,7.2,88,WEST,16.1,20.9,1011.14,0,0,0,0,,
2022-03-04,20:30,9.4,7.2,88,WNW,14.5,24.1,1011.18,0,0,0,0,,
2022-03-04,20:45,9.4,7.2,88,WNW,14.5,17.7,1011.18,0,0,0,0,,
2022-03-04,21:00,9.3,7.2,88,WNW,12.9,20.9,1011.34,0,0,0,0,,
2022-03-04,21:15,9.4,7.2,88,WNW,12.9,25.7,1011.38,0,0,0,0,,
2022-03-04,21:30,9.3,7.2,87,WNW,11.3,25.7,1011.41,0,0,0,0,,
2022-03-04,21:45,9.3,7.2,87,WNW,11.3,19.3,1011.45,0,0,0,0,,
2022-03-04,22:00,8.7,6.7,87,NNW,6.4,11.3,1011.48,0,0,0,0,,
2022-03-04,22:15,8.3,6.1,88,NORTH,0,1.6,1011.55,0,0,0,0,,
2022-03-04,22:30,8.3,6.7,89,WNW,6.4,11.3,1011.48,0,0,0,0,,
2022-03-04,22:45,8.3,6.1,87,NORTH,0,4.8,1011.34,0,0,0,0,,
2022-03-04,23:00,8.2,6.1,88,NORTH,0,4.8,1011.04,0,0,0,0,,
2022-03-04,23:15,7.8,6.1,89,NORTH,0,1.6,1011.01,0,0,0,0,,
2022-03-04,23:30,7.9,6.1,90,NORTH,0,1.6,1011.01,0,0,0,0,,
2022-03-04,23:45,7.9,6.1,90,NORTH,0,1.6,1011.04,0,0,0,0,,
2022-03-04,OVR,,,,,,,,,,,,gustmax,29
2022-03-04,OVR,,,,,,,,,,,,rainrate_max,0
2022-03-04,OVR,,,,,,,,,,,,rain_total_mm,0
2022-03-04,OVR,,,,,,,,,,,,tmax,13.3
2022-03-04,OVR,,,,,,,,,,,,tmin,5.8
2022-03-04,OVR,,,,,,,,,,,,wind_dir_mean_deg,90
2022-03-05,00:00,8.2,6.7,90,NORTH,0,1.6,1011.01,0,0,0,0,,
2022-03-05,00:15,8.2,6.1,89,NNW,6.4,6.4,1010.8,0,0,0,0,,
2022-03-05,00:30,8.4,6.1,87,NNW,1.6,6.4,1010.77,0,0,0,0,,
2022-03-05,00:45,7.7,5.6,87,NORTH,0,3.2,1010.8,0,0,0,0,,
2022-03-05,01:00,7.7,5.6,89,NORTH,0,1.6,1010.77,0,0,0,0,,
2022-03-05,01:15,7.3,5.6,89,NORTH,0,1.6,1010.84,0,0,0,0,,
2022-03-05,01:30,7.3,5.6,90,NORTH,0,1.6,1010.84,0,0,0,0,,
2022-03-05,01:45,7.4,5.6,90,NNW,1.6,3.2,1010.7,0,0,0,0,,
2022-03-05,02:00,7.7,6.1,90,NORTH,0,3.2,1010.7,0,0,0,0,,
2022-03-05,02:15,7.9,6.1,89,NW,6.4,9.7,1010.63,0,0,0,0,,
2022-03-05,02:30,7.9,5.6,88,NNW,1.6,6.4,1010.67,0,0,0,0,,
2022-03-05,02:45,7.9,5.6,88,NNW,4.8,8,1010.57,0,0,0,0,,
2022-03-05,03:00,7.7,5.6,87,NW,6.4,9.7,1010.43,0,0,0,0,,
2022-03-05,03:15,7.6,5.6,87,NNW,4.8,12.9,1010.63,0,0,0,0,,
2022-03-05,03:30,7.3,5,87,NNW,3.2,8,1010.4,0,0,0,0,,
2022-03-05,03:45,7.1,5,87,,4.8,8,1010.4,0,0,0,0,,
2022-03-05,04:00,6.5,4.4,87,NE,3.2,8,1010.57,0,0,0,0,,
2022-03-05,04:15,6.6,4.4,87,NORTH,0,6.4,1010.57,0,0,0,0,,
2022-03-05,04:30,6.2,3.9,88,NNW,3.2,8,1010.57,0,0,0,0,,
2022-03-05,04:45,5.7,3.9,90,NORTH,1.6,6.4,1010.43,0,0,0,0,,
2022-03-05,05:00,5.6,3.9,90,NORTH,1.6,3.2,1010.53,0,0,0,0,,
2022-03-05,05:15,5,3.3,91,NORTH,1.6,3.2,1010.57,0,0,0,0,,
2022-03-05,05:30,5,3.3,91,NORTH,1.6,3.2,1010.74,0,0,0,0,,
2022-03-05,05:45,4.8,3.3,91,NORTH,0,3.2,1010.94,0,0,0,0,,
2022-03-05,06:00,4.6,3.3,91,NORTH,1.6,3.2,1011.01,0,0,0,0,,
2022-03-05,06:15,4.8,3.3,91,NORTH,1.6,3.2,1010.97,0,0,0,0,,
2022-03-05,06:30,4.8,3.3,91,NE,1.6,4.8,1010.87,0,0,0,0,,
2022-03-05,06:45,4.8,3.3,92,NE,3.2,3.2,1010.84,0,0,0,0,,
2022-03-05,07:00,4.9,3.3,91,NORTH,0,1.6,1010.8,0,0,0,7,,
2022-03-05,07:15,4.6,2.8,91,NORTH,0,3.2,1011.18,0,0,0,18,,
2022-03-05,07:30,4.3,2.2,88,NE,1.6,4.8,1011.28,0,0,0,39,,
2022-03-05,07:45,4.7,2.8,87,NORTH,0,4.8,1011.18,0,0,0,104,,
2022-03-05,08:00,4.8,2.8,87,NORTH,0,3.2,1011.38,0,0,0,169,,
2022-03-05,08:15,5.8,3.3,84,NORTH,0,3.2,1011.55,0,0,0,230,,
2022-03-05,08:30,6.2,2.8,80,NNW,4.8,6.4,1011.68,0,0,1,278,,
2022-03-05,08:45,6.4,2.8,79,NW,3.2,8,1011.95,0,0,1,325,,
2022-03-05,09:00,7,2.8,76,NW,4.8,8,1011.85,0,0,1,383,,
2022-03-05,09:15,7.3,3.3,76,WNW,8,8,1011.99,0,0,1,431,,
2022-03-05,09:30,7.7,3.3,74,NW,4.8,8,1011.89,0,0,1,475,,
2022-03-05,09:45,8.2,3.3,71,NW,4.8,8,1012.19,0,0,2,510,,
2022-03-05,10:00,8.6,2.8,69,NW,3.2,14.5,1012.19,0,0,2,555,,
2022-03-05,10:15,8.7,2.2,66,NNW,4.8,12.9,1012.09,0,0,2,591,,
2022-03-05,10:30,9.1,2.2,63,NNW,6.4,11.3,1012.26,0,0,2,643,,
2022-03-05,10:45,9.6,1.1,57,WNW,12.9,11.3,1012.16,0,0,3,664,,
2022-03-05,11:00,9.7,1.1,56,WNW,14.5,16.1,1012.26,0,0,3,687,,
2022-03-05,11:15,10.1,1.1,53,NORTH,0,16.1,1012.09,0,0,3,673,,
2022-03-05,11:30,10.7,1.1,52,WNW,14.5,14.5,1012.26,0,0,3,752,,
2022-03-05,11:45,11.1,0.6,48,NNW,4.8,19.3,1012.12,0,0,4,877,,
2022-03-05,12:00,11.2,1.1,51,NW,1.6,17.7,1012.19,0,0,3,657,,
2022-03-05,12:15,11.3,0,47,NW,8,17.7,1012.09,0,0,3,550,,
2022-03-05,12:30,11.7,-0.6,43,WNW,6.4,17.7,1011.92,0,0,3,278,,
2022-03-05,12:45,12.1,2.2,51,SSE,9.7,20.9,1011.75,0,0,4,752,,
2022-03-05,13:00,12.6,1.7,48,WEST,11.3,25.7,1011.68,0,0,3,738,,
2022-03-05,13:15,12.3,0.6,45,WNW,19.3,27.4,1011.41,0,0,3,735,,
2022-03-05,13:30,12.8,0,41,WEST,16.1,22.5,1011.24,0,0,3,722,,
2022-03-05,13:45,12.9,0.6,43,WEST,4.8,17.7,1010.9,0,0,2,323,,
2022-03-05,14:00,12.6,0,43,NNW,3.2,20.9,1010.97,0,0,3,664,,
2022-03-05,14:15,13.1,-0.6,40,WNW,14.5,25.7,1011.04,0,0,3,668,,
2022-03-05,14:30,13,-0.6,39,WEST,16.1,20.9,1011.01,0,0,3,619,,
2022-03-05,14:45,13.5,-1.1,37,NW,8,17.7,1010.7,0,0,2,613,,
2022-03-05,15:00,13.4,-0.6,38,NW,16.1,22.5,1010.67,0,0,2,589,,
2022-03-05,15:15,12.9,-2.2,35,NW,17.7,22.5,1010.8,0,0,1,181,,
2022-03-05,15:30,12.1,2.2,52,WNW,17.7,37,1010.94,0,0,1,250,,
2022-03-05,15:45,12.3,2.2,51,WEST,22.5,38.6,1010.77,0,0,1,461,,
2022-03-05,16:00,12.1,2.8,54,WEST,14.5,43.5,1010.97,0,0,1,381,,
2022-03-05,16:15,11.8,2.8,55,WNW,19.3,40.2,1010.97,0,0,1,113,,
2022-03-05,16:30,11.8,3.3,56,WEST,20.9,33.8,1011.04,0,0,1,90,,
2022-03-05,16:45,11.8,2.8,55,WNW,14.5,37,1011.14,0,0,0,162,,
2022-03-05,17:00,11.6,2.8,55,WEST,16.1,37,1011.24,0,0,0,132,,
2022-03-05,17:15,11.5,2.2,53,WEST,16.1,29,1011.18,0,0,0,100,,
2022-03-05,17:30,11.5,2.2,54,WEST,14.5,24.1,1011.24,0,0,0,51,,
2022-03-05,17:45,11.3,2.2,55,SOUTH,17.7,33.8,1011.38,0,0,0,33,,
2022-03-05,18:00,10.8,2.2,56,WNW,12.9,32.2,1011.45,0,0,0,21,,
2022-03-05,18:15,10.6,2.2,57,WEST,19.3,22.5,1011.45,0,0,0,7,,
2022-03-05,18:30,10.2,2.2,58,WNW,11.3,27.4,1011.75,0,0,0,0,,
2022-03-05,18:45,9.9,2.8,61,WNW,6.4,22.5,1011.89,0,0,0,0,,
2022-03-05,19:00,9.7,2.2,62,WNW,16.1,17.7,1011.99,0,0,0,0,,
2022-03-05,19:15,9.3,2.2,63,WNW,11.3,22.5,1012.12,0,0,0,0,,
2022-03-05,19:30,9.2,2.2,63,WNW,3.2,14.5,1012.26,0,0,0,0,,
2022-03-05,19:45,8.1,2.2,66,NORTH,0,4.8,1012.43,0,0,0,0,,
2022-03-05,20:00,7.6,2.2,70,NORTH,0,3.2,1012.67,0,0,0,0,,
2022-03-05,20:15,7.3,2.2,70,NORTH,0,3.2,1012.67,0,0,0,0,,
2022-03-05,20:30,7.7,2.8,72,SSW,1.6,4.8,1012.67,0,0,0,0,,
2022-03-05,20:45,7.1,2.2,72,NORTH,0,3.2,1012.63,0,0,0,0,,
2022-03-05,21:00,6.8,2.2,74,SSW,1.6,3.2,1012.7,0,0,0,0,,
2022-03-05,21:15,6.3,2.2,76,SSW,1.6,3.2,1012.87,0,0,0,0,,
2022-03-05,21:30,6.3,2.2,76,NORTH,0,3.2,1013.04,0,0,0,0,,
2022-03-05,21:45,6.3,2.2,77,NORTH,0,0,1013.17,0,0,0,0,,
2022-03-05,22:00,6.3,2.2,76,SOUTH,1.6,3.2,1013.34,0,0,0,0,,
2022-03-05,22:15,5.7,2.2,79,SOUTH,1.6,3.2,1013.44,0,0,0,0,,
2022-03-05,22:30,5.8,2.2,79,SOUTH,1.6,3.2,1013.48,0,0,0,0,,
2022-03-05,22:45,6.3,2.8,79,SSE,1.6,6.4,1013.51,0,0,0,0,,
2022-03-05,23:00,6.3,2.8,78,SSE,3.2,4.8,1013.48,0,0,0,0,,
2022-03-05,23:15,6.2,2.2,77,SSE,3.2,3.2,1013.72,0,0,0,0,,
2022-03-05,23:30,5.9,2.2,79,SE,3.2,4.8,1013.58,0,0,0,0,,
2022-03-05,23:45,6.4,2.8,79,SE,1.6,4.8,1013.68,0,0,0,0,,
2022-03-05,OVR,,,,,,,,,,,,gustmax,22.5
2022-03-05,OVR,,,,,,,,,,,,rainrate_max,0
2022-03-05,OVR,,,,,,,,,,,,rain_total_mm,0
2022-03-05,OVR,,,,,,,,,,,,tmax,13.6
2022-03-05,OVR,,,,,,,,,,,,tmin,4.2
2022-03-05,OVR,,,,,,,,,,,,wind_dir_mean_deg,292.5
2022-03-06,00:00,6.4,2.8,78,NORTH,0,3.2,1013.68,0,0,0,0,,
2022-03-06,00:15,5.9,2.8,81,SE,3.2,3.2,1013.41,0,0,0,0,,
2022-03-06,00:30,6.4,2.8,79,SE,1.6,3.2,1013.44,0,0,0,0,,
2022-03-06,00:45,6.2,2.8,80,SE,3.2,3.2,1013.44,0,0,0,0,,
2022-03-06,01:00,6.1,2.8,80,NORTH,0,3.2,1013.34,0,0,0,0,,
2022-03-06,01:15,6.1,2.8,80,NORTH,0,1.6,1013.48,0,0,0,0,,
2022-03-06,01:30,5.6,2.2,81,NORTH,0,0,1013.38,0,0,0,0,,
2022-03-06,01:45,5.9,2.8,81,NORTH,0,0,1013.55,0,0,0,0,,
2022-03-06,02:00,5.9,2.8,80,NORTH,0,3.2,1013.55,0,0,0,0,,
2022-03-06,02:15,6.1,2.8,79,SE,1.6,3.2,1013.44,0,0,0,0,,
2022-03-06,02:30,5.9,2.2,79,ESE,1.6,3.2,1013.44,0,0,0,0,,
2022-03-06,02:45,6,2.2,76,ESE,1.6,3.2,1013.34,0,0,0,0,,
2022-03-06,03:00,6.1,1.7,73,ESE,1.6,3.2,1013.24,0,0,0,0,,
2022-03-06,03:15,6.2,1.1,72,NORTH,0,3.2,1012.97,0,0,0,0,,
2022-03-06,03:30,6.2,1.1,71,NORTH,0,4.8,1013.11,0,0,0,0,,
2022-03-06,03:45,6.1,1.1,71,NORTH,0,1.6,1013.17,0,0,0,0,,
2022-03-06,04:00,5.6,1.1,73,NORTH,0,0,1013.24,0,0,0,0,,
2022-03-06,04:15,5.5,1.1,73,NORTH,0,3.2,1013.34,0,0,0,0,,
2022-03-06,04:30,5.3,0.6,73,NORTH,0,0,1013.17,0,0,0,0,,
2022-03-06,04:45,5.2,0,71,NORTH,0,4.8,1013.17,0,0,0,0,,
2022-03-06,05:00,4.9,-0.6,70,NORTH,0,3.2,1013.14,0,0,0,0,,
2022-03-06,05:15,5,-0.6,68,ESE,1.6,3.2,1013.31,0,0,0,0,,
2022-03-06,05:30,4.9,-0.6,67,NORTH,0,3.2,1013.17,0,0,0,0,,
2022-03-06,05:45,4.9,-1.1,67,ESE,1.6,4.8,1013.44,0,0,0,0,,
2022-03-06,06:00,4.8,-1.1,67,NORTH,0,3.2,1013.17,0,0,0,0,,
2022-03-06,06:15,4.4,-1.1,69,NORTH,0,1.6,1013.28,0,0,0,0,,
2022-03-06,06:30,4.7,-1.1,68,NORTH,0,3.2,1013.34,0,0,0,0,,
2022-03-06,06:45,4.4,-1.1,69,NORTH,0,3.2,1013.38,0,0,0,0,,
2022-03-06,07:00,4.1,-1.1,71,NORTH,0,3.2,1013.41,0,0,0,11,,
2022-03-06,07:15,4.1,-1.1,70,EAST,1.6,4.8,1013.44,0,0,0,21,,
2022-03-06,07:30,4.4,-0.6,70,ENE,3.2,6.4,1013.51,0,0,0,47,,
2022-03-06,07:45,4.8,-0.6,68,ENE,3.2,6.4,1013.51,0,0,0,105,,
2022-03-06,08:00,4.8,-0.6,69,ENE,4.8,6.4,1013.51,0,0,0,169,,
2022-03-06,08:15,4.1,-0.6,72,NW,1.6,9.7,1013.85,0,0,0,236,,
2022-03-06,08:30,4.6,0,72,NNW,1.6,6.4,1013.88,0,0,1,287,,
2022-03-06,08:45,5.6,0.6,70,NNW,4.8,6.4,1013.99,0,0,1,338,,
2022-03-06,09:00,6.1,0.6,68,NORTH,0,6.4,1014.29,0,0,1,387,,
2022-03-06,09:15,7.2,1.1,65,NW,3.2,4.8,1014.39,0,0,1,432,,
2022-03-06,09:30,7.8,1.1,64,NW,4.8,9.7,1014.7,0,0,1,480,,
2022-03-06,09:45,7.9,1.7,64,NW,4.8,8,1014.56,0,0,2,522,,
2022-03-06,10:00,8.5,1.1,60,NNE,6.4,6.4,1014.6,0,0,2,566,,
2022-03-06,10:15,8.9,1.7,60,NW,4.8,12.9,1014.53,0,0,2,601,,
2022-03-06,10:30,9.1,0.6,55,NW,6.4,19.3,1014.63,0,0,2,633,,
2022-03-06,10:45,9.3,0,52,NW,8,16.1,1014.73,0,0,3,668,,
2022-03-06,11:00,9.5,-0.6,51,NW,9.7,17.7,1014.7,0,0,3,696,,
2022-03-06,11:15,9.3,-0.6,52,NW,6.4,16.1,1014.77,0,0,3,722,,
2022-03-06,11:30,9.8,0,52,SW,1.6,17.7,1014.46,0,0,3,731,,
2022-03-06,11:45,9.9,-0.6,49,WNW,14.5,24.1,1014.63,0,0,3,745,,
2022-03-06,12:00,10.3,1.1,53,WNW,11.3,16.1,1014.46,0,0,3,744,,
2022-03-06,12:15,10.5,1.1,53,WEST,6.4,24.1,1014.49,0,0,4,763,,
2022-03-06,12:30,10.5,0,49,NW,3.2,22.5,1014.26,0,0,4,763,,
2022-03-06,12:45,10.7,0.6,50,WNW,3.2,45.1,1014.36,0,0,4,766,,
2022-03-06,13:00,11,0,48,WEST,3.2,22.5,1014.16,0,0,4,754,,
2022-03-06,13:15,11.1,-1.1,43,NW,11.3,29,1014.02,0,0,3,744,,
2022-03-06,13:30,11.5,-0.6,43,WNW,4.8,19.3,1013.92,0,0,2,835,,
2022-03-06,13:45,10.7,-1.7,43,ESE,3.2,6.4,1013.82,0,0,2,192,,
2022-03-06,14:00,10.9,-2.2,40,NW,9.7,22.5,1013.58,0,0,1,214,,
2022-03-06,14:15,11,-2.2,40,NW,16.1,22.5,1013.24,0,0,1,204,,
2022-03-06,14:30,11.4,-1.7,40,NW,6.4,20.9,1013.24,0,0,2,733,,
2022-03-06,14:45,12,-0.6,42,WEST,12.9,27.4,1013.24,0,0,2,728,,
2022-03-06,15:00,11.6,-1.1,41,NW,12.9,25.7,1013.24,0,0,2,615,,
2022-03-06,15:15,11.6,-1.1,42,WNW,8,25.7,1013.28,0,0,2,568,,
2022-03-06,15:30,11.6,-0.6,44,WEST,3.2,22.5,1013.07,0,0,2,506,,
2022-03-06,15:45,11.4,-0.6,43,WNW,3.2,20.9,1013.04,0,0,1,471,,
2022-03-06,16:00,11.6,-1.1,42,WNW,16.1,25.7,1013.07,0,0,1,415,,
2022-03-06,16:15,11.3,-0.6,45,WEST,12.9,25.7,1013.14,0,0,1,95,,
2022-03-06,16:30,11.1,-0.6,46,WEST,19.3,27.4,1013.31,0,0,1,97,,
2022-03-06,16:45,10.8,0.6,49,WEST,22.5,27.4,1013.24,0,0,0,84,,
2022-03-06,17:00,10.4,0.6,51,WEST,24.1,30.6,1013.31,0,0,0,65,,
2022-03-06,17:15,10,0,50,WEST,24.1,37,1013.44,0,0,0,54,,
2022-03-06,17:30,9.7,0.6,53,WNW,17.7,29,1013.38,0,0,0,39,,
2022-03-06,17:45,9.4,0.6,54,WEST,11.3,29,1013.51,0,0,0,28,,
2022-03-06,18:00,9.1,0,54,WEST,14.5,24.1,1013.72,0,0,0,16,,
2022-03-06,18:15,8.8,0.6,56,WNW,11.3,22.5,1013.72,0,0,0,7,,
2022-03-06,18:30,8.5,0,57,WNW,6.4,17.7,1013.88,0,0,0,0,,
2022-03-06,18:45,8.2,0.6,59,WNW,4.8,16.1,1013.99,0,0,0,0,,
2022-03-06,19:00,7.3,0.6,62,WEST,3.2,6.4,1014.09,0,0,0,0,,
2022-03-06,19:15,6.8,0.6,64,WEST,1.6,4.8,1014.16,0,0,0,0,,
2022-03-06,19:30,6.6,0.6,65,NORTH,0,6.4,1014.39,0,0,0,0,,
2022-03-06,19:45,6.2,0.6,68,NORTH,0,3.2,1014.53,0,0,0,0,,
2022-03-06,20:00,5.9,0.6,70,WEST,1.6,3.2,1014.63,0,0,0,0,,
2022-03-06,20:15,5.8,0.6,70,SSE,3.2,8,1014.56,0,0,0,0,,
2022-03-06,20:30,5.6,0.6,71,ESE,3.2,6.4,1014.7,0,0,0,0,,
2022-03-06,20:45,4.6,0,72,ESE,3.2,4.8,1014.73,0,0,0,0,,
2022-03-06,21:00,5,0.6,74,ESE,3.2,4.8,1014.97,0,0,0,0,,
2022-03-06,21:15,5.5,1.1,74,SE,3.2,6.4,1015.17,0,0,0,0,,
2022-03-06,21:30,5.6,1.7,77,ESE,3.2,6.4,1015.27,0,0,0,0,,
2022-03-06,21:45,6.5,2.2,76,SE,8,11.3,1015.07,0,0,0,0,,
2022-03-06,22:00,6.6,2.2,75,ESE,8,12.9,1014.97,0,0,0,0,,
2022-03-06,22:15,6.4,2.2,75,ESE,4.8,12.9,1015.07,0,0,0,0,,
2022-03-06,22:30,6.7,2.2,74,ESE,8,12.9,1015.1,0,0,0,0,,
2022-03-06,22:45,6.6,2.2,74,ESE,9.7,11.3,1015.04,0,0,0,0,,
2022-03-06,23:00,6.4,2.2,74,ESE,6.4,12.9,1015.1,0,0,0,0,,
2022-03-06,23:15,6.4,1.7,73,ESE,6.4,14.5,1015.04,0,0,0,0,,
2022-03-06,23:30,6.3,1.7,74,SE,3.2,8,1015.37,0,0,0,0,,
2022-03-06,23:45,6.2,1.7,74,SE,4.8,11.3,1015.31,0,0,0,0,,
2022-03-06,OVR,,,,,,,,,,,,gustmax,24.1
2022-03-06,OVR,,,,,,,,,,,,rainrate_max,0
2022-03-06,OVR,,,,,,,,,,,,rain_total_mm,0
2022-03-06,OVR,,,,,,,,,,,,tmax,12.2
2022-03-06,OVR,,,,,,,,,,,,tmin,3.8
2022-03-06,OVR,,,,,,,,,,,,wind_dir_mean_deg,337.5
2022-03-07,00:00,6,1.7,75,SE,6.4,8,1015.34,0,0,0,0,,
2022-03-07,00:15,5.9,1.7,75,ESE,4.8,8,1015.24,0,0,0,0,,
2022-03-07,00:30,6.2,2.2,76,ESE,6.4,11.3,1015.41,0,0,0,0,,
2022-03-07,00:45,6.3,2.2,76,ESE,8,11.3,1015.27,0,0,0,0,,
2022-03-07,01:00,6.5,2.8,77,SE,4.8,12.9,1015.44,0,0,0,0,,
2022-03-07,01:15,6.6,2.8,77,ESE,4.8,11.3,1015.24,0,0,0,0,,
2022-03-07,01:30,6.4,2.8,77,SE,4.8,11.3,1015.31,0,0,0,0,,
2022-03-07,01:45,6.8,2.8,77,ESE,12.9,11.3,1015.07,0,0,0,0,,
2022-03-07,02:00,6.8,2.8,77,ESE,8,11.3,1015.07,0,0,0,0,,
2022-03-07,02:15,6.8,2.8,77,ESE,6.4,14.5,1014.8,0,0,0,0,,
2022-03-07,02:30,6.8,2.8,77,SE,4.8,9.7,1014.93,0,0,0,0,,
2022-03-07,02:45,6.6,2.8,78,SE,3.2,11.3,1014.97,0,0,0,0,,
2022-03-07,03:00,6,3.3,83,SE,3.2,6.4,1014.7,0.25,0.25,0,0,,
2022-03-07,03:15,5.8,3.3,85,SE,4.8,8,1014.53,0.25,0.25,0,0,,
2022-03-07,03:30,5.6,3.3,86,SE,1.6,3.2,1014.49,0.25,0.25,0,0,,
2022-03-07,03:45,5.4,3.3,87,NORTH,0,3.2,1014.22,0.25,0.25,0,0,,
2022-03-07,04:00,5.7,3.3,86,NORTH,0,3.2,1014.19,0.25,0,0,0,,
2022-03-07,04:15,5.6,3.3,86,ESE,1.6,4.8,1014.16,0.51,0.25,0,0,,
2022-03-07,04:30,5.1,2.8,86,ESE,3.2,4.8,1014.26,0.51,0.25,0,0,,
2022-03-07,04:45,5.1,2.8,86,NORTH,0,3.2,1014.36,0.51,0.25,0,0,,
2022-03-07,05:00,5.3,3.3,87,ESE,3.2,3.2,1014.36,0.51,0.25,0,0,,
2022-03-07,05:15,5.1,3.3,88,NORTH,0,4.8,1014.05,0.51,0,0,0,,
2022-03-07,05:30,4.9,2.8,88,ESE,3.2,3.2,1014.09,0.51,0,0,0,,
2022-03-07,05:45,4.2,2.2,88,ESE,1.6,3.2,1014.22,0.51,0,0,0,,
2022-03-07,06:00,4.1,2.2,88,ESE,3.2,4.8,1014.19,0.51,0,0,0,,
2022-03-07,06:15,4.3,2.2,88,ESE,1.6,6.4,1014.09,0.51,0,0,0,,
2022-03-07,06:30,4.3,2.2,87,ESE,3.2,6.4,1014.26,0.51,0,0,0,,
2022-03-07,06:45,4.6,2.2,87,NORTH,0,6.4,1014.22,0.51,0,0,0,,
2022-03-07,07:00,4.7,2.2,86,ESE,1.6,6.4,1014.43,0.51,0,0,11,,
2022-03-07,07:15,5,2.8,86,ESE,1.6,3.2,1014.56,0.51,0,0,14,,
2022-03-07,07:30,5.2,2.8,86,NORTH,0,4.8,1014.73,0.51,0,0,21,,
2022-03-07,07:45,5.4,2.8,84,ESE,4.8,9.7,1014.6,0.51,0,0,30,,
2022-03-07,08:00,5.3,2.8,85,ESE,4.8,11.3,1014.63,0.51,0,0,153,,
2022-03-07,08:15,6.2,3.3,83,EAST,3.2,11.3,1014.9,0.51,0,0,237,,
2022-03-07,08:30,6.9,3.9,82,ESE,4.8,9.7,1015.1,0.51,0,1,308,,
2022-03-07,08:45,7.6,3.9,79,EAST,3.2,9.7,1015.07,0.51,0,1,260,,
2022-03-07,09:00,7.9,3.9,78,EAST,3.2,6.4,1015.17,0.51,0,1,369,,
2022-03-07,09:15,8.1,3.9,77,EAST,4.8,11.3,1015.24,0.51,0,1,475,,
2022-03-07,09:30,8.6,4.4,75,EAST,3.2,9.7,1015.31,0.51,0,1,306,,
2022-03-07,09:45,8.4,3.9,75,SE,3.2,11.3,1015.54,0.51,0,1,301,,
2022-03-07,10:00,8.7,4.4,75,ESE,6.4,6.4,1015.54,0.51,0,1,269,,
2022-03-07,10:15,9,4.4,74,ENE,4.8,6.4,1015.48,0.51,0,2,403,,
2022-03-07,10:30,9.2,3.9,70,,3.2,6.4,1015.54,0.51,0,2,443,,
2022-03-07,10:45,9.4,3.9,70,SSE,6.4,9.7,1015.41,0.51,0,1,276,,
2022-03-07,11:00,9.7,4.4,69,SSE,1.6,11.3,1015.37,0.51,0,2,373,,
2022-03-07,11:15,9.6,4.4,70,SSE,1.6,6.4,1015.51,0.51,0,2,352,,
2022-03-07,11:30,10.1,3.9,67,SSW,3.2,8,1015.48,0.51,0,2,445,,
2022-03-07,11:45,10.4,4.4,68,WSW,3.2,6.4,1015.34,0.51,0,2,380,,
2022-03-07,12:00,10.1,3.9,66,NW,8,11.3,1015.21,0.51,0,2,299,,
2022-03-07,12:15,10.2,3.9,67,NW,4.8,8,1015.34,0.51,0,2,313,,
2022-03-07,12:30,10.2,3.9,66,SSE,6.4,11.3,1015.07,0.51,0,2,288,,
2022-03-07,12:45,11,3.9,63,SSE,1.6,12.9,1015.07,0.51,0,3,1083,,
2022-03-07,13:00,10.3,3.9,65,SE,1.6,9.7,1014.9,0.51,0,4,334,,
2022-03-07,13:15,11,4.4,64,SW,1.6,9.7,1014.73,0.51,0,2,288,,
2022-03-07,13:30,10.7,3.9,63,WEST,12.9,9.7,1014.6,0.51,0,1,257,,
2022-03-07,13:45,10.9,3.9,62,NW,3.2,16.1,1014.53,0.51,0,1,255,,
2022-03-07,14:00,11.1,3.9,62,NORTH,0,14.5,1014.53,0.51,0,1,213,,
2022-03-07,14:15,10.7,3.3,62,NORTH,0,9.7,1014.56,0.51,0,1,139,,
2022-03-07,14:30,11,2.8,58,SSE,1.6,19.3,1014.49,0.51,0,1,195,,
2022-03-07,14:45,11.1,2.2,56,SSW,1.6,6.4,1014.43,0.51,0,1,211,,
2022-03-07,15:00,10.4,3.3,63,NE,3.2,9.7,1014.22,0.51,0,1,160,,
2022-03-07,15:15,10.2,3.9,65,NORTH,3.2,14.5,1014.39,0.51,0,0,93,,
2022-03-07,15:30,10.1,3.3,64,NNE,4.8,8,1014.43,0.51,0,0,63,,
2022-03-07,15:45,10,3.9,67,NNW,1.6,6.4,1014.39,0.51,0,0,79,,
2022-03-07,16:00,9.2,4.4,74,EAST,6.4,14.5,1014.39,0.51,0,0,74,,
2022-03-07,16:15,8.2,4.4,80,SE,14.5,17.7,1014.29,0.51,0,0,51,,
2022-03-07,16:30,8.1,4.4,78,ESE,12.9,19.3,1014.33,0.51,0,0,26,,
2022-03-07,16:45,7.3,4.4,83,ESE,11.3,20.9,1014.87,0.51,0,0,21,,
2022-03-07,17:00,6.9,4.4,86,ESE,11.3,19.3,1014.66,0.51,0.25,0,49,,
2022-03-07,17:15,6.9,5,87,ESE,12.9,20.9,1014.63,0.51,0.25,0,72,,
2022-03-07,17:30,6.8,4.4,87,ESE,14.5,19.3,1014.83,0.51,0.25,0,56,,
2022-03-07,17:45,6.7,4.4,87,SE,11.3,20.9,1014.7,0.51,0.25,0,39,,
2022-03-07,18:00,6.6,4.4,87,EAST,14.5,17.7,1014.83,0.51,0,0,25,,
2022-03-07,18:15,6.3,3.9,86,SE,12.9,17.7,1015.31,0.51,0,0,9,,
2022-03-07,18:30,6.3,3.9,86,ESE,6.4,19.3,1015.34,0.51,0,0,0,,
2022-03-07,18:45,6.3,3.9,84,EAST,12.9,17.7,1015.37,0.51,0,0,0,,
2022-03-07,19:00,6.3,3.3,82,ESE,4.8,16.1,1015.61,0.51,0,0,0,,
2022-03-07,19:15,6.3,2.8,80,ESE,6.4,16.1,1015.92,0.51,0,0,0,,
2022-03-07,19:30,6.4,2.8,79,ESE,12.9,14.5,1015.95,0.51,0,0,0,,
2022-03-07,19:45,6.3,2.2,77,ESE,9.7,14.5,1016.15,0.51,0,0,0,,
2022-03-07,20:00,6.3,2.2,76,ESE,12.9,16.1,1016.22,0.51,0,0,0,,
2022-03-07,20:15,6.2,2.2,75,ESE,9.7,16.1,1016.53,0.51,0,0,0,,
2022-03-07,20:30,6.1,1.7,75,ESE,9.7,16.1,1016.36,0.51,0,0,0,,
2022-03-07,20:45,6.1,2.2,76,ESE,9.7,14.5,1016.63,0.51,0,0,0,,
2022-03-07,21:00,6.1,2.2,76,EAST,4.8,14.5,1016.53,0.51,0,0,0,,
2022-03-07,21:15,5.9,1.7,76,ESE,11.3,12.9,1016.56,0.51,0,0,0,,
2022-03-07,21:30,6.1,1.7,74,ESE,6.4,12.9,1016.8,0.51,0,0,0,,
2022-03-07,21:45,5.4,1.1,75,ESE,6.4,12.9,1016.86,0.51,0,0,0,,
2022-03-07,22:00,5.6,1.1,74,ESE,4.8,12.9,1017.03,0.51,0,0,0,,
2022-03-07,22:15,5.7,1.1,73,ESE,4.8,12.9,1016.97,0.51,0,0,0,,
2022-03-07,22:30,5.8,1.1,72,ESE,9.7,14.5,1016.86,0.51,0,0,0,,
2022-03-07,22:45,5.5,0.6,72,ESE,4.8,14.5,1016.93,0.51,0,0,0,,
2022-03-07,23:00,4.8,0.6,75,ESE,3.2,6.4,1016.86,0.51,0,0,0,,
2022-03-07,23:15,4.4,0.6,77,ESE,3.2,6.4,1017.07,0.51,0,0,0,,
2022-03-07,23:30,4.3,0.6,79,EAST,4.8,6.4,1017,0.51,0,0,0,,
2022-03-07,23:45,4.1,1.1,81,ESE,3.2,9.7,1017.03,0.51,0,0,0,,
2022-03-07,OVR,,,,,,,,,,,,gustmax,14.5
2022-03-07,OVR,,,,,,,,,,,,rainrate_max,0.2
2022-03-07,OVR,,,,,,,,,,,,rain_total_mm,0.6
2022-03-07,OVR,,,,,,,,,,,,tmax,11.3
2022-03-07,OVR,,,,,,,,,,,,tmin,4.1
2022-03-07,OVR,,,,,,,,,,,,wind_dir_mean_deg,112.5
2022-03-08,00:00,4.3,1.1,80,ESE,3.2,9.7,1017.17,0,0,0,0,,
2022-03-08,00:15,4.7,1.1,77,ESE,6.4,9.7,1017.24,0,0,0,0,,
2022-03-08,00:30,4.3,0.6,77,NORTH,0,6.4,1017.41,0,0,0,0,,
2022-03-08,00:45,4.1,0.6,79,ESE,3.2,9.7,1017.51,0,0,0,0,,
2022-03-08,01:00,4.4,0.6,77,ESE,6.4,9.7,1017.37,0,0,0,0,,
2022-03-08,01:15,4.1,0.6,78,EAST,6.4,6.4,1017.31,0,0,0,0,,
2022-03-08,01:30,4.3,0.6,78,ESE,3.2,9.7,1017.31,0,0,0,0,,
2022-03-08,01:45,4,0,78,ESE,4.8,9.7,1017.31,0,0,0,0,,
2022-03-08,02:00,3.8,0,78,ESE,1.6,6.4,1017.34,0,0,0,0,,
2022-03-08,02:15,3.8,0.6,80,ESE,1.6,4.8,1017.27,0,0,0,0,,
2022-03-08,02:30,3.4,0,80,ESE,1.6,4.8,1017.2,0,0,0,0,,
2022-03-08,02:45,3.3,0,81,ESE,1.6,4.8,1017.31,0,0,0,0,,
2022-03-08,03:00,3.3,0.6,82,ESE,3.2,4.8,1017.07,0,0,0,0,,
2022-03-08,03:15,3.2,0,82,ESE,1.6,3.2,1016.9,0,0,0,0,,
2022-03-08,03:30,3,0,82,ESE,3.2,4.8,1016.86,0,0,0,0,,
2022-03-08,03:45,3.1,0.6,83,ESE,1.6,4.8,1016.9,0,0,0,0,,
2022-03-08,04:00,3,0,83,NORTH,0,3.2,1016.76,0,0,0,0,,
2022-03-08,04:15,2.7,0,84,ESE,1.6,3.2,1016.66,0,0,0,0,,
2022-03-08,04:30,2.6,0,84,ESE,1.6,3.2,1016.8,0,0,0,0,,
2022-03-08,04:45,3.1,0.6,84,ESE,1.6,3.2,1016.66,0,0,0,0,,
2022-03-08,05:00,3.3,0.6,83,NORTH,0,3.2,1016.63,0,0,0,0,,
2022-03-08,05:15,2.7,-0.6,81,ESE,1.6,1.6,1016.63,0,0,0,0,,
2022-03-08,05:30,2.7,0,84,ESE,1.6,3.2,1016.83,0,0,0,0,,
2022-03-08,05:45,3.1,0,82,NORTH,0,1.6,1016.83,0,0,0,0,,
2022-03-08,06:00,2.3,-0.6,82,ESE,1.6,3.2,1016.83,0,0,0,0,,
2022-03-08,06:15,2.7,0,84,ESE,1.6,3.2,1016.83,0,0,0,0,,
2022-03-08,06:30,3.3,0.6,82,ESE,1.6,4.8,1017.1,0,0,0,0,,
2022-03-08,06:45,3.6,0,79,ESE,3.2,3.2,1017.27,0,0,0,0,,
2022-03-08,07:00,3.3,0,80,ESE,1.6,3.2,1017.31,0,0,0,12,,
2022-03-08,07:15,3.6,0,79,ESE,1.6,3.2,1017.54,0,0,0,25,,
2022-03-08,07:30,4.6,0,72,ESE,3.2,4.8,1017.64,0,0,0,74,,
2022-03-08,07:45,4.8,-0.6,69,ENE,3.2,4.8,1017.78,0,0,0,116,,
2022-03-08,08:00,4.5,-0.6,72,,3.2,6.4,1017.85,0,0,0,179,,
2022-03-08,08:15,5.4,0,68,NORTH,4.8,6.4,1017.98,0,0,0,255,,
2022-03-08,08:30,5.5,0.6,72,NORTH,4.8,4.8,1018.22,0,0,1,306,,
2022-03-08,08:45,6.2,1.1,72,NNE,1.6,8,1018.02,0,0,1,360,,
2022-03-08,09:00,6.7,1.7,72,NORTH,0,9.7,1018.22,0,0,1,410,,
2022-03-08,09:15,7.4,1.1,66,ENE,1.6,3.2,1017.98,0,0,1,461,,
2022-03-08,09:30,7.7,1.1,64,NW,11.3,9.7,1018.15,0,0,2,504,,
2022-03-08,09:45,7.9,1.1,63,NW,8,9.7,1018.08,0,0,2,548,,
2022-03-08,10:00,8.1,1.7,64,NNW,1.6,6.4,1018.29,0,0,2,587,,
2022-03-08,10:15,8.6,0,55,NW,6.4,11.3,1018.25,0,0,2,622,,
2022-03-08,10:30,8.8,0.6,58,NW,6.4,12.9,1018.29,0,0,3,659,,
2022-03-08,10:45,9,1.1,58,WNW,6.4,12.9,1018.25,0,0,3,680,,
2022-03-08,11:00,9.7,1.7,58,WNW,8,12.9,1018.35,0,0,3,714,,
2022-03-08,11:15,9.8,1.7,57,NNW,6.4,12.9,1018.22,0,0,3,738,,
2022-03-08,11:30,9.9,1.1,55,SOUTH,1.6,14.5,1018.32,0,0,4,751,,
2022-03-08,11:45,10.6,-1.1,44,NW,8,17.7,1018.08,0,0,4,777,,
2022-03-08,12:00,10.7,-1.1,44,WNW,11.3,14.5,1018.08,0,0,4,780,,
2022-03-08,12:15,10.9,-1.7,42,WNW,14.5,16.1,1017.75,0,0,4,784,,
2022-03-08,12:30,11.2,-1.7,41,WNW,12.9,16.1,1017.88,0,0,4,789,,
2022-03-08,12:45,11.8,-1.1,40,NORTH,9.7,16.1,1017.91,0,0,4,777,,
2022-03-08,13:00,11.8,-2.2,38,WEST,6.4,27.4,1017.68,0,0,4,773,,
2022-03-08,13:15,11.8,0,44,NORTH,0,16.1,1017.58,0,0,4,754,,
2022-03-08,13:30,12.1,0.6,45,WEST,16.1,24.1,1017.54,0,0,4,749,,
2022-03-08,13:45,12.3,0,43,WNW,19.3,25.7,1017.61,0,0,4,728,,
2022-03-08,14:00,12.3,-0.6,41,WNW,12.9,16.1,1017.58,0,0,3,707,,
2022-03-08,14:15,12.1,-3.3,34,WEST,9.7,24.1,1017.44,0,0,3,682,,
2022-03-08,14:30,12.4,-3.3,33,WEST,14.5,22.5,1017.51,0,0,3,652,,
2022-03-08,14:45,12.9,-3.3,32,WNW,3.2,20.9,1017.27,0,0,3,622,,
2022-03-08,15:00,12.6,-2.2,36,WNW,11.3,27.4,1017.27,0,0,2,584,,
2022-03-08,15:15,12.9,-0.6,39,WNW,20.9,29,1017.17,0,0,2,541,,
2022-03-08,15:30,12.6,-0.6,41,WEST,20.9,33.8,1017.51,0,0,2,503,,
2022-03-08,15:45,12.4,1.7,49,NW,14.5,32.2,1017.54,0,0,2,459,,
2022-03-08,16:00,11.9,2.2,51,WEST,25.7,35.4,1017.64,0,0,1,408,,
2022-03-08,16:15,11.7,1.7,52,WNW,17.7,32.2,1017.71,0,0,1,54,,
2022-03-08,16:30,11.5,1.7,51,WEST,19.3,29,1017.88,0,0,0,49,,
2022-03-08,16:45,11,1.1,50,WNW,11.3,41.8,1017.88,0,0,0,44,,
2022-03-08,17:00,10.7,0,49,WEST,25.7,40.2,1018.08,0,0,0,40,,
2022-03-08,17:15,10.4,0,50,WEST,11.3,30.6,1018.19,0,0,0,35,,
2022-03-08,17:30,10,0,51,WNW,14.5,24.1,1018.29,0,0,0,32,,
2022-03-08,17:45,9.7,0,52,WEST,11.3,27.4,1018.39,0,0,0,26,,
2022-03-08,18:00,9.3,0.6,54,WEST,9.7,19.3,1018.66,0,0,0,19,,
2022-03-08,18:15,8.9,0.6,57,WNW,11.3,20.9,1018.83,0,0,0,9,,
2022-03-08,18:30,8.6,1.1,60,WEST,14.5,20.9,1018.9,0,0,0,0,,
2022-03-08,18:45,8.3,1.1,62,WNW,14.5,19.3,1018.93,0,0,0,0,,
2022-03-08,19:00,8.1,1.7,64,WNW,11.3,16.1,1019,0,0,0,0,,
2022-03-08,19:15,7.9,1.7,65,WEST,11.3,16.1,1019.27,0,0,0,0,,
2022-03-08,19:30,7.7,1.7,66,WEST,14.5,17.7,1019.34,0,0,0,0,,
2022-03-08,19:45,7.6,1.7,67,WEST,4.8,14.5,1019.44,0,0,0,0,,
2022-03-08,20:00,7.1,1.7,68,WEST,3.2,16.1,1019.61,0,0,0,0,,
2022-03-08,20:15,6.8,1.1,69,WEST,1.6,11.3,1019.57,0,0,0,0,,
2022-03-08,20:30,5.8,0.6,71,NORTH,0,8,1019.78,0,0,0,0,,
2022-03-08,20:45,5.8,1.1,73,NORTH,3.2,3.2,1020.01,0,0,0,0,,
2022-03-08,21:00,5.1,1.1,75,NE,1.6,4.8,1020.22,0,0,0,0,,
2022-03-08,21:15,5.8,1.7,75,NE,3.2,4.8,1020.25,0,0,0,0,,
2022-03-08,21:30,5.8,1.7,76,NE,1.6,3.2,1020.32,0,0,0,0,,
2022-03-08,21:45,5.1,1.1,76,NE,3.2,4.8,1020.35,0,0,0,0,,
2022-03-08,22:00,4.8,1.1,78,NE,1.6,3.2,1020.39,0,0,0,0,,
2022-03-08,22:15,5.1,1.7,78,EAST,1.6,4.8,1020.35,0,0,0,0,,
2022-03-08,22:30,5.6,1.1,74,SE,3.2,6.4,1020.18,0,0,0,0,,
2022-03-08,22:45,5.2,1.1,76,SE,1.6,4.8,1020.25,0,0,0,0,,
2022-03-08,23:00,5.1,1.1,76,ESE,3.2,6.4,1020.25,0,0,0,0,,
2022-03-08,23:15,4.6,1.1,78,ESE,1.6,6.4,1020.22,0,0,0,0,,
2022-03-08,23:30,5.1,1.7,78,ESE,3.2,4.8,1020.15,0,0,0,0,,
2022-03-08,23:45,5.2,1.1,76,ESE,1.6,4.8,1020.39,0,0,0,0,,
2022-03-08,OVR,,,,,,,,,,,,gustmax,25.7
2022-03-08,OVR,,,,,,,,,,,,rainrate_max,0
2022-03-08,OVR,,,,,,,,,,,,rain_total_mm,0
2022-03-08,OVR,,,,,,,,,,,,tmax,13.1
2022-03-08,OVR,,,,,,,,,,,,tmin,2.3
2022-03-08,OVR,,,,,,,,,,,,wind_dir_mean_deg,22.5
2022-03-09,00:00,4.3,0.6,78,ESE,1.6,6.4,1020.39,0,0,0,0,,
2022-03-09,00:15,4.2,0.6,79,EAST,3.2,6.4,1020.35,0,0,0,0,,
2022-03-09,00:30,4,0.6,80,EAST,3.2,6.4,1020.39,0,0,0,0,,
2022-03-09,00:45,4.2,1.1,80,EAST,6.4,9.7,1020.35,0,0,0,0,,
2022-03-09,01:00,4.3,1.1,80,ESE,3.2,9.7,1020.66,0,0,0,0,,
2022-03-09,01:15,4.9,1.1,78,ESE,3.2,6.4,1020.62,0,0,0,0,,
2022-03-09,01:30,4.8,1.1,79,ESE,4.8,6.4,1020.62,0,0,0,0,,
2022-03-09,01:45,4.4,1.1,79,NORTH,0,4.8,1020.69,0,0,0,0,,
2022-03-09,02:00,4.6,1.1,80,ESE,3.2,4.8,1020.73,0,0,0,0,,
2022-03-09,02:15,3.9,0.6,81,ESE,4.8,4.8,1020.62,0,0,0,0,,
2022-03-09,02:30,3.7,0.6,80,ESE,1.6,4.8,1020.73,0,0,0,0,,
2022-03-09,02:45,3.9,0.6,81,ESE,4.8,6.4,1020.66,0,0,0,0,,
2022-03-09,03:00,3.4,0.6,81,ESE,3.2,4.8,1020.66,0,0,0,0,,
2022-03-09,03:15,3.1,0,83,ESE,1.6,3.2,1020.56,0,0,0,0,,
2022-03-09,03:30,3.1,0.6,84,ESE,1.6,3.2,1020.59,0,0,0,0,,
2022-03-09,03:45,3.2,0.6,83,ESE,3.2,4.8,1020.49,0,0,0,0,,
2022-03-09,04:00,3.1,0.6,83,ESE,1.6,4.8,1020.73,0,0,0,0,,
2022-03-09,04:15,2.8,0,82,ENE,3.2,6.4,1020.83,0,0,0,0,,
2022-03-09,04:30,2.7,0,82,ENE,3.2,3.2,1020.73,0,0,0,0,,
2022-03-09,04:45,3.1,0,83,NORTH,0,4.8,1020.79,0,0,0,0,,
2022-03-09,05:00,3.4,0,81,ENE,3.2,3.2,1020.86,0,0,0,0,,
2022-03-09,05:15,3.3,0,80,ENE,4.8,4.8,1020.73,0,0,0,0,,
2022-03-09,05:30,3.9,0.6,80,ENE,3.2,4.8,1020.76,0,0,0,0,,
2022-03-09,05:45,3.6,0,79,NORTH,0,4.8,1021,0,0,0,0,,
2022-03-09,06:00,3.2,0,80,ENE,3.2,4.8,1021.37,0,0,0,0,,
2022-03-09,06:15,3.9,1.1,82,ENE,1.6,4.8,1021.37,0,0,0,0,,
2022-03-09,06:30,4.6,0.6,77,NORTH,0,4.8,1021.4,0,0,0,0,,
2022-03-09,06:45,4.2,0.6,78,NE,1.6,4.8,1021.67,0,0,0,0,,
2022-03-09,07:00,3.1,0,80,NORTH,0,3.2,1021.74,0,0,0,14,,
2022-03-09,07:15,2.8,0,82,NORTH,0,1.6,1021.91,0,0,0,33,,
2022-03-09,07:30,2.9,0,81,NE,1.6,3.2,1022.08,0,0,0,67,,
2022-03-09,07:45,3.6,0.6,82,NE,1.6,4.8,1021.98,0,0,0,116,,
2022-03-09,08:00,3.8,0.6,79,NORTH,4.8,6.4,1022.15,0,0,0,176,,
2022-03-09,08:15,4.5,0,74,NORTH,3.2,4.8,1022.55,0,0,0,244,,
2022-03-09,08:30,5.1,0.6,73,NORTH,3.2,4.8,1022.55,0,0,1,302,,
2022-03-09,08:45,5.4,0.6,70,NW,8,11.3,1022.62,0,0,1,353,,
2022-03-09,09:00,6.2,0.6,69,NNW,3.2,8,1022.82,0,0,1,406,,
2022-03-09,09:15,6.3,0,66,NW,6.4,14.5,1022.96,0,0,1,454,,
2022-03-09,09:30,6.9,0.6,64,NNW,16.1,17.7,1023.03,0,0,2,497,,
2022-03-09,09:45,7.2,0,61,NW,6.4,17.7,1022.89,0,0,2,536,,
2022-03-09,10:00,7.6,0.6,61,NW,12.9,17.7,1022.93,0,0,2,577,,
2022-03-09,10:15,8.2,0.6,59,NORTH,9.7,20.9,1022.79,0,0,2,624,,
2022-03-09,10:30,8.6,0.6,58,NNW,14.5,20.9,1022.86,0,0,3,659,,
2022-03-09,10:45,9.2,0.6,56,NW,17.7,29,1022.76,0,0,3,689,,
2022-03-09,11:00,9.4,0.6,55,WNW,17.7,33.8,1022.79,0,0,3,712,,
2022-03-09,11:15,9.7,0,51,NNW,17.7,33.8,1022.69,0,0,3,738,,
2022-03-09,11:30,10,0,50,NNW,17.7,30.6,1022.76,0,0,3,758,,
2022-03-09,11:45,10.1,-1.1,47,NW,8,22.5,1022.72,0,0,4,770,,
2022-03-09,12:00,10.4,-0.6,46,WNW,8,16.1,1022.79,0,0,4,779,,
2022-03-09,12:15,10.4,-1.1,45,WNW,8,30.6,1022.55,0,0,4,779,,
2022-03-09,12:30,10.9,-1.1,44,NW,4.8,16.1,1022.35,0,0,4,784,,
2022-03-09,12:45,10.9,-1.7,42,NW,1.6,17.7,1022.35,0,0,4,780,,
2022-03-09,13:00,11.4,0,45,WEST,3.2,17.7,1022.05,0,0,4,777,,
2022-03-09,13:15,11.8,-0.6,42,WNW,1.6,17.7,1022.01,0,0,4,763,,
2022-03-09,13:30,12.2,-0.6,42,NNW,1.6,19.3,1022.18,0,0,4,745,,
2022-03-09,13:45,12.1,0,43,WNW,12.9,22.5,1022.11,0,0,4,728,,
2022-03-09,14:00,12.1,-0.6,42,NW,8,24.1,1022.15,0,0,3,705,,
2022-03-09,14:15,12.1,-1.1,41,NW,6.4,25.7,1022.08,0,0,3,679,,
2022-03-09,14:30,11.9,2.2,52,NORTH,19.3,29,1022.25,0,0,3,643,,
2022-03-09,14:45,11.8,2.2,52,WEST,14.5,33.8,1022.38,0,0,3,615,,
2022-03-09,15:00,11.6,2.8,55,WEST,25.7,30.6,1022.32,0,0,2,577,,
2022-03-09,15:15,11.3,2.2,55,WEST,16.1,33.8,1022.52,0,0,2,538,,
2022-03-09,15:30,11.1,2.2,56,WEST,32.2,38.6,1022.69,0,0,2,496,,
2022-03-09,15:45,10.9,2.8,57,WEST,30.6,41.8,1022.45,0,0,2,459,,
2022-03-09,16:00,10.8,2.8,58,WEST,24.1,45.1,1022.25,0,0,1,406,,
2022-03-09,16:15,10.9,2.8,58,WEST,22.5,37,1022.22,0,0,0,51,,
2022-03-09,16:30,10.7,3.3,60,WNW,12.9,40.2,1022.32,0,0,0,44,,
2022-03-09,16:45,10.6,2.8,60,WEST,22.5,38.6,1022.25,0,0,0,42,,
2022-03-09,17:00,10.3,2.8,61,WEST,25.7,37,1022.49,0,0,0,39,,
2022-03-09,17:15,10.1,2.8,61,WNW,19.3,32.2,1022.62,0,0,0,35,,
2022-03-09,17:30,9.9,3.3,63,WEST,20.9,33.8,1022.72,0,0,0,30,,
2022-03-09,17:45,9.8,3.3,65,WNW,16.1,27.4,1022.82,0,0,0,23,,
2022-03-09,18:00,9.4,3.3,66,WEST,16.1,19.3,1022.79,0,0,0,18,,
2022-03-09,18:15,8.9,3.3,68,WNW,9.7,20.9,1022.99,0,0,0,9,,
2022-03-09,18:30,8.6,3.3,69,WEST,4.8,16.1,1023.16,0,0,0,0,,
2022-03-09,18:45,8.2,3.3,71,WEST,11.3,16.1,1023.43,0,0,0,0,,
2022-03-09,19:00,8.1,3.3,72,WSW,1.6,14.5,1023.57,0,0,0,0,,
2022-03-09,19:15,7.8,3.3,74,WNW,4.8,16.1,1023.81,0,0,0,0,,
2022-03-09,19:30,7.8,3.3,74,WEST,17.7,14.5,1023.91,0,0,0,0,,
2022-03-09,19:45,7.2,3.3,77,WNW,1.6,11.3,1024.08,0,0,0,0,,
2022-03-09,20:00,6.7,2.8,78,WNW,1.6,9.7,1024.35,0,0,0,0,,
2022-03-09,20:15,6.2,2.8,80,NORTH,0,1.6,1024.42,0,0,0,0,,
2022-03-09,20:30,6.4,3.3,81,WNW,1.6,1.6,1024.28,0,0,0,0,,
2022-03-09,20:45,6.3,3.3,81,NORTH,0,3.2,1024.45,0,0,0,0,,
2022-03-09,21:00,6.1,2.8,82,NORTH,0,0,1024.55,0,0,0,0,,
2022-03-09,21:15,5.9,2.8,83,NORTH,0,1.6,1024.79,0,0,0,0,,
2022-03-09,21:30,5.6,2.8,83,WEST,3.2,3.2,1024.89,0,0,0,0,,
2022-03-09,21:45,5.2,2.8,84,WEST,1.6,4.8,1024.89,0,0,0,0,,
2022-03-09,22:00,5.9,3.3,84,WEST,3.2,4.8,1024.82,0,0,0,0,,
2022-03-09,22:15,5.6,2.8,84,SW,3.2,4.8,1024.99,0,0,0,0,,
2022-03-09,22:30,5.7,2.8,84,SSW,4.8,6.4,1025.13,0,0,0,0,,
2022-03-09,22:45,5.5,2.8,84,SSW,3.2,4.8,1025.06,0,0,0,0,,
2022-03-09,23:00,5.7,2.8,83,SOUTH,4.8,6.4,1025.26,0,0,0,0,,
2022-03-09,23:15,5.6,2.8,83,SOUTH,4.8,6.4,1025.16,0,0,0,0,,
2022-03-09,23:30,5.4,2.8,84,SOUTH,3.2,4.8,1025.16,0,0,0,0,,
2022-03-09,23:45,5.2,2.8,85,SOUTH,3.2,4.8,1025.36,0,0,0,0,,
2022-03-09,OVR,,,,,,,,,,,,gustmax,32.2
2022-03-09,OVR,,,,,,,,,,,,rainrate_max,0
2022-03-09,OVR,,,,,,,,,,,,rain_total_mm,0
2022-03-09,OVR,,,,,,,,,,,,tmax,12.4
2022-03-09,OVR,,,,,,,,,,,,tmin,2.7
2022-03-09,OVR,,,,,,,,,,,,wind_dir_mean_deg,337.5
2022-03-10,00:00,5.3,2.8,85,SOUTH,4.8,6.4,1025.26,0,0,0,0,,
2022-03-10,00:15,5.6,2.8,83,SSE,4.8,9.7,1025.57,0,0,0,0,,
2022-03-10,00:30,5.6,2.8,82,SE,6.4,11.3,1025.33,0,0,0,0,,
2022-03-10,00:45,5.4,2.8,82,SE,3.2,8,1025.23,0,0,0,0,,
2022-03-10,01:00,5.5,2.8,83,NORTH,0,4.8,1025.33,0,0,0,0,,
2022-03-10,01:15,4.9,2.2,83,SE,1.6,3.2,1025.33,0,0,0,0,,
2022-03-10,01:30,5.6,2.8,83,SE,1.6,4.8,1025.33,0,0,0,0,,
2022-03-10,01:45,5.4,2.8,83,NORTH,0,6.4,1025.13,0,0,0,0,,
2022-03-10,02:00,5.3,2.2,83,NORTH,0,4.8,1025.13,0,0,0,0,,
2022-03-10,02:15,5.4,2.8,84,ESE,1.6,6.4,1024.99,0,0,0,0,,
2022-03-10,02:30,4.6,1.7,84,NORTH,0,6.4,1025.06,0,0,0,0,,
2022-03-10,02:45,4.8,2.2,86,ESE,3.2,8,1025.03,0,0,0,0,,
2022-03-10,03:00,4.8,2.2,85,NORTH,0,6.4,1024.76,0,0,0,0,,
2022-03-10,03:15,5.5,2.8,84,ESE,1.6,6.4,1024.79,0,0,0,0,,
2022-03-10,03:30,4.8,1.7,82,NORTH,0,3.2,1024.69,0,0,0,0,,
2022-03-10,03:45,4.3,1.7,85,ESE,1.6,4.8,1024.69,0,0,0,0,,
2022-03-10,04:00,4.9,2.2,85,NORTH,0,4.8,1024.82,0,0,0,0,,
2022-03-10,04:15,4.3,1.7,85,NORTH,0,1.6,1025.06,0,0,0,0,,
2022-03-10,04:30,4.3,2.2,86,NORTH,0,1.6,1024.92,0,0,0,0,,
2022-03-10,04:45,4.4,2.2,86,NORTH,0,1.6,1025.06,0,0,0,0,,
2022-03-10,05:00,4.3,1.7,86,ESE,1.6,3.2,1025.03,0,0,0,0,,
2022-03-10,05:15,4.7,2.2,86,NORTH,0,1.6,1025.13,0,0,0,0,,
2022-03-10,05:30,4.8,2.2,85,NORTH,0,1.6,1025.16,0,0,0,0,,
2022-03-10,05:45,4.4,2.2,85,NORTH,0,0,1025.26,0,0,0,0,,
2022-03-10,06:00,4.4,2.2,85,NORTH,0,0,1025.13,0,0,0,0,,
2022-03-10,06:15,4.3,1.7,86,NORTH,0,1.6,1025.36,0,0,0,0,,
2022-03-10,06:30,3.7,1.7,86,ESE,3.2,4.8,1025.5,0,0,0,0,,
2022-03-10,06:45,3.6,1.7,87,ESE,3.2,4.8,1025.47,0,0,0,0,,
2022-03-10,07:00,3.6,1.7,88,ESE,3.2,4.8,1025.5,0,0,0,12,,
2022-03-10,07:15,3.6,1.7,89,EAST,4.8,11.3,1025.57,0,0,0,40,,
2022-03-10,07:30,4.6,2.8,89,EAST,4.8,12.9,1025.5,0,0,0,42,,
2022-03-10,07:45,5.1,3.3,88,EAST,1.6,9.7,1025.77,0,0,0,128,,
2022-03-10,08:00,5.9,3.9,87,EAST,1.6,9.7,1025.67,0,0,0,185,,
2022-03-10,08:15,6.7,3.9,84,EAST,1.6,4.8,1025.77,0,0,0,262,,
2022-03-10,08:30,7.6,4.4,82,EAST,1.6,4.8,1025.94,0,0,1,323,,
2022-03-10,08:45,8.3,5,80,NORTH,0,4.8,1025.87,0,0,1,373,,
2022-03-10,09:00,8.7,4.4,76,EAST,1.6,4.8,1025.77,0,0,1,424,,
2022-03-10,09:15,9.1,4.4,74,EAST,1.6,6.4,1025.8,0,0,1,473,,
2022-03-10,09:30,9.4,5,74,ESE,1.6,9.7,1025.8,0,0,2,517,,
2022-03-10,09:45,9.6,4.4,72,ESE,3.2,6.4,1025.74,0,0,2,555,,
2022-03-10,10:00,10,4.4,70,SE,6.4,11.3,1025.77,0,0,2,596,,
2022-03-10,10:15,10.1,4.4,68,SE,3.2,8,1025.53,0,0,2,636,,
2022-03-10,10:30,11.2,5,67,,1.6,6.4,1025.7,0,0,3,670,,
2022-03-10,10:45,10.7,3.9,64,SSE,8,12.9,1025.77,0,0,3,703,,
2022-03-10,11:00,10.9,4.4,64,SOUTH,8,12.9,1025.6,0,0,3,728,,
2022-03-10,11:15,11.2,3.3,60,SSE,9.7,12.9,1025.6,0,0,3,747,,
2022-03-10,11:30,11.7,2.8,55,SE,6.4,20.9,1025.5,0,0,4,768,,
2022-03-10,11:45,11.8,2.8,55,SE,1.6,17.7,1025.47,0,0,4,780,,
2022-03-10,12:00,12.3,1.1,48,SSE,9.7,16.1,1025.26,0,0,4,788,,
2022-03-10,12:15,12.4,1.7,48,SE,6.4,16.1,1025.13,0,0,4,788,,
2022-03-10,12:30,12.4,-0.6,41,SSE,3.2,19.3,1025.09,0,0,4,803,,
2022-03-10,12:45,12.7,0,41,NORTH,0,11.3,1024.65,0,0,4,795,,
2022-03-10,13:00,13.1,-1.1,38,SSE,4.8,14.5,1024.55,0,0,4,784,,
2022-03-10,13:15,13,0.6,42,SE,3.2,14.5,1024.21,0,0,4,744,,
2022-03-10,13:30,13.6,-1.1,37,ESE,11.3,16.1,1024.18,0,0,4,751,,
2022-03-10,13:45,13.7,0,39,SE,8,14.5,1024.04,0,0,3,731,,
2022-03-10,14:00,13.7,0.6,40,SE,3.2,14.5,1023.84,0,0,3,717,,
2022-03-10,14:15,13.9,1.1,43,SSE,9.7,16.1,1023.77,0,0,3,679,,
2022-03-10,14:30,13.7,1.1,42,ESE,3.2,14.5,1023.37,0,0,3,657,,
2022-03-10,14:45,14.2,-1.7,34,SSE,8,17.7,1023.4,0,0,3,617,,
2022-03-10,15:00,14.2,-3.3,29,SSE,4.8,12.9,1023.27,0,0,2,559,,
2022-03-10,15:15,14.6,-0.6,35,SSE,8,11.3,1023.16,0,0,2,531,,
2022-03-10,15:30,14.4,-1.1,35,SE,8,12.9,1023.1,0,0,2,512,,
2022-03-10,15:45,14.7,3.3,48,NORTH,0,6.4,1022.89,0,0,2,478,,
2022-03-10,16:00,13.3,5,57,WSW,3.2,11.3,1022.89,0,0,1,267,,
2022-03-10,16:15,13.5,4.4,55,WNW,11.3,14.5,1022.66,0,0,1,111,,
2022-03-10,16:30,13.8,4.4,55,NW,1.6,8,1022.69,0,0,1,102,,
2022-03-10,16:45,13.2,5.6,61,WEST,9.7,14.5,1022.66,0,0,0,100,,
2022-03-10,17:00,12.3,5.6,65,WEST,11.3,19.3,1022.79,0,0,0,104,,
2022-03-10,17:15,12.1,5.6,66,SW,6.4,20.9,1022.69,0,0,0,86,,
2022-03-10,17:30,11.9,5.6,66,WEST,4.8,16.1,1022.76,0,0,0,65,,
2022-03-10,17:45,11.7,5.6,67,NORTH,0,9.7,1022.76,0,0,0,44,,
2022-03-10,18:00,10.9,5.6,70,NORTH,0,4.8,1022.72,0,0,0,26,,
2022-03-10,18:15,10.3,5,72,NORTH,0,4.8,1022.82,0,0,0,11,,
2022-03-10,18:30,9.7,5,74,SSW,1.6,4.8,1023.13,0,0,0,0,,
2022-03-10,18:45,9.1,5,76,SSW,1.6,4.8,1023.13,0,0,0,0,,
2022-03-10,19:00,8.7,4.4,76,SSW,4.8,4.8,1023.33,0,0,0,0,,
2022-03-10,19:15,8.4,4.4,76,SOUTH,1.6,6.4,1023.43,0,0,0,0,,
2022-03-10,19:30,7.9,4.4,78,SOUTH,3.2,4.8,1023.4,0,0,0,0,,
2022-03-10,19:45,7.8,3.9,79,SOUTH,3.2,4.8,1023.54,0,0,0,0,,
2022-03-10,20:00,8,3.9,77,SE,4.8,8,1023.5,0,0,0,0,,
2022-03-10,20:15,7.7,4.4,79,SE,4.8,11.3,1023.43,0,0,0,0,,
2022-03-10,20:30,7.8,4.4,79,ESE,4.8,11.3,1023.37,0,0,0,0,,
2022-03-10,20:45,8.1,4.4,80,ESE,11.3,12.9,1023.16,0,0,0,0,,
2022-03-10,21:00,8.3,5,80,SE,6.4,14.5,1023.2,0,0,0,0,,
2022-03-10,21:15,8.3,5,80,ESE,4.8,12.9,1023.27,0,0,0,0,,
2022-03-10,21:30,8.1,5,81,ESE,4.8,8,1023.3,0,0,0,0,,
2022-03-10,21:45,7.9,5,81,ESE,4.8,8,1023.33,0,0,0,0,,
2022-03-10,22:00,8,5,82,ESE,6.4,12.9,1023.33,0,0,0,0,,
2022-03-10,22:15,8.1,5,83,ESE,6.4,14.5,1023.27,0,0,0,0,,
2022-03-10,22:30,8,5,84,ESE,6.4,12.9,1023.16,0,0,0,0,,
2022-03-10,22:45,7.8,5,84,ESE,11.3,14.5,1023.06,0,0,0,0,,
2022-03-10,23:00,7.8,5,85,ESE,11.3,16.1,1022.99,0,0,0,0,,
2022-03-10,23:15,7.8,5,85,ESE,11.3,16.1,1022.86,0,0,0,0,,
2022-03-10,23:30,7.8,5,85,ESE,9.7,17.7,1022.82,0,0,0,0,,
2022-03-10,23:45,7.8,5.6,85,SE,14.5,19.3,1022.62,0,0,0,0,,
2022-03-10,OVR,,,,,,,,,,,,gustmax,14.5
2022-03-10,OVR,,,,,,,,,,,,rainrate_max,0
2022-03-10,OVR,,,,,,,,,,,,rain_total_mm,0
2022-03-10,OVR,,,,,,,,,,,,tmax,14.8
2022-03-10,OVR,,,,,,,,,,,,tmin,3.3
2022-03-10,OVR,,,,,,,,,,,,wind_dir_mean_deg,135
2022-03-11,00:00,7.8,5.6,86,ESE,11.3,20.9,1022.52,0,0,0,0,,
2022-03-11,00:15,7.7,5,85,SE,12.9,19.3,1022.22,0,0,0,0,,
2022-03-11,00:30,7.8,5.6,85,ESE,12.9,20.9,1022.32,0,0,0,0,,
2022-03-11,00:45,7.7,5,85,ESE,12.9,19.3,1022.45,0,0,0,0,,
2022-03-11,01:00,6.9,3.9,83,ESE,3.2,11.3,1022.45,0,0,0,0,,
2022-03-11,01:15,6.5,3.9,84,ESE,6.4,12.9,1022.52,0,0,0,0,,
2022-03-11,01:30,6.9,3.9,81,ESE,4.8,9.7,1022.49,0,0,0,0,,
2022-03-11,01:45,7.3,3.9,80,SE,14.5,16.1,1022.32,0,0,0,0,,
2022-03-11,02:00,6.9,3.3,78,ESE,8,11.3,1022.25,0,0,0,0,,
2022-03-11,02:15,6.6,2.2,74,EAST,11.3,14.5,1022.35,0,0,0,0,,
2022-03-11,02:30,6.4,2.2,76,ESE,6.4,11.3,1022.18,0,0,0,0,,
2022-03-11,02:45,6.3,2.2,77,ESE,9.7,12.9,1022.01,0,0,0,0,,
2022-03-11,03:00,6.7,2.8,77,ESE,6.4,11.3,1022.08,0,0,0,0,,
2022-03-11,03:15,7.1,3.9,80,ESE,6.4,19.3,1022.08,0,0,0,0,,
2022-03-11,03:30,7.1,3.9,81,ESE,4.8,12.9,1021.98,0,0,0,0,,
2022-03-11,03:45,7.2,3.9,81,SE,3.2,17.7,1021.74,0,0,0,0,,
2022-03-11,04:00,7.1,3.9,81,ESE,8,12.9,1021.67,0,0,0,0,,
2022-03-11,04:15,6.8,3.9,81,ESE,4.8,12.9,1021.33,0,0,0,0,,
2022-03-11,04:30,6.6,3.3,81,SE,8,14.5,1021.27,0,0,0,0,,
2022-03-11,04:45,7,3.9,82,EAST,6.4,17.7,1021.1,0,0,0,0,,
2022-03-11,05:00,6.6,3.3,80,EAST,6.4,16.1,1021.1,0,0,0,0,,
2022-03-11,05:15,6.4,2.8,79,EAST,9.7,19.3,1021.13,0,0,0,0,,
2022-03-11,05:30,6.4,2.8,80,EAST,14.5,19.3,1020.86,0,0,0,0,,
2022-03-11,05:45,6.7,3.3,81,EAST,14.5,19.3,1021.03,0,0,0,0,,
2022-03-11,06:00,6.6,3.3,82,EAST,11.3,19.3,1021.03,0,0,0,0,,
2022-03-11,06:15,6.3,3.3,83,ESE,16.1,20.9,1021.27,0,0,0,0,,
2022-03-11,06:30,6.3,3.9,84,EAST,9.7,22.5,1021.37,0,0,0,0,,
2022-03-11,06:45,6.4,3.9,84,EAST,14.5,20.9,1021.61,0,0,0,0,,
2022-03-11,07:00,6.4,3.9,84,EAST,16.1,20.9,1021.47,0,0,0,28,,
2022-03-11,07:15,6.6,3.9,84,EAST,9.7,19.3,1021.61,0,0,0,40,,
2022-03-11,07:30,6.8,3.9,83,EAST,11.3,20.9,1021.4,0,0,0,63,,
2022-03-11,07:45,7.1,3.9,82,EAST,8,20.9,1021.67,0,0,0,67,,
2022-03-11,08:00,7.4,4.4,82,ESE,12.9,19.3,1021.61,0,0,0,137,,
2022-03-11,08:15,7.8,4.4,80,EAST,12.9,19.3,1022.01,0,0,0,158,,
2022-03-11,08:30,7.9,4.4,81,ESE,9.7,20.9,1021.88,0,0,1,260,,
2022-03-11,08:45,8.6,5,80,EAST,12.9,19.3,1021.84,0,0,1,316,,
2022-03-11,18:30,10.4,6.7,78,ESE,8,19.3,1020.08,0,0,0,0,,
2022-03-11,18:45,10.3,6.7,78,SE,12.9,20.9,1020.32,0,0,0,0,,
2022-03-11,19:00,9.9,5.6,74,SE,11.3,20.9,1020.12,0,0,0,0,,
2022-03-11,19:15,9.8,5,74,ESE,12.9,20.9,1020.29,0,0,0,0,,
2022-03-11,19:30,9.5,5,75,EAST,12.9,22.5,1020.12,0,0,0,0,,
2022-03-11,19:45,9.4,5,75,EAST,12.9,24.1,1020.22,0,0,0,0,,
2022-03-11,20:00,9.3,5,76,SE,16.1,25.7,1020.22,0,0,0,0,,
2022-03-11,20:15,9.2,5,77,ESE,11.3,25.7,1020.45,0,0,0,0,,
2022-03-11,20:30,9.1,5,78,ESE,16.1,27.4,1020.45,0,0,0,0,,
2022-03-11,20:45,9.1,5.6,78,ESE,17.7,22.5,1020.56,0,0,0,0,,
2022-03-11,21:00,8.9,5,79,ESE,6.4,22.5,1020.89,0,0,0,0,,
2022-03-11,21:15,8.8,5,79,EAST,6.4,20.9,1021,0,0,0,0,,
2022-03-11,21:30,8.9,5.6,79,ESE,11.3,20.9,1021.3,0,0,0,0,,
2022-03-11,21:45,9.1,5.6,79,EAST,17.7,20.9,1021.4,0,0,0,0,,
2022-03-11,22:00,9.1,5.6,79,EAST,14.5,19.3,1021.5,0,0,0,0,,
2022-03-11,22:15,9,5.6,80,SE,6.4,22.5,1021.54,0,0,0,0,,
2022-03-11,22:30,8.9,5.6,80,EAST,4.8,19.3,1021.44,0,0,0,0,,
2022-03-11,22:45,8.8,5.6,81,ESE,6.4,24.1,1021.3,0,0,0,0,,
2022-03-11,23:00,8.8,5.6,81,ESE,8,22.5,1021.27,0,0,0,0,,
2022-03-11,23:15,8.7,5.6,81,ESE,9.7,17.7,1021.3,0,0,0,0,,
2022-03-11,23:30,8.6,5.6,82,SE,14.5,22.5,1020.86,0,0,0,0,,
2022-03-11,23:45,8.6,5.6,83,ESE,24.1,25.7,1020.83,0,0,0,0,,
2022-03-11,OVR,,,,,,,,,,,,gustmax,24.1
2022-03-11,OVR,,,,,,,,,,,,rainrate_max,0
2022-03-11,OVR,,,,,,,,,,,,rain_total_mm,0
2022-03-11,OVR,,,,,,,,,,,,tmax,14.7
2022-03-11,OVR,,,,,,,,,,,,tmin,6.2
2022-03-11,OVR,,,,,,,,,,,,wind_dir_mean_deg,112.5
2022-03-12,00:00,8.4,5.6,83,EAST,11.3,17.7,1020.66,0,0,0,0,,
2022-03-12,00:15,8.6,5.6,82,ESE,14.5,20.9,1020.79,0,0,0,0,,
2022-03-12,00:30,8.6,5.6,82,ESE,11.3,17.7,1020.96,0,0,0,0,,
2022-03-12,00:45,8.6,5.6,82,ESE,6.4,17.7,1020.79,0,0,0,0,,
2022-03-12,01:00,8.6,5.6,82,EAST,9.7,19.3,1020.52,0,0,0,0,,
2022-03-12,01:15,8.7,5.6,82,ENE,9.7,24.1,1020.52,0,0,0,0,,
2022-03-12,01:30,8.8,5.6,82,ESE,11.3,17.7,1020.52,0,0,0,0,,
2022-03-12,01:45,8.8,5.6,83,ESE,11.3,17.7,1020.56,0,0,0,0,,
2022-03-12,02:00,8.8,6.1,83,EAST,9.7,19.3,1020.39,0,0,0,0,,
2022-03-12,02:15,8.8,6.1,83,EAST,4.8,17.7,1020.35,0,0,0,0,,
2022-03-12,02:30,8.9,6.1,83,EAST,11.3,16.1,1020.25,0,0,0,0,,
2022-03-12,02:45,9,6.1,82,EAST,4.8,19.3,1020.18,0,0,0,0,,
2022-03-12,03:00,9.1,6.1,82,NE,6.4,16.1,1019.91,0,0,0,0,,
2022-03-12,03:15,9.1,6.1,82,SE,6.4,17.7,1019.84,0,0,0,0,,
2022-03-12,03:30,9.3,6.1,82,EAST,4.8,17.7,1019.71,0,0,0,0,,
2022-03-12,03:45,9.2,6.7,83,ESE,4.8,17.7,1019.68,0,0,0,0,,
2022-03-12,04:00,9.3,6.7,83,ESE,9.7,17.7,1019.57,0,0,0,0,,
2022-03-12,04:15,9.3,6.7,83,ESE,12.9,17.7,1019.51,0,0,0,0,,
2022-03-12,04:30,9.4,6.1,82,ESE,14.5,22.5,1019.17,0,0,0,0,,
2022-03-12,04:45,9.4,6.1,82,ESE,8,19.3,1019.17,0,0,0,0,,
2022-03-12,05:00,9.3,6.1,82,ESE,14.5,20.9,1019.07,0,0,0,0,,
2022-03-12,05:15,9.3,6.1,82,ESE,16.1,30.6,1019.24,0,0,0,0,,
2022-03-12,05:30,9.3,6.1,82,ESE,19.3,22.5,1019.24,0,0,0,0,,
2022-03-12,05:45,9.2,6.1,81,ESE,14.5,27.4,1019.13,0,0,0,0,,
2022-03-12,06:00,9.2,6.1,81,ESE,12.9,27.4,1019.1,0,0,0,0,,
2022-03-12,06:15,9.2,6.1,81,SE,12.9,24.1,1019.24,0,0,0,0,,
2022-03-12,06:30,9.3,6.1,82,ENE,14.5,24.1,1019.27,0,0,0,0,,
2022-03-12,06:45,9.4,6.1,81,SE,11.3,22.5,1019.27,0,0,0,0,,
2022-03-12,07:00,9.5,6.1,82,ESE,16.1,19.3,1019.44,0,0,0,0,,
2022-03-12,07:15,9.7,6.7,82,ENE,17.7,17.7,1019.44,0,0,0,9,,
2022-03-12,07:30,9.8,6.7,82,ENE,11.3,25.7,1019.37,0,0,0,49,,
2022-03-12,07:45,9.9,6.7,81,ESE,17.7,24.1,1019.2,0,0,0,65,,
2022-03-12,08:00,10.1,6.7,80,ESE,16.1,25.7,1019.4,0,0,0,70,,
2022-03-12,08:15,10.3,6.7,79,ESE,20.9,27.4,1019.47,0,0,0,69,,
2022-03-12,08:30,10.4,6.7,79,ESE,19.3,25.7,1019.64,0,0,0,116,,
2022-03-12,08:45,10.6,6.7,78,SE,12.9,22.5,1019.57,0,0,1,162,,
2022-03-12,09:00,10.9,6.7,76,ESE,11.3,25.7,1019.78,0,0,1,200,,
2022-03-12,09:15,11.1,6.7,76,ENE,20.9,24.1,1019.64,0,0,1,207,,
2022-03-12,09:30,11.3,6.7,75,ENE,9.7,27.4,1019.78,0,0,1,246,,
2022-03-12,09:45,11.4,6.7,73,ESE,16.1,25.7,1019.78,0,0,0,111,,
2022-03-12,10:00,11.2,7.2,76,ESE,27.4,29,1019.68,0,0,1,130,,
2022-03-12,10:15,11.7,6.7,73,ESE,25.7,41.8,1019.37,0,0,2,373,,
2022-03-12,10:30,12.1,6.1,67,ESE,17.7,33.8,1019.68,0,0,2,392,,
2022-03-12,10:45,12.5,6.1,67,SSE,20.9,33.8,1019.4,0,0,2,353,,
2022-03-12,11:00,12.2,6.7,70,ESE,12.9,33.8,1019.74,0,0,1,149,,
2022-03-12,11:15,11.6,6.7,73,ESE,14.5,35.4,1019.64,0,0,1,202,,
2022-03-12,11:30,11.6,6.7,74,SE,25.7,32.2,1019.3,0,0,1,151,,
2022-03-12,11:45,12.2,7.2,72,ESE,20.9,33.8,1019.17,0,0,2,369,,
2022-03-12,12:00,12.2,7.2,72,ESE,16.1,37,1019.2,0,0,2,353,,
2022-03-12,12:15,12.6,7.2,72,EAST,24.1,38.6,1019.03,0,0,2,387,,
2022-03-12,12:30,12.7,7.2,70,ESE,16.1,43.5,1018.8,0,0,2,387,,
2022-03-12,12:45,12.6,7.2,71,EAST,24.1,32.2,1018.76,0,0,2,279,,
2022-03-12,13:00,12.4,7.2,72,ESE,17.7,33.8,1018.56,0,0,2,304,,
2022-03-12,13:15,12.2,7.2,72,EAST,25.7,32.2,1018.19,0,0,2,313,,
2022-03-12,13:30,12.1,7.2,73,EAST,22.5,33.8,1018.02,0,0,2,262,,
2022-03-12,13:45,11.8,7.2,75,ESE,12.9,33.8,1017.98,0,0,1,109,,
2022-03-12,14:00,11.6,7.8,77,ESE,14.5,33.8,1017.85,0,0,1,105,,
2022-03-12,14:15,11.4,7.8,79,EAST,14.5,27.4,1017.85,0,0,0,51,,
2022-03-12,14:30,11.3,7.8,80,EAST,8,25.7,1017.61,0,0,1,118,,
2022-03-12,14:45,11.2,7.8,81,ESE,20.9,37,1017.41,0,0,0,104,,
2022-03-12,15:00,11.2,7.8,81,EAST,14.5,37,1017.31,0,0,1,174,,
2022-03-12,15:15,11.3,7.8,81,EAST,20.9,41.8,1017.1,0,0,1,134,,
2022-03-12,15:30,11.3,7.8,81,EAST,24.1,35.4,1016.93,0,0,1,169,,
2022-03-12,15:45,11.2,7.8,82,ESE,16.1,30.6,1016.9,0,0,1,195,,
2022-03-12,16:00,11,7.8,82,EAST,24.1,35.4,1016.93,0,0,0,135,,
2022-03-12,16:15,10.9,7.8,83,EAST,20.9,38.6,1017,0,0,0,141,,
2022-03-12,16:30,10.7,7.8,84,ENE,19.3,33.8,1017.03,0,0,0,114,,
2022-03-12,16:45,10.6,7.8,84,EAST,17.7,33.8,1016.9,0,0,0,86,,
2022-03-12,17:00,10.4,7.8,85,EAST,16.1,32.2,1016.8,0,0,0,76,,
2022-03-12,17:15,10.3,7.8,86,EAST,19.3,30.6,1016.9,0,0,0,53,,
2022-03-12,17:30,10.1,7.8,87,EAST,14.5,27.4,1016.9,0,0,0,35,,
2022-03-12,17:45,10,7.8,88,EAST,12.9,27.4,1017,0.25,0.25,0,23,,
2022-03-12,18:00,9.8,7.8,88,EAST,11.3,29,1017,0.25,0.25,0,14,,
2022-03-12,18:15,9.8,7.8,88,NE,19.3,33.8,1017.17,0.25,0.25,0,7,,
2022-03-12,18:30,9.7,7.8,88,NE,11.3,29,1017.17,0.25,0.25,0,0,,
2022-03-12,18:45,9.7,7.8,89,NE,9.7,25.7,1017.03,0.51,0.25,0,0,,
2022-03-12,19:00,9.6,7.8,89,ENE,19.3,24.1,1017.17,0.51,0.25,0,0,,
2022-03-12,19:15,9.6,7.8,89,ENE,17.7,29,1017.2,0.51,0.25,0,0,,
2022-03-12,19:30,9.7,7.8,89,EAST,6.4,25.7,1017.27,0.51,0.25,0,0,,
2022-03-12,19:45,9.8,7.8,89,ESE,11.3,30.6,1017.34,0.51,0,0,0,,
2022-03-12,20:00,9.9,7.8,89,EAST,16.1,25.7,1017.37,0.51,0,0,0,,
2022-03-12,20:15,10,7.8,88,ENE,8,30.6,1017.37,0.51,0,0,0,,
2022-03-12,20:30,10.1,7.8,88,EAST,12.9,27.4,1017.51,0.51,0,0,0,,
2022-03-12,20:45,10.1,7.8,88,ESE,17.7,33.8,1017.51,0.51,0,0,0,,
2022-03-12,21:00,10.1,7.8,88,NE,22.5,30.6,1017.71,0.51,0,0,0,,
2022-03-12,21:15,10.1,7.8,87,ESE,6.4,25.7,1017.58,0.51,0,0,0,,
2022-03-12,21:30,10.1,7.8,87,ESE,14.5,30.6,1017.71,0.51,0,0,0,,
2022-03-12,21:45,10.1,7.8,87,ENE,20.9,27.4,1017.75,0.51,0,0,0,,
2022-03-12,22:00,10.1,7.8,87,ENE,16.1,24.1,1017.51,0.51,0,0,0,,
2022-03-12,22:15,10.1,7.8,88,NE,14.5,25.7,1017.37,0.51,0,0,0,,
2022-03-12,22:30,10.1,7.8,88,ENE,20.9,29,1017.34,0.51,0,0,0,,
2022-03-12,22:45,10.1,7.8,88,EAST,12.9,32.2,1017.34,0.51,0,0,0,,
2022-03-12,23:00,10.1,7.8,88,EAST,8,27.4,1017.07,0.51,0,0,0,,
2022-03-12,23:15,10.1,7.8,87,ENE,19.3,33.8,1017.17,0.51,0,0,0,,
2022-03-12,23:30,10.2,7.8,87,EAST,20.9,33.8,1016.97,0.51,0,0,0,,
2022-03-12,23:45,10.3,7.8,87,EAST,16.1,32.2,1016.86,0.51,0,0,0,,
2022-03-12,OVR,,,,,,,,,,,,gustmax,27.4
2022-03-12,OVR,,,,,,,,,,,,rainrate_max,0.2
2022-03-12,OVR,,,,,,,,,,,,rain_total_mm,0.4
2022-03-12,OVR,,,,,,,,,,,,tmax,12.8
2022-03-12,OVR,,,,,,,,,,,,tmin,8.4
2022-03-12,OVR,,,,,,,,,,,,wind_dir_mean_deg,90
2022-03-13,00:00,10.3,8.3,87,ENE,17.7,32.2,1016.86,0,0,0,0,,
2022-03-13,00:15,10.3,8.3,87,EAST,22.5,29,1016.76,0,0,0,0,,
2022-03-13,00:30,10.4,7.8,86,EAST,17.7,30.6,1016.66,0,0,0,0,,
2022-03-13,00:45,10.4,7.8,86,EAST,12.9,29,1016.9,0,0,0,0,,
2022-03-13,01:00,10.5,8.3,86,EAST,19.3,27.4,1016.9,0,0,0,0,,
2022-03-13,01:15,10.4,7.8,86,EAST,12.9,29,1016.8,0,0,0,0,,
2022-03-13,01:30,10.4,8.3,87,EAST,4.8,25.7,1016.86,0,0,0,0,,
2022-03-13,01:45,10.4,8.3,87,EAST,11.3,32.2,1016.63,0,0,0,0,,
2022-03-13,02:00,10.4,8.3,88,EAST,9.7,27.4,1016.59,0,0,0,0,,
2022-03-13,02:15,10.3,8.3,88,NE,20.9,27.4,1016.66,0,0,0,0,,
2022-03-13,02:30,10.3,8.3,88,SE,17.7,27.4,1016.46,0,0,0,0,,
2022-03-13,02:45,10.4,8.3,88,ENE,9.7,32.2,1016.22,0,0,0,0,,
2022-03-13,03:00,10.2,7.8,87,ESE,19.3,32.2,1016.05,0,0,0,0,,
2022-03-13,03:15,10.1,7.8,86,EAST,14.5,32.2,1016.09,0,0,0,0,,
2022-03-13,03:30,10.1,7.8,87,EAST,17.7,29,1016.02,0,0,0,0,,
2022-03-13,03:45,10.2,7.8,86,ENE,11.3,33.8,1016.09,0,0,0,0,,
2022-03-13,04:00,10.2,7.8,86,EAST,6.4,27.4,1016.46,0,0,0,0,,
2022-03-13,04:15,10.2,7.8,86,ESE,24.1,32.2,1016.42,0,0,0,0,,
2022-03-13,04:30,10.2,7.8,86,ESE,9.7,30.6,1016.36,0,0,0,0,,
2022-03-13,04:45,10.2,7.8,87,ENE,14.5,29,1016.29,0,0,0,0,,
2022-03-13,05:00,10.2,7.8,87,ESE,11.3,30.6,1016.66,0,0,0,0,,
2022-03-13,05:15,9.9,7.8,88,SE,19.3,24.1,1016.83,0,0,0,0,,
2022-03-13,05:30,9.8,7.8,89,SE,17.7,27.4,1016.97,0.25,0.25,0,0,,
2022-03-13,05:45,9.8,7.8,90,ESE,16.1,24.1,1017.24,0.25,0.25,0,0,,
2022-03-13,06:00,9.8,7.8,90,ESE,9.7,22.5,1017.44,0.25,0.25,0,0,,
2022-03-13,06:15,9.7,7.8,90,ESE,12.9,20.9,1017.68,0.25,0.25,0,0,,
2022-03-13,06:30,9.7,8.3,91,ESE,11.3,16.1,1017.85,0.25,0,0,0,,
2022-03-13,06:45,9.7,8.3,91,EAST,8,24.1,1018.08,0.25,0,0,0,,
2022-03-13,07:00,9.7,8.3,91,ESE,12.9,20.9,1018.12,0.25,0,0,0,,
2022-03-13,07:15,9.6,7.8,91,ESE,8,22.5,1018.29,0.25,0,0,12,,
2022-03-13,07:30,9.6,7.8,90,EAST,6.4,19.3,1018.29,0.25,0,0,25,,
2022-03-13,07:45,9.8,7.8,90,EAST,9.7,20.9,1018.35,0.25,0,0,91,,
2022-03-13,08:00,10.2,8.3,88,EAST,12.9,25.7,1018.39,0.25,0,0,105,,
2022-03-13,08:15,10.2,7.8,87,ENE,16.1,22.5,1018.49,0.25,0,0,81,,
2022-03-13,08:30,10.3,7.8,87,EAST,22.5,20.9,1018.66,0.25,0,0,111,,
2022-03-13,08:45,10.4,8.3,87,SE,11.3,19.3,1018.59,0.25,0,1,132,,
2022-03-13,09:00,10.7,8.3,87,ESE,9.7,22.5,1018.83,0.25,0,1,176,,
2022-03-13,09:15,11.1,8.3,85,EAST,16.1,24.1,1018.59,0.25,0,1,213,,
2022-03-13,09:30,11.8,8.9,84,ENE,11.3,29,1018.63,0.25,0,2,357,,
2022-03-13,09:45,12.3,9.4,83,EAST,16.1,29,1018.76,0.25,0,2,640,,
2022-03-13,10:00,12.8,9.4,81,ENE,14.5,27.4,1018.9,0.25,0,2,617,,
2022-03-13,10:15,13.1,9.4,79,ESE,14.5,30.6,1018.9,0.25,0,3,652,,
2022-03-13,10:30,13.3,9.4,78,ESE,19.3,25.7,1019.07,0.25,0,3,705,,
2022-03-13,10:45,13.1,9.4,79,ENE,14.5,30.6,1019,0.25,0,2,751,,
2022-03-13,11:00,13.6,9.4,77,ENE,20.9,25.7,1018.96,0.25,0,3,726,,
2022-03-13,11:15,13.4,8.9,76,ESE,16.1,24.1,1018.93,0.25,0,2,178,,
2022-03-13,11:30,14.1,9.4,76,ESE,11.3,24.1,1019.34,0.25,0,4,819,,
2022-03-13,11:45,14.4,9.4,73,NE,16.1,20.9,1019.27,0.25,0,4,944,,
2022-03-13,12:00,14.6,9.4,72,ESE,14.5,19.3,1019.24,0.25,0,2,179,,
2022-03-13,12:15,14.3,8.9,71,ESE,11.3,20.9,1018.9,0.25,0,2,167,,
2022-03-13,12:30,14.2,8.9,72,SE,14.5,16.1,1018.83,0.25,0,2,218,,
2022-03-13,12:45,14,8.9,71,ESE,6.4,14.5,1018.76,0.25,0,1,200,,
2022-03-13,13:00,14.6,8.9,70,EAST,12.9,17.7,1018.86,0.25,0,2,279,,
2022-03-13,13:15,14.2,8.9,71,SE,3.2,14.5,1019,0.25,0,1,218,,
2022-03-13,13:30,14.3,9.4,73,ESE,6.4,12.9,1018.83,0.25,0,1,181,,
2022-03-13,13:45,14.4,9.4,74,ESE,6.4,12.9,1018.76,0.25,0,1,193,,
2022-03-13,14:00,14.7,10,74,SSE,3.2,14.5,1018.59,0.25,0,2,287,,
2022-03-13,14:15,14.3,10,75,ESE,9.7,17.7,1018.35,0.25,0,1,165,,
2022-03-13,14:30,14.1,10,76,SE,6.4,19.3,1018.52,0.25,0,1,142,,
2022-03-13,14:45,13.8,10,80,SSE,8,20.9,1018.73,0.25,0,1,162,,
2022-03-13,15:00,13.3,10,82,SE,8,24.1,1018.76,0.25,0,1,195,,
2022-03-13,15:15,13.3,10.6,83,SSE,9.7,20.9,1018.9,0.25,0,1,179,,
2022-03-13,15:30,13.3,10,83,SE,12.9,24.1,1018.83,0.25,0,1,178,,
2022-03-13,15:45,13.2,10.6,84,ESE,14.5,25.7,1018.96,0.25,0,1,206,,
2022-03-13,16:00,12.8,10,85,SE,11.3,25.7,1019.24,0.25,0,1,100,,
2022-03-13,16:15,12.6,10,85,SE,14.5,20.9,1019.13,0.25,0,0,67,,
2022-03-13,16:30,12.3,10,87,SE,9.7,20.9,1019.47,0.25,0,0,88,,
2022-03-13,16:45,12.2,10.6,89,SSE,11.3,20.9,1019.68,0.25,0,0,35,,
2022-03-13,17:00,11.6,10,90,SE,14.5,24.1,1019.61,0.51,0.25,0,47,,
2022-03-13,17:15,11.7,10,91,SE,14.5,19.3,1019.74,0.51,0.51,0,84,,
2022-03-13,17:30,11.8,10,91,ESE,16.1,19.3,1020.01,0.51,0.51,0,35,,
2022-03-13,17:45,11.8,10,91,SE,14.5,20.9,1019.91,0.51,0.51,0,19,,
2022-03-13,18:00,11.4,9.4,90,EAST,14.5,22.5,1020.25,0.51,0.25,0,9,,
2022-03-13,18:15,11.7,10,90,SE,12.9,19.3,1020.52,0.51,0,0,0,,
2022-03-13,18:30,11.6,10,90,ESE,12.9,19.3,1020.66,0.51,0,0,0,,
2022-03-13,18:45,11.6,10,90,ESE,9.7,17.7,1020.79,0.51,0,0,0,,
2022-03-13,19:00,11.4,10,91,ESE,12.9,17.7,1020.96,0.51,0,0,0,,
2022-03-13,19:15,11.4,10,91,ESE,12.9,22.5,1021.1,0.51,0,0,0,,
2022-03-13,19:30,11.3,9.4,91,ESE,12.9,19.3,1021.37,0.51,0,0,0,,
2022-03-13,19:45,11.2,9.4,91,SE,4.8,17.7,1021.71,0.51,0,0,0,,
2022-03-13,20:00,11.1,9.4,92,ESE,14.5,19.3,1021.71,0.51,0,0,0,,
2022-03-13,20:15,11.2,9.4,92,EAST,16.1,22.5,1021.81,0.51,0,0,0,,
2022-03-13,20:30,11.1,9.4,92,ESE,6.4,27.4,1022.18,0.51,0,0,0,,
2022-03-13,20:45,11.1,9.4,92,ESE,14.5,22.5,1022.11,0.51,0,0,0,,
2022-03-13,21:00,11.1,9.4,92,SE,12.9,22.5,1022.52,0.51,0,0,0,,
2022-03-13,21:15,11.2,10,93,ESE,11.3,22.5,1022.52,0.51,0,0,0,,
2022-03-13,21:30,11.1,10,93,SE,8,20.9,1022.72,0.51,0,0,0,,
2022-03-13,21:45,11.1,10,93,ESE,11.3,24.1,1022.62,0.51,0,0,0,,
2022-03-13,22:00,11.1,10,93,ESE,17.7,22.5,1022.82,0.51,0,0,0,,
2022-03-13,22:15,10.9,9.4,93,ESE,14.5,24.1,1022.79,0.51,0,0,0,,
2022-03-13,22:30,10.8,9.4,93,ESE,11.3,22.5,1022.93,0.51,0,0,0,,
2022-03-13,22:45,10.8,9.4,93,ESE,16.1,20.9,1022.89,0.51,0,0,0,,
2022-03-13,23:00,10.6,9.4,93,SE,11.3,20.9,1022.96,0.51,0,0,0,,
2022-03-13,23:15,10.5,9.4,93,ESE,6.4,14.5,1023.03,0.51,0,0,0,,
2022-03-13,23:30,10.4,9.4,93,SE,11.3,12.9,1023.33,0.51,0,0,0,,
2022-03-13,23:45,10.4,9.4,93,SE,12.9,20.9,1023.33,0.51,0,0,0,,
2022-03-13,OVR,,,,,,,,,,,,gustmax,24.1
2022-03-13,OVR,,,,,,,,,,,,rainrate_max,0.8
2022-03-13,OVR,,,,,,,,,,,,rain_total_mm,0.6
2022-03-13,OVR,,,,,,,,,,,,tmax,15.2
2022-03-13,OVR,,,,,,,,,,,,tmin,9.6
2022-03-13,OVR,,,,,,,,,,,,wind_dir_mean_deg,112.5
2022-03-14,00:00,10.3,8.9,93,ESE,8,14.5,1023.4,0,0,0,0,,
2022-03-14,00:15,10.3,8.9,93,ESE,14.5,19.3,1023.3,0,0,0,0,,
2022-03-14,00:30,10.1,8.9,93,ESE,9.7,12.9,1023.47,0,0,0,0,,
2022-03-14,00:45,9.7,8.3,92,ESE,11.3,12.9,1023.5,0,0,0,0,,
2022-03-14,01:00,9.8,8.3,91,ESE,9.7,17.7,1023.5,0,0,0,0,,
2022-03-14,01:15,9.7,8.3,91,ENE,11.3,17.7,1023.67,0,0,0,0,,
2022-03-14,01:30,9.6,7.8,90,EAST,6.4,14.5,1023.6,0,0,0,0,,
2022-03-14,01:45,9.7,7.8,90,ESE,11.3,19.3,1023.6,0,0,0,0,,
2022-03-14,02:00,9.8,8.3,90,EAST,11.3,19.3,1023.77,0,0,0,0,,
2022-03-14,02:15,10,8.3,90,EAST,11.3,20.9,1023.77,0,0,0,0,,
2022-03-14,02:30,10.1,8.3,90,EAST,11.3,20.9,1023.71,0,0,0,0,,
2022-03-14,02:45,10.2,8.3,90,EAST,16.1,17.7,1023.57,0,0,0,0,,
2022-03-14,03:00,10.2,8.3,90,EAST,9.7,17.7,1023.71,0,0,0,0,,
2022-03-14,03:15,10.2,8.3,89,EAST,11.3,19.3,1023.43,0,0,0,0,,
2022-03-14,03:30,10.1,8.3,90,ESE,6.4,17.7,1023.3,0,0,0,0,,
2022-03-14,03:45,10,8.3,90,EAST,12.9,17.7,1023.3,0,0,0,0,,
2022-03-14,04:00,9.9,8.3,90,ESE,9.7,17.7,1023.06,0,0,0,0,,
2022-03-14,04:15,9.9,8.3,90,ESE,11.3,19.3,1023.16,0,0,0,0,,
2022-03-14,04:30,10.2,8.3,90,EAST,16.1,19.3,1023.37,0,0,0,0,,
2022-03-14,04:45,10.1,8.3,89,ENE,8,16.1,1023.43,0,0,0,0,,
2022-03-14,05:00,9.9,8.3,90,EAST,8,16.1,1023.67,0,0,0,0,,
2022-03-14,05:15,9.7,7.8,90,EAST,8,12.9,1023.74,0,0,0,0,,
2022-03-14,05:30,9.7,7.8,91,EAST,12.9,14.5,1023.91,0,0,0,0,,
2022-03-14,05:45,9.8,8.3,91,ESE,8,17.7,1023.81,0,0,0,0,,
2022-03-14,06:00,9.8,8.3,91,EAST,9.7,14.5,1023.91,0,0,0,0,,
2022-03-14,06:15,10,8.3,91,EAST,6.4,16.1,1024.15,0,0,0,0,,
2022-03-14,06:30,10.1,8.3,90,EAST,16.1,17.7,1024.08,0,0,0,0,,
2022-03-14,06:45,10.1,8.3,90,ESE,6.4,16.1,1024.15,0,0,0,9,,
2022-03-14,07:00,10.2,8.3,90,ESE,12.9,20.9,1024.45,0,0,0,26,,
2022-03-14,07:15,10.3,8.3,90,ESE,12.9,16.1,1024.59,0,0,0,40,,
2022-03-14,07:30,10.5,8.9,89,ESE,6.4,14.5,1024.92,0,0,0,53,,
2022-03-14,07:45,10.9,8.9,88,ESE,6.4,14.5,1024.99,0,0,0,77,,
2022-03-14,08:00,11.2,8.9,87,ESE,6.4,12.9,1025.26,0,0,0,204,,
2022-03-14,08:15,11.6,8.9,86,EAST,16.1,16.1,1025.33,0,0,1,172,,
2022-03-14,08:30,11.9,9.4,85,ESE,8,19.3,1025.57,0,0,1,302,,
2022-03-14,08:45,12.5,9.4,84,ESE,8,20.9,1025.64,0,0,1,348,,
2022-03-14,09:00,12.9,10,84,ESE,6.4,19.3,1025.7,0,0,1,359,,
2022-03-14,09:15,13,10,83,SE,8,20.9,1025.8,0,0,1,179,,
2022-03-14,09:30,13.1,10,82,SE,16.1,22.5,1025.77,0,0,0,114,,
2022-03-14,09:45,13.2,10,83,ESE,25.7,27.4,1026.08,0,0,1,199,,
2022-03-14,10:00,13.4,10,82,SE,27.4,30.6,1025.91,0,0,1,186,,
2022-03-14,10:15,13.3,10,81,ESE,19.3,33.8,1026.25,0,0,0,91,,
2022-03-14,10:30,13.3,10,82,ESE,20.9,35.4,1026.28,0,0,1,297,,
2022-03-14,10:45,13.6,10,80,ESE,14.5,32.2,1026.35,0,0,1,174,,
2022-03-14,11:00,13.7,10,79,ESE,25.7,30.6,1026.45,0,0,1,125,,
2022-03-14,11:15,13.9,10,79,SE,12.9,33.8,1026.48,0,0,2,357,,
2022-03-14,11:30,14.3,10.6,78,SE,14.5,32.2,1026.52,0,0,1,197,,
2022-03-14,11:45,14.3,10,75,SE,17.7,32.2,1026.48,0,0,2,250,,
2022-03-14,12:00,14.3,9.4,74,ESE,11.3,30.6,1026.55,0,0,1,188,,
2022-03-14,12:15,14.4,9.4,73,ESE,14.5,29,1026.38,0,0,1,169,,
2022-03-14,12:30,14.5,9.4,72,EAST,20.9,38.6,1026.14,0,0,2,239,,
2022-03-14,12:45,14.6,9.4,71,ESE,20.9,35.4,1025.94,0,0,2,230,,
2022-03-14,13:00,14.7,8.9,69,ESE,22.5,38.6,1026.25,0,0,2,216,,
2022-03-14,13:15,14.7,8.9,69,ENE,17.7,29,1025.94,0,0,2,243,,
2022-03-14,13:30,14.7,9.4,70,ESE,16.1,29,1026.04,0,0,2,227,,
2022-03-14,13:45,15.1,9.4,70,ESE,14.5,30.6,1025.74,0,0,2,369,,
2022-03-14,14:00,15.3,10,70,ESE,20.9,32.2,1025.7,0,0,4,939,,
2022-03-14,14:15,14.7,9.4,71,ESE,19.3,35.4,1025.7,0,0,2,262,,
2022-03-14,14:30,14.8,9.4,70,ESE,19.3,35.4,1025.87,0,0,2,255,,
2022-03-14,14:45,14.7,9.4,71,SE,12.9,35.4,1025.84,0,0,2,195,,
2022-03-14,15:00,15.1,9.4,69,ESE,24.1,33.8,1025.77,0,0,2,197,,
2022-03-14,15:15,14.6,8.9,70,EAST,29,37,1025.8,0,0,2,251,,
2022-03-14,15:30,14.9,9.4,70,SE,19.3,41.8,1025.47,0,0,2,179,,
2022-03-14,15:45,14.4,8.9,70,EAST,30.6,41.8,1025.6,0,0,1,125,,
2022-03-14,16:00,14.7,8.9,70,ESE,11.3,40.2,1026.14,0,0,1,524,,
2022-03-14,16:15,14,8.9,72,ESE,19.3,32.2,1026.14,0,0,1,118,,
2022-03-14,16:30,14.1,8.9,71,ESE,16.1,38.6,1025.91,0,0,1,111,,
2022-03-14,16:45,13.9,8.9,71,ESE,22.5,38.6,1026.04,0,0,1,91,,
2022-03-14,17:00,14.1,8.9,71,SE,12.9,33.8,1026.14,0,0,0,81,,
2022-03-14,17:15,13.5,8.3,72,ESE,25.7,33.8,1026.41,0,0,0,63,,
2022-03-14,17:30,13.3,8.3,73,SE,27.4,38.6,1026.55,0,0,0,67,,
2022-03-14,17:45,13.1,8.3,74,ESE,14.5,33.8,1026.92,0,0,0,44,,
2022-03-14,18:00,12.7,8.3,75,SSE,16.1,38.6,1026.72,0,0,0,23,,
2022-03-14,18:15,12.4,8.3,76,ESE,14.5,40.2,1027.06,0,0,0,11,,
2022-03-14,18:30,12.2,8.3,77,ESE,12.9,32.2,1027.4,0,0,0,0,,
2022-03-14,18:45,12,7.8,78,ESE,11.3,27.4,1027.7,0,0,0,0,,
2022-03-14,19:00,11.9,7.8,78,ESE,17.7,30.6,1027.8,0,0,0,0,,
2022-03-14,19:15,11.8,7.8,77,SE,17.7,27.4,1027.8,0,0,0,0,,
2022-03-14,19:30,11.7,7.8,78,ESE,17.7,29,1028.07,0,0,0,0,,
2022-03-14,19:45,11.6,7.8,78,ESE,17.7,27.4,1028.07,0,0,0,0,,
2022-03-14,20:00,11.6,7.8,78,ESE,14.5,30.6,1028.51,0,0,0,0,,
2022-03-14,20:15,11.5,7.8,77,ESE,24.1,33.8,1028.28,0,0,0,0,,
2022-03-14,20:30,11.4,7.2,77,ESE,20.9,30.6,1028.65,0,0,0,0,,
2022-03-14,20:45,11.3,7.2,78,ESE,24.1,27.4,1028.65,0,0,0,0,,
2022-03-14,21:00,11.3,7.2,78,ESE,29,27.4,1028.82,0,0,0,0,,
2022-03-14,21:15,11.3,7.2,78,ESE,14.5,29,1029.09,0,0,0,0,,
2022-03-14,21:30,11.4,7.8,78,SE,12.9,37,1028.95,0,0,0,0,,
2022-03-14,21:45,11.4,7.8,79,ESE,12.9,29,1028.99,0,0,0,0,,
2022-03-14,22:00,11.6,7.8,79,EAST,24.1,32.2,1028.85,0,0,0,0,,
2022-03-14,22:15,11.7,7.8,79,ESE,17.7,29,1029.02,0,0,0,0,,
2022-03-14,22:30,11.5,7.8,80,SE,8,25.7,1029.23,0,0,0,0,,
2022-03-14,22:45,11.4,7.8,80,ESE,6.4,25.7,1029.33,0,0,0,0,,
2022-03-14,23:00,11.7,8.3,80,EAST,11.3,32.2,1029.46,0,0,0,0,,
2022-03-14,23:15,11.7,7.8,79,ESE,12.9,32.2,1029.67,0,0,0,0,,
2022-03-14,23:30,11.6,7.8,79,ESE,14.5,32.2,1029.29,0,0,0,0,,
2022-03-14,23:45,11.4,7.8,79,SSE,11.3,27.4,1029.53,0,0,0,0,,
2022-03-14,OVR,,,,,,,,,,,,gustmax,30.6
2022-03-14,OVR,,,,,,,,,,,,rainrate_max,0
2022-03-14,OVR,,,,,,,,,,,,rain_total_mm,0
2022-03-14,OVR,,,,,,,,,,,,tmax,15.6
2022-03-14,OVR,,,,,,,,,,,,tmin,9.6
2022-03-14,OVR,,,,,,,,,,,,wind_dir_mean_deg,112.5
2022-03-15,00:00,11.3,7.8,80,SE,8,25.7,1029.6,0,0,0,0,,
2022-03-15,00:15,11.4,8.3,81,SSE,11.3,22.5,1029.56,0,0,0,0,,
2022-03-15,00:30,11.6,8.3,80,SE,8,30.6,1029.56,0,0,0,0,,
2022-03-15,00:45,11.7,8.3,81,ESE,11.3,27.4,1029.53,0,0,0,0,,
2022-03-15,01:00,11.7,8.3,81,EAST,16.1,30.6,1029.6,0,0,0,0,,
2022-03-15,01:15,11.7,8.3,81,ESE,17.7,32.2,1029.33,0,0,0,0,,
2022-03-15,01:30,11.7,8.3,81,ESE,17.7,29,1029.39,0,0,0,0,,
2022-03-15,01:45,11.7,8.3,81,ESE,17.7,29,1029.29,0,0,0,0,,
2022-03-15,02:00,11.7,8.3,82,EAST,19.3,25.7,1029.23,0,0,0,0,,
2022-03-15,02:15,11.8,8.9,82,SE,17.7,25.7,1029.23,0,0,0,0,,
2022-03-15,02:30,11.8,8.9,82,ESE,16.1,27.4,1029.02,0,0,0,0,,
2022-03-15,02:45,11.8,8.9,82,SE,12.9,29,1029.19,0,0,0,0,,
2022-03-15,03:00,11.8,8.9,83,ESE,20.9,30.6,1028.99,0,0,0,0,,
2022-03-15,03:15,11.7,8.9,83,EAST,12.9,22.5,1029.06,0,0,0,0,,
2022-03-15,03:30,11.7,8.9,83,EAST,9.7,22.5,1029.19,0,0,0,0,,
2022-03-15,03:45,11.7,8.9,83,ESE,22.5,27.4,1028.95,0,0,0,0,,
2022-03-15,04:00,11.7,8.9,83,ESE,14.5,24.1,1029.02,0,0,0,0,,
2022-03-15,04:15,11.7,8.9,83,ESE,16.1,27.4,1028.85,0,0,0,0,,
2022-03-15,04:30,11.7,8.9,84,EAST,16.1,24.1,1028.75,0,0,0,0,,
2022-03-15,04:45,11.8,8.9,83,ESE,19.3,27.4,1028.95,0,0,0,0,,
2022-03-15,05:00,11.9,8.9,82,ESE,14.5,30.6,1028.92,0,0,0,0,,
2022-03-15,05:15,11.8,8.3,81,SE,11.3,24.1,1029.06,0,0,0,0,,
2022-03-15,05:30,11.7,8.3,82,ESE,14.5,16.1,1029.26,0,0,0,0,,
2022-03-15,05:45,11.8,8.9,82,ESE,14.5,22.5,1029.23,0,0,0,0,,
2022-03-15,06:00,11.8,8.9,83,ESE,6.4,30.6,1029.09,0,0,0,0,,
2022-03-15,06:15,11.7,8.9,84,ESE,9.7,29,1029.29,0,0,0,0,,
2022-03-15,06:30,11.7,8.9,84,ESE,14.5,27.4,1029.29,0,0,0,0,,
2022-03-15,06:45,11.7,8.9,84,ESE,9.7,30.6,1029.46,0,0,0,0,,
2022-03-15,07:00,11.7,8.9,84,SE,14.5,25.7,1029.46,0,0,0,11,,
2022-03-15,07:15,11.8,8.9,82,SE,17.7,32.2,1029.23,0,0,0,16,,
2022-03-15,07:30,11.8,8.3,81,SE,17.7,40.2,1029.39,0,0,0,35,,
2022-03-15,07:45,11.9,8.3,81,SE,24.1,38.6,1029.67,0,0,0,30,,
2022-03-15,08:00,12,8.3,81,ESE,16.1,35.4,1029.7,0,0,0,60,,
2022-03-15,08:15,12.2,8.9,80,ENE,8,30.6,1029.94,0,0,0,83,,
2022-03-15,08:30,12.3,8.9,80,ESE,12.9,33.8,1030.14,0,0,0,113,,
2022-03-15,08:45,12.5,8.9,79,EAST,14.5,25.7,1030.24,0,0,1,155,,
2022-03-15,09:00,12.6,8.9,79,ESE,16.1,37,1030.24,0,0,1,148,,
2022-03-15,09:15,12.6,8.9,78,ESE,20.9,40.2,1030.14,0,0,1,169,,
2022-03-15,09:30,13,8.9,76,EAST,27.4,43.5,1030.34,0,0,1,236,,
2022-03-15,09:45,13.3,8.9,75,SSE,19.3,41.8,1030.48,0,0,2,429,,
2022-03-15,10:00,13.4,8.3,73,ESE,38.6,49.9,1030.31,0,0,2,455,,
2022-03-15,10:15,13.5,8.3,73,SE,35.4,51.5,1030.48,0,0,2,380,,
2022-03-15,10:30,13.8,8.9,73,SE,37,46.7,1030.51,0,0,2,443,,
2022-03-15,10:45,13.7,8.9,74,ESE,20.9,43.5,1030.17,0,0,2,294,,
2022-03-15,11:00,14,9.4,74,ESE,11.3,48.3,1030.44,0,0,2,345,,
2022-03-15,11:15,13.8,9.4,75,SE,30.6,49.9,1030.34,0,0,3,341,,
2022-03-15,11:30,14.6,10,74,SE,35.4,45.1,1030.07,0,0,5,821,,
2022-03-15,11:45,14.9,9.4,70,SSE,35.4,49.9,1029.87,0,0,4,886,,
2022-03-15,12:00,14.3,9.4,72,ESE,22.5,45.1,1030.04,0,0,2,341,,
2022-03-15,12:15,14.8,9.4,71,ESE,25.7,48.3,1029.7,0,0,5,933,,
2022-03-15,12:30,14.9,9.4,70,SE,33.8,61.2,1029.67,0,0,5,898,,
2022-03-15,12:45,15.4,9.4,69,ESE,29,46.7,1029.77,0,0,4,415,,
2022-03-15,13:00,15.8,10,68,ESE,25.7,40.2,1029.6,0,0,5,949,,
2022-03-15,13:15,15.6,10,69,ESE,40.2,41.8,1029.5,0,0,5,976,,
2022-03-15,13:30,15.1,9.4,70,SE,35.4,51.5,1029.12,0,0,4,661,,
2022-03-15,13:45,15.3,9.4,69,SE,22.5,51.5,1029.09,0,0,5,796,,
2022-03-15,14:00,15.1,9.4,70,SE,32.2,46.7,1029.06,0,0,3,490,,
2022-03-15,14:15,15,9.4,71,ESE,45.1,46.7,1028.72,0,0,3,854,,
2022-03-15,14:30,15.1,9.4,71,SE,25.7,46.7,1028.89,0,0,3,717,,
2022-03-15,14:45,14.8,10,73,ESE,19.3,40.2,1028.75,0,0,3,434,,
2022-03-15,15:00,14.7,9.4,72,SE,25.7,49.9,1028.34,0,0,2,332,,
2022-03-15,15:15,14.5,9.4,73,EAST,11.3,43.5,1028.68,0,0,2,355,,
2022-03-15,15:30,13.9,9.4,75,EAST,14.5,37,1028.38,0,0,1,204,,
2022-03-15,15:45,13.9,9.4,75,SE,27.4,35.4,1028.18,0,0,1,134,,
2022-03-15,16:00,13.4,9.4,77,ESE,11.3,37,1028.72,0,0,0,72,,
2022-03-15,16:15,13.1,9.4,78,ESE,20.9,29,1028.65,0,0,0,58,,
2022-03-15,16:30,12.9,8.9,79,ESE,20.9,32.2,1028.41,0,0,0,97,,
2022-03-15,16:45,12.8,8.9,79,ESE,19.3,32.2,1028.24,0,0,0,58,,
2022-03-15,17:00,12.8,9.4,80,ESE,14.5,29,1028.11,0,0,0,65,,
2022-03-15,17:15,12.7,8.9,80,EAST,9.7,27.4,1028.31,0,0,0,54,,
2022-03-15,17:30,12.7,8.9,80,EAST,12.9,27.4,1028.34,0,0,0,47,,
2022-03-15,17:45,12.6,8.9,80,EAST,20.9,27.4,1028.11,0,0,0,33,,
2022-03-15,18:00,12.4,8.9,80,ESE,20.9,29,1028.04,0,0,0,30,,
2022-03-15,18:15,12.3,8.9,81,ESE,19.3,27.4,1028.11,0,0,0,16,,
2022-03-15,18:30,12.2,8.9,81,ESE,16.1,30.6,1027.94,0,0,0,0,,
2022-03-15,18:45,12.1,8.9,81,ESE,11.3,25.7,1028.14,0,0,0,0,,
2022-03-15,19:00,12.1,8.9,82,ESE,16.1,30.6,1027.94,0,0,0,0,,
2022-03-15,19:15,12.1,8.9,82,ESE,17.7,25.7,1027.9,0,0,0,0,,
2022-03-15,19:30,12.1,8.9,82,ESE,9.7,30.6,1028.07,0,0,0,0,,
2022-03-15,19:45,12.1,8.9,82,SE,17.7,24.1,1028.07,0,0,0,0,,
2022-03-15,20:00,11.9,8.9,82,ESE,16.1,24.1,1027.87,0,0,0,0,,
2022-03-15,20:15,11.9,8.9,83,ESE,14.5,32.2,1027.94,0,0,0,0,,
2022-03-15,20:30,11.9,8.9,83,EAST,17.7,29,1027.84,0,0,0,0,,
2022-03-15,20:45,11.9,8.9,83,ESE,11.3,30.6,1027.7,0,0,0,0,,
2022-03-15,21:00,11.9,8.9,83,ESE,16.1,25.7,1027.87,0,0,0,0,,
2022-03-15,21:15,11.9,8.9,83,EAST,19.3,25.7,1027.74,0,0,0,0,,
2022-03-15,21:30,11.9,8.9,84,ESE,19.3,25.7,1027.94,0,0,0,0,,
2022-03-15,21:45,11.9,8.9,84,EAST,20.9,25.7,1027.84,0,0,0,0,,
2022-03-15,22:00,11.9,8.9,84,ESE,20.9,20.9,1027.53,0,0,0,0,,
2022-03-15,22:15,11.9,8.9,84,ESE,9.7,24.1,1027.6,0,0,0,0,,
2022-03-15,22:30,11.9,9.4,84,SE,17.7,22.5,1027.63,0,0,0,0,,
2022-03-15,22:45,11.9,8.9,84,EAST,12.9,24.1,1027.7,0,0,0,0,,
2022-03-15,23:00,11.9,8.9,84,ESE,12.9,20.9,1027.6,0,0,0,0,,
2022-03-15,23:15,11.9,8.9,84,SE,11.3,25.7,1027.6,0,0,0,0,,
2022-03-15,23:30,11.9,9.4,84,ESE,11.3,27.4,1027.6,0,0,0,0,,
2022-03-15,23:45,11.9,8.9,84,EAST,16.1,24.1,1027.29,0,0,0,0,,
2022-03-15,OVR,,,,,,,,,,,,gustmax,45.1
2022-03-15,OVR,,,,,,,,,,,,rainrate_max,0
2022-03-15,OVR,,,,,,,,,,,,rain_total_mm,0
2022-03-15,OVR,,,,,,,,,,,,tmax,15.9
2022-03-15,OVR,,,,,,,,,,,,tmin,11.3
2022-03-15,OVR,,,,,,,,,,,,wind_dir_mean_deg,112.5
2022-03-16,00:00,11.9,8.9,83,ESE,12.9,22.5,1027.26,0,0,0,0,,
2022-03-16,00:15,11.8,8.9,83,ESE,20.9,24.1,1027.4,0,0,0,0,,
2022-03-16,00:30,11.8,8.9,84,SE,19.3,24.1,1027.13,0,0,0,0,,
2022-03-16,00:45,11.8,8.9,84,ESE,12.9,29,1027.16,0,0,0,0,,
2022-03-16,01:00,11.6,8.9,84,EAST,12.9,19.3,1027.16,0,0,0,0,,
2022-03-16,01:15,11.6,8.9,85,ESE,16.1,24.1,1026.79,0,0,0,0,,
2022-03-16,01:30,11.4,8.9,85,ESE,11.3,27.4,1026.58,0,0,0,0,,
2022-03-16,01:45,11.4,8.9,85,ESE,17.7,25.7,1026.35,0,0,0,0,,
2022-03-16,02:00,11.3,8.9,85,ESE,17.7,25.7,1025.94,0,0,0,0,,
2022-03-16,02:15,11.3,8.9,85,ESE,11.3,25.7,1025.64,0,0,0,0,,
2022-03-16,02:30,11.3,8.9,85,ESE,14.5,29,1025.57,0,0,0,0,,
2022-03-16,02:45,11.3,8.9,85,EAST,17.7,25.7,1025.5,0,0,0,0,,
2022-03-16,03:00,11.3,8.9,85,ESE,16.1,24.1,1025.09,0,0,0,0,,
2022-03-16,03:15,11.2,8.9,85,ESE,16.1,27.4,1025.03,0,0,0,0,,
2022-03-16,03:30,11.1,8.3,85,ESE,14.5,25.7,1024.96,0,0,0,0,,
2022-03-16,03:45,11,8.3,85,ESE,12.9,24.1,1024.92,0,0,0,0,,
2022-03-16,04:00,10.9,8.3,86,EAST,17.7,25.7,1024.62,0,0,0,0,,
2022-03-16,04:15,10.9,8.3,85,ESE,17.7,22.5,1024.59,0,0,0,0,,
2022-03-16,04:30,10.9,8.3,85,EAST,12.9,25.7,1024.55,0,0,0,0,,
2022-03-16,04:45,10.9,8.3,85,ESE,9.7,22.5,1024.48,0,0,0,0,,
2022-03-16,05:00,10.9,8.3,85,ESE,9.7,22.5,1024.42,0,0,0,0,,
2022-03-16,05:15,10.9,8.3,85,ESE,27.4,25.7,1024.21,0,0,0,0,,
2022-03-16,05:30,10.9,8.3,84,EAST,14.5,27.4,1024.08,0,0,0,0,,
2022-03-16,05:45,10.8,8.3,85,ESE,16.1,27.4,1023.84,0,0,0,0,,
2022-03-16,06:00,10.8,8.3,85,EAST,6.4,25.7,1023.81,0,0,0,0,,
2022-03-16,06:15,10.8,8.3,85,EAST,16.1,22.5,1023.71,0,0,0,0,,
2022-03-16,06:30,10.8,8.3,85,EAST,20.9,27.4,1023.57,0,0,0,0,,
2022-03-16,06:45,10.8,8.3,85,ESE,14.5,27.4,1023.43,0,0,0,0,,
2022-03-16,07:00,10.7,8.3,85,ESE,16.1,35.4,1023.3,0,0,0,21,,
2022-03-16,07:15,10.9,8.3,85,EAST,12.9,29,1023.5,0,0,0,42,,
2022-03-16,07:30,11.1,8.3,85,ESE,14.5,25.7,1023.37,0,0,0,65,,
2022-03-16,07:45,11.2,8.3,84,SE,22.5,27.4,1023.47,0,0,0,88,,
2022-03-16,08:00,11.4,8.9,84,EAST,16.1,25.7,1023.47,0,0,0,132,,
2022-03-16,08:15,11.7,8.9,84,SE,14.5,22.5,1023.6,0,0,0,172,,
2022-03-16,08:30,12.1,8.9,83,ESE,14.5,24.1,1023.84,0,0,1,192,,
2022-03-16,08:45,12.4,9.4,81,SE,8,20.9,1023.74,0,0,1,234,,
2022-03-16,09:00,12.8,9.4,80,SE,14.5,24.1,1023.77,0,0,1,253,,
2022-03-16,09:15,12.9,9.4,80,SE,14.5,25.7,1023.67,0,0,1,272,,
2022-03-16,09:30,13.1,9.4,80,ESE,16.1,27.4,1023.54,0,0,1,279,,
2022-03-16,09:45,13.4,10,80,ESE,14.5,27.4,1023.54,0,0,1,301,,
2022-03-16,10:00,13.7,10,78,EAST,19.3,25.7,1023.37,0,0,2,454,,
2022-03-16,10:15,13.9,10,78,SE,12.9,30.6,1023.43,0,0,2,385,,
2022-03-16,10:30,14.3,10,77,SE,17.7,30.6,1023.37,0,0,2,367,,
2022-03-16,10:45,14.3,10.6,78,SE,29,30.6,1023.5,0,0,2,355,,
2022-03-16,11:00,14.4,10,76,ESE,19.3,37,1023.67,0,0,2,387,,
2022-03-16,11:15,14.4,10,76,ESE,24.1,37,1023.57,0,0,3,452,,
2022-03-16,11:30,14.4,10,75,SE,27.4,35.4,1023.37,0,0,2,380,,
2022-03-16,11:45,14.3,10,76,SE,20.9,35.4,1023.1,0,0,3,450,,
2022-03-16,12:00,14.5,10,76,SE,20.9,38.6,1023.27,0,0,3,478,,
2022-03-16,12:15,15.1,10.6,75,ESE,33.8,33.8,1022.86,0,0,3,520,,
2022-03-16,12:30,14.9,10.6,75,ESE,30.6,41.8,1022.82,0,0,3,487,,
2022-03-16,12:45,15.1,10.6,75,SE,25.7,33.8,1022.55,0,0,3,487,,
2022-03-16,13:00,15.1,10.6,75,SE,19.3,38.6,1022.15,0,0,3,524,,
2022-03-16,13:15,15.5,10.6,74,SE,29,45.1,1022.15,0,0,4,715,,
2022-03-16,13:30,14.8,10.6,76,ESE,25.7,40.2,1021.84,0,0,3,492,,
2022-03-16,13:45,14.7,10.6,77,SE,30.6,38.6,1021.47,0,0,3,443,,
2022-03-16,14:00,14.4,10.6,78,ESE,20.9,40.2,1021.33,0,0,2,313,,
2022-03-16,14:15,14.4,10.6,77,ESE,24.1,37,1021,0,0,2,339,,
2022-03-16,14:30,14.3,10.6,78,ESE,25.7,45.1,1020.96,0,0,2,315,,
2022-03-16,14:45,14.4,10.6,78,ESE,14.5,35.4,1020.49,0,0,2,366,,
2022-03-16,15:00,14.7,10.6,77,ESE,17.7,40.2,1020.15,0,0,2,417,,
2022-03-16,15:15,14.9,10.6,77,ESE,19.3,32.2,1020.01,0,0,2,313,,
2022-03-16,15:30,15,10,73,ESE,12.9,29,1019.71,0,0,1,260,,
2022-03-16,15:45,14.9,9.4,71,ESE,16.1,33.8,1019.47,0,0,1,265,,
2022-03-16,16:00,14.8,9.4,71,SE,11.3,32.2,1019.2,0,0,1,216,,
2022-03-16,16:15,14.4,9.4,71,EAST,14.5,32.2,1019.1,0,0,1,186,,
2022-03-16,16:30,14.1,8.9,72,ESE,17.7,41.8,1019.13,0,0,1,162,,
2022-03-16,16:45,13.8,8.9,73,EAST,16.1,38.6,1019.03,0,0,0,141,,
2022-03-16,17:00,13.7,8.9,74,EAST,19.3,30.6,1018.93,0,0,0,127,,
2022-03-16,17:15,13.6,8.9,74,ESE,12.9,30.6,1018.9,0,0,0,104,,
2022-03-16,17:30,13.4,8.9,75,ESE,19.3,32.2,1018.76,0,0,0,74,,
2022-03-16,17:45,13.2,8.9,75,ESE,20.9,35.4,1018.9,0,0,0,58,,
2022-03-16,18:00,12.9,8.3,76,EAST,19.3,32.2,1018.86,0,0,0,33,,
2022-03-16,18:15,12.7,8.3,77,ESE,17.7,40.2,1018.83,0,0,0,12,,
2022-03-16,18:30,12.5,8.3,78,EAST,22.5,38.6,1018.86,0,0,0,0,,
2022-03-16,18:45,12.2,8.3,79,ESE,29,32.2,1018.8,0,0,0,0,,
2022-03-16,19:00,12.1,8.3,79,ESE,17.7,35.4,1018.83,0,0,0,0,,
2022-03-16,19:15,11.9,8.3,79,EAST,16.1,30.6,1019.1,0,0,0,0,,
2022-03-16,19:30,11.8,8.3,79,SE,14.5,38.6,1018.96,0,0,0,0,,
2022-03-16,19:45,11.6,8.3,80,EAST,11.3,27.4,1019.1,0,0,0,0,,
2022-03-16,20:00,11.6,8.3,80,EAST,24.1,29,1019.27,0,0,0,0,,
2022-03-16,20:15,11.6,8.3,80,SE,19.3,32.2,1018.96,0,0,0,0,,
2022-03-16,20:30,11.6,8.3,80,ESE,19.3,32.2,1018.86,0,0,0,0,,
2022-03-16,20:45,11.4,7.8,81,ESE,16.1,33.8,1019.13,0,0,0,0,,
2022-03-16,21:00,11.4,8.3,81,ESE,17.7,29,1018.9,0,0,0,0,,
2022-03-16,21:15,11.5,8.3,80,SE,14.5,29,1018.96,0,0,0,0,,
2022-03-16,21:30,11.4,7.8,80,ESE,20.9,27.4,1019.03,0,0,0,0,,
2022-03-16,21:45,11.3,7.8,81,EAST,11.3,25.7,1019.44,0,0,0,0,,
2022-03-16,22:00,11.3,7.8,81,ENE,19.3,27.4,1019.44,0,0,0,0,,
2022-03-16,22:15,11.3,7.8,80,ESE,20.9,29,1019.3,0,0,0,0,,
2022-03-16,22:30,11.3,7.8,80,ESE,20.9,30.6,1019.47,0,0,0,0,,
2022-03-16,22:45,11.3,7.8,80,ESE,11.3,30.6,1019.61,0,0,0,0,,
2022-03-16,23:00,11.2,7.8,81,EAST,17.7,24.1,1019.54,0,0,0,0,,
2022-03-16,23:15,11.3,7.8,80,EAST,19.3,33.8,1019.64,0,0,0,0,,
2022-03-16,23:30,11.3,7.8,81,EAST,11.3,24.1,1019.51,0,0,0,0,,
2022-03-16,23:45,11.3,7.8,81,EAST,12.9,32.2,1019.57,0,0,0,0,,
2022-03-16,OVR,,,,,,,,,,,,gustmax,33.8
2022-03-16,OVR,,,,,,,,,,,,rainrate_max,0
2022-03-16,OVR,,,,,,,,,,,,rain_total_mm,0
2022-03-16,OVR,,,,,,,,,,,,tmax,15.6
2022-03-16,OVR,,,,,,,,,,,,tmin,10.7
2022-03-16,OVR,,,,,,,,,,,,wind_dir_mean_deg,112.5
2022-03-17,00:00,11.4,7.8,81,ESE,20.9,27.4,1019.54,0,0,0,0,,
2022-03-17,00:15,11.3,7.8,81,SE,12.9,25.7,1019.64,0,0,0,0,,
2022-03-17,00:30,11.3,7.8,81,ESE,14.5,24.1,1019.51,0,0,0,0,,
2022-03-17,00:45,11.4,8.3,81,EAST,20.9,24.1,1019.24,0,0,0,0,,
2022-03-17,01:00,11.3,8.3,82,SE,6.4,20.9,1019.44,0,0,0,0,,
2022-03-17,01:15,11.3,8.3,82,EAST,8,20.9,1019.34,0,0,0,0,,
2022-03-17,01:30,11.3,8.3,81,SE,12.9,19.3,1019.37,0,0,0,0,,
2022-03-17,01:45,11.4,7.8,80,EAST,17.7,27.4,1019.13,0,0,0,0,,
2022-03-17,02:00,11.4,7.8,80,ESE,11.3,22.5,1019.17,0,0,0,0,,
2022-03-17,02:15,11.3,7.8,80,EAST,16.1,22.5,1019.1,0,0,0,0,,
2022-03-17,02:30,11.3,7.8,81,EAST,9.7,22.5,1018.8,0,0,0,0,,
2022-03-17,02:45,11.3,7.8,80,ENE,12.9,24.1,1018.56,0,0,0,0,,
2022-03-17,03:00,11.4,7.8,80,EAST,14.5,25.7,1018.42,0,0,0,0,,
2022-03-17,03:15,11.3,7.8,80,ENE,14.5,27.4,1018.22,0,0,0,0,,
2022-03-17,03:30,11.3,7.8,80,ESE,9.7,24.1,1018.12,0,0,0,0,,
2022-03-17,03:45,11.3,7.8,80,ESE,17.7,32.2,1017.95,0,0,0,0,,
2022-03-17,04:00,11.4,7.8,80,EAST,27.4,32.2,1017.41,0,0,0,0,,
2022-03-17,04:15,11.4,7.8,79,ENE,19.3,32.2,1017.61,0,0,0,0,,
2022-03-17,04:30,11.3,7.8,79,EAST,24.1,27.4,1017.85,0,0,0,0,,
2022-03-17,04:45,11.3,7.8,79,EAST,14.5,32.2,1017.75,0,0,0,0,,
2022-03-17,05:00,11.3,7.8,79,ENE,16.1,29,1017.81,0,0,0,0,,
2022-03-17,05:15,11.2,7.8,80,EAST,16.1,20.9,1017.61,0,0,0,0,,
2022-03-17,05:30,11.2,7.8,80,ESE,11.3,24.1,1017.88,0,0,0,0,,
2022-03-17,05:45,11.1,7.8,80,ESE,11.3,32.2,1017.71,0,0,0,0,,
2022-03-17,06:00,11,7.8,80,EAST,20.9,29,1017.81,0,0,0,0,,
2022-03-17,06:15,11,7.8,80,ESE,16.1,33.8,1018.12,0,0,0,0,,
2022-03-17,06:30,10.9,7.2,80,ENE,19.3,40.2,1018.42,0,0,0,0,,
2022-03-17,06:45,10.9,7.2,80,EAST,16.1,30.6,1018.35,0,0,0,21,,
2022-03-17,07:00,10.9,7.2,79,ESE,17.7,43.5,1018.29,0,0,0,47,,
2022-03-17,07:15,11.1,7.2,79,EAST,19.3,29,1018.25,0,0,0,76,,
2022-03-17,07:30,11.2,7.8,80,ENE,19.3,27.4,1018.46,0,0,0,102,,
2022-03-17,07:45,11.3,7.8,80,ENE,25.7,32.2,1018.19,0,0,0,125,,
2022-03-17,08:00,11.6,8.3,80,EAST,17.7,30.6,1018.35,0,0,0,171,,
2022-03-17,08:15,11.8,8.3,79,NE,20.9,33.8,1018.32,0,0,0,221,,
2022-03-17,08:30,12.2,8.3,77,ENE,20.9,33.8,1018.56,0,0,1,267,,
2022-03-17,08:45,12.4,8.3,76,EAST,24.1,41.8,1018.66,0,0,1,316,,
2022-03-17,09:00,12.5,7.8,75,EAST,35.4,41.8,1019,0,0,0,199,,
2022-03-17,09:15,12.7,7.8,73,ENE,22.5,46.7,1019.13,0,0,1,295,,
2022-03-17,09:30,13.1,8.3,73,EAST,24.1,33.8,1019.51,0,0,1,406,,
2022-03-17,09:45,13.2,7.8,71,ESE,29,35.4,1019.3,0,0,1,415,,
2022-03-17,10:00,13.5,7.8,70,EAST,19.3,38.6,1019,0,0,1,378,,
2022-03-17,10:15,13.2,7.8,72,NE,14.5,38.6,1019.03,0,0,1,334,,
2022-03-17,10:30,13.6,8.3,71,NE,20.9,37,1018.9,0,0,2,420,,
2022-03-17,10:45,13.6,8.3,71,ENE,17.7,35.4,1018.96,0,0,1,357,,
2022-03-17,11:00,13.7,8.3,71,EAST,12.9,37,1018.86,0,0,1,316,,
2022-03-17,11:15,13.3,7.8,70,ENE,19.3,41.8,1018.66,0,0,1,174,,
2022-03-17,11:30,13.2,7.8,70,ENE,14.5,35.4,1018.39,0,0,1,327,,
2022-03-17,11:45,13.6,8.3,70,ENE,19.3,38.6,1018.29,0,0,1,294,,
2022-03-17,12:00,13.2,7.8,71,EAST,22.5,40.2,1018.49,0,0,1,179,,
2022-03-17,12:15,13.3,8.3,72,EAST,19.3,35.4,1018.59,0,0,1,211,,
2022-03-17,12:30,13.3,8.3,72,ENE,22.5,35.4,1018.52,0,0,0,153,,
2022-03-17,12:45,13.3,8.3,73,NE,20.9,43.5,1018.66,0,0,0,105,,
2022-03-17,13:00,13.2,8.3,74,EAST,9.7,32.2,1018.52,0,0,0,91,,
2022-03-17,13:15,13.1,8.3,74,ENE,16.1,32.2,1018.39,0,0,0,91,,
2022-03-17,13:30,12.8,8.3,75,EAST,17.7,32.2,1018.49,0,0,0,76,,
2022-03-17,13:45,12.8,8.3,75,ENE,14.5,32.2,1018.12,0,0,0,95,,
2022-03-17,14:00,12.6,8.3,76,EAST,9.7,29,1018.15,0,0,0,111,,
2022-03-17,14:15,12.6,8.3,77,EAST,17.7,37,1017.78,0,0,0,83,,
2022-03-17,14:30,12.6,8.3,77,ENE,14.5,25.7,1017.64,0,0,0,44,,
2022-03-17,14:45,12.2,8.3,78,NE,11.3,32.2,1017.27,0,0,0,33,,
2022-03-17,15:00,11.8,8.3,82,ENE,11.3,33.8,1016.09,0,0,0,121,,
2022-03-17,15:15,11.9,8.9,81,NE,16.1,35.4,1016.42,0,0,0,114,,
2022-03-17,15:30,12.1,8.3,80,ENE,22.5,32.2,1016.36,0,0,0,97,,
2022-03-17,15:45,12.1,8.9,80,SE,9.7,32.2,1016.49,0,0,0,53,,
2022-03-17,16:00,12.1,8.3,80,SE,12.9,22.5,1016.66,0,0,0,107,,
2022-03-17,16:15,12.2,8.9,80,EAST,19.3,40.2,1016.56,0,0,0,149,,
2022-03-17,16:30,12.2,8.3,80,ENE,16.1,35.4,1016.63,0,0,0,114,,
2022-03-17,16:45,12.2,8.3,79,ENE,14.5,35.4,1016.29,0,0,0,118,,
2022-03-17,17:00,12.2,8.3,79,NE,30.6,33.8,1017,0,0,0,67,,
2022-03-17,17:15,11.9,8.3,79,EAST,14.5,32.2,1017.17,0,0,0,62,,
2022-03-17,17:30,11.8,8.3,80,ESE,14.5,20.9,1017.68,0,0,0,47,,
2022-03-17,17:45,11.9,7.8,76,NE,20.9,25.7,1017.41,0,0,0,39,,
2022-03-17,18:00,11.8,7.8,76,ENE,24.1,32.2,1017.07,0,0,0,19,,
2022-03-17,18:15,11.6,7.2,76,EAST,16.1,30.6,1017.31,0,0,0,7,,
2022-03-17,18:30,11.6,7.8,77,NE,20.9,38.6,1017.34,0,0,0,0,,
2022-03-17,18:45,11.4,7.8,78,EAST,14.5,33.8,1017.58,0,0,0,0,,
2022-03-17,19:00,11.4,7.8,78,ENE,20.9,32.2,1017.68,0,0,0,0,,
2022-03-17,19:15,11.4,7.8,78,ENE,14.5,32.2,1018.02,0,0,0,0,,
2022-03-17,19:30,11.4,7.2,77,ESE,9.7,24.1,1018.46,0,0,0,0,,
2022-03-17,19:45,11.4,7.2,76,ENE,17.7,22.5,1018.42,0,0,0,0,,
2022-03-17,20:00,11.4,7.2,75,EAST,14.5,25.7,1018.59,0,0,0,0,,
2022-03-17,20:15,11.3,7.2,75,EAST,16.1,29,1018.59,0,0,0,0,,
2022-03-17,20:30,11.3,6.7,75,EAST,8,25.7,1018.66,0,0,0,0,,
2022-03-17,20:45,11.3,7.2,76,ENE,22.5,30.6,1018.73,0,0,0,0,,
2022-03-17,21:00,11.2,6.7,76,ENE,16.1,25.7,1018.9,0,0,0,0,,
2022-03-17,21:15,11.1,6.7,75,ENE,9.7,22.5,1018.83,0,0,0,0,,
2022-03-17,21:30,11.2,6.7,73,EAST,11.3,20.9,1018.73,0,0,0,0,,
2022-03-17,21:45,11.3,6.1,72,ENE,14.5,22.5,1018.73,0,0,0,0,,
2022-03-17,22:00,11.2,6.1,70,EAST,9.7,24.1,1018.63,0,0,0,0,,
2022-03-17,22:15,11.1,5.6,69,EAST,11.3,19.3,1018.8,0,0,0,0,,
2022-03-17,22:30,11,5,67,ENE,14.5,19.3,1018.83,0,0,0,0,,
2022-03-17,22:45,11.1,4.4,65,EAST,17.7,25.7,1018.9,0,0,0,0,,
2022-03-17,23:00,10.9,5,68,EAST,12.9,20.9,1019,0,0,0,0,,
2022-03-17,23:15,10.8,5,69,EAST,11.3,20.9,1019.1,0,0,0,0,,
2022-03-17,23:30,10.8,5,69,ESE,20.9,20.9,1019,0,0,0,0,,
2022-03-17,23:45,10.9,5.6,69,ESE,16.1,22.5,1019,0,0,0,0,,
2022-03-17,OVR,,,,,,,,,,,,gustmax,35.4
2022-03-17,OVR,,,,,,,,,,,,rainrate_max,0
2022-03-17,OVR,,,,,,,,,,,,rain_total_mm,0
2022-03-17,OVR,,,,,,,,,,,,tmax,13.7
2022-03-17,OVR,,,,,,,,,,,,tmin,10.7
2022-03-17,OVR,,,,,,,,,,,,wind_dir_mean_deg,90
2022-03-18,00:00,10.8,5.6,70,EAST,11.3,19.3,1019.13,0,0,0,0,,
2022-03-18,00:15,10.7,5.6,72,EAST,9.7,19.3,1019.34,0,0,0,0,,
2022-03-18,00:30,10.7,6.1,73,ENE,6.4,12.9,1019.3,0,0,0,0,,
2022-03-18,00:45,10.9,6.1,74,EAST,11.3,22.5,1019.17,0,0,0,0,,
2022-03-18,01:00,11.1,6.7,74,ENE,14.5,24.1,1019.27,0,0,0,0,,
2022-03-18,01:15,11.1,6.7,75,ESE,9.7,20.9,1019.24,0,0,0,0,,
2022-03-18,01:30,11.2,6.7,75,EAST,17.7,20.9,1019.3,0,0,0,0,,
2022-03-18,01:45,11.2,6.7,75,ENE,14.5,17.7,1019.3,0,0,0,0,,
2022-03-18,02:00,11.3,6.7,75,ENE,19.3,19.3,1019.37,0,0,0,0,,
2022-03-18,02:15,11.4,6.7,75,NE,6.4,24.1,1019.24,0,0,0,0,,
2022-03-18,02:30,11.3,6.7,75,ENE,12.9,19.3,1019.17,0,0,0,0,,
2022-03-18,02:45,11.3,6.7,75,NE,9.7,16.1,1019.07,0,0,0,0,,
2022-03-18,03:00,11.4,6.7,74,NNE,9.7,17.7,1019.17,0,0,0,0,,
2022-03-18,03:15,11.4,6.7,74,EAST,6.4,16.1,1019.3,0,0,0,0,,
2022-03-18,03:30,11.3,7.2,75,ENE,12.9,19.3,1019.03,0,0,0,0,,
2022-03-18,03:45,11.4,7.2,76,EAST,11.3,25.7,1018.86,0,0,0,0,,
2022-03-18,04:00,11.6,7.2,76,EAST,12.9,25.7,1018.9,0,0,0,0,,
2022-03-18,04:15,11.6,7.2,76,EAST,17.7,24.1,1018.83,0,0,0,0,,
2022-03-18,04:30,11.6,7.2,76,ESE,9.7,27.4,1018.52,0,0,0,0,,
2022-03-18,04:45,11.5,7.2,75,ENE,20.9,22.5,1018.63,0,0,0,0,,
2022-03-18,05:00,11.8,7.2,74,EAST,22.5,25.7,1018.76,0,0,0,0,,
2022-03-18,05:15,11.7,7.2,75,ESE,11.3,19.3,1018.83,0,0,0,0,,
2022-03-18,05:30,11.3,7.2,77,ESE,11.3,20.9,1018.9,0,0,0,0,,
2022-03-18,05:45,11.2,7.8,79,ESE,12.9,27.4,1019.13,0,0,0,0,,
2022-03-18,06:00,11.1,7.8,80,ESE,11.3,22.5,1019.13,0,0,0,0,,
2022-03-18,06:15,11,7.8,80,EAST,9.7,20.9,1019.44,0,0,0,0,,
2022-03-18,06:30,10.9,7.8,80,ESE,11.3,20.9,1019.64,0,0,0,0,,
2022-03-18,06:45,10.8,7.2,81,EAST,9.7,20.9,1019.74,0,0,0,7,,
2022-03-18,07:00,10.9,7.2,80,ESE,12.9,22.5,1019.74,0,0,0,18,,
2022-03-18,07:15,11.3,7.8,79,ESE,6.4,25.7,1020.12,0,0,0,30,,
2022-03-18,07:30,11.3,7.8,79,ESE,11.3,19.3,1020.32,0,0,0,49,,
2022-03-18,07:45,11.3,7.8,80,ESE,12.9,17.7,1020.25,0,0,0,53,,
2022-03-18,08:00,11.3,7.8,81,NE,8,17.7,1020.35,0,0,0,84,,
2022-03-18,08:15,11.6,8.3,81,ESE,12.9,16.1,1020.32,0,0,0,144,,
2022-03-18,08:30,11.9,8.3,79,ESE,12.9,25.7,1020.25,0,0,0,135,,
2022-03-18,08:45,12.2,8.3,78,EAST,8,25.7,1020.49,0,0,1,185,,
2022-03-18,09:00,12.4,8.3,76,EAST,14.5,25.7,1020.45,0,0,1,227,,
2022-03-18,09:15,12.5,8.3,75,ENE,24.1,27.4,1020.45,0,0,1,181,,
2022-03-18,09:30,12.6,8.3,75,EAST,14.5,30.6,1020.49,0,0,1,223,,
2022-03-18,09:45,12.8,8.3,74,ENE,25.7,27.4,1020.83,0,0,1,229,,
2022-03-18,10:00,12.8,7.8,72,ENE,17.7,30.6,1020.83,0,0,1,220,,
2022-03-18,10:15,12.9,7.8,72,ENE,16.1,29,1021,0,0,1,211,,
2022-03-18,10:30,13.1,7.8,72,ENE,16.1,30.6,1021.06,0,0,1,211,,
2022-03-18,10:45,13.1,7.8,72,ENE,14.5,30.6,1021.37,0,0,1,279,,
2022-03-18,11:00,13.4,8.3,72,EAST,12.9,25.7,1021.27,0,0,1,329,,
2022-03-18,11:15,13.6,8.3,72,NE,11.3,27.4,1021.61,0,0,1,276,,
2022-03-18,11:30,13.8,7.8,69,ENE,9.7,27.4,1021.74,0,0,2,355,,
2022-03-18,11:45,14.4,8.3,67,ENE,19.3,29,1021.74,0,0,2,348,,
2022-03-18,12:00,14.1,7.8,66,ENE,16.1,32.2,1021.88,0,0,1,320,,
2022-03-18,12:15,13.8,7.8,68,SE,12.9,27.4,1021.74,0,0,1,297,,
2022-03-18,12:30,13.3,8.3,72,EAST,12.9,25.7,1021.67,0,0,2,359,,
2022-03-18,12:45,13.7,8.9,73,ENE,20.9,30.6,1021.5,0,0,2,524,,
2022-03-18,13:00,13.7,8.9,74,EAST,14.5,25.7,1021.2,0,0,2,464,,
2022-03-18,13:15,14.2,8.9,71,ENE,14.5,32.2,1021.23,0,0,3,515,,
2022-03-18,13:30,14.3,8.9,71,ENE,14.5,25.7,1021,0,0,2,302,,
2022-03-18,13:45,14.6,8.9,70,ENE,14.5,25.7,1020.93,0,0,2,297,,
2022-03-18,14:00,14.2,8.9,70,ENE,14.5,22.5,1020.89,0,0,1,251,,
2022-03-18,14:15,14.3,8.3,69,SE,11.3,27.4,1020.86,0,0,1,236,,
2022-03-18,14:30,13.9,8.3,69,ESE,11.3,22.5,1021.03,0,0,0,84,,
2022-03-18,14:45,13.3,8.3,73,EAST,9.7,20.9,1021.1,0,0,0,104,,
2022-03-18,15:00,13,8.3,74,EAST,17.7,25.7,1021.03,0,0,0,123,,
2022-03-18,15:15,12.9,8.3,76,ENE,19.3,24.1,1020.89,0,0,1,197,,
2022-03-18,15:30,13.1,8.9,76,ENE,19.3,29,1020.86,0,0,1,172,,
2022-03-18,15:45,13.1,8.3,75,ENE,19.3,25.7,1020.96,0,0,1,153,,
2022-03-18,16:00,13.3,8.3,72,NE,11.3,27.4,1020.86,0,0,1,253,,
2022-03-18,16:15,13.7,8.3,70,EAST,19.3,29,1020.83,0,0,1,234,,
2022-03-18,16:30,13.7,7.8,69,ESE,9.7,22.5,1020.79,0,0,0,172,,
2022-03-18,16:45,13.5,8.3,71,ESE,6.4,27.4,1020.93,0,0,0,139,,
2022-03-18,17:00,13.3,8.3,71,EAST,16.1,30.6,1020.89,0,0,0,113,,
2022-03-18,17:15,13.2,8.3,73,EAST,11.3,27.4,1021.06,0,0,0,76,,
2022-03-18,17:30,13,8.3,74,EAST,17.7,25.7,1021.3,0,0,0,53,,
2022-03-18,17:45,12.8,8.3,75,ENE,22.5,27.4,1021.37,0,0,0,42,,
2022-03-18,18:00,12.6,8.3,76,ESE,12.9,25.7,1021.67,0,0,0,18,,
2022-03-18,18:15,12.4,8.3,77,EAST,11.3,22.5,1021.71,0,0,0,9,,
2022-03-18,18:30,12.3,8.3,78,EAST,11.3,27.4,1021.78,0,0,0,0,,
2022-03-18,18:45,12.1,8.3,79,EAST,29,22.5,1021.91,0,0,0,0,,
2022-03-18,19:00,12,8.3,80,ENE,4.8,22.5,1022.05,0,0,0,0,,
2022-03-18,19:15,11.9,8.3,80,ESE,11.3,19.3,1022.05,0,0,0,0,,
2022-03-18,19:30,11.8,8.3,80,EAST,4.8,22.5,1022.11,0,0,0,0,,
2022-03-18,19:45,11.6,8.3,81,ENE,19.3,22.5,1022.55,0,0,0,0,,
2022-03-18,20:00,11.6,8.3,80,SE,11.3,19.3,1022.59,0,0,0,0,,
2022-03-18,20:15,11.7,7.8,79,NE,4.8,24.1,1022.86,0,0,0,0,,
2022-03-18,20:30,11.7,7.8,79,EAST,16.1,25.7,1022.99,0,0,0,0,,
2022-03-18,20:45,11.8,7.8,78,ENE,11.3,20.9,1022.82,0,0,0,0,,
2022-03-18,21:00,11.9,7.8,78,ESE,6.4,20.9,1022.86,0,0,0,0,,
2022-03-18,21:15,11.9,8.3,78,EAST,11.3,24.1,1022.99,0,0,0,0,,
2022-03-18,21:30,11.9,8.3,78,EAST,9.7,25.7,1022.96,0,0,0,0,,
2022-03-18,21:45,12,8.3,78,EAST,27.4,20.9,1022.96,0,0,0,0,,
2022-03-18,22:00,12.1,7.8,77,ESE,12.9,22.5,1023.06,0,0,0,0,,
2022-03-18,22:15,11.9,7.8,77,ENE,6.4,24.1,1023.06,0,0,0,0,,
2022-03-18,22:30,12,7.8,76,ENE,17.7,27.4,1023.2,0,0,0,0,,
2022-03-18,22:45,12.1,7.8,76,EAST,11.3,25.7,1022.99,0,0,0,0,,
2022-03-18,23:00,12.2,7.8,75,ENE,20.9,32.2,1023.03,0,0,0,0,,
2022-03-18,23:15,12.1,7.8,75,NE,9.7,33.8,1023.1,0,0,0,0,,
2022-03-18,23:30,12.1,7.8,75,NE,16.1,33.8,1023.2,0,0,0,0,,
2022-03-18,23:45,12.1,7.8,76,ENE,12.9,29,1022.99,0,0,0,0,,
2022-03-18,OVR,,,,,,,,,,,,gustmax,29
2022-03-18,OVR,,,,,,,,,,,,rainrate_max,0
2022-03-18,OVR,,,,,,,,,,,,rain_total_mm,0
2022-03-18,OVR,,,,,,,,,,,,tmax,14.9
2022-03-18,OVR,,,,,,,,,,,,tmin,10.7
2022-03-18,OVR,,,,,,,,,,,,wind_dir_mean_deg,90
2022-03-19,00:00,12.1,7.8,76,EAST,11.3,27.4,1023.16,0,0,0,0,,
2022-03-19,00:15,11.9,7.8,77,ENE,9.7,20.9,1022.76,0,0,0,0,,
2022-03-19,00:30,11.9,7.8,78,NE,14.5,24.1,1022.79,0,0,0,0,,
2022-03-19,00:45,11.9,7.8,78,ENE,24.1,27.4,1022.72,0,0,0,0,,
2022-03-19,01:00,11.9,8.3,78,ENE,29,24.1,1022.72,0,0,0,0,,
2022-03-19,01:15,12,8.3,78,ENE,27.4,32.2,1022.59,0,0,0,0,,
2022-03-19,01:30,11.9,8.3,78,EAST,11.3,27.4,1022.69,0,0,0,0,,
2022-03-19,01:45,11.9,8.3,79,EAST,9.7,29,1022.49,0,0,0,0,,
2022-03-19,02:00,11.8,8.3,79,ENE,12.9,20.9,1022.35,0,0,0,0,,
2022-03-19,02:15,11.8,8.3,80,NE,9.7,22.5,1022.38,0,0,0,0,,
2022-03-19,02:30,11.8,8.3,82,EAST,14.5,24.1,1022.32,0,0,0,0,,
2022-03-19,02:45,11.6,8.3,82,ESE,9.7,17.7,1022.28,0,0,0,0,,
2022-03-19,03:00,11.4,8.3,83,ENE,16.1,17.7,1022.25,0,0,0,0,,
2022-03-19,03:15,11.4,8.3,83,EAST,6.4,17.7,1022.25,0,0,0,0,,
2022-03-19,03:30,11.2,8.3,83,EAST,6.4,14.5,1022.18,0,0,0,0,,
2022-03-19,03:45,11.1,8.3,83,ENE,8,16.1,1022.08,0,0,0,0,,
2022-03-19,04:00,11.2,8.3,83,NE,14.5,17.7,1022.32,0,0,0,0,,
2022-03-19,04:15,11.3,8.3,83,EAST,8,12.9,1021.94,0,0,0,0,,
2022-03-19,04:30,11.3,8.3,84,ESE,6.4,16.1,1022.08,0,0,0,0,,
2022-03-19,04:45,11.5,8.9,84,ENE,6.4,19.3,1022.15,0,0,0,0,,
2022-03-19,05:00,11.4,8.9,84,ENE,12.9,16.1,1022.22,0,0,0,0,,
2022-03-19,05:15,11.4,8.9,85,EAST,4.8,17.7,1022.18,0,0,0,0,,
2022-03-19,05:30,11.3,8.9,85,EAST,4.8,22.5,1022.18,0,0,0,0,,
2022-03-19,05:45,11.2,8.9,86,EAST,4.8,19.3,1022.22,0,0,0,0,,
2022-03-19,06:00,11.1,8.3,86,ESE,1.6,17.7,1022.35,0,0,0,0,,
2022-03-19,06:15,11.1,8.9,86,EAST,6.4,14.5,1022.32,0,0,0,0,,
2022-03-19,06:30,11.2,8.9,87,EAST,6.4,14.5,1022.45,0,0,0,0,,
2022-03-19,06:45,11.1,8.9,87,ENE,3.2,16.1,1022.59,0,0,0,11,,
2022-03-19,07:00,11.1,8.9,87,NNE,4.8,19.3,1022.25,0,0,0,23,,
2022-03-19,07:15,11.3,8.9,86,EAST,6.4,16.1,1022.72,0,0,0,42,,
2022-03-19,07:30,11.3,8.9,86,NE,3.2,12.9,1022.82,0,0,0,62,,
2022-03-19,07:45,11.4,8.9,86,ESE,4.8,11.3,1022.76,0,0,0,88,,
2022-03-19,08:00,11.8,9.4,86,ESE,6.4,17.7,1022.72,0,0,0,114,,
2022-03-19,08:15,12,9.4,85,SSE,4.8,9.7,1022.59,0,0,0,146,,
2022-03-19,08:30,12.3,9.4,84,EAST,9.7,12.9,1022.93,0,0,0,234,,
2022-03-19,08:45,12.8,10,83,ESE,4.8,12.9,1022.93,0,0,1,292,,
2022-03-19,09:00,13.1,9.4,81,EAST,12.9,22.5,1023.1,0,0,1,251,,
2022-03-19,09:15,12.9,9.4,81,EAST,8,19.3,1023.23,0,0,1,141,,
2022-03-19,09:30,13.2,10,82,ENE,11.3,16.1,1023.23,0,0,1,272,,
2022-03-19,09:45,13.3,10,81,ESE,12.9,14.5,1023.3,0,0,1,339,,
2022-03-19,10:00,13.6,10,80,ESE,11.3,17.7,1023.23,0,0,1,162,,
2022-03-19,10:15,13.2,10,81,ENE,12.9,16.1,1023.27,0,0,0,76,,
2022-03-19,10:30,13.1,10,83,ENE,8,14.5,1023.23,0,0,0,81,,
2022-03-19,10:45,13,10,83,ENE,9.7,17.7,1023.4,0,0,1,216,,
2022-03-19,11:00,13.3,10,82,EAST,16.1,20.9,1023.4,0,0,1,158,,
2022-03-19,11:15,13.2,10,82,ESE,3.2,19.3,1023.43,0,0,0,62,,
2022-03-19,11:30,12.5,10,84,ENE,19.3,17.7,1023.37,0.51,0.51,0,84,,
2022-03-19,11:45,12.2,10,86,EAST,4.8,16.1,1023.47,0.51,0.51,0,69,,
2022-03-19,12:00,12.2,10,88,ESE,1.6,11.3,1023.43,0.51,0.51,0,70,,
2022-03-19,12:15,11.4,9.4,89,ESE,11.3,17.7,1023.47,0.51,0.51,0,26,,
2022-03-19,12:30,10.9,9.4,90,SE,12.9,30.6,1023.43,0.51,0,1,174,,
2022-03-19,12:45,10.6,8.9,91,SE,19.3,30.6,1023.27,0.51,0,0,104,,
2022-03-19,13:00,10.6,8.9,91,SE,6.4,19.3,1023.27,0.51,0.25,0,33,,
2022-03-19,13:15,10.4,8.9,92,SE,14.5,11.3,1023.13,3.05,2.54,0,58,,
2022-03-19,13:30,10.4,8.9,92,ESE,6.4,16.1,1023.2,3.56,3.3,0,76,,
2022-03-19,13:45,10.6,8.9,92,ESE,9.7,16.1,1023.13,4.32,3.81,0,83,,
2022-03-19,14:00,10.9,9.4,92,EAST,6.4,11.3,1022.99,4.57,4.06,0,113,,
2022-03-19,14:15,10.9,9.4,92,EAST,9.7,16.1,1023.16,5.33,2.29,0,121,,
2022-03-19,14:30,11.1,9.4,93,EAST,8,14.5,1022.89,5.59,2.03,1,171,,
2022-03-19,14:45,10.9,9.4,92,EAST,6.4,14.5,1022.79,5.84,1.52,1,132,,
2022-03-19,15:00,10.7,9.4,92,ENE,8,12.9,1022.52,5.84,1.27,0,109,,
2022-03-19,15:15,10.8,9.4,92,ENE,6.4,14.5,1022.59,5.84,0.51,0,113,,
2022-03-19,15:30,10.9,9.4,92,ENE,6.4,14.5,1022.38,5.84,0.25,0,109,,
2022-03-19,15:45,11.1,9.4,92,ENE,4.8,11.3,1022.52,5.84,0,0,130,,
2022-03-19,16:00,11.3,10,92,ENE,4.8,8,1022.62,5.84,0,1,207,,
2022-03-19,16:15,11.6,10,91,EAST,1.6,12.9,1022.66,5.84,0,0,97,,
2022-03-19,16:30,11.6,10,91,ESE,4.8,11.3,1022.59,5.84,0,0,53,,
2022-03-19,16:45,11.2,9.4,90,ESE,11.3,12.9,1022.82,6.6,0.76,0,16,,
2022-03-19,17:00,11,9.4,91,SE,3.2,8,1022.72,7.11,1.52,0,53,,
2022-03-19,17:30,10.9,9.4,92,ESE,4.8,8,1023.1,7.87,2.03,0,32,,
2022-03-19,17:45,10.9,9.4,93,NORTH,0,4.8,1023.16,7.87,1.27,0,7,,
2022-03-19,18:00,10.7,9.4,93,SE,1.6,11.3,1023.57,9.4,2.29,0,11,,
2022-03-19,18:15,10.7,9.4,93,ENE,1.6,11.3,1023.54,9.65,2.03,0,0,,
2022-03-19,18:30,10.7,9.4,93,ENE,4.8,8,1023.71,9.91,2.03,0,0,,
2022-03-19,18:45,10.7,9.4,93,NE,4.8,9.7,1023.84,9.91,2.03,0,0,,
2022-03-19,19:00,10.6,9.4,93,ENE,8,11.3,1023.74,9.91,0.51,0,0,,
2022-03-19,19:15,10.5,9.4,93,ENE,4.8,11.3,1024.08,10.16,0.51,0,0,,
2022-03-19,19:30,10.3,8.9,93,ENE,4.8,12.9,1024.08,10.16,0.51,0,0,,
2022-03-19,19:45,10.2,8.9,93,EAST,12.9,14.5,1024.28,10.16,0.51,0,0,,
2022-03-19,20:00,10.1,8.9,93,ENE,6.4,14.5,1024.42,10.16,0.25,0,0,,
2022-03-19,20:15,10.1,8.9,93,EAST,4.8,11.3,1024.62,10.16,0,0,0,,
2022-03-19,20:30,10.2,8.9,93,ENE,3.2,9.7,1024.69,10.41,0.25,0,0,,
2022-03-19,20:45,10.1,8.9,93,ENE,4.8,8,1024.72,10.41,0.25,0,0,,
2022-03-19,21:00,10.1,8.9,93,EAST,9.7,14.5,1024.96,10.41,0.25,0,0,,
2022-03-19,21:15,10.2,8.9,93,ENE,9.7,14.5,1025.26,10.41,0.25,0,0,,
2022-03-19,21:30,10.1,8.9,93,EAST,8,17.7,1025.23,10.41,0,0,0,,
2022-03-19,21:45,10.1,8.9,93,ENE,6.4,12.9,1025.53,10.67,0.25,0,0,,
2022-03-19,22:00,10.1,8.9,93,EAST,6.4,12.9,1025.4,10.92,0.51,0,0,,
2022-03-19,22:15,9.9,8.9,93,ESE,6.4,11.3,1025.5,11.18,0.76,0,0,,
2022-03-19,22:30,9.8,8.9,93,ESE,6.4,11.3,1025.53,11.43,1.02,0,0,,
2022-03-19,22:45,9.9,8.9,93,ESE,9.7,16.1,1025.53,11.68,1.02,0,0,,
2022-03-19,23:00,9.9,8.9,93,ESE,4.8,12.9,1025.43,11.68,0.76,0,0,,
2022-03-19,23:15,9.9,8.9,93,EAST,4.8,12.9,1025.6,11.94,0.76,0,0,,
2022-03-19,23:30,9.9,8.9,94,SE,6.4,11.3,1025.74,12.19,0.76,0,0,,
2022-03-19,23:45,9.9,8.9,94,ESE,4.8,12.9,1025.64,12.7,1.27,0,0,,
2022-03-19,OVR,,,,,,,,,,,,gustmax,29
2022-03-19,OVR,,,,,,,,,,,,rainrate_max,56.2
2022-03-19,OVR,,,,,,,,,,,,rain_total_mm,13
2022-03-19,OVR,,,,,,,,,,,,tmax,13.7
2022-03-19,OVR,,,,,,,,,,,,tmin,9.8
2022-03-19,OVR,,,,,,,,,,,,wind_dir_mean_deg,90
2022-03-20,00:00,9.9,8.9,94,EAST,6.4,11.3,1025.67,0,1.27,0,0,,
2022-03-20,00:15,9.8,8.9,94,NE,9.7,19.3,1025.8,0.51,1.52,0,0,,
2022-03-20,00:30,9.8,8.9,94,EAST,8,14.5,1025.77,0.76,1.52,0,0,,
2022-03-20,00:45,9.8,8.9,94,ENE,4.8,16.1,1025.94,0.76,1.02,0,0,,
2022-03-20,01:00,9.8,8.9,94,EAST,8,12.9,1025.91,1.02,1.02,0,0,,
2022-03-20,01:15,9.8,8.9,94,ENE,6.4,12.9,1025.94,1.27,0.51,0,0,,
2022-03-20,01:30,9.7,8.9,94,ENE,3.2,11.3,1026.08,1.27,0.51,0,0,,
2022-03-20,01:45,9.7,8.9,94,EAST,3.2,9.7,1026.14,2.29,1.52,0,0,,
2022-03-20,02:00,9.7,8.3,94,EAST,6.4,12.9,1025.84,2.54,1.52,0,0,,
2022-03-20,02:15,9.6,8.3,94,ENE,6.4,9.7,1025.77,2.54,1.52,0,0,,
2022-03-20,02:30,9.7,8.3,94,ENE,8,12.9,1025.67,2.54,1.52,0,0,,
2022-03-20,02:45,9.6,8.3,94,ENE,12.9,12.9,1025.74,2.54,0.25,0,0,,
2022-03-20,03:00,9.6,8.3,94,ENE,8,9.7,1025.77,2.79,0.25,0,0,,
2022-03-20,03:15,9.5,8.3,94,NE,8,11.3,1025.74,2.79,0.25,0,0,,
2022-03-20,03:30,9.4,8.3,94,ENE,4.8,9.7,1025.7,2.79,0.25,0,0,,
2022-03-20,03:45,9.3,8.3,94,ENE,4.8,11.3,1025.6,2.79,0.25,0,0,,
2022-03-20,04:00,9.3,8.3,94,ENE,3.2,9.7,1025.7,2.79,0,0,0,,
2022-03-20,04:15,9.1,7.8,94,EAST,11.3,12.9,1025.6,2.79,0,0,0,,
2022-03-20,04:30,9,7.8,94,ESE,3.2,11.3,1025.77,2.79,0,0,0,,
2022-03-20,04:45,9,7.8,94,EAST,3.2,11.3,1025.87,2.79,0,0,0,,
2022-03-20,05:00,9,7.8,94,EAST,6.4,12.9,1026.04,3.05,0.25,0,0,,
2022-03-20,05:15,9,7.8,94,ENE,8,12.9,1026.04,3.05,0.25,0,0,,
2022-03-20,05:30,9,7.8,95,EAST,11.3,14.5,1026.14,3.05,0.25,0,0,,
2022-03-20,05:45,8.9,7.8,94,EAST,4.8,12.9,1026.28,3.05,0.25,0,0,,
2022-03-20,06:00,8.9,7.8,94,ENE,9.7,11.3,1026.35,3.3,0.25,0,0,,
2022-03-20,06:15,8.9,7.8,94,NE,8,16.1,1026.28,3.3,0.25,0,0,,
2022-03-20,06:30,8.9,7.8,94,EAST,4.8,14.5,1026.38,3.3,0.25,0,0,,
2022-03-20,06:45,8.9,7.8,95,EAST,8,14.5,1026.48,3.3,0.51,0,0,,
2022-03-20,07:00,8.9,7.8,95,ENE,12.9,17.7,1026.45,3.3,0.25,0,25,,
2022-03-20,07:15,8.9,7.8,95,EAST,8,14.5,1026.72,3.3,0.25,0,39,,
2022-03-20,07:30,9.1,8.3,95,EAST,4.8,16.1,1026.65,3.3,0.25,0,53,,
2022-03-20,07:45,9.1,8.3,95,ENE,16.1,17.7,1026.82,3.3,0,0,72,,
2022-03-20,08:00,9.2,8.3,94,ENE,14.5,17.7,1027.19,3.3,0,0,97,,
2022-03-20,08:15,9.3,8.3,94,EAST,11.3,16.1,1027.36,3.3,0,0,125,,
2022-03-20,08:30,9.5,8.3,94,EAST,6.4,19.3,1027.6,3.3,0,0,137,,
2022-03-20,08:45,9.6,8.3,94,EAST,6.4,16.1,1027.94,3.3,0,1,130,,
2022-03-20,09:00,9.7,8.3,93,EAST,3.2,20.9,1028.18,3.3,0,1,183,,
2022-03-20,09:15,10.2,8.9,93,ENE,11.3,17.7,1028.11,3.3,0,1,292,,
2022-03-20,09:30,10.6,8.9,91,ENE,16.1,17.7,1028.18,3.3,0,2,654,,
2022-03-20,09:45,10.9,8.9,90,EAST,11.3,19.3,1028.31,3.3,0,2,390,,
2022-03-20,10:00,11.2,8.9,87,ENE,12.9,22.5,1028.41,3.3,0,2,362,,
2022-03-20,10:15,10.8,8.3,86,EAST,17.7,25.7,1028.62,3.3,0,2,362,,
2022-03-20,10:30,11.1,8.3,85,ENE,14.5,25.7,1028.45,3.3,0,2,381,,
2022-03-20,10:45,11.5,8.9,84,ESE,9.7,25.7,1028.72,3.3,0,2,357,,
2022-03-20,11:00,11.4,8.3,82,EAST,16.1,29,1028.38,3.3,0,2,315,,
2022-03-20,11:15,11.2,8.3,82,EAST,6.4,22.5,1028.78,3.3,0,1,244,,
2022-03-20,11:30,11,8.3,83,EAST,6.4,20.9,1028.78,3.3,0,2,348,,
2022-03-20,11:45,11.6,8.3,82,ENE,16.1,29,1028.68,3.3,0,2,287,,
2022-03-20,12:00,11.2,7.8,79,ESE,25.7,33.8,1028.62,3.3,0,2,369,,
2022-03-20,12:15,11.4,7.2,77,EAST,20.9,33.8,1028.38,3.3,0,3,568,,
2022-03-20,12:30,11.6,7.2,75,ENE,32.2,40.2,1028.62,3.3,0,4,489,,
2022-03-20,12:45,11.9,7.2,75,ENE,6.4,32.2,1028.78,3.3,0,3,450,,
2022-03-20,13:00,11.5,7.2,75,SE,12.9,32.2,1028.68,3.3,0,2,327,,
2022-03-20,13:15,11.9,7.2,74,SE,14.5,32.2,1028.55,3.3,0,3,594,,
2022-03-20,13:30,12.5,7.2,72,ESE,14.5,30.6,1028.21,3.3,0,4,677,,
2022-03-20,13:45,12.3,7.2,72,ENE,14.5,32.2,1028.55,3.3,0,3,587,,
2022-03-20,14:00,12.4,7.8,73,EAST,22.5,32.2,1028.48,3.3,0,3,471,,
2022-03-20,14:15,12.2,7.2,73,SE,20.9,27.4,1028.48,3.3,0,2,357,,
2022-03-20,14:30,11.7,7.2,76,NE,19.3,29,1028.99,3.3,0,1,128,,
2022-03-20,14:45,10.7,7.2,79,NNE,25.7,30.6,1028.95,3.3,0,1,218,,
2022-03-20,15:00,10.4,6.7,79,ENE,12.9,33.8,1028.85,3.3,0,1,137,,
2022-03-20,15:15,10.7,6.1,74,NE,16.1,25.7,1029.02,3.3,0,1,234,,
2022-03-20,15:30,10.8,6.1,73,EAST,11.3,25.7,1029.02,3.3,0,1,135,,
2022-03-20,15:45,11.1,5.6,70,ENE,17.7,27.4,1028.99,3.3,0,1,230,,
2022-03-20,16:00,11.3,5,66,ESE,12.9,19.3,1029.09,3.3,0,1,202,,
2022-03-20,16:15,11.2,4.4,65,ESE,14.5,24.1,1029.12,3.3,0,1,192,,
2022-03-20,16:30,11.2,5.6,68,ESE,16.1,20.9,1028.95,3.3,0,1,206,,
2022-03-20,16:45,11.2,5.6,68,ESE,9.7,22.5,1029.16,3.3,0,1,181,,
2022-03-20,17:00,11.2,5,67,SE,14.5,19.3,1029.26,3.3,0,0,156,,
2022-03-20,17:15,11.1,5.6,69,ENE,17.7,19.3,1029.39,3.3,0,0,118,,
2022-03-20,17:30,10.9,6.1,72,ESE,14.5,22.5,1029.39,3.3,0,0,58,,
2022-03-20,17:45,10.4,6.1,74,ENE,12.9,22.5,1029.39,3.3,0,0,44,,
2022-03-20,18:00,10.1,6.1,77,ENE,9.7,20.9,1029.33,3.3,0,0,32,,
2022-03-20,18:15,9.8,6.1,78,EAST,8,20.9,1029.19,3.3,0,0,16,,
2022-03-20,18:30,9.6,6.1,78,SE,11.3,24.1,1029.23,3.3,0,0,0,,
2022-03-20,18:45,9.3,5.6,78,ESE,6.4,17.7,1029.46,3.3,0,0,0,,
2022-03-20,19:00,9.1,5.6,79,ESE,6.4,17.7,1029.87,3.3,0,0,0,,
2022-03-20,19:15,9,5.6,79,SE,6.4,16.1,1029.83,3.3,0,0,0,,
2022-03-20,19:30,8.8,5.6,80,ESE,6.4,17.7,1029.97,3.3,0,0,0,,
2022-03-20,19:45,8.8,5.6,80,EAST,9.7,19.3,1029.77,3.3,0,0,0,,
2022-03-20,20:00,8.7,5,80,ESE,11.3,17.7,1029.77,3.3,0,0,0,,
2022-03-20,20:15,8.6,5,80,ESE,9.7,16.1,1029.77,3.3,0,0,0,,
2022-03-20,20:30,8.6,5.6,81,ESE,6.4,22.5,1029.77,3.3,0,0,0,,
2022-03-20,20:45,8.6,5.6,81,ESE,6.4,17.7,1029.83,3.3,0,0,0,,
2022-03-20,21:00,8.3,5,82,ESE,6.4,17.7,1029.87,3.3,0,0,0,,
2022-03-20,21:15,8.2,5.6,83,SE,8,17.7,1029.97,3.3,0,0,0,,
2022-03-20,21:30,8.1,5,83,EAST,4.8,11.3,1030,3.3,0,0,0,,
2022-03-20,21:45,8.2,5.6,83,SE,14.5,16.1,1030.11,3.3,0,0,0,,
2022-03-20,22:00,8.3,5.6,83,ESE,3.2,12.9,1030.41,3.3,0,0,0,,
2022-03-20,22:15,8.3,5.6,82,SE,6.4,16.1,1030.51,3.3,0,0,0,,
2022-03-20,22:30,8.3,5,82,ESE,4.8,14.5,1030.61,3.3,0,0,0,,
2022-03-20,22:45,8.6,5.6,81,SE,6.4,14.5,1030.72,3.3,0,0,0,,
2022-03-20,23:00,8.4,5,81,ESE,6.4,12.9,1030.55,3.3,0,0,0,,
2022-03-20,23:15,8.4,5,81,EAST,6.4,12.9,1030.58,3.3,0,0,0,,
2022-03-20,23:30,8.1,5,82,EAST,4.8,16.1,1030.65,3.3,0,0,0,,
2022-03-20,23:45,7.7,5,83,ESE,6.4,9.7,1030.55,3.3,0,0,0,,
2022-03-20,OVR,,,,,,,,,,,,gustmax,32.2
2022-03-20,OVR,,,,,,,,,,,,rainrate_max,8.8
2022-03-20,OVR,,,,,,,,,,,,rain_total_mm,3.4
2022-03-20,OVR,,,,,,,,,,,,tmax,12.7
2022-03-20,OVR,,,,,,,,,,,,tmin,7.6
2022-03-20,OVR,,,,,,,,,,,,wind_dir_mean_deg,90
2022-03-21,00:00,7.6,5,84,ESE,3.2,6.4,1030.68,0,0,0,0,,
2022-03-21,00:15,7.4,5,84,ESE,6.4,11.3,1030.48,0,0,0,0,,
2022-03-21,00:30,7.4,5,85,EAST,3.2,11.3,1030.48,0,0,0,0,,
2022-03-21,00:45,7.3,5,85,EAST,12.9,14.5,1030.48,0,0,0,0,,
2022-03-21,01:00,7.3,5,85,ESE,6.4,14.5,1030.38,0,0,0,0,,
2022-03-21,01:15,7.4,5,85,ESE,6.4,12.9,1030.51,0,0,0,0,,
2022-03-21,01:30,7.4,5,84,EAST,6.4,17.7,1030.55,0,0,0,0,,
2022-03-21,01:45,7.5,5,84,ESE,6.4,14.5,1030.58,0,0,0,0,,
2022-03-21,02:00,7.3,4.4,84,ESE,3.2,12.9,1030.34,0,0,0,0,,
2022-03-21,02:15,7.2,4.4,84,SE,8,9.7,1030.11,0,0,0,0,,
2022-03-21,02:30,7.1,4.4,84,ESE,9.7,12.9,1030.27,0,0,0,0,,
2022-03-21,02:45,6.9,4.4,84,ESE,4.8,16.1,1029.9,0,0,0,0,,
2022-03-21,03:00,6.6,3.9,84,EAST,6.4,12.9,1029.77,0,0,0,0,,
2022-03-21,03:15,6.4,3.9,84,ENE,8,12.9,1029.94,0,0,0,0,,
2022-03-21,03:30,6.2,3.3,84,EAST,9.7,12.9,1029.67,0,0,0,0,,
2022-03-21,03:45,6.2,3.9,84,ESE,9.7,17.7,1029.63,0,0,0,0,,
2022-03-21,04:00,6.3,3.9,84,EAST,8,16.1,1029.56,0,0,0,0,,
2022-03-21,04:15,6.3,3.3,84,EAST,11.3,17.7,1029.73,0,0,0,0,,
2022-03-21,04:30,6.5,3.9,84,ENE,12.9,17.7,1029.43,0,0,0,0,,
2022-03-21,04:45,6.4,3.9,83,EAST,16.1,19.3,1029.53,0,0,0,0,,
2022-03-21,05:00,6.4,3.3,83,ESE,9.7,17.7,1029.6,0,0,0,0,,
2022-03-21,05:15,6.3,3.3,83,EAST,6.4,16.1,1029.53,0,0,0,0,,
2022-03-21,05:30,6.5,3.3,82,EAST,8,19.3,1029.56,0,0,0,0,,
2022-03-21,05:45,6.4,3.3,82,EAST,9.7,16.1,1029.56,0,0,0,0,,
2022-03-21,06:00,6.4,3.3,82,EAST,9.7,17.7,1029.77,0,0,0,0,,
2022-03-21,06:15,6.7,3.3,80,ENE,9.7,16.1,1029.67,0,0,0,0,,
2022-03-21,06:30,6.4,3.3,80,ENE,11.3,16.1,1029.77,0,0,0,0,,
2022-03-21,06:45,6.3,2.8,80,EAST,9.7,12.9,1029.9,0,0,0,23,,
2022-03-21,07:00,6.6,2.8,78,EAST,11.3,14.5,1029.9,0,0,0,60,,
2022-03-21,07:15,6.9,2.8,76,ESE,9.7,14.5,1030.11,0,0,0,72,,
2022-03-21,07:30,7.3,2.8,75,ENE,12.9,16.1,1030.04,0,0,0,120,,
2022-03-21,07:45,7.6,3.3,74,ENE,12.9,17.7,1030.27,0,0,0,185,,
2022-03-21,08:00,7.8,3.3,74,EAST,14.5,22.5,1030.27,0,0,0,156,,
2022-03-21,08:15,8,3.9,75,ENE,8,19.3,1030.38,0,0,1,163,,
2022-03-21,08:30,8.2,3.9,75,ENE,8,19.3,1030.34,0,0,1,148,,
2022-03-21,08:45,8.6,4.4,75,EAST,16.1,20.9,1030.55,0,0,1,156,,
2022-03-21,09:00,8.9,4.4,76,EAST,11.3,20.9,1030.55,0,0,1,181,,
2022-03-21,09:15,9.4,5,76,EAST,6.4,20.9,1030.55,0,0,1,483,,
2022-03-21,09:30,9.9,5.6,74,EAST,11.3,24.1,1030.44,0,0,2,510,,
2022-03-21,09:45,10.6,5,70,ESE,14.5,22.5,1030.48,0,0,2,601,,
2022-03-21,10:00,10.9,5.6,69,EAST,27.4,24.1,1030.44,0,0,2,619,,
2022-03-21,10:15,11.3,5,66,ENE,20.9,24.1,1030.31,0,0,3,601,,
2022-03-21,10:30,11.5,5.6,66,ESE,12.9,20.9,1030.27,0,0,3,705,,
2022-03-21,10:45,11.8,5,64,EAST,17.7,22.5,1030.31,0,0,3,729,,
2022-03-21,11:00,12,5,63,EAST,17.7,29,1030.21,0,0,4,779,,
2022-03-21,11:15,11.6,5,64,ESE,16.1,20.9,1030.27,0,0,2,213,,
2022-03-21,11:30,10.7,4.4,65,ESE,17.7,35.4,1030.58,0,0,4,343,,
2022-03-21,11:45,11.2,4.4,64,EAST,19.3,35.4,1030.38,0,0,4,809,,
2022-03-21,12:00,11,5,66,NE,19.3,32.2,1030.31,0,0,4,846,,
2022-03-21,12:15,11.7,5,64,SE,20.9,30.6,1030.04,0,0,5,856,,
2022-03-21,12:30,11.4,4.4,63,EAST,16.1,33.8,1029.7,0,0,5,879,,
2022-03-21,12:45,11.7,5,64,ESE,14.5,32.2,1029.7,0,0,5,1044,,
2022-03-21,13:00,11.1,5,66,ENE,16.1,37,1029.73,0,0,3,348,,
2022-03-21,13:15,11.1,5.6,68,EAST,8,27.4,1029.67,0,0,3,374,,
2022-03-21,13:30,10.9,5,68,NE,19.3,29,1029.46,0,0,3,355,,
2022-03-21,13:45,10.4,4.4,66,EAST,14.5,30.6,1029.7,0,0,2,320,,
2022-03-21,14:00,10.2,5,70,EAST,14.5,33.8,1029.63,0,0,2,264,,
2022-03-21,14:15,10.6,5,68,EAST,19.3,27.4,1029.26,0,0,3,919,,
2022-03-21,14:30,10.2,4.4,70,EAST,22.5,33.8,1029.19,0,0,2,271,,
2022-03-21,14:45,10.3,5,70,ENE,11.3,32.2,1029.26,0,0,2,304,,
2022-03-21,15:00,10.1,5,72,EAST,11.3,29,1029.16,0,0,2,209,,
2022-03-21,15:15,10.1,5,72,ENE,12.9,24.1,1028.92,0,0,1,163,,
2022-03-21,15:30,10.1,5,71,EAST,11.3,22.5,1028.68,0,0,1,144,,
2022-03-21,15:45,10.1,4.4,70,EAST,20.9,27.4,1028.65,0,0,1,144,,
2022-03-21,16:00,10.1,5,70,EAST,17.7,29,1028.62,0,0,1,167,,
2022-03-21,16:15,10.1,4.4,69,EAST,19.3,27.4,1028.65,0,0,1,146,,
2022-03-21,16:30,9.9,4.4,70,EAST,9.7,25.7,1028.68,0,0,1,116,,
2022-03-21,16:45,9.7,3.9,68,EAST,16.1,33.8,1028.68,0,0,1,83,,
2022-03-21,17:00,9.6,3.9,69,EAST,14.5,27.4,1028.65,0,0,0,70,,
2022-03-21,17:15,9.4,3.9,70,EAST,20.9,30.6,1028.65,0,0,0,56,,
2022-03-21,17:30,9.1,3.9,72,EAST,17.7,29,1028.62,0,0,0,44,,
2022-03-21,17:45,8.9,3.3,69,SE,12.9,22.5,1028.68,0,0,0,35,,
2022-03-21,18:00,8.7,3.3,69,SE,8,25.7,1028.72,0,0,0,28,,
2022-03-21,18:15,8.6,2.2,65,ENE,20.9,27.4,1028.95,0,0,0,19,,
2022-03-21,18:30,8.6,1.7,63,ENE,16.1,27.4,1028.92,0,0,0,7,,
2022-03-21,18:45,8.4,1.7,62,EAST,19.3,32.2,1029.16,0,0,0,0,,
2022-03-21,19:00,8.2,1.7,65,ENE,19.3,22.5,1029.12,0,0,0,0,,
2022-03-21,19:15,7.8,2.2,67,ENE,14.5,27.4,1029.19,0,0,0,0,,
2022-03-21,19:30,7.7,2.2,68,ENE,19.3,27.4,1029.33,0,0,0,0,,
2022-03-21,19:45,7.3,1.7,67,ENE,24.1,25.7,1029.29,0,0,0,0,,
2022-03-21,20:00,7.4,1.1,66,ENE,25.7,35.4,1029.26,0,0,0,0,,
2022-03-21,20:15,7.2,1.1,66,NE,11.3,27.4,1029.33,0,0,0,0,,
2022-03-21,20:30,6.9,1.1,67,EAST,14.5,20.9,1029.06,0,0,0,0,,
2022-03-21,20:45,7,1.1,67,,17.7,32.2,1029.02,0,0,0,0,,
2022-03-21,21:00,6.8,1.1,67,EAST,4.8,19.3,1029.6,0,0,0,0,,
2022-03-21,21:15,6.3,1.1,69,NNW,4.8,9.7,1029.73,0,0,0,0,,
2022-03-21,21:30,6.2,1.1,70,EAST,3.2,11.3,1029.63,0,0,0,0,,
2022-03-21,21:45,5.9,1.1,72,ESE,4.8,11.3,1029.73,0,0,0,0,,
2022-03-21,22:00,5.9,1.1,72,SE,4.8,9.7,1029.73,0,0,0,0,,
2022-03-21,22:15,6.1,1.1,72,SE,6.4,12.9,1029.97,0,0,0,0,,
2022-03-21,22:30,6.4,1.1,70,ESE,4.8,12.9,1030,0,0,0,0,,
2022-03-21,22:45,6.4,1.1,70,ESE,3.2,11.3,1030.04,0,0,0,0,,
2022-03-21,23:00,6,1.1,71,ESE,6.4,17.7,1030.17,0,0,0,0,,
2022-03-21,23:15,6.2,1.1,70,ESE,4.8,9.7,1030.11,0,0,0,0,,
2022-03-21,23:30,6.4,1.1,69,ESE,4.8,12.9,1030.21,0,0,0,0,,
2022-03-21,23:45,6.2,1.1,69,ESE,6.4,12.9,1029.94,0,0,0,0,,
2022-03-21,OVR,,,,,,,,,,,,gustmax,27.4
2022-03-21,OVR,,,,,,,,,,,,rainrate_max,0
2022-03-21,OVR,,,,,,,,,,,,rain_total_mm,0
2022-03-21,OVR,,,,,,,,,,,,tmax,12.2
2022-03-21,OVR,,,,,,,,,,,,tmin,5.8
2022-03-21,OVR,,,,,,,,,,,,wind_dir_mean_deg,90
2022-03-22,00:00,6.4,1.1,69,SE,6.4,14.5,1029.83,0,0,0,0,,
2022-03-22,00:15,6.4,0.6,68,ESE,1.6,11.3,1029.87,0,0,0,0,,
2022-03-22,00:30,5.7,0.6,71,ESE,3.2,4.8,1029.83,0,0,0,0,,
2022-03-22,00:45,6.1,0.6,70,EAST,3.2,9.7,1029.9,0,0,0,0,,
2022-03-22,01:00,5.7,0.6,71,ESE,3.2,12.9,1030,0,0,0,0,,
2022-03-22,01:15,5.6,0.6,71,ESE,3.2,12.9,1029.87,0,0,0,0,,
2022-03-22,01:30,5.8,1.1,71,ESE,4.8,12.9,1029.97,0,0,0,0,,
2022-03-22,01:45,5.7,0.6,72,EAST,8,14.5,1029.87,0,0,0,0,,
2022-03-22,02:00,5.7,1.1,73,EAST,9.7,14.5,1029.63,0,0,0,0,,
2022-03-22,02:15,5.8,1.1,72,ESE,11.3,14.5,1029.5,0,0,0,0,,
2022-03-22,02:30,5.7,1.1,73,ENE,12.9,16.1,1029.46,0,0,0,0,,
2022-03-22,02:45,5.8,1.1,73,ESE,11.3,17.7,1029.36,0,0,0,0,,
2022-03-22,03:00,5.9,1.1,72,ESE,16.1,19.3,1029.29,0,0,0,0,,
2022-03-22,03:15,5.8,1.1,72,EAST,6.4,16.1,1029.29,0,0,0,0,,
2022-03-22,03:30,6,1.1,73,ESE,6.4,17.7,1029.16,0,0,0,0,,
2022-03-22,03:45,5.9,1.7,73,EAST,11.3,19.3,1028.99,0,0,0,0,,
2022-03-22,04:00,6.2,1.7,73,EAST,12.9,20.9,1028.99,0,0,0,0,,
2022-03-22,04:15,6.2,1.7,73,ESE,14.5,20.9,1028.85,0,0,0,0,,
2022-03-22,04:30,6.2,1.7,73,ESE,9.7,19.3,1028.85,0,0,0,0,,
2022-03-22,04:45,6.2,1.7,73,ESE,9.7,16.1,1028.85,0,0,0,0,,
2022-03-22,05:00,6.2,1.7,73,ESE,11.3,19.3,1028.55,0,0,0,0,,
2022-03-22,05:15,6.4,1.7,73,EAST,14.5,25.7,1028.62,0,0,0,0,,
2022-03-22,05:30,6.4,1.7,73,ESE,16.1,20.9,1028.85,0,0,0,0,,
2022-03-22,05:45,6.2,1.7,74,SE,4.8,17.7,1028.89,0,0,0,0,,
2022-03-22,06:00,6.3,2.2,75,ESE,11.3,17.7,1028.99,0,0,0,0,,
2022-03-22,06:15,6.3,2.2,75,SE,6.4,16.1,1029.09,0,0,0,0,,
2022-03-22,06:30,6.4,2.2,75,ESE,1.6,14.5,1028.99,0,0,0,9,,
2022-03-22,06:45,6.3,2.2,76,ESE,4.8,12.9,1029.02,0,0,0,23,,
2022-03-22,07:00,6.2,2.2,76,ENE,6.4,12.9,1029.09,0,0,0,58,,
2022-03-22,07:15,6.6,2.8,76,ESE,1.6,6.4,1029.26,0,0,0,91,,
2022-03-22,07:30,6.7,2.8,76,EAST,4.8,9.7,1029.29,0,0,0,125,,
2022-03-22,07:45,7.1,3.3,77,EAST,9.7,16.1,1029.23,0,0,0,186,,
2022-03-22,08:00,7.8,3.3,75,NE,8,17.7,1029.43,0,0,0,229,,
2022-03-22,08:15,8.2,3.9,75,NE,6.4,16.1,1029.43,0,0,1,281,,
2022-03-22,08:30,8.8,3.9,74,EAST,11.3,20.9,1029.63,0,0,1,373,,
2022-03-22,08:45,9.2,4.4,72,EAST,12.9,20.9,1029.56,0,0,1,434,,
2022-03-22,09:00,9.1,3.9,71,EAST,11.3,25.7,1029.7,0,0,1,162,,
2022-03-22,09:15,8.9,4.4,73,ESE,4.8,20.9,1029.83,0,0,0,105,,
2022-03-22,09:30,7.9,4.4,78,SE,12.9,32.2,1029.73,0,0,0,58,,
2022-03-22,09:45,8.6,5,80,SE,4.8,19.3,1029.87,0,0,2,657,,
2022-03-22,10:00,9.9,5.6,76,SE,16.1,17.7,1029.67,0,0,3,650,,
2022-03-22,10:15,10.5,5.6,73,EAST,9.7,20.9,1029.83,0,0,3,693,,
2022-03-22,10:30,10.4,4.4,68,ESE,11.3,30.6,1029.7,0,0,2,302,,
2022-03-22,10:45,10.8,3.9,64,ESE,9.7,29,1029.56,0,0,3,942,,
2022-03-22,11:00,11.3,3.9,60,EAST,24.1,37,1029.73,0,0,4,768,,
2022-03-22,11:15,11.4,3.9,60,ENE,16.1,30.6,1029.56,0,0,4,812,,
2022-03-22,11:30,11.3,3.9,60,ENE,9.7,32.2,1029.6,0,0,2,294,,
2022-03-22,11:45,10.9,3.9,63,EAST,19.3,27.4,1029.6,0,0,2,327,,
2022-03-22,12:00,11.3,4.4,62,EAST,19.3,32.2,1029.56,0,0,4,1116,,
2022-03-22,12:15,10.7,3.9,64,EAST,25.7,38.6,1029.7,0,0,5,450,,
2022-03-22,12:30,11.8,3.9,58,EAST,20.9,35.4,1029.56,0,0,5,837,,
2022-03-22,12:45,12.3,3.3,55,ENE,17.7,33.8,1029.39,0,0,5,858,,
2022-03-22,13:00,12.8,2.8,51,ENE,17.7,29,1029.33,0,0,5,884,,
2022-03-22,13:15,12.4,1.7,49,EAST,17.7,35.4,1029.12,0,0,4,844,,
2022-03-22,13:30,12.6,1.7,48,EAST,17.7,32.2,1029.23,0,0,4,812,,
2022-03-22,13:45,12.7,1.1,46,EAST,25.7,30.6,1029.02,0,0,4,830,,
2022-03-22,14:00,12.8,0.6,44,ESE,14.5,27.4,1028.78,0,0,4,791,,
2022-03-22,14:15,13.1,1.1,45,ENE,14.5,38.6,1028.85,0,0,4,802,,
2022-03-22,14:30,12.5,1.1,46,ENE,14.5,24.1,1028.65,0,0,2,199,,
2022-03-22,14:45,12.4,1.7,48,SE,6.4,25.7,1028.48,0,0,3,703,,
2022-03-22,15:00,12.8,1.7,48,ENE,17.7,25.7,1028.48,0,0,3,694,,
2022-03-22,15:15,12.3,1.1,47,SE,24.1,27.4,1028.38,0,0,2,603,,
2022-03-22,15:30,12.4,0.6,44,ENE,11.3,22.5,1028.24,0,0,2,554,,
2022-03-22,15:45,12.3,-0.6,42,ESE,16.1,22.5,1028.38,0,0,2,517,,
2022-03-22,16:00,12.1,-0.6,42,ESE,12.9,30.6,1028.41,0,0,1,74,,
2022-03-22,16:15,11.8,-0.6,43,ENE,16.1,32.2,1028.62,0,0,1,60,,
2022-03-22,16:30,11.6,0,44,ESE,14.5,30.6,1028.62,0,0,1,56,,
2022-03-22,16:45,11.4,0.6,47,ENE,19.3,25.7,1028.55,0,0,0,49,,
2022-03-22,17:00,11.2,0.6,49,NE,17.7,27.4,1028.51,0,0,0,47,,
2022-03-22,17:15,11,1.1,51,NE,11.3,32.2,1028.65,0,0,0,42,,
2022-03-22,17:30,10.6,1.1,52,EAST,16.1,24.1,1028.72,0,0,0,35,,
2022-03-22,17:45,10.3,1.1,53,EAST,11.3,22.5,1028.72,0,0,0,30,,
2022-03-22,18:00,9.8,0,51,ESE,9.7,24.1,1028.85,0,0,0,23,,
2022-03-22,18:15,9.5,0,53,ENE,17.7,17.7,1028.85,0,0,0,16,,
2022-03-22,18:30,9.3,0.6,55,EAST,6.4,24.1,1028.85,0,0,0,7,,
2022-03-22,18:45,8.6,0.6,59,ENE,4.8,16.1,1028.95,0,0,0,0,,
2022-03-22,19:00,8.3,1.1,61,EAST,6.4,16.1,1028.92,0,0,0,0,,
2022-03-22,19:15,8.1,1.1,63,ESE,6.4,16.1,1029.06,0,0,0,0,,
2022-03-22,19:30,7.9,1.7,65,ESE,4.8,9.7,1029.06,0,0,0,0,,
2022-03-22,19:45,7.9,1.7,67,NORTH,0,11.3,1029.12,0,0,0,0,,
2022-03-22,20:00,7.9,2.2,68,ESE,4.8,9.7,1029.12,0,0,0,0,,
2022-03-22,20:15,7.4,2.2,70,EAST,4.8,12.9,1029.16,0,0,0,0,,
2022-03-22,20:30,7.6,2.2,71,EAST,6.4,16.1,1029.29,0,0,0,0,,
2022-03-22,20:45,7.6,2.2,71,EAST,6.4,16.1,1029.29,0,0,0,0,,
2022-03-22,21:00,7.3,2.2,72,EAST,6.4,16.1,1029.29,0,0,0,0,,
2022-03-22,21:15,7.2,2.8,73,EAST,6.4,17.7,1029.39,0,0,0,0,,
2022-03-22,21:30,7.1,2.2,73,EAST,9.7,14.5,1029.5,0,0,0,0,,
2022-03-22,21:45,6.9,2.8,75,EAST,3.2,12.9,1029.36,0,0,0,0,,
2022-03-22,22:00,6.7,2.8,76,ESE,4.8,12.9,1029.39,0,0,0,0,,
2022-03-22,22:15,6.8,2.8,77,ESE,6.4,14.5,1029.36,0,0,0,0,,
2022-03-22,22:30,7.1,2.8,76,EAST,4.8,16.1,1029.29,0,0,0,0,,
2022-03-22,22:45,6.9,2.8,76,ESE,9.7,16.1,1029.19,0,0,0,0,,
2022-03-22,23:00,7.2,2.8,75,EAST,8,19.3,1029.29,0,0,0,0,,
2022-03-22,23:15,7.1,2.8,75,EAST,14.5,14.5,1029.19,0,0,0,0,,
2022-03-22,23:30,6.8,2.8,75,ENE,4.8,16.1,1029.02,0,0,0,0,,
2022-03-22,23:45,6.3,2.2,77,EAST,4.8,9.7,1029.16,0,0,0,0,,
2022-03-22,OVR,,,,,,,,,,,,gustmax,25.7
2022-03-22,OVR,,,,,,,,,,,,rainrate_max,0
2022-03-22,OVR,,,,,,,,,,,,rain_total_mm,0
2022-03-22,OVR,,,,,,,,,,,,tmax,13.2
2022-03-22,OVR,,,,,,,,,,,,tmin,5.6
2022-03-22,OVR,,,,,,,,,,,,wind_dir_mean_deg,90
2022-03-23,00:00,6.6,2.8,77,ESE,9.7,14.5,1029.06,0,0,0,0,,
2022-03-23,00:15,6.4,2.8,77,EAST,6.4,11.3,1029.02,0,0,0,0,,
2022-03-23,00:30,6.1,2.2,78,EAST,3.2,6.4,1029.02,0,0,0,0,,
2022-03-23,00:45,5.7,2.2,79,EAST,4.8,9.7,1029.12,0,0,0,0,,
2022-03-23,01:00,6.1,2.2,79,ESE,4.8,11.3,1029.16,0,0,0,0,,
2022-03-23,01:15,6.1,2.2,78,EAST,4.8,11.3,1029.26,0,0,0,0,,
2022-03-23,01:30,5.9,2.2,79,ESE,6.4,9.7,1029.23,0,0,0,0,,
2022-03-23,01:45,5.9,2.8,80,EAST,4.8,9.7,1029.09,0,0,0,0,,
2022-03-23,02:00,6.1,2.8,80,EAST,6.4,9.7,1028.95,0,0,0,0,,
2022-03-23,02:15,5.7,2.2,80,EAST,4.8,9.7,1028.85,0,0,0,0,,
2022-03-23,02:30,5.6,2.2,81,EAST,9.7,11.3,1028.62,0,0,0,0,,
2022-03-23,02:45,5.4,2.2,81,EAST,3.2,9.7,1028.62,0,0,0,0,,
2022-03-23,03:00,5.6,2.8,82,ESE,4.8,9.7,1028.51,0,0,0,0,,
2022-03-23,03:15,5.7,2.8,82,ESE,6.4,12.9,1028.45,0,0,0,0,,
2022-03-23,03:30,5.8,2.8,80,ESE,6.4,14.5,1028.38,0,0,0,0,,
2022-03-23,03:45,5.6,2.2,80,EAST,4.8,6.4,1028.18,0,0,0,0,,
2022-03-23,04:00,5.2,2.2,81,ENE,3.2,9.7,1028.18,0,0,0,0,,
2022-03-23,04:15,5,2.2,82,EAST,4.8,9.7,1028.34,0,0,0,0,,
2022-03-23,04:30,5.3,2.2,81,EAST,6.4,12.9,1028.28,0,0,0,0,,
2022-03-23,04:45,5.5,1.7,79,EAST,9.7,14.5,1028.07,0,0,0,0,,
2022-03-23,05:00,5.6,1.7,77,EAST,6.4,14.5,1028.11,0,0,0,0,,
2022-03-23,05:15,5.3,1.7,78,EAST,4.8,12.9,1028.21,0,0,0,0,,
2022-03-23,05:30,5.4,1.7,77,NE,11.3,17.7,1028.11,0,0,0,0,,
2022-03-23,05:45,5.5,1.7,77,NE,9.7,19.3,1028.21,0,0,0,0,,
2022-03-23,06:00,5.2,1.1,77,EAST,4.8,12.9,1028.01,0,0,0,0,,
2022-03-23,06:15,5.1,1.7,78,ESE,3.2,14.5,1028.01,0,0,0,0,,
2022-03-23,06:30,5.4,1.7,78,EAST,3.2,16.1,1027.87,0,0,0,9,,
2022-03-23,06:45,5.6,1.7,77,ESE,6.4,17.7,1028.04,0,0,0,21,,
2022-03-23,07:00,5.7,1.7,77,ESE,6.4,16.1,1027.97,0,0,0,67,,
2022-03-23,07:15,6.3,2.2,76,ESE,9.7,16.1,1027.94,0,0,0,102,,
2022-03-23,07:30,6.6,2.2,75,EAST,8,14.5,1028.04,0,0,0,127,,
2022-03-23,07:45,6.8,2.8,75,ESE,9.7,20.9,1027.97,0,0,0,186,,
2022-03-23,08:00,7.2,2.8,75,ENE,8,22.5,1028.14,0,0,1,232,,
2022-03-23,08:15,7.7,3.3,74,ENE,11.3,14.5,1028.21,0,0,1,269,,
2022-03-23,08:30,8.2,3.3,73,ESE,3.2,17.7,1028.24,0,0,1,374,,
2022-03-23,08:45,8.6,3.9,73,SE,12.9,17.7,1028.45,0,0,1,438,,
2022-03-23,09:00,9.3,4.4,72,ENE,14.5,24.1,1028.48,0,0,2,492,,
2022-03-23,09:15,9.8,4.4,71,EAST,9.7,29,1028.38,0,0,2,540,,
2022-03-23,09:30,10.2,4.4,69,EAST,17.7,25.7,1028.51,0,0,2,587,,
2022-03-23,09:45,10.6,4.4,68,SE,16.1,32.2,1028.45,0,0,2,626,,
2022-03-23,10:00,11.3,4.4,63,ESE,14.5,40.2,1028.41,0,0,3,661,,
2022-03-23,10:15,11.5,3.9,61,SE,8,29,1028.51,0,0,3,698,,
2022-03-23,10:30,11.8,3.9,59,EAST,19.3,32.2,1028.72,0,0,3,729,,
2022-03-23,10:45,12.1,3.9,58,ESE,20.9,25.7,1028.38,0,0,4,759,,
2022-03-23,11:00,12.4,4.4,59,ESE,16.1,37,1028.21,0,0,4,786,,
2022-03-23,11:15,12.7,4.4,57,ENE,24.1,29,1028.01,0,0,4,810,,
2022-03-23,11:30,12.8,4.4,56,EAST,22.5,30.6,1028.14,0,0,4,819,,
2022-03-23,11:45,13.2,3.9,55,ENE,17.7,30.6,1028.18,0,0,5,837,,
2022-03-23,12:00,13.2,3.9,53,EAST,16.1,32.2,1028.21,0,0,5,840,,
2022-03-23,12:15,13.7,4.4,54,EAST,16.1,30.6,1027.9,0,0,5,849,,
2022-03-23,12:30,13.6,3.9,52,EAST,12.9,27.4,1027.97,0,0,5,844,,
2022-03-23,12:45,13.8,4.4,53,ESE,19.3,25.7,1027.6,0,0,5,846,,
2022-03-23,13:00,13.8,3.9,52,EAST,14.5,27.4,1027.53,0,0,5,831,,
2022-03-23,13:15,14.2,3.9,50,EAST,12.9,29,1027.5,0,0,5,819,,
2022-03-23,13:30,14,3.3,50,ENE,12.9,32.2,1027.16,0,0,4,795,,
2022-03-23,13:45,14.3,3.9,50,SE,12.9,27.4,1026.85,0,0,4,777,,
2022-03-23,14:00,14.3,3.9,50,SE,14.5,27.4,1026.92,0,0,4,758,,
2022-03-23,14:15,14.4,3.9,49,EAST,27.4,24.1,1026.82,0,0,4,728,,
2022-03-23,14:30,14.2,3.9,50,EAST,14.5,25.7,1026.75,0,0,3,701,,
2022-03-23,14:45,14.4,3.3,48,EAST,14.5,27.4,1026.48,0,0,3,666,,
2022-03-23,15:00,14.4,2.8,46,ENE,16.1,27.4,1026.65,0,0,3,638,,
2022-03-23,15:15,14.1,2.2,45,ESE,9.7,25.7,1026.58,0,0,3,596,,
2022-03-23,15:30,14.3,3.3,48,EAST,19.3,22.5,1026.41,0,0,2,555,,
2022-03-23,15:45,14.4,2.2,45,ESE,9.7,25.7,1026.38,0,0,2,519,,
2022-03-23,16:00,14.1,2.8,47,SE,8,27.4,1026.31,0,0,1,67,,
2022-03-23,16:15,13.9,2.2,46,ENE,8,25.7,1026.18,0,0,1,69,,
2022-03-23,16:30,13.9,2.8,47,EAST,11.3,22.5,1026.14,0,0,1,67,,
2022-03-23,16:45,13.8,2.2,46,SE,6.4,20.9,1026.08,0,0,0,44,,
2022-03-23,17:00,13.6,2.2,47,ESE,11.3,20.9,1025.94,0,0,0,40,,
2022-03-23,17:15,13.3,1.7,46,ESE,14.5,20.9,1025.84,0,0,0,37,,
2022-03-23,17:30,12.9,1.7,46,SE,16.1,19.3,1026.04,0,0,0,33,,
2022-03-23,17:45,12.2,5,61,SE,8,22.5,1026.25,0,0,0,30,,
2022-03-23,18:00,11.3,5,67,SE,11.3,27.4,1026.38,0,0,0,25,,
2022-03-23,18:15,10.8,5.6,69,ESE,8,22.5,1026.52,0,0,0,18,,
2022-03-23,18:30,10.4,5,71,ESE,8,19.3,1026.72,0,0,0,7,,
2022-03-23,18:45,10.1,5,72,SSE,6.4,17.7,1026.69,0,0,0,0,,
2022-03-23,19:00,9.9,5,72,ESE,9.7,20.9,1026.82,0,0,0,0,,
2022-03-23,19:15,9.6,4.4,71,ESE,12.9,19.3,1026.69,0,0,0,0,,
2022-03-23,19:30,9.4,4.4,72,SE,11.3,17.7,1026.82,0,0,0,0,,
2022-03-23,19:45,9.2,4.4,72,SE,12.9,17.7,1026.79,0,0,0,0,,
2022-03-23,20:00,9.3,2.8,64,SE,11.3,16.1,1027.13,0,0,0,0,,
2022-03-23,20:15,9.3,1.7,59,SE,11.3,19.3,1026.96,0,0,0,0,,
2022-03-23,20:30,9.3,0.6,56,SE,14.5,20.9,1027.02,0,0,0,0,,
2022-03-23,20:45,9.3,0.6,54,ESE,14.5,22.5,1026.96,0,0,0,0,,
2022-03-23,21:00,9.1,0.6,55,ESE,9.7,22.5,1027.02,0,0,0,0,,
2022-03-23,21:15,8.8,0.6,56,ESE,11.3,17.7,1027.02,0,0,0,0,,
2022-03-23,21:30,8.7,0.6,57,ESE,11.3,20.9,1027.29,0,0,0,0,,
2022-03-23,21:45,8.4,0.6,58,EAST,12.9,19.3,1027.26,0,0,0,0,,
2022-03-23,22:00,8.3,0,57,EAST,9.7,17.7,1027.16,0,0,0,0,,
2022-03-23,22:15,8.1,0,58,EAST,12.9,14.5,1026.96,0,0,0,0,,
2022-03-23,22:30,7.9,0,58,EAST,9.7,16.1,1026.96,0,0,0,0,,
2022-03-23,22:45,7.8,0,57,ESE,6.4,16.1,1027.06,0,0,0,0,,
2022-03-23,23:00,8,-0.6,55,EAST,12.9,17.7,1027.02,0,0,0,0,,
2022-03-23,23:15,8.3,-0.6,53,ESE,14.5,19.3,1027.13,0,0,0,0,,
2022-03-23,23:30,8.2,-0.6,54,ESE,8,19.3,1027.19,0,0,0,0,,
2022-03-23,23:45,7.7,-0.6,56,ESE,11.3,16.1,1026.99,0,0,0,0,,
2022-03-23,OVR,,,,,,,,,,,,gustmax,27.4
2022-03-23,OVR,,,,,,,,,,,,rainrate_max,0
2022-03-23,OVR,,,,,,,,,,,,rain_total_mm,0
2022-03-23,OVR,,,,,,,,,,,,tmax,14.8
2022-03-23,OVR,,,,,,,,,,,,tmin,4.9
2022-03-23,OVR,,,,,,,,,,,,wind_dir_mean_deg,90
2022-03-24,00:00,7.8,-1.1,54,ESE,11.3,16.1,1027.16,0,0,0,0,,
2022-03-24,00:15,7.7,-1.7,53,ESE,6.4,19.3,1026.72,0,0,0,0,,
2022-03-24,00:30,7.6,-1.7,52,EAST,11.3,16.1,1026.72,0,0,0,0,,
2022-03-24,00:45,7.4,-2.2,52,ESE,11.3,14.5,1026.82,0,0,0,0,,
2022-03-24,01:00,7.4,-2.2,50,EAST,9.7,16.1,1026.75,0,0,0,0,,
2022-03-24,01:15,7.7,-2.8,48,ESE,14.5,17.7,1026.58,0,0,0,0,,
2022-03-24,01:30,7.6,-2.8,48,EAST,6.4,17.7,1026.38,0,0,0,0,,
2022-03-24,01:45,7.4,-2.8,48,ESE,14.5,17.7,1026.58,0,0,0,0,,
2022-03-24,02:00,7.4,-2.8,49,ESE,9.7,17.7,1026.65,0,0,0,0,,
2022-03-24,02:15,7.7,-2.8,47,ESE,6.4,19.3,1026.31,0,0,0,0,,
2022-03-24,02:30,7.2,-2.8,49,EAST,11.3,16.1,1026.08,0,0,0,0,,
2022-03-24,02:45,7.1,-2.8,51,EAST,9.7,19.3,1025.91,0,0,0,0,,
2022-03-24,03:00,7,-2.2,52,EAST,12.9,19.3,1025.87,0,0,0,0,,
2022-03-24,03:15,7,-2.2,52,EAST,9.7,14.5,1025.8,0,0,0,0,,
2022-03-24,03:30,6.9,-1.7,55,ESE,14.5,17.7,1025.7,0,0,0,0,,
2022-03-24,03:45,7.2,-0.6,58,EAST,12.9,19.3,1025.53,0,0,0,0,,
2022-03-24,04:00,7.2,-0.6,58,ESE,11.3,17.7,1025.36,0,0,0,0,,
2022-03-24,04:15,6.9,0,61,EAST,12.9,14.5,1025.6,0,0,0,0,,
2022-03-24,04:30,6.8,0,62,EAST,6.4,14.5,1025.47,0,0,0,0,,
2022-03-24,04:45,6.3,0,65,EAST,4.8,16.1,1025.43,0,0,0,0,,
2022-03-24,05:00,6.6,0.6,65,EAST,6.4,17.7,1025.57,0,0,0,0,,
2022-03-24,05:15,6.8,0.6,64,EAST,9.7,14.5,1025.33,0,0,0,0,,
2022-03-24,05:30,6.3,0.6,67,EAST,8,14.5,1025.53,0,0,0,0,,
2022-03-24,05:45,6.2,0.6,67,EAST,11.3,16.1,1025.7,0,0,0,0,,
2022-03-24,06:00,7.2,0,62,ESE,14.5,22.5,1025.8,0,0,0,0,,
2022-03-24,06:15,7.3,0.6,62,EAST,16.1,19.3,1025.77,0,0,0,0,,
2022-03-24,06:30,7.3,0,60,ESE,6.4,24.1,1025.7,0,0,0,19,,
2022-03-24,06:45,7.7,0,58,EAST,14.5,27.4,1025.87,0,0,0,40,,
2022-03-24,07:00,7.9,0,59,EAST,19.3,22.5,1025.91,0,0,0,100,,
2022-03-24,07:15,8.3,0.6,60,ESE,11.3,24.1,1025.87,0,0,0,70,,
2022-03-24,07:30,7.9,1.7,65,EAST,24.1,22.5,1025.94,0,0,0,69,,
2022-03-24,07:45,7.8,2.2,69,ESE,17.7,20.9,1026.08,0,0,0,86,,
2022-03-24,08:00,8.1,3.3,73,SE,14.5,24.1,1026.28,0,0,0,109,,
2022-03-24,08:15,8.7,3.9,73,EAST,12.9,22.5,1026.31,0,0,1,214,,
2022-03-24,08:30,9.3,4.4,73,ESE,19.3,27.4,1026.18,0,0,1,399,,
2022-03-24,08:45,9.9,4.4,69,EAST,12.9,25.7,1026.65,0,0,1,403,,
2022-03-24,09:00,10.4,4.4,68,ESE,14.5,25.7,1026.58,0,0,2,185,,
2022-03-24,09:15,10.9,5,67,EAST,12.9,25.7,1026.82,0,0,2,575,,
2022-03-24,09:30,11.3,5,66,ESE,16.1,24.1,1026.85,0,0,2,496,,
2022-03-24,09:45,11.9,5,63,ESE,16.1,24.1,1026.79,0,0,2,601,,
2022-03-24,10:00,12.3,4.4,60,ESE,12.9,22.5,1027.02,0,0,3,635,,
2022-03-24,10:15,12.2,4.4,61,ESE,16.1,29,1026.85,0,0,3,714,,
2022-03-24,10:30,13.1,5.6,60,ESE,11.3,25.7,1027.02,0,0,3,745,,
2022-03-24,10:45,13.7,5.6,58,ESE,3.2,29,1027.02,0,0,4,795,,
2022-03-24,11:00,14.2,5,55,EAST,14.5,27.4,1026.79,0,0,4,803,,
2022-03-24,11:15,14.8,5,52,SSE,9.7,25.7,1026.75,0,0,4,814,,
2022-03-24,11:30,14.9,4.4,49,EAST,12.9,22.5,1026.69,0,0,4,830,,
2022-03-24,11:45,14.9,5,52,SE,14.5,27.4,1026.69,0,0,5,835,,
2022-03-24,12:00,15.3,5.6,53,EAST,14.5,30.6,1026.31,0,0,5,842,,
2022-03-24,12:15,15.2,6.1,56,ESE,12.9,32.2,1026.14,0,0,5,846,,
2022-03-24,12:30,15.6,7.2,57,SSE,20.9,30.6,1025.84,0,0,5,844,,
2022-03-24,12:45,15,6.7,57,ESE,17.7,33.8,1025.67,0,0,5,844,,
2022-03-24,13:00,15.3,6.7,57,SE,12.9,38.6,1025.87,0,0,5,835,,
2022-03-24,13:15,15.7,6.7,56,ESE,14.5,27.4,1025.74,0,0,4,821,,
2022-03-24,13:30,15.5,6.1,54,EAST,16.1,32.2,1025.67,0,0,4,798,,
2022-03-24,13:45,15.5,5,51,SE,16.1,41.8,1025.47,0,0,4,782,,
2022-03-24,14:00,16,3.3,43,SE,19.3,30.6,1025.3,0,0,4,761,,
2022-03-24,14:15,16.1,2.8,42,EAST,16.1,30.6,1025.3,0,0,4,737,,
2022-03-24,14:30,16.2,3.3,42,ESE,12.9,30.6,1025.16,0,0,3,703,,
2022-03-24,14:45,15.7,2.8,42,ESE,9.7,25.7,1025.3,0,0,3,666,,
2022-03-24,15:00,15.7,7.2,57,SE,17.7,25.7,1025.09,0,0,3,633,,
2022-03-24,15:15,15.4,6.7,57,SE,14.5,22.5,1024.99,0,0,3,605,,
2022-03-24,15:30,15.3,6.7,56,SE,12.9,32.2,1024.99,0,0,2,554,,
2022-03-24,15:45,15.8,4.4,48,ESE,14.5,24.1,1024.99,0,0,2,520,,
2022-03-24,16:00,15.3,3.3,45,SE,12.9,22.5,1025.16,0,0,1,93,,
2022-03-24,16:15,15.1,3.3,45,EAST,12.9,24.1,1025.23,0,0,1,86,,
2022-03-24,16:30,14.7,2.8,45,ESE,19.3,27.4,1024.96,0,0,1,69,,
2022-03-24,16:45,14.7,2.2,43,ESE,19.3,24.1,1025.26,0,0,1,69,,
2022-03-24,17:00,13.4,6.7,64,SE,17.7,24.1,1025.36,0,0,0,67,,
2022-03-24,17:15,12.7,6.7,68,SSE,4.8,20.9,1025.36,0,0,0,88,,
2022-03-24,17:30,12.9,7.2,68,ESE,11.3,22.5,1025.36,0,0,0,97,,
2022-03-24,17:45,12.6,6.7,69,ESE,16.1,24.1,1025.36,0,0,0,77,,
2022-03-24,18:00,12.4,6.7,68,SE,20.9,24.1,1025.4,0,0,0,46,,
2022-03-24,18:15,12.1,6.1,68,ESE,12.9,20.9,1025.64,0,0,0,28,,
2022-03-24,18:30,11.6,3.3,58,ESE,6.4,17.7,1025.53,0,0,0,16,,
2022-03-24,18:45,11.2,3.9,61,EAST,11.3,24.1,1025.47,0,0,0,0,,
2022-03-24,19:00,10.8,4.4,65,ESE,12.9,22.5,1025.6,0,0,0,0,,
2022-03-24,19:15,10.3,4.4,69,ESE,9.7,17.7,1025.6,0,0,0,0,,
2022-03-24,19:30,10,5,71,EAST,4.8,17.7,1025.57,0,0,0,0,,
2022-03-24,19:45,9.7,5,72,EAST,4.8,19.3,1025.74,0,0,0,0,,
2022-03-24,20:00,9.5,5,74,ESE,4.8,16.1,1025.77,0,0,0,0,,
2022-03-24,20:15,9.3,5,76,EAST,12.9,17.7,1026.04,0,0,0,0,,
2022-03-24,20:30,9.3,5.6,77,EAST,11.3,17.7,1026.18,0,0,0,0,,
2022-03-24,20:45,9.1,5.6,79,EAST,12.9,20.9,1025.94,0,0,0,0,,
2022-03-24,21:00,8.9,5.6,80,ESE,11.3,22.5,1026.01,0,0,0,0,,
2022-03-24,21:15,8.8,5.6,81,EAST,14.5,19.3,1026.01,0,0,0,0,,
2022-03-24,21:30,8.7,5.6,82,EAST,17.7,25.7,1026.14,0,0,0,0,,
2022-03-24,21:45,8.6,5.6,83,EAST,8,25.7,1025.8,0,0,0,0,,
2022-03-24,22:00,8.4,5.6,83,EAST,14.5,25.7,1025.7,0,0,0,0,,
2022-03-24,22:15,8.5,5.6,84,EAST,14.5,27.4,1025.87,0,0,0,0,,
2022-03-24,22:30,8.4,5.6,83,EAST,8,24.1,1025.8,0,0,0,0,,
2022-03-24,22:45,8.4,5.6,84,ESE,16.1,29,1025.74,0,0,0,0,,
2022-03-24,23:00,8.4,5.6,84,EAST,12.9,22.5,1025.84,0,0,0,0,,
2022-03-24,23:15,8.2,5.6,84,ESE,12.9,24.1,1025.8,0,0,0,0,,
2022-03-24,23:30,8.2,5.6,84,ESE,16.1,22.5,1025.8,0,0,0,0,,
2022-03-24,23:45,8.3,5.6,83,EAST,12.9,20.9,1025.8,0,0,0,0,,
2022-03-24,OVR,,,,,,,,,,,,gustmax,24.1
2022-03-24,OVR,,,,,,,,,,,,rainrate_max,0
2022-03-24,OVR,,,,,,,,,,,,rain_total_mm,0
2022-03-24,OVR,,,,,,,,,,,,tmax,16.6
2022-03-24,OVR,,,,,,,,,,,,tmin,6.1
2022-03-24,OVR,,,,,,,,,,,,wind_dir_mean_deg,112.5
2022-03-25,00:00,8.2,5,83,EAST,9.7,20.9,1025.97,0,0,0,0,,
2022-03-25,00:15,8.1,5,83,EAST,11.3,20.9,1025.91,0,0,0,0,,
2022-03-25,00:30,8.2,5,83,EAST,16.1,25.7,1025.74,0,0,0,0,,
2022-03-25,00:45,8.2,5,82,ESE,11.3,24.1,1025.57,0,0,0,0,,
2022-03-25,01:00,8.2,5,81,ENE,19.3,22.5,1025.36,0,0,0,0,,
2022-03-25,01:15,8.4,5,80,EAST,12.9,29,1025.36,0,0,0,0,,
2022-03-25,01:30,8.5,5,80,EAST,16.1,30.6,1025.23,0,0,0,0,,
2022-03-25,01:45,8.4,5,80,EAST,19.3,27.4,1025.13,0,0,0,0,,
2022-03-25,02:00,8.3,5,81,ESE,14.5,24.1,1024.89,0,0,0,0,,
2022-03-25,02:15,8.3,5.6,83,EAST,11.3,25.7,1024.79,0,0,0,0,,
2022-03-25,02:30,8.3,5.6,84,EAST,17.7,25.7,1024.42,0,0,0,0,,
2022-03-25,02:45,8.3,5.6,84,EAST,19.3,25.7,1024.35,0,0,0,0,,
2022-03-25,03:00,8.2,5.6,85,EAST,14.5,25.7,1024.35,0,0,0,0,,
2022-03-25,03:15,8.2,5.6,85,ENE,4.8,24.1,1024.18,0,0,0,0,,
2022-03-25,03:30,8.1,5.6,86,ENE,12.9,25.7,1024.08,0,0,0,0,,
2022-03-25,03:45,8.1,5.6,86,EAST,14.5,24.1,1024.04,0,0,0,0,,
2022-03-25,04:00,8,5.6,86,EAST,12.9,22.5,1023.98,0,0,0,0,,
2022-03-25,04:15,8,5.6,86,EAST,14.5,22.5,1023.81,0,0,0,0,,
2022-03-25,04:30,7.9,5.6,86,EAST,16.1,22.5,1023.74,0,0,0,0,,
2022-03-25,04:45,7.9,5.6,86,EAST,9.7,19.3,1023.77,0,0,0,0,,
2022-03-25,05:00,8.1,5.6,86,ESE,12.9,30.6,1023.71,0,0,0,0,,
2022-03-25,05:15,8.1,5.6,86,EAST,17.7,19.3,1023.81,0,0,0,0,,
2022-03-25,05:30,8.1,5.6,86,ESE,14.5,20.9,1023.84,0,0,0,0,,
2022-03-25,05:45,7.9,5.6,86,ESE,11.3,22.5,1023.74,0,0,0,0,,
2022-03-25,06:00,7.9,5.6,86,ESE,11.3,20.9,1023.74,0,0,0,0,,
2022-03-25,06:15,8.1,5.6,86,ESE,19.3,22.5,1023.81,0,0,0,0,,
2022-03-25,06:30,8.2,5.6,86,EAST,11.3,24.1,1023.98,0,0,0,19,,
2022-03-25,06:45,8.3,5.6,85,SE,11.3,22.5,1024.21,0,0,0,40,,
2022-03-25,07:00,8.4,6.1,85,ESE,17.7,22.5,1024.18,0,0,0,79,,
2022-03-25,07:15,8.7,6.1,84,EAST,11.3,19.3,1024.18,0,0,0,102,,
2022-03-25,07:30,8.9,6.1,84,SE,14.5,20.9,1024.35,0,0,0,123,,
2022-03-25,07:45,9.3,6.7,83,EAST,12.9,22.5,1024.38,0,0,0,160,,
2022-03-25,08:00,9.7,6.7,82,EAST,11.3,22.5,1024.45,0,0,1,223,,
2022-03-25,08:15,10.2,6.7,80,ESE,22.5,19.3,1024.42,0,0,1,258,,
2022-03-25,08:30,10.7,7.2,79,EAST,20.9,25.7,1024.52,0,0,1,350,,
2022-03-25,08:45,11.4,7.2,76,SE,17.7,27.4,1024.45,0,0,1,417,,
2022-03-25,09:00,12,6.7,71,ESE,19.3,25.7,1024.35,0,0,2,490,,
2022-03-25,09:15,12.5,6.7,67,EAST,16.1,37,1024.55,0,0,2,538,,
2022-03-25,09:30,12.6,6.7,68,ESE,11.3,29,1024.52,0,0,2,575,,
2022-03-25,09:45,12.8,6.1,64,SE,11.3,32.2,1024.69,0,0,2,642,,
2022-03-25,10:00,13,6.1,64,ESE,11.3,37,1024.62,0,0,3,689,,
2022-03-25,10:15,13.2,5.6,60,ESE,12.9,41.8,1024.69,0,0,2,649,,
2022-03-25,10:30,13.8,6.1,59,SE,20.9,32.2,1024.45,0,0,3,656,,
2022-03-25,10:45,13.8,6.1,60,ESE,9.7,33.8,1024.45,0,0,3,638,,
2022-03-25,11:00,14.3,5.6,56,ESE,17.7,32.2,1024.42,0,0,4,728,,
2022-03-25,11:15,14.4,5,54,ESE,29,38.6,1023.98,0,0,4,759,,
2022-03-25,11:30,14.5,5.6,55,SE,14.5,33.8,1024.31,0,0,4,659,,
2022-03-25,11:45,14.5,5,53,ESE,14.5,38.6,1024.15,0,0,5,837,,
2022-03-25,12:00,14.9,5.6,54,SE,19.3,29,1024.04,0,0,4,763,,
2022-03-25,12:15,15.1,6.7,58,ESE,12.9,35.4,1023.94,0,0,4,814,,
2022-03-25,12:30,14.6,6.7,61,ESE,20.9,45.1,1023.87,0,0,4,749,,
2022-03-25,12:45,14.8,7.2,61,ESE,29,38.6,1023.54,0,0,4,784,,
2022-03-25,13:00,15.3,7.2,60,SE,14.5,30.6,1023.43,0,0,5,830,,
2022-03-25,13:15,15.3,6.7,58,ESE,29,37,1023.06,0,0,4,812,,
2022-03-25,13:30,15.6,6.7,57,ESE,16.1,35.4,1023.23,0,0,4,780,,
2022-03-25,13:45,15.3,7.8,61,SE,11.3,30.6,1023.13,0,0,4,754,,
2022-03-25,14:00,15.4,6.7,56,ESE,16.1,29,1022.79,0,0,3,701,,
2022-03-25,14:15,15.2,6.7,57,ESE,8,29,1022.69,0,0,3,661,,
2022-03-25,14:30,15.1,7.2,59,ESE,19.3,29,1022.38,0,0,3,650,,
2022-03-25,14:45,15.3,6.7,58,SE,4.8,24.1,1022.35,0,0,3,601,,
2022-03-25,15:00,15.2,6.7,58,ESE,24.1,30.6,1022.25,0,0,3,584,,
2022-03-25,15:15,15,6.7,58,SE,14.5,25.7,1022.15,0,0,2,515,,
2022-03-25,15:30,14.6,6.1,58,ESE,6.4,35.4,1022.01,0,0,2,483,,
2022-03-25,15:45,14.5,6.7,60,EAST,6.4,33.8,1021.91,0,0,2,396,,
2022-03-25,16:00,14.3,6.7,60,ESE,14.5,32.2,1021.81,0,0,1,193,,
2022-03-25,16:15,13.8,6.1,61,SE,16.1,29,1021.81,0,0,1,176,,
2022-03-25,16:30,13.6,6.7,63,SSE,9.7,29,1021.71,0,0,1,167,,
2022-03-25,16:45,13.4,6.7,65,EAST,9.7,27.4,1021.57,0,0,1,160,,
2022-03-25,17:00,13.3,6.7,65,ENE,17.7,29,1021.64,0,0,1,141,,
2022-03-25,17:15,13.2,6.7,65,ESE,11.3,27.4,1021.71,0,0,0,125,,
2022-03-25,17:30,12.9,6.7,66,EAST,16.1,32.2,1021.81,0,0,0,88,,
2022-03-25,17:45,12.4,6.7,67,SE,20.9,25.7,1021.71,0,0,0,67,,
2022-03-25,18:00,12.2,6.1,68,ESE,9.7,27.4,1021.91,0,0,0,53,,
2022-03-25,18:15,11.8,6.1,69,EAST,11.3,22.5,1021.98,0,0,0,28,,
2022-03-25,18:30,11.4,6.1,69,ESE,9.7,24.1,1021.91,0,0,0,9,,
2022-03-25,18:45,11.1,5.6,70,ESE,9.7,20.9,1021.88,0,0,0,0,,
2022-03-25,19:00,10.8,5.6,72,EAST,12.9,22.5,1021.98,0,0,0,0,,
2022-03-25,19:15,10.6,5.6,73,EAST,9.7,25.7,1021.91,0,0,0,0,,
2022-03-25,19:30,10.4,5.6,74,EAST,9.7,25.7,1021.91,0,0,0,0,,
2022-03-25,19:45,10.4,6.1,75,ESE,9.7,20.9,1021.98,0,0,0,0,,
2022-03-25,20:00,10.2,6.1,76,ESE,9.7,22.5,1021.98,0,0,0,0,,
2022-03-25,20:15,10.1,6.1,77,EAST,14.5,17.7,1021.78,0,0,0,0,,
2022-03-25,20:30,10,6.1,78,ENE,12.9,19.3,1021.84,0,0,0,0,,
2022-03-25,20:45,9.8,6.1,79,ESE,6.4,20.9,1021.88,0,0,0,0,,
2022-03-25,21:00,9.7,6.1,80,ESE,16.1,14.5,1021.81,0,0,0,0,,
2022-03-25,21:15,9.6,6.1,80,ESE,6.4,17.7,1021.91,0,0,0,0,,
2022-03-25,21:30,9.6,6.1,81,ESE,8,19.3,1021.91,0,0,0,0,,
2022-03-25,21:45,9.7,6.7,81,ESE,16.1,25.7,1022.05,0,0,0,0,,
2022-03-25,22:00,9.7,6.7,81,ESE,11.3,20.9,1021.81,0,0,0,0,,
2022-03-25,22:15,9.7,6.7,81,EAST,12.9,20.9,1021.91,0,0,0,0,,
2022-03-25,22:30,9.7,6.7,82,ESE,6.4,19.3,1021.81,0,0,0,0,,
2022-03-25,22:45,9.7,6.7,82,EAST,9.7,19.3,1021.78,0,0,0,0,,
2022-03-25,23:00,9.7,6.7,82,ESE,14.5,20.9,1021.54,0,0,0,0,,
2022-03-25,23:15,9.7,6.7,82,ESE,1.6,17.7,1021.61,0,0,0,0,,
2022-03-25,23:30,9.7,6.7,83,ESE,11.3,16.1,1021.54,0,0,0,0,,
2022-03-25,23:45,9.9,7.2,83,EAST,8,19.3,1021.5,0,0,0,0,,
2022-03-25,OVR,,,,,,,,,,,,gustmax,29
2022-03-25,OVR,,,,,,,,,,,,rainrate_max,0
2022-03-25,OVR,,,,,,,,,,,,rain_total_mm,0
2022-03-25,OVR,,,,,,,,,,,,tmax,15.7
2022-03-25,OVR,,,,,,,,,,,,tmin,7.8
2022-03-25,OVR,,,,,,,,,,,,wind_dir_mean_deg,112.5
2022-03-26,00:00,9.9,7.2,83,ESE,9.7,17.7,1021.57,0,0,0,0,,
2022-03-26,00:15,10,7.2,83,EAST,8,22.5,1021.54,0,0,0,0,,
2022-03-26,00:30,10.1,7.2,83,EAST,11.3,22.5,1021.5,0,0,0,0,,
2022-03-26,00:45,10,7.2,83,ESE,11.3,19.3,1021.61,0,0,0,0,,
2022-03-26,01:00,10.1,7.2,83,SE,14.5,20.9,1021.61,0,0,0,0,,
2022-03-26,01:15,10.2,7.2,83,ESE,6.4,24.1,1021.74,0,0,0,0,,
2022-03-26,01:30,10.3,7.2,83,ESE,14.5,22.5,1021.64,0,0,0,0,,
2022-03-26,01:45,10.6,7.8,82,EAST,19.3,24.1,1021.54,0,0,0,0,,
2022-03-26,02:00,10.6,7.2,82,ESE,12.9,22.5,1021.61,0,0,0,0,,
2022-03-26,02:15,10.5,7.2,82,ESE,17.7,22.5,1021.5,0,0,0,0,,
2022-03-26,02:30,10.6,7.2,82,ESE,11.3,20.9,1021.3,0,0,0,0,,
2022-03-26,02:45,10.6,7.2,80,ESE,9.7,24.1,1021.37,0,0,0,0,,
2022-03-26,03:00,10.4,7.2,80,ESE,11.3,20.9,1021.3,0,0,0,0,,
2022-03-26,03:15,10.4,6.7,79,ESE,11.3,20.9,1021.13,0,0,0,0,,
2022-03-26,03:30,10.4,6.7,79,SE,12.9,22.5,1020.89,0,0,0,0,,
2022-03-26,03:45,10.4,6.7,79,ESE,17.7,22.5,1020.79,0,0,0,0,,
2022-03-26,04:00,10.6,6.7,78,ESE,11.3,25.7,1020.49,0,0,0,0,,
2022-03-26,04:15,10.6,6.7,78,EAST,12.9,19.3,1020.56,0,0,0,0,,
2022-03-26,04:30,10.4,6.7,80,SE,17.7,22.5,1020.35,0,0,0,0,,
2022-03-26,04:45,10.4,6.7,80,ESE,4.8,16.1,1020.29,0,0,0,0,,
2022-03-26,05:00,10.4,7.2,81,ESE,16.1,22.5,1020.15,0,0,0,0,,
2022-03-26,05:15,10.5,7.2,81,ESE,8,20.9,1020.18,0,0,0,0,,
2022-03-26,05:30,10.6,7.2,81,ESE,9.7,19.3,1019.98,0,0,0,0,,
2022-03-26,05:45,10.6,7.2,81,ESE,17.7,22.5,1019.64,0,0,0,0,,
2022-03-26,06:00,10.9,7.8,81,ESE,6.4,20.9,1020.12,0,0,0,0,,
2022-03-26,06:15,10.9,7.8,81,SE,12.9,27.4,1020.29,0,0,0,0,,
2022-03-26,06:30,11.1,7.8,81,EAST,16.1,25.7,1020.66,0,0,0,0,,
2022-03-26,06:45,11.1,7.8,81,EAST,12.9,25.7,1020.69,0,0,0,16,,
2022-03-26,07:00,11.1,7.8,82,SE,8,25.7,1020.56,0,0,0,32,,
2022-03-26,07:15,11.2,7.8,82,EAST,25.7,29,1020.49,0,0,0,47,,
2022-03-26,07:30,11.3,7.8,81,EAST,25.7,25.7,1020.42,0,0,0,77,,
2022-03-26,07:45,11.4,8.3,81,ESE,19.3,30.6,1020.69,0,0,0,97,,
2022-03-26,08:00,11.6,8.3,81,ESE,19.3,30.6,1020.45,0,0,0,149,,
2022-03-26,08:15,12,8.3,80,EAST,16.1,37,1020.66,0,0,0,209,,
2022-03-26,08:30,12.2,8.3,80,EAST,29,37,1020.45,0,0,1,285,,
2022-03-26,08:45,11.9,8.3,80,EAST,24.1,35.4,1020.76,0,0,0,146,,
2022-03-26,09:00,11.9,8.3,80,ESE,27.4,32.2,1020.69,0,0,0,171,,
2022-03-26,09:15,12,8.3,80,EAST,16.1,38.6,1020.59,0,0,1,181,,
2022-03-26,09:30,12.1,8.3,79,EAST,14.5,29,1020.86,0,0,1,163,,
2022-03-26,09:45,12.2,8.3,79,ENE,25.7,37,1020.79,0,0,1,195,,
2022-03-26,10:00,12.2,8.3,78,EAST,22.5,45.1,1020.73,0,0,0,158,,
2022-03-26,10:15,12.2,8.3,78,EAST,27.4,41.8,1020.32,0,0,1,169,,
2022-03-26,10:30,12.4,8.3,78,EAST,14.5,43.5,1020.22,0,0,1,216,,
2022-03-26,10:45,12.8,8.9,77,EAST,11.3,38.6,1020.32,0,0,1,278,,
2022-03-26,11:00,13,8.9,76,EAST,17.7,45.1,1020.49,0,0,1,241,,
2022-03-26,11:15,12.9,8.9,77,ESE,27.4,35.4,1020.42,0,0,1,302,,
2022-03-26,11:30,13.1,8.9,76,EAST,14.5,37,1020.32,0,0,1,302,,
2022-03-26,11:45,13.3,8.9,76,EAST,16.1,41.8,1020.42,0,0,1,218,,
2022-03-26,12:00,12.9,8.9,77,SE,11.3,40.2,1020.39,0,0,1,197,,
2022-03-26,12:15,12.9,8.9,76,SE,17.7,33.8,1020.29,0,0,0,132,,
2022-03-26,12:30,12.7,8.3,77,EAST,19.3,32.2,1020.15,0,0,0,98,,
2022-03-26,12:45,12.6,8.3,77,ESE,19.3,43.5,1019.74,0,0,0,83,,
2022-03-26,13:00,12.7,8.9,77,EAST,24.1,37,1020.01,0,0,1,172,,
2022-03-26,13:15,12.8,8.9,78,EAST,20.9,41.8,1019.74,0,0,1,146,,
2022-03-26,13:30,12.7,8.9,77,ENE,27.4,45.1,1019.54,0,0,1,193,,
2022-03-26,13:45,12.8,8.3,76,ESE,12.9,32.2,1019.57,0,0,1,174,,
2022-03-26,14:00,12.6,8.3,76,ESE,27.4,38.6,1019.57,0,0,1,223,,
2022-03-26,14:15,12.8,8.3,76,EAST,20.9,41.8,1019.78,0,0,1,283,,
2022-03-26,14:30,13,8.9,76,ENE,30.6,40.2,1019.74,0,0,1,281,,
2022-03-26,14:45,13.2,8.9,75,ENE,17.7,45.1,1019.4,0,0,1,260,,
2022-03-26,15:00,13.4,8.9,74,EAST,29,37,1019.13,0,0,1,223,,
2022-03-26,15:15,13.6,8.9,74,EAST,20.9,40.2,1019.17,0,0,1,339,,
2022-03-26,15:30,13.6,8.9,73,SE,24.1,35.4,1019.24,0,0,1,272,,
2022-03-26,15:45,13.8,8.9,72,ENE,12.9,35.4,1019.24,0,0,1,434,,
2022-03-26,16:00,13.6,8.3,72,NE,29,45.1,1019.03,0,0,1,229,,
2022-03-26,16:15,13.7,8.3,72,EAST,16.1,41.8,1019.47,0,0,1,332,,
2022-03-26,16:30,13.7,8.9,72,EAST,11.3,37,1019.37,0,0,1,178,,
2022-03-26,16:45,13.7,8.3,71,EAST,19.3,48.3,1019.27,0,0,1,160,,
2022-03-26,17:00,13.5,8.3,71,NE,20.9,35.4,1019.1,0,0,0,105,,
2022-03-26,17:15,13.3,8.3,72,ENE,29,33.8,1018.9,0,0,0,116,,
2022-03-26,17:30,13.1,7.8,72,ESE,32.2,40.2,1018.52,0,0,0,98,,
2022-03-26,17:45,12.9,7.8,72,EAST,22.5,37,1018.42,0,0,0,70,,
2022-03-26,18:00,12.8,7.2,71,ENE,29,43.5,1018.39,0,0,0,49,,
2022-03-26,18:15,12.7,6.7,68,ENE,16.1,37,1018.52,0,0,0,25,,
2022-03-26,18:30,12.7,6.1,66,NE,22.5,49.9,1018.46,0,0,0,7,,
2022-03-26,18:45,12.6,6.1,66,EAST,17.7,51.5,1018.25,0,0,0,0,,
2022-03-26,19:00,12.4,6.1,66,EAST,17.7,37,1018.12,0,0,0,0,,
2022-03-26,19:15,12.4,5.6,64,ESE,38.6,40.2,1018.08,0,0,0,0,,
2022-03-26,19:30,12.7,5.6,62,ESE,29,38.6,1018.22,0,0,0,0,,
2022-03-26,19:45,12.7,5,60,EAST,33.8,46.7,1018.66,0,0,0,0,,
2022-03-26,20:00,12.8,5,59,EAST,19.3,35.4,1019.1,0,0,0,0,,
2022-03-26,20:15,12.7,5,59,EAST,14.5,32.2,1019.3,0,0,0,0,,
2022-03-26,20:30,12.6,5,60,EAST,14.5,22.5,1019.4,0,0,0,0,,
2022-03-26,20:45,12.6,5,61,EAST,11.3,25.7,1019.47,0,0,0,0,,
2022-03-26,21:00,12.8,5,60,ESE,19.3,37,1019.44,0,0,0,0,,
2022-03-26,21:15,12.9,5,59,EAST,12.9,35.4,1019.54,0,0,0,0,,
2022-03-26,21:30,12.8,5,59,ESE,14.5,27.4,1019.68,0,0,0,0,,
2022-03-26,21:45,12.7,4.4,59,EAST,6.4,27.4,1019.74,0,0,0,0,,
2022-03-26,22:00,12.6,4.4,58,ESE,11.3,24.1,1019.81,0,0,0,0,,
2022-03-26,22:15,12.3,4.4,59,SE,8,30.6,1020.01,0,0,0,0,,
2022-03-26,22:30,11.9,5,62,SE,12.9,19.3,1019.88,0,0,0,0,,
2022-03-26,22:45,11.7,5,64,ESE,6.4,19.3,1019.98,0,0,0,0,,
2022-03-26,23:00,11.6,5.6,66,ENE,9.7,24.1,1019.91,0,0,0,0,,
2022-03-26,23:15,11.7,5.6,67,ESE,19.3,32.2,1019.71,0,0,0,0,,
2022-03-26,23:30,11.5,5.6,68,EAST,14.5,27.4,1019.51,0,0,0,0,,
2022-03-26,23:45,11.2,5.6,70,ESE,12.9,20.9,1019.51,0,0,0,0,,
2022-03-26,OVR,,,,,,,,,,,,gustmax,38.6
2022-03-26,OVR,,,,,,,,,,,,rainrate_max,0
2022-03-26,OVR,,,,,,,,,,,,rain_total_mm,0
2022-03-26,OVR,,,,,,,,,,,,tmax,13.8
2022-03-26,OVR,,,,,,,,,,,,tmin,9.8
2022-03-26,OVR,,,,,,,,,,,,wind_dir_mean_deg,90
2022-03-27,00:00,11.4,6.1,70,EAST,17.7,30.6,1019.47,0,0,0,0,,
2022-03-27,00:15,11.3,6.1,72,EAST,12.9,25.7,1019.47,0,0,0,0,,
2022-03-27,00:30,11.3,6.7,73,EAST,14.5,27.4,1019.4,0,0,0,0,,
2022-03-27,00:45,11.3,6.7,75,EAST,12.9,29,1019.37,0,0,0,0,,
2022-03-27,01:00,11.3,6.7,75,EAST,17.7,30.6,1019.17,0,0,0,0,,
2022-03-27,01:15,11.3,6.7,74,ESE,11.3,35.4,1019.2,0,0,0,0,,
2022-03-27,01:30,11.2,6.1,73,ESE,14.5,25.7,1019.07,0,0,0,0,,
2022-03-27,01:45,11.2,6.1,72,ENE,24.1,30.6,1019.2,0,0,0,0,,
2022-03-27,03:00,11.2,6.1,72,EAST,22.5,25.7,1018.8,0,0,0,0,,
2022-03-27,03:15,11.2,6.1,72,EAST,22.5,35.4,1019.03,0,0,0,0,,
2022-03-27,03:30,11.1,6.1,72,EAST,11.3,24.1,1019.13,0,0,0,0,,
2022-03-27,03:45,11.1,6.1,72,ENE,20.9,25.7,1019.13,0,0,0,0,,
2022-03-27,04:00,11,6.1,72,ESE,9.7,24.1,1019.03,0,0,0,0,,
2022-03-27,04:15,11.2,6.1,72,ESE,8,25.7,1018.93,0,0,0,0,,
2022-03-27,04:30,11.1,6.1,73,ESE,11.3,25.7,1018.83,0,0,0,0,,
2022-03-27,04:45,10.9,6.1,74,EAST,8,22.5,1019.17,0,0,0,0,,
2022-03-27,05:00,10.9,6.7,74,ESE,14.5,22.5,1018.9,0,0,0,0,,
2022-03-27,05:15,10.9,6.7,75,ESE,14.5,24.1,1018.76,0,0,0,0,,
2022-03-27,05:30,11.2,6.7,75,SE,14.5,30.6,1018.76,0,0,0,0,,
2022-03-27,05:45,11.1,6.7,75,ESE,14.5,24.1,1018.83,0,0,0,0,,
2022-03-27,06:00,10.8,6.7,76,ESE,6.4,30.6,1018.86,0,0,0,0,,
2022-03-27,06:15,10.7,6.7,78,EAST,8,17.7,1019.1,0,0,0,0,,
2022-03-27,06:30,10.7,7.2,78,EAST,9.7,17.7,1019.13,0,0,0,0,,
2022-03-27,06:45,10.6,7.2,80,EAST,6.4,17.7,1019.17,0,0,0,0,,
2022-03-27,07:00,10.4,7.2,80,EAST,6.4,17.7,1019.27,0,0,0,0,,
2022-03-27,07:15,10.3,6.7,81,ENE,8,14.5,1019.4,0,0,0,0,,
2022-03-27,07:30,10.2,6.7,81,EAST,4.8,12.9,1019.68,0,0,0,12,,
2022-03-27,07:45,10.2,6.7,81,EAST,4.8,16.1,1019.71,0,0,0,21,,
2022-03-27,08:00,10.3,6.7,80,EAST,4.8,11.3,1020.01,0,0,0,33,,
2022-03-27,08:15,10.7,6.7,78,ENE,6.4,12.9,1019.98,0,0,0,65,,
2022-03-27,08:30,11.1,6.7,76,EAST,4.8,12.9,1019.98,0,0,0,97,,
2022-03-27,08:45,11.3,6.7,75,EAST,3.2,6.4,1020.22,0,0,0,121,,
2022-03-27,09:00,11.7,6.7,74,EAST,6.4,8,1020.35,0,0,0,174,,
2022-03-27,09:15,12.2,7.2,72,ESE,3.2,9.7,1020.49,0,0,0,207,,
2022-03-27,09:30,12.7,7.2,71,EAST,6.4,11.3,1020.73,0,0,1,211,,
2022-03-27,09:45,13.1,7.8,70,ESE,6.4,16.1,1020.73,0,0,1,329,,
2022-03-27,10:00,13.7,7.2,66,ENE,9.7,19.3,1020.79,0,0,1,348,,
2022-03-27,10:15,14,7.2,66,EAST,9.7,19.3,1020.86,0,0,1,373,,
2022-03-27,10:30,14.2,7.8,66,EAST,8,19.3,1020.86,0,0,1,383,,
2022-03-27,10:45,14.2,7.8,65,NE,4.8,22.5,1021.1,0,0,1,417,,
2022-03-27,11:00,14.1,7.8,65,EAST,16.1,19.3,1020.89,0,0,1,380,,
2022-03-27,11:15,14.3,7.8,65,ESE,6.4,20.9,1020.89,0,0,1,341,,
2022-03-27,11:30,14.4,7.8,65,ENE,8,17.7,1021,0,0,1,325,,
2022-03-27,11:45,14.7,7.8,65,EAST,11.3,19.3,1021.03,0,0,2,508,,
2022-03-27,12:00,15.1,8.3,64,EAST,12.9,19.3,1021.1,0,0,3,645,,
2022-03-27,12:15,15.4,7.8,62,ENE,12.9,20.9,1021.03,0,0,3,647,,
2022-03-27,12:30,16.2,7.8,58,EAST,9.7,22.5,1021.06,0,0,3,696,,
2022-03-27,12:45,16.4,8.3,60,EAST,6.4,19.3,1021.1,0,0,3,708,,
2022-03-27,13:00,16.4,8.3,60,ENE,9.7,24.1,1021.1,0,0,3,677,,
2022-03-27,13:15,16.2,8.3,61,EAST,6.4,24.1,1020.83,0,0,3,635,,
2022-03-27,13:30,16.7,8.3,59,EAST,12.9,25.7,1020.73,0,0,3,680,,
2022-03-27,13:45,16.7,8.3,58,ENE,8,22.5,1020.96,0,0,3,396,,
2022-03-27,14:00,16.3,8.3,60,ESE,6.4,19.3,1020.89,0,0,2,308,,
2022-03-27,14:15,16.3,8.3,59,ESE,4.8,17.7,1020.89,0,0,2,455,,
2022-03-27,14:30,16.2,8.9,64,ESE,11.3,17.7,1020.83,0,0,3,650,,
2022-03-27,14:45,15.9,9.4,65,SSE,6.4,14.5,1020.79,0,0,3,636,,
2022-03-27,15:00,16.3,9.4,64,SE,3.2,11.3,1020.73,0,0,2,359,,
2022-03-27,15:15,16.4,7.8,57,ENE,6.4,17.7,1020.69,0,0,2,348,,
2022-03-27,15:30,17,8.3,58,ESE,6.4,14.5,1020.73,0,0,2,582,,
2022-03-27,15:45,17.2,8.3,57,SE,6.4,19.3,1020.66,0,0,2,552,,
2022-03-27,16:00,17,8.3,57,NE,9.7,24.1,1020.32,0,0,2,541,,
2022-03-27,16:15,17.2,8.3,55,EAST,9.7,17.7,1020.45,0,0,2,522,,
2022-03-27,16:30,17.1,7.8,56,SE,11.3,22.5,1020.59,0,0,2,473,,
2022-03-27,16:45,16.9,7.8,55,ENE,4.8,19.3,1020.66,0,0,1,427,,
2022-03-27,17:00,16.7,7.8,56,ESE,9.7,19.3,1020.62,0,0,1,322,,
2022-03-27,17:15,16.7,8.3,57,ESE,4.8,17.7,1020.76,0,0,1,283,,
2022-03-27,17:30,16.7,8.3,58,ENE,8,16.1,1020.93,0,0,1,255,,
2022-03-27,17:45,16.7,8.3,59,EAST,4.8,19.3,1021,0,0,0,216,,
2022-03-27,18:00,16.3,8.3,60,ESE,14.5,17.7,1021.06,0,0,0,179,,
2022-03-27,18:15,16.1,8.3,60,ESE,6.4,14.5,1021.33,0,0,0,135,,
2022-03-27,18:30,15.8,7.8,60,SE,12.9,16.1,1021.37,0,0,0,81,,
2022-03-27,18:45,15.6,7.8,61,ESE,8,11.3,1021.64,0,0,0,65,,
2022-03-27,19:00,15.3,7.8,62,ESE,4.8,11.3,1021.74,0,0,0,58,,
2022-03-27,19:15,15.1,7.8,62,ESE,3.2,16.1,1021.91,0,0,0,37,,
2022-03-27,19:30,14.5,7.8,64,ESE,6.4,11.3,1021.98,0,0,0,11,,
2022-03-27,19:45,14.2,7.2,63,ESE,11.3,14.5,1022.05,0,0,0,0,,
2022-03-27,20:00,14.1,6.7,62,ESE,6.4,12.9,1022.05,0,0,0,0,,
2022-03-27,20:15,14.2,6.7,62,SE,8,14.5,1022.18,0,0,0,0,,
2022-03-27,20:30,14.1,7.2,63,SE,6.4,14.5,1022.25,0,0,0,0,,
2022-03-27,20:45,13.8,6.7,64,SE,11.3,14.5,1022.45,0,0,0,0,,
2022-03-27,21:00,13.7,6.7,64,ESE,4.8,11.3,1022.96,0,0,0,0,,
2022-03-27,21:15,13.3,6.7,66,NORTH,0,6.4,1023.16,0,0,0,0,,
2022-03-27,21:30,12.2,6.7,69,NORTH,0,3.2,1023.37,0,0,0,0,,
2022-03-27,21:45,11.4,6.1,71,NORTH,0,3.2,1023.43,0,0,0,0,,
2022-03-27,22:00,11.3,6.7,73,ESE,3.2,4.8,1023.67,0,0,0,0,,
2022-03-27,22:15,10.8,6.1,75,ESE,1.6,6.4,1023.77,0,0,0,0,,
2022-03-27,22:30,10.9,6.1,74,ESE,3.2,4.8,1023.81,0,0,0,0,,
2022-03-27,22:45,10.9,6.7,76,ESE,3.2,4.8,1023.91,0,0,0,0,,
2022-03-27,23:00,10.9,7.2,77,ESE,3.2,4.8,1023.77,0,0,0,0,,
2022-03-27,23:15,10.4,6.7,79,ESE,3.2,4.8,1023.71,0,0,0,0,,
2022-03-27,23:30,10.6,7.2,80,ESE,3.2,4.8,1023.81,0,0,0,0,,
2022-03-27,23:45,10.4,6.7,78,ESE,1.6,4.8,1023.98,0,0,0,0,,
2022-03-27,OVR,,,,,,,,,,,,gustmax,24.1
2022-03-27,OVR,,,,,,,,,,,,rainrate_max,0
2022-03-27,OVR,,,,,,,,,,,,rain_total_mm,0
2022-03-27,OVR,,,,,,,,,,,,tmax,17.3
2022-03-27,OVR,,,,,,,,,,,,tmin,10.1
2022-03-27,OVR,,,,,,,,,,,,wind_dir_mean_deg,90
2022-03-28,00:00,10.8,7.2,79,ESE,3.2,6.4,1023.98,0,0,0,0,,
2022-03-28,00:15,10.4,6.7,79,ESE,4.8,4.8,1024.08,0,0,0,0,,
2022-03-28,00:30,10.4,6.7,78,ESE,3.2,4.8,1023.71,0,0,0,0,,
2022-03-28,00:45,10.2,6.7,78,ESE,1.6,3.2,1023.94,0,0,0,0,,
2022-03-28,01:00,10.3,5.6,74,ESE,3.2,6.4,1024.01,0,0,0,0,,
2022-03-28,01:15,10,4.4,70,ESE,3.2,6.4,1024.01,0,0,0,0,,
2022-03-28,01:30,9.8,4.4,71,EAST,4.8,11.3,1024.11,0,0,0,0,,
2022-03-28,01:45,10.4,5.6,73,EAST,3.2,9.7,1024.08,0,0,0,0,,
2022-03-28,02:00,10.5,5.6,72,EAST,1.6,4.8,1024.11,0,0,0,0,,
2022-03-28,02:15,10.1,5.6,75,EAST,3.2,3.2,1024.25,0,0,0,0,,
2022-03-28,02:30,10.7,5.6,72,EAST,3.2,3.2,1024.08,0,0,0,0,,
2022-03-28,02:45,10.4,5.6,73,EAST,3.2,3.2,1024.08,0,0,0,0,,
2022-03-28,03:00,10.4,5.6,74,EAST,3.2,4.8,1023.84,0,0,0,0,,
2022-03-28,03:15,10.6,6.1,74,EAST,3.2,4.8,1024.01,0,0,0,0,,
2022-03-28,03:30,10.5,6.1,74,EAST,3.2,4.8,1024.01,0,0,0,0,,
2022-03-28,03:45,10.3,5.6,74,EAST,1.6,3.2,1023.74,0,0,0,0,,
2022-03-28,04:00,9.8,5.6,76,EAST,1.6,3.2,1023.67,0,0,0,0,,
2022-03-28,04:15,10,5.6,75,EAST,1.6,4.8,1023.4,0,0,0,0,,
2022-03-28,04:30,10.2,5.6,75,EAST,1.6,4.8,1023.43,0,0,0,0,,
2022-03-28,04:45,10.7,5,69,EAST,6.4,11.3,1023.4,0,0,0,0,,
2022-03-28,05:00,11.4,4.4,64,ESE,6.4,9.7,1023.23,0,0,0,0,,
2022-03-28,05:15,11.9,3.9,58,ESE,9.7,14.5,1023.3,0,0,0,0,,
2022-03-28,05:30,11.7,3.9,59,ENE,6.4,11.3,1023.4,0,0,0,0,,
2022-03-28,05:45,11.3,3.9,60,EAST,4.8,9.7,1023.4,0,0,0,0,,
2022-03-28,06:00,11.5,3.9,60,ESE,6.4,9.7,1023.3,0,0,0,0,,
2022-03-28,06:15,11.5,3.9,60,ESE,4.8,11.3,1023.37,0,0,0,0,,
2022-03-28,06:30,11.3,3.9,61,ESE,3.2,9.7,1023.33,0,0,0,0,,
2022-03-28,06:45,11.4,3.9,61,ESE,4.8,4.8,1023.5,0,0,0,0,,
2022-03-28,07:00,11.6,3.9,61,EAST,4.8,6.4,1023.74,0,0,0,0,,
2022-03-28,07:15,11.2,4.4,63,EAST,4.8,6.4,1023.87,0,0,0,0,,
2022-03-28,07:30,11.8,4.4,61,ESE,4.8,11.3,1023.84,0,0,0,9,,
2022-03-28,07:45,11.5,4.4,63,EAST,3.2,6.4,1023.84,0,0,0,21,,
2022-03-28,08:00,11.2,4.4,65,EAST,3.2,4.8,1023.94,0,0,0,39,,
2022-03-28,08:15,11.5,5,64,ESE,3.2,9.7,1024.04,0,0,0,63,,
2022-03-28,08:30,10.3,4.4,69,NORTH,0,4.8,1023.84,0,0,0,91,,
2022-03-28,08:45,10.7,5,69,ESE,3.2,4.8,1024.08,0,0,0,113,,
2022-03-28,09:00,10.4,5.6,72,ESE,1.6,9.7,1024.18,0,0,0,144,,
2022-03-28,09:15,11.1,6.1,72,ESE,1.6,4.8,1024.08,0,0,0,163,,
2022-03-28,09:30,12.3,6.7,69,ESE,1.6,6.4,1024.18,0,0,1,207,,
2022-03-28,09:45,12.1,6.1,68,ESE,3.2,6.4,1024.38,0,0,1,362,,
2022-03-28,10:00,13,6.7,67,NORTH,0,6.4,1024.52,0,0,1,404,,
2022-03-28,10:15,13.3,6.1,62,SOUTH,1.6,6.4,1024.52,0,0,2,452,,
2022-03-28,10:30,13.8,6.7,63,SOUTH,3.2,6.4,1024.82,0,0,2,501,,
2022-03-28,10:45,14.3,7.8,64,WSW,1.6,12.9,1024.99,0,0,2,541,,
2022-03-28,11:00,14.7,7.8,64,SSW,1.6,8,1025.2,0,0,3,587,,
2022-03-28,11:15,15.1,7.2,61,SSW,3.2,6.4,1025.16,0,0,3,624,,
2022-03-28,11:30,15.1,7.2,61,WSW,4.8,8,1025.06,0,0,3,661,,
2022-03-28,11:45,15.3,7.2,60,WSW,3.2,6.4,1024.92,0,0,4,691,,
2022-03-28,12:00,15.9,7.8,59,SOUTH,1.6,8,1024.79,0,0,4,710,,
2022-03-28,12:15,16.1,8.3,60,WEST,11.3,22.5,1024.79,0,0,4,735,,
2022-03-28,12:30,16.2,8.3,61,WNW,1.6,16.1,1024.76,0,0,4,754,,
2022-03-28,12:45,16.4,8.3,59,SW,1.6,17.7,1024.55,0,0,5,770,,
2022-03-28,13:00,16.4,7.8,57,WEST,3.2,12.9,1024.42,0,0,5,784,,
2022-03-28,13:15,17.1,7.2,53,WEST,1.6,14.5,1024.15,0,0,5,800,,
2022-03-28,13:30,17.6,7.8,53,NORTH,0,14.5,1024.04,0,0,5,805,,
2022-03-28,13:45,17.3,7.2,51,WSW,1.6,24.1,1024.21,0,0,5,802,,
2022-03-28,14:00,17.4,6.7,50,WNW,16.1,22.5,1024.25,0,0,5,788,,
2022-03-28,14:15,17.9,7.2,51,WNW,1.6,17.7,1023.94,0,0,5,779,,
2022-03-28,14:30,18.2,8.9,55,EAST,24.1,22.5,1023.74,0,0,5,779,,
2022-03-28,14:45,17.2,10,64,WNW,12.9,35.4,1023.6,0,0,4,747,,
2022-03-28,15:00,17.1,10,63,WEST,24.1,33.8,1023.43,0,0,4,719,,
2022-03-28,15:15,16.8,9.4,63,WEST,17.7,37,1022.99,0,0,4,689,,
2022-03-28,15:30,16.8,10,65,WEST,19.3,32.2,1022.99,0,0,4,659,,
2022-03-28,15:45,16.7,10,66,NW,20.9,29,1022.62,0,0,3,629,,
2022-03-28,16:00,16.6,9.4,64,WEST,24.1,30.6,1022.72,0,0,3,584,,
2022-03-28,16:15,16.7,8.9,61,WEST,24.1,32.2,1022.45,0,0,3,554,,
2022-03-28,16:30,16.7,8.9,60,WNW,27.4,30.6,1022.11,0,0,2,513,,
2022-03-28,16:45,16.8,7.8,56,WEST,19.3,29,1022.08,0,0,2,469,,
2022-03-28,17:00,16.8,8.9,59,WEST,14.5,24.1,1021.74,0,0,2,394,,
2022-03-28,17:15,16.7,8.9,61,WEST,16.1,27.4,1021.64,0,0,1,330,,
2022-03-28,17:30,16.4,8.9,62,WEST,19.3,32.2,1021.74,0,0,1,192,,
2022-03-28,17:45,16.2,8.9,63,WNW,11.3,25.7,1021.5,0,0,1,186,,
2022-03-28,18:00,15.9,8.9,64,WEST,12.9,20.9,1021.47,0,0,1,125,,
2022-03-28,18:15,15.4,8.9,65,WEST,17.7,22.5,1021.57,0,0,0,114,,
2022-03-28,18:30,15,7.8,64,WEST,4.8,22.5,1021.47,0,0,0,81,,
2022-03-28,18:45,14.6,7.8,65,WNW,4.8,17.7,1021.44,0,0,0,70,,
2022-03-28,19:00,14.3,7.8,66,WEST,1.6,14.5,1021.57,0,0,0,54,,
2022-03-28,19:15,14.1,7.2,65,WNW,1.6,14.5,1021.67,0,0,0,26,,
2022-03-28,19:30,13.7,7.2,67,NORTH,0,11.3,1021.57,0,0,0,9,,
2022-03-28,19:45,12.9,7.2,68,WSW,1.6,3.2,1021.64,0,0,0,0,,
2022-03-28,20:00,12.5,6.7,69,WSW,1.6,3.2,1021.27,0,0,0,0,,
2022-03-28,20:15,11.8,6.7,71,SE,4.8,8,1021.13,0,0,0,0,,
2022-03-28,20:30,11.7,6.7,72,SE,6.4,12.9,1021.1,0,0,0,0,,
2022-03-28,20:45,12.2,7.2,71,SE,8,11.3,1021.61,0,0,0,0,,
2022-03-28,21:00,12.1,7.2,73,SSE,6.4,14.5,1021.78,0,0,0,0,,
2022-03-28,21:15,11.9,7.2,74,SE,8,14.5,1022.05,0,0,0,0,,
2022-03-28,21:30,11.8,7.2,75,SE,6.4,14.5,1022.45,0,0,0,0,,
2022-03-28,21:45,11.8,7.8,77,ESE,12.9,14.5,1022.32,0,0,0,0,,
2022-03-28,22:00,11.9,7.8,77,SE,14.5,20.9,1022.22,0,0,0,0,,
2022-03-28,22:15,11.8,7.8,77,SE,8,19.3,1022.08,0,0,0,0,,
2022-03-28,22:30,12.1,7.2,72,ESE,16.1,17.7,1021.98,0,0,0,0,,
2022-03-28,22:45,12.2,7.2,71,SE,12.9,19.3,1021.81,0,0,0,0,,
2022-03-28,23:00,11.9,7.2,73,ESE,11.3,19.3,1021.84,0,0,0,0,,
2022-03-28,23:15,11.7,7.2,76,SE,11.3,17.7,1021.74,0,0,0,0,,
2022-03-28,23:30,11.8,7.8,77,SE,12.9,22.5,1021.67,0,0,0,0,,
2022-03-28,23:45,11.6,7.8,79,ESE,14.5,22.5,1021.47,0,0,0,0,,
2022-03-28,OVR,,,,,,,,,,,,gustmax,27.4
2022-03-28,OVR,,,,,,,,,,,,rainrate_max,0
2022-03-28,OVR,,,,,,,,,,,,rain_total_mm,0
2022-03-28,OVR,,,,,,,,,,,,tmax,18.2
2022-03-28,OVR,,,,,,,,,,,,tmin,9.7
2022-03-28,OVR,,,,,,,,,,,,wind_dir_mean_deg,112.5
2022-03-29,00:00,11.5,7.8,80,SSE,17.7,22.5,1021.67,0,0,0,0,,
2022-03-29,00:15,11.4,7.8,81,ESE,12.9,20.9,1021.47,0,0,0,0,,
2022-03-29,00:30,11.3,8.3,83,ESE,14.5,24.1,1021.37,0,0,0,0,,
2022-03-29,00:45,11.1,8.3,84,ESE,14.5,20.9,1021.06,0,0,0,0,,
2022-03-29,01:00,11.1,8.3,84,SE,12.9,20.9,1020.83,0,0,0,0,,
2022-03-29,01:15,10.9,8.3,85,SE,6.4,16.1,1020.62,0,0,0,0,,
2022-03-29,01:30,10.7,8.3,86,ESE,9.7,14.5,1020.42,0,0,0,0,,
2022-03-29,01:45,10.8,8.3,87,ESE,16.1,20.9,1020.39,0,0,0,0,,
2022-03-29,02:00,10.8,8.3,87,ESE,6.4,17.7,1020.29,0,0,0,0,,
2022-03-29,02:15,10.7,8.3,87,ESE,6.4,12.9,1020.22,0,0,0,0,,
2022-03-29,02:30,10.7,8.3,87,ESE,4.8,12.9,1020.01,0,0,0,0,,
2022-03-29,02:45,10.7,8.3,87,ESE,11.3,12.9,1019.51,0,0,0,0,,
2022-03-29,03:00,10.6,8.3,87,ESE,6.4,11.3,1019.44,0,0,0,0,,
2022-03-29,03:15,10.4,8.3,89,ESE,1.6,8,1019.2,0,0,0,0,,
2022-03-29,03:30,10.4,8.3,89,SE,11.3,11.3,1018.93,0,0,0,0,,
2022-03-29,03:45,10.6,8.9,89,SE,8,14.5,1018.66,0,0,0,0,,
2022-03-29,04:00,10.6,8.9,89,ESE,11.3,14.5,1018.42,0,0,0,0,,
2022-03-29,04:15,10.2,7.8,88,SE,3.2,11.3,1018.15,0,0,0,0,,
2022-03-29,04:30,10.3,7.2,81,ESE,6.4,12.9,1017.68,0,0,0,0,,
2022-03-29,04:45,10.7,6.7,78,SE,11.3,14.5,1017.64,0,0,0,0,,
2022-03-29,05:00,10.5,5.6,73,ESE,6.4,14.5,1017.58,0,0,0,0,,
2022-03-29,05:15,10.3,5.6,73,ESE,4.8,11.3,1017.75,0,0,0,0,,
2022-03-29,05:30,10.4,5.6,73,ESE,4.8,12.9,1017.2,0,0,0,0,,
2022-03-29,05:45,10.1,5.6,76,ESE,9.7,12.9,1017.2,0,0,0,0,,
2022-03-29,06:00,10,5.6,76,ESE,4.8,12.9,1017.14,0,0,0,0,,
2022-03-29,06:15,9.9,5.6,76,ESE,4.8,12.9,1017.14,0,0,0,0,,
2022-03-29,06:30,10.8,6.1,73,SE,8,14.5,1016.97,0,0,0,0,,
2022-03-29,06:45,10.2,5.6,75,ESE,9.7,11.3,1016.66,0,0,0,0,,
2022-03-29,07:00,9.1,4.4,75,EAST,6.4,12.9,1016.59,0,0,0,0,,
2022-03-29,07:15,9.3,5,76,SE,6.4,11.3,1016.7,0,0,0,0,,
2022-03-29,07:30,10,5.6,76,ESE,11.3,14.5,1016.63,0,0,0,18,,
2022-03-29,07:45,10.2,5.6,74,ESE,9.7,12.9,1016.53,0,0,0,49,,
2022-03-29,08:00,10.6,6.1,75,ESE,6.4,12.9,1016.39,0,0,0,58,,
2022-03-29,08:15,10.5,6.1,75,ESE,4.8,11.3,1016.32,0,0,0,72,,
2022-03-29,08:30,10.6,6.1,75,ESE,4.8,14.5,1016.53,0,0,0,79,,
2022-03-29,08:45,10.8,6.1,75,SE,4.8,14.5,1016.53,0,0,0,100,,
2022-03-29,09:00,10.9,6.7,75,ESE,12.9,19.3,1016.66,0,0,0,127,,
2022-03-29,09:15,11.4,7.2,77,EAST,11.3,14.5,1016.49,0,0,1,225,,
2022-03-29,09:30,11.9,7.8,78,SE,8,16.1,1016.42,0,0,1,304,,
2022-03-29,09:45,12.2,8.3,77,EAST,9.7,17.7,1016.63,0,0,1,429,,
2022-03-29,10:00,12.3,7.2,72,ESE,12.9,19.3,1016.53,0,0,2,485,,
2022-03-29,10:15,12.9,6.7,67,EAST,11.3,19.3,1016.9,0,0,2,536,,
2022-03-29,10:30,13.4,6.7,63,ESE,6.4,19.3,1016.86,0,0,2,584,,
2022-03-29,10:45,13.5,7.2,66,ESE,16.1,17.7,1017.03,0,0,2,613,,
2022-03-29,11:00,13.9,7.2,64,ESE,11.3,20.9,1016.63,0,0,3,682,,
2022-03-29,11:15,14.5,7.8,65,ESE,4.8,16.1,1016.46,0,0,3,696,,
2022-03-29,11:30,14.6,6.7,59,ESE,14.5,19.3,1016.29,0,0,3,531,,
2022-03-29,11:45,14.8,6.7,59,SE,16.1,22.5,1015.92,0,0,3,471,,
2022-03-29,12:00,14.9,6.7,58,SSE,16.1,24.1,1015.61,0,0,3,497,,
2022-03-29,12:15,15.4,7.2,58,ESE,11.3,17.7,1015.34,0,0,3,441,,
2022-03-29,12:30,15.6,6.7,57,ESE,14.5,22.5,1015.31,0,0,3,468,,
2022-03-29,12:45,15.9,7.2,56,SE,9.7,20.9,1015.1,0,0,3,464,,
2022-03-29,13:00,15.7,7.2,58,EAST,9.7,25.7,1014.66,0,0,3,492,,
2022-03-29,13:15,15.3,7.8,61,SSE,14.5,24.1,1014.29,0,0,3,455,,
2022-03-29,13:30,16.2,8.9,62,SE,11.3,20.9,1014.16,0,0,4,652,,
2022-03-29,13:45,15.9,9.4,67,SE,11.3,20.9,1013.85,0,0,4,809,,
2022-03-29,14:00,16,9.4,67,ESE,12.9,25.7,1013.68,0,0,3,656,,
2022-03-29,14:15,15.4,10,70,SE,8,25.7,1013.68,0,0,3,636,,
2022-03-29,14:30,16.2,10.6,69,ESE,20.9,30.6,1013.58,0,0,4,754,,
2022-03-29,14:45,16.2,10,68,SE,17.7,32.2,1013.44,0,0,4,719,,
2022-03-29,15:00,15.9,10,69,ESE,16.1,30.6,1013.17,0,0,3,631,,
2022-03-29,15:15,16.4,10,66,SE,19.3,27.4,1013.28,0,0,3,680,,
2022-03-29,15:30,16.2,10.6,71,SE,8,29,1012.8,0,0,3,561,,
2022-03-29,15:45,15.9,9.4,67,SE,8,27.4,1012.63,0,0,3,494,,
2022-03-29,16:00,15.7,10,69,SSE,14.5,29,1012.6,0,0,2,492,,
2022-03-29,16:15,15.3,10,72,SSE,17.7,24.1,1012.16,0,0,2,413,,
2022-03-29,16:30,14.9,10,75,ESE,14.5,29,1011.92,0,0,1,220,,
2022-03-29,16:45,14.3,10,75,ESE,17.7,29,1011.65,0,0,1,174,,
2022-03-29,17:00,14,10,76,ESE,17.7,30.6,1011.38,0,0,0,118,,
2022-03-29,17:15,13.8,9.4,77,ESE,20.9,33.8,1010.9,0,0,1,158,,
2022-03-29,17:30,13.8,10,77,ESE,24.1,35.4,1010.63,0,0,0,137,,
2022-03-29,17:45,13.4,9.4,77,SE,20.9,29,1010.67,0,0,0,113,,
2022-03-29,18:00,13.3,9.4,77,SE,14.5,30.6,1010.36,0,0,0,111,,
2022-03-29,18:15,13.3,9.4,78,ESE,22.5,30.6,1010.46,0,0,0,97,,
2022-03-29,18:30,13.2,9.4,79,ESE,22.5,29,1010.53,0,0,0,69,,
2022-03-29,18:45,12.9,9.4,79,ESE,20.9,35.4,1010.4,0,0,0,49,,
2022-03-29,19:00,12.8,9.4,81,SE,12.9,29,1010.33,0,0,0,30,,
2022-03-29,19:15,12.7,9.4,81,SE,20.9,32.2,1010.06,0,0,0,18,,
2022-03-29,19:30,12.6,9.4,81,ESE,19.3,29,1010.02,0,0,0,0,,
2022-03-29,19:45,12.6,9.4,81,ESE,25.7,22.5,1010.33,0,0,0,0,,
2022-03-29,20:00,12.6,8.9,80,SE,16.1,24.1,1010.16,0,0,0,0,,
2022-03-29,20:15,12.5,8.9,81,ESE,6.4,20.9,1010.36,0,0,0,0,,
2022-03-29,20:30,12.6,8.9,79,ENE,12.9,20.9,1010.06,0,0,0,0,,
2022-03-29,20:45,12.3,8.9,81,SE,12.9,24.1,1010.19,0,0,0,0,,
2022-03-29,21:00,12.1,8.9,82,ESE,16.1,20.9,1010.02,0,0,0,0,,
2022-03-29,21:15,11.9,8.9,82,ESE,9.7,22.5,1010.33,0,0,0,0,,
2022-03-29,21:30,11.8,8.9,82,ESE,4.8,20.9,1010.33,0,0,0,0,,
2022-03-29,21:45,11.9,8.9,82,ESE,11.3,24.1,1009.99,0,0,0,0,,
2022-03-29,22:00,11.8,8.9,82,EAST,6.4,22.5,1009.75,0,0,0,0,,
2022-03-29,22:15,11.9,8.9,83,ESE,20.9,24.1,1009.35,0,0,0,0,,
2022-03-29,22:30,11.8,8.9,84,ENE,19.3,25.7,1008.97,0,0,0,0,,
2022-03-29,22:45,11.8,8.9,84,ENE,8,19.3,1009.28,0,0,0,0,,
2022-03-29,23:00,11.9,9.4,85,ENE,19.3,27.4,1008.84,0,0,0,0,,
2022-03-29,23:15,11.9,9.4,86,ENE,20.9,25.7,1008.77,0,0,0,0,,
2022-03-29,23:30,11.8,9.4,87,EAST,19.3,27.4,1008.53,0,0,0,0,,
2022-03-29,23:45,11.8,9.4,88,EAST,17.7,29,1008.13,0,0,0,0,,
2022-03-29,OVR,,,,,,,,,,,,gustmax,25.7
2022-03-29,OVR,,,,,,,,,,,,rainrate_max,0
2022-03-29,OVR,,,,,,,,,,,,rain_total_mm,0
2022-03-29,OVR,,,,,,,,,,,,tmax,16.6
2022-03-29,OVR,,,,,,,,,,,,tmin,8.9
2022-03-29,OVR,,,,,,,,,,,,wind_dir_mean_deg,112.5
2022-03-30,00:00,11.9,10,88,EAST,9.7,24.1,1008.33,0,0,0,0,,
2022-03-30,00:15,11.9,10,89,EAST,11.3,22.5,1008.64,0,0,0,0,,
2022-03-30,00:30,12,10,89,NE,19.3,20.9,1008.06,0,0,0,0,,
2022-03-30,00:45,11.9,10,89,ENE,9.7,27.4,1007.76,0,0,0,0,,
2022-03-30,01:00,11.9,10,90,EAST,12.9,29,1008.13,0,0,0,0,,
2022-03-30,01:15,11.9,10,90,ENE,12.9,24.1,1007.69,0,0,0,0,,
2022-03-30,01:30,11.8,10,91,EAST,11.3,24.1,1007.21,0,0,0,0,,
2022-03-30,01:45,11.9,10.6,91,ENE,16.1,20.9,1006.87,0,0,0,0,,
2022-03-30,02:00,11.9,10.6,91,ENE,8,27.4,1006.67,0,0,0,0,,
2022-03-30,02:15,11.9,10.6,92,EAST,11.3,20.9,1006.57,0,0,0,0,,
2022-03-30,02:30,12.1,10.6,91,EAST,12.9,24.1,1006.3,0,0,0,0,,
2022-03-30,02:45,12.1,10.6,91,EAST,12.9,22.5,1005.72,0,0,0,0,,
2022-03-30,03:00,12.2,10.6,91,ESE,12.9,22.5,1005.45,0,0,0,0,,
2022-03-30,03:15,12.3,10.6,91,EAST,8,20.9,1005.52,0,0,0,0,,
2022-03-30,03:30,12.3,10.6,91,EAST,11.3,16.1,1005.45,0,0,0,0,,
2022-03-30,03:45,12.3,10.6,91,ESE,11.3,20.9,1005.05,0,0,0,0,,
2022-03-30,04:00,12.3,10.6,91,ESE,17.7,25.7,1004.61,0,0,0,0,,
2022-03-30,04:15,12.3,10.6,91,EAST,12.9,22.5,1004.64,0,0,0,0,,
2022-03-30,04:30,12.4,11.1,91,ESE,11.3,19.3,1004.64,0,0,0,0,,
2022-03-30,04:45,12.4,11.1,91,ESE,12.9,24.1,1004.13,0,0,0,0,,
2022-03-30,05:00,12.5,11.1,91,ENE,22.5,27.4,1003.76,0,0,0,0,,
2022-03-30,05:15,12.6,11.1,91,ESE,19.3,30.6,1003.86,0,0,0,0,,
2022-03-30,05:30,12.4,11.1,91,SE,16.1,29,1003.56,0,0,0,0,,
2022-03-30,05:45,12.4,11.1,91,ESE,19.3,25.7,1003.52,0,0,0,0,,
2022-03-30,06:00,12.6,11.1,91,SE,17.7,24.1,1003.39,0,0,0,0,,
2022-03-30,06:15,12.8,11.1,90,ESE,12.9,25.7,1003.25,0,0,0,0,,
2022-03-30,06:30,12.9,11.1,90,ESE,9.7,20.9,1003.39,0,0,0,0,,
2022-03-30,06:45,12.8,11.1,90,SE,4.8,20.9,1003.29,0,0,0,0,,
2022-03-30,07:00,12.8,11.1,90,EAST,6.4,14.5,1003.12,0,0,0,0,,
2022-03-30,07:45,12.8,11.1,90,NORTH,0,4.8,1002.98,0,0,0,16,,
2022-03-30,08:00,13.3,11.1,88,SE,6.4,11.3,1003.25,0,0,0,18,,
2022-03-30,08:15,13.6,11.1,86,SE,6.4,17.7,1003.42,0,0,0,28,,
2022-03-30,08:30,13.1,11.1,89,ESE,14.5,19.3,1003.35,0,0,0,51,,
2022-03-30,08:45,13.1,11.1,90,ESE,16.1,17.7,1003.22,0,0,0,18,,
2022-03-30,09:00,13.2,11.7,90,SE,14.5,20.9,1003.15,0,0,0,32,,
2022-03-30,09:30,14.1,11.7,88,SE,12.9,24.1,1002.78,0,0,1,311,,
2022-03-30,09:45,14.7,11.7,85,SE,11.3,24.1,1002.64,0,0,1,220,,
2022-03-30,10:00,14.9,12.2,84,SE,11.3,20.9,1002.74,0,0,1,188,,
2022-03-30,10:15,14.9,12.2,84,ESE,6.4,19.3,1002.44,0,0,1,250,,
2022-03-30,10:30,15.6,12.2,81,SE,11.3,19.3,1002.27,0,0,1,332,,
2022-03-30,10:45,15.8,12.2,81,SE,4.8,17.7,1002.4,0,0,1,246,,
2022-03-30,11:00,15.6,12.2,82,ESE,4.8,16.1,1002.4,0,0,1,216,,
2022-03-30,11:15,15.4,12.2,83,SE,6.4,19.3,1002.61,0,0,2,478,,
2022-03-30,11:30,15.8,12.8,82,SE,6.4,19.3,1002.4,0,0,2,571,,
2022-03-30,11:45,16.1,12.8,80,SE,4.8,14.5,1002.4,0,0,2,380,,
2022-03-30,12:00,15.8,12.2,81,ESE,12.9,14.5,1002.51,0,0,1,304,,
2022-03-30,12:15,15.9,12.2,81,ESE,8,16.1,1002.27,0,0,2,359,,
2022-03-30,12:30,16.4,12.8,80,SOUTH,1.6,14.5,1002.27,0,0,2,668,,
2022-03-30,12:45,16.4,12.8,81,SSE,8,16.1,1002.51,0,0,2,492,,
2022-03-30,13:00,15.9,12.8,83,SE,8,14.5,1002.47,0,0,2,454,,
2022-03-30,13:15,16.3,13.3,85,SSE,11.3,16.1,1002.57,0,0,2,454,,
2022-03-30,13:30,16.6,13.3,83,SE,11.3,16.1,1002.13,0,0,3,647,,
2022-03-30,13:45,16.8,13.3,80,SE,6.4,14.5,1002.1,0,0,2,325,,
2022-03-30,14:00,17.3,13.3,77,EAST,9.7,14.5,1001.66,0,0,3,432,,
2022-03-30,14:15,17.8,13.3,76,SE,4.8,11.3,1001.08,0,0,2,397,,
2022-03-30,14:30,17.8,12.8,74,SSE,8,14.5,1001.12,0,0,1,239,,
2022-03-30,14:45,17.9,13.3,74,SE,8,11.3,1000.75,0,0,1,269,,
2022-03-30,15:00,18.1,13.3,74,SSE,4.8,11.3,1000.54,0,0,1,313,,
2022-03-30,15:15,18,13.3,74,NORTH,0,11.3,1000.37,0,0,1,223,,
2022-03-30,15:30,17.8,13.3,75,SSE,8,11.3,1000.17,0,0,1,209,,
2022-03-30,15:45,17.7,13.3,75,SSE,1.6,11.3,1000.14,0,0,1,128,,
2022-03-30,16:00,17.8,12.2,70,SSE,8,8,999.87,0,0,0,116,,
2022-03-30,16:15,17.8,11.7,69,NORTH,0,3.2,999.66,0,0,0,132,,
2022-03-30,16:30,17.6,11.7,68,NORTH,0,3.2,999.53,0,0,0,47,,
2022-03-30,16:45,17.3,12.2,71,SSW,3.2,4.8,999.15,0,0,0,114,,
2022-03-30,17:00,16.9,12.8,79,SE,4.8,6.4,999.09,0,0,1,313,,
2022-03-30,17:15,16.7,12.8,80,SE,6.4,11.3,998.92,0,0,1,199,,
2022-03-30,17:30,16.6,12.8,79,NW,1.6,8,998.85,0,0,0,97,,
2022-03-30,17:45,16,11.7,77,WNW,8,16.1,998.51,0,0,0,135,,
2022-03-30,18:00,15.5,11.7,79,WNW,12.9,17.7,998.31,0,0,0,123,,
2022-03-30,18:15,15.3,11.7,79,WNW,8,17.7,998.17,0,0,0,95,,
2022-03-30,18:30,14.8,11.1,79,WNW,11.3,25.7,998.38,0,0,0,83,,
2022-03-30,18:45,14.7,10.6,78,WNW,11.3,22.5,998.51,0,0,0,62,,
2022-03-30,19:00,14.3,10.6,80,WNW,9.7,22.5,998.31,0,0,0,58,,
2022-03-30,19:15,14.1,10.6,81,WNW,1.6,17.7,998.44,0,0,0,39,,
2022-03-30,19:30,13.8,10.6,81,WSW,8,17.7,998.48,0,0,0,23,,
2022-03-30,19:45,13.6,10.6,82,WNW,3.2,14.5,998.78,0,0,0,7,,
2022-03-30,20:00,13.3,10,83,WEST,9.7,14.5,998.65,0,0,0,0,,
2022-03-30,20:15,13.1,10,84,WEST,6.4,16.1,998.68,0,0,0,0,,
2022-03-30,20:30,13.1,10,84,WEST,1.6,20.9,998.61,0,0,0,0,,
2022-03-30,20:45,13.2,10.6,84,SSE,3.2,17.7,998.85,0,0,0,0,,
2022-03-30,21:00,13.3,10.6,84,WNW,6.4,19.3,998.88,0,0,0,0,,
2022-03-30,21:15,13.4,10.6,84,SOUTH,1.6,11.3,999.12,0,0,0,0,,
2022-03-30,21:30,13.3,10.6,84,NORTH,0,16.1,999.36,0,0,0,0,,
2022-03-30,21:45,13.3,10.6,85,WEST,6.4,16.1,999.12,0,0,0,0,,
2022-03-30,22:00,13.2,10.6,85,NORTH,0,9.7,998.82,0,0,0,0,,
2022-03-30,22:15,12.7,10,86,SE,4.8,12.9,998.78,0,0,0,0,,
2022-03-30,22:30,13,10.6,86,SSE,4.8,19.3,998.78,0,0,0,0,,
2022-03-30,22:45,12.9,10.6,85,SSE,4.8,14.5,998.75,0,0,0,0,,
2022-03-30,23:00,12.9,10.6,85,SSW,3.2,9.7,998.54,0,0,0,0,,
2022-03-30,23:15,12.8,10,85,SOUTH,3.2,8,998.38,0,0,0,0,,
2022-03-30,23:30,12.8,10.6,86,SOUTH,1.6,8,998.24,0,0,0,0,,
2022-03-30,23:45,12.7,10.6,87,NORTH,0,11.3,998.14,0,0,0,0,,
2022-03-30,OVR,,,,,,,,,,,,gustmax,22.5
2022-03-30,OVR,,,,,,,,,,,,rainrate_max,0
2022-03-30,OVR,,,,,,,,,,,,rain_total_mm,0
2022-03-30,OVR,,,,,,,,,,,,tmax,18.2
2022-03-30,OVR,,,,,,,,,,,,tmin,11.8
2022-03-30,OVR,,,,,,,,,,,,wind_dir_mean_deg,112.5
2022-03-31,OVR,,,,,,,,,,,,gustmax,54.7
2022-03-31,OVR,,,,,,,,,,,,rainrate_max,4.2
2022-03-31,OVR,,,,,,,,,,,,rain_total_mm,2.2
2022-03-31,OVR,,,,,,,,,,,,tmax,14.2
2022-03-31,OVR,,,,,,,,,,,,tmin,9.9
2022-03-31,OVR,,,,,,,,,,,,wind_dir_mean_deg,292.5
