date,time,temp_c,dewpoint_c,rh_pct,wind_dir_txt,wind_kmh,gust_kmh,press_hpa,rain_acc_mm,rain_rate_mmph,uv,solar_wm2,key,value
2022-11-01,00:00,15.3,12.8,85,ESE,9.7,14.5,1023.98,0,0,0,0,,
2022-11-01,00:15,15,12.2,85,ESE,9.7,12.9,1023.91,0,0,0,0,,
2022-11-01,00:30,15.1,12.2,85,ESE,9.7,14.5,1023.77,0,0,0,0,,
2022-11-01,00:45,15,12.2,84,EAST,6.4,11.3,1023.91,0,0,0,0,,
2022-11-01,01:00,14.4,12.2,86,ESE,6.4,9.7,1023.91,0,0,0,0,,
2022-11-01,01:15,14.3,12.2,88,ESE,6.4,16.1,1023.54,0,0,0,0,,
2022-11-01,01:30,14.6,12.2,87,ESE,11.3,12.9,1023.67,0,0,0,0,,
2022-11-01,01:45,14.6,12.2,85,ESE,9.7,12.9,1023.6,0,0,0,0,,
2022-11-01,02:00,14.8,12.2,84,EAST,6.4,12.9,1023.71,0,0,0,0,,
2022-11-01,02:15,15.1,12.2,83,ESE,11.3,17.7,1023.33,0,0,0,0,,
2022-11-01,02:30,15.3,12.2,82,EAST,4.8,11.3,1023.6,0,0,0,0,,
2022-11-01,02:45,15.3,11.7,81,ESE,9.7,12.9,1023.47,0,0,0,0,,
2022-11-01,03:00,15.3,11.7,80,ESE,6.4,14.5,1023.37,0,0,0,0,,
2022-11-01,03:15,15.4,11.7,80,ESE,8,11.3,1023.27,0,0,0,0,,
2022-11-01,03:30,15,11.7,83,ESE,9.7,11.3,1023.23,0,0,0,0,,
2022-11-01,03:45,14.9,12.2,84,EAST,4.8,11.3,1023.3,0,0,0,0,,
2022-11-01,04:00,14.9,12.2,84,EAST,9.7,14.5,1023.33,0,0,0,0,,
2022-11-01,04:15,15.1,12.2,85,ESE,16.1,14.5,1023.06,0,0,0,0,,
2022-11-01,04:30,15.1,12.2,85,ESE,9.7,12.9,1023.13,0,0,0,0,,
2022-11-01,04:45,14.9,12.2,85,ESE,4.8,12.9,1023.2,0,0,0,0,,
2022-11-01,05:00,15.1,12.2,85,ESE,9.7,12.9,1023.16,0,0,0,0,,
2022-11-01,05:15,15.1,12.2,85,ESE,12.9,14.5,1023.2,0,0,0,0,,
2022-11-01,05:30,15.2,12.2,84,ESE,9.7,16.1,1023.2,0,0,0,0,,
2022-11-01,05:45,15.1,12.2,84,ESE,11.3,12.9,1023.43,0,0,0,0,,
2022-11-01,06:00,14.9,12.2,84,ESE,6.4,12.9,1023.43,0,0,0,0,,
2022-11-01,06:15,15,12.2,83,ESE,6.4,16.1,1023.33,0,0,0,0,,
2022-11-01,06:30,14.4,11.7,85,ESE,11.3,12.9,1023.57,0,0,0,0,,
2022-11-01,06:45,14.2,11.7,85,ESE,8,11.3,1023.71,0,0,0,0,,
2022-11-01,07:00,13.6,11.1,87,ESE,8,11.3,1023.5,0,0,0,9,,
2022-11-01,07:15,13.8,11.7,88,ESE,6.4,11.3,1023.57,0,0,0,19,,
2022-11-01,07:30,13.8,11.7,88,ESE,6.4,9.7,1023.94,0,0,0,30,,
2022-11-01,07:45,14.4,12.2,87,ESE,9.7,11.3,1024.18,0,0,0,104,,
2022-11-01,08:00,14.7,12.2,86,ESE,6.4,9.7,1024.35,0,0,0,151,,
2022-11-01,08:15,15.6,12.8,85,EAST,4.8,11.3,1024.62,0,0,0,197,,
2022-11-01,08:30,15.9,12.8,84,EAST,4.8,6.4,1024.82,0,0,0,248,,
2022-11-01,08:45,16.5,13.3,82,EAST,3.2,9.7,1024.76,0,0,1,290,,
2022-11-01,09:00,17,13.3,81,EAST,4.8,8,1024.79,0,0,1,323,,
2022-11-01,09:15,17.3,13.9,80,ENE,4.8,11.3,1024.89,0,0,1,367,,
2022-11-01,09:30,17.5,13.3,79,EAST,1.6,12.9,1024.99,0,0,1,199,,
2022-11-01,09:45,18.2,14.4,78,ESE,3.2,11.3,1024.96,0,0,1,439,,
2022-11-01,10:00,18.6,14.4,77,EAST,4.8,12.9,1025.06,0,0,2,469,,
2022-11-01,10:15,18.6,14.4,78,ESE,12.9,22.5,1024.89,0,0,2,501,,
2022-11-01,10:30,19.1,14.4,76,SE,9.7,17.7,1024.99,0,0,2,527,,
2022-11-01,10:45,19.1,14.4,75,ESE,6.4,19.3,1024.79,0,0,2,445,,
2022-11-01,11:00,19.4,14.4,75,ESE,8,20.9,1024.52,0,0,2,432,,
2022-11-01,11:15,19.8,14.4,73,SE,11.3,22.5,1024.35,0,0,2,461,,
2022-11-01,11:30,20.2,14.4,71,EAST,11.3,19.3,1024.04,0,0,2,496,,
2022-11-01,11:45,20.7,15,70,ESE,12.9,17.7,1024.25,0,0,3,538,,
2022-11-01,12:00,20.8,15,69,ESE,11.3,16.1,1024.28,0,0,2,496,,
2022-11-01,12:15,21.4,15,66,SE,9.7,22.5,1023.91,0,0,3,527,,
2022-11-01,12:30,21.7,13.9,62,SE,16.1,20.9,1023.91,0,0,3,610,,
2022-11-01,12:45,22.1,14.4,63,SE,11.3,19.3,1023.94,0,0,3,612,,
2022-11-01,13:00,21.7,13.9,61,EAST,4.8,20.9,1024.01,0,0,2,325,,
2022-11-01,13:15,21.8,14.4,63,SE,14.5,12.9,1023.5,0,0,2,445,,
2022-11-01,13:30,21.9,14.4,64,ESE,3.2,17.7,1023.5,0,0,2,506,,
2022-11-01,13:45,21.8,14.4,63,SSE,8,19.3,1023.33,0,0,1,281,,
2022-11-01,14:00,22.1,14.4,63,SSE,4.8,11.3,1023.4,0,0,1,297,,
2022-11-01,14:15,22.4,13.3,56,EAST,1.6,14.5,1023.33,0,0,2,360,,
2022-11-01,14:30,22.4,13.3,56,SOUTH,11.3,14.5,1023.27,0,0,2,469,,
2022-11-01,14:45,22.6,12.8,54,SSE,3.2,12.9,1023.13,0,0,1,299,,
2022-11-01,15:00,22.8,12.2,52,SE,6.4,14.5,1023.16,0,0,1,288,,
2022-11-01,15:15,22.7,12.8,53,SSE,8,12.9,1023.27,0,0,1,339,,
2022-11-01,15:30,22.5,12.8,54,SW,8,12.9,1023.3,0,0,0,135,,
2022-11-01,15:45,20.5,13.3,64,WNW,11.3,22.5,1023.57,0,0,0,156,,
2022-11-01,16:00,20.3,13.3,66,NE,3.2,16.1,1023.37,0,0,0,167,,
2022-11-01,16:15,20.2,13.9,67,WNW,12.9,17.7,1023.74,0,0,0,102,,
2022-11-01,16:30,19.7,13.9,69,WNW,8,16.1,1023.81,0,0,0,58,,
2022-11-01,16:45,19.2,13.3,70,NORTH,0,12.9,1023.94,0,0,0,49,,
2022-11-01,17:00,18.8,13.3,72,WEST,9.7,16.1,1024.04,0,0,0,28,,
2022-11-01,17:15,18.5,13.3,73,NORTH,0,6.4,1024.15,0,0,0,7,,
2022-11-01,17:30,18.1,13.3,75,WNW,3.2,6.4,1024.38,0,0,0,0,,
2022-11-01,17:45,17.8,13.3,76,WNW,3.2,8,1024.52,0,0,0,0,,
2022-11-01,18:00,17.4,12.8,74,NORTH,0,6.4,1024.52,0,0,0,0,,
2022-11-01,18:15,16.8,11.7,74,NORTH,0,3.2,1024.65,0,0,0,0,,
2022-11-01,18:30,16.6,11.1,72,NORTH,0,0,1024.69,0,0,0,0,,
2022-11-01,18:45,16.4,11.1,72,WNW,3.2,4.8,1024.79,0,0,0,0,,
2022-11-01,19:00,16.3,10.6,70,WNW,1.6,4.8,1024.76,0,0,0,0,,
2022-11-01,19:15,15.8,10.6,73,SSE,3.2,9.7,1024.92,0,0,0,0,,
2022-11-01,19:30,16.3,11.1,72,SSE,3.2,9.7,1024.79,0,0,0,0,,
2022-11-01,19:45,16.7,10.6,69,SSE,8,9.7,1024.62,0,0,0,0,,
2022-11-01,20:00,16.5,10.6,69,SSE,6.4,9.7,1024.76,0,0,0,0,,
2022-11-01,20:15,16.4,11.1,71,SSE,4.8,6.4,1024.69,0,0,0,0,,
2022-11-01,20:30,16.5,12.2,77,SE,6.4,11.3,1024.55,0,0,0,0,,
2022-11-01,20:45,16.2,12.8,81,SE,8,11.3,1024.65,0,0,0,0,,
2022-11-01,21:00,16.7,12.2,77,SE,4.8,8,1024.79,0,0,0,0,,
2022-11-01,21:15,16.8,11.1,71,SE,4.8,8,1024.76,0,0,0,0,,
2022-11-01,21:30,17.3,12.8,76,ESE,6.4,11.3,1024.79,0,0,0,0,,
2022-11-01,21:45,16.9,13.3,80,ESE,4.8,6.4,1025.13,0,0,0,0,,
2022-11-01,22:00,15.8,12.8,82,ESE,1.6,4.8,1025.3,0,0,0,0,,
2022-11-01,22:15,15.9,13.3,85,NORTH,0,0,1025.26,0,0,0,0,,
2022-11-01,22:30,15.3,12.8,86,ESE,3.2,6.4,1025.09,0,0,0,0,,
2022-11-01,22:45,17.2,15,88,ESE,6.4,6.4,1025.09,0,0,0,0,,
2022-11-01,23:00,17.2,15,89,ESE,3.2,6.4,1025.03,0,0,0,0,,
2022-11-01,23:15,15.9,13.9,88,ESE,6.4,6.4,1025.03,0,0,0,0,,
2022-11-01,23:30,16.5,14.4,89,ESE,4.8,9.7,1024.99,0,0,0,0,,
2022-11-01,23:45,16.4,14.4,89,ESE,3.2,6.4,1025.13,0,0,0,0,,
2022-11-01,OVR,,,,,,,,,,,,gustmax,16.1
2022-11-01,OVR,,,,,,,,,,,,rainrate_max,0
2022-11-01,OVR,,,,,,,,,,,,rain_total_mm,0
2022-11-01,OVR,,,,,,,,,,,,tmax,22.9
2022-11-01,OVR,,,,,,,,,,,,tmin,13.6
2022-11-01,OVR,,,,,,,,,,,,wind_dir_mean_deg,112.5
2022-11-02,00:00,16.6,14.4,90,ESE,3.2,6.4,1024.92,0,0,0,0,,
2022-11-02,00:15,16.6,14.4,90,ESE,3.2,6.4,1024.89,0,0,0,0,,
2022-11-02,00:30,16.7,15,90,ESE,1.6,4.8,1024.82,0,0,0,0,,
2022-11-02,00:45,16.6,15,90,ESE,4.8,9.7,1024.82,0,0,0,0,,
2022-11-02,01:00,16.3,14.4,91,ESE,3.2,9.7,1024.69,0,0,0,0,,
2022-11-02,01:15,16.1,14.4,92,ESE,4.8,9.7,1024.65,0,0,0,0,,
2022-11-02,01:30,16.4,15,92,ESE,4.8,9.7,1024.59,0,0,0,0,,
2022-11-02,01:45,16.3,15,92,ESE,4.8,6.4,1024.69,0,0,0,0,,
2022-11-02,02:00,16.1,15,93,ESE,3.2,4.8,1024.62,0,0,0,0,,
2022-11-02,02:15,16,15,93,ESE,1.6,6.4,1024.31,0,0,0,0,,
2022-11-02,02:30,16.2,15,93,NORTH,0,3.2,1024.45,0,0,0,0,,
2022-11-02,02:45,16.3,15,94,ESE,3.2,4.8,1024.48,0,0,0,0,,
2022-11-02,03:00,16,15,94,ESE,1.6,4.8,1024.35,0,0,0,0,,
2022-11-02,03:15,15.9,15,94,ESE,3.2,4.8,1024.18,0,0,0,0,,
2022-11-02,03:30,15.6,14.4,94,ESE,1.6,4.8,1024.15,0,0,0,0,,
2022-11-02,03:45,15.5,14.4,93,ESE,1.6,4.8,1024.08,0,0,0,0,,
2022-11-02,04:00,15.3,14.4,94,ESE,3.2,4.8,1024.28,0,0,0,0,,
2022-11-02,04:15,15.4,14.4,94,ESE,3.2,4.8,1024.28,0,0,0,0,,
2022-11-02,04:30,15.1,13.9,94,ESE,4.8,4.8,1024.28,0,0,0,0,,
2022-11-02,04:45,14.9,13.9,94,NORTH,0,1.6,1024.42,0,0,0,0,,
2022-11-02,05:00,14.9,13.9,94,ESE,1.6,3.2,1024.35,0,0,0,0,,
2022-11-02,05:15,15.1,13.9,95,ESE,3.2,3.2,1024.25,0,0,0,0,,
2022-11-02,05:30,14.9,13.9,94,ESE,3.2,4.8,1024.28,0,0,0,0,,
2022-11-02,05:45,15.1,13.9,95,ESE,1.6,3.2,1024.28,0,0,0,0,,
2022-11-02,06:00,15.2,13.9,94,ESE,1.6,3.2,1024.25,0,0,0,0,,
2022-11-02,06:15,15.2,13.9,94,NORTH,0,3.2,1024.35,0,0,0,0,,
2022-11-02,06:30,14.7,13.9,94,ESE,3.2,4.8,1024.48,0,0,0,0,,
2022-11-02,06:45,14.7,13.9,95,NORTH,0,3.2,1024.28,0,0,0,0,,
2022-11-02,07:00,14.7,13.9,95,ESE,1.6,3.2,1024.62,0,0,0,0,,
2022-11-02,07:15,15.2,14.4,95,ESE,1.6,3.2,1024.52,0,0,0,12,,
2022-11-02,07:30,15.3,14.4,95,NORTH,0,3.2,1024.69,0,0,0,25,,
2022-11-02,07:45,15.1,13.9,95,NORTH,0,1.6,1024.96,0,0,0,81,,
2022-11-02,08:00,15.4,14.4,95,NORTH,0,1.6,1025.06,0,0,0,127,,
2022-11-02,08:15,15.8,15,95,NORTH,0,3.2,1025.16,0,0,0,167,,
2022-11-02,08:30,15.3,14.4,94,NORTH,0,3.2,1025.33,0,0,0,213,,
2022-11-02,08:45,15.7,14.4,93,NORTH,0,4.8,1025.4,0,0,1,276,,
2022-11-02,09:00,15.8,14.4,92,NORTH,0,6.4,1025.47,0,0,1,302,,
2022-11-02,09:15,17,15,89,NORTH,0,0,1025.23,0,0,1,352,,
2022-11-02,09:30,17.8,15,86,NORTH,0,1.6,1025.09,0,0,1,385,,
2022-11-02,09:45,18.2,14.4,79,WSW,1.6,4.8,1024.99,0,0,1,422,,
2022-11-02,10:00,18.9,13.9,73,NORTH,0,4.8,1024.89,0,0,2,450,,
2022-11-02,10:15,19.1,14.4,75,NORTH,0,4.8,1025.06,0,0,2,478,,
2022-11-02,10:30,19.6,13.3,69,NW,1.6,4.8,1025.09,0,0,2,501,,
2022-11-02,10:45,20.3,13.9,66,NW,6.4,8,1024.99,0,0,2,519,,
2022-11-02,11:00,20.3,13.9,66,SE,4.8,8,1024.89,0,0,2,536,,
2022-11-02,11:15,20.7,12.8,62,NORTH,0,4.8,1025.03,0,0,2,559,,
2022-11-02,11:30,20.9,13.3,62,NORTH,4.8,9.7,1024.79,0,0,3,570,,
2022-11-02,11:45,21.6,12.8,58,WNW,11.3,12.9,1024.69,0,0,3,575,,
2022-11-02,12:00,21.3,13.3,61,NW,1.6,14.5,1024.52,0,0,3,578,,
2022-11-02,12:15,21.5,13.9,63,WNW,12.9,16.1,1024.48,0,0,3,577,,
2022-11-02,12:30,21.8,14.4,64,WNW,6.4,12.9,1024.48,0,0,3,570,,
2022-11-02,12:45,21.5,14.4,66,NNE,3.2,14.5,1024.04,0,0,3,559,,
2022-11-02,13:00,21.7,14.4,65,NNE,9.7,14.5,1023.98,0,0,2,547,,
2022-11-02,13:15,22.3,15.6,66,NW,16.1,22.5,1023.74,0,0,2,531,,
2022-11-02,13:30,22.4,15.6,65,NE,3.2,20.9,1023.84,0,0,2,513,,
2022-11-02,13:45,22.4,15,64,WNW,11.3,25.7,1023.71,0,0,2,490,,
2022-11-02,14:00,22.2,15.6,67,WEST,32.2,32.2,1023.4,0,0,2,466,,
2022-11-02,14:15,22.1,16.1,69,WEST,19.3,32.2,1023.37,0,0,2,436,,
2022-11-02,14:30,21.9,16.1,69,WNW,12.9,37,1023.3,0,0,1,410,,
2022-11-02,14:45,22,16.1,70,ENE,4.8,25.7,1023.37,0,0,1,371,,
2022-11-02,15:00,21.9,16.1,71,WEST,9.7,25.7,1023.2,0,0,1,338,,
2022-11-02,15:15,21.7,16.1,72,WEST,16.1,33.8,1023.33,0,0,1,297,,
2022-11-02,15:30,21.3,16.7,75,WNW,16.1,29,1023.33,0,0,1,255,,
2022-11-02,15:45,20.9,16.7,78,WEST,14.5,27.4,1023.33,0,0,0,211,,
2022-11-02,16:00,20.7,16.7,79,WEST,11.3,29,1023.43,0,0,0,162,,
2022-11-02,16:15,20.3,16.7,81,WEST,17.7,22.5,1023.5,0,0,0,100,,
2022-11-02,16:30,19.9,16.7,83,WNW,12.9,22.5,1023.54,0,0,0,42,,
2022-11-02,16:45,19.7,16.7,84,WNW,6.4,19.3,1023.5,0,0,0,39,,
2022-11-02,17:00,19.3,16.7,85,WNW,6.4,19.3,1023.57,0,0,0,19,,
2022-11-02,17:15,19.1,16.7,86,WNW,11.3,24.1,1023.71,0,0,0,7,,
2022-11-02,17:30,19,16.7,87,WEST,6.4,17.7,1023.57,0,0,0,0,,
2022-11-02,17:45,18.6,16.7,88,WEST,14.5,16.1,1023.6,0,0,0,0,,
2022-11-02,18:00,18.4,16.1,89,WSW,6.4,17.7,1023.77,0,0,0,0,,
2022-11-02,18:15,18.4,16.7,90,EAST,8,22.5,1023.67,0,0,0,0,,
2022-11-02,18:30,18.4,16.7,91,WEST,9.7,20.9,1023.91,0,0,0,0,,
2022-11-02,18:45,18.3,16.7,91,WEST,16.1,24.1,1024.01,0,0,0,0,,
2022-11-02,19:00,18.2,16.7,92,WNW,8,20.9,1024.11,0,0,0,0,,
2022-11-02,19:15,18,16.7,93,WNW,14.5,17.7,1024.25,0,0,0,0,,
2022-11-02,19:30,18.1,16.7,93,WNW,14.5,20.9,1024.31,0,0,0,0,,
2022-11-02,19:45,18.1,16.7,93,WNW,8,16.1,1024.28,0,0,0,0,,
2022-11-02,20:00,18.1,16.7,94,WNW,6.4,12.9,1024.21,0,0,0,0,,
2022-11-02,20:15,17.8,16.7,94,NORTH,0,6.4,1024.18,0,0,0,0,,
2022-11-02,20:30,17.7,16.7,94,NORTH,0,3.2,1023.98,0,0,0,0,,
2022-11-02,20:45,17.8,16.7,94,WEST,11.3,16.1,1024.31,0,0,0,0,,
2022-11-02,21:00,17.3,16.1,93,WNW,1.6,11.3,1024.25,0,0,0,0,,
2022-11-02,21:15,17,15.6,93,NORTH,0,4.8,1024.18,0,0,0,0,,
2022-11-02,21:30,16.8,15.6,93,NORTH,0,4.8,1024.11,0,0,0,0,,
2022-11-02,21:45,16.8,15.6,93,NORTH,0,0,1024.08,0,0,0,0,,
2022-11-02,22:00,16.7,15.6,94,NORTH,0,3.2,1024.08,0,0,0,0,,
2022-11-02,22:15,16.7,15.6,94,WEST,3.2,4.8,1023.98,0,0,0,0,,
2022-11-02,22:30,16.5,15.6,94,EAST,4.8,6.4,1023.81,0,0,0,0,,
2022-11-02,22:45,16.2,15,94,ESE,4.8,6.4,1023.84,0,0,0,0,,
2022-11-02,23:00,16.2,15,94,ESE,4.8,11.3,1023.91,0,0,0,0,,
2022-11-02,23:15,16.3,15,94,ESE,6.4,9.7,1023.6,0,0,0,0,,
2022-11-02,23:30,15.9,14.4,94,ESE,1.6,9.7,1023.6,0,0,0,0,,
2022-11-02,23:45,15.6,14.4,93,ESE,3.2,4.8,1023.43,0,0,0,0,,
2022-11-02,OVR,,,,,,,,,,,,gustmax,32.2
2022-11-02,OVR,,,,,,,,,,,,rainrate_max,0
2022-11-02,OVR,,,,,,,,,,,,rain_total_mm,0
2022-11-02,OVR,,,,,,,,,,,,tmax,22.6
2022-11-02,OVR,,,,,,,,,,,,tmin,14.4
2022-11-02,OVR,,,,,,,,,,,,wind_dir_mean_deg,67.5
2022-11-03,00:00,16,15,94,ESE,1.6,6.4,1023.43,0,0,0,0,,
2022-11-03,00:15,15.9,15,94,NORTH,0,4.8,1023.5,0,0,0,0,,
2022-11-03,00:30,15.8,14.4,94,ESE,3.2,3.2,1023.33,0,0,0,0,,
2022-11-03,00:45,15.8,14.4,93,ESE,1.6,3.2,1023.2,0,0,0,0,,
2022-11-03,01:00,15.9,14.4,93,ESE,1.6,3.2,1023.1,0,0,0,0,,
2022-11-03,01:15,15.9,14.4,93,ESE,1.6,4.8,1023.03,0,0,0,0,,
2022-11-03,01:30,15.9,14.4,93,ESE,1.6,4.8,1022.93,0,0,0,0,,
2022-11-03,01:45,15.8,14.4,92,NORTH,0,1.6,1022.96,0,0,0,0,,
2022-11-03,02:00,15.3,13.9,92,ESE,1.6,3.2,1022.89,0,0,0,0,,
2022-11-03,02:15,15.5,13.9,92,ESE,1.6,4.8,1022.82,0,0,0,0,,
2022-11-03,02:30,15.2,13.9,92,ESE,3.2,4.8,1022.72,0,0,0,0,,
2022-11-03,02:45,15,13.3,92,ESE,3.2,6.4,1022.72,0,0,0,0,,
2022-11-03,03:00,15.2,13.9,92,ESE,4.8,6.4,1022.59,0,0,0,0,,
2022-11-03,03:15,15.7,14.4,92,ESE,4.8,6.4,1022.52,0,0,0,0,,
2022-11-03,03:30,15.7,14.4,92,ESE,3.2,4.8,1022.52,0,0,0,0,,
2022-11-03,03:45,15.7,14.4,92,SE,6.4,8,1022.59,0,0,0,0,,
2022-11-03,04:00,15.7,14.4,92,SE,4.8,8,1022.55,0,0,0,0,,
2022-11-03,04:15,15.9,14.4,91,ESE,4.8,6.4,1022.35,0,0,0,0,,
2022-11-03,04:30,15.6,13.9,91,ESE,3.2,6.4,1022.35,0,0,0,0,,
2022-11-03,04:45,15.3,13.3,90,EAST,3.2,11.3,1022.15,0,0,0,0,,
2022-11-03,05:00,15.3,13.3,90,EAST,3.2,4.8,1022.11,0,0,0,0,,
2022-11-03,05:15,15.4,13.9,91,EAST,3.2,6.4,1022.22,0,0,0,0,,
2022-11-03,05:30,15.7,13.9,90,EAST,9.7,12.9,1022.01,0,0,0,0,,
2022-11-03,05:45,15.5,13.9,90,EAST,6.4,9.7,1022.05,0,0,0,0,,
2022-11-03,06:00,15.8,13.9,90,ESE,6.4,12.9,1021.98,0,0,0,0,,
2022-11-03,06:15,15.9,13.9,90,ESE,6.4,11.3,1022.01,0,0,0,0,,
2022-11-03,06:30,15.9,13.9,90,ESE,6.4,9.7,1022.01,0,0,0,0,,
2022-11-03,06:45,16.2,14.4,90,ESE,11.3,14.5,1021.94,0,0,0,0,,
2022-11-03,07:00,16.4,14.4,89,ESE,11.3,16.1,1021.91,0,0,0,7,,
2022-11-03,07:15,16.6,14.4,89,ESE,9.7,14.5,1021.91,0,0,0,19,,
2022-11-03,07:30,16.7,14.4,87,ESE,6.4,12.9,1021.88,0,0,0,28,,
2022-11-03,07:45,16.9,14.4,85,EAST,9.7,11.3,1022.15,0,0,0,33,,
2022-11-03,08:00,17.3,14.4,84,ESE,3.2,16.1,1022.32,0,0,0,123,,
2022-11-03,08:15,17.2,13.9,83,ESE,4.8,9.7,1022.62,0,0,0,172,,
2022-11-03,08:30,17.3,14.4,84,ESE,11.3,14.5,1022.35,0,0,0,223,,
2022-11-03,08:45,18.4,15,81,EAST,16.1,20.9,1022.38,0,0,1,265,,
2022-11-03,09:00,18.9,15.6,80,EAST,12.9,20.9,1022.55,0,0,1,306,,
2022-11-03,09:15,19.2,15.6,80,SE,11.3,25.7,1022.45,0,0,1,341,,
2022-11-03,09:30,19.4,15.6,79,SE,16.1,22.5,1022.35,0,0,1,376,,
2022-11-03,09:45,19.8,15.6,76,SE,16.1,22.5,1022.25,0,0,1,406,,
2022-11-03,10:00,19.9,15.6,76,SSE,14.5,22.5,1022.15,0,0,2,445,,
2022-11-03,10:15,20.1,15.6,76,SE,22.5,20.9,1021.78,0,0,2,466,,
2022-11-03,10:30,20.4,15.6,74,ESE,20.9,24.1,1021.74,0,0,2,490,,
2022-11-03,10:45,20.6,15.6,74,ESE,19.3,25.7,1021.57,0,0,2,512,,
2022-11-03,11:00,21.1,16.1,75,SSE,16.1,27.4,1021.37,0,0,2,531,,
2022-11-03,11:15,21.2,16.7,75,ESE,24.1,30.6,1020.93,0,0,2,545,,
2022-11-03,11:30,21.3,16.7,75,SE,16.1,33.8,1020.66,0,0,2,543,,
2022-11-03,11:45,21.6,16.7,74,ESE,25.7,30.6,1020.45,0,0,2,550,,
2022-11-03,12:00,21.9,16.7,72,SSE,22.5,33.8,1020.39,0,0,2,570,,
2022-11-03,12:15,22.1,16.1,69,SE,19.3,37,1020.22,0,0,2,559,,
2022-11-03,12:30,22.2,16.1,69,SE,19.3,32.2,1019.88,0,0,2,496,,
2022-11-03,12:45,22.4,15.6,66,ESE,19.3,32.2,1019.57,0,0,2,548,,
2022-11-03,13:00,23,17.2,69,ESE,12.9,32.2,1019.64,0,0,2,571,,
2022-11-03,13:15,23.2,15,61,ESE,19.3,30.6,1019.4,0,0,2,557,,
2022-11-03,13:30,23.4,14.4,57,ESE,17.7,37,1019.03,0,0,2,496,,
2022-11-03,13:45,23.2,14.4,59,ESE,24.1,27.4,1018.66,0,0,2,445,,
2022-11-03,14:00,23,14.4,59,ESE,30.6,30.6,1018.66,0,0,2,227,,
2022-11-03,14:15,22.9,15,61,SE,14.5,30.6,1018.22,0,0,1,357,,
2022-11-03,14:30,23.1,15,61,ESE,14.5,30.6,1018.05,0,0,1,230,,
2022-11-03,14:45,22.8,15,62,SE,17.7,32.2,1018.12,0,0,1,422,,
2022-11-03,15:00,22.6,15,63,SE,27.4,32.2,1017.91,0,0,1,345,,
2022-11-03,15:15,22.4,15,64,SE,20.9,33.8,1017.78,0,0,1,287,,
2022-11-03,15:30,22.3,15,64,SE,16.1,35.4,1017.81,0,0,1,237,,
2022-11-03,15:45,21.8,15,66,SE,19.3,32.2,1017.71,0,0,0,204,,
2022-11-03,16:00,21.7,15,67,ESE,20.9,29,1017.24,0,0,0,91,,
2022-11-03,16:15,21.3,15,68,SE,16.1,32.2,1017.2,0,0,0,134,,
2022-11-03,16:30,21.3,15,68,SE,17.7,30.6,1017.07,0,0,0,65,,
2022-11-03,16:45,20.8,15,71,ESE,14.5,29,1017.34,0,0,0,47,,
2022-11-03,17:00,20.4,15,73,SE,20.9,30.6,1017.14,0,0,0,25,,
2022-11-03,17:15,20.1,15,75,SE,22.5,29,1016.93,0,0,0,0,,
2022-11-03,17:30,19.7,15.6,77,SE,27.4,32.2,1016.93,0,0,0,0,,
2022-11-03,17:45,19.4,15.6,80,SE,20.9,30.6,1016.7,0,0,0,0,,
2022-11-03,18:00,19.3,15.6,81,SE,29,33.8,1016.46,0,0,0,0,,
2022-11-03,18:15,19.2,16.1,83,SE,25.7,32.2,1016.42,0,0,0,0,,
2022-11-03,18:30,19.1,16.1,83,ESE,16.1,32.2,1016.56,0,0,0,0,,
2022-11-03,18:45,19,16.1,84,EAST,19.3,30.6,1016.36,0,0,0,0,,
2022-11-03,19:00,19,16.1,85,ESE,16.1,30.6,1016.42,0,0,0,0,,
2022-11-03,19:15,18.9,16.1,86,ESE,20.9,30.6,1016.22,0,0,0,0,,
2022-11-03,19:30,18.9,16.1,85,SE,24.1,30.6,1016.42,0,0,0,0,,
2022-11-03,19:45,18.9,16.1,85,SE,20.9,29,1016.46,0,0,0,0,,
2022-11-03,20:00,18.9,16.1,86,SE,16.1,29,1016.36,0,0,0,0,,
2022-11-03,20:15,18.8,16.7,87,SE,19.3,29,1016.22,0,0,0,0,,
2022-11-03,20:30,18.8,16.7,87,ESE,24.1,27.4,1016.02,0,0,0,0,,
2022-11-03,20:45,18.7,16.1,88,ESE,17.7,25.7,1015.88,0,0,0,0,,
2022-11-03,21:00,18.6,16.1,87,SE,17.7,22.5,1015.71,0,0,0,0,,
2022-11-03,21:15,18.6,16.1,87,SE,16.1,25.7,1015.85,0,0,0,0,,
2022-11-03,21:30,18.7,16.1,86,ESE,16.1,29,1015.58,0,0,0,0,,
2022-11-03,21:45,18.6,16.1,86,ESE,20.9,25.7,1015.58,0,0,0,0,,
2022-11-03,22:00,18.6,16.1,86,SE,16.1,20.9,1016.09,0,0,0,0,,
2022-11-03,22:15,18.4,16.1,87,SE,19.3,20.9,1015.48,0,0,0,0,,
2022-11-03,22:30,18.4,16.1,88,ESE,14.5,25.7,1015.34,0,0,0,0,,
2022-11-03,22:45,18.4,16.1,88,ESE,17.7,22.5,1015.07,0,0,0,0,,
2022-11-03,23:00,18.3,16.1,88,SE,17.7,20.9,1015.04,0,0,0,0,,
2022-11-03,23:15,18.2,15.6,87,ESE,12.9,20.9,1015.04,0,0,0,0,,
2022-11-03,23:30,17.8,15,85,SE,6.4,17.7,1014.93,0,0,0,0,,
2022-11-03,23:45,17.7,15,85,SE,8,16.1,1014.97,0,0,0,0,,
2022-11-03,OVR,,,,,,,,,,,,gustmax,30.6
2022-11-03,OVR,,,,,,,,,,,,rainrate_max,0
2022-11-03,OVR,,,,,,,,,,,,rain_total_mm,0
2022-11-03,OVR,,,,,,,,,,,,tmax,23.5
2022-11-03,OVR,,,,,,,,,,,,tmin,14.9
2022-11-03,OVR,,,,,,,,,,,,wind_dir_mean_deg,112.5
2022-11-04,00:00,17.7,14.4,83,SE,4.8,9.7,1015.07,0,0,0,0,,
2022-11-04,00:15,17.9,14.4,80,NORTH,0,4.8,1014.97,0,0,0,0,,
2022-11-04,00:30,17.4,13.9,81,NORTH,0,1.6,1014.97,0,0,0,0,,
2022-11-04,00:45,17.9,14.4,82,NORTH,0,3.2,1014.7,0,0,0,0,,
2022-11-04,01:00,18.3,15,83,NORTH,0,4.8,1014.6,0,0,0,0,,
2022-11-04,01:15,18.3,15.6,84,WEST,3.2,11.3,1014.53,0,0,0,0,,
2022-11-04,01:30,18.2,15.6,85,NE,4.8,20.9,1014.43,0,0,0,0,,
2022-11-04,01:45,18.5,16.1,86,SW,1.6,16.1,1014.26,0,0,0,0,,
2022-11-04,02:00,18.6,16.1,88,NE,9.7,17.7,1014.12,0,0,0,0,,
2022-11-04,02:15,18.3,16.1,88,WNW,11.3,19.3,1014.09,0,0,0,0,,
2022-11-04,02:30,18.2,16.1,89,WEST,9.7,24.1,1013.95,0,0,0,0,,
2022-11-04,02:45,18.4,16.1,89,NE,8,20.9,1013.72,0,0,0,0,,
2022-11-04,03:00,18.7,16.7,88,NNE,8,25.7,1013.44,0,0,0,0,,
2022-11-04,03:15,19,16.7,86,WNW,8,22.5,1013.24,0,0,0,0,,
2022-11-04,03:30,19.1,16.1,84,ENE,8,22.5,1013.17,0,0,0,0,,
2022-11-04,03:45,19.2,16.1,82,WSW,4.8,24.1,1012.87,0,0,0,0,,
2022-11-04,04:00,19.2,15.6,81,NE,9.7,22.5,1012.84,0,0,0,0,,
2022-11-04,04:15,19.3,16.1,82,WNW,17.7,27.4,1012.9,0,0,0,0,,
2022-11-04,04:30,19.2,16.1,83,ENE,9.7,20.9,1013.07,0,0,0,0,,
2022-11-04,04:45,18.7,16.1,86,NW,17.7,30.6,1013.11,0,0,0,0,,
2022-11-04,05:00,17.9,15.6,86,WNW,12.9,25.7,1013.17,0,0,0,0,,
2022-11-04,05:15,17.8,15.6,86,WEST,12.9,24.1,1013.24,0,0,0,0,,
2022-11-04,05:30,17.9,15.6,88,WNW,14.5,27.4,1012.97,0,0,0,0,,
2022-11-04,05:45,17.8,15.6,89,WEST,12.9,19.3,1013,0,0,0,0,,
2022-11-04,06:00,17.8,16.1,90,WNW,11.3,27.4,1013.17,0,0,0,0,,
2022-11-04,06:15,17.7,15.6,90,WNW,6.4,20.9,1013.07,0,0,0,0,,
2022-11-04,06:30,17.6,15.6,90,WNW,4.8,12.9,1012.94,0,0,0,0,,
2022-11-04,06:45,17.4,15.6,91,WNW,4.8,12.9,1012.9,0,0,0,0,,
2022-11-04,07:00,17.3,15.6,91,WEST,9.7,16.1,1012.97,0,0,0,0,,
2022-11-04,07:15,17.3,15.6,91,WNW,4.8,16.1,1013.17,0,0,0,0,,
2022-11-04,07:30,17.3,15.6,90,NW,4.8,20.9,1012.8,0,0,0,9,,
2022-11-04,07:45,17.2,15.6,90,WEST,12.9,12.9,1012.97,0,0,0,14,,
2022-11-04,08:00,17.2,15.6,90,WEST,19.3,20.9,1012.97,0,0,0,12,,
2022-11-04,08:15,16.9,15,89,WNW,11.3,14.5,1013.31,0,0,0,12,,
2022-11-04,08:30,16.8,15,89,WNW,35.4,38.6,1013.72,0.25,0.25,0,0,,
2022-11-04,08:45,16.1,14.4,90,NW,12.9,22.5,1013.58,1.27,1.27,0,0,,
2022-11-04,09:00,15.8,13.9,91,WNW,14.5,16.1,1013.61,1.52,1.52,0,26,,
2022-11-04,09:15,15.7,13.9,91,WNW,12.9,19.3,1013.88,1.52,1.52,0,33,,
2022-11-04,09:30,15.6,13.9,91,WNW,3.2,11.3,1013.38,1.52,1.27,0,51,,
2022-11-04,09:45,15.4,13.9,90,WNW,3.2,4.8,1013.72,1.52,0.51,0,77,,
2022-11-04,10:00,15.6,13.9,89,WNW,3.2,3.2,1012.8,1.52,0.25,0,91,,
2022-11-04,10:15,15.4,13.3,87,WNW,1.6,4.8,1013.07,1.52,0,0,77,,
2022-11-04,10:30,15.6,12.8,85,WNW,4.8,8,1013.07,1.52,0,0,28,,
2022-11-04,10:45,15.1,12.2,85,WEST,11.3,12.9,1012.9,1.52,0,0,35,,
2022-11-04,11:00,15.1,12.8,88,WEST,14.5,24.1,1013.68,2.29,0.51,0,53,,
2022-11-04,11:15,13.9,12.2,89,WNW,6.4,22.5,1013.21,2.79,1.27,0,79,,
2022-11-04,11:30,13.7,11.7,90,WNW,6.4,17.7,1012.8,3.05,1.52,1,118,,
2022-11-04,11:45,13.8,12.2,90,WEST,11.3,19.3,1012.19,3.3,1.52,1,264,,
2022-11-04,12:00,14.1,12.2,89,WSW,1.6,16.1,1012.19,3.3,1.02,0,53,,
2022-11-04,12:15,13.9,12.2,89,NORTH,0,12.9,1011.75,3.3,0.51,0,70,,
2022-11-04,12:30,13.9,12.2,90,WNW,4.8,8,1011.85,3.56,0.51,0,77,,
2022-11-04,12:45,13.8,12.2,90,WEST,1.6,6.4,1011.51,3.81,0.51,0,72,,
2022-11-04,13:00,13.9,12.2,91,NORTH,0,6.4,1011.92,3.81,0.51,0,86,,
2022-11-04,13:15,13.8,12.2,91,NORTH,0,3.2,1011.65,4.06,0.51,0,58,,
2022-11-04,13:30,13.8,12.2,92,NW,4.8,8,1011.79,4.32,0.51,0,23,,
2022-11-04,13:45,13.7,12.2,92,WNW,11.3,16.1,1011.58,6.6,2.79,0,44,,
2022-11-04,14:00,13.7,12.2,93,NNW,6.4,14.5,1010.5,6.86,3.05,0,28,,
2022-11-04,14:15,13.6,12.2,93,NNE,3.2,6.4,1010.02,7.11,3.05,0,102,,
2022-11-04,14:30,13.9,12.8,93,NW,1.6,9.7,1010.3,7.11,2.79,0,113,,
2022-11-04,14:45,13.8,12.2,93,SSW,3.2,9.7,1010.6,7.11,0.51,0,72,,
2022-11-04,15:00,13.8,12.8,94,NORTH,1.6,11.3,1010.57,7.11,0.51,0,32,,
2022-11-04,15:15,13.8,12.8,94,SSE,4.8,9.7,1010.46,7.11,0.25,0,67,,
2022-11-04,15:30,13.7,12.8,94,SE,3.2,12.9,1009.99,7.37,0.51,0,46,,
2022-11-04,15:45,13.6,12.8,94,SSE,1.6,11.3,1009.62,7.62,0.51,0,93,,
2022-11-04,16:00,13.7,12.8,94,SSE,1.6,11.3,1009.72,8.13,1.02,0,44,,
2022-11-04,16:15,13.4,12.2,94,WEST,6.4,20.9,1009.58,8.89,1.52,0,225,,
2022-11-04,16:30,13.8,12.8,93,NORTH,0,8,1009.72,8.89,1.52,0,39,,
2022-11-04,16:45,13.6,12.2,93,SOUTH,1.6,3.2,1009.38,8.89,1.27,0,14,,
2022-11-04,17:00,13.5,12.2,93,SSE,3.2,3.2,1009.35,8.89,0.51,0,16,,
2022-11-04,17:15,13.3,12.2,93,NORTH,0,8,1009.01,8.89,0,0,11,,
2022-11-04,17:30,13.3,12.2,93,SSW,1.6,4.8,1009.21,8.89,0,0,0,,
2022-11-04,17:45,13.2,11.7,93,SSW,3.2,3.2,1009.18,8.89,0,0,0,,
2022-11-04,18:00,13.3,12.2,93,NORTH,0,4.8,1009.35,8.89,0,0,0,,
2022-11-04,18:15,13.3,12.2,93,NORTH,0,6.4,1009.35,8.89,0,0,0,,
2022-11-04,18:30,12.6,11.1,91,WEST,66,67.6,1010.63,9.65,0.76,0,0,,
2022-11-04,18:45,11,9.4,92,NW,27.4,35.4,1010.43,11.68,2.79,0,0,,
2022-11-04,19:00,10.4,8.9,92,NNW,19.3,33.8,1010.94,11.68,2.79,0,0,,
2022-11-04,19:15,10.4,8.9,92,NW,16.1,30.6,1010.9,11.68,2.79,0,0,,
2022-11-04,19:30,10.4,8.9,93,NW,16.1,32.2,1011.24,11.68,2.03,0,0,,
2022-11-04,19:45,10.3,8.9,93,WNW,22.5,43.5,1011.85,11.68,0.25,0,0,,
2022-11-04,20:00,9.8,8.3,91,NW,16.1,67.6,1011.72,11.68,0.25,0,0,,
2022-11-04,20:15,9.7,7.8,90,,17.7,33.8,1011.38,11.68,0.25,0,0,,
2022-11-04,20:30,9.6,7.8,90,NNW,17.7,24.1,1010.77,11.94,0.25,0,0,,
2022-11-04,20:45,9.8,7.8,88,NW,9.7,20.9,1010.4,11.94,0.25,0,0,,
2022-11-04,21:00,9.8,7.8,87,,3.2,14.5,1010.33,11.94,0.25,0,0,,
2022-11-04,21:15,9.7,7.8,87,NNW,3.2,9.7,1009.99,11.94,0.25,0,0,,
2022-11-04,21:30,9.7,7.2,87,NORTH,0,11.3,1010.13,11.94,0,0,0,,
2022-11-04,21:45,9.5,7.2,87,NORTH,0,4.8,1010.19,11.94,0,0,0,,
2022-11-04,22:00,9.6,7.2,87,SSE,3.2,4.8,1009.82,11.94,0,0,0,,
2022-11-04,22:15,9.5,7.2,88,NORTH,0,14.5,1010.43,12.19,0.25,0,0,,
2022-11-04,22:30,9.3,7.8,90,SSE,3.2,9.7,1009.69,12.19,0.25,0,0,,
2022-11-04,22:45,9.4,7.8,90,NORTH,0,8,1009.55,12.19,0.25,0,0,,
2022-11-04,23:00,8.8,7.2,90,SSE,1.6,4.8,1009.01,12.19,0.25,0,0,,
2022-11-04,23:15,9.4,7.8,91,SSE,6.4,11.3,1008.97,12.19,0,0,0,,
2022-11-04,23:30,9.5,7.8,90,SE,11.3,17.7,1008.94,12.19,0,0,0,,
2022-11-04,23:45,9.6,7.8,90,ESE,14.5,20.9,1008.77,12.45,0.25,0,0,,
2022-11-04,OVR,,,,,,,,,,,,gustmax,66
2022-11-04,OVR,,,,,,,,,,,,rainrate_max,57.6
2022-11-04,OVR,,,,,,,,,,,,rain_total_mm,12.4
2022-11-04,OVR,,,,,,,,,,,,tmax,19.3
2022-11-04,OVR,,,,,,,,,,,,tmin,8.6
2022-11-04,OVR,,,,,,,,,,,,wind_dir_mean_deg,180
2022-11-05,00:00,9.6,7.8,91,SSE,16.1,17.7,1007.99,0,0.25,0,0,,
2022-11-05,00:15,9.7,8.3,91,NORTH,0,9.7,1007.69,0,0.25,0,0,,
2022-11-05,00:30,9.9,8.3,91,NW,11.3,14.5,1008.53,1.02,1.27,0,0,,
2022-11-05,00:45,9.8,8.3,91,SE,4.8,8,1008.23,1.27,1.27,0,0,,
2022-11-05,01:00,9.8,8.3,92,NW,4.8,6.4,1007.86,1.27,1.27,0,0,,
2022-11-05,01:15,10.1,8.3,92,NORTH,0,4.8,1007.42,1.52,1.52,0,0,,
2022-11-05,01:30,9.8,8.3,91,NORTH,0,4.8,1007.11,1.52,0.51,0,0,,
2022-11-05,01:45,9.9,8.3,91,NW,3.2,6.4,1007.18,1.52,0.25,0,0,,
2022-11-05,02:00,9.7,8.3,91,NORTH,0,0,1007.18,1.52,0.51,0,0,,
2022-11-05,02:15,9.4,7.8,91,SSW,1.6,3.2,1006.81,1.52,0.25,0,0,,
2022-11-05,02:30,9.4,7.8,92,SSE,4.8,9.7,1007.18,1.78,0.51,0,0,,
2022-11-05,02:45,9.5,8.3,92,SE,6.4,11.3,1006.71,1.78,0.51,0,0,,
2022-11-05,03:00,9.5,8.3,93,SSE,1.6,3.2,1007.04,2.03,0.51,0,0,,
2022-11-05,03:15,9.5,8.3,93,NORTH,0,3.2,1007.11,2.29,0.51,0,0,,
2022-11-05,03:30,9.4,8.3,93,SSE,3.2,14.5,1006.91,2.54,0.76,0,0,,
2022-11-05,03:45,9.3,8.3,93,SSW,1.6,8,1006.81,3.05,1.27,0,0,,
2022-11-05,04:00,9.1,7.8,93,NNE,3.2,12.9,1006.2,3.81,1.78,0,0,,
2022-11-05,04:15,9.1,7.8,93,NW,4.8,14.5,1006.5,3.81,1.52,0,0,,
2022-11-05,04:30,9.3,7.8,92,NNE,8,14.5,1007.04,4.32,1.78,0,0,,
2022-11-05,04:45,9.3,7.8,92,SSE,8,12.9,1006.98,5.08,2.03,0,0,,
2022-11-05,05:00,9.2,7.8,93,SSE,9.7,22.5,1006.33,5.33,1.52,0,0,,
2022-11-05,05:15,9.1,7.8,93,SE,17.7,20.9,1006.3,5.33,1.52,0,0,,
2022-11-05,05:30,9,7.8,93,SE,14.5,22.5,1006.1,5.59,1.27,0,0,,
2022-11-05,05:45,9.2,7.8,93,SSE,8,17.7,1006.2,6.1,1.27,0,0,,
2022-11-05,06:00,9.4,8.3,93,NORTH,0,8,1006.1,6.6,1.27,0,0,,
2022-11-05,06:15,9.1,7.8,92,SOUTH,1.6,11.3,1006.71,8.13,2.54,0,0,,
2022-11-05,06:30,9.2,7.8,92,NORTH,0,11.3,1006.37,8.64,3.05,0,0,,
2022-11-05,06:45,9.3,7.8,92,WSW,3.2,4.8,1006.2,8.64,2.29,0,0,,
2022-11-05,07:00,9.4,7.8,91,NW,4.8,14.5,1006.33,8.64,2.03,0,0,,
2022-11-05,07:15,9.4,7.8,90,WEST,1.6,14.5,1006.64,8.64,0.25,0,81,,
2022-11-05,07:30,9.4,7.8,91,NORTH,0,22.5,1007.11,8.64,0,0,74,,
2022-11-05,07:45,9.4,7.8,91,WNW,6.4,9.7,1007.38,8.64,0,0,47,,
2022-11-05,08:00,9.8,8.3,91,WNW,12.9,12.9,1007.38,8.89,0.51,0,120,,
2022-11-05,08:15,10.4,8.9,92,WNW,16.1,24.1,1007.48,8.89,0.51,0,97,,
2022-11-05,08:30,10.2,8.9,92,WNW,11.3,27.4,1007.82,8.89,0.51,0,178,,
2022-11-05,08:45,10.2,8.9,93,WEST,11.3,17.7,1007.79,8.89,0.51,0,227,,
2022-11-05,09:00,10.1,8.9,93,WEST,14.5,17.7,1008.4,8.89,0,0,244,,
2022-11-05,09:15,10.4,9.4,94,WNW,6.4,11.3,1008.57,8.89,0,1,413,,
2022-11-05,09:30,11.1,10,94,NW,4.8,11.3,1008.77,8.89,0,1,429,,
2022-11-05,09:45,11.7,10,92,NW,9.7,17.7,1008.91,8.89,0,1,431,,
2022-11-05,10:00,12.3,10,88,NW,16.1,19.3,1009.14,8.89,0,1,464,,
2022-11-05,10:15,12.8,10,85,NW,9.7,20.9,1009.45,8.89,0,1,480,,
2022-11-05,10:30,13.3,10.6,83,NORTH,16.1,27.4,1009.52,8.89,0,2,512,,
2022-11-05,10:45,13.8,9.4,75,NW,22.5,29,1009.55,8.89,0,2,534,,
2022-11-05,11:00,14.3,9.4,73,NW,14.5,27.4,1009.99,8.89,0,2,550,,
2022-11-05,11:15,14.7,8.9,70,NW,32.2,40.2,1010.06,8.89,0,2,563,,
2022-11-05,11:30,15.1,10,73,WEST,24.1,33.8,1010.19,8.89,0,2,599,,
2022-11-05,11:45,14.9,9.4,72,WEST,17.7,33.8,1010.53,8.89,0,2,705,,
2022-11-05,12:00,15.3,10,71,WNW,14.5,35.4,1010.57,8.89,0,2,642,,
2022-11-05,12:15,15.4,10,71,WEST,19.3,32.2,1010.46,8.89,0,2,624,,
2022-11-05,12:30,15.8,10,70,NW,20.9,45.1,1010.43,8.89,0,2,633,,
2022-11-05,12:45,16.4,9.4,64,WNW,24.1,41.8,1010.57,8.89,0,2,594,,
2022-11-05,13:00,16.6,9.4,64,WEST,25.7,40.2,1010.87,8.89,0,2,570,,
2022-11-05,13:15,16.8,9.4,63,WNW,24.1,51.5,1010.7,8.89,0,2,721,,
2022-11-05,13:30,16.6,10,67,WNW,19.3,45.1,1010.7,8.89,0,1,190,,
2022-11-05,13:45,16.4,9.4,65,WNW,20.9,43.5,1010.8,8.89,0,1,202,,
2022-11-05,14:00,17.2,10,63,WNW,14.5,35.4,1010.7,8.89,0,2,533,,
2022-11-05,14:15,15.6,8.9,65,WNW,29,53.1,1010.97,8.89,0,0,67,,
2022-11-05,14:30,14.3,9.4,73,NNW,9.7,25.7,1011.01,8.89,0,1,125,,
2022-11-05,14:45,15.1,10,73,WNW,14.5,20.9,1011.04,8.89,0,1,383,,
2022-11-05,15:00,16.2,10,67,NW,16.1,33.8,1011.01,8.89,0,1,345,,
2022-11-05,15:15,16.7,10.6,67,NW,16.1,32.2,1011.11,8.89,0,1,302,,
2022-11-05,15:30,16.9,10.6,66,WNW,25.7,29,1011.14,8.89,0,1,260,,
2022-11-05,15:45,16.8,10,65,WEST,24.1,32.2,1011.45,8.89,0,0,211,,
2022-11-05,16:00,16.8,10,64,NW,12.9,32.2,1011.55,8.89,0,0,183,,
2022-11-05,16:15,16.7,10,65,WNW,27.4,27.4,1011.72,8.89,0,0,104,,
2022-11-05,16:30,16,10,68,WNW,16.1,29,1011.99,8.89,0,0,83,,
2022-11-05,16:45,15.9,9.4,67,NW,12.9,27.4,1011.99,8.89,0,0,39,,
2022-11-05,17:00,15.4,10,70,NW,11.3,20.9,1012.23,8.89,0,0,9,,
2022-11-05,17:15,15.3,10,70,WNW,16.1,29,1012.33,8.89,0,0,0,,
2022-11-05,17:30,15.4,10,70,NW,22.5,30.6,1012.53,8.89,0,0,0,,
2022-11-05,17:45,15.2,9.4,70,WNW,19.3,30.6,1012.67,8.89,0,0,0,,
2022-11-05,18:00,15.1,9.4,71,NW,14.5,32.2,1012.7,8.89,0,0,0,,
2022-11-05,18:15,14.7,9.4,72,NW,6.4,24.1,1012.87,8.89,0,0,0,,
2022-11-05,18:30,14.7,9.4,72,NW,14.5,20.9,1013.04,8.89,0,0,0,,
2022-11-05,18:45,14.9,9.4,70,WNW,19.3,24.1,1013.24,8.89,0,0,0,,
2022-11-05,19:00,14.9,8.9,69,WEST,29,38.6,1013.44,8.89,0,0,0,,
2022-11-05,19:15,15.1,8.3,66,WNW,30.6,49.9,1013.61,8.89,0,0,0,,
2022-11-05,19:30,15.1,7.8,63,WEST,22.5,48.3,1013.61,8.89,0,0,0,,
2022-11-05,19:45,15.1,7.2,61,NW,24.1,38.6,1013.88,8.89,0,0,0,,
2022-11-05,20:00,15,7.2,60,WNW,8,30.6,1014.19,8.89,0,0,0,,
2022-11-05,20:15,14.8,6.7,59,WEST,14.5,24.1,1014.43,8.89,0,0,0,,
2022-11-05,20:30,14.7,7.2,60,NNW,9.7,27.4,1014.43,8.89,0,0,0,,
2022-11-05,20:45,14.9,6.7,59,NW,17.7,40.2,1014.63,8.89,0,0,0,,
2022-11-05,21:00,14.7,7.2,61,WNW,16.1,30.6,1014.8,8.89,0,0,0,,
2022-11-05,21:15,14.5,7.2,61,WNW,8,29,1014.9,8.89,0,0,0,,
2022-11-05,21:30,13.7,6.7,64,NW,4.8,14.5,1015.07,8.89,0,0,0,,
2022-11-05,21:45,13.4,6.7,65,NORTH,0,6.4,1015.27,8.89,0,0,0,,
2022-11-05,22:00,13.2,6.7,66,NORTH,0,4.8,1015.31,8.89,0,0,0,,
2022-11-05,22:15,12.9,6.7,67,NORTH,0,0,1015.51,8.89,0,0,0,,
2022-11-05,22:30,13.3,7.2,66,NW,1.6,8,1015.61,8.89,0,0,0,,
2022-11-05,22:45,13.2,6.7,66,NNW,3.2,6.4,1015.61,8.89,0,0,0,,
2022-11-05,23:00,13.1,6.7,67,NNW,4.8,9.7,1015.65,8.89,0,0,0,,
2022-11-05,23:15,13.2,6.7,66,NW,3.2,9.7,1015.61,8.89,0,0,0,,
2022-11-05,23:30,13.4,7.2,67,NNW,6.4,8,1015.78,8.89,0,0,0,,
2022-11-05,23:45,13.8,7.8,68,NNW,4.8,8,1015.82,8.89,0,0,0,,
2022-11-05,OVR,,,,,,,,,,,,gustmax,32.2
2022-11-05,OVR,,,,,,,,,,,,rainrate_max,35.4
2022-11-05,OVR,,,,,,,,,,,,rain_total_mm,9
2022-11-05,OVR,,,,,,,,,,,,tmax,17.4
2022-11-05,OVR,,,,,,,,,,,,tmin,8.9
2022-11-05,OVR,,,,,,,,,,,,wind_dir_mean_deg,270
2022-11-06,00:00,13.6,7.8,68,NORTH,0,4.8,1015.85,0,0,0,0,,
2022-11-06,00:15,13.6,7.8,70,NNW,3.2,6.4,1015.88,0,0,0,0,,
2022-11-06,00:30,13.5,8.3,71,NNW,3.2,8,1015.95,0,0,0,0,,
2022-11-06,00:45,13.6,8.3,72,NNW,6.4,9.7,1015.95,0,0,0,0,,
2022-11-06,01:00,13.3,8.3,72,NNW,4.8,8,1016.05,0,0,0,0,,
2022-11-06,01:15,13.6,8.3,72,,8,12.9,1015.98,0,0,0,0,,
2022-11-06,01:30,13.4,7.8,70,NNW,8,9.7,1016.05,0,0,0,0,,
2022-11-06,01:45,13.4,7.8,69,NNW,4.8,14.5,1016.15,0,0,0,0,,
2022-11-06,02:00,13.4,7.8,69,NNW,3.2,12.9,1016.19,0,0,0,0,,
2022-11-06,02:15,13.2,7.8,69,NNW,6.4,12.9,1016.12,0,0,0,0,,
2022-11-06,02:30,13.1,7.8,70,NNW,6.4,11.3,1016.22,0,0,0,0,,
2022-11-06,02:45,12.4,7.2,72,NORTH,3.2,6.4,1016.22,0,0,0,0,,
2022-11-06,03:00,11.8,7.2,75,,8,9.7,1016.29,0,0,0,0,,
2022-11-06,03:15,12.6,7.8,72,NNW,12.9,14.5,1016.29,0,0,0,0,,
2022-11-06,03:30,13.1,7.8,70,NNW,6.4,14.5,1016.12,0,0,0,0,,
2022-11-06,03:45,12.9,7.2,70,,4.8,6.4,1015.88,0,0,0,0,,
2022-11-06,04:00,12.6,7.2,71,NNW,1.6,8,1015.98,0,0,0,0,,
2022-11-06,04:15,12.4,7.2,71,NNW,8,8,1016.15,0,0,0,0,,
2022-11-06,04:30,12.3,7.2,72,,3.2,9.7,1016.19,0,0,0,0,,
2022-11-06,04:45,12.9,7.2,70,NNW,1.6,6.4,1016.29,0,0,0,0,,
2022-11-06,05:00,12.9,7.2,69,NNW,3.2,8,1016.39,0,0,0,0,,
2022-11-06,05:15,12.9,7.2,69,NORTH,0,4.8,1016.49,0,0,0,0,,
2022-11-06,05:30,12.5,7.2,70,NNW,3.2,4.8,1016.63,0,0,0,0,,
2022-11-06,05:45,12.1,6.7,71,NNW,4.8,4.8,1016.66,0,0,0,0,,
2022-11-06,06:00,12.4,7.2,71,NNW,1.6,8,1016.59,0,0,0,0,,
2022-11-06,06:15,11.7,6.7,73,NNW,1.6,4.8,1016.49,0,0,0,0,,
2022-11-06,06:30,11.9,6.7,72,NNW,3.2,4.8,1016.76,0,0,0,0,,
2022-11-06,06:45,12.2,7.2,71,NNW,4.8,4.8,1016.73,0,0,0,0,,
2022-11-06,07:00,11.9,6.7,71,NNW,1.6,4.8,1017.03,0,0,0,0,,
2022-11-06,07:15,11.8,6.7,73,NNW,1.6,4.8,1017.07,0,0,0,11,,
2022-11-06,07:30,11.6,6.7,73,NNW,1.6,4.8,1017.17,0,0,0,16,,
2022-11-06,07:45,10.9,6.7,76,NNW,1.6,6.4,1017.41,0,0,0,88,,
2022-11-06,08:00,11.3,7.2,76,NNW,4.8,6.4,1017.64,0,0,0,135,,
2022-11-06,08:15,11.6,7.2,75,NNW,3.2,4.8,1017.85,0,0,0,179,,
2022-11-06,08:30,12.2,7.2,73,NW,4.8,6.4,1017.98,0,0,0,229,,
2022-11-06,08:45,12.8,7.2,70,NW,6.4,8,1018.05,0,0,1,278,,
2022-11-06,09:00,13.1,7.2,69,NW,6.4,11.3,1018.29,0,0,1,316,,
2022-11-06,09:15,13.6,7.2,67,NW,8,12.9,1018.42,0,0,1,355,,
2022-11-06,09:30,14.2,7.8,65,NW,8,12.9,1018.63,0,0,1,394,,
2022-11-06,09:45,14.7,7.2,61,NW,6.4,11.3,1018.63,0,0,1,427,,
2022-11-06,10:00,15.3,7.8,61,NNW,4.8,8,1018.83,0,0,2,457,,
2022-11-06,10:15,15.9,8.3,62,NW,1.6,6.4,1018.76,0,0,2,482,,
2022-11-06,10:30,16.8,9.4,63,WEST,6.4,14.5,1018.8,0,0,1,543,,
2022-11-06,10:45,16.8,9.4,64,NE,9.7,19.3,1018.8,0,0,2,561,,
2022-11-06,11:00,16.8,8.9,61,WEST,12.9,29,1018.93,0,0,2,557,,
2022-11-06,11:15,16.9,9.4,63,WNW,19.3,32.2,1019.07,0,0,2,563,,
2022-11-06,11:30,17.1,10,64,WNW,16.1,35.4,1019,0,0,3,573,,
2022-11-06,11:45,17.2,10.6,66,NW,14.5,33.8,1018.86,0,0,3,610,,
2022-11-06,12:00,17.2,11.1,67,WNW,17.7,40.2,1018.63,0,0,3,550,,
2022-11-06,12:15,17.3,10.6,66,WNW,20.9,37,1018.56,0,0,3,617,,
2022-11-06,12:30,17.6,11.1,67,WEST,19.3,40.2,1018.29,0,0,3,622,,
2022-11-06,12:45,17.7,11.1,66,WNW,24.1,38.6,1018.32,0,0,2,346,,
2022-11-06,13:00,17.2,11.1,68,WEST,22.5,37,1018.35,0,0,2,462,,
2022-11-06,13:15,17.3,11.7,69,NW,19.3,30.6,1018.35,0,0,2,97,,
2022-11-06,13:30,17.6,11.7,68,WNW,24.1,37,1018.42,0,0,2,563,,
2022-11-06,13:45,17.5,11.7,69,WNW,22.5,29,1018.15,0,0,2,566,,
2022-11-06,14:00,17.5,11.1,66,WNW,16.1,30.6,1018.05,0,0,2,489,,
2022-11-06,14:15,17.4,11.1,66,WNW,24.1,25.7,1018.12,0,0,1,469,,
2022-11-06,14:30,17.2,11.1,67,WNW,27.4,30.6,1018.29,0,0,1,464,,
2022-11-06,14:45,16.8,10.6,68,WEST,12.9,29,1018.22,0,0,1,360,,
2022-11-06,15:00,16.8,11.1,69,WEST,17.7,27.4,1018.35,0,0,1,172,,
2022-11-06,15:15,16.9,11.1,68,ENE,14.5,29,1018.49,0,0,1,297,,
2022-11-06,15:30,16.9,10.6,67,WNW,22.5,33.8,1018.46,0,0,1,253,,
2022-11-06,15:45,16.8,10,66,WEST,9.7,29,1018.59,0,0,0,200,,
2022-11-06,16:00,16.7,10,66,WEST,16.1,33.8,1018.49,0,0,0,155,,
2022-11-06,16:15,16.5,10,66,WNW,19.3,32.2,1018.8,0,0,0,107,,
2022-11-06,16:30,16.4,9.4,65,WNW,17.7,29,1018.76,0,0,0,67,,
2022-11-06,16:45,16.2,10,66,WNW,11.3,25.7,1018.73,0,0,0,30,,
2022-11-06,17:00,15.9,9.4,67,WNW,8,20.9,1018.8,0,0,0,18,,
2022-11-06,17:15,15.6,9.4,69,WNW,8,17.7,1018.93,0,0,0,0,,
2022-11-06,17:30,15.4,9.4,69,WEST,16.1,19.3,1019,0,0,0,0,,
2022-11-06,17:45,15.2,9.4,70,WEST,9.7,17.7,1019.24,0,0,0,0,,
2022-11-06,18:00,15,9.4,71,WNW,12.9,16.1,1019.24,0,0,0,0,,
2022-11-06,18:15,15.1,9.4,71,WNW,12.9,17.7,1019.2,0,0,0,0,,
2022-11-06,18:30,14.8,9.4,71,WNW,3.2,16.1,1019.37,0,0,0,0,,
2022-11-06,18:45,14.4,9.4,72,NW,1.6,6.4,1019.57,0,0,0,0,,
2022-11-06,19:00,14.3,9.4,73,NW,1.6,4.8,1019.71,0,0,0,0,,
2022-11-06,19:15,14.2,9.4,74,NW,1.6,6.4,1019.71,0,0,0,0,,
2022-11-06,19:30,13.7,9.4,75,NW,1.6,6.4,1019.84,0,0,0,0,,
2022-11-06,19:45,13.5,9.4,77,NORTH,0,4.8,1020.05,0,0,0,0,,
2022-11-06,20:00,13.3,9.4,79,WNW,4.8,12.9,1020.22,0,0,0,0,,
2022-11-06,20:15,13.4,9.4,79,NW,1.6,6.4,1020.05,0,0,0,0,,
2022-11-06,20:30,13.4,10,79,NW,3.2,4.8,1020.18,0,0,0,0,,
2022-11-06,20:45,13.7,10,79,NW,1.6,4.8,1020.22,0,0,0,0,,
2022-11-06,21:00,13.7,10,79,WNW,3.2,8,1020.29,0,0,0,0,,
2022-11-06,21:15,13.6,10,80,WNW,3.2,4.8,1020.25,0,0,0,0,,
2022-11-06,21:30,13.4,10,81,NORTH,0,3.2,1020.39,0,0,0,0,,
2022-11-06,21:45,13.1,10,82,NORTH,0,3.2,1020.59,0,0,0,0,,
2022-11-06,22:00,13.1,10,82,NW,3.2,3.2,1020.79,0,0,0,0,,
2022-11-06,22:15,13.1,10,82,ENE,1.6,4.8,1020.86,0,0,0,0,,
2022-11-06,22:30,12.3,9.4,83,ENE,1.6,3.2,1020.83,0,0,0,0,,
2022-11-06,22:45,11.9,9.4,85,ENE,3.2,4.8,1020.89,0,0,0,0,,
2022-11-06,23:00,11.7,9.4,87,ENE,1.6,4.8,1021,0,0,0,0,,
2022-11-06,23:15,12.1,9.4,86,ENE,4.8,4.8,1020.96,0,0,0,0,,
2022-11-06,23:30,11.8,9.4,87,ENE,3.2,4.8,1021.1,0,0,0,0,,
2022-11-06,23:45,11.8,9.4,87,ENE,3.2,4.8,1020.93,0,0,0,0,,
2022-11-06,OVR,,,,,,,,,,,,gustmax,27.4
2022-11-06,OVR,,,,,,,,,,,,rainrate_max,0
2022-11-06,OVR,,,,,,,,,,,,rain_total_mm,0
2022-11-06,OVR,,,,,,,,,,,,tmax,17.8
2022-11-06,OVR,,,,,,,,,,,,tmin,10.8
2022-11-06,OVR,,,,,,,,,,,,wind_dir_mean_deg,315
2022-11-07,00:00,12.2,10,86,ENE,1.6,6.4,1021,0,0,0,0,,
2022-11-07,00:15,12.4,10,86,EAST,1.6,3.2,1021,0,0,0,0,,
2022-11-07,00:30,12.8,10,85,EAST,3.2,4.8,1021.1,0,0,0,0,,
2022-11-07,00:45,12.2,9.4,86,NORTH,0,6.4,1021.06,0,0,0,0,,
2022-11-07,01:00,12.4,10,86,EAST,3.2,4.8,1020.93,0,0,0,0,,
2022-11-07,01:15,12.3,10,86,EAST,1.6,4.8,1021.1,0,0,0,0,,
2022-11-07,01:30,11.8,9.4,87,EAST,3.2,4.8,1021,0,0,0,0,,
2022-11-07,01:45,11.9,10,88,EAST,3.2,3.2,1020.96,0,0,0,0,,
2022-11-07,02:00,11.6,9.4,88,NORTH,0,3.2,1021.13,0,0,0,0,,
2022-11-07,02:15,11.9,9.4,87,EAST,1.6,3.2,1021.1,0,0,0,0,,
2022-11-07,02:30,11.9,9.4,87,EAST,3.2,3.2,1020.83,0,0,0,0,,
2022-11-07,02:45,12.3,10,88,EAST,1.6,3.2,1020.86,0,0,0,0,,
2022-11-07,03:00,11.9,10,88,EAST,1.6,3.2,1020.86,0,0,0,0,,
2022-11-07,03:15,12.1,10,89,EAST,3.2,3.2,1020.69,0,0,0,0,,
2022-11-07,03:30,11.9,10,89,EAST,3.2,4.8,1020.73,0,0,0,0,,
2022-11-07,03:45,11.8,10,89,EAST,1.6,6.4,1020.69,0,0,0,0,,
2022-11-07,04:00,12.1,10,89,EAST,1.6,4.8,1020.66,0,0,0,0,,
2022-11-07,04:15,12.2,10,89,EAST,3.2,3.2,1020.62,0,0,0,0,,
2022-11-07,04:30,12.2,10.6,89,EAST,3.2,3.2,1020.62,0,0,0,0,,
2022-11-07,04:45,12.1,10,88,EAST,4.8,6.4,1020.76,0,0,0,0,,
2022-11-07,05:00,11.7,10,89,EAST,1.6,4.8,1020.86,0,0,0,0,,
2022-11-07,05:15,11.6,10,91,EAST,1.6,4.8,1020.86,0,0,0,0,,
2022-11-07,05:30,11.8,10,90,EAST,1.6,3.2,1020.66,0,0,0,0,,
2022-11-07,05:45,12.2,10.6,90,EAST,1.6,4.8,1020.89,0,0,0,0,,
2022-11-07,06:00,12.1,10.6,90,NORTH,0,3.2,1020.93,0,0,0,0,,
2022-11-07,06:15,12,10,89,NORTH,0,4.8,1020.86,0,0,0,0,,
2022-11-07,06:30,11.8,10,90,EAST,3.2,3.2,1021.03,0,0,0,0,,
2022-11-07,06:45,12.1,10,88,EAST,3.2,6.4,1020.86,0,0,0,0,,
2022-11-07,07:00,11.6,9.4,89,EAST,3.2,6.4,1020.86,0,0,0,0,,
2022-11-07,07:15,11.7,9.4,88,NORTH,0,6.4,1021.1,0,0,0,11,,
2022-11-07,07:30,11.8,10,89,ESE,1.6,6.4,1021.23,0,0,0,16,,
2022-11-07,07:45,12.2,10,88,ESE,3.2,6.4,1021.44,0,0,0,76,,
2022-11-07,08:00,12.7,10.6,87,ESE,1.6,3.2,1021.47,0,0,0,120,,
2022-11-07,08:15,13.4,11.1,88,NORTH,0,1.6,1021.67,0,0,0,176,,
2022-11-07,08:30,14.2,11.7,86,NORTH,0,0,1021.71,0,0,0,223,,
2022-11-07,08:45,15.4,12.2,82,ESE,3.2,6.4,1021.67,0,0,1,269,,
2022-11-07,09:00,15.8,12.2,79,SE,6.4,8,1021.88,0,0,1,308,,
2022-11-07,09:15,16.2,12.2,78,SE,3.2,6.4,1022.15,0,0,1,350,,
2022-11-07,09:30,16.6,12.2,77,SE,1.6,4.8,1022.11,0,0,1,380,,
2022-11-07,09:45,16.8,12.2,77,SE,1.6,6.4,1022.22,0,0,1,415,,
2022-11-07,10:00,16.9,12.8,76,SOUTH,1.6,6.4,1022.35,0,0,2,448,,
2022-11-07,10:15,17.2,12.8,76,WNW,4.8,9.7,1022.25,0,0,2,508,,
2022-11-07,10:30,17.2,12.8,76,SSE,3.2,11.3,1022.49,0,0,2,563,,
2022-11-07,10:45,17.7,13.3,75,WSW,1.6,8,1022.52,0,0,2,663,,
2022-11-07,11:00,17.6,12.8,74,NORTH,0,14.5,1022.52,0,0,2,429,,
2022-11-07,11:15,17.9,13.3,75,WEST,3.2,6.4,1022.45,0,0,2,561,,
2022-11-07,11:30,18.1,12.8,73,NW,3.2,14.5,1022.49,0,0,2,598,,
2022-11-07,11:45,17.9,12.8,74,WNW,1.6,12.9,1022.49,0,0,2,209,,
2022-11-07,12:00,18.1,12.8,73,WNW,4.8,12.9,1022.22,0,0,2,316,,
2022-11-07,12:15,18,12.8,72,WEST,4.8,11.3,1022.22,0,0,2,294,,
2022-11-07,12:30,18.2,12.8,72,WNW,11.3,14.5,1022.01,0,0,1,248,,
2022-11-07,12:45,18.3,12.8,70,WNW,6.4,16.1,1021.74,0,0,2,209,,
2022-11-07,13:00,18.4,12.8,69,WEST,12.9,14.5,1021.81,0,0,1,241,,
2022-11-07,13:15,18.4,13.3,72,WNW,8,14.5,1021.71,0,0,1,188,,
2022-11-07,13:30,18.2,12.8,72,WNW,14.5,17.7,1021.74,0,0,1,188,,
2022-11-07,13:45,18.2,13.3,73,WNW,3.2,14.5,1021.64,0,0,1,199,,
2022-11-07,14:00,18.2,13.3,73,WNW,8,17.7,1021.57,0,0,1,193,,
2022-11-07,14:15,18.2,13.3,74,NW,6.4,14.5,1021.37,0,0,1,178,,
2022-11-07,14:30,18,12.8,74,WNW,11.3,16.1,1021.54,0,0,1,139,,
2022-11-07,14:45,18.1,13.3,75,WNW,6.4,14.5,1021.3,0,0,1,172,,
2022-11-07,15:00,18.1,13.3,75,WNW,4.8,12.9,1021.37,0,0,0,109,,
2022-11-07,15:15,17.9,13.3,75,WNW,12.9,16.1,1021.5,0,0,0,95,,
2022-11-07,15:30,17.8,13.3,76,WNW,11.3,16.1,1021.4,0,0,0,86,,
2022-11-07,15:45,17.8,13.3,77,WEST,1.6,6.4,1021.57,0,0,0,111,,
2022-11-07,16:00,17.7,12.8,73,WNW,6.4,12.9,1021.47,0,0,0,60,,
2022-11-07,16:15,17.5,12.2,73,WEST,9.7,14.5,1021.4,0,0,0,70,,
2022-11-07,16:30,17.4,12.8,74,WNW,4.8,8,1021.27,0,0,0,25,,
2022-11-07,16:45,17.2,12.8,76,NORTH,0,3.2,1021.23,0,0,0,25,,
2022-11-07,17:00,17.2,12.8,75,WNW,8,12.9,1021.27,0,0,0,9,,
2022-11-07,17:15,16.9,12.8,76,WNW,6.4,11.3,1021.44,0,0,0,0,,
2022-11-07,17:30,16.8,12.8,78,WNW,3.2,12.9,1021.33,0,0,0,0,,
2022-11-07,17:45,16.3,12.2,79,NORTH,0,8,1021.33,0,0,0,0,,
2022-11-07,18:00,15.8,12.2,80,NORTH,0,6.4,1021.47,0,0,0,0,,
2022-11-07,18:15,15.4,12.2,83,NORTH,0,0,1021.54,0,0,0,0,,
2022-11-07,18:30,15.7,12.8,83,NORTH,0,3.2,1021.57,0,0,0,0,,
2022-11-07,18:45,15.3,12.2,84,NORTH,0,3.2,1021.84,0,0,0,0,,
2022-11-07,19:00,15.3,12.8,85,NORTH,0,3.2,1021.98,0,0,0,0,,
2022-11-07,19:15,15.3,12.8,85,NORTH,0,1.6,1022.08,0,0,0,0,,
2022-11-07,19:30,15.1,12.8,86,NORTH,0,1.6,1022.15,0,0,0,0,,
2022-11-07,19:45,15.1,12.8,86,NORTH,0,3.2,1022.18,0,0,0,0,,
2022-11-07,20:00,14.9,12.2,86,EAST,1.6,1.6,1021.98,0,0,0,0,,
2022-11-07,20:15,15,12.8,86,EAST,3.2,3.2,1021.98,0,0,0,0,,
2022-11-07,20:30,14.9,12.8,87,EAST,6.4,4.8,1021.88,0,0,0,0,,
2022-11-07,20:45,14.5,12.2,86,EAST,4.8,6.4,1021.94,0,0,0,0,,
2022-11-07,21:00,14.3,12.2,88,EAST,6.4,6.4,1021.98,0,0,0,0,,
2022-11-07,21:15,14.3,12.2,88,EAST,4.8,9.7,1022.25,0,0,0,0,,
2022-11-07,21:30,14.4,12.2,88,EAST,4.8,6.4,1022.08,0,0,0,0,,
2022-11-07,21:45,14.4,12.2,88,EAST,1.6,6.4,1022.25,0,0,0,0,,
2022-11-07,22:00,14.7,12.8,89,EAST,3.2,6.4,1022.49,0,0,0,0,,
2022-11-07,22:15,14.9,12.8,88,ESE,4.8,6.4,1022.45,0,0,0,0,,
2022-11-07,22:30,14.7,12.8,88,ESE,6.4,11.3,1022.32,0,0,0,0,,
2022-11-07,22:45,14.5,12.2,89,ESE,4.8,12.9,1022.62,0,0,0,0,,
2022-11-07,23:00,14.3,12.2,89,ESE,6.4,11.3,1022.38,0,0,0,0,,
2022-11-07,23:15,14.1,12.2,89,EAST,11.3,11.3,1022.52,0,0,0,0,,
2022-11-07,23:30,14,12.2,89,EAST,3.2,9.7,1022.35,0,0,0,0,,
2022-11-07,23:45,13.9,11.7,89,ESE,6.4,9.7,1022.25,0,0,0,0,,
2022-11-07,OVR,,,,,,,,,,,,gustmax,14.5
2022-11-07,OVR,,,,,,,,,,,,rainrate_max,0
2022-11-07,OVR,,,,,,,,,,,,rain_total_mm,0
2022-11-07,OVR,,,,,,,,,,,,tmax,18.5
2022-11-07,OVR,,,,,,,,,,,,tmin,11.4
2022-11-07,OVR,,,,,,,,,,,,wind_dir_mean_deg,90
2022-11-08,00:00,14,12.2,89,ESE,6.4,11.3,1022.22,0,0,0,0,,
2022-11-08,00:15,14.1,12.2,88,ESE,6.4,12.9,1022.11,0,0,0,0,,
2022-11-08,00:30,14.1,11.7,88,ESE,6.4,11.3,1021.81,0,0,0,0,,
2022-11-08,00:45,13.9,11.7,89,ESE,4.8,12.9,1021.84,0,0,0,0,,
2022-11-08,01:00,13.8,11.7,89,ESE,4.8,11.3,1021.84,0,0,0,0,,
2022-11-08,01:15,13.7,11.7,88,ESE,3.2,12.9,1021.71,0,0,0,0,,
2022-11-08,01:30,13.8,11.7,88,ESE,9.7,12.9,1021.54,0,0,0,0,,
2022-11-08,01:45,13.8,11.7,87,ESE,4.8,12.9,1021.57,0,0,0,0,,
2022-11-08,02:00,13.6,11.7,89,ESE,4.8,9.7,1021.37,0,0,0,0,,
2022-11-08,02:15,13.9,11.7,89,ESE,6.4,9.7,1021.3,0,0,0,0,,
2022-11-08,02:30,14,12.2,88,ESE,9.7,12.9,1021.47,0,0,0,0,,
2022-11-08,02:45,13.9,11.7,89,ESE,6.4,14.5,1021.23,0,0,0,0,,
2022-11-08,03:00,14.2,12.2,88,ESE,9.7,12.9,1021.03,0,0,0,0,,
2022-11-08,03:15,14.1,11.7,88,ESE,9.7,12.9,1021,0,0,0,0,,
2022-11-08,03:30,14.2,12.2,88,ESE,11.3,12.9,1020.93,0,0,0,0,,
2022-11-08,03:45,14.1,11.7,88,EAST,9.7,11.3,1020.73,0,0,0,0,,
2022-11-08,04:00,14,11.7,88,ESE,6.4,9.7,1020.73,0,0,0,0,,
2022-11-08,04:15,14.3,12.2,88,ESE,9.7,12.9,1020.69,0,0,0,0,,
2022-11-08,04:30,14.2,12.2,88,ESE,9.7,12.9,1020.62,0,0,0,0,,
2022-11-08,04:45,14.3,12.2,88,ESE,12.9,14.5,1020.45,0,0,0,0,,
2022-11-08,05:00,14.3,12.2,87,ESE,9.7,14.5,1020.52,0,0,0,0,,
2022-11-08,05:15,14.4,12.2,87,ESE,6.4,12.9,1020.56,0,0,0,0,,
2022-11-08,05:30,14.4,12.2,87,ESE,9.7,12.9,1020.66,0,0,0,0,,
2022-11-08,05:45,14.4,12.2,87,ESE,4.8,12.9,1020.62,0,0,0,0,,
2022-11-08,06:00,14.3,12.2,88,EAST,4.8,11.3,1020.69,0,0,0,0,,
2022-11-08,06:15,14.4,12.2,89,ESE,6.4,11.3,1020.69,0,0,0,0,,
2022-11-08,06:30,14.1,12.2,89,ESE,4.8,9.7,1020.59,0,0,0,0,,
2022-11-08,06:45,14.2,12.2,89,ESE,9.7,12.9,1020.66,0,0,0,0,,
2022-11-08,07:00,14.3,12.2,89,ESE,6.4,14.5,1020.56,0,0,0,0,,
2022-11-08,07:15,14.2,12.2,89,ESE,11.3,14.5,1020.52,0,0,0,11,,
2022-11-08,07:30,14.1,12.2,88,ESE,9.7,12.9,1020.52,0,0,0,30,,
2022-11-08,07:45,14.2,11.7,87,ESE,6.4,12.9,1020.89,0,0,0,25,,
2022-11-08,08:00,14.3,12.2,87,EAST,6.4,12.9,1020.96,0,0,0,56,,
2022-11-08,08:15,14.7,12.2,86,ESE,6.4,9.7,1021.37,0,0,0,176,,
2022-11-08,08:30,15.1,12.2,85,ESE,4.8,9.7,1021.2,0,0,0,220,,
2022-11-08,08:45,15.5,12.2,83,EAST,6.4,11.3,1021.37,0,0,1,265,,
2022-11-08,09:00,15.7,12.2,82,ESE,9.7,14.5,1021.47,0,0,1,306,,
2022-11-08,09:15,16.3,12.8,81,EAST,4.8,11.3,1021.61,0,0,1,357,,
2022-11-08,09:30,16.4,12.8,81,EAST,6.4,14.5,1021.74,0,0,1,390,,
2022-11-08,09:45,16.8,13.3,80,EAST,4.8,12.9,1021.78,0,0,1,413,,
2022-11-08,10:00,17,13.3,80,ESE,3.2,16.1,1021.88,0,0,2,445,,
2022-11-08,10:15,17.3,13.3,79,EAST,3.2,19.3,1021.64,0,0,2,480,,
2022-11-08,10:30,17.4,13.3,79,ESE,6.4,16.1,1021.74,0,0,2,497,,
2022-11-08,10:45,17.6,13.3,78,ESE,12.9,22.5,1021.57,0,0,2,520,,
2022-11-08,11:00,17.8,13.3,77,SE,17.7,24.1,1021.5,0,0,2,577,,
2022-11-08,11:15,18.2,13.9,76,SSE,11.3,24.1,1021.37,0,0,2,561,,
2022-11-08,11:30,18.2,13.9,76,SE,14.5,25.7,1021.13,0,0,2,570,,
2022-11-08,11:45,18.6,13.9,75,SSE,6.4,24.1,1021.06,0,0,3,591,,
2022-11-08,12:00,18.7,13.3,73,ESE,6.4,25.7,1020.96,0,0,3,564,,
2022-11-08,12:15,19.1,13.9,72,ESE,14.5,25.7,1020.89,0,0,3,570,,
2022-11-08,12:30,19.2,13.9,72,ESE,16.1,25.7,1020.49,0,0,3,564,,
2022-11-08,12:45,19.3,13.9,72,ESE,19.3,25.7,1020.32,0,0,3,550,,
2022-11-08,13:00,19.2,13.9,73,SE,14.5,25.7,1020.22,0,0,2,541,,
2022-11-08,13:15,19.3,13.9,72,ESE,9.7,27.4,1020.15,0,0,2,527,,
2022-11-08,13:30,19.4,13.9,71,ESE,16.1,27.4,1020.05,0,0,2,510,,
2022-11-08,13:45,19.2,13.9,72,SE,12.9,32.2,1020.08,0,0,2,487,,
2022-11-08,14:00,19.3,13.9,72,SE,17.7,29,1019.98,0,0,2,462,,
2022-11-08,14:15,19.3,13.9,72,ESE,11.3,27.4,1020.08,0,0,2,432,,
2022-11-08,14:30,19.2,13.9,73,SE,16.1,29,1020.05,0,0,1,401,,
2022-11-08,14:45,19.3,13.9,72,SE,12.9,30.6,1019.74,0,0,1,364,,
2022-11-08,15:00,19.1,13.9,73,EAST,16.1,25.7,1019.81,0,0,1,330,,
2022-11-08,15:15,19.1,13.9,71,SSE,19.3,27.4,1019.68,0,0,1,290,,
2022-11-08,15:30,18.8,13.3,72,SE,14.5,27.4,1019.64,0,0,1,246,,
2022-11-08,15:45,18.7,13.9,74,SE,22.5,25.7,1019.51,0,0,0,199,,
2022-11-08,16:00,18.4,13.9,75,SE,14.5,29,1019.61,0,0,0,148,,
2022-11-08,16:15,18.1,13.9,76,SE,20.9,27.4,1019.61,0,0,0,102,,
2022-11-08,16:30,17.9,13.3,76,ESE,20.9,22.5,1019.61,0,0,0,60,,
2022-11-08,16:45,17.6,13.3,77,SE,17.7,25.7,1019.64,0,0,0,26,,
2022-11-08,17:00,17.2,13.3,80,SE,16.1,25.7,1019.61,0,0,0,14,,
2022-11-08,17:15,16.8,13.3,81,SE,22.5,25.7,1019.57,0,0,0,0,,
2022-11-08,17:30,16.5,13.3,83,SE,16.1,25.7,1019.57,0,0,0,0,,
2022-11-08,17:45,16.3,13.3,84,ESE,20.9,25.7,1019.57,0,0,0,0,,
2022-11-08,18:00,16.2,13.3,85,SE,17.7,22.5,1019.54,0,0,0,0,,
2022-11-08,18:15,15.9,13.3,85,ESE,16.1,22.5,1019.74,0,0,0,0,,
2022-11-08,18:30,15.9,13.3,85,ESE,19.3,25.7,1019.84,0,0,0,0,,
2022-11-08,18:45,16.1,13.3,86,ESE,19.3,27.4,1019.81,0,0,0,0,,
2022-11-08,19:00,16.1,13.3,86,ESE,16.1,30.6,1019.98,0,0,0,0,,
2022-11-08,19:15,16.1,13.9,87,SE,20.9,25.7,1019.98,0,0,0,0,,
2022-11-08,19:30,15.9,13.3,87,SE,17.7,25.7,1019.91,0,0,0,0,,
2022-11-08,19:45,15.7,13.3,87,SE,17.7,24.1,1020.01,0,0,0,0,,
2022-11-08,20:00,15.8,13.3,86,ESE,16.1,25.7,1020.08,0,0,0,0,,
2022-11-08,20:15,15.6,12.8,85,ESE,19.3,22.5,1020.15,0,0,0,0,,
2022-11-08,20:30,15.6,12.8,84,ESE,16.1,22.5,1020.29,0,0,0,0,,
2022-11-08,20:45,15.7,12.8,83,SE,11.3,24.1,1020.32,0,0,0,0,,
2022-11-08,21:00,15.5,12.8,83,ESE,9.7,20.9,1020.49,0,0,0,0,,
2022-11-08,21:15,15.3,12.2,84,ESE,12.9,16.1,1020.49,0,0,0,0,,
2022-11-08,21:30,15.3,12.2,84,ESE,11.3,16.1,1020.56,0,0,0,0,,
2022-11-08,21:45,14.9,12.2,84,ESE,9.7,14.5,1020.56,0,0,0,0,,
2022-11-08,22:00,14.8,12.2,85,ESE,9.7,17.7,1020.32,0,0,0,0,,
2022-11-08,22:15,14.8,12.2,87,ESE,6.4,16.1,1020.62,0,0,0,0,,
2022-11-08,22:30,14.9,12.2,86,ESE,11.3,16.1,1020.56,0,0,0,0,,
2022-11-08,22:45,14.8,12.2,86,ESE,11.3,16.1,1020.56,0,0,0,0,,
2022-11-08,23:00,15.2,12.8,86,ESE,9.7,14.5,1020.62,0,0,0,0,,
2022-11-08,23:15,14.9,12.2,85,EAST,11.3,14.5,1020.56,0,0,0,0,,
2022-11-08,23:30,14.8,12.2,85,EAST,9.7,17.7,1020.52,0,0,0,0,,
2022-11-08,23:45,14.9,12.2,85,ESE,14.5,16.1,1020.32,0,0,0,0,,
2022-11-08,OVR,,,,,,,,,,,,gustmax,22.5
2022-11-08,OVR,,,,,,,,,,,,rainrate_max,0
2022-11-08,OVR,,,,,,,,,,,,rain_total_mm,0
2022-11-08,OVR,,,,,,,,,,,,tmax,19.6
2022-11-08,OVR,,,,,,,,,,,,tmin,13.6
2022-11-08,OVR,,,,,,,,,,,,wind_dir_mean_deg,112.5
2022-11-09,00:00,14.6,11.7,85,ESE,12.9,16.1,1020.39,0,0,0,0,,
2022-11-09,00:15,14.7,12.2,86,EAST,6.4,16.1,1020.42,0,0,0,0,,
2022-11-09,00:30,14.7,12.2,86,EAST,9.7,14.5,1020.42,0,0,0,0,,
2022-11-09,00:45,14.7,12.2,86,EAST,6.4,14.5,1020.39,0,0,0,0,,
2022-11-09,01:00,14.8,12.2,85,ESE,9.7,14.5,1020.32,0,0,0,0,,
2022-11-09,01:15,14.7,12.2,86,ESE,9.7,14.5,1020.39,0,0,0,0,,
2022-11-09,01:30,14.9,12.8,87,EAST,11.3,16.1,1020.32,0,0,0,0,,
2022-11-09,01:45,14.9,12.2,86,ESE,6.4,17.7,1020.25,0,0,0,0,,
2022-11-09,02:00,14.6,12.2,86,ESE,14.5,16.1,1020.35,0,0,0,0,,
2022-11-09,02:15,14.6,12.2,86,ESE,9.7,14.5,1020.25,0,0,0,0,,
2022-11-09,02:30,14.7,12.2,86,EAST,11.3,14.5,1020.18,0,0,0,0,,
2022-11-09,02:45,14.7,12.2,87,ESE,12.9,16.1,1019.98,0,0,0,0,,
2022-11-09,03:00,14.4,12.2,87,ESE,9.7,16.1,1020.01,0,0,0,0,,
2022-11-09,03:15,14.6,12.2,87,ESE,9.7,14.5,1019.81,0,0,0,0,,
2022-11-09,03:30,14.7,12.2,87,ESE,9.7,17.7,1019.64,0,0,0,0,,
2022-11-09,03:45,14.8,12.2,86,EAST,14.5,17.7,1019.51,0,0,0,0,,
2022-11-09,04:00,14.6,12.2,86,ESE,6.4,16.1,1019.68,0,0,0,0,,
2022-11-09,04:15,14.2,11.7,87,ESE,6.4,11.3,1019.57,0,0,0,0,,
2022-11-09,04:30,14.1,11.7,87,SE,6.4,14.5,1019.81,0,0,0,0,,
2022-11-09,04:45,13.9,11.7,88,ESE,11.3,11.3,1019.47,0,0,0,0,,
2022-11-09,05:00,14.1,12.2,88,ESE,11.3,14.5,1019.57,0,0,0,0,,
2022-11-09,05:15,14.3,12.2,88,ESE,9.7,14.5,1019.44,0,0,0,0,,
2022-11-09,05:30,14.7,12.2,87,ESE,6.4,16.1,1019.37,0,0,0,0,,
2022-11-09,05:45,14.8,12.2,86,EAST,11.3,16.1,1019.51,0,0,0,0,,
2022-11-09,06:00,14.9,12.2,86,ESE,9.7,12.9,1019.2,0,0,0,0,,
2022-11-09,06:15,14.9,12.2,86,ESE,11.3,14.5,1019.27,0,0,0,0,,
2022-11-09,06:30,14.6,12.2,86,ESE,9.7,16.1,1019.3,0,0,0,0,,
2022-11-09,06:45,14.5,12.2,87,ESE,11.3,16.1,1019.24,0,0,0,0,,
2022-11-09,07:00,14.6,12.2,87,ESE,12.9,16.1,1019.37,0,0,0,0,,
2022-11-09,07:15,14.7,12.2,86,ESE,9.7,14.5,1019.57,0,0,0,14,,
2022-11-09,07:30,14.8,12.2,86,ESE,6.4,12.9,1019.68,0,0,0,25,,
2022-11-09,07:45,14.8,12.2,86,ESE,8,12.9,1019.81,0,0,0,44,,
2022-11-09,08:00,14.9,12.8,86,ESE,12.9,16.1,1019.98,0,0,0,51,,
2022-11-09,08:15,15.1,12.8,86,ESE,11.3,14.5,1020.08,0,0,0,125,,
2022-11-09,08:30,15.3,12.8,86,SE,6.4,16.1,1020.29,0,0,0,123,,
2022-11-09,08:45,15.6,12.8,86,EAST,11.3,14.5,1020.25,0,0,0,142,,
2022-11-09,09:00,16.2,13.3,85,EAST,8,16.1,1020.32,0,0,1,285,,
2022-11-09,09:15,16.1,13.3,84,ESE,11.3,14.5,1020.29,0,0,1,171,,
2022-11-09,09:30,16.4,13.3,84,EAST,4.8,16.1,1020.45,0,0,1,278,,
2022-11-09,09:45,16.6,13.9,84,EAST,14.5,16.1,1020.42,0,0,1,320,,
2022-11-09,10:00,17.1,13.9,84,EAST,9.7,14.5,1020.35,0,0,1,323,,
2022-11-09,10:15,17.7,14.4,83,ESE,9.7,16.1,1020.42,0,0,1,376,,
2022-11-09,10:30,17.9,15,83,SE,17.7,25.7,1020.29,0,0,2,408,,
2022-11-09,10:45,18.2,15,82,ESE,19.3,27.4,1020.32,0,0,2,471,,
2022-11-09,11:00,18.6,15,82,SSE,8,25.7,1020.35,0,0,2,489,,
2022-11-09,11:15,18.8,15.6,82,ESE,19.3,24.1,1020.29,0,0,2,466,,
2022-11-09,11:30,19.2,15.6,81,ESE,20.9,25.7,1020.35,0,0,2,473,,
2022-11-09,11:45,19.3,16.1,81,SSE,14.5,24.1,1020.18,0,0,2,503,,
2022-11-09,12:00,19.6,15.6,80,SE,4.8,20.9,1020.22,0,0,2,490,,
2022-11-09,12:15,19.8,16.1,79,SE,8,22.5,1019.81,0,0,2,392,,
2022-11-09,12:30,19.7,15.6,78,SE,12.9,19.3,1019.84,0,0,2,348,,
2022-11-09,12:45,19.6,15.6,78,SE,12.9,20.9,1019.68,0,0,2,385,,
2022-11-09,13:00,19.8,15.6,78,SSE,12.9,20.9,1019.47,0,0,2,422,,
2022-11-09,13:15,20.4,16.1,77,SSE,12.9,19.3,1019.4,0,0,2,450,,
2022-11-09,13:30,20.6,16.1,76,SE,8,17.7,1019.51,0,0,2,475,,
2022-11-09,13:45,20.5,15.6,75,SE,14.5,17.7,1019.37,0,0,2,427,,
2022-11-09,14:00,20.6,15.6,74,ESE,11.3,19.3,1019.37,0,0,2,380,,
2022-11-09,14:15,20.6,16.1,75,SE,8,19.3,1019.17,0,0,1,288,,
2022-11-09,14:30,20.7,15.6,74,SE,12.9,16.1,1019.1,0,0,1,292,,
2022-11-09,14:45,20.6,16.1,76,SE,4.8,16.1,1019.13,0,0,1,272,,
2022-11-09,15:00,20.6,16.1,75,SE,8,16.1,1019.2,0,0,1,272,,
2022-11-09,15:15,20.4,15.6,76,SE,8,16.1,1019.3,0,0,1,171,,
2022-11-09,15:30,20.2,16.1,77,ESE,11.3,14.5,1019.34,0,0,0,188,,
2022-11-09,15:45,20.1,16.1,77,ESE,8,17.7,1019.3,0,0,0,137,,
2022-11-09,16:00,20,16.1,79,SE,12.9,17.7,1019.27,0,0,0,120,,
2022-11-09,16:15,19.7,16.1,81,SE,8,14.5,1019.24,0,0,0,65,,
2022-11-09,16:30,19.3,16.1,83,SE,9.7,12.9,1019.3,0,0,0,39,,
2022-11-09,16:45,18.9,16.1,84,SE,8,14.5,1019.17,0,0,0,23,,
2022-11-09,17:00,18.4,15.6,85,SE,11.3,14.5,1019.27,0,0,0,9,,
2022-11-09,17:15,18.2,15.6,87,SE,12.9,14.5,1019.34,0,0,0,0,,
2022-11-09,17:30,17.9,15.6,88,SE,11.3,16.1,1019.17,0,0,0,0,,
2022-11-09,17:45,17.8,15.6,89,SE,12.9,14.5,1019.3,0,0,0,0,,
2022-11-09,18:00,17.6,15.6,89,SE,14.5,16.1,1019.54,0,0,0,0,,
2022-11-09,18:15,17.5,15.6,90,SE,6.4,14.5,1019.57,0,0,0,0,,
2022-11-09,18:30,17.4,15.6,90,SE,11.3,14.5,1019.54,0,0,0,0,,
2022-11-09,18:45,17.4,15.6,90,SE,8,14.5,1019.68,0,0,0,0,,
2022-11-09,19:00,17.2,15.6,91,SE,12.9,14.5,1019.84,0,0,0,0,,
2022-11-09,19:15,17.1,15.6,92,SE,12.9,16.1,1019.84,0,0,0,0,,
2022-11-09,19:30,17.1,15.6,92,SE,12.9,16.1,1019.74,0,0,0,0,,
2022-11-09,19:45,17.1,15.6,92,SE,11.3,16.1,1019.88,0,0,0,0,,
2022-11-09,20:00,17.1,15.6,93,SE,6.4,14.5,1019.81,0,0,0,0,,
2022-11-09,20:15,17.1,16.1,93,SE,11.3,14.5,1019.81,0,0,0,0,,
2022-11-09,20:30,16.8,15.6,94,SSE,1.6,4.8,1020.12,0,0,0,0,,
2022-11-09,20:45,16.5,15,93,SSE,1.6,3.2,1020.05,0,0,0,0,,
2022-11-09,21:00,16.6,15.6,94,SE,3.2,4.8,1020.12,0,0,0,0,,
2022-11-09,21:15,16.3,15,94,ESE,3.2,8,1020.12,0,0,0,0,,
2022-11-09,21:30,16.3,15,94,NORTH,0,3.2,1020.15,0,0,0,0,,
2022-11-09,21:45,15.8,15,94,ESE,3.2,4.8,1020.01,0,0,0,0,,
2022-11-09,22:00,15.7,14.4,94,NORTH,0,3.2,1020.32,0,0,0,0,,
2022-11-09,22:15,15.7,14.4,94,ESE,1.6,4.8,1020.22,0,0,0,0,,
2022-11-09,23:00,15.6,14.4,95,ESE,1.6,3.2,1020.12,0,0,0,0,,
2022-11-09,23:15,15.8,15,95,ESE,1.6,4.8,1020.22,0,0,0,0,,
2022-11-09,23:30,15.9,15,95,EAST,1.6,3.2,1020.42,0,0,0,0,,
2022-11-09,23:45,15.1,13.9,95,NORTH,0,0,1020.45,0,0,0,0,,
2022-11-09,OVR,,,,,,,,,,,,gustmax,20.9
2022-11-09,OVR,,,,,,,,,,,,rainrate_max,0
2022-11-09,OVR,,,,,,,,,,,,rain_total_mm,0
2022-11-09,OVR,,,,,,,,,,,,tmax,20.8
2022-11-09,OVR,,,,,,,,,,,,tmin,13.9
2022-11-09,OVR,,,,,,,,,,,,wind_dir_mean_deg,112.5
2022-11-10,00:00,15.1,13.9,95,NORTH,0,3.2,1020.45,0,0,0,0,,
2022-11-10,00:15,14.7,13.9,95,NORTH,0,0,1020.42,0,0,0,0,,
2022-11-10,00:30,14.7,13.9,95,EAST,1.6,1.6,1020.32,0,0,0,0,,
2022-11-10,00:45,14.9,13.9,95,EAST,1.6,3.2,1020.18,0,0,0,0,,
2022-11-10,01:00,15.3,14.4,95,NORTH,0,0,1020.25,0,0,0,0,,
2022-11-10,01:15,15.1,13.9,95,NORTH,0,0,1020.29,0,0,0,0,,
2022-11-10,01:30,14.6,13.9,96,NORTH,0,0,1020.39,0,0,0,0,,
2022-11-10,01:45,14.4,13.3,95,NORTH,0,0,1020.45,0,0,0,0,,
2022-11-10,02:00,14.8,13.9,96,NORTH,0,0,1020.39,0,0,0,0,,
2022-11-10,02:15,15.4,14.4,96,NORTH,0,3.2,1020.56,0,0,0,0,,
2022-11-10,02:30,15.4,14.4,96,NORTH,0,0,1020.42,0,0,0,0,,
2022-11-10,02:45,15.3,14.4,95,NORTH,0,0,1020.42,0,0,0,0,,
2022-11-10,03:00,15.2,14.4,96,NORTH,0,1.6,1020.52,0,0,0,0,,
2022-11-10,03:15,15.4,14.4,96,NORTH,0,0,1020.29,0,0,0,0,,
2022-11-10,03:30,14.8,13.9,96,NORTH,0,0,1020.25,0,0,0,0,,
2022-11-10,03:45,14.9,13.9,96,NORTH,0,0,1020.05,0,0,0,0,,
2022-11-10,04:00,15.2,14.4,96,NORTH,0,0,1020.29,0,0,0,0,,
2022-11-10,04:15,14.7,13.9,95,NORTH,0,0,1020.15,0,0,0,0,,
2022-11-10,04:30,14.6,13.9,95,NORTH,0,0,1020.22,0,0,0,0,,
2022-11-10,04:45,14.7,13.9,95,NORTH,0,0,1020.35,0,0,0,0,,
2022-11-10,05:00,14.8,13.9,95,NORTH,0,0,1020.32,0,0,0,0,,
2022-11-10,05:15,14.4,13.3,94,NORTH,0,0,1020.52,0,0,0,0,,
2022-11-10,05:30,14.3,13.3,96,NORTH,0,0,1020.59,0,0,0,0,,
2022-11-10,05:45,14.7,13.9,95,NE,3.2,4.8,1020.62,0,0,0,0,,
2022-11-10,06:00,13.9,12.8,94,NORTH,0,4.8,1020.66,0,0,0,0,,
2022-11-10,06:15,13.6,12.8,95,NORTH,0,4.8,1020.69,0,0,0,0,,
2022-11-10,06:30,14.1,12.8,95,NNE,3.2,4.8,1020.79,0,0,0,0,,
2022-11-10,06:45,13.8,12.8,94,NORTH,1.6,4.8,1020.86,0,0,0,0,,
2022-11-10,07:00,14.1,12.8,94,NORTH,0,1.6,1020.86,0,0,0,0,,
2022-11-10,07:15,13.9,12.8,94,NORTH,0,3.2,1020.89,0,0,0,11,,
2022-11-10,07:30,13.9,12.8,93,,1.6,4.8,1021.23,0,0,0,30,,
2022-11-10,07:45,14.2,12.8,93,,1.6,4.8,1021.3,0,0,0,46,,
2022-11-10,08:00,14.3,12.8,92,NORTH,0,4.8,1021.5,0,0,0,51,,
2022-11-10,08:15,14.5,12.8,92,NORTH,0,1.6,1021.78,0,0,0,98,,
2022-11-10,08:30,14.8,13.3,90,NORTH,0,4.8,1021.88,0,0,0,162,,
2022-11-10,08:45,16.1,14.4,91,NORTH,1.6,4.8,1021.81,0,0,0,244,,
2022-11-10,09:00,16.7,15,90,NORTH,1.6,4.8,1021.91,0,0,1,264,,
2022-11-10,09:15,17.3,15,88,NORTH,0,1.6,1021.98,0,0,1,302,,
2022-11-10,09:30,17.4,15,87,NORTH,1.6,3.2,1022.01,0,0,1,236,,
2022-11-10,09:45,17.6,15.6,87,NORTH,1.6,1.6,1022.18,0,0,1,306,,
2022-11-10,10:00,18.1,15.6,85,NORTH,0,3.2,1022.18,0,0,1,434,,
2022-11-10,10:15,18.2,15.6,86,NNW,3.2,6.4,1022.25,0,0,1,360,,
2022-11-10,10:30,18.4,15.6,83,,3.2,4.8,1022.45,0,0,2,413,,
2022-11-10,10:45,19.3,15.6,78,NE,3.2,4.8,1022.45,0,0,2,446,,
2022-11-10,11:00,19.4,14.4,75,EAST,6.4,11.3,1022.59,0,0,2,555,,
2022-11-10,11:15,20,15,73,ENE,1.6,6.4,1022.66,0,0,2,513,,
2022-11-10,11:30,20.3,13.3,64,NE,3.2,6.4,1022.66,0,0,2,445,,
2022-11-10,11:45,20.4,12.8,62,NE,3.2,6.4,1022.79,0,0,2,519,,
2022-11-10,12:00,21.4,13.9,63,NNE,1.6,6.4,1022.55,0,0,2,566,,
2022-11-10,12:15,21.3,12.8,59,ENE,1.6,4.8,1022.49,0,0,2,534,,
2022-11-10,12:30,21.6,12.2,55,EAST,1.6,8,1022.45,0,0,2,468,,
2022-11-10,12:45,21.9,12.2,54,EAST,1.6,6.4,1022.52,0,0,2,475,,
2022-11-10,13:00,21.9,14.4,64,SSE,1.6,9.7,1022.38,0,0,2,534,,
2022-11-10,13:15,21.8,15,65,SOUTH,3.2,14.5,1022.52,0,0,2,452,,
2022-11-10,13:30,21.8,15.6,68,WEST,9.7,14.5,1022.45,0,0,2,522,,
2022-11-10,13:45,21.6,15.6,70,WEST,4.8,16.1,1022.55,0,0,2,413,,
2022-11-10,14:00,21.5,15.6,70,WNW,8,16.1,1022.72,0,0,2,415,,
2022-11-10,14:15,21.2,15.6,72,WEST,6.4,20.9,1022.86,0,0,1,295,,
2022-11-10,14:30,21.2,16.1,73,WNW,11.3,19.3,1022.72,0,0,1,417,,
2022-11-10,14:45,20.9,15.6,73,WNW,8,16.1,1022.93,0,0,1,250,,
2022-11-10,15:00,20.8,15.6,72,WEST,4.8,20.9,1023.13,0,0,1,287,,
2022-11-10,15:15,20.6,15.6,73,WNW,12.9,24.1,1023.16,0,0,1,232,,
2022-11-10,15:30,20.6,15.6,74,WEST,9.7,16.1,1023.4,0,0,0,127,,
2022-11-10,15:45,20.1,16.1,78,WEST,6.4,19.3,1023.54,0,0,0,93,,
2022-11-10,16:00,19.5,16.1,81,WEST,6.4,19.3,1023.71,0,0,0,79,,
2022-11-10,16:15,19.1,16.1,84,WEST,6.4,14.5,1023.87,0,0,0,62,,
2022-11-10,16:30,18.8,16.1,86,WNW,1.6,17.7,1023.94,0,0,0,69,,
2022-11-10,16:45,18.6,16.1,88,WEST,4.8,14.5,1024.15,0,0,0,37,,
2022-11-10,17:00,18.2,16.1,89,WNW,4.8,14.5,1024.28,0,0,0,9,,
2022-11-10,17:15,17.9,16.1,90,NORTH,0,11.3,1024.21,0,0,0,0,,
2022-11-10,17:30,17.8,16.1,92,WNW,3.2,11.3,1024.48,0,0,0,0,,
2022-11-10,17:45,17.6,16.1,92,WSW,3.2,8,1024.69,0,0,0,0,,
2022-11-10,18:00,17.6,16.1,93,ENE,8,11.3,1024.99,0,0,0,0,,
2022-11-10,18:15,17.6,16.1,93,WEST,4.8,17.7,1024.96,0,0,0,0,,
2022-11-10,18:30,17.4,16.1,94,WNW,3.2,12.9,1025.3,0,0,0,0,,
2022-11-10,18:45,17.4,16.1,94,NW,6.4,14.5,1025.33,0,0,0,0,,
2022-11-10,19:00,17.4,16.1,94,WNW,3.2,14.5,1025.47,0,0,0,0,,
2022-11-10,19:15,17.2,16.1,95,WNW,1.6,3.2,1025.67,0,0,0,0,,
2022-11-10,19:30,17.2,16.1,95,NORTH,0,9.7,1025.8,0,0,0,0,,
2022-11-10,19:45,17.2,16.1,95,NORTH,0,4.8,1026.04,0,0,0,0,,
2022-11-10,20:00,17.1,16.1,95,NORTH,0,3.2,1026.04,0,0,0,0,,
2022-11-10,20:15,17.1,16.1,95,NORTH,0,1.6,1026.08,0,0,0,0,,
2022-11-10,20:30,16.7,15.6,95,WEST,3.2,3.2,1026.31,0,0,0,0,,
2022-11-10,20:45,16.3,15.6,95,ENE,8,11.3,1026.35,0,0,0,0,,
2022-11-10,21:00,16.1,15,95,ENE,16.1,16.1,1026.21,0,0,0,0,,
2022-11-10,21:15,16.1,15,95,EAST,9.7,17.7,1026.38,0,0,0,0,,
2022-11-10,21:30,16.2,15.6,95,EAST,11.3,14.5,1026.38,0,0,0,0,,
2022-11-10,21:45,16.3,15.6,95,EAST,12.9,16.1,1026.48,0,0,0,0,,
2022-11-10,22:00,16.2,15,95,EAST,11.3,17.7,1026.52,0,0,0,0,,
2022-11-10,22:15,15.9,15,95,EAST,6.4,17.7,1026.72,0,0,0,0,,
2022-11-10,22:30,15.7,14.4,95,EAST,3.2,17.7,1026.89,0,0,0,0,,
2022-11-10,22:45,15.6,14.4,94,ESE,11.3,12.9,1026.65,0,0,0,0,,
2022-11-10,23:00,15.7,14.4,93,ESE,9.7,19.3,1026.58,0,0,0,0,,
2022-11-10,23:15,16,14.4,92,ESE,20.9,22.5,1026.85,0,0,0,0,,
2022-11-10,23:30,16.4,14.4,88,ESE,16.1,24.1,1026.85,0,0,0,0,,
2022-11-10,23:45,16.6,13.9,85,SE,11.3,22.5,1027.02,0,0,0,0,,
2022-11-10,OVR,,,,,,,,,,,,gustmax,20.9
2022-11-10,OVR,,,,,,,,,,,,rainrate_max,0
2022-11-10,OVR,,,,,,,,,,,,rain_total_mm,0
2022-11-10,OVR,,,,,,,,,,,,tmax,22.3
2022-11-10,OVR,,,,,,,,,,,,tmin,13.4
2022-11-10,OVR,,,,,,,,,,,,wind_dir_mean_deg,0
2022-11-11,00:00,16.8,13.3,82,ESE,11.3,17.7,1026.85,0,0,0,0,,
2022-11-11,00:15,16.7,13.3,82,ESE,11.3,17.7,1026.99,0,0,0,0,,
2022-11-11,00:30,16.8,13.3,82,EAST,16.1,19.3,1027.02,0,0,0,0,,
2022-11-11,00:45,16.8,13.9,83,ESE,14.5,27.4,1027.16,0,0,0,0,,
2022-11-11,01:00,16.8,13.9,84,EAST,17.7,24.1,1027.02,0,0,0,0,,
2022-11-11,01:15,16.9,13.9,83,ESE,16.1,24.1,1027.06,0,0,0,0,,
2022-11-11,01:30,16.9,13.9,83,SE,11.3,22.5,1027.16,0,0,0,0,,
2022-11-11,01:45,16.8,13.9,84,ESE,9.7,20.9,1027.29,0,0,0,0,,
2022-11-11,02:00,16.7,13.9,84,SE,12.9,16.1,1027.36,0,0,0,0,,
2022-11-11,02:15,16.9,13.9,83,ESE,16.1,22.5,1027.36,0,0,0,0,,
2022-11-11,02:30,16.9,13.9,83,ESE,11.3,19.3,1027.4,0,0,0,0,,
2022-11-11,02:45,16.9,13.9,83,ESE,12.9,19.3,1027.43,0,0,0,0,,
2022-11-11,03:00,16.9,13.9,84,ESE,14.5,20.9,1027.4,0,0,0,0,,
2022-11-11,03:15,16.9,13.9,84,ESE,16.1,20.9,1027.43,0,0,0,0,,
2022-11-11,03:30,16.7,13.9,85,ESE,14.5,19.3,1027.6,0,0,0,0,,
2022-11-11,03:45,16.6,13.9,85,SE,16.1,20.9,1027.43,0,0,0,0,,
2022-11-11,04:00,16.7,13.9,85,SE,6.4,20.9,1027.46,0,0,0,0,,
2022-11-11,04:15,16.7,13.9,84,ESE,16.1,19.3,1027.6,0,0,0,0,,
2022-11-11,04:30,16.8,13.9,84,ESE,9.7,25.7,1027.46,0,0,0,0,,
2022-11-11,04:45,16.7,13.9,84,EAST,11.3,20.9,1027.6,0,0,0,0,,
2022-11-11,05:00,16.7,13.9,85,EAST,11.3,22.5,1027.63,0,0,0,0,,
2022-11-11,05:15,16.6,13.9,85,EAST,16.1,17.7,1027.6,0,0,0,0,,
2022-11-11,05:30,16.6,13.9,85,ESE,6.4,17.7,1027.67,0,0,0,0,,
2022-11-11,05:45,16.5,13.9,85,EAST,12.9,16.1,1027.87,0,0,0,0,,
2022-11-11,06:00,16.3,13.9,86,ESE,6.4,14.5,1027.8,0,0,0,0,,
2022-11-11,06:15,16,13.3,86,EAST,3.2,14.5,1028.04,0,0,0,0,,
2022-11-11,06:30,15.7,13.3,87,EAST,6.4,11.3,1028.01,0,0,0,0,,
2022-11-11,06:45,15.7,13.3,88,EAST,4.8,11.3,1027.9,0,0,0,0,,
2022-11-11,07:00,16,13.9,88,EAST,11.3,11.3,1027.9,0,0,0,0,,
2022-11-11,07:15,16.1,13.9,87,ENE,6.4,14.5,1028.01,0,0,0,11,,
2022-11-11,07:30,15.9,13.9,87,EAST,6.4,11.3,1028.18,0,0,0,21,,
2022-11-11,07:45,15.8,13.3,88,EAST,6.4,12.9,1028.48,0,0,0,54,,
2022-11-11,08:00,15.8,13.3,88,EAST,4.8,11.3,1028.78,0,0,0,93,,
2022-11-11,08:15,15.8,13.3,87,ESE,4.8,11.3,1029.09,0,0,0,137,,
2022-11-11,08:30,16.1,13.9,87,EAST,3.2,9.7,1029.23,0,0,0,185,,
2022-11-11,08:45,16.1,13.3,86,ENE,14.5,19.3,1029.23,0,0,0,227,,
2022-11-11,09:00,16.4,13.9,85,ENE,8,19.3,1029.36,0,0,1,267,,
2022-11-11,09:15,17.1,14.4,84,ENE,8,16.1,1029.5,0,0,1,304,,
2022-11-11,09:30,17.4,14.4,83,EAST,9.7,16.1,1029.63,0,0,1,341,,
2022-11-11,09:45,17.9,14.4,81,EAST,8,17.7,1029.67,0,0,1,374,,
2022-11-11,10:00,18.3,14.4,80,ENE,8,19.3,1029.77,0,0,1,404,,
2022-11-11,10:15,18.7,15,79,ENE,8,16.1,1029.97,0,0,1,434,,
2022-11-11,10:30,18.9,15,79,ESE,12.9,19.3,1030.04,0,0,2,462,,
2022-11-11,10:45,19.3,15,77,ENE,12.9,17.7,1030.21,0,0,2,482,,
2022-11-11,11:00,19.8,15.6,76,ESE,6.4,14.5,1030,0,0,2,496,,
2022-11-11,11:15,20.1,15,75,EAST,12.9,20.9,1030.07,0,0,2,424,,
2022-11-11,11:30,20.3,15,73,ESE,14.5,17.7,1029.87,0,0,2,519,,
2022-11-11,11:45,20.3,15,72,ESE,1.6,22.5,1029.63,0,0,2,529,,
2022-11-11,12:00,20.7,15,72,ESE,11.3,16.1,1029.6,0,0,2,533,,
2022-11-11,12:15,21,15.6,71,ESE,11.3,22.5,1029.39,0,0,2,531,,
2022-11-11,12:30,21,15,68,ENE,12.9,20.9,1029.36,0,0,2,529,,
2022-11-11,12:45,21.3,14.4,67,SE,14.5,20.9,1029.19,0,0,2,512,,
2022-11-11,13:00,21.6,15,66,ESE,11.3,19.3,1029.19,0,0,2,510,,
2022-11-11,13:15,21.4,15,67,SE,3.2,20.9,1028.95,0,0,2,501,,
2022-11-11,13:30,21.7,15,66,SE,16.1,19.3,1028.68,0,0,2,478,,
2022-11-11,13:45,21.9,15,65,SE,11.3,14.5,1028.55,0,0,2,457,,
2022-11-11,14:00,21.5,15,67,ESE,11.3,17.7,1028.68,0,0,2,441,,
2022-11-11,14:15,21.4,15,67,SE,8,19.3,1028.89,0,0,1,424,,
2022-11-11,14:30,21.2,15,69,SE,11.3,22.5,1028.75,0,0,1,79,,
2022-11-11,14:45,21.3,15,68,SE,12.9,20.9,1028.48,0,0,1,336,,
2022-11-11,15:00,21.6,15.6,69,SSE,14.5,16.1,1028.75,0,0,1,301,,
2022-11-11,15:15,21.4,15.6,69,SE,12.9,19.3,1028.65,0,0,1,257,,
2022-11-11,15:30,21.3,15.6,71,SSE,14.5,14.5,1028.38,0,0,0,206,,
2022-11-11,15:45,20.9,15.6,72,SE,6.4,14.5,1028.51,0,0,0,160,,
2022-11-11,16:00,20.8,15.6,73,SOUTH,3.2,14.5,1028.62,0,0,0,121,,
2022-11-11,16:15,20.5,15.6,74,SSE,9.7,12.9,1028.55,0,0,0,77,,
2022-11-11,16:30,20.2,15.6,75,SE,4.8,9.7,1028.65,0,0,0,47,,
2022-11-11,16:45,19.8,15.6,77,SSE,4.8,8,1028.65,0,0,0,23,,
2022-11-11,17:00,19.3,15,78,SE,4.8,6.4,1028.65,0,0,0,11,,
2022-11-11,17:15,18.9,15,79,SE,8,8,1028.72,0,0,0,0,,
2022-11-11,17:30,19,15,80,ESE,14.5,19.3,1028.82,0,0,0,0,,
2022-11-11,17:45,18.7,15.6,82,SE,16.1,17.7,1028.78,0,0,0,0,,
2022-11-11,18:00,18.6,15.6,82,ESE,12.9,17.7,1028.95,0,0,0,0,,
2022-11-11,18:15,18.4,15,82,SE,12.9,16.1,1029.09,0,0,0,0,,
2022-11-11,18:30,18.4,15.6,83,SE,11.3,17.7,1029.19,0,0,0,0,,
2022-11-11,18:45,18.2,15.6,85,SE,12.9,16.1,1029.19,0,0,0,0,,
2022-11-11,19:00,18.1,15.6,86,ESE,8,14.5,1029.23,0,0,0,0,,
2022-11-11,19:15,17.9,15.6,87,ESE,12.9,14.5,1029.29,0,0,0,0,,
2022-11-11,19:30,17.7,15.6,88,ESE,11.3,16.1,1029.39,0,0,0,0,,
2022-11-11,19:45,17.3,15,87,ESE,6.4,14.5,1029.36,0,0,0,0,,
2022-11-11,20:00,17.2,14.4,86,ESE,8,11.3,1029.5,0,0,0,0,,
2022-11-11,20:15,17.3,14.4,85,ESE,9.7,12.9,1029.56,0,0,0,0,,
2022-11-11,20:30,17.4,14.4,84,ESE,11.3,14.5,1029.67,0,0,0,0,,
2022-11-11,20:45,17.4,14.4,84,ESE,9.7,14.5,1029.63,0,0,0,0,,
2022-11-11,21:00,17.4,14.4,84,ESE,16.1,20.9,1029.63,0,0,0,0,,
2022-11-11,21:15,17.4,14.4,84,ESE,20.9,20.9,1029.56,0,0,0,0,,
2022-11-11,21:30,17.2,14.4,85,ESE,16.1,19.3,1029.63,0,0,0,0,,
2022-11-11,21:45,17.1,14.4,85,EAST,14.5,19.3,1029.83,0,0,0,0,,
2022-11-11,22:00,17.2,14.4,85,EAST,16.1,22.5,1029.53,0,0,0,0,,
2022-11-11,22:15,17.1,14.4,85,ESE,19.3,19.3,1029.6,0,0,0,0,,
2022-11-11,22:30,17,14.4,86,ESE,6.4,17.7,1029.87,0,0,0,0,,
2022-11-11,22:45,17,14.4,86,EAST,4.8,16.1,1029.73,0,0,0,0,,
2022-11-11,23:00,16.8,14.4,86,EAST,3.2,11.3,1029.87,0,0,0,0,,
2022-11-11,23:15,16.9,14.4,87,ESE,4.8,12.9,1030,0,0,0,0,,
2022-11-11,23:30,16.8,14.4,86,EAST,3.2,11.3,1029.94,0,0,0,0,,
2022-11-11,23:45,16.8,14.4,87,EAST,1.6,6.4,1030.04,0,0,0,0,,
2022-11-11,OVR,,,,,,,,,,,,gustmax,20.9
2022-11-11,OVR,,,,,,,,,,,,rainrate_max,0
2022-11-11,OVR,,,,,,,,,,,,rain_total_mm,0
2022-11-11,OVR,,,,,,,,,,,,tmax,21.9
2022-11-11,OVR,,,,,,,,,,,,tmin,15.6
2022-11-11,OVR,,,,,,,,,,,,wind_dir_mean_deg,112.5
2022-11-12,00:00,16.6,13.9,86,EAST,1.6,4.8,1029.94,0,0,0,0,,
2022-11-12,00:15,16.2,13.9,87,EAST,3.2,4.8,1029.9,0,0,0,0,,
2022-11-12,00:30,15.9,13.9,89,ESE,3.2,8,1029.73,0,0,0,0,,
2022-11-12,00:45,15.8,13.9,89,ESE,1.6,3.2,1029.56,0,0,0,0,,
2022-11-12,01:00,16.1,13.9,89,NORTH,0,6.4,1029.36,0,0,0,0,,
2022-11-12,01:15,15.3,13.3,89,NORTH,0,1.6,1029.29,0,0,0,0,,
2022-11-12,01:30,15.4,13.3,90,SE,3.2,11.3,1029.29,0,0,0,0,,
2022-11-12,01:45,14.6,12.8,91,NORTH,0,3.2,1029.26,0,0,0,0,,
2022-11-12,02:00,14.6,12.8,91,SE,3.2,4.8,1029.19,0,0,0,0,,
2022-11-12,02:15,14.4,12.8,91,ESE,3.2,4.8,1029.16,0,0,0,0,,
2022-11-12,02:30,14.4,12.8,91,ESE,3.2,4.8,1029.06,0,0,0,0,,
2022-11-12,02:45,14.6,12.8,91,ESE,3.2,4.8,1028.68,0,0,0,0,,
2022-11-12,03:00,14.9,13.3,91,ESE,3.2,6.4,1028.72,0,0,0,0,,
2022-11-12,03:15,14.6,12.8,91,ESE,3.2,6.4,1028.78,0,0,0,0,,
2022-11-12,03:30,14.5,12.8,91,ESE,6.4,9.7,1028.45,0,0,0,0,,
2022-11-12,03:45,14.7,12.8,91,ESE,4.8,6.4,1028.55,0,0,0,0,,
2022-11-12,04:00,14.4,12.8,90,ESE,4.8,6.4,1028.38,0,0,0,0,,
2022-11-12,04:15,14.2,12.8,90,EAST,4.8,6.4,1028.28,0,0,0,0,,
2022-11-12,04:30,14.6,12.8,91,ESE,6.4,9.7,1028.28,0,0,0,0,,
2022-11-12,04:45,14.7,12.8,90,ESE,6.4,11.3,1028.21,0,0,0,0,,
2022-11-12,05:00,14.6,12.8,90,ESE,4.8,9.7,1028.34,0,0,0,0,,
2022-11-12,05:15,14.4,12.8,90,ESE,1.6,9.7,1028.14,0,0,0,0,,
2022-11-12,05:30,14.7,12.8,90,ESE,6.4,11.3,1027.94,0,0,0,0,,
2022-11-12,05:45,14.3,12.2,89,ESE,4.8,9.7,1028.01,0,0,0,0,,
2022-11-12,06:00,14.5,12.8,90,NORTH,0,6.4,1027.94,0,0,0,0,,
2022-11-12,06:15,14.7,12.8,90,ESE,4.8,9.7,1027.97,0,0,0,0,,
2022-11-12,06:30,14.5,12.8,90,NORTH,0,6.4,1027.9,0,0,0,0,,
2022-11-12,06:45,14.8,12.8,90,ESE,3.2,6.4,1027.9,0,0,0,0,,
2022-11-12,07:00,14.9,12.8,89,NORTH,0,6.4,1027.97,0,0,0,0,,
2022-11-12,07:15,14.7,12.8,89,ESE,3.2,3.2,1027.84,0,0,0,7,,
2022-11-12,07:30,14.6,12.8,89,ESE,1.6,3.2,1027.84,0,0,0,16,,
2022-11-12,07:45,14.4,12.8,90,ESE,4.8,9.7,1028.01,0,0,0,33,,
2022-11-12,08:00,14.7,12.8,89,NORTH,0,6.4,1027.74,0,0,0,46,,
2022-11-12,08:15,14.9,12.8,89,ESE,3.2,4.8,1027.8,0,0,0,86,,
2022-11-12,08:30,15.6,13.3,88,NORTH,0,3.2,1027.9,0,0,0,174,,
2022-11-12,08:45,15.8,13.9,88,NORTH,0,1.6,1028.04,0,0,0,223,,
2022-11-12,09:00,16.3,13.9,87,NORTH,0,0,1028.04,0,0,1,207,,
2022-11-12,09:15,16.8,13.9,85,NORTH,0,0,1028.14,0,0,1,193,,
2022-11-12,09:30,16.8,13.9,85,NORTH,0,0,1028.21,0,0,1,267,,
2022-11-12,09:45,17.3,14.4,84,NORTH,0,0,1028.21,0,0,1,417,,
2022-11-12,10:00,17.6,14.4,82,SW,1.6,4.8,1028.14,0,0,1,422,,
2022-11-12,10:15,17.7,13.9,79,WNW,6.4,11.3,1028.11,0,0,1,436,,
2022-11-12,10:30,17.9,13.9,79,NORTH,0,9.7,1028.11,0,0,1,213,,
2022-11-12,10:45,17.8,13.9,78,WNW,9.7,12.9,1028.14,0,0,1,218,,
2022-11-12,11:00,17.9,13.9,77,NNW,8,14.5,1028.04,0,0,1,213,,
2022-11-12,11:15,18.2,13.3,74,WNW,8,12.9,1027.94,0,0,2,517,,
2022-11-12,11:30,18.1,13.3,76,NW,3.2,12.9,1027.7,0,0,2,534,,
2022-11-12,11:45,18.6,13.9,76,NORTH,0,11.3,1027.46,0,0,2,557,,
2022-11-12,12:00,19.2,14.4,75,NORTH,0,8,1027.29,0,0,2,406,,
2022-11-12,12:15,19.3,14.4,75,WNW,11.3,14.5,1027.16,0,0,1,271,,
2022-11-12,12:30,19.1,14.4,75,WNW,6.4,16.1,1026.92,0,0,1,178,,
2022-11-12,12:45,19,14.4,75,WNW,12.9,19.3,1026.75,0,0,2,533,,
2022-11-12,13:00,19.4,14.4,74,WEST,1.6,17.7,1026.48,0,0,2,555,,
2022-11-12,13:15,19.6,15,74,ENE,9.7,19.3,1025.97,0,0,2,526,,
2022-11-12,13:30,19.6,14.4,73,WNW,11.3,24.1,1025.8,0,0,2,504,,
2022-11-12,13:45,19.8,14.4,73,ENE,14.5,22.5,1025.64,0,0,2,448,,
2022-11-12,14:00,19.8,14.4,73,NNE,14.5,25.7,1025.3,0,0,2,411,,
2022-11-12,14:15,19.8,14.4,72,NE,17.7,25.7,1025.13,0,0,1,397,,
2022-11-12,14:30,19.7,14.4,72,NNE,17.7,35.4,1025.06,0,0,1,406,,
2022-11-12,14:45,19.7,14.4,73,WNW,16.1,32.2,1024.92,0,0,1,350,,
2022-11-12,15:00,19.4,14.4,73,WNW,25.7,30.6,1024.76,0,0,1,260,,
2022-11-12,15:15,19.2,14.4,74,WNW,22.5,35.4,1024.72,0,0,1,288,,
2022-11-12,15:30,19.1,14.4,75,WNW,12.9,32.2,1024.48,0,0,0,232,,
2022-11-12,15:45,19,14.4,76,WEST,16.1,27.4,1024.35,0,0,0,195,,
2022-11-12,16:00,18.8,14.4,75,WEST,19.3,30.6,1024.31,0,0,0,171,,
2022-11-12,16:15,18.6,14.4,77,WNW,12.9,29,1024.38,0,0,0,111,,
2022-11-12,16:30,18.2,14.4,78,WNW,16.1,30.6,1024.18,0,0,0,62,,
2022-11-12,16:45,17.9,14.4,80,WNW,17.7,29,1024.04,0,0,0,33,,
2022-11-12,17:00,17.6,13.9,81,WNW,14.5,25.7,1024.04,0,0,0,12,,
2022-11-12,17:15,17.3,13.9,82,WNW,12.9,24.1,1024.04,0,0,0,0,,
2022-11-12,17:30,17.1,13.9,83,WEST,20.9,27.4,1024.01,0,0,0,0,,
2022-11-12,17:45,16.9,13.9,84,WNW,6.4,24.1,1023.81,0,0,0,0,,
2022-11-12,18:00,16.6,13.9,85,WNW,4.8,17.7,1023.77,0,0,0,0,,
2022-11-12,18:15,16.4,13.9,85,WNW,6.4,14.5,1023.77,0,0,0,0,,
2022-11-12,18:30,16.4,13.9,86,WNW,8,17.7,1023.6,0,0,0,0,,
2022-11-12,18:45,16.4,13.9,86,WNW,9.7,17.7,1023.57,0,0,0,0,,
2022-11-12,19:00,16.4,13.9,87,WEST,16.1,24.1,1023.5,0,0,0,0,,
2022-11-12,19:15,16.5,14.4,87,WNW,16.1,27.4,1023.43,0,0,0,0,,
2022-11-12,19:30,16.5,14.4,88,WEST,25.7,25.7,1023.27,0,0,0,0,,
2022-11-12,19:45,16.5,14.4,88,WNW,11.3,22.5,1023.16,0,0,0,0,,
2022-11-12,20:00,16.5,14.4,88,WNW,16.1,24.1,1023.3,0,0,0,0,,
2022-11-12,20:15,16.4,14.4,88,WNW,12.9,22.5,1023.23,0,0,0,0,,
2022-11-12,20:30,16.2,14.4,89,WNW,6.4,16.1,1023.27,0,0,0,0,,
2022-11-12,20:45,15.9,13.9,89,WNW,1.6,8,1023.16,0,0,0,0,,
2022-11-12,21:00,15.8,13.9,89,NORTH,0,1.6,1023.06,0,0,0,0,,
2022-11-12,21:15,15.7,13.3,87,NORTH,0,3.2,1023.06,0,0,0,0,,
2022-11-12,21:30,15.4,12.8,87,NORTH,0,3.2,1022.99,0,0,0,0,,
2022-11-12,21:45,15.4,12.8,84,NORTH,0,0,1022.82,0,0,0,0,,
2022-11-12,22:00,14.9,12.2,85,NORTH,0,3.2,1022.62,0,0,0,0,,
2022-11-12,22:15,15,12.2,85,NORTH,0,0,1022.69,0,0,0,0,,
2022-11-12,22:30,15.3,12.2,82,NORTH,4.8,9.7,1022.66,0,0,0,0,,
2022-11-12,22:45,15.6,12.2,82,ENE,3.2,9.7,1022.55,0,0,0,0,,
2022-11-12,23:00,15.4,12.8,85,ENE,3.2,9.7,1022.62,0,0,0,0,,
2022-11-12,23:15,15.1,12.8,88,NORTH,0,3.2,1022.38,0,0,0,0,,
2022-11-12,23:30,14.8,12.8,89,ENE,4.8,6.4,1022.52,0,0,0,0,,
2022-11-12,23:45,14.8,12.8,89,NORTH,0,11.3,1022.15,0,0,0,0,,
2022-11-12,OVR,,,,,,,,,,,,gustmax,25.7
2022-11-12,OVR,,,,,,,,,,,,rainrate_max,0
2022-11-12,OVR,,,,,,,,,,,,rain_total_mm,0
2022-11-12,OVR,,,,,,,,,,,,tmax,19.9
2022-11-12,OVR,,,,,,,,,,,,tmin,14.2
2022-11-12,OVR,,,,,,,,,,,,wind_dir_mean_deg,67.5
2022-11-13,00:00,14.8,12.8,90,NORTH,0,4.8,1021.98,0,0,0,0,,
2022-11-13,00:15,14.7,12.8,90,NORTH,0,1.6,1021.64,0,0,0,0,,
2022-11-13,00:30,14.2,12.8,91,NORTH,0,3.2,1021.37,0,0,0,0,,
2022-11-13,00:45,14.3,12.8,92,EAST,1.6,4.8,1021.33,0,0,0,0,,
2022-11-13,01:00,14.1,12.8,92,NORTH,0,4.8,1021.2,0,0,0,0,,
2022-11-13,01:15,14.1,12.8,91,NORTH,0,3.2,1021,0,0,0,0,,
2022-11-13,01:30,14.3,12.8,92,NORTH,0,1.6,1020.73,0,0,0,0,,
2022-11-13,01:45,14,12.8,92,ESE,3.2,6.4,1020.62,0,0,0,0,,
2022-11-13,02:00,14.3,12.8,92,ESE,4.8,4.8,1020.56,0,0,0,0,,
2022-11-13,02:15,14.1,12.8,91,ESE,4.8,4.8,1020.29,0,0,0,0,,
2022-11-13,02:30,14.3,12.8,91,ESE,4.8,12.9,1020.29,0,0,0,0,,
2022-11-13,02:45,14.2,12.8,91,ESE,4.8,12.9,1020.29,0,0,0,0,,
2022-11-13,03:00,14.1,12.2,91,SE,8,12.9,1020.18,0,0,0,0,,
2022-11-13,03:15,14.2,12.8,91,ESE,4.8,9.7,1020.15,0,0,0,0,,
2022-11-13,03:30,13.9,12.2,91,ESE,6.4,11.3,1020.18,0,0,0,0,,
2022-11-13,03:45,14.1,12.2,91,ESE,11.3,12.9,1020.01,0,0,0,0,,
2022-11-13,04:00,14,12.2,91,ESE,9.7,12.9,1020.01,0,0,0,0,,
2022-11-13,04:15,13.8,12.2,91,ESE,6.4,9.7,1019.98,0,0,0,0,,
2022-11-13,04:30,13.5,12.2,91,ESE,4.8,11.3,1020.01,0,0,0,0,,
2022-11-13,04:45,13.6,12.2,92,EAST,4.8,12.9,1019.81,0,0,0,0,,
2022-11-13,05:00,13.3,11.7,92,ESE,4.8,9.7,1019.74,0,0,0,0,,
2022-11-13,05:15,13.2,11.7,92,EAST,4.8,9.7,1019.71,0,0,0,0,,
2022-11-13,05:30,13,11.7,93,ENE,9.7,9.7,1019.71,0,0,0,0,,
2022-11-13,05:45,12.8,11.7,92,EAST,4.8,14.5,1019.57,0,0,0,0,,
2022-11-13,06:00,12.6,11.1,92,EAST,4.8,11.3,1019.54,0,0,0,0,,
2022-11-13,06:15,12.6,11.1,92,ESE,9.7,14.5,1019.44,0,0,0,0,,
2022-11-13,06:30,12.7,10.6,90,ESE,9.7,16.1,1019.34,0,0,0,0,,
2022-11-13,06:45,13.1,10.6,85,EAST,9.7,16.1,1019.37,0,0,0,0,,
2022-11-13,07:00,12.9,10.6,86,EAST,6.4,11.3,1019.34,0,0,0,0,,
2022-11-13,07:15,12.5,10,85,EAST,3.2,11.3,1019.3,0,0,0,7,,
2022-11-13,07:30,12.2,9.4,86,EAST,3.2,6.4,1019.24,0,0,0,12,,
2022-11-13,07:45,12,9.4,87,ESE,6.4,9.7,1019.2,0,0,0,53,,
2022-11-13,08:00,12.5,10,85,EAST,4.8,9.7,1019.27,0,0,0,102,,
2022-11-13,OVR,,,,,,,,,,,,gustmax,27.4
2022-11-13,OVR,,,,,,,,,,,,rainrate_max,0
2022-11-13,OVR,,,,,,,,,,,,rain_total_mm,0
2022-11-13,OVR,,,,,,,,,,,,tmax,19
2022-11-13,OVR,,,,,,,,,,,,tmin,11.9
2022-11-13,OVR,,,,,,,,,,,,wind_dir_mean_deg,112.5
2022-11-14,08:15,13.7,10.6,83,ESE,1.6,11.3,1021.13,0,0,0,88,,
2022-11-14,08:30,14.1,11.7,85,NORTH,0,4.8,1021.27,0,0,0,192,,
2022-11-14,08:45,15.3,12.2,83,NORTH,0,1.6,1021.3,0,0,0,243,,
2022-11-14,09:00,15.6,12.2,81,ESE,3.2,3.2,1021.37,0,0,1,265,,
2022-11-14,09:15,15.6,12.2,81,ESE,1.6,3.2,1021.3,0,0,1,318,,
2022-11-14,09:30,16.2,12.2,79,ESE,3.2,6.4,1021.57,0,0,1,348,,
2022-11-14,09:45,16.7,12.8,78,NORTH,0,4.8,1021.64,0,0,1,385,,
2022-11-14,10:00,15.9,11.7,77,EAST,9.7,12.9,1021.64,0,0,1,417,,
2022-11-14,10:15,16.3,12.2,77,EAST,6.4,11.3,1021.64,0,0,1,443,,
2022-11-14,10:30,16.9,12.2,75,EAST,4.8,9.7,1021.84,0,0,2,468,,
2022-11-14,10:45,17.4,12.8,75,EAST,4.8,9.7,1021.98,0,0,2,489,,
2022-11-14,11:00,17.4,12.8,74,NNE,3.2,8,1021.81,0,0,2,506,,
2022-11-14,11:15,17.7,12.8,74,EAST,4.8,4.8,1021.91,0,0,2,517,,
2022-11-14,11:30,18,13.3,74,SSE,4.8,9.7,1021.57,0,0,2,563,,
2022-11-14,11:45,18.3,13.3,73,SE,4.8,11.3,1021.5,0,0,2,540,,
2022-11-14,12:00,18.3,13.3,73,SE,12.9,14.5,1021.4,0,0,2,543,,
2022-11-14,12:15,18,12.8,73,SSE,6.4,16.1,1021.57,0,0,2,538,,
2022-11-14,12:30,18.2,12.8,72,NORTH,0,12.9,1021.5,0,0,2,533,,
2022-11-14,12:45,18.8,13.3,71,SE,3.2,8,1021.61,0,0,2,522,,
2022-11-14,13:00,18.8,13.3,71,WSW,3.2,12.9,1021.5,0,0,2,515,,
2022-11-14,13:15,19.1,13.3,69,SSE,1.6,12.9,1021.37,0,0,2,503,,
2022-11-14,13:30,19.3,13.3,69,NORTH,0,8,1021.23,0,0,2,480,,
2022-11-14,13:45,19.2,13.3,70,SSE,12.9,9.7,1021.37,0,0,2,443,,
2022-11-14,14:00,19.2,13.3,69,SSE,16.1,20.9,1020.96,0,0,2,429,,
2022-11-14,14:15,19.3,13.3,70,SE,8,12.9,1021.06,0,0,1,406,,
2022-11-14,14:30,19.4,13.3,68,SE,6.4,12.9,1021.1,0,0,1,373,,
2022-11-14,14:45,19.1,12.8,69,SE,4.8,14.5,1021.2,0,0,1,334,,
2022-11-14,15:00,19,12.8,69,SE,3.2,11.3,1021.13,0,0,1,301,,
2022-11-14,15:15,19.2,13.3,70,SSE,3.2,14.5,1020.96,0,0,1,255,,
2022-11-14,15:30,19.2,13.3,70,SSE,8,9.7,1020.83,0,0,0,244,,
2022-11-14,15:45,18.8,13.3,71,SSE,11.3,14.5,1020.86,0,0,0,190,,
2022-11-14,16:00,18.6,13.3,73,SE,6.4,12.9,1020.86,0,0,0,134,,
2022-11-14,16:15,18.3,13.3,74,SE,4.8,12.9,1020.86,0,0,0,95,,
2022-11-14,16:30,18,13.3,75,SSE,6.4,14.5,1020.83,0,0,0,28,,
2022-11-14,16:45,17.4,13.3,78,SE,6.4,12.9,1020.76,0,0,0,23,,
2022-11-14,17:00,17.1,13.3,80,SE,8,14.5,1020.96,0,0,0,12,,
2022-11-14,17:15,16.6,13.3,81,SE,14.5,19.3,1020.89,0,0,0,0,,
2022-11-14,17:30,16.1,12.8,82,SE,11.3,16.1,1021.1,0,0,0,0,,
2022-11-14,17:45,15.9,12.8,84,SE,11.3,19.3,1021.13,0,0,0,0,,
2022-11-14,18:00,15.9,13.3,84,SE,12.9,20.9,1021.23,0,0,0,0,,
2022-11-14,18:15,15.7,13.3,86,SE,12.9,20.9,1021.37,0,0,0,0,,
2022-11-14,18:30,15.7,13.3,86,ESE,19.3,24.1,1021.54,0,0,0,0,,
2022-11-14,18:45,15.7,13.3,86,ESE,14.5,22.5,1021.64,0,0,0,0,,
2022-11-14,19:00,15.7,13.3,86,SE,16.1,24.1,1021.54,0,0,0,0,,
2022-11-14,19:15,15.7,13.3,86,SE,14.5,24.1,1021.67,0,0,0,0,,
2022-11-14,19:30,15.7,13.3,86,ESE,14.5,24.1,1021.78,0,0,0,0,,
2022-11-14,19:45,15.5,12.8,86,ESE,14.5,24.1,1021.78,0,0,0,0,,
2022-11-14,20:00,15.5,13.3,87,SE,19.3,27.4,1021.67,0,0,0,0,,
2022-11-14,20:15,15.3,12.8,87,ESE,12.9,24.1,1021.71,0,0,0,0,,
2022-11-14,20:30,15.4,12.8,87,SE,14.5,25.7,1021.78,0,0,0,0,,
2022-11-14,20:45,15.4,12.8,87,ESE,16.1,24.1,1021.74,0,0,0,0,,
2022-11-14,21:00,15.4,12.8,86,SE,16.1,20.9,1021.78,0,0,0,0,,
2022-11-14,21:15,15.3,12.8,86,ESE,12.9,19.3,1022.01,0,0,0,0,,
2022-11-14,21:30,15.3,12.8,86,SE,14.5,20.9,1022.11,0,0,0,0,,
2022-11-14,21:45,15.1,12.8,87,ESE,12.9,19.3,1022.15,0,0,0,0,,
2022-11-14,22:00,14.9,12.8,88,ESE,9.7,17.7,1021.94,0,0,0,0,,
2022-11-14,22:15,14.7,12.8,88,ESE,11.3,16.1,1021.88,0,0,0,0,,
2022-11-14,22:30,14.7,12.8,89,ESE,11.3,17.7,1021.88,0,0,0,0,,
2022-11-14,22:45,14.7,12.8,89,ESE,14.5,19.3,1021.78,0,0,0,0,,
2022-11-14,23:00,14.7,12.8,89,ESE,9.7,16.1,1021.74,0,0,0,0,,
2022-11-14,23:15,14.6,12.8,89,ESE,12.9,16.1,1021.71,0,0,0,0,,
2022-11-14,23:30,14.6,12.8,89,ESE,9.7,16.1,1021.67,0,0,0,0,,
2022-11-14,23:45,14.6,12.8,89,ESE,6.4,16.1,1021.64,0,0,0,0,,
2022-11-14,OVR,,,,,,,,,,,,gustmax,27.4
2022-11-14,OVR,,,,,,,,,,,,rainrate_max,0
2022-11-14,OVR,,,,,,,,,,,,rain_total_mm,0
2022-11-14,OVR,,,,,,,,,,,,tmax,19.4
2022-11-14,OVR,,,,,,,,,,,,tmin,10.9
2022-11-14,OVR,,,,,,,,,,,,wind_dir_mean_deg,135
2022-11-15,00:00,14.6,12.2,88,ESE,6.4,14.5,1021.47,0,0,0,0,,
2022-11-15,00:15,14.6,12.2,87,ESE,9.7,9.7,1021.4,0,0,0,0,,
2022-11-15,00:30,14.6,12.2,86,ESE,9.7,16.1,1021.06,0,0,0,0,,
2022-11-15,00:45,14.7,12.2,86,ESE,12.9,16.1,1021.03,0,0,0,0,,
2022-11-15,01:00,14.8,12.2,86,EAST,16.1,20.9,1020.73,0,0,0,0,,
2022-11-15,01:15,14.7,12.2,86,ESE,11.3,17.7,1020.89,0,0,0,0,,
2022-11-15,01:30,14.6,12.2,87,ESE,8,17.7,1020.89,0,0,0,0,,
2022-11-15,01:45,14.6,12.2,87,EAST,9.7,20.9,1020.73,0,0,0,0,,
2022-11-15,02:00,14.6,12.2,87,EAST,6.4,17.7,1020.49,0,0,0,0,,
2022-11-15,02:15,14.1,11.7,86,ESE,4.8,11.3,1020.59,0,0,0,0,,
2022-11-15,02:30,13.7,11.1,86,ESE,9.7,14.5,1020.42,0,0,0,0,,
2022-11-15,02:45,13.8,11.1,86,ESE,11.3,14.5,1020.32,0,0,0,0,,
2022-11-15,03:00,14,11.7,85,ESE,4.8,14.5,1020.01,0,0,0,0,,
2022-11-15,03:15,14.1,11.7,85,ESE,6.4,12.9,1020.01,0,0,0,0,,
2022-11-15,03:30,14.2,11.7,85,ESE,6.4,12.9,1019.91,0,0,0,0,,
2022-11-15,03:45,14.2,11.7,85,ESE,6.4,9.7,1020.05,0,0,0,0,,
2022-11-15,04:00,14.3,11.7,85,ESE,6.4,14.5,1019.68,0,0,0,0,,
2022-11-15,04:15,14.2,11.7,86,ESE,4.8,11.3,1019.74,0,0,0,0,,
2022-11-15,04:30,14.2,11.7,85,ESE,9.7,11.3,1019.51,0,0,0,0,,
2022-11-15,04:45,14.3,11.7,85,ESE,9.7,14.5,1019.37,0,0,0,0,,
2022-11-15,05:00,14.6,12.2,86,SE,8,16.1,1019.3,0,0,0,0,,
2022-11-15,05:15,14.4,11.7,86,ESE,9.7,16.1,1019.2,0,0,0,0,,
2022-11-15,05:30,14.3,11.7,85,ESE,11.3,14.5,1019,0,0,0,0,,
2022-11-15,05:45,14.2,11.7,85,ESE,9.7,14.5,1018.86,0,0,0,0,,
2022-11-15,06:00,14.1,11.7,85,ESE,9.7,12.9,1018.9,0,0,0,0,,
2022-11-15,06:15,14.1,11.7,85,ESE,14.5,14.5,1018.86,0,0,0,0,,
2022-11-15,06:30,14.1,11.7,85,ESE,9.7,12.9,1018.76,0,0,0,0,,
2022-11-15,06:45,14.3,11.7,85,ESE,9.7,12.9,1018.52,0,0,0,0,,
2022-11-15,07:00,14.3,11.7,85,ESE,11.3,14.5,1018.56,0,0,0,0,,
2022-11-15,07:15,14.2,11.7,85,EAST,9.7,14.5,1018.59,0,0,0,11,,
2022-11-15,07:30,14.1,11.7,86,ESE,11.3,14.5,1018.59,0,0,0,25,,
2022-11-15,07:45,14.4,12.2,87,ESE,9.7,14.5,1018.59,0,0,0,35,,
2022-11-15,08:00,14.3,12.2,87,ESE,9.7,12.9,1018.76,0,0,0,33,,
2022-11-15,08:15,14.9,12.8,87,ESE,6.4,16.1,1018.76,0,0,0,134,,
2022-11-15,08:30,15.5,13.3,87,SE,8,12.9,1018.63,0,0,0,188,,
2022-11-15,08:45,15.9,13.3,87,ESE,17.7,19.3,1018.56,0,0,0,204,,
2022-11-15,09:00,16.5,13.9,86,SE,16.1,22.5,1018.46,0,0,0,258,,
2022-11-15,09:15,16.4,13.9,86,SE,14.5,22.5,1018.42,0,0,1,230,,
2022-11-15,09:30,16.6,14.4,87,SE,8,24.1,1018.56,0,0,1,353,,
2022-11-15,09:45,17.1,14.4,85,ESE,12.9,22.5,1018.35,0,0,1,459,,
2022-11-15,10:00,17.1,14.4,86,ESE,12.9,24.1,1018.22,0,0,1,165,,
2022-11-15,10:15,17.3,15,86,SE,11.3,24.1,1018.32,0,0,1,441,,
2022-11-15,10:30,17.5,15,86,SE,17.7,25.7,1018.22,0,0,1,427,,
2022-11-15,10:45,17.7,15,85,SSE,16.1,27.4,1018.25,0,0,2,508,,
2022-11-15,11:00,17.4,15,87,SSE,4.8,25.7,1018.22,0,0,1,169,,
2022-11-15,11:15,17.9,15,85,ESE,14.5,27.4,1018.12,0,0,2,448,,
2022-11-15,11:30,18.3,15,83,SE,16.1,27.4,1017.78,0,0,2,512,,
2022-11-15,11:45,18.6,15,81,SE,22.5,24.1,1017.51,0,0,2,512,,
2022-11-15,12:00,18.5,15,80,SE,19.3,22.5,1017.34,0,0,2,508,,
2022-11-15,12:15,18.9,15,79,SSE,12.9,24.1,1017.24,0,0,2,517,,
2022-11-15,12:30,19.2,15,77,SSE,8,27.4,1017.03,0,0,2,533,,
2022-11-15,12:45,19.2,15,77,SSE,17.7,25.7,1016.7,0,0,2,490,,
2022-11-15,13:00,19.3,15,76,SSE,11.3,19.3,1016.59,0,0,2,529,,
2022-11-15,13:15,19.3,14.4,75,SSE,6.4,20.9,1016.42,0,0,2,512,,
2022-11-15,13:30,19.7,15,74,SE,25.7,20.9,1016.12,0,0,2,538,,
2022-11-15,13:45,19.8,14.4,72,SSE,9.7,17.7,1016.19,0,0,1,325,,
2022-11-15,14:00,19.5,14.4,74,SSE,8,17.7,1015.78,0,0,1,139,,
2022-11-15,14:15,19.7,15,75,SOUTH,3.2,14.5,1015.85,0,0,1,197,,
2022-11-15,14:30,19.9,14.4,71,WEST,12.9,20.9,1015.41,0,0,1,362,,
2022-11-15,14:45,20.1,13.9,68,ENE,8,22.5,1015.54,0,0,1,318,,
2022-11-15,15:00,19.8,13.9,70,EAST,12.9,22.5,1015.61,0,0,1,199,,
2022-11-15,15:15,19.5,13.9,70,ENE,8,19.3,1015.34,0,0,1,211,,
2022-11-15,15:30,19.3,13.9,72,WSW,3.2,25.7,1015.27,0,0,0,160,,
2022-11-15,15:45,19.1,13.9,73,WNW,6.4,16.1,1015.31,0,0,0,163,,
2022-11-15,16:00,18.9,13.9,74,WEST,12.9,22.5,1015.14,0,0,0,93,,
2022-11-15,16:15,18.6,13.9,75,NE,1.6,16.1,1015.14,0,0,0,62,,
2022-11-15,16:30,18.4,13.9,76,EAST,1.6,3.2,1014.97,0,0,0,37,,
2022-11-15,16:45,18.2,13.9,76,SSW,1.6,3.2,1014.97,0,0,0,25,,
2022-11-15,17:00,17.8,13.3,77,NORTH,0,3.2,1014.8,0,0,0,9,,
2022-11-15,17:15,17.3,13.3,78,SSW,3.2,4.8,1014.73,0,0,0,0,,
2022-11-15,17:30,16.5,13.3,81,SSW,3.2,4.8,1014.7,0,0,0,0,,
2022-11-15,17:45,16.3,13.3,83,WSW,1.6,6.4,1014.7,0,0,0,0,,
2022-11-15,18:00,17.3,13.3,79,NORTH,0,6.4,1014.73,0,0,0,0,,
2022-11-15,18:15,17.2,13.3,79,NORTH,0,6.4,1014.39,0,0,0,0,,
2022-11-15,18:30,17.2,13.3,79,SSE,3.2,8,1014.26,0,0,0,0,,
2022-11-15,18:45,17.2,13.3,79,NORTH,0,14.5,1014.53,0,0,0,0,,
2022-11-15,19:00,16.9,13.3,80,SSE,8,12.9,1014.56,0,0,0,0,,
2022-11-15,19:15,16.3,12.8,81,SE,4.8,6.4,1014.39,0,0,0,0,,
2022-11-15,19:30,16.3,13.3,82,SSE,4.8,6.4,1014.53,0,0,0,0,,
2022-11-15,19:45,16.3,13.3,82,SSE,6.4,8,1014.39,0,0,0,0,,
2022-11-15,20:00,16,13.3,84,ESE,6.4,11.3,1014.33,0,0,0,0,,
2022-11-15,20:15,16.2,13.3,84,SE,3.2,12.9,1014.19,0,0,0,0,,
2022-11-15,20:30,16.1,13.3,85,SE,6.4,11.3,1014.26,0,0,0,0,,
2022-11-15,20:45,15.9,13.3,86,SE,4.8,8,1014.33,0,0,0,0,,
2022-11-15,21:00,15.2,12.8,87,SE,3.2,8,1014.05,0,0,0,0,,
2022-11-15,21:15,15,12.8,88,SE,3.2,4.8,1014.09,0,0,0,0,,
2022-11-15,21:30,15,12.8,87,SE,6.4,8,1014.12,0,0,0,0,,
2022-11-15,21:45,15.7,13.3,87,ESE,8,11.3,1014.26,0,0,0,0,,
2022-11-15,22:00,15.8,13.3,87,ESE,8,12.9,1014.19,0,0,0,0,,
2022-11-15,22:15,15.8,13.9,89,ESE,14.5,17.7,1014.02,0,0,0,0,,
2022-11-15,22:30,15.5,13.9,90,ESE,8,12.9,1013.75,0,0,0,0,,
2022-11-15,22:45,15.6,13.9,90,ESE,8,12.9,1013.51,0,0,0,0,,
2022-11-15,23:00,15.5,13.9,91,ESE,8,12.9,1013.31,0,0,0,0,,
2022-11-15,23:15,15.8,14.4,91,ESE,11.3,16.1,1013.38,0,0,0,0,,
2022-11-15,23:30,15.6,13.9,91,ESE,8,14.5,1013.21,0,0,0,0,,
2022-11-15,23:45,15.6,13.9,92,SE,6.4,12.9,1013.07,0,0,0,0,,
2022-11-15,OVR,,,,,,,,,,,,gustmax,25.7
2022-11-15,OVR,,,,,,,,,,,,rainrate_max,0
2022-11-15,OVR,,,,,,,,,,,,rain_total_mm,0
2022-11-15,OVR,,,,,,,,,,,,tmax,20.2
2022-11-15,OVR,,,,,,,,,,,,tmin,13.7
2022-11-15,OVR,,,,,,,,,,,,wind_dir_mean_deg,112.5
2022-11-16,00:00,15.3,13.9,92,SE,6.4,11.3,1013,0,0,0,0,,
2022-11-16,00:15,15.4,13.9,92,ESE,4.8,11.3,1012.73,0,0,0,0,,
2022-11-16,00:30,15.3,13.9,92,ESE,6.4,8,1012.73,0,0,0,0,,
2022-11-16,00:45,15.2,13.3,91,ESE,8,9.7,1012.26,0,0,0,0,,
2022-11-16,01:00,15.4,13.9,91,SE,14.5,14.5,1012.02,0,0,0,0,,
2022-11-16,01:15,15.3,13.3,90,ESE,11.3,16.1,1011.92,0,0,0,0,,
2022-11-16,01:30,15.3,13.3,89,SE,6.4,14.5,1011.92,0,0,0,0,,
2022-11-16,01:45,15.1,13.3,89,SE,8,11.3,1011.72,0,0,0,0,,
2022-11-16,02:00,15.3,13.3,90,SE,8,12.9,1011.89,0,0,0,0,,
2022-11-16,02:15,15.5,13.9,91,SE,11.3,14.5,1011.72,0,0,0,0,,
2022-11-16,02:30,15.4,13.9,91,SE,3.2,12.9,1011.62,0,0,0,0,,
2022-11-16,02:45,15.3,13.3,90,SSE,4.8,9.7,1011.38,0,0,0,0,,
2022-11-16,03:00,15.7,13.9,89,SOUTH,3.2,12.9,1011.24,0,0,0,0,,
2022-11-16,03:15,15.7,13.9,89,SSW,3.2,12.9,1010.97,0,0,0,0,,
2022-11-16,03:30,16,13.9,88,NORTH,0,8,1010.6,0,0,0,0,,
2022-11-16,03:45,16.1,13.9,88,SSE,3.2,8,1010.5,0,0,0,0,,
2022-11-16,04:00,16,13.9,88,SSE,3.2,8,1010.4,0,0,0,0,,
2022-11-16,04:15,16.1,13.9,89,SE,3.2,12.9,1010.23,0,0,0,0,,
2022-11-16,04:30,16.1,13.9,89,SE,6.4,16.1,1009.99,0,0,0,0,,
2022-11-16,04:45,16.2,14.4,89,SSE,9.7,12.9,1010.13,0,0,0,0,,
2022-11-16,05:00,16.2,14.4,89,SSW,3.2,6.4,1009.85,0,0,0,0,,
2022-11-16,05:15,16.1,13.9,89,NORTH,0,8,1009.72,0,0,0,0,,
2022-11-16,05:30,16,13.9,89,SSE,8,8,1009.75,0,0,0,0,,
2022-11-16,05:45,16.1,14.4,90,SSE,4.8,11.3,1009.72,0,0,0,0,,
2022-11-16,06:00,16,14.4,90,SSE,9.7,8,1009.82,0,0,0,0,,
2022-11-16,06:15,16.1,14.4,90,SW,3.2,6.4,1009.55,0,0,0,0,,
2022-11-16,06:30,16.2,14.4,89,SW,1.6,3.2,1009.58,0,0,0,0,,
2022-11-16,06:45,16.2,14.4,89,NORTH,0,14.5,1009.28,0,0,0,0,,
2022-11-16,07:00,16.3,14.4,89,SOUTH,1.6,6.4,1009.38,0,0,0,0,,
2022-11-16,07:15,16.4,14.4,89,SE,3.2,9.7,1009.35,0,0,0,0,,
2022-11-16,08:00,16.4,14.4,90,SSE,1.6,9.7,1009.52,0,0,0,153,,
2022-11-16,08:15,16.9,15,90,NORTH,0,3.2,1009.69,0,0,0,83,,
2022-11-16,08:30,16.9,15,89,SW,3.2,16.1,1009.62,0.51,0.51,0,14,,
2022-11-16,08:45,16.4,14.4,90,NORTH,0,9.7,1009.35,3.3,3.3,0,16,,
2022-11-16,09:00,16.8,15,92,WEST,6.4,6.4,1009.04,3.3,3.3,1,181,,
2022-11-16,09:15,17.6,16.1,91,SOUTH,1.6,8,1009.35,3.3,3.3,0,91,,
2022-11-16,09:30,17.6,15.6,90,SOUTH,1.6,14.5,1009.21,3.3,2.79,1,197,,
2022-11-16,09:45,17.8,15.6,89,SSW,1.6,17.7,1009.35,3.3,0,0,74,,
2022-11-16,10:00,17.6,15.6,89,SOUTH,1.6,11.3,1009.31,3.3,0,0,40,,
2022-11-16,10:15,17.3,15.6,90,SSE,1.6,9.7,1009.08,3.3,0,0,49,,
2022-11-16,10:30,17.3,15.6,90,SOUTH,4.8,8,1009.14,3.3,0,0,25,,
2022-11-16,10:45,17.3,15.6,90,NORTH,0,12.9,1009.48,3.3,0,0,11,,
2022-11-16,11:00,17.2,15.6,91,SOUTH,1.6,6.4,1009.21,3.3,0,0,7,,
2022-11-16,11:15,17.4,15.6,90,SW,6.4,12.9,1008.91,3.81,0.51,0,11,,
2022-11-16,11:30,17.4,15.6,90,SSW,4.8,9.7,1009.28,4.06,0.51,0,0,,
2022-11-16,11:45,16.7,15,91,SW,1.6,17.7,1009.08,9.91,6.35,0,72,,
2022-11-16,12:00,16.5,15,91,SOUTH,1.6,11.3,1009.18,9.91,6.35,0,74,,
2022-11-16,12:15,17,15.6,93,NORTH,0,4.8,1008.7,9.91,6.1,2,271,,
2022-11-16,12:30,16.9,15.6,93,NORTH,0,6.4,1008.3,9.91,5.84,1,139,,
2022-11-16,12:45,17.1,15.6,93,NORTH,0,6.4,1008.23,9.91,0,1,174,,
2022-11-16,13:00,17.3,15.6,92,NORTH,0,9.7,1008.13,9.91,0,1,188,,
2022-11-16,13:15,17.3,15.6,91,NORTH,0,6.4,1007.86,9.91,0,1,183,,
2022-11-16,13:30,17.4,15.6,91,SOUTH,1.6,11.3,1007.62,9.91,0,1,239,,
2022-11-16,13:45,17.5,15.6,90,SOUTH,1.6,11.3,1007.35,9.91,0,1,186,,
2022-11-16,14:00,17.6,16.1,90,SSW,3.2,12.9,1007.35,9.91,0,1,162,,
2022-11-16,14:15,17.3,15.6,90,SSE,4.8,11.3,1007.08,9.91,0,1,149,,
2022-11-16,14:30,17.4,15.6,91,SSE,1.6,9.7,1007.11,9.91,0,1,141,,
2022-11-16,14:45,17.4,15.6,91,SSW,3.2,9.7,1006.74,9.91,0.25,0,127,,
2022-11-16,15:00,17.6,16.1,91,NORTH,0,8,1006.87,9.91,0.25,0,132,,
2022-11-16,15:15,17.6,16.1,91,SSE,6.4,9.7,1006.6,9.91,0.25,0,56,,
2022-11-16,15:30,17.2,15.6,91,NORTH,0,12.9,1006.64,10.16,0.51,0,18,,
2022-11-16,15:45,17.3,15.6,91,SW,1.6,14.5,1006.67,10.41,0.51,0,23,,
2022-11-16,16:00,17.3,15.6,91,SSW,1.6,9.7,1006.54,10.92,1.02,0,18,,
2022-11-16,16:15,17.2,15.6,92,NORTH,0,11.3,1006.81,10.92,1.02,0,14,,
2022-11-16,16:30,17.1,15.6,93,ESE,12.9,9.7,1006.6,11.18,1.02,0,19,,
2022-11-16,16:45,16.8,15.6,93,SE,4.8,12.9,1006.77,11.18,0.51,0,9,,
2022-11-16,17:00,16.6,15.6,94,SE,11.3,16.1,1006.81,11.18,0.25,0,0,,
2022-11-16,17:15,16.3,15,94,SE,6.4,14.5,1006.81,12.7,1.78,0,0,,
2022-11-16,17:30,16.4,15,94,WEST,9.7,11.3,1007.04,14.48,3.3,0,0,,
2022-11-16,17:45,16.7,15.6,94,WNW,4.8,19.3,1007.18,14.48,3.3,0,0,,
2022-11-16,18:00,16.5,15.6,94,WSW,3.2,19.3,1007.28,14.48,3.3,0,0,,
2022-11-16,18:15,16.4,15,94,WEST,14.5,16.1,1007.42,14.48,1.52,0,0,,
2022-11-16,18:30,16.4,15,93,WSW,3.2,22.5,1007.69,14.48,0,0,0,,
2022-11-16,18:45,16.4,15,93,NE,1.6,27.4,1007.55,14.48,0,0,0,,
2022-11-16,19:00,16.5,15,93,WNW,4.8,14.5,1007.55,14.48,0,0,0,,
2022-11-16,19:15,16.3,15,93,NORTH,0,16.1,1007.48,14.48,0,0,0,,
2022-11-16,19:30,16.3,15,93,WNW,3.2,16.1,1007.55,14.48,0,0,0,,
2022-11-16,19:45,16.2,15,93,WEST,1.6,17.7,1007.48,14.48,0,0,0,,
2022-11-16,20:00,16.2,15,93,WEST,11.3,12.9,1007.69,14.48,0,0,0,,
2022-11-16,20:15,16.1,15,93,WNW,8,16.1,1007.72,14.48,0,0,0,,
2022-11-16,20:30,16,15,94,WNW,1.6,8,1007.48,14.48,0,0,0,,
2022-11-16,20:45,15.9,14.4,93,WNW,9.7,14.5,1007.55,14.48,0,0,0,,
2022-11-16,21:00,15.7,14.4,93,WEST,3.2,12.9,1007.52,14.48,0,0,0,,
2022-11-16,21:15,15.7,14.4,93,WEST,12.9,11.3,1007.35,14.48,0,0,0,,
2022-11-16,21:30,15.6,14.4,93,NORTH,0,4.8,1007.25,14.48,0,0,0,,
2022-11-16,21:45,15.4,13.9,93,NORTH,0,4.8,1007.25,14.48,0,0,0,,
2022-11-16,22:00,15.2,13.9,93,NORTH,0,0,1007.08,14.48,0,0,0,,
2022-11-16,22:15,15.4,13.9,93,NORTH,0,1.6,1006.98,14.48,0,0,0,,
2022-11-16,22:30,15.1,13.9,93,WEST,1.6,4.8,1007.08,14.48,0,0,0,,
2022-11-16,22:45,14.9,13.9,94,NORTH,0,1.6,1007.15,14.48,0,0,0,,
2022-11-16,23:00,15.1,13.9,94,WEST,3.2,4.8,1007.08,14.48,0,0,0,,
2022-11-16,23:15,15.3,13.9,94,SOUTH,4.8,4.8,1007.21,14.48,0,0,0,,
2022-11-16,23:30,15.1,13.9,94,SSE,8,8,1007.11,14.48,0,0,0,,
2022-11-16,23:45,15.3,14.4,94,SSE,1.6,8,1007.08,14.48,0,0,0,,
2022-11-16,OVR,,,,,,,,,,,,gustmax,14.5
2022-11-16,OVR,,,,,,,,,,,,rainrate_max,87.2
2022-11-16,OVR,,,,,,,,,,,,rain_total_mm,14.4
2022-11-16,OVR,,,,,,,,,,,,tmax,17.8
2022-11-16,OVR,,,,,,,,,,,,tmin,14.7
2022-11-16,OVR,,,,,,,,,,,,wind_dir_mean_deg,157.5
2022-11-17,00:00,14.9,13.9,94,NORTH,0,4.8,1007.04,0,0,0,0,,
2022-11-17,00:15,14.6,13.3,94,SSE,3.2,4.8,1007.08,0,0,0,0,,
2022-11-17,00:30,14.8,13.9,94,NORTH,0,3.2,1007.11,0,0,0,0,,
2022-11-17,00:45,14.9,13.9,94,NORTH,0,4.8,1007.11,0,0,0,0,,
2022-11-17,01:00,14.9,13.9,95,NORTH,0,3.2,1006.94,0,0,0,0,,
2022-11-17,01:15,15,13.9,95,SSE,4.8,6.4,1007.04,0,0,0,0,,
2022-11-17,01:30,14.8,13.9,95,SSE,1.6,4.8,1006.87,0,0,0,0,,
2022-11-17,01:45,14.4,13.3,94,SSE,4.8,8,1006.77,0,0,0,0,,
2022-11-17,02:00,15,13.9,95,SSE,3.2,4.8,1006.6,0,0,0,0,,
2022-11-17,02:15,15.3,14.4,95,SOUTH,3.2,4.8,1006.71,0.51,0.51,0,0,,
2022-11-17,02:30,15.3,14.4,94,WNW,6.4,12.9,1006.84,1.78,1.78,0,0,,
2022-11-17,02:45,14.9,13.9,95,WEST,6.4,12.9,1006.64,2.03,2.03,0,0,,
2022-11-17,03:00,14.9,13.9,95,NW,4.8,19.3,1006.67,2.29,2.29,0,0,,
2022-11-17,03:15,14.9,13.9,95,NORTH,0,8,1006.47,2.29,1.52,0,0,,
2022-11-17,03:30,15,13.9,95,NORTH,0,3.2,1006.57,2.29,0.51,0,0,,
2022-11-17,03:45,15,13.9,95,NORTH,0,1.6,1006.43,2.29,0.51,0,0,,
2022-11-17,04:00,15.1,13.9,95,NORTH,0,3.2,1006.43,2.29,0.25,0,0,,
2022-11-17,04:15,15.3,14.4,94,NORTH,0,1.6,1006.5,2.29,0.25,0,0,,
2022-11-17,04:30,15.4,14.4,94,NORTH,0,1.6,1006.3,2.29,0,0,0,,
2022-11-17,04:45,15.5,14.4,94,WNW,8,14.5,1006.37,2.29,0,0,0,,
2022-11-17,05:00,15.6,14.4,94,WEST,6.4,16.1,1006.37,2.29,0,0,0,,
2022-11-17,05:15,15.7,14.4,94,WEST,9.7,14.5,1006.43,2.29,0,0,0,,
2022-11-17,05:30,15.7,14.4,94,WEST,3.2,12.9,1006.23,2.29,0,0,0,,
2022-11-17,05:45,15.6,14.4,94,WEST,4.8,11.3,1006.2,2.29,0,0,0,,
2022-11-17,06:00,15.9,15,94,NORTH,0,9.7,1006.37,2.29,0,0,0,,
2022-11-17,06:15,16,15,94,WEST,1.6,9.7,1006.43,2.29,0,0,0,,
2022-11-17,06:30,15.9,15,94,NW,4.8,17.7,1006.6,2.54,0.25,0,0,,
2022-11-17,06:45,15,13.9,94,NORTH,0,11.3,1006.94,2.54,0.25,0,0,,
2022-11-17,07:00,15.2,13.9,94,NORTH,0,3.2,1006.81,2.54,0.25,0,0,,
2022-11-17,07:15,15.3,14.4,95,WNW,3.2,3.2,1007.04,2.54,0.25,0,0,,
2022-11-17,07:30,15.6,14.4,95,WNW,3.2,12.9,1007.25,2.54,0,0,26,,
2022-11-17,07:45,15.7,15,95,WNW,4.8,12.9,1007.52,2.54,0,0,53,,
2022-11-17,08:00,15.9,15,95,WEST,3.2,12.9,1007.59,2.54,0,0,63,,
2022-11-17,08:15,15.9,15,95,WEST,4.8,9.7,1007.86,2.54,0,0,49,,
2022-11-17,08:30,15.8,15,95,WNW,6.4,14.5,1008.09,2.54,0,0,125,,
2022-11-17,08:45,15.8,15,95,WNW,4.8,14.5,1008.13,2.54,0,0,113,,
2022-11-17,09:00,15.9,15,94,WNW,4.8,12.9,1007.89,2.54,0,1,302,,
2022-11-17,09:15,16.2,15,93,WNW,11.3,22.5,1007.89,2.54,0,1,360,,
2022-11-17,09:30,16.6,14.4,90,NW,11.3,17.7,1008.16,2.54,0,1,348,,
2022-11-17,09:45,16.8,14.4,88,WNW,11.3,20.9,1008.3,2.54,0,1,411,,
2022-11-17,10:00,17.3,14.4,86,WNW,14.5,19.3,1008.36,2.54,0,2,548,,
2022-11-17,10:15,17.7,14.4,83,WEST,11.3,22.5,1008.4,2.54,0,1,223,,
2022-11-17,10:30,17.7,14.4,83,WEST,12.9,24.1,1008.47,2.54,0,2,473,,
2022-11-17,10:45,17.8,14.4,81,WEST,12.9,20.9,1008.43,2.54,0,2,281,,
2022-11-17,11:00,17.9,14.4,81,WEST,11.3,16.1,1008.4,2.54,0,1,253,,
2022-11-17,11:15,18,14.4,81,WNW,11.3,19.3,1008.43,2.54,0,2,346,,
2022-11-17,11:30,18.2,14.4,79,WEST,9.7,19.3,1008.3,2.54,0,2,288,,
2022-11-17,11:45,18,14.4,80,WEST,9.7,24.1,1007.96,2.54,0,2,288,,
2022-11-17,12:00,18.1,14.4,80,WEST,6.4,22.5,1007.96,2.54,0,1,195,,
2022-11-17,12:15,17.9,13.9,79,WNW,6.4,17.7,1007.96,2.54,0,0,62,,
2022-11-17,12:30,17.7,14.4,82,WNW,6.4,14.5,1007.96,2.54,0,0,70,,
2022-11-17,12:45,17.1,13.9,84,WEST,4.8,20.9,1007.92,2.54,0,1,111,,
2022-11-17,13:00,17.1,14.4,85,NORTH,0,6.4,1007.69,2.54,0,1,153,,
2022-11-17,13:15,17.2,14.4,85,SW,1.6,3.2,1007.62,2.54,0,0,53,,
2022-11-17,13:30,17,14.4,87,WNW,11.3,12.9,1007.42,2.54,0,0,67,,
2022-11-17,13:45,16.8,14.4,88,NORTH,0,11.3,1007.32,2.54,0,1,190,,
2022-11-17,14:00,17.2,15,89,WSW,1.6,4.8,1007.25,2.54,0,1,139,,
2022-11-17,14:15,17.5,15.6,88,WEST,6.4,17.7,1007.42,2.54,0,0,69,,
2022-11-17,14:30,17.3,15,89,WEST,3.2,17.7,1007.28,2.54,0,0,72,,
2022-11-17,14:45,17.2,15,90,WNW,9.7,12.9,1007.38,3.05,0.51,0,18,,
2022-11-17,15:00,16.9,15.6,91,WNW,8,16.1,1007.35,4.32,1.52,1,137,,
2022-11-17,15:15,17.1,15.6,92,NE,4.8,11.3,1007.32,4.32,1.52,1,86,,
2022-11-17,15:30,17.2,15.6,92,NW,17.7,22.5,1007.32,4.32,1.52,0,47,,
2022-11-17,15:45,17.4,15.6,91,NE,11.3,16.1,1007.35,4.32,1.27,0,204,,
2022-11-17,16:00,17.6,15.6,89,WSW,3.2,17.7,1007.25,4.32,0,0,121,,
2022-11-17,16:15,17.7,15.6,89,ENE,6.4,27.4,1007.38,4.32,0,0,54,,
2022-11-17,16:30,17.6,15.6,90,WEST,19.3,24.1,1007.48,4.32,0,0,53,,
2022-11-17,16:45,17.4,15.6,91,WEST,11.3,17.7,1007.59,4.32,0,0,14,,
2022-11-17,17:00,17.2,15.6,92,WNW,6.4,16.1,1007.52,4.32,0,0,7,,
2022-11-17,17:15,17.1,15.6,92,WNW,6.4,12.9,1007.52,4.32,0,0,0,,
2022-11-17,17:30,16.9,15.6,92,WNW,4.8,12.9,1007.55,4.32,0,0,0,,
2022-11-17,17:45,16.7,15,92,WEST,4.8,11.3,1007.72,4.32,0,0,0,,
2022-11-17,18:00,16.7,15,92,WEST,11.3,12.9,1007.82,4.32,0,0,0,,
2022-11-17,18:15,16.7,15,92,WEST,3.2,12.9,1007.76,4.32,0,0,0,,
2022-11-17,18:30,16.6,15,92,WNW,3.2,8,1007.76,4.32,0,0,0,,
2022-11-17,18:45,16.7,15,92,NORTH,0,4.8,1007.79,4.32,0,0,0,,
2022-11-17,19:00,16.8,15.6,92,WNW,6.4,12.9,1007.86,4.32,0,0,0,,
2022-11-17,19:15,16.8,15.6,92,WEST,4.8,9.7,1008.03,4.32,0,0,0,,
2022-11-17,19:30,16.8,15.6,92,NORTH,0,6.4,1007.86,4.32,0,0,0,,
2022-11-17,19:45,16.7,15,92,SW,1.6,1.6,1007.69,4.32,0,0,0,,
2022-11-17,20:00,16.8,15,91,NORTH,0,4.8,1007.79,4.32,0,0,0,,
2022-11-17,20:15,17.1,15.6,91,NORTH,0,6.4,1007.86,4.32,0,0,0,,
2022-11-17,20:30,17.2,15.6,91,SOUTH,1.6,8,1007.86,4.32,0,0,0,,
2022-11-17,20:45,17.1,15.6,91,SSW,1.6,9.7,1007.96,4.32,0,0,0,,
2022-11-17,21:00,17.2,15.6,91,,1.6,20.9,1008.09,4.32,0,0,0,,
2022-11-17,21:15,17.2,15.6,91,SW,4.8,6.4,1008.03,4.32,0,0,0,,
2022-11-17,21:30,17.2,15.6,90,WSW,3.2,11.3,1007.92,4.32,0,0,0,,
2022-11-17,21:45,17.2,15,89,NORTH,0,8,1008.06,4.32,0,0,0,,
2022-11-17,22:00,17.5,15.6,89,SSW,1.6,11.3,1008.09,4.32,0,0,0,,
2022-11-17,22:15,17.4,15.6,89,SOUTH,1.6,8,1008.13,4.32,0,0,0,,
2022-11-17,22:30,17.4,15.6,89,SSE,3.2,11.3,1007.89,4.32,0,0,0,,
2022-11-17,22:45,17.3,15.6,90,NORTH,0,9.7,1007.82,4.32,0,0,0,,
2022-11-17,23:00,17.2,15.6,90,SW,1.6,11.3,1007.72,4.83,0.51,0,0,,
2022-11-17,23:15,17.1,15.6,91,SSW,1.6,6.4,1007.62,5.33,1.27,0,0,,
2022-11-17,23:30,16.9,15.6,92,NORTH,0,6.4,1007.45,5.33,1.27,0,0,,
2022-11-17,23:45,16.8,15.6,92,SE,1.6,8,1007.48,5.33,1.27,0,0,,
2022-11-17,OVR,,,,,,,,,,,,gustmax,19.3
2022-11-17,OVR,,,,,,,,,,,,rainrate_max,26
2022-11-17,OVR,,,,,,,,,,,,rain_total_mm,5.4
2022-11-17,OVR,,,,,,,,,,,,tmax,18.3
2022-11-17,OVR,,,,,,,,,,,,tmin,14.3
2022-11-17,OVR,,,,,,,,,,,,wind_dir_mean_deg,270
2022-11-18,00:00,17,15.6,93,SSW,1.6,11.3,1007.48,0,0.51,0,0,,
2022-11-18,00:15,16.9,15.6,92,SSE,3.2,8,1007.42,0,0,0,0,,
2022-11-18,00:30,16.9,15.6,92,NORTH,0,8,1007.28,0,0,0,0,,
2022-11-18,00:45,16.8,15.6,92,SSE,3.2,9.7,1006.91,0,0,0,0,,
2022-11-18,01:00,16.8,15.6,93,SOUTH,1.6,6.4,1007.04,0,0,0,0,,
2022-11-18,01:15,16.9,15.6,93,SSW,11.3,24.1,1006.77,3.3,3.3,0,0,,
2022-11-18,01:30,17,15.6,93,SW,4.8,19.3,1006.71,3.3,3.3,0,0,,
2022-11-18,01:45,16.9,15.6,93,SSW,3.2,9.7,1006.6,3.56,3.56,0,0,,
2022-11-18,02:00,17.1,16.1,94,NNE,3.2,12.9,1006.5,3.56,3.56,0,0,,
2022-11-18,02:15,16.9,15.6,93,NORTH,0,19.3,1006.43,3.56,0.25,0,0,,
2022-11-18,02:30,16.9,15.6,93,,8,20.9,1006.33,3.81,0.51,0,0,,
2022-11-18,02:45,17.3,16.1,93,WEST,11.3,24.1,1005.99,3.81,0.25,0,0,,
2022-11-18,03:00,17.4,16.1,93,NE,6.4,25.7,1006.03,3.81,0.25,0,0,,
2022-11-18,03:15,17.6,16.1,92,NW,14.5,29,1006.13,3.81,0.25,0,0,,
2022-11-18,03:30,17.7,16.1,92,ENE,9.7,38.6,1005.96,3.81,0,0,0,,
2022-11-18,03:45,17.7,16.1,92,WNW,8,24.1,1005.89,3.81,0,0,0,,
2022-11-18,04:00,17.7,16.1,92,NE,3.2,24.1,1005.96,3.81,0,0,0,,
2022-11-18,04:15,17.7,16.1,92,NE,3.2,25.7,1005.96,3.81,0,0,0,,
2022-11-18,04:30,17.8,16.1,92,ENE,17.7,35.4,1005.96,3.81,0,0,0,,
2022-11-18,04:45,17.8,16.1,92,SW,11.3,33.8,1005.72,3.81,0,0,0,,
2022-11-18,05:00,17.7,16.1,92,SW,4.8,32.2,1005.86,3.81,0,0,0,,
2022-11-18,05:15,17.8,16.1,91,WEST,24.1,27.4,1005.96,3.81,0,0,0,,
2022-11-18,05:30,17.9,16.1,91,ENE,14.5,30.6,1005.79,3.81,0,0,0,,
2022-11-18,05:45,17.9,16.1,91,WSW,12.9,27.4,1005.99,3.81,0,0,0,,
2022-11-18,06:00,17.8,16.1,92,WNW,14.5,41.8,1005.86,3.81,0,0,0,,
2022-11-18,06:15,17.9,16.7,92,WEST,4.8,22.5,1005.99,3.81,0,0,0,,
2022-11-18,06:30,17.9,16.7,93,WEST,16.1,20.9,1005.86,3.81,0,0,0,,
2022-11-18,06:45,17.7,16.7,93,,19.3,35.4,1006.16,3.81,0,0,0,,
2022-11-18,07:00,16.8,15.6,93,WEST,14.5,32.2,1006.47,3.81,0,0,0,,
2022-11-18,07:15,16.2,15,92,NW,17.7,30.6,1006.87,3.81,0,0,0,,
2022-11-18,07:30,15.7,13.9,91,WNW,12.9,24.1,1006.67,3.81,0,0,11,,
2022-11-18,07:45,15.8,13.9,89,WNW,12.9,22.5,1006.98,3.81,0,0,28,,
2022-11-18,08:00,15.6,13.9,91,WNW,20.9,24.1,1007.28,3.81,0,0,44,,
2022-11-18,08:15,15.4,13.9,92,WEST,14.5,25.7,1007.32,3.81,0,0,88,,
2022-11-18,08:30,15.3,13.9,93,WNW,12.9,24.1,1007.55,3.81,0,0,167,,
2022-11-18,08:45,15.3,13.9,93,WNW,16.1,25.7,1007.69,3.81,0,0,193,,
2022-11-18,09:00,15.4,13.9,93,WEST,17.7,25.7,1007.89,3.81,0,1,260,,
2022-11-18,09:15,15.6,13.9,92,WEST,11.3,24.1,1008.16,3.81,0,1,297,,
2022-11-18,09:30,15.8,13.9,90,WNW,19.3,30.6,1008.3,3.81,0,1,353,,
2022-11-18,09:45,16.2,13.9,86,WNW,27.4,45.1,1008.23,3.81,0,1,367,,
2022-11-18,10:00,16.5,13.9,84,WEST,22.5,30.6,1008.53,3.81,0,1,399,,
2022-11-18,10:15,16.5,13.3,83,WEST,11.3,37,1008.64,3.81,0,1,431,,
2022-11-18,10:30,16.8,13.9,83,WNW,12.9,37,1008.84,3.81,0,2,436,,
2022-11-18,10:45,16.9,13.3,81,WEST,22.5,35.4,1008.67,3.81,0,2,547,,
2022-11-18,11:00,17.3,13.3,80,WNW,12.9,41.8,1008.67,3.81,0,2,241,,
2022-11-18,11:15,17.3,13.3,79,WNW,22.5,35.4,1008.94,3.81,0,2,584,,
2022-11-18,11:30,17.1,12.8,78,WNW,19.3,43.5,1009.04,3.81,0,1,559,,
2022-11-18,11:45,17.2,13.3,78,WNW,30.6,41.8,1008.7,3.81,0,2,714,,
2022-11-18,12:00,16.9,12.8,79,WNW,20.9,49.9,1008.7,3.81,0,1,109,,
2022-11-18,12:15,16.7,12.8,77,EAST,20.9,41.8,1008.84,3.81,0,2,645,,
2022-11-18,12:30,16.9,12.8,77,WEST,19.3,41.8,1008.81,3.81,0,1,132,,
2022-11-18,12:45,16.6,12.2,77,WEST,27.4,38.6,1008.64,3.81,0,2,568,,
2022-11-18,13:00,16.4,12.2,77,NW,17.7,40.2,1008.53,3.81,0,1,134,,
2022-11-18,13:15,16.9,12.2,76,WEST,35.4,40.2,1008.36,3.81,0,2,573,,
2022-11-18,13:30,16.7,12.2,75,WNW,20.9,43.5,1008.33,3.81,0,2,552,,
2022-11-18,13:45,17.2,12.8,76,WNW,27.4,40.2,1008.33,3.81,0,2,506,,
2022-11-18,14:00,17,12.8,78,WNW,29,40.2,1008.16,3.81,0,2,204,,
2022-11-18,14:15,17,12.8,77,WNW,32.2,38.6,1008.06,3.81,0,1,388,,
2022-11-18,14:30,16.7,12.8,78,NE,19.3,38.6,1007.99,3.81,0,1,355,,
2022-11-18,14:45,16.6,12.2,77,WEST,24.1,38.6,1007.89,3.81,0,1,278,,
2022-11-18,15:00,16.6,12.8,78,WEST,22.5,37,1007.86,3.81,0,1,301,,
2022-11-18,15:15,16.4,12.2,78,WNW,17.7,38.6,1007.89,3.81,0,0,114,,
2022-11-18,15:30,16.4,12.2,78,WNW,20.9,37,1007.96,3.81,0,0,230,,
2022-11-18,15:45,16.4,12.2,78,WEST,33.8,38.6,1008.06,3.81,0,0,167,,
2022-11-18,16:00,16.2,12.2,77,WEST,29,35.4,1008.13,3.81,0,0,111,,
2022-11-18,16:15,16.1,12.2,78,WNW,14.5,33.8,1008.36,3.81,0,0,49,,
2022-11-18,16:30,15.8,12.2,79,WEST,19.3,27.4,1008.2,3.81,0,0,19,,
2022-11-18,16:45,15.4,11.7,80,WNW,4.8,20.9,1008.4,3.81,0,0,23,,
2022-11-18,17:00,15.1,11.7,81,WSW,3.2,16.1,1008.57,3.81,0,0,7,,
2022-11-18,17:15,14.9,11.7,83,WNW,6.4,14.5,1008.3,3.81,0,0,0,,
2022-11-18,17:30,15,11.7,82,WNW,14.5,17.7,1008.5,3.81,0,0,0,,
2022-11-18,17:45,14.9,11.7,83,WNW,11.3,16.1,1008.33,3.81,0,0,0,,
2022-11-18,18:00,14.9,11.7,83,NW,6.4,17.7,1008.47,3.81,0,0,0,,
2022-11-18,18:15,14.6,11.7,83,WNW,8,14.5,1008.5,3.81,0,0,0,,
2022-11-18,19:00,13,10.6,86,NORTH,0,3.2,1008.53,3.81,0,0,0,,
2022-11-18,19:15,12.5,10,86,WEST,1.6,3.2,1008.53,3.81,0,0,0,,
2022-11-18,19:30,12.2,10,88,SOUTH,4.8,4.8,1008.64,3.81,0,0,0,,
2022-11-18,19:45,12.2,10,87,SOUTH,1.6,6.4,1008.84,3.81,0,0,0,,
2022-11-18,20:00,12.4,10,87,SOUTH,1.6,1.6,1009.21,3.81,0,0,0,,
2022-11-18,20:15,12.7,10,86,NORTH,0,1.6,1008.91,3.81,0,0,0,,
2022-11-18,20:30,13.2,10.6,84,NW,4.8,4.8,1008.47,3.81,0,0,0,,
2022-11-18,20:45,13.4,10,82,NNW,1.6,6.4,1009.28,3.81,0,0,0,,
2022-11-18,21:00,13.3,10.6,83,NORTH,0,3.2,1008.7,3.81,0,0,0,,
2022-11-18,21:15,13.3,10.6,84,,1.6,6.4,1008.74,3.81,0,0,0,,
2022-11-18,21:30,13.1,10.6,86,NORTH,0,4.8,1008.67,3.81,0,0,0,,
2022-11-18,21:45,13.1,10.6,87,NE,3.2,4.8,1008.53,3.81,0,0,0,,
2022-11-18,22:00,13.2,11.1,87,EAST,4.8,6.4,1008.03,3.81,0,0,0,,
2022-11-18,22:15,13.2,11.1,87,ESE,9.7,9.7,1007.72,3.81,0,0,0,,
2022-11-18,22:30,12.9,10.6,87,EAST,4.8,9.7,1007.69,4.06,0.25,0,0,,
2022-11-18,22:45,12.7,10.6,88,EAST,4.8,12.9,1007.82,4.06,0.25,0,0,,
2022-11-18,23:00,12.7,10.6,88,EAST,4.8,11.3,1007.72,4.06,0.25,0,0,,
2022-11-18,23:15,12.8,10.6,88,ENE,4.8,11.3,1007.42,4.06,0.25,0,0,,
2022-11-18,23:30,13.1,10.6,86,EAST,4.8,9.7,1007.38,4.06,0,0,0,,
2022-11-18,23:45,13.1,10.6,86,EAST,3.2,6.4,1007.32,4.06,0,0,0,,
2022-11-18,OVR,,,,,,,,,,,,gustmax,35.4
2022-11-18,OVR,,,,,,,,,,,,rainrate_max,83.4
2022-11-18,OVR,,,,,,,,,,,,rain_total_mm,4
2022-11-18,OVR,,,,,,,,,,,,tmax,17.9
2022-11-18,OVR,,,,,,,,,,,,tmin,12.1
2022-11-18,OVR,,,,,,,,,,,,wind_dir_mean_deg,270
2022-11-19,00:00,12.7,10.6,88,EAST,1.6,3.2,1007.15,0,0,0,0,,
2022-11-19,00:15,12.7,10.6,89,NORTH,0,0,1007.38,0,0,0,0,,
2022-11-19,00:30,12.9,11.1,88,NORTH,0,0,1007.28,0,0,0,0,,
2022-11-19,00:45,12.9,10.6,88,NORTH,0,0,1007.01,0,0,0,0,,
2022-11-19,01:00,13.1,10.6,86,NORTH,0,0,1007.18,0,0,0,0,,
2022-11-19,01:15,12.9,10.6,86,NORTH,0,0,1006.94,0,0,0,0,,
2022-11-19,01:30,12.6,10.6,87,EAST,3.2,4.8,1006.64,0,0,0,0,,
2022-11-19,01:45,12.6,10.6,87,EAST,3.2,6.4,1005.96,0,0,0,0,,
2022-11-19,02:00,12.6,10.6,87,EAST,6.4,6.4,1005.76,0,0,0,0,,
2022-11-19,02:15,12.7,10.6,87,EAST,1.6,6.4,1006.1,0,0,0,0,,
2022-11-19,02:30,12.6,10.6,87,EAST,1.6,3.2,1005.76,0,0,0,0,,
2022-11-19,02:45,12.4,10.6,88,NORTH,0,4.8,1005.86,0,0,0,0,,
2022-11-19,03:00,12.4,10.6,88,EAST,1.6,3.2,1005.55,0,0,0,0,,
2022-11-19,03:15,12.3,10.6,89,EAST,3.2,3.2,1004.88,0,0,0,0,,
2022-11-19,03:30,12.6,10.6,89,ESE,4.8,12.9,1005.01,0,0,0,0,,
2022-11-19,03:45,12.9,10.6,87,ESE,6.4,11.3,1004.91,0,0,0,0,,
2022-11-19,04:00,12.9,10.6,87,SE,16.1,16.1,1004.57,0,0,0,0,,
2022-11-19,04:15,12.8,10.6,87,SE,11.3,16.1,1004.5,0,0,0,0,,
2022-11-19,04:30,12.7,10.6,88,SE,8,12.9,1004.5,0,0,0,0,,
2022-11-19,04:45,12.6,10.6,89,ESE,8,17.7,1004.27,0,0,0,0,,
2022-11-19,05:00,12.5,10.6,89,SE,8,14.5,1004.2,0,0,0,0,,
2022-11-19,05:15,12.4,10.6,90,ESE,1.6,12.9,1004.1,0,0,0,0,,
2022-11-19,05:30,12.3,10.6,90,NW,1.6,6.4,1004.4,0.76,0.76,0,0,,
2022-11-19,05:45,12.1,10.6,92,ESE,3.2,4.8,1004.17,2.79,2.79,0,0,,
2022-11-19,06:00,12,10.6,92,EAST,4.8,6.4,1004.13,4.32,4.32,0,0,,
2022-11-19,06:15,11.9,10.6,93,EAST,6.4,14.5,1003.52,5.08,5.08,0,0,,
2022-11-19,06:30,11.8,10.6,93,ENE,12.9,14.5,1003.69,6.1,5.33,0,0,,
2022-11-19,06:45,11.8,10.6,93,ESE,16.1,16.1,1003.52,7.11,4.32,0,0,,
2022-11-19,07:00,11.9,10.6,94,EAST,11.3,14.5,1003.25,7.11,2.79,0,0,,
2022-11-19,07:15,12,11.1,94,ESE,11.3,14.5,1002.98,7.37,2.29,0,0,,
2022-11-19,07:30,12,11.1,94,ENE,6.4,14.5,1002.47,7.37,1.27,0,7,,
2022-11-19,07:45,11.9,11.1,94,ESE,11.3,16.1,1002.78,7.37,0.51,0,18,,
2022-11-19,08:00,12.1,11.1,94,ESE,11.3,14.5,1002.51,7.62,0.51,0,28,,
2022-11-19,08:15,12.6,11.7,95,SE,8,16.1,1002.78,7.62,0.25,0,39,,
2022-11-19,08:30,12.9,11.7,95,SE,8,16.1,1002.81,7.62,0.25,0,30,,
2022-11-19,08:45,13.2,12.2,95,SE,14.5,24.1,1002.74,7.62,0.25,0,44,,
2022-11-19,09:00,13.3,12.2,95,SSE,3.2,20.9,1002.88,7.62,0,0,93,,
2022-11-19,09:15,11.6,10.6,94,WEST,9.7,19.3,1003.45,7.62,0,0,51,,
2022-11-19,09:30,11.3,10,95,WEST,6.4,25.7,1003.45,7.62,0,0,95,,
2022-11-19,09:45,11.4,10.6,95,WNW,11.3,20.9,1003.59,7.62,0,0,86,,
2022-11-19,10:00,11.3,10.6,95,WNW,14.5,25.7,1003.79,7.62,0,1,220,,
2022-11-19,10:15,11.7,11.1,96,WNW,8,20.9,1003.83,7.62,0,1,406,,
2022-11-19,10:30,11.2,10,95,NNW,14.5,25.7,1004.27,7.62,0,0,91,,
2022-11-19,10:45,10.6,9.4,94,NW,22.5,27.4,1004.78,7.62,0,0,79,,
2022-11-19,11:00,10.6,9.4,94,NW,12.9,33.8,1004.71,7.62,0,1,118,,
2022-11-19,11:15,11,10,93,WEST,14.5,19.3,1004.67,7.62,0,0,91,,
2022-11-19,11:30,11.4,10,93,WNW,12.9,17.7,1005.05,7.62,0,1,216,,
2022-11-19,11:45,11.7,10,92,WNW,16.1,27.4,1004.81,7.62,0,1,183,,
2022-11-19,12:00,11.9,10.6,91,WNW,8,20.9,1004.5,7.62,0,1,179,,
2022-11-19,12:15,12.1,10.6,90,WNW,14.5,22.5,1004.67,7.62,0,1,107,,
2022-11-19,12:30,11.9,10,89,WEST,11.3,19.3,1004.47,7.62,0,0,76,,
2022-11-19,12:45,11.9,10,88,WEST,16.1,24.1,1004.47,7.62,0,1,193,,
2022-11-19,13:00,12.1,10,87,WNW,19.3,30.6,1004.47,7.62,0,1,229,,
2022-11-19,13:15,12.4,10,86,WEST,20.9,25.7,1004.44,7.62,0,1,309,,
2022-11-19,13:30,12.9,10,83,WEST,24.1,33.8,1004.57,7.62,0,2,501,,
2022-11-19,13:45,13.2,10.6,84,WEST,19.3,37,1004.47,7.62,0,2,513,,
2022-11-19,14:00,13.5,10.6,84,WNW,16.1,29,1004.64,7.62,0,1,163,,
2022-11-19,14:15,13.4,10.6,83,WEST,22.5,38.6,1004.78,7.62,0,0,79,,
2022-11-19,14:30,13.1,10,84,ENE,14.5,33.8,1004.67,7.62,0,1,153,,
2022-11-19,14:45,13.2,10,83,NW,8,25.7,1004.88,7.62,0,0,46,,
2022-11-19,15:00,13.2,10.6,84,WEST,9.7,20.9,1005.05,7.62,0,1,216,,
2022-11-19,15:15,13.7,10.6,81,WNW,25.7,32.2,1005.08,7.62,0,0,63,,
2022-11-19,15:30,13.7,10,80,WEST,16.1,30.6,1005.25,7.62,0,0,190,,
2022-11-19,15:45,13.6,10,81,WEST,19.3,16.1,1005.35,7.62,0,0,58,,
2022-11-19,16:00,13.6,10,80,,12.9,19.3,1005.59,7.62,0,0,39,,
2022-11-19,16:15,13.6,9.4,77,WEST,16.1,25.7,1005.83,7.62,0,0,49,,
2022-11-19,16:30,13.6,9.4,76,ENE,11.3,30.6,1005.99,7.62,0,0,21,,
2022-11-19,16:45,13.3,9.4,77,NE,3.2,27.4,1006.23,7.62,0,0,9,,
2022-11-19,17:00,13.3,9.4,78,ENE,12.9,27.4,1006.13,7.62,0,0,0,,
2022-11-19,17:15,13.3,9.4,78,NE,24.1,24.1,1006.33,7.62,0,0,0,,
2022-11-19,17:30,12.5,9.4,84,WNW,8,35.4,1007.21,8.89,1.52,0,0,,
2022-11-19,17:45,10.9,8.9,87,,12.9,14.5,1007.48,14.99,7.37,0,0,,
2022-11-19,18:00,10.4,8.3,89,NNE,9.7,11.3,1007.15,15.24,7.62,0,0,,
2022-11-19,18:15,10.3,8.3,89,EAST,3.2,11.3,1007.25,15.24,7.62,0,0,,
2022-11-19,18:30,10.4,8.9,90,EAST,3.2,4.8,1007.45,15.24,6.1,0,0,,
2022-11-19,18:45,10.8,8.9,90,NORTH,0,3.2,1007.55,15.24,0.25,0,0,,
2022-11-19,19:00,11.2,9.4,90,EAST,1.6,3.2,1007.52,15.49,0.25,0,0,,
2022-11-19,19:15,11.3,9.4,90,NORTH,0,3.2,1007.45,15.49,0.25,0,0,,
2022-11-19,19:30,11.6,9.4,89,SSW,1.6,4.8,1007.69,15.49,0.25,0,0,,
2022-11-19,19:45,11.7,9.4,88,WEST,4.8,12.9,1007.76,15.49,0.25,0,0,,
2022-11-19,20:00,11.8,9.4,88,WEST,6.4,27.4,1007.92,15.49,0,0,0,,
2022-11-19,20:15,11.8,9.4,88,WSW,1.6,14.5,1008.13,15.49,0,0,0,,
2022-11-19,20:30,11.7,9.4,87,WEST,1.6,17.7,1008.26,15.49,0,0,0,,
2022-11-19,20:45,11.6,9.4,86,,4.8,9.7,1008.53,15.49,0,0,0,,
2022-11-19,21:00,11.5,8.9,86,WEST,3.2,12.9,1008.5,15.49,0,0,0,,
2022-11-19,21:15,11.5,8.9,86,NORTH,0,4.8,1008.6,15.49,0,0,0,,
2022-11-19,21:30,11.4,8.9,85,NORTH,0,3.2,1008.5,15.49,0,0,0,,
2022-11-19,21:45,11.4,8.9,86,WEST,1.6,3.2,1008.53,15.49,0,0,0,,
2022-11-19,22:00,11.8,8.9,84,NORTH,0,9.7,1008.57,15.49,0,0,0,,
2022-11-19,22:15,11.9,8.9,83,WEST,1.6,9.7,1008.4,15.49,0,0,0,,
2022-11-19,22:30,11.5,8.9,84,NORTH,0,3.2,1008.33,15.49,0,0,0,,
2022-11-19,22:45,11.4,8.9,84,NORTH,0,1.6,1008.47,15.49,0,0,0,,
2022-11-19,23:00,11.9,8.9,83,NORTH,0,3.2,1008.4,15.49,0,0,0,,
2022-11-19,23:15,11.9,8.9,82,WSW,1.6,4.8,1008.26,15.49,0,0,0,,
2022-11-19,23:30,11.9,8.9,82,NORTH,0,4.8,1008.36,15.49,0,0,0,,
2022-11-19,23:45,11.5,8.3,82,SSE,8,8,1008.7,15.49,0,0,0,,
2022-11-19,OVR,,,,,,,,,,,,gustmax,25.7
2022-11-19,OVR,,,,,,,,,,,,rainrate_max,65.8
2022-11-19,OVR,,,,,,,,,,,,rain_total_mm,15.4
2022-11-19,OVR,,,,,,,,,,,,tmax,13.8
2022-11-19,OVR,,,,,,,,,,,,tmin,10.3
2022-11-19,OVR,,,,,,,,,,,,wind_dir_mean_deg,112.5
2022-11-20,00:00,11.1,8.3,85,SE,8,12.9,1008.6,0,0,0,0,,
2022-11-20,00:15,10.2,7.8,88,NORTH,0,24.1,1009.28,0.25,0.25,0,0,,
2022-11-20,00:30,10.3,8.3,90,SE,9.7,14.5,1008.67,4.06,4.06,0,0,,
2022-11-20,00:45,10.2,8.3,90,SSE,8,14.5,1008.53,4.06,4.06,0,0,,
2022-11-20,01:00,10.2,8.3,88,SE,12.9,12.9,1008.33,4.06,4.06,0,0,,
2022-11-20,01:15,10.2,8.3,88,SE,14.5,22.5,1008.6,4.06,3.81,0,0,,
2022-11-20,01:30,10.2,8.3,90,NORTH,0,14.5,1008.67,4.06,0,0,0,,
2022-11-20,01:45,10.4,8.9,90,SSW,3.2,6.4,1008.47,4.06,0,0,0,,
2022-11-20,02:00,10.6,8.9,90,SSW,3.2,12.9,1008.74,4.06,0,0,0,,
2022-11-20,02:15,10.5,8.9,90,NORTH,0,3.2,1008.74,4.06,0,0,0,,
2022-11-20,02:30,10.4,8.9,91,NORTH,0,4.8,1008.94,4.06,0,0,0,,
2022-11-20,02:45,10.6,8.9,91,WEST,3.2,9.7,1008.91,4.06,0,0,0,,
2022-11-20,03:00,10.6,8.9,91,NNW,8,17.7,1009.35,4.06,0,0,0,,
2022-11-20,03:15,10.1,8.9,92,NORTH,0,8,1009.35,4.06,0,0,0,,
2022-11-20,03:30,10.2,8.9,92,NORTH,0,3.2,1009.04,4.06,0,0,0,,
2022-11-20,03:45,10.3,8.9,91,NW,16.1,20.9,1008.77,4.06,0,0,0,,
2022-11-20,04:00,10.4,8.3,89,WNW,14.5,20.9,1008.91,4.06,0,0,0,,
2022-11-20,04:15,10.7,8.3,87,WNW,8,20.9,1008.74,4.06,0,0,0,,
2022-11-20,04:30,10.7,8.3,86,WNW,12.9,20.9,1008.7,4.06,0,0,0,,
2022-11-20,04:45,10.6,8.3,86,WNW,12.9,27.4,1008.67,4.06,0,0,0,,
2022-11-20,05:00,10.3,8.3,87,WEST,24.1,25.7,1008.57,4.06,0,0,0,,
2022-11-20,05:15,10.6,8.3,87,WEST,14.5,22.5,1009.01,4.06,0,0,0,,
2022-11-20,05:30,10.8,8.3,86,WNW,16.1,20.9,1009.11,4.06,0,0,0,,
2022-11-20,05:45,10.8,8.3,84,WNW,14.5,30.6,1009.08,4.06,0,0,0,,
2022-11-20,06:00,10.8,7.8,83,WNW,12.9,20.9,1009.21,4.06,0,0,0,,
2022-11-20,06:15,10.6,7.8,84,WNW,17.7,27.4,1009.35,4.06,0,0,0,,
2022-11-20,06:30,10.9,7.8,83,WNW,14.5,37,1009.35,4.06,0,0,0,,
2022-11-20,06:45,10.9,7.8,83,NW,17.7,27.4,1009.75,4.06,0,0,0,,
2022-11-20,07:00,10.5,7.8,84,WNW,6.4,12.9,1009.75,4.06,0,0,0,,
2022-11-20,07:15,11.1,7.8,82,NW,20.9,30.6,1009.72,4.06,0,0,0,,
2022-11-20,07:30,11.3,8.3,81,WNW,29,32.2,1009.82,4.06,0,0,12,,
2022-11-20,07:45,11.5,8.3,81,WNW,24.1,37,1010.13,4.06,0,0,37,,
2022-11-20,08:00,11.6,8.3,81,WEST,14.5,35.4,1010.33,4.06,0,0,81,,
2022-11-20,08:15,11.8,8.3,81,WNW,19.3,30.6,1010.53,4.06,0,0,109,,
2022-11-20,08:30,11.7,8.3,81,WNW,20.9,30.6,1010.8,4.06,0,0,67,,
2022-11-20,08:45,11.8,8.3,81,WNW,14.5,38.6,1011.14,4.06,0,0,127,,
2022-11-20,09:00,11.9,8.3,80,NW,17.7,37,1011.14,4.06,0,0,123,,
2022-11-20,09:15,12.2,8.3,79,WEST,17.7,25.7,1011.38,4.06,0,1,355,,
2022-11-20,09:30,12.3,8.3,77,WNW,19.3,29,1011.45,4.06,0,0,206,,
2022-11-20,09:45,12.4,8.3,76,WNW,16.1,25.7,1011.62,4.06,0,1,178,,
2022-11-20,10:00,12.7,8.3,75,WEST,17.7,25.7,1011.68,4.06,0,1,487,,
2022-11-20,10:15,12.9,8.3,75,WNW,16.1,45.1,1011.75,4.06,0,1,234,,
2022-11-20,10:30,13.1,8.3,74,WNW,30.6,48.3,1011.51,4.06,0,1,172,,
2022-11-20,10:45,13.2,8.3,73,WNW,20.9,41.8,1011.79,4.06,0,1,473,,
2022-11-20,11:00,13.4,8.3,72,WNW,35.4,53.1,1011.85,4.06,0,2,506,,
2022-11-20,11:15,13.3,8.3,72,SSE,38.6,53.1,1011.89,4.06,0,2,204,,
2022-11-20,11:30,13.4,8.3,71,WNW,29,46.7,1011.55,4.06,0,1,369,,
2022-11-20,11:45,13.1,7.8,72,NW,27.4,37,1011.58,4.06,0,1,185,,
2022-11-20,12:00,12.8,8.3,74,WNW,30.6,37,1011.62,4.06,0,1,84,,
2022-11-20,12:15,12.9,8.3,74,WEST,27.4,43.5,1011.55,4.06,0,2,301,,
2022-11-20,12:30,13,8.3,75,WEST,17.7,45.1,1011.48,4.06,0,2,545,,
2022-11-20,12:45,13.3,8.9,75,WNW,19.3,38.6,1011.48,4.06,0,1,195,,
2022-11-20,13:00,12.4,8.9,80,WEST,12.9,29,1011.48,4.06,0,1,109,,
2022-11-20,13:15,12.8,9.4,82,WNW,14.5,19.3,1011.68,4.06,0,1,239,,
2022-11-20,13:30,13.3,10,81,WNW,11.3,33.8,1011.55,4.06,0,1,148,,
2022-11-20,13:45,13.5,10,81,WEST,16.1,33.8,1011.72,4.06,0,1,575,,
2022-11-20,14:00,13.8,9.4,77,WEST,14.5,29,1011.62,4.06,0,1,127,,
2022-11-20,14:15,14,9.4,74,WNW,17.7,32.2,1011.85,4.06,0,1,156,,
2022-11-20,14:30,13.8,9.4,76,WNW,22.5,38.6,1011.82,4.06,0,1,118,,
2022-11-20,14:45,13.9,10,79,NW,29,48.3,1011.99,4.06,0,1,450,,
2022-11-20,15:00,13.9,10,77,WEST,27.4,53.1,1011.85,4.06,0,0,183,,
2022-11-20,15:15,13.4,10,81,WNW,51.5,48.3,1012.02,4.32,0.25,0,221,,
2022-11-20,15:30,13.5,10,82,WNW,29,56.3,1012.26,4.32,0.25,0,155,,
2022-11-20,15:45,13.1,10,83,WEST,30.6,54.7,1012.26,4.32,0.25,0,26,,
2022-11-20,16:00,12.7,10,85,WNW,32.2,43.5,1012.53,4.32,0,0,49,,
2022-11-20,16:15,12.6,10,85,WNW,38.6,51.5,1012.67,4.32,0,0,30,,
2022-11-20,16:30,12.6,9.4,83,NNW,24.1,48.3,1012.84,4.32,0,0,23,,
2022-11-20,16:45,12.4,9.4,83,WNW,30.6,43.5,1013,4.32,0,0,12,,
2022-11-20,17:00,12.3,9.4,83,WNW,32.2,54.7,1013.07,4.32,0,0,0,,
2022-11-20,17:15,12.1,9.4,84,WNW,25.7,40.2,1013.24,4.32,0,0,0,,
2022-11-20,17:30,11.9,8.9,83,WNW,22.5,54.7,1013.82,4.32,0,0,0,,
2022-11-20,17:45,11.7,8.9,84,WNW,17.7,33.8,1014.05,4.32,0,0,0,,
2022-11-20,18:00,11.6,8.9,84,WNW,17.7,41.8,1014.26,4.32,0,0,0,,
2022-11-20,18:15,11.9,8.9,82,WEST,19.3,40.2,1014.19,4.32,0,0,0,,
2022-11-20,18:30,12,8.3,80,WNW,11.3,40.2,1014.73,4.32,0,0,0,,
2022-11-20,18:45,11.9,8.3,79,NW,16.1,32.2,1014.8,4.32,0,0,0,,
2022-11-20,19:00,12.1,8.3,79,WNW,19.3,40.2,1015.1,4.32,0,0,0,,
2022-11-20,19:15,11.6,8.3,83,WEST,19.3,32.2,1015.17,4.32,0.25,0,0,,
2022-11-20,19:30,11.6,8.3,83,WEST,27.4,37,1015.44,4.32,0.25,0,0,,
2022-11-20,19:45,11.6,8.3,82,WEST,16.1,25.7,1015.48,4.32,0.25,0,0,,
2022-11-20,20:00,11.4,7.8,79,WNW,12.9,25.7,1015.61,4.32,0.25,0,0,,
2022-11-20,20:15,11.5,7.8,77,WNW,19.3,29,1015.85,4.32,0,0,0,,
2022-11-20,20:30,11.5,7.2,76,WEST,19.3,32.2,1016.09,4.32,0,0,0,,
2022-11-20,20:45,11.4,6.7,75,WNW,14.5,27.4,1016.59,4.32,0,0,0,,
2022-11-20,21:00,11.5,6.7,73,WEST,17.7,25.7,1016.7,4.32,0,0,0,,
2022-11-20,21:15,11.5,6.1,70,WEST,16.1,27.4,1016.42,4.32,0,0,0,,
2022-11-20,21:30,11.4,5.6,69,WEST,16.1,29,1016.73,4.32,0,0,0,,
2022-11-20,21:45,11.6,6.1,69,WEST,25.7,33.8,1016.63,4.32,0,0,0,,
2022-11-20,22:00,11.8,6.1,70,WNW,20.9,49.9,1016.56,4.32,0,0,0,,
2022-11-20,22:15,11.8,6.1,70,NW,22.5,37,1016.7,4.32,0,0,0,,
2022-11-20,22:30,11.7,6.7,71,NW,14.5,32.2,1016.93,4.32,0,0,0,,
2022-11-20,22:45,11.8,6.7,70,WEST,24.1,24.1,1016.7,4.32,0,0,0,,
2022-11-20,23:00,11.9,6.7,70,WNW,29,30.6,1016.53,4.32,0,0,0,,
2022-11-20,23:15,12.2,6.7,70,WNW,32.2,37,1016.22,4.32,0,0,0,,
2022-11-20,23:30,12.3,6.7,70,WNW,16.1,38.6,1016.39,4.32,0,0,0,,
2022-11-20,23:45,12.2,7.2,71,WEST,19.3,33.8,1016.36,4.32,0,0,0,,
2022-11-20,OVR,,,,,,,,,,,,gustmax,51.5
2022-11-20,OVR,,,,,,,,,,,,rainrate_max,80.6
2022-11-20,OVR,,,,,,,,,,,,rain_total_mm,4.4
2022-11-20,OVR,,,,,,,,,,,,tmax,14.2
2022-11-20,OVR,,,,,,,,,,,,tmin,9.9
2022-11-20,OVR,,,,,,,,,,,,wind_dir_mean_deg,270
2022-11-21,00:00,12.1,7.2,72,WNW,22.5,30.6,1016.63,0,0,0,0,,
2022-11-21,00:15,11.8,8.3,79,WEST,24.1,45.1,1016.59,0,0,0,0,,
2022-11-21,00:30,11.3,8.3,84,WNW,19.3,32.2,1016.09,0,0,0,0,,
2022-11-21,00:45,11.3,8.9,85,WNW,12.9,29,1016.22,0,0,0,0,,
2022-11-21,01:00,11.4,8.9,86,WNW,17.7,24.1,1016.29,0,0,0,0,,
2022-11-21,01:15,11.6,9.4,87,WNW,11.3,32.2,1016.22,1.02,1.02,0,0,,
2022-11-21,01:30,11.7,9.4,89,WNW,11.3,25.7,1016.02,1.52,1.52,0,0,,
2022-11-21,01:45,11.9,10,89,WEST,25.7,35.4,1016.12,1.52,1.52,0,0,,
2022-11-21,02:00,12.2,10,88,WEST,27.4,43.5,1015.88,1.52,1.52,0,0,,
2022-11-21,02:15,12.8,10,84,WNW,20.9,56.3,1015.95,1.52,0.51,0,0,,
2022-11-21,02:30,12.9,10,83,WNW,30.6,51.5,1015.82,1.52,0,0,0,,
2022-11-21,02:45,12.9,10,83,WEST,29,53.1,1015.98,1.52,0,0,0,,
2022-11-21,03:00,13.3,10,81,WNW,40.2,54.7,1015.78,1.52,0,0,0,,
2022-11-21,03:15,13.4,10,80,NW,33.8,51.5,1015.88,1.52,0,0,0,,
2022-11-21,03:30,13.3,9.4,80,WNW,33.8,46.7,1015.98,1.52,0,0,0,,
2022-11-21,03:45,13.4,9.4,78,WNW,24.1,45.1,1015.78,1.52,0,0,0,,
2022-11-21,04:00,13.3,8.9,77,WNW,32.2,48.3,1015.71,1.52,0,0,0,,
2022-11-21,04:15,13.4,8.9,75,WNW,29,48.3,1015.51,1.52,0,0,0,,
2022-11-21,04:30,13.5,8.9,76,WNW,20.9,38.6,1015.51,1.52,0,0,0,,
2022-11-21,04:45,13.4,9.4,77,WEST,25.7,38.6,1015.48,1.52,0,0,0,,
2022-11-21,05:00,13.6,9.4,78,WNW,29,53.1,1015.61,1.52,0,0,0,,
2022-11-21,05:15,13.4,9.4,78,WNW,20.9,41.8,1015.68,1.52,0,0,0,,
2022-11-21,05:30,13.3,9.4,78,WNW,33.8,43.5,1015.65,1.52,0,0,0,,
2022-11-21,05:45,13.3,9.4,78,WNW,16.1,45.1,1015.75,1.52,0,0,0,,
2022-11-21,06:00,13.3,9.4,77,NW,32.2,41.8,1015.78,1.52,0,0,0,,
2022-11-21,06:15,13.3,8.9,75,WNW,17.7,41.8,1015.88,1.52,0,0,0,,
2022-11-21,06:30,12.8,8.9,78,WNW,32.2,32.2,1015.48,1.52,0,0,0,,
2022-11-21,06:45,12.9,8.9,76,WNW,35.4,40.2,1015.48,1.52,0,0,0,,
2022-11-21,07:00,12.9,8.9,76,WNW,22.5,41.8,1015.34,1.52,0,0,0,,
2022-11-21,07:15,12.9,8.9,77,WNW,22.5,41.8,1015.54,1.52,0,0,0,,
2022-11-21,07:30,13,8.9,77,WNW,19.3,33.8,1015.58,1.52,0,0,11,,
2022-11-21,07:45,13,8.9,78,NW,14.5,32.2,1015.54,1.52,0,0,16,,
2022-11-21,08:00,13,9.4,79,WNW,16.1,25.7,1015.75,1.52,0,0,25,,
2022-11-21,08:15,12.7,8.9,80,WNW,3.2,16.1,1016.19,1.52,0,0,47,,
2022-11-21,08:30,12.7,9.4,82,WNW,4.8,11.3,1015.95,1.52,0,0,47,,
2022-11-21,08:45,13,10,82,WNW,3.2,14.5,1016.05,1.52,0,0,109,,
2022-11-21,09:00,13.3,10,81,WNW,6.4,9.7,1016.32,1.52,0,0,118,,
2022-11-21,09:15,13.3,10,81,WNW,4.8,12.9,1016.36,1.52,0,1,338,,
2022-11-21,09:30,13.9,10.6,80,WNW,4.8,11.3,1016.59,1.52,0,1,142,,
2022-11-21,09:45,14.3,11.1,80,WNW,11.3,14.5,1016.46,1.52,0,1,306,,
2022-11-21,10:00,15.1,11.1,78,WNW,19.3,24.1,1016.46,1.52,0,1,401,,
2022-11-21,10:15,15.3,11.1,77,WEST,19.3,27.4,1016.53,1.52,0,1,227,,
2022-11-21,10:30,15.4,10.6,74,WNW,20.9,32.2,1016.63,1.52,0,1,276,,
2022-11-21,10:45,15.8,11.1,75,WNW,14.5,32.2,1016.32,1.52,0,2,592,,
2022-11-21,11:00,15.6,10.6,74,WNW,20.9,38.6,1016.19,1.52,0,2,278,,
2022-11-21,11:15,15.9,10.6,72,WNW,27.4,38.6,1015.92,1.52,0,2,557,,
2022-11-21,11:30,16.2,10.6,71,WEST,33.8,40.2,1015.75,1.52,0,2,622,,
2022-11-21,11:45,16,10.6,72,WEST,20.9,29,1015.68,1.52,0,1,188,,
2022-11-21,12:00,16.3,11.1,72,WNW,8,33.8,1015.24,1.52,0,1,250,,
2022-11-21,12:15,16.1,10.6,71,WEST,19.3,37,1014.93,1.52,0,2,475,,
2022-11-21,12:30,16.1,11.1,74,WSW,4.8,29,1014.49,1.52,0,2,424,,
2022-11-21,12:45,16.4,11.7,73,NE,4.8,29,1014.43,1.52,0,2,392,,
2022-11-21,13:00,16.2,11.1,73,WEST,14.5,22.5,1014.46,1.52,0,2,369,,
2022-11-21,13:15,16.1,10.6,70,WNW,11.3,35.4,1014.29,1.52,0,1,302,,
2022-11-21,13:30,16.1,11.1,72,WSW,14.5,25.7,1014.02,1.52,0,1,278,,
2022-11-21,13:45,16.1,11.1,73,WNW,24.1,29,1013.75,1.52,0,1,318,,
2022-11-21,14:00,16.2,11.7,74,WEST,14.5,27.4,1013.34,1.52,0,1,244,,
2022-11-21,14:15,16.2,11.7,75,WNW,8,24.1,1013.21,1.52,0,1,234,,
2022-11-21,14:30,16.1,11.1,74,WNW,12.9,24.1,1012.97,1.52,0,0,125,,
2022-11-21,14:45,16,11.7,75,NW,4.8,22.5,1012.7,1.52,0,0,155,,
2022-11-21,15:00,15.9,11.7,76,SW,3.2,16.1,1012.33,1.52,0,0,67,,
2022-11-21,15:15,15.8,11.7,77,NORTH,0,6.4,1012.16,1.52,0,0,46,,
2022-11-21,15:30,15.5,11.7,80,SSE,1.6,8,1011.99,1.52,0,0,76,,
2022-11-21,15:45,15.3,11.7,80,SOUTH,1.6,3.2,1011.65,1.52,0,0,46,,
2022-11-21,16:00,15.4,11.7,80,SSE,6.4,6.4,1011.51,1.52,0,0,47,,
2022-11-21,16:15,15.4,12.2,81,SOUTH,3.2,8,1011.21,1.52,0,0,11,,
2022-11-21,16:30,15.3,12.2,82,SSE,14.5,16.1,1010.97,1.52,0,0,14,,
2022-11-21,16:45,14.9,11.7,83,SSE,9.7,12.9,1010.67,1.52,0,0,0,,
2022-11-21,17:00,14.7,11.7,83,SSE,6.4,11.3,1010.36,1.52,0,0,0,,
2022-11-21,17:15,14.7,11.7,84,NNE,3.2,9.7,1010.13,1.52,0,0,0,,
2022-11-21,17:30,14.5,11.7,85,SOUTH,3.2,6.4,1009.72,1.52,0,0,0,,
2022-11-21,17:45,14.4,11.7,86,SE,12.9,16.1,1009.18,1.52,0,0,0,,
2022-11-21,18:00,14.3,12.2,87,ESE,4.8,16.1,1008.91,1.52,0,0,0,,
2022-11-21,18:15,13.9,12.2,89,ESE,14.5,24.1,1008.97,2.79,1.27,0,0,,
2022-11-21,18:30,13.7,12.2,91,ESE,9.7,16.1,1008.4,5.08,3.56,0,0,,
2022-11-21,18:45,13.7,12.2,92,SSE,8,22.5,1008.09,6.6,5.08,0,0,,
2022-11-21,19:00,13.8,12.2,93,SE,12.9,25.7,1008.13,7.11,5.33,0,0,,
2022-11-21,19:15,13.3,12.2,93,SE,12.9,25.7,1007.76,7.11,4.32,0,0,,
2022-11-21,19:30,13.1,11.7,94,SSE,11.3,27.4,1007.69,7.37,2.29,0,0,,
2022-11-21,19:45,13.3,12.2,94,SE,6.4,24.1,1007.28,7.37,0.76,0,0,,
2022-11-21,20:00,13.8,12.8,94,SW,4.8,22.5,1007.45,7.87,0.51,0,0,,
2022-11-21,20:15,14.4,13.3,94,SSE,9.7,30.6,1006.84,7.87,0.76,0,0,,
2022-11-21,20:30,14.5,13.3,94,SW,4.8,19.3,1006.81,7.87,0.51,0,0,,
2022-11-21,20:45,14.7,13.3,93,SE,11.3,27.4,1006.3,7.87,0.51,0,0,,
2022-11-21,21:00,14.9,13.3,93,SSW,12.9,27.4,1006.06,7.87,0.25,0,0,,
2022-11-21,21:15,14.9,13.3,92,NNE,8,30.6,1005.69,7.87,0,0,0,,
2022-11-21,21:30,14.9,13.3,92,WNW,11.3,25.7,1005.59,8.38,0.51,0,0,,
2022-11-21,21:45,15.1,13.3,91,WEST,12.9,30.6,1005.28,8.38,0.51,0,0,,
2022-11-21,22:00,15.3,13.3,90,SOUTH,22.5,27.4,1004.84,8.38,0.51,0,0,,
2022-11-21,22:15,15.6,13.3,88,SOUTH,9.7,27.4,1004.54,8.38,0.51,0,0,,
2022-11-21,22:30,15.8,13.3,86,SOUTH,14.5,24.1,1004.34,8.38,0,0,0,,
2022-11-21,22:45,15.9,13.3,86,SSE,20.9,25.7,1004.37,8.38,0,0,0,,
2022-11-21,23:00,16.1,13.3,85,SOUTH,8,25.7,1004,8.38,0,0,0,,
2022-11-21,23:15,16.3,13.3,83,SSE,4.8,35.4,1003.69,8.38,0,0,0,,
2022-11-21,23:30,15.9,13.3,85,NNE,17.7,41.8,1003.59,8.89,0.51,0,0,,
2022-11-21,23:45,15.7,13.3,86,SOUTH,6.4,19.3,1003.39,8.89,0.51,0,0,,
2022-11-21,OVR,,,,,,,,,,,,gustmax,40.2
2022-11-21,OVR,,,,,,,,,,,,rainrate_max,18.6
2022-11-21,OVR,,,,,,,,,,,,rain_total_mm,9
2022-11-21,OVR,,,,,,,,,,,,tmax,16.5
2022-11-21,OVR,,,,,,,,,,,,tmin,11.2
2022-11-21,OVR,,,,,,,,,,,,wind_dir_mean_deg,270
2022-11-22,00:00,16.1,13.3,85,SSE,8,32.2,1002.95,0,0.51,0,0,,
2022-11-22,00:15,15.9,13.3,85,SSW,11.3,22.5,1002.85,0.25,0.76,0,0,,
2022-11-22,00:30,14.1,11.7,86,WSW,4.8,64.4,1002.17,1.52,1.52,0,0,,
2022-11-22,00:45,13.3,11.1,89,WSW,8,37,1001.96,1.78,1.78,0,0,,
2022-11-22,01:00,13.7,11.7,90,SW,4.8,25.7,1001.46,2.03,2.03,0,0,,
2022-11-22,01:15,13.8,12.2,90,WEST,4.8,16.1,1000.88,2.29,2.03,0,0,,
2022-11-22,01:30,13.7,12.2,91,SOUTH,4.8,17.7,1000,2.29,1.02,0,0,,
2022-11-22,01:45,13.9,12.2,91,SOUTH,1.6,8,1000.24,2.29,0.51,0,0,,
2022-11-22,02:00,14.3,12.2,89,SW,4.8,17.7,1000.03,2.29,0.51,0,0,,
2022-11-22,02:15,14.6,12.2,88,NORTH,0,25.7,999.39,3.05,0.76,0,0,,
2022-11-22,02:30,14.4,12.2,89,SSE,11.3,14.5,998.75,3.56,1.27,0,0,,
2022-11-22,02:45,14.5,12.8,89,SSE,12.9,24.1,998.27,4.32,2.03,0,0,,
2022-11-22,03:00,12.4,10,86,SSW,17.7,45.1,999.56,7.11,4.57,0,0,,
2022-11-22,03:15,11.3,9.4,90,WEST,12.9,54.7,999.09,7.87,4.57,0,0,,
2022-11-22,03:30,11.2,9.4,91,WNW,16.1,27.4,998.14,7.87,4.32,0,0,,
2022-11-22,03:45,11,9.4,92,NW,20.9,32.2,999.12,10.16,5.84,0,0,,
2022-11-22,04:00,11.2,10,92,WEST,27.4,53.1,998.14,10.92,3.56,0,0,,
2022-11-22,04:15,11.1,10,92,WEST,24.1,54.7,998.17,10.92,3.05,0,0,,
2022-11-22,04:30,10.9,9.4,92,WEST,14.5,40.2,998.48,10.92,2.79,0,0,,
2022-11-22,04:45,10.9,9.4,92,WNW,14.5,32.2,998.68,10.92,0.51,0,0,,
2022-11-22,05:00,10.9,9.4,92,NORTH,0,25.7,998.44,10.92,0,0,0,,
2022-11-22,05:15,10.8,8.9,91,WEST,11.3,33.8,998,10.92,0,0,0,,
2022-11-22,05:30,11,8.9,89,NE,9.7,24.1,998.21,10.92,0,0,0,,
2022-11-22,05:45,11.2,9.4,89,EAST,14.5,32.2,998.82,10.92,0,0,0,,
2022-11-22,06:00,10.1,8.3,89,WEST,14.5,43.5,999.02,12.7,1.78,0,0,,
2022-11-22,06:15,10,8.3,91,EAST,4.8,27.4,998.68,13.72,2.79,0,0,,
2022-11-22,06:30,10.1,8.9,92,SW,8,24.1,998.98,14.73,4.06,0,0,,
2022-11-22,06:45,10.3,8.9,92,WEST,48.3,69.2,999.59,15.24,4.32,0,0,,
2022-11-22,07:00,10.1,8.9,92,WEST,29,48.3,999.8,15.75,3.05,0,0,,
2022-11-22,07:15,9.7,8.3,92,WNW,22.5,48.3,999.63,17.02,3.3,0,0,,
2022-11-22,07:30,9.7,8.3,92,WEST,22.5,46.7,999.73,17.02,2.29,0,7,,
2022-11-22,07:45,9.9,8.3,92,WNW,38.6,43.5,1000.37,17.27,2.03,0,7,,
2022-11-22,08:00,10.6,8.9,90,WEST,38.6,69.2,1000.64,17.53,1.52,0,18,,
2022-11-22,08:15,11.1,8.9,86,WEST,25.7,66,1001.05,17.53,0.51,0,51,,
2022-11-22,08:30,11.1,8.3,83,WEST,64.4,70.8,1001.46,17.53,0.25,0,33,,
2022-11-22,08:45,10.7,7.2,81,WEST,29,62.8,1002.03,17.53,0.25,0,51,,
2022-11-22,09:00,11.3,7.8,79,WNW,51.5,75.6,1002.57,17.53,0,0,207,,
2022-11-22,09:15,11.6,7.2,77,WNW,41.8,72.4,1002.95,17.53,0,0,325,,
2022-11-22,09:30,11.8,7.2,73,WEST,38.6,70.8,1003.73,17.53,0,0,74,,
2022-11-22,09:45,11.7,7.8,77,WNW,37,86.9,1003.79,17.53,0,1,427,,
2022-11-22,10:00,12.3,7.2,73,NW,33.8,64.4,1004.06,17.53,0,1,186,,
2022-11-22,10:15,12.4,7.2,70,WNW,67.6,93.3,1003.79,17.53,0,1,207,,
2022-11-22,10:30,12.4,7.2,71,WEST,40.2,83.7,1004.13,17.53,0,1,246,,
2022-11-22,10:45,12.7,6.7,68,NW,49.9,75.6,1004.17,17.53,0,1,128,,
2022-11-22,11:00,11.6,7.2,76,WNW,46.7,75.6,1004.54,17.53,0,0,76,,
2022-11-22,11:15,12.2,7.2,74,WNW,45.1,82.1,1004.34,17.53,0,1,153,,
2022-11-22,11:30,12.3,7.2,72,NW,29,80.5,1004.23,17.53,0,1,125,,
2022-11-22,11:45,13.2,7.2,69,WEST,53.1,95,1004.1,17.53,0.25,2,339,,
2022-11-22,12:00,12.3,7.8,75,NW,40.2,75.6,1004.23,17.53,0.25,1,134,,
2022-11-22,12:15,12.3,7.8,76,WEST,32.2,72.4,1004.37,17.53,0.25,1,100,,
2022-11-22,12:30,12.1,7.8,74,WNW,46.7,90.1,1004.27,17.53,0.25,2,582,,
2022-11-22,12:45,12.8,7.2,69,SE,59.5,78.9,1004.5,17.53,0,1,130,,
2022-11-22,13:00,10.9,7.2,79,WNW,32.2,83.7,1004.34,17.53,0,1,113,,
2022-11-22,13:15,11.3,7.8,80,WNW,41.8,75.6,1004.4,17.53,0,1,90,,
2022-11-22,13:30,11.8,8.3,80,WEST,67.6,62.8,1004.5,17.53,0,1,142,,
2022-11-22,13:45,12,7.8,76,WEST,46.7,93.3,1004.78,18.03,0.51,1,111,,
2022-11-22,14:00,11.7,8.3,81,WNW,49.9,67.6,1004.5,18.03,0.51,1,418,,
2022-11-22,14:15,12.6,7.8,73,WEST,49.9,75.6,1004.67,18.03,0.51,1,401,,
2022-11-22,14:30,12.6,7.8,72,WEST,48.3,86.9,1004.91,18.03,0.51,1,144,,
2022-11-22,14:45,12.7,7.2,71,WEST,56.3,83.7,1005.15,18.03,0,1,163,,
2022-11-22,15:00,12.7,6.7,68,WEST,56.3,82.1,1005.11,18.03,0,0,111,,
2022-11-22,15:15,12.9,6.7,67,WEST,75.6,83.7,1005.25,18.03,0,0,218,,
2022-11-22,15:30,13.1,6.1,64,NW,48.3,91.7,1005.72,18.03,0,0,230,,
2022-11-22,15:45,12.9,6.7,65,WEST,41.8,74,1005.25,18.03,0,0,72,,
2022-11-22,16:00,12.5,7.2,72,WNW,24.1,67.6,1005.35,18.03,0,0,14,,
2022-11-22,16:15,12.1,7.2,72,NNW,49.9,77.2,1005.69,18.03,0,0,23,,
2022-11-22,16:30,12.3,6.7,70,WNW,32.2,67.6,1005.69,18.03,0,0,11,,
2022-11-22,16:45,12.4,6.7,70,WEST,51.5,66,1005.93,18.03,0,0,12,,
2022-11-22,17:00,12.3,6.7,68,WNW,37,57.9,1005.93,18.03,0,0,0,,
2022-11-22,17:15,12.3,6.7,68,WEST,27.4,48.3,1006.1,18.03,0,0,0,,
2022-11-22,17:30,12.6,6.7,67,WNW,30.6,64.4,1006.2,18.03,0,0,0,,
2022-11-22,17:45,12.6,6.1,66,NW,20.9,66,1006.5,18.03,0,0,0,,
2022-11-22,18:00,12.4,6.1,67,WNW,38.6,69.2,1006.67,18.03,0,0,0,,
2022-11-22,18:15,12.4,6.1,67,WNW,32.2,61.2,1006.67,18.03,0,0,0,,
2022-11-22,18:30,12.2,6.1,68,WNW,30.6,40.2,1006.6,18.03,0,0,0,,
2022-11-22,18:45,12.4,6.7,68,WEST,25.7,40.2,1006.67,18.03,0,0,0,,
2022-11-22,19:00,12.4,6.7,68,WEST,22.5,43.5,1006.64,18.03,0,0,0,,
2022-11-22,19:15,12.6,6.7,68,WNW,20.9,43.5,1006.91,18.03,0,0,0,,
2022-11-22,19:30,12.2,7.2,71,WEST,14.5,27.4,1006.71,18.03,0,0,0,,
2022-11-22,19:45,12.2,7.2,73,WNW,22.5,27.4,1006.54,18.03,0,0,0,,
2022-11-22,20:00,11.9,7.8,77,WNW,20.9,24.1,1006.87,19.3,1.27,0,0,,
2022-11-22,20:15,11.1,7.8,82,WEST,16.1,38.6,1006.74,20.32,2.29,0,0,,
2022-11-22,20:30,11.1,8.3,85,WEST,17.7,33.8,1006.71,21.08,3.3,0,0,,
2022-11-22,20:45,11.2,8.9,85,WNW,17.7,25.7,1006.57,21.08,3.3,0,0,,
2022-11-22,21:00,11.5,8.3,83,WNW,24.1,33.8,1006.67,21.08,1.52,0,0,,
2022-11-22,21:15,12.1,8.3,79,WNW,25.7,46.7,1006.64,21.08,1.02,0,0,,
2022-11-22,21:30,12.2,8.3,79,WEST,37,48.3,1006.71,21.08,0,0,0,,
2022-11-22,21:45,12.2,8.3,77,WEST,17.7,53.1,1007.01,21.08,0,0,0,,
2022-11-22,22:00,12.4,7.8,75,WEST,19.3,48.3,1007.15,21.08,0,0,0,,
2022-11-22,22:15,12.3,8.3,76,WEST,29,43.5,1007.15,21.08,0,0,0,,
2022-11-22,22:30,12.2,7.8,75,WNW,17.7,43.5,1007.15,21.08,0,0,0,,
2022-11-22,22:45,12.3,8.3,77,NE,25.7,41.8,1007.32,21.08,0,0,0,,
2022-11-22,23:00,12.4,8.3,76,WNW,20.9,43.5,1007.42,21.08,0,0,0,,
2022-11-22,23:15,12.6,8.3,76,WEST,40.2,43.5,1007.48,21.08,0,0,0,,
2022-11-22,23:30,12.5,8.3,76,ESE,27.4,45.1,1007.48,21.08,0,0,0,,
2022-11-22,23:45,12.3,8.3,77,WEST,20.9,41.8,1007.48,21.08,0,0,0,,
2022-11-22,OVR,,,,,,,,,,,,gustmax,75.6
2022-11-22,OVR,,,,,,,,,,,,rainrate_max,63
2022-11-22,OVR,,,,,,,,,,,,rain_total_mm,21.2
2022-11-22,OVR,,,,,,,,,,,,tmax,16.2
2022-11-22,OVR,,,,,,,,,,,,tmin,9.5
2022-11-22,OVR,,,,,,,,,,,,wind_dir_mean_deg,270
2022-11-23,00:00,12.2,8.3,77,WEST,24.1,45.1,1007.35,0,0,0,0,,
2022-11-23,00:15,12.4,8.3,76,WNW,35.4,38.6,1007.35,0,0,0,0,,
2022-11-23,00:30,12.2,7.8,75,WNW,16.1,46.7,1007.42,0,0,0,0,,
2022-11-23,00:45,12,7.8,77,WEST,22.5,32.2,1007.32,0,0,0,0,,
2022-11-23,01:00,12,8.3,78,WEST,19.3,32.2,1007.52,0,0,0,0,,
2022-11-23,01:15,12.4,8.3,76,WEST,25.7,38.6,1007.48,0,0,0,0,,
2022-11-23,01:30,12.8,8.3,77,WEST,19.3,35.4,1007.45,0,0,0,0,,
2022-11-23,01:45,12.9,8.3,76,WEST,17.7,43.5,1007.18,0,0,0,0,,
2022-11-23,02:00,13.1,8.9,75,WSW,22.5,43.5,1007.25,0,0,0,0,,
2022-11-23,02:15,13.1,8.9,76,WNW,20.9,38.6,1007.11,0,0,0,0,,
2022-11-23,02:30,13.1,8.9,77,WEST,22.5,33.8,1007.11,0,0,0,0,,
2022-11-23,02:45,13.2,8.9,75,NNE,12.9,41.8,1007.08,0,0,0,0,,
2022-11-23,03:00,13.2,8.9,75,WNW,17.7,32.2,1007.04,0,0,0,0,,
2022-11-23,03:15,13.3,8.9,75,WNW,12.9,38.6,1006.71,0,0,0,0,,
2022-11-23,03:30,13.5,8.9,76,WNW,12.9,40.2,1006.77,0,0,0,0,,
2022-11-23,03:45,13.3,9.4,77,WEST,9.7,33.8,1006.74,0,0,0,0,,
2022-11-23,04:00,13.3,9.4,78,WNW,19.3,33.8,1006.57,0,0,0,0,,
2022-11-23,04:15,13.3,9.4,77,WNW,16.1,38.6,1006.57,0,0,0,0,,
2022-11-23,04:30,13.4,9.4,77,WNW,22.5,33.8,1006.74,0,0,0,0,,
2022-11-23,04:45,13.4,9.4,78,NW,20.9,32.2,1006.74,0,0,0,0,,
2022-11-23,05:00,13.3,9.4,79,WEST,17.7,29,1006.57,0,0,0,0,,
2022-11-23,05:15,13.3,9.4,79,WEST,22.5,29,1006.13,0,0,0,0,,
2022-11-23,05:30,13.3,10,80,WNW,6.4,25.7,1006.16,0,0,0,0,,
2022-11-23,05:45,13.3,10,81,WNW,11.3,19.3,1006.74,0,0,0,0,,
2022-11-23,06:00,12.8,10,85,WNW,20.9,46.7,1006.74,0,0,0,0,,
2022-11-23,06:15,12.4,10,88,WSW,8,32.2,1007.18,0,0,0,0,,
2022-11-23,06:30,12.4,10.6,90,NW,8,37,1007.01,0,0,0,0,,
2022-11-23,06:45,12.3,10.6,90,NW,16.1,29,1006.64,0,0,0,0,,
2022-11-23,07:00,12.4,10.6,91,NW,14.5,29,1006.91,0,0,0,0,,
2022-11-23,07:15,12.4,11.1,92,NNE,8,20.9,1006.43,0,0,0,0,,
2022-11-23,07:30,12.4,11.1,92,WEST,1.6,19.3,1006.54,0,0,0,0,,
2022-11-23,07:45,12.4,11.1,92,WNW,11.3,16.1,1006.81,0.51,0.51,0,14,,
2022-11-23,08:00,12.4,11.1,93,WNW,12.9,19.3,1006.87,0.51,0.51,0,7,,
2022-11-23,08:15,12.5,11.1,93,WNW,6.4,16.1,1006.91,0.51,0.51,0,9,,
2022-11-23,08:30,12.6,11.1,93,NORTH,0,8,1007.01,0.51,0.51,0,19,,
2022-11-23,08:45,12.7,11.1,93,SSE,1.6,9.7,1007.04,0.51,0,0,47,,
2022-11-23,09:00,12.8,11.7,93,SOUTH,3.2,4.8,1007.42,0.51,0,0,26,,
2022-11-23,09:15,12.9,11.7,93,NORTH,0,11.3,1007.59,0.76,0.25,0,81,,
2022-11-23,09:30,13.3,12.2,93,WNW,1.6,6.4,1007.35,0.76,0.25,1,417,,
2022-11-23,09:45,13.8,12.8,93,WNW,8,14.5,1007.35,0.76,0.25,1,220,,
2022-11-23,10:00,14.4,12.8,91,WEST,12.9,25.7,1007.38,0.76,0.25,1,253,,
2022-11-23,10:15,14.7,12.8,90,WEST,19.3,32.2,1007.48,0.76,0,0,46,,
2022-11-23,10:30,14.6,12.8,90,WNW,12.9,24.1,1007.42,0.76,0,0,81,,
2022-11-23,10:45,14.3,12.8,90,WSW,9.7,27.4,1007.48,1.52,0.51,0,25,,
2022-11-23,11:00,14.1,12.8,92,WNW,25.7,35.4,1007.76,2.29,1.52,0,95,,
2022-11-23,11:15,14.3,12.8,93,WEST,17.7,41.8,1007.96,2.29,1.52,1,267,,
2022-11-23,11:30,14.1,12.8,92,WNW,25.7,51.5,1007.96,3.05,2.29,0,114,,
2022-11-23,11:45,13.9,12.8,92,WNW,24.1,45.1,1007.89,3.05,1.52,1,218,,
2022-11-23,12:00,14.3,12.8,92,NE,20.9,32.2,1007.82,3.05,0.51,0,102,,
2022-11-23,12:15,14.7,13.3,92,WNW,8,27.4,1007.48,3.05,0.51,1,125,,
2022-11-23,12:30,14.7,13.3,93,WEST,24.1,29,1007.59,3.05,0,1,160,,
2022-11-23,12:45,14.6,13.3,93,WNW,29,40.2,1007.48,3.3,0.25,0,93,,
2022-11-23,13:00,14.3,12.8,93,NW,17.7,41.8,1007.38,4.06,1.02,0,44,,
2022-11-23,13:15,14.2,12.8,94,WNW,32.2,46.7,1007.89,5.08,2.03,0,81,,
2022-11-23,13:30,14.2,12.8,94,WNW,24.1,53.1,1007.72,5.08,2.29,0,65,,
2022-11-23,13:45,14.2,13.3,94,WNW,25.7,38.6,1007.76,5.33,2.29,1,183,,
2022-11-23,14:00,14.3,13.3,95,WNW,19.3,33.8,1007.52,5.33,1.52,1,244,,
2022-11-23,14:15,14.3,13.3,95,WNW,24.1,35.4,1007.62,5.33,0.51,0,76,,
2022-11-23,14:30,14.3,13.3,95,WNW,11.3,29,1007.76,5.59,0.51,0,132,,
2022-11-23,14:45,14.4,13.3,95,WEST,27.4,37,1007.62,5.59,0.25,1,167,,
2022-11-23,15:00,14.5,13.3,95,WNW,14.5,40.2,1007.79,5.59,0.25,0,109,,
2022-11-23,15:15,14.6,13.3,95,WNW,20.9,25.7,1008.06,5.59,0.25,0,51,,
2022-11-23,15:30,14.6,13.3,95,NW,8,24.1,1007.92,5.59,0,0,53,,
2022-11-23,15:45,14.6,13.3,95,NW,12.9,22.5,1008.13,5.59,0,0,44,,
2022-11-23,16:00,14.6,13.3,95,WNW,9.7,16.1,1008.16,5.84,0.25,0,7,,
2022-11-23,16:15,14.6,13.3,95,WNW,6.4,24.1,1008.26,6.35,0.76,0,0,,
2022-11-23,16:30,14.5,13.3,95,NNW,6.4,16.1,1008.2,7.11,1.52,0,0,,
2022-11-23,16:45,14.5,13.3,95,NNW,3.2,16.1,1008.3,9.91,4.32,0,0,,
2022-11-23,17:00,14.6,13.9,95,NW,12.9,22.5,1008.47,10.92,5.08,0,0,,
2022-11-23,17:15,14.9,13.9,95,NW,19.3,25.7,1008.33,11.43,5.08,0,0,,
2022-11-23,17:30,15.1,13.9,95,WNW,19.3,37,1008.74,11.43,4.06,0,0,,
2022-11-23,17:45,14.9,13.9,95,NW,6.4,30.6,1008.81,11.68,1.78,0,0,,
2022-11-23,18:00,14.7,13.9,95,NW,4.8,19.3,1009.25,11.68,0.51,0,0,,
2022-11-23,18:15,14.6,13.3,95,WNW,12.9,22.5,1009.69,11.68,0.25,0,0,,
2022-11-23,18:30,14.4,13.3,95,WNW,8,17.7,1009.82,11.68,0,0,0,,
2022-11-23,18:45,14.3,13.3,95,NNW,8,19.3,1009.79,11.68,0,0,0,,
2022-11-23,19:00,14.2,13.3,95,WNW,14.5,22.5,1009.89,11.68,0,0,0,,
2022-11-23,19:15,14.2,13.3,95,WEST,14.5,24.1,1010.26,11.68,0,0,0,,
2022-11-23,19:30,14.1,13.3,95,WNW,11.3,27.4,1010.46,11.68,0,0,0,,
2022-11-23,19:45,14.1,13.3,95,WNW,19.3,30.6,1010.74,11.68,0,0,0,,
2022-11-23,20:00,14.1,12.8,94,NW,12.9,22.5,1010.63,11.68,0,0,0,,
2022-11-23,20:15,14,12.8,94,WNW,17.7,20.9,1010.84,11.68,0,0,0,,
2022-11-23,20:30,14.1,12.8,94,WNW,14.5,29,1011.11,11.68,0,0,0,,
2022-11-23,20:45,14.2,12.8,94,NW,11.3,25.7,1011.51,11.68,0,0,0,,
2022-11-23,21:00,14.2,13.3,94,WNW,20.9,27.4,1011.75,11.68,0,0,0,,
2022-11-23,21:15,14.3,13.3,94,WNW,17.7,33.8,1011.79,11.68,0,0,0,,
2022-11-23,21:30,14.3,13.3,94,NW,11.3,25.7,1011.92,11.68,0,0,0,,
2022-11-23,21:45,14.3,13.3,95,WNW,19.3,29,1012.09,11.68,0,0,0,,
2022-11-23,22:00,14.2,13.3,94,WNW,14.5,33.8,1012.12,11.68,0,0,0,,
2022-11-23,22:15,13.9,12.8,94,NW,12.9,20.9,1012.36,11.68,0,0,0,,
2022-11-23,22:30,13.9,12.8,94,NORTH,0,22.5,1012.5,11.68,0,0,0,,
2022-11-23,22:45,13.9,12.8,94,WNW,14.5,27.4,1012.9,11.68,0,0,0,,
2022-11-23,23:00,13.8,12.8,94,WNW,14.5,29,1012.73,11.68,0,0,0,,
2022-11-23,23:15,13.7,12.2,93,NW,11.3,29,1012.97,11.68,0,0,0,,
2022-11-23,23:30,13.7,12.2,93,WNW,17.7,29,1012.9,11.68,0,0,0,,
2022-11-23,23:45,13.6,12.2,92,WNW,17.7,32.2,1013.04,11.68,0,0,0,,
2022-11-23,OVR,,,,,,,,,,,,gustmax,35.4
2022-11-23,OVR,,,,,,,,,,,,rainrate_max,33.8
2022-11-23,OVR,,,,,,,,,,,,rain_total_mm,11.6
2022-11-23,OVR,,,,,,,,,,,,tmax,15.1
2022-11-23,OVR,,,,,,,,,,,,tmin,11.9
2022-11-23,OVR,,,,,,,,,,,,wind_dir_mean_deg,292.5
2022-11-24,00:00,13.6,12.2,92,WNW,16.1,29,1013.28,0,0,0,0,,
2022-11-24,00:15,13.4,11.7,91,WNW,17.7,24.1,1013.24,0,0,0,0,,
2022-11-24,00:30,13.4,11.7,90,WEST,17.7,27.4,1013.44,0,0,0,0,,
2022-11-24,00:45,13.4,11.7,90,WNW,20.9,33.8,1013.44,0,0,0,0,,
2022-11-24,01:00,13.3,11.7,89,WNW,17.7,35.4,1013.17,0,0,0,0,,
2022-11-24,01:15,13.3,11.1,89,WNW,24.1,25.7,1013.14,0,0,0,0,,
2022-11-24,01:30,13.3,11.1,89,WNW,11.3,22.5,1013.14,0,0,0,0,,
2022-11-24,01:45,13.3,11.1,89,WEST,19.3,25.7,1013.28,0,0,0,0,,
2022-11-24,02:00,13.4,11.7,89,WEST,12.9,20.9,1013.28,0,0,0,0,,
2022-11-24,02:15,13.3,11.1,89,NW,12.9,24.1,1013.72,0,0,0,0,,
2022-11-24,02:30,13.1,11.1,89,NW,29,33.8,1013.75,0,0,0,0,,
2022-11-24,02:45,13.6,11.1,85,WEST,20.9,40.2,1013.92,0,0,0,0,,
2022-11-24,03:00,13.8,10.6,81,WEST,25.7,46.7,1013.75,0,0,0,0,,
2022-11-24,03:15,13.7,10,81,WNW,20.9,30.6,1013.99,0,0,0,0,,
2022-11-24,03:30,13.8,10,79,WNW,22.5,38.6,1014.05,0,0,0,0,,
2022-11-24,03:45,13.8,10,79,WEST,16.1,40.2,1014.43,0,0,0,0,,
2022-11-24,04:00,13.7,10,80,WNW,25.7,51.5,1014.33,0,0,0,0,,
2022-11-24,04:15,13.7,10,80,NW,17.7,38.6,1014.36,0,0,0,0,,
2022-11-24,04:30,13.6,10,81,WNW,30.6,33.8,1014.46,0,0,0,0,,
2022-11-24,04:45,13.5,10,82,WNW,33.8,38.6,1014.63,0,0,0,0,,
2022-11-24,05:00,13.4,10,82,WNW,24.1,33.8,1014.73,0,0,0,0,,
2022-11-24,05:15,13.3,10,81,WEST,19.3,40.2,1014.97,0,0,0,0,,
2022-11-24,05:30,13.1,10,82,WNW,19.3,30.6,1015.17,0,0,0,0,,
2022-11-24,05:45,13.1,10,81,WNW,20.9,24.1,1015.24,0,0,0,0,,
2022-11-24,06:00,13.2,10,81,WEST,24.1,32.2,1015.44,0,0,0,0,,
2022-11-24,06:15,13.2,10,82,WNW,17.7,30.6,1015.65,0,0,0,0,,
2022-11-24,06:30,13.1,10,83,WNW,12.9,38.6,1015.82,0,0,0,0,,
2022-11-24,06:45,13.1,10,83,NW,22.5,29,1015.98,0,0,0,0,,
2022-11-24,07:00,13.1,10,84,WNW,16.1,30.6,1016.22,0,0,0,0,,
2022-11-24,07:15,13,10,84,NW,12.9,32.2,1016.39,0,0,0,0,,
2022-11-24,07:30,13.1,10,84,WNW,14.5,30.6,1016.8,0,0,0,0,,
2022-11-24,07:45,13.1,10,83,NW,14.5,29,1017.03,0,0,0,9,,
2022-11-24,08:00,13.3,10.6,83,NW,14.5,30.6,1017.34,0,0,0,14,,
2022-11-24,08:15,13.5,10.6,82,WNW,20.9,32.2,1017.64,0,0,0,28,,
2022-11-24,08:30,13.6,10,81,WNW,20.9,40.2,1017.75,0,0,0,207,,
2022-11-24,08:45,13.8,10.6,81,WEST,20.9,33.8,1017.98,0,0,0,109,,
2022-11-24,09:00,13.9,10.6,81,WNW,20.9,37,1018.08,0,0,0,229,,
2022-11-24,09:15,14.3,10.6,79,WNW,14.5,38.6,1018.08,0,0,1,297,,
2022-11-24,09:30,14.6,10.6,79,WNW,19.3,40.2,1017.95,0,0,1,378,,
2022-11-24,09:45,14.7,11.1,79,WEST,17.7,45.1,1018.15,0,0,1,362,,
2022-11-24,10:00,14.7,11.1,79,WEST,25.7,45.1,1018.12,0,0,1,241,,
2022-11-24,10:15,14.8,11.1,79,WNW,22.5,49.9,1018.39,0,0,1,462,,
2022-11-24,10:30,14.8,11.1,78,WEST,16.1,38.6,1018.42,0,0,1,292,,
2022-11-24,10:45,15.2,11.1,77,WNW,24.1,45.1,1018.39,0,0,2,561,,
2022-11-24,11:00,15.1,11.1,77,WEST,24.1,51.5,1018.49,0,0,1,571,,
2022-11-24,11:15,15.1,11.1,78,WNW,16.1,45.1,1018.59,0,0,1,202,,
2022-11-24,11:30,14.9,11.1,79,WEST,24.1,45.1,1018.52,0,0,2,547,,
2022-11-24,11:45,14.8,11.1,78,WNW,27.4,45.1,1018.63,0,0,2,508,,
2022-11-24,12:00,14.6,10.6,78,WNW,22.5,46.7,1018.46,0,0,1,169,,
2022-11-24,12:15,14.9,11.1,78,WEST,29,38.6,1018.49,0,0,2,204,,
2022-11-24,12:30,15.6,11.1,77,WEST,27.4,49.9,1018.46,0,0,2,548,,
2022-11-24,12:45,14.9,10.6,76,WNW,24.1,45.1,1018.8,0,0,1,146,,
2022-11-24,13:00,15.2,10.6,74,WNW,22.5,46.7,1018.39,0,0,2,534,,
2022-11-24,13:15,15.3,10.6,74,WEST,27.4,45.1,1018.25,0,0,2,489,,
2022-11-24,13:30,15.4,10.6,74,NW,19.3,45.1,1018.32,0,0,2,480,,
2022-11-24,13:45,15.6,11.1,74,WEST,27.4,49.9,1018.12,0,0,2,468,,
2022-11-24,14:00,15.6,10.6,72,WEST,24.1,41.8,1017.85,0,0,1,413,,
2022-11-24,14:15,15.4,10.6,74,WNW,27.4,37,1017.88,0,0,1,381,,
2022-11-24,14:30,15.3,10.6,73,WEST,17.7,37,1017.95,0,0,1,346,,
2022-11-24,14:45,15.2,10,72,WNW,25.7,46.7,1018.02,0,0,1,332,,
2022-11-24,15:00,15.1,10,72,WNW,16.1,43.5,1018.08,0,0,1,294,,
2022-11-24,15:15,15.1,10,72,WNW,17.7,40.2,1018.19,0,0,0,209,,
2022-11-24,15:30,14.9,10,73,WNW,12.9,37,1018.08,0,0,0,128,,
2022-11-24,15:45,14.9,10,74,WNW,12.9,25.7,1018.25,0,0,0,135,,
2022-11-24,16:00,14.7,10,74,WNW,22.5,35.4,1018.19,0,0,0,95,,
2022-11-24,16:15,14.4,10,75,WEST,17.7,25.7,1018.19,0,0,0,77,,
2022-11-24,16:30,14.3,9.4,75,NW,19.3,32.2,1018.15,0,0,0,35,,
2022-11-24,16:45,13.9,9.4,76,WNW,19.3,25.7,1018.29,0,0,0,25,,
2022-11-24,17:00,13.8,9.4,76,WNW,11.3,30.6,1018.46,0,0,0,0,,
2022-11-24,17:15,13.7,9.4,77,WEST,20.9,29,1018.49,0,0,0,0,,
2022-11-24,17:30,13.5,9.4,77,WNW,14.5,24.1,1018.59,0,0,0,0,,
2022-11-24,17:45,13.1,9.4,78,NW,4.8,14.5,1018.63,0,0,0,0,,
2022-11-24,18:00,13.2,9.4,78,WNW,17.7,20.9,1018.59,0,0,0,0,,
2022-11-24,18:15,12.8,9.4,80,WNW,8,12.9,1018.93,0,0,0,0,,
2022-11-24,18:30,13.3,9.4,78,NW,12.9,19.3,1019.13,0,0,0,0,,
2022-11-24,18:45,13.1,9.4,78,NW,11.3,16.1,1019.07,0,0,0,0,,
2022-11-24,19:00,12.7,8.9,79,NW,3.2,6.4,1018.9,0,0,0,0,,
2022-11-24,19:15,12.8,9.4,80,WNW,14.5,17.7,1019.13,0,0,0,0,,
2022-11-24,19:30,12.9,8.9,79,NORTH,0,12.9,1019.24,0,0,0,0,,
2022-11-24,19:45,13,9.4,79,WNW,8,19.3,1019.13,0,0,0,0,,
2022-11-24,20:00,13.1,9.4,79,WNW,1.6,14.5,1019.4,0,0,0,0,,
2022-11-24,20:15,12.4,8.9,80,NW,1.6,6.4,1019.54,0,0,0,0,,
2022-11-24,20:30,12.7,9.4,81,WNW,3.2,16.1,1019.91,0,0,0,0,,
2022-11-24,20:45,12.8,9.4,80,WNW,3.2,16.1,1019.84,0,0,0,0,,
2022-11-24,21:00,12.4,9.4,82,NW,1.6,8,1020.12,0,0,0,0,,
2022-11-24,21:15,12.4,9.4,82,WNW,1.6,8,1020.05,0,0,0,0,,
2022-11-24,21:30,12.5,9.4,81,NNW,6.4,8,1020.18,0,0,0,0,,
2022-11-24,21:45,12.3,8.9,81,WNW,4.8,6.4,1020.42,0,0,0,0,,
2022-11-24,22:00,12.4,8.9,80,WNW,3.2,12.9,1020.29,0,0,0,0,,
2022-11-24,22:15,12.6,8.9,79,NW,3.2,8,1020.56,0,0,0,0,,
2022-11-24,22:30,12.2,8.3,80,NORTH,0,6.4,1020.56,0,0,0,0,,
2022-11-24,22:45,12.1,8.3,80,NNW,1.6,4.8,1020.66,0,0,0,0,,
2022-11-24,23:00,12.3,8.9,79,NNW,3.2,3.2,1020.66,0,0,0,0,,
2022-11-24,23:15,12.3,8.9,80,NW,1.6,6.4,1020.59,0,0,0,0,,
2022-11-24,23:30,11.9,8.3,81,NORTH,0,4.8,1020.56,0,0,0,0,,
2022-11-24,23:45,11.8,8.9,83,NNW,1.6,4.8,1020.52,0,0,0,0,,
2022-11-24,OVR,,,,,,,,,,,,gustmax,33.8
2022-11-24,OVR,,,,,,,,,,,,rainrate_max,0
2022-11-24,OVR,,,,,,,,,,,,rain_total_mm,0
2022-11-24,OVR,,,,,,,,,,,,tmax,15.7
2022-11-24,OVR,,,,,,,,,,,,tmin,11.4
2022-11-24,OVR,,,,,,,,,,,,wind_dir_mean_deg,292.5
2022-11-25,00:00,11.7,8.3,81,NORTH,0,3.2,1020.66,0,0,0,0,,
2022-11-25,00:15,11.2,8.3,84,NORTH,0,1.6,1020.62,0,0,0,0,,
2022-11-25,00:30,11.8,8.9,82,,1.6,4.8,1020.49,0,0,0,0,,
2022-11-25,00:45,11.6,8.9,83,NORTH,0,3.2,1020.52,0,0,0,0,,
2022-11-25,01:00,11.6,8.9,83,NORTH,0,3.2,1020.35,0,0,0,0,,
2022-11-25,01:15,11.5,8.9,84,NORTH,0,1.6,1020.22,0,0,0,0,,
2022-11-25,01:30,11.5,8.9,85,NORTH,0,0,1020.12,0,0,0,0,,
2022-11-25,01:45,11,8.3,85,NORTH,0,0,1020.01,0,0,0,0,,
2022-11-25,02:00,11.3,8.9,85,NORTH,0,0,1019.91,0,0,0,0,,
2022-11-25,02:15,11.3,8.9,85,NORTH,0,0,1020.12,0,0,0,0,,
2022-11-25,02:30,10.9,8.3,85,NORTH,3.2,3.2,1020.29,0,0,0,0,,
2022-11-25,02:45,10.7,8.3,86,NORTH,0,3.2,1020.39,0,0,0,0,,
2022-11-25,03:00,10.4,7.8,85,NORTH,1.6,3.2,1020.25,0,0,0,0,,
2022-11-25,03:15,10.5,7.8,84,NORTH,1.6,3.2,1020.29,0,0,0,0,,
2022-11-25,03:30,10.2,7.8,85,NNE,3.2,4.8,1020.15,0,0,0,0,,
2022-11-25,03:45,10.5,7.8,84,NNE,3.2,4.8,1020.01,0,0,0,0,,
2022-11-25,04:00,9.8,7.2,85,NNE,1.6,3.2,1019.91,0,0,0,0,,
2022-11-25,04:15,10,7.2,85,NNE,1.6,3.2,1019.88,0,0,0,0,,
2022-11-25,04:30,10,7.2,85,NORTH,0,4.8,1019.98,0,0,0,0,,
2022-11-25,04:45,10.3,7.8,85,ENE,4.8,6.4,1020.22,0,0,0,0,,
2022-11-25,05:00,10,7.8,87,EAST,4.8,8,1020.32,0,0,0,0,,
2022-11-25,05:15,10,7.8,88,EAST,3.2,4.8,1020.39,0,0,0,0,,
2022-11-25,05:30,10.4,8.3,88,EAST,1.6,4.8,1020.35,0,0,0,0,,
2022-11-25,05:45,10.4,8.3,88,EAST,3.2,6.4,1020.45,0,0,0,0,,
2022-11-25,06:00,10.7,8.3,87,ESE,3.2,6.4,1020.29,0,0,0,0,,
2022-11-25,06:15,10.6,8.3,85,ESE,1.6,4.8,1020.22,0,0,0,0,,
2022-11-25,06:30,10.4,8.3,87,ESE,3.2,6.4,1020.29,0,0,0,0,,
2022-11-25,06:45,10.2,7.8,86,ESE,3.2,4.8,1020.35,0,0,0,0,,
2022-11-25,07:00,10.4,8.3,87,ESE,4.8,9.7,1020.12,0,0,0,0,,
2022-11-25,07:15,10.3,7.8,86,ESE,4.8,6.4,1020.22,0,0,0,0,,
2022-11-25,07:30,10.2,7.8,86,ESE,3.2,6.4,1020.25,0,0,0,9,,
2022-11-25,07:45,10.4,7.8,85,ESE,4.8,6.4,1020.08,0,0,0,30,,
2022-11-25,08:00,10.7,7.8,84,ESE,3.2,4.8,1020.29,0,0,0,76,,
2022-11-25,08:15,11.1,8.3,84,ENE,3.2,4.8,1020.45,0,0,0,69,,
2022-11-25,08:30,11.1,8.3,85,NORTH,0,4.8,1020.59,0,0,0,86,,
2022-11-25,08:45,12.2,8.9,82,EAST,4.8,9.7,1020.62,0,0,0,76,,
2022-11-25,09:00,12.9,8.9,79,ESE,6.4,11.3,1021,0,0,0,144,,
2022-11-25,09:15,13.3,9.4,79,ESE,4.8,11.3,1020.62,0,0,0,188,,
2022-11-25,09:30,13.5,9.4,78,ESE,9.7,12.9,1020.45,0,0,1,285,,
2022-11-25,09:45,14,10,78,ESE,4.8,12.9,1020.93,0,0,1,199,,
2022-11-25,10:00,13.9,9.4,76,ESE,4.8,12.9,1021.06,0,0,1,190,,
2022-11-25,10:15,14.5,10.6,78,ESE,6.4,8,1021.1,0,0,1,338,,
2022-11-25,10:30,14.5,10.6,77,ESE,9.7,12.9,1020.93,0,0,1,461,,
2022-11-25,10:45,15,10.6,76,ESE,8,14.5,1020.89,0,0,2,512,,
2022-11-25,11:00,14.9,10.6,76,ESE,11.3,14.5,1020.83,0,0,1,279,,
2022-11-25,11:15,14.7,10.6,77,SE,12.9,16.1,1020.52,0,0,1,214,,
2022-11-25,11:30,15.1,11.1,77,ESE,11.3,17.7,1020.12,0,0,2,504,,
2022-11-25,11:45,15.2,11.1,78,SE,12.9,22.5,1019.81,0,0,1,301,,
2022-11-25,12:00,15.3,11.1,76,SE,16.1,19.3,1019.98,0,0,2,424,,
2022-11-25,12:15,15.6,11.1,75,SE,17.7,24.1,1019.57,0,0,2,564,,
2022-11-25,12:30,15.6,11.1,77,SE,16.1,19.3,1019.47,0,0,2,589,,
2022-11-25,12:45,15.4,11.7,78,SE,8,22.5,1019.24,0,0,2,613,,
2022-11-25,13:00,15.6,11.7,79,SE,12.9,19.3,1019.1,0,0,2,343,,
2022-11-25,13:15,15.9,12.2,79,SE,6.4,22.5,1018.56,0,0,1,304,,
2022-11-25,13:30,16.3,12.8,79,SE,6.4,19.3,1018.19,0,0,2,473,,
2022-11-25,13:45,16.3,12.2,79,SE,17.7,19.3,1018.05,0,0,1,445,,
2022-11-25,14:00,15.8,12.2,81,SE,6.4,20.9,1018.05,0,0,1,158,,
2022-11-25,14:15,16.4,12.8,81,SE,19.3,22.5,1017.81,0,0,1,165,,
2022-11-25,14:30,16.1,12.8,82,SE,14.5,25.7,1017.64,0,0,0,32,,
2022-11-25,14:45,16,12.8,83,SSE,16.1,22.5,1017.64,0,0,0,81,,
2022-11-25,15:00,16,13.3,84,SE,8,24.1,1017.64,0,0,0,102,,
2022-11-25,15:15,15.8,12.8,83,SSE,11.3,20.9,1017.24,0,0,0,26,,
2022-11-25,15:30,15.6,12.8,84,SE,17.7,24.1,1017.07,0,0,0,18,,
2022-11-25,15:45,15.4,12.8,84,SSE,14.5,22.5,1016.9,0,0,0,47,,
2022-11-25,16:00,15.3,12.8,86,SSE,8,20.9,1016.8,0,0,0,39,,
2022-11-25,16:15,15.3,12.8,87,SSE,14.5,20.9,1016.8,0,0,0,32,,
2022-11-25,16:30,15.3,13.3,88,SE,11.3,17.7,1016.59,0,0,0,37,,
2022-11-25,16:45,15.3,13.3,88,SE,14.5,19.3,1016.32,0,0,0,0,,
2022-11-25,17:00,15.3,13.3,88,SE,11.3,17.7,1016.73,0,0,0,0,,
2022-11-25,17:15,15.2,13.3,88,ESE,12.9,16.1,1016.53,0,0,0,0,,
2022-11-25,17:30,15.3,13.3,88,ESE,14.5,19.3,1016.32,0,0,0,0,,
2022-11-25,17:45,15.4,13.3,87,SSE,1.6,16.1,1016.59,0,0,0,0,,
2022-11-25,18:00,14.8,12.2,85,,14.5,43.5,1017.07,0.25,0.25,0,0,,
2022-11-25,18:15,13.2,11.1,88,NNW,4.8,17.7,1016.73,1.78,1.78,0,0,,
2022-11-25,18:30,12.8,11.1,90,NORTH,0,4.8,1016.66,4.06,4.06,0,0,,
2022-11-25,18:45,12.8,11.1,90,WNW,1.6,6.4,1016.93,6.1,6.1,0,0,,
2022-11-25,19:00,12.5,11.1,91,WEST,1.6,4.8,1017.14,7.87,7.37,0,0,,
2022-11-25,19:15,12.4,11.1,92,SOUTH,3.2,6.4,1017.2,8.89,7.11,0,0,,
2022-11-25,19:30,12.4,11.1,92,WEST,3.2,14.5,1016.97,10.16,6.1,0,0,,
2022-11-25,19:45,12.3,11.1,93,NORTH,0,8,1016.93,11.43,5.08,0,0,,
2022-11-25,20:00,12.2,11.1,93,SE,8,14.5,1017.27,12.95,5.08,0,0,,
2022-11-25,20:15,12.2,11.1,93,ESE,14.5,17.7,1015.85,14.22,5.08,0,0,,
2022-11-25,20:30,12.3,11.1,94,NORTH,0,16.1,1016.15,14.48,4.32,0,0,,
2022-11-25,20:45,12.2,11.1,93,SSE,11.3,17.7,1016.73,14.48,3.05,0,0,,
2022-11-25,21:00,12,10.6,94,SSE,8,22.5,1016.39,14.48,1.52,0,0,,
2022-11-25,21:15,11.9,10.6,94,SE,4.8,14.5,1016.09,14.48,0.51,0,0,,
2022-11-25,21:30,11.9,11.1,94,SE,1.6,4.8,1016.86,14.99,0.51,0,0,,
2022-11-25,21:45,11.9,11.1,95,SE,4.8,11.3,1016.39,15.49,1.27,0,0,,
2022-11-25,22:00,11.9,11.1,95,SE,4.8,11.3,1016.53,15.75,1.52,0,0,,
2022-11-25,22:15,12,11.1,95,SSE,11.3,16.1,1016.63,15.75,1.27,0,0,,
2022-11-25,22:30,11.9,11.1,95,SSE,4.8,17.7,1016.36,15.75,0.51,0,0,,
2022-11-25,22:45,11.8,11.1,95,SE,4.8,14.5,1015.82,15.75,0.25,0,0,,
2022-11-25,23:00,11.7,10.6,95,SE,1.6,4.8,1015.85,16,0.25,0,0,,
2022-11-25,23:15,11.8,11.1,95,NORTH,0,3.2,1015.88,16,0.25,0,0,,
2022-11-25,23:30,12.1,11.1,95,NW,12.9,17.7,1015.98,16,0.25,0,0,,
2022-11-25,23:45,12.1,11.1,95,WEST,20.9,20.9,1016.15,16,0.25,0,0,,
2022-11-25,OVR,,,,,,,,,,,,gustmax,20.9
2022-11-25,OVR,,,,,,,,,,,,rainrate_max,37.2
2022-11-25,OVR,,,,,,,,,,,,rain_total_mm,16
2022-11-25,OVR,,,,,,,,,,,,tmax,16.6
2022-11-25,OVR,,,,,,,,,,,,tmin,9.8
2022-11-25,OVR,,,,,,,,,,,,wind_dir_mean_deg,135
2022-11-26,00:00,12.6,11.7,95,WNW,16.1,32.2,1016.19,0,0,0,0,,
2022-11-26,00:15,12.5,11.7,95,WEST,20.9,35.4,1016.02,0,0,0,0,,
2022-11-26,00:30,12.5,11.7,95,WEST,29,32.2,1015.78,0,0,0,0,,
2022-11-26,00:45,12.4,11.7,95,WNW,25.7,35.4,1015.61,0,0,0,0,,
2022-11-26,01:00,12.3,11.1,95,WNW,19.3,32.2,1015.54,0,0,0,0,,
2022-11-26,01:15,12.3,11.1,95,WEST,22.5,41.8,1015.68,0,0,0,0,,
2022-11-26,01:30,12.2,11.1,95,NW,16.1,32.2,1015.58,0,0,0,0,,
2022-11-26,01:45,12.2,11.1,95,NW,11.3,29,1015.58,0,0,0,0,,
2022-11-26,02:00,12.3,11.1,94,WEST,17.7,29,1015.44,0,0,0,0,,
2022-11-26,02:15,12.4,11.1,94,WNW,22.5,29,1015.75,0,0,0,0,,
2022-11-26,02:30,12.4,11.1,94,WEST,20.9,41.8,1015.71,0,0,0,0,,
2022-11-26,02:45,12.4,11.1,94,WEST,16.1,38.6,1015.75,0,0,0,0,,
2022-11-26,03:00,12.3,11.1,94,WEST,19.3,40.2,1015.51,0,0,0,0,,
2022-11-26,03:15,12.3,11.1,94,WNW,22.5,41.8,1015.61,0,0,0,0,,
2022-11-26,03:30,12.3,11.1,94,WNW,14.5,38.6,1015.51,0,0,0,0,,
2022-11-26,03:45,12.3,11.1,93,WEST,27.4,41.8,1015.37,0,0,0,0,,
2022-11-26,04:00,12.2,11.1,93,NW,17.7,37,1015.34,0,0,0,0,,
2022-11-26,04:15,12.2,11.1,93,WNW,16.1,32.2,1015.04,0,0,0,0,,
2022-11-26,04:30,12.2,11.1,93,WNW,14.5,32.2,1015.14,0,0,0,0,,
2022-11-26,04:45,12.2,11.1,93,WNW,22.5,32.2,1015.1,0,0,0,0,,
2022-11-26,05:00,12.3,11.1,93,NW,11.3,29,1014.97,0,0,0,0,,
2022-11-26,05:15,12.3,11.1,93,NW,6.4,22.5,1015.31,0,0,0,0,,
2022-11-26,05:30,12.3,11.1,93,WEST,20.9,38.6,1014.49,0,0,0,0,,
2022-11-26,05:45,11.9,10.6,92,WNW,14.5,38.6,1014.77,0,0,0,0,,
2022-11-26,06:00,11.4,10,92,WEST,19.3,40.2,1014.63,0,0,0,0,,
2022-11-26,06:15,11.8,10.6,92,NW,14.5,40.2,1014.73,0,0,0,0,,
2022-11-26,06:30,12.2,10.6,91,NW,16.1,40.2,1014.83,0,0,0,0,,
2022-11-26,06:45,12.4,10.6,90,NNW,8,33.8,1015.04,0,0,0,0,,
2022-11-26,07:00,12.2,10.6,90,NW,12.9,22.5,1014.8,0,0,0,0,,
2022-11-26,07:15,11.9,10,88,WNW,16.1,25.7,1014.87,0,0,0,0,,
2022-11-26,07:30,11.7,9.4,87,NW,16.1,19.3,1014.93,0,0,0,7,,
2022-11-26,07:45,11.6,9.4,86,,9.7,22.5,1015.41,0,0,0,49,,
2022-11-26,08:00,11.6,9.4,86,NW,29,25.7,1015.54,0,0,0,90,,
2022-11-26,08:15,11.6,8.9,85,NW,17.7,30.6,1015.54,0,0,0,146,,
2022-11-26,08:30,11.4,8.9,84,NNW,14.5,25.7,1015.65,0,0,0,192,,
2022-11-26,08:45,11.8,8.9,82,NW,22.5,33.8,1016.15,0,0,0,257,,
2022-11-26,09:00,11.5,7.8,80,NNE,20.9,46.7,1016.42,0,0,0,65,,
2022-11-26,09:15,11.4,7.8,80,NW,17.7,48.3,1016.46,0,0,0,107,,
2022-11-26,09:30,11.6,7.8,79,NNW,25.7,41.8,1016.83,0,0,1,188,,
2022-11-26,09:45,11.4,7.8,79,NNW,12.9,38.6,1016.83,0,0,0,60,,
2022-11-26,10:00,11.4,7.8,79,NW,22.5,41.8,1017,0,0,1,209,,
2022-11-26,10:15,11.6,7.8,78,NW,19.3,53.1,1017.31,0,0,1,125,,
2022-11-26,10:30,11.7,7.8,79,NNW,35.4,43.5,1017.44,0,0,1,267,,
2022-11-26,10:45,11.7,7.8,78,NNW,14.5,35.4,1017.58,0,0,1,137,,
2022-11-26,11:00,12.4,8.3,76,NW,16.1,43.5,1017.44,0,0,2,519,,
2022-11-26,11:15,12.6,7.8,75,NW,25.7,48.3,1017.41,0,0,2,534,,
2022-11-26,11:30,12.8,8.3,74,NNW,20.9,48.3,1017.44,0,0,2,534,,
2022-11-26,11:45,12.7,8.3,74,NW,35.4,38.6,1017.17,0,0,1,125,,
2022-11-26,12:00,12.7,7.8,73,NW,35.4,49.9,1017.81,0,0,1,139,,
2022-11-26,12:15,12.8,7.8,72,NNW,38.6,56.3,1017.54,0,0,1,167,,
2022-11-26,12:30,12.9,8.3,73,NW,49.9,54.7,1017.78,0,0,2,214,,
2022-11-26,12:45,12.8,7.8,73,NW,24.1,48.3,1017.71,0,0,1,178,,
2022-11-26,13:00,13,8.3,73,NW,29,48.3,1017.54,0,0,1,241,,
2022-11-26,13:15,13.4,8.3,72,,27.4,41.8,1017.75,0,0,1,250,,
2022-11-26,13:30,13.5,8.3,71,NW,30.6,57.9,1017.51,0,0,1,431,,
2022-11-26,13:45,13.7,8.3,70,NW,33.8,43.5,1017.88,0,0,1,200,,
2022-11-26,14:00,13.8,8.3,70,NNW,29,45.1,1018.12,0,0,1,258,,
2022-11-26,14:15,13.1,8.3,72,NNW,22.5,43.5,1018.39,0,0,0,72,,
2022-11-26,14:30,13.4,8.3,72,NW,33.8,40.2,1018.29,0,0,0,123,,
2022-11-26,14:45,13.2,8.3,72,NW,24.1,43.5,1018.25,0,0,1,153,,
2022-11-26,15:00,13.7,7.8,69,NNW,16.1,53.1,1018.46,0,0,1,315,,
2022-11-26,15:15,13.7,8.3,70,NNW,30.6,46.7,1018.46,0,0,0,306,,
2022-11-26,15:30,13.4,8.3,71,NW,16.1,43.5,1018.83,0,0,0,239,,
2022-11-26,15:45,13.2,7.8,71,NNW,16.1,40.2,1019,0,0,0,47,,
2022-11-26,16:00,13.3,8.3,72,NW,43.5,37,1019.24,0,0,0,44,,
2022-11-26,16:15,13.3,8.3,72,NW,20.9,43.5,1019.3,0,0,0,19,,
2022-11-26,16:30,13.2,7.8,72,NW,20.9,43.5,1019.34,0,0,0,21,,
2022-11-26,16:45,13,7.8,71,NNW,32.2,46.7,1019.47,0,0,0,12,,
2022-11-26,17:00,12.7,7.8,72,NNW,37,46.7,1019.61,0,0,0,0,,
2022-11-26,17:15,12.6,7.8,72,NNW,22.5,51.5,1020.18,0,0,0,0,,
2022-11-26,17:30,12.4,7.8,73,,12.9,43.5,1019.64,0,0,0,0,,
2022-11-26,17:45,12.4,7.8,73,,20.9,35.4,1019.84,0,0,0,0,,
2022-11-26,18:00,12.1,7.2,74,NNW,9.7,30.6,1019.91,0,0,0,0,,
2022-11-26,18:15,11.9,7.2,75,NW,29,33.8,1020.05,0,0,0,0,,
2022-11-26,18:30,12.1,7.2,73,NNW,19.3,43.5,1020.05,0,0,0,0,,
2022-11-26,18:45,12.1,7.2,74,NNW,32.2,40.2,1020.08,0,0,0,0,,
2022-11-26,19:00,12.1,7.8,74,NNW,40.2,45.1,1020.29,0,0,0,0,,
2022-11-26,19:15,12,7.8,75,NW,32.2,40.2,1020.52,0,0,0,0,,
2022-11-26,19:30,11.9,7.8,75,NW,27.4,40.2,1020.59,0,0,0,0,,
2022-11-26,19:45,11.9,7.8,76,NNW,16.1,45.1,1020.79,0,0,0,0,,
2022-11-26,20:00,11.9,7.8,76,NNW,20.9,41.8,1020.93,0,0,0,0,,
2022-11-26,20:15,11.9,7.8,76,NNW,20.9,41.8,1021.13,0,0,0,0,,
2022-11-26,20:30,11.9,7.8,76,,19.3,40.2,1021.03,0,0,0,0,,
2022-11-26,20:45,11.9,7.8,76,NNW,30.6,38.6,1021.06,0,0,0,0,,
2022-11-26,21:00,11.9,7.8,76,NNW,24.1,41.8,1021.27,0,0,0,0,,
2022-11-26,21:15,11.8,7.2,75,NW,17.7,38.6,1021.37,0,0,0,0,,
2022-11-26,21:30,11.7,7.2,76,NW,16.1,37,1021.54,0,0,0,0,,
2022-11-26,21:45,11.7,7.2,74,NW,17.7,30.6,1021.61,0,0,0,0,,
2022-11-26,22:00,11.6,7.2,74,NNW,6.4,32.2,1021.81,0,0,0,0,,
2022-11-26,22:15,11.7,7.2,74,NW,22.5,32.2,1022.05,0,0,0,0,,
2022-11-26,22:30,11.6,7.2,74,WNW,22.5,32.2,1021.88,0,0,0,0,,
2022-11-26,22:45,11.4,7.2,75,NNW,24.1,29,1022.15,0,0,0,0,,
2022-11-26,23:00,11.4,7.2,75,NW,20.9,30.6,1022.32,0,0,0,0,,
2022-11-26,23:15,11.3,6.7,75,NNW,14.5,29,1022.38,0,0,0,0,,
2022-11-26,23:30,11.1,6.7,76,NW,11.3,29,1022.49,0,0,0,0,,
2022-11-26,23:45,11,6.7,76,NW,19.3,22.5,1022.35,0,0,0,0,,
2022-11-26,OVR,,,,,,,,,,,,gustmax,49.9
2022-11-26,OVR,,,,,,,,,,,,rainrate_max,0
2022-11-26,OVR,,,,,,,,,,,,rain_total_mm,0
2022-11-26,OVR,,,,,,,,,,,,tmax,13.9
2022-11-26,OVR,,,,,,,,,,,,tmin,10.9
2022-11-26,OVR,,,,,,,,,,,,wind_dir_mean_deg,315
2022-11-27,00:00,10.9,6.7,75,NW,8,27.4,1022.45,0,0,0,0,,
2022-11-27,00:15,11.1,6.7,74,,22.5,24.1,1022.32,0,0,0,0,,
2022-11-27,00:30,11.1,6.1,73,NNW,9.7,32.2,1022.49,0,0,0,0,,
2022-11-27,00:45,11.2,6.1,72,NW,19.3,29,1022.45,0,0,0,0,,
2022-11-27,01:00,11.3,6.1,71,NW,14.5,37,1022.45,0,0,0,0,,
2022-11-27,01:15,11,6.1,72,NW,16.1,30.6,1022.49,0,0,0,0,,
2022-11-27,01:30,10.6,6.1,74,WNW,1.6,22.5,1022.52,0,0,0,0,,
2022-11-27,01:45,10.3,6.1,76,NW,6.4,17.7,1022.55,0,0,0,0,,
2022-11-27,02:00,9.9,6.1,77,WNW,3.2,11.3,1022.62,0,0,0,0,,
2022-11-27,02:15,10.3,6.1,76,WNW,12.9,16.1,1022.25,0,0,0,0,,
2022-11-27,02:30,10.3,6.1,76,WNW,11.3,20.9,1022.49,0,0,0,0,,
2022-11-27,02:45,9.8,6.1,77,NNW,1.6,19.3,1022.38,0,0,0,0,,
2022-11-27,03:00,9.8,6.1,77,SSE,3.2,6.4,1022.72,0,0,0,0,,
2022-11-27,03:15,9.6,5.6,78,WEST,11.3,12.9,1022.86,0,0,0,0,,
2022-11-27,03:30,10.1,6.1,76,SOUTH,1.6,11.3,1022.72,0,0,0,0,,
2022-11-27,03:45,10,6.1,77,NNE,1.6,11.3,1022.86,0,0,0,0,,
2022-11-27,04:00,10.3,6.1,76,NORTH,0,14.5,1022.79,0,0,0,0,,
2022-11-27,04:15,10.1,5.6,76,NW,8,11.3,1022.55,0,0,0,0,,
2022-11-27,04:30,9.9,5.6,76,NW,4.8,17.7,1022.79,0,0,0,0,,
2022-11-27,04:45,9.3,5.6,78,NW,8,16.1,1022.99,0,0,0,0,,
2022-11-27,05:00,8.8,5.6,81,NW,6.4,9.7,1022.72,0,0,0,0,,
2022-11-27,05:15,9.4,5.6,79,NW,14.5,19.3,1022.82,0,0,0,0,,
2022-11-27,05:30,9.6,5.6,77,NW,6.4,20.9,1023.16,0,0,0,0,,
2022-11-27,05:45,9.7,5.6,78,NNW,20.9,24.1,1022.72,0,0,0,0,,
2022-11-27,06:00,10.3,5.6,74,NW,19.3,37,1022.66,0,0,0,0,,
2022-11-27,06:15,10.2,5.6,74,,8,24.1,1022.35,0,0,0,0,,
2022-11-27,06:30,10.1,5.6,75,NW,12.9,20.9,1022.35,0,0,0,0,,
2022-11-27,06:45,9.9,5.6,76,,14.5,22.5,1022.15,0,0,0,0,,
2022-11-27,07:00,9.5,5.6,77,WNW,3.2,19.3,1022.82,0,0,0,0,,
2022-11-27,07:15,8.4,5,80,SSE,1.6,6.4,1022.72,0,0,0,0,,
2022-11-27,07:30,8.4,5,80,NORTH,0,9.7,1023.03,0,0,0,7,,
2022-11-27,07:45,8.4,5,81,,3.2,4.8,1023.03,0,0,0,14,,
2022-11-27,08:00,8.1,5,82,NNW,1.6,3.2,1023.2,0,0,0,53,,
2022-11-27,08:15,8.4,5.6,82,NORTH,0,3.2,1023.27,0,0,0,90,,
2022-11-27,08:30,8.7,5,80,SSW,1.6,3.2,1023.27,0,0,0,141,,
2022-11-27,08:45,8.7,5.6,81,NW,11.3,27.4,1023.6,0,0,0,186,,
2022-11-27,09:00,9.5,5.6,79,WNW,6.4,16.1,1023.6,0,0,0,232,,
2022-11-27,09:15,9.8,6.1,78,NORTH,0,8,1023.67,0,0,1,274,,
2022-11-27,09:30,10.6,6.1,75,WNW,4.8,6.4,1023.77,0,0,1,318,,
2022-11-27,09:45,10.9,6.1,74,NW,6.4,12.9,1023.6,0,0,1,353,,
2022-11-27,10:00,11.3,6.1,72,NW,6.4,16.1,1023.57,0,0,1,387,,
2022-11-27,10:15,10.9,6.7,75,NNE,4.8,14.5,1023.81,0,0,1,413,,
2022-11-27,10:30,11.2,6.7,75,NNW,6.4,12.9,1023.94,0,0,1,431,,
2022-11-27,10:45,11.5,7.2,75,WEST,17.7,24.1,1023.94,0,0,1,461,,
2022-11-27,11:00,12.1,7.2,73,NW,8,19.3,1023.84,0,0,2,480,,
2022-11-27,11:15,12.9,6.7,66,NW,12.9,20.9,1023.6,0,0,2,494,,
2022-11-27,11:30,13.2,6.7,66,WNW,14.5,17.7,1023.4,0,0,2,506,,
2022-11-27,11:45,13.5,6.7,64,NW,3.2,19.3,1023.47,0,0,2,513,,
2022-11-27,12:00,13.9,6.7,62,WNW,8,17.7,1023.43,0,0,2,517,,
2022-11-27,12:15,13.9,6.1,60,SOUTH,1.6,22.5,1023.3,0,0,2,515,,
2022-11-27,12:30,14.3,6.1,60,NW,12.9,22.5,1023.27,0,0,2,454,,
2022-11-27,12:45,14.6,5.6,56,NW,14.5,22.5,1023.03,0,0,2,455,,
2022-11-27,13:00,14.6,5.6,54,NW,20.9,19.3,1022.96,0,0,2,443,,
2022-11-27,13:15,14.7,5,53,NNW,6.4,19.3,1022.79,0,0,2,431,,
2022-11-27,13:30,14.7,5.6,54,NW,14.5,24.1,1022.66,0,0,1,332,,
2022-11-27,13:45,14.7,5,53,WNW,11.3,29,1022.66,0,0,1,411,,
2022-11-27,14:00,14.9,5.6,53,NNW,8,22.5,1022.45,0,0,1,418,,
2022-11-27,14:15,15.1,5.6,53,NW,12.9,24.1,1022.55,0,0,1,390,,
2022-11-27,14:30,15.2,4.4,49,NW,8,20.9,1022.18,0,0,1,346,,
2022-11-27,14:45,15.3,4.4,49,NNW,14.5,24.1,1022.38,0,0,1,327,,
2022-11-27,15:00,15.2,3.9,47,NORTH,12.9,19.3,1022.08,0,0,1,288,,
2022-11-27,15:15,15.2,3.9,48,NNW,12.9,22.5,1022.08,0,0,1,255,,
2022-11-27,15:30,15.1,4.4,50,WNW,4.8,19.3,1022.15,0,0,0,206,,
2022-11-27,15:45,14.8,4.4,50,NW,12.9,16.1,1022.05,0,0,0,149,,
2022-11-27,16:00,14.7,4.4,50,NW,6.4,20.9,1022.18,0,0,0,104,,
2022-11-27,16:15,14.3,4.4,52,WNW,6.4,14.5,1022.28,0,0,0,65,,
2022-11-27,16:30,13.2,7.2,68,WEST,16.1,25.7,1022.38,0,0,0,35,,
2022-11-27,16:45,12.7,7.2,70,WEST,12.9,17.7,1022.49,0,0,0,23,,
2022-11-27,17:00,12.3,7.2,71,NE,4.8,12.9,1022.35,0,0,0,0,,
2022-11-27,17:15,12.1,7.2,73,NW,1.6,8,1022.49,0,0,0,0,,
2022-11-27,17:30,11.8,7.2,74,WEST,9.7,17.7,1022.55,0,0,0,0,,
2022-11-27,17:45,11.6,7.2,76,WEST,4.8,12.9,1022.49,0,0,0,0,,
2022-11-27,18:00,11.3,7.2,77,WEST,3.2,6.4,1022.35,0,0,0,0,,
2022-11-27,18:15,10.8,7.2,78,NORTH,0,4.8,1022.49,0,0,0,0,,
2022-11-27,18:30,10.7,7.2,80,NORTH,0,4.8,1022.38,0,0,0,0,,
2022-11-27,18:45,10.3,7.2,81,WEST,1.6,4.8,1022.45,0,0,0,0,,
2022-11-27,19:00,9.8,6.7,82,SE,6.4,9.7,1022.62,0,0,0,0,,
2022-11-27,19:15,9.6,6.7,82,SE,4.8,8,1022.25,0,0,0,0,,
2022-11-27,19:30,9.5,6.7,82,SE,4.8,4.8,1022.45,0,0,0,0,,
2022-11-27,19:45,9.6,6.1,80,SE,4.8,6.4,1022.35,0,0,0,0,,
2022-11-27,20:00,8.8,5.6,82,ESE,3.2,4.8,1022.28,0,0,0,0,,
2022-11-27,20:15,9,5.6,79,ESE,1.6,6.4,1022.28,0,0,0,0,,
2022-11-27,20:30,9.6,5.6,77,ESE,6.4,8,1022.55,0,0,0,0,,
2022-11-27,20:45,9.6,6.1,81,ESE,8,12.9,1022.25,0,0,0,0,,
2022-11-27,21:00,9.8,6.1,79,SE,8,16.1,1022.05,0,0,0,0,,
2022-11-27,21:15,9.7,6.1,80,NORTH,0,11.3,1022.11,0,0,0,0,,
2022-11-27,21:30,9.1,5.6,80,NORTH,0,8,1022.22,0,0,0,0,,
2022-11-27,21:45,8.8,5.6,82,NORTH,0,3.2,1022.22,0,0,0,0,,
2022-11-27,22:00,8.7,5.6,82,SE,3.2,6.4,1022.11,0,0,0,0,,
2022-11-27,22:15,7.6,5,84,ESE,3.2,4.8,1021.91,0,0,0,0,,
2022-11-27,22:30,7.6,5,84,ESE,4.8,4.8,1021.84,0,0,0,0,,
2022-11-27,22:45,8.2,5.6,85,EAST,4.8,6.4,1021.64,0,0,0,0,,
2022-11-27,23:00,8.4,5.6,84,EAST,4.8,6.4,1021.54,0,0,0,0,,
2022-11-27,23:15,8,5.6,85,ESE,3.2,6.4,1021.44,0,0,0,0,,
2022-11-27,23:30,8.8,6.1,84,ESE,4.8,11.3,1021.37,0,0,0,0,,
2022-11-27,23:45,9.8,5.6,76,ESE,4.8,11.3,1021.33,0,0,0,0,,
2022-11-27,OVR,,,,,,,,,,,,gustmax,22.5
2022-11-27,OVR,,,,,,,,,,,,rainrate_max,0
2022-11-27,OVR,,,,,,,,,,,,rain_total_mm,0
2022-11-27,OVR,,,,,,,,,,,,tmax,15.3
2022-11-27,OVR,,,,,,,,,,,,tmin,7.4
2022-11-27,OVR,,,,,,,,,,,,wind_dir_mean_deg,315
2022-11-28,00:00,9.8,6.1,78,ESE,3.2,11.3,1021.37,0,0,0,0,,
2022-11-28,00:15,10.1,6.1,77,ESE,8,11.3,1021,0,0,0,0,,
2022-11-28,00:30,9.6,5.6,78,SE,4.8,11.3,1021.13,0,0,0,0,,
2022-11-28,00:45,9.6,5.6,77,ESE,9.7,11.3,1020.83,0,0,0,0,,
2022-11-28,01:00,10.1,6.1,76,ESE,6.4,12.9,1020.62,0,0,0,0,,
2022-11-28,01:15,9.9,6.1,77,ESE,6.4,12.9,1020.59,0,0,0,0,,
2022-11-28,01:30,9.6,6.1,79,ESE,11.3,11.3,1020.39,0,0,0,0,,
2022-11-28,01:45,9.5,5.6,79,ESE,6.4,12.9,1020.01,0,0,0,0,,
2022-11-28,02:00,9.2,5.6,79,ESE,6.4,11.3,1020.08,0,0,0,0,,
2022-11-28,02:15,9.3,6.1,80,ESE,6.4,12.9,1020.08,0,0,0,0,,
2022-11-28,02:30,9.2,5.6,80,ESE,6.4,11.3,1020.05,0,0,0,0,,
2022-11-28,02:45,9.3,5.6,80,ESE,6.4,11.3,1020.01,0,0,0,0,,
2022-11-28,03:00,9.3,5.6,80,ESE,12.9,12.9,1019.81,0,0,0,0,,
2022-11-28,03:15,9.2,5.6,80,ESE,9.7,16.1,1019.44,0,0,0,0,,
2022-11-28,03:30,9.2,5.6,80,ESE,9.7,12.9,1019.4,0,0,0,0,,
2022-11-28,03:45,9.2,6.1,81,ESE,9.7,12.9,1019.37,0,0,0,0,,
2022-11-28,04:00,9.7,6.1,80,ESE,12.9,16.1,1019.3,0,0,0,0,,
2022-11-28,04:15,9.6,6.1,79,ESE,12.9,14.5,1018.9,0,0,0,0,,
2022-11-28,04:30,9.4,5.6,79,ESE,12.9,14.5,1018.96,0,0,0,0,,
2022-11-28,04:45,9.4,5.6,79,ESE,6.4,16.1,1018.66,0,0,0,0,,
2022-11-28,05:00,9.5,6.1,79,ESE,16.1,19.3,1018.56,0,0,0,0,,
2022-11-28,05:15,9.4,5.6,79,ESE,16.1,20.9,1018.63,0,0,0,0,,
2022-11-28,05:30,9.6,5.6,78,ESE,17.7,19.3,1018.25,0,0,0,0,,
2022-11-28,05:45,9.6,5.6,78,SE,12.9,17.7,1018.46,0,0,0,0,,
2022-11-28,06:00,9.3,5.6,79,ESE,8,16.1,1018.59,0,0,0,0,,
2022-11-28,06:15,9.1,5.6,79,ESE,8,12.9,1018.59,0,0,0,0,,
2022-11-28,06:30,9.2,5.6,78,ESE,6.4,16.1,1018.49,0,0,0,0,,
2022-11-28,06:45,9.7,5.6,77,ESE,3.2,14.5,1018.42,0,0,0,0,,
2022-11-28,07:00,8.3,4.4,78,NORTH,0,11.3,1018.63,0,0,0,0,,
2022-11-28,07:15,7.8,4.4,82,NORTH,0,3.2,1018.46,0,0,0,0,,
2022-11-28,07:30,9.4,6.1,80,ESE,6.4,12.9,1018.29,0,0,0,12,,
2022-11-28,07:45,9.9,5.6,77,SE,4.8,16.1,1018.05,0,0,0,30,,
2022-11-28,08:00,8.8,5.6,82,ESE,11.3,16.1,1017.54,0,0,0,53,,
2022-11-28,08:15,8.6,6.1,85,ESE,12.9,17.7,1017.07,0,0,0,49,,
2022-11-28,08:30,8.7,6.1,86,ESE,11.3,16.1,1016.76,0,0,0,60,,
2022-11-28,08:45,8.8,6.7,87,ESE,12.9,17.7,1016.76,0,0,0,53,,
2022-11-28,09:00,9.3,6.7,86,EAST,6.4,12.9,1016.63,0,0,0,74,,
2022-11-28,09:15,9.9,7.2,85,ESE,9.7,12.9,1016.7,0,0,0,90,,
2022-11-28,09:30,10.1,7.2,85,NORTH,0,9.7,1017.14,0,0,0,142,,
2022-11-28,09:45,10.6,7.8,85,ESE,1.6,4.8,1017.14,0,0,1,225,,
2022-11-28,10:00,11.3,7.8,80,SE,12.9,14.5,1017.41,0,0,1,221,,
2022-11-28,10:15,11.4,7.8,80,SE,12.9,16.1,1017.03,0,0,1,209,,
2022-11-28,10:30,11.6,7.8,78,ESE,11.3,14.5,1016.73,0,0,1,211,,
2022-11-28,10:45,11.7,8.3,82,EAST,6.4,12.9,1016.9,0,0,1,274,,
2022-11-28,11:00,11.9,8.3,81,EAST,6.4,12.9,1016.73,0,0,1,250,,
2022-11-28,11:15,12.3,8.3,76,ESE,4.8,8,1016.53,0,0,1,169,,
2022-11-28,11:30,13,8.3,74,SE,8,12.9,1016.22,0,0,2,487,,
2022-11-28,11:45,13.3,8.3,72,ESE,6.4,12.9,1015.65,0,0,2,508,,
2022-11-28,12:00,12.9,8.9,77,ENE,9.7,16.1,1015.14,0,0,2,515,,
2022-11-28,12:15,13.2,8.3,73,ESE,12.9,16.1,1014.8,0,0,2,513,,
2022-11-28,12:30,13.5,8.3,71,ESE,6.4,17.7,1014.22,0,0,2,515,,
2022-11-28,12:45,13.7,7.8,69,ESE,8,16.1,1014.43,0,0,2,503,,
2022-11-28,13:00,13.8,7.8,67,SE,12.9,14.5,1014.53,0,0,2,501,,
2022-11-28,13:15,13.8,7.2,65,NORTH,0,16.1,1014.46,0,0,2,536,,
2022-11-28,13:30,13.8,6.1,61,NORTH,0,14.5,1014.16,0,0,2,476,,
2022-11-28,13:45,14.2,6.1,59,NORTH,0,12.9,1013.99,0,0,1,445,,
2022-11-28,14:00,14.2,5.6,56,ESE,3.2,11.3,1013.85,0,0,1,420,,
2022-11-28,14:15,13.8,4.4,54,ESE,6.4,14.5,1013.75,0,0,1,77,,
2022-11-28,14:30,13.5,5,58,ESE,4.8,6.4,1013.41,0,0,1,90,,
2022-11-28,14:45,13.2,6.7,64,EAST,6.4,14.5,1012.39,0,0,0,128,,
2022-11-28,15:00,13.2,6.1,63,ESE,6.4,12.9,1012.43,0,0,0,91,,
2022-11-28,15:15,12.9,6.7,66,EAST,3.2,8,1012.8,0,0,0,51,,
2022-11-28,15:30,12.7,6.7,68,ESE,4.8,9.7,1012.67,0,0,0,42,,
2022-11-28,15:45,12.5,6.7,69,ESE,4.8,6.4,1012.7,0,0,0,69,,
2022-11-28,16:00,12.6,6.7,68,ESE,3.2,6.4,1012.6,0,0,0,30,,
2022-11-28,16:15,12.4,6.7,68,ESE,4.8,11.3,1012.5,0,0,0,32,,
2022-11-28,16:30,12.7,7.2,69,SE,11.3,19.3,1012.46,0,0,0,30,,
2022-11-28,16:45,12.8,7.8,72,SE,4.8,12.9,1012.43,0,0,0,9,,
2022-11-28,17:00,12.6,7.8,74,ESE,11.3,11.3,1012.53,0,0,0,0,,
2022-11-28,17:15,12.4,8.3,77,SSE,4.8,9.7,1012.67,0,0,0,0,,
2022-11-28,17:30,12.3,8.3,78,ESE,8,12.9,1012.39,0,0,0,0,,
2022-11-28,17:45,12.1,8.3,79,ESE,12.9,17.7,1012.09,0,0,0,0,,
2022-11-28,18:00,11.8,8.3,80,ESE,9.7,19.3,1011.95,0,0,0,0,,
2022-11-28,18:15,11.6,8.3,81,ESE,9.7,14.5,1011.75,0,0,0,0,,
2022-11-28,18:30,11.4,8.3,82,EAST,11.3,14.5,1011.75,0,0,0,0,,
2022-11-28,18:45,11.3,8.3,82,EAST,8,19.3,1011.55,0,0,0,0,,
2022-11-28,19:00,11.2,8.3,83,ESE,19.3,24.1,1011.48,0,0,0,0,,
2022-11-28,19:15,11.2,8.3,83,ESE,6.4,16.1,1011.79,0,0,0,0,,
2022-11-28,19:30,10.9,8.3,83,ESE,6.4,14.5,1011.65,0,0,0,0,,
2022-11-28,19:45,11,8.3,83,SE,11.3,17.7,1011.72,0,0,0,0,,
2022-11-28,20:00,11,8.3,83,EAST,11.3,12.9,1011.68,0,0,0,0,,
2022-11-28,20:15,10.9,8.3,83,EAST,11.3,16.1,1011.72,0,0,0,0,,
2022-11-28,20:30,10.8,7.8,83,EAST,8,12.9,1011.62,0,0,0,0,,
2022-11-28,20:45,10.6,7.8,84,EAST,12.9,12.9,1011.58,0,0,0,0,,
2022-11-28,21:00,10.7,7.8,84,EAST,6.4,12.9,1011.41,0,0,0,0,,
2022-11-28,21:15,10.4,7.8,84,ENE,11.3,16.1,1011.48,0,0,0,0,,
2022-11-28,21:30,10.4,7.8,84,EAST,8,14.5,1011.55,0,0,0,0,,
2022-11-28,21:45,10.5,7.8,84,EAST,11.3,16.1,1011.18,0,0,0,0,,
2022-11-28,22:00,10.7,7.8,83,ENE,9.7,14.5,1011.28,0,0,0,0,,
2022-11-28,22:15,10.6,7.8,83,EAST,9.7,14.5,1011.24,0,0,0,0,,
2022-11-28,22:30,10.6,7.8,83,EAST,12.9,14.5,1011.01,0,0,0,0,,
2022-11-28,22:45,10.8,7.8,82,EAST,8,14.5,1011.07,0,0,0,0,,
2022-11-28,23:00,10.9,7.8,82,ENE,12.9,17.7,1010.94,0,0,0,0,,
2022-11-28,23:15,11.1,7.8,82,ENE,6.4,16.1,1010.74,0,0,0,0,,
2022-11-28,23:30,10.9,7.8,82,ENE,12.9,14.5,1011.01,0,0,0,0,,
2022-11-28,23:45,11.1,7.8,81,ENE,8,16.1,1010.77,0,0,0,0,,
2022-11-28,OVR,,,,,,,,,,,,gustmax,19.3
2022-11-28,OVR,,,,,,,,,,,,rainrate_max,0
2022-11-28,OVR,,,,,,,,,,,,rain_total_mm,0
2022-11-28,OVR,,,,,,,,,,,,tmax,14.2
2022-11-28,OVR,,,,,,,,,,,,tmin,7.7
2022-11-28,OVR,,,,,,,,,,,,wind_dir_mean_deg,112.5
2022-11-29,00:00,11.1,7.8,81,NE,6.4,12.9,1010.97,0,0,0,0,,
2022-11-29,00:15,10.6,7.2,81,NNE,1.6,8,1010.9,0,0,0,0,,
2022-11-29,00:30,10.7,7.8,82,ENE,3.2,9.7,1010.8,0,0,0,0,,
2022-11-29,00:45,10.8,7.8,81,NORTH,3.2,9.7,1010.53,0,0,0,0,,
2022-11-29,01:00,10.8,7.2,81,NE,3.2,11.3,1010.46,0,0,0,0,,
2022-11-29,01:15,10.7,7.2,81,NNE,1.6,8,1010.26,0,0,0,0,,
2022-11-29,01:30,10.9,7.8,80,ENE,8,11.3,1010.19,0,0,0,0,,
2022-11-29,01:45,11.1,7.2,79,ENE,4.8,11.3,1010.06,0,0,0,0,,
2022-11-29,02:00,10.9,7.2,78,ENE,11.3,14.5,1010.06,0,0,0,0,,
2022-11-29,02:15,11,7.2,78,NE,6.4,14.5,1010.06,0,0,0,0,,
2022-11-29,02:30,9.6,6.1,79,NNW,8,14.5,1010.13,0,0,0,0,,
2022-11-29,02:45,8.7,5.6,83,NNW,3.2,9.7,1010.13,0,0,0,0,,
2022-11-29,03:00,8.3,5.6,84,NNE,1.6,4.8,1010.16,0,0,0,0,,
2022-11-29,03:15,8.6,5.6,83,NNE,3.2,4.8,1009.96,0,0,0,0,,
2022-11-29,03:30,8.5,5.6,82,ENE,1.6,4.8,1010.19,0,0,0,0,,
2022-11-29,03:45,8.7,5.6,82,ESE,3.2,4.8,1010.13,0,0,0,0,,
2022-11-29,04:00,8.6,5,79,NORTH,0,3.2,1010.19,0,0,0,0,,
2022-11-29,04:15,8.1,5,82,ESE,3.2,3.2,1010.33,0,0,0,0,,
2022-11-29,04:30,8.8,5.6,81,NNW,1.6,6.4,1010.33,0,0,0,0,,
2022-11-29,04:45,8.6,5,79,NE,1.6,4.8,1010.36,0,0,0,0,,
2022-11-29,05:00,9,5,77,ENE,1.6,4.8,1010.19,0,0,0,0,,
2022-11-29,05:15,9.6,5,73,ENE,3.2,4.8,1010.26,0,0,0,0,,
2022-11-29,05:30,9.7,4.4,71,ENE,1.6,4.8,1010.33,0,0,0,0,,
2022-11-29,05:45,9,5,76,SE,11.3,17.7,1010.46,0,0,0,0,,
2022-11-29,06:00,8.7,5,78,SE,1.6,14.5,1010.53,0,0,0,0,,
2022-11-29,06:15,8.7,5.6,80,SE,8,11.3,1010.5,0,0,0,0,,
2022-11-29,06:30,9.3,5.6,78,ESE,11.3,14.5,1010.57,0,0,0,0,,
2022-11-29,06:45,9.7,5.6,77,SE,8,17.7,1010.74,0,0,0,0,,
2022-11-29,07:00,8.4,5,80,NORTH,0,6.4,1011.01,0,0,0,0,,
2022-11-29,07:15,8.2,5,82,SE,3.2,4.8,1011.04,0,0,0,0,,
2022-11-29,07:30,8.4,5.6,83,SE,6.4,6.4,1011.01,0,0,0,0,,
2022-11-29,07:45,8.9,6.1,84,NORTH,0,6.4,1011.07,0,0,0,9,,
2022-11-29,08:00,9.6,6.7,82,NORTH,0,4.8,1011.07,0,0,0,14,,
2022-11-29,08:15,9,6.1,82,SE,3.2,3.2,1011.24,0,0,0,21,,
2022-11-29,08:30,8.6,6.1,85,ESE,4.8,6.4,1011.34,0,0,0,49,,
2022-11-29,08:45,10.2,7.2,82,SE,1.6,6.4,1011.41,0,0,0,90,,
2022-11-29,09:00,10.7,7.2,80,SSE,1.6,3.2,1011.34,0,0,0,130,,
2022-11-29,09:15,10.9,7.2,79,SSE,1.6,3.2,1011.45,0,0,0,141,,
2022-11-29,09:30,11.2,7.8,80,NORTH,0,4.8,1011.45,0,0,1,128,,
2022-11-29,09:45,10.4,7.2,81,NORTH,0,6.4,1011.58,0,0,1,220,,
2022-11-29,10:00,11.3,7.8,80,NORTH,0,1.6,1011.38,0,0,1,373,,
2022-11-29,10:15,12.2,7.8,76,NORTH,0,3.2,1011.51,0,0,1,399,,
2022-11-29,10:30,12.6,6.7,69,WEST,9.7,14.5,1011.72,0,0,1,438,,
2022-11-29,10:45,12.3,6.7,70,WEST,11.3,16.1,1011.92,0,0,1,348,,
2022-11-29,11:00,12.2,7.2,72,WNW,8,19.3,1011.75,0,0,2,489,,
2022-11-29,11:15,12.5,7.2,72,WNW,14.5,19.3,1011.58,0,0,2,476,,
2022-11-29,11:30,12.8,7.8,73,WEST,17.7,29,1011.65,0,0,1,320,,
2022-11-29,11:45,12.4,7.2,73,WNW,17.7,24.1,1011.45,0,0,1,272,,
2022-11-29,12:00,12.2,7.8,75,WEST,17.7,30.6,1011.65,0,0,1,211,,
2022-11-29,12:15,11.2,8.3,82,WEST,24.1,40.2,1011.62,0,0,1,146,,
2022-11-29,12:30,10.2,7.2,84,WNW,22.5,46.7,1011.79,0,0,0,37,,
2022-11-29,12:45,9.6,7.2,87,NW,22.5,30.6,1011.75,0.25,0.25,0,102,,
2022-11-29,13:00,9.8,7.2,87,WNW,17.7,29,1011.45,0.25,0.25,1,120,,
2022-11-29,13:15,10.1,7.2,84,NE,14.5,24.1,1011.21,0.25,0.25,0,114,,
2022-11-29,13:30,9.9,7.2,83,WNW,9.7,27.4,1011.24,0.25,0.25,0,72,,
2022-11-29,13:45,9.8,7.2,84,WEST,11.3,17.7,1011.18,0.51,0.25,0,53,,
2022-11-29,14:00,9.7,7.8,88,WNW,6.4,16.1,1010.94,0.51,0.51,0,84,,
2022-11-29,14:15,9.3,7.2,89,WNW,6.4,17.7,1010.97,0.76,0.51,0,77,,
2022-11-29,14:30,9.3,7.2,90,NORTH,0,11.3,1010.67,0.76,0.51,0,67,,
2022-11-29,14:45,9.3,7.8,90,NNW,4.8,12.9,1010.57,0.76,0.51,0,130,,
2022-11-29,15:00,9.6,7.8,90,WNW,1.6,8,1010.7,0.76,0.25,0,162,,
2022-11-29,15:15,9.9,7.8,88,WNW,11.3,19.3,1010.57,0.76,0,0,142,,
2022-11-29,15:30,9.9,7.8,87,WNW,4.8,16.1,1010.23,0.76,0,0,51,,
2022-11-29,15:45,9.8,7.8,88,WEST,6.4,14.5,1010.3,0.76,0,0,111,,
2022-11-29,16:00,9.9,7.8,89,WEST,12.9,19.3,1010.36,0.76,0,0,123,,
2022-11-29,16:15,10,7.8,88,WNW,14.5,25.7,1010.33,0.76,0,0,46,,
2022-11-29,16:30,9.8,7.8,87,WNW,29,32.2,1010.74,0.76,0,0,0,,
2022-11-29,17:00,9.1,5.6,78,WNW,11.3,17.7,1009.89,0.76,0,0,0,,
2022-11-29,17:15,9.3,5,76,WNW,14.5,27.4,1009.99,0.76,0,0,0,,
2022-11-29,17:30,9.4,5.6,78,WNW,16.1,25.7,1009.82,0.76,0,0,0,,
2022-11-29,17:45,9.1,5.6,81,WEST,9.7,22.5,1009.89,0.76,0,0,0,,
2022-11-29,18:00,8.4,5.6,83,NE,3.2,9.7,1009.85,0.76,0,0,0,,
2022-11-29,18:15,8.4,6.1,85,NORTH,0,8,1009.89,0.76,0,0,0,,
2022-11-29,18:30,8.2,6.1,87,NORTH,0,3.2,1009.85,0.76,0,0,0,,
2022-11-29,18:45,7.9,5.6,87,NORTH,0,3.2,1009.79,0.76,0,0,0,,
2022-11-29,19:00,8.4,6.1,87,NORTH,0,1.6,1009.69,0.76,0,0,0,,
2022-11-29,19:15,8.7,6.7,87,ENE,3.2,3.2,1009.55,0.76,0,0,0,,
2022-11-29,19:30,7.9,6.1,88,ENE,3.2,3.2,1009.45,0.76,0,0,0,,
2022-11-29,19:45,8.4,6.7,88,ENE,1.6,6.4,1009.82,0.76,0,0,0,,
2022-11-29,20:00,8.4,6.7,88,SW,1.6,4.8,1010.13,0.76,0,0,0,,
2022-11-29,20:15,8.3,6.1,88,WSW,4.8,6.4,1009.55,0.76,0,0,0,,
2022-11-29,20:30,8.3,6.1,87,NW,12.9,20.9,1009.38,0.76,0,0,0,,
2022-11-29,20:45,8.2,6.1,86,WEST,12.9,25.7,1009.38,0.76,0,0,0,,
2022-11-29,21:00,7.7,5.6,88,NW,1.6,3.2,1009.14,0.76,0,0,0,,
2022-11-29,21:15,7.7,5,85,NW,1.6,17.7,1008.84,0.76,0,0,0,,
2022-11-29,21:30,7.8,4.4,81,WNW,1.6,11.3,1008.81,0.76,0,0,0,,
2022-11-29,21:45,7.2,3.9,80,WNW,1.6,3.2,1009.08,0.76,0,0,0,,
2022-11-29,22:00,6.8,4.4,85,ESE,12.9,17.7,1009.01,0.76,0,0,0,,
2022-11-29,22:15,6.7,4.4,87,SE,4.8,14.5,1008.77,0.76,0,0,0,,
2022-11-29,22:30,6.5,4.4,88,SE,6.4,8,1008.43,0.76,0,0,0,,
2022-11-29,22:45,7.2,5,86,SE,4.8,8,1008.33,0.76,0,0,0,,
2022-11-29,23:00,6.3,3.9,86,SE,6.4,8,1008.5,0.76,0,0,0,,
2022-11-29,23:15,6.5,4.4,88,ESE,4.8,9.7,1008.26,0.76,0,0,0,,
2022-11-29,23:30,5.7,3.3,87,ESE,1.6,6.4,1008.36,0.76,0,0,0,,
2022-11-29,23:45,5.7,3.9,88,ESE,3.2,6.4,1008.2,0.76,0,0,0,,
2022-11-29,OVR,,,,,,,,,,,,gustmax,29
2022-11-29,OVR,,,,,,,,,,,,rainrate_max,1.4
2022-11-29,OVR,,,,,,,,,,,,rain_total_mm,0.8
2022-11-29,OVR,,,,,,,,,,,,tmax,12.8
2022-11-29,OVR,,,,,,,,,,,,tmin,5.5
2022-11-29,OVR,,,,,,,,,,,,wind_dir_mean_deg,22.5
2022-11-30,00:00,5.6,3.9,89,EAST,3.2,6.4,1008.03,0,0,0,0,,
2022-11-30,00:15,5.6,3.9,90,NORTH,0,6.4,1008.03,0,0,0,0,,
2022-11-30,00:30,5.4,3.9,90,EAST,1.6,3.2,1007.72,0,0,0,0,,
2022-11-30,00:45,5,3.3,90,ESE,3.2,4.8,1007.69,0,0,0,0,,
2022-11-30,01:00,5.5,3.9,91,ESE,1.6,4.8,1007.55,0,0,0,0,,
2022-11-30,01:15,6.2,4.4,90,NORTH,0,4.8,1007.42,0,0,0,0,,
2022-11-30,01:30,6.4,4.4,88,NORTH,0,3.2,1007.38,0,0,0,0,,
2022-11-30,01:45,6.6,3.9,86,NORTH,0,1.6,1007.59,0,0,0,0,,
2022-11-30,02:00,6.6,3.9,85,EAST,1.6,3.2,1007.72,0,0,0,0,,
2022-11-30,02:15,6.7,3.9,85,EAST,1.6,3.2,1007.59,0,0,0,0,,
2022-11-30,02:30,6.6,3.9,84,ENE,1.6,3.2,1007.48,0,0,0,0,,
2022-11-30,02:45,6.6,3.9,85,NORTH,0,3.2,1007.72,0,0,0,0,,
2022-11-30,03:00,6.3,3.9,87,NORTH,0,3.2,1007.89,0,0,0,0,,
2022-11-30,03:15,6.8,4.4,86,NNW,4.8,6.4,1007.82,0,0,0,0,,
2022-11-30,03:30,6.6,4.4,86,NNW,1.6,3.2,1008.13,0.25,0.25,0,0,,
2022-11-30,03:45,6.4,4.4,87,NORTH,0,3.2,1008.13,0.25,0.25,0,0,,
2022-11-30,04:00,6.3,4.4,88,NORTH,0,1.6,1008.06,0.25,0.25,0,0,,
2022-11-30,04:15,6.3,4.4,89,NORTH,0,1.6,1008.16,0.25,0.25,0,0,,
2022-11-30,04:30,6.3,4.4,89,NNW,1.6,1.6,1008.06,0.25,0,0,0,,
2022-11-30,04:45,6.3,4.4,89,NORTH,0,4.8,1007.92,0.25,0,0,0,,
2022-11-30,05:00,6.6,4.4,88,,4.8,6.4,1007.96,0.25,0,0,0,,
2022-11-30,05:15,6.6,4.4,87,NW,1.6,16.1,1008.09,0.25,0,0,0,,
2022-11-30,05:30,6.3,3.9,87,NORTH,0,9.7,1008.26,0.25,0,0,0,,
2022-11-30,05:45,6.6,4.4,88,WNW,4.8,6.4,1008.26,0.25,0,0,0,,
2022-11-30,06:00,7.1,5,88,WNW,6.4,11.3,1008.36,0.25,0,0,0,,
2022-11-30,06:15,7.4,5,87,NW,3.2,12.9,1008.53,0.25,0,0,0,,
2022-11-30,06:30,7.2,5,87,NORTH,0,6.4,1008.43,0.25,0,0,0,,
2022-11-30,06:45,6.9,5,88,EAST,1.6,4.8,1008.67,0.25,0,0,0,,
2022-11-30,07:00,7.3,5.6,88,NNW,1.6,6.4,1009.04,0.25,0,0,0,,
2022-11-30,07:15,7.7,5.6,88,NW,3.2,12.9,1009.25,0.25,0,0,0,,
2022-11-30,07:30,8,5.6,87,NW,8,8,1009.38,0.25,0,0,0,,
2022-11-30,07:45,7.8,5.6,86,NE,4.8,14.5,1009.55,0.25,0,0,16,,
2022-11-30,08:00,7.6,5.6,88,ESE,1.6,6.4,1009.62,0.25,0,0,18,,
2022-11-30,08:15,8.1,6.1,88,NORTH,0,4.8,1009.69,0.25,0,0,23,,
2022-11-30,08:30,8.3,6.1,87,WNW,4.8,16.1,1009.82,0.25,0,0,120,,
2022-11-30,08:45,8.3,6.1,88,WSW,4.8,11.3,1010.06,0.25,0,0,156,,
2022-11-30,09:00,9.1,6.7,86,NORTH,0,4.8,1010.46,0.25,0,0,207,,
2022-11-30,09:15,9.8,6.7,82,NNW,3.2,11.3,1010.94,0.25,0,0,83,,
2022-11-30,09:30,10.3,6.7,80,NW,3.2,11.3,1011.01,0.25,0,1,290,,
2022-11-30,09:45,10.7,6.7,78,WNW,1.6,19.3,1011.45,0.25,0,1,330,,
2022-11-30,10:00,11,7.2,77,NNW,4.8,14.5,1011.72,0.25,0,1,362,,
2022-11-30,10:15,11.3,6.7,75,NW,6.4,16.1,1011.85,0.25,0,1,390,,
2022-11-30,10:30,11.6,6.7,74,NNW,6.4,20.9,1011.92,0.25,0,1,396,,
2022-11-30,10:45,12.1,7.2,72,NNW,14.5,19.3,1011.99,0.25,0,1,462,,
2022-11-30,11:00,12.3,7.2,71,NNW,9.7,17.7,1012.09,0.25,0,1,455,,
2022-11-30,11:15,12.5,7.2,71,NW,6.4,19.3,1011.92,0.25,0,1,471,,
2022-11-30,11:30,12.7,7.2,71,NNW,8,19.3,1011.92,0.25,0,2,483,,
2022-11-30,11:45,12.8,7.2,70,NW,9.7,17.7,1011.75,0.25,0,2,494,,
2022-11-30,12:00,13,6.7,67,NNW,9.7,16.1,1011.82,0.25,0,2,496,,
2022-11-30,12:15,13.2,7.2,67,NW,9.7,22.5,1011.62,0.25,0,2,496,,
2022-11-30,12:30,13.5,7.2,66,NORTH,6.4,16.1,1011.85,0.25,0,2,561,,
2022-11-30,12:45,13.4,7.8,71,NE,3.2,20.9,1011.68,0.25,0,2,504,,
2022-11-30,13:00,13.5,7.8,68,NW,3.2,17.7,1011.65,0.25,0,2,504,,
2022-11-30,13:15,13.7,7.8,68,WNW,17.7,19.3,1011.75,0.25,0,2,524,,
2022-11-30,13:30,13.4,6.7,64,WNW,11.3,24.1,1011.72,0.25,0,1,83,,
2022-11-30,13:45,13.6,6.1,62,WEST,12.9,25.7,1011.68,0.25,0,1,427,,
2022-11-30,14:00,13.9,6.1,59,NNW,12.9,24.1,1011.79,0.25,0,1,404,,
2022-11-30,14:15,13.8,5,56,NW,17.7,25.7,1011.82,0.25,0,1,376,,
2022-11-30,14:30,13.9,5.6,57,NW,9.7,24.1,1011.82,0.25,0,1,343,,
2022-11-30,14:45,13.8,6.1,59,WNW,19.3,20.9,1011.85,0.25,0,1,311,,
2022-11-30,15:00,13.8,6.1,61,NW,16.1,20.9,1011.68,0.25,0,1,274,,
2022-11-30,15:15,13.8,5.6,57,NW,19.3,29,1011.85,0.25,0,0,232,,
2022-11-30,15:30,13.7,5.6,58,NNW,9.7,24.1,1011.89,0.25,0,0,185,,
2022-11-30,15:45,13.5,5.6,60,NNW,9.7,22.5,1012.06,0.25,0,0,141,,
2022-11-30,16:00,13.3,5.6,60,NW,17.7,24.1,1012.19,0.25,0,0,95,,
2022-11-30,16:15,13.1,5.6,60,WNW,12.9,25.7,1012.16,0.25,0,0,60,,
2022-11-30,16:30,12.6,5.6,63,NW,8,20.9,1012.43,0.25,0,0,28,,
2022-11-30,16:45,12.2,5.6,64,NW,6.4,19.3,1012.5,0.25,0,0,16,,
2022-11-30,17:00,11.8,5.6,65,NW,4.8,16.1,1012.5,0.25,0,0,0,,
2022-11-30,17:15,11.4,5,67,NW,6.4,12.9,1012.73,0.25,0,0,0,,
2022-11-30,17:30,11.2,5,67,NW,3.2,8,1013.11,0.25,0,0,0,,
2022-11-30,17:45,10.5,5,69,NORTH,0,3.2,1013.07,0.25,0,0,0,,
2022-11-30,18:00,9.7,5,72,NW,1.6,1.6,1013.17,0.25,0,0,0,,
2022-11-30,18:15,9.6,5,73,NORTH,0,3.2,1013.28,0.25,0,0,0,,
2022-11-30,18:30,9.9,5,71,NORTH,0,0,1013.31,0.25,0,0,0,,
2022-11-30,18:45,9.6,4.4,72,NORTH,0,3.2,1013.51,0.25,0,0,0,,
2022-11-30,19:00,8.8,4.4,74,NW,1.6,6.4,1013.58,0.25,0,0,0,,
2022-11-30,19:15,8.9,4.4,75,NNW,1.6,4.8,1013.65,0.25,0,0,0,,
2022-11-30,19:30,8.7,4.4,76,NNW,1.6,4.8,1013.88,0.25,0,0,0,,
2022-11-30,19:45,8.6,4.4,75,NNW,1.6,4.8,1013.85,0.25,0,0,0,,
2022-11-30,20:00,8.9,4.4,75,SSE,1.6,8,1013.99,0.25,0,0,0,,
2022-11-30,20:15,8.6,4.4,75,SSE,1.6,3.2,1014.12,0.25,0,0,0,,
2022-11-30,20:30,9.5,5,73,ESE,3.2,4.8,1014.19,0.25,0,0,0,,
2022-11-30,20:45,9,4.4,75,,1.6,6.4,1014.39,0.25,0,0,0,,
2022-11-30,21:00,9.6,5,74,ENE,3.2,6.4,1014.53,0.25,0,0,0,,
2022-11-30,21:15,9.2,4.4,74,ENE,1.6,6.4,1014.53,0.25,0,0,0,,
2022-11-30,21:30,8.9,4.4,76,ENE,1.6,3.2,1014.7,0.25,0,0,0,,
2022-11-30,21:45,8.3,3.9,76,ENE,1.6,3.2,1014.56,0.25,0,0,0,,
2022-11-30,22:00,7.6,4.4,81,ENE,4.8,4.8,1014.6,0.25,0,0,0,,
2022-11-30,22:15,8.6,3.9,74,EAST,3.2,6.4,1014.6,0.25,0,0,0,,
2022-11-30,22:30,8.1,3.9,76,EAST,1.6,4.8,1014.63,0.25,0,0,0,,
2022-11-30,22:45,8.6,4.4,75,ESE,6.4,9.7,1014.63,0.25,0,0,0,,
2022-11-30,23:00,8.6,3.9,75,SE,8,11.3,1014.73,0.25,0,0,0,,
2022-11-30,23:15,8.8,4.4,76,SE,11.3,11.3,1014.97,0.25,0,0,0,,
2022-11-30,23:30,9.3,5,74,SE,8,11.3,1014.87,0.25,0,0,0,,
2022-11-30,23:45,9.3,5,74,SE,11.3,11.3,1014.8,0.25,0,0,0,,
2022-11-30,OVR,,,,,,,,,,,,gustmax,19.3
2022-11-30,OVR,,,,,,,,,,,,rainrate_max,0.2
2022-11-30,OVR,,,,,,,,,,,,rain_total_mm,0.2
2022-11-30,OVR,,,,,,,,,,,,tmax,13.9
2022-11-30,OVR,,,,,,,,,,,,tmin,4.9
2022-11-30,OVR,,,,,,,,,,,,wind_dir_mean_deg,337.5
