date,time,temp_c,dewpoint_c,rh_pct,wind_dir_txt,wind_kmh,gust_kmh,press_hpa,rain_acc_mm,rain_rate_mmph,uv,solar_wm2,key,value
2022-09-01,00:00,21.4,18.3,84,NORTH,0,4.8,1016.66,0,0,0,0,,
2022-09-01,00:15,21.2,18.3,84,NORTH,0,1.6,1016.49,0,0,0,0,,
2022-09-01,00:30,21.4,18.3,85,NORTH,0,1.6,1016.66,0,0,0,0,,
2022-09-01,00:45,21.4,18.3,84,NORTH,0,3.2,1016.7,0,0,0,0,,
2022-09-01,01:00,21.4,18.3,84,NORTH,0,6.4,1016.76,0,0,0,0,,
2022-09-01,01:15,21.4,18.3,84,NNW,4.8,8,1016.83,0,0,0,0,,
2022-09-01,01:30,21.3,18.3,85,NNW,3.2,8,1016.22,0,0,0,0,,
2022-09-01,01:45,21.2,18.3,86,SW,1.6,8,1016.12,0,0,0,0,,
2022-09-01,02:00,21.1,18.3,87,NORTH,0,3.2,1015.95,0,0,0,0,,
2022-09-01,02:15,20.8,18.3,88,NORTH,0,1.6,1015.85,0,0,0,0,,
2022-09-01,02:30,20.6,18.3,89,NORTH,0,1.6,1015.68,0,0,0,0,,
2022-09-01,02:45,20.5,18.3,89,SW,1.6,3.2,1015.88,0,0,0,0,,
2022-09-01,03:00,20.5,18.9,90,SW,1.6,1.6,1015.75,0.25,0.25,0,0,,
2022-09-01,03:15,20.9,19.4,91,WNW,11.3,11.3,1015.44,3.05,3.05,0,0,,
2022-09-01,03:30,20.8,19.4,92,WNW,12.9,11.3,1015.68,3.81,3.81,0,0,,
2022-09-01,03:45,21.3,20,92,WEST,4.8,24.1,1015.54,3.81,3.81,0,0,,
2022-09-01,04:00,21.3,20,92,WEST,3.2,6.4,1015.54,3.81,3.56,0,0,,
2022-09-01,04:15,21.3,20,92,WEST,3.2,9.7,1015.34,3.81,0.76,0,0,,
2022-09-01,04:30,21.3,20,92,WEST,3.2,9.7,1015.48,3.81,0,0,0,,
2022-09-01,04:45,21.1,19.4,93,WEST,3.2,6.4,1015.37,3.81,0,0,0,,
2022-09-01,05:00,20.9,19.4,93,WEST,3.2,4.8,1015.31,3.81,0,0,0,,
2022-09-01,05:15,20.5,19.4,93,NORTH,0,4.8,1015.17,3.81,0,0,0,,
2022-09-01,05:30,20.5,19.4,94,NORTH,0,4.8,1015.14,3.81,0,0,0,,
2022-09-01,05:45,20.4,19.4,94,WEST,4.8,3.2,1014.9,3.81,0,0,0,,
2022-09-01,06:00,20.9,20,94,WEST,1.6,6.4,1014.8,3.81,0,0,0,,
2022-09-01,06:15,21.1,20,94,WEST,1.6,9.7,1014.73,3.81,0,0,0,,
2022-09-01,06:30,21.3,20,94,WEST,1.6,12.9,1014.73,3.81,0,0,0,,
2022-09-01,06:45,21.1,20,94,NW,6.4,8,1014.8,3.81,0,0,0,,
2022-09-01,07:00,20.9,20,94,NNW,4.8,8,1014.97,3.81,0,0,0,,
2022-09-01,07:15,21.1,20,94,NORTH,0,4.8,1015.14,3.81,0,0,11,,
2022-09-01,07:30,21.3,20,95,NW,4.8,8,1015.14,3.81,0,0,39,,
2022-09-01,07:45,21.4,20.6,94,NW,3.2,11.3,1015.1,3.81,0,0,40,,
2022-09-01,08:00,21.6,20.6,94,NW,3.2,14.5,1015.17,3.81,0,0,74,,
2022-09-01,08:15,21.8,20.6,94,NW,4.8,12.9,1015.21,3.81,0,0,90,,
2022-09-01,08:30,21.9,20.6,94,NW,6.4,9.7,1015.17,3.81,0,0,193,,
2022-09-01,08:45,22.1,21.1,94,NORTH,0,14.5,1015.21,3.81,0,0,70,,
2022-09-01,09:00,22.2,21.1,94,NW,6.4,17.7,1015.27,3.81,0,1,387,,
2022-09-01,09:15,22.5,21.1,94,NW,6.4,14.5,1015.31,3.81,0,1,374,,
2022-09-01,09:30,22.7,21.1,93,WNW,14.5,19.3,1015.37,3.81,0,1,125,,
2022-09-01,09:45,22.8,21.1,92,NW,11.3,22.5,1015.58,3.81,0,1,146,,
2022-09-01,10:00,23.2,21.7,91,WNW,16.1,27.4,1015.65,3.81,0,1,251,,
2022-09-01,10:15,23.4,21.1,89,NW,14.5,24.1,1015.68,3.81,0,2,686,,
2022-09-01,10:30,24.1,21.7,87,NW,12.9,20.9,1015.82,3.81,0,2,779,,
2022-09-01,10:45,24.2,20.6,82,WNW,11.3,25.7,1015.78,3.81,0,3,708,,
2022-09-01,11:00,24.6,20.6,79,WNW,16.1,27.4,1015.92,3.81,0,3,214,,
2022-09-01,11:15,25.2,20.6,75,WNW,14.5,37,1015.95,3.81,0,4,766,,
2022-09-01,11:30,25.4,20,72,WNW,19.3,32.2,1015.95,3.81,0,4,775,,
2022-09-01,11:45,25.7,19.4,69,NW,14.5,37,1015.78,3.81,0,4,821,,
2022-09-01,12:00,25.9,20,71,WNW,14.5,35.4,1015.78,3.81,0,2,916,,
2022-09-01,12:15,25.8,19.4,70,NW,17.7,32.2,1015.75,3.81,0,5,213,,
2022-09-01,12:30,26.2,20,70,WEST,16.1,29,1015.41,3.81,0,2,148,,
2022-09-01,12:45,26.7,19.4,66,WEST,25.7,33.8,1015.34,3.81,0,5,854,,
2022-09-01,13:00,26.7,19.4,64,WNW,17.7,38.6,1015.21,3.81,0,5,833,,
2022-09-01,13:15,26.9,18.9,62,WEST,24.1,38.6,1015.24,3.81,0,5,840,,
2022-09-01,13:30,27.2,18.9,61,WNW,22.5,38.6,1015.24,3.81,0,5,840,,
2022-09-01,13:45,27.4,19.4,62,NW,14.5,41.8,1015.24,3.81,0,5,826,,
2022-09-01,14:00,27.3,18.3,59,WEST,32.2,46.7,1015.41,3.81,0,5,821,,
2022-09-01,14:15,27.8,18.3,57,WNW,19.3,35.4,1015.51,3.81,0,5,807,,
2022-09-01,14:30,27.7,17.8,56,WEST,27.4,46.7,1015.41,3.81,0,5,795,,
2022-09-01,14:45,27.7,18.3,57,WEST,29,40.2,1015.31,3.81,0,4,773,,
2022-09-01,15:00,27.6,17.8,55,WEST,41.8,49.9,1015.24,3.81,0,4,749,,
2022-09-01,15:15,27.8,17.2,54,ENE,22.5,45.1,1015.17,3.81,0,4,719,,
2022-09-01,15:30,27.8,16.7,51,WEST,32.2,54.7,1015.17,3.81,0,4,700,,
2022-09-01,15:45,27.8,16.1,50,WNW,17.7,53.1,1015.17,3.81,0,3,664,,
2022-09-01,16:00,27.7,15.6,48,WEST,33.8,45.1,1015.17,3.81,0,3,631,,
2022-09-01,16:15,27.9,16.1,49,WNW,22.5,43.5,1015.1,3.81,0,3,599,,
2022-09-01,16:30,27.3,16.1,51,WNW,27.4,49.9,1015.14,3.81,0,2,559,,
2022-09-01,16:45,27.1,17.2,54,WNW,25.7,46.7,1015.04,3.81,0,2,519,,
2022-09-01,17:00,27.3,17.2,54,WNW,16.1,40.2,1015.1,3.81,0,2,473,,
2022-09-01,17:15,27.2,17.8,58,WNW,17.7,46.7,1014.97,3.81,0,2,425,,
2022-09-01,17:30,26.7,17.2,57,WNW,24.1,40.2,1014.93,3.81,0,1,381,,
2022-09-01,17:45,26.3,18.3,62,WEST,17.7,46.7,1015.14,3.81,0,1,348,,
2022-09-01,18:00,26.1,18.3,63,WNW,20.9,45.1,1015.34,3.81,0,1,287,,
2022-09-01,18:15,26.2,18.9,65,WEST,25.7,33.8,1015.37,3.81,0,0,251,,
2022-09-01,18:30,25.6,18.9,68,WNW,16.1,43.5,1015.37,3.81,0,0,178,,
2022-09-01,18:45,25.6,18.9,67,WEST,29,35.4,1015.44,3.81,0,0,118,,
2022-09-01,19:00,25.2,18.9,69,WEST,20.9,40.2,1015.34,3.81,0,0,74,,
2022-09-01,19:15,25,19.4,72,WNW,22.5,32.2,1015.24,3.81,0,0,35,,
2022-09-01,19:30,24.7,19.4,74,NW,25.7,32.2,1015.34,3.81,0,0,19,,
2022-09-01,19:45,24.3,20,76,WNW,16.1,27.4,1015.37,3.81,0,0,11,,
2022-09-01,20:00,23.9,19.4,78,WNW,12.9,22.5,1015.41,3.81,0,0,0,,
2022-09-01,20:15,23.7,20,80,WNW,14.5,22.5,1015.31,3.81,0,0,0,,
2022-09-01,20:30,23.5,20,81,WNW,14.5,19.3,1015.61,3.81,0,0,0,,
2022-09-01,20:45,23.3,20,83,WNW,14.5,19.3,1015.85,3.81,0,0,0,,
2022-09-01,21:00,23,20,85,WNW,8,19.3,1016.05,3.81,0,0,0,,
2022-09-01,21:15,22.8,20,86,NNW,4.8,11.3,1016.12,3.81,0,0,0,,
2022-09-01,21:30,22.7,20,87,WEST,17.7,14.5,1016.02,3.81,0,0,0,,
2022-09-01,21:45,22.6,20,86,WEST,9.7,24.1,1016.02,3.81,0,0,0,,
2022-09-01,22:00,22.5,20,86,WEST,3.2,14.5,1015.95,3.81,0,0,0,,
2022-09-01,22:15,22.2,19.4,85,WEST,6.4,11.3,1016.09,3.81,0,0,0,,
2022-09-01,22:30,21.4,18.9,86,NORTH,0,1.6,1016.19,3.81,0,0,0,,
2022-09-01,22:45,21.2,18.9,87,NORTH,0,1.6,1016.12,3.81,0,0,0,,
2022-09-01,23:00,20.4,17.8,87,NORTH,0,4.8,1016.15,3.81,0,0,0,,
2022-09-01,23:15,20.3,18.3,88,WEST,1.6,4.8,1016.29,3.81,0,0,0,,
2022-09-01,23:30,20,17.8,89,WEST,3.2,3.2,1016.19,3.81,0,0,0,,
2022-09-01,23:45,20.8,18.9,90,NORTH,0,1.6,1016.32,3.81,0,0,0,,
2022-09-01,OVR,,,,,,,,,,,,gustmax,41.8
2022-09-01,OVR,,,,,,,,,,,,rainrate_max,34.4
2022-09-01,OVR,,,,,,,,,,,,rain_total_mm,3.8
2022-09-01,OVR,,,,,,,,,,,,tmax,28.1
2022-09-01,OVR,,,,,,,,,,,,tmin,19.9
2022-09-01,OVR,,,,,,,,,,,,wind_dir_mean_deg,292.5
2022-09-02,00:00,20.6,18.9,90,WEST,1.6,1.6,1016.39,0,0,0,0,,
2022-09-02,00:15,20.6,18.9,90,WEST,1.6,4.8,1016.42,0,0,0,0,,
2022-09-02,00:30,20.6,18.9,91,WEST,1.6,3.2,1016.42,0,0,0,0,,
2022-09-02,00:45,20.4,18.9,92,NORTH,0,4.8,1016.39,0,0,0,0,,
2022-09-02,01:00,20.3,18.9,92,WEST,3.2,4.8,1016.32,0,0,0,0,,
2022-09-02,01:15,20.7,19.4,92,NORTH,0,4.8,1016.42,0,0,0,0,,
2022-09-02,01:30,21.1,19.4,93,NORTH,0,4.8,1016.32,0,0,0,0,,
2022-09-02,01:45,21.2,19.4,92,NORTH,0,4.8,1016.22,0,0,0,0,,
2022-09-02,02:00,20.7,19.4,92,NORTH,0,1.6,1016.05,0,0,0,0,,
2022-09-02,02:15,20.5,18.9,93,WEST,3.2,4.8,1015.88,0,0,0,0,,
2022-09-02,02:30,20.2,18.9,93,NNE,3.2,6.4,1015.78,0,0,0,0,,
2022-09-02,02:45,20.2,18.9,92,NORTH,1.6,8,1015.65,0,0,0,0,,
2022-09-02,03:00,20.3,18.9,92,NORTH,3.2,3.2,1015.48,0,0,0,0,,
2022-09-02,03:15,19.7,18.3,92,NE,1.6,4.8,1015.24,0,0,0,0,,
2022-09-02,03:30,19.7,18.3,92,EAST,1.6,4.8,1015.24,0,0,0,0,,
2022-09-02,03:45,19.1,17.2,89,EAST,3.2,4.8,1014.97,0,0,0,0,,
2022-09-02,04:00,19.3,16.1,83,EAST,4.8,4.8,1014.8,0,0,0,0,,
2022-09-02,04:15,19.6,16.1,80,EAST,3.2,6.4,1014.8,0,0,0,0,,
2022-09-02,04:30,19.8,15.6,77,EAST,1.6,4.8,1015.07,0,0,0,0,,
2022-09-02,04:45,19.3,15,76,EAST,3.2,3.2,1014.9,0,0,0,0,,
2022-09-02,05:00,19.1,14.4,76,EAST,1.6,6.4,1015.1,0,0,0,0,,
2022-09-02,05:15,19.4,15,77,EAST,3.2,4.8,1015.1,0,0,0,0,,
2022-09-02,05:30,19.6,15.6,79,EAST,3.2,3.2,1015.37,0,0,0,0,,
2022-09-02,05:45,18.8,16.1,85,EAST,3.2,6.4,1015.34,0,0,0,0,,
2022-09-02,06:00,18.9,16.1,84,EAST,3.2,4.8,1015.41,0,0,0,0,,
2022-09-02,06:15,19.6,16.1,81,EAST,3.2,4.8,1015.34,0,0,0,0,,
2022-09-02,06:30,20.4,16.1,76,EAST,3.2,4.8,1015.21,0,0,0,0,,
2022-09-02,06:45,18.9,15,77,EAST,4.8,6.4,1015.48,0,0,0,0,,
2022-09-02,07:00,18.7,14.4,77,EAST,1.6,3.2,1015.44,0,0,0,0,,
2022-09-02,07:15,18.9,14.4,77,EAST,1.6,4.8,1015.48,0,0,0,18,,
2022-09-02,07:30,19.4,14.4,75,EAST,1.6,3.2,1015.71,0,0,0,63,,
2022-09-02,07:45,20.3,14.4,71,EAST,1.6,4.8,1015.58,0,0,0,107,,
2022-09-02,08:00,20.9,14.4,68,EAST,1.6,3.2,1015.82,0,0,0,144,,
2022-09-02,08:15,22.1,13.3,59,NORTH,0,3.2,1015.71,0,0,0,162,,
2022-09-02,08:30,21.9,16.1,70,NORTH,0,3.2,1015.75,0,0,0,216,,
2022-09-02,08:45,22.7,16.7,69,EAST,1.6,1.6,1015.82,0,0,1,248,,
2022-09-02,09:00,23.1,16.7,68,EAST,1.6,6.4,1015.95,0,0,1,241,,
2022-09-02,09:15,24.1,16.1,62,NORTH,0,4.8,1016.05,0,0,1,353,,
2022-09-02,09:30,24.4,16.1,60,NORTH,0,3.2,1015.92,0,0,1,357,,
2022-09-02,09:45,24.7,16.7,61,NORTH,0,3.2,1015.95,0,0,2,431,,
2022-09-02,10:00,25.5,16.7,58,NORTH,0,6.4,1016.36,0,0,2,533,,
2022-09-02,10:15,25.7,15.6,54,WEST,3.2,9.7,1016.29,0,0,2,570,,
2022-09-02,10:30,26.1,15,51,WNW,3.2,9.7,1016.22,0,0,3,575,,
2022-09-02,10:45,26.8,15.6,51,NW,4.8,6.4,1016.36,0,0,3,668,,
2022-09-02,11:00,27.3,16.1,50,NW,6.4,6.4,1016.32,0,0,3,475,,
2022-09-02,11:15,27.7,15,47,NORTH,0,11.3,1016.29,0,0,3,638,,
2022-09-02,11:30,27.9,13.3,41,SSE,3.2,17.7,1016.05,0,0,3,485,,
2022-09-02,11:45,28.2,13.9,42,NW,4.8,11.3,1015.95,0,0,3,626,,
2022-09-02,12:00,28.7,14.4,41,,4.8,6.4,1015.98,0,0,4,773,,
2022-09-02,12:15,29.2,13.9,39,SOUTH,1.6,9.7,1015.78,0,0,5,851,,
2022-09-02,12:30,29.3,13.3,38,SSE,8,16.1,1015.71,0,0,5,856,,
2022-09-02,12:45,29.7,12.8,36,ESE,9.7,16.1,1015.85,0,0,4,905,,
2022-09-02,13:00,30.2,12.8,35,WSW,6.4,16.1,1015.61,0,0,5,861,,
2022-09-02,13:15,29.9,12.2,34,NW,6.4,14.5,1015.54,0,0,5,592,,
2022-09-02,13:30,29.9,11.7,33,SSE,3.2,11.3,1015.61,0,0,4,490,,
2022-09-02,13:45,30.4,11.7,32,WSW,6.4,12.9,1015.37,0,0,5,858,,
2022-09-02,14:00,30.6,11.7,32,SSE,12.9,12.9,1015.44,0,0,3,492,,
2022-09-02,14:15,30.5,11.7,32,SSE,4.8,12.9,1015.37,0,0,3,489,,
2022-09-02,14:30,30.6,11.7,32,SSE,12.9,11.3,1015.34,0,0,3,545,,
2022-09-02,14:45,31.3,12.2,31,WEST,9.7,16.1,1015.24,0,0,4,795,,
2022-09-02,15:00,31.9,11.7,29,SW,6.4,16.1,1015.07,0,0,4,803,,
2022-09-02,15:15,31.6,12.8,31,SSE,12.9,25.7,1014.87,0,0,4,766,,
2022-09-02,15:30,31.3,15.6,39,ESE,14.5,32.2,1014.77,0,0,4,703,,
2022-09-02,15:45,30.8,16.7,43,SE,19.3,33.8,1014.43,0,0,3,636,,
2022-09-02,16:00,30.2,16.1,43,SE,6.4,27.4,1014.56,0,0,3,606,,
2022-09-02,16:15,30.5,15.6,41,SSE,6.4,27.4,1014.63,0,0,3,575,,
2022-09-02,16:30,30.3,14.4,39,SE,14.5,30.6,1014.63,0,0,2,529,,
2022-09-02,16:45,30.8,15,38,SSE,9.7,19.3,1014.83,0,0,2,485,,
2022-09-02,17:00,30.5,14.4,38,NORTH,0,25.7,1014.56,0,0,2,439,,
2022-09-02,17:15,30.7,14.4,38,SE,6.4,16.1,1014.36,0,0,1,390,,
2022-09-02,17:30,30.4,15,40,SSE,16.1,24.1,1014.56,0,0,1,350,,
2022-09-02,17:45,30.1,16.1,43,SE,17.7,25.7,1014.6,0,0,1,304,,
2022-09-02,18:00,29.9,16.7,45,SE,11.3,19.3,1014.77,0,0,1,257,,
2022-09-02,18:15,29.4,15.6,44,ESE,16.1,25.7,1014.83,0,0,0,200,,
2022-09-02,18:30,28.7,17.8,51,SSE,17.7,27.4,1014.77,0,0,0,125,,
2022-09-02,18:45,27.9,17.2,53,ESE,9.7,25.7,1014.8,0,0,0,40,,
2022-09-02,19:00,27.3,16.7,53,SE,4.8,20.9,1014.97,0,0,0,42,,
2022-09-02,19:15,27.1,16.7,53,SSE,3.2,19.3,1015.07,0,0,0,40,,
2022-09-02,19:30,26.6,17.2,57,SE,8,17.7,1014.6,0,0,0,30,,
2022-09-02,19:45,26.2,18.3,62,SE,17.7,20.9,1014.77,0,0,0,19,,
2022-09-02,20:00,25.8,18.9,65,SE,11.3,19.3,1014.66,0,0,0,0,,
2022-09-02,20:15,25.5,18.9,68,ESE,8,12.9,1014.93,0,0,0,0,,
2022-09-02,20:30,25.3,19.4,70,SE,6.4,19.3,1014.87,0,0,0,0,,
2022-09-02,20:45,25.1,18.9,70,ESE,16.1,19.3,1014.77,0,0,0,0,,
2022-09-02,21:00,24.9,18.3,68,ESE,6.4,14.5,1014.93,0,0,0,0,,
2022-09-02,21:15,24.8,18.3,69,ESE,6.4,12.9,1014.97,0,0,0,0,,
2022-09-02,21:30,24.9,18.3,68,ESE,3.2,14.5,1015.21,0,0,0,0,,
2022-09-02,21:45,24.7,18.9,71,ESE,3.2,6.4,1015.44,0,0,0,0,,
2022-09-02,22:00,24.7,20,75,ESE,4.8,12.9,1015.68,0,0,0,0,,
2022-09-02,22:15,24.3,21.1,82,ESE,6.4,14.5,1015.44,0,0,0,0,,
2022-09-02,22:30,24.2,21.1,85,SE,12.9,16.1,1015.24,0,0,0,0,,
2022-09-02,22:45,23.9,21.1,87,SE,8,16.1,1015.37,0,0,0,0,,
2022-09-02,23:00,23.8,21.7,88,ESE,14.5,19.3,1015.34,0,0,0,0,,
2022-09-02,23:15,23.7,21.7,89,SE,12.9,19.3,1015.44,0,0,0,0,,
2022-09-02,23:30,23.7,21.7,90,SE,12.9,22.5,1015.34,0,0,0,0,,
2022-09-02,23:45,23.6,21.7,91,ESE,17.7,22.5,1015.31,0,0,0,0,,
2022-09-02,OVR,,,,,,,,,,,,gustmax,19.3
2022-09-02,OVR,,,,,,,,,,,,rainrate_max,0
2022-09-02,OVR,,,,,,,,,,,,rain_total_mm,0
2022-09-02,OVR,,,,,,,,,,,,tmax,32.1
2022-09-02,OVR,,,,,,,,,,,,tmin,18.4
2022-09-02,OVR,,,,,,,,,,,,wind_dir_mean_deg,67.5
2022-09-03,00:00,23.5,21.7,91,ESE,16.1,24.1,1015.34,0,0,0,0,,
2022-09-03,00:15,23.4,21.7,91,SE,17.7,24.1,1015.41,0,0,0,0,,
2022-09-03,00:30,23.3,21.7,92,ESE,12.9,22.5,1015.34,0,0,0,0,,
2022-09-03,00:45,23.3,21.7,92,ESE,14.5,24.1,1015.37,0,0,0,0,,
2022-09-03,01:00,23.3,21.7,92,ESE,22.5,27.4,1015.37,0,0,0,0,,
2022-09-03,01:15,23.3,21.7,92,ESE,20.9,29,1015.31,0,0,0,0,,
2022-09-03,01:30,23.2,21.7,92,SE,17.7,24.1,1015.14,0,0,0,0,,
2022-09-03,01:45,23,21.7,92,ESE,12.9,19.3,1014.87,0,0,0,0,,
2022-09-03,02:00,22.9,21.1,92,ESE,4.8,19.3,1015.17,0,0,0,0,,
2022-09-03,02:15,22.8,21.1,92,ESE,6.4,16.1,1015.21,0,0,0,0,,
2022-09-03,02:30,22.7,21.1,92,ESE,6.4,14.5,1015.61,0,0,0,0,,
2022-09-03,02:45,22.8,21.1,91,SE,14.5,22.5,1015.34,0,0,0,0,,
2022-09-03,03:00,22.9,21.1,90,SE,14.5,22.5,1015.31,0,0,0,0,,
2022-09-03,03:15,23.1,21.1,90,SE,14.5,20.9,1015.54,0,0,0,0,,
2022-09-03,03:30,23.1,21.1,91,ESE,12.9,20.9,1015.27,0,0,0,0,,
2022-09-03,03:45,23.2,21.1,90,SE,20.9,22.5,1015.17,0,0,0,0,,
2022-09-03,04:00,23.2,21.7,91,ESE,16.1,22.5,1015.07,0,0,0,0,,
2022-09-03,04:15,23.2,21.7,91,ESE,16.1,24.1,1014.87,0,0,0,0,,
2022-09-03,04:30,23.2,21.7,90,SE,12.9,24.1,1014.66,0,0,0,0,,
2022-09-03,04:45,23.1,21.1,91,ESE,12.9,20.9,1014.73,0,0,0,0,,
2022-09-03,05:00,23.1,21.1,90,ESE,16.1,22.5,1015.07,0,0,0,0,,
2022-09-03,05:15,23.1,21.1,90,ESE,9.7,19.3,1015.17,0,0,0,0,,
2022-09-03,05:30,22.4,20,88,EAST,6.4,12.9,1014.87,0,0,0,0,,
2022-09-03,05:45,21.6,18.9,87,ESE,4.8,9.7,1014.93,0,0,0,0,,
2022-09-03,06:00,21.4,18.9,86,ESE,9.7,12.9,1014.63,0,0,0,0,,
2022-09-03,06:15,21.9,18.9,84,ESE,6.4,14.5,1014.36,0,0,0,0,,
2022-09-03,06:30,22.8,20.6,87,SE,11.3,19.3,1014.29,0,0,0,0,,
2022-09-03,06:45,22.9,20.6,88,ESE,11.3,22.5,1014.29,0,0,0,0,,
2022-09-03,07:00,23.1,21.1,90,ESE,12.9,22.5,1014.36,0,0,0,9,,
2022-09-03,07:15,22.9,21.1,90,SE,17.7,22.5,1014.46,0,0,0,14,,
2022-09-03,07:30,23.1,21.1,90,ESE,11.3,22.5,1014.26,0,0,0,40,,
2022-09-03,07:45,23.1,21.1,90,ESE,25.7,25.7,1014.09,0,0,0,62,,
2022-09-03,08:00,22.3,20,87,ESE,6.4,20.9,1014.16,0,0,0,72,,
2022-09-03,08:15,23.2,21.1,89,SE,14.5,22.5,1014.22,0,0,0,100,,
2022-09-03,08:30,23.6,21.7,89,ESE,14.5,24.1,1014.19,0,0,0,107,,
2022-09-03,08:45,23.7,21.7,90,SE,6.4,19.3,1014.29,0,0,0,98,,
2022-09-03,09:00,23.8,22.2,90,ESE,9.7,16.1,1014.56,0,0,0,132,,
2022-09-03,09:15,24,22.2,90,SE,3.2,16.1,1014.8,0,0,1,141,,
2022-09-03,09:30,24.7,22.2,87,SE,1.6,14.5,1015.07,0,0,1,155,,
2022-09-03,09:45,24.7,22.2,87,SE,6.4,16.1,1015.1,0,0,1,251,,
2022-09-03,10:00,25,22.2,85,SSE,8,14.5,1015.41,0,0,2,568,,
2022-09-03,10:15,25.8,21.7,79,SSE,4.8,12.9,1015.37,0,0,2,555,,
2022-09-03,10:30,26.8,21.1,73,SSW,1.6,11.3,1015.51,0,0,3,603,,
2022-09-03,10:45,27.2,20.6,68,WEST,3.2,11.3,1015.71,0,0,3,657,,
2022-09-03,11:00,27.9,20.6,65,WNW,1.6,12.9,1015.65,0,0,3,670,,
2022-09-03,11:15,28.4,19.4,58,NORTH,0,14.5,1015.58,0,0,4,710,,
2022-09-03,11:30,29.2,17.8,51,WSW,11.3,16.1,1015.61,0,0,4,765,,
2022-09-03,11:45,29.9,18.3,50,WSW,4.8,19.3,1015.41,0,0,3,429,,
2022-09-03,12:00,30.2,17.8,48,WNW,19.3,17.7,1015.31,0,0,4,636,,
2022-09-03,12:15,30.1,18.3,50,SSE,8,17.7,1015.34,0,0,3,445,,
2022-09-03,12:30,30.2,17.2,46,WNW,8,12.9,1015.24,0,0,2,357,,
2022-09-03,12:45,30.3,17.2,46,NORTH,4.8,14.5,1015.31,0,0,2,292,,
2022-09-03,13:00,29.7,17.2,47,SOUTH,3.2,16.1,1015.14,0,0,2,248,,
2022-09-03,13:15,29.8,17.2,47,WEST,12.9,14.5,1015.14,0,0,2,274,,
2022-09-03,13:30,29.8,18.3,50,WNW,11.3,16.1,1015.24,0,0,2,367,,
2022-09-03,13:45,29.9,17.8,49,WNW,14.5,20.9,1015.37,0,0,3,346,,
2022-09-03,14:00,29.7,18.3,50,WNW,11.3,20.9,1015.54,0,0,3,343,,
2022-09-03,14:15,29.7,17.8,50,WNW,12.9,29,1015.75,0,0,3,330,,
2022-09-03,14:30,29.6,17.8,50,WNW,16.1,29,1015.71,0,0,2,269,,
2022-09-03,14:45,29.2,18.9,54,NW,17.7,30.6,1015.85,0,0,2,271,,
2022-09-03,15:00,29.3,19.4,57,WNW,29,29,1015.54,0,0,2,295,,
2022-09-03,15:15,29.2,18.9,54,NW,16.1,33.8,1015.27,0,0,2,325,,
2022-09-03,15:30,30,19.4,54,WNW,20.9,33.8,1015.17,0,0,3,673,,
2022-09-03,15:45,30.2,18.3,49,WEST,20.9,38.6,1015.24,0,0,3,715,,
2022-09-03,16:00,30.2,18.3,50,WNW,17.7,30.6,1014.97,0,0,3,490,,
2022-09-03,16:15,30.9,18.3,47,WNW,19.3,32.2,1015.07,0,0,3,587,,
2022-09-03,16:30,30.8,16.7,43,ENE,25.7,43.5,1015.24,0,0,2,548,,
2022-09-03,16:45,30.6,18.3,47,WNW,22.5,41.8,1015.37,0,0,2,504,,
2022-09-03,17:00,30.6,17.8,47,WEST,30.6,41.8,1015.48,0,0,2,461,,
2022-09-03,17:15,30.5,17.2,45,WEST,24.1,35.4,1015.34,0,0,2,411,,
2022-09-03,17:30,30.1,18.3,49,WEST,29,38.6,1015.61,0,0,1,371,,
2022-09-03,17:45,29.3,18.3,53,WEST,16.1,37,1015.27,0,0,1,86,,
2022-09-03,18:00,28.7,17.8,53,WNW,20.9,32.2,1015.24,0,0,0,137,,
2022-09-03,18:15,28.7,17.8,53,WEST,37,32.2,1015.54,0,0,1,330,,
2022-09-03,18:30,28.7,17.8,52,WEST,35.4,35.4,1015.58,0,0,0,105,,
2022-09-03,18:45,28.1,17.8,54,WNW,16.1,32.2,1015.61,0,0,0,60,,
2022-09-03,19:00,27.7,18.9,59,WNW,19.3,30.6,1015.65,0,0,0,97,,
2022-09-03,19:15,27.3,19.4,63,WNW,14.5,30.6,1015.68,0,0,0,39,,
2022-09-03,19:30,26.9,19.4,65,WEST,17.7,25.7,1015.78,0,0,0,26,,
2022-09-03,19:45,26.6,20,67,WEST,14.5,32.2,1015.92,0,0,0,0,,
2022-09-03,20:00,26.3,20,70,WEST,16.1,27.4,1016.15,0,0,0,0,,
2022-09-03,20:15,25.9,20.6,73,WNW,11.3,27.4,1016.12,0,0,0,0,,
2022-09-03,20:30,25.5,20.6,74,NW,6.4,17.7,1015.98,0,0,0,0,,
2022-09-03,20:45,25.3,20.6,76,WNW,6.4,14.5,1016.49,0,0,0,0,,
2022-09-03,21:00,25.2,21.1,79,WNW,6.4,17.7,1016.49,0,0,0,0,,
2022-09-03,21:15,24.9,21.1,81,WNW,8,16.1,1016.59,0,0,0,0,,
2022-09-03,21:30,24.3,21.1,83,NORTH,3.2,4.8,1016.32,0,0,0,0,,
2022-09-03,21:45,23.7,21.1,85,NORTH,0,3.2,1016.42,0,0,0,0,,
2022-09-03,22:00,23.7,21.1,86,NORTH,3.2,4.8,1016.76,0,0,0,0,,
2022-09-03,22:15,23.5,20.6,86,ENE,1.6,6.4,1016.63,0,0,0,0,,
2022-09-03,22:30,23.2,19.4,81,EAST,4.8,6.4,1016.86,0,0,0,0,,
2022-09-03,22:45,23.8,18.3,72,EAST,1.6,6.4,1016.59,0,0,0,0,,
2022-09-03,23:00,23.7,17.2,69,EAST,3.2,6.4,1016.59,0,0,0,0,,
2022-09-03,23:15,24.1,17.2,67,EAST,1.6,4.8,1016.56,0,0,0,0,,
2022-09-03,23:30,24.7,18.3,69,EAST,4.8,3.2,1016.53,0,0,0,0,,
2022-09-03,23:45,23.6,17.8,71,ENE,6.4,8,1016.22,0,0,0,0,,
2022-09-03,OVR,,,,,,,,,,,,gustmax,37
2022-09-03,OVR,,,,,,,,,,,,rainrate_max,0
2022-09-03,OVR,,,,,,,,,,,,rain_total_mm,0
2022-09-03,OVR,,,,,,,,,,,,tmax,31.1
2022-09-03,OVR,,,,,,,,,,,,tmin,21.3
2022-09-03,OVR,,,,,,,,,,,,wind_dir_mean_deg,135
2022-09-04,00:00,24.1,17.8,69,EAST,4.8,8,1016.19,0,0,0,0,,
2022-09-04,00:15,24,17.8,69,EAST,3.2,4.8,1016.56,0,0,0,0,,
2022-09-04,00:30,24.2,17.2,65,SSE,6.4,16.1,1016.7,0,0,0,0,,
2022-09-04,00:45,24.1,18.9,74,SSE,4.8,14.5,1017.71,0,0,0,0,,
2022-09-04,01:00,23.9,19.4,77,SSE,8,14.5,1018.56,0,0,0,0,,
2022-09-04,01:15,23.3,20.6,85,SE,8,16.1,1018.63,0,0,0,0,,
2022-09-04,01:30,23.2,20.6,87,NORTH,0,11.3,1018.86,0,0,0,0,,
2022-09-04,01:45,23.3,21.1,87,SE,8,8,1018.9,0,0,0,0,,
2022-09-04,02:00,23.5,20.6,85,SE,3.2,11.3,1019.07,0,0,0,0,,
2022-09-04,02:15,24.5,20,76,NORTH,0,16.1,1019.03,0,0,0,0,,
2022-09-04,02:30,24.5,19.4,75,SOUTH,1.6,9.7,1018.46,0,0,0,0,,
2022-09-04,02:45,24.7,19.4,73,SW,4.8,8,1018.66,0,0,0,0,,
2022-09-04,03:00,24.7,18.9,70,NORTH,0,9.7,1018.56,0,0,0,0,,
2022-09-04,03:15,25.7,17.8,62,SE,11.3,33.8,1016.86,0,0,0,0,,
2022-09-04,03:30,25.4,17.8,63,SOUTH,4.8,9.7,1017.34,0,0,0,0,,
2022-09-04,03:45,24.2,18.3,70,ESE,3.2,4.8,1017.68,0,0,0,0,,
2022-09-04,04:00,23.6,18.9,77,ENE,1.6,12.9,1017.68,0,0,0,0,,
2022-09-04,04:15,22.9,18.9,79,ESE,6.4,9.7,1017.98,0,0,0,0,,
2022-09-04,04:30,23.3,18.9,78,ESE,3.2,11.3,1017.64,0,0,0,0,,
2022-09-04,04:45,22.8,18.9,78,ESE,4.8,9.7,1017.27,0,0,0,0,,
2022-09-04,05:00,22.9,18.9,78,NORTH,0,4.8,1017.88,0,0,0,0,,
2022-09-04,05:15,22.9,18.9,78,NORTH,0,4.8,1017.95,0,0,0,0,,
2022-09-04,05:30,23,18.9,78,,3.2,12.9,1018.05,0,0,0,0,,
2022-09-04,05:45,22.3,18.3,80,EAST,6.4,6.4,1017.64,0,0,0,0,,
2022-09-04,06:00,23.3,18.9,78,ENE,3.2,12.9,1017.44,0,0,0,0,,
2022-09-04,06:15,23.4,18.9,76,EAST,6.4,11.3,1017.27,0,0,0,0,,
2022-09-04,06:30,23.2,18.3,76,ESE,4.8,6.4,1017.54,0,0,0,0,,
2022-09-04,06:45,23.2,18.3,74,EAST,4.8,6.4,1017.78,0,0,0,0,,
2022-09-04,07:00,22.6,17.8,75,NORTH,0,4.8,1017.95,0,0,0,0,,
2022-09-04,07:15,23.1,17.8,73,EAST,3.2,6.4,1018.22,0,0,0,7,,
2022-09-04,07:30,23.2,17.8,72,NORTH,0,4.8,1018.22,0,0,0,12,,
2022-09-04,07:45,23.6,17.8,70,ESE,3.2,6.4,1018.46,0,0,0,26,,
2022-09-04,08:00,24.4,17.8,67,NORTH,0,4.8,1018.63,0,0,0,49,,
2022-09-04,08:15,24.7,18.3,68,NORTH,0,1.6,1018.42,0,0,0,160,,
2022-09-04,08:30,25.9,18.3,63,ESE,1.6,1.6,1018.52,0,0,0,225,,
2022-09-04,08:45,26.3,18.3,63,WEST,3.2,9.7,1018.52,0,0,1,153,,
2022-09-04,09:00,26.4,18.9,64,WEST,1.6,9.7,1018.49,0,0,1,102,,
2022-09-04,09:15,26.5,19.4,65,WNW,11.3,17.7,1018.76,0,0,1,346,,
2022-09-04,09:30,26.6,19.4,66,WEST,14.5,17.7,1018.8,0,0,1,294,,
2022-09-04,09:45,26.9,20,66,WEST,6.4,25.7,1018.93,0,0,2,438,,
2022-09-04,10:00,27.3,20,65,WEST,19.3,29,1018.93,0,0,2,508,,
2022-09-04,10:15,27.7,20,63,WEST,12.9,27.4,1018.9,0,0,2,552,,
2022-09-04,10:30,27.7,20,63,WNW,14.5,27.4,1019.07,0,0,3,594,,
2022-09-04,10:45,28.2,19.4,61,WNW,14.5,35.4,1019.24,0,0,3,636,,
2022-09-04,11:00,28.4,20,61,WNW,8,37,1019.44,0,0,3,673,,
2022-09-04,11:15,28.6,20.6,61,WEST,22.5,37,1019.54,0,0,3,700,,
2022-09-04,11:30,28.8,20.6,62,WNW,16.1,33.8,1019.61,0,0,4,719,,
2022-09-04,11:45,28.2,20.6,64,WEST,22.5,30.6,1019.64,0,0,4,745,,
2022-09-04,12:00,28.8,20.6,62,WEST,17.7,37,1019.91,0,0,4,761,,
2022-09-04,12:15,28.9,20.6,61,WNW,16.1,35.4,1020.08,0,0,4,788,,
2022-09-04,12:30,28.8,20.6,61,ENE,16.1,37,1020.12,0,0,5,795,,
2022-09-04,12:45,29.2,20,58,WEST,16.1,32.2,1020.05,0,0,5,805,,
2022-09-04,13:00,29.7,18.9,52,WEST,16.1,37,1020.05,0,0,5,812,,
2022-09-04,13:15,30.1,18.3,50,SW,4.8,29,1019.81,0,0,5,816,,
2022-09-04,13:30,30.1,18.9,51,WNW,16.1,41.8,1019.57,0,0,5,812,,
2022-09-04,13:45,30.1,19.4,53,WSW,14.5,30.6,1019.81,0,0,5,802,,
2022-09-04,14:00,30.3,19.4,53,ENE,16.1,37,1019.78,0,0,5,795,,
2022-09-04,14:15,30,19.4,54,WNW,19.3,48.3,1019.78,0,0,5,777,,
2022-09-04,14:30,30.3,19.4,52,WNW,19.3,41.8,1019.88,0,0,4,759,,
2022-09-04,14:45,30.6,18.9,50,WEST,20.9,38.6,1019.98,0,0,4,744,,
2022-09-04,15:00,30.2,18.3,49,WNW,20.9,29,1019.98,0,0,4,708,,
2022-09-04,15:15,30.6,18.9,51,WEST,16.1,25.7,1019.98,0,0,4,694,,
2022-09-04,15:30,30.8,18.9,49,WNW,16.1,29,1019.61,0,0,3,679,,
2022-09-04,15:45,30.7,17.8,47,WEST,22.5,29,1019.44,0,0,3,645,,
2022-09-04,16:00,30.4,16.1,43,NW,17.7,38.6,1019.4,0,0,3,613,,
2022-09-04,16:15,30.4,16.7,44,WNW,12.9,29,1019.57,0,0,3,561,,
2022-09-04,16:30,30.8,16.1,41,WNW,11.3,32.2,1019.54,0,0,2,534,,
2022-09-04,16:45,30.7,16.7,43,NE,9.7,33.8,1019.51,0,0,2,473,,
2022-09-04,17:00,30.7,16.1,42,WEST,3.2,32.2,1019.51,0,0,2,438,,
2022-09-04,17:15,30.8,16.1,41,WNW,12.9,30.6,1019.34,0,0,1,374,,
2022-09-04,17:30,31,16.1,41,WEST,16.1,22.5,1019.37,0,0,1,334,,
2022-09-04,17:45,30.8,16.7,44,EAST,8,20.9,1019.51,0,0,1,304,,
2022-09-04,18:00,30.6,17.2,45,WEST,14.5,24.1,1019.37,0,0,1,251,,
2022-09-04,18:15,30.3,17.8,48,WSW,3.2,22.5,1019.44,0,0,0,211,,
2022-09-04,18:30,29.8,18.9,53,WNW,14.5,22.5,1019.37,0,0,0,86,,
2022-09-04,18:45,29.6,19.4,56,NORTH,14.5,17.7,1019.37,0,0,0,139,,
2022-09-04,19:00,29.2,20,58,WNW,9.7,16.1,1019.34,0,0,0,65,,
2022-09-04,19:15,28.8,19.4,58,WEST,4.8,12.9,1019.27,0,0,0,37,,
2022-09-04,19:30,28.3,19.4,60,WEST,4.8,14.5,1019.44,0,0,0,19,,
2022-09-04,19:45,27.8,20,63,WEST,1.6,12.9,1019.4,0,0,0,0,,
2022-09-04,20:00,27.2,20,66,NORTH,0,3.2,1019.57,0,0,0,0,,
2022-09-04,20:15,26.8,20.6,69,NORTH,0,4.8,1019.57,0,0,0,0,,
2022-09-04,20:30,25.9,20,70,NORTH,0,4.8,1019.57,0,0,0,0,,
2022-09-04,20:45,25.2,20,73,EAST,4.8,6.4,1019.88,0,0,0,0,,
2022-09-04,21:00,25.9,20.6,73,NE,14.5,16.1,1020.01,0,0,0,0,,
2022-09-04,21:15,26.3,21.1,73,EAST,6.4,20.9,1020.25,0,0,0,0,,
2022-09-04,21:30,26.2,21.1,74,ENE,12.9,19.3,1020.52,0,0,0,0,,
2022-09-04,21:45,25.9,21.1,75,ENE,16.1,20.9,1020.39,0,0,0,0,,
2022-09-04,22:00,25.6,21.1,76,ENE,14.5,17.7,1020.56,0,0,0,0,,
2022-09-04,22:15,25.3,20.6,77,ENE,16.1,17.7,1020.62,0,0,0,0,,
2022-09-04,22:30,25.1,20.6,77,EAST,12.9,19.3,1020.62,0,0,0,0,,
2022-09-04,22:45,24.8,20.6,77,EAST,9.7,16.1,1020.66,0,0,0,0,,
2022-09-04,23:00,24.7,20.6,77,EAST,9.7,16.1,1020.83,0,0,0,0,,
2022-09-04,23:15,24.7,20,77,EAST,12.9,17.7,1020.93,0,0,0,0,,
2022-09-04,23:30,24.5,20,78,EAST,9.7,17.7,1020.96,0,0,0,0,,
2022-09-04,23:45,24.2,20,79,EAST,11.3,14.5,1021.23,0,0,0,0,,
2022-09-04,OVR,,,,,,,,,,,,gustmax,22.5
2022-09-04,OVR,,,,,,,,,,,,rainrate_max,0
2022-09-04,OVR,,,,,,,,,,,,rain_total_mm,0
2022-09-04,OVR,,,,,,,,,,,,tmax,31.1
2022-09-04,OVR,,,,,,,,,,,,tmin,22.3
2022-09-04,OVR,,,,,,,,,,,,wind_dir_mean_deg,180
2022-09-05,00:00,24,20,78,EAST,8,16.1,1021.2,0,0,0,0,,
2022-09-05,00:15,24.1,19.4,76,ENE,8,17.7,1021.23,0,0,0,0,,
2022-09-05,00:30,24.1,19.4,76,EAST,9.7,17.7,1021.2,0,0,0,0,,
2022-09-05,00:45,24.2,19.4,75,NE,6.4,20.9,1021.03,0,0,0,0,,
2022-09-05,01:00,24.1,19.4,75,ENE,9.7,20.9,1020.89,0,0,0,0,,
2022-09-05,01:15,23.8,18.9,76,EAST,6.4,16.1,1020.96,0,0,0,0,,
2022-09-05,01:30,23.8,19.4,77,ESE,9.7,14.5,1020.89,0,0,0,0,,
2022-09-05,01:45,23.7,19.4,77,EAST,6.4,17.7,1020.89,0,0,0,0,,
2022-09-05,02:00,23.6,19.4,77,EAST,6.4,14.5,1021,0,0,0,0,,
2022-09-05,02:15,23.6,18.9,77,EAST,9.7,16.1,1021.23,0,0,0,0,,
2022-09-05,02:30,23.6,18.9,77,EAST,11.3,16.1,1021.13,0,0,0,0,,
2022-09-05,02:45,23.4,18.9,77,EAST,3.2,14.5,1021.03,0,0,0,0,,
2022-09-05,03:00,23.2,18.9,78,EAST,11.3,12.9,1020.83,0,0,0,0,,
2022-09-05,03:15,23.1,18.9,78,EAST,4.8,12.9,1020.83,0,0,0,0,,
2022-09-05,03:30,23.1,18.9,77,EAST,4.8,11.3,1020.83,0,0,0,0,,
2022-09-05,03:45,23.4,18.9,76,EAST,6.4,16.1,1020.66,0,0,0,0,,
2022-09-05,04:00,23.7,18.3,74,ESE,6.4,22.5,1020.66,0,0,0,0,,
2022-09-05,04:15,23.6,18.3,74,ESE,6.4,16.1,1020.69,0,0,0,0,,
2022-09-05,04:30,23.4,18.3,74,ESE,6.4,17.7,1020.56,0,0,0,0,,
2022-09-05,04:45,23.5,18.3,74,EAST,16.1,17.7,1020.45,0,0,0,0,,
2022-09-05,05:00,23.4,18.3,74,EAST,8,17.7,1020.49,0,0,0,0,,
2022-09-05,05:15,23.4,18.3,73,EAST,12.9,17.7,1020.29,0,0,0,0,,
2022-09-05,05:30,23.3,17.8,73,ENE,8,16.1,1020.22,0,0,0,0,,
2022-09-05,05:45,23.3,17.8,73,EAST,14.5,16.1,1020.29,0,0,0,0,,
2022-09-05,06:00,23.2,17.8,73,ENE,9.7,19.3,1020.35,0,0,0,0,,
2022-09-05,06:15,23.2,18.3,74,ENE,8,19.3,1020.22,0,0,0,0,,
2022-09-05,06:30,23.1,18.3,74,ENE,12.9,19.3,1020.12,0,0,0,0,,
2022-09-05,06:45,23.1,17.8,74,EAST,16.1,20.9,1020.35,0,0,0,0,,
2022-09-05,07:00,23.1,17.8,73,EAST,9.7,20.9,1020.69,0,0,0,0,,
2022-09-05,07:15,23.2,17.8,73,ENE,14.5,17.7,1021,0,0,0,18,,
2022-09-05,07:30,23.4,17.8,72,ESE,11.3,16.1,1021.2,0,0,0,40,,
2022-09-05,07:45,23.6,17.8,72,ENE,9.7,16.1,1021.5,0,0,0,67,,
2022-09-05,08:00,24,18.3,71,EAST,6.4,16.1,1021.81,0,0,0,97,,
2022-09-05,08:15,24.3,18.3,69,ESE,12.9,17.7,1021.67,0,0,0,137,,
2022-09-05,08:30,24.7,18.3,68,ENE,11.3,20.9,1021.4,0,0,0,165,,
2022-09-05,08:45,25.1,18.3,67,EAST,8,20.9,1021.91,0,0,0,199,,
2022-09-05,09:00,25.8,18.3,64,NE,14.5,17.7,1022.01,0,0,1,251,,
2022-09-05,09:15,26.3,18.3,63,EAST,12.9,22.5,1021.91,0,0,1,295,,
2022-09-05,09:30,26.8,18.9,63,ENE,19.3,22.5,1021.74,0,0,1,320,,
2022-09-05,09:45,27.3,18.9,61,EAST,17.7,24.1,1021.98,0,0,1,404,,
2022-09-05,10:00,27.6,19.4,61,EAST,11.3,17.7,1022.18,0,0,2,448,,
2022-09-05,10:15,27.9,19.4,60,SE,11.3,25.7,1022.11,0,0,2,492,,
2022-09-05,10:30,28.6,19.4,57,ESE,16.1,20.9,1022.01,0,0,2,534,,
2022-09-05,10:45,28.9,18.9,56,EAST,11.3,20.9,1022.49,0,0,2,575,,
2022-09-05,11:00,29.3,18.9,54,EAST,14.5,24.1,1022.35,0,0,3,610,,
2022-09-05,11:15,29.8,19.4,54,ENE,12.9,22.5,1022.25,0,0,3,650,,
2022-09-05,11:30,30.2,19.4,53,EAST,11.3,22.5,1021.98,0,0,3,670,,
2022-09-05,11:45,30.6,19.4,52,ENE,4.8,20.9,1021.94,0,0,4,689,,
2022-09-05,12:00,30.6,18.9,51,ESE,6.4,25.7,1021.98,0,0,4,715,,
2022-09-05,12:15,31.1,20,52,SE,6.4,24.1,1021.88,0,0,4,726,,
2022-09-05,12:30,31.4,19.4,50,EAST,12.9,29,1021.64,0,0,4,738,,
2022-09-05,12:45,31.8,20,49,SE,1.6,27.4,1021.37,0,0,4,752,,
2022-09-05,13:00,32.3,19.4,48,EAST,14.5,29,1020.73,0,0,4,756,,
2022-09-05,13:15,32.2,20,49,ENE,16.1,27.4,1020.52,0,0,4,754,,
2022-09-05,13:30,32.6,20,49,ENE,12.9,29,1020.56,0,0,4,754,,
2022-09-05,13:45,32.8,20.6,48,ESE,17.7,29,1020.69,0,0,4,751,,
2022-09-05,14:00,32.8,20,48,ESE,14.5,25.7,1020.62,0,0,4,742,,
2022-09-05,14:15,32.6,20,47,ESE,11.3,25.7,1020.96,0,0,4,728,,
2022-09-05,14:30,33.4,19.4,44,SE,14.5,29,1021.27,0,0,4,712,,
2022-09-05,14:45,33.7,18.9,43,SE,16.1,22.5,1021.37,0,0,4,696,,
2022-09-05,15:00,33.4,18.9,43,SSE,9.7,29,1021.13,0,0,4,671,,
2022-09-05,15:15,33.2,18.9,43,SE,8,27.4,1021,0,0,3,649,,
2022-09-05,15:30,32.7,18.9,44,SE,14.5,30.6,1020.79,0,0,3,621,,
2022-09-05,15:45,33.1,18.9,44,ESE,14.5,27.4,1020.59,0,0,3,591,,
2022-09-05,16:00,33.3,19.4,44,SSE,20.9,25.7,1020.49,0,0,3,555,,
2022-09-05,16:15,33.1,19.4,45,SE,20.9,30.6,1020.49,0,0,2,517,,
2022-09-05,16:30,33.2,19.4,44,SSE,16.1,27.4,1020.35,0,0,2,478,,
2022-09-05,16:45,32.9,18.9,43,SE,20.9,32.2,1020.39,0,0,2,438,,
2022-09-05,17:00,32.8,18.9,45,SE,12.9,30.6,1020.22,0,0,1,397,,
2022-09-05,17:15,32.2,19.4,47,SE,20.9,27.4,1020.29,0,0,1,353,,
2022-09-05,17:30,31.6,19.4,49,SSE,32.2,30.6,1020.22,0,0,1,309,,
2022-09-05,17:45,31.4,18.9,48,SE,16.1,32.2,1020.29,0,0,1,264,,
2022-09-05,18:00,30.7,18.9,50,SE,19.3,32.2,1020.18,0,0,1,220,,
2022-09-05,18:15,30.2,19.4,53,SE,17.7,30.6,1019.91,0,0,0,176,,
2022-09-05,18:30,29.8,19.4,55,SE,16.1,25.7,1020.08,0,0,0,125,,
2022-09-05,18:45,28.8,19.4,57,SE,19.3,29,1020.08,0,0,0,88,,
2022-09-05,19:00,28.3,19.4,60,SE,20.9,29,1019.88,0,0,0,56,,
2022-09-05,19:15,27.8,19.4,61,SE,12.9,29,1020.08,0,0,0,35,,
2022-09-05,19:30,27.3,19.4,63,SE,16.1,27.4,1020.15,0,0,0,11,,
2022-09-05,19:45,26.8,19.4,65,SE,11.3,22.5,1020.42,0,0,0,0,,
2022-09-05,20:00,26.4,18.9,65,ESE,11.3,24.1,1020.69,0,0,0,0,,
2022-09-05,20:15,26.2,18.9,66,SE,14.5,24.1,1020.76,0,0,0,0,,
2022-09-05,20:30,25.8,18.9,66,SE,14.5,25.7,1020.52,0,0,0,0,,
2022-09-05,20:45,25.8,18.9,66,SE,6.4,25.7,1021.27,0,0,0,0,,
2022-09-05,21:00,25.6,18.9,67,SE,6.4,16.1,1021.67,0,0,0,0,,
2022-09-05,21:15,25.3,18.9,68,SE,12.9,12.9,1021.78,0,0,0,0,,
2022-09-05,21:30,25.3,18.9,68,SE,12.9,16.1,1021.84,0,0,0,0,,
2022-09-05,21:45,25.3,18.9,67,ESE,14.5,16.1,1021.74,0,0,0,0,,
2022-09-05,22:00,25,18.3,68,ESE,12.9,17.7,1021.74,0,0,0,0,,
2022-09-05,22:15,24.9,18.3,69,ESE,14.5,16.1,1021.57,0,0,0,0,,
2022-09-05,22:30,24.8,18.3,69,SE,14.5,19.3,1021.44,0,0,0,0,,
2022-09-05,22:45,24.8,18.9,70,ESE,14.5,19.3,1021.3,0,0,0,0,,
2022-09-05,23:00,24.7,18.9,70,ESE,14.5,19.3,1021.27,0,0,0,0,,
2022-09-05,23:15,24.6,18.9,72,ESE,14.5,16.1,1021.3,0,0,0,0,,
2022-09-05,23:30,24.6,18.9,72,ESE,11.3,24.1,1021.37,0,0,0,0,,
2022-09-05,23:45,24.5,18.9,71,ESE,12.9,20.9,1021.1,0,0,0,0,,
2022-09-05,OVR,,,,,,,,,,,,gustmax,32.2
2022-09-05,OVR,,,,,,,,,,,,rainrate_max,0
2022-09-05,OVR,,,,,,,,,,,,rain_total_mm,0
2022-09-05,OVR,,,,,,,,,,,,tmax,33.9
2022-09-05,OVR,,,,,,,,,,,,tmin,23
2022-09-05,OVR,,,,,,,,,,,,wind_dir_mean_deg,112.5
2022-09-06,00:00,24.3,18.3,70,ESE,12.9,16.1,1020.93,0,0,0,0,,
2022-09-06,00:15,24.5,18.9,72,ESE,14.5,22.5,1020.93,0,0,0,0,,
2022-09-06,00:30,24.5,18.3,70,SE,6.4,16.1,1021.37,0,0,0,0,,
2022-09-06,00:45,24.2,18.3,70,ESE,11.3,11.3,1021.23,0,0,0,0,,
2022-09-06,01:00,24.3,17.8,68,ESE,6.4,16.1,1021.74,0,0,0,0,,
2022-09-06,01:15,24.4,17.8,67,SE,1.6,16.1,1022.15,0,0,0,0,,
2022-09-06,01:30,24.2,17.8,68,SE,6.4,11.3,1021.74,0,0,0,0,,
2022-09-06,01:45,24.1,17.8,67,ESE,1.6,9.7,1022.01,0,0,0,0,,
2022-09-06,02:00,23.6,17.2,68,ESE,6.4,9.7,1021.88,0,0,0,0,,
2022-09-06,02:15,23.2,17.8,73,ESE,4.8,12.9,1021.37,0,0,0,0,,
2022-09-06,02:30,23.3,18.3,74,ESE,6.4,16.1,1020.73,0,0,0,0,,
2022-09-06,02:45,23.3,18.3,74,EAST,4.8,8,1021.23,0,0,0,0,,
2022-09-06,03:00,23,18.3,76,EAST,6.4,8,1021.2,0,0,0,0,,
2022-09-06,03:15,23.2,18.3,76,EAST,4.8,6.4,1020.89,0,0,0,0,,
2022-09-06,03:30,23.3,18.9,76,ENE,3.2,16.1,1020.76,0,0,0,0,,
2022-09-06,03:45,23.5,18.9,75,ENE,9.7,12.9,1020.25,0,0,0,0,,
2022-09-06,04:00,23.2,18.3,76,ESE,9.7,14.5,1020.15,0,0,0,0,,
2022-09-06,04:15,23.8,18.9,74,ESE,1.6,11.3,1020.86,0,0,0,0,,
2022-09-06,04:30,23.6,18.9,75,SSE,3.2,9.7,1021.23,0,0,0,0,,
2022-09-06,04:45,23.1,18.9,77,SE,8,6.4,1021.06,0,0,0,0,,
2022-09-06,05:00,23.4,17.8,70,EAST,12.9,17.7,1019.71,0,0,0,0,,
2022-09-06,05:15,23.8,17.8,69,ENE,17.7,29,1018.93,0,0,0,0,,
2022-09-06,05:30,23.3,17.2,70,EAST,19.3,25.7,1019.1,0,0,0,0,,
2022-09-06,05:45,23.1,16.7,68,ENE,9.7,20.9,1019.1,0,0,0,0,,
2022-09-06,06:00,23.8,16.1,62,EAST,3.2,17.7,1020.25,0,0,0,0,,
2022-09-06,06:15,24.6,15.6,58,SSE,17.7,17.7,1019.74,0,0,0,0,,
2022-09-06,06:30,23.7,15.6,62,SE,4.8,8,1019.88,0,0,0,0,,
2022-09-06,06:45,23.5,15.6,61,ESE,12.9,14.5,1019.68,0,0,0,0,,
2022-09-06,07:00,23.9,15.6,60,EAST,11.3,17.7,1018.73,0,0,0,9,,
2022-09-06,07:15,23.7,16.1,63,ESE,12.9,20.9,1018.66,0,0,0,26,,
2022-09-06,07:30,23.1,16.1,66,EAST,8,24.1,1018.59,0,0,0,44,,
2022-09-06,07:45,23.3,16.1,65,ESE,14.5,17.7,1018.83,0,0,0,72,,
2022-09-06,08:00,24.1,15.6,60,ESE,9.7,14.5,1019.13,0,0,0,69,,
2022-09-06,08:15,24.8,15.6,58,ENE,12.9,17.7,1019.47,0,0,0,167,,
2022-09-06,08:30,25.2,16.1,57,EAST,11.3,14.5,1019.51,0,0,0,202,,
2022-09-06,08:45,25.7,15.6,55,ESE,6.4,17.7,1020.05,0,0,0,130,,
2022-09-06,09:00,25.4,16.1,58,ESE,8,19.3,1020.22,0,0,1,260,,
2022-09-06,09:15,25.1,17.8,65,SE,11.3,20.9,1020.22,0,0,0,67,,
2022-09-06,09:30,24.8,18.9,70,ESE,14.5,16.1,1020.29,0,0,0,54,,
2022-09-06,09:45,24.6,19.4,73,SSE,3.2,12.9,1020.83,0,0,1,158,,
2022-09-06,10:00,25.3,19.4,71,SSE,8,14.5,1021.13,0,0,1,255,,
2022-09-06,10:15,25.2,20.6,76,SE,16.1,17.7,1021.33,0,0,1,209,,
2022-09-06,10:30,25.3,21.1,78,SE,11.3,22.5,1021.3,0,0,1,248,,
2022-09-06,10:45,25.9,21.1,77,SE,17.7,25.7,1020.89,0,0,1,214,,
2022-09-06,11:00,25.9,21.1,77,SSE,12.9,19.3,1021.5,0,0,1,204,,
2022-09-06,11:15,25.9,21.7,77,SE,8,20.9,1021.94,0,0,1,174,,
2022-09-06,11:30,26.2,21.7,76,SSE,8,16.1,1022.45,0,0,2,406,,
2022-09-06,11:45,27.1,20,67,SOUTH,3.2,8,1021.98,0,0,3,577,,
2022-09-06,12:00,27.2,18.9,62,WNW,1.6,12.9,1021.71,0,0,4,469,,
2022-09-06,12:15,27.6,20,63,SOUTH,8,16.1,1021.98,0,0,3,408,,
2022-09-06,12:30,27.4,20.6,66,SE,6.4,17.7,1021.4,0,0,1,192,,
2022-09-06,12:45,27.1,20,65,ENE,22.5,27.4,1019.1,0,0,0,72,,
2022-09-06,13:00,27.2,20.6,67,ESE,24.1,30.6,1018.66,0,0,1,185,,
2022-09-06,13:15,27.6,20.6,67,SE,14.5,37,1019.24,0,0,2,329,,
2022-09-06,13:30,27.7,20.6,66,NORTH,0,12.9,1020.22,0,0,2,338,,
2022-09-06,13:45,28.5,21.1,65,SSE,3.2,14.5,1020.25,0,0,4,882,,
2022-09-06,14:00,28.8,21.7,66,NNW,6.4,16.1,1019.81,0,0,3,737,,
2022-09-06,14:15,29,21.7,65,SE,11.3,16.1,1019.47,0,0,4,835,,
2022-09-06,14:30,28.4,21.1,65,SE,12.9,16.1,1019.57,0,0,2,322,,
2022-09-06,14:45,28.5,21.1,64,SE,6.4,16.1,1019.54,0,0,2,334,,
2022-09-06,15:00,28.8,21.1,63,SOUTH,8,12.9,1019.3,0,0,2,334,,
2022-09-06,15:15,29.1,21.1,62,SE,8,16.1,1019.3,0,0,2,366,,
2022-09-06,15:30,29.6,21.1,61,ESE,8,17.7,1019.2,0,0,2,429,,
2022-09-06,15:45,29.7,20.6,59,EAST,11.3,14.5,1018.76,0,0,2,281,,
2022-09-06,16:00,30.1,20.6,57,ESE,3.2,16.1,1018.63,0,0,2,673,,
2022-09-06,16:15,31.1,20,53,SE,8,12.9,1018.76,0,0,2,381,,
2022-09-06,16:30,31.4,20,51,SE,11.3,17.7,1018.59,0,0,2,540,,
2022-09-06,16:45,30.7,20,54,SE,8,17.7,1018.49,0,0,1,209,,
2022-09-06,17:00,30.6,20.6,55,SSE,16.1,20.9,1018.63,0,0,1,410,,
2022-09-06,17:15,30.6,20.6,55,SSE,9.7,17.7,1018.25,0,0,1,420,,
2022-09-06,17:30,30.8,20.6,55,ESE,8,16.1,1018.15,0,0,1,207,,
2022-09-06,17:45,30.3,20.6,57,WNW,6.4,17.7,1018.25,0,0,1,204,,
2022-09-06,18:00,29.2,20.6,61,WNW,24.1,33.8,1018.25,0,0,0,134,,
2022-09-06,18:15,28.1,21.1,67,WEST,20.9,29,1018.49,0,0,0,153,,
2022-09-06,18:30,27.8,21.1,69,WNW,12.9,30.6,1018.66,0,0,0,176,,
2022-09-06,18:45,27.5,21.1,69,WEST,19.3,25.7,1018.76,0,0,0,86,,
2022-09-06,19:00,27,21.7,72,WEST,29,33.8,1019.2,0,0,0,46,,
2022-09-06,19:15,26.6,21.7,76,WEST,14.5,27.4,1019.13,0,0,0,25,,
2022-09-06,19:30,26.2,22.2,80,WNW,17.7,30.6,1019.07,0,0,0,12,,
2022-09-06,19:45,25.6,22.2,82,NW,6.4,25.7,1018.9,0,0,0,0,,
2022-09-06,20:00,25.4,22.2,84,WNW,16.1,24.1,1018.96,0,0,0,0,,
2022-09-06,20:15,25.2,22.2,86,WNW,16.1,25.7,1018.9,0,0,0,0,,
2022-09-06,20:30,25,22.2,87,WNW,8,20.9,1018.8,0,0,0,0,,
2022-09-06,20:45,24.9,22.2,87,WNW,6.4,19.3,1018.96,0,0,0,0,,
2022-09-06,21:00,24.9,22.2,87,NW,4.8,16.1,1018.93,0,0,0,0,,
2022-09-06,21:15,24.7,22.2,88,NORTH,0,4.8,1018.56,0,0,0,0,,
2022-09-06,21:30,24.3,22.2,88,NNE,3.2,6.4,1018.35,0,0,0,0,,
2022-09-06,21:45,24.6,22.2,86,ENE,1.6,6.4,1018.39,0,0,0,0,,
2022-09-06,22:00,24.5,21.7,86,,3.2,6.4,1018.35,0,0,0,0,,
2022-09-06,22:15,24.4,21.7,85,NNE,3.2,6.4,1018.22,0,0,0,0,,
2022-09-06,22:30,24.2,21.7,85,NORTH,0,1.6,1018.29,0,0,0,0,,
2022-09-06,22:45,23.9,21.1,85,NORTH,0,3.2,1018.46,0,0,0,0,,
2022-09-06,23:00,23.2,20.6,86,NNE,3.2,3.2,1018.46,0,0,0,0,,
2022-09-06,23:15,23.4,21.1,89,NORTH,0,4.8,1018.63,0,0,0,0,,
2022-09-06,23:30,23.5,21.1,88,ESE,1.6,3.2,1018.59,0,0,0,0,,
2022-09-06,23:45,23.4,21.1,89,NORTH,0,4.8,1018.52,0,0,0,0,,
2022-09-06,OVR,,,,,,,,,,,,gustmax,29
2022-09-06,OVR,,,,,,,,,,,,rainrate_max,0
2022-09-06,OVR,,,,,,,,,,,,rain_total_mm,0
2022-09-06,OVR,,,,,,,,,,,,tmax,31.7
2022-09-06,OVR,,,,,,,,,,,,tmin,22.8
2022-09-06,OVR,,,,,,,,,,,,wind_dir_mean_deg,112.5
2022-09-07,00:00,22.9,21.1,90,ESE,1.6,3.2,1018.35,0,0,0,0,,
2022-09-07,00:15,22.8,21.1,91,ESE,3.2,4.8,1018.25,0,0,0,0,,
2022-09-07,00:30,22.4,20.6,91,NORTH,0,6.4,1018.19,0,0,0,0,,
2022-09-07,00:45,22.3,20.6,91,ESE,6.4,6.4,1018.02,0,0,0,0,,
2022-09-07,01:00,22.3,20.6,92,ESE,4.8,4.8,1018.05,0,0,0,0,,
2022-09-07,01:15,22.7,21.1,91,EAST,14.5,14.5,1018.15,0,0,0,0,,
2022-09-07,01:30,23.3,21.1,89,ESE,6.4,14.5,1018.63,0,0,0,0,,
2022-09-07,01:45,23.6,21.1,88,ESE,6.4,11.3,1018.66,0,0,0,0,,
2022-09-07,02:00,23.3,21.1,88,ESE,1.6,6.4,1018.59,0,0,0,0,,
2022-09-07,02:15,22.8,21.1,90,NORTH,0,3.2,1018.73,0,0,0,0,,
2022-09-07,02:30,22.2,20.6,90,ESE,3.2,3.2,1018.52,0,0,0,0,,
2022-09-07,02:45,21.9,20.6,92,NORTH,0,1.6,1018.46,0,0,0,0,,
2022-09-07,03:00,21.8,20.6,92,NORTH,0,0,1018.49,0,0,0,0,,
2022-09-07,03:15,22.1,20.6,92,NORTH,0,3.2,1018.42,0,0,0,0,,
2022-09-07,03:30,22.1,20.6,92,ESE,1.6,3.2,1018.12,0,0,0,0,,
2022-09-07,03:45,22.2,20.6,93,NORTH,0,3.2,1018.02,0,0,0,0,,
2022-09-07,04:00,22.3,21.1,93,NORTH,0,3.2,1018.05,0,0,0,0,,
2022-09-07,04:15,22.5,21.1,94,NORTH,0,0,1018.02,0,0,0,0,,
2022-09-07,04:30,22.7,21.7,94,ESE,1.6,4.8,1017.91,0,0,0,0,,
2022-09-07,04:45,22.5,21.1,93,ENE,3.2,6.4,1017.64,0,0,0,0,,
2022-09-07,05:00,22.8,21.7,93,,3.2,8,1017.64,0,0,0,0,,
2022-09-07,05:15,22.4,21.1,93,,3.2,4.8,1017.51,0,0,0,0,,
2022-09-07,05:30,22.3,21.1,93,,3.2,4.8,1017.27,0,0,0,0,,
2022-09-07,05:45,22.3,21.1,93,,3.2,4.8,1017.37,0,0,0,0,,
2022-09-07,06:00,22.4,21.1,93,NORTH,4.8,6.4,1017.1,0,0,0,0,,
2022-09-07,06:15,22.3,20.6,92,NORTH,1.6,4.8,1017.1,0,0,0,0,,
2022-09-07,06:30,22,20.6,91,,1.6,6.4,1016.9,0,0,0,0,,
2022-09-07,06:45,21.6,20,92,NORTH,0,3.2,1016.97,0,0,0,0,,
2022-09-07,07:00,21.2,20,93,,3.2,4.8,1016.86,0,0,0,0,,
2022-09-07,07:15,22.2,21.1,94,ENE,4.8,4.8,1016.83,0,0,0,25,,
2022-09-07,07:30,22.2,21.1,93,NNW,3.2,8,1016.86,0,0,0,53,,
2022-09-07,07:45,22.4,21.1,93,NORTH,4.8,6.4,1016.93,0,0,0,100,,
2022-09-07,08:00,22.4,21.1,92,NNW,1.6,6.4,1017.31,0,0,0,132,,
2022-09-07,08:15,22.7,21.1,92,NNW,1.6,3.2,1017.58,0,0,0,121,,
2022-09-07,08:30,23,21.1,90,NNW,3.2,9.7,1017.81,0,0,0,165,,
2022-09-07,08:45,23.3,21.1,89,NNW,1.6,9.7,1017.58,0,0,0,151,,
2022-09-07,09:00,23.9,21.7,87,NORTH,6.4,8,1017.64,0,0,0,171,,
2022-09-07,09:15,24.7,21.7,84,,4.8,8,1017.75,0,0,1,160,,
2022-09-07,09:30,24.9,21.1,81,NE,4.8,11.3,1017.54,0,0,1,264,,
2022-09-07,09:45,25.4,21.1,78,ESE,3.2,6.4,1017.51,0,0,1,260,,
2022-09-07,10:00,26.8,20.6,70,EAST,6.4,6.4,1017.37,0,0,1,438,,
2022-09-07,10:15,26.7,20.6,69,SE,4.8,8,1017.51,0,0,1,214,,
2022-09-07,10:30,26.9,20.6,69,EAST,4.8,6.4,1017.54,0,0,1,250,,
2022-09-07,10:45,26.9,20.6,68,NORTH,0,9.7,1018.02,0,0,1,251,,
2022-09-07,11:00,27.9,20,62,ESE,9.7,9.7,1017.85,0,0,3,564,,
2022-09-07,11:15,28.8,18.3,53,EAST,8,11.3,1018.02,0,0,2,392,,
2022-09-07,11:30,29.7,17.2,48,EAST,3.2,9.7,1018.15,0,0,2,396,,
2022-09-07,11:45,30.4,15.6,40,EAST,4.8,11.3,1017.98,0,0,3,411,,
2022-09-07,12:00,30.5,16.1,42,ESE,4.8,14.5,1017.85,0,0,2,334,,
2022-09-07,12:15,31,16.1,41,SE,8,16.1,1017.78,0,0,4,807,,
2022-09-07,12:30,30.9,18.3,48,SSE,12.9,19.3,1017.68,0,0,4,733,,
2022-09-07,12:45,31.4,17.8,44,SE,4.8,19.3,1017.37,0,0,4,749,,
2022-09-07,13:00,31.3,18.3,46,SE,17.7,19.3,1016.86,0,0,4,761,,
2022-09-07,13:15,31.9,16.7,40,SE,6.4,24.1,1016.76,0,0,4,830,,
2022-09-07,13:30,32.4,18.3,43,SSE,16.1,22.5,1017.03,0,0,4,821,,
2022-09-07,13:45,32,17.8,42,ESE,14.5,27.4,1016.86,0,0,3,385,,
2022-09-07,14:00,32.4,16.7,40,SE,12.9,22.5,1016.83,0,0,4,766,,
2022-09-07,14:15,32.4,17.2,40,ESE,6.4,19.3,1016.73,0,0,4,729,,
2022-09-07,14:30,32.1,17.8,43,SSE,1.6,22.5,1016.8,0,0,3,352,,
2022-09-07,14:45,32.6,18.3,43,ESE,4.8,22.5,1016.66,0,0,4,603,,
2022-09-07,15:00,32.6,17.8,42,SE,6.4,20.9,1016.49,0,0,3,668,,
2022-09-07,15:15,32.2,19.4,47,WNW,19.3,20.9,1016.49,0,0,3,555,,
2022-09-07,15:30,31.6,19.4,49,WEST,33.8,41.8,1016.63,0,0,3,652,,
2022-09-07,15:45,31.3,20,51,WNW,20.9,29,1016.7,0,0,2,592,,
2022-09-07,16:00,30.6,19.4,52,WNW,20.9,29,1016.76,0,0,2,575,,
2022-09-07,16:15,29.9,19.4,53,WEST,20.9,27.4,1016.66,0,0,2,343,,
2022-09-07,16:30,29.4,20.6,60,WNW,17.7,27.4,1016.46,0,0,1,188,,
2022-09-07,16:45,29.4,20.6,59,WEST,16.1,22.5,1016.46,0,0,0,120,,
2022-09-07,17:00,28.9,21.1,64,WEST,19.3,22.5,1016.46,0,0,0,111,,
2022-09-07,17:15,28.6,21.1,65,WEST,14.5,22.5,1016.59,0,0,1,153,,
2022-09-07,17:30,28.3,21.1,67,WNW,11.3,17.7,1016.7,0,0,0,102,,
2022-09-07,17:45,28.1,21.1,67,WNW,3.2,16.1,1016.8,0,0,0,54,,
2022-09-07,18:00,27.8,21.7,70,WEST,25.7,20.9,1017,0,0,0,46,,
2022-09-07,18:15,27.3,22.2,75,EAST,11.3,24.1,1017.41,0,0,0,21,,
2022-09-07,18:30,26.2,22.8,82,WEST,16.1,32.2,1017.27,0,0,0,9,,
2022-09-07,18:45,25.7,22.8,85,NORTH,0,22.5,1017.07,0,0,0,9,,
2022-09-07,19:00,25.5,22.8,86,NORTH,0,6.4,1016.83,0,0,0,19,,
2022-09-07,19:15,25.5,22.8,86,NE,1.6,4.8,1016.19,0,0,0,47,,
2022-09-07,19:30,25.8,22.2,82,ENE,6.4,12.9,1015.75,0,0,0,16,,
2022-09-07,19:45,26,22.8,82,ESE,11.3,17.7,1015.34,0,0,0,0,,
2022-09-07,20:00,25.9,22.2,80,ESE,11.3,19.3,1015.37,0,0,0,0,,
2022-09-07,20:15,26,21.7,78,ESE,3.2,17.7,1015.71,0,0,0,0,,
2022-09-07,20:30,26.1,21.7,78,NORTH,0,3.2,1015.78,0,0,0,0,,
2022-09-07,20:45,25.7,22.2,83,SE,6.4,11.3,1016.05,0,0,0,0,,
2022-09-07,21:00,25.4,22.8,85,SE,6.4,14.5,1016.46,0,0,0,0,,
2022-09-07,21:15,24.9,22.2,86,SE,8,8,1016.59,0,0,0,0,,
2022-09-07,21:30,25.1,22.8,88,SE,12.9,16.1,1016.32,0,0,0,0,,
2022-09-07,21:45,25.1,22.8,88,ESE,16.1,19.3,1016.42,0,0,0,0,,
2022-09-07,22:00,25.1,22.8,87,SE,17.7,22.5,1016.49,0,0,0,0,,
2022-09-07,22:15,24.9,22.2,87,SE,12.9,19.3,1016.42,0,0,0,0,,
2022-09-07,22:30,24.8,22.2,87,SE,19.3,22.5,1016.39,0,0,0,0,,
2022-09-07,22:45,24.8,22.2,87,ESE,17.7,27.4,1016.36,0,0,0,0,,
2022-09-07,23:00,24.6,22.2,88,SE,14.5,22.5,1016.12,0,0,0,0,,
2022-09-07,23:15,24.7,22.2,86,SE,14.5,22.5,1016.36,0,0,0,0,,
2022-09-07,23:30,24.8,22.2,85,SE,17.7,24.1,1016.73,0,0,0,0,,
2022-09-07,23:45,24.7,21.7,85,SE,20.9,27.4,1016.73,0,0,0,0,,
2022-09-07,OVR,,,,,,,,,,,,gustmax,33.8
2022-09-07,OVR,,,,,,,,,,,,rainrate_max,0
2022-09-07,OVR,,,,,,,,,,,,rain_total_mm,0
2022-09-07,OVR,,,,,,,,,,,,tmax,33.2
2022-09-07,OVR,,,,,,,,,,,,tmin,21.2
2022-09-07,OVR,,,,,,,,,,,,wind_dir_mean_deg,112.5
2022-09-08,00:00,24.3,22.2,90,ESE,16.1,29,1016.73,0,0,0,0,,
2022-09-08,00:15,24.2,22.8,92,SE,20.9,32.2,1016.7,0,0,0,0,,
2022-09-08,00:30,24.1,22.8,93,ESE,17.7,29,1016.39,0,0,0,0,,
2022-09-08,00:45,23.9,22.8,94,ESE,19.3,30.6,1015.98,0,0,0,0,,
2022-09-08,01:00,23.8,22.8,94,ESE,22.5,32.2,1016.09,0,0,0,0,,
2022-09-08,01:15,23.7,22.2,94,SE,16.1,24.1,1016.02,0,0,0,0,,
2022-09-08,01:30,23.6,22.2,94,ESE,17.7,22.5,1016.02,0,0,0,0,,
2022-09-08,01:45,23.6,22.2,94,ESE,11.3,20.9,1015.68,0,0,0,0,,
2022-09-08,02:00,23.4,22.2,93,ESE,9.7,17.7,1015.78,0,0,0,0,,
2022-09-08,02:15,23.3,22.2,93,ESE,6.4,14.5,1015.48,0,0,0,0,,
2022-09-08,02:30,23.2,21.7,92,NORTH,0,12.9,1015.61,0,0,0,0,,
2022-09-08,02:45,22.8,21.1,92,ENE,3.2,6.4,1015.58,0,0,0,0,,
2022-09-08,03:00,22.6,21.1,93,NE,6.4,4.8,1015.27,0,0,0,0,,
2022-09-08,03:15,22.8,21.7,94,EAST,9.7,14.5,1014.87,0,0,0,0,,
2022-09-08,03:30,22.6,21.1,93,ESE,1.6,14.5,1014.97,0,0,0,0,,
2022-09-08,03:45,22.5,21.1,93,EAST,1.6,4.8,1014.97,0,0,0,0,,
2022-09-08,04:00,21.7,20,92,SE,3.2,9.7,1015.14,0,0,0,0,,
2022-09-08,04:15,22.1,20,89,SE,4.8,8,1015.24,0,0,0,0,,
2022-09-08,04:30,22.2,20.6,90,ESE,3.2,6.4,1015.17,0,0,0,0,,
2022-09-08,04:45,22.3,20.6,91,NORTH,0,4.8,1014.93,0,0,0,0,,
2022-09-08,05:00,21.8,20.6,92,ESE,1.6,4.8,1014.83,0,0,0,0,,
2022-09-08,05:15,22.3,20.6,92,EAST,6.4,6.4,1014.66,0,0,0,0,,
2022-09-08,05:30,22.4,20.6,90,EAST,1.6,9.7,1014.6,0,0,0,0,,
2022-09-08,05:45,22.6,20.6,89,EAST,3.2,9.7,1014.33,0,0,0,0,,
2022-09-08,06:00,22.8,20.6,87,ENE,6.4,12.9,1014.19,0,0,0,0,,
2022-09-08,06:15,23.1,20,85,EAST,11.3,12.9,1014.43,0,0,0,0,,
2022-09-08,06:30,23.4,20,82,ESE,6.4,14.5,1014.26,0,0,0,0,,
2022-09-08,06:45,23.6,19.4,80,EAST,6.4,14.5,1014.26,0,0,0,0,,
2022-09-08,07:00,23.6,19.4,78,EAST,4.8,11.3,1014.26,0,0,0,0,,
2022-09-08,07:30,24.1,19.4,75,ESE,4.8,9.7,1014.46,0,0,0,33,,
2022-09-08,07:45,24.6,19.4,73,EAST,3.2,9.7,1014.43,0,0,0,62,,
2022-09-08,08:00,25.1,19.4,71,EAST,4.8,11.3,1014.39,0,0,0,107,,
2022-09-08,08:15,25.8,18.9,67,ESE,1.6,12.9,1014.49,0,0,0,132,,
2022-09-08,08:30,26.6,18.9,63,EAST,6.4,12.9,1014.56,0,0,0,172,,
2022-09-08,08:45,27.1,18.9,62,ENE,4.8,12.9,1014.53,0,0,1,220,,
2022-09-08,09:00,27.8,18.3,57,ENE,6.4,14.5,1014.39,0,0,1,250,,
2022-09-08,09:15,28,18.3,56,ENE,6.4,12.9,1014.53,0,0,1,364,,
2022-09-08,09:30,28.7,18.3,54,NE,3.2,6.4,1014.56,0,0,1,211,,
2022-09-08,09:45,29.1,17.2,49,NORTH,0,4.8,1014.46,0,0,1,294,,
2022-09-08,10:00,29.3,17.2,49,NW,3.2,8,1014.49,0,0,2,496,,
2022-09-08,10:15,29.7,16.7,47,NORTH,0,8,1014.49,0,0,2,552,,
2022-09-08,10:30,30.1,17.2,46,WEST,1.6,6.4,1014.46,0,0,2,445,,
2022-09-08,10:45,30.2,17.2,46,SOUTH,1.6,14.5,1014.39,0,0,2,568,,
2022-09-08,11:00,30.8,17.2,45,WNW,4.8,14.5,1014.49,0,0,3,601,,
2022-09-08,11:15,30.9,17.2,44,WNW,4.8,17.7,1014.63,0,0,3,628,,
2022-09-08,11:30,30.9,17.8,45,WSW,1.6,16.1,1015.04,0,0,3,638,,
2022-09-08,11:45,31.2,18.3,46,SSW,1.6,14.5,1014.97,0,0,3,657,,
2022-09-08,12:00,31.9,16.7,40,WNW,11.3,22.5,1014.9,0,0,3,696,,
2022-09-08,12:15,31.8,16.7,40,SW,4.8,14.5,1014.9,0,0,4,751,,
2022-09-08,12:30,31.8,16.7,41,NW,6.4,17.7,1014.83,0,0,3,554,,
2022-09-08,12:45,32.1,16.1,38,WEST,22.5,20.9,1014.83,0,0,4,686,,
2022-09-08,13:00,32.4,16.1,38,WEST,19.3,25.7,1014.9,0,0,4,773,,
2022-09-08,13:15,32.7,16.7,38,WEST,11.3,25.7,1014.93,0,0,4,735,,
2022-09-08,13:30,32.1,18.9,46,WNW,20.9,33.8,1014.93,0,0,5,687,,
2022-09-08,13:45,32.2,19.4,48,WEST,25.7,25.7,1014.77,0,0,4,779,,
2022-09-08,14:00,32,18.9,46,WNW,29,29,1014.8,0,0,4,761,,
2022-09-08,14:15,32.3,18.3,44,WEST,19.3,30.6,1014.97,0,0,4,752,,
2022-09-08,14:30,32.6,15,35,WEST,11.3,37,1015.04,0,0,4,745,,
2022-09-08,14:45,32.6,16.7,39,WEST,9.7,30.6,1014.97,0,0,4,724,,
2022-09-08,15:00,32.1,20,49,WEST,17.7,37,1014.93,0,0,4,696,,
2022-09-08,15:15,30.9,19.4,51,WEST,40.2,38.6,1015.14,0,0,3,671,,
2022-09-08,15:30,31.2,20,53,WEST,19.3,41.8,1015.14,0,0,3,645,,
2022-09-08,15:45,30.2,21.1,58,WEST,19.3,40.2,1015.04,0,0,3,613,,
2022-09-08,16:00,30.1,20.6,58,NW,22.5,40.2,1015.04,0,0,3,589,,
2022-09-08,16:15,29.8,20.6,59,WEST,27.4,40.2,1015.17,0,0,2,557,,
2022-09-08,16:30,29.6,20,56,WNW,29,35.4,1015.27,0,0,2,497,,
2022-09-08,16:45,29.6,20,57,WEST,20.9,35.4,1015.21,0,0,2,506,,
2022-09-08,17:00,29.6,19.4,56,WNW,20.9,33.8,1015.31,0,0,2,438,,
2022-09-08,17:15,29.3,20,57,WNW,16.1,37,1015.21,0,0,1,403,,
2022-09-08,17:30,29.2,17.8,50,NW,22.5,37,1015.14,0,0,1,359,,
2022-09-08,17:45,29,18.9,55,WEST,25.7,43.5,1015.07,0,0,1,318,,
2022-09-08,18:00,28.3,19.4,59,WNW,35.4,41.8,1015.31,0,0,1,237,,
2022-09-08,18:15,27.7,20.6,65,WNW,29,45.1,1015.31,0,0,0,195,,
2022-09-08,18:30,27.1,21.1,71,WEST,32.2,45.1,1015.24,0,0,0,84,,
2022-09-08,18:45,26.6,21.7,75,WEST,25.7,43.5,1015.07,0,0,0,42,,
2022-09-08,19:00,26.1,22.2,79,WNW,16.1,37,1014.97,0,0,0,47,,
2022-09-08,19:15,25.7,22.2,81,WNW,27.4,40.2,1014.9,0,0,0,28,,
2022-09-08,19:30,25.4,22.2,83,WNW,19.3,37,1015.14,0,0,0,11,,
2022-09-08,19:45,25.2,22.2,84,WNW,17.7,35.4,1015.31,0,0,0,0,,
2022-09-08,20:00,24.8,22.2,86,EAST,14.5,29,1015.37,0,0,0,0,,
2022-09-08,20:15,24.6,22.2,87,WNW,4.8,19.3,1015.58,0,0,0,0,,
2022-09-08,20:30,24.4,22.2,88,WEST,17.7,30.6,1015.65,0,0,0,0,,
2022-09-08,20:45,24.2,22.2,90,EAST,12.9,24.1,1015.82,0,0,0,0,,
2022-09-08,21:00,24.1,22.2,90,WEST,16.1,19.3,1016.36,0,0,0,0,,
2022-09-08,21:15,23.9,22.2,91,WNW,11.3,24.1,1016.53,0,0,0,0,,
2022-09-08,21:30,23.8,22.2,92,NNW,4.8,17.7,1016.7,0,0,0,0,,
2022-09-08,21:45,23.8,22.2,92,WNW,8,16.1,1016.86,0,0,0,0,,
2022-09-08,22:00,23.7,22.2,92,WNW,12.9,22.5,1016.93,0,0,0,0,,
2022-09-08,22:15,23.6,22.2,92,WNW,11.3,17.7,1016.97,0,0,0,0,,
2022-09-08,22:30,23.5,22.2,93,WNW,16.1,25.7,1017,0,0,0,0,,
2022-09-08,22:45,23.4,22.2,93,WNW,14.5,22.5,1016.93,0,0,0,0,,
2022-09-08,23:00,23.4,22.2,93,WEST,19.3,20.9,1017.1,0,0,0,0,,
2022-09-08,23:15,23.2,21.7,93,WNW,14.5,19.3,1017.1,0,0,0,0,,
2022-09-08,23:30,23.1,21.7,92,WNW,11.3,19.3,1017.2,0,0,0,0,,
2022-09-08,23:45,23.2,21.7,91,WNW,14.5,17.7,1017.2,0,0,0,0,,
2022-09-08,OVR,,,,,,,,,,,,gustmax,40.2
2022-09-08,OVR,,,,,,,,,,,,rainrate_max,0
2022-09-08,OVR,,,,,,,,,,,,rain_total_mm,0
2022-09-08,OVR,,,,,,,,,,,,tmax,33.1
2022-09-08,OVR,,,,,,,,,,,,tmin,21.6
2022-09-08,OVR,,,,,,,,,,,,wind_dir_mean_deg,112.5
2022-09-09,00:00,23.4,21.7,91,WNW,16.1,20.9,1017.27,0,0,0,0,,
2022-09-09,00:15,23.2,21.7,91,WNW,16.1,20.9,1017.27,0,0,0,0,,
2022-09-09,00:30,23.2,21.7,91,WNW,8,19.3,1017.27,0,0,0,0,,
2022-09-09,00:45,23.3,21.7,91,WEST,11.3,17.7,1017.2,0,0,0,0,,
2022-09-09,01:00,23.3,21.7,92,WNW,11.3,19.3,1017.24,0,0,0,0,,
2022-09-09,01:15,23.3,21.7,92,WNW,3.2,12.9,1017.37,0,0,0,0,,
2022-09-09,01:30,23.1,21.7,93,WNW,4.8,11.3,1017.27,0,0,0,0,,
2022-09-09,01:45,23.2,21.7,93,WNW,4.8,14.5,1017.1,0,0,0,0,,
2022-09-09,02:00,22.9,21.7,93,WNW,11.3,11.3,1017.14,0,0,0,0,,
2022-09-09,02:15,22.8,21.7,94,WEST,19.3,17.7,1017.2,0,0,0,0,,
2022-09-09,02:30,22.8,21.7,94,WNW,6.4,12.9,1016.9,0,0,0,0,,
2022-09-09,02:45,22.8,21.7,94,WNW,4.8,16.1,1016.9,0,0,0,0,,
2022-09-09,03:00,22.8,21.7,94,WNW,6.4,12.9,1016.83,0,0,0,0,,
2022-09-09,03:15,22.8,21.7,94,NORTH,0,4.8,1016.83,0,0,0,0,,
2022-09-09,03:30,23,21.7,94,WNW,1.6,4.8,1016.76,0,0,0,0,,
2022-09-09,03:45,23.1,21.7,94,NORTH,0,1.6,1016.97,0,0,0,0,,
2022-09-09,04:00,23.1,22.2,95,WNW,4.8,8,1016.93,0,0,0,0,,
2022-09-09,04:15,23,22.2,95,WNW,4.8,11.3,1017.03,0,0,0,0,,
2022-09-09,04:30,22.9,21.7,95,WNW,6.4,14.5,1017.1,0,0,0,0,,
2022-09-09,04:45,22.8,21.7,95,WNW,9.7,14.5,1016.97,0,0,0,0,,
2022-09-09,05:00,22.8,21.7,95,WNW,12.9,16.1,1016.97,0,0,0,0,,
2022-09-09,05:15,22.6,21.7,95,NW,9.7,17.7,1017,0,0,0,0,,
2022-09-09,05:30,22.4,21.7,95,WNW,11.3,14.5,1016.86,0,0,0,0,,
2022-09-09,05:45,22.4,21.7,95,WNW,6.4,12.9,1016.86,0,0,0,0,,
2022-09-09,06:00,22.2,21.1,95,NW,4.8,11.3,1016.7,0,0,0,0,,
2022-09-09,06:15,22.1,21.1,95,WNW,3.2,6.4,1016.73,0,0,0,0,,
2022-09-09,06:30,21.7,20.6,95,NW,4.8,4.8,1016.63,0,0,0,0,,
2022-09-09,06:45,21.1,20,95,NORTH,0,12.9,1016.66,0,0,0,0,,
2022-09-09,07:00,21,20,95,NW,4.8,4.8,1016.63,0,0,0,0,,
2022-09-09,07:15,20.9,20,96,NW,3.2,8,1016.7,0,0,0,11,,
2022-09-09,07:30,20.8,20,96,NW,4.8,6.4,1016.7,0,0,0,25,,
2022-09-09,07:45,21,20,96,NW,4.8,8,1016.9,0,0,0,69,,
2022-09-09,08:00,21.2,20,95,NW,4.8,14.5,1017.03,0,0,0,98,,
2022-09-09,08:15,21.3,20.6,95,NNW,9.7,14.5,1016.93,0,0,0,148,,
2022-09-09,08:30,21.4,20,94,NW,9.7,16.1,1017.03,0,0,0,183,,
2022-09-09,08:45,21.8,20.6,93,NW,11.3,14.5,1017.03,0,0,1,188,,
2022-09-09,09:00,22.3,20.6,91,NW,8,14.5,1017.1,0,0,1,301,,
2022-09-09,09:15,22.9,20.6,87,WNW,12.9,17.7,1017.2,0,0,1,306,,
2022-09-09,09:30,23.8,20,79,NW,14.5,16.1,1017.44,0,0,1,376,,
2022-09-09,09:45,24.5,19.4,74,NW,9.7,14.5,1017.54,0,0,2,473,,
2022-09-09,10:00,25,18.9,69,NNW,9.7,19.3,1017.91,0,0,2,513,,
2022-09-09,10:15,25.3,18.9,69,NW,8,16.1,1017.91,0,0,2,552,,
2022-09-09,10:30,25.8,19.4,68,NW,1.6,19.3,1018.02,0,0,2,589,,
2022-09-09,10:45,26.4,19.4,66,NNW,8,12.9,1018.15,0,0,3,624,,
2022-09-09,11:00,26.8,17.2,57,NNW,8,16.1,1018.25,0,0,3,659,,
2022-09-09,11:15,27.6,17.8,55,WEST,14.5,19.3,1018.29,0,0,3,693,,
2022-09-09,11:30,27.8,17.2,53,WNW,12.9,22.5,1018.29,0,0,4,714,,
2022-09-09,11:45,28.3,17.2,52,WEST,3.2,20.9,1018.42,0,0,4,742,,
2022-09-09,12:00,28.9,15,43,WNW,8,22.5,1018.35,0,0,4,763,,
2022-09-09,12:15,29.4,13.9,39,WEST,20.9,20.9,1018.29,0,0,4,779,,
2022-09-09,12:30,29.7,13.9,38,ENE,4.8,25.7,1018.15,0,0,4,791,,
2022-09-09,12:45,30,13.9,38,WNW,20.9,29,1018.15,0,0,5,803,,
2022-09-09,13:00,29.9,14.4,39,WNW,17.7,27.4,1018.08,0,0,5,809,,
2022-09-09,13:15,30.1,15,41,SW,1.6,32.2,1017.91,0,0,5,810,,
2022-09-09,13:30,30.4,14.4,38,WNW,22.5,38.6,1017.91,0,0,5,814,,
2022-09-09,13:45,30.6,14.4,37,WNW,19.3,35.4,1018.12,0,0,5,773,,
2022-09-09,14:00,30.6,14.4,37,ENE,9.7,27.4,1017.98,0,0,4,737,,
2022-09-09,14:15,30.3,13.9,37,WNW,19.3,41.8,1018.22,0,0,5,784,,
2022-09-09,14:30,30.4,14.4,38,NW,17.7,32.2,1018.19,0,0,4,737,,
2022-09-09,14:45,30.2,14.4,38,WNW,22.5,40.2,1018.32,0,0,4,686,,
2022-09-09,15:00,29.6,12.8,36,WEST,27.4,40.2,1018.08,0,0,3,541,,
2022-09-09,15:15,29.7,13.9,39,WEST,17.7,37,1017.98,0,0,3,659,,
2022-09-09,15:30,29.7,13.9,38,WNW,24.1,37,1018.05,0,0,3,566,,
2022-09-09,15:45,29.5,13.3,37,NW,20.9,38.6,1018.08,0,0,3,589,,
2022-09-09,16:00,29.6,12.8,36,WNW,20.9,33.8,1018.12,0,0,3,561,,
2022-09-09,16:15,29.7,13.3,37,WNW,19.3,41.8,1017.98,0,0,2,522,,
2022-09-09,16:30,29.3,13.3,38,WNW,20.9,41.8,1017.88,0,0,2,475,,
2022-09-09,16:45,29.4,12.8,35,WNW,24.1,37,1017.85,0,0,2,503,,
2022-09-09,17:00,29.3,13.3,38,WNW,12.9,38.6,1017.81,0,0,1,334,,
2022-09-09,17:15,29.1,12.8,36,WNW,27.4,38.6,1017.85,0,0,1,309,,
2022-09-09,17:30,28.7,13.3,40,SOUTH,16.1,45.1,1017.78,0,0,1,343,,
2022-09-09,17:45,28.2,12.8,39,WEST,22.5,43.5,1017.71,0,0,1,246,,
2022-09-09,18:00,27.8,13.9,42,NW,27.4,32.2,1017.81,0,0,0,160,,
2022-09-09,18:15,27.4,14.4,46,NNE,20.9,30.6,1017.85,0,0,0,139,,
2022-09-09,18:30,26.9,15.6,50,NW,19.3,38.6,1017.88,0,0,0,156,,
2022-09-09,18:45,26.7,15.6,51,WNW,12.9,35.4,1017.95,0,0,0,86,,
2022-09-09,19:00,26.3,16.1,54,WEST,17.7,38.6,1017.98,0,0,0,42,,
2022-09-09,19:15,25.8,16.1,55,WNW,25.7,32.2,1018.05,0,0,0,12,,
2022-09-09,19:30,25.1,16.1,57,NW,4.8,20.9,1017.98,0,0,0,0,,
2022-09-09,19:45,24.6,16.7,62,WNW,11.3,19.3,1018.02,0,0,0,0,,
2022-09-09,20:00,24.3,17.8,67,WEST,22.5,30.6,1018.15,0,0,0,0,,
2022-09-09,20:15,23.9,18.3,70,NW,16.1,29,1018.59,0,0,0,0,,
2022-09-09,20:30,23.7,18.3,72,WEST,14.5,25.7,1018.59,0,0,0,0,,
2022-09-09,20:45,23.7,18.3,72,WNW,8,27.4,1018.59,0,0,0,0,,
2022-09-09,21:00,23.5,17.8,72,NW,9.7,24.1,1018.96,0,0,0,0,,
2022-09-09,21:15,23.3,17.8,72,WNW,4.8,22.5,1019.24,0,0,0,0,,
2022-09-09,21:30,23.3,17.8,72,WEST,20.9,25.7,1019.24,0,0,0,0,,
2022-09-09,21:45,23.1,17.8,72,WEST,17.7,24.1,1019.17,0,0,0,0,,
2022-09-09,22:00,23.1,17.8,72,WEST,12.9,22.5,1019.2,0,0,0,0,,
2022-09-09,22:15,22.9,17.8,72,WNW,11.3,24.1,1019.44,0,0,0,0,,
2022-09-09,22:30,22.9,17.8,72,WEST,16.1,25.7,1019.17,0,0,0,0,,
2022-09-09,22:45,22.9,17.2,72,WNW,8,20.9,1019.13,0,0,0,0,,
2022-09-09,23:00,22.8,17.2,72,NW,16.1,19.3,1019.13,0,0,0,0,,
2022-09-09,23:15,22.7,17.2,73,WNW,3.2,16.1,1019.3,0,0,0,0,,
2022-09-09,23:30,22.3,17.2,74,WNW,4.8,8,1019.4,0,0,0,0,,
2022-09-09,23:45,22.2,16.7,73,WNW,3.2,14.5,1019.47,0,0,0,0,,
2022-09-09,OVR,,,,,,,,,,,,gustmax,27.4
2022-09-09,OVR,,,,,,,,,,,,rainrate_max,0
2022-09-09,OVR,,,,,,,,,,,,rain_total_mm,0
2022-09-09,OVR,,,,,,,,,,,,tmax,30.8
2022-09-09,OVR,,,,,,,,,,,,tmin,20.8
2022-09-09,OVR,,,,,,,,,,,,wind_dir_mean_deg,292.5
2022-09-10,00:00,22.2,17.2,74,WNW,4.8,12.9,1019.44,0,0,0,0,,
2022-09-10,00:15,21.8,17.2,75,NORTH,0,4.8,1019.51,0,0,0,0,,
2022-09-10,00:30,21.8,17.2,76,NORTH,0,6.4,1019.51,0,0,0,0,,
2022-09-10,00:45,20.8,16.7,78,NORTH,0,4.8,1019.44,0,0,0,0,,
2022-09-10,01:00,21.7,17.2,77,WEST,3.2,11.3,1019.3,0,0,0,0,,
2022-09-10,01:15,22,17.2,75,WNW,4.8,12.9,1019.44,0,0,0,0,,
2022-09-10,01:30,22.3,17.2,74,WNW,14.5,19.3,1019.2,0,0,0,0,,
2022-09-10,01:45,22.6,17.2,73,WEST,16.1,20.9,1019.27,0,0,0,0,,
2022-09-10,02:00,22.3,17.2,73,NW,4.8,19.3,1019.17,0,0,0,0,,
2022-09-10,02:15,21.9,16.7,74,NW,8,12.9,1019.1,0,0,0,0,,
2022-09-10,02:30,22,16.7,73,NNW,3.2,14.5,1018.96,0,0,0,0,,
2022-09-10,02:45,21.2,16.1,74,NORTH,0,6.4,1019.03,0,0,0,0,,
2022-09-10,03:00,20.6,16.1,76,NORTH,0,4.8,1018.93,0,0,0,0,,
2022-09-10,03:15,20.3,16.1,77,NORTH,0,0,1018.63,0,0,0,0,,
2022-09-10,03:30,20.6,16.1,75,NORTH,0,3.2,1018.59,0,0,0,0,,
2022-09-10,03:45,21.1,16.1,74,WNW,3.2,8,1018.52,0,0,0,0,,
2022-09-10,04:00,21.6,16.1,71,WNW,3.2,11.3,1018.42,0,0,0,0,,
2022-09-10,04:15,20.8,15.6,73,NORTH,0,4.8,1018.39,0,0,0,0,,
2022-09-10,04:30,20.2,15.6,75,NORTH,0,1.6,1018.39,0,0,0,0,,
2022-09-10,04:45,20.2,15,74,NORTH,0,4.8,1018.32,0,0,0,0,,
2022-09-10,05:00,20,15,75,NW,1.6,6.4,1018.35,0,0,0,0,,
2022-09-10,05:15,19.9,15,73,NW,1.6,6.4,1018.46,0,0,0,0,,
2022-09-10,05:30,19.8,14.4,73,NORTH,0,3.2,1018.52,0,0,0,0,,
2022-09-10,05:45,19.6,14.4,73,NW,1.6,3.2,1018.56,0,0,0,0,,
2022-09-10,06:00,19.1,14.4,75,NW,1.6,3.2,1018.66,0,0,0,0,,
2022-09-10,06:15,19.4,15,75,NW,1.6,3.2,1018.76,0,0,0,0,,
2022-09-10,06:30,20.1,15.6,75,NW,3.2,3.2,1018.86,0,0,0,0,,
2022-09-10,06:45,20.1,15.6,76,NORTH,0,1.6,1018.9,0,0,0,0,,
2022-09-10,07:00,20.4,16.1,76,NW,3.2,3.2,1019.03,0,0,0,0,,
2022-09-10,07:15,20.4,16.1,77,NW,1.6,3.2,1019.1,0,0,0,11,,
2022-09-10,07:30,20.6,16.1,77,NW,1.6,3.2,1019.17,0,0,0,44,,
2022-09-10,07:45,20.9,16.7,77,NW,1.6,3.2,1019.2,0,0,0,60,,
2022-09-10,08:00,21.5,16.7,76,NW,1.6,4.8,1019.44,0,0,0,107,,
2022-09-10,08:15,21.7,16.7,75,NW,1.6,4.8,1019.44,0,0,0,153,,
2022-09-10,08:30,22.4,17.8,76,NW,3.2,6.4,1019.4,0,0,0,181,,
2022-09-10,08:45,23.2,18.3,75,NW,3.2,8,1019.51,0,0,1,188,,
2022-09-10,09:00,23.7,18.9,75,NW,3.2,6.4,1019.44,0,0,1,290,,
2022-09-10,09:15,23.5,18.3,74,NNW,6.4,12.9,1019.4,0,0,1,294,,
2022-09-10,09:30,24,18.9,73,NNW,4.8,9.7,1019.51,0,0,1,381,,
2022-09-10,09:45,24.3,18.9,73,NW,6.4,12.9,1019.71,0,0,2,462,,
2022-09-10,10:00,24.6,18.9,72,WNW,4.8,19.3,1019.84,0,0,2,510,,
2022-09-10,10:15,24.8,18.9,71,NW,8,27.4,1019.98,0,0,2,548,,
2022-09-10,10:30,25.3,19.4,71,WNW,14.5,20.9,1020.18,0,0,2,587,,
2022-09-10,10:45,25.8,19.4,69,WEST,12.9,29,1020.15,0,0,3,635,,
2022-09-10,11:00,25.7,18.9,67,WEST,14.5,33.8,1020.29,0,0,3,664,,
2022-09-10,11:15,26,18.9,66,WEST,29,38.6,1020.42,0,0,2,134,,
2022-09-10,11:30,26.2,18.3,63,WEST,25.7,43.5,1020.52,0,0,4,765,,
2022-09-10,11:45,26.5,17.2,58,WEST,20.9,46.7,1020.39,0,0,4,747,,
2022-09-10,12:00,26.7,18.3,60,WNW,22.5,41.8,1020.22,0,0,4,768,,
2022-09-10,12:15,26.8,18.3,61,WEST,25.7,46.7,1020.25,0,0,4,780,,
2022-09-10,12:30,26.8,18.3,59,WNW,22.5,45.1,1020.12,0,0,4,803,,
2022-09-10,12:45,27.1,17.8,58,WNW,19.3,40.2,1019.98,0,0,5,814,,
2022-09-10,13:00,26.8,17.8,58,WNW,19.3,40.2,1019.91,0,0,5,824,,
2022-09-10,13:15,27.4,18.3,57,WNW,24.1,40.2,1019.88,0,0,5,831,,
2022-09-10,13:30,27.5,17.8,57,WNW,20.9,46.7,1019.91,0,0,5,809,,
2022-09-10,13:45,27.4,17.8,56,WNW,24.1,43.5,1019.88,0,0,5,803,,
2022-09-10,14:00,27.7,17.2,53,WNW,17.7,49.9,1019.68,0,0,4,795,,
2022-09-10,14:15,27.3,17.2,55,WNW,25.7,48.3,1019.57,0,0,4,780,,
2022-09-10,14:30,27.4,17.2,55,EAST,19.3,45.1,1019.61,0,0,4,763,,
2022-09-10,14:45,27.4,17.8,56,SSW,38.6,48.3,1019.37,0,0,4,738,,
2022-09-10,15:00,27.5,17.2,53,WEST,17.7,43.5,1019.37,0,0,4,717,,
2022-09-10,15:15,27.3,17.2,54,ENE,11.3,46.7,1019.13,0,0,3,691,,
2022-09-10,15:30,27.3,16.7,52,WEST,30.6,45.1,1019.07,0,0,3,666,,
2022-09-10,15:45,27.3,16.7,53,WNW,27.4,48.3,1018.9,0,0,3,633,,
2022-09-10,16:00,26.9,16.7,54,WEST,29,43.5,1018.93,0,0,3,605,,
2022-09-10,16:15,27.2,16.1,51,WEST,33.8,43.5,1018.76,0,0,2,568,,
2022-09-10,16:30,26.9,15,49,WNW,14.5,45.1,1018.59,0,0,2,531,,
2022-09-10,16:45,26.9,15.6,50,WNW,20.9,46.7,1018.83,0,0,2,485,,
2022-09-10,17:00,26.8,13.9,45,WNW,27.4,43.5,1018.76,0,0,2,439,,
2022-09-10,17:15,26.7,13.9,46,WEST,24.1,51.5,1019.03,0,0,1,397,,
2022-09-10,17:30,26.3,14.4,49,WNW,20.9,49.9,1018.96,0,0,1,345,,
2022-09-10,17:45,25.9,15.6,53,WEST,20.9,45.1,1019.03,0,0,1,301,,
2022-09-10,18:00,25.8,15.6,53,WNW,29,40.2,1018.86,0,0,1,250,,
2022-09-10,18:15,25.7,13.9,49,WEST,19.3,41.8,1018.96,0,0,0,192,,
2022-09-10,18:30,25.3,14.4,51,WNW,20.9,46.7,1019,0,0,0,134,,
2022-09-10,18:45,24.9,15,55,NW,14.5,32.2,1018.9,0,0,0,83,,
2022-09-10,19:00,24.7,15.6,58,WNW,24.1,30.6,1018.76,0,0,0,40,,
2022-09-10,19:15,24.3,15.6,60,WEST,19.3,37,1018.86,0,0,0,19,,
2022-09-10,19:30,23.9,16.1,62,WNW,17.7,32.2,1019.03,0,0,0,11,,
2022-09-10,19:45,23.4,16.1,65,WNW,16.1,27.4,1018.86,0,0,0,0,,
2022-09-10,20:00,23.1,16.1,66,WNW,16.1,22.5,1018.93,0,0,0,0,,
2022-09-10,20:15,22.8,16.1,68,NW,9.7,24.1,1019.1,0,0,0,0,,
2022-09-10,20:30,22.6,16.7,69,NW,6.4,22.5,1019.17,0,0,0,0,,
2022-09-10,20:45,22.3,16.7,70,WNW,4.8,14.5,1019.44,0,0,0,0,,
2022-09-10,21:00,22.2,16.7,71,NNW,8,16.1,1019.51,0,0,0,0,,
2022-09-10,21:15,22.1,16.7,72,NW,6.4,17.7,1019.4,0,0,0,0,,
2022-09-10,21:30,22,16.7,73,NNW,8,19.3,1019.51,0,0,0,0,,
2022-09-10,21:45,21.9,17.2,74,NNW,14.5,25.7,1019.57,0,0,0,0,,
2022-09-10,22:00,21.9,17.2,75,NW,14.5,20.9,1019.54,0,0,0,0,,
2022-09-10,22:15,21.8,17.2,76,WNW,16.1,20.9,1019.54,0,0,0,0,,
2022-09-10,22:30,21.8,17.2,76,NW,9.7,20.9,1019.47,0,0,0,0,,
2022-09-10,22:45,21.7,17.2,76,WNW,4.8,19.3,1019.44,0,0,0,0,,
2022-09-10,23:00,21.6,17.2,77,NW,14.5,19.3,1019.37,0,0,0,0,,
2022-09-10,23:15,21.6,17.2,77,WNW,12.9,20.9,1019.61,0,0,0,0,,
2022-09-10,23:30,21.5,17.2,77,WNW,8,17.7,1019.61,0,0,0,0,,
2022-09-10,23:45,21.3,17.2,78,WNW,6.4,20.9,1019.81,0,0,0,0,,
2022-09-10,OVR,,,,,,,,,,,,gustmax,38.6
2022-09-10,OVR,,,,,,,,,,,,rainrate_max,0
2022-09-10,OVR,,,,,,,,,,,,rain_total_mm,0
2022-09-10,OVR,,,,,,,,,,,,tmax,27.8
2022-09-10,OVR,,,,,,,,,,,,tmin,19.1
2022-09-10,OVR,,,,,,,,,,,,wind_dir_mean_deg,292.5
2022-09-11,00:00,21.1,17.2,79,NW,11.3,9.7,1019.68,0,0,0,0,,
2022-09-11,00:15,20.9,17.2,80,NW,1.6,8,1019.68,0,0,0,0,,
2022-09-11,00:30,20.8,17.2,80,NW,3.2,4.8,1019.68,0,0,0,0,,
2022-09-11,00:45,20.7,17.2,80,NORTH,0,11.3,1019.51,0,0,0,0,,
2022-09-11,01:00,20.7,17.2,81,NNW,4.8,9.7,1019.44,0,0,0,0,,
2022-09-11,01:15,20.6,17.2,81,NORTH,0,8,1019.57,0,0,0,0,,
2022-09-11,01:30,20.4,17.2,82,NORTH,0,8,1019.37,0,0,0,0,,
2022-09-11,01:45,20.1,16.7,83,NW,3.2,4.8,1019.3,0,0,0,0,,
2022-09-11,02:00,20.3,17.2,83,NW,1.6,6.4,1019.24,0,0,0,0,,
2022-09-11,02:15,20.2,17.2,83,NW,3.2,4.8,1019.07,0,0,0,0,,
2022-09-11,02:30,19.9,16.7,84,NORTH,0,3.2,1018.96,0,0,0,0,,
2022-09-11,02:45,19.8,16.7,84,NORTH,0,3.2,1018.9,0,0,0,0,,
2022-09-11,03:00,19.8,16.7,84,NORTH,0,4.8,1018.76,0,0,0,0,,
2022-09-11,03:15,19.7,17.2,86,NORTH,0,6.4,1018.73,0,0,0,0,,
2022-09-11,03:30,19.9,17.2,85,NW,1.6,4.8,1018.73,0,0,0,0,,
2022-09-11,03:45,19.7,16.7,85,NORTH,0,3.2,1018.66,0,0,0,0,,
2022-09-11,04:00,19.6,16.7,85,NW,1.6,4.8,1018.56,0,0,0,0,,
2022-09-11,04:15,19.4,16.7,85,NW,1.6,3.2,1018.39,0,0,0,0,,
2022-09-11,04:30,19.4,16.7,86,NNW,1.6,4.8,1018.32,0,0,0,0,,
2022-09-11,04:45,19.3,16.7,87,NNW,1.6,4.8,1018.29,0,0,0,0,,
2022-09-11,05:00,19.1,16.7,86,NNW,1.6,4.8,1018.22,0,0,0,0,,
2022-09-11,05:15,19,16.7,86,NNW,1.6,6.4,1018.25,0,0,0,0,,
2022-09-11,05:30,19.2,16.7,86,NW,1.6,6.4,1018.19,0,0,0,0,,
2022-09-11,05:45,19.2,16.7,86,NW,3.2,3.2,1018.15,0,0,0,0,,
2022-09-11,06:00,19.4,16.7,87,WNW,6.4,11.3,1017.85,0,0,0,0,,
2022-09-11,06:15,19.6,17.2,87,NW,4.8,6.4,1017.91,0,0,0,0,,
2022-09-11,06:30,19.5,17.2,87,NW,4.8,8,1017.81,0,0,0,0,,
2022-09-11,06:45,19.4,17.2,87,NW,3.2,11.3,1017.75,0,0,0,0,,
2022-09-11,07:00,19.2,16.7,87,NW,8,8,1017.78,0,0,0,0,,
2022-09-11,07:15,19.2,17.2,88,NW,4.8,8,1017.98,0,0,0,9,,
2022-09-11,07:30,19.7,17.2,88,NW,11.3,14.5,1017.98,0,0,0,44,,
2022-09-11,07:45,20,17.2,86,NW,6.4,24.1,1018.12,0,0,0,69,,
2022-09-11,08:00,19.9,17.2,87,NW,8,6.4,1018.22,0,0,0,113,,
2022-09-11,08:15,20.7,18.3,86,WNW,8,12.9,1018.12,0,0,0,156,,
2022-09-11,08:30,21.2,18.3,83,NNW,3.2,8,1018.15,0,0,0,179,,
2022-09-11,08:45,21.7,18.3,82,NNW,6.4,12.9,1018.19,0,0,1,200,,
2022-09-11,09:00,21.8,18.3,81,NNW,8,16.1,1018.22,0,0,1,292,,
2022-09-11,09:15,22.1,18.3,81,NNW,6.4,12.9,1018.22,0,0,1,299,,
2022-09-11,09:30,22.4,18.3,79,NW,8,12.9,1018.19,0,0,1,401,,
2022-09-11,09:45,22.9,18.3,77,NNW,4.8,11.3,1018.19,0,0,2,464,,
2022-09-11,10:00,23.5,18.3,74,,4.8,9.7,1018.35,0,0,2,519,,
2022-09-11,10:15,23.9,18.9,73,WEST,12.9,22.5,1018.49,0,0,2,548,,
2022-09-11,10:30,24.1,18.9,73,WSW,3.2,20.9,1018.56,0,0,2,589,,
2022-09-11,10:45,24.8,19.4,72,WNW,6.4,17.7,1018.35,0,0,3,619,,
2022-09-11,11:00,25,18.9,69,WNW,16.1,29,1018.63,0,0,3,668,,
2022-09-11,11:15,25.6,18.3,66,WNW,14.5,29,1018.56,0,0,3,686,,
2022-09-11,11:30,25.9,18.9,66,WEST,38.6,35.4,1018.66,0,0,4,714,,
2022-09-11,11:45,25.9,18.3,63,NNE,16.1,37,1018.83,0,0,4,737,,
2022-09-11,12:00,26.3,18.3,62,WEST,29,35.4,1018.76,0,0,4,758,,
2022-09-11,12:15,26.3,18.9,64,WEST,17.7,35.4,1018.63,0,0,4,772,,
2022-09-11,12:30,26.6,18.3,62,WNW,24.1,37,1018.8,0,0,4,789,,
2022-09-11,12:45,26.9,18.9,62,WNW,24.1,38.6,1018.66,0,0,5,795,,
2022-09-11,13:00,27.1,18.9,61,WEST,22.5,41.8,1018.73,0,0,5,793,,
2022-09-11,13:15,27.1,18.9,61,ENE,9.7,40.2,1018.73,0,0,5,800,,
2022-09-11,13:30,27.1,18.9,62,WEST,30.6,41.8,1018.59,0,0,5,793,,
2022-09-11,13:45,27.4,19.4,62,WNW,32.2,45.1,1018.63,0,0,5,788,,
2022-09-11,14:00,27.2,18.9,61,WEST,17.7,43.5,1018.93,0,0,4,777,,
2022-09-11,14:15,27.4,19.4,61,WEST,16.1,30.6,1018.42,0,0,4,759,,
2022-09-11,14:30,27.3,18.9,61,WNW,22.5,45.1,1018.29,0,0,4,747,,
2022-09-11,14:45,27.4,18.9,61,WNW,24.1,40.2,1018.05,0,0,4,728,,
2022-09-11,15:00,27.7,19.4,61,WNW,29,41.8,1017.98,0,0,4,700,,
2022-09-11,15:15,27.9,19.4,61,WNW,16.1,32.2,1018.05,0,0,3,675,,
2022-09-11,15:30,27.6,19.4,63,NW,29,48.3,1017.64,0,0,3,647,,
2022-09-11,15:45,27.4,20,64,WNW,25.7,49.9,1017.44,0,0,3,612,,
2022-09-11,16:00,27.8,20,63,WNW,29,40.2,1017.41,0,0,3,582,,
2022-09-11,16:15,27.3,20,65,WNW,22.5,45.1,1017.1,0,0,2,547,,
2022-09-11,16:30,27.3,20.6,66,WEST,25.7,46.7,1017.14,0,0,2,508,,
2022-09-11,16:45,27.3,20.6,67,WNW,29,43.5,1017.14,0,0,2,464,,
2022-09-11,17:00,26.9,20.6,68,WNW,33.8,45.1,1017.24,0,0,1,422,,
2022-09-11,17:15,26.8,20.6,69,WEST,29,49.9,1017.07,0,0,1,374,,
2022-09-11,17:30,26.8,20.6,69,NNE,16.1,41.8,1017.17,0,0,1,329,,
2022-09-11,17:45,26.2,20,70,WEST,38.6,53.1,1017.1,0,0,1,279,,
2022-09-11,18:00,25.8,20.6,73,WEST,29,49.9,1017.14,0,0,1,223,,
2022-09-11,18:15,25.7,20.6,74,WNW,19.3,51.5,1017.1,0,0,0,174,,
2022-09-11,18:30,25.3,20.6,76,WEST,53.1,48.3,1017.07,0,0,0,120,,
2022-09-11,18:45,25.1,20.6,76,WEST,38.6,43.5,1017.27,0,0,0,70,,
2022-09-11,19:00,24.7,20.6,78,WNW,19.3,46.7,1017.07,0,0,0,35,,
2022-09-11,19:15,24.6,20.6,79,WEST,24.1,41.8,1017.07,0,0,0,18,,
2022-09-11,19:30,24.2,20.6,80,WEST,27.4,43.5,1017,0,0,0,7,,
2022-09-11,19:45,24.1,20.6,81,WEST,16.1,38.6,1016.97,0,0,0,0,,
2022-09-11,20:00,23.8,20.6,82,WNW,16.1,32.2,1017.03,0,0,0,0,,
2022-09-11,20:15,23.6,20.6,84,WEST,14.5,32.2,1017.03,0,0,0,0,,
2022-09-11,20:30,23.4,20.6,85,WEST,9.7,29,1017.2,0,0,0,0,,
2022-09-11,20:45,23.3,20.6,86,WNW,14.5,25.7,1017.14,0,0,0,0,,
2022-09-11,21:00,23.2,20.6,86,WEST,20.9,29,1017.37,0,0,0,0,,
2022-09-11,21:15,23.2,20.6,87,WEST,25.7,27.4,1017.41,0,0,0,0,,
2022-09-11,21:30,23,20.6,88,WNW,8,20.9,1017.64,0,0,0,0,,
2022-09-11,21:45,22.9,20.6,88,WNW,8,22.5,1017.71,0,0,0,0,,
2022-09-11,22:00,22.9,20.6,89,WNW,12.9,20.9,1017.78,0,0,0,0,,
2022-09-11,22:15,22.9,20.6,89,WEST,4.8,20.9,1017.78,0,0,0,0,,
2022-09-11,22:30,22.6,20.6,90,NORTH,0,12.9,1017.85,0,0,0,0,,
2022-09-11,22:45,22.5,20.6,90,WEST,9.7,11.3,1017.71,0,0,0,0,,
2022-09-11,23:00,22.4,20.6,91,WEST,1.6,6.4,1017.54,0,0,0,0,,
2022-09-11,23:15,22.4,20.6,91,WEST,6.4,12.9,1017.51,0,0,0,0,,
2022-09-11,23:30,22.5,21.1,91,WEST,1.6,12.9,1017.51,0,0,0,0,,
2022-09-11,23:45,22.4,21.1,92,WNW,1.6,6.4,1017.44,0,0,0,0,,
2022-09-11,OVR,,,,,,,,,,,,gustmax,53.1
2022-09-11,OVR,,,,,,,,,,,,rainrate_max,0
2022-09-11,OVR,,,,,,,,,,,,rain_total_mm,0
2022-09-11,OVR,,,,,,,,,,,,tmax,28
2022-09-11,OVR,,,,,,,,,,,,tmin,18.8
2022-09-11,OVR,,,,,,,,,,,,wind_dir_mean_deg,292.5
2022-09-12,00:00,22.1,20.6,91,NORTH,0,12.9,1017.54,0,0,0,0,,
2022-09-12,00:15,22,20.6,92,NW,1.6,3.2,1017.64,0,0,0,0,,
2022-09-12,00:30,21.8,20,92,NORTH,0,3.2,1017.75,0,0,0,0,,
2022-09-12,00:45,21.6,20,92,NORTH,0,3.2,1017.61,0,0,0,0,,
2022-09-12,01:00,21.1,19.4,92,NORTH,0,1.6,1017.64,0,0,0,0,,
2022-09-12,01:15,21.1,19.4,92,NORTH,0,3.2,1017.54,0,0,0,0,,
2022-09-12,01:30,20.8,19.4,92,NW,1.6,3.2,1017.61,0,0,0,0,,
2022-09-12,01:45,20.6,18.9,92,NW,3.2,1.6,1017.41,0,0,0,0,,
2022-09-12,02:00,20.6,18.9,92,,1.6,3.2,1017.27,0,0,0,0,,
2022-09-12,02:15,20.5,18.9,91,,3.2,6.4,1017.2,0,0,0,0,,
2022-09-12,02:30,21.1,19.4,91,,4.8,6.4,1017.24,0,0,0,0,,
2022-09-12,02:45,21.6,20,91,NNW,3.2,8,1017.2,0,0,0,0,,
2022-09-12,03:00,21.3,19.4,91,NNW,1.6,3.2,1017.14,0,0,0,0,,
2022-09-12,03:15,20.8,18.9,91,NORTH,0,4.8,1016.93,0,0,0,0,,
2022-09-12,03:30,21,19.4,92,NORTH,0,3.2,1017.03,0,0,0,0,,
2022-09-12,03:45,20.9,19.4,93,NNW,3.2,6.4,1017,0,0,0,0,,
2022-09-12,04:00,20.6,19.4,93,NNW,4.8,4.8,1016.83,0,0,0,0,,
2022-09-12,04:15,20.8,19.4,93,NORTH,0,4.8,1016.59,0,0,0,0,,
2022-09-12,04:30,20.7,19.4,93,NORTH,0,3.2,1016.36,0,0,0,0,,
2022-09-12,04:45,20.4,18.9,92,NNW,1.6,4.8,1016.36,0,0,0,0,,
2022-09-12,05:00,20.6,18.9,91,NORTH,0,3.2,1016.29,0,0,0,0,,
2022-09-12,05:15,20.2,18.3,90,NORTH,0,0,1016.42,0,0,0,0,,
2022-09-12,05:30,20.2,18.9,92,NORTH,0,0,1016.22,0,0,0,0,,
2022-09-12,05:45,20,18.3,92,NORTH,0,0,1016.19,0,0,0,0,,
2022-09-12,06:00,19.8,18.3,92,NORTH,0,0,1016.32,0,0,0,0,,
2022-09-12,06:15,19.7,18.3,93,NORTH,0,0,1016.53,0,0,0,0,,
2022-09-12,06:30,19.7,18.3,92,NORTH,0,0,1016.53,0,0,0,0,,
2022-09-12,06:45,19.8,18.3,92,NORTH,0,0,1016.63,0,0,0,0,,
2022-09-12,07:00,19.7,18.3,92,NORTH,0,0,1016.86,0,0,0,0,,
2022-09-12,07:15,19.8,18.3,91,NORTH,0,0,1016.86,0,0,0,11,,
2022-09-12,07:30,19.9,18.3,91,NORTH,0,0,1017.03,0,0,0,37,,
2022-09-12,07:45,20.1,18.3,90,NORTH,0,0,1017.1,0,0,0,58,,
2022-09-12,08:00,20.3,18.3,90,NORTH,0,3.2,1017.1,0,0,0,104,,
2022-09-12,08:15,20.7,18.3,88,NNW,1.6,1.6,1017.17,0,0,0,139,,
2022-09-12,08:30,21.3,18.9,87,NNW,1.6,3.2,1017.17,0,0,0,160,,
2022-09-12,08:45,21.7,18.9,85,NW,3.2,8,1017.31,0,0,1,209,,
2022-09-12,09:00,21.9,18.9,85,NW,11.3,12.9,1017.2,0,0,1,281,,
2022-09-12,09:15,22.4,19.4,83,NW,6.4,12.9,1017.2,0,0,1,302,,
2022-09-12,09:30,23.4,18.9,78,NW,8,9.7,1017.1,0,0,1,404,,
2022-09-12,09:45,24.2,18.9,74,NNW,4.8,12.9,1017.07,0,0,2,466,,
2022-09-12,10:00,24.7,18.9,72,NNE,4.8,12.9,1017.1,0,0,2,508,,
2022-09-12,10:15,25.1,18.9,69,NW,3.2,16.1,1017.24,0,0,2,547,,
2022-09-12,10:30,25.7,18.9,66,NW,12.9,19.3,1017.31,0,0,2,585,,
2022-09-12,10:45,25.8,18.3,65,NNW,14.5,20.9,1017.14,0,0,3,622,,
2022-09-12,11:00,26.2,18.3,63,NNW,8,19.3,1017.31,0,0,3,657,,
2022-09-12,11:15,26.6,18.3,62,NW,4.8,19.3,1017.37,0,0,3,684,,
2022-09-12,11:30,26.8,17.8,58,WNW,6.4,17.7,1017.31,0,0,4,714,,
2022-09-12,11:45,27.3,16.7,53,WNW,16.1,19.3,1017.34,0,0,4,737,,
2022-09-12,12:00,27.9,15,46,NW,17.7,19.3,1017.2,0,0,4,758,,
2022-09-12,12:15,28.4,15.6,45,WNW,11.3,16.1,1017.07,0,0,4,773,,
2022-09-12,12:30,28.7,15,44,NNW,3.2,16.1,1017,0,0,4,786,,
2022-09-12,12:45,29.9,15,41,WNW,3.2,17.7,1017.2,0,0,4,793,,
2022-09-12,13:00,29.4,16.7,47,EAST,1.6,16.1,1016.83,0,0,5,796,,
2022-09-12,13:15,29.9,17.2,48,WNW,8,20.9,1016.8,0,0,5,796,,
2022-09-12,13:30,29.3,17.2,49,WNW,8,22.5,1016.66,0,0,5,795,,
2022-09-12,13:45,30.2,18.3,50,WEST,11.3,14.5,1016.63,0,0,4,782,,
2022-09-12,14:00,30,18.9,51,WEST,9.7,29,1016.56,0,0,4,768,,
2022-09-12,14:15,30.6,18.3,48,WSW,1.6,17.7,1016.36,0,0,4,759,,
2022-09-12,14:30,30.3,18.3,49,SSE,6.4,19.3,1016.22,0,0,4,742,,
2022-09-12,14:45,30.8,18.3,47,NW,14.5,24.1,1016.19,0,0,4,717,,
2022-09-12,15:00,30.7,18.9,50,WSW,4.8,29,1015.98,0,0,4,696,,
2022-09-12,15:15,30.9,19.4,51,WEST,14.5,27.4,1015.75,0,0,3,670,,
2022-09-12,15:30,30.6,19.4,52,WEST,16.1,30.6,1016.05,0,0,3,640,,
2022-09-12,15:45,30.4,20,53,WNW,12.9,33.8,1015.92,0,0,3,606,,
2022-09-12,16:00,30,19.4,53,WEST,14.5,32.2,1015.98,0,0,3,575,,
2022-09-12,16:15,29.7,19.4,55,WEST,14.5,30.6,1015.75,0,0,2,540,,
2022-09-12,16:30,29.4,20,57,WNW,19.3,37,1015.82,0,0,2,508,,
2022-09-12,16:45,29.2,20,58,WEST,24.1,33.8,1015.88,0,0,2,462,,
2022-09-12,17:00,28.9,19.4,56,NNW,17.7,30.6,1015.82,0,0,1,424,,
2022-09-12,17:15,28.5,19.4,58,ENE,8,29,1015.78,0,0,1,374,,
2022-09-12,17:30,28.2,19.4,60,WSW,4.8,30.6,1015.98,0,0,1,330,,
2022-09-12,17:45,27.8,18.9,58,WEST,27.4,33.8,1015.98,0,0,1,279,,
2022-09-12,18:00,27.5,19.4,63,WEST,20.9,29,1015.78,0,0,1,229,,
2022-09-12,18:15,27.1,20,66,WEST,12.9,30.6,1015.71,0,0,0,172,,
2022-09-12,18:30,26.8,20.6,69,ENE,14.5,25.7,1015.71,0,0,0,118,,
2022-09-12,18:45,26.4,20.6,72,WEST,9.7,30.6,1015.75,0,0,0,74,,
2022-09-12,19:00,26,21.1,74,SW,4.8,24.1,1015.75,0,0,0,32,,
2022-09-12,19:15,25.5,21.1,76,WNW,6.4,20.9,1015.78,0,0,0,14,,
2022-09-12,19:30,25,21.1,79,WEST,9.7,14.5,1015.78,0,0,0,7,,
2022-09-12,19:45,24.4,21.1,81,NORTH,0,14.5,1015.82,0,0,0,0,,
2022-09-12,20:00,24.1,21.1,84,WNW,6.4,14.5,1016.12,0,0,0,0,,
2022-09-12,20:15,23.8,21.1,85,WEST,4.8,9.7,1016.09,0,0,0,0,,
2022-09-12,20:30,23.5,21.1,86,SSW,1.6,11.3,1016.29,0,0,0,0,,
2022-09-12,20:45,23.3,21.1,88,SOUTH,1.6,4.8,1016.42,0,0,0,0,,
2022-09-12,21:00,22.9,20.6,88,SSE,6.4,9.7,1016.53,0,0,0,0,,
2022-09-12,21:15,22.6,20.6,89,SE,4.8,8,1016.59,0,0,0,0,,
2022-09-12,21:30,22.7,20.6,90,SSE,4.8,8,1016.7,0,0,0,0,,
2022-09-12,21:45,22.3,20,89,SSE,6.4,6.4,1016.53,0,0,0,0,,
2022-09-12,22:00,22.2,20.6,91,SSE,6.4,8,1016.59,0,0,0,0,,
2022-09-12,22:15,22.3,20.6,91,SE,8,12.9,1016.53,0,0,0,0,,
2022-09-12,22:30,22.4,20.6,91,ESE,8,12.9,1016.49,0,0,0,0,,
2022-09-12,22:45,22.3,20.6,91,SE,8,12.9,1016.53,0,0,0,0,,
2022-09-12,23:00,22.2,20.6,91,SE,11.3,14.5,1016.56,0,0,0,0,,
2022-09-12,23:15,22.3,20.6,91,ESE,12.9,16.1,1016.39,0,0,0,0,,
2022-09-12,23:30,22.2,20.6,91,SE,12.9,14.5,1016.46,0,0,0,0,,
2022-09-12,23:45,22.3,20.6,91,SE,12.9,14.5,1016.22,0,0,0,0,,
2022-09-12,OVR,,,,,,,,,,,,gustmax,27.4
2022-09-12,OVR,,,,,,,,,,,,rainrate_max,0
2022-09-12,OVR,,,,,,,,,,,,rain_total_mm,0
2022-09-12,OVR,,,,,,,,,,,,tmax,31.2
2022-09-12,OVR,,,,,,,,,,,,tmin,19.5
2022-09-12,OVR,,,,,,,,,,,,wind_dir_mean_deg,292.5
2022-09-13,00:00,22.4,20.6,92,ESE,14.5,14.5,1016.22,0,0,0,0,,
2022-09-13,00:15,22.4,21.1,92,ESE,12.9,14.5,1016.22,0,0,0,0,,
2022-09-13,00:30,22.4,21.1,92,ESE,11.3,16.1,1016.42,0,0,0,0,,
2022-09-13,00:45,22.3,20.6,92,ESE,6.4,14.5,1016.56,0,0,0,0,,
2022-09-13,01:00,22.3,20.6,92,ESE,11.3,12.9,1016.59,0,0,0,0,,
2022-09-13,01:15,22.3,21.1,93,ESE,6.4,12.9,1016.66,0,0,0,0,,
2022-09-13,01:30,22.2,20.6,92,ESE,3.2,12.9,1016.53,0,0,0,0,,
2022-09-13,01:45,22.1,20.6,92,ESE,6.4,9.7,1016.39,0,0,0,0,,
2022-09-13,02:00,22.1,20.6,92,SE,8,11.3,1016.19,0,0,0,0,,
2022-09-13,02:15,22.2,20.6,92,ESE,4.8,14.5,1016.09,0,0,0,0,,
2022-09-13,02:30,22.1,20.6,92,ESE,9.7,16.1,1015.98,0,0,0,0,,
2022-09-13,02:45,21.9,20.6,93,SE,1.6,6.4,1016.09,0,0,0,0,,
2022-09-13,03:00,21.9,20.6,93,SE,12.9,16.1,1015.88,0,0,0,0,,
2022-09-13,03:15,21.9,20.6,93,ESE,12.9,20.9,1015.85,0,0,0,0,,
2022-09-13,03:30,22,20.6,93,ESE,12.9,17.7,1015.75,0,0,0,0,,
2022-09-13,03:45,22,20.6,92,EAST,9.7,17.7,1015.75,0,0,0,0,,
2022-09-13,04:00,21.9,20.6,93,SE,14.5,17.7,1015.78,0,0,0,0,,
2022-09-13,04:15,21.9,20.6,92,ESE,20.9,22.5,1015.65,0,0,0,0,,
2022-09-13,04:30,21.9,20.6,92,ESE,16.1,19.3,1015.48,0,0,0,0,,
2022-09-13,04:45,22,20.6,92,SE,17.7,20.9,1015.48,0,0,0,0,,
2022-09-13,05:00,22,20.6,92,ESE,11.3,16.1,1015.31,0,0,0,0,,
2022-09-13,05:15,21.8,20.6,92,ESE,9.7,17.7,1015.21,0,0,0,0,,
2022-09-13,05:30,21.8,20,92,SE,12.9,17.7,1015.41,0,0,0,0,,
2022-09-13,05:45,21.7,20,92,ESE,6.4,16.1,1015.27,0,0,0,0,,
2022-09-13,06:00,21.7,20,92,SE,19.3,19.3,1015.37,0,0,0,0,,
2022-09-13,06:15,21.7,20,92,ESE,12.9,20.9,1015.48,0,0,0,0,,
2022-09-13,06:30,21.3,20,92,ESE,4.8,14.5,1015.51,0,0,0,0,,
2022-09-13,06:45,21.1,19.4,93,ESE,4.8,12.9,1015.58,0,0,0,0,,
2022-09-13,07:00,21.2,20,93,ESE,4.8,12.9,1015.68,0,0,0,0,,
2022-09-13,07:15,21.4,20,93,ESE,12.9,16.1,1015.61,0,0,0,11,,
2022-09-13,07:30,21.6,20,93,SE,16.1,17.7,1015.68,0,0,0,21,,
2022-09-13,07:45,21.8,20.6,92,SE,11.3,17.7,1015.61,0,0,0,56,,
2022-09-13,08:00,21.9,20.6,92,ESE,1.6,14.5,1015.85,0,0,0,51,,
2022-09-13,08:15,21.6,20,92,EAST,3.2,11.3,1015.88,0,0,0,132,,
2022-09-13,08:30,22.2,20.6,91,EAST,4.8,6.4,1015.75,0,0,0,158,,
2022-09-13,08:45,22.9,20.6,89,EAST,4.8,11.3,1015.88,0,0,0,207,,
2022-09-13,09:00,23.4,21.1,87,SE,19.3,11.3,1015.68,0,0,1,246,,
2022-09-13,09:15,23.7,21.1,85,ESE,6.4,22.5,1015.75,0,0,1,288,,
2022-09-13,09:30,23.8,21.1,84,ESE,6.4,19.3,1015.78,0,0,1,380,,
2022-09-13,09:45,24.2,20.6,82,ESE,4.8,22.5,1015.85,0,0,1,438,,
2022-09-13,10:00,24.8,21.1,80,ESE,8,24.1,1015.95,0,0,2,478,,
2022-09-13,10:15,25.1,21.1,79,ESE,11.3,22.5,1016.05,0,0,2,517,,
2022-09-13,10:30,25.4,20.6,76,SSE,16.1,24.1,1016.12,0,0,2,559,,
2022-09-13,10:45,25.9,21.1,74,ESE,16.1,24.1,1016.09,0,0,3,594,,
2022-09-13,11:00,26.7,21.1,71,ESE,11.3,24.1,1015.92,0,0,3,621,,
2022-09-13,11:15,27.1,20.6,68,ESE,27.4,27.4,1015.95,0,0,3,659,,
2022-09-13,11:30,27.4,20.6,66,SE,25.7,29,1016.05,0,0,3,686,,
2022-09-13,11:45,27.9,20,63,ESE,16.1,24.1,1015.95,0,0,4,705,,
2022-09-13,12:00,27.8,20,64,SE,11.3,32.2,1015.65,0,0,4,728,,
2022-09-13,12:15,28.4,20,61,ESE,14.5,33.8,1015.48,0,0,4,731,,
2022-09-13,12:30,27.9,20,62,SSE,16.1,33.8,1015.54,0,0,4,759,,
2022-09-13,12:45,28.3,20,62,SE,19.3,33.8,1015.37,0,0,4,766,,
2022-09-13,13:00,28.8,20.6,62,SE,20.9,29,1015.27,0,0,4,770,,
2022-09-13,13:15,28.7,20.6,62,SE,24.1,32.2,1015.34,0,0,4,775,,
2022-09-13,13:30,28.8,20.6,61,ESE,17.7,32.2,1015.17,0,0,4,770,,
2022-09-13,13:45,29.2,20,59,SE,17.7,30.6,1015.34,0,0,4,763,,
2022-09-13,14:00,29.4,20.6,60,SE,24.1,35.4,1015.1,0,0,4,754,,
2022-09-13,14:15,29.2,20.6,60,ESE,19.3,32.2,1015.37,0,0,4,740,,
2022-09-13,14:30,29.8,20.6,58,SE,24.1,27.4,1015.07,0,0,4,729,,
2022-09-13,14:45,29.6,19.4,55,SE,19.3,30.6,1014.97,0,0,4,712,,
2022-09-13,15:00,29.5,20.6,58,SE,22.5,32.2,1014.73,0,0,4,708,,
2022-09-13,15:15,29.9,20.6,58,ESE,19.3,33.8,1014.77,0,0,3,666,,
2022-09-13,15:30,29.8,20.6,58,SE,24.1,30.6,1014.73,0,0,3,638,,
2022-09-13,15:45,29.7,20.6,58,SE,12.9,35.4,1014.77,0,0,3,617,,
2022-09-13,16:00,29.5,20.6,60,SE,22.5,33.8,1014.53,0,0,2,571,,
2022-09-13,16:15,28.8,20.6,62,ESE,27.4,38.6,1014.29,0,0,2,536,,
2022-09-13,16:30,28.7,20.6,62,SE,35.4,37,1014.43,0,0,2,497,,
2022-09-13,16:45,28.1,20.6,63,SE,29,38.6,1014.6,0,0,2,441,,
2022-09-13,17:00,27.7,20.6,65,SE,33.8,37,1014.53,0,0,1,404,,
2022-09-13,17:15,27.4,20.6,66,SE,32.2,37,1014.33,0,0,1,357,,
2022-09-13,17:30,27.3,20.6,67,SE,27.4,43.5,1013.99,0,0,1,288,,
2022-09-13,17:45,27.2,20.6,68,ESE,30.6,40.2,1014.33,0,0,1,258,,
2022-09-13,18:00,26.8,20.6,70,SE,27.4,35.4,1014.49,0,0,0,204,,
2022-09-13,18:15,26.4,20,69,SE,32.2,37,1014.39,0,0,0,142,,
2022-09-13,18:30,25.8,19.4,69,SE,32.2,35.4,1014.73,0,0,0,86,,
2022-09-13,18:45,25.5,19.4,69,SE,29,33.8,1014.56,0,0,0,46,,
2022-09-13,19:00,25.2,19.4,71,ESE,17.7,30.6,1014.73,0,0,0,26,,
2022-09-13,19:15,24.8,19.4,72,SE,19.3,32.2,1014.93,0,0,0,16,,
2022-09-13,19:30,24.6,19.4,73,ESE,22.5,33.8,1015.1,0,0,0,0,,
2022-09-13,19:45,24.3,19.4,76,SE,19.3,33.8,1014.87,0,0,0,0,,
2022-09-13,20:00,24,20,79,ESE,16.1,27.4,1014.9,0,0,0,0,,
2022-09-13,20:15,23.8,20,80,SE,14.5,25.7,1015.24,0,0,0,0,,
2022-09-13,20:30,23.7,20,80,SE,14.5,22.5,1015.48,0,0,0,0,,
2022-09-13,20:45,23.5,20,82,ESE,12.9,24.1,1015.61,0,0,0,0,,
2022-09-13,21:00,23.3,20,82,ESE,14.5,20.9,1015.82,0,0,0,0,,
2022-09-13,21:15,23.2,20,83,ESE,14.5,22.5,1016.02,0,0,0,0,,
2022-09-13,21:30,23.2,20,83,ESE,16.1,27.4,1016.12,0,0,0,0,,
2022-09-13,21:45,23.1,20,84,SE,24.1,30.6,1015.85,0,0,0,0,,
2022-09-13,22:00,23,20,85,SE,19.3,29,1016.12,0,0,0,0,,
2022-09-13,22:15,22.9,20,86,ESE,17.7,27.4,1016.15,0,0,0,0,,
2022-09-13,22:30,22.9,20.6,86,ESE,17.7,27.4,1016.12,0,0,0,0,,
2022-09-13,22:45,22.9,20.6,87,ESE,19.3,27.4,1015.92,0,0,0,0,,
2022-09-13,23:00,22.8,20.6,86,SE,17.7,29,1015.98,0,0,0,0,,
2022-09-13,23:15,22.8,20,86,SE,12.9,22.5,1016.02,0,0,0,0,,
2022-09-13,23:30,22.7,20,87,SE,17.7,24.1,1016.02,0,0,0,0,,
2022-09-13,23:45,22.7,20.6,87,ESE,12.9,24.1,1016.19,0,0,0,0,,
2022-09-13,OVR,,,,,,,,,,,,gustmax,35.4
2022-09-13,OVR,,,,,,,,,,,,rainrate_max,0
2022-09-13,OVR,,,,,,,,,,,,rain_total_mm,0
2022-09-13,OVR,,,,,,,,,,,,tmax,30.3
2022-09-13,OVR,,,,,,,,,,,,tmin,21.1
2022-09-13,OVR,,,,,,,,,,,,wind_dir_mean_deg,135
2022-09-14,00:00,22.7,20.6,88,ESE,14.5,27.4,1016.22,0,0,0,0,,
2022-09-14,00:15,22.6,20.6,89,ESE,16.1,24.1,1016.12,0,0,0,0,,
2022-09-14,00:30,22.5,20.6,89,SE,19.3,20.9,1016.09,0,0,0,0,,
2022-09-14,00:45,22.6,20.6,89,SE,17.7,27.4,1016.05,0,0,0,0,,
2022-09-14,01:00,22.5,20.6,89,SE,24.1,29,1015.85,0,0,0,0,,
2022-09-14,01:15,22.4,20.6,89,ESE,22.5,30.6,1015.71,0,0,0,0,,
2022-09-14,01:30,22.4,20.6,89,ESE,24.1,30.6,1015.51,0,0,0,0,,
2022-09-14,01:45,22.6,20.6,89,SE,19.3,29,1015.41,0,0,0,0,,
2022-09-14,02:00,22.5,20.6,88,SE,27.4,29,1015.44,0,0,0,0,,
2022-09-14,02:15,22.6,20.6,88,ESE,22.5,32.2,1015.41,0,0,0,0,,
2022-09-14,02:30,22.5,20,88,ESE,30.6,30.6,1015.34,0,0,0,0,,
2022-09-14,02:45,22.4,20,88,SE,19.3,30.6,1015.34,0,0,0,0,,
2022-09-14,03:00,22.4,20,87,SE,24.1,29,1015.07,0,0,0,0,,
2022-09-14,03:15,22.4,20,86,SE,24.1,29,1015.1,0,0,0,0,,
2022-09-14,03:30,22.6,20,86,ESE,19.3,29,1015.21,0,0,0,0,,
2022-09-14,03:45,22.4,20,86,SE,16.1,25.7,1015.07,0,0,0,0,,
2022-09-14,04:00,22.3,20,86,ESE,20.9,29,1014.83,0,0,0,0,,
2022-09-14,04:15,22.4,19.4,85,ESE,16.1,29,1014.77,0,0,0,0,,
2022-09-14,04:30,22.4,19.4,83,ESE,19.3,29,1014.66,0,0,0,0,,
2022-09-14,04:45,22.3,18.3,79,ESE,14.5,20.9,1014.63,0,0,0,0,,
2022-09-14,05:00,22.3,18.3,79,ESE,14.5,19.3,1014.66,0,0,0,0,,
2022-09-14,05:15,22.6,18.3,79,ESE,20.9,30.6,1014.33,0,0,0,0,,
2022-09-14,05:30,22.4,18.3,79,ESE,12.9,17.7,1014.33,0,0,0,0,,
2022-09-14,05:45,22.3,17.8,75,ESE,11.3,19.3,1014.39,0,0,0,0,,
2022-09-14,06:00,22.8,17.8,74,ESE,20.9,29,1014.33,0,0,0,0,,
2022-09-14,06:15,22.9,17.2,72,ESE,16.1,30.6,1014.05,0,0,0,0,,
2022-09-14,06:30,22.9,18.3,75,ESE,25.7,32.2,1014.12,0,0,0,0,,
2022-09-14,06:45,22.8,18.3,77,ESE,16.1,33.8,1013.92,0,0,0,0,,
2022-09-14,07:00,22.7,18.3,77,SE,22.5,38.6,1013.61,0,0,0,0,,
2022-09-14,07:15,22.8,18.3,76,ESE,24.1,32.2,1014.19,0,0,0,14,,
2022-09-14,07:30,22.8,18.9,80,ESE,24.1,35.4,1014.22,0,0,0,32,,
2022-09-14,07:45,22.9,19.4,83,ESE,25.7,35.4,1014.26,0,0,0,58,,
2022-09-14,08:00,22.9,20,84,ESE,25.7,38.6,1014.16,0,0,0,97,,
2022-09-14,08:15,23.1,19.4,81,SE,24.1,35.4,1014.12,0,0,0,123,,
2022-09-14,08:30,23.3,18.9,77,ESE,32.2,37,1014.02,0,0,0,153,,
2022-09-14,08:45,23.6,18.3,73,ESE,19.3,40.2,1014.29,0,0,0,174,,
2022-09-14,09:00,23.9,18.3,71,ESE,27.4,38.6,1014.12,0,0,0,197,,
2022-09-14,09:15,24.4,18.3,69,ESE,24.1,41.8,1013.72,0,0,1,260,,
2022-09-14,09:30,24.9,18.3,68,ESE,24.1,38.6,1014.12,0,0,1,330,,
2022-09-14,09:45,25.3,19.4,71,SE,32.2,41.8,1014.09,0,0,1,387,,
2022-09-14,10:00,25.6,20,72,ESE,20.9,40.2,1013.99,0,0,1,429,,
2022-09-14,10:15,26.3,20.6,71,ESE,30.6,40.2,1014.16,0,0,2,480,,
2022-09-14,10:30,26.9,20.6,70,ESE,20.9,38.6,1014.16,0,0,2,515,,
2022-09-14,10:45,27.3,20.6,67,SE,30.6,43.5,1014.22,0,0,2,568,,
2022-09-14,11:15,27.8,21.7,70,SE,29,40.2,1014.6,0,0,3,680,,
2022-09-14,11:30,28.5,21.7,68,SE,22.5,40.2,1014.6,0,0,3,772,,
2022-09-14,11:45,28.4,21.7,68,SE,25.7,41.8,1014.43,0,0,3,555,,
2022-09-14,12:00,28.8,21.7,65,ESE,25.7,40.2,1014.33,0,0,2,329,,
2022-09-14,12:15,28.3,22.2,70,ESE,20.9,41.8,1014.26,0,0,2,373,,
2022-09-14,12:30,28.2,21.7,69,ESE,35.4,38.6,1013.99,0,0,2,399,,
2022-09-14,12:45,28.8,22.2,68,ESE,22.5,38.6,1014.16,0,0,4,891,,
2022-09-14,13:00,29.3,21.7,63,SE,25.7,37,1014.02,0,0,3,355,,
2022-09-14,13:15,29.2,22.2,67,SE,32.2,33.8,1014.63,0,0,2,283,,
2022-09-14,13:30,28.6,22.2,70,SE,17.7,29,1014.87,0,0,1,218,,
2022-09-14,13:45,28.3,22.2,70,SE,14.5,30.6,1014.29,0,0,1,214,,
2022-09-14,14:00,29.6,22.2,65,SE,33.8,30.6,1013.61,0,0,4,424,,
2022-09-14,14:15,30.6,22.2,61,ESE,29,35.4,1013.75,0,0,4,749,,
2022-09-14,14:30,31.1,21.7,58,ESE,20.9,37,1013.85,0,0,4,705,,
2022-09-14,14:45,31.4,21.7,57,EAST,20.9,40.2,1013.88,0,0,3,689,,
2022-09-14,15:00,30.9,21.7,58,SE,22.5,33.8,1013.92,0,0,2,299,,
2022-09-14,15:15,30.8,21.1,57,ESE,27.4,33.8,1013.92,0,0,3,295,,
2022-09-14,15:30,31.4,22.2,59,ESE,30.6,41.8,1013.72,0,0,3,543,,
2022-09-14,15:45,30.7,22.2,61,SE,27.4,38.6,1013.58,0,0,2,411,,
2022-09-14,16:00,30.2,22.8,64,SSE,24.1,37,1013.61,0,0,2,341,,
2022-09-14,16:15,30.3,22.8,65,SSE,19.3,32.2,1013.51,0,0,1,287,,
2022-09-14,16:30,30.4,22.8,65,ESE,17.7,32.2,1013.55,0,0,1,292,,
2022-09-14,16:45,29.8,22.2,65,SSE,24.1,35.4,1013.48,0,0,1,178,,
2022-09-14,17:00,29.7,22.2,64,SE,32.2,33.8,1013.17,0,0,1,204,,
2022-09-14,17:15,29.7,22.2,65,ESE,19.3,29,1013.38,0,0,1,211,,
2022-09-14,17:30,29.6,22.2,65,ESE,29,32.2,1013.14,0,0,1,188,,
2022-09-14,17:45,29.3,22.2,66,ESE,20.9,32.2,1013.11,0,0,1,236,,
2022-09-14,18:00,29.1,22.2,68,SE,25.7,33.8,1013.11,0,0,0,206,,
2022-09-14,18:15,28.6,22.8,70,SE,25.7,30.6,1013.31,0,0,0,109,,
2022-09-14,18:30,28.2,22.8,73,SE,20.9,29,1013.21,0,0,0,84,,
2022-09-14,18:45,27.9,22.8,74,ESE,20.9,29,1013.31,0,0,0,62,,
2022-09-14,19:00,27.7,22.8,75,ESE,24.1,29,1013.14,0,0,0,40,,
2022-09-14,19:15,27.4,22.2,75,SE,20.9,25.7,1013.24,0,0,0,21,,
2022-09-14,19:30,27.3,22.2,75,ESE,27.4,30.6,1012.84,0,0,0,0,,
2022-09-14,19:45,27,22.2,77,SE,16.1,30.6,1013.28,0,0,0,0,,
2022-09-14,20:00,26.9,22.2,77,SE,20.9,24.1,1012.8,0,0,0,0,,
2022-09-14,20:15,26.9,22.2,77,EAST,16.1,29,1013.21,0,0,0,0,,
2022-09-14,20:30,26.7,22.2,78,ESE,19.3,27.4,1013.17,0,0,0,0,,
2022-09-14,20:45,26.6,22.2,79,ESE,24.1,32.2,1013.34,0,0,0,0,,
2022-09-14,21:00,26.5,22.8,80,SE,19.3,33.8,1013.88,0,0,0,0,,
2022-09-14,21:15,26.2,22.8,82,SE,22.5,32.2,1013.72,0,0,0,0,,
2022-09-14,21:30,26.2,22.8,83,SE,16.1,35.4,1014.16,0,0,0,0,,
2022-09-14,21:45,26.1,23.3,85,ESE,27.4,37,1013.55,0,0,0,0,,
2022-09-14,22:00,26.1,23.3,85,ESE,16.1,33.8,1013.04,0,0,0,0,,
2022-09-14,22:15,26.2,22.8,83,ESE,25.7,32.2,1013.41,0,0,0,0,,
2022-09-14,22:30,26.5,23.3,82,SE,16.1,37,1013.48,0,0,0,0,,
2022-09-14,22:45,26.2,23.3,85,SE,25.7,35.4,1013.07,0,0,0,0,,
2022-09-14,23:00,26.1,23.3,85,SE,24.1,37,1013.07,0,0,0,0,,
2022-09-14,23:15,26.3,23.3,84,SE,30.6,38.6,1012.84,0,0,0,0,,
2022-09-14,23:30,26.3,23.3,84,EAST,12.9,32.2,1013.14,0,0,0,0,,
2022-09-14,23:45,26.1,23.3,85,ESE,20.9,37,1012.87,0,0,0,0,,
2022-09-14,OVR,,,,,,,,,,,,gustmax,35.4
2022-09-14,OVR,,,,,,,,,,,,rainrate_max,0
2022-09-14,OVR,,,,,,,,,,,,rain_total_mm,0
2022-09-14,OVR,,,,,,,,,,,,tmax,31.6
2022-09-14,OVR,,,,,,,,,,,,tmin,22.2
2022-09-14,OVR,,,,,,,,,,,,wind_dir_mean_deg,112.5
2022-09-15,00:00,26.1,23.3,86,ESE,19.3,33.8,1012.9,0,0,0,0,,
2022-09-15,00:15,25.9,23.3,87,SSE,17.7,33.8,1013.82,0,0,0,0,,
2022-09-15,00:30,25.8,23.3,88,SOUTH,1.6,12.9,1014.97,0,0,0,0,,
2022-09-15,00:45,25.6,23.3,89,SE,4.8,14.5,1015.68,0,0,0,0,,
2022-09-15,01:00,25.4,23.3,90,SE,17.7,27.4,1015.98,0,0,0,0,,
2022-09-15,01:15,25.2,23.3,90,NORTH,0,27.4,1015.88,0,0,0,0,,
2022-09-15,01:30,25.9,22.8,84,WNW,6.4,24.1,1015.65,0,0,0,0,,
2022-09-15,01:45,25.9,22.8,84,NNW,8,14.5,1014.63,0,0,0,0,,
2022-09-15,02:00,25.8,22.8,85,,12.9,17.7,1013.95,0,0,0,0,,
2022-09-15,02:15,25.5,23.3,87,EAST,4.8,19.3,1013.99,0,0,0,0,,
2022-09-15,02:30,25.3,23.3,89,NE,4.8,19.3,1013.58,0,0,0,0,,
2022-09-15,02:45,25.6,22.8,85,NW,4.8,17.7,1014.22,0,0,0,0,,
2022-09-15,03:00,25.7,22.8,84,NW,9.7,16.1,1013.58,0,0,0,0,,
2022-09-15,03:15,25.5,22.8,85,NW,9.7,19.3,1013.75,0,0,0,0,,
2022-09-15,03:30,25.4,22.2,84,NNW,4.8,12.9,1012.84,0,0,0,0,,
2022-09-15,03:45,25.8,22.2,81,NNW,3.2,17.7,1012.67,0,0,0,0,,
2022-09-15,04:00,25.8,22.2,81,,8,19.3,1012.5,0,0,0,0,,
2022-09-15,04:15,25.4,21.7,81,NW,11.3,16.1,1012.97,0,0,0,0,,
2022-09-15,04:30,25.7,21.7,80,,20.9,41.8,1013.28,0,0,0,0,,
2022-09-15,04:45,25.2,21.1,79,NNW,20.9,27.4,1014.19,0.25,0.25,0,0,,
2022-09-15,05:00,24.3,21.7,86,,1.6,17.7,1013.68,0.25,0.25,0,0,,
2022-09-15,05:15,24.4,20.6,79,NNE,9.7,16.1,1012.94,0.25,0.25,0,0,,
2022-09-15,05:30,25.6,19.4,69,NORTH,6.4,19.3,1012.46,0.25,0.25,0,0,,
2022-09-15,05:45,25.1,19.4,71,NW,9.7,16.1,1013.34,0.25,0,0,0,,
2022-09-15,06:00,24.7,19.4,73,WNW,24.1,33.8,1014.05,0.25,0,0,0,,
2022-09-15,06:15,24.9,19.4,72,,16.1,30.6,1013.48,0.25,0,0,0,,
2022-09-15,06:30,26.3,17.8,60,,14.5,41.8,1013.14,0.25,0,0,0,,
2022-09-15,06:45,26.5,16.7,55,,16.1,30.6,1013.17,0.25,0,0,0,,
2022-09-15,07:00,26.5,16.7,56,ENE,6.4,19.3,1013.07,0.25,0,0,0,,
2022-09-15,07:15,26,17.2,59,ENE,3.2,9.7,1013.48,0.25,0,0,0,,
2022-09-15,07:30,25.6,17.8,62,ENE,16.1,17.7,1013.34,0.25,0,0,25,,
2022-09-15,08:00,25.6,17.2,61,EAST,12.9,25.7,1013.34,0.25,0,0,77,,
2022-09-15,08:15,25.7,18.3,65,EAST,19.3,25.7,1013.48,0.25,0,0,134,,
2022-09-15,08:30,25.9,20,71,EAST,17.7,29,1013.65,0.25,0,0,132,,
2022-09-15,08:45,26.2,21.1,74,EAST,9.7,25.7,1013.61,0.25,0,0,127,,
2022-09-15,09:00,26.4,21.7,75,EAST,11.3,27.4,1013.58,0.25,0,0,167,,
2022-09-15,09:15,26.7,21.7,74,ENE,14.5,22.5,1013.88,0.25,0,0,195,,
2022-09-15,09:30,27.1,21.7,72,ESE,11.3,22.5,1013.92,0.25,0,1,304,,
2022-09-15,09:45,27.6,21.1,69,EAST,16.1,24.1,1013.99,0.25,0,1,285,,
2022-09-15,10:00,28,21.1,67,ENE,8,22.5,1013.68,0.25,0,1,239,,
2022-09-15,10:15,28.4,21.1,65,ESE,14.5,24.1,1014.02,0.25,0,1,239,,
2022-09-15,10:30,28.7,21.1,64,ESE,14.5,27.4,1013.99,0.25,0,1,411,,
2022-09-15,10:45,29.3,21.1,62,ENE,9.7,24.1,1014.22,0.25,0,1,287,,
2022-09-15,11:00,29.4,20.6,60,EAST,16.1,27.4,1014.05,0.25,0,1,230,,
2022-09-15,11:15,29.4,20.6,60,EAST,9.7,24.1,1014.05,0.25,0,1,200,,
2022-09-15,11:30,29.8,20.6,59,SE,20.9,32.2,1013.68,0.25,0,1,285,,
2022-09-15,11:45,30.4,20.6,57,ESE,17.7,30.6,1013.61,0.25,0,2,531,,
2022-09-15,12:00,31.1,20,53,EAST,14.5,30.6,1013.31,0.25,0,3,547,,
2022-09-15,12:15,31.5,20.6,53,ESE,6.4,22.5,1013.24,0.25,0,3,550,,
2022-09-15,12:30,31.6,20.6,52,ESE,12.9,35.4,1013.11,0.25,0,3,517,,
2022-09-15,12:45,31.9,20,51,ESE,6.4,32.2,1012.84,0.25,0,3,687,,
2022-09-15,13:00,32.3,21.1,52,ESE,14.5,25.7,1013,0.25,0,3,689,,
2022-09-15,13:15,31.9,21.1,53,SSE,20.9,25.7,1012.97,0.25,0,3,589,,
2022-09-15,13:30,31.9,21.1,53,SSE,14.5,22.5,1013.11,0.25,0,3,715,,
2022-09-15,13:45,32.5,20,48,SOUTH,4.8,20.9,1013.14,0.25,0,3,492,,
2022-09-15,14:00,30.8,22.2,60,WNW,38.6,48.3,1013.95,0.25,0,3,657,,
2022-09-15,14:15,29,21.7,66,WEST,29,43.5,1013.68,0.25,0,2,369,,
2022-09-15,14:30,28.7,22.2,68,NW,22.5,46.7,1013.82,0.25,0,2,475,,
2022-09-15,14:45,28.4,22.2,71,WEST,37,54.7,1014.16,0.25,0,3,555,,
2022-09-15,15:00,28.2,22.8,72,WNW,32.2,48.3,1014.33,0.25,0,2,325,,
2022-09-15,15:15,27.9,22.2,71,WEST,25.7,59.5,1014.63,0.25,0,2,403,,
2022-09-15,15:30,27.6,22.2,72,NW,24.1,59.5,1014.66,0.25,0,1,255,,
2022-09-15,15:45,27.4,22.2,73,WEST,30.6,45.1,1014.33,0.25,0,1,271,,
2022-09-15,16:00,27.3,21.7,73,WNW,22.5,49.9,1014.19,0.25,0,1,186,,
2022-09-15,16:15,27.4,21.7,72,WNW,25.7,40.2,1013.99,0.25,0,1,160,,
2022-09-15,16:30,27.4,21.7,71,WNW,16.1,40.2,1013.65,0.25,0,1,165,,
2022-09-15,16:45,27.3,21.7,72,WNW,20.9,30.6,1013.41,0.25,0,1,220,,
2022-09-15,17:00,27.7,21.7,71,WNW,12.9,27.4,1013.72,0.25,0,1,192,,
2022-09-15,17:15,27.7,21.7,71,WEST,17.7,25.7,1014.09,0.25,0,0,165,,
2022-09-15,17:30,27.5,21.7,71,WEST,27.4,32.2,1013.68,0.25,0,0,146,,
2022-09-15,17:45,27.4,21.7,71,WEST,19.3,33.8,1013.48,0.25,0,0,113,,
2022-09-15,18:00,27.3,21.7,71,NW,16.1,20.9,1013.38,0.25,0,0,95,,
2022-09-15,18:15,27.3,21.7,71,NW,1.6,16.1,1013.07,0.25,0,0,70,,
2022-09-15,18:30,27.3,21.7,71,NW,3.2,6.4,1013.04,0.25,0,0,54,,
2022-09-15,18:45,27.2,21.7,71,ESE,12.9,11.3,1012.26,0.25,0,0,35,,
2022-09-15,19:00,27.2,21.1,71,ESE,3.2,12.9,1012.29,0.25,0,0,23,,
2022-09-15,19:15,27.1,21.1,70,ESE,4.8,9.7,1012.09,0.25,0,0,0,,
2022-09-15,19:30,27.3,21.1,69,ESE,9.7,19.3,1011.75,0.25,0,0,0,,
2022-09-15,19:45,27.2,21.1,69,ESE,4.8,6.4,1011.82,0.25,0,0,0,,
2022-09-15,20:00,27.2,21.1,70,ESE,16.1,16.1,1011.72,0.25,0,0,0,,
2022-09-15,20:15,27.7,21.1,67,SE,11.3,17.7,1011.82,0.25,0,0,0,,
2022-09-15,20:30,27.4,21.1,68,SE,3.2,17.7,1012.06,0.25,0,0,0,,
2022-09-15,20:45,26.7,21.1,71,SE,1.6,4.8,1012.43,0.25,0,0,0,,
2022-09-15,21:00,25.8,20.6,74,ESE,4.8,8,1012.43,0.25,0,0,0,,
2022-09-15,21:15,26.3,20.6,72,WEST,11.3,20.9,1013.31,0.25,0,0,0,,
2022-09-15,21:30,25.8,21.1,76,WEST,11.3,17.7,1013.44,0.25,0,0,0,,
2022-09-15,21:45,25.6,21.1,78,WNW,11.3,20.9,1013.61,0.25,0,0,0,,
2022-09-15,22:00,25.5,21.1,79,NNW,4.8,11.3,1013.38,0.25,0,0,0,,
2022-09-15,22:15,25.4,21.1,79,WNW,6.4,16.1,1013.48,0.25,0,0,0,,
2022-09-15,22:30,25.6,21.7,79,NW,1.6,20.9,1013.48,0.25,0,0,0,,
2022-09-15,22:45,25.5,21.7,80,NW,4.8,16.1,1013.44,0.25,0,0,0,,
2022-09-15,23:00,25.2,21.1,80,ENE,3.2,6.4,1012.73,0.25,0,0,0,,
2022-09-15,23:15,25.3,21.7,81,NORTH,0,6.4,1013.24,0.25,0,0,0,,
2022-09-15,23:30,25.1,21.7,81,ENE,4.8,4.8,1013.31,0.25,0,0,0,,
2022-09-15,23:45,25.3,21.7,81,WNW,8,24.1,1013.17,0.25,0,0,0,,
2022-09-15,OVR,,,,,,,,,,,,gustmax,38.6
2022-09-15,OVR,,,,,,,,,,,,rainrate_max,0.2
2022-09-15,OVR,,,,,,,,,,,,rain_total_mm,0.2
2022-09-15,OVR,,,,,,,,,,,,tmax,32.6
2022-09-15,OVR,,,,,,,,,,,,tmin,24
2022-09-15,OVR,,,,,,,,,,,,wind_dir_mean_deg,67.5
2022-09-16,00:00,25.3,21.7,81,WNW,1.6,8,1012.7,0,0,0,0,,
2022-09-16,00:15,25.3,21.7,81,WNW,11.3,24.1,1014.7,0,0,0,0,,
2022-09-16,00:30,25.1,21.7,83,NW,1.6,8,1013.95,0,0,0,0,,
2022-09-16,00:45,24.7,21.7,84,NW,32.2,27.4,1011.62,0,0,0,0,,
2022-09-16,01:00,24.4,21.7,86,NORTH,0,14.5,1013.21,0,0,0,0,,
2022-09-16,01:15,24.6,21.7,86,WNW,4.8,24.1,1013.41,0,0,0,0,,
2022-09-16,01:30,24.6,21.7,85,NE,3.2,17.7,1013.24,0,0,0,0,,
2022-09-16,01:45,24.3,21.7,87,WEST,9.7,16.1,1013.28,0,0,0,0,,
2022-09-16,02:00,24.1,21.7,88,WNW,4.8,16.1,1013.14,0,0,0,0,,
2022-09-16,02:15,24.2,22.2,90,SSW,1.6,20.9,1013.88,1.02,1.02,0,0,,
2022-09-16,02:30,24.2,22.2,91,SW,8,12.9,1013.51,1.52,1.52,0,0,,
2022-09-16,02:45,23.8,22.2,91,SSW,4.8,14.5,1013,2.79,2.79,0,0,,
2022-09-16,03:00,23.9,22.2,91,WSW,4.8,12.9,1013.44,2.79,2.79,0,0,,
2022-09-16,03:15,24,22.2,92,WEST,3.2,19.3,1013.24,2.79,1.78,0,0,,
2022-09-16,03:30,23.9,22.2,92,WNW,14.5,16.1,1012.9,2.79,1.52,0,0,,
2022-09-16,03:45,23.6,22.2,92,WNW,4.8,17.7,1013.07,2.79,0,0,0,,
2022-09-16,04:00,23.4,21.7,92,NORTH,0,6.4,1013.17,2.79,0,0,0,,
2022-09-16,04:15,23.5,22.2,93,NW,1.6,4.8,1012.63,2.79,0,0,0,,
2022-09-16,04:30,23.3,22.2,93,NW,3.2,3.2,1012.26,2.79,0,0,0,,
2022-09-16,04:45,23.5,22.2,94,NW,8,9.7,1012.12,2.79,0,0,0,,
2022-09-16,05:00,23.4,22.2,94,WNW,3.2,14.5,1011.95,2.79,0,0,0,,
2022-09-16,05:15,23.4,22.2,94,WEST,9.7,14.5,1012.09,2.79,0,0,0,,
2022-09-16,05:30,23.2,22.2,94,WEST,12.9,14.5,1012.02,2.79,0,0,0,,
2022-09-16,05:45,22.9,21.7,94,NW,4.8,14.5,1012.12,2.79,0,0,0,,
2022-09-16,06:00,22.9,21.7,95,NORTH,0,11.3,1012.39,2.79,0,0,0,,
2022-09-16,06:15,22.7,21.7,95,NORTH,0,8,1012.33,2.79,0,0,0,,
2022-09-16,06:30,22.4,21.7,95,NNW,3.2,4.8,1012.7,2.79,0,0,0,,
2022-09-16,06:45,22.2,21.1,95,WNW,4.8,16.1,1012.73,2.79,0,0,0,,
2022-09-16,07:00,21.8,20.6,95,WNW,9.7,17.7,1013.11,2.79,0,0,0,,
2022-09-16,07:15,21.8,20.6,95,WNW,9.7,16.1,1013.38,2.79,0,0,7,,
2022-09-16,07:30,22,21.1,95,WNW,11.3,12.9,1013.11,2.79,0,0,14,,
2022-09-16,07:45,22.1,21.1,95,NW,8,14.5,1013.07,2.79,0,0,39,,
2022-09-16,08:00,22.3,21.1,95,WNW,6.4,12.9,1012.73,2.79,0,0,49,,
2022-09-16,08:15,22.4,21.7,95,WNW,8,11.3,1012.43,2.79,0,0,65,,
2022-09-16,08:30,22.3,21.1,95,NNW,1.6,12.9,1012.02,2.79,0,0,44,,
2022-09-16,08:45,22.2,21.1,95,NNW,3.2,6.4,1012.7,2.79,0,0,69,,
2022-09-16,09:00,22.3,21.1,94,NNW,3.2,6.4,1012.53,2.79,0,0,83,,
2022-09-16,09:15,22.6,21.1,93,NORTH,0,3.2,1012.6,2.79,0,1,116,,
2022-09-16,09:30,23.1,21.1,89,NNW,1.6,3.2,1012.46,3.05,0.25,1,239,,
2022-09-16,09:45,23.4,20.6,86,NW,6.4,12.9,1012.26,3.05,0.25,1,287,,
2022-09-16,10:00,23.8,20.6,84,NNW,3.2,9.7,1012.46,3.05,0.25,2,476,,
2022-09-16,10:15,24.3,21.1,83,WNW,12.9,14.5,1013.17,3.05,0.25,2,522,,
2022-09-16,10:30,24.4,21.1,84,WEST,1.6,14.5,1013.48,3.05,0,2,594,,
2022-09-16,10:45,24.7,21.7,84,WNW,3.2,12.9,1013.58,3.05,0,3,700,,
2022-09-16,11:00,24.8,21.1,81,WEST,9.7,19.3,1013.75,3.05,0,3,603,,
2022-09-16,11:15,25.2,20.6,77,SW,4.8,17.7,1014.19,3.05,0,3,691,,
2022-09-16,11:30,25.6,21.1,76,WNW,9.7,17.7,1014.29,3.05,0,3,721,,
2022-09-16,11:45,25.7,19.4,69,WNW,6.4,20.9,1014.09,3.05,0,2,399,,
2022-09-16,12:00,26.4,19.4,66,WNW,8,17.7,1013.68,3.05,0,4,751,,
2022-09-16,12:15,26.9,20.6,68,ENE,6.4,16.1,1013.99,3.05,0,4,782,,
2022-09-16,12:30,26.1,20,70,NORTH,0,17.7,1013.99,3.05,0,2,260,,
2022-09-16,12:45,26.4,20.6,72,NE,9.7,20.9,1013.88,3.05,0,3,454,,
2022-09-16,13:00,26.7,20.6,70,WNW,16.1,17.7,1013.31,3.05,0,4,255,,
2022-09-16,13:15,27.3,18.9,61,SW,1.6,17.7,1013.21,3.05,0,2,429,,
2022-09-16,13:30,26.9,19.4,64,NORTH,0,17.7,1013.34,3.05,0,3,374,,
2022-09-16,13:45,27.8,18.9,58,SOUTH,4.8,17.7,1013.34,3.05,0,5,944,,
2022-09-16,14:00,28.3,17.2,52,SSW,3.2,27.4,1012.97,3.05,0,3,916,,
2022-09-16,14:15,27.9,18.9,58,WNW,4.8,20.9,1012.23,3.05,0,3,520,,
2022-09-16,14:30,27.9,17.8,55,SOUTH,1.6,29,1011.82,3.05,0,2,355,,
2022-09-16,14:45,28.4,18.9,57,NE,3.2,22.5,1012.19,3.05,0,3,749,,
2022-09-16,15:00,28.3,19.4,59,WEST,4.8,32.2,1012.26,3.05,0,3,489,,
2022-09-16,15:15,27.5,19.4,61,WEST,27.4,40.2,1012.33,3.05,0,2,223,,
2022-09-16,15:30,27.4,18.3,59,WEST,20.9,37,1012.16,3.05,0,2,299,,
2022-09-16,15:45,26.8,18.9,63,WNW,20.9,38.6,1011.95,3.05,0,2,353,,
2022-09-16,16:00,26.4,18.9,64,WEST,27.4,38.6,1011.68,3.05,0,1,230,,
2022-09-16,16:15,26.1,20,69,WNW,20.9,32.2,1011.68,3.05,0,1,174,,
2022-09-16,16:30,25.8,20,70,WNW,24.1,40.2,1011.68,3.05,0,1,153,,
2022-09-16,16:45,25.8,20.6,74,WNW,16.1,37,1011.45,3.05,0,1,239,,
2022-09-16,17:00,25.7,20.6,74,WEST,14.5,35.4,1011.21,3.05,0,1,127,,
2022-09-16,17:15,25.4,20.6,74,WNW,22.5,25.7,1011.18,3.05,0,1,139,,
2022-09-16,17:30,25.7,20.6,74,WNW,14.5,27.4,1011.34,3.05,0,1,360,,
2022-09-16,17:45,25.8,20,72,WEST,20.9,35.4,1011.28,3.05,0,0,281,,
2022-09-16,18:00,25.5,20,72,ENE,16.1,32.2,1011.38,3.05,0,0,211,,
2022-09-16,18:15,25.2,20,74,WNW,16.1,30.6,1011.48,3.05,0,0,160,,
2022-09-16,18:30,25.2,20,73,WEST,24.1,32.2,1011.34,3.05,0,0,102,,
2022-09-16,18:45,25.1,19.4,73,WNW,24.1,32.2,1011.34,3.05,0,0,46,,
2022-09-16,19:00,24.6,20,77,WEST,14.5,30.6,1011.41,3.05,0,0,23,,
2022-09-16,19:15,24.2,20.6,80,WEST,17.7,29,1011.55,3.05,0,0,9,,
2022-09-16,19:30,23.8,20.6,81,WEST,16.1,30.6,1011.51,3.05,0,0,0,,
2022-09-16,19:45,23.5,20,83,WNW,11.3,24.1,1011.65,3.05,0,0,0,,
2022-09-16,20:00,23.3,20,84,WNW,14.5,20.9,1011.65,3.05,0,0,0,,
2022-09-16,20:15,23.1,20,84,WNW,12.9,17.7,1012.02,3.05,0,0,0,,
2022-09-16,20:30,22.9,20,85,WNW,12.9,17.7,1011.58,3.05,0,0,0,,
2022-09-16,20:45,22.9,20,86,WNW,8,20.9,1011.72,3.05,0,0,0,,
2022-09-16,21:00,22.8,20,86,WNW,8,22.5,1011.75,3.05,0,0,0,,
2022-09-16,21:15,22.7,20,87,WEST,6.4,25.7,1011.58,3.05,0,0,0,,
2022-09-16,21:30,22.6,20,88,WNW,12.9,19.3,1011.38,3.05,0,0,0,,
2022-09-16,21:45,22.6,20,88,WNW,11.3,24.1,1011.11,3.05,0,0,0,,
2022-09-16,22:00,22.6,20,88,WNW,16.1,20.9,1011.01,3.05,0,0,0,,
2022-09-16,22:15,22.4,20,88,WNW,6.4,20.9,1010.97,3.05,0,0,0,,
2022-09-16,22:30,22.4,20,88,WNW,14.5,20.9,1010.84,3.05,0,0,0,,
2022-09-16,22:45,22.3,20,88,WEST,14.5,29,1010.94,3.05,0,0,0,,
2022-09-16,23:00,22.2,20,87,WEST,17.7,25.7,1011.04,3.05,0,0,0,,
2022-09-16,23:15,22.3,20,87,WNW,16.1,25.7,1011.11,3.05,0,0,0,,
2022-09-16,23:30,22.2,19.4,86,WNW,14.5,29,1011.45,3.05,0,0,0,,
2022-09-16,23:45,22,19.4,86,NW,16.1,27.4,1011.72,3.05,0,0,0,,
2022-09-16,OVR,,,,,,,,,,,,gustmax,32.2
2022-09-16,OVR,,,,,,,,,,,,rainrate_max,42.6
2022-09-16,OVR,,,,,,,,,,,,rain_total_mm,3
2022-09-16,OVR,,,,,,,,,,,,tmax,28.7
2022-09-16,OVR,,,,,,,,,,,,tmin,21.7
2022-09-16,OVR,,,,,,,,,,,,wind_dir_mean_deg,292.5
2022-09-17,00:00,21.8,19.4,86,WEST,27.4,32.2,1011.62,0,0,0,0,,
2022-09-17,00:15,21.7,18.9,86,WNW,16.1,35.4,1011.51,0,0,0,0,,
2022-09-17,00:30,21.8,18.9,85,WNW,17.7,37,1011.68,0,0,0,0,,
2022-09-17,00:45,21.7,18.9,84,NW,17.7,27.4,1011.62,0,0,0,0,,
2022-09-17,01:00,21.7,18.9,84,WNW,27.4,30.6,1011.38,0,0,0,0,,
2022-09-17,01:15,21.7,18.9,84,WNW,24.1,32.2,1011.07,0,0,0,0,,
2022-09-17,01:30,21.6,18.3,84,WEST,16.1,29,1010.97,0,0,0,0,,
2022-09-17,01:45,21.5,18.3,83,WEST,14.5,24.1,1011.28,0,0,0,0,,
2022-09-17,02:00,21.5,18.3,83,WEST,17.7,24.1,1011.18,0,0,0,0,,
2022-09-17,02:15,21.5,18.3,82,NW,12.9,19.3,1011.01,0,0,0,0,,
2022-09-17,02:30,21.5,18.3,82,WNW,6.4,16.1,1011.21,0,0,0,0,,
2022-09-17,02:45,21.2,17.8,83,WEST,3.2,11.3,1011.55,0,0,0,0,,
2022-09-17,03:00,20.9,17.8,84,NORTH,0,11.3,1011.38,0,0,0,0,,
2022-09-17,03:15,20.8,18.3,86,NORTH,0,6.4,1011.28,0,0,0,0,,
2022-09-17,03:30,20.6,18.3,86,NORTH,0,9.7,1011.24,0,0,0,0,,
2022-09-17,03:45,20.7,17.8,86,WEST,1.6,3.2,1011.28,0,0,0,0,,
2022-09-17,04:00,20.9,17.8,84,NORTH,0,3.2,1011.34,0,0,0,0,,
2022-09-17,04:15,21.1,17.8,83,WEST,6.4,9.7,1011.04,0,0,0,0,,
2022-09-17,04:30,20.9,17.8,83,WEST,1.6,12.9,1011.01,0,0,0,0,,
2022-09-17,04:45,20.9,17.8,83,NORTH,0,4.8,1010.77,0,0,0,0,,
2022-09-17,05:00,20.9,17.8,83,WNW,8,12.9,1010.6,0,0,0,0,,
2022-09-17,05:15,21.2,17.8,80,WNW,17.7,25.7,1010.57,0,0,0,0,,
2022-09-17,05:30,21.4,17.2,78,WNW,9.7,27.4,1010.43,0,0,0,0,,
2022-09-17,05:45,21.6,17.2,77,WEST,20.9,25.7,1010.16,0,0,0,0,,
2022-09-17,06:00,21.7,17.2,76,WEST,20.9,27.4,1010.26,0,0,0,0,,
2022-09-17,06:15,21.6,17.2,76,WEST,19.3,32.2,1010.19,0,0,0,0,,
2022-09-17,06:30,21.4,16.7,76,WNW,19.3,33.8,1010.33,0,0,0,0,,
2022-09-17,06:45,21.4,16.7,75,WNW,20.9,27.4,1010.19,0,0,0,0,,
2022-09-17,07:00,21.2,16.7,75,WNW,11.3,27.4,1010.36,0,0,0,0,,
2022-09-17,07:15,21.3,16.7,74,WNW,12.9,40.2,1010.5,0,0,0,0,,
2022-09-17,07:30,21.3,16.7,74,WNW,24.1,37,1010.63,0,0,0,16,,
2022-09-17,07:45,21.2,16.1,74,NW,27.4,32.2,1010.84,0,0,0,51,,
2022-09-17,08:00,21.3,16.1,73,WNW,32.2,37,1010.84,0,0,0,91,,
2022-09-17,08:15,21.4,16.1,72,WNW,27.4,40.2,1010.7,0,0,0,127,,
2022-09-17,08:30,21.4,16.1,72,WNW,27.4,46.7,1010.8,0,0,0,163,,
2022-09-17,08:45,21.7,15,67,WNW,30.6,53.1,1011.11,0,0,0,246,,
2022-09-17,09:00,21.8,15,67,NW,27.4,49.9,1011.24,0,0,1,188,,
2022-09-17,09:15,21.8,15,67,WEST,35.4,57.9,1011.48,0,0,1,216,,
2022-09-17,09:30,22.1,15,66,WEST,29,54.7,1011.41,0,0,1,316,,
2022-09-17,09:45,22.3,15,65,WEST,30.6,62.8,1011.18,0,0,1,461,,
2022-09-17,10:00,22.4,16.1,68,WNW,32.2,59.5,1011.58,0,0,2,517,,
2022-09-17,10:15,22.4,15,64,NW,27.4,75.6,1011.51,0,0,2,541,,
2022-09-17,10:30,22.8,15.6,64,WEST,35.4,67.6,1011.55,0,0,2,582,,
2022-09-17,10:45,22.9,15.6,64,NW,33.8,57.9,1011.62,0,0,3,603,,
2022-09-17,11:00,22.9,15,62,WEST,25.7,62.8,1011.75,0,0,3,624,,
2022-09-17,11:15,23.2,15,60,WEST,33.8,61.2,1011.92,0,0,3,392,,
2022-09-17,11:30,22.8,15,62,WNW,30.6,62.8,1012.09,0,0,4,819,,
2022-09-17,11:45,22.6,14.4,60,WNW,48.3,64.4,1012.12,0,0,3,585,,
2022-09-17,12:00,21.9,13.9,61,SE,40.2,67.6,1012.09,0,0,3,334,,
2022-09-17,12:15,22.1,14.4,62,NW,41.8,51.5,1012.26,0,0,2,276,,
2022-09-17,12:30,22,13.3,59,NW,33.8,57.9,1012.12,0,0,4,492,,
2022-09-17,12:45,21.6,12.8,59,WEST,38.6,62.8,1012.12,0,0,3,325,,
2022-09-17,13:00,22.2,12.8,56,WEST,45.1,61.2,1012.09,0,0,4,800,,
2022-09-17,13:15,22.6,13.3,56,WEST,32.2,70.8,1011.92,0,0,4,817,,
2022-09-17,13:30,22.6,13.9,58,WNW,41.8,61.2,1011.85,0,0,4,780,,
2022-09-17,13:45,22.3,13.3,57,NW,17.7,66,1011.82,0,0,4,642,,
2022-09-17,14:00,22.4,12.2,53,WEST,38.6,69.2,1011.82,0,0,4,819,,
2022-09-17,14:15,22.7,12.8,54,NW,19.3,62.8,1011.58,0,0,4,791,,
2022-09-17,14:30,22.4,13.9,58,WNW,20.9,57.9,1011.34,0,0,4,721,,
2022-09-17,14:45,22.2,12.2,54,WNW,33.8,72.4,1011.51,0,0,4,770,,
2022-09-17,15:00,22.6,12.8,55,NW,37,61.2,1011.38,0,0,3,708,,
2022-09-17,15:15,22.4,13.9,59,WEST,29,69.2,1011.28,0,0,3,671,,
2022-09-17,15:30,22.1,13.9,60,WEST,51.5,64.4,1011.48,0,0,3,668,,
2022-09-17,15:45,22.1,13.3,57,WNW,40.2,72.4,1011.58,0,0,3,659,,
2022-09-17,16:00,21.8,13.3,60,WEST,46.7,61.2,1011.79,0,0,2,517,,
2022-09-17,16:15,21.3,13.3,62,WNW,32.2,64.4,1011.38,0,0,2,446,,
2022-09-17,16:30,21.4,13.3,61,WEST,32.2,64.4,1011.18,0,0,1,276,,
2022-09-17,16:45,21.3,13.3,60,NW,29,61.2,1011.24,0,0,1,325,,
2022-09-17,17:00,21.3,12.8,59,WNW,33.8,67.6,1011.21,0,0,1,258,,
2022-09-17,17:15,20.9,12.2,58,WEST,38.6,64.4,1011.38,0,0,1,204,,
2022-09-17,17:30,20.8,12.8,61,WEST,33.8,69.2,1011.21,0,0,1,243,,
2022-09-17,17:45,21.1,12.8,60,WNW,48.3,61.2,1011.68,0,0,1,295,,
2022-09-17,18:00,21.1,13.3,62,WEST,30.6,66,1011.89,0,0,0,250,,
2022-09-17,18:15,20.5,12.8,61,WNW,38.6,56.3,1011.85,0,0,0,171,,
2022-09-17,18:30,20.1,12.8,63,WEST,37,54.7,1011.82,0,0,0,130,,
2022-09-17,18:45,19.8,12.8,65,WNW,22.5,48.3,1011.92,0,0,0,77,,
2022-09-17,19:00,19.5,12.8,66,WNW,25.7,48.3,1012.06,0,0,0,32,,
2022-09-17,19:15,19.2,12.8,66,WEST,19.3,46.7,1012.23,0,0,0,12,,
2022-09-17,19:30,18.8,12.8,68,WEST,48.3,45.1,1012.29,0,0,0,0,,
2022-09-17,19:45,18.6,12.8,69,WEST,38.6,45.1,1012.53,0,0,0,0,,
2022-09-17,20:00,18.4,12.2,69,WEST,19.3,43.5,1012.67,0,0,0,0,,
2022-09-17,20:15,18.2,12.2,70,WEST,19.3,32.2,1012.8,0,0,0,0,,
2022-09-17,20:30,18.1,12.2,70,WEST,12.9,30.6,1012.94,0,0,0,0,,
2022-09-17,20:45,17.9,12.2,71,WNW,14.5,32.2,1013.07,0,0,0,0,,
2022-09-17,21:00,17.8,12.2,71,WNW,17.7,25.7,1013.31,0,0,0,0,,
2022-09-17,21:15,17.7,12.2,72,WEST,14.5,22.5,1013.58,0,0,0,0,,
2022-09-17,21:30,17.4,12.2,73,NW,4.8,16.1,1013.88,0,0,0,0,,
2022-09-17,21:45,17.2,12.2,73,,1.6,6.4,1013.82,0,0,0,0,,
2022-09-17,22:00,17.4,12.2,73,WNW,8,19.3,1014.19,0,0,0,0,,
2022-09-17,22:15,17.6,12.2,72,WNW,6.4,16.1,1014.39,0,0,0,0,,
2022-09-17,22:30,17.8,12.2,72,WNW,8,24.1,1014.6,0,0,0,0,,
2022-09-17,22:45,17.4,12.2,71,NORTH,0,8,1014.7,0,0,0,0,,
2022-09-17,23:00,17.1,12.2,74,NW,3.2,12.9,1014.83,0,0,0,0,,
2022-09-17,23:15,16.6,12.2,75,NORTH,0,6.4,1014.9,0,0,0,0,,
2022-09-17,23:30,16.4,12.2,76,NORTH,3.2,4.8,1014.8,0,0,0,0,,
2022-09-17,23:45,15.6,11.7,78,ESE,1.6,9.7,1015.1,0,0,0,0,,
2022-09-17,OVR,,,,,,,,,,,,gustmax,51.5
2022-09-17,OVR,,,,,,,,,,,,rainrate_max,0
2022-09-17,OVR,,,,,,,,,,,,rain_total_mm,0
2022-09-17,OVR,,,,,,,,,,,,tmax,23.3
2022-09-17,OVR,,,,,,,,,,,,tmin,15.5
2022-09-17,OVR,,,,,,,,,,,,wind_dir_mean_deg,292.5
2022-09-18,00:00,15.6,11.7,78,EAST,4.8,9.7,1015.17,0,0,0,0,,
2022-09-18,00:15,15.6,11.7,79,EAST,3.2,11.3,1015.04,0,0,0,0,,
2022-09-18,00:30,15.9,11.7,77,ESE,6.4,11.3,1014.93,0,0,0,0,,
2022-09-18,00:45,16.1,11.7,77,EAST,6.4,9.7,1014.9,0,0,0,0,,
2022-09-18,01:00,15.9,11.7,77,EAST,1.6,8,1015.21,0,0,0,0,,
2022-09-18,01:15,15.9,11.7,77,EAST,3.2,9.7,1015.07,0,0,0,0,,
2022-09-18,01:30,16.1,11.7,76,EAST,4.8,6.4,1015.07,0,0,0,0,,
2022-09-18,01:45,15.7,11.7,78,EAST,3.2,6.4,1014.93,0,0,0,0,,
2022-09-18,02:00,15.7,11.7,77,EAST,3.2,4.8,1014.93,0,0,0,0,,
2022-09-18,02:15,15.3,11.7,80,EAST,4.8,6.4,1014.8,0,0,0,0,,
2022-09-18,02:30,15.1,11.7,81,ESE,4.8,12.9,1014.7,0,0,0,0,,
2022-09-18,02:45,15,11.7,80,ESE,4.8,6.4,1014.77,0,0,0,0,,
2022-09-18,03:00,15.1,11.7,80,ESE,4.8,12.9,1014.6,0,0,0,0,,
2022-09-18,03:15,15,11.7,80,ESE,1.6,9.7,1014.87,0,0,0,0,,
2022-09-18,03:30,14.6,11.1,80,ESE,3.2,9.7,1014.87,0,0,0,0,,
2022-09-18,03:45,14.2,11.1,82,ESE,1.6,4.8,1014.8,0,0,0,0,,
2022-09-18,04:15,14.3,11.1,83,ESE,1.6,9.7,1014.7,0,0,0,0,,
2022-09-18,04:30,14.6,11.7,84,ESE,3.2,9.7,1014.73,0,0,0,0,,
2022-09-18,04:45,14.4,11.1,82,EAST,3.2,6.4,1014.6,0,0,0,0,,
2022-09-18,05:00,14.6,11.7,82,EAST,1.6,6.4,1014.6,0,0,0,0,,
2022-09-18,05:15,14.6,11.7,84,EAST,4.8,6.4,1014.66,0,0,0,0,,
2022-09-18,05:30,14.4,11.7,83,EAST,4.8,6.4,1014.56,0,0,0,0,,
2022-09-18,05:45,14.6,11.1,82,EAST,3.2,4.8,1014.63,0,0,0,0,,
2022-09-18,06:00,14.2,11.1,83,EAST,1.6,4.8,1014.7,0,0,0,0,,
2022-09-18,06:15,14.4,11.1,82,EAST,3.2,3.2,1014.66,0,0,0,0,,
2022-09-18,06:30,14.7,11.1,81,EAST,3.2,6.4,1014.66,0,0,0,0,,
2022-09-18,06:45,14.8,11.1,80,ESE,6.4,6.4,1014.9,0,0,0,0,,
2022-09-18,07:00,14.6,11.1,80,ESE,4.8,9.7,1015.1,0,0,0,0,,
2022-09-18,07:15,14.3,11.1,81,ESE,6.4,11.3,1015.1,0,0,0,14,,
2022-09-18,07:30,14.4,11.1,81,ESE,3.2,9.7,1015.31,0,0,0,33,,
2022-09-18,07:45,14.9,11.1,80,ESE,1.6,4.8,1015.61,0,0,0,56,,
2022-09-18,08:00,15.1,11.7,79,ESE,4.8,4.8,1015.44,0,0,0,72,,
2022-09-18,08:15,15.8,11.7,78,ESE,4.8,4.8,1015.75,0,0,0,111,,
2022-09-18,08:30,16.4,12.2,77,NORTH,0,6.4,1015.82,0,0,0,169,,
2022-09-18,08:45,17.4,12.8,74,ESE,9.7,11.3,1015.78,0,0,0,221,,
2022-09-18,09:00,18.4,13.3,72,ESE,4.8,4.8,1015.85,0,0,1,257,,
2022-09-18,09:15,18.5,12.8,70,SE,6.4,11.3,1015.98,0,0,1,343,,
2022-09-18,09:30,18.7,12.8,70,SSE,4.8,12.9,1016.22,0,0,1,417,,
2022-09-18,09:45,18.9,12.8,69,SE,4.8,12.9,1016.32,0,0,1,461,,
2022-09-18,10:00,19.3,12.8,67,SE,8,14.5,1016.53,0,0,2,503,,
2022-09-18,10:15,19.9,12.8,64,SE,3.2,8,1016.7,0,0,2,517,,
2022-09-18,10:30,20.5,12.8,62,SSW,1.6,14.5,1016.8,0,0,2,529,,
2022-09-18,10:45,20.4,12.8,63,SOUTH,1.6,12.9,1016.93,0,0,2,483,,
2022-09-18,11:00,20.9,12.8,60,SSE,1.6,22.5,1017.1,0,0,3,584,,
2022-09-18,11:15,21.3,13.3,60,SE,6.4,19.3,1017.14,0,0,3,594,,
2022-09-18,11:30,21.2,12.8,59,SSE,14.5,25.7,1017.17,0,0,2,329,,
2022-09-18,11:45,21.2,12.2,57,SE,8,19.3,1017.07,0,0,3,485,,
2022-09-18,12:00,21.6,12.2,56,SE,6.4,17.7,1017.2,0,0,3,814,,
2022-09-18,12:15,22.1,12.2,54,SSE,4.8,16.1,1017,0,0,3,608,,
2022-09-18,12:30,22.5,12.8,55,NORTH,0,16.1,1017.03,0,0,4,670,,
2022-09-18,12:45,22.7,12.8,54,SSE,9.7,12.9,1017.07,0,0,4,837,,
2022-09-18,13:00,23.2,12.2,51,ESE,9.7,16.1,1016.97,0,0,4,698,,
2022-09-18,13:15,23.1,12.8,53,SSE,12.9,16.1,1016.93,0,0,4,795,,
2022-09-18,13:30,23.8,13.3,52,NORTH,0,17.7,1016.9,0,0,4,817,,
2022-09-18,13:45,23.8,12.8,50,SSW,3.2,16.1,1016.7,0,0,4,782,,
2022-09-18,14:00,23.8,12.2,49,EAST,3.2,19.3,1016.46,0,0,4,807,,
2022-09-18,14:15,24.7,12.2,46,WEST,3.2,14.5,1016.56,0,0,4,782,,
2022-09-18,14:30,25.1,11.7,43,WEST,3.2,17.7,1016.42,0,0,4,770,,
2022-09-18,14:45,24.9,11.7,43,NW,1.6,22.5,1016.39,0,0,4,786,,
2022-09-18,15:00,25.4,11.7,42,NW,8,29,1016.02,0,0,4,710,,
2022-09-18,15:15,25.8,11.7,42,WSW,3.2,12.9,1015.95,0,0,3,684,,
2022-09-18,15:30,25.9,11.7,41,SSW,3.2,17.7,1015.85,0,0,3,659,,
2022-09-18,15:45,25.4,14.4,51,NW,4.8,25.7,1015.95,0,0,3,610,,
2022-09-18,16:00,25.4,14.4,51,NW,14.5,27.4,1015.98,0,0,2,582,,
2022-09-18,16:15,25.8,13.9,49,ENE,6.4,24.1,1015.78,0,0,2,540,,
2022-09-18,16:30,24.9,13.9,51,WEST,27.4,35.4,1015.68,0,0,2,504,,
2022-09-18,16:45,25.1,13.9,50,WEST,17.7,24.1,1015.85,0,0,1,420,,
2022-09-18,17:00,24.2,13.3,51,NW,19.3,37,1016.19,0,0,1,425,,
2022-09-18,17:15,23.8,13.3,52,WNW,22.5,32.2,1016.12,0,0,1,374,,
2022-09-18,17:30,23.2,12.8,53,WNW,20.9,33.8,1016.12,0,0,1,290,,
2022-09-18,17:45,23.1,12.8,54,WNW,14.5,32.2,1015.85,0,0,1,279,,
2022-09-18,18:00,22.7,12.8,54,WEST,29,29,1015.85,0,0,0,229,,
2022-09-18,18:15,22.6,12.8,55,WNW,20.9,33.8,1015.85,0,0,0,169,,
2022-09-18,18:30,22.3,12.8,55,WEST,27.4,27.4,1015.75,0,0,0,113,,
2022-09-18,18:45,21.9,12.8,57,WNW,12.9,32.2,1015.82,0,0,0,62,,
2022-09-18,19:00,21.6,12.8,58,WNW,11.3,24.1,1015.71,0,0,0,26,,
2022-09-18,19:15,21.3,12.8,59,WNW,11.3,20.9,1015.85,0,0,0,14,,
2022-09-18,19:30,20.9,12.2,58,WNW,9.7,22.5,1015.95,0,0,0,0,,
2022-09-18,19:45,20.7,12.2,59,WNW,9.7,14.5,1016.05,0,0,0,0,,
2022-09-18,20:00,20.2,12.2,61,NW,6.4,8,1016.05,0,0,0,0,,
2022-09-18,20:15,20.3,12.2,61,WEST,6.4,14.5,1016.02,0,0,0,0,,
2022-09-18,20:30,19.7,12.2,63,WEST,1.6,8,1016.09,0,0,0,0,,
2022-09-18,20:45,18.8,12.2,67,NORTH,0,3.2,1016.36,0,0,0,0,,
2022-09-18,21:00,18.8,12.8,68,WEST,1.6,4.8,1016.49,0,0,0,0,,
2022-09-18,21:15,18.2,12.2,70,SSW,3.2,4.8,1016.63,0,0,0,0,,
2022-09-18,21:30,17.6,12.2,71,SSW,3.2,6.4,1016.73,0,0,0,0,,
2022-09-18,21:45,17.6,12.2,71,SSW,1.6,4.8,1016.76,0,0,0,0,,
2022-09-18,22:00,17.4,12.2,73,SOUTH,3.2,6.4,1017.14,0,0,0,0,,
2022-09-18,22:15,17.5,12.2,71,SOUTH,1.6,4.8,1017.07,0,0,0,0,,
2022-09-18,22:30,17.5,12.2,72,SOUTH,4.8,6.4,1017.24,0,0,0,0,,
2022-09-18,22:45,16.9,12.2,73,SSE,4.8,4.8,1017.27,0,0,0,0,,
2022-09-18,23:00,17.3,12.2,72,SSE,1.6,3.2,1017.34,0,0,0,0,,
2022-09-18,23:15,16.8,11.7,73,SSE,1.6,6.4,1017.27,0,0,0,0,,
2022-09-18,23:30,17.2,12.2,73,SSE,6.4,8,1017.2,0,0,0,0,,
2022-09-18,23:45,16.7,11.7,74,SSE,1.6,6.4,1017.1,0,0,0,0,,
2022-09-18,OVR,,,,,,,,,,,,gustmax,29
2022-09-18,OVR,,,,,,,,,,,,rainrate_max,0
2022-09-18,OVR,,,,,,,,,,,,rain_total_mm,0
2022-09-18,OVR,,,,,,,,,,,,tmax,26.2
2022-09-18,OVR,,,,,,,,,,,,tmin,14.1
2022-09-18,OVR,,,,,,,,,,,,wind_dir_mean_deg,135
2022-09-19,00:00,16.8,12.2,74,NORTH,0,6.4,1016.97,0,0,0,0,,
2022-09-19,00:15,17.2,12.2,74,SSE,3.2,4.8,1016.73,0,0,0,0,,
2022-09-19,00:30,16.8,12.2,75,SSE,4.8,8,1016.73,0,0,0,0,,
2022-09-19,00:45,16.3,12.2,76,SSE,3.2,3.2,1016.56,0,0,0,0,,
2022-09-19,01:00,16.8,12.2,75,SSE,3.2,3.2,1016.19,0,0,0,0,,
2022-09-19,01:15,16.7,12.2,75,SSE,3.2,3.2,1015.95,0,0,0,0,,
2022-09-19,01:30,16.2,11.7,77,NORTH,0,0,1015.78,0,0,0,0,,
2022-09-19,01:45,16.2,11.7,76,SSE,6.4,6.4,1016.02,0,0,0,0,,
2022-09-19,02:00,15.8,11.7,77,SSE,3.2,4.8,1015.92,0,0,0,0,,
2022-09-19,02:15,16.3,12.2,77,SSE,3.2,4.8,1015.92,0,0,0,0,,
2022-09-19,02:30,16.1,11.7,77,SE,3.2,4.8,1015.85,0,0,0,0,,
2022-09-19,02:45,16.1,12.2,78,SE,4.8,6.4,1015.68,0,0,0,0,,
2022-09-19,03:00,15.6,11.7,80,SE,3.2,8,1015.68,0,0,0,0,,
2022-09-19,03:15,15.4,12.2,81,SE,3.2,8,1015.44,0,0,0,0,,
2022-09-19,03:30,15.8,12.2,80,SE,3.2,4.8,1015.41,0,0,0,0,,
2022-09-19,03:45,15.6,11.7,78,SE,1.6,4.8,1015.14,0,0,0,0,,
2022-09-19,04:00,15.7,12.2,80,SE,3.2,4.8,1015.1,0,0,0,0,,
2022-09-19,04:15,15.7,12.2,81,SE,1.6,3.2,1014.7,0,0,0,0,,
2022-09-19,04:30,15.9,12.2,80,ESE,6.4,6.4,1014.63,0,0,0,0,,
2022-09-19,04:45,15.8,12.8,82,ESE,4.8,9.7,1014.6,0,0,0,0,,
2022-09-19,05:00,15.6,12.8,84,ESE,3.2,6.4,1014.43,0,0,0,0,,
2022-09-19,05:15,15.6,12.8,85,ESE,1.6,4.8,1014.16,0,0,0,0,,
2022-09-19,05:30,15.8,12.8,84,ESE,3.2,4.8,1013.95,0,0,0,0,,
2022-09-19,05:45,15.6,12.8,85,NORTH,0,4.8,1013.99,0,0,0,0,,
2022-09-19,06:00,14.9,12.2,86,NORTH,0,1.6,1013.95,0,0,0,0,,
2022-09-19,06:15,15.2,12.8,86,ESE,1.6,3.2,1013.99,0,0,0,0,,
2022-09-19,06:30,14.7,12.8,88,ESE,1.6,3.2,1013.95,0,0,0,0,,
2022-09-19,06:45,14.9,12.8,87,ESE,1.6,3.2,1014.22,0,0,0,0,,
2022-09-19,07:00,15.2,12.2,84,NORTH,0,4.8,1014.26,0,0,0,0,,
2022-09-19,07:15,14.8,12.2,85,ESE,1.6,1.6,1014.26,0,0,0,7,,
2022-09-19,07:30,15.3,12.2,83,NORTH,0,3.2,1014.43,0,0,0,23,,
2022-09-19,07:45,15.9,12.8,81,ESE,4.8,6.4,1014.46,0,0,0,37,,
2022-09-19,08:00,15.6,12.2,82,NORTH,0,6.4,1014.56,0,0,0,81,,
2022-09-19,08:15,17.4,13.3,77,ESE,1.6,3.2,1014.7,0,0,0,123,,
2022-09-19,08:30,17.9,13.3,76,NORTH,0,1.6,1014.66,0,0,0,181,,
2022-09-19,08:45,18.6,13.9,75,NORTH,0,0,1014.7,0,0,0,204,,
2022-09-19,09:00,19.3,13.9,73,EAST,3.2,4.8,1014.63,0,0,1,294,,
2022-09-19,09:15,19.7,13.9,71,NNW,4.8,4.8,1014.77,0,0,1,387,,
2022-09-19,09:30,20,14.4,71,NW,1.6,6.4,1014.87,0,0,1,385,,
2022-09-19,09:45,20.2,15,72,NNW,3.2,8,1015.07,0,0,1,420,,
2022-09-19,10:00,20.3,15,71,NW,1.6,6.4,1015.31,0,0,2,499,,
2022-09-19,10:15,20.9,15.6,71,WNW,4.8,8,1015.24,0,0,2,517,,
2022-09-19,10:30,20.9,15,70,WEST,3.2,17.7,1015.61,0,0,2,582,,
2022-09-19,10:45,21.3,15.6,70,NW,3.2,19.3,1015.41,0,0,2,457,,
2022-09-19,11:00,21.4,15,68,NNW,6.4,20.9,1015.68,0,0,2,427,,
2022-09-19,11:15,21.7,15,67,WEST,9.7,14.5,1015.44,0,0,3,643,,
2022-09-19,11:30,22.1,15,64,WEST,3.2,16.1,1015.37,0,0,3,657,,
2022-09-19,11:45,22.6,15,62,WEST,1.6,17.7,1015.17,0,0,3,613,,
2022-09-19,12:00,22.7,15,64,WNW,11.3,17.7,1015.14,0,0,3,471,,
2022-09-19,12:15,23.2,15.6,62,WEST,19.3,20.9,1014.97,0,0,3,677,,
2022-09-19,12:30,23.4,15,59,WNW,9.7,24.1,1014.97,0,0,4,782,,
2022-09-19,12:45,23.8,14.4,56,WNW,11.3,24.1,1014.93,0,0,4,749,,
2022-09-19,13:00,24.1,14.4,55,ENE,6.4,24.1,1014.87,0,0,3,497,,
2022-09-19,13:15,23.9,14.4,56,WNW,4.8,25.7,1014.83,0,0,4,707,,
2022-09-19,13:30,24,15,57,WNW,17.7,27.4,1015.04,0,0,3,478,,
2022-09-19,13:45,24.7,15,56,ENE,11.3,32.2,1015.1,0,0,3,970,,
2022-09-19,14:00,25.2,15,55,WEST,27.4,29,1015.07,0,0,5,1016,,
2022-09-19,14:15,24.4,15,57,WNW,22.5,30.6,1014.97,0,0,4,719,,
2022-09-19,14:30,24.8,15,55,WNW,14.5,32.2,1014.8,0,0,4,761,,
2022-09-19,14:45,24.8,15,55,NE,11.3,37,1014.77,0,0,4,737,,
2022-09-19,15:00,25.1,15,54,NE,17.7,32.2,1014.73,0,0,3,715,,
2022-09-19,15:15,24.9,15.6,57,NE,17.7,40.2,1014.63,0,0,3,689,,
2022-09-19,15:30,25.2,15.6,55,WNW,20.9,35.4,1014.39,0,0,3,652,,
2022-09-19,15:45,25.1,15.6,56,WEST,24.1,41.8,1014.36,0,0,3,622,,
2022-09-19,16:00,25.1,15.6,55,WEST,29,41.8,1014.33,0,0,2,589,,
2022-09-19,16:15,25.1,15.6,56,WNW,20.9,41.8,1014.43,0,0,2,552,,
2022-09-19,16:30,25.1,16.1,57,WNW,27.4,32.2,1014.46,0,0,2,517,,
2022-09-19,16:45,24.4,16.1,61,WNW,17.7,37,1014.6,0,0,2,476,,
2022-09-19,17:00,24.1,16.1,62,WNW,30.6,41.8,1014.6,0,0,1,427,,
2022-09-19,17:15,23.8,16.1,63,WNW,16.1,46.7,1014.66,0,0,1,371,,
2022-09-19,17:30,23.6,16.1,64,WEST,37,40.2,1014.43,0,0,1,329,,
2022-09-19,17:45,23.4,16.1,64,WNW,22.5,45.1,1014.43,0,0,1,285,,
2022-09-19,18:00,23.3,16.1,66,WNW,32.2,45.1,1014.36,0,0,0,229,,
2022-09-19,18:15,23.3,16.1,65,WEST,25.7,41.8,1014.39,0,0,0,172,,
2022-09-19,18:30,22.8,16.1,67,WNW,27.4,33.8,1014.36,0,0,0,88,,
2022-09-19,18:45,22.7,16.1,68,WEST,33.8,38.6,1014.33,0,0,0,62,,
2022-09-19,19:00,22.4,16.1,68,WNW,24.1,38.6,1014.19,0,0,0,23,,
2022-09-19,19:15,22.2,15.6,67,WEST,22.5,38.6,1014.33,0,0,0,12,,
2022-09-19,19:30,21.8,15.6,67,WEST,30.6,32.2,1014.39,0,0,0,0,,
2022-09-19,19:45,21.5,15,67,WNW,16.1,30.6,1014.43,0,0,0,0,,
2022-09-19,20:00,21.2,15,69,WEST,12.9,25.7,1014.56,0,0,0,0,,
2022-09-19,20:15,20.8,15,70,WNW,8,22.5,1014.7,0,0,0,0,,
2022-09-19,20:30,20.5,14.4,70,WEST,11.3,17.7,1014.87,0,0,0,0,,
2022-09-19,20:45,20.3,13.9,68,WNW,6.4,17.7,1014.93,0,0,0,0,,
2022-09-19,21:00,20.3,13.9,68,WNW,1.6,11.3,1015.14,0,0,0,0,,
2022-09-19,21:15,19.9,14.4,70,NW,6.4,12.9,1015.14,0,0,0,0,,
2022-09-19,21:30,19.4,13.9,72,NW,1.6,8,1015.31,0,0,0,0,,
2022-09-19,21:45,19.1,13.9,74,EAST,4.8,4.8,1015.24,0,0,0,0,,
2022-09-19,22:00,18.9,13.9,74,EAST,3.2,4.8,1015.27,0,0,0,0,,
2022-09-19,22:15,18.8,14.4,75,EAST,3.2,4.8,1015.17,0,0,0,0,,
2022-09-19,22:30,18.7,13.9,75,EAST,1.6,4.8,1015.17,0,0,0,0,,
2022-09-19,22:45,18.4,13.3,73,EAST,1.6,4.8,1015.17,0,0,0,0,,
2022-09-19,23:00,17.2,12.8,75,EAST,1.6,6.4,1015.17,0,0,0,0,,
2022-09-19,23:15,17.7,12.2,70,EAST,6.4,6.4,1015.17,0,0,0,0,,
2022-09-19,23:30,18.1,12.2,70,EAST,4.8,3.2,1015.17,0,0,0,0,,
2022-09-19,23:45,18.4,12.8,70,NORTH,0,3.2,1015.44,0,0,0,0,,
2022-09-19,OVR,,,,,,,,,,,,gustmax,37
2022-09-19,OVR,,,,,,,,,,,,rainrate_max,0
2022-09-19,OVR,,,,,,,,,,,,rain_total_mm,0
2022-09-19,OVR,,,,,,,,,,,,tmax,25.4
2022-09-19,OVR,,,,,,,,,,,,tmin,14.7
2022-09-19,OVR,,,,,,,,,,,,wind_dir_mean_deg,202.5
2022-09-20,00:00,18.4,12.8,70,NORTH,0,11.3,1015.51,0,0,0,0,,
2022-09-20,00:15,18.5,13.3,72,SW,1.6,6.4,1015.68,0,0,0,0,,
2022-09-20,00:30,18.2,13.3,74,WEST,1.6,4.8,1015.61,0,0,0,0,,
2022-09-20,00:45,18.8,13.9,73,WEST,6.4,16.1,1015.71,0,0,0,0,,
2022-09-20,01:00,19.1,13.9,72,WEST,14.5,20.9,1015.61,0,0,0,0,,
2022-09-20,01:15,18.8,13.3,72,WNW,11.3,20.9,1015.68,0,0,0,0,,
2022-09-20,01:30,18.8,13.3,72,WEST,11.3,16.1,1015.58,0,0,0,0,,
2022-09-20,01:45,19.1,13.3,71,WNW,14.5,24.1,1015.48,0,0,0,0,,
2022-09-20,02:00,19.4,13.3,69,WNW,6.4,24.1,1015.41,0,0,0,0,,
2022-09-20,02:15,19.3,13.3,69,NW,3.2,14.5,1015.37,0,0,0,0,,
2022-09-20,02:30,18.9,13.3,70,NORTH,0,4.8,1015.34,0,0,0,0,,
2022-09-20,02:45,18.5,12.8,71,NORTH,0,6.4,1015.24,0,0,0,0,,
2022-09-20,03:00,18.3,12.8,72,NORTH,0,3.2,1015.21,0,0,0,0,,
2022-09-20,03:15,18,12.8,73,NORTH,0,3.2,1014.97,0,0,0,0,,
2022-09-20,03:30,18.1,13.3,74,NW,3.2,3.2,1014.8,0,0,0,0,,
2022-09-20,04:00,17.3,12.8,76,NORTH,0,3.2,1014.77,0,0,0,0,,
2022-09-20,04:15,17,12.8,77,NORTH,0,3.2,1014.73,0,0,0,0,,
2022-09-20,04:30,17.3,13.3,78,NORTH,0,3.2,1014.6,0,0,0,0,,
2022-09-20,04:45,17.4,13.3,77,NW,4.8,1.6,1014.56,0,0,0,0,,
2022-09-20,05:00,17.4,13.3,77,NORTH,0,6.4,1014.6,0,0,0,0,,
2022-09-20,05:15,16.4,12.8,79,NORTH,1.6,3.2,1014.46,0,0,0,0,,
2022-09-20,05:30,17.3,13.3,79,NORTH,1.6,4.8,1014.29,0,0,0,0,,
2022-09-20,05:45,17.1,13.3,80,NORTH,1.6,3.2,1014.43,0,0,0,0,,
2022-09-20,06:00,17.4,13.9,80,NORTH,0,0,1014.09,0,0,0,0,,
2022-09-20,06:15,17.1,13.3,80,NORTH,0,3.2,1014.22,0,0,0,0,,
2022-09-20,06:30,17.2,13.3,80,NORTH,0,0,1014.05,0,0,0,0,,
2022-09-20,06:45,16.9,13.3,79,NORTH,0,0,1014.05,0,0,0,0,,
2022-09-20,07:00,16.7,12.8,80,NORTH,0,0,1014.16,0,0,0,0,,
2022-09-20,07:15,16.8,13.3,80,NE,4.8,4.8,1014.16,0,0,0,0,,
2022-09-20,07:30,17.2,13.3,79,NE,1.6,4.8,1014.33,0,0,0,14,,
2022-09-20,07:45,17.4,13.3,78,NE,1.6,4.8,1014.26,0,0,0,51,,
2022-09-20,08:00,17.9,13.9,78,NORTH,0,1.6,1014.26,0,0,0,88,,
2022-09-20,08:15,18.9,13.9,74,NORTH,0,1.6,1014.39,0,0,0,113,,
2022-09-20,08:30,19.4,14.4,73,NORTH,0,1.6,1014.33,0,0,0,171,,
2022-09-20,08:45,19.9,14.4,71,NNE,1.6,3.2,1014.43,0,0,0,218,,
2022-09-20,09:00,20.3,14.4,70,NNE,4.8,4.8,1014.8,0,0,1,255,,
2022-09-20,09:15,20.7,15,70,NNW,1.6,4.8,1014.63,0,0,1,355,,
2022-09-20,09:30,20.9,15.6,71,WEST,14.5,14.5,1014.77,0,0,1,404,,
2022-09-20,09:45,21,15.6,71,WSW,6.4,20.9,1015.04,0,0,1,446,,
2022-09-20,10:00,21.3,16.1,72,WNW,19.3,17.7,1015.1,0,0,2,490,,
2022-09-20,10:15,21.4,16.1,73,WEST,16.1,22.5,1015.14,0,0,2,533,,
2022-09-20,10:30,21.3,16.1,73,WEST,11.3,24.1,1015.27,0,0,2,573,,
2022-09-20,10:45,21.8,15.6,69,WNW,14.5,27.4,1015.24,0,0,2,608,,
2022-09-20,11:00,22.3,16.1,68,WNW,16.1,29,1015.37,0,0,3,647,,
2022-09-20,11:15,22.8,15.6,64,NE,4.8,29,1015.37,0,0,3,680,,
2022-09-20,11:30,23.3,15.6,62,NORTH,17.7,30.6,1015.41,0,0,3,708,,
2022-09-20,11:45,23.2,14.4,58,WNW,24.1,32.2,1015.34,0,0,3,761,,
2022-09-20,12:00,23.6,15,59,WNW,14.5,25.7,1015.24,0,0,4,784,,
2022-09-20,12:15,24.3,15,56,NE,8,25.7,1015.1,0,0,4,773,,
2022-09-20,12:30,24.2,14.4,55,WNW,6.4,33.8,1015.04,0,0,4,833,,
2022-09-20,12:45,24.6,13.3,50,NORTH,17.7,25.7,1015.04,0,0,4,935,,
2022-09-20,13:00,24.3,13.9,53,EAST,16.1,29,1015.27,0,0,4,564,,
2022-09-20,13:15,24.6,13.9,52,WNW,22.5,29,1015.07,0,0,5,969,,
2022-09-20,13:30,25.4,13.9,50,WNW,22.5,24.1,1015.07,0,0,4,896,,
2022-09-20,13:45,25.2,12.8,47,WEST,25.7,35.4,1014.83,0,0,3,494,,
2022-09-20,14:00,25.3,13.3,49,WEST,27.4,38.6,1014.73,0,0,3,926,,
2022-09-20,14:15,25,13.3,48,WEST,27.4,40.2,1014.83,0,0,4,798,,
2022-09-20,14:30,24.9,11.7,44,WNW,20.9,35.4,1014.87,0,0,4,745,,
2022-09-20,14:45,24.8,13.3,50,WNW,9.7,38.6,1014.8,0,0,3,742,,
2022-09-20,15:00,25,14.4,52,WNW,30.6,40.2,1014.73,0,0,3,708,,
2022-09-20,15:15,24.8,15.6,57,ENE,9.7,35.4,1014.56,0,0,3,680,,
2022-09-20,15:30,24.8,14.4,53,WEST,17.7,41.8,1014.83,0,0,3,686,,
2022-09-20,15:45,24.2,13.9,54,WNW,27.4,41.8,1014.73,0,0,2,265,,
2022-09-20,16:00,23.8,15.6,60,WNW,27.4,46.7,1014.87,0,0,2,320,,
2022-09-20,16:15,23.7,16.7,65,WNW,30.6,43.5,1014.66,0,0,2,543,,
2022-09-20,16:30,23.5,15.6,62,WNW,14.5,45.1,1014.56,0,0,2,487,,
2022-09-20,16:45,23.9,16.1,63,WNW,22.5,35.4,1014.56,0,0,1,441,,
2022-09-20,17:00,23.7,15.6,61,WNW,32.2,43.5,1014.43,0,0,1,394,,
2022-09-20,17:15,23.5,16.1,63,WEST,14.5,46.7,1014.53,0,0,1,350,,
2022-09-20,17:30,23.2,15.6,62,WEST,19.3,41.8,1014.7,0,0,1,301,,
2022-09-20,17:45,23.1,15,62,NW,32.2,40.2,1014.49,0,0,1,250,,
2022-09-20,18:00,22.7,15.6,65,NW,20.9,40.2,1014.77,0,0,0,195,,
2022-09-20,18:15,22.3,16.1,69,WEST,32.2,37,1014.63,0,0,0,90,,
2022-09-20,18:30,22.1,16.1,70,WEST,19.3,43.5,1014.6,0,0,0,90,,
2022-09-20,18:45,21.8,16.1,70,WEST,30.6,30.6,1014.6,0,0,0,47,,
2022-09-20,19:00,21.6,16.1,73,WEST,16.1,37,1014.93,0,0,0,21,,
2022-09-20,19:15,21.3,16.1,73,WEST,25.7,40.2,1015.04,0,0,0,9,,
2022-09-20,19:30,21.1,16.1,74,WEST,14.5,30.6,1015.14,0,0,0,0,,
2022-09-20,19:45,20.8,16.1,75,WNW,11.3,24.1,1015.34,0,0,0,0,,
2022-09-20,20:00,20.6,16.1,77,WNW,9.7,24.1,1015.68,0,0,0,0,,
2022-09-20,20:15,20.4,16.1,78,WEST,16.1,20.9,1015.58,0,0,0,0,,
2022-09-20,20:30,20.2,16.1,78,WEST,11.3,22.5,1015.71,0,0,0,0,,
2022-09-20,20:45,20,16.1,79,WEST,17.7,17.7,1015.75,0,0,0,0,,
2022-09-20,21:00,19.9,16.1,79,WNW,14.5,25.7,1016.15,0,0,0,0,,
2022-09-20,21:15,19.8,16.1,79,WEST,11.3,20.9,1016.19,0,0,0,0,,
2022-09-20,21:30,19.7,16.1,79,WEST,16.1,20.9,1016.32,0,0,0,0,,
2022-09-20,21:45,19.6,16.1,80,WNW,11.3,17.7,1016.53,0,0,0,0,,
2022-09-20,22:00,19.4,15.6,80,WNW,11.3,19.3,1016.66,0,0,0,0,,
2022-09-20,22:15,19.4,16.1,81,WEST,9.7,17.7,1016.59,0,0,0,0,,
2022-09-20,22:30,19.3,16.1,82,WEST,6.4,14.5,1016.53,0,0,0,0,,
2022-09-20,22:45,19.4,16.1,82,WEST,12.9,22.5,1016.66,0,0,0,0,,
2022-09-20,23:00,19.6,16.7,83,WEST,19.3,24.1,1016.59,0,0,0,0,,
2022-09-20,23:15,19.7,16.7,84,WNW,17.7,22.5,1016.59,0,0,0,0,,
2022-09-20,23:30,19.7,16.7,84,WEST,14.5,20.9,1016.46,0,0,0,0,,
2022-09-20,23:45,19.6,16.7,85,WEST,14.5,24.1,1016.46,0,0,0,0,,
2022-09-20,OVR,,,,,,,,,,,,gustmax,32.2
2022-09-20,OVR,,,,,,,,,,,,rainrate_max,0
2022-09-20,OVR,,,,,,,,,,,,rain_total_mm,0
2022-09-20,OVR,,,,,,,,,,,,tmax,25.5
2022-09-20,OVR,,,,,,,,,,,,tmin,16.4
2022-09-20,OVR,,,,,,,,,,,,wind_dir_mean_deg,292.5
2022-09-21,00:00,19.2,16.7,85,ENE,6.4,12.9,1016.59,0,0,0,0,,
2022-09-21,00:15,19.1,16.7,85,NE,8,11.3,1016.59,0,0,0,0,,
2022-09-21,00:30,19,16.1,84,NE,8,17.7,1016.59,0,0,0,0,,
2022-09-21,00:45,18.6,15.6,84,NORTH,0,11.3,1016.59,0,0,0,0,,
2022-09-21,01:00,18.4,15.6,85,WNW,1.6,12.9,1016.59,0,0,0,0,,
2022-09-21,01:15,17.9,15.6,86,NORTH,0,8,1016.93,0,0,0,0,,
2022-09-21,01:30,17.6,15,87,ENE,1.6,4.8,1016.93,0,0,0,0,,
2022-09-21,01:45,17.5,15,87,ENE,1.6,4.8,1016.59,0,0,0,0,,
2022-09-21,02:00,17.7,15,86,ENE,1.6,4.8,1016.93,0,0,0,0,,
2022-09-21,02:15,17,14.4,86,NORTH,0,3.2,1016.59,0,0,0,0,,
2022-09-21,02:30,16.7,14.4,87,ENE,1.6,4.8,1016.59,0,0,0,0,,
2022-09-21,02:45,17.6,15,87,ENE,3.2,3.2,1016.26,0,0,0,0,,
2022-09-21,03:00,16.9,14.4,87,ENE,1.6,4.8,1016.26,0,0,0,0,,
2022-09-21,03:15,17.1,15,88,ENE,1.6,4.8,1016.26,0,0,0,0,,
2022-09-21,03:30,16.8,14.4,88,NORTH,0,3.2,1016.26,0,0,0,0,,
2022-09-21,03:45,16.7,14.4,88,ENE,4.8,4.8,1016.26,0,0,0,0,,
2022-09-21,04:00,16.9,15,88,ENE,1.6,3.2,1015.92,0,0,0,0,,
2022-09-21,04:15,16.7,14.4,87,NORTH,0,3.2,1015.92,0,0,0,0,,
2022-09-21,04:30,16.4,14.4,89,NE,1.6,4.8,1016.26,0,0,0,0,,
2022-09-21,04:45,16.7,14.4,89,NORTH,0,3.2,1015.92,0,0,0,0,,
2022-09-21,05:00,16.8,15,88,NORTH,0,3.2,1016.26,0,0,0,0,,
2022-09-21,05:15,16.7,14.4,89,NORTH,0,1.6,1015.92,0,0,0,0,,
2022-09-21,05:30,16.8,14.4,88,NORTH,0,4.8,1016.26,0,0,0,0,,
2022-09-21,05:45,16.8,14.4,87,NE,1.6,4.8,1015.92,0,0,0,0,,
2022-09-21,06:00,16.8,14.4,86,NORTH,0,4.8,1016.26,0,0,0,0,,
2022-09-21,06:15,16.7,14.4,88,NNE,1.6,3.2,1016.26,0,0,0,0,,
2022-09-21,06:30,16.7,14.4,87,NORTH,0,3.2,1016.26,0,0,0,0,,
2022-09-21,06:45,16.7,14.4,87,NNE,1.6,4.8,1016.26,0,0,0,0,,
2022-09-21,07:00,16.8,13.9,85,NNE,1.6,3.2,1016.59,0,0,0,0,,
2022-09-21,07:15,16.4,13.9,86,NNE,4.8,4.8,1016.59,0,0,0,7,,
2022-09-21,07:30,16.4,13.9,85,ENE,1.6,4.8,1016.59,0,0,0,18,,
2022-09-21,07:45,16.8,13.9,84,NORTH,0,3.2,1016.93,0,0,0,53,,
2022-09-21,08:00,16.6,13.9,86,NORTH,0,3.2,1016.93,0,0,0,97,,
2022-09-21,08:15,17.3,14.4,84,NORTH,0,4.8,1016.93,0,0,0,109,,
2022-09-21,08:30,18.2,15,81,NE,3.2,6.4,1016.93,0,0,0,213,,
2022-09-21,08:45,18.8,15,78,NE,4.8,4.8,1016.93,0,0,0,185,,
2022-09-21,09:00,19.1,14.4,77,NNW,3.2,4.8,1016.93,0,0,1,251,,
2022-09-21,09:15,19.6,15,75,NNW,3.2,4.8,1016.93,0,0,1,381,,
2022-09-21,09:30,19.7,15,74,NNW,1.6,4.8,1017.27,0,0,1,243,,
2022-09-21,09:45,20.6,15,72,NW,3.2,6.4,1016.93,0,0,1,497,,
2022-09-21,10:00,20.8,15,71,NW,3.2,8,1017.27,0,0,2,531,,
2022-09-21,10:15,21.6,15,68,NW,4.8,8,1017.27,0,0,2,594,,
2022-09-21,10:30,22.2,15,65,NW,9.7,11.3,1017.61,0,0,2,631,,
2022-09-21,10:45,22.2,14.4,62,WEST,12.9,11.3,1017.61,0,0,2,339,,
2022-09-21,11:00,22.7,13.9,59,NW,4.8,8,1017.61,0,0,3,708,,
2022-09-21,11:15,22.3,15,63,WNW,3.2,14.5,1017.61,0,0,3,540,,
2022-09-21,11:30,22.6,15,63,SSE,3.2,11.3,1017.61,0,0,3,765,,
2022-09-21,11:45,23.3,14.4,58,SSE,6.4,8,1017.61,0,0,3,592,,
2022-09-21,12:00,23.4,14.4,57,WEST,1.6,12.9,1017.27,0,0,3,318,,
2022-09-21,12:15,24.2,14.4,54,WEST,22.5,14.5,1017.27,0,0,4,826,,
2022-09-21,12:30,24.3,13.9,53,WNW,12.9,20.9,1017.27,0,0,4,798,,
2022-09-21,12:45,24.3,13.9,52,WNW,4.8,17.7,1016.93,0,0,4,812,,
2022-09-21,13:00,24.9,13.3,50,NW,12.9,19.3,1016.93,0,0,4,796,,
2022-09-21,13:15,25.3,12.8,46,NE,9.7,20.9,1017.27,0,0,4,796,,
2022-09-21,13:30,25.1,13.3,48,WEST,19.3,25.7,1016.93,0,0,4,826,,
2022-09-21,13:45,25.1,13.3,48,NW,12.9,24.1,1016.93,0,0,4,789,,
2022-09-21,14:00,25.2,13.3,47,ENE,6.4,25.7,1016.93,0,0,3,633,,
2022-09-21,14:15,25.6,13.3,47,WNW,22.5,12.9,1016.93,0,0,3,671,,
2022-09-21,14:30,25.8,14.4,50,WEST,16.1,32.2,1016.93,0,0,3,635,,
2022-09-21,14:45,24.7,15,54,NW,16.1,30.6,1016.93,0,0,3,807,,
2022-09-21,15:00,24.8,14.4,54,EAST,17.7,29,1016.93,0,0,3,580,,
2022-09-21,15:15,24.6,15,56,WEST,19.3,38.6,1016.93,0,0,2,529,,
2022-09-21,15:30,24.2,15,58,WNW,25.7,37,1016.93,0,0,2,341,,
2022-09-21,15:45,23.9,15.6,60,WNW,22.5,38.6,1016.93,0,0,2,496,,
2022-09-21,16:00,24,16.1,62,WEST,16.1,37,1016.59,0,0,2,397,,
2022-09-21,16:15,23.4,16.1,64,WEST,20.9,32.2,1016.59,0,0,1,311,,
2022-09-21,16:30,23.3,16.1,65,WEST,16.1,30.6,1016.93,0,0,1,163,,
2022-09-21,16:45,23,16.1,66,WEST,24.1,40.2,1016.59,0,0,1,141,,
2022-09-21,19:00,21.9,16.1,72,ENE,12.9,24.1,1017.03,0,0,0,23,,
2022-09-21,19:15,21.7,16.7,75,WEST,6.4,22.5,1016.97,0,0,0,11,,
2022-09-21,19:30,21.3,16.7,77,WEST,9.7,19.3,1017.2,0,0,0,0,,
2022-09-21,19:45,20.9,16.7,78,WEST,9.7,17.7,1017.07,0,0,0,0,,
2022-09-21,20:00,20.7,16.7,79,WEST,17.7,16.1,1017.24,0,0,0,0,,
2022-09-21,20:15,20.4,16.7,79,WEST,3.2,11.3,1017.2,0,0,0,0,,
2022-09-21,20:30,20.3,16.1,79,WEST,3.2,6.4,1017.37,0,0,0,0,,
2022-09-21,20:45,20,16.1,79,WNW,1.6,9.7,1017.75,0,0,0,0,,
2022-09-21,21:00,20.1,16.1,78,NORTH,0,4.8,1017.85,0,0,0,0,,
2022-09-21,21:15,20.1,15.6,77,WEST,4.8,9.7,1017.98,0,0,0,0,,
2022-09-21,21:30,19,15,79,SOUTH,4.8,6.4,1018.05,0,0,0,0,,
2022-09-21,21:45,19.6,15.6,77,SSE,3.2,6.4,1018.02,0,0,0,0,,
2022-09-21,22:00,19.2,15.6,79,SSE,4.8,8,1018.08,0,0,0,0,,
2022-09-21,22:15,19.1,15.6,80,SSE,4.8,9.7,1018.19,0,0,0,0,,
2022-09-21,22:30,19.2,15.6,80,SSE,6.4,6.4,1018.19,0,0,0,0,,
2022-09-21,22:45,18.9,15.6,81,SSE,6.4,8,1018.29,0,0,0,0,,
2022-09-21,23:00,18.6,15,82,SSE,4.8,8,1018.29,0,0,0,0,,
2022-09-21,23:15,18.4,15,82,SSE,4.8,8,1018.05,0,0,0,0,,
2022-09-21,23:30,18.2,15,83,SSE,4.8,8,1018.25,0,0,0,0,,
2022-09-21,23:45,17.5,14.4,85,SE,4.8,4.8,1018.22,0,0,0,0,,
2022-09-21,OVR,,,,,,,,,,,,gustmax,25.7
2022-09-21,OVR,,,,,,,,,,,,rainrate_max,0
2022-09-21,OVR,,,,,,,,,,,,rain_total_mm,0
2022-09-21,OVR,,,,,,,,,,,,tmax,25.8
2022-09-21,OVR,,,,,,,,,,,,tmin,16.2
2022-09-21,OVR,,,,,,,,,,,,wind_dir_mean_deg,315
2022-09-22,00:00,17.9,15,83,ESE,3.2,6.4,1018.15,0,0,0,0,,
2022-09-22,00:15,17.8,14.4,82,ESE,4.8,6.4,1017.98,0,0,0,0,,
2022-09-22,17:30,17.7,15.6,89,NORTH,0,6.4,1017.17,27.94,2.54,0,81,,
2022-09-22,17:45,17.7,16.1,91,SE,1.6,3.2,1017.1,28.7,2.29,0,65,,
2022-09-22,18:00,17.6,16.1,91,EAST,4.8,6.4,1017.03,28.96,2.03,0,35,,
2022-09-22,18:15,17.5,16.1,91,EAST,1.6,3.2,1017.17,28.96,1.52,0,12,,
2022-09-22,18:30,17.2,15.6,90,EAST,1.6,6.4,1017.1,29.21,1.27,0,12,,
2022-09-22,18:45,17.2,15,89,EAST,1.6,4.8,1017.1,29.21,0.51,0,14,,
2022-09-22,19:00,17.1,15,90,NORTH,0,4.8,1017.07,29.21,0.25,0,0,,
2022-09-22,19:15,17,15,90,ENE,9.7,9.7,1017.03,29.21,0,0,0,,
2022-09-22,19:30,17.4,15.6,90,EAST,8,12.9,1017,29.21,0,0,0,,
2022-09-22,19:45,17.2,15.6,89,ENE,6.4,12.9,1016.97,29.21,0,0,0,,
2022-09-22,20:00,16.9,15,89,EAST,4.8,9.7,1017.2,29.21,0,0,0,,
2022-09-22,20:15,16.8,14.4,88,EAST,6.4,12.9,1017.44,29.21,0,0,0,,
2022-09-22,20:30,16.7,14.4,87,ESE,9.7,12.9,1017.64,29.21,0,0,0,,
2022-09-22,20:45,16.7,14.4,86,EAST,8,12.9,1017.75,29.21,0,0,0,,
2022-09-22,21:00,16.9,13.9,84,ENE,8,17.7,1017.95,29.21,0,0,0,,
2022-09-22,21:15,17.2,13.9,82,ENE,12.9,16.1,1017.98,29.21,0,0,0,,
2022-09-22,21:30,17.3,13.9,81,EAST,9.7,17.7,1017.91,29.21,0,0,0,,
2022-09-22,21:45,17.3,13.9,80,EAST,11.3,17.7,1018.19,29.21,0,0,0,,
2022-09-22,22:00,17.4,13.9,79,ENE,14.5,20.9,1018.19,29.21,0,0,0,,
2022-09-22,22:15,17.4,13.9,79,ENE,12.9,19.3,1018.29,29.21,0,0,0,,
2022-09-22,22:30,17.2,13.3,79,EAST,12.9,19.3,1018.22,29.21,0,0,0,,
2022-09-22,22:45,17.2,13.3,79,EAST,12.9,19.3,1018.29,29.21,0,0,0,,
2022-09-22,23:00,16.9,13.3,79,EAST,11.3,19.3,1018.49,29.21,0,0,0,,
2022-09-22,23:15,16.6,12.8,80,EAST,6.4,14.5,1018.8,29.21,0,0,0,,
2022-09-22,23:30,16.2,12.8,82,EAST,8,11.3,1018.66,29.21,0,0,0,,
2022-09-22,23:45,16.1,12.8,82,EAST,9.7,11.3,1018.56,29.21,0,0,0,,
2022-09-22,OVR,,,,,,,,,,,,gustmax,29
2022-09-22,OVR,,,,,,,,,,,,rainrate_max,107.6
2022-09-22,OVR,,,,,,,,,,,,rain_total_mm,29.2
2022-09-22,OVR,,,,,,,,,,,,tmax,26.4
2022-09-22,OVR,,,,,,,,,,,,tmin,16
2022-09-22,OVR,,,,,,,,,,,,wind_dir_mean_deg,90
2022-09-23,00:00,16.2,12.8,80,EAST,8,12.9,1018.73,0,0,0,0,,
2022-09-23,00:15,16.3,12.2,79,EAST,9.7,12.9,1018.52,0,0,0,0,,
2022-09-23,00:30,16.2,12.2,79,EAST,9.7,11.3,1018.66,0,0,0,0,,
2022-09-23,00:45,16.3,12.2,79,EAST,8,12.9,1018.76,0,0,0,0,,
2022-09-23,01:00,16.4,12.2,78,EAST,12.9,16.1,1018.52,0,0,0,0,,
2022-09-23,01:15,16.2,12.2,79,ESE,11.3,12.9,1018.56,0,0,0,0,,
2022-09-23,01:30,15.9,12.2,79,EAST,6.4,12.9,1018.59,0,0,0,0,,
2022-09-23,01:45,16.1,12.2,78,ENE,6.4,14.5,1018.73,0,0,0,0,,
2022-09-23,02:00,16.1,11.7,76,EAST,6.4,11.3,1018.76,0,0,0,0,,
2022-09-23,02:15,16,11.7,77,EAST,6.4,14.5,1018.66,0,0,0,0,,
2022-09-23,02:30,15.6,11.7,78,EAST,6.4,11.3,1018.46,0,0,0,0,,
2022-09-23,02:45,15.6,11.7,78,EAST,4.8,12.9,1018.42,0,0,0,0,,
2022-09-23,03:00,15.4,11.7,78,EAST,6.4,11.3,1018.19,0,0,0,0,,
2022-09-23,03:15,15.3,11.1,78,ESE,9.7,11.3,1018.22,0,0,0,0,,
2022-09-23,03:30,15.8,11.1,76,EAST,4.8,9.7,1018.15,0,0,0,0,,
2022-09-23,03:45,15.7,11.1,75,EAST,6.4,9.7,1018.15,0,0,0,0,,
2022-09-23,04:00,15.7,11.1,75,ESE,4.8,9.7,1018.25,0,0,0,0,,
2022-09-23,04:15,15.8,11.1,75,EAST,4.8,6.4,1018.22,0,0,0,0,,
2022-09-23,04:30,15.8,11.1,74,EAST,4.8,11.3,1017.98,0,0,0,0,,
2022-09-23,04:45,15.8,11.1,75,EAST,4.8,11.3,1017.85,0,0,0,0,,
2022-09-23,05:00,15.8,11.1,75,EAST,9.7,9.7,1017.78,0,0,0,0,,
2022-09-23,05:15,15.4,11.1,76,EAST,6.4,6.4,1017.75,0,0,0,0,,
2022-09-23,05:30,15.6,11.1,76,EAST,4.8,9.7,1017.64,0,0,0,0,,
2022-09-23,05:45,15.7,11.1,75,ENE,4.8,9.7,1017.78,0,0,0,0,,
2022-09-23,06:00,16.4,11.1,72,EAST,8,11.3,1017.78,0,0,0,0,,
2022-09-23,06:15,16,11.1,74,ENE,4.8,9.7,1017.91,0,0,0,0,,
2022-09-23,06:30,15.8,11.1,74,EAST,4.8,8,1017.95,0,0,0,0,,
2022-09-23,06:45,15.8,11.1,75,ENE,6.4,8,1018.05,0,0,0,0,,
2022-09-23,07:00,15.8,11.1,74,EAST,3.2,8,1017.95,0,0,0,0,,
2022-09-23,07:15,16,11.1,74,ENE,4.8,9.7,1018.19,0,0,0,0,,
2022-09-23,07:30,16.3,11.1,72,EAST,4.8,12.9,1017.98,0,0,0,12,,
2022-09-23,07:45,16.6,11.1,71,EAST,6.4,12.9,1018.12,0,0,0,35,,
2022-09-23,08:00,16.6,11.1,71,EAST,6.4,12.9,1018.32,0,0,0,76,,
2022-09-23,08:15,16.9,11.1,70,EAST,6.4,12.9,1018.29,0,0,0,104,,
2022-09-23,08:30,17.1,11.1,69,EAST,11.3,14.5,1018.52,0,0,0,178,,
2022-09-23,08:45,17.3,11.7,70,ESE,11.3,16.1,1018.52,0,0,0,206,,
2022-09-23,09:00,17.3,12.2,72,EAST,8,17.7,1018.76,0,0,1,265,,
2022-09-23,09:15,17.7,12.8,73,EAST,11.3,17.7,1018.76,0,0,1,352,,
2022-09-23,09:30,17.8,12.8,72,EAST,6.4,16.1,1019.03,0,0,1,399,,
2022-09-23,09:45,18,12.2,71,ESE,6.4,17.7,1019.24,0,0,1,441,,
2022-09-23,10:00,18.9,13.3,70,EAST,9.7,14.5,1019.51,0,0,2,485,,
2022-09-23,10:15,19.4,13.3,69,EAST,6.4,14.5,1019.51,0,0,2,527,,
2022-09-23,10:30,19.9,13.3,67,EAST,14.5,16.1,1019.81,0,0,2,568,,
2022-09-23,10:45,20,13.3,65,ENE,11.3,16.1,1019.98,0,0,2,603,,
2022-09-23,11:00,20.6,13.3,63,ESE,6.4,22.5,1020.12,0,0,3,636,,
2022-09-23,11:15,21.4,12.8,59,ESE,6.4,16.1,1020.01,0,0,3,659,,
2022-09-23,11:30,21.4,12.8,58,ESE,9.7,20.9,1020.01,0,0,3,686,,
2022-09-23,11:45,22.1,13.3,57,EAST,4.8,17.7,1020.12,0,0,3,712,,
2022-09-23,12:00,22.1,12.2,55,EAST,4.8,16.1,1020.08,0,0,4,729,,
2022-09-23,12:15,22.4,11.1,50,ESE,11.3,16.1,1019.84,0,0,4,752,,
2022-09-23,12:30,22.8,11.1,48,ESE,1.6,16.1,1019.98,0,0,4,758,,
2022-09-23,12:45,22.6,13.3,56,SE,4.8,16.1,1020.01,0,0,4,770,,
2022-09-23,13:15,22.7,12.8,53,SE,6.4,19.3,1019.91,0,0,4,788,,
2022-09-23,13:30,23.2,11.7,49,NNW,4.8,11.3,1019.88,0,0,4,784,,
2022-09-23,13:45,23.4,11.7,48,NORTH,0,12.9,1019.88,0,0,4,780,,
2022-09-23,14:00,23.7,10.6,43,SOUTH,3.2,16.1,1019.78,0,0,4,765,,
2022-09-23,14:15,23.9,11.1,44,SSE,6.4,6.4,1019.61,0,0,4,761,,
2022-09-23,14:30,24.2,10.6,43,WNW,1.6,11.3,1019.47,0,0,4,728,,
2022-09-23,14:45,24.1,10.6,43,SE,4.8,17.7,1019.2,0,0,3,703,,
2022-09-23,15:00,24.4,11.1,44,ENE,4.8,16.1,1019.03,0,0,4,705,,
2022-09-23,15:15,24.6,10,41,WNW,6.4,20.9,1019.2,0,0,3,686,,
2022-09-23,15:30,25.4,11.1,42,NE,19.3,20.9,1019.03,0,0,3,636,,
2022-09-23,15:45,24.6,10.6,41,,4.8,12.9,1019.03,0,0,3,606,,
2022-09-23,16:00,25.2,11.7,43,WNW,16.1,25.7,1018.83,0,0,2,594,,
2022-09-23,16:15,23.8,12.8,51,WNW,14.5,20.9,1018.86,0,0,1,91,,
2022-09-23,16:30,23.4,13.9,56,WNW,11.3,25.7,1018.73,0,0,1,97,,
2022-09-23,16:45,23.8,15,59,WEST,19.3,24.1,1018.73,0,0,1,415,,
2022-09-23,17:00,23.3,15.6,62,WEST,16.1,25.7,1018.8,0,0,1,98,,
2022-09-23,17:15,22.9,15.6,63,WEST,17.7,29,1018.66,0,0,1,76,,
2022-09-23,17:30,22.9,15.6,63,WNW,20.9,33.8,1018.83,0,0,1,200,,
2022-09-23,17:45,22.8,15.6,64,ENE,6.4,27.4,1018.96,0,0,0,211,,
2022-09-23,18:00,21.3,14.4,65,SSE,1.6,22.5,1019.3,0,0,0,23,,
2022-09-23,18:15,20.7,14.4,68,SSE,9.7,16.1,1019.37,0,0,0,37,,
2022-09-23,18:30,20.3,15,72,SSE,9.7,14.5,1019.3,0,0,0,49,,
2022-09-23,18:45,20.1,15,74,SE,9.7,17.7,1019.3,0,0,0,49,,
2022-09-23,19:00,19.8,15.6,76,SE,16.1,16.1,1019.24,0,0,0,23,,
2022-09-23,19:15,19.4,15.6,80,SE,9.7,17.7,1019.37,0,0,0,0,,
2022-09-23,19:30,18.9,15.6,82,SE,12.9,16.1,1019.61,0,0,0,0,,
2022-09-23,19:45,18.7,15,80,SE,12.9,19.3,1019.47,0,0,0,0,,
2022-09-23,20:00,18.8,15,79,SE,12.9,16.1,1019.78,0,0,0,0,,
2022-09-23,20:15,18.8,15,79,ESE,11.3,14.5,1020.08,0,0,0,0,,
2022-09-23,20:30,19.1,15,78,SE,8,12.9,1020.18,0,0,0,0,,
2022-09-23,20:45,19.2,15,77,SE,4.8,11.3,1020.12,0,0,0,0,,
2022-09-23,21:00,19.4,15,76,SE,6.4,12.9,1020.32,0,0,0,0,,
2022-09-23,21:15,19.5,15,75,ESE,8,12.9,1020.32,0,0,0,0,,
2022-09-23,21:30,19.6,15,76,SE,8,11.3,1020.22,0,0,0,0,,
2022-09-23,21:45,19.6,15.6,77,ESE,12.9,14.5,1020.22,0,0,0,0,,
2022-09-23,22:00,19.6,15.6,77,SE,12.9,14.5,1020.32,0,0,0,0,,
2022-09-23,22:15,19.4,15,77,ESE,8,12.9,1020.18,0,0,0,0,,
2022-09-23,22:30,19.2,15,78,ESE,11.3,12.9,1020.01,0,0,0,0,,
2022-09-23,22:45,19.2,15,78,ESE,12.9,19.3,1020.12,0,0,0,0,,
2022-09-23,23:00,19.2,15,78,ESE,11.3,16.1,1020.01,0,0,0,0,,
2022-09-23,23:15,19.1,15,78,ESE,11.3,14.5,1020.01,0,0,0,0,,
2022-09-23,23:30,19.1,15,78,ESE,14.5,12.9,1020.05,0,0,0,0,,
2022-09-23,23:45,19,15,79,ESE,11.3,14.5,1019.78,0,0,0,0,,
2022-09-23,OVR,,,,,,,,,,,,gustmax,20.9
2022-09-23,OVR,,,,,,,,,,,,rainrate_max,0
2022-09-23,OVR,,,,,,,,,,,,rain_total_mm,0
2022-09-23,OVR,,,,,,,,,,,,tmax,25.4
2022-09-23,OVR,,,,,,,,,,,,tmin,15.3
2022-09-23,OVR,,,,,,,,,,,,wind_dir_mean_deg,90
2022-09-24,00:00,18.8,15,79,ESE,11.3,17.7,1019.57,0,0,0,0,,
2022-09-24,00:15,18.6,15,80,ESE,11.3,17.7,1019.68,0,0,0,0,,
2022-09-24,00:30,18.4,14.4,80,ESE,9.7,12.9,1019.61,0,0,0,0,,
2022-09-24,00:45,18.4,14.4,80,ESE,12.9,12.9,1019.64,0,0,0,0,,
2022-09-24,01:00,18.4,14.4,79,ESE,6.4,12.9,1019.61,0,0,0,0,,
2022-09-24,01:15,18.3,14.4,79,ESE,11.3,14.5,1019.37,0,0,0,0,,
2022-09-24,01:30,18.3,14.4,79,ESE,16.1,17.7,1019.37,0,0,0,0,,
2022-09-24,01:45,18.3,14.4,79,ESE,6.4,14.5,1019.3,0,0,0,0,,
2022-09-24,02:00,18.1,14.4,80,EAST,12.9,16.1,1019.27,0,0,0,0,,
2022-09-24,02:15,18.2,14.4,80,SE,11.3,16.1,1019.2,0,0,0,0,,
2022-09-24,02:30,18.1,14.4,80,SE,11.3,16.1,1019.17,0,0,0,0,,
2022-09-24,02:45,18.1,14.4,80,ESE,11.3,19.3,1018.96,0,0,0,0,,
2022-09-24,03:00,18.2,14.4,80,ESE,11.3,17.7,1018.96,0,0,0,0,,
2022-09-24,03:15,18.2,14.4,80,ESE,8,17.7,1018.83,0,0,0,0,,
2022-09-24,03:30,18.1,14.4,80,ESE,12.9,16.1,1018.93,0,0,0,0,,
2022-09-24,03:45,17.9,14.4,81,ESE,12.9,16.1,1018.76,0,0,0,0,,
2022-09-24,04:00,17.8,14.4,81,ESE,12.9,17.7,1018.52,0,0,0,0,,
2022-09-24,04:15,17.9,14.4,81,ESE,12.9,16.1,1018.49,0,0,0,0,,
2022-09-24,04:30,18.1,14.4,80,ESE,11.3,17.7,1018.29,0,0,0,0,,
2022-09-24,04:45,18.1,14.4,80,ESE,14.5,19.3,1018.15,0,0,0,0,,
2022-09-24,05:00,18.1,14.4,80,ESE,11.3,17.7,1018.29,0,0,0,0,,
2022-09-24,05:15,18.2,14.4,80,ESE,11.3,19.3,1018.12,0,0,0,0,,
2022-09-24,05:30,18.3,14.4,80,ESE,16.1,17.7,1017.95,0,0,0,0,,
2022-09-24,05:45,18.3,14.4,80,ESE,16.1,20.9,1017.95,0,0,0,0,,
2022-09-24,06:00,18.3,14.4,80,EAST,19.3,19.3,1017.71,0,0,0,0,,
2022-09-24,06:15,18.4,14.4,79,SE,17.7,24.1,1017.51,0,0,0,0,,
2022-09-24,06:30,18.6,14.4,79,ESE,17.7,29,1017.34,0,0,0,0,,
2022-09-24,06:45,18.6,14.4,79,SE,8,22.5,1017.68,0,0,0,0,,
2022-09-24,07:00,18.3,14.4,79,ESE,22.5,22.5,1017.68,0,0,0,0,,
2022-09-24,07:15,18.3,14.4,79,ESE,12.9,19.3,1017.75,0,0,0,7,,
2022-09-24,07:30,18.3,14.4,79,ESE,14.5,19.3,1017.95,0,0,0,23,,
2022-09-24,07:45,18.5,14.4,79,EAST,14.5,22.5,1018.25,0,0,0,39,,
2022-09-24,08:00,18.8,15,78,ESE,16.1,22.5,1018.22,0,0,0,90,,
2022-09-24,08:15,19,15,77,EAST,16.1,24.1,1018.15,0,0,0,40,,
2022-09-24,08:30,19.1,15,77,ESE,14.5,22.5,1018.15,0,0,0,114,,
2022-09-24,08:45,19.5,15,76,ESE,16.1,27.4,1018.22,0,0,0,199,,
2022-09-24,09:00,20,15,74,SE,16.1,27.4,1018.12,0,0,1,258,,
2022-09-24,09:15,20.4,15,73,SE,20.9,32.2,1017.91,0,0,1,343,,
2022-09-24,09:30,20.8,15.6,72,SE,19.3,32.2,1018.05,0,0,1,469,,
2022-09-24,09:45,21.3,15.6,71,SE,20.9,27.4,1017.91,0,0,1,452,,
2022-09-24,10:00,21.8,15.6,68,SE,20.9,29,1018.02,0,0,2,471,,
2022-09-24,10:15,21.8,15.6,68,ESE,29,45.1,1017.78,0,0,2,508,,
2022-09-24,10:30,22.5,15.6,65,SOUTH,20.9,37,1018.05,0,0,2,617,,
2022-09-24,10:45,22.6,15,64,SE,14.5,46.7,1017.81,0,0,3,596,,
2022-09-24,11:00,22.7,16.1,67,SSE,25.7,46.7,1017.95,0,0,3,649,,
2022-09-24,11:15,22.6,16.1,67,SE,27.4,51.5,1017.85,0,0,2,682,,
2022-09-24,11:30,23,15.6,64,SE,20.9,38.6,1017.64,0,0,3,668,,
2022-09-24,11:45,23.3,15.6,62,ESE,27.4,48.3,1017.61,0,0,4,721,,
2022-09-24,12:00,23.1,14.4,59,ESE,22.5,51.5,1017.34,0,0,4,721,,
2022-09-24,12:15,23.6,14.4,56,SE,22.5,45.1,1017.31,0,0,4,738,,
2022-09-24,12:30,23.8,15,58,SE,35.4,46.7,1017.34,0,0,4,745,,
2022-09-24,12:45,23.8,14.4,56,SE,35.4,46.7,1017.07,0,0,4,763,,
2022-09-24,13:00,24.3,13.3,51,ESE,19.3,56.3,1017.1,0,0,4,773,,
2022-09-24,13:15,24.1,12.8,50,ESE,22.5,45.1,1017.27,0,0,4,759,,
2022-09-24,13:30,24.2,14.4,54,SE,24.1,45.1,1017.1,0,0,4,773,,
2022-09-24,13:45,24.1,15,57,SE,25.7,45.1,1016.7,0,0,4,789,,
2022-09-24,14:00,24.6,15,56,SE,25.7,40.2,1016.66,0,0,4,719,,
2022-09-24,14:15,24.3,15,56,SE,40.2,45.1,1016.09,0,0,4,708,,
2022-09-24,14:30,24.1,15,58,SE,40.2,41.8,1016.36,0,0,3,668,,
2022-09-24,14:45,23.3,15,61,ESE,30.6,46.7,1015.85,0,0,3,287,,
2022-09-24,15:00,24.3,15.6,59,SE,12.9,53.1,1015.65,0,0,3,800,,
2022-09-24,15:15,23.7,15.6,61,ESE,35.4,46.7,1015.51,0,0,2,348,,
2022-09-24,15:30,23.6,15.6,62,SE,24.1,41.8,1015.44,0,0,2,359,,
2022-09-24,15:45,23.7,16.1,64,ESE,19.3,45.1,1014.9,0,0,2,422,,
2022-09-24,16:00,23.7,16.7,65,SE,33.8,46.7,1014.33,0,0,2,561,,
2022-09-24,16:15,23.9,16.1,63,SE,27.4,41.8,1014.63,0,0,2,489,,
2022-09-24,16:30,23.6,16.7,66,ESE,24.1,38.6,1014.53,0,0,2,485,,
2022-09-24,16:45,23.5,16.7,67,ESE,20.9,43.5,1014.77,0,0,1,404,,
2022-09-24,17:00,23.5,17.2,68,SE,30.6,41.8,1014.39,0,0,1,422,,
2022-09-24,17:15,23.4,17.2,69,ESE,22.5,41.8,1014.39,0,0,1,301,,
2022-09-24,17:30,23.1,17.2,70,ESE,24.1,33.8,1014.16,0,0,1,371,,
2022-09-24,17:45,23.1,17.2,71,SE,22.5,37,1014.19,0,0,0,288,,
2022-09-24,18:00,23.1,17.2,71,SE,12.9,35.4,1014.29,0,0,0,176,,
2022-09-24,18:15,22.8,17.2,71,SE,17.7,37,1014.16,0,0,0,120,,
2022-09-24,18:30,22.7,17.2,71,SE,17.7,33.8,1014.26,0,0,0,69,,
2022-09-24,18:45,22.4,17.2,73,ESE,24.1,35.4,1014.36,0,0,0,32,,
2022-09-24,19:00,22.2,17.2,74,SE,16.1,29,1014.16,0,0,0,12,,
2022-09-24,19:15,22.1,17.2,75,SE,17.7,32.2,1014.12,0,0,0,0,,
2022-09-24,19:30,21.9,17.2,76,ESE,19.3,29,1014.26,0,0,0,0,,
2022-09-24,19:45,21.7,17.2,77,ESE,14.5,24.1,1014.22,0,0,0,0,,
2022-09-24,20:00,21.6,17.2,77,ESE,17.7,29,1014.16,0,0,0,0,,
2022-09-24,20:15,21.5,17.2,77,SE,12.9,27.4,1014.29,0,0,0,0,,
2022-09-24,20:30,21.4,17.2,77,ESE,14.5,24.1,1014.49,0,0,0,0,,
2022-09-24,20:45,21.3,17.2,78,ESE,17.7,22.5,1014.49,0,0,0,0,,
2022-09-24,21:00,21.3,17.2,78,ESE,19.3,24.1,1014.43,0,0,0,0,,
2022-09-24,21:15,21.3,17.2,78,ESE,12.9,24.1,1014.36,0,0,0,0,,
2022-09-24,21:30,21.3,17.2,77,ESE,17.7,24.1,1014.56,0,0,0,0,,
2022-09-24,21:45,21.2,17.2,78,SE,17.7,24.1,1014.43,0,0,0,0,,
2022-09-24,22:00,21.2,17.2,78,SE,14.5,22.5,1014.63,0,0,0,0,,
2022-09-24,22:15,21.3,17.2,79,ESE,12.9,20.9,1014.49,0,0,0,0,,
2022-09-24,22:30,21.2,17.2,79,SE,11.3,20.9,1014.66,0,0,0,0,,
2022-09-24,22:45,21.1,17.2,80,ESE,11.3,19.3,1014.77,0,0,0,0,,
2022-09-24,23:00,20.9,17.2,81,ESE,12.9,16.1,1014.73,0,0,0,0,,
2022-09-24,23:15,21,17.2,81,ESE,16.1,19.3,1014.6,0,0,0,0,,
2022-09-24,23:30,21.1,17.2,81,ESE,11.3,19.3,1014.63,0,0,0,0,,
2022-09-24,23:45,20.7,17.2,82,EAST,6.4,11.3,1014.63,0,0,0,0,,
2022-09-24,OVR,,,,,,,,,,,,gustmax,40.2
2022-09-24,OVR,,,,,,,,,,,,rainrate_max,0
2022-09-24,OVR,,,,,,,,,,,,rain_total_mm,0
2022-09-24,OVR,,,,,,,,,,,,tmax,24.8
2022-09-24,OVR,,,,,,,,,,,,tmin,17.8
2022-09-24,OVR,,,,,,,,,,,,wind_dir_mean_deg,112.5
2022-09-25,00:00,20.6,17.8,84,ESE,6.4,11.3,1014.66,0,0,0,0,,
2022-09-25,00:15,20.3,17.2,85,NORTH,0,9.7,1014.8,0,0,0,0,,
2022-09-25,00:30,19.9,17.2,86,EAST,1.6,8,1014.63,0,0,0,0,,
2022-09-25,00:45,19.4,17.2,87,ENE,3.2,8,1014.22,0,0,0,0,,
2022-09-25,01:00,19.1,16.7,87,ESE,3.2,6.4,1013.95,0,0,0,0,,
2022-09-25,01:15,19.1,16.7,87,EAST,3.2,6.4,1014.05,0,0,0,0,,
2022-09-25,01:30,18.9,16.7,86,ESE,4.8,6.4,1013.82,0,0,0,0,,
2022-09-25,01:45,18.9,16.1,86,ESE,6.4,6.4,1013.92,0,0,0,0,,
2022-09-25,02:00,18.7,16.1,86,ESE,4.8,6.4,1013.61,0,0,0,0,,
2022-09-25,02:15,18.8,16.1,86,ESE,6.4,9.7,1013.61,0,0,0,0,,
2022-09-25,02:30,18.9,16.1,85,ESE,6.4,11.3,1013.24,0,0,0,0,,
2022-09-25,02:45,19.1,16.7,85,ESE,6.4,9.7,1013.17,0,0,0,0,,
2022-09-25,03:00,19.8,17.2,84,ESE,4.8,12.9,1013.04,0,0,0,0,,
2022-09-25,03:15,20.2,17.2,83,SE,11.3,14.5,1012.7,0,0,0,0,,
2022-09-25,03:30,20.3,17.2,82,ESE,6.4,12.9,1012.63,0,0,0,0,,
2022-09-25,03:45,20.4,17.2,82,NORTH,0,4.8,1013.17,0,0,0,0,,
2022-09-25,04:00,20.1,17.2,84,ESE,1.6,4.8,1012.94,0,0,0,0,,
2022-09-25,04:15,19.6,17.2,87,ESE,3.2,3.2,1012.6,0,0,0,0,,
2022-09-25,04:30,20.4,17.8,87,ESE,3.2,9.7,1012.36,0,0,0,0,,
2022-09-25,04:45,20.9,18.9,87,ESE,11.3,12.9,1011.85,0,0,0,0,,
2022-09-25,05:00,20.2,17.8,86,ESE,11.3,14.5,1011.51,0,0,0,0,,
2022-09-25,05:15,19.4,16.7,85,ESE,9.7,17.7,1011.48,0,0,0,0,,
2022-09-25,05:30,19.4,16.7,85,ESE,9.7,16.1,1011.14,0,0,0,0,,
2022-09-25,05:45,19.4,16.7,85,EAST,9.7,12.9,1011.18,0,0,0,0,,
2022-09-25,06:00,19.8,17.2,85,EAST,6.4,16.1,1011.01,0,0,0,0,,
2022-09-25,06:15,19.8,17.2,85,EAST,9.7,14.5,1010.9,0,0,0,0,,
2022-09-25,06:30,19.7,16.7,84,WEST,19.3,25.7,1013.07,0,0,0,0,,
2022-09-25,06:45,18.8,16.7,87,NNE,4.8,16.1,1012.26,2.29,2.29,0,0,,
2022-09-25,07:00,18.6,16.7,90,NNW,6.4,9.7,1012.53,2.29,2.29,0,0,,
2022-09-25,07:15,18.7,17.2,91,NE,8,16.1,1011.72,2.29,2.29,0,0,,
2022-09-25,07:30,18.7,16.7,90,ENE,3.2,4.8,1012.36,2.29,2.29,0,0,,
2022-09-25,07:45,18.5,16.1,86,ENE,6.4,11.3,1012.7,2.29,0,0,0,,
2022-09-25,08:00,18.8,15.6,83,EAST,1.6,12.9,1012.9,2.54,0.25,0,0,,
2022-09-25,08:15,18.2,15,82,NNW,16.1,19.3,1013.07,5.84,3.3,0,0,,
2022-09-25,08:30,17.7,14.4,83,ESE,1.6,17.7,1013.44,8.64,6.1,0,0,,
2022-09-25,08:45,17.2,14.4,85,NE,6.4,14.5,1013.44,9.14,6.86,0,0,,
2022-09-25,09:00,17.2,15,88,NNW,8,19.3,1013.58,9.91,7.11,0,0,,
2022-09-25,09:15,17.1,15,90,NNW,17.7,24.1,1013.48,10.92,4.83,0,11,,
2022-09-25,09:30,17.1,15.6,90,NW,17.7,24.1,1014.26,11.68,3.3,0,7,,
2022-09-25,09:45,16.8,15,90,,9.7,19.3,1013.72,13.21,4.06,0,0,,
2022-09-25,10:00,16.8,15,90,NORTH,0,16.1,1014.53,14.48,4.32,0,0,,
2022-09-25,10:15,16.5,15,90,,16.1,14.5,1014.05,16.51,5.59,0,0,,
2022-09-25,10:30,16.3,14.4,91,NNW,8,16.1,1015.07,17.02,5.08,0,0,,
2022-09-25,10:45,16.2,14.4,91,NORTH,0,4.8,1016.12,17.78,4.57,0,0,,
2022-09-25,11:00,16.1,14.4,92,NE,8,17.7,1013.55,18.54,4.32,0,7,,
2022-09-25,11:15,15.9,14.4,92,ENE,25.7,24.1,1013.61,18.8,2.29,0,33,,
2022-09-25,11:30,16.1,14.4,92,ENE,19.3,27.4,1012.9,18.8,1.78,1,120,,
2022-09-25,11:45,16.3,15,93,EAST,12.9,29,1012.77,18.8,0.76,2,338,,
2022-09-25,12:00,16.8,15.6,92,EAST,14.5,29,1012.33,18.8,0.25,2,378,,
2022-09-25,12:15,18,16.1,89,NE,11.3,25.7,1012.43,18.8,0,4,954,,
2022-09-25,12:30,18.8,16.1,85,ESE,12.9,22.5,1012.36,18.8,0,3,512,,
2022-09-25,12:45,19.6,16.1,82,EAST,14.5,17.7,1012.16,18.8,0,4,872,,
2022-09-25,13:00,20.3,16.1,78,ESE,11.3,17.7,1011.92,18.8,0,3,220,,
2022-09-25,13:15,20.8,16.7,78,ENE,3.2,19.3,1012.26,18.8,0,4,677,,
2022-09-25,13:30,20.9,16.7,78,EAST,6.4,12.9,1012.33,18.8,0,4,803,,
2022-09-25,13:45,21.3,16.7,75,ENE,8,16.1,1011.89,18.8,0,4,749,,
2022-09-25,14:00,22.3,16.7,72,EAST,6.4,16.1,1011.75,18.8,0,4,740,,
2022-09-25,14:15,23,16.7,68,ENE,11.3,17.7,1011.58,18.8,0,4,722,,
2022-09-25,14:30,23.6,16.1,63,ESE,16.1,17.7,1011.41,18.8,0,4,705,,
2022-09-25,14:45,23.3,16.1,65,SE,12.9,20.9,1011.38,18.8,0,4,686,,
2022-09-25,15:00,23.5,16.1,65,SE,14.5,20.9,1011.28,18.8,0,3,659,,
2022-09-25,15:15,23.2,16.7,67,SE,1.6,20.9,1011.55,18.8,0,3,633,,
2022-09-25,15:30,24,16.7,64,SE,8,17.7,1011.65,18.8,0,3,599,,
2022-09-25,15:45,23.7,16.7,66,SSE,1.6,17.7,1011.68,18.8,0,3,571,,
2022-09-25,16:00,24.1,16.7,65,SSE,8,16.1,1011.65,18.8,0,2,531,,
2022-09-25,16:15,24.2,17.2,65,SSE,12.9,20.9,1011.82,18.8,0,2,497,,
2022-09-25,16:30,24.3,16.7,64,ENE,8,25.7,1011.75,18.8,0,2,462,,
2022-09-25,16:45,24,17.2,66,WNW,24.1,37,1011.62,18.8,0,1,441,,
2022-09-25,17:00,23.8,16.7,66,WNW,19.3,33.8,1011.58,18.8,0,1,374,,
2022-09-25,17:15,23.6,16.7,67,WNW,17.7,32.2,1011.62,18.8,0,1,299,,
2022-09-25,17:30,23.1,17.2,70,WNW,20.9,33.8,1011.79,18.8,0,1,162,,
2022-09-25,17:45,22.3,17.2,74,WNW,24.1,38.6,1011.85,18.8,0,0,100,,
2022-09-25,18:00,21.9,17.2,76,WEST,25.7,40.2,1012.06,18.8,0,0,81,,
2022-09-25,18:15,21.4,17.2,77,WEST,19.3,40.2,1012.23,18.8,0,0,74,,
2022-09-25,18:30,21.1,17.2,78,WNW,16.1,25.7,1012.53,18.8,0,0,39,,
2022-09-25,18:45,20.8,16.7,78,WNW,8,30.6,1012.43,18.8,0,0,28,,
2022-09-25,19:00,20.7,16.7,78,WNW,12.9,19.3,1012.63,18.8,0,0,18,,
2022-09-25,19:15,20.6,16.7,78,WNW,12.9,22.5,1012.63,18.8,0,0,0,,
2022-09-25,19:30,20.4,16.1,78,WNW,11.3,19.3,1012.73,18.8,0,0,0,,
2022-09-25,19:45,20.2,16.1,78,NNW,4.8,8,1012.53,18.8,0,0,0,,
2022-09-25,20:00,19.9,16.1,79,NNW,1.6,6.4,1012.67,18.8,0,0,0,,
2022-09-25,20:15,20.1,15.6,76,NNW,4.8,8,1012.84,18.8,0,0,0,,
2022-09-25,20:30,19.8,15.6,77,NORTH,0,3.2,1013.04,18.8,0,0,0,,
2022-09-25,20:45,19.4,15.6,79,NORTH,0,4.8,1013.17,18.8,0,0,0,,
2022-09-25,21:00,18.9,15.6,82,NORTH,0,3.2,1013.31,18.8,0,0,0,,
2022-09-25,21:15,18.4,15.6,83,NNE,3.2,4.8,1013.44,18.8,0,0,0,,
2022-09-25,21:30,18.7,15.6,83,NORTH,0,6.4,1013.41,18.8,0,0,0,,
2022-09-25,21:45,18.4,15,83,NORTH,0,0,1013.34,18.8,0,0,0,,
2022-09-25,22:00,19.1,15.6,82,NNW,3.2,8,1013.41,18.8,0,0,0,,
2022-09-25,22:15,19,15.6,82,NORTH,0,4.8,1013.17,18.8,0,0,0,,
2022-09-25,22:30,19.3,16.1,83,NORTH,0,3.2,1013.28,18.8,0,0,0,,
2022-09-25,22:45,19,16.1,83,NW,3.2,4.8,1013.34,18.8,0,0,0,,
2022-09-25,23:00,18.8,15.6,84,WNW,1.6,11.3,1013.24,18.8,0,0,0,,
2022-09-25,23:15,18.9,16.1,85,NORTH,0,4.8,1013.24,18.8,0,0,0,,
2022-09-25,23:30,18.9,16.1,85,NW,1.6,6.4,1012.97,18.8,0,0,0,,
2022-09-25,23:45,18.6,16.1,86,NNW,3.2,4.8,1012.84,18.8,0,0,0,,
2022-09-25,OVR,,,,,,,,,,,,gustmax,25.7
2022-09-25,OVR,,,,,,,,,,,,rainrate_max,59.4
2022-09-25,OVR,,,,,,,,,,,,rain_total_mm,18.8
2022-09-25,OVR,,,,,,,,,,,,tmax,24.6
2022-09-25,OVR,,,,,,,,,,,,tmin,15.9
2022-09-25,OVR,,,,,,,,,,,,wind_dir_mean_deg,67.5
2022-09-26,00:00,18.6,15.6,85,NORTH,0,1.6,1012.94,0,0,0,0,,
2022-09-26,00:15,18,15.6,86,ENE,3.2,6.4,1012.39,0,0,0,0,,
2022-09-26,00:30,18.2,15.6,85,ENE,3.2,3.2,1012.63,0,0,0,0,,
2022-09-26,00:45,17.9,15,84,ENE,1.6,3.2,1012.84,0,0,0,0,,
2022-09-26,01:00,17.9,15,83,ENE,1.6,4.8,1012.53,0,0,0,0,,
2022-09-26,01:15,17.9,14.4,83,NORTH,0,3.2,1012.43,0,0,0,0,,
2022-09-26,01:30,17.9,15,83,ENE,1.6,3.2,1012.43,0,0,0,0,,
2022-09-26,01:45,18.1,14.4,81,ENE,3.2,4.8,1012.26,0,0,0,0,,
2022-09-26,02:00,18.3,14.4,79,SE,8,4.8,1012.09,0,0,0,0,,
2022-09-26,02:15,18.6,15,80,SE,11.3,12.9,1012.16,0,0,0,0,,
2022-09-26,02:30,18.4,15,81,SE,16.1,11.3,1011.92,0,0,0,0,,
2022-09-26,02:45,18.4,15,81,SE,8,12.9,1011.82,0,0,0,0,,
2022-09-26,03:00,19.2,15,76,ESE,14.5,16.1,1011.51,0,0,0,0,,
2022-09-26,03:15,19.2,14.4,76,ESE,11.3,14.5,1011.41,0,0,0,0,,
2022-09-26,03:30,19.4,15,75,SE,11.3,14.5,1011.11,0,0,0,0,,
2022-09-26,03:45,19,15,79,SE,8,16.1,1010.9,0,0,0,0,,
2022-09-26,04:00,18.6,15.6,83,ESE,9.7,14.5,1010.74,0,0,0,0,,
2022-09-26,04:15,18.6,15.6,85,ESE,4.8,11.3,1010.8,0,0,0,0,,
2022-09-26,04:30,18.5,16.1,86,ESE,9.7,12.9,1010.6,0,0,0,0,,
2022-09-26,04:45,18.6,16.1,85,ESE,12.9,17.7,1010.46,0,0,0,0,,
2022-09-26,05:00,18.6,16.1,86,SE,11.3,17.7,1010.23,0,0,0,0,,
2022-09-26,05:15,18.4,15.6,85,ESE,6.4,17.7,1010.16,0,0,0,0,,
2022-09-26,05:30,18.2,15.6,87,ESE,4.8,11.3,1010.3,0,0,0,0,,
2022-09-26,05:45,18.2,16.1,87,ESE,6.4,9.7,1010.16,0,0,0,0,,
2022-09-26,06:00,18.3,16.1,89,ESE,6.4,14.5,1010.13,0,0,0,0,,
2022-09-26,06:15,18.3,16.7,91,SE,8,12.9,1010.19,0,0,0,0,,
2022-09-26,06:30,18.2,16.7,91,NORTH,0,11.3,1010.46,0,0,0,0,,
2022-09-26,06:45,17.8,16.1,92,NORTH,0,6.4,1010.77,0,0,0,0,,
2022-09-26,07:00,17.9,16.7,92,WSW,3.2,6.4,1010.5,0,0,0,0,,
2022-09-26,07:15,17.3,15.6,92,SSE,3.2,8,1010.33,0,0,0,0,,
2022-09-26,07:30,17.7,16.7,93,SE,8,12.9,1010.02,0,0,0,0,,
2022-09-26,07:45,17.8,16.7,93,SE,11.3,16.1,1009.75,0,0,0,0,,
2022-09-26,08:00,17.8,16.7,93,ESE,6.4,14.5,1009.79,0,0,0,16,,
2022-09-26,08:15,17.8,16.7,94,ESE,3.2,11.3,1009.99,0,0,0,28,,
2022-09-26,08:30,17.9,16.7,94,NORTH,0,3.2,1010.19,0,0,0,26,,
2022-09-26,08:45,17.9,16.7,94,SW,3.2,4.8,1010.5,0,0,0,25,,
2022-09-26,09:00,18.1,16.7,94,SOUTH,1.6,6.4,1010.3,0,0,0,42,,
2022-09-26,09:15,18.1,17.2,94,SOUTH,1.6,1.6,1010.4,0,0,0,86,,
2022-09-26,09:30,18.1,17.2,94,SSE,3.2,9.7,1010.43,0,0,0,105,,
2022-09-26,09:45,18.2,17.2,94,SE,6.4,11.3,1010.4,0,0,1,128,,
2022-09-26,10:00,18.3,17.2,93,SE,4.8,8,1010.43,0,0,1,163,,
2022-09-26,10:15,18.4,17.2,93,NORTH,0,6.4,1010.5,0,0,1,142,,
2022-09-26,10:30,18.6,17.2,93,SE,3.2,4.8,1010.4,0,0,1,202,,
2022-09-26,10:45,19.3,17.8,92,NORTH,0,6.4,1010.19,0,0,2,272,,
2022-09-26,11:00,19.6,17.2,87,NORTH,0,6.4,1009.89,0,0,2,439,,
2022-09-26,11:15,20.2,16.7,80,NNW,8,9.7,1010.13,0,0,2,322,,
2022-09-26,11:30,20.8,16.7,78,WNW,6.4,19.3,1010.13,0,0,3,722,,
2022-09-26,11:45,20.9,17.2,79,WEST,9.7,16.1,1010.16,0,0,2,139,,
2022-09-26,12:00,21.3,16.7,75,,4.8,17.7,1010.16,0,0,4,751,,
2022-09-26,12:15,21.2,16.7,77,SSE,3.2,9.7,1010.19,0,0,4,747,,
2022-09-26,12:30,21.6,16.1,73,NORTH,0,20.9,1010.13,0,0,4,775,,
2022-09-26,12:45,22.2,16.7,71,WNW,4.8,16.1,1010.13,0,0,4,759,,
2022-09-26,13:00,22.6,16.1,69,WSW,3.2,17.7,1010.23,0,0,4,788,,
2022-09-26,13:15,22.6,16.1,67,NW,17.7,25.7,1010.13,0,0,4,756,,
2022-09-26,13:30,22.7,15.6,66,WEST,12.9,25.7,1010.16,0,0,4,749,,
2022-09-26,13:45,22.7,15.6,64,WNW,16.1,33.8,1009.75,0,0,4,624,,
2022-09-26,14:00,22.6,16.7,70,WEST,29,38.6,1009.72,0,0,2,550,,
2022-09-26,14:15,22.1,16.7,72,NW,20.9,46.7,1009.72,0,0,4,615,,
2022-09-26,14:30,22.3,15.6,67,WNW,30.6,40.2,1009.52,0,0,4,766,,
2022-09-26,14:45,22.4,15.6,65,WNW,19.3,40.2,1009.75,0,0,4,647,,
2022-09-26,15:00,22.3,16.1,68,WEST,30.6,48.3,1009.82,0,0,4,700,,
2022-09-26,15:15,22.7,15.6,65,WNW,19.3,38.6,1009.92,0,0,3,635,,
2022-09-26,15:30,22.8,16.1,67,WNW,20.9,37,1009.72,0,0,3,631,,
2022-09-26,15:45,22.3,16.7,71,WNW,16.1,40.2,1009.96,0,0,2,638,,
2022-09-26,16:00,22.3,16.7,71,NW,16.1,43.5,1009.92,0,0,2,506,,
2022-09-26,16:15,22.1,16.7,72,WNW,24.1,38.6,1010.23,0,0,2,508,,
2022-09-26,16:30,21.8,16.1,71,WEST,22.5,38.6,1010.23,0,0,1,250,,
2022-09-26,16:45,21.5,15.6,70,WNW,16.1,37,1010.19,0,0,1,151,,
2022-09-26,17:00,21.2,15,69,NW,19.3,43.5,1010.33,0,0,1,330,,
2022-09-26,17:15,21.8,15,65,WEST,22.5,41.8,1010.33,0,0,1,427,,
2022-09-26,17:30,21.4,14.4,65,WEST,20.9,45.1,1010.33,0,0,1,276,,
2022-09-26,17:45,21.1,13.9,64,WNW,24.1,38.6,1010.4,0,0,0,51,,
2022-09-26,18:00,20.9,13.9,65,WNW,25.7,37,1010.53,0,0,0,213,,
2022-09-26,18:15,20.6,14.4,68,WNW,12.9,40.2,1010.8,0,0,0,62,,
2022-09-26,18:30,20.3,14.4,69,WNW,14.5,33.8,1010.74,0,0,0,44,,
2022-09-26,18:45,20.2,14.4,71,WNW,17.7,30.6,1010.74,0,0,0,23,,
2022-09-26,19:00,20,15,74,WEST,30.6,30.6,1010.9,0,0,0,11,,
2022-09-26,19:15,19.8,15,75,WNW,27.4,30.6,1011.07,0,0,0,0,,
2022-09-26,19:30,19.6,15,75,WNW,20.9,27.4,1011.01,0,0,0,0,,
2022-09-26,19:45,19.5,15,75,WNW,19.3,30.6,1011.18,0,0,0,0,,
2022-09-26,20:00,19.4,14.4,74,WEST,22.5,29,1011.11,0,0,0,0,,
2022-09-26,20:15,19.3,14.4,74,WEST,25.7,30.6,1011.24,0,0,0,0,,
2022-09-26,20:30,19.3,14.4,74,WEST,19.3,29,1011.38,0,0,0,0,,
2022-09-26,20:45,19.2,14.4,75,WNW,11.3,24.1,1011.51,0,0,0,0,,
2022-09-26,21:00,19,14.4,75,WNW,22.5,27.4,1011.68,0,0,0,0,,
2022-09-26,21:15,18.7,14.4,76,WNW,8,25.7,1011.85,0,0,0,0,,
2022-09-26,21:30,18.6,13.9,75,WEST,24.1,30.6,1011.92,0,0,0,0,,
2022-09-26,21:45,18.4,13.9,75,WNW,27.4,49.9,1011.99,0,0,0,0,,
2022-09-26,22:00,18.2,13.3,75,WNW,16.1,33.8,1011.99,0,0,0,0,,
2022-09-26,22:15,18.1,13.3,75,WEST,20.9,32.2,1011.89,0,0,0,0,,
2022-09-26,22:30,18.1,13.3,75,WEST,32.2,38.6,1011.95,0,0,0,0,,
2022-09-26,22:45,17.9,13.3,75,WEST,20.9,32.2,1011.99,0,0,0,0,,
2022-09-26,23:00,17.9,13.3,75,WEST,24.1,27.4,1012.12,0,0,0,0,,
2022-09-26,23:15,17.8,13.3,76,WEST,16.1,29,1012.26,0,0,0,0,,
2022-09-26,23:30,17.7,13.3,76,WNW,14.5,27.4,1012.26,0,0,0,0,,
2022-09-26,23:45,17.6,12.8,76,WNW,12.9,22.5,1012.16,0,0,0,0,,
2022-09-26,OVR,,,,,,,,,,,,gustmax,32.2
2022-09-26,OVR,,,,,,,,,,,,rainrate_max,0
2022-09-26,OVR,,,,,,,,,,,,rain_total_mm,0
2022-09-26,OVR,,,,,,,,,,,,tmax,23.2
2022-09-26,OVR,,,,,,,,,,,,tmin,17.2
2022-09-26,OVR,,,,,,,,,,,,wind_dir_mean_deg,157.5
2022-09-27,00:00,17.6,13.3,76,WNW,12.9,19.3,1012.09,0,0,0,0,,
2022-09-27,00:15,17.6,13.3,76,WNW,8,22.5,1012.02,0,0,0,0,,
2022-09-27,00:30,17.4,12.8,76,WNW,11.3,19.3,1012.09,0,0,0,0,,
2022-09-27,00:45,17.6,12.8,75,WNW,11.3,20.9,1012.02,0,0,0,0,,
2022-09-27,01:00,17.6,12.2,73,NW,14.5,20.9,1012.09,0,0,0,0,,
2022-09-27,01:15,17.4,12.2,73,NW,17.7,19.3,1011.99,0,0,0,0,,
2022-09-27,01:30,17.3,12.2,73,WNW,8,16.1,1011.95,0,0,0,0,,
2022-09-27,01:45,17.2,12.2,73,NW,8,19.3,1011.72,0,0,0,0,,
2022-09-27,02:00,17.3,12.2,73,WNW,11.3,12.9,1011.85,0,0,0,0,,
2022-09-27,02:15,17.2,12.2,73,NW,6.4,16.1,1011.62,0,0,0,0,,
2022-09-27,02:30,17.1,12.2,73,NW,8,17.7,1011.68,0,0,0,0,,
2022-09-27,02:45,17,12.2,74,NW,6.4,16.1,1011.68,0,0,0,0,,
2022-09-27,03:00,16.9,12.2,73,NW,3.2,19.3,1011.48,0,0,0,0,,
2022-09-27,03:15,16.8,12.2,74,WNW,12.9,14.5,1011.18,0,0,0,0,,
2022-09-27,03:30,17,12.2,74,WNW,16.1,24.1,1011.07,0,0,0,0,,
2022-09-27,03:45,17,12.2,74,NW,11.3,22.5,1010.87,0,0,0,0,,
2022-09-27,04:00,17.2,12.2,74,WNW,12.9,22.5,1010.94,0,0,0,0,,
2022-09-27,04:15,17.3,12.2,73,WEST,19.3,20.9,1010.8,0,0,0,0,,
2022-09-27,04:30,17.5,12.2,73,WNW,14.5,24.1,1010.97,0,0,0,0,,
2022-09-27,04:45,17.3,12.2,73,WNW,16.1,16.1,1010.8,0,0,0,0,,
2022-09-27,05:00,17.4,12.2,73,WNW,11.3,19.3,1010.63,0,0,0,0,,
2022-09-27,05:15,17.2,12.2,73,WNW,12.9,19.3,1010.46,0,0,0,0,,
2022-09-27,05:30,17.4,12.2,72,WNW,17.7,22.5,1010.4,0,0,0,0,,
2022-09-27,05:45,17.4,12.2,72,WEST,20.9,22.5,1010.46,0,0,0,0,,
2022-09-27,06:00,17.2,12.2,74,WNW,6.4,14.5,1010.43,0,0,0,0,,
2022-09-27,06:15,17.2,12.2,74,WNW,11.3,19.3,1010.4,0,0,0,0,,
2022-09-27,06:30,17.2,12.2,74,WNW,12.9,17.7,1010.26,0,0,0,0,,
2022-09-27,06:45,16.8,12.2,75,WEST,6.4,12.9,1010.16,0,0,0,0,,
2022-09-27,07:00,16.9,12.2,75,WEST,4.8,6.4,1010.19,0,0,0,0,,
2022-09-27,07:15,16.9,12.2,75,WNW,11.3,11.3,1010.33,0,0,0,0,,
2022-09-27,07:30,17.1,12.2,75,WNW,3.2,12.9,1010.06,0,0,0,0,,
2022-09-27,07:45,17.2,12.2,75,NW,8,12.9,1009.82,0,0,0,19,,
2022-09-27,08:00,17.1,12.8,75,NORTH,0,6.4,1009.72,0,0,0,58,,
2022-09-27,08:15,17.6,12.8,74,WNW,1.6,12.9,1009.99,0,0,0,111,,
2022-09-27,08:30,18,12.8,73,WNW,3.2,8,1010.16,0,0,0,192,,
2022-09-27,08:45,18.3,13.3,73,WEST,14.5,17.7,1010.26,0,0,0,174,,
2022-09-27,09:00,18.6,13.3,72,SW,1.6,11.3,1010.13,0,0,0,47,,
2022-09-27,09:15,18.3,13.3,74,SW,3.2,6.4,1010.13,0,0,0,111,,
2022-09-27,09:30,18.4,13.9,74,,8,22.5,1010.3,0,0,0,111,,
2022-09-27,09:45,17.4,13.9,81,WSW,4.8,19.3,1010.43,0.25,0.25,0,95,,
2022-09-27,10:00,16.9,14.4,85,ENE,3.2,19.3,1010.63,0.25,0.25,1,60,,
2022-09-27,10:15,17.2,15,87,WEST,1.6,11.3,1010.67,0.51,0.51,1,654,,
2022-09-27,10:30,18.6,15.6,83,WNW,8,14.5,1010.9,0.51,0.51,2,543,,
2022-09-27,10:45,19.2,15,79,WSW,8,24.1,1010.74,0.51,0.25,2,559,,
2022-09-27,11:00,19.8,15.6,77,NORTH,6.4,32.2,1010.57,0.51,0.25,3,619,,
2022-09-27,11:15,20.6,15.6,74,NORTH,6.4,22.5,1010.13,0.51,0,3,867,,
2022-09-27,11:30,20.7,14.4,69,NE,25.7,46.7,1010.36,0.51,0,3,756,,
2022-09-27,11:45,21.2,14.4,65,WEST,29,43.5,1010.4,0.51,0,4,802,,
2022-09-27,12:00,21.7,13.9,61,WEST,24.1,43.5,1010.43,0.51,0,4,650,,
2022-09-27,12:15,21.7,13.3,61,WNW,20.9,29,1010.3,0.51,0,2,274,,
2022-09-27,12:30,19.1,14.4,74,SSE,9.7,54.7,1010.7,1.78,1.52,1,134,,
2022-09-27,12:45,17.1,13.3,78,SW,8,43.5,1010.36,1.78,1.52,2,255,,
2022-09-27,13:00,18.6,13.9,74,WNW,14.5,25.7,1010.3,1.78,1.52,4,819,,
2022-09-27,13:15,19.8,14.4,73,ENE,9.7,25.7,1010.23,1.78,1.52,4,863,,
2022-09-27,13:30,20.1,15.6,75,NW,11.3,32.2,1010.19,1.78,0,4,758,,
2022-09-27,13:45,20.6,15.6,74,WSW,14.5,35.4,1009.92,1.78,0,4,751,,
2022-09-27,14:00,20.9,15.6,72,ENE,20.9,38.6,1009.75,1.78,0,4,745,,
2022-09-27,14:15,20.9,15.6,73,WNW,27.4,32.2,1009.55,1.78,0,4,828,,
2022-09-27,14:30,21.1,15.6,72,WEST,16.1,37,1009.55,1.78,0,4,775,,
2022-09-27,14:45,21.2,15,68,WNW,25.7,49.9,1009.48,1.78,0,3,828,,
2022-09-27,15:00,21.2,15.6,70,WNW,16.1,30.6,1009.31,1.78,0,2,329,,
2022-09-27,15:15,19.2,15.6,81,NW,19.3,38.6,1009.48,1.78,0,1,163,,
2022-09-27,15:30,17.6,14.4,84,WNW,19.3,54.7,1009.72,2.54,0.76,0,49,,
2022-09-27,15:45,16.9,15,88,NW,17.7,53.1,1009.65,2.79,1.02,1,243,,
2022-09-27,16:00,17.1,15,88,WNW,27.4,37,1009.52,3.3,1.52,0,88,,
2022-09-27,16:15,17.3,15.6,89,WEST,30.6,38.6,1009.45,5.08,3.3,0,37,,
2022-09-27,16:30,17.3,15.6,90,WNW,16.1,20.9,1009.35,5.59,3.05,0,39,,
2022-09-27,16:45,17.5,15.6,91,NW,12.9,20.9,1009.28,5.59,2.79,1,60,,
2022-09-27,17:00,18.8,16.7,87,NW,16.1,32.2,1009.41,5.59,2.29,1,148,,
2022-09-27,17:15,19.1,16.1,84,WNW,20.9,33.8,1009.45,5.59,0.51,1,132,,
2022-09-27,17:30,19.3,16.1,83,NW,16.1,40.2,1009.41,5.59,0,0,223,,
2022-09-27,17:45,19.2,15.6,80,WNW,22.5,48.3,1009.72,5.59,0,0,107,,
2022-09-27,18:00,18.9,15,80,WNW,35.4,41.8,1009.92,5.59,0,0,72,,
2022-09-27,18:15,18.7,14.4,78,WEST,24.1,53.1,1009.85,5.59,0,0,47,,
2022-09-27,18:30,18.6,14.4,77,WNW,22.5,43.5,1009.99,5.59,0,0,26,,
2022-09-27,18:45,18.5,13.9,76,WNW,19.3,43.5,1010.19,5.59,0,0,19,,
2022-09-27,19:00,18.4,13.9,75,WEST,32.2,40.2,1010.4,5.59,0,0,0,,
2022-09-27,19:15,18.3,13.9,75,NW,14.5,48.3,1010.43,5.59,0,0,0,,
2022-09-27,19:30,18.1,13.3,75,WEST,20.9,37,1010.4,5.59,0,0,0,,
2022-09-27,19:45,17.9,13.3,76,WNW,16.1,45.1,1010.67,5.59,0,0,0,,
2022-09-27,20:00,17.8,13.3,76,NW,24.1,33.8,1010.7,5.59,0,0,0,,
2022-09-27,20:15,17.8,13.3,76,WNW,30.6,38.6,1010.97,5.59,0,0,0,,
2022-09-27,20:30,17.8,13.3,75,WNW,17.7,37,1011.04,5.59,0,0,0,,
2022-09-27,20:45,17.8,13.3,75,WNW,19.3,33.8,1010.97,5.59,0,0,0,,
2022-09-27,21:00,17.8,13.3,75,NW,20.9,29,1011.34,5.59,0,0,0,,
2022-09-27,21:15,17.8,13.3,75,WNW,16.1,40.2,1011.45,5.59,0,0,0,,
2022-09-27,21:30,17.9,13.3,75,WNW,22.5,38.6,1011.24,5.59,0,0,0,,
2022-09-27,21:45,17.9,13.3,75,WNW,16.1,30.6,1011.45,5.59,0,0,0,,
2022-09-27,22:00,17.9,13.3,75,WNW,11.3,30.6,1011.65,5.59,0,0,0,,
2022-09-27,22:15,17.9,13.3,74,WNW,22.5,33.8,1011.68,5.59,0,0,0,,
2022-09-27,22:30,17.8,13.3,75,WNW,20.9,27.4,1011.68,5.59,0,0,0,,
2022-09-27,22:45,17.8,13.3,75,WEST,20.9,29,1011.75,5.59,0,0,0,,
2022-09-27,23:00,17.9,13.3,75,NW,17.7,32.2,1011.55,5.59,0,0,0,,
2022-09-27,23:15,17.9,13.3,74,NW,20.9,37,1011.45,5.59,0,0,0,,
2022-09-27,23:30,17.9,13.3,74,WEST,22.5,38.6,1011.65,5.59,0,0,0,,
2022-09-27,23:45,17.7,13.3,75,WNW,14.5,40.2,1011.45,5.59,0,0,0,,
2022-09-27,OVR,,,,,,,,,,,,gustmax,35.4
2022-09-27,OVR,,,,,,,,,,,,rainrate_max,88.6
2022-09-27,OVR,,,,,,,,,,,,rain_total_mm,5.6
2022-09-27,OVR,,,,,,,,,,,,tmax,21.9
2022-09-27,OVR,,,,,,,,,,,,tmin,16.6
2022-09-27,OVR,,,,,,,,,,,,wind_dir_mean_deg,292.5
2022-09-28,00:00,17.7,13.3,76,WNW,24.1,49.9,1011.24,0,0,0,0,,
2022-09-28,00:15,17.8,12.8,75,NW,12.9,45.1,1011.14,0,0,0,0,,
2022-09-28,00:30,17.7,13.3,76,WEST,20.9,46.7,1011.18,0,0,0,0,,
2022-09-28,00:45,17.7,12.8,74,WNW,20.9,48.3,1010.94,0,0,0,0,,
2022-09-28,01:00,17.8,12.8,73,NNW,29,49.9,1010.5,0,0,0,0,,
2022-09-28,01:15,17.9,12.8,72,WEST,38.6,53.1,1010.43,0,0,0,0,,
2022-09-28,01:30,18.1,12.8,72,WEST,30.6,54.7,1010.46,0,0,0,0,,
2022-09-28,01:45,18.1,12.8,71,WEST,32.2,59.5,1010.4,0,0,0,0,,
2022-09-28,02:00,18,12.2,69,WNW,45.1,57.9,1010.74,0,0,0,0,,
2022-09-28,02:15,18.1,12.2,69,WNW,24.1,54.7,1010.7,0,0,0,0,,
2022-09-28,02:30,18,12.2,70,WEST,25.7,45.1,1010.6,0,0,0,0,,
2022-09-28,02:45,17.9,12.2,71,WNW,22.5,41.8,1010.84,0,0,0,0,,
2022-09-28,03:00,17.9,12.2,70,WNW,24.1,49.9,1010.9,0,0,0,0,,
2022-09-28,03:15,17.9,11.7,68,WNW,25.7,48.3,1010.7,0,0,0,0,,
2022-09-28,03:30,17.9,11.7,68,WNW,20.9,43.5,1010.7,0,0,0,0,,
2022-09-28,03:45,17.7,12.2,70,WNW,25.7,33.8,1010.43,0,0,0,0,,
2022-09-28,04:00,17.8,12.2,71,WNW,27.4,37,1010.16,0,0,0,0,,
2022-09-28,04:15,17.8,12.8,73,WNW,24.1,35.4,1010.19,0,0,0,0,,
2022-09-28,04:30,17.6,12.8,74,WNW,27.4,40.2,1010.3,0,0,0,0,,
2022-09-28,04:45,17.5,12.8,74,WNW,19.3,30.6,1010.19,0,0,0,0,,
2022-09-28,05:00,17.7,12.8,74,WNW,22.5,40.2,1010.23,0,0,0,0,,
2022-09-28,05:15,17.6,12.8,76,WEST,29,43.5,1010.3,0,0,0,0,,
2022-09-28,05:30,17.7,13.3,75,WNW,30.6,51.5,1009.99,0,0,0,0,,
2022-09-28,05:45,17.7,13.3,76,WEST,29,45.1,1009.99,0,0,0,0,,
2022-09-28,06:00,17.1,13.3,79,WEST,16.1,33.8,1010.19,0,0,0,0,,
2022-09-28,06:15,17.1,13.3,79,WEST,19.3,49.9,1010.06,0,0,0,0,,
2022-09-28,06:30,17.1,12.8,77,WNW,20.9,51.5,1010.13,0,0,0,0,,
2022-09-28,06:45,17.2,12.8,75,WNW,16.1,43.5,1009.99,0,0,0,0,,
2022-09-28,07:00,17.2,12.8,76,WEST,25.7,37,1010.16,0,0,0,0,,
2022-09-28,07:15,17.2,13.3,78,WEST,32.2,37,1009.92,0,0,0,0,,
2022-09-28,07:30,16.9,13.3,79,NW,17.7,30.6,1010.13,0,0,0,7,,
2022-09-28,07:45,17,13.3,79,WNW,24.1,25.7,1010.16,0,0,0,16,,
2022-09-28,08:00,17.2,13.3,79,WEST,19.3,29,1010.02,0,0,0,79,,
2022-09-28,08:15,17.3,13.3,79,WNW,14.5,25.7,1010.16,0,0,0,39,,
2022-09-28,08:30,16.6,13.9,84,WNW,11.3,32.2,1009.99,0,0,0,104,,
2022-09-28,08:45,16.4,13.9,87,WNW,20.9,27.4,1010.13,0.25,0.25,0,46,,
2022-09-28,09:00,16.3,13.9,88,WEST,19.3,43.5,1010.19,0.76,0.76,0,72,,
2022-09-28,09:15,16.6,14.4,88,WNW,12.9,25.7,1010.26,1.02,1.02,0,37,,
2022-09-28,09:30,16.9,15,88,WEST,16.1,22.5,1010.33,1.02,1.02,0,39,,
2022-09-28,09:45,16.9,15,89,WNW,11.3,25.7,1010.26,1.02,0.76,1,109,,
2022-09-28,10:00,17.2,15,88,NW,12.9,22.5,1010.46,1.02,0.25,1,109,,
2022-09-28,10:15,18.2,15.6,86,WEST,20.9,25.7,1010.43,1.02,0,1,550,,
2022-09-28,10:30,19.1,15.6,82,ENE,19.3,35.4,1010.43,1.02,0,1,225,,
2022-09-28,10:45,19,15,80,WNW,19.3,35.4,1010.5,1.02,0,2,608,,
2022-09-28,11:00,20.1,15.6,75,WNW,25.7,43.5,1010.53,1.02,0,2,740,,
2022-09-28,11:15,20.2,15.6,75,WEST,20.9,40.2,1010.46,1.02,0,3,684,,
2022-09-28,11:30,20.6,15,70,WNW,19.3,48.3,1010.43,1.02,0,3,710,,
2022-09-28,11:45,20.8,15,69,WEST,37,40.2,1009.99,1.02,0,4,800,,
2022-09-28,12:00,21,14.4,68,WNW,27.4,45.1,1010.02,1.02,0,4,840,,
2022-09-28,12:15,20.9,15,70,WEST,12.9,37,1010.26,1.02,0,2,165,,
2022-09-28,12:30,21,14.4,68,EAST,19.3,41.8,1010.23,1.02,0,4,816,,
2022-09-28,12:45,21.5,15,66,WEST,24.1,45.1,1010.19,1.02,0,4,775,,
2022-09-28,13:00,21.2,15,68,WEST,27.4,38.6,1010.23,1.02,0,4,872,,
2022-09-28,13:15,21.3,14.4,67,WEST,30.6,38.6,1010.06,1.02,0,4,735,,
2022-09-28,13:30,21.3,14.4,67,WEST,20.9,40.2,1009.72,1.02,0,2,747,,
2022-09-28,13:45,21.9,14.4,63,WEST,27.4,40.2,1009.55,1.02,0,2,830,,
2022-09-28,14:00,21.8,15,65,WEST,17.7,30.6,1009.48,1.02,0,3,742,,
2022-09-28,14:15,21.8,14.4,64,ENE,20.9,29,1009.35,1.02,0,2,413,,
2022-09-28,14:30,21.7,14.4,65,ENE,17.7,29,1009.41,1.02,0,2,229,,
2022-09-28,14:45,21.7,15,66,WEST,24.1,35.4,1009.31,1.02,0,3,497,,
2022-09-28,15:00,21.4,13.9,63,WEST,32.2,46.7,1009.25,1.02,0,3,410,,
2022-09-28,15:15,21.9,15,66,WEST,14.5,38.6,1009.21,1.02,0,3,545,,
2022-09-28,15:30,21.8,15,66,WEST,16.1,29,1009.21,1.02,0,3,765,,
2022-09-28,15:45,22.1,15,64,NORTH,9.7,25.7,1009.01,1.02,0,3,687,,
2022-09-28,16:00,21.7,14.4,65,NE,9.7,29,1009.04,1.02,0,1,169,,
2022-09-28,16:15,21.3,15,69,WSW,27.4,30.6,1009.18,1.02,0,1,125,,
2022-09-28,16:30,21.2,15,69,WSW,6.4,35.4,1008.84,1.02,0,1,255,,
2022-09-28,16:45,21.2,15,68,WEST,17.7,38.6,1008.97,1.02,0,1,211,,
2022-09-28,17:00,20.2,13.9,68,WNW,22.5,35.4,1009.38,1.02,0,0,123,,
2022-09-28,17:15,18,13.3,76,NNW,8,22.5,1009.11,1.02,0,0,153,,
2022-09-28,17:30,18.2,13.3,75,NNW,6.4,17.7,1009.01,1.02,0,0,209,,
2022-09-28,17:45,18.8,13.3,72,,1.6,16.1,1008.91,1.02,0,0,271,,
2022-09-28,18:00,18.8,13.3,72,NW,11.3,12.9,1008.97,1.02,0,0,109,,
2022-09-28,18:15,18.6,13.3,73,NNW,6.4,12.9,1008.94,1.02,0,0,74,,
2022-09-28,18:30,18.6,13.9,74,,4.8,12.9,1008.97,1.02,0,0,40,,
2022-09-28,18:45,18.4,13.9,75,,3.2,8,1008.81,1.02,0,0,19,,
2022-09-28,19:00,18.1,13.9,77,NORTH,0,3.2,1008.94,1.02,0,0,0,,
2022-09-28,19:15,17.4,13.9,80,NORTH,0,0,1008.7,1.02,0,0,0,,
2022-09-28,19:30,17.3,13.9,80,NORTH,0,0,1008.64,1.02,0,0,0,,
2022-09-28,19:45,16.8,13.3,81,NORTH,0,4.8,1008.67,1.02,0,0,0,,
2022-09-28,20:00,16.9,13.9,83,NE,4.8,6.4,1008.67,1.02,0,0,0,,
2022-09-28,20:15,17.3,13.9,83,EAST,4.8,6.4,1008.74,1.02,0,0,0,,
2022-09-28,20:30,17.6,14.4,82,EAST,3.2,4.8,1009.25,1.02,0,0,0,,
2022-09-28,20:45,17.2,13.9,82,NORTH,0,8,1009.14,1.02,0,0,0,,
2022-09-28,21:00,16.9,13.9,83,NORTH,0,6.4,1009.18,1.02,0,0,0,,
2022-09-28,21:15,16.6,13.9,86,NNE,4.8,6.4,1009.01,1.02,0,0,0,,
2022-09-28,21:30,16.3,13.9,87,ENE,3.2,4.8,1008.84,1.27,0.25,0,0,,
2022-09-28,21:45,16.5,13.9,87,ENE,4.8,4.8,1008.84,1.27,0.25,0,0,,
2022-09-28,22:00,16.7,14.4,87,SE,6.4,8,1008.57,1.27,0.25,0,0,,
2022-09-28,22:15,16.8,14.4,86,SE,8,11.3,1008.57,1.27,0.25,0,0,,
2022-09-28,22:30,17,14.4,85,SE,8,11.3,1008.57,1.27,0,0,0,,
2022-09-28,22:45,16.7,13.9,84,SE,11.3,12.9,1008.5,1.27,0,0,0,,
2022-09-28,23:00,16.6,13.9,85,NORTH,0,6.4,1008.7,1.27,0,0,0,,
2022-09-28,23:15,15.9,13.3,87,SE,1.6,4.8,1008.77,1.27,0,0,0,,
2022-09-28,23:30,15.8,13.9,89,NORTH,0,4.8,1008.81,1.27,0,0,0,,
2022-09-28,23:45,15.6,13.3,89,NORTH,0,3.2,1008.64,1.27,0,0,0,,
2022-09-28,OVR,,,,,,,,,,,,gustmax,45.1
2022-09-28,OVR,,,,,,,,,,,,rainrate_max,29
2022-09-28,OVR,,,,,,,,,,,,rain_total_mm,1.2
2022-09-28,OVR,,,,,,,,,,,,tmax,22.3
2022-09-28,OVR,,,,,,,,,,,,tmin,15.5
2022-09-28,OVR,,,,,,,,,,,,wind_dir_mean_deg,292.5
2022-09-29,00:00,15.7,13.9,89,ESE,4.8,6.4,1008.53,0,0,0,0,,
2022-09-29,00:15,15.9,13.9,89,ESE,4.8,6.4,1008.4,0,0,0,0,,
2022-09-29,00:30,16.1,13.9,88,EAST,4.8,9.7,1008.4,0,0,0,0,,
2022-09-29,00:45,16.4,13.9,87,ESE,4.8,9.7,1008.53,0,0,0,0,,
2022-09-29,01:00,17.2,14.4,85,SSE,1.6,14.5,1008.36,0,0,0,0,,
2022-09-29,01:15,17.7,14.4,83,ESE,6.4,11.3,1008.13,0,0,0,0,,
2022-09-29,01:30,17.1,13.9,84,NORTH,0,4.8,1008.2,0,0,0,0,,
2022-09-29,01:45,17.2,14.4,85,SE,3.2,8,1008.23,0,0,0,0,,
2022-09-29,02:00,17.3,14.4,84,SE,3.2,6.4,1008.06,0,0,0,0,,
2022-09-29,02:15,16.7,14.4,87,NORTH,0,4.8,1007.99,0,0,0,0,,
2022-09-29,02:30,17.1,14.4,87,SE,3.2,6.4,1007.96,0,0,0,0,,
2022-09-29,02:45,17.3,14.4,85,NORTH,0,11.3,1007.69,0,0,0,0,,
2022-09-29,03:00,17.1,14.4,86,ESE,1.6,6.4,1007.45,0,0,0,0,,
2022-09-29,03:15,16.7,14.4,87,ESE,1.6,4.8,1007.08,0,0,0,0,,
2022-09-29,03:30,17.3,15,86,ESE,1.6,6.4,1006.94,0,0,0,0,,
2022-09-29,03:45,17.2,14.4,85,ESE,1.6,6.4,1006.84,0,0,0,0,,
2022-09-29,04:00,17.4,15,85,SE,6.4,8,1007.01,0,0,0,0,,
2022-09-29,04:15,17.2,14.4,85,SE,8,8,1006.71,0,0,0,0,,
2022-09-29,04:30,17.4,15,85,SE,3.2,6.4,1006.71,0,0,0,0,,
2022-09-29,04:45,17.3,14.4,85,SE,1.6,8,1006.64,0,0,0,0,,
2022-09-29,05:00,17.1,14.4,87,SE,8,8,1006.37,0,0,0,0,,
2022-09-29,05:15,17.4,15,87,NORTH,0,12.9,1006.43,0,0,0,0,,
2022-09-29,05:30,17.7,15,85,SE,3.2,4.8,1006.43,0,0,0,0,,
2022-09-29,05:45,17.2,15,87,SSE,8,11.3,1006.47,0.25,0.25,0,0,,
2022-09-29,06:00,17.1,15,89,SE,6.4,12.9,1006.33,0.51,0.51,0,0,,
2022-09-29,06:15,16.9,15,89,NORTH,0,4.8,1006.37,0.51,0.51,0,0,,
2022-09-29,06:30,16.4,14.4,90,NORTH,0,4.8,1006.67,1.78,1.78,0,0,,
2022-09-29,06:45,16.6,15,91,SE,3.2,8,1006.37,3.05,2.79,0,0,,
2022-09-29,07:00,16.7,15,90,SE,8,14.5,1006.37,3.81,3.3,0,0,,
2022-09-29,07:15,16.7,15,90,SSE,6.4,14.5,1006.2,3.81,3.3,0,0,,
2022-09-29,07:30,16.7,15,90,SE,11.3,12.9,1006.13,3.81,1.78,0,9,,
2022-09-29,07:45,16.8,15,89,SSE,6.4,12.9,1006.23,3.81,0.76,0,19,,
2022-09-29,08:00,17.4,15,88,SE,6.4,12.9,1006.33,3.81,0,0,32,,
2022-09-29,08:15,17.8,15.6,87,SE,9.7,14.5,1006.2,3.81,0,0,67,,
2022-09-29,08:30,17.8,15.6,87,SE,6.4,14.5,1005.83,3.81,0,0,146,,
2022-09-29,08:45,18.7,16.1,85,ESE,4.8,16.1,1005.45,3.81,0,0,192,,
2022-09-29,09:00,18.8,15.6,83,SE,4.8,17.7,1005.79,3.81,0,1,287,,
2022-09-29,09:15,19.2,16.1,82,SSE,12.9,16.1,1005.96,3.81,0,1,102,,
2022-09-29,09:30,19.2,16.1,83,ESE,9.7,14.5,1005.93,3.81,0,1,385,,
2022-09-29,09:45,19.3,15.6,81,ESE,16.1,17.7,1006.2,3.81,0,1,448,,
2022-09-29,10:00,19.9,16.7,81,ESE,16.1,19.3,1006.13,3.81,0,2,519,,
2022-09-29,10:15,20.1,16.1,79,ESE,6.4,17.7,1006.43,3.81,0,1,592,,
2022-09-29,10:30,20.7,16.1,76,SSE,1.6,16.1,1006.33,3.81,0,2,566,,
2022-09-29,11:00,21.7,16.7,74,NORTH,0,17.7,1006.43,3.81,0,2,295,,
2022-09-29,11:15,21.7,16.1,71,SSE,1.6,19.3,1006.5,3.81,0,3,315,,
2022-09-29,11:30,22.2,15.6,68,ENE,14.5,17.7,1006.5,3.81,0,2,267,,
2022-09-29,11:45,20.9,13.9,65,NW,14.5,48.3,1006.77,3.81,0,2,274,,
2022-09-29,12:00,20.8,14.4,68,WNW,9.7,19.3,1006.6,3.81,0,2,403,,
2022-09-29,12:15,21.4,15.6,69,WEST,6.4,14.5,1006.43,3.81,0,2,480,,
2022-09-29,12:30,21.4,15.6,71,NE,6.4,20.9,1006.16,3.81,0,1,95,,
2022-09-29,12:45,20.2,13.3,65,WNW,20.9,54.7,1006.98,3.81,0,0,28,,
2022-09-29,13:00,17.4,13.3,77,WNW,22.5,46.7,1007.21,6.1,2.29,0,12,,
2022-09-29,13:15,16.2,13.3,83,WEST,9.7,29,1007.38,6.6,2.79,1,90,,
2022-09-29,13:30,16,12.8,82,ENE,9.7,25.7,1007.72,7.11,3.3,0,65,,
2022-09-29,13:45,16.4,12.8,78,SSW,1.6,6.4,1007.25,7.11,3.3,2,257,,
2022-09-29,14:00,17.3,13.9,80,SOUTH,3.2,9.7,1006.98,7.11,0.76,2,271,,
2022-09-29,14:15,17.8,13.3,76,SE,8,11.3,1006.33,7.11,0.51,0,86,,
2022-09-29,14:30,18.6,12.8,69,SE,3.2,14.5,1006.43,7.11,0.25,1,181,,
2022-09-29,14:45,18.3,12.8,72,SW,4.8,12.9,1006.94,7.11,0,0,42,,
2022-09-29,15:00,17.4,13.3,77,SE,14.5,19.3,1006.23,7.87,0.76,0,42,,
2022-09-29,15:15,16.9,12.8,79,SSE,11.3,19.3,1006.2,7.87,0.76,0,58,,
2022-09-29,15:30,17,12.2,75,SE,24.1,43.5,1005.99,7.87,0.76,0,32,,
2022-09-29,15:45,16.2,12.2,79,EAST,9.7,33.8,1005.01,8.13,1.02,0,56,,
2022-09-29,16:00,16.5,12.2,78,SE,16.1,30.6,1004.98,8.13,0.25,1,199,,
2022-09-29,16:15,18.1,12.8,73,SE,11.3,22.5,1005.15,8.13,0.25,1,193,,
2022-09-29,16:30,18.8,12.8,68,SSE,11.3,20.9,1005.22,8.13,0.25,2,352,,
2022-09-29,16:45,19.2,12.8,68,ESE,11.3,19.3,1005.55,8.13,0,0,54,,
2022-09-29,17:00,20.2,12.8,64,ESE,12.9,25.7,1005.32,8.13,0,1,336,,
2022-09-29,17:15,19.7,12.2,63,SSE,29,27.4,1005.15,8.13,0,1,114,,
2022-09-29,17:30,19.2,12.8,67,ESE,16.1,20.9,1005.05,8.13,0,0,86,,
2022-09-29,17:45,19.2,12.8,68,SE,4.8,14.5,1005.25,8.13,0,0,54,,
2022-09-29,18:00,19.1,12.8,67,SE,17.7,19.3,1005.05,8.13,0,0,25,,
2022-09-29,18:15,19.1,12.2,66,ESE,11.3,19.3,1005.45,8.13,0,0,12,,
2022-09-29,18:30,18.8,12.8,68,ESE,9.7,12.9,1005.79,8.13,0,0,9,,
2022-09-29,18:45,18.8,12.8,68,SE,4.8,14.5,1005.99,8.13,0,0,0,,
2022-09-29,19:00,18.6,12.8,69,ESE,17.7,16.1,1005.59,8.13,0,0,0,,
2022-09-29,19:15,18.8,12.8,68,NORTH,0,17.7,1005.86,8.13,0,0,0,,
2022-09-29,19:30,18,12.8,71,ESE,3.2,6.4,1006.2,8.13,0,0,0,,
2022-09-29,19:45,18.7,12.8,69,SE,4.8,16.1,1005.96,8.13,0,0,0,,
2022-09-29,20:00,18.2,12.8,72,WNW,3.2,4.8,1005.89,8.13,0,0,0,,
2022-09-29,20:15,18.6,12.8,70,SSE,9.7,14.5,1005.69,8.13,0,0,0,,
2022-09-29,20:30,18.8,13.3,71,SW,6.4,30.6,1005.89,8.13,0,0,0,,
2022-09-29,20:45,18.7,13.9,73,SSW,3.2,19.3,1005.76,8.13,0,0,0,,
2022-09-29,21:00,18.4,13.9,76,SE,12.9,19.3,1005.93,8.13,0,0,0,,
2022-09-29,21:15,18.6,13.9,75,SSE,12.9,20.9,1006.1,8.13,0,0,0,,
2022-09-29,21:30,19.1,13.9,73,SSE,9.7,14.5,1006.03,8.13,0,0,0,,
2022-09-29,21:45,19.4,13.3,70,SOUTH,1.6,16.1,1006.2,8.13,0,0,0,,
2022-09-29,22:00,19.4,13.3,69,SSE,4.8,14.5,1006.2,8.13,0,0,0,,
2022-09-29,22:15,18.9,13.3,72,SE,3.2,8,1006.57,8.13,0,0,0,,
2022-09-29,22:30,19,13.3,71,SOUTH,3.2,8,1006.43,8.13,0,0,0,,
2022-09-29,22:45,18.6,13.3,74,SE,8,14.5,1006.64,8.13,0,0,0,,
2022-09-29,23:00,18.7,13.9,73,SE,8,12.9,1006.57,8.13,0,0,0,,
2022-09-29,23:15,18.5,13.9,74,SE,6.4,11.3,1006.16,8.13,0,0,0,,
2022-09-29,23:30,18.6,13.9,74,SE,4.8,12.9,1006.13,8.13,0,0,0,,
2022-09-29,23:45,18.4,13.3,74,SSE,6.4,8,1006.64,8.13,0,0,0,,
2022-09-29,OVR,,,,,,,,,,,,gustmax,29
2022-09-29,OVR,,,,,,,,,,,,rainrate_max,59.6
2022-09-29,OVR,,,,,,,,,,,,rain_total_mm,8.2
2022-09-29,OVR,,,,,,,,,,,,tmax,22.3
2022-09-29,OVR,,,,,,,,,,,,tmin,15.6
2022-09-29,OVR,,,,,,,,,,,,wind_dir_mean_deg,135
2022-09-30,00:00,18.9,14.4,76,ESE,12.9,19.3,1006.5,0,0,0,0,,
2022-09-30,00:15,18.3,15,81,SE,12.9,14.5,1006.71,0,0,0,0,,
2022-09-30,00:30,18.2,15,82,SE,16.1,22.5,1006.37,0,0,0,0,,
2022-09-30,00:45,17.9,15,82,SE,14.5,19.3,1005.93,0.25,0.25,0,0,,
2022-09-30,01:00,18.3,13.9,77,ESE,14.5,22.5,1005.72,0.25,0.25,0,0,,
2022-09-30,01:15,18.1,15,82,ESE,20.9,27.4,1005.93,0.25,0.25,0,0,,
2022-09-30,01:30,18,15,84,SE,19.3,35.4,1006.27,0.25,0.25,0,0,,
2022-09-30,01:45,17.2,14.4,86,ESE,20.9,41.8,1006.06,0.25,0,0,0,,
2022-09-30,02:00,16.8,15,89,SE,12.9,30.6,1006.3,0.25,0,0,0,,
2022-09-30,02:15,16.3,14.4,89,SE,25.7,30.6,1006.43,0.25,0,0,0,,
2022-09-30,02:30,15.8,13.9,89,SE,14.5,30.6,1006.37,0.25,0,0,0,,
2022-09-30,02:45,15.4,12.8,87,SE,16.1,27.4,1006.64,0.25,0,0,0,,
2022-09-30,03:00,15.4,12.8,85,SE,17.7,25.7,1006.23,0.25,0,0,0,,
2022-09-30,03:15,15.3,12.8,85,SE,12.9,25.7,1006.16,0.25,0,0,0,,
2022-09-30,03:30,15.6,12.8,84,SE,17.7,24.1,1006.16,0.25,0,0,0,,
2022-09-30,03:45,15.7,12.8,84,ESE,11.3,24.1,1006.13,0.25,0,0,0,,
2022-09-30,04:00,16.2,13.3,84,ESE,14.5,22.5,1006.1,0.25,0,0,0,,
2022-09-30,04:15,16.6,13.3,83,ESE,14.5,20.9,1005.99,0.25,0,0,0,,
2022-09-30,04:30,16.3,13.3,84,SE,20.9,20.9,1005.79,0.25,0,0,0,,
2022-09-30,04:45,16.2,13.3,84,ESE,14.5,29,1005.96,0.25,0,0,0,,
2022-09-30,05:00,15.9,13.3,85,ESE,17.7,27.4,1006.06,0.25,0,0,0,,
2022-09-30,05:15,16.1,13.3,84,ESE,17.7,25.7,1006.2,0.25,0,0,0,,
2022-09-30,05:30,16.3,13.3,85,ESE,17.7,24.1,1006.37,0.25,0,0,0,,
2022-09-30,05:45,16.6,13.9,85,SE,20.9,27.4,1006.33,0.25,0,0,0,,
2022-09-30,06:00,16.6,13.9,85,SE,17.7,27.4,1006.33,0.25,0,0,0,,
2022-09-30,06:15,16.4,13.9,86,SE,19.3,24.1,1006.16,0.25,0,0,0,,
2022-09-30,06:30,16.4,13.9,86,ESE,25.7,32.2,1005.89,0.25,0,0,0,,
2022-09-30,06:45,16.4,13.9,87,ESE,12.9,32.2,1005.96,0.25,0,0,0,,
2022-09-30,07:00,16.6,14.4,87,SSE,14.5,27.4,1006.64,0.25,0,0,0,,
2022-09-30,07:15,16.7,14.4,88,ESE,19.3,30.6,1006.74,0.25,0,0,0,,
2022-09-30,07:30,16.7,14.4,89,SE,19.3,27.4,1006.67,0.25,0,0,9,,
2022-09-30,07:45,16.7,14.4,89,SE,14.5,27.4,1006.84,0.25,0,0,7,,
2022-09-30,08:00,16.8,15,89,ESE,16.1,22.5,1006.94,0.25,0,0,21,,
2022-09-30,08:15,17.4,15.6,88,SE,17.7,22.5,1006.94,0.25,0,0,53,,
2022-09-30,08:30,18.1,15.6,86,SE,14.5,22.5,1006.98,0.25,0,0,49,,
2022-09-30,08:45,18.4,15.6,85,SE,8,20.9,1007.21,0.25,0,0,58,,
2022-09-30,09:00,18.2,15.6,85,SE,11.3,22.5,1007.59,0.25,0,0,60,,
2022-09-30,09:15,18,15.6,86,SE,14.5,20.9,1007.48,0.25,0,0,77,,
2022-09-30,09:30,18.3,16.1,87,SE,16.1,19.3,1007.62,0.25,0,1,160,,
2022-09-30,09:45,18.6,16.1,86,SE,14.5,19.3,1007.96,0.25,0,1,149,,
2022-09-30,10:00,19.1,16.7,86,SE,12.9,16.1,1007.89,0.25,0,1,334,,
2022-09-30,10:30,20.6,17.2,82,SSE,8,20.9,1008.57,0.25,0,2,564,,
2022-09-30,10:45,20.6,16.7,79,WSW,4.8,14.5,1008.57,0.25,0,2,251,,
2022-09-30,11:00,20.9,17.2,79,SW,3.2,9.7,1008.5,0.25,0,3,541,,
2022-09-30,11:15,21.2,16.7,76,SSW,3.2,11.3,1008.5,0.25,0,3,670,,
2022-09-30,11:30,21.9,16.1,71,SSE,1.6,9.7,1008.6,0.25,0,3,673,,
2022-09-30,11:45,21.7,16.1,72,NORTH,0,12.9,1008.77,0.25,0,2,346,,
2022-09-30,12:00,21.9,16.1,70,SSE,3.2,11.3,1008.77,0.25,0,3,341,,
2022-09-30,12:15,22.2,16.7,71,SSE,1.6,17.7,1009.01,0.25,0,3,364,,
2022-09-30,12:30,22.2,16.7,73,SSW,3.2,20.9,1009.25,0.25,0,2,295,,
2022-09-30,12:45,22.2,16.7,71,SSE,16.1,14.5,1009.28,0.25,0,2,274,,
2022-09-30,13:00,22.3,14.4,61,NNE,4.8,16.1,1009.18,0.25,0,3,295,,
2022-09-30,13:15,22.9,12.2,51,SW,3.2,22.5,1009.21,0.25,0,4,325,,
2022-09-30,13:30,23.2,12.2,50,SW,9.7,22.5,1009.35,0.25,0,2,243,,
2022-09-30,13:45,22.8,13.3,56,WSW,6.4,19.3,1009.31,0.25,0,3,279,,
2022-09-30,14:00,22.9,13.9,56,SSW,3.2,19.3,1009.28,0.25,0,3,287,,
2022-09-30,14:15,23.4,13.3,54,WSW,4.8,19.3,1009.45,0.25,0,3,779,,
2022-09-30,14:30,23.2,14.4,58,ENE,12.9,25.7,1009.55,0.25,0,3,334,,
2022-09-30,14:45,23.2,15,60,SSW,3.2,29,1009.52,0.25,0,4,346,,
2022-09-30,15:00,22.7,15,62,SW,17.7,27.4,1009.55,0.25,0,3,571,,
2022-09-30,15:15,22.3,13.9,60,WSW,6.4,32.2,1009.79,0.25,0,2,209,,
2022-09-30,15:30,22.4,14.4,60,WNW,14.5,22.5,1009.89,0.25,0,2,292,,
2022-09-30,15:45,22.3,14.4,63,ENE,24.1,32.2,1010.02,0.25,0,2,308,,
2022-09-30,16:00,22,14.4,64,WNW,22.5,32.2,1010.36,0.25,0,2,404,,
2022-09-30,16:15,21.4,15.6,69,WEST,20.9,41.8,1010.23,0.25,0,1,195,,
2022-09-30,16:30,21.3,14.4,66,WEST,20.9,32.2,1010.5,0.25,0,2,373,,
2022-09-30,16:45,20.6,15.6,73,WNW,22.5,37,1010.77,0.25,0,1,278,,
2022-09-30,17:00,19.9,15.6,77,WNW,32.2,33.8,1010.9,0.25,0,1,339,,
2022-09-30,17:15,19.2,15,78,WNW,16.1,35.4,1011.04,0.25,0,1,107,,
2022-09-30,17:30,18.5,15,80,WEST,20.9,35.4,1011.38,0.25,0,0,67,,
2022-09-30,17:45,18.3,14.4,78,WEST,20.9,32.2,1011.65,0.25,0,0,76,,
2022-09-30,18:00,18,13.9,78,WEST,17.7,27.4,1011.75,0.25,0,0,63,,
2022-09-30,18:15,17.9,13.9,79,WEST,11.3,17.7,1011.92,0.25,0,0,63,,
2022-09-30,18:30,17.7,13.3,77,WNW,11.3,25.7,1012.23,0.25,0,0,81,,
2022-09-30,18:45,17.9,13.3,75,WNW,11.3,20.9,1012.67,0.25,0,0,62,,
2022-09-30,19:00,18.2,12.8,71,WNW,9.7,20.9,1012.8,0.25,0,0,21,,
2022-09-30,19:15,18.1,12.8,71,WEST,9.7,20.9,1012.84,0.25,0,0,0,,
2022-09-30,19:30,17.4,12.8,75,WEST,3.2,12.9,1012.84,0.25,0,0,0,,
2022-09-30,19:45,16.9,12.8,78,WEST,9.7,17.7,1013.11,0.25,0,0,0,,
2022-09-30,20:00,16.5,12.8,80,NE,9.7,22.5,1013.21,0.25,0,0,0,,
2022-09-30,20:15,16.3,13.3,82,WEST,9.7,11.3,1013.21,0.25,0,0,0,,
2022-09-30,20:30,16.3,13.3,83,WEST,11.3,16.1,1013.58,0.25,0,0,0,,
2022-09-30,20:45,16.2,13.3,83,WNW,6.4,16.1,1013.75,0.25,0,0,0,,
2022-09-30,21:00,15.9,12.8,83,WNW,4.8,14.5,1013.82,0.25,0,0,0,,
2022-09-30,21:15,15.8,12.8,83,NORTH,0,8,1014.12,0.25,0,0,0,,
2022-09-30,21:30,15.6,12.8,84,WNW,6.4,11.3,1014.49,0.25,0,0,0,,
2022-09-30,21:45,15.4,12.8,84,WNW,1.6,12.9,1014.87,0.25,0,0,0,,
2022-09-30,22:00,15.4,12.8,85,WNW,4.8,12.9,1015.17,0.25,0,0,0,,
2022-09-30,22:15,15.4,12.8,86,NW,8,16.1,1015.68,0.25,0,0,0,,
2022-09-30,22:30,15.2,12.8,85,NW,8,19.3,1015.71,0.25,0,0,0,,
2022-09-30,22:45,15.6,12.2,81,NW,6.4,19.3,1015.58,0.25,0,0,0,,
2022-09-30,23:00,15.7,12.2,80,NNW,12.9,16.1,1015.85,0.25,0,0,0,,
2022-09-30,23:15,15.7,12.2,80,NW,8,24.1,1016.02,0.25,0,0,0,,
2022-09-30,23:30,15.4,12.2,81,NNW,9.7,12.9,1016.53,0.25,0,0,0,,
2022-09-30,23:45,15.5,12.2,82,NW,4.8,14.5,1016.83,0.25,0,0,0,,
2022-09-30,OVR,,,,,,,,,,,,gustmax,32.2
2022-09-30,OVR,,,,,,,,,,,,rainrate_max,0.2
2022-09-30,OVR,,,,,,,,,,,,rain_total_mm,0.2
2022-09-30,OVR,,,,,,,,,,,,tmax,23.4
2022-09-30,OVR,,,,,,,,,,,,tmin,15.2
2022-09-30,OVR,,,,,,,,,,,,wind_dir_mean_deg,135
