date,time,temp_c,dewpoint_c,rh_pct,wind_dir_txt,wind_kmh,gust_kmh,press_hpa,rain_acc_mm,rain_rate_mmph,uv,solar_wm2,key,value
2023-08-01,00:00,21.2,18.3,84.0,WNW,20.9,29.0,1015.78,0.0,0.0,0.0,0.0,,
2023-08-01,00:15,21.2,18.3,84.0,WSW,14.5,25.7,1015.75,0.0,0.0,0.0,0.0,,
2023-08-01,00:30,20.9,17.8,83.0,NW,12.9,16.1,1015.61,0.0,0.0,0.0,0.0,,
2023-08-01,00:45,20.8,17.8,83.0,NW,6.4,17.7,1015.54,0.0,0.0,0.0,0.0,,
2023-08-01,01:00,20.5,17.2,82.0,WNW,12.9,12.9,1015.44,0.0,0.0,0.0,0.0,,
2023-08-01,01:15,20.3,16.7,81.0,NW,3.2,8.0,1015.31,0.0,0.0,0.0,0.0,,
2023-08-01,01:30,20.4,17.2,82.0,NW,11.3,12.9,1015.14,0.0,0.0,0.0,0.0,,
2023-08-01,01:45,20.5,17.2,82.0,NW,4.8,12.9,1015.1,0.0,0.0,0.0,0.0,,
2023-08-01,02:00,20.5,17.2,82.0,WNW,12.9,24.1,1015.04,0.0,0.0,0.0,0.0,,
2023-08-01,02:15,20.6,17.2,83.0,WNW,6.4,20.9,1014.73,0.0,0.0,0.0,0.0,,
2023-08-01,02:30,20.6,17.2,83.0,NW,14.5,19.3,1014.63,0.0,0.0,0.0,0.0,,
2023-08-01,02:45,20.5,17.2,83.0,NW,11.3,19.3,1014.53,0.0,0.0,0.0,0.0,,
2023-08-01,03:00,20.2,17.2,84.0,NNW,4.8,12.9,1014.29,0.0,0.0,0.0,0.0,,
2023-08-01,03:15,20.0,17.2,84.0,NW,8.0,16.1,1014.09,0.0,0.0,0.0,0.0,,
2023-08-01,03:30,20.0,17.2,84.0,NW,12.9,16.1,1014.05,0.0,0.0,0.0,0.0,,
2023-08-01,03:45,20.1,17.2,84.0,WNW,11.3,25.7,1013.75,0.0,0.0,0.0,0.0,,
2023-08-01,04:00,20.1,17.2,84.0,NW,16.1,20.9,1013.68,0.0,0.0,0.0,0.0,,
2023-08-01,04:15,20.1,16.7,83.0,WEST,16.1,22.5,1013.48,0.0,0.0,0.0,0.0,,
2023-08-01,04:30,20.2,17.2,83.0,WEST,19.3,33.8,1013.41,0.0,0.0,0.0,0.0,,
2023-08-01,04:45,20.3,17.2,82.0,WNW,17.7,37.0,1013.61,0.0,0.0,0.0,0.0,,
2023-08-01,05:00,20.3,16.7,82.0,WEST,17.7,32.2,1013.68,0.0,0.0,0.0,0.0,,
2023-08-01,05:15,20.2,17.2,82.0,WNW,14.5,22.5,1013.68,0.0,0.0,0.0,0.0,,
2023-08-01,05:30,19.9,16.7,83.0,WNW,11.3,20.9,1013.82,0.0,0.0,0.0,0.0,,
2023-08-01,05:45,19.8,16.7,84.0,WNW,12.9,25.7,1013.68,0.0,0.0,0.0,0.0,,
2023-08-01,06:00,19.6,16.7,83.0,WNW,19.3,27.4,1013.82,0.0,0.0,0.0,0.0,,
2023-08-01,06:15,19.8,16.7,82.0,WNW,16.1,29.0,1013.55,0.0,0.0,0.0,0.0,,
2023-08-01,06:30,19.8,16.1,81.0,NW,8.0,27.4,1013.58,0.0,0.0,0.0,7.0,,
2023-08-01,06:45,19.6,16.1,82.0,NW,16.1,20.9,1013.82,0.0,0.0,0.0,14.0,,
2023-08-01,07:00,19.6,16.1,82.0,NW,8.0,16.1,1013.72,0.0,0.0,0.0,44.0,,
2023-08-01,07:15,19.6,16.1,82.0,NNW,6.4,11.3,1013.95,0.0,0.0,0.0,84.0,,
2023-08-01,07:30,19.9,16.7,82.0,NNW,1.6,4.8,1013.85,0.0,0.0,0.0,130.0,,
2023-08-01,07:45,20.3,17.2,82.0,NW,3.2,8.0,1013.88,0.0,0.0,0.0,160.0,,
2023-08-01,08:00,20.9,17.8,83.0,WEST,22.5,25.7,1013.85,0.0,0.0,0.0,214.0,,
2023-08-01,08:15,21.2,17.8,83.0,,6.4,17.7,1013.82,0.0,0.0,1.0,279.0,,
2023-08-01,08:30,21.7,18.3,82.0,NNW,4.8,8.0,1014.09,0.0,0.0,1.0,327.0,,
2023-08-01,08:45,22.2,18.3,80.0,NW,8.0,9.7,1013.95,0.0,0.0,1.0,371.0,,
2023-08-01,09:00,22.2,18.3,80.0,NNW,8.0,12.9,1013.82,0.0,0.0,1.0,380.0,,
2023-08-01,09:15,23.3,18.9,77.0,WEST,20.9,24.1,1013.85,0.0,0.0,2.0,388.0,,
2023-08-01,09:30,23.5,18.9,77.0,WNW,22.5,30.6,1013.88,0.0,0.0,2.0,410.0,,
2023-08-01,09:45,23.9,18.9,75.0,WNW,14.5,38.6,1014.05,0.0,0.0,2.0,483.0,,
2023-08-01,10:00,24.2,18.9,73.0,WNW,27.4,43.5,1013.95,0.0,0.0,3.0,585.0,,
2023-08-01,10:15,24.5,18.9,73.0,WEST,22.5,51.5,1014.19,0.0,0.0,3.0,598.0,,
2023-08-01,10:30,25.0,19.4,71.0,WNW,22.5,38.6,1013.95,0.0,0.0,4.0,691.0,,
2023-08-01,10:45,25.4,19.4,69.0,WEST,25.7,49.9,1014.12,0.0,0.0,4.0,735.0,,
2023-08-01,11:00,25.8,19.4,68.0,WNW,29.0,51.5,1014.29,0.0,0.0,4.0,763.0,,
2023-08-01,11:15,25.8,19.4,68.0,WNW,35.4,51.5,1014.22,0.0,0.0,5.0,805.0,,
2023-08-01,11:30,25.8,18.9,65.0,WEST,51.5,53.1,1013.99,0.0,0.0,5.0,830.0,,
2023-08-01,11:45,26.2,18.9,64.0,WEST,27.4,46.7,1013.99,0.0,0.0,5.0,854.0,,
2023-08-01,12:00,26.2,18.9,65.0,WNW,40.2,57.9,1013.72,0.0,0.0,6.0,875.0,,
2023-08-01,12:15,26.4,19.4,67.0,NW,37.0,57.9,1013.75,0.0,0.0,6.0,889.0,,
2023-08-01,12:30,26.5,19.4,65.0,WNW,33.8,59.5,1013.58,0.0,0.0,6.0,904.0,,
2023-08-01,12:45,26.6,19.4,65.0,WNW,22.5,57.9,1013.61,0.0,0.0,6.0,916.0,,
2023-08-01,13:00,26.9,19.4,63.0,WEST,49.9,49.9,1013.55,0.0,0.0,7.0,925.0,,
2023-08-01,13:15,26.7,19.4,64.0,WEST,46.7,59.5,1013.41,0.0,0.0,7.0,925.0,,
2023-08-01,13:30,27.1,18.9,61.0,WNW,38.6,59.5,1013.31,0.0,0.0,7.0,923.0,,
2023-08-01,13:45,26.9,18.9,62.0,WNW,38.6,61.2,1013.38,0.0,0.0,7.0,916.0,,
2023-08-01,14:00,26.9,17.8,58.0,WEST,37.0,61.2,1013.0,0.0,0.0,7.0,907.0,,
2023-08-01,14:15,27.4,18.3,58.0,WNW,38.6,51.5,1013.24,0.0,0.0,6.0,895.0,,
2023-08-01,14:30,27.3,18.9,62.0,WSW,25.7,62.8,1013.21,0.0,0.0,6.0,881.0,,
2023-08-01,14:45,27.1,19.4,64.0,WNW,37.0,54.7,1013.17,0.0,0.0,6.0,868.0,,
2023-08-01,15:00,27.1,19.4,64.0,WNW,25.7,53.1,1013.17,0.0,0.0,6.0,846.0,,
2023-08-01,15:15,27.6,18.9,59.0,WNW,33.8,54.7,1013.28,0.0,0.0,5.0,828.0,,
2023-08-01,15:30,27.1,18.9,62.0,WEST,37.0,59.5,1013.28,0.0,0.0,5.0,802.0,,
2023-08-01,15:45,27.1,18.9,60.0,WNW,33.8,59.5,1013.44,0.0,0.0,5.0,772.0,,
2023-08-01,16:00,27.1,18.9,60.0,WNW,38.6,51.5,1013.24,0.0,0.0,4.0,738.0,,
2023-08-01,16:15,27.3,18.9,60.0,WEST,38.6,53.1,1013.17,0.0,0.0,4.0,707.0,,
2023-08-01,16:30,27.2,18.9,61.0,WNW,20.9,51.5,1013.31,0.0,0.0,4.0,671.0,,
2023-08-01,16:45,27.3,18.9,61.0,WNW,19.3,46.7,1013.44,0.0,0.0,3.0,628.0,,
2023-08-01,17:00,27.0,18.9,61.0,WEST,38.6,53.1,1013.34,0.0,0.0,3.0,584.0,,
2023-08-01,17:15,27.1,18.9,61.0,WEST,22.5,46.7,1013.04,0.0,0.0,2.0,540.0,,
2023-08-01,17:30,27.1,18.9,61.0,WNW,32.2,54.7,1013.21,0.0,0.0,2.0,497.0,,
2023-08-01,17:45,27.0,17.8,58.0,WEST,22.5,46.7,1013.44,0.0,0.0,2.0,450.0,,
2023-08-01,18:00,26.8,17.8,59.0,WNW,46.7,49.9,1013.58,0.0,0.0,2.0,396.0,,
2023-08-01,18:15,26.6,18.3,62.0,WNW,24.1,45.1,1013.41,0.0,0.0,1.0,364.0,,
2023-08-01,18:30,25.9,18.3,63.0,WNW,17.7,43.5,1013.48,0.0,0.0,1.0,288.0,,
2023-08-01,18:45,25.6,18.3,66.0,WNW,20.9,45.1,1013.48,0.0,0.0,1.0,109.0,,
2023-08-01,19:00,25.3,18.3,67.0,NW,16.1,43.5,1013.34,0.0,0.0,0.0,69.0,,
2023-08-01,19:15,25.1,18.3,68.0,WEST,27.4,45.1,1013.55,0.0,0.0,0.0,67.0,,
2023-08-01,19:30,24.9,18.9,70.0,WNW,22.5,46.7,1013.58,0.0,0.0,0.0,105.0,,
2023-08-01,19:45,24.6,18.9,72.0,WEST,24.1,38.6,1013.65,0.0,0.0,0.0,42.0,,
2023-08-01,20:00,24.3,19.4,74.0,WNW,16.1,27.4,1013.99,0.0,0.0,0.0,11.0,,
2023-08-01,20:15,24.1,19.4,76.0,WNW,16.1,22.5,1013.88,0.0,0.0,0.0,11.0,,
2023-08-01,20:30,23.9,19.4,77.0,WEST,19.3,29.0,1013.88,0.0,0.0,0.0,11.0,,
2023-08-01,20:45,23.7,19.4,78.0,WNW,12.9,22.5,1013.82,0.0,0.0,0.0,0.0,,
2023-08-01,21:00,23.4,19.4,80.0,WNW,16.1,29.0,1013.85,0.0,0.0,0.0,0.0,,
2023-08-01,21:15,23.3,19.4,81.0,WEST,17.7,24.1,1014.02,0.0,0.0,0.0,0.0,,
2023-08-01,21:30,23.3,20.0,82.0,WNW,11.3,22.5,1014.12,0.0,0.0,0.0,0.0,,
2023-08-01,21:45,23.2,20.0,82.0,WNW,4.8,16.1,1014.33,0.0,0.0,0.0,0.0,,
2023-08-01,22:00,23.1,20.0,82.0,WNW,12.9,20.9,1014.43,0.0,0.0,0.0,0.0,,
2023-08-01,22:15,23.2,20.0,83.0,NW,6.4,14.5,1014.6,0.0,0.0,0.0,0.0,,
2023-08-01,22:30,23.1,20.0,83.0,NORTH,0.0,12.9,1014.73,0.0,0.0,0.0,0.0,,
2023-08-01,22:45,22.9,19.4,83.0,NORTH,0.0,11.3,1014.56,0.0,0.0,0.0,0.0,,
2023-08-01,23:00,22.9,19.4,83.0,NORTH,0.0,8.0,1014.56,0.0,0.0,0.0,0.0,,
2023-08-01,23:15,22.7,19.4,83.0,NORTH,0.0,3.2,1014.49,0.0,0.0,0.0,0.0,,
2023-08-01,23:30,22.6,19.4,83.0,NNW,1.6,6.4,1014.56,0.0,0.0,0.0,0.0,,
2023-08-01,23:45,22.5,19.4,83.0,,1.6,3.2,1014.46,0.0,0.0,0.0,0.0,,
2023-08-01,OVR,,,,,,,,,,,,gustmax,62.8
2023-08-01,OVR,,,,,,,,,,,,rainrate_max,0.0
2023-08-01,OVR,,,,,,,,,,,,rain_total_mm,0.0
2023-08-01,OVR,,,,,,,,,,,,tmax,27.7
2023-08-01,OVR,,,,,,,,,,,,tmin,19.5
2023-08-01,OVR,,,,,,,,,,,,wind_dir_mean_deg,292.5
2023-08-02,00:00,22.3,18.9,83.0,NORTH,0.0,6.4,1014.46,0.0,0.0,0.0,0.0,,
2023-08-02,00:15,22.3,19.4,84.0,NE,4.8,6.4,1014.29,0.0,0.0,0.0,0.0,,
2023-08-02,00:30,22.3,19.4,84.0,NORTH,0.0,4.8,1014.26,0.0,0.0,0.0,0.0,,
2023-08-02,00:45,22.3,19.4,84.0,NE,1.6,3.2,1014.19,0.0,0.0,0.0,0.0,,
2023-08-02,01:00,22.3,19.4,84.0,NE,6.4,1.6,1014.09,0.0,0.0,0.0,0.0,,
2023-08-02,01:15,22.3,19.4,85.0,WNW,11.3,14.5,1014.22,0.0,0.0,0.0,0.0,,
2023-08-02,01:30,22.3,19.4,85.0,WEST,12.9,24.1,1014.19,0.0,0.0,0.0,0.0,,
2023-08-02,01:45,22.3,19.4,85.0,WNW,19.3,24.1,1014.09,0.0,0.0,0.0,0.0,,
2023-08-02,02:00,22.2,19.4,85.0,WNW,14.5,22.5,1014.19,0.0,0.0,0.0,0.0,,
2023-08-02,02:15,22.2,19.4,86.0,NW,4.8,19.3,1014.12,0.0,0.0,0.0,0.0,,
2023-08-02,02:30,22.2,19.4,86.0,WNW,6.4,17.7,1014.09,0.0,0.0,0.0,0.0,,
2023-08-02,02:45,22.2,19.4,87.0,NW,6.4,12.9,1013.88,0.0,0.0,0.0,0.0,,
2023-08-02,03:00,22.1,19.4,87.0,NW,3.2,9.7,1013.88,0.0,0.0,0.0,0.0,,
2023-08-02,03:15,22.1,20.0,88.0,NW,3.2,11.3,1013.58,0.0,0.0,0.0,0.0,,
2023-08-02,03:30,22.0,20.0,88.0,NORTH,0.0,16.1,1013.38,0.0,0.0,0.0,0.0,,
2023-08-02,03:45,21.8,19.4,89.0,WEST,9.7,12.9,1013.31,0.0,0.0,0.0,0.0,,
2023-08-02,04:00,21.6,19.4,89.0,WEST,9.7,14.5,1013.34,0.0,0.0,0.0,0.0,,
2023-08-02,04:15,21.4,19.4,90.0,WEST,4.8,14.5,1013.21,0.0,0.0,0.0,0.0,,
2023-08-02,04:30,21.4,19.4,90.0,WEST,1.6,11.3,1013.11,0.0,0.0,0.0,0.0,,
2023-08-02,04:45,21.4,19.4,90.0,WEST,6.4,9.7,1012.94,0.0,0.0,0.0,0.0,,
2023-08-02,05:00,21.7,20.0,91.0,WEST,19.3,22.5,1012.87,0.0,0.0,0.0,0.0,,
2023-08-02,05:15,21.8,20.0,90.0,WNW,14.5,27.4,1012.9,0.0,0.0,0.0,0.0,,
2023-08-02,05:30,22.1,20.0,89.0,WNW,11.3,22.5,1012.77,0.0,0.0,0.0,0.0,,
2023-08-02,05:45,22.2,20.0,88.0,WNW,17.7,24.1,1012.8,0.0,0.0,0.0,0.0,,
2023-08-02,06:00,22.3,20.0,88.0,WNW,17.7,27.4,1012.8,0.0,0.0,0.0,0.0,,
2023-08-02,06:15,22.3,20.0,87.0,WNW,8.0,17.7,1012.87,0.0,0.0,0.0,0.0,,
2023-08-02,06:30,22.3,20.0,87.0,WNW,14.5,22.5,1013.14,0.0,0.0,0.0,0.0,,
2023-08-02,06:45,22.3,20.0,88.0,NW,9.7,22.5,1013.0,0.0,0.0,0.0,12.0,,
2023-08-02,07:00,22.4,20.0,88.0,WNW,12.9,29.0,1012.87,0.0,0.0,0.0,25.0,,
2023-08-02,07:15,22.6,20.6,89.0,WNW,19.3,37.0,1012.9,0.0,0.0,0.0,72.0,,
2023-08-02,07:30,22.7,20.6,89.0,WNW,16.1,33.8,1012.84,0.0,0.0,0.0,42.0,,
2023-08-02,07:45,22.8,20.6,89.0,WEST,17.7,32.2,1013.11,0.0,0.0,0.0,47.0,,
2023-08-02,08:00,22.8,20.6,90.0,WNW,8.0,25.7,1013.28,0.0,0.0,0.0,44.0,,
2023-08-02,08:15,22.8,21.1,90.0,WEST,11.3,11.3,1013.58,0.0,0.0,0.0,47.0,,
2023-08-02,08:30,22.8,21.1,90.0,WEST,4.8,14.5,1013.61,0.0,0.0,0.0,120.0,,
2023-08-02,08:45,23.2,21.1,89.0,WEST,14.5,20.9,1013.92,0.0,0.0,1.0,225.0,,
2023-08-02,09:00,24.3,21.1,83.0,WNW,14.5,29.0,1013.95,0.0,0.0,1.0,401.0,,
2023-08-02,09:15,24.8,21.1,80.0,WEST,16.1,30.6,1013.95,0.0,0.0,1.0,156.0,,
2023-08-02,09:30,24.4,20.0,78.0,WEST,19.3,33.8,1014.09,0.0,0.0,2.0,431.0,,
2023-08-02,09:45,25.2,20.0,74.0,NE,22.5,29.0,1014.09,0.0,0.0,3.0,608.0,,
2023-08-02,10:00,25.5,20.0,73.0,NORTH,12.9,35.4,1014.12,0.0,0.0,2.0,127.0,,
2023-08-02,10:15,25.9,20.0,69.0,NW,20.9,25.7,1013.99,0.0,0.0,3.0,564.0,,
2023-08-02,10:30,26.1,19.4,69.0,NE,9.7,32.2,1014.09,0.0,0.0,4.0,666.0,,
2023-08-02,10:45,26.4,18.9,64.0,WNW,12.9,29.0,1013.99,0.0,0.0,4.0,714.0,,
2023-08-02,11:00,26.8,18.9,63.0,WEST,12.9,30.6,1014.09,0.0,0.0,5.0,749.0,,
2023-08-02,11:15,27.0,18.9,62.0,WEST,27.4,32.2,1014.09,0.0,0.0,5.0,779.0,,
2023-08-02,11:30,27.2,18.9,60.0,NW,17.7,38.6,1014.02,0.0,0.0,5.0,807.0,,
2023-08-02,11:45,27.3,18.3,59.0,,20.9,45.1,1013.88,0.0,0.0,6.0,831.0,,
2023-08-02,12:00,27.3,18.3,58.0,WEST,20.9,37.0,1013.88,0.0,0.0,6.0,856.0,,
2023-08-02,12:15,27.6,18.3,57.0,WEST,24.1,38.6,1013.99,0.0,0.0,7.0,875.0,,
2023-08-02,12:30,28.3,18.3,55.0,WNW,16.1,43.5,1013.85,0.0,0.0,7.0,891.0,,
2023-08-02,12:45,28.6,17.8,53.0,WNW,22.5,35.4,1013.75,0.0,0.0,7.0,904.0,,
2023-08-02,13:00,28.8,18.3,53.0,WNW,16.1,41.8,1013.82,0.0,0.0,7.0,912.0,,
2023-08-02,13:15,28.8,17.8,51.0,WNW,30.6,43.5,1013.68,0.0,0.0,7.0,916.0,,
2023-08-02,13:30,29.2,17.2,50.0,WEST,19.3,43.5,1013.58,0.0,0.0,7.0,914.0,,
2023-08-02,13:45,29.7,17.8,49.0,WEST,20.9,38.6,1013.38,0.0,0.0,7.0,911.0,,
2023-08-02,14:00,29.8,17.8,48.0,WNW,16.1,48.3,1013.21,0.0,0.0,7.0,904.0,,
2023-08-02,14:15,29.3,17.8,50.0,NW,16.1,51.5,1013.31,0.0,0.0,7.0,891.0,,
2023-08-02,14:30,29.3,18.3,51.0,WEST,38.6,43.5,1013.21,0.0,0.0,7.0,881.0,,
2023-08-02,14:45,29.3,18.3,52.0,WNW,20.9,38.6,1013.24,0.0,0.0,7.0,861.0,,
2023-08-02,15:00,29.5,18.3,52.0,WNW,22.5,45.1,1013.17,0.0,0.0,6.0,842.0,,
2023-08-02,15:15,29.3,18.3,52.0,WNW,24.1,45.1,1013.11,0.0,0.0,6.0,817.0,,
2023-08-02,15:30,29.3,18.9,54.0,WNW,22.5,43.5,1013.14,0.0,0.0,6.0,793.0,,
2023-08-02,15:45,29.7,18.9,53.0,WEST,25.7,43.5,1013.07,0.0,0.0,5.0,766.0,,
2023-08-02,16:00,29.4,18.9,54.0,WEST,19.3,45.1,1013.07,0.0,0.0,5.0,735.0,,
2023-08-02,16:15,29.2,18.9,54.0,WSW,11.3,45.1,1012.97,0.0,0.0,4.0,700.0,,
2023-08-02,16:30,29.3,18.9,55.0,WNW,20.9,40.2,1013.07,0.0,0.0,4.0,666.0,,
2023-08-02,16:45,29.2,18.9,55.0,WNW,41.8,30.6,1013.11,0.0,0.0,3.0,626.0,,
2023-08-02,17:00,28.9,18.9,55.0,WNW,29.0,41.8,1013.14,0.0,0.0,3.0,584.0,,
2023-08-02,17:15,28.6,18.3,55.0,WNW,20.9,43.5,1012.87,0.0,0.0,3.0,538.0,,
2023-08-02,17:30,28.3,18.3,56.0,WNW,17.7,49.9,1012.77,0.0,0.0,2.0,496.0,,
2023-08-02,17:45,28.4,18.9,57.0,WEST,25.7,43.5,1012.67,0.0,0.0,2.0,446.0,,
2023-08-02,18:00,28.2,18.3,56.0,WNW,29.0,46.7,1012.84,0.0,0.0,2.0,396.0,,
2023-08-02,18:15,28.3,18.9,57.0,WEST,29.0,43.5,1012.7,0.0,0.0,1.0,346.0,,
2023-08-02,18:30,28.2,18.9,57.0,WEST,24.1,48.3,1012.5,0.0,0.0,1.0,297.0,,
2023-08-02,18:45,28.0,18.9,58.0,WEST,22.5,41.8,1012.53,0.0,0.0,1.0,248.0,,
2023-08-02,19:00,27.9,18.9,59.0,WEST,35.4,41.8,1012.46,0.0,0.0,1.0,193.0,,
2023-08-02,19:15,27.6,18.9,60.0,WNW,22.5,41.8,1012.63,0.0,0.0,0.0,142.0,,
2023-08-02,19:30,27.3,18.9,61.0,WNW,20.9,45.1,1012.53,0.0,0.0,0.0,93.0,,
2023-08-02,19:45,26.7,18.9,62.0,WEST,22.5,43.5,1012.6,0.0,0.0,0.0,54.0,,
2023-08-02,20:00,26.4,18.3,61.0,WNW,14.5,40.2,1012.6,0.0,0.0,0.0,25.0,,
2023-08-02,20:15,26.2,17.8,60.0,WEST,22.5,30.6,1012.73,0.0,0.0,0.0,14.0,,
2023-08-02,20:30,25.9,17.8,61.0,WNW,8.0,25.7,1012.63,0.0,0.0,0.0,0.0,,
2023-08-02,20:45,25.6,17.8,62.0,WNW,12.9,25.7,1012.67,0.0,0.0,0.0,0.0,,
2023-08-02,21:00,25.2,17.8,64.0,WNW,14.5,22.5,1012.8,0.0,0.0,0.0,0.0,,
2023-08-02,21:15,25.0,17.8,64.0,NW,8.0,17.7,1012.67,0.0,0.0,0.0,0.0,,
2023-08-02,21:30,24.9,17.2,64.0,WEST,14.5,19.3,1013.04,0.0,0.0,0.0,0.0,,
2023-08-02,21:45,24.8,17.8,64.0,NORTH,0.0,11.3,1013.04,0.0,0.0,0.0,0.0,,
2023-08-02,22:00,24.5,17.2,65.0,NORTH,0.0,1.6,1013.17,0.0,0.0,0.0,0.0,,
2023-08-02,22:15,23.9,17.2,67.0,NORTH,0.0,3.2,1013.24,0.0,0.0,0.0,0.0,,
2023-08-02,22:30,23.9,17.8,69.0,WEST,1.6,4.8,1013.28,0.0,0.0,0.0,0.0,,
2023-08-02,22:45,23.7,17.8,69.0,NORTH,0.0,4.8,1013.28,0.0,0.0,0.0,0.0,,
2023-08-02,23:00,23.3,17.8,71.0,NORTH,0.0,4.8,1013.38,0.0,0.0,0.0,0.0,,
2023-08-02,23:15,23.1,17.8,72.0,NORTH,0.0,3.2,1013.38,0.0,0.0,0.0,0.0,,
2023-08-02,23:30,23.1,18.3,74.0,NORTH,0.0,4.8,1013.31,0.0,0.0,0.0,0.0,,
2023-08-02,23:45,23.0,18.3,75.0,NORTH,0.0,0.0,1013.34,0.0,0.0,0.0,0.0,,
2023-08-02,OVR,,,,,,,,,,,,gustmax,51.5
2023-08-02,OVR,,,,,,,,,,,,rainrate_max,0.0
2023-08-02,OVR,,,,,,,,,,,,rain_total_mm,0.0
2023-08-02,OVR,,,,,,,,,,,,tmax,29.9
2023-08-02,OVR,,,,,,,,,,,,tmin,21.4
2023-08-02,OVR,,,,,,,,,,,,wind_dir_mean_deg,292.5
2023-08-03,00:00,22.8,18.3,76.0,NORTH,0.0,0.0,1013.34,0.0,0.0,0.0,0.0,,
2023-08-03,00:15,22.6,18.3,77.0,NORTH,0.0,0.0,1013.0,0.0,0.0,0.0,0.0,,
2023-08-03,00:30,22.4,17.8,77.0,NORTH,0.0,0.0,1013.14,0.0,0.0,0.0,0.0,,
2023-08-03,00:45,22.6,18.3,77.0,NORTH,0.0,0.0,1013.04,0.0,0.0,0.0,0.0,,
2023-08-03,01:00,22.6,18.3,77.0,NORTH,0.0,0.0,1013.11,0.0,0.0,0.0,0.0,,
2023-08-03,01:15,22.4,17.8,77.0,NORTH,0.0,0.0,1012.97,0.0,0.0,0.0,0.0,,
2023-08-03,01:30,22.3,17.8,77.0,NORTH,0.0,0.0,1013.04,0.0,0.0,0.0,0.0,,
2023-08-03,01:45,22.1,17.8,77.0,NORTH,0.0,0.0,1012.87,0.0,0.0,0.0,0.0,,
2023-08-03,02:00,21.9,17.8,78.0,NORTH,0.0,0.0,1013.0,0.0,0.0,0.0,0.0,,
2023-08-03,02:15,21.8,17.8,78.0,NORTH,0.0,0.0,1012.84,0.0,0.0,0.0,0.0,,
2023-08-03,02:30,21.7,17.8,79.0,NORTH,0.0,0.0,1012.7,0.0,0.0,0.0,0.0,,
2023-08-03,02:45,21.8,17.8,80.0,NORTH,0.0,0.0,1012.6,0.0,0.0,0.0,0.0,,
2023-08-03,03:00,21.8,17.8,79.0,NORTH,0.0,0.0,1012.39,0.0,0.0,0.0,0.0,,
2023-08-03,03:15,21.8,17.8,79.0,NORTH,0.0,0.0,1012.26,0.0,0.0,0.0,0.0,,
2023-08-03,03:30,21.9,17.8,78.0,,3.2,6.4,1012.23,0.0,0.0,0.0,0.0,,
2023-08-03,03:45,21.9,17.8,79.0,,1.6,4.8,1012.16,0.0,0.0,0.0,0.0,,
2023-08-03,04:00,21.8,17.8,79.0,,1.6,1.6,1011.99,0.0,0.0,0.0,0.0,,
2023-08-03,04:15,21.8,17.8,79.0,NORTH,0.0,1.6,1011.95,0.0,0.0,0.0,0.0,,
2023-08-03,04:30,21.8,17.8,78.0,,1.6,1.6,1011.75,0.0,0.0,0.0,0.0,,
2023-08-03,04:45,21.7,17.8,78.0,,3.2,4.8,1011.65,0.0,0.0,0.0,0.0,,
2023-08-03,05:00,21.4,17.2,78.0,NE,1.6,4.8,1011.89,0.0,0.0,0.0,0.0,,
2023-08-03,05:15,21.3,17.2,79.0,NE,3.2,4.8,1011.89,0.0,0.0,0.0,0.0,,
2023-08-03,05:30,21.3,17.2,79.0,NORTH,0.0,3.2,1011.85,0.0,0.0,0.0,0.0,,
2023-08-03,05:45,21.2,17.2,79.0,NE,1.6,3.2,1011.85,0.0,0.0,0.0,0.0,,
2023-08-03,06:00,21.1,17.2,80.0,NE,1.6,4.8,1011.99,0.0,0.0,0.0,0.0,,
2023-08-03,06:15,21.3,17.2,80.0,NE,3.2,4.8,1011.99,0.0,0.0,0.0,0.0,,
2023-08-03,06:30,21.4,17.8,79.0,NE,1.6,4.8,1011.92,0.0,0.0,0.0,0.0,,
2023-08-03,06:45,21.4,17.2,79.0,NORTH,0.0,3.2,1011.92,0.0,0.0,0.0,12.0,,
2023-08-03,07:00,21.5,17.8,80.0,NE,1.6,3.2,1011.95,0.0,0.0,0.0,39.0,,
2023-08-03,07:15,21.8,17.8,79.0,NORTH,0.0,3.2,1011.99,0.0,0.0,0.0,79.0,,
2023-08-03,07:30,22.1,17.8,78.0,NORTH,0.0,3.2,1011.89,0.0,0.0,0.0,128.0,,
2023-08-03,07:45,22.8,18.9,78.0,NORTH,0.0,1.6,1012.06,0.0,0.0,0.0,153.0,,
2023-08-03,08:00,23.3,18.3,75.0,NNW,3.2,6.4,1012.36,0.0,0.0,0.0,227.0,,
2023-08-03,08:15,23.9,18.9,74.0,NNW,1.6,3.2,1012.39,0.0,0.0,1.0,279.0,,
2023-08-03,08:30,24.7,18.9,71.0,NNE,1.6,4.8,1012.43,0.0,0.0,1.0,327.0,,
2023-08-03,08:45,25.3,18.9,69.0,NW,8.0,9.7,1012.84,0.0,0.0,1.0,362.0,,
2023-08-03,09:00,24.9,18.3,69.0,NW,6.4,8.0,1012.97,0.0,0.0,2.0,348.0,,
2023-08-03,09:15,25.6,18.9,67.0,NNW,1.6,8.0,1012.7,0.0,0.0,2.0,376.0,,
2023-08-03,09:30,26.4,18.9,64.0,NNW,3.2,6.4,1012.77,0.0,0.0,2.0,406.0,,
2023-08-03,09:45,27.1,18.9,62.0,NNW,3.2,6.4,1012.73,0.0,0.0,3.0,490.0,,
2023-08-03,10:00,27.9,17.8,55.0,NW,3.2,12.9,1012.67,0.0,0.0,3.0,591.0,,
2023-08-03,10:15,28.2,18.3,55.0,SW,3.2,6.4,1012.67,0.0,0.0,3.0,555.0,,
2023-08-03,10:30,28.8,17.8,51.0,WNW,1.6,8.0,1012.7,0.0,0.0,4.0,666.0,,
2023-08-03,10:45,29.7,17.2,47.0,WNW,1.6,9.7,1012.6,0.0,0.0,4.0,729.0,,
2023-08-03,11:00,29.9,16.7,45.0,,3.2,16.1,1012.73,0.0,0.0,4.0,761.0,,
2023-08-03,11:15,30.3,17.8,48.0,,1.6,12.9,1012.43,0.0,0.0,5.0,793.0,,
2023-08-03,11:30,30.6,17.8,46.0,NNW,3.2,6.4,1012.39,0.0,0.0,5.0,821.0,,
2023-08-03,11:45,30.8,17.2,44.0,NORTH,0.0,8.0,1012.26,0.0,0.0,6.0,846.0,,
2023-08-03,12:00,31.6,16.1,40.0,WNW,4.8,17.7,1012.16,0.0,0.0,6.0,870.0,,
2023-08-03,12:15,32.3,16.7,39.0,WNW,14.5,19.3,1012.12,0.0,0.0,6.0,888.0,,
2023-08-03,12:30,31.9,17.2,41.0,WNW,17.7,27.4,1012.19,0.0,0.0,6.0,902.0,,
2023-08-03,12:45,31.8,17.8,44.0,WNW,17.7,33.8,1012.09,0.0,0.0,7.0,912.0,,
2023-08-03,13:00,31.9,18.3,45.0,WEST,11.3,27.4,1012.16,0.0,0.0,7.0,921.0,,
2023-08-03,13:15,32.0,19.4,48.0,EAST,8.0,27.4,1012.06,0.0,0.0,7.0,923.0,,
2023-08-03,13:30,32.1,19.4,47.0,ENE,19.3,25.7,1011.92,0.0,0.0,7.0,921.0,,
2023-08-03,13:45,32.2,19.4,48.0,WSW,14.5,25.7,1011.92,0.0,0.0,7.0,918.0,,
2023-08-03,14:00,32.1,18.9,47.0,WNW,16.1,29.0,1011.92,0.0,0.0,7.0,912.0,,
2023-08-03,14:15,32.2,18.9,45.0,WNW,17.7,33.8,1011.95,0.0,0.0,7.0,900.0,,
2023-08-03,14:30,32.3,19.4,46.0,NE,16.1,32.2,1012.09,0.0,0.0,6.0,884.0,,
2023-08-03,14:45,31.9,18.3,45.0,WNW,25.7,46.7,1012.06,0.0,0.0,6.0,872.0,,
2023-08-03,15:00,31.8,18.3,45.0,WNW,20.9,43.5,1012.09,0.0,0.0,6.0,856.0,,
2023-08-03,15:15,31.3,18.9,47.0,WEST,17.7,45.1,1011.99,0.0,0.0,5.0,831.0,,
2023-08-03,15:30,31.5,18.9,47.0,WEST,27.4,40.2,1012.09,0.0,0.0,5.0,807.0,,
2023-08-03,15:45,31.3,18.9,48.0,WEST,25.7,48.3,1011.92,0.0,0.0,5.0,779.0,,
2023-08-03,16:00,30.9,19.4,50.0,NE,27.4,46.7,1011.85,0.0,0.0,4.0,749.0,,
2023-08-03,16:15,31.2,19.4,50.0,WNW,16.1,40.2,1011.85,0.0,0.0,4.0,717.0,,
2023-08-03,16:30,30.9,19.4,51.0,WNW,12.9,43.5,1011.79,0.0,0.0,4.0,680.0,,
2023-08-03,16:45,30.8,19.4,51.0,NW,27.4,40.2,1011.79,0.0,0.0,3.0,643.0,,
2023-08-03,17:00,30.6,18.9,51.0,WEST,19.3,40.2,1011.58,0.0,0.0,3.0,598.0,,
2023-08-03,17:15,30.6,20.0,54.0,WEST,37.0,40.2,1011.51,0.0,0.0,2.0,552.0,,
2023-08-03,17:30,30.1,20.0,56.0,WEST,25.7,38.6,1011.48,0.0,0.0,2.0,506.0,,
2023-08-03,17:45,29.7,20.0,56.0,WNW,20.9,43.5,1011.41,0.0,0.0,2.0,454.0,,
2023-08-03,18:00,29.8,19.4,55.0,WEST,19.3,41.8,1011.48,0.0,0.0,2.0,401.0,,
2023-08-03,18:15,29.6,20.0,57.0,WEST,29.0,35.4,1011.48,0.0,0.0,1.0,350.0,,
2023-08-03,18:30,29.2,20.6,60.0,WEST,27.4,41.8,1011.55,0.0,0.0,1.0,295.0,,
2023-08-03,18:45,28.6,21.1,66.0,WNW,12.9,45.1,1011.89,0.0,0.0,1.0,243.0,,
2023-08-03,19:00,28.2,21.1,66.0,WEST,20.9,29.0,1011.85,0.0,0.0,0.0,190.0,,
2023-08-03,19:15,28.2,21.1,66.0,WNW,11.3,29.0,1011.82,0.0,0.0,0.0,141.0,,
2023-08-03,19:30,28.0,22.2,71.0,WNW,14.5,30.6,1011.79,0.0,0.0,0.0,91.0,,
2023-08-03,19:45,27.2,22.2,75.0,ENE,14.5,30.6,1011.82,0.0,0.0,0.0,56.0,,
2023-08-03,20:00,26.6,22.2,77.0,WNW,11.3,27.4,1011.95,0.0,0.0,0.0,25.0,,
2023-08-03,20:15,26.1,22.2,79.0,WEST,12.9,24.1,1011.95,0.0,0.0,0.0,14.0,,
2023-08-03,20:30,25.5,22.2,82.0,WNW,12.9,24.1,1012.09,0.0,0.0,0.0,0.0,,
2023-08-03,20:45,24.9,21.7,84.0,WNW,12.9,20.9,1011.99,0.0,0.0,0.0,0.0,,
2023-08-03,21:00,24.6,22.2,86.0,WNW,8.0,25.7,1012.23,0.0,0.0,0.0,0.0,,
2023-08-03,21:15,24.4,22.2,87.0,WSW,6.4,17.7,1012.12,0.0,0.0,0.0,0.0,,
2023-08-03,21:30,24.3,22.2,88.0,WNW,3.2,16.1,1012.12,0.0,0.0,0.0,0.0,,
2023-08-03,21:45,24.2,22.2,88.0,WSW,1.6,9.7,1012.16,0.0,0.0,0.0,0.0,,
2023-08-03,22:00,24.2,22.2,89.0,NORTH,0.0,6.4,1012.19,0.0,0.0,0.0,0.0,,
2023-08-03,22:15,24.1,22.2,89.0,NORTH,0.0,3.2,1012.23,0.0,0.0,0.0,0.0,,
2023-08-03,22:30,24.1,22.2,89.0,NW,3.2,3.2,1012.33,0.0,0.0,0.0,0.0,,
2023-08-03,22:45,24.0,22.2,90.0,NORTH,0.0,11.3,1012.43,0.0,0.0,0.0,0.0,,
2023-08-03,23:00,23.8,22.2,90.0,WEST,6.4,12.9,1012.43,0.0,0.0,0.0,0.0,,
2023-08-03,23:15,23.7,22.2,91.0,WNW,4.8,11.3,1012.39,0.0,0.0,0.0,0.0,,
2023-08-03,23:30,23.7,22.2,91.0,WNW,4.8,16.1,1012.46,0.0,0.0,0.0,0.0,,
2023-08-03,23:45,23.6,22.2,92.0,WNW,6.4,14.5,1012.46,0.0,0.0,0.0,0.0,,
2023-08-03,OVR,,,,,,,,,,,,gustmax,48.3
2023-08-03,OVR,,,,,,,,,,,,rainrate_max,0.0
2023-08-03,OVR,,,,,,,,,,,,rain_total_mm,0.0
2023-08-03,OVR,,,,,,,,,,,,tmax,32.7
2023-08-03,OVR,,,,,,,,,,,,tmin,21.0
2023-08-03,OVR,,,,,,,,,,,,wind_dir_mean_deg,292.5
2023-08-04,00:00,23.6,22.2,92.0,WEST,9.7,24.1,1012.43,0.0,0.0,0.0,0.0,,
2023-08-04,00:15,23.5,22.2,93.0,WNW,12.9,24.1,1012.39,0.0,0.0,0.0,0.0,,
2023-08-04,00:30,23.3,21.7,93.0,WNW,14.5,22.5,1012.67,0.0,0.0,0.0,0.0,,
2023-08-04,00:45,23.1,21.7,93.0,WNW,11.3,22.5,1012.8,0.0,0.0,0.0,0.0,,
2023-08-04,01:00,22.9,21.7,94.0,WEST,6.4,22.5,1012.43,0.0,0.0,0.0,0.0,,
2023-08-04,01:15,22.7,21.7,94.0,WNW,11.3,25.7,1012.63,0.0,0.0,0.0,0.0,,
2023-08-04,01:30,22.4,21.1,94.0,WNW,11.3,17.7,1012.33,0.0,0.0,0.0,0.0,,
2023-08-04,01:45,22.2,21.1,94.0,WEST,9.7,20.9,1012.36,0.0,0.0,0.0,0.0,,
2023-08-04,02:00,22.1,21.1,94.0,WNW,14.5,19.3,1012.36,0.0,0.0,0.0,0.0,,
2023-08-04,02:15,21.9,20.6,94.0,WEST,12.9,22.5,1012.53,0.0,0.0,0.0,0.0,,
2023-08-04,02:30,21.8,20.6,94.0,WNW,14.5,22.5,1012.46,0.0,0.0,0.0,0.0,,
2023-08-04,02:45,21.7,20.6,95.0,WEST,6.4,24.1,1012.5,0.0,0.0,0.0,0.0,,
2023-08-04,03:00,21.4,20.6,95.0,ENE,17.7,17.7,1012.5,0.0,0.0,0.0,0.0,,
2023-08-04,03:15,21.1,20.0,94.0,ENE,12.9,19.3,1012.6,0.0,0.0,0.0,0.0,,
2023-08-04,03:30,20.7,19.4,94.0,WEST,19.3,19.3,1012.8,0.0,0.0,0.0,0.0,,
2023-08-04,03:45,20.6,19.4,94.0,WNW,3.2,17.7,1012.73,0.0,0.0,0.0,0.0,,
2023-08-04,04:00,20.3,19.4,94.0,WNW,9.7,20.9,1012.5,0.0,0.0,0.0,0.0,,
2023-08-04,04:15,20.3,18.9,94.0,WNW,3.2,14.5,1012.33,0.0,0.0,0.0,0.0,,
2023-08-04,04:30,20.2,18.9,94.0,WSW,3.2,8.0,1011.95,0.0,0.0,0.0,0.0,,
2023-08-04,04:45,20.2,18.9,94.0,WNW,6.4,14.5,1012.12,0.0,0.0,0.0,0.0,,
2023-08-04,05:00,20.2,18.9,94.0,WEST,6.4,14.5,1011.92,0.0,0.0,0.0,0.0,,
2023-08-04,05:15,20.1,18.9,93.0,NORTH,0.0,6.4,1011.85,0.0,0.0,0.0,0.0,,
2023-08-04,05:30,19.9,18.9,93.0,WEST,4.8,14.5,1011.89,0.0,0.0,0.0,0.0,,
2023-08-04,05:45,19.9,18.3,93.0,WEST,4.8,12.9,1011.85,0.0,0.0,0.0,0.0,,
2023-08-04,06:00,19.8,18.3,93.0,WEST,6.4,16.1,1012.09,0.0,0.0,0.0,0.0,,
2023-08-04,06:15,19.6,18.3,92.0,WNW,8.0,14.5,1012.02,0.0,0.0,0.0,0.0,,
2023-08-04,06:30,19.6,18.3,92.0,WEST,3.2,16.1,1011.79,0.0,0.0,0.0,0.0,,
2023-08-04,06:45,19.3,17.8,91.0,WNW,6.4,12.9,1011.85,0.0,0.0,0.0,14.0,,
2023-08-04,07:00,19.1,17.2,89.0,NW,3.2,6.4,1011.68,0.0,0.0,0.0,42.0,,
2023-08-04,07:15,19.4,17.2,87.0,WNW,6.4,11.3,1011.82,0.0,0.0,0.0,118.0,,
2023-08-04,07:30,20.1,17.2,85.0,NW,9.7,14.5,1011.89,0.0,0.0,0.0,179.0,,
2023-08-04,07:45,20.7,16.7,80.0,NNW,8.0,12.9,1011.75,0.0,0.0,0.0,76.0,,
2023-08-04,08:00,20.9,16.7,78.0,NNW,6.4,14.5,1011.48,0.0,0.0,0.0,54.0,,
2023-08-04,08:15,21.1,16.7,76.0,NNW,6.4,12.9,1011.75,0.0,0.0,1.0,283.0,,
2023-08-04,08:30,21.7,16.7,74.0,NW,12.9,16.1,1011.72,0.0,0.0,1.0,332.0,,
2023-08-04,08:45,22.9,16.7,67.0,NNW,4.8,16.1,1011.48,0.0,0.0,1.0,517.0,,
2023-08-04,09:00,22.8,16.1,67.0,WEST,11.3,14.5,1011.65,0.0,0.0,1.0,258.0,,
2023-08-04,09:15,23.4,16.7,67.0,WEST,11.3,16.1,1011.65,0.0,0.0,2.0,541.0,,
2023-08-04,09:30,23.9,16.1,62.0,WEST,11.3,22.5,1011.68,0.0,0.0,2.0,334.0,,
2023-08-04,09:45,24.6,16.1,61.0,NW,6.4,30.6,1011.65,0.0,0.0,3.0,686.0,,
2023-08-04,10:00,24.8,16.7,61.0,WSW,14.5,33.8,1011.99,0.0,0.0,3.0,810.0,,
2023-08-04,10:15,24.9,16.7,61.0,WEST,22.5,51.5,1012.8,0.0,0.0,2.0,343.0,,
2023-08-04,10:30,24.0,16.7,64.0,WEST,33.8,49.9,1013.24,0.0,0.0,2.0,448.0,,
2023-08-04,10:45,23.3,16.7,68.0,WNW,24.1,53.1,1013.38,0.0,0.0,3.0,457.0,,
2023-08-04,11:00,23.1,16.7,67.0,WNW,37.0,61.2,1014.05,0.0,0.0,2.0,341.0,,
2023-08-04,11:15,23.1,17.8,72.0,WNW,29.0,62.8,1014.33,0.0,0.0,5.0,907.0,,
2023-08-04,11:30,22.7,16.7,69.0,WNW,53.1,70.8,1014.12,0.0,0.0,3.0,350.0,,
2023-08-04,11:45,22.3,15.6,66.0,WNW,37.0,57.9,1014.93,0.0,0.0,2.0,271.0,,
2023-08-04,12:00,22.1,14.4,63.0,NW,27.4,49.9,1014.6,0.0,0.0,2.0,197.0,,
2023-08-04,12:15,21.6,13.9,62.0,WNW,33.8,46.7,1014.6,0.0,0.0,2.0,199.0,,
2023-08-04,12:30,21.7,13.3,59.0,NW,40.2,48.3,1014.26,0.0,0.0,3.0,334.0,,
2023-08-04,12:45,22.1,13.3,58.0,NNW,25.7,46.7,1014.39,0.0,0.0,1.0,130.0,,
2023-08-04,13:00,21.8,13.3,60.0,NNW,19.3,43.5,1014.56,0.0,0.0,0.0,35.0,,
2023-08-04,13:15,21.0,13.9,65.0,NW,17.7,35.4,1014.53,0.0,0.0,1.0,105.0,,
2023-08-04,13:30,20.5,13.9,67.0,NNW,9.7,27.4,1013.68,0.0,0.0,0.0,70.0,,
2023-08-04,13:45,20.1,13.9,69.0,WEST,12.9,24.1,1014.56,0.0,0.0,1.0,118.0,,
2023-08-04,14:00,19.1,14.4,76.0,NW,12.9,20.9,1014.16,0.0,0.0,1.0,95.0,,
2023-08-04,14:15,18.7,15.0,80.0,NW,6.4,12.9,1014.33,0.0,0.0,1.0,105.0,,
2023-08-04,14:30,18.8,15.0,80.0,NORTH,0.0,20.9,1014.87,0.0,0.0,0.0,63.0,,
2023-08-04,14:45,18.4,15.0,82.0,ESE,16.1,17.7,1013.85,0.0,0.0,0.0,72.0,,
2023-08-04,15:00,18.3,15.6,85.0,SSE,11.3,19.3,1014.33,0.0,0.0,1.0,86.0,,
2023-08-04,15:15,18.2,15.6,85.0,ENE,11.3,16.1,1012.06,0.25,0.25,0.0,47.0,,
2023-08-04,15:30,18.2,15.6,86.0,WSW,3.2,20.9,1014.39,0.25,0.25,0.0,42.0,,
2023-08-04,15:45,17.7,15.0,86.0,EAST,6.4,16.1,1013.65,0.25,0.25,0.0,32.0,,
2023-08-04,16:00,17.9,15.6,87.0,WNW,11.3,16.1,1012.9,0.25,0.25,4.0,512.0,,
2023-08-04,16:15,19.1,15.6,81.0,WEST,19.3,20.9,1012.97,0.25,0.0,2.0,330.0,,
2023-08-04,16:30,19.8,16.1,79.0,WEST,6.4,20.9,1012.73,0.25,0.0,2.0,334.0,,
2023-08-04,16:45,19.7,15.0,75.0,WEST,14.5,24.1,1013.41,0.25,0.0,1.0,281.0,,
2023-08-04,17:00,19.4,14.4,75.0,WEST,19.3,30.6,1013.28,0.25,0.0,2.0,211.0,,
2023-08-04,17:15,19.4,15.0,77.0,WNW,12.9,30.6,1013.24,0.25,0.0,2.0,381.0,,
2023-08-04,17:30,20.4,16.1,76.0,WNW,14.5,29.0,1013.11,0.25,0.0,2.0,631.0,,
2023-08-04,17:45,20.7,16.1,77.0,WNW,22.5,43.5,1013.38,0.25,0.0,1.0,127.0,,
2023-08-04,18:00,21.0,16.1,76.0,WNW,14.5,41.8,1013.44,0.25,0.0,1.0,200.0,,
2023-08-04,18:15,20.7,16.7,78.0,WNW,16.1,43.5,1013.61,0.25,0.0,1.0,120.0,,
2023-08-04,18:30,21.2,17.2,77.0,WEST,24.1,40.2,1013.51,0.25,0.0,0.0,120.0,,
2023-08-04,18:45,21.1,16.7,77.0,WEST,25.7,41.8,1013.58,0.25,0.0,1.0,294.0,,
2023-08-04,19:00,21.1,16.7,78.0,WEST,43.5,56.3,1013.48,0.25,0.0,0.0,86.0,,
2023-08-04,19:15,21.1,16.7,76.0,WEST,30.6,54.7,1013.48,0.25,0.0,0.0,63.0,,
2023-08-04,19:30,20.9,15.6,73.0,WNW,33.8,59.5,1013.65,0.25,0.0,0.0,98.0,,
2023-08-04,19:45,20.8,15.6,73.0,NW,22.5,49.9,1013.68,0.25,0.0,0.0,97.0,,
2023-08-04,20:00,20.4,15.0,72.0,WNW,19.3,57.9,1013.75,0.25,0.0,0.0,37.0,,
2023-08-04,20:15,20.2,15.0,74.0,WNW,32.2,49.9,1013.88,0.25,0.0,0.0,14.0,,
2023-08-04,20:30,19.9,15.0,74.0,WEST,17.7,40.2,1013.85,0.25,0.0,0.0,0.0,,
2023-08-04,20:45,19.8,14.4,73.0,WEST,32.2,43.5,1013.95,0.25,0.0,0.0,0.0,,
2023-08-04,21:00,19.7,14.4,72.0,WNW,25.7,35.4,1013.99,0.25,0.0,0.0,0.0,,
2023-08-04,21:15,19.5,14.4,74.0,WNW,16.1,30.6,1014.02,0.25,0.0,0.0,0.0,,
2023-08-04,21:30,19.4,15.0,75.0,WEST,19.3,30.6,1014.26,0.25,0.0,0.0,0.0,,
2023-08-04,21:45,19.3,15.0,76.0,WNW,12.9,37.0,1014.39,0.25,0.0,0.0,0.0,,
2023-08-04,22:00,19.2,15.0,77.0,WNW,14.5,32.2,1014.46,0.25,0.0,0.0,0.0,,
2023-08-04,22:15,19.2,15.0,77.0,WNW,14.5,30.6,1014.6,0.25,0.0,0.0,0.0,,
2023-08-04,22:30,19.3,15.0,77.0,WNW,20.9,29.0,1014.6,0.25,0.0,0.0,0.0,,
2023-08-04,22:45,19.3,15.0,76.0,WNW,20.9,33.8,1014.53,0.25,0.0,0.0,0.0,,
2023-08-04,23:00,19.3,15.0,76.0,WNW,12.9,25.7,1014.53,0.25,0.0,0.0,0.0,,
2023-08-04,23:15,19.4,15.0,77.0,WNW,14.5,40.2,1014.53,0.25,0.0,0.0,0.0,,
2023-08-04,23:30,19.6,15.0,77.0,WNW,24.1,30.6,1014.53,0.25,0.0,0.0,0.0,,
2023-08-04,23:45,19.6,15.6,77.0,WNW,24.1,25.7,1014.6,0.25,0.0,0.0,0.0,,
2023-08-04,OVR,,,,,,,,,,,,gustmax,70.8
2023-08-04,OVR,,,,,,,,,,,,rainrate_max,0.2
2023-08-04,OVR,,,,,,,,,,,,rain_total_mm,0.2
2023-08-04,OVR,,,,,,,,,,,,tmax,25.4
2023-08-04,OVR,,,,,,,,,,,,tmin,17.4
2023-08-04,OVR,,,,,,,,,,,,wind_dir_mean_deg,292.5
2023-08-05,00:00,19.7,15.6,77.0,WNW,14.5,29.0,1014.53,0.0,0.0,0.0,0.0,,
2023-08-05,00:15,19.9,15.6,77.0,WNW,17.7,37.0,1014.39,0.0,0.0,0.0,0.0,,
2023-08-05,00:30,20.2,15.6,77.0,WNW,17.7,43.5,1014.43,0.0,0.0,0.0,0.0,,
2023-08-05,00:45,20.3,16.1,76.0,WEST,24.1,40.2,1014.16,0.0,0.0,0.0,0.0,,
2023-08-05,01:00,20.4,15.6,75.0,WNW,20.9,56.3,1014.05,0.0,0.0,0.0,0.0,,
2023-08-05,01:15,20.4,15.6,75.0,NW,16.1,51.5,1013.88,0.0,0.0,0.0,0.0,,
2023-08-05,01:30,20.3,15.6,75.0,WEST,25.7,38.6,1013.85,0.0,0.0,0.0,0.0,,
2023-08-05,01:45,20.3,15.6,75.0,WNW,20.9,61.2,1013.51,0.0,0.0,0.0,0.0,,
2023-08-05,02:00,20.3,15.6,76.0,WNW,19.3,48.3,1013.38,0.0,0.0,0.0,0.0,,
2023-08-05,02:15,20.2,15.0,73.0,WEST,37.0,56.3,1013.07,0.0,0.0,0.0,0.0,,
2023-08-05,02:30,20.2,14.4,71.0,NW,24.1,49.9,1013.14,0.0,0.0,0.0,0.0,,
2023-08-05,02:45,20.3,13.9,67.0,NW,25.7,64.4,1012.9,0.0,0.0,0.0,0.0,,
2023-08-05,03:00,20.3,14.4,69.0,WEST,32.2,53.1,1012.77,0.0,0.0,0.0,0.0,,
2023-08-05,03:15,20.2,14.4,70.0,WEST,27.4,48.3,1012.84,0.0,0.0,0.0,0.0,,
2023-08-05,03:30,20.1,14.4,71.0,WNW,32.2,48.3,1012.7,0.0,0.0,0.0,0.0,,
2023-08-05,03:45,19.9,14.4,72.0,WNW,19.3,48.3,1012.46,0.0,0.0,0.0,0.0,,
2023-08-05,04:00,19.8,14.4,71.0,NW,33.8,49.9,1012.53,0.0,0.0,0.0,0.0,,
2023-08-05,04:15,19.8,13.9,70.0,WNW,29.0,56.3,1012.26,0.0,0.0,0.0,0.0,,
2023-08-05,04:30,19.8,13.9,70.0,WNW,25.7,45.1,1012.23,0.0,0.0,0.0,0.0,,
2023-08-05,04:45,19.8,13.9,70.0,WNW,35.4,51.5,1012.16,0.0,0.0,0.0,0.0,,
2023-08-05,05:00,19.7,13.9,69.0,WNW,59.5,59.5,1011.92,0.0,0.0,0.0,0.0,,
2023-08-05,05:15,19.6,13.9,69.0,WEST,33.8,54.7,1011.99,0.0,0.0,0.0,0.0,,
2023-08-05,05:30,19.6,13.9,70.0,WNW,25.7,62.8,1012.12,0.0,0.0,0.0,0.0,,
2023-08-05,05:45,19.4,13.9,71.0,WNW,30.6,48.3,1011.95,0.0,0.0,0.0,0.0,,
2023-08-05,06:00,19.4,13.9,71.0,WEST,29.0,56.3,1012.19,0.0,0.0,0.0,0.0,,
2023-08-05,06:15,19.3,13.9,72.0,WEST,33.8,48.3,1011.92,0.0,0.0,0.0,0.0,,
2023-08-05,06:30,19.3,13.9,72.0,WEST,24.1,51.5,1011.79,0.0,0.0,0.0,0.0,,
2023-08-05,06:45,19.2,13.9,73.0,WEST,25.7,49.9,1011.99,0.0,0.0,0.0,14.0,,
2023-08-05,07:00,19.3,13.9,73.0,WNW,24.1,51.5,1011.92,0.0,0.0,0.0,39.0,,
2023-08-05,07:15,19.2,13.9,73.0,WEST,33.8,59.5,1012.16,0.0,0.0,0.0,104.0,,
2023-08-05,07:30,19.4,14.4,73.0,NW,35.4,51.5,1012.09,0.0,0.0,0.0,88.0,,
2023-08-05,07:45,19.3,14.4,74.0,WEST,30.6,57.9,1011.99,0.0,0.0,0.0,190.0,,
2023-08-05,08:00,19.6,14.4,72.0,NW,38.6,59.5,1012.12,0.0,0.0,0.0,309.0,,
2023-08-05,08:15,19.8,14.4,72.0,WEST,54.7,57.9,1012.09,0.0,0.0,1.0,381.0,,
2023-08-05,08:30,20.0,14.4,70.0,WNW,38.6,74.0,1012.43,0.0,0.0,1.0,346.0,,
2023-08-05,08:45,20.1,14.4,71.0,NNE,33.8,64.4,1011.99,0.0,0.0,1.0,446.0,,
2023-08-05,09:00,20.1,13.9,69.0,WNW,41.8,67.6,1012.16,0.0,0.0,1.0,394.0,,
2023-08-05,09:15,20.3,14.4,70.0,NW,40.2,74.0,1012.09,0.0,0.0,2.0,452.0,,
2023-08-05,09:30,20.3,15.0,71.0,WEST,29.0,67.6,1012.33,0.0,0.0,2.0,229.0,,
2023-08-05,09:45,20.3,14.4,71.0,NE,45.1,74.0,1012.8,0.0,0.0,2.0,522.0,,
2023-08-05,10:00,20.2,14.4,71.0,WEST,53.1,61.2,1013.07,0.0,0.0,1.0,253.0,,
2023-08-05,10:15,20.2,14.4,71.0,WEST,57.9,64.4,1013.04,0.0,0.0,2.0,264.0,,
2023-08-05,10:30,20.8,14.4,69.0,WEST,59.5,70.8,1013.14,0.0,0.0,4.0,882.0,,
2023-08-05,10:45,21.0,15.0,69.0,WNW,40.2,72.4,1012.97,0.0,0.0,2.0,573.0,,
2023-08-05,11:00,20.7,14.4,69.0,WEST,51.5,66.0,1013.28,0.0,0.0,2.0,278.0,,
2023-08-05,11:15,20.5,14.4,70.0,WEST,49.9,70.8,1013.28,0.0,0.0,2.0,243.0,,
2023-08-05,11:30,21.4,14.4,66.0,WEST,61.2,75.6,1013.24,0.0,0.0,5.0,884.0,,
2023-08-05,11:45,21.5,15.0,66.0,WNW,41.8,74.0,1013.31,0.0,0.0,5.0,932.0,,
2023-08-05,12:00,21.4,14.4,65.0,WEST,41.8,66.0,1013.28,0.0,0.0,6.0,912.0,,
2023-08-05,12:15,21.6,14.4,65.0,WEST,33.8,62.8,1013.17,0.0,0.0,4.0,223.0,,
2023-08-05,12:30,21.6,14.4,65.0,WNW,53.1,69.2,1013.11,0.0,0.0,4.0,1069.0,,
2023-08-05,12:45,21.6,13.9,63.0,WNW,51.5,70.8,1013.31,0.0,0.0,4.0,1083.0,,
2023-08-05,13:00,21.3,14.4,65.0,SE,38.6,74.0,1013.41,0.0,0.0,7.0,1181.0,,
2023-08-05,13:15,21.6,14.4,65.0,WNW,40.2,62.8,1013.55,0.0,0.0,3.0,285.0,,
2023-08-05,13:30,21.0,14.4,66.0,WEST,41.8,72.4,1013.82,0.0,0.0,8.0,380.0,,
2023-08-05,13:45,21.1,14.4,67.0,WNW,37.0,74.0,1013.72,0.0,0.0,4.0,397.0,,
2023-08-05,14:00,21.3,14.4,66.0,WEST,48.3,57.9,1013.61,0.0,0.0,7.0,972.0,,
2023-08-05,14:15,21.8,13.9,62.0,WNW,53.1,69.2,1013.58,0.0,0.0,7.0,988.0,,
2023-08-05,14:30,22.1,14.4,63.0,WEST,37.0,67.6,1013.65,0.0,0.0,7.0,1051.0,,
2023-08-05,14:45,21.9,14.4,63.0,WEST,41.8,62.8,1013.82,0.0,0.0,5.0,1005.0,,
2023-08-05,15:00,22.2,14.4,62.0,NW,35.4,74.0,1013.82,0.0,0.0,6.0,900.0,,
2023-08-05,15:15,22.2,14.4,62.0,WNW,43.5,69.2,1013.68,0.0,0.0,6.0,1004.0,,
2023-08-05,15:30,22.1,14.4,62.0,WNW,32.2,77.2,1013.75,0.0,0.0,5.0,881.0,,
2023-08-05,15:45,22.1,14.4,62.0,WNW,41.8,69.2,1013.88,0.0,0.0,5.0,875.0,,
2023-08-05,16:00,21.7,14.4,64.0,WEST,37.0,66.0,1013.85,0.0,0.0,4.0,223.0,,
2023-08-05,16:15,21.3,13.9,63.0,WNW,24.1,66.0,1014.22,0.0,0.0,2.0,176.0,,
2023-08-05,16:30,21.3,14.4,65.0,WNW,32.2,62.8,1013.88,0.0,0.0,2.0,163.0,,
2023-08-05,16:45,21.2,15.0,67.0,WEST,35.4,59.5,1014.22,0.0,0.0,2.0,260.0,,
2023-08-05,17:00,21.4,14.4,65.0,WNW,57.9,62.8,1013.99,0.0,0.0,2.0,703.0,,
2023-08-05,17:15,22.3,14.4,62.0,NW,22.5,66.0,1013.72,0.0,0.0,3.0,612.0,,
2023-08-05,17:30,21.6,14.4,64.0,WNW,24.1,69.2,1013.99,0.0,0.0,1.0,139.0,,
2023-08-05,17:45,21.7,13.9,63.0,WNW,41.8,61.2,1014.05,0.0,0.0,1.0,114.0,,
2023-08-05,18:00,20.8,14.4,67.0,WEST,22.5,53.1,1013.88,0.0,0.0,1.0,135.0,,
2023-08-05,18:15,21.4,14.4,66.0,WEST,48.3,66.0,1013.92,0.0,0.0,1.0,461.0,,
2023-08-05,18:30,21.4,14.4,66.0,WEST,35.4,57.9,1013.92,0.0,0.0,1.0,355.0,,
2023-08-05,18:45,21.2,14.4,65.0,WEST,29.0,66.0,1013.95,0.0,0.0,1.0,304.0,,
2023-08-05,19:00,20.9,14.4,67.0,WNW,32.2,66.0,1013.92,0.0,0.0,0.0,72.0,,
2023-08-05,19:15,20.8,14.4,68.0,WNW,29.0,61.2,1014.05,0.0,0.0,0.0,127.0,,
2023-08-05,19:30,20.5,14.4,70.0,WEST,19.3,59.5,1014.16,0.0,0.0,0.0,95.0,,
2023-08-05,19:45,20.4,15.0,71.0,WNW,29.0,59.5,1014.12,0.0,0.0,0.0,33.0,,
2023-08-05,20:00,20.3,15.0,73.0,WNW,32.2,49.9,1014.12,0.0,0.0,0.0,26.0,,
2023-08-05,20:15,20.2,15.0,73.0,NW,24.1,53.1,1014.05,0.0,0.0,0.0,14.0,,
2023-08-05,20:30,19.9,15.0,74.0,WNW,43.5,54.7,1014.29,0.0,0.0,0.0,0.0,,
2023-08-05,20:45,19.8,15.0,76.0,WNW,25.7,48.3,1014.36,0.0,0.0,0.0,0.0,,
2023-08-05,21:00,19.6,15.0,77.0,WEST,27.4,49.9,1014.43,0.0,0.0,0.0,0.0,,
2023-08-05,21:15,19.5,15.0,77.0,WEST,27.4,43.5,1014.49,0.0,0.0,0.0,0.0,,
2023-08-05,21:30,19.4,15.0,77.0,WEST,25.7,38.6,1014.73,0.0,0.0,0.0,0.0,,
2023-08-05,21:45,19.4,14.4,73.0,WEST,49.9,51.5,1014.93,0.0,0.0,0.0,0.0,,
2023-08-05,22:00,19.6,13.9,72.0,WNW,25.7,48.3,1015.07,0.0,0.0,0.0,0.0,,
2023-08-05,22:15,19.6,13.9,72.0,WEST,41.8,46.7,1015.41,0.0,0.0,0.0,0.0,,
2023-08-05,22:30,19.5,13.9,71.0,WEST,24.1,43.5,1015.31,0.0,0.0,0.0,0.0,,
2023-08-05,22:45,19.7,14.4,71.0,WNW,27.4,51.5,1015.41,0.0,0.0,0.0,0.0,,
2023-08-05,23:00,19.7,14.4,73.0,WNW,27.4,45.1,1015.65,0.0,0.0,0.0,0.0,,
2023-08-05,23:15,19.5,14.4,74.0,NW,14.5,32.2,1015.65,0.0,0.0,0.0,0.0,,
2023-08-05,23:30,19.6,15.0,76.0,WNW,17.7,30.6,1015.98,0.0,0.0,0.0,0.0,,
2023-08-05,23:45,19.7,15.0,76.0,WNW,14.5,27.4,1016.05,0.0,0.0,0.0,0.0,,
2023-08-05,OVR,,,,,,,,,,,,gustmax,77.2
2023-08-05,OVR,,,,,,,,,,,,rainrate_max,0.0
2023-08-05,OVR,,,,,,,,,,,,rain_total_mm,0.0
2023-08-05,OVR,,,,,,,,,,,,tmax,22.4
2023-08-05,OVR,,,,,,,,,,,,tmin,19.2
2023-08-05,OVR,,,,,,,,,,,,wind_dir_mean_deg,292.5
2023-08-06,00:00,19.8,15.6,77.0,NNW,4.8,22.5,1016.09,0.0,0.0,0.0,0.0,,
2023-08-06,00:15,19.8,15.6,78.0,NW,11.3,19.3,1016.12,0.0,0.0,0.0,0.0,,
2023-08-06,00:30,19.9,16.1,78.0,WEST,11.3,19.3,1016.05,0.0,0.0,0.0,0.0,,
2023-08-06,00:45,19.9,16.1,79.0,NW,8.0,20.9,1015.98,0.0,0.0,0.0,0.0,,
2023-08-06,01:00,20.0,16.1,79.0,WEST,12.9,20.9,1015.92,0.0,0.0,0.0,0.0,,
2023-08-06,01:15,20.0,16.1,79.0,WNW,4.8,24.1,1015.95,0.0,0.0,0.0,0.0,,
2023-08-06,01:30,20.0,16.1,78.0,WNW,12.9,30.6,1015.92,0.0,0.0,0.0,0.0,,
2023-08-06,01:45,20.0,15.6,78.0,WEST,14.5,20.9,1015.82,0.0,0.0,0.0,0.0,,
2023-08-06,02:00,19.9,15.6,78.0,WNW,16.1,22.5,1015.75,0.0,0.0,0.0,0.0,,
2023-08-06,02:15,19.8,15.6,78.0,WNW,17.7,29.0,1015.34,0.0,0.0,0.0,0.0,,
2023-08-06,02:30,19.8,16.1,79.0,NW,16.1,30.6,1015.41,0.0,0.0,0.0,0.0,,
2023-08-06,02:45,19.9,16.1,79.0,WNW,16.1,27.4,1015.54,0.0,0.0,0.0,0.0,,
2023-08-06,03:00,19.8,16.1,79.0,WNW,22.5,29.0,1015.37,0.0,0.0,0.0,0.0,,
2023-08-06,03:15,19.9,16.1,80.0,NW,20.9,38.6,1015.14,0.0,0.0,0.0,0.0,,
2023-08-06,03:30,19.9,16.1,80.0,WNW,16.1,30.6,1015.14,0.0,0.0,0.0,0.0,,
2023-08-06,03:45,19.9,16.1,81.0,WNW,22.5,33.8,1015.04,0.0,0.0,0.0,0.0,,
2023-08-06,04:00,19.9,16.7,81.0,WNW,12.9,35.4,1014.87,0.0,0.0,0.0,0.0,,
2023-08-06,04:15,19.8,16.1,80.0,WEST,29.0,40.2,1014.97,0.0,0.0,0.0,0.0,,
2023-08-06,04:30,19.7,15.6,79.0,WNW,37.0,40.2,1014.77,0.0,0.0,0.0,0.0,,
2023-08-06,04:45,19.7,15.6,77.0,NW,19.3,37.0,1014.66,0.0,0.0,0.0,0.0,,
2023-08-06,05:00,19.6,15.0,77.0,WNW,24.1,38.6,1014.49,0.0,0.0,0.0,0.0,,
2023-08-06,05:15,19.6,15.6,77.0,WNW,16.1,38.6,1014.29,0.0,0.0,0.0,0.0,,
2023-08-06,05:30,19.4,15.6,78.0,WNW,30.6,40.2,1014.09,0.0,0.0,0.0,0.0,,
2023-08-06,05:45,19.3,15.6,79.0,WNW,12.9,38.6,1014.22,0.0,0.0,0.0,0.0,,
2023-08-06,06:00,19.2,15.6,80.0,WEST,19.3,38.6,1014.33,0.0,0.0,0.0,0.0,,
2023-08-06,06:15,19.1,15.6,81.0,WEST,14.5,27.4,1014.26,0.0,0.0,0.0,0.0,,
2023-08-06,06:30,19.0,15.6,82.0,WNW,12.9,38.6,1014.19,0.0,0.0,0.0,0.0,,
2023-08-06,06:45,18.8,15.6,83.0,NW,20.9,38.6,1014.16,0.0,0.0,0.0,11.0,,
2023-08-06,07:00,18.7,15.6,83.0,WNW,30.6,41.8,1014.19,0.0,0.0,0.0,23.0,,
2023-08-06,07:15,18.7,15.6,83.0,WNW,20.9,32.2,1014.29,0.0,0.0,0.0,25.0,,
2023-08-06,07:30,18.8,15.6,82.0,WNW,27.4,53.1,1014.7,0.0,0.0,0.0,109.0,,
2023-08-06,07:45,18.9,15.6,80.0,WNW,45.1,38.6,1014.53,0.0,0.0,0.0,137.0,,
2023-08-06,08:00,19.3,15.0,78.0,WEST,29.0,33.8,1014.73,0.0,0.0,0.0,218.0,,
2023-08-06,08:15,19.6,15.0,75.0,WNW,22.5,56.3,1015.14,0.0,0.0,1.0,271.0,,
2023-08-06,08:30,19.9,15.0,74.0,WNW,22.5,46.7,1015.07,0.0,0.0,1.0,320.0,,
2023-08-06,08:45,20.2,14.4,71.0,NW,40.2,46.7,1015.41,0.0,0.0,1.0,346.0,,
2023-08-06,09:00,20.3,15.0,71.0,WNW,24.1,53.1,1014.8,0.0,0.0,1.0,366.0,,
2023-08-06,09:15,20.6,15.0,71.0,WEST,24.1,57.9,1015.07,0.0,0.0,2.0,413.0,,
2023-08-06,09:30,20.7,15.0,69.0,WNW,32.2,62.8,1015.21,0.0,0.0,2.0,418.0,,
2023-08-06,09:45,21.3,15.6,69.0,WEST,37.0,61.2,1015.14,0.0,0.0,3.0,540.0,,
2023-08-06,10:00,21.2,15.0,69.0,WEST,51.5,69.2,1015.24,0.0,0.0,3.0,591.0,,
2023-08-06,10:15,21.4,15.0,68.0,WEST,49.9,74.0,1015.34,0.0,0.0,3.0,548.0,,
2023-08-06,10:30,21.6,15.0,68.0,WNW,53.1,69.2,1015.34,0.0,0.0,4.0,682.0,,
2023-08-06,10:45,21.8,15.0,67.0,WNW,20.9,62.8,1015.21,0.0,0.0,4.0,733.0,,
2023-08-06,11:00,22.1,15.0,65.0,WEST,48.3,66.0,1015.68,0.0,0.0,4.0,773.0,,
2023-08-06,11:15,22.5,15.0,63.0,WNW,40.2,67.6,1015.17,0.0,0.0,5.0,800.0,,
2023-08-06,11:30,22.4,15.0,63.0,WEST,49.9,67.6,1015.07,0.0,0.0,5.0,835.0,,
2023-08-06,11:45,22.6,15.0,63.0,WNW,32.2,72.4,1015.31,0.0,0.0,6.0,867.0,,
2023-08-06,12:00,22.9,14.4,59.0,WNW,32.2,69.2,1015.58,0.0,0.0,6.0,884.0,,
2023-08-06,12:15,22.3,14.4,62.0,WNW,54.7,75.6,1015.14,0.0,0.0,6.0,902.0,,
2023-08-06,12:30,22.6,14.4,60.0,WNW,27.4,72.4,1015.27,0.0,0.0,6.0,911.0,,
2023-08-06,12:45,22.6,14.4,60.0,NW,62.8,78.9,1015.1,0.0,0.0,7.0,926.0,,
2023-08-06,13:00,22.6,14.4,61.0,NW,38.6,74.0,1015.1,0.0,0.0,7.0,939.0,,
2023-08-06,13:15,22.9,14.4,60.0,WNW,45.1,78.9,1015.21,0.0,0.0,7.0,937.0,,
2023-08-06,13:30,22.5,13.9,59.0,WEST,37.0,78.9,1015.14,0.0,0.0,7.0,954.0,,
2023-08-06,13:45,23.0,14.4,59.0,WEST,64.4,75.6,1015.34,0.0,0.0,7.0,942.0,,
2023-08-06,14:00,22.7,14.4,59.0,NW,35.4,83.7,1015.07,0.0,0.0,7.0,940.0,,
2023-08-06,14:15,22.4,13.9,59.0,ENE,43.5,80.5,1015.37,0.0,0.0,6.0,921.0,,
2023-08-06,14:30,22.6,13.9,59.0,WNW,38.6,69.2,1015.37,0.0,0.0,6.0,911.0,,
2023-08-06,14:45,22.4,13.9,60.0,WNW,45.1,74.0,1015.65,0.0,0.0,6.0,895.0,,
2023-08-06,15:00,22.7,13.9,58.0,ENE,40.2,80.5,1015.27,0.0,0.0,6.0,870.0,,
2023-08-06,15:15,22.7,13.9,58.0,WNW,54.7,70.8,1015.41,0.0,0.0,5.0,840.0,,
2023-08-06,15:30,22.6,13.9,58.0,WNW,40.2,69.2,1015.95,0.0,0.0,5.0,809.0,,
2023-08-06,15:45,22.7,12.8,55.0,WNW,51.5,69.2,1015.68,0.0,0.0,5.0,800.0,,
2023-08-06,16:00,22.4,13.3,57.0,WNW,27.4,61.2,1015.71,0.0,0.0,4.0,759.0,,
2023-08-06,16:15,22.7,13.3,56.0,WNW,41.8,62.8,1015.78,0.0,0.0,4.0,729.0,,
2023-08-06,16:30,22.8,13.3,56.0,WEST,54.7,62.8,1015.44,0.0,0.0,4.0,689.0,,
2023-08-06,16:45,22.9,13.3,55.0,WNW,45.1,61.2,1015.54,0.0,0.0,3.0,645.0,,
2023-08-06,17:00,22.6,13.3,55.0,WNW,51.5,59.5,1015.71,0.0,0.0,3.0,603.0,,
2023-08-06,17:15,22.7,12.8,54.0,WNW,35.4,64.4,1015.1,0.0,0.0,2.0,557.0,,
2023-08-06,17:30,22.1,12.8,56.0,WEST,33.8,77.2,1015.41,0.0,0.0,2.0,506.0,,
2023-08-06,17:45,21.9,12.8,57.0,WNW,37.0,72.4,1015.04,0.0,0.0,2.0,466.0,,
2023-08-06,18:00,21.7,13.3,60.0,WEST,59.5,66.0,1014.87,0.0,0.0,1.0,411.0,,
2023-08-06,18:15,21.4,13.9,62.0,WEST,56.3,64.4,1014.97,0.0,0.0,1.0,350.0,,
2023-08-06,18:30,21.3,13.3,62.0,WNW,24.1,66.0,1015.21,0.0,0.0,1.0,299.0,,
2023-08-06,18:45,21.1,13.9,63.0,NW,43.5,66.0,1015.24,0.0,0.0,1.0,237.0,,
2023-08-06,19:00,20.9,13.3,63.0,WEST,29.0,64.4,1015.41,0.0,0.0,0.0,195.0,,
2023-08-06,19:15,20.6,12.8,63.0,WNW,57.9,64.4,1015.34,0.0,0.0,0.0,139.0,,
2023-08-06,19:30,20.3,13.3,64.0,WNW,43.5,62.8,1015.17,0.0,0.0,0.0,88.0,,
2023-08-06,19:45,20.0,13.3,66.0,WNW,24.1,62.8,1015.27,0.0,0.0,0.0,51.0,,
2023-08-06,20:00,19.7,13.3,68.0,NORTH,37.0,67.6,1015.07,0.0,0.0,0.0,23.0,,
2023-08-06,20:15,19.3,13.3,70.0,WNW,29.0,64.4,1015.37,0.0,0.0,0.0,14.0,,
2023-08-06,20:30,19.1,13.3,71.0,WEST,49.9,64.4,1015.51,0.0,0.0,0.0,0.0,,
2023-08-06,20:45,18.7,13.3,72.0,WEST,38.6,59.5,1015.34,0.0,0.0,0.0,0.0,,
2023-08-06,21:00,18.6,13.3,73.0,WEST,32.2,56.3,1015.58,0.0,0.0,0.0,0.0,,
2023-08-06,21:15,18.3,13.3,74.0,WNW,25.7,48.3,1015.85,0.0,0.0,0.0,0.0,,
2023-08-06,21:30,18.2,13.3,75.0,WEST,27.4,51.5,1015.85,0.0,0.0,0.0,0.0,,
2023-08-06,21:45,18.0,13.3,76.0,WNW,33.8,51.5,1016.05,0.0,0.0,0.0,0.0,,
2023-08-06,22:00,17.8,13.3,77.0,WEST,29.0,48.3,1016.32,0.0,0.0,0.0,0.0,,
2023-08-06,22:15,17.8,13.3,77.0,NW,25.7,59.5,1016.09,0.0,0.0,0.0,0.0,,
2023-08-06,22:30,17.8,13.9,77.0,WNW,29.0,54.7,1016.46,0.0,0.0,0.0,0.0,,
2023-08-06,22:45,17.6,13.3,78.0,WNW,19.3,41.8,1016.49,0.0,0.0,0.0,0.0,,
2023-08-06,23:00,17.6,13.9,79.0,WEST,19.3,41.8,1016.56,0.0,0.0,0.0,0.0,,
2023-08-06,23:15,17.6,13.9,79.0,ENE,22.5,45.1,1016.73,0.0,0.0,0.0,0.0,,
2023-08-06,23:30,17.4,13.3,78.0,WNW,24.1,38.6,1016.66,0.0,0.0,0.0,0.0,,
2023-08-06,23:45,17.6,13.3,77.0,WEST,17.7,43.5,1016.76,0.0,0.0,0.0,0.0,,
2023-08-06,OVR,,,,,,,,,,,,gustmax,83.7
2023-08-06,OVR,,,,,,,,,,,,rainrate_max,0.0
2023-08-06,OVR,,,,,,,,,,,,rain_total_mm,0.0
2023-08-06,OVR,,,,,,,,,,,,tmax,23.2
2023-08-06,OVR,,,,,,,,,,,,tmin,17.4
2023-08-06,OVR,,,,,,,,,,,,wind_dir_mean_deg,292.5
2023-08-07,00:00,17.6,13.3,77.0,WNW,17.7,33.8,1016.76,0.0,0.0,0.0,0.0,,
2023-08-07,00:15,17.6,13.3,77.0,WEST,38.6,41.8,1016.7,0.0,0.0,0.0,0.0,,
2023-08-07,00:30,17.5,13.3,78.0,WNW,19.3,33.8,1016.76,0.0,0.0,0.0,0.0,,
2023-08-07,00:45,17.7,13.9,79.0,WNW,22.5,45.1,1016.7,0.0,0.0,0.0,0.0,,
2023-08-07,01:00,17.8,13.9,80.0,WNW,16.1,32.2,1016.8,0.0,0.0,0.0,0.0,,
2023-08-07,01:15,17.6,13.9,80.0,WNW,16.1,29.0,1016.7,0.0,0.0,0.0,0.0,,
2023-08-07,01:30,17.4,13.9,81.0,WEST,22.5,22.5,1016.46,0.0,0.0,0.0,0.0,,
2023-08-07,01:45,17.4,13.9,82.0,WNW,17.7,25.7,1016.42,0.0,0.0,0.0,0.0,,
2023-08-07,02:00,17.4,14.4,82.0,NW,20.9,27.4,1016.39,0.0,0.0,0.0,0.0,,
2023-08-07,02:15,17.6,14.4,82.0,WNW,16.1,37.0,1016.36,0.0,0.0,0.0,0.0,,
2023-08-07,02:30,17.6,14.4,82.0,WEST,17.7,32.2,1016.36,0.0,0.0,0.0,0.0,,
2023-08-07,02:45,17.6,14.4,83.0,NW,19.3,27.4,1016.36,0.0,0.0,0.0,0.0,,
2023-08-07,03:00,17.7,14.4,83.0,WEST,22.5,43.5,1016.32,0.0,0.0,0.0,0.0,,
2023-08-07,03:15,17.8,14.4,83.0,WEST,24.1,33.8,1016.19,0.0,0.0,0.0,0.0,,
2023-08-07,03:30,17.9,14.4,82.0,NW,16.1,37.0,1016.22,0.0,0.0,0.0,0.0,,
2023-08-07,03:45,17.8,14.4,82.0,WNW,29.0,32.2,1016.05,0.0,0.0,0.0,0.0,,
2023-08-07,04:00,17.7,14.4,82.0,WNW,24.1,45.1,1016.09,0.0,0.0,0.0,0.0,,
2023-08-07,04:15,17.8,14.4,82.0,WNW,29.0,41.8,1016.05,0.0,0.0,0.0,0.0,,
2023-08-07,04:30,17.9,13.9,78.0,WEST,43.5,51.5,1015.98,0.0,0.0,0.0,0.0,,
2023-08-07,04:45,18.1,13.3,75.0,WEST,40.2,46.7,1015.85,0.0,0.0,0.0,0.0,,
2023-08-07,05:00,18.1,13.3,74.0,WNW,30.6,46.7,1015.85,0.0,0.0,0.0,0.0,,
2023-08-07,05:15,18.1,13.3,75.0,WEST,43.5,43.5,1015.92,0.0,0.0,0.0,0.0,,
2023-08-07,05:30,18.1,13.3,76.0,WNW,35.4,45.1,1016.32,0.0,0.0,0.0,0.0,,
2023-08-07,05:45,18.0,13.9,77.0,WNW,32.2,45.1,1016.12,0.0,0.0,0.0,0.0,,
2023-08-07,06:00,17.9,13.3,75.0,WNW,22.5,40.2,1016.29,0.0,0.0,0.0,0.0,,
2023-08-07,06:15,17.9,12.8,74.0,NW,24.1,45.1,1016.29,0.0,0.0,0.0,0.0,,
2023-08-07,06:30,17.8,12.8,73.0,WEST,22.5,35.4,1016.22,0.0,0.0,0.0,0.0,,
2023-08-07,06:45,17.8,12.8,73.0,WNW,20.9,37.0,1016.39,0.0,0.0,0.0,12.0,,
2023-08-07,07:00,18.0,12.8,72.0,WNW,20.9,41.8,1016.39,0.0,0.0,0.0,23.0,,
2023-08-07,07:15,18.2,12.8,71.0,WNW,19.3,38.6,1016.59,0.0,0.0,0.0,72.0,,
2023-08-07,07:30,18.3,12.8,70.0,WNW,22.5,38.6,1016.53,0.0,0.0,0.0,114.0,,
2023-08-07,07:45,18.4,12.2,69.0,WNW,19.3,30.6,1016.53,0.0,0.0,0.0,142.0,,
2023-08-07,08:00,18.8,12.2,67.0,WEST,19.3,37.0,1016.63,0.0,0.0,0.0,211.0,,
2023-08-07,08:15,19.2,12.2,66.0,NNW,16.1,38.6,1016.8,0.0,0.0,1.0,267.0,,
2023-08-07,08:30,19.3,12.2,65.0,WEST,22.5,41.8,1016.97,0.0,0.0,1.0,318.0,,
2023-08-07,08:45,19.6,12.8,65.0,WNW,17.7,46.7,1016.86,0.0,0.0,1.0,350.0,,
2023-08-07,09:00,19.8,12.2,63.0,NW,29.0,51.5,1016.86,0.0,0.0,1.0,352.0,,
2023-08-07,09:15,19.9,12.2,62.0,WEST,37.0,57.9,1016.86,0.0,0.0,2.0,383.0,,
2023-08-07,09:30,20.3,12.2,60.0,WEST,29.0,48.3,1016.9,0.0,0.0,2.0,434.0,,
2023-08-07,09:45,20.6,12.8,61.0,SSW,30.6,48.3,1016.9,0.0,0.0,2.0,512.0,,
2023-08-07,10:00,20.4,12.2,60.0,WNW,37.0,54.7,1016.76,0.0,0.0,3.0,587.0,,
2023-08-07,10:15,20.6,12.2,60.0,WNW,49.9,64.4,1016.83,0.0,0.0,3.0,527.0,,
2023-08-07,10:30,20.8,12.8,60.0,WEST,27.4,51.5,1016.7,0.0,0.0,4.0,698.0,,
2023-08-07,10:45,20.6,12.2,60.0,WNW,40.2,64.4,1016.8,0.0,0.0,4.0,751.0,,
2023-08-07,11:00,20.9,12.2,59.0,WNW,30.6,56.3,1017.14,0.0,0.0,4.0,724.0,,
2023-08-07,11:15,21.1,11.7,56.0,WNW,14.5,59.5,1017.1,0.0,0.0,5.0,807.0,,
2023-08-07,11:30,21.1,11.7,56.0,WEST,29.0,64.4,1017.31,0.0,0.0,5.0,833.0,,
2023-08-07,11:45,21.0,11.7,56.0,NW,29.0,61.2,1017.37,0.0,0.0,5.0,860.0,,
2023-08-07,12:00,21.1,12.8,59.0,NW,27.4,59.5,1017.37,0.0,0.0,6.0,891.0,,
2023-08-07,12:15,21.3,12.2,58.0,WEST,38.6,69.2,1017.68,0.0,0.0,6.0,918.0,,
2023-08-07,12:30,21.2,12.8,59.0,NW,35.4,69.2,1017.64,0.0,0.0,6.0,933.0,,
2023-08-07,12:45,21.2,12.8,58.0,WEST,38.6,59.5,1017.58,0.0,0.0,6.0,930.0,,
2023-08-07,13:00,21.5,12.2,57.0,WNW,14.5,59.5,1017.2,0.0,0.0,7.0,932.0,,
2023-08-07,13:15,21.3,12.8,58.0,WEST,38.6,59.5,1017.51,0.0,0.0,7.0,951.0,,
2023-08-07,13:30,21.7,13.3,59.0,WNW,27.4,49.9,1017.58,0.0,0.0,7.0,939.0,,
2023-08-07,13:45,21.3,12.8,58.0,WNW,25.7,53.1,1017.51,0.0,0.0,7.0,946.0,,
2023-08-07,14:00,22.1,13.3,57.0,WEST,25.7,46.7,1017.17,0.0,0.0,7.0,944.0,,
2023-08-07,14:15,22.2,13.3,57.0,WNW,30.6,59.5,1017.31,0.0,0.0,6.0,912.0,,
2023-08-07,14:30,21.8,12.8,57.0,WNW,25.7,51.5,1017.27,0.0,0.0,6.0,898.0,,
2023-08-07,14:45,21.7,12.8,57.0,WNW,24.1,59.5,1017.14,0.0,0.0,6.0,904.0,,
2023-08-07,15:00,21.7,12.8,57.0,WEST,32.2,57.9,1017.27,0.0,0.0,6.0,881.0,,
2023-08-07,15:15,21.7,12.8,58.0,WEST,40.2,45.1,1017.2,0.0,0.0,5.0,849.0,,
2023-08-07,15:30,21.9,12.8,57.0,WNW,20.9,45.1,1017.1,0.0,0.0,5.0,830.0,,
2023-08-07,15:45,21.7,12.8,58.0,WNW,25.7,54.7,1017.14,0.0,0.0,5.0,793.0,,
2023-08-07,16:00,21.7,13.3,59.0,WEST,19.3,46.7,1017.24,0.0,0.0,4.0,772.0,,
2023-08-07,16:15,21.4,12.8,59.0,WNW,20.9,53.1,1017.58,0.0,0.0,4.0,726.0,,
2023-08-07,16:30,21.8,13.9,61.0,WNW,19.3,48.3,1017.54,0.0,0.0,4.0,689.0,,
2023-08-07,16:45,21.6,13.9,62.0,WNW,14.5,40.2,1017.75,0.0,0.0,3.0,645.0,,
2023-08-07,17:00,21.4,13.3,62.0,WNW,24.1,38.6,1017.88,0.0,0.0,3.0,615.0,,
2023-08-07,17:15,21.3,12.8,60.0,WNW,35.4,43.5,1017.81,0.0,0.0,2.0,575.0,,
2023-08-07,17:30,21.3,13.9,62.0,WEST,19.3,46.7,1017.78,0.0,0.0,2.0,520.0,,
2023-08-07,17:45,21.2,13.9,64.0,NW,24.1,40.2,1017.75,0.0,0.0,2.0,473.0,,
2023-08-07,18:00,21.1,13.9,64.0,WEST,24.1,43.5,1017.68,0.0,0.0,1.0,401.0,,
2023-08-07,18:15,20.8,13.9,65.0,WNW,20.9,43.5,1017.78,0.0,0.0,1.0,355.0,,
2023-08-07,18:30,20.6,13.9,67.0,WEST,33.8,51.5,1017.75,0.0,0.0,1.0,294.0,,
2023-08-07,18:45,20.3,13.9,67.0,WNW,32.2,46.7,1017.71,0.0,0.0,1.0,253.0,,
2023-08-07,19:00,20.0,13.9,68.0,WEST,22.5,46.7,1017.88,0.0,0.0,0.0,186.0,,
2023-08-07,19:15,19.6,13.9,69.0,WNW,17.7,49.9,1017.85,0.0,0.0,0.0,127.0,,
2023-08-07,19:30,19.4,13.9,70.0,WEST,27.4,43.5,1018.05,0.0,0.0,0.0,77.0,,
2023-08-07,19:45,19.3,13.9,71.0,WNW,33.8,41.8,1018.12,0.0,0.0,0.0,46.0,,
2023-08-07,20:00,19.2,13.9,71.0,WEST,24.1,38.6,1018.19,0.0,0.0,0.0,21.0,,
2023-08-07,20:15,18.8,13.9,73.0,WEST,14.5,38.6,1018.29,0.0,0.0,0.0,12.0,,
2023-08-07,20:30,18.6,13.3,73.0,WEST,22.5,29.0,1018.22,0.0,0.0,0.0,0.0,,
2023-08-07,20:45,18.3,13.3,74.0,WNW,8.0,32.2,1018.46,0.0,0.0,0.0,0.0,,
2023-08-07,21:00,18.1,13.3,75.0,WNW,11.3,20.9,1018.56,0.0,0.0,0.0,0.0,,
2023-08-07,21:15,17.9,13.3,76.0,WNW,12.9,22.5,1018.86,0.0,0.0,0.0,0.0,,
2023-08-07,21:30,17.7,13.3,77.0,WEST,4.8,12.9,1018.76,0.0,0.0,0.0,0.0,,
2023-08-07,21:45,17.7,13.3,77.0,WNW,6.4,14.5,1018.93,0.0,0.0,0.0,0.0,,
2023-08-07,22:00,17.6,13.3,78.0,WNW,3.2,17.7,1019.03,0.0,0.0,0.0,0.0,,
2023-08-07,22:15,17.5,13.3,79.0,WNW,11.3,22.5,1018.93,0.0,0.0,0.0,0.0,,
2023-08-07,22:30,17.4,13.3,79.0,WNW,12.9,19.3,1018.9,0.0,0.0,0.0,0.0,,
2023-08-07,22:45,17.2,13.3,80.0,WNW,3.2,17.7,1018.73,0.0,0.0,0.0,0.0,,
2023-08-07,23:00,17.1,13.3,80.0,WNW,11.3,16.1,1018.73,0.0,0.0,0.0,0.0,,
2023-08-07,23:15,17.0,13.3,81.0,WNW,12.9,22.5,1018.66,0.0,0.0,0.0,0.0,,
2023-08-07,23:30,17.0,13.3,81.0,NW,12.9,19.3,1018.93,0.0,0.0,0.0,0.0,,
2023-08-07,23:45,16.8,13.3,81.0,NW,11.3,19.3,1018.8,0.0,0.0,0.0,0.0,,
2023-08-07,OVR,,,,,,,,,,,,gustmax,69.2
2023-08-07,OVR,,,,,,,,,,,,rainrate_max,0.0
2023-08-07,OVR,,,,,,,,,,,,rain_total_mm,0.0
2023-08-07,OVR,,,,,,,,,,,,tmax,22.2
2023-08-07,OVR,,,,,,,,,,,,tmin,16.8
2023-08-07,OVR,,,,,,,,,,,,wind_dir_mean_deg,292.5
2023-08-08,00:00,16.8,13.3,81.0,WNW,14.5,24.1,1018.73,0.0,0.0,0.0,0.0,,
2023-08-08,00:15,16.8,13.3,81.0,NW,6.4,16.1,1018.8,0.0,0.0,0.0,0.0,,
2023-08-08,00:30,16.8,13.3,81.0,NW,12.9,16.1,1018.76,0.0,0.0,0.0,0.0,,
2023-08-08,00:45,16.8,13.3,80.0,WNW,4.8,14.5,1018.56,0.0,0.0,0.0,0.0,,
2023-08-08,01:00,16.7,12.8,80.0,WNW,1.6,14.5,1018.66,0.0,0.0,0.0,0.0,,
2023-08-08,01:15,16.6,12.8,80.0,NORTH,0.0,12.9,1018.59,0.0,0.0,0.0,0.0,,
2023-08-08,01:30,15.8,12.2,80.0,NORTH,0.0,4.8,1018.76,0.0,0.0,0.0,0.0,,
2023-08-08,01:45,15.6,12.2,81.0,NORTH,0.0,1.6,1018.8,0.0,0.0,0.0,0.0,,
2023-08-08,02:00,15.2,11.7,82.0,WSW,3.2,4.8,1018.83,0.0,0.0,0.0,0.0,,
2023-08-08,02:15,14.8,11.7,82.0,NORTH,0.0,3.2,1018.66,0.0,0.0,0.0,0.0,,
2023-08-08,02:30,14.8,11.7,83.0,WSW,1.6,3.2,1018.66,0.0,0.0,0.0,0.0,,
2023-08-08,02:45,14.8,11.7,83.0,NORTH,0.0,4.8,1018.52,0.0,0.0,0.0,0.0,,
2023-08-08,03:00,14.7,11.7,84.0,NORTH,0.0,3.2,1018.49,0.0,0.0,0.0,0.0,,
2023-08-08,03:15,14.5,11.7,84.0,WSW,1.6,3.2,1018.56,0.0,0.0,0.0,0.0,,
2023-08-08,03:30,14.5,11.7,85.0,NORTH,0.0,6.4,1018.39,0.0,0.0,0.0,0.0,,
2023-08-08,03:45,14.4,11.7,85.0,NW,4.8,4.8,1018.39,0.0,0.0,0.0,0.0,,
2023-08-08,04:00,14.8,12.2,85.0,WNW,6.4,12.9,1018.19,0.0,0.0,0.0,0.0,,
2023-08-08,04:15,15.4,12.8,85.0,WNW,4.8,17.7,1018.19,0.0,0.0,0.0,0.0,,
2023-08-08,04:30,15.4,12.8,84.0,WNW,4.8,11.3,1018.19,0.0,0.0,0.0,0.0,,
2023-08-08,04:45,15.4,12.8,84.0,WNW,6.4,11.3,1018.19,0.0,0.0,0.0,0.0,,
2023-08-08,05:00,15.6,12.8,84.0,WNW,4.8,16.1,1018.42,0.0,0.0,0.0,0.0,,
2023-08-08,05:15,15.5,12.8,84.0,NORTH,0.0,12.9,1018.25,0.0,0.0,0.0,0.0,,
2023-08-08,05:30,15.2,12.2,83.0,NORTH,0.0,3.2,1018.25,0.0,0.0,0.0,0.0,,
2023-08-08,05:45,14.8,12.2,84.0,WNW,1.6,3.2,1018.12,0.0,0.0,0.0,0.0,,
2023-08-08,06:00,14.6,11.7,84.0,WNW,1.6,3.2,1018.56,0.0,0.0,0.0,0.0,,
2023-08-08,06:15,14.1,11.7,85.0,NW,1.6,3.2,1018.49,0.0,0.0,0.0,0.0,,
2023-08-08,06:30,13.9,11.1,85.0,NW,1.6,4.8,1018.59,0.0,0.0,0.0,0.0,,
2023-08-08,06:45,13.8,11.1,85.0,NORTH,0.0,3.2,1018.66,0.0,0.0,0.0,11.0,,
2023-08-08,07:00,13.7,11.1,85.0,NORTH,0.0,3.2,1018.59,0.0,0.0,0.0,18.0,,
2023-08-08,07:15,14.2,11.7,86.0,NORTH,0.0,3.2,1018.66,0.0,0.0,0.0,76.0,,
2023-08-08,07:30,14.9,12.2,85.0,NORTH,0.0,3.2,1018.76,0.0,0.0,0.0,121.0,,
2023-08-08,07:45,15.5,12.8,84.0,NORTH,0.0,4.8,1018.86,0.0,0.0,0.0,155.0,,
2023-08-08,08:00,16.1,12.8,82.0,NORTH,0.0,0.0,1019.17,0.0,0.0,0.0,237.0,,
2023-08-08,08:15,16.7,13.3,80.0,NORTH,0.0,3.2,1019.17,0.0,0.0,1.0,288.0,,
2023-08-08,08:30,17.5,13.3,77.0,NNW,1.6,4.8,1019.4,0.0,0.0,1.0,336.0,,
2023-08-08,08:45,18.2,13.3,75.0,NNW,4.8,6.4,1019.47,0.0,0.0,1.0,338.0,,
2023-08-08,09:00,18.3,13.3,74.0,WNW,3.2,11.3,1019.3,0.0,0.0,1.0,322.0,,
2023-08-08,09:15,18.8,13.9,74.0,NW,3.2,8.0,1019.37,0.0,0.0,2.0,380.0,,
2023-08-08,09:30,19.3,13.9,72.0,NNW,3.2,9.7,1019.37,0.0,0.0,2.0,422.0,,
2023-08-08,09:45,20.0,13.9,68.0,NNW,4.8,9.7,1019.37,0.0,0.0,2.0,540.0,,
2023-08-08,10:00,20.6,13.3,64.0,NW,6.4,16.1,1019.57,0.0,0.0,3.0,582.0,,
2023-08-08,10:15,21.3,13.9,63.0,NW,12.9,19.3,1019.47,0.0,0.0,3.0,517.0,,
2023-08-08,10:30,21.2,13.9,63.0,WNW,11.3,20.9,1019.44,0.0,0.0,4.0,689.0,,
2023-08-08,10:45,22.0,13.9,61.0,NNW,8.0,24.1,1019.64,0.0,0.0,4.0,749.0,,
2023-08-08,11:00,22.9,13.9,58.0,WNW,12.9,19.3,1019.37,0.0,0.0,4.0,780.0,,
2023-08-08,11:15,22.9,12.8,53.0,NW,14.5,19.3,1019.47,0.0,0.0,5.0,816.0,,
2023-08-08,11:30,23.3,11.1,46.0,NNW,14.5,16.1,1019.4,0.0,0.0,5.0,842.0,,
2023-08-08,11:45,23.9,11.1,44.0,NNW,8.0,19.3,1019.51,0.0,0.0,6.0,865.0,,
2023-08-08,12:00,24.8,12.2,47.0,WNW,11.3,12.9,1019.47,0.0,0.0,6.0,886.0,,
2023-08-08,12:15,24.7,13.9,52.0,NW,3.2,22.5,1019.54,0.0,0.0,6.0,900.0,,
2023-08-08,12:30,25.0,14.4,53.0,WEST,6.4,25.7,1019.44,0.0,0.0,6.0,914.0,,
2023-08-08,12:45,25.6,13.3,47.0,WNW,8.0,20.9,1019.37,0.0,0.0,7.0,930.0,,
2023-08-08,13:00,25.8,13.3,47.0,NORTH,0.0,19.3,1019.34,0.0,0.0,7.0,939.0,,
2023-08-08,13:15,25.9,13.3,46.0,NW,4.8,19.3,1019.3,0.0,0.0,7.0,942.0,,
2023-08-08,13:30,25.8,13.3,47.0,NW,9.7,24.1,1019.27,0.0,0.0,7.0,942.0,,
2023-08-08,13:45,26.4,13.9,47.0,WEST,9.7,22.5,1018.96,0.0,0.0,7.0,935.0,,
2023-08-08,14:00,26.1,13.9,48.0,EAST,8.0,25.7,1019.0,0.0,0.0,7.0,928.0,,
2023-08-08,14:15,26.4,13.9,46.0,WEST,14.5,29.0,1018.9,0.0,0.0,6.0,918.0,,
2023-08-08,14:30,26.7,13.9,45.0,NW,11.3,27.4,1018.93,0.0,0.0,6.0,902.0,,
2023-08-08,14:45,26.7,13.3,44.0,WNW,19.3,38.6,1018.73,0.0,0.0,6.0,888.0,,
2023-08-08,15:00,26.4,12.2,42.0,WNW,32.2,38.6,1018.86,0.0,0.0,6.0,868.0,,
2023-08-08,15:15,26.5,13.3,44.0,WEST,20.9,30.6,1018.73,0.0,0.0,5.0,840.0,,
2023-08-08,15:30,26.6,12.2,41.0,WNW,17.7,38.6,1018.66,0.0,0.0,5.0,816.0,,
2023-08-08,15:45,26.5,11.7,39.0,WEST,16.1,40.2,1018.76,0.0,0.0,5.0,788.0,,
2023-08-08,16:00,26.6,11.7,39.0,ENE,32.2,38.6,1018.83,0.0,0.0,4.0,758.0,,
2023-08-08,16:15,26.4,11.7,40.0,WEST,27.4,49.9,1018.8,0.0,0.0,4.0,717.0,,
2023-08-08,16:30,26.2,12.8,43.0,ENE,14.5,48.3,1018.66,0.0,0.0,4.0,689.0,,
2023-08-08,16:45,25.6,12.8,45.0,WNW,19.3,43.5,1019.07,0.0,0.0,3.0,643.0,,
2023-08-08,17:00,25.4,13.9,49.0,WNW,25.7,45.1,1019.0,0.0,0.0,3.0,601.0,,
2023-08-08,17:15,25.3,13.9,49.0,WEST,20.9,51.5,1019.07,0.0,0.0,2.0,557.0,,
2023-08-08,17:30,25.1,12.8,46.0,WNW,16.1,48.3,1019.0,0.0,0.0,2.0,508.0,,
2023-08-08,17:45,24.9,12.2,46.0,WEST,20.9,48.3,1019.13,0.0,0.0,2.0,455.0,,
2023-08-08,18:00,24.8,11.7,44.0,ENE,22.5,41.8,1018.9,0.0,0.0,1.0,401.0,,
2023-08-08,18:15,24.7,11.7,44.0,WNW,29.0,46.7,1018.66,0.0,0.0,1.0,350.0,,
2023-08-08,18:30,24.3,11.1,45.0,WNW,33.8,51.5,1018.63,0.0,0.0,1.0,295.0,,
2023-08-08,18:45,24.2,11.7,46.0,WNW,22.5,37.0,1018.76,0.0,0.0,1.0,246.0,,
2023-08-08,19:00,23.8,11.1,46.0,WEST,24.1,45.1,1018.66,0.0,0.0,0.0,190.0,,
2023-08-08,19:15,23.6,12.8,52.0,ENE,16.1,38.6,1018.39,0.0,0.0,0.0,128.0,,
2023-08-08,19:30,23.2,14.4,59.0,WNW,29.0,37.0,1018.63,0.0,0.0,0.0,84.0,,
2023-08-08,19:45,22.6,15.0,63.0,WEST,16.1,33.8,1018.59,0.0,0.0,0.0,44.0,,
2023-08-08,20:00,22.2,15.0,64.0,WNW,14.5,37.0,1018.49,0.0,0.0,0.0,19.0,,
2023-08-08,20:15,21.7,14.4,65.0,WNW,19.3,29.0,1018.56,0.0,0.0,0.0,11.0,,
2023-08-08,20:30,21.3,15.0,67.0,WNW,12.9,30.6,1018.46,0.0,0.0,0.0,0.0,,
2023-08-08,20:45,20.9,15.0,69.0,WEST,11.3,25.7,1018.76,0.0,0.0,0.0,0.0,,
2023-08-08,21:00,20.5,15.0,71.0,WEST,12.9,22.5,1018.59,0.0,0.0,0.0,0.0,,
2023-08-08,21:15,20.2,14.4,71.0,NNE,12.9,20.9,1018.66,0.0,0.0,0.0,0.0,,
2023-08-08,21:30,19.9,14.4,71.0,WEST,17.7,20.9,1018.83,0.0,0.0,0.0,0.0,,
2023-08-08,21:45,19.8,13.9,69.0,WNW,14.5,16.1,1018.76,0.0,0.0,0.0,0.0,,
2023-08-08,22:00,19.8,13.9,70.0,WEST,9.7,17.7,1018.9,0.0,0.0,0.0,0.0,,
2023-08-08,22:15,19.7,13.9,71.0,WSW,3.2,17.7,1018.86,0.0,0.0,0.0,0.0,,
2023-08-08,22:30,19.5,14.4,73.0,WNW,6.4,14.5,1018.86,0.0,0.0,0.0,0.0,,
2023-08-08,22:45,19.3,14.4,74.0,NORTH,0.0,12.9,1018.96,0.0,0.0,0.0,0.0,,
2023-08-08,23:00,19.2,14.4,76.0,NORTH,0.0,11.3,1019.07,0.0,0.0,0.0,0.0,,
2023-08-08,23:15,19.1,14.4,76.0,WSW,1.6,6.4,1019.1,0.0,0.0,0.0,0.0,,
2023-08-08,23:30,18.8,13.9,75.0,NORTH,0.0,4.8,1019.0,0.0,0.0,0.0,0.0,,
2023-08-08,23:45,18.3,13.9,76.0,WSW,4.8,4.8,1018.96,0.0,0.0,0.0,0.0,,
2023-08-08,OVR,,,,,,,,,,,,gustmax,51.5
2023-08-08,OVR,,,,,,,,,,,,rainrate_max,0.0
2023-08-08,OVR,,,,,,,,,,,,rain_total_mm,0.0
2023-08-08,OVR,,,,,,,,,,,,tmax,26.9
2023-08-08,OVR,,,,,,,,,,,,tmin,13.6
2023-08-08,OVR,,,,,,,,,,,,wind_dir_mean_deg,292.5
2023-08-09,00:00,18.2,14.4,78.0,SSW,1.6,4.8,1018.63,0.0,0.0,0.0,0.0,,
2023-08-09,00:15,18.1,14.4,79.0,SSW,3.2,4.8,1018.73,0.0,0.0,0.0,0.0,,
2023-08-09,00:30,17.6,13.9,80.0,SSW,3.2,4.8,1018.8,0.0,0.0,0.0,0.0,,
2023-08-09,00:45,17.5,13.9,82.0,NORTH,0.0,4.8,1018.63,0.0,0.0,0.0,0.0,,
2023-08-09,01:00,17.4,14.4,82.0,NORTH,0.0,0.0,1018.56,0.0,0.0,0.0,0.0,,
2023-08-09,01:15,17.2,13.9,83.0,NORTH,0.0,0.0,1018.39,0.0,0.0,0.0,0.0,,
2023-08-09,01:30,17.1,13.9,84.0,NORTH,0.0,6.4,1018.29,0.0,0.0,0.0,0.0,,
2023-08-09,01:45,16.8,13.9,83.0,WNW,3.2,4.8,1018.25,0.0,0.0,0.0,0.0,,
2023-08-09,02:00,16.8,13.9,83.0,WNW,1.6,3.2,1018.19,0.0,0.0,0.0,0.0,,
2023-08-09,02:15,16.6,13.3,82.0,WNW,1.6,3.2,1018.12,0.0,0.0,0.0,0.0,,
2023-08-09,02:30,16.4,13.3,82.0,WNW,1.6,4.8,1018.12,0.0,0.0,0.0,0.0,,
2023-08-09,02:45,16.3,12.8,81.0,NORTH,0.0,3.2,1018.12,0.0,0.0,0.0,0.0,,
2023-08-09,03:00,16.2,12.8,81.0,WNW,1.6,3.2,1018.19,0.0,0.0,0.0,0.0,,
2023-08-09,03:15,16.2,12.8,82.0,NORTH,0.0,4.8,1018.08,0.0,0.0,0.0,0.0,,
2023-08-09,03:30,16.4,13.3,83.0,NORTH,0.0,3.2,1018.19,0.0,0.0,0.0,0.0,,
2023-08-09,03:45,16.7,13.3,83.0,WNW,1.6,3.2,1018.12,0.0,0.0,0.0,0.0,,
2023-08-09,04:00,16.8,13.3,82.0,NORTH,0.0,9.7,1018.19,0.0,0.0,0.0,0.0,,
2023-08-09,04:15,16.8,13.3,81.0,WEST,1.6,4.8,1018.19,0.0,0.0,0.0,0.0,,
2023-08-09,04:30,16.7,13.3,81.0,WEST,3.2,4.8,1017.95,0.0,0.0,0.0,0.0,,
2023-08-09,04:45,16.3,12.8,80.0,NORTH,0.0,4.8,1018.05,0.0,0.0,0.0,0.0,,
2023-08-09,05:00,15.9,12.2,80.0,NORTH,0.0,3.2,1017.88,0.0,0.0,0.0,0.0,,
2023-08-09,05:15,15.8,12.2,79.0,WEST,1.6,4.8,1018.05,0.0,0.0,0.0,0.0,,
2023-08-09,05:30,16.7,12.2,75.0,NNW,1.6,6.4,1018.02,0.0,0.0,0.0,0.0,,
2023-08-09,05:45,17.1,11.7,70.0,NORTH,0.0,8.0,1017.98,0.0,0.0,0.0,0.0,,
2023-08-09,06:00,17.3,11.1,68.0,NNW,1.6,4.8,1017.98,0.0,0.0,0.0,0.0,,
2023-08-09,06:15,17.2,10.6,66.0,NNW,1.6,8.0,1018.19,0.0,0.0,0.0,0.0,,
2023-08-09,06:30,17.4,10.6,65.0,NNW,4.8,9.7,1018.29,0.0,0.0,0.0,0.0,,
2023-08-09,06:45,17.6,10.6,64.0,NW,1.6,8.0,1018.29,0.0,0.0,0.0,7.0,,
2023-08-09,07:00,17.4,10.0,62.0,NNE,3.2,6.4,1017.81,0.0,0.0,0.0,18.0,,
2023-08-09,07:15,17.7,10.0,61.0,NORTH,3.2,6.4,1018.42,0.0,0.0,0.0,72.0,,
2023-08-09,07:30,17.9,10.0,60.0,NORTH,0.0,4.8,1018.66,0.0,0.0,0.0,114.0,,
2023-08-09,07:45,18.3,11.7,66.0,NORTH,0.0,4.8,1018.56,0.0,0.0,0.0,155.0,,
2023-08-09,08:00,18.7,11.7,64.0,NORTH,3.2,4.8,1018.86,0.0,0.0,0.0,230.0,,
2023-08-09,08:15,19.5,11.1,58.0,NORTH,6.4,6.4,1018.86,0.0,0.0,1.0,281.0,,
2023-08-09,08:30,20.2,10.6,54.0,NW,8.0,12.9,1018.9,0.0,0.0,1.0,327.0,,
2023-08-09,08:45,20.6,11.1,54.0,NW,1.6,9.7,1019.1,0.0,0.0,1.0,301.0,,
2023-08-09,09:00,20.7,10.6,52.0,NNW,6.4,8.0,1019.2,0.0,0.0,1.0,313.0,,
2023-08-09,09:15,21.3,10.6,52.0,NNW,6.4,9.7,1019.13,0.0,0.0,2.0,376.0,,
2023-08-09,09:30,21.6,10.0,48.0,NW,8.0,12.9,1019.24,0.0,0.0,2.0,413.0,,
2023-08-09,09:45,21.9,9.4,46.0,NORTH,9.7,16.1,1019.13,0.0,0.0,2.0,540.0,,
2023-08-09,10:00,22.4,10.0,45.0,NNW,8.0,16.1,1019.13,0.0,0.0,3.0,564.0,,
2023-08-09,10:15,22.7,11.1,48.0,WNW,6.4,12.9,1019.0,0.0,0.0,3.0,508.0,,
2023-08-09,10:30,23.4,10.0,43.0,WNW,6.4,16.1,1019.03,0.0,0.0,3.0,682.0,,
2023-08-09,10:45,23.3,10.6,44.0,WSW,1.6,17.7,1019.13,0.0,0.0,4.0,737.0,,
2023-08-09,11:00,24.2,10.6,43.0,WNW,11.3,16.1,1019.2,0.0,0.0,4.0,772.0,,
2023-08-09,11:15,24.4,10.6,43.0,WEST,9.7,20.9,1019.3,0.0,0.0,5.0,803.0,,
2023-08-09,11:30,24.9,11.7,43.0,WNW,12.9,19.3,1019.3,0.0,0.0,5.0,831.0,,
2023-08-09,11:45,24.8,11.7,44.0,WSW,3.2,19.3,1019.13,0.0,0.0,5.0,854.0,,
2023-08-09,12:00,25.5,11.7,42.0,WSW,4.8,32.2,1018.93,0.0,0.0,5.0,877.0,,
2023-08-09,12:15,25.8,11.1,40.0,WEST,3.2,22.5,1018.86,0.0,0.0,6.0,895.0,,
2023-08-09,12:30,26.1,11.1,39.0,WNW,11.3,29.0,1018.66,0.0,0.0,6.0,911.0,,
2023-08-09,12:45,26.7,13.3,44.0,NW,8.0,32.2,1018.66,0.0,0.0,6.0,928.0,,
2023-08-09,13:00,26.7,13.3,44.0,WNW,12.9,30.6,1018.66,0.0,0.0,6.0,940.0,,
2023-08-09,13:15,26.9,14.4,47.0,WSW,4.8,25.7,1018.46,0.0,0.0,6.0,933.0,,
2023-08-09,13:30,27.1,15.0,48.0,ENE,16.1,25.7,1018.46,0.0,0.0,6.0,932.0,,
2023-08-09,13:45,27.1,15.0,49.0,WEST,24.1,30.6,1018.49,0.0,0.0,6.0,928.0,,
2023-08-09,14:00,27.3,15.6,49.0,ENE,12.9,35.4,1018.39,0.0,0.0,6.0,921.0,,
2023-08-09,14:15,27.1,16.1,51.0,WEST,19.3,38.6,1018.25,0.0,0.0,6.0,914.0,,
2023-08-09,14:30,27.3,16.1,50.0,WEST,22.5,40.2,1018.35,0.0,0.0,6.0,900.0,,
2023-08-09,14:45,27.1,15.0,48.0,WSW,22.5,41.8,1018.42,0.0,0.0,6.0,877.0,,
2023-08-09,15:00,26.9,12.2,40.0,WNW,14.5,41.8,1018.56,0.0,0.0,6.0,860.0,,
2023-08-09,15:15,26.9,11.7,39.0,WEST,30.6,40.2,1018.9,0.0,0.0,5.0,837.0,,
2023-08-09,15:30,26.6,11.7,40.0,WNW,17.7,38.6,1018.76,0.0,0.0,5.0,809.0,,
2023-08-09,15:45,26.4,14.4,47.0,WNW,16.1,45.1,1018.83,0.0,0.0,5.0,777.0,,
2023-08-09,16:00,26.2,13.9,47.0,WNW,19.3,40.2,1018.63,0.0,0.0,4.0,749.0,,
2023-08-09,16:15,26.3,15.6,53.0,WEST,33.8,40.2,1018.63,0.0,0.0,4.0,714.0,,
2023-08-09,16:30,26.1,16.1,55.0,WEST,25.7,38.6,1018.42,0.0,0.0,3.0,677.0,,
2023-08-09,16:45,26.0,15.0,51.0,WNW,24.1,51.5,1018.39,0.0,0.0,3.0,635.0,,
2023-08-09,17:00,25.9,16.7,56.0,NW,17.7,46.7,1018.63,0.0,0.0,3.0,592.0,,
2023-08-09,17:15,25.6,17.2,61.0,WEST,27.4,38.6,1018.59,0.0,0.0,2.0,545.0,,
2023-08-09,17:30,25.0,18.3,66.0,ENE,19.3,40.2,1018.59,0.0,0.0,2.0,496.0,,
2023-08-09,17:45,24.3,18.3,70.0,WEST,27.4,46.7,1018.73,0.0,0.0,2.0,439.0,,
2023-08-09,18:00,24.3,18.9,72.0,WNW,22.5,40.2,1018.9,0.0,0.0,1.0,385.0,,
2023-08-09,18:15,24.3,18.9,73.0,WNW,19.3,38.6,1018.93,0.0,0.0,1.0,334.0,,
2023-08-09,18:30,24.1,18.9,73.0,WNW,17.7,38.6,1018.96,0.0,0.0,1.0,283.0,,
2023-08-09,18:45,23.9,18.9,75.0,NW,19.3,37.0,1018.86,0.0,0.0,1.0,237.0,,
2023-08-09,19:00,23.7,18.9,76.0,WNW,17.7,37.0,1018.93,0.0,0.0,0.0,178.0,,
2023-08-09,19:15,23.4,18.9,77.0,WEST,25.7,41.8,1019.17,0.0,0.0,0.0,125.0,,
2023-08-09,19:30,22.8,18.9,80.0,WNW,29.0,40.2,1019.27,0.0,0.0,0.0,81.0,,
2023-08-09,19:45,22.4,18.9,82.0,WNW,24.1,38.6,1019.44,0.0,0.0,0.0,21.0,,
2023-08-09,20:00,22.1,18.9,83.0,WNW,25.7,37.0,1019.37,0.0,0.0,0.0,16.0,,
2023-08-09,20:15,22.0,18.9,85.0,NE,24.1,45.1,1019.24,0.0,0.0,0.0,9.0,,
2023-08-09,20:30,21.8,19.4,86.0,WSW,11.3,27.4,1019.24,0.0,0.0,0.0,0.0,,
2023-08-09,20:45,21.4,18.9,88.0,WNW,11.3,25.7,1019.57,0.0,0.0,0.0,0.0,,
2023-08-09,21:00,21.3,18.9,89.0,WEST,20.9,29.0,1019.71,0.0,0.0,0.0,0.0,,
2023-08-09,21:15,21.1,18.9,89.0,WEST,11.3,30.6,1019.57,0.0,0.0,0.0,0.0,,
2023-08-09,21:30,21.1,19.4,90.0,WNW,11.3,27.4,1019.64,0.0,0.0,0.0,0.0,,
2023-08-09,21:45,21.1,19.4,90.0,WNW,14.5,27.4,1019.81,0.0,0.0,0.0,0.0,,
2023-08-09,22:00,21.1,19.4,91.0,WEST,11.3,20.9,1019.98,0.0,0.0,0.0,0.0,,
2023-08-09,22:15,20.9,18.9,90.0,WEST,11.3,17.7,1019.98,0.0,0.0,0.0,0.0,,
2023-08-09,22:30,20.8,18.9,91.0,WEST,4.8,20.9,1019.81,0.0,0.0,0.0,0.0,,
2023-08-09,22:45,20.7,18.9,91.0,WEST,16.1,19.3,1019.68,0.0,0.0,0.0,0.0,,
2023-08-09,23:00,20.6,18.9,92.0,WNW,6.4,17.7,1019.74,0.0,0.0,0.0,0.0,,
2023-08-09,23:15,20.4,18.9,92.0,WNW,4.8,17.7,1019.68,0.0,0.0,0.0,0.0,,
2023-08-09,23:30,20.5,18.9,92.0,WNW,11.3,19.3,1019.64,0.0,0.0,0.0,0.0,,
2023-08-09,23:45,20.5,18.9,92.0,WEST,16.1,19.3,1019.54,0.0,0.0,0.0,0.0,,
2023-08-09,OVR,,,,,,,,,,,,gustmax,51.5
2023-08-09,OVR,,,,,,,,,,,,rainrate_max,0.0
2023-08-09,OVR,,,,,,,,,,,,rain_total_mm,0.0
2023-08-09,OVR,,,,,,,,,,,,tmax,27.7
2023-08-09,OVR,,,,,,,,,,,,tmin,15.7
2023-08-09,OVR,,,,,,,,,,,,wind_dir_mean_deg,292.5
2023-08-10,00:00,20.4,18.9,92.0,NNW,4.8,14.5,1019.61,0.0,0.0,0.0,0.0,,
2023-08-10,00:15,20.3,18.9,92.0,WNW,8.0,24.1,1019.68,0.0,0.0,0.0,0.0,,
2023-08-10,00:30,20.4,18.9,93.0,WNW,8.0,22.5,1019.78,0.0,0.0,0.0,0.0,,
2023-08-10,00:45,20.3,18.9,93.0,NW,11.3,22.5,1020.05,0.0,0.0,0.0,0.0,,
2023-08-10,01:00,20.2,18.9,93.0,WNW,4.8,16.1,1019.88,0.0,0.0,0.0,0.0,,
2023-08-10,01:15,20.2,18.9,93.0,WNW,4.8,14.5,1019.84,0.0,0.0,0.0,0.0,,
2023-08-10,01:30,20.1,18.9,93.0,WNW,4.8,14.5,1019.68,0.0,0.0,0.0,0.0,,
2023-08-10,01:45,19.9,18.3,93.0,WEST,6.4,16.1,1019.64,0.0,0.0,0.0,0.0,,
2023-08-10,02:00,19.8,18.3,93.0,WEST,4.8,17.7,1019.64,0.0,0.0,0.0,0.0,,
2023-08-10,02:15,19.9,18.9,93.0,WNW,19.3,24.1,1019.54,0.0,0.0,0.0,0.0,,
2023-08-10,02:30,19.9,18.9,93.0,WEST,12.9,17.7,1019.54,0.0,0.0,0.0,0.0,,
2023-08-10,02:45,19.8,18.3,94.0,WNW,6.4,16.1,1019.34,0.0,0.0,0.0,0.0,,
2023-08-10,03:00,19.7,18.3,94.0,WNW,4.8,19.3,1019.34,0.0,0.0,0.0,0.0,,
2023-08-10,03:15,19.5,18.3,94.0,WEST,4.8,14.5,1019.3,0.0,0.0,0.0,0.0,,
2023-08-10,03:30,19.3,18.3,94.0,WEST,11.3,11.3,1019.24,0.0,0.0,0.0,0.0,,
2023-08-10,03:45,19.2,17.8,94.0,WNW,3.2,6.4,1019.3,0.0,0.0,0.0,0.0,,
2023-08-10,04:00,19.1,17.8,94.0,WEST,3.2,9.7,1019.34,0.0,0.0,0.0,0.0,,
2023-08-10,04:15,18.8,17.8,93.0,WEST,19.3,12.9,1019.44,0.0,0.0,0.0,0.0,,
2023-08-10,04:30,18.8,17.8,93.0,WEST,11.3,16.1,1019.51,0.0,0.0,0.0,0.0,,
2023-08-10,04:45,18.8,17.8,93.0,WNW,4.8,16.1,1019.57,0.0,0.0,0.0,0.0,,
2023-08-10,05:00,18.9,17.8,93.0,WNW,12.9,19.3,1019.4,0.0,0.0,0.0,0.0,,
2023-08-10,05:15,19.1,17.8,93.0,NW,8.0,20.9,1019.57,0.0,0.0,0.0,0.0,,
2023-08-10,05:30,19.1,17.8,93.0,WEST,16.1,14.5,1019.34,0.0,0.0,0.0,0.0,,
2023-08-10,05:45,19.0,17.8,93.0,NORTH,0.0,11.3,1019.37,0.0,0.0,0.0,0.0,,
2023-08-10,06:00,18.7,17.2,92.0,WNW,1.6,6.4,1019.54,0.0,0.0,0.0,0.0,,
2023-08-10,06:15,18.6,17.2,93.0,WNW,1.6,6.4,1019.57,0.0,0.0,0.0,0.0,,
2023-08-10,06:30,18.3,16.7,92.0,WNW,4.8,11.3,1019.81,0.0,0.0,0.0,0.0,,
2023-08-10,06:45,18.4,17.2,93.0,NORTH,0.0,8.0,1019.88,0.0,0.0,0.0,16.0,,
2023-08-10,07:00,18.9,17.8,93.0,NNW,4.8,12.9,1020.18,0.0,0.0,0.0,37.0,,
2023-08-10,07:15,19.2,17.8,93.0,NORTH,0.0,19.3,1020.05,0.0,0.0,0.0,37.0,,
2023-08-10,07:30,19.4,18.3,93.0,WNW,11.3,16.1,1020.15,0.0,0.0,0.0,42.0,,
2023-08-10,07:45,19.2,17.8,93.0,NW,4.8,24.1,1020.05,0.0,0.0,0.0,146.0,,
2023-08-10,08:00,19.3,17.8,93.0,NW,3.2,14.5,1020.01,0.0,0.0,0.0,241.0,,
2023-08-10,08:15,19.4,18.3,93.0,WEST,11.3,16.1,1020.08,0.0,0.0,1.0,267.0,,
2023-08-10,08:30,19.8,18.3,93.0,NW,4.8,11.3,1020.01,0.0,0.0,1.0,313.0,,
2023-08-10,08:45,19.6,18.3,93.0,WNW,11.3,17.7,1020.01,0.0,0.0,1.0,274.0,,
2023-08-10,09:00,20.6,18.3,87.0,NW,1.6,12.9,1019.98,0.0,0.0,1.0,309.0,,
2023-08-10,09:15,21.8,17.8,78.0,NW,3.2,11.3,1019.74,0.0,0.0,2.0,362.0,,
2023-08-10,09:30,22.5,17.8,76.0,WNW,3.2,11.3,1019.74,0.0,0.0,2.0,392.0,,
2023-08-10,09:45,22.8,17.2,72.0,NW,11.3,12.9,1019.51,0.0,0.0,2.0,529.0,,
2023-08-10,10:00,23.3,17.2,69.0,NNW,3.2,14.5,1019.54,0.0,0.0,3.0,531.0,,
2023-08-10,10:15,24.2,17.2,65.0,NW,4.8,9.7,1019.3,0.0,0.0,3.0,499.0,,
2023-08-10,10:30,24.6,17.8,66.0,NW,6.4,11.3,1019.54,0.0,0.0,3.0,668.0,,
2023-08-10,10:45,25.5,15.0,53.0,WNW,11.3,20.9,1019.57,0.0,0.0,4.0,721.0,,
2023-08-10,11:00,26.6,13.3,44.0,,3.2,14.5,1019.64,0.0,0.0,4.0,756.0,,
2023-08-10,11:15,27.1,13.9,44.0,NW,8.0,17.7,1019.81,0.0,0.0,5.0,788.0,,
2023-08-10,11:30,27.1,17.2,54.0,WSW,6.4,16.1,1019.91,0.0,0.0,5.0,812.0,,
2023-08-10,11:45,27.3,17.8,56.0,WNW,11.3,20.9,1019.91,0.0,0.0,5.0,833.0,,
2023-08-10,12:00,27.7,18.3,56.0,WSW,4.8,16.1,1019.81,0.0,0.0,6.0,856.0,,
2023-08-10,12:15,27.8,18.9,58.0,WEST,24.1,27.4,1020.12,0.0,0.0,6.0,874.0,,
2023-08-10,12:30,27.9,18.9,58.0,WSW,4.8,22.5,1020.08,0.0,0.0,6.0,891.0,,
2023-08-10,12:45,28.3,18.9,58.0,NNE,4.8,25.7,1020.01,0.0,0.0,6.0,902.0,,
2023-08-10,13:00,28.9,18.3,53.0,WEST,14.5,24.1,1019.84,0.0,0.0,6.0,912.0,,
2023-08-10,13:15,28.8,18.3,54.0,WEST,25.7,33.8,1019.98,0.0,0.0,6.0,912.0,,
2023-08-10,13:30,27.5,18.3,58.0,ENE,19.3,40.2,1020.05,0.0,0.0,6.0,912.0,,
2023-08-10,13:45,27.5,18.3,58.0,WEST,20.9,38.6,1020.15,0.0,0.0,6.0,904.0,,
2023-08-10,14:00,27.5,18.3,58.0,WEST,22.5,43.5,1019.81,0.0,0.0,6.0,889.0,,
2023-08-10,14:15,27.3,18.9,61.0,ESE,19.3,41.8,1020.12,0.0,0.0,6.0,879.0,,
2023-08-10,14:30,27.0,18.9,61.0,WNW,24.1,41.8,1020.25,0.0,0.0,6.0,861.0,,
2023-08-10,14:45,27.3,19.4,62.0,WNW,12.9,40.2,1020.29,0.0,0.0,5.0,838.0,,
2023-08-10,15:00,27.4,18.9,61.0,WEST,16.1,41.8,1020.29,0.0,0.0,5.0,817.0,,
2023-08-10,15:15,27.6,19.4,61.0,WNW,19.3,45.1,1020.35,0.0,0.0,5.0,793.0,,
2023-08-10,15:30,27.7,19.4,62.0,WEST,14.5,48.3,1020.18,0.0,0.0,5.0,766.0,,
2023-08-10,15:45,27.8,18.9,58.0,WEST,22.5,35.4,1020.15,0.0,0.0,4.0,744.0,,
2023-08-10,16:00,27.4,19.4,61.0,WNW,17.7,38.6,1019.91,0.0,0.0,4.0,708.0,,
2023-08-10,16:15,27.2,18.9,61.0,WNW,16.1,43.5,1020.12,0.0,0.0,4.0,675.0,,
2023-08-10,16:30,27.4,18.9,61.0,EAST,20.9,43.5,1020.01,0.0,0.0,3.0,640.0,,
2023-08-10,16:45,27.1,18.9,62.0,WNW,19.3,46.7,1020.08,0.0,0.0,3.0,601.0,,
2023-08-10,17:00,27.0,19.4,63.0,WEST,17.7,46.7,1020.18,0.0,0.0,2.0,557.0,,
2023-08-10,17:15,27.1,18.9,61.0,WEST,29.0,46.7,1020.25,0.0,0.0,2.0,517.0,,
2023-08-10,17:30,27.2,18.9,62.0,NE,9.7,38.6,1020.22,0.0,0.0,2.0,471.0,,
2023-08-10,17:45,27.0,18.9,62.0,NW,17.7,30.6,1020.12,0.0,0.0,2.0,418.0,,
2023-08-10,18:00,27.1,18.9,62.0,WEST,19.3,37.0,1020.01,0.0,0.0,1.0,362.0,,
2023-08-10,18:15,26.7,19.4,66.0,WNW,20.9,29.0,1020.08,0.0,0.0,1.0,308.0,,
2023-08-10,18:30,26.5,20.0,68.0,WEST,16.1,30.6,1020.18,0.0,0.0,1.0,257.0,,
2023-08-10,18:45,26.4,20.0,67.0,WEST,14.5,30.6,1020.05,0.0,0.0,0.0,206.0,,
2023-08-10,19:00,26.3,18.9,65.0,NNE,11.3,32.2,1020.15,0.0,0.0,0.0,155.0,,
2023-08-10,19:15,26.1,19.4,68.0,ENE,14.5,27.4,1020.15,0.0,0.0,0.0,111.0,,
2023-08-10,19:30,25.6,20.0,71.0,WEST,20.9,35.4,1020.15,0.0,0.0,0.0,72.0,,
2023-08-10,19:45,25.1,19.4,73.0,WEST,17.7,32.2,1020.25,0.0,0.0,0.0,46.0,,
2023-08-10,20:00,24.7,20.0,76.0,WEST,12.9,25.7,1020.12,0.0,0.0,0.0,26.0,,
2023-08-10,20:15,24.1,20.0,79.0,WNW,16.1,20.9,1020.08,0.0,0.0,0.0,11.0,,
2023-08-10,20:30,23.6,20.0,81.0,WNW,9.7,14.5,1020.22,0.0,0.0,0.0,0.0,,
2023-08-10,20:45,23.3,20.0,83.0,WEST,6.4,19.3,1020.22,0.0,0.0,0.0,0.0,,
2023-08-10,21:00,23.0,20.0,85.0,WEST,3.2,20.9,1020.32,0.0,0.0,0.0,0.0,,
2023-08-10,21:15,22.8,20.0,86.0,NORTH,0.0,14.5,1020.35,0.0,0.0,0.0,0.0,,
2023-08-10,21:30,22.6,20.0,87.0,WEST,16.1,16.1,1020.42,0.0,0.0,0.0,0.0,,
2023-08-10,21:45,22.3,20.0,88.0,NW,1.6,16.1,1020.59,0.0,0.0,0.0,0.0,,
2023-08-10,22:00,22.1,20.0,88.0,ESE,6.4,6.4,1020.79,0.0,0.0,0.0,0.0,,
2023-08-10,22:15,21.8,20.0,89.0,NORTH,0.0,6.4,1020.86,0.0,0.0,0.0,0.0,,
2023-08-10,22:30,21.8,20.0,89.0,NORTH,0.0,4.8,1021.0,0.0,0.0,0.0,0.0,,
2023-08-10,22:45,21.9,20.0,90.0,NORTH,0.0,3.2,1021.0,0.0,0.0,0.0,0.0,,
2023-08-10,23:00,21.9,20.0,90.0,NORTH,0.0,3.2,1020.96,0.0,0.0,0.0,0.0,,
2023-08-10,23:15,21.8,20.0,90.0,ESE,1.6,3.2,1020.86,0.0,0.0,0.0,0.0,,
2023-08-10,23:30,21.6,20.0,90.0,ESE,1.6,3.2,1020.89,0.0,0.0,0.0,0.0,,
2023-08-10,23:45,21.4,19.4,91.0,NORTH,0.0,3.2,1020.86,0.0,0.0,0.0,0.0,,
2023-08-10,OVR,,,,,,,,,,,,gustmax,48.3
2023-08-10,OVR,,,,,,,,,,,,rainrate_max,0.0
2023-08-10,OVR,,,,,,,,,,,,rain_total_mm,0.0
2023-08-10,OVR,,,,,,,,,,,,tmax,29.2
2023-08-10,OVR,,,,,,,,,,,,tmin,18.3
2023-08-10,OVR,,,,,,,,,,,,wind_dir_mean_deg,292.5
2023-08-11,00:00,21.2,19.4,91.0,NORTH,0.0,3.2,1020.96,0.0,0.0,0.0,0.0,,
2023-08-11,00:15,20.9,19.4,91.0,NORTH,0.0,1.6,1020.96,0.0,0.0,0.0,0.0,,
2023-08-11,00:30,20.9,19.4,91.0,NORTH,0.0,1.6,1021.1,0.0,0.0,0.0,0.0,,
2023-08-11,00:45,20.8,19.4,92.0,NORTH,0.0,4.8,1020.96,0.0,0.0,0.0,0.0,,
2023-08-11,01:00,20.6,18.9,92.0,ESE,1.6,3.2,1021.06,0.0,0.0,0.0,0.0,,
2023-08-11,01:15,20.4,18.9,92.0,NORTH,0.0,1.6,1020.93,0.0,0.0,0.0,0.0,,
2023-08-11,01:30,20.2,18.9,92.0,NORTH,0.0,1.6,1021.0,0.0,0.0,0.0,0.0,,
2023-08-11,01:45,19.9,18.3,92.0,ESE,1.6,3.2,1020.83,0.0,0.0,0.0,0.0,,
2023-08-11,02:00,19.8,18.3,92.0,NORTH,0.0,3.2,1020.69,0.0,0.0,0.0,0.0,,
2023-08-11,02:15,19.6,18.3,92.0,ESE,3.2,4.8,1020.83,0.0,0.0,0.0,0.0,,
2023-08-11,02:30,19.3,17.8,92.0,NORTH,0.0,0.0,1020.79,0.0,0.0,0.0,0.0,,
2023-08-11,02:45,19.5,18.3,93.0,NORTH,0.0,0.0,1020.86,0.0,0.0,0.0,0.0,,
2023-08-11,03:00,19.6,18.3,93.0,NORTH,0.0,0.0,1020.76,0.0,0.0,0.0,0.0,,
2023-08-11,03:15,19.3,17.8,93.0,ESE,1.6,3.2,1020.83,0.0,0.0,0.0,0.0,,
2023-08-11,03:30,19.1,17.8,93.0,ESE,1.6,4.8,1020.56,0.0,0.0,0.0,0.0,,
2023-08-11,03:45,19.2,17.8,93.0,NORTH,0.0,4.8,1020.45,0.0,0.0,0.0,0.0,,
2023-08-11,04:00,19.1,17.8,92.0,ESE,4.8,4.8,1020.49,0.0,0.0,0.0,0.0,,
2023-08-11,04:15,19.0,17.8,92.0,ESE,3.2,4.8,1020.39,0.0,0.0,0.0,0.0,,
2023-08-11,04:30,18.9,17.2,92.0,NORTH,0.0,4.8,1020.29,0.0,0.0,0.0,0.0,,
2023-08-11,04:45,18.8,17.2,91.0,ESE,1.6,4.8,1020.29,0.0,0.0,0.0,0.0,,
2023-08-11,05:00,19.0,17.2,91.0,ESE,1.6,3.2,1020.15,0.0,0.0,0.0,0.0,,
2023-08-11,05:15,19.1,17.2,90.0,NORTH,0.0,0.0,1020.15,0.0,0.0,0.0,0.0,,
2023-08-11,05:30,19.2,17.2,89.0,NORTH,0.0,0.0,1020.01,0.0,0.0,0.0,0.0,,
2023-08-11,05:45,19.2,17.2,88.0,NORTH,0.0,4.8,1020.01,0.0,0.0,0.0,0.0,,
2023-08-11,06:00,19.2,16.7,87.0,ESE,1.6,4.8,1020.12,0.0,0.0,0.0,0.0,,
2023-08-11,06:15,19.4,16.7,86.0,NORTH,0.0,3.2,1020.22,0.0,0.0,0.0,0.0,,
2023-08-11,06:30,19.7,16.7,84.0,ESE,1.6,6.4,1020.08,0.0,0.0,0.0,0.0,,
2023-08-11,06:45,19.8,16.7,82.0,ESE,3.2,4.8,1020.22,0.0,0.0,0.0,9.0,,
2023-08-11,07:00,19.8,16.1,81.0,ESE,1.6,4.8,1020.18,0.0,0.0,0.0,25.0,,
2023-08-11,07:15,20.1,16.1,78.0,ENE,6.4,11.3,1020.35,0.0,0.0,0.0,53.0,,
2023-08-11,07:30,21.2,16.1,74.0,EAST,4.8,11.3,1020.42,0.0,0.0,0.0,93.0,,
2023-08-11,07:45,21.2,16.1,72.0,ESE,4.8,6.4,1020.29,0.0,0.0,0.0,137.0,,
2023-08-11,08:00,21.8,16.1,71.0,EAST,1.6,6.4,1020.59,0.0,0.0,0.0,193.0,,
2023-08-11,08:15,22.7,16.7,69.0,SE,8.0,9.7,1020.66,0.0,0.0,1.0,241.0,,
2023-08-11,08:30,23.5,17.8,70.0,SE,8.0,16.1,1020.52,0.0,0.0,1.0,283.0,,
2023-08-11,08:45,23.6,18.3,72.0,SE,16.1,22.5,1020.45,0.0,0.0,1.0,255.0,,
2023-08-11,09:00,23.4,18.3,75.0,SE,16.1,22.5,1020.66,0.0,0.0,1.0,309.0,,
2023-08-11,09:15,23.8,18.9,74.0,SSE,8.0,20.9,1021.0,0.0,0.0,2.0,352.0,,
2023-08-11,09:30,25.1,18.9,69.0,SE,3.2,12.9,1021.06,0.0,0.0,2.0,380.0,,
2023-08-11,09:45,25.2,17.8,64.0,ESE,11.3,17.7,1021.1,0.0,0.0,2.0,501.0,,
2023-08-11,10:00,25.7,18.9,65.0,SE,4.8,17.7,1021.23,0.0,0.0,3.0,508.0,,
2023-08-11,10:15,25.8,18.9,66.0,SE,14.5,17.7,1021.27,0.0,0.0,3.0,494.0,,
2023-08-11,10:30,26.3,18.3,62.0,ESE,11.3,19.3,1021.33,0.0,0.0,3.0,649.0,,
2023-08-11,10:45,26.5,18.3,60.0,ESE,9.7,22.5,1021.47,0.0,0.0,4.0,694.0,,
2023-08-11,11:00,26.8,18.3,60.0,SE,12.9,20.9,1021.44,0.0,0.0,4.0,729.0,,
2023-08-11,11:15,27.4,17.2,54.0,SSE,16.1,19.3,1021.57,0.0,0.0,4.0,754.0,,
2023-08-11,11:30,27.9,17.8,54.0,SE,16.1,20.9,1021.3,0.0,0.0,5.0,784.0,,
2023-08-11,11:45,28.4,17.8,52.0,SE,8.0,20.9,1021.13,0.0,0.0,5.0,763.0,,
2023-08-11,12:00,28.8,17.2,49.0,SE,8.0,27.4,1021.1,0.0,0.0,5.0,840.0,,
2023-08-11,12:15,29.1,17.2,49.0,SSE,11.3,20.9,1021.0,0.0,0.0,5.0,847.0,,
2023-08-11,12:30,29.3,17.8,50.0,SSE,9.7,17.7,1021.06,0.0,0.0,5.0,768.0,,
2023-08-11,12:45,29.6,17.2,48.0,ESE,6.4,16.1,1021.06,0.0,0.0,5.0,819.0,,
2023-08-11,13:00,29.8,16.7,46.0,SE,1.6,19.3,1021.1,0.0,0.0,6.0,916.0,,
2023-08-11,13:15,30.2,17.2,47.0,SE,24.1,20.9,1021.0,0.0,0.0,6.0,584.0,,
2023-08-11,13:30,30.3,16.7,44.0,ESE,17.7,25.7,1021.03,0.0,0.0,6.0,900.0,,
2023-08-11,13:45,30.5,16.1,42.0,SE,6.4,24.1,1021.1,0.0,0.0,6.0,882.0,,
2023-08-11,14:00,30.7,15.6,41.0,EAST,4.8,25.7,1021.23,0.0,0.0,6.0,879.0,,
2023-08-11,14:15,30.5,15.0,39.0,ESE,11.3,30.6,1021.03,0.0,0.0,6.0,868.0,,
2023-08-11,14:30,31.1,15.6,39.0,SE,8.0,22.5,1021.06,0.0,0.0,6.0,846.0,,
2023-08-11,14:45,30.9,15.6,40.0,SSE,17.7,25.7,1020.89,0.0,0.0,5.0,833.0,,
2023-08-11,15:00,31.5,15.6,39.0,NORTH,0.0,22.5,1020.83,0.0,0.0,5.0,812.0,,
2023-08-11,15:15,31.3,16.1,40.0,SSE,16.1,25.7,1020.79,0.0,0.0,5.0,789.0,,
2023-08-11,15:30,31.2,16.7,41.0,SOUTH,3.2,22.5,1020.93,0.0,0.0,4.0,761.0,,
2023-08-11,15:45,30.9,16.7,42.0,SSE,12.9,25.7,1020.86,0.0,0.0,4.0,728.0,,
2023-08-11,16:00,30.4,19.4,52.0,SSW,3.2,25.7,1020.79,0.0,0.0,4.0,696.0,,
2023-08-11,16:15,30.2,18.9,52.0,NNW,12.9,29.0,1020.93,0.0,0.0,3.0,668.0,,
2023-08-11,16:30,29.7,18.9,53.0,ENE,14.5,29.0,1021.06,0.0,0.0,3.0,628.0,,
2023-08-11,16:45,29.2,19.4,56.0,WEST,19.3,29.0,1021.0,0.0,0.0,3.0,587.0,,
2023-08-11,17:00,29.2,18.9,54.0,WEST,17.7,29.0,1020.79,0.0,0.0,2.0,547.0,,
2023-08-11,17:15,29.0,18.9,54.0,NE,14.5,25.7,1020.79,0.0,0.0,2.0,503.0,,
2023-08-11,17:30,28.4,17.8,54.0,WNW,14.5,27.4,1020.86,0.0,0.0,2.0,454.0,,
2023-08-11,17:45,28.3,17.8,53.0,WNW,14.5,25.7,1020.93,0.0,0.0,2.0,406.0,,
2023-08-11,18:00,28.3,18.3,55.0,WNW,9.7,25.7,1021.06,0.0,0.0,1.0,359.0,,
2023-08-11,18:15,28.2,18.3,56.0,WEST,4.8,24.1,1021.1,0.0,0.0,1.0,306.0,,
2023-08-11,18:30,27.6,17.8,56.0,NNE,4.8,27.4,1020.89,0.0,0.0,1.0,257.0,,
2023-08-11,18:45,27.4,17.8,57.0,WEST,12.9,20.9,1021.2,0.0,0.0,0.0,206.0,,
2023-08-11,19:00,27.1,18.3,59.0,WEST,16.1,25.7,1021.06,0.0,0.0,0.0,155.0,,
2023-08-11,19:15,26.8,18.3,60.0,WEST,9.7,20.9,1021.06,0.0,0.0,0.0,109.0,,
2023-08-11,19:30,26.6,18.3,60.0,NNE,6.4,16.1,1021.06,0.0,0.0,0.0,70.0,,
2023-08-11,19:45,26.3,18.3,61.0,SW,4.8,14.5,1021.13,0.0,0.0,0.0,42.0,,
2023-08-11,20:00,26.1,18.3,62.0,WSW,3.2,9.7,1021.2,0.0,0.0,0.0,23.0,,
2023-08-11,20:15,25.7,17.8,62.0,SW,1.6,11.3,1021.37,0.0,0.0,0.0,11.0,,
2023-08-11,20:30,25.4,17.8,62.0,NORTH,0.0,4.8,1021.4,0.0,0.0,0.0,0.0,,
2023-08-11,20:45,25.1,17.2,62.0,SOUTH,4.8,4.8,1021.57,0.0,0.0,0.0,0.0,,
2023-08-11,21:00,24.6,17.2,64.0,SOUTH,1.6,3.2,1021.84,0.0,0.0,0.0,0.0,,
2023-08-11,21:15,23.9,17.2,67.0,SSE,11.3,9.7,1021.98,0.0,0.0,0.0,0.0,,
2023-08-11,21:30,23.7,17.2,68.0,SE,4.8,14.5,1022.11,0.0,0.0,0.0,0.0,,
2023-08-11,21:45,23.5,17.2,69.0,SE,14.5,17.7,1022.18,0.0,0.0,0.0,0.0,,
2023-08-11,22:00,23.2,17.2,69.0,SE,11.3,16.1,1022.08,0.0,0.0,0.0,0.0,,
2023-08-11,22:15,22.8,16.1,68.0,SE,12.9,17.7,1021.94,0.0,0.0,0.0,0.0,,
2023-08-11,22:30,23.1,17.2,71.0,SE,12.9,19.3,1022.01,0.0,0.0,0.0,0.0,,
2023-08-11,22:45,23.1,17.8,73.0,SE,11.3,17.7,1022.11,0.0,0.0,0.0,0.0,,
2023-08-11,23:00,22.9,17.8,73.0,SE,8.0,14.5,1022.18,0.0,0.0,0.0,0.0,,
2023-08-11,23:15,22.7,17.2,73.0,SE,6.4,12.9,1022.18,0.0,0.0,0.0,0.0,,
2023-08-11,23:30,22.7,17.8,74.0,NORTH,0.0,8.0,1022.05,0.0,0.0,0.0,0.0,,
2023-08-11,23:45,22.5,17.8,74.0,NORTH,0.0,0.0,1022.35,0.0,0.0,0.0,0.0,,
2023-08-11,OVR,,,,,,,,,,,,gustmax,30.6
2023-08-11,OVR,,,,,,,,,,,,rainrate_max,0.0
2023-08-11,OVR,,,,,,,,,,,,rain_total_mm,0.0
2023-08-11,OVR,,,,,,,,,,,,tmax,31.6
2023-08-11,OVR,,,,,,,,,,,,tmin,18.8
2023-08-11,OVR,,,,,,,,,,,,wind_dir_mean_deg,135.0
2023-08-12,00:00,22.2,17.2,74.0,NORTH,0.0,0.0,1022.49,0.0,0.0,0.0,0.0,,
2023-08-12,00:15,21.9,16.7,74.0,NORTH,0.0,4.8,1022.45,0.0,0.0,0.0,0.0,,
2023-08-12,00:30,21.7,17.2,76.0,SE,1.6,3.2,1022.28,0.0,0.0,0.0,0.0,,
2023-08-12,00:45,21.7,17.2,77.0,SE,3.2,3.2,1022.25,0.0,0.0,0.0,0.0,,
2023-08-12,01:00,21.7,17.8,78.0,SE,4.8,6.4,1022.18,0.0,0.0,0.0,0.0,,
2023-08-12,01:15,21.8,17.8,78.0,NORTH,0.0,6.4,1022.11,0.0,0.0,0.0,0.0,,
2023-08-12,01:30,21.7,17.8,79.0,NORTH,0.0,3.2,1022.01,0.0,0.0,0.0,0.0,,
2023-08-12,01:45,21.5,17.8,80.0,SE,1.6,4.8,1021.74,0.0,0.0,0.0,0.0,,
2023-08-12,02:00,21.4,17.8,81.0,SE,3.2,3.2,1021.57,0.0,0.0,0.0,0.0,,
2023-08-12,02:15,21.3,17.8,80.0,SE,1.6,6.4,1021.67,0.0,0.0,0.0,0.0,,
2023-08-12,02:30,21.1,17.2,80.0,SE,3.2,4.8,1021.3,0.0,0.0,0.0,0.0,,
2023-08-12,02:45,21.1,17.2,80.0,SE,1.6,4.8,1021.47,0.0,0.0,0.0,0.0,,
2023-08-12,03:00,21.1,17.2,81.0,SE,1.6,4.8,1021.44,0.0,0.0,0.0,0.0,,
2023-08-12,03:15,21.0,17.8,82.0,SE,3.2,4.8,1021.54,0.0,0.0,0.0,0.0,,
2023-08-12,03:30,20.7,17.2,82.0,ESE,1.6,4.8,1021.44,0.0,0.0,0.0,0.0,,
2023-08-12,03:45,20.8,17.2,81.0,ESE,1.6,4.8,1021.33,0.0,0.0,0.0,0.0,,
2023-08-12,04:00,20.7,17.2,80.0,ESE,1.6,3.2,1021.13,0.0,0.0,0.0,0.0,,
2023-08-12,04:15,20.4,16.7,80.0,ESE,3.2,4.8,1021.0,0.0,0.0,0.0,0.0,,
2023-08-12,04:30,20.4,16.7,79.0,ESE,3.2,6.4,1021.1,0.0,0.0,0.0,0.0,,
2023-08-12,04:45,20.3,16.1,78.0,NORTH,0.0,4.8,1021.2,0.0,0.0,0.0,0.0,,
2023-08-12,05:00,20.4,16.7,79.0,ESE,1.6,4.8,1021.13,0.0,0.0,0.0,0.0,,
2023-08-12,05:15,20.6,16.7,78.0,ESE,1.6,4.8,1021.23,0.0,0.0,0.0,0.0,,
2023-08-12,05:30,20.7,16.1,76.0,NORTH,0.0,4.8,1021.1,0.0,0.0,0.0,0.0,,
2023-08-12,05:45,20.7,15.6,74.0,NORTH,0.0,3.2,1021.06,0.0,0.0,0.0,0.0,,
2023-08-12,06:00,20.8,15.6,72.0,ESE,1.6,4.8,1021.33,0.0,0.0,0.0,0.0,,
2023-08-12,06:15,20.8,15.6,72.0,ESE,3.2,4.8,1021.2,0.0,0.0,0.0,0.0,,
2023-08-12,06:30,20.8,15.6,72.0,EAST,3.2,9.7,1021.33,0.0,0.0,0.0,0.0,,
2023-08-12,06:45,20.3,15.0,72.0,EAST,1.6,4.8,1021.27,0.0,0.0,0.0,9.0,,
2023-08-12,07:00,20.3,14.4,71.0,EAST,3.2,6.4,1021.27,0.0,0.0,0.0,19.0,,
2023-08-12,07:15,20.7,15.0,70.0,NORTH,0.0,6.4,1021.37,0.0,0.0,0.0,56.0,,
2023-08-12,07:30,21.3,15.0,69.0,EAST,1.6,6.4,1021.23,0.0,0.0,0.0,88.0,,
2023-08-12,07:45,21.8,15.6,68.0,EAST,1.6,3.2,1021.3,0.0,0.0,0.0,141.0,,
2023-08-12,08:00,22.7,16.1,68.0,NORTH,0.0,3.2,1021.37,0.0,0.0,0.0,200.0,,
2023-08-12,08:15,23.3,16.1,66.0,EAST,1.6,4.8,1021.47,0.0,0.0,1.0,248.0,,
2023-08-12,08:30,23.7,16.1,64.0,NORTH,0.0,6.4,1021.54,0.0,0.0,1.0,292.0,,
2023-08-12,08:45,24.3,15.6,60.0,EAST,3.2,6.4,1021.54,0.0,0.0,1.0,243.0,,
2023-08-12,09:00,24.8,15.0,55.0,ENE,6.4,11.3,1021.44,0.0,0.0,1.0,318.0,,
2023-08-12,09:15,25.5,14.4,51.0,ENE,1.6,9.7,1021.44,0.0,0.0,2.0,357.0,,
2023-08-12,09:30,26.1,13.9,48.0,ESE,1.6,9.7,1021.47,0.0,0.0,2.0,366.0,,
2023-08-12,09:45,26.4,13.3,45.0,ESE,3.2,14.5,1021.3,0.0,0.0,2.0,522.0,,
2023-08-12,10:00,27.0,11.7,39.0,ESE,9.7,14.5,1021.47,0.0,0.0,3.0,492.0,,
2023-08-12,10:15,27.5,11.7,38.0,ENE,8.0,14.5,1021.5,0.0,0.0,3.0,520.0,,
2023-08-12,10:30,27.9,10.6,34.0,EAST,9.7,14.5,1021.54,0.0,0.0,3.0,666.0,,
2023-08-12,10:45,28.6,10.0,31.0,SE,3.2,14.5,1021.5,0.0,0.0,4.0,712.0,,
2023-08-12,11:00,29.0,10.0,31.0,SE,6.4,12.9,1021.61,0.0,0.0,4.0,747.0,,
2023-08-12,11:15,28.9,10.0,31.0,SE,3.2,17.7,1021.44,0.0,0.0,5.0,775.0,,
2023-08-12,11:30,29.3,12.2,35.0,SE,11.3,19.3,1021.5,0.0,0.0,5.0,805.0,,
2023-08-12,11:45,29.7,11.7,34.0,ESE,14.5,20.9,1021.54,0.0,0.0,5.0,831.0,,
2023-08-12,12:00,29.7,13.3,36.0,SSE,12.9,19.3,1021.37,0.0,0.0,5.0,849.0,,
2023-08-12,12:15,29.7,12.8,35.0,SSE,12.9,25.7,1021.37,0.0,0.0,6.0,867.0,,
2023-08-12,12:30,30.2,12.8,35.0,SE,11.3,24.1,1021.33,0.0,0.0,6.0,882.0,,
2023-08-12,12:45,30.4,12.2,33.0,SE,11.3,20.9,1021.37,0.0,0.0,6.0,891.0,,
2023-08-12,13:00,30.4,12.8,34.0,ESE,16.1,22.5,1021.3,0.0,0.0,6.0,904.0,,
2023-08-12,13:15,31.1,11.7,31.0,SSE,12.9,19.3,1021.06,0.0,0.0,6.0,898.0,,
2023-08-12,13:30,31.3,10.6,28.0,SE,11.3,24.1,1021.0,0.0,0.0,6.0,905.0,,
2023-08-12,13:45,31.6,11.7,29.0,SE,11.3,20.9,1020.76,0.0,0.0,6.0,900.0,,
2023-08-12,14:00,31.8,12.2,30.0,SE,14.5,20.9,1020.66,0.0,0.0,6.0,898.0,,
2023-08-12,14:15,31.6,12.2,30.0,SSE,4.8,19.3,1020.62,0.0,0.0,6.0,886.0,,
2023-08-12,14:30,32.2,12.2,29.0,WNW,8.0,17.7,1020.62,0.0,0.0,6.0,877.0,,
2023-08-12,14:45,31.9,16.7,40.0,WEST,16.1,20.9,1020.56,0.0,0.0,6.0,847.0,,
2023-08-12,15:00,31.2,17.2,43.0,NW,14.5,35.4,1020.45,0.0,0.0,5.0,833.0,,
2023-08-12,15:15,30.9,17.2,44.0,WEST,11.3,32.2,1020.73,0.0,0.0,5.0,805.0,,
2023-08-12,15:30,30.3,17.2,46.0,NE,17.7,35.4,1020.83,0.0,0.0,5.0,779.0,,
2023-08-12,15:45,30.1,16.7,45.0,WEST,17.7,33.8,1020.35,0.0,0.0,4.0,749.0,,
2023-08-12,16:00,29.8,17.2,48.0,WEST,16.1,35.4,1020.39,0.0,0.0,4.0,722.0,,
2023-08-12,16:15,28.8,17.2,50.0,WEST,17.7,40.2,1020.45,0.0,0.0,4.0,686.0,,
2023-08-12,16:30,29.1,17.8,50.0,WNW,17.7,35.4,1020.45,0.0,0.0,3.0,647.0,,
2023-08-12,16:45,28.3,17.8,53.0,WEST,25.7,40.2,1020.52,0.0,0.0,3.0,608.0,,
2023-08-12,17:00,28.4,17.2,52.0,WNW,16.1,40.2,1020.42,0.0,0.0,3.0,566.0,,
2023-08-12,17:15,28.0,17.2,53.0,WEST,22.5,48.3,1020.32,0.0,0.0,2.0,520.0,,
2023-08-12,17:30,27.7,17.8,55.0,WEST,17.7,40.2,1020.29,0.0,0.0,2.0,475.0,,
2023-08-12,17:45,27.4,17.8,56.0,WEST,37.0,40.2,1020.32,0.0,0.0,2.0,417.0,,
2023-08-12,18:00,27.2,17.8,57.0,EAST,19.3,33.8,1020.29,0.0,0.0,1.0,362.0,,
2023-08-12,18:15,26.9,17.2,56.0,WEST,24.1,41.8,1020.32,0.0,0.0,1.0,311.0,,
2023-08-12,18:30,26.7,18.3,60.0,WEST,17.7,32.2,1020.25,0.0,0.0,1.0,260.0,,
2023-08-12,18:45,26.2,18.9,64.0,WNW,17.7,29.0,1020.25,0.0,0.0,1.0,209.0,,
2023-08-12,19:00,26.0,18.9,65.0,WEST,17.7,27.4,1020.22,0.0,0.0,0.0,158.0,,
2023-08-12,19:15,25.9,18.9,65.0,WNW,14.5,27.4,1020.25,0.0,0.0,0.0,109.0,,
2023-08-12,19:30,25.9,18.9,65.0,WNW,8.0,20.9,1020.35,0.0,0.0,0.0,65.0,,
2023-08-12,19:45,25.6,18.3,65.0,WEST,17.7,22.5,1020.39,0.0,0.0,0.0,35.0,,
2023-08-12,20:00,25.2,18.3,66.0,WNW,11.3,20.9,1020.45,0.0,0.0,0.0,19.0,,
2023-08-12,20:15,24.8,18.3,68.0,WEST,3.2,17.7,1020.52,0.0,0.0,0.0,9.0,,
2023-08-12,20:30,24.4,18.3,70.0,WSW,1.6,14.5,1020.42,0.0,0.0,0.0,0.0,,
2023-08-12,20:45,24.1,18.3,72.0,WEST,6.4,11.3,1020.66,0.0,0.0,0.0,0.0,,
2023-08-12,21:00,23.7,18.9,74.0,WEST,6.4,16.1,1020.62,0.0,0.0,0.0,0.0,,
2023-08-12,21:15,23.3,18.3,74.0,WSW,1.6,16.1,1020.86,0.0,0.0,0.0,0.0,,
2023-08-12,21:30,23.2,18.3,74.0,NORTH,0.0,4.8,1020.86,0.0,0.0,0.0,0.0,,
2023-08-12,21:45,22.9,17.8,73.0,NORTH,0.0,3.2,1021.0,0.0,0.0,0.0,0.0,,
2023-08-12,22:00,22.7,17.2,73.0,SSW,1.6,1.6,1021.3,0.0,0.0,0.0,0.0,,
2023-08-12,22:15,22.4,17.2,74.0,SSW,3.2,4.8,1021.37,0.0,0.0,0.0,0.0,,
2023-08-12,22:30,22.3,17.2,73.0,NORTH,0.0,3.2,1021.13,0.0,0.0,0.0,0.0,,
2023-08-12,22:45,22.2,16.7,73.0,NORTH,0.0,4.8,1021.37,0.0,0.0,0.0,0.0,,
2023-08-12,23:00,21.9,16.1,71.0,NORTH,0.0,3.2,1021.5,0.0,0.0,0.0,0.0,,
2023-08-12,23:15,21.8,16.1,70.0,SSW,3.2,3.2,1021.54,0.0,0.0,0.0,0.0,,
2023-08-12,23:30,21.9,16.1,69.0,SSW,1.6,4.8,1021.5,0.0,0.0,0.0,0.0,,
2023-08-12,23:45,21.8,15.0,66.0,SOUTH,1.6,4.8,1021.44,0.0,0.0,0.0,0.0,,
2023-08-12,OVR,,,,,,,,,,,,gustmax,48.3
2023-08-12,OVR,,,,,,,,,,,,rainrate_max,0.0
2023-08-12,OVR,,,,,,,,,,,,rain_total_mm,0.0
2023-08-12,OVR,,,,,,,,,,,,tmax,32.4
2023-08-12,OVR,,,,,,,,,,,,tmin,20.2
2023-08-12,OVR,,,,,,,,,,,,wind_dir_mean_deg,135.0
2023-08-13,00:00,21.7,14.4,64.0,SOUTH,4.8,4.8,1021.27,0.0,0.0,0.0,0.0,,
2023-08-13,00:15,21.4,14.4,65.0,SOUTH,3.2,4.8,1021.23,0.0,0.0,0.0,0.0,,
2023-08-13,00:30,21.4,15.6,69.0,NORTH,0.0,4.8,1021.2,0.0,0.0,0.0,0.0,,
2023-08-13,00:45,22.0,17.2,75.0,NORTH,0.0,0.0,1021.06,0.0,0.0,0.0,0.0,,
2023-08-13,01:00,21.7,17.2,76.0,SOUTH,1.6,4.8,1020.86,0.0,0.0,0.0,0.0,,
2023-08-13,01:15,21.6,17.2,77.0,NORTH,0.0,3.2,1020.83,0.0,0.0,0.0,0.0,,
2023-08-13,01:30,21.3,17.2,79.0,NORTH,0.0,1.6,1020.96,0.0,0.0,0.0,0.0,,
2023-08-13,01:45,20.9,17.2,80.0,SOUTH,1.6,4.8,1020.83,0.0,0.0,0.0,0.0,,
2023-08-13,02:00,20.9,17.2,80.0,SOUTH,3.2,4.8,1020.83,0.0,0.0,0.0,0.0,,
2023-08-13,02:15,21.0,17.2,80.0,NORTH,0.0,3.2,1020.76,0.0,0.0,0.0,0.0,,
2023-08-13,02:30,21.1,17.2,80.0,SOUTH,1.6,3.2,1020.56,0.0,0.0,0.0,0.0,,
2023-08-13,02:45,21.1,17.2,79.0,NORTH,0.0,0.0,1020.39,0.0,0.0,0.0,0.0,,
2023-08-13,03:00,20.8,16.7,79.0,NORTH,0.0,0.0,1020.42,0.0,0.0,0.0,0.0,,
2023-08-13,03:15,20.6,16.7,79.0,SOUTH,1.6,3.2,1020.29,0.0,0.0,0.0,0.0,,
2023-08-13,03:30,20.4,16.7,79.0,SOUTH,4.8,4.8,1020.12,0.0,0.0,0.0,0.0,,
2023-08-13,03:45,20.3,16.7,80.0,SOUTH,3.2,4.8,1020.01,0.0,0.0,0.0,0.0,,
2023-08-13,04:00,20.2,16.7,80.0,SOUTH,3.2,4.8,1019.98,0.0,0.0,0.0,0.0,,
2023-08-13,04:15,20.4,16.7,79.0,SSE,3.2,6.4,1019.88,0.0,0.0,0.0,0.0,,
2023-08-13,04:30,20.8,16.7,78.0,ESE,4.8,6.4,1019.71,0.0,0.0,0.0,0.0,,
2023-08-13,04:45,20.9,16.7,78.0,ESE,3.2,6.4,1019.88,0.0,0.0,0.0,0.0,,
2023-08-13,05:00,20.9,16.7,78.0,ESE,3.2,4.8,1019.74,0.0,0.0,0.0,0.0,,
2023-08-13,05:15,20.7,16.7,78.0,ESE,1.6,4.8,1019.64,0.0,0.0,0.0,0.0,,
2023-08-13,05:30,20.6,16.7,79.0,ESE,3.2,6.4,1019.68,0.0,0.0,0.0,0.0,,
2023-08-13,05:45,20.7,16.7,79.0,ESE,3.2,4.8,1019.61,0.0,0.0,0.0,0.0,,
2023-08-13,06:00,20.7,16.7,79.0,ESE,1.6,4.8,1019.74,0.0,0.0,0.0,0.0,,
2023-08-13,06:15,20.9,16.7,79.0,ESE,3.2,4.8,1019.68,0.0,0.0,0.0,0.0,,
2023-08-13,06:30,20.8,16.7,78.0,ESE,3.2,6.4,1019.74,0.0,0.0,0.0,0.0,,
2023-08-13,06:45,20.8,16.7,78.0,ESE,1.6,4.8,1020.01,0.0,0.0,0.0,9.0,,
2023-08-13,07:00,20.8,16.7,77.0,ESE,1.6,4.8,1020.05,0.0,0.0,0.0,16.0,,
2023-08-13,07:15,21.0,16.7,76.0,NORTH,0.0,4.8,1020.18,0.0,0.0,0.0,62.0,,
2023-08-13,07:30,21.8,16.7,75.0,NORTH,0.0,0.0,1020.08,0.0,0.0,0.0,90.0,,
2023-08-13,07:45,23.1,16.7,69.0,ESE,3.2,6.4,1020.08,0.0,0.0,0.0,153.0,,
2023-08-13,08:00,23.9,17.2,66.0,EAST,4.8,9.7,1020.18,0.0,0.0,0.0,213.0,,
2023-08-13,08:15,24.8,17.2,64.0,EAST,1.6,4.8,1020.18,0.0,0.0,1.0,260.0,,
2023-08-13,08:30,25.6,17.2,60.0,ENE,6.4,6.4,1020.05,0.0,0.0,1.0,299.0,,
2023-08-13,08:45,26.3,16.1,53.0,EAST,3.2,11.3,1020.29,0.0,0.0,1.0,241.0,,
2023-08-13,09:00,26.7,15.6,50.0,ESE,4.8,6.4,1020.12,0.0,0.0,1.0,327.0,,
2023-08-13,09:15,27.3,15.0,47.0,EAST,4.8,9.7,1020.15,0.0,0.0,2.0,359.0,,
2023-08-13,09:30,27.9,16.1,49.0,EAST,4.8,9.7,1020.29,0.0,0.0,2.0,352.0,,
2023-08-13,09:45,28.1,17.2,53.0,EAST,1.6,6.4,1020.18,0.0,0.0,2.0,526.0,,
2023-08-13,10:00,28.4,17.2,50.0,SSE,6.4,11.3,1020.15,0.0,0.0,3.0,501.0,,
2023-08-13,10:15,28.3,17.2,52.0,SW,1.6,12.9,1020.32,0.0,0.0,3.0,515.0,,
2023-08-13,10:30,28.9,17.2,49.0,SSW,1.6,11.3,1020.35,0.0,0.0,3.0,671.0,,
2023-08-13,10:45,28.7,16.7,49.0,NORTH,0.0,14.5,1020.22,0.0,0.0,4.0,714.0,,
2023-08-13,11:00,29.1,16.7,48.0,SSE,3.2,14.5,1020.29,0.0,0.0,4.0,749.0,,
2023-08-13,11:15,29.4,16.7,47.0,SSE,6.4,16.1,1020.29,0.0,0.0,4.0,780.0,,
2023-08-13,11:30,29.8,16.1,44.0,SE,4.8,19.3,1020.29,0.0,0.0,5.0,809.0,,
2023-08-13,11:45,30.4,16.1,42.0,SSW,3.2,12.9,1020.18,0.0,0.0,5.0,831.0,,
2023-08-13,12:00,30.8,15.0,39.0,SE,8.0,19.3,1020.12,0.0,0.0,5.0,856.0,,
2023-08-13,12:15,31.1,14.4,37.0,SE,8.0,24.1,1020.08,0.0,0.0,6.0,874.0,,
2023-08-13,12:30,31.5,13.3,34.0,SE,14.5,19.3,1019.88,0.0,0.0,6.0,888.0,,
2023-08-13,12:45,31.7,13.9,34.0,SE,11.3,20.9,1019.74,0.0,0.0,6.0,902.0,,
2023-08-13,13:00,31.9,13.3,32.0,SE,6.4,20.9,1019.61,0.0,0.0,6.0,912.0,,
2023-08-13,13:15,32.2,12.8,31.0,SSE,3.2,19.3,1019.37,0.0,0.0,6.0,911.0,,
2023-08-13,13:30,32.9,13.3,31.0,SSE,14.5,22.5,1019.4,0.0,0.0,6.0,916.0,,
2023-08-13,13:45,33.0,12.2,29.0,SOUTH,1.6,24.1,1019.34,0.0,0.0,6.0,905.0,,
2023-08-13,14:00,33.0,12.2,28.0,SSE,12.9,24.1,1019.24,0.0,0.0,6.0,900.0,,
2023-08-13,14:15,33.5,12.8,29.0,SW,4.8,20.9,1018.96,0.0,0.0,6.0,888.0,,
2023-08-13,14:30,33.2,17.2,39.0,NW,11.3,19.3,1018.96,0.0,0.0,6.0,870.0,,
2023-08-13,14:45,32.5,18.3,43.0,WNW,29.0,35.4,1018.63,0.0,0.0,6.0,846.0,,
2023-08-13,15:00,32.7,18.3,42.0,WNW,17.7,48.3,1018.66,0.0,0.0,5.0,824.0,,
2023-08-13,15:15,31.5,18.9,48.0,WNW,25.7,38.6,1019.0,0.0,0.0,5.0,802.0,,
2023-08-13,15:30,30.4,18.3,50.0,WNW,12.9,41.8,1018.9,0.0,0.0,5.0,775.0,,
2023-08-13,15:45,30.2,18.9,51.0,NW,22.5,40.2,1019.03,0.0,0.0,4.0,747.0,,
2023-08-13,16:00,29.8,18.9,52.0,WNW,24.1,48.3,1018.93,0.0,0.0,4.0,714.0,,
2023-08-13,16:15,29.8,18.9,53.0,WNW,17.7,37.0,1018.93,0.0,0.0,4.0,687.0,,
2023-08-13,16:30,29.7,19.4,54.0,NW,32.2,38.6,1018.96,0.0,0.0,3.0,649.0,,
2023-08-13,16:45,29.6,20.0,57.0,WEST,16.1,33.8,1018.93,0.0,0.0,3.0,594.0,,
2023-08-13,17:00,29.5,20.0,57.0,WNW,29.0,32.2,1018.86,0.0,0.0,2.0,577.0,,
2023-08-13,17:15,29.2,19.4,57.0,WNW,16.1,37.0,1018.86,0.0,0.0,2.0,510.0,,
2023-08-13,17:30,28.8,20.0,58.0,WEST,22.5,35.4,1019.13,0.0,0.0,2.0,450.0,,
2023-08-13,17:45,28.3,20.0,61.0,WNW,17.7,41.8,1018.8,0.0,0.0,1.0,406.0,,
2023-08-13,18:00,28.0,19.4,61.0,WEST,12.9,33.8,1018.9,0.0,0.0,1.0,355.0,,
2023-08-13,18:15,27.2,19.4,63.0,WNW,25.7,37.0,1018.93,0.0,0.0,1.0,304.0,,
2023-08-13,18:30,27.1,18.9,62.0,WNW,14.5,33.8,1018.9,0.0,0.0,1.0,258.0,,
2023-08-13,18:45,27.2,18.3,59.0,WNW,14.5,40.2,1019.03,0.0,0.0,0.0,202.0,,
2023-08-13,19:00,27.3,18.3,58.0,WNW,16.1,38.6,1019.0,0.0,0.0,0.0,155.0,,
2023-08-13,19:15,27.6,18.3,57.0,NW,14.5,22.5,1019.0,0.0,0.0,0.0,109.0,,
2023-08-13,19:30,27.6,18.9,60.0,WNW,11.3,24.1,1018.96,0.0,0.0,0.0,67.0,,
2023-08-13,19:45,27.2,19.4,63.0,WEST,4.8,17.7,1019.0,0.0,0.0,0.0,47.0,,
2023-08-13,20:00,26.8,19.4,64.0,WEST,6.4,16.1,1018.96,0.0,0.0,0.0,35.0,,
2023-08-13,20:15,26.7,18.9,64.0,WEST,3.2,11.3,1019.13,0.0,0.0,0.0,14.0,,
2023-08-13,20:30,26.4,18.9,63.0,WEST,4.8,6.4,1019.27,0.0,0.0,0.0,0.0,,
2023-08-13,20:45,26.0,18.3,64.0,NORTH,0.0,4.8,1019.27,0.0,0.0,0.0,0.0,,
2023-08-13,21:00,25.6,18.3,66.0,SSW,1.6,4.8,1019.37,0.0,0.0,0.0,0.0,,
2023-08-13,21:15,25.3,18.3,66.0,SSW,1.6,1.6,1019.47,0.0,0.0,0.0,0.0,,
2023-08-13,21:30,24.8,18.3,68.0,NORTH,0.0,4.8,1019.44,0.0,0.0,0.0,0.0,,
2023-08-13,21:45,24.4,18.3,69.0,SSW,3.2,6.4,1019.54,0.0,0.0,0.0,0.0,,
2023-08-13,22:00,24.2,17.8,69.0,SSW,1.6,3.2,1019.64,0.0,0.0,0.0,0.0,,
2023-08-13,22:15,23.9,17.2,68.0,SSW,1.6,3.2,1019.74,0.0,0.0,0.0,0.0,,
2023-08-13,22:30,23.8,17.2,67.0,SSW,1.6,3.2,1019.64,0.0,0.0,0.0,0.0,,
2023-08-13,22:45,23.9,17.2,67.0,SSW,1.6,3.2,1019.57,0.0,0.0,0.0,0.0,,
2023-08-13,23:00,23.8,17.2,68.0,SSW,1.6,3.2,1019.61,0.0,0.0,0.0,0.0,,
2023-08-13,23:15,23.8,17.8,69.0,SSW,3.2,4.8,1019.37,0.0,0.0,0.0,0.0,,
2023-08-13,23:30,23.8,17.8,68.0,SSW,1.6,6.4,1019.47,0.0,0.0,0.0,0.0,,
2023-08-13,23:45,23.6,17.2,68.0,SSW,3.2,6.4,1019.3,0.0,0.0,0.0,0.0,,
2023-08-13,OVR,,,,,,,,,,,,gustmax,48.3
2023-08-13,OVR,,,,,,,,,,,,rainrate_max,0.0
2023-08-13,OVR,,,,,,,,,,,,rain_total_mm,0.0
2023-08-13,OVR,,,,,,,,,,,,tmax,33.7
2023-08-13,OVR,,,,,,,,,,,,tmin,20.2
2023-08-13,OVR,,,,,,,,,,,,wind_dir_mean_deg,292.5
2023-08-14,00:00,23.4,17.2,69.0,SSW,6.4,8.0,1019.37,0.0,0.0,0.0,0.0,,
2023-08-14,00:15,23.2,17.2,69.0,SSW,3.2,6.4,1019.3,0.0,0.0,0.0,0.0,,
2023-08-14,00:30,23.1,16.7,69.0,SSW,3.2,4.8,1019.27,0.0,0.0,0.0,0.0,,
2023-08-14,00:45,22.8,16.7,69.0,SSW,4.8,6.4,1019.17,0.0,0.0,0.0,0.0,,
2023-08-14,01:00,22.7,16.7,69.0,SSW,4.8,4.8,1019.3,0.0,0.0,0.0,0.0,,
2023-08-14,01:15,22.7,17.2,71.0,SOUTH,3.2,4.8,1019.17,0.0,0.0,0.0,0.0,,
2023-08-14,01:30,22.7,16.7,71.0,SE,3.2,6.4,1019.03,0.0,0.0,0.0,0.0,,
2023-08-14,01:45,22.6,17.2,73.0,ESE,3.2,6.4,1019.07,0.0,0.0,0.0,0.0,,
2023-08-14,02:00,22.6,17.2,73.0,ESE,1.6,4.8,1018.9,0.0,0.0,0.0,0.0,,
2023-08-14,02:15,22.6,17.2,72.0,EAST,3.2,6.4,1018.9,0.0,0.0,0.0,0.0,,
2023-08-14,02:30,22.4,16.7,71.0,EAST,1.6,6.4,1018.9,0.0,0.0,0.0,0.0,,
2023-08-14,02:45,22.4,16.7,71.0,NORTH,0.0,4.8,1018.76,0.0,0.0,0.0,0.0,,
2023-08-14,03:00,22.7,16.7,70.0,EAST,1.6,4.8,1018.73,0.0,0.0,0.0,0.0,,
2023-08-14,03:15,22.7,16.7,70.0,EAST,1.6,4.8,1018.76,0.0,0.0,0.0,0.0,,
2023-08-14,03:30,22.6,16.7,71.0,EAST,3.2,4.8,1018.39,0.0,0.0,0.0,0.0,,
2023-08-14,03:45,22.6,16.7,71.0,ESE,3.2,6.4,1018.42,0.0,0.0,0.0,0.0,,
2023-08-14,04:00,22.5,16.7,71.0,ESE,4.8,4.8,1018.25,0.0,0.0,0.0,0.0,,
2023-08-14,04:15,22.6,16.7,70.0,ESE,3.2,6.4,1018.25,0.0,0.0,0.0,0.0,,
2023-08-14,04:30,22.4,16.7,70.0,ESE,3.2,6.4,1018.42,0.0,0.0,0.0,0.0,,
2023-08-14,04:45,22.6,16.7,70.0,EAST,4.8,6.4,1018.35,0.0,0.0,0.0,0.0,,
2023-08-14,05:00,22.5,16.1,68.0,ESE,1.6,6.4,1018.42,0.0,0.0,0.0,0.0,,
2023-08-14,05:15,22.7,16.1,67.0,ESE,3.2,6.4,1018.22,0.0,0.0,0.0,0.0,,
2023-08-14,05:30,22.7,16.1,66.0,NORTH,0.0,3.2,1018.22,0.0,0.0,0.0,0.0,,
2023-08-14,05:45,22.3,15.6,66.0,ESE,3.2,4.8,1018.22,0.0,0.0,0.0,0.0,,
2023-08-14,06:00,22.1,14.4,63.0,ESE,1.6,6.4,1018.12,0.0,0.0,0.0,0.0,,
2023-08-14,06:15,22.3,15.0,64.0,EAST,1.6,9.7,1018.22,0.0,0.0,0.0,0.0,,
2023-08-14,06:30,22.3,15.0,64.0,NORTH,0.0,6.4,1018.15,0.0,0.0,0.0,0.0,,
2023-08-14,06:45,22.6,14.4,61.0,ESE,3.2,9.7,1018.29,0.0,0.0,0.0,9.0,,
2023-08-14,07:00,22.8,15.0,62.0,ESE,1.6,6.4,1018.35,0.0,0.0,0.0,16.0,,
2023-08-14,07:15,22.9,14.4,60.0,ESE,3.2,3.2,1018.49,0.0,0.0,0.0,58.0,,
2023-08-14,07:30,23.5,14.4,57.0,NORTH,0.0,4.8,1018.52,0.0,0.0,0.0,84.0,,
2023-08-14,07:45,23.7,15.0,59.0,WNW,4.8,6.4,1018.63,0.0,0.0,0.0,155.0,,
2023-08-14,08:00,23.9,15.6,59.0,NORTH,0.0,3.2,1018.66,0.0,0.0,0.0,211.0,,
2023-08-14,08:15,25.2,14.4,52.0,WNW,1.6,3.2,1018.96,0.0,0.0,1.0,260.0,,
2023-08-14,08:30,26.3,14.4,48.0,NE,3.2,4.8,1018.96,0.0,0.0,1.0,295.0,,
2023-08-14,08:45,26.2,15.0,50.0,NNE,1.6,6.4,1019.03,0.0,0.0,1.0,243.0,,
2023-08-14,09:00,26.7,14.4,47.0,NORTH,0.0,3.2,1019.13,0.0,0.0,1.0,327.0,,
2023-08-14,09:15,27.9,12.2,38.0,EAST,3.2,12.9,1019.03,0.0,0.0,2.0,360.0,,
2023-08-14,09:30,28.5,12.2,36.0,NORTH,0.0,12.9,1019.17,0.0,0.0,2.0,346.0,,
2023-08-14,09:45,28.8,11.7,35.0,ENE,6.4,14.5,1019.13,0.0,0.0,2.0,519.0,,
2023-08-14,10:00,29.3,12.2,36.0,ESE,4.8,14.5,1019.13,0.0,0.0,3.0,469.0,,
2023-08-14,10:15,29.3,12.8,36.0,ENE,9.7,20.9,1019.24,0.0,0.0,3.0,541.0,,
2023-08-14,10:30,29.8,13.3,37.0,SE,12.9,17.7,1019.3,0.0,0.0,3.0,673.0,,
2023-08-14,10:45,29.5,13.3,37.0,SSE,14.5,17.7,1019.24,0.0,0.0,4.0,708.0,,
2023-08-14,11:00,29.3,13.9,39.0,SE,14.5,24.1,1019.3,0.0,0.0,4.0,744.0,,
2023-08-14,11:15,29.7,13.9,39.0,SSE,12.9,22.5,1019.34,0.0,0.0,5.0,775.0,,
2023-08-14,11:30,29.8,13.9,38.0,SE,11.3,25.7,1019.13,0.0,0.0,5.0,803.0,,
2023-08-14,11:45,30.6,14.4,38.0,ESE,11.3,19.3,1019.17,0.0,0.0,5.0,831.0,,
2023-08-14,12:00,30.6,15.0,39.0,SSE,14.5,19.3,1019.03,0.0,0.0,5.0,853.0,,
2023-08-14,12:15,31.1,15.0,37.0,SSE,14.5,25.7,1018.93,0.0,0.0,6.0,870.0,,
2023-08-14,12:30,30.8,14.4,38.0,SSE,11.3,22.5,1018.83,0.0,0.0,6.0,884.0,,
2023-08-14,12:45,31.2,15.0,37.0,SE,19.3,24.1,1018.86,0.0,0.0,6.0,898.0,,
2023-08-14,13:00,31.4,15.0,37.0,SE,8.0,27.4,1018.59,0.0,0.0,6.0,905.0,,
2023-08-14,13:15,32.2,14.4,35.0,SE,14.5,24.1,1018.39,0.0,0.0,6.0,909.0,,
2023-08-14,13:30,32.5,12.8,30.0,SSE,16.1,25.7,1018.29,0.0,0.0,6.0,912.0,,
2023-08-14,13:45,32.8,12.8,29.0,SE,14.5,27.4,1018.46,0.0,0.0,6.0,907.0,,
2023-08-14,14:00,33.1,12.8,29.0,SW,1.6,17.7,1018.66,0.0,0.0,6.0,895.0,,
2023-08-14,14:15,32.4,15.0,35.0,WEST,1.6,27.4,1018.42,0.0,0.0,6.0,881.0,,
2023-08-14,14:30,32.6,15.0,34.0,WEST,24.1,43.5,1018.39,0.0,0.0,6.0,867.0,,
2023-08-14,14:45,32.3,15.6,36.0,WNW,20.9,33.8,1018.22,0.0,0.0,6.0,849.0,,
2023-08-14,15:00,32.0,16.7,40.0,EAST,4.8,32.2,1018.52,0.0,0.0,5.0,828.0,,
2023-08-14,15:15,31.9,17.2,42.0,WNW,14.5,32.2,1018.39,0.0,0.0,5.0,802.0,,
2023-08-14,15:30,31.5,17.8,45.0,WEST,4.8,29.0,1018.35,0.0,0.0,5.0,772.0,,
2023-08-14,15:45,30.9,17.8,46.0,WEST,19.3,32.2,1018.32,0.0,0.0,4.0,744.0,,
2023-08-14,16:00,30.9,17.8,45.0,NE,6.4,30.6,1018.46,0.0,0.0,4.0,715.0,,
2023-08-14,16:15,30.4,17.8,46.0,NE,8.0,33.8,1018.46,0.0,0.0,4.0,679.0,,
2023-08-14,16:30,30.1,17.8,49.0,WEST,14.5,30.6,1018.59,0.0,0.0,3.0,640.0,,
2023-08-14,16:45,29.7,17.2,47.0,WNW,24.1,40.2,1018.56,0.0,0.0,3.0,601.0,,
2023-08-14,17:00,30.1,17.8,47.0,WEST,20.9,30.6,1018.46,0.0,0.0,3.0,561.0,,
2023-08-14,17:15,29.9,17.2,48.0,NE,4.8,33.8,1018.39,0.0,0.0,2.0,515.0,,
2023-08-14,17:30,29.7,17.2,48.0,WEST,17.7,29.0,1018.49,0.0,0.0,2.0,464.0,,
2023-08-14,17:45,29.2,19.4,55.0,NW,12.9,27.4,1018.32,0.0,0.0,2.0,413.0,,
2023-08-14,18:00,29.1,18.9,55.0,WNW,14.5,22.5,1018.32,0.0,0.0,1.0,360.0,,
2023-08-14,18:15,28.7,18.3,55.0,WNW,19.3,32.2,1018.35,0.0,0.0,1.0,308.0,,
2023-08-14,18:30,28.6,17.8,53.0,WEST,12.9,27.4,1018.32,0.0,0.0,1.0,260.0,,
2023-08-14,18:45,28.6,17.8,53.0,WNW,17.7,30.6,1018.29,0.0,0.0,1.0,206.0,,
2023-08-14,19:00,28.3,17.8,54.0,WEST,17.7,24.1,1018.49,0.0,0.0,0.0,155.0,,
2023-08-14,19:15,27.8,17.8,56.0,WEST,14.5,25.7,1018.42,0.0,0.0,0.0,104.0,,
2023-08-14,19:30,27.4,18.3,58.0,WEST,16.1,27.4,1018.52,0.0,0.0,0.0,63.0,,
2023-08-14,19:45,27.1,18.3,60.0,WEST,6.4,27.4,1018.46,0.0,0.0,0.0,30.0,,
2023-08-14,20:00,26.7,18.3,61.0,WEST,11.3,19.3,1018.56,0.0,0.0,0.0,16.0,,
2023-08-14,20:15,26.1,18.3,62.0,WEST,1.6,17.7,1018.73,0.0,0.0,0.0,7.0,,
2023-08-14,20:30,25.7,17.8,62.0,NORTH,0.0,6.4,1018.9,0.0,0.0,0.0,0.0,,
2023-08-14,20:45,25.2,17.2,61.0,WSW,3.2,8.0,1018.9,0.0,0.0,0.0,0.0,,
2023-08-14,21:00,24.9,17.2,64.0,WNW,4.8,12.9,1019.13,0.0,0.0,0.0,0.0,,
2023-08-14,21:15,24.7,17.8,67.0,WSW,4.8,9.7,1019.07,0.0,0.0,0.0,0.0,,
2023-08-14,21:30,24.2,17.8,69.0,NORTH,0.0,4.8,1019.13,0.0,0.0,0.0,0.0,,
2023-08-14,21:45,24.0,17.8,70.0,SSE,8.0,8.0,1019.2,0.0,0.0,0.0,0.0,,
2023-08-14,22:00,23.8,17.8,71.0,SE,8.0,11.3,1019.47,0.0,0.0,0.0,0.0,,
2023-08-14,22:15,23.8,18.3,73.0,SE,3.2,6.4,1019.54,0.0,0.0,0.0,0.0,,
2023-08-14,22:30,23.7,18.3,73.0,NORTH,0.0,4.8,1019.34,0.0,0.0,0.0,0.0,,
2023-08-14,22:45,23.3,17.8,73.0,SE,4.8,4.8,1019.4,0.0,0.0,0.0,0.0,,
2023-08-14,23:00,23.2,18.3,75.0,SSE,4.8,6.4,1019.4,0.0,0.0,0.0,0.0,,
2023-08-14,23:15,23.2,18.3,74.0,SSE,3.2,9.7,1019.47,0.0,0.0,0.0,0.0,,
2023-08-14,23:30,22.9,17.8,75.0,SSE,4.8,8.0,1019.47,0.0,0.0,0.0,0.0,,
2023-08-14,23:45,22.2,17.8,76.0,SSE,4.8,8.0,1019.51,0.0,0.0,0.0,0.0,,
2023-08-14,OVR,,,,,,,,,,,,gustmax,43.5
2023-08-14,OVR,,,,,,,,,,,,rainrate_max,0.0
2023-08-14,OVR,,,,,,,,,,,,rain_total_mm,0.0
2023-08-14,OVR,,,,,,,,,,,,tmax,33.3
2023-08-14,OVR,,,,,,,,,,,,tmin,21.9
2023-08-14,OVR,,,,,,,,,,,,wind_dir_mean_deg,292.5
2023-08-15,00:00,21.9,17.8,77.0,SSE,4.8,9.7,1019.37,0.0,0.0,0.0,0.0,,
2023-08-15,00:15,21.9,17.8,79.0,SSE,4.8,8.0,1019.37,0.0,0.0,0.0,0.0,,
2023-08-15,00:30,22.1,18.3,79.0,SSE,1.6,4.8,1019.47,0.0,0.0,0.0,0.0,,
2023-08-15,00:45,21.9,17.8,80.0,NORTH,0.0,3.2,1019.3,0.0,0.0,0.0,0.0,,
2023-08-15,01:00,21.8,17.8,79.0,NORTH,0.0,3.2,1019.2,0.0,0.0,0.0,0.0,,
2023-08-15,01:15,21.6,17.8,79.0,SSE,3.2,3.2,1019.2,0.0,0.0,0.0,0.0,,
2023-08-15,01:30,21.4,17.2,78.0,SSE,1.6,4.8,1018.96,0.0,0.0,0.0,0.0,,
2023-08-15,01:45,21.4,17.2,79.0,NORTH,0.0,3.2,1019.07,0.0,0.0,0.0,0.0,,
2023-08-15,02:00,21.3,17.8,80.0,SSE,3.2,3.2,1019.17,0.0,0.0,0.0,0.0,,
2023-08-15,02:15,21.8,18.3,82.0,SSE,1.6,4.8,1019.37,0.0,0.0,0.0,0.0,,
2023-08-15,02:30,21.8,18.3,82.0,SSE,1.6,3.2,1019.13,0.0,0.0,0.0,0.0,,
2023-08-15,02:45,21.8,18.9,84.0,NORTH,0.0,3.2,1019.07,0.0,0.0,0.0,0.0,,
2023-08-15,03:00,21.8,18.9,84.0,NORTH,0.0,1.6,1018.93,0.0,0.0,0.0,0.0,,
2023-08-15,03:15,21.8,18.9,85.0,NORTH,0.0,3.2,1018.73,0.0,0.0,0.0,0.0,,
2023-08-15,03:30,21.2,17.8,82.0,ESE,4.8,11.3,1018.66,0.0,0.0,0.0,0.0,,
2023-08-15,03:45,21.4,17.8,81.0,NORTH,0.0,6.4,1018.66,0.0,0.0,0.0,0.0,,
2023-08-15,04:00,21.5,17.8,80.0,NORTH,0.0,3.2,1018.63,0.0,0.0,0.0,0.0,,
2023-08-15,04:15,21.5,17.8,79.0,NORTH,0.0,3.2,1018.46,0.0,0.0,0.0,0.0,,
2023-08-15,04:30,21.4,17.8,80.0,ESE,3.2,3.2,1018.52,0.0,0.0,0.0,0.0,,
2023-08-15,04:45,21.7,18.3,83.0,ESE,6.4,12.9,1018.56,0.0,0.0,0.0,0.0,,
2023-08-15,05:00,21.7,18.9,85.0,ESE,4.8,9.7,1018.39,0.0,0.0,0.0,0.0,,
2023-08-15,05:15,21.2,18.3,83.0,NORTH,0.0,9.7,1018.39,0.0,0.0,0.0,0.0,,
2023-08-15,05:30,21.2,17.8,81.0,ESE,4.8,6.4,1018.29,0.0,0.0,0.0,0.0,,
2023-08-15,05:45,21.3,17.2,79.0,ESE,1.6,4.8,1018.32,0.0,0.0,0.0,0.0,,
2023-08-15,06:00,21.2,16.7,75.0,ESE,4.8,9.7,1018.29,0.0,0.0,0.0,0.0,,
2023-08-15,06:15,21.8,17.2,75.0,ESE,4.8,9.7,1018.42,0.0,0.0,0.0,0.0,,
2023-08-15,06:30,21.8,16.7,74.0,NORTH,0.0,3.2,1018.59,0.0,0.0,0.0,0.0,,
2023-08-15,06:45,21.6,16.7,74.0,NORTH,0.0,1.6,1018.52,0.0,0.0,0.0,7.0,,
2023-08-15,07:00,21.6,16.7,75.0,ESE,3.2,6.4,1018.63,0.0,0.0,0.0,14.0,,
2023-08-15,07:15,21.7,16.7,75.0,ESE,4.8,11.3,1018.76,0.0,0.0,0.0,56.0,,
2023-08-15,07:30,22.1,17.2,76.0,ESE,6.4,9.7,1018.76,0.0,0.0,0.0,83.0,,
2023-08-15,07:45,22.3,18.3,78.0,ESE,3.2,6.4,1018.93,0.0,0.0,0.0,151.0,,
2023-08-15,08:00,22.2,18.3,80.0,NORTH,0.0,3.2,1019.0,0.0,0.0,0.0,202.0,,
2023-08-15,08:15,23.1,18.3,77.0,ESE,3.2,6.4,1019.17,0.0,0.0,1.0,253.0,,
2023-08-15,08:30,23.8,18.3,71.0,EAST,4.8,6.4,1019.2,0.0,0.0,1.0,279.0,,
2023-08-15,08:45,24.4,16.7,63.0,NORTH,0.0,9.7,1019.27,0.0,0.0,1.0,241.0,,
2023-08-15,09:00,24.7,16.7,61.0,ESE,11.3,12.9,1019.44,0.0,0.0,1.0,320.0,,
2023-08-15,09:15,24.7,16.1,58.0,SE,11.3,14.5,1019.27,0.0,0.0,2.0,357.0,,
2023-08-15,09:30,24.9,17.8,66.0,SE,6.4,12.9,1019.47,0.0,0.0,2.0,338.0,,
2023-08-15,09:45,25.2,18.3,66.0,SE,9.7,16.1,1019.64,0.0,0.0,2.0,512.0,,
2023-08-15,10:00,25.6,18.9,67.0,SE,6.4,14.5,1019.64,0.0,0.0,3.0,468.0,,
2023-08-15,10:15,26.3,18.9,65.0,SE,8.0,17.7,1019.74,0.0,0.0,3.0,531.0,,
2023-08-15,10:30,26.7,18.3,60.0,SE,12.9,17.7,1019.61,0.0,0.0,3.0,668.0,,
2023-08-15,10:45,26.9,18.3,60.0,ESE,12.9,17.7,1019.68,0.0,0.0,4.0,705.0,,
2023-08-15,11:00,27.6,18.3,58.0,SSE,11.3,19.3,1019.68,0.0,0.0,4.0,735.0,,
2023-08-15,11:15,27.8,17.8,54.0,SE,1.6,17.7,1019.78,0.0,0.0,5.0,770.0,,
2023-08-15,11:30,28.5,17.8,52.0,SSE,9.7,17.7,1019.68,0.0,0.0,5.0,800.0,,
2023-08-15,11:45,28.8,17.2,51.0,SE,8.0,16.1,1019.64,0.0,0.0,5.0,826.0,,
2023-08-15,12:00,29.2,16.1,45.0,SE,3.2,17.7,1019.51,0.0,0.0,6.0,847.0,,
2023-08-15,12:15,29.6,16.7,45.0,ESE,4.8,17.7,1019.44,0.0,0.0,6.0,865.0,,
2023-08-15,12:30,30.2,15.6,42.0,SSE,8.0,22.5,1019.2,0.0,0.0,6.0,881.0,,
2023-08-15,12:45,30.2,16.1,42.0,SE,4.8,20.9,1019.24,0.0,0.0,6.0,889.0,,
2023-08-15,13:00,30.8,16.1,41.0,SE,12.9,24.1,1019.03,0.0,0.0,6.0,898.0,,
2023-08-15,13:15,31.2,16.1,41.0,ESE,14.5,24.1,1018.93,0.0,0.0,7.0,902.0,,
2023-08-15,13:30,31.1,15.6,40.0,ESE,17.7,27.4,1018.76,0.0,0.0,7.0,900.0,,
2023-08-15,13:45,31.4,16.1,40.0,SW,4.8,27.4,1018.9,0.0,0.0,6.0,893.0,,
2023-08-15,14:00,32.0,16.7,40.0,SE,17.7,24.1,1018.86,0.0,0.0,6.0,886.0,,
2023-08-15,14:15,31.8,16.7,41.0,SE,19.3,27.4,1018.59,0.0,0.0,6.0,877.0,,
2023-08-15,14:30,32.0,16.7,40.0,SW,3.2,25.7,1018.49,0.0,0.0,6.0,858.0,,
2023-08-15,14:45,32.0,16.7,40.0,SE,14.5,22.5,1018.46,0.0,0.0,6.0,842.0,,
2023-08-15,15:00,31.9,17.2,41.0,SE,12.9,27.4,1018.35,0.0,0.0,6.0,819.0,,
2023-08-15,15:15,32.1,16.7,41.0,SSE,19.3,24.1,1018.35,0.0,0.0,5.0,795.0,,
2023-08-15,15:30,32.3,16.7,40.0,SE,17.7,29.0,1018.22,0.0,0.0,5.0,770.0,,
2023-08-15,15:45,32.0,16.7,39.0,SE,16.1,29.0,1017.95,0.0,0.0,4.0,738.0,,
2023-08-15,16:00,31.6,16.1,40.0,SE,19.3,29.0,1018.15,0.0,0.0,4.0,707.0,,
2023-08-15,16:15,31.6,16.7,41.0,SE,22.5,32.2,1017.98,0.0,0.0,4.0,671.0,,
2023-08-15,16:30,31.4,16.1,40.0,SSE,14.5,29.0,1018.19,0.0,0.0,3.0,636.0,,
2023-08-15,16:45,32.0,17.2,42.0,SSE,16.1,20.9,1018.22,0.0,0.0,3.0,598.0,,
2023-08-15,17:00,31.6,17.8,44.0,SE,4.8,24.1,1018.25,0.0,0.0,3.0,554.0,,
2023-08-15,17:15,30.9,17.2,45.0,SE,14.5,19.3,1018.15,0.0,0.0,2.0,510.0,,
2023-08-15,17:30,31.0,17.2,44.0,SE,12.9,19.3,1018.12,0.0,0.0,2.0,461.0,,
2023-08-15,17:45,31.2,17.8,45.0,SSE,8.0,19.3,1018.22,0.0,0.0,2.0,410.0,,
2023-08-15,18:00,31.1,17.8,46.0,SSE,11.3,17.7,1018.15,0.0,0.0,1.0,357.0,,
2023-08-15,18:15,30.7,17.8,46.0,SE,11.3,20.9,1018.12,0.0,0.0,1.0,304.0,,
2023-08-15,18:30,30.1,17.2,47.0,SE,8.0,22.5,1018.22,0.0,0.0,1.0,253.0,,
2023-08-15,18:45,29.7,17.8,49.0,SSE,1.6,19.3,1018.08,0.0,0.0,0.0,199.0,,
2023-08-15,19:00,29.0,17.8,51.0,SSE,11.3,16.1,1018.32,0.0,0.0,0.0,149.0,,
2023-08-15,19:15,28.8,16.7,49.0,SW,3.2,16.1,1018.42,0.0,0.0,0.0,100.0,,
2023-08-15,19:30,28.3,16.7,50.0,SW,1.6,11.3,1018.52,0.0,0.0,0.0,62.0,,
2023-08-15,19:45,28.1,16.7,51.0,SW,4.8,11.3,1018.59,0.0,0.0,0.0,28.0,,
2023-08-15,20:00,27.3,16.7,53.0,NORTH,8.0,14.5,1018.86,0.0,0.0,0.0,16.0,,
2023-08-15,20:15,26.7,17.2,57.0,NORTH,0.0,14.5,1019.0,0.0,0.0,0.0,7.0,,
2023-08-15,20:30,26.1,17.2,58.0,SSW,1.6,6.4,1019.1,0.0,0.0,0.0,0.0,,
2023-08-15,20:45,25.6,17.2,61.0,SSW,1.6,9.7,1019.34,0.0,0.0,0.0,0.0,,
2023-08-15,21:00,25.1,18.3,66.0,NORTH,0.0,11.3,1019.51,0.0,0.0,0.0,0.0,,
2023-08-15,21:15,24.8,18.9,69.0,SSW,3.2,6.4,1019.68,0.0,0.0,0.0,0.0,,
2023-08-15,21:30,24.4,18.3,71.0,SSE,4.8,9.7,1019.81,0.0,0.0,0.0,0.0,,
2023-08-15,21:45,24.1,18.3,72.0,SSE,4.8,9.7,1019.81,0.0,0.0,0.0,0.0,,
2023-08-15,22:00,23.7,17.8,70.0,SSE,8.0,9.7,1019.84,0.0,0.0,0.0,0.0,,
2023-08-15,22:15,23.6,18.3,72.0,SE,6.4,11.3,1020.08,0.0,0.0,0.0,0.0,,
2023-08-15,22:30,23.5,18.3,73.0,SE,3.2,8.0,1020.05,0.0,0.0,0.0,0.0,,
2023-08-15,22:45,23.3,18.3,74.0,SE,3.2,6.4,1020.18,0.0,0.0,0.0,0.0,,
2023-08-15,23:00,23.1,18.3,75.0,SE,4.8,8.0,1020.01,0.0,0.0,0.0,0.0,,
2023-08-15,23:15,22.9,18.3,77.0,SE,6.4,8.0,1020.05,0.0,0.0,0.0,0.0,,
2023-08-15,23:30,22.6,18.3,78.0,SE,6.4,8.0,1020.05,0.0,0.0,0.0,0.0,,
2023-08-15,23:45,22.4,18.3,80.0,SE,4.8,6.4,1020.18,0.0,0.0,0.0,0.0,,
2023-08-15,OVR,,,,,,,,,,,,gustmax,32.2
2023-08-15,OVR,,,,,,,,,,,,rainrate_max,0.0
2023-08-15,OVR,,,,,,,,,,,,rain_total_mm,0.0
2023-08-15,OVR,,,,,,,,,,,,tmax,32.6
2023-08-15,OVR,,,,,,,,,,,,tmin,21.1
2023-08-15,OVR,,,,,,,,,,,,wind_dir_mean_deg,135.0
2023-08-16,00:00,22.1,18.3,80.0,SE,4.8,8.0,1019.98,0.0,0.0,0.0,0.0,,
2023-08-16,00:15,21.8,17.8,80.0,SE,6.4,6.4,1019.91,0.0,0.0,0.0,0.0,,
2023-08-16,00:30,21.6,17.2,78.0,SE,1.6,6.4,1019.91,0.0,0.0,0.0,0.0,,
2023-08-16,00:45,21.7,17.8,80.0,SE,1.6,3.2,1019.74,0.0,0.0,0.0,0.0,,
2023-08-16,01:00,22.0,18.3,82.0,NORTH,0.0,1.6,1019.91,0.0,0.0,0.0,0.0,,
2023-08-16,01:15,21.8,18.3,81.0,SE,3.2,4.8,1019.57,0.0,0.0,0.0,0.0,,
2023-08-16,01:30,21.6,18.3,82.0,NORTH,0.0,3.2,1019.64,0.0,0.0,0.0,0.0,,
2023-08-16,01:45,21.7,18.3,83.0,SE,1.6,3.2,1019.68,0.0,0.0,0.0,0.0,,
2023-08-16,02:00,21.4,18.3,82.0,SE,1.6,3.2,1019.54,0.0,0.0,0.0,0.0,,
2023-08-16,02:15,22.0,19.4,85.0,NORTH,0.0,3.2,1019.51,0.0,0.0,0.0,0.0,,
2023-08-16,02:30,22.1,19.4,85.0,SE,1.6,3.2,1019.4,0.0,0.0,0.0,0.0,,
2023-08-16,02:45,21.6,18.9,84.0,SE,1.6,3.2,1019.24,0.0,0.0,0.0,0.0,,
2023-08-16,03:00,21.6,18.9,85.0,NORTH,0.0,3.2,1019.17,0.0,0.0,0.0,0.0,,
2023-08-16,03:15,21.1,17.8,82.0,SE,3.2,3.2,1018.93,0.0,0.0,0.0,0.0,,
2023-08-16,03:30,20.8,16.1,76.0,SE,1.6,4.8,1018.83,0.0,0.0,0.0,0.0,,
2023-08-16,03:45,21.2,16.1,73.0,SE,1.6,4.8,1018.73,0.0,0.0,0.0,0.0,,
2023-08-16,04:00,21.2,15.6,71.0,NORTH,0.0,3.2,1018.66,0.0,0.0,0.0,0.0,,
2023-08-16,04:15,21.3,16.1,73.0,SE,1.6,3.2,1018.73,0.0,0.0,0.0,0.0,,
2023-08-16,04:30,21.3,16.1,73.0,NORTH,0.0,3.2,1018.93,0.0,0.0,0.0,0.0,,
2023-08-16,04:45,21.6,16.7,75.0,NORTH,0.0,4.8,1018.93,0.0,0.0,0.0,0.0,,
2023-08-16,05:00,21.5,17.2,77.0,SE,1.6,4.8,1018.93,0.0,0.0,0.0,0.0,,
2023-08-16,05:15,21.6,17.8,78.0,NORTH,0.0,4.8,1019.0,0.0,0.0,0.0,0.0,,
2023-08-16,05:30,21.8,18.3,81.0,SE,1.6,3.2,1018.93,0.0,0.0,0.0,0.0,,
2023-08-16,05:45,21.6,18.3,82.0,ESE,3.2,4.8,1018.9,0.0,0.0,0.0,0.0,,
2023-08-16,06:00,21.6,18.3,82.0,NORTH,0.0,3.2,1018.86,0.0,0.0,0.0,0.0,,
2023-08-16,06:15,21.3,17.8,82.0,ESE,1.6,4.8,1018.93,0.0,0.0,0.0,0.0,,
2023-08-16,06:30,21.2,17.8,83.0,ESE,3.2,4.8,1019.03,0.0,0.0,0.0,0.0,,
2023-08-16,06:45,21.1,18.3,85.0,EAST,6.4,9.7,1019.0,0.0,0.0,0.0,7.0,,
2023-08-16,07:00,21.7,18.9,86.0,NORTH,0.0,4.8,1019.1,0.0,0.0,0.0,14.0,,
2023-08-16,07:15,21.3,18.3,85.0,EAST,3.2,3.2,1019.1,0.0,0.0,0.0,53.0,,
2023-08-16,07:30,21.4,18.3,85.0,NORTH,0.0,4.8,1019.03,0.0,0.0,0.0,81.0,,
2023-08-16,07:45,22.2,19.4,84.0,NORTH,0.0,3.2,1019.1,0.0,0.0,0.0,148.0,,
2023-08-16,08:00,22.8,19.4,81.0,EAST,3.2,4.8,1019.07,0.0,0.0,0.0,200.0,,
2023-08-16,08:15,23.1,18.9,79.0,NORTH,0.0,6.4,1019.37,0.0,0.0,1.0,250.0,,
2023-08-16,08:30,24.2,19.4,75.0,EAST,3.2,3.2,1019.44,0.0,0.0,1.0,258.0,,
2023-08-16,08:45,24.5,19.4,74.0,NE,1.6,4.8,1019.61,0.0,0.0,1.0,248.0,,
2023-08-16,09:00,25.3,19.4,70.0,NORTH,0.0,3.2,1019.47,0.0,0.0,1.0,313.0,,
2023-08-16,09:15,26.0,19.4,68.0,NNE,1.6,4.8,1019.44,0.0,0.0,2.0,350.0,,
2023-08-16,09:30,26.9,20.0,65.0,ENE,4.8,4.8,1019.57,0.0,0.0,2.0,343.0,,
2023-08-16,09:45,27.3,20.0,64.0,ENE,4.8,4.8,1019.4,0.0,0.0,2.0,499.0,,
2023-08-16,10:00,28.0,19.4,60.0,NE,4.8,6.4,1019.57,0.0,0.0,3.0,452.0,,
2023-08-16,10:15,28.6,19.4,57.0,NORTH,0.0,4.8,1019.68,0.0,0.0,3.0,554.0,,
2023-08-16,10:30,29.3,18.9,54.0,SE,12.9,14.5,1019.61,0.0,0.0,3.0,664.0,,
2023-08-16,10:45,29.0,18.3,54.0,SSE,8.0,17.7,1019.61,0.0,0.0,4.0,698.0,,
2023-08-16,11:00,28.9,18.9,55.0,SE,4.8,19.3,1019.74,0.0,0.0,4.0,733.0,,
2023-08-16,11:15,29.3,16.7,47.0,SSE,9.7,17.7,1019.88,0.0,0.0,5.0,770.0,,
2023-08-16,11:30,30.0,16.1,43.0,SE,9.7,19.3,1019.74,0.0,0.0,5.0,796.0,,
2023-08-16,11:45,30.4,16.7,44.0,SE,17.7,17.7,1019.84,0.0,0.0,5.0,823.0,,
2023-08-16,12:00,30.1,17.8,49.0,SSE,12.9,19.3,1019.78,0.0,0.0,6.0,842.0,,
2023-08-16,12:15,31.5,16.7,41.0,SSE,11.3,19.3,1019.47,0.0,0.0,6.0,863.0,,
2023-08-16,12:30,31.4,16.7,41.0,SOUTH,4.8,20.9,1019.37,0.0,0.0,6.0,879.0,,
2023-08-16,12:45,31.7,17.2,41.0,SE,9.7,24.1,1019.4,0.0,0.0,6.0,891.0,,
2023-08-16,13:00,32.5,17.2,41.0,SE,14.5,22.5,1019.13,0.0,0.0,7.0,896.0,,
2023-08-16,13:15,32.4,16.7,39.0,SE,4.8,24.1,1019.13,0.0,0.0,7.0,902.0,,
2023-08-16,13:30,33.1,16.7,38.0,SSE,9.7,22.5,1019.07,0.0,0.0,7.0,902.0,,
2023-08-16,13:45,33.0,15.6,36.0,SE,4.8,22.5,1019.13,0.0,0.0,7.0,898.0,,
2023-08-16,14:00,33.1,15.0,33.0,ESE,4.8,20.9,1018.93,0.0,0.0,6.0,888.0,,
2023-08-16,14:15,33.6,14.4,32.0,SE,9.7,24.1,1018.42,0.0,0.0,6.0,877.0,,
2023-08-16,14:30,33.3,13.3,30.0,SSE,9.7,22.5,1018.59,0.0,0.0,6.0,863.0,,
2023-08-16,14:45,33.8,13.3,29.0,ESE,16.1,20.9,1018.46,0.0,0.0,6.0,849.0,,
2023-08-16,15:00,33.8,13.3,29.0,SSE,8.0,24.1,1018.56,0.0,0.0,6.0,824.0,,
2023-08-16,15:15,33.9,13.3,29.0,SSE,1.6,19.3,1018.29,0.0,0.0,5.0,796.0,,
2023-08-16,15:30,33.6,13.3,30.0,SSE,12.9,22.5,1018.25,0.0,0.0,5.0,770.0,,
2023-08-16,15:45,33.8,14.4,31.0,WEST,6.4,22.5,1018.29,0.0,0.0,4.0,737.0,,
2023-08-16,16:00,33.5,15.0,33.0,SSE,17.7,20.9,1018.39,0.0,0.0,4.0,708.0,,
2023-08-16,16:15,32.9,19.4,45.0,WNW,6.4,20.9,1018.25,0.0,0.0,4.0,670.0,,
2023-08-16,16:30,31.8,19.4,48.0,WEST,9.7,33.8,1018.19,0.0,0.0,3.0,635.0,,
2023-08-16,16:45,31.3,18.3,47.0,WNW,12.9,30.6,1018.39,0.0,0.0,3.0,596.0,,
2023-08-16,17:00,31.6,17.8,44.0,WNW,19.3,20.9,1018.22,0.0,0.0,3.0,557.0,,
2023-08-16,17:15,31.4,17.8,45.0,ENE,8.0,25.7,1018.32,0.0,0.0,2.0,508.0,,
2023-08-16,17:30,31.3,17.8,45.0,WNW,22.5,29.0,1018.32,0.0,0.0,2.0,459.0,,
2023-08-16,17:45,30.8,17.2,45.0,,8.0,25.7,1018.35,0.0,0.0,2.0,410.0,,
2023-08-16,18:00,30.8,17.8,47.0,NNE,9.7,25.7,1018.22,0.0,0.0,1.0,355.0,,
2023-08-16,18:15,30.4,18.3,49.0,WSW,4.8,17.7,1018.08,0.0,0.0,1.0,302.0,,
2023-08-16,18:30,29.8,18.9,52.0,NW,6.4,20.9,1018.15,0.0,0.0,1.0,250.0,,
2023-08-16,18:45,30.0,18.9,52.0,WEST,4.8,16.1,1017.98,0.0,0.0,0.0,199.0,,
2023-08-16,19:00,30.2,17.2,47.0,SSE,1.6,11.3,1018.05,0.0,0.0,0.0,146.0,,
2023-08-16,19:15,29.8,14.4,39.0,SE,6.4,16.1,1018.02,0.0,0.0,0.0,97.0,,
2023-08-16,19:30,29.7,14.4,40.0,SSE,8.0,16.1,1018.22,0.0,0.0,0.0,56.0,,
2023-08-16,19:45,29.3,13.9,40.0,SSE,8.0,12.9,1018.22,0.0,0.0,0.0,26.0,,
2023-08-16,20:00,28.8,15.0,43.0,SE,6.4,12.9,1018.32,0.0,0.0,0.0,14.0,,
2023-08-16,20:15,28.3,15.0,45.0,SSE,6.4,8.0,1018.49,0.0,0.0,0.0,0.0,,
2023-08-16,20:30,27.7,15.0,46.0,SSE,6.4,9.7,1018.56,0.0,0.0,0.0,0.0,,
2023-08-16,20:45,26.9,14.4,47.0,SE,9.7,12.9,1018.63,0.0,0.0,0.0,0.0,,
2023-08-16,21:00,26.2,14.4,49.0,SE,8.0,14.5,1018.86,0.0,0.0,0.0,0.0,,
2023-08-16,21:15,25.9,15.0,51.0,SE,12.9,17.7,1019.07,0.0,0.0,0.0,0.0,,
2023-08-16,21:30,25.8,15.6,54.0,SE,14.5,17.7,1018.96,0.0,0.0,0.0,0.0,,
2023-08-16,21:45,25.7,12.8,46.0,SE,20.9,17.7,1018.9,0.0,0.0,0.0,0.0,,
2023-08-16,22:00,25.8,12.2,43.0,ESE,11.3,19.3,1018.86,0.0,0.0,0.0,0.0,,
2023-08-16,22:15,25.4,13.9,49.0,SE,8.0,19.3,1018.86,0.0,0.0,0.0,0.0,,
2023-08-16,22:30,25.1,13.3,49.0,SE,12.9,17.7,1018.8,0.0,0.0,0.0,0.0,,
2023-08-16,22:45,25.0,12.2,46.0,SE,11.3,17.7,1019.03,0.0,0.0,0.0,0.0,,
2023-08-16,23:00,25.0,10.6,40.0,SE,12.9,17.7,1018.93,0.0,0.0,0.0,0.0,,
2023-08-16,23:15,25.0,10.6,40.0,ESE,11.3,16.1,1018.96,0.0,0.0,0.0,0.0,,
2023-08-16,23:30,25.0,12.2,46.0,SE,14.5,19.3,1019.07,0.0,0.0,0.0,0.0,,
2023-08-16,23:45,24.9,12.8,47.0,SE,8.0,17.7,1019.03,0.0,0.0,0.0,0.0,,
2023-08-16,OVR,,,,,,,,,,,,gustmax,33.8
2023-08-16,OVR,,,,,,,,,,,,rainrate_max,0.0
2023-08-16,OVR,,,,,,,,,,,,rain_total_mm,0.0
2023-08-16,OVR,,,,,,,,,,,,tmax,34.2
2023-08-16,OVR,,,,,,,,,,,,tmin,20.7
2023-08-16,OVR,,,,,,,,,,,,wind_dir_mean_deg,135.0
2023-08-17,00:00,24.9,12.8,48.0,ESE,8.0,17.7,1019.1,0.0,0.0,0.0,0.0,,
2023-08-17,00:15,25.5,10.0,38.0,ESE,16.1,20.9,1018.8,0.0,0.0,0.0,0.0,,
2023-08-17,00:30,26.3,8.9,34.0,ESE,4.8,19.3,1018.93,0.0,0.0,0.0,0.0,,
2023-08-17,00:45,26.3,7.8,31.0,ESE,8.0,14.5,1018.86,0.0,0.0,0.0,0.0,,
2023-08-17,01:00,26.7,7.8,30.0,SE,8.0,17.7,1018.86,0.0,0.0,0.0,0.0,,
2023-08-17,01:15,26.5,9.4,34.0,ESE,12.9,14.5,1019.0,0.0,0.0,0.0,0.0,,
2023-08-17,01:30,26.6,10.0,35.0,ESE,4.8,14.5,1018.73,0.0,0.0,0.0,0.0,,
2023-08-17,01:45,26.3,11.7,40.0,SE,12.9,16.1,1018.56,0.0,0.0,0.0,0.0,,
2023-08-17,02:00,26.0,9.4,36.0,ESE,11.3,17.7,1018.35,0.0,0.0,0.0,0.0,,
2023-08-17,02:15,26.1,12.2,42.0,EAST,3.2,12.9,1018.29,0.0,0.0,0.0,0.0,,
2023-08-17,02:30,25.8,12.2,44.0,ESE,6.4,9.7,1018.42,0.0,0.0,0.0,0.0,,
2023-08-17,02:45,25.6,9.4,37.0,ESE,4.8,9.7,1018.46,0.0,0.0,0.0,0.0,,
2023-08-17,03:00,25.6,13.3,47.0,ESE,6.4,14.5,1018.29,0.0,0.0,0.0,0.0,,
2023-08-17,03:15,25.3,13.9,50.0,ESE,9.7,12.9,1018.35,0.0,0.0,0.0,0.0,,
2023-08-17,03:30,24.9,13.9,51.0,ESE,3.2,12.9,1018.19,0.0,0.0,0.0,0.0,,
2023-08-17,03:45,24.4,13.3,50.0,ESE,3.2,4.8,1018.15,0.0,0.0,0.0,0.0,,
2023-08-17,04:00,24.5,8.9,37.0,ESE,3.2,4.8,1018.22,0.0,0.0,0.0,0.0,,
2023-08-17,04:15,24.9,6.7,31.0,ESE,12.9,12.9,1017.98,0.0,0.0,0.0,0.0,,
2023-08-17,04:30,25.9,6.1,28.0,ESE,6.4,14.5,1017.75,0.0,0.0,0.0,0.0,,
2023-08-17,04:45,25.8,9.4,36.0,ESE,6.4,12.9,1017.71,0.0,0.0,0.0,0.0,,
2023-08-17,05:00,25.4,11.1,40.0,ESE,1.6,9.7,1017.78,0.0,0.0,0.0,0.0,,
2023-08-17,05:15,24.6,8.3,36.0,ESE,4.8,6.4,1017.34,0.0,0.0,0.0,0.0,,
2023-08-17,05:30,24.7,12.8,49.0,EAST,6.4,11.3,1017.68,0.0,0.0,0.0,0.0,,
2023-08-17,05:45,24.4,12.8,49.0,EAST,9.7,16.1,1017.64,0.0,0.0,0.0,0.0,,
2023-08-17,06:00,24.6,12.2,47.0,EAST,6.4,14.5,1017.54,0.0,0.0,0.0,0.0,,
2023-08-17,06:15,24.6,10.0,40.0,EAST,6.4,9.7,1017.41,0.0,0.0,0.0,0.0,,
2023-08-17,06:30,24.8,10.0,40.0,EAST,4.8,9.7,1017.44,0.0,0.0,0.0,0.0,,
2023-08-17,06:45,24.7,12.2,45.0,ESE,4.8,14.5,1017.68,0.0,0.0,0.0,9.0,,
2023-08-17,07:00,24.8,12.2,46.0,EAST,4.8,11.3,1017.81,0.0,0.0,0.0,21.0,,
2023-08-17,07:15,25.2,11.1,42.0,ESE,3.2,9.7,1017.98,0.0,0.0,0.0,49.0,,
2023-08-17,07:30,25.4,12.2,44.0,NORTH,0.0,4.8,1017.95,0.0,0.0,0.0,79.0,,
2023-08-17,07:45,25.8,10.6,38.0,ESE,4.8,6.4,1017.98,0.0,0.0,0.0,134.0,,
2023-08-17,08:00,26.6,8.3,31.0,SE,3.2,12.9,1017.88,0.0,0.0,0.0,183.0,,
2023-08-17,08:15,27.0,8.3,31.0,SE,6.4,12.9,1017.85,0.0,0.0,0.0,230.0,,
2023-08-17,08:30,27.4,10.0,34.0,SE,3.2,14.5,1017.88,0.0,0.0,1.0,236.0,,
2023-08-17,08:45,28.1,10.0,32.0,NORTH,0.0,11.3,1018.05,0.0,0.0,1.0,255.0,,
2023-08-17,09:15,28.3,10.0,32.0,ESE,9.7,12.9,1018.12,0.0,0.0,2.0,341.0,,
2023-08-17,09:30,28.4,10.0,32.0,SE,8.0,12.9,1018.29,0.0,0.0,2.0,338.0,,
2023-08-17,09:45,28.7,10.6,32.0,SE,3.2,12.9,1018.35,0.0,0.0,2.0,483.0,,
2023-08-17,10:00,29.3,10.0,31.0,SE,6.4,11.3,1018.29,0.0,0.0,3.0,452.0,,
2023-08-17,10:15,29.7,10.6,31.0,SE,12.9,14.5,1018.39,0.0,0.0,3.0,563.0,,
2023-08-17,10:30,30.0,10.6,31.0,SSE,4.8,17.7,1018.35,0.0,0.0,3.0,652.0,,
2023-08-17,10:45,30.1,12.2,33.0,ESE,8.0,17.7,1018.46,0.0,0.0,4.0,691.0,,
2023-08-17,11:00,30.3,12.8,34.0,SSE,16.1,19.3,1018.56,0.0,0.0,4.0,724.0,,
2023-08-17,11:15,31.1,12.8,33.0,SE,14.5,17.7,1018.32,0.0,0.0,4.0,754.0,,
2023-08-17,11:30,30.9,12.8,33.0,SSE,8.0,19.3,1018.35,0.0,0.0,5.0,784.0,,
2023-08-17,11:45,31.6,13.9,34.0,SE,16.1,22.5,1018.39,0.0,0.0,5.0,807.0,,
2023-08-17,12:00,31.9,13.3,33.0,SE,12.9,22.5,1018.22,0.0,0.0,5.0,830.0,,
2023-08-17,12:15,31.9,13.3,33.0,SSE,19.3,25.7,1018.15,0.0,0.0,6.0,851.0,,
2023-08-17,12:30,32.4,13.3,31.0,SE,12.9,25.7,1018.05,0.0,0.0,6.0,865.0,,
2023-08-17,12:45,32.8,12.8,30.0,SE,16.1,27.4,1018.12,0.0,0.0,6.0,875.0,,
2023-08-17,13:00,32.8,12.2,29.0,SSE,14.5,25.7,1017.85,0.0,0.0,6.0,884.0,,
2023-08-17,13:15,33.4,12.8,29.0,SE,8.0,24.1,1017.78,0.0,0.0,6.0,886.0,,
2023-08-17,13:30,33.8,12.8,28.0,SE,9.7,25.7,1017.71,0.0,0.0,6.0,888.0,,
2023-08-17,13:45,34.1,13.3,29.0,SE,20.9,27.4,1017.61,0.0,0.0,6.0,882.0,,
2023-08-17,14:00,33.9,13.3,29.0,SSE,17.7,30.6,1017.64,0.0,0.0,6.0,877.0,,
2023-08-17,14:15,34.4,14.4,30.0,ESE,9.7,27.4,1017.37,0.0,0.0,6.0,867.0,,
2023-08-17,14:30,34.1,15.0,32.0,SSE,24.1,29.0,1017.27,0.0,0.0,6.0,851.0,,
2023-08-17,14:45,33.8,15.6,34.0,SE,12.9,32.2,1017.34,0.0,0.0,6.0,831.0,,
2023-08-17,15:00,34.3,15.6,32.0,ESE,16.1,30.6,1017.31,0.0,0.0,5.0,814.0,,
2023-08-17,15:15,34.3,15.6,32.0,SE,14.5,27.4,1017.14,0.0,0.0,5.0,784.0,,
2023-08-17,15:30,34.4,15.6,33.0,SSE,9.7,32.2,1016.9,0.0,0.0,5.0,761.0,,
2023-08-17,15:45,34.2,15.6,33.0,SE,14.5,32.2,1016.8,0.0,0.0,4.0,731.0,,
2023-08-17,16:00,33.9,15.0,33.0,SE,19.3,30.6,1016.83,0.0,0.0,4.0,703.0,,
2023-08-17,16:15,33.8,15.0,32.0,SSE,22.5,32.2,1016.73,0.0,0.0,4.0,668.0,,
2023-08-17,16:30,33.4,14.4,32.0,SSE,24.1,35.4,1016.63,0.0,0.0,3.0,635.0,,
2023-08-17,16:45,32.9,13.9,31.0,SE,24.1,30.6,1016.63,0.0,0.0,3.0,591.0,,
2023-08-17,17:00,32.9,13.9,31.0,SE,20.9,30.6,1016.63,0.0,0.0,3.0,548.0,,
2023-08-17,17:15,32.6,14.4,33.0,SE,22.5,30.6,1016.59,0.0,0.0,2.0,499.0,,
2023-08-17,17:30,32.6,13.9,32.0,SSE,12.9,25.7,1016.59,0.0,0.0,2.0,448.0,,
2023-08-17,17:45,32.1,13.9,33.0,SE,22.5,30.6,1016.42,0.0,0.0,2.0,401.0,,
2023-08-17,18:00,32.1,13.9,33.0,SSE,17.7,29.0,1016.49,0.0,0.0,1.0,345.0,,
2023-08-17,18:15,31.4,13.9,34.0,SE,17.7,30.6,1016.59,0.0,0.0,1.0,292.0,,
2023-08-17,18:30,31.2,13.9,34.0,SE,25.7,30.6,1016.53,0.0,0.0,1.0,241.0,,
2023-08-17,18:45,30.7,13.9,36.0,SE,16.1,25.7,1016.56,0.0,0.0,0.0,188.0,,
2023-08-17,19:00,30.4,13.9,37.0,SE,16.1,25.7,1016.49,0.0,0.0,0.0,135.0,,
2023-08-17,19:15,30.1,15.6,42.0,SE,14.5,24.1,1016.36,0.0,0.0,0.0,95.0,,
2023-08-17,19:30,29.7,15.0,41.0,ESE,14.5,22.5,1016.49,0.0,0.0,0.0,58.0,,
2023-08-17,19:45,29.2,13.9,40.0,SE,8.0,19.3,1016.76,0.0,0.0,0.0,33.0,,
2023-08-17,20:00,28.7,13.3,39.0,SE,17.7,22.5,1016.7,0.0,0.0,0.0,16.0,,
2023-08-17,20:15,28.1,13.3,40.0,SE,17.7,24.1,1016.66,0.0,0.0,0.0,0.0,,
2023-08-17,20:30,27.7,13.9,43.0,ESE,11.3,20.9,1016.76,0.0,0.0,0.0,0.0,,
2023-08-17,20:45,27.1,13.9,44.0,ESE,11.3,19.3,1016.73,0.0,0.0,0.0,0.0,,
2023-08-17,21:00,26.8,13.3,44.0,ESE,12.9,19.3,1016.86,0.0,0.0,0.0,0.0,,
2023-08-17,21:15,26.8,12.8,42.0,SE,11.3,17.7,1016.86,0.0,0.0,0.0,0.0,,
2023-08-17,21:30,27.1,12.8,41.0,ESE,6.4,19.3,1016.93,0.0,0.0,0.0,0.0,,
2023-08-17,21:45,26.8,13.3,43.0,ESE,14.5,17.7,1016.9,0.0,0.0,0.0,0.0,,
2023-08-17,22:00,26.6,13.3,44.0,ESE,19.3,19.3,1016.86,0.0,0.0,0.0,0.0,,
2023-08-17,22:15,26.7,13.3,44.0,ESE,22.5,24.1,1016.93,0.0,0.0,0.0,0.0,,
2023-08-17,22:30,26.9,13.3,44.0,ESE,20.9,27.4,1016.93,0.0,0.0,0.0,0.0,,
2023-08-17,22:45,26.7,13.9,45.0,SE,11.3,24.1,1017.2,0.0,0.0,0.0,0.0,,
2023-08-17,23:00,26.3,13.9,47.0,ESE,17.7,25.7,1017.17,0.0,0.0,0.0,0.0,,
2023-08-17,23:15,26.3,13.9,47.0,ESE,16.1,24.1,1017.27,0.0,0.0,0.0,0.0,,
2023-08-17,23:30,26.1,13.9,47.0,ESE,16.1,20.9,1017.2,0.0,0.0,0.0,0.0,,
2023-08-17,23:45,26.1,13.3,46.0,SE,14.5,22.5,1017.37,0.0,0.0,0.0,0.0,,
2023-08-17,OVR,,,,,,,,,,,,gustmax,38.6
2023-08-17,OVR,,,,,,,,,,,,rainrate_max,0.0
2023-08-17,OVR,,,,,,,,,,,,rain_total_mm,0.0
2023-08-17,OVR,,,,,,,,,,,,tmax,34.8
2023-08-17,OVR,,,,,,,,,,,,tmin,24.3
2023-08-17,OVR,,,,,,,,,,,,wind_dir_mean_deg,135.0
2023-08-18,00:00,26.3,13.3,45.0,ESE,19.3,22.5,1017.27,0.0,0.0,0.0,0.0,,
2023-08-18,00:15,26.5,13.3,44.0,ESE,17.7,24.1,1017.54,0.0,0.0,0.0,0.0,,
2023-08-18,00:30,26.6,13.3,43.0,ESE,16.1,25.7,1017.41,0.0,0.0,0.0,0.0,,
2023-08-18,00:45,26.7,13.3,44.0,ESE,12.9,25.7,1017.51,0.0,0.0,0.0,0.0,,
2023-08-18,01:00,26.4,12.8,43.0,ESE,9.7,17.7,1017.51,0.0,0.0,0.0,0.0,,
2023-08-18,01:15,26.2,12.2,43.0,ESE,9.7,17.7,1017.37,0.0,0.0,0.0,0.0,,
2023-08-18,01:30,26.0,12.8,44.0,ESE,11.3,14.5,1017.37,0.0,0.0,0.0,0.0,,
2023-08-18,01:45,25.8,11.7,42.0,ESE,9.7,16.1,1017.24,0.0,0.0,0.0,0.0,,
2023-08-18,02:00,26.4,11.1,39.0,SE,11.3,20.9,1017.0,0.0,0.0,0.0,0.0,,
2023-08-18,02:15,26.4,10.6,38.0,ESE,12.9,19.3,1016.97,0.0,0.0,0.0,0.0,,
2023-08-18,02:30,26.5,10.0,36.0,ESE,14.5,24.1,1016.8,0.0,0.0,0.0,0.0,,
2023-08-18,02:45,26.8,10.0,34.0,EAST,17.7,25.7,1016.8,0.0,0.0,0.0,0.0,,
2023-08-18,03:00,26.8,9.4,34.0,EAST,16.1,20.9,1016.76,0.0,0.0,0.0,0.0,,
2023-08-18,03:15,26.6,9.4,34.0,ESE,9.7,22.5,1016.66,0.0,0.0,0.0,0.0,,
2023-08-18,03:30,26.4,9.4,34.0,ESE,12.9,17.7,1016.56,0.0,0.0,0.0,0.0,,
2023-08-18,03:45,26.2,9.4,35.0,ESE,6.4,14.5,1016.49,0.0,0.0,0.0,0.0,,
2023-08-18,04:00,26.1,9.4,35.0,ESE,6.4,11.3,1016.49,0.0,0.0,0.0,0.0,,
2023-08-18,04:15,26.3,9.4,35.0,ESE,14.5,19.3,1016.53,0.0,0.0,0.0,0.0,,
2023-08-18,04:30,26.3,9.4,34.0,ESE,14.5,19.3,1016.49,0.0,0.0,0.0,0.0,,
2023-08-18,04:45,26.2,9.4,35.0,ESE,14.5,17.7,1016.49,0.0,0.0,0.0,0.0,,
2023-08-18,05:00,25.9,9.4,36.0,SE,14.5,20.9,1016.39,0.0,0.0,0.0,0.0,,
2023-08-18,05:15,25.9,9.4,36.0,ESE,12.9,19.3,1016.22,0.0,0.0,0.0,0.0,,
2023-08-18,05:30,25.7,10.0,37.0,ESE,12.9,17.7,1016.15,0.0,0.0,0.0,0.0,,
2023-08-18,05:45,25.4,11.1,41.0,ESE,19.3,20.9,1016.05,0.0,0.0,0.0,0.0,,
2023-08-18,06:00,25.3,11.7,43.0,ESE,11.3,22.5,1016.02,0.0,0.0,0.0,0.0,,
2023-08-18,06:15,25.2,12.2,44.0,EAST,16.1,20.9,1015.92,0.0,0.0,0.0,0.0,,
2023-08-18,06:30,24.9,12.8,46.0,ESE,9.7,19.3,1016.12,0.0,0.0,0.0,0.0,,
2023-08-18,06:45,24.9,12.2,45.0,ESE,20.9,20.9,1015.95,0.0,0.0,0.0,0.0,,
2023-08-18,07:00,25.2,11.1,42.0,ESE,12.9,22.5,1016.05,0.0,0.0,0.0,23.0,,
2023-08-18,07:15,25.3,11.1,42.0,ESE,11.3,14.5,1016.09,0.0,0.0,0.0,53.0,,
2023-08-18,07:30,25.4,11.7,43.0,ESE,12.9,16.1,1016.05,0.0,0.0,0.0,84.0,,
2023-08-18,07:45,25.8,11.1,40.0,ESE,11.3,17.7,1016.19,0.0,0.0,0.0,130.0,,
2023-08-18,08:00,26.6,10.6,37.0,SE,17.7,20.9,1016.42,0.0,0.0,0.0,178.0,,
2023-08-18,08:15,27.2,11.1,36.0,ESE,11.3,24.1,1016.32,0.0,0.0,0.0,218.0,,
2023-08-18,08:30,27.6,11.1,36.0,ESE,11.3,16.1,1016.15,0.0,0.0,1.0,197.0,,
2023-08-18,08:45,27.8,11.1,35.0,SE,6.4,17.7,1016.39,0.0,0.0,1.0,262.0,,
2023-08-18,09:00,28.0,11.1,35.0,SE,11.3,20.9,1016.66,0.0,0.0,1.0,304.0,,
2023-08-18,09:15,28.4,11.1,34.0,SE,19.3,19.3,1016.56,0.0,0.0,2.0,336.0,,
2023-08-18,09:30,28.5,11.1,34.0,SE,14.5,22.5,1016.56,0.0,0.0,2.0,357.0,,
2023-08-18,09:45,29.1,11.1,33.0,SE,16.1,24.1,1016.53,0.0,0.0,2.0,461.0,,
2023-08-18,10:00,29.8,11.1,32.0,ESE,20.9,25.7,1016.53,0.0,0.0,2.0,454.0,,
2023-08-18,10:15,30.3,12.2,33.0,SE,16.1,22.5,1016.59,0.0,0.0,3.0,568.0,,
2023-08-18,10:30,29.8,12.2,34.0,ESE,16.1,27.4,1016.66,0.0,0.0,3.0,631.0,,
2023-08-18,10:45,30.0,13.9,38.0,SSE,12.9,29.0,1016.53,0.0,0.0,3.0,673.0,,
2023-08-18,11:00,30.3,15.0,40.0,SE,29.0,30.6,1016.63,0.0,0.0,4.0,705.0,,
2023-08-18,11:15,30.6,15.0,39.0,SE,19.3,35.4,1016.7,0.0,0.0,4.0,733.0,,
2023-08-18,11:30,31.0,16.1,41.0,ESE,29.0,38.6,1016.66,0.0,0.0,5.0,761.0,,
2023-08-18,11:45,31.0,16.1,41.0,SE,22.5,37.0,1016.7,0.0,0.0,5.0,784.0,,
2023-08-18,12:00,31.6,16.7,41.0,ESE,22.5,38.6,1016.46,0.0,0.0,5.0,807.0,,
2023-08-18,12:15,31.3,17.8,44.0,SE,32.2,41.8,1016.46,0.0,0.0,5.0,830.0,,
2023-08-18,12:30,32.0,17.8,43.0,SE,24.1,38.6,1016.36,0.0,0.0,6.0,846.0,,
2023-08-18,12:45,32.0,16.7,40.0,ESE,20.9,38.6,1016.19,0.0,0.0,6.0,858.0,,
2023-08-18,13:00,32.6,16.7,38.0,ESE,25.7,40.2,1016.02,0.0,0.0,6.0,868.0,,
2023-08-18,13:15,32.8,17.2,40.0,EAST,19.3,38.6,1016.05,0.0,0.0,6.0,868.0,,
2023-08-18,13:30,32.9,16.7,38.0,ESE,17.7,33.8,1016.12,0.0,0.0,6.0,868.0,,
2023-08-18,13:45,33.1,15.6,35.0,SE,20.9,35.4,1016.15,0.0,0.0,7.0,891.0,,
2023-08-18,14:00,33.5,15.6,35.0,SSE,20.9,38.6,1015.98,0.0,0.0,6.0,891.0,,
2023-08-18,14:15,33.8,13.9,31.0,SE,25.7,41.8,1015.98,0.0,0.0,6.0,953.0,,
2023-08-18,14:30,33.9,14.4,31.0,SE,17.7,40.2,1015.88,0.0,0.0,6.0,888.0,,
2023-08-18,14:45,34.2,13.3,28.0,SE,17.7,35.4,1016.02,0.0,0.0,6.0,854.0,,
2023-08-18,15:00,34.1,15.0,32.0,SE,20.9,35.4,1016.05,0.0,0.0,5.0,851.0,,
2023-08-18,15:15,33.7,13.3,29.0,SE,17.7,43.5,1015.98,0.0,0.0,5.0,812.0,,
2023-08-18,15:30,33.8,13.3,29.0,ESE,25.7,40.2,1016.05,0.0,0.0,5.0,780.0,,
2023-08-18,15:45,33.4,16.1,36.0,SE,27.4,37.0,1016.29,0.0,0.0,4.0,722.0,,
2023-08-18,16:00,33.5,15.6,35.0,ESE,16.1,41.8,1016.05,0.0,0.0,4.0,687.0,,
2023-08-18,16:15,33.9,13.9,30.0,EAST,22.5,38.6,1015.85,0.0,0.0,3.0,657.0,,
2023-08-18,16:30,33.3,14.4,33.0,SE,20.9,38.6,1015.61,0.0,0.0,3.0,626.0,,
2023-08-18,16:45,33.7,13.9,31.0,SE,14.5,40.2,1015.78,0.0,0.0,3.0,578.0,,
2023-08-18,17:00,33.6,13.9,30.0,SE,14.5,33.8,1015.54,0.0,0.0,2.0,540.0,,
2023-08-18,17:15,33.0,13.3,30.0,SE,14.5,32.2,1015.51,0.0,0.0,2.0,485.0,,
2023-08-18,17:30,33.0,13.9,31.0,ESE,16.1,30.6,1015.41,0.0,0.0,2.0,436.0,,
2023-08-18,17:45,32.7,15.0,34.0,SE,4.8,38.6,1015.51,0.0,0.0,1.0,381.0,,
2023-08-18,18:00,31.8,15.0,37.0,SE,20.9,38.6,1015.27,0.0,0.0,1.0,332.0,,
2023-08-18,18:15,31.6,15.0,37.0,SE,29.0,38.6,1015.14,0.0,0.0,1.0,272.0,,
2023-08-18,18:30,31.1,15.6,39.0,ESE,20.9,35.4,1014.97,0.0,0.0,1.0,218.0,,
2023-08-18,18:45,30.5,16.7,44.0,SE,22.5,35.4,1015.1,0.0,0.0,0.0,174.0,,
2023-08-18,19:00,29.7,16.7,47.0,SE,25.7,33.8,1015.14,0.0,0.0,0.0,128.0,,
2023-08-18,19:15,29.2,17.2,48.0,SE,19.3,33.8,1015.24,0.0,0.0,0.0,90.0,,
2023-08-18,19:30,28.8,17.2,50.0,SE,16.1,32.2,1015.44,0.0,0.0,0.0,58.0,,
2023-08-18,19:45,28.6,16.7,50.0,SE,16.1,24.1,1015.37,0.0,0.0,0.0,32.0,,
2023-08-18,20:00,28.3,16.7,50.0,SE,22.5,25.7,1015.51,0.0,0.0,0.0,9.0,,
2023-08-18,20:15,27.7,17.8,56.0,ESE,17.7,25.7,1015.48,0.0,0.0,0.0,0.0,,
2023-08-18,20:30,27.2,17.8,57.0,ESE,14.5,25.7,1015.61,0.0,0.0,0.0,0.0,,
2023-08-18,20:45,27.1,17.8,57.0,SE,17.7,25.7,1015.61,0.0,0.0,0.0,0.0,,
2023-08-18,21:00,26.8,17.8,58.0,SE,14.5,25.7,1015.78,0.0,0.0,0.0,0.0,,
2023-08-18,21:15,26.8,17.2,56.0,SE,12.9,20.9,1015.88,0.0,0.0,0.0,0.0,,
2023-08-18,21:30,26.7,16.7,55.0,ESE,16.1,22.5,1016.05,0.0,0.0,0.0,0.0,,
2023-08-18,21:45,26.9,16.1,52.0,SE,16.1,24.1,1016.22,0.0,0.0,0.0,0.0,,
2023-08-18,22:00,26.6,16.7,55.0,ESE,12.9,20.9,1016.29,0.0,0.0,0.0,0.0,,
2023-08-18,22:15,26.1,17.8,61.0,ESE,16.1,20.9,1016.36,0.0,0.0,0.0,0.0,,
2023-08-18,22:30,25.6,17.8,64.0,ESE,14.5,20.9,1016.46,0.0,0.0,0.0,0.0,,
2023-08-18,22:45,25.4,18.3,65.0,SE,11.3,22.5,1016.32,0.0,0.0,0.0,0.0,,
2023-08-18,23:00,25.3,18.3,67.0,SE,12.9,19.3,1016.42,0.0,0.0,0.0,0.0,,
2023-08-18,23:15,25.0,18.9,69.0,ESE,6.4,16.1,1016.46,0.0,0.0,0.0,0.0,,
2023-08-18,23:30,24.8,18.9,70.0,ESE,11.3,16.1,1016.39,0.0,0.0,0.0,0.0,,
2023-08-18,23:45,24.8,18.9,71.0,ESE,11.3,17.7,1016.19,0.0,0.0,0.0,0.0,,
2023-08-18,OVR,,,,,,,,,,,,gustmax,43.5
2023-08-18,OVR,,,,,,,,,,,,rainrate_max,0.0
2023-08-18,OVR,,,,,,,,,,,,rain_total_mm,0.0
2023-08-18,OVR,,,,,,,,,,,,tmax,34.5
2023-08-18,OVR,,,,,,,,,,,,tmin,24.7
2023-08-18,OVR,,,,,,,,,,,,wind_dir_mean_deg,112.5
2023-08-19,00:00,24.7,19.4,72.0,ESE,17.7,20.9,1016.19,0.0,0.0,0.0,0.0,,
2023-08-19,00:15,24.6,19.4,73.0,SE,12.9,17.7,1016.09,0.0,0.0,0.0,0.0,,
2023-08-19,00:30,24.5,19.4,74.0,SE,11.3,19.3,1016.19,0.0,0.0,0.0,0.0,,
2023-08-19,00:45,24.3,19.4,74.0,ESE,4.8,16.1,1016.59,0.0,0.0,0.0,0.0,,
2023-08-19,01:00,24.3,19.4,75.0,ESE,9.7,9.7,1016.32,0.0,0.0,0.0,0.0,,
2023-08-19,01:15,24.2,19.4,77.0,ESE,11.3,16.1,1016.22,0.0,0.0,0.0,0.0,,
2023-08-19,01:30,24.1,20.0,79.0,SE,4.8,14.5,1016.36,0.0,0.0,0.0,0.0,,
2023-08-19,01:45,23.9,20.0,80.0,SE,6.4,11.3,1016.36,0.0,0.0,0.0,0.0,,
2023-08-19,02:00,23.6,20.0,81.0,SE,6.4,14.5,1016.42,0.0,0.0,0.0,0.0,,
2023-08-19,02:15,23.5,20.0,83.0,ESE,6.4,11.3,1016.22,0.0,0.0,0.0,0.0,,
2023-08-19,02:30,23.2,20.0,84.0,ESE,4.8,9.7,1016.22,0.0,0.0,0.0,0.0,,
2023-08-19,02:45,23.4,20.6,85.0,ESE,14.5,17.7,1015.88,0.0,0.0,0.0,0.0,,
2023-08-19,03:00,23.4,20.6,86.0,ESE,14.5,19.3,1015.82,0.0,0.0,0.0,0.0,,
2023-08-19,03:15,23.2,20.6,86.0,ESE,9.7,14.5,1015.78,0.0,0.0,0.0,0.0,,
2023-08-19,03:30,23.2,20.6,87.0,ESE,11.3,16.1,1015.92,0.0,0.0,0.0,0.0,,
2023-08-19,03:45,23.2,20.6,87.0,ESE,4.8,14.5,1016.02,0.0,0.0,0.0,0.0,,
2023-08-19,04:00,22.9,20.6,87.0,NORTH,0.0,6.4,1015.92,0.0,0.0,0.0,0.0,,
2023-08-19,04:15,22.4,20.0,86.0,ESE,1.6,3.2,1015.82,0.0,0.0,0.0,0.0,,
2023-08-19,04:30,22.3,20.0,88.0,ESE,3.2,4.8,1015.85,0.0,0.0,0.0,0.0,,
2023-08-19,04:45,21.8,19.4,87.0,NORTH,0.0,3.2,1015.75,0.0,0.0,0.0,0.0,,
2023-08-19,05:00,21.9,19.4,88.0,ESE,1.6,3.2,1015.65,0.0,0.0,0.0,0.0,,
2023-08-19,05:15,21.7,19.4,88.0,NORTH,0.0,1.6,1015.58,0.0,0.0,0.0,0.0,,
2023-08-19,05:30,21.8,19.4,89.0,NORTH,0.0,0.0,1015.51,0.0,0.0,0.0,0.0,,
2023-08-19,05:45,21.7,19.4,89.0,ESE,1.6,3.2,1015.44,0.0,0.0,0.0,0.0,,
2023-08-19,06:00,21.2,18.9,88.0,NORTH,0.0,0.0,1015.48,0.0,0.0,0.0,0.0,,
2023-08-19,06:15,21.0,18.9,88.0,NORTH,0.0,0.0,1015.58,0.0,0.0,0.0,0.0,,
2023-08-19,06:30,21.2,19.4,89.0,NORTH,0.0,0.0,1015.82,0.0,0.0,0.0,0.0,,
2023-08-19,06:45,21.3,19.4,89.0,NORTH,0.0,0.0,1015.98,0.0,0.0,0.0,0.0,,
2023-08-19,07:00,21.1,18.9,89.0,NORTH,0.0,0.0,1016.22,0.0,0.0,0.0,16.0,,
2023-08-19,07:15,21.2,19.4,90.0,ESE,3.2,4.8,1016.39,0.0,0.0,0.0,40.0,,
2023-08-19,07:30,21.6,20.0,91.0,NORTH,0.0,3.2,1016.39,0.0,0.0,0.0,76.0,,
2023-08-19,07:45,21.8,20.0,90.0,ESE,1.6,3.2,1016.32,0.0,0.0,0.0,127.0,,
2023-08-19,08:00,22.3,20.0,89.0,NORTH,3.2,6.4,1016.49,0.0,0.0,0.0,179.0,,
2023-08-19,08:15,22.6,20.0,87.0,NORTH,3.2,6.4,1016.59,0.0,0.0,0.0,232.0,,
2023-08-19,08:30,23.0,20.0,85.0,NORTH,4.8,6.4,1016.83,0.0,0.0,1.0,206.0,,
2023-08-19,08:45,24.0,19.4,78.0,NNW,3.2,6.4,1016.86,0.0,0.0,1.0,276.0,,
2023-08-19,09:00,25.8,17.8,62.0,NORTH,0.0,8.0,1016.76,0.0,0.0,1.0,311.0,,
2023-08-19,09:15,26.9,16.1,52.0,EAST,11.3,12.9,1017.0,0.0,0.0,2.0,322.0,,
2023-08-19,09:30,27.4,16.1,50.0,ENE,4.8,17.7,1017.14,0.0,0.0,2.0,378.0,,
2023-08-19,09:45,27.9,15.6,48.0,NE,6.4,16.1,1017.03,0.0,0.0,2.0,413.0,,
2023-08-19,10:00,28.5,16.1,47.0,NE,4.8,14.5,1017.1,0.0,0.0,2.0,459.0,,
2023-08-19,10:15,28.6,15.6,46.0,NORTH,0.0,11.3,1017.1,0.0,0.0,3.0,626.0,,
2023-08-19,10:30,29.4,15.6,44.0,NE,6.4,12.9,1017.07,0.0,0.0,3.0,649.0,,
2023-08-19,10:45,30.2,16.1,42.0,ENE,3.2,11.3,1017.03,0.0,0.0,4.0,703.0,,
2023-08-19,11:00,30.6,15.6,41.0,ENE,4.8,12.9,1017.07,0.0,0.0,4.0,759.0,,
2023-08-19,11:15,30.8,15.6,40.0,NE,3.2,16.1,1017.0,0.0,0.0,4.0,747.0,,
2023-08-19,11:30,30.9,16.1,41.0,ESE,6.4,14.5,1017.24,0.0,0.0,4.0,731.0,,
2023-08-19,11:45,31.4,16.7,41.0,SSE,4.8,19.3,1017.31,0.0,0.0,5.0,925.0,,
2023-08-19,12:00,32.4,15.6,37.0,SE,12.9,17.7,1017.17,0.0,0.0,6.0,877.0,,
2023-08-19,12:15,32.4,16.1,37.0,ESE,14.5,14.5,1017.07,0.0,0.0,5.0,724.0,,
2023-08-19,12:30,32.1,15.6,38.0,ESE,1.6,19.3,1017.24,0.0,0.0,4.0,466.0,,
2023-08-19,12:45,32.2,16.1,38.0,SSE,4.8,17.7,1017.34,0.0,0.0,5.0,503.0,,
2023-08-19,13:00,32.3,16.1,38.0,SE,1.6,16.1,1017.17,0.0,0.0,5.0,737.0,,
2023-08-19,13:15,32.7,16.1,37.0,NE,8.0,17.7,1017.17,0.0,0.0,6.0,872.0,,
2023-08-19,13:30,33.3,16.7,37.0,ESE,11.3,17.7,1016.93,0.0,0.0,5.0,693.0,,
2023-08-19,13:45,33.2,16.7,37.0,SE,17.7,16.1,1017.0,0.0,0.0,5.0,587.0,,
2023-08-19,14:00,33.1,16.7,38.0,SSE,8.0,17.7,1017.0,0.0,0.0,4.0,624.0,,
2023-08-19,14:15,33.1,16.7,38.0,SSE,1.6,16.1,1017.17,0.0,0.0,6.0,912.0,,
2023-08-19,14:30,33.7,16.7,36.0,ESE,11.3,20.9,1017.1,0.0,0.0,5.0,661.0,,
2023-08-19,14:45,33.7,16.7,37.0,SSE,6.4,20.9,1016.97,0.0,0.0,5.0,754.0,,
2023-08-19,15:00,33.8,16.7,37.0,SE,12.9,22.5,1016.9,0.0,0.0,5.0,828.0,,
2023-08-19,15:15,33.1,20.6,49.0,NW,11.3,22.5,1016.97,0.0,0.0,4.0,686.0,,
2023-08-19,15:30,32.9,21.1,50.0,SW,6.4,25.7,1016.93,0.0,0.0,5.0,758.0,,
2023-08-19,15:45,32.8,22.2,54.0,WSW,6.4,16.1,1017.1,0.0,0.0,4.0,719.0,,
2023-08-19,16:00,32.0,21.7,56.0,WNW,17.7,27.4,1017.24,0.0,0.0,4.0,686.0,,
2023-08-19,16:15,31.3,22.2,59.0,WNW,22.5,30.6,1017.27,0.0,0.0,3.0,645.0,,
2023-08-19,16:30,30.8,22.8,62.0,WEST,6.4,30.6,1017.51,0.0,0.0,3.0,606.0,,
2023-08-19,16:45,29.8,22.8,66.0,WEST,19.3,35.4,1017.64,0.0,0.0,3.0,568.0,,
2023-08-19,17:00,29.3,22.2,66.0,NW,19.3,33.8,1017.54,0.0,0.0,2.0,526.0,,
2023-08-19,17:15,29.6,22.2,66.0,WEST,17.7,33.8,1017.75,0.0,0.0,2.0,480.0,,
2023-08-19,17:30,29.2,21.7,66.0,WNW,20.9,33.8,1017.64,0.0,0.0,2.0,431.0,,
2023-08-19,17:45,28.9,22.2,68.0,WNW,19.3,25.7,1017.75,0.0,0.0,1.0,381.0,,
2023-08-19,18:00,28.8,22.2,68.0,WNW,17.7,37.0,1017.68,0.0,0.0,1.0,334.0,,
2023-08-19,18:15,28.6,22.2,69.0,ENE,11.3,30.6,1017.68,0.0,0.0,1.0,279.0,,
2023-08-19,18:30,28.2,21.7,69.0,WNW,16.1,27.4,1017.64,0.0,0.0,1.0,230.0,,
2023-08-19,18:45,28.3,21.1,66.0,WEST,14.5,30.6,1017.78,0.0,0.0,0.0,178.0,,
2023-08-19,19:00,28.3,20.6,64.0,NW,12.9,22.5,1017.85,0.0,0.0,0.0,128.0,,
2023-08-19,19:15,27.9,21.1,66.0,WEST,20.9,24.1,1017.95,0.0,0.0,0.0,83.0,,
2023-08-19,19:30,27.6,21.1,68.0,WNW,11.3,29.0,1017.91,0.0,0.0,0.0,47.0,,
2023-08-19,19:45,27.4,21.1,70.0,WEST,12.9,20.9,1017.91,0.0,0.0,0.0,18.0,,
2023-08-19,20:00,26.8,21.1,73.0,WEST,9.7,17.7,1018.02,0.0,0.0,0.0,11.0,,
2023-08-19,20:15,26.6,21.7,75.0,WEST,6.4,12.9,1018.22,0.0,0.0,0.0,0.0,,
2023-08-19,20:30,26.4,21.7,76.0,WEST,1.6,9.7,1018.22,0.0,0.0,0.0,0.0,,
2023-08-19,20:45,25.9,21.7,78.0,NORTH,0.0,12.9,1018.32,0.0,0.0,0.0,0.0,,
2023-08-19,21:00,25.6,21.7,79.0,WNW,9.7,12.9,1018.39,0.0,0.0,0.0,0.0,,
2023-08-19,21:15,25.3,21.7,81.0,WEST,3.2,9.7,1018.42,0.0,0.0,0.0,0.0,,
2023-08-19,21:30,24.9,21.1,82.0,WEST,3.2,12.9,1018.8,0.0,0.0,0.0,0.0,,
2023-08-19,21:45,24.6,21.1,83.0,NW,3.2,16.1,1018.8,0.0,0.0,0.0,0.0,,
2023-08-19,22:00,24.6,21.7,84.0,WEST,1.6,14.5,1019.03,0.0,0.0,0.0,0.0,,
2023-08-19,22:15,24.7,21.7,85.0,WEST,3.2,3.2,1019.07,0.0,0.0,0.0,0.0,,
2023-08-19,22:30,24.7,22.2,86.0,NORTH,0.0,4.8,1019.03,0.0,0.0,0.0,0.0,,
2023-08-19,22:45,24.7,22.2,87.0,WEST,1.6,4.8,1019.03,0.0,0.0,0.0,0.0,,
2023-08-19,23:00,24.6,22.2,88.0,WEST,1.6,6.4,1019.13,0.0,0.0,0.0,0.0,,
2023-08-19,23:15,24.4,22.2,88.0,NORTH,0.0,3.2,1019.13,0.0,0.0,0.0,0.0,,
2023-08-19,23:30,24.1,21.7,88.0,WEST,1.6,3.2,1019.13,0.0,0.0,0.0,0.0,,
2023-08-19,23:45,23.8,21.7,89.0,WEST,1.6,3.2,1019.13,0.0,0.0,0.0,0.0,,
2023-08-19,OVR,,,,,,,,,,,,gustmax,38.6
2023-08-19,OVR,,,,,,,,,,,,rainrate_max,0.0
2023-08-19,OVR,,,,,,,,,,,,rain_total_mm,0.0
2023-08-19,OVR,,,,,,,,,,,,tmax,34.7
2023-08-19,OVR,,,,,,,,,,,,tmin,21.0
2023-08-19,OVR,,,,,,,,,,,,wind_dir_mean_deg,112.5
2023-08-20,00:00,23.3,21.1,89.0,WEST,1.6,3.2,1019.13,0.0,0.0,0.0,0.0,,
2023-08-20,00:15,22.7,20.6,88.0,NORTH,0.0,4.8,1019.24,0.0,0.0,0.0,0.0,,
2023-08-20,00:30,22.6,20.6,89.0,NORTH,0.0,1.6,1019.13,0.0,0.0,0.0,0.0,,
2023-08-20,00:45,22.5,20.6,89.0,WEST,1.6,3.2,1019.03,0.0,0.0,0.0,0.0,,
2023-08-20,01:00,22.5,20.6,89.0,WEST,1.6,4.8,1018.93,0.0,0.0,0.0,0.0,,
2023-08-20,01:15,22.2,20.0,89.0,WEST,1.6,3.2,1018.96,0.0,0.0,0.0,0.0,,
2023-08-20,01:30,21.9,19.4,88.0,WEST,3.2,4.8,1018.93,0.0,0.0,0.0,0.0,,
2023-08-20,01:45,22.3,20.0,87.0,WEST,3.2,4.8,1018.9,0.0,0.0,0.0,0.0,,
2023-08-20,02:00,22.3,20.0,86.0,WEST,1.6,3.2,1018.83,0.0,0.0,0.0,0.0,,
2023-08-20,02:15,22.5,20.0,86.0,WEST,1.6,4.8,1018.63,0.0,0.0,0.0,0.0,,
2023-08-20,02:30,22.4,19.4,85.0,NORTH,0.0,3.2,1018.63,0.0,0.0,0.0,0.0,,
2023-08-20,02:45,22.3,19.4,85.0,WEST,3.2,4.8,1018.46,0.0,0.0,0.0,0.0,,
2023-08-20,03:00,22.3,19.4,85.0,NORTH,0.0,4.8,1018.52,0.0,0.0,0.0,0.0,,
2023-08-20,03:15,22.4,19.4,85.0,NORTH,0.0,4.8,1018.73,0.0,0.0,0.0,0.0,,
2023-08-20,03:30,22.5,20.0,86.0,NORTH,0.0,3.2,1018.66,0.0,0.0,0.0,0.0,,
2023-08-20,03:45,22.6,20.0,86.0,NORTH,0.0,3.2,1018.49,0.0,0.0,0.0,0.0,,
2023-08-20,04:00,22.4,20.0,86.0,WEST,1.6,3.2,1018.42,0.0,0.0,0.0,0.0,,
2023-08-20,04:15,22.0,19.4,85.0,NORTH,0.0,3.2,1018.39,0.0,0.0,0.0,0.0,,
2023-08-20,04:30,22.0,19.4,86.0,WEST,3.2,4.8,1018.29,0.0,0.0,0.0,0.0,,
2023-08-20,04:45,22.1,18.9,83.0,WEST,1.6,3.2,1018.22,0.0,0.0,0.0,0.0,,
2023-08-20,05:00,21.9,18.9,83.0,NORTH,0.0,1.6,1018.08,0.0,0.0,0.0,0.0,,
2023-08-20,05:15,22.0,18.9,84.0,NORTH,0.0,0.0,1018.05,0.0,0.0,0.0,0.0,,
2023-08-20,05:30,22.2,19.4,85.0,NORTH,0.0,0.0,1018.08,0.0,0.0,0.0,0.0,,
2023-08-20,06:00,22.1,19.4,85.0,NORTH,0.0,3.2,1018.22,0.0,0.0,0.0,0.0,,
2023-08-20,06:15,22.0,18.9,85.0,NORTH,0.0,0.0,1018.32,0.0,0.0,0.0,0.0,,
2023-08-20,06:30,22.0,18.9,85.0,WEST,3.2,4.8,1018.42,0.0,0.0,0.0,0.0,,
2023-08-20,06:45,21.9,18.9,85.0,NORTH,0.0,3.2,1018.39,0.0,0.0,0.0,0.0,,
2023-08-20,07:00,21.8,18.9,85.0,NORTH,0.0,0.0,1018.59,0.0,0.0,0.0,16.0,,
2023-08-20,07:15,22.1,19.4,86.0,NORTH,0.0,0.0,1018.46,0.0,0.0,0.0,42.0,,
2023-08-20,07:30,22.6,20.0,87.0,NORTH,0.0,0.0,1018.56,0.0,0.0,0.0,79.0,,
2023-08-20,07:45,23.0,20.6,88.0,WEST,3.2,3.2,1018.76,0.0,0.0,0.0,148.0,,
2023-08-20,08:00,22.3,20.6,91.0,NORTH,0.0,4.8,1018.73,0.0,0.0,0.0,86.0,,
2023-08-20,08:15,22.1,20.6,93.0,NORTH,0.0,1.6,1018.76,0.0,0.0,0.0,229.0,,
2023-08-20,08:30,22.3,21.1,93.0,NORTH,0.0,3.2,1018.76,0.0,0.0,1.0,200.0,,
2023-08-20,08:45,23.1,21.7,93.0,NORTH,0.0,3.2,1019.0,0.0,0.0,1.0,271.0,,
2023-08-20,09:00,24.4,21.7,87.0,NORTH,0.0,0.0,1018.86,0.0,0.0,1.0,304.0,,
2023-08-20,09:15,25.1,20.6,77.0,WEST,3.2,6.4,1019.03,0.0,0.0,2.0,309.0,,
2023-08-20,09:30,26.0,20.6,73.0,WEST,4.8,4.8,1018.86,0.0,0.0,2.0,387.0,,
2023-08-20,09:45,26.8,20.6,69.0,NW,6.4,11.3,1018.9,0.0,0.0,2.0,438.0,,
2023-08-20,10:00,27.5,20.0,65.0,NW,8.0,11.3,1018.86,0.0,0.0,3.0,466.0,,
2023-08-20,10:15,28.2,19.4,60.0,WNW,8.0,8.0,1018.96,0.0,0.0,3.0,606.0,,
2023-08-20,10:30,28.8,20.0,60.0,NW,11.3,9.7,1019.03,0.0,0.0,3.0,654.0,,
2023-08-20,10:45,28.9,21.1,63.0,WEST,9.7,16.1,1019.0,0.0,0.0,4.0,691.0,,
2023-08-20,11:00,29.6,21.7,62.0,WEST,1.6,16.1,1018.96,0.0,0.0,4.0,724.0,,
2023-08-20,11:15,29.9,20.6,59.0,WNW,11.3,19.3,1018.93,0.0,0.0,4.0,759.0,,
2023-08-20,11:30,30.6,21.1,57.0,WEST,14.5,19.3,1019.03,0.0,0.0,5.0,788.0,,
2023-08-20,11:45,30.6,20.6,56.0,WNW,3.2,19.3,1019.03,0.0,0.0,5.0,814.0,,
2023-08-20,12:00,31.2,20.6,54.0,WEST,11.3,19.3,1018.86,0.0,0.0,5.0,837.0,,
2023-08-20,12:15,32.1,19.4,48.0,WNW,14.5,20.9,1018.59,0.0,0.0,6.0,860.0,,
2023-08-20,12:30,32.1,20.6,52.0,NW,12.9,29.0,1018.56,0.0,0.0,6.0,874.0,,
2023-08-20,12:45,32.4,20.6,50.0,WNW,14.5,27.4,1018.56,0.0,0.0,6.0,875.0,,
2023-08-20,13:00,32.6,21.1,50.0,WNW,22.5,25.7,1018.52,0.0,0.0,6.0,884.0,,
2023-08-20,13:15,32.7,21.1,51.0,WNW,8.0,32.2,1018.35,0.0,0.0,6.0,884.0,,
2023-08-20,13:30,32.8,22.2,54.0,WNW,3.2,27.4,1018.05,0.0,0.0,6.0,886.0,,
2023-08-20,13:45,32.7,22.8,56.0,WNW,16.1,30.6,1018.08,0.0,0.0,6.0,884.0,,
2023-08-20,14:00,32.5,22.8,56.0,WEST,22.5,27.4,1018.15,0.0,0.0,6.0,872.0,,
2023-08-20,14:15,32.6,21.7,53.0,NE,9.7,29.0,1018.05,0.0,0.0,6.0,860.0,,
2023-08-20,14:30,32.9,20.0,47.0,NE,24.1,40.2,1017.85,0.0,0.0,6.0,847.0,,
2023-08-20,14:45,33.1,19.4,45.0,NNE,27.4,41.8,1017.78,0.0,0.0,6.0,830.0,,
2023-08-20,15:00,33.1,19.4,45.0,WNW,24.1,48.3,1017.75,0.0,0.0,5.0,807.0,,
2023-08-20,15:15,33.0,18.9,44.0,WSW,16.1,43.5,1017.68,0.0,0.0,5.0,782.0,,
2023-08-20,15:30,33.0,18.3,42.0,WEST,17.7,40.2,1017.61,0.0,0.0,5.0,752.0,,
2023-08-20,15:45,32.8,18.9,45.0,ENE,20.9,41.8,1017.78,0.0,0.0,4.0,722.0,,
2023-08-20,16:00,32.8,18.3,42.0,WNW,20.9,43.5,1017.64,0.0,0.0,4.0,689.0,,
2023-08-20,16:15,32.5,19.4,47.0,WEST,24.1,46.7,1017.61,0.0,0.0,3.0,656.0,,
2023-08-20,16:30,32.4,19.4,47.0,WEST,22.5,51.5,1017.58,0.0,0.0,3.0,617.0,,
2023-08-20,16:45,32.2,20.6,50.0,WNW,14.5,40.2,1017.51,0.0,0.0,3.0,578.0,,
2023-08-20,17:00,31.8,19.4,49.0,WEST,29.0,45.1,1017.37,0.0,0.0,2.0,534.0,,
2023-08-20,17:15,31.4,20.0,52.0,WEST,20.9,43.5,1017.51,0.0,0.0,2.0,487.0,,
2023-08-20,17:30,31.0,18.9,48.0,WNW,14.5,40.2,1017.44,0.0,0.0,2.0,441.0,,
2023-08-20,17:45,31.4,20.0,51.0,NW,16.1,29.0,1017.54,0.0,0.0,1.0,388.0,,
2023-08-20,18:00,30.9,20.0,53.0,SW,3.2,20.9,1017.58,0.0,0.0,1.0,339.0,,
2023-08-20,18:15,30.8,21.1,57.0,SOUTH,1.6,17.7,1017.58,0.0,0.0,1.0,283.0,,
2023-08-20,18:30,30.6,20.0,54.0,,3.2,16.1,1017.61,0.0,0.0,1.0,232.0,,
2023-08-20,18:45,30.6,20.0,55.0,WSW,6.4,16.1,1017.75,0.0,0.0,0.0,174.0,,
2023-08-20,19:00,30.4,19.4,52.0,SOUTH,3.2,19.3,1017.81,0.0,0.0,0.0,127.0,,
2023-08-20,19:15,29.9,20.0,57.0,WSW,4.8,16.1,1017.78,0.0,0.0,0.0,81.0,,
2023-08-20,19:30,29.6,19.4,55.0,SOUTH,3.2,12.9,1017.71,0.0,0.0,0.0,46.0,,
2023-08-20,19:45,29.3,19.4,57.0,WSW,4.8,11.3,1018.02,0.0,0.0,0.0,23.0,,
2023-08-20,20:00,28.9,19.4,57.0,SOUTH,1.6,8.0,1018.15,0.0,0.0,0.0,12.0,,
2023-08-20,20:15,28.6,19.4,58.0,SSE,6.4,9.7,1018.35,0.0,0.0,0.0,0.0,,
2023-08-20,20:30,28.0,19.4,59.0,SE,3.2,11.3,1018.56,0.0,0.0,0.0,0.0,,
2023-08-20,20:45,27.8,18.9,60.0,SE,4.8,9.7,1018.59,0.0,0.0,0.0,0.0,,
2023-08-20,21:00,27.4,18.9,61.0,SE,6.4,6.4,1018.8,0.0,0.0,0.0,0.0,,
2023-08-20,21:15,27.1,18.9,62.0,SE,4.8,8.0,1019.1,0.0,0.0,0.0,0.0,,
2023-08-20,21:30,26.7,19.4,64.0,ESE,8.0,12.9,1019.4,0.0,0.0,0.0,0.0,,
2023-08-20,21:45,26.7,18.9,64.0,SE,8.0,16.1,1019.4,0.0,0.0,0.0,0.0,,
2023-08-20,22:00,26.4,18.9,65.0,SE,12.9,14.5,1019.47,0.0,0.0,0.0,0.0,,
2023-08-20,22:15,26.1,18.9,66.0,SE,8.0,14.5,1019.57,0.0,0.0,0.0,0.0,,
2023-08-20,22:30,25.9,19.4,68.0,SE,8.0,14.5,1019.51,0.0,0.0,0.0,0.0,,
2023-08-20,22:45,25.6,19.4,69.0,SE,12.9,12.9,1019.78,0.0,0.0,0.0,0.0,,
2023-08-20,23:00,25.4,18.9,68.0,ESE,6.4,12.9,1019.64,0.0,0.0,0.0,0.0,,
2023-08-20,23:15,25.7,18.3,64.0,SE,8.0,11.3,1019.68,0.0,0.0,0.0,0.0,,
2023-08-20,23:30,25.9,17.8,62.0,SE,6.4,11.3,1019.84,0.0,0.0,0.0,0.0,,
2023-08-20,23:45,26.1,17.2,60.0,SE,6.4,12.9,1019.68,0.0,0.0,0.0,0.0,,
2023-08-20,OVR,,,,,,,,,,,,gustmax,51.5
2023-08-20,OVR,,,,,,,,,,,,rainrate_max,0.0
2023-08-20,OVR,,,,,,,,,,,,rain_total_mm,0.0
2023-08-20,OVR,,,,,,,,,,,,tmax,33.3
2023-08-20,OVR,,,,,,,,,,,,tmin,21.8
2023-08-20,OVR,,,,,,,,,,,,wind_dir_mean_deg,270.0
2023-08-21,00:00,26.1,17.8,60.0,SE,6.4,11.3,1019.61,0.0,0.0,0.0,0.0,,
2023-08-21,00:30,25.8,17.8,63.0,NORTH,0.0,12.9,1019.57,0.0,0.0,0.0,0.0,,
2023-08-21,00:45,25.4,17.2,61.0,ESE,4.8,8.0,1019.64,0.0,0.0,0.0,0.0,,
2023-08-21,01:00,25.3,16.7,60.0,ESE,1.6,9.7,1019.61,0.0,0.0,0.0,0.0,,
2023-08-21,01:15,25.1,16.7,60.0,ESE,3.2,6.4,1019.57,0.0,0.0,0.0,0.0,,
2023-08-21,01:30,25.2,16.1,58.0,NORTH,0.0,6.4,1019.51,0.0,0.0,0.0,0.0,,
2023-08-21,01:45,25.2,17.2,62.0,NORTH,0.0,4.8,1019.61,0.0,0.0,0.0,0.0,,
2023-08-21,02:00,24.8,17.2,64.0,ESE,1.6,4.8,1019.64,0.0,0.0,0.0,0.0,,
2023-08-21,02:15,24.6,17.2,64.0,ESE,4.8,4.8,1019.51,0.0,0.0,0.0,0.0,,
2023-08-21,02:30,24.3,16.7,63.0,ESE,3.2,4.8,1019.34,0.0,0.0,0.0,0.0,,
2023-08-21,02:45,24.3,16.7,63.0,ESE,4.8,4.8,1019.27,0.0,0.0,0.0,0.0,,
2023-08-21,03:00,24.3,17.2,64.0,ESE,6.4,6.4,1019.13,0.0,0.0,0.0,0.0,,
2023-08-21,03:15,24.3,17.2,66.0,NORTH,0.0,0.0,1019.03,0.0,0.0,0.0,0.0,,
2023-08-21,03:30,24.2,17.2,65.0,NORTH,0.0,3.2,1019.13,0.0,0.0,0.0,0.0,,
2023-08-21,03:45,24.1,16.7,65.0,ESE,1.6,9.7,1019.2,0.0,0.0,0.0,0.0,,
2023-08-21,04:00,24.5,17.2,64.0,ESE,3.2,6.4,1019.13,0.0,0.0,0.0,0.0,,
2023-08-21,04:15,24.6,16.7,63.0,ESE,1.6,3.2,1019.13,0.0,0.0,0.0,0.0,,
2023-08-21,04:30,24.5,16.7,63.0,ESE,3.2,3.2,1019.0,0.0,0.0,0.0,0.0,,
2023-08-21,04:45,24.4,16.7,63.0,NORTH,0.0,4.8,1018.9,0.0,0.0,0.0,0.0,,
2023-08-21,05:00,24.6,17.2,64.0,ESE,1.6,3.2,1018.83,0.0,0.0,0.0,0.0,,
2023-08-21,05:15,24.8,17.2,64.0,NORTH,0.0,4.8,1018.73,0.0,0.0,0.0,0.0,,
2023-08-21,05:30,24.8,17.2,64.0,NORTH,0.0,0.0,1018.59,0.0,0.0,0.0,0.0,,
2023-08-21,05:45,24.6,17.2,65.0,NORTH,0.0,0.0,1018.56,0.0,0.0,0.0,0.0,,
2023-08-21,06:00,24.4,17.2,65.0,NW,1.6,4.8,1018.59,0.0,0.0,0.0,0.0,,
2023-08-21,06:15,24.3,17.2,64.0,NW,1.6,3.2,1018.66,0.0,0.0,0.0,0.0,,
2023-08-21,06:30,24.3,17.2,65.0,NORTH,0.0,3.2,1018.56,0.0,0.0,0.0,0.0,,
2023-08-21,06:45,24.2,17.2,65.0,NW,3.2,3.2,1018.59,0.0,0.0,0.0,0.0,,
2023-08-21,07:00,24.4,17.2,64.0,NORTH,0.0,3.2,1018.83,0.0,0.0,0.0,14.0,,
2023-08-21,07:15,24.4,16.7,62.0,NW,3.2,3.2,1018.8,0.0,0.0,0.0,33.0,,
2023-08-21,07:30,24.9,16.7,61.0,NORTH,0.0,6.4,1019.03,0.0,0.0,0.0,76.0,,
2023-08-21,07:45,25.3,16.1,58.0,NNW,4.8,6.4,1018.93,0.0,0.0,0.0,127.0,,
2023-08-21,08:00,25.4,16.1,57.0,NW,4.8,8.0,1019.03,0.0,0.0,0.0,181.0,,
2023-08-21,08:15,25.8,16.1,56.0,NW,4.8,8.0,1018.96,0.0,0.0,0.0,218.0,,
2023-08-21,08:30,26.3,16.1,53.0,NW,1.6,6.4,1019.0,0.0,0.0,1.0,197.0,,
2023-08-21,08:45,27.1,16.1,51.0,WNW,8.0,11.3,1019.03,0.0,0.0,1.0,267.0,,
2023-08-21,09:00,27.8,15.6,48.0,WNW,6.4,17.7,1019.03,0.0,0.0,1.0,306.0,,
2023-08-21,09:15,28.3,16.1,47.0,NW,4.8,12.9,1019.03,0.0,0.0,2.0,301.0,,
2023-08-21,09:30,29.2,16.1,45.0,NNW,8.0,12.9,1019.17,0.0,0.0,2.0,410.0,,
2023-08-21,09:45,29.7,16.1,44.0,NW,9.7,17.7,1019.17,0.0,0.0,2.0,424.0,,
2023-08-21,10:00,29.9,15.6,42.0,NNW,8.0,22.5,1019.3,0.0,0.0,2.0,478.0,,
2023-08-21,10:15,30.5,16.1,42.0,NNW,4.8,14.5,1019.2,0.0,0.0,3.0,606.0,,
2023-08-21,10:30,30.8,16.1,41.0,WNW,4.8,12.9,1019.07,0.0,0.0,3.0,643.0,,
2023-08-21,10:45,31.4,16.1,39.0,NORTH,0.0,12.9,1019.1,0.0,0.0,4.0,682.0,,
2023-08-21,11:00,31.9,15.6,38.0,ENE,3.2,14.5,1019.03,0.0,0.0,4.0,715.0,,
2023-08-21,11:15,33.1,16.7,38.0,SE,6.4,11.3,1019.1,0.0,0.0,4.0,742.0,,
2023-08-21,11:30,33.1,16.7,38.0,SE,6.4,11.3,1019.07,0.0,0.0,5.0,766.0,,
2023-08-21,11:45,31.9,16.1,39.0,NORTH,0.0,20.9,1018.96,0.0,0.0,5.0,786.0,,
2023-08-21,12:00,33.1,16.1,36.0,SSE,14.5,17.7,1018.9,0.0,0.0,5.0,821.0,,
2023-08-21,12:15,33.0,15.6,36.0,SE,3.2,20.9,1019.03,0.0,0.0,5.0,831.0,,
2023-08-21,12:30,33.7,15.6,34.0,EAST,4.8,16.1,1018.93,0.0,0.0,6.0,854.0,,
2023-08-21,12:45,33.8,16.1,35.0,ESE,4.8,20.9,1018.73,0.0,0.0,6.0,854.0,,
2023-08-21,13:00,34.6,16.1,34.0,ESE,9.7,14.5,1018.49,0.0,0.0,6.0,870.0,,
2023-08-21,13:15,35.1,16.1,32.0,ENE,12.9,22.5,1018.59,0.0,0.0,6.0,942.0,,
2023-08-21,13:30,34.0,16.1,34.0,ESE,1.6,20.9,1018.56,0.0,0.0,4.0,253.0,,
2023-08-21,13:45,34.6,16.1,34.0,NNE,6.4,17.7,1018.46,0.0,0.0,3.0,199.0,,
2023-08-21,14:00,34.9,16.1,33.0,NORTH,0.0,16.1,1018.15,0.0,0.0,6.0,928.0,,
2023-08-21,14:15,35.1,16.7,33.0,ESE,16.1,22.5,1018.25,0.0,0.0,3.0,230.0,,
2023-08-21,14:30,35.3,16.7,33.0,EAST,9.7,17.7,1018.29,0.0,0.0,5.0,967.0,,
2023-08-21,14:45,34.7,16.7,34.0,ENE,8.0,14.5,1018.15,0.0,0.0,3.0,250.0,,
2023-08-21,15:00,34.7,16.7,35.0,SE,14.5,25.7,1018.22,0.0,0.0,5.0,905.0,,
2023-08-21,15:15,34.9,17.2,35.0,SSE,17.7,29.0,1018.05,0.0,0.0,4.0,918.0,,
2023-08-21,15:30,35.3,17.2,35.0,EAST,9.7,33.8,1017.95,0.0,0.0,4.0,851.0,,
2023-08-21,15:45,35.3,17.8,35.0,ESE,3.2,30.6,1017.95,0.0,0.0,4.0,728.0,,
2023-08-21,16:00,34.3,17.2,37.0,SSE,16.1,30.6,1018.02,0.0,0.0,3.0,592.0,,
2023-08-21,16:15,34.2,17.2,37.0,SE,6.4,25.7,1018.15,0.0,0.0,2.0,230.0,,
2023-08-21,16:30,34.3,17.8,37.0,SSE,9.7,19.3,1018.05,0.0,0.0,3.0,647.0,,
2023-08-21,16:45,34.4,17.8,38.0,SE,12.9,24.1,1018.05,0.0,0.0,2.0,167.0,,
2023-08-21,17:00,33.9,17.8,38.0,NORTH,0.0,25.7,1018.22,0.0,0.0,2.0,536.0,,
2023-08-21,17:15,34.2,18.3,39.0,WEST,20.9,22.5,1018.19,0.0,0.0,2.0,541.0,,
2023-08-21,17:30,33.3,17.8,40.0,WNW,12.9,24.1,1018.15,0.0,0.0,1.0,221.0,,
2023-08-21,17:45,33.2,18.3,41.0,WEST,20.9,30.6,1018.02,0.0,0.0,1.0,392.0,,
2023-08-21,18:00,32.9,17.2,40.0,WNW,17.7,27.4,1018.08,0.0,0.0,1.0,287.0,,
2023-08-21,18:15,32.5,17.2,40.0,WEST,11.3,27.4,1017.98,0.0,0.0,1.0,262.0,,
2023-08-21,18:30,32.6,17.2,40.0,WNW,8.0,22.5,1018.22,0.0,0.0,1.0,199.0,,
2023-08-21,18:45,32.1,17.2,42.0,WEST,9.7,14.5,1018.29,0.0,0.0,0.0,63.0,,
2023-08-21,19:00,32.2,17.2,42.0,WSW,4.8,17.7,1018.22,0.0,0.0,0.0,107.0,,
2023-08-21,19:15,32.1,17.2,42.0,WNW,6.4,11.3,1018.52,0.0,0.0,0.0,67.0,,
2023-08-21,19:30,31.9,17.8,43.0,SOUTH,8.0,6.4,1018.52,0.0,0.0,0.0,40.0,,
2023-08-21,19:45,31.2,17.8,45.0,SE,8.0,16.1,1018.66,0.0,0.0,0.0,21.0,,
2023-08-21,20:00,30.9,18.3,48.0,SE,3.2,12.9,1018.76,0.0,0.0,0.0,11.0,,
2023-08-21,20:15,30.4,18.3,50.0,SE,1.6,8.0,1018.83,0.0,0.0,0.0,0.0,,
2023-08-21,20:30,29.9,18.3,50.0,SE,4.8,6.4,1018.9,0.0,0.0,0.0,0.0,,
2023-08-21,20:45,29.4,17.8,51.0,SE,4.8,8.0,1019.07,0.0,0.0,0.0,0.0,,
2023-08-21,21:00,29.1,18.3,52.0,SE,11.3,14.5,1019.37,0.0,0.0,0.0,0.0,,
2023-08-21,21:15,28.9,18.9,55.0,ESE,12.9,17.7,1019.37,0.0,0.0,0.0,0.0,,
2023-08-21,21:30,28.6,18.9,57.0,SE,11.3,22.5,1019.44,0.0,0.0,0.0,0.0,,
2023-08-21,21:45,28.1,19.4,59.0,ESE,20.9,19.3,1019.74,0.0,0.0,0.0,0.0,,
2023-08-21,22:00,27.9,19.4,60.0,ESE,16.1,20.9,1019.74,0.0,0.0,0.0,0.0,,
2023-08-21,22:15,27.7,18.9,60.0,ESE,19.3,19.3,1019.74,0.0,0.0,0.0,0.0,,
2023-08-21,22:30,27.7,18.9,60.0,ESE,11.3,19.3,1019.88,0.0,0.0,0.0,0.0,,
2023-08-21,22:45,27.6,18.9,60.0,ESE,12.9,16.1,1019.84,0.0,0.0,0.0,0.0,,
2023-08-21,23:00,28.0,18.3,57.0,ESE,11.3,19.3,1019.81,0.0,0.0,0.0,0.0,,
2023-08-21,23:15,28.2,18.9,58.0,ESE,12.9,16.1,1019.64,0.0,0.0,0.0,0.0,,
2023-08-21,23:30,27.7,18.9,59.0,ESE,12.9,17.7,1019.98,0.0,0.0,0.0,0.0,,
2023-08-21,23:45,27.5,18.3,58.0,ESE,8.0,16.1,1019.91,0.0,0.0,0.0,0.0,,
2023-08-21,OVR,,,,,,,,,,,,gustmax,33.8
2023-08-21,OVR,,,,,,,,,,,,rainrate_max,0.0
2023-08-21,OVR,,,,,,,,,,,,rain_total_mm,0.0
2023-08-21,OVR,,,,,,,,,,,,tmax,35.6
2023-08-21,OVR,,,,,,,,,,,,tmin,24.1
2023-08-21,OVR,,,,,,,,,,,,wind_dir_mean_deg,112.5
2023-08-22,00:00,27.1,18.3,59.0,SE,8.0,12.9,1019.91,0.0,0.0,0.0,0.0,,
2023-08-22,00:15,26.9,18.9,61.0,ESE,6.4,12.9,1019.81,0.0,0.0,0.0,0.0,,
2023-08-22,00:30,26.7,18.9,62.0,ESE,6.4,11.3,1019.84,0.0,0.0,0.0,0.0,,
2023-08-22,00:45,26.2,18.3,64.0,SE,6.4,9.7,1019.98,0.0,0.0,0.0,0.0,,
2023-08-22,01:00,25.8,18.3,64.0,SE,3.2,6.4,1019.84,0.0,0.0,0.0,0.0,,
2023-08-22,01:15,25.4,17.2,62.0,SE,4.8,4.8,1019.81,0.0,0.0,0.0,0.0,,
2023-08-22,01:30,25.1,16.7,60.0,NORTH,0.0,4.8,1019.51,0.0,0.0,0.0,0.0,,
2023-08-22,01:45,24.9,16.1,59.0,ESE,1.6,3.2,1019.44,0.0,0.0,0.0,0.0,,
2023-08-22,02:00,24.6,15.6,58.0,ESE,1.6,4.8,1019.34,0.0,0.0,0.0,0.0,,
2023-08-22,02:15,24.5,15.6,57.0,ESE,3.2,4.8,1019.24,0.0,0.0,0.0,0.0,,
2023-08-22,02:30,24.6,15.6,57.0,ESE,1.6,3.2,1019.3,0.0,0.0,0.0,0.0,,
2023-08-22,02:45,24.4,15.6,58.0,ESE,3.2,3.2,1019.27,0.0,0.0,0.0,0.0,,
2023-08-22,03:00,24.3,15.6,58.0,NORTH,0.0,4.8,1019.17,0.0,0.0,0.0,0.0,,
2023-08-22,03:15,24.4,16.7,62.0,NORTH,0.0,4.8,1019.13,0.0,0.0,0.0,0.0,,
2023-08-22,03:30,24.3,16.7,63.0,NORTH,0.0,3.2,1019.07,0.0,0.0,0.0,0.0,,
2023-08-22,03:45,23.9,16.7,65.0,ESE,3.2,4.8,1019.07,0.0,0.0,0.0,0.0,,
2023-08-22,04:00,23.9,17.2,66.0,ESE,1.6,3.2,1018.9,0.0,0.0,0.0,0.0,,
2023-08-22,04:15,23.9,16.7,65.0,ESE,1.6,3.2,1018.86,0.0,0.0,0.0,0.0,,
2023-08-22,04:30,23.8,16.7,65.0,NORTH,0.0,3.2,1018.93,0.0,0.0,0.0,0.0,,
2023-08-22,04:45,23.5,16.1,65.0,NORTH,0.0,3.2,1018.86,0.0,0.0,0.0,0.0,,
2023-08-22,05:00,23.2,16.1,65.0,ESE,1.6,4.8,1018.83,0.0,0.0,0.0,0.0,,
2023-08-22,05:15,23.1,16.1,65.0,ESE,1.6,4.8,1018.83,0.0,0.0,0.0,0.0,,
2023-08-22,05:30,23.2,16.1,64.0,NORTH,0.0,4.8,1019.03,0.0,0.0,0.0,0.0,,
2023-08-22,05:45,23.1,16.1,65.0,NORTH,0.0,3.2,1018.93,0.0,0.0,0.0,0.0,,
2023-08-22,06:00,23.2,16.1,64.0,NORTH,0.0,3.2,1019.0,0.0,0.0,0.0,0.0,,
2023-08-22,06:15,23.2,15.6,63.0,NORTH,0.0,3.2,1018.86,0.0,0.0,0.0,0.0,,
2023-08-22,06:30,23.5,15.6,62.0,ESE,3.2,4.8,1018.93,0.0,0.0,0.0,0.0,,
2023-08-22,06:45,23.9,15.6,61.0,NORTH,0.0,3.2,1018.96,0.0,0.0,0.0,0.0,,
2023-08-22,07:00,23.6,15.6,61.0,ESE,1.6,3.2,1018.96,0.0,0.0,0.0,14.0,,
2023-08-22,07:15,23.5,15.6,62.0,NORTH,0.0,3.2,1019.03,0.0,0.0,0.0,32.0,,
2023-08-22,07:30,23.9,16.1,61.0,NORTH,0.0,3.2,1019.07,0.0,0.0,0.0,70.0,,
2023-08-22,07:45,24.4,16.1,60.0,ESE,3.2,4.8,1019.3,0.0,0.0,0.0,114.0,,
2023-08-22,08:00,24.8,16.7,60.0,ESE,1.6,3.2,1019.27,0.0,0.0,0.0,163.0,,
2023-08-22,08:15,25.5,16.7,58.0,NORTH,0.0,3.2,1019.4,0.0,0.0,0.0,199.0,,
2023-08-22,08:30,26.1,16.7,57.0,NORTH,0.0,0.0,1019.47,0.0,0.0,1.0,197.0,,
2023-08-22,08:45,25.8,17.2,59.0,ESE,3.2,6.4,1019.4,0.0,0.0,1.0,255.0,,
2023-08-22,09:00,26.2,17.2,58.0,,4.8,6.4,1019.51,0.0,0.0,1.0,295.0,,
2023-08-22,09:15,26.9,17.2,55.0,NNW,3.2,4.8,1019.47,0.0,0.0,1.0,288.0,,
2023-08-22,09:30,27.7,16.7,52.0,NNW,1.6,6.4,1019.68,0.0,0.0,2.0,410.0,,
2023-08-22,09:45,28.6,17.2,51.0,NNW,3.2,6.4,1019.78,0.0,0.0,2.0,408.0,,
2023-08-22,10:00,29.1,17.2,49.0,WNW,11.3,16.1,1019.84,0.0,0.0,2.0,483.0,,
2023-08-22,10:15,29.3,18.3,52.0,WNW,14.5,25.7,1019.74,0.0,0.0,3.0,587.0,,
2023-08-22,10:30,29.4,18.3,52.0,WNW,12.9,17.7,1019.81,0.0,0.0,3.0,629.0,,
2023-08-22,10:45,29.9,18.3,50.0,WEST,17.7,20.9,1019.81,0.0,0.0,3.0,668.0,,
2023-08-22,11:00,30.6,18.3,48.0,NE,6.4,22.5,1019.71,0.0,0.0,4.0,703.0,,
2023-08-22,11:15,30.9,18.3,48.0,,16.1,20.9,1019.61,0.0,0.0,4.0,737.0,,
2023-08-22,11:30,31.2,18.3,47.0,WEST,4.8,22.5,1019.51,0.0,0.0,5.0,768.0,,
2023-08-22,11:45,31.7,18.9,47.0,WNW,12.9,27.4,1019.51,0.0,0.0,5.0,791.0,,
2023-08-22,12:00,31.8,18.3,46.0,WSW,4.8,24.1,1019.34,0.0,0.0,5.0,816.0,,
2023-08-22,12:15,32.2,18.9,45.0,WNW,14.5,22.5,1019.37,0.0,0.0,5.0,835.0,,
2023-08-22,12:30,32.4,18.3,44.0,WSW,11.3,29.0,1019.3,0.0,0.0,6.0,851.0,,
2023-08-22,12:45,32.7,18.3,43.0,WNW,12.9,29.0,1019.1,0.0,0.0,6.0,860.0,,
2023-08-22,13:00,32.9,18.3,42.0,WNW,19.3,29.0,1018.83,0.0,0.0,6.0,868.0,,
2023-08-22,13:15,33.1,17.8,40.0,WNW,12.9,27.4,1018.73,0.0,0.0,6.0,872.0,,
2023-08-22,13:30,33.2,17.8,40.0,WEST,17.7,29.0,1018.83,0.0,0.0,6.0,874.0,,
2023-08-22,13:45,33.4,17.2,39.0,ENE,3.2,30.6,1018.93,0.0,0.0,6.0,865.0,,
2023-08-22,14:00,33.4,17.8,39.0,WEST,9.7,37.0,1018.9,0.0,0.0,6.0,858.0,,
2023-08-22,14:15,33.7,17.8,39.0,WNW,20.9,29.0,1018.73,0.0,0.0,6.0,847.0,,
2023-08-22,14:30,33.8,17.8,39.0,WNW,27.4,33.8,1018.46,0.0,0.0,6.0,833.0,,
2023-08-22,14:45,33.6,18.3,40.0,WNW,20.9,33.8,1018.42,0.0,0.0,5.0,814.0,,
2023-08-22,15:00,33.9,18.3,40.0,NW,12.9,43.5,1018.19,0.0,0.0,5.0,795.0,,
2023-08-22,15:15,33.6,17.2,38.0,WNW,24.1,41.8,1018.15,0.0,0.0,5.0,768.0,,
2023-08-22,15:30,33.4,17.2,38.0,WNW,20.9,35.4,1018.05,0.0,0.0,4.0,744.0,,
2023-08-22,15:45,33.2,17.2,39.0,WEST,32.2,37.0,1017.98,0.0,0.0,4.0,721.0,,
2023-08-22,16:00,33.3,17.2,39.0,WEST,19.3,37.0,1017.95,0.0,0.0,4.0,703.0,,
2023-08-22,16:15,32.7,17.8,42.0,WEST,19.3,41.8,1017.75,0.0,0.0,3.0,722.0,,
2023-08-22,16:30,32.4,17.8,42.0,WNW,22.5,43.5,1017.81,0.0,0.0,3.0,656.0,,
2023-08-22,16:45,31.8,18.3,45.0,WNW,22.5,51.5,1017.95,0.0,0.0,3.0,580.0,,
2023-08-22,17:00,32.1,18.9,46.0,WNW,14.5,46.7,1018.05,0.0,0.0,2.0,520.0,,
2023-08-22,17:15,31.8,18.9,47.0,WNW,22.5,33.8,1017.88,0.0,0.0,2.0,480.0,,
2023-08-22,17:30,31.4,18.9,47.0,WEST,12.9,37.0,1017.75,0.0,0.0,2.0,432.0,,
2023-08-22,17:45,30.9,18.9,49.0,WEST,25.7,38.6,1017.88,0.0,0.0,1.0,387.0,,
2023-08-22,18:00,30.7,18.3,49.0,WEST,29.0,41.8,1017.85,0.0,0.0,1.0,327.0,,
2023-08-22,18:15,30.3,18.9,52.0,WNW,22.5,33.8,1017.85,0.0,0.0,1.0,278.0,,
2023-08-22,18:30,29.7,20.6,59.0,NW,17.7,30.6,1017.58,0.0,0.0,1.0,227.0,,
2023-08-22,18:45,28.8,21.7,66.0,WEST,14.5,27.4,1017.44,0.0,0.0,0.0,169.0,,
2023-08-22,19:00,28.3,21.7,68.0,WNW,16.1,29.0,1017.64,0.0,0.0,0.0,121.0,,
2023-08-22,19:15,28.0,21.7,70.0,WNW,16.1,27.4,1017.68,0.0,0.0,0.0,77.0,,
2023-08-22,19:30,27.8,22.2,72.0,WNW,11.3,24.1,1017.78,0.0,0.0,0.0,44.0,,
2023-08-22,19:45,27.4,22.2,74.0,WEST,6.4,20.9,1017.91,0.0,0.0,0.0,25.0,,
2023-08-22,20:00,26.9,22.2,75.0,WNW,11.3,17.7,1017.81,0.0,0.0,0.0,12.0,,
2023-08-22,20:15,26.7,22.2,76.0,WSW,3.2,16.1,1017.68,0.0,0.0,0.0,0.0,,
2023-08-22,20:30,26.2,22.2,80.0,WEST,3.2,12.9,1017.68,0.0,0.0,0.0,0.0,,
2023-08-22,20:45,25.7,22.2,83.0,WEST,1.6,12.9,1017.78,0.0,0.0,0.0,0.0,,
2023-08-22,21:00,25.5,22.2,84.0,NORTH,0.0,11.3,1017.81,0.0,0.0,0.0,0.0,,
2023-08-22,21:15,25.4,22.2,85.0,NORTH,0.0,3.2,1018.02,0.0,0.0,0.0,0.0,,
2023-08-22,21:30,25.2,22.2,86.0,WNW,6.4,8.0,1017.98,0.0,0.0,0.0,0.0,,
2023-08-22,21:45,24.9,22.2,87.0,WNW,3.2,9.7,1018.15,0.0,0.0,0.0,0.0,,
2023-08-22,22:00,24.8,22.2,87.0,WNW,3.2,8.0,1018.35,0.0,0.0,0.0,0.0,,
2023-08-22,22:15,24.7,22.2,88.0,NW,1.6,11.3,1018.42,0.0,0.0,0.0,0.0,,
2023-08-22,22:30,24.7,22.2,88.0,NW,1.6,8.0,1018.29,0.0,0.0,0.0,0.0,,
2023-08-22,22:45,24.5,22.2,89.0,NORTH,0.0,4.8,1018.39,0.0,0.0,0.0,0.0,,
2023-08-22,23:00,24.3,22.2,89.0,NORTH,0.0,4.8,1018.39,0.0,0.0,0.0,0.0,,
2023-08-22,23:15,24.2,22.2,89.0,NORTH,0.0,1.6,1018.46,0.0,0.0,0.0,0.0,,
2023-08-22,23:30,24.1,22.2,89.0,NORTH,0.0,1.6,1018.39,0.0,0.0,0.0,0.0,,
2023-08-22,23:45,23.9,21.7,89.0,NORTH,0.0,3.2,1018.22,0.0,0.0,0.0,0.0,,
2023-08-22,OVR,,,,,,,,,,,,gustmax,51.5
2023-08-22,OVR,,,,,,,,,,,,rainrate_max,0.0
2023-08-22,OVR,,,,,,,,,,,,rain_total_mm,0.0
2023-08-22,OVR,,,,,,,,,,,,tmax,34.1
2023-08-22,OVR,,,,,,,,,,,,tmin,23.0
2023-08-22,OVR,,,,,,,,,,,,wind_dir_mean_deg,292.5
2023-08-23,00:00,23.6,21.7,89.0,NORTH,0.0,3.2,1018.22,0.0,0.0,0.0,0.0,,
2023-08-23,00:15,23.6,21.7,90.0,NORTH,0.0,3.2,1018.19,0.0,0.0,0.0,0.0,,
2023-08-23,00:30,23.5,21.7,90.0,NORTH,0.0,1.6,1018.12,0.0,0.0,0.0,0.0,,
2023-08-23,00:45,23.6,21.7,91.0,NORTH,0.0,6.4,1018.08,0.0,0.0,0.0,0.0,,
2023-08-23,01:00,23.4,21.7,91.0,NORTH,0.0,3.2,1018.12,0.0,0.0,0.0,0.0,,
2023-08-23,01:15,23.4,21.7,91.0,NORTH,0.0,1.6,1017.88,0.0,0.0,0.0,0.0,,
2023-08-23,01:30,23.3,21.7,91.0,NORTH,0.0,3.2,1017.75,0.0,0.0,0.0,0.0,,
2023-08-23,01:45,23.2,21.7,91.0,NORTH,0.0,3.2,1017.81,0.0,0.0,0.0,0.0,,
2023-08-23,02:00,23.3,21.7,91.0,NORTH,0.0,3.2,1017.64,0.0,0.0,0.0,0.0,,
2023-08-23,02:15,23.3,21.7,91.0,NORTH,0.0,3.2,1017.37,0.0,0.0,0.0,0.0,,
2023-08-23,02:30,23.2,21.7,91.0,NORTH,0.0,1.6,1017.17,0.0,0.0,0.0,0.0,,
2023-08-23,02:45,23.2,21.7,91.0,NORTH,0.0,3.2,1017.31,0.0,0.0,0.0,0.0,,
2023-08-23,03:00,23.1,21.7,92.0,NW,1.6,1.6,1017.27,0.0,0.0,0.0,0.0,,
2023-08-23,03:15,23.1,21.7,92.0,NW,1.6,3.2,1017.14,0.0,0.0,0.0,0.0,,
2023-08-23,03:30,23.3,21.7,92.0,WNW,6.4,11.3,1017.07,0.0,0.0,0.0,0.0,,
2023-08-23,03:45,23.3,21.7,92.0,WNW,4.8,14.5,1017.0,0.0,0.0,0.0,0.0,,
2023-08-23,04:00,22.9,21.7,92.0,WNW,3.2,6.4,1017.03,0.0,0.0,0.0,0.0,,
2023-08-23,04:15,22.6,21.1,92.0,NW,1.6,4.8,1016.9,0.0,0.0,0.0,0.0,,
2023-08-23,04:30,22.1,20.6,92.0,NW,1.6,6.4,1016.86,0.0,0.0,0.0,0.0,,
2023-08-23,04:45,21.7,20.0,92.0,NORTH,0.0,6.4,1016.66,0.0,0.0,0.0,0.0,,
2023-08-23,05:00,21.6,20.0,91.0,EAST,4.8,4.8,1016.56,0.0,0.0,0.0,0.0,,
2023-08-23,05:15,21.8,20.0,91.0,NORTH,0.0,4.8,1016.7,0.0,0.0,0.0,0.0,,
2023-08-23,05:30,21.7,20.0,91.0,NORTH,0.0,3.2,1016.59,0.0,0.0,0.0,0.0,,
2023-08-23,05:45,21.7,20.0,90.0,EAST,1.6,3.2,1016.39,0.0,0.0,0.0,0.0,,
2023-08-23,06:00,21.8,20.0,91.0,EAST,1.6,3.2,1016.56,0.0,0.0,0.0,0.0,,
2023-08-23,06:15,21.9,20.0,91.0,NORTH,0.0,0.0,1016.56,0.0,0.0,0.0,0.0,,
2023-08-23,06:30,21.9,20.0,91.0,NORTH,0.0,3.2,1016.73,0.0,0.0,0.0,0.0,,
2023-08-23,06:45,22.0,20.6,91.0,NORTH,0.0,0.0,1016.7,0.0,0.0,0.0,0.0,,
2023-08-23,07:00,21.9,20.6,91.0,NORTH,0.0,0.0,1016.73,0.0,0.0,0.0,12.0,,
2023-08-23,07:15,21.8,20.0,91.0,EAST,3.2,4.8,1016.9,0.0,0.0,0.0,30.0,,
2023-08-23,07:30,21.7,20.0,92.0,EAST,1.6,4.8,1016.86,0.0,0.0,0.0,72.0,,
2023-08-23,07:45,21.8,20.0,92.0,NORTH,0.0,3.2,1016.63,0.0,0.0,0.0,120.0,,
2023-08-23,08:00,21.8,20.0,91.0,NORTH,0.0,1.6,1016.8,0.0,0.0,0.0,165.0,,
2023-08-23,08:15,22.5,21.1,91.0,NORTH,0.0,0.0,1016.86,0.0,0.0,0.0,190.0,,
2023-08-23,08:30,23.2,21.1,89.0,NORTH,0.0,0.0,1016.86,0.0,0.0,1.0,193.0,,
2023-08-23,08:45,25.1,21.7,82.0,NORTH,0.0,1.6,1016.86,0.0,0.0,1.0,262.0,,
2023-08-23,09:00,27.0,19.4,65.0,EAST,1.6,0.0,1016.86,0.0,0.0,1.0,299.0,,
2023-08-23,09:15,27.8,19.4,60.0,NORTH,0.0,0.0,1017.03,0.0,0.0,1.0,295.0,,
2023-08-23,09:30,28.1,20.0,63.0,NNW,3.2,6.4,1017.14,0.0,0.0,2.0,425.0,,
2023-08-23,09:45,28.4,19.4,60.0,NNW,3.2,6.4,1017.24,0.0,0.0,2.0,408.0,,
2023-08-23,10:00,28.9,20.6,61.0,NNW,1.6,6.4,1017.1,0.0,0.0,2.0,506.0,,
2023-08-23,10:15,29.2,20.0,58.0,NW,3.2,9.7,1017.14,0.0,0.0,3.0,601.0,,
2023-08-23,10:30,29.7,20.0,57.0,WNW,3.2,12.9,1017.03,0.0,0.0,3.0,642.0,,
2023-08-23,10:45,30.1,20.0,55.0,WEST,3.2,11.3,1017.07,0.0,0.0,3.0,682.0,,
2023-08-23,11:00,30.3,20.0,54.0,WEST,16.1,17.7,1017.24,0.0,0.0,4.0,719.0,,
2023-08-23,11:15,30.6,20.0,53.0,WEST,11.3,20.9,1017.31,0.0,0.0,4.0,747.0,,
2023-08-23,11:30,30.8,20.0,53.0,WEST,9.7,17.7,1017.24,0.0,0.0,4.0,773.0,,
2023-08-23,11:45,31.1,20.0,52.0,NNW,17.7,24.1,1017.24,0.0,0.0,5.0,800.0,,
2023-08-23,12:00,31.6,19.4,49.0,NW,4.8,17.7,1017.14,0.0,0.0,5.0,819.0,,
2023-08-23,12:15,32.0,18.9,46.0,WNW,1.6,20.9,1016.86,0.0,0.0,5.0,838.0,,
2023-08-23,12:30,32.2,18.9,45.0,NORTH,8.0,16.1,1016.7,0.0,0.0,5.0,854.0,,
2023-08-23,12:45,32.3,17.2,41.0,NORTH,0.0,17.7,1016.73,0.0,0.0,6.0,867.0,,
2023-08-23,13:00,33.4,16.7,36.0,NW,6.4,17.7,1016.63,0.0,0.0,6.0,874.0,,
2023-08-23,13:15,33.8,15.6,34.0,WEST,12.9,20.9,1016.7,0.0,0.0,6.0,875.0,,
2023-08-23,13:30,33.8,16.1,35.0,WSW,4.8,20.9,1016.53,0.0,0.0,6.0,868.0,,
2023-08-23,13:45,34.1,16.1,34.0,WEST,14.5,27.4,1016.49,0.0,0.0,6.0,863.0,,
2023-08-23,14:00,34.1,16.1,34.0,WNW,11.3,35.4,1016.53,0.0,0.0,6.0,856.0,,
2023-08-23,14:15,34.1,17.8,38.0,NW,11.3,24.1,1016.59,0.0,0.0,5.0,840.0,,
2023-08-23,14:30,33.8,17.8,38.0,WNW,19.3,27.4,1016.36,0.0,0.0,5.0,828.0,,
2023-08-23,14:45,33.7,17.8,39.0,ENE,14.5,27.4,1016.42,0.0,0.0,5.0,807.0,,
2023-08-23,15:00,33.3,17.8,39.0,WNW,14.5,30.6,1016.15,0.0,0.0,5.0,775.0,,
2023-08-23,15:15,33.4,18.9,43.0,WEST,11.3,29.0,1016.12,0.0,0.0,4.0,752.0,,
2023-08-23,15:30,33.7,18.3,40.0,WEST,16.1,35.4,1015.88,0.0,0.0,4.0,724.0,,
2023-08-23,15:45,33.0,18.3,42.0,ENE,14.5,33.8,1015.75,0.0,0.0,4.0,696.0,,
2023-08-23,16:00,33.0,18.3,42.0,WSW,27.4,32.2,1015.95,0.0,0.0,3.0,670.0,,
2023-08-23,16:15,32.2,19.4,47.0,WEST,20.9,37.0,1015.95,0.0,0.0,3.0,619.0,,
2023-08-23,16:30,32.1,20.0,49.0,ENE,19.3,37.0,1015.75,0.0,0.0,3.0,589.0,,
2023-08-23,16:45,31.3,20.0,51.0,WEST,17.7,35.4,1015.88,0.0,0.0,2.0,533.0,,
2023-08-23,17:00,30.9,20.6,54.0,ESE,16.1,38.6,1015.92,0.0,0.0,2.0,490.0,,
2023-08-23,17:15,30.6,21.1,58.0,WEST,27.4,38.6,1015.88,0.0,0.0,2.0,443.0,,
2023-08-23,17:30,30.3,21.1,59.0,WEST,9.7,37.0,1015.95,0.0,0.0,2.0,408.0,,
2023-08-23,17:45,29.7,21.7,62.0,SW,4.8,37.0,1016.05,0.0,0.0,1.0,369.0,,
2023-08-23,18:00,29.6,22.2,64.0,WEST,11.3,27.4,1015.92,0.0,0.0,1.0,306.0,,
2023-08-23,18:15,29.3,21.7,64.0,WEST,19.3,30.6,1015.88,0.0,0.0,1.0,283.0,,
2023-08-23,18:30,29.1,21.7,65.0,WEST,16.1,25.7,1016.05,0.0,0.0,0.0,232.0,,
2023-08-23,18:45,28.7,21.1,64.0,NE,1.6,24.1,1016.02,0.0,0.0,0.0,169.0,,
2023-08-23,19:00,28.2,20.6,65.0,WEST,6.4,29.0,1016.32,0.0,0.0,0.0,84.0,,
2023-08-23,19:15,28.2,20.6,65.0,WNW,12.9,25.7,1016.29,0.0,0.0,0.0,62.0,,
2023-08-23,19:30,27.8,20.6,65.0,WEST,9.7,22.5,1016.46,0.0,0.0,0.0,44.0,,
2023-08-23,19:45,27.6,20.6,66.0,WNW,11.3,17.7,1016.53,0.0,0.0,0.0,23.0,,
2023-08-23,20:00,27.3,20.6,68.0,WNW,4.8,12.9,1016.56,0.0,0.0,0.0,7.0,,
2023-08-23,20:15,26.8,20.6,69.0,SW,1.6,14.5,1016.46,0.0,0.0,0.0,0.0,,
2023-08-23,20:30,26.4,20.0,69.0,SW,3.2,14.5,1016.56,0.0,0.0,0.0,0.0,,
2023-08-23,20:45,26.2,20.0,70.0,WSW,6.4,12.9,1016.59,0.0,0.0,0.0,0.0,,
2023-08-23,21:00,26.1,20.0,70.0,WEST,9.7,12.9,1016.8,0.0,0.0,0.0,0.0,,
2023-08-23,21:15,25.9,20.0,70.0,WNW,4.8,12.9,1016.97,0.0,0.0,0.0,0.0,,
2023-08-23,21:30,25.8,20.0,71.0,NW,6.4,9.7,1017.07,0.0,0.0,0.0,0.0,,
2023-08-23,21:45,25.8,20.0,70.0,NW,3.2,6.4,1017.34,0.0,0.0,0.0,0.0,,
2023-08-23,22:00,25.6,19.4,70.0,NORTH,0.0,8.0,1017.37,0.0,0.0,0.0,0.0,,
2023-08-23,22:15,25.6,19.4,71.0,WNW,1.6,8.0,1017.54,0.0,0.0,0.0,0.0,,
2023-08-23,22:30,25.3,19.4,71.0,NORTH,0.0,4.8,1017.34,0.0,0.0,0.0,0.0,,
2023-08-23,22:45,24.9,19.4,71.0,NORTH,0.0,0.0,1017.51,0.0,0.0,0.0,0.0,,
2023-08-23,23:00,24.7,19.4,73.0,NORTH,0.0,4.8,1017.31,0.0,0.0,0.0,0.0,,
2023-08-23,23:15,24.4,19.4,74.0,WNW,1.6,1.6,1017.44,0.0,0.0,0.0,0.0,,
2023-08-23,23:30,24.4,19.4,75.0,NORTH,0.0,3.2,1017.41,0.0,0.0,0.0,0.0,,
2023-08-23,23:45,24.3,19.4,76.0,NORTH,0.0,0.0,1017.37,0.0,0.0,0.0,0.0,,
2023-08-23,OVR,,,,,,,,,,,,gustmax,41.8
2023-08-23,OVR,,,,,,,,,,,,rainrate_max,0.0
2023-08-23,OVR,,,,,,,,,,,,rain_total_mm,0.0
2023-08-23,OVR,,,,,,,,,,,,tmax,34.3
2023-08-23,OVR,,,,,,,,,,,,tmin,21.6
2023-08-23,OVR,,,,,,,,,,,,wind_dir_mean_deg,292.5
2023-08-24,00:00,24.0,20.0,78.0,NORTH,0.0,0.0,1017.27,0.0,0.0,0.0,0.0,,
2023-08-24,00:15,23.9,20.0,80.0,NORTH,0.0,0.0,1017.34,0.0,0.0,0.0,0.0,,
2023-08-24,00:30,23.7,19.4,79.0,WEST,1.6,6.4,1017.24,0.0,0.0,0.0,0.0,,
2023-08-24,00:45,23.4,19.4,78.0,WEST,4.8,6.4,1017.27,0.0,0.0,0.0,0.0,,
2023-08-24,01:00,23.7,18.9,76.0,NORTH,0.0,4.8,1017.17,0.0,0.0,0.0,0.0,,
2023-08-24,01:15,23.7,18.9,75.0,WEST,3.2,3.2,1017.1,0.0,0.0,0.0,0.0,,
2023-08-24,01:30,23.9,19.4,76.0,ESE,4.8,9.7,1017.07,0.0,0.0,0.0,0.0,,
2023-08-24,01:45,24.2,19.4,75.0,ESE,9.7,11.3,1016.9,0.0,0.0,0.0,0.0,,
2023-08-24,02:00,24.7,18.9,71.0,NORTH,0.0,12.9,1016.97,0.0,0.0,0.0,0.0,,
2023-08-24,02:15,24.2,17.8,69.0,ESE,11.3,11.3,1016.66,0.0,0.0,0.0,0.0,,
2023-08-24,02:30,25.7,17.8,62.0,ESE,6.4,14.5,1016.7,0.0,0.0,0.0,0.0,,
2023-08-24,02:45,26.3,17.8,60.0,ESE,6.4,12.9,1016.56,0.0,0.0,0.0,0.0,,
2023-08-24,03:00,26.3,17.8,60.0,ESE,3.2,11.3,1016.7,0.0,0.0,0.0,0.0,,
2023-08-24,03:15,25.8,17.8,62.0,NORTH,0.0,4.8,1016.73,0.0,0.0,0.0,0.0,,
2023-08-24,03:30,25.0,17.2,63.0,ESE,1.6,3.2,1016.76,0.0,0.0,0.0,0.0,,
2023-08-24,03:45,24.4,17.2,66.0,ESE,3.2,1.6,1016.66,0.0,0.0,0.0,0.0,,
2023-08-24,04:00,24.3,17.8,67.0,ESE,3.2,6.4,1016.63,0.0,0.0,0.0,0.0,,
2023-08-24,04:15,24.2,17.2,67.0,NORTH,0.0,4.8,1016.63,0.0,0.0,0.0,0.0,,
2023-08-24,04:30,24.1,17.8,68.0,ESE,6.4,11.3,1016.7,0.0,0.0,0.0,0.0,,
2023-08-24,04:45,23.8,17.8,70.0,ESE,11.3,12.9,1016.7,0.0,0.0,0.0,0.0,,
2023-08-24,05:00,23.7,17.8,70.0,ESE,6.4,12.9,1016.49,0.0,0.0,0.0,0.0,,
2023-08-24,05:15,24.2,17.2,67.0,ESE,9.7,12.9,1016.42,0.0,0.0,0.0,0.0,,
2023-08-24,05:30,24.1,17.8,67.0,ESE,11.3,14.5,1016.53,0.0,0.0,0.0,0.0,,
2023-08-24,05:45,23.8,17.2,68.0,ESE,8.0,14.5,1016.56,0.0,0.0,0.0,0.0,,
2023-08-24,06:00,24.7,16.7,62.0,ESE,16.1,16.1,1016.59,0.0,0.0,0.0,0.0,,
2023-08-24,06:15,24.9,16.7,61.0,ESE,9.7,16.1,1017.03,0.0,0.0,0.0,0.0,,
2023-08-24,06:30,24.3,17.2,64.0,ESE,9.7,14.5,1017.07,0.0,0.0,0.0,0.0,,
2023-08-24,06:45,24.1,17.2,66.0,ESE,4.8,14.5,1017.14,0.0,0.0,0.0,0.0,,
2023-08-24,07:00,24.2,16.7,63.0,ESE,9.7,12.9,1017.14,0.0,0.0,0.0,12.0,,
2023-08-24,07:15,24.7,17.8,65.0,ESE,12.9,14.5,1017.27,0.0,0.0,0.0,23.0,,
2023-08-24,07:30,24.9,17.8,66.0,SE,12.9,14.5,1017.27,0.0,0.0,0.0,70.0,,
2023-08-24,07:45,25.2,18.9,69.0,ESE,12.9,14.5,1017.37,0.0,0.0,0.0,118.0,,
2023-08-24,08:00,25.4,19.4,70.0,ESE,11.3,16.1,1017.54,0.0,0.0,0.0,163.0,,
2023-08-24,08:15,25.8,18.9,66.0,SE,4.8,14.5,1017.85,0.0,0.0,0.0,178.0,,
2023-08-24,08:30,26.3,18.3,61.0,EAST,1.6,6.4,1017.81,0.0,0.0,1.0,204.0,,
2023-08-24,08:45,26.6,17.8,60.0,EAST,3.2,9.7,1017.98,0.0,0.0,1.0,253.0,,
2023-08-24,09:00,26.9,17.8,58.0,EAST,4.8,11.3,1018.08,0.0,0.0,1.0,285.0,,
2023-08-24,09:15,27.5,17.8,56.0,EAST,6.4,12.9,1018.05,0.0,0.0,1.0,290.0,,
2023-08-24,09:30,28.1,18.3,56.0,ESE,3.2,12.9,1018.02,0.0,0.0,2.0,413.0,,
2023-08-24,09:45,28.3,17.8,53.0,SE,11.3,14.5,1018.05,0.0,0.0,2.0,399.0,,
2023-08-24,10:00,28.4,17.8,53.0,SE,6.4,19.3,1017.98,0.0,0.0,2.0,503.0,,
2023-08-24,10:15,28.8,17.8,52.0,SSE,11.3,17.7,1017.88,0.0,0.0,3.0,591.0,,
2023-08-24,10:30,29.1,18.3,53.0,SE,12.9,20.9,1018.12,0.0,0.0,3.0,633.0,,
2023-08-24,10:45,29.8,18.3,51.0,SSE,12.9,19.3,1018.02,0.0,0.0,3.0,666.0,,
2023-08-24,11:00,29.9,18.3,50.0,SE,11.3,19.3,1018.05,0.0,0.0,4.0,703.0,,
2023-08-24,11:15,30.7,18.9,50.0,SE,16.1,19.3,1017.88,0.0,0.0,4.0,733.0,,
2023-08-24,11:30,30.7,18.3,48.0,SSE,8.0,19.3,1017.91,0.0,0.0,4.0,765.0,,
2023-08-24,11:45,31.4,18.9,47.0,SE,8.0,20.9,1017.78,0.0,0.0,5.0,784.0,,
2023-08-24,12:00,31.7,18.9,47.0,SSE,14.5,24.1,1017.95,0.0,0.0,5.0,805.0,,
2023-08-24,12:15,31.9,18.3,44.0,SSE,6.4,20.9,1017.81,0.0,0.0,5.0,824.0,,
2023-08-24,12:30,32.3,17.2,40.0,SE,16.1,22.5,1017.61,0.0,0.0,5.0,840.0,,
2023-08-24,12:45,33.1,17.8,40.0,SSE,16.1,17.7,1017.54,0.0,0.0,6.0,851.0,,
2023-08-24,13:00,32.4,17.8,42.0,NORTH,0.0,22.5,1017.54,0.0,0.0,6.0,858.0,,
2023-08-24,13:15,32.8,17.2,40.0,SSE,9.7,25.7,1017.58,0.0,0.0,6.0,867.0,,
2023-08-24,13:30,33.0,18.3,42.0,ESE,3.2,22.5,1017.64,0.0,0.0,6.0,858.0,,
2023-08-24,13:45,33.5,17.8,40.0,SSE,14.5,24.1,1017.31,0.0,0.0,6.0,854.0,,
2023-08-24,14:00,33.0,17.2,40.0,SSE,14.5,22.5,1017.1,0.0,0.0,6.0,849.0,,
2023-08-24,14:15,33.8,17.8,39.0,SE,4.8,22.5,1017.31,0.0,0.0,5.0,840.0,,
2023-08-24,14:30,34.2,17.8,38.0,SSE,16.1,25.7,1017.14,0.0,0.0,5.0,826.0,,
2023-08-24,14:45,34.2,17.2,37.0,SSE,6.4,22.5,1017.0,0.0,0.0,5.0,807.0,,
2023-08-24,15:00,34.1,17.2,37.0,SE,11.3,27.4,1016.9,0.0,0.0,5.0,786.0,,
2023-08-24,15:15,34.3,17.8,38.0,SSE,16.1,27.4,1016.59,0.0,0.0,4.0,749.0,,
2023-08-24,15:30,34.3,18.3,39.0,ESE,20.9,20.9,1016.49,0.0,0.0,4.0,705.0,,
2023-08-24,15:45,34.1,18.3,40.0,SSE,4.8,24.1,1016.46,0.0,0.0,4.0,680.0,,
2023-08-24,16:00,33.7,20.6,46.0,WNW,6.4,19.3,1016.39,0.0,0.0,3.0,649.0,,
2023-08-24,16:15,33.4,19.4,43.0,NORTH,0.0,29.0,1016.56,0.0,0.0,3.0,608.0,,
2023-08-24,16:30,33.0,21.1,50.0,WNW,4.8,24.1,1016.53,0.0,0.0,3.0,582.0,,
2023-08-24,16:45,32.9,21.1,50.0,NW,9.7,29.0,1016.56,0.0,0.0,2.0,534.0,,
2023-08-24,17:00,33.0,20.6,48.0,SOUTH,3.2,20.9,1016.63,0.0,0.0,2.0,489.0,,
2023-08-24,17:15,32.6,20.6,49.0,SSW,3.2,20.9,1016.42,0.0,0.0,2.0,448.0,,
2023-08-24,17:30,32.5,21.1,52.0,SW,3.2,16.1,1016.56,0.0,0.0,1.0,392.0,,
2023-08-24,17:45,32.1,21.1,52.0,WNW,17.7,17.7,1016.49,0.0,0.0,1.0,350.0,,
2023-08-24,18:00,32.0,20.6,52.0,SSW,4.8,20.9,1016.36,0.0,0.0,1.0,299.0,,
2023-08-24,18:15,31.8,20.6,51.0,NW,8.0,19.3,1016.49,0.0,0.0,1.0,250.0,,
2023-08-24,18:30,31.6,20.0,50.0,WNW,14.5,20.9,1016.59,0.0,0.0,0.0,200.0,,
2023-08-24,18:45,30.8,21.1,57.0,WEST,11.3,24.1,1016.63,0.0,0.0,0.0,148.0,,
2023-08-24,19:00,30.3,21.1,59.0,WEST,16.1,20.9,1016.73,0.0,0.0,0.0,105.0,,
2023-08-24,19:15,29.9,20.6,58.0,WEST,1.6,12.9,1016.8,0.0,0.0,0.0,69.0,,
2023-08-24,19:30,29.7,20.6,59.0,NORTH,0.0,6.4,1016.86,0.0,0.0,0.0,39.0,,
2023-08-24,19:45,29.7,21.7,62.0,SW,1.6,9.7,1016.93,0.0,0.0,0.0,21.0,,
2023-08-24,20:00,29.2,22.2,67.0,SW,4.8,4.8,1017.07,0.0,0.0,0.0,9.0,,
2023-08-24,20:15,28.6,22.2,69.0,NORTH,0.0,3.2,1017.27,0.0,0.0,0.0,0.0,,
2023-08-24,20:30,28.0,21.7,70.0,NORTH,0.0,4.8,1017.41,0.0,0.0,0.0,0.0,,
2023-08-24,20:45,27.6,22.2,73.0,WSW,11.3,11.3,1017.58,0.0,0.0,0.0,0.0,,
2023-08-24,21:00,27.3,22.2,75.0,WEST,1.6,1.6,1017.75,0.0,0.0,0.0,0.0,,
2023-08-24,21:15,26.9,22.2,77.0,WEST,1.6,4.8,1017.95,0.0,0.0,0.0,0.0,,
2023-08-24,21:30,26.3,22.2,79.0,WEST,3.2,6.4,1018.08,0.0,0.0,0.0,0.0,,
2023-08-24,21:45,25.7,21.7,80.0,WEST,1.6,4.8,1017.95,0.0,0.0,0.0,0.0,,
2023-08-24,22:00,25.4,21.7,82.0,WEST,1.6,4.8,1018.15,0.0,0.0,0.0,0.0,,
2023-08-24,22:15,25.4,22.2,83.0,WEST,1.6,4.8,1018.22,0.0,0.0,0.0,0.0,,
2023-08-24,22:30,25.2,21.7,82.0,WEST,3.2,3.2,1018.22,0.0,0.0,0.0,0.0,,
2023-08-24,22:45,24.6,21.1,82.0,WEST,3.2,4.8,1018.39,0.0,0.0,0.0,0.0,,
2023-08-24,23:00,24.4,21.1,82.0,WEST,1.6,3.2,1018.35,0.0,0.0,0.0,0.0,,
2023-08-24,23:15,24.2,21.1,83.0,WEST,1.6,3.2,1018.25,0.0,0.0,0.0,0.0,,
2023-08-24,23:30,23.8,20.0,81.0,WSW,3.2,6.4,1018.19,0.0,0.0,0.0,0.0,,
2023-08-24,23:45,24.2,20.6,80.0,ESE,4.8,6.4,1018.19,0.0,0.0,0.0,0.0,,
2023-08-24,OVR,,,,,,,,,,,,gustmax,29.0
2023-08-24,OVR,,,,,,,,,,,,rainrate_max,0.0
2023-08-24,OVR,,,,,,,,,,,,rain_total_mm,0.0
2023-08-24,OVR,,,,,,,,,,,,tmax,34.5
2023-08-24,OVR,,,,,,,,,,,,tmin,23.4
2023-08-24,OVR,,,,,,,,,,,,wind_dir_mean_deg,112.5
2023-08-25,00:00,24.1,20.0,78.0,ESE,4.8,6.4,1018.12,0.0,0.0,0.0,0.0,,
2023-08-25,00:15,24.1,19.4,75.0,ESE,4.8,4.8,1018.15,0.0,0.0,0.0,0.0,,
2023-08-25,00:30,23.8,18.3,73.0,ESE,3.2,6.4,1018.12,0.0,0.0,0.0,0.0,,
2023-08-25,00:45,23.8,18.3,73.0,ESE,6.4,6.4,1017.91,0.0,0.0,0.0,0.0,,
2023-08-25,01:00,23.6,17.8,70.0,ESE,1.6,4.8,1017.78,0.0,0.0,0.0,0.0,,
2023-08-25,01:15,23.5,17.2,68.0,ESE,4.8,9.7,1017.71,0.0,0.0,0.0,0.0,,
2023-08-25,01:30,23.7,17.2,69.0,ESE,3.2,4.8,1017.78,0.0,0.0,0.0,0.0,,
2023-08-25,01:45,23.6,17.2,68.0,NORTH,0.0,4.8,1017.41,0.0,0.0,0.0,0.0,,
2023-08-25,02:00,23.8,17.8,70.0,ESE,4.8,6.4,1017.34,0.0,0.0,0.0,0.0,,
2023-08-25,02:15,23.8,17.2,68.0,ESE,4.8,6.4,1017.17,0.0,0.0,0.0,0.0,,
2023-08-25,02:30,23.9,17.2,66.0,ESE,1.6,4.8,1017.27,0.0,0.0,0.0,0.0,,
2023-08-25,02:45,23.9,17.2,67.0,ESE,3.2,6.4,1017.14,0.0,0.0,0.0,0.0,,
2023-08-25,03:00,23.7,17.8,69.0,ESE,1.6,6.4,1017.14,0.0,0.0,0.0,0.0,,
2023-08-25,03:15,23.5,16.7,67.0,NORTH,0.0,6.4,1017.2,0.0,0.0,0.0,0.0,,
2023-08-25,03:30,23.4,16.7,66.0,ESE,4.8,4.8,1017.14,0.0,0.0,0.0,0.0,,
2023-08-25,03:45,23.6,17.2,68.0,ESE,3.2,6.4,1017.0,0.0,0.0,0.0,0.0,,
2023-08-25,04:00,23.6,17.8,70.0,EAST,1.6,6.4,1017.14,0.0,0.0,0.0,0.0,,
2023-08-25,04:15,23.4,17.8,70.0,ESE,6.4,11.3,1017.27,0.0,0.0,0.0,0.0,,
2023-08-25,04:30,23.7,17.8,70.0,ESE,1.6,4.8,1017.14,0.0,0.0,0.0,0.0,,
2023-08-25,04:45,23.5,17.8,70.0,ESE,4.8,6.4,1017.2,0.0,0.0,0.0,0.0,,
2023-08-25,05:00,23.6,17.8,70.0,ESE,3.2,4.8,1017.17,0.0,0.0,0.0,0.0,,
2023-08-25,05:15,23.3,17.2,69.0,ESE,1.6,4.8,1017.1,0.0,0.0,0.0,0.0,,
2023-08-25,05:30,22.9,17.2,70.0,ESE,1.6,3.2,1017.03,0.0,0.0,0.0,0.0,,
2023-08-25,05:45,22.9,17.2,71.0,ESE,3.2,4.8,1017.14,0.0,0.0,0.0,0.0,,
2023-08-25,06:00,23.1,17.2,70.0,NORTH,0.0,3.2,1017.17,0.0,0.0,0.0,0.0,,
2023-08-25,06:15,23.0,17.2,70.0,ESE,3.2,4.8,1017.1,0.0,0.0,0.0,0.0,,
2023-08-25,06:30,23.1,16.7,69.0,NORTH,0.0,4.8,1017.27,0.0,0.0,0.0,0.0,,
2023-08-25,06:45,22.9,16.7,69.0,ESE,3.2,3.2,1017.14,0.0,0.0,0.0,0.0,,
2023-08-25,07:00,23.1,16.7,68.0,ESE,1.6,4.8,1017.1,0.0,0.0,0.0,12.0,,
2023-08-25,07:15,23.3,17.2,68.0,NORTH,0.0,4.8,1017.2,0.0,0.0,0.0,26.0,,
2023-08-25,07:30,23.4,17.2,69.0,ESE,3.2,3.2,1017.17,0.0,0.0,0.0,67.0,,
2023-08-25,07:45,23.6,17.2,69.0,ESE,1.6,3.2,1017.24,0.0,0.0,0.0,109.0,,
2023-08-25,08:00,24.1,17.8,69.0,NORTH,0.0,1.6,1017.2,0.0,0.0,0.0,160.0,,
2023-08-25,08:15,24.9,18.3,67.0,ESE,1.6,1.6,1017.31,0.0,0.0,0.0,160.0,,
2023-08-25,08:30,25.6,18.3,65.0,NORTH,0.0,3.2,1017.31,0.0,0.0,1.0,202.0,,
2023-08-25,08:45,26.7,18.3,61.0,ESE,1.6,3.2,1017.17,0.0,0.0,1.0,246.0,,
2023-08-25,09:00,27.5,18.3,59.0,NORTH,0.0,4.8,1017.31,0.0,0.0,1.0,274.0,,
2023-08-25,09:15,27.8,17.8,55.0,ESE,3.2,6.4,1017.44,0.0,0.0,1.0,294.0,,
2023-08-25,09:30,28.4,18.3,54.0,SE,6.4,11.3,1017.41,0.0,0.0,2.0,408.0,,
2023-08-25,09:45,28.6,18.3,54.0,SE,8.0,11.3,1017.31,0.0,0.0,2.0,396.0,,
2023-08-25,10:00,29.1,17.8,50.0,SSE,3.2,12.9,1017.44,0.0,0.0,2.0,510.0,,
2023-08-25,10:15,29.6,17.2,49.0,SE,1.6,11.3,1017.64,0.0,0.0,3.0,587.0,,
2023-08-25,10:30,29.7,17.2,48.0,SSE,4.8,16.1,1017.37,0.0,0.0,3.0,628.0,,
2023-08-25,10:45,30.3,16.7,44.0,SSE,9.7,12.9,1017.41,0.0,0.0,3.0,664.0,,
2023-08-25,11:00,30.9,16.1,41.0,SE,3.2,12.9,1017.24,0.0,0.0,4.0,701.0,,
2023-08-25,11:15,31.4,16.7,41.0,NORTH,0.0,14.5,1017.34,0.0,0.0,4.0,737.0,,
2023-08-25,11:30,31.6,16.1,40.0,SSW,4.8,14.5,1017.2,0.0,0.0,4.0,768.0,,
2023-08-25,11:45,31.9,16.1,39.0,SE,1.6,16.1,1016.93,0.0,0.0,5.0,789.0,,
2023-08-25,12:00,32.1,16.1,38.0,SSE,6.4,16.1,1016.86,0.0,0.0,5.0,816.0,,
2023-08-25,12:15,32.8,16.7,38.0,NORTH,0.0,16.1,1016.76,0.0,0.0,5.0,847.0,,
2023-08-25,12:30,32.9,15.6,35.0,ESE,4.8,19.3,1016.8,0.0,0.0,5.0,849.0,,
2023-08-25,12:45,33.2,14.4,33.0,SSE,9.7,19.3,1016.83,0.0,0.0,5.0,865.0,,
2023-08-25,13:00,33.4,13.9,30.0,SE,8.0,20.9,1016.76,0.0,0.0,6.0,874.0,,
2023-08-25,13:15,33.7,11.1,25.0,SE,12.9,24.1,1016.59,0.0,0.0,6.0,889.0,,
2023-08-25,13:30,34.1,11.1,25.0,SE,11.3,20.9,1016.39,0.0,0.0,6.0,902.0,,
2023-08-25,13:45,34.6,11.7,25.0,ESE,11.3,22.5,1016.32,0.0,0.0,6.0,872.0,,
2023-08-25,14:00,34.8,10.6,23.0,NE,3.2,19.3,1016.46,0.0,0.0,6.0,872.0,,
2023-08-25,14:15,35.3,10.6,22.0,NORTH,0.0,17.7,1016.19,0.0,0.0,5.0,858.0,,
2023-08-25,14:30,35.4,11.1,23.0,SSE,8.0,19.3,1016.19,0.0,0.0,5.0,849.0,,
2023-08-25,14:45,35.7,10.6,22.0,SSE,8.0,16.1,1015.98,0.0,0.0,5.0,824.0,,
2023-08-25,15:00,35.1,11.1,23.0,NNE,4.8,17.7,1015.78,0.0,0.0,5.0,802.0,,
2023-08-25,15:15,35.2,11.7,24.0,SSE,3.2,14.5,1015.65,0.0,0.0,4.0,770.0,,
2023-08-25,15:30,35.2,11.7,24.0,SE,1.6,17.7,1015.51,0.0,0.0,4.0,740.0,,
2023-08-25,15:45,35.5,12.8,26.0,SSE,4.8,16.1,1015.54,0.0,0.0,4.0,707.0,,
2023-08-25,16:00,35.3,15.0,30.0,SOUTH,6.4,20.9,1015.68,0.0,0.0,3.0,670.0,,
2023-08-25,16:15,35.2,17.2,34.0,SW,4.8,19.3,1015.61,0.0,0.0,3.0,638.0,,
2023-08-25,16:30,34.1,17.2,37.0,WEST,11.3,38.6,1015.85,0.0,0.0,3.0,592.0,,
2023-08-25,16:45,33.8,17.2,37.0,WEST,20.9,33.8,1015.82,0.0,0.0,2.0,550.0,,
2023-08-25,17:00,33.4,16.7,38.0,WNW,14.5,30.6,1015.82,0.0,0.0,2.0,513.0,,
2023-08-25,17:15,33.3,17.2,38.0,NE,19.3,27.4,1015.65,0.0,0.0,2.0,466.0,,
2023-08-25,17:30,32.6,17.2,40.0,WSW,9.7,27.4,1015.54,0.0,0.0,2.0,420.0,,
2023-08-25,17:45,32.2,17.2,40.0,NE,11.3,29.0,1015.58,0.0,0.0,1.0,369.0,,
2023-08-25,18:00,32.1,16.7,40.0,NE,11.3,22.5,1015.65,0.0,0.0,1.0,316.0,,
2023-08-25,18:15,31.8,16.1,39.0,WNW,16.1,27.4,1015.75,0.0,0.0,1.0,264.0,,
2023-08-25,18:30,31.4,15.6,39.0,WEST,17.7,29.0,1015.95,0.0,0.0,1.0,209.0,,
2023-08-25,18:45,30.8,15.0,39.0,WNW,9.7,27.4,1015.95,0.0,0.0,0.0,156.0,,
2023-08-25,19:00,30.5,15.0,39.0,WNW,14.5,35.4,1016.05,0.0,0.0,0.0,105.0,,
2023-08-25,19:15,30.2,13.3,36.0,WNW,4.8,24.1,1016.15,0.0,0.0,0.0,67.0,,
2023-08-25,19:30,29.9,13.3,36.0,WNW,9.7,19.3,1016.19,0.0,0.0,0.0,33.0,,
2023-08-25,19:45,29.7,13.3,37.0,WEST,12.9,14.5,1016.12,0.0,0.0,0.0,18.0,,
2023-08-25,20:00,29.4,13.9,38.0,WNW,3.2,14.5,1016.29,0.0,0.0,0.0,7.0,,
2023-08-25,20:15,29.2,15.6,44.0,WNW,3.2,11.3,1016.42,0.0,0.0,0.0,0.0,,
2023-08-25,20:30,28.7,16.7,48.0,NORTH,0.0,6.4,1016.42,0.0,0.0,0.0,0.0,,
2023-08-25,20:45,28.1,16.1,48.0,NW,1.6,3.2,1016.49,0.0,0.0,0.0,0.0,,
2023-08-25,21:00,27.1,16.1,52.0,WNW,3.2,4.8,1016.59,0.0,0.0,0.0,0.0,,
2023-08-25,21:15,26.8,16.7,55.0,WSW,1.6,4.8,1016.63,0.0,0.0,0.0,0.0,,
2023-08-25,21:30,26.7,17.2,56.0,NORTH,0.0,3.2,1016.66,0.0,0.0,0.0,0.0,,
2023-08-25,21:45,26.3,16.7,55.0,WSW,1.6,3.2,1016.76,0.0,0.0,0.0,0.0,,
2023-08-25,22:00,25.9,16.1,56.0,WSW,1.6,4.8,1016.8,0.0,0.0,0.0,0.0,,
2023-08-25,22:15,25.6,16.7,59.0,WSW,1.6,3.2,1016.93,0.0,0.0,0.0,0.0,,
2023-08-25,22:30,25.3,16.1,58.0,WSW,3.2,4.8,1016.76,0.0,0.0,0.0,0.0,,
2023-08-25,22:45,24.9,15.0,54.0,NORTH,0.0,4.8,1016.8,0.0,0.0,0.0,0.0,,
2023-08-25,23:00,24.6,14.4,53.0,WSW,1.6,4.8,1016.83,0.0,0.0,0.0,0.0,,
2023-08-25,23:15,24.6,13.3,50.0,NORTH,0.0,6.4,1016.83,0.0,0.0,0.0,0.0,,
2023-08-25,23:30,24.4,13.3,50.0,WSW,1.6,3.2,1016.8,0.0,0.0,0.0,0.0,,
2023-08-25,23:45,24.5,13.9,52.0,WSW,3.2,3.2,1016.63,0.0,0.0,0.0,0.0,,
2023-08-25,OVR,,,,,,,,,,,,gustmax,38.6
2023-08-25,OVR,,,,,,,,,,,,rainrate_max,0.0
2023-08-25,OVR,,,,,,,,,,,,rain_total_mm,0.0
2023-08-25,OVR,,,,,,,,,,,,tmax,36.0
2023-08-25,OVR,,,,,,,,,,,,tmin,22.8
2023-08-25,OVR,,,,,,,,,,,,wind_dir_mean_deg,112.5
2023-08-26,00:00,24.8,14.4,52.0,WSW,3.2,3.2,1016.59,0.0,0.0,0.0,0.0,,
2023-08-26,00:15,24.8,14.4,52.0,WSW,3.2,4.8,1016.63,0.0,0.0,0.0,0.0,,
2023-08-26,00:30,24.7,13.9,52.0,WSW,3.2,6.4,1016.53,0.0,0.0,0.0,0.0,,
2023-08-26,00:45,24.5,14.4,53.0,SW,3.2,6.4,1016.53,0.0,0.0,0.0,0.0,,
2023-08-26,01:00,24.3,14.4,54.0,NORTH,0.0,1.6,1016.63,0.0,0.0,0.0,0.0,,
2023-08-26,01:15,24.3,14.4,55.0,NORTH,0.0,3.2,1016.53,0.0,0.0,0.0,0.0,,
2023-08-26,01:30,24.3,15.0,57.0,SW,1.6,3.2,1016.59,0.0,0.0,0.0,0.0,,
2023-08-26,01:45,24.1,15.0,58.0,SW,1.6,3.2,1016.36,0.0,0.0,0.0,0.0,,
2023-08-26,02:00,24.0,15.0,58.0,SW,1.6,3.2,1016.36,0.0,0.0,0.0,0.0,,
2023-08-26,02:15,23.8,15.0,58.0,SW,3.2,4.8,1016.53,0.0,0.0,0.0,0.0,,
2023-08-26,02:30,23.8,14.4,57.0,SOUTH,3.2,6.4,1016.29,0.0,0.0,0.0,0.0,,
2023-08-26,02:45,23.8,12.8,50.0,SOUTH,3.2,4.8,1016.32,0.0,0.0,0.0,0.0,,
2023-08-26,03:00,23.8,12.2,49.0,SOUTH,1.6,3.2,1016.32,0.0,0.0,0.0,0.0,,
2023-08-26,03:15,23.7,12.2,48.0,SOUTH,3.2,3.2,1015.98,0.0,0.0,0.0,0.0,,
2023-08-26,03:30,23.8,12.2,48.0,NORTH,0.0,4.8,1015.95,0.0,0.0,0.0,0.0,,
2023-08-26,03:45,23.9,12.2,49.0,SOUTH,1.6,6.4,1015.78,0.0,0.0,0.0,0.0,,
2023-08-26,04:00,23.8,12.8,50.0,NORTH,0.0,3.2,1015.71,0.0,0.0,0.0,0.0,,
2023-08-26,04:15,23.8,13.3,53.0,SOUTH,1.6,3.2,1015.75,0.0,0.0,0.0,0.0,,
2023-08-26,04:30,24.1,13.3,51.0,SOUTH,1.6,4.8,1015.58,0.0,0.0,0.0,0.0,,
2023-08-26,04:45,24.4,13.3,51.0,SOUTH,3.2,4.8,1015.48,0.0,0.0,0.0,0.0,,
2023-08-26,05:00,24.6,13.3,51.0,NORTH,0.0,4.8,1015.31,0.0,0.0,0.0,0.0,,
2023-08-26,05:15,24.3,13.3,51.0,SOUTH,3.2,4.8,1015.31,0.0,0.0,0.0,0.0,,
2023-08-26,05:30,24.1,13.3,51.0,SOUTH,3.2,4.8,1015.44,0.0,0.0,0.0,0.0,,
2023-08-26,05:45,23.4,13.3,53.0,SOUTH,1.6,4.8,1015.37,0.0,0.0,0.0,0.0,,
2023-08-26,06:00,23.3,12.8,53.0,NORTH,0.0,3.2,1015.37,0.0,0.0,0.0,0.0,,
2023-08-26,06:15,23.4,13.3,53.0,SOUTH,1.6,4.8,1015.37,0.0,0.0,0.0,0.0,,
2023-08-26,06:30,23.3,13.3,53.0,SOUTH,1.6,4.8,1015.54,0.0,0.0,0.0,0.0,,
2023-08-26,06:45,23.6,13.3,53.0,ESE,4.8,9.7,1015.24,0.0,0.0,0.0,0.0,,
2023-08-26,07:00,24.0,13.9,53.0,ESE,1.6,9.7,1015.51,0.0,0.0,0.0,11.0,,
2023-08-26,07:15,23.9,13.3,53.0,EAST,4.8,6.4,1015.54,0.0,0.0,0.0,21.0,,
2023-08-26,07:30,24.3,13.9,52.0,EAST,4.8,6.4,1015.68,0.0,0.0,0.0,69.0,,
2023-08-26,07:45,25.2,13.9,51.0,NORTH,0.0,4.8,1015.75,0.0,0.0,0.0,114.0,,
2023-08-26,08:00,26.0,14.4,50.0,EAST,1.6,3.2,1015.82,0.0,0.0,0.0,165.0,,
2023-08-26,08:15,26.8,14.4,47.0,EAST,3.2,6.4,1015.88,0.0,0.0,0.0,163.0,,
2023-08-26,08:30,27.6,15.0,46.0,NORTH,0.0,3.2,1015.65,0.0,0.0,1.0,221.0,,
2023-08-26,08:45,28.3,15.0,45.0,NORTH,0.0,3.2,1015.65,0.0,0.0,1.0,257.0,,
2023-08-26,09:00,29.2,15.0,43.0,EAST,1.6,4.8,1015.61,0.0,0.0,1.0,272.0,,
2023-08-26,09:15,29.7,14.4,40.0,NE,3.2,6.4,1015.41,0.0,0.0,1.0,327.0,,
2023-08-26,09:30,30.6,14.4,38.0,NORTH,0.0,6.4,1015.44,0.0,0.0,2.0,404.0,,
2023-08-26,09:45,30.8,14.4,37.0,EAST,3.2,6.4,1015.44,0.0,0.0,2.0,410.0,,
2023-08-26,10:00,31.1,13.9,36.0,EAST,1.6,9.7,1015.37,0.0,0.0,2.0,538.0,,
2023-08-26,10:15,31.6,13.9,35.0,NNW,1.6,8.0,1015.51,0.0,0.0,3.0,601.0,,
2023-08-26,10:30,31.7,14.4,35.0,WEST,12.9,12.9,1015.44,0.0,0.0,3.0,640.0,,
2023-08-26,10:45,32.3,14.4,34.0,NW,4.8,12.9,1015.54,0.0,0.0,3.0,677.0,,
2023-08-26,11:00,32.6,14.4,33.0,NNW,4.8,8.0,1015.71,0.0,0.0,4.0,712.0,,
2023-08-26,11:15,33.4,14.4,32.0,NE,6.4,6.4,1015.71,0.0,0.0,4.0,744.0,,
2023-08-26,11:30,33.4,13.9,31.0,SOUTH,1.6,8.0,1015.51,0.0,0.0,4.0,775.0,,
2023-08-26,11:45,33.8,13.9,30.0,WEST,6.4,14.5,1015.61,0.0,0.0,5.0,802.0,,
2023-08-26,12:00,34.2,13.3,29.0,NNW,8.0,12.9,1015.58,0.0,0.0,5.0,824.0,,
2023-08-26,12:15,34.8,12.2,25.0,SE,8.0,12.9,1015.37,0.0,0.0,5.0,844.0,,
2023-08-26,12:30,34.1,12.2,27.0,SSE,8.0,19.3,1015.48,0.0,0.0,6.0,858.0,,
2023-08-26,12:45,34.7,12.2,26.0,NORTH,0.0,16.1,1015.34,0.0,0.0,6.0,872.0,,
2023-08-26,13:00,34.9,11.7,25.0,WEST,3.2,17.7,1015.17,0.0,0.0,6.0,874.0,,
2023-08-26,13:15,35.5,12.2,25.0,SW,1.6,14.5,1015.04,0.0,0.0,6.0,879.0,,
2023-08-26,13:30,35.7,12.2,24.0,WEST,12.9,20.9,1015.04,0.0,0.0,6.0,879.0,,
2023-08-26,13:45,35.2,11.7,24.0,ESE,3.2,19.3,1014.8,0.0,0.0,6.0,874.0,,
2023-08-26,14:00,35.8,12.8,25.0,SOUTH,3.2,17.7,1014.66,0.0,0.0,6.0,865.0,,
2023-08-26,14:15,36.1,13.3,25.0,SOUTH,3.2,16.1,1014.63,0.0,0.0,6.0,851.0,,
2023-08-26,14:30,36.1,12.2,24.0,SSE,8.0,17.7,1014.43,0.0,0.0,6.0,837.0,,
2023-08-26,14:45,35.6,12.2,25.0,EAST,1.6,20.9,1014.53,0.0,0.0,5.0,817.0,,
2023-08-26,15:00,35.9,12.2,24.0,NNW,9.7,16.1,1014.39,0.0,0.0,5.0,793.0,,
2023-08-26,15:15,36.6,11.7,22.0,WEST,9.7,9.7,1014.19,0.0,0.0,5.0,772.0,,
2023-08-26,15:30,35.8,11.1,23.0,ESE,12.9,22.5,1014.26,0.0,0.0,4.0,735.0,,
2023-08-26,15:45,36.6,12.8,24.0,NW,12.9,20.9,1014.29,0.0,0.0,4.0,710.0,,
2023-08-26,16:00,36.3,12.2,24.0,ENE,9.7,33.8,1014.33,0.0,0.0,4.0,677.0,,
2023-08-26,16:15,35.8,11.7,23.0,EAST,17.7,43.5,1014.36,0.0,0.0,3.0,645.0,,
2023-08-26,16:30,35.4,11.1,23.0,WEST,24.1,38.6,1014.33,0.0,0.0,3.0,612.0,,
2023-08-26,16:45,35.2,10.0,22.0,WNW,4.8,32.2,1014.36,0.0,0.0,3.0,564.0,,
2023-08-26,17:00,34.7,10.0,22.0,WEST,19.3,37.0,1014.36,0.0,0.0,2.0,524.0,,
2023-08-26,17:15,34.7,10.6,23.0,NW,6.4,25.7,1014.33,0.0,0.0,2.0,478.0,,
2023-08-26,17:30,34.3,10.6,24.0,WEST,17.7,30.6,1014.36,0.0,0.0,2.0,427.0,,
2023-08-26,17:45,34.1,10.6,24.0,NW,8.0,32.2,1014.19,0.0,0.0,1.0,376.0,,
2023-08-26,18:00,34.1,10.6,23.0,WEST,19.3,24.1,1014.29,0.0,0.0,1.0,322.0,,
2023-08-26,18:15,33.6,10.6,24.0,WNW,17.7,25.7,1013.95,0.0,0.0,1.0,271.0,,
2023-08-26,18:30,33.3,11.1,26.0,WNW,16.1,25.7,1013.99,0.0,0.0,1.0,218.0,,
2023-08-26,18:45,32.7,12.8,30.0,WEST,22.5,24.1,1014.02,0.0,0.0,0.0,160.0,,
2023-08-26,19:00,31.8,13.3,32.0,NNE,6.4,20.9,1013.75,0.0,0.0,0.0,105.0,,
2023-08-26,19:15,31.6,13.9,34.0,WEST,1.6,9.7,1013.72,0.0,0.0,0.0,65.0,,
2023-08-26,19:30,31.2,13.9,35.0,SOUTH,6.4,8.0,1013.85,0.0,0.0,0.0,30.0,,
2023-08-26,19:45,30.9,13.3,35.0,NORTH,0.0,11.3,1013.85,0.0,0.0,0.0,16.0,,
2023-08-26,20:00,30.4,13.3,35.0,SSE,6.4,6.4,1014.05,0.0,0.0,0.0,0.0,,
2023-08-26,20:15,29.7,13.3,37.0,SSE,3.2,8.0,1014.09,0.0,0.0,0.0,0.0,,
2023-08-26,20:30,29.2,13.9,40.0,SE,8.0,11.3,1014.26,0.0,0.0,0.0,0.0,,
2023-08-26,20:45,28.8,14.4,41.0,SE,4.8,11.3,1014.33,0.0,0.0,0.0,0.0,,
2023-08-26,21:00,28.1,14.4,43.0,SE,6.4,6.4,1014.26,0.0,0.0,0.0,0.0,,
2023-08-26,21:15,27.6,14.4,45.0,SE,4.8,6.4,1014.39,0.0,0.0,0.0,0.0,,
2023-08-26,21:30,27.2,15.0,47.0,SE,8.0,8.0,1014.46,0.0,0.0,0.0,0.0,,
2023-08-26,21:45,27.7,15.6,47.0,ESE,6.4,12.9,1014.53,0.0,0.0,0.0,0.0,,
2023-08-26,22:00,27.6,14.4,44.0,ESE,9.7,9.7,1014.6,0.0,0.0,0.0,0.0,,
2023-08-26,22:15,27.7,13.9,43.0,ESE,6.4,9.7,1014.56,0.0,0.0,0.0,0.0,,
2023-08-26,22:30,27.6,13.9,43.0,ESE,9.7,11.3,1014.46,0.0,0.0,0.0,0.0,,
2023-08-26,22:45,27.4,14.4,45.0,ESE,9.7,12.9,1014.26,0.0,0.0,0.0,0.0,,
2023-08-26,23:00,27.3,15.0,47.0,ESE,9.7,14.5,1014.26,0.0,0.0,0.0,0.0,,
2023-08-26,23:15,27.2,15.0,47.0,ESE,11.3,12.9,1014.02,0.0,0.0,0.0,0.0,,
2023-08-26,23:30,27.2,13.3,43.0,ESE,9.7,11.3,1014.16,0.0,0.0,0.0,0.0,,
2023-08-26,23:45,27.8,12.8,39.0,ESE,8.0,12.9,1014.19,0.0,0.0,0.0,0.0,,
2023-08-26,OVR,,,,,,,,,,,,gustmax,43.5
2023-08-26,OVR,,,,,,,,,,,,rainrate_max,0.0
2023-08-26,OVR,,,,,,,,,,,,rain_total_mm,0.0
2023-08-26,OVR,,,,,,,,,,,,tmax,36.9
2023-08-26,OVR,,,,,,,,,,,,tmin,23.3
2023-08-26,OVR,,,,,,,,,,,,wind_dir_mean_deg,180.0
2023-08-27,00:00,27.7,12.8,41.0,ESE,1.6,6.4,1014.09,0.0,0.0,0.0,0.0,,
2023-08-27,00:15,26.8,12.2,41.0,ESE,4.8,6.4,1014.02,0.0,0.0,0.0,0.0,,
2023-08-27,00:30,27.1,11.7,39.0,ESE,9.7,14.5,1013.88,0.0,0.0,0.0,0.0,,
2023-08-27,00:45,27.7,12.2,39.0,ESE,17.7,19.3,1013.61,0.0,0.0,0.0,0.0,,
2023-08-27,01:00,27.8,12.2,39.0,ESE,14.5,20.9,1013.61,0.0,0.0,0.0,0.0,,
2023-08-27,01:15,27.8,11.7,37.0,ESE,9.7,17.7,1013.58,0.0,0.0,0.0,0.0,,
2023-08-27,01:30,27.4,12.8,41.0,ESE,12.9,17.7,1013.41,0.0,0.0,0.0,0.0,,
2023-08-27,01:45,27.2,13.9,45.0,ESE,12.9,16.1,1013.41,0.0,0.0,0.0,0.0,,
2023-08-27,02:00,26.9,13.9,45.0,ESE,6.4,12.9,1013.24,0.0,0.0,0.0,0.0,,
2023-08-27,02:15,26.5,15.0,50.0,ESE,11.3,14.5,1012.94,0.0,0.0,0.0,0.0,,
2023-08-27,02:30,26.3,15.0,50.0,ESE,11.3,16.1,1012.8,0.0,0.0,0.0,0.0,,
2023-08-27,02:45,25.9,16.7,58.0,ESE,8.0,16.1,1012.94,0.0,0.0,0.0,0.0,,
2023-08-27,03:00,25.6,20.6,73.0,SE,14.5,19.3,1012.43,0.0,0.0,0.0,0.0,,
2023-08-27,03:15,25.2,20.6,76.0,ESE,16.1,24.1,1012.02,0.0,0.0,0.0,0.0,,
2023-08-27,03:30,25.1,21.7,81.0,ESE,16.1,24.1,1011.99,0.0,0.0,0.0,0.0,,
2023-08-27,03:45,24.7,21.7,85.0,SE,24.1,25.7,1011.89,0.0,0.0,0.0,0.0,,
2023-08-27,04:00,24.6,22.2,87.0,ESE,16.1,22.5,1011.82,0.0,0.0,0.0,0.0,,
2023-08-27,04:15,24.4,22.2,89.0,SE,12.9,24.1,1011.79,0.0,0.0,0.0,0.0,,
2023-08-27,04:30,24.3,22.2,90.0,SE,14.5,22.5,1011.68,0.0,0.0,0.0,0.0,,
2023-08-27,04:45,24.2,22.2,91.0,ESE,17.7,20.9,1011.48,0.0,0.0,0.0,0.0,,
2023-08-27,05:00,23.9,22.2,91.0,SE,12.9,22.5,1011.24,0.0,0.0,0.0,0.0,,
2023-08-27,05:15,23.7,22.2,92.0,SE,12.9,17.7,1011.45,0.0,0.0,0.0,0.0,,
2023-08-27,05:30,23.8,22.2,93.0,SE,12.9,17.7,1011.38,0.0,0.0,0.0,0.0,,
2023-08-27,05:45,23.8,22.2,93.0,SE,12.9,16.1,1011.14,0.0,0.0,0.0,0.0,,
2023-08-27,06:00,23.8,22.2,93.0,EAST,12.9,19.3,1010.5,0.0,0.0,0.0,0.0,,
2023-08-27,06:15,22.9,21.7,92.0,ESE,9.7,16.1,1010.46,0.0,0.0,0.0,0.0,,
2023-08-27,06:30,21.2,19.4,90.0,ESE,11.3,16.1,1010.19,0.0,0.0,0.0,0.0,,
2023-08-27,06:45,21.9,20.6,91.0,EAST,14.5,16.1,1009.89,0.0,0.0,0.0,0.0,,
2023-08-27,07:00,22.0,20.0,88.0,ESE,8.0,14.5,1009.82,0.0,0.0,0.0,9.0,,
2023-08-27,07:15,22.7,20.6,89.0,EAST,4.8,12.9,1009.72,0.0,0.0,0.0,33.0,,
2023-08-27,07:30,22.9,20.0,85.0,SE,9.7,16.1,1009.92,0.0,0.0,0.0,114.0,,
2023-08-27,07:45,24.2,21.7,86.0,SE,11.3,16.1,1009.92,0.0,0.0,0.0,163.0,,
2023-08-27,08:00,24.6,22.2,88.0,SE,12.9,17.7,1009.72,0.0,0.0,0.0,72.0,,
2023-08-27,08:15,24.2,22.2,89.0,ESE,12.9,17.7,1009.72,0.0,0.0,0.0,62.0,,
2023-08-27,08:30,24.0,22.2,90.0,ESE,6.4,16.1,1009.72,0.0,0.0,0.0,111.0,,
2023-08-27,08:45,24.1,22.2,89.0,SE,11.3,12.9,1009.92,0.0,0.0,1.0,255.0,,
2023-08-27,09:00,24.9,22.2,86.0,ESE,6.4,12.9,1009.75,0.0,0.0,1.0,265.0,,
2023-08-27,09:15,25.8,21.7,79.0,ESE,12.9,17.7,1009.38,0.0,0.0,1.0,332.0,,
2023-08-27,09:30,26.2,21.7,77.0,EAST,11.3,17.7,1009.69,0.0,0.0,2.0,385.0,,
2023-08-27,09:45,26.7,20.6,71.0,ESE,6.4,12.9,1009.79,0.0,0.0,2.0,413.0,,
2023-08-27,10:00,27.4,20.6,67.0,EAST,12.9,22.5,1009.41,0.0,0.0,2.0,536.0,,
2023-08-27,10:15,27.6,21.1,67.0,EAST,6.4,20.9,1009.45,0.0,0.0,3.0,587.0,,
2023-08-27,10:30,28.4,20.6,63.0,ENE,19.3,17.7,1009.21,0.0,0.0,3.0,622.0,,
2023-08-27,10:45,29.1,18.9,55.0,ENE,11.3,19.3,1009.14,0.0,0.0,3.0,659.0,,
2023-08-27,11:00,30.1,18.3,51.0,ESE,12.9,22.5,1008.57,0.0,0.0,4.0,691.0,,
2023-08-27,11:15,31.1,18.9,48.0,ESE,12.9,25.7,1008.6,0.0,0.0,4.0,729.0,,
2023-08-27,11:30,31.3,18.9,49.0,SSE,14.5,22.5,1008.57,0.0,0.0,4.0,775.0,,
2023-08-27,11:45,31.9,19.4,47.0,SE,22.5,20.9,1008.53,0.0,0.0,5.0,809.0,,
2023-08-27,12:00,31.7,19.4,49.0,ESE,11.3,25.7,1008.67,0.0,0.0,5.0,884.0,,
2023-08-27,12:15,31.7,20.6,52.0,SE,12.9,27.4,1008.64,0.0,0.0,4.0,578.0,,
2023-08-27,12:30,31.6,20.6,52.0,SE,8.0,29.0,1008.47,0.0,0.0,4.0,476.0,,
2023-08-27,12:45,31.1,20.6,53.0,SE,12.9,22.5,1008.09,0.0,0.0,4.0,492.0,,
2023-08-27,13:00,31.2,21.1,55.0,SE,16.1,27.4,1007.86,0.0,0.0,5.0,397.0,,
2023-08-27,13:15,31.6,19.4,50.0,ESE,16.1,29.0,1007.69,0.0,0.0,5.0,666.0,,
2023-08-27,13:30,32.8,19.4,46.0,SE,20.9,29.0,1007.15,0.0,0.0,6.0,854.0,,
2023-08-27,13:45,33.4,19.4,44.0,ESE,32.2,35.4,1007.15,0.0,0.0,6.0,937.0,,
2023-08-27,14:00,33.5,20.0,45.0,SSE,24.1,35.4,1006.81,0.0,0.0,5.0,879.0,,
2023-08-27,14:15,33.6,18.9,43.0,ESE,29.0,40.2,1006.06,0.0,0.0,6.0,933.0,,
2023-08-27,14:30,34.0,19.4,43.0,SE,24.1,38.6,1005.99,0.0,0.0,5.0,851.0,,
2023-08-27,14:45,33.7,20.0,45.0,ESE,14.5,37.0,1006.3,0.0,0.0,4.0,812.0,,
2023-08-27,15:00,34.1,18.9,41.0,SE,29.0,35.4,1005.83,0.0,0.0,4.0,786.0,,
2023-08-27,15:15,33.1,18.3,41.0,EAST,17.7,32.2,1005.52,0.0,0.0,4.0,464.0,,
2023-08-27,15:30,33.3,18.9,42.0,SE,24.1,30.6,1004.78,0.0,0.0,2.0,302.0,,
2023-08-27,15:45,34.1,17.8,38.0,ESE,24.1,41.8,1004.61,0.0,0.0,2.0,276.0,,
2023-08-27,16:00,33.3,18.3,41.0,SE,25.7,41.8,1004.61,0.0,0.0,2.0,265.0,,
2023-08-27,16:15,32.6,20.0,47.0,SE,16.1,40.2,1004.71,0.0,0.0,1.0,186.0,,
2023-08-27,16:30,32.4,19.4,47.0,ESE,16.1,33.8,1005.01,0.0,0.0,1.0,176.0,,
2023-08-27,16:45,31.7,20.0,50.0,SE,32.2,37.0,1004.4,0.0,0.0,1.0,121.0,,
2023-08-27,17:00,31.7,20.0,51.0,SE,20.9,37.0,1004.57,0.0,0.0,1.0,320.0,,
2023-08-27,17:15,31.3,20.0,52.0,ESE,19.3,32.2,1004.81,0.0,0.0,1.0,213.0,,
2023-08-27,17:30,31.4,20.6,53.0,SE,19.3,33.8,1004.88,0.0,0.0,1.0,218.0,,
2023-08-27,17:45,30.9,21.1,56.0,SE,19.3,33.8,1004.64,0.0,0.0,1.0,128.0,,
2023-08-27,18:00,28.8,21.1,64.0,WNW,22.5,72.4,1007.52,0.0,0.0,0.0,100.0,,
2023-08-27,18:15,26.8,21.7,74.0,WNW,33.8,67.6,1007.15,0.0,0.0,0.0,113.0,,
2023-08-27,18:30,26.6,21.1,72.0,WEST,25.7,48.3,1007.38,0.0,0.0,0.0,100.0,,
2023-08-27,18:45,26.8,21.1,71.0,WEST,24.1,37.0,1007.15,0.0,0.0,0.0,109.0,,
2023-08-27,19:00,26.9,21.1,71.0,WEST,37.0,45.1,1007.28,0.0,0.0,0.0,51.0,,
2023-08-27,19:15,26.7,21.1,71.0,WNW,16.1,38.6,1006.98,0.0,0.0,0.0,30.0,,
2023-08-27,19:30,26.5,21.1,73.0,NNW,16.1,33.8,1007.15,0.0,0.0,0.0,7.0,,
2023-08-27,19:45,26.4,21.1,73.0,NW,6.4,17.7,1006.87,0.0,0.0,0.0,9.0,,
2023-08-27,20:00,26.6,21.1,72.0,WNW,8.0,16.1,1007.86,0.0,0.0,0.0,0.0,,
2023-08-27,20:15,26.6,20.6,71.0,WSW,3.2,20.9,1008.2,0.0,0.0,0.0,0.0,,
2023-08-27,20:30,25.2,19.4,71.0,WEST,24.1,24.1,1008.81,0.0,0.0,0.0,0.0,,
2023-08-27,20:45,23.9,18.9,74.0,WEST,29.0,53.1,1008.94,0.0,0.0,0.0,0.0,,
2023-08-27,21:00,23.4,20.0,83.0,WEST,32.2,57.9,1009.48,0.0,0.0,0.0,0.0,,
2023-08-27,21:15,22.0,19.4,87.0,WNW,38.6,53.1,1009.14,0.0,0.0,0.0,0.0,,
2023-08-27,21:30,21.6,19.4,89.0,WNW,20.9,45.1,1009.21,0.0,0.0,0.0,0.0,,
2023-08-27,21:45,21.3,19.4,90.0,WNW,1.6,24.1,1010.16,0.0,0.0,0.0,0.0,,
2023-08-27,22:00,21.1,19.4,91.0,WNW,19.3,24.1,1009.75,0.25,0.25,0.0,0.0,,
2023-08-27,22:15,21.1,19.4,91.0,WNW,6.4,14.5,1010.43,0.25,0.25,0.0,0.0,,
2023-08-27,22:30,20.8,19.4,91.0,NNW,6.4,11.3,1010.33,0.25,0.25,0.0,0.0,,
2023-08-27,22:45,20.6,18.9,91.0,ESE,4.8,8.0,1009.99,0.25,0.25,0.0,0.0,,
2023-08-27,23:00,20.3,18.9,91.0,ESE,3.2,6.4,1009.45,0.51,0.25,0.0,0.0,,
2023-08-27,23:15,20.0,18.3,91.0,ESE,4.8,6.4,1009.31,0.51,0.25,0.0,0.0,,
2023-08-27,23:30,19.9,18.3,91.0,NORTH,0.0,6.4,1009.82,0.51,0.25,0.0,0.0,,
2023-08-27,23:45,20.4,18.9,92.0,SE,6.4,9.7,1009.58,0.51,0.25,0.0,0.0,,
2023-08-27,OVR,,,,,,,,,,,,gustmax,72.4
2023-08-27,OVR,,,,,,,,,,,,rainrate_max,0.2
2023-08-27,OVR,,,,,,,,,,,,rain_total_mm,0.6
2023-08-27,OVR,,,,,,,,,,,,tmax,34.4
2023-08-27,OVR,,,,,,,,,,,,tmin,19.8
2023-08-27,OVR,,,,,,,,,,,,wind_dir_mean_deg,135.0
2023-08-28,00:00,20.4,18.9,92.0,NORTH,0.0,6.4,1009.52,0.0,0.25,0.0,0.0,,
2023-08-28,00:15,20.2,18.3,91.0,SSW,6.4,16.1,1010.23,0.51,0.51,0.0,0.0,,
2023-08-28,00:30,19.9,18.3,91.0,SE,11.3,14.5,1009.18,0.76,1.02,0.0,0.0,,
2023-08-28,00:45,19.8,17.8,90.0,SSE,6.4,17.7,1009.48,0.76,1.02,0.0,0.0,,
2023-08-28,01:00,19.9,17.8,88.0,SSE,8.0,20.9,1009.21,0.76,0.76,0.0,0.0,,
2023-08-28,01:15,20.0,17.8,87.0,SOUTH,3.2,16.1,1008.84,0.76,0.51,0.0,0.0,,
2023-08-28,01:30,19.9,17.2,84.0,SW,8.0,12.9,1009.21,0.76,0.0,0.0,0.0,,
2023-08-28,01:45,20.4,16.7,79.0,SSW,4.8,12.9,1009.08,0.76,0.0,0.0,0.0,,
2023-08-28,02:00,20.8,16.1,76.0,WEST,33.8,33.8,1009.72,0.76,0.0,0.0,0.0,,
2023-08-28,02:15,18.8,15.0,79.0,WSW,11.3,40.2,1009.48,0.76,0.0,0.0,0.0,,
2023-08-28,02:30,18.5,15.0,81.0,WSW,14.5,30.6,1009.28,0.76,0.0,0.0,0.0,,
2023-08-28,02:45,18.6,15.0,82.0,SOUTH,6.4,19.3,1009.04,0.76,0.0,0.0,0.0,,
2023-08-28,03:00,18.4,15.6,84.0,SOUTH,1.6,11.3,1008.5,0.76,0.0,0.0,0.0,,
2023-08-28,03:15,18.5,15.6,85.0,SSW,1.6,9.7,1008.84,0.76,0.0,0.0,0.0,,
2023-08-28,03:30,18.3,15.6,84.0,SSW,9.7,14.5,1008.3,0.76,0.0,0.0,0.0,,
2023-08-28,03:45,18.3,15.0,82.0,SOUTH,9.7,11.3,1007.76,0.76,0.0,0.0,0.0,,
2023-08-28,04:00,18.1,14.4,79.0,SOUTH,1.6,11.3,1007.21,0.76,0.0,0.0,0.0,,
2023-08-28,04:15,18.1,13.9,77.0,SE,8.0,16.1,1007.25,0.76,0.0,0.0,0.0,,
2023-08-28,04:30,18.3,13.9,76.0,SE,11.3,20.9,1006.84,0.76,0.0,0.0,0.0,,
2023-08-28,04:45,19.1,14.4,76.0,SSE,6.4,37.0,1006.91,0.76,0.0,0.0,0.0,,
2023-08-28,05:00,19.6,15.6,79.0,SW,8.0,33.8,1007.15,0.76,0.0,0.0,0.0,,
2023-08-28,05:15,19.2,15.6,81.0,SW,4.8,29.0,1006.67,0.76,0.0,0.0,0.0,,
2023-08-28,05:30,19.0,15.6,82.0,WSW,12.9,37.0,1006.98,0.76,0.0,0.0,0.0,,
2023-08-28,05:45,18.7,15.6,84.0,NE,9.7,46.7,1007.59,0.76,0.0,0.0,0.0,,
2023-08-28,06:00,18.3,15.6,86.0,WNW,19.3,35.4,1007.48,0.76,0.0,0.0,0.0,,
2023-08-28,06:15,17.9,15.6,86.0,WEST,4.8,32.2,1008.36,0.76,0.0,0.0,0.0,,
2023-08-28,06:30,17.9,15.6,87.0,SW,11.3,24.1,1008.23,0.76,0.0,0.0,0.0,,
2023-08-28,06:45,17.9,15.6,87.0,NNE,19.3,35.4,1008.06,0.76,0.0,0.0,0.0,,
2023-08-28,07:00,17.9,15.6,88.0,NNW,30.6,46.7,1008.5,0.76,0.0,0.0,0.0,,
2023-08-28,07:15,17.9,16.1,89.0,WNW,25.7,33.8,1008.64,0.76,0.0,0.0,40.0,,
2023-08-28,07:30,17.8,16.1,90.0,WNW,29.0,43.5,1008.81,1.02,0.25,0.0,12.0,,
2023-08-28,07:45,17.8,16.1,91.0,WEST,22.5,37.0,1009.08,1.02,0.25,0.0,26.0,,
2023-08-28,08:00,17.7,16.1,91.0,WNW,8.0,27.4,1009.48,1.27,0.51,0.0,58.0,,
2023-08-28,08:15,17.7,16.1,91.0,ENE,14.5,27.4,1010.02,2.54,1.78,0.0,14.0,,
2023-08-28,08:30,16.9,15.6,91.0,WNW,27.4,43.5,1010.23,4.57,3.56,0.0,16.0,,
2023-08-28,08:45,16.7,15.0,92.0,SW,8.0,29.0,1009.99,4.57,3.3,0.0,53.0,,
2023-08-28,09:00,17.7,16.1,92.0,EAST,17.7,43.5,1010.23,4.57,3.3,1.0,267.0,,
2023-08-28,09:15,18.5,16.7,89.0,WEST,12.9,32.2,1010.43,4.57,1.78,1.0,165.0,,
2023-08-28,09:30,18.9,16.1,85.0,WEST,25.7,37.0,1010.46,4.57,0.0,1.0,527.0,,
2023-08-28,09:45,19.4,16.1,81.0,WNW,32.2,37.0,1010.53,4.57,0.0,2.0,311.0,,
2023-08-28,10:00,19.7,15.6,77.0,WNW,33.8,45.1,1010.7,4.57,0.0,2.0,276.0,,
2023-08-28,10:15,20.2,15.6,75.0,WNW,22.5,51.5,1010.63,4.57,0.0,3.0,612.0,,
2023-08-28,10:30,20.3,15.0,72.0,WNW,30.6,49.9,1010.97,4.57,0.0,1.0,132.0,,
2023-08-28,10:45,19.1,13.9,73.0,SSW,9.7,53.1,1011.11,4.57,0.0,3.0,183.0,,
2023-08-28,11:00,20.3,14.4,71.0,SE,17.7,40.2,1011.07,4.57,0.0,3.0,749.0,,
2023-08-28,11:15,21.4,14.4,66.0,WNW,27.4,53.1,1011.28,4.57,0.0,2.0,272.0,,
2023-08-28,11:30,21.2,14.4,66.0,WEST,53.1,61.2,1011.92,4.57,0.0,2.0,257.0,,
2023-08-28,11:45,20.5,14.4,69.0,WNW,35.4,66.0,1011.51,4.57,0.0,3.0,427.0,,
2023-08-28,12:00,21.3,13.9,64.0,WNW,49.9,72.4,1011.38,4.57,0.0,4.0,645.0,,
2023-08-28,12:15,21.7,13.9,62.0,WEST,66.0,67.6,1011.51,4.57,0.0,5.0,838.0,,
2023-08-28,12:30,22.0,14.4,62.0,WEST,38.6,62.8,1011.34,4.57,0.0,5.0,849.0,,
2023-08-28,12:45,21.7,13.3,60.0,WNW,46.7,67.6,1011.18,4.57,0.0,3.0,677.0,,
2023-08-28,13:00,22.3,13.9,60.0,WNW,25.7,69.2,1011.34,4.57,0.0,6.0,341.0,,
2023-08-28,13:15,22.3,13.9,59.0,WNW,41.8,72.4,1011.07,4.57,0.0,3.0,213.0,,
2023-08-28,13:30,22.4,13.9,58.0,WNW,45.1,61.2,1011.21,4.57,0.0,3.0,292.0,,
2023-08-28,13:45,22.2,12.8,56.0,WEST,38.6,66.0,1011.24,4.57,0.0,6.0,995.0,,
2023-08-28,14:00,21.3,13.9,63.0,WNW,46.7,59.5,1011.24,4.57,0.0,4.0,156.0,,
2023-08-28,14:15,21.9,14.4,63.0,NNW,29.0,62.8,1010.9,4.57,0.0,6.0,1056.0,,
2023-08-28,14:30,22.3,13.3,57.0,WEST,46.7,75.6,1011.18,4.57,0.0,5.0,995.0,,
2023-08-28,14:45,22.3,13.9,58.0,WNW,24.1,64.4,1011.04,4.57,0.0,2.0,288.0,,
2023-08-28,15:00,22.1,12.8,57.0,WNW,37.0,70.8,1010.9,4.57,0.0,2.0,220.0,,
2023-08-28,15:15,22.0,13.9,61.0,WNW,48.3,74.0,1010.97,4.57,0.0,4.0,1016.0,,
2023-08-28,15:30,21.6,13.3,61.0,WEST,32.2,69.2,1010.9,4.57,0.0,2.0,241.0,,
2023-08-28,15:45,21.6,13.3,61.0,WSW,24.1,66.0,1011.11,4.57,0.0,1.0,178.0,,
2023-08-28,16:00,21.4,13.3,61.0,WEST,49.9,69.2,1011.28,4.57,0.0,2.0,179.0,,
2023-08-28,16:15,22.1,13.9,59.0,EAST,27.4,80.5,1010.87,4.57,0.0,2.0,260.0,,
2023-08-28,16:30,20.7,12.8,61.0,WSW,45.1,90.1,1011.24,4.57,0.0,1.0,88.0,,
2023-08-28,16:45,18.4,14.4,78.0,WNW,16.1,59.5,1010.97,4.57,0.0,2.0,710.0,,
2023-08-28,17:00,20.4,14.4,70.0,WNW,69.2,82.1,1010.53,4.57,0.0,2.0,543.0,,
2023-08-28,17:15,21.8,13.3,58.0,WSW,54.7,78.9,1010.6,4.57,0.0,2.0,540.0,,
2023-08-28,17:30,22.0,13.3,58.0,WNW,22.5,72.4,1010.63,4.57,0.0,1.0,471.0,,
2023-08-28,17:45,21.5,13.9,62.0,WEST,51.5,67.6,1010.8,4.57,0.0,0.0,19.0,,
2023-08-28,18:00,17.7,13.9,78.0,WNW,14.5,49.9,1011.07,4.83,0.25,1.0,149.0,,
2023-08-28,18:15,17.8,14.4,83.0,WNW,17.7,37.0,1010.67,4.83,0.25,0.0,28.0,,
2023-08-28,18:30,17.9,15.0,84.0,SW,17.7,22.5,1011.01,5.59,1.02,0.0,19.0,,
2023-08-28,18:45,17.3,15.0,87.0,WEST,9.7,54.7,1011.14,13.72,8.89,0.0,63.0,,
2023-08-28,19:00,17.9,15.6,89.0,WSW,4.8,14.5,1010.53,13.72,8.89,0.0,35.0,,
2023-08-28,19:15,17.2,15.0,87.0,WNW,16.1,37.0,1010.3,13.72,8.89,0.0,18.0,,
2023-08-28,19:30,17.3,15.0,86.0,WNW,9.7,38.6,1010.5,17.02,10.16,0.0,25.0,,
2023-08-28,19:45,17.2,14.4,86.0,NNW,12.9,38.6,1010.36,17.02,3.3,0.0,25.0,,
2023-08-28,20:00,18.2,15.6,85.0,WNW,25.7,35.4,1010.53,17.02,3.3,0.0,0.0,,
2023-08-28,20:15,18.4,15.6,83.0,WEST,27.4,30.6,1010.53,17.02,3.3,0.0,0.0,,
2023-08-28,20:30,19.7,15.0,77.0,NE,16.1,48.3,1010.36,17.02,0.0,0.0,0.0,,
2023-08-28,20:45,19.9,15.6,76.0,WEST,29.0,53.1,1010.53,17.02,0.0,0.0,0.0,,
2023-08-28,21:00,19.7,14.4,73.0,WEST,29.0,53.1,1010.74,17.02,0.0,0.0,0.0,,
2023-08-28,21:15,19.3,13.9,71.0,WNW,29.0,54.7,1011.01,17.02,0.0,0.0,0.0,,
2023-08-28,21:30,19.3,14.4,73.0,WEST,38.6,57.9,1010.87,17.02,0.0,0.0,0.0,,
2023-08-28,21:45,19.3,14.4,74.0,WNW,25.7,37.0,1011.01,17.02,0.0,0.0,0.0,,
2023-08-28,22:00,19.4,14.4,74.0,NW,20.9,46.7,1011.07,17.02,0.0,0.0,0.0,,
2023-08-28,22:15,19.4,14.4,75.0,WEST,16.1,35.4,1011.01,17.02,0.0,0.0,0.0,,
2023-08-28,22:30,19.3,15.0,76.0,WEST,16.1,45.1,1010.97,17.02,0.0,0.0,0.0,,
2023-08-28,22:45,19.3,15.0,76.0,WEST,11.3,32.2,1011.24,17.02,0.0,0.0,0.0,,
2023-08-28,23:00,19.7,15.6,77.0,WNW,20.9,37.0,1010.94,17.02,0.0,0.0,0.0,,
2023-08-28,23:15,19.9,16.1,80.0,WEST,43.5,49.9,1010.84,17.02,0.0,0.0,0.0,,
2023-08-28,23:30,19.9,16.7,81.0,ENE,12.9,38.6,1010.9,17.02,0.0,0.0,0.0,,
2023-08-28,23:45,19.8,16.7,82.0,WEST,19.3,56.3,1010.8,17.02,0.0,0.0,0.0,,
2023-08-28,OVR,,,,,,,,,,,,gustmax,90.1
2023-08-28,OVR,,,,,,,,,,,,rainrate_max,172.0
2023-08-28,OVR,,,,,,,,,,,,rain_total_mm,17.0
2023-08-28,OVR,,,,,,,,,,,,tmax,22.7
2023-08-28,OVR,,,,,,,,,,,,tmin,16.3
2023-08-28,OVR,,,,,,,,,,,,wind_dir_mean_deg,292.5
2023-08-29,00:00,19.8,16.1,80.0,WEST,22.5,41.8,1010.94,0.0,0.0,0.0,0.0,,
2023-08-29,00:15,19.7,15.0,75.0,NNW,37.0,43.5,1010.63,0.0,0.0,0.0,0.0,,
2023-08-29,00:30,19.8,14.4,71.0,NNE,20.9,38.6,1010.4,0.0,0.0,0.0,0.0,,
2023-08-29,00:45,19.6,13.9,71.0,WNW,14.5,30.6,1010.46,0.0,0.0,0.0,0.0,,
2023-08-29,01:00,19.7,13.9,71.0,WSW,20.9,43.5,1010.06,0.0,0.0,0.0,0.0,,
2023-08-29,01:15,19.8,14.4,71.0,WNW,24.1,40.2,1009.99,0.0,0.0,0.0,0.0,,
2023-08-29,01:30,19.8,13.9,70.0,WEST,29.0,40.2,1009.92,0.0,0.0,0.0,0.0,,
2023-08-29,01:45,19.9,14.4,70.0,WNW,19.3,46.7,1009.82,0.0,0.0,0.0,0.0,,
2023-08-29,02:00,20.1,14.4,71.0,WEST,17.7,46.7,1009.72,0.0,0.0,0.0,0.0,,
2023-08-29,02:15,20.2,15.0,73.0,WEST,25.7,51.5,1009.69,0.0,0.0,0.0,0.0,,
2023-08-29,02:30,20.0,15.0,73.0,WEST,25.7,51.5,1009.48,0.0,0.0,0.0,0.0,,
2023-08-29,02:45,20.2,14.4,71.0,WNW,38.6,49.9,1009.38,0.0,0.0,0.0,0.0,,
2023-08-29,03:00,20.3,14.4,70.0,WEST,16.1,48.3,1009.45,0.0,0.0,0.0,0.0,,
2023-08-29,03:15,20.2,14.4,70.0,WNW,20.9,45.1,1009.62,0.0,0.0,0.0,0.0,,
2023-08-29,03:30,20.2,13.9,69.0,WEST,24.1,48.3,1009.55,0.0,0.0,0.0,0.0,,
2023-08-29,03:45,20.2,13.9,68.0,WNW,16.1,49.9,1009.55,0.0,0.0,0.0,0.0,,
2023-08-29,04:00,20.1,13.9,69.0,WEST,22.5,43.5,1009.38,0.0,0.0,0.0,0.0,,
2023-08-29,04:15,20.1,13.9,69.0,WNW,19.3,48.3,1009.28,0.0,0.0,0.0,0.0,,
2023-08-29,04:30,20.2,13.9,68.0,WNW,25.7,46.7,1009.21,0.0,0.0,0.0,0.0,,
2023-08-29,04:45,20.1,13.9,69.0,WEST,29.0,41.8,1009.04,0.0,0.0,0.0,0.0,,
2023-08-29,05:00,19.8,13.9,69.0,WNW,16.1,48.3,1008.94,0.0,0.0,0.0,0.0,,
2023-08-29,05:15,19.6,13.9,70.0,WNW,16.1,46.7,1008.67,0.0,0.0,0.0,0.0,,
2023-08-29,05:30,19.5,13.9,72.0,WEST,24.1,43.5,1008.64,0.0,0.0,0.0,0.0,,
2023-08-29,05:45,19.4,13.9,71.0,NW,29.0,53.1,1008.64,0.0,0.0,0.0,0.0,,
2023-08-29,06:00,19.3,13.9,71.0,WEST,19.3,37.0,1008.57,0.0,0.0,0.0,0.0,,
2023-08-29,06:15,19.2,13.9,72.0,WNW,24.1,45.1,1008.53,0.0,0.0,0.0,0.0,,
2023-08-29,06:30,19.3,13.9,72.0,WNW,16.1,51.5,1008.53,0.0,0.0,0.0,0.0,,
2023-08-29,06:45,19.2,13.9,73.0,WNW,27.4,35.4,1008.57,0.0,0.0,0.0,0.0,,
2023-08-29,07:00,19.1,13.9,74.0,WNW,14.5,41.8,1008.64,0.0,0.0,0.0,9.0,,
2023-08-29,07:15,18.9,13.9,74.0,WNW,17.7,41.8,1008.81,0.0,0.0,0.0,21.0,,
2023-08-29,07:30,19.1,13.9,73.0,WEST,29.0,45.1,1008.74,0.0,0.0,0.0,39.0,,
2023-08-29,07:45,19.2,14.4,74.0,WNW,25.7,41.8,1008.77,0.0,0.0,0.0,58.0,,
2023-08-29,08:00,19.3,14.4,74.0,WNW,17.7,41.8,1008.7,0.0,0.0,0.0,79.0,,
2023-08-29,08:15,19.4,14.4,75.0,WEST,29.0,48.3,1008.91,0.0,0.0,0.0,137.0,,
2023-08-29,08:30,19.6,14.4,73.0,WNW,16.1,54.7,1008.7,0.0,0.0,1.0,213.0,,
2023-08-29,08:45,19.9,15.0,73.0,WEST,30.6,66.0,1008.91,0.0,0.0,1.0,302.0,,
2023-08-29,09:00,20.1,14.4,71.0,NW,38.6,53.1,1009.08,0.0,0.0,1.0,274.0,,
2023-08-29,09:15,20.3,14.4,69.0,WEST,40.2,59.5,1009.08,0.0,0.0,1.0,466.0,,
2023-08-29,09:30,19.9,13.9,69.0,WEST,53.1,53.1,1009.48,0.0,0.0,1.0,98.0,,
2023-08-29,09:45,20.4,14.4,69.0,WNW,37.0,61.2,1009.62,0.0,0.0,2.0,541.0,,
2023-08-29,10:00,20.1,14.4,70.0,WEST,38.6,56.3,1009.52,0.0,0.0,1.0,135.0,,
2023-08-29,10:15,20.4,13.9,68.0,WEST,43.5,70.8,1009.75,0.0,0.0,3.0,729.0,,
2023-08-29,10:30,20.7,13.9,66.0,WNW,35.4,53.1,1009.72,0.0,0.0,3.0,202.0,,
2023-08-29,10:45,20.4,13.9,66.0,WEST,35.4,59.5,1009.85,0.0,0.0,4.0,211.0,,
2023-08-29,11:00,20.9,13.9,64.0,WNW,22.5,61.2,1010.06,0.0,0.0,4.0,837.0,,
2023-08-29,11:15,21.1,13.9,64.0,WEST,32.2,57.9,1010.06,0.0,0.0,5.0,921.0,,
2023-08-29,11:30,21.4,13.9,63.0,WNW,40.2,74.0,1010.13,0.0,0.0,5.0,974.0,,
2023-08-29,11:45,21.7,14.4,63.0,WNW,49.9,57.9,1009.99,0.0,0.0,5.0,911.0,,
2023-08-29,12:00,21.6,14.4,65.0,WNW,43.5,59.5,1009.85,0.0,0.0,5.0,232.0,,
2023-08-29,12:15,21.4,13.9,62.0,NNE,37.0,56.3,1009.69,0.0,0.0,6.0,893.0,,
2023-08-29,12:30,21.7,13.3,61.0,WEST,33.8,59.5,1009.82,0.0,0.0,6.0,991.0,,
2023-08-29,12:45,21.9,13.3,59.0,WNW,38.6,64.4,1009.89,0.0,0.0,3.0,1016.0,,
2023-08-29,13:00,21.7,14.4,64.0,WNW,29.0,62.8,1009.82,0.0,0.0,7.0,1053.0,,
2023-08-29,13:15,21.6,14.4,64.0,WNW,35.4,62.8,1009.79,0.0,0.0,3.0,1007.0,,
2023-08-29,13:30,21.3,14.4,65.0,WNW,40.2,59.5,1009.99,0.0,0.0,3.0,330.0,,
2023-08-29,13:45,21.8,13.9,61.0,WNW,53.1,69.2,1010.4,0.0,0.0,6.0,1027.0,,
2023-08-29,14:00,22.1,13.9,60.0,SW,37.0,53.1,1010.3,0.0,0.0,7.0,1039.0,,
2023-08-29,14:15,21.8,13.9,61.0,WNW,20.9,64.4,1010.19,0.0,0.0,2.0,264.0,,
2023-08-29,14:30,21.2,13.3,62.0,WEST,30.6,57.9,1009.99,0.0,0.0,3.0,255.0,,
2023-08-29,14:45,21.9,13.9,62.0,WEST,54.7,59.5,1009.92,0.0,0.0,3.0,951.0,,
2023-08-29,15:00,21.3,13.3,62.0,WEST,38.6,61.2,1010.06,0.0,0.0,5.0,327.0,,
2023-08-29,15:15,21.2,13.3,62.0,NW,48.3,57.9,1010.3,0.0,0.0,3.0,1055.0,,
2023-08-29,15:30,21.1,13.9,65.0,WNW,27.4,61.2,1010.02,0.0,0.0,2.0,294.0,,
2023-08-29,15:45,20.6,13.9,65.0,WEST,33.8,67.6,1010.02,0.0,0.0,2.0,274.0,,
2023-08-29,16:00,20.8,13.3,64.0,WEST,40.2,72.4,1009.99,0.0,0.0,2.0,316.0,,
2023-08-29,16:15,20.7,12.8,61.0,WEST,53.1,66.0,1010.3,0.0,0.0,3.0,287.0,,
2023-08-29,16:30,20.8,12.8,60.0,WNW,37.0,75.6,1010.13,0.0,0.0,2.0,188.0,,
2023-08-29,16:45,21.6,12.8,59.0,WNW,30.6,54.7,1009.89,0.0,0.0,2.0,721.0,,
2023-08-29,17:00,21.3,13.9,62.0,WNW,29.0,67.6,1009.89,0.0,0.0,2.0,680.0,,
2023-08-29,17:15,20.8,12.8,61.0,WEST,48.3,57.9,1010.16,0.0,0.0,2.0,550.0,,
2023-08-29,17:30,20.8,12.8,60.0,WNW,38.6,69.2,1010.19,0.0,0.0,2.0,432.0,,
2023-08-29,17:45,20.3,12.8,63.0,NNW,32.2,57.9,1010.23,0.0,0.0,1.0,271.0,,
2023-08-29,18:00,20.4,12.8,62.0,WNW,29.0,62.8,1010.19,0.0,0.0,1.0,406.0,,
2023-08-29,18:15,20.3,12.8,63.0,WNW,33.8,53.1,1010.16,0.0,0.0,1.0,105.0,,
2023-08-29,18:30,20.0,12.8,63.0,WNW,35.4,67.6,1010.26,0.0,0.0,0.0,67.0,,
2023-08-29,18:45,19.6,12.8,64.0,WEST,22.5,61.2,1010.19,0.0,0.0,0.0,165.0,,
2023-08-29,19:00,19.9,12.8,64.0,WEST,22.5,48.3,1010.19,0.0,0.0,0.0,60.0,,
2023-08-29,19:15,19.7,12.8,65.0,WEST,30.6,51.5,1010.13,0.0,0.0,0.0,76.0,,
2023-08-29,19:30,19.5,12.8,65.0,WNW,20.9,48.3,1010.13,0.0,0.0,0.0,25.0,,
2023-08-29,19:45,19.2,12.2,64.0,WEST,17.7,54.7,1010.16,0.0,0.0,0.0,11.0,,
2023-08-29,20:00,19.2,12.2,65.0,WEST,30.6,45.1,1010.36,0.0,0.0,0.0,0.0,,
2023-08-29,20:15,19.1,12.2,65.0,WEST,25.7,46.7,1010.57,0.0,0.0,0.0,0.0,,
2023-08-29,20:30,19.1,12.2,66.0,WNW,24.1,43.5,1010.46,0.0,0.0,0.0,0.0,,
2023-08-29,20:45,18.9,12.2,67.0,WNW,27.4,33.8,1010.74,0.0,0.0,0.0,0.0,,
2023-08-29,21:00,18.9,12.2,66.0,WEST,24.1,33.8,1010.97,0.0,0.0,0.0,0.0,,
2023-08-29,21:15,18.8,12.2,67.0,WEST,17.7,33.8,1010.97,0.0,0.0,0.0,0.0,,
2023-08-29,21:30,18.6,12.2,67.0,WNW,14.5,29.0,1011.04,0.0,0.0,0.0,0.0,,
2023-08-29,21:45,18.6,12.2,67.0,WNW,22.5,37.0,1011.07,0.0,0.0,0.0,0.0,,
2023-08-29,22:00,18.5,12.2,67.0,WEST,12.9,37.0,1011.11,0.0,0.0,0.0,0.0,,
2023-08-29,22:15,18.3,12.2,68.0,WEST,14.5,20.9,1011.21,0.0,0.0,0.0,0.0,,
2023-08-29,22:30,18.2,12.2,70.0,WEST,12.9,20.9,1011.07,0.0,0.0,0.0,0.0,,
2023-08-29,22:45,17.9,12.2,71.0,NW,12.9,20.9,1011.38,0.0,0.0,0.0,0.0,,
2023-08-29,23:00,17.8,12.8,72.0,WNW,12.9,19.3,1011.24,0.0,0.0,0.0,0.0,,
2023-08-29,23:15,17.7,12.8,73.0,WNW,11.3,19.3,1011.58,0.0,0.0,0.0,0.0,,
2023-08-29,23:30,17.7,12.2,72.0,WNW,6.4,16.1,1011.41,0.0,0.0,0.0,0.0,,
2023-08-29,23:45,17.7,12.2,72.0,WEST,9.7,20.9,1011.48,0.0,0.0,0.0,0.0,,
2023-08-29,OVR,,,,,,,,,,,,gustmax,75.6
2023-08-29,OVR,,,,,,,,,,,,rainrate_max,0.0
2023-08-29,OVR,,,,,,,,,,,,rain_total_mm,0.0
2023-08-29,OVR,,,,,,,,,,,,tmax,22.3
2023-08-29,OVR,,,,,,,,,,,,tmin,17.6
2023-08-29,OVR,,,,,,,,,,,,wind_dir_mean_deg,292.5
2023-08-30,00:00,17.7,12.8,73.0,WNW,14.5,20.9,1011.48,0.0,0.0,0.0,0.0,,
2023-08-30,00:15,17.7,12.8,73.0,WEST,12.9,19.3,1011.62,0.0,0.0,0.0,0.0,,
2023-08-30,00:30,17.7,12.8,74.0,WEST,12.9,17.7,1011.58,0.0,0.0,0.0,0.0,,
2023-08-30,00:45,17.7,12.8,74.0,WEST,19.3,22.5,1011.41,0.0,0.0,0.0,0.0,,
2023-08-30,01:00,17.9,12.8,73.0,WNW,14.5,27.4,1011.38,0.0,0.0,0.0,0.0,,
2023-08-30,01:15,18.2,13.3,73.0,WEST,17.7,29.0,1011.24,0.0,0.0,0.0,0.0,,
2023-08-30,01:30,18.2,12.8,72.0,WNW,16.1,27.4,1011.48,0.0,0.0,0.0,0.0,,
2023-08-30,01:45,18.0,12.8,73.0,WEST,12.9,24.1,1011.24,0.0,0.0,0.0,0.0,,
2023-08-30,02:00,17.9,12.8,74.0,WEST,11.3,27.4,1011.07,0.0,0.0,0.0,0.0,,
2023-08-30,02:15,17.9,13.3,74.0,WNW,12.9,25.7,1010.9,0.0,0.0,0.0,0.0,,
2023-08-30,02:30,18.1,13.3,75.0,WNW,17.7,25.7,1010.87,0.0,0.0,0.0,0.0,,
2023-08-30,02:45,18.3,13.3,74.0,WEST,16.1,32.2,1010.67,0.0,0.0,0.0,0.0,,
2023-08-30,03:00,18.2,13.3,74.0,WEST,9.7,30.6,1010.94,0.0,0.0,0.0,0.0,,
2023-08-30,03:15,18.1,13.3,74.0,WNW,12.9,25.7,1010.63,0.0,0.0,0.0,0.0,,
2023-08-30,03:30,18.0,13.3,75.0,WEST,14.5,19.3,1010.63,0.0,0.0,0.0,0.0,,
2023-08-30,03:45,18.0,13.3,75.0,WEST,4.8,20.9,1010.53,0.0,0.0,0.0,0.0,,
2023-08-30,04:00,18.1,13.9,77.0,WNW,12.9,22.5,1010.4,0.0,0.0,0.0,0.0,,
2023-08-30,04:15,18.2,13.9,77.0,WNW,16.1,30.6,1010.19,0.0,0.0,0.0,0.0,,
2023-08-30,04:30,18.2,14.4,78.0,WEST,14.5,20.9,1010.26,0.0,0.0,0.0,0.0,,
2023-08-30,04:45,18.1,14.4,80.0,WNW,6.4,20.9,1010.13,0.0,0.0,0.0,0.0,,
2023-08-30,05:00,18.1,14.4,80.0,WEST,12.9,22.5,1009.96,0.0,0.0,0.0,0.0,,
2023-08-30,05:15,17.9,14.4,80.0,WEST,12.9,16.1,1009.92,0.0,0.0,0.0,0.0,,
2023-08-30,05:30,17.8,14.4,81.0,WEST,16.1,19.3,1009.92,0.0,0.0,0.0,0.0,,
2023-08-30,05:45,17.8,14.4,81.0,WNW,4.8,20.9,1009.85,0.0,0.0,0.0,0.0,,
2023-08-30,06:00,17.8,14.4,81.0,WEST,12.9,17.7,1010.02,0.0,0.0,0.0,0.0,,
2023-08-30,06:15,17.6,14.4,82.0,WEST,6.4,16.1,1010.19,0.0,0.0,0.0,0.0,,
2023-08-30,06:30,17.5,14.4,82.0,WEST,3.2,11.3,1010.3,0.0,0.0,0.0,0.0,,
2023-08-30,06:45,17.4,14.4,82.0,WEST,14.5,16.1,1010.53,0.0,0.0,0.0,0.0,,
2023-08-30,07:00,17.4,14.4,82.0,WEST,9.7,14.5,1010.5,0.0,0.0,0.0,9.0,,
2023-08-30,07:15,17.4,14.4,82.0,WEST,6.4,14.5,1010.67,0.0,0.0,0.0,21.0,,
2023-08-30,07:30,17.4,14.4,82.0,WEST,4.8,11.3,1010.77,0.0,0.0,0.0,47.0,,
2023-08-30,07:45,17.7,14.4,81.0,WEST,4.8,14.5,1010.67,0.0,0.0,0.0,79.0,,
2023-08-30,08:00,17.9,14.4,81.0,WEST,6.4,11.3,1010.87,0.0,0.0,0.0,127.0,,
2023-08-30,08:15,18.2,14.4,80.0,WEST,9.7,11.3,1011.01,0.0,0.0,0.0,178.0,,
2023-08-30,08:30,18.7,14.4,78.0,WNW,8.0,12.9,1011.01,0.0,0.0,1.0,213.0,,
2023-08-30,08:45,19.1,15.0,77.0,WNW,9.7,12.9,1011.18,0.0,0.0,1.0,221.0,,
2023-08-30,09:00,19.7,15.0,75.0,WEST,16.1,22.5,1011.21,0.0,0.0,1.0,255.0,,
2023-08-30,09:15,20.2,15.0,74.0,WEST,11.3,22.5,1011.18,0.0,0.0,1.0,352.0,,
2023-08-30,09:30,20.4,15.0,73.0,WNW,20.9,25.7,1011.24,0.0,0.0,2.0,367.0,,
2023-08-30,09:45,20.8,15.0,71.0,WEST,19.3,33.8,1011.38,0.0,0.0,2.0,519.0,,
2023-08-30,10:00,20.8,13.9,66.0,WEST,29.0,38.6,1011.41,0.0,0.0,2.0,570.0,,
2023-08-30,10:15,21.6,15.0,67.0,WNW,11.3,35.4,1011.45,0.0,0.0,1.0,195.0,,
2023-08-30,10:30,21.6,15.0,67.0,WEST,17.7,40.2,1011.72,0.0,0.0,3.0,708.0,,
2023-08-30,10:45,21.3,15.0,69.0,WNW,19.3,37.0,1011.65,0.0,0.0,3.0,696.0,,
2023-08-30,11:00,22.1,15.0,64.0,WNW,24.1,37.0,1011.72,0.0,0.0,2.0,731.0,,
2023-08-30,11:15,22.0,15.0,65.0,WEST,19.3,37.0,1011.89,0.0,0.0,3.0,269.0,,
2023-08-30,11:30,21.9,14.4,62.0,WEST,41.8,48.3,1011.99,0.0,0.0,4.0,770.0,,
2023-08-30,11:45,22.4,13.9,58.0,WNW,24.1,40.2,1012.19,0.0,0.0,5.0,798.0,,
2023-08-30,12:00,22.8,14.4,60.0,WNW,19.3,30.6,1012.06,0.0,0.0,5.0,807.0,,
2023-08-30,12:15,22.8,13.9,58.0,WNW,20.9,40.2,1011.92,0.0,0.0,5.0,821.0,,
2023-08-30,12:30,23.0,13.9,56.0,WNW,20.9,40.2,1012.12,0.0,0.0,5.0,842.0,,
2023-08-30,12:45,22.9,13.3,56.0,WEST,19.3,40.2,1011.92,0.0,0.0,5.0,877.0,,
2023-08-30,13:00,22.9,13.3,54.0,WNW,20.9,57.9,1012.23,0.0,0.0,6.0,874.0,,
2023-08-30,13:15,22.9,13.3,55.0,WNW,25.7,46.7,1012.33,0.0,0.0,6.0,875.0,,
2023-08-30,13:30,23.1,13.3,55.0,WNW,19.3,49.9,1012.29,0.0,0.0,6.0,858.0,,
2023-08-30,13:45,23.2,13.3,54.0,WNW,29.0,49.9,1012.12,0.0,0.0,6.0,856.0,,
2023-08-30,14:00,23.1,12.2,51.0,WEST,24.1,49.9,1012.5,0.0,0.0,6.0,854.0,,
2023-08-30,14:15,23.1,12.8,54.0,WNW,20.9,61.2,1012.39,0.0,0.0,5.0,830.0,,
2023-08-30,14:30,23.3,12.8,53.0,WEST,43.5,53.1,1012.43,0.0,0.0,5.0,802.0,,
2023-08-30,14:45,23.3,13.3,54.0,NNW,27.4,48.3,1012.33,0.0,0.0,5.0,791.0,,
2023-08-30,15:00,22.9,13.9,56.0,WEST,40.2,53.1,1012.43,0.0,0.0,4.0,733.0,,
2023-08-30,15:15,23.1,13.3,55.0,WNW,33.8,53.1,1012.53,0.0,0.0,4.0,751.0,,
2023-08-30,15:30,23.1,13.3,55.0,NE,9.7,48.3,1012.5,0.0,0.0,4.0,703.0,,
2023-08-30,15:45,23.3,13.3,54.0,NW,14.5,38.6,1012.94,0.0,0.0,4.0,670.0,,
2023-08-30,16:00,23.1,12.8,53.0,NW,27.4,56.3,1012.84,0.0,0.0,3.0,663.0,,
2023-08-30,16:15,23.1,13.3,55.0,WNW,29.0,43.5,1012.6,0.0,0.0,3.0,613.0,,
2023-08-30,16:30,22.9,12.8,54.0,WEST,22.5,46.7,1012.77,0.0,0.0,3.0,589.0,,
2023-08-30,16:45,22.8,12.8,53.0,WEST,22.5,49.9,1012.7,0.0,0.0,2.0,538.0,,
2023-08-30,17:00,22.9,12.8,54.0,WNW,20.9,53.1,1012.87,0.0,0.0,2.0,499.0,,
2023-08-30,17:15,22.6,12.8,54.0,WNW,14.5,41.8,1012.94,0.0,0.0,2.0,441.0,,
2023-08-30,17:30,22.7,13.3,55.0,WNW,16.1,40.2,1013.17,0.0,0.0,1.0,392.0,,
2023-08-30,17:45,22.3,13.3,56.0,WNW,22.5,40.2,1013.14,0.0,0.0,1.0,327.0,,
2023-08-30,18:00,22.1,13.3,57.0,WEST,19.3,43.5,1013.24,0.0,0.0,1.0,299.0,,
2023-08-30,18:15,21.9,13.3,59.0,WNW,16.1,38.6,1013.24,0.0,0.0,1.0,197.0,,
2023-08-30,18:30,21.6,13.3,60.0,WEST,27.4,37.0,1013.34,0.0,0.0,0.0,120.0,,
2023-08-30,18:45,21.3,13.9,62.0,WNW,14.5,35.4,1013.24,0.0,0.0,0.0,107.0,,
2023-08-30,19:00,21.1,13.3,62.0,WNW,20.9,33.8,1013.51,0.0,0.0,0.0,81.0,,
2023-08-30,19:15,20.9,13.3,63.0,WNW,11.3,32.2,1013.58,0.0,0.0,0.0,49.0,,
2023-08-30,19:30,20.6,13.9,65.0,WNW,22.5,27.4,1013.68,0.0,0.0,0.0,32.0,,
2023-08-30,19:45,20.3,13.3,66.0,WEST,16.1,24.1,1013.65,0.0,0.0,0.0,14.0,,
2023-08-30,20:00,20.1,13.9,67.0,WEST,19.3,29.0,1013.99,0.0,0.0,0.0,0.0,,
2023-08-30,20:15,19.8,13.9,68.0,WNW,22.5,24.1,1014.02,0.0,0.0,0.0,0.0,,
2023-08-30,20:30,19.7,13.9,70.0,WNW,12.9,24.1,1014.33,0.0,0.0,0.0,0.0,,
2023-08-30,20:45,19.5,13.9,70.0,WNW,19.3,24.1,1014.33,0.0,0.0,0.0,0.0,,
2023-08-30,21:00,19.3,13.9,71.0,WEST,11.3,25.7,1014.53,0.0,0.0,0.0,0.0,,
2023-08-30,21:15,19.3,13.9,72.0,WNW,12.9,20.9,1014.7,0.0,0.0,0.0,0.0,,
2023-08-30,21:30,19.2,13.9,72.0,WNW,11.3,22.5,1014.73,0.0,0.0,0.0,0.0,,
2023-08-30,21:45,19.1,13.9,72.0,WNW,17.7,27.4,1014.93,0.0,0.0,0.0,0.0,,
2023-08-30,22:00,19.1,13.9,71.0,WNW,17.7,20.9,1014.9,0.0,0.0,0.0,0.0,,
2023-08-30,22:15,19.1,13.9,72.0,WNW,11.3,24.1,1015.17,0.0,0.0,0.0,0.0,,
2023-08-30,22:30,19.0,13.9,72.0,WNW,8.0,20.9,1015.24,0.0,0.0,0.0,0.0,,
2023-08-30,22:45,18.8,13.9,73.0,WNW,6.4,17.7,1015.27,0.0,0.0,0.0,0.0,,
2023-08-30,23:00,18.6,13.9,73.0,NW,11.3,16.1,1015.61,0.0,0.0,0.0,0.0,,
2023-08-30,23:15,18.7,13.9,74.0,WNW,8.0,17.7,1015.48,0.0,0.0,0.0,0.0,,
2023-08-30,23:30,18.7,13.9,74.0,WNW,16.1,19.3,1015.58,0.0,0.0,0.0,0.0,,
2023-08-30,23:45,18.7,13.9,75.0,WNW,6.4,17.7,1015.68,0.0,0.0,0.0,0.0,,
2023-08-30,OVR,,,,,,,,,,,,gustmax,61.2
2023-08-30,OVR,,,,,,,,,,,,rainrate_max,0.0
2023-08-30,OVR,,,,,,,,,,,,rain_total_mm,0.0
2023-08-30,OVR,,,,,,,,,,,,tmax,23.5
2023-08-30,OVR,,,,,,,,,,,,tmin,17.3
2023-08-30,OVR,,,,,,,,,,,,wind_dir_mean_deg,292.5
2023-08-31,00:00,18.5,13.9,75.0,WNW,12.9,12.9,1015.54,0.0,0.0,0.0,0.0,,
2023-08-31,00:15,18.4,13.9,76.0,WNW,12.9,22.5,1015.58,0.0,0.0,0.0,0.0,,
2023-08-31,00:30,18.4,13.9,76.0,WNW,6.4,14.5,1015.44,0.0,0.0,0.0,0.0,,
2023-08-31,00:45,18.4,13.9,77.0,WNW,6.4,17.7,1015.31,0.0,0.0,0.0,0.0,,
2023-08-31,01:00,18.4,14.4,77.0,WNW,8.0,17.7,1015.41,0.0,0.0,0.0,0.0,,
2023-08-31,01:15,18.5,14.4,77.0,WNW,12.9,19.3,1015.54,0.0,0.0,0.0,0.0,,
2023-08-31,01:30,18.4,14.4,78.0,WNW,12.9,16.1,1015.58,0.0,0.0,0.0,0.0,,
2023-08-31,01:45,18.4,14.4,78.0,NW,11.3,17.7,1015.44,0.0,0.0,0.0,0.0,,
2023-08-31,02:00,18.4,14.4,79.0,WNW,4.8,17.7,1015.24,0.0,0.0,0.0,0.0,,
2023-08-31,02:15,18.3,14.4,79.0,WNW,8.0,19.3,1015.24,0.0,0.0,0.0,0.0,,
2023-08-31,02:30,18.3,14.4,79.0,WNW,3.2,12.9,1015.34,0.0,0.0,0.0,0.0,,
2023-08-31,02:45,18.2,14.4,80.0,WNW,4.8,9.7,1015.21,0.0,0.0,0.0,0.0,,
2023-08-31,03:00,18.2,14.4,80.0,WEST,6.4,12.9,1015.41,0.0,0.0,0.0,0.0,,
2023-08-31,03:15,18.2,14.4,81.0,WEST,3.2,12.9,1015.31,0.0,0.0,0.0,0.0,,
2023-08-31,03:30,18.2,14.4,81.0,WNW,6.4,14.5,1015.37,0.0,0.0,0.0,0.0,,
2023-08-31,03:45,18.3,15.0,82.0,WNW,6.4,17.7,1015.51,0.0,0.0,0.0,0.0,,
2023-08-31,04:00,18.2,15.0,81.0,WNW,8.0,14.5,1015.54,0.0,0.0,0.0,0.0,,
2023-08-31,04:15,18.3,15.0,82.0,WEST,11.3,20.9,1015.48,0.0,0.0,0.0,0.0,,
2023-08-31,04:30,18.4,15.0,82.0,WNW,11.3,19.3,1015.54,0.0,0.0,0.0,0.0,,
2023-08-31,04:45,18.4,15.0,83.0,WNW,11.3,22.5,1015.78,0.0,0.0,0.0,0.0,,
2023-08-31,05:00,18.3,15.0,83.0,NW,12.9,25.7,1015.78,0.0,0.0,0.0,0.0,,
2023-08-31,05:15,18.4,15.0,83.0,WNW,16.1,24.1,1015.78,0.0,0.0,0.0,0.0,,
2023-08-31,05:30,18.3,15.0,82.0,WNW,11.3,24.1,1015.75,0.0,0.0,0.0,0.0,,
2023-08-31,05:45,18.4,15.0,83.0,WNW,16.1,22.5,1015.68,0.0,0.0,0.0,0.0,,
2023-08-31,06:00,18.4,15.0,83.0,WEST,20.9,20.9,1015.85,0.0,0.0,0.0,0.0,,
2023-08-31,06:15,18.4,15.0,83.0,WNW,11.3,19.3,1015.92,0.0,0.0,0.0,0.0,,
2023-08-31,06:30,18.5,15.6,83.0,WEST,3.2,17.7,1016.05,0.0,0.0,0.0,0.0,,
2023-08-31,06:45,18.3,15.0,83.0,WEST,3.2,9.7,1016.22,0.0,0.0,0.0,0.0,,
2023-08-31,07:00,18.3,15.0,83.0,WEST,6.4,11.3,1016.32,0.0,0.0,0.0,9.0,,
2023-08-31,07:15,18.3,15.6,84.0,WEST,4.8,12.9,1016.49,0.0,0.0,0.0,23.0,,
2023-08-31,07:30,18.5,15.6,84.0,WEST,1.6,17.7,1016.73,0.0,0.0,0.0,54.0,,
2023-08-31,07:45,18.6,15.6,85.0,WEST,3.2,9.7,1016.9,0.0,0.0,0.0,88.0,,
2023-08-31,08:00,18.7,16.1,84.0,WNW,14.5,14.5,1017.31,0.0,0.0,0.0,120.0,,
2023-08-31,08:15,19.1,16.1,84.0,WEST,6.4,14.5,1017.34,0.0,0.0,0.0,167.0,,
2023-08-31,08:30,19.4,16.1,83.0,WEST,6.4,12.9,1017.61,0.0,0.0,1.0,202.0,,
2023-08-31,08:45,19.7,16.1,81.0,WNW,6.4,14.5,1017.64,0.0,0.0,1.0,237.0,,
2023-08-31,09:00,19.9,16.1,80.0,WNW,6.4,14.5,1017.88,0.0,0.0,1.0,251.0,,
2023-08-31,09:15,20.3,16.7,79.0,WEST,9.7,11.3,1017.98,0.0,0.0,1.0,366.0,,
2023-08-31,09:30,20.5,16.7,79.0,WEST,11.3,20.9,1018.29,0.0,0.0,2.0,374.0,,
2023-08-31,09:45,20.8,16.7,77.0,WEST,9.7,27.4,1018.29,0.0,0.0,2.0,476.0,,
2023-08-31,10:00,21.2,16.1,74.0,WNW,11.3,27.4,1018.42,0.0,0.0,2.0,167.0,,
2023-08-31,10:15,21.3,16.1,73.0,WEST,17.7,29.0,1018.59,0.0,0.0,3.0,540.0,,
2023-08-31,10:30,21.5,16.7,74.0,WEST,17.7,29.0,1018.73,0.0,0.0,2.0,729.0,,
2023-08-31,10:45,21.8,15.6,67.0,WNW,14.5,30.6,1018.76,0.0,0.0,3.0,687.0,,
2023-08-31,11:00,22.7,16.7,69.0,WNW,17.7,37.0,1018.76,0.0,0.0,3.0,754.0,,
2023-08-31,11:15,22.5,15.6,66.0,WEST,22.5,33.8,1018.96,0.0,0.0,4.0,795.0,,
2023-08-31,11:30,22.6,16.1,68.0,WNW,11.3,37.0,1019.03,0.0,0.0,5.0,786.0,,
2023-08-31,11:45,23.3,16.1,65.0,WNW,19.3,30.6,1018.9,0.0,0.0,5.0,847.0,,
2023-08-31,12:00,23.1,16.1,65.0,WNW,16.1,37.0,1019.03,0.0,0.0,5.0,229.0,,
2023-08-31,12:15,23.5,15.6,62.0,WNW,17.7,30.6,1019.07,0.0,0.0,5.0,918.0,,
2023-08-31,12:30,23.3,15.0,61.0,NW,24.1,37.0,1018.96,0.0,0.0,5.0,176.0,,
2023-08-31,12:45,23.6,15.6,61.0,WEST,17.7,37.0,1019.17,0.0,0.0,6.0,875.0,,
2023-08-31,13:00,23.9,15.6,60.0,WEST,29.0,37.0,1019.0,0.0,0.0,6.0,904.0,,
2023-08-31,13:15,23.6,15.0,60.0,WEST,27.4,41.8,1018.93,0.0,0.0,6.0,875.0,,
2023-08-31,13:30,24.1,15.0,58.0,SW,16.1,40.2,1019.07,0.0,0.0,6.0,874.0,,
2023-08-31,13:45,24.2,13.9,53.0,WEST,25.7,41.8,1018.93,0.0,0.0,6.0,865.0,,
2023-08-31,14:00,24.2,13.9,53.0,WNW,22.5,41.8,1018.86,0.0,0.0,6.0,860.0,,
2023-08-31,14:15,24.4,14.4,54.0,WNW,24.1,41.8,1018.9,0.0,0.0,6.0,844.0,,
2023-08-31,14:30,24.2,14.4,55.0,WEST,35.4,41.8,1018.96,0.0,0.0,5.0,831.0,,
2023-08-31,14:45,24.4,15.0,55.0,SW,19.3,45.1,1019.0,0.0,0.0,5.0,809.0,,
2023-08-31,15:00,24.4,15.0,56.0,WEST,25.7,40.2,1018.86,0.0,0.0,5.0,780.0,,
2023-08-31,15:15,24.1,15.6,59.0,EAST,19.3,49.9,1018.83,0.0,0.0,5.0,761.0,,
2023-08-31,15:30,24.3,14.4,55.0,WEST,16.1,41.8,1018.76,0.0,0.0,4.0,733.0,,
2023-08-31,15:45,24.4,14.4,55.0,WNW,19.3,41.8,1018.9,0.0,0.0,4.0,705.0,,
2023-08-31,16:00,24.3,13.9,53.0,WNW,17.7,38.6,1019.07,0.0,0.0,4.0,675.0,,
2023-08-31,16:15,24.2,13.3,51.0,WNW,22.5,46.7,1018.9,0.0,0.0,3.0,640.0,,
2023-08-31,16:30,24.2,13.9,53.0,WNW,14.5,41.8,1018.93,0.0,0.0,3.0,601.0,,
2023-08-31,16:45,24.2,13.9,53.0,WNW,16.1,41.8,1019.03,0.0,0.0,2.0,557.0,,
2023-08-31,17:00,24.1,13.9,53.0,WNW,27.4,41.8,1019.1,0.0,0.0,2.0,513.0,,
2023-08-31,17:15,23.8,13.3,53.0,WEST,22.5,48.3,1019.27,0.0,0.0,2.0,468.0,,
2023-08-31,17:30,23.7,12.2,50.0,WEST,22.5,40.2,1019.24,0.0,0.0,2.0,415.0,,
2023-08-31,17:45,23.6,13.3,52.0,WNW,16.1,41.8,1019.34,0.0,0.0,1.0,364.0,,
2023-08-31,18:00,23.6,13.9,55.0,NW,17.7,40.2,1019.34,0.0,0.0,1.0,306.0,,
2023-08-31,18:15,23.4,15.0,59.0,WNW,19.3,40.2,1019.2,0.0,0.0,1.0,253.0,,
2023-08-31,18:30,23.3,14.4,58.0,WNW,16.1,30.6,1019.1,0.0,0.0,0.0,193.0,,
2023-08-31,18:45,23.2,15.0,61.0,WNW,16.1,33.8,1018.96,0.0,0.0,0.0,135.0,,
2023-08-31,19:00,23.0,15.6,64.0,WEST,17.7,29.0,1019.1,0.0,0.0,0.0,83.0,,
2023-08-31,19:15,22.7,15.6,65.0,WEST,12.9,32.2,1019.03,0.0,0.0,0.0,47.0,,
2023-08-31,19:30,22.6,15.0,64.0,WNW,11.3,37.0,1018.96,0.0,0.0,0.0,21.0,,
2023-08-31,19:45,22.2,15.0,65.0,NW,11.3,25.7,1019.07,0.0,0.0,0.0,12.0,,
2023-08-31,20:00,21.9,15.0,66.0,WNW,8.0,19.3,1019.24,0.0,0.0,0.0,0.0,,
2023-08-31,20:15,21.6,15.0,68.0,WNW,9.7,22.5,1019.34,0.0,0.0,0.0,0.0,,
2023-08-31,20:30,21.2,15.0,69.0,WEST,16.1,19.3,1019.51,0.0,0.0,0.0,0.0,,
2023-08-31,20:45,20.9,15.0,70.0,WNW,4.8,17.7,1019.71,0.0,0.0,0.0,0.0,,
2023-08-31,21:00,20.8,15.0,70.0,NORTH,0.0,11.3,1019.91,0.0,0.0,0.0,0.0,,
2023-08-31,21:15,20.6,15.0,70.0,NORTH,0.0,6.4,1020.32,0.0,0.0,0.0,0.0,,
2023-08-31,21:30,20.3,15.0,72.0,NORTH,0.0,3.2,1020.32,0.0,0.0,0.0,0.0,,
2023-08-31,21:45,19.9,15.0,73.0,NORTH,0.0,0.0,1020.52,0.0,0.0,0.0,0.0,,
2023-08-31,22:00,19.7,14.4,74.0,WNW,3.2,1.6,1020.56,0.0,0.0,0.0,0.0,,
2023-08-31,22:15,19.4,15.0,75.0,NORTH,0.0,4.8,1020.76,0.0,0.0,0.0,0.0,,
2023-08-31,22:30,19.2,14.4,76.0,NORTH,0.0,0.0,1020.73,0.0,0.0,0.0,0.0,,
2023-08-31,22:45,18.9,13.9,75.0,NORTH,0.0,3.2,1020.79,0.0,0.0,0.0,0.0,,
2023-08-31,23:00,18.9,13.9,72.0,NORTH,0.0,0.0,1020.86,0.0,0.0,0.0,0.0,,
2023-08-31,23:15,19.2,13.3,70.0,NNE,3.2,4.8,1020.79,0.0,0.0,0.0,0.0,,
2023-08-31,23:30,19.8,13.3,67.0,NNW,3.2,8.0,1020.76,0.0,0.0,0.0,0.0,,
2023-08-31,23:45,19.9,13.3,66.0,NNW,3.2,6.4,1021.0,0.0,0.0,0.0,0.0,,
2023-08-31,OVR,,,,,,,,,,,,gustmax,49.9
2023-08-31,OVR,,,,,,,,,,,,rainrate_max,0.0
2023-08-31,OVR,,,,,,,,,,,,rain_total_mm,0.0
2023-08-31,OVR,,,,,,,,,,,,tmax,24.6
2023-08-31,OVR,,,,,,,,,,,,tmin,18.2
2023-08-31,OVR,,,,,,,,,,,,wind_dir_mean_deg,292.5
