date,time,temp_c,dewpoint_c,rh_pct,wind_dir_txt,wind_kmh,gust_kmh,press_hpa,rain_acc_mm,rain_rate_mmph,uv,solar_wm2,key,value
2024-10-01,00:00,15.1,12.8,86.0,ESE,3.2,9.7,1020.59,0.0,0.0,0,0,,
2024-10-01,00:15,15.1,12.8,86.0,ESE,3.2,4.8,1020.52,0.0,0.0,0,0,,
2024-10-01,00:30,15.1,12.8,86.0,ESE,4.8,6.4,1020.49,0.0,0.0,0,0,,
2024-10-01,00:45,15.9,13.3,86.0,SE,8.0,11.3,1020.42,0.0,0.0,0,0,,
2024-10-01,01:00,16.7,13.9,85.0,ESE,11.3,12.9,1020.39,0.0,0.0,0,0,,
2024-10-01,01:15,17.4,14.4,84.0,ESE,12.9,14.5,1020.39,0.0,0.0,0,0,,
2024-10-01,01:30,17.6,14.4,84.0,ESE,8.0,16.1,1020.32,0.0,0.0,0,0,,
2024-10-01,01:45,17.6,15.0,84.0,ESE,8.0,12.9,1020.39,0.0,0.0,0,0,,
2024-10-01,02:00,17.7,15.0,84.0,ESE,11.3,14.5,1020.52,0.0,0.0,0,0,,
2024-10-01,02:15,17.6,15.0,85.0,ESE,6.4,14.5,1020.45,0.0,0.0,0,0,,
2024-10-01,02:30,17.3,14.4,85.0,ESE,4.8,11.3,1020.25,0.0,0.0,0,0,,
2024-10-01,02:45,16.8,13.9,85.0,ESE,6.4,9.7,1020.08,0.0,0.0,0,0,,
2024-10-01,03:00,17.0,14.4,86.0,ESE,3.2,12.9,1019.91,0.0,0.0,0,0,,
2024-10-01,03:15,17.1,14.4,87.0,ESE,6.4,11.3,1019.91,0.0,0.0,0,0,,
2024-10-01,03:30,17.2,15.0,87.0,ESE,3.2,9.7,1019.84,0.0,0.0,0,0,,
2024-10-01,03:45,16.9,14.4,87.0,ESE,3.2,6.4,1019.74,0.0,0.0,0,0,,
2024-10-01,04:00,16.8,14.4,87.0,ESE,4.8,9.7,1019.57,0.0,0.0,0,0,,
2024-10-01,04:15,16.8,14.4,88.0,ESE,3.2,6.4,1019.64,0.0,0.0,0,0,,
2024-10-01,04:30,16.3,13.9,88.0,ESE,3.2,6.4,1019.4,0.0,0.0,0,0,,
2024-10-01,04:45,15.8,13.3,88.0,ESE,4.8,6.4,1019.37,0.0,0.0,0,0,,
2024-10-01,05:00,15.7,13.9,89.0,ESE,6.4,9.7,1019.34,0.0,0.0,0,0,,
2024-10-01,05:15,16.0,13.9,89.0,ESE,8.0,9.7,1019.2,0.0,0.0,0,0,,
2024-10-01,05:30,16.5,14.4,89.0,SE,8.0,11.3,1019.2,0.0,0.0,0,0,,
2024-10-01,05:45,16.6,14.4,89.0,SE,6.4,9.7,1019.13,0.0,0.0,0,0,,
2024-10-01,06:00,16.4,14.4,89.0,SE,6.4,9.7,1019.1,0.0,0.0,0,0,,
2024-10-01,06:15,16.3,14.4,90.0,SE,3.2,8.0,1019,0.0,0.0,0,0,,
2024-10-01,06:30,16.1,13.9,90.0,ESE,4.8,6.4,1019,0.0,0.0,0,0,,
2024-10-01,06:45,15.4,13.3,89.0,ESE,3.2,9.7,1019.17,0.0,0.0,0,0,,
2024-10-01,07:00,15.1,13.3,90.0,ESE,4.8,6.4,1019.17,0.0,0.0,0,0,,
2024-10-01,07:15,15.7,13.9,91.0,ESE,3.2,9.7,1019.07,0.0,0.0,0,0,,
2024-10-01,07:30,15.6,13.9,90.0,ESE,1.6,6.4,1019.24,0.0,0.0,0,7,,
2024-10-01,07:45,15.3,13.3,90.0,ESE,1.6,3.2,1018.96,0.0,0.0,0,14,,
2024-10-01,08:00,15.2,13.3,90.0,NORTH,0.0,0.0,1018.93,0.0,0.0,0,54,,
2024-10-01,08:15,15.2,13.3,90.0,NORTH,0.0,4.8,1019,0.0,0.0,0,84,,
2024-10-01,08:30,16.1,14.4,90.0,NORTH,0.0,0.0,1019,0.0,0.0,0,163,,
2024-10-01,08:45,17.1,15.0,87.0,NORTH,0.0,0.0,1019.03,0.0,0.0,0,223,,
2024-10-01,09:00,17.8,15.0,84.0,NORTH,0.0,1.6,1018.93,0.0,0.0,1,272,,
2024-10-01,09:15,18.8,15.6,81.0,ESE,4.8,3.2,1018.93,0.0,0.0,1,322,,
2024-10-01,09:30,19.2,15.0,78.0,ESE,4.8,4.8,1018.93,0.0,0.0,1,367,,
2024-10-01,09:45,19.4,15.0,76.0,ESE,4.8,11.3,1019,0.0,0.0,1,415,,
2024-10-01,10:00,19.7,15.0,74.0,EAST,6.4,12.9,1018.9,0.0,0.0,2,455,,
2024-10-01,10:15,20.2,15.0,74.0,EAST,4.8,8.0,1018.86,0.0,0.0,2,499,,
2024-10-01,10:30,20.6,15.0,71.0,ESE,8.0,9.7,1019.03,0.0,0.0,2,538,,
2024-10-01,10:45,21.1,15.0,69.0,NE,3.2,8.0,1018.73,0.0,0.0,3,570,,
2024-10-01,11:00,21.6,14.4,65.0,ESE,1.6,11.3,1018.73,0.0,0.0,3,605,,
2024-10-01,11:15,21.8,13.9,61.0,NORTH,0.0,11.3,1018.73,0.0,0.0,3,640,,
2024-10-01,11:30,22.4,11.7,51.0,ESE,6.4,12.9,1018.63,0.0,0.0,4,666,,
2024-10-01,11:45,23.0,10.6,46.0,NORTH,0.0,19.3,1018.83,0.0,0.0,4,693,,
2024-10-01,12:00,23.3,10.6,45.0,SSE,9.7,17.7,1018.73,0.0,0.0,4,710,,
2024-10-01,12:15,23.3,10.6,45.0,SE,14.5,20.9,1018.49,0.0,0.0,4,722,,
2024-10-01,12:30,23.8,11.1,45.0,SSE,17.7,22.5,1018.42,0.0,0.0,4,737,,
2024-10-01,12:45,23.9,10.6,43.0,ESE,4.8,25.7,1018.29,0.0,0.0,4,740,,
2024-10-01,13:00,24.4,10.0,40.0,NORTH,0.0,24.1,1018.22,0.0,0.0,5,751,,
2024-10-01,13:15,24.9,9.4,38.0,SSE,12.9,22.5,1017.71,0.0,0.0,5,751,,
2024-10-01,13:30,24.9,7.2,32.0,ESE,14.5,27.4,1017.37,0.0,0.0,5,749,,
2024-10-01,13:45,24.6,8.3,35.0,SE,11.3,19.3,1017.37,0.0,0.0,5,738,,
2024-10-01,14:00,25.1,7.8,34.0,SSE,4.8,22.5,1017.27,0.0,0.0,4,726,,
2024-10-01,14:15,25.1,7.8,33.0,SE,14.5,24.1,1016.93,0.0,0.0,4,712,,
2024-10-01,14:30,25.3,5.6,28.0,ENE,4.8,24.1,1016.76,0.0,0.0,4,698,,
2024-10-01,14:45,25.6,5.6,28.0,SE,3.2,19.3,1016.59,0.0,0.0,4,675,,
2024-10-01,15:00,25.8,6.7,29.0,ESE,6.4,14.5,1016.32,0.0,0.0,4,650,,
2024-10-01,15:15,26.4,5.6,26.0,SSE,11.3,17.7,1016.15,0.0,0.0,3,622,,
2024-10-01,15:30,26.2,6.7,29.0,SSE,3.2,19.3,1016.29,0.0,0.0,3,589,,
2024-10-01,15:45,25.8,9.4,36.0,SSE,6.4,24.1,1016.09,0.0,0.0,3,552,,
2024-10-01,16:00,25.7,10.0,38.0,SSE,14.5,17.7,1015.78,0.0,0.0,2,513,,
2024-10-01,16:15,25.3,13.3,47.0,SSE,9.7,33.8,1015.78,0.0,0.0,2,471,,
2024-10-01,16:30,24.8,13.3,50.0,SE,16.1,27.4,1015.78,0.0,0.0,2,431,,
2024-10-01,16:45,24.4,13.9,53.0,SSE,16.1,30.6,1015.34,0.0,0.0,1,387,,
2024-10-01,17:00,24.3,14.4,54.0,SE,16.1,24.1,1015.44,0.0,0.0,1,336,,
2024-10-01,17:15,23.7,14.4,57.0,SSE,8.0,25.7,1015.51,0.0,0.0,1,288,,
2024-10-01,17:30,23.6,15.0,59.0,SSE,11.3,22.5,1015.54,0.0,0.0,1,239,,
2024-10-01,17:45,23.2,15.0,61.0,ESE,16.1,20.9,1015.51,0.0,0.0,0,179,,
2024-10-01,18:00,22.9,15.0,61.0,SE,8.0,24.1,1015.37,0.0,0.0,0,125,,
2024-10-01,18:15,22.6,15.0,63.0,SSE,12.9,20.9,1015.24,0.0,0.0,0,74,,
2024-10-01,18:30,22.0,16.1,70.0,SSE,8.0,20.9,1015.41,0.0,0.0,0,37,,
2024-10-01,18:45,21.4,16.1,73.0,SSE,8.0,20.9,1015.27,0.0,0.0,0,16,,
2024-10-01,19:00,21.1,16.1,75.0,SSE,14.5,17.7,1015.34,0.0,0.0,0,7,,
2024-10-01,19:15,20.7,16.1,76.0,SSE,8.0,14.5,1015.37,0.0,0.0,0,0,,
2024-10-01,19:30,20.3,16.1,79.0,SSE,8.0,14.5,1015.34,0.0,0.0,0,0,,
2024-10-01,19:45,19.9,16.1,80.0,SSE,3.2,12.9,1015.41,0.0,0.0,0,0,,
2024-10-01,20:00,19.3,15.6,80.0,SSE,1.6,11.3,1015.37,0.0,0.0,0,0,,
2024-10-01,20:15,19.2,15.6,81.0,NORTH,0.0,8.0,1015.41,0.0,0.0,0,0,,
2024-10-01,20:30,19.3,16.1,82.0,SSE,4.8,12.9,1015.44,0.0,0.0,0,0,,
2024-10-01,20:45,19.3,16.1,84.0,SSE,4.8,14.5,1015.34,0.0,0.0,0,0,,
2024-10-01,21:00,19.2,16.7,85.0,SSE,1.6,11.3,1015.58,0.0,0.0,0,0,,
2024-10-01,21:15,19.2,16.7,85.0,SSE,3.2,8.0,1015.58,0.0,0.0,0,0,,
2024-10-01,21:30,19.1,16.7,86.0,SE,4.8,8.0,1015.58,0.0,0.0,0,0,,
2024-10-01,21:45,19.2,16.7,86.0,SE,4.8,8.0,1015.61,0.0,0.0,0,0,,
2024-10-01,22:00,19.2,16.7,87.0,SE,3.2,8.0,1015.58,0.0,0.0,0,0,,
2024-10-01,22:15,19.2,16.7,87.0,ESE,1.6,11.3,1015.41,0.0,0.0,0,0,,
2024-10-01,22:30,19.2,16.7,87.0,SE,3.2,9.7,1015.41,0.0,0.0,0,0,,
2024-10-01,22:45,19.1,16.7,87.0,SE,4.8,11.3,1015.48,0.0,0.0,0,0,,
2024-10-01,23:00,19.1,16.7,87.0,ESE,1.6,11.3,1015.48,0.0,0.0,0,0,,
2024-10-01,23:15,19.1,16.7,88.0,ESE,3.2,6.4,1015.24,0.0,0.0,0,0,,
2024-10-01,23:30,19.1,16.7,88.0,ESE,6.4,11.3,1015.24,0.0,0.0,0,0,,
2024-10-01,23:45,19.0,16.7,88.0,ESE,4.8,9.7,1014.93,0.0,0.0,0,0,,
2024-10-02,00:00,19.0,16.7,88.0,SE,3.2,11.3,1014.93,0.0,0.0,0,0,,
2024-10-02,00:15,18.9,16.7,88.0,ESE,4.8,6.4,1014.7,0.0,0.0,0,0,,
2024-10-02,00:30,18.8,16.7,88.0,SE,4.8,9.7,1014.6,0.0,0.0,0,0,,
2024-10-02,00:45,18.8,16.7,88.0,SE,1.6,6.4,1014.36,0.0,0.0,0,0,,
2024-10-02,01:00,18.6,16.1,88.0,ESE,1.6,11.3,1014.19,0.0,0.0,0,0,,
2024-10-02,01:15,18.6,16.1,87.0,ESE,1.6,6.4,1014.12,0.0,0.0,0,0,,
2024-10-02,01:30,18.6,16.1,87.0,ESE,3.2,4.8,1014.09,0.0,0.0,0,0,,
2024-10-02,01:45,18.5,16.1,87.0,NORTH,0.0,4.8,1014.19,0.0,0.0,0,0,,
2024-10-02,02:00,18.6,16.1,87.0,ESE,1.6,3.2,1014.05,0.0,0.0,0,0,,
2024-10-02,02:15,18.4,16.1,87.0,ESE,1.6,3.2,1013.99,0.0,0.0,0,0,,
2024-10-02,02:30,18.4,16.1,87.0,ESE,3.2,3.2,1013.75,0.0,0.0,0,0,,
2024-10-02,02:45,18.3,16.1,87.0,ESE,1.6,4.8,1013.44,0.0,0.0,0,0,,
2024-10-02,03:00,18.1,15.6,86.0,NORTH,0.0,4.8,1013.24,0.0,0.0,0,0,,
2024-10-02,03:15,18.1,15.6,86.0,ESE,3.2,4.8,1013.11,0.0,0.0,0,0,,
2024-10-02,03:30,18.1,15.6,87.0,ESE,3.2,4.8,1012.87,0.0,0.0,0,0,,
2024-10-02,03:45,17.9,15.6,87.0,ESE,1.6,4.8,1012.6,0.0,0.0,0,0,,
2024-10-02,04:00,17.8,15.6,88.0,ESE,3.2,4.8,1012.63,0.0,0.0,0,0,,
2024-10-02,04:15,17.6,15.6,88.0,ESE,3.2,4.8,1012.63,0.0,0.0,0,0,,
2024-10-02,04:30,17.4,15.0,88.0,NORTH,0.0,1.6,1012.67,0.0,0.0,0,0,,
2024-10-02,04:45,17.3,15.0,88.0,ESE,3.2,3.2,1012.63,0.0,0.0,0,0,,
2024-10-02,05:00,17.1,15.0,88.0,NNE,3.2,6.4,1012.5,0.0,0.0,0,0,,
2024-10-02,05:15,16.9,15.0,88.0,NORTH,0.0,1.6,1012.36,0.0,0.0,0,0,,
2024-10-02,05:30,16.8,14.4,88.0,NORTH,0.0,3.2,1012.36,0.0,0.0,0,0,,
2024-10-02,05:45,16.6,14.4,88.0,NORTH,0.0,0.0,1012.33,0.0,0.0,0,0,,
2024-10-02,06:00,16.4,14.4,88.0,NORTH,0.0,0.0,1012.46,0.0,0.0,0,0,,
2024-10-02,06:15,16.1,13.9,88.0,NORTH,0.0,0.0,1012.23,0.0,0.0,0,0,,
2024-10-02,06:30,15.9,13.9,88.0,NORTH,0.0,0.0,1012.23,0.0,0.0,0,0,,
2024-10-02,06:45,15.9,13.9,89.0,NORTH,0.0,0.0,1012.09,0.0,0.0,0,0,,
2024-10-02,07:00,15.8,13.9,89.0,NORTH,0.0,0.0,1011.92,0.0,0.0,0,0,,
2024-10-02,07:15,15.9,13.9,90.0,NORTH,0.0,0.0,1012.23,0.0,0.0,0,0,,
2024-10-02,07:30,15.8,13.9,90.0,NORTH,0.0,4.8,1012.23,0.0,0.0,0,0,,
2024-10-02,07:45,15.7,13.9,90.0,,1.6,4.8,1012.26,0.0,0.0,0,16,,
2024-10-02,08:00,15.7,13.9,90.0,,1.6,4.8,1012.16,0.0,0.0,0,49,,
2024-10-02,08:15,16.0,14.4,91.0,NORTH,0.0,1.6,1012.19,0.0,0.0,0,33,,
2024-10-02,08:30,16.3,14.4,90.0,,3.2,3.2,1012.43,0.0,0.0,0,54,,
2024-10-02,08:45,16.4,14.4,90.0,NE,1.6,4.8,1012.46,0.0,0.0,0,202,,
2024-10-02,09:00,17.3,15.0,89.0,NORTH,0.0,0.0,1012.29,0.0,0.0,1,269,,
2024-10-02,09:15,18.2,15.6,86.0,NNW,6.4,6.4,1012.23,0.0,0.0,1,311,,
2024-10-02,09:30,18.3,15.6,85.0,NNW,3.2,8.0,1012.43,0.0,0.0,1,360,,
2024-10-02,09:45,18.6,15.6,83.0,NW,1.6,8.0,1012.46,0.0,0.0,1,408,,
2024-10-02,10:00,19.3,16.1,82.0,NW,11.3,12.9,1012.67,0.0,0.0,2,490,,
2024-10-02,10:15,19.3,16.1,82.0,WNW,11.3,25.7,1012.6,0.0,0.0,1,207,,
2024-10-02,10:30,19.7,16.1,80.0,WEST,14.5,24.1,1012.5,0.0,0.0,2,564,,
2024-10-02,10:45,19.9,16.1,79.0,NW,17.7,24.1,1012.5,0.0,0.0,3,626,,
2024-10-02,11:00,20.2,16.1,79.0,WNW,12.9,24.1,1012.84,0.0,0.0,3,677,,
2024-10-02,11:15,20.3,16.1,78.0,,14.5,25.7,1012.77,0.0,0.0,3,701,,
2024-10-02,11:30,20.7,16.1,75.0,WNW,16.1,29.0,1012.63,0.0,0.0,4,693,,
2024-10-02,11:45,21.2,16.1,73.0,WNW,16.1,25.7,1012.53,0.0,0.0,4,687,,
2024-10-02,12:00,21.4,16.1,72.0,WNW,8.0,29.0,1012.5,0.0,0.0,4,737,,
2024-10-02,12:15,21.8,16.1,70.0,WNW,16.1,33.8,1012.46,0.0,0.0,4,694,,
2024-10-02,12:30,22.2,16.1,69.0,WEST,12.9,27.4,1012.36,0.0,0.0,4,708,,
2024-10-02,12:45,22.4,16.1,69.0,WSW,12.9,35.4,1012.39,0.0,0.0,4,729,,
2024-10-02,13:00,22.4,15.6,66.0,WNW,20.9,30.6,1012.23,0.0,0.0,4,731,,
2024-10-02,13:15,22.4,15.6,66.0,WNW,24.1,37.0,1012.09,0.0,0.0,4,731,,
2024-10-02,13:30,22.7,16.1,67.0,WEST,20.9,32.2,1011.89,0.0,0.0,4,726,,
2024-10-02,13:45,22.8,15.6,65.0,WNW,16.1,32.2,1011.75,0.0,0.0,4,715,,
2024-10-02,14:00,22.7,16.1,66.0,NW,24.1,33.8,1011.99,0.0,0.0,4,715,,
2024-10-02,14:15,22.6,15.6,65.0,WNW,17.7,38.6,1011.89,0.0,0.0,4,693,,
2024-10-02,14:30,22.6,16.1,67.0,WNW,25.7,43.5,1011.55,0.0,0.0,4,679,,
2024-10-02,14:45,22.4,15.6,67.0,WNW,27.4,37.0,1011.65,0.0,0.0,4,622,,
2024-10-02,15:00,22.8,16.1,66.0,WEST,9.7,30.6,1011.62,0.0,0.0,3,615,,
2024-10-02,15:15,22.6,15.6,66.0,NW,22.5,40.2,1011.72,0.0,0.0,3,566,,
2024-10-02,15:30,22.7,16.1,66.0,ENE,16.1,33.8,1011.55,0.0,0.0,3,536,,
2024-10-02,15:45,22.6,15.6,65.0,WEST,24.1,40.2,1011.28,0.0,0.0,2,527,,
2024-10-02,16:00,22.6,15.0,63.0,WEST,22.5,30.6,1011.28,0.0,0.0,2,490,,
2024-10-02,16:15,22.8,15.0,61.0,WNW,19.3,43.5,1011.34,0.0,0.0,2,443,,
2024-10-02,16:30,22.6,15.0,63.0,WEST,30.6,33.8,1011.34,0.0,0.0,2,383,,
2024-10-02,16:45,22.4,15.6,66.0,WEST,20.9,41.8,1011.14,0.0,0.0,1,179,,
2024-10-02,17:00,22.0,15.6,69.0,NW,14.5,40.2,1010.94,0.0,0.0,1,162,,
2024-10-02,17:15,21.6,15.6,70.0,WNW,8.0,32.2,1010.84,0.0,0.0,1,185,,
2024-10-02,17:30,21.7,16.1,70.0,WNW,14.5,33.8,1010.6,0.0,0.0,0,160,,
2024-10-02,17:45,21.6,16.1,71.0,WNW,24.1,30.6,1010.67,0.0,0.0,0,114,,
2024-10-02,18:00,21.2,16.1,73.0,WNW,22.5,27.4,1010.67,0.0,0.0,0,83,,
2024-10-02,18:15,21.1,16.1,74.0,WNW,14.5,32.2,1010.67,0.0,0.0,0,51,,
2024-10-02,18:30,20.8,16.1,75.0,WNW,16.1,25.7,1010.57,0.0,0.0,0,39,,
2024-10-02,18:45,20.7,16.1,76.0,WEST,9.7,29.0,1010.5,0.0,0.0,0,19,,
2024-10-02,19:00,20.5,16.1,76.0,WEST,3.2,17.7,1010.4,0.0,0.0,0,0,,
2024-10-02,19:15,20.3,16.1,77.0,WEST,3.2,12.9,1010.7,0.0,0.0,0,0,,
2024-10-02,19:30,20.0,16.1,78.0,WEST,6.4,14.5,1010.63,0.0,0.0,0,0,,
2024-10-02,19:45,19.8,16.1,79.0,WNW,4.8,14.5,1010.8,0.0,0.0,0,0,,
2024-10-02,20:00,19.7,16.1,80.0,WNW,4.8,11.3,1010.94,0.0,0.0,0,0,,
2024-10-02,20:15,19.6,16.1,81.0,WNW,6.4,11.3,1010.97,0.0,0.0,0,0,,
2024-10-02,20:30,19.3,15.6,81.0,NORTH,0.0,4.8,1010.77,0.0,0.0,0,0,,
2024-10-02,20:45,19.0,15.6,81.0,NORTH,0.0,0.0,1010.8,0.0,0.0,0,0,,
2024-10-02,21:00,18.8,15.6,82.0,NORTH,0.0,4.8,1010.63,0.0,0.0,0,0,,
2024-10-02,21:15,18.6,15.6,84.0,WNW,1.6,4.8,1010.7,0.0,0.0,0,0,,
2024-10-02,21:30,18.4,15.6,84.0,NORTH,0.0,4.8,1010.46,0.0,0.0,0,0,,
2024-10-02,21:45,18.2,15.6,85.0,NORTH,0.0,4.8,1010.5,0.0,0.0,0,0,,
2024-10-02,22:00,17.9,15.0,85.0,NORTH,0.0,3.2,1010.4,0.0,0.0,0,0,,
2024-10-02,22:15,17.8,15.0,85.0,SW,3.2,4.8,1010.26,0.0,0.0,0,0,,
2024-10-02,22:30,17.8,15.6,86.0,SW,3.2,4.8,1010.33,0.0,0.0,0,0,,
2024-10-02,22:45,17.5,15.0,86.0,SOUTH,1.6,6.4,1010.23,0.0,0.0,0,0,,
2024-10-02,23:00,17.4,15.0,87.0,SOUTH,3.2,4.8,1009.92,0.0,0.0,0,0,,
2024-10-02,23:15,17.4,15.0,87.0,SOUTH,1.6,4.8,1010.3,0.0,0.0,0,0,,
2024-10-02,23:30,17.4,15.0,87.0,SOUTH,3.2,4.8,1010.26,0.0,0.0,0,0,,
2024-10-02,23:45,17.3,15.0,88.0,SOUTH,3.2,4.8,1009.92,0.0,0.0,0,0,,
2024-10-03,00:00,17.5,15.6,88.0,SOUTH,1.6,6.4,1009.79,0.0,0.0,0,0,,
2024-10-03,00:15,17.5,15.6,89.0,SOUTH,3.2,4.8,1009.65,0.0,0.0,0,0,,
2024-10-03,00:30,17.7,15.6,89.0,SOUTH,1.6,6.4,1009.65,0.0,0.0,0,0,,
2024-10-03,00:45,17.8,15.6,89.0,SOUTH,3.2,4.8,1009.69,0.0,0.0,0,0,,
2024-10-03,01:00,17.7,15.6,88.0,SOUTH,1.6,4.8,1009.62,0.0,0.0,0,0,,
2024-10-03,01:15,17.6,15.6,88.0,NORTH,0.0,3.2,1009.41,0.0,0.0,0,0,,
2024-10-03,01:30,17.4,15.6,88.0,SOUTH,6.4,8.0,1009.38,0.0,0.0,0,0,,
2024-10-03,01:45,17.4,15.6,88.0,NORTH,0.0,8.0,1009.21,0.0,0.0,0,0,,
2024-10-03,02:00,17.4,15.6,88.0,SSE,3.2,4.8,1009.01,0.0,0.0,0,0,,
2024-10-03,02:15,17.4,15.6,88.0,SSE,3.2,8.0,1008.67,0.0,0.0,0,0,,
2024-10-03,02:30,17.6,15.6,88.0,ESE,4.8,16.1,1007.96,0.0,0.0,0,0,,
2024-10-03,02:45,17.6,15.6,88.0,EAST,6.4,14.5,1008.13,0.0,0.0,0,0,,
2024-10-03,03:00,17.4,15.0,88.0,EAST,16.1,19.3,1007.48,0.0,0.0,0,0,,
2024-10-03,03:15,17.2,15.0,88.0,EAST,9.7,19.3,1007.11,0.0,0.0,0,0,,
2024-10-03,03:30,17.2,15.0,88.0,ESE,11.3,17.7,1007.11,0.0,0.0,0,0,,
2024-10-03,03:45,17.3,15.0,88.0,ESE,11.3,19.3,1006.74,0.0,0.0,0,0,,
2024-10-03,04:00,17.5,15.6,88.0,ESE,9.7,14.5,1006.81,0.0,0.0,0,0,,
2024-10-03,08:00,18.7,16.7,88.0,SE,19.3,24.1,1003.89,0.0,0.0,0,19,,
2024-10-03,08:15,18.8,16.7,88.0,ESE,19.3,27.4,1004.03,0.0,0.0,0,35,,
2024-10-03,08:30,18.9,16.7,88.0,SE,27.4,27.4,1004.23,0.0,0.0,0,35,,
2024-10-03,08:45,19.3,17.2,87.0,SE,14.5,25.7,1004.37,0.0,0.0,0,65,,
2024-10-03,09:00,19.6,17.2,87.0,SE,14.5,25.7,1004.4,0.0,0.0,0,39,,
2024-10-03,09:15,19.8,17.2,86.0,ESE,14.5,22.5,1004.37,0.0,0.0,0,98,,
2024-10-03,09:30,20.0,17.8,87.0,SE,14.5,20.9,1004.54,0.0,0.0,0,72,,
2024-10-03,09:45,20.1,17.8,87.0,SE,12.9,20.9,1004.5,0.0,0.0,1,149,,
2024-10-03,10:00,20.4,17.8,87.0,SE,16.1,19.3,1004.5,0.0,0.0,1,186,,
2024-10-03,10:15,20.8,18.3,85.0,SE,14.5,20.9,1004.34,0.0,0.0,1,151,,
2024-10-03,10:30,20.8,18.3,85.0,SE,14.5,20.9,1004.27,0.0,0.0,1,98,,
2024-10-03,10:45,20.8,18.3,85.0,SE,12.9,24.1,1004.4,0.0,0.0,1,156,,
2024-10-03,11:00,21.1,18.3,85.0,SE,11.3,24.1,1004.23,0.0,0.0,1,206,,
2024-10-03,11:15,21.4,18.3,84.0,SSE,11.3,20.9,1004.13,0.0,0.0,1,185,,
2024-10-03,11:30,21.4,18.3,84.0,SE,12.9,24.1,1004.13,0.0,0.0,1,123,,
2024-10-03,11:45,21.7,18.9,84.0,SE,16.1,27.4,1003.45,0.0,0.0,2,253,,
2024-10-03,12:00,22.3,18.9,82.0,SE,14.5,27.4,1003.69,0.0,0.0,2,304,,
2024-10-03,12:15,23.1,18.9,79.0,SSE,19.3,27.4,1003.62,0.0,0.0,2,195,,
2024-10-03,12:30,23.3,18.9,76.0,SW,3.2,20.9,1003.49,0.0,0.0,0,23,,
2024-10-03,12:45,22.3,17.8,77.0,WEST,19.3,40.2,1003.83,0.8,0.8,0,18,,
2024-10-03,13:00,19.6,16.7,84.0,WNW,4.8,25.7,1003.49,8.9,8.9,0,14,,
2024-10-03,13:15,18.9,16.7,87.0,WSW,1.6,20.9,1003.39,13.2,13.2,0,23,,
2024-10-03,13:30,19.1,17.2,89.0,SSE,3.2,12.9,1003.05,13.7,13.7,1,95,,
2024-10-03,13:45,19.3,17.2,90.0,SSE,9.7,12.9,1003.35,13.7,12.7,0,19,,
2024-10-03,14:00,19.3,17.8,90.0,ENE,11.3,16.1,1003.08,13.7,4.1,0,26,,
2024-10-03,14:15,19.2,17.8,92.0,WEST,6.4,27.4,1003.01,13.7,0.5,1,130,,
2024-10-03,14:30,17.6,16.1,91.0,WEST,19.3,41.8,1003.49,13.7,0.2,0,74,,
2024-10-03,14:45,16.7,15.0,92.0,WNW,32.2,54.7,1004.1,13.7,0.2,0,40,,
2024-10-03,15:00,16.1,14.4,92.0,WNW,24.1,51.5,1004.3,13.7,0.2,1,121,,
2024-10-03,15:15,15.8,14.4,93.0,WNW,20.9,46.7,1004.44,13.7,0.0,1,100,,
2024-10-03,15:30,15.4,13.9,93.0,WNW,17.7,54.7,1004.88,13.7,0.0,0,77,,
2024-10-03,15:45,14.8,13.3,93.0,WEST,29.0,53.1,1004.81,13.7,0.0,1,167,,
2024-10-03,16:00,15.1,13.9,93.0,NW,24.1,40.2,1005.05,13.7,0.0,0,76,,
2024-10-03,16:15,15.3,13.9,93.0,WNW,17.7,37.0,1005.05,13.7,0.0,0,65,,
2024-10-03,16:30,15.3,13.9,93.0,WNW,17.7,40.2,1005.15,13.7,0.0,0,42,,
2024-10-03,16:45,15.6,14.4,93.0,WEST,20.9,32.2,1005.49,13.7,0.0,0,47,,
2024-10-03,17:00,15.8,14.4,92.0,NW,16.1,32.2,1005.72,13.7,0.0,0,100,,
2024-10-03,17:15,16.0,14.4,91.0,WNW,25.7,33.8,1005.69,13.7,0.0,0,54,,
2024-10-03,17:30,16.1,13.9,87.0,WNW,29.0,51.5,1005.99,13.7,0.0,1,230,,
2024-10-03,17:45,16.4,13.3,84.0,NNW,25.7,49.9,1005.96,13.7,0.0,0,188,,
2024-10-03,18:00,16.5,13.3,82.0,ENE,35.4,40.2,1005.89,13.7,0.0,0,113,,
2024-10-03,18:15,16.4,13.3,82.0,WNW,22.5,41.8,1006.16,13.7,0.0,0,104,,
2024-10-03,18:30,16.3,12.8,81.0,WNW,25.7,40.2,1006.16,13.7,0.0,0,39,,
2024-10-03,18:45,16.3,12.8,81.0,WEST,32.2,41.8,1006.5,13.7,0.0,0,9,,
2024-10-03,19:00,16.3,12.8,81.0,WEST,25.7,40.2,1006.84,13.7,0.0,0,0,,
2024-10-03,19:15,16.2,12.8,80.0,WNW,19.3,43.5,1006.98,13.7,0.0,0,0,,
2024-10-03,19:30,16.2,12.8,81.0,WNW,19.3,30.6,1007.32,13.7,0.0,0,0,,
2024-10-03,19:45,16.1,12.8,81.0,WNW,22.5,30.6,1007.52,13.7,0.0,0,0,,
2024-10-03,20:00,16.2,12.8,81.0,WNW,19.3,30.6,1007.89,13.7,0.0,0,0,,
2024-10-03,20:15,16.1,12.8,81.0,WNW,17.7,29.0,1007.96,13.7,0.0,0,0,,
2024-10-03,20:30,16.1,12.8,81.0,WEST,20.9,30.6,1008.16,13.7,0.0,0,0,,
2024-10-03,20:45,16.2,12.8,81.0,WNW,12.9,25.7,1008.47,13.7,0.0,0,0,,
2024-10-03,21:00,16.2,12.8,81.0,NW,16.1,24.1,1008.53,13.7,0.0,0,0,,
2024-10-03,21:15,16.1,12.8,82.0,WNW,17.7,29.0,1008.81,13.7,0.0,0,0,,
2024-10-03,21:30,16.1,12.8,81.0,WNW,19.3,29.0,1009.11,13.7,0.0,0,0,,
2024-10-03,21:45,16.0,12.8,81.0,WEST,22.5,29.0,1009.08,13.7,0.0,0,0,,
2024-10-03,22:00,16.1,12.8,81.0,WNW,27.4,33.8,1009.35,13.7,0.0,0,0,,
2024-10-03,22:15,16.2,12.8,81.0,WEST,25.7,40.2,1009.38,13.7,0.0,0,0,,
2024-10-03,22:30,16.3,12.8,80.0,WNW,14.5,40.2,1009.55,13.7,0.0,0,0,,
2024-10-03,22:45,16.3,12.8,80.0,WNW,19.3,38.6,1009.75,13.7,0.0,0,0,,
2024-10-03,23:00,16.2,12.2,80.0,WEST,19.3,37.0,1009.99,13.7,0.0,0,0,,
2024-10-03,23:15,16.2,12.8,80.0,WEST,14.5,32.2,1009.96,13.7,0.0,0,0,,
2024-10-03,23:30,16.1,12.2,80.0,WNW,16.1,29.0,1010.06,13.7,0.0,0,0,,
2024-10-03,23:45,16.2,12.2,79.0,WEST,19.3,40.2,1010.19,13.7,0.0,0,0,,
2024-10-04,00:00,16.1,12.2,78.0,NW,16.1,29.0,1010.33,0.0,0.0,0,0,,
2024-10-04,00:15,16.2,12.2,77.0,WEST,14.5,37.0,1010.19,0.0,0.0,0,0,,
2024-10-04,00:30,16.3,11.7,76.0,WNW,17.7,38.6,1010.23,0.0,0.0,0,0,,
2024-10-04,00:45,16.3,11.7,76.0,WEST,22.5,35.4,1010.23,0.0,0.0,0,0,,
2024-10-04,01:00,16.2,11.7,76.0,WEST,17.7,30.6,1010.3,0.0,0.0,0,0,,
2024-10-04,01:15,16.2,11.7,76.0,WNW,22.5,38.6,1010.5,0.0,0.0,0,0,,
2024-10-04,01:30,16.1,11.7,75.0,WNW,11.3,30.6,1010.43,0.0,0.0,0,0,,
2024-10-04,01:45,16.1,11.7,75.0,WNW,19.3,30.6,1010.7,0.0,0.0,0,0,,
2024-10-04,02:00,16.2,11.7,75.0,WEST,22.5,29.0,1010.5,0.0,0.0,0,0,,
2024-10-04,02:15,16.2,11.7,75.0,WNW,20.9,27.4,1010.5,0.0,0.0,0,0,,
2024-10-04,02:30,16.1,11.7,75.0,WNW,24.1,37.0,1010.33,0.0,0.0,0,0,,
2024-10-04,02:45,16.1,11.1,74.0,WNW,20.9,30.6,1010.3,0.0,0.0,0,0,,
2024-10-04,03:00,16.1,11.1,74.0,WNW,17.7,30.6,1010.23,0.0,0.0,0,0,,
2024-10-04,03:15,16.2,11.1,73.0,WNW,9.7,24.1,1010.23,0.0,0.0,0,0,,
2024-10-04,03:30,16.2,11.7,75.0,WNW,14.5,32.2,1010.46,0.0,0.0,0,0,,
2024-10-04,03:45,16.2,11.7,76.0,WNW,17.7,25.7,1010.36,0.0,0.0,0,0,,
2024-10-04,04:00,16.1,11.7,76.0,WNW,14.5,22.5,1010.4,0.0,0.0,0,0,,
2024-10-04,04:15,15.9,11.7,77.0,WNW,11.3,20.9,1010.19,0.0,0.0,0,0,,
2024-10-04,04:30,15.9,11.7,78.0,WNW,11.3,20.9,1010.13,0.0,0.0,0,0,,
2024-10-04,04:45,15.7,11.7,79.0,WEST,6.4,14.5,1010.46,0.0,0.0,0,0,,
2024-10-04,05:00,15.6,11.7,79.0,WEST,9.7,14.5,1010.53,0.0,0.0,0,0,,
2024-10-04,05:15,15.5,11.7,80.0,WNW,4.8,12.9,1010.5,0.0,0.0,0,0,,
2024-10-04,05:30,15.5,12.2,81.0,WNW,3.2,12.9,1010.53,0.0,0.0,0,0,,
2024-10-04,05:45,15.4,12.2,81.0,WNW,4.8,12.9,1010.46,0.0,0.0,0,0,,
2024-10-04,06:00,15.4,12.2,81.0,WNW,6.4,11.3,1010.3,0.0,0.0,0,0,,
2024-10-04,06:15,15.4,12.2,81.0,WNW,8.0,12.9,1010.5,0.0,0.0,0,0,,
2024-10-04,06:30,15.4,12.2,81.0,WEST,6.4,12.9,1010.67,0.0,0.0,0,0,,
2024-10-04,06:45,15.4,11.7,81.0,WEST,6.4,14.5,1010.74,0.0,0.0,0,0,,
2024-10-04,07:00,15.4,11.7,80.0,WEST,9.7,12.9,1010.74,0.0,0.0,0,0,,
2024-10-04,07:15,15.5,11.7,79.0,WNW,14.5,16.1,1010.77,0.0,0.0,0,0,,
2024-10-04,07:30,15.7,11.7,78.0,WEST,16.1,20.9,1010.9,0.0,0.0,0,11,,
2024-10-04,07:45,15.7,11.7,78.0,WNW,8.0,20.9,1010.9,0.0,0.0,0,33,,
2024-10-04,08:00,15.8,11.7,78.0,WEST,4.8,16.1,1011.07,0.0,0.0,0,40,,
2024-10-04,08:15,15.8,11.7,78.0,WSW,6.4,17.7,1011.21,0.0,0.0,0,44,,
2024-10-04,08:30,15.9,11.7,78.0,WEST,11.3,16.1,1011.38,0.0,0.0,0,86,,
2024-10-04,08:45,16.0,12.2,78.0,WNW,6.4,16.1,1011.41,0.0,0.0,0,67,,
2024-10-04,09:00,16.1,12.2,78.0,WSW,4.8,14.5,1011.62,0.0,0.0,0,83,,
2024-10-04,09:15,16.2,12.2,79.0,WEST,6.4,14.5,1011.72,0.0,0.0,0,53,,
2024-10-04,09:30,16.3,12.8,80.0,WEST,11.3,16.1,1011.79,0.0,0.0,0,84,,
2024-10-04,09:45,16.6,12.8,79.0,WEST,6.4,16.1,1011.99,0.0,0.0,1,239,,
2024-10-04,10:00,17.2,12.8,77.0,WNW,4.8,19.3,1011.99,0.0,0.0,1,237,,
2024-10-04,10:15,17.2,12.8,76.0,WSW,11.3,22.5,1012.16,0.0,0.0,1,148,,
2024-10-04,10:30,17.6,13.3,76.0,WNW,16.1,25.7,1012.39,0.0,0.0,1,221,,
2024-10-04,10:45,17.4,12.8,75.0,WEST,16.1,24.1,1012.33,0.0,0.0,1,211,,
2024-10-04,11:00,17.7,12.8,75.0,WEST,17.7,27.4,1012.43,0.0,0.0,2,353,,
2024-10-04,11:15,18.1,12.8,72.0,NE,9.7,32.2,1012.33,0.0,0.0,2,325,,
2024-10-04,11:30,17.8,12.8,73.0,ENE,16.1,29.0,1012.53,0.0,0.0,2,278,,
2024-10-04,11:45,17.9,12.8,74.0,WEST,20.9,32.2,1012.53,0.0,0.0,2,262,,
2024-10-04,12:00,17.8,12.8,74.0,WNW,16.1,33.8,1012.39,0.0,0.0,2,332,,
2024-10-04,12:15,18.2,12.8,71.0,ENE,19.3,37.0,1012.6,0.0,0.0,3,258,,
2024-10-04,12:30,18.2,12.8,70.0,WEST,25.7,37.0,1012.39,0.0,0.0,3,357,,
2024-10-04,12:45,19.1,12.8,68.0,WNW,32.2,37.0,1012.19,0.0,0.0,5,983,,
2024-10-04,13:00,18.4,12.8,70.0,WNW,29.0,40.2,1012.46,0.0,0.0,2,323,,
2024-10-04,13:15,18.3,12.8,71.0,WEST,19.3,43.5,1012.26,0.0,0.0,2,325,,
2024-10-04,13:30,18.6,12.8,71.0,WNW,20.9,37.0,1012.29,0.0,0.0,4,782,,
2024-10-04,13:45,18.9,12.8,69.0,WNW,12.9,45.1,1012.29,0.0,0.0,3,809,,
2024-10-04,14:00,18.8,12.8,69.0,WNW,30.6,37.0,1012.09,0.0,0.0,4,392,,
2024-10-04,14:15,18.8,12.2,67.0,NNE,24.1,40.2,1011.82,0.0,0.0,2,248,,
2024-10-04,14:30,18.5,12.2,67.0,WEST,24.1,43.5,1011.92,0.0,0.0,1,188,,
2024-10-04,14:45,18.8,12.8,68.0,WNW,12.9,40.2,1011.85,0.0,0.0,3,392,,
2024-10-04,15:00,18.9,12.2,65.0,WNW,17.7,40.2,1012.02,0.0,0.0,2,279,,
2024-10-04,15:15,18.6,11.7,65.0,WNW,22.5,38.6,1011.99,0.0,0.0,2,207,,
2024-10-04,15:30,18.3,11.1,64.0,WNW,27.4,41.8,1012.02,0.0,0.0,1,174,,
2024-10-04,15:45,18.4,11.7,66.0,WEST,20.9,43.5,1011.89,0.0,0.0,1,207,,
2024-10-04,16:00,18.0,12.2,69.0,WEST,29.0,40.2,1011.95,0.0,0.0,1,141,,
2024-10-04,16:15,17.8,12.2,70.0,WEST,16.1,51.5,1011.95,0.0,0.0,1,111,,
2024-10-04,16:30,18.6,12.2,67.0,WNW,29.0,40.2,1012.02,0.0,0.0,1,183,,
2024-10-04,16:45,18.3,11.7,66.0,WNW,20.9,45.1,1012.12,0.0,0.0,1,452,,
2024-10-04,17:00,18.4,11.7,65.0,WEST,22.5,43.5,1011.92,0.0,0.0,1,378,,
2024-10-04,17:15,17.8,11.7,68.0,WEST,22.5,48.3,1011.99,0.0,0.0,0,81,,
2024-10-04,17:30,17.9,11.7,68.0,WNW,32.2,41.8,1012.16,0.0,0.0,0,279,,
2024-10-04,17:45,17.9,11.1,66.0,WNW,24.1,51.5,1012.19,0.0,0.0,0,239,,
2024-10-04,18:00,17.5,11.1,67.0,NNW,17.7,32.2,1012.33,0.0,0.0,0,93,,
2024-10-04,18:15,17.3,11.1,67.0,WEST,27.4,41.8,1012.46,0.0,0.0,0,81,,
2024-10-04,18:30,17.1,10.6,67.0,WNW,20.9,40.2,1012.43,0.0,0.0,0,30,,
2024-10-04,18:45,16.7,10.6,68.0,WEST,17.7,41.8,1012.67,0.0,0.0,0,16,,
2024-10-04,19:00,16.4,10.0,67.0,WNW,16.1,33.8,1012.63,0.0,0.0,0,0,,
2024-10-04,19:15,16.1,10.0,68.0,WNW,14.5,27.4,1012.8,0.0,0.0,0,0,,
2024-10-04,19:30,15.9,10.0,69.0,WNW,12.9,25.7,1012.97,0.0,0.0,0,0,,
2024-10-04,19:45,15.6,10.0,70.0,WEST,12.9,27.4,1013.17,0.0,0.0,0,0,,
2024-10-04,20:00,15.3,10.0,70.0,WNW,12.9,24.1,1013.31,0.0,0.0,0,0,,
2024-10-04,20:15,15.1,10.0,71.0,WEST,17.7,20.9,1013.41,0.0,0.0,0,0,,
2024-10-04,20:30,14.9,10.0,72.0,WNW,16.1,16.1,1013.51,0.0,0.0,0,0,,
2024-10-04,20:45,14.8,10.0,73.0,WNW,14.5,16.1,1013.61,0.0,0.0,0,0,,
2024-10-04,21:00,14.8,10.0,73.0,WNW,12.9,20.9,1013.65,0.0,0.0,0,0,,
2024-10-04,21:15,14.9,10.0,73.0,WNW,9.7,22.5,1013.82,0.0,0.0,0,0,,
2024-10-04,21:30,14.8,10.0,73.0,NW,8.0,22.5,1013.85,0.0,0.0,0,0,,
2024-10-04,21:45,14.8,9.4,72.0,WNW,14.5,25.7,1013.95,0.0,0.0,0,0,,
2024-10-04,22:00,14.9,10.0,73.0,WEST,14.5,20.9,1013.95,0.0,0.0,0,0,,
2024-10-04,22:15,14.9,10.0,74.0,WNW,16.1,20.9,1013.95,0.0,0.0,0,0,,
2024-10-04,22:30,14.9,10.0,74.0,WNW,17.7,20.9,1013.99,0.0,0.0,0,0,,
2024-10-04,22:45,14.9,10.0,74.0,WEST,17.7,24.1,1013.72,0.0,0.0,0,0,,
2024-10-04,23:00,14.9,10.0,74.0,WEST,12.9,24.1,1013.88,0.0,0.0,0,0,,
2024-10-04,23:15,14.9,10.0,74.0,WEST,20.9,29.0,1013.75,0.0,0.0,0,0,,
2024-10-04,23:30,14.9,10.0,74.0,WNW,17.7,30.6,1013.82,0.0,0.0,0,0,,
2024-10-04,23:45,14.9,10.0,73.0,WEST,17.7,32.2,1014.02,0.0,0.0,0,0,,
2024-10-05,00:00,14.8,10.0,74.0,NW,19.3,29.0,1013.88,0.0,0.0,0,0,,
2024-10-05,00:15,14.8,10.0,74.0,WEST,11.3,27.4,1014.09,0.0,0.0,0,0,,
2024-10-05,00:30,14.8,10.0,74.0,WNW,14.5,29.0,1014.09,0.0,0.0,0,0,,
2024-10-05,00:45,14.9,10.0,74.0,WNW,11.3,25.7,1013.95,0.0,0.0,0,0,,
2024-10-05,01:00,15.0,10.0,74.0,WNW,12.9,27.4,1014.09,0.0,0.0,0,0,,
2024-10-05,01:15,14.9,10.0,74.0,NW,19.3,29.0,1014.09,0.0,0.0,0,0,,
2024-10-05,01:30,15.0,10.0,74.0,WNW,17.7,29.0,1013.99,0.0,0.0,0,0,,
2024-10-05,01:45,15.0,10.0,74.0,WEST,19.3,27.4,1013.75,0.0,0.0,0,0,,
2024-10-05,02:00,14.9,10.0,74.0,WNW,16.1,25.7,1013.92,0.0,0.0,0,0,,
2024-10-05,02:15,14.9,10.0,74.0,WNW,14.5,24.1,1013.92,0.0,0.0,0,0,,
2024-10-05,02:30,14.9,10.6,75.0,WEST,24.1,24.1,1013.92,0.0,0.0,0,0,,
2024-10-05,02:45,15.1,10.6,75.0,NW,12.9,29.0,1013.88,0.0,0.0,0,0,,
2024-10-05,03:00,15.1,10.6,75.0,WNW,12.9,24.1,1013.95,0.0,0.0,0,0,,
2024-10-05,03:15,15.1,10.6,75.0,WNW,11.3,25.7,1013.75,0.0,0.0,0,0,,
2024-10-05,03:30,15.1,10.6,75.0,NW,14.5,22.5,1013.95,0.0,0.0,0,0,,
2024-10-05,03:45,15.1,10.6,75.0,NW,14.5,20.9,1013.88,0.0,0.0,0,0,,
2024-10-05,04:00,15.0,10.6,75.0,WNW,9.7,29.0,1013.61,0.0,0.0,0,0,,
2024-10-05,04:15,15.0,10.6,75.0,WNW,14.5,27.4,1013.58,0.0,0.0,0,0,,
2024-10-05,04:30,15.1,10.6,75.0,WNW,19.3,29.0,1013.58,0.0,0.0,0,0,,
2024-10-05,04:45,15.1,10.6,75.0,WNW,14.5,25.7,1013.48,0.0,0.0,0,0,,
2024-10-05,05:00,15.0,10.6,75.0,NW,8.0,19.3,1013.48,0.0,0.0,0,0,,
2024-10-05,05:15,14.9,10.6,75.0,WNW,11.3,19.3,1013.51,0.0,0.0,0,0,,
2024-10-05,05:30,15.0,10.6,76.0,WNW,17.7,20.9,1013.31,0.0,0.0,0,0,,
2024-10-05,05:45,15.0,10.6,76.0,WNW,14.5,17.7,1013.31,0.0,0.0,0,0,,
2024-10-05,06:00,15.1,10.6,76.0,WNW,8.0,17.7,1013.55,0.0,0.0,0,0,,
2024-10-05,06:15,15.2,11.1,76.0,WEST,11.3,22.5,1013.44,0.0,0.0,0,0,,
2024-10-05,06:30,15.1,11.1,77.0,WNW,11.3,22.5,1013.48,0.0,0.0,0,0,,
2024-10-05,06:45,15.0,11.1,79.0,WNW,14.5,22.5,1013.51,0.0,0.0,0,0,,
2024-10-05,07:00,15.0,11.1,79.0,WEST,12.9,24.1,1013.41,0.0,0.0,0,0,,
2024-10-05,07:15,14.9,11.7,80.0,WNW,12.9,17.7,1013.65,0.0,0.0,0,0,,
2024-10-05,07:30,14.9,11.7,81.0,WEST,9.7,16.1,1013.58,0.2,0.2,0,16,,
2024-10-05,07:45,14.8,11.7,82.0,NW,11.3,17.7,1013.61,0.2,0.2,0,11,,
2024-10-05,08:00,14.7,11.7,83.0,WNW,12.9,24.1,1013.99,0.5,0.5,0,23,,
2024-10-05,08:15,14.7,11.7,84.0,WNW,4.8,20.9,1013.92,0.5,0.5,0,46,,
2024-10-05,08:30,14.8,11.7,83.0,WEST,17.7,22.5,1013.88,0.5,0.2,0,116,,
2024-10-05,08:45,15.3,11.7,81.0,WNW,12.9,25.7,1014.26,0.5,0.2,0,169,,
2024-10-05,09:00,15.7,12.2,79.0,WEST,19.3,25.7,1014.26,0.5,0.0,1,279,,
2024-10-05,09:15,16.1,12.2,78.0,WEST,11.3,27.4,1014.33,0.5,0.0,1,320,,
2024-10-05,09:30,16.2,12.2,78.0,WEST,14.5,27.4,1014.6,0.5,0.0,1,246,,
2024-10-05,09:45,16.8,12.2,77.0,WNW,14.5,24.1,1014.63,0.5,0.0,1,445,,
2024-10-05,10:00,17.2,12.8,75.0,WNW,38.6,37.0,1014.66,0.5,0.0,1,77,,
2024-10-05,10:15,17.1,12.2,75.0,WEST,17.7,41.8,1014.87,0.5,0.0,1,93,,
2024-10-05,10:30,17.3,12.2,73.0,WNW,32.2,41.8,1014.83,0.5,0.0,2,575,,
2024-10-05,10:45,17.8,12.2,70.0,WNW,30.6,48.3,1014.97,0.5,0.0,2,584,,
2024-10-05,11:00,17.8,11.7,68.0,WEST,35.4,56.3,1014.87,0.5,0.0,3,643,,
2024-10-05,11:15,18.2,11.7,66.0,WEST,40.2,46.7,1014.83,0.5,0.0,3,679,,
2024-10-05,11:30,18.6,11.7,65.0,WNW,35.4,53.1,1014.87,0.5,0.0,3,849,,
2024-10-05,11:45,18.2,11.7,67.0,WEST,24.1,46.7,1014.87,0.5,0.0,4,830,,
2024-10-05,12:00,18.5,12.2,67.0,WEST,17.7,37.0,1014.7,0.5,0.0,3,856,,
2024-10-05,12:15,17.9,11.7,69.0,WEST,20.9,43.5,1014.93,0.5,0.0,1,118,,
2024-10-05,12:30,17.6,12.2,71.0,,20.9,46.7,1014.97,0.5,0.0,2,211,,
2024-10-05,12:45,18.8,12.8,69.0,WEST,32.2,48.3,1014.93,0.5,0.0,2,153,,
2024-10-05,13:00,18.1,12.2,69.0,WEST,29.0,53.1,1014.73,0.5,0.0,4,323,,
2024-10-05,13:15,18.7,12.2,66.0,WEST,33.8,48.3,1014.77,0.5,0.0,2,255,,
2024-10-05,13:30,18.2,12.2,68.0,WEST,40.2,49.9,1014.66,0.5,0.0,3,225,,
2024-10-05,13:45,18.4,12.2,68.0,WNW,29.0,49.9,1014.77,0.5,0.0,2,232,,
2024-10-05,14:00,18.4,12.2,68.0,WNW,32.2,51.5,1014.63,0.5,0.0,4,840,,
2024-10-05,14:15,18.7,12.2,68.0,WEST,17.7,43.5,1014.63,0.5,0.0,2,828,,
2024-10-05,14:30,18.4,11.7,67.0,NW,20.9,53.1,1014.66,0.5,0.0,4,763,,
2024-10-05,14:45,18.6,12.2,67.0,NE,35.4,56.3,1014.63,0.5,0.0,2,200,,
2024-10-05,15:00,18.4,11.7,67.0,WNW,19.3,46.7,1014.66,0.5,0.0,2,176,,
2024-10-05,15:15,18.1,11.7,67.0,NW,20.9,51.5,1014.77,0.5,0.0,2,209,,
2024-10-05,15:30,18.4,12.2,68.0,NW,29.0,45.1,1014.83,0.5,0.0,2,643,,
2024-10-05,15:45,18.4,11.7,66.0,WEST,27.4,49.9,1014.73,0.5,0.0,1,234,,
2024-10-05,16:00,18.2,12.2,68.0,NNW,20.9,40.2,1014.6,0.5,0.0,1,220,,
2024-10-05,16:15,18.2,12.2,69.0,NW,25.7,43.5,1014.56,0.5,0.0,2,403,,
2024-10-05,16:30,18.2,12.2,69.0,WEST,27.4,38.6,1014.6,0.5,0.0,1,132,,
2024-10-05,16:45,17.9,12.2,70.0,WNW,22.5,46.7,1014.46,0.5,0.0,1,111,,
2024-10-05,17:00,17.8,12.2,70.0,WNW,19.3,41.8,1014.49,0.5,0.0,1,114,,
2024-10-05,17:15,17.8,12.2,71.0,WNW,19.3,43.5,1014.33,0.5,0.0,1,90,,
2024-10-05,17:30,17.6,12.2,71.0,WNW,22.5,27.4,1014.53,0.5,0.0,0,88,,
2024-10-05,17:45,17.6,12.2,72.0,WNW,19.3,25.7,1014.6,0.5,0.0,0,86,,
2024-10-05,18:00,17.4,12.2,73.0,NW,12.9,29.0,1014.66,0.5,0.0,0,77,,
2024-10-05,18:15,17.3,12.2,73.0,WEST,14.5,27.4,1014.46,0.5,0.0,0,63,,
2024-10-05,18:30,17.2,12.2,74.0,WNW,22.5,29.0,1014.6,0.5,0.0,0,42,,
2024-10-05,18:45,17.1,12.2,75.0,WEST,9.7,24.1,1014.73,0.5,0.0,0,11,,
2024-10-05,19:00,16.9,12.2,75.0,WNW,9.7,25.7,1014.66,0.5,0.0,0,0,,
2024-10-05,19:15,16.8,12.2,76.0,WEST,12.9,19.3,1014.6,0.5,0.0,0,0,,
2024-10-05,19:30,16.7,12.2,77.0,WNW,9.7,19.3,1014.6,0.5,0.0,0,0,,
2024-10-05,19:45,16.6,12.2,77.0,WEST,9.7,14.5,1014.66,0.5,0.0,0,0,,
2024-10-05,20:00,16.5,12.2,78.0,WNW,16.1,17.7,1014.8,0.5,0.0,0,0,,
2024-10-05,20:15,16.4,12.2,78.0,WEST,11.3,16.1,1014.97,0.5,0.0,0,0,,
2024-10-05,20:30,16.4,12.2,78.0,WNW,1.6,11.3,1014.9,0.5,0.0,0,0,,
2024-10-05,20:45,16.4,12.2,78.0,NORTH,0.0,1.6,1014.83,0.5,0.0,0,0,,
2024-10-05,21:00,16.2,12.2,79.0,NORTH,0.0,0.0,1015.07,0.5,0.0,0,0,,
2024-10-05,21:15,16.1,12.2,79.0,NORTH,0.0,0.0,1015.21,0.5,0.0,0,0,,
2024-10-05,21:30,15.8,12.2,80.0,NORTH,0.0,0.0,1015.1,0.5,0.0,0,0,,
2024-10-05,21:45,15.6,12.2,80.0,NORTH,0.0,0.0,1015.21,0.5,0.0,0,0,,
2024-10-05,22:00,15.3,11.7,80.0,NORTH,0.0,0.0,1015.31,0.5,0.0,0,0,,
2024-10-05,22:15,15.3,11.7,81.0,WNW,1.6,3.2,1015.27,0.5,0.0,0,0,,
2024-10-05,22:30,15.3,12.2,82.0,NORTH,0.0,3.2,1015.24,0.5,0.0,0,0,,
2024-10-05,22:45,15.3,12.2,82.0,NORTH,0.0,3.2,1015.27,0.5,0.0,0,0,,
2024-10-05,23:00,15.3,12.2,82.0,NORTH,0.0,0.0,1015.17,0.5,0.0,0,0,,
2024-10-05,23:15,15.2,12.2,82.0,NORTH,0.0,0.0,1015.14,0.5,0.0,0,0,,
2024-10-05,23:30,15.3,12.2,82.0,NORTH,0.0,0.0,1015.04,0.5,0.0,0,0,,
2024-10-05,23:45,15.3,12.2,82.0,NORTH,0.0,0.0,1015.07,0.5,0.0,0,0,,
2024-10-06,00:00,15.3,12.2,82.0,NORTH,0.0,0.0,1015.1,0.0,0.0,0,0,,
2024-10-06,00:15,15.3,12.2,82.0,NORTH,0.0,0.0,1014.93,0.0,0.0,0,0,,
2024-10-06,00:45,15.2,11.7,81.0,NORTH,0.0,0.0,1014.77,0.0,0.0,0,0,,
2024-10-06,01:00,15.2,11.7,81.0,SW,3.2,4.8,1014.7,0.0,0.0,0,0,,
2024-10-06,01:15,15.1,11.7,81.0,NORTH,0.0,3.2,1014.7,0.0,0.0,0,0,,
2024-10-06,01:30,15.1,11.7,81.0,NORTH,0.0,3.2,1014.9,0.0,0.0,0,0,,
2024-10-06,01:45,15.1,11.7,81.0,NORTH,0.0,4.8,1014.93,0.0,0.0,0,0,,
2024-10-06,02:00,14.9,11.7,81.0,NORTH,0.0,3.2,1014.8,0.0,0.0,0,0,,
2024-10-06,02:15,14.7,11.1,81.0,SSE,4.8,4.8,1014.7,0.0,0.0,0,0,,
2024-10-06,02:30,14.6,11.1,82.0,ESE,3.2,11.3,1014.53,0.0,0.0,0,0,,
2024-10-06,02:45,14.4,11.1,82.0,EAST,4.8,6.4,1014.6,0.0,0.0,0,0,,
2024-10-06,03:00,14.3,11.1,83.0,EAST,3.2,6.4,1014.36,0.0,0.0,0,0,,
2024-10-06,03:15,14.2,11.1,83.0,EAST,3.2,4.8,1014.43,0.0,0.0,0,0,,
2024-10-06,03:30,13.9,11.1,83.0,EAST,4.8,9.7,1014.26,0.0,0.0,0,0,,
2024-10-06,03:45,13.8,11.1,84.0,EAST,3.2,9.7,1014.33,0.0,0.0,0,0,,
2024-10-06,04:00,13.8,11.1,84.0,EAST,3.2,6.4,1014.33,0.0,0.0,0,0,,
2024-10-06,04:15,13.8,11.1,84.0,EAST,1.6,4.8,1014.33,0.0,0.0,0,0,,
2024-10-06,04:30,13.8,11.1,84.0,EAST,3.2,4.8,1014.19,0.0,0.0,0,0,,
2024-10-06,04:45,13.7,11.1,84.0,EAST,3.2,4.8,1014.05,0.0,0.0,0,0,,
2024-10-06,05:00,13.7,10.6,84.0,EAST,3.2,6.4,1014.16,0.0,0.0,0,0,,
2024-10-06,05:15,13.6,10.6,83.0,EAST,3.2,4.8,1014.12,0.0,0.0,0,0,,
2024-10-06,05:30,13.4,10.6,84.0,EAST,3.2,6.4,1014.09,0.0,0.0,0,0,,
2024-10-06,05:45,13.4,10.6,83.0,EAST,3.2,4.8,1014.12,0.0,0.0,0,0,,
2024-10-06,06:00,13.3,10.6,83.0,EAST,3.2,4.8,1013.99,0.0,0.0,0,0,,
2024-10-06,06:15,13.2,10.0,83.0,EAST,3.2,4.8,1014.09,0.0,0.0,0,0,,
2024-10-06,06:45,13.1,10.0,83.0,EAST,4.8,6.4,1014.09,0.0,0.0,0,0,,
2024-10-06,07:00,13.1,10.0,83.0,EAST,3.2,4.8,1014.22,0.0,0.0,0,0,,
2024-10-06,07:15,13.0,10.0,83.0,EAST,4.8,4.8,1014.26,0.0,0.0,0,0,,
2024-10-06,07:30,13.1,10.0,83.0,EAST,3.2,6.4,1014.33,0.0,0.0,0,0,,
2024-10-06,07:45,13.0,10.0,84.0,EAST,3.2,4.8,1014.26,0.0,0.0,0,12,,
2024-10-06,08:00,13.4,10.6,84.0,EAST,3.2,4.8,1014.39,0.0,0.0,0,42,,
2024-10-06,08:15,14.0,11.1,83.0,EAST,3.2,4.8,1014.39,0.0,0.0,0,97,,
2024-10-06,08:30,14.9,11.1,80.0,EAST,3.2,4.8,1014.63,0.0,0.0,0,151,,
2024-10-06,08:45,15.7,11.7,78.0,EAST,4.8,9.7,1014.43,0.0,0.0,0,207,,
2024-10-06,09:00,16.5,11.7,75.0,EAST,4.8,9.7,1014.53,0.0,0.0,1,260,,
2024-10-06,09:15,16.8,12.2,74.0,EAST,4.8,9.7,1014.8,0.0,0.0,1,309,,
2024-10-06,09:30,17.3,12.8,74.0,NORTH,0.0,6.4,1015.07,0.0,0.0,1,348,,
2024-10-06,09:45,17.4,12.8,76.0,EAST,1.6,4.8,1015.04,0.0,0.0,1,397,,
2024-10-06,10:00,17.9,13.3,75.0,EAST,1.6,6.4,1015.17,0.0,0.0,2,429,,
2024-10-06,10:15,17.8,13.3,75.0,SE,4.8,11.3,1015.14,0.0,0.0,2,436,,
2024-10-06,10:30,18.5,13.3,74.0,SE,3.2,6.4,1015.24,0.0,0.0,2,480,,
2024-10-06,10:45,18.7,13.3,72.0,SE,4.8,4.8,1015.21,0.0,0.0,3,552,,
2024-10-06,11:00,19.1,13.3,71.0,SE,1.6,12.9,1015.41,0.0,0.0,3,587,,
2024-10-06,11:15,19.7,13.9,69.0,NW,4.8,8.0,1015.24,0.0,0.0,3,615,,
2024-10-06,11:30,19.7,13.3,68.0,WNW,1.6,8.0,1015.14,0.0,0.0,3,631,,
2024-10-06,11:45,20.5,13.3,63.0,NE,3.2,8.0,1015.07,0.0,0.0,4,680,,
2024-10-06,12:00,20.7,11.1,55.0,NNW,3.2,11.3,1015.21,0.0,0.0,4,754,,
2024-10-06,12:15,20.8,12.2,58.0,NNW,1.6,14.5,1015.17,0.0,0.0,4,585,,
2024-10-06,12:30,21.2,12.2,58.0,WNW,3.2,11.3,1015.14,0.0,0.0,4,661,,
2024-10-06,12:45,21.1,11.7,54.0,WEST,3.2,19.3,1015.1,0.0,0.0,5,719,,
2024-10-06,13:00,21.5,11.7,55.0,NW,17.7,20.9,1015.24,0.0,0.0,5,722,,
2024-10-06,13:15,21.8,12.2,55.0,WNW,6.4,14.5,1015.1,0.0,0.0,4,705,,
2024-10-06,13:30,22.2,12.2,54.0,WEST,14.5,19.3,1014.97,0.0,0.0,5,719,,
2024-10-06,13:45,22.3,12.8,55.0,WNW,16.1,22.5,1014.77,0.0,0.0,4,686,,
2024-10-06,14:00,22.3,12.8,55.0,NW,16.1,25.7,1014.63,0.0,0.0,4,768,,
2024-10-06,14:15,22.7,12.8,55.0,SSW,6.4,16.1,1014.6,0.0,0.0,4,786,,
2024-10-06,14:30,22.3,12.8,55.0,WNW,6.4,14.5,1014.63,0.0,0.0,3,283,,
2024-10-06,14:45,22.1,12.2,55.0,SOUTH,6.4,17.7,1014.49,0.0,0.0,3,221,,
2024-10-06,15:00,22.9,12.8,53.0,WNW,12.9,19.3,1014.53,0.0,0.0,3,612,,
2024-10-06,15:15,22.9,12.8,54.0,WSW,4.8,20.9,1014.43,0.0,0.0,2,255,,
2024-10-06,15:30,23.1,12.8,53.0,WNW,12.9,17.7,1014.6,0.0,0.0,2,297,,
2024-10-06,15:45,23.0,12.8,54.0,WNW,12.9,12.9,1014.53,0.0,0.0,2,241,,
2024-10-06,16:00,23.3,12.8,53.0,WEST,6.4,22.5,1014.36,0.0,0.0,2,376,,
2024-10-06,16:15,23.4,12.8,51.0,WSW,1.6,19.3,1014.26,0.0,0.0,2,445,,
2024-10-06,16:30,23.3,12.8,52.0,WEST,16.1,20.9,1014.16,0.0,0.0,1,114,,
2024-10-06,16:45,22.9,12.2,51.0,WNW,14.5,17.7,1014.22,0.0,0.0,1,176,,
2024-10-06,17:00,22.6,10.6,46.0,WNW,20.9,20.9,1014.22,0.0,0.0,1,123,,
2024-10-06,17:15,22.3,9.4,44.0,WNW,6.4,20.9,1014.43,0.0,0.0,0,91,,
2024-10-06,17:30,22.2,8.9,43.0,WNW,8.0,16.1,1014.39,0.0,0.0,0,65,,
2024-10-06,17:45,22.1,8.9,44.0,WNW,8.0,11.3,1014.36,0.0,0.0,0,70,,
2024-10-06,18:00,21.9,8.3,43.0,WNW,11.3,19.3,1014.26,0.0,0.0,0,54,,
2024-10-06,18:15,21.8,8.3,43.0,WEST,6.4,16.1,1014.29,0.0,0.0,0,46,,
2024-10-06,18:30,21.6,8.3,43.0,WNW,6.4,11.3,1014.39,0.0,0.0,0,39,,
2024-10-06,18:45,21.4,8.3,44.0,WNW,4.8,16.1,1014.36,0.0,0.0,0,11,,
2024-10-06,19:00,21.3,8.9,45.0,WNW,6.4,11.3,1014.56,0.0,0.0,0,0,,
2024-10-06,19:15,20.9,8.9,46.0,WNW,3.2,11.3,1014.56,0.0,0.0,0,0,,
2024-10-06,19:30,20.7,8.9,47.0,NORTH,0.0,3.2,1014.6,0.0,0.0,0,0,,
2024-10-06,19:45,20.1,8.9,48.0,WNW,1.6,3.2,1014.8,0.0,0.0,0,0,,
2024-10-06,20:00,19.4,8.9,50.0,WNW,1.6,4.8,1014.77,0.0,0.0,0,0,,
2024-10-06,20:15,19.0,8.3,51.0,WEST,1.6,3.2,1014.87,0.0,0.0,0,0,,
2024-10-06,20:30,18.4,8.3,53.0,EAST,3.2,9.7,1014.9,0.0,0.0,0,0,,
2024-10-06,20:45,18.3,7.8,51.0,EAST,3.2,6.4,1015.07,0.0,0.0,0,0,,
2024-10-06,21:00,18.4,7.8,51.0,EAST,1.6,4.8,1015.07,0.0,0.0,0,0,,
2024-10-06,21:15,19.2,12.2,65.0,ESE,6.4,11.3,1015.1,0.0,0.0,0,0,,
2024-10-06,21:30,19.2,11.7,63.0,ESE,6.4,9.7,1015.07,0.0,0.0,0,0,,
2024-10-06,21:45,19.1,12.2,66.0,ESE,6.4,6.4,1015.07,0.0,0.0,0,0,,
2024-10-06,22:00,18.6,12.2,68.0,ESE,3.2,6.4,1015.34,0.0,0.0,0,0,,
2024-10-06,22:15,18.1,12.2,69.0,ESE,4.8,6.4,1015.27,0.0,0.0,0,0,,
2024-10-06,22:30,17.7,12.2,70.0,ESE,4.8,9.7,1015.31,0.0,0.0,0,0,,
2024-10-06,22:45,17.8,12.2,70.0,SE,8.0,12.9,1015.14,0.0,0.0,0,0,,
2024-10-06,23:00,18.7,12.2,66.0,ESE,12.9,16.1,1015.24,0.0,0.0,0,0,,
2024-10-06,23:15,18.8,11.7,64.0,ESE,11.3,16.1,1015.07,0.0,0.0,0,0,,
2024-10-06,23:30,18.9,12.2,67.0,ESE,6.4,17.7,1015.21,0.0,0.0,0,0,,
2024-10-06,23:45,18.6,12.2,67.0,ESE,9.7,14.5,1015.24,0.0,0.0,0,0,,
2024-10-07,00:00,18.4,12.2,68.0,SE,12.9,16.1,1015.07,0.0,0.0,0,0,,
2024-10-07,00:15,18.6,12.8,69.0,SE,14.5,17.7,1014.83,0.0,0.0,0,0,,
2024-10-07,00:30,18.8,13.3,72.0,ESE,14.5,19.3,1014.87,0.0,0.0,0,0,,
2024-10-07,00:45,18.8,13.3,72.0,SE,16.1,20.9,1014.87,0.0,0.0,0,0,,
2024-10-07,01:00,18.9,13.3,72.0,SE,14.5,22.5,1014.77,0.0,0.0,0,0,,
2024-10-07,01:15,18.9,13.3,72.0,ESE,16.1,20.9,1014.49,0.0,0.0,0,0,,
2024-10-07,01:30,18.9,13.3,71.0,SE,14.5,19.3,1014.6,0.0,0.0,0,0,,
2024-10-07,01:45,18.9,13.3,71.0,ESE,14.5,20.9,1014.77,0.0,0.0,0,0,,
2024-10-07,02:00,18.8,13.3,72.0,SE,16.1,20.9,1014.6,0.0,0.0,0,0,,
2024-10-07,02:15,18.7,13.3,73.0,SE,12.9,19.3,1014.7,0.0,0.0,0,0,,
2024-10-07,02:30,18.4,13.3,74.0,SE,12.9,17.7,1014.66,0.0,0.0,0,0,,
2024-10-07,02:45,18.3,13.3,75.0,ESE,16.1,19.3,1014.63,0.0,0.0,0,0,,
2024-10-07,03:00,18.3,13.9,76.0,SE,12.9,20.9,1014.6,0.0,0.0,0,0,,
2024-10-07,03:15,18.1,13.3,76.0,ESE,14.5,24.1,1014.53,0.0,0.0,0,0,,
2024-10-07,03:30,18.1,13.9,77.0,SE,12.9,19.3,1014.56,0.0,0.0,0,0,,
2024-10-07,03:45,18.0,14.4,79.0,SE,12.9,17.7,1014.33,0.0,0.0,0,0,,
2024-10-07,04:00,18.0,14.4,82.0,ESE,12.9,19.3,1014.43,0.0,0.0,0,0,,
2024-10-07,04:15,17.8,15.0,83.0,SE,14.5,17.7,1014.53,0.0,0.0,0,0,,
2024-10-07,04:30,17.8,15.0,84.0,ESE,11.3,19.3,1014.29,0.0,0.0,0,0,,
2024-10-07,04:45,17.7,15.0,85.0,SE,11.3,19.3,1014.49,0.0,0.0,0,0,,
2024-10-07,05:00,17.7,15.0,85.0,SE,12.9,20.9,1014.63,0.0,0.0,0,0,,
2024-10-07,05:15,17.9,15.6,86.0,ESE,14.5,22.5,1014.39,0.0,0.0,0,0,,
2024-10-07,05:30,17.9,15.6,86.0,SE,16.1,22.5,1014.39,0.0,0.0,0,0,,
2024-10-07,05:45,17.9,15.6,87.0,SE,16.1,20.9,1014.33,0.0,0.0,0,0,,
2024-10-07,06:00,18.0,15.6,87.0,ESE,6.4,17.7,1014.56,0.0,0.0,0,0,,
2024-10-07,06:15,17.9,15.6,87.0,EAST,4.8,11.3,1014.49,0.0,0.0,0,0,,
2024-10-07,06:30,17.6,15.6,88.0,ESE,12.9,14.5,1014.46,0.0,0.0,0,0,,
2024-10-07,06:45,17.4,15.6,89.0,EAST,9.7,14.5,1014.56,0.0,0.0,0,0,,
2024-10-07,07:00,17.3,15.6,89.0,EAST,12.9,14.5,1014.46,0.0,0.0,0,0,,
2024-10-07,07:15,17.3,15.6,90.0,ESE,11.3,16.1,1014.49,0.0,0.0,0,0,,
2024-10-07,07:30,17.4,15.6,90.0,ESE,9.7,17.7,1014.6,0.0,0.0,0,0,,
2024-10-07,07:45,17.4,15.6,90.0,ESE,9.7,14.5,1014.56,0.0,0.0,0,14,,
2024-10-07,08:00,17.4,15.6,90.0,ESE,6.4,12.9,1014.73,0.0,0.0,0,39,,
2024-10-07,08:15,17.4,15.6,91.0,ESE,12.9,17.7,1014.73,0.0,0.0,0,81,,
2024-10-07,08:30,17.4,15.6,90.0,ESE,11.3,17.7,1014.83,0.0,0.0,0,135,,
2024-10-07,08:45,17.9,16.1,89.0,EAST,11.3,16.1,1015.07,0.0,0.0,0,193,,
2024-10-07,09:15,18.8,16.1,85.0,EAST,12.9,19.3,1015.44,0.0,0.0,1,292,,
2024-10-07,09:30,19.4,16.1,81.0,ESE,12.9,19.3,1015.44,0.0,0.0,1,332,,
2024-10-07,09:45,20.2,15.6,77.0,ESE,4.8,19.3,1015.75,0.0,0.0,1,383,,
2024-10-07,10:00,20.8,15.6,72.0,ESE,12.9,17.7,1015.71,0.0,0.0,2,420,,
2024-10-07,10:15,21.3,15.0,68.0,ESE,11.3,19.3,1015.71,0.0,0.0,2,374,,
2024-10-07,10:30,21.7,13.9,61.0,ESE,11.3,20.9,1015.78,0.0,0.0,2,526,,
2024-10-07,10:45,22.2,14.4,62.0,ESE,19.3,20.9,1015.92,0.0,0.0,3,573,,
2024-10-07,11:00,22.6,13.9,58.0,ESE,17.7,20.9,1015.98,0.0,0.0,3,519,,
2024-10-07,11:15,23.1,13.3,54.0,ESE,14.5,24.1,1015.75,0.0,0.0,3,540,,
2024-10-07,11:30,23.6,13.3,53.0,ESE,12.9,19.3,1015.78,0.0,0.0,3,624,,
2024-10-07,11:45,23.9,12.8,50.0,ESE,14.5,22.5,1015.85,0.0,0.0,4,605,,
2024-10-07,12:00,24.4,13.3,50.0,SSE,8.0,20.9,1015.98,0.0,0.0,4,684,,
2024-10-07,12:15,25.2,13.3,48.0,SE,6.4,17.7,1015.82,0.0,0.0,4,701,,
2024-10-07,12:30,25.4,13.9,48.0,ESE,11.3,22.5,1015.82,0.0,0.0,4,680,,
2024-10-07,12:45,25.2,13.3,49.0,ESE,14.5,20.9,1015.92,0.0,0.0,4,700,,
2024-10-07,13:00,25.8,13.9,48.0,ESE,12.9,25.7,1015.78,0.0,0.0,4,701,,
2024-10-07,13:15,26.1,13.9,47.0,SE,8.0,25.7,1015.58,0.0,0.0,4,642,,
2024-10-07,13:30,26.3,13.9,46.0,SSE,9.7,25.7,1015.41,0.0,0.0,4,612,,
2024-10-07,13:45,25.9,13.9,47.0,ESE,17.7,27.4,1015.17,0.0,0.0,3,439,,
2024-10-07,14:00,26.7,13.9,45.0,SE,12.9,20.9,1015.1,0.0,0.0,4,578,,
2024-10-07,14:15,26.6,13.9,45.0,SSE,17.7,25.7,1014.97,0.0,0.0,4,686,,
2024-10-07,14:30,26.3,13.9,47.0,SSE,9.7,25.7,1014.97,0.0,0.0,4,635,,
2024-10-07,14:45,26.9,14.4,47.0,SE,16.1,24.1,1014.73,0.0,0.0,4,615,,
2024-10-07,15:00,27.1,13.3,44.0,SSE,19.3,20.9,1014.7,0.0,0.0,3,533,,
2024-10-07,15:15,26.5,13.9,45.0,ESE,12.9,20.9,1014.6,0.0,0.0,3,443,,
2024-10-07,15:30,27.0,13.9,45.0,ESE,16.1,24.1,1014.46,0.0,0.0,3,589,,
2024-10-07,15:45,26.8,13.9,46.0,ESE,12.9,25.7,1014.46,0.0,0.0,2,482,,
2024-10-07,16:00,26.7,13.9,46.0,ESE,20.9,27.4,1014.33,0.0,0.0,2,480,,
2024-10-07,16:15,26.7,14.4,47.0,SE,19.3,25.7,1014.43,0.0,0.0,1,285,,
2024-10-07,16:30,25.8,13.9,49.0,SE,16.1,30.6,1014.39,0.0,0.0,1,195,,
2024-10-07,16:45,25.7,13.3,47.0,SE,19.3,29.0,1014.22,0.0,0.0,1,195,,
2024-10-07,17:00,25.4,13.9,50.0,SE,20.9,29.0,1013.99,0.0,0.0,1,183,,
2024-10-07,17:15,25.4,13.9,50.0,SE,25.7,30.6,1014.16,0.0,0.0,1,192,,
2024-10-07,17:30,24.7,14.4,54.0,SE,12.9,25.7,1014.49,0.0,0.0,0,109,,
2024-10-07,17:45,24.1,15.0,56.0,SE,20.9,27.4,1014.26,0.0,0.0,0,105,,
2024-10-07,18:00,23.8,15.0,59.0,SE,12.9,24.1,1014.46,0.0,0.0,0,98,,
2024-10-07,18:15,23.6,15.0,60.0,ESE,14.5,22.5,1014.56,0.0,0.0,0,60,,
2024-10-07,18:30,23.3,16.1,64.0,SE,8.0,25.7,1014.49,0.0,0.0,0,44,,
2024-10-07,18:45,22.9,16.7,68.0,SE,12.9,20.9,1014.53,0.0,0.0,0,11,,
2024-10-07,19:00,22.4,15.6,67.0,ESE,12.9,25.7,1014.6,0.0,0.0,0,0,,
2024-10-07,19:15,22.2,15.6,66.0,SE,16.1,19.3,1014.6,0.0,0.0,0,0,,
2024-10-07,19:30,22.1,15.6,67.0,SE,12.9,22.5,1014.29,0.0,0.0,0,0,,
2024-10-07,19:45,22.2,15.6,68.0,ESE,14.5,27.4,1014.16,0.0,0.0,0,0,,
2024-10-07,20:00,22.1,16.1,70.0,ESE,20.9,29.0,1014.16,0.0,0.0,0,0,,
2024-10-07,20:15,21.9,16.1,71.0,ESE,17.7,27.4,1014.16,0.0,0.0,0,0,,
2024-10-07,20:30,22.2,15.6,68.0,ESE,14.5,29.0,1014.33,0.0,0.0,0,0,,
2024-10-07,20:45,22.1,16.1,70.0,SE,6.4,20.9,1014.53,0.0,0.0,0,0,,
2024-10-07,21:00,21.7,16.1,72.0,SE,16.1,20.9,1014.43,0.0,0.0,0,0,,
2024-10-07,21:15,21.6,16.1,72.0,SE,17.7,22.5,1014.33,0.0,0.0,0,0,,
2024-10-07,21:30,21.6,15.6,70.0,ESE,8.0,25.7,1014.49,0.0,0.0,0,0,,
2024-10-07,21:45,21.7,15.6,69.0,EAST,9.7,17.7,1014.19,0.0,0.0,0,0,,
2024-10-07,22:00,21.6,15.6,68.0,EAST,6.4,17.7,1013.99,0.0,0.0,0,0,,
2024-10-07,22:15,21.3,15.0,68.0,EAST,9.7,14.5,1014.12,0.0,0.0,0,0,,
2024-10-07,22:30,21.1,14.4,67.0,EAST,14.5,17.7,1013.95,0.0,0.0,0,0,,
2024-10-07,22:45,21.1,14.4,66.0,EAST,16.1,20.9,1013.92,0.0,0.0,0,0,,
2024-10-07,23:00,20.9,14.4,68.0,EAST,11.3,22.5,1013.48,0.0,0.0,0,0,,
2024-10-07,23:15,20.7,15.0,71.0,EAST,12.9,17.7,1013.44,0.0,0.0,0,0,,
2024-10-07,23:30,20.6,15.6,74.0,EAST,16.1,19.3,1013.21,0.0,0.0,0,0,,
2024-10-07,23:45,20.3,16.1,76.0,EAST,6.4,19.3,1013.21,0.0,0.0,0,0,,
2024-10-08,00:00,20.3,16.1,79.0,EAST,11.3,17.7,1013.28,0.0,0.0,0,0,,
2024-10-08,00:15,20.7,17.2,80.0,ENE,6.4,22.5,1013.34,0.0,0.0,0,0,,
2024-10-08,00:30,21.1,17.2,80.0,ESE,6.4,22.5,1013.44,0.0,0.0,0,0,,
2024-10-08,00:45,20.9,17.2,80.0,EAST,19.3,19.3,1013,0.0,0.0,0,0,,
2024-10-08,01:00,21.0,17.8,82.0,ESE,12.9,25.7,1012.94,0.0,0.0,0,0,,
2024-10-08,01:15,21.0,17.8,82.0,EAST,12.9,19.3,1012.84,0.0,0.0,0,0,,
2024-10-08,01:30,20.9,17.8,83.0,ESE,14.5,19.3,1012.67,0.0,0.0,0,0,,
2024-10-08,01:45,20.9,17.8,84.0,EAST,11.3,24.1,1012.33,0.0,0.0,0,0,,
2024-10-08,02:00,21.1,18.3,84.0,ESE,11.3,20.9,1012.33,0.0,0.0,0,0,,
2024-10-08,02:15,21.2,18.3,84.0,EAST,9.7,17.7,1012.29,0.0,0.0,0,0,,
2024-10-08,02:30,21.2,18.3,83.0,ESE,9.7,24.1,1011.89,0.0,0.0,0,0,,
2024-10-08,02:45,21.0,17.8,84.0,ESE,14.5,17.7,1011.62,0.0,0.0,0,0,,
2024-10-08,03:00,21.0,17.8,84.0,ESE,9.7,24.1,1011.14,0.0,0.0,0,0,,
2024-10-08,03:15,20.9,17.8,84.0,ESE,4.8,16.1,1010.9,0.0,0.0,0,0,,
2024-10-08,03:30,21.1,18.3,85.0,ESE,14.5,22.5,1010.94,0.0,0.0,0,0,,
2024-10-08,03:45,21.5,18.3,83.0,ESE,9.7,20.9,1010.57,0.0,0.0,0,0,,
2024-10-08,04:00,21.7,18.3,82.0,SE,14.5,19.3,1011.14,0.0,0.0,0,0,,
2024-10-08,04:15,21.9,18.3,82.0,ESE,16.1,20.9,1011.21,0.0,0.0,0,0,,
2024-10-08,04:30,21.8,18.9,83.0,ESE,17.7,25.7,1011.18,0.0,0.0,0,0,,
2024-10-08,04:45,21.8,18.9,86.0,SE,24.1,30.6,1011.24,0.0,0.0,0,0,,
2024-10-08,05:00,21.6,19.4,87.0,SE,16.1,30.6,1011.24,0.0,0.0,0,0,,
2024-10-08,05:15,21.6,19.4,88.0,SSE,14.5,29.0,1011.92,0.0,0.0,0,0,,
2024-10-08,05:30,21.4,19.4,89.0,ESE,14.5,24.1,1011.85,0.0,0.0,0,0,,
2024-10-08,05:45,21.4,19.4,89.0,SE,19.3,24.1,1011.41,0.0,0.0,0,0,,
2024-10-08,06:00,21.3,19.4,89.0,SE,11.3,24.1,1011.41,0.0,0.0,0,0,,
2024-10-08,06:15,21.2,19.4,90.0,ESE,17.7,20.9,1011.89,0.0,0.0,0,0,,
2024-10-08,06:30,21.2,19.4,90.0,SE,12.9,17.7,1011.79,0.0,0.0,0,0,,
2024-10-08,06:45,21.1,18.9,90.0,WNW,6.4,20.9,1011.75,0.0,0.0,0,0,,
2024-10-08,07:00,21.1,18.9,88.0,SSE,1.6,14.5,1011.48,0.0,0.0,0,0,,
2024-10-08,07:15,21.2,18.9,88.0,NORTH,0.0,14.5,1011.95,0.0,0.0,0,0,,
2024-10-08,07:30,21.1,18.9,88.0,NW,1.6,9.7,1012.29,0.0,0.0,0,0,,
2024-10-08,07:45,20.9,18.9,88.0,SSE,6.4,8.0,1012.67,0.0,0.0,0,0,,
2024-10-08,08:00,20.8,18.9,88.0,NW,4.8,14.5,1012.73,0.0,0.0,0,0,,
2024-10-08,08:15,20.6,18.3,88.0,WEST,4.8,20.9,1013.31,0.2,0.2,0,7,,
2024-10-08,08:30,20.3,18.3,88.0,WNW,12.9,29.0,1013.61,0.2,0.2,0,9,,
2024-10-08,08:45,19.7,17.8,89.0,WNW,16.1,27.4,1013.65,0.8,0.8,0,16,,
2024-10-08,09:00,19.4,17.2,89.0,SOUTH,3.2,16.1,1013.61,1.5,1.5,0,9,,
2024-10-08,09:15,19.1,17.2,89.0,SE,12.9,11.3,1013.92,2.3,2.0,0,18,,
2024-10-08,09:30,19.1,17.2,90.0,ESE,11.3,17.7,1013.34,2.3,2.3,0,25,,
2024-10-08,09:45,18.7,16.7,90.0,ESE,6.4,19.3,1013.65,2.3,1.5,0,11,,
2024-10-08,10:00,18.5,16.7,90.0,SSE,1.6,16.1,1014.02,2.3,0.8,0,32,,
2024-10-08,10:15,18.6,16.7,90.0,ESE,9.7,19.3,1013.92,2.3,0.2,0,26,,
2024-10-08,10:30,18.8,16.7,90.0,ESE,11.3,20.9,1014.39,2.8,0.5,0,37,,
2024-10-08,10:45,18.7,16.7,89.0,SE,12.9,33.8,1014.63,3.0,0.5,0,79,,
2024-10-08,11:00,18.6,16.7,88.0,ESE,16.1,29.0,1013.75,3.3,0.8,0,42,,
2024-10-08,11:15,18.6,16.1,88.0,ESE,6.4,17.7,1013.28,3.3,0.8,1,100,,
2024-10-08,11:30,18.8,16.1,87.0,ESE,12.9,24.1,1013.31,3.3,0.5,1,111,,
2024-10-08,11:45,19.0,16.1,85.0,SSE,6.4,19.3,1013.11,3.6,0.5,1,111,,
2024-10-08,12:00,19.4,16.7,85.0,ESE,6.4,16.1,1013,3.6,0.5,3,508,,
2024-10-08,12:15,19.7,16.7,85.0,SSE,14.5,19.3,1013.24,3.6,0.5,2,315,,
2024-10-08,12:30,19.9,17.2,85.0,SE,16.1,30.6,1013.28,3.6,0.5,2,260,,
2024-10-08,12:45,20.2,17.2,83.0,SE,8.0,24.1,1013.24,3.6,0.0,2,250,,
2024-10-08,13:00,20.1,17.2,83.0,SE,1.6,16.1,1013.07,3.6,0.0,0,84,,
2024-10-08,13:15,20.1,16.7,81.0,SE,3.2,11.3,1012.7,3.6,0.0,1,102,,
2024-10-08,13:30,20.3,16.7,81.0,NORTH,0.0,4.8,1012.43,3.6,0.0,1,83,,
2024-10-08,13:45,20.4,16.7,79.0,SOUTH,3.2,11.3,1012.67,3.6,0.0,0,72,,
2024-10-08,14:00,18.7,15.0,79.0,WNW,32.2,54.7,1014.33,4.3,0.8,0,21,,
2024-10-08,14:15,16.3,13.9,87.0,WEST,17.7,53.1,1014.66,9.9,6.3,0,14,,
2024-10-08,14:30,15.9,13.9,89.0,SSE,6.4,12.9,1013.51,10.7,7.1,0,14,,
2024-10-08,14:45,16.2,14.4,89.0,ESE,12.9,16.1,1013.17,10.9,7.1,0,23,,
2024-10-08,15:00,16.2,14.4,90.0,EAST,11.3,17.7,1013.58,10.9,6.1,0,11,,
2024-10-08,15:15,16.1,14.4,91.0,ESE,4.8,17.7,1013.61,10.9,0.5,0,14,,
2024-10-08,15:30,16.1,14.4,91.0,ESE,11.3,11.3,1013.85,10.9,0.5,0,0,,
2024-10-08,15:45,15.8,14.4,91.0,SE,8.0,16.1,1013.75,11.2,0.5,0,9,,
2024-10-08,16:00,15.9,14.4,91.0,ESE,11.3,19.3,1013.41,11.2,0.5,0,12,,
2024-10-08,16:15,15.9,14.4,91.0,ESE,11.3,19.3,1012.94,11.2,0.5,0,7,,
2024-10-08,16:30,15.9,14.4,92.0,SE,14.5,14.5,1013.11,11.2,0.2,0,0,,
2024-10-08,16:45,16.2,14.4,92.0,SE,6.4,16.1,1013.07,11.4,0.2,0,9,,
2024-10-08,17:00,16.3,15.0,92.0,SE,4.8,11.3,1012.97,11.4,0.2,0,39,,
2024-10-08,17:15,17.5,16.1,91.0,SSE,1.6,8.0,1012.67,11.4,0.2,0,336,,
2024-10-08,17:30,18.1,16.1,88.0,SSE,6.4,17.7,1013,11.4,0.2,0,251,,
2024-10-08,17:45,17.2,15.6,90.0,SE,19.3,25.7,1012.97,11.4,0.0,0,76,,
2024-10-08,18:00,16.8,15.0,91.0,ESE,24.1,30.6,1012.9,11.4,0.0,0,28,,
2024-10-08,18:15,16.5,15.0,92.0,ESE,16.1,25.7,1012.9,11.4,0.0,0,25,,
2024-10-08,18:30,16.5,15.0,92.0,SE,19.3,24.1,1013.07,11.4,0.0,0,18,,
2024-10-08,18:45,16.4,15.0,93.0,ESE,12.9,19.3,1013.14,11.4,0.0,0,7,,
2024-10-08,19:00,16.4,15.0,93.0,SE,12.9,19.3,1013.11,11.4,0.0,0,0,,
2024-10-08,19:15,16.8,15.6,93.0,ESE,11.3,16.1,1013.14,11.4,0.0,0,0,,
2024-10-08,19:30,16.9,15.6,93.0,SE,8.0,14.5,1013.44,11.4,0.0,0,0,,
2024-10-08,19:45,16.9,15.6,93.0,SSE,12.9,17.7,1013.41,11.4,0.0,0,0,,
2024-10-08,20:00,17.0,15.6,93.0,SE,3.2,16.1,1013.55,11.4,0.0,0,0,,
2024-10-08,20:15,17.1,16.1,93.0,SE,4.8,12.9,1013.72,11.4,0.0,0,0,,
2024-10-08,20:30,17.2,16.1,93.0,SSE,6.4,12.9,1013.72,11.4,0.0,0,0,,
2024-10-08,20:45,17.4,16.1,93.0,SSE,4.8,14.5,1013.68,11.4,0.0,0,0,,
2024-10-08,21:00,17.6,16.1,93.0,SSE,3.2,12.9,1014.02,11.4,0.0,0,0,,
2024-10-08,21:15,17.6,16.1,93.0,SOUTH,6.4,11.3,1013.95,11.4,0.0,0,0,,
2024-10-08,21:30,17.6,16.1,93.0,SW,4.8,6.4,1013.99,11.4,0.0,0,0,,
2024-10-08,21:45,17.2,15.6,92.0,NORTH,0.0,6.4,1014.02,11.4,0.0,0,0,,
2024-10-08,22:00,17.0,15.6,92.0,NORTH,0.0,3.2,1014.12,11.4,0.0,0,0,,
2024-10-08,22:15,16.8,15.6,92.0,SW,1.6,4.8,1014.19,11.4,0.0,0,0,,
2024-10-08,22:30,16.9,15.6,93.0,NORTH,0.0,3.2,1014.39,11.4,0.0,0,0,,
2024-10-08,22:45,16.9,15.6,93.0,NORTH,0.0,0.0,1014.26,11.4,0.0,0,0,,
2024-10-08,23:00,17.2,16.1,93.0,SSE,6.4,8.0,1014.43,11.4,0.0,0,0,,
2024-10-08,23:15,17.3,16.1,93.0,NORTH,0.0,9.7,1014.49,11.4,0.0,0,0,,
2024-10-08,23:30,17.3,16.1,93.0,SSE,1.6,3.2,1014.53,11.4,0.0,0,0,,
2024-10-08,23:45,17.4,16.1,93.0,SSE,1.6,4.8,1014.56,11.4,0.0,0,0,,
2024-10-09,00:00,17.3,16.1,93.0,SSE,4.8,4.8,1014.7,0.0,0.0,0,0,,
2024-10-09,00:15,17.6,16.1,93.0,SSE,4.8,6.4,1014.7,0.0,0.0,0,0,,
2024-10-09,00:30,17.6,16.1,93.0,SSE,4.8,8.0,1014.73,0.0,0.0,0,0,,
2024-10-09,00:45,17.6,16.1,93.0,SE,6.4,8.0,1014.77,0.0,0.0,0,0,,
2024-10-09,01:00,17.3,16.1,93.0,NORTH,0.0,8.0,1014.8,0.0,0.0,0,0,,
2024-10-09,01:15,17.4,16.1,93.0,SE,6.4,12.9,1014.6,0.2,0.2,0,0,,
2024-10-09,08:30,17.0,15.6,92.0,SSE,3.2,9.7,1013.48,0.2,0.0,0,37,,
2024-10-09,08:45,17.1,15.6,91.0,SSE,8.0,11.3,1013.58,0.2,0.0,0,70,,
2024-10-09,09:00,17.4,15.6,90.0,SE,8.0,11.3,1013.48,0.2,0.0,0,63,,
2024-10-09,09:15,17.6,15.6,89.0,SE,6.4,11.3,1013.38,0.2,0.0,0,62,,
2024-10-09,09:30,18.0,15.6,88.0,SE,6.4,14.5,1013.48,0.2,0.0,1,287,,
2024-10-09,09:45,18.6,16.1,86.0,SE,4.8,11.3,1013.48,0.2,0.0,1,360,,
2024-10-09,10:00,19.1,16.1,84.0,SE,3.2,12.9,1013.41,0.2,0.0,2,427,,
2024-10-09,10:15,19.7,16.1,82.0,SSE,4.8,11.3,1013.31,0.2,0.0,1,246,,
2024-10-09,10:30,19.6,16.1,81.0,SSE,8.0,14.5,1013.41,0.2,0.0,2,589,,
2024-10-09,10:45,20.1,16.7,81.0,SSE,11.3,12.9,1013.51,0.2,0.0,3,592,,
2024-10-09,11:00,20.3,16.1,78.0,ESE,6.4,11.3,1013.58,0.2,0.0,3,589,,
2024-10-09,11:15,20.6,16.7,78.0,SE,12.9,14.5,1013.58,0.2,0.0,3,608,,
2024-10-09,11:30,20.6,16.1,76.0,SE,8.0,16.1,1013.51,0.2,0.0,4,645,,
2024-10-09,11:45,21.0,16.1,74.0,SSE,11.3,12.9,1013.58,0.2,0.0,4,619,,
2024-10-09,12:00,20.9,16.1,75.0,ESE,8.0,16.1,1013.61,0.2,0.0,4,729,,
2024-10-09,12:15,21.3,17.2,77.0,SE,11.3,19.3,1013.38,0.2,0.0,4,496,,
2024-10-09,12:30,21.2,16.7,77.0,SE,1.6,16.1,1013.14,0.2,0.0,3,454,,
2024-10-09,12:45,21.7,17.2,77.0,SSE,9.7,14.5,1013,0.2,0.0,4,851,,
2024-10-09,13:00,21.9,17.2,75.0,SSE,6.4,12.9,1012.67,0.2,0.0,3,777,,
2024-10-09,13:15,22.3,16.7,72.0,NORTH,0.0,9.7,1012.53,0.2,0.0,5,793,,
2024-10-09,13:30,22.6,17.2,72.0,SE,6.4,12.9,1012.36,0.2,0.0,3,408,,
2024-10-09,13:45,22.3,16.7,70.0,NORTH,0.0,12.9,1012.19,0.2,0.0,3,287,,
2024-10-09,14:00,23.2,16.7,67.0,SOUTH,4.8,20.9,1012.23,0.2,0.0,3,462,,
2024-10-09,14:15,23.0,15.6,64.0,WSW,8.0,14.5,1012.12,0.2,0.0,2,290,,
2024-10-09,14:30,23.0,15.6,64.0,WEST,17.7,20.9,1012.12,0.2,0.0,3,338,,
2024-10-09,14:45,23.2,16.1,66.0,WEST,14.5,20.9,1011.99,0.2,0.0,2,330,,
2024-10-09,15:00,23.3,16.1,65.0,ENE,4.8,22.5,1011.82,0.2,0.0,3,295,,
2024-10-09,15:15,23.3,17.2,68.0,SW,3.2,29.0,1011.58,0.2,0.0,2,441,,
2024-10-09,15:30,23.1,16.7,67.0,WSW,3.2,20.9,1011.79,0.2,0.0,2,218,,
2024-10-09,15:45,23.2,17.2,69.0,WNW,11.3,20.9,1011.99,0.2,0.0,3,543,,
2024-10-09,16:00,22.9,16.7,68.0,WNW,17.7,35.4,1011.79,0.2,0.0,2,496,,
2024-10-09,16:15,23.5,16.7,66.0,WEST,9.7,19.3,1011.58,0.2,0.0,2,570,,
2024-10-09,16:30,23.6,16.7,66.0,WEST,14.5,14.5,1011.38,0.2,0.0,2,431,,
2024-10-09,16:45,23.0,16.7,68.0,WNW,8.0,17.7,1011.38,0.2,0.0,1,195,,
2024-10-09,17:00,22.7,16.7,68.0,WEST,4.8,14.5,1011.07,0.2,0.0,1,218,,
2024-10-09,17:15,22.7,16.1,67.0,NORTH,0.0,6.4,1010.7,0.2,0.0,1,225,,
2024-10-09,17:30,22.4,16.1,67.0,WEST,6.4,9.7,1010.9,0.2,0.0,0,62,,
2024-10-09,17:45,22.2,16.1,69.0,NORTH,0.0,3.2,1010.57,0.2,0.0,0,53,,
2024-10-09,18:00,22.3,16.1,70.0,NORTH,0.0,1.6,1010.8,0.2,0.0,0,137,,
2024-10-09,18:15,22.3,16.1,67.0,SOUTH,3.2,6.4,1010.43,0.2,0.0,0,26,,
2024-10-09,18:30,21.7,16.1,70.0,SE,4.8,8.0,1010.26,0.2,0.0,0,12,,
2024-10-09,18:45,21.7,16.1,72.0,ESE,9.7,12.9,1009.92,0.2,0.0,0,9,,
2024-10-09,19:00,21.3,16.1,74.0,ESE,8.0,12.9,1010.06,0.2,0.0,0,0,,
2024-10-09,19:15,20.8,15.6,73.0,ESE,11.3,19.3,1010.06,0.2,0.0,0,0,,
2024-10-09,19:30,20.6,15.6,73.0,ESE,6.4,16.1,1009.99,0.2,0.0,0,0,,
2024-10-09,19:45,20.5,15.6,74.0,ESE,14.5,20.9,1010.13,0.2,0.0,0,0,,
2024-10-09,20:00,20.4,15.6,75.0,SE,11.3,19.3,1010.46,0.2,0.0,0,0,,
2024-10-09,20:15,20.3,16.1,76.0,ESE,11.3,24.1,1010.33,0.2,0.0,0,0,,
2024-10-09,20:30,20.2,16.1,77.0,SE,16.1,25.7,1010.06,0.2,0.0,0,0,,
2024-10-09,20:45,20.1,16.1,78.0,ESE,12.9,27.4,1010.16,0.2,0.0,0,0,,
2024-10-09,21:00,19.8,16.1,79.0,SE,14.5,24.1,1010.16,0.2,0.0,0,0,,
2024-10-09,21:15,19.8,16.1,81.0,ESE,9.7,24.1,1010.33,0.2,0.0,0,0,,
2024-10-09,21:30,19.8,16.7,82.0,ESE,14.5,20.9,1010.23,0.2,0.0,0,0,,
2024-10-09,21:45,19.6,16.7,84.0,SE,8.0,22.5,1010.5,0.2,0.0,0,0,,
2024-10-09,22:00,19.3,16.7,85.0,SE,20.9,20.9,1010.33,0.2,0.0,0,0,,
2024-10-09,22:15,19.3,16.7,86.0,ESE,16.1,27.4,1010.19,0.2,0.0,0,0,,
2024-10-09,22:30,19.3,16.7,87.0,ESE,12.9,24.1,1010.33,0.2,0.0,0,0,,
2024-10-09,22:45,19.1,16.7,87.0,ESE,16.1,22.5,1010.26,0.2,0.0,0,0,,
2024-10-09,23:00,19.0,16.7,87.0,SE,16.1,27.4,1009.99,0.2,0.0,0,0,,
2024-10-09,23:15,19.2,16.7,87.0,ESE,14.5,24.1,1009.96,0.2,0.0,0,0,,
2024-10-09,23:30,19.2,16.7,87.0,ESE,19.3,24.1,1009.92,0.2,0.0,0,0,,
2024-10-09,23:45,19.2,16.7,87.0,SE,20.9,22.5,1009.89,0.2,0.0,0,0,,
2024-10-10,00:00,19.2,16.7,88.0,SE,14.5,25.7,1009.85,0.0,0.0,0,0,,
2024-10-10,00:15,19.2,17.2,88.0,SE,20.9,29.0,1009.62,0.0,0.0,0,0,,
2024-10-10,00:30,19.0,17.2,89.0,ESE,20.9,27.4,1009.58,0.0,0.0,0,0,,
2024-10-10,00:45,18.8,16.7,89.0,SE,14.5,25.7,1009.38,0.0,0.0,0,0,,
2024-10-10,01:00,18.9,16.7,89.0,SE,14.5,25.7,1009.41,0.0,0.0,0,0,,
2024-10-10,01:15,18.9,17.2,89.0,SE,16.1,24.1,1009.31,0.0,0.0,0,0,,
2024-10-10,01:30,18.8,16.7,89.0,SE,17.7,29.0,1009.45,0.0,0.0,0,0,,
2024-10-10,01:45,18.7,16.7,89.0,ESE,16.1,24.1,1009.38,0.0,0.0,0,0,,
2024-10-10,02:00,18.6,16.7,89.0,SE,12.9,20.9,1009.38,0.0,0.0,0,0,,
2024-10-10,02:15,18.7,16.7,89.0,SE,16.1,24.1,1009.08,0.0,0.0,0,0,,
2024-10-10,02:30,18.7,16.7,88.0,SE,12.9,24.1,1009.28,0.0,0.0,0,0,,
2024-10-10,02:45,18.8,16.7,87.0,ESE,17.7,20.9,1008.84,0.0,0.0,0,0,,
2024-10-10,03:00,18.8,16.1,86.0,SE,16.1,22.5,1008.67,0.0,0.0,0,0,,
2024-10-10,03:15,18.8,16.1,85.0,ESE,17.7,20.9,1008.47,0.0,0.0,0,0,,
2024-10-10,03:30,18.9,15.6,81.0,ESE,16.1,20.9,1008.23,0.0,0.0,0,0,,
2024-10-10,03:45,19.1,15.6,81.0,ESE,12.9,17.7,1008.06,0.0,0.0,0,0,,
2024-10-10,04:00,19.3,15.6,79.0,ESE,9.7,14.5,1007.86,0.0,0.0,0,0,,
2024-10-10,04:15,19.5,14.4,74.0,SE,4.8,17.7,1007.82,0.0,0.0,0,0,,
2024-10-10,04:30,19.3,15.0,77.0,NE,6.4,8.0,1007.92,0.0,0.0,0,0,,
2024-10-10,04:45,18.8,15.0,79.0,ENE,6.4,6.4,1007.89,0.0,0.0,0,0,,
2024-10-10,05:00,17.9,14.4,80.0,ESE,8.0,6.4,1007.69,0.0,0.0,0,0,,
2024-10-10,05:15,18.2,13.9,77.0,ESE,4.8,6.4,1007.86,0.0,0.0,0,0,,
2024-10-10,05:30,18.4,13.9,75.0,SE,4.8,9.7,1007.55,0.0,0.0,0,0,,
2024-10-10,05:45,18.6,13.3,74.0,ESE,1.6,9.7,1007.55,0.0,0.0,0,0,,
2024-10-10,06:00,18.7,13.3,73.0,ESE,3.2,6.4,1007.69,0.0,0.0,0,0,,
2024-10-10,06:15,19.0,13.3,72.0,ESE,4.8,6.4,1007.45,0.0,0.0,0,0,,
2024-10-10,06:30,19.2,13.9,72.0,ENE,3.2,8.0,1007.45,0.0,0.0,0,0,,
2024-10-10,06:45,19.9,15.0,73.0,SW,1.6,12.9,1007.48,0.0,0.0,0,0,,
2024-10-10,07:00,20.3,15.0,73.0,NORTH,0.0,12.9,1007.59,0.0,0.0,0,0,,
2024-10-10,07:15,20.4,15.6,74.0,SSW,4.8,9.7,1007.48,0.0,0.0,0,0,,
2024-10-10,07:30,20.9,16.1,76.0,SSW,6.4,16.1,1007.48,0.0,0.0,0,0,,
2024-10-10,07:45,21.0,16.7,76.0,SSW,1.6,14.5,1007.42,0.0,0.0,0,0,,
2024-10-10,08:00,21.1,16.7,77.0,SW,3.2,14.5,1007.69,0.0,0.0,0,14,,
2024-10-10,08:15,21.2,17.2,78.0,WSW,1.6,19.3,1007.62,0.0,0.0,0,33,,
2024-10-10,08:30,21.3,17.2,79.0,NORTH,8.0,17.7,1007.48,0.0,0.0,0,69,,
2024-10-10,08:45,21.3,17.8,80.0,WSW,6.4,11.3,1007.55,0.0,0.0,0,125,,
2024-10-10,09:00,21.4,17.8,81.0,WSW,3.2,20.9,1007.76,0.0,0.0,0,113,,
2024-10-10,09:15,21.4,17.8,82.0,WSW,1.6,16.1,1007.86,0.0,0.0,0,102,,
2024-10-10,09:30,21.6,18.3,83.0,WSW,11.3,29.0,1007.79,0.0,0.0,1,185,,
2024-10-10,09:45,21.7,18.3,83.0,SW,4.8,25.7,1007.96,0.0,0.0,1,160,,
2024-10-10,10:00,21.9,18.9,83.0,SW,4.8,19.3,1007.79,0.0,0.0,1,255,,
2024-10-10,10:15,22.2,18.9,82.0,WSW,14.5,32.2,1007.96,0.0,0.0,1,186,,
2024-10-10,10:30,21.9,18.9,83.0,SSW,8.0,22.5,1008.03,0.0,0.0,1,199,,
2024-10-10,10:45,21.8,18.9,83.0,SW,8.0,29.0,1008.23,0.0,0.0,2,221,,
2024-10-10,11:00,22.1,18.9,83.0,SW,6.4,29.0,1008.23,0.0,0.0,1,162,,
2024-10-10,11:15,22.1,18.9,82.0,SSW,3.2,22.5,1008.67,0.0,0.0,2,248,,
2024-10-10,11:30,22.7,18.9,81.0,WSW,12.9,20.9,1008.7,0.0,0.0,3,512,,
2024-10-10,11:45,22.9,19.4,82.0,WSW,3.2,17.7,1008.7,0.0,0.0,4,670,,
2024-10-10,12:00,22.6,18.9,81.0,WSW,11.3,22.5,1008.64,0.0,0.0,2,202,,
2024-10-10,12:15,23.3,19.4,81.0,SW,12.9,16.1,1008.6,0.0,0.0,5,782,,
2024-10-10,12:30,23.5,19.4,80.0,,14.5,29.0,1008.47,0.0,0.0,3,250,,
2024-10-10,12:45,23.2,19.4,80.0,WNW,22.5,25.7,1008.6,0.0,0.0,2,346,,
2024-10-10,13:00,23.2,19.4,79.0,WEST,12.9,25.7,1008.81,0.0,0.0,1,132,,
2024-10-10,13:15,22.8,19.4,81.0,WNW,16.1,32.2,1008.81,0.0,0.0,3,209,,
2024-10-10,13:30,23.4,20.0,81.0,WNW,20.9,32.2,1008.74,0.0,0.0,4,348,,
2024-10-10,13:45,23.1,19.4,80.0,WNW,17.7,38.6,1008.64,0.0,0.0,3,179,,
2024-10-10,14:00,23.6,20.0,80.0,WNW,12.9,38.6,1008.7,0.0,0.0,3,534,,
2024-10-10,14:15,23.6,19.4,79.0,WNW,22.5,37.0,1008.74,0.0,0.0,3,605,,
2024-10-10,14:30,22.9,19.4,81.0,WNW,20.9,40.2,1008.77,0.0,0.0,2,181,,
2024-10-10,14:45,22.4,19.4,83.0,WEST,22.5,45.1,1008.84,0.0,0.0,1,192,,
2024-10-10,15:00,22.2,18.9,82.0,NE,17.7,41.8,1008.94,0.0,0.0,1,128,,
2024-10-10,15:15,22.1,18.9,84.0,WEST,27.4,40.2,1009.14,0.0,0.0,3,652,,
2024-10-10,15:30,22.1,18.9,83.0,WNW,24.1,43.5,1009.28,0.0,0.0,3,527,,
2024-10-10,15:45,21.4,18.3,83.0,WNW,17.7,45.1,1009.48,0.0,0.0,2,144,,
2024-10-10,16:00,21.2,17.8,82.0,WEST,30.6,41.8,1009.55,0.0,0.0,1,225,,
2024-10-10,16:15,20.6,17.2,83.0,NW,24.1,40.2,1009.58,0.0,0.0,1,232,,
2024-10-10,16:30,20.4,17.2,84.0,WEST,20.9,38.6,1009.72,0.0,0.0,1,213,,
2024-10-10,16:45,20.1,16.7,83.0,WNW,29.0,40.2,1009.82,0.0,0.0,1,290,,
2024-10-10,17:00,19.8,16.7,83.0,WNW,25.7,43.5,1009.92,0.0,0.0,1,153,,
2024-10-10,17:15,19.6,16.7,83.0,WNW,19.3,37.0,1010.13,0.0,0.0,0,267,,
2024-10-10,17:30,19.3,16.1,82.0,WNW,24.1,40.2,1010.23,0.0,0.0,0,197,,
2024-10-10,17:45,19.2,15.6,82.0,WNW,24.1,40.2,1010.43,0.0,0.0,0,53,,
2024-10-10,18:00,18.8,15.0,80.0,WNW,19.3,35.4,1010.46,0.0,0.0,0,56,,
2024-10-10,18:15,18.7,15.0,79.0,WNW,30.6,37.0,1010.7,0.0,0.0,0,63,,
2024-10-10,18:30,18.4,15.0,80.0,NW,17.7,35.4,1011.01,0.0,0.0,0,18,,
2024-10-10,18:45,18.4,15.0,82.0,WNW,17.7,33.8,1011.07,0.0,0.0,0,0,,
2024-10-10,19:00,18.1,15.0,83.0,WEST,29.0,38.6,1011.41,0.0,0.0,0,0,,
2024-10-10,19:15,17.8,14.4,83.0,WEST,14.5,33.8,1011.45,0.0,0.0,0,0,,
2024-10-10,19:30,17.4,14.4,83.0,WNW,16.1,27.4,1011.45,0.0,0.0,0,0,,
2024-10-10,19:45,17.2,14.4,84.0,WEST,14.5,24.1,1011.62,0.0,0.0,0,0,,
2024-10-10,20:00,17.1,14.4,84.0,WEST,16.1,27.4,1011.58,0.0,0.0,0,0,,
2024-10-10,20:15,16.9,14.4,85.0,WEST,25.7,25.7,1011.62,0.0,0.0,0,0,,
2024-10-10,20:30,16.8,14.4,86.0,WNW,19.3,20.9,1011.89,0.0,0.0,0,0,,
2024-10-10,20:45,16.7,14.4,86.0,WEST,22.5,25.7,1012.09,0.0,0.0,0,0,,
2024-10-10,21:00,16.7,14.4,87.0,WNW,19.3,25.7,1012.26,0.0,0.0,0,0,,
2024-10-10,21:15,16.8,14.4,87.0,WNW,20.9,25.7,1012.5,0.0,0.0,0,0,,
2024-10-10,21:30,16.7,14.4,87.0,WEST,12.9,25.7,1012.5,0.0,0.0,0,0,,
2024-10-10,21:45,16.7,14.4,88.0,WNW,19.3,24.1,1012.8,0.0,0.0,0,0,,
2024-10-10,22:00,16.7,14.4,88.0,WNW,16.1,30.6,1013.14,0.0,0.0,0,0,,
2024-10-10,22:15,16.7,14.4,88.0,WEST,17.7,33.8,1013.11,0.0,0.0,0,0,,
2024-10-10,22:30,16.6,14.4,88.0,WEST,19.3,30.6,1013.41,0.0,0.0,0,0,,
2024-10-10,22:45,16.6,14.4,88.0,WEST,11.3,24.1,1013.44,0.0,0.0,0,0,,
2024-10-10,23:00,16.5,14.4,89.0,WNW,16.1,20.9,1013.48,0.0,0.0,0,0,,
2024-10-10,23:15,16.4,14.4,89.0,WNW,14.5,19.3,1013.61,0.0,0.0,0,0,,
2024-10-10,23:30,16.3,14.4,89.0,WEST,19.3,24.1,1013.75,0.0,0.0,0,0,,
2024-10-10,23:45,16.3,14.4,89.0,WEST,19.3,27.4,1013.72,0.0,0.0,0,0,,
2024-10-11,00:00,16.4,14.4,88.0,WEST,22.5,32.2,1013.82,0.0,0.0,0,0,,
2024-10-11,00:15,16.4,14.4,88.0,WNW,19.3,27.4,1013.68,0.0,0.0,0,0,,
2024-10-11,00:30,16.3,14.4,88.0,WNW,16.1,24.1,1013.61,0.0,0.0,0,0,,
2024-10-11,00:45,16.1,13.9,89.0,WNW,14.5,25.7,1013.51,0.0,0.0,0,0,,
2024-10-11,01:00,15.9,13.9,89.0,WEST,17.7,25.7,1013.55,0.0,0.0,0,0,,
2024-10-11,01:15,15.7,13.9,89.0,WNW,4.8,19.3,1013.55,0.0,0.0,0,0,,
2024-10-11,01:30,15.6,13.3,88.0,WNW,11.3,19.3,1013.75,0.0,0.0,0,0,,
2024-10-11,01:45,15.4,13.3,88.0,WNW,12.9,16.1,1013.51,0.0,0.0,0,0,,
2024-10-11,02:00,15.5,13.3,88.0,WEST,6.4,19.3,1013.61,0.0,0.0,0,0,,
2024-10-11,02:15,15.4,13.3,88.0,WEST,9.7,16.1,1013.55,0.0,0.0,0,0,,
2024-10-11,02:30,15.4,13.3,88.0,WEST,12.9,22.5,1013.41,0.0,0.0,0,0,,
2024-10-11,02:45,15.4,13.3,88.0,WEST,11.3,17.7,1013.44,0.0,0.0,0,0,,
2024-10-11,03:00,15.7,13.3,88.0,WNW,14.5,25.7,1013.38,0.0,0.0,0,0,,
2024-10-11,03:15,16.1,13.9,87.0,WNW,16.1,33.8,1013.38,0.0,0.0,0,0,,
2024-10-11,03:30,16.3,13.9,86.0,NW,20.9,25.7,1013.11,0.0,0.0,0,0,,
2024-10-11,03:45,16.6,13.9,84.0,WNW,16.1,30.6,1013.17,0.0,0.0,0,0,,
2024-10-11,04:00,16.6,13.9,84.0,WEST,9.7,22.5,1013.41,0.0,0.0,0,0,,
2024-10-11,04:15,16.4,13.3,84.0,WNW,22.5,24.1,1013.58,0.0,0.0,0,0,,
2024-10-11,04:30,16.3,13.3,84.0,WEST,12.9,30.6,1013.41,0.0,0.0,0,0,,
2024-10-11,04:45,16.2,13.3,84.0,WNW,12.9,29.0,1013.34,0.0,0.0,0,0,,
2024-10-11,05:00,16.4,13.3,83.0,WNW,24.1,43.5,1013.48,0.0,0.0,0,0,,
2024-10-11,05:15,16.7,13.9,83.0,WNW,20.9,33.8,1013.58,0.0,0.0,0,0,,
2024-10-11,05:30,16.6,13.3,82.0,WNW,14.5,25.7,1013.48,0.0,0.0,0,0,,
2024-10-11,05:45,16.4,12.8,81.0,WNW,12.9,24.1,1013.44,0.0,0.0,0,0,,
2024-10-11,06:00,16.4,12.8,80.0,WNW,27.4,32.2,1013.61,0.0,0.0,0,0,,
2024-10-11,06:15,16.6,12.2,78.0,WNW,27.4,38.6,1013.48,0.0,0.0,0,0,,
2024-10-11,06:30,16.6,12.2,77.0,NW,17.7,33.8,1013.68,0.0,0.0,0,0,,
2024-10-11,06:45,16.7,12.8,78.0,WNW,19.3,32.2,1013.85,0.0,0.0,0,0,,
2024-10-11,07:00,16.6,12.8,78.0,WNW,14.5,37.0,1013.88,0.0,0.0,0,0,,
2024-10-11,07:15,16.4,12.8,78.0,WNW,14.5,25.7,1013.88,0.0,0.0,0,0,,
2024-10-11,07:30,16.4,12.8,78.0,WNW,11.3,35.4,1013.99,0.0,0.0,0,0,,
2024-10-11,07:45,16.3,12.2,79.0,WNW,11.3,19.3,1014.36,0.0,0.0,0,18,,
2024-10-11,08:00,16.2,12.2,79.0,NNW,3.2,19.3,1014.36,0.0,0.0,0,23,,
2024-10-11,08:15,16.1,12.2,80.0,NNW,6.4,9.7,1014.66,0.0,0.0,0,51,,
2024-10-11,08:30,16.1,12.8,80.0,NW,6.4,9.7,1014.83,0.0,0.0,0,95,,
2024-10-11,08:45,16.3,12.8,81.0,NNW,4.8,11.3,1015.17,0.0,0.0,0,185,,
2024-10-11,09:00,16.6,13.3,81.0,NNW,4.8,9.7,1015.21,0.0,0.0,0,237,,
2024-10-11,09:15,16.8,13.3,81.0,NW,6.4,12.9,1015.41,0.0,0.0,1,165,,
2024-10-11,09:30,17.2,13.3,80.0,WNW,3.2,8.0,1015.54,0.0,0.0,1,388,,
2024-10-11,09:45,17.4,13.9,80.0,WEST,9.7,17.7,1015.68,0.0,0.0,1,137,,
2024-10-11,10:00,17.5,13.9,81.0,NW,4.8,16.1,1015.95,0.0,0.0,1,320,,
2024-10-11,10:15,17.7,13.9,80.0,WNW,12.9,17.7,1016.05,0.0,0.0,1,181,,
2024-10-11,10:30,18.1,14.4,80.0,SW,1.6,17.7,1015.95,0.0,0.0,2,589,,
2024-10-11,10:45,18.4,14.4,78.0,WEST,9.7,20.9,1016.15,0.0,0.0,2,689,,
2024-10-11,11:00,18.4,13.9,76.0,NW,19.3,22.5,1016.09,0.0,0.0,2,204,,
2024-10-11,11:15,18.7,13.9,75.0,WEST,11.3,19.3,1016.02,0.0,0.0,2,160,,
2024-10-11,11:30,19.2,13.9,71.0,WEST,16.1,20.9,1016.09,0.0,0.0,2,731,,
2024-10-11,11:45,19.5,13.9,70.0,WSW,6.4,30.6,1016.36,0.0,0.0,4,726,,
2024-10-11,12:00,19.3,12.8,67.0,WNW,24.1,37.0,1016.53,0.0,0.0,4,114,,
2024-10-11,12:15,19.9,13.3,66.0,WNW,17.7,29.0,1016.49,0.0,0.0,2,737,,
2024-10-11,12:30,19.9,13.3,67.0,WNW,12.9,25.7,1016.39,0.0,0.0,4,712,,
2024-10-11,12:45,20.3,13.3,65.0,WEST,9.7,25.7,1016.15,0.0,0.0,4,731,,
2024-10-11,13:00,20.3,13.3,64.0,WNW,14.5,29.0,1016.42,0.0,0.0,4,728,,
2024-10-11,13:15,20.6,12.8,62.0,NNW,9.7,32.2,1016.59,0.0,0.0,4,707,,
2024-10-11,13:30,20.6,12.8,62.0,NW,12.9,24.1,1016.53,0.0,0.0,4,701,,
2024-10-11,13:45,20.9,13.3,61.0,WEST,25.7,29.0,1016.36,0.0,0.0,4,691,,
2024-10-11,14:00,20.8,12.2,58.0,WEST,12.9,29.0,1016.09,0.0,0.0,4,682,,
2024-10-11,14:15,21.1,12.2,56.0,WNW,17.7,25.7,1015.95,0.0,0.0,4,664,,
2024-10-11,14:30,21.3,11.7,54.0,WEST,14.5,29.0,1015.95,0.0,0.0,4,642,,
2024-10-11,14:45,21.3,11.7,55.0,WNW,11.3,27.4,1015.98,0.0,0.0,3,626,,
2024-10-11,15:00,21.3,11.7,54.0,WNW,16.1,29.0,1015.98,0.0,0.0,3,598,,
2024-10-11,15:15,21.3,11.1,53.0,WNW,11.3,29.0,1015.88,0.0,0.0,3,566,,
2024-10-11,15:30,21.3,9.4,48.0,WNW,27.4,33.8,1016.15,0.0,0.0,3,540,,
2024-10-11,15:45,21.1,10.6,52.0,WEST,22.5,41.8,1015.95,0.0,0.0,2,501,,
2024-10-11,16:00,21.2,11.1,54.0,WNW,11.3,32.2,1015.98,0.0,0.0,2,468,,
2024-10-11,16:15,20.7,11.7,57.0,WNW,22.5,37.0,1016.05,0.0,0.0,2,439,,
2024-10-11,16:30,20.4,12.2,59.0,NW,17.7,37.0,1016.05,0.0,0.0,1,279,,
2024-10-11,16:45,20.2,12.2,61.0,WNW,16.1,37.0,1016.22,0.0,0.0,1,385,,
2024-10-11,17:00,20.0,12.2,62.0,WEST,27.4,37.0,1016.32,0.0,0.0,1,193,,
2024-10-11,17:15,19.8,13.3,66.0,WNW,19.3,35.4,1016.12,0.0,0.0,1,301,,
2024-10-11,17:30,19.6,13.3,68.0,WEST,19.3,41.8,1016.56,0.0,0.0,0,192,,
2024-10-11,17:45,19.2,13.3,69.0,WEST,22.5,35.4,1016.22,0.0,0.0,0,130,,
2024-10-11,18:00,19.1,13.3,70.0,WEST,16.1,35.4,1016.39,0.0,0.0,0,81,,
2024-10-11,18:15,18.7,13.3,71.0,WNW,12.9,27.4,1016.42,0.0,0.0,0,39,,
2024-10-11,18:30,18.6,13.3,72.0,WNW,11.3,29.0,1016.73,0.0,0.0,0,12,,
2024-10-11,18:45,18.2,13.3,74.0,WEST,11.3,22.5,1017.03,0.0,0.0,0,0,,
2024-10-11,19:00,17.9,13.3,75.0,WEST,17.7,19.3,1017.2,0.0,0.0,0,0,,
2024-10-11,19:15,17.7,13.3,77.0,WNW,14.5,24.1,1017.2,0.0,0.0,0,0,,
2024-10-11,19:30,17.4,13.3,79.0,WEST,17.7,22.5,1017.41,0.0,0.0,0,0,,
2024-10-11,19:45,17.3,13.9,81.0,WNW,12.9,20.9,1017.44,0.0,0.0,0,0,,
2024-10-11,20:00,17.2,13.9,82.0,WNW,11.3,19.3,1017.51,0.0,0.0,0,0,,
2024-10-11,20:15,17.2,13.9,82.0,WNW,6.4,16.1,1017.54,0.0,0.0,0,0,,
2024-10-11,20:30,17.0,13.9,83.0,NW,12.9,17.7,1017.44,0.0,0.0,0,0,,
2024-10-11,20:45,17.0,13.9,82.0,WNW,8.0,17.7,1017.31,0.0,0.0,0,0,,
2024-10-11,21:00,16.9,13.9,83.0,NW,8.0,14.5,1017.61,0.0,0.0,0,0,,
2024-10-11,21:15,16.7,13.9,83.0,NNW,1.6,6.4,1017.75,0.0,0.0,0,0,,
2024-10-11,21:30,16.7,13.3,83.0,NNW,3.2,4.8,1017.75,0.0,0.0,0,0,,
2024-10-11,21:45,16.6,13.3,83.0,WNW,6.4,11.3,1017.78,0.0,0.0,0,0,,
2024-10-11,22:00,16.6,13.3,82.0,WEST,11.3,17.7,1017.85,0.0,0.0,0,0,,
2024-10-11,22:15,16.7,13.3,82.0,WNW,12.9,17.7,1017.44,0.0,0.0,0,0,,
2024-10-11,22:30,16.7,13.3,81.0,WEST,16.1,19.3,1017.44,0.0,0.0,0,0,,
2024-10-11,22:45,16.7,13.3,81.0,WEST,14.5,22.5,1017.61,0.0,0.0,0,0,,
2024-10-11,23:00,16.6,13.3,82.0,WNW,11.3,25.7,1017.78,0.0,0.0,0,0,,
2024-10-11,23:15,16.5,13.3,82.0,NW,8.0,22.5,1017.78,0.0,0.0,0,0,,
2024-10-11,23:30,16.3,12.8,82.0,NW,1.6,14.5,1017.88,0.0,0.0,0,0,,
2024-10-11,23:45,16.1,12.8,82.0,WNW,6.4,11.3,1017.91,0.0,0.0,0,0,,
2024-10-12,00:00,15.7,12.8,83.0,,1.6,14.5,1018.22,0.0,0.0,0,0,,
2024-10-12,00:15,15.2,12.2,84.0,NNE,3.2,4.8,1018.22,0.0,0.0,0,0,,
2024-10-12,00:30,14.9,12.2,85.0,NE,1.6,6.4,1018.15,0.0,0.0,0,0,,
2024-10-12,00:45,14.7,12.2,85.0,NE,6.4,6.4,1018.19,0.0,0.0,0,0,,
2024-10-12,01:00,14.4,11.7,86.0,ESE,1.6,9.7,1017.98,0.0,0.0,0,0,,
2024-10-12,01:15,14.2,11.7,86.0,ESE,3.2,4.8,1017.81,0.0,0.0,0,0,,
2024-10-12,01:30,14.3,11.7,87.0,ESE,3.2,4.8,1017.75,0.0,0.0,0,0,,
2024-10-12,01:45,14.5,12.2,87.0,ESE,3.2,6.4,1017.78,0.0,0.0,0,0,,
2024-10-12,02:00,14.6,12.2,86.0,NORTH,0.0,3.2,1017.85,0.0,0.0,0,0,,
2024-10-12,02:15,14.6,12.2,86.0,ESE,1.6,3.2,1017.75,0.0,0.0,0,0,,
2024-10-12,02:30,14.5,12.2,86.0,NORTH,0.0,4.8,1017.91,0.0,0.0,0,0,,
2024-10-12,02:45,14.2,11.7,86.0,NORTH,0.0,0.0,1018.05,0.0,0.0,0,0,,
2024-10-12,03:00,14.1,11.7,86.0,ESE,1.6,4.8,1017.91,0.0,0.0,0,0,,
2024-10-12,03:15,13.7,11.1,86.0,ESE,3.2,4.8,1017.95,0.0,0.0,0,0,,
2024-10-12,03:30,13.3,10.6,85.0,ESE,3.2,3.2,1017.64,0.0,0.0,0,0,,
2024-10-12,03:45,13.3,10.6,83.0,ESE,1.6,4.8,1017.64,0.0,0.0,0,0,,
2024-10-12,04:00,13.5,10.0,82.0,ESE,1.6,4.8,1017.31,0.0,0.0,0,0,,
2024-10-12,04:15,13.4,10.0,80.0,ESE,3.2,4.8,1017.51,0.0,0.0,0,0,,
2024-10-12,04:30,13.1,9.4,80.0,SE,4.8,9.7,1017.51,0.0,0.0,0,0,,
2024-10-12,04:45,12.8,9.4,81.0,SE,1.6,3.2,1017.51,0.0,0.0,0,0,,
2024-10-12,05:00,13.1,10.0,82.0,SE,3.2,4.8,1017.51,0.0,0.0,0,0,,
2024-10-12,05:15,13.1,10.0,82.0,SE,1.6,6.4,1017.68,0.0,0.0,0,0,,
2024-10-12,05:30,12.9,10.0,83.0,SE,3.2,3.2,1017.71,0.0,0.0,0,0,,
2024-10-12,05:45,12.9,10.0,84.0,SE,4.8,4.8,1017.85,0.0,0.0,0,0,,
2024-10-12,06:00,12.7,10.0,84.0,SE,3.2,4.8,1017.58,0.0,0.0,0,0,,
2024-10-12,06:15,12.7,10.0,85.0,SE,4.8,4.8,1017.61,0.0,0.0,0,0,,
2024-10-12,06:30,12.7,10.0,85.0,SE,4.8,6.4,1017.58,0.0,0.0,0,0,,
2024-10-12,06:45,12.4,10.0,85.0,SE,1.6,6.4,1017.68,0.0,0.0,0,0,,
2024-10-12,07:00,12.3,9.4,85.0,SE,1.6,4.8,1017.61,0.0,0.0,0,0,,
2024-10-12,07:15,12.3,9.4,85.0,NORTH,0.0,3.2,1017.78,0.0,0.0,0,0,,
2024-10-12,07:30,12.3,9.4,84.0,SE,1.6,4.8,1017.75,0.0,0.0,0,0,,
2024-10-12,07:45,12.3,9.4,84.0,SE,1.6,3.2,1018.02,0.0,0.0,0,14,,
2024-10-12,08:00,12.7,9.4,82.0,SE,3.2,4.8,1017.95,0.0,0.0,0,40,,
2024-10-12,08:15,14.1,10.6,79.0,SE,3.2,4.8,1017.91,0.0,0.0,0,90,,
2024-10-12,08:30,14.6,10.0,75.0,ESE,3.2,3.2,1018.22,0.0,0.0,0,132,,
2024-10-12,08:45,14.9,10.0,74.0,ESE,1.6,6.4,1018.46,0.0,0.0,0,149,,
2024-10-12,09:00,15.4,11.1,77.0,NORTH,0.0,3.2,1018.63,0.0,0.0,0,199,,
2024-10-12,09:15,16.2,11.7,76.0,NORTH,0.0,1.6,1018.66,0.0,0.0,1,258,,
2024-10-12,09:30,16.6,11.7,73.0,ESE,3.2,3.2,1018.93,0.0,0.0,1,246,,
2024-10-12,09:45,16.5,11.7,74.0,NORTH,0.0,3.2,1019.17,0.0,0.0,1,355,,
2024-10-12,10:00,17.4,11.1,68.0,ESE,1.6,4.8,1019.2,0.0,0.0,2,462,,
2024-10-12,10:15,18.3,11.1,64.0,ENE,1.6,6.4,1019.2,0.0,0.0,2,483,,
2024-10-12,10:30,18.9,11.1,60.0,ESE,3.2,8.0,1019.13,0.0,0.0,2,450,,
2024-10-12,10:45,19.3,10.0,55.0,ESE,3.2,9.7,1019.1,0.0,0.0,2,548,,
2024-10-12,11:00,19.9,10.0,53.0,EAST,4.8,4.8,1019.3,0.0,0.0,3,475,,
2024-10-12,11:15,20.3,10.0,52.0,SSE,9.7,11.3,1019.3,0.0,0.0,3,487,,
2024-10-12,11:30,20.2,11.1,57.0,SSE,12.9,16.1,1019.13,0.0,0.0,3,584,,
2024-10-12,11:45,20.3,12.2,60.0,SE,3.2,16.1,1019.3,0.0,0.0,3,541,,
2024-10-12,12:00,20.7,12.8,60.0,SE,3.2,12.9,1019.17,0.0,0.0,4,677,,
2024-10-12,12:15,20.9,11.7,57.0,ESE,12.9,17.7,1018.93,0.0,0.0,4,686,,
2024-10-12,12:30,21.1,12.8,59.0,SSE,19.3,14.5,1019.1,0.0,0.0,4,691,,
2024-10-12,12:45,21.6,12.8,57.0,SE,1.6,16.1,1018.83,0.0,0.0,4,698,,
2024-10-12,13:00,22.1,11.1,50.0,SE,11.3,19.3,1018.66,0.0,0.0,4,696,,
2024-10-12,13:15,22.4,11.1,50.0,ESE,8.0,14.5,1018.63,0.0,0.0,4,698,,
2024-10-12,13:30,22.4,11.7,51.0,ESE,11.3,12.9,1018.22,0.0,0.0,4,698,,
2024-10-12,13:45,22.3,11.7,52.0,SE,1.6,17.7,1018.15,0.0,0.0,4,687,,
2024-10-12,14:00,22.4,11.1,48.0,SSE,8.0,19.3,1018.05,0.0,0.0,4,675,,
2024-10-12,14:15,23.0,11.7,49.0,SE,12.9,20.9,1018.25,0.0,0.0,4,663,,
2024-10-12,14:30,22.8,10.6,47.0,SSE,6.4,22.5,1018.19,0.0,0.0,4,638,,
2024-10-12,14:45,23.1,11.1,48.0,NNE,8.0,24.1,1018.22,0.0,0.0,3,617,,
2024-10-12,15:00,22.7,10.0,45.0,SE,12.9,22.5,1018.32,0.0,0.0,3,589,,
2024-10-12,15:15,22.6,12.2,53.0,SSE,4.8,16.1,1018.15,0.0,0.0,3,554,,
2024-10-12,15:30,22.9,12.2,52.0,SE,12.9,20.9,1018.05,0.0,0.0,3,526,,
2024-10-12,15:45,22.9,11.7,49.0,SSE,3.2,22.5,1018.19,0.0,0.0,2,489,,
2024-10-12,16:00,22.8,13.3,55.0,SE,16.1,22.5,1018.15,0.0,0.0,2,452,,
2024-10-12,16:15,22.6,13.3,57.0,SSE,11.3,25.7,1018.42,0.0,0.0,2,410,,
2024-10-12,16:30,22.3,13.9,59.0,SE,19.3,24.1,1018.35,0.0,0.0,1,369,,
2024-10-12,16:45,22.2,13.9,61.0,SE,22.5,25.7,1018.19,0.0,0.0,1,325,,
2024-10-12,17:00,22.1,14.4,63.0,SSE,20.9,24.1,1018.12,0.0,0.0,1,265,,
2024-10-12,17:15,21.8,13.9,62.0,SE,14.5,27.4,1018.29,0.0,0.0,1,230,,
2024-10-12,17:30,21.3,13.9,64.0,SE,14.5,24.1,1018.46,0.0,0.0,0,144,,
2024-10-12,17:45,21.0,14.4,67.0,SE,9.7,24.1,1018.39,0.0,0.0,0,105,,
2024-10-12,18:00,20.7,15.0,69.0,SE,16.1,24.1,1018.39,0.0,0.0,0,79,,
2024-10-12,18:15,20.2,15.0,72.0,SE,17.7,24.1,1018.29,0.0,0.0,0,47,,
2024-10-12,18:30,19.8,15.0,74.0,SE,19.3,25.7,1018.39,0.0,0.0,0,25,,
2024-10-12,18:45,19.6,15.0,77.0,SE,14.5,22.5,1018.86,0.0,0.0,0,7,,
2024-10-12,19:00,19.1,15.0,78.0,SE,9.7,20.9,1018.86,0.0,0.0,0,0,,
2024-10-12,19:15,18.6,15.0,79.0,SSE,11.3,19.3,1018.93,0.0,0.0,0,0,,
2024-10-12,19:30,18.4,15.0,80.0,SE,9.7,16.1,1019.2,0.0,0.0,0,0,,
2024-10-12,19:45,18.1,14.4,81.0,SE,12.9,14.5,1019.24,0.0,0.0,0,0,,
2024-10-12,20:00,18.1,15.0,82.0,ESE,16.1,14.5,1019.2,0.0,0.0,0,0,,
2024-10-12,20:15,18.2,15.0,83.0,ESE,16.1,19.3,1019.34,0.0,0.0,0,0,,
2024-10-12,20:30,18.0,15.0,84.0,ESE,12.9,20.9,1019.34,0.0,0.0,0,0,,
2024-10-12,20:45,17.9,15.0,84.0,SE,8.0,19.3,1019.3,0.0,0.0,0,0,,
2024-10-12,21:00,17.7,15.0,85.0,ESE,12.9,20.9,1019.47,0.0,0.0,0,0,,
2024-10-12,21:15,17.7,15.0,85.0,ESE,12.9,19.3,1019.44,0.0,0.0,0,0,,
2024-10-12,21:30,17.7,15.0,85.0,ESE,11.3,17.7,1019.64,0.0,0.0,0,0,,
2024-10-12,21:45,17.6,15.0,85.0,ESE,9.7,16.1,1019.78,0.0,0.0,0,0,,
2024-10-12,22:00,17.4,15.0,85.0,ESE,9.7,16.1,1019.74,0.0,0.0,0,0,,
2024-10-12,22:15,17.1,14.4,85.0,ESE,4.8,11.3,1019.88,0.0,0.0,0,0,,
2024-10-12,22:30,17.0,14.4,86.0,EAST,4.8,12.9,1020.08,0.0,0.0,0,0,,
2024-10-12,22:45,16.7,14.4,86.0,EAST,4.8,12.9,1019.91,0.0,0.0,0,0,,
2024-10-12,23:00,16.5,13.9,86.0,EAST,4.8,11.3,1019.91,0.0,0.0,0,0,,
2024-10-12,23:15,16.3,13.9,86.0,EAST,6.4,9.7,1019.81,0.0,0.0,0,0,,
2024-10-12,23:30,16.2,13.9,87.0,ESE,6.4,11.3,1019.81,0.0,0.0,0,0,,
2024-10-12,23:45,16.1,13.9,87.0,ESE,6.4,9.7,1019.78,0.0,0.0,0,0,,
2024-10-13,00:00,16.2,13.9,87.0,SE,6.4,12.9,1019.64,0.0,0.0,0,0,,
2024-10-13,00:15,16.4,13.9,87.0,ESE,6.4,12.9,1019.54,0.0,0.0,0,0,,
2024-10-13,00:30,16.6,13.9,87.0,ESE,6.4,16.1,1019.3,0.0,0.0,0,0,,
2024-10-13,00:45,16.6,13.9,86.0,ESE,9.7,14.5,1019.17,0.0,0.0,0,0,,
2024-10-13,01:00,16.4,13.9,86.0,ESE,9.7,16.1,1019.24,0.0,0.0,0,0,,
2024-10-13,01:15,16.4,13.9,86.0,ESE,9.7,11.3,1019.2,0.0,0.0,0,0,,
2024-10-13,01:30,16.4,13.9,87.0,ESE,4.8,12.9,1019.3,0.0,0.0,0,0,,
2024-10-13,01:45,16.9,14.4,88.0,ESE,6.4,20.9,1019.51,0.0,0.0,0,0,,
2024-10-13,02:00,17.1,15.0,88.0,ESE,12.9,19.3,1019.47,0.0,0.0,0,0,,
2024-10-13,02:15,17.0,15.0,88.0,ESE,11.3,17.7,1019.61,0.0,0.0,0,0,,
2024-10-13,02:30,16.7,14.4,88.0,ESE,11.3,14.5,1019.47,0.0,0.0,0,0,,
2024-10-13,02:45,16.7,14.4,88.0,ESE,4.8,17.7,1019.61,0.0,0.0,0,0,,
2024-10-13,03:00,16.2,13.9,88.0,ESE,9.7,11.3,1019.57,0.0,0.0,0,0,,
2024-10-13,03:15,16.3,13.9,88.0,EAST,4.8,11.3,1019.68,0.0,0.0,0,0,,
2024-10-13,03:30,16.0,13.9,88.0,ESE,9.7,12.9,1019.84,0.0,0.0,0,0,,
2024-10-13,03:45,16.1,13.9,88.0,ESE,9.7,12.9,1019.34,0.0,0.0,0,0,,
2024-10-13,04:00,16.2,13.9,88.0,ESE,11.3,14.5,1019.44,0.0,0.0,0,0,,
2024-10-13,04:15,16.1,13.9,87.0,ESE,3.2,11.3,1019.78,0.0,0.0,0,0,,
2024-10-13,04:30,15.8,13.3,87.0,ENE,4.8,8.0,1019.81,0.0,0.0,0,0,,
2024-10-13,04:45,15.7,13.3,87.0,EAST,3.2,6.4,1019.91,0.0,0.0,0,0,,
2024-10-13,05:00,15.6,13.3,88.0,EAST,6.4,14.5,1019.81,0.0,0.0,0,0,,
2024-10-13,05:15,15.6,13.3,88.0,EAST,6.4,12.9,1019.91,0.0,0.0,0,0,,
2024-10-13,05:30,15.4,13.3,88.0,ESE,4.8,9.7,1020.01,0.0,0.0,0,0,,
2024-10-13,05:45,15.4,13.3,89.0,ESE,6.4,12.9,1019.98,0.0,0.0,0,0,,
2024-10-13,06:00,15.6,13.3,88.0,EAST,6.4,11.3,1020.25,0.0,0.0,0,0,,
2024-10-13,06:15,15.6,13.3,88.0,ESE,9.7,11.3,1020.08,0.0,0.0,0,0,,
2024-10-13,06:30,15.4,13.3,88.0,ESE,6.4,11.3,1019.98,0.0,0.0,0,0,,
2024-10-13,06:45,15.4,13.3,89.0,ESE,3.2,11.3,1019.74,0.0,0.0,0,0,,
2024-10-13,07:00,15.1,12.8,88.0,ESE,3.2,6.4,1019.84,0.0,0.0,0,0,,
2024-10-13,07:15,15.0,12.8,88.0,EAST,1.6,6.4,1019.74,0.0,0.0,0,0,,
2024-10-13,07:30,15.2,13.3,89.0,EAST,3.2,9.7,1019.64,0.0,0.0,0,0,,
2024-10-13,07:45,15.3,13.3,89.0,ESE,11.3,16.1,1019.51,0.0,0.0,0,11,,
2024-10-13,08:00,15.4,13.3,88.0,ESE,6.4,16.1,1019.61,0.0,0.0,0,21,,
2024-10-13,08:15,15.9,13.3,87.0,SE,1.6,12.9,1019.84,0.0,0.0,0,65,,
2024-10-13,08:30,17.3,13.9,81.0,SE,11.3,14.5,1019.78,0.0,0.0,0,114,,
2024-10-13,08:45,17.8,13.9,79.0,ESE,4.8,14.5,1019.98,0.0,0.0,0,178,,
2024-10-13,09:00,18.2,14.4,79.0,ESE,6.4,14.5,1020.45,0.0,0.0,0,211,,
2024-10-13,09:15,18.4,14.4,79.0,EAST,4.8,9.7,1020.69,0.0,0.0,1,244,,
2024-10-13,09:30,18.6,14.4,79.0,ESE,1.6,11.3,1020.79,0.0,0.0,1,299,,
2024-10-13,09:45,18.9,15.0,79.0,EAST,3.2,12.9,1020.96,0.0,0.0,1,369,,
2024-10-13,10:00,19.6,15.6,78.0,SE,4.8,11.3,1021.06,0.0,0.0,2,408,,
2024-10-13,10:15,19.7,15.6,77.0,ESE,6.4,17.7,1020.89,0.0,0.0,2,408,,
2024-10-13,10:30,19.7,15.6,77.0,SE,17.7,17.7,1020.39,0.0,0.0,2,390,,
2024-10-13,10:45,19.7,15.6,78.0,ESE,8.0,24.1,1020.59,0.0,0.0,2,510,,
2024-10-13,11:00,20.5,15.6,74.0,ESE,4.8,16.1,1020.89,0.0,0.0,3,561,,
2024-10-13,11:15,20.2,15.0,74.0,SSE,3.2,14.5,1020.96,0.0,0.0,3,499,,
2024-10-13,11:30,20.8,15.0,71.0,SSE,8.0,16.1,1021.13,0.0,0.0,3,631,,
2024-10-13,11:45,20.8,15.0,69.0,SE,8.0,16.1,1021.03,0.0,0.0,3,497,,
2024-10-13,12:00,21.4,15.0,67.0,ESE,4.8,11.3,1021.2,0.0,0.0,3,548,,
2024-10-13,12:15,21.7,15.0,67.0,SE,3.2,14.5,1021,0.0,0.0,4,673,,
2024-10-13,12:30,22.4,15.6,66.0,ESE,11.3,16.1,1020.89,0.0,0.0,4,675,,
2024-10-13,12:45,22.6,15.6,65.0,SSE,9.7,16.1,1020.73,0.0,0.0,4,686,,
2024-10-13,13:00,22.9,15.0,63.0,SE,17.7,22.5,1020.52,0.0,0.0,4,684,,
2024-10-13,13:15,23.0,15.0,62.0,SE,16.1,24.1,1020.52,0.0,0.0,4,680,,
2024-10-13,13:30,23.0,15.6,64.0,SE,11.3,22.5,1020.29,0.0,0.0,4,661,,
2024-10-13,13:45,23.5,15.6,62.0,SE,8.0,20.9,1020.25,0.0,0.0,4,654,,
2024-10-13,14:00,23.3,16.1,63.0,SSE,8.0,17.7,1020.25,0.0,0.0,4,631,,
2024-10-13,14:15,23.4,15.6,62.0,SE,6.4,17.7,1019.98,0.0,0.0,4,615,,
2024-10-13,14:30,23.6,15.6,61.0,SE,4.8,17.7,1020.05,0.0,0.0,3,594,,
2024-10-13,14:45,24.1,15.6,60.0,ESE,12.9,16.1,1019.74,0.0,0.0,3,573,,
2024-10-13,15:00,24.4,15.6,58.0,SSE,11.3,19.3,1019.57,0.0,0.0,3,540,,
2024-10-13,15:15,24.2,15.6,60.0,SSE,12.9,17.7,1019.81,0.0,0.0,2,489,,
2024-10-13,15:30,24.4,15.6,59.0,SE,17.7,20.9,1019.78,0.0,0.0,2,457,,
2024-10-13,15:45,24.4,15.6,59.0,SSE,9.7,12.9,1019.57,0.0,0.0,2,422,,
2024-10-13,16:00,24.7,16.1,59.0,SSE,9.7,12.9,1019.47,0.0,0.0,2,381,,
2024-10-13,16:15,24.4,16.1,60.0,ESE,9.7,14.5,1019.37,0.0,0.0,1,343,,
2024-10-13,16:30,24.3,16.1,60.0,SE,6.4,12.9,1019.4,0.0,0.0,1,308,,
2024-10-13,16:45,24.3,15.6,60.0,ESE,6.4,12.9,1019.2,0.0,0.0,1,264,,
2024-10-13,17:00,24.2,16.1,60.0,SSE,8.0,11.3,1019.4,0.0,0.0,1,223,,
2024-10-13,17:15,24.2,16.7,63.0,SE,3.2,12.9,1019.51,0.0,0.0,0,171,,
2024-10-13,17:30,23.7,17.2,67.0,SE,6.4,14.5,1019.47,0.0,0.0,0,132,,
2024-10-13,17:45,23.2,17.2,71.0,SE,12.9,16.1,1019.68,0.0,0.0,0,91,,
2024-10-13,18:00,22.7,17.2,73.0,SE,12.9,19.3,1019.61,0.0,0.0,0,62,,
2024-10-13,18:15,22.3,17.2,74.0,SE,9.7,17.7,1019.71,0.0,0.0,0,35,,
2024-10-13,18:30,21.9,17.2,75.0,SE,9.7,16.1,1019.74,0.0,0.0,0,14,,
2024-10-13,18:45,21.6,17.2,77.0,SSE,6.4,16.1,1019.91,0.0,0.0,0,0,,
2024-10-13,19:00,21.1,17.2,79.0,SE,12.9,14.5,1020.08,0.0,0.0,0,0,,
2024-10-13,19:15,20.7,17.2,81.0,SSE,8.0,12.9,1020.22,0.0,0.0,0,0,,
2024-10-13,19:30,20.3,16.7,82.0,SE,8.0,14.5,1020.18,0.0,0.0,0,0,,
2024-10-13,19:45,20.1,16.7,83.0,SE,11.3,12.9,1020.29,0.0,0.0,0,0,,
2024-10-13,20:00,19.9,16.7,83.0,SE,6.4,14.5,1020.39,0.0,0.0,0,0,,
2024-10-13,20:15,19.8,17.2,84.0,SE,11.3,14.5,1020.59,0.0,0.0,0,0,,
2024-10-13,20:30,19.7,16.7,85.0,SE,8.0,14.5,1020.56,0.0,0.0,0,0,,
2024-10-13,20:45,19.4,16.7,86.0,SE,12.9,17.7,1020.62,0.0,0.0,0,0,,
2024-10-13,21:00,19.2,16.7,87.0,SE,9.7,17.7,1020.45,0.0,0.0,0,0,,
2024-10-13,21:15,19.1,16.7,88.0,SE,9.7,16.1,1020.49,0.0,0.0,0,0,,
2024-10-13,21:30,19.1,17.2,89.0,SE,8.0,14.5,1020.56,0.0,0.0,0,0,,
2024-10-13,21:45,19.0,17.2,89.0,SE,8.0,14.5,1020.52,0.0,0.0,0,0,,
2024-10-13,22:00,18.9,17.2,89.0,SE,8.0,12.9,1020.66,0.0,0.0,0,0,,
2024-10-13,22:15,19.0,17.2,89.0,SE,6.4,12.9,1020.89,0.0,0.0,0,0,,
2024-10-13,22:30,19.0,17.2,89.0,SE,6.4,11.3,1020.83,0.0,0.0,0,0,,
2024-10-13,22:45,18.8,16.7,89.0,SE,3.2,4.8,1020.93,0.0,0.0,0,0,,
2024-10-13,23:00,18.8,16.7,89.0,NORTH,0.0,4.8,1021.06,0.0,0.0,0,0,,
2024-10-13,23:15,18.6,16.7,89.0,NORTH,0.0,3.2,1021.03,0.0,0.0,0,0,,
2024-10-13,23:30,18.6,16.7,89.0,ESE,4.8,9.7,1021.03,0.0,0.0,0,0,,
2024-10-13,23:45,18.6,16.7,89.0,ESE,4.8,9.7,1021.1,0.0,0.0,0,0,,
2024-10-14,00:00,18.7,16.7,90.0,ESE,9.7,12.9,1020.89,0.0,0.0,0,0,,
2024-10-14,00:15,18.6,16.7,90.0,EAST,1.6,9.7,1021,0.0,0.0,0,0,,
2024-10-14,00:30,18.6,16.7,90.0,ESE,4.8,6.4,1021.23,0.0,0.0,0,0,,
2024-10-14,00:45,18.8,16.7,90.0,ESE,8.0,11.3,1021.1,0.0,0.0,0,0,,
2024-10-14,01:00,18.8,16.7,90.0,ESE,4.8,12.9,1021.03,0.0,0.0,0,0,,
2024-10-14,01:15,18.8,16.7,90.0,SE,4.8,16.1,1021,0.0,0.0,0,0,,
2024-10-14,01:30,18.6,16.7,90.0,SE,11.3,17.7,1021.1,0.0,0.0,0,0,,
2024-10-14,01:45,18.4,16.7,90.0,SE,12.9,19.3,1021.13,0.0,0.0,0,0,,
2024-10-14,02:00,18.3,16.7,90.0,ESE,12.9,16.1,1020.96,0.0,0.0,0,0,,
2024-10-14,02:15,18.6,16.7,90.0,SE,11.3,17.7,1021.23,0.0,0.0,0,0,,
2024-10-14,02:30,18.4,16.7,90.0,ESE,4.8,12.9,1021.06,0.0,0.0,0,0,,
2024-10-14,02:45,18.3,16.7,90.0,ESE,4.8,14.5,1021.06,0.0,0.0,0,0,,
2024-10-14,03:00,18.2,16.1,90.0,SE,3.2,12.9,1020.96,0.0,0.0,0,0,,
2024-10-14,03:15,18.3,16.7,90.0,ESE,11.3,17.7,1020.93,0.0,0.0,0,0,,
2024-10-14,03:30,18.3,16.7,91.0,ESE,11.3,17.7,1020.56,0.0,0.0,0,0,,
2024-10-14,03:45,18.4,16.7,91.0,SE,11.3,19.3,1020.59,0.0,0.0,0,0,,
2024-10-14,04:00,18.4,16.7,91.0,SE,6.4,17.7,1020.45,0.0,0.0,0,0,,
2024-10-14,04:15,18.5,16.7,91.0,SE,3.2,20.9,1020.35,0.0,0.0,0,0,,
2024-10-14,04:30,18.4,16.7,92.0,SE,9.7,12.9,1020.22,0.0,0.0,0,0,,
2024-10-14,04:45,18.5,17.2,92.0,ESE,14.5,20.9,1020.01,0.0,0.0,0,0,,
2024-10-14,05:00,18.4,17.2,92.0,SE,16.1,20.9,1019.98,0.0,0.0,0,0,,
2024-10-14,05:15,18.4,17.2,93.0,SE,12.9,22.5,1020.08,0.0,0.0,0,0,,
2024-10-14,05:30,18.3,16.7,93.0,SE,17.7,20.9,1020.12,0.0,0.0,0,0,,
2024-10-14,05:45,18.2,16.7,93.0,SE,14.5,20.9,1020.05,0.0,0.0,0,0,,
2024-10-14,06:00,18.2,17.2,93.0,ESE,14.5,22.5,1019.91,0.0,0.0,0,0,,
2024-10-14,06:15,18.2,16.7,94.0,ESE,1.6,20.9,1020.15,0.0,0.0,0,0,,
2024-10-14,06:30,17.9,16.7,93.0,EAST,1.6,12.9,1020.12,0.0,0.0,0,0,,
2024-10-14,06:45,17.8,16.7,94.0,EAST,3.2,12.9,1020.25,0.0,0.0,0,0,,
2024-10-14,07:00,17.8,16.7,94.0,ESE,4.8,11.3,1020.15,0.0,0.0,0,0,,
2024-10-14,07:15,17.6,16.1,94.0,EAST,3.2,9.7,1020.05,0.0,0.0,0,0,,
2024-10-14,07:30,17.1,15.6,94.0,EAST,4.8,6.4,1020.12,0.0,0.0,0,0,,
2024-10-14,07:45,17.2,16.1,94.0,ESE,1.6,6.4,1020.32,0.0,0.0,0,11,,
2024-10-14,08:00,17.2,16.1,94.0,ESE,4.8,9.7,1020.18,0.0,0.0,0,25,,
2024-10-14,08:15,17.6,16.1,94.0,ESE,3.2,9.7,1020.56,0.0,0.0,0,56,,
2024-10-14,08:30,18.4,17.2,93.0,ESE,3.2,9.7,1020.49,0.0,0.0,0,95,,
2024-10-14,08:45,19.1,17.8,91.0,ESE,3.2,14.5,1020.56,0.0,0.0,0,121,,
2024-10-14,09:00,18.9,17.2,89.0,NORTH,0.0,4.8,1020.49,0.0,0.0,0,193,,
2024-10-14,09:15,20.2,17.8,87.0,SE,8.0,6.4,1020.56,0.0,0.0,1,250,,
2024-10-14,09:30,20.5,17.8,86.0,EAST,6.4,12.9,1020.73,0.0,0.0,1,297,,
2024-10-14,09:45,20.7,18.3,87.0,SE,3.2,19.3,1020.89,0.0,0.0,1,339,,
2024-10-14,10:00,20.7,18.3,86.0,SE,8.0,17.7,1020.89,0.0,0.0,1,327,,
2024-10-14,10:15,21.1,18.3,86.0,SE,4.8,12.9,1020.96,0.0,0.0,2,381,,
2024-10-14,10:30,21.6,18.3,83.0,SE,6.4,17.7,1020.73,0.0,0.0,2,455,,
2024-10-14,10:45,22.1,18.9,83.0,SSE,6.4,17.7,1020.86,0.0,0.0,2,513,,
2024-10-14,11:00,22.4,18.3,78.0,SE,9.7,16.1,1020.86,0.0,0.0,2,520,,
2024-10-14,11:15,22.4,17.8,74.0,SE,16.1,17.7,1020.83,0.0,0.0,3,538,,
2024-10-14,11:30,23.2,18.3,74.0,SSE,4.8,17.7,1020.89,0.0,0.0,3,582,,
2024-10-14,11:45,23.4,17.8,72.0,SE,3.2,17.7,1021.06,0.0,0.0,3,610,,
2024-10-14,12:00,23.7,17.8,70.0,SE,8.0,17.7,1020.89,0.0,0.0,3,631,,
2024-10-14,12:15,23.9,17.8,68.0,SE,16.1,22.5,1021.03,0.0,0.0,4,622,,
2024-10-14,12:30,24.3,17.8,68.0,ESE,9.7,20.9,1021.23,0.0,0.0,4,649,,
2024-10-14,12:45,24.4,18.3,71.0,EAST,12.9,20.9,1021,0.0,0.0,4,647,,
2024-10-14,13:00,24.9,18.9,70.0,SE,12.9,19.3,1021.13,0.0,0.0,4,638,,
2024-10-14,13:15,24.8,17.8,66.0,SE,16.1,24.1,1020.83,0.0,0.0,4,664,,
2024-10-14,13:30,25.4,17.8,63.0,SSE,14.5,22.5,1020.73,0.0,0.0,4,650,,
2024-10-14,13:45,25.7,17.8,63.0,SE,12.9,22.5,1020.56,0.0,0.0,4,649,,
2024-10-14,14:00,25.9,17.8,61.0,SE,17.7,29.0,1020.49,0.0,0.0,4,635,,
2024-10-14,14:15,25.9,17.2,60.0,SE,16.1,27.4,1020.35,0.0,0.0,4,615,,
2024-10-14,14:30,26.3,17.8,61.0,SSE,8.0,22.5,1020.52,0.0,0.0,3,603,,
2024-10-14,14:45,26.2,18.3,63.0,ESE,4.8,22.5,1020.22,0.0,0.0,3,591,,
2024-10-14,15:00,26.2,18.3,62.0,SSE,19.3,25.7,1020.15,0.0,0.0,3,517,,
2024-10-14,15:15,26.4,18.3,62.0,SE,11.3,24.1,1019.84,0.0,0.0,3,529,,
2024-10-14,15:30,26.6,18.9,63.0,SE,14.5,25.7,1019.68,0.0,0.0,2,494,,
2024-10-14,15:45,26.5,18.9,64.0,SE,24.1,29.0,1019.68,0.0,0.0,2,459,,
2024-10-14,16:00,25.7,18.9,67.0,SE,14.5,32.2,1019.54,0.0,0.0,2,415,,
2024-10-14,16:15,25.4,19.4,69.0,SE,19.3,30.6,1019.47,0.0,0.0,2,385,,
2024-10-14,16:30,25.0,19.4,71.0,SE,27.4,33.8,1019.54,0.0,0.0,1,345,,
2024-10-14,16:45,24.5,18.9,72.0,SSE,25.7,33.8,1019.47,0.0,0.0,1,279,,
2024-10-14,17:00,24.3,18.9,73.0,SSE,19.3,30.6,1019.57,0.0,0.0,1,246,,
2024-10-14,17:15,24.2,18.9,72.0,ESE,6.4,25.7,1019.88,0.0,0.0,1,195,,
2024-10-14,17:30,23.9,18.3,72.0,ESE,6.4,24.1,1019.81,0.0,0.0,0,160,,
2024-10-14,17:45,23.7,18.3,73.0,SE,8.0,19.3,1019.88,0.0,0.0,0,109,,
2024-10-14,18:00,23.1,17.2,71.0,SE,8.0,22.5,1019.81,0.0,0.0,0,53,,
2024-10-14,18:15,22.8,17.8,74.0,SE,16.1,19.3,1019.78,0.0,0.0,0,26,,
2024-10-14,18:30,22.4,17.8,75.0,SE,17.7,22.5,1019.71,0.0,0.0,0,12,,
2024-10-14,18:45,21.9,17.2,77.0,SE,20.9,25.7,1019.78,0.0,0.0,0,0,,
2024-10-14,19:00,21.4,17.2,78.0,SE,14.5,24.1,1019.91,0.0,0.0,0,0,,
2024-10-14,19:15,21.2,17.2,79.0,SE,12.9,19.3,1019.91,0.0,0.0,0,0,,
2024-10-14,19:30,21.0,17.8,82.0,SE,17.7,22.5,1020.01,0.0,0.0,0,0,,
2024-10-14,19:45,20.6,17.8,84.0,SE,14.5,20.9,1020.08,0.0,0.0,0,0,,
2024-10-14,20:00,20.3,17.8,85.0,SE,12.9,22.5,1020.22,0.0,0.0,0,0,,
2024-10-14,20:15,19.9,17.2,87.0,SE,12.9,20.9,1020.25,0.0,0.0,0,0,,
2024-10-14,20:30,19.8,17.2,86.0,ESE,17.7,22.5,1020.12,0.0,0.0,0,0,,
2024-10-14,20:45,19.7,16.7,84.0,ESE,24.1,25.7,1020.29,0.0,0.0,0,0,,
2024-10-14,21:00,19.8,16.7,82.0,SE,29.0,29.0,1020.35,0.0,0.0,0,0,,
2024-10-14,21:15,19.8,15.6,79.0,SE,17.7,29.0,1020.39,0.0,0.0,0,0,,
2024-10-14,21:30,19.8,15.6,76.0,SE,19.3,32.2,1020.25,0.0,0.0,0,0,,
2024-10-14,21:45,20.0,15.6,75.0,ESE,19.3,32.2,1020.42,0.0,0.0,0,0,,
2024-10-14,22:00,19.8,15.0,74.0,SE,24.1,30.6,1020.49,0.0,0.0,0,0,,
2024-10-14,22:15,19.8,14.4,73.0,SE,19.3,29.0,1020.42,0.0,0.0,0,0,,
2024-10-14,22:30,19.9,14.4,71.0,SE,20.9,32.2,1020.35,0.0,0.0,0,0,,
2024-10-14,22:45,19.9,13.9,68.0,SE,32.2,38.6,1020.29,0.0,0.0,0,0,,
2024-10-14,23:00,20.1,12.8,64.0,SE,27.4,33.8,1020.32,0.0,0.0,0,0,,
2024-10-14,23:15,20.2,12.2,61.0,SE,25.7,33.8,1020.01,0.0,0.0,0,0,,
2024-10-14,23:30,20.2,11.1,56.0,ESE,29.0,35.4,1020.08,0.0,0.0,0,0,,
2024-10-14,23:45,20.1,11.7,59.0,SE,29.0,32.2,1020.12,0.0,0.0,0,0,,
2024-10-15,00:00,20.1,12.8,63.0,SE,25.7,35.4,1020.15,0.0,0.0,0,0,,
2024-10-15,00:15,19.9,12.8,65.0,SE,25.7,33.8,1019.78,0.0,0.0,0,0,,
2024-10-15,00:30,19.9,12.8,63.0,SE,20.9,37.0,1019.74,0.0,0.0,0,0,,
2024-10-15,00:45,20.1,12.8,64.0,SE,22.5,35.4,1019.57,0.0,0.0,0,0,,
2024-10-15,01:00,19.9,13.9,68.0,ESE,17.7,30.6,1019.88,0.0,0.0,0,0,,
2024-10-15,01:15,19.9,13.3,67.0,ESE,17.7,24.1,1019.78,0.0,0.0,0,0,,
2024-10-15,01:30,20.6,15.0,71.0,SE,17.7,24.1,1019.78,0.0,0.0,0,0,,
2024-10-15,01:45,20.8,15.6,74.0,ESE,11.3,22.5,1019.74,0.0,0.0,0,0,,
2024-10-15,02:00,20.7,16.1,76.0,SE,11.3,20.9,1019.74,0.0,0.0,0,0,,
2024-10-15,02:15,20.6,16.1,76.0,ESE,9.7,19.3,1019.61,0.0,0.0,0,0,,
2024-10-15,02:30,20.4,16.1,76.0,ESE,11.3,19.3,1019.44,0.0,0.0,0,0,,
2024-10-15,02:45,20.4,16.1,78.0,ESE,12.9,16.1,1019.24,0.0,0.0,0,0,,
2024-10-15,03:00,20.1,16.1,79.0,EAST,11.3,16.1,1019.17,0.0,0.0,0,0,,
2024-10-15,03:15,19.9,16.7,81.0,ESE,12.9,16.1,1019,0.0,0.0,0,0,,
2024-10-15,03:30,19.6,16.1,80.0,ESE,12.9,16.1,1019,0.0,0.0,0,0,,
2024-10-15,03:45,19.8,14.4,72.0,SE,12.9,20.9,1018.96,0.0,0.0,0,0,,
2024-10-15,04:00,20.3,13.9,67.0,ESE,12.9,24.1,1018.9,0.0,0.0,0,0,,
2024-10-15,04:15,20.2,13.3,65.0,ESE,17.7,22.5,1018.8,0.0,0.0,0,0,,
2024-10-15,04:30,20.4,12.8,63.0,SE,14.5,24.1,1018.76,0.0,0.0,0,0,,
2024-10-15,04:45,20.3,13.3,66.0,ESE,12.9,20.9,1019.03,0.0,0.0,0,0,,
2024-10-15,05:00,20.1,12.2,61.0,ESE,16.1,25.7,1019,0.0,0.0,0,0,,
2024-10-15,05:15,20.4,11.1,55.0,ESE,14.5,24.1,1018.83,0.0,0.0,0,0,,
2024-10-15,05:30,20.7,11.1,54.0,ESE,14.5,25.7,1018.86,0.0,0.0,0,0,,
2024-10-15,05:45,20.7,10.6,53.0,ESE,12.9,24.1,1018.83,0.0,0.0,0,0,,
2024-10-15,06:00,20.8,11.7,56.0,ESE,8.0,20.9,1018.9,0.0,0.0,0,0,,
2024-10-15,06:15,20.3,11.7,59.0,ESE,6.4,17.7,1018.8,0.0,0.0,0,0,,
2024-10-15,06:30,20.2,11.7,58.0,ESE,14.5,20.9,1018.83,0.0,0.0,0,0,,
2024-10-15,06:45,20.4,11.1,56.0,ESE,17.7,25.7,1018.73,0.0,0.0,0,0,,
2024-10-15,07:00,20.5,11.7,57.0,SE,11.3,24.1,1018.8,0.0,0.0,0,0,,
2024-10-15,07:15,20.3,12.8,62.0,SE,8.0,16.1,1018.83,0.0,0.0,0,0,,
2024-10-15,07:30,20.0,13.3,67.0,ESE,9.7,12.9,1018.76,0.0,0.0,0,0,,
2024-10-15,07:45,19.7,14.4,72.0,EAST,14.5,17.7,1018.76,0.0,0.0,0,9,,
2024-10-15,08:00,19.5,14.4,73.0,ESE,11.3,16.1,1018.86,0.0,0.0,0,25,,
2024-10-15,08:15,19.9,13.9,70.0,EAST,11.3,14.5,1019.07,0.0,0.0,0,54,,
2024-10-15,08:30,20.4,13.9,67.0,ESE,6.4,12.9,1019.2,0.0,0.0,0,91,,
2024-10-15,08:45,21.1,13.9,65.0,ESE,6.4,14.5,1019.4,0.0,0.0,0,134,,
2024-10-15,09:00,21.4,13.9,64.0,ESE,9.7,12.9,1019.37,0.0,0.0,0,195,,
2024-10-15,09:15,21.8,14.4,64.0,EAST,6.4,12.9,1019.37,0.0,0.0,1,250,,
2024-10-15,09:30,22.5,14.4,61.0,ESE,6.4,12.9,1019.3,0.0,0.0,1,294,,
2024-10-15,09:45,22.9,13.9,58.0,ESE,9.7,16.1,1019.3,0.0,0.0,1,345,,
2024-10-15,10:00,23.6,13.3,53.0,ESE,9.7,17.7,1019.03,0.0,0.0,1,387,,
2024-10-15,10:15,24.1,13.3,52.0,ESE,3.2,16.1,1019.1,0.0,0.0,2,425,,
2024-10-15,10:30,24.9,13.3,48.0,EAST,3.2,11.3,1019.13,0.0,0.0,2,462,,
2024-10-15,10:45,25.3,12.8,45.0,ESE,12.9,19.3,1019.1,0.0,0.0,2,503,,
2024-10-15,11:00,25.8,12.8,44.0,ESE,14.5,22.5,1019.07,0.0,0.0,2,534,,
2024-10-15,11:15,26.3,13.3,45.0,ESE,12.9,27.4,1018.93,0.0,0.0,3,559,,
2024-10-15,11:30,26.1,12.8,44.0,SE,16.1,27.4,1018.8,0.0,0.0,3,582,,
2024-10-15,11:45,26.3,13.9,46.0,ESE,12.9,30.6,1018.66,0.0,0.0,3,603,,
2024-10-15,12:00,26.5,13.3,44.0,SE,14.5,32.2,1018.56,0.0,0.0,3,617,,
2024-10-15,12:15,26.6,13.3,45.0,ESE,16.1,33.8,1018.63,0.0,0.0,3,624,,
2024-10-15,12:30,26.9,13.9,45.0,SE,29.0,32.2,1018.52,0.0,0.0,4,621,,
2024-10-15,12:45,27.1,13.9,45.0,SE,22.5,35.4,1018.32,0.0,0.0,4,652,,
2024-10-15,13:00,27.4,15.0,46.0,SE,22.5,37.0,1018.56,0.0,0.0,4,647,,
2024-10-15,13:15,27.4,15.0,47.0,ESE,17.7,35.4,1018.46,0.0,0.0,4,640,,
2024-10-15,13:30,27.8,16.7,51.0,SSE,17.7,30.6,1018.49,0.0,0.0,3,606,,
2024-10-15,13:45,27.6,16.7,52.0,SE,16.1,32.2,1018.29,0.0,0.0,3,612,,
2024-10-15,14:00,27.9,17.2,53.0,SE,20.9,33.8,1017.71,0.0,0.0,3,594,,
2024-10-15,14:15,27.6,17.2,54.0,ESE,17.7,38.6,1017.85,0.0,0.0,3,589,,
2024-10-15,14:30,27.9,17.8,55.0,EAST,22.5,32.2,1017.68,0.0,0.0,3,564,,
2024-10-15,14:45,28.0,17.8,54.0,EAST,17.7,30.6,1017.85,0.0,0.0,3,515,,
2024-10-15,15:00,27.9,17.8,55.0,SE,24.1,35.4,1017.71,0.0,0.0,2,459,,
2024-10-15,15:15,27.7,17.8,56.0,ESE,22.5,33.8,1017.81,0.0,0.0,2,367,,
2024-10-15,15:30,27.4,18.3,58.0,SE,14.5,32.2,1017.68,0.0,0.0,2,401,,
2024-10-15,15:45,27.7,18.3,57.0,ESE,11.3,27.4,1017.54,0.0,0.0,2,357,,
2024-10-15,16:00,27.5,17.8,57.0,ESE,9.7,29.0,1017.34,0.0,0.0,1,301,,
2024-10-15,16:15,27.2,18.3,58.0,ESE,24.1,29.0,1017.17,0.0,0.0,1,295,,
2024-10-15,16:30,26.9,17.8,58.0,SE,22.5,30.6,1017.14,0.0,0.0,1,202,,
2024-10-15,16:45,26.8,18.3,61.0,SE,17.7,29.0,1017.24,0.0,0.0,1,199,,
2024-10-15,17:00,26.4,18.3,62.0,SE,16.1,27.4,1017.14,0.0,0.0,1,179,,
2024-10-15,17:15,25.8,18.3,64.0,SE,17.7,32.2,1017.07,0.0,0.0,0,142,,
2024-10-15,17:30,25.3,18.9,67.0,SE,16.1,27.4,1017.24,0.0,0.0,0,90,,
2024-10-15,17:45,24.7,18.3,68.0,ESE,17.7,25.7,1017.31,0.0,0.0,0,60,,
2024-10-15,18:00,24.4,18.3,70.0,ESE,14.5,27.4,1017.51,0.0,0.0,0,44,,
2024-10-15,18:15,24.0,18.3,72.0,SE,16.1,25.7,1017.64,0.0,0.0,0,33,,
2024-10-15,18:30,23.6,18.3,74.0,SE,17.7,27.4,1017.85,0.0,0.0,0,12,,
2024-10-15,18:45,23.1,18.3,75.0,ESE,25.7,27.4,1017.88,0.0,0.0,0,0,,
2024-10-15,19:00,22.6,18.3,78.0,SSE,17.7,22.5,1018.19,0.0,0.0,0,0,,
2024-10-15,19:15,22.1,18.3,81.0,SE,12.9,20.9,1018.52,0.0,0.0,0,0,,
2024-10-15,19:30,21.7,18.3,83.0,SE,8.0,22.5,1018.49,0.0,0.0,0,0,,
2024-10-15,19:45,21.4,18.3,84.0,NORTH,0.0,14.5,1018.93,0.0,0.0,0,0,,
2024-10-15,20:00,21.3,18.3,85.0,SSE,11.3,12.9,1019.27,0.0,0.0,0,0,,
2024-10-15,20:15,21.0,18.3,86.0,SE,14.5,17.7,1019.2,0.0,0.0,0,0,,
2024-10-15,20:30,20.9,18.3,86.0,SE,11.3,19.3,1019.37,0.0,0.0,0,0,,
2024-10-15,20:45,20.8,18.3,86.0,SE,4.8,16.1,1019.57,0.0,0.0,0,0,,
2024-10-15,21:00,21.0,18.3,86.0,SE,1.6,11.3,1019.74,0.0,0.0,0,0,,
2024-10-15,21:15,21.2,18.3,86.0,NORTH,0.0,4.8,1019.78,0.0,0.0,0,0,,
2024-10-15,21:30,21.1,18.3,85.0,SE,1.6,3.2,1020.08,0.0,0.0,0,0,,
2024-10-15,21:45,20.8,17.8,85.0,SE,3.2,4.8,1019.91,0.0,0.0,0,0,,
2024-10-15,22:00,20.5,17.8,85.0,ESE,1.6,4.8,1019.57,0.0,0.0,0,0,,
2024-10-15,22:15,20.5,17.8,86.0,ESE,3.2,4.8,1019.84,0.0,0.0,0,0,,
2024-10-15,22:30,20.4,17.8,87.0,ESE,4.8,6.4,1019.91,0.0,0.0,0,0,,
2024-10-15,22:45,20.3,17.8,87.0,ESE,3.2,11.3,1019.81,0.0,0.0,0,0,,
2024-10-15,23:00,20.3,18.3,88.0,EAST,11.3,14.5,1019.68,0.0,0.0,0,0,,
2024-10-15,23:15,20.3,18.3,89.0,ESE,11.3,14.5,1019.71,0.0,0.0,0,0,,
2024-10-15,23:30,20.2,18.3,89.0,ESE,3.2,12.9,1019.91,0.0,0.0,0,0,,
2024-10-15,23:45,20.2,18.3,89.0,ESE,4.8,12.9,1019.51,0.0,0.0,0,0,,
2024-10-16,00:00,20.2,18.3,89.0,ESE,4.8,9.7,1019.4,0.0,0.0,0,0,,
2024-10-16,00:15,20.3,18.3,89.0,ESE,3.2,9.7,1019.37,0.0,0.0,0,0,,
2024-10-16,00:30,20.3,18.3,89.0,EAST,3.2,9.7,1019.3,0.0,0.0,0,0,,
2024-10-16,00:45,20.4,18.3,89.0,EAST,4.8,9.7,1019.17,0.0,0.0,0,0,,
2024-10-16,01:00,20.6,18.3,89.0,ESE,6.4,12.9,1019.2,0.0,0.0,0,0,,
2024-10-16,01:15,20.6,18.3,89.0,EAST,11.3,12.9,1019.03,0.0,0.0,0,0,,
2024-10-16,01:30,20.4,18.3,89.0,EAST,3.2,11.3,1018.96,0.0,0.0,0,0,,
2024-10-16,01:45,20.4,18.3,88.0,EAST,3.2,6.4,1018.96,0.0,0.0,0,0,,
2024-10-16,02:00,20.4,18.3,88.0,ENE,6.4,9.7,1018.86,0.0,0.0,0,0,,
2024-10-16,02:15,20.4,17.8,87.0,EAST,11.3,9.7,1018.66,0.0,0.0,0,0,,
2024-10-16,02:30,20.8,17.8,84.0,ENE,16.1,22.5,1018.05,0.0,0.0,0,0,,
2024-10-16,02:45,20.7,17.8,84.0,EAST,11.3,20.9,1017.95,0.0,0.0,0,0,,
2024-10-16,03:00,20.3,17.2,84.0,EAST,11.3,19.3,1017.95,0.0,0.0,0,0,,
2024-10-16,03:15,20.3,17.2,84.0,EAST,6.4,24.1,1017.71,0.0,0.0,0,0,,
2024-10-16,03:30,20.4,17.2,83.0,NW,8.0,16.1,1017.78,0.0,0.0,0,0,,
2024-10-16,03:45,20.3,17.2,83.0,NNW,3.2,14.5,1017.85,0.0,0.0,0,0,,
2024-10-16,04:00,20.2,17.2,83.0,EAST,14.5,16.1,1017.54,0.0,0.0,0,0,,
2024-10-16,04:15,20.7,17.8,83.0,EAST,14.5,22.5,1017.61,0.0,0.0,0,0,,
2024-10-16,04:30,20.4,17.8,84.0,EAST,12.9,22.5,1017.91,0.0,0.0,0,0,,
2024-10-16,04:45,20.2,17.8,86.0,ESE,17.7,20.9,1018.05,0.0,0.0,0,0,,
2024-10-16,05:00,20.1,17.8,87.0,ENE,11.3,16.1,1017.91,0.0,0.0,0,0,,
2024-10-16,05:15,20.0,17.8,88.0,ESE,6.4,17.7,1017.78,0.0,0.0,0,0,,
2024-10-16,05:30,20.0,17.8,88.0,ESE,12.9,19.3,1017.61,0.0,0.0,0,0,,
2024-10-16,05:45,19.8,17.8,89.0,EAST,9.7,20.9,1017.91,0.0,0.0,0,0,,
2024-10-16,06:00,19.7,17.8,89.0,EAST,12.9,22.5,1018.08,0.0,0.0,0,0,,
2024-10-16,06:15,19.9,17.8,89.0,EAST,12.9,19.3,1018.25,0.0,0.0,0,0,,
2024-10-16,06:30,20.2,18.3,90.0,EAST,16.1,24.1,1017.78,0.0,0.0,0,0,,
2024-10-16,06:45,20.2,18.3,90.0,EAST,12.9,22.5,1017.95,0.0,0.0,0,0,,
2024-10-16,07:00,20.3,18.3,90.0,ENE,14.5,17.7,1017.88,0.0,0.0,0,0,,
2024-10-16,07:15,20.4,18.3,90.0,EAST,11.3,17.7,1017.78,0.0,0.0,0,0,,
2024-10-16,07:30,20.6,18.9,90.0,EAST,17.7,24.1,1017.71,0.0,0.0,0,0,,
2024-10-16,07:45,20.7,18.9,90.0,ESE,8.0,19.3,1018.29,0.0,0.0,0,0,,
2024-10-16,08:00,20.8,18.9,90.0,ESE,6.4,16.1,1018.08,0.0,0.0,0,0,,
2024-10-16,08:15,20.9,18.9,90.0,ESE,17.7,20.9,1017.98,0.0,0.0,0,14,,
2024-10-16,08:30,20.8,18.9,90.0,ESE,16.1,22.5,1017.78,0.0,0.0,0,21,,
2024-10-16,08:45,20.8,18.9,90.0,ESE,11.3,16.1,1018.15,0.0,0.0,0,37,,
2024-10-16,09:00,20.9,18.9,90.0,EAST,4.8,17.7,1018.19,0.0,0.0,0,53,,
2024-10-16,09:15,20.9,18.9,90.0,EAST,12.9,17.7,1018.08,0.0,0.0,0,65,,
2024-10-16,09:30,21.0,19.4,91.0,ESE,12.9,17.7,1018.12,0.0,0.0,0,77,,
2024-10-16,09:45,21.0,19.4,91.0,EAST,8.0,19.3,1018.08,0.0,0.0,0,102,,
2024-10-16,10:00,21.1,19.4,91.0,EAST,11.3,16.1,1018.12,0.0,0.0,0,91,,
2024-10-16,10:15,21.2,19.4,91.0,EAST,9.7,16.1,1018.02,0.0,0.0,0,70,,
2024-10-16,10:30,21.2,19.4,91.0,EAST,9.7,14.5,1017.91,0.0,0.0,1,111,,
2024-10-16,10:45,21.7,20.0,91.0,ESE,9.7,19.3,1017.91,0.0,0.0,1,190,,
2024-10-16,11:00,21.9,20.0,89.0,ESE,14.5,20.9,1018.12,0.0,0.0,1,162,,
2024-10-16,11:15,22.4,20.0,89.0,ESE,14.5,19.3,1017.98,0.0,0.0,2,327,,
2024-10-16,11:30,22.9,20.6,87.0,ESE,11.3,24.1,1017.88,0.0,0.0,2,278,,
2024-10-16,11:45,23.2,20.6,86.0,SE,17.7,24.1,1017.68,0.0,0.0,1,213,,
2024-10-16,12:00,23.2,20.6,85.0,ESE,20.9,25.7,1017.78,0.0,0.0,1,179,,
2024-10-16,12:15,23.3,20.6,84.0,ESE,20.9,24.1,1017.68,0.0,0.0,2,202,,
2024-10-16,12:30,23.6,20.6,84.0,EAST,12.9,24.1,1017.88,0.0,0.0,2,250,,
2024-10-16,12:45,23.7,20.6,84.0,SE,11.3,25.7,1017.58,0.0,0.0,1,202,,
2024-10-16,13:00,23.8,20.6,84.0,ESE,9.7,19.3,1017.2,0.0,0.0,1,186,,
2024-10-16,13:15,23.9,21.1,85.0,SE,16.1,22.5,1017,0.0,0.0,1,216,,
2024-10-16,13:30,23.8,20.6,84.0,ESE,11.3,20.9,1016.93,0.0,0.0,1,156,,
2024-10-16,13:45,24.1,21.1,84.0,ESE,12.9,19.3,1016.86,0.0,0.0,2,353,,
2024-10-16,14:00,24.8,21.1,81.0,SE,25.7,27.4,1016.49,0.0,0.0,3,434,,
2024-10-16,14:15,24.9,20.6,78.0,ESE,17.7,24.1,1016.42,0.0,0.0,3,619,,
2024-10-16,14:30,25.2,20.6,76.0,SSE,24.1,24.1,1016.15,0.0,0.0,3,573,,
2024-10-16,14:45,25.1,20.0,74.0,SE,8.0,35.4,1016.46,0.0,0.0,3,547,,
2024-10-16,15:00,24.9,20.0,74.0,SE,19.3,30.6,1016.32,0.0,0.0,3,534,,
2024-10-16,15:15,24.6,20.0,76.0,SE,16.1,33.8,1016.42,0.0,0.0,2,504,,
2024-10-16,15:30,24.5,20.0,77.0,ESE,17.7,35.4,1016.42,0.0,0.0,2,343,,
2024-10-16,15:45,24.3,20.0,77.0,SSE,11.3,30.6,1016.39,0.0,0.0,2,446,,
2024-10-16,16:00,24.7,19.4,73.0,SE,11.3,29.0,1016.32,0.0,0.0,2,411,,
2024-10-16,16:15,24.5,19.4,74.0,SE,20.9,30.6,1016.02,0.0,0.0,1,381,,
2024-10-16,16:30,24.6,19.4,73.0,SE,20.9,29.0,1016.12,0.0,0.0,1,362,,
2024-10-16,16:45,24.3,19.4,75.0,SE,27.4,29.0,1016.12,0.0,0.0,1,271,,
2024-10-16,17:00,24.1,18.9,75.0,SE,16.1,32.2,1015.82,0.0,0.0,1,218,,
2024-10-16,17:15,23.8,18.9,74.0,ESE,17.7,33.8,1015.85,0.0,0.0,0,179,,
2024-10-16,17:30,23.8,18.3,73.0,ESE,14.5,30.6,1016.05,0.0,0.0,0,141,,
2024-10-16,17:45,23.6,18.3,74.0,SE,17.7,29.0,1016.09,0.0,0.0,0,90,,
2024-10-16,18:00,23.3,18.9,76.0,SSE,24.1,27.4,1016.36,0.0,0.0,0,56,,
2024-10-16,18:15,22.9,18.9,78.0,SE,19.3,22.5,1016.42,0.0,0.0,0,32,,
2024-10-16,18:30,22.6,18.9,79.0,SE,19.3,27.4,1016.39,0.0,0.0,0,11,,
2024-10-16,18:45,22.3,18.9,81.0,ESE,12.9,29.0,1016.59,0.0,0.0,0,0,,
2024-10-16,19:00,21.9,18.9,83.0,SE,19.3,29.0,1016.73,0.0,0.0,0,0,,
2024-10-16,19:15,21.6,18.3,84.0,SE,19.3,27.4,1016.8,0.0,0.0,0,0,,
2024-10-16,19:30,21.4,18.3,85.0,SE,14.5,27.4,1016.86,0.0,0.0,0,0,,
2024-10-16,19:45,21.3,18.3,85.0,SE,16.1,27.4,1016.93,0.0,0.0,0,0,,
2024-10-16,20:00,21.3,18.3,85.0,SE,16.1,27.4,1017,0.0,0.0,0,0,,
2024-10-16,20:15,21.3,18.3,85.0,SE,20.9,29.0,1017.2,0.0,0.0,0,0,,
2024-10-16,20:30,21.4,18.3,84.0,SE,11.3,24.1,1017.2,0.0,0.0,0,0,,
2024-10-16,20:45,21.2,18.3,84.0,ESE,8.0,17.7,1017.27,0.0,0.0,0,0,,
2024-10-16,21:00,21.1,18.3,84.0,ESE,11.3,19.3,1017.41,0.0,0.0,0,0,,
2024-10-16,21:15,21.0,17.8,84.0,ESE,12.9,17.7,1017.44,0.0,0.0,0,0,,
2024-10-16,21:30,20.9,18.3,85.0,ESE,9.7,19.3,1017.54,0.0,0.0,0,0,,
2024-10-16,21:45,20.8,18.3,85.0,ESE,12.9,19.3,1017.68,0.0,0.0,0,0,,
2024-10-16,22:00,20.8,18.3,86.0,SE,12.9,17.7,1017.78,0.0,0.0,0,0,,
2024-10-16,22:15,20.8,18.3,86.0,ESE,14.5,19.3,1017.85,0.0,0.0,0,0,,
2024-10-16,22:30,20.8,18.3,85.0,SE,12.9,19.3,1018.02,0.0,0.0,0,0,,
2024-10-16,22:45,20.8,17.8,85.0,EAST,14.5,16.1,1017.98,0.0,0.0,0,0,,
2024-10-16,23:00,20.8,17.8,85.0,ESE,11.3,17.7,1018.08,0.0,0.0,0,0,,
2024-10-16,23:15,20.8,17.8,85.0,ESE,9.7,16.1,1018.08,0.0,0.0,0,0,,
2024-10-16,23:30,20.7,17.8,85.0,ESE,12.9,16.1,1017.95,0.0,0.0,0,0,,
2024-10-16,23:45,20.6,17.8,85.0,ESE,12.9,17.7,1018.02,0.0,0.0,0,0,,
2024-10-17,00:00,20.4,17.8,85.0,ESE,14.5,14.5,1017.95,0.0,0.0,0,0,,
2024-10-17,00:15,20.3,17.8,86.0,ESE,9.7,16.1,1017.95,0.0,0.0,0,0,,
2024-10-17,00:30,20.3,17.8,86.0,SE,8.0,16.1,1018.19,0.0,0.0,0,0,,
2024-10-17,00:45,20.2,17.8,86.0,ESE,6.4,11.3,1017.91,0.0,0.0,0,0,,
2024-10-17,01:00,20.2,17.8,86.0,ESE,6.4,16.1,1017.95,0.0,0.0,0,0,,
2024-10-17,01:15,20.2,17.8,86.0,ESE,6.4,12.9,1017.91,0.0,0.0,0,0,,
2024-10-17,01:30,20.2,17.8,86.0,ESE,6.4,9.7,1018.05,0.0,0.0,0,0,,
2024-10-17,01:45,20.2,17.8,86.0,ESE,14.5,14.5,1018.05,0.0,0.0,0,0,,
2024-10-17,02:00,20.2,17.8,87.0,SE,16.1,16.1,1017.91,0.0,0.0,0,0,,
2024-10-17,02:15,20.3,17.8,87.0,ESE,4.8,19.3,1017.98,0.0,0.0,0,0,,
2024-10-17,02:30,20.2,17.8,87.0,EAST,4.8,16.1,1017.85,0.0,0.0,0,0,,
2024-10-17,02:45,20.0,17.8,87.0,EAST,4.8,12.9,1017.88,0.0,0.0,0,0,,
2024-10-17,03:00,19.9,17.8,88.0,NORTH,0.0,9.7,1017.88,0.0,0.0,0,0,,
2024-10-17,03:15,19.9,17.8,88.0,ESE,3.2,9.7,1017.75,0.0,0.0,0,0,,
2024-10-17,03:30,19.9,17.8,88.0,ESE,3.2,11.3,1017.64,0.0,0.0,0,0,,
2024-10-17,03:45,20.0,17.8,87.0,ESE,3.2,9.7,1017.78,0.0,0.0,0,0,,
2024-10-17,04:00,20.6,18.3,88.0,SE,4.8,14.5,1017.88,0.0,0.0,0,0,,
2024-10-17,04:15,20.6,18.3,87.0,ESE,3.2,6.4,1017.54,0.0,0.0,0,0,,
2024-10-17,04:30,20.9,18.9,89.0,SE,25.7,25.7,1017.31,0.0,0.0,0,0,,
2024-10-17,04:45,20.1,17.8,89.0,ESE,16.1,25.7,1017.07,0.0,0.0,0,0,,
2024-10-17,05:00,19.7,17.8,90.0,ESE,12.9,24.1,1017.14,0.0,0.0,0,0,,
2024-10-17,05:15,19.4,17.8,90.0,EAST,9.7,25.7,1016.97,0.0,0.0,0,0,,
2024-10-17,05:30,19.3,17.8,91.0,EAST,6.4,24.1,1016.46,0.0,0.0,0,0,,
2024-10-17,05:45,19.6,18.3,92.0,EAST,14.5,24.1,1016.05,0.0,0.0,0,0,,
2024-10-17,06:00,19.6,18.3,92.0,ENE,16.1,22.5,1015.85,0.0,0.0,0,0,,
2024-10-17,06:15,19.4,17.8,91.0,EAST,6.4,19.3,1015.92,0.0,0.0,0,0,,
2024-10-17,06:30,19.3,17.8,91.0,SE,4.8,12.9,1015.95,0.0,0.0,0,0,,
2024-10-17,06:45,19.2,17.2,90.0,NORTH,0.0,12.9,1016.05,0.0,0.0,0,0,,
2024-10-17,07:00,19.2,17.2,90.0,SE,1.6,3.2,1015.95,0.0,0.0,0,0,,
2024-10-17,07:15,19.1,17.2,90.0,SE,4.8,8.0,1016.09,0.0,0.0,0,0,,
2024-10-17,07:30,19.1,17.2,89.0,SE,11.3,14.5,1016.42,0.0,0.0,0,0,,
2024-10-17,07:45,19.6,17.2,88.0,SE,6.4,12.9,1016.63,0.0,0.0,0,0,,
2024-10-17,08:00,19.9,17.8,89.0,SE,14.5,17.7,1016.76,0.0,0.0,0,7,,
2024-10-17,08:15,19.8,17.8,89.0,ESE,6.4,12.9,1017.1,0.0,0.0,0,21,,
2024-10-17,08:30,19.9,17.8,89.0,ESE,6.4,11.3,1017.31,0.0,0.0,0,26,,
2024-10-17,08:45,19.8,17.8,90.0,ESE,6.4,12.9,1017.71,0.0,0.0,0,74,,
2024-10-17,09:00,20.3,18.9,91.0,SE,8.0,16.1,1017.81,0.0,0.0,0,193,,
2024-10-17,09:15,20.5,18.3,90.0,EAST,4.8,12.9,1017.88,0.0,0.0,1,160,,
2024-10-17,09:30,20.3,18.3,88.0,EAST,3.2,12.9,1018.08,0.0,0.0,1,113,,
2024-10-17,09:45,20.8,18.3,86.0,EAST,4.8,14.5,1018.08,0.0,0.0,1,339,,
2024-10-17,10:15,20.7,17.8,85.0,EAST,9.7,14.5,1018.02,0.0,0.0,1,376,,
2024-10-17,10:30,21.3,18.3,83.0,EAST,14.5,16.1,1018.12,0.0,0.0,1,221,,
2024-10-17,10:45,21.9,18.3,81.0,EAST,11.3,17.7,1018.25,0.0,0.0,1,185,,
2024-10-17,11:00,22.3,18.9,83.0,ESE,11.3,16.1,1018.22,0.0,0.0,2,272,,
2024-10-17,11:15,22.6,18.9,82.0,ENE,12.9,22.5,1018.22,0.0,0.0,2,287,,
2024-10-17,11:30,22.6,18.9,82.0,NE,17.7,20.9,1018.12,0.0,0.0,3,450,,
2024-10-17,11:45,22.8,18.9,81.0,EAST,19.3,20.9,1018.32,0.0,0.0,2,174,,
2024-10-17,12:00,22.9,19.4,82.0,ESE,6.4,17.7,1018.32,0.0,0.0,1,98,,
2024-10-17,12:15,22.9,19.4,83.0,ESE,11.3,19.3,1018.19,0.0,0.0,3,388,,
2024-10-17,12:30,23.2,20.0,84.0,ESE,11.3,16.1,1018.12,0.0,0.0,3,886,,
2024-10-17,12:45,23.6,20.0,81.0,EAST,16.1,20.9,1018.22,0.0,0.0,2,251,,
2024-10-17,13:00,24.3,20.6,81.0,EAST,14.5,16.1,1018.25,0.0,0.0,4,696,,
2024-10-17,13:15,24.8,20.6,77.0,SE,6.4,19.3,1017.81,0.0,0.0,4,712,,
2024-10-17,13:30,24.6,20.0,77.0,ESE,11.3,17.7,1017.75,0.0,0.0,4,682,,
2024-10-17,13:45,24.7,19.4,74.0,ENE,3.2,14.5,1017.85,0.0,0.0,3,397,,
2024-10-17,14:00,24.9,19.4,73.0,NORTH,0.0,11.3,1017.54,0.0,0.0,2,283,,
2024-10-17,14:15,25.1,20.0,73.0,EAST,11.3,14.5,1017.37,0.0,0.0,2,244,,
2024-10-17,14:30,24.6,19.4,75.0,NE,4.8,12.9,1017.17,0.0,0.0,2,202,,
2024-10-17,14:45,24.7,19.4,74.0,ESE,3.2,11.3,1016.7,0.0,0.0,1,176,,
2024-10-17,15:00,24.8,19.4,73.0,NORTH,0.0,6.4,1016.76,0.0,0.0,1,100,,
2024-10-17,15:15,24.9,19.4,73.0,NW,8.0,9.7,1016.63,0.0,0.0,1,104,,
2024-10-17,15:30,24.4,19.4,75.0,WNW,4.8,12.9,1016.7,0.0,0.0,1,225,,
2024-10-17,15:45,24.9,19.4,73.0,WNW,9.7,19.3,1016.73,0.0,0.0,1,141,,
2024-10-17,16:00,24.9,19.4,72.0,WNW,17.7,27.4,1016.86,0.0,0.0,2,552,,
2024-10-17,16:15,24.9,18.9,71.0,WEST,14.5,27.4,1016.73,0.0,0.0,1,413,,
2024-10-17,16:30,24.2,18.3,70.0,WNW,12.9,35.4,1016.83,0.0,0.0,1,309,,
2024-10-17,16:45,24.1,18.3,70.0,NW,14.5,37.0,1016.83,0.0,0.0,1,188,,
2024-10-17,17:00,24.1,17.8,70.0,WEST,9.7,27.4,1016.73,0.0,0.0,1,264,,
2024-10-17,17:15,23.6,18.3,73.0,WNW,12.9,32.2,1017,0.0,0.0,0,230,,
2024-10-17,17:30,23.3,18.9,77.0,WEST,24.1,32.2,1016.56,0.0,0.0,0,128,,
2024-10-17,17:45,23.0,18.3,76.0,WNW,14.5,29.0,1016.53,0.0,0.0,0,88,,
2024-10-17,18:00,22.6,18.3,77.0,WNW,12.9,27.4,1016.59,0.0,0.0,0,28,,
2024-10-17,18:15,22.3,18.3,78.0,WEST,6.4,16.1,1016.59,0.0,0.0,0,19,,
2024-10-17,18:30,22.3,17.8,78.0,NORTH,0.0,11.3,1016.76,0.0,0.0,0,14,,
2024-10-17,18:45,22.2,17.8,78.0,WEST,1.6,4.8,1016.83,0.0,0.0,0,0,,
2024-10-17,19:00,21.8,17.8,78.0,NORTH,0.0,3.2,1017.14,0.0,0.0,0,0,,
2024-10-17,19:15,21.7,17.8,80.0,WEST,6.4,17.7,1017.37,0.0,0.0,0,0,,
2024-10-17,19:30,21.4,17.8,81.0,WSW,1.6,14.5,1017.54,0.0,0.0,0,0,,
2024-10-17,19:45,21.3,17.8,81.0,WSW,1.6,3.2,1017.61,0.0,0.0,0,0,,
2024-10-17,20:00,21.1,17.8,82.0,NORTH,0.0,4.8,1017.75,0.0,0.0,0,0,,
2024-10-17,20:15,20.8,17.8,83.0,NORTH,0.0,3.2,1017.78,0.0,0.0,0,0,,
2024-10-17,20:30,20.6,17.8,84.0,WEST,6.4,12.9,1017.88,0.0,0.0,0,0,,
2024-10-17,20:45,20.4,17.8,85.0,WEST,4.8,12.9,1017.68,0.0,0.0,0,0,,
2024-10-17,21:00,20.2,17.2,85.0,NORTH,0.0,6.4,1017.78,0.0,0.0,0,0,,
2024-10-17,21:15,19.9,17.2,85.0,NORTH,0.0,3.2,1017.61,0.0,0.0,0,0,,
2024-10-17,21:30,19.9,17.2,86.0,WEST,6.4,9.7,1017.78,0.0,0.0,0,0,,
2024-10-17,21:45,19.9,17.2,86.0,WNW,4.8,11.3,1018.05,0.0,0.0,0,0,,
2024-10-17,22:00,19.9,17.2,85.0,WEST,6.4,12.9,1018.08,0.0,0.0,0,0,,
2024-10-17,22:15,19.9,17.2,85.0,WEST,11.3,11.3,1018.29,0.0,0.0,0,0,,
2024-10-17,22:30,19.9,17.2,85.0,WNW,8.0,14.5,1018.19,0.0,0.0,0,0,,
2024-10-17,22:45,19.8,17.2,84.0,WEST,6.4,11.3,1018.52,0.0,0.0,0,0,,
2024-10-17,23:00,19.7,16.7,84.0,WNW,6.4,14.5,1018.52,0.0,0.0,0,0,,
2024-10-17,23:15,19.8,17.2,84.0,WEST,4.8,16.1,1018.19,0.0,0.0,0,0,,
2024-10-17,23:30,19.8,17.2,84.0,WEST,6.4,14.5,1018.32,0.0,0.0,0,0,,
2024-10-17,23:45,19.7,16.7,84.0,WEST,4.8,12.9,1018.22,0.0,0.0,0,0,,
2024-10-18,00:00,19.7,16.7,85.0,WEST,3.2,11.3,1018.19,0.0,0.0,0,0,,
2024-10-18,00:15,19.7,16.7,85.0,WEST,3.2,4.8,1018.02,0.0,0.0,0,0,,
2024-10-18,00:30,19.6,16.7,85.0,NORTH,0.0,3.2,1018.02,0.0,0.0,0,0,,
2024-10-18,00:45,19.4,16.7,85.0,WEST,1.6,3.2,1018.12,0.0,0.0,0,0,,
2024-10-18,01:00,19.3,16.7,85.0,WEST,1.6,4.8,1018.05,0.0,0.0,0,0,,
2024-10-18,01:15,19.4,16.7,86.0,SOUTH,1.6,6.4,1018.66,0.0,0.0,0,0,,
2024-10-18,01:30,19.3,16.7,86.0,SSE,1.6,9.7,1018.56,0.0,0.0,0,0,,
2024-10-18,01:45,18.9,16.1,86.0,SSW,8.0,11.3,1018.63,0.0,0.0,0,0,,
2024-10-18,02:00,18.8,16.1,86.0,WEST,9.7,16.1,1018.46,0.0,0.0,0,0,,
2024-10-18,02:15,18.7,16.1,85.0,WNW,16.1,24.1,1018.66,0.0,0.0,0,0,,
2024-10-18,02:30,18.1,15.0,83.0,WNW,12.9,29.0,1019.13,0.0,0.0,0,0,,
2024-10-18,02:45,17.2,13.9,83.0,WNW,4.8,19.3,1018.76,0.0,0.0,0,0,,
2024-10-18,03:00,16.8,13.9,84.0,NW,3.2,11.3,1018.19,0.0,0.0,0,0,,
2024-10-18,03:15,16.4,13.9,85.0,NORTH,0.0,4.8,1018.25,0.0,0.0,0,0,,
2024-10-18,03:30,16.4,13.9,85.0,ENE,3.2,1.6,1018.59,0.0,0.0,0,0,,
2024-10-18,03:45,16.2,13.3,86.0,ENE,1.6,4.8,1018.15,0.0,0.0,0,0,,
2024-10-18,04:00,15.8,13.3,86.0,ENE,3.2,3.2,1018.05,0.0,0.0,0,0,,
2024-10-18,04:15,15.8,13.3,87.0,ENE,3.2,3.2,1018.19,0.0,0.0,0,0,,
2024-10-18,04:30,15.8,13.3,87.0,NORTH,0.0,4.8,1017.91,0.0,0.0,0,0,,
2024-10-18,04:45,15.9,13.9,88.0,NORTH,0.0,3.2,1017.95,0.0,0.0,0,0,,
2024-10-18,05:00,16.0,13.9,88.0,NORTH,0.0,3.2,1017.91,0.0,0.0,0,0,,
2024-10-18,05:15,16.1,13.9,88.0,NORTH,0.0,0.0,1017.78,0.0,0.0,0,0,,
2024-10-18,05:30,16.1,13.9,88.0,ENE,1.6,4.8,1017.78,0.0,0.0,0,0,,
2024-10-18,05:45,16.1,13.9,89.0,ENE,3.2,6.4,1017.81,0.0,0.0,0,0,,
2024-10-18,06:00,16.2,14.4,89.0,ESE,3.2,6.4,1017.88,0.0,0.0,0,0,,
2024-10-18,06:15,16.1,13.9,89.0,ESE,3.2,9.7,1017.78,0.0,0.0,0,0,,
2024-10-18,06:30,15.9,13.9,89.0,ESE,1.6,4.8,1018.15,0.0,0.0,0,0,,
2024-10-18,06:45,15.8,13.9,89.0,ESE,1.6,4.8,1018.08,0.0,0.0,0,0,,
2024-10-18,07:00,15.8,13.9,89.0,NORTH,0.0,3.2,1018.05,0.0,0.0,0,0,,
2024-10-18,07:15,15.8,13.9,90.0,ESE,6.4,9.7,1017.98,0.0,0.0,0,0,,
2024-10-18,07:30,16.3,14.4,90.0,SE,4.8,11.3,1017.95,0.0,0.0,0,0,,
2024-10-18,07:45,16.4,14.4,90.0,SE,4.8,11.3,1018.08,0.0,0.0,0,0,,
2024-10-18,08:00,16.5,14.4,90.0,SE,4.8,6.4,1018.19,0.0,0.0,0,9,,
2024-10-18,08:15,16.6,14.4,89.0,SSE,3.2,6.4,1018.08,0.0,0.0,0,12,,
2024-10-18,08:30,16.7,14.4,89.0,SSE,1.6,6.4,1018.39,0.0,0.0,0,30,,
2024-10-18,08:45,16.6,14.4,89.0,SE,1.6,4.8,1018.66,0.0,0.0,0,144,,
2024-10-18,09:00,17.3,15.0,89.0,SE,1.6,4.8,1018.42,0.0,0.0,0,188,,
2024-10-18,09:15,17.7,15.0,86.0,ESE,4.8,11.3,1018.49,0.0,0.0,0,258,,
2024-10-18,09:30,18.3,15.6,84.0,ESE,3.2,9.7,1018.56,0.0,0.0,1,107,,
2024-10-18,09:45,18.9,15.6,81.0,SE,6.4,12.9,1018.49,0.0,0.0,1,387,,
2024-10-18,10:00,19.2,15.6,80.0,SE,3.2,16.1,1018.35,0.0,0.0,1,394,,
2024-10-18,10:15,19.3,15.6,79.0,SE,4.8,12.9,1018.42,0.0,0.0,1,290,,
2024-10-18,10:30,19.4,15.6,79.0,SSE,6.4,14.5,1018.59,0.0,0.0,2,288,,
2024-10-18,10:45,19.1,15.6,80.0,SE,8.0,14.5,1018.59,0.0,0.0,1,74,,
2024-10-18,11:00,19.3,15.6,80.0,SE,11.3,16.1,1018.49,0.0,0.0,2,480,,
2024-10-18,11:15,19.4,15.6,79.0,EAST,9.7,16.1,1018.49,0.0,0.0,2,239,,
2024-10-18,11:30,19.6,15.6,79.0,SE,16.1,16.1,1018.63,0.0,0.0,1,192,,
2024-10-18,11:45,19.8,16.1,79.0,SSE,4.8,14.5,1018.46,0.0,0.0,2,345,,
2024-10-18,12:00,19.9,15.6,77.0,SSE,9.7,17.7,1018.39,0.0,0.0,1,134,,
2024-10-18,12:15,19.9,15.6,77.0,SE,3.2,12.9,1018.39,0.0,0.0,2,295,,
2024-10-18,12:30,20.1,15.6,77.0,SSE,4.8,12.9,1018.29,0.0,0.0,2,269,,
2024-10-18,12:45,20.2,15.6,77.0,SOUTH,1.6,8.0,1018.39,0.0,0.0,2,206,,
2024-10-18,13:00,20.9,15.6,72.0,WEST,6.4,14.5,1017.98,0.0,0.0,2,285,,
2024-10-18,13:15,20.6,15.6,74.0,WEST,6.4,16.1,1017.78,0.0,0.0,2,278,,
2024-10-18,13:30,20.7,15.6,74.0,WNW,11.3,16.1,1017.71,0.0,0.0,2,227,,
2024-10-18,13:45,20.3,15.6,74.0,NW,14.5,24.1,1017.64,0.0,0.0,1,151,,
2024-10-18,14:00,20.3,15.0,73.0,WEST,14.5,25.7,1017.54,0.0,0.0,2,260,,
2024-10-18,14:15,20.3,15.0,72.0,WNW,16.1,30.6,1017.14,0.0,0.0,2,190,,
2024-10-18,14:30,19.2,14.4,76.0,SSW,9.7,43.5,1017.14,0.0,0.0,1,181,,
2024-10-18,14:45,18.7,15.0,80.0,WEST,6.4,22.5,1017.03,0.0,0.0,1,142,,
2024-10-18,15:00,18.7,15.0,80.0,WEST,9.7,17.7,1017.03,0.0,0.0,0,70,,
2024-10-18,15:15,18.8,15.0,80.0,NORTH,0.0,6.4,1017.14,0.0,0.0,0,42,,
2024-10-18,15:30,18.6,15.0,81.0,NW,1.6,6.4,1016.97,0.0,0.0,0,72,,
2024-10-18,15:45,18.8,15.6,81.0,WNW,4.8,14.5,1016.83,0.0,0.0,0,97,,
2024-10-18,16:00,19.0,16.1,84.0,WNW,1.6,11.3,1016.9,0.0,0.0,1,176,,
2024-10-18,16:15,18.9,15.6,82.0,WNW,9.7,16.1,1016.8,0.0,0.0,1,146,,
2024-10-18,16:30,19.0,15.0,78.0,WNW,11.3,24.1,1016.86,0.0,0.0,0,104,,
2024-10-18,16:45,19.1,15.0,77.0,NW,1.6,12.9,1017.17,0.0,0.0,0,37,,
2024-10-18,17:00,18.2,15.0,83.0,ENE,4.8,14.5,1016.56,0.0,0.0,0,70,,
2024-10-18,17:15,17.9,15.0,84.0,NORTH,0.0,6.4,1016.66,0.0,0.0,0,44,,
2024-10-18,17:30,17.9,15.0,84.0,NORTH,0.0,1.6,1016.86,0.0,0.0,0,25,,
2024-10-18,17:45,17.9,15.0,84.0,NORTH,0.0,3.2,1016.97,0.0,0.0,0,11,,
2024-10-18,18:00,17.9,15.0,84.0,ENE,1.6,4.8,1017.31,0.0,0.0,0,0,,
2024-10-18,18:15,17.7,15.0,84.0,EAST,3.2,6.4,1017.14,0.0,0.0,0,0,,
2024-10-18,18:30,17.6,15.0,84.0,NORTH,0.0,4.8,1017,0.0,0.0,0,0,,
2024-10-18,18:45,17.4,14.4,85.0,EAST,1.6,3.2,1017.14,0.0,0.0,0,0,,
2024-10-18,19:15,17.1,14.4,87.0,NORTH,0.0,1.6,1016.7,0.0,0.0,0,0,,
2024-10-18,19:30,16.9,14.4,87.0,EAST,3.2,6.4,1016.7,0.0,0.0,0,0,,
2024-10-18,19:45,16.8,14.4,88.0,NORTH,0.0,3.2,1016.56,0.0,0.0,0,0,,
2024-10-18,20:00,16.7,14.4,88.0,NORTH,0.0,0.0,1016.53,0.0,0.0,0,0,,
2024-10-18,20:15,16.5,14.4,88.0,NORTH,0.0,0.0,1016.42,0.0,0.0,0,0,,
2024-10-18,20:30,16.4,14.4,89.0,ENE,1.6,4.8,1016.46,0.0,0.0,0,0,,
2024-10-18,20:45,16.4,14.4,89.0,NORTH,0.0,6.4,1016.66,0.0,0.0,0,0,,
2024-10-18,21:00,16.5,14.4,90.0,NORTH,0.0,6.4,1016.63,0.0,0.0,0,0,,
2024-10-18,21:15,16.5,14.4,90.0,SSE,4.8,6.4,1017.17,0.0,0.0,0,0,,
2024-10-18,21:30,16.4,14.4,90.0,WEST,9.7,12.9,1016.9,0.0,0.0,0,0,,
2024-10-18,21:45,16.3,14.4,91.0,WNW,6.4,19.3,1017.14,0.0,0.0,0,0,,
2024-10-18,22:00,16.0,14.4,91.0,WNW,6.4,20.9,1016.86,0.0,0.0,0,0,,
2024-10-18,22:15,15.8,14.4,91.0,WEST,3.2,17.7,1017.03,0.0,0.0,0,0,,
2024-10-18,22:30,15.8,14.4,91.0,WEST,9.7,16.1,1017.2,0.0,0.0,0,0,,
2024-10-18,22:45,15.8,14.4,91.0,WEST,3.2,17.7,1017.2,0.0,0.0,0,0,,
2024-10-18,23:00,15.8,14.4,91.0,WEST,6.4,12.9,1017.24,0.0,0.0,0,0,,
2024-10-18,23:15,15.8,14.4,91.0,WNW,6.4,14.5,1016.97,0.0,0.0,0,0,,
2024-10-18,23:30,15.8,14.4,92.0,WEST,6.4,9.7,1016.63,0.0,0.0,0,0,,
2024-10-18,23:45,15.8,14.4,92.0,NORTH,0.0,12.9,1015.88,0.0,0.0,0,0,,
2024-10-19,00:00,15.6,13.9,92.0,,1.6,8.0,1015.51,0.0,0.0,0,0,,
2024-10-19,00:15,15.6,13.9,92.0,WEST,1.6,12.9,1015.44,0.0,0.0,0,0,,
2024-10-19,00:30,15.5,13.9,92.0,,1.6,4.8,1015.44,0.0,0.0,0,0,,
2024-10-19,00:45,15.2,13.9,92.0,,3.2,4.8,1015.21,0.0,0.0,0,0,,
2024-10-19,01:00,15.1,13.3,92.0,NORTH,0.0,6.4,1015.44,0.0,0.0,0,0,,
2024-10-19,01:15,15.1,13.9,92.0,NE,1.6,4.8,1015.51,0.0,0.0,0,0,,
2024-10-19,01:30,15.2,13.9,92.0,NW,3.2,6.4,1015.34,0.0,0.0,0,0,,
2024-10-19,01:45,15.1,13.9,92.0,WNW,4.8,14.5,1015.48,0.0,0.0,0,0,,
2024-10-19,02:00,15.1,13.9,92.0,NORTH,0.0,1.6,1015.17,0.0,0.0,0,0,,
2024-10-19,02:15,15.0,13.3,92.0,NORTH,0.0,3.2,1015.34,0.0,0.0,0,0,,
2024-10-19,02:30,14.9,13.3,92.0,NORTH,0.0,1.6,1015.37,0.0,0.0,0,0,,
2024-10-19,02:45,14.9,13.3,92.0,WSW,3.2,6.4,1015.21,0.0,0.0,0,0,,
2024-10-19,03:00,15.0,13.3,92.0,WSW,3.2,14.5,1015.14,0.0,0.0,0,0,,
2024-10-19,03:15,14.9,13.3,92.0,WEST,6.4,12.9,1015.21,0.0,0.0,0,0,,
2024-10-19,03:30,14.8,13.3,92.0,WEST,1.6,12.9,1015.07,0.0,0.0,0,0,,
2024-10-19,03:45,14.9,13.3,92.0,WEST,6.4,11.3,1014.93,0.0,0.0,0,0,,
2024-10-19,04:00,14.9,13.3,93.0,WNW,6.4,11.3,1014.77,0.0,0.0,0,0,,
2024-10-19,04:15,14.9,13.3,93.0,NW,1.6,20.9,1014.39,0.0,0.0,0,0,,
2024-10-19,04:30,14.8,13.3,93.0,NORTH,0.0,6.4,1014.39,0.0,0.0,0,0,,
2024-10-19,04:45,14.7,13.3,92.0,WNW,4.8,4.8,1014.26,0.0,0.0,0,0,,
2024-10-19,05:00,14.7,13.3,93.0,WNW,6.4,14.5,1014.22,0.0,0.0,0,0,,
2024-10-19,05:15,14.6,13.3,93.0,WEST,6.4,9.7,1014.05,0.0,0.0,0,0,,
2024-10-19,05:30,14.6,13.3,93.0,WNW,3.2,14.5,1014.39,0.0,0.0,0,0,,
2024-10-19,05:45,14.6,13.3,93.0,NW,1.6,9.7,1014.16,0.0,0.0,0,0,,
2024-10-19,06:00,14.7,13.3,93.0,NORTH,0.0,8.0,1014.29,0.0,0.0,0,0,,
2024-10-19,06:15,14.4,13.3,93.0,NNW,6.4,12.9,1014.12,0.0,0.0,0,0,,
2024-10-19,06:30,14.3,12.8,93.0,NNW,9.7,14.5,1014.12,0.0,0.0,0,0,,
2024-10-19,06:45,14.3,12.8,92.0,NW,6.4,12.9,1014.12,0.0,0.0,0,0,,
2024-10-19,07:00,14.3,12.8,93.0,NORTH,0.0,12.9,1014.09,0.0,0.0,0,0,,
2024-10-19,07:15,14.4,12.8,92.0,NORTH,0.0,1.6,1013.88,0.0,0.0,0,0,,
2024-10-19,07:30,14.3,12.8,92.0,NORTH,0.0,4.8,1013.99,0.0,0.0,0,0,,
2024-10-19,07:45,14.3,12.8,92.0,WEST,3.2,6.4,1014.29,0.0,0.0,0,0,,
2024-10-19,08:00,13.9,12.2,92.0,WNW,6.4,14.5,1014.29,0.0,0.0,0,7,,
2024-10-19,08:15,13.8,12.2,92.0,WEST,12.9,25.7,1014.43,0.0,0.0,0,14,,
2024-10-19,08:30,13.9,12.2,92.0,WNW,16.1,17.7,1014.6,0.0,0.0,0,19,,
2024-10-19,08:45,13.9,12.2,92.0,WNW,8.0,19.3,1014.77,0.0,0.0,0,44,,
2024-10-19,09:00,14.1,12.8,92.0,WNW,3.2,19.3,1014.87,0.0,0.0,0,54,,
2024-10-19,09:15,14.4,12.8,91.0,WEST,11.3,14.5,1015.1,0.0,0.0,0,58,,
2024-10-19,09:30,14.6,12.8,90.0,NNW,8.0,20.9,1015.07,0.0,0.0,0,134,,
2024-10-19,09:45,15.1,12.8,87.0,NW,8.0,19.3,1014.97,0.0,0.0,0,105,,
2024-10-19,10:00,15.3,12.2,84.0,NW,9.7,19.3,1015.17,0.0,0.0,1,146,,
2024-10-19,10:15,15.6,12.8,84.0,WNW,6.4,25.7,1015.17,0.0,0.0,1,246,,
2024-10-19,10:30,15.4,12.8,86.0,WEST,11.3,24.1,1015.14,0.0,0.0,1,162,,
2024-10-19,10:45,15.5,12.8,85.0,WEST,11.3,22.5,1015.07,0.0,0.0,1,197,,
2024-10-19,11:00,15.9,12.8,84.0,WNW,19.3,24.1,1014.93,0.0,0.0,1,151,,
2024-10-19,11:15,16.1,12.8,82.0,WEST,12.9,24.1,1014.97,0.0,0.0,1,165,,
2024-10-19,11:30,16.2,12.8,80.0,WEST,19.3,30.6,1015.07,0.0,0.0,1,244,,
2024-10-19,11:45,16.4,12.8,78.0,WNW,16.1,41.8,1015.17,0.0,0.0,1,236,,
2024-10-19,12:00,16.6,12.8,78.0,NW,14.5,38.6,1015.61,0.0,0.0,1,221,,
2024-10-19,12:15,16.8,12.2,76.0,WNW,16.1,38.6,1015.44,0.0,0.0,2,244,,
2024-10-19,12:30,16.8,12.8,77.0,WEST,14.5,40.2,1015.51,0.0,0.0,2,218,,
2024-10-19,12:45,17.0,12.8,76.0,WNW,12.9,32.2,1015.48,0.0,0.0,2,192,,
2024-10-19,13:00,17.1,12.2,74.0,NW,17.7,41.8,1015.24,0.0,0.0,2,216,,
2024-10-19,13:15,17.4,12.2,73.0,WEST,37.0,45.1,1015.21,0.0,0.0,2,418,,
2024-10-19,13:30,17.6,12.8,73.0,WEST,30.6,48.3,1015.31,0.0,0.0,2,248,,
2024-10-19,13:45,17.5,12.2,73.0,NW,27.4,46.7,1015.37,0.0,0.0,2,287,,
2024-10-19,14:00,17.7,12.2,72.0,WEST,35.4,38.6,1015.1,0.0,0.0,2,325,,
2024-10-19,14:15,17.8,12.8,72.0,NW,12.9,38.6,1015.07,0.0,0.0,3,492,,
2024-10-19,14:30,18.2,12.8,72.0,WNW,14.5,41.8,1014.73,0.0,0.0,3,628,,
2024-10-19,14:45,18.3,12.8,71.0,WNW,20.9,32.2,1014.77,0.0,0.0,2,403,,
2024-10-19,15:00,18.6,13.3,71.0,WEST,22.5,35.4,1014.77,0.0,0.0,3,436,,
2024-10-19,15:15,18.6,12.8,69.0,WNW,22.5,37.0,1014.73,0.0,0.0,2,617,,
2024-10-19,15:30,18.8,12.2,66.0,WNW,14.5,40.2,1014.49,0.0,0.0,2,439,,
2024-10-19,15:45,18.6,12.2,68.0,WEST,20.9,40.2,1014.7,0.0,0.0,1,320,,
2024-10-19,16:00,18.5,12.2,69.0,WEST,25.7,40.2,1014.8,0.0,0.0,1,260,,
2024-10-19,16:15,18.4,12.2,69.0,NW,29.0,40.2,1014.73,0.0,0.0,1,339,,
2024-10-19,16:30,18.2,12.8,71.0,WNW,22.5,41.8,1014.73,0.0,0.0,1,241,,
2024-10-19,16:45,18.2,12.8,71.0,WEST,25.7,40.2,1014.97,0.0,0.0,1,304,,
2024-10-19,17:00,18.4,12.8,70.0,WEST,20.9,37.0,1014.8,0.0,0.0,1,350,,
2024-10-19,17:15,18.1,12.2,70.0,WEST,29.0,40.2,1014.8,0.0,0.0,0,153,,
2024-10-19,17:45,17.9,12.2,71.0,WEST,27.4,43.5,1014.7,0.0,0.0,0,169,,
2024-10-19,18:00,17.6,12.2,71.0,WNW,25.7,41.8,1014.83,0.0,0.0,0,93,,
2024-10-19,18:15,17.4,12.2,71.0,WNW,27.4,43.5,1014.93,0.0,0.0,0,49,,
2024-10-19,18:30,17.2,12.2,72.0,WNW,17.7,33.8,1015.07,0.0,0.0,0,16,,
2024-10-19,18:45,16.9,12.2,74.0,WNW,20.9,33.8,1015.37,0.0,0.0,0,0,,
2024-10-19,19:00,16.7,12.2,76.0,WNW,12.9,30.6,1015.41,0.0,0.0,0,0,,
2024-10-19,19:15,16.4,12.2,77.0,WNW,11.3,24.1,1015.71,0.0,0.0,0,0,,
2024-10-19,19:30,16.3,12.2,79.0,WNW,16.1,19.3,1015.78,0.0,0.0,0,0,,
2024-10-19,19:45,16.1,12.2,80.0,WNW,17.7,25.7,1015.65,0.0,0.0,0,0,,
2024-10-19,20:00,15.9,12.2,81.0,WEST,20.9,25.7,1015.98,0.0,0.0,0,0,,
2024-10-19,20:15,15.8,12.2,81.0,NW,12.9,25.7,1015.78,0.0,0.0,0,0,,
2024-10-19,20:30,15.7,12.2,82.0,WNW,11.3,27.4,1016.02,0.0,0.0,0,0,,
2024-10-19,20:45,15.5,12.2,82.0,WNW,12.9,24.1,1015.95,0.0,0.0,0,0,,
2024-10-19,21:00,15.4,12.2,83.0,WNW,12.9,27.4,1016.05,0.0,0.0,0,0,,
2024-10-19,21:15,15.4,12.2,83.0,WNW,14.5,29.0,1016.12,0.0,0.0,0,0,,
2024-10-19,21:30,15.4,12.2,83.0,WNW,12.9,32.2,1016.22,0.0,0.0,0,0,,
2024-10-19,21:45,15.4,12.2,83.0,WNW,14.5,24.1,1016.49,0.0,0.0,0,0,,
2024-10-19,22:00,15.2,12.2,83.0,WNW,12.9,22.5,1016.76,0.0,0.0,0,0,,
2024-10-19,22:15,15.3,12.2,84.0,WNW,14.5,24.1,1016.86,0.0,0.0,0,0,,
2024-10-19,22:30,15.3,12.2,84.0,WNW,11.3,16.1,1016.97,0.0,0.0,0,0,,
2024-10-19,22:45,15.3,12.2,84.0,NW,6.4,19.3,1016.93,0.0,0.0,0,0,,
2024-10-19,23:00,15.2,12.2,84.0,WNW,3.2,11.3,1016.9,0.0,0.0,0,0,,
2024-10-19,23:15,15.2,12.2,84.0,WNW,6.4,17.7,1016.93,0.0,0.0,0,0,,
2024-10-19,23:30,15.4,12.8,84.0,WNW,11.3,20.9,1016.73,0.0,0.0,0,0,,
2024-10-19,23:45,15.4,12.8,84.0,WNW,8.0,20.9,1016.7,0.0,0.0,0,0,,
2024-10-20,00:00,15.3,12.2,84.0,NW,3.2,20.9,1016.66,0.0,0.0,0,0,,
2024-10-20,00:15,15.0,12.2,84.0,NW,3.2,4.8,1016.83,0.0,0.0,0,0,,
2024-10-20,00:30,14.8,12.2,84.0,NORTH,0.0,6.4,1016.7,0.0,0.0,0,0,,
2024-10-20,00:45,14.7,11.7,84.0,NW,6.4,8.0,1016.8,0.0,0.0,0,0,,
2024-10-20,01:00,14.9,12.2,85.0,WNW,8.0,19.3,1016.46,0.0,0.0,0,0,,
2024-10-20,01:15,15.0,12.2,85.0,WNW,12.9,22.5,1016.46,0.0,0.0,0,0,,
2024-10-20,01:30,15.0,12.2,85.0,WEST,19.3,20.9,1016.59,0.0,0.0,0,0,,
2024-10-20,01:45,15.0,12.2,85.0,NW,6.4,20.9,1016.93,0.0,0.0,0,0,,
2024-10-20,02:00,14.6,11.7,85.0,NORTH,0.0,6.4,1016.97,0.0,0.0,0,0,,
2024-10-20,02:15,14.2,11.7,85.0,NORTH,0.0,3.2,1017.03,0.0,0.0,0,0,,
2024-10-20,02:30,14.1,11.7,85.0,NW,6.4,8.0,1017.03,0.0,0.0,0,0,,
2024-10-20,02:45,13.9,11.7,86.0,NW,3.2,6.4,1017.03,0.0,0.0,0,0,,
2024-10-20,03:00,13.9,11.1,86.0,NW,3.2,3.2,1016.59,0.0,0.0,0,0,,
2024-10-20,03:15,13.8,11.1,86.0,NW,4.8,9.7,1016.49,0.0,0.0,0,0,,
2024-10-20,03:30,13.8,11.1,86.0,NORTH,0.0,11.3,1016.29,0.0,0.0,0,0,,
2024-10-20,03:45,13.8,11.7,86.0,NW,8.0,9.7,1016.53,0.0,0.0,0,0,,
2024-10-20,04:00,14.1,11.7,86.0,NW,1.6,8.0,1016.53,0.0,0.0,0,0,,
2024-10-20,04:15,13.7,11.1,86.0,NNW,4.8,6.4,1016.32,0.0,0.0,0,0,,
2024-10-20,04:30,13.6,11.1,86.0,NNW,1.6,4.8,1016.29,0.0,0.0,0,0,,
2024-10-20,04:45,13.5,11.1,86.0,NORTH,0.0,1.6,1016.12,0.0,0.0,0,0,,
2024-10-20,05:00,14.0,11.7,87.0,WNW,3.2,11.3,1016.32,0.0,0.0,0,0,,
2024-10-20,05:15,14.5,12.2,88.0,WNW,8.0,14.5,1016.46,0.0,0.0,0,0,,
2024-10-20,05:30,14.5,12.2,88.0,WNW,3.2,6.4,1016.8,0.0,0.0,0,0,,
2024-10-20,05:45,14.6,12.8,89.0,NNW,4.8,8.0,1017.03,0.0,0.0,0,0,,
2024-10-20,06:00,14.7,12.8,89.0,NW,4.8,8.0,1017.24,0.0,0.0,0,0,,
2024-10-20,06:15,14.6,12.8,89.0,NW,6.4,8.0,1017.24,0.0,0.0,0,0,,
2024-10-20,06:30,14.5,12.8,89.0,NW,4.8,9.7,1017.14,0.0,0.0,0,0,,
2024-10-20,06:45,14.3,12.2,90.0,NW,1.6,3.2,1017.37,0.0,0.0,0,0,,
2024-10-20,07:00,14.2,12.2,89.0,NORTH,0.0,4.8,1017.27,0.0,0.0,0,0,,
2024-10-20,07:15,13.9,12.2,90.0,NORTH,0.0,0.0,1017.27,0.0,0.0,0,0,,
2024-10-20,07:30,13.8,11.7,90.0,NORTH,0.0,0.0,1017.51,0.0,0.0,0,0,,
2024-10-20,07:45,13.9,12.2,90.0,SW,1.6,4.8,1017.37,0.0,0.0,0,0,,
2024-10-20,08:00,14.4,12.8,90.0,WEST,9.7,12.9,1017.61,0.0,0.0,0,11,,
2024-10-20,08:15,14.5,12.8,90.0,WNW,3.2,14.5,1017.78,0.0,0.0,0,32,,
2024-10-20,08:30,14.5,12.8,90.0,WNW,3.2,4.8,1017.78,0.0,0.0,0,76,,
2024-10-20,08:45,15.1,13.3,90.0,NORTH,0.0,4.8,1017.78,0.0,0.0,0,155,,
2024-10-20,09:00,15.4,13.3,89.0,NORTH,0.0,3.2,1018.05,0.0,0.0,0,118,,
2024-10-20,09:15,15.7,13.3,88.0,NORTH,0.0,3.2,1018.29,0.0,0.0,0,67,,
2024-10-20,09:30,16.0,13.9,88.0,NORTH,0.0,1.6,1018.39,0.0,0.0,1,360,,
2024-10-20,09:45,16.7,13.9,85.0,NORTH,0.0,4.8,1018.22,0.0,0.0,1,111,,
2024-10-20,10:00,16.6,13.9,85.0,NORTH,0.0,4.8,1018.42,0.0,0.0,1,197,,
2024-10-20,10:15,16.8,13.9,85.0,NORTH,0.0,4.8,1018.46,0.0,0.0,2,452,,
2024-10-20,10:30,17.5,14.4,84.0,WNW,12.9,12.9,1018.49,0.0,0.0,2,489,,
2024-10-20,10:45,17.7,15.0,84.0,WNW,4.8,16.1,1018.66,0.0,0.0,2,125,,
2024-10-20,11:00,17.7,15.0,84.0,WEST,4.8,16.1,1018.8,0.0,0.0,2,348,,
2024-10-20,11:15,18.2,15.0,83.0,WEST,16.1,20.9,1018.86,0.0,0.0,2,497,,
2024-10-20,11:30,18.5,15.6,82.0,WSW,3.2,20.9,1019,0.0,0.0,2,381,,
2024-10-20,11:45,18.5,15.0,82.0,WEST,12.9,17.7,1019.03,0.0,0.0,2,257,,
2024-10-20,12:00,18.7,15.6,82.0,WEST,11.3,19.3,1019.17,0.0,0.0,2,272,,
2024-10-20,12:15,18.7,15.6,82.0,WNW,14.5,25.7,1019.2,0.0,0.0,1,144,,
2024-10-20,12:30,18.3,15.0,84.0,WNW,6.4,24.1,1019.17,0.0,0.0,1,134,,
2024-10-20,12:45,17.7,15.0,86.0,WEST,4.8,12.9,1019.17,0.0,0.0,1,139,,
2024-10-20,13:00,17.7,15.6,88.0,WEST,6.4,12.9,1019.17,0.0,0.0,2,341,,
2024-10-20,13:15,17.9,15.0,85.0,WNW,11.3,17.7,1019.13,0.0,0.0,2,267,,
2024-10-20,13:30,18.3,15.6,84.0,WEST,4.8,16.1,1019.07,0.0,0.0,2,243,,
2024-10-20,13:45,18.9,15.6,83.0,WNW,3.2,14.5,1019,0.0,0.0,2,350,,
2024-10-20,14:00,18.8,15.6,81.0,WEST,12.9,12.9,1018.83,0.0,0.0,2,267,,
2024-10-20,14:15,19.1,15.6,81.0,WEST,4.8,8.0,1018.83,0.0,0.0,2,294,,
2024-10-20,14:30,19.1,15.6,81.0,WEST,1.6,9.7,1018.59,0.0,0.0,3,480,,
2024-10-20,14:45,19.8,15.6,78.0,WSW,1.6,11.3,1018.49,0.0,0.0,3,722,,
2024-10-20,15:00,19.9,15.6,78.0,SSW,3.2,8.0,1018.52,0.0,0.0,2,420,,
2024-10-20,15:15,20.0,15.6,76.0,WEST,4.8,8.0,1018.52,0.0,0.0,2,309,,
2024-10-20,15:30,20.2,15.6,76.0,NORTH,0.0,8.0,1018.76,0.0,0.0,2,322,,
2024-10-20,15:45,20.4,15.6,74.0,WNW,11.3,11.3,1018.73,0.0,0.0,1,264,,
2024-10-20,16:00,20.1,15.0,74.0,WNW,6.4,14.5,1018.76,0.0,0.0,0,111,,
2024-10-20,16:15,19.9,15.0,75.0,WNW,6.4,12.9,1018.96,0.0,0.0,0,65,,
2024-10-20,16:30,19.8,15.6,76.0,WEST,3.2,17.7,1019.1,0.0,0.0,0,40,,
2024-10-20,16:45,19.1,15.6,81.0,SSW,3.2,4.8,1019.1,0.0,0.0,0,37,,
2024-10-20,17:00,18.9,16.1,84.0,,1.6,6.4,1019.24,0.0,0.0,0,14,,
2024-10-20,17:15,18.8,16.1,85.0,NORTH,0.0,1.6,1019.37,0.0,0.0,0,9,,
2024-10-20,17:30,18.8,16.1,86.0,NORTH,0.0,1.6,1019.37,0.0,0.0,0,0,,
2024-10-20,17:45,18.3,16.1,86.0,NORTH,0.0,6.4,1019.47,0.0,0.0,0,0,,
2024-10-20,18:00,18.1,15.6,87.0,NORTH,0.0,1.6,1019.64,0.0,0.0,0,0,,
2024-10-20,18:15,17.9,15.6,88.0,NORTH,0.0,0.0,1019.78,0.0,0.0,0,0,,
2024-10-20,18:30,17.8,15.6,88.0,NORTH,0.0,0.0,1019.81,0.0,0.0,0,0,,
2024-10-20,18:45,17.7,15.6,89.0,NORTH,0.0,0.0,1020.01,0.0,0.0,0,0,,
2024-10-20,19:00,17.4,15.6,89.0,ENE,8.0,12.9,1020.29,0.0,0.0,0,0,,
2024-10-20,19:15,17.3,15.6,89.0,NORTH,0.0,6.4,1020.39,0.0,0.0,0,0,,
2024-10-20,19:30,17.2,15.0,90.0,EAST,3.2,6.4,1020.59,0.0,0.0,0,0,,
2024-10-20,19:45,17.0,15.0,90.0,ESE,6.4,9.7,1020.62,0.0,0.0,0,0,,
2024-10-20,20:00,16.9,15.0,90.0,ESE,6.4,9.7,1020.89,0.0,0.0,0,0,,
2024-10-20,20:15,16.8,15.0,90.0,ESE,3.2,9.7,1020.93,0.0,0.0,0,0,,
2024-10-20,20:30,16.7,15.0,90.0,ESE,6.4,9.7,1021.1,0.0,0.0,0,0,,
2024-10-20,20:45,16.7,15.0,90.0,ESE,4.8,9.7,1021.2,0.0,0.0,0,0,,
2024-10-20,21:00,16.6,15.0,90.0,ESE,6.4,9.7,1021.44,0.0,0.0,0,0,,
2024-10-20,21:15,16.6,15.0,90.0,ESE,4.8,9.7,1021.54,0.0,0.0,0,0,,
2024-10-20,21:30,16.4,14.4,90.0,ESE,11.3,12.9,1021.5,0.0,0.0,0,0,,
2024-10-20,21:45,16.6,14.4,90.0,ESE,3.2,14.5,1021.54,0.0,0.0,0,0,,
2024-10-20,22:00,16.3,14.4,89.0,SE,1.6,9.7,1021.67,0.0,0.0,0,0,,
2024-10-20,22:15,16.3,14.4,89.0,ESE,6.4,11.3,1021.91,0.0,0.0,0,0,,
2024-10-20,22:30,16.2,14.4,89.0,ESE,6.4,11.3,1021.88,0.0,0.0,0,0,,
2024-10-20,22:45,16.2,14.4,89.0,ESE,1.6,6.4,1021.94,0.0,0.0,0,0,,
2024-10-20,23:00,16.2,14.4,89.0,ESE,3.2,6.4,1022.08,0.0,0.0,0,0,,
2024-10-20,23:15,16.1,13.9,89.0,NORTH,0.0,1.6,1022.25,0.0,0.0,0,0,,
2024-10-20,23:30,15.9,13.9,89.0,NORTH,0.0,1.6,1022.35,0.0,0.0,0,0,,
2024-10-20,23:45,15.8,13.9,89.0,ESE,1.6,4.8,1022.25,0.0,0.0,0,0,,
2024-10-21,00:00,15.4,13.3,89.0,ESE,4.8,4.8,1022.15,0.0,0.0,0,0,,
2024-10-21,00:15,15.3,13.3,90.0,NORTH,0.0,4.8,1022.18,0.0,0.0,0,0,,
2024-10-21,08:15,15.7,14.4,93.0,ENE,8.0,22.5,1024.08,0.0,0.0,0,9,,
2024-10-21,08:30,15.7,14.4,93.0,EAST,11.3,16.1,1024.25,0.0,0.0,0,14,,
2024-10-21,08:45,15.8,14.4,92.0,EAST,11.3,17.7,1024.38,0.0,0.0,0,19,,
2024-10-21,09:00,15.9,14.4,93.0,EAST,8.0,12.9,1024.59,0.0,0.0,0,40,,
2024-10-21,09:15,15.9,14.4,93.0,ENE,11.3,14.5,1024.76,0.0,0.0,0,121,,
2024-10-21,09:30,16.3,15.0,92.0,ESE,9.7,16.1,1024.92,0.0,0.0,0,123,,
2024-10-21,09:45,16.4,15.0,92.0,ESE,4.8,14.5,1024.96,0.0,0.0,0,60,,
2024-10-21,10:00,16.8,15.0,92.0,EAST,4.8,12.9,1025.13,0.0,0.0,1,185,,
2024-10-21,10:15,17.4,15.6,91.0,ENE,11.3,20.9,1025.2,0.0,0.0,2,496,,
2024-10-21,10:30,17.9,16.1,89.0,EAST,14.5,19.3,1025.5,0.0,0.0,2,483,,
2024-10-21,10:45,18.4,16.1,88.0,ENE,8.0,19.3,1025.47,0.0,0.0,2,501,,
2024-10-21,11:00,18.6,16.1,86.0,ESE,9.7,16.1,1025.6,0.0,0.0,2,243,,
2024-10-21,11:15,18.7,16.1,86.0,EAST,11.3,16.1,1025.74,0.0,0.0,2,151,,
2024-10-21,11:30,18.6,15.6,85.0,ESE,12.9,19.3,1025.77,0.0,0.0,2,178,,
2024-10-21,11:45,18.6,16.1,85.0,ENE,8.0,16.1,1025.94,0.0,0.0,1,79,,
2024-10-21,12:00,18.8,16.1,84.0,EAST,12.9,19.3,1025.87,0.0,0.0,2,742,,
2024-10-21,12:15,18.8,15.6,83.0,EAST,6.4,17.7,1025.7,0.0,0.0,2,188,,
2024-10-21,12:30,19.3,16.1,82.0,EAST,11.3,22.5,1025.47,0.0,0.0,3,652,,
2024-10-21,12:45,20.0,16.1,80.0,ENE,12.9,19.3,1025.5,0.0,0.0,3,682,,
2024-10-21,13:00,20.4,16.1,78.0,EAST,6.4,22.5,1025.5,0.0,0.0,3,654,,
2024-10-21,13:15,20.4,16.1,76.0,ESE,17.7,19.3,1025.23,0.0,0.0,4,745,,
2024-10-21,13:30,20.6,16.1,78.0,ENE,16.1,17.7,1025.53,0.0,0.0,3,671,,
2024-10-21,13:45,20.8,16.7,77.0,EAST,6.4,19.3,1025.36,0.0,0.0,3,633,,
2024-10-21,14:00,20.9,15.6,73.0,EAST,6.4,20.9,1025.2,0.0,0.0,3,251,,
2024-10-21,14:15,21.3,16.1,72.0,ESE,11.3,17.7,1025.13,0.0,0.0,3,624,,
2024-10-21,14:30,20.8,15.6,73.0,ESE,9.7,17.7,1025.09,0.0,0.0,2,74,,
2024-10-21,14:45,20.8,15.6,72.0,EAST,6.4,20.9,1025.06,0.0,0.0,2,93,,
2024-10-21,15:00,21.7,16.1,72.0,SE,6.4,14.5,1024.82,0.0,0.0,3,714,,
2024-10-21,15:15,21.6,16.1,72.0,EAST,4.8,24.1,1025.06,0.0,0.0,1,708,,
2024-10-21,15:30,21.3,15.0,67.0,ESE,11.3,16.1,1025.03,0.0,0.0,1,214,,
2024-10-21,15:45,21.2,16.1,73.0,EAST,12.9,19.3,1024.89,0.0,0.0,1,225,,
2024-10-21,16:00,20.7,16.1,75.0,EAST,6.4,17.7,1024.89,0.0,0.0,2,155,,
2024-10-21,16:15,20.7,15.6,74.0,ESE,3.2,16.1,1025.16,0.0,0.0,1,135,,
2024-10-21,16:30,20.4,16.1,76.0,EAST,9.7,14.5,1024.96,0.0,0.0,1,207,,
2024-10-21,16:45,20.4,16.1,78.0,ENE,4.8,14.5,1024.96,0.0,0.0,1,362,,
2024-10-21,17:00,20.7,16.7,77.0,ENE,3.2,12.9,1024.92,0.0,0.0,0,283,,
2024-10-21,17:15,20.6,16.1,75.0,EAST,9.7,14.5,1025.13,0.0,0.0,0,56,,
2024-10-21,17:30,20.2,16.1,78.0,EAST,1.6,6.4,1024.92,0.0,0.0,0,132,,
2024-10-21,17:45,20.9,16.1,74.0,SE,6.4,11.3,1024.79,0.0,0.0,0,172,,
2024-10-21,18:00,20.3,16.1,78.0,SSE,8.0,25.7,1024.92,0.0,0.0,0,84,,
2024-10-21,18:15,19.6,15.6,78.0,SE,8.0,12.9,1024.76,0.0,0.0,0,14,,
2024-10-21,18:30,19.3,15.0,77.0,ESE,6.4,11.3,1025.03,0.0,0.0,0,9,,
2024-10-21,18:45,19.2,15.0,77.0,SE,6.4,12.9,1025.03,0.0,0.0,0,0,,
2024-10-21,19:00,18.9,15.0,78.0,SE,11.3,16.1,1025.06,0.0,0.0,0,0,,
2024-10-21,19:15,18.8,15.0,78.0,ESE,12.9,16.1,1025.33,0.0,0.0,0,0,,
2024-10-21,19:30,18.4,14.4,79.0,SE,11.3,16.1,1025.47,0.0,0.0,0,0,,
2024-10-21,19:45,18.3,14.4,80.0,ESE,12.9,16.1,1025.7,0.0,0.0,0,0,,
2024-10-21,20:00,18.2,14.4,81.0,SE,8.0,14.5,1025.6,0.0,0.0,0,0,,
2024-10-21,20:15,18.1,14.4,81.0,ESE,12.9,14.5,1025.47,0.0,0.0,0,0,,
2024-10-21,20:30,18.1,14.4,81.0,ESE,11.3,14.5,1025.64,0.0,0.0,0,0,,
2024-10-21,20:45,18.0,14.4,81.0,SE,8.0,12.9,1025.8,0.0,0.0,0,0,,
2024-10-21,21:00,17.8,14.4,81.0,ESE,6.4,12.9,1025.87,0.0,0.0,0,0,,
2024-10-21,21:15,17.3,13.9,81.0,ESE,3.2,6.4,1025.97,0.0,0.0,0,0,,
2024-10-21,21:30,17.2,13.9,82.0,NORTH,0.0,6.4,1026.21,0.0,0.0,0,0,,
2024-10-21,21:45,17.2,14.4,84.0,ESE,3.2,4.8,1025.87,0.0,0.0,0,0,,
2024-10-21,22:00,17.1,14.4,84.0,ESE,1.6,3.2,1026.14,0.0,0.0,0,0,,
2024-10-21,22:15,16.7,13.9,85.0,ESE,1.6,4.8,1026.04,0.0,0.0,0,0,,
2024-10-21,22:30,16.6,13.9,86.0,NORTH,0.0,3.2,1026.18,0.0,0.0,0,0,,
2024-10-21,22:45,16.5,13.9,87.0,NORTH,0.0,3.2,1026.14,0.0,0.0,0,0,,
2024-10-21,23:00,16.2,13.9,87.0,ESE,1.6,4.8,1026.14,0.0,0.0,0,0,,
2024-10-21,23:15,15.9,13.9,87.0,ESE,3.2,4.8,1026.35,0.0,0.0,0,0,,
2024-10-21,23:30,15.8,13.9,88.0,ESE,4.8,4.8,1026.45,0.0,0.0,0,0,,
2024-10-21,23:45,15.7,13.9,88.0,ESE,3.2,3.2,1026.35,0.0,0.0,0,0,,
2024-10-22,00:00,15.9,13.9,89.0,ESE,1.6,3.2,1026.25,0.0,0.0,0,0,,
2024-10-22,00:15,16.2,14.4,90.0,ESE,1.6,4.8,1026.25,0.0,0.0,0,0,,
2024-10-22,00:30,16.2,14.4,90.0,ESE,1.6,3.2,1026.14,0.0,0.0,0,0,,
2024-10-22,00:45,16.1,14.4,90.0,ESE,1.6,3.2,1025.84,0.0,0.0,0,0,,
2024-10-22,01:00,16.1,14.4,90.0,ESE,3.2,3.2,1025.77,0.0,0.0,0,0,,
2024-10-22,01:15,16.1,14.4,91.0,ESE,1.6,3.2,1025.57,0.0,0.0,0,0,,
2024-10-22,01:30,15.9,14.4,90.0,ESE,3.2,3.2,1025.6,0.0,0.0,0,0,,
2024-10-22,01:45,15.9,14.4,91.0,ESE,3.2,3.2,1025.57,0.0,0.0,0,0,,
2024-10-22,02:00,15.9,14.4,91.0,ESE,3.2,6.4,1025.33,0.0,0.0,0,0,,
2024-10-22,02:15,16.3,14.4,91.0,EAST,3.2,6.4,1025.26,0.0,0.0,0,0,,
2024-10-22,02:30,16.3,14.4,91.0,EAST,1.6,4.8,1025.13,0.0,0.0,0,0,,
2024-10-22,02:45,16.3,14.4,91.0,NORTH,0.0,4.8,1024.99,0.0,0.0,0,0,,
2024-10-22,03:00,16.2,14.4,90.0,NORTH,0.0,4.8,1025.06,0.0,0.0,0,0,,
2024-10-22,03:15,16.1,14.4,90.0,NORTH,0.0,3.2,1024.99,0.0,0.0,0,0,,
2024-10-22,03:30,16.1,14.4,90.0,EAST,1.6,3.2,1025.06,0.0,0.0,0,0,,
2024-10-22,03:45,15.9,13.9,90.0,NORTH,0.0,1.6,1024.96,0.0,0.0,0,0,,
2024-10-22,04:00,15.8,13.9,90.0,NORTH,0.0,1.6,1024.92,0.0,0.0,0,0,,
2024-10-22,04:15,15.8,13.9,90.0,NORTH,0.0,0.0,1024.92,0.0,0.0,0,0,,
2024-10-22,04:30,15.9,13.9,90.0,NORTH,0.0,3.2,1025.2,0.0,0.0,0,0,,
2024-10-22,04:45,15.8,13.9,90.0,NORTH,0.0,1.6,1025.13,0.0,0.0,0,0,,
2024-10-22,05:00,15.7,13.9,90.0,NORTH,0.0,0.0,1025.16,0.0,0.0,0,0,,
2024-10-22,05:15,15.6,13.9,90.0,NORTH,0.0,0.0,1025.16,0.0,0.0,0,0,,
2024-10-22,05:30,15.4,13.9,90.0,NORTH,0.0,0.0,1025.06,0.0,0.0,0,0,,
2024-10-22,05:45,15.6,13.9,90.0,NORTH,0.0,0.0,1025.16,0.0,0.0,0,0,,
2024-10-22,06:00,15.7,13.9,90.0,NORTH,0.0,0.0,1024.99,0.0,0.0,0,0,,
2024-10-22,06:15,15.6,13.9,90.0,EAST,1.6,4.8,1025.03,0.0,0.0,0,0,,
2024-10-22,06:30,15.5,13.3,89.0,NORTH,0.0,1.6,1024.92,0.0,0.0,0,0,,
2024-10-22,06:45,15.6,13.9,90.0,NORTH,0.0,4.8,1024.82,0.0,0.0,0,0,,
2024-10-22,07:00,15.6,13.9,89.0,EAST,1.6,3.2,1024.79,0.0,0.0,0,0,,
2024-10-22,07:15,15.6,13.3,89.0,NORTH,0.0,3.2,1024.79,0.0,0.0,0,0,,
2024-10-22,07:30,15.7,13.9,89.0,NORTH,0.0,4.8,1024.65,0.0,0.0,0,0,,
2024-10-22,07:45,15.8,13.9,89.0,NORTH,0.0,1.6,1024.65,0.0,0.0,0,0,,
2024-10-22,08:00,15.9,13.9,89.0,NORTH,0.0,0.0,1024.69,0.0,0.0,0,16,,
2024-10-22,08:15,16.0,13.9,89.0,NORTH,0.0,0.0,1024.79,0.0,0.0,0,26,,
2024-10-22,08:30,16.2,14.4,89.0,EAST,1.6,3.2,1024.99,0.0,0.0,0,84,,
2024-10-22,08:45,16.7,14.4,88.0,NORTH,0.0,1.6,1024.96,0.0,0.0,0,144,,
2024-10-22,09:00,17.2,14.4,85.0,NORTH,0.0,6.4,1025.16,0.0,0.0,0,51,,
2024-10-22,09:15,17.2,14.4,85.0,NORTH,0.0,1.6,1025.53,0.0,0.0,0,83,,
2024-10-22,09:30,17.8,15.0,84.0,NORTH,0.0,4.8,1025.77,0.0,0.0,0,84,,
2024-10-22,09:45,18.3,15.0,83.0,NORTH,0.0,3.2,1026.04,0.0,0.0,0,107,,
2024-10-22,10:00,18.5,15.6,83.0,SE,4.8,8.0,1026.28,0.0,0.0,0,125,,
2024-10-22,10:15,18.9,15.6,81.0,SE,1.6,6.4,1026.14,0.0,0.0,1,183,,
2024-10-22,10:30,19.2,15.0,79.0,NORTH,0.0,6.4,1026.31,0.0,0.0,1,204,,
2024-10-22,10:45,19.4,15.6,79.0,ESE,3.2,6.4,1026.52,0.0,0.0,2,350,,
2024-10-22,11:00,19.9,16.1,80.0,NNE,4.8,12.9,1026.31,0.0,0.0,2,410,,
2024-10-22,11:15,20.1,16.1,79.0,ENE,11.3,19.3,1026.28,0.0,0.0,2,563,,
2024-10-22,11:30,20.3,16.1,79.0,EAST,4.8,16.1,1026.21,0.0,0.0,3,524,,
2024-10-22,11:45,20.3,16.1,79.0,ESE,14.5,17.7,1026.62,0.0,0.0,2,424,,
2024-10-22,12:00,20.8,16.7,78.0,EAST,6.4,16.1,1026.58,0.0,0.0,3,605,,
2024-10-22,12:15,20.9,16.1,75.0,SE,4.8,16.1,1026.55,0.0,0.0,3,506,,
2024-10-22,12:30,21.2,16.7,75.0,SE,3.2,17.7,1026.25,0.0,0.0,2,304,,
2024-10-22,12:45,21.2,16.1,73.0,EAST,8.0,16.1,1026.35,0.0,0.0,2,322,,
2024-10-22,13:00,21.4,16.1,73.0,ENE,4.8,12.9,1025.84,0.0,0.0,2,327,,
2024-10-22,13:15,21.3,16.1,73.0,EAST,6.4,14.5,1025.53,0.0,0.0,2,188,,
2024-10-22,13:30,21.2,16.1,73.0,ESE,3.2,12.9,1025.53,0.0,0.0,1,188,,
2024-10-22,13:45,21.3,16.1,74.0,ESE,9.7,12.9,1025.64,0.0,0.0,2,322,,
2024-10-22,14:00,21.7,16.7,73.0,ESE,9.7,14.5,1025.53,0.0,0.0,2,353,,
2024-10-22,14:15,21.4,16.1,73.0,ENE,11.3,16.1,1025.64,0.0,0.0,2,302,,
2024-10-22,14:30,21.6,16.7,73.0,NE,8.0,16.1,1025.6,0.0,0.0,2,297,,
2024-10-22,14:45,21.7,16.7,73.0,EAST,11.3,17.7,1025.57,0.0,0.0,1,135,,
2024-10-22,15:00,20.8,16.7,78.0,ESE,16.1,22.5,1025.77,0.0,0.0,1,104,,
2024-10-22,15:15,19.5,16.1,82.0,ESE,4.8,12.9,1025.84,0.0,0.0,1,102,,
2024-10-22,15:30,19.7,16.7,85.0,EAST,3.2,6.4,1025.33,0.0,0.0,1,72,,
2024-10-22,15:45,19.3,16.1,84.0,ESE,20.9,22.5,1025.53,0.0,0.0,0,60,,
2024-10-22,16:00,18.5,15.6,85.0,ESE,6.4,19.3,1025.47,0.0,0.0,0,53,,
2024-10-22,16:15,18.2,15.6,86.0,ESE,9.7,12.9,1025.43,0.0,0.0,0,54,,
2024-10-22,16:30,18.3,15.6,85.0,SE,11.3,14.5,1025.26,0.0,0.0,0,91,,
2024-10-22,16:45,18.5,15.0,81.0,ESE,9.7,14.5,1025.16,0.0,0.0,1,95,,
2024-10-22,17:00,19.1,15.6,82.0,ESE,4.8,9.7,1025.16,0.0,0.0,0,181,,
2024-10-22,17:15,20.2,16.1,78.0,NORTH,0.0,6.4,1024.99,0.0,0.0,0,232,,
2024-10-22,17:30,20.3,16.1,79.0,ESE,3.2,6.4,1025.03,0.0,0.0,0,81,,
2024-10-22,17:45,19.7,16.7,82.0,SE,4.8,6.4,1025.09,0.0,0.0,0,32,,
2024-10-22,18:00,19.6,16.1,81.0,ESE,6.4,11.3,1024.96,0.0,0.0,0,63,,
2024-10-22,18:15,19.7,16.1,80.0,ESE,8.0,20.9,1025.03,0.0,0.0,0,35,,
2024-10-22,18:30,19.4,16.1,81.0,SE,11.3,17.7,1025.2,0.0,0.0,0,9,,
2024-10-22,18:45,19.3,15.6,81.0,SE,11.3,16.1,1025.23,0.0,0.0,0,0,,
2024-10-22,19:00,19.3,15.6,81.0,ESE,6.4,12.9,1025.5,0.0,0.0,0,0,,
2024-10-22,19:15,19.2,15.6,82.0,ESE,6.4,11.3,1025.67,0.0,0.0,0,0,,
2024-10-22,19:30,19.2,16.1,83.0,SE,3.2,11.3,1025.67,0.0,0.0,0,0,,
2024-10-22,19:45,19.2,16.1,85.0,SE,3.2,12.9,1025.84,0.0,0.0,0,0,,
2024-10-22,20:00,19.1,16.7,86.0,ESE,4.8,9.7,1026.04,0.0,0.0,0,0,,
2024-10-22,20:15,19.1,16.7,87.0,ESE,11.3,12.9,1026.01,0.0,0.0,0,0,,
2024-10-22,20:30,18.9,16.7,88.0,ESE,4.8,11.3,1025.97,0.0,0.0,0,0,,
2024-10-22,20:45,18.8,16.7,88.0,SE,8.0,12.9,1025.91,0.0,0.0,0,0,,
2024-10-22,21:00,18.7,16.7,89.0,SE,4.8,11.3,1026.21,0.0,0.0,0,0,,
2024-10-22,21:15,18.0,16.1,88.0,ESE,9.7,14.5,1026.35,0.0,0.0,0,0,,
2024-10-22,21:30,17.9,15.6,88.0,ESE,11.3,16.1,1026.58,0.0,0.0,0,0,,
2024-10-22,21:45,18.1,15.6,87.0,ESE,6.4,14.5,1026.65,0.0,0.0,0,0,,
2024-10-22,22:00,18.1,15.6,86.0,ESE,6.4,14.5,1026.75,0.0,0.0,0,0,,
2024-10-22,22:15,18.2,15.6,85.0,ESE,11.3,16.1,1026.85,0.0,0.0,0,0,,
2024-10-22,22:30,18.2,15.6,85.0,EAST,4.8,14.5,1026.89,0.0,0.0,0,0,,
2024-10-22,22:45,18.2,15.6,85.0,ENE,4.8,12.9,1026.82,0.0,0.0,0,0,,
2024-10-22,23:00,18.2,15.6,84.0,ENE,6.4,9.7,1026.69,0.0,0.0,0,0,,
2024-10-22,23:15,18.3,15.6,85.0,ENE,4.8,14.5,1026.79,0.0,0.0,0,0,,
2024-10-22,23:30,18.3,15.6,85.0,ENE,4.8,12.9,1026.79,0.0,0.0,0,0,,
2024-10-22,23:45,18.3,15.6,85.0,ENE,6.4,14.5,1026.69,0.0,0.0,0,0,,
2024-10-23,00:00,18.3,15.6,85.0,ENE,12.9,16.1,1026.69,0.0,0.0,0,0,,
2024-10-23,00:15,18.3,15.6,85.0,EAST,6.4,14.5,1026.65,0.0,0.0,0,0,,
2024-10-23,00:30,18.3,15.6,85.0,EAST,6.4,14.5,1026.65,0.0,0.0,0,0,,
2024-10-23,00:45,18.2,15.6,86.0,EAST,8.0,14.5,1026.75,0.0,0.0,0,0,,
2024-10-23,01:00,18.2,15.6,86.0,ENE,6.4,16.1,1026.52,0.0,0.0,0,0,,
2024-10-23,01:15,18.1,15.6,86.0,ENE,8.0,14.5,1026.48,0.0,0.0,0,0,,
2024-10-23,01:30,18.1,15.6,86.0,EAST,4.8,12.9,1026.52,0.0,0.0,0,0,,
2024-10-23,01:45,18.1,15.6,86.0,EAST,6.4,14.5,1026.52,0.0,0.0,0,0,,
2024-10-23,02:00,17.9,15.6,87.0,EAST,9.7,11.3,1026.55,0.0,0.0,0,0,,
2024-10-23,02:15,17.9,15.6,87.0,EAST,6.4,12.9,1026.48,0.0,0.0,0,0,,
2024-10-23,02:30,17.9,15.6,87.0,EAST,4.8,9.7,1026.52,0.0,0.0,0,0,,
2024-10-23,02:45,17.8,15.6,87.0,ENE,3.2,11.3,1026.38,0.0,0.0,0,0,,
2024-10-23,03:00,17.9,15.6,87.0,EAST,3.2,9.7,1026.28,0.0,0.0,0,0,,
2024-10-23,03:15,17.8,15.6,87.0,ENE,8.0,11.3,1026.48,0.0,0.0,0,0,,
2024-10-23,03:30,17.7,15.6,87.0,EAST,3.2,11.3,1026.31,0.0,0.0,0,0,,
2024-10-23,03:45,17.5,15.0,87.0,ESE,4.8,6.4,1025.94,0.0,0.0,0,0,,
2024-10-23,04:00,17.4,15.0,88.0,ESE,4.8,6.4,1025.84,0.0,0.0,0,0,,
2024-10-23,04:15,17.3,15.0,88.0,ESE,4.8,6.4,1025.74,0.0,0.0,0,0,,
2024-10-23,04:30,17.2,15.0,89.0,ESE,4.8,9.7,1025.91,0.0,0.0,0,0,,
2024-10-23,04:45,17.2,15.0,89.0,ESE,6.4,9.7,1025.8,0.0,0.0,0,0,,
2024-10-23,05:00,17.2,15.0,89.0,ESE,6.4,9.7,1025.87,0.0,0.0,0,0,,
2024-10-23,05:15,17.2,15.0,89.0,ESE,6.4,9.7,1025.97,0.0,0.0,0,0,,
2024-10-23,05:30,17.2,15.0,89.0,ESE,3.2,6.4,1025.74,0.0,0.0,0,0,,
2024-10-23,05:45,17.0,15.0,89.0,ESE,3.2,6.4,1025.67,0.0,0.0,0,0,,
2024-10-23,06:00,17.0,15.0,89.0,EAST,4.8,11.3,1025.91,0.0,0.0,0,0,,
2024-10-23,06:15,17.1,15.0,89.0,EAST,4.8,11.3,1025.7,0.0,0.0,0,0,,
2024-10-23,06:30,17.0,15.0,89.0,EAST,6.4,11.3,1025.74,0.0,0.0,0,0,,
2024-10-23,06:45,17.1,15.0,88.0,EAST,6.4,11.3,1025.7,0.0,0.0,0,0,,
2024-10-23,07:00,17.1,15.0,88.0,EAST,6.4,11.3,1025.74,0.0,0.0,0,0,,
2024-10-23,07:15,17.1,15.0,87.0,EAST,4.8,12.9,1025.7,0.0,0.0,0,0,,
2024-10-23,07:30,17.2,15.0,87.0,EAST,4.8,12.9,1025.77,0.0,0.0,0,0,,
2024-10-23,07:45,17.1,14.4,87.0,EAST,9.7,12.9,1026.04,0.0,0.0,0,0,,
2024-10-23,08:00,16.9,14.4,87.0,EAST,6.4,11.3,1025.97,0.0,0.0,0,16,,
2024-10-23,08:15,17.1,15.0,88.0,EAST,6.4,11.3,1026.08,0.0,0.0,0,33,,
2024-10-23,08:30,17.2,15.0,88.0,EAST,6.4,9.7,1026.25,0.0,0.0,0,54,,
2024-10-23,08:45,17.4,15.0,88.0,EAST,4.8,9.7,1026.45,0.0,0.0,0,47,,
2024-10-23,09:00,17.5,15.6,88.0,EAST,4.8,9.7,1026.72,0.0,0.0,0,69,,
2024-10-23,09:15,17.7,15.6,88.0,ESE,4.8,11.3,1026.79,0.0,0.0,0,97,,
2024-10-23,09:30,18.4,16.1,87.0,ESE,9.7,11.3,1026.92,0.0,0.0,1,276,,
2024-10-23,09:45,19.1,16.1,85.0,ESE,4.8,11.3,1027.09,0.0,0.0,1,113,,
2024-10-23,10:00,19.7,16.7,83.0,ESE,4.8,11.3,1027.23,0.0,0.0,1,396,,
2024-10-23,10:15,19.9,16.7,81.0,ESE,6.4,14.5,1027.36,0.0,0.0,1,297,,
2024-10-23,10:30,19.5,16.1,82.0,EAST,9.7,16.1,1027.29,0.0,0.0,2,330,,
2024-10-23,10:45,19.1,16.1,84.0,EAST,6.4,14.5,1027.43,0.0,0.0,1,163,,
2024-10-23,11:00,19.4,16.7,84.0,EAST,4.8,14.5,1027.26,0.0,0.0,2,302,,
2024-10-23,11:15,20.4,17.2,82.0,SE,8.0,14.5,1027.26,0.0,0.0,3,584,,
2024-10-23,11:30,20.4,17.2,82.0,SE,12.9,20.9,1027.26,0.0,0.0,2,708,,
2024-10-23,11:45,20.5,17.2,81.0,SE,11.3,22.5,1027.16,0.0,0.0,3,582,,
2024-10-23,12:00,20.8,17.2,81.0,ESE,16.1,22.5,1027.26,0.0,0.0,3,380,,
2024-10-23,12:15,20.7,17.2,81.0,ESE,9.7,24.1,1027.16,0.0,0.0,3,610,,
2024-10-23,12:30,20.9,17.2,81.0,ESE,12.9,22.5,1027.19,0.0,0.0,3,599,,
2024-10-23,12:45,20.9,17.8,82.0,ESE,14.5,19.3,1027.02,0.0,0.0,3,587,,
2024-10-23,13:00,20.9,17.2,81.0,SE,11.3,17.7,1026.69,0.0,0.0,3,209,,
2024-10-23,13:15,21.1,17.2,80.0,ESE,12.9,19.3,1026.75,0.0,0.0,3,663,,
2024-10-23,13:30,21.3,17.2,78.0,SE,12.9,20.9,1026.48,0.0,0.0,3,399,,
2024-10-23,13:45,21.4,17.2,79.0,SE,8.0,16.1,1026.38,0.0,0.0,3,628,,
2024-10-23,14:00,21.6,17.8,79.0,SE,1.6,19.3,1026.35,0.0,0.0,3,417,,
2024-10-23,14:15,21.5,17.2,79.0,SE,6.4,17.7,1026.21,0.0,0.0,2,496,,
2024-10-23,14:30,21.8,17.8,79.0,EAST,8.0,14.5,1026.14,0.0,0.0,2,360,,
2024-10-23,14:45,22.1,17.2,75.0,ESE,9.7,14.5,1025.94,0.0,0.0,3,659,,
2024-10-23,15:00,22.1,17.2,74.0,SE,3.2,19.3,1026.04,0.0,0.0,2,264,,
2024-10-23,15:15,22.4,17.2,74.0,ESE,11.3,16.1,1025.6,0.0,0.0,2,510,,
2024-10-23,15:30,22.3,17.2,72.0,SSE,8.0,16.1,1025.64,0.0,0.0,1,141,,
2024-10-23,15:45,22.8,17.8,74.0,SE,9.7,14.5,1025.5,0.0,0.0,1,526,,
2024-10-23,16:00,22.4,17.2,74.0,SSE,6.4,22.5,1025.47,0.0,0.0,2,445,,
2024-10-23,16:15,22.4,17.8,76.0,ESE,12.9,25.7,1025.47,0.0,0.0,1,232,,
2024-10-23,16:30,22.3,17.8,77.0,SSE,14.5,24.1,1025.67,0.0,0.0,1,139,,
2024-10-23,16:45,21.8,17.8,78.0,ESE,12.9,27.4,1025.6,0.0,0.0,1,84,,
2024-10-23,17:00,21.7,17.8,78.0,SE,12.9,19.3,1025.7,0.0,0.0,0,193,,
2024-10-23,17:15,21.6,17.8,80.0,SE,16.1,22.5,1025.67,0.0,0.0,0,98,,
2024-10-23,17:30,21.3,17.8,81.0,SE,14.5,20.9,1025.64,0.0,0.0,0,69,,
2024-10-23,17:45,21.0,17.8,82.0,SSE,9.7,20.9,1025.6,0.0,0.0,0,47,,
2024-10-23,18:00,20.7,17.2,82.0,SE,8.0,19.3,1025.7,0.0,0.0,0,25,,
2024-10-23,18:15,20.6,17.2,82.0,SE,8.0,14.5,1025.64,0.0,0.0,0,12,,
2024-10-23,18:30,20.3,17.2,83.0,SE,3.2,12.9,1025.91,0.0,0.0,0,0,,
2024-10-23,18:45,20.1,16.7,83.0,ESE,6.4,12.9,1026.01,0.0,0.0,0,0,,
2024-10-23,19:00,19.9,16.7,84.0,ESE,8.0,11.3,1026.14,0.0,0.0,0,0,,
2024-10-23,19:15,19.8,17.2,85.0,SE,11.3,16.1,1026.08,0.0,0.0,0,0,,
2024-10-23,19:30,19.6,17.2,86.0,SE,8.0,14.5,1026.25,0.0,0.0,0,0,,
2024-10-23,19:45,19.3,16.7,87.0,SE,8.0,20.9,1026.35,0.0,0.0,0,0,,
2024-10-23,20:00,19.1,16.7,88.0,SE,14.5,20.9,1026.21,0.0,0.0,0,0,,
2024-10-23,20:15,19.1,17.2,89.0,ESE,8.0,17.7,1026.41,0.0,0.0,0,0,,
2024-10-23,20:30,19.1,17.2,90.0,SE,11.3,20.9,1026.41,0.0,0.0,0,0,,
2024-10-23,20:45,18.9,17.2,91.0,ESE,8.0,27.4,1026.58,0.0,0.0,0,0,,
2024-10-23,21:00,18.8,17.2,91.0,SE,14.5,22.5,1026.48,0.0,0.0,0,0,,
2024-10-23,21:15,18.8,17.2,92.0,SE,6.4,19.3,1026.65,0.0,0.0,0,0,,
2024-10-23,21:30,18.8,17.2,92.0,ESE,11.3,12.9,1026.75,0.0,0.0,0,0,,
2024-10-23,21:45,18.8,17.2,92.0,ESE,12.9,16.1,1026.75,0.0,0.0,0,0,,
2024-10-23,22:00,18.8,17.2,92.0,ESE,3.2,12.9,1026.79,0.0,0.0,0,0,,
2024-10-23,22:15,18.8,17.2,92.0,SE,6.4,12.9,1026.85,0.0,0.0,0,0,,
2024-10-23,22:30,18.8,17.2,93.0,NORTH,0.0,11.3,1026.92,0.0,0.0,0,0,,
2024-10-23,22:45,18.7,17.2,92.0,EAST,4.8,6.4,1027.02,0.0,0.0,0,0,,
2024-10-23,23:00,18.7,17.2,92.0,EAST,3.2,6.4,1026.96,0.0,0.0,0,0,,
2024-10-23,23:15,18.6,17.2,92.0,ESE,1.6,6.4,1026.99,0.0,0.0,0,0,,
2024-10-23,23:30,18.6,17.2,93.0,ESE,4.8,4.8,1027.02,0.0,0.0,0,0,,
2024-10-23,23:45,18.5,17.2,93.0,EAST,3.2,9.7,1026.96,0.0,0.0,0,0,,
2024-10-24,00:00,18.4,17.2,93.0,EAST,3.2,9.7,1026.75,0.0,0.0,0,0,,
2024-10-24,00:15,18.3,16.7,93.0,EAST,3.2,9.7,1026.85,0.0,0.0,0,0,,
2024-10-24,00:30,18.1,16.7,93.0,EAST,1.6,6.4,1026.79,0.0,0.0,0,0,,
2024-10-24,00:45,17.8,16.7,93.0,EAST,1.6,6.4,1026.82,0.0,0.0,0,0,,
2024-10-24,01:00,17.6,16.1,93.0,ESE,6.4,6.4,1026.79,0.0,0.0,0,0,,
2024-10-24,01:15,17.6,16.1,93.0,ESE,4.8,9.7,1026.89,0.0,0.0,0,0,,
2024-10-24,01:30,17.6,16.1,93.0,ESE,1.6,6.4,1026.92,0.0,0.0,0,0,,
2024-10-24,01:45,17.6,16.1,93.0,ESE,3.2,9.7,1026.79,0.0,0.0,0,0,,
2024-10-24,02:00,17.4,16.1,93.0,ESE,4.8,6.4,1026.69,0.0,0.0,0,0,,
2024-10-24,02:15,17.4,16.1,93.0,ESE,3.2,6.4,1026.58,0.0,0.0,0,0,,
2024-10-24,02:30,17.4,16.1,93.0,ESE,4.8,6.4,1026.72,0.0,0.0,0,0,,
2024-10-24,02:45,17.6,16.1,93.0,ESE,3.2,6.4,1026.65,0.0,0.0,0,0,,
2024-10-24,03:00,17.6,16.1,93.0,ESE,3.2,6.4,1026.58,0.0,0.0,0,0,,
2024-10-24,03:15,17.5,16.1,93.0,ESE,4.8,6.4,1026.48,0.0,0.0,0,0,,
2024-10-24,03:30,17.4,16.1,93.0,ESE,3.2,9.7,1026.31,0.0,0.0,0,0,,
2024-10-24,03:45,17.2,15.6,93.0,EAST,9.7,9.7,1026.28,0.0,0.0,0,0,,
2024-10-24,04:00,17.0,15.6,93.0,ESE,6.4,12.9,1026.04,0.0,0.0,0,0,,
2024-10-24,04:15,16.9,15.6,93.0,ESE,3.2,11.3,1026.01,0.0,0.0,0,0,,
2024-10-24,04:30,16.9,15.6,93.0,ESE,9.7,12.9,1025.7,0.0,0.0,0,0,,
2024-10-24,04:45,17.0,15.6,93.0,EAST,8.0,17.7,1025.53,0.0,0.0,0,0,,
2024-10-24,05:00,17.1,15.6,93.0,ESE,6.4,16.1,1025.6,0.0,0.0,0,0,,
2024-10-24,05:15,17.1,15.6,92.0,EAST,6.4,14.5,1025.53,0.0,0.0,0,0,,
2024-10-24,05:30,17.1,15.6,92.0,ENE,11.3,16.1,1025.4,0.0,0.0,0,0,,
2024-10-24,05:45,17.1,15.6,92.0,ESE,6.4,12.9,1025.77,0.0,0.0,0,0,,
2024-10-24,06:00,17.2,15.6,92.0,ESE,4.8,6.4,1025.84,0.0,0.0,0,0,,
2024-10-24,06:15,17.3,15.6,92.0,ESE,4.8,6.4,1025.94,0.0,0.0,0,0,,
2024-10-24,06:30,17.6,16.1,92.0,ESE,4.8,9.7,1026.04,0.0,0.0,0,0,,
2024-10-24,06:45,17.7,16.1,91.0,ESE,3.2,11.3,1025.8,0.0,0.0,0,0,,
2024-10-24,07:00,17.8,16.1,91.0,ESE,4.8,9.7,1025.77,0.0,0.0,0,0,,
2024-10-24,07:15,17.6,15.6,90.0,EAST,4.8,9.7,1025.8,0.0,0.0,0,0,,
2024-10-24,07:30,17.4,15.6,90.0,ESE,4.8,11.3,1025.87,0.0,0.0,0,0,,
2024-10-24,07:45,17.3,15.6,90.0,ESE,4.8,11.3,1025.77,0.0,0.0,0,0,,
2024-10-24,08:00,17.2,15.6,91.0,EAST,6.4,12.9,1025.8,0.0,0.0,0,0,,
2024-10-24,08:15,17.2,15.6,91.0,EAST,6.4,14.5,1025.67,0.0,0.0,0,12,,
2024-10-24,08:30,17.3,15.6,91.0,ESE,9.7,16.1,1025.87,0.0,0.0,0,32,,
2024-10-24,08:45,17.5,15.6,90.0,ESE,11.3,14.5,1025.74,0.0,0.0,0,51,,
2024-10-24,09:00,17.8,16.1,90.0,EAST,6.4,17.7,1026.18,0.0,0.0,0,72,,
2024-10-24,09:15,18.0,16.1,89.0,ESE,6.4,14.5,1026.18,0.0,0.0,0,84,,
2024-10-24,09:30,18.2,16.1,88.0,ENE,8.0,16.1,1026.18,0.0,0.0,0,98,,
2024-10-24,09:45,18.3,16.1,88.0,ENE,12.9,17.7,1026.41,0.0,0.0,0,105,,
2024-10-24,10:00,18.6,16.1,86.0,EAST,12.9,16.1,1026.52,0.0,0.0,0,84,,
2024-10-24,10:15,19.1,16.1,85.0,EAST,4.8,14.5,1026.79,0.0,0.0,0,58,,
2024-10-24,10:30,19.1,16.1,85.0,EAST,6.4,12.9,1026.58,0.0,0.0,0,70,,
2024-10-24,10:45,19.2,16.7,85.0,EAST,4.8,12.9,1026.62,0.0,0.0,0,70,,
2024-10-24,11:00,19.2,16.7,85.0,ENE,4.8,12.9,1026.82,0.0,0.0,0,62,,
2024-10-24,11:15,19.2,16.7,87.0,ENE,1.6,11.3,1026.62,0.0,0.0,1,121,,
2024-10-24,11:30,19.4,17.2,87.0,ESE,4.8,9.7,1026.82,0.0,0.0,1,183,,
2024-10-24,11:45,19.9,17.8,87.0,ESE,6.4,14.5,1026.82,0.0,0.0,2,216,,
2024-10-24,12:00,20.7,18.3,86.0,ESE,11.3,14.5,1026.69,0.0,0.0,2,336,,
2024-10-24,12:15,21.0,18.3,86.0,ESE,12.9,22.5,1026.69,0.0,0.0,1,216,,
2024-10-24,12:30,21.2,18.3,86.0,ESE,9.7,19.3,1026.58,0.0,0.0,2,279,,
2024-10-24,12:45,21.3,18.3,85.0,ESE,6.4,19.3,1026.41,0.0,0.0,2,171,,
2024-10-24,13:00,21.8,18.3,83.0,ESE,16.1,29.0,1026.31,0.0,0.0,2,265,,
2024-10-24,13:15,22.2,18.9,81.0,SE,16.1,30.6,1025.87,0.0,0.0,2,211,,
2024-10-24,13:30,22.7,18.9,79.0,SE,11.3,32.2,1025.47,0.0,0.0,2,367,,
2024-10-24,13:45,22.6,18.3,78.0,ESE,14.5,38.6,1025.4,0.0,0.0,2,369,,
2024-10-24,14:00,22.8,18.3,77.0,SE,24.1,40.2,1025.23,0.0,0.0,3,633,,
2024-10-24,14:15,22.8,18.3,77.0,SE,20.9,37.0,1025.03,0.0,0.0,2,443,,
2024-10-24,14:30,22.1,18.3,80.0,SSE,22.5,41.8,1024.96,0.0,0.0,2,206,,
2024-10-24,14:45,22.4,18.3,79.0,SE,17.7,33.8,1024.82,0.0,0.0,3,564,,
2024-10-24,15:00,22.6,17.8,76.0,SE,30.6,32.2,1024.69,0.0,0.0,2,243,,
2024-10-24,15:15,22.7,18.3,77.0,SE,24.1,40.2,1024.59,0.0,0.0,2,531,,
2024-10-24,15:30,22.6,18.3,77.0,EAST,24.1,37.0,1024.62,0.0,0.0,2,527,,
2024-10-24,15:45,22.7,18.3,78.0,ESE,12.9,32.2,1024.69,0.0,0.0,2,548,,
2024-10-24,16:00,22.2,18.3,79.0,ESE,17.7,33.8,1024.79,0.0,0.0,1,190,,
2024-10-24,16:15,22.0,17.8,79.0,SE,17.7,27.4,1024.48,0.0,0.0,1,144,,
2024-10-24,16:30,21.8,18.3,81.0,ESE,22.5,32.2,1024.48,0.0,0.0,0,93,,
2024-10-24,16:45,21.7,18.3,82.0,ESE,25.7,29.0,1024.42,0.0,0.0,0,83,,
2024-10-24,17:00,21.6,18.3,82.0,SE,19.3,32.2,1024.48,0.0,0.0,0,84,,
2024-10-24,17:15,21.4,18.3,82.0,SE,22.5,32.2,1024.35,0.0,0.0,0,46,,
2024-10-24,17:30,21.3,18.3,84.0,ESE,17.7,25.7,1024.04,0.0,0.0,0,63,,
2024-10-24,17:45,21.1,18.3,85.0,ESE,24.1,29.0,1024.04,0.0,0.0,0,91,,
2024-10-24,18:00,21.0,18.3,85.0,ESE,14.5,30.6,1024.08,0.0,0.0,0,49,,
2024-10-24,18:15,20.9,18.3,85.0,SE,17.7,30.6,1024.35,0.0,0.0,0,16,,
2024-10-24,18:30,20.8,18.3,86.0,SE,12.9,27.4,1024.25,0.0,0.0,0,0,,
2024-10-24,18:45,20.5,18.3,87.0,SE,20.9,27.4,1024.28,0.0,0.0,0,0,,
2024-10-24,19:00,20.3,17.8,88.0,ESE,14.5,30.6,1024.42,0.0,0.0,0,0,,
2024-10-24,19:15,20.2,17.8,88.0,ESE,11.3,29.0,1024.45,0.0,0.0,0,0,,
2024-10-24,19:30,20.1,17.8,88.0,SE,19.3,30.6,1024.52,0.0,0.0,0,0,,
2024-10-24,19:45,20.0,17.8,88.0,ESE,20.9,32.2,1024.25,0.0,0.0,0,0,,
2024-10-24,20:00,20.1,17.8,88.0,ESE,25.7,32.2,1024.21,0.0,0.0,0,0,,
2024-10-24,20:15,20.1,17.8,88.0,ESE,20.9,25.7,1024.45,0.0,0.0,0,0,,
2024-10-24,20:30,20.0,17.8,88.0,SE,11.3,24.1,1024.48,0.0,0.0,0,0,,
2024-10-24,20:45,20.0,17.8,88.0,SE,8.0,20.9,1024.42,0.0,0.0,0,0,,
2024-10-24,21:00,20.0,17.8,87.0,ESE,12.9,20.9,1024.38,0.0,0.0,0,0,,
2024-10-24,21:15,20.2,17.8,87.0,SE,19.3,24.1,1024.52,0.0,0.0,0,0,,
2024-10-24,21:30,20.2,17.8,86.0,SE,17.7,20.9,1024.59,0.0,0.0,0,0,,
2024-10-24,21:45,20.2,17.8,86.0,SE,16.1,20.9,1024.82,0.0,0.0,0,0,,
2024-10-24,22:00,20.2,17.8,86.0,ESE,12.9,20.9,1024.76,0.0,0.0,0,0,,
2024-10-24,22:15,20.3,17.8,87.0,ESE,16.1,30.6,1024.65,0.0,0.0,0,0,,
2024-10-24,22:30,20.2,17.8,87.0,EAST,14.5,29.0,1024.69,0.0,0.0,0,0,,
2024-10-24,22:45,20.2,17.8,88.0,SE,12.9,24.1,1024.55,0.0,0.0,0,0,,
2024-10-24,23:00,20.2,18.3,89.0,SE,16.1,27.4,1024.48,0.0,0.0,0,0,,
2024-10-24,23:15,20.1,17.8,89.0,SE,14.5,27.4,1024.42,0.0,0.0,0,0,,
2024-10-24,23:30,20.1,18.3,89.0,SSE,20.9,27.4,1024.28,0.0,0.0,0,0,,
2024-10-24,23:45,19.9,17.8,90.0,SE,11.3,29.0,1024.28,0.0,0.0,0,0,,
2024-10-25,00:00,19.9,17.8,90.0,ESE,25.7,33.8,1023.84,0.0,0.0,0,0,,
2024-10-25,00:15,19.9,17.8,90.0,ESE,17.7,30.6,1023.98,0.0,0.0,0,0,,
2024-10-25,00:30,19.8,17.8,90.0,ESE,12.9,30.6,1024.01,0.0,0.0,0,0,,
2024-10-25,00:45,19.9,18.3,91.0,ESE,6.4,35.4,1024.04,0.0,0.0,0,0,,
2024-10-25,01:00,19.9,18.3,91.0,SE,12.9,29.0,1023.84,0.0,0.0,0,0,,
2024-10-25,01:15,19.9,18.3,91.0,SE,16.1,30.6,1023.87,0.0,0.0,0,0,,
2024-10-25,01:30,19.8,18.3,91.0,SE,6.4,29.0,1023.87,0.0,0.0,0,0,,
2024-10-25,01:45,19.8,17.8,91.0,SE,11.3,24.1,1023.71,0.0,0.0,0,0,,
2024-10-25,02:00,19.7,17.8,91.0,SE,4.8,27.4,1023.43,0.0,0.0,0,0,,
2024-10-25,02:15,19.7,17.8,91.0,ESE,8.0,29.0,1023.5,0.0,0.0,0,0,,
2024-10-25,02:30,19.7,17.8,91.0,SSE,16.1,27.4,1023.5,0.0,0.0,0,0,,
2024-10-25,02:45,19.7,17.8,91.0,ESE,6.4,24.1,1023.33,0.0,0.0,0,0,,
2024-10-25,03:00,19.6,17.8,91.0,SE,11.3,20.9,1023.13,0.0,0.0,0,0,,
2024-10-25,03:15,19.7,17.8,91.0,SE,6.4,25.7,1023.1,0.0,0.0,0,0,,
2024-10-25,03:30,19.6,17.8,91.0,SE,8.0,22.5,1022.93,0.0,0.0,0,0,,
2024-10-25,03:45,19.6,17.8,91.0,ESE,12.9,22.5,1022.86,0.0,0.0,0,0,,
2024-10-25,04:00,19.6,17.8,91.0,EAST,9.7,22.5,1022.76,0.0,0.0,0,0,,
2024-10-25,04:15,19.4,17.8,91.0,ESE,14.5,25.7,1022.76,0.0,0.0,0,0,,
2024-10-25,04:30,19.3,17.8,91.0,ESE,20.9,22.5,1022.45,0.0,0.0,0,0,,
2024-10-25,04:45,19.2,17.8,91.0,ESE,4.8,20.9,1022.38,0.0,0.0,0,0,,
2024-10-25,05:00,19.2,17.8,91.0,ESE,9.7,24.1,1022.28,0.0,0.0,0,0,,
2024-10-25,05:15,19.2,17.8,91.0,EAST,14.5,20.9,1022.32,0.0,0.0,0,0,,
2024-10-25,05:30,19.2,17.8,91.0,ESE,6.4,24.1,1022.18,0.0,0.0,0,0,,
2024-10-25,05:45,19.2,17.8,92.0,SE,12.9,12.9,1022.38,0.0,0.0,0,0,,
2024-10-25,06:00,19.1,17.8,91.0,EAST,6.4,17.7,1022.38,0.0,0.0,0,0,,
2024-10-25,06:15,19.1,17.2,91.0,ESE,12.9,14.5,1022.52,0.0,0.0,0,0,,
2024-10-25,06:30,19.1,17.8,92.0,ESE,4.8,14.5,1022.15,0.0,0.0,0,0,,
2024-10-25,06:45,19.1,17.8,92.0,EAST,6.4,14.5,1022.11,0.0,0.0,0,0,,
2024-10-25,07:00,19.1,17.2,91.0,ESE,9.7,20.9,1022.08,0.0,0.0,0,0,,
2024-10-25,07:15,18.9,17.2,91.0,EAST,9.7,14.5,1021.81,0.0,0.0,0,0,,
2024-10-25,07:30,18.8,17.2,92.0,ESE,6.4,14.5,1021.81,0.0,0.0,0,0,,
2024-10-25,07:45,18.7,17.2,92.0,ESE,9.7,19.3,1021.64,0.0,0.0,0,0,,
2024-10-25,08:00,18.6,17.2,92.0,ESE,6.4,20.9,1021.54,0.0,0.0,0,11,,
2024-10-25,08:15,18.7,17.2,92.0,EAST,11.3,22.5,1021.64,0.0,0.0,0,23,,
2024-10-25,08:30,18.8,17.2,91.0,EAST,14.5,20.9,1021.57,0.0,0.0,0,49,,
2024-10-25,08:45,18.9,17.2,91.0,EAST,11.3,25.7,1021.54,0.0,0.0,0,62,,
2024-10-25,09:00,19.0,17.2,90.0,EAST,3.2,20.9,1021.74,0.0,0.0,0,86,,
2024-10-25,09:15,19.4,17.2,89.0,ESE,6.4,27.4,1021.91,0.0,0.0,0,116,,
2024-10-25,09:30,19.7,17.2,88.0,ESE,14.5,24.1,1022.05,0.0,0.0,0,125,,
2024-10-25,09:45,20.2,17.8,86.0,EAST,17.7,25.7,1022.15,0.0,0.0,1,91,,
2024-10-25,10:00,20.3,17.8,85.0,ESE,19.3,33.8,1022.08,0.0,0.0,1,134,,
2024-10-25,10:15,20.6,17.2,83.0,SE,25.7,33.8,1022.08,0.0,0.0,1,137,,
2024-10-25,10:30,20.7,17.2,83.0,ESE,14.5,27.4,1022.32,0.0,0.0,1,91,,
2024-10-25,10:45,20.6,17.8,83.0,ESE,24.1,38.6,1022.01,0.0,0.0,1,83,,
2024-10-25,11:00,21.0,17.8,83.0,ESE,27.4,37.0,1022.11,0.0,0.0,1,216,,
2024-10-25,11:15,21.2,17.8,81.0,ESE,27.4,41.8,1021.88,0.0,0.0,1,297,,
2024-10-25,11:30,21.1,17.2,81.0,SE,30.6,38.6,1022.22,0.0,0.0,1,104,,
2024-10-25,11:45,20.8,17.2,82.0,SE,27.4,33.8,1022.55,0.0,0.0,1,149,,
2024-10-25,12:00,20.8,17.2,82.0,ESE,19.3,32.2,1022.62,0.0,0.0,1,148,,
2024-10-25,12:15,20.8,17.2,82.0,ESE,30.6,33.8,1022.52,0.0,0.0,1,125,,
2024-10-25,12:30,20.8,17.2,82.0,ESE,20.9,35.4,1022.35,0.0,0.0,1,142,,
2024-10-25,12:45,20.6,17.8,84.0,ESE,24.1,41.8,1022.01,0.0,0.0,1,185,,
2024-10-25,13:00,20.8,17.8,84.0,SSE,20.9,41.8,1021.67,0.0,0.0,1,209,,
2024-10-25,13:15,21.0,17.8,83.0,SE,29.0,40.2,1021.27,0.0,0.0,2,237,,
2024-10-25,13:30,21.2,17.8,81.0,ESE,29.0,43.5,1021.06,0.0,0.0,2,225,,
2024-10-25,13:45,21.4,17.8,80.0,ESE,29.0,38.6,1021.13,0.0,0.0,2,225,,
2024-10-25,14:00,21.4,17.8,80.0,ESE,22.5,38.6,1021.23,0.0,0.0,3,387,,
2024-10-25,14:15,21.5,17.8,79.0,SE,35.4,41.8,1020.69,0.0,0.0,2,202,,
2024-10-25,14:30,21.3,17.2,78.0,ESE,16.1,38.6,1020.79,0.0,0.0,1,207,,
2024-10-25,14:45,21.3,17.2,79.0,ESE,33.8,43.5,1020.52,0.0,0.0,2,295,,
2024-10-25,15:00,21.9,17.2,77.0,SE,19.3,43.5,1020.22,0.0,0.0,2,582,,
2024-10-25,15:15,21.2,17.8,81.0,ESE,24.1,41.8,1020.45,0.0,0.0,1,121,,
2024-10-25,15:30,21.6,18.3,81.0,EAST,19.3,45.1,1020.42,0.0,0.0,1,174,,
2024-10-25,15:45,21.2,17.2,80.0,ESE,20.9,41.8,1020.42,0.0,0.0,1,209,,
2024-10-25,16:00,21.1,17.2,80.0,SE,22.5,38.6,1020.42,0.0,0.0,1,156,,
2024-10-25,16:15,21.5,17.2,79.0,SE,24.1,41.8,1020.52,0.0,0.0,1,443,,
2024-10-25,16:30,21.5,17.2,78.0,SE,17.7,43.5,1020.42,0.0,0.0,1,251,,
2024-10-25,16:45,21.2,17.2,79.0,SE,19.3,37.0,1020.42,0.0,0.0,1,274,,
2024-10-25,17:00,20.7,16.7,80.0,SE,32.2,41.8,1020.39,0.0,0.0,0,83,,
2024-10-25,17:15,20.7,17.2,80.0,ESE,19.3,33.8,1020.39,0.0,0.0,0,69,,
2024-10-25,17:30,20.6,17.2,81.0,SE,22.5,30.6,1020.39,0.0,0.0,0,46,,
2024-10-25,17:45,20.5,17.2,82.0,SE,17.7,35.4,1020.69,0.0,0.0,0,39,,
2024-10-25,18:00,20.3,17.2,83.0,ESE,19.3,30.6,1020.59,0.0,0.0,0,23,,
2024-10-25,18:15,20.2,17.2,83.0,ESE,14.5,32.2,1020.66,0.0,0.0,0,9,,
2024-10-25,18:30,20.1,17.2,83.0,ESE,19.3,33.8,1020.42,0.0,0.0,0,0,,
2024-10-25,18:45,20.0,16.7,83.0,SE,20.9,33.8,1020.29,0.0,0.0,0,0,,
2024-10-25,19:00,20.0,16.7,83.0,ESE,17.7,32.2,1020.45,0.0,0.0,0,0,,
2024-10-25,19:15,19.9,16.7,84.0,SE,19.3,27.4,1020.56,0.0,0.0,0,0,,
2024-10-25,19:30,19.9,16.7,84.0,ESE,12.9,25.7,1020.89,0.0,0.0,0,0,,
2024-10-25,19:45,19.8,16.7,84.0,ESE,12.9,20.9,1020.76,0.0,0.0,0,0,,
2024-10-25,20:00,19.7,16.7,84.0,ESE,9.7,16.1,1020.66,0.0,0.0,0,0,,
2024-10-25,20:15,19.5,16.7,85.0,ESE,8.0,12.9,1020.89,0.0,0.0,0,0,,
2024-10-25,20:30,19.4,16.7,85.0,ESE,4.8,14.5,1021.03,0.0,0.0,0,0,,
2024-10-25,20:45,19.4,16.7,86.0,SE,8.0,11.3,1021.1,0.0,0.0,0,0,,
2024-10-25,21:00,19.4,16.7,86.0,ESE,4.8,16.1,1021.06,0.0,0.0,0,0,,
2024-10-25,21:15,19.3,16.7,86.0,ESE,4.8,12.9,1021.06,0.0,0.0,0,0,,
2024-10-25,21:30,19.3,16.7,86.0,ESE,11.3,16.1,1021.2,0.0,0.0,0,0,,
2024-10-25,21:45,19.4,17.2,86.0,ESE,8.0,20.9,1021.13,0.0,0.0,0,0,,
2024-10-25,22:00,19.5,17.2,87.0,ESE,6.4,24.1,1021.27,0.0,0.0,0,0,,
2024-10-25,22:15,19.4,16.7,86.0,ESE,16.1,22.5,1021.23,0.0,0.0,0,0,,
2024-10-25,22:30,19.6,17.2,87.0,SE,11.3,24.1,1021.57,0.0,0.0,0,0,,
2024-10-25,22:45,19.6,17.2,86.0,ESE,22.5,22.5,1021.67,0.0,0.0,0,0,,
2024-10-25,23:00,19.6,17.2,87.0,ESE,12.9,19.3,1021.74,0.0,0.0,0,0,,
2024-10-25,23:15,19.5,17.2,87.0,EAST,9.7,22.5,1021.5,0.0,0.0,0,0,,
2024-10-25,23:30,19.4,17.2,87.0,ENE,11.3,22.5,1021.37,0.0,0.0,0,0,,
2024-10-25,23:45,19.4,17.2,87.0,ESE,12.9,22.5,1021.4,0.0,0.0,0,0,,
2024-10-26,00:00,19.4,17.2,88.0,EAST,6.4,22.5,1021.3,0.0,0.0,0,0,,
2024-10-26,00:15,19.4,17.2,88.0,ESE,12.9,24.1,1021.13,0.0,0.0,0,0,,
2024-10-26,00:30,19.3,17.2,88.0,ESE,12.9,25.7,1020.96,0.0,0.0,0,0,,
2024-10-26,00:45,19.3,17.2,88.0,ESE,14.5,24.1,1020.96,0.0,0.0,0,0,,
2024-10-26,01:00,19.3,17.2,88.0,EAST,11.3,24.1,1020.86,0.0,0.0,0,0,,
2024-10-26,01:15,19.3,17.2,88.0,ESE,14.5,29.0,1020.66,0.0,0.0,0,0,,
2024-10-26,01:30,19.4,17.2,87.0,ESE,17.7,27.4,1020.69,0.0,0.0,0,0,,
2024-10-26,01:45,19.4,17.2,87.0,ESE,14.5,24.1,1020.35,0.0,0.0,0,0,,
2024-10-26,02:00,19.4,17.2,87.0,ESE,16.1,30.6,1020.32,0.0,0.0,0,0,,
2024-10-26,02:15,19.4,17.2,87.0,ESE,6.4,20.9,1020.29,0.0,0.0,0,0,,
2024-10-26,02:30,19.4,17.2,87.0,ESE,12.9,25.7,1020.42,0.0,0.0,0,0,,
2024-10-26,02:45,19.3,17.2,87.0,ESE,12.9,24.1,1020.39,0.0,0.0,0,0,,
2024-10-26,03:00,19.3,17.2,88.0,ESE,11.3,22.5,1020.15,0.0,0.0,0,0,,
2024-10-26,03:15,19.3,17.2,88.0,ESE,12.9,20.9,1019.88,0.0,0.0,0,0,,
2024-10-26,03:30,19.2,16.7,87.0,ESE,11.3,22.5,1019.74,0.0,0.0,0,0,,
2024-10-26,03:45,19.4,17.2,88.0,SE,16.1,25.7,1019.57,0.0,0.0,0,0,,
2024-10-26,04:00,19.4,17.2,87.0,ESE,14.5,32.2,1019.51,0.0,0.0,0,0,,
2024-10-26,04:15,19.4,17.2,87.0,SE,14.5,32.2,1019.3,0.0,0.0,0,0,,
2024-10-26,04:30,19.4,17.2,87.0,ESE,27.4,32.2,1019.44,0.0,0.0,0,0,,
2024-10-26,04:45,19.4,17.2,87.0,SE,32.2,37.0,1019.1,0.0,0.0,0,0,,
2024-10-26,05:00,19.3,17.2,87.0,ESE,27.4,35.4,1019.24,0.0,0.0,0,0,,
2024-10-26,05:15,19.2,16.7,87.0,ESE,4.8,40.2,1019.2,0.0,0.0,0,0,,
2024-10-26,05:30,19.1,16.7,87.0,SE,11.3,24.1,1019.2,0.0,0.0,0,0,,
2024-10-26,05:45,19.1,16.7,87.0,SE,24.1,38.6,1018.8,0.0,0.0,0,0,,
2024-10-26,06:00,18.9,16.7,88.0,EAST,12.9,27.4,1018.86,0.0,0.0,0,0,,
2024-10-26,06:15,18.8,16.7,88.0,ESE,12.9,24.1,1018.76,0.0,0.0,0,0,,
2024-10-26,06:30,18.7,16.1,87.0,SE,6.4,24.1,1018.8,0.0,0.0,0,0,,
2024-10-26,06:45,18.6,16.1,86.0,ESE,4.8,30.6,1018.66,0.0,0.0,0,0,,
2024-10-26,07:00,18.6,16.1,86.0,ESE,19.3,27.4,1018.56,0.0,0.0,0,0,,
2024-10-26,07:15,18.6,16.1,85.0,ESE,14.5,29.0,1018.52,0.0,0.0,0,0,,
2024-10-26,07:30,18.6,15.6,84.0,ESE,17.7,32.2,1018.46,0.0,0.0,0,0,,
2024-10-26,07:45,18.4,15.6,84.0,ESE,16.1,30.6,1018.86,0.0,0.0,0,0,,
2024-10-26,08:00,18.3,15.6,84.0,ENE,12.9,19.3,1018.83,0.0,0.0,0,7,,
2024-10-26,08:15,18.2,15.6,84.0,ESE,11.3,19.3,1018.96,0.0,0.0,0,33,,
2024-10-26,08:30,18.4,15.6,84.0,ENE,4.8,16.1,1019.07,0.0,0.0,0,76,,
2024-10-26,08:45,19.1,15.6,82.0,EAST,3.2,29.0,1018.96,0.0,0.0,0,156,,
2024-10-26,09:00,19.4,16.1,81.0,ESE,25.7,29.0,1018.66,0.0,0.0,0,93,,
2024-10-26,09:15,19.3,15.6,80.0,EAST,25.7,32.2,1018.86,0.0,0.0,0,83,,
2024-10-26,09:30,19.3,15.6,80.0,ESE,22.5,37.0,1018.83,0.0,0.0,0,107,,
2024-10-26,09:45,19.7,16.1,79.0,SE,20.9,38.6,1018.49,0.0,0.0,1,72,,
2024-10-26,10:00,20.0,16.1,79.0,EAST,17.7,41.8,1018.52,0.0,0.0,1,336,,
2024-10-26,10:15,20.5,16.1,78.0,ENE,16.1,40.2,1018.46,0.0,0.0,1,399,,
2024-10-26,10:30,20.8,16.1,77.0,SE,33.8,48.3,1018.19,0.0,0.0,2,422,,
2024-10-26,10:45,20.8,16.7,77.0,ESE,24.1,51.5,1018.19,0.0,0.0,2,448,,
2024-10-26,11:00,21.2,16.7,75.0,ESE,41.8,57.9,1018.05,0.0,0.0,2,459,,
2024-10-26,11:15,21.3,16.7,74.0,ESE,37.0,57.9,1018.08,0.0,0.0,2,580,,
2024-10-26,11:30,21.7,16.1,73.0,EAST,38.6,56.3,1018.25,0.0,0.0,2,578,,
2024-10-26,11:45,22.0,16.7,73.0,ESE,27.4,51.5,1018.39,0.0,0.0,3,483,,
2024-10-26,12:00,21.6,17.2,76.0,SE,33.8,54.7,1018.46,0.0,0.0,3,635,,
2024-10-26,12:15,21.7,17.2,76.0,SE,25.7,61.2,1018.19,0.0,0.0,3,619,,
2024-10-26,12:30,22.1,16.7,73.0,SSE,38.6,56.3,1018.05,0.0,0.0,3,643,,
2024-10-26,12:45,22.3,17.2,73.0,ESE,30.6,53.1,1017.71,0.0,0.0,3,766,,
2024-10-26,13:00,22.4,16.7,71.0,SE,43.5,56.3,1017.91,0.0,0.0,3,387,,
2024-10-26,13:15,22.4,16.7,72.0,SE,41.8,51.5,1017.64,0.0,0.0,3,740,,
2024-10-26,13:30,22.5,16.7,71.0,ESE,27.4,53.1,1017.54,0.0,0.0,3,696,,
2024-10-26,13:45,22.3,16.7,70.0,ESE,25.7,56.3,1017.37,0.0,0.0,3,675,,
2024-10-26,14:00,22.4,16.7,70.0,ESE,14.5,49.9,1017.58,0.0,0.0,3,682,,
2024-10-26,14:15,22.7,16.1,68.0,ESE,35.4,49.9,1017.75,0.0,0.0,3,696,,
2024-10-26,14:30,21.8,16.1,70.0,SSE,25.7,51.5,1016.73,0.0,0.0,1,137,,
2024-10-26,14:45,21.7,16.1,72.0,ESE,24.1,48.3,1017.37,0.0,0.0,2,418,,
2024-10-26,15:00,21.6,16.1,72.0,ESE,35.4,46.7,1017.14,0.0,0.0,1,125,,
2024-10-26,15:15,21.5,16.7,74.0,SE,22.5,45.1,1017.2,0.0,0.0,1,214,,
2024-10-26,15:30,21.4,16.7,74.0,SE,38.6,51.5,1017.2,0.0,0.0,1,134,,
2024-10-26,15:45,21.4,16.7,74.0,SE,20.9,51.5,1017.27,0.0,0.0,1,139,,
2024-10-26,16:00,21.4,16.7,74.0,ESE,14.5,41.8,1017.68,0.0,0.0,1,114,,
2024-10-26,16:15,21.2,16.1,75.0,SE,32.2,46.7,1017.54,0.0,0.0,1,116,,
2024-10-26,16:30,20.9,16.7,77.0,SE,32.2,45.1,1017.41,0.0,0.0,0,113,,
2024-10-26,16:45,20.9,16.7,77.0,ESE,25.7,46.7,1017.75,0.0,0.0,0,69,,
2024-10-26,17:00,20.8,16.7,77.0,ESE,24.1,37.0,1017.68,0.0,0.0,0,65,,
2024-10-26,17:15,20.7,16.7,78.0,ESE,29.0,41.8,1017.78,0.0,0.0,0,53,,
2024-10-26,17:30,20.6,16.7,78.0,SE,30.6,41.8,1017.68,0.0,0.0,0,79,,
2024-10-26,17:45,20.6,16.7,78.0,ESE,16.1,40.2,1017.78,0.0,0.0,0,53,,
2024-10-26,18:00,20.4,16.7,80.0,ESE,27.4,41.8,1017.75,0.0,0.0,0,28,,
2024-10-26,18:15,20.2,16.7,80.0,SE,17.7,40.2,1017.85,0.0,0.0,0,9,,
2024-10-26,18:30,20.1,16.1,80.0,SE,30.6,37.0,1017.91,0.0,0.0,0,0,,
2024-10-26,18:45,20.0,16.1,80.0,SSE,19.3,37.0,1018.08,0.0,0.0,0,0,,
2024-10-26,19:00,19.9,16.7,81.0,ESE,24.1,43.5,1017.81,0.0,0.0,0,0,,
2024-10-26,19:15,19.8,16.1,81.0,SE,16.1,41.8,1018.12,0.0,0.0,0,0,,
2024-10-26,19:30,19.8,16.1,81.0,SE,12.9,33.8,1017.91,0.0,0.0,0,0,,
2024-10-26,19:45,19.6,16.1,82.0,SE,6.4,25.7,1017.98,0.0,0.0,0,0,,
2024-10-26,20:00,19.3,16.1,83.0,ESE,6.4,22.5,1018.12,0.0,0.0,0,0,,
2024-10-26,20:15,18.9,16.1,85.0,SE,14.5,22.5,1018.29,0.0,0.0,0,0,,
2024-10-26,20:30,18.7,16.1,86.0,ESE,6.4,14.5,1018.39,0.0,0.0,0,0,,
2024-10-26,20:45,18.5,16.1,87.0,EAST,6.4,17.7,1018.12,0.0,0.0,0,0,,
2024-10-26,21:00,18.4,16.1,87.0,NORTH,0.0,14.5,1018.42,0.0,0.0,0,0,,
2024-10-26,21:15,18.4,16.1,88.0,NORTH,0.0,9.7,1018.96,0.0,0.0,0,0,,
2024-10-26,21:30,18.3,16.1,88.0,NE,6.4,6.4,1018.66,0.0,0.0,0,0,,
2024-10-26,21:45,18.2,16.1,89.0,ENE,3.2,8.0,1018.56,0.0,0.0,0,0,,
2024-10-26,22:00,18.2,16.1,90.0,EAST,3.2,9.7,1018.56,0.0,0.0,0,0,,
2024-10-26,22:15,18.2,16.1,90.0,NORTH,6.4,9.7,1018.96,0.0,0.0,0,0,,
2024-10-26,22:30,18.2,16.1,90.0,ESE,11.3,14.5,1018.32,0.0,0.0,0,0,,
2024-10-26,22:45,18.1,16.1,90.0,EAST,11.3,25.7,1018.35,0.0,0.0,0,0,,
2024-10-26,23:00,18.1,16.1,91.0,EAST,12.9,25.7,1018.08,0.0,0.0,0,0,,
2024-10-26,23:15,18.1,16.1,91.0,NE,16.1,14.5,1018.46,0.0,0.0,0,0,,
2024-10-26,23:30,18.1,16.1,91.0,ESE,4.8,20.9,1018.73,0.0,0.0,0,0,,
2024-10-26,23:45,18.1,16.7,91.0,ESE,1.6,16.1,1018.96,0.0,0.0,0,0,,
2024-10-27,00:00,18.1,16.1,91.0,SE,12.9,14.5,1018.73,0.0,0.0,0,0,,
2024-10-27,00:15,18.1,16.7,91.0,NORTH,0.0,19.3,1018.86,0.0,0.0,0,0,,
2024-10-27,00:30,18.0,16.1,91.0,EAST,1.6,9.7,1018.86,0.0,0.0,0,0,,
2024-10-27,00:45,17.1,15.0,90.0,SSE,8.0,32.2,1019.13,0.0,0.0,0,0,,
2024-10-27,01:00,16.3,14.4,91.0,ESE,1.6,14.5,1018.52,0.0,0.0,0,0,,
2024-10-27,01:15,16.3,14.4,91.0,SSE,3.2,12.9,1019.17,0.0,0.0,0,0,,
2024-10-27,01:30,16.4,15.0,91.0,SSE,6.4,12.9,1019.54,0.0,0.0,0,0,,
2024-10-27,01:45,16.3,14.4,91.0,SSW,3.2,16.1,1019.03,0.0,0.0,0,0,,
2024-10-27,02:00,16.3,15.0,91.0,NW,1.6,6.4,1018.59,0.0,0.0,0,0,,
2024-10-27,02:15,16.2,14.4,92.0,NW,3.2,4.8,1018.02,0.0,0.0,0,0,,
2024-10-27,02:30,16.2,14.4,92.0,NW,1.6,3.2,1018.02,0.0,0.0,0,0,,
2024-10-27,02:45,15.9,14.4,92.0,SSE,3.2,16.1,1018.19,0.0,0.0,0,0,,
2024-10-27,02:00,15.8,14.4,92.0,ENE,3.2,29.0,1018.19,0.0,0.0,0,0,,
2024-10-27,02:15,16.0,14.4,92.0,ESE,3.2,6.4,1017.88,0.0,0.0,0,0,,
2024-10-27,02:30,16.1,14.4,92.0,ESE,3.2,1.6,1017.44,0.0,0.0,0,0,,
2024-10-27,02:45,16.2,15.0,92.0,ENE,6.4,6.4,1017.03,0.0,0.0,0,0,,
2024-10-27,03:00,16.6,15.0,93.0,,1.6,9.7,1016.83,0.0,0.0,0,0,,
2024-10-27,03:15,16.5,15.0,92.0,EAST,14.5,27.4,1016.97,0.0,0.0,0,0,,
2024-10-27,03:30,15.6,13.9,92.0,SE,14.5,22.5,1017.17,0.0,0.0,0,0,,
2024-10-27,03:45,15.0,13.3,92.0,SE,6.4,20.9,1017.61,0.0,0.0,0,0,,
2024-10-27,04:00,14.9,13.3,92.0,SE,3.2,14.5,1017.37,0.0,0.0,0,0,,
2024-10-27,04:15,15.0,13.3,92.0,NORTH,0.0,9.7,1017.2,0.0,0.0,0,0,,
2024-10-27,04:30,15.0,13.9,93.0,NORTH,0.0,4.8,1017.41,0.0,0.0,0,0,,
2024-10-27,04:45,14.9,13.3,93.0,EAST,3.2,6.4,1017.98,0.0,0.0,0,0,,
2024-10-27,05:00,14.9,13.9,93.0,ESE,11.3,12.9,1018.19,0.0,0.0,0,0,,
2024-10-27,05:15,14.9,13.9,93.0,ESE,4.8,12.9,1018.15,0.0,0.0,0,0,,
2024-10-27,05:30,15.1,13.9,93.0,ESE,6.4,9.7,1017.95,0.0,0.0,0,0,,
2024-10-27,05:45,15.2,13.9,93.0,ESE,4.8,12.9,1017.85,0.0,0.0,0,0,,
2024-10-27,06:00,15.4,14.4,94.0,ESE,16.1,16.1,1018.02,0.0,0.0,0,0,,
2024-10-27,06:15,15.4,14.4,94.0,ESE,8.0,11.3,1018.22,0.0,0.0,0,0,,
2024-10-27,06:30,15.5,14.4,94.0,SE,6.4,16.1,1018.02,0.0,0.0,0,0,,
2024-10-27,06:45,15.6,14.4,94.0,SE,8.0,17.7,1017.91,0.0,0.0,0,0,,
2024-10-27,07:00,15.6,14.4,94.0,SE,8.0,17.7,1018.19,0.0,0.0,0,7,,
2024-10-27,07:15,15.6,14.4,94.0,SE,8.0,14.5,1018.49,0.0,0.0,0,19,,
2024-10-27,07:30,15.5,14.4,94.0,ESE,4.8,12.9,1018.63,0.0,0.0,0,23,,
2024-10-27,07:45,15.6,14.4,94.0,ESE,9.7,12.9,1018.96,0.0,0.0,0,39,,
2024-10-27,08:00,15.7,14.4,94.0,ESE,6.4,12.9,1019.34,0.0,0.0,0,53,,
2024-10-27,08:15,15.9,15.0,94.0,ESE,6.4,11.3,1019.4,0.0,0.0,0,102,,
2024-10-27,08:30,16.3,15.0,93.0,ESE,6.4,11.3,1019.51,0.0,0.0,0,125,,
2024-10-27,08:45,16.6,15.0,93.0,ESE,11.3,12.9,1019.47,0.0,0.0,1,142,,
2024-10-27,09:00,16.8,15.6,93.0,ESE,6.4,12.9,1019.74,0.0,0.0,1,329,,
2024-10-27,09:15,17.3,15.6,91.0,EAST,9.7,17.7,1019.74,0.0,0.0,1,294,,
2024-10-27,09:30,17.3,15.6,91.0,ESE,4.8,16.1,1020.01,0.0,0.0,1,88,,
2024-10-27,09:45,17.6,16.1,91.0,EAST,4.8,12.9,1020.12,0.0,0.0,1,251,,
2024-10-27,10:00,17.9,16.1,90.0,EAST,6.4,17.7,1020.42,0.0,0.0,1,250,,
2024-10-27,10:15,18.0,16.1,90.0,ESE,14.5,19.3,1020.39,0.0,0.0,2,327,,
2024-10-27,10:30,18.5,16.1,88.0,ESE,6.4,16.1,1020.59,0.0,0.0,2,650,,
2024-10-27,10:45,18.8,16.1,87.0,ESE,11.3,17.7,1020.52,0.0,0.0,2,213,,
2024-10-27,11:00,18.7,16.1,87.0,SE,17.7,22.5,1020.56,0.0,0.0,2,264,,
2024-10-27,11:15,18.9,16.7,88.0,ESE,11.3,20.9,1020.79,0.0,0.0,1,195,,
2024-10-27,11:30,18.9,16.7,88.0,SE,11.3,24.1,1020.83,0.0,0.0,1,207,,
2024-10-27,11:45,19.2,17.2,88.0,ESE,11.3,24.1,1020.83,0.0,0.0,2,360,,
2024-10-27,12:00,19.3,17.2,88.0,SE,14.5,20.9,1020.73,0.0,0.0,0,77,,
2024-10-27,12:15,19.2,17.2,89.0,SE,12.9,20.9,1020.69,0.0,0.0,2,227,,
2024-10-27,12:30,19.9,17.8,87.0,ESE,8.0,22.5,1020.42,0.0,0.0,3,615,,
2024-10-27,12:45,20.4,17.8,85.0,SE,14.5,24.1,1020.42,0.0,0.0,2,285,,
2024-10-27,13:00,20.7,17.8,85.0,SSE,14.5,32.2,1020.39,0.0,0.0,2,371,,
2024-10-27,13:15,20.9,17.8,83.0,SSE,17.7,32.2,1020.18,0.0,0.0,3,661,,
2024-10-27,13:30,20.6,17.8,84.0,ESE,17.7,29.0,1020.22,0.0,0.0,2,211,,
2024-10-27,13:45,20.6,17.8,84.0,SSE,20.9,32.2,1020.22,0.0,0.0,2,450,,
2024-10-27,14:00,20.6,17.8,84.0,SE,17.7,27.4,1019.91,0.0,0.0,2,246,,
2024-10-27,14:15,20.5,17.2,83.0,SE,14.5,30.6,1019.84,0.0,0.0,2,211,,
2024-10-27,14:30,20.6,17.2,81.0,SE,17.7,32.2,1019.78,0.0,0.0,2,185,,
2024-10-27,14:45,20.5,17.2,81.0,SE,17.7,33.8,1019.98,0.0,0.0,0,54,,
2024-10-27,15:00,19.8,16.1,81.0,ESE,14.5,27.4,1019.91,0.0,0.0,1,56,,
2024-10-27,15:15,19.7,16.1,80.0,SE,11.3,20.9,1020.18,0.0,0.0,0,47,,
2024-10-27,15:30,19.4,15.6,80.0,SE,11.3,19.3,1020.35,0.0,0.0,0,35,,
2024-10-27,15:45,19.4,15.6,80.0,SE,12.9,16.1,1020.35,0.0,0.0,0,40,,
2024-10-27,16:00,19.7,16.1,82.0,SSE,9.7,17.7,1020.35,0.0,0.0,0,211,,
2024-10-27,16:15,20.2,16.7,82.0,SE,9.7,17.7,1020.45,0.0,0.0,0,118,,
2024-10-27,16:30,19.9,16.7,82.0,ESE,8.0,14.5,1020.62,0.0,0.0,0,58,,
2024-10-27,16:45,19.7,16.7,84.0,SE,3.2,12.9,1020.83,0.0,0.0,0,23,,
2024-10-27,17:00,19.4,16.7,85.0,SE,17.7,12.9,1021.27,0.0,0.0,0,25,,
2024-10-27,17:15,19.2,16.7,86.0,SE,8.0,16.1,1021.13,0.0,0.0,0,9,,
2024-10-27,17:30,18.9,16.7,86.0,SE,11.3,16.1,1021.23,0.0,0.0,0,0,,
2024-10-27,17:45,18.7,16.1,87.0,SE,11.3,14.5,1021.44,0.0,0.0,0,0,,
2024-10-27,18:00,18.5,16.1,87.0,SE,3.2,6.4,1021.71,0.0,0.0,0,0,,
2024-10-27,18:15,18.1,15.6,87.0,ESE,3.2,6.4,1021.67,0.0,0.0,0,0,,
2024-10-27,18:30,17.8,15.6,86.0,ESE,3.2,11.3,1022.11,0.0,0.0,0,0,,
2024-10-27,18:45,17.6,15.0,86.0,ENE,8.0,12.9,1022.22,0.0,0.0,0,0,,
2024-10-27,19:00,17.5,15.0,86.0,EAST,6.4,12.9,1022.45,0.0,0.0,0,0,,
2024-10-27,19:15,17.4,15.0,86.0,EAST,11.3,19.3,1022.55,0.0,0.0,0,0,,
2024-10-27,19:30,17.4,15.0,86.0,ENE,9.7,19.3,1022.55,0.0,0.0,0,0,,
2024-10-27,19:45,17.3,15.0,86.0,EAST,14.5,20.9,1022.55,0.0,0.0,0,0,,
2024-10-27,20:00,17.3,15.0,86.0,ENE,14.5,22.5,1022.55,0.0,0.0,0,0,,
2024-10-27,20:15,17.2,15.0,87.0,ENE,8.0,20.9,1022.66,0.0,0.0,0,0,,
2024-10-27,20:30,17.4,15.0,86.0,ENE,8.0,24.1,1022.49,0.0,0.0,0,0,,
2024-10-27,20:45,17.4,15.0,87.0,ENE,17.7,19.3,1022.59,0.0,0.0,0,0,,
2024-10-27,21:00,17.6,15.0,86.0,ESE,6.4,22.5,1022.55,0.0,0.0,0,0,,
2024-10-27,21:15,17.6,15.0,86.0,EAST,11.3,22.5,1022.72,0.0,0.0,0,0,,
2024-10-27,21:30,17.8,15.0,86.0,ENE,14.5,24.1,1022.93,0.0,0.0,0,0,,
2024-10-27,21:45,17.7,15.0,86.0,EAST,14.5,20.9,1022.89,0.0,0.0,0,0,,
2024-10-27,22:00,17.6,15.0,86.0,ENE,14.5,25.7,1023.03,0.0,0.0,0,0,,
2024-10-27,22:15,17.6,15.0,87.0,ENE,16.1,20.9,1023.2,0.0,0.0,0,0,,
2024-10-27,22:30,17.7,15.0,86.0,ENE,16.1,24.1,1023.1,0.0,0.0,0,0,,
2024-10-27,22:45,17.7,15.6,87.0,EAST,16.1,22.5,1023.06,0.0,0.0,0,0,,
2024-10-27,23:00,17.6,15.0,87.0,EAST,11.3,24.1,1023.1,0.0,0.0,0,0,,
2024-10-27,23:15,17.7,15.6,87.0,ENE,9.7,24.1,1022.99,0.0,0.0,0,0,,
2024-10-27,23:30,17.7,15.6,87.0,EAST,12.9,19.3,1022.99,0.0,0.0,0,0,,
2024-10-27,23:45,17.7,15.6,87.0,ENE,22.5,24.1,1022.93,0.0,0.0,0,0,,
2024-10-28,00:00,17.7,15.6,88.0,ENE,12.9,24.1,1023.06,0.0,0.0,0,0,,
2024-10-28,00:15,17.8,15.6,88.0,EAST,17.7,22.5,1022.96,0.0,0.0,0,0,,
2024-10-28,00:30,17.7,15.6,88.0,ENE,8.0,22.5,1022.93,0.0,0.0,0,0,,
2024-10-28,00:45,17.7,15.6,88.0,ENE,17.7,24.1,1022.86,0.0,0.0,0,0,,
2024-10-28,01:00,17.7,15.6,88.0,ENE,20.9,20.9,1023.06,0.0,0.0,0,0,,
2024-10-28,01:15,17.7,15.6,88.0,EAST,11.3,20.9,1022.99,0.0,0.0,0,0,,
2024-10-28,01:30,17.8,15.6,88.0,EAST,8.0,20.9,1023.2,0.0,0.0,0,0,,
2024-10-28,01:45,17.8,15.6,88.0,ENE,9.7,24.1,1023.03,0.0,0.0,0,0,,
2024-10-28,02:00,17.7,15.6,88.0,EAST,20.9,22.5,1022.99,0.0,0.0,0,0,,
2024-10-28,02:15,17.7,15.6,88.0,ENE,9.7,22.5,1022.89,0.0,0.0,0,0,,
2024-10-28,02:30,17.7,15.6,88.0,ENE,12.9,22.5,1022.82,0.0,0.0,0,0,,
2024-10-28,02:45,17.7,15.6,88.0,EAST,14.5,22.5,1022.89,0.0,0.0,0,0,,
2024-10-28,03:00,17.9,15.6,88.0,ENE,12.9,22.5,1022.79,0.0,0.0,0,0,,
2024-10-28,03:15,17.8,15.6,88.0,ENE,16.1,20.9,1022.89,0.0,0.0,0,0,,
2024-10-28,03:30,17.8,15.6,88.0,ENE,16.1,20.9,1022.79,0.0,0.0,0,0,,
2024-10-28,03:45,17.8,15.6,88.0,ENE,16.1,24.1,1022.82,0.0,0.0,0,0,,
2024-10-28,04:00,17.9,15.6,87.0,ENE,16.1,20.9,1022.86,0.0,0.0,0,0,,
2024-10-28,04:15,17.8,15.6,88.0,ENE,12.9,20.9,1022.82,0.0,0.0,0,0,,
2024-10-28,04:30,17.7,15.6,88.0,ENE,14.5,22.5,1022.82,0.0,0.0,0,0,,
2024-10-28,04:45,17.6,15.6,88.0,EAST,12.9,20.9,1022.99,0.0,0.0,0,0,,
2024-10-28,05:00,17.5,15.6,88.0,ENE,8.0,19.3,1023.23,0.0,0.0,0,0,,
2024-10-28,05:15,17.6,15.6,88.0,EAST,11.3,22.5,1022.96,0.0,0.0,0,0,,
2024-10-28,05:30,17.5,15.6,89.0,EAST,6.4,20.9,1023.06,0.0,0.0,0,0,,
2024-10-28,05:45,17.6,15.6,89.0,ENE,11.3,17.7,1022.99,0.0,0.0,0,0,,
2024-10-28,06:00,17.4,15.6,89.0,EAST,3.2,17.7,1022.99,0.0,0.0,0,0,,
2024-10-28,06:15,17.5,15.6,89.0,ENE,9.7,14.5,1023.27,0.0,0.0,0,0,,
2024-10-28,06:30,17.5,15.6,89.0,EAST,9.7,11.3,1023.5,0.0,0.0,0,0,,
2024-10-28,06:45,17.6,15.6,89.0,EAST,3.2,14.5,1023.47,0.0,0.0,0,0,,
2024-10-28,07:00,17.6,15.6,89.0,EAST,4.8,16.1,1023.6,0.0,0.0,0,14,,
2024-10-28,07:15,17.7,15.6,89.0,ESE,9.7,16.1,1023.98,0.0,0.0,0,33,,
2024-10-28,07:30,17.8,16.1,90.0,ESE,6.4,19.3,1024.21,0.0,0.0,0,56,,
2024-10-28,07:45,18.0,16.1,89.0,ESE,9.7,16.1,1024.35,0.0,0.0,0,90,,
2024-10-28,08:00,18.6,16.1,88.0,ESE,19.3,20.9,1024.45,0.0,0.0,0,132,,
2024-10-28,08:15,18.9,16.7,86.0,ESE,16.1,19.3,1024.59,0.0,0.0,0,179,,
2024-10-28,08:30,19.2,16.7,85.0,ESE,12.9,22.5,1024.45,0.0,0.0,0,207,,
2024-10-28,08:45,19.6,16.7,85.0,EAST,12.9,22.5,1024.55,0.0,0.0,1,251,,
2024-10-28,09:00,19.9,17.2,84.0,EAST,12.9,24.1,1024.59,0.0,0.0,1,294,,
2024-10-28,09:15,20.1,17.2,84.0,ESE,17.7,33.8,1024.52,0.0,0.0,1,313,,
2024-10-28,09:30,20.3,17.2,83.0,ESE,6.4,24.1,1024.59,0.0,0.0,1,315,,
2024-10-28,09:45,20.6,17.2,82.0,ESE,17.7,25.7,1024.48,0.0,0.0,1,369,,
2024-10-28,10:00,20.9,17.2,81.0,ENE,12.9,27.4,1024.65,0.0,0.0,2,424,,
2024-10-28,10:15,21.1,17.2,80.0,SE,16.1,32.2,1024.76,0.0,0.0,2,403,,
2024-10-28,10:30,21.4,17.2,78.0,ESE,22.5,27.4,1024.69,0.0,0.0,2,494,,
2024-10-28,10:45,21.6,16.7,75.0,SE,12.9,37.0,1024.69,0.0,0.0,2,519,,
2024-10-28,11:00,21.6,16.7,75.0,EAST,24.1,29.0,1024.52,0.0,0.0,2,494,,
2024-10-28,11:15,20.9,16.7,77.0,ESE,22.5,30.6,1024.52,0.0,0.0,2,149,,
2024-10-28,11:30,20.8,16.7,77.0,SE,20.9,30.6,1024.48,0.0,0.0,2,160,,
2024-10-28,11:45,21.3,16.7,76.0,SE,17.7,33.8,1024.42,0.0,0.0,3,517,,
2024-10-28,12:00,21.3,16.7,76.0,ESE,25.7,32.2,1024.21,0.0,0.0,2,171,,
2024-10-28,12:15,21.2,16.7,76.0,SE,22.5,35.4,1023.84,0.0,0.0,2,130,,
2024-10-28,12:30,21.6,16.7,75.0,ESE,22.5,38.6,1023.84,0.0,0.0,2,141,,
2024-10-28,12:45,21.7,16.7,75.0,ESE,22.5,30.6,1023.67,0.0,0.0,3,527,,
2024-10-28,13:00,21.9,16.7,74.0,EAST,9.7,27.4,1023.5,0.0,0.0,3,548,,
2024-10-28,13:15,22.2,16.7,72.0,ENE,6.4,29.0,1023.54,0.0,0.0,2,527,,
2024-10-28,13:30,22.3,17.2,73.0,ESE,4.8,24.1,1023.4,0.0,0.0,2,520,,
2024-10-28,13:45,22.2,16.7,73.0,ESE,16.1,27.4,1023.4,0.0,0.0,2,504,,
2024-10-28,14:00,22.1,16.7,73.0,ESE,11.3,32.2,1023.13,0.0,0.0,2,436,,
2024-10-28,14:15,22.2,16.7,72.0,SE,22.5,37.0,1023.03,0.0,0.0,2,422,,
2024-10-28,14:30,22.1,16.7,72.0,ENE,20.9,37.0,1022.66,0.0,0.0,2,376,,
2024-10-28,14:45,22.0,16.7,73.0,EAST,12.9,33.8,1022.82,0.0,0.0,1,323,,
2024-10-28,15:00,21.9,16.7,74.0,EAST,16.1,33.8,1022.79,0.0,0.0,1,299,,
2024-10-28,15:15,21.8,16.7,73.0,ESE,11.3,25.7,1022.89,0.0,0.0,1,246,,
2024-10-28,15:30,21.6,16.7,74.0,ESE,20.9,27.4,1022.96,0.0,0.0,1,239,,
2024-10-28,15:45,21.5,16.7,74.0,EAST,16.1,29.0,1023.06,0.0,0.0,1,171,,
2024-10-28,16:00,21.4,16.7,74.0,ESE,9.7,27.4,1023.06,0.0,0.0,0,155,,
2024-10-28,16:15,21.3,16.7,75.0,SE,4.8,22.5,1023.2,0.0,0.0,0,128,,
2024-10-28,16:30,20.8,16.1,76.0,ESE,17.7,24.1,1023.4,0.0,0.0,0,70,,
2024-10-28,16:45,20.7,16.1,76.0,ESE,16.1,22.5,1023.06,0.0,0.0,0,53,,
2024-10-28,17:00,20.5,16.1,77.0,ESE,12.9,22.5,1023.23,0.0,0.0,0,21,,
2024-10-28,17:15,20.2,16.1,78.0,NORTH,0.0,20.9,1023.3,0.0,0.0,0,11,,
2024-10-28,17:30,19.8,16.1,79.0,ESE,9.7,22.5,1023.43,0.0,0.0,0,0,,
2024-10-28,17:45,19.5,15.6,79.0,EAST,12.9,17.7,1023.4,0.0,0.0,0,0,,
2024-10-28,18:00,19.3,15.6,80.0,ESE,9.7,24.1,1023.74,0.0,0.0,0,0,,
2024-10-28,18:15,19.1,15.6,81.0,ESE,1.6,14.5,1024.18,0.0,0.0,0,0,,
2024-10-28,18:30,18.9,15.6,81.0,ESE,6.4,16.1,1024.18,0.0,0.0,0,0,,
2024-10-28,18:45,18.7,15.6,82.0,ESE,4.8,17.7,1024.25,0.0,0.0,0,0,,
2024-10-28,19:00,18.7,15.6,83.0,EAST,6.4,20.9,1024.25,0.0,0.0,0,0,,
2024-10-28,19:15,18.6,15.6,84.0,ESE,12.9,19.3,1024.28,0.0,0.0,0,0,,
2024-10-28,19:30,18.4,15.6,85.0,EAST,6.4,19.3,1024.69,0.0,0.0,0,0,,
2024-10-28,19:45,18.2,15.6,85.0,ESE,11.3,17.7,1024.69,0.0,0.0,0,0,,
2024-10-28,20:00,18.1,15.6,86.0,EAST,12.9,19.3,1024.72,0.0,0.0,0,0,,
2024-10-28,20:15,17.9,15.6,86.0,EAST,6.4,20.9,1024.69,0.0,0.0,0,0,,
2024-10-28,20:30,17.9,15.6,87.0,EAST,9.7,17.7,1024.76,0.0,0.0,0,0,,
2024-10-28,20:45,17.7,15.6,87.0,ENE,11.3,17.7,1024.89,0.0,0.0,0,0,,
2024-10-28,21:00,17.6,15.6,87.0,EAST,11.3,16.1,1024.82,0.0,0.0,0,0,,
2024-10-28,21:15,17.5,15.0,87.0,ENE,11.3,19.3,1024.92,0.0,0.0,0,0,,
2024-10-28,21:30,17.4,15.0,88.0,ENE,11.3,17.7,1024.82,0.0,0.0,0,0,,
2024-10-28,21:45,17.3,15.0,88.0,ENE,14.5,17.7,1025.03,0.0,0.0,0,0,,
2024-10-28,22:00,17.2,15.0,88.0,ENE,6.4,17.7,1025.06,0.0,0.0,0,0,,
2024-10-28,22:15,17.1,15.0,88.0,EAST,6.4,16.1,1024.92,0.0,0.0,0,0,,
2024-10-28,22:30,17.1,15.0,88.0,ENE,6.4,16.1,1024.79,0.0,0.0,0,0,,
2024-10-28,22:45,17.1,15.0,87.0,EAST,11.3,17.7,1024.82,0.0,0.0,0,0,,
2024-10-28,23:00,16.9,14.4,87.0,EAST,12.9,16.1,1024.82,0.0,0.0,0,0,,
2024-10-28,23:15,16.9,14.4,87.0,ENE,6.4,16.1,1024.79,0.0,0.0,0,0,,
2024-10-28,23:30,16.9,14.4,86.0,ESE,11.3,20.9,1024.82,0.0,0.0,0,0,,
2024-10-28,23:45,17.0,14.4,86.0,EAST,19.3,17.7,1024.96,0.0,0.0,0,0,,
2024-10-29,00:00,17.2,14.4,86.0,ESE,11.3,20.9,1024.79,0.0,0.0,0,0,,
2024-10-29,00:15,17.2,14.4,86.0,EAST,12.9,25.7,1024.89,0.0,0.0,0,0,,
2024-10-29,00:30,17.2,15.0,87.0,EAST,11.3,27.4,1024.65,0.0,0.0,0,0,,
2024-10-29,00:45,17.1,14.4,87.0,EAST,12.9,22.5,1024.52,0.0,0.0,0,0,,
2024-10-29,01:00,17.1,15.0,87.0,ESE,17.7,25.7,1024.42,0.0,0.0,0,0,,
2024-10-29,01:15,17.2,15.0,87.0,ESE,16.1,29.0,1024.38,0.0,0.0,0,0,,
2024-10-29,01:30,17.2,15.0,87.0,ESE,19.3,25.7,1024.48,0.0,0.0,0,0,,
2024-10-29,01:45,17.2,15.0,87.0,EAST,14.5,24.1,1024.45,0.0,0.0,0,0,,
2024-10-29,02:00,17.1,14.4,87.0,EAST,14.5,22.5,1024.52,0.0,0.0,0,0,,
2024-10-29,02:15,17.1,14.4,87.0,EAST,11.3,24.1,1024.45,0.0,0.0,0,0,,
2024-10-29,02:30,16.9,14.4,87.0,ESE,4.8,25.7,1024.35,0.0,0.0,0,0,,
2024-10-29,02:45,16.9,14.4,87.0,ESE,20.9,20.9,1024.18,0.0,0.0,0,0,,
2024-10-29,03:00,16.9,14.4,87.0,EAST,11.3,19.3,1024.18,0.0,0.0,0,0,,
2024-10-29,03:15,16.8,14.4,87.0,ESE,9.7,17.7,1024.08,0.0,0.0,0,0,,
2024-10-29,03:30,16.8,14.4,87.0,SE,16.1,22.5,1023.98,0.0,0.0,0,0,,
2024-10-29,03:45,16.9,14.4,87.0,ENE,17.7,20.9,1023.98,0.0,0.0,0,0,,
2024-10-29,04:00,16.9,14.4,86.0,ENE,8.0,25.7,1023.74,0.0,0.0,0,0,,
2024-10-29,04:15,16.9,14.4,86.0,EAST,12.9,24.1,1023.71,0.0,0.0,0,0,,
2024-10-29,04:30,17.0,14.4,86.0,EAST,14.5,22.5,1023.81,0.0,0.0,0,0,,
2024-10-29,04:45,17.1,14.4,86.0,ESE,16.1,24.1,1023.91,0.0,0.0,0,0,,
2024-10-29,05:00,17.1,14.4,86.0,EAST,11.3,24.1,1023.98,0.0,0.0,0,0,,
2024-10-29,05:15,17.1,14.4,86.0,EAST,14.5,24.1,1023.87,0.0,0.0,0,0,,
2024-10-29,05:30,17.1,14.4,86.0,EAST,16.1,25.7,1023.98,0.0,0.0,0,0,,
2024-10-29,05:45,17.1,14.4,86.0,EAST,17.7,24.1,1023.87,0.0,0.0,0,0,,
2024-10-29,06:00,17.0,14.4,86.0,EAST,14.5,24.1,1023.98,0.0,0.0,0,0,,
2024-10-29,06:15,17.0,14.4,87.0,EAST,12.9,27.4,1023.84,0.0,0.0,0,0,,
2024-10-29,06:30,16.8,14.4,87.0,EAST,14.5,24.1,1023.91,0.0,0.0,0,0,,
2024-10-29,06:45,16.7,14.4,87.0,ENE,20.9,27.4,1023.81,0.0,0.0,0,0,,
2024-10-29,07:00,16.7,14.4,87.0,EAST,20.9,29.0,1023.87,0.0,0.0,0,0,,
2024-10-29,07:15,16.8,14.4,88.0,EAST,20.9,27.4,1023.91,0.0,0.0,0,12,,
2024-10-29,07:30,16.8,14.4,88.0,ENE,17.7,30.6,1024.25,0.0,0.0,0,42,,
2024-10-29,07:45,17.0,14.4,87.0,EAST,16.1,29.0,1024.55,0.0,0.0,0,91,,
2024-10-29,08:00,17.3,15.0,87.0,ENE,14.5,24.1,1024.82,0.0,0.0,0,141,,
2024-10-29,08:15,17.7,15.0,86.0,EAST,27.4,25.7,1024.79,0.0,0.0,0,190,,
2024-10-29,08:30,18.1,15.6,85.0,EAST,22.5,30.6,1024.79,0.0,0.0,0,223,,
2024-10-29,08:45,18.3,15.6,84.0,EAST,19.3,29.0,1024.79,0.0,0.0,1,279,,
2024-10-29,09:00,18.6,15.6,84.0,ENE,19.3,37.0,1025.06,0.0,0.0,1,322,,
2024-10-29,09:15,19.1,15.6,82.0,EAST,19.3,30.6,1025.06,0.0,0.0,1,318,,
2024-10-29,09:30,19.3,16.1,82.0,ESE,17.7,29.0,1024.99,0.0,0.0,1,399,,
2024-10-29,09:45,19.5,16.1,81.0,EAST,22.5,29.0,1025.16,0.0,0.0,2,438,,
2024-10-29,10:00,19.6,16.1,81.0,EAST,12.9,27.4,1025.13,0.0,0.0,1,251,,
2024-10-29,10:15,20.1,16.7,81.0,EAST,14.5,25.7,1024.96,0.0,0.0,2,568,,
2024-10-29,10:30,20.3,16.7,80.0,EAST,12.9,22.5,1024.92,0.0,0.0,2,541,,
2024-10-29,10:45,20.6,16.7,79.0,ESE,6.4,24.1,1024.89,0.0,0.0,2,501,,
2024-10-29,11:15,21.1,16.7,76.0,ESE,17.7,25.7,1024.89,0.0,0.0,3,636,,
2024-10-29,11:30,21.2,16.1,74.0,EAST,22.5,29.0,1024.62,0.0,0.0,3,598,,
2024-10-29,11:45,21.4,16.7,74.0,EAST,16.1,27.4,1024.76,0.0,0.0,2,374,,
2024-10-29,12:00,21.1,16.7,76.0,EAST,6.4,20.9,1024.52,0.0,0.0,2,329,,
2024-10-29,12:15,21.4,16.7,74.0,EAST,9.7,24.1,1024.15,0.0,0.0,2,366,,
2024-10-29,12:30,21.7,16.1,72.0,ESE,11.3,22.5,1024.11,0.0,0.0,2,366,,
2024-10-29,12:45,21.9,16.1,70.0,EAST,9.7,24.1,1023.98,0.0,0.0,2,452,,
2024-10-29,13:00,22.2,16.7,71.0,ENE,12.9,20.9,1023.87,0.0,0.0,3,577,,
2024-10-29,13:15,22.1,16.1,71.0,EAST,16.1,24.1,1023.74,0.0,0.0,2,548,,
2024-10-29,13:30,22.6,16.7,70.0,EAST,16.1,24.1,1023.74,0.0,0.0,2,557,,
2024-10-29,13:45,22.3,16.7,70.0,EAST,11.3,22.5,1023.37,0.0,0.0,2,596,,
2024-10-29,14:00,21.8,16.1,70.0,EAST,12.9,16.1,1023.3,0.0,0.0,1,118,,
2024-10-29,14:15,21.8,16.1,71.0,ESE,8.0,24.1,1023.4,0.0,0.0,1,156,,
2024-10-29,14:30,21.8,16.1,71.0,ESE,14.5,19.3,1023.37,0.0,0.0,1,111,,
2024-10-29,14:45,21.7,17.2,77.0,ESE,6.4,19.3,1023.27,0.0,0.0,1,199,,
2024-10-29,15:00,21.8,16.1,71.0,ESE,1.6,19.3,1023.33,0.0,0.0,1,156,,
2024-10-29,15:15,21.9,16.1,70.0,SE,4.8,14.5,1023.27,0.0,0.0,1,146,,
2024-10-29,15:30,21.4,16.1,72.0,SE,4.8,14.5,1023.27,0.0,0.0,1,218,,
2024-10-29,15:45,21.6,16.1,72.0,ESE,9.7,17.7,1023.27,0.0,0.0,1,206,,
2024-10-29,16:00,21.1,15.6,72.0,ESE,20.9,17.7,1023.16,0.0,0.0,0,200,,
2024-10-29,16:15,20.8,15.6,73.0,ESE,11.3,20.9,1023.27,0.0,0.0,0,58,,
2024-10-29,16:30,20.4,15.6,74.0,ESE,11.3,19.3,1023.13,0.0,0.0,0,76,,
2024-10-29,16:45,20.2,15.6,75.0,ESE,6.4,19.3,1023.2,0.0,0.0,0,40,,
2024-10-29,17:00,19.8,15.0,76.0,EAST,11.3,17.7,1023.13,0.0,0.0,0,19,,
2024-10-29,17:15,19.6,15.0,76.0,EAST,4.8,17.7,1023.1,0.0,0.0,0,11,,
2024-10-29,17:30,19.3,15.0,77.0,ESE,6.4,14.5,1022.93,0.0,0.0,0,0,,
2024-10-29,17:45,18.9,15.0,78.0,SE,6.4,20.9,1023.03,0.0,0.0,0,0,,
2024-10-29,18:00,18.6,15.0,79.0,ESE,4.8,20.9,1023.16,0.0,0.0,0,0,,
2024-10-29,18:15,18.3,14.4,80.0,ENE,8.0,22.5,1023.2,0.0,0.0,0,0,,
2024-10-29,18:30,18.1,14.4,80.0,ESE,19.3,19.3,1023.5,0.0,0.0,0,0,,
2024-10-29,18:45,17.9,13.9,79.0,EAST,14.5,24.1,1023.57,0.0,0.0,0,0,,
2024-10-29,19:00,17.8,13.9,79.0,ESE,16.1,20.9,1023.37,0.0,0.0,0,0,,
2024-10-29,19:15,17.8,13.9,79.0,EAST,24.1,22.5,1023.6,0.0,0.0,0,0,,
2024-10-29,19:30,17.6,13.9,79.0,ESE,14.5,25.7,1023.57,0.0,0.0,0,0,,
2024-10-29,19:45,17.6,13.9,80.0,EAST,12.9,20.9,1023.77,0.0,0.0,0,0,,
2024-10-29,20:00,17.6,13.9,80.0,EAST,16.1,20.9,1023.77,0.0,0.0,0,0,,
2024-10-29,20:15,17.4,13.9,80.0,ESE,14.5,20.9,1023.67,0.0,0.0,0,0,,
2024-10-29,20:30,17.2,13.9,81.0,EAST,12.9,19.3,1023.37,0.0,0.0,0,0,,
2024-10-29,20:45,17.1,13.9,83.0,ESE,12.9,25.7,1023.43,0.0,0.0,0,0,,
2024-10-29,21:00,16.9,13.9,84.0,EAST,11.3,19.3,1023.4,0.0,0.0,0,0,,
2024-10-29,21:15,16.7,13.9,85.0,ESE,12.9,20.9,1023.37,0.0,0.0,0,0,,
2024-10-29,21:30,16.8,13.9,85.0,ESE,14.5,20.9,1023.71,0.0,0.0,0,0,,
2024-10-29,21:45,16.7,14.4,86.0,EAST,12.9,17.7,1023.43,0.0,0.0,0,0,,
2024-10-29,22:00,16.8,14.4,86.0,ENE,16.1,22.5,1023.43,0.0,0.0,0,0,,
2024-10-29,22:15,16.7,14.4,86.0,EAST,11.3,22.5,1023.3,0.0,0.0,0,0,,
2024-10-29,22:30,16.7,14.4,87.0,EAST,12.9,20.9,1023.16,0.0,0.0,0,0,,
2024-10-29,22:45,16.7,14.4,87.0,ESE,12.9,22.5,1023.37,0.0,0.0,0,0,,
2024-10-29,23:00,16.8,14.4,87.0,EAST,14.5,22.5,1023.3,0.0,0.0,0,0,,
2024-10-29,23:15,16.8,14.4,87.0,EAST,6.4,29.0,1023.43,0.0,0.0,0,0,,
2024-10-29,23:30,16.8,14.4,88.0,ESE,9.7,22.5,1023.37,0.0,0.0,0,0,,
2024-10-29,23:45,16.8,14.4,88.0,EAST,12.9,24.1,1023.54,0.0,0.0,0,0,,
2024-10-30,00:00,16.8,14.4,88.0,ESE,17.7,24.1,1023.5,0.0,0.0,0,0,,
2024-10-30,00:15,16.8,14.4,88.0,ESE,16.1,22.5,1023.54,0.0,0.0,0,0,,
2024-10-30,00:30,16.8,14.4,88.0,EAST,20.9,17.7,1023.2,0.0,0.0,0,0,,
2024-10-30,00:45,16.9,14.4,88.0,EAST,11.3,17.7,1023.23,0.0,0.0,0,0,,
2024-10-30,01:00,16.8,14.4,88.0,EAST,9.7,19.3,1023.54,0.0,0.0,0,0,,
2024-10-30,01:15,16.7,14.4,88.0,ESE,11.3,14.5,1023.47,0.0,0.0,0,0,,
2024-10-30,01:30,16.7,14.4,88.0,ESE,11.3,17.7,1023.77,0.0,0.0,0,0,,
2024-10-30,01:45,16.7,14.4,89.0,ESE,9.7,16.1,1023.74,0.0,0.0,0,0,,
2024-10-30,02:00,16.7,14.4,89.0,EAST,9.7,20.9,1023.2,0.0,0.0,0,0,,
2024-10-30,02:15,16.6,14.4,89.0,ESE,6.4,19.3,1023.16,0.0,0.0,0,0,,
2024-10-30,02:30,16.4,14.4,89.0,ENE,8.0,17.7,1023.06,0.0,0.0,0,0,,
2024-10-30,02:45,16.6,14.4,89.0,EAST,16.1,22.5,1022.72,0.0,0.0,0,0,,
2024-10-30,03:00,16.4,14.4,89.0,ENE,11.3,19.3,1022.55,0.0,0.0,0,0,,
2024-10-30,03:15,16.3,14.4,90.0,ENE,14.5,25.7,1022.08,0.0,0.0,0,0,,
2024-10-30,03:30,16.4,14.4,90.0,ESE,12.9,24.1,1021.98,0.0,0.0,0,0,,
2024-10-30,03:45,16.4,14.4,90.0,ESE,9.7,20.9,1022.62,0.0,0.0,0,0,,
2024-10-30,04:00,16.6,15.0,90.0,ESE,9.7,19.3,1022.45,0.0,0.0,0,0,,
2024-10-30,04:15,16.8,15.0,89.0,ESE,11.3,20.9,1022.59,0.0,0.0,0,0,,
2024-10-30,04:30,16.9,15.0,89.0,EAST,14.5,20.9,1022.38,0.0,0.0,0,0,,
2024-10-30,04:45,16.8,15.0,89.0,ESE,16.1,24.1,1022.28,0.0,0.0,0,0,,
2024-10-30,05:00,16.8,15.0,89.0,ESE,12.9,25.7,1022.38,0.0,0.0,0,0,,
2024-10-30,05:15,16.7,15.0,89.0,ENE,19.3,22.5,1022.59,0.0,0.0,0,0,,
2024-10-30,05:30,16.7,15.0,90.0,ESE,14.5,22.5,1022.79,0.0,0.0,0,0,,
2024-10-30,05:45,16.8,15.0,89.0,EAST,12.9,24.1,1022.55,0.0,0.0,0,0,,
2024-10-30,06:00,16.8,15.0,89.0,ESE,11.3,19.3,1022.38,0.0,0.0,0,0,,
2024-10-30,06:15,16.7,14.4,89.0,ESE,9.7,22.5,1022.25,0.0,0.0,0,0,,
2024-10-30,06:30,16.6,14.4,89.0,EAST,6.4,16.1,1022.25,0.0,0.0,0,0,,
2024-10-30,06:45,16.6,14.4,89.0,ESE,11.3,22.5,1022.72,0.0,0.0,0,0,,
2024-10-30,07:00,16.5,14.4,89.0,ESE,4.8,19.3,1022.96,0.0,0.0,0,7,,
2024-10-30,07:15,16.6,14.4,90.0,ESE,11.3,19.3,1022.72,0.0,0.0,0,14,,
2024-10-30,07:30,16.6,14.4,89.0,ESE,14.5,24.1,1023.03,0.0,0.0,0,46,,
2024-10-30,07:45,16.9,15.0,89.0,ESE,14.5,20.9,1022.89,0.0,0.0,0,97,,
2024-10-30,08:00,17.4,15.0,88.0,EAST,14.5,22.5,1022.82,0.0,0.0,0,142,,
2024-10-30,08:15,17.6,15.0,87.0,EAST,11.3,22.5,1022.89,0.0,0.0,0,169,,
2024-10-30,08:30,17.5,15.0,87.0,ENE,6.4,20.9,1023.4,0.0,0.0,0,183,,
2024-10-30,08:45,17.6,15.0,87.0,EAST,6.4,17.7,1023.5,0.0,0.0,0,70,,
2024-10-30,09:00,17.4,15.0,88.0,EAST,8.0,17.7,1023.33,0.0,0.0,1,111,,
2024-10-30,09:15,17.8,15.6,87.0,ESE,11.3,19.3,1023.84,0.0,0.0,1,316,,
2024-10-30,09:30,18.8,16.1,85.0,EAST,9.7,19.3,1024.11,0.0,0.0,1,420,,
2024-10-30,09:45,19.3,16.1,83.0,ESE,9.7,22.5,1023.94,0.0,0.0,2,394,,
2024-10-30,10:00,19.9,16.7,82.0,EAST,9.7,22.5,1023.98,0.0,0.0,2,510,,
2024-10-30,10:15,20.2,16.7,80.0,ENE,6.4,20.9,1023.91,0.0,0.0,2,496,,
2024-10-30,10:30,20.4,16.1,78.0,ESE,9.7,29.0,1024.04,0.0,0.0,2,601,,
2024-10-30,10:45,20.7,16.1,77.0,ESE,19.3,22.5,1023.81,0.0,0.0,2,503,,
2024-10-30,11:00,21.3,16.7,76.0,ESE,4.8,20.9,1024.04,0.0,0.0,3,568,,
2024-10-30,11:15,21.5,16.1,73.0,ESE,11.3,19.3,1023.87,0.0,0.0,3,524,,
2024-10-30,11:30,21.1,16.1,73.0,SE,12.9,25.7,1023.87,0.0,0.0,2,309,,
2024-10-30,11:45,21.5,16.1,73.0,ESE,12.9,16.1,1023.91,0.0,0.0,3,533,,
2024-10-30,12:00,22.0,16.7,72.0,ESE,12.9,24.1,1023.94,0.0,0.0,3,694,,
2024-10-30,12:15,21.8,16.7,72.0,SSE,9.7,22.5,1023.43,0.0,0.0,3,392,,
2024-10-30,12:30,21.7,16.7,74.0,SSE,9.7,25.7,1023.5,0.0,0.0,3,578,,
2024-10-30,12:45,21.3,16.7,75.0,SE,8.0,27.4,1023.3,0.0,0.0,2,244,,
2024-10-30,13:00,21.2,16.7,76.0,SE,14.5,22.5,1023.13,0.0,0.0,1,160,,
2024-10-30,13:15,20.9,16.7,77.0,SSE,11.3,24.1,1023.13,0.0,0.0,1,127,,
2024-10-30,13:30,20.3,16.7,81.0,SSE,16.1,20.9,1022.96,0.0,0.0,1,153,,
2024-10-30,13:45,20.0,16.7,83.0,SE,19.3,22.5,1022.86,0.0,0.0,1,169,,
2024-10-30,14:00,20.1,17.2,84.0,SE,11.3,20.9,1022.72,0.0,0.0,1,244,,
2024-10-30,14:15,20.3,17.2,82.0,SSE,9.7,19.3,1022.52,0.0,0.0,1,200,,
2024-10-30,14:30,20.6,17.2,80.0,SE,6.4,19.3,1022.38,0.0,0.0,1,258,,
2024-10-30,14:45,20.7,17.2,80.0,SE,8.0,19.3,1022.59,0.0,0.0,1,176,,
2024-10-30,15:00,20.3,17.2,82.0,SE,11.3,22.5,1022.69,0.0,0.0,1,120,,
2024-10-30,15:15,20.2,17.2,83.0,SE,3.2,19.3,1022.38,0.0,0.0,0,88,,
2024-10-30,15:30,20.2,16.7,80.0,SE,9.7,19.3,1022.45,0.0,0.0,0,81,,
2024-10-30,15:45,20.2,16.7,80.0,SE,4.8,12.9,1022.55,0.0,0.0,0,113,,
2024-10-30,16:00,20.3,16.7,80.0,SE,16.1,17.7,1022.35,0.0,0.0,0,116,,
2024-10-30,16:15,20.4,16.7,80.0,SE,12.9,17.7,1022.18,0.0,0.0,0,49,,
2024-10-30,16:30,20.3,16.7,80.0,SE,12.9,19.3,1022.11,0.0,0.0,0,18,,
2024-10-30,16:45,20.1,16.7,81.0,SE,8.0,14.5,1022.22,0.0,0.0,0,14,,
2024-10-30,17:00,20.0,16.7,81.0,SE,8.0,12.9,1022.32,0.0,0.0,0,12,,
2024-10-30,17:15,19.7,16.7,83.0,SE,14.5,14.5,1022.22,0.0,0.0,0,7,,
2024-10-30,17:30,19.2,16.1,84.0,ESE,12.9,19.3,1022.22,0.0,0.0,0,0,,
2024-10-30,17:45,18.9,16.1,85.0,ESE,12.9,17.7,1022.45,0.0,0.0,0,0,,
2024-10-30,18:00,18.8,16.1,86.0,SE,11.3,16.1,1022.45,0.0,0.0,0,0,,
2024-10-30,18:15,18.6,16.1,86.0,SE,8.0,17.7,1022.35,0.0,0.0,0,0,,
2024-10-30,18:30,18.3,16.1,86.0,SE,11.3,17.7,1022.45,0.0,0.0,0,0,,
2024-10-30,18:45,18.3,15.6,87.0,SE,12.9,17.7,1022.82,0.0,0.0,0,0,,
2024-10-30,19:00,18.3,16.1,87.0,SE,6.4,16.1,1022.69,0.0,0.0,0,0,,
2024-10-30,19:15,18.2,16.1,88.0,ESE,11.3,14.5,1022.76,0.0,0.0,0,0,,
2024-10-30,19:30,18.2,16.1,89.0,ESE,9.7,14.5,1022.96,0.0,0.0,0,0,,
2024-10-30,19:45,18.1,16.1,89.0,SE,8.0,14.5,1022.66,0.0,0.0,0,0,,
2024-10-30,20:00,17.9,16.1,89.0,ESE,4.8,11.3,1022.62,0.0,0.0,0,0,,
2024-10-30,20:15,17.9,16.1,89.0,ESE,6.4,16.1,1022.59,0.0,0.0,0,0,,
2024-10-30,20:30,17.9,16.1,89.0,ESE,11.3,14.5,1022.62,0.0,0.0,0,0,,
2024-10-30,20:45,17.8,16.1,89.0,ESE,8.0,16.1,1022.72,0.0,0.0,0,0,,
2024-10-30,21:00,17.8,15.6,89.0,ESE,6.4,14.5,1022.79,0.0,0.0,0,0,,
2024-10-30,21:15,17.8,15.6,89.0,SE,4.8,11.3,1022.93,0.0,0.0,0,0,,
2024-10-30,21:30,17.8,15.6,89.0,ESE,3.2,6.4,1022.89,0.0,0.0,0,0,,
2024-10-30,21:45,17.7,15.6,89.0,EAST,4.8,11.3,1022.79,0.0,0.0,0,0,,
2024-10-30,22:00,17.6,15.6,89.0,EAST,4.8,11.3,1022.99,0.0,0.0,0,0,,
2024-10-30,22:15,17.4,15.6,89.0,EAST,3.2,6.4,1022.82,0.0,0.0,0,0,,
2024-10-30,22:30,17.3,15.6,89.0,ESE,6.4,9.7,1022.86,0.0,0.0,0,0,,
2024-10-30,22:45,17.2,15.0,89.0,EAST,4.8,11.3,1022.93,0.0,0.0,0,0,,
2024-10-30,23:00,17.0,15.0,89.0,ESE,8.0,11.3,1022.96,0.0,0.0,0,0,,
2024-10-30,23:15,16.9,15.0,88.0,ESE,11.3,12.9,1022.99,0.0,0.0,0,0,,
2024-10-30,23:30,17.0,14.4,87.0,ESE,4.8,14.5,1022.99,0.0,0.0,0,0,,
2024-10-30,23:45,17.2,14.4,86.0,SE,12.9,11.3,1022.89,0.0,0.0,0,0,,
2024-10-31,00:00,17.3,14.4,85.0,ESE,4.8,11.3,1022.82,0.0,0.0,0,0,,
2024-10-31,00:15,17.3,14.4,84.0,EAST,6.4,12.9,1022.72,0.0,0.0,0,0,,
2024-10-31,00:30,17.3,14.4,85.0,EAST,4.8,12.9,1022.76,0.0,0.0,0,0,,
2024-10-31,00:45,17.2,14.4,86.0,ESE,6.4,11.3,1022.76,0.0,0.0,0,0,,
2024-10-31,01:00,17.2,15.0,87.0,EAST,4.8,11.3,1022.62,0.0,0.0,0,0,,
2024-10-31,01:15,17.1,15.0,87.0,EAST,4.8,9.7,1022.62,0.0,0.0,0,0,,
2024-10-31,01:30,17.1,15.0,87.0,EAST,4.8,11.3,1022.79,0.0,0.0,0,0,,
2024-10-31,01:45,17.1,15.0,87.0,EAST,3.2,11.3,1022.72,0.0,0.0,0,0,,
2024-10-31,02:00,17.1,15.0,88.0,EAST,1.6,6.4,1022.69,0.0,0.0,0,0,,
2024-10-31,02:15,17.0,15.0,88.0,EAST,3.2,6.4,1022.55,0.0,0.0,0,0,,
2024-10-31,02:30,16.9,14.4,88.0,EAST,1.6,6.4,1022.82,0.0,0.0,0,0,,
2024-10-31,02:45,16.9,15.0,88.0,ESE,6.4,12.9,1022.38,0.0,0.0,0,0,,
2024-10-31,03:00,17.1,15.0,87.0,EAST,6.4,12.9,1022.49,0.0,0.0,0,0,,
2024-10-31,03:15,17.2,15.0,87.0,ESE,4.8,6.4,1022.76,0.0,0.0,0,0,,
2024-10-31,03:30,17.2,15.0,87.0,EAST,1.6,8.0,1022.49,0.0,0.0,0,0,,
2024-10-31,03:45,17.2,15.0,87.0,EAST,3.2,6.4,1022.49,0.0,0.0,0,0,,
2024-10-31,04:00,17.1,15.0,87.0,EAST,6.4,9.7,1022.38,0.0,0.0,0,0,,
2024-10-31,04:15,17.1,15.0,87.0,ESE,6.4,11.3,1022.55,0.0,0.0,0,0,,
2024-10-31,04:30,17.1,15.0,87.0,ESE,6.4,11.3,1022.45,0.0,0.0,0,0,,
2024-10-31,04:45,17.1,15.0,87.0,ENE,11.3,11.3,1022.45,0.0,0.0,0,0,,
2024-10-31,05:00,17.1,15.0,87.0,EAST,9.7,14.5,1022.35,0.0,0.0,0,0,,
2024-10-31,05:15,17.2,15.0,88.0,EAST,8.0,17.7,1022.45,0.0,0.0,0,0,,
2024-10-31,05:30,17.2,15.0,88.0,EAST,4.8,14.5,1022.79,0.0,0.0,0,0,,
2024-10-31,05:45,17.2,15.0,88.0,EAST,11.3,16.1,1022.82,0.0,0.0,0,0,,
2024-10-31,06:00,17.2,15.0,88.0,EAST,6.4,16.1,1022.82,0.0,0.0,0,0,,
2024-10-31,06:15,17.1,15.0,88.0,EAST,9.7,16.1,1022.86,0.0,0.0,0,0,,
2024-10-31,06:30,17.1,15.0,89.0,ENE,8.0,16.1,1022.66,0.0,0.0,0,0,,
2024-10-31,06:45,17.1,15.0,89.0,EAST,17.7,20.9,1022.49,0.0,0.0,0,0,,
2024-10-31,07:00,17.1,15.0,88.0,EAST,8.0,20.9,1022.66,0.0,0.0,0,0,,
2024-10-31,07:15,17.0,15.0,88.0,ESE,9.7,17.7,1022.82,0.0,0.0,0,11,,
2024-10-31,07:30,17.0,15.0,88.0,EAST,6.4,16.1,1022.76,0.0,0.0,0,25,,
2024-10-31,07:45,17.1,15.0,88.0,ESE,14.5,17.7,1022.86,0.0,0.0,0,84,,
2024-10-31,08:00,17.5,15.0,87.0,ENE,11.3,17.7,1022.99,0.0,0.0,0,132,,
2024-10-31,08:15,17.9,15.0,85.0,EAST,6.4,19.3,1023.1,0.0,0.0,0,179,,
2024-10-31,08:30,18.2,15.6,84.0,EAST,9.7,22.5,1023.13,0.0,0.0,0,229,,
2024-10-31,08:45,18.6,15.6,83.0,ENE,14.5,22.5,1023.13,0.0,0.0,1,269,,
2024-10-31,09:00,18.8,15.6,82.0,NE,16.1,22.5,1023.2,0.0,0.0,1,311,,
2024-10-31,09:15,19.2,15.6,81.0,EAST,17.7,22.5,1023.1,0.0,0.0,1,350,,
2024-10-31,09:30,19.3,15.6,80.0,ESE,16.1,25.7,1022.99,0.0,0.0,1,387,,
2024-10-31,09:45,19.6,15.6,79.0,EAST,24.1,29.0,1023.33,0.0,0.0,2,418,,
2024-10-31,10:00,20.0,16.1,79.0,SE,14.5,30.6,1023.16,0.0,0.0,2,452,,
2024-10-31,10:15,20.2,16.1,78.0,EAST,16.1,29.0,1023.23,0.0,0.0,2,480,,
2024-10-31,10:30,20.5,16.1,76.0,SE,19.3,30.6,1023.1,0.0,0.0,2,503,,
2024-10-31,10:45,20.8,16.1,75.0,ESE,12.9,25.7,1023.16,0.0,0.0,2,524,,
2024-10-31,11:00,21.0,16.1,74.0,SE,19.3,30.6,1023.1,0.0,0.0,2,538,,
2024-10-31,11:15,21.3,16.1,74.0,SE,6.4,30.6,1023.13,0.0,0.0,3,543,,
2024-10-31,11:30,21.4,16.1,73.0,EAST,12.9,24.1,1022.99,0.0,0.0,3,563,,
2024-10-31,11:45,21.8,16.1,72.0,SE,14.5,25.7,1022.93,0.0,0.0,3,575,,
2024-10-31,12:00,21.9,16.7,71.0,EAST,14.5,27.4,1022.82,0.0,0.0,3,577,,
2024-10-31,12:15,21.9,16.1,71.0,EAST,9.7,25.7,1022.82,0.0,0.0,3,577,,
2024-10-31,12:30,22.1,16.1,70.0,EAST,16.1,27.4,1022.45,0.0,0.0,3,571,,
2024-10-31,12:45,22.3,16.1,69.0,EAST,19.3,25.7,1022.52,0.0,0.0,3,563,,
2024-10-31,13:00,22.5,16.7,70.0,ESE,12.9,27.4,1022.08,0.0,0.0,3,554,,
2024-10-31,13:15,22.6,16.1,68.0,SE,14.5,29.0,1022.08,0.0,0.0,3,545,,
2024-10-31,13:30,22.6,16.1,67.0,EAST,9.7,27.4,1021.98,0.0,0.0,2,199,,
2024-10-31,13:45,22.3,16.1,68.0,EAST,14.5,22.5,1022.01,0.0,0.0,2,540,,
2024-10-31,14:00,22.7,16.1,67.0,ESE,14.5,27.4,1021.98,0.0,0.0,2,508,,
2024-10-31,14:15,22.6,16.7,70.0,SSE,14.5,20.9,1021.84,0.0,0.0,2,480,,
2024-10-31,14:30,22.3,16.7,70.0,SE,9.7,20.9,1021.88,0.0,0.0,2,478,,
2024-10-31,14:45,22.3,16.7,71.0,ESE,11.3,24.1,1021.98,0.0,0.0,1,332,,
2024-10-31,15:00,21.9,16.7,72.0,ESE,11.3,19.3,1021.88,0.0,0.0,1,163,,
2024-10-31,15:15,22.4,16.1,67.0,ESE,12.9,27.4,1021.94,0.0,0.0,1,343,,
2024-10-31,15:30,21.8,15.6,68.0,SE,16.1,20.9,1021.98,0.0,0.0,1,274,,
2024-10-31,15:45,21.6,15.6,69.0,ESE,11.3,20.9,1022.05,0.0,0.0,1,102,,
2024-10-31,16:00,21.2,15.6,72.0,ESE,16.1,20.9,1022.22,0.0,0.0,0,171,,
2024-10-31,16:15,20.8,16.1,76.0,SE,20.9,20.9,1022.25,0.0,0.0,0,47,,
2024-10-31,16:30,20.3,16.1,77.0,ESE,16.1,25.7,1022.35,0.0,0.0,0,32,,
2024-10-31,16:45,20.1,15.0,74.0,SE,20.9,20.9,1022.49,0.0,0.0,0,32,,
2024-10-31,17:00,19.8,14.4,73.0,ESE,16.1,20.9,1022.55,0.0,0.0,0,18,,
2024-10-31,17:15,19.6,15.0,75.0,ESE,6.4,20.9,1022.49,0.0,0.0,0,7,,
2024-10-31,17:30,19.3,14.4,75.0,EAST,9.7,19.3,1022.55,0.0,0.0,0,0,,
2024-10-31,17:45,19.0,14.4,76.0,ESE,11.3,17.7,1022.86,0.0,0.0,0,0,,
2024-10-31,18:00,18.8,14.4,78.0,EAST,6.4,19.3,1023.06,0.0,0.0,0,0,,
2024-10-31,18:15,18.6,14.4,78.0,EAST,12.9,17.7,1023.03,0.0,0.0,0,0,,
2024-10-31,18:30,18.4,14.4,79.0,EAST,11.3,14.5,1023.13,0.0,0.0,0,0,,
2024-10-31,18:45,18.1,14.4,80.0,ENE,12.9,14.5,1023.16,0.0,0.0,0,0,,
2024-10-31,19:00,17.9,14.4,81.0,ESE,11.3,16.1,1023.2,0.0,0.0,0,0,,
2024-10-31,19:15,17.7,14.4,81.0,ESE,9.7,16.1,1023.2,0.0,0.0,0,0,,
2024-10-31,19:30,17.4,14.4,82.0,EAST,11.3,14.5,1023.23,0.0,0.0,0,0,,
2024-10-31,19:45,17.2,14.4,83.0,EAST,12.9,16.1,1023.1,0.0,0.0,0,0,,
2024-10-31,20:00,17.2,14.4,84.0,ESE,9.7,20.9,1023.16,0.0,0.0,0,0,,
2024-10-31,20:15,17.2,14.4,84.0,EAST,9.7,19.3,1023.16,0.0,0.0,0,0,,
2024-10-31,20:30,17.1,14.4,84.0,EAST,9.7,20.9,1023.06,0.0,0.0,0,0,,
2024-10-31,20:45,17.1,14.4,85.0,ESE,11.3,19.3,1023.27,0.0,0.0,0,0,,
2024-10-31,21:00,16.9,14.4,85.0,EAST,14.5,20.9,1023.33,0.0,0.0,0,0,,
2024-10-31,21:15,16.9,14.4,85.0,ESE,11.3,20.9,1023.33,0.0,0.0,0,0,,
2024-10-31,21:30,16.9,14.4,85.0,EAST,12.9,19.3,1023.16,0.0,0.0,0,0,,
2024-10-31,21:45,16.8,14.4,85.0,EAST,16.1,22.5,1023.2,0.0,0.0,0,0,,
2024-10-31,22:00,16.8,13.9,85.0,ESE,9.7,19.3,1023.2,0.0,0.0,0,0,,
2024-10-31,22:15,16.8,13.9,85.0,EAST,19.3,19.3,1023.33,0.0,0.0,0,0,,
2024-10-31,22:30,16.8,13.9,85.0,ESE,11.3,19.3,1023.16,0.0,0.0,0,0,,
2024-10-31,22:45,16.7,13.9,85.0,ESE,9.7,22.5,1023.03,0.0,0.0,0,0,,
2024-10-31,23:00,16.6,13.9,86.0,ESE,14.5,20.9,1023.13,0.0,0.0,0,0,,
2024-10-31,23:15,16.5,13.9,86.0,ESE,9.7,19.3,1022.89,0.0,0.0,0,0,,
2024-10-31,23:30,16.4,13.9,87.0,EAST,11.3,22.5,1022.99,0.0,0.0,0,0,,
2024-10-31,23:45,16.3,13.9,87.0,ESE,14.5,20.9,1022.79,0.0,0.0,0,0,,
2024-10-01,OVR,,,,,,,,,,,,gustmax,33.8
2024-10-01,OVR,,,,,,,,,,,,rainrate_max,
2024-10-01,OVR,,,,,,,,,,,,rain_total_mm,
2024-10-01,OVR,,,,,,,,,,,,tmax,26.4
2024-10-01,OVR,,,,,,,,,,,,tmin,15.1
2024-10-01,OVR,,,,,,,,,,,,wind_dir_mean_deg,112.5
2024-10-02,OVR,,,,,,,,,,,,gustmax,43.5
2024-10-02,OVR,,,,,,,,,,,,rainrate_max,
2024-10-02,OVR,,,,,,,,,,,,rain_total_mm,
2024-10-02,OVR,,,,,,,,,,,,tmax,23.1
2024-10-02,OVR,,,,,,,,,,,,tmin,15.6
2024-10-02,OVR,,,,,,,,,,,,wind_dir_mean_deg,292.5
2024-10-03,OVR,,,,,,,,,,,,gustmax,54.7
2024-10-03,OVR,,,,,,,,,,,,rainrate_max,74.4
2024-10-03,OVR,,,,,,,,,,,,rain_total_mm,13.8
2024-10-03,OVR,,,,,,,,,,,,tmax,23.4
2024-10-03,OVR,,,,,,,,,,,,tmin,14.8
2024-10-03,OVR,,,,,,,,,,,,wind_dir_mean_deg,292.5
2024-10-04,OVR,,,,,,,,,,,,gustmax,51.5
2024-10-04,OVR,,,,,,,,,,,,rainrate_max,
2024-10-04,OVR,,,,,,,,,,,,rain_total_mm,
2024-10-04,OVR,,,,,,,,,,,,tmax,19.2
2024-10-04,OVR,,,,,,,,,,,,tmin,14.7
2024-10-04,OVR,,,,,,,,,,,,wind_dir_mean_deg,292.5
2024-10-05,OVR,,,,,,,,,,,,gustmax,56.3
2024-10-05,OVR,,,,,,,,,,,,rainrate_max,0.2
2024-10-05,OVR,,,,,,,,,,,,rain_total_mm,0.4
2024-10-05,OVR,,,,,,,,,,,,tmax,19.1
2024-10-05,OVR,,,,,,,,,,,,tmin,14.6
2024-10-05,OVR,,,,,,,,,,,,wind_dir_mean_deg,292.5
2024-10-06,OVR,,,,,,,,,,,,gustmax,27.4
2024-10-06,OVR,,,,,,,,,,,,rainrate_max,
2024-10-06,OVR,,,,,,,,,,,,rain_total_mm,
2024-10-06,OVR,,,,,,,,,,,,tmax,23.6
2024-10-06,OVR,,,,,,,,,,,,tmin,13.0
2024-10-06,OVR,,,,,,,,,,,,wind_dir_mean_deg,90.0
2024-10-07,OVR,,,,,,,,,,,,gustmax,32.2
2024-10-07,OVR,,,,,,,,,,,,rainrate_max,
2024-10-07,OVR,,,,,,,,,,,,rain_total_mm,
2024-10-07,OVR,,,,,,,,,,,,tmax,27.2
2024-10-07,OVR,,,,,,,,,,,,tmin,17.3
2024-10-07,OVR,,,,,,,,,,,,wind_dir_mean_deg,112.5
2024-10-08,OVR,,,,,,,,,,,,gustmax,61.2
2024-10-08,OVR,,,,,,,,,,,,rainrate_max,74.4
2024-10-08,OVR,,,,,,,,,,,,rain_total_mm,11.4
2024-10-08,OVR,,,,,,,,,,,,tmax,21.9
2024-10-08,OVR,,,,,,,,,,,,tmin,15.7
2024-10-08,OVR,,,,,,,,,,,,wind_dir_mean_deg,135.0
2024-10-09,OVR,,,,,,,,,,,,gustmax,35.4
2024-10-09,OVR,,,,,,,,,,,,rainrate_max,0.2
2024-10-09,OVR,,,,,,,,,,,,rain_total_mm,0.2
2024-10-09,OVR,,,,,,,,,,,,tmax,23.6
2024-10-09,OVR,,,,,,,,,,,,tmin,16.6
2024-10-09,OVR,,,,,,,,,,,,wind_dir_mean_deg,135.0
2024-10-10,OVR,,,,,,,,,,,,gustmax,45.1
2024-10-10,OVR,,,,,,,,,,,,rainrate_max,
2024-10-10,OVR,,,,,,,,,,,,rain_total_mm,
2024-10-10,OVR,,,,,,,,,,,,tmax,23.7
2024-10-10,OVR,,,,,,,,,,,,tmin,16.3
2024-10-10,OVR,,,,,,,,,,,,wind_dir_mean_deg,292.5
2024-10-11,OVR,,,,,,,,,,,,gustmax,43.5
2024-10-11,OVR,,,,,,,,,,,,rainrate_max,
2024-10-11,OVR,,,,,,,,,,,,rain_total_mm,
2024-10-11,OVR,,,,,,,,,,,,tmax,21.7
2024-10-11,OVR,,,,,,,,,,,,tmin,15.3
2024-10-11,OVR,,,,,,,,,,,,wind_dir_mean_deg,292.5
2024-10-12,OVR,,,,,,,,,,,,gustmax,27.4
2024-10-12,OVR,,,,,,,,,,,,rainrate_max,
2024-10-12,OVR,,,,,,,,,,,,rain_total_mm,
2024-10-12,OVR,,,,,,,,,,,,tmax,23.2
2024-10-12,OVR,,,,,,,,,,,,tmin,12.2
2024-10-12,OVR,,,,,,,,,,,,wind_dir_mean_deg,135.0
2024-10-13,OVR,,,,,,,,,,,,gustmax,24.1
2024-10-13,OVR,,,,,,,,,,,,rainrate_max,
2024-10-13,OVR,,,,,,,,,,,,rain_total_mm,
2024-10-13,OVR,,,,,,,,,,,,tmax,24.7
2024-10-13,OVR,,,,,,,,,,,,tmin,14.9
2024-10-13,OVR,,,,,,,,,,,,wind_dir_mean_deg,135.0
2024-10-14,OVR,,,,,,,,,,,,gustmax,38.6
2024-10-14,OVR,,,,,,,,,,,,rainrate_max,
2024-10-14,OVR,,,,,,,,,,,,rain_total_mm,
2024-10-14,OVR,,,,,,,,,,,,tmax,26.8
2024-10-14,OVR,,,,,,,,,,,,tmin,17.0
2024-10-14,OVR,,,,,,,,,,,,wind_dir_mean_deg,135.0
2024-10-15,OVR,,,,,,,,,,,,gustmax,38.6
2024-10-15,OVR,,,,,,,,,,,,rainrate_max,
2024-10-15,OVR,,,,,,,,,,,,rain_total_mm,
2024-10-15,OVR,,,,,,,,,,,,tmax,28.1
2024-10-15,OVR,,,,,,,,,,,,tmin,19.4
2024-10-15,OVR,,,,,,,,,,,,wind_dir_mean_deg,135.0
2024-10-16,OVR,,,,,,,,,,,,gustmax,35.4
2024-10-16,OVR,,,,,,,,,,,,rainrate_max,
2024-10-16,OVR,,,,,,,,,,,,rain_total_mm,
2024-10-16,OVR,,,,,,,,,,,,tmax,25.5
2024-10-16,OVR,,,,,,,,,,,,tmin,19.7
2024-10-16,OVR,,,,,,,,,,,,wind_dir_mean_deg,112.5
2024-10-17,OVR,,,,,,,,,,,,gustmax,37.0
2024-10-17,OVR,,,,,,,,,,,,rainrate_max,
2024-10-17,OVR,,,,,,,,,,,,rain_total_mm,
2024-10-17,OVR,,,,,,,,,,,,tmax,25.3
2024-10-17,OVR,,,,,,,,,,,,tmin,19.1
2024-10-17,OVR,,,,,,,,,,,,wind_dir_mean_deg,90.0
2024-10-18,OVR,,,,,,,,,,,,gustmax,43.5
2024-10-18,OVR,,,,,,,,,,,,rainrate_max,
2024-10-18,OVR,,,,,,,,,,,,rain_total_mm,
2024-10-18,OVR,,,,,,,,,,,,tmax,21.2
2024-10-18,OVR,,,,,,,,,,,,tmin,15.6
2024-10-18,OVR,,,,,,,,,,,,wind_dir_mean_deg,292.5
2024-10-19,OVR,,,,,,,,,,,,gustmax,48.3
2024-10-19,OVR,,,,,,,,,,,,rainrate_max,
2024-10-19,OVR,,,,,,,,,,,,rain_total_mm,
2024-10-19,OVR,,,,,,,,,,,,tmax,19.0
2024-10-19,OVR,,,,,,,,,,,,tmin,13.7
2024-10-19,OVR,,,,,,,,,,,,wind_dir_mean_deg,292.5
2024-10-20,OVR,,,,,,,,,,,,gustmax,25.7
2024-10-20,OVR,,,,,,,,,,,,rainrate_max,
2024-10-20,OVR,,,,,,,,,,,,rain_total_mm,
2024-10-20,OVR,,,,,,,,,,,,tmax,20.5
2024-10-20,OVR,,,,,,,,,,,,tmin,13.4
2024-10-20,OVR,,,,,,,,,,,,wind_dir_mean_deg,292.5
2024-10-21,OVR,,,,,,,,,,,,gustmax,25.7
2024-10-21,OVR,,,,,,,,,,,,rainrate_max,
2024-10-21,OVR,,,,,,,,,,,,rain_total_mm,
2024-10-21,OVR,,,,,,,,,,,,tmax,22.4
2024-10-21,OVR,,,,,,,,,,,,tmin,14.9
2024-10-21,OVR,,,,,,,,,,,,wind_dir_mean_deg,90.0
2024-10-22,OVR,,,,,,,,,,,,gustmax,25.7
2024-10-22,OVR,,,,,,,,,,,,rainrate_max,
2024-10-22,OVR,,,,,,,,,,,,rain_total_mm,
2024-10-22,OVR,,,,,,,,,,,,tmax,21.9
2024-10-22,OVR,,,,,,,,,,,,tmin,15.4
2024-10-22,OVR,,,,,,,,,,,,wind_dir_mean_deg,90.0
2024-10-23,OVR,,,,,,,,,,,,gustmax,27.4
2024-10-23,OVR,,,,,,,,,,,,rainrate_max,
2024-10-23,OVR,,,,,,,,,,,,rain_total_mm,
2024-10-23,OVR,,,,,,,,,,,,tmax,22.8
2024-10-23,OVR,,,,,,,,,,,,tmin,16.9
2024-10-23,OVR,,,,,,,,,,,,wind_dir_mean_deg,90.0
2024-10-24,OVR,,,,,,,,,,,,gustmax,41.8
2024-10-24,OVR,,,,,,,,,,,,rainrate_max,
2024-10-24,OVR,,,,,,,,,,,,rain_total_mm,
2024-10-24,OVR,,,,,,,,,,,,tmax,23.2
2024-10-24,OVR,,,,,,,,,,,,tmin,16.9
2024-10-24,OVR,,,,,,,,,,,,wind_dir_mean_deg,135.0
2024-10-25,OVR,,,,,,,,,,,,gustmax,45.1
2024-10-25,OVR,,,,,,,,,,,,rainrate_max,
2024-10-25,OVR,,,,,,,,,,,,rain_total_mm,
2024-10-25,OVR,,,,,,,,,,,,tmax,21.9
2024-10-25,OVR,,,,,,,,,,,,tmin,18.6
2024-10-25,OVR,,,,,,,,,,,,wind_dir_mean_deg,112.5
2024-10-26,OVR,,,,,,,,,,,,gustmax,61.2
2024-10-26,OVR,,,,,,,,,,,,rainrate_max,
2024-10-26,OVR,,,,,,,,,,,,rain_total_mm,22.8
2024-10-26,OVR,,,,,,,,,,,,tmax,22.8
2024-10-26,OVR,,,,,,,,,,,,tmin,18.1
2024-10-26,OVR,,,,,,,,,,,,wind_dir_mean_deg,135.0
2024-10-27,OVR,,,,,,,,,,,,gustmax,33.8
2024-10-27,OVR,,,,,,,,,,,,rainrate_max,
2024-10-27,OVR,,,,,,,,,,,,rain_total_mm,44.7
2024-10-27,OVR,,,,,,,,,,,,tmax,21.1
2024-10-27,OVR,,,,,,,,,,,,tmin,14.9
2024-10-27,OVR,,,,,,,,,,,,wind_dir_mean_deg,135.0
2024-10-28,OVR,,,,,,,,,,,,gustmax,40.2
2024-10-28,OVR,,,,,,,,,,,,rainrate_max,
2024-10-28,OVR,,,,,,,,,,,,rain_total_mm,
2024-10-28,OVR,,,,,,,,,,,,tmax,22.4
2024-10-28,OVR,,,,,,,,,,,,tmin,16.9
2024-10-28,OVR,,,,,,,,,,,,wind_dir_mean_deg,112.5
2024-10-29,OVR,,,,,,,,,,,,gustmax,37.0
2024-10-29,OVR,,,,,,,,,,,,rainrate_max,
2024-10-29,OVR,,,,,,,,,,,,rain_total_mm,
2024-10-29,OVR,,,,,,,,,,,,tmax,22.6
2024-10-29,OVR,,,,,,,,,,,,tmin,16.6
2024-10-29,OVR,,,,,,,,,,,,wind_dir_mean_deg,90.0
2024-10-30,OVR,,,,,,,,,,,,gustmax,29.0
2024-10-30,OVR,,,,,,,,,,,,rainrate_max,
2024-10-30,OVR,,,,,,,,,,,,rain_total_mm,
2024-10-30,OVR,,,,,,,,,,,,tmax,22.0
2024-10-30,OVR,,,,,,,,,,,,tmin,16.3
2024-10-30,OVR,,,,,,,,,,,,wind_dir_mean_deg,112.5
2024-10-31,OVR,,,,,,,,,,,,gustmax,32.2
2024-10-31,OVR,,,,,,,,,,,,rainrate_max,
2024-10-31,OVR,,,,,,,,,,,,rain_total_mm,
2024-10-31,OVR,,,,,,,,,,,,tmax,22.9
2024-10-31,OVR,,,,,,,,,,,,tmin,16.3
2024-10-31,OVR,,,,,,,,,,,,wind_dir_mean_deg,90.0
