date,time,temp_c,dewpoint_c,rh_pct,wind_dir_txt,wind_kmh,gust_kmh,press_hpa,rain_acc_mm,rain_rate_mmph,uv,solar_wm2,key,value
2025-12-01,00:00,10.4,8.9,90.0,ESE,4.8,6.4,1017.51,0,0,0,0,,
2025-12-01,00:15,10.6,8.9,90.0,ESE,4.8,9.7,1017.68,0,0,0,0,,
2025-12-01,00:30,10.4,8.9,90.0,EAST,4.8,9.7,1017.71,0,0,0,0,,
2025-12-01,00:45,10.5,8.9,90.0,ESE,6.4,9.7,1017.75,0,0,0,0,,
2025-12-01,01:00,10.3,8.3,90.0,ESE,3.2,9.7,1017.75,0,0,0,0,,
2025-12-01,01:15,10.3,8.3,90.0,SE,6.4,9.7,1017.75,0,0,0,0,,
2025-12-01,01:30,11.0,9.4,91.0,SE,8.0,11.3,1017.61,0,0,0,0,,
2025-12-01,01:45,11.2,9.4,91.0,SE,8.0,11.3,1017.41,0,0,0,0,,
2025-12-01,02:00,11.2,9.4,90.0,ESE,6.4,12.9,1017.34,0,0,0,0,,
2025-12-01,02:15,10.7,8.9,90.0,ESE,6.4,12.9,1017.54,0,0,0,0,,
2025-12-01,02:30,10.3,8.3,90.0,ESE,6.4,14.5,1017.58,0,0,0,0,,
2025-12-01,02:45,10.4,8.9,90.0,ESE,4.8,9.7,1017.61,0,0,0,0,,
2025-12-01,03:00,10.7,8.9,90.0,ESE,6.4,11.3,1017.41,0,0,0,0,,
2025-12-01,03:15,10.7,8.9,90.0,ESE,6.4,9.7,1017.44,0,0,0,0,,
2025-12-01,03:30,10.9,9.4,90.0,ESE,6.4,9.7,1017.27,0,0,0,0,,
2025-12-01,03:45,11.2,9.4,90.0,SE,8.0,14.5,1017.2,0,0,0,0,,
2025-12-01,04:00,11.3,9.4,90.0,SE,8.0,14.5,1017.07,0,0,0,0,,
2025-12-01,04:15,11.3,9.4,90.0,ESE,8.0,14.5,1016.97,0,0,0,0,,
2025-12-01,04:30,11.1,9.4,90.0,ESE,6.4,11.3,1016.93,0,0,0,0,,
2025-12-01,04:45,10.9,8.9,90.0,ESE,9.7,11.3,1016.97,0,0,0,0,,
2025-12-01,05:00,10.9,9.4,90.0,ESE,8.0,11.3,1016.93,0,0,0,0,,
2025-12-01,05:15,11.1,9.4,90.0,ESE,4.8,11.3,1017.03,0,0,0,0,,
2025-12-01,05:30,10.8,8.9,90.0,ESE,6.4,6.4,1017.27,0,0,0,0,,
2025-12-01,05:45,10.6,8.9,90.0,ESE,1.6,6.4,1017.37,0,0,0,0,,
2025-12-01,06:00,10.2,8.3,90.0,NORTH,0.0,1.6,1017.24,0,0,0,0,,
2025-12-01,06:15,9.9,8.3,90.0,NORTH,0.0,3.2,1017.41,0,0,0,0,,
2025-12-01,06:30,9.9,8.3,90.0,NORTH,0.0,3.2,1017.61,0,0,0,0,,
2025-12-01,06:45,9.7,7.8,90.0,ESE,3.2,6.4,1017.44,0,0,0,0,,
2025-12-01,07:00,9.6,7.8,90.0,ESE,3.2,6.4,1017.41,0,0,0,0,,
2025-12-01,07:15,9.7,7.8,91.0,EAST,3.2,6.4,1017.54,0,0,0,0,,
2025-12-01,07:30,9.8,8.3,91.0,EAST,4.8,9.7,1017.85,0,0,0,0,,
2025-12-01,07:45,9.9,8.3,91.0,EAST,3.2,6.4,1018.02,0,0,0,11,,
2025-12-01,08:00,10.0,8.3,91.0,EAST,4.8,6.4,1017.91,0,0,0,42,,
2025-12-01,08:15,10.1,8.9,92.0,ESE,3.2,9.7,1017.88,0,0,0,88,,
2025-12-01,08:30,10.7,9.4,92.0,ESE,4.8,9.7,1017.91,0,0,0,127,,
2025-12-01,08:45,10.9,9.4,91.0,EAST,1.6,4.8,1018.08,0,0,0,174,,
2025-12-01,09:00,11.5,10.0,91.0,ESE,3.2,6.4,1018.39,0,0,0,185,,
2025-12-01,09:15,11.8,10.0,90.0,ESE,4.8,6.4,1018.25,0,0,0,132,,
2025-12-01,09:30,12.2,10.6,90.0,EAST,3.2,6.4,1018.29,0,0,1,281,,
2025-12-01,09:45,12.4,10.6,88.0,EAST,4.8,9.7,1018.29,0,0,1,329,,
2025-12-01,10:00,12.8,10.6,88.0,EAST,4.8,9.7,1018.39,0,0,1,373,,
2025-12-01,10:15,13.5,11.1,86.0,ENE,1.6,3.2,1018.49,0,0,1,408,,
2025-12-01,10:30,13.2,10.6,85.0,NORTH,0.0,11.3,1018.42,0,0,1,394,,
2025-12-01,10:45,13.8,10.6,83.0,NORTH,0.0,3.2,1018.52,0,0,1,452,,
2025-12-01,11:00,14.1,10.6,79.0,ESE,1.6,4.8,1018.63,0,0,2,483,,
2025-12-01,11:15,14.3,10.6,79.0,SE,4.8,9.7,1018.22,0,0,2,533,,
2025-12-01,11:30,14.4,10.0,77.0,NNE,3.2,6.4,1018.29,0,0,1,582,,
2025-12-01,11:45,14.8,11.1,78.0,NORTH,0.0,4.8,1017.95,0,0,2,643,,
2025-12-01,12:00,15.3,11.1,77.0,NW,3.2,8.0,1017.98,0,0,2,714,,
2025-12-01,12:15,14.9,10.0,75.0,NORTH,3.2,9.7,1017.88,0,0,1,626,,
2025-12-01,12:30,14.7,10.0,74.0,NORTH,0.0,8.0,1017.91,0,0,1,610,,
2025-12-01,12:45,14.9,10.0,73.0,NORTH,3.2,8.0,1017.78,0,0,1,682,,
2025-12-01,13:00,15.2,10.6,74.0,NNW,6.4,8.0,1017.61,0,0,1,613,,
2025-12-01,13:15,15.1,10.0,72.0,NORTH,4.8,6.4,1017.61,0,0,1,220,,
2025-12-01,13:30,14.8,10.0,73.0,NNW,6.4,8.0,1017.44,0,0,1,93,,
2025-12-01,13:45,14.4,10.0,75.0,NW,4.8,9.7,1017.31,0,0,0,77,,
2025-12-01,14:00,14.6,10.0,75.0,WNW,3.2,3.2,1017.17,0,0,0,67,,
2025-12-01,14:15,14.5,10.0,75.0,WNW,1.6,4.8,1016.97,0,0,0,33,,
2025-12-01,14:30,14.6,10.6,76.0,NNE,4.8,4.8,1016.86,0,0,0,33,,
2025-12-01,14:45,14.3,10.0,77.0,NORTH,0.0,4.8,1016.8,0,0,0,23,,
2025-12-01,15:00,14.4,10.6,77.0,NW,3.2,6.4,1016.9,0,0,0,14,,
2025-12-01,15:15,14.1,10.6,79.0,NORTH,0.0,3.2,1016.9,0.51,0.51,0,49,,
2025-12-01,15:30,13.0,10.0,84.0,NORTH,0.0,6.4,1017,0.76,0.76,0,146,,
2025-12-01,15:45,13.2,10.6,86.0,NORTH,0.0,3.2,1017.03,1.02,1.02,0,46,,
2025-12-01,16:00,13.2,10.6,87.0,NORTH,0.0,0.0,1017.07,1.02,1.02,0,28,,
2025-12-01,16:15,13.2,11.1,87.0,NORTH,0.0,0.0,1017.07,1.02,0.51,0,12,,
2025-12-01,16:30,13.1,10.6,87.0,NORTH,0.0,0.0,1017.1,1.02,0.25,0,9,,
2025-12-01,16:45,12.7,10.6,87.0,NW,1.6,1.6,1017.14,1.02,0,0,0,,
2025-12-01,17:00,12.7,10.6,87.0,NORTH,0.0,3.2,1017.17,1.02,0,0,0,,
2025-12-01,17:15,12.7,10.6,87.0,NORTH,0.0,1.6,1017.14,1.02,0,0,0,,
2025-12-01,17:30,12.6,10.6,88.0,NORTH,0.0,3.2,1017.31,1.02,0,0,0,,
2025-12-01,17:45,12.4,10.6,88.0,NORTH,0.0,3.2,1017.51,1.02,0,0,0,,
2025-12-01,18:00,12.3,10.0,88.0,SSE,1.6,4.8,1017.51,1.02,0,0,0,,
2025-12-01,18:15,12.2,10.0,89.0,NORTH,0.0,3.2,1017.34,1.02,0,0,0,,
2025-12-01,18:30,12.1,10.0,88.0,SSE,4.8,1.6,1017.54,1.02,0,0,0,,
2025-12-01,18:45,11.8,10.0,89.0,SSE,1.6,11.3,1017.64,1.02,0,0,0,,
2025-12-01,19:00,11.3,9.4,89.0,SSE,6.4,6.4,1017.68,1.02,0,0,0,,
2025-12-01,19:15,11.5,9.4,89.0,SSE,1.6,8.0,1017.54,1.02,0,0,0,,
2025-12-01,19:30,11.4,9.4,90.0,NORTH,0.0,4.8,1017.68,1.02,0,0,0,,
2025-12-01,19:45,11.4,9.4,90.0,NORTH,0.0,4.8,1017.54,1.02,0,0,0,,
2025-12-01,20:00,11.3,9.4,90.0,NORTH,0.0,3.2,1017.44,1.02,0,0,0,,
2025-12-01,20:15,11.1,9.4,90.0,NORTH,0.0,3.2,1017.51,1.02,0,0,0,,
2025-12-01,20:30,10.6,8.9,90.0,NORTH,0.0,3.2,1017.37,1.02,0,0,0,,
2025-12-01,20:45,10.3,8.3,90.0,NORTH,0.0,3.2,1017.41,1.02,0,0,0,,
2025-12-01,21:00,10.2,8.3,90.0,NORTH,0.0,6.4,1017.51,1.02,0,0,0,,
2025-12-01,21:15,10.1,8.3,90.0,NORTH,0.0,3.2,1017.41,1.02,0,0,0,,
2025-12-01,21:30,10.2,8.3,90.0,NORTH,0.0,1.6,1017.64,1.02,0,0,0,,
2025-12-01,21:45,10.3,8.9,91.0,NORTH,0.0,1.6,1017.44,1.02,0,0,0,,
2025-12-01,22:00,10.4,8.9,91.0,WNW,3.2,8.0,1017.51,1.02,0,0,0,,
2025-12-01,22:15,10.4,8.9,91.0,WEST,12.9,11.3,1017.54,1.02,0,0,0,,
2025-12-01,22:30,10.4,8.9,91.0,WEST,9.7,12.9,1017.31,1.02,0,0,0,,
2025-12-01,22:45,10.4,8.9,91.0,WNW,1.6,11.3,1017.51,1.02,0,0,0,,
2025-12-01,23:00,10.4,8.9,91.0,NORTH,0.0,6.4,1017.54,1.02,0,0,0,,
2025-12-01,23:15,10.3,8.9,91.0,NORTH,0.0,0.0,1017.37,1.02,0,0,0,,
2025-12-01,23:30,10.1,8.3,90.0,NORTH,0.0,0.0,1017.24,1.02,0,0,0,,
2025-12-01,23:45,9.9,8.3,90.0,NORTH,0.0,1.6,1017.31,1.02,0,0,0,,
2025-12-02,00:00,9.7,7.8,90.0,WNW,4.8,11.3,1017.03,0,0.25,0,0,,
2025-12-02,00:15,9.7,7.8,90.0,WNW,4.8,8.0,1017.07,0,0.25,0,0,,
2025-12-02,00:30,9.6,7.8,90.0,WNW,12.9,19.3,1016.93,0,0.25,0,0,,
2025-12-02,00:45,9.6,7.8,89.0,NORTH,0.0,11.3,1017.03,0,0.25,0,0,,
2025-12-02,01:00,9.6,7.8,89.0,NORTH,0.0,1.6,1017.03,0,0,0,0,,
2025-12-02,01:15,9.5,7.2,88.0,WNW,1.6,3.2,1016.93,0,0,0,0,,
2025-12-02,01:30,9.5,7.2,88.0,WSW,4.8,8.0,1016.93,0,0,0,0,,
2025-12-02,01:45,9.7,7.2,87.0,WEST,4.8,11.3,1016.83,0,0,0,0,,
2025-12-02,02:00,9.5,7.2,87.0,NORTH,0.0,4.8,1016.93,0,0,0,0,,
2025-12-02,02:15,9.3,7.2,86.0,NW,3.2,4.8,1016.83,0,0,0,0,,
2025-12-02,02:30,9.2,6.7,86.0,NORTH,0.0,3.2,1016.7,0,0,0,0,,
2025-12-02,02:45,9.1,6.7,86.0,NORTH,0.0,1.6,1016.7,0,0,0,0,,
2025-12-02,03:00,8.8,6.7,86.0,NW,1.6,3.2,1016.9,0,0,0,0,,
2025-12-02,03:15,8.6,6.1,86.0,NW,1.6,3.2,1016.63,0,0,0,0,,
2025-12-02,03:30,8.3,6.1,86.0,NW,3.2,3.2,1016.49,0,0,0,0,,
2025-12-02,03:45,8.2,5.6,85.0,NORTH,0.0,3.2,1016.32,0,0,0,0,,
2025-12-02,04:00,8.1,5.6,85.0,NORTH,0.0,1.6,1016.36,0,0,0,0,,
2025-12-02,04:15,8.0,5.6,85.0,NORTH,0.0,1.6,1016.19,0,0,0,0,,
2025-12-02,04:30,7.9,5.6,85.0,NORTH,0.0,0.0,1016.42,0,0,0,0,,
2025-12-02,04:45,7.7,5.0,85.0,NORTH,0.0,3.2,1016.29,0,0,0,0,,
2025-12-02,05:00,7.8,5.6,85.0,,1.6,4.8,1016.02,0,0,0,0,,
2025-12-02,05:15,7.8,5.6,85.0,NORTH,0.0,3.2,1016.02,0,0,0,0,,
2025-12-02,05:30,7.8,5.0,85.0,NORTH,0.0,1.6,1016.09,0,0,0,0,,
2025-12-02,05:45,7.8,5.0,85.0,NORTH,0.0,0.0,1016.02,0,0,0,0,,
2025-12-02,06:00,7.6,5.0,85.0,NORTH,0.0,0.0,1016.02,0,0,0,0,,
2025-12-02,06:15,7.5,5.0,85.0,NORTH,0.0,0.0,1015.95,0,0,0,0,,
2025-12-02,06:30,7.6,5.0,86.0,NORTH,0.0,0.0,1016.12,0,0,0,0,,
2025-12-02,06:45,7.6,5.0,85.0,NORTH,0.0,0.0,1015.95,0,0,0,0,,
2025-12-02,07:00,7.7,5.0,85.0,SE,3.2,6.4,1015.95,0,0,0,0,,
2025-12-02,07:15,7.4,5.0,85.0,NORTH,0.0,1.6,1016.05,0,0,0,0,,
2025-12-02,07:30,7.3,5.0,85.0,SE,6.4,8.0,1016.02,0,0,0,0,,
2025-12-02,07:45,7.3,5.0,86.0,SE,8.0,11.3,1015.98,0,0,0,9,,
2025-12-02,08:00,7.7,5.0,85.0,SE,4.8,11.3,1015.88,0,0,0,16,,
2025-12-02,08:15,7.9,5.0,84.0,SE,3.2,8.0,1016.15,0,0,0,46,,
2025-12-02,08:30,7.6,5.6,87.0,NW,1.6,6.4,1016.22,0,0,0,186,,
2025-12-02,08:45,8.5,6.1,86.0,NE,3.2,1.6,1016.39,0,0,0,63,,
2025-12-02,09:00,8.8,6.7,86.0,NORTH,0.0,0.0,1016.32,0,0,0,135,,
2025-12-02,09:15,9.8,7.2,84.0,NORTH,0.0,0.0,1016.59,0,0,0,315,,
2025-12-02,09:30,10.8,7.8,82.0,NORTH,0.0,0.0,1016.66,0,0,1,385,,
2025-12-02,09:45,11.5,7.2,76.0,NORTH,0.0,1.6,1016.59,0,0,1,459,,
2025-12-02,10:00,11.3,7.2,77.0,NORTH,0.0,8.0,1016.86,0,0,0,160,,
2025-12-02,10:15,11.2,6.7,75.0,NORTH,0.0,0.0,1016.76,0,0,1,162,,
2025-12-02,10:30,11.4,7.8,78.0,NORTH,0.0,0.0,1016.86,0,0,0,128,,
2025-12-02,10:45,11.1,7.8,81.0,,4.8,6.4,1016.66,0,0,1,207,,
2025-12-02,11:00,10.6,7.2,81.0,NORTH,0.0,8.0,1016.8,0,0,0,69,,
2025-12-02,11:15,10.2,7.2,83.0,NORTH,0.0,1.6,1016.73,0,0,1,162,,
2025-12-02,11:30,10.2,7.8,86.0,NNW,4.8,6.4,1016.73,0,0,1,250,,
2025-12-02,11:45,10.6,8.3,86.0,NORTH,0.0,6.4,1016.19,0,0,1,230,,
2025-12-02,12:00,11.2,8.3,83.0,EAST,6.4,11.3,1015.71,0,0,2,698,,
2025-12-02,12:15,11.7,8.3,80.0,NW,1.6,8.0,1015.75,0,0,2,610,,
2025-12-02,12:30,11.9,8.3,79.0,WEST,3.2,14.5,1015.65,0,0,1,142,,
2025-12-02,12:45,11.8,8.3,80.0,WEST,6.4,4.8,1015.41,0,0,1,107,,
2025-12-02,13:00,11.7,8.3,81.0,NORTH,0.0,1.6,1015.37,0,0,0,65,,
2025-12-02,13:15,11.6,8.3,81.0,NORTH,0.0,4.8,1015.34,0,0,0,42,,
2025-12-02,13:30,11.5,8.3,82.0,NORTH,0.0,3.2,1015.41,0,0,0,49,,
2025-12-02,13:45,11.4,8.3,83.0,NORTH,0.0,3.2,1015.24,0,0,0,51,,
2025-12-02,14:00,11.2,8.3,84.0,NNW,4.8,6.4,1015.07,0,0,0,98,,
2025-12-02,14:15,10.8,8.3,86.0,NNW,1.6,8.0,1015.1,0,0,0,93,,
2025-12-02,14:30,10.9,8.3,87.0,NORTH,0.0,4.8,1014.8,0,0,0,76,,
2025-12-02,14:45,10.9,8.3,86.0,NORTH,0.0,1.6,1014.83,0,0,0,70,,
2025-12-02,15:00,10.9,8.3,86.0,NORTH,0.0,3.2,1014.66,0,0,0,123,,
2025-12-02,15:15,11.0,8.9,86.0,NORTH,0.0,3.2,1014.87,0,0,0,86,,
2025-12-02,15:30,10.9,8.3,86.0,NORTH,0.0,4.8,1014.83,0,0,0,67,,
2025-12-02,15:45,10.9,8.3,87.0,NORTH,0.0,1.6,1014.77,0,0,0,53,,
2025-12-02,16:00,10.8,8.3,87.0,NORTH,0.0,1.6,1014.56,0,0,0,47,,
2025-12-02,16:15,10.8,8.3,87.0,NORTH,0.0,1.6,1014.66,0,0,0,25,,
2025-12-02,16:30,10.8,8.3,87.0,NORTH,0.0,0.0,1014.63,0,0,0,11,,
2025-12-02,16:45,10.7,8.3,87.0,NORTH,0.0,0.0,1014.73,0,0,0,0,,
2025-12-02,17:00,10.6,8.3,87.0,EAST,3.2,3.2,1014.87,0,0,0,0,,
2025-12-02,17:15,10.6,8.3,87.0,NORTH,0.0,3.2,1014.7,0,0,0,0,,
2025-12-02,17:30,10.6,8.3,87.0,EAST,3.2,4.8,1014.73,0,0,0,0,,
2025-12-02,17:45,10.4,8.3,87.0,EAST,3.2,4.8,1014.77,0,0,0,0,,
2025-12-02,18:00,10.3,8.3,87.0,ESE,1.6,6.4,1014.8,0,0,0,0,,
2025-12-02,18:15,10.3,8.3,87.0,ESE,6.4,9.7,1014.8,0,0,0,0,,
2025-12-02,18:30,10.3,8.3,87.0,ESE,6.4,11.3,1014.83,0,0,0,0,,
2025-12-02,18:45,10.4,8.3,87.0,ESE,4.8,11.3,1014.73,0,0,0,0,,
2025-12-02,19:00,10.4,8.3,87.0,ESE,3.2,9.7,1014.73,0,0,0,0,,
2025-12-02,19:15,10.4,8.3,87.0,ESE,9.7,12.9,1014.73,0,0,0,0,,
2025-12-02,19:30,10.4,8.3,87.0,ESE,9.7,11.3,1014.77,0,0,0,0,,
2025-12-02,19:45,10.5,8.3,87.0,ESE,6.4,12.9,1014.8,0,0,0,0,,
2025-12-02,20:00,10.6,8.3,87.0,ESE,11.3,12.9,1014.77,0,0,0,0,,
2025-12-02,20:15,10.6,8.3,87.0,ESE,9.7,12.9,1014.73,0,0,0,0,,
2025-12-02,20:30,10.6,8.3,86.0,SE,11.3,14.5,1014.7,0,0,0,0,,
2025-12-02,20:45,10.7,8.3,86.0,ESE,8.0,17.7,1014.66,0,0,0,0,,
2025-12-02,21:00,10.8,8.3,85.0,SE,6.4,16.1,1014.73,0,0,0,0,,
2025-12-02,21:15,10.9,8.3,85.0,ESE,9.7,12.9,1014.63,0,0,0,0,,
2025-12-02,21:30,10.8,8.3,84.0,ESE,11.3,14.5,1014.63,0,0,0,0,,
2025-12-02,21:45,10.8,8.3,84.0,ESE,11.3,12.9,1014.46,0,0,0,0,,
2025-12-02,22:00,10.7,7.8,84.0,ESE,8.0,14.5,1014.29,0,0,0,0,,
2025-12-02,22:15,10.8,7.8,84.0,ESE,6.4,17.7,1014.56,0,0,0,0,,
2025-12-02,22:30,10.9,8.3,83.0,ESE,11.3,14.5,1014.26,0,0,0,0,,
2025-12-02,22:45,11.1,8.3,83.0,SE,12.9,16.1,1014.22,0,0,0,0,,
2025-12-02,23:00,11.0,7.8,83.0,ESE,11.3,19.3,1014.19,0,0,0,0,,
2025-12-02,23:15,10.9,7.8,83.0,SE,16.1,20.9,1014.22,0,0,0,0,,
2025-12-02,23:30,11.0,7.8,83.0,ESE,11.3,20.9,1013.99,0,0,0,0,,
2025-12-02,23:45,10.9,7.8,83.0,ESE,6.4,17.7,1013.99,0,0,0,0,,
2025-12-03,00:00,11.1,8.3,83.0,ESE,11.3,19.3,1013.92,0,0,0,0,,
2025-12-03,00:15,11.1,8.3,83.0,SE,11.3,19.3,1013.72,0,0,0,0,,
2025-12-03,00:30,11.0,7.8,83.0,SE,12.9,19.3,1013.55,0,0,0,0,,
2025-12-03,00:45,10.9,8.3,83.0,SE,8.0,19.3,1013.31,0,0,0,0,,
2025-12-03,01:00,10.7,7.8,83.0,ESE,11.3,12.9,1013.34,0,0,0,0,,
2025-12-03,01:15,10.5,7.8,84.0,SE,14.5,14.5,1013.55,0,0,0,0,,
2025-12-03,01:30,10.7,7.8,85.0,ESE,11.3,19.3,1013.34,0,0,0,0,,
2025-12-03,01:45,10.7,8.3,85.0,SE,8.0,19.3,1013.07,0,0,0,0,,
2025-12-03,02:00,10.7,8.3,86.0,SE,14.5,19.3,1013.07,0,0,0,0,,
2025-12-03,02:15,10.7,8.3,86.0,SE,16.1,19.3,1012.9,0,0,0,0,,
2025-12-03,02:30,10.8,8.3,87.0,SE,14.5,19.3,1012.9,0,0,0,0,,
2025-12-03,02:45,10.8,8.3,87.0,SE,14.5,19.3,1012.73,0,0,0,0,,
2025-12-03,03:00,10.9,8.9,87.0,SE,12.9,20.9,1012.63,0,0,0,0,,
2025-12-03,03:15,11.1,8.9,88.0,SE,16.1,24.1,1012.63,0,0,0,0,,
2025-12-03,03:30,11.1,8.9,88.0,SE,16.1,24.1,1012.33,0,0,0,0,,
2025-12-03,03:45,11.1,8.9,88.0,SE,11.3,22.5,1012.06,0,0,0,0,,
2025-12-03,04:00,11.0,8.9,89.0,SE,16.1,20.9,1011.92,0,0,0,0,,
2025-12-03,04:15,11.1,8.9,89.0,SE,12.9,22.5,1011.65,0,0,0,0,,
2025-12-03,04:30,11.2,9.4,89.0,SE,17.7,22.5,1011.62,0,0,0,0,,
2025-12-03,04:45,11.1,9.4,89.0,SE,12.9,24.1,1011.72,0,0,0,0,,
2025-12-03,05:00,10.9,8.9,90.0,ESE,20.9,22.5,1011.51,0,0,0,0,,
2025-12-03,05:15,11.0,9.4,90.0,ESE,12.9,25.7,1011.34,0,0,0,0,,
2025-12-03,05:30,11.3,9.4,90.0,SE,17.7,29.0,1011.14,0,0,0,0,,
2025-12-03,05:45,11.3,9.4,90.0,ESE,22.5,30.6,1011.14,0,0,0,0,,
2025-12-03,06:00,11.4,10.0,91.0,SE,19.3,29.0,1011.21,0,0,0,0,,
2025-12-03,06:15,11.5,10.0,91.0,SE,11.3,27.4,1011.24,0,0,0,0,,
2025-12-03,06:30,11.6,10.0,91.0,ESE,17.7,24.1,1011.38,0,0,0,0,,
2025-12-03,06:45,11.6,10.0,91.0,SE,16.1,25.7,1011.38,0,0,0,0,,
2025-12-03,07:00,11.6,10.0,91.0,ESE,17.7,22.5,1011.51,0,0,0,0,,
2025-12-03,07:15,11.6,10.0,91.0,ESE,12.9,20.9,1011.34,0,0,0,0,,
2025-12-03,07:30,11.4,10.0,91.0,ESE,6.4,20.9,1011.18,0,0,0,0,,
2025-12-03,07:45,11.6,10.0,91.0,ESE,19.3,27.4,1011.11,0,0,0,9,,
2025-12-03,08:00,11.6,10.0,91.0,SE,17.7,22.5,1011.18,0,0,0,25,,
2025-12-03,08:15,11.6,10.0,91.0,SE,19.3,24.1,1011.45,0,0,0,37,,
2025-12-03,08:30,11.8,10.0,91.0,SE,20.9,24.1,1011.18,0,0,0,58,,
2025-12-03,08:45,12.1,10.6,91.0,SE,14.5,25.7,1011.11,0,0,0,69,,
2025-12-03,09:00,12.1,10.6,91.0,ESE,16.1,19.3,1011.24,0,0,0,153,,
2025-12-03,09:15,12.1,10.6,91.0,SE,11.3,17.7,1011.28,0,0,0,76,,
2025-12-03,09:30,12.4,10.6,91.0,SSE,17.7,25.7,1011.21,0,0,1,396,,
2025-12-03,09:45,13.1,11.1,90.0,ESE,11.3,27.4,1011.28,0,0,1,369,,
2025-12-03,10:00,13.1,11.1,89.0,SE,19.3,24.1,1011.24,0,0,1,167,,
2025-12-03,10:15,13.3,11.1,88.0,ESE,12.9,17.7,1011.45,0,0,1,227,,
2025-12-03,10:30,13.2,11.1,87.0,ESE,14.5,24.1,1011.58,0,0,0,116,,
2025-12-03,10:45,13.1,10.6,87.0,SE,19.3,22.5,1011.55,0,0,1,116,,
2025-12-03,11:00,12.9,10.6,86.0,SE,14.5,19.3,1011.62,0,0,0,25,,
2025-12-03,11:15,12.9,10.6,87.0,SE,6.4,20.9,1011.48,0,0,0,44,,
2025-12-03,11:30,12.6,10.6,89.0,SSE,16.1,19.3,1011.28,0,0,1,169,,
2025-12-03,11:45,12.3,10.6,90.0,SSE,12.9,22.5,1011.07,0,0,1,202,,
2025-12-03,12:00,11.9,10.0,90.0,SE,14.5,29.0,1010.7,0,0,1,111,,
2025-12-03,12:15,11.4,10.0,90.0,SE,19.3,20.9,1010.4,0,0,0,72,,
2025-12-03,12:30,11.6,10.0,90.0,SE,12.9,20.9,1009.85,0,0,1,197,,
2025-12-03,12:45,12.4,10.0,85.0,SE,14.5,16.1,1009.65,0,0,2,617,,
2025-12-03,13:00,13.3,9.4,80.0,SE,12.9,22.5,1009.31,0,0,2,580,,
2025-12-03,13:15,13.4,10.0,80.0,SE,12.9,22.5,1009.38,0,0,1,483,,
2025-12-03,13:30,13.7,10.0,80.0,SSE,11.3,22.5,1009.41,0,0,1,448,,
2025-12-03,13:45,13.2,9.4,80.0,ESE,12.9,27.4,1009.08,0,0,1,114,,
2025-12-03,14:00,13.9,10.6,81.0,ESE,16.1,22.5,1009.18,0,0,1,397,,
2025-12-03,14:15,13.7,10.6,81.0,SSE,8.0,22.5,1008.97,0,0,1,144,,
2025-12-03,14:30,13.3,10.0,82.0,SE,4.8,19.3,1008.94,0,0,0,32,,
2025-12-03,14:45,13.3,10.0,83.0,SOUTH,6.4,9.7,1009.25,0,0,0,18,,
2025-12-03,15:00,13.1,10.0,84.0,SSE,8.0,12.9,1009.28,0,0,0,16,,
2025-12-03,15:15,12.2,9.4,84.0,SOUTH,1.6,16.1,1009.55,0.76,0.76,0,12,,
2025-12-03,15:30,11.7,8.9,85.0,SE,8.0,12.9,1009.18,2.29,2.29,0,65,,
2025-12-03,15:45,11.4,9.4,87.0,SE,3.2,6.4,1009.01,2.54,2.54,0,47,,
2025-12-03,16:00,11.1,8.9,87.0,SE,8.0,14.5,1009.11,2.54,2.54,0,26,,
2025-12-03,16:15,11.2,8.9,87.0,SE,8.0,11.3,1008.74,2.54,1.78,0,25,,
2025-12-03,16:30,11.2,8.9,87.0,ESE,9.7,16.1,1008.57,2.54,0.25,0,26,,
2025-12-03,16:45,11.3,8.9,87.0,ESE,8.0,12.9,1008.67,2.54,0,0,0,,
2025-12-03,17:00,11.4,9.4,88.0,ESE,8.0,12.9,1008.97,2.54,0,0,0,,
2025-12-03,17:15,11.2,8.9,88.0,SE,12.9,16.1,1009.11,2.54,0,0,0,,
2025-12-03,17:30,10.9,8.9,88.0,ESE,12.9,17.7,1009.11,2.54,0,0,0,,
2025-12-03,17:45,10.9,8.9,88.0,ESE,17.7,20.9,1009.25,2.54,0,0,0,,
2025-12-03,18:00,11.1,8.9,88.0,SE,12.9,22.5,1009.21,2.54,0,0,0,,
2025-12-03,18:15,11.1,8.9,88.0,ESE,19.3,19.3,1008.84,2.54,0,0,0,,
2025-12-03,18:30,11.2,8.9,87.0,ESE,4.8,20.9,1008.91,2.54,0,0,0,,
2025-12-03,18:45,11.0,8.9,88.0,ENE,8.0,12.9,1009.11,2.54,0,0,0,,
2025-12-03,19:00,10.7,8.9,88.0,ENE,6.4,12.9,1009.18,2.54,0,0,0,,
2025-12-03,19:15,10.4,8.3,89.0,EAST,4.8,12.9,1009.52,2.54,0,0,0,,
2025-12-03,19:30,10.4,8.3,90.0,ESE,6.4,11.3,1009.55,2.54,0,0,0,,
2025-12-03,19:45,10.3,8.3,90.0,SE,11.3,17.7,1009.41,2.54,0,0,0,,
2025-12-03,20:00,10.4,8.9,90.0,SE,8.0,14.5,1009.58,2.54,0,0,0,,
2025-12-03,20:15,10.4,8.9,90.0,ESE,4.8,12.9,1009.38,2.54,0,0,0,,
2025-12-03,20:30,10.4,8.9,90.0,ESE,6.4,11.3,1009.41,2.54,0,0,0,,
2025-12-03,20:45,10.4,8.9,90.0,ESE,6.4,12.9,1009.41,2.54,0,0,0,,
2025-12-03,21:00,10.4,8.9,90.0,ESE,11.3,16.1,1009.41,2.54,0,0,0,,
2025-12-03,21:15,10.5,8.9,90.0,ESE,6.4,12.9,1009.48,2.54,0,0,0,,
2025-12-03,21:30,10.7,8.9,90.0,SE,6.4,12.9,1009.45,2.54,0,0,0,,
2025-12-03,21:45,10.7,8.9,90.0,SSE,11.3,12.9,1009.75,2.54,0,0,0,,
2025-12-03,22:00,10.4,8.9,90.0,SE,8.0,12.9,1009.38,2.54,0,0,0,,
2025-12-03,22:15,10.4,8.9,90.0,SSE,9.7,14.5,1009.41,2.79,0.25,0,0,,
2025-12-03,22:30,10.2,8.3,90.0,NORTH,0.0,14.5,1009.69,2.79,0.25,0,0,,
2025-12-03,22:45,9.9,8.3,91.0,NORTH,0.0,4.8,1009.82,2.79,0.25,0,0,,
2025-12-03,23:00,9.8,8.3,91.0,NORTH,0.0,4.8,1009.72,2.79,0.25,0,0,,
2025-12-03,23:15,9.9,8.3,91.0,NORTH,0.0,6.4,1010.19,2.79,0,0,0,,
2025-12-03,23:30,10.0,8.3,91.0,NORTH,0.0,11.3,1010.06,2.79,0,0,0,,
2025-12-03,23:45,10.2,8.9,92.0,WEST,12.9,16.1,1010.02,2.79,0,0,0,,
2025-12-04,00:00,10.2,8.9,92.0,WEST,1.6,9.7,1010.02,0,0,0,0,,
2025-12-04,00:15,10.2,8.9,92.0,WNW,1.6,11.3,1009.89,0,0,0,0,,
2025-12-04,00:30,10.2,8.9,92.0,NORTH,0.0,8.0,1009.72,0,0,0,0,,
2025-12-04,00:45,10.2,8.9,92.0,NORTH,0.0,6.4,1009.72,0,0,0,0,,
2025-12-04,01:00,10.2,8.9,92.0,NORTH,0.0,3.2,1009.55,0,0,0,0,,
2025-12-04,01:15,10.2,8.9,92.0,WNW,3.2,8.0,1009.38,0,0,0,0,,
2025-12-04,01:30,10.1,8.9,92.0,WNW,4.8,11.3,1009.45,0,0,0,0,,
2025-12-04,01:45,10.1,8.9,92.0,NORTH,0.0,6.4,1009.35,0,0,0,0,,
2025-12-04,02:00,10.1,8.9,92.0,WEST,3.2,3.2,1009.38,0,0,0,0,,
2025-12-04,02:15,10.2,8.9,92.0,WNW,4.8,11.3,1009.65,0.25,0.25,0,0,,
2025-12-04,02:30,10.1,8.9,93.0,WNW,8.0,16.1,1009.72,0.51,0.51,0,0,,
2025-12-04,02:45,9.8,8.3,92.0,WNW,14.5,14.5,1009.62,0.51,0.51,0,0,,
2025-12-04,03:00,9.6,8.3,92.0,WNW,8.0,16.1,1009.38,0.76,0.76,0,0,,
2025-12-04,03:15,9.6,8.3,93.0,WNW,4.8,17.7,1009.31,0.76,0.51,0,0,,
2025-12-04,03:30,9.6,8.3,93.0,NORTH,0.0,16.1,1009.31,0.76,0.25,0,0,,
2025-12-04,03:45,9.5,8.3,93.0,WEST,4.8,6.4,1009.35,0.76,0.25,0,0,,
2025-12-04,04:00,9.6,8.3,93.0,NW,16.1,17.7,1009.21,0.76,0,0,0,,
2025-12-04,04:15,9.7,8.3,93.0,WNW,11.3,19.3,1009.14,0.76,0,0,0,,
2025-12-04,04:30,9.6,8.3,93.0,NW,12.9,20.9,1009.14,0.76,0,0,0,,
2025-12-04,04:45,9.8,8.3,93.0,WNW,11.3,19.3,1009.08,0.76,0,0,0,,
2025-12-04,05:00,9.6,8.3,93.0,NW,14.5,20.9,1008.84,0.76,0,0,0,,
2025-12-04,05:15,9.5,8.3,93.0,NW,17.7,17.7,1008.97,0.76,0,0,0,,
2025-12-04,05:30,9.7,8.3,93.0,NW,14.5,32.2,1009.18,0.76,0,0,0,,
2025-12-04,05:45,9.7,8.3,93.0,WNW,22.5,30.6,1009.48,1.27,0.51,0,0,,
2025-12-04,06:00,9.4,8.3,93.0,WNW,16.1,22.5,1009.35,1.52,0.51,0,0,,
2025-12-04,06:15,9.5,8.3,93.0,WNW,3.2,17.7,1009.28,1.52,0.51,0,0,,
2025-12-04,06:30,9.4,8.3,93.0,WEST,12.9,24.1,1009.52,1.52,0.76,0,0,,
2025-12-04,06:45,9.4,8.3,93.0,WNW,6.4,12.9,1009.21,1.52,0.51,0,0,,
2025-12-04,07:00,9.3,7.8,93.0,WEST,12.9,20.9,1009.48,1.52,0.25,0,0,,
2025-12-04,07:15,9.2,7.8,93.0,NW,17.7,40.2,1009.75,1.78,0.51,0,0,,
2025-12-04,07:30,8.7,7.2,93.0,NW,16.1,33.8,1009.48,1.78,0.25,0,0,,
2025-12-04,07:45,9.2,7.8,93.0,NW,17.7,29.0,1009.31,1.78,0.25,0,19,,
2025-12-04,08:00,9.2,7.8,93.0,WNW,6.4,25.7,1009.55,1.78,0.25,0,28,,
2025-12-04,08:15,9.1,7.8,93.0,NW,14.5,25.7,1009.96,1.78,0,0,30,,
2025-12-04,08:30,9.1,7.8,93.0,WEST,16.1,24.1,1009.75,2.03,0.25,0,23,,
2025-12-04,08:45,9.3,7.8,93.0,WEST,9.7,17.7,1009.85,2.03,0.25,0,95,,
2025-12-04,09:00,9.6,8.3,93.0,WNW,17.7,29.0,1010.3,2.03,0.25,0,49,,
2025-12-04,09:15,9.4,8.3,93.0,WNW,16.1,35.4,1010.13,2.29,0.51,0,114,,
2025-12-04,09:30,9.3,7.8,93.0,NNW,19.3,33.8,1010.7,2.29,0.25,0,42,,
2025-12-04,09:45,8.9,7.8,92.0,WNW,20.9,30.6,1010.63,3.05,1.02,0,123,,
2025-12-04,10:00,9.3,7.8,92.0,WNW,19.3,37.0,1010.63,3.05,1.02,1,520,,
2025-12-04,10:15,9.7,8.3,91.0,WNW,14.5,37.0,1010.53,3.05,0.76,1,197,,
2025-12-04,10:30,9.7,8.3,91.0,WEST,20.9,45.1,1010.74,3.3,0.76,1,195,,
2025-12-04,10:45,9.0,7.2,89.0,NE,17.7,54.7,1010.57,3.3,0.25,1,216,,
2025-12-04,11:00,9.7,7.2,85.0,ENE,25.7,46.7,1010.5,3.3,0.25,1,165,,
2025-12-04,11:15,10.2,6.7,81.0,NE,11.3,37.0,1010.3,3.3,0.25,1,253,,
2025-12-04,11:30,10.6,7.2,80.0,WNW,22.5,37.0,1010.06,3.3,0,1,95,,
2025-12-04,11:45,10.6,7.8,83.0,WNW,27.4,37.0,1009.96,3.3,0.25,0,107,,
2025-12-04,12:00,10.7,7.8,84.0,NW,29.0,45.1,1009.72,3.3,0.25,1,220,,
2025-12-04,12:15,11.2,7.8,81.0,NW,32.2,48.3,1009.55,3.3,0.25,1,338,,
2025-12-04,12:30,11.3,7.8,79.0,WNW,20.9,51.5,1009.45,3.3,0.25,1,176,,
2025-12-04,12:45,10.8,7.8,82.0,WNW,25.7,46.7,1009.41,3.81,0.51,0,114,,
2025-12-04,13:00,10.8,7.8,83.0,WNW,25.7,62.8,1009.21,4.06,0.51,1,202,,
2025-12-04,13:15,11.1,7.8,80.0,WEST,29.0,54.7,1009.21,4.06,0.51,1,144,,
2025-12-04,13:30,11.7,7.8,78.0,WNW,27.4,49.9,1009.04,4.06,0.51,1,243,,
2025-12-04,13:45,11.6,7.2,76.0,NW,25.7,49.9,1009.28,4.06,0,1,171,,
2025-12-04,14:00,11.6,6.7,74.0,WNW,22.5,53.1,1008.94,4.06,0,1,114,,
2025-12-04,14:15,11.7,7.2,76.0,WNW,17.7,40.2,1008.57,4.06,0,1,301,,
2025-12-04,14:30,12.1,7.8,75.0,WEST,27.4,51.5,1008.3,4.06,0,1,473,,
2025-12-04,14:45,12.5,7.2,72.0,NW,19.3,46.7,1008.09,4.06,0,1,406,,
2025-12-04,15:00,12.4,7.2,73.0,WNW,20.9,49.9,1008.13,4.06,0,1,295,,
2025-12-04,15:15,12.2,7.2,73.0,WNW,33.8,46.7,1008.09,4.06,0,0,47,,
2025-12-04,15:30,11.8,7.2,74.0,WNW,17.7,43.5,1008.3,4.06,0,0,127,,
2025-12-04,15:45,12.0,7.2,73.0,WNW,19.3,43.5,1008.33,4.06,0,0,149,,
2025-12-04,16:00,11.8,7.2,74.0,WEST,22.5,45.1,1008.2,4.06,0,0,104,,
2025-12-04,16:15,11.7,7.2,75.0,NW,19.3,30.6,1007.99,4.06,0,0,21,,
2025-12-04,16:30,11.4,7.2,76.0,WEST,20.9,29.0,1007.99,4.06,0,0,12,,
2025-12-04,16:45,11.2,7.2,77.0,WNW,16.1,32.2,1008.2,4.06,0,0,9,,
2025-12-04,17:00,11.1,7.2,77.0,WNW,14.5,30.6,1008.03,4.06,0,0,0,,
2025-12-04,17:15,10.9,7.2,78.0,WNW,14.5,29.0,1008.06,4.06,0,0,0,,
2025-12-04,17:30,10.9,7.2,78.0,WNW,8.0,22.5,1007.99,4.06,0,0,0,,
2025-12-04,17:45,10.8,7.2,78.0,WNW,11.3,22.5,1008.23,4.06,0,0,0,,
2025-12-04,18:00,10.9,7.2,79.0,WNW,14.5,32.2,1008.16,4.06,0,0,0,,
2025-12-04,18:15,10.8,7.2,79.0,WNW,8.0,14.5,1008.2,4.06,0,0,0,,
2025-12-04,18:30,10.6,7.2,80.0,WNW,8.0,14.5,1007.99,4.06,0,0,0,,
2025-12-04,18:45,10.4,6.7,79.0,WNW,3.2,8.0,1008.06,4.06,0,0,0,,
2025-12-04,19:00,10.4,6.7,79.0,WNW,8.0,14.5,1007.89,4.06,0,0,0,,
2025-12-04,19:15,10.4,6.7,80.0,WNW,8.0,17.7,1007.96,4.06,0,0,0,,
2025-12-04,19:30,10.3,6.7,80.0,WNW,12.9,20.9,1007.89,4.06,0,0,0,,
2025-12-04,19:45,10.3,6.7,80.0,WNW,12.9,22.5,1007.89,4.06,0,0,0,,
2025-12-04,20:00,10.2,6.7,80.0,NW,3.2,16.1,1007.89,4.06,0,0,0,,
2025-12-04,20:15,10.1,6.7,81.0,WNW,3.2,12.9,1007.76,4.06,0,0,0,,
2025-12-04,20:30,10.0,6.7,81.0,NORTH,0.0,12.9,1007.38,4.06,0,0,0,,
2025-12-04,20:45,10.1,6.7,82.0,WNW,12.9,17.7,1007.38,4.06,0,0,0,,
2025-12-04,21:00,10.2,7.2,81.0,WNW,11.3,19.3,1007.32,4.06,0,0,0,,
2025-12-04,21:15,10.2,6.7,81.0,WNW,3.2,8.0,1007.11,4.06,0,0,0,,
2025-12-04,21:30,10.1,6.7,81.0,WNW,4.8,12.9,1006.87,4.06,0,0,0,,
2025-12-04,21:45,10.1,6.7,82.0,WNW,6.4,11.3,1006.71,4.06,0,0,0,,
2025-12-04,22:00,10.1,7.2,82.0,NORTH,0.0,8.0,1006.67,4.06,0,0,0,,
2025-12-04,22:15,10.0,7.2,83.0,NORTH,0.0,3.2,1006.74,4.06,0,0,0,,
2025-12-04,22:30,9.9,6.7,83.0,NORTH,0.0,4.8,1006.54,4.06,0,0,0,,
2025-12-04,22:45,9.6,6.7,83.0,NORTH,0.0,0.0,1006.57,4.06,0,0,0,,
2025-12-04,23:00,9.3,6.7,83.0,NORTH,0.0,1.6,1006.5,4.06,0,0,0,,
2025-12-04,23:15,9.1,6.1,83.0,NORTH,0.0,1.6,1006.5,4.06,0,0,0,,
2025-12-04,23:30,8.9,6.1,84.0,NORTH,0.0,1.6,1006.27,4.06,0,0,0,,
2025-12-04,23:45,8.7,6.1,85.0,NORTH,0.0,1.6,1006.03,4.06,0,0,0,,
2025-12-05,00:00,8.4,5.6,85.0,NORTH,0.0,3.2,1005.79,0,0,0,0,,
2025-12-05,00:15,8.3,5.6,85.0,NORTH,0.0,4.8,1005.66,0,0,0,0,,
2025-12-05,00:30,8.2,5.6,85.0,WEST,3.2,4.8,1005.72,0,0,0,0,,
2025-12-05,00:45,8.2,6.1,86.0,NORTH,0.0,4.8,1005.35,0,0,0,0,,
2025-12-05,01:00,8.3,6.1,86.0,WEST,3.2,6.4,1005.01,0,0,0,0,,
2025-12-05,01:15,8.3,6.1,86.0,NORTH,0.0,1.6,1004.98,0,0,0,0,,
2025-12-05,01:30,8.4,6.1,86.0,NORTH,0.0,1.6,1005.01,0,0,0,0,,
2025-12-05,01:45,8.4,6.1,87.0,NORTH,0.0,1.6,1004.84,0,0,0,0,,
2025-12-05,02:00,8.4,6.1,87.0,NORTH,0.0,0.0,1004.91,0,0,0,0,,
2025-12-05,02:15,8.6,6.1,87.0,NORTH,0.0,0.0,1004.84,0,0,0,0,,
2025-12-05,02:30,8.6,6.1,87.0,NORTH,0.0,0.0,1004.98,0,0,0,0,,
2025-12-05,02:45,8.6,6.1,87.0,NORTH,0.0,1.6,1005.11,0,0,0,0,,
2025-12-05,03:00,8.6,6.1,87.0,NORTH,0.0,4.8,1005.25,0,0,0,0,,
2025-12-05,03:15,8.6,6.1,87.0,NORTH,0.0,1.6,1005.08,0,0,0,0,,
2025-12-05,03:30,8.6,6.1,87.0,NORTH,0.0,1.6,1004.88,0,0,0,0,,
2025-12-05,03:45,8.4,6.1,87.0,WEST,1.6,1.6,1004.98,0,0,0,0,,
2025-12-05,04:00,8.4,6.1,87.0,NORTH,0.0,1.6,1005.05,0,0,0,0,,
2025-12-05,04:15,8.3,6.1,87.0,NORTH,0.0,3.2,1004.91,0,0,0,0,,
2025-12-05,04:30,8.3,6.1,87.0,NORTH,0.0,3.2,1004.81,0,0,0,0,,
2025-12-05,04:45,8.4,6.1,87.0,WEST,6.4,9.7,1005.05,0,0,0,0,,
2025-12-05,05:00,8.6,6.7,87.0,WEST,11.3,22.5,1005.28,0,0,0,0,,
2025-12-05,05:15,8.3,6.1,88.0,WNW,11.3,24.1,1005.28,0,0,0,0,,
2025-12-05,05:30,8.4,6.7,89.0,WNW,16.1,24.1,1005.32,0,0,0,0,,
2025-12-05,05:45,8.3,6.7,89.0,WNW,9.7,22.5,1005.35,0,0,0,0,,
2025-12-05,06:00,8.2,6.1,89.0,WNW,6.4,16.1,1005.45,0,0,0,0,,
2025-12-05,06:15,7.9,6.1,90.0,WNW,17.7,19.3,1005.66,0,0,0,0,,
2025-12-05,06:30,8.1,6.1,90.0,WEST,16.1,27.4,1005.96,0.25,0.25,0,0,,
2025-12-05,06:45,8.2,6.7,91.0,NW,17.7,29.0,1006.1,0.25,0.25,0,0,,
2025-12-05,07:00,7.7,6.1,90.0,NW,17.7,27.4,1006.33,0.25,0.25,0,0,,
2025-12-05,07:15,7.3,5.6,90.0,NNW,8.0,16.1,1006.23,0.25,0.25,0,0,,
2025-12-05,07:30,7.3,5.6,90.0,NNW,4.8,14.5,1006.77,0.51,0.51,0,0,,
2025-12-05,07:45,7.3,5.6,90.0,NW,17.7,27.4,1006.71,0.51,0.51,0,0,,
2025-12-05,08:00,7.6,5.6,90.0,NW,14.5,25.7,1006.94,0.51,0.51,0,0,,
2025-12-05,08:15,7.7,6.1,90.0,NW,12.9,22.5,1006.91,0.51,0.51,0,12,,
2025-12-05,08:30,7.7,6.1,90.0,NW,8.0,16.1,1007.08,0.51,0,0,25,,
2025-12-05,08:45,7.6,6.1,90.0,WEST,6.4,16.1,1007.25,0.51,0,0,26,,
2025-12-05,09:00,7.6,5.6,90.0,WNW,6.4,11.3,1007.32,0.76,0.25,0,54,,
2025-12-05,09:15,7.7,6.1,90.0,WSW,3.2,8.0,1007.38,0.76,0.25,0,97,,
2025-12-05,09:30,7.7,6.1,91.0,WNW,6.4,14.5,1007.79,0.76,0.25,0,100,,
2025-12-05,09:45,8.1,6.7,92.0,WEST,16.1,19.3,1007.82,0.76,0.25,0,178,,
2025-12-05,10:00,8.3,6.7,92.0,WNW,11.3,32.2,1007.96,0.76,0,1,206,,
2025-12-05,10:15,8.8,7.2,92.0,WNW,16.1,24.1,1008.06,0.76,0,0,156,,
2025-12-05,10:30,8.9,7.8,92.0,NW,17.7,24.1,1008.2,0.76,0,0,146,,
2025-12-05,10:45,9.3,7.8,91.0,WNW,19.3,25.7,1007.96,0.76,0,1,432,,
2025-12-05,11:00,9.8,8.3,90.0,WNW,14.5,22.5,1007.86,0.76,0,1,420,,
2025-12-05,11:15,9.5,7.8,90.0,WEST,19.3,27.4,1007.92,0.76,0,1,171,,
2025-12-05,11:30,9.5,7.8,91.0,WNW,14.5,24.1,1007.82,0.76,0,1,536,,
2025-12-05,11:45,9.9,8.3,91.0,WNW,16.1,25.7,1007.72,0.76,0,2,561,,
2025-12-05,12:00,10.4,8.9,90.0,WEST,19.3,27.4,1007.89,0.76,0,1,353,,
2025-12-05,12:15,10.6,8.9,90.0,WNW,17.7,32.2,1007.62,0.76,0,2,629,,
2025-12-05,12:30,10.9,8.9,89.0,WNW,22.5,40.2,1007.62,0.76,0,2,513,,
2025-12-05,12:45,11.2,8.9,88.0,WEST,32.2,46.7,1007.48,0.76,0,2,394,,
2025-12-05,13:00,11.3,8.9,87.0,WEST,17.7,40.2,1007.59,0.76,0,2,592,,
2025-12-05,13:15,10.6,8.3,87.0,WNW,20.9,48.3,1007.59,0.76,0,0,120,,
2025-12-05,13:30,10.6,8.9,89.0,NW,19.3,33.8,1007.76,0.76,0,1,594,,
2025-12-05,13:45,10.8,8.9,87.0,WNW,22.5,40.2,1007.89,0.76,0,0,91,,
2025-12-05,14:00,10.9,8.3,86.0,WNW,20.9,35.4,1007.92,0.76,0,1,554,,
2025-12-05,14:15,11.3,8.3,84.0,WEST,22.5,37.0,1007.89,0.76,0,1,394,,
2025-12-05,14:30,11.4,8.3,81.0,NW,12.9,38.6,1007.89,0.76,0,0,105,,
2025-12-05,14:45,11.4,7.8,79.0,WNW,29.0,40.2,1008.03,0.76,0,1,373,,
2025-12-05,15:00,11.4,7.2,77.0,WNW,16.1,53.1,1008.16,0.76,0,0,204,,
2025-12-05,15:15,11.2,7.2,79.0,WNW,30.6,37.0,1008.33,0.76,0,0,63,,
2025-12-05,15:30,11.0,7.8,80.0,WNW,20.9,30.6,1008.47,0.76,0,0,40,,
2025-12-05,15:45,10.7,7.2,80.0,WNW,22.5,29.0,1008.64,0.76,0,0,39,,
2025-12-05,16:00,10.7,7.2,79.0,WEST,16.1,27.4,1009.01,0.76,0,0,42,,
2025-12-05,16:15,10.8,7.2,79.0,NW,16.1,29.0,1009.04,0.76,0,0,100,,
2025-12-05,16:30,10.8,7.2,78.0,WNW,19.3,32.2,1009.11,0.76,0,0,42,,
2025-12-05,16:45,10.8,6.7,78.0,WEST,16.1,30.6,1009.38,0.76,0,0,12,,
2025-12-05,17:00,10.6,6.7,78.0,WNW,25.7,25.7,1009.38,0.76,0,0,0,,
2025-12-05,17:15,10.3,6.7,79.0,WNW,12.9,40.2,1009.65,0.76,0,0,0,,
2025-12-05,17:30,10.1,6.7,79.0,WNW,17.7,33.8,1010.13,0.76,0,0,0,,
2025-12-05,17:45,9.8,6.7,80.0,WNW,8.0,25.7,1010.5,0.76,0,0,0,,
2025-12-05,18:00,9.5,6.1,82.0,NW,19.3,32.2,1010.67,0.76,0,0,0,,
2025-12-05,18:15,9.4,6.1,82.0,NW,14.5,29.0,1010.5,0.76,0,0,0,,
2025-12-05,18:30,9.6,6.1,81.0,WNW,19.3,30.6,1011.01,0.76,0,0,0,,
2025-12-05,18:45,9.5,6.1,81.0,NW,14.5,30.6,1011.14,0.76,0,0,0,,
2025-12-05,19:00,9.6,6.1,81.0,WNW,12.9,27.4,1011.24,0.76,0,0,0,,
2025-12-05,19:15,9.5,6.1,81.0,NW,14.5,27.4,1011.75,0.76,0,0,0,,
2025-12-05,19:30,9.9,6.7,80.0,WNW,20.9,43.5,1011.85,0.76,0,0,0,,
2025-12-05,19:45,10.0,6.7,79.0,NW,17.7,38.6,1012.06,0.76,0,0,0,,
2025-12-05,20:00,10.0,6.7,79.0,NW,27.4,40.2,1012.09,0.76,0,0,0,,
2025-12-05,20:15,9.9,6.1,79.0,WEST,20.9,35.4,1012.29,0.76,0,0,0,,
2025-12-05,20:30,10.0,6.1,79.0,NW,22.5,45.1,1012.5,0.76,0,0,0,,
2025-12-05,20:45,10.0,6.1,79.0,WEST,22.5,40.2,1012.53,0.76,0,0,0,,
2025-12-05,21:00,9.9,6.1,79.0,WEST,19.3,37.0,1012.73,0.76,0,0,0,,
2025-12-05,21:15,9.9,6.1,79.0,WNW,14.5,37.0,1013.11,0.76,0,0,0,,
2025-12-05,21:30,10.0,6.7,79.0,WNW,20.9,37.0,1013,0.76,0,0,0,,
2025-12-05,21:45,9.9,6.1,79.0,WNW,19.3,40.2,1013.44,0.76,0,0,0,,
2025-12-05,22:00,9.9,6.7,80.0,WNW,22.5,41.8,1013.51,0.76,0,0,0,,
2025-12-05,22:15,9.9,6.7,80.0,WNW,24.1,33.8,1013.68,0.76,0,0,0,,
2025-12-05,22:30,10.1,6.7,80.0,WNW,27.4,41.8,1013.68,0.76,0,0,0,,
2025-12-05,22:45,10.0,6.1,79.0,WNW,24.1,37.0,1013.95,0.76,0,0,0,,
2025-12-05,23:00,10.1,6.7,79.0,WNW,19.3,41.8,1014.16,0.76,0,0,0,,
2025-12-05,23:15,10.1,6.7,80.0,NW,25.7,37.0,1014.12,0.76,0,0,0,,
2025-12-05,23:30,10.1,6.7,80.0,NW,20.9,35.4,1014.12,0.76,0,0,0,,
2025-12-05,23:45,9.9,6.1,79.0,WNW,8.0,35.4,1014.19,0.76,0,0,0,,
2025-12-06,00:00,9.9,6.1,79.0,WNW,22.5,29.0,1014.33,0,0,0,0,,
2025-12-06,00:15,9.8,6.1,80.0,NW,24.1,30.6,1014.43,0,0,0,0,,
2025-12-06,00:30,9.9,6.1,79.0,WNW,25.7,30.6,1014.43,0,0,0,0,,
2025-12-06,00:45,9.8,6.1,79.0,NW,16.1,27.4,1014.39,0,0,0,0,,
2025-12-06,01:00,9.4,6.1,80.0,NW,3.2,16.1,1014.43,0,0,0,0,,
2025-12-06,01:15,9.3,6.1,81.0,NW,1.6,19.3,1014.33,0,0,0,0,,
2025-12-06,01:30,9.4,6.1,81.0,NORTH,0.0,9.7,1014.56,0,0,0,0,,
2025-12-06,01:45,9.4,6.1,82.0,NW,3.2,20.9,1014.6,0,0,0,0,,
2025-12-06,02:00,9.1,6.1,82.0,WNW,3.2,14.5,1014.73,0,0,0,0,,
2025-12-06,02:15,9.2,6.1,83.0,NW,4.8,12.9,1014.93,0,0,0,0,,
2025-12-06,02:30,9.1,6.1,83.0,WNW,8.0,16.1,1014.97,0,0,0,0,,
2025-12-06,02:45,9.2,6.1,83.0,NW,8.0,14.5,1015.17,0,0,0,0,,
2025-12-06,03:00,9.2,6.1,83.0,NNW,8.0,19.3,1015.07,0,0,0,0,,
2025-12-06,03:15,9.1,6.1,83.0,NORTH,0.0,11.3,1015.21,0,0,0,0,,
2025-12-06,03:30,8.9,6.1,82.0,NNW,3.2,6.4,1014.9,0,0,0,0,,
2025-12-06,03:45,8.8,6.1,83.0,NNW,4.8,6.4,1015.17,0,0,0,0,,
2025-12-06,04:00,8.9,6.1,83.0,NORTH,0.0,1.6,1015.07,0,0,0,0,,
2025-12-06,04:15,9.1,6.1,83.0,NORTH,0.0,0.0,1015.14,0,0,0,0,,
2025-12-06,04:30,9.3,6.7,84.0,NORTH,0.0,3.2,1015.24,0,0,0,0,,
2025-12-06,04:45,9.4,6.7,84.0,NW,4.8,9.7,1015.21,0,0,0,0,,
2025-12-06,05:00,9.3,6.7,84.0,NW,1.6,4.8,1015.34,0,0,0,0,,
2025-12-06,05:15,9.2,6.7,84.0,NW,4.8,8.0,1015.58,0,0,0,0,,
2025-12-06,05:30,9.4,6.7,84.0,NW,6.4,12.9,1015.71,0,0,0,0,,
2025-12-06,05:45,9.5,6.7,85.0,NW,6.4,17.7,1016.09,0,0,0,0,,
2025-12-06,06:00,9.9,7.2,85.0,WNW,20.9,22.5,1016.12,0,0,0,0,,
2025-12-06,06:15,10.1,7.2,85.0,WNW,8.0,25.7,1016.15,0,0,0,0,,
2025-12-06,06:30,10.0,7.2,85.0,WNW,14.5,25.7,1016.49,0,0,0,0,,
2025-12-06,06:45,10.0,7.2,85.0,NW,12.9,25.7,1016.63,0,0,0,0,,
2025-12-06,07:00,10.1,7.2,84.0,WNW,16.1,32.2,1016.8,0,0,0,0,,
2025-12-06,07:15,10.1,7.2,84.0,WNW,17.7,29.0,1016.9,0,0,0,0,,
2025-12-06,07:30,10.1,7.2,84.0,WNW,19.3,27.4,1016.93,0,0,0,0,,
2025-12-06,07:45,10.2,7.2,84.0,WNW,16.1,27.4,1017.2,0,0,0,11,,
2025-12-06,08:00,10.1,7.2,84.0,WEST,16.1,24.1,1017.58,0,0,0,21,,
2025-12-06,08:15,10.3,7.8,84.0,NW,17.7,25.7,1017.78,0,0,0,98,,
2025-12-06,08:30,10.6,7.8,83.0,WNW,14.5,25.7,1018.08,0,0,0,185,,
2025-12-06,08:45,10.9,7.8,82.0,WNW,14.5,25.7,1018.02,0,0,0,211,,
2025-12-06,09:00,10.8,7.8,82.0,WNW,14.5,17.7,1017.98,0,0,0,229,,
2025-12-06,09:15,11.0,7.8,80.0,WEST,24.1,24.1,1017.98,0,0,0,272,,
2025-12-06,09:30,11.2,7.8,79.0,WNW,22.5,27.4,1018.05,0,0,1,299,,
2025-12-06,09:45,11.3,7.8,79.0,WEST,16.1,30.6,1018.19,0,0,1,330,,
2025-12-06,10:00,11.4,7.8,78.0,WNW,25.7,33.8,1018.46,0,0,1,367,,
2025-12-06,10:15,11.7,7.8,78.0,WNW,27.4,29.0,1018.52,0,0,1,399,,
2025-12-06,10:30,11.9,7.8,76.0,NW,27.4,35.4,1018.46,0,0,1,424,,
2025-12-06,10:45,12.1,7.8,76.0,NW,22.5,35.4,1018.42,0,0,1,457,,
2025-12-06,11:00,12.2,7.8,76.0,WNW,29.0,40.2,1018.42,0,0,1,469,,
2025-12-06,11:15,12.4,8.3,76.0,WEST,19.3,33.8,1018.42,0,0,2,497,,
2025-12-06,11:30,12.6,8.3,76.0,NW,20.9,30.6,1018.49,0,0,1,552,,
2025-12-06,11:45,12.9,8.3,75.0,WNW,14.5,33.8,1018.05,0,0,2,571,,
2025-12-06,12:00,13.1,8.3,75.0,WNW,14.5,29.0,1017.91,0,0,2,561,,
2025-12-06,12:15,13.3,8.3,73.0,WNW,17.7,45.1,1018.02,0,0,2,582,,
2025-12-06,12:30,13.1,8.9,75.0,WNW,9.7,41.8,1018.02,0,0,2,631,,
2025-12-06,12:45,13.1,8.3,75.0,WNW,19.3,27.4,1017.88,0,0,1,221,,
2025-12-06,13:00,13.1,8.3,75.0,WNW,8.0,32.2,1017.51,0,0,1,255,,
2025-12-06,13:15,13.3,8.3,74.0,NW,16.1,35.4,1017.64,0,0,2,504,,
2025-12-06,13:30,13.5,8.3,72.0,WEST,24.1,37.0,1017.75,0,0,1,520,,
2025-12-06,13:45,13.6,8.3,72.0,WNW,24.1,33.8,1017.51,0,0,1,482,,
2025-12-06,14:00,13.5,8.3,73.0,WNW,22.5,32.2,1017,0,0,1,436,,
2025-12-06,14:15,13.7,8.9,74.0,WNW,16.1,33.8,1017,0,0,1,434,,
2025-12-06,14:30,13.8,9.4,75.0,WNW,16.1,30.6,1017.03,0,0,1,417,,
2025-12-06,14:45,13.7,9.4,76.0,WNW,11.3,32.2,1017.03,0,0,1,343,,
2025-12-06,15:00,13.5,9.4,78.0,WNW,14.5,33.8,1017.2,0,0,1,295,,
2025-12-06,15:15,13.5,9.4,79.0,WNW,17.7,32.2,1017.03,0,0,0,56,,
2025-12-06,15:30,13.5,10.0,80.0,WNW,25.7,27.4,1017.34,0,0,0,104,,
2025-12-06,15:45,13.4,10.0,81.0,WNW,12.9,30.6,1017.2,0,0,0,67,,
2025-12-06,16:00,13.2,10.0,82.0,NW,16.1,22.5,1017.61,0,0,0,62,,
2025-12-06,16:15,13.1,10.0,83.0,WNW,19.3,25.7,1017.37,0,0,0,46,,
2025-12-06,16:30,13.0,10.0,83.0,WNW,22.5,27.4,1017.41,0,0,0,11,,
2025-12-06,16:45,13.0,10.0,83.0,WNW,12.9,30.6,1017.34,0,0,0,0,,
2025-12-06,17:00,12.8,10.0,84.0,WNW,20.9,27.4,1017.71,0,0,0,0,,
2025-12-06,17:15,12.5,10.0,86.0,WNW,4.8,24.1,1017.31,0,0,0,0,,
2025-12-06,17:30,12.4,10.0,87.0,WNW,1.6,20.9,1017.27,0,0,0,0,,
2025-12-06,17:45,12.6,10.0,87.0,NW,4.8,17.7,1017.54,0,0,0,0,,
2025-12-06,18:00,12.6,10.6,87.0,NORTH,0.0,14.5,1017.34,0,0,0,0,,
2025-12-06,18:15,12.3,10.0,87.0,SOUTH,1.6,6.4,1017.34,0,0,0,0,,
2025-12-06,18:30,12.3,10.0,88.0,NORTH,0.0,8.0,1017.44,0,0,0,0,,
2025-12-06,18:45,12.2,10.0,88.0,NORTH,0.0,6.4,1017.44,0,0,0,0,,
2025-12-06,19:00,12.3,10.0,88.0,ESE,4.8,8.0,1017.54,0,0,0,0,,
2025-12-06,19:15,12.3,10.6,88.0,NORTH,0.0,9.7,1017.41,0,0,0,0,,
2025-12-06,19:30,12.2,10.0,89.0,EAST,1.6,4.8,1017.27,0,0,0,0,,
2025-12-06,19:45,12.3,10.6,89.0,NNW,1.6,11.3,1017.75,0,0,0,0,,
2025-12-06,20:00,12.3,10.6,89.0,WNW,4.8,14.5,1017.91,0,0,0,0,,
2025-12-06,20:15,12.5,10.6,89.0,WNW,11.3,20.9,1017.81,0,0,0,0,,
2025-12-06,20:30,12.6,10.6,90.0,NW,12.9,22.5,1017.95,0,0,0,0,,
2025-12-06,20:45,12.6,10.6,90.0,NW,16.1,20.9,1018.05,0,0,0,0,,
2025-12-06,21:00,12.5,10.6,90.0,NW,8.0,17.7,1017.98,0,0,0,0,,
2025-12-06,21:15,12.5,10.6,90.0,NW,12.9,19.3,1017.81,0,0,0,0,,
2025-12-06,21:30,12.6,10.6,90.0,NW,4.8,19.3,1017.81,0,0,0,0,,
2025-12-06,21:45,12.4,10.6,90.0,WNW,6.4,16.1,1017.95,0,0,0,0,,
2025-12-06,22:00,12.4,10.6,90.0,NNW,6.4,9.7,1017.85,0,0,0,0,,
2025-12-06,22:15,12.5,10.6,90.0,WNW,11.3,16.1,1018.05,0,0,0,0,,
2025-12-06,22:30,12.6,11.1,90.0,NORTH,0.0,11.3,1018.12,0,0,0,0,,
2025-12-06,22:45,12.6,11.1,91.0,WNW,6.4,14.5,1018.29,0,0,0,0,,
2025-12-06,23:00,12.7,11.1,91.0,NORTH,0.0,9.7,1018.25,0,0,0,0,,
2025-12-06,23:15,12.6,11.1,91.0,NORTH,0.0,6.4,1018.12,0,0,0,0,,
2025-12-06,23:30,12.7,11.1,91.0,NW,4.8,14.5,1017.95,0,0,0,0,,
2025-12-06,23:45,12.7,11.1,91.0,NORTH,0.0,11.3,1018.08,0,0,0,0,,
2025-12-07,00:00,12.7,11.1,91.0,WNW,3.2,8.0,1018.19,0,0,0,0,,
2025-12-07,00:15,12.8,11.1,91.0,WNW,11.3,14.5,1017.85,0,0,0,0,,
2025-12-07,00:30,12.9,11.7,92.0,WEST,14.5,17.7,1017.98,0,0,0,0,,
2025-12-07,00:45,13.1,11.7,92.0,WEST,14.5,25.7,1018.05,0,0,0,0,,
2025-12-07,01:00,13.3,11.7,92.0,WEST,9.7,20.9,1017.91,0,0,0,0,,
2025-12-07,01:15,13.2,11.7,92.0,WNW,8.0,17.7,1017.68,0,0,0,0,,
2025-12-07,01:30,13.3,11.7,92.0,WNW,9.7,24.1,1017.54,0,0,0,0,,
2025-12-07,01:45,13.3,12.2,93.0,WNW,14.5,25.7,1017.81,0,0,0,0,,
2025-12-07,02:00,13.4,12.2,93.0,WEST,14.5,30.6,1017.95,0,0,0,0,,
2025-12-07,02:15,13.3,12.2,93.0,WNW,12.9,25.7,1017.88,0,0,0,0,,
2025-12-07,02:30,13.6,12.2,93.0,NNW,8.0,30.6,1017.81,0,0,0,0,,
2025-12-07,02:45,13.5,12.2,93.0,WNW,11.3,30.6,1017.95,0,0,0,0,,
2025-12-07,03:00,13.4,12.2,93.0,WEST,16.1,22.5,1017.98,0,0,0,0,,
2025-12-07,03:15,13.4,12.2,93.0,WNW,22.5,24.1,1017.91,0,0,0,0,,
2025-12-07,03:30,13.5,12.2,94.0,WEST,14.5,25.7,1017.61,0,0,0,0,,
2025-12-07,03:45,13.3,12.2,93.0,WNW,12.9,25.7,1017.41,0,0,0,0,,
2025-12-07,04:00,13.4,12.2,94.0,WNW,20.9,27.4,1017.61,0,0,0,0,,
2025-12-07,04:15,13.4,12.2,94.0,WNW,22.5,30.6,1017.31,0,0,0,0,,
2025-12-07,04:30,13.4,12.2,94.0,NW,14.5,25.7,1017.24,0,0,0,0,,
2025-12-07,04:45,13.3,12.2,94.0,WEST,17.7,25.7,1017.31,0,0,0,0,,
2025-12-07,05:00,13.2,12.2,94.0,WEST,19.3,32.2,1017.54,0,0,0,0,,
2025-12-07,05:15,13.2,12.2,94.0,WEST,11.3,32.2,1017.58,0,0,0,0,,
2025-12-07,05:30,13.2,12.2,94.0,WNW,12.9,24.1,1017.64,0,0,0,0,,
2025-12-07,05:45,13.2,12.2,94.0,WNW,8.0,25.7,1017.75,0,0,0,0,,
2025-12-07,06:00,13.1,12.2,94.0,WNW,11.3,20.9,1017.68,0,0,0,0,,
2025-12-07,06:15,12.9,11.7,95.0,WNW,12.9,22.5,1017.54,0,0,0,0,,
2025-12-07,06:30,12.9,11.7,95.0,WEST,17.7,22.5,1017.78,0,0,0,0,,
2025-12-07,06:45,12.9,11.7,95.0,WNW,16.1,25.7,1017.85,0,0,0,0,,
2025-12-07,07:00,12.9,11.7,94.0,WNW,19.3,30.6,1017.88,0,0,0,0,,
2025-12-07,07:15,12.8,11.7,94.0,NW,12.9,29.0,1018.05,0,0,0,0,,
2025-12-07,07:30,12.7,11.7,95.0,WEST,17.7,22.5,1018.35,0,0,0,0,,
2025-12-07,07:45,13.1,12.2,95.0,WNW,8.0,25.7,1018.15,0,0,0,0,,
2025-12-07,08:00,13.2,12.2,95.0,WNW,19.3,30.6,1018.39,0,0,0,9,,
2025-12-07,08:15,13.1,12.2,95.0,WEST,24.1,24.1,1018.63,0,0,0,30,,
2025-12-07,08:30,12.9,11.7,95.0,WNW,16.1,25.7,1018.73,0,0,0,37,,
2025-12-07,08:45,12.9,12.2,95.0,WEST,19.3,29.0,1018.56,0,0,0,63,,
2025-12-07,09:00,12.8,11.7,95.0,WNW,12.9,33.8,1018.59,0,0,0,69,,
2025-12-07,09:15,12.8,11.7,94.0,WEST,22.5,29.0,1018.8,0,0,0,178,,
2025-12-07,09:30,13.0,11.7,94.0,WNW,22.5,30.6,1018.96,0,0,0,190,,
2025-12-07,09:45,13.2,12.2,94.0,NW,6.4,25.7,1018.9,0,0,0,111,,
2025-12-07,10:00,13.4,12.2,93.0,WNW,8.0,17.7,1019.24,0,0,1,132,,
2025-12-07,10:15,13.7,12.2,93.0,WNW,8.0,14.5,1019.07,0,0,0,77,,
2025-12-07,10:30,13.7,12.2,93.0,NNW,8.0,19.3,1019.24,0,0,0,114,,
2025-12-07,10:45,13.9,12.8,92.0,NW,11.3,16.1,1019.3,0,0,1,141,,
2025-12-07,11:00,14.0,12.2,91.0,NW,14.5,27.4,1019.27,0,0,1,253,,
2025-12-07,11:15,14.4,12.8,90.0,WNW,12.9,32.2,1019.37,0,0,1,346,,
2025-12-07,11:30,14.4,12.2,89.0,WEST,25.7,38.6,1019.37,0,0,1,167,,
2025-12-07,11:45,14.7,12.8,88.0,NW,25.7,29.0,1019.3,0,0,1,148,,
2025-12-07,12:00,14.8,12.8,87.0,WEST,20.9,32.2,1019.24,0,0,2,139,,
2025-12-07,12:15,14.9,12.8,87.0,WEST,19.3,38.6,1019.3,0,0,2,204,,
2025-12-07,12:30,14.9,12.2,85.0,WNW,38.6,37.0,1019.03,0,0,1,199,,
2025-12-07,12:45,15.1,12.2,85.0,WEST,24.1,40.2,1019.07,0,0,1,471,,
2025-12-07,13:00,15.2,12.8,85.0,WNW,19.3,38.6,1019.1,0,0,1,162,,
2025-12-07,13:15,15.2,12.2,83.0,WEST,25.7,43.5,1018.9,0,0,2,492,,
2025-12-07,13:30,15.0,12.2,84.0,WNW,30.6,45.1,1018.8,0,0,1,146,,
2025-12-07,13:45,15.1,12.2,84.0,NW,16.1,53.1,1018.66,0,0,1,508,,
2025-12-07,14:00,15.2,12.2,82.0,WNW,20.9,53.1,1018.63,0,0,1,339,,
2025-12-07,14:15,15.1,12.2,83.0,WNW,32.2,51.5,1018.63,0,0,1,489,,
2025-12-07,14:30,15.1,12.2,83.0,WNW,27.4,51.5,1018.56,0,0,1,288,,
2025-12-07,14:45,15.1,12.2,83.0,WNW,25.7,37.0,1018.8,0,0,0,190,,
2025-12-07,15:00,14.9,12.2,84.0,WNW,11.3,43.5,1018.73,0,0,0,118,,
2025-12-07,15:15,14.7,12.2,85.0,WNW,27.4,35.4,1018.86,0,0,0,70,,
2025-12-07,15:30,14.6,12.2,85.0,WNW,22.5,33.8,1019.07,0,0,0,84,,
2025-12-07,15:45,14.5,11.7,85.0,WNW,22.5,37.0,1018.86,0,0,0,102,,
2025-12-07,16:00,14.6,11.7,83.0,WNW,20.9,41.8,1019.03,0,0,0,118,,
2025-12-07,16:15,14.6,11.7,83.0,WNW,29.0,32.2,1018.9,0,0,0,62,,
2025-12-07,16:30,14.5,11.1,82.0,NW,14.5,40.2,1019.07,0,0,0,33,,
2025-12-07,16:45,14.4,11.7,84.0,NW,17.7,29.0,1019.13,0,0,0,11,,
2025-12-07,17:00,14.1,11.7,85.0,WNW,20.9,32.2,1019.03,0,0,0,0,,
2025-12-07,17:15,14.1,11.7,86.0,WEST,19.3,30.6,1019.1,0,0,0,0,,
2025-12-07,17:30,13.8,11.7,87.0,WNW,20.9,29.0,1018.93,0,0,0,0,,
2025-12-07,17:45,13.7,11.7,88.0,WNW,19.3,25.7,1019.27,0,0,0,0,,
2025-12-07,18:00,13.7,11.7,89.0,NW,11.3,20.9,1019.4,0,0,0,0,,
2025-12-07,18:15,13.6,11.7,90.0,WNW,11.3,20.9,1019.57,0,0,0,0,,
2025-12-07,18:30,13.4,11.7,90.0,NW,11.3,19.3,1019.44,0,0,0,0,,
2025-12-07,18:45,13.6,11.7,91.0,NW,14.5,17.7,1019.61,0,0,0,0,,
2025-12-07,19:00,13.5,11.7,91.0,NW,16.1,19.3,1019.24,0,0,0,0,,
2025-12-07,19:15,13.4,11.7,91.0,WNW,8.0,20.9,1019.47,0,0,0,0,,
2025-12-07,19:30,13.3,11.7,91.0,WNW,14.5,20.9,1019.47,0,0,0,0,,
2025-12-07,19:45,13.4,11.7,92.0,WNW,12.9,20.9,1019.4,0,0,0,0,,
2025-12-07,20:00,13.4,12.2,92.0,NORTH,0.0,12.9,1019.61,0,0,0,0,,
2025-12-07,20:15,13.5,12.2,92.0,NW,11.3,19.3,1019.68,0,0,0,0,,
2025-12-07,20:30,13.5,12.2,92.0,WNW,14.5,20.9,1019.64,0,0,0,0,,
2025-12-07,20:45,13.5,12.2,92.0,WNW,6.4,14.5,1020.01,0,0,0,0,,
2025-12-07,21:00,13.6,12.2,92.0,WNW,6.4,12.9,1020.05,0,0,0,0,,
2025-12-07,21:15,13.6,12.2,92.0,WNW,6.4,16.1,1019.84,0,0,0,0,,
2025-12-07,21:30,13.6,12.2,93.0,WNW,6.4,17.7,1020.18,0,0,0,0,,
2025-12-07,21:45,13.6,12.2,93.0,WNW,4.8,12.9,1020.22,0,0,0,0,,
2025-12-07,22:00,13.6,12.2,93.0,WEST,12.9,19.3,1019.81,0,0,0,0,,
2025-12-07,22:15,13.6,12.2,93.0,WNW,8.0,24.1,1019.91,0,0,0,0,,
2025-12-07,22:30,13.7,12.2,93.0,NW,4.8,24.1,1020.12,0,0,0,0,,
2025-12-07,22:45,13.7,12.2,93.0,WNW,11.3,16.1,1020.12,0,0,0,0,,
2025-12-07,23:00,13.6,12.2,93.0,WNW,16.1,24.1,1020.05,0,0,0,0,,
2025-12-07,23:15,13.6,12.2,93.0,NW,14.5,17.7,1020.22,0,0,0,0,,
2025-12-07,23:30,13.8,12.8,94.0,WNW,14.5,17.7,1020.29,0,0,0,0,,
2025-12-07,23:45,13.9,12.8,94.0,WNW,12.9,22.5,1020.15,0,0,0,0,,
2025-12-08,00:00,13.8,12.8,94.0,WEST,4.8,22.5,1020.22,0,0,0,0,,
2025-12-08,00:15,13.7,12.8,93.0,NORTH,0.0,9.7,1020.22,0,0,0,0,,
2025-12-08,00:30,13.8,12.8,94.0,WNW,9.7,16.1,1020.08,0,0,0,0,,
2025-12-08,00:45,13.7,12.8,94.0,WNW,4.8,19.3,1020.18,0,0,0,0,,
2025-12-08,01:00,13.6,12.2,94.0,WNW,4.8,12.9,1020.01,0,0,0,0,,
2025-12-08,01:15,13.7,12.8,94.0,WEST,12.9,24.1,1019.91,0,0,0,0,,
2025-12-08,01:30,13.8,12.8,94.0,WNW,12.9,19.3,1020.15,0,0,0,0,,
2025-12-08,01:45,13.7,12.8,94.0,WNW,19.3,24.1,1019.88,0,0,0,0,,
2025-12-08,02:00,13.6,12.8,94.0,WNW,11.3,22.5,1019.98,0,0,0,0,,
2025-12-08,02:15,13.3,12.2,94.0,WNW,11.3,20.9,1020.12,0,0,0,0,,
2025-12-08,02:30,13.4,12.2,94.0,NW,16.1,22.5,1020.12,0,0,0,0,,
2025-12-08,02:45,13.6,12.8,94.0,NW,6.4,19.3,1020.29,0,0,0,0,,
2025-12-08,03:00,13.7,12.8,95.0,WNW,14.5,24.1,1020.25,0,0,0,0,,
2025-12-08,03:15,13.7,12.8,94.0,WNW,14.5,17.7,1020.29,0,0,0,0,,
2025-12-08,03:30,13.7,12.8,95.0,WNW,9.7,19.3,1020.22,0,0,0,0,,
2025-12-08,03:45,13.7,12.8,95.0,WEST,17.7,22.5,1020.12,0,0,0,0,,
2025-12-08,04:00,13.8,12.8,95.0,WEST,16.1,19.3,1020.18,0,0,0,0,,
2025-12-08,04:15,13.9,12.8,95.0,WNW,14.5,19.3,1020.25,0,0,0,0,,
2025-12-08,04:30,13.9,12.8,95.0,WNW,11.3,20.9,1020.12,0,0,0,0,,
2025-12-08,04:45,13.8,12.8,95.0,WNW,11.3,17.7,1020.12,0,0,0,0,,
2025-12-08,05:00,13.8,12.8,95.0,WEST,12.9,22.5,1020.01,0,0,0,0,,
2025-12-08,05:15,13.9,12.8,95.0,WNW,14.5,20.9,1020.25,0,0,0,0,,
2025-12-08,05:30,13.9,12.8,95.0,WNW,20.9,24.1,1020.42,0,0,0,0,,
2025-12-08,05:45,13.8,12.8,95.0,WEST,16.1,24.1,1020.45,0,0,0,0,,
2025-12-08,06:00,13.8,12.8,95.0,WEST,17.7,24.1,1020.66,0,0,0,0,,
2025-12-08,06:15,13.9,12.8,95.0,NW,8.0,24.1,1020.86,0,0,0,0,,
2025-12-08,06:30,13.7,12.8,95.0,WNW,16.1,20.9,1020.89,0,0,0,0,,
2025-12-08,06:45,13.8,12.8,95.0,WNW,12.9,29.0,1021.03,0,0,0,0,,
2025-12-08,07:00,13.8,12.8,95.0,WNW,12.9,29.0,1021.03,0,0,0,0,,
2025-12-08,07:15,13.4,12.2,95.0,NNW,4.8,16.1,1021.54,0,0,0,0,,
2025-12-08,07:30,13.1,12.2,95.0,NORTH,0.0,6.4,1021.4,0,0,0,0,,
2025-12-08,07:45,12.8,11.7,95.0,NW,1.6,6.4,1021.64,0,0,0,0,,
2025-12-08,08:00,12.9,12.2,95.0,WNW,8.0,17.7,1021.84,0,0,0,16,,
2025-12-08,08:15,13.0,12.2,95.0,WNW,1.6,11.3,1021.81,0,0,0,23,,
2025-12-08,08:30,12.8,11.7,95.0,NORTH,0.0,0.0,1022.15,0,0,0,60,,
2025-12-08,08:45,13.2,12.2,95.0,WNW,4.8,4.8,1022.05,0,0,0,88,,
2025-12-08,09:00,13.3,12.2,95.0,NORTH,0.0,3.2,1022.25,0,0,0,105,,
2025-12-08,09:15,13.5,12.2,94.0,NORTH,0.0,4.8,1022.35,0,0,0,172,,
2025-12-08,09:30,13.9,12.8,94.0,WNW,1.6,8.0,1022.49,0,0,1,297,,
2025-12-08,09:45,14.3,13.3,94.0,WNW,8.0,12.9,1022.62,0,0,1,262,,
2025-12-08,10:00,14.5,13.3,94.0,WEST,6.4,14.5,1022.59,0,0,1,279,,
2025-12-08,10:15,14.6,13.3,93.0,WNW,3.2,17.7,1022.93,0,0,1,445,,
2025-12-08,10:30,14.7,13.3,93.0,WEST,11.3,14.5,1023.16,0,0,1,445,,
2025-12-08,10:45,14.9,13.3,92.0,WEST,14.5,19.3,1022.96,0,0,1,415,,
2025-12-08,11:00,15.3,13.9,92.0,WNW,11.3,19.3,1022.89,0,0,1,431,,
2025-12-08,11:15,15.2,13.3,90.0,WEST,6.4,19.3,1022.89,0,0,1,142,,
2025-12-08,11:30,15.6,13.3,89.0,WEST,12.9,24.1,1022.82,0,0,2,592,,
2025-12-08,11:45,15.9,13.3,87.0,WNW,16.1,20.9,1022.79,0,0,2,496,,
2025-12-08,12:00,16.1,13.9,87.0,WNW,4.8,22.5,1022.99,0,0,2,200,,
2025-12-08,12:15,16.2,13.9,86.0,WEST,9.7,19.3,1022.96,0,0,2,531,,
2025-12-08,12:30,16.4,13.9,85.0,WSW,8.0,19.3,1022.55,0,0,1,635,,
2025-12-08,12:45,16.7,13.9,84.0,WNW,17.7,24.1,1022.66,0,0,1,144,,
2025-12-08,13:00,16.4,13.9,85.0,WEST,3.2,22.5,1022.28,0,0,1,550,,
2025-12-08,13:15,16.4,13.3,84.0,WEST,3.2,22.5,1021.98,0,0,2,459,,
2025-12-08,13:30,16.3,13.3,84.0,WNW,14.5,19.3,1022.15,0,0,1,417,,
2025-12-08,13:45,16.6,13.9,84.0,NNW,14.5,22.5,1022.11,0,0,1,490,,
2025-12-08,14:00,16.7,13.3,82.0,WNW,16.1,22.5,1022.01,0,0,1,383,,
2025-12-08,14:15,16.7,13.9,83.0,,6.4,22.5,1021.81,0,0,1,383,,
2025-12-08,14:30,16.5,13.3,82.0,WNW,14.5,22.5,1021.84,0,0,1,388,,
2025-12-08,14:45,16.2,13.3,83.0,WEST,14.5,24.1,1021.88,0,0,1,279,,
2025-12-08,15:00,16.2,13.3,84.0,WNW,9.7,20.9,1022.08,0,0,1,283,,
2025-12-08,15:15,16.4,13.3,84.0,NW,20.9,24.1,1022.35,0,0,0,274,,
2025-12-08,15:30,15.7,12.8,85.0,NW,14.5,20.9,1022.55,0,0,0,53,,
2025-12-08,15:45,15.5,13.3,87.0,NW,11.3,20.9,1022.45,0,0,0,46,,
2025-12-08,16:00,15.6,13.3,88.0,WNW,14.5,19.3,1022.72,0,0,0,111,,
2025-12-08,16:15,15.4,13.3,88.0,WNW,12.9,17.7,1022.72,0,0,0,40,,
2025-12-08,16:30,15.3,13.3,88.0,WNW,8.0,19.3,1022.69,0,0,0,33,,
2025-12-08,16:45,14.9,12.8,88.0,WNW,6.4,17.7,1022.72,0,0,0,11,,
2025-12-08,17:00,14.9,12.8,88.0,WNW,11.3,14.5,1022.72,0,0,0,0,,
2025-12-08,17:15,14.9,12.8,89.0,NW,6.4,16.1,1022.49,0,0,0,0,,
2025-12-08,17:30,14.7,12.8,89.0,WNW,11.3,14.5,1022.66,0,0,0,0,,
2025-12-08,17:45,14.7,12.8,90.0,WNW,11.3,17.7,1022.49,0,0,0,0,,
2025-12-08,18:00,14.7,12.8,90.0,WNW,4.8,17.7,1022.55,0,0,0,0,,
2025-12-08,18:15,14.5,12.8,91.0,WNW,6.4,16.1,1022.59,0,0,0,0,,
2025-12-08,18:30,14.3,12.8,91.0,WNW,11.3,14.5,1022.82,0,0,0,0,,
2025-12-08,18:45,14.3,12.8,91.0,WNW,11.3,17.7,1022.86,0,0,0,0,,
2025-12-08,19:00,14.1,12.8,92.0,WNW,8.0,14.5,1022.93,0,0,0,0,,
2025-12-08,19:15,13.8,12.2,92.0,WNW,4.8,11.3,1023.03,0,0,0,0,,
2025-12-08,19:30,13.8,12.2,92.0,NW,1.6,12.9,1023.23,0,0,0,0,,
2025-12-08,19:45,13.7,12.2,92.0,NORTH,0.0,4.8,1023.43,0,0,0,0,,
2025-12-08,20:00,13.7,12.2,92.0,NORTH,0.0,6.4,1023.5,0,0,0,0,,
2025-12-08,20:15,13.6,12.2,93.0,WNW,3.2,11.3,1023.67,0,0,0,0,,
2025-12-08,20:30,13.4,12.2,92.0,NW,3.2,8.0,1023.57,0,0,0,0,,
2025-12-08,20:45,13.0,11.7,92.0,NW,1.6,6.4,1023.67,0,0,0,0,,
2025-12-08,21:00,12.9,11.7,93.0,NW,3.2,4.8,1023.81,0,0,0,0,,
2025-12-08,21:15,12.9,11.7,93.0,NW,1.6,4.8,1023.81,0,0,0,0,,
2025-12-08,21:30,12.8,11.7,92.0,NORTH,0.0,4.8,1023.84,0,0,0,0,,
2025-12-08,21:45,12.6,11.1,93.0,,1.6,3.2,1023.87,0,0,0,0,,
2025-12-08,22:00,12.6,11.1,93.0,NORTH,1.6,3.2,1023.81,0,0,0,0,,
2025-12-08,22:15,12.7,11.7,93.0,NORTH,0.0,4.8,1023.84,0,0,0,0,,
2025-12-08,22:30,12.7,11.7,93.0,NORTH,1.6,4.8,1023.91,0,0,0,0,,
2025-12-08,22:45,12.9,11.7,93.0,NNE,1.6,4.8,1024.08,0,0,0,0,,
2025-12-08,23:00,12.8,11.7,93.0,NE,3.2,8.0,1024.15,0,0,0,0,,
2025-12-08,23:15,12.6,11.1,93.0,NNE,3.2,6.4,1024.15,0,0,0,0,,
2025-12-08,23:30,12.3,11.1,93.0,NE,4.8,6.4,1024.31,0,0,0,0,,
2025-12-08,23:45,12.3,11.1,93.0,NE,3.2,8.0,1024.52,0,0,0,0,,
2025-12-09,00:00,12.4,11.1,93.0,ENE,3.2,9.7,1024.28,0,0,0,0,,
2025-12-09,00:15,12.2,11.1,93.0,NE,3.2,4.8,1024.31,0,0,0,0,,
2025-12-09,00:30,11.9,10.6,93.0,NE,1.6,4.8,1024.45,0,0,0,0,,
2025-12-09,00:45,12.1,10.6,93.0,,3.2,6.4,1024.38,0,0,0,0,,
2025-12-09,01:00,11.9,10.6,93.0,,4.8,4.8,1024.42,0,0,0,0,,
2025-12-09,01:15,12.2,11.1,93.0,,3.2,6.4,1024.28,0,0,0,0,,
2025-12-09,01:30,12.2,11.1,93.0,NORTH,0.0,4.8,1024.28,0,0,0,0,,
2025-12-09,01:45,11.9,10.6,93.0,NORTH,3.2,6.4,1024.21,0,0,0,0,,
2025-12-09,02:00,11.8,10.6,93.0,NORTH,4.8,4.8,1024.52,0,0,0,0,,
2025-12-09,02:15,11.8,10.6,93.0,NORTH,1.6,4.8,1024.42,0,0,0,0,,
2025-12-09,02:30,11.6,10.6,93.0,NORTH,0.0,4.8,1024.55,0,0,0,0,,
2025-12-09,02:45,11.7,10.6,93.0,NORTH,0.0,6.4,1024.52,0,0,0,0,,
2025-12-09,03:00,11.6,10.0,93.0,NORTH,1.6,4.8,1024.45,0,0,0,0,,
2025-12-09,03:15,11.4,10.0,93.0,NORTH,0.0,3.2,1024.48,0,0,0,0,,
2025-12-09,03:30,11.3,10.0,93.0,NORTH,0.0,3.2,1024.35,0,0,0,0,,
2025-12-09,03:45,11.2,10.0,93.0,NORTH,0.0,0.0,1024.25,0,0,0,0,,
2025-12-09,04:00,11.1,10.0,93.0,NORTH,0.0,0.0,1024.28,0,0,0,0,,
2025-12-09,04:15,11.1,10.0,93.0,NORTH,0.0,0.0,1024.25,0,0,0,0,,
2025-12-09,04:30,11.0,9.4,93.0,NORTH,0.0,0.0,1024.04,0,0,0,0,,
2025-12-09,04:45,11.1,10.0,93.0,NORTH,0.0,0.0,1024.01,0,0,0,0,,
2025-12-09,05:00,11.3,10.0,93.0,NORTH,0.0,0.0,1023.91,0,0,0,0,,
2025-12-09,05:15,11.2,10.0,93.0,NORTH,0.0,0.0,1023.94,0,0,0,0,,
2025-12-09,05:30,11.2,10.0,93.0,NORTH,0.0,0.0,1024.01,0,0,0,0,,
2025-12-09,05:45,10.8,9.4,93.0,EAST,4.8,9.7,1024.08,0,0,0,0,,
2025-12-09,06:00,10.6,9.4,93.0,EAST,4.8,11.3,1023.91,0,0,0,0,,
2025-12-09,06:15,10.3,8.9,93.0,ESE,3.2,6.4,1023.91,0,0,0,0,,
2025-12-09,06:30,10.3,8.9,93.0,EAST,3.2,9.7,1024.11,0,0,0,0,,
2025-12-09,06:45,10.2,8.9,94.0,EAST,1.6,6.4,1024.35,0,0,0,0,,
2025-12-09,07:00,10.3,8.9,93.0,NORTH,0.0,4.8,1024.42,0,0,0,0,,
2025-12-09,07:15,10.1,8.9,93.0,EAST,3.2,6.4,1024.62,0.25,0.25,0,0,,
2025-12-09,07:30,9.9,8.9,93.0,EAST,4.8,6.4,1024.76,0.25,0.25,0,0,,
2025-12-09,07:45,10.1,8.9,93.0,ESE,11.3,14.5,1024.59,0.25,0.25,0,9,,
2025-12-09,08:00,10.0,8.9,93.0,ESE,4.8,14.5,1024.69,0.25,0.25,0,14,,
2025-12-09,08:15,10.2,8.9,94.0,ESE,11.3,11.3,1024.79,0.25,0,0,76,,
2025-12-09,08:30,10.3,9.4,94.0,EAST,3.2,14.5,1024.82,0.25,0,0,114,,
2025-12-09,08:45,10.9,10.0,94.0,ESE,6.4,8.0,1024.89,0.25,0,0,156,,
2025-12-09,09:00,11.6,10.6,93.0,ESE,4.8,9.7,1024.89,0.25,0,0,86,,
2025-12-09,09:15,11.6,10.6,93.0,ESE,9.7,11.3,1024.99,0.25,0,0,69,,
2025-12-09,09:30,11.8,10.6,93.0,EAST,9.7,11.3,1025.03,0.25,0,0,72,,
2025-12-09,09:45,12.1,11.1,94.0,ESE,6.4,11.3,1025.4,0.25,0,0,69,,
2025-12-09,10:00,12.4,11.1,93.0,ESE,1.6,14.5,1025.43,0.25,0,0,77,,
2025-12-09,10:15,12.7,11.7,93.0,ESE,1.6,4.8,1025.53,0.25,0,0,76,,
2025-12-09,10:30,12.3,11.1,93.0,EAST,9.7,9.7,1025.5,0.25,0,0,88,,
2025-12-09,10:45,12.7,11.1,93.0,EAST,3.2,6.4,1025.36,0.25,0,0,100,,
2025-12-09,11:00,12.9,11.7,92.0,EAST,4.8,11.3,1025.36,0.25,0,1,128,,
2025-12-09,11:15,13.1,11.7,92.0,EAST,6.4,8.0,1025.33,0.25,0,1,178,,
2025-12-09,11:30,13.3,11.7,92.0,EAST,4.8,6.4,1025.2,0.25,0,1,186,,
2025-12-09,11:45,13.4,11.7,91.0,EAST,3.2,8.0,1025.06,0.25,0,1,185,,
2025-12-09,12:00,13.6,11.7,91.0,EAST,3.2,9.7,1024.92,0.25,0,1,188,,
2025-12-09,12:15,13.9,12.2,89.0,ESE,6.4,11.3,1024.76,0.25,0,1,213,,
2025-12-09,12:30,14.3,12.2,87.0,SE,1.6,11.3,1024.62,0.25,0,1,290,,
2025-12-09,12:45,14.4,11.7,84.0,NORTH,0.0,16.1,1024.69,0.25,0,1,171,,
2025-12-09,13:00,14.4,11.7,83.0,NORTH,0.0,12.9,1024.52,0.25,0,1,246,,
2025-12-09,13:15,14.7,11.7,83.0,SSE,4.8,12.9,1024.52,0.25,0,1,185,,
2025-12-09,13:30,14.9,11.7,83.0,NORTH,0.0,8.0,1024.18,0.25,0,1,246,,
2025-12-09,13:45,14.9,11.7,82.0,NORTH,0.0,12.9,1024.04,0.25,0,1,202,,
2025-12-09,14:00,14.9,11.7,82.0,SSE,8.0,9.7,1024.11,0.25,0,1,172,,
2025-12-09,14:15,14.9,11.7,81.0,SSE,1.6,8.0,1024.15,0.25,0,1,162,,
2025-12-09,14:30,14.6,12.2,85.0,NW,3.2,8.0,1024.15,0.25,0,0,111,,
2025-12-09,14:45,14.7,12.2,86.0,NORTH,0.0,4.8,1024.01,0.25,0,0,83,,
2025-12-09,15:00,14.5,12.2,86.0,NORTH,0.0,3.2,1024.08,0.25,0,0,104,,
2025-12-09,15:15,14.6,12.2,87.0,NORTH,0.0,4.8,1024.15,0.25,0,0,65,,
2025-12-09,15:30,14.7,12.2,87.0,NORTH,0.0,0.0,1024.01,0.25,0,0,69,,
2025-12-09,15:45,14.7,12.2,87.0,NORTH,0.0,1.6,1024.08,0.25,0,0,56,,
2025-12-09,16:00,14.6,12.2,87.0,NORTH,0.0,6.4,1024.01,0.25,0,0,42,,
2025-12-09,16:15,14.4,12.2,87.0,NORTH,0.0,0.0,1023.84,0.25,0,0,28,,
2025-12-09,16:30,14.5,12.2,87.0,NORTH,0.0,0.0,1023.87,0.25,0,0,19,,
2025-12-09,16:45,14.4,12.2,87.0,NORTH,0.0,0.0,1023.94,0.25,0,0,7,,
2025-12-09,17:00,14.3,12.2,87.0,NORTH,0.0,0.0,1024.01,0.25,0,0,0,,
2025-12-09,17:15,13.9,11.7,86.0,SW,3.2,3.2,1023.91,0.25,0,0,0,,
2025-12-09,17:30,13.2,10.6,86.0,SSW,1.6,3.2,1023.98,0.25,0,0,0,,
2025-12-09,17:45,13.0,10.6,87.0,SOUTH,3.2,4.8,1024.04,0.25,0,0,0,,
2025-12-09,18:00,13.2,11.1,87.0,NORTH,0.0,4.8,1023.98,0.25,0,0,0,,
2025-12-09,18:15,12.8,10.6,87.0,NORTH,0.0,3.2,1024.25,0.25,0,0,0,,
2025-12-09,18:30,12.2,10.0,87.0,SSE,3.2,9.7,1024.18,0.25,0,0,0,,
2025-12-09,18:45,12.2,10.0,88.0,SSE,6.4,8.0,1024.35,0.25,0,0,0,,
2025-12-09,19:00,12.4,10.6,89.0,SSE,3.2,8.0,1024.42,0.25,0,0,0,,
2025-12-09,19:15,12.6,10.6,89.0,SSE,1.6,4.8,1024.18,0.25,0,0,0,,
2025-12-09,19:30,13.0,11.1,90.0,SE,3.2,8.0,1024.28,0.25,0,0,0,,
2025-12-09,19:45,13.2,11.1,90.0,ESE,4.8,6.4,1024.28,0.25,0,0,0,,
2025-12-09,20:00,13.4,11.7,89.0,SE,1.6,8.0,1024.28,0.25,0,0,0,,
2025-12-09,20:15,13.6,11.7,89.0,SE,3.2,11.3,1024.28,0.25,0,0,0,,
2025-12-09,20:30,13.6,11.7,88.0,SE,1.6,6.4,1024.35,0.25,0,0,0,,
2025-12-09,20:45,13.4,11.1,88.0,ESE,3.2,9.7,1024.25,0.25,0,0,0,,
2025-12-09,21:00,13.2,11.1,88.0,ESE,6.4,6.4,1024.15,0.25,0,0,0,,
2025-12-09,21:15,13.3,11.1,88.0,ESE,1.6,6.4,1024.18,0.25,0,0,0,,
2025-12-09,21:30,13.4,11.1,88.0,EAST,3.2,6.4,1024.18,0.25,0,0,0,,
2025-12-09,21:45,13.6,11.7,88.0,EAST,6.4,6.4,1024.11,0.25,0,0,0,,
2025-12-09,22:00,13.7,11.7,89.0,ESE,6.4,6.4,1024.11,0.25,0,0,0,,
2025-12-09,22:15,13.6,11.7,89.0,EAST,9.7,9.7,1023.94,0.25,0,0,0,,
2025-12-09,22:30,13.6,11.7,89.0,ESE,1.6,9.7,1023.98,0.25,0,0,0,,
2025-12-09,22:45,13.7,11.7,90.0,SE,8.0,14.5,1023.94,0.25,0,0,0,,
2025-12-09,23:00,13.5,11.7,90.0,ESE,3.2,12.9,1023.94,0.25,0,0,0,,
2025-12-09,23:15,13.1,11.1,89.0,ESE,6.4,20.9,1024.08,0.25,0,0,0,,
2025-12-09,23:30,13.1,11.1,88.0,EAST,11.3,16.1,1023.94,0.25,0,0,0,,
2025-12-09,23:45,13.1,11.1,88.0,ESE,11.3,14.5,1024.18,0.25,0,0,0,,
2025-12-10,00:00,13.1,10.6,87.0,ESE,9.7,17.7,1023.98,0,0,0,0,,
2025-12-10,00:15,13.1,10.6,86.0,ESE,4.8,16.1,1023.94,0,0,0,0,,
2025-12-10,00:30,13.0,10.6,86.0,ESE,4.8,11.3,1023.94,0,0,0,0,,
2025-12-10,00:45,12.9,10.6,86.0,ESE,3.2,9.7,1023.98,0,0,0,0,,
2025-12-10,01:00,12.9,10.6,86.0,ESE,1.6,6.4,1023.91,0,0,0,0,,
2025-12-10,01:15,13.1,10.6,86.0,SE,4.8,11.3,1023.81,0,0,0,0,,
2025-12-10,01:30,13.2,10.6,86.0,ESE,1.6,9.7,1023.84,0,0,0,0,,
2025-12-10,01:45,13.1,10.6,86.0,ESE,1.6,4.8,1023.84,0,0,0,0,,
2025-12-10,02:00,13.1,10.6,86.0,ESE,3.2,4.8,1023.81,0,0,0,0,,
2025-12-10,02:15,13.1,10.6,86.0,ESE,4.8,9.7,1023.91,0,0,0,0,,
2025-12-10,02:30,13.1,10.6,85.0,ESE,4.8,9.7,1023.81,0,0,0,0,,
2025-12-10,02:45,13.0,10.6,85.0,ESE,3.2,6.4,1023.74,0,0,0,0,,
2025-12-10,03:00,13.0,10.6,85.0,ESE,3.2,4.8,1023.57,0,0,0,0,,
2025-12-10,03:15,13.0,10.6,86.0,ESE,3.2,4.8,1023.5,0,0,0,0,,
2025-12-10,03:30,13.1,10.6,86.0,ESE,4.8,4.8,1023.54,0,0,0,0,,
2025-12-10,03:45,13.0,10.6,86.0,ESE,3.2,4.8,1023.5,0,0,0,0,,
2025-12-10,04:00,13.0,10.6,86.0,ESE,3.2,4.8,1023.43,0,0,0,0,,
2025-12-10,04:15,12.9,10.6,86.0,ESE,3.2,4.8,1023.23,0,0,0,0,,
2025-12-10,04:30,12.9,10.6,86.0,ESE,6.4,4.8,1023.23,0,0,0,0,,
2025-12-10,04:45,12.9,10.6,86.0,ESE,3.2,6.4,1023.23,0,0,0,0,,
2025-12-10,05:00,12.9,10.6,86.0,ESE,1.6,6.4,1023.16,0,0,0,0,,
2025-12-10,05:15,12.9,10.6,86.0,ESE,3.2,9.7,1023.33,0,0,0,0,,
2025-12-10,05:30,12.8,10.6,86.0,EAST,6.4,9.7,1023.13,0,0,0,0,,
2025-12-10,05:45,12.7,10.6,86.0,EAST,3.2,6.4,1022.99,0,0,0,0,,
2025-12-10,06:00,12.6,10.0,86.0,EAST,4.8,6.4,1023.2,0,0,0,0,,
2025-12-10,06:15,12.6,10.0,86.0,EAST,1.6,6.4,1023.27,0,0,0,0,,
2025-12-10,06:30,12.5,10.0,86.0,NORTH,0.0,8.0,1023.43,0,0,0,0,,
2025-12-10,06:45,12.5,10.0,86.0,NORTH,0.0,9.7,1023.43,0,0,0,0,,
2025-12-10,07:00,12.5,10.0,86.0,EAST,9.7,12.9,1023.47,0,0,0,0,,
2025-12-10,07:15,12.6,10.0,86.0,EAST,6.4,11.3,1023.54,0,0,0,0,,
2025-12-10,07:30,12.5,10.0,86.0,EAST,1.6,11.3,1023.67,0,0,0,0,,
2025-12-10,07:45,12.4,10.0,86.0,EAST,3.2,9.7,1023.74,0,0,0,0,,
2025-12-10,08:00,12.4,10.0,86.0,EAST,3.2,11.3,1023.71,0,0,0,14,,
2025-12-10,08:15,12.5,10.0,85.0,ENE,6.4,11.3,1024.01,0,0,0,23,,
2025-12-10,08:30,12.6,10.0,85.0,EAST,3.2,8.0,1024.08,0,0,0,39,,
2025-12-10,08:45,12.7,10.0,84.0,EAST,8.0,12.9,1024.21,0,0,0,47,,
2025-12-10,09:00,12.7,10.0,84.0,ENE,3.2,11.3,1024.18,0,0,0,62,,
2025-12-10,09:15,12.8,10.0,84.0,EAST,1.6,12.9,1024.55,0,0,0,74,,
2025-12-10,09:30,12.8,10.0,83.0,EAST,9.7,14.5,1024.35,0,0,0,105,,
2025-12-10,09:45,13.1,10.0,82.0,ENE,6.4,14.5,1024.45,0,0,0,127,,
2025-12-10,10:00,13.6,10.0,81.0,ESE,6.4,12.9,1024.52,0,0,1,155,,
2025-12-10,10:15,13.8,10.0,79.0,ESE,9.7,16.1,1024.48,0,0,1,174,,
2025-12-10,10:30,13.9,10.0,78.0,SE,11.3,19.3,1024.62,0,0,1,174,,
2025-12-10,10:45,14.4,10.6,77.0,SSE,8.0,16.1,1024.48,0,0,1,475,,
2025-12-10,11:00,14.1,10.0,77.0,SSE,6.4,17.7,1024.45,0,0,1,176,,
2025-12-10,11:15,14.6,10.6,77.0,SE,1.6,14.5,1024.52,0,0,1,246,,
2025-12-10,11:30,14.6,10.6,77.0,SE,8.0,17.7,1024.38,0,0,1,274,,
2025-12-10,11:45,14.8,10.6,76.0,ESE,3.2,11.3,1024.18,0,0,1,355,,
2025-12-10,12:00,14.7,10.0,75.0,SSE,11.3,16.1,1024.25,0,0,1,230,,
2025-12-10,12:15,14.9,10.6,75.0,EAST,3.2,14.5,1024.04,0,0,1,202,,
2025-12-10,12:30,14.8,10.6,76.0,SE,1.6,14.5,1023.94,0,0,1,169,,
2025-12-10,12:45,15.0,10.6,76.0,SE,11.3,17.7,1023.77,0,0,1,174,,
2025-12-10,13:00,14.9,10.6,75.0,SSE,9.7,17.7,1023.4,0,0,1,84,,
2025-12-10,13:15,15.5,10.6,74.0,SSE,12.9,16.1,1023.33,0,0,1,251,,
2025-12-10,13:30,15.3,10.6,75.0,SE,4.8,14.5,1023.37,0,0,1,163,,
2025-12-10,13:45,15.6,11.1,75.0,EAST,1.6,8.0,1023.16,0,0,1,142,,
2025-12-10,14:00,15.7,11.1,76.0,SE,1.6,12.9,1023.2,0,0,1,185,,
2025-12-10,14:15,15.8,11.1,74.0,SSE,11.3,17.7,1023.13,0,0,1,390,,
2025-12-10,14:30,15.6,11.7,77.0,ESE,4.8,11.3,1023.2,0,0,1,353,,
2025-12-10,14:45,15.8,11.7,78.0,SSE,14.5,12.9,1023.06,0,0,1,267,,
2025-12-10,15:00,15.4,11.7,80.0,SE,8.0,16.1,1023.16,0,0,0,130,,
2025-12-10,15:15,15.3,12.2,82.0,SSE,12.9,14.5,1023.13,0,0,0,84,,
2025-12-10,15:30,15.3,12.2,82.0,SE,8.0,14.5,1023.3,0,0,0,53,,
2025-12-10,15:45,15.5,12.8,83.0,SE,11.3,11.3,1023.23,0,0,0,197,,
2025-12-10,16:00,15.1,12.2,84.0,SE,6.4,16.1,1023.43,0,0,0,88,,
2025-12-10,16:15,14.9,12.2,84.0,SSE,8.0,19.3,1023.5,0,0,0,70,,
2025-12-10,16:30,14.7,11.7,84.0,SSE,4.8,16.1,1023.77,0,0,0,30,,
2025-12-10,16:45,14.4,11.7,85.0,SSE,4.8,11.3,1023.94,0,0,0,21,,
2025-12-10,17:00,14.2,11.7,85.0,SSE,8.0,14.5,1023.84,0,0,0,0,,
2025-12-10,17:15,13.9,11.7,86.0,SSE,6.4,16.1,1024.04,0,0,0,0,,
2025-12-10,17:30,13.7,11.1,86.0,SSE,8.0,12.9,1024.21,0,0,0,0,,
2025-12-10,17:45,13.5,11.1,87.0,SSE,8.0,12.9,1024.28,0,0,0,0,,
2025-12-10,18:00,13.5,11.1,87.0,SE,6.4,12.9,1024.45,0,0,0,0,,
2025-12-10,18:15,13.4,11.1,88.0,SE,11.3,12.9,1024.62,0,0,0,0,,
2025-12-10,18:30,13.5,11.1,88.0,SE,12.9,14.5,1024.65,0,0,0,0,,
2025-12-10,18:45,13.5,11.7,89.0,SE,6.4,14.5,1024.62,0,0,0,0,,
2025-12-10,19:00,13.5,11.7,89.0,SE,8.0,12.9,1024.59,0,0,0,0,,
2025-12-10,19:15,13.4,11.7,89.0,SSE,9.7,16.1,1024.82,0,0,0,0,,
2025-12-10,19:30,13.4,11.7,90.0,SE,14.5,14.5,1024.62,0,0,0,0,,
2025-12-10,19:45,13.4,11.7,90.0,SE,14.5,16.1,1024.72,0,0,0,0,,
2025-12-10,20:00,13.4,11.7,90.0,SE,6.4,16.1,1024.79,0,0,0,0,,
2025-12-10,20:15,13.3,11.7,90.0,SE,12.9,16.1,1024.99,0,0,0,0,,
2025-12-10,20:30,13.3,11.7,90.0,ESE,4.8,16.1,1024.96,0,0,0,0,,
2025-12-10,20:45,13.2,11.7,90.0,ESE,8.0,12.9,1025.13,0,0,0,0,,
2025-12-10,21:00,13.2,11.7,90.0,SE,3.2,11.3,1024.96,0,0,0,0,,
2025-12-10,21:15,13.2,11.7,90.0,ESE,9.7,9.7,1024.89,0,0,0,0,,
2025-12-10,21:30,12.7,11.1,90.0,EAST,4.8,11.3,1025.06,0,0,0,0,,
2025-12-10,21:45,12.1,10.6,90.0,ESE,3.2,6.4,1025.03,0,0,0,0,,
2025-12-10,22:00,11.6,10.0,90.0,ESE,6.4,9.7,1025.09,0,0,0,0,,
2025-12-10,22:15,11.3,9.4,90.0,ESE,4.8,9.7,1025.13,0,0,0,0,,
2025-12-10,22:30,11.0,9.4,90.0,ESE,4.8,9.7,1025.16,0,0,0,0,,
2025-12-10,22:45,10.9,8.9,90.0,EAST,6.4,11.3,1025.13,0,0,0,0,,
2025-12-10,23:00,11.0,9.4,90.0,ESE,6.4,14.5,1024.99,0,0,0,0,,
2025-12-10,23:15,11.0,8.9,89.0,EAST,6.4,11.3,1025.09,0,0,0,0,,
2025-12-10,23:30,10.9,8.9,89.0,ESE,6.4,11.3,1024.99,0,0,0,0,,
2025-12-10,23:45,10.7,8.9,89.0,ESE,8.0,11.3,1024.96,0,0,0,0,,
2025-12-11,00:00,10.8,8.9,89.0,ESE,8.0,11.3,1024.92,0,0,0,0,,
2025-12-11,00:15,10.8,8.9,89.0,ESE,9.7,11.3,1024.89,0,0,0,0,,
2025-12-11,00:30,10.8,8.9,89.0,ESE,6.4,11.3,1024.89,0,0,0,0,,
2025-12-11,00:45,10.9,8.9,89.0,SE,6.4,11.3,1024.62,0,0,0,0,,
2025-12-11,01:00,10.9,8.9,89.0,ESE,4.8,11.3,1024.69,0,0,0,0,,
2025-12-11,01:15,10.8,8.9,89.0,ESE,9.7,11.3,1024.52,0,0,0,0,,
2025-12-11,01:30,10.8,8.9,89.0,SE,6.4,11.3,1024.48,0,0,0,0,,
2025-12-11,01:45,10.8,8.9,89.0,SE,6.4,11.3,1024.35,0,0,0,0,,
2025-12-11,02:00,10.5,8.9,89.0,ESE,4.8,11.3,1024.59,0,0,0,0,,
2025-12-11,02:15,10.3,8.3,89.0,ESE,3.2,9.7,1024.59,0,0,0,0,,
2025-12-11,02:30,10.2,8.3,89.0,ESE,4.8,9.7,1024.62,0,0,0,0,,
2025-12-11,02:45,10.2,8.3,89.0,ESE,4.8,9.7,1024.62,0,0,0,0,,
2025-12-11,03:00,10.2,8.3,89.0,ESE,6.4,9.7,1024.59,0,0,0,0,,
2025-12-11,03:15,10.3,8.3,90.0,ESE,4.8,11.3,1024.52,0,0,0,0,,
2025-12-11,03:30,10.4,8.3,90.0,ESE,11.3,11.3,1024.35,0,0,0,0,,
2025-12-11,03:45,10.4,8.3,90.0,ESE,9.7,11.3,1024.38,0,0,0,0,,
2025-12-11,04:00,10.3,8.3,90.0,ESE,6.4,11.3,1024.11,0,0,0,0,,
2025-12-11,04:15,10.2,8.3,90.0,ESE,6.4,9.7,1024.18,0,0,0,0,,
2025-12-11,04:30,10.5,8.9,90.0,EAST,6.4,6.4,1023.94,0,0,0,0,,
2025-12-11,04:45,10.8,8.9,90.0,EAST,9.7,12.9,1023.74,0,0,0,0,,
2025-12-11,05:00,10.8,8.9,89.0,EAST,6.4,12.9,1023.94,0,0,0,0,,
2025-12-11,05:15,10.8,8.9,89.0,EAST,4.8,11.3,1023.71,0,0,0,0,,
2025-12-11,05:30,10.9,8.9,89.0,ESE,4.8,11.3,1023.77,0,0,0,0,,
2025-12-11,05:45,10.9,8.9,88.0,EAST,4.8,11.3,1023.91,0,0,0,0,,
2025-12-11,06:00,10.9,8.9,88.0,ESE,6.4,12.9,1023.67,0,0,0,0,,
2025-12-11,06:15,11.1,8.9,88.0,EAST,4.8,12.9,1023.81,0,0,0,0,,
2025-12-11,06:30,11.2,8.9,87.0,ESE,11.3,11.3,1024.04,0,0,0,0,,
2025-12-11,06:45,11.1,8.9,87.0,EAST,11.3,12.9,1023.91,0,0,0,0,,
2025-12-11,07:00,11.0,8.9,87.0,EAST,9.7,12.9,1023.91,0,0,0,0,,
2025-12-11,07:15,10.9,8.3,87.0,EAST,6.4,12.9,1023.94,0,0,0,0,,
2025-12-11,07:30,10.7,8.3,87.0,EAST,11.3,12.9,1024.01,0,0,0,0,,
2025-12-11,07:45,10.6,8.3,87.0,ESE,4.8,11.3,1024.04,0,0,0,7,,
2025-12-11,08:00,10.6,8.3,87.0,ESE,4.8,11.3,1023.84,0,0,0,18,,
2025-12-11,08:15,10.8,8.3,87.0,ESE,9.7,12.9,1024.04,0,0,0,23,,
2025-12-11,08:30,11.0,8.9,87.0,ESE,8.0,12.9,1024.35,0,0,0,37,,
2025-12-11,08:45,11.2,8.9,87.0,ESE,8.0,9.7,1024.31,0,0,0,42,,
2025-12-11,09:00,12.4,9.4,84.0,ESE,4.8,14.5,1024.45,0,0,0,202,,
2025-12-11,09:15,12.7,9.4,83.0,NORTH,0.0,11.3,1024.45,0,0,0,244,,
2025-12-11,09:30,12.8,10.0,83.0,NORTH,0.0,4.8,1024.31,0,0,1,285,,
2025-12-11,09:45,13.3,10.0,81.0,ENE,4.8,8.0,1024.45,0,0,1,322,,
2025-12-11,10:00,13.6,10.0,80.0,EAST,4.8,11.3,1024.65,0,0,1,352,,
2025-12-11,10:15,13.5,10.0,80.0,ESE,4.8,12.9,1024.45,0,0,1,383,,
2025-12-11,10:30,13.9,10.6,80.0,ENE,3.2,12.9,1024.52,0,0,1,411,,
2025-12-11,10:45,14.2,10.6,79.0,ESE,4.8,12.9,1024.31,0,0,1,436,,
2025-12-11,11:00,14.4,10.6,78.0,SE,6.4,14.5,1024.18,0,0,2,487,,
2025-12-11,11:15,13.9,10.0,79.0,SE,12.9,17.7,1024.04,0,0,1,278,,
2025-12-11,11:30,14.1,10.6,79.0,SSE,20.9,19.3,1023.91,0,0,1,271,,
2025-12-11,11:45,14.0,10.0,79.0,SE,6.4,19.3,1023.77,0,0,2,323,,
2025-12-11,12:00,14.3,10.6,79.0,ESE,4.8,14.5,1023.71,0,0,1,181,,
2025-12-11,12:15,14.0,10.6,80.0,ESE,4.8,11.3,1023.6,0,0,1,306,,
2025-12-11,12:30,14.2,10.6,79.0,SE,8.0,20.9,1023.3,0,0,1,121,,
2025-12-11,12:45,14.3,10.6,80.0,SSE,9.7,12.9,1023.13,0,0,1,260,,
2025-12-11,13:00,14.8,11.1,79.0,NORTH,0.0,16.1,1022.99,0,0,1,657,,
2025-12-11,13:15,14.3,10.6,79.0,SE,9.7,16.1,1022.86,0,0,1,111,,
2025-12-11,13:30,14.9,11.1,78.0,EAST,1.6,11.3,1022.76,0,0,1,564,,
2025-12-11,13:45,14.7,10.6,78.0,SSE,6.4,14.5,1022.82,0,0,1,253,,
2025-12-11,14:00,14.9,11.1,78.0,ESE,1.6,9.7,1022.82,0,0,1,404,,
2025-12-11,14:15,14.9,11.1,78.0,SE,8.0,17.7,1022.59,0,0,1,410,,
2025-12-11,14:30,15.4,11.7,78.0,SSE,4.8,9.7,1022.52,0,0,1,418,,
2025-12-11,14:45,15.1,11.1,79.0,NORTH,0.0,14.5,1022.52,0,0,1,316,,
2025-12-11,15:00,15.1,11.1,78.0,SE,4.8,14.5,1022.62,0,0,1,285,,
2025-12-11,15:15,15.3,11.1,78.0,SSE,1.6,9.7,1022.62,0,0,0,243,,
2025-12-11,15:30,15.2,11.1,78.0,NORTH,0.0,4.8,1022.59,0,0,0,171,,
2025-12-11,15:45,15.1,11.1,77.0,NORTH,0.0,8.0,1022.79,0,0,0,69,,
2025-12-11,16:00,14.8,11.1,79.0,SOUTH,1.6,1.6,1022.59,0,0,0,40,,
2025-12-11,16:15,14.2,10.6,81.0,NORTH,0.0,3.2,1022.66,0,0,0,62,,
2025-12-11,16:30,14.0,10.6,81.0,NORTH,0.0,3.2,1022.66,0,0,0,25,,
2025-12-11,16:45,13.7,10.6,81.0,NORTH,0.0,3.2,1022.89,0,0,0,11,,
2025-12-11,17:00,12.9,10.0,82.0,SOUTH,1.6,4.8,1022.79,0,0,0,0,,
2025-12-11,17:15,12.3,9.4,84.0,SOUTH,3.2,4.8,1022.86,0,0,0,0,,
2025-12-11,17:30,12.3,9.4,85.0,SOUTH,6.4,8.0,1022.99,0,0,0,0,,
2025-12-11,17:45,12.2,9.4,86.0,SSE,6.4,8.0,1022.96,0,0,0,0,,
2025-12-11,18:00,11.6,8.9,85.0,SSE,6.4,8.0,1023.03,0,0,0,0,,
2025-12-11,18:15,11.8,9.4,87.0,SSE,6.4,11.3,1023.1,0,0,0,0,,
2025-12-11,18:30,12.1,10.0,87.0,SE,11.3,12.9,1022.93,0,0,0,0,,
2025-12-11,18:45,11.9,9.4,87.0,SE,11.3,14.5,1023.06,0,0,0,0,,
2025-12-11,19:00,11.9,9.4,87.0,SE,11.3,12.9,1023.23,0,0,0,0,,
2025-12-11,19:15,11.9,9.4,87.0,SE,8.0,14.5,1023.2,0,0,0,0,,
2025-12-11,19:30,11.9,10.0,87.0,SE,12.9,16.1,1023.3,0,0,0,0,,
2025-12-11,19:45,12.2,10.0,87.0,SE,11.3,16.1,1023.33,0,0,0,0,,
2025-12-11,20:00,12.3,10.0,87.0,SE,11.3,16.1,1023.33,0,0,0,0,,
2025-12-11,20:15,12.4,10.0,87.0,SE,11.3,12.9,1023.33,0,0,0,0,,
2025-12-11,20:30,12.3,10.0,87.0,SE,8.0,16.1,1023.3,0,0,0,0,,
2025-12-11,20:45,12.3,10.0,87.0,SE,6.4,16.1,1023.5,0,0,0,0,,
2025-12-11,21:00,12.2,10.0,87.0,ESE,6.4,12.9,1023.33,0,0,0,0,,
2025-12-11,21:15,12.3,10.0,87.0,ESE,12.9,14.5,1023.23,0,0,0,0,,
2025-12-11,21:30,12.3,10.0,87.0,SE,12.9,14.5,1023.47,0,0,0,0,,
2025-12-11,21:45,12.2,10.0,87.0,ESE,11.3,16.1,1023.3,0,0,0,0,,
2025-12-11,22:00,12.0,10.0,87.0,SE,4.8,11.3,1023.37,0,0,0,0,,
2025-12-11,22:15,11.6,9.4,87.0,ESE,4.8,9.7,1023.5,0,0,0,0,,
2025-12-11,22:30,11.5,9.4,87.0,ESE,6.4,9.7,1023.3,0,0,0,0,,
2025-12-11,22:45,11.4,9.4,88.0,ESE,3.2,9.7,1023.47,0,0,0,0,,
2025-12-11,23:00,11.2,8.9,88.0,ESE,4.8,6.4,1023.54,0,0,0,0,,
2025-12-11,23:15,10.9,8.9,88.0,ESE,6.4,6.4,1023.47,0,0,0,0,,
2025-12-11,23:30,10.9,8.9,88.0,ESE,9.7,11.3,1023.5,0,0,0,0,,
2025-12-11,23:45,10.9,8.9,88.0,ESE,6.4,9.7,1023.2,0,0,0,0,,
2025-12-12,00:00,11.0,8.9,88.0,ESE,4.8,11.3,1023.27,0,0,0,0,,
2025-12-12,00:15,11.0,8.9,88.0,ESE,6.4,6.4,1023.06,0,0,0,0,,
2025-12-12,00:30,11.0,8.9,88.0,ESE,6.4,9.7,1023.06,0,0,0,0,,
2025-12-12,00:45,10.9,8.9,88.0,ESE,4.8,6.4,1023.06,0,0,0,0,,
2025-12-12,01:00,11.1,8.9,88.0,ESE,4.8,6.4,1022.89,0,0,0,0,,
2025-12-12,01:15,11.2,8.9,88.0,SE,8.0,11.3,1022.69,0,0,0,0,,
2025-12-12,01:30,11.2,8.9,88.0,ESE,6.4,11.3,1022.66,0,0,0,0,,
2025-12-12,01:45,10.7,8.3,87.0,ESE,6.4,9.7,1022.49,0,0,0,0,,
2025-12-12,02:00,10.2,8.3,88.0,ESE,4.8,11.3,1022.52,0,0,0,0,,
2025-12-12,02:15,9.9,7.8,88.0,ESE,4.8,9.7,1022.49,0,0,0,0,,
2025-12-12,02:30,9.8,7.8,88.0,SE,4.8,11.3,1022.55,0,0,0,0,,
2025-12-12,02:45,9.8,7.8,89.0,ESE,6.4,12.9,1022.45,0,0,0,0,,
2025-12-12,03:00,9.7,7.8,89.0,SE,11.3,12.9,1022.22,0,0,0,0,,
2025-12-12,03:15,9.5,7.8,89.0,ESE,4.8,11.3,1022.08,0,0,0,0,,
2025-12-12,03:30,9.5,7.8,89.0,ESE,6.4,11.3,1022.25,0,0,0,0,,
2025-12-12,03:45,9.3,7.8,89.0,ESE,6.4,11.3,1022.05,0,0,0,0,,
2025-12-12,04:00,9.2,7.2,89.0,ESE,4.8,11.3,1022.18,0,0,0,0,,
2025-12-12,04:15,9.1,7.2,90.0,ESE,4.8,11.3,1022.08,0,0,0,0,,
2025-12-12,04:30,9.2,7.2,90.0,ESE,6.4,11.3,1021.91,0,0,0,0,,
2025-12-12,04:45,9.1,7.2,90.0,ESE,4.8,11.3,1021.74,0,0,0,0,,
2025-12-12,05:00,9.1,7.2,90.0,ESE,4.8,11.3,1021.88,0,0,0,0,,
2025-12-12,05:15,8.8,7.2,90.0,EAST,6.4,11.3,1021.84,0,0,0,0,,
2025-12-12,05:30,8.7,7.2,90.0,ESE,6.4,11.3,1021.81,0,0,0,0,,
2025-12-12,05:45,8.6,6.7,90.0,ESE,4.8,9.7,1021.78,0,0,0,0,,
2025-12-12,06:00,8.6,6.7,90.0,ESE,3.2,9.7,1021.67,0,0,0,0,,
2025-12-12,06:15,8.6,6.7,90.0,ESE,3.2,9.7,1021.64,0,0,0,0,,
2025-12-12,06:30,8.6,6.7,90.0,ESE,4.8,6.4,1021.81,0,0,0,0,,
2025-12-12,06:45,8.8,7.2,91.0,ESE,4.8,9.7,1021.81,0,0,0,0,,
2025-12-12,07:00,8.9,7.2,91.0,ESE,4.8,9.7,1021.98,0,0,0,0,,
2025-12-12,07:15,8.8,7.2,91.0,ESE,6.4,6.4,1021.88,0,0,0,0,,
2025-12-12,07:30,8.8,7.2,90.0,ESE,9.7,9.7,1021.91,0,0,0,0,,
2025-12-12,07:45,8.8,7.2,90.0,EAST,4.8,9.7,1022.01,0,0,0,7,,
2025-12-12,08:00,8.7,7.2,90.0,EAST,4.8,9.7,1022.15,0,0,0,12,,
2025-12-12,08:15,9.1,7.2,90.0,EAST,6.4,12.9,1022.28,0,0,0,69,,
2025-12-12,08:30,9.6,7.8,89.0,EAST,8.0,11.3,1022.11,0,0,0,107,,
2025-12-12,08:45,9.9,7.8,88.0,ENE,3.2,11.3,1022.28,0,0,0,156,,
2025-12-12,09:00,10.3,8.3,88.0,EAST,3.2,11.3,1022.25,0,0,0,202,,
2025-12-12,09:15,10.4,8.3,87.0,ESE,8.0,11.3,1022.35,0,0,0,243,,
2025-12-12,09:30,11.1,8.9,87.0,ESE,4.8,9.7,1022.55,0,0,1,283,,
2025-12-12,09:45,12.1,9.4,85.0,EAST,3.2,11.3,1022.72,0,0,1,318,,
2025-12-12,10:00,12.6,9.4,83.0,NORTH,0.0,11.3,1022.89,0,0,1,353,,
2025-12-12,10:15,12.8,9.4,81.0,EAST,6.4,12.9,1023.1,0,0,1,381,,
2025-12-12,10:30,13.1,9.4,81.0,ENE,6.4,12.9,1023.03,0,0,1,408,,
2025-12-12,10:45,13.4,10.0,80.0,ENE,4.8,11.3,1022.99,0,0,1,432,,
2025-12-12,11:00,13.6,10.0,79.0,ENE,6.4,16.1,1022.86,0,0,1,452,,
2025-12-12,11:15,13.8,10.0,78.0,ESE,11.3,17.7,1022.55,0,0,2,469,,
2025-12-12,11:30,14.0,10.0,77.0,EAST,14.5,19.3,1022.45,0,0,2,480,,
2025-12-12,11:45,14.3,10.0,75.0,ENE,8.0,17.7,1022.49,0,0,2,489,,
2025-12-12,12:00,14.9,10.0,73.0,ESE,6.4,16.1,1022.35,0,0,2,501,,
2025-12-12,12:15,15.1,10.6,74.0,SE,19.3,17.7,1022.18,0,0,2,555,,
2025-12-12,12:30,14.8,10.0,73.0,NE,8.0,20.9,1021.94,0,0,1,134,,
2025-12-12,12:45,14.4,10.0,74.0,ENE,8.0,14.5,1021.84,0,0,2,181,,
2025-12-12,13:00,15.5,10.6,72.0,ESE,11.3,16.1,1021.64,0,0,2,568,,
2025-12-12,13:15,15.6,10.0,70.0,EAST,14.5,19.3,1021.44,0,0,2,578,,
2025-12-12,13:30,15.1,9.4,70.0,SSE,8.0,19.3,1021.2,0,0,1,76,,
2025-12-12,13:45,15.1,10.0,72.0,EAST,9.7,20.9,1021.1,0,0,1,446,,
2025-12-12,14:00,14.9,10.0,72.0,ESE,6.4,17.7,1021.13,0,0,1,102,,
2025-12-12,14:15,14.8,9.4,71.0,ESE,11.3,22.5,1021.06,0,0,1,146,,
2025-12-12,14:30,15.3,9.4,68.0,ESE,9.7,17.7,1021,0,0,1,176,,
2025-12-12,14:45,15.4,9.4,68.0,ESE,9.7,20.9,1021.23,0,0,1,346,,
2025-12-12,15:00,15.0,9.4,69.0,ESE,11.3,16.1,1021.3,0,0,0,58,,
2025-12-12,15:15,14.5,9.4,72.0,ESE,6.4,11.3,1021.13,0,0,0,79,,
2025-12-12,15:30,14.6,9.4,71.0,ESE,9.7,12.9,1021.23,0,0,0,109,,
2025-12-12,15:45,14.7,9.4,72.0,ESE,6.4,12.9,1021.2,0,0,0,86,,
2025-12-12,16:00,14.4,9.4,72.0,ESE,3.2,9.7,1021.13,0,0,0,107,,
2025-12-12,16:15,14.6,9.4,72.0,ESE,11.3,16.1,1021.13,0,0,0,60,,
2025-12-12,16:30,14.3,9.4,73.0,EAST,4.8,14.5,1021.2,0,0,0,16,,
2025-12-12,16:45,13.8,8.9,73.0,EAST,4.8,9.7,1021.27,0,0,0,11,,
2025-12-12,17:00,13.5,8.9,74.0,EAST,4.8,12.9,1021.33,0,0,0,0,,
2025-12-12,17:15,13.2,8.9,75.0,ESE,4.8,9.7,1021.33,0,0,0,0,,
2025-12-12,17:30,12.9,8.9,76.0,ESE,11.3,17.7,1021.33,0,0,0,0,,
2025-12-12,17:45,12.8,8.9,76.0,ESE,9.7,20.9,1021.37,0,0,0,0,,
2025-12-12,18:00,12.6,8.3,77.0,ESE,11.3,12.9,1021.57,0,0,0,0,,
2025-12-12,18:15,12.4,8.3,78.0,ESE,11.3,16.1,1021.71,0,0,0,0,,
2025-12-12,18:30,12.3,8.3,79.0,ESE,6.4,17.7,1021.67,0,0,0,0,,
2025-12-12,18:45,12.3,8.9,80.0,ENE,8.0,20.9,1021.84,0,0,0,0,,
2025-12-12,19:00,12.2,8.9,80.0,ENE,8.0,19.3,1022.15,0,0,0,0,,
2025-12-12,19:15,11.9,8.3,81.0,EAST,11.3,17.7,1022.28,0,0,0,0,,
2025-12-12,19:30,11.6,8.3,81.0,EAST,9.7,17.7,1022.35,0,0,0,0,,
2025-12-12,19:45,11.5,8.3,82.0,EAST,11.3,14.5,1022.28,0,0,0,0,,
2025-12-12,20:00,11.4,8.3,82.0,ESE,9.7,12.9,1022.52,0,0,0,0,,
2025-12-12,20:15,11.6,8.3,81.0,EAST,11.3,16.1,1022.62,0,0,0,0,,
2025-12-12,20:30,11.6,8.3,81.0,EAST,11.3,12.9,1022.72,0,0,0,0,,
2025-12-12,20:45,11.6,8.3,81.0,ENE,19.3,20.9,1022.79,0,0,0,0,,
2025-12-12,21:00,11.9,8.9,81.0,EAST,12.9,20.9,1022.86,0,0,0,0,,
2025-12-12,21:15,11.5,8.3,82.0,ENE,12.9,17.7,1022.82,0,0,0,0,,
2025-12-12,21:30,11.2,8.3,83.0,EAST,14.5,16.1,1023.16,0,0,0,0,,
2025-12-12,21:45,11.3,8.3,84.0,ENE,8.0,17.7,1023.16,0,0,0,0,,
2025-12-12,22:00,11.5,8.9,84.0,EAST,16.1,19.3,1023.13,0,0,0,0,,
2025-12-12,22:15,11.6,8.9,84.0,ENE,9.7,19.3,1023.03,0,0,0,0,,
2025-12-12,22:30,11.6,8.9,84.0,ENE,14.5,19.3,1023.2,0,0,0,0,,
2025-12-12,22:45,11.4,8.9,84.0,ENE,14.5,19.3,1023.16,0,0,0,0,,
2025-12-12,23:00,11.2,8.3,85.0,ENE,12.9,17.7,1023.33,0,0,0,0,,
2025-12-12,23:15,11.2,8.9,85.0,ENE,14.5,17.7,1023.33,0,0,0,0,,
2025-12-12,23:30,11.1,8.3,85.0,EAST,11.3,17.7,1023.33,0,0,0,0,,
2025-12-12,23:45,11.1,8.3,86.0,ENE,14.5,16.1,1023.23,0,0,0,0,,
2025-12-13,00:00,11.2,8.9,86.0,ENE,16.1,16.1,1023.23,0,0,0,0,,
2025-12-13,00:15,11.3,8.9,85.0,ENE,9.7,17.7,1023.27,0,0,0,0,,
2025-12-13,00:30,11.6,8.9,84.0,EAST,14.5,16.1,1023.2,0,0,0,0,,
2025-12-13,00:45,11.8,8.9,83.0,ENE,9.7,17.7,1023.2,0,0,0,0,,
2025-12-13,01:00,11.8,8.9,83.0,ENE,9.7,16.1,1023.27,0,0,0,0,,
2025-12-13,01:15,11.8,8.9,82.0,ENE,8.0,16.1,1023.23,0,0,0,0,,
2025-12-13,01:30,11.8,8.9,82.0,ENE,14.5,16.1,1023.33,0,0,0,0,,
2025-12-13,01:45,11.6,8.3,82.0,EAST,8.0,14.5,1023.43,0,0,0,0,,
2025-12-13,02:00,11.6,8.3,83.0,ENE,12.9,14.5,1023.47,0,0,0,0,,
2025-12-13,02:15,11.5,8.3,83.0,ENE,9.7,14.5,1023.47,0,0,0,0,,
2025-12-13,02:30,11.6,8.3,82.0,EAST,11.3,14.5,1023.43,0,0,0,0,,
2025-12-13,02:45,11.8,8.3,80.0,EAST,4.8,14.5,1023.5,0,0,0,0,,
2025-12-13,03:00,11.8,8.3,79.0,EAST,8.0,14.5,1023.54,0,0,0,0,,
2025-12-13,03:15,11.9,8.3,79.0,ENE,9.7,16.1,1023.6,0,0,0,0,,
2025-12-13,03:30,11.8,7.8,78.0,ENE,12.9,19.3,1023.54,0,0,0,0,,
2025-12-13,03:45,11.8,7.8,78.0,EAST,11.3,17.7,1023.33,0,0,0,0,,
2025-12-13,04:00,11.8,7.8,78.0,ENE,12.9,16.1,1023.3,0,0,0,0,,
2025-12-13,04:15,11.8,7.8,78.0,EAST,6.4,16.1,1023.37,0,0,0,0,,
2025-12-13,04:30,11.8,7.8,77.0,EAST,16.1,17.7,1023.13,0,0,0,0,,
2025-12-13,04:45,11.9,7.8,76.0,EAST,4.8,17.7,1023.27,0,0,0,0,,
2025-12-13,05:00,11.9,7.8,76.0,ENE,12.9,19.3,1023.33,0,0,0,0,,
2025-12-13,05:15,11.7,7.8,76.0,EAST,12.9,19.3,1023.4,0,0,0,0,,
2025-12-13,05:30,11.6,7.2,76.0,EAST,12.9,19.3,1023.6,0,0,0,0,,
2025-12-13,05:45,11.6,7.2,76.0,ENE,12.9,19.3,1023.4,0,0,0,0,,
2025-12-13,06:00,11.6,7.2,76.0,ESE,11.3,16.1,1023.74,0,0,0,0,,
2025-12-13,06:15,11.6,7.2,76.0,EAST,6.4,16.1,1023.87,0,0,0,0,,
2025-12-13,06:30,11.6,7.2,76.0,EAST,8.0,14.5,1024.01,0,0,0,0,,
2025-12-13,06:45,11.7,7.2,76.0,EAST,8.0,16.1,1024.18,0,0,0,0,,
2025-12-13,07:00,11.6,7.2,76.0,EAST,11.3,12.9,1024.28,0,0,0,0,,
2025-12-13,07:15,11.7,7.2,76.0,ESE,4.8,14.5,1024.38,0,0,0,0,,
2025-12-13,07:30,11.7,7.2,76.0,ENE,11.3,12.9,1024.45,0,0,0,0,,
2025-12-13,07:45,11.7,7.2,75.0,EAST,11.3,14.5,1024.62,0,0,0,7,,
2025-12-13,08:00,11.6,7.2,76.0,EAST,12.9,16.1,1024.69,0,0,0,26,,
2025-12-13,08:15,11.7,7.2,76.0,EAST,9.7,14.5,1024.72,0,0,0,56,,
2025-12-13,08:30,12.1,7.8,76.0,EAST,12.9,16.1,1025.03,0,0,0,111,,
2025-12-13,08:45,12.1,7.8,76.0,EAST,12.9,17.7,1024.89,0,0,0,146,,
2025-12-13,09:00,12.1,7.8,76.0,EAST,6.4,16.1,1025.03,0,0,0,193,,
2025-12-13,09:15,12.4,8.3,76.0,EAST,12.9,12.9,1024.99,0,0,0,236,,
2025-12-13,09:30,12.8,8.3,76.0,EAST,9.7,14.5,1025.33,0,0,1,274,,
2025-12-13,09:45,13.0,8.9,76.0,EAST,6.4,14.5,1025.57,0,0,1,309,,
2025-12-13,10:00,13.6,8.9,74.0,ESE,14.5,16.1,1025.64,0,0,1,341,,
2025-12-13,10:15,13.9,9.4,74.0,EAST,16.1,17.7,1025.8,0,0,1,371,,
2025-12-13,10:30,14.1,9.4,75.0,EAST,9.7,17.7,1025.87,0,0,1,403,,
2025-12-13,10:45,14.4,9.4,74.0,ESE,9.7,16.1,1025.74,0,0,1,424,,
2025-12-13,11:00,14.9,10.0,74.0,EAST,4.8,19.3,1025.77,0,0,1,446,,
2025-12-13,11:15,15.1,10.6,74.0,ESE,11.3,14.5,1025.87,0,0,2,461,,
2025-12-13,11:30,15.1,10.6,74.0,SE,11.3,12.9,1025.5,0,0,2,473,,
2025-12-13,11:45,15.1,10.6,74.0,SE,6.4,16.1,1025.74,0,0,2,483,,
2025-12-13,12:00,15.3,10.0,73.0,SE,11.3,16.1,1025.33,0,0,2,487,,
2025-12-13,12:15,15.6,10.6,71.0,EAST,6.4,14.5,1025.26,0,0,2,501,,
2025-12-13,12:30,15.8,10.6,72.0,EAST,8.0,12.9,1024.96,0,0,2,522,,
2025-12-13,12:45,15.9,10.6,70.0,EAST,9.7,14.5,1024.92,0,0,2,504,,
2025-12-13,13:00,15.4,10.0,71.0,ENE,6.4,16.1,1024.79,0,0,1,146,,
2025-12-13,13:15,15.4,10.0,71.0,SE,8.0,17.7,1024.72,0,0,1,104,,
2025-12-13,13:30,16.2,11.1,72.0,ESE,4.8,11.3,1024.62,0,0,1,547,,
2025-12-13,13:45,16.0,11.1,74.0,SSE,6.4,14.5,1024.55,0,0,1,520,,
2025-12-13,14:00,16.2,11.1,73.0,SE,14.5,16.1,1024.59,0,0,1,410,,
2025-12-13,14:15,15.9,11.1,74.0,SSE,8.0,16.1,1024.48,0,0,1,366,,
2025-12-13,14:30,15.8,11.1,75.0,SSE,9.7,17.7,1024.48,0,0,1,330,,
2025-12-13,14:45,15.8,11.1,74.0,SE,12.9,19.3,1024.48,0,0,1,299,,
2025-12-13,15:00,15.7,11.1,74.0,SSE,11.3,16.1,1024.69,0,0,1,267,,
2025-12-13,15:15,15.6,11.1,75.0,SE,8.0,16.1,1024.69,0,0,0,223,,
2025-12-13,15:30,15.6,11.1,75.0,SE,8.0,17.7,1024.62,0,0,0,183,,
2025-12-13,15:45,15.4,11.1,76.0,SE,12.9,17.7,1024.72,0,0,0,137,,
2025-12-13,16:00,15.0,11.1,77.0,SSE,12.9,20.9,1024.52,0,0,0,95,,
2025-12-13,16:15,14.7,10.6,78.0,SE,14.5,22.5,1024.62,0,0,0,56,,
2025-12-13,16:30,14.4,10.6,80.0,SE,8.0,17.7,1024.55,0,0,0,28,,
2025-12-13,16:45,14.0,10.6,80.0,SSE,9.7,16.1,1024.69,0,0,0,11,,
2025-12-13,17:00,13.7,10.6,81.0,SE,8.0,19.3,1024.82,0,0,0,0,,
2025-12-13,17:15,13.4,10.0,82.0,SE,16.1,20.9,1024.69,0,0,0,0,,
2025-12-13,17:30,13.3,10.6,83.0,SE,8.0,17.7,1024.99,0,0,0,0,,
2025-12-13,17:45,13.2,10.6,84.0,SE,11.3,19.3,1025.06,0,0,0,0,,
2025-12-13,18:00,13.1,10.6,85.0,SE,16.1,19.3,1025.26,0,0,0,0,,
2025-12-13,18:15,13.0,10.6,86.0,SE,12.9,17.7,1025.53,0,0,0,0,,
2025-12-13,18:30,12.9,10.6,86.0,SE,11.3,17.7,1025.47,0,0,0,0,,
2025-12-13,18:45,12.9,10.6,87.0,SE,6.4,19.3,1025.74,0,0,0,0,,
2025-12-13,19:00,12.9,10.6,87.0,SE,12.9,20.9,1025.77,0,0,0,0,,
2025-12-13,19:15,12.8,10.6,87.0,SSE,14.5,19.3,1025.84,0,0,0,0,,
2025-12-13,19:30,12.8,10.6,87.0,ESE,11.3,20.9,1025.84,0,0,0,0,,
2025-12-13,19:45,12.7,10.6,87.0,ESE,8.0,17.7,1025.64,0,0,0,0,,
2025-12-13,20:00,12.6,10.6,87.0,SE,11.3,17.7,1025.7,0,0,0,0,,
2025-12-13,20:15,12.3,10.0,87.0,ESE,8.0,16.1,1025.7,0,0,0,0,,
2025-12-13,20:30,12.3,10.0,88.0,SE,11.3,17.7,1025.87,0,0,0,0,,
2025-12-13,20:45,12.2,10.0,88.0,SE,8.0,17.7,1025.84,0,0,0,0,,
2025-12-13,21:00,11.9,10.0,87.0,ESE,6.4,14.5,1025.84,0,0,0,0,,
2025-12-13,21:15,11.9,9.4,87.0,ESE,3.2,9.7,1025.97,0,0,0,0,,
2025-12-13,21:30,11.6,9.4,87.0,ESE,3.2,9.7,1025.87,0,0,0,0,,
2025-12-13,21:45,11.3,8.9,87.0,ESE,3.2,6.4,1025.97,0,0,0,0,,
2025-12-13,22:00,10.8,8.9,88.0,ESE,4.8,11.3,1026.04,0,0,0,0,,
2025-12-13,22:15,10.7,8.3,88.0,SE,8.0,11.3,1026.01,0,0,0,0,,
2025-12-13,22:30,10.7,8.9,88.0,ESE,4.8,12.9,1026.08,0,0,0,0,,
2025-12-13,22:45,10.8,8.9,88.0,ESE,6.4,6.4,1026.04,0,0,0,0,,
2025-12-13,23:00,10.9,8.9,88.0,ESE,4.8,9.7,1026.14,0,0,0,0,,
2025-12-13,23:15,10.8,8.9,88.0,ESE,6.4,11.3,1026.28,0,0,0,0,,
2025-12-13,23:30,10.8,8.9,88.0,ESE,6.4,9.7,1026.38,0,0,0,0,,
2025-12-13,23:45,10.8,8.9,88.0,ESE,9.7,11.3,1026.35,0,0,0,0,,
2025-12-14,00:00,11.2,9.4,89.0,ESE,6.4,14.5,1026.35,0,0,0,0,,
2025-12-14,00:15,11.3,9.4,89.0,SE,11.3,14.5,1026.14,0,0,0,0,,
2025-12-14,00:30,11.6,9.4,88.0,SE,11.3,16.1,1025.94,0,0,0,0,,
2025-12-14,00:45,11.5,9.4,88.0,ESE,8.0,14.5,1026.04,0,0,0,0,,
2025-12-14,01:00,11.1,8.9,87.0,ESE,4.8,11.3,1025.94,0,0,0,0,,
2025-12-14,01:15,10.8,8.3,87.0,ESE,6.4,11.3,1026.08,0,0,0,0,,
2025-12-14,01:30,10.7,8.3,87.0,ESE,6.4,11.3,1025.94,0,0,0,0,,
2025-12-14,01:45,10.6,8.3,87.0,ESE,9.7,11.3,1026.14,0,0,0,0,,
2025-12-14,02:00,10.6,8.3,87.0,ESE,9.7,11.3,1026.18,0,0,0,0,,
2025-12-14,02:15,10.4,8.3,87.0,ESE,6.4,9.7,1026.21,0,0,0,0,,
2025-12-14,02:30,10.5,8.3,88.0,ESE,9.7,12.9,1026.01,0,0,0,0,,
2025-12-14,02:45,10.6,8.3,88.0,ESE,6.4,9.7,1026.04,0,0,0,0,,
2025-12-14,03:00,10.3,8.3,87.0,ESE,9.7,11.3,1026.08,0,0,0,0,,
2025-12-14,03:15,10.2,8.3,88.0,ESE,6.4,14.5,1026.04,0,0,0,0,,
2025-12-14,03:30,10.3,8.3,88.0,ESE,6.4,11.3,1026.25,0,0,0,0,,
2025-12-14,03:45,10.3,8.3,88.0,SE,8.0,12.9,1025.94,0,0,0,0,,
2025-12-14,04:00,10.1,7.8,88.0,ESE,3.2,11.3,1025.74,0,0,0,0,,
2025-12-14,04:15,9.8,7.8,88.0,ESE,6.4,6.4,1025.7,0,0,0,0,,
2025-12-14,04:30,9.6,7.8,88.0,ESE,3.2,9.7,1025.6,0,0,0,0,,
2025-12-14,04:45,9.5,7.8,89.0,ESE,8.0,11.3,1025.53,0,0,0,0,,
2025-12-14,05:00,9.4,7.8,89.0,SE,8.0,12.9,1025.6,0,0,0,0,,
2025-12-14,05:15,9.8,7.8,90.0,ESE,6.4,12.9,1025.53,0,0,0,0,,
2025-12-14,05:30,10.1,8.3,90.0,ESE,6.4,11.3,1025.5,0,0,0,0,,
2025-12-14,05:45,10.3,8.3,90.0,ESE,11.3,12.9,1025.4,0,0,0,0,,
2025-12-14,06:00,10.3,8.3,89.0,ESE,4.8,11.3,1025.53,0,0,0,0,,
2025-12-14,06:15,10.2,8.3,89.0,SE,8.0,12.9,1025.53,0,0,0,0,,
2025-12-14,06:30,10.2,8.3,89.0,ESE,4.8,12.9,1025.4,0,0,0,0,,
2025-12-14,06:45,10.1,8.3,89.0,ESE,9.7,14.5,1025.6,0,0,0,0,,
2025-12-14,07:00,10.0,8.3,89.0,ESE,6.4,16.1,1025.47,0,0,0,0,,
2025-12-14,07:15,9.9,7.8,89.0,ESE,8.0,12.9,1025.33,0,0,0,0,,
2025-12-14,07:30,9.8,7.8,89.0,ESE,6.4,12.9,1025.4,0,0,0,0,,
2025-12-14,07:45,9.7,7.8,89.0,ESE,4.8,9.7,1025.43,0,0,0,7,,
2025-12-14,08:00,9.8,7.8,89.0,ESE,6.4,12.9,1025.7,0,0,0,19,,
2025-12-14,08:15,10.2,8.3,89.0,ESE,4.8,12.9,1025.43,0,0,0,25,,
2025-12-14,08:30,10.2,8.3,89.0,ESE,8.0,11.3,1025.97,0,0,0,37,,
2025-12-14,08:45,10.5,8.3,88.0,ESE,6.4,11.3,1026.18,0,0,0,53,,
2025-12-14,09:00,10.6,8.3,88.0,ESE,4.8,14.5,1026.18,0,0,0,69,,
2025-12-14,09:15,10.8,8.9,88.0,ESE,8.0,11.3,1026.18,0,0,0,83,,
2025-12-14,09:30,11.2,8.9,88.0,ESE,9.7,12.9,1026.25,0,0,0,98,,
2025-12-14,09:45,11.7,9.4,86.0,ESE,11.3,12.9,1026.28,0,0,1,229,,
2025-12-14,10:00,12.0,9.4,84.0,EAST,3.2,19.3,1026.52,0,0,1,392,,
2025-12-14,10:15,12.5,9.4,83.0,EAST,6.4,16.1,1026.45,0,0,1,381,,
2025-12-14,10:30,12.7,9.4,83.0,EAST,6.4,14.5,1026.79,0,0,1,399,,
2025-12-14,10:45,13.3,10.0,82.0,SE,4.8,9.7,1026.82,0,0,1,283,,
2025-12-14,11:00,13.4,10.6,83.0,EAST,4.8,19.3,1026.62,0,0,1,156,,
2025-12-14,11:15,13.2,10.0,83.0,ENE,8.0,14.5,1026.52,0,0,1,308,,
2025-12-14,11:30,13.7,10.6,82.0,EAST,12.9,14.5,1026.35,0,0,2,541,,
2025-12-14,11:45,14.2,10.6,80.0,NE,6.4,16.1,1026.18,0,0,2,487,,
2025-12-14,12:00,14.4,10.6,80.0,ESE,8.0,14.5,1026.04,0,0,2,476,,
2025-12-14,12:15,14.6,10.6,79.0,EAST,14.5,16.1,1026.08,0,0,2,476,,
2025-12-14,12:30,14.3,10.0,77.0,EAST,4.8,20.9,1025.7,0,0,2,490,,
2025-12-14,12:45,14.6,10.6,77.0,EAST,6.4,20.9,1025.6,0,0,2,508,,
2025-12-14,13:00,14.9,10.6,77.0,SE,4.8,17.7,1025.53,0,0,1,162,,
2025-12-14,13:15,15.1,11.1,76.0,ESE,11.3,17.7,1025.13,0,0,1,341,,
2025-12-14,13:30,15.1,11.1,76.0,SSE,14.5,17.7,1025.16,0,0,1,357,,
2025-12-14,13:45,14.9,10.6,77.0,ESE,3.2,16.1,1025.33,0,0,1,357,,
2025-12-14,14:00,15.0,11.1,79.0,SSE,6.4,17.7,1024.92,0,0,1,313,,
2025-12-14,14:15,15.0,11.1,79.0,SE,11.3,19.3,1025.06,0,0,1,265,,
2025-12-14,14:30,15.1,11.1,79.0,SSE,8.0,17.7,1024.62,0,0,1,251,,
2025-12-14,14:45,15.1,11.1,79.0,SE,12.9,19.3,1024.62,0,0,1,272,,
2025-12-14,15:00,15.3,11.7,79.0,SE,8.0,17.7,1024.59,0,0,1,288,,
2025-12-14,15:15,14.8,11.1,80.0,ESE,9.7,17.7,1024.52,0,0,0,86,,
2025-12-14,15:30,14.7,11.1,81.0,SE,4.8,16.1,1024.62,0,0,0,105,,
2025-12-14,15:45,14.3,11.1,81.0,SE,8.0,19.3,1024.48,0,0,0,63,,
2025-12-14,16:00,13.9,10.6,83.0,SE,11.3,17.7,1024.48,0,0,0,63,,
2025-12-14,16:15,13.7,10.6,84.0,SE,12.9,17.7,1024.42,0,0,0,47,,
2025-12-14,16:30,13.4,10.6,84.0,SE,16.1,17.7,1024.31,0,0,0,28,,
2025-12-14,16:45,13.3,10.6,85.0,SE,16.1,17.7,1024.52,0,0,0,12,,
2025-12-14,17:00,13.2,10.6,85.0,SE,4.8,16.1,1024.35,0,0,0,0,,
2025-12-14,17:15,13.0,10.6,85.0,SE,12.9,16.1,1024.38,0,0,0,0,,
2025-12-14,17:30,12.8,10.0,85.0,ESE,8.0,12.9,1024.15,0,0,0,0,,
2025-12-14,17:45,12.7,10.0,85.0,ESE,12.9,19.3,1024.25,0,0,0,0,,
2025-12-14,18:00,12.7,10.0,85.0,ESE,16.1,14.5,1024.21,0,0,0,0,,
2025-12-14,18:15,12.6,10.0,84.0,ESE,11.3,17.7,1024.35,0,0,0,0,,
2025-12-14,18:30,12.3,9.4,84.0,EAST,3.2,14.5,1024.35,0,0,0,0,,
2025-12-14,18:45,12.1,9.4,84.0,EAST,12.9,16.1,1024.38,0,0,0,0,,
2025-12-14,19:00,12.0,9.4,85.0,ESE,4.8,19.3,1024.45,0,0,0,0,,
2025-12-14,19:15,11.9,9.4,85.0,EAST,12.9,20.9,1024.42,0,0,0,0,,
2025-12-14,19:30,11.9,9.4,86.0,EAST,11.3,20.9,1024.59,0,0,0,0,,
2025-12-14,19:45,11.9,9.4,86.0,EAST,11.3,22.5,1024.82,0,0,0,0,,
2025-12-14,20:00,11.8,9.4,86.0,EAST,11.3,14.5,1024.92,0,0,0,0,,
2025-12-14,20:15,11.6,9.4,87.0,EAST,6.4,16.1,1024.79,0,0,0,0,,
2025-12-14,20:30,11.6,9.4,87.0,ENE,6.4,17.7,1024.79,0,0,0,0,,
2025-12-14,20:45,11.7,9.4,87.0,EAST,11.3,16.1,1024.79,0,0,0,0,,
2025-12-14,21:00,11.8,9.4,87.0,EAST,11.3,22.5,1024.82,0,0,0,0,,
2025-12-14,21:15,11.8,9.4,87.0,EAST,12.9,24.1,1024.69,0,0,0,0,,
2025-12-14,21:30,11.8,9.4,88.0,ESE,12.9,20.9,1024.69,0,0,0,0,,
2025-12-14,21:45,11.9,9.4,87.0,ESE,9.7,25.7,1024.76,0,0,0,0,,
2025-12-14,22:00,12.1,10.0,87.0,ESE,11.3,20.9,1024.59,0,0,0,0,,
2025-12-14,22:15,12.1,10.0,87.0,ENE,20.9,22.5,1024.38,0,0,0,0,,
2025-12-14,22:30,11.9,9.4,87.0,ESE,11.3,22.5,1024.31,0,0,0,0,,
2025-12-14,22:45,11.9,9.4,87.0,EAST,14.5,25.7,1024.52,0,0,0,0,,
2025-12-14,23:00,12.1,10.0,87.0,EAST,12.9,27.4,1024.35,0,0,0,0,,
2025-12-14,23:15,12.2,10.0,87.0,EAST,12.9,25.7,1024.45,0,0,0,0,,
2025-12-14,23:30,12.1,10.0,87.0,EAST,3.2,27.4,1024.28,0,0,0,0,,
2025-12-14,23:45,12.1,10.0,87.0,EAST,12.9,22.5,1024.31,0,0,0,0,,
2025-12-15,00:00,12.2,10.0,87.0,ESE,9.7,20.9,1024.35,0,0,0,0,,
2025-12-15,00:15,12.1,10.0,87.0,ENE,14.5,20.9,1024.08,0,0,0,0,,
2025-12-15,00:30,12.1,10.0,87.0,ESE,9.7,20.9,1023.91,0,0,0,0,,
2025-12-15,00:45,12.2,10.0,87.0,EAST,9.7,24.1,1023.81,0,0,0,0,,
2025-12-15,01:00,12.2,10.0,87.0,ESE,14.5,25.7,1023.5,0,0,0,0,,
2025-12-15,01:15,12.2,10.0,88.0,ENE,17.7,24.1,1023.43,0,0,0,0,,
2025-12-15,01:30,12.2,10.0,88.0,EAST,19.3,24.1,1023.2,0,0,0,0,,
2025-12-15,01:45,12.1,10.0,88.0,EAST,17.7,24.1,1023.5,0,0,0,0,,
2025-12-15,02:00,12.1,10.0,88.0,EAST,14.5,22.5,1023.43,0,0,0,0,,
2025-12-15,02:15,12.1,10.0,88.0,EAST,12.9,22.5,1023.43,0,0,0,0,,
2025-12-15,02:30,12.1,10.0,88.0,ENE,12.9,24.1,1023.5,0,0,0,0,,
2025-12-15,02:45,12.1,10.0,89.0,EAST,14.5,20.9,1023.27,0,0,0,0,,
2025-12-15,03:00,12.2,10.6,89.0,ESE,17.7,20.9,1023.06,0,0,0,0,,
2025-12-15,03:15,12.3,10.6,89.0,EAST,11.3,20.9,1022.99,0,0,0,0,,
2025-12-15,03:30,12.3,10.6,90.0,ESE,14.5,19.3,1022.66,0,0,0,0,,
2025-12-15,03:45,12.3,10.6,90.0,EAST,12.9,19.3,1022.69,0,0,0,0,,
2025-12-15,04:00,12.4,10.6,90.0,EAST,20.9,27.4,1022.69,0,0,0,0,,
2025-12-15,04:15,12.4,10.6,90.0,ESE,11.3,19.3,1022.72,0,0,0,0,,
2025-12-15,04:30,12.4,10.6,90.0,ENE,4.8,17.7,1022.93,0,0,0,0,,
2025-12-15,04:45,12.5,11.1,91.0,EAST,4.8,19.3,1022.66,0,0,0,0,,
2025-12-15,05:00,12.7,11.1,91.0,EAST,8.0,16.1,1022.45,0,0,0,0,,
2025-12-15,05:15,12.8,11.1,91.0,EAST,1.6,14.5,1022.76,0,0,0,0,,
2025-12-15,05:30,12.9,11.1,91.0,ESE,4.8,22.5,1022.32,0,0,0,0,,
2025-12-15,05:45,13.3,11.7,91.0,SE,11.3,22.5,1022.22,0,0,0,0,,
2025-12-15,06:00,13.2,11.7,91.0,ESE,14.5,20.9,1022.38,0,0,0,0,,
2025-12-15,06:15,13.4,11.7,91.0,SE,16.1,29.0,1022.18,0,0,0,0,,
2025-12-15,06:30,13.5,11.7,91.0,SE,16.1,30.6,1022.08,0,0,0,0,,
2025-12-15,06:45,13.4,11.7,90.0,ESE,17.7,25.7,1022.18,0,0,0,0,,
2025-12-15,07:00,13.4,11.7,90.0,ESE,12.9,22.5,1022.11,0,0,0,0,,
2025-12-15,07:15,13.2,11.1,90.0,EAST,14.5,25.7,1021.54,0,0,0,0,,
2025-12-15,07:30,12.9,11.1,89.0,ESE,11.3,20.9,1021.33,0,0,0,0,,
2025-12-15,07:45,12.7,10.6,89.0,ESE,6.4,20.9,1021.47,0,0,0,0,,
2025-12-15,08:00,12.9,11.1,90.0,EAST,11.3,19.3,1021.06,0,0,0,12,,
2025-12-15,08:15,13.1,11.1,90.0,ESE,12.9,27.4,1021,0,0,0,25,,
2025-12-15,08:30,13.2,11.1,89.0,ESE,14.5,24.1,1021.78,0,0,0,26,,
2025-12-15,08:45,13.2,11.1,89.0,ESE,16.1,22.5,1021.27,0,0,0,37,,
2025-12-15,09:00,13.3,11.1,89.0,ESE,22.5,30.6,1021.27,0,0,0,58,,
2025-12-15,09:15,13.6,11.7,88.0,ESE,17.7,25.7,1021.61,0,0,0,72,,
2025-12-15,09:30,13.7,11.7,88.0,EAST,12.9,20.9,1021.37,0,0,0,98,,
2025-12-15,09:45,14.0,11.7,87.0,EAST,8.0,24.1,1021.47,0,0,0,105,,
2025-12-15,10:00,14.3,11.7,86.0,ESE,14.5,22.5,1021.47,0,0,0,120,,
2025-12-15,10:15,14.5,11.7,85.0,ESE,20.9,38.6,1021.3,0,0,0,107,,
2025-12-15,10:30,14.8,11.7,84.0,ESE,14.5,33.8,1021.44,0,0,1,162,,
2025-12-15,10:45,15.0,11.7,83.0,ESE,22.5,27.4,1021.1,0,0,1,185,,
2025-12-15,11:00,15.3,12.2,82.0,SE,14.5,25.7,1021.03,0,0,1,211,,
2025-12-15,11:15,15.4,12.2,82.0,SE,14.5,29.0,1020.73,0,0,1,200,,
2025-12-15,11:30,15.6,12.2,82.0,SSE,16.1,40.2,1020.69,0,0,1,153,,
2025-12-15,11:45,15.5,12.2,82.0,SE,29.0,45.1,1020.39,0,0,0,111,,
2025-12-15,12:00,15.5,12.2,83.0,SE,16.1,48.3,1020.22,0,0,1,206,,
2025-12-15,12:15,15.6,12.8,83.0,SE,30.6,40.2,1020.15,0,0,1,167,,
2025-12-15,12:30,15.6,12.8,83.0,SE,20.9,37.0,1019.68,0,0,1,137,,
2025-12-15,12:45,15.7,12.8,84.0,ESE,12.9,37.0,1019.64,0,0,1,165,,
2025-12-15,13:00,15.7,12.8,83.0,SE,24.1,40.2,1019.3,0,0,1,178,,
2025-12-15,13:15,15.8,12.8,84.0,SSE,24.1,40.2,1019.3,0,0,0,123,,
2025-12-15,13:30,15.7,12.8,84.0,SE,22.5,40.2,1019.1,0,0,0,76,,
2025-12-15,13:45,15.7,12.8,84.0,SE,30.6,48.3,1018.56,0,0,0,65,,
2025-12-15,14:00,15.6,12.8,83.0,SSE,16.1,33.8,1018.8,0,0,0,35,,
2025-12-15,14:15,15.6,12.8,83.0,ESE,19.3,38.6,1018.66,0,0,0,39,,
2025-12-15,14:30,15.6,12.8,83.0,ESE,27.4,46.7,1018.66,0,0,0,44,,
2025-12-15,14:45,15.6,12.8,84.0,SE,11.3,46.7,1018.73,0,0,0,46,,
2025-12-15,15:00,15.5,12.8,84.0,ESE,17.7,40.2,1018.63,0,0,0,25,,
2025-12-15,15:15,15.4,12.8,84.0,ESE,19.3,27.4,1018.56,0,0,0,19,,
2025-12-15,15:30,15.4,12.8,84.0,ESE,22.5,43.5,1018.39,0,0,0,25,,
2025-12-15,15:45,15.4,12.8,84.0,EAST,19.3,30.6,1018.49,0,0,0,14,,
2025-12-15,16:00,15.4,12.8,84.0,ESE,25.7,35.4,1018.15,0,0,0,26,,
2025-12-15,16:15,15.5,12.8,84.0,ESE,19.3,30.6,1018.19,0,0,0,9,,
2025-12-15,16:30,15.6,12.8,83.0,SE,19.3,29.0,1018.12,0,0,0,7,,
2025-12-15,16:45,15.6,12.8,83.0,ESE,11.3,32.2,1017.98,0,0,0,0,,
2025-12-15,17:00,15.6,12.8,83.0,EAST,12.9,25.7,1017.75,0,0,0,0,,
2025-12-15,17:15,15.4,12.2,83.0,ESE,14.5,25.7,1017.81,0,0,0,0,,
2025-12-15,17:30,15.2,12.2,84.0,ESE,6.4,24.1,1017.71,0,0,0,0,,
2025-12-15,17:45,14.8,12.2,85.0,ESE,9.7,16.1,1017.37,1.02,1.02,0,0,,
2025-12-15,18:00,14.7,12.2,87.0,ESE,11.3,30.6,1017.41,2.29,2.29,0,0,,
2025-12-15,18:15,14.8,12.8,89.0,ESE,27.4,43.5,1017.34,3.3,3.3,0,0,,
2025-12-15,18:30,14.7,12.8,89.0,SE,16.1,33.8,1017.61,5.08,5.08,0,0,,
2025-12-15,18:45,14.7,12.8,90.0,ESE,19.3,27.4,1017.78,8.89,7.87,0,0,,
2025-12-15,19:00,13.3,11.7,90.0,SSE,16.1,30.6,1017.51,17.27,14.99,0,0,,
2025-12-15,19:15,13.4,11.7,91.0,ESE,20.9,37.0,1017.58,30.73,27.43,0,0,,
2025-12-15,19:30,14.2,12.8,91.0,SSE,8.0,25.7,1017.03,37.59,32.51,0,0,,
2025-12-15,19:45,14.8,13.3,92.0,SE,20.9,37.0,1016.86,38.1,28.7,0,0,,
2025-12-15,20:00,14.9,13.3,92.0,SE,19.3,32.2,1016.93,38.1,20.83,0,0,,
2025-12-15,20:15,14.9,13.3,92.0,SE,22.5,35.4,1016.86,38.1,6.86,0,0,,
2025-12-15,20:30,14.8,13.3,93.0,SE,11.3,33.8,1016.93,38.35,0.76,0,0,,
2025-12-15,20:45,14.4,13.3,93.0,SE,24.1,37.0,1016.56,38.35,0.51,0,0,,
2025-12-15,21:00,14.1,12.8,93.0,ESE,24.1,35.4,1016.46,38.61,0.51,0,0,,
2025-12-15,21:15,13.9,12.8,93.0,ESE,24.1,40.2,1016.29,38.61,0.51,0,0,,
2025-12-15,21:30,13.7,12.2,93.0,SE,22.5,40.2,1016.19,38.61,0.25,0,0,,
2025-12-15,21:45,13.6,12.2,93.0,SE,19.3,43.5,1016.22,38.61,0.25,0,0,,
2025-12-15,22:00,13.6,12.2,93.0,SE,17.7,32.2,1016.39,38.61,0,0,0,,
2025-12-15,22:15,13.6,12.2,93.0,SE,24.1,38.6,1016.22,38.61,0,0,0,,
2025-12-15,22:30,13.6,12.2,93.0,SE,17.7,30.6,1015.85,38.61,0,0,0,,
2025-12-15,22:45,13.6,12.2,93.0,SE,19.3,32.2,1015.68,38.61,0,0,0,,
2025-12-15,23:00,13.7,12.8,94.0,SSE,20.9,40.2,1015.51,38.86,0.25,0,0,,
2025-12-15,23:15,13.6,12.2,94.0,ESE,16.1,33.8,1015.21,39.12,0.51,0,0,,
2025-12-15,23:30,13.6,12.2,93.0,ESE,20.9,33.8,1015.1,39.62,1.02,0,0,,
2025-12-15,23:45,13.9,12.8,94.0,ESE,24.1,30.6,1015.41,39.62,1.02,0,0,,
2025-12-16,00:00,13.8,12.8,94.0,SE,25.7,30.6,1015.34,0,0.76,0,0,,
2025-12-16,00:15,14.0,12.8,94.0,SE,16.1,25.7,1014.93,0,0.51,0,0,,
2025-12-16,00:30,14.2,12.8,94.0,SE,11.3,29.0,1014.7,0,0,0,0,,
2025-12-16,00:45,14.2,12.8,94.0,ESE,16.1,25.7,1014.6,0,0,0,0,,
2025-12-16,01:00,14.1,12.8,94.0,SE,24.1,27.4,1014.39,0,0,0,0,,
2025-12-16,01:15,13.9,12.8,94.0,ESE,16.1,29.0,1014.29,0,0,0,0,,
2025-12-16,01:30,14.1,12.8,94.0,SE,16.1,27.4,1014.29,0,0,0,0,,
2025-12-16,01:45,14.0,12.8,94.0,SE,20.9,30.6,1013.99,0,0,0,0,,
2025-12-16,02:00,14.1,12.8,94.0,SE,3.2,35.4,1014.02,0,0,0,0,,
2025-12-16,02:15,14.2,13.3,94.0,SE,14.5,27.4,1013.92,0,0,0,0,,
2025-12-16,02:30,14.3,13.3,94.0,SE,25.7,35.4,1013.99,0,0,0,0,,
2025-12-16,02:45,14.3,13.3,94.0,ESE,17.7,33.8,1013.92,0,0,0,0,,
2025-12-16,03:00,14.3,13.3,94.0,SE,19.3,30.6,1013.75,0,0,0,0,,
2025-12-16,03:15,14.2,13.3,94.0,ESE,12.9,38.6,1013.41,0,0,0,0,,
2025-12-16,03:30,14.2,12.8,94.0,SE,12.9,29.0,1013.61,0,0,0,0,,
2025-12-16,03:45,14.1,12.8,94.0,ESE,14.5,24.1,1013.44,0,0,0,0,,
2025-12-16,04:00,14.2,13.3,94.0,SE,12.9,24.1,1013,0,0,0,0,,
2025-12-16,04:15,14.3,13.3,94.0,SE,24.1,27.4,1012.7,0,0,0,0,,
2025-12-16,04:30,14.2,12.8,94.0,SE,22.5,27.4,1012.46,0,0,0,0,,
2025-12-16,04:45,14.2,12.8,94.0,ESE,16.1,30.6,1012.5,0,0,0,0,,
2025-12-16,05:00,14.2,12.8,94.0,ESE,17.7,33.8,1012.36,0,0,0,0,,
2025-12-16,05:15,14.1,12.8,94.0,ESE,16.1,24.1,1012.39,0,0,0,0,,
2025-12-16,05:30,13.9,12.8,94.0,SE,19.3,20.9,1012.5,0,0,0,0,,
2025-12-16,05:45,13.7,12.8,94.0,SE,11.3,19.3,1012.43,0,0,0,0,,
2025-12-16,06:00,13.6,12.2,94.0,ESE,12.9,16.1,1012.26,0,0,0,0,,
2025-12-16,06:15,13.6,12.2,94.0,ESE,6.4,16.1,1012.16,0,0,0,0,,
2025-12-16,06:30,13.4,12.2,94.0,SE,11.3,14.5,1012.53,0,0,0,0,,
2025-12-16,06:45,13.4,12.2,94.0,ESE,14.5,17.7,1012.46,0,0,0,0,,
2025-12-16,07:00,13.7,12.8,94.0,SE,11.3,19.3,1012.33,0,0,0,0,,
2025-12-16,07:15,13.8,12.8,94.0,SE,16.1,22.5,1012.77,0,0,0,0,,
2025-12-16,07:30,13.8,12.8,94.0,SE,11.3,19.3,1012.67,0,0,0,0,,
2025-12-16,07:45,13.9,12.8,94.0,SE,16.1,22.5,1012.46,0,0,0,0,,
2025-12-16,08:00,14.0,12.8,94.0,SE,12.9,24.1,1012.53,0,0,0,0,,
2025-12-16,08:15,14.1,12.8,94.0,SE,14.5,24.1,1012.53,0,0,0,11,,
2025-12-16,08:30,14.1,12.8,94.0,SE,20.9,20.9,1012.77,0,0,0,23,,
2025-12-16,08:45,14.1,12.8,94.0,SE,14.5,22.5,1013,0,0,0,35,,
2025-12-16,09:00,14.2,13.3,94.0,SE,19.3,25.7,1012.9,0,0,0,40,,
2025-12-16,09:15,14.2,13.3,94.0,ESE,17.7,24.1,1012.94,0,0,0,51,,
2025-12-16,09:30,14.3,13.3,94.0,SSE,4.8,19.3,1013.28,0,0,0,69,,
2025-12-16,09:45,14.3,13.3,94.0,ESE,12.9,20.9,1013.48,0,0,0,81,,
2025-12-16,10:00,14.3,13.3,94.0,ESE,11.3,17.7,1013.14,0,0,0,84,,
2025-12-16,10:15,14.3,13.3,94.0,ESE,11.3,19.3,1013.41,0,0,0,90,,
2025-12-16,10:30,14.2,13.3,94.0,ESE,12.9,19.3,1013.41,0,0,0,91,,
2025-12-16,10:45,14.3,13.3,94.0,ESE,14.5,19.3,1013.38,0,0,0,102,,
2025-12-16,11:00,14.3,13.3,94.0,SE,8.0,22.5,1013.34,0,0,0,116,,
2025-12-16,11:15,14.4,13.3,94.0,SE,6.4,17.7,1013.24,0,0,0,121,,
2025-12-16,11:30,14.4,13.3,94.0,ESE,11.3,19.3,1013.24,0,0,1,132,,
2025-12-16,11:45,14.3,13.3,94.0,SE,16.1,19.3,1012.84,0,0,1,149,,
2025-12-16,12:00,14.5,13.3,93.0,SE,8.0,19.3,1012.84,0,0,1,174,,
2025-12-16,12:15,14.4,13.3,93.0,SE,14.5,20.9,1012.8,0,0,1,178,,
2025-12-16,12:30,14.5,13.3,93.0,SE,12.9,20.9,1012.77,0,0,1,144,,
2025-12-16,12:45,14.6,13.3,92.0,SE,8.0,19.3,1012.46,0,0,1,172,,
2025-12-16,13:00,14.7,13.3,92.0,SE,11.3,19.3,1012.53,0,0,1,188,,
2025-12-16,13:15,14.8,13.3,91.0,ESE,8.0,19.3,1012.29,0,0,1,276,,
2025-12-16,13:30,15.1,13.3,91.0,SE,4.8,20.9,1012.23,0,0,1,239,,
2025-12-16,13:45,15.1,13.3,90.0,ESE,6.4,14.5,1012.06,0,0,1,167,,
2025-12-16,14:00,15.2,13.3,89.0,ESE,9.7,17.7,1011.75,0,0,1,608,,
2025-12-16,14:15,15.4,13.3,87.0,SE,12.9,20.9,1011.82,0,0,1,244,,
2025-12-16,14:30,15.6,13.3,86.0,SSE,16.1,16.1,1011.99,0,0,1,367,,
2025-12-16,14:45,15.7,12.8,84.0,SE,14.5,22.5,1011.99,0,0,1,390,,
2025-12-16,15:00,15.6,12.8,83.0,SE,16.1,19.3,1011.95,0,0,0,120,,
2025-12-16,15:15,15.4,12.8,84.0,SE,9.7,16.1,1012.09,0,0,0,63,,
2025-12-16,15:30,15.3,12.8,86.0,SE,8.0,19.3,1012.16,0,0,0,54,,
2025-12-16,15:45,15.2,12.8,86.0,SE,12.9,16.1,1012.26,0,0,0,146,,
2025-12-16,16:00,14.9,12.2,84.0,SSE,6.4,16.1,1012.43,0,0,0,56,,
2025-12-16,16:15,15.0,11.7,83.0,SE,8.0,19.3,1012.63,0,0,0,54,,
2025-12-16,16:30,14.7,11.7,84.0,SE,6.4,12.9,1012.7,0,0,0,42,,
2025-12-16,16:45,14.4,11.7,84.0,ESE,16.1,14.5,1012.8,0,0,0,16,,
2025-12-16,17:00,14.1,11.1,84.0,SE,11.3,19.3,1012.77,0,0,0,0,,
2025-12-16,17:15,14.0,11.1,85.0,SE,14.5,17.7,1012.87,0,0,0,0,,
2025-12-16,17:30,13.9,11.1,85.0,SE,12.9,17.7,1012.73,0,0,0,0,,
2025-12-16,17:45,13.9,11.7,87.0,ESE,14.5,20.9,1012.73,0,0,0,0,,
2025-12-16,18:00,13.8,11.7,87.0,SE,12.9,20.9,1013.14,0,0,0,0,,
2025-12-16,18:15,13.9,11.7,88.0,SE,16.1,20.9,1013.24,0,0,0,0,,
2025-12-16,18:30,13.8,11.7,89.0,SE,11.3,20.9,1013.34,0,0,0,0,,
2025-12-16,18:45,13.7,11.7,90.0,SE,9.7,20.9,1013.51,0,0,0,0,,
2025-12-16,19:00,13.7,11.7,90.0,SE,14.5,22.5,1013.72,0,0,0,0,,
2025-12-16,19:15,13.6,11.7,90.0,ESE,12.9,17.7,1013.85,0,0,0,0,,
2025-12-16,19:30,13.4,11.7,91.0,SE,12.9,19.3,1014.05,0,0,0,0,,
2025-12-16,19:45,13.4,11.7,91.0,SE,14.5,19.3,1014.05,0,0,0,0,,
2025-12-16,20:00,13.4,11.7,91.0,ESE,11.3,20.9,1014.22,0,0,0,0,,
2025-12-16,20:15,13.2,11.7,92.0,SE,12.9,20.9,1014.36,0,0,0,0,,
2025-12-16,20:30,12.9,11.1,92.0,ESE,14.5,12.9,1014.26,0,0,0,0,,
2025-12-16,20:45,12.8,11.7,92.0,SE,6.4,14.5,1014.53,0,0,0,0,,
2025-12-16,21:00,12.8,11.1,92.0,ESE,8.0,14.5,1014.66,0,0,0,0,,
2025-12-16,21:15,12.7,11.1,92.0,SE,8.0,14.5,1014.8,0,0,0,0,,
2025-12-16,21:30,12.7,11.1,92.0,SE,8.0,14.5,1014.83,0,0,0,0,,
2025-12-16,21:45,12.9,11.7,93.0,SE,11.3,16.1,1015.07,0,0,0,0,,
2025-12-16,22:00,12.9,11.7,93.0,ESE,6.4,14.5,1014.93,0,0,0,0,,
2025-12-16,22:15,12.9,11.7,92.0,ESE,6.4,12.9,1015.24,0,0,0,0,,
2025-12-16,22:30,12.6,11.1,93.0,SE,4.8,11.3,1015.37,0,0,0,0,,
2025-12-16,22:45,12.8,11.7,93.0,ESE,4.8,12.9,1015.68,0,0,0,0,,
2025-12-16,23:00,12.7,11.7,93.0,ESE,6.4,14.5,1015.75,0,0,0,0,,
2025-12-16,23:15,12.7,11.7,93.0,SE,12.9,14.5,1015.71,0,0,0,0,,
2025-12-16,23:30,12.8,11.7,93.0,SE,6.4,16.1,1015.82,0,0,0,0,,
2025-12-16,23:45,12.6,11.1,93.0,SE,8.0,17.7,1015.92,0,0,0,0,,
2025-12-17,00:00,12.6,11.1,93.0,SE,12.9,19.3,1015.85,0,0,0,0,,
2025-12-17,00:15,12.4,11.1,93.0,SE,11.3,22.5,1015.98,0,0,0,0,,
2025-12-17,00:30,12.6,11.7,94.0,SE,19.3,19.3,1016.29,0,0,0,0,,
2025-12-17,00:45,12.5,11.1,93.0,SE,8.0,19.3,1015.95,0,0,0,0,,
2025-12-17,01:00,12.2,11.1,93.0,ESE,3.2,11.3,1016.19,0,0,0,0,,
2025-12-17,01:15,12.2,11.1,94.0,SE,6.4,11.3,1016.39,0,0,0,0,,
2025-12-17,01:30,12.1,11.1,94.0,ESE,3.2,11.3,1016.53,0,0,0,0,,
2025-12-17,01:45,11.9,10.6,93.0,ESE,1.6,9.7,1016.49,0,0,0,0,,
2025-12-17,02:00,11.8,10.6,94.0,ESE,3.2,9.7,1016.7,0,0,0,0,,
2025-12-17,02:15,11.7,10.6,94.0,ESE,4.8,11.3,1016.53,0,0,0,0,,
2025-12-17,02:30,11.8,10.6,94.0,ESE,3.2,12.9,1016.73,0,0,0,0,,
2025-12-17,02:45,11.7,10.6,94.0,SE,6.4,11.3,1016.53,0,0,0,0,,
2025-12-17,03:00,11.7,10.6,94.0,ESE,4.8,9.7,1016.76,0,0,0,0,,
2025-12-17,03:15,11.9,10.6,94.0,ESE,6.4,17.7,1016.86,0,0,0,0,,
2025-12-17,03:30,11.8,10.6,94.0,ESE,8.0,11.3,1016.93,0,0,0,0,,
2025-12-17,03:45,11.8,10.6,94.0,ESE,6.4,9.7,1017.07,0,0,0,0,,
2025-12-17,04:00,11.7,10.6,94.0,ESE,4.8,8.0,1017.07,0,0,0,0,,
2025-12-17,04:15,11.7,10.6,94.0,ESE,8.0,11.3,1017.07,0,0,0,0,,
2025-12-17,04:30,11.7,10.6,94.0,NORTH,0.0,6.4,1017.31,0,0,0,0,,
2025-12-17,04:45,11.5,10.6,94.0,ESE,3.2,4.8,1017.31,0,0,0,0,,
2025-12-17,05:00,11.3,10.0,94.0,ESE,3.2,9.7,1017.51,0,0,0,0,,
2025-12-17,05:15,11.4,10.6,94.0,NORTH,0.0,4.8,1017.61,0,0,0,0,,
2025-12-17,05:30,11.1,10.0,93.0,NORTH,0.0,0.0,1017.61,0,0,0,0,,
2025-12-17,05:45,10.4,9.4,93.0,ESE,3.2,3.2,1017.75,0,0,0,0,,
2025-12-17,06:00,10.4,9.4,94.0,ESE,3.2,4.8,1017.81,0,0,0,0,,
2025-12-17,06:15,10.6,9.4,94.0,ESE,1.6,3.2,1017.64,0,0,0,0,,
2025-12-17,06:30,10.6,9.4,94.0,NORTH,0.0,3.2,1017.78,0,0,0,0,,
2025-12-17,06:45,10.4,9.4,94.0,ESE,1.6,3.2,1017.98,0,0,0,0,,
2025-12-17,07:00,10.6,9.4,94.0,ESE,1.6,4.8,1018.05,0,0,0,0,,
2025-12-17,07:15,10.8,9.4,94.0,ESE,3.2,4.8,1018.35,0,0,0,0,,
2025-12-17,07:30,10.3,8.9,93.0,ESE,1.6,6.4,1018.42,0,0,0,0,,
2025-12-17,07:45,10.1,8.9,93.0,ESE,3.2,11.3,1018.73,0,0,0,0,,
2025-12-17,08:00,10.2,8.9,93.0,ESE,3.2,4.8,1018.93,0,0,0,44,,
2025-12-17,08:15,10.6,9.4,93.0,ESE,4.8,6.4,1018.86,0,0,0,72,,
2025-12-17,08:30,10.7,9.4,92.0,ESE,4.8,12.9,1019.2,0,0,0,63,,
2025-12-17,08:45,10.6,8.9,91.0,EAST,4.8,9.7,1019.4,0,0,0,35,,
2025-12-17,09:00,10.4,8.9,90.0,ESE,9.7,14.5,1019.81,0,0,0,30,,
2025-12-17,09:15,10.3,8.3,89.0,ESE,11.3,16.1,1019.98,0,0,0,35,,
2025-12-17,09:30,10.6,8.3,87.0,ESE,11.3,16.1,1020.01,0,0,0,74,,
2025-12-17,09:45,11.3,8.3,82.0,ESE,9.7,12.9,1020.18,0,0,0,98,,
2025-12-17,10:00,12.6,8.3,76.0,ESE,6.4,14.5,1020.56,0,0,0,86,,
2025-12-17,10:15,12.4,8.3,76.0,ESE,11.3,12.9,1020.73,0,0,0,97,,
2025-12-17,10:30,12.4,8.3,77.0,ESE,9.7,14.5,1020.76,0,0,1,197,,
2025-12-17,10:45,12.7,8.9,78.0,EAST,4.8,11.3,1020.79,0,0,1,181,,
2025-12-17,11:00,12.7,8.9,78.0,ESE,11.3,12.9,1020.89,0,0,1,250,,
2025-12-17,11:15,13.4,8.9,76.0,ESE,6.4,14.5,1021.03,0,0,1,197,,
2025-12-17,11:30,13.8,8.9,74.0,EAST,11.3,14.5,1021.1,0,0,1,279,,
2025-12-17,11:45,13.9,10.0,77.0,EAST,4.8,16.1,1021,0,0,1,429,,
2025-12-17,12:00,14.9,11.1,78.0,ESE,4.8,14.5,1021,0,0,1,448,,
2025-12-17,12:15,14.8,11.7,81.0,ENE,8.0,16.1,1021.03,0,0,1,385,,
2025-12-17,12:30,14.9,10.6,77.0,EAST,9.7,14.5,1020.59,0,0,1,322,,
2025-12-17,12:45,14.8,11.1,78.0,ENE,4.8,12.9,1020.66,0,0,1,202,,
2025-12-17,13:00,14.7,10.6,78.0,ENE,6.4,11.3,1020.45,0,0,1,306,,
2025-12-17,13:15,15.0,10.6,76.0,EAST,6.4,11.3,1020.62,0,0,1,239,,
2025-12-17,13:30,14.9,10.6,76.0,EAST,6.4,12.9,1020.62,0,0,1,230,,
2025-12-17,13:45,15.1,11.1,78.0,EAST,6.4,11.3,1020.69,0,0,1,169,,
2025-12-17,14:00,14.8,11.1,79.0,ENE,9.7,8.0,1020.62,0,0,1,174,,
2025-12-17,14:15,14.9,11.1,78.0,EAST,3.2,9.7,1020.62,0,0,0,153,,
2025-12-17,14:30,15.0,11.1,79.0,EAST,8.0,11.3,1020.52,0,0,0,137,,
2025-12-17,14:45,15.0,11.1,79.0,EAST,3.2,6.4,1020.73,0,0,0,134,,
2025-12-17,15:00,15.1,11.7,80.0,EAST,4.8,6.4,1020.89,0,0,0,116,,
2025-12-17,15:15,14.9,11.7,80.0,EAST,3.2,6.4,1021.1,0,0,0,114,,
2025-12-17,15:30,14.9,11.7,82.0,EAST,3.2,6.4,1021.23,0,0,0,90,,
2025-12-17,15:45,14.8,11.7,82.0,ESE,3.2,9.7,1021.06,0,0,0,76,,
2025-12-17,16:00,14.7,11.7,83.0,SE,6.4,12.9,1021.13,0,0,0,56,,
2025-12-17,16:15,14.6,11.7,84.0,SE,8.0,11.3,1021.2,0,0,0,35,,
2025-12-17,16:30,14.6,11.7,84.0,SE,8.0,11.3,1021.1,0,0,0,21,,
2025-12-17,16:45,14.4,11.7,84.0,SE,4.8,11.3,1021.3,0,0,0,9,,
2025-12-17,17:00,14.2,11.7,85.0,SE,14.5,16.1,1021.27,0,0,0,0,,
2025-12-17,17:15,14.1,11.7,86.0,SE,6.4,16.1,1021.4,0,0,0,0,,
2025-12-17,17:30,13.9,11.7,86.0,SE,8.0,14.5,1021.61,0,0,0,0,,
2025-12-17,17:45,13.8,11.7,86.0,SE,8.0,14.5,1021.81,0,0,0,0,,
2025-12-17,18:00,13.7,11.1,86.0,SE,6.4,9.7,1021.84,0,0,0,0,,
2025-12-17,18:15,13.6,11.1,87.0,SE,4.8,6.4,1022.11,0,0,0,0,,
2025-12-17,18:30,13.6,11.1,87.0,ESE,6.4,11.3,1022.15,0,0,0,0,,
2025-12-17,18:45,13.6,11.1,87.0,SE,8.0,12.9,1022.22,0,0,0,0,,
2025-12-17,19:00,13.6,11.7,88.0,SE,4.8,14.5,1022.55,0,0,0,0,,
2025-12-17,19:15,13.5,11.7,88.0,ESE,4.8,6.4,1022.52,0,0,0,0,,
2025-12-17,19:30,13.3,11.1,89.0,ESE,3.2,11.3,1022.59,0,0,0,0,,
2025-12-17,19:45,13.1,11.1,89.0,ESE,11.3,14.5,1022.79,0,0,0,0,,
2025-12-17,20:00,12.9,11.1,89.0,ESE,6.4,14.5,1023.27,0,0,0,0,,
2025-12-17,20:15,12.8,11.1,89.0,ESE,6.4,17.7,1023.3,0,0,0,0,,
2025-12-17,20:30,12.8,10.6,89.0,ESE,9.7,17.7,1023.43,0,0,0,0,,
2025-12-17,20:45,12.7,10.6,89.0,SE,8.0,16.1,1023.57,0,0,0,0,,
2025-12-17,21:00,12.7,10.6,89.0,ESE,3.2,16.1,1023.6,0,0,0,0,,
2025-12-17,21:15,12.7,10.6,88.0,EAST,6.4,17.7,1023.91,0,0,0,0,,
2025-12-17,21:30,12.5,10.6,88.0,EAST,6.4,14.5,1023.71,0,0,0,0,,
2025-12-17,21:45,12.4,10.6,89.0,ESE,6.4,14.5,1023.94,0,0,0,0,,
2025-12-17,22:00,12.5,10.6,88.0,SE,4.8,14.5,1024.08,0,0,0,0,,
2025-12-17,22:15,12.6,10.6,89.0,EAST,3.2,14.5,1024.08,0,0,0,0,,
2025-12-17,22:30,12.6,10.6,88.0,EAST,6.4,14.5,1024.35,0,0,0,0,,
2025-12-17,22:45,12.6,10.6,88.0,ENE,6.4,12.9,1024.28,0,0,0,0,,
2025-12-17,23:00,12.5,10.6,88.0,EAST,1.6,12.9,1024.31,0,0,0,0,,
2025-12-17,23:15,12.6,10.6,89.0,EAST,4.8,14.5,1024.59,0,0,0,0,,
2025-12-17,23:30,12.6,10.6,88.0,EAST,9.7,12.9,1024.55,0,0,0,0,,
2025-12-17,23:45,12.6,10.6,89.0,ENE,8.0,16.1,1024.59,0,0,0,0,,
2025-12-18,00:00,12.5,10.6,88.0,EAST,6.4,16.1,1024.52,0,0,0,0,,
2025-12-18,00:15,12.3,10.6,89.0,EAST,8.0,16.1,1024.45,0,0,0,0,,
2025-12-18,00:30,12.2,10.0,89.0,EAST,4.8,14.5,1024.42,0,0,0,0,,
2025-12-18,00:45,12.2,10.6,89.0,EAST,3.2,12.9,1024.55,0,0,0,0,,
2025-12-18,01:00,12.3,10.6,89.0,EAST,3.2,14.5,1024.52,0,0,0,0,,
2025-12-18,01:15,12.5,10.6,90.0,ENE,8.0,12.9,1024.48,0,0,0,0,,
2025-12-18,01:30,12.6,10.6,90.0,EAST,8.0,14.5,1024.65,0,0,0,0,,
2025-12-18,01:45,12.9,11.1,89.0,EAST,11.3,17.7,1024.72,0,0,0,0,,
2025-12-18,02:00,12.8,10.6,89.0,EAST,9.7,12.9,1024.69,0,0,0,0,,
2025-12-18,02:15,12.8,11.1,89.0,ENE,11.3,14.5,1025.06,0,0,0,0,,
2025-12-18,02:30,12.8,10.6,89.0,ENE,8.0,14.5,1025.03,0,0,0,0,,
2025-12-18,02:45,12.7,10.6,89.0,EAST,4.8,14.5,1025.2,0,0,0,0,,
2025-12-18,03:00,12.6,10.6,89.0,ESE,11.3,14.5,1024.96,0,0,0,0,,
2025-12-18,03:15,12.8,11.1,90.0,ESE,11.3,22.5,1024.92,0,0,0,0,,
2025-12-18,03:30,12.8,11.1,90.0,EAST,12.9,17.7,1025.09,0,0,0,0,,
2025-12-18,03:45,12.7,11.1,90.0,ESE,9.7,19.3,1024.79,0,0,0,0,,
2025-12-18,04:00,12.7,11.1,90.0,ESE,4.8,12.9,1024.89,0,0,0,0,,
2025-12-18,04:15,12.7,11.1,90.0,ESE,11.3,17.7,1024.55,0,0,0,0,,
2025-12-18,04:30,12.7,11.1,90.0,EAST,6.4,16.1,1024.42,0,0,0,0,,
2025-12-18,04:45,12.8,11.1,90.0,ENE,12.9,16.1,1024.59,0,0,0,0,,
2025-12-18,05:00,12.7,11.1,90.0,EAST,11.3,14.5,1024.45,0,0,0,0,,
2025-12-18,05:15,12.8,11.1,90.0,ENE,12.9,17.7,1024.42,0,0,0,0,,
2025-12-18,05:30,12.6,10.6,90.0,NE,6.4,14.5,1024.42,0,0,0,0,,
2025-12-18,05:45,12.6,11.1,90.0,EAST,6.4,16.1,1024.55,0,0,0,0,,
2025-12-18,06:00,12.6,11.1,91.0,EAST,11.3,14.5,1024.52,0,0,0,0,,
2025-12-18,06:15,12.8,11.1,90.0,EAST,3.2,12.9,1024.65,0,0,0,0,,
2025-12-18,06:30,13.0,11.1,91.0,EAST,11.3,16.1,1024.89,0,0,0,0,,
2025-12-18,06:45,13.2,11.7,90.0,EAST,6.4,19.3,1025.09,0,0,0,0,,
2025-12-18,07:00,13.3,11.7,91.0,ENE,14.5,17.7,1024.96,0,0,0,0,,
2025-12-18,07:15,13.2,11.7,90.0,EAST,11.3,17.7,1025.09,0,0,0,0,,
2025-12-18,07:30,13.0,11.1,91.0,EAST,8.0,19.3,1025.06,0,0,0,0,,
2025-12-18,07:45,12.9,11.1,91.0,EAST,9.7,14.5,1025.2,0,0,0,0,,
2025-12-18,08:00,13.1,11.7,91.0,EAST,12.9,16.1,1025.16,0,0,0,0,,
2025-12-18,08:15,13.3,11.7,91.0,EAST,14.5,16.1,1025.23,0,0,0,12,,
2025-12-18,08:30,13.5,11.7,91.0,EAST,6.4,16.1,1025.3,0,0,0,28,,
2025-12-18,08:45,13.6,12.2,91.0,ENE,6.4,16.1,1025.43,0,0,0,65,,
2025-12-18,09:00,13.7,12.2,91.0,EAST,6.4,14.5,1025.6,0,0,0,56,,
2025-12-18,09:15,13.8,12.2,91.0,EAST,6.4,12.9,1025.7,0,0,0,56,,
2025-12-18,09:30,13.8,12.2,91.0,EAST,11.3,14.5,1025.74,0,0,0,70,,
2025-12-18,09:45,14.3,12.8,91.0,ESE,4.8,14.5,1025.77,0,0,0,162,,
2025-12-18,10:00,14.5,12.8,91.0,ESE,6.4,17.7,1026.14,0,0,0,141,,
2025-12-18,10:15,14.9,13.3,90.0,ESE,11.3,14.5,1026.18,0,0,0,100,,
2025-12-18,10:30,15.0,13.3,90.0,ESE,11.3,17.7,1026.35,0,0,1,178,,
2025-12-18,10:45,15.4,13.3,89.0,SE,9.7,19.3,1026.28,0,0,1,127,,
2025-12-18,11:00,15.6,13.9,91.0,SE,11.3,24.1,1026.08,0,0,1,137,,
2025-12-18,11:15,15.4,13.9,91.0,SE,11.3,24.1,1026.14,0,0,0,111,,
2025-12-18,11:30,15.4,13.9,92.0,ESE,12.9,24.1,1026.01,0,0,1,105,,
2025-12-18,11:45,15.3,13.9,92.0,SE,8.0,22.5,1026.08,0,0,0,105,,
2025-12-18,12:00,15.6,14.4,92.0,ESE,16.1,17.7,1025.6,0,0,1,281,,
2025-12-18,12:15,15.7,14.4,92.0,ESE,16.1,22.5,1025.4,0,0,0,83,,
2025-12-18,12:30,15.6,13.9,92.0,ESE,11.3,16.1,1025.26,0,0,1,206,,
2025-12-18,12:45,15.9,14.4,92.0,EAST,11.3,16.1,1024.92,0,0,1,260,,
2025-12-18,13:00,15.9,14.4,91.0,EAST,16.1,17.7,1024.92,0,0,1,116,,
2025-12-18,13:15,15.9,14.4,90.0,SE,6.4,19.3,1025.03,0,0,0,107,,
2025-12-18,13:30,15.9,13.9,90.0,ESE,11.3,20.9,1024.99,0,0,0,39,,
2025-12-18,13:45,15.8,14.4,92.0,SE,17.7,25.7,1024.76,0.25,0.25,1,292,,
2025-12-18,14:00,15.8,14.4,92.0,ESE,16.1,27.4,1024.52,0.25,0.25,1,130,,
2025-12-18,14:15,15.9,14.4,92.0,SE,19.3,25.7,1024.45,0.25,0.25,1,132,,
2025-12-18,14:30,15.9,14.4,91.0,SE,14.5,29.0,1024.48,0.25,0.25,0,155,,
2025-12-18,14:45,15.9,14.4,91.0,ESE,11.3,29.0,1024.42,0.25,0,0,116,,
2025-12-18,15:00,15.9,13.9,90.0,SE,19.3,30.6,1024.55,0.25,0,0,81,,
2025-12-18,15:15,16.0,14.4,90.0,SE,11.3,25.7,1024.31,0.25,0,0,81,,
2025-12-18,15:30,16.0,14.4,90.0,SE,12.9,24.1,1024.48,0.25,0,0,63,,
2025-12-18,15:45,15.9,13.9,90.0,ESE,17.7,25.7,1024.42,0.25,0,0,70,,
2025-12-18,16:00,15.8,13.9,90.0,SSE,22.5,27.4,1024.38,0.25,0,0,33,,
2025-12-18,16:15,15.8,13.9,91.0,ESE,24.1,32.2,1024.52,0.25,0,0,9,,
2025-12-18,16:30,15.7,13.9,91.0,SE,14.5,30.6,1024.59,0.25,0,0,0,,
2025-12-18,16:45,15.7,13.9,92.0,SE,16.1,32.2,1024.55,0.25,0,0,0,,
2025-12-18,17:00,15.5,13.9,92.0,ESE,9.7,33.8,1024.65,0.25,0,0,0,,
2025-12-18,17:15,15.4,13.9,92.0,SE,25.7,30.6,1024.21,0.25,0,0,0,,
2025-12-18,17:30,15.3,13.9,92.0,SE,16.1,35.4,1024.62,0.25,0,0,0,,
2025-12-18,17:45,15.3,13.9,92.0,SE,12.9,30.6,1024.59,0.25,0,0,0,,
2025-12-18,18:00,15.3,13.9,92.0,SE,22.5,30.6,1024.72,0.25,0,0,0,,
2025-12-18,18:15,15.2,13.9,92.0,SE,14.5,24.1,1024.99,0.25,0,0,0,,
2025-12-18,18:30,15.2,13.9,92.0,SE,8.0,19.3,1025.26,0.25,0,0,0,,
2025-12-18,18:45,15.1,13.9,92.0,ESE,11.3,14.5,1025.13,0.25,0,0,0,,
2025-12-18,19:15,14.9,13.3,92.0,EAST,4.8,14.5,1024.92,0.25,0,0,0,,
2025-12-18,19:30,14.9,13.3,92.0,ESE,6.4,11.3,1025.06,0.25,0,0,0,,
2025-12-18,19:45,14.8,13.3,92.0,ESE,6.4,9.7,1025.16,0.25,0,0,0,,
2025-12-18,20:00,14.9,13.3,92.0,ESE,9.7,14.5,1025.09,0.25,0,0,0,,
2025-12-18,20:15,15.1,13.3,92.0,ESE,4.8,12.9,1025.26,0.25,0,0,0,,
2025-12-18,20:30,14.9,13.3,92.0,ESE,3.2,12.9,1025.26,0.25,0,0,0,,
2025-12-18,20:45,14.9,13.3,91.0,NORTH,0.0,14.5,1025.57,0.25,0,0,0,,
2025-12-18,21:00,15.1,13.3,91.0,ESE,4.8,12.9,1025.3,0.25,0,0,0,,
2025-12-18,21:15,15.2,13.3,91.0,ESE,4.8,12.9,1025.6,0.25,0,0,0,,
2025-12-18,21:30,15.3,13.9,91.0,ESE,3.2,12.9,1025.5,0.25,0,0,0,,
2025-12-18,21:45,15.4,13.9,91.0,ESE,3.2,11.3,1025.6,0.25,0,0,0,,
2025-12-18,22:00,15.5,13.9,91.0,SE,8.0,19.3,1025.64,0.25,0,0,0,,
2025-12-18,22:15,15.4,13.9,91.0,SE,12.9,17.7,1025.53,0.25,0,0,0,,
2025-12-18,22:30,15.4,13.9,91.0,ESE,8.0,24.1,1025.6,0.25,0,0,0,,
2025-12-18,22:45,15.5,13.9,91.0,ESE,9.7,25.7,1025.64,0.25,0,0,0,,
2025-12-18,23:00,15.4,13.9,92.0,ESE,4.8,22.5,1025.7,0.25,0,0,0,,
2025-12-18,23:15,15.4,13.9,92.0,SE,4.8,22.5,1025.77,0.25,0,0,0,,
2025-12-18,23:30,15.4,13.9,92.0,SE,6.4,20.9,1025.57,0.25,0,0,0,,
2025-12-18,23:45,15.4,13.9,92.0,SE,6.4,19.3,1025.67,0.25,0,0,0,,
2025-12-19,00:00,15.4,13.9,92.0,EAST,11.3,16.1,1025.57,0,0,0,0,,
2025-12-19,00:15,15.3,13.9,92.0,SE,11.3,19.3,1025.57,0,0,0,0,,
2025-12-19,00:30,15.3,13.9,92.0,SE,8.0,16.1,1025.67,0,0,0,0,,
2025-12-19,00:45,15.3,13.9,92.0,ESE,9.7,17.7,1025.57,0,0,0,0,,
2025-12-19,01:00,15.3,13.9,93.0,ESE,9.7,19.3,1025.43,0,0,0,0,,
2025-12-19,01:15,15.2,13.9,93.0,SE,8.0,20.9,1025.33,0,0,0,0,,
2025-12-19,01:30,15.1,13.9,93.0,ESE,16.1,22.5,1025.4,0,0,0,0,,
2025-12-19,01:45,15.0,13.9,93.0,ESE,14.5,20.9,1025.5,0,0,0,0,,
2025-12-19,02:00,14.9,13.9,93.0,SE,6.4,17.7,1025.4,0,0,0,0,,
2025-12-19,02:15,14.8,13.3,93.0,SSE,6.4,17.7,1025.36,0,0,0,0,,
2025-12-19,02:30,14.8,13.3,93.0,ESE,6.4,16.1,1025.4,0,0,0,0,,
2025-12-19,02:45,14.8,13.3,93.0,SE,8.0,22.5,1025.26,0,0,0,0,,
2025-12-19,03:15,14.7,13.3,93.0,SE,6.4,24.1,1025.36,0.51,0.51,0,0,,
2025-12-19,03:30,14.6,13.3,93.0,SE,8.0,30.6,1025.33,2.29,2.29,0,0,,
2025-12-19,03:45,14.4,13.3,93.0,SE,8.0,17.7,1025.2,2.29,2.29,0,0,,
2025-12-19,04:00,14.4,13.3,93.0,SSE,6.4,17.7,1025.06,2.29,2.29,0,0,,
2025-12-19,04:15,14.3,12.8,93.0,ESE,6.4,19.3,1024.82,2.29,1.52,0,0,,
2025-12-19,04:30,14.3,12.8,93.0,SE,14.5,27.4,1024.79,2.29,0.25,0,0,,
2025-12-19,04:45,14.2,12.8,93.0,SE,14.5,25.7,1024.59,2.29,0,0,0,,
2025-12-19,05:00,14.1,12.8,93.0,SE,11.3,24.1,1024.52,2.29,0,0,0,,
2025-12-19,05:15,14.0,12.8,93.0,SE,14.5,25.7,1024.42,2.29,0,0,0,,
2025-12-19,05:30,14.0,12.8,93.0,SE,16.1,22.5,1024.31,2.29,0,0,0,,
2025-12-19,05:45,13.9,12.2,92.0,EAST,9.7,20.9,1024.45,2.29,0,0,0,,
2025-12-19,06:00,13.9,12.2,92.0,SE,14.5,22.5,1024.42,2.29,0,0,0,,
2025-12-19,06:15,13.8,12.2,92.0,ESE,6.4,17.7,1024.55,2.29,0,0,0,,
2025-12-19,06:30,13.9,12.2,92.0,ESE,20.9,35.4,1024.15,2.29,0,0,0,,
2025-12-19,06:45,14.1,12.2,91.0,SE,14.5,30.6,1024.38,2.29,0,0,0,,
2025-12-19,07:00,14.0,12.2,90.0,ESE,11.3,22.5,1024.59,2.29,0,0,0,,
2025-12-19,07:15,13.8,12.2,90.0,SE,14.5,17.7,1024.38,2.29,0,0,0,,
2025-12-19,07:30,13.6,11.7,90.0,ESE,11.3,17.7,1024.38,2.29,0,0,0,,
2025-12-19,07:45,13.6,11.7,90.0,ESE,11.3,17.7,1024.28,2.29,0,0,0,,
2025-12-19,08:00,13.4,11.7,89.0,ESE,6.4,14.5,1024.25,2.29,0,0,0,,
2025-12-19,08:15,13.2,11.1,89.0,ESE,9.7,14.5,1024.25,2.29,0,0,11,,
2025-12-19,08:30,13.0,11.1,89.0,ESE,3.2,16.1,1024.15,2.29,0,0,18,,
2025-12-19,08:45,13.1,11.1,89.0,ENE,8.0,14.5,1024.18,2.29,0,0,23,,
2025-12-19,09:00,13.1,11.1,89.0,EAST,4.8,12.9,1024.18,2.29,0,0,37,,
2025-12-19,09:15,13.2,11.1,89.0,EAST,6.4,14.5,1024.21,2.29,0,0,49,,
2025-12-19,09:30,13.5,11.7,89.0,EAST,6.4,14.5,1024.25,2.29,0,0,65,,
2025-12-19,09:45,13.6,11.7,89.0,EAST,9.7,14.5,1024.25,2.29,0,0,84,,
2025-12-19,10:00,13.7,11.7,89.0,ESE,6.4,16.1,1024.15,2.29,0,0,107,,
2025-12-19,10:15,13.8,11.7,89.0,ESE,3.2,12.9,1024.35,2.29,0,0,162,,
2025-12-19,10:30,14.2,12.2,88.0,EAST,1.6,12.9,1024.15,2.29,0,0,158,,
2025-12-19,10:45,14.3,12.2,87.0,ESE,3.2,11.3,1024.15,2.29,0,1,229,,
2025-12-19,11:00,14.5,12.2,87.0,EAST,9.7,14.5,1024.04,2.29,0,1,236,,
2025-12-19,11:15,14.7,12.2,87.0,EAST,6.4,14.5,1023.98,2.29,0,1,213,,
2025-12-19,11:30,14.6,12.2,87.0,ENE,3.2,12.9,1023.71,2.29,0,1,281,,
2025-12-19,11:45,14.9,12.8,87.0,EAST,9.7,14.5,1023.67,2.29,0,1,283,,
2025-12-19,12:00,15.1,12.8,87.0,EAST,16.1,17.7,1023.3,2.29,0,1,271,,
2025-12-19,12:15,15.4,12.8,86.0,EAST,6.4,16.1,1023.2,2.29,0,1,251,,
2025-12-19,12:30,15.2,12.8,85.0,EAST,12.9,17.7,1023.16,2.29,0,1,236,,
2025-12-19,12:45,15.3,12.8,85.0,EAST,3.2,16.1,1022.89,2.29,0,1,237,,
2025-12-19,13:00,15.6,12.8,84.0,EAST,9.7,16.1,1022.72,2.29,0,1,262,,
2025-12-19,13:15,15.7,12.8,83.0,ENE,12.9,16.1,1022.32,2.29,0,1,272,,
2025-12-19,13:30,15.6,12.2,83.0,EAST,11.3,16.1,1022.18,2.29,0,1,137,,
2025-12-19,13:45,15.4,12.2,81.0,EAST,14.5,17.7,1021.91,2.29,0,1,192,,
2025-12-19,14:00,15.6,12.2,80.0,EAST,8.0,16.1,1021.71,2.29,0,1,163,,
2025-12-19,14:15,15.5,12.2,81.0,EAST,9.7,20.9,1021.74,2.29,0,1,149,,
2025-12-19,14:30,15.4,12.2,81.0,ESE,11.3,16.1,1021.74,2.29,0,0,121,,
2025-12-19,14:45,15.4,12.2,81.0,EAST,9.7,19.3,1021.67,2.29,0,0,120,,
2025-12-19,15:00,15.4,12.2,81.0,EAST,12.9,16.1,1021.67,2.29,0,0,127,,
2025-12-19,15:15,15.4,12.2,81.0,EAST,4.8,14.5,1021.5,2.29,0,0,116,,
2025-12-19,15:30,15.4,12.2,82.0,ENE,1.6,16.1,1021.33,2.29,0,0,105,,
2025-12-19,15:45,15.3,12.2,82.0,ENE,4.8,19.3,1021.23,2.29,0,0,72,,
2025-12-19,16:00,15.2,11.7,81.0,EAST,14.5,14.5,1021.06,2.29,0,0,47,,
2025-12-19,16:15,15.1,11.7,81.0,ESE,8.0,12.9,1021.1,2.29,0,0,30,,
2025-12-19,16:30,14.9,11.7,81.0,SE,14.5,17.7,1021.1,2.29,0,0,16,,
2025-12-19,16:45,14.8,11.7,81.0,EAST,6.4,14.5,1021.2,2.29,0,0,0,,
2025-12-19,17:00,14.7,11.7,81.0,ESE,4.8,14.5,1021.03,2.29,0,0,0,,
2025-12-19,17:15,14.5,11.1,82.0,EAST,4.8,11.3,1021.06,2.29,0,0,0,,
2025-12-19,17:30,14.4,11.1,82.0,ENE,16.1,14.5,1021.1,2.29,0,0,0,,
2025-12-19,17:45,14.3,11.1,81.0,ENE,11.3,16.1,1021,2.29,0,0,0,,
2025-12-19,18:00,14.2,11.1,81.0,EAST,6.4,19.3,1020.96,2.29,0,0,0,,
2025-12-19,18:15,14.2,10.6,81.0,ESE,9.7,19.3,1020.73,2.29,0,0,0,,
2025-12-19,18:30,14.2,10.6,81.0,ENE,9.7,19.3,1020.66,2.29,0,0,0,,
2025-12-19,18:45,14.2,10.6,80.0,EAST,11.3,22.5,1020.69,2.29,0,0,0,,
2025-12-19,19:00,14.1,10.6,80.0,ENE,14.5,20.9,1020.69,2.29,0,0,0,,
2025-12-19,19:15,14.0,10.6,80.0,EAST,12.9,20.9,1020.59,2.29,0,0,0,,
2025-12-19,19:30,14.1,10.6,80.0,EAST,14.5,22.5,1020.35,2.29,0,0,0,,
2025-12-19,19:45,13.9,10.6,80.0,ESE,9.7,20.9,1020.45,2.29,0,0,0,,
2025-12-19,20:00,13.7,10.6,81.0,EAST,6.4,14.5,1020.49,2.29,0,0,0,,
2025-12-19,20:15,13.7,10.6,82.0,EAST,4.8,14.5,1020.56,2.29,0,0,0,,
2025-12-19,20:30,13.6,10.6,82.0,ENE,8.0,16.1,1020.42,2.29,0,0,0,,
2025-12-19,20:45,13.5,10.6,82.0,ESE,9.7,16.1,1020.59,2.29,0,0,0,,
2025-12-19,21:00,13.6,10.6,82.0,EAST,8.0,16.1,1020.45,2.29,0,0,0,,
2025-12-19,21:15,13.6,10.6,82.0,EAST,4.8,14.5,1020.15,2.29,0,0,0,,
2025-12-19,21:30,13.9,10.6,81.0,ESE,12.9,20.9,1019.84,2.29,0,0,0,,
2025-12-19,21:45,13.9,10.6,81.0,ESE,12.9,19.3,1020.12,2.29,0,0,0,,
2025-12-19,22:00,13.9,10.6,82.0,EAST,6.4,14.5,1019.98,2.29,0,0,0,,
2025-12-19,22:15,13.7,10.6,82.0,EAST,4.8,11.3,1019.81,2.29,0,0,0,,
2025-12-19,22:30,13.7,10.6,83.0,ESE,4.8,11.3,1019.71,2.29,0,0,0,,
2025-12-19,22:45,13.6,10.6,83.0,SE,6.4,14.5,1019.57,2.29,0,0,0,,
2025-12-19,23:00,13.6,10.6,84.0,ESE,3.2,12.9,1019.47,2.29,0,0,0,,
2025-12-19,23:15,13.6,10.6,84.0,ESE,3.2,11.3,1019.51,2.29,0,0,0,,
2025-12-19,23:30,13.5,10.6,84.0,ESE,8.0,11.3,1019.1,2.29,0,0,0,,
2025-12-19,23:45,13.5,10.6,84.0,ESE,4.8,12.9,1019,2.29,0,0,0,,
2025-12-20,00:00,13.5,10.6,84.0,ESE,4.8,14.5,1018.9,0,0,0,0,,
2025-12-20,00:15,13.5,10.6,84.0,SE,6.4,12.9,1018.66,0,0,0,0,,
2025-12-20,00:30,13.5,10.6,84.0,NORTH,0.0,12.9,1018.42,0,0,0,0,,
2025-12-20,00:45,13.4,10.6,84.0,ESE,1.6,11.3,1018.46,0,0,0,0,,
2025-12-20,01:00,13.4,10.6,84.0,ESE,4.8,8.0,1018.32,0,0,0,0,,
2025-12-20,01:15,13.4,10.6,84.0,ESE,6.4,6.4,1018.02,0,0,0,0,,
2025-12-20,01:30,13.4,10.6,84.0,ESE,6.4,11.3,1017.91,0,0,0,0,,
2025-12-20,01:45,13.4,10.6,84.0,ESE,6.4,14.5,1017.81,0,0,0,0,,
2025-12-20,02:00,13.5,10.6,83.0,SE,8.0,14.5,1017.88,0,0,0,0,,
2025-12-20,02:15,13.5,10.6,84.0,SE,6.4,14.5,1017.85,0,0,0,0,,
2025-12-20,02:30,13.4,10.6,84.0,ESE,8.0,11.3,1017.85,0,0,0,0,,
2025-12-20,02:45,13.4,10.6,84.0,ENE,8.0,11.3,1017.78,0,0,0,0,,
2025-12-20,03:00,13.4,10.6,84.0,ESE,4.8,12.9,1017.61,0,0,0,0,,
2025-12-20,03:15,13.3,10.6,84.0,ESE,4.8,12.9,1017.54,0,0,0,0,,
2025-12-20,03:30,13.2,10.6,85.0,SE,6.4,12.9,1017.58,0,0,0,0,,
2025-12-20,03:45,13.2,10.6,85.0,SE,6.4,12.9,1017.31,0,0,0,0,,
2025-12-20,04:00,13.1,10.6,85.0,SE,6.4,16.1,1017.03,0,0,0,0,,
2025-12-20,04:15,13.1,10.6,85.0,ESE,9.7,14.5,1016.7,0,0,0,0,,
2025-12-20,04:30,13.2,10.6,85.0,EAST,6.4,14.5,1016.63,0,0,0,0,,
2025-12-20,04:45,13.1,10.6,85.0,ESE,4.8,12.9,1016.42,0,0,0,0,,
2025-12-20,05:00,13.1,10.6,85.0,EAST,3.2,12.9,1016.22,0,0,0,0,,
2025-12-20,05:15,13.1,10.6,86.0,EAST,4.8,16.1,1016.05,0,0,0,0,,
2025-12-20,05:30,13.0,10.6,86.0,ESE,4.8,16.1,1015.85,0,0,0,0,,
2025-12-20,05:45,13.0,10.6,86.0,ENE,12.9,17.7,1015.88,0,0,0,0,,
2025-12-20,06:00,12.9,10.6,86.0,ESE,9.7,16.1,1015.68,0,0,0,0,,
2025-12-20,06:15,12.9,10.6,85.0,ESE,6.4,14.5,1015.85,0,0,0,0,,
2025-12-20,06:30,12.9,10.6,85.0,EAST,9.7,16.1,1015.71,0,0,0,0,,
2025-12-20,06:45,12.9,10.0,85.0,ESE,6.4,9.7,1015.71,0,0,0,0,,
2025-12-20,07:00,12.9,10.0,84.0,ESE,6.4,11.3,1015.75,0,0,0,0,,
2025-12-20,07:15,12.9,10.0,84.0,ESE,4.8,12.9,1015.71,0,0,0,0,,
2025-12-20,07:30,12.8,10.0,84.0,ESE,1.6,9.7,1015.68,0,0,0,0,,
2025-12-20,07:45,12.8,10.0,83.0,SE,3.2,11.3,1015.54,0,0,0,0,,
2025-12-20,08:00,12.9,10.0,83.0,EAST,9.7,11.3,1015.54,0,0,0,11,,
2025-12-20,08:15,12.9,10.0,83.0,ESE,3.2,12.9,1015.51,0,0,0,19,,
2025-12-20,08:30,13.0,10.0,83.0,ESE,9.7,9.7,1015.68,0,0,0,30,,
2025-12-20,08:45,13.1,10.0,83.0,ESE,6.4,11.3,1015.78,0,0,0,42,,
2025-12-20,09:00,13.1,10.0,82.0,EAST,9.7,14.5,1015.51,0,0,0,56,,
2025-12-20,09:15,13.2,10.0,82.0,ESE,4.8,14.5,1015.61,0,0,0,70,,
2025-12-20,09:30,13.3,10.0,81.0,EAST,6.4,16.1,1015.68,0,0,0,79,,
2025-12-20,09:45,13.3,10.0,81.0,EAST,8.0,14.5,1015.75,0,0,0,81,,
2025-12-20,10:00,13.4,10.0,81.0,ESE,6.4,14.5,1015.95,0,0,0,95,,
2025-12-20,10:15,13.6,10.6,82.0,ENE,12.9,6.4,1016.12,0,0,0,100,,
2025-12-20,10:30,13.7,10.6,82.0,ESE,4.8,17.7,1016.22,0,0,0,121,,
2025-12-20,10:45,13.9,10.6,82.0,ESE,9.7,17.7,1016.12,0,0,1,162,,
2025-12-20,11:00,14.1,11.1,82.0,ESE,4.8,14.5,1015.95,0,0,1,185,,
2025-12-20,11:15,14.3,11.1,81.0,ESE,12.9,14.5,1015.65,0,0,1,199,,
2025-12-20,11:30,14.4,10.6,80.0,ESE,12.9,19.3,1015.34,0,0,1,181,,
2025-12-20,11:45,14.6,11.1,80.0,ENE,8.0,17.7,1015.17,0,0,1,190,,
2025-12-20,12:00,14.7,10.6,78.0,EAST,9.7,19.3,1014.87,0,0,1,216,,
2025-12-20,12:15,14.7,10.6,76.0,ESE,11.3,19.3,1014.63,0,0,1,209,,
2025-12-20,12:30,14.7,10.0,75.0,EAST,11.3,19.3,1014.43,0,0,1,192,,
2025-12-20,12:45,14.8,10.0,75.0,ENE,16.1,22.5,1014.36,0,0,1,185,,
2025-12-20,13:00,14.9,10.6,75.0,EAST,3.2,17.7,1014.16,0,0,1,181,,
2025-12-20,13:15,14.9,10.0,74.0,ESE,9.7,16.1,1014.16,0,0,1,178,,
2025-12-20,13:30,14.9,10.0,74.0,EAST,11.3,17.7,1013.95,0,0,1,176,,
2025-12-20,13:45,15.1,10.0,74.0,EAST,6.4,16.1,1013.65,0,0,1,178,,
2025-12-20,14:00,15.0,10.0,74.0,ESE,9.7,16.1,1013.68,0,0,0,107,,
2025-12-20,14:15,14.9,10.0,74.0,ESE,12.9,16.1,1013.61,0,0,0,90,,
2025-12-20,14:30,14.9,10.6,75.0,ESE,4.8,11.3,1013.72,0,0,0,97,,
2025-12-20,14:45,14.9,10.6,76.0,ESE,4.8,14.5,1013.58,0,0,0,74,,
2025-12-20,15:00,14.8,10.6,76.0,ESE,14.5,14.5,1013.61,0,0,0,77,,
2025-12-20,15:15,14.8,10.6,77.0,ESE,4.8,16.1,1013.61,0,0,0,120,,
2025-12-20,15:30,14.9,10.6,76.0,EAST,6.4,14.5,1013.58,0,0,0,74,,
2025-12-20,15:45,14.9,10.6,76.0,ESE,11.3,14.5,1013.51,0,0,0,51,,
2025-12-20,16:00,14.9,10.6,77.0,SE,4.8,12.9,1013.48,0,0,0,28,,
2025-12-20,16:15,14.7,10.6,77.0,ESE,1.6,6.4,1013.61,0,0,0,19,,
2025-12-20,16:30,14.6,10.6,78.0,ESE,4.8,6.4,1013.51,0,0,0,11,,
2025-12-20,16:45,14.4,10.6,78.0,SE,6.4,11.3,1013.58,0,0,0,7,,
2025-12-20,17:00,14.1,10.6,79.0,SE,11.3,12.9,1013.58,0,0,0,0,,
2025-12-20,17:15,13.6,10.0,80.0,ESE,14.5,14.5,1013.51,0,0,0,0,,
2025-12-20,17:30,13.2,10.0,82.0,ESE,11.3,16.1,1013.41,0,0,0,0,,
2025-12-20,17:45,13.0,10.0,83.0,ESE,6.4,17.7,1013.41,0,0,0,0,,
2025-12-20,18:00,12.9,10.0,84.0,ESE,6.4,14.5,1013.38,0,0,0,0,,
2025-12-20,18:15,12.8,10.0,85.0,EAST,6.4,14.5,1013.31,0,0,0,0,,
2025-12-20,18:30,12.8,10.0,85.0,ESE,12.9,14.5,1013.41,0,0,0,0,,
2025-12-20,18:45,12.6,10.0,86.0,EAST,4.8,16.1,1013.38,0,0,0,0,,
2025-12-20,19:00,12.8,10.0,86.0,ENE,9.7,14.5,1013.44,0,0,0,0,,
2025-12-20,19:15,12.9,10.6,85.0,ESE,6.4,16.1,1013.41,0,0,0,0,,
2025-12-20,19:30,12.8,10.0,85.0,EAST,3.2,16.1,1013.34,0,0,0,0,,
2025-12-20,19:45,12.6,10.0,86.0,SE,8.0,12.9,1013.48,0,0,0,0,,
2025-12-20,20:00,12.6,10.0,86.0,SE,3.2,8.0,1013.44,0,0,0,0,,
2025-12-20,20:15,12.6,10.0,86.0,SE,1.6,6.4,1013.41,0,0,0,0,,
2025-12-20,20:30,12.6,10.0,86.0,ESE,6.4,6.4,1013.31,0,0,0,0,,
2025-12-20,20:45,12.6,10.0,86.0,ESE,4.8,9.7,1013.31,0,0,0,0,,
2025-12-20,21:00,12.6,10.0,86.0,ESE,4.8,6.4,1013.48,0,0,0,0,,
2025-12-20,21:15,12.7,10.0,85.0,SE,3.2,9.7,1013.44,0,0,0,0,,
2025-12-20,21:30,12.7,10.0,85.0,NORTH,0.0,6.4,1013.34,0,0,0,0,,
2025-12-20,21:45,12.8,10.0,85.0,NORTH,0.0,0.0,1013.38,0,0,0,0,,
2025-12-20,22:00,12.7,10.0,86.0,SE,3.2,4.8,1013.31,0,0,0,0,,
2025-12-20,22:15,12.5,10.0,86.0,NORTH,0.0,3.2,1013.31,0,0,0,0,,
2025-12-20,22:30,12.4,10.0,87.0,NORTH,0.0,1.6,1013.14,0,0,0,0,,
2025-12-20,22:45,12.2,10.0,88.0,NORTH,0.0,0.0,1013.17,0,0,0,0,,
2025-12-20,23:00,12.1,10.0,88.0,NORTH,0.0,0.0,1012.97,0,0,0,0,,
2025-12-20,23:15,11.9,10.0,88.0,NORTH,0.0,0.0,1012.94,0,0,0,0,,
2025-12-20,23:30,11.9,10.0,89.0,NORTH,0.0,0.0,1012.8,0,0,0,0,,
2025-12-20,23:45,11.9,10.0,89.0,NORTH,0.0,0.0,1012.8,0,0,0,0,,
2025-12-21,00:00,11.8,10.0,89.0,NORTH,0.0,0.0,1012.5,0,0,0,0,,
2025-12-21,00:15,11.9,10.0,90.0,NORTH,0.0,1.6,1012.5,0,0,0,0,,
2025-12-21,00:30,12.0,10.0,90.0,NORTH,0.0,0.0,1012.5,0,0,0,0,,
2025-12-21,00:45,12.1,10.0,90.0,NORTH,0.0,0.0,1012.43,0,0,0,0,,
2025-12-21,01:00,12.1,10.0,90.0,NORTH,0.0,0.0,1012.16,0,0,0,0,,
2025-12-21,01:15,12.1,10.0,90.0,NORTH,0.0,3.2,1011.95,0,0,0,0,,
2025-12-21,01:30,12.0,10.0,89.0,NORTH,0.0,3.2,1011.79,0,0,0,0,,
2025-12-21,01:45,12.1,10.0,89.0,NORTH,0.0,1.6,1011.92,0,0,0,0,,
2025-12-21,02:00,11.9,10.0,89.0,NORTH,0.0,3.2,1011.75,0,0,0,0,,
2025-12-21,02:15,11.9,10.0,89.0,NORTH,0.0,4.8,1011.72,0,0,0,0,,
2025-12-21,02:30,12.2,10.6,89.0,NORTH,0.0,9.7,1011.65,0,0,0,0,,
2025-12-21,02:45,12.2,10.6,89.0,NORTH,0.0,6.4,1011.51,0,0,0,0,,
2025-12-21,03:00,12.2,10.6,89.0,NORTH,0.0,3.2,1011.48,0,0,0,0,,
2025-12-21,03:15,12.2,10.6,89.0,NORTH,0.0,4.8,1011.38,0,0,0,0,,
2025-12-21,03:30,12.3,10.6,89.0,EAST,1.6,6.4,1011.14,0,0,0,0,,
2025-12-21,03:45,12.3,10.6,89.0,ESE,1.6,9.7,1011.21,0,0,0,0,,
2025-12-21,04:00,12.4,10.6,90.0,ESE,1.6,14.5,1011.07,0,0,0,0,,
2025-12-21,04:15,12.4,10.6,89.0,EAST,3.2,11.3,1010.94,0,0,0,0,,
2025-12-21,04:30,12.3,10.6,89.0,ESE,3.2,12.9,1010.8,0,0,0,0,,
2025-12-21,04:45,12.3,10.6,90.0,EAST,6.4,14.5,1010.63,0,0,0,0,,
2025-12-21,05:00,12.4,10.6,90.0,ESE,3.2,12.9,1010.6,0,0,0,0,,
2025-12-21,05:15,12.3,10.6,90.0,EAST,1.6,9.7,1010.6,0,0,0,0,,
2025-12-21,05:30,12.3,10.6,90.0,EAST,6.4,6.4,1010.63,0,0,0,0,,
2025-12-21,05:45,12.3,10.6,91.0,EAST,6.4,14.5,1010.46,0.25,0.25,0,0,,
2025-12-21,06:00,12.3,10.6,91.0,EAST,8.0,14.5,1010.5,0.25,0.25,0,0,,
2025-12-21,06:15,12.1,10.6,91.0,ENE,11.3,14.5,1010.5,0.25,0.25,0,0,,
2025-12-21,06:30,11.9,10.6,92.0,EAST,6.4,14.5,1010.4,0.25,0.25,0,0,,
2025-12-21,06:45,11.8,10.6,92.0,EAST,4.8,12.9,1010.46,0.25,0,0,0,,
2025-12-21,07:00,11.8,10.6,92.0,EAST,4.8,11.3,1010.46,0.51,0.25,0,0,,
2025-12-21,07:15,11.7,10.6,92.0,ESE,4.8,11.3,1010.4,0.51,0.25,0,0,,
2025-12-21,07:30,11.8,10.6,92.0,ESE,3.2,12.9,1010.57,0.51,0.25,0,0,,
2025-12-21,07:45,11.9,10.6,92.0,ESE,9.7,12.9,1010.5,0.51,0.25,0,0,,
2025-12-21,08:00,11.9,10.6,92.0,EAST,6.4,11.3,1010.74,0.51,0,0,7,,
2025-12-21,08:15,11.9,10.6,92.0,EAST,6.4,14.5,1010.5,0.51,0,0,16,,
2025-12-21,08:30,12.0,10.6,92.0,ESE,9.7,12.9,1010.57,0.51,0,0,26,,
2025-12-21,08:45,12.1,10.6,92.0,EAST,11.3,12.9,1010.63,0.51,0,0,42,,
2025-12-21,09:00,12.2,11.1,93.0,ESE,6.4,12.9,1010.6,0.51,0,0,58,,
2025-12-21,09:15,12.2,11.1,93.0,EAST,11.3,14.5,1010.63,0.51,0,0,74,,
2025-12-21,09:30,12.3,11.1,93.0,EAST,4.8,14.5,1010.74,0.51,0,0,97,,
2025-12-21,09:45,12.5,11.1,93.0,EAST,11.3,14.5,1010.74,0.51,0,0,111,,
2025-12-21,10:00,12.6,11.1,93.0,EAST,9.7,16.1,1010.74,0.51,0,0,144,,
2025-12-21,10:15,12.7,11.1,92.0,EAST,6.4,14.5,1010.7,0.51,0,1,185,,
2025-12-21,10:30,12.9,11.7,92.0,EAST,6.4,16.1,1010.53,0.51,0,1,204,,
2025-12-21,10:45,13.0,11.7,91.0,ESE,4.8,14.5,1010.53,0.51,0,1,199,,
2025-12-21,11:00,13.1,11.7,91.0,EAST,11.3,16.1,1010.23,0.51,0,1,229,,
2025-12-21,11:15,13.4,11.7,91.0,EAST,9.7,12.9,1010.13,0.51,0,1,253,,
2025-12-21,11:30,13.6,11.7,90.0,EAST,1.6,14.5,1009.85,0.51,0,1,265,,
2025-12-21,11:45,13.6,11.7,88.0,EAST,3.2,14.5,1009.58,0.51,0,1,297,,
2025-12-21,12:00,13.8,11.7,87.0,NORTH,0.0,17.7,1009.45,0.51,0,1,262,,
2025-12-21,12:15,14.1,11.7,85.0,ESE,11.3,14.5,1009.28,0.51,0,1,227,,
2025-12-21,12:30,14.2,11.1,83.0,ESE,4.8,16.1,1009.18,0.51,0,1,221,,
2025-12-21,12:45,14.3,11.7,84.0,ENE,6.4,14.5,1008.94,0.51,0,1,209,,
2025-12-21,13:00,14.3,11.7,84.0,ENE,11.3,17.7,1008.97,0.51,0,1,218,,
2025-12-21,13:15,14.2,11.7,84.0,EAST,6.4,17.7,1008.81,0.51,0,1,234,,
2025-12-21,13:30,14.7,11.7,84.0,SE,4.8,14.5,1008.6,0.51,0,1,199,,
2025-12-21,13:45,14.6,11.7,83.0,EAST,9.7,16.1,1008.47,0.51,0,0,120,,
2025-12-21,14:00,14.6,11.7,83.0,EAST,4.8,17.7,1008.4,0.51,0,1,162,,
2025-12-21,14:15,14.6,11.7,83.0,ESE,9.7,17.7,1008.23,0.51,0,0,90,,
2025-12-21,14:30,14.4,11.7,83.0,EAST,9.7,16.1,1008.26,0.51,0,0,39,,
2025-12-21,14:45,14.3,11.7,84.0,EAST,9.7,12.9,1008.4,0.51,0,0,35,,
2025-12-21,15:00,14.3,11.7,85.0,ESE,6.4,12.9,1008.36,0.51,0,0,32,,
2025-12-21,15:15,14.2,11.7,85.0,EAST,6.4,11.3,1008.5,0.51,0,0,19,,
2025-12-21,15:30,14.1,11.7,85.0,SE,8.0,14.5,1008.57,0.51,0,0,12,,
2025-12-21,15:45,14.0,11.1,85.0,ESE,11.3,17.7,1008.74,0.76,0.51,0,0,,
2025-12-21,16:00,13.9,11.7,87.0,SE,6.4,19.3,1008.57,2.29,2.03,0,0,,
2025-12-21,16:15,13.3,11.1,87.0,ESE,9.7,16.1,1008.67,2.29,2.03,0,7,,
2025-12-21,16:30,13.2,11.1,88.0,NORTH,0.0,11.3,1008.64,2.29,2.03,0,11,,
2025-12-21,16:45,13.1,11.1,89.0,ESE,4.8,16.1,1008.74,2.29,1.52,0,9,,
2025-12-21,17:00,13.0,11.1,89.0,ESE,6.4,16.1,1008.6,2.29,0,0,0,,
2025-12-21,17:15,12.9,11.1,89.0,EAST,6.4,12.9,1008.5,2.29,0,0,0,,
2025-12-21,17:30,12.8,11.1,89.0,ESE,4.8,17.7,1008.57,2.29,0,0,0,,
2025-12-21,17:45,12.6,10.6,89.0,ESE,6.4,17.7,1008.64,2.29,0,0,0,,
2025-12-21,18:00,12.4,10.6,90.0,ESE,11.3,16.1,1008.81,2.29,0,0,0,,
2025-12-21,18:15,12.4,10.6,90.0,ESE,6.4,17.7,1008.67,2.29,0,0,0,,
2025-12-21,18:30,12.4,10.6,90.0,EAST,11.3,17.7,1008.84,2.29,0,0,0,,
2025-12-21,18:45,12.3,10.6,90.0,EAST,6.4,12.9,1008.91,2.29,0,0,0,,
2025-12-21,19:00,12.4,10.6,90.0,EAST,4.8,14.5,1008.81,2.29,0,0,0,,
2025-12-21,19:15,12.3,10.6,90.0,ESE,3.2,14.5,1008.84,2.29,0,0,0,,
2025-12-21,19:30,12.2,10.6,90.0,ESE,4.8,11.3,1008.84,2.29,0,0,0,,
2025-12-21,19:45,12.2,10.6,91.0,EAST,6.4,12.9,1008.97,2.29,0,0,0,,
2025-12-21,20:00,12.1,10.6,91.0,EAST,4.8,11.3,1008.84,2.29,0,0,0,,
2025-12-21,20:15,12.1,10.6,91.0,ESE,9.7,14.5,1009.04,2.29,0,0,0,,
2025-12-21,20:30,12.1,10.6,91.0,ESE,4.8,14.5,1009.14,2.29,0,0,0,,
2025-12-21,20:45,12.2,10.6,91.0,ESE,9.7,12.9,1009.35,2.29,0,0,0,,
2025-12-21,21:00,12.1,10.6,90.0,EAST,11.3,14.5,1009.25,2.29,0,0,0,,
2025-12-21,21:15,12.2,10.6,90.0,ESE,4.8,14.5,1009.11,2.29,0,0,0,,
2025-12-21,21:30,12.1,10.6,90.0,ESE,11.3,16.1,1009.28,2.29,0,0,0,,
2025-12-21,21:45,12.1,10.6,90.0,ESE,4.8,12.9,1009.31,2.29,0,0,0,,
2025-12-21,22:00,12.0,10.6,90.0,ESE,3.2,11.3,1009.01,2.29,0,0,0,,
2025-12-21,22:15,11.9,10.0,91.0,EAST,6.4,9.7,1009.01,2.29,0,0,0,,
2025-12-21,22:30,11.9,10.0,91.0,ESE,6.4,12.9,1009.14,2.29,0,0,0,,
2025-12-21,22:45,11.9,10.0,91.0,ESE,6.4,11.3,1009.04,2.29,0,0,0,,
2025-12-21,23:00,11.9,10.0,91.0,SE,8.0,12.9,1009.08,2.29,0,0,0,,
2025-12-21,23:15,11.9,10.0,91.0,SE,6.4,12.9,1009.28,2.29,0,0,0,,
2025-12-21,23:30,11.8,10.0,91.0,SE,8.0,14.5,1009.21,2.29,0,0,0,,
2025-12-21,23:45,11.8,10.0,91.0,SE,6.4,16.1,1009.18,2.29,0,0,0,,
2025-12-22,00:00,11.9,10.6,91.0,SE,6.4,11.3,1008.97,0,0,0,0,,
2025-12-22,00:15,11.9,10.6,91.0,SE,8.0,11.3,1009.01,0,0,0,0,,
2025-12-22,00:30,11.9,10.6,91.0,SE,6.4,8.0,1008.74,0,0,0,0,,
2025-12-22,00:45,11.9,10.0,91.0,SE,4.8,11.3,1008.74,0,0,0,0,,
2025-12-22,01:00,11.8,10.0,90.0,ESE,4.8,9.7,1008.67,0,0,0,0,,
2025-12-22,01:15,11.6,10.0,90.0,ESE,4.8,6.4,1008.57,0,0,0,0,,
2025-12-22,01:30,11.4,10.0,90.0,ESE,4.8,6.4,1008.16,0,0,0,0,,
2025-12-22,01:45,11.4,10.0,91.0,ESE,4.8,11.3,1008.23,0,0,0,0,,
2025-12-22,02:00,11.3,9.4,90.0,EAST,6.4,9.7,1008.16,0,0,0,0,,
2025-12-22,02:15,11.3,9.4,91.0,ESE,11.3,11.3,1008.33,0,0,0,0,,
2025-12-22,02:30,11.3,9.4,91.0,ESE,9.7,11.3,1008.47,0,0,0,0,,
2025-12-22,02:45,11.4,10.0,91.0,ESE,4.8,12.9,1008.43,0,0,0,0,,
2025-12-22,03:00,11.5,10.0,91.0,ESE,6.4,11.3,1008.3,0,0,0,0,,
2025-12-22,03:15,11.6,10.0,91.0,EAST,9.7,12.9,1008.26,0,0,0,0,,
2025-12-22,03:30,11.5,10.0,91.0,ESE,9.7,12.9,1008.26,0,0,0,0,,
2025-12-22,03:45,11.4,10.0,91.0,ESE,9.7,14.5,1008.03,0,0,0,0,,
2025-12-22,04:00,11.3,10.0,91.0,ESE,11.3,14.5,1007.92,0,0,0,0,,
2025-12-22,04:15,11.3,10.0,91.0,ESE,9.7,17.7,1007.69,0,0,0,0,,
2025-12-22,04:30,10.9,9.4,91.0,ESE,6.4,12.9,1007.55,0,0,0,0,,
2025-12-22,04:45,10.9,9.4,92.0,SE,8.0,14.5,1007.45,0,0,0,0,,
2025-12-22,05:00,11.1,9.4,91.0,SE,6.4,14.5,1007.55,0,0,0,0,,
2025-12-22,05:15,11.1,9.4,91.0,ESE,6.4,12.9,1007.45,0,0,0,0,,
2025-12-22,05:30,10.9,9.4,91.0,ESE,6.4,11.3,1007.18,0,0,0,0,,
2025-12-22,05:45,10.8,9.4,91.0,ESE,9.7,12.9,1007.21,0,0,0,0,,
2025-12-22,06:00,10.8,9.4,91.0,ESE,9.7,12.9,1007.18,0,0,0,0,,
2025-12-22,06:15,10.6,8.9,91.0,EAST,6.4,14.5,1006.87,0,0,0,0,,
2025-12-22,06:30,10.7,8.9,91.0,ESE,9.7,12.9,1006.87,0,0,0,0,,
2025-12-22,06:45,10.8,9.4,91.0,ESE,11.3,14.5,1006.91,0,0,0,0,,
2025-12-22,07:00,10.6,8.9,91.0,EAST,6.4,14.5,1007.04,0,0,0,0,,
2025-12-22,07:15,10.7,8.9,91.0,SE,11.3,16.1,1007.15,0,0,0,0,,
2025-12-22,07:30,10.8,9.4,91.0,ESE,6.4,16.1,1006.91,0,0,0,0,,
2025-12-22,07:45,10.9,9.4,90.0,SE,8.0,14.5,1006.94,0,0,0,0,,
2025-12-22,08:00,11.0,9.4,90.0,ESE,9.7,14.5,1007.08,0,0,0,12,,
2025-12-22,08:15,11.1,9.4,90.0,SE,11.3,12.9,1007.18,0,0,0,21,,
2025-12-22,08:30,11.4,9.4,90.0,ESE,9.7,14.5,1007.52,0,0,0,26,,
2025-12-22,08:45,11.6,9.4,89.0,ESE,6.4,14.5,1007.48,0,0,0,44,,
2025-12-22,09:00,12.1,10.0,87.0,ESE,3.2,12.9,1007.55,0,0,0,185,,
2025-12-22,09:15,12.4,10.0,86.0,EAST,4.8,8.0,1007.62,0,0,0,216,,
2025-12-22,09:30,12.7,10.0,86.0,ESE,12.9,12.9,1007.72,0,0,0,294,,
2025-12-22,09:45,13.1,10.6,85.0,SE,3.2,12.9,1008.03,0,0,0,102,,
2025-12-22,10:00,13.1,10.6,86.0,EAST,1.6,9.7,1007.99,0,0,1,313,,
2025-12-22,10:15,13.6,11.1,85.0,SE,12.9,17.7,1007.79,0,0,1,392,,
2025-12-22,10:30,13.4,10.6,84.0,SE,6.4,17.7,1008.06,0,0,1,301,,
2025-12-22,10:45,13.3,10.6,84.0,SE,14.5,17.7,1007.96,0,0,1,301,,
2025-12-22,11:00,13.7,11.1,85.0,SSE,16.1,17.7,1007.59,0,0,1,457,,
2025-12-22,11:15,13.7,11.1,85.0,ESE,12.9,20.9,1007.48,0,0,1,547,,
2025-12-22,11:30,13.9,11.1,85.0,SE,11.3,22.5,1007.04,0,0,1,350,,
2025-12-22,11:45,13.8,11.1,85.0,SE,17.7,24.1,1007.04,0,0,1,297,,
2025-12-22,12:00,14.0,11.7,86.0,SE,11.3,22.5,1007.15,0,0,1,452,,
2025-12-22,12:15,14.4,11.7,84.0,SE,16.1,25.7,1006.87,0,0,2,608,,
2025-12-22,12:30,14.6,11.7,83.0,SE,8.0,24.1,1007.01,0,0,1,466,,
2025-12-22,12:45,14.4,11.7,83.0,SE,17.7,27.4,1006.77,0,0,1,355,,
2025-12-22,13:00,14.4,11.7,84.0,SSE,17.7,24.1,1006.57,0,0,1,466,,
2025-12-22,13:15,14.4,11.7,84.0,SSE,11.3,24.1,1006.3,0,0,1,130,,
2025-12-22,13:30,14.6,11.7,83.0,SE,12.9,24.1,1006.2,0,0,1,188,,
2025-12-22,13:45,14.7,11.7,82.0,SE,17.7,25.7,1006.13,0,0,1,403,,
2025-12-22,14:00,14.8,11.7,82.0,SE,14.5,25.7,1006.06,0,0,1,304,,
2025-12-22,14:15,14.5,11.1,82.0,SE,16.1,27.4,1006.1,0,0,1,179,,
2025-12-22,14:30,14.3,11.7,84.0,SSE,6.4,24.1,1006.13,0,0,1,193,,
2025-12-22,14:45,14.3,11.7,85.0,SE,14.5,24.1,1005.83,0,0,1,155,,
2025-12-22,15:00,14.3,11.7,85.0,ESE,8.0,24.1,1005.79,0,0,0,146,,
2025-12-22,15:15,14.2,11.7,86.0,SE,14.5,24.1,1005.89,0,0,0,113,,
2025-12-22,15:30,13.9,11.7,87.0,SE,17.7,27.4,1005.89,0,0,0,97,,
2025-12-22,15:45,13.9,11.7,87.0,SE,12.9,25.7,1005.89,0,0,0,76,,
2025-12-22,16:00,13.6,11.7,87.0,SSE,12.9,24.1,1005.76,0,0,0,46,,
2025-12-22,16:15,13.3,11.1,87.0,SSE,17.7,24.1,1005.79,0,0,0,32,,
2025-12-22,16:30,13.3,11.1,87.0,SE,1.6,22.5,1005.76,0,0,0,18,,
2025-12-22,16:45,13.3,11.1,87.0,ESE,4.8,20.9,1005.79,0,0,0,0,,
2025-12-22,17:00,13.2,11.1,87.0,SE,14.5,22.5,1005.35,0,0,0,0,,
2025-12-22,17:15,13.2,10.6,87.0,ESE,12.9,24.1,1005.28,0,0,0,0,,
2025-12-22,17:30,13.3,11.1,86.0,SSE,14.5,25.7,1005.49,0,0,0,0,,
2025-12-22,17:45,13.3,11.1,86.0,SE,19.3,24.1,1005.49,0,0,0,0,,
2025-12-22,18:00,13.4,11.1,86.0,SE,12.9,22.5,1005.52,0,0,0,0,,
2025-12-22,18:15,13.3,11.1,87.0,ESE,19.3,22.5,1005.42,0,0,0,0,,
2025-12-22,18:30,13.1,11.1,88.0,ESE,14.5,24.1,1005.66,0,0,0,0,,
2025-12-22,18:45,12.9,10.6,88.0,SE,19.3,25.7,1005.62,0,0,0,0,,
2025-12-22,19:00,12.7,10.6,88.0,SE,14.5,25.7,1005.59,0,0,0,0,,
2025-12-22,19:15,12.6,10.6,89.0,ESE,19.3,25.7,1005.49,0,0,0,0,,
2025-12-22,19:30,12.5,10.6,88.0,SE,12.9,27.4,1005.62,0,0,0,0,,
2025-12-22,19:45,12.4,10.6,89.0,SE,8.0,22.5,1005.89,0,0,0,0,,
2025-12-22,20:00,12.2,10.0,89.0,ESE,6.4,25.7,1005.79,0,0,0,0,,
2025-12-22,20:15,12.3,10.6,89.0,ESE,12.9,24.1,1005.89,0,0,0,0,,
2025-12-22,20:30,12.3,10.6,89.0,ESE,16.1,19.3,1006.13,0,0,0,0,,
2025-12-22,20:45,12.3,10.6,89.0,SE,8.0,19.3,1006.03,0,0,0,0,,
2025-12-22,21:00,12.2,10.0,89.0,ESE,12.9,19.3,1005.89,0,0,0,0,,
2025-12-22,21:15,12.1,10.0,89.0,ESE,12.9,19.3,1005.89,0,0,0,0,,
2025-12-22,21:30,11.9,10.0,89.0,ESE,9.7,20.9,1005.89,0,0,0,0,,
2025-12-22,21:45,11.8,10.0,89.0,SE,8.0,17.7,1005.69,0,0,0,0,,
2025-12-22,22:00,11.7,10.0,89.0,SE,16.1,22.5,1005.52,0,0,0,0,,
2025-12-22,22:15,11.8,10.0,89.0,SE,14.5,24.1,1005.62,0,0,0,0,,
2025-12-22,22:30,11.9,10.0,89.0,SE,12.9,22.5,1005.99,0,0,0,0,,
2025-12-22,22:45,11.8,10.0,89.0,SE,19.3,22.5,1005.66,0,0,0,0,,
2025-12-22,23:00,11.9,10.0,89.0,SE,8.0,20.9,1005.66,0,0,0,0,,
2025-12-22,23:15,11.8,10.0,89.0,SE,11.3,19.3,1005.42,0,0,0,0,,
2025-12-22,23:30,11.7,10.0,89.0,SE,12.9,19.3,1005.25,0,0,0,0,,
2025-12-22,23:45,11.6,10.0,89.0,SE,16.1,17.7,1005.05,0,0,0,0,,
2025-12-23,00:00,11.4,9.4,89.0,ESE,9.7,19.3,1004.98,0,0,0,0,,
2025-12-23,00:15,11.3,9.4,90.0,SE,8.0,22.5,1004.78,0,0,0,0,,
2025-12-23,00:30,11.3,9.4,90.0,ESE,9.7,19.3,1004.81,0,0,0,0,,
2025-12-23,00:45,11.3,9.4,89.0,SE,8.0,20.9,1004.81,0,0,0,0,,
2025-12-23,01:00,11.4,9.4,89.0,ESE,12.9,17.7,1004.78,0.25,0.25,0,0,,
2025-12-23,01:15,11.2,9.4,88.0,SSE,6.4,19.3,1005.11,1.52,1.52,0,0,,
2025-12-23,01:30,10.7,8.9,89.0,SSE,12.9,17.7,1005.08,3.05,3.05,0,0,,
2025-12-23,01:45,10.2,8.3,90.0,SSE,12.9,16.1,1005.49,3.3,3.3,0,0,,
2025-12-23,02:00,10.1,8.3,91.0,SE,4.8,12.9,1005.69,3.3,3.05,0,0,,
2025-12-23,02:15,9.3,7.8,91.0,SE,6.4,17.7,1005.86,3.3,1.78,0,0,,
2025-12-23,02:30,9.1,7.8,91.0,SE,8.0,16.1,1005.86,3.3,0.51,0,0,,
2025-12-23,02:45,8.9,7.2,91.0,SE,11.3,16.1,1005.79,3.3,0.25,0,0,,
2025-12-23,03:00,8.9,7.2,92.0,SE,8.0,17.7,1005.69,3.3,0.25,0,0,,
2025-12-23,03:15,8.8,7.2,92.0,SE,8.0,8.0,1005.96,3.3,0,0,0,,
2025-12-23,03:30,8.8,7.2,92.0,SE,3.2,11.3,1005.99,3.3,0,0,0,,
2025-12-23,03:45,8.8,7.2,92.0,SE,6.4,8.0,1005.89,3.56,0.25,0,0,,
2025-12-23,04:00,8.8,7.2,92.0,ESE,3.2,9.7,1005.86,3.56,0.25,0,0,,
2025-12-23,04:15,8.8,7.2,92.0,SE,4.8,9.7,1005.76,3.56,0.25,0,0,,
2025-12-23,04:30,8.7,7.2,92.0,SE,3.2,9.7,1005.79,3.56,0.25,0,0,,
2025-12-23,04:45,8.7,7.2,92.0,SE,3.2,6.4,1005.59,3.81,0.25,0,0,,
2025-12-23,05:00,8.6,7.2,92.0,NORTH,0.0,11.3,1005.38,4.06,0.51,0,0,,
2025-12-23,05:15,8.6,7.2,92.0,EAST,3.2,6.4,1005.35,4.32,0.51,0,0,,
2025-12-23,05:30,8.5,7.2,92.0,EAST,4.8,9.7,1005.22,4.32,0.51,0,0,,
2025-12-23,05:45,8.6,7.2,92.0,ESE,3.2,11.3,1005.05,4.32,0.51,0,0,,
2025-12-23,06:00,8.6,7.2,92.0,ESE,3.2,9.7,1004.98,4.32,0.25,0,0,,
2025-12-23,06:15,8.4,7.2,92.0,SE,11.3,16.1,1004.84,4.32,0,0,0,,
2025-12-23,06:30,8.4,7.2,93.0,ESE,11.3,16.1,1005.22,4.32,0,0,0,,
2025-12-23,06:45,8.3,7.2,93.0,SE,6.4,17.7,1005.11,4.32,0,0,0,,
2025-12-23,07:00,8.3,7.2,93.0,SE,8.0,14.5,1005.25,4.32,0,0,0,,
2025-12-23,07:15,8.3,7.2,93.0,SE,11.3,12.9,1005.45,4.32,0,0,0,,
2025-12-23,07:30,8.4,7.2,93.0,SE,8.0,14.5,1005.42,4.32,0,0,0,,
2025-12-23,07:45,8.4,7.2,93.0,SSE,6.4,11.3,1005.45,4.32,0.25,0,0,,
2025-12-23,08:00,8.3,7.2,93.0,SSE,3.2,9.7,1005.55,4.32,0.25,0,7,,
2025-12-23,08:15,8.3,7.2,93.0,NORTH,0.0,9.7,1005.83,4.32,0.25,0,14,,
2025-12-23,08:30,8.2,6.7,93.0,NORTH,0.0,6.4,1005.69,4.32,0.25,0,28,,
2025-12-23,08:45,8.2,7.2,93.0,NORTH,0.0,0.0,1005.83,4.57,0.25,0,54,,
2025-12-23,09:00,8.2,7.2,93.0,SSE,1.6,3.2,1005.86,4.57,0.25,0,65,,
2025-12-23,09:15,8.3,7.2,93.0,NORTH,0.0,3.2,1006.03,4.57,0.25,0,62,,
2025-12-23,09:30,8.3,7.2,93.0,NORTH,0.0,0.0,1006.23,4.57,0.25,0,79,,
2025-12-23,09:45,8.4,7.2,94.0,NORTH,0.0,0.0,1006.23,4.57,0,0,107,,
2025-12-23,10:00,8.6,7.2,94.0,SSE,3.2,8.0,1006.27,4.57,0,0,125,,
2025-12-23,10:15,9.1,7.8,93.0,SSE,1.6,8.0,1006.33,4.57,0,0,165,,
2025-12-23,10:30,9.3,7.8,92.0,SSE,6.4,8.0,1006.54,4.57,0,0,132,,
2025-12-23,10:45,9.6,7.8,91.0,SE,1.6,9.7,1006.6,4.57,0,1,258,,
2025-12-23,11:00,9.6,7.8,89.0,SE,4.8,11.3,1006.54,4.57,0,1,454,,
2025-12-23,11:15,9.7,7.2,86.0,SSE,1.6,9.7,1006.54,4.57,0,1,199,,
2025-12-23,11:30,9.8,7.2,87.0,SE,4.8,11.3,1006.5,4.57,0,1,179,,
2025-12-23,11:45,9.9,7.8,86.0,SSE,4.8,14.5,1006.37,4.57,0,1,287,,
2025-12-23,12:00,10.3,7.8,87.0,SSE,9.7,11.3,1006.2,4.57,0,1,345,,
2025-12-23,12:15,10.3,7.8,87.0,SSE,3.2,16.1,1006.23,4.57,0,1,276,,
2025-12-23,12:30,9.8,7.2,86.0,NORTH,0.0,9.7,1006.03,4.57,0,1,167,,
2025-12-23,12:45,9.9,7.2,86.0,NORTH,0.0,9.7,1005.72,4.57,0,1,171,,
2025-12-23,13:00,9.8,7.2,85.0,WSW,1.6,3.2,1005.59,4.57,0,1,318,,
2025-12-23,13:15,10.1,6.7,79.0,NORTH,0.0,4.8,1005.42,4.57,0,1,299,,
2025-12-23,13:30,10.6,6.7,78.0,NORTH,0.0,6.4,1005.35,4.57,0,1,350,,
2025-12-23,13:45,10.3,6.1,75.0,SSE,4.8,8.0,1005.42,4.57,0,1,197,,
2025-12-23,14:00,10.3,6.1,76.0,SSW,1.6,4.8,1005.49,4.57,0,1,144,,
2025-12-23,14:15,10.4,6.7,78.0,SW,1.6,4.8,1005.45,4.57,0,0,163,,
2025-12-23,14:30,10.2,6.1,78.0,NORTH,0.0,6.4,1005.35,4.57,0,0,199,,
2025-12-23,14:45,10.3,6.1,77.0,WNW,6.4,12.9,1005.32,4.57,0,1,244,,
2025-12-23,15:00,10.7,6.7,76.0,WEST,9.7,16.1,1005.45,4.57,0,0,220,,
2025-12-23,15:15,10.3,6.7,79.0,WEST,16.1,24.1,1005.62,4.57,0,0,179,,
2025-12-23,15:30,9.8,6.7,81.0,WNW,6.4,19.3,1005.62,4.57,0,0,111,,
2025-12-23,15:45,9.6,6.7,82.0,WEST,3.2,12.9,1005.76,4.57,0,0,60,,
2025-12-23,16:00,9.6,6.7,84.0,WNW,6.4,14.5,1005.79,4.57,0,0,69,,
2025-12-23,16:15,9.3,6.7,85.0,WEST,11.3,12.9,1005.79,4.57,0,0,63,,
2025-12-23,16:30,9.2,6.7,85.0,WEST,6.4,16.1,1005.69,4.57,0,0,44,,
2025-12-23,16:45,9.1,6.7,86.0,WEST,6.4,14.5,1005.79,4.57,0,0,14,,
2025-12-23,17:00,8.8,6.1,86.0,WEST,6.4,14.5,1005.83,4.57,0,0,0,,
2025-12-23,17:15,8.7,6.1,85.0,NORTH,0.0,9.7,1005.76,4.57,0,0,0,,
2025-12-23,17:30,8.6,6.1,85.0,NORTH,0.0,6.4,1005.96,4.57,0,0,0,,
2025-12-23,17:45,8.6,6.1,85.0,NORTH,0.0,1.6,1005.96,4.57,0,0,0,,
2025-12-23,18:00,8.6,6.1,85.0,NORTH,0.0,1.6,1006.16,4.57,0,0,0,,
2025-12-23,18:15,8.6,6.1,85.0,NORTH,0.0,0.0,1006.06,4.57,0,0,0,,
2025-12-23,18:30,8.4,5.6,84.0,SW,1.6,6.4,1006.23,4.57,0,0,0,,
2025-12-23,18:45,8.6,6.1,84.0,SSW,1.6,6.4,1006.27,4.57,0,0,0,,
2025-12-23,19:00,8.6,6.1,85.0,NORTH,0.0,6.4,1006.6,4.57,0,0,0,,
2025-12-23,19:15,8.5,6.1,85.0,NORTH,0.0,6.4,1006.33,4.57,0,0,0,,
2025-12-23,19:30,8.4,5.6,85.0,NORTH,0.0,3.2,1006.23,4.57,0,0,0,,
2025-12-23,19:45,8.5,6.1,85.0,NORTH,0.0,0.0,1006.37,4.57,0,0,0,,
2025-12-23,20:00,8.6,6.1,85.0,NORTH,0.0,1.6,1006.43,4.57,0,0,0,,
2025-12-23,20:15,8.6,6.1,85.0,NORTH,0.0,0.0,1006.33,4.57,0,0,0,,
2025-12-23,20:30,8.4,6.1,85.0,NORTH,0.0,0.0,1006.33,4.57,0,0,0,,
2025-12-23,20:45,8.1,5.6,86.0,NORTH,0.0,0.0,1006.2,4.57,0,0,0,,
2025-12-23,21:00,7.9,5.6,86.0,NORTH,0.0,0.0,1006.3,4.57,0,0,0,,
2025-12-23,21:15,7.7,5.6,86.0,NORTH,0.0,0.0,1006.43,4.57,0,0,0,,
2025-12-23,21:30,7.7,5.6,86.0,NORTH,0.0,0.0,1006.33,4.57,0,0,0,,
2025-12-23,21:45,7.5,5.0,87.0,NORTH,0.0,0.0,1006.03,4.57,0,0,0,,
2025-12-23,22:00,7.6,5.6,87.0,NORTH,0.0,0.0,1006.3,4.57,0,0,0,,
2025-12-23,22:15,7.6,5.6,87.0,NORTH,0.0,1.6,1006.06,4.57,0,0,0,,
2025-12-23,22:30,7.5,5.6,87.0,NORTH,0.0,1.6,1006.2,4.57,0,0,0,,
2025-12-23,22:45,7.5,5.6,88.0,NORTH,0.0,1.6,1006.13,4.57,0,0,0,,
2025-12-23,23:00,7.6,5.6,88.0,NORTH,0.0,1.6,1005.96,4.57,0,0,0,,
2025-12-23,23:15,7.5,5.6,88.0,NORTH,0.0,1.6,1006.06,4.57,0,0,0,,
2025-12-23,23:30,7.4,5.0,87.0,NORTH,0.0,1.6,1005.83,4.57,0,0,0,,
2025-12-23,23:45,7.4,5.6,88.0,SOUTH,1.6,6.4,1005.69,4.57,0,0,0,,
2025-12-24,00:00,7.4,5.6,88.0,SOUTH,8.0,8.0,1005.69,0,0,0,0,,
2025-12-24,00:15,7.4,5.6,88.0,SSE,6.4,9.7,1005.59,0,0,0,0,,
2025-12-24,00:30,7.3,5.0,88.0,SSE,1.6,8.0,1005.49,0,0,0,0,,
2025-12-24,00:45,7.3,5.0,88.0,SE,4.8,8.0,1005.25,0,0,0,0,,
2025-12-24,01:00,7.4,5.6,88.0,SE,1.6,8.0,1005.22,0,0,0,0,,
2025-12-24,01:15,7.6,5.6,88.0,SE,8.0,11.3,1005.25,0,0,0,0,,
2025-12-24,01:30,7.7,5.6,88.0,NORTH,0.0,6.4,1005.32,0,0,0,0,,
2025-12-24,01:45,7.7,5.6,88.0,NORTH,0.0,0.0,1005.32,0,0,0,0,,
2025-12-24,02:00,7.7,5.6,89.0,NORTH,0.0,0.0,1005.25,0,0,0,0,,
2025-12-24,02:15,7.7,5.6,89.0,NORTH,0.0,1.6,1005.38,0,0,0,0,,
2025-12-24,02:30,7.9,6.1,88.0,NORTH,0.0,1.6,1005.15,0,0,0,0,,
2025-12-24,02:45,7.9,6.1,88.0,SSE,3.2,9.7,1005.25,0,0,0,0,,
2025-12-24,03:00,7.8,5.6,88.0,SSE,4.8,11.3,1005.35,0,0,0,0,,
2025-12-24,03:15,7.8,5.6,88.0,SE,4.8,11.3,1005.35,0,0,0,0,,
2025-12-24,03:30,7.8,5.6,88.0,NORTH,0.0,8.0,1005.01,0,0,0,0,,
2025-12-24,03:45,7.9,6.1,88.0,SSE,4.8,8.0,1004.98,0,0,0,0,,
2025-12-24,04:00,8.0,6.1,88.0,SSE,3.2,8.0,1004.88,0,0,0,0,,
2025-12-24,04:15,8.0,6.1,88.0,NORTH,0.0,1.6,1004.81,0,0,0,0,,
2025-12-24,04:30,7.9,6.1,88.0,NORTH,0.0,1.6,1004.61,0,0,0,0,,
2025-12-24,04:45,7.9,6.1,88.0,SSE,4.8,8.0,1004.54,0,0,0,0,,
2025-12-24,05:00,7.8,5.6,88.0,SE,4.8,12.9,1004.3,0,0,0,0,,
2025-12-24,05:15,7.9,6.1,88.0,NORTH,0.0,12.9,1004.17,0,0,0,0,,
2025-12-24,05:30,8.1,6.1,89.0,NORTH,0.0,9.7,1004.2,0,0,0,0,,
2025-12-24,05:45,8.2,6.1,89.0,SOUTH,1.6,6.4,1004.2,0,0,0,0,,
2025-12-24,06:00,8.1,6.1,89.0,NORTH,0.0,3.2,1004.17,0,0,0,0,,
2025-12-24,06:15,8.1,6.1,89.0,NORTH,0.0,1.6,1004,0,0,0,0,,
2025-12-24,06:30,7.9,6.1,89.0,NORTH,0.0,1.6,1004.17,0,0,0,0,,
2025-12-24,06:45,7.9,6.1,89.0,NORTH,0.0,1.6,1004.06,0,0,0,0,,
2025-12-24,07:00,7.9,6.1,89.0,SSE,6.4,14.5,1004.17,0,0,0,0,,
2025-12-24,07:15,7.9,6.1,89.0,SE,9.7,16.1,1004.23,0,0,0,0,,
2025-12-24,07:30,7.8,6.1,89.0,SE,11.3,14.5,1004.3,0,0,0,0,,
2025-12-24,07:45,7.7,6.1,89.0,SE,12.9,14.5,1004.4,0,0,0,0,,
2025-12-24,08:00,7.7,5.6,89.0,SE,6.4,14.5,1004.4,0,0,0,9,,
2025-12-24,08:15,7.8,6.1,89.0,SE,4.8,12.9,1004.47,0,0,0,19,,
2025-12-24,08:30,8.0,6.1,89.0,SE,4.8,11.3,1004.54,0,0,0,28,,
2025-12-24,08:45,8.1,6.1,88.0,SE,4.8,17.7,1004.5,0,0,0,39,,
2025-12-24,09:00,8.3,6.1,88.0,NORTH,0.0,14.5,1004.64,0,0,0,72,,
2025-12-24,09:15,8.5,6.1,87.0,NORTH,0.0,12.9,1004.78,0,0,0,95,,
2025-12-24,09:30,9.0,6.7,87.0,NORTH,0.0,3.2,1004.84,0,0,0,121,,
2025-12-24,09:45,8.3,6.1,88.0,NORTH,0.0,6.4,1004.78,0,0,0,111,,
2025-12-24,10:00,9.1,7.2,88.0,SE,6.4,9.7,1004.94,0,0,0,162,,
2025-12-24,10:15,9.4,7.2,86.0,SE,4.8,8.0,1004.81,0,0,0,202,,
2025-12-24,10:30,9.9,7.2,85.0,NORTH,0.0,11.3,1004.88,0,0,1,308,,
2025-12-24,10:45,10.0,7.2,83.0,SSE,9.7,11.3,1004.91,0,0,1,223,,
2025-12-24,11:00,10.1,7.2,82.0,NORTH,0.0,12.9,1004.98,0,0,0,162,,
2025-12-24,11:15,10.2,7.2,82.0,SSE,4.8,9.7,1004.74,0,0,1,221,,
2025-12-24,11:30,10.4,7.2,83.0,SE,3.2,9.7,1004.54,0,0,1,239,,
2025-12-24,11:45,10.5,7.2,82.0,SSE,1.6,17.7,1004.34,0,0,1,267,,
2025-12-24,12:00,10.8,7.8,81.0,SSE,4.8,14.5,1004.2,0,0,1,322,,
2025-12-24,12:15,10.8,7.8,82.0,SSE,6.4,12.9,1004.03,0,0,1,322,,
2025-12-24,12:30,11.0,7.8,82.0,SSE,9.7,9.7,1004,0,0,1,250,,
2025-12-24,12:45,10.8,7.2,81.0,SSE,6.4,16.1,1003.86,0,0,1,271,,
2025-12-24,13:00,11.1,7.8,80.0,SOUTH,1.6,12.9,1003.86,0,0,1,306,,
2025-12-24,13:15,11.4,7.8,80.0,ENE,1.6,9.7,1003.66,0,0,1,288,,
2025-12-24,13:30,11.6,7.8,79.0,SW,1.6,19.3,1003.45,0,0,1,244,,
2025-12-24,13:45,11.6,7.2,76.0,ENE,20.9,24.1,1003.29,0,0,1,250,,
2025-12-24,14:00,11.8,7.8,76.0,SW,1.6,14.5,1003.32,0,0,1,218,,
2025-12-24,14:15,11.6,7.2,76.0,WSW,4.8,22.5,1003.35,0,0,0,178,,
2025-12-24,14:30,11.6,7.2,76.0,SSW,8.0,12.9,1003.12,0,0,0,181,,
2025-12-24,14:45,11.6,7.2,76.0,SOUTH,3.2,6.4,1003.25,0,0,0,146,,
2025-12-24,15:00,11.5,7.2,76.0,SW,1.6,9.7,1003.45,0,0,0,83,,
2025-12-24,15:15,11.4,7.2,77.0,NORTH,0.0,14.5,1003.49,0,0,0,54,,
2025-12-24,15:30,11.3,7.2,78.0,SSW,1.6,11.3,1003.56,0,0,0,44,,
2025-12-24,15:45,10.8,7.2,79.0,SSW,3.2,12.9,1003.59,0,0,0,44,,
2025-12-24,16:00,10.8,7.2,79.0,SW,4.8,11.3,1003.73,0,0,0,39,,
2025-12-24,16:15,10.9,7.2,79.0,SW,4.8,14.5,1003.56,0,0,0,19,,
2025-12-24,16:30,10.9,7.2,79.0,SW,1.6,11.3,1003.66,0,0,0,9,,
2025-12-24,16:45,10.8,7.2,79.0,SW,1.6,12.9,1003.76,0,0,0,0,,
2025-12-24,17:00,10.6,7.2,81.0,SOUTH,3.2,8.0,1003.76,0,0,0,0,,
2025-12-24,17:15,10.3,7.2,82.0,NORTH,0.0,8.0,1003.73,0,0,0,0,,
2025-12-24,17:30,10.2,7.2,83.0,SSE,4.8,8.0,1003.69,0,0,0,0,,
2025-12-24,17:45,9.9,7.2,83.0,SSE,4.8,4.8,1003.89,0,0,0,0,,
2025-12-24,18:00,9.8,6.7,83.0,SSE,4.8,4.8,1004,0,0,0,0,,
2025-12-24,18:15,9.7,6.7,83.0,SSE,1.6,4.8,1004.03,0,0,0,0,,
2025-12-24,18:30,9.7,7.2,84.0,SSE,4.8,8.0,1004,0,0,0,0,,
2025-12-24,18:45,9.9,7.2,84.0,SE,4.8,11.3,1004.03,0,0,0,0,,
2025-12-24,19:00,10.0,7.2,84.0,SE,6.4,9.7,1004.13,0,0,0,0,,
2025-12-24,19:15,10.1,7.2,84.0,SE,6.4,9.7,1004.4,0,0,0,0,,
2025-12-24,19:30,10.2,7.2,83.0,SE,8.0,11.3,1004.4,0,0,0,0,,
2025-12-24,19:45,10.1,7.2,83.0,SE,6.4,11.3,1004.57,0,0,0,0,,
2025-12-24,20:00,10.1,7.2,84.0,SE,4.8,12.9,1004.71,0,0,0,0,,
2025-12-24,20:15,10.1,7.2,85.0,SE,8.0,14.5,1004.91,0,0,0,0,,
2025-12-24,20:30,9.9,7.2,85.0,SE,11.3,14.5,1004.88,0,0,0,0,,
2025-12-24,20:45,9.9,7.2,86.0,SE,12.9,19.3,1004.81,0,0,0,0,,
2025-12-24,21:00,9.8,7.8,86.0,SE,6.4,14.5,1004.98,0,0,0,0,,
2025-12-24,21:15,9.8,7.2,87.0,SE,12.9,14.5,1004.84,0,0,0,0,,
2025-12-24,21:30,9.7,7.2,87.0,SE,11.3,19.3,1005.01,0,0,0,0,,
2025-12-24,21:45,9.7,7.2,87.0,ESE,12.9,19.3,1004.91,0,0,0,0,,
2025-12-24,22:00,9.7,7.2,87.0,ESE,16.1,20.9,1004.94,0,0,0,0,,
2025-12-24,22:15,9.9,7.8,86.0,SE,14.5,22.5,1005.05,0,0,0,0,,
2025-12-24,22:30,9.8,7.2,86.0,ESE,12.9,22.5,1005.32,0,0,0,0,,
2025-12-24,22:45,9.8,7.2,86.0,SE,17.7,24.1,1005.38,0,0,0,0,,
2025-12-24,23:00,9.9,7.2,86.0,SE,12.9,22.5,1005.25,0,0,0,0,,
2025-12-24,23:15,9.9,7.2,86.0,SE,14.5,25.7,1005.69,0,0,0,0,,
2025-12-24,23:30,9.7,7.2,86.0,ESE,12.9,22.5,1005.79,0,0,0,0,,
2025-12-24,23:45,9.6,7.2,87.0,ESE,14.5,22.5,1005.79,0,0,0,0,,
2025-12-25,00:00,9.4,7.2,87.0,SE,12.9,20.9,1005.79,0,0,0,0,,
2025-12-25,00:15,9.3,7.2,87.0,SE,11.3,25.7,1005.93,0,0,0,0,,
2025-12-25,00:30,9.3,7.2,88.0,SE,16.1,24.1,1005.99,0,0,0,0,,
2025-12-25,00:45,9.3,7.2,88.0,SE,14.5,20.9,1005.79,0,0,0,0,,
2025-12-25,01:00,9.4,7.2,88.0,ESE,12.9,24.1,1005.79,0,0,0,0,,
2025-12-25,01:15,9.2,7.2,88.0,ESE,12.9,20.9,1005.86,0,0,0,0,,
2025-12-25,01:30,9.2,7.2,89.0,SE,14.5,19.3,1005.96,0,0,0,0,,
2025-12-25,01:45,9.4,7.8,89.0,SE,11.3,20.9,1005.99,0,0,0,0,,
2025-12-25,02:00,9.3,7.8,89.0,SE,11.3,19.3,1006.27,0,0,0,0,,
2025-12-25,02:15,9.4,7.8,90.0,SE,8.0,20.9,1006.23,0,0,0,0,,
2025-12-25,02:30,9.4,7.8,90.0,SE,8.0,17.7,1006.33,0,0,0,0,,
2025-12-25,02:45,9.5,7.8,90.0,ESE,9.7,17.7,1006.47,0,0,0,0,,
2025-12-25,03:00,9.7,7.8,90.0,SE,4.8,17.7,1006.74,0,0,0,0,,
2025-12-25,03:15,9.8,7.8,90.0,SE,11.3,17.7,1006.74,0,0,0,0,,
2025-12-25,03:30,9.8,8.3,90.0,ESE,6.4,17.7,1006.87,0,0,0,0,,
2025-12-25,03:45,9.9,8.3,90.0,SE,14.5,19.3,1006.54,0,0,0,0,,
2025-12-25,04:00,9.9,8.3,90.0,SE,11.3,17.7,1006.84,0,0,0,0,,
2025-12-25,04:15,9.8,7.8,89.0,SE,8.0,19.3,1006.77,0,0,0,0,,
2025-12-25,04:30,9.8,7.8,89.0,SE,11.3,19.3,1006.94,0,0,0,0,,
2025-12-25,04:45,9.8,7.8,89.0,SE,8.0,20.9,1006.91,0,0,0,0,,
2025-12-25,05:00,9.6,7.8,89.0,SE,14.5,16.1,1006.77,0,0,0,0,,
2025-12-25,05:15,9.7,7.8,89.0,ESE,8.0,19.3,1006.87,0,0,0,0,,
2025-12-25,05:30,9.7,7.8,89.0,ESE,6.4,16.1,1006.87,0,0,0,0,,
2025-12-25,05:45,9.6,7.8,89.0,SE,11.3,16.1,1007.11,0,0,0,0,,
2025-12-25,06:00,9.5,7.8,89.0,SE,14.5,16.1,1007.32,0,0,0,0,,
2025-12-25,06:15,9.6,7.8,89.0,ESE,12.9,17.7,1007.48,0,0,0,0,,
2025-12-25,06:30,9.6,7.8,89.0,SE,12.9,17.7,1007.62,0,0,0,0,,
2025-12-25,06:45,9.6,7.8,88.0,SE,11.3,14.5,1007.72,0,0,0,0,,
2025-12-25,07:00,9.7,7.8,88.0,SE,11.3,19.3,1008.2,0,0,0,0,,
2025-12-25,07:15,9.7,7.8,88.0,SE,8.0,16.1,1008.3,0,0,0,0,,
2025-12-25,07:30,9.6,7.8,88.0,SE,9.7,19.3,1008.47,0,0,0,0,,
2025-12-25,07:45,9.7,7.8,88.0,SE,16.1,22.5,1008.74,0,0,0,0,,
2025-12-25,08:00,9.7,7.2,87.0,SE,12.9,17.7,1009.31,0,0,0,7,,
2025-12-25,08:15,9.7,7.8,87.0,SE,11.3,17.7,1009.28,0,0,0,18,,
2025-12-25,08:30,9.8,7.8,87.0,ESE,14.5,16.1,1009.45,0,0,0,56,,
2025-12-25,08:45,10.2,8.3,88.0,ESE,12.9,20.9,1009.75,0,0,0,174,,
2025-12-25,09:00,10.5,8.3,87.0,SE,6.4,19.3,1009.89,0,0,0,116,,
2025-12-25,09:15,10.4,8.3,87.0,ESE,4.8,16.1,1010.02,0,0,0,188,,
2025-12-25,09:30,10.3,8.3,87.0,SE,12.9,14.5,1010.3,0,0,0,257,,
2025-12-25,09:45,10.9,8.3,85.0,SE,8.0,19.3,1010.43,0,0,0,283,,
2025-12-25,10:00,11.3,8.3,84.0,ESE,14.5,17.7,1010.46,0,0,1,329,,
2025-12-25,10:15,11.6,8.3,82.0,ESE,14.5,20.9,1010.57,0,0,1,359,,
2025-12-25,10:30,11.7,8.3,82.0,SE,17.7,20.9,1010.8,0,0,1,390,,
2025-12-25,10:45,12.1,8.9,82.0,SE,14.5,25.7,1010.9,0,0,1,411,,
2025-12-25,11:00,12.5,8.9,81.0,SE,19.3,22.5,1010.74,0,0,1,434,,
2025-12-25,11:15,12.7,9.4,81.0,SE,12.9,22.5,1010.6,0,0,1,452,,
2025-12-25,11:30,12.7,9.4,80.0,ESE,11.3,24.1,1010.6,0,0,1,503,,
2025-12-25,11:45,12.9,9.4,80.0,SE,14.5,24.1,1010.63,0,0,1,476,,
2025-12-25,12:00,12.8,8.9,78.0,ESE,17.7,22.5,1010.4,0,0,1,492,,
2025-12-25,12:15,12.6,8.9,78.0,SSE,12.9,25.7,1010.5,0,0,1,130,,
2025-12-25,12:30,12.7,8.9,79.0,SSE,17.7,27.4,1010.46,0,0,1,163,,
2025-12-25,12:45,12.7,9.4,81.0,SSE,19.3,25.7,1010.5,0,0,1,211,,
2025-12-25,13:00,12.1,8.9,82.0,SE,14.5,29.0,1010.33,0,0,1,200,,
2025-12-25,13:15,12.1,8.3,80.0,ESE,9.7,22.5,1010.26,0,0,1,227,,
2025-12-25,13:30,12.2,8.3,79.0,SE,14.5,22.5,1010.23,0,0,1,135,,
2025-12-25,13:45,12.3,8.9,79.0,SE,11.3,22.5,1010.19,0,0,1,221,,
2025-12-25,14:00,13.1,9.4,78.0,ESE,12.9,20.9,1010.06,0,0,1,424,,
2025-12-25,14:15,13.1,8.9,77.0,ESE,11.3,20.9,1010.06,0,0,1,376,,
2025-12-25,14:30,13.0,8.9,77.0,ESE,12.9,19.3,1010.13,0,0,1,362,,
2025-12-25,14:45,13.3,9.4,78.0,EAST,12.9,20.9,1009.99,0,0,1,62,,
2025-12-25,15:00,13.3,9.4,77.0,ESE,4.8,20.9,1010.16,0,0,1,345,,
2025-12-25,15:15,13.2,8.9,76.0,ESE,19.3,20.9,1010.4,0,0,0,295,,
2025-12-25,15:30,13.4,9.4,77.0,SE,11.3,17.7,1010.3,0,0,0,37,,
2025-12-25,15:45,12.8,8.9,77.0,SE,12.9,20.9,1010.5,0,0,0,32,,
2025-12-25,16:00,12.7,8.9,79.0,SE,12.9,20.9,1010.84,0,0,0,19,,
2025-12-25,16:15,12.5,8.9,80.0,SE,11.3,22.5,1010.87,0,0,0,19,,
2025-12-25,16:30,12.4,9.4,81.0,SE,16.1,25.7,1010.9,0,0,0,11,,
2025-12-25,16:45,12.3,9.4,82.0,SE,14.5,24.1,1011.01,0,0,0,7,,
2025-12-25,17:00,12.3,9.4,83.0,ESE,12.9,22.5,1011.04,0,0,0,0,,
2025-12-25,17:15,12.2,9.4,84.0,ESE,14.5,25.7,1011.21,0,0,0,0,,
2025-12-25,17:30,11.9,8.9,83.0,SE,14.5,22.5,1011.38,0,0,0,0,,
2025-12-25,17:45,11.9,8.9,82.0,SE,16.1,24.1,1011.62,0,0,0,0,,
2025-12-25,18:00,11.8,8.9,82.0,ESE,14.5,24.1,1011.68,0,0,0,0,,
2025-12-25,18:15,11.7,8.9,83.0,ESE,12.9,19.3,1011.79,0,0,0,0,,
2025-12-25,18:30,11.7,8.9,83.0,SE,17.7,22.5,1011.92,0,0,0,0,,
2025-12-25,18:45,11.6,8.3,83.0,ESE,12.9,19.3,1012.12,0,0,0,0,,
2025-12-25,19:00,11.6,8.9,83.0,SE,14.5,19.3,1012.09,0,0,0,0,,
2025-12-25,19:15,11.6,8.9,83.0,ESE,12.9,20.9,1012.39,0,0,0,0,,
2025-12-25,19:30,11.7,8.9,84.0,SE,12.9,22.5,1012.53,0,0,0,0,,
2025-12-25,19:45,11.5,8.9,84.0,ESE,9.7,16.1,1012.6,0,0,0,0,,
2025-12-25,20:00,11.0,8.3,84.0,EAST,11.3,14.5,1012.73,0,0,0,0,,
2025-12-25,20:15,10.7,8.3,85.0,ESE,6.4,17.7,1013.07,0,0,0,0,,
2025-12-25,20:30,10.7,8.3,86.0,ESE,8.0,16.1,1013.17,0,0,0,0,,
2025-12-25,20:45,10.8,8.3,86.0,EAST,9.7,16.1,1013.34,0,0,0,0,,
2025-12-25,21:00,10.9,8.3,85.0,EAST,12.9,19.3,1013.41,0,0,0,0,,
2025-12-25,21:15,10.9,8.3,84.0,ESE,6.4,14.5,1013.58,0,0,0,0,,
2025-12-25,21:30,10.9,8.3,84.0,ESE,11.3,17.7,1013.58,0,0,0,0,,
2025-12-25,21:45,10.9,8.3,84.0,ESE,12.9,17.7,1013.31,0,0,0,0,,
2025-12-25,22:00,10.9,8.3,84.0,ESE,8.0,16.1,1013.61,0,0,0,0,,
2025-12-25,22:15,10.9,8.3,84.0,ESE,14.5,17.7,1013.72,0,0,0,0,,
2025-12-25,22:30,10.7,7.8,84.0,ESE,11.3,16.1,1013.75,0,0,0,0,,
2025-12-25,22:45,10.7,7.8,85.0,EAST,14.5,17.7,1013.82,0,0,0,0,,
2025-12-25,23:00,10.6,7.8,85.0,ESE,11.3,17.7,1013.95,0,0,0,0,,
2025-12-25,23:15,10.6,7.8,85.0,ESE,16.1,19.3,1014.02,0,0,0,0,,
2025-12-25,23:30,10.6,8.3,86.0,ESE,11.3,22.5,1014.12,0,0,0,0,,
2025-12-25,23:45,10.8,8.3,85.0,EAST,12.9,22.5,1014.29,0,0,0,0,,
2025-12-26,00:00,11.1,8.3,85.0,EAST,14.5,24.1,1014.12,0,0,0,0,,
2025-12-26,00:15,11.1,8.3,85.0,ESE,14.5,20.9,1013.92,0,0,0,0,,
2025-12-26,00:30,11.0,8.3,84.0,EAST,9.7,20.9,1013.65,0,0,0,0,,
2025-12-26,00:45,10.8,8.3,85.0,EAST,6.4,20.9,1013.68,0,0,0,0,,
2025-12-26,01:00,10.7,8.3,86.0,ESE,12.9,20.9,1013.82,0,0,0,0,,
2025-12-26,01:15,10.8,8.3,86.0,ESE,9.7,22.5,1013.92,0,0,0,0,,
2025-12-26,01:30,10.8,8.3,86.0,ESE,9.7,16.1,1013.88,0,0,0,0,,
2025-12-26,01:45,10.7,8.3,86.0,EAST,8.0,17.7,1013.92,0,0,0,0,,
2025-12-26,02:00,10.6,8.3,86.0,ESE,16.1,16.1,1014.09,0,0,0,0,,
2025-12-26,02:15,10.7,8.3,86.0,ESE,14.5,19.3,1013.88,0,0,0,0,,
2025-12-26,02:30,10.7,8.3,86.0,EAST,9.7,20.9,1013.88,0,0,0,0,,
2025-12-26,02:45,10.7,8.3,86.0,EAST,6.4,17.7,1014.02,0,0,0,0,,
2025-12-26,03:00,10.7,8.3,86.0,ESE,6.4,17.7,1014.02,0,0,0,0,,
2025-12-26,03:15,10.8,8.3,85.0,EAST,8.0,20.9,1014.09,0,0,0,0,,
2025-12-26,03:30,10.9,8.3,85.0,EAST,11.3,20.9,1013.85,0,0,0,0,,
2025-12-26,03:45,11.1,8.3,85.0,ESE,9.7,22.5,1013.99,0,0,0,0,,
2025-12-26,04:00,11.1,8.3,85.0,ENE,14.5,19.3,1013.92,0,0,0,0,,
2025-12-26,04:15,11.2,8.9,85.0,ENE,14.5,19.3,1013.75,0,0,0,0,,
2025-12-26,04:30,11.3,8.9,85.0,ENE,12.9,19.3,1013.72,0,0,0,0,,
2025-12-26,04:45,11.4,8.9,85.0,ENE,14.5,20.9,1013.68,0,0,0,0,,
2025-12-26,05:00,11.6,8.9,85.0,EAST,16.1,22.5,1013.44,0,0,0,0,,
2025-12-26,05:15,11.7,8.9,85.0,ENE,19.3,22.5,1013.21,0,0,0,0,,
2025-12-26,05:30,11.9,9.4,85.0,EAST,20.9,24.1,1013.11,0,0,0,0,,
2025-12-26,05:45,11.9,9.4,84.0,ENE,17.7,20.9,1013.11,0,0,0,0,,
2025-12-26,06:00,11.9,8.9,84.0,EAST,6.4,17.7,1013.14,0,0,0,0,,
2025-12-26,06:15,11.8,8.9,83.0,ESE,11.3,20.9,1013.48,0,0,0,0,,
2025-12-26,06:30,11.8,8.9,84.0,EAST,20.9,24.1,1013.55,0,0,0,0,,
2025-12-26,06:45,11.7,8.9,85.0,SE,16.1,22.5,1013.82,0,0,0,0,,
2025-12-26,07:00,11.7,8.9,85.0,EAST,16.1,17.7,1013.88,0,0,0,0,,
2025-12-26,07:15,11.6,8.9,86.0,EAST,6.4,20.9,1013.92,0,0,0,0,,
2025-12-26,07:30,11.7,9.4,86.0,ESE,11.3,17.7,1014.26,0,0,0,0,,
2025-12-26,07:45,11.8,9.4,86.0,SE,8.0,19.3,1014.46,0,0,0,0,,
2025-12-26,08:00,11.7,9.4,86.0,ESE,9.7,14.5,1014.39,0,0,0,9,,
2025-12-26,08:15,11.8,9.4,86.0,ESE,11.3,19.3,1014.49,0,0,0,23,,
2025-12-26,08:30,11.9,9.4,85.0,EAST,11.3,16.1,1014.63,0,0,0,37,,
2025-12-26,08:45,12.2,9.4,85.0,ESE,6.4,16.1,1014.7,0,0,0,72,,
2025-12-26,09:00,12.2,9.4,85.0,ESE,4.8,12.9,1015.07,0,0,0,58,,
2025-12-26,09:15,12.3,9.4,84.0,ESE,1.6,16.1,1015.41,0,0,0,47,,
2025-12-26,09:30,12.3,9.4,84.0,EAST,6.4,11.3,1015.31,0,0,0,54,,
2025-12-26,09:45,12.1,9.4,84.0,ENE,9.7,12.9,1015.21,0,0,0,86,,
2025-12-26,10:00,12.3,9.4,84.0,ENE,8.0,14.5,1015.34,0,0,0,86,,
2025-12-26,10:15,12.4,10.0,85.0,EAST,8.0,14.5,1015.41,0,0,0,53,,
2025-12-26,10:30,12.6,10.0,85.0,ENE,19.3,17.7,1015.27,0,0,0,67,,
2025-12-26,10:45,12.7,10.0,86.0,EAST,12.9,20.9,1015.17,0,0,0,125,,
2025-12-26,11:00,13.1,10.6,86.0,EAST,8.0,20.9,1015.27,0,0,1,199,,
2025-12-26,11:15,13.2,10.6,85.0,EAST,12.9,24.1,1015.07,0,0,1,137,,
2025-12-26,11:30,13.3,10.6,85.0,EAST,19.3,27.4,1015.27,0,0,1,216,,
2025-12-26,11:45,13.6,11.1,85.0,ENE,20.9,27.4,1014.8,0,0,1,171,,
2025-12-26,12:00,13.6,11.1,85.0,EAST,6.4,25.7,1014.43,0,0,1,223,,
2025-12-26,12:15,13.8,11.1,84.0,EAST,4.8,20.9,1014.7,0,0,1,179,,
2025-12-26,12:30,13.9,11.1,84.0,ESE,6.4,22.5,1014.83,0,0,1,128,,
2025-12-26,12:45,14.1,11.1,82.0,SE,12.9,20.9,1014.8,0,0,1,158,,
2025-12-26,13:00,14.0,10.6,80.0,EAST,16.1,20.9,1014.66,0,0,1,192,,
2025-12-26,13:15,14.2,10.6,81.0,SE,8.0,19.3,1014.66,0,0,1,197,,
2025-12-26,13:30,14.3,10.6,80.0,ESE,6.4,20.9,1014.7,0,0,1,216,,
2025-12-26,13:45,14.3,10.6,78.0,SE,12.9,24.1,1014.63,0,0,1,134,,
2025-12-26,14:00,14.2,10.6,79.0,ESE,16.1,20.9,1014.56,0,0,0,116,,
2025-12-26,14:15,14.0,10.0,78.0,SE,12.9,25.7,1014.56,0,0,0,72,,
2025-12-26,14:30,13.8,10.0,79.0,ESE,4.8,16.1,1014.29,0,0,0,76,,
2025-12-26,14:45,13.8,10.0,79.0,SE,4.8,19.3,1014.39,0,0,0,83,,
2025-12-26,15:00,13.8,10.6,80.0,ESE,6.4,17.7,1014.26,0,0,0,91,,
2025-12-26,15:15,13.8,10.6,80.0,EAST,6.4,17.7,1014.16,0,0,0,83,,
2025-12-26,15:30,13.8,10.6,81.0,EAST,11.3,11.3,1014.43,0,0,0,35,,
2025-12-26,15:45,13.6,10.0,81.0,EAST,4.8,11.3,1014.56,0,0,0,39,,
2025-12-26,16:00,13.4,10.0,81.0,SE,22.5,27.4,1015.37,0,0,0,0,,
2025-12-26,16:15,8.8,6.1,86.0,ESE,16.1,38.6,1015.48,9.4,9.4,0,0,,
2025-12-26,16:30,8.8,6.7,89.0,EAST,12.9,24.1,1015.17,10.67,10.67,0,0,,
2025-12-26,16:45,9.3,7.8,90.0,ENE,3.2,17.7,1015.24,10.92,10.92,0,0,,
2025-12-26,17:00,9.3,7.8,90.0,ENE,11.3,12.9,1015.41,10.92,10.67,0,0,,
2025-12-26,17:15,9.4,7.8,90.0,EAST,11.3,17.7,1015.58,10.92,1.52,0,0,,
2025-12-26,17:30,9.7,7.8,89.0,ENE,16.1,22.5,1015.75,10.92,0.25,0,0,,
2025-12-26,17:45,9.8,7.8,89.0,EAST,8.0,17.7,1015.58,10.92,0,0,0,,
2025-12-26,18:00,9.9,7.8,88.0,ENE,12.9,16.1,1015.88,10.92,0,0,0,,
2025-12-26,18:15,10.3,7.8,87.0,ENE,8.0,19.3,1015.88,10.92,0,0,0,,
2025-12-26,18:30,10.6,8.3,85.0,EAST,14.5,17.7,1015.82,10.92,0,0,0,,
2025-12-26,18:45,10.8,8.3,84.0,EAST,12.9,20.9,1015.85,10.92,0,0,0,,
2025-12-26,19:00,10.8,8.3,85.0,EAST,11.3,19.3,1015.75,10.92,0,0,0,,
2025-12-26,19:15,10.9,8.3,84.0,EAST,12.9,24.1,1016.19,10.92,0,0,0,,
2025-12-26,19:30,10.9,8.3,84.0,EAST,12.9,22.5,1016.36,10.92,0,0,0,,
2025-12-26,19:45,10.8,8.3,85.0,EAST,11.3,17.7,1016.63,10.92,0,0,0,,
2025-12-26,20:00,10.7,7.8,84.0,NE,11.3,20.9,1016.7,10.92,0,0,0,,
2025-12-26,20:15,10.7,7.8,83.0,EAST,11.3,19.3,1016.97,10.92,0,0,0,,
2025-12-26,20:30,10.6,7.2,82.0,ESE,24.1,25.7,1016.97,10.92,0,0,0,,
2025-12-26,20:45,10.4,7.2,80.0,ENE,12.9,24.1,1016.97,10.92,0,0,0,,
2025-12-26,21:00,10.4,6.7,79.0,ESE,17.7,25.7,1017.14,10.92,0,0,0,,
2025-12-26,21:15,10.4,7.2,80.0,ENE,20.9,32.2,1017.37,10.92,0,0,0,,
2025-12-26,21:30,10.1,7.2,82.0,ESE,14.5,32.2,1017.2,10.92,0,0,0,,
2025-12-26,21:45,10.0,7.2,84.0,ENE,11.3,25.7,1017.17,10.92,0,0,0,,
2025-12-26,22:00,10.1,7.2,84.0,ENE,19.3,24.1,1017.24,10.92,0,0,0,,
2025-12-26,22:15,10.2,7.2,83.0,ENE,17.7,20.9,1017.54,10.92,0,0,0,,
2025-12-26,22:30,10.0,7.2,84.0,EAST,9.7,17.7,1017.51,10.92,0,0,0,,
2025-12-26,22:45,9.8,7.2,84.0,EAST,12.9,17.7,1017.54,10.92,0,0,0,,
2025-12-26,23:00,9.6,6.7,84.0,ESE,12.9,19.3,1017.54,10.92,0,0,0,,
2025-12-26,23:15,9.7,6.7,84.0,ENE,14.5,20.9,1017.44,10.92,0,0,0,,
2025-12-26,23:30,9.9,7.2,83.0,EAST,12.9,24.1,1017.41,10.92,0,0,0,,
2025-12-26,23:45,10.0,7.2,83.0,EAST,11.3,24.1,1017.34,10.92,0,0,0,,
2025-12-27,00:00,9.9,7.2,84.0,EAST,9.7,19.3,1017.61,0,0.25,0,0,,
2025-12-27,00:15,9.9,7.2,85.0,ESE,12.9,16.1,1017.61,0.51,0.51,0,0,,
2025-12-27,00:30,9.8,7.2,86.0,EAST,14.5,19.3,1017.37,0.51,0.76,0,0,,
2025-12-27,00:45,9.9,7.8,86.0,EAST,11.3,20.9,1017.2,0.51,0.76,0,0,,
2025-12-27,01:00,9.9,7.8,86.0,ENE,16.1,22.5,1017.14,0.51,0.51,0,0,,
2025-12-27,01:15,9.9,7.2,86.0,EAST,3.2,22.5,1017.24,0.51,0.25,0,0,,
2025-12-27,01:30,9.8,7.2,86.0,ESE,4.8,22.5,1017.27,0.51,0,0,0,,
2025-12-27,01:45,9.9,7.8,87.0,EAST,4.8,22.5,1017.61,0.76,0.25,0,0,,
2025-12-27,02:00,9.8,7.8,88.0,ENE,14.5,20.9,1017.64,1.02,0.51,0,0,,
2025-12-27,02:15,9.8,7.8,88.0,EAST,14.5,22.5,1017.75,1.02,0.51,0,0,,
2025-12-27,02:30,9.7,7.8,89.0,ENE,6.4,20.9,1017.81,1.27,0.51,0,0,,
2025-12-27,02:45,9.7,7.8,89.0,EAST,14.5,20.9,1017.81,1.27,0.51,0,0,,
2025-12-27,03:00,9.7,7.8,89.0,EAST,4.8,19.3,1017.78,1.27,0.25,0,0,,
2025-12-27,03:15,9.8,7.8,89.0,EAST,6.4,20.9,1017.54,1.27,0.25,0,0,,
2025-12-27,03:30,10.0,8.3,89.0,EAST,4.8,20.9,1017.64,1.27,0,0,0,,
2025-12-27,03:45,10.2,8.3,89.0,EAST,3.2,16.1,1017.71,1.27,0,0,0,,
2025-12-27,04:00,10.2,8.3,89.0,EAST,3.2,12.9,1017.51,1.52,0.25,0,0,,
2025-12-27,04:15,10.1,8.3,89.0,ENE,1.6,9.7,1017.78,1.52,0.25,0,0,,
2025-12-27,04:30,10.2,8.3,89.0,EAST,4.8,11.3,1017.64,1.52,0.25,0,0,,
2025-12-27,04:45,10.2,8.3,89.0,EAST,1.6,6.4,1017.51,1.52,0.25,0,0,,
2025-12-27,05:00,10.2,8.3,89.0,NORTH,0.0,4.8,1017.51,1.52,0,0,0,,
2025-12-27,05:15,10.3,8.3,89.0,SE,3.2,4.8,1017.41,1.52,0,0,0,,
2025-12-27,05:30,10.2,8.3,90.0,SE,4.8,12.9,1017.44,1.52,0,0,0,,
2025-12-27,05:45,9.9,8.3,90.0,SE,1.6,11.3,1017.71,1.52,0,0,0,,
2025-12-27,06:00,9.7,7.8,90.0,SE,6.4,11.3,1017.91,1.52,0,0,0,,
2025-12-27,06:15,9.7,7.8,90.0,SE,4.8,8.0,1017.78,1.52,0,0,0,,
2025-12-27,06:30,9.7,7.8,90.0,SE,6.4,11.3,1018.19,1.52,0,0,0,,
2025-12-27,06:45,9.7,7.8,90.0,SE,4.8,12.9,1018.12,1.52,0.25,0,0,,
2025-12-27,07:00,9.8,7.8,90.0,SE,4.8,14.5,1018.29,1.52,0.25,0,0,,
2025-12-27,07:15,9.8,7.8,90.0,SE,3.2,11.3,1018.19,1.52,0.25,0,0,,
2025-12-27,07:30,9.8,7.8,90.0,NORTH,0.0,11.3,1018.19,1.78,0.51,0,0,,
2025-12-27,07:45,9.7,7.8,89.0,NORTH,0.0,16.1,1018.8,1.78,0.25,0,0,,
2025-12-27,08:00,9.5,7.8,90.0,EAST,6.4,14.5,1018.93,1.78,0.25,0,0,,
2025-12-27,08:15,9.5,7.8,90.0,EAST,4.8,12.9,1019.07,2.03,0.51,0,0,,
2025-12-27,08:30,9.6,7.8,91.0,ESE,6.4,14.5,1019.27,2.29,0.51,0,9,,
2025-12-27,08:45,9.9,8.3,91.0,ESE,9.7,17.7,1019.51,2.79,1.02,0,12,,
2025-12-27,09:00,10.2,8.3,91.0,ENE,8.0,17.7,1019.27,3.05,1.27,0,25,,
2025-12-27,09:15,10.2,8.9,91.0,ESE,6.4,12.9,1019.54,3.3,1.52,0,35,,
2025-12-27,09:30,10.3,8.9,91.0,SE,8.0,17.7,1019.47,3.56,1.27,0,70,,
2025-12-27,09:45,10.7,8.9,91.0,SE,11.3,17.7,1019.81,3.56,0.76,0,42,,
2025-12-27,10:00,10.7,8.9,91.0,SE,3.2,9.7,1019.81,3.56,0.51,0,62,,
2025-12-27,10:15,11.1,9.4,90.0,SE,4.8,16.1,1019.84,3.56,0.25,0,139,,
2025-12-27,10:30,11.2,9.4,90.0,ESE,3.2,6.4,1019.78,3.56,0,1,287,,
2025-12-27,10:45,12.1,10.0,88.0,EAST,4.8,12.9,1019.81,3.56,0,1,396,,
2025-12-27,11:00,12.4,10.0,87.0,NORTH,0.0,12.9,1019.91,3.56,0,1,186,,
2025-12-27,11:15,11.6,9.4,89.0,NORTH,0.0,8.0,1019.91,3.56,0,1,272,,
2025-12-27,11:30,11.6,10.0,90.0,NORTH,0.0,3.2,1019.74,3.56,0,1,204,,
2025-12-27,11:45,12.1,10.6,90.0,NORTH,0.0,4.8,1019.61,3.56,0,1,207,,
2025-12-27,12:00,12.6,10.6,89.0,NORTH,0.0,6.4,1020.01,3.56,0,1,193,,
2025-12-27,12:15,12.8,10.6,89.0,NORTH,0.0,3.2,1019.51,3.56,0,1,186,,
2025-12-27,12:30,13.1,11.1,89.0,NORTH,0.0,0.0,1019.4,3.56,0,1,197,,
2025-12-27,12:45,13.3,11.1,88.0,NORTH,0.0,4.8,1019.4,3.56,0,1,174,,
2025-12-27,13:00,13.5,11.1,87.0,SE,6.4,9.7,1019.27,3.56,0,1,211,,
2025-12-27,13:15,13.6,11.1,86.0,NORTH,0.0,11.3,1019.2,3.56,0,1,125,,
2025-12-27,13:30,13.3,11.1,87.0,NORTH,0.0,14.5,1019.13,3.56,0,1,104,,
2025-12-27,13:45,13.1,11.1,88.0,SSE,1.6,6.4,1019.17,3.56,0,0,69,,
2025-12-27,14:00,12.9,11.1,88.0,NORTH,0.0,8.0,1019.2,3.56,0,1,114,,
2025-12-27,14:15,13.1,11.1,89.0,SE,3.2,3.2,1019.37,3.56,0,0,49,,
2025-12-27,14:30,12.9,11.1,89.0,NORTH,0.0,8.0,1019.47,3.81,0.25,0,111,,
2025-12-27,14:45,12.8,11.1,90.0,NORTH,0.0,4.8,1019.24,4.06,0.51,0,156,,
2025-12-27,15:00,12.8,11.1,90.0,EAST,1.6,9.7,1019.4,4.06,0.51,0,104,,
2025-12-27,15:15,12.9,11.1,90.0,NORTH,0.0,4.8,1019.44,4.06,0.51,0,42,,
2025-12-27,15:30,12.8,11.1,90.0,SE,1.6,12.9,1019.61,4.06,0.25,0,100,,
2025-12-27,15:45,13.0,11.1,89.0,SE,1.6,11.3,1019.71,4.06,0,0,90,,
2025-12-27,16:00,13.1,11.1,89.0,SE,3.2,6.4,1019.84,4.06,0,0,51,,
2025-12-27,16:15,13.0,11.1,89.0,NORTH,0.0,11.3,1019.81,4.06,0,0,37,,
2025-12-27,16:30,12.9,11.1,89.0,ESE,1.6,6.4,1019.78,4.06,0,0,30,,
2025-12-27,16:45,12.7,10.6,89.0,ESE,3.2,4.8,1019.88,4.06,0,0,16,,
2025-12-27,17:00,12.6,10.6,89.0,ESE,1.6,6.4,1020.01,4.06,0,0,0,,
2025-12-27,17:15,12.5,10.6,89.0,NORTH,0.0,6.4,1020.12,4.06,0,0,0,,
2025-12-27,17:30,12.3,10.6,89.0,NORTH,0.0,4.8,1019.91,4.06,0,0,0,,
2025-12-27,17:45,12.1,10.0,89.0,NORTH,0.0,4.8,1020.25,4.06,0,0,0,,
2025-12-27,18:00,12.1,10.0,89.0,NORTH,0.0,6.4,1020.66,4.06,0,0,0,,
2025-12-27,18:15,12.0,10.0,89.0,SE,4.8,9.7,1020.79,4.06,0,0,0,,
2025-12-27,18:30,12.0,10.0,89.0,ESE,9.7,9.7,1020.73,4.06,0,0,0,,
2025-12-27,18:45,11.9,10.0,89.0,EAST,1.6,9.7,1020.69,4.06,0,0,0,,
2025-12-27,19:00,11.8,10.0,89.0,ENE,1.6,11.3,1020.86,4.06,0,0,0,,
2025-12-27,19:15,11.6,9.4,89.0,EAST,1.6,4.8,1020.86,4.06,0,0,0,,
2025-12-27,19:30,11.3,9.4,90.0,ESE,1.6,9.7,1021,4.06,0,0,0,,
2025-12-27,19:45,11.3,9.4,90.0,SE,4.8,8.0,1020.96,4.06,0,0,0,,
2025-12-27,20:00,11.3,9.4,90.0,ESE,1.6,9.7,1021.13,4.06,0,0,0,,
2025-12-27,20:15,11.5,10.0,90.0,EAST,1.6,8.0,1020.83,4.06,0,0,0,,
2025-12-27,20:30,11.7,10.0,90.0,ENE,8.0,14.5,1021,4.06,0,0,0,,
2025-12-27,20:45,11.8,10.0,90.0,EAST,6.4,19.3,1021,4.06,0,0,0,,
2025-12-27,21:00,11.6,10.0,90.0,EAST,4.8,12.9,1021.13,4.06,0,0,0,,
2025-12-27,21:15,11.6,10.0,90.0,ESE,9.7,12.9,1021.23,4.06,0,0,0,,
2025-12-27,21:30,11.6,10.0,90.0,EAST,11.3,20.9,1021.44,4.06,0,0,0,,
2025-12-27,21:45,11.6,10.0,90.0,SE,8.0,17.7,1021.23,4.06,0,0,0,,
2025-12-27,22:00,11.5,9.4,90.0,ESE,9.7,14.5,1021.33,4.06,0,0,0,,
2025-12-27,22:15,11.5,9.4,90.0,ESE,12.9,14.5,1021.23,4.06,0,0,0,,
2025-12-27,22:30,11.4,9.4,90.0,ESE,6.4,16.1,1021.13,4.06,0,0,0,,
2025-12-27,22:45,11.4,9.4,90.0,ESE,6.4,22.5,1021.13,4.06,0,0,0,,
2025-12-27,23:00,11.3,9.4,90.0,ESE,3.2,16.1,1021.3,4.06,0,0,0,,
2025-12-27,23:15,11.3,9.4,90.0,EAST,6.4,17.7,1021.2,4.06,0,0,0,,
2025-12-27,23:30,11.2,9.4,90.0,ESE,4.8,16.1,1021.37,4.06,0,0,0,,
2025-12-27,23:45,11.1,9.4,90.0,ENE,14.5,14.5,1021.1,4.06,0,0,0,,
2025-12-28,00:00,11.3,9.4,89.0,ENE,8.0,14.5,1021.03,0,0,0,0,,
2025-12-28,00:15,11.2,9.4,89.0,EAST,11.3,16.1,1020.96,0,0,0,0,,
2025-12-28,00:30,11.2,9.4,89.0,ENE,3.2,14.5,1020.73,0,0,0,0,,
2025-12-28,00:45,11.2,9.4,89.0,ESE,1.6,17.7,1020.62,0,0,0,0,,
2025-12-28,01:00,11.0,8.9,88.0,ENE,8.0,16.1,1020.45,0,0,0,0,,
2025-12-28,01:15,11.1,8.9,89.0,ENE,3.2,14.5,1020.52,0,0,0,0,,
2025-12-28,01:30,11.0,8.9,88.0,ENE,8.0,17.7,1020.42,0,0,0,0,,
2025-12-28,01:45,10.9,8.9,88.0,EAST,4.8,16.1,1020.45,0,0,0,0,,
2025-12-28,02:00,10.7,8.3,88.0,EAST,11.3,16.1,1020.56,0,0,0,0,,
2025-12-28,02:15,10.6,8.3,88.0,ESE,6.4,16.1,1020.49,0,0,0,0,,
2025-12-28,02:30,10.5,8.3,88.0,ESE,1.6,12.9,1020.49,0,0,0,0,,
2025-12-28,02:45,10.4,8.3,88.0,ESE,3.2,6.4,1020.59,0,0,0,0,,
2025-12-28,03:00,10.4,8.3,88.0,ESE,1.6,9.7,1020.42,0,0,0,0,,
2025-12-28,03:15,10.3,8.3,88.0,NORTH,0.0,6.4,1020.42,0,0,0,0,,
2025-12-28,03:30,10.3,8.3,88.0,EAST,3.2,6.4,1020.35,0,0,0,0,,
2025-12-28,03:45,10.4,8.3,89.0,EAST,6.4,11.3,1020.39,0,0,0,0,,
2025-12-28,04:00,10.3,8.3,89.0,ESE,1.6,11.3,1020.12,0,0,0,0,,
2025-12-28,04:15,10.3,8.3,88.0,NORTH,0.0,14.5,1019.91,0,0,0,0,,
2025-12-28,04:30,10.3,8.3,88.0,EAST,3.2,12.9,1019.84,0,0,0,0,,
2025-12-28,04:45,10.2,7.8,88.0,EAST,6.4,14.5,1019.78,0,0,0,0,,
2025-12-28,05:00,10.1,7.8,88.0,EAST,4.8,12.9,1019.57,0,0,0,0,,
2025-12-28,05:15,10.3,8.3,88.0,ENE,12.9,17.7,1019.64,0,0,0,0,,
2025-12-28,05:30,9.9,7.8,88.0,EAST,6.4,16.1,1019.44,0,0,0,0,,
2025-12-28,05:45,10.1,7.8,87.0,ENE,11.3,16.1,1019.44,0,0,0,0,,
2025-12-28,06:00,10.1,7.8,87.0,EAST,11.3,16.1,1019.57,0,0,0,0,,
2025-12-28,06:15,10.2,7.8,86.0,ESE,11.3,16.1,1019.57,0,0,0,0,,
2025-12-28,06:30,10.1,7.8,86.0,EAST,11.3,14.5,1019.81,0,0,0,0,,
2025-12-28,06:45,10.0,7.2,85.0,EAST,9.7,12.9,1019.81,0,0,0,0,,
2025-12-28,07:00,10.1,7.2,85.0,EAST,8.0,16.1,1019.88,0,0,0,0,,
2025-12-28,07:15,9.9,7.2,84.0,EAST,11.3,17.7,1019.78,0,0,0,0,,
2025-12-28,07:30,9.7,7.2,85.0,EAST,6.4,14.5,1019.74,0,0,0,0,,
2025-12-28,07:45,9.8,7.2,84.0,EAST,9.7,17.7,1019.84,0,0,0,0,,
2025-12-28,08:00,9.8,7.2,84.0,EAST,9.7,16.1,1019.98,0,0,0,14,,
2025-12-28,08:15,9.8,7.2,84.0,EAST,4.8,12.9,1019.84,0,0,0,28,,
2025-12-28,08:30,9.8,7.2,86.0,ESE,1.6,11.3,1019.81,0,0,0,72,,
2025-12-28,08:45,9.7,7.2,87.0,EAST,9.7,11.3,1019.84,0,0,0,116,,
2025-12-28,09:00,10.2,7.8,86.0,ESE,6.4,11.3,1020.01,0,0,0,162,,
2025-12-28,09:15,10.6,8.3,86.0,EAST,3.2,12.9,1020.12,0,0,0,200,,
2025-12-28,09:30,10.8,8.3,86.0,ESE,4.8,11.3,1020.18,0,0,0,230,,
2025-12-28,09:45,11.1,8.9,86.0,ESE,1.6,11.3,1020.45,0,0,1,279,,
2025-12-28,10:00,11.3,8.9,86.0,NORTH,0.0,11.3,1020.49,0,0,1,323,,
2025-12-28,10:15,11.9,9.4,85.0,NORTH,0.0,0.0,1020.32,0,0,1,350,,
2025-12-28,10:30,12.6,9.4,82.0,NORTH,0.0,6.4,1020.29,0,0,1,387,,
2025-12-28,10:45,12.7,9.4,81.0,ESE,3.2,12.9,1020.12,0,0,1,410,,
2025-12-28,11:00,12.8,9.4,81.0,EAST,4.8,11.3,1020.01,0,0,1,431,,
2025-12-28,11:15,13.0,9.4,81.0,ESE,3.2,12.9,1020.05,0,0,1,445,,
2025-12-28,11:30,13.2,9.4,80.0,ESE,4.8,12.9,1019.84,0,0,1,466,,
2025-12-28,11:45,13.3,9.4,78.0,EAST,4.8,11.3,1019.64,0,0,2,476,,
2025-12-28,12:00,13.6,9.4,77.0,ESE,4.8,11.3,1019.57,0,0,2,487,,
2025-12-28,12:15,14.1,9.4,75.0,ESE,3.2,9.7,1019.2,0,0,2,494,,
2025-12-28,12:30,14.2,9.4,75.0,SE,4.8,14.5,1019.34,0,0,2,492,,
2025-12-28,12:45,14.1,10.0,77.0,SSE,8.0,12.9,1019.27,0,0,2,487,,
2025-12-28,13:00,14.2,10.0,78.0,SSE,8.0,11.3,1019.1,0,0,2,476,,
2025-12-28,13:15,14.1,10.0,78.0,SSE,3.2,9.7,1019,0,0,2,468,,
2025-12-28,13:30,14.2,10.0,77.0,SSE,4.8,12.9,1018.83,0,0,1,457,,
2025-12-28,13:45,14.6,10.0,75.0,NORTH,0.0,12.9,1018.83,0,0,1,438,,
2025-12-28,14:00,14.4,10.0,77.0,SSE,8.0,12.9,1018.76,0,0,1,403,,
2025-12-28,14:15,14.2,10.0,78.0,NORTH,0.0,12.9,1018.19,0,0,1,381,,
2025-12-28,14:30,14.1,9.4,75.0,SSE,6.4,14.5,1018.32,0,0,1,355,,
2025-12-28,14:45,14.3,10.0,77.0,NORTH,0.0,11.3,1018.42,0,0,1,323,,
2025-12-28,15:00,14.3,10.0,77.0,SE,11.3,11.3,1018.12,0,0,1,285,,
2025-12-28,15:15,14.2,10.0,78.0,SSE,9.7,11.3,1018.25,0,0,0,246,,
2025-12-28,15:30,13.9,10.0,79.0,SSE,6.4,14.5,1018.52,0,0,0,202,,
2025-12-28,15:45,13.8,10.0,79.0,SE,9.7,14.5,1018.29,0,0,0,158,,
2025-12-28,16:00,13.7,10.0,80.0,SE,12.9,14.5,1018.66,0,0,0,116,,
2025-12-28,16:15,13.6,10.6,82.0,SE,12.9,14.5,1018.83,0,0,0,74,,
2025-12-28,16:30,13.3,10.0,83.0,SSE,3.2,14.5,1018.83,0,0,0,42,,
2025-12-28,16:45,12.9,10.0,84.0,SSE,11.3,16.1,1018.8,0,0,0,19,,
2025-12-28,17:00,12.7,10.0,84.0,SSE,6.4,12.9,1018.76,0,0,0,7,,
2025-12-28,17:15,12.3,9.4,85.0,SE,8.0,16.1,1018.76,0,0,0,0,,
2025-12-28,17:30,12.2,10.0,86.0,SE,8.0,16.1,1018.76,0,0,0,0,,
2025-12-28,17:45,11.9,9.4,87.0,SE,6.4,16.1,1018.9,0,0,0,0,,
2025-12-28,18:00,11.7,9.4,87.0,SE,14.5,17.7,1018.83,0,0,0,0,,
2025-12-28,18:15,11.6,9.4,88.0,SE,11.3,17.7,1019.1,0,0,0,0,,
2025-12-28,18:30,11.6,9.4,88.0,SE,14.5,16.1,1019.37,0,0,0,0,,
2025-12-28,18:45,11.4,9.4,88.0,SE,12.9,17.7,1019.44,0,0,0,0,,
2025-12-28,19:00,11.4,9.4,88.0,SE,8.0,17.7,1019.37,0,0,0,0,,
2025-12-28,19:15,11.4,9.4,89.0,SE,11.3,16.1,1019.57,0,0,0,0,,
2025-12-28,19:30,11.4,9.4,88.0,SE,14.5,19.3,1019.74,0,0,0,0,,
2025-12-28,19:45,11.3,9.4,88.0,SE,11.3,16.1,1019.71,0,0,0,0,,
2025-12-28,20:00,11.3,9.4,88.0,SE,12.9,14.5,1019.81,0,0,0,0,,
2025-12-28,20:15,11.2,8.9,88.0,ESE,6.4,12.9,1019.78,0,0,0,0,,
2025-12-28,20:30,10.8,8.9,88.0,ESE,4.8,11.3,1019.81,0,0,0,0,,
2025-12-28,20:45,10.7,8.9,88.0,ESE,3.2,9.7,1019.81,0,0,0,0,,
2025-12-28,21:00,10.4,8.3,89.0,EAST,3.2,6.4,1019.81,0,0,0,0,,
2025-12-28,21:15,10.4,8.3,89.0,ESE,1.6,6.4,1020.01,0,0,0,0,,
2025-12-28,21:30,10.3,8.3,89.0,ESE,6.4,11.3,1020.01,0,0,0,0,,
2025-12-28,21:45,10.1,8.3,89.0,ESE,4.8,11.3,1019.64,0,0,0,0,,
2025-12-28,22:00,9.8,7.8,89.0,EAST,6.4,11.3,1019.68,0,0,0,0,,
2025-12-28,22:15,9.7,7.8,90.0,ESE,3.2,12.9,1019.78,0,0,0,0,,
2025-12-28,22:30,9.6,7.8,89.0,EAST,9.7,11.3,1019.74,0,0,0,0,,
2025-12-28,22:45,9.7,7.8,90.0,ENE,3.2,16.1,1020.01,0,0,0,0,,
2025-12-28,23:00,9.5,7.8,89.0,ESE,11.3,17.7,1019.98,0,0,0,0,,
2025-12-28,23:15,9.3,7.8,89.0,ESE,12.9,16.1,1020.18,0,0,0,0,,
2025-12-28,23:30,9.1,7.2,90.0,ESE,6.4,12.9,1020.12,0,0,0,0,,
2025-12-28,23:45,9.0,7.2,90.0,EAST,4.8,11.3,1020.15,0,0,0,0,,
2025-12-29,00:00,8.9,7.2,90.0,EAST,6.4,12.9,1019.91,0,0,0,0,,
2025-12-29,00:15,9.2,7.2,90.0,EAST,12.9,16.1,1019.64,0,0,0,0,,
2025-12-29,00:30,9.2,7.8,90.0,ESE,6.4,14.5,1019.68,0,0,0,0,,
2025-12-29,00:45,9.1,7.2,90.0,EAST,11.3,16.1,1019.81,0,0,0,0,,
2025-12-29,01:00,9.2,7.8,90.0,EAST,4.8,14.5,1019.64,0,0,0,0,,
2025-12-29,01:15,9.2,7.2,90.0,EAST,9.7,12.9,1019.64,0,0,0,0,,
2025-12-29,01:30,9.1,7.2,90.0,EAST,9.7,14.5,1019.64,0,0,0,0,,
2025-12-29,01:45,9.1,7.2,90.0,EAST,9.7,12.9,1019.71,0,0,0,0,,
2025-12-29,02:00,9.1,7.2,90.0,EAST,6.4,11.3,1019.74,0,0,0,0,,
2025-12-29,02:15,9.2,7.2,90.0,ENE,12.9,16.1,1019.74,0,0,0,0,,
2025-12-29,02:30,9.2,7.2,90.0,EAST,8.0,12.9,1019.74,0,0,0,0,,
2025-12-29,02:45,9.3,7.2,89.0,EAST,4.8,14.5,1019.78,0,0,0,0,,
2025-12-29,03:00,9.3,7.2,89.0,ENE,6.4,17.7,1019.68,0,0,0,0,,
2025-12-29,03:15,9.2,7.2,89.0,EAST,6.4,12.9,1019.74,0,0,0,0,,
2025-12-29,03:30,9.0,7.2,88.0,EAST,6.4,11.3,1019.68,0,0,0,0,,
2025-12-29,03:45,8.9,7.2,89.0,EAST,3.2,11.3,1019.57,0,0,0,0,,
2025-12-29,04:00,9.4,7.2,89.0,ESE,4.8,12.9,1019.64,0,0,0,0,,
2025-12-29,04:15,9.7,7.8,89.0,EAST,6.4,14.5,1019.68,0,0,0,0,,
2025-12-29,04:30,9.9,7.8,88.0,EAST,11.3,14.5,1019.64,0,0,0,0,,
2025-12-29,04:45,9.8,7.8,88.0,EAST,9.7,14.5,1019.64,0,0,0,0,,
2025-12-29,05:00,9.7,7.8,88.0,EAST,6.4,11.3,1019.4,0,0,0,0,,
2025-12-29,05:15,9.4,7.2,88.0,NORTH,0.0,11.3,1019.54,0,0,0,0,,
2025-12-29,05:30,9.3,7.2,88.0,NORTH,0.0,14.5,1019.3,0,0,0,0,,
2025-12-29,05:45,9.1,7.2,88.0,EAST,1.6,12.9,1019.2,0,0,0,0,,
2025-12-29,06:00,9.0,6.7,88.0,EAST,4.8,12.9,1019.24,0,0,0,0,,
2025-12-29,06:15,9.2,7.2,88.0,EAST,4.8,12.9,1019.37,0,0,0,0,,
2025-12-29,06:30,9.3,7.2,88.0,EAST,3.2,9.7,1019.03,0,0,0,0,,
2025-12-29,06:45,9.2,7.2,88.0,NORTH,0.0,11.3,1019.27,0,0,0,0,,
2025-12-29,07:00,9.2,7.2,88.0,EAST,1.6,9.7,1019.13,0,0,0,0,,
2025-12-29,07:15,9.2,7.2,88.0,NORTH,0.0,8.0,1019.1,0,0,0,0,,
2025-12-29,07:30,9.2,7.2,88.0,NORTH,0.0,6.4,1019.13,0,0,0,0,,
2025-12-29,07:45,9.0,6.7,88.0,EAST,1.6,6.4,1019.13,0,0,0,0,,
2025-12-29,08:00,9.0,7.2,88.0,EAST,1.6,6.4,1019.2,0,0,0,12,,
2025-12-29,08:15,9.3,7.2,88.0,ENE,6.4,11.3,1019.27,0,0,0,28,,
2025-12-29,08:30,9.5,7.2,88.0,EAST,1.6,12.9,1019.54,0,0,0,39,,
2025-12-29,08:45,9.5,7.2,88.0,ESE,6.4,14.5,1019.78,0,0,0,63,,
2025-12-29,09:00,9.6,7.2,88.0,ESE,9.7,11.3,1019.68,0,0,0,93,,
2025-12-29,09:15,10.2,7.8,87.0,ESE,9.7,16.1,1019.64,0,0,0,155,,
2025-12-29,09:30,10.6,8.3,86.0,ESE,11.3,17.7,1019.98,0,0,0,243,,
2025-12-29,09:45,10.9,8.3,86.0,EAST,11.3,17.7,1020.05,0,0,1,308,,
2025-12-29,10:00,11.3,8.9,86.0,ENE,4.8,16.1,1020.18,0,0,1,346,,
2025-12-29,10:15,11.4,8.9,85.0,EAST,12.9,16.1,1020.12,0,0,1,352,,
2025-12-29,10:30,11.8,8.9,84.0,EAST,4.8,14.5,1020.22,0,0,1,418,,
2025-12-29,10:45,12.2,9.4,83.0,EAST,6.4,19.3,1020.15,0,0,1,436,,
2025-12-29,11:00,12.6,9.4,83.0,EAST,8.0,14.5,1020.05,0,0,1,374,,
2025-12-29,11:15,12.8,9.4,82.0,SE,11.3,14.5,1019.91,0,0,1,396,,
2025-12-29,11:30,12.9,9.4,81.0,ESE,6.4,16.1,1019.57,0,0,1,392,,
2025-12-29,11:45,13.2,10.0,80.0,SE,8.0,17.7,1019.47,0,0,2,457,,
2025-12-29,12:00,13.7,10.0,81.0,SSE,8.0,16.1,1019.44,0,0,2,466,,
2025-12-29,12:15,13.6,10.0,80.0,SE,12.9,19.3,1019.2,0,0,1,306,,
2025-12-29,12:30,13.3,10.0,81.0,SSE,8.0,19.3,1019,0,0,2,454,,
2025-12-29,12:45,13.5,10.0,81.0,SSE,12.9,17.7,1018.56,0,0,1,448,,
2025-12-29,13:00,13.8,10.0,80.0,SSE,11.3,16.1,1018.42,0,0,2,540,,
2025-12-29,13:15,14.1,10.6,80.0,SSE,4.8,17.7,1018.15,0,0,2,489,,
2025-12-29,13:30,13.7,10.0,79.0,ESE,4.8,19.3,1018.08,0,0,1,251,,
2025-12-29,13:45,13.8,10.0,79.0,SE,6.4,19.3,1017.88,0,0,1,489,,
2025-12-29,14:00,13.9,10.6,80.0,SSE,4.8,17.7,1017.61,0,0,1,517,,
2025-12-29,14:15,14.0,10.6,80.0,SSE,11.3,17.7,1017.64,0,0,1,376,,
2025-12-29,14:30,13.9,10.6,80.0,SSE,12.9,17.7,1017.58,0,0,1,464,,
2025-12-29,14:45,13.9,10.6,80.0,SSE,8.0,17.7,1017.51,0,0,1,162,,
2025-12-29,15:00,14.0,10.6,80.0,ESE,11.3,17.7,1017.51,0,0,1,229,,
2025-12-29,15:15,13.9,10.6,80.0,SSE,12.9,16.1,1017.44,0,0,0,149,,
2025-12-29,15:30,13.6,10.0,81.0,SSE,4.8,16.1,1017.61,0,0,0,114,,
2025-12-29,15:45,13.4,10.6,82.0,SSE,9.7,12.9,1017.54,0,0,0,114,,
2025-12-29,16:00,13.3,10.6,84.0,SE,6.4,12.9,1017.54,0,0,0,74,,
2025-12-29,16:15,13.1,10.6,85.0,SE,4.8,8.0,1017.58,0,0,0,53,,
2025-12-29,16:30,12.9,10.6,85.0,SE,4.8,11.3,1017.75,0,0,0,40,,
2025-12-29,16:45,12.9,10.6,85.0,SE,12.9,16.1,1017.37,0,0,0,30,,
2025-12-29,17:00,12.7,10.0,86.0,SE,4.8,16.1,1017.61,0,0,0,11,,
2025-12-29,17:15,12.4,10.0,86.0,SE,1.6,11.3,1017.61,0,0,0,0,,
2025-12-29,17:30,12.3,10.0,87.0,SE,4.8,14.5,1017.61,0,0,0,0,,
2025-12-29,17:45,12.2,10.0,87.0,SE,3.2,12.9,1017.61,0,0,0,0,,
2025-12-29,18:00,12.1,10.0,88.0,SE,4.8,11.3,1017.75,0,0,0,0,,
2025-12-29,18:15,12.0,10.0,88.0,SE,8.0,16.1,1017.64,0,0,0,0,,
2025-12-29,18:30,11.8,10.0,89.0,SE,11.3,16.1,1017.78,0,0,0,0,,
2025-12-29,18:45,11.7,10.0,89.0,SE,11.3,16.1,1017.68,0,0,0,0,,
2025-12-29,19:00,11.7,10.0,89.0,ESE,12.9,16.1,1017.78,0,0,0,0,,
2025-12-29,19:15,11.6,10.0,89.0,SE,8.0,16.1,1017.61,0,0,0,0,,
2025-12-29,19:30,11.6,10.0,89.0,SE,11.3,14.5,1017.64,0,0,0,0,,
2025-12-29,19:45,11.6,10.0,89.0,SE,11.3,14.5,1017.51,0,0,0,0,,
2025-12-29,20:00,11.6,10.0,89.0,SE,4.8,12.9,1017.61,0,0,0,0,,
2025-12-29,20:15,11.6,9.4,89.0,SE,8.0,12.9,1017.68,0,0,0,0,,
2025-12-29,20:30,11.6,9.4,89.0,ESE,8.0,12.9,1017.64,0,0,0,0,,
2025-12-29,20:45,11.7,10.0,90.0,SE,12.9,14.5,1017.61,0,0,0,0,,
2025-12-29,21:00,11.7,10.0,90.0,ESE,12.9,14.5,1017.51,0,0,0,0,,
2025-12-29,21:15,11.6,10.0,90.0,SE,8.0,12.9,1017.61,0,0,0,0,,
2025-12-29,21:30,11.5,10.0,90.0,SE,8.0,14.5,1017.51,0,0,0,0,,
2025-12-29,21:45,11.4,9.4,90.0,SE,4.8,12.9,1017.37,0,0,0,0,,
2025-12-29,22:00,11.3,9.4,90.0,ESE,1.6,9.7,1017.31,0,0,0,0,,
2025-12-29,22:15,10.9,9.4,90.0,NORTH,0.0,1.6,1017.41,0,0,0,0,,
2025-12-29,22:30,10.3,8.3,90.0,ESE,1.6,4.8,1017.51,0,0,0,0,,
2025-12-29,22:45,10.5,8.9,91.0,ESE,3.2,6.4,1017.27,0,0,0,0,,
2025-12-29,23:00,10.5,8.9,91.0,SE,6.4,9.7,1017.31,0,0,0,0,,
2025-12-29,23:15,10.8,9.4,91.0,SE,4.8,6.4,1017.2,0,0,0,0,,
2025-12-29,23:30,11.0,9.4,91.0,SE,6.4,8.0,1017.2,0,0,0,0,,
2025-12-29,23:45,10.9,9.4,91.0,SE,6.4,6.4,1017.1,0,0,0,0,,
2025-12-30,00:00,10.7,8.9,91.0,NORTH,0.0,6.4,1017.1,0,0,0,0,,
2025-12-30,00:15,10.4,8.9,91.0,SE,1.6,3.2,1017.1,0,0,0,0,,
2025-12-30,00:30,10.3,8.9,91.0,NORTH,0.0,1.6,1016.93,0,0,0,0,,
2025-12-30,00:45,10.2,8.9,91.0,SE,3.2,3.2,1016.73,0,0,0,0,,
2025-12-30,01:00,10.1,8.3,91.0,SE,3.2,3.2,1016.56,0,0,0,0,,
2025-12-30,01:15,10.1,8.3,91.0,NORTH,0.0,3.2,1016.73,0,0,0,0,,
2025-12-30,01:30,10.1,8.9,92.0,SE,1.6,4.8,1016.46,0,0,0,0,,
2025-12-30,01:45,10.2,8.9,92.0,SE,4.8,6.4,1016.56,0,0,0,0,,
2025-12-30,02:00,10.6,8.9,92.0,SE,1.6,8.0,1016.56,0,0,0,0,,
2025-12-30,02:15,10.9,9.4,92.0,SE,3.2,4.8,1016.39,0,0,0,0,,
2025-12-30,02:30,10.7,9.4,92.0,SE,1.6,6.4,1016.36,0,0,0,0,,
2025-12-30,02:45,10.8,9.4,92.0,SE,1.6,8.0,1016.22,0.51,0.51,0,0,,
2025-12-30,03:00,10.7,9.4,92.0,NW,6.4,12.9,1016.39,0.51,0.51,0,0,,
2025-12-30,03:15,10.3,8.9,92.0,NW,1.6,4.8,1016.22,0.76,0.76,0,0,,
2025-12-30,03:30,10.3,8.9,92.0,NW,1.6,3.2,1016.19,0.76,0.76,0,0,,
2025-12-30,03:45,10.2,8.9,92.0,NORTH,0.0,3.2,1015.78,0.76,0.25,0,0,,
2025-12-30,04:00,9.9,8.3,92.0,NORTH,0.0,4.8,1015.78,0.76,0.25,0,0,,
2025-12-30,04:15,9.8,8.3,92.0,NORTH,0.0,0.0,1015.61,0.76,0,0,0,,
2025-12-30,04:30,9.7,8.3,92.0,NW,1.6,3.2,1015.44,0.76,0,0,0,,
2025-12-30,04:45,9.5,8.3,92.0,NORTH,0.0,0.0,1015.51,0.76,0,0,0,,
2025-12-30,05:00,9.8,8.3,93.0,NORTH,0.0,1.6,1015.34,0.76,0,0,0,,
2025-12-30,05:15,9.8,8.3,93.0,NORTH,0.0,3.2,1015.14,0.76,0,0,0,,
2025-12-30,05:30,9.7,8.3,93.0,NORTH,0.0,0.0,1015.07,0.76,0,0,0,,
2025-12-30,05:45,9.6,8.3,93.0,NORTH,0.0,0.0,1014.77,0.76,0,0,0,,
2025-12-30,06:00,9.6,8.3,93.0,NORTH,0.0,4.8,1014.8,0.76,0,0,0,,
2025-12-30,06:15,9.6,8.3,93.0,NORTH,0.0,1.6,1014.83,0.76,0,0,0,,
2025-12-30,06:30,9.3,8.3,93.0,NW,1.6,3.2,1014.8,0.76,0,0,0,,
2025-12-30,06:45,9.2,7.8,93.0,NW,1.6,3.2,1014.8,0.76,0,0,0,,
2025-12-30,07:00,9.1,7.8,93.0,NORTH,0.0,1.6,1014.8,0.76,0,0,0,,
2025-12-30,07:15,8.9,7.8,93.0,NORTH,0.0,0.0,1014.93,0.76,0,0,0,,
2025-12-30,07:30,8.9,7.8,93.0,WNW,1.6,4.8,1015.04,0.76,0,0,0,,
2025-12-30,07:45,9.1,7.8,93.0,WNW,1.6,4.8,1014.97,0.76,0,0,0,,
2025-12-30,08:00,9.8,8.9,94.0,SOUTH,3.2,6.4,1014.93,0.76,0,0,19,,
2025-12-30,08:15,10.0,8.9,93.0,NORTH,0.0,3.2,1014.97,0.76,0,0,14,,
2025-12-30,08:30,10.1,8.9,94.0,SOUTH,4.8,4.8,1014.9,0.76,0,0,65,,
2025-12-30,08:45,10.4,9.4,94.0,NORTH,0.0,3.2,1014.77,0.76,0,0,162,,
2025-12-30,09:00,10.8,9.4,94.0,NORTH,0.0,1.6,1015.07,0.76,0,0,146,,
2025-12-30,09:15,10.7,9.4,93.0,NORTH,0.0,3.2,1015.24,0.76,0,0,105,,
2025-12-30,09:30,11.1,10.0,94.0,NORTH,0.0,0.0,1015.07,0.76,0,0,287,,
2025-12-30,09:45,11.3,10.0,93.0,NORTH,0.0,3.2,1015.37,0.76,0,0,271,,
2025-12-30,10:00,11.6,10.0,93.0,SOUTH,1.6,3.2,1015.27,0.76,0,1,329,,
2025-12-30,10:15,11.6,10.0,92.0,NORTH,0.0,12.9,1015.37,0.76,0,1,346,,
2025-12-30,10:30,12.1,10.6,91.0,WNW,1.6,9.7,1015.34,0.76,0,1,462,,
2025-12-30,10:45,12.3,10.6,91.0,WNW,9.7,14.5,1015.44,0.76,0,1,237,,
2025-12-30,11:00,12.4,10.6,90.0,WNW,8.0,16.1,1015.34,0.76,0,1,325,,
2025-12-30,11:15,12.7,11.1,89.0,WEST,11.3,17.7,1015.31,0.76,0,1,596,,
2025-12-30,11:30,12.9,10.6,88.0,WNW,12.9,19.3,1015.24,0.76,0,1,526,,
2025-12-30,11:45,12.8,10.6,88.0,WEST,12.9,22.5,1015.14,0.76,0,2,490,,
2025-12-30,12:00,12.9,10.6,87.0,WNW,12.9,22.5,1014.8,0.76,0,2,534,,
2025-12-30,12:15,13.1,10.6,85.0,NW,14.5,27.4,1014.36,0.76,0,2,552,,
2025-12-30,12:30,12.9,10.6,85.0,WNW,12.9,27.4,1014.33,0.76,0,2,557,,
2025-12-30,12:45,13.3,10.6,86.0,NE,16.1,30.6,1014.19,0.76,0,2,550,,
2025-12-30,13:00,13.3,10.6,83.0,NW,17.7,27.4,1013.92,0.76,0,1,705,,
2025-12-30,13:15,13.1,10.0,83.0,WNW,14.5,30.6,1013.95,0.76,0,0,54,,
2025-12-30,13:30,12.7,10.0,85.0,WNW,20.9,25.7,1013.58,0.76,0,1,97,,
2025-12-30,13:45,12.7,10.0,86.0,NW,12.9,27.4,1013.55,0.76,0,0,155,,
2025-12-30,14:00,11.7,8.9,84.0,WNW,17.7,59.5,1014.02,1.02,0.25,0,39,,
2025-12-30,14:15,11.2,8.9,86.0,WNW,6.4,17.7,1013.72,1.52,0.51,0,49,,
2025-12-30,14:30,11.6,9.4,88.0,WNW,12.9,19.3,1013.48,1.52,0.51,0,51,,
2025-12-30,14:45,11.6,9.4,88.0,WEST,6.4,14.5,1013.48,1.52,0.51,0,32,,
2025-12-30,15:00,11.5,9.4,89.0,WEST,11.3,27.4,1013.51,1.52,0.51,0,26,,
2025-12-30,15:15,11.4,9.4,89.0,WNW,12.9,24.1,1013.65,1.52,0,0,26,,
2025-12-30,15:30,11.5,9.4,90.0,WNW,6.4,20.9,1013.31,1.52,0,0,70,,
2025-12-30,15:45,11.4,9.4,90.0,WNW,16.1,22.5,1013.28,1.52,0,0,148,,
2025-12-30,16:00,11.7,9.4,87.0,WEST,14.5,30.6,1013.34,1.52,0,0,98,,
2025-12-30,16:15,11.6,8.9,84.0,WNW,16.1,30.6,1013.61,1.52,0,0,77,,
2025-12-30,16:30,11.6,8.9,83.0,WNW,16.1,29.0,1013.51,1.52,0,0,44,,
2025-12-30,16:45,11.4,8.3,83.0,WNW,16.1,25.7,1013.72,1.52,0,0,14,,
2025-12-30,17:00,11.2,8.3,83.0,WNW,12.9,19.3,1013.95,1.52,0,0,7,,
2025-12-30,17:15,11.2,8.3,84.0,NW,17.7,22.5,1013.68,1.52,0,0,0,,
2025-12-30,17:30,11.1,8.3,85.0,WEST,11.3,20.9,1013.82,1.52,0,0,0,,
2025-12-30,17:45,11.1,8.3,85.0,WNW,12.9,24.1,1013.65,1.52,0,0,0,,
2025-12-30,18:00,11.1,8.3,86.0,WNW,11.3,19.3,1013.48,1.52,0,0,0,,
2025-12-30,18:15,11.1,8.9,86.0,WNW,9.7,22.5,1013.68,1.52,0,0,0,,
2025-12-30,18:30,10.9,8.3,86.0,WNW,12.9,24.1,1013.75,1.52,0,0,0,,
2025-12-30,18:45,10.6,8.3,87.0,WNW,14.5,27.4,1013.88,1.52,0,0,0,,
2025-12-30,19:00,10.3,8.3,87.0,WNW,19.3,30.6,1014.16,1.52,0,0,0,,
2025-12-30,19:15,10.1,7.8,86.0,WEST,25.7,27.4,1014.39,1.52,0,0,0,,
2025-12-30,19:30,9.8,7.2,86.0,NW,12.9,20.9,1014.33,1.52,0,0,0,,
2025-12-30,19:45,9.8,7.2,85.0,WNW,8.0,22.5,1014.39,1.52,0,0,0,,
2025-12-30,20:00,9.9,7.2,84.0,WNW,17.7,25.7,1014.46,1.52,0,0,0,,
2025-12-30,20:15,9.9,7.2,84.0,WNW,24.1,22.5,1014.39,1.52,0,0,0,,
2025-12-30,20:30,10.0,7.2,84.0,WNW,8.0,22.5,1014.63,1.52,0,0,0,,
2025-12-30,20:45,10.2,7.2,84.0,WNW,11.3,24.1,1014.83,1.52,0,0,0,,
2025-12-30,21:00,10.1,7.2,84.0,NW,12.9,22.5,1014.8,1.52,0,0,0,,
2025-12-30,21:15,10.1,7.2,84.0,NW,4.8,17.7,1014.8,1.52,0,0,0,,
2025-12-30,21:30,10.0,7.2,84.0,NORTH,0.0,16.1,1015.07,1.52,0,0,0,,
2025-12-30,21:45,9.7,7.2,84.0,NW,8.0,14.5,1015.14,1.52,0,0,0,,
2025-12-30,22:00,9.8,7.2,85.0,WNW,20.9,19.3,1015.17,1.52,0,0,0,,
2025-12-30,22:15,9.8,7.2,84.0,NW,8.0,25.7,1015.14,1.52,0,0,0,,
2025-12-30,22:30,9.6,6.7,84.0,WNW,11.3,19.3,1015.31,1.52,0,0,0,,
2025-12-30,22:45,9.6,6.7,84.0,NW,8.0,16.1,1015.24,1.52,0,0,0,,
2025-12-30,23:00,9.6,6.7,84.0,NNW,8.0,20.9,1015.27,1.52,0,0,0,,
2025-12-30,23:15,9.5,6.7,84.0,NW,9.7,19.3,1015.31,1.52,0,0,0,,
2025-12-30,23:30,9.4,6.7,83.0,NORTH,0.0,14.5,1015.17,1.52,0,0,0,,
2025-12-30,23:45,9.3,6.7,83.0,NORTH,0.0,20.9,1014.97,1.52,0,0,0,,
2025-12-31,00:00,9.1,6.1,83.0,NORTH,0.0,11.3,1014.66,0,0,0,0,,
2025-12-31,00:15,8.9,6.1,84.0,NW,8.0,6.4,1014.7,0,0,0,0,,
2025-12-31,00:30,8.9,6.1,84.0,NORTH,0.0,12.9,1014.63,0,0,0,0,,
2025-12-31,00:45,9.0,6.1,84.0,NORTH,0.0,1.6,1014.6,0,0,0,0,,
2025-12-31,01:00,9.1,6.1,84.0,NORTH,0.0,4.8,1014.53,0,0,0,0,,
2025-12-31,01:15,9.2,6.1,84.0,NORTH,0.0,1.6,1014.6,0,0,0,0,,
2025-12-31,01:30,9.2,6.1,84.0,NORTH,0.0,0.0,1014.6,0,0,0,0,,
2025-12-31,01:45,9.2,6.7,84.0,NORTH,0.0,8.0,1014.8,0,0,0,0,,
2025-12-31,02:00,9.0,6.1,85.0,NORTH,0.0,11.3,1014.9,0,0,0,0,,
2025-12-31,02:15,8.8,6.1,85.0,NORTH,0.0,0.0,1014.93,0,0,0,0,,
2025-12-31,02:30,8.7,6.1,86.0,WNW,3.2,9.7,1014.83,0.25,0.25,0,0,,
2025-12-31,02:45,8.8,6.7,88.0,NW,1.6,17.7,1014.93,0.25,0.25,0,0,,
2025-12-31,03:00,8.7,6.7,88.0,NORTH,0.0,1.6,1014.66,0.25,0.25,0,0,,
2025-12-31,03:15,8.6,6.7,89.0,NORTH,0.0,1.6,1014.83,0.25,0.25,0,0,,
2025-12-31,03:30,8.6,6.7,89.0,NW,3.2,1.6,1014.83,0.25,0,0,0,,
2025-12-31,03:45,8.6,6.7,90.0,NORTH,0.0,8.0,1014.6,0.25,0,0,0,,
2025-12-31,04:00,8.6,6.7,90.0,NORTH,0.0,3.2,1014.43,0.25,0,0,0,,
2025-12-31,04:15,8.6,6.7,90.0,NORTH,0.0,3.2,1014.43,0.25,0,0,0,,
2025-12-31,04:30,8.5,6.7,90.0,NORTH,0.0,0.0,1014.19,0.25,0,0,0,,
2025-12-31,04:45,8.5,6.7,91.0,SE,3.2,4.8,1014.12,0.25,0,0,0,,
2025-12-31,05:00,8.5,6.7,91.0,SE,4.8,6.4,1014.22,0.25,0,0,0,,
2025-12-31,05:15,8.5,6.7,91.0,SE,3.2,11.3,1014.19,0.25,0,0,0,,
2025-12-31,05:30,8.4,6.7,91.0,SE,1.6,8.0,1014.09,0.25,0,0,0,,
2025-12-31,05:45,8.4,6.7,91.0,SE,6.4,6.4,1014.12,0.25,0,0,0,,
2025-12-31,06:00,8.4,6.7,91.0,NORTH,0.0,9.7,1014.43,0.25,0,0,0,,
2025-12-31,06:15,8.4,6.7,91.0,NORTH,0.0,6.4,1014.29,0.25,0,0,0,,
2025-12-31,06:30,8.3,6.7,91.0,ESE,3.2,4.8,1014.12,0.25,0,0,0,,
2025-12-31,06:45,7.9,6.7,91.0,NORTH,0.0,4.8,1014.19,0.25,0,0,0,,
2025-12-31,07:00,7.3,5.6,91.0,SE,1.6,4.8,1014.29,0.25,0,0,0,,
2025-12-31,07:15,7.1,5.6,91.0,SE,3.2,4.8,1014.46,0.25,0,0,0,,
2025-12-31,07:30,6.9,5.6,92.0,SE,1.6,4.8,1014.39,0.25,0,0,0,,
2025-12-31,07:45,7.2,5.6,92.0,SE,4.8,8.0,1014.22,0.25,0,0,0,,
2025-12-31,08:00,7.6,6.1,92.0,SE,6.4,11.3,1014.46,0.25,0,0,9,,
2025-12-31,08:15,7.8,6.1,92.0,SE,6.4,9.7,1014.63,0.25,0,0,44,,
2025-12-31,08:30,8.3,7.2,93.0,SE,4.8,11.3,1014.73,0.25,0,0,37,,
2025-12-31,08:45,8.5,7.2,92.0,NORTH,0.0,14.5,1015.17,0.25,0,0,19,,
2025-12-31,09:00,8.6,7.2,93.0,SE,6.4,8.0,1015.24,0.25,0,0,151,,
2025-12-31,09:15,8.6,7.2,93.0,NE,4.8,8.0,1015.51,0.25,0,0,227,,
2025-12-31,09:30,8.7,7.2,93.0,NORTH,0.0,6.4,1015.34,0.25,0,0,162,,
2025-12-31,09:45,8.7,7.2,93.0,NORTH,0.0,3.2,1015.54,0.25,0,1,367,,
2025-12-31,10:00,9.4,8.3,93.0,NORTH,0.0,4.8,1015.71,0.25,0,1,388,,
2025-12-31,10:15,9.8,8.3,91.0,SSE,9.7,6.4,1015.58,0.25,0,1,378,,
2025-12-31,10:30,10.0,8.3,89.0,SE,6.4,14.5,1015.34,0.25,0,1,403,,
2025-12-31,10:45,10.3,7.8,87.0,SE,8.0,12.9,1015.61,0.25,0,1,455,,
2025-12-31,11:00,10.3,8.3,88.0,SSE,12.9,17.7,1015.41,0.25,0,1,512,,
2025-12-31,11:15,10.2,7.8,87.0,SSE,8.0,14.5,1015.48,0.25,0,1,213,,
2025-12-31,11:30,9.9,7.8,88.0,SE,14.5,16.1,1015.17,0.25,0,0,93,,
2025-12-31,11:45,9.9,7.8,88.0,SE,4.8,14.5,1015.17,0.25,0,1,216,,
2025-12-31,12:00,10.3,7.8,87.0,SSE,6.4,11.3,1014.87,0.25,0,1,555,,
2025-12-31,12:15,11.0,8.3,84.0,SSE,8.0,14.5,1014.8,0.25,0,2,568,,
2025-12-31,12:30,10.7,7.2,81.0,SE,4.8,12.9,1014.22,0.25,0,2,612,,
2025-12-31,12:45,10.7,7.8,83.0,ESE,4.8,14.5,1014.16,0.25,0,1,105,,
2025-12-31,13:00,10.8,8.3,86.0,SSE,4.8,12.9,1014.09,0.25,0,1,459,,
2025-12-31,13:15,11.3,7.8,80.0,SE,14.5,14.5,1014.16,0.25,0,2,531,,
2025-12-31,13:30,11.5,8.3,81.0,NORTH,0.0,16.1,1014.26,0.25,0,2,471,,
2025-12-31,13:45,11.4,7.2,77.0,NORTH,0.0,16.1,1013.95,0.25,0,1,462,,
2025-12-31,14:00,11.4,7.2,77.0,SE,12.9,14.5,1013.95,0.25,0,1,190,,
2025-12-31,14:15,11.2,7.2,78.0,SSE,4.8,11.3,1013.95,0.25,0,1,76,,
2025-12-31,14:30,10.7,6.7,77.0,NORTH,0.0,4.8,1013.88,0.25,0,1,69,,
2025-12-31,14:45,11.3,6.1,72.0,SW,1.6,9.7,1013.92,0.25,0,1,120,,
2025-12-31,15:00,11.4,5.6,67.0,SW,3.2,14.5,1014.02,0.25,0,1,285,,
2025-12-31,15:15,10.9,5.6,69.0,WSW,3.2,9.7,1014.26,0.25,0,0,95,,
2025-12-31,15:30,10.9,5.6,69.0,SW,1.6,8.0,1014.36,0.25,0,0,88,,
2025-12-31,15:45,10.7,5.6,71.0,NORTH,0.0,6.4,1014.53,0.25,0,0,42,,
2025-12-31,16:00,10.2,5.6,74.0,SW,1.6,4.8,1014.43,0.25,0,0,39,,
2025-12-31,16:15,9.8,5.6,76.0,NORTH,0.0,1.6,1014.29,0.25,0,0,84,,
2025-12-31,16:30,9.6,5.6,78.0,NORTH,0.0,0.0,1014.53,0.25,0,0,53,,
2025-12-31,16:45,9.3,6.1,81.0,NORTH,0.0,0.0,1014.6,0.25,0,0,26,,
2025-12-31,17:00,9.2,6.1,81.0,NORTH,0.0,0.0,1014.6,0.25,0,0,7,,
2025-12-31,17:15,9.0,5.6,81.0,NORTH,0.0,6.4,1014.83,0.25,0,0,0,,
2025-12-31,17:30,8.6,5.6,81.0,SSE,3.2,6.4,1014.87,0.25,0,0,0,,
2025-12-31,17:45,8.4,5.0,81.0,SE,3.2,4.8,1014.97,0.25,0,0,0,,
2025-12-31,18:00,8.3,5.0,81.0,SE,1.6,4.8,1015.14,0.25,0,0,0,,
2025-12-31,18:15,8.3,5.0,81.0,SE,1.6,4.8,1015.07,0.25,0,0,0,,
2025-12-31,18:30,8.4,5.0,81.0,EAST,4.8,6.4,1015.34,0.25,0,0,0,,
2025-12-31,18:45,8.6,5.0,80.0,EAST,1.6,6.4,1015.51,0.25,0,0,0,,
2025-12-31,19:00,8.3,5.0,80.0,EAST,4.8,3.2,1015.68,0.25,0,0,0,,
2025-12-31,19:15,7.9,4.4,81.0,EAST,3.2,4.8,1015.88,0.25,0,0,0,,
2025-12-31,19:30,7.7,4.4,81.0,ESE,4.8,6.4,1015.98,0.25,0,0,0,,
2025-12-31,19:45,7.7,4.4,82.0,ESE,3.2,6.4,1016.02,0.25,0,0,0,,
2025-12-31,20:00,7.6,4.4,83.0,ESE,4.8,6.4,1016.19,0.25,0,0,0,,
2025-12-31,20:15,7.5,5.0,84.0,ESE,6.4,9.7,1016.36,0.25,0,0,0,,
2025-12-31,20:30,7.7,5.0,85.0,ESE,6.4,11.3,1016.29,0.25,0,0,0,,
2025-12-31,20:45,7.8,5.6,85.0,ESE,6.4,11.3,1016.32,0.25,0,0,0,,
2025-12-31,21:00,7.9,5.6,85.0,SE,8.0,12.9,1016.39,0.25,0,0,0,,
2025-12-31,21:15,8.0,5.0,84.0,ESE,11.3,11.3,1016.63,0.25,0,0,0,,
2025-12-31,21:30,7.8,5.0,83.0,ESE,6.4,9.7,1016.66,0.25,0,0,0,,
2025-12-31,21:45,7.8,5.0,83.0,ESE,6.4,9.7,1016.66,0.25,0,0,0,,
2025-12-31,22:00,7.6,5.0,83.0,ESE,6.4,9.7,1016.9,0.25,0,0,0,,
2025-12-31,22:15,7.6,5.0,84.0,ESE,3.2,11.3,1016.97,0.25,0,0,0,,
2025-12-31,22:30,7.4,4.4,84.0,ESE,4.8,9.7,1017.03,0.25,0,0,0,,
2025-12-31,22:45,7.2,4.4,84.0,ESE,4.8,9.7,1017.07,0.25,0,0,0,,
2025-12-31,23:00,7.2,4.4,85.0,ESE,6.4,9.7,1017.1,0.25,0,0,0,,
2025-12-31,23:15,7.3,5.0,85.0,ESE,4.8,11.3,1017.03,0.25,0,0,0,,
2025-12-31,23:30,7.6,5.0,85.0,ESE,4.8,11.3,1017,0.25,0,0,0,,
2025-12-31,23:45,7.7,5.0,85.0,ESE,6.4,11.3,1017.1,0.25,0,0,0,,
2025-12-01,OVR,,,,,,,,,,,,gustmax,14.5
2025-12-01,OVR,,,,,,,,,,,,rainrate_max,8.0
2025-12-01,OVR,,,,,,,,,,,,rain_total_mm,1.2
2025-12-01,OVR,,,,,,,,,,,,tmax,15.4
2025-12-01,OVR,,,,,,,,,,,,tmin,9.5
2025-12-01,OVR,,,,,,,,,,,,wind_dir_mean_deg,112.5
2025-12-02,OVR,,,,,,,,,,,,gustmax,20.9
2025-12-02,OVR,,,,,,,,,,,,rainrate_max,
2025-12-02,OVR,,,,,,,,,,,,rain_total_mm,
2025-12-02,OVR,,,,,,,,,,,,tmax,11.9
2025-12-02,OVR,,,,,,,,,,,,tmin,7.2
2025-12-02,OVR,,,,,,,,,,,,wind_dir_mean_deg,112.5
2025-12-03,OVR,,,,,,,,,,,,gustmax,30.6
2025-12-03,OVR,,,,,,,,,,,,rainrate_max,11.4
2025-12-03,OVR,,,,,,,,,,,,rain_total_mm,2.8
2025-12-03,OVR,,,,,,,,,,,,tmax,14.0
2025-12-03,OVR,,,,,,,,,,,,tmin,9.8
2025-12-03,OVR,,,,,,,,,,,,wind_dir_mean_deg,135.0
2025-12-04,OVR,,,,,,,,,,,,gustmax,62.8
2025-12-04,OVR,,,,,,,,,,,,rainrate_max,4.8
2025-12-04,OVR,,,,,,,,,,,,rain_total_mm,4.0
2025-12-04,OVR,,,,,,,,,,,,tmax,12.6
2025-12-04,OVR,,,,,,,,,,,,tmin,8.4
2025-12-04,OVR,,,,,,,,,,,,wind_dir_mean_deg,292.5
2025-12-05,OVR,,,,,,,,,,,,gustmax,53.1
2025-12-05,OVR,,,,,,,,,,,,rainrate_max,0.8
2025-12-05,OVR,,,,,,,,,,,,rain_total_mm,0.8
2025-12-05,OVR,,,,,,,,,,,,tmax,11.6
2025-12-05,OVR,,,,,,,,,,,,tmin,7.3
2025-12-05,OVR,,,,,,,,,,,,wind_dir_mean_deg,292.5
2025-12-06,OVR,,,,,,,,,,,,gustmax,45.1
2025-12-06,OVR,,,,,,,,,,,,rainrate_max,
2025-12-06,OVR,,,,,,,,,,,,rain_total_mm,
2025-12-06,OVR,,,,,,,,,,,,tmax,13.9
2025-12-06,OVR,,,,,,,,,,,,tmin,8.8
2025-12-06,OVR,,,,,,,,,,,,wind_dir_mean_deg,292.5
2025-12-07,OVR,,,,,,,,,,,,gustmax,53.1
2025-12-07,OVR,,,,,,,,,,,,rainrate_max,
2025-12-07,OVR,,,,,,,,,,,,rain_total_mm,
2025-12-07,OVR,,,,,,,,,,,,tmax,15.4
2025-12-07,OVR,,,,,,,,,,,,tmin,12.7
2025-12-07,OVR,,,,,,,,,,,,wind_dir_mean_deg,292.5
2025-12-08,OVR,,,,,,,,,,,,gustmax,30.6
2025-12-08,OVR,,,,,,,,,,,,rainrate_max,
2025-12-08,OVR,,,,,,,,,,,,rain_total_mm,
2025-12-08,OVR,,,,,,,,,,,,tmax,16.9
2025-12-08,OVR,,,,,,,,,,,,tmin,12.2
2025-12-08,OVR,,,,,,,,,,,,wind_dir_mean_deg,292.5
2025-12-09,OVR,,,,,,,,,,,,gustmax,20.9
2025-12-09,OVR,,,,,,,,,,,,rainrate_max,0.2
2025-12-09,OVR,,,,,,,,,,,,rain_total_mm,0.2
2025-12-09,OVR,,,,,,,,,,,,tmax,15.2
2025-12-09,OVR,,,,,,,,,,,,tmin,9.9
2025-12-09,OVR,,,,,,,,,,,,wind_dir_mean_deg,112.5
2025-12-10,OVR,,,,,,,,,,,,gustmax,20.9
2025-12-10,OVR,,,,,,,,,,,,rainrate_max,
2025-12-10,OVR,,,,,,,,,,,,rain_total_mm,
2025-12-10,OVR,,,,,,,,,,,,tmax,15.9
2025-12-10,OVR,,,,,,,,,,,,tmin,10.7
2025-12-10,OVR,,,,,,,,,,,,wind_dir_mean_deg,112.5
2025-12-11,OVR,,,,,,,,,,,,gustmax,20.9
2025-12-11,OVR,,,,,,,,,,,,rainrate_max,
2025-12-11,OVR,,,,,,,,,,,,rain_total_mm,
2025-12-11,OVR,,,,,,,,,,,,tmax,15.4
2025-12-11,OVR,,,,,,,,,,,,tmin,10.1
2025-12-11,OVR,,,,,,,,,,,,wind_dir_mean_deg,112.5
2025-12-12,OVR,,,,,,,,,,,,gustmax,22.5
2025-12-12,OVR,,,,,,,,,,,,rainrate_max,
2025-12-12,OVR,,,,,,,,,,,,rain_total_mm,
2025-12-12,OVR,,,,,,,,,,,,tmax,15.7
2025-12-12,OVR,,,,,,,,,,,,tmin,8.5
2025-12-12,OVR,,,,,,,,,,,,wind_dir_mean_deg,112.5
2025-12-13,OVR,,,,,,,,,,,,gustmax,22.5
2025-12-13,OVR,,,,,,,,,,,,rainrate_max,
2025-12-13,OVR,,,,,,,,,,,,rain_total_mm,
2025-12-13,OVR,,,,,,,,,,,,tmax,16.2
2025-12-13,OVR,,,,,,,,,,,,tmin,10.6
2025-12-13,OVR,,,,,,,,,,,,wind_dir_mean_deg,90.0
2025-12-14,OVR,,,,,,,,,,,,gustmax,27.4
2025-12-14,OVR,,,,,,,,,,,,rainrate_max,
2025-12-14,OVR,,,,,,,,,,,,rain_total_mm,
2025-12-14,OVR,,,,,,,,,,,,tmax,15.3
2025-12-14,OVR,,,,,,,,,,,,tmin,9.4
2025-12-14,OVR,,,,,,,,,,,,wind_dir_mean_deg,112.5
2025-12-15,OVR,,,,,,,,,,,,gustmax,48.3
2025-12-15,OVR,,,,,,,,,,,,rainrate_max,129.4
2025-12-15,OVR,,,,,,,,,,,,rain_total_mm,39.6
2025-12-15,OVR,,,,,,,,,,,,tmax,15.8
2025-12-15,OVR,,,,,,,,,,,,tmin,12.0
2025-12-15,OVR,,,,,,,,,,,,wind_dir_mean_deg,112.5
2025-12-16,OVR,,,,,,,,,,,,gustmax,38.6
2025-12-16,OVR,,,,,,,,,,,,rainrate_max,
2025-12-16,OVR,,,,,,,,,,,,rain_total_mm,
2025-12-16,OVR,,,,,,,,,,,,tmax,15.9
2025-12-16,OVR,,,,,,,,,,,,tmin,12.5
2025-12-16,OVR,,,,,,,,,,,,wind_dir_mean_deg,135.0
2025-12-17,OVR,,,,,,,,,,,,gustmax,22.5
2025-12-17,OVR,,,,,,,,,,,,rainrate_max,
2025-12-17,OVR,,,,,,,,,,,,rain_total_mm,
2025-12-17,OVR,,,,,,,,,,,,tmax,15.1
2025-12-17,OVR,,,,,,,,,,,,tmin,10.1
2025-12-17,OVR,,,,,,,,,,,,wind_dir_mean_deg,112.5
2025-12-18,OVR,,,,,,,,,,,,gustmax,35.4
2025-12-18,OVR,,,,,,,,,,,,rainrate_max,0.2
2025-12-18,OVR,,,,,,,,,,,,rain_total_mm,0.2
2025-12-18,OVR,,,,,,,,,,,,tmax,16.1
2025-12-18,OVR,,,,,,,,,,,,tmin,12.1
2025-12-18,OVR,,,,,,,,,,,,wind_dir_mean_deg,135.0
2025-12-19,OVR,,,,,,,,,,,,gustmax,35.4
2025-12-19,OVR,,,,,,,,,,,,rainrate_max,14.4
2025-12-19,OVR,,,,,,,,,,,,rain_total_mm,2.4
2025-12-19,OVR,,,,,,,,,,,,tmax,15.7
2025-12-19,OVR,,,,,,,,,,,,tmin,12.9
2025-12-19,OVR,,,,,,,,,,,,wind_dir_mean_deg,90.0
2025-12-20,OVR,,,,,,,,,,,,gustmax,22.5
2025-12-20,OVR,,,,,,,,,,,,rainrate_max,
2025-12-20,OVR,,,,,,,,,,,,rain_total_mm,
2025-12-20,OVR,,,,,,,,,,,,tmax,15.1
2025-12-20,OVR,,,,,,,,,,,,tmin,11.8
2025-12-20,OVR,,,,,,,,,,,,wind_dir_mean_deg,112.5
2025-12-21,OVR,,,,,,,,,,,,gustmax,20.9
2025-12-21,OVR,,,,,,,,,,,,rainrate_max,35.0
2025-12-21,OVR,,,,,,,,,,,,rain_total_mm,2.4
2025-12-21,OVR,,,,,,,,,,,,tmax,14.7
2025-12-21,OVR,,,,,,,,,,,,tmin,11.7
2025-12-21,OVR,,,,,,,,,,,,wind_dir_mean_deg,112.5
2025-12-22,OVR,,,,,,,,,,,,gustmax,27.4
2025-12-22,OVR,,,,,,,,,,,,rainrate_max,
2025-12-22,OVR,,,,,,,,,,,,rain_total_mm,
2025-12-22,OVR,,,,,,,,,,,,tmax,14.8
2025-12-22,OVR,,,,,,,,,,,,tmin,10.5
2025-12-22,OVR,,,,,,,,,,,,wind_dir_mean_deg,135.0
2025-12-23,OVR,,,,,,,,,,,,gustmax,24.1
2025-12-23,OVR,,,,,,,,,,,,rainrate_max,26.0
2025-12-23,OVR,,,,,,,,,,,,rain_total_mm,4.6
2025-12-23,OVR,,,,,,,,,,,,tmax,11.5
2025-12-23,OVR,,,,,,,,,,,,tmin,7.3
2025-12-23,OVR,,,,,,,,,,,,wind_dir_mean_deg,135.0
2025-12-24,OVR,,,,,,,,,,,,gustmax,25.7
2025-12-24,OVR,,,,,,,,,,,,rainrate_max,
2025-12-24,OVR,,,,,,,,,,,,rain_total_mm,
2025-12-24,OVR,,,,,,,,,,,,tmax,11.8
2025-12-24,OVR,,,,,,,,,,,,tmin,7.3
2025-12-24,OVR,,,,,,,,,,,,wind_dir_mean_deg,135.0
2025-12-25,OVR,,,,,,,,,,,,gustmax,29.0
2025-12-25,OVR,,,,,,,,,,,,rainrate_max,
2025-12-25,OVR,,,,,,,,,,,,rain_total_mm,
2025-12-25,OVR,,,,,,,,,,,,tmax,13.6
2025-12-25,OVR,,,,,,,,,,,,tmin,9.1
2025-12-25,OVR,,,,,,,,,,,,wind_dir_mean_deg,135.0
2025-12-26,OVR,,,,,,,,,,,,gustmax,48.3
2025-12-26,OVR,,,,,,,,,,,,rainrate_max,140.4
2025-12-26,OVR,,,,,,,,,,,,rain_total_mm,11.2
2025-12-26,OVR,,,,,,,,,,,,tmax,14.4
2025-12-26,OVR,,,,,,,,,,,,tmin,8.6
2025-12-26,OVR,,,,,,,,,,,,wind_dir_mean_deg,90.0
2025-12-27,OVR,,,,,,,,,,,,gustmax,24.1
2025-12-27,OVR,,,,,,,,,,,,rainrate_max,5.8
2025-12-27,OVR,,,,,,,,,,,,rain_total_mm,4.0
2025-12-27,OVR,,,,,,,,,,,,tmax,13.7
2025-12-27,OVR,,,,,,,,,,,,tmin,9.4
2025-12-27,OVR,,,,,,,,,,,,wind_dir_mean_deg,90.0
2025-12-28,OVR,,,,,,,,,,,,gustmax,19.3
2025-12-28,OVR,,,,,,,,,,,,rainrate_max,
2025-12-28,OVR,,,,,,,,,,,,rain_total_mm,
2025-12-28,OVR,,,,,,,,,,,,tmax,14.7
2025-12-28,OVR,,,,,,,,,,,,tmin,8.9
2025-12-28,OVR,,,,,,,,,,,,wind_dir_mean_deg,90.0
2025-12-29,OVR,,,,,,,,,,,,gustmax,19.3
2025-12-29,OVR,,,,,,,,,,,,rainrate_max,
2025-12-29,OVR,,,,,,,,,,,,rain_total_mm,
2025-12-29,OVR,,,,,,,,,,,,tmax,14.2
2025-12-29,OVR,,,,,,,,,,,,tmin,8.8
2025-12-29,OVR,,,,,,,,,,,,wind_dir_mean_deg,135.0
2025-12-30,OVR,,,,,,,,,,,,gustmax,59.5
2025-12-30,OVR,,,,,,,,,,,,rainrate_max,15.4
2025-12-30,OVR,,,,,,,,,,,,rain_total_mm,1.4
2025-12-30,OVR,,,,,,,,,,,,tmax,13.6
2025-12-30,OVR,,,,,,,,,,,,tmin,8.8
2025-12-30,OVR,,,,,,,,,,,,wind_dir_mean_deg,292.5
2025-12-31,OVR,,,,,,,,,,,,gustmax,17.7
2025-12-31,OVR,,,,,,,,,,,,rainrate_max,0.2
2025-12-31,OVR,,,,,,,,,,,,rain_total_mm,0.2
2025-12-31,OVR,,,,,,,,,,,,tmax,11.7
2025-12-31,OVR,,,,,,,,,,,,tmin,6.9
2025-12-31,OVR,,,,,,,,,,,,wind_dir_mean_deg,135.0
