date,time,temp_c,dewpoint_c,rh_pct,wind_dir_txt,wind_kmh,gust_kmh,press_hpa,rain_acc_mm,rain_rate_mmph,uv,solar_wm2,key,value
2025-01-01,00:00,7.9,5.6,87.0,ESE,6.4,12.9,1031.76,0.0,0.0,0,0,,
2025-01-01,00:15,7.9,5.6,87.0,EAST,6.4,11.3,1031.7,0.0,0.0,0,0,,
2025-01-01,00:30,8.1,6.1,87.0,EAST,4.8,11.3,1031.53,0.0,0.0,0,0,,
2025-01-01,00:45,8.3,6.1,87.0,EAST,9.7,12.9,1031.43,0.0,0.0,0,0,,
2025-01-01,01:00,8.3,6.1,87.0,EAST,9.7,12.9,1031.36,0.0,0.0,0,0,,
2025-01-01,01:15,8.4,6.1,87.0,ESE,6.4,12.9,1031.43,0.0,0.0,0,0,,
2025-01-01,01:30,8.8,6.7,87.0,EAST,6.4,12.9,1031.36,0.0,0.0,0,0,,
2025-01-01,01:45,8.8,6.7,87.0,EAST,4.8,11.3,1031.16,0.0,0.0,0,0,,
2025-01-01,02:00,8.7,6.7,87.0,EAST,6.4,12.9,1031.26,0.0,0.0,0,0,,
2025-01-01,02:15,8.5,6.1,87.0,EAST,9.7,11.3,1031.22,0.0,0.0,0,0,,
2025-01-01,02:30,8.3,6.1,87.0,ESE,9.7,12.9,1031.19,0.0,0.0,0,0,,
2025-01-01,02:45,8.3,6.1,87.0,ESE,6.4,11.3,1031.32,0.0,0.0,0,0,,
2025-01-01,03:00,8.3,6.1,87.0,ESE,9.7,11.3,1031.39,0.0,0.0,0,0,,
2025-01-01,03:15,8.6,6.1,87.0,ESE,6.4,12.9,1031.16,0.0,0.0,0,0,,
2025-01-01,03:30,8.6,6.1,87.0,ESE,4.8,11.3,1031.09,0.0,0.0,0,0,,
2025-01-01,03:45,8.3,6.1,87.0,EAST,6.4,9.7,1031.12,0.0,0.0,0,0,,
2025-01-01,04:00,8.2,6.1,87.0,EAST,6.4,9.7,1031.12,0.0,0.0,0,0,,
2025-01-01,04:15,8.2,6.1,87.0,EAST,6.4,12.9,1030.92,0.0,0.0,0,0,,
2025-01-01,04:30,8.2,6.1,87.0,EAST,9.7,12.9,1030.82,0.0,0.0,0,0,,
2025-01-01,04:45,8.2,6.1,87.0,ESE,9.7,12.9,1030.75,0.0,0.0,0,0,,
2025-01-01,05:00,8.1,6.1,87.0,EAST,6.4,12.9,1030.51,0.0,0.0,0,0,,
2025-01-01,05:15,8.1,6.1,87.0,EAST,6.4,11.3,1030.68,0.0,0.0,0,0,,
2025-01-01,05:30,8.1,5.6,86.0,EAST,4.8,14.5,1030.58,0.0,0.0,0,0,,
2025-01-01,05:45,7.9,5.6,86.0,EAST,6.4,12.9,1030.44,0.0,0.0,0,0,,
2025-01-01,06:00,7.9,5.6,86.0,ESE,6.4,11.3,1030.68,0.0,0.0,0,0,,
2025-01-01,06:15,8.0,5.6,85.0,EAST,9.7,11.3,1030.72,0.0,0.0,0,0,,
2025-01-01,06:30,7.9,5.6,85.0,EAST,9.7,12.9,1030.68,0.0,0.0,0,0,,
2025-01-01,06:45,7.9,5.6,85.0,EAST,6.4,12.9,1030.65,0.0,0.0,0,0,,
2025-01-01,07:00,7.8,5.0,84.0,EAST,9.7,12.9,1030.72,0.0,0.0,0,0,,
2025-01-01,07:15,7.9,5.0,85.0,EAST,12.9,14.5,1030.78,0.0,0.0,0,0,,
2025-01-01,07:30,8.1,5.6,84.0,ESE,6.4,14.5,1030.72,0.0,0.0,0,0,,
2025-01-01,07:45,8.2,5.6,84.0,ESE,6.4,11.3,1030.82,0.0,0.0,0,0,,
2025-01-01,08:00,8.1,5.6,84.0,ESE,6.4,11.3,1030.82,0.0,0.0,0,11,,
2025-01-01,08:15,8.1,5.6,84.0,EAST,9.7,14.5,1031.05,0.0,0.0,0,21,,
2025-01-01,08:30,8.4,5.6,84.0,EAST,9.7,14.5,1030.95,0.0,0.0,0,91,,
2025-01-01,08:45,8.6,5.6,84.0,EAST,11.3,14.5,1030.95,0.0,0.0,0,134,,
2025-01-01,09:00,8.9,6.1,83.0,EAST,8.0,16.1,1031.12,0.0,0.0,0,169,,
2025-01-01,09:15,8.8,6.1,83.0,ESE,11.3,12.9,1031.12,0.0,0.0,0,79,,
2025-01-01,09:30,9.1,6.1,84.0,EAST,6.4,14.5,1031.26,0.0,0.0,0,120,,
2025-01-01,13:00,13.7,8.9,74.0,ESE,4.8,16.1,1029.9,0.0,0.0,1,202,,
2025-01-01,13:15,13.5,8.9,74.0,EAST,12.9,16.1,1029.73,0.0,0.0,1,237,,
2025-01-01,13:30,13.9,8.9,73.0,ESE,6.4,14.5,1029.63,0.0,0.0,1,554,,
2025-01-01,13:45,14.1,9.4,75.0,SE,9.7,19.3,1029.43,0.0,0.0,1,589,,
2025-01-01,14:00,14.2,10.0,75.0,SE,4.8,19.3,1029.36,0.0,0.0,1,496,,
2025-01-01,14:15,13.9,9.4,75.0,SE,12.9,17.7,1029.16,0.0,0.0,1,427,,
2025-01-01,14:30,13.7,9.4,76.0,SSE,16.1,20.9,1029.02,0.0,0.0,1,413,,
2025-01-01,14:45,13.6,9.4,77.0,NE,1.6,20.9,1028.92,0.0,0.0,1,309,,
2025-01-01,15:00,13.6,9.4,78.0,SE,16.1,19.3,1028.92,0.0,0.0,1,292,,
2025-01-01,15:15,13.4,9.4,79.0,SE,8.0,17.7,1028.68,0.0,0.0,0,232,,
2025-01-01,15:30,13.2,9.4,80.0,SE,12.9,19.3,1028.65,0.0,0.0,0,190,,
2025-01-01,15:45,13.0,9.4,81.0,SSE,11.3,19.3,1028.62,0.0,0.0,0,144,,
2025-01-01,16:00,12.6,9.4,82.0,SSE,8.0,20.9,1028.55,0.0,0.0,0,107,,
2025-01-01,16:15,12.3,9.4,83.0,SSE,11.3,22.5,1028.92,0.0,0.0,0,70,,
2025-01-01,16:30,12.1,9.4,84.0,SE,11.3,17.7,1028.92,0.0,0.0,0,40,,
2025-01-01,16:45,11.8,9.4,85.0,SE,6.4,16.1,1028.68,0.0,0.0,0,21,,
2025-01-01,17:00,11.7,9.4,86.0,SE,11.3,16.1,1029.06,0.0,0.0,0,9,,
2025-01-01,17:15,11.4,8.9,86.0,SE,6.4,16.1,1028.85,0.0,0.0,0,0,,
2025-01-01,17:30,11.2,8.9,87.0,SE,6.4,16.1,1028.85,0.0,0.0,0,0,,
2025-01-01,17:45,11.2,8.9,87.0,SE,17.7,19.3,1028.85,0.0,0.0,0,0,,
2025-01-01,18:00,11.3,9.4,88.0,SE,17.7,22.5,1028.72,0.0,0.0,0,0,,
2025-01-01,18:15,11.2,8.9,88.0,SE,14.5,19.3,1028.95,0.0,0.0,0,0,,
2025-01-01,18:30,11.2,8.9,88.0,SE,14.5,19.3,1029.16,0.0,0.0,0,0,,
2025-01-01,18:45,11.2,9.4,89.0,SE,14.5,19.3,1028.99,0.0,0.0,0,0,,
2025-01-01,19:00,11.1,8.9,89.0,SE,14.5,20.9,1029.12,0.0,0.0,0,0,,
2025-01-01,19:15,10.9,8.9,89.0,ESE,11.3,20.9,1029.16,0.0,0.0,0,0,,
2025-01-01,19:30,10.9,8.9,89.0,SE,12.9,19.3,1029.26,0.0,0.0,0,0,,
2025-01-01,19:45,10.7,8.9,89.0,ESE,11.3,17.7,1029.19,0.0,0.0,0,0,,
2025-01-01,20:00,10.7,8.9,89.0,SE,11.3,16.1,1029.29,0.0,0.0,0,0,,
2025-01-01,20:15,10.6,8.9,89.0,ESE,8.0,16.1,1029.46,0.0,0.0,0,0,,
2025-01-01,20:30,10.4,8.3,89.0,ESE,11.3,16.1,1029.36,0.0,0.0,0,0,,
2025-01-01,20:45,10.1,8.3,89.0,ESE,1.6,9.7,1029.46,0.0,0.0,0,0,,
2025-01-01,21:00,9.8,7.8,89.0,ESE,4.8,6.4,1029.53,0.0,0.0,0,0,,
2025-01-01,21:15,9.9,8.3,89.0,EAST,6.4,9.7,1029.56,0.0,0.0,0,0,,
2025-01-01,21:30,9.9,8.3,89.0,ESE,4.8,9.7,1029.5,0.0,0.0,0,0,,
2025-01-01,21:45,9.8,7.8,90.0,ESE,4.8,9.7,1029.46,0.0,0.0,0,0,,
2025-01-01,22:00,9.6,7.8,90.0,EAST,6.4,9.7,1029.53,0.0,0.0,0,0,,
2025-01-01,22:15,9.6,7.8,90.0,ESE,6.4,11.3,1029.29,0.0,0.0,0,0,,
2025-01-01,22:30,9.7,7.8,90.0,ESE,4.8,6.4,1029.46,0.0,0.0,0,0,,
2025-01-01,22:45,9.8,7.8,90.0,ESE,4.8,6.4,1029.43,0.0,0.0,0,0,,
2025-01-01,23:00,9.7,7.8,90.0,EAST,4.8,9.7,1029.19,0.0,0.0,0,0,,
2025-01-01,23:15,9.3,7.8,90.0,ESE,4.8,9.7,1029.23,0.0,0.0,0,0,,
2025-01-01,23:30,8.9,7.2,89.0,ESE,4.8,9.7,1029.09,0.0,0.0,0,0,,
2025-01-01,23:45,8.7,6.7,90.0,ESE,3.2,9.7,1029.02,0.0,0.0,0,0,,
2025-01-02,00:00,8.8,7.2,90.0,ESE,4.8,9.7,1028.85,0.0,0.0,0,0,,
2025-01-02,00:15,8.9,7.2,90.0,ESE,4.8,12.9,1028.68,0.0,0.0,0,0,,
2025-01-02,00:30,9.0,7.2,90.0,ESE,3.2,6.4,1028.68,0.0,0.0,0,0,,
2025-01-02,00:45,8.9,7.2,90.0,ESE,6.4,9.7,1028.45,0.0,0.0,0,0,,
2025-01-02,01:00,8.7,7.2,90.0,ESE,8.0,11.3,1028.34,0.0,0.0,0,0,,
2025-01-02,01:15,8.6,6.7,90.0,ESE,9.7,12.9,1028.21,0.0,0.0,0,0,,
2025-01-02,01:30,8.6,6.7,90.0,ESE,9.7,11.3,1028.07,0.0,0.0,0,0,,
2025-01-02,01:45,8.4,6.7,90.0,ESE,9.7,11.3,1028.11,0.0,0.0,0,0,,
2025-01-02,02:00,8.5,6.7,90.0,ESE,6.4,12.9,1028.18,0.0,0.0,0,0,,
2025-01-02,02:15,8.4,6.7,90.0,ESE,6.4,6.4,1028.18,0.0,0.0,0,0,,
2025-01-02,02:30,8.6,6.7,90.0,ESE,4.8,12.9,1028.11,0.0,0.0,0,0,,
2025-01-02,02:45,8.4,6.7,90.0,ESE,9.7,12.9,1027.94,0.0,0.0,0,0,,
2025-01-02,03:00,8.4,6.7,90.0,ESE,6.4,11.3,1028.07,0.0,0.0,0,0,,
2025-01-02,03:15,8.3,6.7,90.0,ESE,8.0,12.9,1027.94,0.0,0.0,0,0,,
2025-01-02,03:30,8.3,6.7,90.0,ESE,9.7,12.9,1027.84,0.0,0.0,0,0,,
2025-01-02,03:45,8.3,6.7,90.0,ESE,6.4,11.3,1027.77,0.0,0.0,0,0,,
2025-01-02,04:00,8.3,6.7,90.0,ESE,9.7,12.9,1027.6,0.0,0.0,0,0,,
2025-01-02,04:15,8.3,6.7,90.0,EAST,6.4,9.7,1027.77,0.0,0.0,0,0,,
2025-01-02,04:30,8.1,6.1,90.0,ESE,6.4,9.7,1027.74,0.0,0.0,0,0,,
2025-01-02,04:45,7.9,6.1,90.0,ESE,9.7,12.9,1027.46,0.0,0.0,0,0,,
2025-01-02,05:00,7.8,6.1,90.0,ESE,6.4,11.3,1027.5,0.0,0.0,0,0,,
2025-01-02,05:15,7.6,6.1,90.0,ESE,6.4,11.3,1027.57,0.0,0.0,0,0,,
2025-01-02,05:30,7.6,6.1,90.0,ESE,6.4,12.9,1027.43,0.0,0.0,0,0,,
2025-01-02,05:45,7.8,6.1,91.0,EAST,4.8,11.3,1027.4,0.0,0.0,0,0,,
2025-01-02,06:00,7.7,6.1,90.0,ESE,11.3,14.5,1027.36,0.0,0.0,0,0,,
2025-01-02,06:15,7.6,6.1,90.0,ESE,9.7,12.9,1027.46,0.0,0.0,0,0,,
2025-01-02,06:30,7.6,6.1,90.0,ESE,11.3,12.9,1027.36,0.0,0.0,0,0,,
2025-01-02,06:45,7.6,6.1,90.0,ESE,6.4,14.5,1027.43,0.0,0.0,0,0,,
2025-01-02,07:00,7.6,6.1,90.0,ESE,9.7,12.9,1027.53,0.0,0.0,0,0,,
2025-01-02,07:15,7.4,5.6,90.0,ESE,8.0,12.9,1027.5,0.0,0.0,0,0,,
2025-01-02,07:30,7.3,5.6,90.0,ESE,9.7,12.9,1027.57,0.0,0.0,0,0,,
2025-01-02,07:45,7.2,5.6,90.0,ESE,9.7,12.9,1027.57,0.0,0.0,0,0,,
2025-01-02,08:00,7.2,5.6,90.0,ESE,6.4,12.9,1027.6,0.0,0.0,0,11,,
2025-01-02,08:15,7.2,5.6,90.0,ESE,4.8,11.3,1027.6,0.0,0.0,0,19,,
2025-01-02,08:30,7.4,5.6,90.0,ESE,4.8,11.3,1027.6,0.0,0.0,0,63,,
2025-01-02,08:45,7.7,5.6,89.0,ESE,4.8,9.7,1027.8,0.0,0.0,0,102,,
2025-01-02,09:00,8.3,6.1,89.0,EAST,9.7,12.9,1027.63,0.0,0.0,0,142,,
2025-01-02,09:15,8.8,6.7,87.0,ESE,9.7,12.9,1027.77,0.0,0.0,0,185,,
2025-01-02,09:30,9.2,6.7,86.0,EAST,11.3,12.9,1027.94,0.0,0.0,0,230,,
2025-01-02,09:45,9.5,7.2,86.0,EAST,4.8,12.9,1028.07,0.0,0.0,1,265,,
2025-01-02,10:00,10.3,7.8,84.0,EAST,6.4,11.3,1028.07,0.0,0.0,1,299,,
2025-01-02,10:15,10.8,7.8,83.0,EAST,4.8,9.7,1028.21,0.0,0.0,1,329,,
2025-01-02,10:30,11.3,7.8,81.0,ESE,6.4,9.7,1028.18,0.0,0.0,1,359,,
2025-01-02,10:45,11.7,8.3,81.0,EAST,4.8,9.7,1028.11,0.0,0.0,1,381,,
2025-01-02,11:00,11.8,8.3,81.0,SE,4.8,11.3,1028.18,0.0,0.0,1,403,,
2025-01-02,11:15,11.9,8.3,79.0,SE,3.2,12.9,1028.07,0.0,0.0,1,422,,
2025-01-02,11:30,12.0,7.8,77.0,SE,3.2,12.9,1027.97,0.0,0.0,1,434,,
2025-01-02,11:45,12.2,8.3,77.0,SE,11.3,12.9,1027.87,0.0,0.0,1,446,,
2025-01-02,12:00,12.3,8.3,78.0,SSE,4.8,11.3,1027.53,0.0,0.0,2,455,,
2025-01-02,12:15,12.4,7.8,76.0,SSE,12.9,16.1,1027.16,0.0,0.0,2,461,,
2025-01-02,12:30,12.6,8.3,75.0,SE,11.3,14.5,1026.99,0.0,0.0,2,461,,
2025-01-02,12:45,12.8,8.3,74.0,SSE,3.2,14.5,1026.72,0.0,0.0,2,454,,
2025-01-02,13:00,12.9,7.8,73.0,SSE,8.0,14.5,1026.41,0.0,0.0,2,446,,
2025-01-02,13:15,12.9,7.2,70.0,NORTH,0.0,14.5,1026.18,0.0,0.0,1,439,,
2025-01-02,13:30,13.2,8.3,73.0,SE,6.4,12.9,1025.74,0.0,0.0,1,424,,
2025-01-02,13:45,13.1,7.8,72.0,SSE,4.8,14.5,1025.53,0.0,0.0,1,410,,
2025-01-02,14:00,13.3,8.3,72.0,SE,4.8,11.3,1025.36,0.0,0.0,1,388,,
2025-01-02,14:15,13.3,7.8,69.0,WSW,4.8,8.0,1025.23,0.0,0.0,1,366,,
2025-01-02,14:30,13.4,7.8,69.0,SE,3.2,12.9,1025.16,0.0,0.0,1,339,,
2025-01-02,14:45,13.6,7.8,68.0,NORTH,0.0,8.0,1025.06,0.0,0.0,1,309,,
2025-01-02,15:00,13.6,7.8,68.0,SSW,3.2,6.4,1025.03,0.0,0.0,1,278,,
2025-01-02,15:15,13.6,7.8,69.0,WSW,3.2,6.4,1024.89,0.0,0.0,1,237,,
2025-01-02,15:30,13.4,7.8,69.0,WNW,1.6,11.3,1024.79,0.0,0.0,0,199,,
2025-01-02,15:45,13.3,7.8,70.0,WNW,6.4,11.3,1024.92,0.0,0.0,0,156,,
2025-01-02,16:00,13.2,8.3,72.0,NORTH,0.0,11.3,1024.92,0.0,0.0,0,116,,
2025-01-02,16:15,13.2,8.3,74.0,WEST,4.8,6.4,1024.92,0.0,0.0,0,76,,
2025-01-02,16:30,12.9,8.3,76.0,NORTH,0.0,6.4,1024.62,0.0,0.0,0,46,,
2025-01-02,16:45,12.6,8.3,77.0,NORTH,0.0,1.6,1024.89,0.0,0.0,0,23,,
2025-01-02,17:00,12.3,8.3,78.0,NORTH,0.0,1.6,1024.76,0.0,0.0,0,11,,
2025-01-02,17:15,12.2,8.3,79.0,NORTH,0.0,1.6,1024.92,0.0,0.0,0,0,,
2025-01-02,17:30,11.9,8.3,78.0,NORTH,0.0,1.6,1024.59,0.0,0.0,0,0,,
2025-01-02,17:45,11.7,7.8,79.0,NORTH,0.0,3.2,1024.62,0.0,0.0,0,0,,
2025-01-02,18:00,11.0,7.2,80.0,SW,4.8,4.8,1025.03,0.0,0.0,0,0,,
2025-01-02,18:15,10.7,7.2,81.0,NORTH,0.0,3.2,1024.96,0.0,0.0,0,0,,
2025-01-02,18:30,10.2,7.2,82.0,SSW,4.8,4.8,1025.09,0.0,0.0,0,0,,
2025-01-02,18:45,9.9,6.7,82.0,NORTH,0.0,3.2,1025.16,0.0,0.0,0,0,,
2025-01-02,19:00,9.7,6.7,83.0,SSE,6.4,9.7,1025.3,0.0,0.0,0,0,,
2025-01-02,19:15,9.5,6.7,85.0,SE,4.8,9.7,1025.13,0.0,0.0,0,0,,
2025-01-02,19:30,9.3,6.7,85.0,SE,8.0,11.3,1025.23,0.0,0.0,0,0,,
2025-01-02,19:45,9.7,7.2,86.0,SE,6.4,11.3,1025.26,0.0,0.0,0,0,,
2025-01-02,20:00,9.7,7.8,87.0,SE,11.3,11.3,1025.2,0.0,0.0,0,0,,
2025-01-02,20:15,9.8,7.8,88.0,SE,4.8,11.3,1025.16,0.0,0.0,0,0,,
2025-01-02,20:30,9.6,7.8,88.0,SE,4.8,8.0,1025.2,0.0,0.0,0,0,,
2025-01-02,20:45,9.2,7.2,88.0,SE,4.8,8.0,1025.06,0.0,0.0,0,0,,
2025-01-02,21:00,9.2,7.2,89.0,SE,3.2,6.4,1025.03,0.0,0.0,0,0,,
2025-01-02,21:15,8.9,7.2,89.0,SE,3.2,6.4,1024.99,0.0,0.0,0,0,,
2025-01-02,21:30,8.8,6.7,89.0,SE,1.6,4.8,1025.2,0.0,0.0,0,0,,
2025-01-02,21:45,8.6,6.7,89.0,SE,3.2,3.2,1025.09,0.0,0.0,0,0,,
2025-01-02,22:00,8.6,6.7,89.0,SE,3.2,3.2,1025.13,0.0,0.0,0,0,,
2025-01-02,22:15,8.4,6.7,89.0,SE,4.8,4.8,1024.76,0.0,0.0,0,0,,
2025-01-02,22:30,8.3,6.7,89.0,SE,3.2,4.8,1024.89,0.0,0.0,0,0,,
2025-01-02,22:45,8.4,6.7,90.0,SE,3.2,4.8,1025.09,0.0,0.0,0,0,,
2025-01-02,23:00,8.3,6.7,90.0,SE,1.6,4.8,1025.09,0.0,0.0,0,0,,
2025-01-02,23:15,8.1,6.1,90.0,SE,4.8,4.8,1024.99,0.0,0.0,0,0,,
2025-01-02,23:30,8.3,6.7,90.0,SE,1.6,6.4,1024.92,0.0,0.0,0,0,,
2025-01-02,23:45,8.2,6.7,90.0,NORTH,0.0,4.8,1024.69,0.0,0.0,0,0,,
2025-01-03,00:00,8.1,6.1,90.0,SE,1.6,3.2,1024.69,0.0,0.0,0,0,,
2025-01-03,00:15,7.9,6.1,90.0,SE,1.6,4.8,1024.45,0.0,0.0,0,0,,
2025-01-03,00:30,7.9,6.1,90.0,SE,4.8,6.4,1024.35,0.0,0.0,0,0,,
2025-01-03,00:45,7.8,6.1,90.0,SE,1.6,3.2,1024.11,0.0,0.0,0,0,,
2025-01-03,01:00,7.9,6.1,90.0,SE,3.2,4.8,1023.91,0.0,0.0,0,0,,
2025-01-03,01:15,8.1,6.7,91.0,NORTH,0.0,3.2,1023.81,0.0,0.0,0,0,,
2025-01-03,01:30,8.4,6.7,91.0,NORTH,0.0,3.2,1023.74,0.0,0.0,0,0,,
2025-01-03,01:45,8.7,7.2,91.0,NORTH,0.0,1.6,1023.6,0.0,0.0,0,0,,
2025-01-03,02:00,8.7,7.2,91.0,NORTH,0.0,3.2,1023.47,0.0,0.0,0,0,,
2025-01-03,02:15,9.1,7.8,91.0,NORTH,0.0,8.0,1023.23,0.0,0.0,0,0,,
2025-01-03,02:30,9.3,7.8,91.0,SW,1.6,6.4,1023.13,0.0,0.0,0,0,,
2025-01-03,02:45,9.4,7.8,91.0,NORTH,0.0,6.4,1023.16,0.0,0.0,0,0,,
2025-01-03,03:00,9.4,7.8,91.0,SOUTH,3.2,6.4,1023.06,0.0,0.0,0,0,,
2025-01-03,03:15,9.3,7.8,91.0,SE,3.2,9.7,1022.79,0.0,0.0,0,0,,
2025-01-03,03:30,9.3,7.8,91.0,SSE,3.2,12.9,1022.49,0.0,0.0,0,0,,
2025-01-03,03:45,9.4,7.8,91.0,SSE,3.2,9.7,1022.52,0.0,0.0,0,0,,
2025-01-03,04:00,9.5,7.8,90.0,SE,9.7,11.3,1022.18,0.0,0.0,0,0,,
2025-01-03,04:15,9.4,7.8,91.0,SSE,9.7,12.9,1022.22,0.0,0.0,0,0,,
2025-01-03,04:30,9.6,7.8,91.0,SSE,8.0,14.5,1021.98,0.0,0.0,0,0,,
2025-01-03,04:45,9.5,7.8,91.0,SE,6.4,9.7,1021.81,0.0,0.0,0,0,,
2025-01-03,05:00,9.8,8.3,91.0,SSE,4.8,11.3,1021.57,0.0,0.0,0,0,,
2025-01-03,05:15,10.2,8.3,91.0,SOUTH,3.2,8.0,1021.54,0.0,0.0,0,0,,
2025-01-03,05:30,10.4,8.9,91.0,WNW,3.2,9.7,1021.5,0.2,0.2,0,0,,
2025-01-03,05:45,10.3,8.9,91.0,NORTH,0.0,8.0,1021.5,0.2,0.2,0,0,,
2025-01-03,06:00,10.3,8.9,91.0,NORTH,0.0,6.4,1021.4,0.2,0.2,0,0,,
2025-01-03,06:15,10.7,8.9,91.0,WEST,3.2,9.7,1021.5,0.2,0.2,0,0,,
2025-01-03,06:30,10.8,9.4,91.0,WNW,11.3,20.9,1021.47,0.5,0.2,0,0,,
2025-01-03,06:45,10.6,8.9,91.0,WEST,6.4,14.5,1021.47,0.5,0.2,0,0,,
2025-01-03,07:00,10.4,8.9,91.0,WEST,4.8,22.5,1021.44,0.5,0.2,0,0,,
2025-01-03,07:15,10.3,8.9,92.0,WNW,6.4,12.9,1021.4,0.5,0.0,0,0,,
2025-01-03,07:30,10.2,8.9,92.0,WNW,3.2,9.7,1021.44,0.5,0.0,0,0,,
2025-01-03,07:45,10.1,8.3,91.0,WEST,6.4,11.3,1021.44,0.5,0.0,0,12,,
2025-01-03,08:00,9.9,8.3,92.0,WNW,3.2,4.8,1021.2,0.5,0.0,0,21,,
2025-01-03,08:15,10.1,8.9,92.0,WEST,9.7,11.3,1021.33,0.5,0.0,0,35,,
2025-01-03,08:30,9.9,8.3,92.0,WEST,6.4,9.7,1021.1,0.5,0.0,0,44,,
2025-01-03,08:45,10.2,8.9,92.0,WNW,11.3,19.3,1020.96,0.5,0.0,0,54,,
2025-01-03,09:00,10.4,8.9,93.0,WEST,9.7,17.7,1021.3,0.5,0.0,0,104,,
2025-01-03,09:15,10.3,8.9,93.0,WNW,8.0,16.1,1021.44,0.5,0.0,0,111,,
2025-01-03,09:30,10.6,9.4,93.0,WNW,6.4,16.1,1021.54,0.5,0.2,0,104,,
2025-01-03,09:45,10.8,9.4,93.0,WEST,12.9,24.1,1021.61,0.5,0.2,0,91,,
2025-01-03,10:00,10.9,10.0,93.0,WEST,12.9,19.3,1021.84,0.5,0.2,0,160,,
2025-01-03,10:15,11.0,10.0,93.0,WNW,4.8,19.3,1022.01,0.5,0.2,0,156,,
2025-01-03,10:30,11.1,10.0,93.0,WNW,11.3,17.7,1021.81,0.5,0.0,1,171,,
2025-01-03,10:45,11.3,10.0,93.0,WEST,9.7,16.1,1021.74,0.5,0.0,1,174,,
2025-01-03,11:00,11.5,10.0,93.0,WNW,11.3,17.7,1021.81,0.5,0.0,1,272,,
2025-01-03,11:15,11.7,10.0,92.0,WNW,9.7,24.1,1021.57,0.5,0.0,1,176,,
2025-01-03,11:30,11.8,10.6,92.0,WNW,11.3,20.9,1021.2,0.5,0.0,1,251,,
2025-01-03,11:45,12.2,10.6,91.0,WEST,9.7,20.9,1020.96,0.5,0.0,2,533,,
2025-01-03,12:00,12.8,11.1,89.0,WEST,11.3,17.7,1020.76,0.5,0.0,1,396,,
2025-01-03,12:15,12.6,10.6,88.0,WNW,11.3,24.1,1020.69,0.5,0.0,0,56,,
2025-01-03,12:30,12.4,10.6,88.0,WNW,17.7,27.4,1020.39,0.5,0.0,1,443,,
2025-01-03,12:45,13.0,10.6,85.0,WNW,19.3,43.5,1020.29,0.5,0.0,2,587,,
2025-01-03,13:00,13.2,9.4,80.0,WNW,16.1,33.8,1020.22,0.5,0.0,1,281,,
2025-01-03,13:15,13.2,9.4,79.0,NW,24.1,40.2,1020.22,0.5,0.0,2,613,,
2025-01-03,13:30,13.7,10.0,79.0,WNW,32.2,32.2,1019.91,0.5,0.0,1,631,,
2025-01-03,13:45,13.0,9.4,80.0,NNE,20.9,33.8,1019.44,0.5,0.0,1,455,,
2025-01-03,14:00,13.4,9.4,77.0,NE,24.1,35.4,1019.2,0.5,0.0,1,439,,
2025-01-03,14:15,13.1,8.9,76.0,WNW,11.3,37.0,1019.1,0.5,0.0,1,410,,
2025-01-03,14:30,13.2,8.3,74.0,WNW,20.9,33.8,1019,0.5,0.0,1,357,,
2025-01-03,14:45,13.3,8.3,72.0,WNW,19.3,40.2,1018.9,0.5,0.0,1,330,,
2025-01-03,15:00,13.3,8.9,75.0,WEST,30.6,27.4,1018.73,0.5,0.0,1,352,,
2025-01-03,15:15,13.2,8.9,76.0,WEST,20.9,37.0,1018.59,0.5,0.0,1,269,,
2025-01-03,15:30,13.1,8.9,77.0,WEST,14.5,37.0,1018.56,0.5,0.0,0,202,,
2025-01-03,15:45,13.1,9.4,79.0,WEST,12.9,32.2,1018.76,0.5,0.0,0,290,,
2025-01-03,16:00,13.2,9.4,80.0,WEST,16.1,27.4,1018.96,0.5,0.0,0,104,,
2025-01-03,16:15,12.8,9.4,81.0,WEST,12.9,25.7,1018.73,0.5,0.0,0,60,,
2025-01-03,16:30,12.5,9.4,82.0,WEST,16.1,24.1,1018.73,0.5,0.0,0,35,,
2025-01-03,16:45,12.4,9.4,83.0,WEST,11.3,19.3,1018.76,0.5,0.0,0,14,,
2025-01-03,17:00,12.2,9.4,84.0,WEST,12.9,24.1,1018.86,0.5,0.0,0,7,,
2025-01-03,17:15,12.1,9.4,85.0,WEST,6.4,24.1,1018.93,0.5,0.0,0,0,,
2025-01-03,17:30,12.2,9.4,86.0,WNW,14.5,19.3,1018.8,0.5,0.0,0,0,,
2025-01-03,17:45,12.0,9.4,86.0,WNW,8.0,19.3,1018.8,0.5,0.0,0,0,,
2025-01-03,18:00,11.9,9.4,87.0,WNW,11.3,16.1,1018.93,0.5,0.0,0,0,,
2025-01-03,18:15,11.8,9.4,88.0,WNW,14.5,19.3,1019.2,0.5,0.0,0,0,,
2025-01-03,18:30,11.8,9.4,88.0,WNW,12.9,19.3,1019.17,0.5,0.0,0,0,,
2025-01-03,18:45,11.6,9.4,88.0,WEST,9.7,22.5,1019.24,0.5,0.0,0,0,,
2025-01-03,19:00,11.4,9.4,88.0,WEST,6.4,19.3,1019.03,0.5,0.0,0,0,,
2025-01-03,19:15,11.2,9.4,89.0,WEST,11.3,22.5,1019.13,0.5,0.0,0,0,,
2025-01-03,19:30,11.1,8.9,89.0,WEST,11.3,17.7,1019.17,0.5,0.0,0,0,,
2025-01-03,19:45,10.9,8.9,89.0,WNW,11.3,19.3,1019.27,0.5,0.0,0,0,,
2025-01-03,20:00,11.0,8.9,89.0,WNW,11.3,25.7,1019.47,0.5,0.0,0,0,,
2025-01-03,20:15,10.9,8.9,89.0,WEST,6.4,14.5,1019.47,0.5,0.0,0,0,,
2025-01-03,20:30,10.9,8.9,89.0,WEST,17.7,20.9,1019.47,0.5,0.0,0,0,,
2025-01-03,20:45,11.0,8.9,89.0,WNW,22.5,27.4,1019.54,0.5,0.0,0,0,,
2025-01-03,21:00,11.2,9.4,89.0,WNW,8.0,27.4,1019.54,0.5,0.0,0,0,,
2025-01-03,21:15,11.0,8.9,89.0,WNW,6.4,14.5,1019.47,0.5,0.0,0,0,,
2025-01-03,21:30,11.1,8.9,89.0,WEST,11.3,17.7,1019.4,0.5,0.0,0,0,,
2025-01-03,21:45,11.2,9.4,89.0,WEST,9.7,20.9,1019.68,0.5,0.0,0,0,,
2025-01-03,22:00,11.2,9.4,89.0,WNW,17.7,17.7,1019.64,0.5,0.0,0,0,,
2025-01-03,22:15,11.1,8.9,89.0,WNW,6.4,20.9,1019.68,0.5,0.0,0,0,,
2025-01-03,22:30,11.0,8.9,89.0,NW,8.0,20.9,1019.71,0.5,0.0,0,0,,
2025-01-03,22:45,10.9,8.9,89.0,WEST,3.2,17.7,1019.68,0.5,0.0,0,0,,
2025-01-03,23:00,10.8,8.9,89.0,WEST,9.7,14.5,1020.01,0.5,0.0,0,0,,
2025-01-03,23:15,10.6,8.9,89.0,WEST,3.2,14.5,1020.05,0.5,0.0,0,0,,
2025-01-03,23:30,10.4,8.3,89.0,WEST,1.6,4.8,1019.81,0.5,0.0,0,0,,
2025-01-03,23:45,10.4,8.3,89.0,WSW,4.8,12.9,1019.64,0.5,0.0,0,0,,
2025-01-04,00:00,10.1,8.3,89.0,WEST,4.8,14.5,1019.64,0.0,0.0,0,0,,
2025-01-04,00:15,9.9,8.3,89.0,WNW,6.4,14.5,1019.51,0.0,0.0,0,0,,
2025-01-04,00:30,9.8,7.8,90.0,WNW,8.0,20.9,1019.51,0.0,0.0,0,0,,
2025-01-04,00:45,9.7,7.8,90.0,WEST,12.9,24.1,1019.34,0.0,0.0,0,0,,
2025-01-04,01:00,9.9,8.3,90.0,WNW,17.7,22.5,1019.3,0.0,0.0,0,0,,
2025-01-04,01:15,10.2,8.3,90.0,WNW,14.5,25.7,1019.3,0.0,0.0,0,0,,
2025-01-04,01:30,10.3,8.3,89.0,WNW,12.9,22.5,1018.96,0.0,0.0,0,0,,
2025-01-04,01:45,10.6,8.9,89.0,WNW,8.0,22.5,1019.03,0.0,0.0,0,0,,
2025-01-04,02:00,10.8,8.9,89.0,WNW,12.9,30.6,1018.93,0.0,0.0,0,0,,
2025-01-04,02:15,10.9,8.9,89.0,WNW,22.5,37.0,1019.17,0.0,0.0,0,0,,
2025-01-04,02:30,10.8,8.9,89.0,WNW,19.3,27.4,1018.96,0.0,0.0,0,0,,
2025-01-04,02:45,10.8,8.9,89.0,WNW,12.9,30.6,1018.9,0.0,0.0,0,0,,
2025-01-04,03:00,10.9,8.9,89.0,WNW,16.1,27.4,1018.86,0.0,0.0,0,0,,
2025-01-04,03:15,10.8,8.9,89.0,WNW,4.8,30.6,1018.8,0.0,0.0,0,0,,
2025-01-04,03:30,10.7,8.9,89.0,WEST,9.7,17.7,1019,0.0,0.0,0,0,,
2025-01-04,03:45,10.7,8.9,90.0,WEST,12.9,19.3,1019,0.0,0.0,0,0,,
2025-01-04,04:00,10.8,8.9,90.0,WNW,11.3,25.7,1018.86,0.0,0.0,0,0,,
2025-01-04,04:15,10.7,8.9,90.0,WEST,11.3,24.1,1018.73,0.0,0.0,0,0,,
2025-01-04,04:30,10.6,8.9,90.0,WNW,19.3,24.1,1018.56,0.0,0.0,0,0,,
2025-01-04,04:45,10.7,8.9,90.0,WNW,14.5,20.9,1018.56,0.0,0.0,0,0,,
2025-01-04,05:00,10.6,8.9,90.0,WEST,25.7,24.1,1018.56,0.0,0.0,0,0,,
2025-01-04,05:15,10.2,8.3,90.0,WNW,17.7,19.3,1018.76,0.0,0.0,0,0,,
2025-01-04,05:30,9.8,7.8,89.0,WNW,11.3,19.3,1018.8,0.0,0.0,0,0,,
2025-01-04,05:45,9.8,7.8,89.0,WNW,11.3,20.9,1018.93,0.0,0.0,0,0,,
2025-01-04,06:00,9.8,7.8,88.0,WEST,6.4,19.3,1019.13,0.0,0.0,0,0,,
2025-01-04,06:15,9.8,7.8,87.0,WNW,4.8,16.1,1019.24,0.0,0.0,0,0,,
2025-01-04,06:30,9.8,7.2,86.0,WNW,6.4,14.5,1019.1,0.0,0.0,0,0,,
2025-01-04,06:45,9.9,7.2,85.0,WNW,11.3,19.3,1019.17,0.0,0.0,0,0,,
2025-01-04,07:00,10.0,7.2,85.0,NW,8.0,20.9,1019.51,0.0,0.0,0,0,,
2025-01-04,07:15,9.8,7.2,84.0,NW,3.2,8.0,1019.47,0.0,0.0,0,0,,
2025-01-04,07:30,9.6,6.7,84.0,NNW,1.6,6.4,1019.47,0.0,0.0,0,0,,
2025-01-04,07:45,9.2,6.7,84.0,NNW,1.6,3.2,1019.57,0.0,0.0,0,0,,
2025-01-04,08:00,9.1,6.7,85.0,NORTH,0.0,3.2,1019.61,0.0,0.0,0,12,,
2025-01-04,08:15,8.9,6.7,85.0,NORTH,0.0,4.8,1019.81,0.0,0.0,0,33,,
2025-01-04,08:30,9.2,6.7,86.0,NORTH,0.0,1.6,1019.98,0.0,0.0,0,95,,
2025-01-04,08:45,9.8,7.2,85.0,NNW,3.2,8.0,1020.12,0.0,0.0,0,86,,
2025-01-04,09:00,10.3,7.8,84.0,NW,4.8,9.7,1020.29,0.0,0.0,0,223,,
2025-01-04,09:15,10.6,7.8,84.0,WNW,6.4,16.1,1020.32,0.0,0.0,0,153,,
2025-01-04,09:30,10.8,7.8,84.0,WEST,3.2,12.9,1020.42,0.0,0.0,0,294,,
2025-01-04,09:45,11.0,8.3,84.0,WNW,9.7,16.1,1020.62,0.0,0.0,0,373,,
2025-01-04,10:00,11.1,8.3,84.0,WNW,8.0,19.3,1020.76,0.0,0.0,1,287,,
2025-01-04,10:15,10.9,8.3,85.0,WNW,11.3,17.7,1021.2,0.0,0.0,1,366,,
2025-01-04,10:30,11.2,8.3,85.0,WNW,14.5,27.4,1021.27,0.0,0.0,1,381,,
2025-01-04,10:45,11.2,8.3,85.0,WEST,11.3,25.7,1021.23,0.0,0.0,1,396,,
2025-01-04,11:00,11.6,8.9,84.0,NW,11.3,17.7,1021.5,0.0,0.0,1,446,,
2025-01-04,11:15,12.0,8.9,83.0,WEST,27.4,29.0,1021.44,0.0,0.0,1,515,,
2025-01-04,11:30,12.1,8.9,81.0,WNW,14.5,37.0,1021.4,0.0,0.0,2,459,,
2025-01-04,11:45,11.9,8.3,80.0,WNW,19.3,32.2,1021.27,0.0,0.0,2,77,,
2025-01-04,12:00,12.1,8.3,79.0,WEST,16.1,30.6,1021.33,0.0,0.0,1,255,,
2025-01-04,12:15,12.4,8.9,80.0,WNW,11.3,27.4,1021.23,0.0,0.0,1,343,,
2025-01-04,12:30,12.6,8.9,79.0,WNW,19.3,38.6,1021.1,0.0,0.0,2,677,,
2025-01-04,12:45,12.2,8.3,78.0,WNW,20.9,35.4,1021.03,0.0,0.0,1,118,,
2025-01-04,13:00,12.3,8.3,78.0,WNW,17.7,30.6,1020.73,0.0,0.0,2,478,,
2025-01-04,13:15,12.4,8.3,78.0,NW,17.7,38.6,1020.69,0.0,0.0,1,250,,
2025-01-04,13:30,12.2,8.3,79.0,WNW,12.9,41.8,1020.62,0.0,0.0,1,155,,
2025-01-04,13:45,12.3,8.9,81.0,WEST,20.9,32.2,1020.56,0.0,0.0,0,128,,
2025-01-04,14:00,12.2,8.9,81.0,WNW,8.0,33.8,1020.39,0.0,0.0,1,239,,
2025-01-04,14:15,12.1,8.9,81.0,WEST,12.9,35.4,1020.32,0.0,0.0,0,84,,
2025-01-04,14:30,12.0,8.9,82.0,WEST,19.3,29.0,1020.39,0.0,0.0,0,54,,
2025-01-04,14:45,11.9,8.9,82.0,WEST,20.9,27.4,1020.35,0.0,0.0,0,56,,
2025-01-04,15:00,11.8,8.9,82.0,WNW,12.9,30.6,1020.39,0.0,0.0,0,72,,
2025-01-04,15:15,11.8,8.9,82.0,NW,9.7,27.4,1020.39,0.0,0.0,0,42,,
2025-01-04,15:30,11.8,8.9,83.0,WNW,12.9,27.4,1020.45,0.0,0.0,0,28,,
2025-01-04,15:45,11.8,8.9,83.0,NW,11.3,20.9,1020.52,0.0,0.0,0,127,,
2025-01-04,16:00,11.8,8.9,83.0,WNW,16.1,19.3,1020.69,0.0,0.0,0,63,,
2025-01-04,16:15,11.8,8.9,84.0,WNW,17.7,27.4,1020.66,0.0,0.0,0,105,,
2025-01-04,16:30,11.6,8.9,83.0,WNW,14.5,32.2,1020.69,0.0,0.0,0,47,,
2025-01-04,16:45,11.4,8.3,84.0,WNW,16.1,38.6,1020.59,0.0,0.0,0,21,,
2025-01-04,17:00,11.4,8.3,84.0,WNW,19.3,41.8,1020.66,0.0,0.0,0,11,,
2025-01-04,17:15,11.3,8.3,84.0,WEST,25.7,32.2,1020.89,0.0,0.0,0,0,,
2025-01-04,17:30,11.1,8.3,84.0,WNW,14.5,25.7,1020.89,0.0,0.0,0,0,,
2025-01-04,17:45,10.9,8.3,84.0,WNW,6.4,25.7,1020.93,0.0,0.0,0,0,,
2025-01-04,18:00,10.8,8.3,85.0,WNW,16.1,24.1,1021.33,0.0,0.0,0,0,,
2025-01-04,18:15,10.7,7.8,85.0,WNW,16.1,22.5,1021.2,0.0,0.0,0,0,,
2025-01-04,18:30,10.4,7.8,85.0,WEST,1.6,16.1,1021.47,0.0,0.0,0,0,,
2025-01-04,18:45,10.1,7.8,86.0,WNW,6.4,8.0,1021.57,0.0,0.0,0,0,,
2025-01-04,19:00,10.1,7.8,86.0,WEST,3.2,9.7,1021.64,0.0,0.0,0,0,,
2025-01-04,19:15,10.1,7.8,86.0,NORTH,0.0,9.7,1021.57,0.0,0.0,0,0,,
2025-01-04,19:30,9.9,7.8,87.0,WNW,1.6,4.8,1021.78,0.0,0.0,0,0,,
2025-01-04,19:45,10.1,7.8,87.0,NW,1.6,8.0,1021.64,0.0,0.0,0,0,,
2025-01-04,20:00,10.1,7.8,87.0,NNW,1.6,6.4,1021.74,0.0,0.0,0,0,,
2025-01-04,20:15,10.1,7.8,87.0,NORTH,0.0,8.0,1021.64,0.0,0.0,0,0,,
2025-01-04,20:30,9.7,7.2,87.0,EAST,3.2,4.8,1021.81,0.0,0.0,0,0,,
2025-01-04,20:45,9.6,7.2,88.0,NORTH,0.0,6.4,1021.67,0.0,0.0,0,0,,
2025-01-04,21:00,9.5,7.2,88.0,ENE,3.2,4.8,1021.78,0.0,0.0,0,0,,
2025-01-04,21:15,9.4,7.2,88.0,ENE,3.2,4.8,1021.64,0.0,0.0,0,0,,
2025-01-04,21:30,9.1,7.2,88.0,ENE,1.6,6.4,1021.74,0.0,0.0,0,0,,
2025-01-04,21:45,8.9,6.7,88.0,EAST,3.2,4.8,1021.64,0.0,0.0,0,0,,
2025-01-04,22:00,8.7,6.7,88.0,EAST,1.6,6.4,1021.71,0.0,0.0,0,0,,
2025-01-04,22:15,8.7,6.7,88.0,EAST,3.2,6.4,1021.81,0.0,0.0,0,0,,
2025-01-04,22:30,8.6,6.7,89.0,EAST,1.6,4.8,1021.98,0.0,0.0,0,0,,
2025-01-04,22:45,8.7,6.7,89.0,EAST,4.8,6.4,1021.98,0.0,0.0,0,0,,
2025-01-04,23:00,8.6,6.7,89.0,EAST,1.6,4.8,1022.05,0.0,0.0,0,0,,
2025-01-04,23:15,8.6,6.7,90.0,NORTH,0.0,4.8,1022.08,0.0,0.0,0,0,,
2025-01-04,23:30,9.1,7.2,90.0,NORTH,0.0,1.6,1021.78,0.0,0.0,0,0,,
2025-01-04,23:45,9.3,7.8,90.0,EAST,1.6,3.2,1021.98,0.0,0.0,0,0,,
2025-01-05,00:00,9.4,7.8,90.0,EAST,3.2,3.2,1021.78,0.0,0.0,0,0,,
2025-01-05,00:15,9.5,7.8,90.0,EAST,1.6,4.8,1021.54,0.0,0.0,0,0,,
2025-01-05,00:30,9.7,7.8,90.0,EAST,1.6,4.8,1021.47,0.0,0.0,0,0,,
2025-01-05,00:45,9.8,8.3,90.0,EAST,1.6,3.2,1021.5,0.0,0.0,0,0,,
2025-01-05,01:00,9.4,7.8,90.0,EAST,6.4,11.3,1021.4,0.0,0.0,0,0,,
2025-01-05,01:15,9.4,7.8,90.0,EAST,4.8,9.7,1021.27,0.0,0.0,0,0,,
2025-01-05,01:30,9.4,7.8,90.0,ESE,9.7,12.9,1020.86,0.0,0.0,0,0,,
2025-01-05,01:45,9.5,7.8,90.0,EAST,4.8,12.9,1021.06,0.0,0.0,0,0,,
2025-01-05,02:00,9.6,7.8,90.0,EAST,9.7,14.5,1020.69,0.0,0.0,0,0,,
2025-01-05,02:15,9.6,7.8,90.0,EAST,11.3,16.1,1020.79,0.0,0.0,0,0,,
2025-01-05,02:30,9.3,7.8,90.0,ESE,6.4,14.5,1020.73,0.0,0.0,0,0,,
2025-01-05,02:45,9.3,7.8,90.0,ESE,6.4,12.9,1020.59,0.0,0.0,0,0,,
2025-01-05,03:00,9.4,7.8,90.0,ESE,4.8,11.3,1020.32,0.0,0.0,0,0,,
2025-01-05,03:15,9.4,7.8,89.0,ESE,3.2,11.3,1020.45,0.0,0.0,0,0,,
2025-01-05,03:30,9.4,7.2,89.0,ESE,1.6,6.4,1020.12,0.0,0.0,0,0,,
2025-01-05,03:45,9.1,7.2,89.0,ESE,3.2,4.8,1020.05,0.0,0.0,0,0,,
2025-01-05,04:00,9.2,7.2,89.0,ESE,3.2,4.8,1019.81,0.0,0.0,0,0,,
2025-01-05,04:15,9.3,7.2,89.0,ESE,4.8,6.4,1019.81,0.0,0.0,0,0,,
2025-01-05,04:30,9.5,7.8,89.0,ESE,3.2,11.3,1019.78,0.0,0.0,0,0,,
2025-01-05,04:45,9.8,7.8,90.0,ESE,3.2,6.4,1019.74,0.0,0.0,0,0,,
2025-01-05,05:00,10.0,8.3,89.0,NORTH,0.0,6.4,1019.78,0.0,0.0,0,0,,
2025-01-05,05:15,9.9,7.8,89.0,ESE,4.8,6.4,1019.57,0.0,0.0,0,0,,
2025-01-05,05:30,10.0,8.3,89.0,SE,4.8,14.5,1019.61,0.0,0.0,0,0,,
2025-01-05,05:45,10.2,8.3,89.0,ESE,9.7,14.5,1019.64,0.0,0.0,0,0,,
2025-01-05,06:00,10.2,8.3,88.0,ESE,6.4,11.3,1019.64,0.0,0.0,0,0,,
2025-01-05,06:15,10.3,8.3,88.0,ESE,6.4,14.5,1019.64,0.0,0.0,0,0,,
2025-01-05,06:30,10.4,8.3,88.0,ESE,4.8,11.3,1019.78,0.0,0.0,0,0,,
2025-01-05,06:45,10.4,8.3,87.0,EAST,3.2,9.7,1019.88,0.0,0.0,0,0,,
2025-01-05,07:00,10.3,8.3,87.0,EAST,3.2,6.4,1019.81,0.0,0.0,0,0,,
2025-01-05,07:15,10.2,7.8,88.0,ESE,4.8,11.3,1019.88,0.0,0.0,0,0,,
2025-01-05,07:30,10.3,8.3,88.0,SE,11.3,14.5,1020.01,0.0,0.0,0,0,,
2025-01-05,07:45,10.6,8.3,88.0,SE,12.9,17.7,1019.91,0.0,0.0,0,0,,
2025-01-05,08:00,10.9,8.9,88.0,SE,17.7,17.7,1020.15,0.0,0.0,0,11,,
2025-01-05,08:15,11.1,8.9,88.0,SE,16.1,17.7,1020.01,0.0,0.0,0,18,,
2025-01-05,08:30,11.2,9.4,89.0,SE,14.5,17.7,1019.84,0.0,0.0,0,67,,
2025-01-05,08:45,11.3,9.4,89.0,ESE,8.0,17.7,1020.01,0.0,0.0,0,104,,
2025-01-05,09:00,11.6,10.0,90.0,SE,11.3,17.7,1019.98,0.0,0.0,0,139,,
2025-01-05,09:15,11.8,10.0,89.0,SE,14.5,17.7,1019.88,0.0,0.0,0,181,,
2025-01-05,09:30,11.8,10.0,89.0,SE,12.9,19.3,1020.12,0.0,0.0,0,86,,
2025-01-05,09:45,11.9,10.0,89.0,SE,11.3,17.7,1020.15,0.0,0.0,1,264,,
2025-01-05,10:00,12.3,10.6,89.0,SE,14.5,19.3,1020.25,0.0,0.0,1,304,,
2025-01-05,10:15,12.5,10.0,87.0,SSE,14.5,19.3,1020.52,0.0,0.0,1,336,,
2025-01-05,10:30,12.7,10.6,87.0,SE,9.7,17.7,1020.49,0.0,0.0,1,366,,
2025-01-05,10:45,12.8,10.0,86.0,ESE,16.1,20.9,1020.32,0.0,0.0,1,399,,
2025-01-05,11:00,12.9,10.6,86.0,SE,14.5,19.3,1020.49,0.0,0.0,1,411,,
2025-01-05,11:15,13.2,10.6,86.0,SE,16.1,20.9,1020.35,0.0,0.0,1,431,,
2025-01-05,11:30,13.2,10.6,86.0,SSE,14.5,20.9,1020.25,0.0,0.0,2,450,,
2025-01-05,11:45,13.3,10.6,85.0,SSE,14.5,19.3,1020.08,0.0,0.0,2,455,,
2025-01-05,12:00,13.3,10.6,85.0,SE,14.5,20.9,1019.78,0.0,0.0,1,105,,
2025-01-05,12:15,13.6,11.1,85.0,SSE,6.4,20.9,1019.64,0.0,0.0,1,102,,
2025-01-05,12:30,13.7,11.1,84.0,SE,8.0,17.7,1019.47,0.0,0.0,2,406,,
2025-01-05,12:45,14.1,11.1,84.0,SSE,3.2,17.7,1019.2,0.0,0.0,2,464,,
2025-01-05,13:00,14.3,11.1,83.0,SE,8.0,16.1,1019.13,0.0,0.0,2,462,,
2025-01-05,13:15,14.3,11.1,83.0,SE,11.3,19.3,1018.83,0.0,0.0,1,95,,
2025-01-05,13:30,14.5,11.1,82.0,SSE,6.4,19.3,1018.8,0.0,0.0,1,424,,
2025-01-05,13:45,14.5,11.7,83.0,SE,8.0,19.3,1018.59,0.0,0.0,1,417,,
2025-01-05,14:00,14.9,11.7,81.0,SE,6.4,20.9,1018.15,0.0,0.0,1,341,,
2025-01-05,14:15,15.1,11.7,80.0,SE,8.0,20.9,1018.02,0.0,0.0,1,350,,
2025-01-05,14:30,15.2,11.1,79.0,SE,11.3,16.1,1017.91,0.0,0.0,1,279,,
2025-01-05,14:45,15.2,11.1,78.0,SE,3.2,17.7,1017.78,0.0,0.0,1,239,,
2025-01-05,15:00,15.2,11.7,79.0,SSE,8.0,16.1,1017.78,0.0,0.0,1,179,,
2025-01-05,15:15,14.9,11.1,79.0,SSE,17.7,17.7,1017.85,0.0,0.0,0,188,,
2025-01-05,15:30,15.1,11.1,79.0,SE,9.7,19.3,1017.78,0.0,0.0,0,262,,
2025-01-05,15:45,15.1,11.1,78.0,SE,17.7,20.9,1017.51,0.0,0.0,0,214,,
2025-01-05,16:00,15.0,11.1,78.0,SE,14.5,22.5,1017.17,0.0,0.0,0,148,,
2025-01-05,16:15,14.7,11.1,79.0,SE,11.3,20.9,1017.31,0.0,0.0,0,70,,
2025-01-05,16:30,14.2,10.6,81.0,SE,11.3,19.3,1017.31,0.0,0.0,0,33,,
2025-01-05,16:45,13.9,10.6,82.0,SE,8.0,14.5,1017.37,0.0,0.0,0,30,,
2025-01-05,17:00,13.8,10.6,83.0,SE,12.9,17.7,1017.61,0.0,0.0,0,11,,
2025-01-05,17:15,13.7,10.6,83.0,SE,11.3,17.7,1017.51,0.0,0.0,0,0,,
2025-01-05,17:30,13.4,10.6,85.0,ESE,12.9,19.3,1017.58,0.0,0.0,0,0,,
2025-01-05,17:45,13.3,10.6,85.0,SE,14.5,22.5,1017.37,0.0,0.0,0,0,,
2025-01-05,18:00,13.0,10.6,86.0,SE,16.1,22.5,1017.37,0.0,0.0,0,0,,
2025-01-05,18:15,12.7,10.6,87.0,SE,14.5,19.3,1017.54,0.0,0.0,0,0,,
2025-01-05,18:30,12.6,10.6,87.0,SE,12.9,19.3,1017.68,0.0,0.0,0,0,,
2025-01-05,18:45,12.4,10.6,88.0,ESE,12.9,19.3,1017.68,0.0,0.0,0,0,,
2025-01-05,19:00,12.3,10.6,88.0,SE,12.9,22.5,1017.58,0.0,0.0,0,0,,
2025-01-05,19:15,12.2,10.6,89.0,SE,16.1,22.5,1017.68,0.0,0.0,0,0,,
2025-01-05,19:30,12.2,10.6,90.0,SE,14.5,24.1,1017.64,0.0,0.0,0,0,,
2025-01-05,19:45,12.1,10.6,90.0,ESE,17.7,24.1,1017.81,0.0,0.0,0,0,,
2025-01-05,20:00,11.9,10.0,91.0,SE,14.5,20.9,1017.98,0.0,0.0,0,0,,
2025-01-05,20:15,11.8,10.0,91.0,SE,16.1,24.1,1017.85,0.0,0.0,0,0,,
2025-01-05,20:30,11.7,10.0,91.0,ESE,12.9,24.1,1017.85,0.0,0.0,0,0,,
2025-01-05,20:45,11.4,10.0,91.0,ESE,14.5,19.3,1017.71,0.0,0.0,0,0,,
2025-01-05,21:00,11.5,10.0,92.0,SE,20.9,22.5,1017.64,0.0,0.0,0,0,,
2025-01-05,21:15,11.5,10.0,92.0,SE,11.3,22.5,1017.58,0.0,0.0,0,0,,
2025-01-05,21:30,11.5,10.0,92.0,SE,20.9,25.7,1017.44,0.0,0.0,0,0,,
2025-01-05,21:45,11.7,10.6,93.0,SE,20.9,25.7,1017.24,0.0,0.0,0,0,,
2025-01-05,22:00,11.7,10.6,93.0,SE,12.9,25.7,1017.37,0.0,0.0,0,0,,
2025-01-05,22:15,11.6,10.6,93.0,ESE,22.5,25.7,1017.2,0.0,0.0,0,0,,
2025-01-05,22:30,11.6,10.6,93.0,SE,20.9,25.7,1017.1,0.0,0.0,0,0,,
2025-01-05,22:45,11.4,10.0,93.0,SE,19.3,24.1,1017.2,0.0,0.0,0,0,,
2025-01-05,23:00,11.4,10.0,93.0,SE,17.7,24.1,1017.31,0.0,0.0,0,0,,
2025-01-05,23:15,11.3,10.0,93.0,ESE,12.9,24.1,1017.27,0.0,0.0,0,0,,
2025-01-05,23:30,11.0,10.0,93.0,SE,19.3,25.7,1016.93,0.0,0.0,0,0,,
2025-01-05,23:45,10.7,9.4,93.0,SE,12.9,27.4,1016.93,0.0,0.0,0,0,,
2025-01-06,00:00,10.8,9.4,93.0,ESE,20.9,22.5,1016.76,0.0,0.0,0,0,,
2025-01-06,00:15,10.6,9.4,94.0,SE,12.9,22.5,1016.73,0.0,0.0,0,0,,
2025-01-06,00:30,10.1,8.9,93.0,ESE,14.5,17.7,1016.7,0.0,0.0,0,0,,
2025-01-06,00:45,10.1,8.9,93.0,ESE,12.9,17.7,1016.56,0.0,0.0,0,0,,
2025-01-06,01:00,10.1,8.9,93.0,ESE,14.5,20.9,1016.32,0.0,0.0,0,0,,
2025-01-06,01:15,10.3,8.9,94.0,ESE,12.9,17.7,1016.09,0.0,0.0,0,0,,
2025-01-06,01:30,10.2,8.9,94.0,ESE,12.9,17.7,1015.98,0.0,0.0,0,0,,
2025-01-06,01:45,10.2,8.9,94.0,ESE,14.5,19.3,1016.02,0.0,0.0,0,0,,
2025-01-06,02:00,10.2,8.9,94.0,ESE,12.9,20.9,1015.68,0.0,0.0,0,0,,
2025-01-06,02:15,9.9,8.9,94.0,ESE,6.4,17.7,1015.85,0.0,0.0,0,0,,
2025-01-06,02:30,9.9,8.9,94.0,EAST,14.5,19.3,1015.68,0.0,0.0,0,0,,
2025-01-06,02:45,9.4,8.3,93.0,ESE,11.3,12.9,1015.34,0.0,0.0,0,0,,
2025-01-06,03:00,10.1,8.9,94.0,ESE,16.1,20.9,1015.21,0.0,0.0,0,0,,
2025-01-06,03:15,9.8,8.3,93.0,ESE,9.7,16.1,1014.93,0.0,0.0,0,0,,
2025-01-06,03:30,9.3,8.3,93.0,ESE,9.7,16.1,1014.83,0.0,0.0,0,0,,
2025-01-06,03:45,8.7,7.2,93.0,SE,11.3,16.1,1014.9,0.0,0.0,0,0,,
2025-01-06,04:00,8.6,7.2,92.0,ESE,9.7,16.1,1014.77,0.0,0.0,0,0,,
2025-01-06,04:15,8.8,7.2,90.0,ESE,11.3,16.1,1014.56,0.0,0.0,0,0,,
2025-01-06,04:30,9.3,7.2,87.0,ESE,14.5,17.7,1014.29,0.0,0.0,0,0,,
2025-01-06,04:45,10.2,6.7,80.0,ESE,17.7,22.5,1014.02,0.0,0.0,0,0,,
2025-01-06,05:00,10.9,5.6,71.0,ESE,9.7,19.3,1014.09,0.0,0.0,0,0,,
2025-01-06,05:15,11.4,5.0,64.0,ESE,11.3,17.7,1013.68,0.0,0.0,0,0,,
2025-01-06,05:30,12.2,3.9,58.0,SE,8.0,20.9,1013.61,0.0,0.0,0,0,,
2025-01-06,05:45,12.3,3.3,55.0,ESE,4.8,16.1,1013.75,0.0,0.0,0,0,,
2025-01-06,06:00,12.0,2.8,54.0,ESE,12.9,16.1,1013.82,0.0,0.0,0,0,,
2025-01-06,06:15,12.2,2.8,53.0,SE,12.9,20.9,1013.48,0.0,0.0,0,0,,
2025-01-06,06:30,12.4,2.2,51.0,SE,11.3,20.9,1013.41,0.0,0.0,0,0,,
2025-01-06,06:45,12.7,2.2,48.0,SE,17.7,22.5,1013.44,0.0,0.0,0,0,,
2025-01-06,07:00,12.9,2.2,48.0,ESE,20.9,24.1,1013.41,0.0,0.0,0,0,,
2025-01-06,07:15,12.8,2.2,48.0,SE,16.1,22.5,1013.38,0.0,0.0,0,0,,
2025-01-06,07:30,12.8,1.7,48.0,SE,14.5,24.1,1013.24,0.0,0.0,0,0,,
2025-01-06,07:45,13.1,2.2,48.0,ESE,14.5,24.1,1013.31,0.0,0.0,0,0,,
2025-01-06,08:00,13.2,2.8,51.0,SE,19.3,24.1,1013.17,0.0,0.0,0,7,,
2025-01-06,08:15,13.1,2.2,49.0,SE,17.7,22.5,1013.24,0.0,0.0,0,23,,
2025-01-06,08:30,13.3,2.2,48.0,ESE,19.3,25.7,1013.31,0.0,0.0,0,56,,
2025-01-06,08:45,13.4,2.8,49.0,SE,22.5,27.4,1013.11,0.0,0.0,0,72,,
2025-01-06,09:00,13.6,2.8,48.0,SE,16.1,20.9,1013.28,0.0,0.0,0,100,,
2025-01-06,09:15,13.5,2.8,48.0,ESE,4.8,17.7,1013.28,0.0,0.0,0,79,,
2025-01-06,09:30,13.7,2.8,48.0,SE,12.9,19.3,1013.11,0.0,0.0,0,84,,
2025-01-06,09:45,13.7,3.3,49.0,ESE,6.4,19.3,1013.04,0.0,0.0,0,93,,
2025-01-06,10:00,13.5,5.0,57.0,SE,11.3,20.9,1013.24,0.0,0.0,0,88,,
2025-01-06,10:15,13.2,6.1,62.0,ESE,16.1,20.9,1013.04,0.0,0.0,0,84,,
2025-01-06,10:30,13.2,6.7,66.0,SE,19.3,22.5,1013.04,0.0,0.0,0,74,,
2025-01-06,10:45,13.2,7.2,68.0,SE,22.5,22.5,1012.84,0.0,0.0,0,121,,
2025-01-06,11:00,13.6,7.8,69.0,SE,17.7,22.5,1012.84,0.0,0.0,1,209,,
2025-01-06,11:15,13.6,8.3,70.0,SE,14.5,22.5,1012.97,0.0,0.0,1,246,,
2025-01-06,11:30,13.9,8.3,71.0,SE,12.9,22.5,1012.73,0.0,0.0,1,420,,
2025-01-06,11:45,14.4,8.3,68.0,SE,9.7,19.3,1012.73,0.0,0.0,1,371,,
2025-01-06,12:00,14.5,8.3,68.0,SE,8.0,19.3,1012.43,0.0,0.0,1,320,,
2025-01-06,12:15,14.9,7.2,61.0,SSE,14.5,17.7,1012.12,0.0,0.0,2,459,,
2025-01-06,12:30,15.0,7.2,61.0,SSE,12.9,19.3,1011.95,0.0,0.0,2,522,,
2025-01-06,12:45,15.1,8.3,64.0,SSE,11.3,17.7,1011.75,0.0,0.0,2,446,,
2025-01-06,13:00,15.4,7.8,61.0,SE,11.3,16.1,1011.21,0.0,0.0,2,390,,
2025-01-06,13:15,15.6,7.8,61.0,SE,6.4,16.1,1010.94,0.0,0.0,1,364,,
2025-01-06,13:30,15.8,8.3,62.0,SE,6.4,11.3,1010.8,0.0,0.0,2,443,,
2025-01-06,13:45,16.1,7.8,59.0,SSE,4.8,12.9,1010.7,0.0,0.0,2,469,,
2025-01-06,14:00,16.2,8.9,62.0,SE,4.8,12.9,1010.74,0.0,0.0,1,403,,
2025-01-06,14:15,16.2,7.8,57.0,SSE,3.2,9.7,1010.6,0.0,0.0,1,279,,
2025-01-06,14:30,15.9,8.3,62.0,SE,8.0,16.1,1010.43,0.0,0.0,1,332,,
2025-01-06,14:45,15.7,8.3,61.0,SSE,4.8,11.3,1010.57,0.0,0.0,1,134,,
2025-01-06,15:00,15.6,8.9,66.0,SE,6.4,14.5,1010.6,0.0,0.0,1,276,,
2025-01-06,15:15,15.7,10.0,69.0,SSE,11.3,14.5,1010.23,0.0,0.0,1,323,,
2025-01-06,15:30,15.7,9.4,68.0,ESE,11.3,16.1,1010.23,0.0,0.0,0,207,,
2025-01-06,15:45,15.7,9.4,66.0,SE,8.0,14.5,1010.16,0.0,0.0,0,181,,
2025-01-06,16:00,15.4,9.4,69.0,SE,11.3,12.9,1009.99,0.0,0.0,0,81,,
2025-01-06,16:15,14.8,10.0,73.0,SSE,8.0,12.9,1010.33,0.0,0.0,0,72,,
2025-01-06,16:30,14.6,10.0,75.0,SE,4.8,11.3,1010.46,0.0,0.0,0,53,,
2025-01-06,16:45,14.4,10.0,76.0,SE,6.4,11.3,1010.36,0.0,0.0,0,25,,
2025-01-06,17:00,14.2,10.0,76.0,SE,11.3,12.9,1010.4,0.0,0.0,0,14,,
2025-01-06,17:15,14.2,10.0,76.0,ESE,12.9,12.9,1010.53,0.0,0.0,0,0,,
2025-01-06,17:30,14.1,10.0,76.0,SE,8.0,12.9,1010.5,0.0,0.0,0,0,,
2025-01-06,17:45,13.7,9.4,76.0,SE,11.3,14.5,1010.67,0.0,0.0,0,0,,
2025-01-06,18:00,13.7,9.4,77.0,SE,12.9,16.1,1010.74,0.0,0.0,0,0,,
2025-01-06,18:15,13.4,9.4,76.0,SE,12.9,16.1,1011.04,0.0,0.0,0,0,,
2025-01-06,18:30,13.3,8.9,75.0,SE,14.5,17.7,1011.07,0.0,0.0,0,0,,
2025-01-06,18:45,13.2,8.9,76.0,SE,8.0,16.1,1011.21,0.0,0.0,0,0,,
2025-01-06,19:00,12.9,8.9,77.0,SE,11.3,14.5,1011.21,0.0,0.0,0,0,,
2025-01-06,19:15,13.1,9.4,79.0,SE,11.3,16.1,1011.18,0.0,0.0,0,0,,
2025-01-06,19:30,12.9,9.4,79.0,SE,8.0,14.5,1011.21,0.0,0.0,0,0,,
2025-01-06,19:45,12.8,8.9,79.0,ESE,4.8,12.9,1011.38,0.0,0.0,0,0,,
2025-01-06,20:00,12.4,8.9,79.0,ESE,6.4,11.3,1011.34,0.0,0.0,0,0,,
2025-01-06,20:15,12.5,8.9,81.0,ESE,16.1,16.1,1011.55,0.0,0.0,0,0,,
2025-01-06,20:30,12.4,9.4,81.0,ESE,6.4,16.1,1011.45,0.0,0.0,0,0,,
2025-01-06,20:45,12.3,9.4,82.0,ESE,16.1,19.3,1011.48,0.0,0.0,0,0,,
2025-01-06,21:00,12.2,9.4,83.0,SE,6.4,16.1,1011.45,0.0,0.0,0,0,,
2025-01-06,21:15,12.2,9.4,83.0,SE,8.0,12.9,1011.45,0.0,0.0,0,0,,
2025-01-06,21:30,12.0,8.9,84.0,SE,14.5,14.5,1011.18,0.0,0.0,0,0,,
2025-01-06,21:45,12.0,9.4,84.0,SE,14.5,17.7,1011.14,0.0,0.0,0,0,,
2025-01-06,22:00,11.9,8.9,84.0,ESE,14.5,19.3,1011.11,0.0,0.0,0,0,,
2025-01-06,22:15,11.9,8.9,84.0,SE,11.3,19.3,1011.07,0.0,0.0,0,0,,
2025-01-06,22:30,11.8,8.9,84.0,SE,8.0,16.1,1011.21,0.0,0.0,0,0,,
2025-01-06,22:45,11.6,8.9,84.0,SE,8.0,14.5,1011.28,0.0,0.0,0,0,,
2025-01-06,23:00,11.5,8.9,84.0,SE,11.3,16.1,1011.21,0.0,0.0,0,0,,
2025-01-06,23:15,11.4,8.3,83.0,SE,11.3,16.1,1011.24,0.0,0.0,0,0,,
2025-01-06,23:30,11.3,8.3,83.0,SE,11.3,16.1,1011.07,0.0,0.0,0,0,,
2025-01-06,23:45,11.3,8.3,83.0,SE,11.3,16.1,1010.97,0.0,0.0,0,0,,
2025-01-07,00:00,11.1,8.3,83.0,SE,6.4,14.5,1011.01,0.0,0.0,0,0,,
2025-01-07,00:15,10.9,7.8,82.0,SE,3.2,9.7,1010.74,0.0,0.0,0,0,,
2025-01-07,00:30,10.6,7.8,82.0,NORTH,0.0,9.7,1010.77,0.0,0.0,0,0,,
2025-01-07,00:45,10.3,7.2,83.0,EAST,4.8,4.8,1010.8,0.0,0.0,0,0,,
2025-01-07,01:00,10.0,7.2,84.0,EAST,4.8,9.7,1010.87,0.0,0.0,0,0,,
2025-01-07,01:15,9.9,7.2,85.0,ESE,4.8,6.4,1010.8,0.0,0.0,0,0,,
2025-01-07,01:30,10.0,7.8,86.0,SE,4.8,11.3,1010.57,0.0,0.0,0,0,,
2025-01-07,01:45,9.8,7.2,86.0,ESE,4.8,6.4,1010.57,0.0,0.0,0,0,,
2025-01-07,02:00,9.8,7.2,87.0,EAST,9.7,12.9,1010.57,0.0,0.0,0,0,,
2025-01-07,02:15,9.8,7.8,87.0,ESE,1.6,9.7,1010.53,0.0,0.0,0,0,,
2025-01-07,02:30,9.4,7.2,86.0,ESE,4.8,6.4,1010.6,0.0,0.0,0,0,,
2025-01-07,02:45,9.2,6.7,86.0,ESE,1.6,6.4,1010.5,0.0,0.0,0,0,,
2025-01-07,03:00,9.7,7.2,86.0,SE,3.2,11.3,1010.4,0.0,0.0,0,0,,
2025-01-07,03:15,10.2,7.8,84.0,SE,3.2,6.4,1010.43,0.0,0.0,0,0,,
2025-01-07,03:30,10.4,7.8,83.0,SE,1.6,4.8,1010.46,0.0,0.0,0,0,,
2025-01-07,03:45,10.4,7.2,83.0,SE,3.2,6.4,1010.3,0.0,0.0,0,0,,
2025-01-07,04:00,10.9,7.8,83.0,SSE,8.0,11.3,1010.3,0.0,0.0,0,0,,
2025-01-07,04:15,11.3,8.3,82.0,SE,6.4,11.3,1010.23,0.0,0.0,0,0,,
2025-01-07,04:30,11.5,8.3,81.0,NORTH,0.0,11.3,1009.82,0.0,0.0,0,0,,
2025-01-07,04:45,11.5,7.8,80.0,SSE,6.4,9.7,1009.75,0.0,0.0,0,0,,
2025-01-07,05:00,11.5,7.8,80.0,ESE,14.5,14.5,1009.69,0.0,0.0,0,0,,
2025-01-07,05:15,11.1,7.8,81.0,SE,8.0,16.1,1009.72,0.0,0.0,0,0,,
2025-01-07,05:30,11.7,8.9,84.0,SE,12.9,19.3,1009.62,0.0,0.0,0,0,,
2025-01-07,05:45,11.6,8.9,84.0,ESE,14.5,20.9,1009.55,0.0,0.0,0,0,,
2025-01-07,06:00,11.7,8.9,85.0,SE,6.4,20.9,1009.38,0.0,0.0,0,0,,
2025-01-07,06:15,11.5,8.9,85.0,ESE,11.3,17.7,1009.58,0.0,0.0,0,0,,
2025-01-07,06:30,10.8,8.3,86.0,ESE,9.7,14.5,1009.38,0.0,0.0,0,0,,
2025-01-07,06:45,11.2,8.9,87.0,SE,8.0,22.5,1009.79,0.0,0.0,0,0,,
2025-01-07,07:00,11.2,8.9,87.0,SE,6.4,24.1,1009.75,0.2,0.2,0,0,,
2025-01-07,07:15,10.9,8.9,88.0,SE,14.5,16.1,1009.96,0.2,0.2,0,0,,
2025-01-07,07:30,10.7,8.9,88.0,SE,19.3,22.5,1009.99,0.2,0.2,0,0,,
2025-01-07,07:45,10.6,8.9,89.0,SE,12.9,17.7,1010.13,0.2,0.2,0,0,,
2025-01-07,08:00,10.6,8.9,90.0,SE,11.3,14.5,1010.3,0.2,0.0,0,0,,
2025-01-07,08:15,10.5,8.9,90.0,SE,9.7,12.9,1010.33,0.2,0.0,0,9,,
2025-01-07,08:30,10.6,8.9,90.0,SE,6.4,12.9,1010.53,0.2,0.0,0,0,,
2025-01-07,08:45,10.6,8.9,90.0,SSE,4.8,12.9,1010.6,0.5,0.2,0,23,,
2025-01-07,09:00,10.8,8.9,91.0,SE,4.8,8.0,1010.94,0.5,0.2,0,30,,
2025-01-07,09:15,10.8,8.9,91.0,SSW,1.6,9.7,1011.14,0.5,0.2,0,16,,
2025-01-07,09:30,11.1,9.4,91.0,SSE,3.2,6.4,1011.18,0.5,0.2,0,142,,
2025-01-07,09:45,11.6,10.0,92.0,SE,1.6,9.7,1011.28,0.5,0.2,1,267,,
2025-01-07,10:00,11.6,10.0,91.0,NORTH,0.0,6.4,1011.51,0.5,0.2,1,243,,
2025-01-07,10:15,11.7,10.0,90.0,NORTH,0.0,11.3,1011.62,0.5,0.2,0,105,,
2025-01-07,10:30,11.4,9.4,90.0,NORTH,0.0,3.2,1011.89,0.8,0.5,0,98,,
2025-01-07,10:45,11.4,9.4,90.0,SOUTH,4.8,8.0,1012.06,1.3,0.5,0,95,,
2025-01-07,11:00,11.4,10.0,90.0,SSW,1.6,3.2,1012.09,1.5,0.8,0,100,,
2025-01-07,11:15,11.4,9.4,90.0,WEST,9.7,11.3,1012.39,2.0,1.5,0,16,,
2025-01-07,11:30,11.1,9.4,91.0,WNW,14.5,22.5,1012.16,2.3,1.5,0,26,,
2025-01-07,11:45,11.1,9.4,91.0,WEST,20.9,32.2,1012.5,2.3,1.3,0,51,,
2025-01-07,12:00,11.1,9.4,92.0,WNW,19.3,35.4,1012.7,2.3,1.0,1,135,,
2025-01-07,12:15,11.4,10.0,92.0,WNW,22.5,46.7,1012.8,2.3,0.5,0,98,,
2025-01-07,12:30,11.4,10.0,92.0,WNW,43.5,51.5,1013.04,2.3,0.0,2,559,,
2025-01-07,12:45,11.8,10.0,91.0,WEST,29.0,40.2,1012.63,2.3,0.0,2,615,,
2025-01-07,13:00,11.7,10.0,90.0,WNW,25.7,48.3,1012.8,2.3,0.0,1,250,,
2025-01-07,13:15,11.9,10.0,88.0,WEST,30.6,57.9,1012.84,2.3,0.0,2,545,,
2025-01-07,13:30,11.9,9.4,85.0,WNW,30.6,54.7,1013.51,2.3,0.0,2,494,,
2025-01-07,13:45,11.8,8.3,81.0,WNW,32.2,61.2,1013.11,2.3,0.0,1,503,,
2025-01-07,14:00,11.9,8.3,79.0,WEST,32.2,54.7,1013.34,2.3,0.0,1,489,,
2025-01-07,14:15,12.1,8.3,78.0,WNW,19.3,49.9,1013.44,2.3,0.0,1,401,,
2025-01-07,14:30,11.9,7.8,77.0,NW,27.4,48.3,1013.68,2.3,0.0,1,176,,
2025-01-07,14:45,11.8,7.8,77.0,WNW,30.6,45.1,1013.99,2.3,0.0,1,118,,
2025-01-07,15:00,12.1,7.8,77.0,WEST,20.9,32.2,1014.12,2.3,0.0,1,104,,
2025-01-07,15:15,11.7,7.8,77.0,WNW,20.9,38.6,1014.33,2.3,0.0,0,125,,
2025-01-07,15:30,11.6,7.8,77.0,WNW,17.7,48.3,1014.66,2.3,0.0,0,176,,
2025-01-07,15:45,11.4,7.2,77.0,WNW,19.3,51.5,1014.97,2.3,0.0,0,128,,
2025-01-07,16:00,11.3,7.8,79.0,WNW,16.1,37.0,1015.24,2.3,0.0,0,155,,
2025-01-07,16:15,10.9,7.2,79.0,WNW,20.9,37.0,1015.48,2.3,0.0,0,60,,
2025-01-07,16:30,10.8,7.2,80.0,NW,11.3,38.6,1015.68,2.3,0.0,0,28,,
2025-01-07,16:45,10.7,7.2,81.0,WNW,30.6,35.4,1015.78,2.3,0.0,0,21,,
2025-01-07,17:00,10.6,7.2,81.0,NW,16.1,37.0,1016.12,2.3,0.0,0,12,,
2025-01-07,17:15,10.6,7.2,81.0,WNW,24.1,32.2,1016.42,2.3,0.0,0,0,,
2025-01-07,17:30,10.3,7.2,81.0,WNW,19.3,32.2,1016.63,2.3,0.0,0,0,,
2025-01-07,17:45,10.3,7.2,82.0,NW,24.1,33.8,1016.63,2.3,0.0,0,0,,
2025-01-07,18:00,10.3,7.2,82.0,WEST,24.1,32.2,1016.93,2.3,0.0,0,0,,
2025-01-07,18:15,10.2,7.2,82.0,WNW,19.3,32.2,1017.1,2.3,0.0,0,0,,
2025-01-07,18:30,10.0,7.2,83.0,WEST,16.1,40.2,1017.2,2.3,0.0,0,0,,
2025-01-07,18:45,10.1,7.2,83.0,WNW,16.1,38.6,1017.51,2.3,0.0,0,0,,
2025-01-07,19:00,10.1,7.2,82.0,WEST,29.0,32.2,1017.71,2.3,0.0,0,0,,
2025-01-07,19:15,10.1,7.2,83.0,NW,19.3,30.6,1018.05,2.3,0.0,0,0,,
2025-01-07,19:30,10.0,7.2,83.0,WEST,17.7,32.2,1018.05,2.3,0.0,0,0,,
2025-01-07,19:45,10.0,7.2,83.0,WNW,22.5,30.6,1018.29,2.3,0.0,0,0,,
2025-01-07,20:00,9.9,7.2,83.0,WNW,20.9,32.2,1018.63,2.3,0.0,0,0,,
2025-01-07,20:15,9.9,7.2,84.0,WEST,22.5,32.2,1019.03,2.3,0.0,0,0,,
2025-01-07,20:30,10.0,7.2,83.0,NW,20.9,38.6,1019.1,2.3,0.0,0,0,,
2025-01-07,20:45,10.1,7.2,83.0,WNW,19.3,32.2,1019.1,2.3,0.0,0,0,,
2025-01-07,21:00,10.2,7.2,82.0,WNW,14.5,29.0,1019.27,2.3,0.0,0,0,,
2025-01-07,21:15,10.3,7.2,82.0,NW,17.7,32.2,1019.4,2.3,0.0,0,0,,
2025-01-07,21:30,10.6,7.2,82.0,WEST,20.9,40.2,1019.57,2.3,0.0,0,0,,
2025-01-07,21:45,10.5,7.2,82.0,WNW,24.1,33.8,1019.64,2.3,0.0,0,0,,
2025-01-07,22:00,10.4,7.2,83.0,WNW,24.1,40.2,1019.78,2.3,0.0,0,0,,
2025-01-07,22:15,10.3,7.2,83.0,WNW,6.4,29.0,1019.74,2.3,0.0,0,0,,
2025-01-07,22:30,10.3,7.2,83.0,WNW,22.5,27.4,1019.81,2.3,0.0,0,0,,
2025-01-07,22:45,10.4,7.8,84.0,NW,14.5,30.6,1019.84,2.3,0.0,0,0,,
2025-01-07,23:00,10.4,7.8,84.0,WEST,20.9,29.0,1019.88,2.3,0.0,0,0,,
2025-01-07,23:15,10.4,7.8,84.0,NW,16.1,33.8,1019.98,2.3,0.0,0,0,,
2025-01-07,23:30,10.4,7.8,85.0,WNW,14.5,32.2,1019.78,2.3,0.0,0,0,,
2025-01-07,23:45,10.4,7.8,85.0,WNW,22.5,30.6,1019.74,2.3,0.0,0,0,,
2025-01-08,00:00,10.3,7.8,85.0,WEST,11.3,29.0,1020.01,0.0,0.0,0,0,,
2025-01-08,00:15,9.9,7.2,85.0,WEST,12.9,17.7,1019.88,0.0,0.0,0,0,,
2025-01-08,00:30,9.9,7.8,86.0,WEST,9.7,16.1,1019.81,0.0,0.0,0,0,,
2025-01-08,00:45,9.9,7.8,86.0,NORTH,0.0,9.7,1019.91,0.0,0.0,0,0,,
2025-01-08,01:00,9.8,7.2,86.0,WEST,1.6,1.6,1019.91,0.0,0.0,0,0,,
2025-01-08,01:15,10.1,7.8,87.0,SOUTH,1.6,6.4,1019.64,0.0,0.0,0,0,,
2025-01-08,01:30,10.3,7.8,87.0,SSW,1.6,8.0,1019.78,0.0,0.0,0,0,,
2025-01-08,01:45,10.5,8.3,87.0,WEST,9.7,11.3,1019.71,0.0,0.0,0,0,,
2025-01-08,02:00,10.4,8.3,87.0,WEST,6.4,14.5,1019.84,0.0,0.0,0,0,,
2025-01-08,02:15,10.2,7.8,87.0,NORTH,0.0,6.4,1020.12,0.0,0.0,0,0,,
2025-01-08,02:30,10.1,7.8,87.0,WSW,4.8,11.3,1019.91,0.0,0.0,0,0,,
2025-01-08,02:45,10.1,7.8,87.0,WEST,6.4,16.1,1020.05,0.0,0.0,0,0,,
2025-01-08,03:00,10.0,7.8,87.0,WEST,4.8,9.7,1019.84,0.0,0.0,0,0,,
2025-01-08,03:15,10.1,7.8,86.0,WEST,3.2,6.4,1019.74,0.0,0.0,0,0,,
2025-01-08,03:30,10.3,7.8,86.0,WEST,9.7,20.9,1019.78,0.0,0.0,0,0,,
2025-01-08,03:45,10.4,7.8,85.0,WEST,6.4,14.5,1019.74,0.0,0.0,0,0,,
2025-01-08,04:00,10.4,7.8,85.0,WEST,11.3,12.9,1019.78,0.0,0.0,0,0,,
2025-01-08,04:15,10.6,7.8,84.0,WEST,11.3,17.7,1019.68,0.0,0.0,0,0,,
2025-01-08,04:30,10.6,7.8,84.0,WNW,6.4,17.7,1019.47,0.0,0.0,0,0,,
2025-01-08,04:45,10.8,7.8,83.0,WNW,11.3,20.9,1019.54,0.0,0.0,0,0,,
2025-01-08,05:00,10.9,7.8,83.0,WNW,6.4,17.7,1019.4,0.0,0.0,0,0,,
2025-01-08,05:15,10.9,7.8,83.0,WNW,17.7,20.9,1019.4,0.0,0.0,0,0,,
2025-01-08,05:30,10.9,7.8,82.0,WEST,6.4,19.3,1019.4,0.0,0.0,0,0,,
2025-01-08,05:45,10.8,7.8,83.0,WEST,3.2,12.9,1019.54,0.0,0.0,0,0,,
2025-01-08,06:00,10.8,7.8,83.0,WEST,4.8,14.5,1019.51,0.0,0.0,0,0,,
2025-01-08,06:15,10.8,7.8,83.0,SW,3.2,9.7,1019.47,0.0,0.0,0,0,,
2025-01-08,06:30,10.8,7.8,83.0,SW,3.2,4.8,1019.64,0.0,0.0,0,0,,
2025-01-08,06:45,10.7,7.8,83.0,SW,3.2,4.8,1019.64,0.0,0.0,0,0,,
2025-01-08,07:00,10.7,7.8,83.0,NORTH,0.0,3.2,1019.78,0.0,0.0,0,0,,
2025-01-08,07:15,10.6,7.8,83.0,NORTH,0.0,3.2,1020.12,0.0,0.0,0,0,,
2025-01-08,07:30,10.6,7.8,84.0,NORTH,0.0,3.2,1020.18,0.0,0.0,0,0,,
2025-01-08,07:45,10.7,7.8,84.0,SSE,4.8,4.8,1020.39,0.0,0.0,0,0,,
2025-01-08,08:00,10.7,7.8,84.0,SSE,3.2,4.8,1020.56,0.0,0.0,0,9,,
2025-01-08,08:15,10.9,8.3,84.0,SOUTH,1.6,6.4,1020.56,0.0,0.0,0,53,,
2025-01-08,08:30,10.9,8.3,84.0,SOUTH,3.2,6.4,1020.59,0.0,0.0,0,30,,
2025-01-08,08:45,11.0,8.3,83.0,SSE,6.4,11.3,1020.89,0.0,0.0,0,65,,
2025-01-08,09:00,10.7,7.8,84.0,SE,6.4,11.3,1020.86,0.0,0.0,0,149,,
2025-01-08,09:15,11.7,8.3,82.0,NORTH,0.0,4.8,1021.1,0.0,0.0,0,193,,
2025-01-08,09:30,12.0,8.9,82.0,SE,1.6,6.4,1021.3,0.0,0.0,0,257,,
2025-01-08,09:45,12.2,8.9,82.0,SSE,1.6,8.0,1021.4,0.0,0.0,1,325,,
2025-01-08,10:00,12.4,8.9,81.0,SE,8.0,9.7,1021.4,0.0,0.0,1,306,,
2025-01-08,10:15,12.6,8.9,80.0,WEST,6.4,12.9,1021.47,0.0,0.0,1,339,,
2025-01-08,10:30,12.8,9.4,80.0,SOUTH,4.8,9.7,1021.54,0.0,0.0,1,367,,
2025-01-08,10:45,13.0,9.4,81.0,WEST,6.4,8.0,1021.44,0.0,0.0,1,394,,
2025-01-08,11:00,13.4,10.0,81.0,SW,4.8,11.3,1021.3,0.0,0.0,1,418,,
2025-01-08,11:15,13.1,9.4,81.0,WEST,9.7,16.1,1021.4,0.0,0.0,1,113,,
2025-01-08,11:30,13.3,10.0,81.0,WSW,4.8,16.1,1021.1,0.0,0.0,2,452,,
2025-01-08,11:45,13.6,10.0,80.0,WSW,4.8,17.7,1020.96,0.0,0.0,2,476,,
2025-01-08,12:00,14.1,10.6,80.0,ENE,12.9,22.5,1020.73,0.0,0.0,2,408,,
2025-01-08,12:15,14.2,10.0,78.0,WNW,11.3,25.7,1020.66,0.0,0.0,2,543,,
2025-01-08,12:30,14.6,10.6,78.0,WNW,14.5,25.7,1020.32,0.0,0.0,1,123,,
2025-01-08,12:45,14.7,10.6,77.0,WEST,20.9,29.0,1020.05,0.0,0.0,2,610,,
2025-01-08,13:00,14.5,10.0,76.0,WNW,14.5,24.1,1020.08,0.0,0.0,2,619,,
2025-01-08,13:15,15.1,10.6,74.0,NW,12.9,17.7,1019.98,0.0,0.0,1,524,,
2025-01-08,13:30,15.1,10.6,74.0,WEST,16.1,19.3,1019.64,0.0,0.0,2,167,,
2025-01-08,13:45,14.3,10.0,77.0,WEST,12.9,20.9,1019.54,0.0,0.0,1,62,,
2025-01-08,14:00,14.2,10.0,77.0,WNW,6.4,16.1,1019.74,0.0,0.0,1,102,,
2025-01-08,14:15,14.8,10.6,76.0,NW,6.4,19.3,1019.57,0.0,0.0,1,490,,
2025-01-08,14:30,14.9,10.6,75.0,SW,1.6,17.7,1019.68,0.0,0.0,1,468,,
2025-01-08,14:45,15.0,10.0,74.0,SSE,6.4,17.7,1019.44,0.0,0.0,1,341,,
2025-01-08,15:00,14.9,10.6,75.0,WSW,6.4,17.7,1019.74,0.0,0.0,1,304,,
2025-01-08,15:15,14.9,10.0,74.0,WEST,4.8,19.3,1019.44,0.0,0.0,1,269,,
2025-01-08,15:30,14.9,10.0,75.0,WNW,3.2,14.5,1019.44,0.0,0.0,1,230,,
2025-01-08,15:45,14.8,10.6,75.0,WEST,6.4,16.1,1019.57,0.0,0.0,0,183,,
2025-01-08,16:00,14.7,10.0,75.0,WNW,8.0,20.9,1019.4,0.0,0.0,0,113,,
2025-01-08,16:15,14.5,10.6,78.0,WEST,6.4,19.3,1019.47,0.0,0.0,0,105,,
2025-01-08,16:30,14.2,10.6,79.0,WEST,9.7,16.1,1019.51,0.0,0.0,0,62,,
2025-01-08,16:45,13.8,10.6,80.0,WNW,14.5,16.1,1019.57,0.0,0.0,0,32,,
2025-01-08,17:00,13.6,10.6,82.0,WNW,3.2,14.5,1019.54,0.0,0.0,0,14,,
2025-01-08,17:15,13.5,10.0,82.0,NORTH,0.0,9.7,1019.98,0.0,0.0,0,0,,
2025-01-08,17:30,12.9,9.4,82.0,NORTH,0.0,4.8,1019.78,0.0,0.0,0,0,,
2025-01-08,17:45,12.7,9.4,83.0,NORTH,0.0,4.8,1019.78,0.0,0.0,0,0,,
2025-01-08,18:00,12.6,9.4,84.0,WEST,3.2,12.9,1019.88,0.0,0.0,0,0,,
2025-01-08,18:15,12.5,10.0,84.0,WEST,1.6,12.9,1020.25,0.0,0.0,0,0,,
2025-01-08,18:30,12.6,10.0,85.0,WNW,11.3,17.7,1020.39,0.0,0.0,0,0,,
2025-01-08,18:45,12.4,10.0,85.0,WNW,3.2,11.3,1020.35,0.0,0.0,0,0,,
2025-01-08,19:00,12.3,10.0,85.0,SSW,1.6,3.2,1020.39,0.0,0.0,0,0,,
2025-01-08,19:15,12.2,9.4,85.0,NORTH,0.0,4.8,1020.22,0.0,0.0,0,0,,
2025-01-08,19:30,12.0,9.4,85.0,NORTH,0.0,3.2,1020.08,0.0,0.0,0,0,,
2025-01-08,19:45,11.8,9.4,86.0,SSW,1.6,4.8,1020.25,0.0,0.0,0,0,,
2025-01-08,20:00,12.0,9.4,86.0,SW,1.6,4.8,1020.22,0.0,0.0,0,0,,
2025-01-08,20:15,12.1,9.4,86.0,SW,3.2,6.4,1020.22,0.0,0.0,0,0,,
2025-01-08,20:30,12.1,9.4,86.0,WEST,1.6,19.3,1020.08,0.0,0.0,0,0,,
2025-01-08,20:45,12.1,9.4,86.0,WEST,9.7,14.5,1019.74,0.0,0.0,0,0,,
2025-01-08,21:00,12.1,9.4,86.0,SW,3.2,6.4,1019.64,0.0,0.0,0,0,,
2025-01-08,21:15,12.1,9.4,85.0,NORTH,0.0,14.5,1019.47,0.0,0.0,0,0,,
2025-01-08,21:30,11.7,8.9,85.0,WEST,4.8,4.8,1019.44,0.0,0.0,0,0,,
2025-01-08,21:45,11.4,8.9,85.0,SE,1.6,8.0,1019.54,0.0,0.0,0,0,,
2025-01-08,22:00,11.1,8.3,85.0,SE,3.2,4.8,1019.37,0.0,0.0,0,0,,
2025-01-08,22:15,10.7,8.3,85.0,SE,3.2,4.8,1019.3,0.0,0.0,0,0,,
2025-01-08,22:30,10.6,8.3,86.0,ESE,6.4,9.7,1019.27,0.0,0.0,0,0,,
2025-01-08,22:45,10.6,8.3,87.0,ESE,9.7,11.3,1019.03,0.0,0.0,0,0,,
2025-01-08,23:00,10.6,8.3,88.0,EAST,4.8,11.3,1018.93,0.0,0.0,0,0,,
2025-01-08,23:15,10.7,8.9,88.0,EAST,11.3,14.5,1018.9,0.0,0.0,0,0,,
2025-01-08,23:30,10.7,8.9,89.0,ESE,6.4,14.5,1019.03,0.0,0.0,0,0,,
2025-01-08,23:45,10.8,8.9,89.0,EAST,12.9,14.5,1018.93,0.0,0.0,0,0,,
2025-01-09,00:00,10.9,8.9,90.0,ESE,4.8,12.9,1019.1,0.0,0.0,0,0,,
2025-01-09,00:15,10.9,9.4,90.0,ESE,3.2,9.7,1019.13,0.0,0.0,0,0,,
2025-01-09,00:30,10.9,8.9,90.0,EAST,4.8,14.5,1018.93,0.0,0.0,0,0,,
2025-01-09,00:45,10.8,8.9,90.0,ESE,3.2,11.3,1019.03,0.0,0.0,0,0,,
2025-01-09,01:00,10.7,8.9,90.0,ESE,4.8,4.8,1018.8,0.0,0.0,0,0,,
2025-01-09,01:15,10.5,8.9,91.0,EAST,4.8,6.4,1018.56,0.0,0.0,0,0,,
2025-01-09,01:30,10.6,8.9,91.0,ESE,9.7,16.1,1018.22,0.0,0.0,0,0,,
2025-01-09,01:45,10.3,8.9,91.0,EAST,8.0,16.1,1018.35,0.0,0.0,0,0,,
2025-01-09,02:00,10.3,8.9,91.0,ESE,14.5,16.1,1018.12,0.0,0.0,0,0,,
2025-01-09,02:15,10.2,8.9,91.0,ESE,9.7,16.1,1017.88,0.0,0.0,0,0,,
2025-01-09,02:30,10.1,8.9,92.0,EAST,9.7,17.7,1017.61,0.0,0.0,0,0,,
2025-01-09,02:45,10.1,8.9,92.0,ESE,14.5,19.3,1017.27,0.0,0.0,0,0,,
2025-01-09,03:00,9.9,8.3,92.0,ESE,11.3,17.7,1017.31,0.0,0.0,0,0,,
2025-01-09,03:15,9.9,8.3,92.0,ESE,16.1,17.7,1017.03,0.0,0.0,0,0,,
2025-01-09,03:30,10.0,8.9,92.0,ESE,11.3,16.1,1017.1,0.0,0.0,0,0,,
2025-01-09,03:45,10.0,8.9,92.0,EAST,1.6,19.3,1017.24,0.0,0.0,0,0,,
2025-01-09,04:00,10.0,8.9,92.0,SE,16.1,16.1,1017.2,0.0,0.0,0,0,,
2025-01-09,04:15,10.2,8.9,92.0,SE,12.9,17.7,1017.27,0.0,0.0,0,0,,
2025-01-09,04:30,10.1,8.9,92.0,ESE,14.5,19.3,1017.14,0.0,0.0,0,0,,
2025-01-09,04:45,10.0,8.3,92.0,ESE,6.4,16.1,1016.86,0.0,0.0,0,0,,
2025-01-09,05:00,9.6,7.8,91.0,ESE,3.2,9.7,1016.73,0.0,0.0,0,0,,
2025-01-09,05:15,9.1,7.8,91.0,NORTH,0.0,6.4,1016.97,0.0,0.0,0,0,,
2025-01-09,05:30,8.7,7.2,90.0,SE,6.4,8.0,1016.93,0.0,0.0,0,0,,
2025-01-09,05:45,8.6,6.7,90.0,SE,4.8,6.4,1017,0.0,0.0,0,0,,
2025-01-09,06:00,9.2,7.8,91.0,SSE,3.2,11.3,1016.83,0.0,0.0,0,0,,
2025-01-09,06:15,9.8,7.8,89.0,NORTH,0.0,9.7,1016.59,0.0,0.0,0,0,,
2025-01-09,06:30,10.2,7.8,88.0,SSE,3.2,8.0,1016.83,0.0,0.0,0,0,,
2025-01-09,06:45,10.8,8.3,85.0,NORTH,0.0,8.0,1016.7,0.0,0.0,0,0,,
2025-01-09,07:00,11.1,7.8,83.0,SOUTH,6.4,9.7,1016.93,0.0,0.0,0,0,,
2025-01-09,07:15,11.6,7.8,79.0,SOUTH,3.2,9.7,1017,0.0,0.0,0,0,,
2025-01-09,07:30,11.7,7.8,78.0,NORTH,0.0,6.4,1016.83,0.0,0.0,0,0,,
2025-01-09,07:45,11.3,7.2,77.0,SE,6.4,8.0,1016.53,0.0,0.0,0,0,,
2025-01-09,08:00,11.4,7.2,76.0,NORTH,0.0,6.4,1016.76,0.0,0.0,0,12,,
2025-01-09,08:15,11.3,7.2,76.0,SE,8.0,12.9,1016.8,0.0,0.0,0,28,,
2025-01-09,08:30,11.9,7.8,76.0,SE,8.0,16.1,1016.49,0.0,0.0,0,60,,
2025-01-09,08:45,12.6,8.3,76.0,SE,4.8,16.1,1016.56,0.0,0.0,0,105,,
2025-01-09,09:00,12.6,8.3,77.0,SE,8.0,12.9,1016.56,0.0,0.0,0,105,,
2025-01-09,09:15,12.8,8.3,76.0,SSE,4.8,12.9,1016.9,0.0,0.0,0,107,,
2025-01-09,09:30,13.0,8.9,77.0,SSE,4.8,12.9,1016.49,0.0,0.0,0,230,,
2025-01-09,09:45,13.1,8.9,77.0,SSE,1.6,14.5,1016.76,0.0,0.0,0,167,,
2025-01-09,10:00,13.4,9.4,77.0,SE,8.0,12.9,1016.73,0.0,0.0,1,318,,
2025-01-09,10:15,13.7,9.4,77.0,SSE,9.7,16.1,1016.86,0.0,0.0,1,257,,
2025-01-09,10:30,13.6,10.0,79.0,SSE,1.6,11.3,1017.03,0.0,0.0,1,239,,
2025-01-09,10:45,13.8,10.0,80.0,SSE,4.8,8.0,1016.83,0.0,0.0,1,318,,
2025-01-09,11:00,14.2,10.6,80.0,SSE,1.6,14.5,1016.8,0.0,0.0,1,325,,
2025-01-09,11:15,14.1,10.6,80.0,SSE,3.2,9.7,1016.8,0.0,0.0,1,306,,
2025-01-09,11:30,14.4,11.1,81.0,NORTH,0.0,12.9,1016.83,0.0,0.0,1,274,,
2025-01-09,11:45,14.4,11.1,81.0,SW,1.6,12.9,1016.56,0.0,0.0,1,216,,
2025-01-09,12:00,14.2,11.1,83.0,NORTH,0.0,19.3,1016.53,0.0,0.0,1,142,,
2025-01-09,12:15,14.3,11.7,85.0,NE,8.0,19.3,1016.39,0.0,0.0,1,243,,
2025-01-09,12:30,14.8,12.2,84.0,WEST,14.5,29.0,1016.19,0.0,0.0,1,253,,
2025-01-09,12:45,14.6,11.7,83.0,EAST,19.3,25.7,1016.15,0.0,0.0,1,246,,
2025-01-09,13:00,15.0,11.7,83.0,NE,16.1,29.0,1016.09,0.0,0.0,2,420,,
2025-01-09,13:15,15.0,11.7,83.0,WEST,20.9,38.6,1015.82,0.0,0.0,1,241,,
2025-01-09,13:30,15.1,12.2,83.0,WNW,17.7,32.2,1015.71,0.0,0.0,1,497,,
2025-01-09,13:45,15.1,11.7,80.0,NW,14.5,29.0,1015.51,0.0,0.0,1,494,,
2025-01-09,14:00,15.2,11.7,80.0,NE,24.1,30.6,1015.85,0.0,0.0,1,90,,
2025-01-09,14:15,15.1,11.1,80.0,WNW,20.9,35.4,1015.88,0.0,0.0,1,199,,
2025-01-09,14:30,15.0,10.6,76.0,WEST,27.4,38.6,1016.12,0.0,0.0,1,77,,
2025-01-09,14:45,15.0,10.0,74.0,WEST,32.2,48.3,1015.98,0.0,0.0,1,97,,
2025-01-09,15:00,15.1,10.6,75.0,WNW,22.5,43.5,1015.95,0.0,0.0,1,327,,
2025-01-09,15:15,15.1,10.6,75.0,WNW,45.1,53.1,1016.09,0.0,0.0,1,313,,
2025-01-09,15:30,14.9,10.6,76.0,WNW,16.1,48.3,1015.88,0.0,0.0,0,251,,
2025-01-09,15:45,14.7,10.6,78.0,ENE,25.7,53.1,1016.22,0.0,0.0,0,202,,
2025-01-09,16:00,14.6,11.1,79.0,WNW,20.9,45.1,1016.15,0.0,0.0,0,163,,
2025-01-09,16:15,14.4,11.1,80.0,NW,16.1,51.5,1016.42,0.0,0.0,0,105,,
2025-01-09,16:30,14.2,10.6,81.0,WNW,14.5,48.3,1016.32,0.0,0.0,0,69,,
2025-01-09,16:45,13.9,10.6,82.0,WEST,17.7,37.0,1016.59,0.0,0.0,0,35,,
2025-01-09,17:00,13.8,10.6,83.0,WEST,22.5,38.6,1016.73,0.0,0.0,0,16,,
2025-01-09,17:15,13.6,10.6,83.0,WEST,24.1,32.2,1016.63,0.0,0.0,0,0,,
2025-01-09,17:30,13.3,10.6,83.0,WNW,12.9,25.7,1017,0.0,0.0,0,0,,
2025-01-09,17:45,13.2,10.6,84.0,WEST,4.8,17.7,1017.07,0.0,0.0,0,0,,
2025-01-09,18:00,12.9,10.6,85.0,WNW,11.3,25.7,1017.58,0.0,0.0,0,0,,
2025-01-09,18:15,12.7,10.0,86.0,WNW,3.2,19.3,1017.85,0.0,0.0,0,0,,
2025-01-09,18:30,12.7,10.6,86.0,WNW,3.2,12.9,1017.91,0.0,0.0,0,0,,
2025-01-09,18:45,12.6,10.0,87.0,WEST,6.4,14.5,1018.05,0.0,0.0,0,0,,
2025-01-09,19:00,12.4,10.0,87.0,WEST,9.7,17.7,1018.12,0.0,0.0,0,0,,
2025-01-09,19:15,12.3,10.0,87.0,WEST,1.6,11.3,1018.32,0.0,0.0,0,0,,
2025-01-09,19:30,12.2,10.0,87.0,WEST,4.8,11.3,1018.22,0.0,0.0,0,0,,
2025-01-09,19:45,12.3,10.0,87.0,NORTH,0.0,9.7,1018.29,0.0,0.0,0,0,,
2025-01-09,20:00,12.4,10.0,88.0,NORTH,0.0,6.4,1018.05,0.0,0.0,0,0,,
2025-01-09,20:15,12.2,10.0,88.0,NORTH,0.0,3.2,1018.25,0.0,0.0,0,0,,
2025-01-09,20:30,12.2,10.0,88.0,WNW,1.6,12.9,1018.25,0.0,0.0,0,0,,
2025-01-09,20:45,12.1,10.0,88.0,WNW,3.2,16.1,1018.39,0.0,0.0,0,0,,
2025-01-09,21:00,12.1,10.0,88.0,WEST,1.6,14.5,1018.35,0.0,0.0,0,0,,
2025-01-09,21:15,12.2,10.0,88.0,WEST,9.7,17.7,1018.39,0.0,0.0,0,0,,
2025-01-09,21:30,12.2,10.0,87.0,WEST,4.8,12.9,1018.46,0.0,0.0,0,0,,
2025-01-09,21:45,12.2,10.0,87.0,WNW,8.0,12.9,1018.73,0.0,0.0,0,0,,
2025-01-09,22:00,12.5,10.6,88.0,,6.4,16.1,1018.73,0.0,0.0,0,0,,
2025-01-09,22:15,12.8,10.6,88.0,WEST,11.3,24.1,1018.86,0.0,0.0,0,0,,
2025-01-09,22:30,12.6,10.6,88.0,WNW,12.9,19.3,1019,0.0,0.0,0,0,,
2025-01-09,22:45,12.3,10.0,89.0,WNW,6.4,14.5,1019,0.0,0.0,0,0,,
2025-01-09,23:00,12.1,10.0,89.0,WNW,4.8,14.5,1018.96,0.0,0.0,0,0,,
2025-01-09,23:15,11.9,10.0,89.0,WNW,6.4,14.5,1019.03,0.0,0.0,0,0,,
2025-01-09,23:30,11.8,10.0,89.0,NW,3.2,12.9,1018.86,0.0,0.0,0,0,,
2025-01-09,23:45,11.6,10.0,90.0,NW,4.8,16.1,1019,0.0,0.0,0,0,,
2025-01-10,00:00,11.7,10.0,90.0,WNW,11.3,17.7,1019.03,0.0,0.0,0,0,,
2025-01-10,00:15,11.9,10.0,90.0,WEST,6.4,24.1,1019.07,0.0,0.0,0,0,,
2025-01-10,00:30,11.9,10.0,90.0,WNW,14.5,22.5,1018.86,0.0,0.0,0,0,,
2025-01-10,00:45,12.1,10.6,91.0,WNW,17.7,25.7,1018.73,0.0,0.0,0,0,,
2025-01-10,01:00,12.1,10.6,91.0,WNW,14.5,32.2,1018.8,0.0,0.0,0,0,,
2025-01-10,01:15,12.1,10.6,91.0,WEST,12.9,30.6,1018.76,0.0,0.0,0,0,,
2025-01-10,01:30,12.1,10.6,91.0,WNW,11.3,30.6,1018.73,0.0,0.0,0,0,,
2025-01-10,01:45,12.2,10.6,91.0,WNW,12.9,25.7,1018.76,0.0,0.0,0,0,,
2025-01-10,02:00,12.2,10.6,92.0,WEST,19.3,30.6,1018.56,0.0,0.0,0,0,,
2025-01-10,02:15,12.2,10.6,92.0,WNW,11.3,25.7,1018.83,0.0,0.0,0,0,,
2025-01-10,02:30,12.2,10.6,92.0,WEST,14.5,27.4,1018.8,0.0,0.0,0,0,,
2025-01-10,02:45,12.1,10.6,92.0,WEST,22.5,29.0,1018.86,0.0,0.0,0,0,,
2025-01-10,03:00,12.0,10.6,92.0,WEST,16.1,32.2,1018.63,0.0,0.0,0,0,,
2025-01-10,03:15,11.8,10.6,93.0,WNW,20.9,38.6,1018.66,0.0,0.0,0,0,,
2025-01-10,03:30,11.8,10.6,93.0,WEST,17.7,27.4,1019.07,0.0,0.0,0,0,,
2025-01-10,03:45,11.8,10.6,93.0,WNW,17.7,35.4,1019.03,0.0,0.0,0,0,,
2025-01-10,04:00,11.6,10.6,93.0,WNW,25.7,27.4,1018.86,0.0,0.0,0,0,,
2025-01-10,04:15,11.4,10.0,93.0,WNW,20.9,24.1,1018.8,0.0,0.0,0,0,,
2025-01-10,04:30,10.9,9.4,93.0,WNW,19.3,43.5,1018.56,0.0,0.0,0,0,,
2025-01-10,04:45,10.5,9.4,93.0,WNW,14.5,25.7,1018.66,0.0,0.0,0,0,,
2025-01-10,05:00,10.6,9.4,93.0,WNW,12.9,27.4,1018.66,0.0,0.0,0,0,,
2025-01-10,05:15,10.4,9.4,93.0,WNW,20.9,32.2,1018.76,0.0,0.0,0,0,,
2025-01-10,05:30,10.4,8.9,93.0,WNW,17.7,32.2,1018.93,0.0,0.0,0,0,,
2025-01-10,05:45,10.5,8.9,92.0,WNW,12.9,30.6,1018.73,0.0,0.0,0,0,,
2025-01-10,06:00,10.6,8.9,92.0,WNW,8.0,33.8,1018.86,0.0,0.0,0,0,,
2025-01-10,06:15,10.7,9.4,91.0,WNW,22.5,30.6,1018.66,0.0,0.0,0,0,,
2025-01-10,06:30,10.8,9.4,91.0,NW,16.1,33.8,1018.8,0.0,0.0,0,0,,
2025-01-10,06:45,10.9,9.4,90.0,NW,25.7,35.4,1019.17,0.0,0.0,0,0,,
2025-01-10,07:00,10.9,8.9,90.0,NW,17.7,33.8,1019.3,0.0,0.0,0,0,,
2025-01-10,07:15,10.9,8.9,90.0,WNW,20.9,32.2,1019.54,0.0,0.0,0,0,,
2025-01-10,07:30,10.8,8.9,89.0,WEST,29.0,37.0,1019.68,0.0,0.0,0,0,,
2025-01-10,07:45,10.9,8.9,89.0,WNW,30.6,40.2,1019.91,0.0,0.0,0,0,,
2025-01-10,08:00,10.8,8.9,88.0,WNW,16.1,35.4,1020.05,0.0,0.0,0,12,,
2025-01-10,08:15,10.7,8.3,88.0,NW,22.5,40.2,1020.52,0.0,0.0,0,23,,
2025-01-10,08:30,10.8,8.3,87.0,WNW,14.5,41.8,1020.69,0.0,0.0,0,70,,
2025-01-10,08:45,10.9,8.3,86.0,WNW,27.4,33.8,1021.1,0.0,0.0,0,114,,
2025-01-10,09:00,10.9,8.3,85.0,WNW,19.3,24.1,1021.2,0.0,0.0,0,155,,
2025-01-10,09:15,11.5,8.9,84.0,WEST,24.1,29.0,1021.1,0.0,0.0,0,220,,
2025-01-10,09:30,11.8,8.9,83.0,WNW,24.1,33.8,1021.27,0.0,0.0,0,267,,
2025-01-10,09:45,12.2,9.4,83.0,WNW,29.0,32.2,1021.27,0.0,0.0,1,279,,
2025-01-10,10:00,12.2,9.4,84.0,WNW,27.4,35.4,1021.47,0.0,0.0,1,318,,
2025-01-10,10:15,12.3,9.4,84.0,WNW,25.7,37.0,1021.64,0.0,0.0,1,313,,
2025-01-10,10:30,12.5,9.4,84.0,NW,11.3,35.4,1021.94,0.0,0.0,1,338,,
2025-01-10,10:45,12.8,10.0,85.0,WNW,22.5,32.2,1021.94,0.0,0.0,1,355,,
2025-01-10,11:00,12.9,10.0,83.0,WEST,20.9,38.6,1022.32,0.0,0.0,1,401,,
2025-01-10,11:15,13.1,10.0,81.0,WNW,20.9,32.2,1022.01,0.0,0.0,1,413,,
2025-01-10,11:30,13.3,10.0,80.0,WNW,20.9,40.2,1021.94,0.0,0.0,2,450,,
2025-01-10,11:45,13.4,10.0,79.0,WNW,27.4,29.0,1021.67,0.0,0.0,2,461,,
2025-01-10,12:00,13.8,10.0,78.0,WNW,20.9,30.6,1021.5,0.0,0.0,2,461,,
2025-01-10,12:15,13.8,10.0,78.0,WNW,20.9,30.6,1021.37,0.0,0.0,2,480,,
2025-01-10,12:30,14.0,10.0,77.0,WNW,12.9,32.2,1021.2,0.0,0.0,2,480,,
2025-01-10,12:45,14.2,10.0,78.0,WEST,16.1,29.0,1021,0.0,0.0,2,483,,
2025-01-10,13:00,14.3,10.0,77.0,WEST,25.7,41.8,1020.73,0.0,0.0,2,471,,
2025-01-10,13:15,14.3,10.0,76.0,WNW,14.5,35.4,1020.76,0.0,0.0,2,459,,
2025-01-10,13:30,14.2,10.0,76.0,NW,20.9,43.5,1020.73,0.0,0.0,2,450,,
2025-01-10,13:45,14.2,10.0,76.0,WNW,22.5,41.8,1020.73,0.0,0.0,2,429,,
2025-01-10,14:00,14.2,9.4,75.0,WNW,40.2,38.6,1020.45,0.0,0.0,1,418,,
2025-01-10,14:15,13.8,9.4,77.0,WNW,24.1,46.7,1020.45,0.0,0.0,1,390,,
2025-01-10,14:30,13.9,10.0,78.0,WEST,29.0,41.8,1020.39,0.0,0.0,1,362,,
2025-01-10,14:45,13.9,10.0,79.0,WEST,32.2,38.6,1020.52,0.0,0.0,1,338,,
2025-01-10,15:00,13.6,9.4,78.0,WNW,20.9,40.2,1020.59,0.0,0.0,1,306,,
2025-01-10,15:15,13.6,10.0,79.0,WEST,27.4,41.8,1020.83,0.0,0.0,0,54,,
2025-01-10,15:30,13.3,9.4,80.0,WNW,19.3,40.2,1020.79,0.0,0.0,0,62,,
2025-01-10,15:45,13.0,9.4,81.0,WNW,19.3,38.6,1020.89,0.0,0.0,0,69,,
2025-01-10,16:00,13.0,9.4,81.0,WNW,19.3,33.8,1020.79,0.0,0.0,0,58,,
2025-01-10,16:15,12.9,10.0,82.0,WNW,20.9,30.6,1020.76,0.0,0.0,0,44,,
2025-01-10,16:30,12.9,10.0,83.0,WNW,14.5,27.4,1020.52,0.0,0.0,0,26,,
2025-01-10,16:45,12.8,10.0,84.0,WNW,24.1,27.4,1020.66,0.0,0.0,0,19,,
2025-01-10,17:00,12.7,10.0,84.0,NW,16.1,30.6,1020.56,0.0,0.0,0,16,,
2025-01-10,17:15,12.6,10.0,84.0,WNW,19.3,30.6,1020.25,0.0,0.0,0,0,,
2025-01-10,17:30,12.5,10.0,85.0,NW,12.9,33.8,1020.59,0.0,0.0,0,0,,
2025-01-10,17:45,12.4,10.0,86.0,WNW,19.3,27.4,1020.59,0.0,0.0,0,0,,
2025-01-10,18:00,12.3,10.0,87.0,NW,19.3,24.1,1020.62,0.0,0.0,0,0,,
2025-01-10,18:15,12.3,10.0,87.0,NW,11.3,25.7,1020.62,0.0,0.0,0,0,,
2025-01-10,18:30,12.2,10.0,88.0,NW,17.7,20.9,1020.83,0.0,0.0,0,0,,
2025-01-10,18:45,12.2,10.0,89.0,NW,12.9,20.9,1021,0.0,0.0,0,0,,
2025-01-10,19:00,12.2,10.0,89.0,WEST,12.9,22.5,1021,0.0,0.0,0,0,,
2025-01-10,19:15,12.2,10.0,89.0,NW,16.1,19.3,1021.06,0.0,0.0,0,0,,
2025-01-10,19:30,12.2,10.6,90.0,NW,14.5,24.1,1020.93,0.0,0.0,0,0,,
2025-01-10,19:45,12.1,10.6,90.0,WNW,6.4,25.7,1020.79,0.0,0.0,0,0,,
2025-01-10,20:00,11.9,10.0,90.0,NW,9.7,19.3,1020.93,0.0,0.0,0,0,,
2025-01-10,20:15,11.8,10.0,90.0,,4.8,16.1,1021.1,0.0,0.0,0,0,,
2025-01-10,20:30,11.8,10.0,90.0,NNW,4.8,9.7,1021,0.0,0.0,0,0,,
2025-01-10,20:45,11.7,10.0,90.0,NORTH,0.0,8.0,1020.96,0.0,0.0,0,0,,
2025-01-10,21:00,11.6,10.0,91.0,NNW,4.8,6.4,1021.03,0.0,0.0,0,0,,
2025-01-10,21:15,11.8,10.0,91.0,NW,4.8,12.9,1020.96,0.0,0.0,0,0,,
2025-01-10,21:30,11.9,10.6,91.0,WNW,8.0,19.3,1021.1,0.0,0.0,0,0,,
2025-01-10,21:45,11.9,10.6,91.0,WEST,14.5,19.3,1020.86,0.0,0.0,0,0,,
2025-01-10,22:00,12.1,10.6,91.0,WEST,14.5,22.5,1021,0.0,0.0,0,0,,
2025-01-10,22:15,12.2,10.6,91.0,WNW,11.3,22.5,1021,0.0,0.0,0,0,,
2025-01-10,22:30,12.1,10.6,91.0,WEST,3.2,16.1,1020.83,0.0,0.0,0,0,,
2025-01-10,22:45,11.9,10.6,92.0,WNW,6.4,12.9,1020.62,0.0,0.0,0,0,,
2025-01-10,23:00,11.9,10.6,92.0,WEST,11.3,12.9,1020.42,0.0,0.0,0,0,,
2025-01-10,23:15,11.9,10.6,92.0,WNW,6.4,11.3,1020.49,0.0,0.0,0,0,,
2025-01-10,23:30,11.7,10.0,92.0,WNW,1.6,8.0,1020.45,0.0,0.0,0,0,,
2025-01-10,23:45,11.8,10.6,92.0,WEST,6.4,12.9,1020.49,0.0,0.0,0,0,,
2025-01-11,00:00,11.8,10.6,92.0,WEST,6.4,19.3,1020.52,0.0,0.0,0,0,,
2025-01-11,00:15,11.7,10.0,92.0,WEST,4.8,12.9,1020.39,0.0,0.0,0,0,,
2025-01-11,00:30,11.6,10.0,92.0,WEST,6.4,11.3,1020.15,0.0,0.0,0,0,,
2025-01-11,00:45,11.6,10.0,92.0,WEST,9.7,17.7,1020.08,0.0,0.0,0,0,,
2025-01-11,01:00,11.7,10.6,93.0,WEST,11.3,20.9,1020.12,0.0,0.0,0,0,,
2025-01-11,01:15,11.7,10.6,93.0,WEST,9.7,17.7,1019.91,0.0,0.0,0,0,,
2025-01-11,01:30,12.0,10.6,93.0,WNW,12.9,24.1,1019.91,0.0,0.0,0,0,,
2025-01-11,01:45,12.1,10.6,93.0,WEST,14.5,22.5,1019.61,0.0,0.0,0,0,,
2025-01-11,02:00,12.2,11.1,93.0,WNW,11.3,17.7,1019.57,0.0,0.0,0,0,,
2025-01-11,02:15,12.2,11.1,93.0,WNW,4.8,14.5,1019.4,0.0,0.0,0,0,,
2025-01-11,02:30,12.1,10.6,93.0,WEST,6.4,11.3,1019.13,0.0,0.0,0,0,,
2025-01-11,02:45,12.1,10.6,93.0,WEST,4.8,17.7,1019.07,0.0,0.0,0,0,,
2025-01-11,03:00,12.0,10.6,93.0,WNW,3.2,12.9,1018.96,0.0,0.0,0,0,,
2025-01-11,03:15,11.9,10.6,93.0,WEST,4.8,11.3,1019.1,0.0,0.0,0,0,,
2025-01-11,03:30,11.9,10.6,93.0,NW,4.8,12.9,1019.07,0.0,0.0,0,0,,
2025-01-11,03:45,11.8,10.6,93.0,WNW,6.4,8.0,1018.83,0.0,0.0,0,0,,
2025-01-11,04:00,11.8,10.6,93.0,WNW,6.4,8.0,1018.52,0.0,0.0,0,0,,
2025-01-11,04:15,11.8,10.6,93.0,WNW,3.2,6.4,1018.29,0.0,0.0,0,0,,
2025-01-11,04:30,11.8,10.6,93.0,WEST,4.8,11.3,1018.35,0.0,0.0,0,0,,
2025-01-11,04:45,11.8,10.6,93.0,WEST,6.4,11.3,1018.05,0.0,0.0,0,0,,
2025-01-11,05:00,11.8,10.6,93.0,WEST,4.8,12.9,1017.95,0.0,0.0,0,0,,
2025-01-11,05:15,11.8,10.6,93.0,WEST,4.8,12.9,1017.88,0.0,0.0,0,0,,
2025-01-11,05:30,11.7,10.6,94.0,WEST,1.6,9.7,1017.68,0.0,0.0,0,0,,
2025-01-11,05:45,11.6,10.6,93.0,WEST,1.6,11.3,1017.58,0.0,0.0,0,0,,
2025-01-11,06:00,11.6,10.6,93.0,WNW,4.8,12.9,1017.44,0.0,0.0,0,0,,
2025-01-11,06:15,11.4,10.0,94.0,WNW,4.8,12.9,1017.27,0.0,0.0,0,0,,
2025-01-11,06:30,11.4,10.6,94.0,WNW,6.4,16.1,1017.24,0.0,0.0,0,0,,
2025-01-11,06:45,11.3,10.0,94.0,WNW,3.2,12.9,1017.14,0.0,0.0,0,0,,
2025-01-11,07:00,11.3,10.0,94.0,WEST,1.6,6.4,1017.03,0.0,0.0,0,0,,
2025-01-11,07:15,11.3,10.0,94.0,WNW,4.8,12.9,1017.44,0.0,0.0,0,0,,
2025-01-11,07:30,11.3,10.0,94.0,WEST,3.2,6.4,1017.37,0.0,0.0,0,0,,
2025-01-11,07:45,11.3,10.0,94.0,WEST,4.8,9.7,1017.71,0.0,0.0,0,0,,
2025-01-11,08:00,11.4,10.6,94.0,WEST,4.8,9.7,1017.58,0.0,0.0,0,11,,
2025-01-11,08:15,11.5,10.6,94.0,WEST,3.2,11.3,1017.41,0.0,0.0,0,16,,
2025-01-11,08:30,11.6,10.6,94.0,WEST,1.6,11.3,1017.37,0.0,0.0,0,25,,
2025-01-11,08:45,11.6,10.6,94.0,WEST,4.8,4.8,1017.17,0.0,0.0,0,56,,
2025-01-11,09:00,11.8,10.6,94.0,WNW,4.8,11.3,1017.34,0.0,0.0,0,132,,
2025-01-11,09:15,11.8,10.6,94.0,WEST,9.7,12.9,1017.37,0.0,0.0,0,178,,
2025-01-11,09:30,12.2,11.1,94.0,WNW,12.9,12.9,1017.58,0.0,0.0,1,239,,
2025-01-11,09:45,12.5,11.7,94.0,WNW,11.3,17.7,1017.51,0.0,0.0,1,269,,
2025-01-11,10:00,12.8,11.7,94.0,WEST,9.7,22.5,1017.68,0.0,0.0,1,334,,
2025-01-11,10:15,13.1,11.7,93.0,NE,12.9,22.5,1017.64,0.0,0.0,1,195,,
2025-01-11,10:30,13.4,12.2,93.0,ENE,12.9,19.3,1017.58,0.0,0.0,1,497,,
2025-01-11,10:45,13.4,12.2,92.0,WNW,8.0,20.9,1017.58,0.0,0.0,1,163,,
2025-01-11,11:00,13.6,12.2,92.0,WNW,12.9,22.5,1017.61,0.0,0.0,1,301,,
2025-01-11,11:15,13.6,11.7,91.0,WSW,4.8,19.3,1017.17,0.0,0.0,1,216,,
2025-01-11,11:30,13.8,12.2,90.0,NORTH,0.0,17.7,1016.86,0.0,0.0,1,612,,
2025-01-11,11:45,13.9,11.7,88.0,WSW,1.6,24.1,1016.53,0.0,0.0,1,178,,
2025-01-11,12:00,14.0,11.7,88.0,WNW,9.7,17.7,1016.22,0.0,0.0,1,167,,
2025-01-11,12:15,13.9,11.7,87.0,WSW,4.8,17.7,1016.02,0.0,0.0,1,91,,
2025-01-11,12:30,14.0,11.7,87.0,WEST,3.2,16.1,1015.44,0.0,0.0,1,163,,
2025-01-11,12:45,14.2,11.7,86.0,WEST,11.3,14.5,1015.24,0.0,0.0,1,206,,
2025-01-11,13:00,14.3,11.7,85.0,WEST,11.3,17.7,1014.77,0.0,0.0,1,160,,
2025-01-11,13:15,14.4,11.7,84.0,WNW,6.4,20.9,1014.63,0.0,0.0,0,121,,
2025-01-11,13:30,14.4,11.7,83.0,WEST,11.3,24.1,1014.63,0.0,0.0,0,93,,
2025-01-11,13:45,14.4,11.7,84.0,WNW,12.9,24.1,1014.26,0.0,0.0,1,104,,
2025-01-11,14:00,14.3,11.7,84.0,NW,12.9,19.3,1014.12,0.0,0.0,1,105,,
2025-01-11,14:15,14.2,11.7,84.0,WNW,14.5,24.1,1013.88,0.0,0.0,0,60,,
2025-01-11,14:30,14.1,11.7,85.0,WEST,11.3,25.7,1013.61,0.0,0.0,0,60,,
2025-01-11,14:45,13.9,11.7,86.0,EAST,14.5,22.5,1013.65,0.0,0.0,0,63,,
2025-01-11,15:00,13.8,11.1,86.0,WNW,14.5,25.7,1013.51,0.0,0.0,0,56,,
2025-01-11,15:15,13.7,11.7,87.0,WNW,6.4,22.5,1013.24,0.0,0.0,0,7,,
2025-01-11,15:30,13.4,11.1,88.0,SW,6.4,17.7,1013.44,0.2,0.2,0,19,,
2025-01-11,15:45,13.3,11.7,89.0,WEST,12.9,22.5,1012.94,0.5,0.5,0,26,,
2025-01-11,16:00,12.9,11.1,90.0,NE,6.4,25.7,1012.7,0.5,0.5,0,40,,
2025-01-11,16:15,12.9,11.1,91.0,WEST,17.7,27.4,1012.53,0.8,0.8,0,7,,
2025-01-11,16:30,12.9,11.1,91.0,ENE,12.9,27.4,1012.46,1.8,1.5,0,7,,
2025-01-11,16:45,12.3,10.6,91.0,WEST,14.5,24.1,1012.33,2.8,2.3,0,0,,
2025-01-11,17:00,12.4,11.1,92.0,WNW,6.4,24.1,1012.19,3.6,3.0,0,0,,
2025-01-11,17:15,12.4,11.1,92.0,ENE,16.1,25.7,1011.95,4.3,3.6,0,0,,
2025-01-11,17:30,12.4,11.1,92.0,WEST,22.5,46.7,1012.09,5.6,3.6,0,0,,
2025-01-11,17:45,12.2,11.1,93.0,WNW,12.9,40.2,1011.82,6.1,3.3,0,0,,
2025-01-11,18:00,12.1,10.6,93.0,WEST,16.1,30.6,1011.89,6.3,2.8,0,0,,
2025-01-11,18:15,11.8,10.6,93.0,WEST,20.9,30.6,1011.85,6.3,2.0,0,0,,
2025-01-11,18:30,11.9,10.6,94.0,WNW,24.1,35.4,1011.58,6.9,1.3,0,0,,
2025-01-11,18:45,11.8,10.6,94.0,WNW,17.7,41.8,1011.95,7.4,1.5,0,0,,
2025-01-11,19:00,11.3,10.0,94.0,NW,12.9,27.4,1011.95,7.4,1.0,0,0,,
2025-01-11,19:15,11.2,10.0,94.0,WNW,12.9,30.6,1012.5,7.4,1.0,0,0,,
2025-01-11,19:30,11.2,10.0,94.0,NW,22.5,37.0,1012.8,7.4,0.5,0,0,,
2025-01-11,19:45,10.8,9.4,93.0,NW,19.3,33.8,1012.84,7.4,0.0,0,0,,
2025-01-11,20:00,10.9,10.0,94.0,WNW,20.9,27.4,1012.84,7.4,0.0,0,0,,
2025-01-11,20:15,10.7,9.4,94.0,WNW,20.9,32.2,1012.77,7.4,0.0,0,0,,
2025-01-11,20:30,10.6,9.4,94.0,WNW,22.5,37.0,1012.46,7.4,0.0,0,0,,
2025-01-11,20:45,10.4,9.4,93.0,WEST,30.6,30.6,1012.6,7.4,0.0,0,0,,
2025-01-11,21:00,10.6,9.4,94.0,WEST,17.7,27.4,1012.67,7.4,0.0,0,0,,
2025-01-11,21:15,10.6,9.4,93.0,NW,19.3,27.4,1012.87,7.4,0.0,0,0,,
2025-01-11,21:30,10.7,9.4,94.0,WEST,16.1,30.6,1012.63,7.4,0.0,0,0,,
2025-01-11,21:45,10.6,9.4,94.0,WNW,16.1,32.2,1012.7,7.4,0.0,0,0,,
2025-01-11,22:00,10.6,9.4,94.0,WNW,14.5,25.7,1012.9,7.4,0.0,0,0,,
2025-01-11,22:15,10.3,8.9,93.0,WEST,30.6,27.4,1012.63,7.4,0.0,0,0,,
2025-01-11,22:30,10.2,8.9,93.0,WEST,19.3,37.0,1012.7,7.4,0.0,0,0,,
2025-01-11,22:45,10.3,8.9,93.0,WNW,25.7,37.0,1012.8,7.4,0.0,0,0,,
2025-01-11,23:00,10.3,8.9,92.0,WEST,22.5,45.1,1012.73,7.4,0.0,0,0,,
2025-01-11,23:15,10.3,8.9,92.0,WEST,24.1,33.8,1012.5,7.4,0.0,0,0,,
2025-01-11,23:30,10.3,8.9,92.0,NW,12.9,29.0,1012.33,7.4,0.0,0,0,,
2025-01-11,23:45,10.3,8.9,92.0,WNW,8.0,30.6,1012.53,7.4,0.0,0,0,,
2025-01-12,00:00,10.2,8.9,92.0,WNW,19.3,29.0,1012.67,0.0,0.0,0,0,,
2025-01-12,00:15,10.1,8.9,92.0,WEST,19.3,29.0,1012.6,0.0,0.0,0,0,,
2025-01-12,00:30,9.9,8.3,92.0,WEST,12.9,27.4,1012.6,0.0,0.0,0,0,,
2025-01-12,00:45,9.9,8.3,92.0,NW,16.1,27.4,1012.46,0.0,0.0,0,0,,
2025-01-12,01:00,9.9,8.3,91.0,NW,11.3,22.5,1012.26,0.0,0.0,0,0,,
2025-01-12,01:15,9.8,8.3,91.0,WNW,24.1,22.5,1012.16,0.0,0.0,0,0,,
2025-01-12,01:30,10.0,8.3,91.0,WEST,25.7,37.0,1012.02,0.0,0.0,0,0,,
2025-01-12,01:45,9.9,8.3,91.0,WNW,16.1,27.4,1012.06,0.0,0.0,0,0,,
2025-01-12,02:00,9.9,8.3,91.0,WEST,24.1,27.4,1011.85,0.0,0.0,0,0,,
2025-01-12,02:15,9.8,8.3,91.0,WEST,14.5,29.0,1011.79,0.0,0.0,0,0,,
2025-01-12,02:30,9.8,8.3,91.0,WNW,12.9,25.7,1011.65,0.0,0.0,0,0,,
2025-01-12,02:45,9.8,8.3,92.0,WEST,20.9,29.0,1011.68,0.0,0.0,0,0,,
2025-01-12,03:00,9.9,8.3,92.0,WEST,14.5,22.5,1011.51,0.0,0.0,0,0,,
2025-01-12,03:15,9.7,8.3,92.0,NW,4.8,20.9,1011.75,0.0,0.0,0,0,,
2025-01-12,03:30,9.5,8.3,92.0,NW,4.8,8.0,1011.75,0.0,0.0,0,0,,
2025-01-12,03:45,9.4,7.8,92.0,NNW,6.4,14.5,1011.58,0.0,0.0,0,0,,
2025-01-12,04:00,9.4,7.8,92.0,WNW,6.4,11.3,1011.48,0.0,0.0,0,0,,
2025-01-12,04:15,9.2,7.8,92.0,NW,3.2,6.4,1011.41,0.0,0.0,0,0,,
2025-01-12,04:30,8.9,7.8,92.0,NORTH,0.0,3.2,1011.14,0.0,0.0,0,0,,
2025-01-12,04:45,8.6,7.2,92.0,NORTH,0.0,4.8,1011.04,0.0,0.0,0,0,,
2025-01-12,05:00,8.4,7.2,92.0,NORTH,0.0,3.2,1011.18,0.0,0.0,0,0,,
2025-01-12,05:15,8.2,6.7,92.0,NNW,6.4,17.7,1010.84,0.0,0.0,0,0,,
2025-01-12,05:30,8.0,6.7,92.0,NNW,6.4,12.9,1011.04,0.0,0.0,0,0,,
2025-01-12,05:45,7.8,6.1,92.0,NW,1.6,8.0,1010.7,0.0,0.0,0,0,,
2025-01-12,06:00,7.7,6.1,91.0,NW,4.8,14.5,1011.18,0.0,0.0,0,0,,
2025-01-12,06:15,7.6,6.1,91.0,NW,4.8,8.0,1011.21,0.0,0.0,0,0,,
2025-01-12,06:30,7.4,6.1,91.0,NNW,6.4,9.7,1011.21,0.0,0.0,0,0,,
2025-01-12,06:45,7.3,5.6,91.0,NW,9.7,19.3,1011.55,0.0,0.0,0,0,,
2025-01-12,07:00,7.4,6.1,91.0,NNW,4.8,17.7,1011.68,0.0,0.0,0,0,,
2025-01-12,07:15,7.4,6.1,91.0,NNW,8.0,20.9,1011.72,0.0,0.0,0,0,,
2025-01-12,07:30,7.2,5.6,91.0,NW,8.0,16.1,1012.19,0.0,0.0,0,0,,
2025-01-12,07:45,7.0,5.6,91.0,NW,8.0,14.5,1012.29,0.0,0.0,0,0,,
2025-01-12,08:00,6.8,5.6,91.0,NORTH,0.0,14.5,1012.23,0.0,0.0,0,9,,
2025-01-12,08:15,6.6,5.0,91.0,NNW,3.2,14.5,1012.26,0.0,0.0,0,26,,
2025-01-12,08:30,6.6,5.0,91.0,NNW,4.8,9.7,1012.5,0.0,0.0,0,83,,
2025-01-12,08:45,6.6,5.0,91.0,NNW,1.6,6.4,1012.77,0.0,0.0,0,114,,
2025-01-12,09:00,6.7,5.0,90.0,NW,6.4,12.9,1012.8,0.0,0.0,0,163,,
2025-01-12,09:15,7.0,5.0,89.0,NW,6.4,9.7,1012.84,0.0,0.0,0,220,,
2025-01-12,09:30,7.1,5.0,87.0,NNW,6.4,12.9,1013.24,0.0,0.0,0,116,,
2025-01-12,09:45,7.4,5.0,86.0,NW,1.6,12.9,1013.21,0.0,0.0,0,134,,
2025-01-12,10:00,7.6,5.0,85.0,NNW,8.0,9.7,1013.31,0.0,0.0,0,116,,
2025-01-12,10:15,7.8,5.0,84.0,NNW,8.0,12.9,1013.85,0.0,0.0,0,100,,
2025-01-12,10:30,7.9,5.0,84.0,NNW,3.2,6.4,1013.72,0.0,0.0,1,185,,
2025-01-12,10:45,8.4,5.6,83.0,NNW,3.2,9.7,1013.75,0.0,0.0,1,348,,
2025-01-12,11:00,8.7,5.6,83.0,NW,8.0,12.9,1013.95,0.0,0.0,1,253,,
2025-01-12,11:15,8.9,6.1,82.0,NW,14.5,16.1,1014.09,0.0,0.0,1,345,,
2025-01-12,11:30,9.2,5.6,80.0,NW,14.5,22.5,1014.09,0.0,0.0,1,374,,
2025-01-12,11:45,9.3,5.6,78.0,NW,16.1,25.7,1014.02,0.0,0.0,2,605,,
2025-01-12,12:00,9.5,5.6,77.0,NW,12.9,17.7,1013.82,0.0,0.0,1,323,,
2025-01-12,12:30,9.4,5.0,76.0,NW,14.5,19.3,1013.82,0.0,0.0,1,190,,
2025-01-12,12:45,9.1,5.0,76.0,NW,8.0,19.3,1013.75,0.0,0.0,1,207,,
2025-01-12,13:00,9.3,5.0,76.0,NW,6.4,16.1,1013.72,0.0,0.0,1,271,,
2025-01-12,13:15,9.4,5.0,73.0,NW,9.7,20.9,1013.65,0.0,0.0,1,227,,
2025-01-12,13:30,9.4,4.4,73.0,NNW,14.5,19.3,1013.61,0.0,0.0,1,153,,
2025-01-12,13:45,9.3,4.4,72.0,NW,24.1,24.1,1013.68,0.0,0.0,0,132,,
2025-01-12,14:00,9.2,3.9,70.0,NNW,14.5,27.4,1013.61,0.0,0.0,1,142,,
2025-01-12,14:15,9.1,3.9,69.0,NW,20.9,25.7,1013.85,0.0,0.0,0,135,,
2025-01-12,14:30,8.9,3.3,69.0,NNW,12.9,20.9,1013.85,0.0,0.0,0,102,,
2025-01-12,14:45,8.9,3.3,69.0,NW,16.1,19.3,1013.75,0.0,0.0,0,116,,
2025-01-12,15:00,9.1,3.3,69.0,NNW,8.0,19.3,1013.82,0.0,0.0,0,139,,
2025-01-12,15:15,9.2,3.9,69.0,NNW,19.3,22.5,1014.09,0.0,0.0,0,134,,
2025-01-12,15:30,9.3,3.3,68.0,NNW,14.5,20.9,1014.02,0.0,0.0,0,128,,
2025-01-12,15:45,9.2,3.3,68.0,NW,12.9,19.3,1014.22,0.0,0.0,0,111,,
2025-01-12,16:00,8.9,2.8,66.0,NNW,14.5,22.5,1014.39,0.0,0.0,0,97,,
2025-01-12,16:15,8.7,2.2,66.0,NW,8.0,24.1,1014.43,0.0,0.0,0,63,,
2025-01-12,16:30,8.5,2.2,66.0,NNW,17.7,22.5,1014.39,0.0,0.0,0,56,,
2025-01-12,16:45,8.4,1.7,63.0,NNW,19.3,32.2,1014.43,0.0,0.0,0,25,,
2025-01-12,17:00,8.0,1.7,64.0,NW,17.7,32.2,1014.63,0.0,0.0,0,11,,
2025-01-12,17:15,7.8,1.1,62.0,NNE,19.3,35.4,1014.97,0.0,0.0,0,0,,
2025-01-12,17:30,7.6,1.1,63.0,,24.1,27.4,1015.21,0.0,0.0,0,0,,
2025-01-12,17:45,7.6,0.6,61.0,NNW,24.1,29.0,1015.14,0.0,0.0,0,0,,
2025-01-12,18:00,7.5,0.6,61.0,NNW,19.3,29.0,1015.31,0.0,0.0,0,0,,
2025-01-12,18:15,7.4,0.6,61.0,NNW,9.7,24.1,1015.68,0.0,0.0,0,0,,
2025-01-12,18:30,7.4,0.6,62.0,,8.0,22.5,1015.61,0.0,0.0,0,0,,
2025-01-12,18:45,7.4,0.6,63.0,NW,14.5,22.5,1015.98,0.0,0.0,0,0,,
2025-01-12,19:00,7.3,0.6,63.0,NNW,6.4,17.7,1016.12,0.0,0.0,0,0,,
2025-01-12,19:15,7.2,0.6,64.0,NNW,9.7,19.3,1016.29,0.0,0.0,0,0,,
2025-01-12,19:30,6.8,0.6,65.0,NNW,8.0,16.1,1016.46,0.0,0.0,0,0,,
2025-01-12,19:45,6.6,0.6,67.0,NNW,8.0,12.9,1016.7,0.0,0.0,0,0,,
2025-01-12,20:00,6.5,0.6,67.0,NNW,6.4,14.5,1016.76,0.0,0.0,0,0,,
2025-01-12,20:15,6.5,0.6,67.0,NNW,4.8,9.7,1016.9,0.0,0.0,0,0,,
2025-01-12,20:30,6.6,0.6,68.0,NNW,8.0,12.9,1017.1,0.0,0.0,0,0,,
2025-01-12,20:45,6.4,1.1,69.0,NNW,1.6,6.4,1017,0.0,0.0,0,0,,
2025-01-12,21:00,6.3,1.1,69.0,NNW,1.6,3.2,1017.2,0.0,0.0,0,0,,
2025-01-12,21:15,6.3,1.1,69.0,NORTH,0.0,4.8,1017.41,0.0,0.0,0,0,,
2025-01-12,21:30,6.3,1.1,70.0,NORTH,0.0,6.4,1017.64,0.0,0.0,0,0,,
2025-01-12,21:45,6.3,1.1,70.0,NNW,3.2,17.7,1017.75,0.0,0.0,0,0,,
2025-01-12,22:00,6.4,1.1,70.0,NNE,1.6,8.0,1017.88,0.0,0.0,0,0,,
2025-01-12,22:15,6.6,1.7,70.0,NNW,6.4,16.1,1017.78,0.0,0.0,0,0,,
2025-01-12,22:30,6.9,1.7,70.0,NNW,8.0,12.9,1017.78,0.0,0.0,0,0,,
2025-01-12,22:45,7.1,1.7,69.0,,9.7,19.3,1017.81,0.0,0.0,0,0,,
2025-01-12,23:00,7.2,1.7,68.0,NNW,14.5,22.5,1018.12,0.0,0.0,0,0,,
2025-01-12,23:15,7.2,1.1,67.0,NNW,16.1,27.4,1018.12,0.0,0.0,0,0,,
2025-01-12,23:30,7.1,1.1,67.0,,12.9,22.5,1017.85,0.0,0.0,0,0,,
2025-01-12,23:45,7.0,1.1,66.0,NORTH,11.3,22.5,1018.02,0.0,0.0,0,0,,
2025-01-13,00:00,6.9,1.1,66.0,,14.5,22.5,1017.75,0.0,0.0,0,0,,
2025-01-13,00:15,6.8,1.1,66.0,NNW,6.4,24.1,1017.64,0.0,0.0,0,0,,
2025-01-13,00:30,6.8,0.6,66.0,NNW,12.9,30.6,1017.64,0.0,0.0,0,0,,
2025-01-13,00:45,6.9,0.6,66.0,NNW,17.7,27.4,1017.61,0.0,0.0,0,0,,
2025-01-13,01:00,6.8,0.6,66.0,,8.0,29.0,1017.75,0.0,0.0,0,0,,
2025-01-13,01:15,6.4,0.6,68.0,NW,19.3,32.2,1017.81,0.0,0.0,0,0,,
2025-01-13,01:30,6.4,1.1,69.0,,16.1,33.8,1017.58,0.0,0.0,0,0,,
2025-01-13,01:45,6.3,1.1,70.0,NNW,20.9,33.8,1017.51,0.0,0.0,0,0,,
2025-01-13,02:00,6.2,1.1,71.0,NNW,14.5,38.6,1017.44,0.0,0.0,0,0,,
2025-01-13,02:15,6.1,1.1,71.0,WNW,16.1,25.7,1017.51,0.0,0.0,0,0,,
2025-01-13,02:30,6.0,1.1,72.0,NW,16.1,32.2,1017.68,0.0,0.0,0,0,,
2025-01-13,02:45,5.8,1.1,72.0,NNW,12.9,27.4,1017.75,0.0,0.0,0,0,,
2025-01-13,03:00,5.7,1.1,74.0,NW,6.4,25.7,1017.75,0.0,0.0,0,0,,
2025-01-13,03:15,5.6,1.1,74.0,NNW,14.5,29.0,1017.54,0.0,0.0,0,0,,
2025-01-13,03:30,5.4,1.1,75.0,NW,17.7,35.4,1017.64,0.0,0.0,0,0,,
2025-01-13,03:45,5.3,1.1,76.0,WNW,16.1,29.0,1017.58,0.0,0.0,0,0,,
2025-01-13,04:00,5.2,1.1,76.0,NNW,9.7,24.1,1017.54,0.0,0.0,0,0,,
2025-01-13,04:15,5.2,1.1,77.0,NNW,19.3,27.4,1017.27,0.0,0.0,0,0,,
2025-01-13,04:30,5.3,1.1,76.0,NNW,14.5,35.4,1017.27,0.0,0.0,0,0,,
2025-01-13,04:45,5.3,1.1,76.0,NORTH,8.0,33.8,1017.34,0.0,0.0,0,0,,
2025-01-13,05:00,5.2,1.1,76.0,,12.9,22.5,1017.27,0.0,0.0,0,0,,
2025-01-13,05:15,5.3,1.1,75.0,NNW,14.5,30.6,1017.34,0.0,0.0,0,0,,
2025-01-13,05:30,5.2,1.1,75.0,,25.7,29.0,1017.14,0.0,0.0,0,0,,
2025-01-13,05:45,5.2,1.1,75.0,NNW,16.1,25.7,1017.51,0.0,0.0,0,0,,
2025-01-13,06:00,5.1,1.1,75.0,NNW,9.7,19.3,1017.37,0.0,0.0,0,0,,
2025-01-13,06:15,5.0,1.1,75.0,,6.4,17.7,1017.24,0.0,0.0,0,0,,
2025-01-13,06:30,4.9,1.1,76.0,NNW,6.4,14.5,1017.44,0.0,0.0,0,0,,
2025-01-13,06:45,5.1,1.1,76.0,NNW,8.0,17.7,1017.68,0.0,0.0,0,0,,
2025-01-13,07:00,5.2,1.1,75.0,NNW,12.9,20.9,1017.71,0.0,0.0,0,0,,
2025-01-13,07:15,5.2,1.1,75.0,NW,9.7,19.3,1017.88,0.0,0.0,0,0,,
2025-01-13,07:30,5.2,1.1,76.0,NW,14.5,22.5,1017.98,0.0,0.0,0,0,,
2025-01-13,07:45,5.2,1.1,76.0,NORTH,14.5,22.5,1018.15,0.0,0.0,0,0,,
2025-01-13,08:00,5.2,1.1,76.0,NNE,12.9,29.0,1018.29,0.0,0.0,0,21,,
2025-01-13,08:15,5.3,1.1,75.0,,9.7,19.3,1018.39,0.0,0.0,0,37,,
2025-01-13,08:30,5.4,1.1,75.0,NORTH,11.3,20.9,1018.8,0.0,0.0,0,58,,
2025-01-13,08:45,5.5,1.1,74.0,NNE,9.7,20.9,1018.86,0.0,0.0,0,84,,
2025-01-13,09:00,5.8,1.1,73.0,,16.1,30.6,1019.07,0.0,0.0,0,130,,
2025-01-13,09:15,5.9,1.1,72.0,NNW,14.5,32.2,1018.93,0.0,0.0,0,81,,
2025-01-13,09:30,5.9,1.1,72.0,NNW,16.1,30.6,1019.13,0.0,0.0,0,93,,
2025-01-13,09:45,6.1,1.1,71.0,NNW,19.3,35.4,1019.2,0.0,0.0,0,156,,
2025-01-13,10:00,6.1,1.1,71.0,NNW,16.1,40.2,1019.34,0.0,0.0,1,156,,
2025-01-13,10:15,6.1,1.1,71.0,NNW,4.8,30.6,1019.34,0.0,0.0,1,162,,
2025-01-13,10:30,6.3,1.1,71.0,NNW,24.1,20.9,1019.61,0.0,0.0,1,221,,
2025-01-13,10:45,6.5,1.1,70.0,,22.5,33.8,1019.57,0.0,0.0,1,272,,
2025-01-13,11:00,6.6,1.1,70.0,NNE,12.9,33.8,1019.44,0.0,0.0,1,341,,
2025-01-13,11:15,6.9,1.7,69.0,NNW,16.1,33.8,1019.3,0.0,0.0,1,462,,
2025-01-13,11:30,7.3,1.7,69.0,NW,9.7,38.6,1019.54,0.0,0.0,2,541,,
2025-01-13,11:45,7.5,1.7,69.0,NW,12.9,33.8,1019.3,0.0,0.0,2,519,,
2025-01-13,12:00,7.7,2.2,69.0,NNW,16.1,27.4,1019.47,0.0,0.0,2,462,,
2025-01-13,12:15,8.1,2.2,69.0,NW,25.7,32.2,1019.24,0.0,0.0,2,524,,
2025-01-13,12:30,8.0,2.2,68.0,NW,19.3,30.6,1019.1,0.0,0.0,2,540,,
2025-01-13,12:45,8.3,2.8,68.0,NW,12.9,24.1,1018.96,0.0,0.0,2,513,,
2025-01-13,13:00,8.3,2.8,69.0,WNW,19.3,32.2,1018.66,0.0,0.0,2,506,,
2025-01-13,13:15,8.5,2.8,67.0,WNW,24.1,33.8,1018.35,0.0,0.0,2,506,,
2025-01-13,13:30,8.8,2.8,65.0,NW,17.7,29.0,1018.29,0.0,0.0,1,378,,
2025-01-13,13:45,8.5,2.2,66.0,NW,22.5,30.6,1018.15,0.0,0.0,2,480,,
2025-01-13,14:00,8.8,2.2,65.0,WNW,19.3,32.2,1018.12,0.0,0.0,1,457,,
2025-01-13,14:15,8.9,2.2,64.0,WNW,24.1,30.6,1017.88,0.0,0.0,1,346,,
2025-01-13,14:30,8.7,2.2,65.0,NW,20.9,32.2,1017.88,0.0,0.0,1,186,,
2025-01-13,14:45,8.6,2.2,65.0,NNW,14.5,25.7,1017.98,0.0,0.0,1,364,,
2025-01-13,15:00,8.5,2.2,65.0,NNW,14.5,29.0,1018.22,0.0,0.0,1,336,,
2025-01-13,15:15,8.6,2.2,65.0,NW,9.7,27.4,1018.22,0.0,0.0,1,297,,
2025-01-13,15:30,8.6,2.2,65.0,WNW,14.5,25.7,1018.39,0.0,0.0,1,260,,
2025-01-13,15:45,8.4,2.2,65.0,NNW,9.7,24.1,1018.42,0.0,0.0,0,223,,
2025-01-13,16:00,8.4,2.2,66.0,NNW,8.0,22.5,1018.56,0.0,0.0,0,172,,
2025-01-13,16:15,8.2,2.2,66.0,NW,16.1,19.3,1018.63,0.0,0.0,0,84,,
2025-01-13,16:30,8.3,2.2,66.0,NW,11.3,19.3,1018.9,0.0,0.0,0,105,,
2025-01-13,16:45,8.4,2.2,67.0,NW,6.4,19.3,1019.07,0.0,0.0,0,56,,
2025-01-13,17:00,8.4,2.2,66.0,NNW,3.2,9.7,1019.13,0.0,0.0,0,12,,
2025-01-13,17:15,8.1,2.2,68.0,NNW,4.8,12.9,1019.3,0.0,0.0,0,7,,
2025-01-13,17:30,7.9,2.2,68.0,NNW,6.4,11.3,1019.34,0.0,0.0,0,0,,
2025-01-13,17:45,7.4,2.2,69.0,NW,9.7,14.5,1019.68,0.0,0.0,0,0,,
2025-01-13,18:00,7.1,1.7,70.0,NNW,8.0,14.5,1019.47,0.0,0.0,0,0,,
2025-01-13,18:15,6.9,1.7,70.0,NW,4.8,9.7,1019.74,0.0,0.0,0,0,,
2025-01-13,18:30,6.9,1.7,71.0,NNW,3.2,4.8,1020.05,0.0,0.0,0,0,,
2025-01-13,18:45,6.7,1.7,71.0,NNW,4.8,9.7,1020.01,0.0,0.0,0,0,,
2025-01-13,19:00,6.6,1.7,72.0,NORTH,0.0,3.2,1020.12,0.0,0.0,0,0,,
2025-01-13,19:15,6.5,1.7,72.0,NORTH,0.0,3.2,1020.22,0.0,0.0,0,0,,
2025-01-13,19:30,6.3,1.7,73.0,NNE,1.6,4.8,1020.52,0.0,0.0,0,0,,
2025-01-13,19:45,6.2,1.7,74.0,NNW,6.4,9.7,1020.66,0.0,0.0,0,0,,
2025-01-13,20:00,6.2,1.7,74.0,NW,3.2,8.0,1020.69,0.0,0.0,0,0,,
2025-01-13,20:15,5.8,1.7,74.0,NORTH,0.0,3.2,1020.83,0.0,0.0,0,0,,
2025-01-13,20:30,5.8,1.7,75.0,NW,1.6,6.4,1020.89,0.0,0.0,0,0,,
2025-01-13,20:45,5.9,1.7,76.0,NNW,1.6,12.9,1021.03,0.0,0.0,0,0,,
2025-01-13,21:00,5.8,1.7,76.0,NNW,3.2,6.4,1021.27,0.0,0.0,0,0,,
2025-01-13,21:15,5.8,1.7,77.0,NNW,1.6,4.8,1021.06,0.0,0.0,0,0,,
2025-01-13,21:30,5.6,1.7,77.0,NORTH,0.0,4.8,1021.06,0.0,0.0,0,0,,
2025-01-13,21:45,5.5,1.7,78.0,NORTH,1.6,3.2,1021.33,0.0,0.0,0,0,,
2025-01-13,22:00,5.4,1.7,78.0,NORTH,4.8,4.8,1021.44,0.0,0.0,0,0,,
2025-01-13,22:15,5.4,1.7,79.0,NORTH,3.2,4.8,1021.74,0.0,0.0,0,0,,
2025-01-13,22:30,5.6,2.2,79.0,NORTH,1.6,6.4,1021.54,0.0,0.0,0,0,,
2025-01-13,22:45,5.5,1.7,79.0,NORTH,3.2,4.8,1021.5,0.0,0.0,0,0,,
2025-01-13,23:00,5.7,2.2,79.0,NORTH,0.0,3.2,1021.61,0.0,0.0,0,0,,
2025-01-13,23:15,5.8,2.2,78.0,NORTH,0.0,3.2,1021.61,0.0,0.0,0,0,,
2025-01-13,23:30,5.8,2.2,78.0,NORTH,0.0,1.6,1021.61,0.0,0.0,0,0,,
2025-01-13,23:45,5.8,2.2,78.0,NORTH,0.0,1.6,1021.71,0.0,0.0,0,0,,
2025-01-14,00:00,5.7,2.2,78.0,NNE,4.8,4.8,1021.61,0.0,0.0,0,0,,
2025-01-14,00:15,5.9,2.2,78.0,EAST,6.4,12.9,1021.5,0.0,0.0,0,0,,
2025-01-14,00:30,5.8,2.2,78.0,ESE,4.8,6.4,1021.3,0.0,0.0,0,0,,
2025-01-14,00:45,6.3,2.2,76.0,EAST,1.6,11.3,1021.44,0.0,0.0,0,0,,
2025-01-14,01:00,6.2,2.2,75.0,NW,9.7,12.9,1021.5,0.0,0.0,0,0,,
2025-01-14,01:15,5.8,1.7,77.0,NNW,6.4,9.7,1021.4,0.0,0.0,0,0,,
2025-01-14,01:30,5.7,2.2,78.0,NNW,4.8,14.5,1021.44,0.0,0.0,0,0,,
2025-01-14,01:45,5.6,2.2,78.0,NNW,4.8,12.9,1021.2,0.0,0.0,0,0,,
2025-01-14,02:00,5.6,2.2,79.0,NNE,1.6,11.3,1021.33,0.0,0.0,0,0,,
2025-01-14,02:15,5.7,2.2,79.0,NNE,3.2,8.0,1021.37,0.0,0.0,0,0,,
2025-01-14,02:30,5.9,2.2,78.0,NORTH,4.8,12.9,1021.67,0.0,0.0,0,0,,
2025-01-14,02:45,5.9,2.2,77.0,NORTH,4.8,6.4,1021.71,0.0,0.0,0,0,,
2025-01-14,03:00,5.8,2.2,77.0,NORTH,1.6,8.0,1021.33,0.0,0.0,0,0,,
2025-01-14,03:15,5.8,2.2,77.0,,4.8,12.9,1021.47,0.0,0.0,0,0,,
2025-01-14,03:30,5.8,2.2,78.0,ENE,4.8,6.4,1021.2,0.0,0.0,0,0,,
2025-01-14,03:45,5.7,2.2,78.0,NORTH,0.0,8.0,1021.23,0.0,0.0,0,0,,
2025-01-14,04:00,5.4,1.7,78.0,NNW,4.8,3.2,1021.27,0.0,0.0,0,0,,
2025-01-14,04:15,5.3,1.7,79.0,NORTH,0.0,4.8,1021.06,0.0,0.0,0,0,,
2025-01-14,04:30,5.2,1.7,79.0,NNW,3.2,3.2,1021.1,0.0,0.0,0,0,,
2025-01-14,04:45,5.1,1.7,80.0,NNW,3.2,8.0,1021.2,0.0,0.0,0,0,,
2025-01-14,05:00,5.1,1.7,79.0,NORTH,0.0,4.8,1021.06,0.0,0.0,0,0,,
2025-01-14,05:15,4.9,1.7,79.0,NORTH,0.0,3.2,1021.1,0.0,0.0,0,0,,
2025-01-14,05:30,4.6,1.1,79.0,NORTH,0.0,3.2,1021.13,0.0,0.0,0,0,,
2025-01-14,05:45,4.2,0.6,79.0,NORTH,0.0,4.8,1021.44,0.0,0.0,0,0,,
2025-01-14,06:00,3.9,0.6,80.0,NNW,3.2,4.8,1021.47,0.0,0.0,0,0,,
2025-01-14,06:15,3.8,0.6,81.0,NNW,3.2,3.2,1021.64,0.0,0.0,0,0,,
2025-01-14,06:30,4.0,1.1,82.0,NE,3.2,4.8,1021.67,0.0,0.0,0,0,,
2025-01-14,06:45,3.9,1.1,82.0,NE,1.6,6.4,1021.74,0.0,0.0,0,0,,
2025-01-14,07:00,3.9,1.1,82.0,NE,1.6,4.8,1021.71,0.0,0.0,0,0,,
2025-01-14,07:15,3.8,1.1,82.0,NORTH,0.0,3.2,1021.98,0.0,0.0,0,0,,
2025-01-14,07:30,3.7,0.6,82.0,NORTH,0.0,3.2,1022.18,0.0,0.0,0,0,,
2025-01-14,07:45,3.6,0.6,83.0,NORTH,0.0,4.8,1022.25,0.0,0.0,0,0,,
2025-01-14,08:00,3.7,1.1,83.0,NORTH,0.0,4.8,1022.18,0.0,0.0,0,11,,
2025-01-14,08:15,3.6,1.1,83.0,NORTH,0.0,6.4,1022.05,0.0,0.0,0,21,,
2025-01-14,08:30,3.0,0.6,84.0,NORTH,0.0,3.2,1022.32,0.0,0.0,0,76,,
2025-01-14,08:45,3.8,1.7,86.0,ENE,3.2,3.2,1022.38,0.0,0.0,0,118,,
2025-01-14,09:00,4.5,1.7,84.0,NORTH,0.0,4.8,1022.49,0.0,0.0,0,165,,
2025-01-14,09:15,5.2,2.2,83.0,ENE,1.6,3.2,1022.45,0.0,0.0,0,214,,
2025-01-14,09:30,5.6,2.2,81.0,NNW,6.4,6.4,1022.76,0.0,0.0,0,260,,
2025-01-14,09:45,5.7,2.2,80.0,NNW,6.4,14.5,1022.82,0.0,0.0,1,295,,
2025-01-14,10:00,6.2,2.8,79.0,NW,12.9,9.7,1023.13,0.0,0.0,1,334,,
2025-01-14,10:15,6.7,2.8,78.0,NNW,8.0,14.5,1023.1,0.0,0.0,1,364,,
2025-01-14,10:30,7.1,2.8,75.0,NNW,8.0,14.5,1023.03,0.0,0.0,1,397,,
2025-01-14,10:45,7.7,3.3,74.0,NW,12.9,14.5,1022.99,0.0,0.0,1,427,,
2025-01-14,11:00,8.0,3.3,73.0,NNW,6.4,12.9,1023.13,0.0,0.0,1,434,,
2025-01-14,11:15,8.2,3.3,72.0,WNW,14.5,16.1,1023.2,0.0,0.0,1,473,,
2025-01-14,11:30,8.5,3.3,70.0,NW,3.2,11.3,1022.82,0.0,0.0,2,485,,
2025-01-14,11:45,9.0,3.3,68.0,NW,12.9,14.5,1022.82,0.0,0.0,2,499,,
2025-01-14,12:00,9.2,3.3,67.0,NW,8.0,12.9,1022.86,0.0,0.0,2,506,,
2025-01-14,12:15,9.3,3.3,66.0,WNW,8.0,12.9,1022.79,0.0,0.0,2,512,,
2025-01-14,12:30,9.4,3.3,67.0,NW,3.2,16.1,1022.55,0.0,0.0,2,508,,
2025-01-14,12:45,9.6,3.9,69.0,NORTH,0.0,12.9,1022.35,0.0,0.0,2,510,,
2025-01-14,13:00,9.5,3.9,69.0,WEST,4.8,16.1,1022.45,0.0,0.0,2,501,,
2025-01-14,13:15,9.6,3.9,68.0,WEST,9.7,16.1,1022.25,0.0,0.0,2,492,,
2025-01-14,13:30,9.7,3.9,67.0,WSW,1.6,11.3,1022.22,0.0,0.0,2,480,,
2025-01-14,13:45,10.3,4.4,67.0,NORTH,0.0,14.5,1021.91,0.0,0.0,2,464,,
2025-01-14,14:00,10.3,3.9,65.0,SSE,1.6,9.7,1021.67,0.0,0.0,1,443,,
2025-01-14,14:15,10.3,3.3,63.0,WEST,4.8,14.5,1021.47,0.0,0.0,1,427,,
2025-01-14,14:30,10.4,3.3,62.0,NORTH,0.0,12.9,1021.54,0.0,0.0,1,448,,
2025-01-14,14:45,10.6,3.9,64.0,WSW,1.6,12.9,1021.61,0.0,0.0,1,380,,
2025-01-14,15:00,10.7,3.9,64.0,WSW,1.6,8.0,1021.57,0.0,0.0,1,348,,
2025-01-14,15:15,10.7,3.9,63.0,NE,16.1,14.5,1021.5,0.0,0.0,1,362,,
2025-01-14,15:30,10.6,4.4,65.0,SW,3.2,17.7,1021.54,0.0,0.0,1,311,,
2025-01-14,15:45,10.2,3.9,66.0,NORTH,6.4,22.5,1021.78,0.0,0.0,0,236,,
2025-01-14,16:00,9.8,3.3,66.0,WNW,14.5,19.3,1021.84,0.0,0.0,0,179,,
2025-01-14,16:15,9.7,3.3,66.0,WNW,12.9,20.9,1021.64,0.0,0.0,0,127,,
2025-01-14,16:30,9.4,2.8,65.0,WEST,1.6,16.1,1021.74,0.0,0.0,0,81,,
2025-01-14,16:45,9.3,3.3,66.0,WNW,4.8,14.5,1021.67,0.0,0.0,0,51,,
2025-01-14,17:00,9.1,3.3,67.0,WEST,4.8,14.5,1021.74,0.0,0.0,0,28,,
2025-01-14,17:15,8.8,3.3,70.0,WEST,4.8,14.5,1021.81,0.0,0.0,0,12,,
2025-01-14,17:30,8.6,3.3,70.0,NORTH,0.0,9.7,1021.81,0.0,0.0,0,0,,
2025-01-14,17:45,8.0,2.8,71.0,NORTH,0.0,3.2,1021.98,0.0,0.0,0,0,,
2025-01-14,18:00,7.6,2.8,72.0,NORTH,0.0,8.0,1022.01,0.0,0.0,0,0,,
2025-01-14,18:15,7.5,2.8,72.0,NNW,1.6,8.0,1021.98,0.0,0.0,0,0,,
2025-01-14,18:30,7.1,2.2,73.0,NORTH,0.0,4.8,1022.05,0.0,0.0,0,0,,
2025-01-14,18:45,6.9,2.8,74.0,ENE,3.2,12.9,1022.11,0.0,0.0,0,0,,
2025-01-14,19:00,6.4,2.2,75.0,ENE,3.2,4.8,1022.15,0.0,0.0,0,0,,
2025-01-14,19:15,6.3,2.2,76.0,ESE,8.0,11.3,1022.49,0.0,0.0,0,0,,
2025-01-14,19:30,5.8,1.7,77.0,ESE,11.3,12.9,1022.25,0.0,0.0,0,0,,
2025-01-14,19:45,5.8,2.2,78.0,ESE,11.3,17.7,1022.35,0.0,0.0,0,0,,
2025-01-14,20:00,5.8,2.2,78.0,SE,8.0,14.5,1022.38,0.0,0.0,0,0,,
2025-01-14,20:15,5.7,2.2,79.0,SE,12.9,16.1,1022.52,0.0,0.0,0,0,,
2025-01-14,20:30,5.7,2.2,78.0,ESE,14.5,19.3,1022.62,0.0,0.0,0,0,,
2025-01-14,20:45,5.7,2.2,78.0,ESE,11.3,19.3,1022.79,0.0,0.0,0,0,,
2025-01-14,21:00,5.7,1.7,77.0,ESE,9.7,17.7,1022.79,0.0,0.0,0,0,,
2025-01-14,21:15,5.8,1.7,77.0,EAST,11.3,16.1,1022.76,0.0,0.0,0,0,,
2025-01-14,21:30,5.7,1.7,77.0,ESE,11.3,16.1,1022.89,0.0,0.0,0,0,,
2025-01-14,21:45,5.7,1.7,77.0,ESE,9.7,16.1,1022.79,0.0,0.0,0,0,,
2025-01-14,22:00,5.3,1.7,77.0,EAST,4.8,11.3,1022.89,0.0,0.0,0,0,,
2025-01-14,22:15,4.9,1.1,78.0,EAST,6.4,9.7,1022.99,0.0,0.0,0,0,,
2025-01-14,22:30,5.0,1.7,78.0,EAST,1.6,8.0,1023.16,0.0,0.0,0,0,,
2025-01-14,22:45,5.1,1.7,78.0,ENE,4.8,8.0,1023.03,0.0,0.0,0,0,,
2025-01-14,23:00,5.2,1.7,79.0,EAST,11.3,11.3,1023.16,0.0,0.0,0,0,,
2025-01-14,23:15,5.3,1.7,78.0,ENE,12.9,14.5,1023.27,0.0,0.0,0,0,,
2025-01-14,23:30,5.3,1.7,78.0,ENE,11.3,16.1,1023.03,0.0,0.0,0,0,,
2025-01-14,23:45,5.4,1.7,77.0,ENE,12.9,14.5,1022.89,0.0,0.0,0,0,,
2025-01-15,00:00,5.3,1.7,77.0,ENE,11.3,14.5,1022.72,0.0,0.0,0,0,,
2025-01-15,00:15,5.3,1.7,77.0,ENE,8.0,12.9,1022.76,0.0,0.0,0,0,,
2025-01-15,00:30,5.3,1.1,76.0,NE,4.8,11.3,1022.76,0.0,0.0,0,0,,
2025-01-15,00:45,4.9,1.1,76.0,ENE,4.8,8.0,1022.62,0.0,0.0,0,0,,
2025-01-15,01:00,4.8,1.1,77.0,ENE,4.8,6.4,1022.35,0.0,0.0,0,0,,
2025-01-15,01:15,5.1,1.1,77.0,ENE,1.6,6.4,1022.35,0.0,0.0,0,0,,
2025-01-15,01:30,5.0,1.1,76.0,ENE,3.2,6.4,1022.45,0.0,0.0,0,0,,
2025-01-15,01:45,5.2,1.1,75.0,ENE,1.6,8.0,1022.32,0.0,0.0,0,0,,
2025-01-15,02:00,5.2,1.1,75.0,NORTH,3.2,8.0,1022.52,0.0,0.0,0,0,,
2025-01-15,02:15,5.0,1.1,75.0,NORTH,3.2,4.8,1022.59,0.0,0.0,0,0,,
2025-01-15,02:30,4.8,0.6,76.0,NORTH,3.2,4.8,1022.45,0.0,0.0,0,0,,
2025-01-15,02:45,4.8,1.1,76.0,NORTH,3.2,4.8,1022.45,0.0,0.0,0,0,,
2025-01-15,03:00,4.8,0.6,76.0,NNW,3.2,9.7,1022.52,0.0,0.0,0,0,,
2025-01-15,03:15,4.3,0.6,77.0,NNW,6.4,8.0,1022.52,0.0,0.0,0,0,,
2025-01-15,03:30,4.6,0.6,78.0,NNW,3.2,12.9,1022.66,0.0,0.0,0,0,,
2025-01-15,03:45,4.6,1.1,78.0,NNW,4.8,9.7,1022.32,0.0,0.0,0,0,,
2025-01-15,04:00,4.6,1.1,78.0,NNW,3.2,12.9,1022.18,0.0,0.0,0,0,,
2025-01-15,04:15,4.6,1.1,78.0,NORTH,0.0,4.8,1021.91,0.0,0.0,0,0,,
2025-01-15,04:30,4.6,1.1,78.0,,8.0,6.4,1021.98,0.0,0.0,0,0,,
2025-01-15,04:45,4.8,1.1,78.0,NNW,6.4,9.7,1021.94,0.0,0.0,0,0,,
2025-01-15,05:00,4.8,1.1,78.0,,1.6,14.5,1021.71,0.0,0.0,0,0,,
2025-01-15,05:15,4.8,1.1,78.0,,1.6,6.4,1021.81,0.0,0.0,0,0,,
2025-01-15,05:30,4.8,1.1,78.0,NNW,8.0,9.7,1021.54,0.0,0.0,0,0,,
2025-01-15,05:45,4.9,1.1,78.0,NNW,3.2,12.9,1021.54,0.0,0.0,0,0,,
2025-01-15,06:00,4.8,1.1,78.0,,3.2,9.7,1021.47,0.0,0.0,0,0,,
2025-01-15,06:15,4.8,1.1,78.0,NNW,8.0,12.9,1021.78,0.0,0.0,0,0,,
2025-01-15,06:30,4.8,1.1,78.0,NNW,6.4,14.5,1021.74,0.0,0.0,0,0,,
2025-01-15,06:45,4.7,1.1,78.0,NNW,1.6,9.7,1021.57,0.0,0.0,0,0,,
2025-01-15,07:00,4.6,1.1,78.0,NNW,3.2,6.4,1021.88,0.0,0.0,0,0,,
2025-01-15,07:15,4.7,1.1,79.0,NNW,8.0,9.7,1021.88,0.0,0.0,0,0,,
2025-01-15,07:30,4.8,1.1,79.0,NORTH,0.0,6.4,1021.84,0.0,0.0,0,0,,
2025-01-15,07:45,4.7,1.1,79.0,NNW,4.8,12.9,1021.94,0.0,0.0,0,0,,
2025-01-15,08:00,4.8,1.1,79.0,NNW,1.6,6.4,1021.81,0.0,0.0,0,11,,
2025-01-15,08:15,4.8,1.1,79.0,NNW,1.6,6.4,1021.81,0.0,0.0,0,23,,
2025-01-15,08:30,4.8,1.1,79.0,NORTH,0.0,4.8,1021.84,0.0,0.0,0,40,,
2025-01-15,08:45,4.7,1.1,79.0,NNW,1.6,4.8,1021.74,0.0,0.0,0,56,,
2025-01-15,09:00,4.9,1.7,79.0,NNW,4.8,6.4,1021.91,0.0,0.0,0,74,,
2025-01-15,09:15,4.9,1.1,78.0,NNW,6.4,14.5,1021.91,0.0,0.0,0,83,,
2025-01-15,09:30,5.0,1.1,78.0,NNW,4.8,8.0,1021.94,0.0,0.0,0,213,,
2025-01-15,09:45,5.6,1.7,76.0,NW,3.2,12.9,1022.05,0.0,0.0,1,302,,
2025-01-15,10:00,5.8,1.7,75.0,NW,3.2,9.7,1022.08,0.0,0.0,1,341,,
2025-01-15,10:15,6.2,1.7,74.0,NW,3.2,6.4,1022.32,0.0,0.0,1,374,,
2025-01-15,10:30,6.9,2.2,72.0,NW,3.2,4.8,1022.01,0.0,0.0,1,404,,
2025-01-15,10:45,7.2,2.2,71.0,WNW,12.9,16.1,1021.94,0.0,0.0,1,427,,
2025-01-15,11:00,7.4,2.2,71.0,WNW,6.4,16.1,1021.91,0.0,0.0,1,455,,
2025-01-15,11:15,7.4,2.8,73.0,WEST,14.5,19.3,1021.84,0.0,0.0,1,475,,
2025-01-15,11:30,7.2,2.2,73.0,WEST,6.4,17.7,1021.54,0.0,0.0,2,492,,
2025-01-15,11:45,7.6,2.2,70.0,WNW,12.9,14.5,1021.44,0.0,0.0,2,510,,
2025-01-15,12:00,7.9,2.2,69.0,WSW,4.8,12.9,1021.27,0.0,0.0,2,515,,
2025-01-15,12:15,8.1,2.2,68.0,WNW,1.6,12.9,1021.1,0.0,0.0,2,524,,
2025-01-15,12:30,8.2,1.7,65.0,NNW,6.4,14.5,1020.83,0.0,0.0,2,522,,
2025-01-15,12:45,8.5,2.2,65.0,WEST,4.8,19.3,1020.59,0.0,0.0,2,520,,
2025-01-15,13:00,8.5,1.7,63.0,WNW,9.7,17.7,1020.83,0.0,0.0,2,536,,
2025-01-15,13:15,8.8,1.7,62.0,WNW,11.3,16.1,1020.18,0.0,0.0,2,515,,
2025-01-15,13:30,8.8,1.7,61.0,SW,3.2,14.5,1019.61,0.0,0.0,2,490,,
2025-01-15,13:45,9.1,1.7,61.0,WNW,4.8,12.9,1019.47,0.0,0.0,2,496,,
2025-01-15,14:00,9.0,1.7,60.0,WEST,14.5,22.5,1019.44,0.0,0.0,1,494,,
2025-01-15,14:15,8.9,1.1,59.0,WNW,4.8,16.1,1019.44,0.0,0.0,1,459,,
2025-01-15,14:30,8.8,1.1,60.0,NW,6.4,14.5,1019.3,0.0,0.0,1,392,,
2025-01-15,14:45,8.9,1.1,60.0,WEST,6.4,12.9,1019.51,0.0,0.0,1,385,,
2025-01-15,15:00,9.0,1.1,59.0,WEST,3.2,16.1,1019.27,0.0,0.0,1,330,,
2025-01-15,15:15,9.1,1.7,61.0,WEST,4.8,11.3,1019.3,0.0,0.0,1,299,,
2025-01-15,15:30,9.1,1.7,60.0,WNW,3.2,12.9,1019.2,0.0,0.0,1,265,,
2025-01-15,15:45,9.1,1.7,60.0,WEST,6.4,11.3,1019.34,0.0,0.0,0,220,,
2025-01-15,16:00,9.2,1.7,59.0,WNW,16.1,19.3,1019.47,0.0,0.0,0,188,,
2025-01-15,16:15,8.9,2.2,64.0,WNW,4.8,20.9,1019.37,0.0,0.0,0,165,,
2025-01-15,16:30,8.8,3.3,68.0,WEST,1.6,19.3,1019.24,0.0,0.0,0,76,,
2025-01-15,16:45,8.6,3.3,70.0,WEST,12.9,20.9,1019.51,0.0,0.0,0,28,,
2025-01-15,17:00,8.3,2.8,70.0,WNW,11.3,22.5,1019.34,0.0,0.0,0,12,,
2025-01-15,17:15,8.0,2.8,71.0,WNW,11.3,20.9,1019.13,0.0,0.0,0,0,,
2025-01-15,17:30,7.8,2.8,72.0,WNW,9.7,17.7,1019.13,0.0,0.0,0,0,,
2025-01-15,17:45,7.7,3.3,73.0,WEST,4.8,14.5,1019.07,0.0,0.0,0,0,,
2025-01-15,18:00,7.6,3.3,74.0,WNW,4.8,12.9,1019.47,0.0,0.0,0,0,,
2025-01-15,18:15,7.5,3.3,75.0,WNW,1.6,12.9,1019.44,0.0,0.0,0,0,,
2025-01-15,18:30,7.4,3.3,76.0,NORTH,0.0,11.3,1019.51,0.0,0.0,0,0,,
2025-01-15,18:45,7.3,3.3,76.0,WEST,1.6,3.2,1019.84,0.0,0.0,0,0,,
2025-01-15,19:00,7.2,3.3,76.0,NORTH,0.0,4.8,1019.64,0.0,0.0,0,0,,
2025-01-15,19:15,7.1,3.3,77.0,NORTH,0.0,3.2,1019.61,0.0,0.0,0,0,,
2025-01-15,19:30,7.0,2.8,77.0,NORTH,0.0,0.0,1019.47,0.0,0.0,0,0,,
2025-01-15,19:45,6.6,2.8,77.0,NORTH,0.0,0.0,1019.54,0.0,0.0,0,0,,
2025-01-15,20:00,6.4,2.8,77.0,NORTH,0.0,0.0,1019.74,0.0,0.0,0,0,,
2025-01-15,20:15,6.3,2.8,78.0,NORTH,0.0,0.0,1019.84,0.0,0.0,0,0,,
2025-01-15,20:30,6.1,2.2,78.0,NE,1.6,6.4,1020.15,0.0,0.0,0,0,,
2025-01-15,20:45,5.8,2.2,78.0,NE,1.6,4.8,1020.08,0.0,0.0,0,0,,
2025-01-15,21:00,5.4,1.7,78.0,NE,3.2,4.8,1019.81,0.0,0.0,0,0,,
2025-01-15,21:15,5.1,1.7,78.0,NE,3.2,4.8,1019.61,0.0,0.0,0,0,,
2025-01-15,21:30,4.7,1.1,79.0,NE,3.2,4.8,1019.81,0.0,0.0,0,0,,
2025-01-15,21:45,4.6,1.1,80.0,NE,3.2,3.2,1019.71,0.0,0.0,0,0,,
2025-01-15,22:00,4.4,1.1,81.0,NORTH,0.0,4.8,1019.64,0.0,0.0,0,0,,
2025-01-15,22:15,4.4,1.1,81.0,EAST,3.2,6.4,1019.61,0.0,0.0,0,0,,
2025-01-15,22:30,4.6,1.7,82.0,EAST,1.6,4.8,1019.57,0.0,0.0,0,0,,
2025-01-15,22:45,5.0,2.2,82.0,EAST,3.2,4.8,1019.91,0.0,0.0,0,0,,
2025-01-15,23:00,4.7,1.7,82.0,EAST,4.8,6.4,1020.01,0.0,0.0,0,0,,
2025-01-15,23:15,4.7,1.7,83.0,NORTH,0.0,4.8,1020.05,0.0,0.0,0,0,,
2025-01-15,23:30,4.8,2.2,83.0,NORTH,0.0,4.8,1019.84,0.0,0.0,0,0,,
2025-01-15,23:45,5.0,2.2,83.0,EAST,3.2,4.8,1019.74,0.0,0.0,0,0,,
2025-01-16,00:00,5.1,2.2,83.0,NORTH,0.0,6.4,1019.74,0.0,0.0,0,0,,
2025-01-16,00:15,5.1,2.2,83.0,NORTH,0.0,4.8,1019.78,0.0,0.0,0,0,,
2025-01-16,00:30,5.1,2.2,83.0,,3.2,6.4,1019.57,0.0,0.0,0,0,,
2025-01-16,00:45,5.1,2.2,84.0,NORTH,0.0,6.4,1019.64,0.0,0.0,0,0,,
2025-01-16,01:00,5.3,2.8,84.0,,3.2,4.8,1019.44,0.0,0.0,0,0,,
2025-01-16,01:15,5.6,2.8,82.0,EAST,1.6,6.4,1019.17,0.0,0.0,0,0,,
2025-01-16,01:30,5.7,2.2,80.0,EAST,1.6,6.4,1019.2,0.0,0.0,0,0,,
2025-01-16,01:45,5.6,2.2,78.0,NORTH,0.0,6.4,1019.3,0.0,0.0,0,0,,
2025-01-16,02:00,5.6,1.7,77.0,NE,1.6,1.6,1019.24,0.0,0.0,0,0,,
2025-01-16,02:15,5.3,1.1,75.0,NE,1.6,4.8,1019.13,0.0,0.0,0,0,,
2025-01-16,02:30,5.6,1.1,74.0,NE,3.2,6.4,1019.3,0.0,0.0,0,0,,
2025-01-16,02:45,5.5,1.1,74.0,NORTH,0.0,4.8,1019.34,0.0,0.0,0,0,,
2025-01-16,03:00,5.4,1.1,74.0,NORTH,0.0,6.4,1019.27,0.0,0.0,0,0,,
2025-01-16,03:15,5.3,1.1,74.0,NORTH,0.0,0.0,1019.3,0.0,0.0,0,0,,
2025-01-16,03:30,5.2,1.1,75.0,NNE,1.6,4.8,1019.07,0.0,0.0,0,0,,
2025-01-16,03:45,5.1,1.1,75.0,NNE,3.2,3.2,1019.13,0.0,0.0,0,0,,
2025-01-16,04:00,4.8,0.6,75.0,NNE,1.6,4.8,1018.93,0.0,0.0,0,0,,
2025-01-16,04:15,4.9,0.6,75.0,NORTH,0.0,4.8,1019.07,0.0,0.0,0,0,,
2025-01-16,04:30,4.9,0.6,75.0,NNE,4.8,4.8,1019.03,0.0,0.0,0,0,,
2025-01-16,04:45,5.0,0.6,75.0,NORTH,0.0,3.2,1018.93,0.0,0.0,0,0,,
2025-01-16,05:00,5.1,0.6,75.0,NNE,1.6,4.8,1019.07,0.0,0.0,0,0,,
2025-01-16,05:15,4.9,0.6,75.0,NNE,1.6,6.4,1019.1,0.0,0.0,0,0,,
2025-01-16,05:30,4.8,0.6,75.0,NORTH,0.0,3.2,1019.03,0.0,0.0,0,0,,
2025-01-16,05:45,4.8,0.6,76.0,EAST,4.8,6.4,1019,0.0,0.0,0,0,,
2025-01-16,06:00,5.0,0.6,75.0,ESE,4.8,6.4,1019.13,0.0,0.0,0,0,,
2025-01-16,06:15,5.3,1.1,74.0,ESE,6.4,9.7,1019.1,0.0,0.0,0,0,,
2025-01-16,06:30,5.6,1.1,73.0,ESE,1.6,6.4,1019.2,0.0,0.0,0,0,,
2025-01-16,06:45,5.6,0.6,72.0,ESE,4.8,6.4,1019.24,0.0,0.0,0,0,,
2025-01-16,07:00,5.4,0.6,72.0,EAST,6.4,11.3,1019.3,0.0,0.0,0,0,,
2025-01-16,07:15,5.4,0.6,72.0,EAST,4.8,11.3,1019.24,0.0,0.0,0,0,,
2025-01-16,07:30,5.2,0.6,72.0,EAST,4.8,9.7,1019.37,0.0,0.0,0,0,,
2025-01-16,07:45,4.9,0.0,72.0,EAST,3.2,6.4,1019.44,0.0,0.0,0,0,,
2025-01-16,08:00,4.9,0.6,73.0,EAST,9.7,11.3,1019.61,0.0,0.0,0,9,,
2025-01-16,08:15,5.4,0.6,72.0,ESE,4.8,9.7,1020.01,0.0,0.0,0,21,,
2025-01-16,08:30,5.9,0.6,71.0,ESE,4.8,12.9,1020.12,0.0,0.0,0,33,,
2025-01-16,08:45,6.4,1.1,69.0,ESE,4.8,14.5,1020.22,0.0,0.0,0,114,,
2025-01-16,09:00,6.7,1.1,69.0,EAST,4.8,11.3,1020.35,0.0,0.0,0,127,,
2025-01-16,09:15,6.8,1.7,71.0,EAST,8.0,16.1,1020.52,0.0,0.0,0,283,,
2025-01-16,09:30,6.7,2.2,72.0,EAST,11.3,16.1,1020.76,0.0,0.0,0,134,,
2025-01-16,09:45,7.3,2.2,72.0,EAST,6.4,14.5,1020.83,0.0,0.0,1,394,,
2025-01-16,10:00,7.7,2.8,71.0,ESE,12.9,17.7,1020.89,0.0,0.0,1,346,,
2025-01-16,10:15,7.8,2.8,71.0,EAST,11.3,17.7,1021.3,0.0,0.0,1,387,,
2025-01-16,10:30,7.9,2.8,72.0,NE,8.0,16.1,1021.64,0.0,0.0,1,410,,
2025-01-16,10:45,8.0,3.3,73.0,EAST,11.3,20.9,1021.61,0.0,0.0,1,489,,
2025-01-16,11:00,8.6,3.9,73.0,EAST,14.5,17.7,1021.81,0.0,0.0,1,501,,
2025-01-16,11:15,8.6,3.9,73.0,NE,14.5,17.7,1021.94,0.0,0.0,2,529,,
2025-01-16,11:30,8.8,3.9,73.0,ESE,12.9,20.9,1021.71,0.0,0.0,1,316,,
2025-01-16,11:45,8.9,4.4,75.0,EAST,11.3,27.4,1021.78,0.0,0.0,1,353,,
2025-01-16,12:00,9.2,4.4,74.0,EAST,22.5,24.1,1021.81,0.0,0.0,1,265,,
2025-01-16,12:15,9.6,5.0,73.0,NE,14.5,30.6,1021.74,0.0,0.0,1,185,,
2025-01-16,12:30,9.6,5.0,73.0,EAST,17.7,24.1,1021.57,0.0,0.0,1,350,,
2025-01-16,12:45,9.2,5.0,75.0,ENE,8.0,27.4,1021.57,0.0,0.0,1,181,,
2025-01-16,13:00,9.7,5.0,74.0,ENE,14.5,24.1,1021.47,0.0,0.0,2,670,,
2025-01-16,13:15,10.1,5.0,73.0,ESE,4.8,20.9,1021.2,0.0,0.0,1,188,,
2025-01-16,13:30,9.6,5.0,73.0,ESE,9.7,22.5,1020.83,0.0,0.0,1,114,,
2025-01-16,13:45,9.4,5.0,74.0,ESE,16.1,19.3,1020.89,0.0,0.0,1,181,,
2025-01-16,14:00,9.7,5.0,73.0,EAST,4.8,19.3,1020.83,0.0,0.0,1,183,,
2025-01-16,14:15,9.6,5.0,73.0,EAST,8.0,22.5,1020.93,0.0,0.0,1,508,,
2025-01-16,14:30,10.2,5.0,71.0,ENE,14.5,20.9,1021.06,0.0,0.0,1,425,,
2025-01-16,14:45,10.1,5.0,71.0,ENE,17.7,19.3,1021.06,0.0,0.0,1,84,,
2025-01-16,15:00,10.2,5.0,71.0,ENE,14.5,25.7,1021.2,0.0,0.0,1,86,,
2025-01-16,15:15,10.2,5.0,71.0,EAST,6.4,24.1,1021.33,0.0,0.0,0,125,,
2025-01-16,15:30,9.8,5.0,72.0,EAST,12.9,27.4,1021.64,0.0,0.0,0,47,,
2025-01-16,15:45,9.7,5.0,74.0,EAST,8.0,16.1,1021.74,0.0,0.0,0,40,,
2025-01-16,16:00,9.4,5.0,75.0,ESE,6.4,16.1,1021.78,0.0,0.0,0,35,,
2025-01-16,16:15,9.4,5.0,76.0,ESE,11.3,14.5,1021.84,0.0,0.0,0,33,,
2025-01-16,16:30,9.3,5.6,78.0,ESE,9.7,16.1,1022.05,0.0,0.0,0,33,,
2025-01-16,16:45,8.9,5.6,79.0,EAST,4.8,14.5,1021.94,0.0,0.0,0,58,,
2025-01-16,17:00,8.7,5.0,80.0,ESE,9.7,14.5,1021.94,0.0,0.0,0,26,,
2025-01-16,17:15,8.5,5.0,80.0,EAST,12.9,17.7,1021.98,0.0,0.0,0,7,,
2025-01-16,17:30,8.6,5.0,78.0,EAST,17.7,25.7,1022.15,0.0,0.0,0,0,,
2025-01-16,17:45,8.5,4.4,77.0,ENE,16.1,22.5,1022.38,0.0,0.0,0,0,,
2025-01-16,18:00,8.4,4.4,77.0,EAST,14.5,20.9,1022.38,0.0,0.0,0,0,,
2025-01-16,18:15,8.3,4.4,77.0,EAST,12.9,17.7,1022.59,0.0,0.0,0,0,,
2025-01-16,18:30,8.1,4.4,77.0,EAST,6.4,19.3,1022.72,0.0,0.0,0,0,,
2025-01-16,18:45,8.1,4.4,78.0,ENE,4.8,19.3,1022.79,0.0,0.0,0,0,,
2025-01-16,19:00,8.2,4.4,79.0,ENE,9.7,20.9,1022.89,0.0,0.0,0,0,,
2025-01-16,19:15,8.2,4.4,79.0,EAST,11.3,20.9,1022.99,0.0,0.0,0,0,,
2025-01-16,19:30,8.1,4.4,79.0,ENE,12.9,22.5,1023.4,0.0,0.0,0,0,,
2025-01-16,19:45,8.1,4.4,79.0,EAST,6.4,22.5,1023.4,0.0,0.0,0,0,,
2025-01-16,20:00,8.1,4.4,80.0,ENE,8.0,20.9,1023.5,0.0,0.0,0,0,,
2025-01-16,20:15,8.0,4.4,80.0,EAST,8.0,19.3,1023.47,0.0,0.0,0,0,,
2025-01-16,20:30,8.1,4.4,79.0,NE,11.3,17.7,1023.6,0.0,0.0,0,0,,
2025-01-16,20:45,8.2,4.4,79.0,ENE,6.4,17.7,1023.57,0.0,0.0,0,0,,
2025-01-16,21:00,8.1,4.4,79.0,ENE,4.8,17.7,1023.77,0.0,0.0,0,0,,
2025-01-16,21:15,8.2,5.0,80.0,ENE,11.3,19.3,1023.91,0.0,0.0,0,0,,
2025-01-16,21:30,8.4,5.0,80.0,EAST,11.3,19.3,1023.84,0.0,0.0,0,0,,
2025-01-16,21:45,8.2,5.0,81.0,EAST,6.4,20.9,1023.91,0.2,0.2,0,0,,
2025-01-16,22:00,8.0,5.0,83.0,ENE,9.7,19.3,1023.81,0.2,0.2,0,0,,
2025-01-16,22:15,7.9,5.0,84.0,ENE,11.3,19.3,1023.98,0.2,0.2,0,0,,
2025-01-16,22:30,7.9,5.0,85.0,ENE,9.7,17.7,1023.84,0.2,0.2,0,0,,
2025-01-16,22:45,7.8,5.6,85.0,ENE,11.3,19.3,1023.87,0.2,0.0,0,0,,
2025-01-16,23:00,7.7,5.6,86.0,ENE,9.7,19.3,1023.81,0.2,0.0,0,0,,
2025-01-16,23:15,7.7,5.6,86.0,ENE,9.7,17.7,1023.87,0.2,0.0,0,0,,
2025-01-16,23:30,7.7,5.6,87.0,EAST,12.9,20.9,1023.74,0.2,0.0,0,0,,
2025-01-16,23:45,7.7,5.6,87.0,EAST,4.8,17.7,1024.01,0.2,0.0,0,0,,
2025-01-17,00:00,7.6,5.6,87.0,EAST,14.5,17.7,1024.15,0.0,0.0,0,0,,
2025-01-17,00:15,7.8,5.6,87.0,EAST,4.8,17.7,1024.25,0.0,0.0,0,0,,
2025-01-17,00:30,7.9,6.1,88.0,EAST,11.3,19.3,1024.38,0.0,0.0,0,0,,
2025-01-17,00:45,7.9,5.6,88.0,EAST,6.4,16.1,1024.31,0.0,0.0,0,0,,
2025-01-17,01:00,7.9,6.1,88.0,EAST,6.4,16.1,1024.35,0.0,0.0,0,0,,
2025-01-17,01:15,7.9,5.6,88.0,EAST,4.8,14.5,1024.35,0.0,0.0,0,0,,
2025-01-17,01:30,7.9,6.1,88.0,EAST,6.4,17.7,1024.55,0.0,0.0,0,0,,
2025-01-17,01:45,7.9,6.1,88.0,EAST,6.4,16.1,1024.42,0.0,0.0,0,0,,
2025-01-17,02:00,7.8,6.1,88.0,EAST,9.7,14.5,1024.42,0.0,0.0,0,0,,
2025-01-17,02:15,7.8,6.1,88.0,EAST,6.4,14.5,1024.42,0.0,0.0,0,0,,
2025-01-17,02:30,8.0,6.1,88.0,EAST,6.4,19.3,1024.18,0.0,0.0,0,0,,
2025-01-17,02:45,8.1,6.1,88.0,EAST,11.3,16.1,1024.15,0.0,0.0,0,0,,
2025-01-17,03:00,8.4,6.1,88.0,NE,4.8,20.9,1024.04,0.0,0.0,0,0,,
2025-01-17,03:15,8.3,6.1,87.0,EAST,14.5,16.1,1023.67,0.0,0.0,0,0,,
2025-01-17,03:30,8.2,6.1,87.0,EAST,3.2,14.5,1023.57,0.0,0.0,0,0,,
2025-01-17,03:45,8.1,5.6,87.0,EAST,4.8,16.1,1023.5,0.0,0.0,0,0,,
2025-01-17,04:00,8.2,5.6,86.0,ENE,6.4,11.3,1023.77,0.0,0.0,0,0,,
2025-01-17,04:15,8.2,5.6,85.0,EAST,12.9,16.1,1023.77,0.0,0.0,0,0,,
2025-01-17,04:30,8.2,5.6,85.0,,9.7,16.1,1023.16,0.0,0.0,0,0,,
2025-01-17,04:45,8.2,5.6,85.0,NNE,6.4,8.0,1023.3,0.0,0.0,0,0,,
2025-01-17,05:00,8.1,5.6,85.0,NE,4.8,14.5,1022.93,0.0,0.0,0,0,,
2025-01-17,05:15,8.1,5.6,85.0,ENE,1.6,9.7,1023.16,0.0,0.0,0,0,,
2025-01-17,05:30,8.2,5.6,85.0,ENE,3.2,6.4,1023.1,0.0,0.0,0,0,,
2025-01-17,05:45,8.2,5.6,85.0,NNE,4.8,11.3,1022.82,0.0,0.0,0,0,,
2025-01-17,06:00,8.2,5.6,85.0,NNW,3.2,8.0,1022.69,0.0,0.0,0,0,,
2025-01-17,06:15,8.2,5.6,85.0,NNW,4.8,8.0,1022.89,0.0,0.0,0,0,,
2025-01-17,06:30,7.8,5.0,85.0,NNW,3.2,11.3,1022.82,0.0,0.0,0,0,,
2025-01-17,06:45,7.7,5.0,85.0,NNW,3.2,8.0,1022.62,0.0,0.0,0,0,,
2025-01-17,07:00,7.7,5.0,85.0,,4.8,12.9,1022.62,0.0,0.0,0,0,,
2025-01-17,07:15,7.8,5.0,85.0,NORTH,0.0,4.8,1022.59,0.0,0.0,0,0,,
2025-01-17,07:30,7.7,5.0,85.0,,1.6,4.8,1022.62,0.0,0.0,0,0,,
2025-01-17,07:45,7.6,5.0,85.0,NNW,1.6,6.4,1022.28,0.0,0.0,0,0,,
2025-01-17,08:00,7.6,5.0,85.0,NORTH,0.0,3.2,1022.35,0.0,0.0,0,0,,
2025-01-17,08:15,7.8,5.6,86.0,,4.8,9.7,1022.32,0.0,0.0,0,0,,
2025-01-17,08:30,8.4,6.1,86.0,NNW,4.8,14.5,1022.38,0.0,0.0,0,11,,
2025-01-17,08:45,8.7,6.1,86.0,NNE,4.8,8.0,1022.25,0.0,0.0,0,28,,
2025-01-17,09:00,9.0,6.7,86.0,NORTH,1.6,11.3,1022.32,0.0,0.0,0,30,,
2025-01-17,09:15,9.4,7.2,86.0,NNW,8.0,14.5,1022.28,0.0,0.0,0,42,,
2025-01-17,09:30,9.5,7.2,85.0,NNE,4.8,8.0,1022.15,0.0,0.0,0,56,,
2025-01-17,09:45,9.6,7.2,85.0,NORTH,0.0,3.2,1022.15,0.2,0.2,0,54,,
2025-01-17,10:00,9.8,7.2,85.0,,4.8,20.9,1022.22,0.2,0.2,0,74,,
2025-01-17,10:15,10.2,7.2,84.0,NNE,3.2,17.7,1021.94,0.2,0.2,0,39,,
2025-01-17,10:30,10.4,7.2,83.0,,4.8,12.9,1021.81,0.2,0.2,0,40,,
2025-01-17,10:45,10.5,7.2,82.0,NORTH,3.2,12.9,1021.5,0.2,0.0,0,37,,
2025-01-17,11:00,10.6,7.2,82.0,NNE,1.6,14.5,1021.54,0.2,0.0,0,69,,
2025-01-17,11:15,10.7,7.2,82.0,NE,3.2,8.0,1021.5,0.2,0.0,0,30,,
2025-01-17,11:30,10.6,7.2,82.0,NNE,1.6,8.0,1021.03,0.2,0.0,0,42,,
2025-01-17,11:45,10.7,7.2,81.0,NNE,16.1,17.7,1020.62,0.2,0.0,0,98,,
2025-01-17,12:00,10.9,7.2,79.0,NNE,22.5,24.1,1020.12,0.2,0.0,1,165,,
2025-01-17,12:15,11.0,7.2,78.0,NE,8.0,29.0,1019.71,0.2,0.0,1,151,,
2025-01-17,12:30,11.2,7.2,78.0,,12.9,29.0,1019.4,0.2,0.0,1,183,,
2025-01-17,12:45,11.3,6.7,75.0,NNE,32.2,35.4,1019,0.2,0.0,1,209,,
2025-01-17,13:00,11.6,6.1,71.0,NORTH,24.1,35.4,1018.52,0.2,0.0,1,281,,
2025-01-17,13:15,11.7,6.7,72.0,,19.3,37.0,1018.52,0.2,0.0,1,381,,
2025-01-17,13:30,11.8,7.2,73.0,ENE,9.7,29.0,1018.39,0.2,0.0,1,373,,
2025-01-17,13:45,12.0,7.2,74.0,,9.7,33.8,1017.68,0.2,0.0,1,237,,
2025-01-17,14:00,12.2,7.8,74.0,NW,6.4,29.0,1017.58,0.2,0.0,1,188,,
2025-01-17,14:15,12.3,7.8,74.0,NNE,17.7,35.4,1017.24,0.2,0.0,0,155,,
2025-01-17,14:30,12.4,7.2,73.0,NORTH,17.7,37.0,1016.9,0.2,0.0,0,70,,
2025-01-17,14:45,12.3,7.2,73.0,NORTH,17.7,40.2,1016.76,0.2,0.0,0,42,,
2025-01-17,15:00,12.3,7.8,74.0,NORTH,19.3,35.4,1016.56,0.2,0.0,0,90,,
2025-01-17,15:15,12.6,7.8,74.0,NNW,17.7,32.2,1016.59,0.2,0.0,0,174,,
2025-01-17,15:30,12.7,7.8,74.0,NNE,14.5,29.0,1016.29,0.2,0.0,0,134,,
2025-01-17,15:45,12.6,7.8,74.0,NNE,20.9,29.0,1016.46,0.2,0.0,0,132,,
2025-01-17,16:00,12.6,7.8,74.0,NNE,12.9,30.6,1016.42,0.2,0.0,0,91,,
2025-01-17,16:15,12.4,8.3,76.0,NORTH,6.4,25.7,1015.98,0.2,0.0,0,97,,
2025-01-17,16:30,12.4,8.3,77.0,NORTH,4.8,33.8,1015.61,0.2,0.0,0,107,,
2025-01-17,16:45,12.2,8.3,77.0,NNE,20.9,32.2,1015.48,0.2,0.0,0,65,,
2025-01-17,17:00,12.1,8.3,78.0,NNE,11.3,33.8,1015.78,0.2,0.0,0,19,,
2025-01-17,17:15,12.0,8.3,78.0,NE,9.7,37.0,1015.71,0.2,0.0,0,7,,
2025-01-17,17:30,12.1,8.3,79.0,ENE,32.2,35.4,1015.82,0.2,0.0,0,0,,
2025-01-17,17:45,12.1,8.3,78.0,ENE,22.5,35.4,1015.61,0.2,0.0,0,0,,
2025-01-17,18:00,12.0,8.3,79.0,NNE,12.9,30.6,1015.54,0.2,0.0,0,0,,
2025-01-17,18:15,11.8,8.3,80.0,NNE,4.8,24.1,1015.44,0.2,0.0,0,0,,
2025-01-17,18:30,11.9,8.3,80.0,ENE,8.0,17.7,1015.82,0.2,0.0,0,0,,
2025-01-17,18:45,11.9,8.3,80.0,NNE,4.8,24.1,1015.82,0.2,0.0,0,0,,
2025-01-17,19:00,11.9,8.3,80.0,NNE,8.0,22.5,1015.82,0.2,0.0,0,0,,
2025-01-17,19:15,11.8,8.3,80.0,NNE,8.0,20.9,1015.68,0.2,0.0,0,0,,
2025-01-17,19:30,11.7,8.3,80.0,,9.7,24.1,1015.98,0.2,0.0,0,0,,
2025-01-17,19:45,11.6,8.3,81.0,NW,4.8,20.9,1016.22,0.2,0.0,0,0,,
2025-01-17,20:00,11.7,8.3,80.0,NNW,17.7,25.7,1015.78,0.2,0.0,0,0,,
2025-01-17,20:15,11.8,8.3,79.0,NE,19.3,30.6,1015.78,0.2,0.0,0,0,,
2025-01-17,20:30,11.7,8.3,80.0,NNW,12.9,29.0,1015.61,0.2,0.0,0,0,,
2025-01-17,20:45,11.4,7.8,81.0,NORTH,17.7,20.9,1015.44,0.2,0.0,0,0,,
2025-01-17,21:00,11.2,8.3,82.0,ENE,11.3,19.3,1015.58,0.2,0.0,0,0,,
2025-01-17,21:15,11.3,8.3,83.0,NE,3.2,33.8,1015.27,0.2,0.0,0,0,,
2025-01-17,21:30,11.3,8.3,83.0,EAST,11.3,25.7,1015.17,0.5,0.2,0,0,,
2025-01-17,21:45,11.3,8.3,83.0,NORTH,12.9,35.4,1015.21,0.5,0.2,0,0,,
2025-01-17,22:00,11.3,8.3,82.0,NORTH,17.7,20.9,1015.37,0.5,0.5,0,0,,
2025-01-17,22:15,11.3,8.3,82.0,NNE,8.0,24.1,1015.31,0.8,0.5,0,0,,
2025-01-17,22:30,11.2,8.3,83.0,NNE,8.0,25.7,1014.97,0.8,0.5,0,0,,
2025-01-17,22:45,11.1,8.3,84.0,NNW,6.4,16.1,1015.17,0.8,0.2,0,0,,
2025-01-17,23:00,10.9,8.3,84.0,NNW,6.4,14.5,1015.48,0.8,0.2,0,0,,
2025-01-17,23:15,10.8,8.3,85.0,NNW,6.4,9.7,1015.14,0.8,0.0,0,0,,
2025-01-17,23:30,11.1,8.3,85.0,NNE,4.8,19.3,1015.24,1.0,0.2,0,0,,
2025-01-17,23:45,11.1,8.3,85.0,NE,17.7,24.1,1015.17,1.0,0.2,0,0,,
2025-01-18,00:00,11.2,8.3,84.0,EAST,20.9,30.6,1015.17,0.0,0.2,0,0,,
2025-01-18,00:15,11.1,7.8,81.0,NNE,20.9,40.2,1015.04,0.0,0.2,0,0,,
2025-01-18,00:30,11.2,7.8,80.0,NE,8.0,32.2,1015.44,0.0,0.0,0,0,,
2025-01-18,00:45,11.1,7.2,80.0,NE,9.7,30.6,1015.27,0.0,0.0,0,0,,
2025-01-18,01:00,10.7,7.2,80.0,WNW,6.4,20.9,1014.93,0.0,0.0,0,0,,
2025-01-18,01:15,10.5,7.2,80.0,NORTH,9.7,19.3,1015.14,0.0,0.0,0,0,,
2025-01-18,01:30,10.4,7.2,81.0,NNW,6.4,19.3,1014.83,0.0,0.0,0,0,,
2025-01-18,01:45,10.4,6.7,80.0,NW,19.3,22.5,1014.66,0.0,0.0,0,0,,
2025-01-18,02:00,10.6,7.2,79.0,NNW,16.1,27.4,1014.56,0.0,0.0,0,0,,
2025-01-18,02:15,10.6,6.7,79.0,NNW,14.5,24.1,1014.66,0.0,0.0,0,0,,
2025-01-18,02:30,10.6,7.2,80.0,,8.0,16.1,1014.7,0.0,0.0,0,0,,
2025-01-18,02:45,10.4,6.7,80.0,NW,9.7,17.7,1014.56,0.0,0.0,0,0,,
2025-01-18,03:00,10.3,7.2,81.0,NW,9.7,19.3,1014.46,0.0,0.0,0,0,,
2025-01-18,03:15,10.2,7.2,82.0,,4.8,16.1,1014.02,0.0,0.0,0,0,,
2025-01-18,03:30,10.1,7.2,83.0,ESE,3.2,11.3,1014.39,0.5,0.5,0,0,,
2025-01-18,03:45,9.5,6.7,84.0,NNE,1.6,19.3,1014.49,1.8,1.8,0,0,,
2025-01-18,04:00,9.0,6.7,85.0,EAST,6.4,9.7,1014.39,2.0,2.0,0,0,,
2025-01-18,04:15,8.7,6.7,87.0,EAST,6.4,19.3,1014.46,2.3,2.3,0,0,,
2025-01-18,04:30,8.7,6.7,88.0,NORTH,4.8,9.7,1014.22,2.8,2.3,0,0,,
2025-01-18,04:45,8.6,6.7,88.0,NE,4.8,8.0,1014.39,2.8,1.0,0,0,,
2025-01-18,05:00,8.6,6.7,88.0,ENE,3.2,14.5,1014.12,2.8,0.8,0,0,,
2025-01-18,05:15,8.6,6.7,89.0,NORTH,4.8,12.9,1014.19,2.8,0.5,0,0,,
2025-01-18,05:30,8.8,6.7,88.0,NORTH,9.7,14.5,1014.33,2.8,0.0,0,0,,
2025-01-18,05:45,8.9,6.7,87.0,NE,8.0,20.9,1014.16,2.8,0.0,0,0,,
2025-01-18,06:00,9.1,6.7,87.0,NE,6.4,14.5,1014.7,2.8,0.0,0,0,,
2025-01-18,06:15,9.2,6.7,86.0,ENE,6.4,16.1,1015.07,2.8,0.0,0,0,,
2025-01-18,06:30,9.3,6.7,85.0,NORTH,1.6,19.3,1014.97,2.8,0.0,0,0,,
2025-01-18,06:45,9.3,6.7,85.0,EAST,11.3,17.7,1014.9,3.0,0.2,0,0,,
2025-01-18,07:00,9.2,6.7,85.0,ESE,4.8,6.4,1015.24,3.0,0.2,0,0,,
2025-01-18,07:15,9.0,6.7,85.0,ESE,8.0,16.1,1015.41,3.0,0.2,0,0,,
2025-01-18,07:30,8.9,6.7,85.0,EAST,14.5,17.7,1015.51,3.0,0.2,0,0,,
2025-01-18,07:45,9.1,6.7,85.0,EAST,17.7,29.0,1015.44,3.0,0.0,0,0,,
2025-01-18,08:00,9.1,6.7,86.0,ESE,3.2,20.9,1015.51,3.0,0.0,0,21,,
2025-01-18,08:15,8.9,6.7,86.0,EAST,8.0,14.5,1015.58,3.0,0.0,0,49,,
2025-01-18,08:30,8.8,6.7,86.0,EAST,6.4,19.3,1015.54,3.0,0.0,0,32,,
2025-01-18,08:45,9.0,6.7,87.0,ENE,6.4,22.5,1015.58,3.0,0.0,0,74,,
2025-01-18,09:00,9.2,7.2,87.0,ENE,20.9,25.7,1015.68,3.0,0.0,0,58,,
2025-01-18,09:15,9.3,7.2,87.0,EAST,14.5,29.0,1015.85,3.3,0.2,0,114,,
2025-01-18,09:30,9.2,7.2,88.0,ESE,6.4,20.9,1015.82,3.3,0.2,0,104,,
2025-01-18,09:45,9.2,7.2,88.0,EAST,11.3,24.1,1016.12,3.3,0.2,0,77,,
2025-01-18,10:00,8.9,6.7,88.0,EAST,14.5,20.9,1016.46,3.3,0.2,0,63,,
2025-01-18,10:15,9.1,7.2,89.0,ESE,9.7,20.9,1016.59,3.3,0.0,1,404,,
2025-01-18,10:30,8.9,6.7,88.0,ESE,14.5,27.4,1016.76,3.3,0.2,0,56,,
2025-01-18,10:45,8.7,6.7,89.0,ESE,9.7,17.7,1016.83,3.8,0.5,0,93,,
2025-01-18,11:00,9.1,7.2,89.0,ENE,1.6,16.1,1016.66,3.8,0.5,0,155,,
2025-01-18,11:15,9.9,8.3,90.0,NNE,6.4,17.7,1016.59,3.8,0.5,1,571,,
2025-01-18,11:30,10.6,8.9,89.0,NORTH,4.8,16.1,1016.53,4.1,0.5,2,584,,
2025-01-18,11:45,11.2,8.3,83.0,NE,3.2,14.5,1016.56,4.1,0.2,2,612,,
2025-01-18,12:00,11.8,8.3,80.0,ENE,16.1,22.5,1016.19,4.1,0.2,2,722,,
2025-01-18,12:15,12.1,7.8,76.0,ENE,22.5,29.0,1016.09,4.1,0.2,2,316,,
2025-01-18,12:30,12.0,7.2,74.0,ENE,20.9,29.0,1015.85,4.1,0.0,2,598,,
2025-01-18,12:45,12.0,7.2,74.0,EAST,17.7,30.6,1015.71,4.1,0.0,1,367,,
2025-01-18,13:00,11.9,6.7,72.0,EAST,20.9,29.0,1015.54,4.1,0.0,1,675,,
2025-01-18,13:15,11.6,6.1,70.0,EAST,22.5,33.8,1015.41,4.1,0.0,2,601,,
2025-01-18,13:30,11.6,6.7,72.0,NE,8.0,27.4,1015.37,4.1,0.0,1,510,,
2025-01-18,13:45,11.2,6.7,74.0,EAST,12.9,25.7,1015.21,4.1,0.0,1,294,,
2025-01-18,14:00,11.5,7.8,77.0,EAST,6.4,25.7,1015.14,4.1,0.0,1,504,,
2025-01-18,14:15,11.3,7.2,75.0,EAST,14.5,24.1,1014.93,4.1,0.0,1,251,,
2025-01-18,14:30,11.1,6.7,76.0,ENE,17.7,22.5,1014.87,4.1,0.0,0,141,,
2025-01-18,14:45,10.6,6.1,73.0,NNE,3.2,20.9,1014.93,4.1,0.0,0,123,,
2025-01-18,15:00,10.4,5.6,74.0,EAST,11.3,22.5,1014.93,4.1,0.0,0,105,,
2025-01-18,15:15,10.3,6.1,75.0,EAST,4.8,25.7,1014.93,4.1,0.0,0,90,,
2025-01-18,15:30,10.2,6.1,76.0,ENE,4.8,22.5,1014.87,4.1,0.0,0,100,,
2025-01-18,15:45,10.1,6.1,78.0,ENE,14.5,20.9,1014.87,4.1,0.0,0,109,,
2025-01-18,16:00,9.8,6.1,80.0,ENE,3.2,24.1,1015.07,4.1,0.0,0,118,,
2025-01-18,16:15,9.8,6.7,81.0,EAST,6.4,16.1,1014.97,4.1,0.0,0,107,,
2025-01-18,16:30,9.8,6.7,82.0,EAST,11.3,20.9,1015.04,4.1,0.0,0,95,,
2025-01-18,16:45,9.8,6.7,82.0,EAST,9.7,17.7,1015.07,4.1,0.0,0,25,,
2025-01-18,17:00,9.7,6.7,81.0,EAST,11.3,19.3,1014.97,4.1,0.0,0,32,,
2025-01-18,17:15,9.6,6.1,80.0,ENE,6.4,17.7,1015.27,4.1,0.0,0,12,,
2025-01-18,17:30,9.6,6.1,80.0,ENE,16.1,12.9,1015.17,4.1,0.0,0,0,,
2025-01-18,17:45,9.9,6.1,78.0,NNE,1.6,25.7,1014.97,4.1,0.0,0,0,,
2025-01-18,18:00,9.8,6.1,77.0,,8.0,20.9,1015.04,4.1,0.0,0,0,,
2025-01-18,18:15,9.7,6.1,78.0,NNE,6.4,16.1,1014.97,4.1,0.0,0,0,,
2025-01-18,18:30,9.6,5.6,77.0,,12.9,22.5,1015.17,4.1,0.0,0,0,,
2025-01-18,18:45,9.6,5.6,76.0,,14.5,19.3,1014.97,4.1,0.0,0,0,,
2025-01-18,19:00,9.5,5.0,75.0,NNE,4.8,16.1,1015.1,4.1,0.0,0,0,,
2025-01-18,19:15,9.4,5.0,75.0,,9.7,16.1,1015.14,4.1,0.0,0,0,,
2025-01-18,19:30,9.4,5.0,75.0,,3.2,16.1,1015.14,4.1,0.0,0,0,,
2025-01-18,19:45,9.4,5.0,75.0,,3.2,14.5,1015.04,4.1,0.0,0,0,,
2025-01-18,20:00,9.3,5.0,75.0,,3.2,6.4,1014.9,4.1,0.0,0,0,,
2025-01-18,20:15,9.2,5.0,75.0,NORTH,0.0,4.8,1015.1,4.1,0.0,0,0,,
2025-01-18,20:30,9.1,5.0,75.0,NNW,3.2,3.2,1014.7,4.1,0.0,0,0,,
2025-01-18,20:45,8.8,4.4,76.0,NNW,1.6,4.8,1014.77,4.1,0.0,0,0,,
2025-01-18,21:00,8.6,4.4,77.0,NORTH,0.0,6.4,1014.39,4.1,0.0,0,0,,
2025-01-18,21:15,8.5,4.4,77.0,,3.2,4.8,1014.6,4.1,0.0,0,0,,
2025-01-18,21:30,8.3,4.4,77.0,NORTH,0.0,4.8,1014.49,4.1,0.0,0,0,,
2025-01-18,21:45,8.0,4.4,78.0,,4.8,4.8,1014.77,4.1,0.0,0,0,,
2025-01-18,22:00,8.0,4.4,78.0,NORTH,0.0,4.8,1014.56,4.1,0.0,0,0,,
2025-01-18,22:15,7.9,4.4,78.0,NNW,4.8,8.0,1014.49,4.1,0.0,0,0,,
2025-01-18,22:30,7.8,3.9,78.0,NORTH,0.0,11.3,1014.33,4.1,0.0,0,0,,
2025-01-18,22:45,7.5,3.9,79.0,WNW,6.4,8.0,1014.33,4.1,0.0,0,0,,
2025-01-18,23:00,7.4,3.9,80.0,NNW,3.2,11.3,1014.63,4.1,0.0,0,0,,
2025-01-18,23:15,7.3,3.9,80.0,NNW,3.2,4.8,1014.29,4.1,0.0,0,0,,
2025-01-18,23:30,7.3,3.9,80.0,NORTH,0.0,4.8,1014.33,4.1,0.0,0,0,,
2025-01-18,23:45,7.2,3.9,80.0,NORTH,0.0,3.2,1014.19,4.1,0.0,0,0,,
2025-01-19,00:00,7.1,3.9,81.0,NNW,1.6,4.8,1014.19,0.0,0.0,0,0,,
2025-01-19,00:15,7.2,3.9,81.0,NORTH,0.0,4.8,1014.29,0.0,0.0,0,0,,
2025-01-19,00:30,7.3,4.4,82.0,NORTH,0.0,4.8,1014.02,0.0,0.0,0,0,,
2025-01-19,00:45,7.4,4.4,82.0,NNW,1.6,3.2,1013.61,0.0,0.0,0,0,,
2025-01-19,01:00,7.6,4.4,81.0,NORTH,0.0,0.0,1013.68,0.0,0.0,0,0,,
2025-01-19,01:15,7.6,4.4,81.0,NORTH,0.0,1.6,1013.34,0.0,0.0,0,0,,
2025-01-19,01:30,7.4,4.4,81.0,NORTH,0.0,4.8,1013.41,0.0,0.0,0,0,,
2025-01-19,01:45,7.4,4.4,81.0,NNW,1.6,3.2,1013.31,0.0,0.0,0,0,,
2025-01-19,02:00,7.3,4.4,82.0,NORTH,0.0,3.2,1013.11,0.0,0.0,0,0,,
2025-01-19,02:15,7.3,4.4,82.0,NORTH,0.0,0.0,1013.17,0.0,0.0,0,0,,
2025-01-19,02:30,7.2,3.9,82.0,NORTH,0.0,4.8,1013.14,0.0,0.0,0,0,,
2025-01-19,02:45,7.2,3.9,82.0,NORTH,0.0,0.0,1013.14,0.0,0.0,0,0,,
2025-01-19,03:00,7.2,3.9,82.0,NORTH,0.0,0.0,1013.07,0.0,0.0,0,0,,
2025-01-19,03:15,7.2,4.4,82.0,NORTH,0.0,4.8,1013.07,0.0,0.0,0,0,,
2025-01-19,03:30,7.3,4.4,82.0,NORTH,0.0,0.0,1013.24,0.0,0.0,0,0,,
2025-01-19,03:45,7.4,4.4,83.0,NORTH,0.0,0.0,1013,0.2,0.2,0,0,,
2025-01-19,04:00,7.4,4.4,83.0,NORTH,0.0,0.0,1012.84,0.2,0.2,0,0,,
2025-01-19,04:15,7.4,4.4,84.0,NORTH,0.0,0.0,1012.84,0.2,0.2,0,0,,
2025-01-19,04:30,7.3,5.0,85.0,NORTH,0.0,0.0,1012.8,0.2,0.2,0,0,,
2025-01-19,04:45,7.3,5.0,85.0,NNW,1.6,3.2,1012.6,0.2,0.0,0,0,,
2025-01-19,05:00,7.3,5.0,85.0,NORTH,0.0,3.2,1012.6,0.2,0.0,0,0,,
2025-01-19,05:15,7.4,5.0,86.0,NNW,3.2,3.2,1012.67,0.2,0.0,0,0,,
2025-01-19,05:30,7.3,5.0,86.0,NNW,1.6,4.8,1012.77,0.2,0.0,0,0,,
2025-01-19,05:45,7.3,5.0,86.0,NORTH,0.0,1.6,1012.67,0.2,0.0,0,0,,
2025-01-19,06:00,7.3,5.0,87.0,NNW,1.6,4.8,1012.5,0.5,0.2,0,0,,
2025-01-19,06:15,7.1,5.0,87.0,ESE,1.6,6.4,1012.5,0.5,0.2,0,0,,
2025-01-19,06:30,6.8,4.4,87.0,ESE,3.2,4.8,1012.5,0.5,0.2,0,0,,
2025-01-19,06:45,6.7,4.4,87.0,ESE,3.2,4.8,1012.73,0.5,0.2,0,0,,
2025-01-19,07:00,6.6,4.4,87.0,ESE,1.6,4.8,1012.7,0.5,0.0,0,0,,
2025-01-19,07:15,6.6,4.4,87.0,ESE,1.6,4.8,1012.8,0.5,0.0,0,0,,
2025-01-19,07:30,6.2,3.9,87.0,ESE,3.2,9.7,1012.94,0.5,0.0,0,0,,
2025-01-19,07:45,6.1,3.9,88.0,ESE,1.6,3.2,1013,0.5,0.0,0,11,,
2025-01-19,08:00,6.2,4.4,88.0,ESE,1.6,4.8,1013.14,0.5,0.0,0,32,,
2025-01-19,08:15,6.8,5.0,89.0,SSE,11.3,9.7,1013.55,0.5,0.0,0,35,,
2025-01-19,08:30,6.9,5.0,89.0,SE,8.0,16.1,1013.38,0.5,0.0,0,35,,
2025-01-19,08:45,7.2,5.6,89.0,SE,8.0,17.7,1013.51,0.5,0.0,0,37,,
2025-01-19,09:00,7.7,5.6,89.0,SE,6.4,11.3,1013.65,0.5,0.0,0,33,,
2025-01-19,09:15,7.9,6.1,89.0,SE,6.4,11.3,1013.58,0.5,0.0,0,40,,
2025-01-19,09:30,8.2,6.1,89.0,SE,8.0,11.3,1013.95,0.5,0.0,0,84,,
2025-01-19,09:45,8.9,6.7,87.0,SE,8.0,16.1,1014.12,0.5,0.0,0,211,,
2025-01-19,10:00,10.1,7.8,86.0,ESE,3.2,9.7,1014.12,0.5,0.0,1,461,,
2025-01-19,10:15,10.4,7.2,81.0,SE,8.0,14.5,1014.29,0.5,0.0,1,464,,
2025-01-19,10:30,10.8,7.2,78.0,SE,12.9,16.1,1014.53,0.5,0.0,1,512,,
2025-01-19,10:45,10.4,6.7,79.0,SSE,14.5,22.5,1014.39,0.5,0.0,1,483,,
2025-01-19,11:00,10.2,6.7,81.0,ESE,12.9,20.9,1014.56,0.5,0.0,1,483,,
2025-01-19,11:15,10.4,7.2,82.0,SE,20.9,19.3,1014.53,0.5,0.0,1,295,,
2025-01-19,11:30,11.2,8.3,82.0,ESE,6.4,22.5,1014.53,0.5,0.0,2,694,,
2025-01-19,11:45,11.1,7.8,81.0,SE,19.3,24.1,1014.6,0.5,0.0,2,659,,
2025-01-19,12:00,11.2,7.8,81.0,SSE,8.0,27.4,1014.39,0.5,0.0,2,552,,
2025-01-19,12:15,11.6,8.3,80.0,SSE,19.3,25.7,1014.29,0.5,0.0,2,601,,
2025-01-19,12:30,11.4,7.8,80.0,SE,19.3,22.5,1014.33,0.5,0.0,1,199,,
2025-01-19,12:45,11.4,7.8,80.0,SSE,9.7,17.7,1014.19,0.5,0.0,0,98,,
2025-01-19,13:00,11.2,7.8,81.0,SE,14.5,20.9,1014.09,0.5,0.0,0,60,,
2025-01-19,13:15,10.7,7.8,83.0,SSE,14.5,24.1,1013.95,0.5,0.0,1,156,,
2025-01-19,13:30,10.4,7.8,85.0,SE,8.0,14.5,1014.02,0.5,0.0,1,174,,
2025-01-19,13:45,10.7,8.3,85.0,SSE,6.4,12.9,1014.09,0.5,0.0,1,200,,
2025-01-19,14:00,11.0,8.3,84.0,SE,19.3,20.9,1013.88,0.5,0.0,1,218,,
2025-01-19,14:15,11.4,8.3,82.0,SSE,12.9,24.1,1013.82,0.5,0.0,1,148,,
2025-01-19,14:30,11.3,8.3,82.0,SE,6.4,19.3,1013.88,0.5,0.0,0,121,,
2025-01-19,14:45,11.3,8.3,82.0,SE,11.3,24.1,1013.75,0.5,0.0,0,95,,
2025-01-19,15:00,10.9,7.8,82.0,SE,11.3,22.5,1013.85,0.5,0.0,0,77,,
2025-01-19,15:15,11.1,7.8,83.0,SE,12.9,17.7,1013.99,0.5,0.0,0,109,,
2025-01-19,15:30,11.0,7.8,83.0,ESE,8.0,19.3,1014.09,0.5,0.0,0,74,,
2025-01-19,15:45,11.0,8.3,83.0,SE,6.4,19.3,1014.16,0.5,0.0,0,37,,
2025-01-19,16:00,11.0,8.3,84.0,ESE,11.3,16.1,1014.19,0.5,0.0,0,46,,
2025-01-19,16:15,10.9,8.3,84.0,ESE,16.1,20.9,1014.33,0.5,0.0,0,25,,
2025-01-19,16:30,10.8,7.8,84.0,SE,11.3,19.3,1014.36,0.5,0.0,0,40,,
2025-01-19,16:45,10.9,8.3,84.0,SE,11.3,16.1,1014.29,0.5,0.0,0,14,,
2025-01-19,17:00,10.8,8.3,84.0,SSE,12.9,20.9,1014.49,0.5,0.0,0,9,,
2025-01-19,17:15,10.6,7.8,84.0,SE,4.8,14.5,1014.6,0.5,0.0,0,0,,
2025-01-19,17:30,10.6,7.8,85.0,SE,4.8,11.3,1014.7,0.5,0.0,0,0,,
2025-01-19,17:45,10.5,7.8,85.0,SE,8.0,16.1,1014.77,0.5,0.0,0,0,,
2025-01-19,18:00,10.4,7.8,85.0,SE,12.9,16.1,1015.14,0.5,0.0,0,0,,
2025-01-19,18:15,10.4,7.8,86.0,SE,8.0,19.3,1015.17,0.5,0.0,0,0,,
2025-01-19,18:30,10.4,7.8,86.0,SE,12.9,16.1,1015.24,0.5,0.0,0,0,,
2025-01-19,18:45,10.4,7.8,86.0,SE,8.0,17.7,1015.51,0.5,0.0,0,0,,
2025-01-19,19:00,10.3,7.8,86.0,SE,11.3,17.7,1015.58,0.5,0.0,0,0,,
2025-01-19,19:15,10.2,7.8,86.0,SE,6.4,17.7,1015.98,0.5,0.0,0,0,,
2025-01-19,19:30,10.2,7.8,87.0,SE,8.0,16.1,1015.85,0.5,0.0,0,0,,
2025-01-19,19:45,9.9,7.8,87.0,SE,12.9,19.3,1015.98,0.5,0.0,0,0,,
2025-01-19,20:00,9.9,7.8,87.0,SSE,8.0,16.1,1016.19,0.5,0.0,0,0,,
2025-01-19,20:15,9.8,7.8,88.0,SE,11.3,14.5,1016.46,0.5,0.0,0,0,,
2025-01-19,20:30,9.8,7.8,88.0,SE,9.7,16.1,1016.76,0.5,0.0,0,0,,
2025-01-19,20:45,9.8,7.8,88.0,SE,8.0,16.1,1016.86,0.5,0.0,0,0,,
2025-01-19,21:00,9.8,7.8,88.0,SE,6.4,12.9,1016.97,0.5,0.0,0,0,,
2025-01-19,21:15,9.7,7.8,88.0,SE,8.0,12.9,1017,0.5,0.2,0,0,,
2025-01-19,21:30,9.6,7.8,89.0,SE,12.9,14.5,1017.07,0.5,0.2,0,0,,
2025-01-19,21:45,9.4,7.8,89.0,SE,9.7,11.3,1017.14,0.5,0.2,0,0,,
2025-01-19,22:00,9.3,7.2,89.0,SE,6.4,12.9,1017.27,0.5,0.2,0,0,,
2025-01-19,22:15,9.2,7.2,89.0,SE,8.0,12.9,1017.24,0.5,0.0,0,0,,
2025-01-19,22:30,8.9,7.2,89.0,SE,6.4,11.3,1017.37,0.5,0.0,0,0,,
2025-01-19,22:45,8.8,7.2,90.0,SE,6.4,9.7,1017.31,0.5,0.0,0,0,,
2025-01-19,23:00,8.7,7.2,90.0,SE,6.4,12.9,1017.54,0.5,0.0,0,0,,
2025-01-19,23:15,8.7,7.2,90.0,SSE,4.8,8.0,1017.71,0.5,0.0,0,0,,
2025-01-19,23:30,8.8,7.2,90.0,SSE,4.8,11.3,1017.58,0.5,0.0,0,0,,
2025-01-19,23:45,8.7,6.7,90.0,SSE,3.2,9.7,1018.02,0.5,0.0,0,0,,
2025-01-20,00:00,8.7,7.2,90.0,SSE,4.8,8.0,1017.98,0.0,0.0,0,0,,
2025-01-20,00:15,8.9,7.2,90.0,SSE,4.8,9.7,1018.02,0.0,0.0,0,0,,
2025-01-20,00:30,9.1,7.2,90.0,SSE,1.6,8.0,1018.08,0.0,0.0,0,0,,
2025-01-20,00:45,9.2,7.8,91.0,SSE,3.2,8.0,1017.88,0.5,0.5,0,0,,
2025-01-20,01:00,9.2,7.8,90.0,SSE,6.4,6.4,1017.91,0.5,0.5,0,0,,
2025-01-20,01:15,9.2,7.8,90.0,SSE,4.8,8.0,1017.78,0.5,0.5,0,0,,
2025-01-20,01:30,9.2,7.2,90.0,SE,4.8,8.0,1017.78,0.5,0.5,0,0,,
2025-01-20,01:45,9.1,7.2,90.0,SE,4.8,6.4,1017.81,0.5,0.0,0,0,,
2025-01-20,02:00,9.2,7.8,91.0,SSE,6.4,9.7,1017.85,0.5,0.0,0,0,,
2025-01-20,02:15,9.3,7.8,90.0,SSE,1.6,9.7,1017.98,0.5,0.0,0,0,,
2025-01-20,02:30,9.3,7.8,90.0,SSE,1.6,8.0,1017.78,0.5,0.0,0,0,,
2025-01-20,02:45,9.2,7.8,90.0,SSE,3.2,8.0,1017.98,0.5,0.0,0,0,,
2025-01-20,03:00,9.0,7.2,90.0,SSE,3.2,8.0,1017.88,0.5,0.0,0,0,,
2025-01-20,03:15,8.9,7.2,90.0,NORTH,0.0,4.8,1017.75,0.5,0.0,0,0,,
2025-01-20,03:30,8.8,7.2,90.0,NORTH,0.0,0.0,1017.81,0.5,0.0,0,0,,
2025-01-20,04:00,8.4,6.7,90.0,SSE,3.2,6.4,1017.85,0.5,0.0,0,0,,
2025-01-20,04:15,8.6,6.7,90.0,SE,4.8,6.4,1017.78,0.5,0.0,0,0,,
2025-01-20,04:30,8.7,7.2,90.0,SE,6.4,6.4,1017.91,0.5,0.0,0,0,,
2025-01-20,04:45,8.9,7.2,90.0,SE,4.8,6.4,1017.88,0.5,0.0,0,0,,
2025-01-20,05:00,9.0,7.2,90.0,SE,6.4,6.4,1017.88,0.5,0.0,0,0,,
2025-01-20,05:15,8.9,7.2,90.0,SE,3.2,12.9,1017.78,0.5,0.0,0,0,,
2025-01-20,05:30,8.7,7.2,90.0,SE,3.2,6.4,1017.91,0.5,0.0,0,0,,
2025-01-20,05:45,8.7,6.7,90.0,SE,4.8,6.4,1017.88,0.5,0.0,0,0,,
2025-01-20,06:00,8.8,7.2,90.0,SE,4.8,9.7,1017.98,0.5,0.0,0,0,,
2025-01-20,06:15,8.6,6.7,90.0,SE,6.4,6.4,1018.12,0.5,0.0,0,0,,
2025-01-20,06:30,8.7,6.7,90.0,SE,3.2,6.4,1018.08,0.5,0.0,0,0,,
2025-01-20,06:45,8.9,7.2,90.0,SE,3.2,8.0,1018.22,0.5,0.0,0,0,,
2025-01-20,07:00,8.9,7.2,90.0,SE,4.8,6.4,1018.35,0.5,0.0,0,0,,
2025-01-20,07:15,9.0,7.2,89.0,SE,3.2,6.4,1018.59,0.5,0.0,0,0,,
2025-01-20,07:30,8.9,7.2,89.0,NORTH,0.0,4.8,1018.46,0.5,0.0,0,0,,
2025-01-20,07:45,8.8,7.2,89.0,SE,1.6,4.8,1018.42,0.8,0.5,0,0,,
2025-01-20,08:00,8.9,7.2,90.0,SE,1.6,3.2,1018.66,1.0,0.5,0,26,,
2025-01-20,08:15,8.9,7.2,90.0,SE,3.2,3.2,1018.59,1.5,1.3,0,58,,
2025-01-20,08:30,9.4,7.8,91.0,SE,1.6,4.8,1018.8,1.8,1.5,0,134,,
2025-01-20,08:45,9.5,7.8,91.0,SE,3.2,6.4,1018.86,2.3,1.5,0,53,,
2025-01-20,09:00,9.6,7.8,91.0,SE,1.6,4.8,1018.52,2.8,1.8,0,47,,
2025-01-20,09:15,9.6,8.3,91.0,SE,11.3,14.5,1019,3.0,1.5,0,243,,
2025-01-20,09:30,9.9,8.3,91.0,SE,4.8,12.9,1018.96,3.0,1.3,1,320,,
2025-01-20,09:45,10.2,8.3,91.0,SE,6.4,11.3,1019.07,3.0,0.5,1,424,,
2025-01-20,10:00,10.4,8.9,90.0,SSE,8.0,11.3,1019.2,3.0,0.2,1,425,,
2025-01-20,10:15,10.8,8.9,89.0,SSE,9.7,11.3,1019.34,3.0,0.0,1,366,,
2025-01-20,10:30,10.8,8.9,89.0,SE,4.8,12.9,1019.64,3.0,0.0,1,404,,
2025-01-20,10:45,11.3,8.9,88.0,SE,1.6,9.7,1019.57,3.0,0.0,1,438,,
2025-01-20,11:00,11.3,8.9,86.0,SSE,4.8,11.3,1019.71,3.0,0.0,2,466,,
2025-01-20,11:15,11.5,8.9,87.0,NORTH,0.0,9.7,1019.74,3.0,0.0,2,403,,
2025-01-20,11:30,11.8,9.4,85.0,NORTH,0.0,8.0,1019.78,3.0,0.0,2,485,,
2025-01-20,11:45,11.7,8.9,84.0,SSE,4.8,8.0,1019.64,3.0,0.0,2,255,,
2025-01-20,12:00,12.2,8.9,83.0,SSE,4.8,14.5,1019.47,3.0,0.0,1,401,,
2025-01-20,12:15,12.0,9.4,85.0,SOUTH,3.2,20.9,1019.44,3.0,0.0,2,608,,
2025-01-20,12:30,12.2,9.4,83.0,SE,8.0,11.3,1019.24,3.0,0.0,2,436,,
2025-01-20,12:45,12.3,9.4,83.0,SSE,6.4,16.1,1019.3,3.0,0.0,1,279,,
2025-01-20,13:00,12.2,8.9,82.0,WSW,4.8,12.9,1019.03,3.0,0.0,1,114,,
2025-01-20,13:15,12.1,8.9,83.0,WEST,11.3,17.7,1018.93,3.0,0.0,2,288,,
2025-01-20,13:30,12.3,8.9,82.0,SSE,8.0,9.7,1018.86,3.0,0.0,1,251,,
2025-01-20,13:45,12.3,8.9,79.0,WEST,6.4,16.1,1018.56,3.0,0.0,1,114,,
2025-01-20,14:00,12.7,9.4,80.0,WSW,11.3,14.5,1018.42,3.0,0.0,2,564,,
2025-01-20,14:15,12.9,8.9,79.0,WSW,4.8,16.1,1018.46,3.0,0.0,2,517,,
2025-01-20,14:30,12.7,8.3,77.0,WNW,6.4,19.3,1018.56,3.0,0.0,1,195,,
2025-01-20,14:45,12.7,8.9,77.0,WNW,12.9,20.9,1018.66,3.0,0.0,1,424,,
2025-01-20,15:00,12.3,8.3,79.0,ENE,12.9,29.0,1018.52,3.0,0.0,1,262,,
2025-01-20,15:15,12.2,8.9,82.0,WEST,14.5,32.2,1018.46,3.0,0.0,1,346,,
2025-01-20,15:30,11.9,8.9,83.0,WNW,11.3,25.7,1018.66,3.0,0.0,1,283,,
2025-01-20,15:45,11.9,8.9,81.0,WEST,17.7,24.1,1018.63,3.0,0.0,0,176,,
2025-01-20,16:00,11.6,8.3,82.0,WEST,12.9,25.7,1018.76,3.0,0.0,0,51,,
2025-01-20,16:15,11.3,8.3,83.0,WNW,17.7,22.5,1018.93,3.0,0.0,0,25,,
2025-01-20,16:30,10.6,7.8,85.0,WEST,11.3,24.1,1019.03,3.3,0.2,0,53,,
2025-01-20,16:45,10.2,7.8,86.0,WEST,4.8,12.9,1019.03,3.6,0.5,0,25,,
2025-01-20,17:00,10.0,7.8,87.0,NORTH,0.0,6.4,1019.07,3.6,0.5,0,7,,
2025-01-20,17:15,9.9,7.8,87.0,WEST,6.4,9.7,1018.93,3.6,0.5,0,0,,
2025-01-20,17:30,9.9,7.8,87.0,WEST,1.6,9.7,1019.2,3.6,0.5,0,0,,
2025-01-20,17:45,9.9,7.8,87.0,WEST,4.8,9.7,1019.37,3.6,0.0,0,0,,
2025-01-20,18:00,10.1,7.8,88.0,WNW,6.4,12.9,1019.47,3.6,0.0,0,0,,
2025-01-20,18:15,10.3,8.3,88.0,WNW,11.3,14.5,1019.54,3.6,0.0,0,0,,
2025-01-20,18:30,10.3,8.3,88.0,NW,3.2,12.9,1019.68,3.6,0.0,0,0,,
2025-01-20,18:45,10.2,8.3,88.0,WNW,4.8,6.4,1019.71,3.6,0.0,0,0,,
2025-01-20,19:00,10.1,8.3,89.0,WNW,3.2,11.3,1019.68,3.6,0.0,0,0,,
2025-01-20,19:15,10.1,8.3,89.0,NORTH,0.0,3.2,1019.91,3.6,0.0,0,0,,
2025-01-20,19:30,9.8,7.8,89.0,SOUTH,6.4,4.8,1019.91,3.6,0.0,0,0,,
2025-01-20,19:45,9.8,7.8,89.0,SE,12.9,14.5,1019.88,3.6,0.0,0,0,,
2025-01-20,20:00,9.8,7.8,90.0,SE,4.8,11.3,1019.81,3.6,0.0,0,0,,
2025-01-20,20:15,9.8,7.8,90.0,SE,3.2,6.4,1019.91,3.6,0.0,0,0,,
2025-01-20,20:30,9.8,8.3,90.0,SE,3.2,8.0,1019.88,3.8,0.2,0,0,,
2025-01-20,20:45,9.8,8.3,90.0,SE,3.2,4.8,1020.01,3.8,0.2,0,0,,
2025-01-20,21:00,9.8,8.3,90.0,SE,6.4,11.3,1020.22,3.8,0.2,0,0,,
2025-01-20,21:15,9.7,7.8,91.0,SE,1.6,6.4,1020.45,3.8,0.2,0,0,,
2025-01-20,21:30,9.5,7.8,91.0,NORTH,0.0,3.2,1020.39,4.1,0.2,0,0,,
2025-01-20,21:45,9.5,7.8,91.0,NORTH,0.0,3.2,1020.35,4.3,0.5,0,0,,
2025-01-20,22:00,9.3,7.8,91.0,SE,1.6,3.2,1020.56,4.3,0.5,0,0,,
2025-01-20,22:15,9.2,7.8,91.0,SE,1.6,3.2,1020.45,4.3,0.5,0,0,,
2025-01-20,22:30,9.0,7.2,91.0,NORTH,0.0,3.2,1020.62,4.3,0.2,0,0,,
2025-01-20,22:45,8.9,7.2,91.0,NORTH,0.0,4.8,1020.42,4.3,0.0,0,0,,
2025-01-20,23:00,8.8,7.2,91.0,NORTH,0.0,3.2,1020.59,4.3,0.0,0,0,,
2025-01-20,23:15,8.7,7.2,91.0,SE,3.2,4.8,1020.39,4.3,0.0,0,0,,
2025-01-20,23:30,8.6,7.2,91.0,NORTH,0.0,1.6,1020.32,4.3,0.0,0,0,,
2025-01-20,23:45,8.4,6.7,91.0,NORTH,0.0,0.0,1020.15,4.3,0.0,0,0,,
2025-01-21,00:00,8.3,6.7,91.0,NORTH,0.0,0.0,1020.22,0.0,0.0,0,0,,
2025-01-21,00:15,8.2,6.7,91.0,NORTH,0.0,0.0,1020.25,0.0,0.0,0,0,,
2025-01-21,00:30,8.2,6.7,92.0,NORTH,0.0,0.0,1019.88,0.0,0.0,0,0,,
2025-01-21,00:45,8.1,6.7,92.0,SE,4.8,4.8,1019.78,0.0,0.0,0,0,,
2025-01-21,01:00,7.8,6.1,92.0,SE,6.4,6.4,1019.57,0.0,0.0,0,0,,
2025-01-21,01:15,8.3,6.7,92.0,SE,6.4,8.0,1019.54,0.0,0.0,0,0,,
2025-01-21,01:30,8.4,7.2,92.0,SE,6.4,8.0,1019.57,0.0,0.0,0,0,,
2025-01-21,01:45,8.4,7.2,92.0,SE,4.8,8.0,1019.44,0.0,0.0,0,0,,
2025-01-21,02:00,8.4,7.2,92.0,SE,3.2,6.4,1019.51,0.0,0.0,0,0,,
2025-01-21,02:15,8.4,7.2,92.0,SE,1.6,6.4,1019.47,0.0,0.0,0,0,,
2025-01-21,02:30,8.3,6.7,92.0,NORTH,0.0,3.2,1019.24,0.0,0.0,0,0,,
2025-01-21,02:45,8.2,6.7,92.0,NORTH,0.0,4.8,1019.34,0.0,0.0,0,0,,
2025-01-21,03:00,8.3,6.7,92.0,SE,3.2,4.8,1019.34,0.0,0.0,0,0,,
2025-01-21,03:15,8.2,6.7,92.0,ESE,3.2,6.4,1019.24,0.0,0.0,0,0,,
2025-01-21,03:30,8.3,7.2,92.0,ESE,1.6,6.4,1019.07,0.0,0.0,0,0,,
2025-01-21,03:45,8.4,7.2,92.0,ESE,1.6,4.8,1019.24,0.0,0.0,0,0,,
2025-01-21,04:00,8.3,7.2,92.0,ESE,1.6,3.2,1018.93,0.0,0.0,0,0,,
2025-01-21,04:15,8.3,7.2,92.0,ESE,6.4,6.4,1019.13,0.0,0.0,0,0,,
2025-01-21,04:30,8.3,7.2,93.0,ESE,1.6,6.4,1018.9,0.0,0.0,0,0,,
2025-01-21,04:45,8.2,6.7,92.0,NORTH,0.0,4.8,1018.73,0.0,0.0,0,0,,
2025-01-21,05:00,8.0,6.7,92.0,ESE,4.8,9.7,1018.66,0.0,0.0,0,0,,
2025-01-21,05:15,8.2,6.7,92.0,ESE,4.8,6.4,1018.63,0.0,0.0,0,0,,
2025-01-21,05:30,8.1,6.7,92.0,ESE,3.2,11.3,1018.76,0.0,0.0,0,0,,
2025-01-21,05:45,7.8,6.7,92.0,ESE,4.8,9.7,1018.8,0.0,0.0,0,0,,
2025-01-21,06:00,7.8,6.7,92.0,ESE,3.2,6.4,1018.73,0.0,0.0,0,0,,
2025-01-21,06:15,7.7,6.1,92.0,ESE,3.2,6.4,1018.76,0.0,0.0,0,0,,
2025-01-21,06:30,7.6,6.1,92.0,ESE,3.2,6.4,1018.93,0.0,0.0,0,0,,
2025-01-21,06:45,7.4,6.1,92.0,ESE,4.8,6.4,1018.73,0.0,0.0,0,0,,
2025-01-21,07:00,7.4,6.1,92.0,ESE,3.2,6.4,1018.76,0.0,0.0,0,0,,
2025-01-21,07:15,7.4,6.1,92.0,ESE,3.2,9.7,1018.76,0.0,0.0,0,0,,
2025-01-21,07:30,7.3,6.1,92.0,ESE,3.2,6.4,1018.96,0.0,0.0,0,0,,
2025-01-21,07:45,7.3,6.1,92.0,ESE,4.8,6.4,1018.86,0.0,0.0,0,0,,
2025-01-21,08:00,7.8,6.7,93.0,EAST,6.4,9.7,1018.9,0.0,0.0,0,11,,
2025-01-21,08:15,7.9,6.7,93.0,ESE,11.3,14.5,1019.03,0.0,0.0,0,18,,
2025-01-21,08:30,8.1,6.7,93.0,ESE,11.3,14.5,1018.86,0.0,0.0,0,86,,
2025-01-21,08:45,8.4,7.2,92.0,ESE,6.4,14.5,1018.93,0.0,0.0,0,130,,
2025-01-21,09:00,8.7,7.2,92.0,EAST,11.3,14.5,1019,0.0,0.0,0,176,,
2025-01-21,09:15,8.9,7.2,92.0,ESE,12.9,16.1,1019.1,0.0,0.0,0,218,,
2025-01-21,09:30,9.2,7.8,92.0,ESE,12.9,16.1,1019.03,0.0,0.0,1,260,,
2025-01-21,09:45,9.6,7.8,90.0,ESE,9.7,14.5,1019.3,0.0,0.0,1,306,,
2025-01-21,10:00,10.2,8.3,89.0,ESE,3.2,11.3,1019.24,0.0,0.0,1,345,,
2025-01-21,10:15,10.8,8.3,87.0,EAST,3.2,9.7,1019.34,0.0,0.0,1,381,,
2025-01-21,10:30,10.7,7.8,85.0,ESE,9.7,14.5,1019.51,0.0,0.0,1,411,,
2025-01-21,10:45,11.1,8.3,83.0,SE,4.8,11.3,1019.71,0.0,0.0,1,441,,
2025-01-21,11:00,11.3,8.3,82.0,SSE,4.8,14.5,1019.91,0.0,0.0,2,464,,
2025-01-21,11:15,11.4,8.3,84.0,SE,8.0,16.1,1019.71,0.0,0.0,2,487,,
2025-01-21,11:30,11.9,8.9,82.0,SE,4.8,17.7,1019.61,0.0,0.0,2,515,,
2025-01-21,11:45,11.8,8.3,81.0,ESE,1.6,11.3,1019.61,0.0,0.0,2,568,,
2025-01-21,12:00,11.9,8.3,81.0,EAST,9.7,14.5,1019.4,0.0,0.0,1,149,,
2025-01-21,12:15,11.8,8.3,81.0,ESE,3.2,14.5,1019.1,0.0,0.0,2,165,,
2025-01-21,12:30,12.2,8.3,79.0,ESE,1.6,11.3,1019.24,0.0,0.0,2,584,,
2025-01-21,12:45,12.3,8.3,76.0,NORTH,0.0,12.9,1018.93,0.0,0.0,1,153,,
2025-01-21,13:00,12.4,8.3,76.0,SSE,1.6,4.8,1018.96,0.0,0.0,2,508,,
2025-01-21,13:15,12.3,7.8,75.0,SSE,4.8,11.3,1018.8,0.0,0.0,1,132,,
2025-01-21,13:30,12.6,7.8,74.0,NORTH,0.0,4.8,1018.39,0.0,0.0,1,176,,
2025-01-21,13:45,12.8,8.3,74.0,SE,3.2,4.8,1018.39,0.0,0.0,1,327,,
2025-01-21,14:00,12.8,8.3,75.0,NORTH,3.2,4.8,1018.19,0.0,0.0,2,350,,
2025-01-21,14:15,12.9,8.3,75.0,EAST,3.2,11.3,1018.05,0.0,0.0,1,346,,
2025-01-21,14:30,12.8,8.3,74.0,EAST,1.6,9.7,1017.88,0.0,0.0,1,155,,
2025-01-21,14:45,12.8,8.3,74.0,EAST,4.8,6.4,1017.75,0.0,0.0,1,130,,
2025-01-21,15:00,12.6,8.3,76.0,EAST,4.8,9.7,1017.71,0.0,0.0,1,142,,
2025-01-21,15:15,12.6,8.3,75.0,EAST,4.8,6.4,1017.78,0.0,0.0,1,142,,
2025-01-21,15:30,12.6,7.8,74.0,EAST,4.8,9.7,1017.64,0.0,0.0,0,132,,
2025-01-21,15:45,12.8,8.3,75.0,EAST,3.2,9.7,1017.68,0.0,0.0,0,211,,
2025-01-21,16:00,13.2,8.3,75.0,ESE,1.6,12.9,1017.64,0.0,0.0,0,352,,
2025-01-21,16:15,13.2,8.9,75.0,ESE,4.8,9.7,1017.68,0.0,0.0,0,174,,
2025-01-21,16:30,13.0,8.9,76.0,ESE,3.2,9.7,1017.75,0.0,0.0,0,105,,
2025-01-21,16:45,12.9,8.9,77.0,SE,4.8,9.7,1017.78,0.0,0.0,0,62,,
2025-01-21,17:00,12.7,8.3,77.0,SE,4.8,11.3,1017.95,0.0,0.0,0,30,,
2025-01-21,17:15,12.6,8.3,77.0,SE,3.2,8.0,1018.02,0.0,0.0,0,14,,
2025-01-21,17:30,12.4,8.3,78.0,SE,6.4,11.3,1018.08,0.0,0.0,0,0,,
2025-01-21,17:45,12.2,8.3,78.0,SE,8.0,12.9,1017.95,0.0,0.0,0,0,,
2025-01-21,18:00,12.2,8.3,79.0,SE,8.0,12.9,1018.05,0.0,0.0,0,0,,
2025-01-21,18:15,12.3,8.9,81.0,SE,8.0,12.9,1018.29,0.0,0.0,0,0,,
2025-01-21,18:30,12.1,8.9,82.0,SE,12.9,16.1,1018.32,0.0,0.0,0,0,,
2025-01-21,18:45,11.7,8.9,83.0,SE,12.9,17.7,1018.59,0.0,0.0,0,0,,
2025-01-21,19:00,11.6,8.9,84.0,SE,11.3,17.7,1018.49,0.0,0.0,0,0,,
2025-01-21,19:15,11.6,8.9,85.0,ESE,12.9,17.7,1018.49,0.0,0.0,0,0,,
2025-01-21,19:30,11.5,8.9,85.0,SE,11.3,17.7,1018.66,0.0,0.0,0,0,,
2025-01-21,19:45,11.4,8.9,86.0,SE,14.5,17.7,1018.52,0.0,0.0,0,0,,
2025-01-21,20:00,11.5,8.9,86.0,SE,14.5,20.9,1018.93,0.0,0.0,0,0,,
2025-01-21,20:15,11.4,8.9,87.0,SE,12.9,19.3,1018.59,0.0,0.0,0,0,,
2025-01-21,20:30,11.4,9.4,87.0,SE,12.9,19.3,1018.63,0.0,0.0,0,0,,
2025-01-21,20:45,11.3,9.4,88.0,SE,17.7,24.1,1018.42,0.0,0.0,0,0,,
2025-01-21,21:00,11.3,9.4,88.0,SE,14.5,22.5,1018.46,0.0,0.0,0,0,,
2025-01-21,21:15,11.3,9.4,88.0,ESE,14.5,22.5,1018.39,0.0,0.0,0,0,,
2025-01-21,21:30,11.3,9.4,88.0,SE,14.5,20.9,1018.39,0.0,0.0,0,0,,
2025-01-21,21:45,11.2,9.4,88.0,SE,6.4,20.9,1018.59,0.0,0.0,0,0,,
2025-01-21,22:00,11.2,9.4,89.0,SE,8.0,24.1,1018.63,0.0,0.0,0,0,,
2025-01-21,22:15,11.2,9.4,89.0,ESE,16.1,17.7,1018.39,0.0,0.0,0,0,,
2025-01-21,22:30,11.2,9.4,89.0,SE,16.1,20.9,1018.12,0.0,0.0,0,0,,
2025-01-21,22:45,11.2,9.4,89.0,ESE,14.5,20.9,1018.39,0.0,0.0,0,0,,
2025-01-21,23:00,11.2,9.4,89.0,SE,16.1,24.1,1018.29,0.0,0.0,0,0,,
2025-01-21,23:15,11.2,9.4,89.0,SE,17.7,22.5,1018.39,0.0,0.0,0,0,,
2025-01-21,23:30,11.2,9.4,89.0,SE,14.5,25.7,1018.22,0.0,0.0,0,0,,
2025-01-21,23:45,11.2,9.4,89.0,SE,12.9,22.5,1018.15,0.0,0.0,0,0,,
2025-01-22,00:00,11.2,9.4,89.0,SE,14.5,22.5,1018.15,0.0,0.0,0,0,,
2025-01-22,00:15,11.1,9.4,89.0,ESE,16.1,19.3,1017.98,0.0,0.0,0,0,,
2025-01-22,00:30,11.1,9.4,89.0,ESE,22.5,24.1,1017.95,0.0,0.0,0,0,,
2025-01-22,00:45,11.0,8.9,89.0,ESE,20.9,25.7,1018.12,0.0,0.0,0,0,,
2025-01-22,01:00,11.1,9.4,89.0,ESE,16.1,25.7,1018.02,0.0,0.0,0,0,,
2025-01-22,01:15,11.1,9.4,90.0,ESE,12.9,24.1,1017.78,0.0,0.0,0,0,,
2025-01-22,01:30,11.1,9.4,90.0,SE,20.9,24.1,1017.58,0.0,0.0,0,0,,
2025-01-22,01:45,11.2,9.4,90.0,SE,16.1,25.7,1017.58,0.0,0.0,0,0,,
2025-01-22,02:00,11.3,9.4,90.0,SE,14.5,25.7,1017.37,0.0,0.0,0,0,,
2025-01-22,02:15,11.2,9.4,90.0,ESE,17.7,29.0,1017.34,0.0,0.0,0,0,,
2025-01-22,02:30,11.2,9.4,90.0,SE,19.3,25.7,1017.2,0.0,0.0,0,0,,
2025-01-22,02:45,11.2,9.4,91.0,ESE,14.5,27.4,1017.2,0.0,0.0,0,0,,
2025-01-22,03:00,11.1,9.4,91.0,ESE,16.1,24.1,1017.27,0.0,0.0,0,0,,
2025-01-22,03:15,11.0,9.4,91.0,ESE,12.9,24.1,1017.1,0.0,0.0,0,0,,
2025-01-22,03:30,10.9,9.4,91.0,SE,19.3,24.1,1017.1,0.0,0.0,0,0,,
2025-01-22,03:45,11.0,9.4,91.0,ESE,19.3,24.1,1017.17,0.0,0.0,0,0,,
2025-01-22,04:00,11.2,9.4,91.0,SE,19.3,25.7,1016.7,0.0,0.0,0,0,,
2025-01-22,04:15,11.1,9.4,91.0,SE,14.5,29.0,1016.7,0.0,0.0,0,0,,
2025-01-22,04:30,11.0,9.4,91.0,ESE,17.7,25.7,1016.53,0.0,0.0,0,0,,
2025-01-22,04:45,10.9,9.4,91.0,SE,20.9,27.4,1016.29,0.0,0.0,0,0,,
2025-01-22,05:00,10.9,9.4,91.0,SE,22.5,27.4,1016.12,0.0,0.0,0,0,,
2025-01-22,05:15,10.9,9.4,92.0,SE,16.1,27.4,1016.05,0.0,0.0,0,0,,
2025-01-22,05:30,10.9,9.4,92.0,SE,17.7,30.6,1016.05,0.0,0.0,0,0,,
2025-01-22,05:45,10.9,9.4,92.0,ESE,22.5,29.0,1015.95,0.0,0.0,0,0,,
2025-01-22,06:00,10.8,9.4,92.0,ESE,25.7,27.4,1015.98,0.0,0.0,0,0,,
2025-01-22,06:15,10.8,9.4,92.0,SE,22.5,29.0,1016.12,0.0,0.0,0,0,,
2025-01-22,06:30,10.7,9.4,92.0,SE,20.9,37.0,1016.15,0.0,0.0,0,0,,
2025-01-22,06:45,10.6,8.9,92.0,ESE,14.5,27.4,1016.15,0.0,0.0,0,0,,
2025-01-22,07:00,10.4,8.9,92.0,SE,17.7,25.7,1016.22,0.0,0.0,0,0,,
2025-01-22,07:15,10.4,8.9,92.0,SE,20.9,27.4,1016.29,0.0,0.0,0,0,,
2025-01-22,07:30,10.6,8.9,92.0,SE,17.7,30.6,1016.46,0.0,0.0,0,0,,
2025-01-22,07:45,10.6,8.9,92.0,SE,20.9,29.0,1016.36,0.0,0.0,0,0,,
2025-01-22,08:00,10.8,9.4,92.0,SE,24.1,29.0,1016.59,0.0,0.0,0,18,,
2025-01-22,08:15,10.9,9.4,92.0,SE,19.3,32.2,1016.63,0.0,0.0,0,32,,
2025-01-22,08:30,11.0,9.4,91.0,ESE,19.3,30.6,1016.7,0.0,0.0,0,84,,
2025-01-22,08:45,11.1,9.4,91.0,SE,17.7,29.0,1016.8,0.0,0.0,0,105,,
2025-01-22,09:00,11.2,9.4,90.0,SE,20.9,32.2,1016.66,0.0,0.0,0,135,,
2025-01-22,09:15,11.5,9.4,90.0,SE,16.1,33.8,1016.56,0.0,0.0,0,221,,
2025-01-22,09:30,11.7,9.4,89.0,ESE,16.1,32.2,1017.03,0.0,0.0,1,267,,
2025-01-22,09:45,12.0,10.0,88.0,SE,17.7,30.6,1017.2,0.0,0.0,1,306,,
2025-01-22,10:00,12.3,10.0,87.0,SE,20.9,32.2,1017,0.0,0.0,1,345,,
2025-01-22,10:15,12.4,10.0,86.0,ESE,20.9,30.6,1017.03,0.0,0.0,1,390,,
2025-01-22,10:30,12.7,10.0,84.0,ESE,17.7,25.7,1017.2,0.0,0.0,1,429,,
2025-01-22,10:45,13.2,10.0,82.0,EAST,12.9,20.9,1017.37,0.0,0.0,1,448,,
2025-01-22,11:00,13.7,10.0,81.0,SE,11.3,29.0,1017.17,0.0,0.0,1,413,,
2025-01-22,11:15,13.7,10.0,80.0,SE,16.1,30.6,1017.1,0.0,0.0,2,506,,
2025-01-22,11:30,14.3,10.0,77.0,SE,11.3,24.1,1017.03,0.0,0.0,2,485,,
2025-01-22,11:45,14.8,8.9,69.0,SE,12.9,29.0,1016.7,0.0,0.0,2,418,,
2025-01-22,12:00,15.1,9.4,69.0,SE,14.5,20.9,1016.53,0.0,0.0,2,366,,
2025-01-22,12:15,15.2,9.4,68.0,ESE,17.7,20.9,1016.42,0.0,0.0,2,422,,
2025-01-22,12:30,15.4,9.4,69.0,SSE,16.1,22.5,1016.29,0.0,0.0,2,570,,
2025-01-22,12:45,15.7,10.0,69.0,ESE,17.7,22.5,1015.95,0.0,0.0,2,529,,
2025-01-22,13:00,15.7,9.4,68.0,SE,6.4,22.5,1015.92,0.0,0.0,2,278,,
2025-01-22,13:15,16.3,10.6,69.0,SSE,16.1,19.3,1015.71,0.0,0.0,2,513,,
2025-01-22,13:30,16.1,10.6,69.0,SE,12.9,22.5,1015.37,0.0,0.0,2,471,,
2025-01-22,13:45,16.3,10.6,69.0,SE,16.1,22.5,1015.24,0.0,0.0,2,522,,
2025-01-22,14:00,16.4,10.6,68.0,SE,14.5,19.3,1015.04,0.0,0.0,2,445,,
2025-01-22,14:15,16.4,10.6,70.0,SE,17.7,20.9,1015.17,0.0,0.0,2,459,,
2025-01-22,14:30,16.3,10.6,71.0,SSE,17.7,24.1,1014.66,0.0,0.0,1,415,,
2025-01-22,14:45,16.4,11.1,72.0,SSE,14.5,22.5,1014.66,0.0,0.0,1,381,,
2025-01-22,15:00,16.7,11.7,73.0,SSE,19.3,20.9,1014.63,0.0,0.0,1,388,,
2025-01-22,15:15,16.6,11.7,73.0,SSE,9.7,22.5,1014.83,0.0,0.0,1,325,,
2025-01-22,15:30,16.3,11.7,74.0,SE,16.1,22.5,1014.87,0.0,0.0,1,262,,
2025-01-22,15:45,16.3,11.7,76.0,SE,6.4,19.3,1014.93,0.0,0.0,1,255,,
2025-01-22,16:00,16.1,11.7,77.0,SSE,17.7,22.5,1015.17,0.0,0.0,0,137,,
2025-01-22,16:15,15.6,11.7,78.0,SE,14.5,22.5,1015.1,0.0,0.0,0,84,,
2025-01-22,16:30,15.2,11.1,79.0,SE,14.5,17.7,1014.83,0.0,0.0,0,67,,
2025-01-22,16:45,14.9,11.1,79.0,SE,11.3,20.9,1015.04,0.0,0.0,0,58,,
2025-01-22,17:00,14.8,11.7,81.0,SE,12.9,20.9,1015.1,0.0,0.0,0,37,,
2025-01-22,17:15,14.7,11.7,82.0,SE,12.9,19.3,1015.07,0.0,0.0,0,16,,
2025-01-22,17:30,14.5,11.1,82.0,SE,11.3,17.7,1015.14,0.0,0.0,0,0,,
2025-01-22,17:45,14.3,11.1,82.0,SE,14.5,17.7,1015.07,0.0,0.0,0,0,,
2025-01-22,18:00,14.1,11.1,83.0,SE,17.7,20.9,1014.93,0.0,0.0,0,0,,
2025-01-22,18:15,13.9,11.1,83.0,SE,16.1,19.3,1015.1,0.0,0.0,0,0,,
2025-01-22,18:30,13.9,11.1,83.0,SE,17.7,17.7,1015.17,0.0,0.0,0,0,,
2025-01-22,18:45,13.8,11.1,84.0,SE,17.7,20.9,1015.07,0.0,0.0,0,0,,
2025-01-22,19:00,13.8,11.1,84.0,SE,16.1,17.7,1015.31,0.0,0.0,0,0,,
2025-01-22,19:15,13.6,10.6,84.0,SE,16.1,19.3,1015.34,0.0,0.0,0,0,,
2025-01-22,19:30,13.6,10.6,83.0,SE,11.3,20.9,1015.31,0.0,0.0,0,0,,
2025-01-22,19:45,13.6,10.0,81.0,SE,11.3,17.7,1015.37,0.0,0.0,0,0,,
2025-01-22,20:00,13.8,10.0,79.0,ESE,12.9,16.1,1015.65,0.0,0.0,0,0,,
2025-01-22,20:15,13.9,10.0,78.0,SE,8.0,14.5,1015.61,0.0,0.0,0,0,,
2025-01-22,20:30,13.7,9.4,77.0,SE,6.4,14.5,1015.71,0.0,0.0,0,0,,
2025-01-22,20:45,13.4,9.4,78.0,SE,4.8,14.5,1015.88,0.0,0.0,0,0,,
2025-01-22,21:00,13.3,8.9,77.0,SE,8.0,12.9,1015.71,0.0,0.0,0,0,,
2025-01-22,21:15,12.9,8.9,76.0,SE,12.9,14.5,1015.48,0.0,0.0,0,0,,
2025-01-22,21:30,13.4,8.9,76.0,SE,9.7,19.3,1015.68,0.0,0.0,0,0,,
2025-01-22,21:45,13.1,8.9,77.0,SSE,14.5,19.3,1015.65,0.0,0.0,0,0,,
2025-01-22,22:00,12.9,8.9,78.0,SE,1.6,16.1,1015.68,0.0,0.0,0,0,,
2025-01-22,22:15,13.1,9.4,78.0,ESE,17.7,17.7,1015.75,0.0,0.0,0,0,,
2025-01-22,22:30,13.1,9.4,79.0,SE,17.7,22.5,1015.78,0.0,0.0,0,0,,
2025-01-22,22:45,12.9,8.9,79.0,SE,6.4,16.1,1015.75,0.0,0.0,0,0,,
2025-01-22,23:00,12.8,8.9,79.0,ESE,14.5,17.7,1015.68,0.0,0.0,0,0,,
2025-01-22,23:15,12.8,8.9,78.0,ESE,3.2,17.7,1015.95,0.0,0.0,0,0,,
2025-01-22,23:30,12.7,8.9,77.0,SE,11.3,16.1,1015.82,0.0,0.0,0,0,,
2025-01-22,23:45,13.2,8.9,74.0,ESE,14.5,17.7,1015.65,0.0,0.0,0,0,,
2025-01-23,00:00,13.1,8.3,74.0,ESE,14.5,19.3,1015.68,0.0,0.0,0,0,,
2025-01-23,00:15,12.9,8.3,74.0,ESE,6.4,14.5,1015.85,0.0,0.0,0,0,,
2025-01-23,00:30,13.1,7.8,72.0,ESE,6.4,14.5,1015.78,0.0,0.0,0,0,,
2025-01-23,00:45,12.9,7.8,72.0,ESE,4.8,11.3,1015.68,0.0,0.0,0,0,,
2025-01-23,01:00,12.7,7.8,72.0,NORTH,0.0,9.7,1015.85,0.0,0.0,0,0,,
2025-01-23,01:15,12.4,7.2,72.0,EAST,1.6,4.8,1015.75,0.0,0.0,0,0,,
2025-01-23,01:30,12.3,7.2,71.0,SE,6.4,9.7,1015.65,0.0,0.0,0,0,,
2025-01-23,01:45,13.4,7.2,67.0,SE,8.0,16.1,1015.48,0.0,0.0,0,0,,
2025-01-23,02:00,13.4,7.2,66.0,SE,3.2,4.8,1015.51,0.0,0.0,0,0,,
2025-01-23,02:15,13.1,7.2,67.0,NORTH,0.0,3.2,1015.58,0.0,0.0,0,0,,
2025-01-23,02:30,12.0,6.7,69.0,SE,4.8,6.4,1015.37,0.0,0.0,0,0,,
2025-01-23,02:45,12.1,6.7,70.0,EAST,1.6,11.3,1015.24,0.0,0.0,0,0,,
2025-01-23,03:00,11.8,6.1,70.0,ESE,6.4,6.4,1015.41,0.0,0.0,0,0,,
2025-01-23,03:15,11.7,6.1,70.0,ESE,3.2,4.8,1015.41,0.0,0.0,0,0,,
2025-01-23,03:30,11.9,6.1,69.0,ESE,9.7,9.7,1015.07,0.0,0.0,0,0,,
2025-01-23,03:45,12.7,6.7,66.0,ESE,6.4,12.9,1014.83,0.0,0.0,0,0,,
2025-01-23,04:00,13.3,6.1,64.0,SE,6.4,14.5,1015.1,0.0,0.0,0,0,,
2025-01-23,04:15,13.3,6.7,64.0,NORTH,0.0,4.8,1014.93,0.0,0.0,0,0,,
2025-01-23,04:30,12.4,6.1,65.0,SE,1.6,4.8,1014.93,0.0,0.0,0,0,,
2025-01-23,04:45,12.3,6.1,67.0,SE,12.9,16.1,1014.93,0.0,0.0,0,0,,
2025-01-23,05:00,13.9,6.7,62.0,SE,17.7,19.3,1014.7,0.0,0.0,0,0,,
2025-01-23,05:15,14.0,7.8,66.0,ESE,12.9,17.7,1014.83,0.0,0.0,0,0,,
2025-01-23,05:30,13.7,7.2,65.0,ESE,12.9,16.1,1014.66,0.0,0.0,0,0,,
2025-01-23,05:45,13.7,7.2,66.0,ESE,11.3,17.7,1014.9,0.0,0.0,0,0,,
2025-01-23,06:00,13.5,6.7,64.0,ESE,16.1,17.7,1014.7,0.0,0.0,0,0,,
2025-01-23,06:15,13.9,6.1,60.0,ESE,9.7,19.3,1014.8,0.0,0.0,0,0,,
2025-01-23,06:30,13.8,5.6,58.0,ESE,12.9,16.1,1014.7,0.0,0.0,0,0,,
2025-01-23,06:45,14.8,5.0,52.0,SE,14.5,17.7,1015.14,0.0,0.0,0,0,,
2025-01-23,07:00,15.3,4.4,50.0,SE,8.0,17.7,1015.31,0.0,0.0,0,0,,
2025-01-23,07:15,14.7,5.0,54.0,NORTH,0.0,4.8,1015.48,0.0,0.0,0,0,,
2025-01-23,07:30,14.3,5.0,54.0,SE,16.1,19.3,1015.41,0.0,0.0,0,0,,
2025-01-23,07:45,14.7,5.0,52.0,ESE,14.5,22.5,1015.34,0.0,0.0,0,0,,
2025-01-23,08:00,15.0,4.4,49.0,SE,8.0,12.9,1015.44,0.0,0.0,0,25,,
2025-01-23,08:15,14.4,5.0,55.0,WNW,1.6,8.0,1015.71,0.0,0.0,0,44,,
2025-01-23,08:30,13.1,5.0,59.0,NORTH,0.0,6.4,1015.65,0.0,0.0,0,63,,
2025-01-23,08:45,13.6,5.0,57.0,NE,3.2,3.2,1015.82,0.0,0.0,0,83,,
2025-01-23,09:00,13.3,5.6,59.0,NORTH,0.0,3.2,1015.75,0.0,0.0,0,93,,
2025-01-23,09:15,13.7,6.1,60.0,NE,1.6,6.4,1015.92,0.0,0.0,0,234,,
2025-01-23,09:30,14.9,6.1,56.0,ESE,3.2,9.7,1015.95,0.0,0.0,0,216,,
2025-01-23,09:45,15.3,6.7,58.0,NORTH,0.0,4.8,1016.05,0.0,0.0,0,142,,
2025-01-23,10:00,15.2,7.2,60.0,NORTH,0.0,3.2,1016.22,0.0,0.0,1,290,,
2025-01-23,10:15,15.1,7.2,60.0,NORTH,0.0,6.4,1016.29,0.0,0.0,1,211,,
2025-01-23,10:30,15.2,6.1,55.0,ESE,4.8,9.7,1016.39,0.0,0.0,1,137,,
2025-01-23,10:45,15.3,6.1,55.0,EAST,3.2,9.7,1016.32,0.0,0.0,1,156,,
2025-01-23,11:00,15.5,6.1,54.0,EAST,6.4,6.4,1016.36,0.0,0.0,1,459,,
2025-01-23,11:15,16.9,6.7,52.0,NORTH,0.0,4.8,1016.32,0.0,0.0,2,452,,
2025-01-23,11:30,17.8,5.6,44.0,NORTH,0.0,1.6,1016.46,0.0,0.0,2,673,,
2025-01-23,11:45,18.1,5.6,44.0,SSE,6.4,12.9,1016.39,0.0,0.0,2,548,,
2025-01-23,12:00,18.0,6.1,47.0,WEST,1.6,11.3,1016.29,0.0,0.0,2,628,,
2025-01-23,12:15,17.7,5.6,46.0,WEST,6.4,11.3,1015.85,0.0,0.0,2,715,,
2025-01-23,12:30,18.2,5.6,45.0,WEST,4.8,12.9,1015.58,0.0,0.0,2,369,,
2025-01-23,12:45,18.0,6.7,49.0,NORTH,0.0,12.9,1015.68,0.0,0.0,2,385,,
2025-01-23,13:00,17.7,7.8,53.0,SSE,6.4,9.7,1015.37,0.0,0.0,1,232,,
2025-01-23,13:15,17.6,7.2,52.0,NORTH,0.0,6.4,1015.21,0.0,0.0,1,197,,
2025-01-23,13:30,17.4,7.2,52.0,SSW,3.2,6.4,1015.17,0.0,0.0,1,181,,
2025-01-23,13:45,17.3,7.2,52.0,WEST,6.4,11.3,1014.87,0.0,0.0,1,169,,
2025-01-23,14:00,17.2,9.4,61.0,SSW,1.6,6.4,1014.6,0.0,0.0,2,638,,
2025-01-23,14:15,17.7,8.3,54.0,WNW,8.0,14.5,1014.6,0.0,0.0,2,508,,
2025-01-23,14:30,17.7,7.2,51.0,WSW,4.8,14.5,1014.73,0.0,0.0,1,250,,
2025-01-23,14:45,17.3,7.2,53.0,WNW,6.4,12.9,1014.6,0.0,0.0,1,213,,
2025-01-23,15:00,17.6,8.3,56.0,SW,3.2,6.4,1014.53,0.0,0.0,1,299,,
2025-01-23,15:15,17.3,8.3,56.0,SW,3.2,6.4,1014.56,0.0,0.0,1,209,,
2025-01-23,15:30,17.2,7.8,55.0,SW,3.2,6.4,1014.56,0.0,0.0,1,105,,
2025-01-23,15:45,16.9,8.3,57.0,SW,1.6,6.4,1014.56,0.0,0.0,1,285,,
2025-01-23,16:00,17.1,8.3,56.0,WEST,9.7,11.3,1014.49,0.0,0.0,0,72,,
2025-01-23,16:15,16.4,7.2,56.0,SW,3.2,14.5,1014.6,0.0,0.0,0,158,,
2025-01-23,16:30,16.4,7.8,58.0,WEST,11.3,16.1,1014.73,0.0,0.0,0,72,,
2025-01-23,16:45,15.7,8.3,62.0,SW,3.2,14.5,1014.63,0.0,0.0,0,74,,
2025-01-23,17:00,15.3,8.9,65.0,WNW,6.4,14.5,1015.07,0.0,0.0,0,42,,
2025-01-23,17:15,14.9,9.4,70.0,WEST,4.8,20.9,1015.1,0.0,0.0,0,18,,
2025-01-23,17:30,14.8,9.4,72.0,WEST,3.2,9.7,1015.27,0.0,0.0,0,0,,
2025-01-23,17:45,14.4,9.4,74.0,WNW,6.4,14.5,1015.61,0.0,0.0,0,0,,
2025-01-23,18:00,14.1,10.0,76.0,NW,9.7,17.7,1015.95,0.0,0.0,0,0,,
2025-01-23,18:15,13.8,10.0,79.0,WNW,6.4,19.3,1016.19,0.0,0.0,0,0,,
2025-01-23,18:30,13.5,10.0,81.0,WNW,3.2,11.3,1016.22,0.0,0.0,0,0,,
2025-01-23,18:45,13.4,10.0,82.0,WNW,6.4,8.0,1016.46,0.0,0.0,0,0,,
2025-01-23,19:00,13.3,10.6,83.0,WNW,3.2,6.4,1016.66,0.0,0.0,0,0,,
2025-01-23,19:15,13.0,10.0,83.0,NORTH,0.0,4.8,1016.56,0.0,0.0,0,0,,
2025-01-23,19:30,12.7,10.0,84.0,NORTH,0.0,1.6,1016.66,0.0,0.0,0,0,,
2025-01-23,19:45,12.4,9.4,84.0,NORTH,0.0,0.0,1016.7,0.0,0.0,0,0,,
2025-01-23,20:00,12.2,9.4,85.0,WEST,3.2,4.8,1016.63,0.0,0.0,0,0,,
2025-01-23,20:15,11.9,9.4,85.0,WEST,1.6,6.4,1016.39,0.0,0.0,0,0,,
2025-01-23,20:30,11.7,9.4,86.0,WSW,3.2,4.8,1016.7,0.0,0.0,0,0,,
2025-01-23,20:45,11.8,9.4,87.0,WSW,1.6,6.4,1016.59,0.0,0.0,0,0,,
2025-01-23,21:00,11.7,9.4,87.0,SW,3.2,4.8,1016.73,0.0,0.0,0,0,,
2025-01-23,21:15,11.8,9.4,87.0,SW,3.2,3.2,1016.66,0.0,0.0,0,0,,
2025-01-23,21:30,11.5,9.4,87.0,SW,1.6,4.8,1016.93,0.0,0.0,0,0,,
2025-01-23,21:45,11.3,9.4,88.0,SW,3.2,4.8,1017.24,0.0,0.0,0,0,,
2025-01-23,22:00,11.6,9.4,89.0,SW,3.2,4.8,1017.31,0.0,0.0,0,0,,
2025-01-23,22:15,12.0,10.0,89.0,WSW,4.8,8.0,1017.41,0.0,0.0,0,0,,
2025-01-23,22:30,12.2,10.6,89.0,WNW,6.4,11.3,1017.61,0.0,0.0,0,0,,
2025-01-23,22:45,12.2,10.6,90.0,WEST,4.8,14.5,1017.51,0.0,0.0,0,0,,
2025-01-23,23:00,12.3,10.6,90.0,WNW,6.4,16.1,1017.61,0.0,0.0,0,0,,
2025-01-23,23:15,12.6,11.1,91.0,WEST,12.9,19.3,1017.61,0.0,0.0,0,0,,
2025-01-23,23:30,12.7,11.1,91.0,WEST,6.4,17.7,1017.54,0.0,0.0,0,0,,
2025-01-23,23:45,12.9,11.1,92.0,WNW,25.7,22.5,1017.54,0.0,0.0,0,0,,
2025-01-24,00:00,13.0,11.7,92.0,WEST,14.5,32.2,1017.88,0.0,0.0,0,0,,
2025-01-24,00:15,12.7,11.1,92.0,WNW,11.3,32.2,1017.85,0.0,0.0,0,0,,
2025-01-24,00:30,12.7,11.1,92.0,WNW,8.0,22.5,1017.88,0.0,0.0,0,0,,
2025-01-24,00:45,12.6,11.1,92.0,NW,12.9,25.7,1018.22,0.0,0.0,0,0,,
2025-01-24,01:00,12.2,11.1,92.0,NNW,14.5,19.3,1018.29,0.0,0.0,0,0,,
2025-01-24,01:15,12.1,10.6,92.0,WNW,8.0,19.3,1018.19,0.0,0.0,0,0,,
2025-01-24,01:30,12.0,10.6,93.0,WNW,8.0,24.1,1018.25,0.0,0.0,0,0,,
2025-01-24,01:45,11.9,10.6,93.0,WNW,14.5,17.7,1018.19,0.0,0.0,0,0,,
2025-01-24,02:00,11.8,10.6,93.0,WNW,24.1,29.0,1018.39,0.0,0.0,0,0,,
2025-01-24,02:15,11.7,10.6,93.0,WEST,20.9,32.2,1018.66,0.0,0.0,0,0,,
2025-01-24,02:30,11.5,10.0,93.0,WNW,27.4,38.6,1018.9,0.0,0.0,0,0,,
2025-01-24,02:45,11.4,10.0,93.0,WNW,20.9,43.5,1018.8,0.0,0.0,0,0,,
2025-01-24,03:00,11.3,10.0,93.0,WEST,20.9,35.4,1019.13,0.0,0.0,0,0,,
2025-01-24,03:15,11.1,10.0,93.0,WNW,22.5,43.5,1018.83,0.0,0.0,0,0,,
2025-01-24,03:30,11.1,10.0,93.0,WEST,16.1,30.6,1018.73,0.0,0.0,0,0,,
2025-01-24,03:45,11.0,10.0,93.0,NW,12.9,27.4,1018.86,0.0,0.0,0,0,,
2025-01-24,04:00,10.8,9.4,93.0,WNW,11.3,24.1,1018.66,0.0,0.0,0,0,,
2025-01-24,04:15,10.6,9.4,93.0,WNW,14.5,22.5,1018.63,0.0,0.0,0,0,,
2025-01-24,04:30,10.4,9.4,93.0,WNW,11.3,19.3,1018.9,0.0,0.0,0,0,,
2025-01-24,04:45,10.6,9.4,93.0,WNW,14.5,25.7,1018.93,0.0,0.0,0,0,,
2025-01-24,05:00,10.7,9.4,93.0,WEST,12.9,25.7,1019.2,0.0,0.0,0,0,,
2025-01-24,05:15,10.7,9.4,93.0,NW,16.1,29.0,1019.27,0.0,0.0,0,0,,
2025-01-24,05:30,10.7,9.4,93.0,WNW,8.0,25.7,1019.68,0.0,0.0,0,0,,
2025-01-24,05:45,10.7,9.4,93.0,NW,14.5,24.1,1019.51,0.0,0.0,0,0,,
2025-01-24,06:00,10.8,9.4,93.0,WNW,16.1,24.1,1019.47,0.0,0.0,0,0,,
2025-01-24,06:15,10.9,9.4,93.0,WNW,27.4,25.7,1019.57,0.0,0.0,0,0,,
2025-01-24,06:30,11.0,10.0,93.0,WNW,16.1,22.5,1019.68,0.0,0.0,0,0,,
2025-01-24,06:45,10.8,9.4,93.0,WEST,11.3,16.1,1019.74,0.0,0.0,0,0,,
2025-01-24,07:00,10.9,9.4,93.0,WEST,4.8,16.1,1019.91,0.0,0.0,0,0,,
2025-01-24,07:15,10.9,10.0,94.0,WNW,6.4,16.1,1020.05,0.0,0.0,0,0,,
2025-01-24,07:30,10.8,9.4,93.0,WEST,4.8,11.3,1020.25,0.0,0.0,0,0,,
2025-01-24,07:45,10.8,9.4,94.0,WNW,3.2,9.7,1020.45,0.0,0.0,0,0,,
2025-01-24,08:00,10.8,9.4,94.0,WEST,6.4,14.5,1020.39,0.0,0.0,0,7,,
2025-01-24,08:15,10.8,9.4,94.0,WEST,9.7,11.3,1020.59,0.0,0.0,0,16,,
2025-01-24,08:30,10.8,9.4,94.0,WNW,6.4,16.1,1020.69,0.0,0.0,0,23,,
2025-01-24,08:45,10.7,9.4,94.0,WNW,11.3,14.5,1021.2,0.0,0.0,0,42,,
2025-01-24,09:00,10.7,9.4,94.0,WNW,8.0,12.9,1021.3,0.0,0.0,0,65,,
2025-01-24,09:15,10.9,10.0,94.0,WEST,6.4,14.5,1021.3,0.0,0.0,0,83,,
2025-01-24,09:30,11.2,10.0,94.0,WNW,12.9,22.5,1021.4,0.0,0.0,0,90,,
2025-01-24,09:45,11.2,10.0,94.0,WNW,3.2,17.7,1021.54,0.0,0.0,0,58,,
2025-01-24,10:00,11.3,10.6,94.0,WNW,11.3,17.7,1021.78,0.0,0.0,1,141,,
2025-01-24,10:15,11.4,10.6,95.0,WEST,12.9,17.7,1021.94,0.0,0.0,1,229,,
2025-01-24,10:30,11.6,10.6,94.0,WNW,9.7,20.9,1021.91,0.0,0.0,1,141,,
2025-01-24,10:45,11.8,10.6,95.0,WEST,6.4,22.5,1022.01,0.0,0.0,1,264,,
2025-01-24,11:00,12.0,11.1,94.0,WEST,14.5,20.9,1021.91,0.0,0.0,1,211,,
2025-01-24,11:15,12.2,11.1,94.0,WEST,6.4,19.3,1022.25,0.0,0.0,2,534,,
2025-01-24,11:30,12.7,11.1,93.0,WNW,11.3,19.3,1022.05,0.0,0.0,2,520,,
2025-01-24,11:45,12.9,11.1,90.0,WEST,9.7,22.5,1022.22,0.0,0.0,2,533,,
2025-01-24,12:00,13.3,11.1,87.0,WNW,12.9,29.0,1022.32,0.0,0.0,2,545,,
2025-01-24,12:15,13.7,11.1,84.0,WEST,20.9,25.7,1022.25,0.0,0.0,2,554,,
2025-01-24,12:30,13.8,10.6,83.0,WNW,11.3,24.1,1022.18,0.0,0.0,2,552,,
2025-01-24,12:45,13.9,10.6,81.0,WNW,14.5,30.6,1021.91,0.0,0.0,2,547,,
2025-01-24,13:00,14.3,10.6,80.0,WNW,12.9,29.0,1022.11,0.0,0.0,2,548,,
2025-01-24,13:15,14.4,10.6,79.0,WEST,12.9,25.7,1021.91,0.0,0.0,2,541,,
2025-01-24,13:30,14.3,10.6,79.0,NW,24.1,30.6,1021.74,0.0,0.0,2,534,,
2025-01-24,13:45,14.6,11.1,80.0,WEST,12.9,24.1,1021.54,0.0,0.0,2,517,,
2025-01-24,14:00,14.4,10.6,79.0,WNW,16.1,30.6,1021.44,0.0,0.0,2,499,,
2025-01-24,14:15,14.4,10.6,79.0,WNW,17.7,27.4,1021.2,0.0,0.0,2,476,,
2025-01-24,14:30,14.5,10.6,79.0,WNW,14.5,29.0,1021.27,0.0,0.0,2,445,,
2025-01-24,14:45,14.6,10.6,78.0,WNW,12.9,25.7,1021.27,0.0,0.0,1,411,,
2025-01-24,15:00,14.4,10.6,80.0,WEST,17.7,25.7,1021.37,0.0,0.0,1,378,,
2025-01-24,15:15,14.4,10.6,79.0,WNW,14.5,29.0,1021.37,0.0,0.0,1,348,,
2025-01-24,15:30,14.2,10.6,78.0,NE,14.5,24.1,1021.5,0.0,0.0,1,306,,
2025-01-24,15:45,14.2,10.0,78.0,WNW,12.9,25.7,1021.54,0.0,0.0,1,265,,
2025-01-24,16:00,14.0,10.0,78.0,WNW,14.5,20.9,1021.61,0.0,0.0,0,218,,
2025-01-24,16:15,14.0,10.0,78.0,WEST,11.3,20.9,1021.71,0.0,0.0,0,169,,
2025-01-24,16:30,13.8,10.0,80.0,WNW,4.8,19.3,1021.61,0.0,0.0,0,118,,
2025-01-24,16:45,13.6,10.0,80.0,WEST,11.3,17.7,1021.91,0.0,0.0,0,72,,
2025-01-24,17:00,13.3,10.0,82.0,WNW,22.5,22.5,1021.84,0.0,0.0,0,37,,
2025-01-24,17:15,12.9,10.0,83.0,WEST,12.9,25.7,1022.01,0.0,0.0,0,19,,
2025-01-24,17:30,12.7,10.0,84.0,WEST,1.6,17.7,1022.15,0.0,0.0,0,7,,
2025-01-24,17:45,12.6,9.4,84.0,WNW,9.7,17.7,1022.11,0.0,0.0,0,0,,
2025-01-24,18:00,12.2,9.4,84.0,WNW,12.9,19.3,1022.38,0.0,0.0,0,0,,
2025-01-24,18:15,11.9,9.4,85.0,NW,6.4,19.3,1022.52,0.0,0.0,0,0,,
2025-01-24,18:30,11.7,8.9,85.0,NNW,3.2,8.0,1022.49,0.0,0.0,0,0,,
2025-01-24,18:45,11.3,8.9,85.0,SE,1.6,4.8,1022.55,0.0,0.0,0,0,,
2025-01-24,19:00,10.8,8.3,84.0,SE,1.6,4.8,1022.89,0.0,0.0,0,0,,
2025-01-24,19:15,10.6,7.8,84.0,NE,1.6,6.4,1022.89,0.0,0.0,0,0,,
2025-01-24,19:30,10.6,7.8,83.0,NE,3.2,4.8,1022.86,0.0,0.0,0,0,,
2025-01-24,19:45,10.8,7.8,82.0,NE,1.6,4.8,1022.99,0.0,0.0,0,0,,
2025-01-24,20:00,10.8,7.2,81.0,NE,4.8,4.8,1023.16,0.0,0.0,0,0,,
2025-01-24,20:15,10.7,6.7,78.0,NE,3.2,3.2,1023.13,0.0,0.0,0,0,,
2025-01-24,20:30,10.7,6.7,76.0,NE,1.6,4.8,1023.13,0.0,0.0,0,0,,
2025-01-24,20:45,10.6,6.1,75.0,NE,1.6,4.8,1023.23,0.0,0.0,0,0,,
2025-01-24,21:00,10.3,6.1,75.0,NE,1.6,6.4,1023.3,0.0,0.0,0,0,,
2025-01-24,21:15,10.6,6.1,75.0,NORTH,0.0,3.2,1023.33,0.0,0.0,0,0,,
2025-01-24,21:30,10.6,6.1,75.0,NE,1.6,3.2,1023.23,0.0,0.0,0,0,,
2025-01-24,21:45,10.7,6.1,75.0,NE,3.2,4.8,1023.23,0.0,0.0,0,0,,
2025-01-24,22:00,10.4,6.1,75.0,NE,3.2,4.8,1023.16,0.0,0.0,0,0,,
2025-01-24,22:15,10.5,6.1,74.0,NE,1.6,4.8,1023.16,0.0,0.0,0,0,,
2025-01-24,22:30,10.7,5.6,71.0,NE,3.2,4.8,1023.03,0.0,0.0,0,0,,
2025-01-24,22:45,10.7,5.6,70.0,ENE,4.8,6.4,1023.03,0.0,0.0,0,0,,
2025-01-24,23:00,10.8,5.0,69.0,ENE,3.2,4.8,1022.96,0.0,0.0,0,0,,
2025-01-24,23:15,10.6,5.0,70.0,ENE,3.2,4.8,1023.06,0.0,0.0,0,0,,
2025-01-24,23:30,10.6,5.6,73.0,ENE,3.2,6.4,1023.03,0.0,0.0,0,0,,
2025-01-24,23:45,10.7,6.1,74.0,ENE,3.2,4.8,1023.06,0.0,0.0,0,0,,
2025-01-25,00:00,10.6,6.1,75.0,ENE,3.2,4.8,1023.06,0.0,0.0,0,0,,
2025-01-25,00:15,10.7,6.7,76.0,EAST,3.2,6.4,1022.89,0.0,0.0,0,0,,
2025-01-25,00:30,10.7,6.7,76.0,ESE,3.2,9.7,1022.79,0.0,0.0,0,0,,
2025-01-25,00:45,10.9,6.7,75.0,ESE,6.4,9.7,1022.82,0.0,0.0,0,0,,
2025-01-25,01:00,11.2,6.7,74.0,ESE,9.7,9.7,1022.76,0.0,0.0,0,0,,
2025-01-25,01:15,11.4,6.7,73.0,ESE,6.4,11.3,1022.55,0.0,0.0,0,0,,
2025-01-25,01:30,11.3,6.7,74.0,EAST,11.3,12.9,1022.59,0.0,0.0,0,0,,
2025-01-25,01:45,11.3,6.7,74.0,EAST,6.4,9.7,1022.49,0.0,0.0,0,0,,
2025-01-25,02:00,11.3,6.7,74.0,EAST,6.4,6.4,1022.28,0.0,0.0,0,0,,
2025-01-25,02:15,11.3,6.7,74.0,EAST,1.6,4.8,1022.59,0.0,0.0,0,0,,
2025-01-25,02:30,11.0,6.7,74.0,EAST,1.6,4.8,1022.32,0.0,0.0,0,0,,
2025-01-25,02:45,10.9,6.1,73.0,SE,14.5,16.1,1022.49,0.0,0.0,0,0,,
2025-01-25,03:00,11.7,6.7,71.0,ESE,6.4,14.5,1022.15,0.0,0.0,0,0,,
2025-01-25,03:15,11.8,6.1,70.0,ESE,1.6,4.8,1022.32,0.0,0.0,0,0,,
2025-01-25,03:30,11.6,6.1,71.0,NORTH,0.0,0.0,1021.84,0.0,0.0,0,0,,
2025-01-25,03:45,11.7,6.7,72.0,EAST,11.3,12.9,1021.74,0.0,0.0,0,0,,
2025-01-25,04:00,11.7,6.7,72.0,ESE,4.8,12.9,1021.91,0.0,0.0,0,0,,
2025-01-25,04:15,11.8,6.7,72.0,ESE,6.4,12.9,1021.91,0.0,0.0,0,0,,
2025-01-25,04:30,12.7,7.2,71.0,SE,12.9,17.7,1021.91,0.0,0.0,0,0,,
2025-01-25,04:45,13.1,7.2,68.0,SE,16.1,19.3,1022.25,0.0,0.0,0,0,,
2025-01-25,05:00,12.7,6.7,68.0,ESE,17.7,22.5,1022.01,0.0,0.0,0,0,,
2025-01-25,05:15,12.4,6.7,68.0,SE,20.9,25.7,1022.25,0.0,0.0,0,0,,
2025-01-25,05:30,12.1,6.7,69.0,SE,19.3,25.7,1022.08,0.0,0.0,0,0,,
2025-01-25,05:45,12.7,7.2,71.0,SE,22.5,25.7,1021.94,0.0,0.0,0,0,,
2025-01-25,06:00,12.7,7.2,71.0,ESE,14.5,22.5,1022.05,0.0,0.0,0,0,,
2025-01-25,06:15,11.8,6.7,72.0,ESE,17.7,19.3,1021.91,0.0,0.0,0,0,,
2025-01-25,06:30,11.7,6.7,74.0,ESE,17.7,20.9,1021.91,0.0,0.0,0,0,,
2025-01-25,06:45,11.7,7.2,74.0,ESE,16.1,22.5,1021.84,0.0,0.0,0,0,,
2025-01-25,07:00,11.7,7.2,75.0,ESE,16.1,17.7,1022.11,0.0,0.0,0,0,,
2025-01-25,07:15,11.5,7.2,75.0,ESE,14.5,22.5,1022.08,0.0,0.0,0,0,,
2025-01-25,07:30,11.4,7.2,75.0,ESE,16.1,19.3,1022.11,0.0,0.0,0,0,,
2025-01-25,07:45,11.8,7.2,76.0,SE,20.9,22.5,1022.08,0.0,0.0,0,0,,
2025-01-25,08:00,11.9,7.2,74.0,ESE,12.9,24.1,1022.05,0.0,0.0,0,16,,
2025-01-25,08:15,11.8,7.2,74.0,ESE,17.7,20.9,1021.84,0.0,0.0,0,30,,
2025-01-25,08:30,11.9,7.2,73.0,ESE,12.9,22.5,1021.81,0.0,0.0,0,49,,
2025-01-25,08:45,12.4,7.2,71.0,ESE,12.9,20.9,1021.81,0.0,0.0,0,67,,
2025-01-25,09:00,12.8,7.2,70.0,SE,19.3,25.7,1021.71,0.0,0.0,0,109,,
2025-01-25,09:15,12.9,7.2,68.0,SE,22.5,30.6,1021.88,0.0,0.0,0,137,,
2025-01-25,09:30,12.9,7.2,69.0,ESE,24.1,25.7,1021.98,0.0,0.0,0,137,,
2025-01-25,09:45,13.1,7.2,69.0,SE,19.3,29.0,1021.88,0.0,0.0,1,225,,
2025-01-25,10:00,13.3,7.2,68.0,SE,19.3,32.2,1022.01,0.0,0.0,1,329,,
2025-01-25,10:15,13.7,7.8,68.0,SE,19.3,30.6,1022.01,0.0,0.0,1,360,,
2025-01-25,10:30,13.8,7.8,68.0,SE,14.5,29.0,1022.05,0.0,0.0,1,332,,
2025-01-25,10:45,13.9,7.8,68.0,EAST,16.1,30.6,1021.98,0.0,0.0,2,478,,
2025-01-25,11:00,14.1,8.3,69.0,ESE,12.9,29.0,1022.35,0.0,0.0,1,338,,
2025-01-25,11:15,14.3,8.9,70.0,SE,17.7,29.0,1022.15,0.0,0.0,1,237,,
2025-01-25,11:30,14.2,8.9,71.0,SE,16.1,32.2,1022.11,0.0,0.0,2,410,,
2025-01-25,11:45,14.7,9.4,71.0,ESE,16.1,29.0,1021.91,0.0,0.0,2,487,,
2025-01-25,12:00,14.7,9.4,72.0,ESE,22.5,32.2,1021.78,0.0,0.0,1,239,,
2025-01-25,12:15,14.7,9.4,72.0,SE,16.1,32.2,1021.61,0.0,0.0,1,227,,
2025-01-25,12:30,15.1,10.0,72.0,ESE,29.0,29.0,1021.3,0.0,0.0,1,292,,
2025-01-25,12:45,14.9,10.0,74.0,SE,22.5,29.0,1021.06,0.0,0.0,2,431,,
2025-01-25,13:00,14.9,10.0,74.0,SE,12.9,32.2,1021.03,0.0,0.0,2,450,,
2025-01-25,13:15,14.9,10.0,74.0,SE,20.9,30.6,1020.79,0.0,0.0,1,265,,
2025-01-25,13:30,14.7,10.0,74.0,ESE,25.7,32.2,1020.56,0.0,0.0,1,214,,
2025-01-25,13:45,14.7,10.0,75.0,ESE,19.3,30.6,1020.39,0.0,0.0,1,213,,
2025-01-25,14:00,14.8,10.0,73.0,SE,22.5,32.2,1020.15,0.0,0.0,1,264,,
2025-01-25,14:15,14.9,9.4,71.0,SE,20.9,32.2,1019.78,0.0,0.0,1,193,,
2025-01-25,14:30,14.9,9.4,70.0,SE,16.1,24.1,1019.64,0.0,0.0,1,155,,
2025-01-25,14:45,14.7,8.3,67.0,SE,20.9,33.8,1019.68,0.0,0.0,1,139,,
2025-01-25,15:00,14.8,8.3,67.0,ESE,20.9,30.6,1019.64,0.0,0.0,0,135,,
2025-01-25,15:15,14.7,8.3,67.0,SE,19.3,32.2,1019.4,0.0,0.0,0,121,,
2025-01-25,15:30,14.6,8.3,66.0,SE,25.7,30.6,1019.44,0.0,0.0,0,109,,
2025-01-25,15:45,14.5,8.3,66.0,ESE,14.5,29.0,1019.4,0.0,0.0,0,83,,
2025-01-25,16:00,14.3,8.3,67.0,SE,16.1,27.4,1019.24,0.0,0.0,0,69,,
2025-01-25,16:15,14.2,7.2,65.0,ESE,11.3,24.1,1019.37,0.0,0.0,0,54,,
2025-01-25,16:30,14.2,7.2,63.0,ESE,12.9,20.9,1019.2,0.0,0.0,0,39,,
2025-01-25,16:45,14.2,6.7,61.0,SE,17.7,20.9,1019.27,0.0,0.0,0,35,,
2025-01-25,17:00,14.2,6.1,60.0,ESE,16.1,27.4,1019.17,0.0,0.0,0,19,,
2025-01-25,17:15,14.2,6.1,58.0,SE,11.3,22.5,1019.24,0.0,0.0,0,9,,
2025-01-25,17:30,14.3,5.6,57.0,SE,22.5,29.0,1019.17,0.0,0.0,0,0,,
2025-01-25,17:45,14.3,6.1,58.0,SE,12.9,25.7,1019.27,0.0,0.0,0,0,,
2025-01-25,18:00,13.8,7.2,65.0,SE,17.7,24.1,1019.3,0.0,0.0,0,0,,
2025-01-25,18:15,13.4,7.8,69.0,ESE,12.9,22.5,1019.54,0.0,0.0,0,0,,
2025-01-25,18:30,13.2,7.8,70.0,ESE,19.3,24.1,1019.37,0.0,0.0,0,0,,
2025-01-25,18:45,13.3,7.8,70.0,SE,17.7,24.1,1019.57,0.0,0.0,0,0,,
2025-01-25,19:00,13.2,7.8,69.0,SE,19.3,25.7,1019.54,0.0,0.0,0,0,,
2025-01-25,19:15,13.3,7.2,68.0,SE,11.3,20.9,1019.81,0.0,0.0,0,0,,
2025-01-25,19:30,13.4,7.2,68.0,ESE,11.3,20.9,1019.84,0.0,0.0,0,0,,
2025-01-25,19:45,13.4,7.8,70.0,SE,12.9,24.1,1020.01,0.0,0.0,0,0,,
2025-01-25,20:00,13.3,8.3,74.0,SE,19.3,24.1,1019.71,0.0,0.0,0,0,,
2025-01-25,20:15,13.2,8.9,77.0,SE,16.1,25.7,1019.61,0.0,0.0,0,0,,
2025-01-25,20:30,13.0,9.4,79.0,SE,14.5,24.1,1019.81,0.0,0.0,0,0,,
2025-01-25,20:45,12.9,9.4,79.0,SE,19.3,25.7,1019.91,0.0,0.0,0,0,,
2025-01-25,21:00,13.0,9.4,80.0,SE,20.9,27.4,1019.71,0.0,0.0,0,0,,
2025-01-25,21:15,12.9,10.0,82.0,SE,20.9,30.6,1019.64,0.0,0.0,0,0,,
2025-01-25,21:30,12.8,10.0,83.0,SE,22.5,27.4,1019.78,0.0,0.0,0,0,,
2025-01-25,21:45,12.8,10.0,85.0,SE,22.5,32.2,1019.74,0.0,0.0,0,0,,
2025-01-25,22:00,12.8,10.6,87.0,ESE,20.9,32.2,1019.78,0.0,0.0,0,0,,
2025-01-25,22:15,12.8,10.6,88.0,SE,20.9,35.4,1019.61,0.0,0.0,0,0,,
2025-01-25,22:30,12.8,11.1,89.0,ESE,27.4,32.2,1019.81,0.0,0.0,0,0,,
2025-01-25,22:45,12.7,11.1,90.0,SSE,17.7,29.0,1019.81,0.0,0.0,0,0,,
2025-01-25,23:00,12.6,11.1,90.0,SE,25.7,32.2,1019.81,0.0,0.0,0,0,,
2025-01-25,23:15,12.7,11.1,91.0,ESE,24.1,29.0,1019.57,0.0,0.0,0,0,,
2025-01-25,23:30,12.6,11.1,91.0,SE,17.7,29.0,1020.01,0.0,0.0,0,0,,
2025-01-25,23:45,12.6,11.1,92.0,SE,20.9,29.0,1019.78,0.0,0.0,0,0,,
2025-01-26,00:00,12.4,11.1,92.0,SE,22.5,29.0,1019.54,0.0,0.0,0,0,,
2025-01-26,00:15,12.2,10.6,92.0,SE,17.7,24.1,1019.78,0.0,0.0,0,0,,
2025-01-26,00:30,11.8,10.6,92.0,SE,1.6,19.3,1019.64,0.0,0.0,0,0,,
2025-01-26,00:45,11.6,10.0,92.0,SE,6.4,14.5,1020.01,0.0,0.0,0,0,,
2025-01-26,01:00,11.7,10.6,92.0,SE,19.3,22.5,1019.57,0.0,0.0,0,0,,
2025-01-26,01:15,11.7,10.6,93.0,SE,11.3,25.7,1019.4,0.0,0.0,0,0,,
2025-01-26,01:30,11.4,10.0,93.0,ESE,3.2,19.3,1019.71,0.0,0.0,0,0,,
2025-01-26,01:45,11.1,9.4,93.0,NORTH,0.0,12.9,1019.54,0.0,0.0,0,0,,
2025-01-26,02:00,10.9,9.4,93.0,SE,4.8,11.3,1019.64,0.0,0.0,0,0,,
2025-01-26,02:15,11.2,10.0,93.0,NORTH,0.0,12.9,1019.68,0.0,0.0,0,0,,
2025-01-26,02:30,10.9,9.4,93.0,NORTH,0.0,0.0,1019.64,0.0,0.0,0,0,,
2025-01-26,02:45,10.6,9.4,93.0,ESE,3.2,4.8,1019.57,0.0,0.0,0,0,,
2025-01-26,03:00,10.3,8.9,92.0,NORTH,0.0,4.8,1019.64,0.0,0.0,0,0,,
2025-01-26,03:15,9.7,8.3,92.0,NORTH,0.0,3.2,1019.44,0.0,0.0,0,0,,
2025-01-26,03:30,9.4,7.8,92.0,ESE,4.8,4.8,1019.4,0.0,0.0,0,0,,
2025-01-26,03:45,9.3,7.8,92.0,ESE,3.2,4.8,1019.13,0.0,0.0,0,0,,
2025-01-26,04:00,9.8,8.3,93.0,NORTH,0.0,4.8,1019.37,0.0,0.0,0,0,,
2025-01-26,04:15,9.9,8.3,92.0,SE,3.2,4.8,1019.1,0.0,0.0,0,0,,
2025-01-26,04:30,10.4,8.9,92.0,SE,3.2,9.7,1018.8,0.0,0.0,0,0,,
2025-01-26,04:45,10.4,8.9,91.0,SSE,3.2,6.4,1018.66,0.0,0.0,0,0,,
2025-01-26,05:00,10.3,8.9,91.0,NORTH,0.0,9.7,1018.46,0.0,0.0,0,0,,
2025-01-26,05:15,10.3,8.9,91.0,SSE,1.6,3.2,1018.66,0.0,0.0,0,0,,
2025-01-26,05:30,10.3,8.9,90.0,SSE,3.2,4.8,1018.22,0.0,0.0,0,0,,
2025-01-26,05:45,10.8,8.9,91.0,WEST,1.6,8.0,1018.86,0.0,0.0,0,0,,
2025-01-26,06:00,10.9,9.4,91.0,WEST,3.2,6.4,1019.34,0.0,0.0,0,0,,
2025-01-26,06:15,11.3,9.4,91.0,NORTH,0.0,6.4,1019.1,0.0,0.0,0,0,,
2025-01-26,06:30,11.4,9.4,90.0,NORTH,0.0,1.6,1019.17,0.0,0.0,0,0,,
2025-01-26,06:45,11.4,9.4,90.0,NORTH,0.0,3.2,1019.34,0.0,0.0,0,0,,
2025-01-26,07:00,11.4,10.0,90.0,WEST,4.8,4.8,1019.51,0.0,0.0,0,0,,
2025-01-26,07:15,11.4,9.4,90.0,NORTH,0.0,4.8,1019.78,0.0,0.0,0,0,,
2025-01-26,07:30,11.6,10.0,90.0,WEST,4.8,9.7,1019.88,0.0,0.0,0,0,,
2025-01-26,07:45,12.1,10.6,91.0,WSW,4.8,14.5,1020.52,0.0,0.0,0,0,,
2025-01-26,08:00,12.3,10.6,91.0,WEST,4.8,19.3,1020.45,0.0,0.0,0,0,,
2025-01-26,08:15,12.4,10.6,91.0,WNW,12.9,20.9,1020.62,0.0,0.0,0,7,,
2025-01-26,08:30,12.7,11.1,92.0,WNW,11.3,22.5,1020.86,0.0,0.0,0,26,,
2025-01-26,08:45,12.7,11.1,92.0,WNW,22.5,25.7,1021.03,0.0,0.0,0,25,,
2025-01-26,09:00,12.7,11.1,92.0,WEST,16.1,27.4,1021.13,0.0,0.0,0,37,,
2025-01-26,09:15,12.8,11.7,93.0,WNW,12.9,25.7,1021.27,0.0,0.0,0,46,,
2025-01-26,09:30,12.9,11.7,93.0,WNW,12.9,24.1,1021.4,0.0,0.0,0,81,,
2025-01-26,09:45,12.9,11.7,93.0,WNW,11.3,20.9,1021.37,0.0,0.0,0,104,,
2025-01-26,10:00,12.9,11.7,93.0,WNW,19.3,24.1,1021.67,0.0,0.0,0,105,,
2025-01-26,10:15,12.9,11.7,93.0,NW,14.5,25.7,1021.74,0.0,0.0,0,176,,
2025-01-26,10:30,13.2,12.2,93.0,WNW,16.1,25.7,1021.88,0.0,0.0,1,541,,
2025-01-26,10:45,13.4,12.2,92.0,WEST,11.3,25.7,1021.98,0.0,0.0,1,587,,
2025-01-26,11:00,13.9,12.2,91.0,WNW,11.3,22.5,1021.94,0.0,0.0,2,635,,
2025-01-26,11:15,14.3,12.2,87.0,WEST,12.9,25.7,1021.98,0.0,0.0,2,547,,
2025-01-26,11:30,14.5,11.7,84.0,WEST,17.7,37.0,1022.05,0.0,0.0,2,626,,
2025-01-26,11:45,14.2,11.1,81.0,WEST,12.9,29.0,1021.94,0.0,0.0,1,91,,
2025-01-26,12:00,14.6,11.1,79.0,WEST,20.9,25.7,1021.78,0.0,0.0,2,578,,
2025-01-26,12:15,14.8,11.1,79.0,WEST,20.9,24.1,1021.78,0.0,0.0,2,587,,
2025-01-26,12:30,14.8,11.1,79.0,NE,9.7,27.4,1021.57,0.0,0.0,2,596,,
2025-01-26,12:45,14.8,11.1,79.0,ENE,12.9,27.4,1021.74,0.0,0.0,2,577,,
2025-01-26,13:00,14.7,11.1,80.0,WNW,12.9,29.0,1021.47,0.0,0.0,2,596,,
2025-01-26,13:15,15.3,11.7,79.0,WNW,17.7,29.0,1021.2,0.0,0.0,2,694,,
2025-01-26,13:30,15.1,11.1,78.0,WEST,20.9,30.6,1021.33,0.0,0.0,2,211,,
2025-01-26,13:45,14.9,11.1,79.0,WNW,16.1,29.0,1021.33,0.0,0.0,2,548,,
2025-01-26,14:00,15.3,11.1,78.0,WNW,17.7,25.7,1021.1,0.0,0.0,2,517,,
2025-01-26,14:15,15.2,10.6,75.0,NE,9.7,25.7,1021.1,0.0,0.0,2,475,,
2025-01-26,14:30,15.2,10.0,73.0,WNW,14.5,24.1,1021.2,0.0,0.0,1,448,,
2025-01-26,14:45,15.2,10.0,72.0,WEST,11.3,24.1,1021.1,0.0,0.0,1,411,,
2025-01-26,15:00,15.3,10.0,72.0,WNW,16.1,25.7,1021.54,0.0,0.0,1,385,,
2025-01-26,15:15,15.3,10.0,72.0,WEST,17.7,24.1,1021.61,0.0,0.0,1,352,,
2025-01-26,15:30,15.3,10.0,72.0,WEST,16.1,24.1,1021.47,0.0,0.0,1,234,,
2025-01-26,15:45,15.1,10.0,72.0,WEST,11.3,19.3,1021.64,0.0,0.0,1,186,,
2025-01-26,16:00,15.1,10.0,72.0,WNW,4.8,19.3,1021.57,0.0,0.0,0,227,,
2025-01-26,16:15,15.0,10.0,73.0,WEST,9.7,20.9,1021.54,0.0,0.0,0,179,,
2025-01-26,16:30,14.8,10.0,73.0,WEST,14.5,20.9,1021.78,0.0,0.0,0,127,,
2025-01-26,16:45,14.5,10.0,74.0,WNW,8.0,14.5,1021.78,0.0,0.0,0,81,,
2025-01-26,17:00,14.2,9.4,75.0,WNW,9.7,17.7,1021.98,0.0,0.0,0,42,,
2025-01-26,17:15,13.9,9.4,75.0,WNW,8.0,12.9,1022.25,0.0,0.0,0,19,,
2025-01-26,17:30,13.7,9.4,76.0,WNW,1.6,11.3,1022.66,0.0,0.0,0,9,,
2025-01-26,17:45,13.6,9.4,76.0,WNW,1.6,8.0,1022.82,0.0,0.0,0,0,,
2025-01-26,18:00,13.1,8.9,76.0,WNW,3.2,3.2,1022.82,0.0,0.0,0,0,,
2025-01-26,18:15,12.3,8.3,77.0,WNW,1.6,4.8,1022.72,0.0,0.0,0,0,,
2025-01-26,18:30,11.6,7.8,78.0,SSE,4.8,8.0,1022.69,0.0,0.0,0,0,,
2025-01-26,18:45,11.1,7.8,80.0,SSE,1.6,8.0,1022.82,0.0,0.0,0,0,,
2025-01-26,19:00,11.0,7.8,81.0,SSE,6.4,9.7,1022.49,0.0,0.0,0,0,,
2025-01-26,19:15,10.5,7.2,81.0,SSE,8.0,8.0,1022.62,0.0,0.0,0,0,,
2025-01-26,19:30,10.3,7.2,81.0,SSE,4.8,8.0,1022.55,0.0,0.0,0,0,,
2025-01-26,19:45,10.6,7.2,81.0,SSE,3.2,9.7,1022.69,0.0,0.0,0,0,,
2025-01-26,20:00,11.0,7.2,80.0,SSE,4.8,8.0,1022.66,0.0,0.0,0,0,,
2025-01-26,20:15,10.6,7.2,80.0,SSE,6.4,9.7,1022.49,0.0,0.0,0,0,,
2025-01-26,20:30,10.6,7.2,80.0,SSE,3.2,8.0,1022.69,0.0,0.0,0,0,,
2025-01-26,20:45,10.1,6.7,80.0,SE,6.4,9.7,1022.45,0.0,0.0,0,0,,
2025-01-26,21:00,10.1,6.7,80.0,ESE,3.2,6.4,1022.55,0.0,0.0,0,0,,
2025-01-26,21:15,10.0,6.7,80.0,ESE,1.6,4.8,1022.82,0.0,0.0,0,0,,
2025-01-26,21:30,9.9,6.1,80.0,ESE,3.2,6.4,1022.76,0.0,0.0,0,0,,
2025-01-26,21:45,10.1,6.1,79.0,ESE,4.8,6.4,1022.79,0.0,0.0,0,0,,
2025-01-26,22:00,10.3,6.7,79.0,ESE,4.8,9.7,1022.89,0.0,0.0,0,0,,
2025-01-26,22:15,10.1,6.7,79.0,ESE,3.2,9.7,1022.79,0.0,0.0,0,0,,
2025-01-26,22:30,9.8,6.1,78.0,ESE,4.8,4.8,1022.69,0.0,0.0,0,0,,
2025-01-26,22:45,10.3,6.7,80.0,ESE,9.7,11.3,1022.82,0.0,0.0,0,0,,
2025-01-26,23:00,10.3,7.2,82.0,ESE,9.7,11.3,1022.69,0.0,0.0,0,0,,
2025-01-26,23:15,10.2,7.2,82.0,ESE,3.2,12.9,1022.89,0.0,0.0,0,0,,
2025-01-26,23:30,10.0,7.2,83.0,ESE,4.8,6.4,1022.96,0.0,0.0,0,0,,
2025-01-26,23:45,10.0,7.2,83.0,EAST,6.4,11.3,1022.96,0.0,0.0,0,0,,
2025-01-27,00:00,10.3,7.8,84.0,ESE,9.7,14.5,1022.76,0.0,0.0,0,0,,
2025-01-27,00:15,10.4,7.8,85.0,ESE,4.8,12.9,1022.49,0.0,0.0,0,0,,
2025-01-27,00:30,10.1,7.2,84.0,EAST,4.8,9.7,1022.32,0.0,0.0,0,0,,
2025-01-27,00:45,10.1,7.8,85.0,ESE,4.8,11.3,1022.35,0.0,0.0,0,0,,
2025-01-27,01:00,9.8,7.2,85.0,ESE,3.2,6.4,1022.59,0.0,0.0,0,0,,
2025-01-27,01:15,9.5,6.7,85.0,ESE,6.4,9.7,1022.32,0.0,0.0,0,0,,
2025-01-27,01:30,9.8,7.2,84.0,EAST,3.2,9.7,1022.55,0.0,0.0,0,0,,
2025-01-27,01:45,9.9,6.7,83.0,ESE,3.2,9.7,1022.49,0.0,0.0,0,0,,
2025-01-27,02:00,10.2,7.2,82.0,NORTH,0.0,6.4,1022.25,0.0,0.0,0,0,,
2025-01-27,02:15,10.9,7.8,81.0,SE,4.8,9.7,1022.05,0.0,0.0,0,0,,
2025-01-27,02:30,11.3,7.8,80.0,ESE,6.4,11.3,1021.88,0.0,0.0,0,0,,
2025-01-27,02:45,11.1,7.8,81.0,EAST,11.3,16.1,1021.71,0.0,0.0,0,0,,
2025-01-27,03:00,10.8,7.8,81.0,EAST,9.7,11.3,1021.57,0.0,0.0,0,0,,
2025-01-27,03:15,10.9,7.8,81.0,ESE,6.4,12.9,1021.4,0.0,0.0,0,0,,
2025-01-27,03:30,10.9,7.8,81.0,ESE,12.9,14.5,1021.3,0.0,0.0,0,0,,
2025-01-27,03:45,11.1,7.8,82.0,EAST,11.3,16.1,1020.89,0.0,0.0,0,0,,
2025-01-27,04:00,11.2,8.3,82.0,ESE,11.3,19.3,1020.89,0.0,0.0,0,0,,
2025-01-27,04:15,10.9,7.8,83.0,ESE,16.1,19.3,1020.45,0.0,0.0,0,0,,
2025-01-27,04:30,10.8,7.8,83.0,SE,8.0,16.1,1020.45,0.0,0.0,0,0,,
2025-01-27,04:45,10.8,7.8,83.0,ESE,12.9,16.1,1020.12,0.0,0.0,0,0,,
2025-01-27,05:00,11.2,8.3,83.0,ESE,6.4,12.9,1019.98,0.0,0.0,0,0,,
2025-01-27,05:15,11.5,8.3,82.0,SE,12.9,20.9,1019.57,0.0,0.0,0,0,,
2025-01-27,05:30,12.4,8.9,80.0,SE,16.1,20.9,1019.44,0.0,0.0,0,0,,
2025-01-27,05:45,12.5,8.9,79.0,ESE,12.9,20.9,1019.3,0.0,0.0,0,0,,
2025-01-27,06:00,12.2,8.9,80.0,SE,14.5,19.3,1019.34,0.0,0.0,0,0,,
2025-01-27,06:15,12.1,8.9,81.0,SE,17.7,32.2,1019.34,0.0,0.0,0,0,,
2025-01-27,06:30,12.1,8.3,80.0,ESE,16.1,25.7,1018.86,0.0,0.0,0,0,,
2025-01-27,06:45,11.9,8.3,79.0,SE,14.5,30.6,1018.66,0.0,0.0,0,0,,
2025-01-27,07:00,11.9,8.3,79.0,EAST,19.3,30.6,1018.46,0.0,0.0,0,0,,
2025-01-27,07:15,11.8,8.3,80.0,ESE,20.9,33.8,1018.66,0.0,0.0,0,0,,
2025-01-27,07:30,11.9,8.3,80.0,ESE,16.1,27.4,1019,0.0,0.0,0,0,,
2025-01-27,07:45,12.1,8.9,81.0,ESE,19.3,29.0,1018.86,0.0,0.0,0,12,,
2025-01-27,08:00,12.3,8.9,82.0,SE,27.4,30.6,1018.46,0.0,0.0,0,28,,
2025-01-27,08:15,12.3,9.4,82.0,SE,22.5,30.6,1018.46,0.0,0.0,0,35,,
2025-01-27,08:30,12.4,9.4,84.0,SE,24.1,29.0,1018.83,0.0,0.0,0,49,,
2025-01-27,08:45,12.5,10.0,85.0,SE,14.5,32.2,1018.93,0.0,0.0,0,51,,
2025-01-27,09:00,12.4,10.0,86.0,EAST,22.5,29.0,1018.9,0.0,0.0,0,60,,
2025-01-27,09:15,12.4,10.0,88.0,ESE,17.7,27.4,1018.86,0.0,0.0,0,62,,
2025-01-27,09:30,12.4,10.6,88.0,SE,22.5,32.2,1018.9,0.0,0.0,0,104,,
2025-01-27,09:45,12.6,10.6,87.0,SE,17.7,25.7,1019.2,0.0,0.0,0,105,,
2025-01-27,10:00,12.7,10.6,87.0,SE,19.3,29.0,1019,0.0,0.0,0,63,,
2025-01-27,10:15,13.1,10.6,87.0,SE,16.1,29.0,1019.13,0.0,0.0,1,339,,
2025-01-27,10:30,13.7,11.1,85.0,ESE,14.5,27.4,1019.2,0.0,0.0,1,360,,
2025-01-27,10:45,14.6,11.1,82.0,SE,20.9,25.7,1019.2,0.0,0.0,2,506,,
2025-01-27,11:00,15.0,11.1,79.0,SE,20.9,27.4,1019.37,0.0,0.0,2,197,,
2025-01-27,11:15,15.9,11.1,75.0,ESE,16.1,25.7,1019.1,0.0,0.0,2,422,,
2025-01-27,11:30,15.7,11.7,77.0,SSE,22.5,24.1,1019.13,0.0,0.0,2,520,,
2025-01-27,11:45,16.4,12.2,77.0,SSE,3.2,24.1,1019.07,0.0,0.0,2,320,,
2025-01-27,12:00,16.0,11.7,75.0,SW,6.4,20.9,1018.73,0.0,0.0,1,237,,
2025-01-27,12:15,16.6,11.7,74.0,SSE,12.9,25.7,1018.66,0.0,0.0,1,236,,
2025-01-27,12:30,16.7,11.7,74.0,SSE,11.3,17.7,1018.49,0.0,0.0,1,206,,
2025-01-27,12:45,16.6,11.7,74.0,SSE,4.8,19.3,1018.19,0.0,0.0,1,200,,
2025-01-27,13:00,17.0,12.2,74.0,WEST,6.4,19.3,1018.08,0.0,0.0,1,181,,
2025-01-27,13:15,18.6,12.8,69.0,WEST,9.7,24.1,1017.75,0.0,0.0,2,712,,
2025-01-27,13:30,19.3,11.7,63.0,WEST,3.2,53.1,1017.78,0.0,0.0,2,573,,
2025-01-27,13:45,19.3,10.0,55.0,NNE,17.7,41.8,1017.37,0.0,0.0,1,151,,
2025-01-27,14:00,19.8,10.0,53.0,SSE,12.9,27.4,1017,0.0,0.0,2,501,,
2025-01-27,14:15,19.7,9.4,52.0,SE,4.8,17.7,1016.8,0.0,0.0,1,522,,
2025-01-27,14:30,19.4,8.9,51.0,NNE,8.0,20.9,1016.63,0.0,0.0,1,248,,
2025-01-27,14:45,20.0,8.3,47.0,SSE,6.4,25.7,1016.59,0.0,0.0,2,475,,
2025-01-27,15:00,20.0,8.3,47.0,SW,6.4,24.1,1016.59,0.0,0.0,1,381,,
2025-01-27,15:15,19.9,7.8,46.0,WEST,16.1,20.9,1016.42,0.0,0.0,1,353,,
2025-01-27,15:30,20.0,8.3,47.0,WSW,4.8,16.1,1016.49,0.0,0.0,1,325,,
2025-01-27,15:45,19.9,8.3,47.0,SOUTH,8.0,24.1,1016.46,0.0,0.0,1,295,,
2025-01-27,16:00,19.6,8.3,48.0,WSW,20.9,25.7,1016.22,0.0,0.0,1,227,,
2025-01-27,16:15,19.3,8.9,51.0,SW,4.8,17.7,1016.19,0.0,0.0,0,255,,
2025-01-27,16:30,18.9,9.4,54.0,SSW,1.6,22.5,1016.05,0.0,0.0,0,162,,
2025-01-27,16:45,18.7,10.0,56.0,SSE,9.7,25.7,1015.92,0.0,0.0,0,116,,
2025-01-27,17:00,18.4,10.0,58.0,SSE,4.8,14.5,1015.61,0.0,0.0,0,47,,
2025-01-27,17:15,18.0,9.4,58.0,SOUTH,3.2,17.7,1015.51,0.0,0.0,0,9,,
2025-01-27,17:30,17.7,8.9,57.0,SSE,12.9,17.7,1015.71,0.0,0.0,0,0,,
2025-01-27,17:45,17.7,8.9,56.0,SOUTH,6.4,17.7,1015.75,0.0,0.0,0,0,,
2025-01-27,18:00,17.7,8.3,56.0,SOUTH,6.4,19.3,1015.85,0.0,0.0,0,0,,
2025-01-27,18:15,17.6,8.9,57.0,SSE,8.0,25.7,1015.82,0.0,0.0,0,0,,
2025-01-27,18:30,17.1,8.9,59.0,NNE,4.8,14.5,1015.82,0.0,0.0,0,0,,
2025-01-27,18:45,16.3,8.9,62.0,SSE,12.9,19.3,1015.95,0.0,0.0,0,0,,
2025-01-27,19:00,15.9,8.9,64.0,SSE,3.2,14.5,1015.95,0.0,0.0,0,0,,
2025-01-27,19:15,16.2,8.9,64.0,SSE,9.7,17.7,1015.98,0.0,0.0,0,0,,
2025-01-27,19:30,16.6,8.9,62.0,SSE,9.7,17.7,1015.92,0.0,0.0,0,0,,
2025-01-27,19:45,16.4,8.9,62.0,SE,11.3,14.5,1015.75,0.0,0.0,0,0,,
2025-01-27,20:00,16.7,8.9,61.0,SOUTH,3.2,29.0,1015.71,0.0,0.0,0,0,,
2025-01-27,20:15,16.7,8.9,60.0,SSE,1.6,17.7,1015.68,0.0,0.0,0,0,,
2025-01-27,20:30,16.6,8.9,61.0,SOUTH,3.2,17.7,1015.58,0.0,0.0,0,0,,
2025-01-27,20:45,16.5,8.9,62.0,SOUTH,4.8,16.1,1015.51,0.0,0.0,0,0,,
2025-01-27,21:00,16.4,8.9,63.0,SOUTH,1.6,14.5,1015.44,0.0,0.0,0,0,,
2025-01-27,21:15,16.1,8.9,64.0,SOUTH,1.6,9.7,1015.51,0.0,0.0,0,0,,
2025-01-27,21:30,16.2,9.4,66.0,SOUTH,3.2,17.7,1015.1,0.0,0.0,0,0,,
2025-01-27,21:45,16.3,10.0,67.0,SSE,1.6,14.5,1015.1,0.0,0.0,0,0,,
2025-01-27,22:00,16.1,10.0,67.0,SSW,4.8,12.9,1014.87,0.0,0.0,0,0,,
2025-01-27,22:15,16.1,10.0,69.0,NORTH,0.0,6.4,1014.7,0.0,0.0,0,0,,
2025-01-27,22:30,16.0,10.6,70.0,SSW,1.6,12.9,1014.77,0.0,0.0,0,0,,
2025-01-27,22:45,16.1,10.6,71.0,SSW,3.2,11.3,1014.63,0.0,0.0,0,0,,
2025-01-27,23:00,16.0,10.6,71.0,SOUTH,4.8,9.7,1014.46,0.0,0.0,0,0,,
2025-01-27,23:15,16.3,11.1,72.0,NORTH,0.0,16.1,1014.7,0.0,0.0,0,0,,
2025-01-27,23:30,16.4,11.1,72.0,SOUTH,1.6,17.7,1014.66,0.0,0.0,0,0,,
2025-01-27,23:45,16.4,11.1,71.0,SOUTH,6.4,17.7,1014.66,0.0,0.0,0,0,,
2025-01-28,00:00,16.5,11.1,71.0,SSW,3.2,12.9,1014.49,0.0,0.0,0,0,,
2025-01-28,00:15,16.9,11.1,70.0,WEST,6.4,30.6,1014.43,0.0,0.0,0,0,,
2025-01-28,00:30,17.3,11.1,68.0,WNW,17.7,35.4,1013.95,0.0,0.0,0,0,,
2025-01-28,00:45,17.6,11.1,66.0,SSW,4.8,37.0,1013.88,0.0,0.0,0,0,,
2025-01-28,01:00,17.7,10.6,64.0,WEST,9.7,25.7,1013.41,0.0,0.0,0,0,,
2025-01-28,01:15,17.8,10.6,62.0,SW,8.0,37.0,1013.11,0.0,0.0,0,0,,
2025-01-28,01:30,17.7,10.0,61.0,SOUTH,6.4,17.7,1013,0.0,0.0,0,0,,
2025-01-28,01:45,17.9,9.4,59.0,SOUTH,9.7,17.7,1012.73,0.0,0.0,0,0,,
2025-01-28,02:00,17.5,10.0,61.0,SE,16.1,20.9,1012.67,0.0,0.0,0,0,,
2025-01-28,02:15,16.6,9.4,65.0,ESE,9.7,20.9,1012.33,0.0,0.0,0,0,,
2025-01-28,02:30,15.8,10.0,68.0,ESE,17.7,22.5,1012.09,0.0,0.0,0,0,,
2025-01-28,02:45,15.4,9.4,69.0,SE,14.5,19.3,1011.75,0.0,0.0,0,0,,
2025-01-28,03:00,15.4,9.4,69.0,ESE,14.5,24.1,1011.65,0.0,0.0,0,0,,
2025-01-28,03:15,15.6,10.0,69.0,SE,3.2,20.9,1011.62,0.0,0.0,0,0,,
2025-01-28,03:30,15.9,10.0,69.0,SSE,4.8,12.9,1011.65,0.0,0.0,0,0,,
2025-01-28,03:45,16.7,10.6,69.0,SSE,6.4,19.3,1011.34,0.0,0.0,0,0,,
2025-01-28,04:00,16.6,11.1,71.0,SOUTH,16.1,19.3,1011.11,0.0,0.0,0,0,,
2025-01-28,04:15,16.4,11.1,72.0,NORTH,0.0,16.1,1011.34,0.0,0.0,0,0,,
2025-01-28,04:30,16.4,11.7,74.0,SOUTH,1.6,16.1,1011.48,0.0,0.0,0,0,,
2025-01-28,04:45,16.3,12.2,77.0,NE,9.7,27.4,1011.24,0.0,0.0,0,0,,
2025-01-28,05:00,15.9,12.2,81.0,ENE,24.1,41.8,1010.97,0.0,0.0,0,0,,
2025-01-28,05:15,15.7,12.8,83.0,WEST,30.6,49.9,1010.9,0.0,0.0,0,0,,
2025-01-28,05:30,15.3,12.8,86.0,NW,12.9,35.4,1011.14,0.0,0.0,0,0,,
2025-01-28,05:45,15.0,12.8,88.0,NNE,32.2,33.8,1011.41,0.0,0.0,0,0,,
2025-01-28,06:00,14.9,12.8,88.0,NE,19.3,43.5,1011.51,0.0,0.0,0,0,,
2025-01-28,06:15,14.8,12.8,89.0,WEST,6.4,38.6,1011.45,0.0,0.0,0,0,,
2025-01-28,06:30,14.6,12.8,90.0,WNW,16.1,43.5,1011.34,0.0,0.0,0,0,,
2025-01-28,06:45,14.6,12.8,90.0,WEST,19.3,38.6,1011.72,0.0,0.0,0,0,,
2025-01-28,07:00,14.4,12.8,90.0,WEST,20.9,43.5,1011.79,0.0,0.0,0,0,,
2025-01-28,07:15,14.4,12.8,90.0,WNW,17.7,43.5,1011.75,0.0,0.0,0,0,,
2025-01-28,07:30,14.3,12.8,90.0,WEST,22.5,51.5,1012.12,0.0,0.0,0,0,,
2025-01-28,07:45,14.1,12.2,90.0,NNE,24.1,41.8,1012.26,0.0,0.0,0,0,,
2025-01-28,08:00,13.9,11.7,89.0,NE,22.5,40.2,1012.12,0.0,0.0,0,12,,
2025-01-28,08:15,13.9,11.7,87.0,SW,6.4,38.6,1012.33,0.0,0.0,0,37,,
2025-01-28,08:30,14.0,11.7,85.0,WEST,19.3,33.8,1012.67,0.0,0.0,0,25,,
2025-01-28,08:45,13.9,11.1,84.0,WNW,11.3,40.2,1013,0.0,0.0,0,32,,
2025-01-28,09:00,14.1,10.6,80.0,WNW,25.7,37.0,1013.14,0.0,0.0,0,211,,
2025-01-28,09:15,14.3,10.0,76.0,WNW,22.5,54.7,1013.38,0.0,0.0,0,248,,
2025-01-28,09:30,14.2,9.4,75.0,WEST,56.3,48.3,1013.48,0.0,0.0,1,297,,
2025-01-28,09:45,14.4,9.4,74.0,WNW,22.5,49.9,1013.88,0.0,0.0,1,325,,
2025-01-28,10:00,14.3,9.4,73.0,WNW,22.5,51.5,1013.92,0.0,0.0,1,364,,
2025-01-28,10:15,14.4,8.9,70.0,ENE,25.7,49.9,1014.16,0.0,0.0,1,406,,
2025-01-28,10:30,14.3,7.8,65.0,WNW,22.5,54.7,1014.39,0.0,0.0,1,445,,
2025-01-28,10:45,14.6,7.8,64.0,WEST,24.1,51.5,1014.46,0.0,0.0,2,466,,
2025-01-28,11:00,14.6,7.2,61.0,WEST,30.6,51.5,1014.66,0.0,0.0,2,497,,
2025-01-28,11:15,14.6,6.7,61.0,WNW,24.1,43.5,1014.8,0.0,0.0,2,522,,
2025-01-28,11:30,14.7,6.7,60.0,WEST,38.6,53.1,1015.04,0.0,0.0,2,540,,
2025-01-28,11:45,14.6,6.1,58.0,WNW,30.6,59.5,1014.87,0.0,0.0,2,552,,
2025-01-28,12:00,14.6,6.1,57.0,WNW,25.7,62.8,1014.87,0.0,0.0,2,561,,
2025-01-28,12:15,14.7,5.6,55.0,WNW,37.0,62.8,1014.63,0.0,0.0,2,566,,
2025-01-28,12:30,14.6,5.6,55.0,WNW,32.2,59.5,1014.63,0.0,0.0,2,577,,
2025-01-28,12:45,14.6,6.1,57.0,WEST,49.9,61.2,1014.83,0.0,0.0,2,559,,
2025-01-28,13:00,14.8,6.7,58.0,WNW,33.8,54.7,1014.7,0.0,0.0,2,566,,
2025-01-28,13:15,14.6,5.6,55.0,WNW,25.7,49.9,1014.43,0.0,0.0,2,547,,
2025-01-28,13:30,14.6,5.0,52.0,WNW,25.7,62.8,1014.53,0.0,0.0,2,543,,
2025-01-28,13:45,14.6,5.6,55.0,NW,38.6,43.5,1014.12,0.0,0.0,2,524,,
2025-01-28,14:00,14.4,5.6,56.0,NE,29.0,46.7,1014.22,0.0,0.0,2,497,,
2025-01-28,14:15,14.3,6.1,59.0,WNW,22.5,48.3,1014.26,0.0,0.0,2,480,,
2025-01-28,14:30,14.2,6.1,59.0,WNW,16.1,43.5,1014.12,0.0,0.0,2,450,,
2025-01-28,14:45,14.0,6.7,61.0,WNW,20.9,41.8,1014.05,0.0,0.0,1,424,,
2025-01-28,15:00,13.9,6.7,62.0,WNW,35.4,40.2,1013.99,0.0,0.0,1,388,,
2025-01-28,15:15,13.8,6.1,60.0,WEST,30.6,40.2,1013.95,0.0,0.0,1,352,,
2025-01-28,15:30,13.7,6.1,62.0,WNW,17.7,41.8,1014.16,0.0,0.0,1,313,,
2025-01-28,15:45,13.3,6.1,63.0,WNW,20.9,38.6,1013.92,0.0,0.0,1,276,,
2025-01-28,16:00,13.3,6.7,65.0,WNW,16.1,33.8,1014.02,0.0,0.0,0,220,,
2025-01-28,16:15,13.2,6.7,66.0,WNW,14.5,25.7,1014.05,0.0,0.0,0,28,,
2025-01-28,16:30,12.6,6.7,68.0,WNW,6.4,17.7,1014.05,0.0,0.0,0,42,,
2025-01-28,16:45,12.4,6.7,69.0,WNW,14.5,17.7,1014.26,0.0,0.0,0,28,,
2025-01-28,17:00,12.3,6.7,70.0,WEST,3.2,20.9,1014.26,0.0,0.0,0,18,,
2025-01-28,17:15,12.1,6.7,70.0,WEST,3.2,12.9,1014.05,0.0,0.0,0,11,,
2025-01-28,17:30,12.0,6.7,71.0,WEST,4.8,12.9,1014.29,0.0,0.0,0,0,,
2025-01-28,17:45,11.9,6.7,72.0,NNE,6.4,16.1,1014.53,0.0,0.0,0,0,,
2025-01-28,18:00,12.1,7.2,73.0,NNE,14.5,17.7,1014.87,0.0,0.0,0,0,,
2025-01-28,18:15,12.3,7.8,74.0,WEST,19.3,27.4,1014.87,0.0,0.0,0,0,,
2025-01-28,18:30,12.2,7.8,76.0,ENE,4.8,29.0,1014.46,0.0,0.0,0,0,,
2025-01-28,18:45,12.1,7.8,76.0,WEST,6.4,24.1,1014.77,0.0,0.0,0,0,,
2025-01-28,19:00,12.2,7.8,77.0,SW,3.2,35.4,1015.21,0.0,0.0,0,0,,
2025-01-28,19:15,12.1,7.8,77.0,WSW,8.0,20.9,1015.1,0.0,0.0,0,0,,
2025-01-28,19:30,12.1,7.8,77.0,WEST,14.5,29.0,1015.31,0.0,0.0,0,0,,
2025-01-28,19:45,12.2,8.3,77.0,SW,1.6,16.1,1015.58,0.0,0.0,0,0,,
2025-01-28,20:00,12.2,8.3,78.0,WNW,12.9,27.4,1015.68,0.0,0.0,0,0,,
2025-01-28,20:15,12.2,8.3,78.0,NORTH,0.0,16.1,1015.68,0.0,0.0,0,0,,
2025-01-28,20:30,12.1,8.3,79.0,WNW,6.4,14.5,1015.78,0.0,0.0,0,0,,
2025-01-28,20:45,12.0,8.3,79.0,NORTH,0.0,16.1,1015.34,0.0,0.0,0,0,,
2025-01-28,21:00,11.9,8.3,78.0,NORTH,0.0,8.0,1015.24,0.0,0.0,0,0,,
2025-01-28,21:15,11.7,7.8,79.0,SSW,6.4,8.0,1015.44,0.0,0.0,0,0,,
2025-01-28,21:30,11.7,7.8,79.0,SW,1.6,11.3,1015.54,0.0,0.0,0,0,,
2025-01-28,21:45,10.8,7.2,78.0,SW,8.0,25.7,1016.12,0.0,0.0,0,0,,
2025-01-28,22:00,9.5,6.1,81.0,WSW,14.5,19.3,1016.56,0.2,0.2,0,0,,
2025-01-28,22:30,9.4,6.7,85.0,NORTH,0.0,12.9,1015.98,0.5,0.2,0,0,,
2025-01-28,22:45,9.2,6.7,85.0,NORTH,0.0,4.8,1015.98,0.5,0.2,0,0,,
2025-01-28,23:00,8.9,6.7,86.0,SOUTH,3.2,4.8,1016.22,0.5,0.2,0,0,,
2025-01-28,23:15,8.8,6.7,86.0,NORTH,0.0,1.6,1016.36,0.5,0.2,0,0,,
2025-01-28,23:30,8.7,6.7,86.0,NORTH,0.0,4.8,1016.09,0.5,0.0,0,0,,
2025-01-28,23:45,8.6,6.1,87.0,NORTH,0.0,3.2,1015.98,1.3,0.8,0,0,,
2025-01-29,00:00,8.4,6.1,87.0,SOUTH,1.6,6.4,1016.22,0.0,0.8,0,0,,
2025-01-29,00:15,8.2,6.1,87.0,NORTH,0.0,3.2,1016.22,0.0,0.8,0,0,,
2025-01-29,00:30,8.2,6.1,87.0,NORTH,0.0,3.2,1015.98,0.0,0.8,0,0,,
2025-01-29,00:45,8.5,6.7,88.0,SOUTH,1.6,4.8,1016.09,0.0,0.0,0,0,,
2025-01-29,01:00,8.8,6.7,88.0,SOUTH,1.6,3.2,1016.12,0.0,0.0,0,0,,
2025-01-29,01:15,9.0,6.7,88.0,NORTH,0.0,6.4,1016.05,0.0,0.0,0,0,,
2025-01-29,01:30,9.0,6.7,88.0,NORTH,0.0,4.8,1016.39,0.0,0.0,0,0,,
2025-01-29,01:45,9.2,7.2,88.0,WNW,9.7,14.5,1016.42,0.0,0.0,0,0,,
2025-01-29,02:00,9.2,7.2,87.0,WNW,6.4,11.3,1016.46,0.0,0.0,0,0,,
2025-01-29,02:15,9.4,7.2,87.0,WEST,22.5,25.7,1016.42,0.0,0.0,0,0,,
2025-01-29,02:30,9.6,7.2,86.0,WNW,22.5,27.4,1016.29,0.0,0.0,0,0,,
2025-01-29,02:45,9.7,7.2,85.0,WNW,17.7,30.6,1016.19,0.0,0.0,0,0,,
2025-01-29,03:00,9.8,7.2,83.0,WNW,22.5,29.0,1016.32,0.0,0.0,0,0,,
2025-01-29,03:15,10.1,7.2,83.0,WNW,12.9,25.7,1016.32,0.0,0.0,0,0,,
2025-01-29,03:30,9.9,6.7,82.0,NW,20.9,30.6,1016.29,0.2,0.2,0,0,,
2025-01-29,03:45,9.6,6.7,82.0,NW,16.1,25.7,1016.36,0.2,0.2,0,0,,
2025-01-29,04:00,9.3,6.1,82.0,NW,8.0,14.5,1016.42,0.2,0.2,0,0,,
2025-01-29,04:15,9.1,6.1,82.0,WNW,4.8,16.1,1016.39,0.2,0.2,0,0,,
2025-01-29,04:30,9.0,6.1,82.0,NW,12.9,12.9,1016.22,0.2,0.0,0,0,,
2025-01-29,04:45,9.4,6.7,83.0,WNW,6.4,19.3,1016.15,0.2,0.0,0,0,,
2025-01-29,05:00,9.5,6.7,82.0,WEST,9.7,14.5,1016.12,0.2,0.0,0,0,,
2025-01-29,05:15,9.5,6.7,83.0,WNW,8.0,14.5,1016.32,0.5,0.5,0,0,,
2025-01-29,05:30,9.4,6.7,84.0,WNW,9.7,16.1,1016.7,1.0,0.8,0,0,,
2025-01-29,05:45,8.8,6.1,84.0,WEST,6.4,9.7,1016.66,1.0,0.8,0,0,,
2025-01-29,06:00,8.9,6.7,86.0,WNW,14.5,22.5,1016.73,1.3,1.0,0,0,,
2025-01-29,06:15,9.3,6.7,86.0,WNW,12.9,24.1,1016.7,1.3,0.5,0,0,,
2025-01-29,06:30,9.3,6.7,86.0,NW,16.1,25.7,1017.1,1.3,0.2,0,0,,
2025-01-29,06:45,9.4,7.2,86.0,WNW,19.3,24.1,1017.2,1.3,0.2,0,0,,
2025-01-29,07:00,9.5,7.2,86.0,WNW,19.3,27.4,1017.27,1.3,0.0,0,0,,
2025-01-29,07:15,9.4,6.7,85.0,WNW,17.7,25.7,1017.27,1.3,0.0,0,0,,
2025-01-29,07:30,9.5,7.2,85.0,WNW,17.7,24.1,1017.61,1.3,0.0,0,0,,
2025-01-29,07:45,9.6,7.2,85.0,WNW,17.7,30.6,1018.05,1.3,0.0,0,7,,
2025-01-29,08:00,9.7,7.2,85.0,WNW,24.1,29.0,1018.05,1.3,0.0,0,44,,
2025-01-29,08:15,9.7,7.2,85.0,NW,11.3,33.8,1018.15,1.3,0.0,0,26,,
2025-01-29,08:30,9.8,7.2,84.0,WNW,20.9,33.8,1018.35,1.3,0.0,0,142,,
2025-01-29,08:45,10.1,7.2,84.0,WNW,16.1,24.1,1018.66,1.3,0.0,0,40,,
2025-01-29,09:00,10.0,7.2,84.0,NW,12.9,25.7,1018.42,1.3,0.0,0,174,,
2025-01-29,09:15,10.2,7.2,84.0,WNW,16.1,25.7,1018.42,1.3,0.0,0,246,,
2025-01-29,09:30,10.6,7.8,83.0,WNW,12.9,37.0,1018.52,1.3,0.0,0,195,,
2025-01-29,09:45,10.8,7.8,81.0,NW,19.3,30.6,1018.73,1.3,0.0,1,330,,
2025-01-29,10:00,11.1,7.8,80.0,WNW,11.3,33.8,1018.59,1.3,0.0,1,359,,
2025-01-29,10:15,11.2,7.8,80.0,WNW,30.6,33.8,1018.83,1.3,0.0,1,418,,
2025-01-29,10:30,11.4,7.8,80.0,WEST,16.1,37.0,1018.93,1.3,0.0,1,503,,
2025-01-29,10:45,10.9,7.8,81.0,WNW,17.7,40.2,1018.96,1.3,0.0,1,109,,
2025-01-29,11:00,11.2,7.8,81.0,NW,17.7,41.8,1019.07,1.3,0.0,2,543,,
2025-01-29,11:15,11.5,7.8,78.0,WNW,45.1,48.3,1019.1,1.3,0.0,1,107,,
2025-01-29,11:30,11.7,7.2,76.0,WEST,32.2,54.7,1019.3,1.3,0.0,1,114,,
2025-01-29,11:45,11.9,7.8,75.0,WNW,22.5,41.8,1019.03,1.3,0.0,1,213,,
2025-01-29,12:00,12.3,7.8,76.0,WNW,30.6,48.3,1018.59,1.3,0.0,1,749,,
2025-01-29,12:15,12.3,8.3,76.0,WNW,27.4,46.7,1018.46,1.3,0.0,2,585,,
2025-01-29,12:30,12.3,7.8,75.0,WNW,37.0,41.8,1018.35,1.3,0.0,2,601,,
2025-01-29,12:45,12.6,8.3,76.0,EAST,29.0,45.1,1018.29,1.3,0.0,2,613,,
2025-01-29,13:00,12.4,7.8,75.0,WEST,41.8,43.5,1018.25,1.3,0.0,2,571,,
2025-01-29,13:15,12.7,7.8,74.0,WNW,35.4,40.2,1018.29,1.3,0.0,1,680,,
2025-01-29,13:30,12.5,7.8,74.0,WNW,19.3,45.1,1018.46,1.3,0.0,2,712,,
2025-01-29,13:45,12.4,7.2,72.0,WNW,20.9,38.6,1018.29,1.3,0.0,2,543,,
2025-01-29,14:00,12.4,7.2,71.0,WNW,24.1,43.5,1017.98,1.3,0.0,2,533,,
2025-01-29,14:15,12.6,7.2,69.0,WNW,32.2,41.8,1017.91,1.3,0.0,2,139,,
2025-01-29,14:30,12.7,7.2,71.0,WNW,29.0,49.9,1017.54,1.3,0.0,1,480,,
2025-01-29,14:45,12.3,7.2,71.0,NW,37.0,49.9,1017.68,1.3,0.0,1,79,,
2025-01-29,15:00,12.2,7.2,72.0,NW,16.1,46.7,1017.61,1.3,0.0,1,285,,
2025-01-29,15:15,12.7,7.8,72.0,WNW,25.7,53.1,1017.71,1.3,0.0,1,469,,
2025-01-29,15:30,12.3,6.7,70.0,WNW,25.7,51.5,1017.51,1.3,0.0,1,267,,
2025-01-29,15:45,12.2,7.2,71.0,WNW,20.9,45.1,1017.37,1.3,0.0,1,309,,
2025-01-29,16:00,11.9,7.2,74.0,WNW,14.5,40.2,1017.71,1.3,0.0,0,283,,
2025-01-29,16:15,12.1,6.7,71.0,WNW,16.1,37.0,1017.54,1.3,0.0,0,167,,
2025-01-29,16:30,11.9,7.2,72.0,WNW,27.4,37.0,1017.88,1.3,0.0,0,169,,
2025-01-29,16:45,11.5,6.7,74.0,WEST,20.9,29.0,1017.85,1.3,0.0,0,76,,
2025-01-29,17:00,11.2,6.7,74.0,WEST,12.9,27.4,1017.95,1.3,0.0,0,51,,
2025-01-29,17:15,11.1,6.7,76.0,WNW,12.9,25.7,1018.12,1.3,0.0,0,18,,
2025-01-29,17:30,10.9,6.7,76.0,WNW,8.0,19.3,1017.85,1.3,0.0,0,7,,
2025-01-29,17:45,10.6,6.7,76.0,WEST,12.9,20.9,1017.91,1.3,0.0,0,0,,
2025-01-29,18:00,10.3,6.7,78.0,WEST,6.4,20.9,1018.02,1.3,0.0,0,0,,
2025-01-29,18:15,10.1,6.1,79.0,WNW,12.9,12.9,1017.95,1.3,0.0,0,0,,
2025-01-29,18:30,10.1,6.7,79.0,WNW,4.8,14.5,1018.05,1.3,0.0,0,0,,
2025-01-29,18:45,9.9,6.7,80.0,WEST,1.6,9.7,1018.22,1.3,0.0,0,0,,
2025-01-29,19:00,9.7,6.1,80.0,NORTH,0.0,3.2,1018.32,1.3,0.0,0,0,,
2025-01-29,19:15,9.4,6.1,80.0,WEST,1.6,3.2,1018.19,1.3,0.0,0,0,,
2025-01-29,19:30,9.2,6.1,81.0,WEST,1.6,3.2,1018.59,1.3,0.0,0,0,,
2025-01-29,19:45,9.4,6.1,82.0,NORTH,0.0,1.6,1018.52,1.3,0.0,0,0,,
2025-01-29,20:00,9.4,6.1,82.0,WEST,3.2,6.4,1018.39,1.3,0.0,0,0,,
2025-01-29,20:15,9.4,6.1,82.0,NORTH,0.0,4.8,1018.49,1.3,0.0,0,0,,
2025-01-29,20:30,9.1,6.1,82.0,WEST,1.6,4.8,1018.73,1.3,0.0,0,0,,
2025-01-29,20:45,8.7,5.6,83.0,WEST,1.6,6.4,1018.8,1.3,0.0,0,0,,
2025-01-29,21:00,8.5,5.6,84.0,NORTH,0.0,4.8,1018.9,1.3,0.0,0,0,,
2025-01-29,21:15,8.4,5.6,84.0,WEST,1.6,4.8,1019.03,1.3,0.0,0,0,,
2025-01-29,21:30,8.3,5.6,84.0,WSW,3.2,6.4,1019.1,1.3,0.0,0,0,,
2025-01-29,21:45,8.2,5.6,85.0,WSW,1.6,3.2,1019.34,1.3,0.0,0,0,,
2025-01-29,22:00,8.1,5.6,85.0,WSW,1.6,4.8,1019.24,1.3,0.0,0,0,,
2025-01-29,22:15,7.9,5.6,85.0,WSW,1.6,4.8,1019,1.3,0.0,0,0,,
2025-01-29,22:30,7.9,5.6,86.0,ESE,3.2,6.4,1019.13,1.3,0.0,0,0,,
2025-01-29,22:45,7.8,5.6,86.0,ESE,6.4,6.4,1018.9,1.3,0.0,0,0,,
2025-01-29,23:00,7.9,5.6,87.0,EAST,6.4,11.3,1019.24,1.3,0.0,0,0,,
2025-01-29,23:15,8.0,5.6,87.0,ESE,6.4,11.3,1019,1.3,0.0,0,0,,
2025-01-29,23:30,8.1,6.1,87.0,ESE,3.2,11.3,1019.03,1.3,0.0,0,0,,
2025-01-29,23:45,8.2,6.1,87.0,EAST,6.4,9.7,1018.96,1.3,0.0,0,0,,
2025-01-30,00:00,8.1,6.1,87.0,ESE,11.3,12.9,1018.56,0.0,0.0,0,0,,
2025-01-30,00:15,8.3,6.1,87.0,EAST,6.4,12.9,1018.63,0.0,0.0,0,0,,
2025-01-30,00:30,8.4,6.1,87.0,ESE,11.3,12.9,1018.83,0.0,0.0,0,0,,
2025-01-30,00:45,8.6,6.1,87.0,ESE,6.4,11.3,1018.8,0.0,0.0,0,0,,
2025-01-30,01:00,8.5,6.1,87.0,ESE,3.2,6.4,1018.76,0.0,0.0,0,0,,
2025-01-30,01:15,8.1,6.1,87.0,ESE,1.6,6.4,1018.63,0.0,0.0,0,0,,
2025-01-30,01:30,8.1,6.1,87.0,ESE,6.4,11.3,1018.15,0.0,0.0,0,0,,
2025-01-30,01:45,8.2,6.1,87.0,ESE,3.2,6.4,1018.15,0.0,0.0,0,0,,
2025-01-30,02:00,8.3,6.1,88.0,ESE,6.4,12.9,1017.85,0.0,0.0,0,0,,
2025-01-30,02:15,8.6,6.7,88.0,ESE,11.3,12.9,1017.78,0.0,0.0,0,0,,
2025-01-30,02:30,8.6,6.1,87.0,ESE,11.3,14.5,1017.54,0.0,0.0,0,0,,
2025-01-30,02:45,8.3,6.1,87.0,EAST,9.7,11.3,1017.44,0.0,0.0,0,0,,
2025-01-30,03:00,8.2,6.1,87.0,ESE,9.7,12.9,1017.44,0.0,0.0,0,0,,
2025-01-30,03:15,8.1,6.1,87.0,ESE,6.4,12.9,1017.31,0.0,0.0,0,0,,
2025-01-30,03:30,8.3,6.1,87.0,EAST,6.4,12.9,1017.1,0.0,0.0,0,0,,
2025-01-30,03:45,8.3,6.1,87.0,ESE,6.4,11.3,1016.93,0.0,0.0,0,0,,
2025-01-30,04:00,8.4,6.1,87.0,ESE,6.4,12.9,1016.8,0.0,0.0,0,0,,
2025-01-30,04:15,8.5,6.1,87.0,ESE,6.4,11.3,1016.86,0.0,0.0,0,0,,
2025-01-30,04:30,8.7,6.7,87.0,ESE,8.0,9.7,1016.83,0.0,0.0,0,0,,
2025-01-30,04:45,8.9,6.7,87.0,ESE,8.0,11.3,1016.66,0.0,0.0,0,0,,
2025-01-30,05:00,9.3,7.2,87.0,SE,6.4,14.5,1016.76,0.0,0.0,0,0,,
2025-01-30,05:15,9.5,7.2,86.0,ESE,8.0,11.3,1016.86,0.0,0.0,0,0,,
2025-01-30,05:30,9.7,7.2,84.0,SE,8.0,16.1,1017.1,0.0,0.0,0,0,,
2025-01-30,05:45,9.8,7.2,84.0,ESE,11.3,17.7,1016.8,0.0,0.0,0,0,,
2025-01-30,06:00,9.8,6.7,83.0,SE,8.0,19.3,1016.73,0.0,0.0,0,0,,
2025-01-30,06:15,9.8,6.7,83.0,ESE,11.3,16.1,1016.9,0.0,0.0,0,0,,
2025-01-30,06:30,9.7,6.7,82.0,ESE,12.9,17.7,1017.2,0.0,0.0,0,0,,
2025-01-30,06:45,9.6,6.7,82.0,ESE,14.5,20.9,1017.68,0.0,0.0,0,0,,
2025-01-30,07:00,9.5,6.1,82.0,SE,12.9,20.9,1017.81,0.0,0.0,0,0,,
2025-01-30,07:15,9.4,6.7,83.0,SE,16.1,22.5,1018.02,0.0,0.0,0,0,,
2025-01-30,07:30,9.3,6.7,84.0,ESE,16.1,22.5,1017.85,0.0,0.0,0,0,,
2025-01-30,07:45,9.2,6.7,85.0,SE,14.5,27.4,1017.81,0.0,0.0,0,0,,
2025-01-30,08:00,9.3,6.7,85.0,ESE,6.4,16.1,1017.98,0.0,0.0,0,0,,
2025-01-30,08:15,8.9,6.1,84.0,ESE,6.4,11.3,1018.25,0.0,0.0,0,21,,
2025-01-30,08:30,9.5,7.2,86.0,SE,11.3,19.3,1018.12,0.0,0.0,0,32,,
2025-01-30,08:45,9.9,7.8,86.0,ESE,16.1,22.5,1018.29,0.0,0.0,0,44,,
2025-01-30,09:00,10.1,7.8,86.0,SE,19.3,25.7,1018.49,0.0,0.0,0,54,,
2025-01-30,09:15,10.1,7.8,86.0,SE,6.4,24.1,1018.66,0.0,0.0,0,60,,
2025-01-30,09:30,10.1,7.8,85.0,EAST,9.7,14.5,1018.63,0.0,0.0,0,90,,
2025-01-30,09:45,9.9,7.2,85.0,ESE,6.4,16.1,1018.73,0.0,0.0,0,111,,
2025-01-30,10:00,10.2,7.8,85.0,ESE,9.7,12.9,1018.63,0.0,0.0,0,128,,
2025-01-30,10:15,10.7,7.8,83.0,ESE,6.4,14.5,1018.66,0.0,0.0,1,163,,
2025-01-30,10:30,10.8,7.8,82.0,ESE,11.3,16.1,1018.56,0.0,0.0,1,227,,
2025-01-30,10:45,11.0,7.8,82.0,ESE,11.3,17.7,1018.49,0.0,0.0,1,202,,
2025-01-30,11:00,11.1,8.3,83.0,ESE,16.1,17.7,1018.73,0.0,0.0,1,267,,
2025-01-30,11:15,11.7,8.9,84.0,ESE,14.5,22.5,1018.59,0.0,0.0,1,218,,
2025-01-30,11:30,12.0,9.4,84.0,ESE,16.1,30.6,1018.49,0.0,0.0,1,237,,
2025-01-30,11:45,12.6,10.0,84.0,ESE,17.7,30.6,1018.35,0.0,0.0,2,424,,
2025-01-30,12:00,12.5,9.4,83.0,SE,25.7,37.0,1018.35,0.0,0.0,1,179,,
2025-01-30,12:15,12.6,9.4,82.0,ESE,17.7,35.4,1018.39,0.0,0.0,1,179,,
2025-01-30,12:30,12.6,9.4,81.0,SE,24.1,38.6,1017.75,0.0,0.0,1,237,,
2025-01-30,12:45,12.7,8.9,80.0,SE,24.1,33.8,1018.02,0.0,0.0,1,185,,
2025-01-30,13:00,12.6,8.9,79.0,ESE,22.5,33.8,1017.91,0.0,0.0,1,301,,
2025-01-30,13:15,12.7,8.9,80.0,SE,19.3,33.8,1017.81,0.0,0.0,1,355,,
2025-01-30,13:30,12.9,9.4,79.0,SE,17.7,32.2,1017.71,0.0,0.0,1,355,,
2025-01-30,13:45,13.0,9.4,79.0,SE,14.5,30.6,1017.51,0.0,0.0,1,343,,
2025-01-30,14:00,13.0,8.9,78.0,ESE,14.5,32.2,1017.61,0.0,0.0,1,243,,
2025-01-30,14:15,12.9,9.4,79.0,SE,22.5,32.2,1017.61,0.0,0.0,1,322,,
2025-01-30,14:30,12.7,8.9,79.0,SE,14.5,29.0,1017.85,0.0,0.0,1,220,,
2025-01-30,14:45,13.2,9.4,79.0,ESE,16.1,25.7,1017.64,0.0,0.0,1,496,,
2025-01-30,15:00,13.6,9.4,77.0,SE,6.4,35.4,1017.95,0.0,0.0,1,396,,
2025-01-30,15:15,13.7,8.9,75.0,SE,16.1,33.8,1017.51,0.0,0.0,1,371,,
2025-01-30,15:30,13.5,8.3,71.0,EAST,22.5,30.6,1017.61,0.0,0.0,1,352,,
2025-01-30,15:45,13.3,7.8,70.0,SE,17.7,30.6,1017.95,0.0,0.0,1,163,,
2025-01-30,16:00,12.7,7.2,71.0,SE,16.1,25.7,1018.22,0.0,0.0,0,264,,
2025-01-30,16:15,13.1,8.3,73.0,SE,16.1,25.7,1018.22,0.0,0.0,0,185,,
2025-01-30,16:30,13.1,8.3,74.0,SE,20.9,24.1,1018.25,0.0,0.0,0,130,,
2025-01-30,16:45,12.8,8.3,74.0,EAST,17.7,25.7,1018.29,0.0,0.0,0,93,,
2025-01-30,17:00,12.7,8.3,76.0,SE,17.7,22.5,1018.39,0.0,0.0,0,56,,
2025-01-30,17:15,12.3,8.3,78.0,SE,11.3,19.3,1018.49,0.0,0.0,0,26,,
2025-01-30,17:30,12.0,8.3,78.0,SE,6.4,16.1,1018.56,0.0,0.0,0,11,,
2025-01-30,17:45,11.8,8.3,79.0,ESE,19.3,17.7,1018.66,0.0,0.0,0,0,,
2025-01-30,18:00,11.8,7.8,78.0,SE,16.1,24.1,1018.76,0.0,0.0,0,0,,
2025-01-30,18:15,11.8,7.8,79.0,SE,14.5,22.5,1019.07,0.0,0.0,0,0,,
2025-01-30,18:30,11.5,7.8,79.0,SE,12.9,19.3,1019.37,0.0,0.0,0,0,,
2025-01-30,18:45,11.4,7.2,77.0,SE,12.9,20.9,1019.57,0.0,0.0,0,0,,
2025-01-30,19:00,11.5,7.8,79.0,SE,19.3,22.5,1019.78,0.0,0.0,0,0,,
2025-01-30,19:15,11.4,8.3,81.0,SE,14.5,22.5,1019.74,0.0,0.0,0,0,,
2025-01-30,19:30,11.3,8.3,83.0,SE,17.7,25.7,1019.81,0.0,0.0,0,0,,
2025-01-30,19:45,11.2,8.3,84.0,ESE,22.5,24.1,1019.91,0.0,0.0,0,0,,
2025-01-30,20:00,11.2,8.3,84.0,SE,22.5,27.4,1020.05,0.0,0.0,0,0,,
2025-01-30,20:15,11.2,8.3,85.0,SE,20.9,27.4,1020.01,0.0,0.0,0,0,,
2025-01-30,20:30,11.1,8.3,85.0,ESE,16.1,22.5,1020.22,0.0,0.0,0,0,,
2025-01-30,20:45,11.2,8.9,86.0,ESE,20.9,27.4,1020.35,0.0,0.0,0,0,,
2025-01-30,21:00,11.1,8.9,86.0,SE,19.3,27.4,1020.52,0.0,0.0,0,0,,
2025-01-30,21:15,10.9,8.3,86.0,SE,16.1,27.4,1021,0.0,0.0,0,0,,
2025-01-30,21:30,10.7,8.3,86.0,ESE,17.7,22.5,1021.06,0.0,0.0,0,0,,
2025-01-30,21:45,10.6,8.3,86.0,SE,16.1,22.5,1021.06,0.0,0.0,0,0,,
2025-01-30,22:00,10.7,8.3,85.0,SE,14.5,24.1,1021.44,0.0,0.0,0,0,,
2025-01-30,22:15,10.6,7.8,85.0,SE,16.1,24.1,1021.37,0.0,0.0,0,0,,
2025-01-30,22:30,10.7,8.3,85.0,SE,14.5,22.5,1021.1,0.0,0.0,0,0,,
2025-01-30,22:45,10.7,8.3,85.0,SE,19.3,20.9,1021.06,0.0,0.0,0,0,,
2025-01-30,23:00,10.7,8.3,86.0,SE,17.7,20.9,1021.37,0.0,0.0,0,0,,
2025-01-30,23:15,10.4,7.8,86.0,SE,14.5,19.3,1021.13,0.0,0.0,0,0,,
2025-01-30,23:30,10.4,7.8,86.0,SE,8.0,16.1,1021.37,0.0,0.0,0,0,,
2025-01-30,23:45,10.0,7.8,86.0,ESE,12.9,17.7,1021.37,0.0,0.0,0,0,,
2025-01-31,00:00,9.3,6.7,85.0,ESE,3.2,11.3,1021.81,0.0,0.0,0,0,,
2025-01-31,00:15,9.0,6.1,84.0,NORTH,0.0,3.2,1021.94,0.0,0.0,0,0,,
2025-01-31,00:30,9.1,6.7,85.0,ESE,1.6,6.4,1021.94,0.0,0.0,0,0,,
2025-01-31,00:45,9.3,6.7,86.0,ESE,3.2,6.4,1021.98,0.0,0.0,0,0,,
2025-01-31,01:00,10.3,8.3,87.0,SE,3.2,16.1,1021.94,0.0,0.0,0,0,,
2025-01-31,01:15,10.0,7.8,86.0,SE,4.8,3.2,1021.91,0.0,0.0,0,0,,
2025-01-31,01:30,9.9,7.8,86.0,SE,1.6,3.2,1022.25,0.0,0.0,0,0,,
2025-01-31,01:45,9.7,7.2,87.0,NORTH,0.0,0.0,1022.05,0.0,0.0,0,0,,
2025-01-31,02:00,9.8,7.8,87.0,SE,1.6,4.8,1022.22,0.0,0.0,0,0,,
2025-01-31,02:15,10.1,7.8,87.0,NORTH,0.0,1.6,1022.25,0.0,0.0,0,0,,
2025-01-31,02:30,10.2,7.8,87.0,SE,4.8,6.4,1022.22,0.0,0.0,0,0,,
2025-01-31,02:45,10.6,8.3,87.0,ESE,6.4,12.9,1022.08,0.0,0.0,0,0,,
2025-01-31,03:00,9.4,6.7,85.0,EAST,3.2,14.5,1021.98,0.0,0.0,0,0,,
2025-01-31,03:15,9.2,6.7,85.0,EAST,4.8,11.3,1022.45,0.0,0.0,0,0,,
2025-01-31,03:30,9.4,6.7,84.0,EAST,3.2,6.4,1022.35,0.0,0.0,0,0,,
2025-01-31,03:45,9.3,6.7,84.0,EAST,3.2,6.4,1022.11,0.0,0.0,0,0,,
2025-01-31,04:00,9.5,6.7,83.0,EAST,1.6,4.8,1022.01,0.0,0.0,0,0,,
2025-01-31,04:15,9.6,6.7,83.0,EAST,1.6,4.8,1021.88,0.0,0.0,0,0,,
2025-01-31,04:30,9.5,6.7,83.0,EAST,4.8,6.4,1021.88,0.0,0.0,0,0,,
2025-01-31,04:45,9.7,6.7,82.0,EAST,4.8,9.7,1021.94,0.0,0.0,0,0,,
2025-01-31,05:00,9.9,6.7,81.0,EAST,3.2,9.7,1022.05,0.0,0.0,0,0,,
2025-01-31,05:15,10.0,6.7,82.0,ESE,6.4,9.7,1021.91,0.0,0.0,0,0,,
2025-01-31,05:30,9.6,6.1,81.0,EAST,9.7,12.9,1021.5,0.0,0.0,0,0,,
2025-01-31,05:45,9.3,5.6,78.0,EAST,8.0,17.7,1021.54,0.0,0.0,0,0,,
2025-01-31,06:00,9.2,5.0,77.0,ENE,8.0,14.5,1021.5,0.0,0.0,0,0,,
2025-01-31,06:15,9.1,5.0,77.0,EAST,4.8,12.9,1021.74,0.0,0.0,0,0,,
2025-01-31,06:30,9.6,6.1,79.0,EAST,1.6,6.4,1021.94,0.0,0.0,0,0,,
2025-01-31,06:45,9.8,6.1,79.0,SE,8.0,11.3,1022.05,0.0,0.0,0,0,,
2025-01-31,07:00,9.4,6.1,80.0,SE,4.8,6.4,1022.15,0.0,0.0,0,0,,
2025-01-31,07:15,9.6,6.1,80.0,ESE,4.8,6.4,1022.45,0.0,0.0,0,0,,
2025-01-31,07:30,9.4,6.1,79.0,ESE,1.6,6.4,1022.45,0.0,0.0,0,0,,
2025-01-31,07:45,9.3,5.6,78.0,NORTH,0.0,1.6,1022.69,0.0,0.0,0,9,,
2025-01-31,08:00,9.6,5.0,75.0,EAST,4.8,11.3,1022.72,0.0,0.0,0,26,,
2025-01-31,08:15,9.6,5.0,74.0,EAST,1.6,4.8,1022.72,0.0,0.0,0,33,,
2025-01-31,08:30,9.6,5.0,74.0,EAST,1.6,4.8,1022.86,0.0,0.0,0,60,,
2025-01-31,08:45,10.1,5.6,73.0,EAST,6.4,9.7,1023.13,0.0,0.0,0,121,,
2025-01-31,09:00,10.2,5.6,73.0,NORTH,0.0,11.3,1023.33,0.0,0.0,0,174,,
2025-01-31,09:15,10.6,5.6,72.0,EAST,6.4,9.7,1023.67,0.0,0.0,0,158,,
2025-01-31,09:30,10.7,5.6,72.0,EAST,3.2,4.8,1023.57,0.0,0.0,0,139,,
2025-01-31,09:45,11.2,6.1,71.0,ENE,6.4,12.9,1023.33,0.0,0.0,1,313,,
2025-01-31,10:00,11.6,6.7,71.0,ENE,8.0,14.5,1023.4,0.0,0.0,1,253,,
2025-01-31,10:15,11.3,6.7,75.0,NORTH,0.0,6.4,1023.33,0.0,0.0,1,156,,
2025-01-31,10:30,11.2,7.2,77.0,ESE,6.4,9.7,1023.33,0.0,0.0,1,415,,
2025-01-31,10:45,11.7,7.8,78.0,ENE,1.6,9.7,1023.43,0.0,0.0,1,246,,
2025-01-31,11:00,11.8,7.8,79.0,NNE,4.8,12.9,1023.67,0.0,0.0,1,436,,
2025-01-31,11:15,12.4,8.3,76.0,EAST,1.6,8.0,1023.81,0.0,0.0,2,510,,
2025-01-31,11:30,13.2,8.3,74.0,ESE,11.3,14.5,1023.43,0.0,0.0,2,524,,
2025-01-31,11:45,13.5,8.3,72.0,EAST,1.6,12.9,1023.5,0.0,0.0,1,381,,
2025-01-31,12:00,13.7,8.3,70.0,SE,3.2,11.3,1023.3,0.0,0.0,2,619,,
2025-01-31,12:15,14.1,8.3,68.0,ESE,9.7,12.9,1022.99,0.0,0.0,2,513,,
2025-01-31,12:30,14.1,8.3,68.0,EAST,1.6,6.4,1023.06,0.0,0.0,2,348,,
2025-01-31,12:45,14.3,8.3,68.0,EAST,1.6,6.4,1022.69,0.0,0.0,1,297,,
2025-01-31,13:00,14.4,8.3,68.0,,4.8,4.8,1022.59,0.0,0.0,1,334,,
2025-01-31,13:15,14.7,8.9,68.0,NNW,4.8,6.4,1022.59,0.0,0.0,2,446,,
2025-01-31,13:30,14.2,8.9,72.0,WNW,1.6,16.1,1022.55,0.0,0.0,1,207,,
2025-01-31,13:45,14.4,9.4,72.0,WNW,9.7,12.9,1022.32,0.0,0.0,1,520,,
2025-01-31,14:00,14.6,8.9,71.0,WNW,4.8,14.5,1022.15,0.0,0.0,2,531,,
2025-01-31,14:15,14.8,9.4,70.0,WNW,9.7,14.5,1022.01,0.0,0.0,2,476,,
2025-01-31,14:30,15.1,8.9,67.0,NW,8.0,19.3,1021.91,0.0,0.0,2,445,,
2025-01-31,14:45,14.7,8.3,67.0,NW,4.8,16.1,1021.98,0.0,0.0,1,295,,
2025-01-31,15:00,14.6,8.9,69.0,NW,14.5,16.1,1022.15,0.0,0.0,1,162,,
2025-01-31,15:15,14.4,8.9,71.0,WEST,4.8,16.1,1021.98,0.0,0.0,1,295,,
2025-01-31,15:30,14.6,9.4,71.0,WEST,6.4,14.5,1022.18,0.0,0.0,1,279,,
2025-01-31,15:45,14.3,9.4,72.0,WEST,9.7,17.7,1022.15,0.0,0.0,1,255,,
2025-01-31,16:00,14.3,9.4,74.0,WEST,9.7,19.3,1022.01,0.0,0.0,0,192,,
2025-01-31,16:15,14.1,9.4,76.0,WNW,12.9,19.3,1022.05,0.0,0.0,0,148,,
2025-01-31,16:30,13.8,9.4,77.0,WNW,12.9,22.5,1022.11,0.0,0.0,0,114,,
2025-01-31,16:45,13.6,9.4,78.0,WNW,16.1,20.9,1021.98,0.0,0.0,0,83,,
2025-01-31,17:00,13.4,10.0,81.0,WEST,12.9,16.1,1022.22,0.0,0.0,0,53,,
2025-01-31,17:15,13.0,10.0,82.0,WEST,12.9,16.1,1022.08,0.0,0.0,0,33,,
2025-01-31,17:30,12.8,10.0,83.0,WNW,6.4,20.9,1022.01,0.0,0.0,0,12,,
2025-01-31,17:45,12.6,9.4,83.0,WNW,9.7,17.7,1022.08,0.0,0.0,0,0,,
2025-01-31,18:00,12.3,9.4,84.0,WEST,4.8,16.1,1022.08,0.0,0.0,0,0,,
2025-01-31,18:15,11.9,9.4,85.0,NORTH,0.0,8.0,1022.05,0.0,0.0,0,0,,
2025-01-31,18:30,11.6,8.9,85.0,NORTH,0.0,0.0,1022.11,0.0,0.0,0,0,,
2025-01-31,18:45,11.3,8.9,85.0,NW,1.6,3.2,1022.55,0.0,0.0,0,0,,
2025-01-31,19:00,11.0,8.3,85.0,NORTH,0.0,3.2,1022.55,0.0,0.0,0,0,,
2025-01-31,19:15,10.4,7.8,85.0,NW,1.6,6.4,1022.82,0.0,0.0,0,0,,
2025-01-31,19:30,10.2,7.8,86.0,NW,3.2,4.8,1022.86,0.0,0.0,0,0,,
2025-01-31,19:45,10.6,8.3,87.0,NNW,1.6,8.0,1022.82,0.0,0.0,0,0,,
2025-01-31,20:00,10.3,8.3,87.0,NNE,1.6,4.8,1022.69,0.0,0.0,0,0,,
2025-01-31,20:15,10.1,7.8,87.0,NNE,3.2,4.8,1022.72,0.0,0.0,0,0,,
2025-01-31,20:30,9.9,7.8,87.0,EAST,3.2,6.4,1022.93,0.0,0.0,0,0,,
2025-01-31,20:45,9.8,7.8,88.0,EAST,1.6,6.4,1022.86,0.0,0.0,0,0,,
2025-01-31,21:00,9.8,7.8,88.0,EAST,1.6,4.8,1022.93,0.0,0.0,0,0,,
2025-01-31,21:15,9.8,7.8,88.0,ESE,4.8,6.4,1022.89,0.0,0.0,0,0,,
2025-01-31,21:30,9.8,7.8,88.0,ESE,3.2,4.8,1022.66,0.0,0.0,0,0,,
2025-01-31,21:45,9.8,7.8,88.0,ESE,3.2,3.2,1022.72,0.0,0.0,0,0,,
2025-01-31,22:00,9.9,7.8,88.0,NORTH,0.0,3.2,1022.79,0.0,0.0,0,0,,
2025-01-31,22:15,9.8,7.8,88.0,NORTH,0.0,3.2,1022.89,0.0,0.0,0,0,,
2025-01-31,22:30,9.4,7.2,88.0,ESE,1.6,4.8,1022.86,0.0,0.0,0,0,,
2025-01-31,22:45,9.4,7.8,89.0,ESE,3.2,3.2,1022.76,0.0,0.0,0,0,,
2025-01-31,23:00,9.3,7.2,89.0,ESE,4.8,4.8,1022.99,0.0,0.0,0,0,,
2025-01-31,23:15,9.7,7.8,89.0,ESE,3.2,4.8,1022.96,0.0,0.0,0,0,,
2025-01-31,23:30,9.7,7.8,89.0,ESE,1.6,3.2,1022.93,0.0,0.0,0,0,,
2025-01-31,23:45,9.8,7.8,90.0,ESE,3.2,4.8,1022.79,0.0,0.0,0,0,,
2025-01-01,OVR,,,,,,,,,,,,gustmax,22.5
2025-01-01,OVR,,,,,,,,,,,,rainrate_max,
2025-01-01,OVR,,,,,,,,,,,,rain_total_mm,0.0
2025-01-01,OVR,,,,,,,,,,,,tmax,14.4
2025-01-01,OVR,,,,,,,,,,,,tmin,7.7
2025-01-01,OVR,,,,,,,,,,,,wind_dir_mean_deg,90.0
2025-01-02,OVR,,,,,,,,,,,,gustmax,16.1
2025-01-02,OVR,,,,,,,,,,,,rainrate_max,
2025-01-02,OVR,,,,,,,,,,,,rain_total_mm,0.0
2025-01-02,OVR,,,,,,,,,,,,tmax,13.8
2025-01-02,OVR,,,,,,,,,,,,tmin,7.2
2025-01-02,OVR,,,,,,,,,,,,wind_dir_mean_deg,112.5
2025-01-03,OVR,,,,,,,,,,,,gustmax,43.5
2025-01-03,OVR,,,,,,,,,,,,rainrate_max,0.2
2025-01-03,OVR,,,,,,,,,,,,rain_total_mm,0.6
2025-01-03,OVR,,,,,,,,,,,,tmax,13.8
2025-01-03,OVR,,,,,,,,,,,,tmin,7.8
2025-01-03,OVR,,,,,,,,,,,,wind_dir_mean_deg,292.5
2025-01-04,OVR,,,,,,,,,,,,gustmax,41.8
2025-01-04,OVR,,,,,,,,,,,,rainrate_max,
2025-01-04,OVR,,,,,,,,,,,,rain_total_mm,0.0
2025-01-04,OVR,,,,,,,,,,,,tmax,12.7
2025-01-04,OVR,,,,,,,,,,,,tmin,8.5
2025-01-04,OVR,,,,,,,,,,,,wind_dir_mean_deg,292.5
2025-01-05,OVR,,,,,,,,,,,,gustmax,27.4
2025-01-05,OVR,,,,,,,,,,,,rainrate_max,
2025-01-05,OVR,,,,,,,,,,,,rain_total_mm,0.0
2025-01-05,OVR,,,,,,,,,,,,tmax,15.4
2025-01-05,OVR,,,,,,,,,,,,tmin,9.0
2025-01-05,OVR,,,,,,,,,,,,wind_dir_mean_deg,135.0
2025-01-06,OVR,,,,,,,,,,,,gustmax,27.4
2025-01-06,OVR,,,,,,,,,,,,rainrate_max,
2025-01-06,OVR,,,,,,,,,,,,rain_total_mm,0.0
2025-01-06,OVR,,,,,,,,,,,,tmax,16.2
2025-01-06,OVR,,,,,,,,,,,,tmin,8.5
2025-01-06,OVR,,,,,,,,,,,,wind_dir_mean_deg,135.0
2025-01-07,OVR,,,,,,,,,,,,gustmax,61.2
2025-01-07,OVR,,,,,,,,,,,,rainrate_max,3.2
2025-01-07,OVR,,,,,,,,,,,,rain_total_mm,2.4
2025-01-07,OVR,,,,,,,,,,,,tmax,12.2
2025-01-07,OVR,,,,,,,,,,,,tmin,9.2
2025-01-07,OVR,,,,,,,,,,,,wind_dir_mean_deg,292.5
2025-01-08,OVR,,,,,,,,,,,,gustmax,30.6
2025-01-08,OVR,,,,,,,,,,,,rainrate_max,
2025-01-08,OVR,,,,,,,,,,,,rain_total_mm,0.0
2025-01-08,OVR,,,,,,,,,,,,tmax,15.2
2025-01-08,OVR,,,,,,,,,,,,tmin,9.8
2025-01-08,OVR,,,,,,,,,,,,wind_dir_mean_deg,270.0
2025-01-09,OVR,,,,,,,,,,,,gustmax,53.1
2025-01-09,OVR,,,,,,,,,,,,rainrate_max,
2025-01-09,OVR,,,,,,,,,,,,rain_total_mm,0.0
2025-01-09,OVR,,,,,,,,,,,,tmax,15.3
2025-01-09,OVR,,,,,,,,,,,,tmin,8.4
2025-01-09,OVR,,,,,,,,,,,,wind_dir_mean_deg,292.5
2025-01-10,OVR,,,,,,,,,,,,gustmax,49.9
2025-01-10,OVR,,,,,,,,,,,,rainrate_max,
2025-01-10,OVR,,,,,,,,,,,,rain_total_mm,0.0
2025-01-10,OVR,,,,,,,,,,,,tmax,14.4
2025-01-10,OVR,,,,,,,,,,,,tmin,10.4
2025-01-10,OVR,,,,,,,,,,,,wind_dir_mean_deg,292.5
2025-01-11,OVR,,,,,,,,,,,,gustmax,46.7
2025-01-11,OVR,,,,,,,,,,,,rainrate_max,10.8
2025-01-11,OVR,,,,,,,,,,,,rain_total_mm,7.4
2025-01-11,OVR,,,,,,,,,,,,tmax,14.5
2025-01-11,OVR,,,,,,,,,,,,tmin,10.2
2025-01-11,OVR,,,,,,,,,,,,wind_dir_mean_deg,292.5
2025-01-12,OVR,,,,,,,,,,,,gustmax,37.0
2025-01-12,OVR,,,,,,,,,,,,rainrate_max,
2025-01-12,OVR,,,,,,,,,,,,rain_total_mm,0.0
2025-01-12,OVR,,,,,,,,,,,,tmax,10.3
2025-01-12,OVR,,,,,,,,,,,,tmin,6.2
2025-01-12,OVR,,,,,,,,,,,,wind_dir_mean_deg,337.5
2025-01-13,OVR,,,,,,,,,,,,gustmax,40.2
2025-01-13,OVR,,,,,,,,,,,,rainrate_max,
2025-01-13,OVR,,,,,,,,,,,,rain_total_mm,0.0
2025-01-13,OVR,,,,,,,,,,,,tmax,9.1
2025-01-13,OVR,,,,,,,,,,,,tmin,4.9
2025-01-13,OVR,,,,,,,,,,,,wind_dir_mean_deg,337.5
2025-01-14,OVR,,,,,,,,,,,,gustmax,22.5
2025-01-14,OVR,,,,,,,,,,,,rainrate_max,
2025-01-14,OVR,,,,,,,,,,,,rain_total_mm,0.0
2025-01-14,OVR,,,,,,,,,,,,tmax,10.8
2025-01-14,OVR,,,,,,,,,,,,tmin,3.0
2025-01-14,OVR,,,,,,,,,,,,wind_dir_mean_deg,337.5
2025-01-15,OVR,,,,,,,,,,,,gustmax,25.7
2025-01-15,OVR,,,,,,,,,,,,rainrate_max,
2025-01-15,OVR,,,,,,,,,,,,rain_total_mm,0.0
2025-01-15,OVR,,,,,,,,,,,,tmax,9.3
2025-01-15,OVR,,,,,,,,,,,,tmin,4.3
2025-01-15,OVR,,,,,,,,,,,,wind_dir_mean_deg,292.5
2025-01-16,OVR,,,,,,,,,,,,gustmax,30.6
2025-01-16,OVR,,,,,,,,,,,,rainrate_max,0.2
2025-01-16,OVR,,,,,,,,,,,,rain_total_mm,0.2
2025-01-16,OVR,,,,,,,,,,,,tmax,10.5
2025-01-16,OVR,,,,,,,,,,,,tmin,4.7
2025-01-16,OVR,,,,,,,,,,,,wind_dir_mean_deg,90.0
2025-01-17,OVR,,,,,,,,,,,,gustmax,40.2
2025-01-17,OVR,,,,,,,,,,,,rainrate_max,0.2
2025-01-17,OVR,,,,,,,,,,,,rain_total_mm,1.0
2025-01-17,OVR,,,,,,,,,,,,tmax,12.8
2025-01-17,OVR,,,,,,,,,,,,tmin,7.5
2025-01-17,OVR,,,,,,,,,,,,wind_dir_mean_deg,22.5
2025-01-18,OVR,,,,,,,,,,,,gustmax,40.2
2025-01-18,OVR,,,,,,,,,,,,rainrate_max,9.8
2025-01-18,OVR,,,,,,,,,,,,rain_total_mm,4.0
2025-01-18,OVR,,,,,,,,,,,,tmax,12.3
2025-01-18,OVR,,,,,,,,,,,,tmin,7.1
2025-01-18,OVR,,,,,,,,,,,,wind_dir_mean_deg,67.5
2025-01-19,OVR,,,,,,,,,,,,gustmax,27.4
2025-01-19,OVR,,,,,,,,,,,,rainrate_max,0.2
2025-01-19,OVR,,,,,,,,,,,,rain_total_mm,0.6
2025-01-19,OVR,,,,,,,,,,,,tmax,11.7
2025-01-19,OVR,,,,,,,,,,,,tmin,6.1
2025-01-19,OVR,,,,,,,,,,,,wind_dir_mean_deg,135.0
2025-01-20,OVR,,,,,,,,,,,,gustmax,32.2
2025-01-20,OVR,,,,,,,,,,,,rainrate_max,4.8
2025-01-20,OVR,,,,,,,,,,,,rain_total_mm,4.2
2025-01-20,OVR,,,,,,,,,,,,tmax,12.9
2025-01-20,OVR,,,,,,,,,,,,tmin,8.3
2025-01-20,OVR,,,,,,,,,,,,wind_dir_mean_deg,135.0
2025-01-21,OVR,,,,,,,,,,,,gustmax,25.7
2025-01-21,OVR,,,,,,,,,,,,rainrate_max,
2025-01-21,OVR,,,,,,,,,,,,rain_total_mm,0.0
2025-01-21,OVR,,,,,,,,,,,,tmax,13.3
2025-01-21,OVR,,,,,,,,,,,,tmin,7.3
2025-01-21,OVR,,,,,,,,,,,,wind_dir_mean_deg,135.0
2025-01-22,OVR,,,,,,,,,,,,gustmax,37.0
2025-01-22,OVR,,,,,,,,,,,,rainrate_max,
2025-01-22,OVR,,,,,,,,,,,,rain_total_mm,0.0
2025-01-22,OVR,,,,,,,,,,,,tmax,16.7
2025-01-22,OVR,,,,,,,,,,,,tmin,10.4
2025-01-22,OVR,,,,,,,,,,,,wind_dir_mean_deg,135.0
2025-01-23,OVR,,,,,,,,,,,,gustmax,32.2
2025-01-23,OVR,,,,,,,,,,,,rainrate_max,
2025-01-23,OVR,,,,,,,,,,,,rain_total_mm,0.0
2025-01-23,OVR,,,,,,,,,,,,tmax,18.4
2025-01-23,OVR,,,,,,,,,,,,tmin,11.3
2025-01-23,OVR,,,,,,,,,,,,wind_dir_mean_deg,270.0
2025-01-24,OVR,,,,,,,,,,,,gustmax,43.5
2025-01-24,OVR,,,,,,,,,,,,rainrate_max,
2025-01-24,OVR,,,,,,,,,,,,rain_total_mm,0.0
2025-01-24,OVR,,,,,,,,,,,,tmax,14.7
2025-01-24,OVR,,,,,,,,,,,,tmin,10.2
2025-01-24,OVR,,,,,,,,,,,,wind_dir_mean_deg,292.5
2025-01-25,OVR,,,,,,,,,,,,gustmax,35.4
2025-01-25,OVR,,,,,,,,,,,,rainrate_max,
2025-01-25,OVR,,,,,,,,,,,,rain_total_mm,0.0
2025-01-25,OVR,,,,,,,,,,,,tmax,15.2
2025-01-25,OVR,,,,,,,,,,,,tmin,10.5
2025-01-25,OVR,,,,,,,,,,,,wind_dir_mean_deg,135.0
2025-01-26,OVR,,,,,,,,,,,,gustmax,37.0
2025-01-26,OVR,,,,,,,,,,,,rainrate_max,
2025-01-26,OVR,,,,,,,,,,,,rain_total_mm,0.0
2025-01-26,OVR,,,,,,,,,,,,tmax,15.4
2025-01-26,OVR,,,,,,,,,,,,tmin,9.2
2025-01-26,OVR,,,,,,,,,,,,wind_dir_mean_deg,292.5
2025-01-27,OVR,,,,,,,,,,,,gustmax,53.1
2025-01-27,OVR,,,,,,,,,,,,rainrate_max,
2025-01-27,OVR,,,,,,,,,,,,rain_total_mm,0.0
2025-01-27,OVR,,,,,,,,,,,,tmax,20.1
2025-01-27,OVR,,,,,,,,,,,,tmin,9.5
2025-01-27,OVR,,,,,,,,,,,,wind_dir_mean_deg,112.5
2025-01-28,OVR,,,,,,,,,,,,gustmax,62.8
2025-01-28,OVR,,,,,,,,,,,,rainrate_max,27.6
2025-01-28,OVR,,,,,,,,,,,,rain_total_mm,1.2
2025-01-28,OVR,,,,,,,,,,,,tmax,18.1
2025-01-28,OVR,,,,,,,,,,,,tmin,8.4
2025-01-28,OVR,,,,,,,,,,,,wind_dir_mean_deg,292.5
2025-01-29,OVR,,,,,,,,,,,,gustmax,54.7
2025-01-29,OVR,,,,,,,,,,,,rainrate_max,53.6
2025-01-29,OVR,,,,,,,,,,,,rain_total_mm,1.2
2025-01-29,OVR,,,,,,,,,,,,tmax,12.8
2025-01-29,OVR,,,,,,,,,,,,tmin,7.8
2025-01-29,OVR,,,,,,,,,,,,wind_dir_mean_deg,292.5
2025-01-30,OVR,,,,,,,,,,,,gustmax,40.2
2025-01-30,OVR,,,,,,,,,,,,rainrate_max,
2025-01-30,OVR,,,,,,,,,,,,rain_total_mm,0.0
2025-01-30,OVR,,,,,,,,,,,,tmax,13.8
2025-01-30,OVR,,,,,,,,,,,,tmin,7.9
2025-01-30,OVR,,,,,,,,,,,,wind_dir_mean_deg,135.0
2025-01-31,OVR,,,,,,,,,,,,gustmax,22.5
2025-01-31,OVR,,,,,,,,,,,,rainrate_max,
2025-01-31,OVR,,,,,,,,,,,,rain_total_mm,0.0
2025-01-31,OVR,,,,,,,,,,,,tmax,15.2
2025-01-31,OVR,,,,,,,,,,,,tmin,8.8
2025-01-31,OVR,,,,,,,,,,,,wind_dir_mean_deg,112.5
