date,time,temp_c,dewpoint_c,rh_pct,wind_dir_txt,wind_kmh,gust_kmh,press_hpa,rain_acc_mm,rain_rate_mmph,uv,solar_wm2,key,value
2025-06-01,00:00,18.3,13.3,72.0,NORTH,0.0,4.8,1022.82,0.0,0.0,0,0,,
2025-06-01,00:15,18.2,12.8,72.0,SE,1.6,4.8,1022.86,0.0,0.0,0,0,,
2025-06-01,00:30,18.6,13.3,72.0,SE,3.2,6.4,1022.62,0.0,0.0,0,0,,
2025-06-01,00:45,18.8,13.3,72.0,SE,1.6,4.8,1022.62,0.0,0.0,0,0,,
2025-06-01,01:00,18.7,13.3,71.0,SE,1.6,4.8,1022.35,0.0,0.0,0,0,,
2025-06-01,01:15,18.8,13.3,70.0,SE,1.6,4.8,1022.18,0.0,0.0,0,0,,
2025-06-01,01:30,18.8,12.8,69.0,NORTH,0.0,4.8,1022.15,0.0,0.0,0,0,,
2025-06-01,01:45,18.5,12.8,69.0,SE,3.2,3.2,1022.01,0.0,0.0,0,0,,
2025-06-01,02:00,18.3,12.2,69.0,SE,3.2,4.8,1021.88,0.0,0.0,0,0,,
2025-06-01,02:15,18.1,12.2,69.0,NORTH,0.0,4.8,1021.88,0.0,0.0,0,0,,
2025-06-01,02:30,18.1,12.2,70.0,NORTH,0.0,1.6,1021.91,0.0,0.0,0,0,,
2025-06-01,02:45,17.8,12.2,72.0,SE,1.6,6.4,1021.78,0.0,0.0,0,0,,
2025-06-01,03:00,17.7,12.2,72.0,SE,1.6,4.8,1021.81,0.0,0.0,0,0,,
2025-06-01,03:15,17.6,12.2,72.0,SE,1.6,3.2,1021.67,0.0,0.0,0,0,,
2025-06-01,03:30,17.6,12.2,72.0,NORTH,0.0,3.2,1021.54,0.0,0.0,0,0,,
2025-06-01,03:45,17.7,12.2,72.0,NORTH,0.0,0.0,1021.47,0.0,0.0,0,0,,
2025-06-01,04:00,17.9,12.2,71.0,ESE,3.2,6.4,1021.44,0.0,0.0,0,0,,
2025-06-01,04:15,18.2,12.2,70.0,ESE,3.2,6.4,1021.27,0.0,0.0,0,0,,
2025-06-01,04:30,18.3,12.2,68.0,ESE,4.8,9.7,1021.2,0.0,0.0,0,0,,
2025-06-01,04:45,18.8,12.2,66.0,ESE,1.6,6.4,1021.27,0.0,0.0,0,0,,
2025-06-01,05:00,18.4,11.7,66.0,ESE,3.2,6.4,1021.13,0.0,0.0,0,0,,
2025-06-01,05:15,18.1,11.7,67.0,EAST,1.6,6.4,1021.3,0.0,0.0,0,0,,
2025-06-01,05:30,17.9,11.7,67.0,EAST,3.2,3.2,1021.23,0.0,0.0,0,0,,
2025-06-01,05:45,18.1,11.7,67.0,ESE,3.2,6.4,1021.23,0.0,0.0,0,0,,
2025-06-01,06:00,18.1,11.7,67.0,ESE,1.6,3.2,1021.3,0.0,0.0,0,0,,
2025-06-01,06:15,17.9,11.7,67.0,ESE,1.6,3.2,1021.44,0.0,0.0,0,12,,
2025-06-01,06:30,17.9,11.7,68.0,NORTH,0.0,4.8,1021.37,0.0,0.0,0,28,,
2025-06-01,06:45,18.3,12.2,67.0,NORTH,0.0,0.0,1021.47,0.0,0.0,0,65,,
2025-06-01,07:00,19.1,12.2,66.0,NORTH,0.0,0.0,1021.54,0.0,0.0,0,104,,
2025-06-01,07:15,19.7,12.8,65.0,NORTH,0.0,0.0,1021.71,0.0,0.0,0,144,,
2025-06-01,07:30,20.9,13.3,63.0,NORTH,0.0,0.0,1021.54,0.0,0.0,0,171,,
2025-06-01,07:45,21.4,13.3,62.0,NORTH,0.0,0.0,1021.81,0.0,0.0,1,223,,
2025-06-01,08:00,22.4,13.9,60.0,NORTH,0.0,0.0,1021.64,0.0,0.0,1,295,,
2025-06-01,08:15,23.3,13.9,55.0,NORTH,0.0,0.0,1021.74,0.0,0.0,1,346,,
2025-06-01,08:30,23.2,13.3,54.0,WNW,3.2,6.4,1021.81,0.0,0.0,1,371,,
2025-06-01,08:45,23.0,12.8,52.0,WNW,9.7,8.0,1021.88,0.0,0.0,2,374,,
2025-06-01,09:00,23.4,12.8,51.0,WNW,1.6,8.0,1021.71,0.0,0.0,2,387,,
2025-06-01,09:15,23.9,12.8,51.0,NORTH,0.0,3.2,1021.81,0.0,0.0,2,441,,
2025-06-01,09:30,24.1,13.3,52.0,WEST,6.4,4.8,1021.81,0.0,0.0,3,534,,
2025-06-01,09:45,24.6,13.3,50.0,NNW,1.6,6.4,1021.64,0.0,0.0,3,626,,
2025-06-01,10:00,25.2,13.3,49.0,NW,4.8,8.0,1021.88,0.0,0.0,4,598,,
2025-06-01,10:15,25.2,13.9,50.0,WEST,1.6,11.3,1021.94,0.0,0.0,4,717,,
2025-06-01,10:30,25.9,13.3,46.0,NORTH,0.0,14.5,1021.81,0.0,0.0,5,754,,
2025-06-01,10:45,26.1,13.3,46.0,WEST,1.6,14.5,1021.91,0.0,0.0,5,791,,
2025-06-01,11:00,26.4,13.3,45.0,SOUTH,3.2,17.7,1021.81,0.0,0.0,5,824,,
2025-06-01,11:15,26.4,13.3,45.0,WNW,4.8,20.9,1021.71,0.0,0.0,6,854,,
2025-06-01,11:30,26.6,13.3,44.0,WEST,11.3,17.7,1021.74,0.0,0.0,6,881,,
2025-06-01,11:45,27.0,12.2,40.0,WEST,4.8,20.9,1021.81,0.0,0.0,6,904,,
2025-06-01,12:00,27.3,11.7,39.0,WEST,12.9,22.5,1021.71,0.0,0.0,7,928,,
2025-06-01,12:15,27.3,12.2,40.0,WSW,4.8,17.7,1021.64,0.0,0.0,7,939,,
2025-06-01,12:30,27.7,12.8,41.0,NW,14.5,22.5,1021.37,0.0,0.0,7,951,,
2025-06-01,12:45,28.0,12.8,39.0,WEST,4.8,22.5,1021.44,0.0,0.0,7,963,,
2025-06-01,13:00,28.1,12.8,38.0,WSW,3.2,19.3,1021.37,0.0,0.0,7,967,,
2025-06-01,13:15,27.9,12.2,38.0,WNW,4.8,29.0,1021.44,0.0,0.0,7,965,,
2025-06-01,13:30,28.4,12.8,39.0,NW,1.6,17.7,1021.47,0.0,0.0,7,962,,
2025-06-01,13:45,28.4,12.8,39.0,NW,3.2,17.7,1021.23,0.0,0.0,7,958,,
2025-06-01,14:00,29.2,13.3,38.0,NW,17.7,27.4,1021.2,0.0,0.0,7,944,,
2025-06-01,14:15,29.0,12.2,36.0,ENE,11.3,29.0,1021.23,0.0,0.0,7,935,,
2025-06-01,14:30,29.2,12.8,37.0,ESE,22.5,35.4,1021.37,0.0,0.0,7,919,,
2025-06-01,14:45,29.2,12.8,37.0,WNW,12.9,25.7,1021.06,0.0,0.0,7,900,,
2025-06-01,15:00,29.1,12.8,37.0,WNW,12.9,25.7,1021.2,0.0,0.0,6,877,,
2025-06-01,15:15,28.6,12.8,37.0,NW,19.3,35.4,1021.13,0.0,0.0,6,849,,
2025-06-01,15:30,28.4,12.8,38.0,WNW,25.7,32.2,1021.3,0.0,0.0,5,819,,
2025-06-01,15:45,27.8,12.8,39.0,WNW,12.9,32.2,1021.13,0.0,0.0,5,789,,
2025-06-01,16:00,27.7,12.8,41.0,WEST,16.1,37.0,1021.1,0.0,0.0,5,752,,
2025-06-01,16:15,28.0,12.8,40.0,WNW,12.9,37.0,1021.13,0.0,0.0,4,719,,
2025-06-01,16:30,27.8,12.2,38.0,NW,19.3,38.6,1020.96,0.0,0.0,4,680,,
2025-06-01,16:45,27.6,13.3,41.0,WNW,30.6,33.8,1021.13,0.0,0.0,3,638,,
2025-06-01,17:00,27.6,12.8,40.0,WNW,16.1,33.8,1020.83,0.0,0.0,3,592,,
2025-06-01,17:15,26.9,12.8,42.0,WEST,20.9,33.8,1020.96,0.0,0.0,2,548,,
2025-06-01,17:30,26.7,13.3,44.0,WEST,20.9,35.4,1020.89,0.0,0.0,2,501,,
2025-06-01,17:45,26.7,13.9,45.0,WNW,12.9,32.2,1020.96,0.0,0.0,2,452,,
2025-06-01,18:00,26.2,12.8,44.0,WNW,12.9,29.0,1021.06,0.0,0.0,2,404,,
2025-06-01,18:15,26.4,11.7,40.0,WNW,16.1,27.4,1020.96,0.0,0.0,1,352,,
2025-06-01,18:30,26.3,12.2,42.0,WEST,9.7,29.0,1021.03,0.0,0.0,1,302,,
2025-06-01,18:45,26.2,12.8,43.0,ENE,16.1,25.7,1020.89,0.0,0.0,1,257,,
2025-06-01,19:00,26.2,12.2,43.0,WEST,14.5,24.1,1020.69,0.0,0.0,1,209,,
2025-06-01,19:15,25.9,12.8,45.0,WNW,11.3,22.5,1020.62,0.0,0.0,0,158,,
2025-06-01,19:30,25.7,12.8,45.0,WNW,11.3,25.7,1020.62,0.0,0.0,0,109,,
2025-06-01,19:45,25.0,12.2,46.0,WNW,14.5,30.6,1020.69,0.0,0.0,0,69,,
2025-06-01,20:00,24.6,12.8,47.0,WNW,4.8,24.1,1020.76,0.0,0.0,0,35,,
2025-06-01,20:15,24.2,11.7,46.0,WNW,8.0,20.9,1020.89,0.0,0.0,0,19,,
2025-06-01,20:30,24.1,11.7,46.0,NW,4.8,14.5,1020.69,0.0,0.0,0,12,,
2025-06-01,20:45,23.7,11.1,46.0,WNW,6.4,14.5,1020.93,0.0,0.0,0,0,,
2025-06-01,21:00,23.3,11.1,46.0,WNW,12.9,12.9,1020.83,0.0,0.0,0,0,,
2025-06-01,21:15,23.2,10.0,44.0,WNW,4.8,12.9,1021,0.0,0.0,0,0,,
2025-06-01,21:30,22.9,10.6,46.0,WNW,3.2,4.8,1021.23,0.0,0.0,0,0,,
2025-06-01,21:45,22.1,11.1,50.0,WEST,3.2,3.2,1021.54,0.0,0.0,0,0,,
2025-06-01,22:00,21.6,11.1,52.0,NORTH,0.0,3.2,1021.67,0.0,0.0,0,0,,
2025-06-01,22:15,20.9,11.1,54.0,NORTH,0.0,1.6,1021.71,0.0,0.0,0,0,,
2025-06-01,22:30,20.6,11.1,56.0,NORTH,0.0,3.2,1021.71,0.0,0.0,0,0,,
2025-06-01,22:45,20.6,11.1,55.0,NORTH,0.0,1.6,1021.78,0.0,0.0,0,0,,
2025-06-01,23:00,20.5,10.6,53.0,NORTH,0.0,0.0,1021.71,0.0,0.0,0,0,,
2025-06-01,23:15,20.2,10.0,52.0,WEST,1.6,4.8,1021.67,0.0,0.0,0,0,,
2025-06-01,23:30,20.5,10.6,53.0,NORTH,0.0,3.2,1021.61,0.0,0.0,0,0,,
2025-06-01,23:45,20.5,10.0,51.0,WSW,3.2,4.8,1021.54,0.0,0.0,0,0,,
2025-06-02,00:00,20.4,10.6,54.0,EAST,3.2,6.4,1021.33,0.0,0.0,0,0,,
2025-06-02,00:15,20.3,10.6,54.0,SE,8.0,9.7,1021.3,0.0,0.0,0,0,,
2025-06-02,00:30,20.6,10.6,53.0,ESE,3.2,11.3,1021.27,0.0,0.0,0,0,,
2025-06-02,00:45,20.3,10.0,52.0,ESE,3.2,4.8,1021.1,0.0,0.0,0,0,,
2025-06-02,01:00,19.8,10.0,53.0,ESE,1.6,6.4,1021.27,0.0,0.0,0,0,,
2025-06-02,01:15,19.8,9.4,52.0,ESE,3.2,6.4,1021.3,0.0,0.0,0,0,,
2025-06-02,01:30,19.8,10.6,55.0,NORTH,0.0,3.2,1021.27,0.0,0.0,0,0,,
2025-06-02,01:45,19.7,11.1,59.0,ESE,3.2,4.8,1021.44,0.0,0.0,0,0,,
2025-06-02,02:00,19.8,12.2,63.0,SE,11.3,14.5,1021.06,0.0,0.0,0,0,,
2025-06-02,02:15,20.1,13.3,65.0,ESE,12.9,16.1,1020.89,0.0,0.0,0,0,,
2025-06-02,02:30,19.6,12.8,66.0,SE,6.4,17.7,1020.89,0.0,0.0,0,0,,
2025-06-02,02:45,19.3,12.8,67.0,SE,12.9,20.9,1020.76,0.0,0.0,0,0,,
2025-06-02,03:00,19.6,12.2,63.0,ESE,16.1,22.5,1020.59,0.0,0.0,0,0,,
2025-06-02,03:15,20.2,12.8,63.0,SE,17.7,24.1,1020.56,0.0,0.0,0,0,,
2025-06-02,03:30,20.5,12.8,61.0,SE,16.1,19.3,1020.52,0.0,0.0,0,0,,
2025-06-02,03:45,20.6,12.8,61.0,ESE,14.5,19.3,1020.45,0.0,0.0,0,0,,
2025-06-02,04:00,20.1,12.8,63.0,SE,14.5,20.9,1020.52,0.0,0.0,0,0,,
2025-06-02,04:15,19.7,12.8,65.0,SE,16.1,22.5,1020.45,0.0,0.0,0,0,,
2025-06-02,04:30,19.7,12.2,64.0,SE,16.1,22.5,1020.52,0.0,0.0,0,0,,
2025-06-02,04:45,19.8,12.8,64.0,ESE,14.5,20.9,1020.52,0.0,0.0,0,0,,
2025-06-02,05:00,19.9,12.2,61.0,SE,12.9,25.7,1020.45,0.0,0.0,0,0,,
2025-06-02,05:15,20.0,11.7,60.0,ESE,9.7,17.7,1020.49,0.0,0.0,0,0,,
2025-06-02,05:30,19.7,11.7,59.0,ESE,11.3,12.9,1020.42,0.0,0.0,0,0,,
2025-06-02,05:45,19.3,11.1,61.0,ESE,9.7,12.9,1020.49,0.0,0.0,0,0,,
2025-06-02,06:00,19.0,11.1,62.0,ESE,4.8,14.5,1020.39,0.0,0.0,0,0,,
2025-06-02,06:15,19.1,11.7,62.0,EAST,9.7,11.3,1020.73,0.0,0.0,0,18,,
2025-06-02,06:30,19.1,11.7,62.0,ESE,6.4,11.3,1020.66,0.0,0.0,0,39,,
2025-06-02,06:45,19.6,11.7,62.0,EAST,1.6,11.3,1020.76,0.0,0.0,0,69,,
2025-06-02,07:00,19.9,11.7,60.0,ESE,3.2,6.4,1020.83,0.0,0.0,0,97,,
2025-06-02,07:15,20.3,12.2,60.0,ESE,4.8,11.3,1020.86,0.0,0.0,0,153,,
2025-06-02,07:30,20.7,12.2,60.0,ESE,6.4,11.3,1020.96,0.0,0.0,0,111,,
2025-06-02,07:45,21.5,12.8,58.0,SE,12.9,22.5,1020.93,0.0,0.0,1,221,,
2025-06-02,08:00,22.1,13.3,57.0,ESE,6.4,20.9,1020.83,0.0,0.0,1,265,,
2025-06-02,08:15,22.3,13.3,56.0,SE,14.5,20.9,1020.83,0.0,0.0,1,348,,
2025-06-02,08:30,22.7,12.8,55.0,SE,8.0,29.0,1020.86,0.0,0.0,1,374,,
2025-06-02,08:45,23.4,12.8,52.0,ESE,11.3,19.3,1021.03,0.0,0.0,2,380,,
2025-06-02,09:00,23.6,12.8,51.0,ESE,6.4,16.1,1020.96,0.0,0.0,2,392,,
2025-06-02,09:15,23.7,13.3,52.0,EAST,4.8,19.3,1020.96,0.0,0.0,2,434,,
2025-06-02,09:30,24.3,13.3,52.0,SSE,12.9,22.5,1020.83,0.0,0.0,3,527,,
2025-06-02,09:45,24.6,13.3,50.0,SE,8.0,24.1,1020.73,0.0,0.0,3,621,,
2025-06-02,10:00,25.2,13.3,49.0,ESE,8.0,25.7,1020.83,0.0,0.0,4,628,,
2025-06-02,10:15,25.6,13.3,47.0,SE,17.7,27.4,1020.79,0.0,0.0,4,712,,
2025-06-02,10:30,25.8,12.8,44.0,SSE,19.3,27.4,1020.89,0.0,0.0,4,747,,
2025-06-02,10:45,26.2,13.3,45.0,ESE,20.9,27.4,1020.66,0.0,0.0,5,770,,
2025-06-02,11:00,26.3,12.8,43.0,SE,17.7,32.2,1020.59,0.0,0.0,5,814,,
2025-06-02,11:15,26.7,13.3,44.0,ESE,24.1,33.8,1020.56,0.0,0.0,6,842,,
2025-06-02,11:30,26.8,13.3,44.0,ESE,9.7,35.4,1020.76,0.0,0.0,6,868,,
2025-06-02,11:45,26.8,13.3,44.0,SE,20.9,43.5,1020.69,0.0,0.0,6,893,,
2025-06-02,12:00,27.4,13.3,42.0,SE,12.9,40.2,1020.86,0.0,0.0,7,914,,
2025-06-02,12:15,27.1,13.3,43.0,SE,32.2,41.8,1020.76,0.0,0.0,7,930,,
2025-06-02,12:30,27.4,13.3,43.0,SE,27.4,33.8,1020.73,0.0,0.0,7,944,,
2025-06-02,12:45,27.8,13.3,41.0,SSE,25.7,38.6,1020.56,0.0,0.0,7,953,,
2025-06-02,13:00,27.8,12.8,39.0,SE,22.5,40.2,1020.66,0.0,0.0,7,960,,
2025-06-02,13:15,27.8,12.8,39.0,ESE,25.7,41.8,1020.69,0.0,0.0,7,962,,
2025-06-02,13:30,27.8,12.2,38.0,ESE,14.5,41.8,1020.52,0.0,0.0,7,962,,
2025-06-02,13:45,28.1,12.8,39.0,SSE,25.7,49.9,1020.35,0.0,0.0,7,956,,
2025-06-02,14:00,28.4,12.8,38.0,SSE,24.1,45.1,1020.29,0.0,0.0,7,949,,
2025-06-02,14:15,28.6,12.8,37.0,SE,19.3,38.6,1020.22,0.0,0.0,7,935,,
2025-06-02,14:30,28.9,12.8,37.0,SE,27.4,46.7,1020.12,0.0,0.0,7,923,,
2025-06-02,14:45,28.4,11.7,35.0,SE,22.5,45.1,1019.88,0.0,0.0,7,909,,
2025-06-02,15:00,28.4,12.2,36.0,SSE,32.2,48.3,1019.74,0.0,0.0,6,895,,
2025-06-02,15:15,28.8,12.2,36.0,SE,14.5,40.2,1019.81,0.0,0.0,6,847,,
2025-06-02,15:30,28.4,10.0,32.0,SE,20.9,51.5,1019.3,0.0,0.0,6,840,,
2025-06-02,15:45,28.8,10.6,32.0,SE,24.1,41.8,1019.44,0.0,0.0,5,812,,
2025-06-02,16:00,28.4,11.1,34.0,SSE,25.7,41.8,1019.47,0.0,0.0,5,772,,
2025-06-02,16:15,28.2,10.6,33.0,SE,38.6,41.8,1019.13,0.0,0.0,4,752,,
2025-06-02,16:30,28.2,10.0,32.0,SE,35.4,41.8,1019.4,0.0,0.0,4,703,,
2025-06-02,16:45,28.2,9.4,31.0,SE,25.7,37.0,1019.13,0.0,0.0,3,661,,
2025-06-02,17:00,27.9,8.9,30.0,ESE,27.4,41.8,1019.2,0.0,0.0,3,624,,
2025-06-02,17:15,27.8,8.9,31.0,SSE,22.5,35.4,1019.17,0.0,0.0,2,575,,
2025-06-02,17:30,27.7,8.9,30.0,SSE,12.9,37.0,1019,0.0,0.0,2,524,,
2025-06-02,17:45,27.3,8.9,31.0,SE,25.7,41.8,1019.1,0.0,0.0,2,462,,
2025-06-02,18:00,27.1,8.9,32.0,SE,17.7,38.6,1019.2,0.0,0.0,2,397,,
2025-06-02,18:15,26.8,9.4,34.0,ESE,24.1,37.0,1018.93,0.0,0.0,1,348,,
2025-06-02,18:30,26.6,8.9,33.0,SE,17.7,37.0,1018.66,0.0,0.0,1,288,,
2025-06-02,18:45,26.1,10.0,36.0,SE,27.4,38.6,1018.83,0.0,0.0,1,244,,
2025-06-02,19:00,25.8,10.0,37.0,ESE,24.1,45.1,1018.66,0.0,0.0,1,255,,
2025-06-02,19:15,25.5,10.6,39.0,SE,19.3,35.4,1018.8,0.0,0.0,0,165,,
2025-06-02,19:30,24.8,10.6,42.0,SE,14.5,35.4,1018.96,0.0,0.0,0,46,,
2025-06-02,19:45,24.3,11.1,44.0,ESE,14.5,32.2,1019,0.0,0.0,0,33,,
2025-06-02,20:00,23.7,12.2,49.0,SE,12.9,24.1,1019.1,0.0,0.0,0,25,,
2025-06-02,20:15,22.8,12.8,54.0,SE,16.1,22.5,1019.3,0.0,0.0,0,18,,
2025-06-02,20:30,22.2,13.3,58.0,SE,11.3,22.5,1019.47,0.0,0.0,0,7,,
2025-06-02,20:45,21.8,13.3,60.0,SE,9.7,27.4,1019.4,0.0,0.0,0,0,,
2025-06-02,21:00,21.4,13.9,62.0,SE,12.9,25.7,1019.34,0.0,0.0,0,0,,
2025-06-02,21:15,21.2,13.9,62.0,SE,14.5,22.5,1019.47,0.0,0.0,0,0,,
2025-06-02,21:30,21.1,13.9,63.0,SE,14.5,27.4,1019.34,0.0,0.0,0,0,,
2025-06-02,21:45,20.8,13.9,65.0,SE,16.1,25.7,1019.47,0.0,0.0,0,0,,
2025-06-02,22:00,20.7,13.9,66.0,SE,14.5,25.7,1019.37,0.0,0.0,0,0,,
2025-06-02,22:15,20.4,13.9,67.0,ESE,6.4,22.5,1019.64,0.0,0.0,0,0,,
2025-06-02,22:30,20.2,13.3,66.0,ESE,12.9,19.3,1019.88,0.0,0.0,0,0,,
2025-06-02,22:45,20.3,13.3,64.0,SE,17.7,20.9,1020.12,0.0,0.0,0,0,,
2025-06-02,23:00,20.8,13.3,62.0,SE,16.1,33.8,1020.05,0.0,0.0,0,0,,
2025-06-02,23:15,20.6,12.8,63.0,ESE,8.0,27.4,1019.98,0.0,0.0,0,0,,
2025-06-02,23:30,20.3,12.8,64.0,ESE,11.3,17.7,1020.01,0.0,0.0,0,0,,
2025-06-02,23:45,20.1,12.8,62.0,ESE,9.7,14.5,1019.74,0.0,0.0,0,0,,
2025-06-03,00:00,19.9,12.2,62.0,ESE,9.7,16.1,1019.88,0.0,0.0,0,0,,
2025-06-03,00:15,19.8,12.2,62.0,ESE,11.3,12.9,1019.74,0.0,0.0,0,0,,
2025-06-03,00:30,19.8,12.2,62.0,SE,16.1,17.7,1019.47,0.0,0.0,0,0,,
2025-06-03,00:45,19.9,12.2,62.0,ESE,6.4,19.3,1019.47,0.0,0.0,0,0,,
2025-06-03,01:00,19.5,12.2,62.0,ESE,12.9,16.1,1019.24,0.0,0.0,0,0,,
2025-06-03,01:15,19.3,12.2,63.0,EAST,9.7,22.5,1019.03,0.0,0.0,0,0,,
2025-06-03,01:30,19.2,12.2,64.0,ESE,9.7,20.9,1018.86,0.0,0.0,0,0,,
2025-06-03,01:45,19.1,11.7,64.0,ESE,9.7,22.5,1018.66,0.0,0.0,0,0,,
2025-06-03,02:00,18.9,11.7,63.0,ESE,9.7,16.1,1018.49,0.0,0.0,0,0,,
2025-06-03,02:15,19.1,11.7,62.0,SE,12.9,22.5,1018.32,0.0,0.0,0,0,,
2025-06-03,02:30,19.1,11.1,61.0,ESE,6.4,16.1,1018.42,0.0,0.0,0,0,,
2025-06-03,02:45,19.2,10.6,58.0,SE,11.3,20.9,1018.19,0.0,0.0,0,0,,
2025-06-03,03:00,19.2,10.6,57.0,SE,11.3,20.9,1018.19,0.0,0.0,0,0,,
2025-06-03,03:15,19.4,10.6,57.0,SE,22.5,35.4,1017.98,0.0,0.0,0,0,,
2025-06-03,03:30,19.0,10.6,58.0,ESE,9.7,29.0,1017.98,0.0,0.0,0,0,,
2025-06-03,03:45,18.8,10.6,58.0,SE,8.0,24.1,1018.02,0.0,0.0,0,0,,
2025-06-03,04:00,18.6,10.0,58.0,ESE,9.7,14.5,1017.75,0.0,0.0,0,0,,
2025-06-03,04:15,18.4,10.6,60.0,ENE,11.3,17.7,1017.85,0.0,0.0,0,0,,
2025-06-03,04:30,17.9,10.6,63.0,ESE,3.2,14.5,1017.68,0.0,0.0,0,0,,
2025-06-03,04:45,17.7,10.6,64.0,ESE,11.3,17.7,1017.64,0.0,0.0,0,0,,
2025-06-03,05:00,17.7,10.6,64.0,ESE,12.9,19.3,1017.31,0.0,0.0,0,0,,
2025-06-03,05:15,17.8,10.6,64.0,ESE,16.1,22.5,1017.24,0.0,0.0,0,0,,
2025-06-03,05:30,17.6,10.6,65.0,SE,12.9,24.1,1017.14,0.0,0.0,0,0,,
2025-06-03,05:45,17.5,11.1,66.0,EAST,14.5,27.4,1017.2,0.0,0.0,0,0,,
2025-06-03,06:00,17.3,11.1,67.0,ESE,11.3,25.7,1017.2,0.0,0.0,0,0,,
2025-06-03,06:15,17.2,11.1,67.0,ESE,9.7,20.9,1017.34,0.0,0.0,0,11,,
2025-06-03,06:30,17.4,11.1,66.0,EAST,9.7,19.3,1017.54,0.0,0.0,0,32,,
2025-06-03,06:45,17.7,11.1,66.0,ESE,9.7,24.1,1017.41,0.0,0.0,0,67,,
2025-06-03,07:00,18.1,11.1,65.0,ESE,9.7,17.7,1017.78,0.0,0.0,0,107,,
2025-06-03,07:15,18.5,11.7,65.0,NORTH,0.0,16.1,1017.88,0.0,0.0,0,155,,
2025-06-03,07:30,18.9,11.7,64.0,ESE,12.9,17.7,1017.81,0.0,0.0,0,183,,
2025-06-03,07:45,19.3,12.2,64.0,ESE,9.7,24.1,1017.78,0.0,0.0,1,251,,
2025-06-03,08:00,19.7,12.2,64.0,ESE,11.3,17.7,1017.88,0.0,0.0,1,279,,
2025-06-03,08:15,20.2,12.8,63.0,ESE,6.4,20.9,1017.85,0.0,0.0,1,343,,
2025-06-03,08:30,20.6,12.2,60.0,EAST,6.4,19.3,1017.95,0.0,0.0,1,376,,
2025-06-03,08:45,21.2,12.2,58.0,ESE,11.3,24.1,1017.91,0.0,0.0,2,387,,
2025-06-03,09:00,21.9,11.7,53.0,ESE,16.1,30.6,1017.95,0.0,0.0,2,396,,
2025-06-03,09:15,22.4,11.7,50.0,ESE,17.7,30.6,1018.02,0.0,0.0,2,434,,
2025-06-03,09:30,22.7,10.0,45.0,SSE,11.3,37.0,1017.78,0.0,0.0,3,526,,
2025-06-03,09:45,23.6,10.0,42.0,SE,17.7,37.0,1017.95,0.0,0.0,3,613,,
2025-06-03,10:00,24.0,10.6,43.0,ESE,20.9,29.0,1017.85,0.0,0.0,3,629,,
2025-06-03,10:15,24.6,11.1,44.0,ESE,20.9,33.8,1017.61,0.0,0.0,4,712,,
2025-06-03,10:30,24.9,11.7,43.0,ESE,30.6,33.8,1017.54,0.0,0.0,4,749,,
2025-06-03,10:45,25.2,11.7,42.0,SE,25.7,37.0,1017.37,0.0,0.0,5,784,,
2025-06-03,11:00,25.4,12.2,45.0,SE,22.5,38.6,1017.37,0.0,0.0,5,812,,
2025-06-03,11:15,25.6,13.3,47.0,SE,33.8,37.0,1017.24,0.0,0.0,5,840,,
2025-06-03,11:30,25.6,13.3,47.0,SE,19.3,35.4,1017.2,0.0,0.0,6,865,,
2025-06-03,11:45,25.9,13.9,47.0,SE,20.9,38.6,1017.64,0.0,0.0,6,889,,
2025-06-03,12:00,26.1,14.4,48.0,SSE,25.7,37.0,1017.37,0.0,0.0,6,911,,
2025-06-03,12:15,25.8,14.4,49.0,SE,17.7,38.6,1017.2,0.0,0.0,7,919,,
2025-06-03,12:30,26.6,14.4,48.0,ESE,24.1,38.6,1017.31,0.0,0.0,7,935,,
2025-06-03,12:45,25.8,13.3,46.0,SE,40.2,41.8,1016.97,0.0,0.0,7,946,,
2025-06-03,13:00,26.6,14.4,47.0,SE,27.4,38.6,1017.14,0.0,0.0,7,947,,
2025-06-03,13:15,26.1,13.9,47.0,SE,12.9,41.8,1017.31,0.0,0.0,7,953,,
2025-06-03,13:30,26.7,13.9,46.0,SE,20.9,35.4,1017.34,0.0,0.0,7,909,,
2025-06-03,13:45,27.0,15.6,49.0,SSE,24.1,37.0,1017.31,0.0,0.0,7,951,,
2025-06-03,14:00,26.2,14.4,49.0,SE,27.4,41.8,1017,0.0,0.0,7,912,,
2025-06-03,14:15,26.1,15.0,52.0,SSE,35.4,41.8,1017.1,0.0,0.0,6,865,,
2025-06-03,14:30,26.1,15.0,50.0,ESE,24.1,41.8,1017.07,0.0,0.0,6,921,,
2025-06-03,14:45,25.7,15.0,53.0,SE,27.4,41.8,1017.14,0.0,0.0,6,800,,
2025-06-03,15:00,25.3,15.6,55.0,SE,37.0,45.1,1016.97,0.0,0.0,6,879,,
2025-06-03,15:15,25.1,16.1,57.0,SSE,17.7,41.8,1016.97,0.0,0.0,5,824,,
2025-06-03,15:30,25.0,16.1,58.0,ESE,30.6,40.2,1016.93,0.0,0.0,5,812,,
2025-06-03,15:45,25.3,16.1,58.0,SSE,12.9,43.5,1017.2,0.0,0.0,5,761,,
2025-06-03,16:00,24.6,16.1,59.0,SE,25.7,41.8,1017.14,0.0,0.0,4,666,,
2025-06-03,16:15,24.4,16.1,61.0,SE,30.6,48.3,1017.07,0.0,0.0,4,696,,
2025-06-03,16:30,25.1,16.1,59.0,SE,25.7,41.8,1017.31,0.0,0.0,4,689,,
2025-06-03,16:45,24.7,16.1,59.0,SE,24.1,43.5,1017.07,0.0,0.0,3,619,,
2025-06-03,17:00,24.6,16.7,61.0,SSE,16.1,46.7,1017.31,0.0,0.0,3,577,,
2025-06-03,17:15,24.2,16.1,60.0,SSE,51.5,43.5,1017.31,0.0,0.0,2,534,,
2025-06-03,17:30,24.1,16.1,62.0,SE,25.7,38.6,1016.93,0.0,0.0,2,455,,
2025-06-03,17:45,23.8,16.1,62.0,SE,35.4,45.1,1017.2,0.0,0.0,2,418,,
2025-06-03,18:00,23.6,16.1,64.0,SE,25.7,41.8,1017,0.0,0.0,1,406,,
2025-06-03,18:15,23.7,16.7,65.0,SE,22.5,37.0,1017.1,0.0,0.0,1,327,,
2025-06-03,18:30,22.9,16.1,66.0,SE,33.8,43.5,1016.7,0.0,0.0,1,272,,
2025-06-03,18:45,22.8,16.7,68.0,SE,22.5,38.6,1016.83,0.0,0.0,1,267,,
2025-06-03,19:00,22.7,16.7,69.0,SSE,19.3,33.8,1016.76,0.0,0.0,0,172,,
2025-06-03,19:15,22.4,16.7,70.0,SE,22.5,35.4,1016.8,0.0,0.0,0,178,,
2025-06-03,19:30,22.1,16.7,72.0,SE,29.0,35.4,1016.93,0.0,0.0,0,111,,
2025-06-03,19:45,21.5,16.1,73.0,SE,22.5,37.0,1017.14,0.0,0.0,0,72,,
2025-06-03,20:00,21.2,16.1,74.0,SE,20.9,32.2,1017.31,0.0,0.0,0,42,,
2025-06-03,20:15,20.6,16.1,76.0,SE,25.7,35.4,1017.07,0.0,0.0,0,25,,
2025-06-03,20:30,20.2,16.1,78.0,SE,25.7,32.2,1017.24,0.0,0.0,0,11,,
2025-06-03,20:45,19.7,16.1,80.0,SE,32.2,37.0,1016.93,0.0,0.0,0,0,,
2025-06-03,21:00,19.3,16.1,82.0,SE,25.7,35.4,1017.03,0.0,0.0,0,0,,
2025-06-03,21:15,19.1,16.1,83.0,SE,20.9,33.8,1017.34,0.0,0.0,0,0,,
2025-06-03,21:30,18.8,15.6,84.0,SE,20.9,33.8,1017.58,0.0,0.0,0,0,,
2025-06-03,21:45,18.7,16.1,84.0,ESE,17.7,30.6,1017.64,0.0,0.0,0,0,,
2025-06-03,22:00,18.6,15.6,85.0,SE,27.4,32.2,1017.85,0.0,0.0,0,0,,
2025-06-03,22:15,18.4,15.6,86.0,SE,17.7,29.0,1018.22,0.0,0.0,0,0,,
2025-06-03,22:30,18.1,15.6,86.0,EAST,14.5,27.4,1018.32,0.0,0.0,0,0,,
2025-06-03,22:45,18.1,15.6,86.0,SE,27.4,27.4,1018.35,0.0,0.0,0,0,,
2025-06-03,23:00,18.2,15.6,85.0,SE,27.4,30.6,1018.49,0.0,0.0,0,0,,
2025-06-03,23:15,18.2,15.6,84.0,SE,17.7,30.6,1018.39,0.0,0.0,0,0,,
2025-06-03,23:30,18.1,15.0,84.0,SE,17.7,20.9,1018.29,0.0,0.0,0,0,,
2025-06-03,23:45,18.0,15.0,84.0,ESE,11.3,25.7,1018.32,0.0,0.0,0,0,,
2025-06-04,00:00,17.9,15.0,85.0,ESE,6.4,22.5,1018.42,0.0,0.0,0,0,,
2025-06-04,00:15,17.7,15.0,85.0,ESE,9.7,14.5,1018.39,0.0,0.0,0,0,,
2025-06-04,00:30,17.6,15.0,85.0,ESE,8.0,19.3,1018.29,0.0,0.0,0,0,,
2025-06-04,00:45,17.5,15.0,85.0,ESE,4.8,12.9,1018.29,0.0,0.0,0,0,,
2025-06-04,01:00,17.4,14.4,85.0,ESE,6.4,11.3,1018.12,0.0,0.0,0,0,,
2025-06-04,01:15,17.3,14.4,85.0,ESE,8.0,14.5,1018.05,0.0,0.0,0,0,,
2025-06-04,01:30,17.2,14.4,84.0,ESE,4.8,12.9,1018.15,0.0,0.0,0,0,,
2025-06-04,01:45,17.3,14.4,84.0,EAST,6.4,17.7,1018.12,0.0,0.0,0,0,,
2025-06-04,02:00,17.4,14.4,83.0,SE,14.5,19.3,1017.78,0.0,0.0,0,0,,
2025-06-04,02:15,17.5,14.4,83.0,ESE,16.1,24.1,1017.58,0.0,0.0,0,0,,
2025-06-04,02:30,17.6,14.4,83.0,ESE,11.3,25.7,1017.41,0.0,0.0,0,0,,
2025-06-04,02:45,17.6,14.4,82.0,ESE,12.9,25.7,1017.58,0.0,0.0,0,0,,
2025-06-04,03:00,17.6,14.4,83.0,ESE,12.9,25.7,1017.34,0.0,0.0,0,0,,
2025-06-04,03:15,17.5,14.4,83.0,ESE,12.9,27.4,1017.24,0.0,0.0,0,0,,
2025-06-04,03:30,17.5,14.4,83.0,ESE,11.3,25.7,1017.14,0.0,0.0,0,0,,
2025-06-04,03:45,17.4,14.4,83.0,EAST,17.7,24.1,1017,0.0,0.0,0,0,,
2025-06-04,04:00,17.5,14.4,84.0,EAST,16.1,25.7,1016.97,0.0,0.0,0,0,,
2025-06-04,04:15,17.4,14.4,84.0,ESE,19.3,25.7,1016.8,0.0,0.0,0,0,,
2025-06-04,04:30,17.3,14.4,84.0,EAST,6.4,19.3,1016.9,0.0,0.0,0,0,,
2025-06-04,04:45,17.3,14.4,84.0,ESE,9.7,24.1,1016.86,0.0,0.0,0,0,,
2025-06-04,05:00,17.3,14.4,84.0,ESE,11.3,24.1,1016.7,0.0,0.0,0,0,,
2025-06-04,05:15,17.4,14.4,84.0,ESE,16.1,25.7,1016.63,0.0,0.0,0,0,,
2025-06-04,05:30,17.3,14.4,84.0,ESE,16.1,20.9,1016.76,0.0,0.0,0,0,,
2025-06-04,05:45,17.3,14.4,85.0,ESE,11.3,19.3,1016.8,0.0,0.0,0,0,,
2025-06-04,06:00,17.3,14.4,85.0,EAST,12.9,25.7,1016.76,0.0,0.0,0,0,,
2025-06-04,06:15,17.3,14.4,85.0,ESE,14.5,20.9,1016.56,0.0,0.0,0,12,,
2025-06-04,06:30,17.4,14.4,85.0,ESE,6.4,20.9,1016.73,0.0,0.0,0,28,,
2025-06-04,06:45,17.6,14.4,84.0,SE,8.0,20.9,1016.97,0.0,0.0,0,51,,
2025-06-04,07:00,17.7,15.0,84.0,ESE,9.7,14.5,1017.14,0.0,0.0,0,76,,
2025-06-04,07:15,18.1,15.0,83.0,SE,14.5,20.9,1017.03,0.0,0.0,0,127,,
2025-06-04,07:30,18.9,15.6,81.0,SE,17.7,24.1,1017.27,0.0,0.0,0,186,,
2025-06-04,07:45,19.1,15.6,80.0,ESE,12.9,11.3,1017.68,0.0,0.0,0,186,,
2025-06-04,08:00,19.6,16.1,81.0,EAST,4.8,19.3,1017.95,0.0,0.0,1,272,,
2025-06-04,08:15,19.6,16.1,82.0,SSE,9.7,19.3,1018.22,0.0,0.0,1,322,,
2025-06-04,08:30,20.0,16.7,82.0,EAST,6.4,16.1,1018.32,0.0,0.0,1,334,,
2025-06-04,08:45,20.0,16.7,81.0,SE,8.0,17.7,1018.39,0.0,0.0,2,439,,
2025-06-04,09:00,20.4,16.7,79.0,SE,4.8,20.9,1018.49,0.0,0.0,2,506,,
2025-06-04,09:15,20.8,17.2,80.0,SSE,12.9,20.9,1018.49,0.0,0.0,2,548,,
2025-06-04,09:30,20.8,17.2,81.0,SSE,1.6,22.5,1018.56,0.0,0.0,3,642,,
2025-06-04,09:45,21.4,17.2,78.0,SE,11.3,20.9,1018.46,0.0,0.0,2,446,,
2025-06-04,10:00,21.3,16.7,76.0,ESE,11.3,19.3,1018.32,0.0,0.0,3,807,,
2025-06-04,10:15,22.3,17.2,74.0,SE,8.0,19.3,1018.12,0.0,0.0,4,824,,
2025-06-04,10:30,22.6,17.2,72.0,SE,12.9,22.5,1018.12,0.0,0.0,3,338,,
2025-06-04,10:45,22.8,17.2,72.0,SE,3.2,17.7,1018.08,0.0,0.0,3,404,,
2025-06-04,11:00,24.4,17.8,68.0,SSE,4.8,24.1,1017.98,0.0,0.0,4,677,,
2025-06-04,11:15,24.2,17.8,68.0,SSE,14.5,19.3,1018.02,0.0,0.0,4,506,,
2025-06-04,11:30,24.6,17.8,67.0,ESE,14.5,24.1,1017.81,0.0,0.0,3,385,,
2025-06-04,11:45,25.0,18.9,69.0,SSE,12.9,22.5,1017.75,0.0,0.0,4,698,,
2025-06-04,12:00,24.3,18.3,71.0,SE,16.1,20.9,1017.71,0.0,0.0,2,320,,
2025-06-04,12:15,24.4,18.3,70.0,SE,16.1,30.6,1017.44,0.0,0.0,6,517,,
2025-06-04,12:30,24.6,18.3,70.0,SSE,12.9,27.4,1017.71,0.0,0.0,3,315,,
2025-06-04,12:45,24.7,18.9,70.0,SE,19.3,29.0,1017.41,0.0,0.0,3,359,,
2025-06-04,13:00,25.2,19.4,70.0,SE,11.3,29.0,1017.34,0.0,0.0,7,1044,,
2025-06-04,13:15,24.8,18.9,70.0,ESE,6.4,27.4,1017.34,0.0,0.0,5,454,,
2025-06-04,13:30,26.7,19.4,64.0,SE,6.4,25.7,1017.34,0.0,0.0,7,1000,,
2025-06-04,13:45,26.6,19.4,65.0,ESE,12.9,30.6,1017.24,0.0,0.0,7,1014,,
2025-06-04,14:00,26.6,19.4,65.0,SSE,14.5,27.4,1017.51,0.0,0.0,4,1007,,
2025-06-04,14:15,26.3,18.9,65.0,SSE,11.3,27.4,1017.64,0.0,0.0,6,962,,
2025-06-04,14:30,25.7,18.9,67.0,SE,16.1,30.6,1017.03,0.0,0.0,6,896,,
2025-06-04,14:45,26.6,18.9,64.0,SSE,11.3,25.7,1017.2,0.0,0.0,6,844,,
2025-06-04,15:00,26.8,18.9,63.0,SE,12.9,29.0,1016.86,0.0,0.0,6,858,,
2025-06-04,15:15,27.4,19.4,62.0,SE,24.1,25.7,1016.93,0.0,0.0,5,814,,
2025-06-04,15:30,27.3,18.9,61.0,SE,16.1,24.1,1017.2,0.0,0.0,5,749,,
2025-06-04,15:45,27.3,18.9,61.0,ESE,19.3,25.7,1016.93,0.0,0.0,4,765,,
2025-06-04,16:00,27.7,18.9,60.0,SSE,6.4,22.5,1016.86,0.0,0.0,4,710,,
2025-06-04,16:15,27.6,19.4,61.0,SE,14.5,25.7,1016.8,0.0,0.0,4,679,,
2025-06-04,16:30,27.7,18.9,60.0,SE,12.9,25.7,1016.7,0.0,0.0,3,638,,
2025-06-04,16:45,27.9,19.4,61.0,SE,17.7,29.0,1016.8,0.0,0.0,3,559,,
2025-06-04,17:00,27.4,18.9,61.0,SE,25.7,32.2,1016.76,0.0,0.0,3,561,,
2025-06-04,17:15,26.8,18.9,62.0,SE,25.7,33.8,1016.56,0.0,0.0,2,545,,
2025-06-04,17:30,26.4,18.3,62.0,SSE,17.7,30.6,1016.59,0.0,0.0,1,188,,
2025-06-04,17:45,26.3,18.3,63.0,SE,17.7,30.6,1016.59,0.0,0.0,2,459,,
2025-06-04,18:00,25.8,18.3,64.0,SE,20.9,33.8,1016.53,0.0,0.0,1,257,,
2025-06-04,18:15,25.7,18.3,64.0,SE,19.3,29.0,1016.59,0.0,0.0,1,378,,
2025-06-04,18:30,25.2,17.8,65.0,SE,17.7,29.0,1016.76,0.0,0.0,1,302,,
2025-06-04,18:45,24.8,18.3,67.0,SE,20.9,29.0,1017,0.0,0.0,1,141,,
2025-06-04,19:00,24.3,17.2,65.0,SE,16.1,24.1,1017.24,0.0,0.0,0,70,,
2025-06-04,19:15,24.2,16.7,63.0,SSE,14.5,22.5,1016.93,0.0,0.0,0,163,,
2025-06-04,19:30,24.3,17.2,64.0,SE,11.3,24.1,1016.93,0.0,0.0,0,113,,
2025-06-04,19:45,24.0,17.2,66.0,SE,19.3,22.5,1016.97,0.0,0.0,0,93,,
2025-06-04,20:00,23.7,17.8,70.0,SE,17.7,19.3,1017.1,0.0,0.0,0,44,,
2025-06-04,20:15,22.9,17.8,73.0,SSE,12.9,19.3,1017.34,0.0,0.0,0,19,,
2025-06-04,20:30,22.2,17.8,77.0,SE,11.3,22.5,1017.2,0.0,0.0,0,9,,
2025-06-04,20:45,21.4,17.8,80.0,SSE,12.9,25.7,1017.44,0.0,0.0,0,0,,
2025-06-04,21:00,20.8,17.8,82.0,SSE,11.3,22.5,1018.08,0.0,0.0,0,0,,
2025-06-04,21:15,20.4,17.2,84.0,SSE,8.0,16.1,1018.15,0.0,0.0,0,0,,
2025-06-04,21:30,20.1,17.2,85.0,SSE,8.0,16.1,1018.35,0.0,0.0,0,0,,
2025-06-04,21:45,19.8,17.2,87.0,SSE,6.4,19.3,1018.56,0.0,0.0,0,0,,
2025-06-04,22:00,19.7,17.8,88.0,SE,12.9,22.5,1018.52,0.0,0.0,0,0,,
2025-06-04,22:15,19.6,17.8,89.0,SE,14.5,19.3,1018.76,0.0,0.0,0,0,,
2025-06-04,22:30,19.4,17.8,90.0,SSE,9.7,17.7,1019.03,0.0,0.0,0,0,,
2025-06-04,22:45,19.3,17.2,90.0,SSE,6.4,19.3,1018.8,0.0,0.0,0,0,,
2025-06-04,23:00,19.2,17.2,90.0,SE,9.7,19.3,1018.8,0.0,0.0,0,0,,
2025-06-04,23:15,19.2,17.2,91.0,SE,6.4,19.3,1018.86,0.0,0.0,0,0,,
2025-06-04,23:30,19.1,17.2,91.0,SE,12.9,22.5,1018.8,0.0,0.0,0,0,,
2025-06-04,23:45,18.9,17.2,91.0,SE,14.5,22.5,1018.66,0.0,0.0,0,0,,
2025-06-05,00:00,18.9,17.2,92.0,SE,11.3,20.9,1018.66,0.0,0.0,0,0,,
2025-06-05,00:15,18.9,17.2,92.0,SE,8.0,19.3,1018.8,0.0,0.0,0,0,,
2025-06-05,00:30,19.1,17.8,92.0,SSE,9.7,20.9,1018.73,0.0,0.0,0,0,,
2025-06-05,00:45,19.1,17.8,92.0,SE,12.9,22.5,1018.59,0.0,0.0,0,0,,
2025-06-05,01:00,19.0,17.8,92.0,ESE,19.3,25.7,1018.25,0.0,0.0,0,0,,
2025-06-05,01:15,19.0,17.8,93.0,SE,6.4,19.3,1018.05,0.0,0.0,0,0,,
2025-06-05,01:30,19.0,17.8,93.0,SE,16.1,24.1,1018.08,0.0,0.0,0,0,,
2025-06-05,01:45,18.9,17.8,93.0,SE,12.9,25.7,1017.88,0.0,0.0,0,0,,
2025-06-05,02:00,18.8,17.2,93.0,ESE,17.7,27.4,1017.17,0.0,0.0,0,0,,
2025-06-05,02:15,18.7,17.2,93.0,SE,11.3,27.4,1017,0.0,0.0,0,0,,
2025-06-05,02:30,18.6,17.2,93.0,ESE,16.1,24.1,1016.76,0.0,0.0,0,0,,
2025-06-05,02:45,18.5,17.2,93.0,SE,1.6,19.3,1016.97,0.0,0.0,0,0,,
2025-06-05,03:00,18.3,16.7,93.0,SE,8.0,11.3,1017,0.0,0.0,0,0,,
2025-06-05,03:15,18.3,17.2,93.0,WSW,1.6,9.7,1017.37,0.0,0.0,0,0,,
2025-06-05,03:30,18.6,17.2,93.0,SSE,4.8,14.5,1017.34,0.0,0.0,0,0,,
2025-06-05,03:45,18.7,17.2,93.0,SE,6.4,24.1,1017.14,0.0,0.0,0,0,,
2025-06-05,04:00,18.6,17.2,93.0,ESE,12.9,24.1,1017.27,0.0,0.0,0,0,,
2025-06-05,04:15,18.4,17.2,93.0,SE,16.1,16.1,1017.44,0.0,0.0,0,0,,
2025-06-05,04:30,18.3,17.2,93.0,SE,8.0,17.7,1017.37,0.0,0.0,0,0,,
2025-06-05,04:45,18.2,16.7,94.0,SSE,6.4,14.5,1017.61,0.0,0.0,0,0,,
2025-06-05,05:00,18.2,16.7,94.0,SSE,6.4,14.5,1017.68,0.0,0.0,0,0,,
2025-06-05,05:15,18.1,16.7,93.0,SE,6.4,11.3,1017.54,0.0,0.0,0,0,,
2025-06-05,05:30,17.9,16.7,93.0,ESE,1.6,6.4,1017.58,0.0,0.0,0,0,,
2025-06-05,05:45,17.7,16.7,93.0,ESE,1.6,3.2,1017.78,0.0,0.0,0,0,,
2025-06-05,06:00,17.7,16.7,93.0,ESE,1.6,3.2,1017.81,0.0,0.0,0,0,,
2025-06-05,06:15,17.8,16.7,93.0,NORTH,0.0,4.8,1017.61,0.0,0.0,0,9,,
2025-06-05,06:30,17.9,16.7,94.0,EAST,8.0,11.3,1017.51,0.0,0.0,0,26,,
2025-06-05,06:45,18.2,16.7,93.0,EAST,1.6,11.3,1017.37,0.0,0.0,0,42,,
2025-06-05,07:00,18.2,16.7,93.0,EAST,11.3,12.9,1017.51,0.0,0.0,0,74,,
2025-06-05,07:15,18.3,17.2,93.0,EAST,1.6,8.0,1017.54,0.0,0.0,0,104,,
2025-06-05,07:30,18.4,17.2,93.0,NNW,3.2,4.8,1017.64,0.0,0.0,0,137,,
2025-06-05,07:45,18.6,17.2,93.0,NNW,1.6,6.4,1017.71,0.0,0.0,0,188,,
2025-06-05,08:00,18.6,17.2,93.0,NW,3.2,8.0,1017.71,0.0,0.0,0,227,,
2025-06-05,08:15,18.8,17.2,92.0,,3.2,8.0,1017.68,0.0,0.0,1,278,,
2025-06-05,08:30,19.4,17.8,91.0,NORTH,0.0,9.7,1017.78,0.0,0.0,1,308,,
2025-06-05,08:45,20.1,17.8,88.0,NW,4.8,9.7,1017.85,0.0,0.0,1,348,,
2025-06-05,09:00,20.9,17.8,83.0,,3.2,8.0,1017.95,0.0,0.0,1,302,,
2025-06-05,09:15,21.2,17.8,82.0,NW,8.0,12.9,1017.98,0.0,0.0,1,302,,
2025-06-05,09:30,21.6,17.8,80.0,NNW,4.8,12.9,1018.02,0.0,0.0,2,459,,
2025-06-05,09:45,22.4,17.8,77.0,NORTH,0.0,6.4,1017.81,0.0,0.0,2,504,,
2025-06-05,10:00,23.1,18.3,74.0,NORTH,0.0,6.4,1018.05,0.0,0.0,2,561,,
2025-06-05,10:15,24.2,17.8,68.0,NORTH,0.0,6.4,1017.98,0.0,0.0,2,512,,
2025-06-05,10:30,24.8,17.2,64.0,ESE,6.4,11.3,1017.78,0.0,0.0,2,698,,
2025-06-05,10:45,25.4,17.8,64.0,EAST,3.2,12.9,1017.75,0.0,0.0,3,566,,
2025-06-05,11:00,25.8,17.2,60.0,EAST,8.0,11.3,1017.68,0.0,0.0,3,677,,
2025-06-05,11:15,26.8,17.2,57.0,SE,4.8,12.9,1017.51,0.0,0.0,4,830,,
2025-06-05,11:30,26.4,16.7,56.0,ESE,9.7,16.1,1017.51,0.0,0.0,3,380,,
2025-06-05,11:45,26.9,17.2,56.0,SSE,12.9,16.1,1017.44,0.0,0.0,4,411,,
2025-06-05,12:00,27.3,17.2,54.0,SSE,12.9,20.9,1017.71,0.0,0.0,3,461,,
2025-06-05,12:15,27.4,17.8,55.0,ENE,4.8,17.7,1018.12,0.0,0.0,5,823,,
2025-06-05,12:30,27.6,17.8,55.0,SSE,9.7,22.5,1018.12,0.0,0.0,6,944,,
2025-06-05,12:45,27.5,17.2,53.0,SW,8.0,19.3,1018.22,0.0,0.0,3,360,,
2025-06-05,13:00,27.8,16.7,50.0,SSW,3.2,20.9,1018.05,0.0,0.0,5,1034,,
2025-06-05,13:15,26.5,19.4,66.0,SW,4.8,27.4,1018.08,0.0,0.0,5,1014,,
2025-06-05,13:30,25.4,19.4,69.0,WEST,9.7,25.7,1018.05,0.0,0.0,5,737,,
2025-06-05,13:45,26.4,19.4,66.0,WEST,12.9,22.5,1018.35,0.0,0.0,3,396,,
2025-06-05,14:00,25.4,19.4,69.0,WNW,11.3,25.7,1018.25,0.0,0.0,1,116,,
2025-06-05,14:15,25.5,19.4,71.0,NORTH,0.0,24.1,1018.05,0.0,0.0,6,997,,
2025-06-05,14:30,26.9,19.4,65.0,SOUTH,4.8,25.7,1018.22,0.0,0.0,5,865,,
2025-06-05,14:45,26.9,19.4,64.0,NORTH,0.0,22.5,1018.08,0.0,0.0,5,842,,
2025-06-05,15:00,26.8,20.0,66.0,WEST,20.9,22.5,1018.29,0.0,0.0,5,816,,
2025-06-05,15:15,26.3,20.0,68.0,WEST,19.3,25.7,1018.22,0.0,0.0,5,803,,
2025-06-05,15:30,25.9,20.0,69.0,WEST,24.1,27.4,1018.25,0.0,0.0,4,775,,
2025-06-05,15:45,25.9,20.0,70.0,ENE,20.9,30.6,1018.39,0.0,0.0,4,745,,
2025-06-05,16:00,25.3,19.4,71.0,NNE,14.5,37.0,1018.46,0.0,0.0,4,708,,
2025-06-05,16:15,24.8,19.4,72.0,WNW,25.7,38.6,1018.46,0.0,0.0,3,666,,
2025-06-05,16:30,24.4,18.9,73.0,NW,22.5,32.2,1018.29,0.0,0.0,3,642,,
2025-06-05,16:45,24.1,18.9,74.0,WNW,24.1,40.2,1018.46,0.0,0.0,2,357,,
2025-06-05,17:00,23.7,18.9,76.0,WEST,12.9,30.6,1018.42,0.0,0.0,2,570,,
2025-06-05,17:15,23.6,18.9,77.0,NW,19.3,29.0,1018.32,0.0,0.0,2,207,,
2025-06-05,17:30,23.8,19.4,77.0,WNW,17.7,35.4,1018.12,0.0,0.0,2,503,,
2025-06-05,17:45,24.2,19.4,75.0,NE,6.4,24.1,1018.19,0.0,0.0,2,418,,
2025-06-05,18:00,24.1,19.4,75.0,WEST,17.7,25.7,1018.02,0.0,0.0,1,362,,
2025-06-05,18:15,24.1,19.4,75.0,WEST,14.5,25.7,1017.95,0.0,0.0,1,313,,
2025-06-05,18:30,24.2,19.4,74.0,NE,4.8,24.1,1017.88,0.0,0.0,1,264,,
2025-06-05,18:45,23.9,18.9,75.0,NE,14.5,22.5,1017.81,0.0,0.0,1,223,,
2025-06-05,19:00,23.9,18.9,75.0,WNW,8.0,22.5,1017.91,0.0,0.0,0,178,,
2025-06-05,19:15,23.6,18.9,76.0,WNW,8.0,20.9,1018.08,0.0,0.0,0,137,,
2025-06-05,19:30,23.3,18.9,76.0,NNE,8.0,19.3,1018.15,0.0,0.0,0,104,,
2025-06-05,19:45,23.1,18.9,77.0,WEST,3.2,16.1,1018.05,0.0,0.0,0,67,,
2025-06-05,20:00,22.8,18.3,77.0,NW,8.0,14.5,1018.32,0.0,0.0,0,44,,
2025-06-05,20:15,22.6,18.3,78.0,WNW,4.8,12.9,1018.35,0.0,0.0,0,25,,
2025-06-05,20:30,22.5,18.3,78.0,NORTH,0.0,4.8,1018.39,0.0,0.0,0,11,,
2025-06-05,20:45,22.3,18.3,79.0,NORTH,0.0,4.8,1018.46,0.0,0.0,0,0,,
2025-06-05,21:00,21.9,17.8,79.0,NORTH,0.0,3.2,1018.52,0.0,0.0,0,0,,
2025-06-05,21:15,21.7,17.8,80.0,WEST,4.8,9.7,1018.63,0.0,0.0,0,0,,
2025-06-05,21:30,21.4,17.8,81.0,NORTH,0.0,1.6,1018.76,0.0,0.0,0,0,,
2025-06-05,21:45,21.2,17.8,81.0,WSW,1.6,3.2,1018.93,0.0,0.0,0,0,,
2025-06-05,22:00,20.7,17.2,82.0,NORTH,0.0,4.8,1019.03,0.0,0.0,0,0,,
2025-06-05,22:15,20.4,17.2,83.0,NORTH,0.0,0.0,1019,0.0,0.0,0,0,,
2025-06-05,22:30,20.2,17.2,83.0,NORTH,0.0,0.0,1019.27,0.0,0.0,0,0,,
2025-06-05,22:45,20.1,17.2,84.0,NORTH,0.0,1.6,1019.24,0.0,0.0,0,0,,
2025-06-05,23:00,20.3,17.2,85.0,SSW,1.6,3.2,1019.03,0.0,0.0,0,0,,
2025-06-05,23:15,20.2,17.2,84.0,SSW,1.6,3.2,1019.07,0.0,0.0,0,0,,
2025-06-05,23:30,20.1,17.2,84.0,SSW,1.6,0.0,1019.13,0.0,0.0,0,0,,
2025-06-05,23:45,19.9,17.2,85.0,NORTH,0.0,0.0,1019.2,0.0,0.0,0,0,,
2025-06-06,00:00,19.9,17.2,86.0,NORTH,0.0,0.0,1019.24,0.0,0.0,0,0,,
2025-06-06,00:15,19.8,17.2,86.0,NORTH,0.0,0.0,1019.17,0.0,0.0,0,0,,
2025-06-06,00:30,20.0,17.8,87.0,NORTH,0.0,1.6,1019.2,0.0,0.0,0,0,,
2025-06-06,00:45,20.0,17.8,87.0,NORTH,0.0,1.6,1019.47,0.0,0.0,0,0,,
2025-06-06,01:00,19.7,17.2,87.0,NORTH,0.0,1.6,1019.34,0.0,0.0,0,0,,
2025-06-06,01:15,19.5,17.2,87.0,NORTH,0.0,3.2,1019.34,0.0,0.0,0,0,,
2025-06-06,01:30,19.3,17.2,87.0,SSW,1.6,4.8,1019.2,0.0,0.0,0,0,,
2025-06-06,01:45,19.3,17.2,88.0,NORTH,0.0,4.8,1019.1,0.0,0.0,0,0,,
2025-06-06,02:00,19.4,17.2,88.0,SSE,1.6,6.4,1019.13,0.0,0.0,0,0,,
2025-06-06,02:15,19.3,17.2,89.0,NORTH,0.0,6.4,1019.17,0.0,0.0,0,0,,
2025-06-06,02:30,19.2,17.2,88.0,SSE,1.6,1.6,1019.07,0.0,0.0,0,0,,
2025-06-06,02:45,19.1,17.2,89.0,NORTH,0.0,1.6,1018.86,0.0,0.0,0,0,,
2025-06-06,03:00,18.9,16.7,89.0,NORTH,0.0,1.6,1018.76,0.0,0.0,0,0,,
2025-06-06,03:15,18.7,16.7,89.0,NORTH,0.0,3.2,1018.73,0.0,0.0,0,0,,
2025-06-06,03:30,18.7,16.7,89.0,SSE,1.6,1.6,1018.83,0.0,0.0,0,0,,
2025-06-06,03:45,18.6,16.7,90.0,SSE,3.2,1.6,1018.86,0.0,0.0,0,0,,
2025-06-06,04:00,18.4,16.7,90.0,SSE,1.6,3.2,1018.56,0.0,0.0,0,0,,
2025-06-06,04:15,18.7,16.7,90.0,SSE,1.6,6.4,1018.63,0.0,0.0,0,0,,
2025-06-06,04:30,18.5,16.7,90.0,SSE,3.2,6.4,1018.59,0.0,0.0,0,0,,
2025-06-06,04:45,18.3,16.7,90.0,NORTH,0.0,3.2,1018.66,0.0,0.0,0,0,,
2025-06-06,05:00,18.1,16.1,90.0,SSE,3.2,6.4,1018.83,0.0,0.0,0,0,,
2025-06-06,05:15,18.1,16.1,90.0,SSE,3.2,8.0,1018.76,0.0,0.0,0,0,,
2025-06-06,05:30,18.2,16.7,90.0,SSE,3.2,3.2,1018.76,0.0,0.0,0,0,,
2025-06-06,05:45,18.4,16.7,91.0,NORTH,0.0,6.4,1018.8,0.0,0.0,0,0,,
2025-06-06,06:00,18.3,16.7,90.0,SSE,3.2,6.4,1018.73,0.0,0.0,0,0,,
2025-06-06,06:15,18.6,16.7,90.0,SE,4.8,8.0,1018.66,0.0,0.0,0,14,,
2025-06-06,06:30,19.0,17.2,91.0,EAST,3.2,6.4,1018.83,0.0,0.0,0,30,,
2025-06-06,06:45,19.4,17.8,91.0,EAST,4.8,9.7,1018.76,0.0,0.0,0,51,,
2025-06-06,07:00,19.7,17.8,91.0,EAST,1.6,9.7,1018.56,0.0,0.0,0,84,,
2025-06-06,07:15,20.2,18.3,90.0,EAST,3.2,9.7,1018.56,0.0,0.0,0,118,,
2025-06-06,07:30,20.6,18.3,89.0,EAST,4.8,9.7,1018.59,0.0,0.0,0,149,,
2025-06-06,07:45,21.4,18.9,87.0,EAST,1.6,9.7,1018.56,0.0,0.0,0,214,,
2025-06-06,08:00,22.2,19.4,84.0,ESE,1.6,6.4,1018.8,0.0,0.0,1,265,,
2025-06-06,08:15,22.3,18.9,82.0,EAST,4.8,9.7,1018.8,0.0,0.0,1,311,,
2025-06-06,08:30,22.4,18.9,81.0,EAST,4.8,14.5,1018.9,0.0,0.0,1,343,,
2025-06-06,08:45,23.4,19.4,78.0,NE,6.4,9.7,1019.07,0.0,0.0,2,359,,
2025-06-06,09:00,24.2,19.4,76.0,ENE,6.4,11.3,1019.13,0.0,0.0,2,373,,
2025-06-06,09:15,24.6,19.4,74.0,ENE,3.2,14.5,1019.13,0.0,0.0,2,413,,
2025-06-06,09:30,25.3,18.9,69.0,ENE,3.2,12.9,1019.17,0.0,0.0,3,487,,
2025-06-06,09:45,25.9,18.3,65.0,ESE,1.6,11.3,1019.17,0.0,0.0,3,571,,
2025-06-06,10:00,26.6,17.8,60.0,EAST,3.2,11.3,1019.17,0.0,0.0,3,608,,
2025-06-06,10:15,27.2,16.7,54.0,SE,8.0,17.7,1019.13,0.0,0.0,4,673,,
2025-06-06,10:30,27.3,17.2,55.0,SSE,12.9,19.3,1019.1,0.0,0.0,4,714,,
2025-06-06,10:45,27.3,18.3,58.0,SE,9.7,22.5,1019.34,0.0,0.0,4,744,,
2025-06-06,11:00,28.0,16.7,51.0,ESE,11.3,17.7,1019.24,0.0,0.0,5,779,,
2025-06-06,11:15,28.3,18.3,56.0,SOUTH,3.2,17.7,1019.37,0.0,0.0,5,802,,
2025-06-06,11:30,28.2,17.8,54.0,SE,4.8,17.7,1019.47,0.0,0.0,6,831,,
2025-06-06,11:45,28.2,17.8,53.0,SSE,9.7,19.3,1019.44,0.0,0.0,6,856,,
2025-06-06,12:00,28.8,17.2,51.0,SSE,6.4,24.1,1019.61,0.0,0.0,6,874,,
2025-06-06,12:15,29.1,17.8,51.0,SSE,11.3,24.1,1019.81,0.0,0.0,7,886,,
2025-06-06,12:30,29.5,17.2,48.0,SE,20.9,22.5,1019.64,0.0,0.0,7,900,,
2025-06-06,12:45,29.4,17.2,48.0,SE,14.5,27.4,1019.57,0.0,0.0,7,907,,
2025-06-06,13:00,29.1,16.1,46.0,SE,11.3,27.4,1019.68,0.0,0.0,7,914,,
2025-06-06,13:15,29.8,16.7,46.0,SE,14.5,22.5,1019.61,0.0,0.0,7,918,,
2025-06-06,13:30,30.0,16.1,44.0,SSE,19.3,25.7,1019.61,0.0,0.0,7,914,,
2025-06-06,13:45,29.7,16.1,45.0,SSE,12.9,22.5,1019.64,0.0,0.0,7,912,,
2025-06-06,14:00,30.0,16.1,44.0,SE,9.7,22.5,1019.51,0.0,0.0,7,904,,
2025-06-06,14:15,30.3,16.1,43.0,SSE,6.4,24.1,1019.54,0.0,0.0,7,889,,
2025-06-06,14:30,30.2,16.7,45.0,NORTH,0.0,19.3,1019.34,0.0,0.0,6,872,,
2025-06-06,14:45,30.7,17.8,46.0,SE,17.7,24.1,1019.34,0.0,0.0,6,854,,
2025-06-06,15:00,30.6,17.8,47.0,SSE,17.7,20.9,1019.17,0.0,0.0,6,830,,
2025-06-06,15:15,30.8,17.8,47.0,SOUTH,9.7,27.4,1019.24,0.0,0.0,5,803,,
2025-06-06,15:30,30.6,18.3,48.0,SOUTH,11.3,27.4,1019.1,0.0,0.0,5,775,,
2025-06-06,15:45,30.2,18.3,49.0,SSE,16.1,33.8,1019.03,0.0,0.0,5,745,,
2025-06-06,16:00,30.2,18.9,50.0,SSE,4.8,32.2,1019.03,0.0,0.0,4,714,,
2025-06-06,16:15,30.6,18.9,50.0,SE,19.3,30.6,1019.03,0.0,0.0,4,679,,
2025-06-06,16:30,30.6,17.8,47.0,SE,14.5,24.1,1019.1,0.0,0.0,4,636,,
2025-06-06,16:45,29.9,17.2,47.0,SSE,19.3,25.7,1019,0.0,0.0,3,598,,
2025-06-06,17:00,30.1,16.7,44.0,SE,16.1,25.7,1019.2,0.0,0.0,3,557,,
2025-06-06,17:15,30.1,16.7,45.0,SE,6.4,20.9,1018.76,0.0,0.0,2,515,,
2025-06-06,17:30,29.7,15.0,42.0,SSE,17.7,29.0,1018.86,0.0,0.0,2,469,,
2025-06-06,17:45,29.7,16.1,43.0,SE,12.9,27.4,1018.83,0.0,0.0,2,422,,
2025-06-06,18:00,29.3,15.6,44.0,SE,12.9,24.1,1018.76,0.0,0.0,1,380,,
2025-06-06,18:15,29.1,15.6,45.0,SE,9.7,24.1,1018.9,0.0,0.0,1,330,,
2025-06-06,18:30,28.9,16.7,47.0,SE,12.9,22.5,1018.83,0.0,0.0,1,281,,
2025-06-06,18:45,28.4,16.1,47.0,SE,16.1,24.1,1018.8,0.0,0.0,1,237,,
2025-06-06,19:00,28.2,16.1,48.0,SE,16.1,22.5,1018.76,0.0,0.0,0,190,,
2025-06-06,19:15,28.1,15.6,46.0,ESE,16.1,19.3,1018.59,0.0,0.0,0,144,,
2025-06-06,19:30,27.8,15.6,48.0,SE,4.8,20.9,1018.46,0.0,0.0,0,102,,
2025-06-06,19:45,27.1,15.0,48.0,SSE,9.7,17.7,1018.73,0.0,0.0,0,69,,
2025-06-06,20:00,26.7,15.0,49.0,SE,11.3,16.1,1018.63,0.0,0.0,0,44,,
2025-06-06,20:15,26.2,15.0,50.0,SE,6.4,14.5,1018.59,0.0,0.0,0,25,,
2025-06-06,20:30,25.8,14.4,51.0,SSE,3.2,8.0,1018.76,0.0,0.0,0,12,,
2025-06-06,20:45,25.3,14.4,51.0,SE,4.8,8.0,1018.73,0.0,0.0,0,0,,
2025-06-06,21:00,24.4,14.4,53.0,SSE,4.8,11.3,1018.86,0.0,0.0,0,0,,
2025-06-06,21:15,24.1,13.9,54.0,SSE,4.8,4.8,1018.96,0.0,0.0,0,0,,
2025-06-06,21:30,23.4,13.9,56.0,SE,3.2,11.3,1019.1,0.0,0.0,0,0,,
2025-06-06,21:45,23.4,13.9,56.0,SE,3.2,12.9,1019.13,0.0,0.0,0,0,,
2025-06-06,22:00,23.2,13.9,56.0,ESE,4.8,11.3,1019.17,0.0,0.0,0,0,,
2025-06-06,22:15,23.3,13.9,55.0,SE,14.5,19.3,1019.1,0.0,0.0,0,0,,
2025-06-06,22:30,23.7,13.3,54.0,ESE,17.7,24.1,1018.96,0.0,0.0,0,0,,
2025-06-06,22:45,23.6,13.9,54.0,SE,14.5,20.9,1019,0.0,0.0,0,0,,
2025-06-06,23:00,23.6,13.9,55.0,ESE,8.0,17.7,1019.17,0.0,0.0,0,0,,
2025-06-06,23:15,23.7,14.4,56.0,SE,14.5,22.5,1018.93,0.0,0.0,0,0,,
2025-06-06,23:30,23.8,14.4,57.0,SE,16.1,25.7,1018.86,0.0,0.0,0,0,,
2025-06-06,23:45,23.7,14.4,57.0,ESE,14.5,20.9,1018.86,0.0,0.0,0,0,,
2025-06-07,00:00,23.5,14.4,58.0,ESE,6.4,11.3,1018.73,0.0,0.0,0,0,,
2025-06-07,00:15,23.1,14.4,58.0,ESE,9.7,12.9,1018.46,0.0,0.0,0,0,,
2025-06-07,00:30,22.8,13.9,58.0,EAST,4.8,14.5,1018.32,0.0,0.0,0,0,,
2025-06-07,00:45,22.7,13.3,56.0,ESE,9.7,14.5,1018.12,0.0,0.0,0,0,,
2025-06-07,01:00,22.7,12.8,54.0,EAST,6.4,16.1,1018.12,0.0,0.0,0,0,,
2025-06-07,01:15,22.9,12.8,53.0,ESE,6.4,12.9,1018.08,0.0,0.0,0,0,,
2025-06-07,01:30,23.3,12.8,52.0,ESE,6.4,11.3,1017.98,0.0,0.0,0,0,,
2025-06-07,01:45,23.4,13.3,53.0,ESE,4.8,14.5,1017.98,0.0,0.0,0,0,,
2025-06-07,02:00,23.6,13.9,55.0,ESE,9.7,14.5,1017.85,0.0,0.0,0,0,,
2025-06-07,02:15,23.6,13.9,55.0,ESE,6.4,14.5,1017.78,0.0,0.0,0,0,,
2025-06-07,02:30,23.7,13.9,55.0,SE,6.4,12.9,1017.75,0.0,0.0,0,0,,
2025-06-07,02:45,23.6,13.9,55.0,SE,11.3,17.7,1017.64,0.0,0.0,0,0,,
2025-06-07,03:00,23.6,13.9,55.0,SE,14.5,17.7,1017.64,0.0,0.0,0,0,,
2025-06-07,03:15,23.4,13.9,56.0,SE,11.3,12.9,1017.61,0.0,0.0,0,0,,
2025-06-07,03:30,23.4,14.4,57.0,SE,12.9,19.3,1017.51,0.0,0.0,0,0,,
2025-06-07,03:45,23.5,14.4,57.0,ESE,17.7,22.5,1017.27,0.0,0.0,0,0,,
2025-06-07,04:00,23.6,14.4,56.0,SE,20.9,25.7,1017.03,0.0,0.0,0,0,,
2025-06-07,04:15,23.6,13.9,56.0,SE,14.5,24.1,1017,0.0,0.0,0,0,,
2025-06-07,04:30,23.4,14.4,57.0,SE,14.5,20.9,1017,0.0,0.0,0,0,,
2025-06-07,04:45,23.7,14.4,57.0,ESE,16.1,20.9,1016.86,0.0,0.0,0,0,,
2025-06-07,05:00,23.6,14.4,57.0,SE,6.4,19.3,1017,0.0,0.0,0,0,,
2025-06-07,05:15,23.5,14.4,58.0,SE,8.0,20.9,1016.93,0.0,0.0,0,0,,
2025-06-07,05:30,23.3,14.4,59.0,ESE,11.3,17.7,1016.86,0.0,0.0,0,0,,
2025-06-07,05:45,23.3,15.0,59.0,ESE,6.4,16.1,1016.9,0.0,0.0,0,0,,
2025-06-07,06:00,23.2,14.4,58.0,SE,3.2,8.0,1017.07,0.0,0.0,0,0,,
2025-06-07,06:15,22.8,14.4,59.0,ESE,1.6,9.7,1016.93,0.0,0.0,0,16,,
2025-06-07,06:30,22.8,14.4,60.0,EAST,3.2,9.7,1016.76,0.0,0.0,0,33,,
2025-06-07,06:45,22.9,14.4,60.0,ESE,3.2,11.3,1016.63,0.0,0.0,0,58,,
2025-06-07,07:00,23.5,15.6,61.0,SE,4.8,16.1,1016.73,0.0,0.0,0,91,,
2025-06-07,07:15,24.1,15.6,61.0,ESE,11.3,19.3,1016.56,0.0,0.0,0,128,,
2025-06-07,07:30,24.3,16.1,60.0,SE,12.9,22.5,1016.73,0.0,0.0,0,158,,
2025-06-07,07:45,24.2,16.1,61.0,ESE,12.9,24.1,1016.66,0.0,0.0,1,218,,
2025-06-07,08:00,24.4,16.1,61.0,SE,8.0,25.7,1016.76,0.0,0.0,1,292,,
2025-06-07,08:15,24.8,16.7,60.0,SE,14.5,22.5,1016.66,0.0,0.0,1,334,,
2025-06-07,08:30,25.1,16.1,59.0,SE,17.7,24.1,1016.73,0.0,0.0,1,339,,
2025-06-07,08:45,25.4,16.7,58.0,ESE,22.5,25.7,1016.59,0.0,0.0,2,406,,
2025-06-07,09:00,25.7,16.7,58.0,SE,12.9,25.7,1016.8,0.0,0.0,2,401,,
2025-06-07,09:15,26.2,17.2,58.0,ESE,17.7,25.7,1016.53,0.0,0.0,2,397,,
2025-06-07,09:30,26.5,16.7,56.0,SE,24.1,29.0,1016.39,0.0,0.0,3,561,,
2025-06-07,09:45,27.0,17.2,55.0,SE,16.1,24.1,1016.42,0.0,0.0,3,661,,
2025-06-07,10:00,27.3,17.2,55.0,SE,17.7,27.4,1016.32,0.0,0.0,3,654,,
2025-06-07,10:15,27.9,17.8,55.0,SE,16.1,27.4,1016.53,0.0,0.0,4,701,,
2025-06-07,10:30,28.4,17.8,52.0,ESE,14.5,25.7,1016.63,0.0,0.0,4,710,,
2025-06-07,10:45,28.9,17.2,49.0,SE,14.5,25.7,1016.42,0.0,0.0,5,745,,
2025-06-07,11:00,29.6,17.8,49.0,SE,22.5,22.5,1016.59,0.0,0.0,5,775,,
2025-06-07,11:15,29.7,17.8,49.0,SE,16.1,25.7,1016.46,0.0,0.0,5,805,,
2025-06-07,11:30,30.4,17.8,46.0,SE,14.5,25.7,1016.53,0.0,0.0,6,831,,
2025-06-07,11:45,30.8,17.8,46.0,ESE,14.5,22.5,1016.49,0.0,0.0,6,853,,
2025-06-07,12:00,30.9,16.7,43.0,NORTH,0.0,22.5,1016.66,0.0,0.0,6,874,,
2025-06-07,12:15,31.1,17.8,45.0,SSE,3.2,20.9,1016.8,0.0,0.0,7,889,,
2025-06-07,12:30,31.3,17.8,44.0,SSE,6.4,19.3,1016.63,0.0,0.0,7,904,,
2025-06-07,12:45,31.8,17.2,42.0,EAST,4.8,12.9,1016.39,0.0,0.0,7,912,,
2025-06-07,13:00,31.6,17.2,42.0,SSE,1.6,17.7,1016.36,0.0,0.0,7,914,,
2025-06-07,13:15,32.1,17.8,43.0,SSW,1.6,16.1,1016.29,0.0,0.0,7,918,,
2025-06-07,13:30,31.7,18.3,45.0,WNW,14.5,32.2,1016.36,0.0,0.0,7,914,,
2025-06-07,13:45,31.0,17.8,45.0,WNW,22.5,38.6,1016.39,0.0,0.0,7,905,,
2025-06-07,14:00,30.0,17.8,48.0,WNW,32.2,35.4,1016.29,0.0,0.0,7,900,,
2025-06-07,14:15,29.9,18.3,49.0,NW,22.5,37.0,1016.39,0.0,0.0,7,888,,
2025-06-07,14:30,30.1,17.8,49.0,WNW,16.1,38.6,1016.36,0.0,0.0,7,872,,
2025-06-07,14:45,30.0,18.3,50.0,WNW,16.1,32.2,1016.12,0.0,0.0,6,856,,
2025-06-07,15:00,29.7,18.3,51.0,WNW,20.9,30.6,1015.95,0.0,0.0,6,835,,
2025-06-07,15:15,29.4,18.9,53.0,NW,8.0,35.4,1015.92,0.0,0.0,6,812,,
2025-06-07,15:30,29.4,18.9,53.0,NW,16.1,32.2,1016.05,0.0,0.0,5,788,,
2025-06-07,15:45,29.4,18.9,54.0,WNW,24.1,30.6,1016.22,0.0,0.0,5,756,,
2025-06-07,16:00,29.4,19.4,55.0,WEST,27.4,33.8,1016.22,0.0,0.0,5,726,,
2025-06-07,16:15,29.4,18.3,52.0,WNW,30.6,30.6,1016.05,0.0,0.0,4,691,,
2025-06-07,16:30,29.2,18.3,52.0,NW,9.7,37.0,1015.95,0.0,0.0,4,654,,
2025-06-07,16:45,29.1,18.3,52.0,WEST,12.9,33.8,1016.09,0.0,0.0,3,617,,
2025-06-07,17:00,29.1,17.8,52.0,WNW,20.9,29.0,1016.05,0.0,0.0,3,577,,
2025-06-07,17:15,29.1,17.8,51.0,NNE,22.5,29.0,1015.98,0.0,0.0,2,533,,
2025-06-07,17:30,29.0,17.8,51.0,WNW,19.3,33.8,1016.05,0.0,0.0,2,494,,
2025-06-07,17:45,28.6,17.2,51.0,NW,12.9,37.0,1016.05,0.0,0.0,2,443,,
2025-06-07,18:00,27.8,17.2,52.0,WNW,22.5,32.2,1015.85,0.0,0.0,2,396,,
2025-06-07,18:15,28.0,17.2,52.0,WNW,24.1,33.8,1015.78,0.0,0.0,1,346,,
2025-06-07,18:30,27.1,16.7,54.0,WNW,24.1,27.4,1015.71,0.0,0.0,1,297,,
2025-06-07,18:45,26.6,17.2,56.0,WSW,27.4,30.6,1015.85,0.0,0.0,1,248,,
2025-06-07,19:00,26.2,16.7,57.0,NNE,11.3,38.6,1015.78,0.0,0.0,1,195,,
2025-06-07,19:15,25.8,16.7,57.0,WNW,11.3,33.8,1015.85,0.0,0.0,0,149,,
2025-06-07,19:30,25.7,16.7,58.0,WNW,11.3,25.7,1015.92,0.0,0.0,0,104,,
2025-06-07,19:45,25.1,16.1,59.0,WNW,17.7,29.0,1016.09,0.0,0.0,0,72,,
2025-06-07,20:00,24.8,16.1,60.0,NNW,9.7,29.0,1015.95,0.0,0.0,0,44,,
2025-06-07,20:15,24.3,16.1,61.0,WNW,12.9,27.4,1015.92,0.0,0.0,0,26,,
2025-06-07,20:30,23.8,15.6,61.0,WEST,20.9,25.7,1016.15,0.0,0.0,0,16,,
2025-06-07,20:45,23.4,15.6,62.0,WEST,24.1,24.1,1016.05,0.0,0.0,0,0,,
2025-06-07,21:00,23.1,15.0,62.0,WNW,11.3,22.5,1016.32,0.0,0.0,0,0,,
2025-06-07,21:15,22.7,15.6,64.0,WNW,14.5,19.3,1016.53,0.0,0.0,0,0,,
2025-06-07,21:30,22.6,15.6,64.0,NW,8.0,16.1,1016.73,0.0,0.0,0,0,,
2025-06-07,21:45,22.4,16.1,67.0,WNW,6.4,12.9,1016.83,0.0,0.0,0,0,,
2025-06-07,22:00,22.3,16.1,69.0,NORTH,0.0,4.8,1017.07,0.0,0.0,0,0,,
2025-06-07,22:15,22.4,17.2,72.0,WEST,3.2,12.9,1017.2,0.0,0.0,0,0,,
2025-06-07,22:30,22.2,17.8,76.0,NORTH,0.0,11.3,1017.2,0.0,0.0,0,0,,
2025-06-07,22:45,21.9,18.3,80.0,NNW,9.7,17.7,1017.51,0.0,0.0,0,0,,
2025-06-07,23:00,21.7,18.9,84.0,WNW,3.2,14.5,1017.61,0.0,0.0,0,0,,
2025-06-07,23:15,21.7,18.9,86.0,WEST,3.2,16.1,1017.54,0.0,0.0,0,0,,
2025-06-07,23:30,21.4,18.9,87.0,WNW,1.6,14.5,1017.61,0.0,0.0,0,0,,
2025-06-07,23:45,21.2,18.9,88.0,WNW,1.6,12.9,1017.78,0.0,0.0,0,0,,
2025-06-08,00:00,21.1,18.9,89.0,NW,4.8,17.7,1017.95,0.0,0.0,0,0,,
2025-06-08,00:15,20.9,18.9,90.0,NW,3.2,17.7,1018.12,0.0,0.0,0,0,,
2025-06-08,00:30,20.8,18.9,90.0,NW,4.8,12.9,1017.91,0.0,0.0,0,0,,
2025-06-08,00:45,20.4,18.9,91.0,WNW,3.2,8.0,1017.88,0.0,0.0,0,0,,
2025-06-08,01:00,20.4,18.9,91.0,WNW,6.4,14.5,1017.81,0.0,0.0,0,0,,
2025-06-08,01:15,20.5,18.9,91.0,WNW,8.0,17.7,1017.95,0.0,0.0,0,0,,
2025-06-08,01:30,20.4,18.9,92.0,NW,6.4,17.7,1017.95,0.0,0.0,0,0,,
2025-06-08,01:45,20.3,18.9,92.0,WNW,1.6,14.5,1017.95,0.0,0.0,0,0,,
2025-06-08,02:00,20.1,18.3,92.0,NORTH,0.0,11.3,1017.81,0.0,0.0,0,0,,
2025-06-08,02:15,19.9,18.3,92.0,WNW,3.2,11.3,1017.81,0.0,0.0,0,0,,
2025-06-08,02:30,19.8,18.3,92.0,NW,9.7,8.0,1018.08,0.0,0.0,0,0,,
2025-06-08,02:45,20.0,18.3,92.0,WNW,1.6,12.9,1018.08,0.0,0.0,0,0,,
2025-06-08,03:00,19.6,18.3,92.0,NORTH,0.0,4.8,1017.98,0.0,0.0,0,0,,
2025-06-08,03:15,19.1,17.8,92.0,NE,1.6,4.8,1017.88,0.0,0.0,0,0,,
2025-06-08,03:30,18.6,17.2,92.0,NORTH,0.0,1.6,1017.71,0.0,0.0,0,0,,
2025-06-08,03:45,18.3,16.7,92.0,NORTH,0.0,3.2,1017.58,0.0,0.0,0,0,,
2025-06-08,04:00,18.2,16.7,92.0,NORTH,0.0,1.6,1017.37,0.0,0.0,0,0,,
2025-06-08,04:15,18.1,16.7,92.0,NORTH,0.0,0.0,1017.37,0.0,0.0,0,0,,
2025-06-08,04:30,18.3,16.7,92.0,NORTH,0.0,0.0,1017.44,0.0,0.0,0,0,,
2025-06-08,04:45,18.8,17.2,92.0,NORTH,0.0,4.8,1017.44,0.0,0.0,0,0,,
2025-06-08,05:00,19.1,17.8,92.0,NNE,1.6,1.6,1017.61,0.0,0.0,0,0,,
2025-06-08,05:15,19.4,17.8,92.0,NNE,1.6,6.4,1017.58,0.0,0.0,0,0,,
2025-06-08,05:30,19.6,18.3,93.0,NW,3.2,16.1,1017.68,0.0,0.0,0,0,,
2025-06-08,05:45,19.7,18.3,93.0,NW,3.2,14.5,1017.75,0.0,0.0,0,0,,
2025-06-08,06:00,19.6,18.3,93.0,NW,6.4,9.7,1017.75,0.0,0.0,0,0,,
2025-06-08,06:15,19.6,18.3,93.0,WNW,19.3,17.7,1017.91,0.0,0.0,0,9,,
2025-06-08,06:30,19.7,18.3,93.0,WEST,19.3,20.9,1018.08,0.0,0.0,0,14,,
2025-06-08,06:45,19.7,18.3,93.0,NW,17.7,19.3,1018.15,0.0,0.0,0,23,,
2025-06-08,07:00,19.8,18.3,94.0,WNW,8.0,19.3,1018.35,0.0,0.0,0,33,,
2025-06-08,07:15,19.8,18.3,94.0,NW,12.9,16.1,1018.39,0.0,0.0,0,51,,
2025-06-08,07:30,19.7,18.3,94.0,NW,14.5,17.7,1018.59,0.0,0.0,0,72,,
2025-06-08,07:45,19.6,18.3,94.0,WNW,8.0,16.1,1018.63,0.0,0.0,0,88,,
2025-06-08,08:00,19.3,18.3,94.0,NNW,3.2,14.5,1018.8,0.0,0.0,0,125,,
2025-06-08,08:15,19.3,18.3,94.0,NNW,6.4,8.0,1018.76,0.0,0.0,1,148,,
2025-06-08,08:30,19.5,18.3,93.0,NNW,6.4,12.9,1019,0.0,0.0,1,181,,
2025-06-08,08:45,20.1,18.9,93.0,NNW,6.4,9.7,1018.76,0.0,0.0,2,403,,
2025-06-08,09:00,20.8,19.4,92.0,NW,4.8,12.9,1018.76,0.0,0.0,2,387,,
2025-06-08,09:15,21.4,19.4,89.0,NNW,1.6,6.4,1019.03,0.0,0.0,2,427,,
2025-06-08,09:30,22.9,19.4,82.0,NNW,4.8,9.7,1018.96,0.0,0.0,3,508,,
2025-06-08,09:45,23.9,19.4,78.0,NW,6.4,11.3,1018.96,0.0,0.0,3,606,,
2025-06-08,10:00,24.3,19.4,75.0,NORTH,0.0,12.9,1019.03,0.0,0.0,3,643,,
2025-06-08,10:15,24.6,20.0,76.0,WEST,3.2,11.3,1019.13,0.0,0.0,4,700,,
2025-06-08,10:30,25.2,19.4,72.0,WNW,3.2,12.9,1019.13,0.0,0.0,4,742,,
2025-06-08,10:45,25.6,20.0,71.0,WEST,9.7,16.1,1019.24,0.0,0.0,5,773,,
2025-06-08,11:00,25.8,20.0,70.0,WEST,9.7,22.5,1019.34,0.0,0.0,5,805,,
2025-06-08,11:15,26.3,19.4,66.0,WNW,6.4,19.3,1019.34,0.0,0.0,6,835,,
2025-06-08,11:30,26.9,19.4,64.0,WNW,16.1,27.4,1019.13,0.0,0.0,6,863,,
2025-06-08,11:45,27.4,19.4,61.0,WSW,16.1,29.0,1019.3,0.0,0.0,6,886,,
2025-06-08,12:00,27.7,18.3,58.0,NW,12.9,25.7,1019.51,0.0,0.0,7,904,,
2025-06-08,12:15,27.9,17.8,55.0,WNW,16.1,32.2,1019.4,0.0,0.0,7,919,,
2025-06-08,12:30,28.3,17.8,53.0,WNW,20.9,32.2,1019.44,0.0,0.0,7,935,,
2025-06-08,12:45,28.7,17.2,51.0,WNW,16.1,30.6,1019.44,0.0,0.0,7,942,,
2025-06-08,13:00,28.6,17.2,50.0,WNW,25.7,33.8,1019.4,0.0,0.0,7,947,,
2025-06-08,13:15,28.4,17.2,52.0,NNW,14.5,40.2,1019.61,0.0,0.0,7,949,,
2025-06-08,13:30,28.6,17.8,52.0,WNW,25.7,29.0,1019.57,0.0,0.0,7,947,,
2025-06-08,13:45,28.4,17.8,53.0,WNW,24.1,38.6,1019.78,0.0,0.0,7,942,,
2025-06-08,14:00,28.0,17.2,52.0,NW,22.5,32.2,1019.47,0.0,0.0,7,932,,
2025-06-08,14:15,28.0,17.8,54.0,NE,14.5,37.0,1019.47,0.0,0.0,7,921,,
2025-06-08,14:30,27.9,17.2,54.0,WNW,17.7,40.2,1019.47,0.0,0.0,7,905,,
2025-06-08,14:45,27.9,17.8,55.0,WNW,16.1,33.8,1019.54,0.0,0.0,7,888,,
2025-06-08,15:00,27.7,18.9,59.0,NNE,17.7,38.6,1019.4,0.0,0.0,6,865,,
2025-06-08,15:15,27.4,19.4,63.0,WNW,22.5,41.8,1019.47,0.0,0.0,6,838,,
2025-06-08,15:30,27.3,19.4,64.0,WEST,19.3,33.8,1019.34,0.0,0.0,6,807,,
2025-06-08,15:45,26.8,19.4,66.0,WEST,17.7,41.8,1019.3,0.0,0.0,5,780,,
2025-06-08,16:00,26.8,19.4,65.0,WNW,12.9,43.5,1019.3,0.0,0.0,5,744,,
2025-06-08,16:15,26.9,19.4,64.0,WEST,17.7,29.0,1019.03,0.0,0.0,4,708,,
2025-06-08,16:30,26.8,19.4,64.0,WEST,16.1,38.6,1019.07,0.0,0.0,4,671,,
2025-06-08,16:45,26.8,19.4,65.0,WEST,17.7,33.8,1018.86,0.0,0.0,3,629,,
2025-06-08,17:00,26.7,19.4,65.0,WNW,24.1,40.2,1018.96,0.0,0.0,3,587,,
2025-06-08,17:15,26.7,19.4,64.0,NW,19.3,32.2,1018.96,0.0,0.0,2,543,,
2025-06-08,17:30,26.2,18.9,65.0,WNW,17.7,33.8,1019.13,0.0,0.0,2,497,,
2025-06-08,17:45,25.9,18.9,65.0,NNE,20.9,30.6,1019.03,0.0,0.0,2,445,,
2025-06-08,18:00,25.9,18.3,63.0,NNW,20.9,32.2,1019,0.0,0.0,2,399,,
2025-06-08,18:15,25.8,17.8,62.0,WNW,14.5,33.8,1018.83,0.0,0.0,1,350,,
2025-06-08,18:30,25.4,17.8,62.0,WNW,22.5,35.4,1018.9,0.0,0.0,1,304,,
2025-06-08,18:45,25.3,17.2,62.0,WNW,8.0,32.2,1018.8,0.0,0.0,1,257,,
2025-06-08,19:00,25.3,17.2,62.0,NNE,20.9,37.0,1019.03,0.0,0.0,1,213,,
2025-06-08,19:15,24.9,16.7,61.0,WNW,14.5,38.6,1019.03,0.0,0.0,0,162,,
2025-06-08,19:30,24.4,16.7,63.0,WNW,16.1,32.2,1019.1,0.0,0.0,0,114,,
2025-06-08,19:45,24.1,16.7,64.0,WEST,16.1,27.4,1019.1,0.0,0.0,0,74,,
2025-06-08,20:00,23.5,16.1,63.0,WNW,17.7,38.6,1019.2,0.0,0.0,0,40,,
2025-06-08,20:15,23.1,15.6,64.0,WEST,17.7,32.2,1019.17,0.0,0.0,0,21,,
2025-06-08,20:30,22.7,16.1,67.0,WNW,19.3,29.0,1019.13,0.0,0.0,0,14,,
2025-06-08,20:45,22.1,16.1,70.0,WEST,19.3,30.6,1019.3,0.0,0.0,0,0,,
2025-06-08,21:00,21.8,16.7,72.0,WEST,14.5,29.0,1019.24,0.0,0.0,0,0,,
2025-06-08,21:15,21.3,16.7,75.0,WNW,22.5,30.6,1019.51,0.0,0.0,0,0,,
2025-06-08,21:30,20.9,16.7,78.0,WEST,19.3,27.4,1019.54,0.0,0.0,0,0,,
2025-06-08,21:45,20.6,16.7,79.0,WEST,19.3,30.6,1019.64,0.0,0.0,0,0,,
2025-06-08,22:00,20.3,16.7,81.0,WEST,16.1,29.0,1019.57,0.0,0.0,0,0,,
2025-06-08,22:15,19.9,16.7,83.0,WNW,17.7,32.2,1019.64,0.0,0.0,0,0,,
2025-06-08,22:30,19.7,16.7,84.0,WNW,11.3,32.2,1019.91,0.0,0.0,0,0,,
2025-06-08,22:45,19.6,16.7,85.0,WEST,17.7,29.0,1019.91,0.0,0.0,0,0,,
2025-06-08,23:00,19.5,16.7,86.0,WNW,12.9,22.5,1020.18,0.0,0.0,0,0,,
2025-06-08,23:15,19.4,16.7,86.0,NW,4.8,22.5,1020.32,0.0,0.0,0,0,,
2025-06-08,23:30,19.3,16.7,87.0,WNW,4.8,16.1,1020.59,0.0,0.0,0,0,,
2025-06-08,23:45,19.2,16.7,87.0,WSW,1.6,16.1,1020.66,0.0,0.0,0,0,,
2025-06-09,00:00,19.0,16.7,87.0,NORTH,0.0,6.4,1020.45,0.0,0.0,0,0,,
2025-06-09,00:15,18.9,16.7,88.0,WNW,3.2,9.7,1020.45,0.0,0.0,0,0,,
2025-06-09,00:30,18.9,16.7,88.0,WNW,3.2,11.3,1020.29,0.0,0.0,0,0,,
2025-06-09,00:45,19.0,16.7,87.0,WNW,1.6,12.9,1020.15,0.0,0.0,0,0,,
2025-06-09,01:00,19.1,16.7,87.0,WNW,4.8,8.0,1020.12,0.0,0.0,0,0,,
2025-06-09,01:15,19.1,16.7,87.0,NW,8.0,16.1,1019.88,0.0,0.0,0,0,,
2025-06-09,01:30,19.0,16.7,88.0,NW,3.2,4.8,1019.71,0.0,0.0,0,0,,
2025-06-09,01:45,18.8,16.7,88.0,NORTH,0.0,6.4,1019.64,0.0,0.0,0,0,,
2025-06-09,02:00,18.9,16.7,88.0,NNW,3.2,6.4,1019.74,0.0,0.0,0,0,,
2025-06-09,02:15,18.8,16.7,88.0,NORTH,0.0,8.0,1019.47,0.0,0.0,0,0,,
2025-06-09,02:30,18.5,16.1,87.0,NORTH,0.0,3.2,1019.51,0.0,0.0,0,0,,
2025-06-09,02:45,18.2,15.6,87.0,NORTH,0.0,3.2,1019.4,0.0,0.0,0,0,,
2025-06-09,03:00,18.4,16.1,88.0,WEST,16.1,22.5,1019.2,0.0,0.0,0,0,,
2025-06-09,03:15,18.5,16.1,88.0,WNW,6.4,20.9,1019.2,0.0,0.0,0,0,,
2025-06-09,03:30,18.4,16.1,89.0,WNW,16.1,19.3,1019.34,0.0,0.0,0,0,,
2025-06-09,03:45,18.2,16.1,89.0,WNW,12.9,20.9,1019.34,0.0,0.0,0,0,,
2025-06-09,04:00,18.0,16.1,89.0,WEST,6.4,24.1,1019.3,0.0,0.0,0,0,,
2025-06-09,04:15,17.9,16.1,90.0,WNW,16.1,22.5,1019.2,0.0,0.0,0,0,,
2025-06-09,04:30,17.7,15.6,90.0,WNW,14.5,22.5,1019.07,0.0,0.0,0,0,,
2025-06-09,04:45,17.7,16.1,90.0,NW,9.7,20.9,1019.07,0.0,0.0,0,0,,
2025-06-09,05:00,17.7,15.6,90.0,WNW,12.9,20.9,1019.07,0.0,0.0,0,0,,
2025-06-09,05:15,17.5,15.6,90.0,WNW,12.9,19.3,1019.07,0.0,0.0,0,0,,
2025-06-09,05:30,17.3,15.6,89.0,NORTH,0.0,8.0,1019.1,0.0,0.0,0,0,,
2025-06-09,05:45,17.2,15.0,89.0,NORTH,0.0,4.8,1018.9,0.0,0.0,0,0,,
2025-06-09,06:00,17.0,15.0,89.0,NORTH,0.0,4.8,1018.96,0.0,0.0,0,0,,
2025-06-09,06:15,16.8,15.0,88.0,NORTH,0.0,4.8,1018.9,0.0,0.0,0,12,,
2025-06-09,06:30,16.8,15.0,88.0,WNW,4.8,4.8,1019,0.0,0.0,0,30,,
2025-06-09,06:45,17.1,15.0,89.0,WEST,9.7,14.5,1019.07,0.0,0.0,0,62,,
2025-06-09,07:00,17.6,15.6,89.0,NORTH,0.0,17.7,1019.03,0.0,0.0,0,100,,
2025-06-09,07:15,18.1,16.1,88.0,NORTH,0.0,9.7,1018.96,0.0,0.0,0,151,,
2025-06-09,07:30,18.6,16.1,88.0,NW,14.5,9.7,1018.93,0.0,0.0,0,167,,
2025-06-09,07:45,18.9,16.7,87.0,WNW,4.8,14.5,1019.03,0.0,0.0,1,246,,
2025-06-09,08:00,19.1,16.7,87.0,WNW,6.4,16.1,1019.07,0.0,0.0,1,294,,
2025-06-09,08:15,19.2,16.7,87.0,WEST,1.6,14.5,1019.2,0.0,0.0,1,339,,
2025-06-09,08:30,19.5,17.2,86.0,NW,1.6,14.5,1019.3,0.0,0.0,1,374,,
2025-06-09,08:45,20.5,16.7,79.0,WNW,4.8,6.4,1019.3,0.0,0.0,2,387,,
2025-06-09,09:00,20.9,16.1,76.0,WNW,1.6,16.1,1019.4,0.0,0.0,2,390,,
2025-06-09,09:15,21.5,16.1,72.0,WNW,11.3,16.1,1019.44,0.0,0.0,2,422,,
2025-06-09,09:30,22.1,16.1,71.0,NW,8.0,17.7,1019.57,0.0,0.0,3,496,,
2025-06-09,09:45,22.3,16.1,69.0,WEST,14.5,22.5,1019.54,0.0,0.0,3,596,,
2025-06-09,10:00,22.7,16.1,66.0,WNW,6.4,24.1,1019.68,0.0,0.0,3,636,,
2025-06-09,10:15,23.5,16.1,64.0,WNW,6.4,17.7,1019.71,0.0,0.0,4,698,,
2025-06-09,10:30,24.2,15.6,58.0,NNW,8.0,14.5,1019.78,0.0,0.0,4,705,,
2025-06-09,10:45,25.1,15.0,54.0,NW,12.9,22.5,1019.74,0.0,0.0,4,761,,
2025-06-09,11:00,25.1,15.0,54.0,NW,4.8,25.7,1019.91,0.0,0.0,5,788,,
2025-06-09,11:15,25.6,14.4,50.0,WSW,14.5,24.1,1020.05,0.0,0.0,5,819,,
2025-06-09,11:30,25.9,14.4,50.0,WEST,16.1,24.1,1019.88,0.0,0.0,5,844,,
2025-06-09,11:45,25.9,14.4,49.0,WEST,3.2,25.7,1020.08,0.0,0.0,6,872,,
2025-06-09,12:00,26.3,15.0,50.0,NNW,4.8,22.5,1020.15,0.0,0.0,6,891,,
2025-06-09,12:15,26.9,15.6,50.0,WNW,16.1,25.7,1020.01,0.0,0.0,6,905,,
2025-06-09,12:30,27.3,15.0,47.0,NW,19.3,25.7,1019.84,0.0,0.0,7,928,,
2025-06-09,12:45,27.2,14.4,47.0,NNW,14.5,29.0,1019.88,0.0,0.0,7,933,,
2025-06-09,13:00,27.5,13.9,43.0,WNW,17.7,33.8,1020.01,0.0,0.0,7,942,,
2025-06-09,13:15,27.6,13.3,42.0,NW,32.2,30.6,1020.12,0.0,0.0,7,947,,
2025-06-09,13:30,27.1,12.8,42.0,NE,30.6,38.6,1020.05,0.0,0.0,7,942,,
2025-06-09,13:45,27.2,11.1,37.0,WNW,17.7,41.8,1020.22,0.0,0.0,7,928,,
2025-06-09,14:00,27.0,11.1,37.0,WNW,27.4,45.1,1020.18,0.0,0.0,6,926,,
2025-06-09,14:15,26.8,10.0,35.0,WNW,27.4,40.2,1020.25,0.0,0.0,6,919,,
2025-06-09,14:30,26.8,10.0,35.0,WNW,27.4,40.2,1020.25,0.0,0.0,6,905,,
2025-06-09,14:45,26.4,8.3,32.0,WNW,17.7,45.1,1020.12,0.0,0.0,6,888,,
2025-06-09,15:00,26.6,10.0,35.0,WNW,32.2,46.7,1020.35,0.0,0.0,6,872,,
2025-06-09,15:15,26.1,12.2,43.0,WEST,33.8,43.5,1020.29,0.0,0.0,5,840,,
2025-06-09,15:30,25.9,13.9,48.0,ENE,25.7,43.5,1020.39,0.0,0.0,5,816,,
2025-06-09,15:45,25.6,14.4,50.0,WNW,17.7,43.5,1020.29,0.0,0.0,5,786,,
2025-06-09,16:00,25.4,14.4,51.0,WNW,24.1,43.5,1020.12,0.0,0.0,4,756,,
2025-06-09,16:15,25.3,15.0,53.0,WNW,20.9,41.8,1020.12,0.0,0.0,4,707,,
2025-06-09,16:30,25.1,13.9,51.0,WNW,25.7,37.0,1020.08,0.0,0.0,3,677,,
2025-06-09,16:45,24.9,14.4,53.0,WNW,25.7,38.6,1020.25,0.0,0.0,3,638,,
2025-06-09,17:00,24.5,14.4,54.0,NW,19.3,38.6,1020.22,0.0,0.0,3,585,,
2025-06-09,17:15,24.6,15.6,58.0,WNW,9.7,30.6,1020.18,0.0,0.0,2,550,,
2025-06-09,17:30,24.2,14.4,55.0,WEST,20.9,37.0,1020.22,0.0,0.0,2,501,,
2025-06-09,17:45,24.3,13.9,52.0,WNW,22.5,37.0,1020.08,0.0,0.0,2,441,,
2025-06-09,18:00,24.3,13.9,53.0,WNW,22.5,32.2,1020.05,0.0,0.0,1,387,,
2025-06-09,18:15,24.0,15.0,57.0,WNW,20.9,37.0,1019.91,0.0,0.0,1,348,,
2025-06-09,18:30,24.1,15.6,60.0,WEST,12.9,29.0,1020.25,0.0,0.0,1,315,,
2025-06-09,18:45,23.6,14.4,58.0,WNW,20.9,32.2,1020.22,0.0,0.0,1,255,,
2025-06-09,19:00,23.2,15.6,63.0,WNW,16.1,30.6,1020.22,0.0,0.0,0,209,,
2025-06-09,19:15,22.8,16.1,67.0,WNW,11.3,30.6,1020.08,0.0,0.0,0,155,,
2025-06-09,19:30,22.2,15.6,66.0,WNW,16.1,27.4,1020.25,0.0,0.0,0,116,,
2025-06-09,19:45,21.8,15.6,69.0,WEST,17.7,32.2,1020.18,0.0,0.0,0,79,,
2025-06-09,20:00,21.6,16.1,72.0,WEST,9.7,22.5,1020.25,0.0,0.0,0,47,,
2025-06-09,20:15,21.1,16.1,74.0,WNW,22.5,24.1,1020.29,0.0,0.0,0,26,,
2025-06-09,20:30,20.6,16.1,76.0,WEST,25.7,32.2,1020.29,0.0,0.0,0,16,,
2025-06-09,20:45,20.2,16.1,77.0,WNW,14.5,27.4,1020.29,0.0,0.0,0,0,,
2025-06-09,21:00,19.9,16.1,79.0,WNW,12.9,27.4,1020.32,0.0,0.0,0,0,,
2025-06-09,21:15,19.6,16.1,81.0,WNW,6.4,24.1,1020.29,0.0,0.0,0,0,,
2025-06-09,21:30,19.3,16.1,83.0,WNW,6.4,25.7,1020.35,0.0,0.0,0,0,,
2025-06-09,21:45,19.1,16.1,84.0,WEST,14.5,22.5,1020.35,0.0,0.0,0,0,,
2025-06-09,22:00,18.9,16.1,85.0,WEST,4.8,19.3,1020.32,0.0,0.0,0,0,,
2025-06-09,22:15,18.8,16.1,85.0,NW,3.2,17.7,1020.42,0.0,0.0,0,0,,
2025-06-09,22:30,18.7,16.1,86.0,NW,4.8,24.1,1020.35,0.0,0.0,0,0,,
2025-06-09,22:45,18.6,16.1,86.0,WNW,8.0,19.3,1020.42,0.0,0.0,0,0,,
2025-06-09,23:00,18.5,16.1,87.0,WNW,12.9,24.1,1020.45,0.0,0.0,0,0,,
2025-06-09,23:15,18.3,16.1,87.0,WEST,12.9,25.7,1020.32,0.0,0.0,0,0,,
2025-06-09,23:30,18.3,16.1,87.0,WNW,4.8,19.3,1020.12,0.0,0.0,0,0,,
2025-06-09,23:45,18.3,16.1,88.0,NORTH,0.0,14.5,1020.29,0.0,0.0,0,0,,
2025-06-10,00:00,18.2,16.1,88.0,WNW,4.8,11.3,1020.12,0.0,0.0,0,0,,
2025-06-10,00:15,18.0,15.6,88.0,NW,4.8,16.1,1020.39,0.0,0.0,0,0,,
2025-06-10,00:30,17.9,15.6,88.0,WNW,6.4,16.1,1020.49,0.0,0.0,0,0,,
2025-06-10,00:45,17.9,16.1,89.0,NW,4.8,12.9,1020.35,0.0,0.0,0,0,,
2025-06-10,01:00,17.9,16.1,89.0,WNW,14.5,17.7,1020.45,0.0,0.0,0,0,,
2025-06-10,01:15,17.8,16.1,90.0,WNW,4.8,19.3,1020.52,0.0,0.0,0,0,,
2025-06-10,01:30,17.7,15.6,90.0,WNW,14.5,19.3,1020.49,0.0,0.0,0,0,,
2025-06-10,01:45,17.5,15.6,90.0,WNW,11.3,14.5,1020.45,0.0,0.0,0,0,,
2025-06-10,02:00,17.5,15.6,90.0,WNW,4.8,19.3,1020.39,0.0,0.0,0,0,,
2025-06-10,02:15,17.4,15.6,90.0,NW,14.5,17.7,1020.35,0.0,0.0,0,0,,
2025-06-10,02:30,17.3,15.6,91.0,WNW,19.3,17.7,1020.32,0.0,0.0,0,0,,
2025-06-10,02:45,17.2,15.6,91.0,NW,8.0,22.5,1020.32,0.0,0.0,0,0,,
2025-06-10,03:00,17.3,15.6,91.0,WNW,27.4,25.7,1020.32,0.0,0.0,0,0,,
2025-06-10,03:15,17.2,15.6,91.0,WNW,20.9,27.4,1020.22,0.0,0.0,0,0,,
2025-06-10,03:30,16.9,15.6,91.0,NW,14.5,25.7,1020.15,0.0,0.0,0,0,,
2025-06-10,03:45,16.7,15.0,91.0,NNW,8.0,19.3,1020.05,0.0,0.0,0,0,,
2025-06-10,04:00,16.4,15.0,92.0,NNW,3.2,6.4,1019.84,0.0,0.0,0,0,,
2025-06-10,04:15,16.3,14.4,91.0,NNW,1.6,6.4,1019.74,0.0,0.0,0,0,,
2025-06-10,04:30,16.2,14.4,92.0,NORTH,0.0,3.2,1019.84,0.0,0.0,0,0,,
2025-06-10,04:45,15.9,14.4,92.0,NORTH,0.0,4.8,1019.74,0.0,0.0,0,0,,
2025-06-10,05:00,15.9,14.4,92.0,NNW,3.2,9.7,1019.71,0.0,0.0,0,0,,
2025-06-10,05:15,15.7,14.4,92.0,NNW,1.6,8.0,1019.68,0.0,0.0,0,0,,
2025-06-10,05:30,15.6,13.9,92.0,NORTH,0.0,3.2,1019.47,0.0,0.0,0,0,,
2025-06-10,05:45,15.6,13.9,92.0,NORTH,0.0,3.2,1019.64,0.0,0.0,0,0,,
2025-06-10,06:00,15.6,13.9,92.0,NORTH,0.0,3.2,1019.57,0.0,0.0,0,0,,
2025-06-10,06:15,15.5,13.9,92.0,NNW,3.2,3.2,1019.71,0.0,0.0,0,14,,
2025-06-10,06:30,15.5,13.9,92.0,NORTH,0.0,4.8,1019.51,0.0,0.0,0,30,,
2025-06-10,06:45,15.6,14.4,92.0,NORTH,0.0,4.8,1019.54,0.0,0.0,0,51,,
2025-06-10,07:00,15.7,14.4,92.0,NORTH,0.0,0.0,1019.74,0.0,0.0,0,77,,
2025-06-10,07:15,16.1,14.4,92.0,NW,4.8,9.7,1019.81,0.0,0.0,0,111,,
2025-06-10,07:30,16.5,15.0,93.0,NW,12.9,20.9,1019.91,0.0,0.0,0,118,,
2025-06-10,07:45,16.8,15.6,93.0,WNW,16.1,25.7,1019.98,0.0,0.0,0,214,,
2025-06-10,08:00,17.1,15.6,93.0,WNW,11.3,29.0,1019.88,0.0,0.0,1,262,,
2025-06-10,08:15,17.3,16.1,92.0,WEST,20.9,32.2,1020.01,0.0,0.0,1,315,,
2025-06-10,08:30,17.4,15.6,91.0,WNW,8.0,22.5,1020.01,0.0,0.0,1,294,,
2025-06-10,08:45,17.8,16.1,90.0,NW,8.0,19.3,1020.01,0.0,0.0,1,380,,
2025-06-10,09:00,18.2,16.1,89.0,NW,11.3,14.5,1020.15,0.0,0.0,2,388,,
2025-06-10,09:15,18.6,16.1,86.0,NNW,6.4,12.9,1019.88,0.0,0.0,2,418,,
2025-06-10,09:30,19.0,16.1,83.0,NNW,4.8,8.0,1019.84,0.0,0.0,2,489,,
2025-06-10,09:45,19.7,15.0,76.0,NNW,6.4,6.4,1019.91,0.0,0.0,3,575,,
2025-06-10,10:00,20.6,15.0,72.0,NORTH,0.0,6.4,1019.78,0.0,0.0,3,633,,
2025-06-10,10:15,20.9,16.1,74.0,NORTH,0.0,8.0,1019.74,0.0,0.0,4,694,,
2025-06-10,10:30,21.6,16.7,74.0,NW,8.0,19.3,1019.74,0.0,0.0,4,724,,
2025-06-10,10:45,22.0,16.7,73.0,WNW,6.4,19.3,1019.54,0.0,0.0,4,779,,
2025-06-10,11:00,22.1,16.1,70.0,NNE,8.0,17.7,1019.71,0.0,0.0,5,816,,
2025-06-10,11:15,22.7,16.7,69.0,WEST,6.4,22.5,1019.64,0.0,0.0,5,846,,
2025-06-10,11:30,22.9,16.7,68.0,NE,1.6,16.1,1019.51,0.0,0.0,6,882,,
2025-06-10,11:45,23.8,16.7,65.0,NNW,3.2,19.3,1019.47,0.0,0.0,6,891,,
2025-06-10,12:00,24.3,16.7,62.0,SE,3.2,11.3,1019.2,0.0,0.0,6,953,,
2025-06-10,12:15,24.8,16.1,59.0,NW,4.8,14.5,1019.2,0.0,0.0,6,872,,
2025-06-10,12:30,25.6,15.6,54.0,NORTH,3.2,17.7,1019.2,0.0,0.0,7,970,,
2025-06-10,12:45,25.9,15.0,51.0,SW,4.8,14.5,1019.13,0.0,0.0,7,972,,
2025-06-10,13:00,26.3,15.6,52.0,WEST,12.9,22.5,1019.4,0.0,0.0,7,988,,
2025-06-10,13:15,26.8,16.1,53.0,WEST,9.7,19.3,1019.44,0.0,0.0,7,979,,
2025-06-10,13:30,26.9,16.7,53.0,WEST,4.8,24.1,1019.37,0.0,0.0,7,962,,
2025-06-10,13:45,26.8,17.2,57.0,WNW,8.0,20.9,1019.17,0.0,0.0,7,953,,
2025-06-10,14:00,26.8,17.8,58.0,WNW,9.7,29.0,1019.13,0.0,0.0,7,940,,
2025-06-10,14:15,26.3,17.2,58.0,WNW,14.5,30.6,1019.13,0.0,0.0,7,930,,
2025-06-10,14:30,26.1,17.2,59.0,WEST,37.0,35.4,1019.3,0.0,0.0,6,916,,
2025-06-10,14:45,25.4,17.8,63.0,WEST,32.2,41.8,1019.37,0.0,0.0,6,891,,
2025-06-10,15:00,24.8,17.8,65.0,WNW,29.0,45.1,1019.24,0.0,0.0,6,863,,
2025-06-10,15:15,24.4,17.8,67.0,WEST,30.6,46.7,1019.3,0.0,0.0,5,838,,
2025-06-10,15:30,23.7,17.2,69.0,WNW,20.9,45.1,1019.44,0.0,0.0,5,809,,
2025-06-10,15:45,23.7,17.8,69.0,WEST,41.8,49.9,1019.61,0.0,0.0,5,772,,
2025-06-10,16:00,23.9,18.3,71.0,WNW,16.1,46.7,1019.54,0.0,0.0,4,740,,
2025-06-10,16:15,23.4,17.8,72.0,WNW,27.4,51.5,1019.34,0.0,0.0,4,701,,
2025-06-10,16:30,23.5,17.8,72.0,WNW,19.3,40.2,1019.24,0.0,0.0,3,664,,
2025-06-10,16:45,23.4,17.8,72.0,WEST,14.5,41.8,1019.07,0.0,0.0,3,622,,
2025-06-10,17:00,23.4,18.3,73.0,WEST,29.0,40.2,1018.96,0.0,0.0,3,582,,
2025-06-10,17:15,23.5,18.3,73.0,WNW,17.7,41.8,1018.96,0.0,0.0,2,534,,
2025-06-10,17:30,23.3,18.3,73.0,WNW,33.8,38.6,1018.9,0.0,0.0,2,485,,
2025-06-10,17:45,23.5,18.3,73.0,WEST,16.1,33.8,1018.76,0.0,0.0,2,436,,
2025-06-10,18:00,23.1,18.3,75.0,WNW,17.7,38.6,1018.8,0.0,0.0,1,390,,
2025-06-10,18:15,22.8,18.3,77.0,WNW,24.1,33.8,1018.46,0.0,0.0,1,336,,
2025-06-10,18:30,22.5,18.3,79.0,WNW,30.6,38.6,1018.52,0.0,0.0,1,290,,
2025-06-10,18:45,22.3,18.3,81.0,WNW,14.5,33.8,1018.56,0.0,0.0,1,237,,
2025-06-10,19:00,22.1,18.3,81.0,WNW,17.7,37.0,1018.63,0.0,0.0,0,195,,
2025-06-10,19:15,22.1,18.9,82.0,WNW,14.5,27.4,1018.73,0.0,0.0,0,148,,
2025-06-10,19:30,21.9,18.9,83.0,WNW,9.7,29.0,1018.86,0.0,0.0,0,107,,
2025-06-10,19:45,21.7,18.9,84.0,WNW,16.1,27.4,1018.76,0.0,0.0,0,76,,
2025-06-10,20:00,21.6,18.9,84.0,WEST,12.9,24.1,1018.86,0.0,0.0,0,51,,
2025-06-10,20:15,21.3,18.3,85.0,WNW,11.3,27.4,1018.76,0.0,0.0,0,30,,
2025-06-10,20:30,20.9,18.3,86.0,NE,17.7,29.0,1018.93,0.0,0.0,0,16,,
2025-06-10,20:45,20.7,18.3,87.0,WEST,9.7,24.1,1018.9,0.0,0.0,0,7,,
2025-06-10,21:00,20.3,18.3,88.0,WNW,12.9,22.5,1018.83,0.0,0.0,0,0,,
2025-06-10,21:15,20.2,18.3,89.0,WEST,1.6,16.1,1018.73,0.0,0.0,0,0,,
2025-06-10,21:30,20.1,17.8,89.0,WEST,6.4,14.5,1018.83,0.0,0.0,0,0,,
2025-06-10,21:45,19.9,17.8,90.0,WEST,4.8,16.1,1018.73,0.0,0.0,0,0,,
2025-06-10,22:00,19.8,17.8,90.0,WEST,4.8,14.5,1019.17,0.0,0.0,0,0,,
2025-06-10,22:15,19.7,17.8,90.0,WNW,4.8,14.5,1019.24,0.0,0.0,0,0,,
2025-06-10,22:30,19.7,17.8,90.0,WNW,8.0,8.0,1019.44,0.0,0.0,0,0,,
2025-06-10,22:45,19.6,17.8,91.0,WNW,4.8,9.7,1019.3,0.0,0.0,0,0,,
2025-06-10,23:00,19.6,17.8,91.0,WEST,4.8,9.7,1019.47,0.0,0.0,0,0,,
2025-06-10,23:15,19.4,17.8,91.0,WEST,1.6,11.3,1019.27,0.0,0.0,0,0,,
2025-06-10,23:30,19.5,17.8,91.0,WEST,3.2,11.3,1019.13,0.0,0.0,0,0,,
2025-06-10,23:45,19.3,17.8,91.0,NW,1.6,4.8,1019.17,0.0,0.0,0,0,,
2025-06-11,00:00,19.2,17.8,91.0,NORTH,0.0,1.6,1019.2,0.0,0.0,0,0,,
2025-06-11,00:15,18.9,17.2,91.0,WNW,1.6,3.2,1019.17,0.0,0.0,0,0,,
2025-06-11,00:30,18.7,17.2,91.0,NORTH,0.0,3.2,1019.17,0.0,0.0,0,0,,
2025-06-11,00:45,18.6,17.2,91.0,NORTH,0.0,1.6,1019.1,0.0,0.0,0,0,,
2025-06-11,01:00,18.6,17.2,91.0,NORTH,0.0,3.2,1018.9,0.0,0.0,0,0,,
2025-06-11,01:15,18.3,16.7,92.0,ENE,3.2,4.8,1018.86,0.0,0.0,0,0,,
2025-06-11,01:30,18.4,16.7,92.0,NORTH,0.0,3.2,1018.63,0.0,0.0,0,0,,
2025-06-11,01:45,18.5,17.2,92.0,ENE,1.6,6.4,1018.46,0.0,0.0,0,0,,
2025-06-11,02:00,18.8,17.2,92.0,ENE,3.2,6.4,1018.46,0.0,0.0,0,0,,
2025-06-11,02:15,18.8,17.2,92.0,NORTH,0.0,4.8,1018.56,0.0,0.0,0,0,,
2025-06-11,02:30,18.6,17.2,92.0,NORTH,0.0,1.6,1018.46,0.0,0.0,0,0,,
2025-06-11,02:45,18.3,16.7,92.0,ENE,3.2,4.8,1018.29,0.0,0.0,0,0,,
2025-06-11,03:00,18.1,16.7,92.0,NORTH,0.0,4.8,1018.08,0.0,0.0,0,0,,
2025-06-11,03:15,18.2,16.7,92.0,ENE,1.6,3.2,1017.98,0.0,0.0,0,0,,
2025-06-11,03:30,18.3,16.7,92.0,NORTH,0.0,4.8,1017.95,0.0,0.0,0,0,,
2025-06-11,03:45,18.2,16.7,92.0,NORTH,0.0,0.0,1017.78,0.0,0.0,0,0,,
2025-06-11,04:00,18.1,16.7,92.0,ENE,1.6,4.8,1017.68,0.0,0.0,0,0,,
2025-06-11,04:15,18.1,16.7,92.0,ENE,1.6,6.4,1017.54,0.0,0.0,0,0,,
2025-06-11,04:30,18.3,16.7,92.0,EAST,1.6,6.4,1017.54,0.0,0.0,0,0,,
2025-06-11,04:45,18.3,16.7,92.0,EAST,1.6,4.8,1017.31,0.0,0.0,0,0,,
2025-06-11,05:00,18.2,16.7,92.0,EAST,1.6,4.8,1017.34,0.0,0.0,0,0,,
2025-06-11,05:15,18.0,16.7,92.0,EAST,1.6,3.2,1017.51,0.0,0.0,0,0,,
2025-06-11,05:30,18.2,16.7,93.0,EAST,1.6,4.8,1017.14,0.0,0.0,0,0,,
2025-06-11,05:45,18.3,16.7,93.0,EAST,3.2,4.8,1017.17,0.0,0.0,0,0,,
2025-06-11,06:00,18.1,16.7,93.0,EAST,4.8,6.4,1017.17,0.0,0.0,0,0,,
2025-06-11,06:15,18.2,16.7,93.0,EAST,3.2,6.4,1017.2,0.0,0.0,0,14,,
2025-06-11,06:30,18.5,17.2,93.0,ESE,3.2,9.7,1017.03,0.0,0.0,0,32,,
2025-06-11,06:45,18.7,17.2,92.0,NORTH,0.0,0.0,1017.34,0.0,0.0,0,56,,
2025-06-11,07:00,19.0,17.8,92.0,NORTH,0.0,0.0,1017.2,0.0,0.0,0,90,,
2025-06-11,07:15,19.4,17.8,92.0,NORTH,0.0,0.0,1017.2,0.0,0.0,0,127,,
2025-06-11,07:30,19.9,18.3,92.0,NORTH,0.0,4.8,1017.31,0.0,0.0,0,146,,
2025-06-11,07:45,20.6,18.9,91.0,NORTH,0.0,4.8,1017.37,0.0,0.0,1,207,,
2025-06-11,08:00,21.2,19.4,90.0,NORTH,0.0,4.8,1017.44,0.0,0.0,1,248,,
2025-06-11,08:15,21.8,19.4,88.0,NORTH,0.0,4.8,1017.61,0.0,0.0,1,311,,
2025-06-11,08:30,22.1,18.9,83.0,EAST,3.2,9.7,1017.58,0.0,0.0,1,355,,
2025-06-11,08:45,22.8,18.9,81.0,NORTH,0.0,4.8,1017.68,0.0,0.0,2,376,,
2025-06-11,09:00,23.3,18.9,78.0,NE,1.6,4.8,1017.75,0.0,0.0,2,385,,
2025-06-11,09:15,23.8,19.4,76.0,,4.8,6.4,1017.71,0.0,0.0,2,418,,
2025-06-11,09:30,24.3,19.4,75.0,NORTH,0.0,6.4,1017.68,0.0,0.0,3,485,,
2025-06-11,09:45,24.8,19.4,73.0,NW,4.8,8.0,1017.75,0.0,0.0,3,578,,
2025-06-11,10:00,24.9,19.4,72.0,,3.2,4.8,1017.75,0.0,0.0,3,633,,
2025-06-11,10:15,25.5,19.4,71.0,,3.2,8.0,1017.64,0.0,0.0,4,693,,
2025-06-11,10:30,25.6,19.4,71.0,NW,8.0,12.9,1017.71,0.0,0.0,4,724,,
2025-06-11,10:45,25.7,19.4,69.0,NNW,4.8,12.9,1017.68,0.0,0.0,5,729,,
2025-06-11,11:00,26.3,18.9,65.0,WNW,4.8,14.5,1017.68,0.0,0.0,5,800,,
2025-06-11,11:15,26.4,18.9,64.0,,3.2,8.0,1017.68,0.0,0.0,6,826,,
2025-06-11,11:30,27.1,18.9,63.0,NNE,1.6,12.9,1017.54,0.0,0.0,6,849,,
2025-06-11,11:45,27.4,18.9,61.0,NW,12.9,14.5,1017.64,0.0,0.0,6,877,,
2025-06-11,12:00,27.8,18.9,58.0,NW,1.6,19.3,1017.78,0.0,0.0,7,909,,
2025-06-11,12:15,28.1,18.9,57.0,NORTH,0.0,24.1,1017.68,0.0,0.0,7,921,,
2025-06-11,12:30,28.7,18.9,55.0,WNW,20.9,19.3,1017.78,0.0,0.0,7,926,,
2025-06-11,12:45,28.6,18.3,54.0,NW,4.8,16.1,1017.81,0.0,0.0,7,981,,
2025-06-11,13:00,28.9,19.4,56.0,NW,6.4,22.5,1017.78,0.0,0.0,7,951,,
2025-06-11,13:15,28.9,18.9,55.0,WNW,14.5,29.0,1017.68,0.0,0.0,7,947,,
2025-06-11,13:30,29.2,19.4,55.0,ENE,14.5,37.0,1017.31,0.0,0.0,7,944,,
2025-06-11,13:45,28.9,18.9,55.0,WNW,14.5,30.6,1017.44,0.0,0.0,7,932,,
2025-06-11,14:00,28.7,18.3,54.0,NW,19.3,32.2,1017.64,0.0,0.0,7,919,,
2025-06-11,14:15,28.4,17.8,53.0,WEST,12.9,32.2,1017.61,0.0,0.0,7,916,,
2025-06-11,14:30,28.5,17.8,53.0,WNW,19.3,32.2,1017.44,0.0,0.0,7,889,,
2025-06-11,14:45,28.5,17.2,51.0,WNW,24.1,32.2,1017.1,0.0,0.0,6,881,,
2025-06-11,15:00,28.7,17.8,52.0,WEST,25.7,32.2,1016.83,0.0,0.0,6,853,,
2025-06-11,15:15,27.9,17.8,54.0,WNW,20.9,37.0,1017.07,0.0,0.0,6,823,,
2025-06-11,15:30,27.7,17.8,54.0,WEST,25.7,37.0,1016.9,0.0,0.0,5,802,,
2025-06-11,15:45,28.0,17.2,53.0,WNW,20.9,38.6,1016.86,0.0,0.0,5,772,,
2025-06-11,16:00,27.9,16.7,51.0,WNW,20.9,33.8,1017.07,0.0,0.0,5,737,,
2025-06-11,16:15,27.9,16.7,50.0,WNW,29.0,37.0,1016.66,0.0,0.0,4,701,,
2025-06-11,16:30,27.9,17.2,52.0,WNW,25.7,29.0,1016.46,0.0,0.0,4,659,,
2025-06-11,16:45,27.8,16.1,49.0,WNW,16.1,30.6,1016.49,0.0,0.0,3,617,,
2025-06-11,17:00,28.2,17.2,51.0,WEST,17.7,29.0,1016.22,0.0,0.0,3,571,,
2025-06-11,17:15,27.6,17.2,54.0,WNW,11.3,38.6,1016.22,0.0,0.0,2,531,,
2025-06-11,17:30,27.1,17.2,55.0,WNW,20.9,32.2,1016.49,0.0,0.0,2,480,,
2025-06-11,17:45,27.0,17.2,56.0,WNW,17.7,32.2,1016.49,0.0,0.0,2,434,,
2025-06-11,18:00,26.6,16.1,54.0,WNW,24.1,30.6,1016.39,0.0,0.0,1,385,,
2025-06-11,18:15,26.6,15.0,50.0,WEST,22.5,30.6,1016.36,0.0,0.0,1,339,,
2025-06-11,18:30,26.3,14.4,49.0,WNW,14.5,25.7,1016.22,0.0,0.0,1,294,,
2025-06-11,18:45,26.2,13.9,47.0,WNW,16.1,27.4,1016.29,0.0,0.0,1,246,,
2025-06-11,19:00,26.0,13.3,46.0,WEST,12.9,25.7,1016.32,0.0,0.0,1,200,,
2025-06-11,19:15,25.8,13.3,46.0,WSW,4.8,24.1,1016.36,0.0,0.0,0,155,,
2025-06-11,19:30,25.6,13.3,47.0,WEST,6.4,19.3,1016.42,0.0,0.0,0,113,,
2025-06-11,19:45,25.2,12.8,47.0,WEST,3.2,17.7,1016.59,0.0,0.0,0,76,,
2025-06-11,20:00,25.0,12.8,46.0,NORTH,0.0,11.3,1016.7,0.0,0.0,0,49,,
2025-06-11,20:15,25.0,12.8,46.0,NORTH,0.0,11.3,1016.59,0.0,0.0,0,28,,
2025-06-11,20:30,24.8,12.2,45.0,SSE,3.2,6.4,1016.8,0.0,0.0,0,16,,
2025-06-11,20:45,24.3,12.2,47.0,SSE,8.0,8.0,1016.76,0.0,0.0,0,7,,
2025-06-11,21:00,24.0,11.1,45.0,SE,1.6,11.3,1016.9,0.0,0.0,0,0,,
2025-06-11,21:15,23.9,11.1,45.0,SW,3.2,8.0,1017,0.0,0.0,0,0,,
2025-06-11,21:30,23.9,11.1,44.0,SOUTH,3.2,8.0,1017.14,0.0,0.0,0,0,,
2025-06-11,21:45,24.3,10.6,42.0,SSE,3.2,8.0,1017.14,0.0,0.0,0,0,,
2025-06-11,22:00,23.6,10.0,42.0,SSE,6.4,9.7,1017.27,0.0,0.0,0,0,,
2025-06-11,22:15,23.5,10.0,43.0,SSE,6.4,8.0,1017.37,0.0,0.0,0,0,,
2025-06-11,22:30,22.5,10.6,46.0,SSE,3.2,8.0,1017.68,0.0,0.0,0,0,,
2025-06-11,22:45,22.8,10.6,46.0,SSE,3.2,8.0,1017.68,0.0,0.0,0,0,,
2025-06-11,23:00,22.7,10.6,46.0,SSE,6.4,8.0,1017.78,0.0,0.0,0,0,,
2025-06-11,23:15,22.1,11.1,50.0,SSE,8.0,8.0,1017.61,0.0,0.0,0,0,,
2025-06-11,23:30,22.7,14.4,59.0,ESE,8.0,11.3,1017.54,0.0,0.0,0,0,,
2025-06-11,23:45,23.2,15.0,61.0,ESE,11.3,12.9,1017.71,0.0,0.0,0,0,,
2025-06-12,00:00,23.2,15.0,60.0,ESE,3.2,9.7,1017.68,0.0,0.0,0,0,,
2025-06-12,00:15,22.9,15.0,61.0,ESE,3.2,9.7,1017.68,0.0,0.0,0,0,,
2025-06-12,00:30,22.3,15.0,63.0,ESE,3.2,4.8,1017.71,0.0,0.0,0,0,,
2025-06-12,00:45,21.6,14.4,65.0,NORTH,0.0,4.8,1017.85,0.0,0.0,0,0,,
2025-06-12,01:00,21.2,14.4,67.0,ESE,3.2,3.2,1017.81,0.0,0.0,0,0,,
2025-06-12,01:15,20.6,14.4,69.0,ESE,4.8,4.8,1017.61,0.0,0.0,0,0,,
2025-06-12,01:30,20.6,15.0,71.0,ESE,4.8,6.4,1017.58,0.0,0.0,0,0,,
2025-06-12,01:45,20.9,15.6,71.0,ESE,3.2,4.8,1017.41,0.0,0.0,0,0,,
2025-06-12,02:00,20.6,13.9,67.0,ESE,1.6,4.8,1017.17,0.0,0.0,0,0,,
2025-06-12,02:15,20.8,14.4,67.0,ESE,1.6,6.4,1017.07,0.0,0.0,0,0,,
2025-06-12,02:30,21.1,13.9,65.0,ESE,1.6,9.7,1017.14,0.0,0.0,0,0,,
2025-06-12,02:45,21.2,13.3,63.0,ESE,4.8,6.4,1016.8,0.0,0.0,0,0,,
2025-06-12,03:00,21.4,12.8,58.0,ESE,3.2,9.7,1016.76,0.0,0.0,0,0,,
2025-06-12,03:15,21.3,12.8,59.0,ESE,1.6,4.8,1016.8,0.0,0.0,0,0,,
2025-06-12,03:30,21.1,12.8,60.0,ESE,4.8,6.4,1016.59,0.0,0.0,0,0,,
2025-06-12,03:45,21.3,13.9,63.0,ESE,4.8,4.8,1016.63,0.0,0.0,0,0,,
2025-06-12,04:00,21.3,13.9,62.0,ESE,4.8,11.3,1016.42,0.0,0.0,0,0,,
2025-06-12,04:15,21.1,13.9,64.0,ESE,11.3,14.5,1016.53,0.0,0.0,0,0,,
2025-06-12,04:30,20.8,13.9,65.0,ESE,4.8,12.9,1016.63,0.0,0.0,0,0,,
2025-06-12,04:45,20.6,13.9,65.0,ESE,3.2,4.8,1016.42,0.0,0.0,0,0,,
2025-06-12,05:00,21.1,14.4,66.0,EAST,4.8,6.4,1016.63,0.0,0.0,0,0,,
2025-06-12,05:15,21.1,14.4,66.0,EAST,3.2,6.4,1016.53,0.0,0.0,0,0,,
2025-06-12,05:30,21.0,14.4,67.0,EAST,3.2,3.2,1016.7,0.0,0.0,0,0,,
2025-06-12,05:45,20.8,14.4,68.0,EAST,1.6,4.8,1016.76,0.0,0.0,0,0,,
2025-06-12,06:00,20.8,14.4,69.0,NORTH,0.0,4.8,1016.9,0.0,0.0,0,0,,
2025-06-12,06:15,20.7,14.4,69.0,EAST,1.6,3.2,1017.1,0.0,0.0,0,14,,
2025-06-12,06:30,20.4,14.4,70.0,EAST,4.8,6.4,1017.03,0.0,0.0,0,32,,
2025-06-12,06:45,20.4,15.0,71.0,EAST,1.6,4.8,1017.1,0.0,0.0,0,58,,
2025-06-12,07:00,20.7,15.0,71.0,EAST,3.2,3.2,1017.41,0.0,0.0,0,95,,
2025-06-12,07:15,21.5,15.6,69.0,NORTH,0.0,3.2,1017.51,0.0,0.0,0,142,,
2025-06-12,07:30,22.1,15.6,68.0,NORTH,0.0,0.0,1017.68,0.0,0.0,0,158,,
2025-06-12,07:45,22.7,16.1,67.0,NORTH,0.0,1.6,1017.64,0.0,0.0,1,234,,
2025-06-12,08:00,23.2,16.1,65.0,NORTH,0.0,1.6,1017.64,0.0,0.0,1,281,,
2025-06-12,08:15,23.9,16.1,62.0,EAST,3.2,4.8,1017.75,0.0,0.0,1,330,,
2025-06-12,08:30,24.2,16.1,61.0,EAST,1.6,6.4,1017.81,0.0,0.0,1,364,,
2025-06-12,08:45,24.7,16.1,60.0,EAST,3.2,4.8,1017.81,0.0,0.0,2,385,,
2025-06-12,09:00,24.6,16.1,61.0,SE,3.2,11.3,1017.78,0.0,0.0,2,396,,
2025-06-12,09:15,25.2,16.7,59.0,NORTH,0.0,11.3,1017.91,0.0,0.0,2,422,,
2025-06-12,09:30,25.6,16.1,57.0,ESE,3.2,8.0,1017.68,0.0,0.0,3,487,,
2025-06-12,09:45,26.1,16.7,56.0,SE,1.6,11.3,1017.71,0.0,0.0,3,582,,
2025-06-12,10:00,26.7,16.7,55.0,NNW,1.6,9.7,1017.71,0.0,0.0,4,642,,
2025-06-12,10:15,26.6,16.1,54.0,EAST,6.4,6.4,1017.71,0.0,0.0,4,700,,
2025-06-12,10:30,27.3,16.7,52.0,NORTH,0.0,6.4,1017.68,0.0,0.0,4,738,,
2025-06-12,10:45,27.6,17.2,53.0,NORTH,0.0,14.5,1017.61,0.0,0.0,5,772,,
2025-06-12,11:00,27.6,17.2,53.0,SE,4.8,12.9,1017.75,0.0,0.0,5,807,,
2025-06-12,11:15,28.4,17.2,52.0,NW,1.6,9.7,1017.71,0.0,0.0,6,831,,
2025-06-12,11:30,28.5,17.8,52.0,SOUTH,4.8,16.1,1017.85,0.0,0.0,6,860,,
2025-06-12,11:45,28.8,17.2,50.0,SOUTH,1.6,14.5,1017.95,0.0,0.0,6,872,,
2025-06-12,12:00,28.8,16.7,49.0,EAST,6.4,16.1,1018.05,0.0,0.0,7,896,,
2025-06-12,12:15,29.2,16.7,48.0,NORTH,1.6,8.0,1018.05,0.0,0.0,7,923,,
2025-06-12,12:30,30.1,17.2,46.0,SW,3.2,11.3,1018.19,0.0,0.0,7,923,,
2025-06-12,12:45,31.1,15.6,39.0,SE,3.2,9.7,1018.19,0.0,0.0,7,942,,
2025-06-12,13:00,31.2,16.1,40.0,SSW,3.2,8.0,1017.98,0.0,0.0,7,951,,
2025-06-12,13:15,30.9,16.7,43.0,NNE,3.2,17.7,1017.88,0.0,0.0,7,925,,
2025-06-12,13:30,31.2,16.7,43.0,NW,4.8,22.5,1017.85,0.0,0.0,7,926,,
2025-06-12,13:45,30.9,16.1,41.0,SSW,1.6,14.5,1017.78,0.0,0.0,7,928,,
2025-06-12,14:00,31.6,16.1,40.0,NNW,3.2,11.3,1017.71,0.0,0.0,7,921,,
2025-06-12,14:15,32.2,17.2,40.0,NW,19.3,17.7,1017.78,0.0,0.0,7,904,,
2025-06-12,14:30,30.9,16.7,42.0,WNW,22.5,40.2,1017.64,0.0,0.0,7,907,,
2025-06-12,14:45,31.2,16.7,42.0,WEST,16.1,33.8,1017.85,0.0,0.0,6,889,,
2025-06-12,15:00,30.8,16.1,42.0,ENE,9.7,27.4,1017.95,0.0,0.0,6,860,,
2025-06-12,15:15,31.1,16.1,41.0,WNW,17.7,27.4,1017.85,0.0,0.0,6,826,,
2025-06-12,15:30,31.3,16.7,42.0,WEST,11.3,29.0,1017.71,0.0,0.0,5,802,,
2025-06-12,15:45,30.9,16.7,42.0,WEST,9.7,32.2,1017.68,0.0,0.0,5,766,,
2025-06-12,16:00,30.6,16.7,43.0,WEST,6.4,22.5,1017.85,0.0,0.0,4,737,,
2025-06-12,16:15,30.8,16.7,42.0,WEST,12.9,24.1,1018.02,0.0,0.0,4,698,,
2025-06-12,16:30,30.7,17.2,44.0,WEST,14.5,25.7,1017.75,0.0,0.0,4,650,,
2025-06-12,16:45,30.3,17.2,46.0,WEST,9.7,25.7,1017.88,0.0,0.0,3,619,,
2025-06-12,17:00,30.0,17.8,48.0,WNW,16.1,27.4,1017.78,0.0,0.0,3,578,,
2025-06-12,17:15,29.8,17.8,48.0,WNW,4.8,25.7,1017.98,0.0,0.0,2,529,,
2025-06-12,17:30,30.0,17.8,49.0,WSW,4.8,19.3,1018.12,0.0,0.0,2,483,,
2025-06-12,17:45,29.4,17.8,50.0,WEST,6.4,19.3,1017.98,0.0,0.0,2,436,,
2025-06-12,18:00,29.4,17.8,49.0,SSE,8.0,14.5,1018.05,0.0,0.0,2,381,,
2025-06-12,18:15,28.9,17.8,52.0,SSE,4.8,12.9,1018.19,0.0,0.0,1,336,,
2025-06-12,18:30,28.7,17.8,52.0,NORTH,0.0,20.9,1017.98,0.0,0.0,1,285,,
2025-06-12,18:45,28.2,17.2,51.0,NORTH,0.0,16.1,1018.05,0.0,0.0,1,239,,
2025-06-12,19:00,27.7,17.2,54.0,SSE,9.7,20.9,1018.19,0.0,0.0,1,197,,
2025-06-12,19:15,27.4,17.8,55.0,SSW,3.2,19.3,1018.46,0.0,0.0,0,151,,
2025-06-12,19:30,26.8,18.3,61.0,WSW,3.2,11.3,1018.66,0.0,0.0,0,109,,
2025-06-12,19:45,26.1,18.9,65.0,WNW,9.7,16.1,1018.59,0.0,0.0,0,72,,
2025-06-12,20:00,25.7,19.4,68.0,WNW,11.3,14.5,1018.86,0.0,0.0,0,46,,
2025-06-12,20:15,25.2,19.4,70.0,NORTH,0.0,16.1,1019.03,0.0,0.0,0,26,,
2025-06-12,20:30,24.8,19.4,72.0,SW,1.6,4.8,1019.17,0.0,0.0,0,16,,
2025-06-12,20:45,24.4,19.4,74.0,NORTH,0.0,9.7,1019.27,0.0,0.0,0,7,,
2025-06-12,21:00,23.8,19.4,76.0,NORTH,0.0,4.8,1019.34,0.0,0.0,0,0,,
2025-06-12,21:15,23.4,18.9,77.0,SSW,3.2,3.2,1019.37,0.0,0.0,0,0,,
2025-06-12,21:30,22.9,18.9,78.0,SSE,3.2,8.0,1019.47,0.0,0.0,0,0,,
2025-06-12,21:45,22.4,18.3,78.0,SSE,8.0,12.9,1019.68,0.0,0.0,0,0,,
2025-06-12,22:00,22.0,17.2,76.0,SE,1.6,4.8,1019.88,0.0,0.0,0,0,,
2025-06-12,22:15,21.8,16.7,72.0,SE,3.2,8.0,1019.91,0.0,0.0,0,0,,
2025-06-12,22:30,21.8,16.1,71.0,SE,6.4,11.3,1019.91,0.0,0.0,0,0,,
2025-06-12,22:45,22.2,15.0,64.0,SE,12.9,19.3,1019.71,0.0,0.0,0,0,,
2025-06-12,23:00,22.3,15.0,65.0,SE,8.0,17.7,1019.88,0.0,0.0,0,0,,
2025-06-12,23:15,22.3,16.1,68.0,SE,3.2,8.0,1019.98,0.0,0.0,0,0,,
2025-06-12,23:30,22.4,16.7,70.0,SE,1.6,6.4,1020.08,0.0,0.0,0,0,,
2025-06-12,23:45,22.3,17.2,73.0,SE,3.2,6.4,1020.01,0.0,0.0,0,0,,
2025-06-13,00:00,22.0,17.2,75.0,NORTH,0.0,3.2,1020.22,0.0,0.0,0,0,,
2025-06-13,00:15,21.5,16.7,75.0,SE,4.8,8.0,1020.05,0.0,0.0,0,0,,
2025-06-13,00:30,21.3,16.7,74.0,SE,8.0,8.0,1020.05,0.0,0.0,0,0,,
2025-06-13,00:45,21.3,16.1,73.0,SE,11.3,14.5,1019.81,0.0,0.0,0,0,,
2025-06-13,01:00,21.3,16.1,72.0,SE,8.0,14.5,1019.51,0.0,0.0,0,0,,
2025-06-13,01:15,21.4,15.6,71.0,NORTH,0.0,9.7,1019.57,0.0,0.0,0,0,,
2025-06-13,01:30,21.3,16.7,75.0,ESE,3.2,6.4,1019.3,0.0,0.0,0,0,,
2025-06-13,01:45,21.0,16.7,76.0,ESE,1.6,3.2,1019.27,0.0,0.0,0,0,,
2025-06-13,02:00,20.6,16.1,78.0,ESE,3.2,4.8,1019.37,0.0,0.0,0,0,,
2025-06-13,02:15,20.5,17.2,81.0,ESE,3.2,6.4,1019.1,0.0,0.0,0,0,,
2025-06-13,02:30,20.4,17.2,82.0,ESE,1.6,3.2,1019.2,0.0,0.0,0,0,,
2025-06-13,02:45,20.3,17.2,82.0,NORTH,0.0,3.2,1019.24,0.0,0.0,0,0,,
2025-06-13,03:00,20.2,16.7,82.0,ESE,1.6,3.2,1019.3,0.0,0.0,0,0,,
2025-06-13,03:15,19.9,16.7,82.0,ESE,3.2,4.8,1019.3,0.0,0.0,0,0,,
2025-06-13,03:30,19.4,16.1,83.0,ESE,1.6,4.8,1019.17,0.0,0.0,0,0,,
2025-06-13,03:45,19.2,15.6,82.0,ESE,4.8,6.4,1019.07,0.0,0.0,0,0,,
2025-06-13,04:00,19.2,15.6,80.0,NORTH,0.0,4.8,1019.17,0.0,0.0,0,0,,
2025-06-13,04:15,19.2,15.0,78.0,ESE,3.2,6.4,1019.1,0.0,0.0,0,0,,
2025-06-13,04:30,19.4,15.0,75.0,NORTH,0.0,9.7,1019.13,0.0,0.0,0,0,,
2025-06-13,04:45,19.4,13.3,68.0,ESE,6.4,6.4,1018.96,0.0,0.0,0,0,,
2025-06-13,05:00,19.7,12.2,62.0,ESE,6.4,6.4,1019.13,0.0,0.0,0,0,,
2025-06-13,05:15,19.9,11.7,59.0,ESE,4.8,6.4,1019.17,0.0,0.0,0,0,,
2025-06-13,05:30,19.8,11.1,58.0,NORTH,0.0,3.2,1019.34,0.0,0.0,0,0,,
2025-06-13,05:45,19.7,11.1,59.0,ESE,1.6,4.8,1019.34,0.0,0.0,0,0,,
2025-06-13,06:00,19.5,10.0,54.0,ESE,4.8,4.8,1019.37,0.0,0.0,0,0,,
2025-06-13,06:15,20.3,8.9,49.0,ESE,1.6,6.4,1019.71,0.0,0.0,0,14,,
2025-06-13,06:30,20.7,9.4,49.0,NORTH,0.0,9.7,1019.71,0.0,0.0,0,33,,
2025-06-13,06:45,21.3,10.0,49.0,ESE,4.8,11.3,1019.98,0.0,0.0,0,63,,
2025-06-13,07:00,21.8,10.6,49.0,ESE,4.8,6.4,1020.12,0.0,0.0,0,105,,
2025-06-13,07:15,22.1,11.1,50.0,EAST,3.2,6.4,1020.25,0.0,0.0,0,151,,
2025-06-13,07:30,22.4,11.7,50.0,NORTH,0.0,1.6,1020.32,0.0,0.0,0,169,,
2025-06-13,07:45,23.2,12.8,52.0,NORTH,0.0,3.2,1020.35,0.0,0.0,1,243,,
2025-06-13,08:00,23.9,13.3,52.0,NORTH,0.0,3.2,1020.56,0.0,0.0,1,297,,
2025-06-13,08:15,24.8,12.8,47.0,ESE,6.4,6.4,1020.56,0.0,0.0,1,352,,
2025-06-13,08:30,24.8,12.8,48.0,EAST,8.0,12.9,1020.49,0.0,0.0,1,385,,
2025-06-13,08:45,24.7,12.8,48.0,EAST,9.7,12.9,1020.66,0.0,0.0,2,403,,
2025-06-13,09:00,25.7,12.8,44.0,EAST,3.2,12.9,1021,0.0,0.0,2,406,,
2025-06-13,09:15,26.7,12.2,41.0,ESE,3.2,9.7,1021,0.0,0.0,2,427,,
2025-06-13,09:30,27.0,12.2,41.0,SE,3.2,9.7,1021.13,0.0,0.0,3,492,,
2025-06-13,09:45,27.2,11.1,37.0,NORTH,0.0,12.9,1021.03,0.0,0.0,3,589,,
2025-06-13,10:00,27.8,11.1,36.0,SOUTH,16.1,12.9,1021.03,0.0,0.0,4,664,,
2025-06-13,10:15,27.9,11.1,35.0,SE,16.1,16.1,1020.83,0.0,0.0,4,715,,
2025-06-13,10:30,28.2,11.1,34.0,SE,6.4,17.7,1021.03,0.0,0.0,4,751,,
2025-06-13,10:45,28.8,10.6,32.0,ESE,11.3,19.3,1021,0.0,0.0,5,786,,
2025-06-13,11:00,29.5,9.4,29.0,SE,12.9,24.1,1020.89,0.0,0.0,5,823,,
2025-06-13,11:15,29.4,10.6,32.0,SE,4.8,27.4,1021,0.0,0.0,6,847,,
2025-06-13,11:30,29.6,11.1,32.0,ESE,3.2,25.7,1020.86,0.0,0.0,6,870,,
2025-06-13,11:45,30.2,11.1,30.0,SE,11.3,25.7,1021,0.0,0.0,6,896,,
2025-06-13,12:00,30.5,10.0,29.0,SSE,6.4,24.1,1020.96,0.0,0.0,7,914,,
2025-06-13,12:15,31.2,10.0,27.0,SE,8.0,29.0,1020.96,0.0,0.0,7,921,,
2025-06-13,12:30,30.9,11.1,29.0,SE,8.0,24.1,1020.96,0.0,0.0,7,932,,
2025-06-13,12:45,31.1,10.0,28.0,SE,6.4,24.1,1021,0.0,0.0,7,946,,
2025-06-13,13:00,31.7,10.6,27.0,SSE,3.2,27.4,1021,0.0,0.0,7,958,,
2025-06-13,13:15,32.1,10.6,27.0,SOUTH,8.0,25.7,1020.96,0.0,0.0,7,954,,
2025-06-13,13:30,32.1,10.6,27.0,SSE,17.7,27.4,1020.96,0.0,0.0,7,951,,
2025-06-13,13:45,31.7,10.6,27.0,SSW,4.8,27.4,1021,0.0,0.0,7,947,,
2025-06-13,14:00,31.9,10.6,27.0,SSE,1.6,29.0,1020.66,0.0,0.0,7,935,,
2025-06-13,14:15,32.0,9.4,25.0,SE,6.4,25.7,1020.49,0.0,0.0,7,932,,
2025-06-13,14:30,32.4,9.4,24.0,SW,4.8,20.9,1020.52,0.0,0.0,7,914,,
2025-06-13,14:45,32.4,8.9,23.0,SE,11.3,24.1,1020.62,0.0,0.0,6,898,,
2025-06-13,15:00,32.9,9.4,23.0,SE,12.9,20.9,1020.59,0.0,0.0,6,874,,
2025-06-13,15:15,32.9,8.9,23.0,SSE,4.8,29.0,1020.56,0.0,0.0,6,851,,
2025-06-13,15:30,32.8,8.9,23.0,ESE,6.4,24.1,1020.66,0.0,0.0,5,823,,
2025-06-13,15:45,33.3,8.9,22.0,SE,14.5,29.0,1020.66,0.0,0.0,5,795,,
2025-06-13,16:00,33.7,9.4,23.0,ESE,16.1,25.7,1020.29,0.0,0.0,5,759,,
2025-06-13,16:15,33.2,8.9,22.0,ESE,11.3,22.5,1020.39,0.0,0.0,4,717,,
2025-06-13,16:30,33.2,8.3,22.0,SE,1.6,19.3,1020.56,0.0,0.0,4,680,,
2025-06-13,16:45,33.5,11.1,26.0,SOUTH,8.0,24.1,1020.79,0.0,0.0,3,631,,
2025-06-13,17:00,32.8,9.4,24.0,SSE,8.0,24.1,1020.45,0.0,0.0,3,591,,
2025-06-13,17:15,32.7,10.0,24.0,SSE,17.7,27.4,1020.35,0.0,0.0,2,540,,
2025-06-13,17:30,33.1,10.6,25.0,SSE,14.5,25.7,1020.29,0.0,0.0,2,492,,
2025-06-13,17:45,32.4,10.6,27.0,SSE,14.5,20.9,1020.29,0.0,0.0,2,443,,
2025-06-13,18:00,31.7,11.1,29.0,SE,12.9,27.4,1020.25,0.0,0.0,2,396,,
2025-06-13,18:15,31.6,12.8,31.0,SE,12.9,22.5,1020.01,0.0,0.0,1,348,,
2025-06-13,18:30,31.1,13.3,34.0,SSE,16.1,24.1,1020.22,0.0,0.0,1,283,,
2025-06-13,18:45,30.7,13.9,36.0,SSE,17.7,22.5,1020.15,0.0,0.0,1,243,,
2025-06-13,19:00,30.1,13.9,37.0,SE,11.3,25.7,1020.25,0.0,0.0,0,190,,
2025-06-13,19:15,29.8,13.9,38.0,SSE,4.8,22.5,1020.52,0.0,0.0,0,153,,
2025-06-13,19:30,29.3,12.8,37.0,SSE,6.4,19.3,1020.66,0.0,0.0,0,113,,
2025-06-13,19:45,28.7,12.8,37.0,SE,9.7,17.7,1020.45,0.0,0.0,0,76,,
2025-06-13,20:00,28.3,12.8,38.0,SSE,4.8,19.3,1020.66,0.0,0.0,0,47,,
2025-06-13,20:15,27.7,12.2,38.0,SE,9.7,16.1,1020.76,0.0,0.0,0,26,,
2025-06-13,20:30,27.2,11.7,39.0,SSE,3.2,12.9,1020.86,0.0,0.0,0,14,,
2025-06-13,20:45,26.8,11.7,40.0,SSE,8.0,11.3,1020.89,0.0,0.0,0,0,,
2025-06-13,21:00,26.3,12.2,42.0,SSE,3.2,9.7,1021.06,0.0,0.0,0,0,,
2025-06-13,21:15,26.1,12.2,43.0,SSE,1.6,4.8,1021.1,0.0,0.0,0,0,,
2025-06-13,21:30,25.0,12.2,46.0,SSE,1.6,3.2,1021.23,0.0,0.0,0,0,,
2025-06-13,21:45,24.1,12.2,48.0,SSE,4.8,8.0,1021.2,0.0,0.0,0,0,,
2025-06-13,22:00,24.1,12.2,49.0,SSE,3.2,8.0,1021.44,0.0,0.0,0,0,,
2025-06-13,22:15,23.8,12.8,50.0,SSE,3.2,8.0,1021.78,0.0,0.0,0,0,,
2025-06-13,22:30,23.0,12.8,52.0,SSE,4.8,8.0,1021.64,0.0,0.0,0,0,,
2025-06-13,22:45,23.2,12.8,52.0,SSE,6.4,8.0,1021.67,0.0,0.0,0,0,,
2025-06-13,23:00,23.4,12.8,52.0,SSE,6.4,8.0,1021.74,0.0,0.0,0,0,,
2025-06-13,23:15,22.9,12.8,53.0,SSE,3.2,9.7,1021.91,0.0,0.0,0,0,,
2025-06-13,23:30,22.7,12.2,53.0,SE,4.8,6.4,1021.98,0.0,0.0,0,0,,
2025-06-13,23:45,22.4,12.2,53.0,SE,1.6,3.2,1021.78,0.0,0.0,0,0,,
2025-06-14,00:00,22.3,12.2,53.0,SE,1.6,6.4,1021.67,0.0,0.0,0,0,,
2025-06-14,00:15,22.3,12.2,54.0,SE,3.2,4.8,1021.74,0.0,0.0,0,0,,
2025-06-14,00:30,22.1,12.2,54.0,SE,1.6,4.8,1021.47,0.0,0.0,0,0,,
2025-06-14,00:45,21.7,12.2,55.0,NORTH,0.0,6.4,1021.4,0.0,0.0,0,0,,
2025-06-14,01:00,21.6,12.2,56.0,SE,1.6,3.2,1021.4,0.0,0.0,0,0,,
2025-06-14,01:15,21.3,12.2,56.0,SE,1.6,6.4,1021.33,0.0,0.0,0,0,,
2025-06-14,01:30,21.2,12.2,56.0,SE,1.6,4.8,1021.47,0.0,0.0,0,0,,
2025-06-14,01:45,21.4,11.7,55.0,NORTH,0.0,0.0,1021.47,0.0,0.0,0,0,,
2025-06-14,02:00,21.4,11.7,54.0,SE,1.6,6.4,1021.54,0.0,0.0,0,0,,
2025-06-14,02:15,21.2,11.1,54.0,SE,1.6,4.8,1021.81,0.0,0.0,0,0,,
2025-06-14,02:30,21.1,11.7,55.0,SE,1.6,4.8,1021.33,0.0,0.0,0,0,,
2025-06-14,02:45,21.4,11.7,54.0,ESE,4.8,4.8,1021.33,0.0,0.0,0,0,,
2025-06-14,03:00,21.5,11.7,54.0,ESE,1.6,6.4,1021.1,0.0,0.0,0,0,,
2025-06-14,03:15,21.6,11.7,54.0,NORTH,0.0,4.8,1021.23,0.0,0.0,0,0,,
2025-06-14,03:30,21.8,11.7,53.0,NORTH,0.0,6.4,1021.2,0.0,0.0,0,0,,
2025-06-14,03:45,21.3,11.7,54.0,ESE,1.6,4.8,1021.13,0.0,0.0,0,0,,
2025-06-14,04:00,20.8,11.1,55.0,ESE,3.2,6.4,1021,0.0,0.0,0,0,,
2025-06-14,04:15,21.1,11.1,54.0,ESE,3.2,6.4,1020.96,0.0,0.0,0,0,,
2025-06-14,04:30,21.3,11.1,53.0,ESE,3.2,4.8,1021.03,0.0,0.0,0,0,,
2025-06-14,04:45,21.2,11.1,54.0,ESE,1.6,4.8,1021,0.0,0.0,0,0,,
2025-06-14,05:00,21.1,11.1,54.0,ESE,1.6,6.4,1020.89,0.0,0.0,0,0,,
2025-06-14,05:15,21.0,10.0,50.0,ESE,3.2,6.4,1020.93,0.0,0.0,0,0,,
2025-06-14,05:30,22.0,10.6,48.0,ESE,1.6,4.8,1021.1,0.0,0.0,0,0,,
2025-06-14,05:45,21.7,8.9,45.0,ESE,1.6,6.4,1021.1,0.0,0.0,0,0,,
2025-06-14,06:00,21.3,8.9,46.0,ESE,3.2,6.4,1021.06,0.0,0.0,0,0,,
2025-06-14,06:15,21.3,8.9,46.0,ESE,3.2,9.7,1021.06,0.0,0.0,0,16,,
2025-06-14,06:30,21.5,8.3,43.0,ESE,1.6,6.4,1021.3,0.0,0.0,0,33,,
2025-06-14,06:45,21.9,8.9,43.0,ESE,3.2,4.8,1021.27,0.0,0.0,0,62,,
2025-06-14,07:00,22.5,8.9,43.0,ESE,1.6,4.8,1021.2,0.0,0.0,0,97,,
2025-06-14,07:15,23.2,9.4,42.0,NORTH,0.0,3.2,1021.2,0.0,0.0,0,139,,
2025-06-14,07:30,24.2,10.6,43.0,ESE,1.6,3.2,1021.2,0.0,0.0,0,160,,
2025-06-14,07:45,25.1,11.1,43.0,NORTH,0.0,3.2,1021.2,0.0,0.0,1,225,,
2025-06-14,08:00,25.8,12.2,44.0,NORTH,0.0,0.0,1021.27,0.0,0.0,1,276,,
2025-06-14,08:15,26.4,12.8,44.0,ESE,1.6,4.8,1021.5,0.0,0.0,1,320,,
2025-06-14,08:30,25.9,13.9,47.0,NORTH,0.0,3.2,1021.57,0.0,0.0,1,359,,
2025-06-14,08:45,26.9,13.9,45.0,NORTH,0.0,1.6,1021.57,0.0,0.0,2,378,,
2025-06-14,09:00,28.0,11.1,35.0,SE,8.0,11.3,1021.91,0.0,0.0,2,392,,
2025-06-14,09:15,27.9,11.7,36.0,SSE,8.0,14.5,1021.81,0.0,0.0,2,417,,
2025-06-14,09:30,28.2,11.1,35.0,SE,9.7,16.1,1021.78,0.0,0.0,3,473,,
2025-06-14,09:45,28.4,11.1,34.0,SE,9.7,16.1,1021.88,0.0,0.0,3,568,,
2025-06-14,10:00,29.1,10.6,32.0,SSE,6.4,12.9,1021.78,0.0,0.0,3,643,,
2025-06-14,10:15,29.8,10.6,30.0,SSE,4.8,17.7,1021.67,0.0,0.0,4,687,,
2025-06-14,10:30,30.2,10.6,30.0,SOUTH,6.4,9.7,1021.78,0.0,0.0,4,728,,
2025-06-14,10:45,30.3,10.0,29.0,SE,8.0,12.9,1021.91,0.0,0.0,5,763,,
2025-06-14,11:00,30.9,10.6,28.0,SE,4.8,12.9,1021.78,0.0,0.0,5,798,,
2025-06-14,11:15,31.1,10.0,28.0,SSE,6.4,12.9,1021.91,0.0,0.0,6,828,,
2025-06-14,11:30,31.4,10.0,26.0,SSW,1.6,17.7,1022.05,0.0,0.0,6,849,,
2025-06-14,11:45,31.8,10.0,26.0,ESE,4.8,12.9,1021.74,0.0,0.0,6,875,,
2025-06-14,12:00,32.3,10.0,25.0,WSW,4.8,12.9,1021.64,0.0,0.0,5,652,,
2025-06-14,12:15,32.3,9.4,25.0,SE,3.2,16.1,1021.64,0.0,0.0,7,916,,
2025-06-14,12:30,32.7,9.4,24.0,ESE,1.6,14.5,1021.74,0.0,0.0,7,928,,
2025-06-14,12:45,32.8,9.4,24.0,SSE,3.2,16.1,1021.57,0.0,0.0,7,937,,
2025-06-14,13:00,33.3,8.9,22.0,NORTH,0.0,14.5,1021.37,0.0,0.0,7,944,,
2025-06-14,13:15,33.6,9.4,22.0,SE,1.6,17.7,1021.44,0.0,0.0,7,939,,
2025-06-14,13:30,33.6,13.3,29.0,WNW,24.1,22.5,1021.1,0.0,0.0,7,939,,
2025-06-14,13:45,33.4,12.8,28.0,WNW,11.3,29.0,1020.96,0.0,0.0,7,937,,
2025-06-14,14:00,33.6,12.8,28.0,NW,17.7,25.7,1021.03,0.0,0.0,7,925,,
2025-06-14,14:15,33.6,12.8,28.0,WNW,9.7,27.4,1020.83,0.0,0.0,7,916,,
2025-06-14,14:30,33.7,12.2,28.0,WNW,8.0,27.4,1020.89,0.0,0.0,7,900,,
2025-06-14,14:45,33.6,12.8,29.0,WNW,8.0,24.1,1020.89,0.0,0.0,6,881,,
2025-06-14,15:00,33.3,12.8,29.0,ENE,14.5,29.0,1020.86,0.0,0.0,6,856,,
2025-06-14,15:15,33.3,12.8,29.0,,12.9,29.0,1020.76,0.0,0.0,6,831,,
2025-06-14,15:30,33.2,12.8,29.0,NNW,19.3,24.1,1020.73,0.0,0.0,5,802,,
2025-06-14,15:45,33.1,13.3,30.0,WEST,16.1,29.0,1020.62,0.0,0.0,5,768,,
2025-06-14,16:00,32.6,12.2,29.0,NORTH,19.3,29.0,1020.86,0.0,0.0,4,733,,
2025-06-14,16:15,32.3,12.8,31.0,WEST,25.7,27.4,1020.69,0.0,0.0,4,696,,
2025-06-14,16:30,32.2,12.2,30.0,WNW,14.5,29.0,1020.62,0.0,0.0,4,656,,
2025-06-14,16:45,32.3,12.8,31.0,WNW,14.5,25.7,1020.52,0.0,0.0,3,610,,
2025-06-14,17:00,31.7,12.8,32.0,WNW,12.9,30.6,1020.59,0.0,0.0,3,570,,
2025-06-14,17:15,31.4,12.2,31.0,WNW,16.1,30.6,1020.56,0.0,0.0,2,522,,
2025-06-14,17:30,31.2,11.7,31.0,WEST,11.3,32.2,1020.25,0.0,0.0,2,473,,
2025-06-14,17:45,30.9,12.2,31.0,WEST,16.1,29.0,1020.25,0.0,0.0,2,425,,
2025-06-14,18:00,30.4,12.2,33.0,WNW,11.3,30.6,1020.12,0.0,0.0,1,380,,
2025-06-14,18:15,30.3,11.1,31.0,WNW,19.3,35.4,1020.29,0.0,0.0,1,334,,
2025-06-14,18:30,30.2,10.6,30.0,WEST,19.3,29.0,1020.15,0.0,0.0,1,288,,
2025-06-14,18:45,29.8,10.6,30.0,WNW,6.4,30.6,1020.22,0.0,0.0,1,243,,
2025-06-14,19:00,29.8,10.0,29.0,WNW,14.5,25.7,1020.32,0.0,0.0,1,197,,
2025-06-14,19:15,29.6,9.4,29.0,WEST,12.9,24.1,1020.42,0.0,0.0,0,155,,
2025-06-14,19:30,29.3,8.3,27.0,WEST,6.4,19.3,1020.32,0.0,0.0,0,111,,
2025-06-14,19:45,29.2,8.3,27.0,WSW,3.2,14.5,1020.32,0.0,0.0,0,77,,
2025-06-14,20:00,29.1,8.3,27.0,WEST,4.8,11.3,1020.42,0.0,0.0,0,49,,
2025-06-14,20:15,28.9,8.3,28.0,WSW,4.8,11.3,1020.52,0.0,0.0,0,30,,
2025-06-14,20:30,28.7,7.8,27.0,NORTH,0.0,6.4,1020.69,0.0,0.0,0,18,,
2025-06-14,20:45,28.4,8.3,28.0,NORTH,0.0,4.8,1020.86,0.0,0.0,0,0,,
2025-06-14,21:00,28.1,7.8,28.0,WSW,1.6,11.3,1020.89,0.0,0.0,0,0,,
2025-06-14,21:15,27.9,8.3,29.0,NORTH,0.0,8.0,1021.1,0.0,0.0,0,0,,
2025-06-14,21:30,27.4,8.3,30.0,WSW,1.6,6.4,1020.96,0.0,0.0,0,0,,
2025-06-14,21:45,26.4,8.3,32.0,SW,3.2,4.8,1021.13,0.0,0.0,0,0,,
2025-06-14,22:00,25.3,7.2,32.0,SOUTH,3.2,4.8,1021.4,0.0,0.0,0,0,,
2025-06-14,22:15,25.4,7.8,32.0,SOUTH,3.2,4.8,1021.37,0.0,0.0,0,0,,
2025-06-14,22:30,25.6,7.8,32.0,NORTH,0.0,4.8,1021.47,0.0,0.0,0,0,,
2025-06-14,22:45,25.4,8.3,33.0,SOUTH,1.6,4.8,1021.47,0.0,0.0,0,0,,
2025-06-14,23:00,25.1,8.3,34.0,NORTH,0.0,1.6,1021.4,0.0,0.0,0,0,,
2025-06-14,23:15,24.6,8.3,36.0,SOUTH,3.2,3.2,1021.47,0.0,0.0,0,0,,
2025-06-14,23:30,24.2,9.4,39.0,NORTH,0.0,3.2,1021.57,0.0,0.0,0,0,,
2025-06-14,23:45,24.0,9.4,40.0,NORTH,0.0,0.0,1021.71,0.0,0.0,0,0,,
2025-06-15,00:00,23.8,9.4,41.0,NORTH,0.0,0.0,1021.67,0.0,0.0,0,0,,
2025-06-15,00:15,23.6,9.4,40.0,NORTH,0.0,0.0,1021.61,0.0,0.0,0,0,,
2025-06-15,00:30,23.8,9.4,40.0,SSE,1.6,4.8,1021.47,0.0,0.0,0,0,,
2025-06-15,00:45,23.8,8.3,38.0,SSE,4.8,3.2,1021.37,0.0,0.0,0,0,,
2025-06-15,01:00,23.8,9.4,40.0,NORTH,0.0,3.2,1021.37,0.0,0.0,0,0,,
2025-06-15,01:15,23.7,9.4,41.0,NORTH,0.0,3.2,1021.61,0.0,0.0,0,0,,
2025-06-15,01:30,23.6,9.4,41.0,SSE,3.2,4.8,1021.47,0.0,0.0,0,0,,
2025-06-15,01:45,23.7,9.4,41.0,SSE,1.6,4.8,1021.47,0.0,0.0,0,0,,
2025-06-15,02:00,23.7,9.4,41.0,SSE,1.6,3.2,1021.33,0.0,0.0,0,0,,
2025-06-15,02:15,23.6,10.0,43.0,SSE,1.6,3.2,1021,0.0,0.0,0,0,,
2025-06-15,02:30,23.4,10.6,44.0,NORTH,0.0,1.6,1021.1,0.0,0.0,0,0,,
2025-06-15,02:45,23.6,10.0,43.0,NORTH,0.0,0.0,1020.93,0.0,0.0,0,0,,
2025-06-15,03:00,23.6,10.0,43.0,NORTH,0.0,0.0,1020.86,0.0,0.0,0,0,,
2025-06-15,03:15,23.2,10.0,43.0,NORTH,0.0,0.0,1020.69,0.0,0.0,0,0,,
2025-06-15,03:30,23.0,10.0,43.0,NORTH,0.0,0.0,1020.62,0.0,0.0,0,0,,
2025-06-15,03:45,22.9,9.4,42.0,NORTH,0.0,0.0,1020.56,0.0,0.0,0,0,,
2025-06-15,04:00,22.7,9.4,43.0,NORTH,0.0,0.0,1020.62,0.0,0.0,0,0,,
2025-06-15,04:15,22.6,10.0,44.0,SSE,1.6,4.8,1020.56,0.0,0.0,0,0,,
2025-06-15,04:30,22.7,10.0,44.0,SSE,1.6,3.2,1020.62,0.0,0.0,0,0,,
2025-06-15,04:45,22.9,10.0,44.0,NORTH,0.0,3.2,1020.56,0.0,0.0,0,0,,
2025-06-15,05:00,22.7,9.4,44.0,SSE,4.8,4.8,1020.56,0.0,0.0,0,0,,
2025-06-15,05:15,23.3,9.4,42.0,SE,3.2,4.8,1020.39,0.0,0.0,0,0,,
2025-06-15,05:30,23.9,10.6,43.0,SE,1.6,6.4,1020.39,0.0,0.0,0,0,,
2025-06-15,05:45,23.8,11.1,45.0,SE,1.6,4.8,1020.45,0.0,0.0,0,0,,
2025-06-15,06:00,23.4,10.6,45.0,NORTH,0.0,3.2,1020.59,0.0,0.0,0,0,,
2025-06-15,06:15,22.9,10.6,46.0,SE,3.2,4.8,1020.49,0.0,0.0,0,21,,
2025-06-15,06:30,22.9,11.1,47.0,SE,1.6,6.4,1020.49,0.0,0.0,0,42,,
2025-06-15,06:45,23.2,11.1,47.0,NORTH,0.0,3.2,1020.52,0.0,0.0,0,69,,
2025-06-15,07:00,23.6,11.7,47.0,SE,1.6,3.2,1020.56,0.0,0.0,0,104,,
2025-06-15,07:15,24.1,12.8,49.0,SE,3.2,4.8,1020.35,0.0,0.0,0,116,,
2025-06-15,07:30,25.0,12.8,47.0,SE,3.2,4.8,1020.49,0.0,0.0,0,137,,
2025-06-15,07:45,26.1,13.3,45.0,SE,3.2,4.8,1020.73,0.0,0.0,1,207,,
2025-06-15,08:00,26.2,13.3,45.0,ESE,3.2,4.8,1020.79,0.0,0.0,1,283,,
2025-06-15,08:15,26.9,13.9,45.0,ESE,3.2,1.6,1020.86,0.0,0.0,1,327,,
2025-06-15,08:30,27.8,13.9,43.0,ESE,1.6,9.7,1020.86,0.0,0.0,1,352,,
2025-06-15,08:45,27.8,13.9,43.0,EAST,3.2,4.8,1021.1,0.0,0.0,2,369,,
2025-06-15,09:00,28.6,13.9,40.0,NORTH,0.0,3.2,1021.03,0.0,0.0,2,378,,
2025-06-15,09:15,29.2,13.9,39.0,NORTH,0.0,4.8,1021.13,0.0,0.0,2,413,,
2025-06-15,09:30,29.8,13.9,38.0,NW,6.4,6.4,1021.1,0.0,0.0,3,489,,
2025-06-15,09:45,30.1,13.9,37.0,SE,1.6,11.3,1021.03,0.0,0.0,3,561,,
2025-06-15,10:00,30.3,13.3,36.0,SE,6.4,11.3,1020.96,0.0,0.0,3,633,,
2025-06-15,10:15,30.5,13.3,35.0,ESE,3.2,12.9,1020.79,0.0,0.0,4,680,,
2025-06-15,10:30,31.1,13.3,34.0,SE,6.4,16.1,1020.89,0.0,0.0,4,719,,
2025-06-15,10:45,31.4,13.9,35.0,SSE,3.2,17.7,1020.93,0.0,0.0,5,756,,
2025-06-15,11:00,31.8,13.9,34.0,SE,8.0,17.7,1020.93,0.0,0.0,5,789,,
2025-06-15,11:15,32.2,13.9,33.0,SSE,11.3,20.9,1021,0.0,0.0,5,817,,
2025-06-15,11:30,32.6,13.3,32.0,SE,6.4,19.3,1021,0.0,0.0,6,840,,
2025-06-15,11:45,33.0,12.8,29.0,SSE,8.0,11.3,1020.93,0.0,0.0,6,868,,
2025-06-15,12:00,33.1,12.8,29.0,ESE,3.2,16.1,1021.06,0.0,0.0,6,888,,
2025-06-15,12:15,33.6,12.8,28.0,SSE,9.7,16.1,1020.89,0.0,0.0,7,904,,
2025-06-15,12:30,34.4,12.8,27.0,SSE,8.0,16.1,1020.76,0.0,0.0,7,918,,
2025-06-15,12:45,33.7,15.6,34.0,WNW,16.1,29.0,1020.66,0.0,0.0,7,916,,
2025-06-15,13:00,33.9,16.7,36.0,WNW,12.9,29.0,1020.66,0.0,0.0,7,921,,
2025-06-15,13:15,33.2,16.1,37.0,WNW,19.3,37.0,1020.79,0.0,0.0,7,933,,
2025-06-15,13:30,33.3,16.1,36.0,WEST,14.5,27.4,1020.73,0.0,0.0,7,923,,
2025-06-15,13:45,33.8,15.6,33.0,WNW,14.5,29.0,1020.89,0.0,0.0,7,925,,
2025-06-15,14:00,34.1,15.0,32.0,NW,6.4,27.4,1020.69,0.0,0.0,7,916,,
2025-06-15,14:15,34.2,15.0,32.0,WNW,11.3,25.7,1020.32,0.0,0.0,7,902,,
2025-06-15,14:30,34.3,14.4,31.0,WNW,17.7,29.0,1020.18,0.0,0.0,7,889,,
2025-06-15,14:45,34.4,15.0,31.0,WNW,8.0,27.4,1020.32,0.0,0.0,6,868,,
2025-06-15,15:00,34.6,15.0,31.0,NW,16.1,22.5,1020.35,0.0,0.0,6,846,,
2025-06-15,15:15,35.0,14.4,29.0,WNW,14.5,27.4,1020.15,0.0,0.0,6,817,,
2025-06-15,15:30,34.7,13.3,28.0,WEST,20.9,25.7,1020.01,0.0,0.0,5,789,,
2025-06-15,15:45,34.8,14.4,29.0,WNW,11.3,27.4,1019.98,0.0,0.0,5,758,,
2025-06-15,16:00,34.2,13.9,30.0,WEST,19.3,29.0,1019.88,0.0,0.0,4,715,,
2025-06-15,16:15,33.3,14.4,33.0,WNW,27.4,40.2,1020.01,0.0,0.0,4,684,,
2025-06-15,16:30,32.0,12.8,31.0,WNW,29.0,43.5,1019.98,0.0,0.0,4,645,,
2025-06-15,16:45,31.2,13.9,35.0,WNW,35.4,45.1,1020.18,0.0,0.0,3,608,,
2025-06-15,17:00,30.8,13.3,34.0,WEST,20.9,41.8,1020.18,0.0,0.0,3,563,,
2025-06-15,17:15,30.5,12.2,33.0,WNW,16.1,40.2,1020.01,0.0,0.0,2,520,,
2025-06-15,17:30,30.5,13.3,35.0,WEST,19.3,38.6,1020.18,0.0,0.0,2,478,,
2025-06-15,17:45,30.6,12.8,34.0,WEST,17.7,32.2,1020.01,0.0,0.0,2,431,,
2025-06-15,18:00,30.4,13.9,36.0,WEST,25.7,29.0,1020.08,0.0,0.0,2,387,,
2025-06-15,18:15,29.8,15.6,42.0,WEST,24.1,30.6,1020.01,0.0,0.0,1,338,,
2025-06-15,18:30,29.6,15.0,42.0,WEST,22.5,30.6,1020.01,0.0,0.0,1,294,,
2025-06-15,18:45,29.2,14.4,41.0,WEST,19.3,27.4,1020.05,0.0,0.0,1,243,,
2025-06-15,19:00,28.6,13.9,40.0,WEST,20.9,30.6,1019.88,0.0,0.0,1,200,,
2025-06-15,19:15,28.3,13.9,42.0,WNW,16.1,33.8,1019.98,0.0,0.0,0,155,,
2025-06-15,19:30,27.9,13.3,40.0,WEST,11.3,29.0,1019.88,0.0,0.0,0,114,,
2025-06-15,19:45,27.6,13.3,41.0,WNW,8.0,24.1,1019.88,0.0,0.0,0,79,,
2025-06-15,20:00,27.3,13.3,43.0,WNW,9.7,20.9,1020.05,0.0,0.0,0,51,,
2025-06-15,20:15,26.7,15.0,48.0,WSW,6.4,22.5,1020.15,0.0,0.0,0,32,,
2025-06-15,20:30,26.2,15.6,52.0,WEST,3.2,19.3,1019.98,0.0,0.0,0,18,,
2025-06-15,20:45,26.1,16.1,54.0,WSW,4.8,16.1,1020.15,0.0,0.0,0,7,,
2025-06-15,21:00,25.7,16.1,56.0,NORTH,0.0,6.4,1019.88,0.0,0.0,0,0,,
2025-06-15,21:15,25.4,16.7,59.0,WNW,1.6,6.4,1020.12,0.0,0.0,0,0,,
2025-06-15,21:30,25.1,17.2,62.0,WNW,3.2,4.8,1020.15,0.0,0.0,0,0,,
2025-06-15,21:45,24.9,17.2,63.0,NORTH,0.0,3.2,1020.39,0.0,0.0,0,0,,
2025-06-15,22:00,24.6,17.8,66.0,NORTH,0.0,8.0,1020.29,0.0,0.0,0,0,,
2025-06-15,22:15,24.4,17.8,67.0,NNW,3.2,1.6,1020.52,0.0,0.0,0,0,,
2025-06-15,22:30,24.1,17.8,69.0,NORTH,0.0,3.2,1020.32,0.0,0.0,0,0,,
2025-06-15,22:45,23.8,17.8,70.0,NNE,1.6,4.8,1020.39,0.0,0.0,0,0,,
2025-06-15,23:00,23.2,17.8,71.0,EAST,8.0,6.4,1020.39,0.0,0.0,0,0,,
2025-06-15,23:15,24.0,16.7,64.0,EAST,4.8,6.4,1020.22,0.0,0.0,0,0,,
2025-06-15,23:30,25.1,16.1,58.0,EAST,3.2,6.4,1020.12,0.0,0.0,0,0,,
2025-06-15,23:45,25.6,15.0,52.0,EAST,4.8,6.4,1019.91,0.0,0.0,0,0,,
2025-06-16,00:00,25.7,14.4,50.0,NORTH,0.0,4.8,1020.05,0.0,0.0,0,0,,
2025-06-16,00:15,25.3,13.9,50.0,NORTH,0.0,6.4,1020.22,0.0,0.0,0,0,,
2025-06-16,00:30,24.9,13.9,51.0,EAST,3.2,4.8,1020.05,0.0,0.0,0,0,,
2025-06-16,00:45,24.5,13.9,53.0,EAST,1.6,6.4,1019.91,0.0,0.0,0,0,,
2025-06-16,01:00,24.6,13.9,52.0,EAST,3.2,6.4,1019.81,0.0,0.0,0,0,,
2025-06-16,01:15,24.6,13.3,50.0,EAST,4.8,6.4,1019.88,0.0,0.0,0,0,,
2025-06-16,01:30,24.7,13.3,49.0,ESE,3.2,9.7,1020.01,0.0,0.0,0,0,,
2025-06-16,01:45,24.8,13.3,49.0,ESE,1.6,4.8,1020.08,0.0,0.0,0,0,,
2025-06-16,02:00,24.7,13.9,51.0,NORTH,0.0,3.2,1019.88,0.0,0.0,0,0,,
2025-06-16,02:15,24.2,13.9,53.0,ESE,4.8,4.8,1020.05,0.0,0.0,0,0,,
2025-06-16,02:30,23.6,13.9,54.0,ESE,4.8,4.8,1019.98,0.0,0.0,0,0,,
2025-06-16,02:45,23.4,13.3,53.0,ESE,4.8,8.0,1019.84,0.0,0.0,0,0,,
2025-06-16,03:00,23.4,13.3,54.0,NORTH,0.0,8.0,1019.78,0.0,0.0,0,0,,
2025-06-16,03:15,23.7,14.4,57.0,SE,1.6,4.8,1019.78,0.0,0.0,0,0,,
2025-06-16,03:30,23.7,15.6,60.0,SE,1.6,1.6,1019.68,0.0,0.0,0,0,,
2025-06-16,03:45,23.3,15.6,62.0,NW,1.6,6.4,1019.47,0.0,0.0,0,0,,
2025-06-16,04:00,22.8,15.6,63.0,NORTH,0.0,3.2,1019.61,0.0,0.0,0,0,,
2025-06-16,04:15,22.7,15.0,63.0,NW,1.6,3.2,1019.51,0.0,0.0,0,0,,
2025-06-16,04:30,22.6,15.0,63.0,NORTH,0.0,1.6,1019.47,0.0,0.0,0,0,,
2025-06-16,04:45,22.4,15.0,62.0,NORTH,0.0,4.8,1019.88,0.0,0.0,0,0,,
2025-06-16,05:00,22.3,14.4,62.0,NORTH,0.0,4.8,1019.81,0.0,0.0,0,0,,
2025-06-16,05:15,22.9,14.4,60.0,NNE,4.8,8.0,1020.05,0.0,0.0,0,0,,
2025-06-16,05:30,22.9,16.1,67.0,NNE,3.2,9.7,1020.35,0.0,0.0,0,0,,
2025-06-16,05:45,22.3,16.1,68.0,NORTH,0.0,4.8,1020.15,0.0,0.0,0,0,,
2025-06-16,06:00,22.1,15.6,67.0,NORTH,0.0,4.8,1020.05,0.0,0.0,0,0,,
2025-06-16,06:15,22.3,15.6,66.0,NORTH,0.0,3.2,1019.68,0.0,0.0,0,16,,
2025-06-16,06:30,22.6,15.0,63.0,NE,4.8,6.4,1019.78,0.0,0.0,0,32,,
2025-06-16,06:45,23.1,13.9,56.0,NE,1.6,4.8,1019.61,0.0,0.0,0,56,,
2025-06-16,07:00,23.8,16.7,66.0,WNW,6.4,16.1,1020.18,0.0,0.0,0,88,,
2025-06-16,07:15,22.6,18.3,77.0,NORTH,0.0,16.1,1020.05,0.0,0.0,0,130,,
2025-06-16,07:30,22.7,18.3,78.0,NORTH,0.0,4.8,1019.84,0.0,0.0,0,158,,
2025-06-16,07:45,24.1,18.3,71.0,NORTH,0.0,1.6,1020.05,0.0,0.0,1,216,,
2025-06-16,08:00,24.8,16.7,62.0,NORTH,0.0,0.0,1020.01,0.0,0.0,1,269,,
2025-06-16,08:15,26.2,14.4,49.0,NORTH,0.0,0.0,1020.08,0.0,0.0,1,315,,
2025-06-16,08:30,27.1,12.8,41.0,NORTH,0.0,0.0,1020.12,0.0,0.0,1,353,,
2025-06-16,08:45,27.8,12.8,40.0,WNW,1.6,3.2,1019.91,0.0,0.0,2,366,,
2025-06-16,09:00,28.8,12.2,36.0,WNW,1.6,3.2,1020.01,0.0,0.0,2,381,,
2025-06-16,09:15,29.0,11.1,33.0,NW,4.8,8.0,1020.01,0.0,0.0,2,418,,
2025-06-16,09:30,29.4,12.2,35.0,NW,6.4,9.7,1020.12,0.0,0.0,3,497,,
2025-06-16,09:45,29.8,12.2,34.0,NW,4.8,6.4,1020.12,0.0,0.0,3,573,,
2025-06-16,10:00,30.5,10.6,29.0,NW,4.8,8.0,1020.22,0.0,0.0,4,645,,
2025-06-16,10:15,31.3,10.6,28.0,NW,11.3,12.9,1020.05,0.0,0.0,4,680,,
2025-06-16,10:30,31.9,10.0,26.0,NW,6.4,16.1,1020.08,0.0,0.0,4,687,,
2025-06-16,10:45,30.8,16.1,41.0,WNW,6.4,17.7,1020.29,0.0,0.0,3,353,,
2025-06-16,11:00,30.4,15.6,40.0,WEST,11.3,16.1,1020.18,0.0,0.0,5,881,,
2025-06-16,11:15,30.8,13.9,35.0,WNW,14.5,22.5,1020.08,0.0,0.0,5,673,,
2025-06-16,11:30,31.4,14.4,35.0,WNW,9.7,22.5,1020.12,0.0,0.0,6,682,,
2025-06-16,11:45,31.6,14.4,36.0,WNW,9.7,27.4,1020.15,0.0,0.0,6,872,,
2025-06-16,12:00,31.7,14.4,36.0,WEST,19.3,25.7,1020.15,0.0,0.0,7,889,,
2025-06-16,12:15,31.9,12.8,31.0,WEST,12.9,25.7,1020.12,0.0,0.0,7,935,,
2025-06-16,12:30,32.6,13.3,32.0,WNW,9.7,24.1,1020.08,0.0,0.0,7,932,,
2025-06-16,12:45,32.4,14.4,34.0,WSW,8.0,27.4,1020.12,0.0,0.0,8,1000,,
2025-06-16,13:00,32.7,14.4,34.0,WNW,12.9,27.4,1019.88,0.0,0.0,7,738,,
2025-06-16,13:15,31.4,15.6,38.0,WNW,29.0,41.8,1020.12,0.0,0.0,6,896,,
2025-06-16,13:30,31.1,15.0,37.0,WNW,17.7,48.3,1020.12,0.0,0.0,5,582,,
2025-06-16,13:45,31.3,16.1,40.0,WEST,19.3,38.6,1019.88,0.0,0.0,5,513,,
2025-06-16,14:00,31.3,13.9,35.0,WNW,30.6,32.2,1019.88,0.0,0.0,5,536,,
2025-06-16,14:15,31.2,12.8,33.0,WNW,22.5,35.4,1019.74,0.0,0.0,4,494,,
2025-06-16,14:30,31.8,13.9,33.0,NW,24.1,45.1,1019.74,0.0,0.0,7,995,,
2025-06-16,14:45,31.4,13.9,34.0,WEST,40.2,38.6,1019.74,0.0,0.0,6,717,,
2025-06-16,15:00,30.4,16.1,42.0,WNW,25.7,35.4,1019.84,0.0,0.0,3,378,,
2025-06-16,15:15,29.7,17.8,48.0,WNW,25.7,38.6,1020.29,0.0,0.0,2,315,,
2025-06-16,15:30,28.9,17.8,51.0,WNW,20.9,32.2,1020.32,0.0,0.0,2,278,,
2025-06-16,15:45,28.8,18.3,54.0,WNW,25.7,45.1,1020.45,0.0,0.0,4,448,,
2025-06-16,16:00,29.6,17.8,50.0,WNW,16.1,40.2,1020.15,0.0,0.0,5,983,,
2025-06-16,16:15,30.2,18.3,49.0,NW,30.6,38.6,1020.22,0.0,0.0,4,742,,
2025-06-16,16:30,30.1,18.9,51.0,WEST,14.5,41.8,1020.15,0.0,0.0,4,671,,
2025-06-16,16:45,29.5,17.2,48.0,NW,29.0,35.4,1019.91,0.0,0.0,3,622,,
2025-06-16,17:00,29.1,17.8,51.0,WNW,25.7,40.2,1019.81,0.0,0.0,3,580,,
2025-06-16,17:15,28.8,18.3,54.0,NW,9.7,40.2,1019.81,0.0,0.0,2,538,,
2025-06-16,17:30,28.8,18.3,53.0,WNW,22.5,33.8,1019.71,0.0,0.0,2,492,,
2025-06-16,17:45,28.8,18.3,54.0,WNW,20.9,38.6,1019.44,0.0,0.0,2,443,,
2025-06-16,18:00,28.7,19.4,57.0,WEST,19.3,41.8,1019.37,0.0,0.0,2,399,,
2025-06-16,18:15,28.2,20.6,63.0,WNW,30.6,37.0,1019.27,0.0,0.0,1,350,,
2025-06-16,18:30,27.4,20.6,67.0,WEST,24.1,38.6,1019.07,0.0,0.0,1,309,,
2025-06-16,18:45,27.2,20.6,68.0,WNW,38.6,41.8,1019.34,0.0,0.0,1,257,,
2025-06-16,19:00,26.8,20.6,68.0,WNW,19.3,37.0,1019.34,0.0,0.0,1,209,,
2025-06-16,19:15,26.9,20.0,66.0,WNW,25.7,35.4,1019.47,0.0,0.0,0,163,,
2025-06-16,19:30,26.9,18.9,62.0,WNW,29.0,33.8,1019.61,0.0,0.0,0,121,,
2025-06-16,19:45,26.7,18.9,64.0,WNW,16.1,32.2,1019.61,0.0,0.0,0,79,,
2025-06-16,20:00,26.2,20.0,68.0,NNE,16.1,30.6,1019.74,0.0,0.0,0,49,,
2025-06-16,20:15,25.7,20.0,71.0,WNW,14.5,27.4,1019.74,0.0,0.0,0,28,,
2025-06-16,20:30,24.8,20.0,75.0,WNW,14.5,24.1,1019.74,0.0,0.0,0,16,,
2025-06-16,20:45,24.1,20.0,78.0,NE,14.5,24.1,1019.64,0.0,0.0,0,7,,
2025-06-16,21:00,23.6,19.4,79.0,ENE,17.7,24.1,1019.71,0.0,0.0,0,0,,
2025-06-16,21:15,23.2,19.4,80.0,WNW,17.7,27.4,1019.71,0.0,0.0,0,0,,
2025-06-16,21:30,22.9,19.4,81.0,WNW,14.5,25.7,1019.78,0.0,0.0,0,0,,
2025-06-16,21:45,22.6,19.4,82.0,WEST,6.4,24.1,1020.12,0.0,0.0,0,0,,
2025-06-16,22:00,22.5,18.9,82.0,WNW,8.0,17.7,1020.18,0.0,0.0,0,0,,
2025-06-16,22:15,22.3,18.9,83.0,WNW,11.3,19.3,1020.22,0.0,0.0,0,0,,
2025-06-16,22:30,22.2,18.9,83.0,NW,1.6,16.1,1020.35,0.0,0.0,0,0,,
2025-06-16,22:45,22.1,18.9,84.0,EAST,3.2,14.5,1020.22,0.0,0.0,0,0,,
2025-06-16,23:00,22.0,18.9,84.0,NNW,6.4,8.0,1020.35,0.0,0.0,0,0,,
2025-06-16,23:15,21.8,18.9,84.0,NW,12.9,16.1,1020.32,0.0,0.0,0,0,,
2025-06-16,23:30,21.7,18.9,85.0,WNW,14.5,14.5,1020.39,0.0,0.0,0,0,,
2025-06-16,23:45,21.4,18.3,85.0,NORTH,0.0,19.3,1020.39,0.0,0.0,0,0,,
2025-06-17,00:00,21.2,18.3,86.0,WEST,1.6,12.9,1020.32,0.0,0.0,0,0,,
2025-06-17,00:15,20.9,18.3,85.0,WNW,6.4,17.7,1020.39,0.0,0.0,0,0,,
2025-06-17,00:30,20.8,18.3,85.0,WEST,4.8,16.1,1020.35,0.0,0.0,0,0,,
2025-06-17,00:45,20.7,17.8,86.0,WEST,6.4,17.7,1020.29,0.0,0.0,0,0,,
2025-06-17,01:00,20.6,17.8,86.0,WEST,12.9,20.9,1020.12,0.0,0.0,0,0,,
2025-06-17,01:15,20.5,17.8,87.0,WEST,14.5,24.1,1020.01,0.0,0.0,0,0,,
2025-06-17,01:30,20.3,17.8,87.0,WEST,6.4,17.7,1019.61,0.0,0.0,0,0,,
2025-06-17,01:45,20.2,17.8,88.0,WEST,11.3,14.5,1019.61,0.0,0.0,0,0,,
2025-06-17,02:00,20.2,17.8,88.0,WEST,14.5,19.3,1019.57,0.0,0.0,0,0,,
2025-06-17,02:15,19.9,17.8,88.0,NNE,8.0,20.9,1019.44,0.0,0.0,0,0,,
2025-06-17,02:30,19.8,17.8,89.0,WNW,12.9,17.7,1019.37,0.0,0.0,0,0,,
2025-06-17,02:45,19.4,17.2,89.0,WEST,6.4,16.1,1019.44,0.0,0.0,0,0,,
2025-06-17,03:00,19.3,17.2,89.0,NNW,12.9,24.1,1019.37,0.0,0.0,0,0,,
2025-06-17,03:15,19.4,17.2,87.0,WEST,14.5,20.9,1019.2,0.0,0.0,0,0,,
2025-06-17,03:30,19.7,17.2,86.0,WEST,17.7,24.1,1019.1,0.0,0.0,0,0,,
2025-06-17,03:45,19.9,17.2,86.0,WEST,16.1,27.4,1019.17,0.0,0.0,0,0,,
2025-06-17,04:00,19.7,17.2,85.0,NW,8.0,22.5,1019.03,0.0,0.0,0,0,,
2025-06-17,04:15,19.4,16.7,86.0,WEST,12.9,24.1,1018.96,0.0,0.0,0,0,,
2025-06-17,04:30,19.4,16.7,85.0,NW,14.5,29.0,1019.07,0.0,0.0,0,0,,
2025-06-17,04:45,19.5,16.7,85.0,NW,16.1,22.5,1018.8,0.0,0.0,0,0,,
2025-06-17,05:00,19.3,16.7,84.0,WNW,6.4,19.3,1019.03,0.0,0.0,0,0,,
2025-06-17,05:15,19.2,16.1,82.0,WNW,4.8,17.7,1018.83,0.0,0.0,0,0,,
2025-06-17,05:30,19.1,15.6,80.0,WNW,4.8,14.5,1018.93,0.0,0.0,0,0,,
2025-06-17,05:45,19.2,15.0,79.0,WNW,3.2,14.5,1018.83,0.0,0.0,0,0,,
2025-06-17,06:00,19.1,15.0,77.0,WNW,1.6,16.1,1018.63,0.0,0.0,0,0,,
2025-06-17,06:15,19.3,15.0,77.0,WNW,11.3,19.3,1018.76,0.0,0.0,0,14,,
2025-06-17,06:30,19.4,15.6,79.0,WEST,12.9,17.7,1018.93,0.0,0.0,0,32,,
2025-06-17,06:45,19.3,15.6,80.0,WNW,9.7,20.9,1018.86,0.0,0.0,0,65,,
2025-06-17,07:00,19.5,15.6,80.0,WEST,9.7,16.1,1019,0.0,0.0,0,102,,
2025-06-17,07:15,19.8,16.1,80.0,WNW,12.9,22.5,1018.96,0.0,0.0,0,149,,
2025-06-17,07:30,20.2,16.7,81.0,WEST,16.1,25.7,1019,0.0,0.0,0,167,,
2025-06-17,07:45,20.4,16.7,80.0,WEST,16.1,25.7,1019.13,0.0,0.0,1,250,,
2025-06-17,08:00,20.9,16.7,77.0,WNW,8.0,25.7,1018.83,0.0,0.0,1,299,,
2025-06-17,08:15,21.4,16.7,76.0,WEST,17.7,22.5,1018.8,0.0,0.0,1,352,,
2025-06-17,08:30,21.9,17.2,74.0,WEST,11.3,20.9,1018.9,0.0,0.0,1,385,,
2025-06-17,08:45,22.4,17.2,73.0,WEST,22.5,20.9,1018.9,0.0,0.0,2,392,,
2025-06-17,09:00,22.7,17.2,73.0,WNW,14.5,19.3,1018.93,0.0,0.0,2,396,,
2025-06-17,09:15,22.8,17.8,73.0,WNW,12.9,22.5,1018.9,0.0,0.0,2,420,,
2025-06-17,09:30,23.3,17.2,70.0,WNW,11.3,19.3,1018.96,0.0,0.0,3,496,,
2025-06-17,09:45,23.7,17.8,70.0,WNW,3.2,29.0,1019.03,0.0,0.0,3,592,,
2025-06-17,10:00,24.1,17.2,66.0,WEST,12.9,25.7,1018.93,0.0,0.0,3,666,,
2025-06-17,10:15,24.3,17.2,65.0,WEST,25.7,32.2,1019.07,0.0,0.0,4,714,,
2025-06-17,10:30,24.7,17.2,64.0,WEST,20.9,29.0,1019.2,0.0,0.0,4,749,,
2025-06-17,10:45,24.3,17.2,65.0,WNW,14.5,30.6,1019,0.0,0.0,4,777,,
2025-06-17,11:00,24.9,17.2,64.0,WEST,12.9,37.0,1019.17,0.0,0.0,5,810,,
2025-06-17,11:15,25.3,17.8,63.0,WNW,14.5,40.2,1019.24,0.0,0.0,5,844,,
2025-06-17,11:30,25.3,17.8,64.0,WNW,12.9,37.0,1019.24,0.0,0.0,5,828,,
2025-06-17,11:45,25.4,17.2,61.0,NW,12.9,33.8,1019.24,0.0,0.0,6,867,,
2025-06-17,12:00,25.8,17.8,61.0,WNW,12.9,40.2,1019.13,0.0,0.0,6,893,,
2025-06-17,12:15,25.7,17.8,62.0,WNW,8.0,38.6,1019.2,0.0,0.0,6,921,,
2025-06-17,12:30,25.6,17.8,62.0,WEST,14.5,33.8,1019.17,0.0,0.0,7,946,,
2025-06-17,12:45,25.7,17.8,62.0,WNW,17.7,38.6,1019.17,0.0,0.0,7,954,,
2025-06-17,13:00,26.3,17.8,61.0,WNW,20.9,35.4,1019.2,0.0,0.0,7,956,,
2025-06-17,13:15,26.4,17.8,61.0,WNW,17.7,33.8,1019.2,0.0,0.0,7,962,,
2025-06-17,13:30,26.6,17.8,60.0,ENE,12.9,40.2,1019.03,0.0,0.0,7,951,,
2025-06-17,13:45,26.3,17.2,58.0,WEST,22.5,38.6,1018.93,0.0,0.0,7,949,,
2025-06-17,14:00,26.2,18.3,62.0,EAST,14.5,37.0,1018.93,0.0,0.0,7,944,,
2025-06-17,14:15,26.1,18.3,62.0,WNW,11.3,43.5,1018.73,0.0,0.0,7,928,,
2025-06-17,14:30,26.5,18.3,62.0,WEST,17.7,32.2,1018.76,0.0,0.0,6,921,,
2025-06-17,14:45,26.7,18.9,62.0,WEST,24.1,33.8,1018.63,0.0,0.0,6,900,,
2025-06-17,15:00,26.6,18.3,61.0,WNW,33.8,37.0,1018.46,0.0,0.0,6,877,,
2025-06-17,15:15,26.6,17.2,58.0,WNW,25.7,40.2,1018.59,0.0,0.0,5,853,,
2025-06-17,15:30,26.7,18.3,60.0,WNW,16.1,35.4,1018.73,0.0,0.0,5,826,,
2025-06-17,15:45,26.4,17.8,59.0,WNW,30.6,33.8,1018.8,0.0,0.0,5,793,,
2025-06-17,16:00,26.5,18.3,61.0,WEST,16.1,29.0,1018.8,0.0,0.0,4,752,,
2025-06-17,16:15,26.3,18.3,63.0,WNW,19.3,37.0,1018.29,0.0,0.0,4,719,,
2025-06-17,16:30,25.7,18.3,63.0,WEST,24.1,37.0,1018.29,0.0,0.0,4,684,,
2025-06-17,16:45,25.6,17.8,63.0,WEST,24.1,35.4,1018.05,0.0,0.0,3,647,,
2025-06-17,17:00,25.9,18.3,63.0,NE,16.1,33.8,1018.19,0.0,0.0,3,603,,
2025-06-17,17:15,25.8,18.3,63.0,WNW,33.8,43.5,1018.08,0.0,0.0,2,555,,
2025-06-17,17:30,25.7,17.8,63.0,WNW,22.5,40.2,1018.29,0.0,0.0,2,504,,
2025-06-17,17:45,25.2,18.3,67.0,WNW,30.6,38.6,1018.05,0.0,0.0,2,450,,
2025-06-17,18:00,24.9,18.9,69.0,WEST,17.7,37.0,1017.95,0.0,0.0,1,401,,
2025-06-17,18:15,24.7,18.9,70.0,WEST,19.3,41.8,1017.98,0.0,0.0,1,355,,
2025-06-17,18:30,24.4,18.9,72.0,WNW,14.5,30.6,1018.05,0.0,0.0,1,306,,
2025-06-17,18:45,24.0,18.9,73.0,WNW,29.0,37.0,1018.12,0.0,0.0,1,258,,
2025-06-17,19:00,23.8,18.9,73.0,WNW,14.5,33.8,1017.98,0.0,0.0,1,209,,
2025-06-17,19:15,23.7,18.3,73.0,WNW,17.7,35.4,1017.98,0.0,0.0,0,165,,
2025-06-17,19:30,23.6,18.3,74.0,WNW,14.5,32.2,1018.05,0.0,0.0,0,121,,
2025-06-17,19:45,23.5,18.9,75.0,WNW,12.9,30.6,1018.15,0.0,0.0,0,79,,
2025-06-17,20:00,23.2,18.9,76.0,WNW,12.9,32.2,1018.12,0.0,0.0,0,51,,
2025-06-17,20:15,22.8,18.3,78.0,WEST,19.3,27.4,1017.95,0.0,0.0,0,30,,
2025-06-17,20:30,22.4,18.3,79.0,WNW,12.9,25.7,1018.08,0.0,0.0,0,18,,
2025-06-17,20:45,22.1,18.3,81.0,NNE,20.9,22.5,1018.15,0.0,0.0,0,9,,
2025-06-17,21:00,21.7,18.3,82.0,NNW,3.2,17.7,1017.91,0.0,0.0,0,0,,
2025-06-17,21:15,21.5,18.3,84.0,WEST,4.8,19.3,1017.95,0.0,0.0,0,0,,
2025-06-17,21:30,21.3,18.3,84.0,WNW,8.0,17.7,1018.25,0.0,0.0,0,0,,
2025-06-17,21:45,21.2,18.3,85.0,WEST,11.3,17.7,1018.29,0.0,0.0,0,0,,
2025-06-17,22:00,21.1,18.3,86.0,WNW,1.6,12.9,1018.42,0.0,0.0,0,0,,
2025-06-17,22:15,21.0,18.3,87.0,NORTH,0.0,11.3,1018.76,0.0,0.0,0,0,,
2025-06-17,22:30,20.8,18.3,87.0,WNW,4.8,16.1,1018.9,0.0,0.0,0,0,,
2025-06-17,22:45,20.8,18.3,88.0,WNW,8.0,14.5,1019,0.0,0.0,0,0,,
2025-06-17,23:00,20.7,18.3,89.0,WEST,4.8,14.5,1019.07,0.0,0.0,0,0,,
2025-06-17,23:15,20.6,18.3,89.0,WEST,4.8,12.9,1019.2,0.0,0.0,0,0,,
2025-06-17,23:30,20.5,18.3,90.0,WNW,1.6,14.5,1019.24,0.0,0.0,0,0,,
2025-06-17,23:45,20.5,18.9,90.0,WEST,6.4,12.9,1019.34,0.0,0.0,0,0,,
2025-06-18,00:00,20.6,18.9,91.0,NW,11.3,20.9,1019.51,0.0,0.0,0,0,,
2025-06-18,00:15,20.6,18.9,91.0,WNW,6.4,17.7,1019.54,0.0,0.0,0,0,,
2025-06-18,00:30,20.6,18.9,91.0,WNW,6.4,14.5,1019.37,0.0,0.0,0,0,,
2025-06-18,00:45,20.5,18.9,91.0,WNW,6.4,12.9,1019.2,0.0,0.0,0,0,,
2025-06-18,01:00,20.4,18.9,92.0,WNW,6.4,12.9,1019.27,0.0,0.0,0,0,,
2025-06-18,01:15,20.2,18.3,91.0,NORTH,0.0,11.3,1018.93,0.0,0.0,0,0,,
2025-06-18,01:30,19.9,18.3,92.0,WEST,1.6,6.4,1019,0.0,0.0,0,0,,
2025-06-18,01:45,19.8,18.3,92.0,NORTH,0.0,1.6,1018.76,0.0,0.0,0,0,,
2025-06-18,02:00,19.7,18.3,92.0,NORTH,0.0,1.6,1018.56,0.0,0.0,0,0,,
2025-06-18,02:15,19.8,18.3,92.0,NORTH,0.0,3.2,1018.59,0.0,0.0,0,0,,
2025-06-18,02:30,19.7,18.3,92.0,NORTH,0.0,3.2,1018.46,0.0,0.0,0,0,,
2025-06-18,02:45,19.8,18.3,92.0,NORTH,0.0,1.6,1018.15,0.0,0.0,0,0,,
2025-06-18,03:00,19.7,18.3,92.0,NORTH,0.0,4.8,1018.22,0.0,0.0,0,0,,
2025-06-18,03:15,19.8,18.3,92.0,NW,6.4,12.9,1018.29,0.0,0.0,0,0,,
2025-06-18,03:30,19.6,18.3,92.0,NNW,1.6,8.0,1018.05,0.0,0.0,0,0,,
2025-06-18,03:45,19.4,17.8,92.0,NNW,1.6,3.2,1018.05,0.0,0.0,0,0,,
2025-06-18,04:00,19.3,17.8,92.0,NNW,1.6,3.2,1017.98,0.0,0.0,0,0,,
2025-06-18,04:15,19.2,17.8,92.0,NORTH,0.0,1.6,1017.95,0.0,0.0,0,0,,
2025-06-18,04:30,19.0,17.2,92.0,NNW,1.6,1.6,1017.85,0.0,0.0,0,0,,
2025-06-18,04:45,18.7,17.2,92.0,NORTH,0.0,4.8,1017.85,0.0,0.0,0,0,,
2025-06-18,05:00,18.6,17.2,92.0,NORTH,0.0,1.6,1017.85,0.0,0.0,0,0,,
2025-06-18,05:15,18.4,16.7,92.0,NORTH,0.0,0.0,1018.08,0.0,0.0,0,0,,
2025-06-18,05:30,18.4,16.7,92.0,NORTH,0.0,3.2,1018.19,0.0,0.0,0,0,,
2025-06-18,05:45,18.4,17.2,92.0,NNE,3.2,3.2,1018.25,0.0,0.0,0,0,,
2025-06-18,06:00,18.4,16.7,92.0,NORTH,0.0,3.2,1018.29,0.0,0.0,0,0,,
2025-06-18,06:15,18.3,16.7,92.0,NORTH,0.0,1.6,1018.32,0.0,0.0,0,11,,
2025-06-18,06:30,18.2,16.7,92.0,NORTH,0.0,4.8,1018.42,0.0,0.0,0,28,,
2025-06-18,06:45,18.4,16.7,92.0,NORTH,0.0,0.0,1018.46,0.0,0.0,0,60,,
2025-06-18,07:00,18.6,17.2,92.0,NORTH,0.0,0.0,1018.46,0.0,0.0,0,93,,
2025-06-18,07:15,18.5,17.2,92.0,NNE,1.6,6.4,1018.59,0.0,0.0,0,139,,
2025-06-18,07:30,18.7,17.2,91.0,NORTH,3.2,6.4,1018.83,0.0,0.0,0,153,,
2025-06-18,07:45,19.5,17.8,90.0,NNW,8.0,9.7,1018.9,0.0,0.0,1,229,,
2025-06-18,08:00,19.9,17.2,85.0,NNW,8.0,14.5,1018.83,0.0,0.0,1,287,,
2025-06-18,08:15,20.7,17.2,80.0,NNW,4.8,16.1,1018.83,0.0,0.0,1,338,,
2025-06-18,08:30,21.5,16.7,75.0,NNW,1.6,12.9,1018.59,0.0,0.0,1,371,,
2025-06-18,08:45,21.9,16.7,72.0,NW,8.0,12.9,1018.66,0.0,0.0,2,381,,
2025-06-18,09:00,22.4,16.1,69.0,NW,12.9,17.7,1018.8,0.0,0.0,2,385,,
2025-06-18,09:15,22.7,16.1,68.0,WNW,11.3,17.7,1018.93,0.0,0.0,2,410,,
2025-06-18,09:30,23.4,15.6,62.0,NW,17.7,24.1,1018.83,0.0,0.0,3,473,,
2025-06-18,09:45,23.9,15.0,58.0,NW,14.5,25.7,1018.8,0.0,0.0,3,578,,
2025-06-18,10:00,24.4,15.0,56.0,NNW,14.5,25.7,1018.73,0.0,0.0,3,647,,
2025-06-18,10:15,24.9,15.0,54.0,NW,14.5,24.1,1018.59,0.0,0.0,4,696,,
2025-06-18,10:30,25.4,15.0,53.0,NW,19.3,24.1,1018.66,0.0,0.0,4,731,,
2025-06-18,10:45,25.6,15.0,52.0,NW,4.8,27.4,1018.73,0.0,0.0,4,768,,
2025-06-18,11:00,26.3,15.0,49.0,NW,24.1,30.6,1018.8,0.0,0.0,5,800,,
2025-06-18,11:15,26.7,15.6,51.0,NW,16.1,22.5,1018.66,0.0,0.0,5,828,,
2025-06-18,11:30,26.6,15.0,50.0,WNW,27.4,29.0,1018.73,0.0,0.0,6,854,,
2025-06-18,11:45,27.2,15.6,49.0,NNW,19.3,30.6,1018.63,0.0,0.0,6,874,,
2025-06-18,12:00,27.6,15.0,46.0,NW,12.9,30.6,1018.49,0.0,0.0,6,898,,
2025-06-18,12:15,27.5,16.7,51.0,NW,24.1,40.2,1018.63,0.0,0.0,6,923,,
2025-06-18,12:30,27.3,17.2,54.0,WNW,17.7,43.5,1018.52,0.0,0.0,7,930,,
2025-06-18,12:45,27.3,17.2,55.0,WNW,19.3,40.2,1018.66,0.0,0.0,7,944,,
2025-06-18,13:00,27.2,17.8,56.0,WNW,17.7,41.8,1018.76,0.0,0.0,7,947,,
2025-06-18,13:15,27.3,17.2,54.0,WNW,22.5,41.8,1018.9,0.0,0.0,7,951,,
2025-06-18,13:30,27.6,17.2,54.0,WNW,14.5,45.1,1018.83,0.0,0.0,7,949,,
2025-06-18,13:45,28.1,17.2,53.0,WNW,24.1,41.8,1018.66,0.0,0.0,7,967,,
2025-06-18,14:00,27.4,17.8,57.0,WNW,17.7,35.4,1018.8,0.0,0.0,7,951,,
2025-06-18,14:15,27.4,17.8,57.0,WNW,17.7,43.5,1018.49,0.0,0.0,7,960,,
2025-06-18,14:30,26.8,18.3,59.0,WNW,24.1,40.2,1018.76,0.0,0.0,3,260,,
2025-06-18,14:45,26.3,17.8,60.0,WNW,19.3,41.8,1018.66,0.0,0.0,3,278,,
2025-06-18,15:00,26.3,17.8,60.0,WEST,20.9,40.2,1018.8,0.0,0.0,3,294,,
2025-06-18,15:15,26.3,17.8,60.0,WEST,17.7,45.1,1018.73,0.0,0.0,3,373,,
2025-06-18,15:30,27.1,17.8,58.0,WNW,17.7,43.5,1018.59,0.0,0.0,5,984,,
2025-06-18,15:45,26.9,17.8,59.0,WNW,16.1,46.7,1018.8,0.0,0.0,4,352,,
2025-06-18,16:00,26.3,17.8,61.0,WNW,14.5,43.5,1018.73,0.0,0.0,2,265,,
2025-06-18,16:15,26.3,17.8,61.0,WEST,25.7,43.5,1018.56,0.0,0.0,4,608,,
2025-06-18,16:30,26.7,18.3,61.0,WNW,12.9,40.2,1018.46,0.0,0.0,4,751,,
2025-06-18,16:45,26.1,18.3,62.0,WEST,22.5,41.8,1018.29,0.0,0.0,3,352,,
2025-06-18,17:00,26.6,18.9,63.0,WEST,32.2,46.7,1018.42,0.0,0.0,3,652,,
2025-06-18,17:15,26.8,18.9,62.0,WEST,24.1,43.5,1018.12,0.0,0.0,2,679,,
2025-06-18,17:30,26.6,18.3,61.0,SW,6.4,33.8,1018.22,0.0,0.0,1,410,,
2025-06-18,17:45,26.3,18.3,62.0,SW,6.4,27.4,1018.29,0.0,0.0,1,269,,
2025-06-18,18:00,25.6,18.3,64.0,SW,4.8,24.1,1018.39,0.0,0.0,0,54,,
2025-06-18,18:15,25.4,18.3,65.0,SSW,4.8,14.5,1018.59,0.0,0.0,0,56,,
2025-06-18,18:30,25.1,17.8,65.0,SSE,8.0,16.1,1018.76,0.0,0.0,1,327,,
2025-06-18,19:15,23.7,18.3,72.0,SSE,12.9,27.4,1019.03,0.0,0.0,0,144,,
2025-06-18,19:30,23.4,18.3,75.0,SSE,14.5,27.4,1019.13,0.0,0.0,0,116,,
2025-06-18,19:45,23.2,18.3,76.0,SE,17.7,22.5,1019.1,0.0,0.0,0,74,,
2025-06-18,20:00,22.9,18.3,76.0,SE,19.3,24.1,1019.37,0.0,0.0,0,49,,
2025-06-18,20:15,22.9,18.3,75.0,SE,14.5,20.9,1019.47,0.0,0.0,0,30,,
2025-06-18,20:30,22.8,17.8,75.0,SE,16.1,17.7,1019.54,0.0,0.0,0,19,,
2025-06-18,20:45,22.5,17.8,76.0,SE,11.3,17.7,1019.64,0.0,0.0,0,9,,
2025-06-18,21:00,22.3,17.8,77.0,SE,6.4,17.7,1019.51,0.0,0.0,0,0,,
2025-06-18,21:15,22.1,17.8,78.0,SE,11.3,14.5,1019.4,0.0,0.0,0,0,,
2025-06-18,21:30,21.8,17.8,79.0,SE,4.8,14.5,1019.57,0.0,0.0,0,0,,
2025-06-18,21:45,21.6,17.8,79.0,SE,6.4,16.1,1019.54,0.0,0.0,0,0,,
2025-06-18,22:00,21.4,17.8,80.0,SE,6.4,16.1,1019.54,0.0,0.0,0,0,,
2025-06-18,22:15,21.3,17.8,81.0,SE,12.9,16.1,1019.78,0.0,0.0,0,0,,
2025-06-18,22:30,21.3,17.8,81.0,SE,12.9,16.1,1020.05,0.0,0.0,0,0,,
2025-06-18,22:45,21.1,17.2,80.0,SE,11.3,16.1,1020.29,0.0,0.0,0,0,,
2025-06-18,23:00,21.1,17.2,79.0,SE,12.9,17.7,1020.15,0.0,0.0,0,0,,
2025-06-18,23:15,21.2,16.7,77.0,SE,8.0,17.7,1020.01,0.0,0.0,0,0,,
2025-06-18,23:30,21.2,16.7,77.0,ESE,4.8,11.3,1020.01,0.0,0.0,0,0,,
2025-06-18,23:45,21.2,16.7,77.0,ESE,3.2,12.9,1020.05,0.0,0.0,0,0,,
2025-06-19,00:00,21.2,16.7,77.0,ESE,4.8,9.7,1020.05,0.0,0.0,0,0,,
2025-06-19,00:15,21.1,16.7,76.0,ESE,4.8,9.7,1020.12,0.0,0.0,0,0,,
2025-06-19,00:30,20.8,16.7,78.0,ESE,9.7,14.5,1020.01,0.0,0.0,0,0,,
2025-06-19,00:45,20.8,16.7,78.0,ESE,6.4,12.9,1020.08,0.0,0.0,0,0,,
2025-06-19,01:00,20.9,16.7,77.0,ESE,6.4,11.3,1019.91,0.0,0.0,0,0,,
2025-06-19,01:15,20.9,16.7,77.0,ESE,6.4,9.7,1019.74,0.0,0.0,0,0,,
2025-06-19,01:30,20.9,16.7,77.0,ESE,3.2,9.7,1019.81,0.0,0.0,0,0,,
2025-06-19,01:45,20.8,16.7,77.0,NORTH,0.0,6.4,1019.78,0.0,0.0,0,0,,
2025-06-19,02:00,20.7,16.7,78.0,ESE,4.8,9.7,1019.61,0.0,0.0,0,0,,
2025-06-19,02:15,20.8,16.7,79.0,NORTH,0.0,11.3,1019.81,0.0,0.0,0,0,,
2025-06-19,02:30,20.6,16.7,79.0,ESE,1.6,3.2,1019.64,0.0,0.0,0,0,,
2025-06-19,02:45,20.3,16.7,79.0,ESE,4.8,4.8,1019.71,0.0,0.0,0,0,,
2025-06-19,03:00,20.2,16.1,79.0,ESE,1.6,3.2,1019.71,0.0,0.0,0,0,,
2025-06-19,03:15,19.9,16.1,80.0,ESE,3.2,4.8,1019.74,0.0,0.0,0,0,,
2025-06-19,03:30,19.6,16.1,81.0,ESE,4.8,9.7,1019.64,0.0,0.0,0,0,,
2025-06-19,03:45,19.6,16.1,82.0,SE,4.8,11.3,1019.57,0.0,0.0,0,0,,
2025-06-19,04:00,19.6,16.7,83.0,ESE,1.6,4.8,1019.51,0.0,0.0,0,0,,
2025-06-19,04:15,19.3,16.1,83.0,ESE,1.6,4.8,1019.64,0.0,0.0,0,0,,
2025-06-19,04:30,19.1,16.1,83.0,NORTH,0.0,4.8,1019.4,0.0,0.0,0,0,,
2025-06-19,04:45,19.2,16.1,84.0,ESE,1.6,3.2,1019.47,0.0,0.0,0,0,,
2025-06-19,05:00,19.2,16.1,85.0,ESE,3.2,6.4,1019.44,0.0,0.0,0,0,,
2025-06-19,05:15,19.1,16.1,85.0,EAST,4.8,9.7,1019.51,0.0,0.0,0,0,,
2025-06-19,05:30,19.1,16.1,85.0,EAST,3.2,6.4,1019.47,0.0,0.0,0,0,,
2025-06-19,05:45,19.1,16.1,85.0,EAST,3.2,6.4,1019.44,0.0,0.0,0,0,,
2025-06-19,06:00,19.1,16.7,85.0,EAST,3.2,6.4,1019.57,0.0,0.0,0,0,,
2025-06-19,06:15,19.1,16.7,86.0,NORTH,0.0,6.4,1019.47,0.0,0.0,0,14,,
2025-06-19,06:30,18.9,16.1,86.0,EAST,1.6,3.2,1019.54,0.0,0.0,0,30,,
2025-06-19,06:45,19.4,16.7,86.0,NORTH,0.0,4.8,1019.64,0.0,0.0,0,54,,
2025-06-19,07:00,19.7,17.2,86.0,EAST,1.6,3.2,1020.05,0.0,0.0,0,90,,
2025-06-19,07:15,20.1,17.2,85.0,EAST,1.6,4.8,1020.01,0.0,0.0,0,134,,
2025-06-19,07:30,20.5,17.8,85.0,NORTH,0.0,1.6,1020.15,0.0,0.0,0,155,,
2025-06-19,07:45,20.9,17.8,84.0,NORTH,0.0,0.0,1020.22,0.0,0.0,0,221,,
2025-06-19,08:00,21.6,18.3,82.0,EAST,3.2,3.2,1020.18,0.0,0.0,1,269,,
2025-06-19,08:15,22.1,18.3,79.0,,1.6,6.4,1020.15,0.0,0.0,1,315,,
2025-06-19,08:30,22.0,17.8,77.0,NW,3.2,8.0,1020.25,0.0,0.0,1,345,,
2025-06-19,08:45,22.1,17.8,77.0,NW,4.8,8.0,1020.12,0.0,0.0,1,367,,
2025-06-19,09:00,22.7,17.8,75.0,NW,3.2,6.4,1020.15,0.0,0.0,2,376,,
2025-06-19,09:15,23.3,17.8,72.0,NW,6.4,9.7,1020.15,0.0,0.0,2,406,,
2025-06-19,09:30,23.8,17.8,70.0,NW,8.0,9.7,1020.15,0.0,0.0,2,475,,
2025-06-19,09:45,24.2,17.8,67.0,NW,9.7,12.9,1020.08,0.0,0.0,3,566,,
2025-06-19,10:00,25.0,17.8,66.0,NW,6.4,12.9,1019.88,0.0,0.0,3,628,,
2025-06-19,10:15,24.9,16.7,61.0,NNW,9.7,12.9,1019.74,0.0,0.0,4,679,,
2025-06-19,10:30,25.7,17.2,59.0,NNW,4.8,11.3,1019.64,0.0,0.0,4,719,,
2025-06-19,10:45,26.2,17.2,58.0,SE,6.4,6.4,1019.68,0.0,0.0,4,779,,
2025-06-19,11:00,26.6,17.2,56.0,ENE,3.2,11.3,1019.91,0.0,0.0,3,272,,
2025-06-19,11:15,26.8,17.2,56.0,NORTH,0.0,14.5,1019.74,0.0,0.0,5,403,,
2025-06-19,11:30,26.4,17.2,58.0,SSE,4.8,16.1,1019.81,0.0,0.0,4,475,,
2025-06-19,11:45,26.6,17.8,58.0,NE,4.8,19.3,1019.74,0.0,0.0,6,1042,,
2025-06-19,12:00,26.7,17.8,58.0,WNW,6.4,16.1,1020.01,0.0,0.0,3,346,,
2025-06-19,12:15,27.4,17.8,56.0,WEST,9.7,12.9,1019.78,0.0,0.0,6,1035,,
2025-06-19,12:30,28.0,17.8,53.0,WNW,11.3,20.9,1019.61,0.0,0.0,7,979,,
2025-06-19,12:45,28.7,17.8,52.0,NW,9.7,19.3,1019.4,0.0,0.0,7,1014,,
2025-06-19,13:00,28.2,17.2,52.0,WNW,1.6,19.3,1019.3,0.0,0.0,4,304,,
2025-06-19,13:15,28.6,17.8,52.0,NORTH,0.0,24.1,1019.3,0.0,0.0,5,963,,
2025-06-19,13:30,28.2,17.2,52.0,NW,9.7,24.1,1019.37,0.0,0.0,4,274,,
2025-06-19,13:45,28.6,17.2,51.0,SE,1.6,19.3,1019.13,0.0,0.0,5,406,,
2025-06-19,14:00,28.6,17.2,51.0,WNW,3.2,19.3,1019.17,0.0,0.0,1,167,,
2025-06-19,14:15,28.5,18.9,56.0,WNW,25.7,38.6,1019.2,0.0,0.0,6,1002,,
2025-06-19,14:30,28.2,18.3,55.0,NW,30.6,37.0,1019.24,0.0,0.0,6,1032,,
2025-06-19,14:45,27.1,17.2,54.0,WNW,17.7,40.2,1019.3,0.0,0.0,1,148,,
2025-06-19,15:00,25.8,17.8,62.0,WNW,22.5,35.4,1019.37,0.0,0.0,3,308,,
2025-06-19,15:15,26.6,18.3,61.0,WNW,16.1,30.6,1019.34,0.0,0.0,6,962,,
2025-06-19,15:30,27.6,18.3,57.0,WNW,24.1,41.8,1019.17,0.0,0.0,5,812,,
2025-06-19,15:45,27.9,18.3,56.0,WNW,25.7,35.4,1019.24,0.0,0.0,5,782,,
2025-06-19,16:00,27.7,17.8,56.0,WNW,27.4,37.0,1019.03,0.0,0.0,4,744,,
2025-06-19,16:15,28.4,18.3,55.0,WNW,19.3,43.5,1019.13,0.0,0.0,4,733,,
2025-06-19,16:30,28.5,17.2,51.0,NW,17.7,40.2,1019,0.0,0.0,4,835,,
2025-06-19,16:45,27.6,17.2,54.0,WEST,25.7,40.2,1019.03,0.0,0.0,2,221,,
2025-06-19,17:00,27.4,17.2,54.0,WNW,22.5,33.8,1019.24,0.0,0.0,3,682,,
2025-06-19,17:15,27.4,17.2,54.0,WEST,9.7,38.6,1019.24,0.0,0.0,2,605,,
2025-06-19,17:30,27.1,17.2,55.0,NNW,25.7,40.2,1019.27,0.0,0.0,2,244,,
2025-06-19,17:45,26.6,16.7,55.0,WNW,16.1,29.0,1019.61,0.0,0.0,1,503,,
2025-06-19,18:00,26.2,16.7,57.0,WEST,24.1,32.2,1019.47,0.0,0.0,1,111,,
2025-06-19,18:15,25.8,16.7,57.0,WEST,24.1,33.8,1019.44,0.0,0.0,1,178,,
2025-06-19,18:30,26.2,17.2,58.0,WEST,22.5,38.6,1019.51,0.0,0.0,1,107,,
2025-06-19,18:45,25.4,17.2,61.0,WNW,8.0,30.6,1019.47,0.0,0.0,0,62,,
2025-06-19,19:00,25.6,17.8,62.0,WNW,11.3,29.0,1019.3,0.0,0.0,1,267,,
2025-06-19,19:15,25.8,16.7,58.0,WNW,14.5,37.0,1019.37,0.0,0.0,0,137,,
2025-06-19,19:30,25.7,16.7,59.0,WEST,25.7,29.0,1019.57,0.0,0.0,0,123,,
2025-06-19,19:45,25.3,16.7,59.0,WNW,20.9,27.4,1019.51,0.0,0.0,0,83,,
2025-06-19,20:00,25.1,16.7,61.0,WNW,6.4,24.1,1019.64,0.0,0.0,0,62,,
2025-06-19,20:15,24.8,17.2,63.0,NE,16.1,25.7,1019.74,0.0,0.0,0,35,,
2025-06-19,20:30,24.3,17.2,65.0,WNW,20.9,20.9,1019.57,0.0,0.0,0,25,,
2025-06-19,20:45,24.0,17.2,67.0,WNW,8.0,20.9,1019.61,0.0,0.0,0,7,,
2025-06-19,21:00,23.7,17.2,69.0,WNW,6.4,14.5,1019.57,0.0,0.0,0,0,,
2025-06-19,21:15,23.4,17.8,70.0,WNW,3.2,11.3,1019.64,0.0,0.0,0,0,,
2025-06-19,21:30,23.2,17.8,72.0,WEST,6.4,9.7,1019.64,0.0,0.0,0,0,,
2025-06-19,21:45,23.2,17.8,73.0,NORTH,0.0,9.7,1019.68,0.0,0.0,0,0,,
2025-06-19,22:00,23.0,17.8,74.0,WEST,3.2,4.8,1020.01,0.0,0.0,0,0,,
2025-06-19,22:15,22.6,17.8,74.0,NORTH,0.0,1.6,1020.15,0.0,0.0,0,0,,
2025-06-19,22:30,22.4,17.8,76.0,NORTH,0.0,3.2,1020.39,0.0,0.0,0,0,,
2025-06-19,22:45,22.1,17.8,78.0,NORTH,0.0,3.2,1020.56,0.0,0.0,0,0,,
2025-06-19,23:00,21.8,17.8,80.0,NORTH,0.0,4.8,1020.59,0.0,0.0,0,0,,
2025-06-19,23:15,21.7,17.8,81.0,WEST,1.6,1.6,1020.56,0.0,0.0,0,0,,
2025-06-19,23:30,21.4,17.8,82.0,NORTH,0.0,3.2,1020.59,0.0,0.0,0,0,,
2025-06-19,23:45,21.1,17.8,83.0,NORTH,0.0,4.8,1020.69,0.0,0.0,0,0,,
2025-06-20,00:00,20.9,17.8,84.0,WEST,1.6,3.2,1020.66,0.0,0.0,0,0,,
2025-06-20,00:15,20.8,17.8,85.0,NORTH,0.0,3.2,1020.76,0.0,0.0,0,0,,
2025-06-20,00:30,20.6,17.8,85.0,WEST,1.6,3.2,1020.76,0.0,0.0,0,0,,
2025-06-20,00:45,20.5,17.8,86.0,WEST,1.6,4.8,1020.62,0.0,0.0,0,0,,
2025-06-20,01:00,20.3,17.8,86.0,WEST,4.8,3.2,1020.56,0.0,0.0,0,0,,
2025-06-20,01:15,20.2,17.2,86.0,EAST,1.6,6.4,1020.42,0.0,0.0,0,0,,
2025-06-20,01:30,20.1,17.2,84.0,EAST,1.6,4.8,1020.52,0.0,0.0,0,0,,
2025-06-20,01:45,19.9,17.2,84.0,EAST,1.6,4.8,1020.52,0.0,0.0,0,0,,
2025-06-20,02:00,20.1,17.2,84.0,EAST,1.6,4.8,1020.15,0.0,0.0,0,0,,
2025-06-20,02:15,20.3,17.2,85.0,EAST,3.2,6.4,1020.18,0.0,0.0,0,0,,
2025-06-20,02:30,20.3,17.2,84.0,NORTH,0.0,6.4,1020.29,0.0,0.0,0,0,,
2025-06-20,02:45,20.1,17.2,84.0,EAST,3.2,3.2,1020.18,0.0,0.0,0,0,,
2025-06-20,03:00,20.0,17.2,84.0,NORTH,0.0,3.2,1020.39,0.0,0.0,0,0,,
2025-06-20,03:15,19.7,16.7,84.0,EAST,1.6,4.8,1020.18,0.0,0.0,0,0,,
2025-06-20,03:30,19.5,16.7,85.0,NORTH,0.0,4.8,1020.22,0.0,0.0,0,0,,
2025-06-20,03:45,19.6,17.2,86.0,NORTH,0.0,1.6,1020.08,0.0,0.0,0,0,,
2025-06-20,04:00,19.6,17.2,86.0,NORTH,0.0,1.6,1020.18,0.0,0.0,0,0,,
2025-06-20,04:15,19.6,17.2,86.0,NORTH,0.0,3.2,1020.12,0.0,0.0,0,0,,
2025-06-20,04:30,19.7,17.2,87.0,EAST,1.6,3.2,1020.05,0.0,0.0,0,0,,
2025-06-20,04:45,19.7,17.2,86.0,NORTH,0.0,1.6,1020.08,0.0,0.0,0,0,,
2025-06-20,05:00,19.7,17.2,86.0,NORTH,0.0,3.2,1020.01,0.0,0.0,0,0,,
2025-06-20,05:15,19.8,17.2,86.0,NORTH,0.0,3.2,1020.01,0.0,0.0,0,0,,
2025-06-20,05:30,19.8,17.2,86.0,NORTH,0.0,1.6,1019.91,0.0,0.0,0,0,,
2025-06-20,05:45,19.8,17.2,87.0,NORTH,0.0,3.2,1019.84,0.0,0.0,0,0,,
2025-06-20,06:00,19.8,17.8,88.0,NORTH,0.0,0.0,1019.84,0.0,0.0,0,0,,
2025-06-20,06:15,19.8,17.2,88.0,NORTH,0.0,0.0,1019.88,0.0,0.0,0,14,,
2025-06-20,06:30,19.9,17.8,88.0,NORTH,0.0,0.0,1019.74,0.0,0.0,0,26,,
2025-06-20,06:45,20.0,17.8,89.0,NORTH,0.0,4.8,1019.74,0.0,0.0,0,28,,
2025-06-20,07:00,20.2,18.3,89.0,NE,3.2,8.0,1019.74,0.0,0.0,0,88,,
2025-06-20,07:15,20.3,18.3,89.0,NORTH,0.0,6.4,1019.84,0.0,0.0,0,132,,
2025-06-20,07:30,20.4,18.3,88.0,NORTH,8.0,9.7,1020.01,0.0,0.0,0,156,,
2025-06-20,07:45,21.3,18.3,84.0,NNE,6.4,8.0,1020.05,0.0,0.0,1,229,,
2025-06-20,08:00,22.4,18.3,79.0,NW,3.2,8.0,1020.12,0.0,0.0,1,278,,
2025-06-20,08:15,23.3,18.3,75.0,NORTH,0.0,4.8,1020.29,0.0,0.0,1,327,,
2025-06-20,08:30,23.8,18.3,72.0,NW,8.0,9.7,1020.29,0.0,0.0,1,364,,
2025-06-20,08:45,23.8,18.9,73.0,NW,4.8,6.4,1020.42,0.0,0.0,2,380,,
2025-06-20,09:00,24.3,18.9,72.0,NW,1.6,6.4,1020.42,0.0,0.0,2,385,,
2025-06-20,09:15,25.2,18.3,66.0,NW,1.6,6.4,1020.45,0.0,0.0,2,410,,
2025-06-20,09:30,25.9,17.8,62.0,NW,4.8,6.4,1020.25,0.0,0.0,3,471,,
2025-06-20,09:45,27.0,17.8,58.0,NW,4.8,6.4,1020.35,0.0,0.0,3,570,,
2025-06-20,10:00,27.4,18.3,58.0,WEST,17.7,16.1,1020.62,0.0,0.0,3,638,,
2025-06-20,10:15,27.0,18.9,61.0,WSW,8.0,24.1,1020.49,0.0,0.0,4,684,,
2025-06-20,10:30,27.2,19.4,63.0,WNW,4.8,17.7,1020.42,0.0,0.0,4,726,,
2025-06-20,10:45,27.5,20.0,64.0,WNW,16.1,19.3,1020.42,0.0,0.0,5,763,,
2025-06-20,11:00,27.3,20.0,64.0,WNW,12.9,24.1,1020.35,0.0,0.0,5,795,,
2025-06-20,11:15,27.3,20.6,68.0,WEST,9.7,20.9,1020.39,0.0,0.0,5,816,,
2025-06-20,11:30,27.4,19.4,62.0,WNW,16.1,27.4,1020.49,0.0,0.0,6,847,,
2025-06-20,11:45,28.1,18.9,58.0,NNE,9.7,30.6,1020.42,0.0,0.0,6,877,,
2025-06-20,12:00,28.5,18.3,54.0,WEST,19.3,35.4,1020.49,0.0,0.0,6,896,,
2025-06-20,12:15,29.0,17.8,52.0,WNW,24.1,33.8,1020.42,0.0,0.0,7,916,,
2025-06-20,12:30,29.4,17.2,48.0,WNW,19.3,32.2,1020.25,0.0,0.0,7,928,,
2025-06-20,12:45,29.9,16.7,46.0,WNW,20.9,32.2,1020.05,0.0,0.0,7,939,,
2025-06-20,13:00,30.4,16.7,44.0,WNW,14.5,32.2,1020.05,0.0,0.0,7,946,,
2025-06-20,13:15,30.5,16.1,43.0,WNW,17.7,29.0,1019.88,0.0,0.0,7,947,,
2025-06-20,13:30,30.5,15.6,41.0,WNW,11.3,40.2,1020.12,0.0,0.0,7,949,,
2025-06-20,13:45,30.7,16.1,42.0,WEST,22.5,40.2,1019.81,0.0,0.0,7,944,,
2025-06-20,14:00,30.4,16.1,43.0,WEST,17.7,35.4,1019.68,0.0,0.0,7,939,,
2025-06-20,14:15,29.6,16.7,45.0,WNW,32.2,43.5,1019.81,0.0,0.0,7,928,,
2025-06-20,14:30,29.6,16.1,45.0,WSW,19.3,43.5,1019.51,0.0,0.0,7,916,,
2025-06-20,14:45,29.7,16.7,46.0,WNW,16.1,38.6,1019.64,0.0,0.0,6,896,,
2025-06-20,15:00,29.4,17.2,49.0,WEST,41.8,46.7,1019.54,0.0,0.0,6,879,,
2025-06-20,15:15,28.8,17.2,50.0,NNW,20.9,57.9,1019.47,0.0,0.0,6,860,,
2025-06-20,15:30,28.8,17.2,51.0,WNW,19.3,48.3,1019.51,0.0,0.0,5,826,,
2025-06-20,15:45,28.9,17.8,51.0,WEST,24.1,41.8,1019.71,0.0,0.0,5,793,,
2025-06-20,16:00,28.4,18.3,54.0,WNW,24.1,43.5,1019.78,0.0,0.0,5,761,,
2025-06-20,16:15,28.2,17.8,53.0,WNW,22.5,48.3,1019.71,0.0,0.0,4,719,,
2025-06-20,16:30,27.9,17.2,53.0,WNW,20.9,48.3,1019.51,0.0,0.0,4,686,,
2025-06-20,16:45,27.7,17.2,53.0,EAST,24.1,43.5,1019.54,0.0,0.0,3,652,,
2025-06-20,17:00,27.7,17.2,54.0,WNW,12.9,43.5,1019.68,0.0,0.0,3,606,,
2025-06-20,17:15,27.7,16.7,52.0,EAST,20.9,38.6,1019.68,0.0,0.0,2,563,,
2025-06-20,17:30,27.8,16.7,51.0,WNW,20.9,37.0,1019.68,0.0,0.0,2,515,,
2025-06-20,17:45,27.7,16.7,51.0,WNW,17.7,38.6,1019.64,0.0,0.0,2,457,,
2025-06-20,18:00,27.4,16.7,53.0,WEST,25.7,37.0,1019.78,0.0,0.0,2,399,,
2025-06-20,18:15,27.1,17.2,55.0,NW,24.1,33.8,1019.64,0.0,0.0,1,359,,
2025-06-20,18:30,26.8,17.2,56.0,WNW,20.9,30.6,1019.61,0.0,0.0,1,306,,
2025-06-20,18:45,26.4,17.8,59.0,WNW,16.1,37.0,1019.74,0.0,0.0,1,264,,
2025-06-20,19:00,25.8,18.3,63.0,WNW,12.9,41.8,1019.91,0.0,0.0,1,218,,
2025-06-20,19:15,25.6,18.3,64.0,WEST,22.5,30.6,1019.71,0.0,0.0,0,174,,
2025-06-20,19:30,25.3,18.3,65.0,NE,16.1,38.6,1019.74,0.0,0.0,0,125,,
2025-06-20,19:45,25.1,17.8,66.0,WEST,12.9,33.8,1019.64,0.0,0.0,0,84,,
2025-06-20,20:00,24.7,17.8,67.0,WNW,12.9,29.0,1019.74,0.0,0.0,0,49,,
2025-06-20,20:15,24.3,17.8,69.0,WNW,8.0,29.0,1020.01,0.0,0.0,0,25,,
2025-06-20,20:30,24.0,18.3,70.0,WEST,9.7,30.6,1019.88,0.0,0.0,0,16,,
2025-06-20,20:45,23.6,17.8,72.0,WNW,11.3,27.4,1020.08,0.0,0.0,0,7,,
2025-06-20,21:00,23.3,18.3,73.0,WEST,4.8,20.9,1020.15,0.0,0.0,0,0,,
2025-06-20,21:15,22.9,18.3,76.0,WEST,4.8,24.1,1020.15,0.0,0.0,0,0,,
2025-06-20,21:30,22.6,18.3,79.0,WEST,6.4,20.9,1020.56,0.0,0.0,0,0,,
2025-06-20,21:45,22.3,18.9,82.0,WNW,11.3,19.3,1020.66,0.0,0.0,0,0,,
2025-06-20,22:00,22.1,19.4,85.0,WEST,19.3,25.7,1020.96,0.0,0.0,0,0,,
2025-06-20,22:15,21.8,19.4,86.0,WNW,14.5,22.5,1021,0.0,0.0,0,0,,
2025-06-20,22:30,21.6,18.9,87.0,WEST,11.3,20.9,1020.96,0.0,0.0,0,0,,
2025-06-20,22:45,21.5,18.9,87.0,WEST,9.7,22.5,1021.03,0.0,0.0,0,0,,
2025-06-20,23:00,21.6,19.4,87.0,WNW,3.2,17.7,1020.83,0.0,0.0,0,0,,
2025-06-20,23:15,21.6,19.4,88.0,WEST,14.5,22.5,1020.73,0.0,0.0,0,0,,
2025-06-20,23:30,21.6,19.4,89.0,WNW,8.0,17.7,1020.79,0.0,0.0,0,0,,
2025-06-20,23:45,21.4,19.4,89.0,WNW,9.7,19.3,1020.69,0.0,0.0,0,0,,
2025-06-21,00:00,21.4,19.4,90.0,WNW,9.7,11.3,1020.86,0.0,0.0,0,0,,
2025-06-21,00:15,21.3,19.4,90.0,WNW,1.6,14.5,1020.83,0.0,0.0,0,0,,
2025-06-21,00:30,21.3,19.4,90.0,WNW,8.0,14.5,1020.66,0.0,0.0,0,0,,
2025-06-21,00:45,21.3,19.4,91.0,WNW,4.8,11.3,1020.35,0.0,0.0,0,0,,
2025-06-21,01:00,21.3,19.4,91.0,NORTH,0.0,11.3,1020.35,0.0,0.0,0,0,,
2025-06-21,01:15,21.3,19.4,91.0,NW,6.4,11.3,1020.42,0.0,0.0,0,0,,
2025-06-21,01:30,21.2,19.4,92.0,NORTH,0.0,8.0,1020.29,0.0,0.0,0,0,,
2025-06-21,01:45,21.1,19.4,92.0,NORTH,0.0,4.8,1020.12,0.0,0.0,0,0,,
2025-06-21,02:00,20.9,19.4,92.0,NNW,4.8,6.4,1020.01,0.0,0.0,0,0,,
2025-06-21,02:15,20.6,18.9,92.0,NNW,1.6,4.8,1019.74,0.0,0.0,0,0,,
2025-06-21,02:30,20.3,18.9,92.0,NNW,1.6,4.8,1019.71,0.0,0.0,0,0,,
2025-06-21,02:45,19.9,18.3,92.0,NNE,1.6,4.8,1019.64,0.0,0.0,0,0,,
2025-06-21,03:00,19.4,17.8,91.0,NNE,3.2,4.8,1019.64,0.0,0.0,0,0,,
2025-06-21,03:15,19.3,17.8,92.0,NNE,1.6,3.2,1019.44,0.0,0.0,0,0,,
2025-06-21,03:30,19.9,18.3,92.0,NNE,3.2,4.8,1019.51,0.0,0.0,0,0,,
2025-06-21,03:45,20.2,18.9,93.0,NORTH,4.8,4.8,1019.54,0.0,0.0,0,0,,
2025-06-21,04:00,20.3,18.9,93.0,NORTH,4.8,6.4,1019.51,0.0,0.0,0,0,,
2025-06-21,04:15,20.6,18.9,93.0,,1.6,8.0,1019.34,0.0,0.0,0,0,,
2025-06-21,04:30,20.6,19.4,93.0,WNW,6.4,14.5,1019.47,0.0,0.0,0,0,,
2025-06-21,04:45,20.7,19.4,93.0,WEST,4.8,16.1,1019.34,0.0,0.0,0,0,,
2025-06-21,05:00,20.6,19.4,93.0,NW,8.0,14.5,1019.47,0.0,0.0,0,0,,
2025-06-21,05:15,20.5,19.4,93.0,NW,6.4,17.7,1019.54,0.0,0.0,0,0,,
2025-06-21,05:30,20.3,18.9,93.0,WNW,12.9,16.1,1019.54,0.0,0.0,0,0,,
2025-06-21,05:45,20.2,18.9,94.0,WNW,8.0,19.3,1019.71,0.0,0.0,0,0,,
2025-06-21,06:00,20.1,18.9,94.0,WNW,11.3,14.5,1019.68,0.0,0.0,0,0,,
2025-06-21,06:15,20.0,18.9,94.0,WNW,6.4,14.5,1019.84,0.0,0.0,0,11,,
2025-06-21,06:30,19.9,18.9,94.0,NORTH,0.0,6.4,1019.88,0.0,0.0,0,23,,
2025-06-21,06:45,19.9,18.9,94.0,SSE,1.6,6.4,1020.15,0.0,0.0,0,54,,
2025-06-21,07:00,19.9,18.9,94.0,NORTH,0.0,3.2,1020.18,0.0,0.0,0,90,,
2025-06-21,07:15,19.8,18.9,94.0,SSW,1.6,6.4,1020.12,0.0,0.0,0,130,,
2025-06-21,07:30,19.9,18.9,94.0,SW,6.4,4.8,1020.15,0.0,0.0,0,149,,
2025-06-21,07:45,20.1,18.9,94.0,SW,1.6,3.2,1020.32,0.0,0.0,1,213,,
2025-06-21,08:00,20.3,18.9,94.0,SW,1.6,3.2,1020.29,0.0,0.0,1,265,,
2025-06-21,08:15,20.3,18.9,94.0,SW,4.8,6.4,1020.32,0.0,0.0,1,323,,
2025-06-21,08:30,21.2,19.4,92.0,NNW,3.2,6.4,1020.35,0.0,0.0,1,366,,
2025-06-21,08:45,22.3,18.9,82.0,NW,3.2,6.4,1020.32,0.0,0.0,2,380,,
2025-06-21,09:00,23.6,16.1,65.0,NW,3.2,4.8,1020.45,0.0,0.0,2,385,,
2025-06-21,09:15,24.3,17.2,65.0,NW,4.8,8.0,1020.52,0.0,0.0,2,413,,
2025-06-21,09:30,24.7,16.7,62.0,NW,3.2,8.0,1020.66,0.0,0.0,3,478,,
2025-06-21,09:45,25.8,16.7,58.0,NW,4.8,8.0,1020.59,0.0,0.0,3,571,,
2025-06-21,10:00,26.4,15.6,52.0,WNW,6.4,9.7,1020.52,0.0,0.0,3,640,,
2025-06-21,10:15,27.6,15.6,49.0,NW,3.2,12.9,1020.56,0.0,0.0,4,687,,
2025-06-21,10:30,28.2,15.6,47.0,WEST,1.6,11.3,1020.59,0.0,0.0,4,726,,
2025-06-21,10:45,28.9,14.4,42.0,NW,8.0,12.9,1020.59,0.0,0.0,4,761,,
2025-06-21,11:00,29.1,16.7,48.0,NW,16.1,17.7,1020.59,0.0,0.0,5,795,,
2025-06-21,11:15,29.2,18.3,51.0,WNW,8.0,17.7,1020.39,0.0,0.0,5,823,,
2025-06-21,11:30,29.6,17.8,50.0,WNW,14.5,16.1,1020.35,0.0,0.0,6,853,,
2025-06-21,11:45,29.6,17.8,49.0,WEST,3.2,19.3,1020.39,0.0,0.0,6,877,,
2025-06-21,12:00,30.0,17.2,47.0,WSW,4.8,17.7,1020.32,0.0,0.0,6,896,,
2025-06-21,12:15,30.6,16.7,44.0,SSW,1.6,17.7,1020.29,0.0,0.0,7,909,,
2025-06-21,12:30,30.8,16.7,43.0,WEST,17.7,20.9,1020.35,0.0,0.0,7,925,,
2025-06-21,12:45,31.2,16.7,41.0,WNW,12.9,22.5,1020.56,0.0,0.0,7,933,,
2025-06-21,13:00,31.4,17.2,43.0,WEST,20.9,24.1,1020.52,0.0,0.0,7,933,,
2025-06-21,13:15,31.6,17.2,42.0,WNW,19.3,25.7,1020.35,0.0,0.0,7,944,,
2025-06-21,13:30,31.4,18.3,46.0,WEST,19.3,27.4,1020.45,0.0,0.0,7,933,,
2025-06-21,13:45,31.6,18.9,48.0,WNW,9.7,27.4,1020.25,0.0,0.0,7,932,,
2025-06-21,14:00,31.4,18.9,47.0,NE,16.1,29.0,1020.22,0.0,0.0,7,928,,
2025-06-21,14:15,31.2,19.4,50.0,WNW,19.3,40.2,1020.18,0.0,0.0,7,912,,
2025-06-21,14:30,30.7,18.9,50.0,WEST,27.4,32.2,1020.15,0.0,0.0,6,898,,
2025-06-21,14:45,31.0,18.9,49.0,WNW,22.5,32.2,1020.18,0.0,0.0,6,879,,
2025-06-21,15:00,30.8,18.3,49.0,WNW,14.5,32.2,1020.12,0.0,0.0,6,867,,
2025-06-21,15:15,30.6,18.3,49.0,NNE,20.9,40.2,1020.01,0.0,0.0,5,824,,
2025-06-21,15:30,30.3,18.3,50.0,WNW,17.7,40.2,1019.91,0.0,0.0,5,798,,
2025-06-21,15:45,29.8,18.9,53.0,WEST,12.9,33.8,1019.84,0.0,0.0,5,775,,
2025-06-21,16:00,29.7,18.9,52.0,WNW,14.5,29.0,1020.08,0.0,0.0,4,751,,
2025-06-21,16:15,29.5,18.9,54.0,WNW,20.9,32.2,1020.18,0.0,0.0,4,721,,
2025-06-21,16:30,29.2,18.9,54.0,,24.1,33.8,1020.35,0.0,0.0,4,689,,
2025-06-21,16:45,28.9,18.3,54.0,WNW,14.5,35.4,1020.52,0.0,0.0,3,626,,
2025-06-21,17:00,28.7,18.9,55.0,WNW,16.1,33.8,1020.42,0.0,0.0,3,606,,
2025-06-21,17:15,28.8,18.9,56.0,WEST,24.1,37.0,1020.35,0.0,0.0,2,585,,
2025-06-21,17:30,28.2,18.9,58.0,ENE,17.7,27.4,1020.42,0.0,0.0,2,230,,
2025-06-21,17:45,27.2,19.4,62.0,WNW,19.3,30.6,1020.45,0.0,0.0,2,443,,
2025-06-21,18:00,26.8,18.9,62.0,WNW,14.5,30.6,1020.62,0.0,0.0,1,162,,
2025-06-21,18:15,27.1,20.0,65.0,WNW,12.9,30.6,1020.42,0.0,0.0,1,404,,
2025-06-21,18:30,27.4,19.4,63.0,WEST,4.8,27.4,1020.29,0.0,0.0,1,406,,
2025-06-21,18:45,27.8,19.4,62.0,WNW,14.5,24.1,1020.25,0.0,0.0,1,374,,
2025-06-21,19:00,27.8,17.8,56.0,WEST,17.7,27.4,1020.35,0.0,0.0,1,311,,
2025-06-21,19:15,27.5,18.3,57.0,WEST,12.9,24.1,1020.39,0.0,0.0,0,241,,
2025-06-21,19:30,27.1,18.3,59.0,WEST,11.3,19.3,1020.32,0.0,0.0,0,148,,
2025-06-21,19:45,26.7,17.8,58.0,NW,12.9,22.5,1020.35,0.0,0.0,0,90,,
2025-06-21,20:00,26.3,17.8,60.0,WNW,12.9,27.4,1020.45,0.0,0.0,0,53,,
2025-06-21,20:15,25.9,19.4,68.0,WSW,4.8,20.9,1020.49,0.0,0.0,0,30,,
2025-06-21,20:30,25.6,20.0,71.0,WNW,4.8,12.9,1020.49,0.0,0.0,0,19,,
2025-06-21,20:45,25.1,20.0,75.0,WEST,6.4,16.1,1020.35,0.0,0.0,0,9,,
2025-06-21,21:00,24.5,20.6,78.0,NORTH,0.0,17.7,1020.49,0.0,0.0,0,0,,
2025-06-21,21:15,24.3,20.0,79.0,NORTH,0.0,4.8,1020.59,0.0,0.0,0,0,,
2025-06-21,21:30,24.1,20.0,80.0,WSW,1.6,4.8,1020.62,0.0,0.0,0,0,,
2025-06-21,21:45,23.8,20.0,80.0,NORTH,0.0,3.2,1020.76,0.0,0.0,0,0,,
2025-06-21,22:00,23.6,20.0,80.0,WSW,1.6,4.8,1020.93,0.0,0.0,0,0,,
2025-06-21,22:15,23.3,19.4,81.0,NORTH,0.0,1.6,1021.06,0.0,0.0,0,0,,
2025-06-21,22:30,23.0,19.4,81.0,NORTH,0.0,1.6,1021.4,0.0,0.0,0,0,,
2025-06-21,22:45,23.2,19.4,81.0,NORTH,0.0,4.8,1021.54,0.0,0.0,0,0,,
2025-06-21,23:00,23.2,20.0,83.0,NORTH,0.0,4.8,1021.57,0.0,0.0,0,0,,
2025-06-21,23:15,22.8,19.4,83.0,WSW,3.2,4.8,1021.5,0.0,0.0,0,0,,
2025-06-21,23:30,22.6,19.4,83.0,NORTH,0.0,1.6,1021.84,0.0,0.0,0,0,,
2025-06-21,23:45,22.4,19.4,84.0,WSW,3.2,4.8,1021.61,0.0,0.0,0,0,,
2025-06-22,00:00,22.3,19.4,85.0,SW,3.2,4.8,1021.64,0.0,0.0,0,0,,
2025-06-22,00:15,21.4,18.3,83.0,NORTH,0.0,3.2,1021.88,0.0,0.0,0,0,,
2025-06-22,00:30,21.5,18.3,82.0,EAST,4.8,6.4,1021.81,0.0,0.0,0,0,,
2025-06-22,00:45,22.1,18.3,81.0,ESE,1.6,9.7,1021.94,0.0,0.0,0,0,,
2025-06-22,01:00,22.3,17.8,77.0,ESE,4.8,6.4,1021.74,0.0,0.0,0,0,,
2025-06-22,01:15,22.6,17.8,75.0,ESE,4.8,4.8,1021.67,0.0,0.0,0,0,,
2025-06-22,01:30,22.6,17.2,73.0,NORTH,0.0,3.2,1021.57,0.0,0.0,0,0,,
2025-06-22,01:45,22.6,17.2,72.0,ESE,3.2,4.8,1021.37,0.0,0.0,0,0,,
2025-06-22,02:00,22.6,16.7,71.0,EAST,3.2,6.4,1021.4,0.0,0.0,0,0,,
2025-06-22,02:15,22.7,16.1,67.0,EAST,4.8,4.8,1021.37,0.0,0.0,0,0,,
2025-06-22,02:30,22.7,15.0,63.0,EAST,6.4,6.4,1021,0.0,0.0,0,0,,
2025-06-22,02:45,23.0,15.0,61.0,ESE,3.2,6.4,1021.3,0.0,0.0,0,0,,
2025-06-22,03:00,23.4,15.0,59.0,ESE,3.2,9.7,1020.89,0.0,0.0,0,0,,
2025-06-22,03:15,23.5,15.6,61.0,NORTH,0.0,4.8,1020.73,0.0,0.0,0,0,,
2025-06-22,03:30,23.2,15.6,63.0,ESE,1.6,3.2,1020.86,0.0,0.0,0,0,,
2025-06-22,03:45,22.9,15.0,62.0,ESE,1.6,4.8,1020.83,0.0,0.0,0,0,,
2025-06-22,04:00,22.7,15.0,63.0,ESE,3.2,4.8,1020.59,0.0,0.0,0,0,,
2025-06-22,04:15,22.6,15.0,63.0,ESE,3.2,6.4,1020.45,0.0,0.0,0,0,,
2025-06-22,04:30,22.7,15.0,63.0,ESE,1.6,6.4,1020.42,0.0,0.0,0,0,,
2025-06-22,04:45,22.5,14.4,61.0,ESE,1.6,6.4,1020.45,0.0,0.0,0,0,,
2025-06-22,05:00,22.3,15.0,63.0,ESE,4.8,3.2,1020.35,0.0,0.0,0,0,,
2025-06-22,05:15,22.2,15.0,65.0,ESE,3.2,4.8,1020.29,0.0,0.0,0,0,,
2025-06-22,05:30,22.2,15.0,65.0,ESE,3.2,6.4,1020.32,0.0,0.0,0,0,,
2025-06-22,05:45,22.2,15.0,65.0,NORTH,0.0,3.2,1020.52,0.0,0.0,0,0,,
2025-06-22,06:00,22.2,15.0,65.0,NORTH,0.0,1.6,1020.52,0.0,0.0,0,0,,
2025-06-22,06:15,21.9,15.0,66.0,ESE,3.2,4.8,1020.59,0.0,0.0,0,14,,
2025-06-22,06:30,21.6,15.0,67.0,ESE,1.6,4.8,1020.66,0.0,0.0,0,28,,
2025-06-22,06:45,21.6,15.0,67.0,NORTH,0.0,1.6,1020.83,0.0,0.0,0,56,,
2025-06-22,07:00,22.1,15.6,67.0,NORTH,0.0,1.6,1020.96,0.0,0.0,0,93,,
2025-06-22,07:15,22.8,16.1,67.0,ESE,1.6,3.2,1021.03,0.0,0.0,0,137,,
2025-06-22,07:30,23.5,16.7,66.0,NORTH,0.0,3.2,1020.86,0.0,0.0,0,158,,
2025-06-22,07:45,24.1,16.7,64.0,NORTH,0.0,3.2,1021.06,0.0,0.0,1,221,,
2025-06-22,08:00,24.6,17.2,65.0,ESE,1.6,3.2,1021.37,0.0,0.0,1,274,,
2025-06-22,08:15,25.4,17.8,62.0,NORTH,0.0,1.6,1021.23,0.0,0.0,1,322,,
2025-06-22,08:30,26.1,17.2,59.0,NORTH,0.0,3.2,1021.44,0.0,0.0,1,359,,
2025-06-22,08:45,27.1,16.7,53.0,ESE,4.8,6.4,1021.4,0.0,0.0,2,378,,
2025-06-22,09:00,27.4,16.7,53.0,NORTH,0.0,11.3,1021.4,0.0,0.0,2,388,,
2025-06-22,09:15,28.0,17.2,52.0,ESE,1.6,3.2,1021.67,0.0,0.0,2,406,,
2025-06-22,09:30,28.8,17.2,50.0,WNW,3.2,4.8,1021.47,0.0,0.0,3,471,,
2025-06-22,09:45,28.4,16.7,48.0,SE,6.4,12.9,1021.64,0.0,0.0,3,554,,
2025-06-22,10:00,29.0,17.2,49.0,SSE,3.2,12.9,1021.54,0.0,0.0,3,635,,
2025-06-22,10:15,29.2,16.7,48.0,SSE,4.8,8.0,1021.47,0.0,0.0,4,679,,
2025-06-22,10:30,29.4,17.2,48.0,SSE,8.0,9.7,1021.54,0.0,0.0,4,717,,
2025-06-22,10:45,29.6,16.7,46.0,SSE,3.2,16.1,1021.67,0.0,0.0,5,754,,
2025-06-22,11:00,30.1,16.1,44.0,SSE,6.4,19.3,1021.4,0.0,0.0,5,788,,
2025-06-22,11:15,30.9,16.1,42.0,SSE,9.7,16.1,1021.27,0.0,0.0,6,817,,
2025-06-22,11:30,31.1,15.6,39.0,SE,6.4,14.5,1021.37,0.0,0.0,6,842,,
2025-06-22,11:45,31.4,16.1,40.0,SSW,1.6,17.7,1021.47,0.0,0.0,6,865,,
2025-06-22,12:00,31.4,15.6,39.0,SOUTH,8.0,11.3,1021.47,0.0,0.0,7,888,,
2025-06-22,12:15,31.6,15.6,38.0,SSW,1.6,14.5,1021.47,0.0,0.0,7,909,,
2025-06-22,12:30,32.2,15.6,37.0,NORTH,0.0,14.5,1021.23,0.0,0.0,7,916,,
2025-06-22,12:45,32.1,15.6,37.0,NORTH,0.0,14.5,1021,0.0,0.0,7,933,,
2025-06-22,13:00,31.9,15.0,36.0,SE,1.6,14.5,1020.96,0.0,0.0,7,940,,
2025-06-22,13:15,32.3,15.6,37.0,SE,14.5,16.1,1020.69,0.0,0.0,7,940,,
2025-06-22,13:30,32.4,15.6,36.0,,3.2,22.5,1020.69,0.0,0.0,7,947,,
2025-06-22,13:45,32.9,15.6,35.0,SSE,17.7,24.1,1020.52,0.0,0.0,7,979,,
2025-06-22,14:00,32.9,15.6,35.0,NNW,3.2,17.7,1020.52,0.0,0.0,7,986,,
2025-06-22,14:15,33.4,17.2,38.0,NW,12.9,20.9,1020.25,0.0,0.0,7,1005,,
2025-06-22,14:30,32.9,17.8,41.0,WNW,20.9,35.4,1020.15,0.0,0.0,7,933,,
2025-06-22,14:45,33.1,18.3,42.0,WNW,17.7,33.8,1020.08,0.0,0.0,6,893,,
2025-06-22,15:00,32.4,18.9,45.0,WNW,12.9,32.2,1020.29,0.0,0.0,6,856,,
2025-06-22,15:15,31.8,18.9,47.0,WNW,19.3,41.8,1020.32,0.0,0.0,6,835,,
2025-06-22,15:30,31.3,18.3,46.0,WNW,11.3,38.6,1020.39,0.0,0.0,5,809,,
2025-06-22,15:45,31.2,17.2,44.0,NW,12.9,33.8,1020.25,0.0,0.0,5,782,,
2025-06-22,16:00,31.2,17.8,45.0,WNW,14.5,29.0,1020.01,0.0,0.0,5,744,,
2025-06-22,16:15,31.1,17.8,45.0,WEST,19.3,35.4,1020.12,0.0,0.0,4,707,,
2025-06-22,16:30,30.9,17.8,45.0,WNW,16.1,30.6,1020.08,0.0,0.0,4,666,,
2025-06-22,16:45,30.9,17.2,44.0,WNW,12.9,29.0,1019.98,0.0,0.0,3,629,,
2025-06-22,17:00,30.8,16.1,42.0,WEST,20.9,32.2,1019.91,0.0,0.0,3,591,,
2025-06-22,17:15,30.7,15.6,41.0,WNW,24.1,32.2,1019.78,0.0,0.0,3,543,,
2025-06-22,17:30,30.8,15.6,40.0,NE,14.5,33.8,1019.88,0.0,0.0,2,499,,
2025-06-22,17:45,30.4,17.8,47.0,WNW,12.9,30.6,1019.78,0.0,0.0,2,446,,
2025-06-22,18:00,29.8,18.3,51.0,NW,12.9,27.4,1019.64,0.0,0.0,2,399,,
2025-06-22,18:15,29.6,18.9,53.0,WNW,24.1,27.4,1019.78,0.0,0.0,1,350,,
2025-06-22,18:30,29.3,18.9,54.0,WNW,16.1,29.0,1019.98,0.0,0.0,1,309,,
2025-06-22,18:45,29.0,18.9,54.0,WEST,11.3,27.4,1020.01,0.0,0.0,1,274,,
2025-06-22,19:00,28.8,18.9,55.0,WNW,6.4,24.1,1019.84,0.0,0.0,1,285,,
2025-06-22,19:15,29.0,18.3,53.0,WSW,8.0,19.3,1020.12,0.0,0.0,0,251,,
2025-06-22,19:30,28.7,17.8,53.0,WSW,3.2,6.4,1020.08,0.0,0.0,0,83,,
2025-06-22,19:45,28.7,17.2,51.0,NNW,9.7,12.9,1020.42,0.0,0.0,0,40,,
2025-06-22,20:00,28.3,16.7,50.0,ESE,3.2,14.5,1020.18,0.0,0.0,0,51,,
2025-06-22,20:15,28.4,16.7,49.0,NORTH,0.0,6.4,1020.25,0.0,0.0,0,28,,
2025-06-22,20:30,28.8,16.7,49.0,NORTH,0.0,3.2,1020.42,0.0,0.0,0,16,,
2025-06-22,20:45,28.6,17.8,53.0,ESE,1.6,4.8,1020.39,0.0,0.0,0,7,,
2025-06-22,21:00,27.7,17.8,56.0,NORTH,0.0,3.2,1020.45,0.0,0.0,0,0,,
2025-06-22,21:15,26.9,17.2,57.0,EAST,3.2,4.8,1020.56,0.0,0.0,0,0,,
2025-06-22,21:30,26.1,16.7,57.0,EAST,1.6,4.8,1020.66,0.0,0.0,0,0,,
2025-06-22,21:45,25.6,16.1,55.0,NORTH,0.0,4.8,1020.73,0.0,0.0,0,0,,
2025-06-22,22:00,25.1,15.6,56.0,EAST,4.8,6.4,1020.73,0.0,0.0,0,0,,
2025-06-22,22:15,24.9,15.0,56.0,ESE,4.8,11.3,1020.79,0.0,0.0,0,0,,
2025-06-22,22:30,25.1,15.6,55.0,ESE,6.4,9.7,1020.89,0.0,0.0,0,0,,
2025-06-22,22:45,25.3,15.6,56.0,SE,6.4,11.3,1021.2,0.0,0.0,0,0,,
2025-06-22,23:00,24.4,15.6,58.0,SSE,9.7,14.5,1021.13,0.0,0.0,0,0,,
2025-06-22,23:15,24.2,16.7,63.0,SE,4.8,11.3,1021.37,0.0,0.0,0,0,,
2025-06-22,23:30,24.1,16.1,62.0,SE,6.4,6.4,1021.47,0.0,0.0,0,0,,
2025-06-22,23:45,23.8,16.1,63.0,SE,6.4,8.0,1021.44,0.0,0.0,0,0,,
2025-06-23,00:00,23.6,16.7,65.0,SE,3.2,6.4,1021.47,0.0,0.0,0,0,,
2025-06-23,00:15,23.4,16.7,65.0,ESE,11.3,12.9,1021.37,0.0,0.0,0,0,,
2025-06-23,00:30,23.9,17.8,68.0,ESE,6.4,14.5,1021.2,0.0,0.0,0,0,,
2025-06-23,00:45,23.9,17.8,68.0,SE,8.0,14.5,1021.2,0.0,0.0,0,0,,
2025-06-23,01:00,23.8,17.2,67.0,SE,4.8,14.5,1021.2,0.0,0.0,0,0,,
2025-06-23,01:15,23.8,16.7,65.0,SE,12.9,16.1,1021.03,0.0,0.0,0,0,,
2025-06-23,01:30,24.1,16.7,64.0,SE,12.9,14.5,1021.06,0.0,0.0,0,0,,
2025-06-23,01:45,24.1,16.1,62.0,SE,12.9,14.5,1021.03,0.0,0.0,0,0,,
2025-06-23,02:00,24.1,16.1,62.0,SE,12.9,16.1,1021.06,0.0,0.0,0,0,,
2025-06-23,02:15,24.1,16.7,64.0,SE,12.9,17.7,1020.96,0.0,0.0,0,0,,
2025-06-23,02:30,23.8,16.7,64.0,SE,12.9,16.1,1021.2,0.0,0.0,0,0,,
2025-06-23,02:45,23.7,16.7,65.0,SE,12.9,14.5,1020.93,0.0,0.0,0,0,,
2025-06-23,03:00,23.4,16.7,66.0,SE,12.9,14.5,1020.76,0.0,0.0,0,0,,
2025-06-23,03:15,23.3,16.7,67.0,SE,14.5,16.1,1020.69,0.0,0.0,0,0,,
2025-06-23,03:30,23.3,16.7,68.0,SE,16.1,20.9,1020.39,0.0,0.0,0,0,,
2025-06-23,03:45,23.2,17.2,70.0,SE,16.1,20.9,1020.15,0.0,0.0,0,0,,
2025-06-23,04:00,22.9,17.2,70.0,SE,19.3,22.5,1020.01,0.0,0.0,0,0,,
2025-06-23,04:15,23.1,17.2,71.0,ESE,17.7,22.5,1019.81,0.0,0.0,0,0,,
2025-06-23,04:30,22.9,17.2,72.0,SE,6.4,19.3,1020.05,0.0,0.0,0,0,,
2025-06-23,04:45,22.8,17.8,74.0,SE,8.0,14.5,1019.91,0.0,0.0,0,0,,
2025-06-23,05:00,22.8,18.3,77.0,SE,8.0,17.7,1019.91,0.0,0.0,0,0,,
2025-06-23,05:15,22.4,17.8,77.0,NORTH,0.0,14.5,1020.01,0.0,0.0,0,0,,
2025-06-23,05:30,22.2,17.8,78.0,NORTH,0.0,8.0,1020.12,0.0,0.0,0,0,,
2025-06-23,05:45,22.0,17.8,78.0,NORTH,0.0,4.8,1020.18,0.0,0.0,0,0,,
2025-06-23,06:00,21.8,17.8,79.0,ESE,3.2,3.2,1020.15,0.0,0.0,0,0,,
2025-06-23,06:15,22.0,18.3,80.0,NORTH,0.0,9.7,1020.12,0.0,0.0,0,14,,
2025-06-23,06:30,22.1,18.9,82.0,ESE,4.8,11.3,1019.88,0.0,0.0,0,28,,
2025-06-23,06:45,22.3,18.9,83.0,SE,3.2,11.3,1020.05,0.0,0.0,0,56,,
2025-06-23,07:00,22.1,18.9,82.0,NORTH,0.0,1.6,1020.15,0.0,0.0,0,91,,
2025-06-23,07:15,22.4,19.4,83.0,NORTH,0.0,0.0,1020.22,0.0,0.0,0,141,,
2025-06-23,07:30,22.8,19.4,82.0,NORTH,0.0,0.0,1020.39,0.0,0.0,0,165,,
2025-06-23,07:45,23.6,19.4,79.0,NORTH,0.0,0.0,1020.56,0.0,0.0,1,225,,
2025-06-23,08:00,24.3,19.4,76.0,ESE,3.2,4.8,1020.49,0.0,0.0,1,281,,
2025-06-23,08:15,24.8,19.4,73.0,ESE,1.6,6.4,1020.73,0.0,0.0,1,329,,
2025-06-23,08:30,25.3,18.3,67.0,EAST,3.2,6.4,1020.79,0.0,0.0,1,374,,
2025-06-23,08:45,25.5,17.8,63.0,EAST,1.6,4.8,1020.96,0.0,0.0,2,392,,
2025-06-23,09:00,26.1,17.8,61.0,NORTH,0.0,4.8,1020.83,0.0,0.0,2,403,,
2025-06-23,09:15,26.8,17.8,59.0,EAST,1.6,4.8,1020.96,0.0,0.0,2,411,,
2025-06-23,09:30,27.3,18.3,58.0,NORTH,0.0,3.2,1020.96,0.0,0.0,3,464,,
2025-06-23,09:45,27.6,17.8,56.0,NW,4.8,9.7,1021,0.0,0.0,3,559,,
2025-06-23,10:00,28.1,18.9,57.0,NORTH,0.0,6.4,1021.06,0.0,0.0,4,638,,
2025-06-23,10:15,28.4,17.8,53.0,NORTH,0.0,11.3,1020.89,0.0,0.0,4,686,,
2025-06-23,10:30,28.9,18.3,53.0,NNW,4.8,16.1,1020.89,0.0,0.0,4,728,,
2025-06-23,10:45,29.1,15.6,44.0,NORTH,0.0,16.1,1021,0.0,0.0,5,759,,
2025-06-23,11:00,29.4,16.1,45.0,WNW,6.4,12.9,1020.69,0.0,0.0,5,798,,
2025-06-23,11:15,30.0,13.9,38.0,WNW,6.4,14.5,1020.73,0.0,0.0,6,830,,
2025-06-23,11:30,30.8,13.3,35.0,NW,1.6,11.3,1020.73,0.0,0.0,6,860,,
2025-06-23,11:45,31.1,14.4,36.0,NNW,6.4,14.5,1020.52,0.0,0.0,6,879,,
2025-06-23,12:00,31.1,13.3,34.0,WNW,8.0,16.1,1020.59,0.0,0.0,7,900,,
2025-06-23,12:15,31.3,13.3,33.0,NW,6.4,20.9,1020.49,0.0,0.0,7,914,,
2025-06-23,12:30,31.6,13.9,34.0,WEST,6.4,20.9,1020.45,0.0,0.0,7,926,,
2025-06-23,12:45,31.7,16.1,39.0,WEST,9.7,29.0,1020.45,0.0,0.0,7,933,,
2025-06-23,13:00,31.6,16.1,40.0,NNW,9.7,27.4,1020.52,0.0,0.0,7,935,,
2025-06-23,13:15,31.9,13.3,33.0,WNW,14.5,25.7,1020.42,0.0,0.0,7,946,,
2025-06-23,13:30,31.8,13.9,34.0,WEST,27.4,32.2,1020.35,0.0,0.0,7,942,,
2025-06-23,13:45,31.7,13.3,33.0,NW,14.5,35.4,1020.56,0.0,0.0,7,935,,
2025-06-23,14:00,31.3,13.9,35.0,WNW,19.3,40.2,1020.39,0.0,0.0,7,925,,
2025-06-23,14:15,31.5,16.1,39.0,WNW,19.3,33.8,1020.12,0.0,0.0,7,911,,
2025-06-23,14:30,30.9,13.9,35.0,WNW,30.6,41.8,1020.29,0.0,0.0,7,881,,
2025-06-23,14:45,30.8,15.0,38.0,WEST,37.0,40.2,1020.25,0.0,0.0,7,891,,
2025-06-23,15:00,30.7,14.4,37.0,WNW,20.9,45.1,1020.29,0.0,0.0,6,860,,
2025-06-23,15:15,31.3,13.9,35.0,NW,35.4,38.6,1020.22,0.0,0.0,6,833,,
2025-06-23,15:30,31.5,14.4,35.0,WEST,25.7,38.6,1020.08,0.0,0.0,6,812,,
2025-06-23,15:45,31.2,14.4,36.0,WNW,22.5,38.6,1019.81,0.0,0.0,5,784,,
2025-06-23,16:00,31.2,13.9,35.0,WEST,24.1,46.7,1019.81,0.0,0.0,5,751,,
2025-06-23,16:15,30.8,13.3,34.0,WNW,14.5,41.8,1019.68,0.0,0.0,4,717,,
2025-06-23,16:30,30.7,15.0,39.0,WEST,19.3,45.1,1019.61,0.0,0.0,4,680,,
2025-06-23,16:45,30.3,15.0,40.0,WNW,22.5,43.5,1019.68,0.0,0.0,4,636,,
2025-06-23,17:00,30.2,16.1,43.0,NNW,25.7,41.8,1019.57,0.0,0.0,3,598,,
2025-06-23,17:15,29.8,15.6,42.0,WNW,19.3,41.8,1019.47,0.0,0.0,3,552,,
2025-06-23,17:30,29.8,16.1,44.0,WNW,8.0,38.6,1019.54,0.0,0.0,2,506,,
2025-06-23,17:45,29.5,15.6,43.0,WNW,22.5,37.0,1019.51,0.0,0.0,2,459,,
2025-06-23,18:00,29.2,16.1,45.0,WEST,16.1,35.4,1019.37,0.0,0.0,2,413,,
2025-06-23,18:15,28.8,16.1,46.0,NW,19.3,32.2,1019.27,0.0,0.0,1,364,,
2025-06-23,18:30,28.7,16.1,46.0,WNW,12.9,32.2,1019.17,0.0,0.0,1,318,,
2025-06-23,18:45,28.4,16.1,48.0,WEST,9.7,32.2,1019.13,0.0,0.0,1,269,,
2025-06-23,19:00,28.4,17.2,51.0,WNW,17.7,29.0,1019.2,0.0,0.0,1,223,,
2025-06-23,19:15,27.9,17.8,55.0,WNW,16.1,29.0,1019.37,0.0,0.0,0,178,,
2025-06-23,19:30,27.4,18.3,58.0,WNW,14.5,35.4,1019.44,0.0,0.0,0,128,,
2025-06-23,19:45,26.9,18.3,61.0,WEST,9.7,25.7,1019.57,0.0,0.0,0,84,,
2025-06-23,20:00,26.5,18.3,61.0,WNW,16.1,29.0,1019.47,0.0,0.0,0,51,,
2025-06-23,20:15,26.2,18.3,62.0,WEST,16.1,24.1,1019.51,0.0,0.0,0,26,,
2025-06-23,20:30,25.7,17.8,63.0,WEST,6.4,25.7,1019.51,0.0,0.0,0,16,,
2025-06-23,20:45,25.2,17.8,65.0,WNW,11.3,19.3,1019.57,0.0,0.0,0,7,,
2025-06-23,21:00,24.7,17.8,67.0,WSW,1.6,22.5,1019.71,0.0,0.0,0,0,,
2025-06-23,21:15,24.3,18.3,69.0,WNW,11.3,17.7,1019.74,0.0,0.0,0,0,,
2025-06-23,21:30,24.1,18.3,72.0,WEST,14.5,20.9,1019.78,0.0,0.0,0,0,,
2025-06-23,21:45,23.8,18.9,74.0,WEST,11.3,22.5,1020.01,0.0,0.0,0,0,,
2025-06-23,22:00,23.5,18.9,75.0,WEST,6.4,24.1,1020.39,0.0,0.0,0,0,,
2025-06-23,22:15,23.4,18.9,76.0,WEST,12.9,16.1,1020.42,0.0,0.0,0,0,,
2025-06-23,22:30,23.2,18.9,78.0,WNW,12.9,16.1,1020.69,0.0,0.0,0,0,,
2025-06-23,22:45,23.2,19.4,80.0,WEST,1.6,12.9,1020.76,0.0,0.0,0,0,,
2025-06-23,23:00,23.0,18.9,80.0,NORTH,0.0,6.4,1020.66,0.0,0.0,0,0,,
2025-06-23,23:15,22.8,18.9,80.0,WEST,3.2,4.8,1020.59,0.0,0.0,0,0,,
2025-06-23,23:30,22.8,18.9,80.0,NORTH,0.0,1.6,1020.62,0.0,0.0,0,0,,
2025-06-23,23:45,23.0,19.4,82.0,WNW,1.6,12.9,1020.56,0.0,0.0,0,0,,
2025-06-24,00:00,23.0,20.0,83.0,WEST,1.6,14.5,1020.49,0.0,0.0,0,0,,
2025-06-24,00:15,22.9,20.0,84.0,WNW,1.6,12.9,1020.59,0.0,0.0,0,0,,
2025-06-24,00:30,22.8,20.0,85.0,NORTH,0.0,4.8,1020.39,0.0,0.0,0,0,,
2025-06-24,00:45,22.7,20.0,86.0,NW,8.0,12.9,1020.29,0.0,0.0,0,0,,
2025-06-24,01:00,22.6,20.0,86.0,NNW,1.6,6.4,1020.08,0.0,0.0,0,0,,
2025-06-24,01:15,22.4,20.0,86.0,NORTH,0.0,8.0,1020.12,0.0,0.0,0,0,,
2025-06-24,01:30,22.4,20.0,87.0,NORTH,0.0,8.0,1019.91,0.0,0.0,0,0,,
2025-06-24,01:45,22.3,20.0,87.0,WNW,4.8,8.0,1020.15,0.0,0.0,0,0,,
2025-06-24,02:00,22.2,20.0,88.0,WNW,8.0,11.3,1019.81,0.0,0.0,0,0,,
2025-06-24,02:15,22.2,20.0,88.0,NNW,4.8,8.0,1019.78,0.0,0.0,0,0,,
2025-06-24,02:30,22.1,20.0,88.0,NW,1.6,12.9,1019.54,0.0,0.0,0,0,,
2025-06-24,02:45,22.0,20.0,88.0,NW,1.6,4.8,1019.4,0.0,0.0,0,0,,
2025-06-24,03:00,21.8,19.4,88.0,NORTH,0.0,4.8,1019.27,0.0,0.0,0,0,,
2025-06-24,03:15,21.6,19.4,88.0,NW,1.6,4.8,1019.4,0.0,0.0,0,0,,
2025-06-24,03:30,21.3,18.9,88.0,NORTH,0.0,1.6,1019.1,0.0,0.0,0,0,,
2025-06-24,03:45,20.8,18.3,88.0,WNW,1.6,4.8,1019.17,0.0,0.0,0,0,,
2025-06-24,04:00,20.3,18.3,88.0,NORTH,0.0,4.8,1019.07,0.0,0.0,0,0,,
2025-06-24,04:15,20.0,17.8,88.0,NORTH,1.6,3.2,1018.8,0.0,0.0,0,0,,
2025-06-24,04:30,20.0,17.8,89.0,NORTH,0.0,3.2,1018.83,0.0,0.0,0,0,,
2025-06-24,04:45,20.5,18.3,89.0,NORTH,0.0,3.2,1018.83,0.0,0.0,0,0,,
2025-06-24,05:00,20.9,18.9,90.0,NORTH,1.6,4.8,1018.86,0.0,0.0,0,0,,
2025-06-24,05:15,20.9,18.9,90.0,NORTH,0.0,3.2,1018.59,0.0,0.0,0,0,,
2025-06-24,05:30,21.2,19.4,90.0,NORTH,0.0,3.2,1018.86,0.0,0.0,0,0,,
2025-06-24,05:45,21.2,19.4,91.0,,1.6,6.4,1019.13,0.0,0.0,0,0,,
2025-06-24,06:00,21.0,19.4,91.0,NORTH,0.0,3.2,1019.1,0.0,0.0,0,0,,
2025-06-24,06:15,20.9,19.4,91.0,,1.6,3.2,1019.07,0.0,0.0,0,14,,
2025-06-24,06:30,20.8,18.9,91.0,,1.6,4.8,1019.07,0.0,0.0,0,30,,
2025-06-24,06:45,20.4,18.9,91.0,NORTH,1.6,3.2,1018.96,0.0,0.0,0,58,,
2025-06-24,07:00,20.1,18.3,90.0,NORTH,0.0,1.6,1019.1,0.0,0.0,0,90,,
2025-06-24,07:15,20.6,18.3,90.0,NORTH,1.6,1.6,1019.34,0.0,0.0,0,134,,
2025-06-24,07:30,21.2,18.9,89.0,NORTH,0.0,1.6,1019.2,0.0,0.0,0,156,,
2025-06-24,07:45,21.7,19.4,86.0,NORTH,0.0,1.6,1019.37,0.0,0.0,1,216,,
2025-06-24,08:00,22.7,18.9,80.0,NORTH,0.0,3.2,1019.3,0.0,0.0,1,283,,
2025-06-24,08:15,23.4,17.8,72.0,WNW,4.8,8.0,1019.2,0.0,0.0,1,329,,
2025-06-24,08:30,24.3,16.1,62.0,NW,6.4,8.0,1019.37,0.0,0.0,1,374,,
2025-06-24,08:45,25.1,16.7,60.0,NW,3.2,6.4,1019.3,0.0,0.0,2,394,,
2025-06-24,09:00,25.6,16.1,56.0,NW,1.6,4.8,1019.37,0.0,0.0,2,397,,
2025-06-24,09:15,26.3,15.0,51.0,NW,1.6,4.8,1019.4,0.0,0.0,2,411,,
2025-06-24,09:30,27.1,16.1,51.0,NW,1.6,12.9,1019.37,0.0,0.0,3,464,,
2025-06-24,09:45,27.4,14.4,45.0,WSW,1.6,11.3,1019.34,0.0,0.0,3,554,,
2025-06-24,10:00,27.6,13.9,44.0,WEST,4.8,17.7,1019.47,0.0,0.0,3,642,,
2025-06-24,10:15,27.6,16.1,50.0,WNW,8.0,19.3,1019.4,0.0,0.0,4,689,,
2025-06-24,10:30,28.2,16.1,48.0,WSW,3.2,19.3,1019.13,0.0,0.0,4,724,,
2025-06-24,10:45,28.7,15.0,44.0,SW,1.6,17.7,1019.3,0.0,0.0,5,759,,
2025-06-24,11:00,28.9,16.7,49.0,WEST,11.3,20.9,1019.47,0.0,0.0,5,791,,
2025-06-24,11:15,29.1,17.8,51.0,WNW,22.5,24.1,1019.4,0.0,0.0,5,816,,
2025-06-24,11:30,29.3,18.3,51.0,WEST,19.3,30.6,1019.47,0.0,0.0,6,847,,
2025-06-24,11:45,29.4,18.3,53.0,WNW,14.5,29.0,1019.47,0.0,0.0,6,870,,
2025-06-24,12:00,29.5,17.8,50.0,ENE,22.5,33.8,1019.57,0.0,0.0,7,891,,
2025-06-24,12:15,29.6,17.2,47.0,WNW,16.1,30.6,1019.4,0.0,0.0,7,904,,
2025-06-24,12:30,30.0,17.2,46.0,WNW,14.5,38.6,1019.47,0.0,0.0,7,918,,
2025-06-24,12:45,30.1,16.1,43.0,WEST,25.7,38.6,1019.61,0.0,0.0,7,933,,
2025-06-24,13:00,30.4,16.1,42.0,NE,11.3,38.6,1019.44,0.0,0.0,7,935,,
2025-06-24,13:15,30.5,16.1,42.0,NNW,17.7,38.6,1019.37,0.0,0.0,7,942,,
2025-06-24,13:30,30.9,16.1,41.0,WEST,14.5,37.0,1019.37,0.0,0.0,7,940,,
2025-06-24,13:45,30.8,16.1,42.0,WNW,12.9,38.6,1019.2,0.0,0.0,7,933,,
2025-06-24,14:00,30.6,16.1,42.0,NW,19.3,37.0,1019.34,0.0,0.0,7,923,,
2025-06-24,14:15,30.8,16.1,42.0,WNW,25.7,35.4,1019.3,0.0,0.0,7,914,,
2025-06-24,14:30,31.0,16.1,41.0,WEST,19.3,43.5,1018.93,0.0,0.0,7,896,,
2025-06-24,14:45,30.9,16.7,42.0,WNW,20.9,40.2,1018.76,0.0,0.0,7,881,,
2025-06-24,15:00,31.3,16.1,40.0,WNW,14.5,33.8,1018.9,0.0,0.0,6,860,,
2025-06-24,15:15,30.9,14.4,37.0,WNW,32.2,38.6,1019,0.0,0.0,6,835,,
2025-06-24,15:30,31.3,13.9,34.0,WEST,24.1,38.6,1018.76,0.0,0.0,6,810,,
2025-06-24,15:45,31.2,15.6,38.0,WNW,16.1,41.8,1018.39,0.0,0.0,5,777,,
2025-06-24,16:00,31.0,15.0,38.0,WEST,19.3,40.2,1018.35,0.0,0.0,5,745,,
2025-06-24,16:15,31.2,14.4,37.0,WNW,20.9,41.8,1018.39,0.0,0.0,4,712,,
2025-06-24,16:30,31.1,15.6,39.0,WNW,24.1,38.6,1018.25,0.0,0.0,4,675,,
2025-06-24,16:45,30.8,15.0,39.0,WNW,19.3,40.2,1018.29,0.0,0.0,3,635,,
2025-06-24,17:00,30.6,15.6,40.0,WNW,20.9,46.7,1018.12,0.0,0.0,3,592,,
2025-06-24,17:15,30.3,15.6,41.0,WNW,19.3,43.5,1018.19,0.0,0.0,3,550,,
2025-06-24,17:30,30.1,15.0,41.0,WNW,19.3,43.5,1018.12,0.0,0.0,2,503,,
2025-06-24,17:45,29.8,15.0,41.0,WEST,19.3,45.1,1017.98,0.0,0.0,2,457,,
2025-06-24,18:00,29.7,15.0,41.0,NW,22.5,38.6,1017.85,0.0,0.0,2,410,,
2025-06-24,18:15,29.4,15.0,42.0,WNW,24.1,40.2,1017.81,0.0,0.0,1,364,,
2025-06-24,18:30,29.4,15.0,41.0,WNW,30.6,35.4,1017.78,0.0,0.0,1,318,,
2025-06-24,18:45,29.0,15.6,44.0,,24.1,37.0,1017.78,0.0,0.0,1,269,,
2025-06-24,19:00,28.7,15.6,45.0,WNW,19.3,38.6,1017.85,0.0,0.0,1,223,,
2025-06-24,19:15,28.4,16.1,47.0,WNW,16.1,37.0,1017.95,0.0,0.0,0,174,,
2025-06-24,19:30,28.1,16.1,48.0,WEST,12.9,32.2,1018.02,0.0,0.0,0,130,,
2025-06-24,19:45,27.6,17.2,53.0,WEST,16.1,32.2,1017.88,0.0,0.0,0,86,,
2025-06-24,20:00,27.1,17.2,56.0,WNW,16.1,27.4,1017.95,0.0,0.0,0,54,,
2025-06-24,20:15,26.6,17.2,58.0,WNW,12.9,22.5,1018.05,0.0,0.0,0,30,,
2025-06-24,20:30,26.1,17.8,60.0,WNW,8.0,27.4,1017.98,0.0,0.0,0,19,,
2025-06-24,20:45,25.6,18.3,64.0,WEST,6.4,25.7,1017.95,0.0,0.0,0,9,,
2025-06-24,21:00,25.2,18.3,66.0,WEST,6.4,24.1,1017.98,0.0,0.0,0,0,,
2025-06-24,21:15,24.9,18.3,68.0,WEST,1.6,14.5,1018.05,0.0,0.0,0,0,,
2025-06-24,21:30,25.0,18.9,71.0,NW,6.4,12.9,1018.08,0.0,0.0,0,0,,
2025-06-24,21:45,24.7,18.9,72.0,WEST,6.4,17.7,1017.98,0.0,0.0,0,0,,
2025-06-24,22:00,24.6,19.4,73.0,WEST,3.2,14.5,1018.19,0.0,0.0,0,0,,
2025-06-24,22:15,24.5,19.4,75.0,NORTH,0.0,4.8,1018.32,0.0,0.0,0,0,,
2025-06-24,22:30,23.8,18.9,75.0,WEST,1.6,4.8,1018.25,0.0,0.0,0,0,,
2025-06-24,22:45,23.0,18.3,75.0,WSW,1.6,4.8,1018.42,0.0,0.0,0,0,,
2025-06-24,23:00,23.2,19.4,80.0,NORTH,0.0,4.8,1018.52,0.0,0.0,0,0,,
2025-06-24,23:15,23.0,19.4,80.0,WSW,1.6,3.2,1018.46,0.0,0.0,0,0,,
2025-06-24,23:30,22.8,19.4,82.0,NORTH,0.0,3.2,1018.46,0.0,0.0,0,0,,
2025-06-24,23:45,22.9,20.0,84.0,WEST,3.2,11.3,1018.56,0.0,0.0,0,0,,
2025-06-25,00:00,23.2,20.6,85.0,WNW,1.6,6.4,1018.52,0.0,0.0,0,0,,
2025-06-25,00:15,23.1,20.6,86.0,NORTH,0.0,6.4,1018.39,0.0,0.0,0,0,,
2025-06-25,00:30,22.8,20.6,87.0,ENE,6.4,6.4,1018.25,0.0,0.0,0,0,,
2025-06-25,00:45,22.7,20.6,88.0,ENE,6.4,4.8,1018.22,0.0,0.0,0,0,,
2025-06-25,01:00,22.2,20.0,87.0,NE,1.6,4.8,1018.25,0.0,0.0,0,0,,
2025-06-25,01:15,21.8,19.4,87.0,NE,1.6,4.8,1017.95,0.0,0.0,0,0,,
2025-06-25,01:30,21.3,18.3,85.0,NE,1.6,4.8,1017.95,0.0,0.0,0,0,,
2025-06-25,01:45,21.3,18.3,83.0,NORTH,0.0,4.8,1017.85,0.0,0.0,0,0,,
2025-06-25,02:00,21.4,17.8,82.0,NE,3.2,4.8,1017.75,0.0,0.0,0,0,,
2025-06-25,02:15,21.9,17.8,79.0,NE,1.6,4.8,1017.61,0.0,0.0,0,0,,
2025-06-25,02:30,21.8,17.2,76.0,NE,1.6,3.2,1017.31,0.0,0.0,0,0,,
2025-06-25,02:45,21.9,16.7,73.0,NORTH,0.0,3.2,1017.14,0.0,0.0,0,0,,
2025-06-25,03:00,22.3,16.1,69.0,NE,1.6,4.8,1017.17,0.0,0.0,0,0,,
2025-06-25,03:15,22.6,15.6,66.0,NE,1.6,4.8,1016.86,0.0,0.0,0,0,,
2025-06-25,03:30,22.7,15.6,64.0,NE,1.6,4.8,1017.07,0.0,0.0,0,0,,
2025-06-25,03:45,22.7,15.0,63.0,NE,3.2,4.8,1017.03,0.0,0.0,0,0,,
2025-06-25,04:00,22.6,14.4,60.0,NE,1.6,3.2,1016.9,0.0,0.0,0,0,,
2025-06-25,04:15,23.0,14.4,58.0,NE,3.2,4.8,1016.97,0.0,0.0,0,0,,
2025-06-25,04:30,23.1,13.9,58.0,NE,3.2,4.8,1016.83,0.0,0.0,0,0,,
2025-06-25,04:45,23.2,13.9,57.0,NE,3.2,4.8,1016.73,0.0,0.0,0,0,,
2025-06-25,05:00,23.6,14.4,57.0,NE,3.2,6.4,1016.53,0.0,0.0,0,0,,
2025-06-25,05:15,23.4,14.4,57.0,NORTH,0.0,3.2,1016.39,0.0,0.0,0,0,,
2025-06-25,05:30,23.3,14.4,58.0,NE,3.2,4.8,1016.32,0.0,0.0,0,0,,
2025-06-25,05:45,22.9,13.9,58.0,ESE,3.2,6.4,1016.36,0.0,0.0,0,0,,
2025-06-25,06:00,22.7,13.9,58.0,ESE,3.2,4.8,1016.36,0.0,0.0,0,0,,
2025-06-25,06:15,23.5,13.9,55.0,ESE,4.8,9.7,1016.49,0.0,0.0,0,14,,
2025-06-25,06:30,23.9,13.9,55.0,ESE,3.2,9.7,1016.59,0.0,0.0,0,28,,
2025-06-25,06:45,25.1,14.4,52.0,ESE,3.2,6.4,1016.76,0.0,0.0,0,56,,
2025-06-25,07:00,24.9,14.4,53.0,NORTH,0.0,4.8,1016.73,0.0,0.0,0,90,,
2025-06-25,07:15,25.3,15.0,54.0,NORTH,0.0,1.6,1016.8,0.0,0.0,0,135,,
2025-06-25,07:30,26.1,15.0,51.0,ESE,6.4,6.4,1016.76,0.0,0.0,0,163,,
2025-06-25,07:45,26.7,15.0,49.0,ESE,3.2,6.4,1016.83,0.0,0.0,1,220,,
2025-06-25,08:00,27.3,14.4,46.0,ESE,6.4,11.3,1016.9,0.0,0.0,1,276,,
2025-06-25,08:15,27.7,15.0,46.0,EAST,4.8,9.7,1016.86,0.0,0.0,1,327,,
2025-06-25,08:30,28.4,15.0,44.0,EAST,4.8,4.8,1017.07,0.0,0.0,1,374,,
2025-06-25,08:45,28.3,15.6,47.0,SE,8.0,12.9,1017.14,0.0,0.0,2,399,,
2025-06-25,09:00,28.5,16.7,49.0,SSE,4.8,9.7,1017.2,0.0,0.0,2,408,,
2025-06-25,09:15,29.5,15.6,44.0,SSE,1.6,8.0,1017.31,0.0,0.0,2,417,,
2025-06-25,09:30,29.6,16.1,44.0,SE,8.0,12.9,1017.44,0.0,0.0,3,459,,
2025-06-25,09:45,29.7,15.0,42.0,SSE,9.7,14.5,1017.41,0.0,0.0,3,545,,
2025-06-25,10:00,30.2,15.0,41.0,SSE,8.0,16.1,1017.34,0.0,0.0,4,638,,
2025-06-25,10:15,30.9,15.0,39.0,SSE,4.8,14.5,1017.34,0.0,0.0,4,687,,
2025-06-25,10:30,31.2,14.4,36.0,SE,9.7,16.1,1017.31,0.0,0.0,4,731,,
2025-06-25,10:45,31.5,15.0,37.0,SE,4.8,14.5,1017.37,0.0,0.0,5,765,,
2025-06-25,11:00,31.9,14.4,35.0,SSE,9.7,12.9,1017.34,0.0,0.0,5,798,,
2025-06-25,11:15,32.3,13.9,32.0,SOUTH,1.6,16.1,1017.41,0.0,0.0,6,830,,
2025-06-25,11:30,32.9,13.9,32.0,NORTH,0.0,16.1,1017.41,0.0,0.0,6,842,,
2025-06-25,11:45,33.1,14.4,32.0,EAST,1.6,16.1,1017.54,0.0,0.0,6,877,,
2025-06-25,12:00,33.8,13.9,30.0,SE,9.7,16.1,1017.37,0.0,0.0,7,896,,
2025-06-25,12:15,34.2,13.3,28.0,NORTH,0.0,17.7,1017.41,0.0,0.0,7,918,,
2025-06-25,12:30,34.6,13.3,28.0,WSW,3.2,11.3,1017.31,0.0,0.0,7,930,,
2025-06-25,12:45,34.4,13.3,28.0,SE,4.8,16.1,1017.44,0.0,0.0,7,937,,
2025-06-25,13:00,35.1,13.3,27.0,SSE,9.7,14.5,1017.17,0.0,0.0,8,947,,
2025-06-25,13:15,34.8,13.3,28.0,NNW,3.2,14.5,1016.86,0.0,0.0,8,947,,
2025-06-25,13:30,35.6,12.2,24.0,WNW,6.4,24.1,1016.86,0.0,0.0,8,946,,
2025-06-25,13:45,36.0,12.8,25.0,NORTH,0.0,22.5,1016.86,0.0,0.0,7,939,,
2025-06-25,14:00,35.8,14.4,28.0,SOUTH,1.6,24.1,1016.59,0.0,0.0,7,930,,
2025-06-25,14:15,35.7,15.0,30.0,WEST,12.9,37.0,1016.7,0.0,0.0,7,921,,
2025-06-25,14:30,35.7,15.6,30.0,WNW,8.0,27.4,1016.59,0.0,0.0,7,909,,
2025-06-25,14:45,35.7,15.6,31.0,NE,8.0,35.4,1016.76,0.0,0.0,7,889,,
2025-06-25,15:00,35.6,15.6,30.0,NW,16.1,32.2,1016.56,0.0,0.0,6,861,,
2025-06-25,15:15,35.2,16.1,33.0,WNW,16.1,30.6,1016.66,0.0,0.0,6,838,,
2025-06-25,15:30,35.1,15.0,30.0,NNE,16.1,29.0,1016.59,0.0,0.0,6,814,,
2025-06-25,15:45,35.2,15.6,31.0,WNW,19.3,29.0,1016.7,0.0,0.0,5,782,,
2025-06-25,16:00,34.6,15.6,33.0,NW,14.5,30.6,1016.66,0.0,0.0,5,749,,
2025-06-25,16:15,34.9,15.6,32.0,WNW,14.5,27.4,1016.59,0.0,0.0,4,715,,
2025-06-25,16:30,34.3,17.2,36.0,WNW,6.4,29.0,1016.66,0.0,0.0,4,679,,
2025-06-25,16:45,33.9,18.3,40.0,WEST,12.9,29.0,1016.66,0.0,0.0,4,636,,
2025-06-25,17:00,34.0,18.9,41.0,WNW,16.1,27.4,1016.53,0.0,0.0,3,598,,
2025-06-25,17:15,33.3,17.8,40.0,WNW,8.0,27.4,1016.39,0.0,0.0,3,557,,
2025-06-25,17:30,33.5,16.7,36.0,WNW,22.5,25.7,1016.59,0.0,0.0,2,512,,
2025-06-25,17:45,32.9,17.2,40.0,NW,19.3,30.6,1016.76,0.0,0.0,2,464,,
2025-06-25,18:00,32.4,18.3,43.0,WNW,17.7,32.2,1016.53,0.0,0.0,2,415,,
2025-06-25,18:15,32.0,17.8,43.0,WNW,22.5,29.0,1016.46,0.0,0.0,1,369,,
2025-06-25,18:30,31.9,17.8,43.0,WEST,14.5,30.6,1016.53,0.0,0.0,1,320,,
2025-06-25,18:45,31.7,17.8,44.0,WEST,22.5,29.0,1016.49,0.0,0.0,1,271,,
2025-06-25,19:00,31.3,17.2,43.0,WNW,16.1,32.2,1016.63,0.0,0.0,1,227,,
2025-06-25,19:15,31.2,17.8,45.0,WEST,9.7,27.4,1016.59,0.0,0.0,0,178,,
2025-06-25,19:30,31.1,17.8,45.0,WEST,16.1,22.5,1016.76,0.0,0.0,0,132,,
2025-06-25,19:45,30.8,17.8,46.0,NNE,12.9,22.5,1016.8,0.0,0.0,0,88,,
2025-06-25,20:00,30.4,17.8,48.0,WNW,8.0,22.5,1016.9,0.0,0.0,0,54,,
2025-06-25,20:15,29.8,17.8,48.0,WNW,6.4,24.1,1016.97,0.0,0.0,0,28,,
2025-06-25,20:30,29.2,18.3,52.0,WNW,4.8,17.7,1016.93,0.0,0.0,0,18,,
2025-06-25,20:45,28.8,18.3,53.0,WEST,4.8,17.7,1017.14,0.0,0.0,0,9,,
2025-06-25,21:00,28.4,17.8,53.0,NORTH,0.0,8.0,1017.1,0.0,0.0,0,0,,
2025-06-25,21:15,27.9,18.3,57.0,NW,4.8,12.9,1017.1,0.0,0.0,0,0,,
2025-06-25,21:30,27.6,18.9,60.0,WNW,3.2,12.9,1017.17,0.0,0.0,0,0,,
2025-06-25,21:45,27.3,18.3,60.0,NORTH,0.0,11.3,1017.34,0.0,0.0,0,0,,
2025-06-25,22:00,26.0,17.8,62.0,SSE,6.4,9.7,1017.51,0.0,0.0,0,0,,
2025-06-25,22:15,25.8,17.2,59.0,SOUTH,6.4,9.7,1017.68,0.0,0.0,0,0,,
2025-06-25,22:30,25.8,16.7,58.0,SSE,1.6,8.0,1017.88,0.0,0.0,0,0,,
2025-06-25,22:45,26.1,15.6,53.0,NORTH,0.0,8.0,1017.95,0.0,0.0,0,0,,
2025-06-25,23:00,26.1,15.6,53.0,SSE,4.8,6.4,1018.02,0.0,0.0,0,0,,
2025-06-25,23:15,25.5,15.6,55.0,SSE,4.8,4.8,1017.98,0.0,0.0,0,0,,
2025-06-25,23:30,25.0,15.6,56.0,SSE,1.6,4.8,1017.98,0.0,0.0,0,0,,
2025-06-25,23:45,24.6,15.0,56.0,SSE,1.6,8.0,1018.02,0.0,0.0,0,0,,
2025-06-26,00:00,24.8,15.0,55.0,SE,3.2,8.0,1017.95,0.0,0.0,0,0,,
2025-06-26,00:15,24.7,16.1,59.0,SE,8.0,8.0,1018.02,0.0,0.0,0,0,,
2025-06-26,00:30,24.2,16.1,61.0,SE,1.6,6.4,1017.81,0.0,0.0,0,0,,
2025-06-26,00:45,24.2,15.0,56.0,SE,1.6,8.0,1017.78,0.0,0.0,0,0,,
2025-06-26,01:00,24.8,14.4,53.0,SE,11.3,11.3,1017.64,0.0,0.0,0,0,,
2025-06-26,01:15,24.9,16.1,58.0,SE,8.0,11.3,1017.71,0.0,0.0,0,0,,
2025-06-26,01:30,24.9,17.2,64.0,SE,4.8,14.5,1017.61,0.0,0.0,0,0,,
2025-06-26,01:45,24.8,15.6,57.0,SE,8.0,12.9,1017.37,0.0,0.0,0,0,,
2025-06-26,02:00,25.0,15.6,57.0,ESE,4.8,11.3,1017.54,0.0,0.0,0,0,,
2025-06-26,02:15,24.9,15.0,54.0,SE,8.0,9.7,1017.41,0.0,0.0,0,0,,
2025-06-26,02:30,25.5,13.9,49.0,SE,6.4,16.1,1017.37,0.0,0.0,0,0,,
2025-06-26,02:45,25.7,15.0,52.0,SE,19.3,19.3,1017.2,0.0,0.0,0,0,,
2025-06-26,03:00,25.6,16.1,57.0,SE,12.9,20.9,1017.1,0.0,0.0,0,0,,
2025-06-26,03:15,25.2,15.6,56.0,SE,6.4,17.7,1017.1,0.0,0.0,0,0,,
2025-06-26,03:30,25.2,14.4,52.0,ESE,6.4,16.1,1017.2,0.0,0.0,0,0,,
2025-06-26,03:45,25.3,14.4,51.0,ESE,3.2,16.1,1017.2,0.0,0.0,0,0,,
2025-06-26,04:00,25.1,15.0,54.0,SE,8.0,14.5,1017.2,0.0,0.0,0,0,,
2025-06-26,04:15,24.9,15.0,54.0,ESE,3.2,17.7,1017.24,0.0,0.0,0,0,,
2025-06-26,04:30,25.1,15.0,55.0,SE,11.3,14.5,1017.1,0.0,0.0,0,0,,
2025-06-26,04:45,24.9,15.0,55.0,SE,4.8,14.5,1017.17,0.0,0.0,0,0,,
2025-06-26,05:00,23.9,15.0,58.0,EAST,4.8,9.7,1017.1,0.0,0.0,0,0,,
2025-06-26,05:15,23.4,15.0,59.0,NORTH,0.0,6.4,1017.14,0.0,0.0,0,0,,
2025-06-26,05:30,23.2,15.0,62.0,EAST,1.6,3.2,1017.17,0.0,0.0,0,0,,
2025-06-26,05:45,22.9,15.6,64.0,NORTH,0.0,4.8,1017.1,0.0,0.0,0,0,,
2025-06-26,06:00,22.8,15.6,65.0,EAST,1.6,3.2,1017.14,0.0,0.0,0,0,,
2025-06-26,06:15,22.6,15.6,65.0,NORTH,0.0,3.2,1017.37,0.0,0.0,0,12,,
2025-06-26,06:30,22.8,16.1,66.0,EAST,1.6,4.8,1017.44,0.0,0.0,0,28,,
2025-06-26,06:45,23.3,15.6,63.0,EAST,1.6,3.2,1017.51,0.0,0.0,0,56,,
2025-06-26,07:00,23.9,15.0,59.0,EAST,1.6,9.7,1017.51,0.0,0.0,0,97,,
2025-06-26,07:15,24.6,15.6,58.0,EAST,3.2,4.8,1017.34,0.0,0.0,0,146,,
2025-06-26,07:30,25.4,15.6,55.0,EAST,1.6,4.8,1017.58,0.0,0.0,0,169,,
2025-06-26,07:45,26.2,16.1,53.0,EAST,3.2,4.8,1017.41,0.0,0.0,1,229,,
2025-06-26,08:00,27.2,15.6,50.0,EAST,1.6,4.8,1017.54,0.0,0.0,1,287,,
2025-06-26,08:15,28.1,16.1,49.0,EAST,1.6,3.2,1017.81,0.0,0.0,1,334,,
2025-06-26,08:30,29.1,15.6,45.0,NORTH,0.0,4.8,1017.88,0.0,0.0,1,376,,
2025-06-26,08:45,28.9,15.6,45.0,EAST,3.2,4.8,1018.25,0.0,0.0,2,401,,
2025-06-26,09:00,29.2,15.6,44.0,EAST,1.6,4.8,1018.15,0.0,0.0,2,406,,
2025-06-26,09:15,30.2,15.6,42.0,ENE,4.8,3.2,1018.32,0.0,0.0,2,413,,
2025-06-26,09:30,30.4,15.0,40.0,NNW,4.8,6.4,1018.29,0.0,0.0,3,471,,
2025-06-26,09:45,30.6,15.6,40.0,SOUTH,3.2,6.4,1018.25,0.0,0.0,3,543,,
2025-06-26,10:00,31.4,15.6,38.0,NORTH,0.0,9.7,1018.46,0.0,0.0,4,642,,
2025-06-26,10:15,31.6,15.0,37.0,NW,9.7,14.5,1018.42,0.0,0.0,4,689,,
2025-06-26,10:30,31.7,13.9,34.0,NNW,4.8,17.7,1018.42,0.0,0.0,5,731,,
2025-06-26,10:45,31.9,13.9,34.0,WEST,9.7,16.1,1018.39,0.0,0.0,5,765,,
2025-06-26,11:00,32.7,13.9,32.0,WEST,3.2,19.3,1018.46,0.0,0.0,5,800,,
2025-06-26,11:15,32.9,12.8,29.0,NORTH,0.0,20.9,1018.42,0.0,0.0,6,830,,
2025-06-26,11:30,33.2,13.3,30.0,WNW,4.8,19.3,1018.46,0.0,0.0,6,854,,
2025-06-26,11:45,33.3,13.3,30.0,NW,4.8,19.3,1018.39,0.0,0.0,7,881,,
2025-06-26,12:00,33.9,13.3,28.0,WSW,3.2,17.7,1018.29,0.0,0.0,7,902,,
2025-06-26,12:15,34.2,13.3,28.0,NW,6.4,19.3,1018.19,0.0,0.0,7,919,,
2025-06-26,12:30,34.3,12.8,27.0,WNW,8.0,22.5,1018.12,0.0,0.0,7,930,,
2025-06-26,12:45,34.8,12.8,27.0,WNW,20.9,20.9,1018.15,0.0,0.0,8,944,,
2025-06-26,13:00,34.6,13.3,28.0,SSW,3.2,20.9,1018.12,0.0,0.0,8,947,,
2025-06-26,13:15,34.9,13.3,27.0,WNW,16.1,29.0,1018.22,0.0,0.0,8,953,,
2025-06-26,13:30,34.8,13.3,28.0,WSW,4.8,17.7,1018.08,0.0,0.0,8,949,,
2025-06-26,13:45,35.3,12.8,26.0,WEST,3.2,30.6,1017.98,0.0,0.0,8,947,,
2025-06-26,14:00,35.4,13.3,27.0,SW,1.6,25.7,1018.05,0.0,0.0,8,937,,
2025-06-26,14:15,35.3,13.9,28.0,WEST,12.9,30.6,1018.05,0.0,0.0,7,921,,
2025-06-26,14:30,35.4,13.3,27.0,ENE,16.1,30.6,1018.08,0.0,0.0,7,909,,
2025-06-26,14:45,35.3,12.8,26.0,WEST,14.5,29.0,1018.19,0.0,0.0,7,888,,
2025-06-26,15:00,34.9,12.8,27.0,WEST,14.5,38.6,1018.05,0.0,0.0,6,865,,
2025-06-26,15:15,35.1,13.3,27.0,WEST,25.7,33.8,1018.08,0.0,0.0,6,840,,
2025-06-26,15:30,35.1,13.3,27.0,NW,19.3,29.0,1017.98,0.0,0.0,6,812,,
2025-06-26,15:45,34.6,13.3,28.0,WEST,17.7,35.4,1017.88,0.0,0.0,5,780,,
2025-06-26,16:00,34.7,13.3,27.0,WNW,17.7,38.6,1017.91,0.0,0.0,5,747,,
2025-06-26,16:15,34.8,13.9,28.0,WEST,14.5,38.6,1017.95,0.0,0.0,4,712,,
2025-06-26,16:30,34.6,12.8,27.0,WNW,27.4,37.0,1017.88,0.0,0.0,4,675,,
2025-06-26,16:45,34.3,13.3,29.0,WEST,16.1,32.2,1017.98,0.0,0.0,4,636,,
2025-06-26,17:00,34.2,13.9,29.0,WNW,16.1,40.2,1018.02,0.0,0.0,3,598,,
2025-06-26,17:15,33.9,13.3,29.0,WEST,19.3,35.4,1017.95,0.0,0.0,3,548,,
2025-06-26,17:30,34.1,13.9,30.0,NW,20.9,29.0,1017.85,0.0,0.0,2,504,,
2025-06-26,17:45,33.8,14.4,31.0,WNW,11.3,27.4,1017.68,0.0,0.0,2,457,,
2025-06-26,18:00,32.9,15.0,34.0,WNW,14.5,37.0,1017.58,0.0,0.0,2,406,,
2025-06-26,18:15,32.3,16.1,38.0,NW,29.0,40.2,1017.61,0.0,0.0,1,359,,
2025-06-26,18:30,31.4,17.2,43.0,WNW,24.1,32.2,1017.58,0.0,0.0,1,309,,
2025-06-26,18:45,31.1,17.2,43.0,WNW,24.1,29.0,1017.68,0.0,0.0,1,262,,
2025-06-26,19:00,30.4,18.3,48.0,WNW,8.0,32.2,1017.85,0.0,0.0,1,216,,
2025-06-26,19:15,30.2,18.9,52.0,WNW,19.3,29.0,1017.85,0.0,0.0,0,167,,
2025-06-26,19:30,29.8,18.9,53.0,WNW,25.7,32.2,1017.85,0.0,0.0,0,125,,
2025-06-26,19:45,29.2,19.4,56.0,NW,25.7,32.2,1018.12,0.0,0.0,0,86,,
2025-06-26,20:00,28.4,20.0,62.0,WNW,19.3,32.2,1018.32,0.0,0.0,0,56,,
2025-06-26,20:15,27.8,20.6,64.0,WNW,17.7,29.0,1018.32,0.0,0.0,0,32,,
2025-06-26,20:30,27.1,20.6,68.0,WNW,16.1,38.6,1018.39,0.0,0.0,0,21,,
2025-06-26,20:45,26.7,20.6,70.0,WEST,14.5,29.0,1018.63,0.0,0.0,0,9,,
2025-06-26,21:00,26.3,20.6,72.0,WEST,11.3,30.6,1018.66,0.0,0.0,0,0,,
2025-06-26,21:15,26.1,20.6,73.0,WNW,14.5,25.7,1018.93,0.0,0.0,0,0,,
2025-06-26,21:30,25.7,20.6,73.0,WEST,12.9,19.3,1019.03,0.0,0.0,0,0,,
2025-06-26,21:45,25.9,20.6,74.0,NW,11.3,20.9,1019.37,0.0,0.0,0,0,,
2025-06-26,22:00,25.8,21.1,76.0,NW,11.3,19.3,1019.68,0.0,0.0,0,0,,
2025-06-26,22:15,25.6,21.1,77.0,NW,4.8,14.5,1019.68,0.0,0.0,0,0,,
2025-06-26,22:30,25.3,21.1,78.0,NW,1.6,4.8,1019.74,0.0,0.0,0,0,,
2025-06-26,22:45,25.2,21.1,78.0,NW,1.6,3.2,1019.84,0.0,0.0,0,0,,
2025-06-26,23:00,24.9,20.6,78.0,NORTH,0.0,0.0,1019.74,0.0,0.0,0,0,,
2025-06-26,23:15,24.3,20.0,78.0,NW,3.2,3.2,1019.81,0.0,0.0,0,0,,
2025-06-26,23:30,23.7,18.3,73.0,NW,3.2,4.8,1019.81,0.0,0.0,0,0,,
2025-06-26,23:45,24.1,16.7,63.0,ENE,3.2,4.8,1019.74,0.0,0.0,0,0,,
2025-06-27,00:00,24.7,15.6,57.0,NORTH,0.0,3.2,1019.74,0.0,0.0,0,0,,
2025-06-27,00:15,24.9,16.1,58.0,NORTH,0.0,1.6,1019.81,0.0,0.0,0,0,,
2025-06-27,00:30,25.0,15.6,56.0,NORTH,0.0,3.2,1019.64,0.0,0.0,0,0,,
2025-06-27,00:45,24.6,15.0,55.0,ENE,1.6,3.2,1019.54,0.0,0.0,0,0,,
2025-06-27,01:00,24.2,13.9,53.0,ENE,1.6,3.2,1019.34,0.0,0.0,0,0,,
2025-06-27,01:15,25.3,13.3,47.0,ENE,3.2,4.8,1019.37,0.0,0.0,0,0,,
2025-06-27,01:30,25.7,13.3,47.0,ENE,3.2,4.8,1019.27,0.0,0.0,0,0,,
2025-06-27,01:45,25.1,13.3,48.0,NORTH,0.0,4.8,1019.27,0.0,0.0,0,0,,
2025-06-27,02:00,24.7,13.3,49.0,EAST,3.2,4.8,1019.27,0.0,0.0,0,0,,
2025-06-27,02:15,24.3,13.3,51.0,NORTH,0.0,4.8,1019.2,0.0,0.0,0,0,,
2025-06-27,02:30,23.9,13.3,52.0,EAST,1.6,3.2,1019.3,0.0,0.0,0,0,,
2025-06-27,02:45,23.4,12.8,52.0,EAST,1.6,4.8,1019.2,0.0,0.0,0,0,,
2025-06-27,03:00,23.3,12.8,53.0,EAST,3.2,6.4,1019.17,0.0,0.0,0,0,,
2025-06-27,03:15,23.4,14.4,57.0,NORTH,0.0,3.2,1019.2,0.0,0.0,0,0,,
2025-06-27,03:30,23.5,15.0,59.0,NORTH,0.0,1.6,1019.37,0.0,0.0,0,0,,
2025-06-27,03:45,23.3,15.0,61.0,NORTH,0.0,1.6,1019.24,0.0,0.0,0,0,,
2025-06-27,04:00,23.6,17.2,69.0,NNE,1.6,6.4,1019.3,0.0,0.0,0,0,,
2025-06-27,04:15,24.1,20.0,78.0,NW,6.4,17.7,1019.2,0.0,0.0,0,0,,
2025-06-27,04:30,23.8,20.6,83.0,WNW,4.8,12.9,1019.24,0.0,0.0,0,0,,
2025-06-27,04:45,23.7,21.1,86.0,NORTH,0.0,12.9,1019.3,0.0,0.0,0,0,,
2025-06-27,05:00,23.4,21.1,87.0,NW,4.8,12.9,1019.34,0.0,0.0,0,0,,
2025-06-27,05:15,23.3,21.1,89.0,NW,4.8,16.1,1019.54,0.0,0.0,0,0,,
2025-06-27,05:30,23.3,21.1,90.0,WNW,12.9,20.9,1019.74,0.0,0.0,0,0,,
2025-06-27,05:45,23.1,21.1,90.0,NW,4.8,17.7,1019.68,0.0,0.0,0,0,,
2025-06-27,06:00,23.0,21.1,91.0,WEST,11.3,24.1,1019.68,0.0,0.0,0,0,,
2025-06-27,06:15,22.9,21.1,91.0,WNW,8.0,19.3,1019.61,0.0,0.0,0,9,,
2025-06-27,06:30,22.8,21.1,92.0,NNW,14.5,17.7,1019.61,0.0,0.0,0,21,,
2025-06-27,06:45,22.7,21.1,92.0,WNW,8.0,16.1,1019.57,0.0,0.0,0,58,,
2025-06-27,07:00,22.8,21.1,92.0,WNW,11.3,16.1,1019.71,0.0,0.0,0,62,,
2025-06-27,07:15,22.8,21.1,92.0,NW,6.4,17.7,1019.84,0.0,0.0,0,167,,
2025-06-27,07:30,23.2,21.7,92.0,WNW,6.4,14.5,1020.01,0.0,0.0,0,127,,
2025-06-27,07:45,23.2,21.7,91.0,NW,4.8,19.3,1020.18,0.0,0.0,0,127,,
2025-06-27,08:00,23.4,21.7,91.0,WEST,17.7,22.5,1020.35,0.0,0.0,1,287,,
2025-06-27,08:15,23.7,21.7,89.0,WNW,8.0,22.5,1020.12,0.0,0.0,1,325,,
2025-06-27,08:30,23.9,21.7,87.0,NW,17.7,25.7,1020.29,0.0,0.0,1,371,,
2025-06-27,08:45,24.3,21.7,85.0,NW,8.0,19.3,1020.32,0.0,0.0,2,394,,
2025-06-27,09:00,25.1,21.7,81.0,WEST,17.7,20.9,1020.25,0.0,0.0,2,399,,
2025-06-27,09:15,25.6,21.7,80.0,WNW,9.7,20.9,1020.32,0.0,0.0,2,411,,
2025-06-27,09:30,26.2,22.2,79.0,NORTH,0.0,22.5,1020.35,0.0,0.0,3,459,,
2025-06-27,09:45,26.3,22.2,78.0,WEST,9.7,24.1,1020.29,0.0,0.0,3,552,,
2025-06-27,10:00,26.9,22.2,75.0,NNW,8.0,24.1,1020.29,0.0,0.0,3,645,,
2025-06-27,10:15,27.4,22.2,73.0,WEST,17.7,22.5,1020.32,0.0,0.0,4,689,,
2025-06-27,10:30,28.0,21.7,69.0,WEST,6.4,20.9,1020.35,0.0,0.0,4,724,,
2025-06-27,10:45,28.3,21.7,68.0,WEST,14.5,24.1,1020.32,0.0,0.0,5,761,,
2025-06-27,11:00,28.8,21.7,66.0,WSW,8.0,25.7,1020.42,0.0,0.0,5,796,,
2025-06-27,11:15,29.1,22.2,67.0,WNW,16.1,25.7,1020.35,0.0,0.0,5,821,,
2025-06-27,11:30,29.1,21.7,65.0,WNW,16.1,32.2,1020.66,0.0,0.0,6,847,,
2025-06-27,11:45,29.3,22.2,65.0,WNW,17.7,29.0,1020.59,0.0,0.0,6,872,,
2025-06-27,12:00,29.5,22.2,66.0,NNE,27.4,30.6,1020.66,0.0,0.0,6,895,,
2025-06-27,12:15,29.3,22.2,66.0,ENE,16.1,33.8,1020.73,0.0,0.0,7,911,,
2025-06-27,12:30,29.3,22.2,66.0,WNW,24.1,30.6,1020.69,0.0,0.0,7,921,,
2025-06-27,12:45,29.6,22.2,64.0,WEST,24.1,38.6,1020.96,0.0,0.0,7,933,,
2025-06-27,13:00,29.6,21.7,64.0,WSW,12.9,38.6,1020.89,0.0,0.0,7,928,,
2025-06-27,13:15,30.3,22.2,63.0,WEST,19.3,38.6,1021,0.0,0.0,7,933,,
2025-06-27,13:30,30.1,21.7,62.0,ENE,22.5,35.4,1020.76,0.0,0.0,7,930,,
2025-06-27,13:45,29.9,21.1,60.0,WEST,32.2,38.6,1020.66,0.0,0.0,7,933,,
2025-06-27,14:00,30.6,20.6,56.0,WNW,37.0,41.8,1020.56,0.0,0.0,7,925,,
2025-06-27,14:15,30.4,20.6,56.0,WEST,22.5,48.3,1020.59,0.0,0.0,7,919,,
2025-06-27,14:30,30.8,20.6,56.0,NW,30.6,43.5,1020.69,0.0,0.0,7,900,,
2025-06-27,14:45,30.3,20.6,57.0,WEST,37.0,46.7,1020.79,0.0,0.0,6,884,,
2025-06-27,15:00,30.5,20.6,56.0,NW,19.3,43.5,1020.69,0.0,0.0,6,861,,
2025-06-27,15:15,30.7,20.0,53.0,WNW,19.3,46.7,1020.42,0.0,0.0,6,837,,
2025-06-27,15:30,30.6,20.6,56.0,WNW,24.1,46.7,1020.39,0.0,0.0,5,810,,
2025-06-27,15:45,30.6,21.1,57.0,WNW,24.1,43.5,1020.29,0.0,0.0,5,777,,
2025-06-27,16:00,30.3,22.2,61.0,WNW,22.5,46.7,1020.39,0.0,0.0,5,744,,
2025-06-27,16:15,30.0,22.2,63.0,NW,19.3,45.1,1020.45,0.0,0.0,4,707,,
2025-06-27,16:30,29.6,22.2,66.0,WNW,16.1,49.9,1020.39,0.0,0.0,4,671,,
2025-06-27,16:45,29.3,22.8,68.0,WNW,20.9,49.9,1020.32,0.0,0.0,3,631,,
2025-06-27,17:00,29.2,22.8,68.0,WNW,24.1,49.9,1020.25,0.0,0.0,3,592,,
2025-06-27,17:15,28.9,22.2,67.0,WNW,19.3,46.7,1020.18,0.0,0.0,2,545,,
2025-06-27,17:30,29.0,20.0,60.0,WEST,19.3,48.3,1020.22,0.0,0.0,2,501,,
2025-06-27,17:45,29.2,20.0,58.0,NW,24.1,46.7,1020.22,0.0,0.0,2,454,,
2025-06-27,18:00,28.9,20.0,58.0,WNW,22.5,45.1,1020.32,0.0,0.0,2,404,,
2025-06-27,18:15,28.5,20.6,62.0,WNW,19.3,35.4,1020.42,0.0,0.0,1,360,,
2025-06-27,18:30,28.1,21.1,66.0,ENE,22.5,37.0,1020.18,0.0,0.0,1,311,,
2025-06-27,18:45,27.5,21.1,69.0,WNW,19.3,37.0,1020.32,0.0,0.0,1,269,,
2025-06-27,19:00,27.0,21.7,73.0,WNW,19.3,41.8,1020.32,0.0,0.0,1,223,,
2025-06-27,19:15,26.7,21.7,74.0,WNW,14.5,33.8,1020.59,0.0,0.0,0,174,,
2025-06-27,19:30,26.2,21.1,75.0,WEST,30.6,41.8,1020.56,0.0,0.0,0,123,,
2025-06-27,19:45,25.9,21.1,76.0,WEST,19.3,29.0,1020.49,0.0,0.0,0,84,,
2025-06-27,20:00,25.5,21.1,78.0,WEST,27.4,38.6,1020.42,0.0,0.0,0,54,,
2025-06-27,20:15,24.9,21.1,80.0,WNW,25.7,40.2,1020.69,0.0,0.0,0,30,,
2025-06-27,20:30,24.5,21.1,82.0,WNW,16.1,32.2,1020.66,0.0,0.0,0,19,,
2025-06-27,20:45,24.2,21.1,84.0,WEST,14.5,38.6,1020.73,0.0,0.0,0,11,,
2025-06-27,21:00,23.8,21.1,85.0,WNW,12.9,27.4,1021.06,0.0,0.0,0,0,,
2025-06-27,21:15,23.4,20.6,86.0,WEST,12.9,27.4,1021.1,0.0,0.0,0,0,,
2025-06-27,21:30,23.1,20.6,86.0,WEST,14.5,33.8,1021.23,0.0,0.0,0,0,,
2025-06-27,21:45,22.9,20.6,87.0,NE,16.1,27.4,1021.57,0.0,0.0,0,0,,
2025-06-27,22:00,22.8,20.6,87.0,WNW,16.1,29.0,1021.74,0.0,0.0,0,0,,
2025-06-27,22:15,22.7,20.6,88.0,WNW,16.1,32.2,1021.67,0.0,0.0,0,0,,
2025-06-27,22:30,22.4,20.0,88.0,WNW,24.1,33.8,1021.67,0.0,0.0,0,0,,
2025-06-27,22:45,22.3,20.0,89.0,NW,19.3,32.2,1021.64,0.0,0.0,0,0,,
2025-06-27,23:00,22.3,20.0,89.0,NW,4.8,24.1,1021.74,0.0,0.0,0,0,,
2025-06-27,23:15,22.2,20.0,90.0,WNW,16.1,22.5,1021.71,0.0,0.0,0,0,,
2025-06-27,23:30,22.1,20.0,90.0,NW,4.8,19.3,1021.78,0.0,0.0,0,0,,
2025-06-27,23:45,21.9,20.0,90.0,WEST,17.7,20.9,1021.67,0.0,0.0,0,0,,
2025-06-28,00:00,21.8,20.0,91.0,WNW,4.8,20.9,1021.67,0.0,0.0,0,0,,
2025-06-28,00:15,21.9,20.0,91.0,WNW,12.9,25.7,1021.71,0.0,0.0,0,0,,
2025-06-28,00:30,21.8,20.0,91.0,WNW,16.1,27.4,1021.78,0.0,0.0,0,0,,
2025-06-28,00:45,21.8,20.0,91.0,WNW,12.9,20.9,1021.74,0.0,0.0,0,0,,
2025-06-28,01:00,21.8,20.0,91.0,WNW,8.0,22.5,1021.61,0.0,0.0,0,0,,
2025-06-28,01:15,21.7,20.0,91.0,WNW,8.0,20.9,1021.57,0.0,0.0,0,0,,
2025-06-28,01:30,21.7,20.0,91.0,NW,8.0,19.3,1021.54,0.0,0.0,0,0,,
2025-06-28,01:45,21.6,20.0,91.0,NW,8.0,17.7,1021.64,0.0,0.0,0,0,,
2025-06-28,02:00,21.6,20.0,91.0,WNW,11.3,20.9,1021.4,0.0,0.0,0,0,,
2025-06-28,02:15,21.6,20.0,91.0,NW,12.9,16.1,1021.37,0.0,0.0,0,0,,
2025-06-28,02:30,21.5,20.0,91.0,WNW,3.2,16.1,1021.3,0.0,0.0,0,0,,
2025-06-28,02:45,21.3,19.4,91.0,NNW,12.9,16.1,1021.47,0.0,0.0,0,0,,
2025-06-28,03:00,21.1,19.4,91.0,NW,6.4,16.1,1021.4,0.0,0.0,0,0,,
2025-06-28,03:15,21.1,19.4,91.0,NW,12.9,20.9,1021.54,0.0,0.0,0,0,,
2025-06-28,03:30,21.1,19.4,91.0,NW,8.0,22.5,1021.37,0.0,0.0,0,0,,
2025-06-28,03:45,21.1,19.4,91.0,NW,6.4,14.5,1021.23,0.0,0.0,0,0,,
2025-06-28,04:00,21.2,19.4,91.0,NW,14.5,14.5,1021.23,0.0,0.0,0,0,,
2025-06-28,04:15,21.1,19.4,91.0,NW,8.0,19.3,1021.13,0.0,0.0,0,0,,
2025-06-28,04:30,21.0,19.4,91.0,WNW,11.3,17.7,1021,0.0,0.0,0,0,,
2025-06-28,04:45,20.9,19.4,91.0,WNW,3.2,16.1,1021,0.0,0.0,0,0,,
2025-06-28,05:00,20.8,18.9,91.0,NW,4.8,14.5,1021.13,0.0,0.0,0,0,,
2025-06-28,05:15,20.6,18.9,91.0,NNW,6.4,14.5,1021.23,0.0,0.0,0,0,,
2025-06-28,05:30,20.3,18.9,91.0,NORTH,0.0,6.4,1021.13,0.0,0.0,0,0,,
2025-06-28,05:45,20.3,18.9,91.0,NW,1.6,4.8,1021.23,0.0,0.0,0,0,,
2025-06-28,06:00,20.4,18.9,91.0,NW,3.2,6.4,1021.13,0.0,0.0,0,0,,
2025-06-28,06:15,20.2,18.9,91.0,NW,1.6,6.4,1021.13,0.0,0.0,0,12,,
2025-06-28,06:30,20.1,18.3,91.0,NW,1.6,4.8,1021.13,0.0,0.0,0,26,,
2025-06-28,06:45,20.1,18.3,92.0,NNW,6.4,6.4,1021.2,0.0,0.0,0,53,,
2025-06-28,07:00,20.1,18.3,92.0,NORTH,0.0,4.8,1021.2,0.0,0.0,0,90,,
2025-06-28,07:15,20.2,18.9,92.0,NNW,8.0,8.0,1021.1,0.0,0.0,0,130,,
2025-06-28,07:30,20.6,18.9,92.0,NNW,8.0,9.7,1021.37,0.0,0.0,0,105,,
2025-06-28,07:45,20.7,18.9,92.0,NW,3.2,9.7,1021.33,0.0,0.0,1,213,,
2025-06-28,08:00,20.9,19.4,91.0,NNW,3.2,12.9,1021.54,0.0,0.0,1,276,,
2025-06-28,08:15,21.3,19.4,91.0,NNW,8.0,12.9,1021.54,0.0,0.0,1,327,,
2025-06-28,08:30,21.7,20.0,90.0,NNW,6.4,12.9,1021.57,0.0,0.0,1,367,,
2025-06-28,08:45,22.3,20.0,87.0,NNW,6.4,8.0,1021.61,0.0,0.0,2,390,,
2025-06-28,09:00,22.8,20.0,84.0,NW,6.4,8.0,1021.5,0.0,0.0,2,394,,
2025-06-28,09:15,23.5,19.4,79.0,NW,12.9,12.9,1021.67,0.0,0.0,2,408,,
2025-06-28,09:30,24.4,19.4,74.0,NW,9.7,16.1,1021.64,0.0,0.0,3,457,,
2025-06-28,09:45,25.0,19.4,73.0,NW,1.6,12.9,1021.61,0.0,0.0,3,552,,
2025-06-28,10:00,25.9,19.4,69.0,NW,3.2,8.0,1021.57,0.0,0.0,4,638,,
2025-06-28,10:15,26.9,20.0,66.0,NW,4.8,12.9,1021.54,0.0,0.0,4,687,,
2025-06-28,10:30,27.7,20.0,63.0,NW,11.3,11.3,1021.71,0.0,0.0,4,728,,
2025-06-28,10:45,28.2,20.0,61.0,NORTH,0.0,12.9,1021.61,0.0,0.0,5,759,,
2025-06-28,11:00,29.1,19.4,57.0,WNW,4.8,14.5,1021.61,0.0,0.0,5,793,,
2025-06-28,11:15,29.8,19.4,55.0,WEST,6.4,14.5,1021.67,0.0,0.0,6,823,,
2025-06-28,11:30,29.8,19.4,55.0,WEST,1.6,11.3,1021.67,0.0,0.0,6,849,,
2025-06-28,11:45,30.4,20.0,54.0,NE,14.5,17.7,1021.64,0.0,0.0,7,872,,
2025-06-28,12:00,31.1,20.0,52.0,WNW,4.8,16.1,1021.64,0.0,0.0,7,893,,
2025-06-28,12:15,31.6,17.8,44.0,WSW,6.4,12.9,1021.54,0.0,0.0,7,912,,
2025-06-28,12:30,32.3,18.9,45.0,SW,1.6,19.3,1021.57,0.0,0.0,7,925,,
2025-06-28,12:45,32.3,19.4,46.0,NNW,17.7,22.5,1021.27,0.0,0.0,8,928,,
2025-06-28,13:00,32.4,19.4,47.0,WEST,17.7,22.5,1021.33,0.0,0.0,8,932,,
2025-06-28,13:15,31.7,20.0,50.0,NE,3.2,24.1,1021.37,0.0,0.0,8,937,,
2025-06-28,13:30,31.3,20.0,52.0,WEST,17.7,27.4,1021.06,0.0,0.0,8,926,,
2025-06-28,13:45,31.8,20.6,51.0,WNW,16.1,24.1,1021.2,0.0,0.0,8,926,,
2025-06-28,14:00,31.9,20.0,50.0,WNW,4.8,24.1,1021,0.0,0.0,8,921,,
2025-06-28,14:15,31.8,20.6,53.0,WEST,9.7,30.6,1020.96,0.0,0.0,7,912,,
2025-06-28,14:30,31.4,20.6,52.0,WNW,17.7,30.6,1021,0.0,0.0,7,893,,
2025-06-28,14:45,31.7,20.0,50.0,WEST,17.7,27.4,1021.03,0.0,0.0,7,881,,
2025-06-28,15:00,31.3,19.4,50.0,WEST,19.3,32.2,1020.69,0.0,0.0,7,856,,
2025-06-28,15:15,31.5,20.0,51.0,WNW,14.5,30.6,1020.79,0.0,0.0,6,826,,
2025-06-28,15:30,31.2,20.6,53.0,WEST,17.7,29.0,1020.73,0.0,0.0,6,795,,
2025-06-28,15:45,31.0,20.0,52.0,NW,19.3,35.4,1020.76,0.0,0.0,5,759,,
2025-06-28,16:00,30.8,18.9,49.0,WNW,17.7,35.4,1020.79,0.0,0.0,5,733,,
2025-06-28,16:15,30.6,18.3,48.0,WNW,22.5,41.8,1020.73,0.0,0.0,4,700,,
2025-06-28,16:30,30.3,18.9,51.0,WNW,22.5,37.0,1020.73,0.0,0.0,4,659,,
2025-06-28,16:45,30.3,19.4,53.0,WNW,24.1,33.8,1020.66,0.0,0.0,4,624,,
2025-06-28,17:00,29.8,20.0,56.0,WNW,12.9,37.0,1020.66,0.0,0.0,3,575,,
2025-06-28,17:15,30.1,20.0,55.0,WNW,25.7,38.6,1020.62,0.0,0.0,3,540,,
2025-06-28,17:30,29.9,19.4,54.0,WNW,17.7,35.4,1020.62,0.0,0.0,2,499,,
2025-06-28,17:45,29.7,19.4,55.0,ENE,22.5,29.0,1020.69,0.0,0.0,2,443,,
2025-06-28,18:00,29.1,20.0,59.0,WNW,17.7,35.4,1020.56,0.0,0.0,2,397,,
2025-06-28,18:15,28.6,20.6,63.0,WNW,14.5,30.6,1020.59,0.0,0.0,1,353,,
2025-06-28,18:30,28.1,21.1,66.0,WEST,16.1,33.8,1020.59,0.0,0.0,1,301,,
2025-06-28,18:45,27.8,21.1,67.0,WNW,14.5,38.6,1020.52,0.0,0.0,1,258,,
2025-06-28,19:00,27.6,21.7,72.0,WNW,19.3,27.4,1020.42,0.0,0.0,1,209,,
2025-06-28,19:15,27.1,21.7,74.0,WNW,14.5,30.6,1020.56,0.0,0.0,0,165,,
2025-06-28,19:30,26.8,22.2,76.0,WEST,12.9,29.0,1020.56,0.0,0.0,0,118,,
2025-06-28,19:45,26.4,22.2,78.0,WEST,24.1,33.8,1020.56,0.0,0.0,0,81,,
2025-06-28,20:00,26.1,21.7,78.0,ENE,20.9,30.6,1020.89,0.0,0.0,0,49,,
2025-06-28,20:15,25.7,21.7,79.0,WEST,12.9,27.4,1020.73,0.0,0.0,0,26,,
2025-06-28,20:30,25.4,21.7,80.0,WEST,17.7,27.4,1020.86,0.0,0.0,0,16,,
2025-06-28,20:45,25.3,21.7,80.0,WNW,12.9,20.9,1020.93,0.0,0.0,0,7,,
2025-06-28,21:00,25.1,21.1,80.0,WNW,6.4,19.3,1020.76,0.0,0.0,0,0,,
2025-06-28,21:15,24.9,21.1,81.0,WEST,6.4,17.7,1021,0.0,0.0,0,0,,
2025-06-28,21:30,24.7,21.1,82.0,WEST,6.4,16.1,1021,0.0,0.0,0,0,,
2025-06-28,21:45,24.8,21.7,83.0,NORTH,0.0,14.5,1021.06,0.0,0.0,0,0,,
2025-06-28,22:00,24.8,21.7,83.0,WNW,3.2,9.7,1021.27,0.0,0.0,0,0,,
2025-06-28,22:15,24.7,21.7,84.0,NORTH,0.0,4.8,1021.3,0.0,0.0,0,0,,
2025-06-28,22:30,24.6,21.7,85.0,NORTH,0.0,1.6,1021.5,0.0,0.0,0,0,,
2025-06-28,22:45,24.4,21.7,85.0,NORTH,0.0,1.6,1021.61,0.0,0.0,0,0,,
2025-06-28,23:00,24.2,21.1,85.0,NORTH,0.0,1.6,1021.64,0.0,0.0,0,0,,
2025-06-28,23:15,24.0,21.1,85.0,NORTH,0.0,1.6,1021.64,0.0,0.0,0,0,,
2025-06-28,23:30,23.9,21.1,86.0,NORTH,0.0,1.6,1021.64,0.0,0.0,0,0,,
2025-06-28,23:45,23.7,21.1,87.0,NORTH,0.0,4.8,1021.67,0.0,0.0,0,0,,
2025-06-29,00:00,23.6,21.1,87.0,NE,1.6,6.4,1021.71,0.0,0.0,0,0,,
2025-06-29,00:15,23.4,21.1,87.0,NORTH,0.0,1.6,1021.64,0.0,0.0,0,0,,
2025-06-29,00:30,23.3,21.1,87.0,NORTH,0.0,4.8,1021.54,0.0,0.0,0,0,,
2025-06-29,00:45,23.2,21.1,88.0,ENE,1.6,3.2,1021.44,0.0,0.0,0,0,,
2025-06-29,01:00,23.3,21.1,88.0,NE,4.8,6.4,1021.33,0.0,0.0,0,0,,
2025-06-29,01:15,23.4,21.1,87.0,NORTH,0.0,4.8,1021.2,0.0,0.0,0,0,,
2025-06-29,01:30,23.4,21.1,87.0,NORTH,0.0,3.2,1021.33,0.0,0.0,0,0,,
2025-06-29,01:45,23.3,20.6,86.0,NORTH,0.0,3.2,1021.27,0.0,0.0,0,0,,
2025-06-29,02:00,23.1,20.6,86.0,NE,1.6,1.6,1021.5,0.0,0.0,0,0,,
2025-06-29,02:15,22.8,20.6,87.0,NE,3.2,4.8,1021.3,0.0,0.0,0,0,,
2025-06-29,02:30,22.7,20.6,88.0,NE,1.6,4.8,1021.23,0.0,0.0,0,0,,
2025-06-29,02:45,22.6,20.0,88.0,NORTH,0.0,3.2,1021,0.0,0.0,0,0,,
2025-06-29,03:00,22.6,20.0,88.0,NORTH,0.0,1.6,1021.03,0.0,0.0,0,0,,
2025-06-29,03:15,22.6,20.6,88.0,NORTH,0.0,1.6,1020.79,0.0,0.0,0,0,,
2025-06-29,03:30,22.6,20.0,88.0,NORTH,0.0,3.2,1020.62,0.0,0.0,0,0,,
2025-06-29,03:45,22.5,20.0,88.0,NE,1.6,3.2,1020.56,0.0,0.0,0,0,,
2025-06-29,04:00,22.6,20.0,87.0,NORTH,0.0,6.4,1020.59,0.0,0.0,0,0,,
2025-06-29,04:15,22.4,20.0,87.0,NORTH,0.0,0.0,1020.45,0.0,0.0,0,0,,
2025-06-29,04:30,21.8,18.9,84.0,ENE,1.6,4.8,1020.39,0.0,0.0,0,0,,
2025-06-29,04:45,22.2,17.8,77.0,NORTH,0.0,6.4,1020.22,0.0,0.0,0,0,,
2025-06-29,05:00,22.6,17.8,76.0,EAST,3.2,4.8,1020.12,0.0,0.0,0,0,,
2025-06-29,05:15,22.8,18.3,76.0,ESE,1.6,4.8,1020.22,0.0,0.0,0,0,,
2025-06-29,05:30,22.6,17.2,73.0,ESE,4.8,6.4,1020.39,0.0,0.0,0,0,,
2025-06-29,05:45,23.3,17.8,71.0,ESE,3.2,6.4,1020.39,0.0,0.0,0,0,,
2025-06-29,06:00,23.6,18.3,73.0,ESE,3.2,4.8,1020.32,0.0,0.0,0,0,,
2025-06-29,06:15,23.3,18.3,73.0,NORTH,0.0,4.8,1020.29,0.0,0.0,0,11,,
2025-06-29,06:30,23.2,18.3,76.0,NORTH,0.0,3.2,1020.42,0.0,0.0,0,25,,
2025-06-29,06:45,23.4,18.9,77.0,NORTH,0.0,3.2,1020.35,0.0,0.0,0,54,,
2025-06-29,07:00,23.8,19.4,77.0,NORTH,0.0,1.6,1020.25,0.0,0.0,0,97,,
2025-06-29,07:15,24.3,19.4,74.0,NORTH,0.0,1.6,1020.08,0.0,0.0,0,142,,
2025-06-29,07:30,24.9,18.9,71.0,NORTH,0.0,3.2,1020.22,0.0,0.0,0,165,,
2025-06-29,07:45,25.6,18.9,66.0,NORTH,0.0,3.2,1020.22,0.0,0.0,1,225,,
2025-06-29,08:00,26.4,19.4,65.0,NORTH,0.0,1.6,1020.29,0.0,0.0,1,287,,
2025-06-29,08:15,26.8,19.4,64.0,ESE,1.6,3.2,1020.42,0.0,0.0,1,332,,
2025-06-29,08:30,27.4,19.4,63.0,EAST,3.2,4.8,1020.25,0.0,0.0,1,373,,
2025-06-29,08:45,28.0,19.4,61.0,,1.6,6.4,1020.29,0.0,0.0,2,388,,
2025-06-29,09:00,28.8,19.4,58.0,NW,6.4,9.7,1020.29,0.0,0.0,2,390,,
2025-06-29,09:15,29.2,19.4,56.0,NW,6.4,14.5,1020.42,0.0,0.0,2,404,,
2025-06-29,09:30,29.7,18.9,52.0,NW,6.4,14.5,1020.39,0.0,0.0,3,457,,
2025-06-29,09:45,29.9,19.4,55.0,WNW,14.5,17.7,1020.29,0.0,0.0,3,555,,
2025-06-29,10:00,30.3,19.4,53.0,NNW,3.2,12.9,1020.32,0.0,0.0,4,638,,
2025-06-29,10:15,30.9,18.3,47.0,NNW,12.9,16.1,1020.18,0.0,0.0,4,687,,
2025-06-29,10:30,31.2,19.4,49.0,NW,4.8,20.9,1019.91,0.0,0.0,5,726,,
2025-06-29,10:45,31.3,20.6,53.0,NW,8.0,20.9,1019.98,0.0,0.0,5,761,,
2025-06-29,11:00,32.1,20.0,49.0,WNW,1.6,16.1,1020.01,0.0,0.0,5,791,,
2025-06-29,11:15,32.8,17.8,41.0,WEST,11.3,25.7,1019.88,0.0,0.0,6,824,,
2025-06-29,11:30,33.1,20.6,48.0,NW,9.7,29.0,1019.88,0.0,0.0,6,844,,
2025-06-29,11:45,33.0,20.0,47.0,WEST,1.6,29.0,1019.98,0.0,0.0,7,872,,
2025-06-29,12:00,33.6,20.6,47.0,WEST,20.9,27.4,1019.74,0.0,0.0,7,886,,
2025-06-29,12:15,33.9,18.9,41.0,WEST,14.5,29.0,1019.68,0.0,0.0,7,907,,
2025-06-29,12:30,33.9,19.4,42.0,WNW,12.9,30.6,1019.68,0.0,0.0,7,921,,
2025-06-29,12:45,34.0,19.4,43.0,WNW,16.1,32.2,1019.68,0.0,0.0,8,930,,
2025-06-29,13:00,33.4,19.4,44.0,WEST,17.7,33.8,1019.81,0.0,0.0,8,935,,
2025-06-29,13:15,33.2,20.6,48.0,WNW,27.4,33.8,1019.68,0.0,0.0,8,937,,
2025-06-29,13:30,33.5,18.9,43.0,WNW,16.1,35.4,1019.3,0.0,0.0,8,946,,
2025-06-29,13:45,33.9,17.8,39.0,WNW,20.9,46.7,1019.4,0.0,0.0,8,933,,
2025-06-29,14:00,33.9,17.8,38.0,NW,32.2,40.2,1019.3,0.0,0.0,8,930,,
2025-06-29,14:15,34.2,16.7,36.0,WNW,25.7,38.6,1019.27,0.0,0.0,8,921,,
2025-06-29,14:30,33.8,17.2,37.0,WNW,27.4,45.1,1019.2,0.0,0.0,7,912,,
2025-06-29,14:45,33.6,17.2,38.0,WNW,33.8,49.9,1019.1,0.0,0.0,7,888,,
2025-06-29,15:00,33.7,18.3,40.0,WNW,33.8,40.2,1018.9,0.0,0.0,7,863,,
2025-06-29,15:15,33.5,18.3,42.0,WEST,35.4,41.8,1018.73,0.0,0.0,6,844,,
2025-06-29,15:30,33.6,18.3,40.0,WNW,14.5,46.7,1018.76,0.0,0.0,6,816,,
2025-06-29,15:45,33.3,17.8,40.0,WEST,27.4,48.3,1018.76,0.0,0.0,5,789,,
2025-06-29,16:00,33.7,17.8,40.0,NW,16.1,38.6,1018.46,0.0,0.0,5,754,,
2025-06-29,16:15,33.1,18.3,42.0,WNW,20.9,43.5,1018.59,0.0,0.0,5,719,,
2025-06-29,16:30,33.2,18.3,42.0,NE,22.5,46.7,1018.46,0.0,0.0,4,677,,
2025-06-29,16:45,32.9,18.3,42.0,WEST,16.1,43.5,1018.59,0.0,0.0,4,640,,
2025-06-29,17:00,33.1,18.3,42.0,WEST,22.5,32.2,1018.42,0.0,0.0,3,598,,
2025-06-29,17:15,33.1,18.9,43.0,WNW,14.5,37.0,1018.39,0.0,0.0,3,554,,
2025-06-29,17:30,32.7,18.9,44.0,WNW,16.1,29.0,1018.49,0.0,0.0,2,513,,
2025-06-29,17:45,32.7,20.0,47.0,SW,3.2,24.1,1018.46,0.0,0.0,2,464,,
2025-06-29,18:00,32.6,18.9,45.0,WSW,4.8,16.1,1018.32,0.0,0.0,2,417,,
2025-06-29,18:15,32.7,18.3,43.0,NE,11.3,29.0,1018.22,0.0,0.0,1,371,,
2025-06-29,18:30,33.3,17.2,39.0,SOUTH,3.2,12.9,1018.25,0.0,0.0,1,323,,
2025-06-29,18:45,31.7,18.3,46.0,SE,16.1,35.4,1018.35,0.0,0.0,1,272,,
2025-06-29,19:00,30.9,18.3,48.0,SE,17.7,32.2,1018.12,0.0,0.0,1,227,,
2025-06-29,19:15,30.3,17.8,48.0,SE,25.7,32.2,1017.95,0.0,0.0,0,181,,
2025-06-29,19:30,30.1,18.9,51.0,SSE,17.7,32.2,1017.95,0.0,0.0,0,130,,
2025-06-29,19:45,29.7,18.9,52.0,SE,8.0,37.0,1018.05,0.0,0.0,0,86,,
2025-06-29,20:00,29.3,17.8,51.0,SE,22.5,30.6,1018.29,0.0,0.0,0,51,,
2025-06-29,20:15,29.0,18.3,53.0,SE,16.1,32.2,1018.19,0.0,0.0,0,23,,
2025-06-29,20:30,28.5,18.3,54.0,SE,16.1,33.8,1018.12,0.0,0.0,0,14,,
2025-06-29,20:45,27.9,18.3,57.0,SE,24.1,35.4,1018.12,0.0,0.0,0,9,,
2025-06-29,21:00,27.6,18.3,57.0,ESE,12.9,32.2,1018.29,0.0,0.0,0,0,,
2025-06-29,21:15,27.4,18.3,59.0,SE,27.4,25.7,1018.39,0.0,0.0,0,0,,
2025-06-29,21:30,27.1,18.3,60.0,SE,20.9,32.2,1018.46,0.0,0.0,0,0,,
2025-06-29,21:45,26.8,18.9,61.0,ESE,12.9,32.2,1018.76,0.0,0.0,0,0,,
2025-06-29,22:00,26.6,18.9,62.0,ESE,6.4,19.3,1018.93,0.0,0.0,0,0,,
2025-06-29,22:15,26.7,18.3,62.0,SE,8.0,29.0,1019.07,0.0,0.0,0,0,,
2025-06-29,22:30,26.6,18.3,61.0,SE,6.4,20.9,1019.13,0.0,0.0,0,0,,
2025-06-29,22:45,26.6,18.3,61.0,SE,16.1,22.5,1019.2,0.0,0.0,0,0,,
2025-06-29,23:00,26.7,17.8,59.0,ESE,12.9,22.5,1019.1,0.0,0.0,0,0,,
2025-06-29,23:15,26.6,18.3,61.0,SE,22.5,30.6,1019.03,0.0,0.0,0,0,,
2025-06-29,23:30,26.4,18.9,63.0,SE,14.5,24.1,1019.07,0.0,0.0,0,0,,
2025-06-29,23:45,26.2,17.8,61.0,ESE,17.7,24.1,1019.13,0.0,0.0,0,0,,
2025-06-30,00:00,26.1,17.8,61.0,SE,12.9,22.5,1019.07,0.0,0.0,0,0,,
2025-06-30,00:15,25.9,18.3,63.0,SE,16.1,24.1,1018.96,0.0,0.0,0,0,,
2025-06-30,00:30,25.8,18.3,64.0,SE,16.1,22.5,1018.93,0.0,0.0,0,0,,
2025-06-30,00:45,25.6,18.9,66.0,SE,11.3,22.5,1019.13,0.0,0.0,0,0,,
2025-06-30,01:00,25.4,18.9,69.0,SSE,14.5,24.1,1018.96,0.0,0.0,0,0,,
2025-06-30,01:15,25.3,19.4,71.0,SE,11.3,22.5,1018.96,0.0,0.0,0,0,,
2025-06-30,01:30,24.9,19.4,72.0,SE,11.3,17.7,1018.96,0.0,0.0,0,0,,
2025-06-30,01:45,24.8,18.9,72.0,ESE,4.8,16.1,1018.96,0.0,0.0,0,0,,
2025-06-30,02:00,24.7,18.9,71.0,ESE,6.4,12.9,1018.93,0.0,0.0,0,0,,
2025-06-30,02:15,24.3,18.3,70.0,ESE,3.2,4.8,1018.93,0.0,0.0,0,0,,
2025-06-30,02:30,24.1,18.3,70.0,NORTH,0.0,1.6,1018.76,0.0,0.0,0,0,,
2025-06-30,02:45,24.2,18.3,71.0,NORTH,0.0,1.6,1018.56,0.0,0.0,0,0,,
2025-06-30,03:00,24.1,18.3,72.0,ESE,1.6,3.2,1018.56,0.0,0.0,0,0,,
2025-06-30,03:15,23.8,18.3,72.0,ESE,1.6,4.8,1018.52,0.0,0.0,0,0,,
2025-06-30,03:30,23.5,18.3,74.0,ESE,3.2,4.8,1018.42,0.0,0.0,0,0,,
2025-06-30,03:45,23.3,18.3,75.0,ESE,1.6,3.2,1018.39,0.0,0.0,0,0,,
2025-06-30,04:00,22.7,17.8,75.0,ESE,4.8,6.4,1018.22,0.0,0.0,0,0,,
2025-06-30,04:15,22.8,17.8,75.0,ESE,4.8,6.4,1018.22,0.0,0.0,0,0,,
2025-06-30,04:30,22.9,17.8,74.0,ESE,3.2,6.4,1018.22,0.0,0.0,0,0,,
2025-06-30,04:45,23.0,17.8,72.0,ESE,1.6,6.4,1018.19,0.0,0.0,0,0,,
2025-06-30,05:00,22.9,17.2,71.0,ESE,3.2,6.4,1018.35,0.0,0.0,0,0,,
2025-06-30,05:15,22.7,17.2,73.0,SE,6.4,8.0,1018.29,0.0,0.0,0,0,,
2025-06-30,05:30,22.7,17.8,74.0,NORTH,0.0,6.4,1018.29,0.0,0.0,0,0,,
2025-06-30,05:45,22.3,17.2,74.0,SE,1.6,4.8,1018.22,0.0,0.0,0,0,,
2025-06-30,06:00,21.9,16.7,74.0,SE,4.8,6.4,1018.29,0.0,0.0,0,0,,
2025-06-30,06:15,22.3,17.2,74.0,NORTH,0.0,6.4,1018.15,0.0,0.0,0,11,,
2025-06-30,06:30,22.8,18.3,76.0,SE,6.4,8.0,1018.19,0.0,0.0,0,23,,
2025-06-30,06:45,23.3,18.3,76.0,SE,3.2,8.0,1018.22,0.0,0.0,0,56,,
2025-06-30,07:00,23.7,18.3,73.0,ESE,3.2,6.4,1018.19,0.0,0.0,0,97,,
2025-06-30,07:15,23.9,18.3,71.0,NORTH,0.0,6.4,1018.29,0.0,0.0,0,148,,
2025-06-30,07:30,24.5,18.3,69.0,NORTH,0.0,4.8,1018.52,0.0,0.0,0,169,,
2025-06-30,07:45,24.9,18.3,67.0,NORTH,0.0,4.8,1018.76,0.0,0.0,1,232,,
2025-06-30,08:00,25.6,18.9,66.0,NORTH,0.0,1.6,1018.63,0.0,0.0,1,295,,
2025-06-30,08:15,26.7,18.3,61.0,SE,3.2,14.5,1018.59,0.0,0.0,1,343,,
2025-06-30,08:30,27.3,18.9,61.0,NORTH,0.0,9.7,1018.73,0.0,0.0,1,387,,
2025-06-30,08:45,26.7,18.3,61.0,SSE,4.8,11.3,1018.76,0.0,0.0,2,408,,
2025-06-30,09:00,27.1,18.3,60.0,SSE,3.2,12.9,1018.76,0.0,0.0,2,413,,
2025-06-30,09:15,28.2,17.2,51.0,SSE,6.4,9.7,1018.59,0.0,0.0,2,413,,
2025-06-30,09:30,28.5,16.1,47.0,ESE,6.4,19.3,1018.66,0.0,0.0,3,462,,
2025-06-30,09:45,28.4,15.6,45.0,SE,11.3,17.7,1018.52,0.0,0.0,3,561,,
2025-06-30,10:00,28.8,15.6,46.0,SE,6.4,24.1,1018.73,0.0,0.0,4,652,,
2025-06-30,10:15,29.0,16.1,45.0,SE,16.1,22.5,1018.66,0.0,0.0,4,707,,
2025-06-30,10:30,29.1,17.8,51.0,SE,20.9,22.5,1018.52,0.0,0.0,5,742,,
2025-06-30,10:45,29.8,17.2,46.0,SE,8.0,29.0,1018.86,0.0,0.0,5,779,,
2025-06-30,11:00,30.0,16.7,45.0,SSE,1.6,22.5,1018.66,0.0,0.0,6,807,,
2025-06-30,11:15,29.8,16.7,46.0,SE,1.6,22.5,1018.59,0.0,0.0,6,835,,
2025-06-30,11:30,30.9,17.8,45.0,NE,1.6,17.7,1018.49,0.0,0.0,6,863,,
2025-06-30,11:45,31.3,17.2,43.0,ESE,11.3,24.1,1018.39,0.0,0.0,7,888,,
2025-06-30,12:00,31.1,17.2,44.0,SE,20.9,24.1,1018.39,0.0,0.0,7,907,,
2025-06-30,12:15,31.2,17.8,45.0,NNW,3.2,29.0,1018.59,0.0,0.0,7,918,,
2025-06-30,12:30,31.7,17.2,42.0,SSE,17.7,25.7,1018.46,0.0,0.0,8,939,,
2025-06-30,12:45,32.1,17.2,42.0,SE,6.4,27.4,1018.42,0.0,0.0,8,942,,
2025-06-30,13:00,32.1,16.1,39.0,SE,16.1,29.0,1018.29,0.0,0.0,8,954,,
2025-06-30,13:15,32.7,15.6,36.0,SSE,8.0,25.7,1018.22,0.0,0.0,8,962,,
2025-06-30,13:30,32.9,15.6,36.0,SSE,19.3,22.5,1018.15,0.0,0.0,8,962,,
2025-06-30,13:45,33.3,15.6,35.0,SE,4.8,27.4,1018.19,0.0,0.0,8,956,,
2025-06-30,14:00,33.2,15.6,34.0,SSE,11.3,25.7,1018.12,0.0,0.0,8,946,,
2025-06-30,14:15,32.8,15.6,36.0,SSE,14.5,29.0,1018.05,0.0,0.0,8,930,,
2025-06-30,14:30,33.6,16.1,35.0,SSE,16.1,27.4,1017.68,0.0,0.0,7,916,,
2025-06-30,14:45,33.8,15.6,34.0,SE,12.9,32.2,1017.81,0.0,0.0,7,902,,
2025-06-30,15:00,34.3,14.4,31.0,SSE,19.3,29.0,1017.81,0.0,0.0,7,875,,
2025-06-30,15:15,34.2,13.9,30.0,NORTH,0.0,24.1,1017.58,0.0,0.0,6,851,,
2025-06-30,15:30,32.8,20.6,48.0,WNW,20.9,35.4,1017.68,0.0,0.0,6,814,,
2025-06-30,15:45,32.2,20.6,51.0,WNW,11.3,35.4,1017.44,0.0,0.0,6,793,,
2025-06-30,16:00,32.2,21.1,53.0,NW,12.9,37.0,1017.54,0.0,0.0,5,756,,
2025-06-30,16:15,31.7,21.1,54.0,WNW,16.1,40.2,1017.54,0.0,0.0,5,722,,
2025-06-30,16:30,30.9,20.6,55.0,WNW,30.6,38.6,1017.61,0.0,0.0,4,675,,
2025-06-30,16:45,31.2,21.1,56.0,WNW,29.0,43.5,1017.51,0.0,0.0,4,642,,
2025-06-30,17:00,30.3,20.6,57.0,WNW,19.3,46.7,1017.51,0.0,0.0,3,596,,
2025-06-30,17:15,30.3,20.6,56.0,NORTH,22.5,37.0,1017.51,0.0,0.0,3,555,,
2025-06-30,17:30,30.1,19.4,54.0,NW,32.2,41.8,1017.54,0.0,0.0,2,504,,
2025-06-30,17:45,30.1,20.6,56.0,WNW,20.9,38.6,1017.37,0.0,0.0,2,457,,
2025-06-30,18:00,29.9,20.6,58.0,WNW,11.3,35.4,1017.37,0.0,0.0,2,413,,
2025-06-30,18:15,29.4,20.6,59.0,WNW,17.7,40.2,1017.44,0.0,0.0,1,364,,
2025-06-30,18:30,29.4,20.0,58.0,WNW,14.5,38.6,1017.54,0.0,0.0,1,316,,
2025-06-30,18:45,28.9,19.4,58.0,NW,22.5,38.6,1017.75,0.0,0.0,1,269,,
2025-06-30,19:00,29.1,19.4,56.0,WNW,19.3,32.2,1017.61,0.0,0.0,1,223,,
2025-06-30,19:15,28.7,18.9,56.0,WEST,24.1,32.2,1017.68,0.0,0.0,0,176,,
2025-06-30,19:30,28.8,18.3,54.0,NW,12.9,27.4,1017.54,0.0,0.0,0,127,,
2025-06-30,19:45,28.5,18.3,54.0,WNW,16.1,32.2,1017.51,0.0,0.0,0,83,,
2025-06-30,20:00,28.3,18.3,55.0,WEST,17.7,25.7,1017.61,0.0,0.0,0,47,,
2025-06-30,20:15,28.1,17.8,54.0,WEST,11.3,24.1,1017.58,0.0,0.0,0,25,,
2025-06-30,20:30,28.0,17.8,54.0,WNW,14.5,17.7,1017.71,0.0,0.0,0,16,,
2025-06-30,20:45,27.7,17.2,53.0,WNW,6.4,17.7,1017.64,0.0,0.0,0,9,,
2025-06-30,21:00,27.6,17.2,54.0,NORTH,0.0,9.7,1017.61,0.0,0.0,0,0,,
2025-06-30,21:15,27.3,16.7,53.0,WEST,1.6,11.3,1017.61,0.0,0.0,0,0,,
2025-06-30,21:30,27.1,16.7,53.0,NORTH,0.0,6.4,1017.61,0.0,0.0,0,0,,
2025-06-30,21:45,26.9,16.7,53.0,NORTH,0.0,4.8,1017.85,0.0,0.0,0,0,,
2025-06-30,22:00,26.7,15.6,52.0,WEST,4.8,9.7,1017.98,0.0,0.0,0,0,,
2025-06-30,22:15,26.7,15.6,51.0,NORTH,0.0,8.0,1017.95,0.0,0.0,0,0,,
2025-06-30,22:30,26.3,15.6,51.0,WNW,1.6,3.2,1018.12,0.0,0.0,0,0,,
2025-06-30,22:45,26.0,15.0,51.0,NORTH,0.0,4.8,1018.12,0.0,0.0,0,0,,
2025-06-30,23:00,25.8,15.0,51.0,WNW,1.6,4.8,1018.05,0.0,0.0,0,0,,
2025-06-30,23:15,25.6,15.0,52.0,NORTH,0.0,3.2,1018.02,0.0,0.0,0,0,,
2025-06-30,23:30,25.2,15.0,53.0,WNW,1.6,1.6,1018.05,0.0,0.0,0,0,,
2025-06-30,23:45,24.9,15.0,55.0,WNW,1.6,3.2,1018.05,0.0,0.0,0,0,,
2025-06-01,OVR,,,,,,,,,,,,gustmax,41.8
2025-06-01,OVR,,,,,,,,,,,,rainrate_max,
2025-06-01,OVR,,,,,,,,,,,,rain_total_mm,
2025-06-01,OVR,,,,,,,,,,,,tmax,29.3
2025-06-01,OVR,,,,,,,,,,,,tmin,17.5
2025-06-01,OVR,,,,,,,,,,,,wind_dir_mean_deg,292.5
2025-06-02,OVR,,,,,,,,,,,,gustmax,51.5
2025-06-02,OVR,,,,,,,,,,,,rainrate_max,
2025-06-02,OVR,,,,,,,,,,,,rain_total_mm,
2025-06-02,OVR,,,,,,,,,,,,tmax,29.0
2025-06-02,OVR,,,,,,,,,,,,tmin,18.9
2025-06-02,OVR,,,,,,,,,,,,wind_dir_mean_deg,135.0
2025-06-03,OVR,,,,,,,,,,,,gustmax,53.1
2025-06-03,OVR,,,,,,,,,,,,rainrate_max,
2025-06-03,OVR,,,,,,,,,,,,rain_total_mm,
2025-06-03,OVR,,,,,,,,,,,,tmax,27.0
2025-06-03,OVR,,,,,,,,,,,,tmin,17.2
2025-06-03,OVR,,,,,,,,,,,,wind_dir_mean_deg,135.0
2025-06-04,OVR,,,,,,,,,,,,gustmax,37.0
2025-06-04,OVR,,,,,,,,,,,,rainrate_max,
2025-06-04,OVR,,,,,,,,,,,,rain_total_mm,
2025-06-04,OVR,,,,,,,,,,,,tmax,28.3
2025-06-04,OVR,,,,,,,,,,,,tmin,17.2
2025-06-04,OVR,,,,,,,,,,,,wind_dir_mean_deg,135.0
2025-06-05,OVR,,,,,,,,,,,,gustmax,40.2
2025-06-05,OVR,,,,,,,,,,,,rainrate_max,
2025-06-05,OVR,,,,,,,,,,,,rain_total_mm,
2025-06-05,OVR,,,,,,,,,,,,tmax,28.1
2025-06-05,OVR,,,,,,,,,,,,tmin,17.6
2025-06-05,OVR,,,,,,,,,,,,wind_dir_mean_deg,292.5
2025-06-06,OVR,,,,,,,,,,,,gustmax,33.8
2025-06-06,OVR,,,,,,,,,,,,rainrate_max,
2025-06-06,OVR,,,,,,,,,,,,rain_total_mm,
2025-06-06,OVR,,,,,,,,,,,,tmax,31.1
2025-06-06,OVR,,,,,,,,,,,,tmin,18.0
2025-06-06,OVR,,,,,,,,,,,,wind_dir_mean_deg,135.0
2025-06-07,OVR,,,,,,,,,,,,gustmax,38.6
2025-06-07,OVR,,,,,,,,,,,,rainrate_max,
2025-06-07,OVR,,,,,,,,,,,,rain_total_mm,
2025-06-07,OVR,,,,,,,,,,,,tmax,32.4
2025-06-07,OVR,,,,,,,,,,,,tmin,21.1
2025-06-07,OVR,,,,,,,,,,,,wind_dir_mean_deg,292.5
2025-06-08,OVR,,,,,,,,,,,,gustmax,43.5
2025-06-08,OVR,,,,,,,,,,,,rainrate_max,
2025-06-08,OVR,,,,,,,,,,,,rain_total_mm,
2025-06-08,OVR,,,,,,,,,,,,tmax,28.9
2025-06-08,OVR,,,,,,,,,,,,tmin,18.1
2025-06-08,OVR,,,,,,,,,,,,wind_dir_mean_deg,292.5
2025-06-09,OVR,,,,,,,,,,,,gustmax,46.7
2025-06-09,OVR,,,,,,,,,,,,rainrate_max,
2025-06-09,OVR,,,,,,,,,,,,rain_total_mm,
2025-06-09,OVR,,,,,,,,,,,,tmax,27.7
2025-06-09,OVR,,,,,,,,,,,,tmin,16.7
2025-06-09,OVR,,,,,,,,,,,,wind_dir_mean_deg,292.5
2025-06-10,OVR,,,,,,,,,,,,gustmax,51.5
2025-06-10,OVR,,,,,,,,,,,,rainrate_max,
2025-06-10,OVR,,,,,,,,,,,,rain_total_mm,
2025-06-10,OVR,,,,,,,,,,,,tmax,27.2
2025-06-10,OVR,,,,,,,,,,,,tmin,15.4
2025-06-10,OVR,,,,,,,,,,,,wind_dir_mean_deg,292.5
2025-06-11,OVR,,,,,,,,,,,,gustmax,38.6
2025-06-11,OVR,,,,,,,,,,,,rainrate_max,
2025-06-11,OVR,,,,,,,,,,,,rain_total_mm,
2025-06-11,OVR,,,,,,,,,,,,tmax,29.5
2025-06-11,OVR,,,,,,,,,,,,tmin,18.0
2025-06-11,OVR,,,,,,,,,,,,wind_dir_mean_deg,292.5
2025-06-12,OVR,,,,,,,,,,,,gustmax,40.2
2025-06-12,OVR,,,,,,,,,,,,rainrate_max,
2025-06-12,OVR,,,,,,,,,,,,rain_total_mm,
2025-06-12,OVR,,,,,,,,,,,,tmax,32.3
2025-06-12,OVR,,,,,,,,,,,,tmin,20.3
2025-06-12,OVR,,,,,,,,,,,,wind_dir_mean_deg,112.5
2025-06-13,OVR,,,,,,,,,,,,gustmax,32.2
2025-06-13,OVR,,,,,,,,,,,,rainrate_max,
2025-06-13,OVR,,,,,,,,,,,,rain_total_mm,
2025-06-13,OVR,,,,,,,,,,,,tmax,33.7
2025-06-13,OVR,,,,,,,,,,,,tmin,19.1
2025-06-13,OVR,,,,,,,,,,,,wind_dir_mean_deg,157.5
2025-06-14,OVR,,,,,,,,,,,,gustmax,35.4
2025-06-14,OVR,,,,,,,,,,,,rainrate_max,
2025-06-14,OVR,,,,,,,,,,,,rain_total_mm,
2025-06-14,OVR,,,,,,,,,,,,tmax,33.9
2025-06-14,OVR,,,,,,,,,,,,tmin,20.8
2025-06-14,OVR,,,,,,,,,,,,wind_dir_mean_deg,112.5
2025-06-15,OVR,,,,,,,,,,,,gustmax,45.1
2025-06-15,OVR,,,,,,,,,,,,rainrate_max,
2025-06-15,OVR,,,,,,,,,,,,rain_total_mm,
2025-06-15,OVR,,,,,,,,,,,,tmax,35.1
2025-06-15,OVR,,,,,,,,,,,,tmin,22.6
2025-06-15,OVR,,,,,,,,,,,,wind_dir_mean_deg,292.5
2025-06-16,OVR,,,,,,,,,,,,gustmax,48.3
2025-06-16,OVR,,,,,,,,,,,,rainrate_max,
2025-06-16,OVR,,,,,,,,,,,,rain_total_mm,
2025-06-16,OVR,,,,,,,,,,,,tmax,32.8
2025-06-16,OVR,,,,,,,,,,,,tmin,21.2
2025-06-16,OVR,,,,,,,,,,,,wind_dir_mean_deg,292.5
2025-06-17,OVR,,,,,,,,,,,,gustmax,43.5
2025-06-17,OVR,,,,,,,,,,,,rainrate_max,
2025-06-17,OVR,,,,,,,,,,,,rain_total_mm,
2025-06-17,OVR,,,,,,,,,,,,tmax,26.9
2025-06-17,OVR,,,,,,,,,,,,tmin,19.1
2025-06-17,OVR,,,,,,,,,,,,wind_dir_mean_deg,292.5
2025-06-18,OVR,,,,,,,,,,,,gustmax,46.7
2025-06-18,OVR,,,,,,,,,,,,rainrate_max,
2025-06-18,OVR,,,,,,,,,,,,rain_total_mm,
2025-06-18,OVR,,,,,,,,,,,,tmax,28.1
2025-06-18,OVR,,,,,,,,,,,,tmin,18.1
2025-06-18,OVR,,,,,,,,,,,,wind_dir_mean_deg,292.5
2025-06-19,OVR,,,,,,,,,,,,gustmax,43.5
2025-06-19,OVR,,,,,,,,,,,,rainrate_max,
2025-06-19,OVR,,,,,,,,,,,,rain_total_mm,
2025-06-19,OVR,,,,,,,,,,,,tmax,29.3
2025-06-19,OVR,,,,,,,,,,,,tmin,18.9
2025-06-19,OVR,,,,,,,,,,,,wind_dir_mean_deg,292.5
2025-06-20,OVR,,,,,,,,,,,,gustmax,57.9
2025-06-20,OVR,,,,,,,,,,,,rainrate_max,
2025-06-20,OVR,,,,,,,,,,,,rain_total_mm,
2025-06-20,OVR,,,,,,,,,,,,tmax,30.8
2025-06-20,OVR,,,,,,,,,,,,tmin,19.4
2025-06-20,OVR,,,,,,,,,,,,wind_dir_mean_deg,292.5
2025-06-21,OVR,,,,,,,,,,,,gustmax,40.2
2025-06-21,OVR,,,,,,,,,,,,rainrate_max,
2025-06-21,OVR,,,,,,,,,,,,rain_total_mm,
2025-06-21,OVR,,,,,,,,,,,,tmax,31.9
2025-06-21,OVR,,,,,,,,,,,,tmin,19.3
2025-06-21,OVR,,,,,,,,,,,,wind_dir_mean_deg,292.5
2025-06-22,OVR,,,,,,,,,,,,gustmax,41.8
2025-06-22,OVR,,,,,,,,,,,,rainrate_max,
2025-06-22,OVR,,,,,,,,,,,,rain_total_mm,
2025-06-22,OVR,,,,,,,,,,,,tmax,34.3
2025-06-22,OVR,,,,,,,,,,,,tmin,21.1
2025-06-22,OVR,,,,,,,,,,,,wind_dir_mean_deg,112.5
2025-06-23,OVR,,,,,,,,,,,,gustmax,46.7
2025-06-23,OVR,,,,,,,,,,,,rainrate_max,
2025-06-23,OVR,,,,,,,,,,,,rain_total_mm,
2025-06-23,OVR,,,,,,,,,,,,tmax,32.0
2025-06-23,OVR,,,,,,,,,,,,tmin,21.8
2025-06-23,OVR,,,,,,,,,,,,wind_dir_mean_deg,292.5
2025-06-24,OVR,,,,,,,,,,,,gustmax,46.7
2025-06-24,OVR,,,,,,,,,,,,rainrate_max,
2025-06-24,OVR,,,,,,,,,,,,rain_total_mm,
2025-06-24,OVR,,,,,,,,,,,,tmax,31.4
2025-06-24,OVR,,,,,,,,,,,,tmin,19.8
2025-06-24,OVR,,,,,,,,,,,,wind_dir_mean_deg,292.5
2025-06-25,OVR,,,,,,,,,,,,gustmax,37.0
2025-06-25,OVR,,,,,,,,,,,,rainrate_max,
2025-06-25,OVR,,,,,,,,,,,,rain_total_mm,
2025-06-25,OVR,,,,,,,,,,,,tmax,36.3
2025-06-25,OVR,,,,,,,,,,,,tmin,21.2
2025-06-25,OVR,,,,,,,,,,,,wind_dir_mean_deg,292.5
2025-06-26,OVR,,,,,,,,,,,,gustmax,40.2
2025-06-26,OVR,,,,,,,,,,,,rainrate_max,
2025-06-26,OVR,,,,,,,,,,,,rain_total_mm,
2025-06-26,OVR,,,,,,,,,,,,tmax,35.6
2025-06-26,OVR,,,,,,,,,,,,tmin,22.6
2025-06-26,OVR,,,,,,,,,,,,wind_dir_mean_deg,292.5
2025-06-27,OVR,,,,,,,,,,,,gustmax,49.9
2025-06-27,OVR,,,,,,,,,,,,rainrate_max,
2025-06-27,OVR,,,,,,,,,,,,rain_total_mm,
2025-06-27,OVR,,,,,,,,,,,,tmax,31.1
2025-06-27,OVR,,,,,,,,,,,,tmin,21.8
2025-06-27,OVR,,,,,,,,,,,,wind_dir_mean_deg,292.5
2025-06-28,OVR,,,,,,,,,,,,gustmax,41.8
2025-06-28,OVR,,,,,,,,,,,,rainrate_max,
2025-06-28,OVR,,,,,,,,,,,,rain_total_mm,
2025-06-28,OVR,,,,,,,,,,,,tmax,32.4
2025-06-28,OVR,,,,,,,,,,,,tmin,20.0
2025-06-28,OVR,,,,,,,,,,,,wind_dir_mean_deg,292.5
2025-06-29,OVR,,,,,,,,,,,,gustmax,53.1
2025-06-29,OVR,,,,,,,,,,,,rainrate_max,
2025-06-29,OVR,,,,,,,,,,,,rain_total_mm,
2025-06-29,OVR,,,,,,,,,,,,tmax,34.3
2025-06-29,OVR,,,,,,,,,,,,tmin,21.7
2025-06-29,OVR,,,,,,,,,,,,wind_dir_mean_deg,292.5
2025-06-30,OVR,,,,,,,,,,,,gustmax,46.7
2025-06-30,OVR,,,,,,,,,,,,rainrate_max,
2025-06-30,OVR,,,,,,,,,,,,rain_total_mm,
2025-06-30,OVR,,,,,,,,,,,,tmax,34.6
2025-06-30,OVR,,,,,,,,,,,,tmin,21.9
2025-06-30,OVR,,,,,,,,,,,,wind_dir_mean_deg,135.0
